ISO-10303-21;
HEADER;
/* Generated by software containing ST-Developer
 * from STEP Tools, Inc. (www.steptools.com) 
 */

FILE_DESCRIPTION(
/* description */ ('HOOPS Exchange Step'),
/* implementation_level */ '2;1');

FILE_NAME(
/* name */ 'Harness_pro9.step',
/* time_stamp */ '2026-10-05T19:27:06+07:00',
/* author */ (''),
/* organization */ (''),
/* preprocessor_version */ 'ST-DEVELOPER v20.1',
/* originating_system */ 'Autodesk Translation Framework v15.8.0.0',
/* authorisation */ '');

FILE_SCHEMA (('AUTOMOTIVE_DESIGN { 1 0 10303 214 3 1 1 }'));
ENDSEC;

DATA;
#10=MECHANICAL_DESIGN_GEOMETRIC_PRESENTATION_REPRESENTATION('',(#984,#985,
#986,#987,#988,#989,#990,#991,#992,#993,#994,#995),#15181);
#11=(
BOUNDED_SURFACE()
B_SPLINE_SURFACE(1,2,((#15117,#15118,#15119),(#15120,#15121,#15122)),
 .UNSPECIFIED.,.F.,.F.,.F.)
B_SPLINE_SURFACE_WITH_KNOTS((2,2),(3,3),(0.,1.47702328105551),(0.785398127435401,
2.35619445422849),.UNSPECIFIED.)
GEOMETRIC_REPRESENTATION_ITEM()
RATIONAL_B_SPLINE_SURFACE(((1.,0.707106781187187,1.),(1.,0.707106781187187,
1.)))
REPRESENTATION_ITEM('')
SURFACE()
);
#12=(
BOUNDED_SURFACE()
B_SPLINE_SURFACE(1,2,((#15124,#15125,#15126),(#15127,#15128,#15129)),
 .UNSPECIFIED.,.F.,.F.,.F.)
B_SPLINE_SURFACE_WITH_KNOTS((2,2),(3,3),(0.,0.820568652670758),(-3.92699084695743,
-2.35619452016072),.UNSPECIFIED.)
GEOMETRIC_REPRESENTATION_ITEM()
RATIONAL_B_SPLINE_SURFACE(((1.,0.707106781185908,1.),(1.,0.707106781185908,
1.)))
REPRESENTATION_ITEM('')
SURFACE()
);
#13=(
BOUNDED_SURFACE()
B_SPLINE_SURFACE(1,2,((#15135,#15136,#15137),(#15138,#15139,#15140)),
 .UNSPECIFIED.,.F.,.F.,.F.)
B_SPLINE_SURFACE_WITH_KNOTS((2,2),(3,3),(-4.22588435541692E-17,1.47702323598949),
(-3.92699084695743,-2.35619451198088),.UNSPECIFIED.)
GEOMETRIC_REPRESENTATION_ITEM()
RATIONAL_B_SPLINE_SURFACE(((1.,0.707106778293898,1.),(1.,0.707106778293898,
1.)))
REPRESENTATION_ITEM('')
SURFACE()
);
#14=(
BOUNDED_SURFACE()
B_SPLINE_SURFACE(1,2,((#15141,#15142,#15143),(#15144,#15145,#15146)),
 .UNSPECIFIED.,.F.,.F.,.F.)
B_SPLINE_SURFACE_WITH_KNOTS((2,2),(3,3),(-1.77627939787846E-17,0.820568567666875),
(0.785398119255657,2.35619445422848),.UNSPECIFIED.)
GEOMETRIC_REPRESENTATION_ITEM()
RATIONAL_B_SPLINE_SURFACE(((1.,0.707106778295212,1.),(1.,0.707106778295212,
1.)))
REPRESENTATION_ITEM('')
SURFACE()
);
#15=ELLIPSE('',#8847,3.52260486950594,3.);
#16=ELLIPSE('',#8848,3.52260486950594,3.);
#17=ELLIPSE('',#8849,3.52260486950594,3.);
#18=ELLIPSE('',#8850,3.52260486950594,3.);
#19=ELLIPSE('',#8851,0.587100811584322,0.499999999999998);
#20=ELLIPSE('',#8852,0.587100811584325,0.500000000000001);
#21=ELLIPSE('',#8853,0.587100811584325,0.500000000000001);
#22=ELLIPSE('',#8854,0.587100811584325,0.500000000000001);
#23=ELLIPSE('',#8855,0.587100811584322,0.499999999999998);
#24=ELLIPSE('',#8856,0.587100811584325,0.500000000000001);
#25=ELLIPSE('',#8857,0.587100811584322,0.499999999999998);
#26=ELLIPSE('',#8858,0.587100811584322,0.499999999999998);
#27=ELLIPSE('',#8859,0.587100811584322,0.499999999999998);
#28=ELLIPSE('',#8860,0.587100811584325,0.500000000000001);
#29=ELLIPSE('',#8861,0.587100811584325,0.500000000000001);
#30=ELLIPSE('',#8862,0.587100811584325,0.500000000000001);
#31=ELLIPSE('',#8863,0.587100811584322,0.499999999999998);
#32=ELLIPSE('',#8864,0.587100811584324,0.5);
#33=ELLIPSE('',#8865,0.587100811584325,0.500000000000001);
#34=ELLIPSE('',#8866,0.587100811584324,0.5);
#35=ELLIPSE('',#8867,0.587100811584322,0.499999999999998);
#36=ELLIPSE('',#8868,0.587100811584324,0.5);
#37=ELLIPSE('',#8869,0.587100811584324,0.5);
#38=ELLIPSE('',#8870,0.587100811584322,0.499999999999998);
#39=ELLIPSE('',#8871,0.587100811584325,0.500000000000001);
#40=ELLIPSE('',#8872,0.587100811584322,0.499999999999998);
#41=ELLIPSE('',#8873,0.587100811584322,0.499999999999998);
#42=ELLIPSE('',#8874,0.587100811584325,0.500000000000001);
#43=ELLIPSE('',#8875,0.587100811584325,0.500000000000001);
#44=ELLIPSE('',#8876,0.587100811584324,0.5);
#45=ELLIPSE('',#8877,0.587100811584322,0.499999999999998);
#46=ELLIPSE('',#8878,0.587100811584325,0.500000000000001);
#47=ELLIPSE('',#8879,0.587100811584325,0.500000000000001);
#48=ELLIPSE('',#8880,0.587100811584325,0.500000000000001);
#49=ELLIPSE('',#8881,0.587100811584324,0.5);
#50=ELLIPSE('',#8882,0.587100811584324,0.5);
#51=ELLIPSE('',#8883,0.587100811584324,0.5);
#52=ELLIPSE('',#8884,0.587100811584325,0.500000000000001);
#53=ELLIPSE('',#8885,0.587100811584324,0.5);
#54=ELLIPSE('',#8886,0.587100811584322,0.499999999999998);
#55=ELLIPSE('',#8887,0.587100811584325,0.500000000000001);
#56=ELLIPSE('',#8888,0.587100811584324,0.5);
#57=ELLIPSE('',#8889,0.587100811584322,0.499999999999998);
#58=ELLIPSE('',#8890,0.587100811584325,0.500000000000001);
#59=ELLIPSE('',#8891,0.587100811584325,0.500000000000001);
#60=ELLIPSE('',#8892,0.587100811584325,0.500000000000001);
#61=ELLIPSE('',#8893,0.587100811584325,0.500000000000001);
#62=ELLIPSE('',#8894,0.587100811584322,0.499999999999998);
#63=ELLIPSE('',#8895,0.587100811584322,0.499999999999998);
#64=ELLIPSE('',#8896,0.587100811584322,0.499999999999998);
#65=ELLIPSE('',#8897,0.587100811584324,0.5);
#66=ELLIPSE('',#8898,0.587100811584325,0.500000000000001);
#67=ELLIPSE('',#8899,0.587100811584324,0.5);
#68=ELLIPSE('',#8900,0.587100811584322,0.499999999999998);
#69=ELLIPSE('',#8901,0.587100811584324,0.5);
#70=ELLIPSE('',#8902,0.587100811584322,0.499999999999998);
#71=ELLIPSE('',#8903,0.587100811584322,0.499999999999998);
#72=ELLIPSE('',#8904,0.587100811584322,0.499999999999998);
#73=ELLIPSE('',#8905,0.587100811584325,0.500000000000001);
#74=ELLIPSE('',#8906,0.587100811584322,0.499999999999998);
#75=ELLIPSE('',#8907,0.587100811584325,0.500000000000001);
#76=ELLIPSE('',#8908,0.587100811584322,0.499999999999998);
#77=ELLIPSE('',#8909,0.587100811584322,0.499999999999998);
#78=ELLIPSE('',#8910,0.587100811584325,0.500000000000001);
#79=ELLIPSE('',#8911,0.587100811584322,0.499999999999998);
#80=ELLIPSE('',#8912,0.587100811584325,0.500000000000001);
#81=ELLIPSE('',#8913,0.587100811584325,0.500000000000001);
#82=ELLIPSE('',#8914,0.587100811584325,0.500000000000001);
#83=ELLIPSE('',#8915,0.587100811584325,0.500000000000001);
#84=ELLIPSE('',#8916,0.587100811584322,0.499999999999998);
#85=ELLIPSE('',#8917,0.587100811584322,0.499999999999998);
#86=ELLIPSE('',#8918,0.587100811584325,0.500000000000001);
#87=ELLIPSE('',#8919,0.587100811584325,0.500000000000001);
#88=ELLIPSE('',#8920,0.587100811584322,0.499999999999998);
#89=ELLIPSE('',#8921,0.587100811584324,0.5);
#90=ELLIPSE('',#8922,0.587100811584324,0.5);
#91=ELLIPSE('',#8923,0.587100811584322,0.499999999999998);
#92=ELLIPSE('',#8924,0.587100811584325,0.500000000000001);
#93=ELLIPSE('',#8925,0.587100811584325,0.500000000000001);
#94=ELLIPSE('',#8926,0.587100811584322,0.499999999999998);
#95=ELLIPSE('',#8927,0.587100811584322,0.499999999999998);
#96=ELLIPSE('',#8928,0.587100811584322,0.499999999999998);
#97=ELLIPSE('',#8929,0.587100811584322,0.499999999999998);
#98=ELLIPSE('',#8930,0.587100811584324,0.5);
#99=ELLIPSE('',#8931,0.587100811584324,0.5);
#100=ELLIPSE('',#8932,0.587100811584322,0.499999999999998);
#101=ELLIPSE('',#8933,0.587100811584322,0.499999999999998);
#102=ELLIPSE('',#8934,0.587100811584325,0.500000000000001);
#103=ELLIPSE('',#8935,0.587100811584322,0.499999999999998);
#104=ELLIPSE('',#8936,0.587100811584325,0.500000000000001);
#105=ELLIPSE('',#8937,0.587100811584322,0.499999999999998);
#106=ELLIPSE('',#8938,0.587100811584322,0.499999999999998);
#107=ELLIPSE('',#8939,0.587100811584322,0.499999999999998);
#108=ELLIPSE('',#8940,0.587100811584325,0.500000000000001);
#109=ELLIPSE('',#8941,0.587100811584325,0.500000000000001);
#110=ELLIPSE('',#8942,0.587100811584325,0.500000000000001);
#111=ELLIPSE('',#8943,0.587100811584325,0.500000000000001);
#112=ELLIPSE('',#8944,0.587100811584325,0.500000000000001);
#113=ELLIPSE('',#8945,0.587100811584325,0.500000000000001);
#114=ELLIPSE('',#8946,0.587100811584325,0.500000000000001);
#115=ELLIPSE('',#8947,0.587100811584324,0.5);
#116=ELLIPSE('',#8948,0.587100811584325,0.500000000000001);
#117=ELLIPSE('',#8949,0.587100811584322,0.499999999999998);
#118=ELLIPSE('',#8950,0.587100811584322,0.499999999999998);
#119=ELLIPSE('',#8951,0.587100811584324,0.5);
#120=ELLIPSE('',#8952,0.587100811584325,0.500000000000001);
#121=ELLIPSE('',#8953,0.587100811584322,0.499999999999998);
#122=ELLIPSE('',#8954,0.587100811584322,0.499999999999998);
#123=ELLIPSE('',#8955,0.587100811584325,0.500000000000001);
#124=ELLIPSE('',#8956,0.587100811584325,0.500000000000001);
#125=ELLIPSE('',#8957,0.587100811584325,0.500000000000001);
#126=ELLIPSE('',#8958,0.587100811584325,0.500000000000001);
#127=ELLIPSE('',#8959,0.587100811584325,0.500000000000001);
#128=ELLIPSE('',#8960,0.587100811584322,0.499999999999998);
#129=ELLIPSE('',#8961,0.587100811584322,0.499999999999998);
#130=ELLIPSE('',#8962,0.587100811584325,0.500000000000001);
#131=ELLIPSE('',#8963,0.587100811584325,0.500000000000001);
#132=ELLIPSE('',#8964,0.587100811584325,0.500000000000001);
#133=ELLIPSE('',#8965,0.587100811584322,0.499999999999998);
#134=ELLIPSE('',#8966,0.587100811584322,0.499999999999998);
#135=ELLIPSE('',#8967,0.587100811584325,0.500000000000001);
#136=ELLIPSE('',#8968,0.587100811584325,0.500000000000001);
#137=ELLIPSE('',#8969,0.587100811584322,0.499999999999998);
#138=ELLIPSE('',#8970,0.587100811584322,0.499999999999998);
#139=ELLIPSE('',#8971,0.587100811584322,0.499999999999998);
#140=ELLIPSE('',#8972,0.587100811584322,0.499999999999998);
#141=ELLIPSE('',#8973,0.587100811584325,0.500000000000001);
#142=ELLIPSE('',#8974,0.587100811584325,0.500000000000001);
#143=ELLIPSE('',#8975,0.587100811584324,0.5);
#144=ELLIPSE('',#8976,0.587100811584322,0.499999999999998);
#145=ELLIPSE('',#8977,0.587100811584325,0.500000000000001);
#146=ELLIPSE('',#8978,0.587100811584325,0.500000000000001);
#147=ELLIPSE('',#8979,0.587100811584325,0.500000000000001);
#148=ELLIPSE('',#8980,0.587100811584325,0.500000000000001);
#149=ELLIPSE('',#8981,0.587100811584325,0.500000000000001);
#150=ELLIPSE('',#8982,0.587100811584322,0.499999999999998);
#151=ELLIPSE('',#8989,1.93227103898916,0.500000000000003);
#152=ELLIPSE('',#8990,1.93227103898916,0.500000000000003);
#153=ELLIPSE('',#8991,1.93227103898916,0.500000000000003);
#154=ELLIPSE('',#8992,1.93227103898915,0.500000000000001);
#155=ELLIPSE('',#8993,1.93227103898915,0.500000000000001);
#156=ELLIPSE('',#8994,1.93227103898915,0.500000000000001);
#157=ELLIPSE('',#8995,1.93227103898915,0.500000000000001);
#158=ELLIPSE('',#8996,1.93227103898916,0.500000000000003);
#159=ELLIPSE('',#8997,1.93227103898916,0.500000000000003);
#160=ELLIPSE('',#8998,1.93227103898916,0.500000000000003);
#161=ELLIPSE('',#8999,1.93227103898915,0.500000000000001);
#162=ELLIPSE('',#9000,1.93227103898916,0.500000000000003);
#163=ELLIPSE('',#9001,1.93227103898916,0.500000000000003);
#164=ELLIPSE('',#9002,1.93227103898916,0.500000000000003);
#165=ELLIPSE('',#9003,1.93227103898915,0.500000000000001);
#166=ELLIPSE('',#9004,1.93227103898916,0.500000000000003);
#167=ELLIPSE('',#9005,1.93227103898916,0.500000000000003);
#168=ELLIPSE('',#9006,1.93227103898915,0.500000000000001);
#169=ELLIPSE('',#9007,1.93227103898915,0.500000000000001);
#170=ELLIPSE('',#9008,1.93227103898915,0.500000000000001);
#171=ELLIPSE('',#9009,1.93227103898916,0.500000000000003);
#172=ELLIPSE('',#9010,1.93227103898916,0.500000000000003);
#173=ELLIPSE('',#9011,1.93227103898916,0.500000000000003);
#174=ELLIPSE('',#9012,1.93227103898916,0.500000000000003);
#175=ELLIPSE('',#9013,1.93227103898916,0.500000000000003);
#176=ELLIPSE('',#9014,1.93227103898916,0.500000000000003);
#177=ELLIPSE('',#9015,1.93227103898915,0.500000000000001);
#178=ELLIPSE('',#9016,1.93227103898916,0.500000000000003);
#179=ELLIPSE('',#9017,1.93227103898916,0.500000000000003);
#180=ELLIPSE('',#9018,1.93227103898915,0.500000000000001);
#181=ELLIPSE('',#9019,1.93227103898916,0.500000000000003);
#182=ELLIPSE('',#9020,1.93227103898915,0.500000000000001);
#183=ELLIPSE('',#9021,1.93227103898915,0.500000000000001);
#184=ELLIPSE('',#9022,1.93227103898916,0.500000000000003);
#185=ELLIPSE('',#9023,1.93227103898916,0.500000000000003);
#186=ELLIPSE('',#9024,1.93227103898915,0.500000000000001);
#187=ELLIPSE('',#9025,1.93227103898916,0.500000000000003);
#188=ELLIPSE('',#9026,1.93227103898915,0.500000000000001);
#189=ELLIPSE('',#9027,1.93227103898915,0.500000000000001);
#190=ELLIPSE('',#9028,1.93227103898916,0.500000000000003);
#191=ELLIPSE('',#9029,1.93227103898915,0.500000000000001);
#192=ELLIPSE('',#9030,1.93227103898916,0.500000000000003);
#193=ELLIPSE('',#9031,1.93227103898915,0.500000000000001);
#194=ELLIPSE('',#9032,1.93227103898915,0.500000000000001);
#195=ELLIPSE('',#9033,1.93227103898916,0.500000000000003);
#196=ELLIPSE('',#9034,1.93227103898915,0.500000000000001);
#197=ELLIPSE('',#9035,1.93227103898916,0.500000000000003);
#198=ELLIPSE('',#9036,1.93227103898916,0.500000000000003);
#199=ELLIPSE('',#9037,1.93227103898916,0.500000000000003);
#200=ELLIPSE('',#9038,1.93227103898916,0.500000000000003);
#201=ELLIPSE('',#9039,1.93227103898915,0.500000000000001);
#202=ELLIPSE('',#9040,1.93227103898915,0.500000000000001);
#203=ELLIPSE('',#9041,1.93227103898916,0.500000000000003);
#204=ELLIPSE('',#9042,1.93227103898916,0.500000000000003);
#205=ELLIPSE('',#9043,1.93227103898916,0.500000000000003);
#206=ELLIPSE('',#9044,1.93227103898916,0.500000000000003);
#207=ELLIPSE('',#9045,1.93227103898915,0.500000000000001);
#208=ELLIPSE('',#9046,1.93227103898916,0.500000000000003);
#209=ELLIPSE('',#9047,1.93227103898916,0.500000000000003);
#210=ELLIPSE('',#9048,1.93227103898915,0.500000000000001);
#211=ELLIPSE('',#9049,1.93227103898915,0.500000000000001);
#212=ELLIPSE('',#9050,1.93227103898915,0.500000000000001);
#213=ELLIPSE('',#9051,1.93227103898916,0.500000000000003);
#214=ELLIPSE('',#9052,1.93227103898916,0.500000000000003);
#215=ELLIPSE('',#9053,1.93227103898915,0.500000000000001);
#216=ELLIPSE('',#9054,1.93227103898915,0.500000000000001);
#217=ELLIPSE('',#9055,1.93227103898916,0.500000000000003);
#218=ELLIPSE('',#9056,1.93227103898915,0.500000000000001);
#219=ELLIPSE('',#9057,1.93227103898915,0.500000000000001);
#220=ELLIPSE('',#9058,1.93227103898916,0.500000000000003);
#221=ELLIPSE('',#9059,1.93227103898916,0.500000000000003);
#222=ELLIPSE('',#9060,1.93227103898916,0.500000000000003);
#223=ELLIPSE('',#9061,1.93227103898916,0.500000000000003);
#224=ELLIPSE('',#9062,1.93227103898916,0.500000000000003);
#225=ELLIPSE('',#9063,1.93227103898916,0.500000000000003);
#226=ELLIPSE('',#9064,1.93227103898915,0.500000000000001);
#227=ELLIPSE('',#9065,1.93227103898915,0.500000000000001);
#228=ELLIPSE('',#9066,1.93227103898916,0.500000000000003);
#229=ELLIPSE('',#9067,1.93227103898916,0.500000000000003);
#230=ELLIPSE('',#9068,1.93227103898916,0.500000000000003);
#231=ELLIPSE('',#9069,1.93227103898916,0.500000000000003);
#232=ELLIPSE('',#9070,1.93227103898915,0.500000000000001);
#233=ELLIPSE('',#9071,1.93227103898915,0.500000000000001);
#234=ELLIPSE('',#9072,1.93227103898916,0.500000000000003);
#235=ELLIPSE('',#9073,1.93227103898915,0.500000000000001);
#236=ELLIPSE('',#9074,1.93227103898916,0.500000000000003);
#237=ELLIPSE('',#9075,1.93227103898916,0.500000000000003);
#238=ELLIPSE('',#9076,1.93227103898915,0.500000000000001);
#239=ELLIPSE('',#9077,1.93227103898915,0.500000000000001);
#240=ELLIPSE('',#9078,1.93227103898916,0.500000000000003);
#241=ELLIPSE('',#9079,1.93227103898916,0.500000000000003);
#242=ELLIPSE('',#9080,1.93227103898916,0.500000000000003);
#243=ELLIPSE('',#9081,1.93227103898915,0.500000000000001);
#244=ELLIPSE('',#9082,1.93227103898916,0.500000000000003);
#245=ELLIPSE('',#9083,1.93227103898916,0.500000000000003);
#246=ELLIPSE('',#9084,1.93227103898916,0.500000000000003);
#247=ELLIPSE('',#9085,1.93227103898916,0.500000000000003);
#248=ELLIPSE('',#9086,1.93227103898916,0.500000000000003);
#249=ELLIPSE('',#9087,1.93227103898915,0.500000000000001);
#250=ELLIPSE('',#9097,1.93227103898916,0.500000000000003);
#251=ELLIPSE('',#9098,1.93227103898916,0.500000000000003);
#252=ELLIPSE('',#9099,1.93227103898915,0.500000000000001);
#253=ELLIPSE('',#9100,1.93227103898916,0.500000000000003);
#254=ELLIPSE('',#9101,1.93227103898915,0.500000000000001);
#255=ELLIPSE('',#9102,1.93227103898916,0.500000000000003);
#256=ELLIPSE('',#9103,1.93227103898915,0.500000000000001);
#257=ELLIPSE('',#9104,1.93227103898916,0.500000000000003);
#258=ELLIPSE('',#9105,1.93227103898916,0.500000000000003);
#259=ELLIPSE('',#9106,1.93227103898915,0.500000000000001);
#260=ELLIPSE('',#9107,1.93227103898915,0.500000000000001);
#261=ELLIPSE('',#9108,1.93227103898916,0.500000000000003);
#262=ELLIPSE('',#9109,1.93227103898916,0.500000000000003);
#263=ELLIPSE('',#9110,1.93227103898916,0.500000000000003);
#264=ELLIPSE('',#9111,1.93227103898916,0.500000000000003);
#265=ELLIPSE('',#9112,1.93227103898916,0.500000000000003);
#266=ELLIPSE('',#9113,1.93227103898915,0.500000000000001);
#267=ELLIPSE('',#9114,1.93227103898915,0.500000000000001);
#268=ELLIPSE('',#9115,1.93227103898916,0.500000000000003);
#269=ELLIPSE('',#9116,1.93227103898915,0.500000000000001);
#270=ELLIPSE('',#9117,1.93227103898915,0.500000000000001);
#271=ELLIPSE('',#9118,1.93227103898916,0.500000000000003);
#272=ELLIPSE('',#9119,1.93227103898915,0.500000000000001);
#273=ELLIPSE('',#9120,1.93227103898916,0.500000000000003);
#274=ELLIPSE('',#9121,1.93227103898915,0.500000000000001);
#275=ELLIPSE('',#9122,1.93227103898915,0.500000000000001);
#276=ELLIPSE('',#9123,1.93227103898915,0.500000000000001);
#277=ELLIPSE('',#9124,1.93227103898915,0.500000000000001);
#278=ELLIPSE('',#9125,1.93227103898916,0.500000000000003);
#279=ELLIPSE('',#9126,1.93227103898916,0.500000000000003);
#280=ELLIPSE('',#9127,1.93227103898916,0.500000000000003);
#281=ELLIPSE('',#9128,1.93227103898916,0.500000000000003);
#282=ELLIPSE('',#9129,1.93227103898915,0.500000000000001);
#283=ELLIPSE('',#9130,1.93227103898916,0.500000000000003);
#284=ELLIPSE('',#9131,1.93227103898916,0.500000000000003);
#285=ELLIPSE('',#9132,1.93227103898915,0.500000000000001);
#286=ELLIPSE('',#9133,1.93227103898916,0.500000000000003);
#287=ELLIPSE('',#9134,1.93227103898915,0.500000000000001);
#288=ELLIPSE('',#9135,1.93227103898915,0.500000000000001);
#289=ELLIPSE('',#9136,1.93227103898916,0.500000000000003);
#290=ELLIPSE('',#9137,1.93227103898916,0.500000000000003);
#291=ELLIPSE('',#9138,1.93227103898915,0.500000000000001);
#292=ELLIPSE('',#9139,1.93227103898915,0.500000000000001);
#293=ELLIPSE('',#9140,1.93227103898916,0.500000000000003);
#294=ELLIPSE('',#9141,1.93227103898915,0.500000000000001);
#295=ELLIPSE('',#9142,1.93227103898915,0.500000000000001);
#296=ELLIPSE('',#9143,1.93227103898916,0.500000000000003);
#297=ELLIPSE('',#9144,1.93227103898916,0.500000000000003);
#298=ELLIPSE('',#9145,1.93227103898916,0.500000000000003);
#299=ELLIPSE('',#9146,1.93227103898916,0.500000000000003);
#300=ELLIPSE('',#9147,1.93227103898916,0.500000000000003);
#301=ELLIPSE('',#9148,1.93227103898915,0.500000000000001);
#302=ELLIPSE('',#9149,1.93227103898915,0.500000000000001);
#303=ELLIPSE('',#9150,1.93227103898916,0.500000000000003);
#304=ELLIPSE('',#9151,1.93227103898916,0.500000000000003);
#305=ELLIPSE('',#9152,1.93227103898916,0.500000000000003);
#306=ELLIPSE('',#9153,1.93227103898916,0.500000000000003);
#307=ELLIPSE('',#9154,1.93227103898916,0.500000000000003);
#308=ELLIPSE('',#9155,1.93227103898915,0.500000000000001);
#309=ELLIPSE('',#9156,1.93227103898916,0.500000000000003);
#310=ELLIPSE('',#9157,1.93227103898916,0.500000000000003);
#311=ELLIPSE('',#9158,1.93227103898916,0.500000000000003);
#312=ELLIPSE('',#9159,1.93227103898916,0.500000000000003);
#313=ELLIPSE('',#9160,1.93227103898916,0.500000000000003);
#314=ELLIPSE('',#9161,1.93227103898916,0.500000000000003);
#315=ELLIPSE('',#9162,1.93227103898915,0.500000000000001);
#316=ELLIPSE('',#9164,0.587100811584322,0.499999999999998);
#317=ELLIPSE('',#9165,0.587100811584325,0.500000000000001);
#318=ELLIPSE('',#9166,0.587100811584325,0.500000000000001);
#319=ELLIPSE('',#9167,0.587100811584325,0.500000000000001);
#320=ELLIPSE('',#9168,0.587100811584325,0.500000000000001);
#321=ELLIPSE('',#9169,0.587100811584325,0.500000000000001);
#322=ELLIPSE('',#9170,0.587100811584322,0.499999999999998);
#323=ELLIPSE('',#9171,0.587100811584324,0.5);
#324=ELLIPSE('',#9172,0.587100811584325,0.500000000000001);
#325=ELLIPSE('',#9173,0.587100811584325,0.500000000000001);
#326=ELLIPSE('',#9174,0.587100811584322,0.499999999999998);
#327=ELLIPSE('',#9175,0.587100811584322,0.499999999999998);
#328=ELLIPSE('',#9176,0.587100811584322,0.499999999999998);
#329=ELLIPSE('',#9177,0.587100811584322,0.499999999999998);
#330=ELLIPSE('',#9178,0.587100811584325,0.500000000000001);
#331=ELLIPSE('',#9179,0.587100811584325,0.500000000000001);
#332=ELLIPSE('',#9180,0.587100811584322,0.499999999999998);
#333=ELLIPSE('',#9181,0.587100811584322,0.499999999999998);
#334=ELLIPSE('',#9182,0.587100811584325,0.500000000000001);
#335=ELLIPSE('',#9183,0.587100811584325,0.500000000000001);
#336=ELLIPSE('',#9184,0.587100811584325,0.500000000000001);
#337=ELLIPSE('',#9185,0.587100811584322,0.499999999999998);
#338=ELLIPSE('',#9186,0.587100811584322,0.499999999999998);
#339=ELLIPSE('',#9187,0.587100811584325,0.500000000000001);
#340=ELLIPSE('',#9188,0.587100811584325,0.500000000000001);
#341=ELLIPSE('',#9189,0.587100811584325,0.500000000000001);
#342=ELLIPSE('',#9190,0.587100811584325,0.500000000000001);
#343=ELLIPSE('',#9191,0.587100811584325,0.500000000000001);
#344=ELLIPSE('',#9192,0.587100811584322,0.499999999999998);
#345=ELLIPSE('',#9193,0.587100811584322,0.499999999999998);
#346=ELLIPSE('',#9194,0.587100811584325,0.500000000000001);
#347=ELLIPSE('',#9195,0.587100811584324,0.5);
#348=ELLIPSE('',#9196,0.587100811584322,0.499999999999998);
#349=ELLIPSE('',#9197,0.587100811584322,0.499999999999998);
#350=ELLIPSE('',#9198,0.587100811584325,0.500000000000001);
#351=ELLIPSE('',#9199,0.587100811584324,0.5);
#352=ELLIPSE('',#9200,0.587100811584325,0.500000000000001);
#353=ELLIPSE('',#9201,0.587100811584325,0.500000000000001);
#354=ELLIPSE('',#9202,0.587100811584325,0.500000000000001);
#355=ELLIPSE('',#9203,0.587100811584325,0.500000000000001);
#356=ELLIPSE('',#9204,0.587100811584325,0.500000000000001);
#357=ELLIPSE('',#9205,0.587100811584325,0.500000000000001);
#358=ELLIPSE('',#9206,0.587100811584325,0.500000000000001);
#359=ELLIPSE('',#9207,0.587100811584322,0.499999999999998);
#360=ELLIPSE('',#9208,0.587100811584322,0.499999999999998);
#361=ELLIPSE('',#9209,0.587100811584322,0.499999999999998);
#362=ELLIPSE('',#9210,0.587100811584325,0.500000000000001);
#363=ELLIPSE('',#9211,0.587100811584322,0.499999999999998);
#364=ELLIPSE('',#9212,0.587100811584325,0.500000000000001);
#365=ELLIPSE('',#9213,0.587100811584322,0.499999999999998);
#366=ELLIPSE('',#9214,0.587100811584322,0.499999999999998);
#367=ELLIPSE('',#9215,0.587100811584324,0.5);
#368=ELLIPSE('',#9216,0.587100811584324,0.5);
#369=ELLIPSE('',#9217,0.587100811584322,0.499999999999998);
#370=ELLIPSE('',#9218,0.587100811584322,0.499999999999998);
#371=ELLIPSE('',#9219,0.587100811584322,0.499999999999998);
#372=ELLIPSE('',#9220,0.587100811584322,0.499999999999998);
#373=ELLIPSE('',#9221,0.587100811584325,0.500000000000001);
#374=ELLIPSE('',#9222,0.587100811584325,0.500000000000001);
#375=ELLIPSE('',#9223,0.587100811584322,0.499999999999998);
#376=ELLIPSE('',#9224,0.587100811584324,0.5);
#377=ELLIPSE('',#9225,0.587100811584324,0.5);
#378=ELLIPSE('',#9226,0.587100811584322,0.499999999999998);
#379=ELLIPSE('',#9227,0.587100811584325,0.500000000000001);
#380=ELLIPSE('',#9228,0.587100811584325,0.500000000000001);
#381=ELLIPSE('',#9229,0.587100811584322,0.499999999999998);
#382=ELLIPSE('',#9230,0.587100811584322,0.499999999999998);
#383=ELLIPSE('',#9231,0.587100811584325,0.500000000000001);
#384=ELLIPSE('',#9232,0.587100811584325,0.500000000000001);
#385=ELLIPSE('',#9233,0.587100811584325,0.500000000000001);
#386=ELLIPSE('',#9234,0.587100811584325,0.500000000000001);
#387=ELLIPSE('',#9235,0.587100811584322,0.499999999999998);
#388=ELLIPSE('',#9236,0.587100811584325,0.500000000000001);
#389=ELLIPSE('',#9237,0.587100811584322,0.499999999999998);
#390=ELLIPSE('',#9238,0.587100811584322,0.499999999999998);
#391=ELLIPSE('',#9239,0.587100811584325,0.500000000000001);
#392=ELLIPSE('',#9240,0.587100811584322,0.499999999999998);
#393=ELLIPSE('',#9241,0.587100811584325,0.500000000000001);
#394=ELLIPSE('',#9242,0.587100811584322,0.499999999999998);
#395=ELLIPSE('',#9243,0.587100811584322,0.499999999999998);
#396=ELLIPSE('',#9244,0.587100811584322,0.499999999999998);
#397=ELLIPSE('',#9245,0.587100811584324,0.5);
#398=ELLIPSE('',#9246,0.587100811584322,0.499999999999998);
#399=ELLIPSE('',#9247,0.587100811584324,0.5);
#400=ELLIPSE('',#9248,0.587100811584325,0.500000000000001);
#401=ELLIPSE('',#9249,0.587100811584324,0.5);
#402=ELLIPSE('',#9250,0.587100811584322,0.499999999999998);
#403=ELLIPSE('',#9251,0.587100811584322,0.499999999999998);
#404=ELLIPSE('',#9252,0.587100811584322,0.499999999999998);
#405=ELLIPSE('',#9253,0.587100811584325,0.500000000000001);
#406=ELLIPSE('',#9254,0.587100811584325,0.500000000000001);
#407=ELLIPSE('',#9255,0.587100811584325,0.500000000000001);
#408=ELLIPSE('',#9256,0.587100811584325,0.500000000000001);
#409=ELLIPSE('',#9257,0.587100811584322,0.499999999999998);
#410=ELLIPSE('',#9258,0.587100811584324,0.5);
#411=ELLIPSE('',#9259,0.587100811584325,0.500000000000001);
#412=ELLIPSE('',#9260,0.587100811584322,0.499999999999998);
#413=ELLIPSE('',#9261,0.587100811584324,0.5);
#414=ELLIPSE('',#9262,0.587100811584325,0.500000000000001);
#415=ELLIPSE('',#9263,0.587100811584324,0.5);
#416=ELLIPSE('',#9264,0.587100811584324,0.5);
#417=ELLIPSE('',#9265,0.587100811584324,0.5);
#418=ELLIPSE('',#9266,0.587100811584325,0.500000000000001);
#419=ELLIPSE('',#9267,0.587100811584325,0.500000000000001);
#420=ELLIPSE('',#9268,0.587100811584325,0.500000000000001);
#421=ELLIPSE('',#9269,0.587100811584322,0.499999999999998);
#422=ELLIPSE('',#9270,0.587100811584324,0.5);
#423=ELLIPSE('',#9271,0.587100811584325,0.500000000000001);
#424=ELLIPSE('',#9272,0.587100811584325,0.500000000000001);
#425=ELLIPSE('',#9273,0.587100811584322,0.499999999999998);
#426=ELLIPSE('',#9274,0.587100811584322,0.499999999999998);
#427=ELLIPSE('',#9275,0.587100811584325,0.500000000000001);
#428=ELLIPSE('',#9276,0.587100811584322,0.499999999999998);
#429=ELLIPSE('',#9277,0.587100811584324,0.5);
#430=ELLIPSE('',#9278,0.587100811584324,0.5);
#431=ELLIPSE('',#9279,0.587100811584322,0.499999999999998);
#432=ELLIPSE('',#9280,0.587100811584324,0.5);
#433=ELLIPSE('',#9281,0.587100811584325,0.500000000000001);
#434=ELLIPSE('',#9282,0.587100811584324,0.5);
#435=ELLIPSE('',#9283,0.587100811584322,0.499999999999998);
#436=ELLIPSE('',#9284,0.587100811584325,0.500000000000001);
#437=ELLIPSE('',#9285,0.587100811584325,0.500000000000001);
#438=ELLIPSE('',#9286,0.587100811584325,0.500000000000001);
#439=ELLIPSE('',#9287,0.587100811584322,0.499999999999998);
#440=ELLIPSE('',#9288,0.587100811584322,0.499999999999998);
#441=ELLIPSE('',#9289,0.587100811584322,0.499999999999998);
#442=ELLIPSE('',#9290,0.587100811584325,0.500000000000001);
#443=ELLIPSE('',#9291,0.587100811584322,0.499999999999998);
#444=ELLIPSE('',#9292,0.587100811584325,0.500000000000001);
#445=ELLIPSE('',#9293,0.587100811584325,0.500000000000001);
#446=ELLIPSE('',#9294,0.587100811584325,0.500000000000001);
#447=ELLIPSE('',#9295,0.587100811584322,0.499999999999998);
#448=B_SPLINE_CURVE_WITH_KNOTS('',3,(#12809,#12810,#12811,#12812,#12813,
#12814,#12815,#12816,#12817,#12818,#12819,#12820),.UNSPECIFIED.,.F.,.F.,
(4,2,2,2,2,4),(0.,0.10690392282251,0.1991076612305,0.272118202876896,0.308021709906347,
0.343737031046875),.UNSPECIFIED.);
#449=B_SPLINE_CURVE_WITH_KNOTS('',3,(#12824,#12825,#12826,#12827,#12828,
#12829,#12830),.UNSPECIFIED.,.F.,.F.,(4,3,4),(-2.35619445422849,-1.22180504333187,
-0.785398127435403),.UNSPECIFIED.);
#450=B_SPLINE_CURVE_WITH_KNOTS('',3,(#12853,#12854,#12855,#12856,#12857,
#12858,#12859,#12860,#12861,#12862,#12863,#12864),.UNSPECIFIED.,.F.,.F.,
(4,2,2,2,2,4),(0.,0.0669857504605314,0.138511583856027,0.221278823783037,
0.281300339227744,0.341865091112003),.UNSPECIFIED.);
#451=B_SPLINE_CURVE_WITH_KNOTS('',3,(#12866,#12867,#12868,#12869,#12870,
#12871,#12872),.UNSPECIFIED.,.F.,.F.,(4,3,4),(2.35619452016072,3.49058396746235,
3.92699084695742),.UNSPECIFIED.);
#452=B_SPLINE_CURVE_WITH_KNOTS('',3,(#12895,#12896,#12897,#12898,#12899,
#12900,#12901,#12902,#12903,#12904,#12905,#12906),.UNSPECIFIED.,.F.,.F.,
(4,2,2,2,2,4),(0.,0.10690392282251,0.199107661230499,0.272118202876893,
0.308021709906351,0.343737031046887),.UNSPECIFIED.);
#453=B_SPLINE_CURVE_WITH_KNOTS('',3,(#12908,#12909,#12910,#12911,#12912,
#12913,#12914),.UNSPECIFIED.,.F.,.F.,(4,3,4),(-2.35619445422849,-1.22180504333187,
-0.7853981274354),.UNSPECIFIED.);
#454=B_SPLINE_CURVE_WITH_KNOTS('',3,(#12937,#12938,#12939,#12940,#12941,
#12942,#12943,#12944,#12945,#12946,#12947,#12948),.UNSPECIFIED.,.F.,.F.,
(4,2,2,2,2,4),(0.,0.0669857504605311,0.138511583856026,0.221278823783031,
0.281300339227734,0.341865091111987),.UNSPECIFIED.);
#455=B_SPLINE_CURVE_WITH_KNOTS('',3,(#12950,#12951,#12952,#12953,#12954,
#12955,#12956),.UNSPECIFIED.,.F.,.F.,(4,3,4),(2.35619452016072,3.49058396746235,
3.92699084695742),.UNSPECIFIED.);
#456=B_SPLINE_CURVE_WITH_KNOTS('',3,(#12992,#12993,#12994,#12995,#12996,
#12997,#12998,#12999,#13000,#13001,#13002,#13003),.UNSPECIFIED.,.F.,.F.,
(4,2,2,2,2,4),(-0.614877794311142,-0.543334904084413,-0.470144254901934,
-0.320205083766008,-0.162226699590557,0.),.UNSPECIFIED.);
#457=B_SPLINE_CURVE_WITH_KNOTS('',3,(#13007,#13008,#13009,#13010,#13011,
#13012,#13013,#13014,#13015,#13016),.UNSPECIFIED.,.F.,.F.,(4,2,2,2,4),(-0.655650602932668,
-0.473619540685817,-0.298536034071276,-0.137373431192159,0.),
 .UNSPECIFIED.);
#458=B_SPLINE_CURVE_WITH_KNOTS('',3,(#13329,#13330,#13331,#13332,#13333,
#13334,#13335,#13336,#13337,#13338,#13339,#13340),.UNSPECIFIED.,.F.,.F.,
(4,2,2,2,2,4),(-0.613600913000211,-0.529354711275053,-0.445731385473085,
-0.288624350085962,-0.1399387436629,0.),.UNSPECIFIED.);
#459=B_SPLINE_CURVE_WITH_KNOTS('',3,(#13343,#13344,#13345,#13346,#13347,
#13348,#13349,#13350,#13351,#13352,#13353,#13354),.UNSPECIFIED.,.F.,.F.,
(4,2,2,2,2,4),(-0.656692989667858,-0.5871494865077,-0.511719963056688,-0.351458783662503,
-0.178155902315432,0.),.UNSPECIFIED.);
#460=B_SPLINE_CURVE_WITH_KNOTS('',3,(#13388,#13389,#13390,#13391,#13392,
#13393,#13394,#13395,#13396,#13397,#13398,#13399),.UNSPECIFIED.,.F.,.F.,
(4,2,2,2,2,4),(-0.640932231775318,-0.561090466877043,-0.481137423467499,
-0.322972941906545,-0.161950843141117,0.),.UNSPECIFIED.);
#461=B_SPLINE_CURVE_WITH_KNOTS('',3,(#13402,#13403,#13404,#13405,#13406,
#13407,#13408,#13409,#13410,#13411),.UNSPECIFIED.,.F.,.F.,(4,2,2,2,4),(-0.681055887858477,
-0.507706039903105,-0.338151100726834,-0.168791870946205,0.),
 .UNSPECIFIED.);
#462=B_SPLINE_CURVE_WITH_KNOTS('',3,(#13439,#13440,#13441,#13442,#13443,
#13444,#13445,#13446,#13447,#13448,#13449,#13450),.UNSPECIFIED.,.F.,.F.,
(4,2,2,2,2,4),(-0.640745216583626,-0.556692440527694,-0.472603824354892,
-0.312814634879879,-0.155787056497838,0.),.UNSPECIFIED.);
#463=B_SPLINE_CURVE_WITH_KNOTS('',3,(#13453,#13454,#13455,#13456,#13457,
#13458,#13459,#13460,#13461,#13462,#13463,#13464),.UNSPECIFIED.,.F.,.F.,
(4,2,2,2,2,4),(-0.680588031092871,-0.593300809127278,-0.505858648564822,
-0.337566306418578,-0.168926636951323,0.),.UNSPECIFIED.);
#464=B_SPLINE_CURVE_WITH_KNOTS('',3,(#13737,#13738,#13739,#13740),
 .UNSPECIFIED.,.F.,.F.,(4,4),(-0.0288120947745376,6.40104439137417E-17),
 .UNSPECIFIED.);
#465=B_SPLINE_CURVE_WITH_KNOTS('',3,(#13775,#13776,#13777,#13778,#13779,
#13780),.UNSPECIFIED.,.F.,.F.,(4,1,1,4),(-1.56175500415111,-0.904779471560309,
-0.466795783166442,-0.0288120947725744),.UNSPECIFIED.);
#466=B_SPLINE_CURVE_WITH_KNOTS('',3,(#13787,#13788,#13789,#13790),
 .UNSPECIFIED.,.F.,.F.,(4,4),(-0.009041322660772,1.54955641640394E-15),
 .UNSPECIFIED.);
#467=B_SPLINE_CURVE_WITH_KNOTS('',3,(#13795,#13796,#13797,#13798),
 .UNSPECIFIED.,.F.,.F.,(4,4),(-1.57079632679845,-1.56175500415111),
 .UNSPECIFIED.);
#468=B_SPLINE_CURVE_WITH_KNOTS('',3,(#13825,#13826,#13827,#13828,#13829,
#13830),.UNSPECIFIED.,.F.,.F.,(4,1,1,4),(-1.54198423202377,-0.885008699439535,
-0.447025011050043,-0.00904132266054986),.UNSPECIFIED.);
#469=B_SPLINE_CURVE_WITH_KNOTS('',3,(#13847,#13848,#13849,#13850),
 .UNSPECIFIED.,.F.,.F.,(4,4),(-1.3534312559571E-14,0.0548836174018316),
 .UNSPECIFIED.);
#470=B_SPLINE_CURVE_WITH_KNOTS('',3,(#13852,#13853,#13854,#13855,#13856),
 .UNSPECIFIED.,.F.,.F.,(4,1,4),(0.00130133582608248,0.8981479435639,1.57079632679395),
 .UNSPECIFIED.);
#471=B_SPLINE_CURVE_WITH_KNOTS('',3,(#13860,#13861,#13862,#13863,#13864,
#13865),.UNSPECIFIED.,.F.,.F.,(4,1,1,4),(-9.18607525620467E-17,0.448432253095183,
0.896864506190366,1.56949499042749),.UNSPECIFIED.);
#472=B_SPLINE_CURVE_WITH_KNOTS('',3,(#13867,#13868,#13869,#13870),
 .UNSPECIFIED.,.F.,.F.,(4,4),(7.50211638259998,7.55700000000182),
 .UNSPECIFIED.);
#473=B_SPLINE_CURVE_WITH_KNOTS('',3,(#13874,#13875,#13876,#13877),
 .UNSPECIFIED.,.F.,.F.,(4,4),(1.54198423202377,1.57079632679487),
 .UNSPECIFIED.);
#474=B_SPLINE_CURVE_WITH_KNOTS('',3,(#13879,#13880,#13881,#13882,#13883,
#13884),.UNSPECIFIED.,.F.,.F.,(4,1,1,4),(0.00904132266054986,0.447025011050043,
0.885008699439535,1.54198423202377),.UNSPECIFIED.);
#475=B_SPLINE_CURVE_WITH_KNOTS('',3,(#13886,#13887,#13888,#13889),
 .UNSPECIFIED.,.F.,.F.,(4,4),(-1.54955641640394E-15,0.009041322660772),
 .UNSPECIFIED.);
#476=B_SPLINE_CURVE_WITH_KNOTS('',3,(#13893,#13894,#13895,#13896),
 .UNSPECIFIED.,.F.,.F.,(4,4),(1.56175500415111,1.57079632679845),
 .UNSPECIFIED.);
#477=B_SPLINE_CURVE_WITH_KNOTS('',3,(#13898,#13899,#13900,#13901,#13902,
#13903),.UNSPECIFIED.,.F.,.F.,(4,1,1,4),(0.0288120947725744,0.466795783166442,
0.904779471560309,1.56175500415111),.UNSPECIFIED.);
#478=B_SPLINE_CURVE_WITH_KNOTS('',3,(#13904,#13905,#13906,#13907),
 .UNSPECIFIED.,.F.,.F.,(4,4),(-6.40104439137417E-17,0.0288120947745376),
 .UNSPECIFIED.);
#479=B_SPLINE_CURVE_WITH_KNOTS('',3,(#14066,#14067,#14068,#14069,#14070),
 .UNSPECIFIED.,.F.,.F.,(4,1,4),(-1.57079632679395,-0.8981479435639,-0.00128344088623744),
 .UNSPECIFIED.);
#480=B_SPLINE_CURVE_WITH_KNOTS('',3,(#14071,#14072,#14073,#14074),
 .UNSPECIFIED.,.F.,.F.,(4,4),(-0.0548836174018316,1.3534312559571E-14),
 .UNSPECIFIED.);
#481=B_SPLINE_CURVE_WITH_KNOTS('',3,(#14370,#14371,#14372,#14373),
 .UNSPECIFIED.,.F.,.F.,(4,4),(-7.55700000000182,-7.50211638259998),
 .UNSPECIFIED.);
#482=B_SPLINE_CURVE_WITH_KNOTS('',3,(#14374,#14375,#14376,#14377,#14378,
#14379),.UNSPECIFIED.,.F.,.F.,(4,1,1,4),(-1.56951288583314,-0.896864506190366,
-0.448432253095183,9.18607525620467E-17),.UNSPECIFIED.);
#483=B_SPLINE_CURVE_WITH_KNOTS('',3,(#14383,#14384,#14385,#14386),
 .UNSPECIFIED.,.F.,.F.,(4,4),(-1.57079632679487,-1.54198423202377),
 .UNSPECIFIED.);
#484=B_SPLINE_CURVE_WITH_KNOTS('',3,(#14569,#14570,#14571,#14572),
 .UNSPECIFIED.,.F.,.F.,(4,4),(0.,1.00000000016012),.UNSPECIFIED.);
#485=B_SPLINE_SURFACE_WITH_KNOTS('',3,1,((#12793,#12794),(#12795,#12796),
(#12797,#12798),(#12799,#12800),(#12801,#12802),(#12803,#12804),(#12805,
#12806)),.UNSPECIFIED.,.F.,.F.,.F.,(4,3,4),(2,2),(0.785398127435403,1.22180504333187,
2.35619445422849),(0.,0.5),.UNSPECIFIED.);
#486=B_SPLINE_SURFACE_WITH_KNOTS('',3,1,((#12838,#12839),(#12840,#12841),
(#12842,#12843),(#12844,#12845),(#12846,#12847),(#12848,#12849),(#12850,
#12851)),.UNSPECIFIED.,.F.,.F.,.F.,(4,3,4),(2,2),(-3.92699084695742,-3.49058396746235,
-2.35619452016072),(0.,0.5),.UNSPECIFIED.);
#487=B_SPLINE_SURFACE_WITH_KNOTS('',3,1,((#12880,#12881),(#12882,#12883),
(#12884,#12885),(#12886,#12887),(#12888,#12889),(#12890,#12891),(#12892,
#12893)),.UNSPECIFIED.,.F.,.F.,.F.,(4,3,4),(2,2),(0.7853981274354,1.22180504333187,
2.35619445422849),(0.,0.5),.UNSPECIFIED.);
#488=B_SPLINE_SURFACE_WITH_KNOTS('',3,1,((#12922,#12923),(#12924,#12925),
(#12926,#12927),(#12928,#12929),(#12930,#12931),(#12932,#12933),(#12934,
#12935)),.UNSPECIFIED.,.F.,.F.,.F.,(4,3,4),(2,2),(-3.92699084695742,-3.49058396746235,
-2.35619452016072),(0.,0.5),.UNSPECIFIED.);
#489=B_SPLINE_SURFACE_WITH_KNOTS('',3,3,((#12962,#12963,#12964,#12965),
(#12966,#12967,#12968,#12969),(#12970,#12971,#12972,#12973),(#12974,#12975,
#12976,#12977),(#12978,#12979,#12980,#12981),(#12982,#12983,#12984,#12985),
(#12986,#12987,#12988,#12989)),.UNSPECIFIED.,.F.,.F.,.F.,(4,1,1,1,4),(4,
4),(0.,0.285714285714286,0.571428571428571,0.857142857142857,1.),(0.0180602892011733,
0.949904767508279),.UNSPECIFIED.);
#490=B_SPLINE_SURFACE_WITH_KNOTS('',3,3,((#13304,#13305,#13306,#13307),
(#13308,#13309,#13310,#13311),(#13312,#13313,#13314,#13315),(#13316,#13317,
#13318,#13319),(#13320,#13321,#13322,#13323),(#13324,#13325,#13326,#13327)),
 .UNSPECIFIED.,.F.,.F.,.F.,(4,1,1,4),(4,4),(0.,0.285714285714286,0.571428571428571,
1.),(0.0180602892015211,0.949904767508203),.UNSPECIFIED.);
#491=B_SPLINE_SURFACE_WITH_KNOTS('',3,3,((#13363,#13364,#13365,#13366),
(#13367,#13368,#13369,#13370),(#13371,#13372,#13373,#13374),(#13375,#13376,
#13377,#13378),(#13379,#13380,#13381,#13382),(#13383,#13384,#13385,#13386)),
 .UNSPECIFIED.,.F.,.F.,.F.,(4,1,1,4),(4,4),(0.,0.285714285714286,0.571428571428571,
1.),(0.185277154714463,0.81563089742565),.UNSPECIFIED.);
#492=B_SPLINE_SURFACE_WITH_KNOTS('',3,3,((#13418,#13419,#13420,#13421),
(#13422,#13423,#13424,#13425),(#13426,#13427,#13428,#13429),(#13430,#13431,
#13432,#13433),(#13434,#13435,#13436,#13437)),.UNSPECIFIED.,.F.,.F.,.F.,
(4,1,4),(4,4),(0.,0.571428571428571,1.),(0.185277154743301,0.815599863347107),
 .UNSPECIFIED.);
#493=B_SPLINE_SURFACE_WITH_KNOTS('',3,3,((#13750,#13751,#13752,#13753),
(#13754,#13755,#13756,#13757),(#13758,#13759,#13760,#13761),(#13762,#13763,
#13764,#13765),(#13766,#13767,#13768,#13769),(#13770,#13771,#13772,#13773)),
 .UNSPECIFIED.,.F.,.F.,.F.,(4,1,1,4),(4,4),(0.,0.285714285714286,0.571428571428571,
1.),(0.,0.903056243334727),.UNSPECIFIED.);
#494=B_SPLINE_SURFACE_WITH_KNOTS('',3,3,((#13800,#13801,#13802,#13803),
(#13804,#13805,#13806,#13807),(#13808,#13809,#13810,#13811),(#13812,#13813,
#13814,#13815),(#13816,#13817,#13818,#13819),(#13820,#13821,#13822,#13823)),
 .UNSPECIFIED.,.F.,.F.,.F.,(4,1,1,4),(4,4),(0.,0.285714285714286,0.571428571428571,
1.),(0.,0.903056243334811),.UNSPECIFIED.);
#495=B_SPLINE_SURFACE_WITH_KNOTS('',3,3,((#14040,#14041,#14042,#14043),
(#14044,#14045,#14046,#14047),(#14048,#14049,#14050,#14051),(#14052,#14053,
#14054,#14055),(#14056,#14057,#14058,#14059),(#14060,#14061,#14062,#14063)),
 .UNSPECIFIED.,.F.,.F.,.F.,(4,1,1,4),(4,4),(0.,0.285714285714286,0.571428571428571,
1.),(0.,0.983839401658988),.UNSPECIFIED.);
#496=B_SPLINE_SURFACE_WITH_KNOTS('',3,3,((#14344,#14345,#14346,#14347),
(#14348,#14349,#14350,#14351),(#14352,#14353,#14354,#14355),(#14356,#14357,
#14358,#14359),(#14360,#14361,#14362,#14363),(#14364,#14365,#14366,#14367)),
 .UNSPECIFIED.,.F.,.F.,.F.,(4,1,1,4),(4,4),(0.,0.285714285714286,0.571428571428571,
1.),(0.,0.983839304304607),.UNSPECIFIED.);
#497=B_SPLINE_SURFACE_WITH_KNOTS('',3,3,((#14388,#14389,#14390,#14391),
(#14392,#14393,#14394,#14395),(#14396,#14397,#14398,#14399),(#14400,#14401,
#14402,#14403)),.UNSPECIFIED.,.F.,.F.,.F.,(4,4),(4,4),(0.,1.),(-0.0548836174018316,
1.3534312559571E-14),.UNSPECIFIED.);
#498=B_SPLINE_SURFACE_WITH_KNOTS('',3,3,((#14406,#14407,#14408,#14409),
(#14410,#14411,#14412,#14413),(#14414,#14415,#14416,#14417),(#14418,#14419,
#14420,#14421)),.UNSPECIFIED.,.F.,.F.,.F.,(4,4),(4,4),(0.,1.),(-0.0288120947745376,
6.40104439137417E-17),.UNSPECIFIED.);
#499=B_SPLINE_SURFACE_WITH_KNOTS('',3,3,((#14425,#14426,#14427,#14428),
(#14429,#14430,#14431,#14432),(#14433,#14434,#14435,#14436),(#14437,#14438,
#14439,#14440)),.UNSPECIFIED.,.F.,.F.,.F.,(4,4),(4,4),(0.,1.),(-1.57079632679845,
-1.56175500415111),.UNSPECIFIED.);
#500=B_SPLINE_SURFACE_WITH_KNOTS('',3,3,((#14443,#14444,#14445,#14446,#14447,
#14448),(#14449,#14450,#14451,#14452,#14453,#14454),(#14455,#14456,#14457,
#14458,#14459,#14460),(#14461,#14462,#14463,#14464,#14465,#14466)),
 .UNSPECIFIED.,.F.,.F.,.F.,(4,4),(4,1,1,4),(0.,1.),(-1.56175500415111,-0.904779471560309,
-0.466795783166442,-0.0288120947725744),.UNSPECIFIED.);
#501=B_SPLINE_SURFACE_WITH_KNOTS('',3,3,((#14467,#14468,#14469,#14470),
(#14471,#14472,#14473,#14474),(#14475,#14476,#14477,#14478),(#14479,#14480,
#14481,#14482)),.UNSPECIFIED.,.F.,.F.,.F.,(4,4),(4,4),(0.,1.),(-0.009041322660772,
1.54955641640394E-15),.UNSPECIFIED.);
#502=B_SPLINE_SURFACE_WITH_KNOTS('',3,3,((#14486,#14487,#14488,#14489),
(#14490,#14491,#14492,#14493),(#14494,#14495,#14496,#14497),(#14498,#14499,
#14500,#14501)),.UNSPECIFIED.,.F.,.F.,.F.,(4,4),(4,4),(0.,1.),(-1.57079632679487,
-1.54198423202377),.UNSPECIFIED.);
#503=B_SPLINE_SURFACE_WITH_KNOTS('',3,3,((#14504,#14505,#14506,#14507,#14508,
#14509),(#14510,#14511,#14512,#14513,#14514,#14515),(#14516,#14517,#14518,
#14519,#14520,#14521),(#14522,#14523,#14524,#14525,#14526,#14527)),
 .UNSPECIFIED.,.F.,.F.,.F.,(4,4),(4,1,1,4),(0.,1.),(-1.54198423202377,-0.885008699439535,
-0.447025011050043,-0.00904132266054986),.UNSPECIFIED.);
#504=B_SPLINE_SURFACE_WITH_KNOTS('',3,3,((#14528,#14529,#14530,#14531),
(#14532,#14533,#14534,#14535),(#14536,#14537,#14538,#14539),(#14540,#14541,
#14542,#14543)),.UNSPECIFIED.,.F.,.F.,.F.,(4,4),(4,4),(0.,1.),(-7.55700000000182,
-7.50211638259998),.UNSPECIFIED.);
#505=B_SPLINE_SURFACE_WITH_KNOTS('',3,3,((#14547,#14548,#14549,#14550,#14551),
(#14552,#14553,#14554,#14555,#14556),(#14557,#14558,#14559,#14560,#14561),
(#14562,#14563,#14564,#14565,#14566)),.UNSPECIFIED.,.F.,.F.,.F.,(4,4),(4,
1,4),(0.,1.),(-1.57079632679395,-0.8981479435639,-0.00128343259050553),
 .UNSPECIFIED.);
#506=B_SPLINE_SURFACE_WITH_KNOTS('',3,3,((#14573,#14574,#14575,#14576,#14577,
#14578),(#14579,#14580,#14581,#14582,#14583,#14584),(#14585,#14586,#14587,
#14588,#14589,#14590),(#14591,#14592,#14593,#14594,#14595,#14596)),
 .UNSPECIFIED.,.F.,.F.,.F.,(4,4),(4,1,1,4),(0.,1.),(-1.56951288583314,-0.896864506190366,
-0.448432253095183,9.18607525620467E-17),.UNSPECIFIED.);
#507=ITEM_DEFINED_TRANSFORMATION($,$,#8640,#8827);
#508=ITEM_DEFINED_TRANSFORMATION($,$,#8639,#8828);
#509=ITEM_DEFINED_TRANSFORMATION($,$,#8638,#8829);
#510=ITEM_DEFINED_TRANSFORMATION($,$,#8637,#8830);
#511=ITEM_DEFINED_TRANSFORMATION($,$,#8636,#8831);
#512=ITEM_DEFINED_TRANSFORMATION($,$,#8635,#9617);
#513=ITEM_DEFINED_TRANSFORMATION($,$,#8832,#9618);
#514=(
REPRESENTATION_RELATIONSHIP($,$,#15215,#15214)
REPRESENTATION_RELATIONSHIP_WITH_TRANSFORMATION(#507)
SHAPE_REPRESENTATION_RELATIONSHIP()
);
#515=(
REPRESENTATION_RELATIONSHIP($,$,#15214,#15213)
REPRESENTATION_RELATIONSHIP_WITH_TRANSFORMATION(#508)
SHAPE_REPRESENTATION_RELATIONSHIP()
);
#516=(
REPRESENTATION_RELATIONSHIP($,$,#15213,#15212)
REPRESENTATION_RELATIONSHIP_WITH_TRANSFORMATION(#509)
SHAPE_REPRESENTATION_RELATIONSHIP()
);
#517=(
REPRESENTATION_RELATIONSHIP($,$,#15212,#15211)
REPRESENTATION_RELATIONSHIP_WITH_TRANSFORMATION(#510)
SHAPE_REPRESENTATION_RELATIONSHIP()
);
#518=(
REPRESENTATION_RELATIONSHIP($,$,#15211,#15210)
REPRESENTATION_RELATIONSHIP_WITH_TRANSFORMATION(#511)
SHAPE_REPRESENTATION_RELATIONSHIP()
);
#519=(
REPRESENTATION_RELATIONSHIP($,$,#15210,#15209)
REPRESENTATION_RELATIONSHIP_WITH_TRANSFORMATION(#512)
SHAPE_REPRESENTATION_RELATIONSHIP()
);
#520=(
REPRESENTATION_RELATIONSHIP($,$,#15216,#15209)
REPRESENTATION_RELATIONSHIP_WITH_TRANSFORMATION(#513)
SHAPE_REPRESENTATION_RELATIONSHIP()
);
#521=CONTEXT_DEPENDENT_SHAPE_REPRESENTATION(#514,#15201);
#522=CONTEXT_DEPENDENT_SHAPE_REPRESENTATION(#515,#15202);
#523=CONTEXT_DEPENDENT_SHAPE_REPRESENTATION(#516,#15203);
#524=CONTEXT_DEPENDENT_SHAPE_REPRESENTATION(#517,#15204);
#525=CONTEXT_DEPENDENT_SHAPE_REPRESENTATION(#518,#15205);
#526=CONTEXT_DEPENDENT_SHAPE_REPRESENTATION(#519,#15207);
#527=CONTEXT_DEPENDENT_SHAPE_REPRESENTATION(#520,#15208);
#528=NEXT_ASSEMBLY_USAGE_OCCURRENCE('FPC_CABLE (4):1','FPC_CABLE (4):1',
'FPC_CABLE (4):1',#15223,#15224,'FPC_CABLE (4):1');
#529=NEXT_ASSEMBLY_USAGE_OCCURRENCE('LCD_4INCH (2):1','LCD_4INCH (2):1',
'LCD_4INCH (2):1',#15222,#15223,'LCD_4INCH (2):1');
#530=NEXT_ASSEMBLY_USAGE_OCCURRENCE('LCD:1','LCD:1','LCD:1',#15221,#15222,
'LCD:1');
#531=NEXT_ASSEMBLY_USAGE_OCCURRENCE('Case 4 inch:1','Case 4 inch:1',
'Case 4 inch:1',#15220,#15221,'Case 4 inch:1');
#532=NEXT_ASSEMBLY_USAGE_OCCURRENCE('LCD_4inch.step:1',
'LCD_4inch.step:1','LCD_4inch.step:1',#15219,#15220,'LCD_4inch.step:1');
#533=NEXT_ASSEMBLY_USAGE_OCCURRENCE('Harness_pro_assem.step:1',
'Harness_pro_assem.step:1','Harness_pro_assem.step:1',#15218,#15219,
'Harness_pro_assem.step:1');
#534=NEXT_ASSEMBLY_USAGE_OCCURRENCE('Component8:1','Component8:1',
'Component8:1',#15218,#15225,'Component8:1');
#535=TOROIDAL_SURFACE('',#8808,3.6,0.8);
#536=TOROIDAL_SURFACE('',#8810,3.6,0.8);
#537=TOROIDAL_SURFACE('',#8816,3.6,0.8);
#538=TOROIDAL_SURFACE('',#8818,3.6,0.8);
#539=FACE_BOUND('',#1927,.T.);
#540=FACE_BOUND('',#1969,.T.);
#541=FACE_BOUND('',#1972,.T.);
#542=FACE_BOUND('',#1973,.T.);
#543=FACE_BOUND('',#1974,.T.);
#544=FACE_BOUND('',#1975,.T.);
#545=FACE_BOUND('',#1976,.T.);
#546=FACE_BOUND('',#1977,.T.);
#547=FACE_BOUND('',#1978,.T.);
#548=FACE_BOUND('',#1979,.T.);
#549=FACE_BOUND('',#1980,.T.);
#550=FACE_BOUND('',#1981,.T.);
#551=FACE_BOUND('',#1982,.T.);
#552=FACE_BOUND('',#1983,.T.);
#553=FACE_BOUND('',#1984,.T.);
#554=FACE_BOUND('',#1985,.T.);
#555=FACE_BOUND('',#1986,.T.);
#556=FACE_BOUND('',#1987,.T.);
#557=FACE_BOUND('',#1988,.T.);
#558=FACE_BOUND('',#1989,.T.);
#559=FACE_BOUND('',#1990,.T.);
#560=FACE_BOUND('',#1991,.T.);
#561=FACE_BOUND('',#1992,.T.);
#562=FACE_BOUND('',#1993,.T.);
#563=FACE_BOUND('',#1994,.T.);
#564=FACE_BOUND('',#1995,.T.);
#565=FACE_BOUND('',#1996,.T.);
#566=FACE_BOUND('',#1997,.T.);
#567=FACE_BOUND('',#1998,.T.);
#568=FACE_BOUND('',#1999,.T.);
#569=FACE_BOUND('',#2000,.T.);
#570=FACE_BOUND('',#2001,.T.);
#571=FACE_BOUND('',#2002,.T.);
#572=FACE_BOUND('',#2003,.T.);
#573=FACE_BOUND('',#2004,.T.);
#574=FACE_BOUND('',#2005,.T.);
#575=FACE_BOUND('',#2006,.T.);
#576=FACE_BOUND('',#2007,.T.);
#577=FACE_BOUND('',#2008,.T.);
#578=FACE_BOUND('',#2009,.T.);
#579=FACE_BOUND('',#2010,.T.);
#580=FACE_BOUND('',#2011,.T.);
#581=FACE_BOUND('',#2012,.T.);
#582=FACE_BOUND('',#2013,.T.);
#583=FACE_BOUND('',#2014,.T.);
#584=FACE_BOUND('',#2015,.T.);
#585=FACE_BOUND('',#2016,.T.);
#586=FACE_BOUND('',#2017,.T.);
#587=FACE_BOUND('',#2018,.T.);
#588=FACE_BOUND('',#2019,.T.);
#589=FACE_BOUND('',#2020,.T.);
#590=FACE_BOUND('',#2021,.T.);
#591=FACE_BOUND('',#2022,.T.);
#592=FACE_BOUND('',#2023,.T.);
#593=FACE_BOUND('',#2024,.T.);
#594=FACE_BOUND('',#2025,.T.);
#595=FACE_BOUND('',#2026,.T.);
#596=FACE_BOUND('',#2027,.T.);
#597=FACE_BOUND('',#2028,.T.);
#598=FACE_BOUND('',#2029,.T.);
#599=FACE_BOUND('',#2030,.T.);
#600=FACE_BOUND('',#2031,.T.);
#601=FACE_BOUND('',#2032,.T.);
#602=FACE_BOUND('',#2033,.T.);
#603=FACE_BOUND('',#2034,.T.);
#604=FACE_BOUND('',#2035,.T.);
#605=FACE_BOUND('',#2036,.T.);
#606=FACE_BOUND('',#2037,.T.);
#607=FACE_BOUND('',#2038,.T.);
#608=FACE_BOUND('',#2039,.T.);
#609=FACE_BOUND('',#2040,.T.);
#610=FACE_BOUND('',#2041,.T.);
#611=FACE_BOUND('',#2042,.T.);
#612=FACE_BOUND('',#2043,.T.);
#613=FACE_BOUND('',#2044,.T.);
#614=FACE_BOUND('',#2045,.T.);
#615=FACE_BOUND('',#2046,.T.);
#616=FACE_BOUND('',#2047,.T.);
#617=FACE_BOUND('',#2048,.T.);
#618=FACE_BOUND('',#2049,.T.);
#619=FACE_BOUND('',#2050,.T.);
#620=FACE_BOUND('',#2051,.T.);
#621=FACE_BOUND('',#2052,.T.);
#622=FACE_BOUND('',#2053,.T.);
#623=FACE_BOUND('',#2054,.T.);
#624=FACE_BOUND('',#2055,.T.);
#625=FACE_BOUND('',#2056,.T.);
#626=FACE_BOUND('',#2057,.T.);
#627=FACE_BOUND('',#2058,.T.);
#628=FACE_BOUND('',#2059,.T.);
#629=FACE_BOUND('',#2060,.T.);
#630=FACE_BOUND('',#2061,.T.);
#631=FACE_BOUND('',#2062,.T.);
#632=FACE_BOUND('',#2063,.T.);
#633=FACE_BOUND('',#2064,.T.);
#634=FACE_BOUND('',#2065,.T.);
#635=FACE_BOUND('',#2066,.T.);
#636=FACE_BOUND('',#2067,.T.);
#637=FACE_BOUND('',#2068,.T.);
#638=FACE_BOUND('',#2069,.T.);
#639=FACE_BOUND('',#2070,.T.);
#640=FACE_BOUND('',#2071,.T.);
#641=FACE_BOUND('',#2072,.T.);
#642=FACE_BOUND('',#2073,.T.);
#643=FACE_BOUND('',#2074,.T.);
#644=FACE_BOUND('',#2075,.T.);
#645=FACE_BOUND('',#2076,.T.);
#646=FACE_BOUND('',#2077,.T.);
#647=FACE_BOUND('',#2078,.T.);
#648=FACE_BOUND('',#2079,.T.);
#649=FACE_BOUND('',#2080,.T.);
#650=FACE_BOUND('',#2081,.T.);
#651=FACE_BOUND('',#2082,.T.);
#652=FACE_BOUND('',#2083,.T.);
#653=FACE_BOUND('',#2084,.T.);
#654=FACE_BOUND('',#2085,.T.);
#655=FACE_BOUND('',#2086,.T.);
#656=FACE_BOUND('',#2087,.T.);
#657=FACE_BOUND('',#2088,.T.);
#658=FACE_BOUND('',#2089,.T.);
#659=FACE_BOUND('',#2090,.T.);
#660=FACE_BOUND('',#2091,.T.);
#661=FACE_BOUND('',#2092,.T.);
#662=FACE_BOUND('',#2093,.T.);
#663=FACE_BOUND('',#2094,.T.);
#664=FACE_BOUND('',#2095,.T.);
#665=FACE_BOUND('',#2096,.T.);
#666=FACE_BOUND('',#2097,.T.);
#667=FACE_BOUND('',#2098,.T.);
#668=FACE_BOUND('',#2099,.T.);
#669=FACE_BOUND('',#2100,.T.);
#670=FACE_BOUND('',#2101,.T.);
#671=FACE_BOUND('',#2102,.T.);
#672=FACE_BOUND('',#2103,.T.);
#673=FACE_BOUND('',#2104,.T.);
#674=FACE_BOUND('',#2107,.T.);
#675=FACE_BOUND('',#2114,.T.);
#676=FACE_BOUND('',#2115,.T.);
#677=FACE_BOUND('',#2116,.T.);
#678=FACE_BOUND('',#2117,.T.);
#679=FACE_BOUND('',#2118,.T.);
#680=FACE_BOUND('',#2119,.T.);
#681=FACE_BOUND('',#2120,.T.);
#682=FACE_BOUND('',#2121,.T.);
#683=FACE_BOUND('',#2122,.T.);
#684=FACE_BOUND('',#2123,.T.);
#685=FACE_BOUND('',#2124,.T.);
#686=FACE_BOUND('',#2125,.T.);
#687=FACE_BOUND('',#2126,.T.);
#688=FACE_BOUND('',#2127,.T.);
#689=FACE_BOUND('',#2128,.T.);
#690=FACE_BOUND('',#2129,.T.);
#691=FACE_BOUND('',#2130,.T.);
#692=FACE_BOUND('',#2131,.T.);
#693=FACE_BOUND('',#2132,.T.);
#694=FACE_BOUND('',#2133,.T.);
#695=FACE_BOUND('',#2134,.T.);
#696=FACE_BOUND('',#2135,.T.);
#697=FACE_BOUND('',#2136,.T.);
#698=FACE_BOUND('',#2137,.T.);
#699=FACE_BOUND('',#2138,.T.);
#700=FACE_BOUND('',#2139,.T.);
#701=FACE_BOUND('',#2140,.T.);
#702=FACE_BOUND('',#2141,.T.);
#703=FACE_BOUND('',#2142,.T.);
#704=FACE_BOUND('',#2143,.T.);
#705=FACE_BOUND('',#2144,.T.);
#706=FACE_BOUND('',#2145,.T.);
#707=FACE_BOUND('',#2146,.T.);
#708=FACE_BOUND('',#2147,.T.);
#709=FACE_BOUND('',#2148,.T.);
#710=FACE_BOUND('',#2149,.T.);
#711=FACE_BOUND('',#2150,.T.);
#712=FACE_BOUND('',#2151,.T.);
#713=FACE_BOUND('',#2152,.T.);
#714=FACE_BOUND('',#2153,.T.);
#715=FACE_BOUND('',#2154,.T.);
#716=FACE_BOUND('',#2155,.T.);
#717=FACE_BOUND('',#2156,.T.);
#718=FACE_BOUND('',#2157,.T.);
#719=FACE_BOUND('',#2158,.T.);
#720=FACE_BOUND('',#2159,.T.);
#721=FACE_BOUND('',#2160,.T.);
#722=FACE_BOUND('',#2161,.T.);
#723=FACE_BOUND('',#2162,.T.);
#724=FACE_BOUND('',#2163,.T.);
#725=FACE_BOUND('',#2164,.T.);
#726=FACE_BOUND('',#2165,.T.);
#727=FACE_BOUND('',#2166,.T.);
#728=FACE_BOUND('',#2167,.T.);
#729=FACE_BOUND('',#2168,.T.);
#730=FACE_BOUND('',#2169,.T.);
#731=FACE_BOUND('',#2170,.T.);
#732=FACE_BOUND('',#2171,.T.);
#733=FACE_BOUND('',#2172,.T.);
#734=FACE_BOUND('',#2173,.T.);
#735=FACE_BOUND('',#2174,.T.);
#736=FACE_BOUND('',#2175,.T.);
#737=FACE_BOUND('',#2176,.T.);
#738=FACE_BOUND('',#2177,.T.);
#739=FACE_BOUND('',#2178,.T.);
#740=FACE_BOUND('',#2179,.T.);
#741=FACE_BOUND('',#2180,.T.);
#742=FACE_BOUND('',#2181,.T.);
#743=FACE_BOUND('',#2182,.T.);
#744=FACE_BOUND('',#2183,.T.);
#745=FACE_BOUND('',#2184,.T.);
#746=FACE_BOUND('',#2185,.T.);
#747=FACE_BOUND('',#2186,.T.);
#748=FACE_BOUND('',#2187,.T.);
#749=FACE_BOUND('',#2188,.T.);
#750=FACE_BOUND('',#2189,.T.);
#751=FACE_BOUND('',#2190,.T.);
#752=FACE_BOUND('',#2191,.T.);
#753=FACE_BOUND('',#2192,.T.);
#754=FACE_BOUND('',#2193,.T.);
#755=FACE_BOUND('',#2194,.T.);
#756=FACE_BOUND('',#2195,.T.);
#757=FACE_BOUND('',#2196,.T.);
#758=FACE_BOUND('',#2197,.T.);
#759=FACE_BOUND('',#2198,.T.);
#760=FACE_BOUND('',#2199,.T.);
#761=FACE_BOUND('',#2200,.T.);
#762=FACE_BOUND('',#2201,.T.);
#763=FACE_BOUND('',#2202,.T.);
#764=FACE_BOUND('',#2203,.T.);
#765=FACE_BOUND('',#2204,.T.);
#766=FACE_BOUND('',#2205,.T.);
#767=FACE_BOUND('',#2206,.T.);
#768=FACE_BOUND('',#2207,.T.);
#769=FACE_BOUND('',#2208,.T.);
#770=FACE_BOUND('',#2209,.T.);
#771=FACE_BOUND('',#2210,.T.);
#772=FACE_BOUND('',#2211,.T.);
#773=FACE_BOUND('',#2212,.T.);
#774=FACE_BOUND('',#2214,.T.);
#775=FACE_BOUND('',#2220,.T.);
#776=FACE_BOUND('',#2221,.T.);
#777=FACE_BOUND('',#2222,.T.);
#778=FACE_BOUND('',#2223,.T.);
#779=FACE_BOUND('',#2224,.T.);
#780=FACE_BOUND('',#2225,.T.);
#781=FACE_BOUND('',#2226,.T.);
#782=FACE_BOUND('',#2227,.T.);
#783=FACE_BOUND('',#2228,.T.);
#784=FACE_BOUND('',#2229,.T.);
#785=FACE_BOUND('',#2230,.T.);
#786=FACE_BOUND('',#2231,.T.);
#787=FACE_BOUND('',#2232,.T.);
#788=FACE_BOUND('',#2233,.T.);
#789=FACE_BOUND('',#2234,.T.);
#790=FACE_BOUND('',#2235,.T.);
#791=FACE_BOUND('',#2236,.T.);
#792=FACE_BOUND('',#2237,.T.);
#793=FACE_BOUND('',#2238,.T.);
#794=FACE_BOUND('',#2239,.T.);
#795=FACE_BOUND('',#2240,.T.);
#796=FACE_BOUND('',#2241,.T.);
#797=FACE_BOUND('',#2242,.T.);
#798=FACE_BOUND('',#2243,.T.);
#799=FACE_BOUND('',#2244,.T.);
#800=FACE_BOUND('',#2245,.T.);
#801=FACE_BOUND('',#2246,.T.);
#802=FACE_BOUND('',#2247,.T.);
#803=FACE_BOUND('',#2248,.T.);
#804=FACE_BOUND('',#2249,.T.);
#805=FACE_BOUND('',#2250,.T.);
#806=FACE_BOUND('',#2251,.T.);
#807=FACE_BOUND('',#2252,.T.);
#808=FACE_BOUND('',#2253,.T.);
#809=FACE_BOUND('',#2254,.T.);
#810=FACE_BOUND('',#2255,.T.);
#811=FACE_BOUND('',#2256,.T.);
#812=FACE_BOUND('',#2257,.T.);
#813=FACE_BOUND('',#2258,.T.);
#814=FACE_BOUND('',#2259,.T.);
#815=FACE_BOUND('',#2260,.T.);
#816=FACE_BOUND('',#2261,.T.);
#817=FACE_BOUND('',#2262,.T.);
#818=FACE_BOUND('',#2263,.T.);
#819=FACE_BOUND('',#2264,.T.);
#820=FACE_BOUND('',#2265,.T.);
#821=FACE_BOUND('',#2266,.T.);
#822=FACE_BOUND('',#2267,.T.);
#823=FACE_BOUND('',#2268,.T.);
#824=FACE_BOUND('',#2269,.T.);
#825=FACE_BOUND('',#2270,.T.);
#826=FACE_BOUND('',#2271,.T.);
#827=FACE_BOUND('',#2272,.T.);
#828=FACE_BOUND('',#2273,.T.);
#829=FACE_BOUND('',#2274,.T.);
#830=FACE_BOUND('',#2275,.T.);
#831=FACE_BOUND('',#2276,.T.);
#832=FACE_BOUND('',#2277,.T.);
#833=FACE_BOUND('',#2278,.T.);
#834=FACE_BOUND('',#2279,.T.);
#835=FACE_BOUND('',#2280,.T.);
#836=FACE_BOUND('',#2281,.T.);
#837=FACE_BOUND('',#2282,.T.);
#838=FACE_BOUND('',#2283,.T.);
#839=FACE_BOUND('',#2284,.T.);
#840=FACE_BOUND('',#2285,.T.);
#841=FACE_BOUND('',#2288,.T.);
#842=FACE_BOUND('',#2289,.T.);
#843=FACE_BOUND('',#2290,.T.);
#844=FACE_BOUND('',#2291,.T.);
#845=FACE_BOUND('',#2292,.T.);
#846=FACE_BOUND('',#2293,.T.);
#847=FACE_BOUND('',#2294,.T.);
#848=FACE_BOUND('',#2295,.T.);
#849=FACE_BOUND('',#2296,.T.);
#850=FACE_BOUND('',#2297,.T.);
#851=FACE_BOUND('',#2298,.T.);
#852=FACE_BOUND('',#2299,.T.);
#853=FACE_BOUND('',#2300,.T.);
#854=FACE_BOUND('',#2301,.T.);
#855=FACE_BOUND('',#2302,.T.);
#856=FACE_BOUND('',#2303,.T.);
#857=FACE_BOUND('',#2304,.T.);
#858=FACE_BOUND('',#2305,.T.);
#859=FACE_BOUND('',#2306,.T.);
#860=FACE_BOUND('',#2307,.T.);
#861=FACE_BOUND('',#2308,.T.);
#862=FACE_BOUND('',#2309,.T.);
#863=FACE_BOUND('',#2310,.T.);
#864=FACE_BOUND('',#2311,.T.);
#865=FACE_BOUND('',#2312,.T.);
#866=FACE_BOUND('',#2313,.T.);
#867=FACE_BOUND('',#2314,.T.);
#868=FACE_BOUND('',#2315,.T.);
#869=FACE_BOUND('',#2316,.T.);
#870=FACE_BOUND('',#2317,.T.);
#871=FACE_BOUND('',#2318,.T.);
#872=FACE_BOUND('',#2319,.T.);
#873=FACE_BOUND('',#2320,.T.);
#874=FACE_BOUND('',#2321,.T.);
#875=FACE_BOUND('',#2322,.T.);
#876=FACE_BOUND('',#2323,.T.);
#877=FACE_BOUND('',#2324,.T.);
#878=FACE_BOUND('',#2325,.T.);
#879=FACE_BOUND('',#2326,.T.);
#880=FACE_BOUND('',#2327,.T.);
#881=FACE_BOUND('',#2328,.T.);
#882=FACE_BOUND('',#2329,.T.);
#883=FACE_BOUND('',#2330,.T.);
#884=FACE_BOUND('',#2331,.T.);
#885=FACE_BOUND('',#2332,.T.);
#886=FACE_BOUND('',#2333,.T.);
#887=FACE_BOUND('',#2334,.T.);
#888=FACE_BOUND('',#2335,.T.);
#889=FACE_BOUND('',#2336,.T.);
#890=FACE_BOUND('',#2337,.T.);
#891=FACE_BOUND('',#2338,.T.);
#892=FACE_BOUND('',#2339,.T.);
#893=FACE_BOUND('',#2340,.T.);
#894=FACE_BOUND('',#2341,.T.);
#895=FACE_BOUND('',#2342,.T.);
#896=FACE_BOUND('',#2343,.T.);
#897=FACE_BOUND('',#2344,.T.);
#898=FACE_BOUND('',#2345,.T.);
#899=FACE_BOUND('',#2346,.T.);
#900=FACE_BOUND('',#2347,.T.);
#901=FACE_BOUND('',#2348,.T.);
#902=FACE_BOUND('',#2349,.T.);
#903=FACE_BOUND('',#2350,.T.);
#904=FACE_BOUND('',#2351,.T.);
#905=FACE_BOUND('',#2352,.T.);
#906=FACE_BOUND('',#2353,.T.);
#907=FACE_BOUND('',#2354,.T.);
#908=FACE_BOUND('',#2355,.T.);
#909=FACE_BOUND('',#2356,.T.);
#910=FACE_BOUND('',#2357,.T.);
#911=FACE_BOUND('',#2358,.T.);
#912=FACE_BOUND('',#2359,.T.);
#913=FACE_BOUND('',#2360,.T.);
#914=FACE_BOUND('',#2361,.T.);
#915=FACE_BOUND('',#2362,.T.);
#916=FACE_BOUND('',#2363,.T.);
#917=FACE_BOUND('',#2364,.T.);
#918=FACE_BOUND('',#2365,.T.);
#919=FACE_BOUND('',#2366,.T.);
#920=FACE_BOUND('',#2367,.T.);
#921=FACE_BOUND('',#2368,.T.);
#922=FACE_BOUND('',#2369,.T.);
#923=FACE_BOUND('',#2370,.T.);
#924=FACE_BOUND('',#2371,.T.);
#925=FACE_BOUND('',#2372,.T.);
#926=FACE_BOUND('',#2373,.T.);
#927=FACE_BOUND('',#2374,.T.);
#928=FACE_BOUND('',#2375,.T.);
#929=FACE_BOUND('',#2376,.T.);
#930=FACE_BOUND('',#2377,.T.);
#931=FACE_BOUND('',#2378,.T.);
#932=FACE_BOUND('',#2379,.T.);
#933=FACE_BOUND('',#2380,.T.);
#934=FACE_BOUND('',#2381,.T.);
#935=FACE_BOUND('',#2382,.T.);
#936=FACE_BOUND('',#2383,.T.);
#937=FACE_BOUND('',#2384,.T.);
#938=FACE_BOUND('',#2385,.T.);
#939=FACE_BOUND('',#2386,.T.);
#940=FACE_BOUND('',#2387,.T.);
#941=FACE_BOUND('',#2388,.T.);
#942=FACE_BOUND('',#2389,.T.);
#943=FACE_BOUND('',#2390,.T.);
#944=FACE_BOUND('',#2391,.T.);
#945=FACE_BOUND('',#2392,.T.);
#946=FACE_BOUND('',#2393,.T.);
#947=FACE_BOUND('',#2394,.T.);
#948=FACE_BOUND('',#2395,.T.);
#949=FACE_BOUND('',#2396,.T.);
#950=FACE_BOUND('',#2397,.T.);
#951=FACE_BOUND('',#2398,.T.);
#952=FACE_BOUND('',#2399,.T.);
#953=FACE_BOUND('',#2400,.T.);
#954=FACE_BOUND('',#2401,.T.);
#955=FACE_BOUND('',#2402,.T.);
#956=FACE_BOUND('',#2403,.T.);
#957=FACE_BOUND('',#2404,.T.);
#958=FACE_BOUND('',#2405,.T.);
#959=FACE_BOUND('',#2406,.T.);
#960=FACE_BOUND('',#2407,.T.);
#961=FACE_BOUND('',#2408,.T.);
#962=FACE_BOUND('',#2409,.T.);
#963=FACE_BOUND('',#2410,.T.);
#964=FACE_BOUND('',#2411,.T.);
#965=FACE_BOUND('',#2412,.T.);
#966=FACE_BOUND('',#2413,.T.);
#967=FACE_BOUND('',#2414,.T.);
#968=FACE_BOUND('',#2415,.T.);
#969=FACE_BOUND('',#2416,.T.);
#970=FACE_BOUND('',#2417,.T.);
#971=FACE_BOUND('',#2418,.T.);
#972=FACE_BOUND('',#2419,.T.);
#973=FACE_BOUND('',#2420,.T.);
#974=FACE_BOUND('',#2703,.T.);
#975=FACE_BOUND('',#2717,.T.);
#976=SHAPE_REPRESENTATION_RELATIONSHIP('SRR','None',#15215,#980);
#977=SHAPE_REPRESENTATION_RELATIONSHIP('SRR','None',#15214,#981);
#978=SHAPE_REPRESENTATION_RELATIONSHIP('SRR','None',#15216,#982);
#979=SHAPE_REPRESENTATION_RELATIONSHIP('SRR','None',#15209,#983);
#980=ADVANCED_BREP_SHAPE_REPRESENTATION('',(#996,#997,#998,#999,#1000,#1001),
#15179);
#981=ADVANCED_BREP_SHAPE_REPRESENTATION('',(#1002,#1003),#15178);
#982=ADVANCED_BREP_SHAPE_REPRESENTATION('',(#1004),#15180);
#983=ADVANCED_BREP_SHAPE_REPRESENTATION('',(#1005),#15173);
#984=STYLED_ITEM('',(#15257),#996);
#985=STYLED_ITEM('',(#15258),#997);
#986=STYLED_ITEM('',(#15259),#998);
#987=STYLED_ITEM('',(#15257),#999);
#988=STYLED_ITEM('',(#15260),#8228);
#989=STYLED_ITEM('',(#15257),#1000);
#990=STYLED_ITEM('',(#15261),#1001);
#991=STYLED_ITEM('',(#15255),#8260);
#992=STYLED_ITEM('',(#15254),#1002);
#993=STYLED_ITEM('',(#15256),#1003);
#994=STYLED_ITEM('',(#15253),#1004);
#995=STYLED_ITEM('',(#15253),#1005);
#996=MANIFOLD_SOLID_BREP('Body1',#8601);
#997=MANIFOLD_SOLID_BREP('Body2',#8602);
#998=MANIFOLD_SOLID_BREP('Body3',#8603);
#999=MANIFOLD_SOLID_BREP('Body4',#8604);
#1000=MANIFOLD_SOLID_BREP('Body5',#8605);
#1001=MANIFOLD_SOLID_BREP('Body6',#8606);
#1002=MANIFOLD_SOLID_BREP('Body1',#8607);
#1003=MANIFOLD_SOLID_BREP('Body2',#8608);
#1004=MANIFOLD_SOLID_BREP('Body1',#8609);
#1005=MANIFOLD_SOLID_BREP('Body1',#8610);
#1006=CYLINDRICAL_SURFACE('',#8664,1.5);
#1007=CYLINDRICAL_SURFACE('',#8665,1.);
#1008=CYLINDRICAL_SURFACE('',#8669,0.8);
#1009=CYLINDRICAL_SURFACE('',#8670,0.5);
#1010=CYLINDRICAL_SURFACE('',#8671,0.7);
#1011=CYLINDRICAL_SURFACE('',#8672,1.);
#1012=CYLINDRICAL_SURFACE('',#8703,0.5);
#1013=CYLINDRICAL_SURFACE('',#8704,0.7);
#1014=CYLINDRICAL_SURFACE('',#8705,0.8);
#1015=CYLINDRICAL_SURFACE('',#8706,1.);
#1016=CYLINDRICAL_SURFACE('',#8750,1.5);
#1017=CYLINDRICAL_SURFACE('',#8751,1.5);
#1018=CYLINDRICAL_SURFACE('',#8752,1.5);
#1019=CYLINDRICAL_SURFACE('',#8753,1.5);
#1020=CYLINDRICAL_SURFACE('',#8754,1.5);
#1021=CYLINDRICAL_SURFACE('',#8755,0.8);
#1022=CYLINDRICAL_SURFACE('',#8756,1.);
#1023=CYLINDRICAL_SURFACE('',#8759,0.8);
#1024=CYLINDRICAL_SURFACE('',#8760,1.);
#1025=CYLINDRICAL_SURFACE('',#8768,0.5);
#1026=CYLINDRICAL_SURFACE('',#8769,0.7);
#1027=CYLINDRICAL_SURFACE('',#8770,0.8);
#1028=CYLINDRICAL_SURFACE('',#8771,1.);
#1029=CYLINDRICAL_SURFACE('',#8792,4.4);
#1030=CYLINDRICAL_SURFACE('',#8794,4.4);
#1031=CYLINDRICAL_SURFACE('',#8796,4.4);
#1032=CYLINDRICAL_SURFACE('',#8798,4.4);
#1033=CYLINDRICAL_SURFACE('',#8805,0.8);
#1034=CYLINDRICAL_SURFACE('',#8812,0.8);
#1035=CYLINDRICAL_SURFACE('',#8814,0.8);
#1036=CYLINDRICAL_SURFACE('',#8820,0.8);
#1037=CYLINDRICAL_SURFACE('',#8834,1.1);
#1038=CYLINDRICAL_SURFACE('',#8838,1.1);
#1039=CYLINDRICAL_SURFACE('',#9301,0.499999999999998);
#1040=CYLINDRICAL_SURFACE('',#9302,0.5);
#1041=CYLINDRICAL_SURFACE('',#9303,0.5);
#1042=CYLINDRICAL_SURFACE('',#9304,0.5);
#1043=CYLINDRICAL_SURFACE('',#9306,0.5);
#1044=CYLINDRICAL_SURFACE('',#9308,0.5);
#1045=CYLINDRICAL_SURFACE('',#9309,0.5);
#1046=CYLINDRICAL_SURFACE('',#9310,0.499999999999998);
#1047=CYLINDRICAL_SURFACE('',#9312,0.499999999999998);
#1048=CYLINDRICAL_SURFACE('',#9314,0.5);
#1049=CYLINDRICAL_SURFACE('',#9315,0.499999999999998);
#1050=CYLINDRICAL_SURFACE('',#9317,0.499999999999998);
#1051=CYLINDRICAL_SURFACE('',#9319,0.499999999999998);
#1052=CYLINDRICAL_SURFACE('',#9320,0.499999999999998);
#1053=CYLINDRICAL_SURFACE('',#9321,0.499999999999998);
#1054=CYLINDRICAL_SURFACE('',#9323,0.499999999999998);
#1055=CYLINDRICAL_SURFACE('',#9325,0.5);
#1056=CYLINDRICAL_SURFACE('',#9327,0.5);
#1057=CYLINDRICAL_SURFACE('',#9329,0.5);
#1058=CYLINDRICAL_SURFACE('',#9331,0.5);
#1059=CYLINDRICAL_SURFACE('',#9333,0.5);
#1060=CYLINDRICAL_SURFACE('',#9334,0.5);
#1061=CYLINDRICAL_SURFACE('',#9335,0.499999999999998);
#1062=CYLINDRICAL_SURFACE('',#9336,0.499999999999998);
#1063=CYLINDRICAL_SURFACE('',#9337,0.5);
#1064=CYLINDRICAL_SURFACE('',#9339,0.5);
#1065=CYLINDRICAL_SURFACE('',#9341,0.5);
#1066=CYLINDRICAL_SURFACE('',#9342,0.5);
#1067=CYLINDRICAL_SURFACE('',#9343,0.5);
#1068=CYLINDRICAL_SURFACE('',#9345,0.5);
#1069=CYLINDRICAL_SURFACE('',#9347,0.499999999999998);
#1070=CYLINDRICAL_SURFACE('',#9348,0.499999999999998);
#1071=CYLINDRICAL_SURFACE('',#9349,0.5);
#1072=CYLINDRICAL_SURFACE('',#9350,0.5);
#1073=CYLINDRICAL_SURFACE('',#9351,0.5);
#1074=CYLINDRICAL_SURFACE('',#9352,0.5);
#1075=CYLINDRICAL_SURFACE('',#9353,0.499999999999998);
#1076=CYLINDRICAL_SURFACE('',#9355,0.499999999999998);
#1077=CYLINDRICAL_SURFACE('',#9357,0.5);
#1078=CYLINDRICAL_SURFACE('',#9358,0.499999999999998);
#1079=CYLINDRICAL_SURFACE('',#9359,0.499999999999998);
#1080=CYLINDRICAL_SURFACE('',#9360,0.499999999999998);
#1081=CYLINDRICAL_SURFACE('',#9361,0.499999999999998);
#1082=CYLINDRICAL_SURFACE('',#9362,0.5);
#1083=CYLINDRICAL_SURFACE('',#9363,0.5);
#1084=CYLINDRICAL_SURFACE('',#9364,0.5);
#1085=CYLINDRICAL_SURFACE('',#9365,0.5);
#1086=CYLINDRICAL_SURFACE('',#9366,0.499999999999998);
#1087=CYLINDRICAL_SURFACE('',#9367,0.5);
#1088=CYLINDRICAL_SURFACE('',#9369,0.5);
#1089=CYLINDRICAL_SURFACE('',#9371,0.5);
#1090=CYLINDRICAL_SURFACE('',#9372,0.5);
#1091=CYLINDRICAL_SURFACE('',#9373,0.5);
#1092=CYLINDRICAL_SURFACE('',#9374,0.5);
#1093=CYLINDRICAL_SURFACE('',#9375,0.5);
#1094=CYLINDRICAL_SURFACE('',#9376,0.5);
#1095=CYLINDRICAL_SURFACE('',#9377,0.5);
#1096=CYLINDRICAL_SURFACE('',#9378,0.5);
#1097=CYLINDRICAL_SURFACE('',#9379,0.5);
#1098=CYLINDRICAL_SURFACE('',#9380,0.5);
#1099=CYLINDRICAL_SURFACE('',#9381,0.5);
#1100=CYLINDRICAL_SURFACE('',#9382,0.499999999999998);
#1101=CYLINDRICAL_SURFACE('',#9383,0.499999999999998);
#1102=CYLINDRICAL_SURFACE('',#9384,0.5);
#1103=CYLINDRICAL_SURFACE('',#9386,0.5);
#1104=CYLINDRICAL_SURFACE('',#9388,0.5);
#1105=CYLINDRICAL_SURFACE('',#9390,0.5);
#1106=CYLINDRICAL_SURFACE('',#9392,0.499999999999998);
#1107=CYLINDRICAL_SURFACE('',#9393,0.499999999999998);
#1108=CYLINDRICAL_SURFACE('',#9394,0.5);
#1109=CYLINDRICAL_SURFACE('',#9395,0.5);
#1110=CYLINDRICAL_SURFACE('',#9396,0.5);
#1111=CYLINDRICAL_SURFACE('',#9397,0.5);
#1112=CYLINDRICAL_SURFACE('',#9398,0.5);
#1113=CYLINDRICAL_SURFACE('',#9399,0.499999999999998);
#1114=CYLINDRICAL_SURFACE('',#9400,0.499999999999998);
#1115=CYLINDRICAL_SURFACE('',#9401,0.499999999999998);
#1116=CYLINDRICAL_SURFACE('',#9402,0.499999999999998);
#1117=CYLINDRICAL_SURFACE('',#9403,0.499999999999998);
#1118=CYLINDRICAL_SURFACE('',#9404,0.5);
#1119=CYLINDRICAL_SURFACE('',#9405,0.5);
#1120=CYLINDRICAL_SURFACE('',#9406,0.5);
#1121=CYLINDRICAL_SURFACE('',#9407,0.5);
#1122=CYLINDRICAL_SURFACE('',#9409,0.5);
#1123=CYLINDRICAL_SURFACE('',#9411,0.499999999999998);
#1124=CYLINDRICAL_SURFACE('',#9412,0.499999999999998);
#1125=CYLINDRICAL_SURFACE('',#9413,0.5);
#1126=CYLINDRICAL_SURFACE('',#9414,0.5);
#1127=CYLINDRICAL_SURFACE('',#9415,0.499999999999998);
#1128=CYLINDRICAL_SURFACE('',#9416,0.499999999999998);
#1129=CYLINDRICAL_SURFACE('',#9417,0.499999999999998);
#1130=CYLINDRICAL_SURFACE('',#9418,0.499999999999998);
#1131=CYLINDRICAL_SURFACE('',#9419,0.499999999999998);
#1132=CYLINDRICAL_SURFACE('',#9420,0.5);
#1133=CYLINDRICAL_SURFACE('',#9422,0.5);
#1134=CYLINDRICAL_SURFACE('',#9424,0.499999999999998);
#1135=CYLINDRICAL_SURFACE('',#9426,0.499999999999998);
#1136=CYLINDRICAL_SURFACE('',#9428,0.5);
#1137=CYLINDRICAL_SURFACE('',#9430,0.5);
#1138=CYLINDRICAL_SURFACE('',#9432,0.499999999999998);
#1139=CYLINDRICAL_SURFACE('',#9433,0.499999999999998);
#1140=CYLINDRICAL_SURFACE('',#9434,0.499999999999998);
#1141=CYLINDRICAL_SURFACE('',#9435,0.499999999999998);
#1142=CYLINDRICAL_SURFACE('',#9436,0.5);
#1143=CYLINDRICAL_SURFACE('',#9437,0.5);
#1144=CYLINDRICAL_SURFACE('',#9438,0.499999999999998);
#1145=CYLINDRICAL_SURFACE('',#9440,0.499999999999998);
#1146=CYLINDRICAL_SURFACE('',#9442,0.5);
#1147=CYLINDRICAL_SURFACE('',#9443,0.5);
#1148=CYLINDRICAL_SURFACE('',#9444,0.5);
#1149=CYLINDRICAL_SURFACE('',#9445,0.5);
#1150=CYLINDRICAL_SURFACE('',#9446,0.5);
#1151=CYLINDRICAL_SURFACE('',#9448,0.5);
#1152=CYLINDRICAL_SURFACE('',#9450,0.5);
#1153=CYLINDRICAL_SURFACE('',#9451,0.5);
#1154=CYLINDRICAL_SURFACE('',#9452,0.499999999999998);
#1155=CYLINDRICAL_SURFACE('',#9453,0.499999999999998);
#1156=CYLINDRICAL_SURFACE('',#9454,0.499999999999998);
#1157=CYLINDRICAL_SURFACE('',#9456,0.499999999999998);
#1158=CYLINDRICAL_SURFACE('',#9458,0.5);
#1159=CYLINDRICAL_SURFACE('',#9459,0.5);
#1160=CYLINDRICAL_SURFACE('',#9460,0.5);
#1161=CYLINDRICAL_SURFACE('',#9462,0.5);
#1162=CYLINDRICAL_SURFACE('',#9464,0.499999999999998);
#1163=CYLINDRICAL_SURFACE('',#9465,0.5);
#1164=CYLINDRICAL_SURFACE('',#9467,0.5);
#1165=CYLINDRICAL_SURFACE('',#9469,0.5);
#1166=CYLINDRICAL_SURFACE('',#9470,0.5);
#1167=CYLINDRICAL_SURFACE('',#9471,0.499999999999998);
#1168=CYLINDRICAL_SURFACE('',#9472,0.499999999999998);
#1169=CYLINDRICAL_SURFACE('',#9473,0.5);
#1170=CYLINDRICAL_SURFACE('',#9475,0.5);
#1171=CYLINDRICAL_SURFACE('',#9477,0.5);
#1172=CYLINDRICAL_SURFACE('',#9478,0.5);
#1173=CYLINDRICAL_SURFACE('',#9479,0.499999999999998);
#1174=CYLINDRICAL_SURFACE('',#9481,0.499999999999998);
#1175=CYLINDRICAL_SURFACE('',#9483,0.499999999999998);
#1176=CYLINDRICAL_SURFACE('',#9484,0.499999999999998);
#1177=CYLINDRICAL_SURFACE('',#9485,0.499999999999998);
#1178=CYLINDRICAL_SURFACE('',#9486,0.499999999999998);
#1179=CYLINDRICAL_SURFACE('',#9487,0.499999999999998);
#1180=CYLINDRICAL_SURFACE('',#9488,0.5);
#1181=CYLINDRICAL_SURFACE('',#9489,0.5);
#1182=CYLINDRICAL_SURFACE('',#9490,0.5);
#1183=CYLINDRICAL_SURFACE('',#9491,0.5);
#1184=CYLINDRICAL_SURFACE('',#9492,0.499999999999998);
#1185=CYLINDRICAL_SURFACE('',#9493,0.499999999999998);
#1186=CYLINDRICAL_SURFACE('',#9494,0.499999999999998);
#1187=CYLINDRICAL_SURFACE('',#9495,0.499999999999998);
#1188=CYLINDRICAL_SURFACE('',#9496,0.5);
#1189=CYLINDRICAL_SURFACE('',#9497,0.5);
#1190=CYLINDRICAL_SURFACE('',#9498,0.499999999999998);
#1191=CYLINDRICAL_SURFACE('',#9499,0.5);
#1192=CYLINDRICAL_SURFACE('',#9500,0.499999999999998);
#1193=CYLINDRICAL_SURFACE('',#9501,0.499999999999998);
#1194=CYLINDRICAL_SURFACE('',#9502,0.499999999999998);
#1195=CYLINDRICAL_SURFACE('',#9503,0.499999999999998);
#1196=CYLINDRICAL_SURFACE('',#9504,0.499999999999998);
#1197=CYLINDRICAL_SURFACE('',#9505,0.5);
#1198=CYLINDRICAL_SURFACE('',#9506,0.5);
#1199=CYLINDRICAL_SURFACE('',#9507,0.5);
#1200=CYLINDRICAL_SURFACE('',#9508,0.5);
#1201=CYLINDRICAL_SURFACE('',#9509,0.5);
#1202=CYLINDRICAL_SURFACE('',#9510,0.5);
#1203=CYLINDRICAL_SURFACE('',#9511,0.5);
#1204=CYLINDRICAL_SURFACE('',#9513,0.5);
#1205=CYLINDRICAL_SURFACE('',#9515,0.5);
#1206=CYLINDRICAL_SURFACE('',#9516,0.5);
#1207=CYLINDRICAL_SURFACE('',#9517,0.5);
#1208=CYLINDRICAL_SURFACE('',#9518,0.5);
#1209=CYLINDRICAL_SURFACE('',#9519,0.5);
#1210=CYLINDRICAL_SURFACE('',#9520,0.5);
#1211=CYLINDRICAL_SURFACE('',#9521,0.499999999999998);
#1212=CYLINDRICAL_SURFACE('',#9522,0.499999999999998);
#1213=CYLINDRICAL_SURFACE('',#9523,0.5);
#1214=CYLINDRICAL_SURFACE('',#9524,0.5);
#1215=CYLINDRICAL_SURFACE('',#9525,0.5);
#1216=CYLINDRICAL_SURFACE('',#9526,0.499999999999998);
#1217=CYLINDRICAL_SURFACE('',#9527,0.499999999999998);
#1218=CYLINDRICAL_SURFACE('',#9528,0.499999999999998);
#1219=CYLINDRICAL_SURFACE('',#9529,0.499999999999998);
#1220=CYLINDRICAL_SURFACE('',#9530,0.5);
#1221=CYLINDRICAL_SURFACE('',#9531,0.5);
#1222=CYLINDRICAL_SURFACE('',#9532,0.5);
#1223=CYLINDRICAL_SURFACE('',#9533,0.5);
#1224=CYLINDRICAL_SURFACE('',#9534,0.5);
#1225=CYLINDRICAL_SURFACE('',#9535,0.5);
#1226=CYLINDRICAL_SURFACE('',#9536,0.5);
#1227=CYLINDRICAL_SURFACE('',#9537,0.5);
#1228=CYLINDRICAL_SURFACE('',#9538,0.5);
#1229=CYLINDRICAL_SURFACE('',#9539,0.499999999999998);
#1230=CYLINDRICAL_SURFACE('',#9541,0.499999999999998);
#1231=CYLINDRICAL_SURFACE('',#9543,0.499999999999998);
#1232=CYLINDRICAL_SURFACE('',#9545,0.499999999999998);
#1233=CYLINDRICAL_SURFACE('',#9547,0.5);
#1234=CYLINDRICAL_SURFACE('',#9548,0.5);
#1235=CYLINDRICAL_SURFACE('',#9549,0.5);
#1236=CYLINDRICAL_SURFACE('',#9550,0.5);
#1237=CYLINDRICAL_SURFACE('',#9551,0.499999999999998);
#1238=CYLINDRICAL_SURFACE('',#9552,0.499999999999998);
#1239=CYLINDRICAL_SURFACE('',#9553,0.499999999999998);
#1240=CYLINDRICAL_SURFACE('',#9554,0.5);
#1241=CYLINDRICAL_SURFACE('',#9556,0.5);
#1242=CYLINDRICAL_SURFACE('',#9558,0.5);
#1243=CYLINDRICAL_SURFACE('',#9560,0.5);
#1244=CYLINDRICAL_SURFACE('',#9562,0.499999999999998);
#1245=CYLINDRICAL_SURFACE('',#9563,0.499999999999998);
#1246=CYLINDRICAL_SURFACE('',#9564,0.499999999999998);
#1247=CYLINDRICAL_SURFACE('',#9566,0.499999999999998);
#1248=CYLINDRICAL_SURFACE('',#9568,0.499999999999998);
#1249=CYLINDRICAL_SURFACE('',#9570,0.499999999999998);
#1250=CYLINDRICAL_SURFACE('',#9572,0.5);
#1251=CYLINDRICAL_SURFACE('',#9574,0.5);
#1252=CYLINDRICAL_SURFACE('',#9576,0.5);
#1253=CYLINDRICAL_SURFACE('',#9577,0.5);
#1254=CYLINDRICAL_SURFACE('',#9578,0.5);
#1255=CYLINDRICAL_SURFACE('',#9579,0.5);
#1256=CYLINDRICAL_SURFACE('',#9580,0.499999999999998);
#1257=CYLINDRICAL_SURFACE('',#9582,0.499999999999998);
#1258=CYLINDRICAL_SURFACE('',#9584,0.5);
#1259=CYLINDRICAL_SURFACE('',#9585,0.5);
#1260=CYLINDRICAL_SURFACE('',#9586,0.5);
#1261=CYLINDRICAL_SURFACE('',#9587,0.5);
#1262=CYLINDRICAL_SURFACE('',#9588,0.5);
#1263=CYLINDRICAL_SURFACE('',#9589,0.5);
#1264=CYLINDRICAL_SURFACE('',#9590,0.5);
#1265=CYLINDRICAL_SURFACE('',#9592,0.5);
#1266=CYLINDRICAL_SURFACE('',#9594,0.5);
#1267=CYLINDRICAL_SURFACE('',#9595,0.5);
#1268=CYLINDRICAL_SURFACE('',#9596,0.499999999999998);
#1269=CYLINDRICAL_SURFACE('',#9597,0.499999999999998);
#1270=CYLINDRICAL_SURFACE('',#9598,2.5);
#1271=CYLINDRICAL_SURFACE('',#9608,2.4);
#1272=CYLINDRICAL_SURFACE('',#9612,3.);
#1273=CIRCLE('',#8645,1.);
#1274=CIRCLE('',#8646,0.8);
#1275=CIRCLE('',#8647,0.5);
#1276=CIRCLE('',#8648,0.7);
#1277=CIRCLE('',#8651,1.);
#1278=CIRCLE('',#8652,0.7);
#1279=CIRCLE('',#8653,0.5);
#1280=CIRCLE('',#8654,0.8);
#1281=CIRCLE('',#8659,1.);
#1282=CIRCLE('',#8660,1.5);
#1283=CIRCLE('',#8662,1.5);
#1284=CIRCLE('',#8663,1.);
#1285=CIRCLE('',#8687,1.);
#1286=CIRCLE('',#8688,0.8);
#1287=CIRCLE('',#8689,0.5);
#1288=CIRCLE('',#8690,0.7);
#1289=CIRCLE('',#8693,1.);
#1290=CIRCLE('',#8694,0.7);
#1291=CIRCLE('',#8695,0.5);
#1292=CIRCLE('',#8696,0.8);
#1293=CIRCLE('',#8709,1.);
#1294=CIRCLE('',#8710,0.8);
#1295=CIRCLE('',#8711,0.8);
#1296=CIRCLE('',#8712,1.);
#1297=CIRCLE('',#8715,1.);
#1298=CIRCLE('',#8716,1.);
#1299=CIRCLE('',#8717,0.8);
#1300=CIRCLE('',#8718,0.8);
#1301=CIRCLE('',#8723,1.5);
#1302=CIRCLE('',#8724,1.5);
#1303=CIRCLE('',#8725,1.5);
#1304=CIRCLE('',#8726,1.5);
#1305=CIRCLE('',#8727,1.5);
#1306=CIRCLE('',#8729,1.);
#1307=CIRCLE('',#8730,0.8);
#1308=CIRCLE('',#8731,0.7);
#1309=CIRCLE('',#8734,1.);
#1310=CIRCLE('',#8735,0.7);
#1311=CIRCLE('',#8736,0.5);
#1312=CIRCLE('',#8737,0.8);
#1313=CIRCLE('',#8745,1.5);
#1314=CIRCLE('',#8746,1.5);
#1315=CIRCLE('',#8747,1.5);
#1316=CIRCLE('',#8748,1.5);
#1317=CIRCLE('',#8749,1.5);
#1318=CIRCLE('',#8764,0.7);
#1319=CIRCLE('',#8765,0.5);
#1320=CIRCLE('',#8779,3.6);
#1321=CIRCLE('',#8780,3.6);
#1322=CIRCLE('',#8781,3.6);
#1323=CIRCLE('',#8782,3.6);
#1324=CIRCLE('',#8788,4.4);
#1325=CIRCLE('',#8789,4.4);
#1326=CIRCLE('',#8790,4.4);
#1327=CIRCLE('',#8791,4.4);
#1328=CIRCLE('',#8793,4.4);
#1329=CIRCLE('',#8795,4.4);
#1330=CIRCLE('',#8797,4.4);
#1331=CIRCLE('',#8799,4.4);
#1332=CIRCLE('',#8806,0.8);
#1333=CIRCLE('',#8807,0.8);
#1334=CIRCLE('',#8809,0.8);
#1335=CIRCLE('',#8811,0.8);
#1336=CIRCLE('',#8813,0.8);
#1337=CIRCLE('',#8815,0.8);
#1338=CIRCLE('',#8817,0.8);
#1339=CIRCLE('',#8819,0.8);
#1340=CIRCLE('',#8835,1.1);
#1341=CIRCLE('',#8836,1.1);
#1342=CIRCLE('',#8839,1.1);
#1343=CIRCLE('',#8840,1.1);
#1344=CIRCLE('',#8984,2.5);
#1345=CIRCLE('',#9089,2.5);
#1346=CIRCLE('',#9090,4.99999999999999);
#1347=CIRCLE('',#9092,4.99999999999999);
#1348=CIRCLE('',#9094,4.99999999999997);
#1349=CIRCLE('',#9095,5.);
#1350=CIRCLE('',#9305,0.500000000000001);
#1351=CIRCLE('',#9311,0.499999999999998);
#1352=CIRCLE('',#9316,0.499999999999998);
#1353=CIRCLE('',#9322,0.499999999999998);
#1354=CIRCLE('',#9326,0.500000000000001);
#1355=CIRCLE('',#9330,0.500000000000001);
#1356=CIRCLE('',#9338,0.5);
#1357=CIRCLE('',#9344,0.5);
#1358=CIRCLE('',#9354,0.499999999999998);
#1359=CIRCLE('',#9368,0.500000000000001);
#1360=CIRCLE('',#9385,0.500000000000001);
#1361=CIRCLE('',#9389,0.5);
#1362=CIRCLE('',#9408,0.5);
#1363=CIRCLE('',#9421,0.500000000000001);
#1364=CIRCLE('',#9425,0.499999999999998);
#1365=CIRCLE('',#9429,0.500000000000001);
#1366=CIRCLE('',#9439,0.499999999999998);
#1367=CIRCLE('',#9447,0.500000000000001);
#1368=CIRCLE('',#9455,0.499999999999998);
#1369=CIRCLE('',#9461,0.500000000000001);
#1370=CIRCLE('',#9466,0.5);
#1371=CIRCLE('',#9474,0.500000000000001);
#1372=CIRCLE('',#9480,0.499999999999998);
#1373=CIRCLE('',#9512,0.500000000000001);
#1374=CIRCLE('',#9540,0.499999999999998);
#1375=CIRCLE('',#9544,0.499999999999998);
#1376=CIRCLE('',#9555,0.500000000000001);
#1377=CIRCLE('',#9559,0.500000000000001);
#1378=CIRCLE('',#9565,0.499999999999998);
#1379=CIRCLE('',#9569,0.499999999999998);
#1380=CIRCLE('',#9573,0.500000000000001);
#1381=CIRCLE('',#9581,0.499999999999998);
#1382=CIRCLE('',#9591,0.500000000000001);
#1383=CIRCLE('',#9600,3.00000001929505);
#1384=CIRCLE('',#9601,3.00000001929505);
#1385=CIRCLE('',#9602,3.00000001929505);
#1386=CIRCLE('',#9603,3.00000001929505);
#1387=CIRCLE('',#9609,2.4);
#1388=CIRCLE('',#9610,2.4);
#1389=CIRCLE('',#9613,3.);
#1390=CIRCLE('',#9614,3.);
#1391=FACE_OUTER_BOUND('',#1836,.T.);
#1392=FACE_OUTER_BOUND('',#1837,.T.);
#1393=FACE_OUTER_BOUND('',#1838,.T.);
#1394=FACE_OUTER_BOUND('',#1839,.T.);
#1395=FACE_OUTER_BOUND('',#1840,.T.);
#1396=FACE_OUTER_BOUND('',#1841,.T.);
#1397=FACE_OUTER_BOUND('',#1842,.T.);
#1398=FACE_OUTER_BOUND('',#1843,.T.);
#1399=FACE_OUTER_BOUND('',#1844,.T.);
#1400=FACE_OUTER_BOUND('',#1845,.T.);
#1401=FACE_OUTER_BOUND('',#1846,.T.);
#1402=FACE_OUTER_BOUND('',#1847,.T.);
#1403=FACE_OUTER_BOUND('',#1848,.T.);
#1404=FACE_OUTER_BOUND('',#1849,.T.);
#1405=FACE_OUTER_BOUND('',#1850,.T.);
#1406=FACE_OUTER_BOUND('',#1851,.T.);
#1407=FACE_OUTER_BOUND('',#1852,.T.);
#1408=FACE_OUTER_BOUND('',#1853,.T.);
#1409=FACE_OUTER_BOUND('',#1854,.T.);
#1410=FACE_OUTER_BOUND('',#1855,.T.);
#1411=FACE_OUTER_BOUND('',#1856,.T.);
#1412=FACE_OUTER_BOUND('',#1857,.T.);
#1413=FACE_OUTER_BOUND('',#1858,.T.);
#1414=FACE_OUTER_BOUND('',#1859,.T.);
#1415=FACE_OUTER_BOUND('',#1860,.T.);
#1416=FACE_OUTER_BOUND('',#1861,.T.);
#1417=FACE_OUTER_BOUND('',#1862,.T.);
#1418=FACE_OUTER_BOUND('',#1863,.T.);
#1419=FACE_OUTER_BOUND('',#1864,.T.);
#1420=FACE_OUTER_BOUND('',#1865,.T.);
#1421=FACE_OUTER_BOUND('',#1866,.T.);
#1422=FACE_OUTER_BOUND('',#1867,.T.);
#1423=FACE_OUTER_BOUND('',#1868,.T.);
#1424=FACE_OUTER_BOUND('',#1869,.T.);
#1425=FACE_OUTER_BOUND('',#1870,.T.);
#1426=FACE_OUTER_BOUND('',#1871,.T.);
#1427=FACE_OUTER_BOUND('',#1872,.T.);
#1428=FACE_OUTER_BOUND('',#1873,.T.);
#1429=FACE_OUTER_BOUND('',#1874,.T.);
#1430=FACE_OUTER_BOUND('',#1875,.T.);
#1431=FACE_OUTER_BOUND('',#1876,.T.);
#1432=FACE_OUTER_BOUND('',#1877,.T.);
#1433=FACE_OUTER_BOUND('',#1878,.T.);
#1434=FACE_OUTER_BOUND('',#1879,.T.);
#1435=FACE_OUTER_BOUND('',#1880,.T.);
#1436=FACE_OUTER_BOUND('',#1881,.T.);
#1437=FACE_OUTER_BOUND('',#1882,.T.);
#1438=FACE_OUTER_BOUND('',#1883,.T.);
#1439=FACE_OUTER_BOUND('',#1884,.T.);
#1440=FACE_OUTER_BOUND('',#1885,.T.);
#1441=FACE_OUTER_BOUND('',#1886,.T.);
#1442=FACE_OUTER_BOUND('',#1887,.T.);
#1443=FACE_OUTER_BOUND('',#1888,.T.);
#1444=FACE_OUTER_BOUND('',#1889,.T.);
#1445=FACE_OUTER_BOUND('',#1890,.T.);
#1446=FACE_OUTER_BOUND('',#1891,.T.);
#1447=FACE_OUTER_BOUND('',#1892,.T.);
#1448=FACE_OUTER_BOUND('',#1893,.T.);
#1449=FACE_OUTER_BOUND('',#1894,.T.);
#1450=FACE_OUTER_BOUND('',#1895,.T.);
#1451=FACE_OUTER_BOUND('',#1896,.T.);
#1452=FACE_OUTER_BOUND('',#1897,.T.);
#1453=FACE_OUTER_BOUND('',#1898,.T.);
#1454=FACE_OUTER_BOUND('',#1899,.T.);
#1455=FACE_OUTER_BOUND('',#1900,.T.);
#1456=FACE_OUTER_BOUND('',#1901,.T.);
#1457=FACE_OUTER_BOUND('',#1902,.T.);
#1458=FACE_OUTER_BOUND('',#1903,.T.);
#1459=FACE_OUTER_BOUND('',#1904,.T.);
#1460=FACE_OUTER_BOUND('',#1905,.T.);
#1461=FACE_OUTER_BOUND('',#1906,.T.);
#1462=FACE_OUTER_BOUND('',#1907,.T.);
#1463=FACE_OUTER_BOUND('',#1908,.T.);
#1464=FACE_OUTER_BOUND('',#1909,.T.);
#1465=FACE_OUTER_BOUND('',#1910,.T.);
#1466=FACE_OUTER_BOUND('',#1911,.T.);
#1467=FACE_OUTER_BOUND('',#1912,.T.);
#1468=FACE_OUTER_BOUND('',#1913,.T.);
#1469=FACE_OUTER_BOUND('',#1914,.T.);
#1470=FACE_OUTER_BOUND('',#1915,.T.);
#1471=FACE_OUTER_BOUND('',#1916,.T.);
#1472=FACE_OUTER_BOUND('',#1917,.T.);
#1473=FACE_OUTER_BOUND('',#1918,.T.);
#1474=FACE_OUTER_BOUND('',#1919,.T.);
#1475=FACE_OUTER_BOUND('',#1920,.T.);
#1476=FACE_OUTER_BOUND('',#1921,.T.);
#1477=FACE_OUTER_BOUND('',#1922,.T.);
#1478=FACE_OUTER_BOUND('',#1923,.T.);
#1479=FACE_OUTER_BOUND('',#1924,.T.);
#1480=FACE_OUTER_BOUND('',#1925,.T.);
#1481=FACE_OUTER_BOUND('',#1926,.T.);
#1482=FACE_OUTER_BOUND('',#1928,.T.);
#1483=FACE_OUTER_BOUND('',#1929,.T.);
#1484=FACE_OUTER_BOUND('',#1930,.T.);
#1485=FACE_OUTER_BOUND('',#1931,.T.);
#1486=FACE_OUTER_BOUND('',#1932,.T.);
#1487=FACE_OUTER_BOUND('',#1933,.T.);
#1488=FACE_OUTER_BOUND('',#1934,.T.);
#1489=FACE_OUTER_BOUND('',#1935,.T.);
#1490=FACE_OUTER_BOUND('',#1936,.T.);
#1491=FACE_OUTER_BOUND('',#1937,.T.);
#1492=FACE_OUTER_BOUND('',#1938,.T.);
#1493=FACE_OUTER_BOUND('',#1939,.T.);
#1494=FACE_OUTER_BOUND('',#1940,.T.);
#1495=FACE_OUTER_BOUND('',#1941,.T.);
#1496=FACE_OUTER_BOUND('',#1942,.T.);
#1497=FACE_OUTER_BOUND('',#1943,.T.);
#1498=FACE_OUTER_BOUND('',#1944,.T.);
#1499=FACE_OUTER_BOUND('',#1945,.T.);
#1500=FACE_OUTER_BOUND('',#1946,.T.);
#1501=FACE_OUTER_BOUND('',#1947,.T.);
#1502=FACE_OUTER_BOUND('',#1948,.T.);
#1503=FACE_OUTER_BOUND('',#1949,.T.);
#1504=FACE_OUTER_BOUND('',#1950,.T.);
#1505=FACE_OUTER_BOUND('',#1951,.T.);
#1506=FACE_OUTER_BOUND('',#1952,.T.);
#1507=FACE_OUTER_BOUND('',#1953,.T.);
#1508=FACE_OUTER_BOUND('',#1954,.T.);
#1509=FACE_OUTER_BOUND('',#1955,.T.);
#1510=FACE_OUTER_BOUND('',#1956,.T.);
#1511=FACE_OUTER_BOUND('',#1957,.T.);
#1512=FACE_OUTER_BOUND('',#1958,.T.);
#1513=FACE_OUTER_BOUND('',#1959,.T.);
#1514=FACE_OUTER_BOUND('',#1960,.T.);
#1515=FACE_OUTER_BOUND('',#1961,.T.);
#1516=FACE_OUTER_BOUND('',#1962,.T.);
#1517=FACE_OUTER_BOUND('',#1963,.T.);
#1518=FACE_OUTER_BOUND('',#1964,.T.);
#1519=FACE_OUTER_BOUND('',#1965,.T.);
#1520=FACE_OUTER_BOUND('',#1966,.T.);
#1521=FACE_OUTER_BOUND('',#1967,.T.);
#1522=FACE_OUTER_BOUND('',#1968,.T.);
#1523=FACE_OUTER_BOUND('',#1970,.T.);
#1524=FACE_OUTER_BOUND('',#1971,.T.);
#1525=FACE_OUTER_BOUND('',#2105,.T.);
#1526=FACE_OUTER_BOUND('',#2106,.T.);
#1527=FACE_OUTER_BOUND('',#2108,.T.);
#1528=FACE_OUTER_BOUND('',#2109,.T.);
#1529=FACE_OUTER_BOUND('',#2110,.T.);
#1530=FACE_OUTER_BOUND('',#2111,.T.);
#1531=FACE_OUTER_BOUND('',#2112,.T.);
#1532=FACE_OUTER_BOUND('',#2113,.T.);
#1533=FACE_OUTER_BOUND('',#2213,.T.);
#1534=FACE_OUTER_BOUND('',#2215,.T.);
#1535=FACE_OUTER_BOUND('',#2216,.T.);
#1536=FACE_OUTER_BOUND('',#2217,.T.);
#1537=FACE_OUTER_BOUND('',#2218,.T.);
#1538=FACE_OUTER_BOUND('',#2219,.T.);
#1539=FACE_OUTER_BOUND('',#2286,.T.);
#1540=FACE_OUTER_BOUND('',#2287,.T.);
#1541=FACE_OUTER_BOUND('',#2421,.T.);
#1542=FACE_OUTER_BOUND('',#2422,.T.);
#1543=FACE_OUTER_BOUND('',#2423,.T.);
#1544=FACE_OUTER_BOUND('',#2424,.T.);
#1545=FACE_OUTER_BOUND('',#2425,.T.);
#1546=FACE_OUTER_BOUND('',#2426,.T.);
#1547=FACE_OUTER_BOUND('',#2427,.T.);
#1548=FACE_OUTER_BOUND('',#2428,.T.);
#1549=FACE_OUTER_BOUND('',#2429,.T.);
#1550=FACE_OUTER_BOUND('',#2430,.T.);
#1551=FACE_OUTER_BOUND('',#2431,.T.);
#1552=FACE_OUTER_BOUND('',#2432,.T.);
#1553=FACE_OUTER_BOUND('',#2433,.T.);
#1554=FACE_OUTER_BOUND('',#2434,.T.);
#1555=FACE_OUTER_BOUND('',#2435,.T.);
#1556=FACE_OUTER_BOUND('',#2436,.T.);
#1557=FACE_OUTER_BOUND('',#2437,.T.);
#1558=FACE_OUTER_BOUND('',#2438,.T.);
#1559=FACE_OUTER_BOUND('',#2439,.T.);
#1560=FACE_OUTER_BOUND('',#2440,.T.);
#1561=FACE_OUTER_BOUND('',#2441,.T.);
#1562=FACE_OUTER_BOUND('',#2442,.T.);
#1563=FACE_OUTER_BOUND('',#2443,.T.);
#1564=FACE_OUTER_BOUND('',#2444,.T.);
#1565=FACE_OUTER_BOUND('',#2445,.T.);
#1566=FACE_OUTER_BOUND('',#2446,.T.);
#1567=FACE_OUTER_BOUND('',#2447,.T.);
#1568=FACE_OUTER_BOUND('',#2448,.T.);
#1569=FACE_OUTER_BOUND('',#2449,.T.);
#1570=FACE_OUTER_BOUND('',#2450,.T.);
#1571=FACE_OUTER_BOUND('',#2451,.T.);
#1572=FACE_OUTER_BOUND('',#2452,.T.);
#1573=FACE_OUTER_BOUND('',#2453,.T.);
#1574=FACE_OUTER_BOUND('',#2454,.T.);
#1575=FACE_OUTER_BOUND('',#2455,.T.);
#1576=FACE_OUTER_BOUND('',#2456,.T.);
#1577=FACE_OUTER_BOUND('',#2457,.T.);
#1578=FACE_OUTER_BOUND('',#2458,.T.);
#1579=FACE_OUTER_BOUND('',#2459,.T.);
#1580=FACE_OUTER_BOUND('',#2460,.T.);
#1581=FACE_OUTER_BOUND('',#2461,.T.);
#1582=FACE_OUTER_BOUND('',#2462,.T.);
#1583=FACE_OUTER_BOUND('',#2463,.T.);
#1584=FACE_OUTER_BOUND('',#2464,.T.);
#1585=FACE_OUTER_BOUND('',#2465,.T.);
#1586=FACE_OUTER_BOUND('',#2466,.T.);
#1587=FACE_OUTER_BOUND('',#2467,.T.);
#1588=FACE_OUTER_BOUND('',#2468,.T.);
#1589=FACE_OUTER_BOUND('',#2469,.T.);
#1590=FACE_OUTER_BOUND('',#2470,.T.);
#1591=FACE_OUTER_BOUND('',#2471,.T.);
#1592=FACE_OUTER_BOUND('',#2472,.T.);
#1593=FACE_OUTER_BOUND('',#2473,.T.);
#1594=FACE_OUTER_BOUND('',#2474,.T.);
#1595=FACE_OUTER_BOUND('',#2475,.T.);
#1596=FACE_OUTER_BOUND('',#2476,.T.);
#1597=FACE_OUTER_BOUND('',#2477,.T.);
#1598=FACE_OUTER_BOUND('',#2478,.T.);
#1599=FACE_OUTER_BOUND('',#2479,.T.);
#1600=FACE_OUTER_BOUND('',#2480,.T.);
#1601=FACE_OUTER_BOUND('',#2481,.T.);
#1602=FACE_OUTER_BOUND('',#2482,.T.);
#1603=FACE_OUTER_BOUND('',#2483,.T.);
#1604=FACE_OUTER_BOUND('',#2484,.T.);
#1605=FACE_OUTER_BOUND('',#2485,.T.);
#1606=FACE_OUTER_BOUND('',#2486,.T.);
#1607=FACE_OUTER_BOUND('',#2487,.T.);
#1608=FACE_OUTER_BOUND('',#2488,.T.);
#1609=FACE_OUTER_BOUND('',#2489,.T.);
#1610=FACE_OUTER_BOUND('',#2490,.T.);
#1611=FACE_OUTER_BOUND('',#2491,.T.);
#1612=FACE_OUTER_BOUND('',#2492,.T.);
#1613=FACE_OUTER_BOUND('',#2493,.T.);
#1614=FACE_OUTER_BOUND('',#2494,.T.);
#1615=FACE_OUTER_BOUND('',#2495,.T.);
#1616=FACE_OUTER_BOUND('',#2496,.T.);
#1617=FACE_OUTER_BOUND('',#2497,.T.);
#1618=FACE_OUTER_BOUND('',#2498,.T.);
#1619=FACE_OUTER_BOUND('',#2499,.T.);
#1620=FACE_OUTER_BOUND('',#2500,.T.);
#1621=FACE_OUTER_BOUND('',#2501,.T.);
#1622=FACE_OUTER_BOUND('',#2502,.T.);
#1623=FACE_OUTER_BOUND('',#2503,.T.);
#1624=FACE_OUTER_BOUND('',#2504,.T.);
#1625=FACE_OUTER_BOUND('',#2505,.T.);
#1626=FACE_OUTER_BOUND('',#2506,.T.);
#1627=FACE_OUTER_BOUND('',#2507,.T.);
#1628=FACE_OUTER_BOUND('',#2508,.T.);
#1629=FACE_OUTER_BOUND('',#2509,.T.);
#1630=FACE_OUTER_BOUND('',#2510,.T.);
#1631=FACE_OUTER_BOUND('',#2511,.T.);
#1632=FACE_OUTER_BOUND('',#2512,.T.);
#1633=FACE_OUTER_BOUND('',#2513,.T.);
#1634=FACE_OUTER_BOUND('',#2514,.T.);
#1635=FACE_OUTER_BOUND('',#2515,.T.);
#1636=FACE_OUTER_BOUND('',#2516,.T.);
#1637=FACE_OUTER_BOUND('',#2517,.T.);
#1638=FACE_OUTER_BOUND('',#2518,.T.);
#1639=FACE_OUTER_BOUND('',#2519,.T.);
#1640=FACE_OUTER_BOUND('',#2520,.T.);
#1641=FACE_OUTER_BOUND('',#2521,.T.);
#1642=FACE_OUTER_BOUND('',#2522,.T.);
#1643=FACE_OUTER_BOUND('',#2523,.T.);
#1644=FACE_OUTER_BOUND('',#2524,.T.);
#1645=FACE_OUTER_BOUND('',#2525,.T.);
#1646=FACE_OUTER_BOUND('',#2526,.T.);
#1647=FACE_OUTER_BOUND('',#2527,.T.);
#1648=FACE_OUTER_BOUND('',#2528,.T.);
#1649=FACE_OUTER_BOUND('',#2529,.T.);
#1650=FACE_OUTER_BOUND('',#2530,.T.);
#1651=FACE_OUTER_BOUND('',#2531,.T.);
#1652=FACE_OUTER_BOUND('',#2532,.T.);
#1653=FACE_OUTER_BOUND('',#2533,.T.);
#1654=FACE_OUTER_BOUND('',#2534,.T.);
#1655=FACE_OUTER_BOUND('',#2535,.T.);
#1656=FACE_OUTER_BOUND('',#2536,.T.);
#1657=FACE_OUTER_BOUND('',#2537,.T.);
#1658=FACE_OUTER_BOUND('',#2538,.T.);
#1659=FACE_OUTER_BOUND('',#2539,.T.);
#1660=FACE_OUTER_BOUND('',#2540,.T.);
#1661=FACE_OUTER_BOUND('',#2541,.T.);
#1662=FACE_OUTER_BOUND('',#2542,.T.);
#1663=FACE_OUTER_BOUND('',#2543,.T.);
#1664=FACE_OUTER_BOUND('',#2544,.T.);
#1665=FACE_OUTER_BOUND('',#2545,.T.);
#1666=FACE_OUTER_BOUND('',#2546,.T.);
#1667=FACE_OUTER_BOUND('',#2547,.T.);
#1668=FACE_OUTER_BOUND('',#2548,.T.);
#1669=FACE_OUTER_BOUND('',#2549,.T.);
#1670=FACE_OUTER_BOUND('',#2550,.T.);
#1671=FACE_OUTER_BOUND('',#2551,.T.);
#1672=FACE_OUTER_BOUND('',#2552,.T.);
#1673=FACE_OUTER_BOUND('',#2553,.T.);
#1674=FACE_OUTER_BOUND('',#2554,.T.);
#1675=FACE_OUTER_BOUND('',#2555,.T.);
#1676=FACE_OUTER_BOUND('',#2556,.T.);
#1677=FACE_OUTER_BOUND('',#2557,.T.);
#1678=FACE_OUTER_BOUND('',#2558,.T.);
#1679=FACE_OUTER_BOUND('',#2559,.T.);
#1680=FACE_OUTER_BOUND('',#2560,.T.);
#1681=FACE_OUTER_BOUND('',#2561,.T.);
#1682=FACE_OUTER_BOUND('',#2562,.T.);
#1683=FACE_OUTER_BOUND('',#2563,.T.);
#1684=FACE_OUTER_BOUND('',#2564,.T.);
#1685=FACE_OUTER_BOUND('',#2565,.T.);
#1686=FACE_OUTER_BOUND('',#2566,.T.);
#1687=FACE_OUTER_BOUND('',#2567,.T.);
#1688=FACE_OUTER_BOUND('',#2568,.T.);
#1689=FACE_OUTER_BOUND('',#2569,.T.);
#1690=FACE_OUTER_BOUND('',#2570,.T.);
#1691=FACE_OUTER_BOUND('',#2571,.T.);
#1692=FACE_OUTER_BOUND('',#2572,.T.);
#1693=FACE_OUTER_BOUND('',#2573,.T.);
#1694=FACE_OUTER_BOUND('',#2574,.T.);
#1695=FACE_OUTER_BOUND('',#2575,.T.);
#1696=FACE_OUTER_BOUND('',#2576,.T.);
#1697=FACE_OUTER_BOUND('',#2577,.T.);
#1698=FACE_OUTER_BOUND('',#2578,.T.);
#1699=FACE_OUTER_BOUND('',#2579,.T.);
#1700=FACE_OUTER_BOUND('',#2580,.T.);
#1701=FACE_OUTER_BOUND('',#2581,.T.);
#1702=FACE_OUTER_BOUND('',#2582,.T.);
#1703=FACE_OUTER_BOUND('',#2583,.T.);
#1704=FACE_OUTER_BOUND('',#2584,.T.);
#1705=FACE_OUTER_BOUND('',#2585,.T.);
#1706=FACE_OUTER_BOUND('',#2586,.T.);
#1707=FACE_OUTER_BOUND('',#2587,.T.);
#1708=FACE_OUTER_BOUND('',#2588,.T.);
#1709=FACE_OUTER_BOUND('',#2589,.T.);
#1710=FACE_OUTER_BOUND('',#2590,.T.);
#1711=FACE_OUTER_BOUND('',#2591,.T.);
#1712=FACE_OUTER_BOUND('',#2592,.T.);
#1713=FACE_OUTER_BOUND('',#2593,.T.);
#1714=FACE_OUTER_BOUND('',#2594,.T.);
#1715=FACE_OUTER_BOUND('',#2595,.T.);
#1716=FACE_OUTER_BOUND('',#2596,.T.);
#1717=FACE_OUTER_BOUND('',#2597,.T.);
#1718=FACE_OUTER_BOUND('',#2598,.T.);
#1719=FACE_OUTER_BOUND('',#2599,.T.);
#1720=FACE_OUTER_BOUND('',#2600,.T.);
#1721=FACE_OUTER_BOUND('',#2601,.T.);
#1722=FACE_OUTER_BOUND('',#2602,.T.);
#1723=FACE_OUTER_BOUND('',#2603,.T.);
#1724=FACE_OUTER_BOUND('',#2604,.T.);
#1725=FACE_OUTER_BOUND('',#2605,.T.);
#1726=FACE_OUTER_BOUND('',#2606,.T.);
#1727=FACE_OUTER_BOUND('',#2607,.T.);
#1728=FACE_OUTER_BOUND('',#2608,.T.);
#1729=FACE_OUTER_BOUND('',#2609,.T.);
#1730=FACE_OUTER_BOUND('',#2610,.T.);
#1731=FACE_OUTER_BOUND('',#2611,.T.);
#1732=FACE_OUTER_BOUND('',#2612,.T.);
#1733=FACE_OUTER_BOUND('',#2613,.T.);
#1734=FACE_OUTER_BOUND('',#2614,.T.);
#1735=FACE_OUTER_BOUND('',#2615,.T.);
#1736=FACE_OUTER_BOUND('',#2616,.T.);
#1737=FACE_OUTER_BOUND('',#2617,.T.);
#1738=FACE_OUTER_BOUND('',#2618,.T.);
#1739=FACE_OUTER_BOUND('',#2619,.T.);
#1740=FACE_OUTER_BOUND('',#2620,.T.);
#1741=FACE_OUTER_BOUND('',#2621,.T.);
#1742=FACE_OUTER_BOUND('',#2622,.T.);
#1743=FACE_OUTER_BOUND('',#2623,.T.);
#1744=FACE_OUTER_BOUND('',#2624,.T.);
#1745=FACE_OUTER_BOUND('',#2625,.T.);
#1746=FACE_OUTER_BOUND('',#2626,.T.);
#1747=FACE_OUTER_BOUND('',#2627,.T.);
#1748=FACE_OUTER_BOUND('',#2628,.T.);
#1749=FACE_OUTER_BOUND('',#2629,.T.);
#1750=FACE_OUTER_BOUND('',#2630,.T.);
#1751=FACE_OUTER_BOUND('',#2631,.T.);
#1752=FACE_OUTER_BOUND('',#2632,.T.);
#1753=FACE_OUTER_BOUND('',#2633,.T.);
#1754=FACE_OUTER_BOUND('',#2634,.T.);
#1755=FACE_OUTER_BOUND('',#2635,.T.);
#1756=FACE_OUTER_BOUND('',#2636,.T.);
#1757=FACE_OUTER_BOUND('',#2637,.T.);
#1758=FACE_OUTER_BOUND('',#2638,.T.);
#1759=FACE_OUTER_BOUND('',#2639,.T.);
#1760=FACE_OUTER_BOUND('',#2640,.T.);
#1761=FACE_OUTER_BOUND('',#2641,.T.);
#1762=FACE_OUTER_BOUND('',#2642,.T.);
#1763=FACE_OUTER_BOUND('',#2643,.T.);
#1764=FACE_OUTER_BOUND('',#2644,.T.);
#1765=FACE_OUTER_BOUND('',#2645,.T.);
#1766=FACE_OUTER_BOUND('',#2646,.T.);
#1767=FACE_OUTER_BOUND('',#2647,.T.);
#1768=FACE_OUTER_BOUND('',#2648,.T.);
#1769=FACE_OUTER_BOUND('',#2649,.T.);
#1770=FACE_OUTER_BOUND('',#2650,.T.);
#1771=FACE_OUTER_BOUND('',#2651,.T.);
#1772=FACE_OUTER_BOUND('',#2652,.T.);
#1773=FACE_OUTER_BOUND('',#2653,.T.);
#1774=FACE_OUTER_BOUND('',#2654,.T.);
#1775=FACE_OUTER_BOUND('',#2655,.T.);
#1776=FACE_OUTER_BOUND('',#2656,.T.);
#1777=FACE_OUTER_BOUND('',#2657,.T.);
#1778=FACE_OUTER_BOUND('',#2658,.T.);
#1779=FACE_OUTER_BOUND('',#2659,.T.);
#1780=FACE_OUTER_BOUND('',#2660,.T.);
#1781=FACE_OUTER_BOUND('',#2661,.T.);
#1782=FACE_OUTER_BOUND('',#2662,.T.);
#1783=FACE_OUTER_BOUND('',#2663,.T.);
#1784=FACE_OUTER_BOUND('',#2664,.T.);
#1785=FACE_OUTER_BOUND('',#2665,.T.);
#1786=FACE_OUTER_BOUND('',#2666,.T.);
#1787=FACE_OUTER_BOUND('',#2667,.T.);
#1788=FACE_OUTER_BOUND('',#2668,.T.);
#1789=FACE_OUTER_BOUND('',#2669,.T.);
#1790=FACE_OUTER_BOUND('',#2670,.T.);
#1791=FACE_OUTER_BOUND('',#2671,.T.);
#1792=FACE_OUTER_BOUND('',#2672,.T.);
#1793=FACE_OUTER_BOUND('',#2673,.T.);
#1794=FACE_OUTER_BOUND('',#2674,.T.);
#1795=FACE_OUTER_BOUND('',#2675,.T.);
#1796=FACE_OUTER_BOUND('',#2676,.T.);
#1797=FACE_OUTER_BOUND('',#2677,.T.);
#1798=FACE_OUTER_BOUND('',#2678,.T.);
#1799=FACE_OUTER_BOUND('',#2679,.T.);
#1800=FACE_OUTER_BOUND('',#2680,.T.);
#1801=FACE_OUTER_BOUND('',#2681,.T.);
#1802=FACE_OUTER_BOUND('',#2682,.T.);
#1803=FACE_OUTER_BOUND('',#2683,.T.);
#1804=FACE_OUTER_BOUND('',#2684,.T.);
#1805=FACE_OUTER_BOUND('',#2685,.T.);
#1806=FACE_OUTER_BOUND('',#2686,.T.);
#1807=FACE_OUTER_BOUND('',#2687,.T.);
#1808=FACE_OUTER_BOUND('',#2688,.T.);
#1809=FACE_OUTER_BOUND('',#2689,.T.);
#1810=FACE_OUTER_BOUND('',#2690,.T.);
#1811=FACE_OUTER_BOUND('',#2691,.T.);
#1812=FACE_OUTER_BOUND('',#2692,.T.);
#1813=FACE_OUTER_BOUND('',#2693,.T.);
#1814=FACE_OUTER_BOUND('',#2694,.T.);
#1815=FACE_OUTER_BOUND('',#2695,.T.);
#1816=FACE_OUTER_BOUND('',#2696,.T.);
#1817=FACE_OUTER_BOUND('',#2697,.T.);
#1818=FACE_OUTER_BOUND('',#2698,.T.);
#1819=FACE_OUTER_BOUND('',#2699,.T.);
#1820=FACE_OUTER_BOUND('',#2700,.T.);
#1821=FACE_OUTER_BOUND('',#2701,.T.);
#1822=FACE_OUTER_BOUND('',#2702,.T.);
#1823=FACE_OUTER_BOUND('',#2704,.T.);
#1824=FACE_OUTER_BOUND('',#2705,.T.);
#1825=FACE_OUTER_BOUND('',#2706,.T.);
#1826=FACE_OUTER_BOUND('',#2707,.T.);
#1827=FACE_OUTER_BOUND('',#2708,.T.);
#1828=FACE_OUTER_BOUND('',#2709,.T.);
#1829=FACE_OUTER_BOUND('',#2710,.T.);
#1830=FACE_OUTER_BOUND('',#2711,.T.);
#1831=FACE_OUTER_BOUND('',#2712,.T.);
#1832=FACE_OUTER_BOUND('',#2713,.T.);
#1833=FACE_OUTER_BOUND('',#2714,.T.);
#1834=FACE_OUTER_BOUND('',#2715,.T.);
#1835=FACE_OUTER_BOUND('',#2716,.T.);
#1836=EDGE_LOOP('',(#5724,#5725,#5726,#5727));
#1837=EDGE_LOOP('',(#5728,#5729,#5730,#5731));
#1838=EDGE_LOOP('',(#5732,#5733,#5734,#5735));
#1839=EDGE_LOOP('',(#5736,#5737,#5738,#5739,#5740,#5741,#5742,#5743,#5744,
#5745,#5746,#5747));
#1840=EDGE_LOOP('',(#5748,#5749,#5750,#5751));
#1841=EDGE_LOOP('',(#5752,#5753,#5754,#5755,#5756,#5757,#5758,#5759,#5760,
#5761,#5762,#5763));
#1842=EDGE_LOOP('',(#5764,#5765,#5766,#5767));
#1843=EDGE_LOOP('',(#5768,#5769,#5770,#5771));
#1844=EDGE_LOOP('',(#5772,#5773,#5774,#5775));
#1845=EDGE_LOOP('',(#5776,#5777,#5778,#5779,#5780,#5781,#5782,#5783,#5784,
#5785));
#1846=EDGE_LOOP('',(#5786,#5787,#5788,#5789,#5790,#5791,#5792,#5793,#5794,
#5795));
#1847=EDGE_LOOP('',(#5796,#5797,#5798,#5799));
#1848=EDGE_LOOP('',(#5800,#5801,#5802,#5803));
#1849=EDGE_LOOP('',(#5804,#5805,#5806,#5807));
#1850=EDGE_LOOP('',(#5808,#5809,#5810,#5811));
#1851=EDGE_LOOP('',(#5812,#5813,#5814,#5815));
#1852=EDGE_LOOP('',(#5816,#5817,#5818,#5819));
#1853=EDGE_LOOP('',(#5820,#5821,#5822,#5823));
#1854=EDGE_LOOP('',(#5824,#5825,#5826,#5827));
#1855=EDGE_LOOP('',(#5828,#5829,#5830,#5831));
#1856=EDGE_LOOP('',(#5832,#5833,#5834,#5835));
#1857=EDGE_LOOP('',(#5836,#5837,#5838,#5839));
#1858=EDGE_LOOP('',(#5840,#5841,#5842,#5843));
#1859=EDGE_LOOP('',(#5844,#5845,#5846,#5847));
#1860=EDGE_LOOP('',(#5848,#5849,#5850,#5851));
#1861=EDGE_LOOP('',(#5852,#5853,#5854,#5855));
#1862=EDGE_LOOP('',(#5856,#5857,#5858,#5859));
#1863=EDGE_LOOP('',(#5860,#5861,#5862,#5863));
#1864=EDGE_LOOP('',(#5864,#5865,#5866,#5867));
#1865=EDGE_LOOP('',(#5868,#5869,#5870,#5871));
#1866=EDGE_LOOP('',(#5872,#5873,#5874,#5875));
#1867=EDGE_LOOP('',(#5876,#5877,#5878,#5879));
#1868=EDGE_LOOP('',(#5880,#5881,#5882,#5883));
#1869=EDGE_LOOP('',(#5884,#5885,#5886,#5887,#5888,#5889,#5890,#5891,#5892,
#5893,#5894,#5895));
#1870=EDGE_LOOP('',(#5896,#5897,#5898,#5899));
#1871=EDGE_LOOP('',(#5900,#5901,#5902,#5903,#5904,#5905,#5906,#5907,#5908,
#5909,#5910,#5911));
#1872=EDGE_LOOP('',(#5912,#5913,#5914,#5915));
#1873=EDGE_LOOP('',(#5916,#5917,#5918,#5919));
#1874=EDGE_LOOP('',(#5920,#5921,#5922,#5923));
#1875=EDGE_LOOP('',(#5924,#5925,#5926,#5927));
#1876=EDGE_LOOP('',(#5928,#5929,#5930,#5931));
#1877=EDGE_LOOP('',(#5932,#5933,#5934,#5935));
#1878=EDGE_LOOP('',(#5936,#5937,#5938,#5939));
#1879=EDGE_LOOP('',(#5940,#5941,#5942,#5943));
#1880=EDGE_LOOP('',(#5944,#5945,#5946,#5947));
#1881=EDGE_LOOP('',(#5948,#5949,#5950,#5951));
#1882=EDGE_LOOP('',(#5952,#5953,#5954,#5955));
#1883=EDGE_LOOP('',(#5956,#5957,#5958,#5959,#5960,#5961,#5962,#5963,#5964,
#5965,#5966,#5967,#5968,#5969));
#1884=EDGE_LOOP('',(#5970,#5971,#5972,#5973));
#1885=EDGE_LOOP('',(#5974,#5975,#5976,#5977,#5978,#5979,#5980,#5981,#5982,
#5983,#5984,#5985,#5986,#5987));
#1886=EDGE_LOOP('',(#5988,#5989,#5990,#5991));
#1887=EDGE_LOOP('',(#5992,#5993,#5994,#5995));
#1888=EDGE_LOOP('',(#5996,#5997,#5998,#5999));
#1889=EDGE_LOOP('',(#6000,#6001,#6002,#6003,#6004,#6005,#6006,#6007,#6008,
#6009,#6010,#6011,#6012,#6013,#6014,#6015,#6016));
#1890=EDGE_LOOP('',(#6017,#6018,#6019,#6020,#6021,#6022,#6023,#6024));
#1891=EDGE_LOOP('',(#6025,#6026,#6027,#6028));
#1892=EDGE_LOOP('',(#6029,#6030,#6031,#6032,#6033,#6034,#6035,#6036,#6037,
#6038,#6039,#6040));
#1893=EDGE_LOOP('',(#6041,#6042,#6043,#6044));
#1894=EDGE_LOOP('',(#6045,#6046,#6047,#6048));
#1895=EDGE_LOOP('',(#6049,#6050,#6051,#6052));
#1896=EDGE_LOOP('',(#6053,#6054,#6055,#6056));
#1897=EDGE_LOOP('',(#6057,#6058,#6059,#6060));
#1898=EDGE_LOOP('',(#6061,#6062,#6063,#6064));
#1899=EDGE_LOOP('',(#6065,#6066,#6067,#6068,#6069,#6070,#6071,#6072,#6073,
#6074,#6075,#6076,#6077,#6078,#6079,#6080,#6081));
#1900=EDGE_LOOP('',(#6082,#6083,#6084,#6085));
#1901=EDGE_LOOP('',(#6086,#6087,#6088,#6089));
#1902=EDGE_LOOP('',(#6090,#6091,#6092,#6093));
#1903=EDGE_LOOP('',(#6094,#6095,#6096,#6097));
#1904=EDGE_LOOP('',(#6098,#6099,#6100,#6101));
#1905=EDGE_LOOP('',(#6102,#6103,#6104,#6105));
#1906=EDGE_LOOP('',(#6106,#6107,#6108,#6109));
#1907=EDGE_LOOP('',(#6110,#6111,#6112,#6113));
#1908=EDGE_LOOP('',(#6114,#6115,#6116,#6117));
#1909=EDGE_LOOP('',(#6118,#6119,#6120,#6121));
#1910=EDGE_LOOP('',(#6122,#6123,#6124,#6125));
#1911=EDGE_LOOP('',(#6126,#6127,#6128,#6129,#6130,#6131));
#1912=EDGE_LOOP('',(#6132,#6133,#6134,#6135));
#1913=EDGE_LOOP('',(#6136,#6137,#6138,#6139,#6140,#6141));
#1914=EDGE_LOOP('',(#6142,#6143,#6144,#6145));
#1915=EDGE_LOOP('',(#6146,#6147,#6148,#6149));
#1916=EDGE_LOOP('',(#6150,#6151,#6152,#6153));
#1917=EDGE_LOOP('',(#6154,#6155,#6156,#6157,#6158,#6159));
#1918=EDGE_LOOP('',(#6160,#6161,#6162,#6163));
#1919=EDGE_LOOP('',(#6164,#6165,#6166,#6167));
#1920=EDGE_LOOP('',(#6168,#6169,#6170,#6171));
#1921=EDGE_LOOP('',(#6172,#6173,#6174,#6175));
#1922=EDGE_LOOP('',(#6176,#6177,#6178,#6179));
#1923=EDGE_LOOP('',(#6180,#6181,#6182,#6183));
#1924=EDGE_LOOP('',(#6184,#6185,#6186,#6187));
#1925=EDGE_LOOP('',(#6188,#6189,#6190,#6191));
#1926=EDGE_LOOP('',(#6192,#6193,#6194,#6195,#6196,#6197,#6198,#6199));
#1927=EDGE_LOOP('',(#6200,#6201,#6202,#6203));
#1928=EDGE_LOOP('',(#6204,#6205,#6206,#6207));
#1929=EDGE_LOOP('',(#6208,#6209,#6210,#6211));
#1930=EDGE_LOOP('',(#6212,#6213,#6214,#6215));
#1931=EDGE_LOOP('',(#6216,#6217,#6218,#6219));
#1932=EDGE_LOOP('',(#6220,#6221,#6222,#6223,#6224,#6225,#6226,#6227));
#1933=EDGE_LOOP('',(#6228,#6229,#6230,#6231));
#1934=EDGE_LOOP('',(#6232,#6233,#6234,#6235));
#1935=EDGE_LOOP('',(#6236,#6237,#6238,#6239));
#1936=EDGE_LOOP('',(#6240,#6241,#6242,#6243));
#1937=EDGE_LOOP('',(#6244,#6245,#6246,#6247));
#1938=EDGE_LOOP('',(#6248,#6249,#6250,#6251));
#1939=EDGE_LOOP('',(#6252,#6253,#6254,#6255));
#1940=EDGE_LOOP('',(#6256,#6257,#6258,#6259));
#1941=EDGE_LOOP('',(#6260,#6261,#6262,#6263));
#1942=EDGE_LOOP('',(#6264,#6265,#6266,#6267));
#1943=EDGE_LOOP('',(#6268,#6269,#6270,#6271));
#1944=EDGE_LOOP('',(#6272,#6273,#6274,#6275));
#1945=EDGE_LOOP('',(#6276,#6277,#6278,#6279));
#1946=EDGE_LOOP('',(#6280,#6281,#6282,#6283));
#1947=EDGE_LOOP('',(#6284,#6285,#6286,#6287));
#1948=EDGE_LOOP('',(#6288,#6289,#6290,#6291));
#1949=EDGE_LOOP('',(#6292,#6293,#6294,#6295));
#1950=EDGE_LOOP('',(#6296,#6297,#6298,#6299));
#1951=EDGE_LOOP('',(#6300,#6301,#6302,#6303));
#1952=EDGE_LOOP('',(#6304,#6305,#6306,#6307));
#1953=EDGE_LOOP('',(#6308,#6309,#6310,#6311));
#1954=EDGE_LOOP('',(#6312,#6313,#6314,#6315));
#1955=EDGE_LOOP('',(#6316,#6317,#6318,#6319));
#1956=EDGE_LOOP('',(#6320,#6321,#6322,#6323));
#1957=EDGE_LOOP('',(#6324,#6325,#6326,#6327));
#1958=EDGE_LOOP('',(#6328,#6329,#6330,#6331));
#1959=EDGE_LOOP('',(#6332,#6333,#6334,#6335));
#1960=EDGE_LOOP('',(#6336,#6337,#6338,#6339));
#1961=EDGE_LOOP('',(#6340,#6341,#6342,#6343));
#1962=EDGE_LOOP('',(#6344,#6345,#6346,#6347));
#1963=EDGE_LOOP('',(#6348,#6349,#6350,#6351));
#1964=EDGE_LOOP('',(#6352,#6353,#6354,#6355));
#1965=EDGE_LOOP('',(#6356,#6357,#6358,#6359));
#1966=EDGE_LOOP('',(#6360,#6361,#6362,#6363));
#1967=EDGE_LOOP('',(#6364,#6365,#6366,#6367));
#1968=EDGE_LOOP('',(#6368,#6369,#6370,#6371,#6372,#6373,#6374,#6375));
#1969=EDGE_LOOP('',(#6376,#6377,#6378,#6379));
#1970=EDGE_LOOP('',(#6380,#6381,#6382,#6383));
#1971=EDGE_LOOP('',(#6384,#6385,#6386,#6387));
#1972=EDGE_LOOP('',(#6388,#6389,#6390,#6391,#6392,#6393,#6394,#6395));
#1973=EDGE_LOOP('',(#6396));
#1974=EDGE_LOOP('',(#6397));
#1975=EDGE_LOOP('',(#6398));
#1976=EDGE_LOOP('',(#6399));
#1977=EDGE_LOOP('',(#6400));
#1978=EDGE_LOOP('',(#6401));
#1979=EDGE_LOOP('',(#6402));
#1980=EDGE_LOOP('',(#6403));
#1981=EDGE_LOOP('',(#6404));
#1982=EDGE_LOOP('',(#6405));
#1983=EDGE_LOOP('',(#6406));
#1984=EDGE_LOOP('',(#6407));
#1985=EDGE_LOOP('',(#6408));
#1986=EDGE_LOOP('',(#6409));
#1987=EDGE_LOOP('',(#6410));
#1988=EDGE_LOOP('',(#6411));
#1989=EDGE_LOOP('',(#6412));
#1990=EDGE_LOOP('',(#6413));
#1991=EDGE_LOOP('',(#6414));
#1992=EDGE_LOOP('',(#6415));
#1993=EDGE_LOOP('',(#6416));
#1994=EDGE_LOOP('',(#6417));
#1995=EDGE_LOOP('',(#6418));
#1996=EDGE_LOOP('',(#6419));
#1997=EDGE_LOOP('',(#6420));
#1998=EDGE_LOOP('',(#6421));
#1999=EDGE_LOOP('',(#6422));
#2000=EDGE_LOOP('',(#6423));
#2001=EDGE_LOOP('',(#6424));
#2002=EDGE_LOOP('',(#6425));
#2003=EDGE_LOOP('',(#6426));
#2004=EDGE_LOOP('',(#6427));
#2005=EDGE_LOOP('',(#6428));
#2006=EDGE_LOOP('',(#6429));
#2007=EDGE_LOOP('',(#6430));
#2008=EDGE_LOOP('',(#6431));
#2009=EDGE_LOOP('',(#6432));
#2010=EDGE_LOOP('',(#6433));
#2011=EDGE_LOOP('',(#6434));
#2012=EDGE_LOOP('',(#6435));
#2013=EDGE_LOOP('',(#6436));
#2014=EDGE_LOOP('',(#6437));
#2015=EDGE_LOOP('',(#6438));
#2016=EDGE_LOOP('',(#6439));
#2017=EDGE_LOOP('',(#6440));
#2018=EDGE_LOOP('',(#6441));
#2019=EDGE_LOOP('',(#6442));
#2020=EDGE_LOOP('',(#6443));
#2021=EDGE_LOOP('',(#6444));
#2022=EDGE_LOOP('',(#6445));
#2023=EDGE_LOOP('',(#6446));
#2024=EDGE_LOOP('',(#6447));
#2025=EDGE_LOOP('',(#6448));
#2026=EDGE_LOOP('',(#6449));
#2027=EDGE_LOOP('',(#6450));
#2028=EDGE_LOOP('',(#6451));
#2029=EDGE_LOOP('',(#6452));
#2030=EDGE_LOOP('',(#6453));
#2031=EDGE_LOOP('',(#6454));
#2032=EDGE_LOOP('',(#6455));
#2033=EDGE_LOOP('',(#6456));
#2034=EDGE_LOOP('',(#6457));
#2035=EDGE_LOOP('',(#6458));
#2036=EDGE_LOOP('',(#6459));
#2037=EDGE_LOOP('',(#6460));
#2038=EDGE_LOOP('',(#6461));
#2039=EDGE_LOOP('',(#6462));
#2040=EDGE_LOOP('',(#6463));
#2041=EDGE_LOOP('',(#6464));
#2042=EDGE_LOOP('',(#6465));
#2043=EDGE_LOOP('',(#6466));
#2044=EDGE_LOOP('',(#6467));
#2045=EDGE_LOOP('',(#6468));
#2046=EDGE_LOOP('',(#6469));
#2047=EDGE_LOOP('',(#6470));
#2048=EDGE_LOOP('',(#6471));
#2049=EDGE_LOOP('',(#6472));
#2050=EDGE_LOOP('',(#6473));
#2051=EDGE_LOOP('',(#6474));
#2052=EDGE_LOOP('',(#6475));
#2053=EDGE_LOOP('',(#6476));
#2054=EDGE_LOOP('',(#6477));
#2055=EDGE_LOOP('',(#6478));
#2056=EDGE_LOOP('',(#6479));
#2057=EDGE_LOOP('',(#6480));
#2058=EDGE_LOOP('',(#6481));
#2059=EDGE_LOOP('',(#6482));
#2060=EDGE_LOOP('',(#6483));
#2061=EDGE_LOOP('',(#6484));
#2062=EDGE_LOOP('',(#6485));
#2063=EDGE_LOOP('',(#6486));
#2064=EDGE_LOOP('',(#6487));
#2065=EDGE_LOOP('',(#6488));
#2066=EDGE_LOOP('',(#6489));
#2067=EDGE_LOOP('',(#6490));
#2068=EDGE_LOOP('',(#6491));
#2069=EDGE_LOOP('',(#6492));
#2070=EDGE_LOOP('',(#6493));
#2071=EDGE_LOOP('',(#6494));
#2072=EDGE_LOOP('',(#6495));
#2073=EDGE_LOOP('',(#6496));
#2074=EDGE_LOOP('',(#6497));
#2075=EDGE_LOOP('',(#6498));
#2076=EDGE_LOOP('',(#6499));
#2077=EDGE_LOOP('',(#6500));
#2078=EDGE_LOOP('',(#6501));
#2079=EDGE_LOOP('',(#6502));
#2080=EDGE_LOOP('',(#6503));
#2081=EDGE_LOOP('',(#6504));
#2082=EDGE_LOOP('',(#6505));
#2083=EDGE_LOOP('',(#6506));
#2084=EDGE_LOOP('',(#6507));
#2085=EDGE_LOOP('',(#6508));
#2086=EDGE_LOOP('',(#6509));
#2087=EDGE_LOOP('',(#6510));
#2088=EDGE_LOOP('',(#6511));
#2089=EDGE_LOOP('',(#6512));
#2090=EDGE_LOOP('',(#6513));
#2091=EDGE_LOOP('',(#6514));
#2092=EDGE_LOOP('',(#6515));
#2093=EDGE_LOOP('',(#6516));
#2094=EDGE_LOOP('',(#6517));
#2095=EDGE_LOOP('',(#6518));
#2096=EDGE_LOOP('',(#6519));
#2097=EDGE_LOOP('',(#6520));
#2098=EDGE_LOOP('',(#6521));
#2099=EDGE_LOOP('',(#6522));
#2100=EDGE_LOOP('',(#6523));
#2101=EDGE_LOOP('',(#6524));
#2102=EDGE_LOOP('',(#6525));
#2103=EDGE_LOOP('',(#6526));
#2104=EDGE_LOOP('',(#6527));
#2105=EDGE_LOOP('',(#6528,#6529,#6530,#6531));
#2106=EDGE_LOOP('',(#6532,#6533,#6534,#6535));
#2107=EDGE_LOOP('',(#6536));
#2108=EDGE_LOOP('',(#6537,#6538,#6539,#6540));
#2109=EDGE_LOOP('',(#6541,#6542,#6543,#6544));
#2110=EDGE_LOOP('',(#6545,#6546,#6547,#6548));
#2111=EDGE_LOOP('',(#6549,#6550,#6551,#6552));
#2112=EDGE_LOOP('',(#6553,#6554,#6555,#6556,#6557,#6558,#6559,#6560));
#2113=EDGE_LOOP('',(#6561,#6562,#6563,#6564,#6565,#6566,#6567,#6568));
#2114=EDGE_LOOP('',(#6569));
#2115=EDGE_LOOP('',(#6570,#6571));
#2116=EDGE_LOOP('',(#6572));
#2117=EDGE_LOOP('',(#6573,#6574));
#2118=EDGE_LOOP('',(#6575,#6576));
#2119=EDGE_LOOP('',(#6577));
#2120=EDGE_LOOP('',(#6578,#6579));
#2121=EDGE_LOOP('',(#6580,#6581));
#2122=EDGE_LOOP('',(#6582,#6583));
#2123=EDGE_LOOP('',(#6584));
#2124=EDGE_LOOP('',(#6585));
#2125=EDGE_LOOP('',(#6586,#6587));
#2126=EDGE_LOOP('',(#6588));
#2127=EDGE_LOOP('',(#6589,#6590));
#2128=EDGE_LOOP('',(#6591));
#2129=EDGE_LOOP('',(#6592));
#2130=EDGE_LOOP('',(#6593));
#2131=EDGE_LOOP('',(#6594,#6595));
#2132=EDGE_LOOP('',(#6596));
#2133=EDGE_LOOP('',(#6597));
#2134=EDGE_LOOP('',(#6598));
#2135=EDGE_LOOP('',(#6599,#6600));
#2136=EDGE_LOOP('',(#6601));
#2137=EDGE_LOOP('',(#6602));
#2138=EDGE_LOOP('',(#6603));
#2139=EDGE_LOOP('',(#6604));
#2140=EDGE_LOOP('',(#6605));
#2141=EDGE_LOOP('',(#6606,#6607));
#2142=EDGE_LOOP('',(#6608,#6609));
#2143=EDGE_LOOP('',(#6610));
#2144=EDGE_LOOP('',(#6611));
#2145=EDGE_LOOP('',(#6612));
#2146=EDGE_LOOP('',(#6613));
#2147=EDGE_LOOP('',(#6614));
#2148=EDGE_LOOP('',(#6615,#6616));
#2149=EDGE_LOOP('',(#6617));
#2150=EDGE_LOOP('',(#6618));
#2151=EDGE_LOOP('',(#6619));
#2152=EDGE_LOOP('',(#6620));
#2153=EDGE_LOOP('',(#6621,#6622));
#2154=EDGE_LOOP('',(#6623,#6624));
#2155=EDGE_LOOP('',(#6625,#6626));
#2156=EDGE_LOOP('',(#6627));
#2157=EDGE_LOOP('',(#6628));
#2158=EDGE_LOOP('',(#6629));
#2159=EDGE_LOOP('',(#6630,#6631));
#2160=EDGE_LOOP('',(#6632));
#2161=EDGE_LOOP('',(#6633));
#2162=EDGE_LOOP('',(#6634,#6635));
#2163=EDGE_LOOP('',(#6636));
#2164=EDGE_LOOP('',(#6637));
#2165=EDGE_LOOP('',(#6638,#6639));
#2166=EDGE_LOOP('',(#6640));
#2167=EDGE_LOOP('',(#6641,#6642));
#2168=EDGE_LOOP('',(#6643,#6644));
#2169=EDGE_LOOP('',(#6645));
#2170=EDGE_LOOP('',(#6646));
#2171=EDGE_LOOP('',(#6647,#6648));
#2172=EDGE_LOOP('',(#6649));
#2173=EDGE_LOOP('',(#6650,#6651));
#2174=EDGE_LOOP('',(#6652));
#2175=EDGE_LOOP('',(#6653));
#2176=EDGE_LOOP('',(#6654));
#2177=EDGE_LOOP('',(#6655));
#2178=EDGE_LOOP('',(#6656));
#2179=EDGE_LOOP('',(#6657));
#2180=EDGE_LOOP('',(#6658));
#2181=EDGE_LOOP('',(#6659));
#2182=EDGE_LOOP('',(#6660));
#2183=EDGE_LOOP('',(#6661));
#2184=EDGE_LOOP('',(#6662));
#2185=EDGE_LOOP('',(#6663,#6664));
#2186=EDGE_LOOP('',(#6665));
#2187=EDGE_LOOP('',(#6666));
#2188=EDGE_LOOP('',(#6667));
#2189=EDGE_LOOP('',(#6668));
#2190=EDGE_LOOP('',(#6669));
#2191=EDGE_LOOP('',(#6670));
#2192=EDGE_LOOP('',(#6671));
#2193=EDGE_LOOP('',(#6672));
#2194=EDGE_LOOP('',(#6673));
#2195=EDGE_LOOP('',(#6674,#6675));
#2196=EDGE_LOOP('',(#6676,#6677));
#2197=EDGE_LOOP('',(#6678));
#2198=EDGE_LOOP('',(#6679));
#2199=EDGE_LOOP('',(#6680,#6681));
#2200=EDGE_LOOP('',(#6682,#6683));
#2201=EDGE_LOOP('',(#6684,#6685));
#2202=EDGE_LOOP('',(#6686,#6687));
#2203=EDGE_LOOP('',(#6688,#6689));
#2204=EDGE_LOOP('',(#6690));
#2205=EDGE_LOOP('',(#6691));
#2206=EDGE_LOOP('',(#6692,#6693));
#2207=EDGE_LOOP('',(#6694));
#2208=EDGE_LOOP('',(#6695));
#2209=EDGE_LOOP('',(#6696));
#2210=EDGE_LOOP('',(#6697,#6698));
#2211=EDGE_LOOP('',(#6699));
#2212=EDGE_LOOP('',(#6700));
#2213=EDGE_LOOP('',(#6701,#6702,#6703,#6704,#6705));
#2214=EDGE_LOOP('',(#6706));
#2215=EDGE_LOOP('',(#6707,#6708,#6709,#6710));
#2216=EDGE_LOOP('',(#6711,#6712,#6713,#6714,#6715,#6716));
#2217=EDGE_LOOP('',(#6717,#6718,#6719,#6720));
#2218=EDGE_LOOP('',(#6721,#6722,#6723,#6724,#6725,#6726,#6727,#6728));
#2219=EDGE_LOOP('',(#6729,#6730,#6731,#6732,#6733,#6734,#6735,#6736,#6737,
#6738,#6739,#6740,#6741,#6742));
#2220=EDGE_LOOP('',(#6743));
#2221=EDGE_LOOP('',(#6744));
#2222=EDGE_LOOP('',(#6745));
#2223=EDGE_LOOP('',(#6746));
#2224=EDGE_LOOP('',(#6747));
#2225=EDGE_LOOP('',(#6748));
#2226=EDGE_LOOP('',(#6749));
#2227=EDGE_LOOP('',(#6750));
#2228=EDGE_LOOP('',(#6751));
#2229=EDGE_LOOP('',(#6752));
#2230=EDGE_LOOP('',(#6753));
#2231=EDGE_LOOP('',(#6754));
#2232=EDGE_LOOP('',(#6755));
#2233=EDGE_LOOP('',(#6756));
#2234=EDGE_LOOP('',(#6757));
#2235=EDGE_LOOP('',(#6758));
#2236=EDGE_LOOP('',(#6759));
#2237=EDGE_LOOP('',(#6760));
#2238=EDGE_LOOP('',(#6761));
#2239=EDGE_LOOP('',(#6762));
#2240=EDGE_LOOP('',(#6763));
#2241=EDGE_LOOP('',(#6764));
#2242=EDGE_LOOP('',(#6765));
#2243=EDGE_LOOP('',(#6766));
#2244=EDGE_LOOP('',(#6767));
#2245=EDGE_LOOP('',(#6768));
#2246=EDGE_LOOP('',(#6769));
#2247=EDGE_LOOP('',(#6770));
#2248=EDGE_LOOP('',(#6771));
#2249=EDGE_LOOP('',(#6772));
#2250=EDGE_LOOP('',(#6773));
#2251=EDGE_LOOP('',(#6774));
#2252=EDGE_LOOP('',(#6775));
#2253=EDGE_LOOP('',(#6776));
#2254=EDGE_LOOP('',(#6777));
#2255=EDGE_LOOP('',(#6778));
#2256=EDGE_LOOP('',(#6779));
#2257=EDGE_LOOP('',(#6780));
#2258=EDGE_LOOP('',(#6781));
#2259=EDGE_LOOP('',(#6782));
#2260=EDGE_LOOP('',(#6783));
#2261=EDGE_LOOP('',(#6784));
#2262=EDGE_LOOP('',(#6785));
#2263=EDGE_LOOP('',(#6786));
#2264=EDGE_LOOP('',(#6787));
#2265=EDGE_LOOP('',(#6788));
#2266=EDGE_LOOP('',(#6789));
#2267=EDGE_LOOP('',(#6790));
#2268=EDGE_LOOP('',(#6791));
#2269=EDGE_LOOP('',(#6792));
#2270=EDGE_LOOP('',(#6793));
#2271=EDGE_LOOP('',(#6794));
#2272=EDGE_LOOP('',(#6795));
#2273=EDGE_LOOP('',(#6796));
#2274=EDGE_LOOP('',(#6797));
#2275=EDGE_LOOP('',(#6798));
#2276=EDGE_LOOP('',(#6799));
#2277=EDGE_LOOP('',(#6800));
#2278=EDGE_LOOP('',(#6801));
#2279=EDGE_LOOP('',(#6802));
#2280=EDGE_LOOP('',(#6803));
#2281=EDGE_LOOP('',(#6804));
#2282=EDGE_LOOP('',(#6805));
#2283=EDGE_LOOP('',(#6806));
#2284=EDGE_LOOP('',(#6807));
#2285=EDGE_LOOP('',(#6808));
#2286=EDGE_LOOP('',(#6809,#6810,#6811,#6812,#6813));
#2287=EDGE_LOOP('',(#6814,#6815,#6816,#6817));
#2288=EDGE_LOOP('',(#6818));
#2289=EDGE_LOOP('',(#6819));
#2290=EDGE_LOOP('',(#6820));
#2291=EDGE_LOOP('',(#6821));
#2292=EDGE_LOOP('',(#6822));
#2293=EDGE_LOOP('',(#6823));
#2294=EDGE_LOOP('',(#6824));
#2295=EDGE_LOOP('',(#6825));
#2296=EDGE_LOOP('',(#6826));
#2297=EDGE_LOOP('',(#6827));
#2298=EDGE_LOOP('',(#6828));
#2299=EDGE_LOOP('',(#6829));
#2300=EDGE_LOOP('',(#6830));
#2301=EDGE_LOOP('',(#6831));
#2302=EDGE_LOOP('',(#6832));
#2303=EDGE_LOOP('',(#6833));
#2304=EDGE_LOOP('',(#6834));
#2305=EDGE_LOOP('',(#6835));
#2306=EDGE_LOOP('',(#6836));
#2307=EDGE_LOOP('',(#6837));
#2308=EDGE_LOOP('',(#6838));
#2309=EDGE_LOOP('',(#6839));
#2310=EDGE_LOOP('',(#6840));
#2311=EDGE_LOOP('',(#6841));
#2312=EDGE_LOOP('',(#6842));
#2313=EDGE_LOOP('',(#6843));
#2314=EDGE_LOOP('',(#6844));
#2315=EDGE_LOOP('',(#6845));
#2316=EDGE_LOOP('',(#6846));
#2317=EDGE_LOOP('',(#6847));
#2318=EDGE_LOOP('',(#6848));
#2319=EDGE_LOOP('',(#6849));
#2320=EDGE_LOOP('',(#6850));
#2321=EDGE_LOOP('',(#6851));
#2322=EDGE_LOOP('',(#6852));
#2323=EDGE_LOOP('',(#6853));
#2324=EDGE_LOOP('',(#6854));
#2325=EDGE_LOOP('',(#6855));
#2326=EDGE_LOOP('',(#6856));
#2327=EDGE_LOOP('',(#6857));
#2328=EDGE_LOOP('',(#6858));
#2329=EDGE_LOOP('',(#6859));
#2330=EDGE_LOOP('',(#6860));
#2331=EDGE_LOOP('',(#6861));
#2332=EDGE_LOOP('',(#6862));
#2333=EDGE_LOOP('',(#6863));
#2334=EDGE_LOOP('',(#6864));
#2335=EDGE_LOOP('',(#6865));
#2336=EDGE_LOOP('',(#6866));
#2337=EDGE_LOOP('',(#6867));
#2338=EDGE_LOOP('',(#6868));
#2339=EDGE_LOOP('',(#6869));
#2340=EDGE_LOOP('',(#6870));
#2341=EDGE_LOOP('',(#6871));
#2342=EDGE_LOOP('',(#6872));
#2343=EDGE_LOOP('',(#6873));
#2344=EDGE_LOOP('',(#6874));
#2345=EDGE_LOOP('',(#6875));
#2346=EDGE_LOOP('',(#6876));
#2347=EDGE_LOOP('',(#6877));
#2348=EDGE_LOOP('',(#6878));
#2349=EDGE_LOOP('',(#6879));
#2350=EDGE_LOOP('',(#6880));
#2351=EDGE_LOOP('',(#6881));
#2352=EDGE_LOOP('',(#6882));
#2353=EDGE_LOOP('',(#6883));
#2354=EDGE_LOOP('',(#6884));
#2355=EDGE_LOOP('',(#6885));
#2356=EDGE_LOOP('',(#6886));
#2357=EDGE_LOOP('',(#6887));
#2358=EDGE_LOOP('',(#6888));
#2359=EDGE_LOOP('',(#6889));
#2360=EDGE_LOOP('',(#6890));
#2361=EDGE_LOOP('',(#6891));
#2362=EDGE_LOOP('',(#6892));
#2363=EDGE_LOOP('',(#6893));
#2364=EDGE_LOOP('',(#6894));
#2365=EDGE_LOOP('',(#6895));
#2366=EDGE_LOOP('',(#6896));
#2367=EDGE_LOOP('',(#6897));
#2368=EDGE_LOOP('',(#6898));
#2369=EDGE_LOOP('',(#6899));
#2370=EDGE_LOOP('',(#6900));
#2371=EDGE_LOOP('',(#6901));
#2372=EDGE_LOOP('',(#6902));
#2373=EDGE_LOOP('',(#6903));
#2374=EDGE_LOOP('',(#6904));
#2375=EDGE_LOOP('',(#6905));
#2376=EDGE_LOOP('',(#6906));
#2377=EDGE_LOOP('',(#6907));
#2378=EDGE_LOOP('',(#6908));
#2379=EDGE_LOOP('',(#6909));
#2380=EDGE_LOOP('',(#6910));
#2381=EDGE_LOOP('',(#6911));
#2382=EDGE_LOOP('',(#6912));
#2383=EDGE_LOOP('',(#6913));
#2384=EDGE_LOOP('',(#6914));
#2385=EDGE_LOOP('',(#6915));
#2386=EDGE_LOOP('',(#6916));
#2387=EDGE_LOOP('',(#6917));
#2388=EDGE_LOOP('',(#6918));
#2389=EDGE_LOOP('',(#6919));
#2390=EDGE_LOOP('',(#6920));
#2391=EDGE_LOOP('',(#6921));
#2392=EDGE_LOOP('',(#6922));
#2393=EDGE_LOOP('',(#6923));
#2394=EDGE_LOOP('',(#6924));
#2395=EDGE_LOOP('',(#6925));
#2396=EDGE_LOOP('',(#6926));
#2397=EDGE_LOOP('',(#6927));
#2398=EDGE_LOOP('',(#6928));
#2399=EDGE_LOOP('',(#6929));
#2400=EDGE_LOOP('',(#6930));
#2401=EDGE_LOOP('',(#6931));
#2402=EDGE_LOOP('',(#6932));
#2403=EDGE_LOOP('',(#6933));
#2404=EDGE_LOOP('',(#6934));
#2405=EDGE_LOOP('',(#6935));
#2406=EDGE_LOOP('',(#6936));
#2407=EDGE_LOOP('',(#6937));
#2408=EDGE_LOOP('',(#6938));
#2409=EDGE_LOOP('',(#6939));
#2410=EDGE_LOOP('',(#6940));
#2411=EDGE_LOOP('',(#6941));
#2412=EDGE_LOOP('',(#6942));
#2413=EDGE_LOOP('',(#6943));
#2414=EDGE_LOOP('',(#6944));
#2415=EDGE_LOOP('',(#6945));
#2416=EDGE_LOOP('',(#6946));
#2417=EDGE_LOOP('',(#6947));
#2418=EDGE_LOOP('',(#6948));
#2419=EDGE_LOOP('',(#6949));
#2420=EDGE_LOOP('',(#6950,#6951,#6952,#6953,#6954,#6955,#6956,#6957));
#2421=EDGE_LOOP('',(#6958,#6959,#6960,#6961,#6962));
#2422=EDGE_LOOP('',(#6963,#6964,#6965,#6966,#6967));
#2423=EDGE_LOOP('',(#6968,#6969,#6970,#6971));
#2424=EDGE_LOOP('',(#6972,#6973,#6974,#6975));
#2425=EDGE_LOOP('',(#6976,#6977,#6978,#6979));
#2426=EDGE_LOOP('',(#6980,#6981,#6982,#6983));
#2427=EDGE_LOOP('',(#6984,#6985,#6986,#6987));
#2428=EDGE_LOOP('',(#6988,#6989,#6990,#6991));
#2429=EDGE_LOOP('',(#6992,#6993,#6994,#6995));
#2430=EDGE_LOOP('',(#6996,#6997,#6998,#6999));
#2431=EDGE_LOOP('',(#7000,#7001,#7002,#7003));
#2432=EDGE_LOOP('',(#7004,#7005,#7006,#7007));
#2433=EDGE_LOOP('',(#7008,#7009,#7010,#7011));
#2434=EDGE_LOOP('',(#7012,#7013,#7014,#7015));
#2435=EDGE_LOOP('',(#7016,#7017,#7018,#7019));
#2436=EDGE_LOOP('',(#7020,#7021,#7022,#7023));
#2437=EDGE_LOOP('',(#7024,#7025,#7026,#7027));
#2438=EDGE_LOOP('',(#7028,#7029,#7030,#7031));
#2439=EDGE_LOOP('',(#7032,#7033,#7034,#7035));
#2440=EDGE_LOOP('',(#7036,#7037));
#2441=EDGE_LOOP('',(#7038,#7039,#7040,#7041));
#2442=EDGE_LOOP('',(#7042,#7043));
#2443=EDGE_LOOP('',(#7044,#7045,#7046,#7047));
#2444=EDGE_LOOP('',(#7048,#7049,#7050,#7051));
#2445=EDGE_LOOP('',(#7052,#7053));
#2446=EDGE_LOOP('',(#7054,#7055,#7056,#7057));
#2447=EDGE_LOOP('',(#7058,#7059));
#2448=EDGE_LOOP('',(#7060,#7061,#7062,#7063));
#2449=EDGE_LOOP('',(#7064,#7065));
#2450=EDGE_LOOP('',(#7066,#7067,#7068,#7069));
#2451=EDGE_LOOP('',(#7070,#7071));
#2452=EDGE_LOOP('',(#7072,#7073,#7074,#7075));
#2453=EDGE_LOOP('',(#7076,#7077,#7078,#7079));
#2454=EDGE_LOOP('',(#7080,#7081));
#2455=EDGE_LOOP('',(#7082,#7083,#7084,#7085));
#2456=EDGE_LOOP('',(#7086,#7087));
#2457=EDGE_LOOP('',(#7088,#7089));
#2458=EDGE_LOOP('',(#7090,#7091,#7092,#7093));
#2459=EDGE_LOOP('',(#7094,#7095));
#2460=EDGE_LOOP('',(#7096,#7097));
#2461=EDGE_LOOP('',(#7098,#7099,#7100,#7101));
#2462=EDGE_LOOP('',(#7102,#7103));
#2463=EDGE_LOOP('',(#7104,#7105,#7106,#7107));
#2464=EDGE_LOOP('',(#7108,#7109,#7110,#7111));
#2465=EDGE_LOOP('',(#7112,#7113,#7114,#7115));
#2466=EDGE_LOOP('',(#7116,#7117,#7118,#7119));
#2467=EDGE_LOOP('',(#7120,#7121));
#2468=EDGE_LOOP('',(#7122,#7123,#7124,#7125));
#2469=EDGE_LOOP('',(#7126,#7127));
#2470=EDGE_LOOP('',(#7128,#7129,#7130,#7131));
#2471=EDGE_LOOP('',(#7132,#7133,#7134,#7135));
#2472=EDGE_LOOP('',(#7136,#7137));
#2473=EDGE_LOOP('',(#7138,#7139,#7140,#7141));
#2474=EDGE_LOOP('',(#7142,#7143));
#2475=EDGE_LOOP('',(#7144,#7145,#7146,#7147));
#2476=EDGE_LOOP('',(#7148,#7149,#7150,#7151));
#2477=EDGE_LOOP('',(#7152,#7153,#7154,#7155));
#2478=EDGE_LOOP('',(#7156,#7157,#7158,#7159));
#2479=EDGE_LOOP('',(#7160,#7161,#7162,#7163));
#2480=EDGE_LOOP('',(#7164,#7165,#7166,#7167));
#2481=EDGE_LOOP('',(#7168,#7169));
#2482=EDGE_LOOP('',(#7170,#7171,#7172,#7173));
#2483=EDGE_LOOP('',(#7174,#7175));
#2484=EDGE_LOOP('',(#7176,#7177,#7178,#7179));
#2485=EDGE_LOOP('',(#7180,#7181,#7182,#7183));
#2486=EDGE_LOOP('',(#7184,#7185,#7186,#7187));
#2487=EDGE_LOOP('',(#7188,#7189,#7190,#7191));
#2488=EDGE_LOOP('',(#7192,#7193,#7194,#7195));
#2489=EDGE_LOOP('',(#7196,#7197,#7198,#7199));
#2490=EDGE_LOOP('',(#7200,#7201,#7202,#7203));
#2491=EDGE_LOOP('',(#7204,#7205,#7206,#7207));
#2492=EDGE_LOOP('',(#7208,#7209,#7210,#7211));
#2493=EDGE_LOOP('',(#7212,#7213,#7214,#7215));
#2494=EDGE_LOOP('',(#7216,#7217));
#2495=EDGE_LOOP('',(#7218,#7219,#7220,#7221));
#2496=EDGE_LOOP('',(#7222,#7223));
#2497=EDGE_LOOP('',(#7224,#7225,#7226,#7227));
#2498=EDGE_LOOP('',(#7228,#7229,#7230,#7231));
#2499=EDGE_LOOP('',(#7232,#7233,#7234,#7235));
#2500=EDGE_LOOP('',(#7236,#7237,#7238,#7239));
#2501=EDGE_LOOP('',(#7240,#7241,#7242,#7243));
#2502=EDGE_LOOP('',(#7244,#7245,#7246,#7247));
#2503=EDGE_LOOP('',(#7248,#7249,#7250,#7251));
#2504=EDGE_LOOP('',(#7252,#7253,#7254,#7255));
#2505=EDGE_LOOP('',(#7256,#7257,#7258,#7259));
#2506=EDGE_LOOP('',(#7260,#7261,#7262,#7263));
#2507=EDGE_LOOP('',(#7264,#7265,#7266,#7267));
#2508=EDGE_LOOP('',(#7268,#7269,#7270,#7271));
#2509=EDGE_LOOP('',(#7272,#7273,#7274,#7275));
#2510=EDGE_LOOP('',(#7276,#7277));
#2511=EDGE_LOOP('',(#7278,#7279,#7280,#7281));
#2512=EDGE_LOOP('',(#7282,#7283));
#2513=EDGE_LOOP('',(#7284,#7285));
#2514=EDGE_LOOP('',(#7286,#7287,#7288,#7289));
#2515=EDGE_LOOP('',(#7290,#7291));
#2516=EDGE_LOOP('',(#7292,#7293,#7294,#7295));
#2517=EDGE_LOOP('',(#7296,#7297,#7298,#7299));
#2518=EDGE_LOOP('',(#7300,#7301,#7302,#7303));
#2519=EDGE_LOOP('',(#7304,#7305,#7306,#7307));
#2520=EDGE_LOOP('',(#7308,#7309,#7310,#7311));
#2521=EDGE_LOOP('',(#7312,#7313,#7314,#7315));
#2522=EDGE_LOOP('',(#7316,#7317,#7318,#7319));
#2523=EDGE_LOOP('',(#7320,#7321,#7322,#7323));
#2524=EDGE_LOOP('',(#7324,#7325,#7326,#7327));
#2525=EDGE_LOOP('',(#7328,#7329,#7330,#7331));
#2526=EDGE_LOOP('',(#7332,#7333,#7334,#7335));
#2527=EDGE_LOOP('',(#7336,#7337,#7338,#7339));
#2528=EDGE_LOOP('',(#7340,#7341,#7342,#7343));
#2529=EDGE_LOOP('',(#7344,#7345,#7346,#7347));
#2530=EDGE_LOOP('',(#7348,#7349,#7350,#7351));
#2531=EDGE_LOOP('',(#7352,#7353));
#2532=EDGE_LOOP('',(#7354,#7355,#7356,#7357));
#2533=EDGE_LOOP('',(#7358,#7359));
#2534=EDGE_LOOP('',(#7360,#7361,#7362,#7363));
#2535=EDGE_LOOP('',(#7364,#7365,#7366,#7367));
#2536=EDGE_LOOP('',(#7368,#7369,#7370,#7371));
#2537=EDGE_LOOP('',(#7372,#7373,#7374,#7375));
#2538=EDGE_LOOP('',(#7376,#7377,#7378,#7379));
#2539=EDGE_LOOP('',(#7380,#7381,#7382,#7383));
#2540=EDGE_LOOP('',(#7384,#7385,#7386,#7387));
#2541=EDGE_LOOP('',(#7388,#7389,#7390,#7391));
#2542=EDGE_LOOP('',(#7392,#7393,#7394,#7395));
#2543=EDGE_LOOP('',(#7396,#7397));
#2544=EDGE_LOOP('',(#7398,#7399,#7400,#7401));
#2545=EDGE_LOOP('',(#7402,#7403));
#2546=EDGE_LOOP('',(#7404,#7405));
#2547=EDGE_LOOP('',(#7406,#7407,#7408,#7409));
#2548=EDGE_LOOP('',(#7410,#7411));
#2549=EDGE_LOOP('',(#7412,#7413));
#2550=EDGE_LOOP('',(#7414,#7415,#7416,#7417));
#2551=EDGE_LOOP('',(#7418,#7419));
#2552=EDGE_LOOP('',(#7420,#7421,#7422,#7423));
#2553=EDGE_LOOP('',(#7424,#7425,#7426,#7427));
#2554=EDGE_LOOP('',(#7428,#7429,#7430,#7431));
#2555=EDGE_LOOP('',(#7432,#7433,#7434,#7435));
#2556=EDGE_LOOP('',(#7436,#7437,#7438,#7439));
#2557=EDGE_LOOP('',(#7440,#7441,#7442,#7443));
#2558=EDGE_LOOP('',(#7444,#7445));
#2559=EDGE_LOOP('',(#7446,#7447,#7448,#7449));
#2560=EDGE_LOOP('',(#7450,#7451));
#2561=EDGE_LOOP('',(#7452,#7453,#7454,#7455));
#2562=EDGE_LOOP('',(#7456,#7457,#7458,#7459));
#2563=EDGE_LOOP('',(#7460,#7461,#7462,#7463));
#2564=EDGE_LOOP('',(#7464,#7465,#7466,#7467));
#2565=EDGE_LOOP('',(#7468,#7469));
#2566=EDGE_LOOP('',(#7470,#7471,#7472,#7473));
#2567=EDGE_LOOP('',(#7474,#7475));
#2568=EDGE_LOOP('',(#7476,#7477,#7478,#7479));
#2569=EDGE_LOOP('',(#7480,#7481,#7482,#7483));
#2570=EDGE_LOOP('',(#7484,#7485,#7486,#7487));
#2571=EDGE_LOOP('',(#7488,#7489,#7490,#7491));
#2572=EDGE_LOOP('',(#7492,#7493));
#2573=EDGE_LOOP('',(#7494,#7495,#7496,#7497));
#2574=EDGE_LOOP('',(#7498,#7499));
#2575=EDGE_LOOP('',(#7500,#7501,#7502,#7503));
#2576=EDGE_LOOP('',(#7504,#7505,#7506,#7507));
#2577=EDGE_LOOP('',(#7508,#7509));
#2578=EDGE_LOOP('',(#7510,#7511,#7512,#7513));
#2579=EDGE_LOOP('',(#7514,#7515));
#2580=EDGE_LOOP('',(#7516,#7517,#7518,#7519));
#2581=EDGE_LOOP('',(#7520,#7521));
#2582=EDGE_LOOP('',(#7522,#7523,#7524,#7525));
#2583=EDGE_LOOP('',(#7526,#7527));
#2584=EDGE_LOOP('',(#7528,#7529,#7530,#7531));
#2585=EDGE_LOOP('',(#7532,#7533,#7534,#7535));
#2586=EDGE_LOOP('',(#7536,#7537,#7538,#7539));
#2587=EDGE_LOOP('',(#7540,#7541,#7542,#7543));
#2588=EDGE_LOOP('',(#7544,#7545));
#2589=EDGE_LOOP('',(#7546,#7547,#7548,#7549));
#2590=EDGE_LOOP('',(#7550,#7551));
#2591=EDGE_LOOP('',(#7552,#7553,#7554,#7555));
#2592=EDGE_LOOP('',(#7556,#7557,#7558,#7559));
#2593=EDGE_LOOP('',(#7560,#7561));
#2594=EDGE_LOOP('',(#7562,#7563,#7564,#7565));
#2595=EDGE_LOOP('',(#7566,#7567));
#2596=EDGE_LOOP('',(#7568,#7569,#7570,#7571));
#2597=EDGE_LOOP('',(#7572,#7573,#7574,#7575));
#2598=EDGE_LOOP('',(#7576,#7577,#7578,#7579));
#2599=EDGE_LOOP('',(#7580,#7581,#7582,#7583));
#2600=EDGE_LOOP('',(#7584,#7585,#7586,#7587));
#2601=EDGE_LOOP('',(#7588,#7589,#7590,#7591));
#2602=EDGE_LOOP('',(#7592,#7593,#7594,#7595));
#2603=EDGE_LOOP('',(#7596,#7597,#7598,#7599));
#2604=EDGE_LOOP('',(#7600,#7601,#7602,#7603));
#2605=EDGE_LOOP('',(#7604,#7605,#7606,#7607));
#2606=EDGE_LOOP('',(#7608,#7609,#7610,#7611));
#2607=EDGE_LOOP('',(#7612,#7613,#7614,#7615));
#2608=EDGE_LOOP('',(#7616,#7617,#7618,#7619));
#2609=EDGE_LOOP('',(#7620,#7621,#7622,#7623));
#2610=EDGE_LOOP('',(#7624,#7625,#7626,#7627));
#2611=EDGE_LOOP('',(#7628,#7629,#7630,#7631));
#2612=EDGE_LOOP('',(#7632,#7633,#7634,#7635));
#2613=EDGE_LOOP('',(#7636,#7637,#7638,#7639));
#2614=EDGE_LOOP('',(#7640,#7641,#7642,#7643));
#2615=EDGE_LOOP('',(#7644,#7645,#7646,#7647));
#2616=EDGE_LOOP('',(#7648,#7649,#7650,#7651));
#2617=EDGE_LOOP('',(#7652,#7653,#7654,#7655));
#2618=EDGE_LOOP('',(#7656,#7657,#7658,#7659));
#2619=EDGE_LOOP('',(#7660,#7661,#7662,#7663));
#2620=EDGE_LOOP('',(#7664,#7665,#7666,#7667));
#2621=EDGE_LOOP('',(#7668,#7669,#7670,#7671));
#2622=EDGE_LOOP('',(#7672,#7673,#7674,#7675));
#2623=EDGE_LOOP('',(#7676,#7677,#7678,#7679));
#2624=EDGE_LOOP('',(#7680,#7681));
#2625=EDGE_LOOP('',(#7682,#7683,#7684,#7685));
#2626=EDGE_LOOP('',(#7686,#7687));
#2627=EDGE_LOOP('',(#7688,#7689,#7690,#7691));
#2628=EDGE_LOOP('',(#7692,#7693,#7694,#7695));
#2629=EDGE_LOOP('',(#7696,#7697,#7698,#7699));
#2630=EDGE_LOOP('',(#7700,#7701,#7702,#7703));
#2631=EDGE_LOOP('',(#7704,#7705,#7706,#7707));
#2632=EDGE_LOOP('',(#7708,#7709,#7710,#7711));
#2633=EDGE_LOOP('',(#7712,#7713,#7714,#7715));
#2634=EDGE_LOOP('',(#7716,#7717,#7718,#7719));
#2635=EDGE_LOOP('',(#7720,#7721,#7722,#7723));
#2636=EDGE_LOOP('',(#7724,#7725,#7726,#7727));
#2637=EDGE_LOOP('',(#7728,#7729,#7730,#7731));
#2638=EDGE_LOOP('',(#7732,#7733,#7734,#7735));
#2639=EDGE_LOOP('',(#7736,#7737,#7738,#7739));
#2640=EDGE_LOOP('',(#7740,#7741,#7742,#7743));
#2641=EDGE_LOOP('',(#7744,#7745,#7746,#7747));
#2642=EDGE_LOOP('',(#7748,#7749,#7750,#7751));
#2643=EDGE_LOOP('',(#7752,#7753,#7754,#7755));
#2644=EDGE_LOOP('',(#7756,#7757,#7758,#7759));
#2645=EDGE_LOOP('',(#7760,#7761,#7762,#7763));
#2646=EDGE_LOOP('',(#7764,#7765,#7766,#7767));
#2647=EDGE_LOOP('',(#7768,#7769,#7770,#7771));
#2648=EDGE_LOOP('',(#7772,#7773,#7774,#7775));
#2649=EDGE_LOOP('',(#7776,#7777,#7778,#7779));
#2650=EDGE_LOOP('',(#7780,#7781,#7782,#7783));
#2651=EDGE_LOOP('',(#7784,#7785));
#2652=EDGE_LOOP('',(#7786,#7787,#7788,#7789));
#2653=EDGE_LOOP('',(#7790,#7791));
#2654=EDGE_LOOP('',(#7792,#7793));
#2655=EDGE_LOOP('',(#7794,#7795,#7796,#7797));
#2656=EDGE_LOOP('',(#7798,#7799));
#2657=EDGE_LOOP('',(#7800,#7801,#7802,#7803));
#2658=EDGE_LOOP('',(#7804,#7805,#7806,#7807));
#2659=EDGE_LOOP('',(#7808,#7809,#7810,#7811));
#2660=EDGE_LOOP('',(#7812,#7813,#7814,#7815));
#2661=EDGE_LOOP('',(#7816,#7817,#7818,#7819));
#2662=EDGE_LOOP('',(#7820,#7821,#7822,#7823));
#2663=EDGE_LOOP('',(#7824,#7825,#7826,#7827));
#2664=EDGE_LOOP('',(#7828,#7829));
#2665=EDGE_LOOP('',(#7830,#7831,#7832,#7833));
#2666=EDGE_LOOP('',(#7834,#7835));
#2667=EDGE_LOOP('',(#7836,#7837));
#2668=EDGE_LOOP('',(#7838,#7839,#7840,#7841));
#2669=EDGE_LOOP('',(#7842,#7843));
#2670=EDGE_LOOP('',(#7844,#7845,#7846,#7847));
#2671=EDGE_LOOP('',(#7848,#7849,#7850,#7851));
#2672=EDGE_LOOP('',(#7852,#7853));
#2673=EDGE_LOOP('',(#7854,#7855,#7856,#7857));
#2674=EDGE_LOOP('',(#7858,#7859));
#2675=EDGE_LOOP('',(#7860,#7861));
#2676=EDGE_LOOP('',(#7862,#7863,#7864,#7865));
#2677=EDGE_LOOP('',(#7866,#7867));
#2678=EDGE_LOOP('',(#7868,#7869));
#2679=EDGE_LOOP('',(#7870,#7871,#7872,#7873));
#2680=EDGE_LOOP('',(#7874,#7875));
#2681=EDGE_LOOP('',(#7876,#7877,#7878,#7879));
#2682=EDGE_LOOP('',(#7880,#7881,#7882,#7883));
#2683=EDGE_LOOP('',(#7884,#7885,#7886,#7887));
#2684=EDGE_LOOP('',(#7888,#7889,#7890,#7891));
#2685=EDGE_LOOP('',(#7892,#7893));
#2686=EDGE_LOOP('',(#7894,#7895,#7896,#7897));
#2687=EDGE_LOOP('',(#7898,#7899));
#2688=EDGE_LOOP('',(#7900,#7901,#7902,#7903));
#2689=EDGE_LOOP('',(#7904,#7905,#7906,#7907));
#2690=EDGE_LOOP('',(#7908,#7909,#7910,#7911));
#2691=EDGE_LOOP('',(#7912,#7913,#7914,#7915));
#2692=EDGE_LOOP('',(#7916,#7917,#7918,#7919));
#2693=EDGE_LOOP('',(#7920,#7921,#7922,#7923));
#2694=EDGE_LOOP('',(#7924,#7925));
#2695=EDGE_LOOP('',(#7926,#7927,#7928,#7929));
#2696=EDGE_LOOP('',(#7930,#7931));
#2697=EDGE_LOOP('',(#7932,#7933,#7934,#7935));
#2698=EDGE_LOOP('',(#7936,#7937,#7938,#7939));
#2699=EDGE_LOOP('',(#7940,#7941,#7942,#7943));
#2700=EDGE_LOOP('',(#7944,#7945,#7946,#7947));
#2701=EDGE_LOOP('',(#7948,#7949,#7950,#7951));
#2702=EDGE_LOOP('',(#7952,#7953,#7954,#7955,#7956,#7957,#7958,#7959));
#2703=EDGE_LOOP('',(#7960,#7961,#7962,#7963));
#2704=EDGE_LOOP('',(#7964,#7965,#7966,#7967));
#2705=EDGE_LOOP('',(#7968,#7969,#7970,#7971));
#2706=EDGE_LOOP('',(#7972,#7973,#7974,#7975));
#2707=EDGE_LOOP('',(#7976,#7977,#7978,#7979));
#2708=EDGE_LOOP('',(#7980,#7981,#7982,#7983));
#2709=EDGE_LOOP('',(#7984,#7985,#7986,#7987));
#2710=EDGE_LOOP('',(#7988,#7989,#7990,#7991));
#2711=EDGE_LOOP('',(#7992,#7993,#7994,#7995));
#2712=EDGE_LOOP('',(#7996,#7997,#7998,#7999));
#2713=EDGE_LOOP('',(#8000));
#2714=EDGE_LOOP('',(#8001,#8002,#8003,#8004));
#2715=EDGE_LOOP('',(#8005));
#2716=EDGE_LOOP('',(#8006));
#2717=EDGE_LOOP('',(#8007));
#2718=LINE('',#12153,#3272);
#2719=LINE('',#12155,#3273);
#2720=LINE('',#12157,#3274);
#2721=LINE('',#12158,#3275);
#2722=LINE('',#12162,#3276);
#2723=LINE('',#12164,#3277);
#2724=LINE('',#12166,#3278);
#2725=LINE('',#12167,#3279);
#2726=LINE('',#12171,#3280);
#2727=LINE('',#12173,#3281);
#2728=LINE('',#12175,#3282);
#2729=LINE('',#12176,#3283);
#2730=LINE('',#12180,#3284);
#2731=LINE('',#12184,#3285);
#2732=LINE('',#12186,#3286);
#2733=LINE('',#12188,#3287);
#2734=LINE('',#12193,#3288);
#2735=LINE('',#12195,#3289);
#2736=LINE('',#12197,#3290);
#2737=LINE('',#12202,#3291);
#2738=LINE('',#12203,#3292);
#2739=LINE('',#12204,#3293);
#2740=LINE('',#12208,#3294);
#2741=LINE('',#12213,#3295);
#2742=LINE('',#12215,#3296);
#2743=LINE('',#12217,#3297);
#2744=LINE('',#12222,#3298);
#2745=LINE('',#12223,#3299);
#2746=LINE('',#12226,#3300);
#2747=LINE('',#12228,#3301);
#2748=LINE('',#12229,#3302);
#2749=LINE('',#12232,#3303);
#2750=LINE('',#12234,#3304);
#2751=LINE('',#12235,#3305);
#2752=LINE('',#12237,#3306);
#2753=LINE('',#12238,#3307);
#2754=LINE('',#12240,#3308);
#2755=LINE('',#12244,#3309);
#2756=LINE('',#12250,#3310);
#2757=LINE('',#12251,#3311);
#2758=LINE('',#12253,#3312);
#2759=LINE('',#12254,#3313);
#2760=LINE('',#12263,#3314);
#2761=LINE('',#12265,#3315);
#2762=LINE('',#12267,#3316);
#2763=LINE('',#12268,#3317);
#2764=LINE('',#12271,#3318);
#2765=LINE('',#12273,#3319);
#2766=LINE('',#12274,#3320);
#2767=LINE('',#12277,#3321);
#2768=LINE('',#12279,#3322);
#2769=LINE('',#12280,#3323);
#2770=LINE('',#12282,#3324);
#2771=LINE('',#12283,#3325);
#2772=LINE('',#12289,#3326);
#2773=LINE('',#12291,#3327);
#2774=LINE('',#12293,#3328);
#2775=LINE('',#12294,#3329);
#2776=LINE('',#12297,#3330);
#2777=LINE('',#12299,#3331);
#2778=LINE('',#12300,#3332);
#2779=LINE('',#12303,#3333);
#2780=LINE('',#12305,#3334);
#2781=LINE('',#12306,#3335);
#2782=LINE('',#12308,#3336);
#2783=LINE('',#12309,#3337);
#2784=LINE('',#12315,#3338);
#2785=LINE('',#12317,#3339);
#2786=LINE('',#12319,#3340);
#2787=LINE('',#12320,#3341);
#2788=LINE('',#12324,#3342);
#2789=LINE('',#12328,#3343);
#2790=LINE('',#12330,#3344);
#2791=LINE('',#12332,#3345);
#2792=LINE('',#12337,#3346);
#2793=LINE('',#12339,#3347);
#2794=LINE('',#12341,#3348);
#2795=LINE('',#12346,#3349);
#2796=LINE('',#12347,#3350);
#2797=LINE('',#12348,#3351);
#2798=LINE('',#12352,#3352);
#2799=LINE('',#12357,#3353);
#2800=LINE('',#12359,#3354);
#2801=LINE('',#12361,#3355);
#2802=LINE('',#12366,#3356);
#2803=LINE('',#12367,#3357);
#2804=LINE('',#12369,#3358);
#2805=LINE('',#12370,#3359);
#2806=LINE('',#12372,#3360);
#2807=LINE('',#12374,#3361);
#2808=LINE('',#12376,#3362);
#2809=LINE('',#12377,#3363);
#2810=LINE('',#12379,#3364);
#2811=LINE('',#12380,#3365);
#2812=LINE('',#12389,#3366);
#2813=LINE('',#12391,#3367);
#2814=LINE('',#12393,#3368);
#2815=LINE('',#12394,#3369);
#2816=LINE('',#12398,#3370);
#2817=LINE('',#12402,#3371);
#2818=LINE('',#12404,#3372);
#2819=LINE('',#12406,#3373);
#2820=LINE('',#12410,#3374);
#2821=LINE('',#12413,#3375);
#2822=LINE('',#12415,#3376);
#2823=LINE('',#12417,#3377);
#2824=LINE('',#12419,#3378);
#2825=LINE('',#12423,#3379);
#2826=LINE('',#12425,#3380);
#2827=LINE('',#12426,#3381);
#2828=LINE('',#12430,#3382);
#2829=LINE('',#12434,#3383);
#2830=LINE('',#12437,#3384);
#2831=LINE('',#12439,#3385);
#2832=LINE('',#12440,#3386);
#2833=LINE('',#12444,#3387);
#2834=LINE('',#12448,#3388);
#2835=LINE('',#12449,#3389);
#2836=LINE('',#12451,#3390);
#2837=LINE('',#12452,#3391);
#2838=LINE('',#12454,#3392);
#2839=LINE('',#12456,#3393);
#2840=LINE('',#12457,#3394);
#2841=LINE('',#12461,#3395);
#2842=LINE('',#12463,#3396);
#2843=LINE('',#12465,#3397);
#2844=LINE('',#12467,#3398);
#2845=LINE('',#12471,#3399);
#2846=LINE('',#12475,#3400);
#2847=LINE('',#12477,#3401);
#2848=LINE('',#12481,#3402);
#2849=LINE('',#12485,#3403);
#2850=LINE('',#12486,#3404);
#2851=LINE('',#12490,#3405);
#2852=LINE('',#12493,#3406);
#2853=LINE('',#12495,#3407);
#2854=LINE('',#12499,#3408);
#2855=LINE('',#12504,#3409);
#2856=LINE('',#12505,#3410);
#2857=LINE('',#12506,#3411);
#2858=LINE('',#12512,#3412);
#2859=LINE('',#12514,#3413);
#2860=LINE('',#12516,#3414);
#2861=LINE('',#12520,#3415);
#2862=LINE('',#12524,#3416);
#2863=LINE('',#12525,#3417);
#2864=LINE('',#12528,#3418);
#2865=LINE('',#12529,#3419);
#2866=LINE('',#12533,#3420);
#2867=LINE('',#12534,#3421);
#2868=LINE('',#12535,#3422);
#2869=LINE('',#12539,#3423);
#2870=LINE('',#12540,#3424);
#2871=LINE('',#12541,#3425);
#2872=LINE('',#12545,#3426);
#2873=LINE('',#12546,#3427);
#2874=LINE('',#12547,#3428);
#2875=LINE('',#12550,#3429);
#2876=LINE('',#12552,#3430);
#2877=LINE('',#12553,#3431);
#2878=LINE('',#12555,#3432);
#2879=LINE('',#12557,#3433);
#2880=LINE('',#12560,#3434);
#2881=LINE('',#12572,#3435);
#2882=LINE('',#12577,#3436);
#2883=LINE('',#12579,#3437);
#2884=LINE('',#12581,#3438);
#2885=LINE('',#12582,#3439);
#2886=LINE('',#12585,#3440);
#2887=LINE('',#12587,#3441);
#2888=LINE('',#12588,#3442);
#2889=LINE('',#12594,#3443);
#2890=LINE('',#12595,#3444);
#2891=LINE('',#12597,#3445);
#2892=LINE('',#12598,#3446);
#2893=LINE('',#12607,#3447);
#2894=LINE('',#12609,#3448);
#2895=LINE('',#12611,#3449);
#2896=LINE('',#12612,#3450);
#2897=LINE('',#12615,#3451);
#2898=LINE('',#12617,#3452);
#2899=LINE('',#12618,#3453);
#2900=LINE('',#12621,#3454);
#2901=LINE('',#12623,#3455);
#2902=LINE('',#12624,#3456);
#2903=LINE('',#12626,#3457);
#2904=LINE('',#12627,#3458);
#2905=LINE('',#12635,#3459);
#2906=LINE('',#12639,#3460);
#2907=LINE('',#12643,#3461);
#2908=LINE('',#12646,#3462);
#2909=LINE('',#12649,#3463);
#2910=LINE('',#12651,#3464);
#2911=LINE('',#12653,#3465);
#2912=LINE('',#12654,#3466);
#2913=LINE('',#12658,#3467);
#2914=LINE('',#12660,#3468);
#2915=LINE('',#12662,#3469);
#2916=LINE('',#12663,#3470);
#2917=LINE('',#12667,#3471);
#2918=LINE('',#12669,#3472);
#2919=LINE('',#12671,#3473);
#2920=LINE('',#12672,#3474);
#2921=LINE('',#12676,#3475);
#2922=LINE('',#12678,#3476);
#2923=LINE('',#12680,#3477);
#2924=LINE('',#12681,#3478);
#2925=LINE('',#12685,#3479);
#2926=LINE('',#12687,#3480);
#2927=LINE('',#12689,#3481);
#2928=LINE('',#12690,#3482);
#2929=LINE('',#12706,#3483);
#2930=LINE('',#12708,#3484);
#2931=LINE('',#12709,#3485);
#2932=LINE('',#12712,#3486);
#2933=LINE('',#12713,#3487);
#2934=LINE('',#12716,#3488);
#2935=LINE('',#12717,#3489);
#2936=LINE('',#12719,#3490);
#2937=LINE('',#12740,#3491);
#2938=LINE('',#12742,#3492);
#2939=LINE('',#12744,#3493);
#2940=LINE('',#12745,#3494);
#2941=LINE('',#12748,#3495);
#2942=LINE('',#12750,#3496);
#2943=LINE('',#12751,#3497);
#2944=LINE('',#12754,#3498);
#2945=LINE('',#12756,#3499);
#2946=LINE('',#12757,#3500);
#2947=LINE('',#12759,#3501);
#2948=LINE('',#12760,#3502);
#2949=LINE('',#12772,#3503);
#2950=LINE('',#12774,#3504);
#2951=LINE('',#12776,#3505);
#2952=LINE('',#12777,#3506);
#2953=LINE('',#12782,#3507);
#2954=LINE('',#12786,#3508);
#2955=LINE('',#12788,#3509);
#2956=LINE('',#12789,#3510);
#2957=LINE('',#12822,#3511);
#2958=LINE('',#12831,#3512);
#2959=LINE('',#12834,#3513);
#2960=LINE('',#12836,#3514);
#2961=LINE('',#12837,#3515);
#2962=LINE('',#12873,#3516);
#2963=LINE('',#12876,#3517);
#2964=LINE('',#12878,#3518);
#2965=LINE('',#12879,#3519);
#2966=LINE('',#12915,#3520);
#2967=LINE('',#12918,#3521);
#2968=LINE('',#12920,#3522);
#2969=LINE('',#12921,#3523);
#2970=LINE('',#12957,#3524);
#2971=LINE('',#12959,#3525);
#2972=LINE('',#12960,#3526);
#2973=LINE('',#13005,#3527);
#2974=LINE('',#13017,#3528);
#2975=LINE('',#13020,#3529);
#2976=LINE('',#13022,#3530);
#2977=LINE('',#13023,#3531);
#2978=LINE('',#13026,#3532);
#2979=LINE('',#13030,#3533);
#2980=LINE('',#13034,#3534);
#2981=LINE('',#13038,#3535);
#2982=LINE('',#13342,#3536);
#2983=LINE('',#13357,#3537);
#2984=LINE('',#13359,#3538);
#2985=LINE('',#13360,#3539);
#2986=LINE('',#13401,#3540);
#2987=LINE('',#13414,#3541);
#2988=LINE('',#13416,#3542);
#2989=LINE('',#13417,#3543);
#2990=LINE('',#13452,#3544);
#2991=LINE('',#13466,#3545);
#2992=LINE('',#13467,#3546);
#2993=LINE('',#13475,#3547);
#2994=LINE('',#13481,#3548);
#2995=LINE('',#13485,#3549);
#2996=LINE('',#13491,#3550);
#2997=LINE('',#13495,#3551);
#2998=LINE('',#13499,#3552);
#2999=LINE('',#13507,#3553);
#3000=LINE('',#13513,#3554);
#3001=LINE('',#13523,#3555);
#3002=LINE('',#13533,#3556);
#3003=LINE('',#13547,#3557);
#3004=LINE('',#13551,#3558);
#3005=LINE('',#13565,#3559);
#3006=LINE('',#13577,#3560);
#3007=LINE('',#13581,#3561);
#3008=LINE('',#13585,#3562);
#3009=LINE('',#13595,#3563);
#3010=LINE('',#13603,#3564);
#3011=LINE('',#13611,#3565);
#3012=LINE('',#13617,#3566);
#3013=LINE('',#13621,#3567);
#3014=LINE('',#13629,#3568);
#3015=LINE('',#13635,#3569);
#3016=LINE('',#13661,#3570);
#3017=LINE('',#13683,#3571);
#3018=LINE('',#13687,#3572);
#3019=LINE('',#13695,#3573);
#3020=LINE('',#13699,#3574);
#3021=LINE('',#13703,#3575);
#3022=LINE('',#13707,#3576);
#3023=LINE('',#13711,#3577);
#3024=LINE('',#13719,#3578);
#3025=LINE('',#13729,#3579);
#3026=LINE('',#13742,#3580);
#3027=LINE('',#13744,#3581);
#3028=LINE('',#13746,#3582);
#3029=LINE('',#13747,#3583);
#3030=LINE('',#13782,#3584);
#3031=LINE('',#13792,#3585);
#3032=LINE('',#13793,#3586);
#3033=LINE('',#13799,#3587);
#3034=LINE('',#13832,#3588);
#3035=LINE('',#13836,#3589);
#3036=LINE('',#13840,#3590);
#3037=LINE('',#13845,#3591);
#3038=LINE('',#13858,#3592);
#3039=LINE('',#13872,#3593);
#3040=LINE('',#13891,#3594);
#3041=LINE('',#14075,#3595);
#3042=LINE('',#14078,#3596);
#3043=LINE('',#14079,#3597);
#3044=LINE('',#14380,#3598);
#3045=LINE('',#14387,#3599);
#3046=LINE('',#14404,#3600);
#3047=LINE('',#14405,#3601);
#3048=LINE('',#14422,#3602);
#3049=LINE('',#14423,#3603);
#3050=LINE('',#14441,#3604);
#3051=LINE('',#14442,#3605);
#3052=LINE('',#14483,#3606);
#3053=LINE('',#14484,#3607);
#3054=LINE('',#14502,#3608);
#3055=LINE('',#14503,#3609);
#3056=LINE('',#14544,#3610);
#3057=LINE('',#14545,#3611);
#3058=LINE('',#14567,#3612);
#3059=LINE('',#14598,#3613);
#3060=LINE('',#14600,#3614);
#3061=LINE('',#14602,#3615);
#3062=LINE('',#14606,#3616);
#3063=LINE('',#14609,#3617);
#3064=LINE('',#14611,#3618);
#3065=LINE('',#14615,#3619);
#3066=LINE('',#14618,#3620);
#3067=LINE('',#14622,#3621);
#3068=LINE('',#14625,#3622);
#3069=LINE('',#14627,#3623);
#3070=LINE('',#14631,#3624);
#3071=LINE('',#14636,#3625);
#3072=LINE('',#14641,#3626);
#3073=LINE('',#14644,#3627);
#3074=LINE('',#14646,#3628);
#3075=LINE('',#14648,#3629);
#3076=LINE('',#14650,#3630);
#3077=LINE('',#14654,#3631);
#3078=LINE('',#14657,#3632);
#3079=LINE('',#14659,#3633);
#3080=LINE('',#14663,#3634);
#3081=LINE('',#14666,#3635);
#3082=LINE('',#14668,#3636);
#3083=LINE('',#14670,#3637);
#3084=LINE('',#14672,#3638);
#3085=LINE('',#14674,#3639);
#3086=LINE('',#14676,#3640);
#3087=LINE('',#14680,#3641);
#3088=LINE('',#14683,#3642);
#3089=LINE('',#14685,#3643);
#3090=LINE('',#14687,#3644);
#3091=LINE('',#14689,#3645);
#3092=LINE('',#14691,#3646);
#3093=LINE('',#14693,#3647);
#3094=LINE('',#14695,#3648);
#3095=LINE('',#14697,#3649);
#3096=LINE('',#14699,#3650);
#3097=LINE('',#14701,#3651);
#3098=LINE('',#14705,#3652);
#3099=LINE('',#14708,#3653);
#3100=LINE('',#14710,#3654);
#3101=LINE('',#14712,#3655);
#3102=LINE('',#14714,#3656);
#3103=LINE('',#14716,#3657);
#3104=LINE('',#14718,#3658);
#3105=LINE('',#14720,#3659);
#3106=LINE('',#14722,#3660);
#3107=LINE('',#14724,#3661);
#3108=LINE('',#14726,#3662);
#3109=LINE('',#14728,#3663);
#3110=LINE('',#14730,#3664);
#3111=LINE('',#14732,#3665);
#3112=LINE('',#14736,#3666);
#3113=LINE('',#14741,#3667);
#3114=LINE('',#14744,#3668);
#3115=LINE('',#14746,#3669);
#3116=LINE('',#14748,#3670);
#3117=LINE('',#14750,#3671);
#3118=LINE('',#14752,#3672);
#3119=LINE('',#14754,#3673);
#3120=LINE('',#14756,#3674);
#3121=LINE('',#14758,#3675);
#3122=LINE('',#14760,#3676);
#3123=LINE('',#14762,#3677);
#3124=LINE('',#14764,#3678);
#3125=LINE('',#14766,#3679);
#3126=LINE('',#14768,#3680);
#3127=LINE('',#14770,#3681);
#3128=LINE('',#14772,#3682);
#3129=LINE('',#14776,#3683);
#3130=LINE('',#14779,#3684);
#3131=LINE('',#14781,#3685);
#3132=LINE('',#14783,#3686);
#3133=LINE('',#14785,#3687);
#3134=LINE('',#14787,#3688);
#3135=LINE('',#14789,#3689);
#3136=LINE('',#14791,#3690);
#3137=LINE('',#14793,#3691);
#3138=LINE('',#14795,#3692);
#3139=LINE('',#14799,#3693);
#3140=LINE('',#14804,#3694);
#3141=LINE('',#14809,#3695);
#3142=LINE('',#14812,#3696);
#3143=LINE('',#14814,#3697);
#3144=LINE('',#14816,#3698);
#3145=LINE('',#14818,#3699);
#3146=LINE('',#14820,#3700);
#3147=LINE('',#14822,#3701);
#3148=LINE('',#14826,#3702);
#3149=LINE('',#14829,#3703);
#3150=LINE('',#14831,#3704);
#3151=LINE('',#14833,#3705);
#3152=LINE('',#14835,#3706);
#3153=LINE('',#14839,#3707);
#3154=LINE('',#14842,#3708);
#3155=LINE('',#14844,#3709);
#3156=LINE('',#14846,#3710);
#3157=LINE('',#14848,#3711);
#3158=LINE('',#14852,#3712);
#3159=LINE('',#14855,#3713);
#3160=LINE('',#14857,#3714);
#3161=LINE('',#14861,#3715);
#3162=LINE('',#14864,#3716);
#3163=LINE('',#14868,#3717);
#3164=LINE('',#14871,#3718);
#3165=LINE('',#14873,#3719);
#3166=LINE('',#14875,#3720);
#3167=LINE('',#14877,#3721);
#3168=LINE('',#14881,#3722);
#3169=LINE('',#14884,#3723);
#3170=LINE('',#14886,#3724);
#3171=LINE('',#14890,#3725);
#3172=LINE('',#14893,#3726);
#3173=LINE('',#14895,#3727);
#3174=LINE('',#14897,#3728);
#3175=LINE('',#14899,#3729);
#3176=LINE('',#14901,#3730);
#3177=LINE('',#14903,#3731);
#3178=LINE('',#14905,#3732);
#3179=LINE('',#14907,#3733);
#3180=LINE('',#14909,#3734);
#3181=LINE('',#14911,#3735);
#3182=LINE('',#14913,#3736);
#3183=LINE('',#14915,#3737);
#3184=LINE('',#14917,#3738);
#3185=LINE('',#14919,#3739);
#3186=LINE('',#14921,#3740);
#3187=LINE('',#14923,#3741);
#3188=LINE('',#14925,#3742);
#3189=LINE('',#14927,#3743);
#3190=LINE('',#14929,#3744);
#3191=LINE('',#14931,#3745);
#3192=LINE('',#14933,#3746);
#3193=LINE('',#14935,#3747);
#3194=LINE('',#14937,#3748);
#3195=LINE('',#14939,#3749);
#3196=LINE('',#14941,#3750);
#3197=LINE('',#14943,#3751);
#3198=LINE('',#14945,#3752);
#3199=LINE('',#14947,#3753);
#3200=LINE('',#14951,#3754);
#3201=LINE('',#14954,#3755);
#3202=LINE('',#14956,#3756);
#3203=LINE('',#14958,#3757);
#3204=LINE('',#14960,#3758);
#3205=LINE('',#14962,#3759);
#3206=LINE('',#14964,#3760);
#3207=LINE('',#14966,#3761);
#3208=LINE('',#14968,#3762);
#3209=LINE('',#14970,#3763);
#3210=LINE('',#14972,#3764);
#3211=LINE('',#14974,#3765);
#3212=LINE('',#14976,#3766);
#3213=LINE('',#14978,#3767);
#3214=LINE('',#14980,#3768);
#3215=LINE('',#14982,#3769);
#3216=LINE('',#14984,#3770);
#3217=LINE('',#14986,#3771);
#3218=LINE('',#14988,#3772);
#3219=LINE('',#14990,#3773);
#3220=LINE('',#14992,#3774);
#3221=LINE('',#14994,#3775);
#3222=LINE('',#14996,#3776);
#3223=LINE('',#14998,#3777);
#3224=LINE('',#15000,#3778);
#3225=LINE('',#15004,#3779);
#3226=LINE('',#15009,#3780);
#3227=LINE('',#15012,#3781);
#3228=LINE('',#15014,#3782);
#3229=LINE('',#15016,#3783);
#3230=LINE('',#15018,#3784);
#3231=LINE('',#15020,#3785);
#3232=LINE('',#15022,#3786);
#3233=LINE('',#15024,#3787);
#3234=LINE('',#15028,#3788);
#3235=LINE('',#15033,#3789);
#3236=LINE('',#15036,#3790);
#3237=LINE('',#15038,#3791);
#3238=LINE('',#15042,#3792);
#3239=LINE('',#15047,#3793);
#3240=LINE('',#15052,#3794);
#3241=LINE('',#15055,#3795);
#3242=LINE('',#15057,#3796);
#3243=LINE('',#15059,#3797);
#3244=LINE('',#15061,#3798);
#3245=LINE('',#15065,#3799);
#3246=LINE('',#15068,#3800);
#3247=LINE('',#15070,#3801);
#3248=LINE('',#15072,#3802);
#3249=LINE('',#15074,#3803);
#3250=LINE('',#15076,#3804);
#3251=LINE('',#15078,#3805);
#3252=LINE('',#15082,#3806);
#3253=LINE('',#15085,#3807);
#3254=LINE('',#15087,#3808);
#3255=LINE('',#15089,#3809);
#3256=LINE('',#15091,#3810);
#3257=LINE('',#15093,#3811);
#3258=LINE('',#15099,#3812);
#3259=LINE('',#15103,#3813);
#3260=LINE('',#15107,#3814);
#3261=LINE('',#15110,#3815);
#3262=LINE('',#15112,#3816);
#3263=LINE('',#15113,#3817);
#3264=LINE('',#15115,#3818);
#3265=LINE('',#15116,#3819);
#3266=LINE('',#15123,#3820);
#3267=LINE('',#15130,#3821);
#3268=LINE('',#15132,#3822);
#3269=LINE('',#15134,#3823);
#3270=LINE('',#15151,#3824);
#3271=LINE('',#15158,#3825);
#3272=VECTOR('',#9635,1.00000000066456);
#3273=VECTOR('',#9636,11.878681704);
#3274=VECTOR('',#9637,1.00000000066456);
#3275=VECTOR('',#9638,11.878681704);
#3276=VECTOR('',#9641,2.23776867848713);
#3277=VECTOR('',#9642,0.200000000132912);
#3278=VECTOR('',#9643,2.23776867848713);
#3279=VECTOR('',#9644,0.200000000132912);
#3280=VECTOR('',#9647,9.378681704);
#3281=VECTOR('',#9648,0.200000000132912);
#3282=VECTOR('',#9649,9.378681704);
#3283=VECTOR('',#9650,0.200000000132912);
#3284=VECTOR('',#9653,1.00000000066456);
#3285=VECTOR('',#9656,10.5000000069779);
#3286=VECTOR('',#9657,0.200000000132912);
#3287=VECTOR('',#9658,10.5000000069779);
#3288=VECTOR('',#9663,1.00000000066456);
#3289=VECTOR('',#9664,0.200000000132912);
#3290=VECTOR('',#9665,1.00000000066456);
#3291=VECTOR('',#9670,1.00000000066456);
#3292=VECTOR('',#9671,11.878681704);
#3293=VECTOR('',#9672,11.878681704);
#3294=VECTOR('',#9675,5.02032623233632);
#3295=VECTOR('',#9680,1.00000000066456);
#3296=VECTOR('',#9681,0.200000000132912);
#3297=VECTOR('',#9682,1.00000000066456);
#3298=VECTOR('',#9687,5.02032623233632);
#3299=VECTOR('',#9688,0.200000000132912);
#3300=VECTOR('',#9691,5.962708965);
#3301=VECTOR('',#9692,0.200000000132912);
#3302=VECTOR('',#9693,5.962708965);
#3303=VECTOR('',#9696,3.74190509648673);
#3304=VECTOR('',#9697,0.200000000132912);
#3305=VECTOR('',#9698,3.74190509648673);
#3306=VECTOR('',#9701,5.962708965);
#3307=VECTOR('',#9702,5.962708965);
#3308=VECTOR('',#9705,11.878681704);
#3309=VECTOR('',#9712,11.878681704);
#3310=VECTOR('',#9723,11.878681704);
#3311=VECTOR('',#9724,11.878681704);
#3312=VECTOR('',#9727,11.878681704);
#3313=VECTOR('',#9728,11.878681704);
#3314=VECTOR('',#9741,4.);
#3315=VECTOR('',#9742,1.00000000066456);
#3316=VECTOR('',#9743,4.);
#3317=VECTOR('',#9744,1.00000000066456);
#3318=VECTOR('',#9747,5.30000000352218);
#3319=VECTOR('',#9748,1.00000000066456);
#3320=VECTOR('',#9749,5.30000000352218);
#3321=VECTOR('',#9752,4.);
#3322=VECTOR('',#9753,1.00000000066456);
#3323=VECTOR('',#9754,4.);
#3324=VECTOR('',#9757,5.30000000352218);
#3325=VECTOR('',#9758,5.30000000352218);
#3326=VECTOR('',#9765,6.20000000412028);
#3327=VECTOR('',#9766,1.00000000066456);
#3328=VECTOR('',#9767,6.20000000412028);
#3329=VECTOR('',#9768,1.00000000066456);
#3330=VECTOR('',#9771,6.2);
#3331=VECTOR('',#9772,1.00000000066456);
#3332=VECTOR('',#9773,6.2);
#3333=VECTOR('',#9776,6.20000000412028);
#3334=VECTOR('',#9777,1.00000000066456);
#3335=VECTOR('',#9778,6.20000000412028);
#3336=VECTOR('',#9781,6.2);
#3337=VECTOR('',#9782,6.2);
#3338=VECTOR('',#9789,1.00000000066456);
#3339=VECTOR('',#9790,2.415730447);
#3340=VECTOR('',#9791,1.00000000066456);
#3341=VECTOR('',#9792,2.415730447);
#3342=VECTOR('',#9795,1.00000000066456);
#3343=VECTOR('',#9798,6.31500000419671);
#3344=VECTOR('',#9799,0.200000000132912);
#3345=VECTOR('',#9800,6.31500000419671);
#3346=VECTOR('',#9805,1.30000000086393);
#3347=VECTOR('',#9806,0.200000000132912);
#3348=VECTOR('',#9807,1.30000000086393);
#3349=VECTOR('',#9812,1.00000000066456);
#3350=VECTOR('',#9813,2.415730447);
#3351=VECTOR('',#9814,2.415730447);
#3352=VECTOR('',#9817,6.31500000419671);
#3353=VECTOR('',#9822,1.30000000086393);
#3354=VECTOR('',#9823,0.200000000132912);
#3355=VECTOR('',#9824,1.30000000086393);
#3356=VECTOR('',#9829,6.31500000419671);
#3357=VECTOR('',#9830,0.200000000132912);
#3358=VECTOR('',#9833,2.415730447);
#3359=VECTOR('',#9834,2.415730447);
#3360=VECTOR('',#9837,2.415730447);
#3361=VECTOR('',#9840,2.415730447);
#3362=VECTOR('',#9843,2.415730447);
#3363=VECTOR('',#9844,2.415730447);
#3364=VECTOR('',#9847,2.415730447);
#3365=VECTOR('',#9848,2.415730447);
#3366=VECTOR('',#9861,3.00000000199368);
#3367=VECTOR('',#9862,15.5);
#3368=VECTOR('',#9863,3.00000000199368);
#3369=VECTOR('',#9864,15.5);
#3370=VECTOR('',#9867,0.425000000282439);
#3371=VECTOR('',#9870,24.735094188438);
#3372=VECTOR('',#9871,0.200000000132912);
#3373=VECTOR('',#9872,24.735094188438);
#3374=VECTOR('',#9875,0.425000000282439);
#3375=VECTOR('',#9878,0.100000000066456);
#3376=VECTOR('',#9879,4.00000000265825);
#3377=VECTOR('',#9880,0.300000000199368);
#3378=VECTOR('',#9881,7.00000000465193);
#3379=VECTOR('',#9886,15.5);
#3380=VECTOR('',#9887,0.300000000199368);
#3381=VECTOR('',#9888,15.5);
#3382=VECTOR('',#9891,24.735094188438);
#3383=VECTOR('',#9894,0.425000000282439);
#3384=VECTOR('',#9897,7.00000000465193);
#3385=VECTOR('',#9898,4.00000000265825);
#3386=VECTOR('',#9899,0.100000000066456);
#3387=VECTOR('',#9902,0.425000000282439);
#3388=VECTOR('',#9905,24.735094188438);
#3389=VECTOR('',#9906,0.200000000132912);
#3390=VECTOR('',#9909,15.5);
#3391=VECTOR('',#9910,15.5);
#3392=VECTOR('',#9913,15.5);
#3393=VECTOR('',#9916,15.5);
#3394=VECTOR('',#9917,15.5);
#3395=VECTOR('',#9920,1.50000000099684);
#3396=VECTOR('',#9921,26.737791626);
#3397=VECTOR('',#9922,1.50000000099684);
#3398=VECTOR('',#9923,5.);
#3399=VECTOR('',#9926,7.50000000498421);
#3400=VECTOR('',#9929,9.16);
#3401=VECTOR('',#9932,15.5);
#3402=VECTOR('',#9935,17.577791626);
#3403=VECTOR('',#9938,9.00000000598106);
#3404=VECTOR('',#9939,15.);
#3405=VECTOR('',#9942,0.800000000531649);
#3406=VECTOR('',#9945,0.200000000132912);
#3407=VECTOR('',#9946,1.50000000099684);
#3408=VECTOR('',#9949,1.28989794985722);
#3409=VECTOR('',#9954,0.800000000531649);
#3410=VECTOR('',#9955,26.737791626);
#3411=VECTOR('',#9956,26.737791626);
#3412=VECTOR('',#9963,1.20000000079747);
#3413=VECTOR('',#9964,0.200000000132912);
#3414=VECTOR('',#9965,1.20000000079747);
#3415=VECTOR('',#9968,0.800000000531649);
#3416=VECTOR('',#9971,1.50000000099684);
#3417=VECTOR('',#9972,0.200000000132912);
#3418=VECTOR('',#9975,5.);
#3419=VECTOR('',#9976,0.200000000132912);
#3420=VECTOR('',#9979,7.50000000498421);
#3421=VECTOR('',#9980,0.200000000132912);
#3422=VECTOR('',#9981,0.200000000132912);
#3423=VECTOR('',#9984,9.16);
#3424=VECTOR('',#9985,0.200000000132912);
#3425=VECTOR('',#9986,0.200000000132912);
#3426=VECTOR('',#9989,17.577791626);
#3427=VECTOR('',#9990,0.200000000132912);
#3428=VECTOR('',#9991,0.200000000132912);
#3429=VECTOR('',#9994,0.200000000132912);
#3430=VECTOR('',#9995,9.00000000598106);
#3431=VECTOR('',#9996,0.200000000132912);
#3432=VECTOR('',#9999,15.);
#3433=VECTOR('',#10002,26.737791626);
#3434=VECTOR('',#10007,15.5);
#3435=VECTOR('',#10030,15.5);
#3436=VECTOR('',#10039,26.737791626);
#3437=VECTOR('',#10040,26.7);
#3438=VECTOR('',#10041,0.489897949325567);
#3439=VECTOR('',#10042,0.037791626);
#3440=VECTOR('',#10045,26.7);
#3441=VECTOR('',#10046,1.20000000079747);
#3442=VECTOR('',#10047,26.7);
#3443=VECTOR('',#10054,1.20000000079747);
#3444=VECTOR('',#10055,0.200000000132912);
#3445=VECTOR('',#10058,26.7);
#3446=VECTOR('',#10059,26.7);
#3447=VECTOR('',#10072,1.60273462606512);
#3448=VECTOR('',#10073,0.500000000332281);
#3449=VECTOR('',#10074,1.60273462606512);
#3450=VECTOR('',#10075,0.500000000332281);
#3451=VECTOR('',#10078,3.310021065);
#3452=VECTOR('',#10079,0.500000000332281);
#3453=VECTOR('',#10080,3.310021065);
#3454=VECTOR('',#10083,1.60273462606512);
#3455=VECTOR('',#10084,0.500000000332281);
#3456=VECTOR('',#10085,1.60273462606512);
#3457=VECTOR('',#10088,3.310021065);
#3458=VECTOR('',#10089,3.310021065);
#3459=VECTOR('',#10098,75.57);
#3460=VECTOR('',#10101,75.5700000502209);
#3461=VECTOR('',#10104,75.57);
#3462=VECTOR('',#10107,75.5700000502209);
#3463=VECTOR('',#10108,71.9300000478019);
#3464=VECTOR('',#10109,71.93);
#3465=VECTOR('',#10110,71.9300000478019);
#3466=VECTOR('',#10111,71.93);
#3467=VECTOR('',#10114,0.430000000285761);
#3468=VECTOR('',#10115,75.5700000502209);
#3469=VECTOR('',#10116,0.430000000285761);
#3470=VECTOR('',#10117,75.5700000502209);
#3471=VECTOR('',#10120,0.430000000285761);
#3472=VECTOR('',#10121,75.57);
#3473=VECTOR('',#10122,0.430000000285761);
#3474=VECTOR('',#10123,75.57);
#3475=VECTOR('',#10126,0.430000000285761);
#3476=VECTOR('',#10127,75.5700000502209);
#3477=VECTOR('',#10128,0.430000000285761);
#3478=VECTOR('',#10129,75.5700000502209);
#3479=VECTOR('',#10132,0.430000000285761);
#3480=VECTOR('',#10133,75.57);
#3481=VECTOR('',#10134,0.430000000285761);
#3482=VECTOR('',#10135,75.57);
#3483=VECTOR('',#10164,0.0100000000066456);
#3484=VECTOR('',#10165,71.9300000478019);
#3485=VECTOR('',#10166,0.0100000000066456);
#3486=VECTOR('',#10169,0.0100000000066456);
#3487=VECTOR('',#10170,71.93);
#3488=VECTOR('',#10173,0.0100000000066456);
#3489=VECTOR('',#10174,71.9300000478019);
#3490=VECTOR('',#10177,71.93);
#3491=VECTOR('',#10214,78.9800000524871);
#3492=VECTOR('',#10215,2.00000000132912);
#3493=VECTOR('',#10216,78.9800000524871);
#3494=VECTOR('',#10217,2.00000000132912);
#3495=VECTOR('',#10220,74.93);
#3496=VECTOR('',#10221,2.00000000132912);
#3497=VECTOR('',#10222,74.93);
#3498=VECTOR('',#10225,78.9800000524871);
#3499=VECTOR('',#10226,2.00000000132912);
#3500=VECTOR('',#10227,78.9800000524871);
#3501=VECTOR('',#10230,74.93);
#3502=VECTOR('',#10231,74.93);
#3503=VECTOR('',#10250,10.);
#3504=VECTOR('',#10251,10.);
#3505=VECTOR('',#10252,10.);
#3506=VECTOR('',#10253,10.);
#3507=VECTOR('',#10258,10.);
#3508=VECTOR('',#10263,10.);
#3509=VECTOR('',#10264,10.);
#3510=VECTOR('',#10265,10.);
#3511=VECTOR('',#10272,10.);
#3512=VECTOR('',#10273,10.);
#3513=VECTOR('',#10276,10.);
#3514=VECTOR('',#10277,10.);
#3515=VECTOR('',#10278,10.);
#3516=VECTOR('',#10279,10.);
#3517=VECTOR('',#10282,10.);
#3518=VECTOR('',#10283,10.);
#3519=VECTOR('',#10284,10.);
#3520=VECTOR('',#10285,10.);
#3521=VECTOR('',#10288,10.);
#3522=VECTOR('',#10289,10.);
#3523=VECTOR('',#10290,10.);
#3524=VECTOR('',#10291,10.);
#3525=VECTOR('',#10294,10.);
#3526=VECTOR('',#10295,10.);
#3527=VECTOR('',#10298,30.9420340666229);
#3528=VECTOR('',#10299,29.6412513409034);
#3529=VECTOR('',#10302,10.);
#3530=VECTOR('',#10303,10.);
#3531=VECTOR('',#10304,10.);
#3532=VECTOR('',#10305,10.);
#3533=VECTOR('',#10308,10.);
#3534=VECTOR('',#10311,10.);
#3535=VECTOR('',#10314,10.);
#3536=VECTOR('',#10581,29.6412513408924);
#3537=VECTOR('',#10584,10.);
#3538=VECTOR('',#10585,10.);
#3539=VECTOR('',#10586,10.);
#3540=VECTOR('',#10589,4.01995024842981);
#3541=VECTOR('',#10592,10.);
#3542=VECTOR('',#10593,10.);
#3543=VECTOR('',#10594,10.);
#3544=VECTOR('',#10595,5.4016431441949);
#3545=VECTOR('',#10598,10.);
#3546=VECTOR('',#10599,10.);
#3547=VECTOR('',#10608,10.);
#3548=VECTOR('',#10613,10.);
#3549=VECTOR('',#10616,10.);
#3550=VECTOR('',#10621,10.);
#3551=VECTOR('',#10624,10.);
#3552=VECTOR('',#10627,10.);
#3553=VECTOR('',#10634,10.);
#3554=VECTOR('',#10639,10.);
#3555=VECTOR('',#10648,10.);
#3556=VECTOR('',#10657,10.);
#3557=VECTOR('',#10670,10.);
#3558=VECTOR('',#10673,10.);
#3559=VECTOR('',#10686,10.);
#3560=VECTOR('',#10697,10.);
#3561=VECTOR('',#10700,10.);
#3562=VECTOR('',#10703,10.);
#3563=VECTOR('',#10712,10.);
#3564=VECTOR('',#10719,10.);
#3565=VECTOR('',#10726,10.);
#3566=VECTOR('',#10731,10.);
#3567=VECTOR('',#10734,10.);
#3568=VECTOR('',#10741,10.);
#3569=VECTOR('',#10746,10.);
#3570=VECTOR('',#10771,10.);
#3571=VECTOR('',#10792,10.);
#3572=VECTOR('',#10795,10.);
#3573=VECTOR('',#10802,10.);
#3574=VECTOR('',#10805,10.);
#3575=VECTOR('',#10808,10.);
#3576=VECTOR('',#10811,10.);
#3577=VECTOR('',#10814,10.);
#3578=VECTOR('',#10821,10.);
#3579=VECTOR('',#10830,10.);
#3580=VECTOR('',#10837,10.);
#3581=VECTOR('',#10838,10.);
#3582=VECTOR('',#10839,29.6412513408924);
#3583=VECTOR('',#10840,10.);
#3584=VECTOR('',#10843,4.01995024842981);
#3585=VECTOR('',#10848,10.);
#3586=VECTOR('',#10849,10.);
#3587=VECTOR('',#10850,10.);
#3588=VECTOR('',#10851,5.4016431441949);
#3589=VECTOR('',#10856,10.);
#3590=VECTOR('',#10859,10.);
#3591=VECTOR('',#10864,10.);
#3592=VECTOR('',#10865,10.);
#3593=VECTOR('',#10866,10.);
#3594=VECTOR('',#10867,10.);
#3595=VECTOR('',#11000,10.);
#3596=VECTOR('',#11003,10.);
#3597=VECTOR('',#11004,30.9420340666229);
#3598=VECTOR('',#11269,29.6412513409034);
#3599=VECTOR('',#11272,10.);
#3600=VECTOR('',#11273,10.);
#3601=VECTOR('',#11274,10.);
#3602=VECTOR('',#11275,10.);
#3603=VECTOR('',#11276,10.);
#3604=VECTOR('',#11279,10.);
#3605=VECTOR('',#11280,10.);
#3606=VECTOR('',#11281,10.);
#3607=VECTOR('',#11282,10.);
#3608=VECTOR('',#11285,10.);
#3609=VECTOR('',#11286,10.);
#3610=VECTOR('',#11287,10.);
#3611=VECTOR('',#11288,10.);
#3612=VECTOR('',#11291,10.);
#3613=VECTOR('',#11296,0.499999999999998);
#3614=VECTOR('',#11299,0.500000000000001);
#3615=VECTOR('',#11302,0.500000000000001);
#3616=VECTOR('',#11309,0.500000000000001);
#3617=VECTOR('',#11314,0.500000000000001);
#3618=VECTOR('',#11317,0.500000000000001);
#3619=VECTOR('',#11324,0.499999999999998);
#3620=VECTOR('',#11329,0.500000000000001);
#3621=VECTOR('',#11336,0.499999999999998);
#3622=VECTOR('',#11341,0.499999999999998);
#3623=VECTOR('',#11344,0.499999999999998);
#3624=VECTOR('',#11351,0.499999999999998);
#3625=VECTOR('',#11360,0.500000000000001);
#3626=VECTOR('',#11369,0.500000000000001);
#3627=VECTOR('',#11374,0.500000000000001);
#3628=VECTOR('',#11377,0.500000000000001);
#3629=VECTOR('',#11380,0.499999999999998);
#3630=VECTOR('',#11383,0.499999999999998);
#3631=VECTOR('',#11390,0.5);
#3632=VECTOR('',#11395,0.500000000000001);
#3633=VECTOR('',#11398,0.500000000000001);
#3634=VECTOR('',#11405,0.5);
#3635=VECTOR('',#11410,0.499999999999998);
#3636=VECTOR('',#11413,0.499999999999998);
#3637=VECTOR('',#11416,0.5);
#3638=VECTOR('',#11419,0.5);
#3639=VECTOR('',#11422,0.5);
#3640=VECTOR('',#11425,0.5);
#3641=VECTOR('',#11432,0.499999999999998);
#3642=VECTOR('',#11437,0.500000000000001);
#3643=VECTOR('',#11440,0.499999999999998);
#3644=VECTOR('',#11443,0.499999999999998);
#3645=VECTOR('',#11446,0.499999999999998);
#3646=VECTOR('',#11449,0.499999999999998);
#3647=VECTOR('',#11452,0.500000000000001);
#3648=VECTOR('',#11455,0.500000000000001);
#3649=VECTOR('',#11458,0.5);
#3650=VECTOR('',#11461,0.5);
#3651=VECTOR('',#11464,0.499999999999998);
#3652=VECTOR('',#11471,0.500000000000001);
#3653=VECTOR('',#11476,0.500000000000001);
#3654=VECTOR('',#11479,0.500000000000001);
#3655=VECTOR('',#11482,0.500000000000001);
#3656=VECTOR('',#11485,0.500000000000001);
#3657=VECTOR('',#11488,0.5);
#3658=VECTOR('',#11491,0.5);
#3659=VECTOR('',#11494,0.5);
#3660=VECTOR('',#11497,0.5);
#3661=VECTOR('',#11500,0.500000000000001);
#3662=VECTOR('',#11503,0.5);
#3663=VECTOR('',#11506,0.5);
#3664=VECTOR('',#11509,0.499999999999998);
#3665=VECTOR('',#11512,0.499999999999998);
#3666=VECTOR('',#11519,0.500000000000001);
#3667=VECTOR('',#11528,0.5);
#3668=VECTOR('',#11533,0.499999999999998);
#3669=VECTOR('',#11536,0.499999999999998);
#3670=VECTOR('',#11539,0.500000000000001);
#3671=VECTOR('',#11542,0.500000000000001);
#3672=VECTOR('',#11545,0.500000000000001);
#3673=VECTOR('',#11548,0.500000000000001);
#3674=VECTOR('',#11551,0.500000000000001);
#3675=VECTOR('',#11554,0.499999999999998);
#3676=VECTOR('',#11557,0.499999999999998);
#3677=VECTOR('',#11560,0.499999999999998);
#3678=VECTOR('',#11563,0.499999999999998);
#3679=VECTOR('',#11566,0.499999999999998);
#3680=VECTOR('',#11569,0.5);
#3681=VECTOR('',#11572,0.500000000000001);
#3682=VECTOR('',#11575,0.500000000000001);
#3683=VECTOR('',#11582,0.5);
#3684=VECTOR('',#11587,0.499999999999998);
#3685=VECTOR('',#11590,0.499999999999998);
#3686=VECTOR('',#11593,0.5);
#3687=VECTOR('',#11596,0.5);
#3688=VECTOR('',#11599,0.499999999999998);
#3689=VECTOR('',#11602,0.499999999999998);
#3690=VECTOR('',#11605,0.499999999999998);
#3691=VECTOR('',#11608,0.499999999999998);
#3692=VECTOR('',#11611,0.499999999999998);
#3693=VECTOR('',#11618,0.500000000000001);
#3694=VECTOR('',#11627,0.499999999999998);
#3695=VECTOR('',#11636,0.500000000000001);
#3696=VECTOR('',#11641,0.499999999999998);
#3697=VECTOR('',#11644,0.499999999999998);
#3698=VECTOR('',#11647,0.499999999999998);
#3699=VECTOR('',#11650,0.499999999999998);
#3700=VECTOR('',#11653,0.500000000000001);
#3701=VECTOR('',#11656,0.500000000000001);
#3702=VECTOR('',#11663,0.499999999999998);
#3703=VECTOR('',#11668,0.500000000000001);
#3704=VECTOR('',#11671,0.500000000000001);
#3705=VECTOR('',#11674,0.500000000000001);
#3706=VECTOR('',#11677,0.500000000000001);
#3707=VECTOR('',#11684,0.500000000000001);
#3708=VECTOR('',#11689,0.500000000000001);
#3709=VECTOR('',#11692,0.500000000000001);
#3710=VECTOR('',#11695,0.499999999999998);
#3711=VECTOR('',#11698,0.499999999999998);
#3712=VECTOR('',#11705,0.499999999999998);
#3713=VECTOR('',#11710,0.500000000000001);
#3714=VECTOR('',#11713,0.500000000000001);
#3715=VECTOR('',#11720,0.500000000000001);
#3716=VECTOR('',#11725,0.499999999999998);
#3717=VECTOR('',#11732,0.5);
#3718=VECTOR('',#11737,0.5);
#3719=VECTOR('',#11740,0.5);
#3720=VECTOR('',#11743,0.499999999999998);
#3721=VECTOR('',#11746,0.499999999999998);
#3722=VECTOR('',#11753,0.500000000000001);
#3723=VECTOR('',#11758,0.500000000000001);
#3724=VECTOR('',#11761,0.500000000000001);
#3725=VECTOR('',#11768,0.499999999999998);
#3726=VECTOR('',#11773,0.499999999999998);
#3727=VECTOR('',#11776,0.499999999999998);
#3728=VECTOR('',#11779,0.499999999999998);
#3729=VECTOR('',#11782,0.499999999999998);
#3730=VECTOR('',#11785,0.499999999999998);
#3731=VECTOR('',#11788,0.5);
#3732=VECTOR('',#11791,0.5);
#3733=VECTOR('',#11794,0.5);
#3734=VECTOR('',#11797,0.5);
#3735=VECTOR('',#11800,0.499999999999998);
#3736=VECTOR('',#11803,0.499999999999998);
#3737=VECTOR('',#11806,0.499999999999998);
#3738=VECTOR('',#11809,0.499999999999998);
#3739=VECTOR('',#11812,0.500000000000001);
#3740=VECTOR('',#11815,0.500000000000001);
#3741=VECTOR('',#11818,0.499999999999998);
#3742=VECTOR('',#11821,0.500000000000001);
#3743=VECTOR('',#11824,0.499999999999998);
#3744=VECTOR('',#11827,0.499999999999998);
#3745=VECTOR('',#11830,0.499999999999998);
#3746=VECTOR('',#11833,0.499999999999998);
#3747=VECTOR('',#11836,0.499999999999998);
#3748=VECTOR('',#11839,0.500000000000001);
#3749=VECTOR('',#11842,0.500000000000001);
#3750=VECTOR('',#11845,0.500000000000001);
#3751=VECTOR('',#11848,0.500000000000001);
#3752=VECTOR('',#11851,0.500000000000001);
#3753=VECTOR('',#11854,0.500000000000001);
#3754=VECTOR('',#11861,0.500000000000001);
#3755=VECTOR('',#11866,0.500000000000001);
#3756=VECTOR('',#11869,0.500000000000001);
#3757=VECTOR('',#11872,0.500000000000001);
#3758=VECTOR('',#11875,0.500000000000001);
#3759=VECTOR('',#11878,0.5);
#3760=VECTOR('',#11881,0.500000000000001);
#3761=VECTOR('',#11884,0.499999999999998);
#3762=VECTOR('',#11887,0.499999999999998);
#3763=VECTOR('',#11890,0.5);
#3764=VECTOR('',#11893,0.500000000000001);
#3765=VECTOR('',#11896,0.500000000000001);
#3766=VECTOR('',#11899,0.499999999999998);
#3767=VECTOR('',#11902,0.499999999999998);
#3768=VECTOR('',#11905,0.499999999999998);
#3769=VECTOR('',#11908,0.499999999999998);
#3770=VECTOR('',#11911,0.500000000000001);
#3771=VECTOR('',#11914,0.500000000000001);
#3772=VECTOR('',#11917,0.500000000000001);
#3773=VECTOR('',#11920,0.500000000000001);
#3774=VECTOR('',#11923,0.500000000000001);
#3775=VECTOR('',#11926,0.500000000000001);
#3776=VECTOR('',#11929,0.500000000000001);
#3777=VECTOR('',#11932,0.500000000000001);
#3778=VECTOR('',#11935,0.500000000000001);
#3779=VECTOR('',#11942,0.499999999999998);
#3780=VECTOR('',#11951,0.499999999999998);
#3781=VECTOR('',#11956,0.500000000000001);
#3782=VECTOR('',#11959,0.500000000000001);
#3783=VECTOR('',#11962,0.500000000000001);
#3784=VECTOR('',#11965,0.500000000000001);
#3785=VECTOR('',#11968,0.499999999999998);
#3786=VECTOR('',#11971,0.499999999999998);
#3787=VECTOR('',#11974,0.499999999999998);
#3788=VECTOR('',#11981,0.500000000000001);
#3789=VECTOR('',#11990,0.500000000000001);
#3790=VECTOR('',#11995,0.499999999999998);
#3791=VECTOR('',#11998,0.499999999999998);
#3792=VECTOR('',#12005,0.499999999999998);
#3793=VECTOR('',#12014,0.499999999999998);
#3794=VECTOR('',#12023,0.500000000000001);
#3795=VECTOR('',#12028,0.500000000000001);
#3796=VECTOR('',#12031,0.500000000000001);
#3797=VECTOR('',#12034,0.5);
#3798=VECTOR('',#12037,0.5);
#3799=VECTOR('',#12044,0.499999999999998);
#3800=VECTOR('',#12049,0.500000000000001);
#3801=VECTOR('',#12052,0.500000000000001);
#3802=VECTOR('',#12055,0.500000000000001);
#3803=VECTOR('',#12058,0.500000000000001);
#3804=VECTOR('',#12061,0.500000000000001);
#3805=VECTOR('',#12064,0.500000000000001);
#3806=VECTOR('',#12071,0.500000000000001);
#3807=VECTOR('',#12076,0.500000000000001);
#3808=VECTOR('',#12079,0.500000000000001);
#3809=VECTOR('',#12082,0.499999999999998);
#3810=VECTOR('',#12085,0.499999999999998);
#3811=VECTOR('',#12088,2.5);
#3812=VECTOR('',#12093,10.);
#3813=VECTOR('',#12096,10.);
#3814=VECTOR('',#12099,10.);
#3815=VECTOR('',#12102,10.);
#3816=VECTOR('',#12105,10.);
#3817=VECTOR('',#12106,10.);
#3818=VECTOR('',#12109,10.);
#3819=VECTOR('',#12110,10.);
#3820=VECTOR('',#12111,10.);
#3821=VECTOR('',#12112,10.);
#3822=VECTOR('',#12115,10.);
#3823=VECTOR('',#12118,10.);
#3824=VECTOR('',#12123,2.4);
#3825=VECTOR('',#12132,3.);
#3826=VERTEX_POINT('',#12151);
#3827=VERTEX_POINT('',#12152);
#3828=VERTEX_POINT('',#12154);
#3829=VERTEX_POINT('',#12156);
#3830=VERTEX_POINT('',#12160);
#3831=VERTEX_POINT('',#12161);
#3832=VERTEX_POINT('',#12163);
#3833=VERTEX_POINT('',#12165);
#3834=VERTEX_POINT('',#12169);
#3835=VERTEX_POINT('',#12170);
#3836=VERTEX_POINT('',#12172);
#3837=VERTEX_POINT('',#12174);
#3838=VERTEX_POINT('',#12178);
#3839=VERTEX_POINT('',#12179);
#3840=VERTEX_POINT('',#12181);
#3841=VERTEX_POINT('',#12183);
#3842=VERTEX_POINT('',#12185);
#3843=VERTEX_POINT('',#12187);
#3844=VERTEX_POINT('',#12190);
#3845=VERTEX_POINT('',#12192);
#3846=VERTEX_POINT('',#12194);
#3847=VERTEX_POINT('',#12196);
#3848=VERTEX_POINT('',#12200);
#3849=VERTEX_POINT('',#12201);
#3850=VERTEX_POINT('',#12206);
#3851=VERTEX_POINT('',#12207);
#3852=VERTEX_POINT('',#12210);
#3853=VERTEX_POINT('',#12212);
#3854=VERTEX_POINT('',#12214);
#3855=VERTEX_POINT('',#12216);
#3856=VERTEX_POINT('',#12219);
#3857=VERTEX_POINT('',#12221);
#3858=VERTEX_POINT('',#12225);
#3859=VERTEX_POINT('',#12227);
#3860=VERTEX_POINT('',#12231);
#3861=VERTEX_POINT('',#12233);
#3862=VERTEX_POINT('',#12261);
#3863=VERTEX_POINT('',#12262);
#3864=VERTEX_POINT('',#12264);
#3865=VERTEX_POINT('',#12266);
#3866=VERTEX_POINT('',#12270);
#3867=VERTEX_POINT('',#12272);
#3868=VERTEX_POINT('',#12276);
#3869=VERTEX_POINT('',#12278);
#3870=VERTEX_POINT('',#12287);
#3871=VERTEX_POINT('',#12288);
#3872=VERTEX_POINT('',#12290);
#3873=VERTEX_POINT('',#12292);
#3874=VERTEX_POINT('',#12296);
#3875=VERTEX_POINT('',#12298);
#3876=VERTEX_POINT('',#12302);
#3877=VERTEX_POINT('',#12304);
#3878=VERTEX_POINT('',#12313);
#3879=VERTEX_POINT('',#12314);
#3880=VERTEX_POINT('',#12316);
#3881=VERTEX_POINT('',#12318);
#3882=VERTEX_POINT('',#12322);
#3883=VERTEX_POINT('',#12323);
#3884=VERTEX_POINT('',#12325);
#3885=VERTEX_POINT('',#12327);
#3886=VERTEX_POINT('',#12329);
#3887=VERTEX_POINT('',#12331);
#3888=VERTEX_POINT('',#12334);
#3889=VERTEX_POINT('',#12336);
#3890=VERTEX_POINT('',#12338);
#3891=VERTEX_POINT('',#12340);
#3892=VERTEX_POINT('',#12344);
#3893=VERTEX_POINT('',#12345);
#3894=VERTEX_POINT('',#12350);
#3895=VERTEX_POINT('',#12351);
#3896=VERTEX_POINT('',#12354);
#3897=VERTEX_POINT('',#12356);
#3898=VERTEX_POINT('',#12358);
#3899=VERTEX_POINT('',#12360);
#3900=VERTEX_POINT('',#12363);
#3901=VERTEX_POINT('',#12365);
#3902=VERTEX_POINT('',#12387);
#3903=VERTEX_POINT('',#12388);
#3904=VERTEX_POINT('',#12390);
#3905=VERTEX_POINT('',#12392);
#3906=VERTEX_POINT('',#12396);
#3907=VERTEX_POINT('',#12397);
#3908=VERTEX_POINT('',#12399);
#3909=VERTEX_POINT('',#12401);
#3910=VERTEX_POINT('',#12403);
#3911=VERTEX_POINT('',#12405);
#3912=VERTEX_POINT('',#12407);
#3913=VERTEX_POINT('',#12409);
#3914=VERTEX_POINT('',#12412);
#3915=VERTEX_POINT('',#12414);
#3916=VERTEX_POINT('',#12416);
#3917=VERTEX_POINT('',#12418);
#3918=VERTEX_POINT('',#12422);
#3919=VERTEX_POINT('',#12424);
#3920=VERTEX_POINT('',#12428);
#3921=VERTEX_POINT('',#12429);
#3922=VERTEX_POINT('',#12431);
#3923=VERTEX_POINT('',#12433);
#3924=VERTEX_POINT('',#12435);
#3925=VERTEX_POINT('',#12438);
#3926=VERTEX_POINT('',#12441);
#3927=VERTEX_POINT('',#12443);
#3928=VERTEX_POINT('',#12445);
#3929=VERTEX_POINT('',#12447);
#3930=VERTEX_POINT('',#12459);
#3931=VERTEX_POINT('',#12460);
#3932=VERTEX_POINT('',#12462);
#3933=VERTEX_POINT('',#12464);
#3934=VERTEX_POINT('',#12466);
#3935=VERTEX_POINT('',#12468);
#3936=VERTEX_POINT('',#12470);
#3937=VERTEX_POINT('',#12472);
#3938=VERTEX_POINT('',#12474);
#3939=VERTEX_POINT('',#12478);
#3940=VERTEX_POINT('',#12480);
#3941=VERTEX_POINT('',#12482);
#3942=VERTEX_POINT('',#12484);
#3943=VERTEX_POINT('',#12488);
#3944=VERTEX_POINT('',#12489);
#3945=VERTEX_POINT('',#12492);
#3946=VERTEX_POINT('',#12494);
#3947=VERTEX_POINT('',#12496);
#3948=VERTEX_POINT('',#12498);
#3949=VERTEX_POINT('',#12502);
#3950=VERTEX_POINT('',#12503);
#3951=VERTEX_POINT('',#12509);
#3952=VERTEX_POINT('',#12511);
#3953=VERTEX_POINT('',#12513);
#3954=VERTEX_POINT('',#12515);
#3955=VERTEX_POINT('',#12517);
#3956=VERTEX_POINT('',#12519);
#3957=VERTEX_POINT('',#12521);
#3958=VERTEX_POINT('',#12523);
#3959=VERTEX_POINT('',#12527);
#3960=VERTEX_POINT('',#12531);
#3961=VERTEX_POINT('',#12532);
#3962=VERTEX_POINT('',#12537);
#3963=VERTEX_POINT('',#12538);
#3964=VERTEX_POINT('',#12543);
#3965=VERTEX_POINT('',#12544);
#3966=VERTEX_POINT('',#12549);
#3967=VERTEX_POINT('',#12551);
#3968=VERTEX_POINT('',#12578);
#3969=VERTEX_POINT('',#12580);
#3970=VERTEX_POINT('',#12584);
#3971=VERTEX_POINT('',#12586);
#3972=VERTEX_POINT('',#12591);
#3973=VERTEX_POINT('',#12593);
#3974=VERTEX_POINT('',#12605);
#3975=VERTEX_POINT('',#12606);
#3976=VERTEX_POINT('',#12608);
#3977=VERTEX_POINT('',#12610);
#3978=VERTEX_POINT('',#12614);
#3979=VERTEX_POINT('',#12616);
#3980=VERTEX_POINT('',#12620);
#3981=VERTEX_POINT('',#12622);
#3982=VERTEX_POINT('',#12631);
#3983=VERTEX_POINT('',#12632);
#3984=VERTEX_POINT('',#12634);
#3985=VERTEX_POINT('',#12636);
#3986=VERTEX_POINT('',#12638);
#3987=VERTEX_POINT('',#12640);
#3988=VERTEX_POINT('',#12642);
#3989=VERTEX_POINT('',#12644);
#3990=VERTEX_POINT('',#12647);
#3991=VERTEX_POINT('',#12648);
#3992=VERTEX_POINT('',#12650);
#3993=VERTEX_POINT('',#12652);
#3994=VERTEX_POINT('',#12656);
#3995=VERTEX_POINT('',#12657);
#3996=VERTEX_POINT('',#12659);
#3997=VERTEX_POINT('',#12661);
#3998=VERTEX_POINT('',#12665);
#3999=VERTEX_POINT('',#12666);
#4000=VERTEX_POINT('',#12668);
#4001=VERTEX_POINT('',#12670);
#4002=VERTEX_POINT('',#12674);
#4003=VERTEX_POINT('',#12675);
#4004=VERTEX_POINT('',#12677);
#4005=VERTEX_POINT('',#12679);
#4006=VERTEX_POINT('',#12683);
#4007=VERTEX_POINT('',#12684);
#4008=VERTEX_POINT('',#12686);
#4009=VERTEX_POINT('',#12688);
#4010=VERTEX_POINT('',#12705);
#4011=VERTEX_POINT('',#12707);
#4012=VERTEX_POINT('',#12711);
#4013=VERTEX_POINT('',#12715);
#4014=VERTEX_POINT('',#12738);
#4015=VERTEX_POINT('',#12739);
#4016=VERTEX_POINT('',#12741);
#4017=VERTEX_POINT('',#12743);
#4018=VERTEX_POINT('',#12747);
#4019=VERTEX_POINT('',#12749);
#4020=VERTEX_POINT('',#12753);
#4021=VERTEX_POINT('',#12755);
#4022=VERTEX_POINT('',#12770);
#4023=VERTEX_POINT('',#12771);
#4024=VERTEX_POINT('',#12773);
#4025=VERTEX_POINT('',#12775);
#4026=VERTEX_POINT('',#12779);
#4027=VERTEX_POINT('',#12781);
#4028=VERTEX_POINT('',#12785);
#4029=VERTEX_POINT('',#12787);
#4030=VERTEX_POINT('',#12807);
#4031=VERTEX_POINT('',#12808);
#4032=VERTEX_POINT('',#12821);
#4033=VERTEX_POINT('',#12823);
#4034=VERTEX_POINT('',#12833);
#4035=VERTEX_POINT('',#12835);
#4036=VERTEX_POINT('',#12852);
#4037=VERTEX_POINT('',#12865);
#4038=VERTEX_POINT('',#12875);
#4039=VERTEX_POINT('',#12877);
#4040=VERTEX_POINT('',#12894);
#4041=VERTEX_POINT('',#12907);
#4042=VERTEX_POINT('',#12917);
#4043=VERTEX_POINT('',#12919);
#4044=VERTEX_POINT('',#12936);
#4045=VERTEX_POINT('',#12949);
#4046=VERTEX_POINT('',#12990);
#4047=VERTEX_POINT('',#12991);
#4048=VERTEX_POINT('',#13004);
#4049=VERTEX_POINT('',#13006);
#4050=VERTEX_POINT('',#13019);
#4051=VERTEX_POINT('',#13021);
#4052=VERTEX_POINT('',#13024);
#4053=VERTEX_POINT('',#13025);
#4054=VERTEX_POINT('',#13027);
#4055=VERTEX_POINT('',#13029);
#4056=VERTEX_POINT('',#13031);
#4057=VERTEX_POINT('',#13033);
#4058=VERTEX_POINT('',#13035);
#4059=VERTEX_POINT('',#13037);
#4060=VERTEX_POINT('',#13040);
#4061=VERTEX_POINT('',#13042);
#4062=VERTEX_POINT('',#13044);
#4063=VERTEX_POINT('',#13046);
#4064=VERTEX_POINT('',#13048);
#4065=VERTEX_POINT('',#13050);
#4066=VERTEX_POINT('',#13052);
#4067=VERTEX_POINT('',#13054);
#4068=VERTEX_POINT('',#13056);
#4069=VERTEX_POINT('',#13058);
#4070=VERTEX_POINT('',#13060);
#4071=VERTEX_POINT('',#13062);
#4072=VERTEX_POINT('',#13064);
#4073=VERTEX_POINT('',#13066);
#4074=VERTEX_POINT('',#13068);
#4075=VERTEX_POINT('',#13070);
#4076=VERTEX_POINT('',#13072);
#4077=VERTEX_POINT('',#13074);
#4078=VERTEX_POINT('',#13076);
#4079=VERTEX_POINT('',#13078);
#4080=VERTEX_POINT('',#13080);
#4081=VERTEX_POINT('',#13082);
#4082=VERTEX_POINT('',#13084);
#4083=VERTEX_POINT('',#13086);
#4084=VERTEX_POINT('',#13088);
#4085=VERTEX_POINT('',#13090);
#4086=VERTEX_POINT('',#13092);
#4087=VERTEX_POINT('',#13094);
#4088=VERTEX_POINT('',#13096);
#4089=VERTEX_POINT('',#13098);
#4090=VERTEX_POINT('',#13100);
#4091=VERTEX_POINT('',#13102);
#4092=VERTEX_POINT('',#13104);
#4093=VERTEX_POINT('',#13106);
#4094=VERTEX_POINT('',#13108);
#4095=VERTEX_POINT('',#13110);
#4096=VERTEX_POINT('',#13112);
#4097=VERTEX_POINT('',#13114);
#4098=VERTEX_POINT('',#13116);
#4099=VERTEX_POINT('',#13118);
#4100=VERTEX_POINT('',#13120);
#4101=VERTEX_POINT('',#13122);
#4102=VERTEX_POINT('',#13124);
#4103=VERTEX_POINT('',#13126);
#4104=VERTEX_POINT('',#13128);
#4105=VERTEX_POINT('',#13130);
#4106=VERTEX_POINT('',#13132);
#4107=VERTEX_POINT('',#13134);
#4108=VERTEX_POINT('',#13136);
#4109=VERTEX_POINT('',#13138);
#4110=VERTEX_POINT('',#13140);
#4111=VERTEX_POINT('',#13142);
#4112=VERTEX_POINT('',#13144);
#4113=VERTEX_POINT('',#13146);
#4114=VERTEX_POINT('',#13148);
#4115=VERTEX_POINT('',#13150);
#4116=VERTEX_POINT('',#13152);
#4117=VERTEX_POINT('',#13154);
#4118=VERTEX_POINT('',#13156);
#4119=VERTEX_POINT('',#13158);
#4120=VERTEX_POINT('',#13160);
#4121=VERTEX_POINT('',#13162);
#4122=VERTEX_POINT('',#13164);
#4123=VERTEX_POINT('',#13166);
#4124=VERTEX_POINT('',#13168);
#4125=VERTEX_POINT('',#13170);
#4126=VERTEX_POINT('',#13172);
#4127=VERTEX_POINT('',#13174);
#4128=VERTEX_POINT('',#13176);
#4129=VERTEX_POINT('',#13178);
#4130=VERTEX_POINT('',#13180);
#4131=VERTEX_POINT('',#13182);
#4132=VERTEX_POINT('',#13184);
#4133=VERTEX_POINT('',#13186);
#4134=VERTEX_POINT('',#13188);
#4135=VERTEX_POINT('',#13190);
#4136=VERTEX_POINT('',#13192);
#4137=VERTEX_POINT('',#13194);
#4138=VERTEX_POINT('',#13196);
#4139=VERTEX_POINT('',#13198);
#4140=VERTEX_POINT('',#13200);
#4141=VERTEX_POINT('',#13202);
#4142=VERTEX_POINT('',#13204);
#4143=VERTEX_POINT('',#13206);
#4144=VERTEX_POINT('',#13208);
#4145=VERTEX_POINT('',#13210);
#4146=VERTEX_POINT('',#13212);
#4147=VERTEX_POINT('',#13214);
#4148=VERTEX_POINT('',#13216);
#4149=VERTEX_POINT('',#13218);
#4150=VERTEX_POINT('',#13220);
#4151=VERTEX_POINT('',#13222);
#4152=VERTEX_POINT('',#13224);
#4153=VERTEX_POINT('',#13226);
#4154=VERTEX_POINT('',#13228);
#4155=VERTEX_POINT('',#13230);
#4156=VERTEX_POINT('',#13232);
#4157=VERTEX_POINT('',#13234);
#4158=VERTEX_POINT('',#13236);
#4159=VERTEX_POINT('',#13238);
#4160=VERTEX_POINT('',#13240);
#4161=VERTEX_POINT('',#13242);
#4162=VERTEX_POINT('',#13244);
#4163=VERTEX_POINT('',#13246);
#4164=VERTEX_POINT('',#13248);
#4165=VERTEX_POINT('',#13250);
#4166=VERTEX_POINT('',#13252);
#4167=VERTEX_POINT('',#13254);
#4168=VERTEX_POINT('',#13256);
#4169=VERTEX_POINT('',#13258);
#4170=VERTEX_POINT('',#13260);
#4171=VERTEX_POINT('',#13262);
#4172=VERTEX_POINT('',#13264);
#4173=VERTEX_POINT('',#13266);
#4174=VERTEX_POINT('',#13268);
#4175=VERTEX_POINT('',#13270);
#4176=VERTEX_POINT('',#13272);
#4177=VERTEX_POINT('',#13274);
#4178=VERTEX_POINT('',#13276);
#4179=VERTEX_POINT('',#13278);
#4180=VERTEX_POINT('',#13280);
#4181=VERTEX_POINT('',#13282);
#4182=VERTEX_POINT('',#13284);
#4183=VERTEX_POINT('',#13286);
#4184=VERTEX_POINT('',#13288);
#4185=VERTEX_POINT('',#13290);
#4186=VERTEX_POINT('',#13292);
#4187=VERTEX_POINT('',#13294);
#4188=VERTEX_POINT('',#13296);
#4189=VERTEX_POINT('',#13298);
#4190=VERTEX_POINT('',#13300);
#4191=VERTEX_POINT('',#13302);
#4192=VERTEX_POINT('',#13328);
#4193=VERTEX_POINT('',#13341);
#4194=VERTEX_POINT('',#13356);
#4195=VERTEX_POINT('',#13358);
#4196=VERTEX_POINT('',#13361);
#4197=VERTEX_POINT('',#13387);
#4198=VERTEX_POINT('',#13400);
#4199=VERTEX_POINT('',#13413);
#4200=VERTEX_POINT('',#13415);
#4201=VERTEX_POINT('',#13438);
#4202=VERTEX_POINT('',#13451);
#4203=VERTEX_POINT('',#13470);
#4204=VERTEX_POINT('',#13472);
#4205=VERTEX_POINT('',#13473);
#4206=VERTEX_POINT('',#13476);
#4207=VERTEX_POINT('',#13478);
#4208=VERTEX_POINT('',#13479);
#4209=VERTEX_POINT('',#13482);
#4210=VERTEX_POINT('',#13483);
#4211=VERTEX_POINT('',#13486);
#4212=VERTEX_POINT('',#13488);
#4213=VERTEX_POINT('',#13489);
#4214=VERTEX_POINT('',#13492);
#4215=VERTEX_POINT('',#13493);
#4216=VERTEX_POINT('',#13496);
#4217=VERTEX_POINT('',#13497);
#4218=VERTEX_POINT('',#13500);
#4219=VERTEX_POINT('',#13502);
#4220=VERTEX_POINT('',#13504);
#4221=VERTEX_POINT('',#13505);
#4222=VERTEX_POINT('',#13508);
#4223=VERTEX_POINT('',#13510);
#4224=VERTEX_POINT('',#13511);
#4225=VERTEX_POINT('',#13514);
#4226=VERTEX_POINT('',#13516);
#4227=VERTEX_POINT('',#13518);
#4228=VERTEX_POINT('',#13520);
#4229=VERTEX_POINT('',#13521);
#4230=VERTEX_POINT('',#13524);
#4231=VERTEX_POINT('',#13526);
#4232=VERTEX_POINT('',#13528);
#4233=VERTEX_POINT('',#13530);
#4234=VERTEX_POINT('',#13531);
#4235=VERTEX_POINT('',#13534);
#4236=VERTEX_POINT('',#13536);
#4237=VERTEX_POINT('',#13538);
#4238=VERTEX_POINT('',#13540);
#4239=VERTEX_POINT('',#13542);
#4240=VERTEX_POINT('',#13544);
#4241=VERTEX_POINT('',#13545);
#4242=VERTEX_POINT('',#13548);
#4243=VERTEX_POINT('',#13549);
#4244=VERTEX_POINT('',#13552);
#4245=VERTEX_POINT('',#13554);
#4246=VERTEX_POINT('',#13556);
#4247=VERTEX_POINT('',#13558);
#4248=VERTEX_POINT('',#13560);
#4249=VERTEX_POINT('',#13562);
#4250=VERTEX_POINT('',#13563);
#4251=VERTEX_POINT('',#13566);
#4252=VERTEX_POINT('',#13568);
#4253=VERTEX_POINT('',#13570);
#4254=VERTEX_POINT('',#13572);
#4255=VERTEX_POINT('',#13574);
#4256=VERTEX_POINT('',#13575);
#4257=VERTEX_POINT('',#13578);
#4258=VERTEX_POINT('',#13579);
#4259=VERTEX_POINT('',#13582);
#4260=VERTEX_POINT('',#13583);
#4261=VERTEX_POINT('',#13586);
#4262=VERTEX_POINT('',#13588);
#4263=VERTEX_POINT('',#13590);
#4264=VERTEX_POINT('',#13592);
#4265=VERTEX_POINT('',#13593);
#4266=VERTEX_POINT('',#13596);
#4267=VERTEX_POINT('',#13598);
#4268=VERTEX_POINT('',#13600);
#4269=VERTEX_POINT('',#13601);
#4270=VERTEX_POINT('',#13604);
#4271=VERTEX_POINT('',#13606);
#4272=VERTEX_POINT('',#13608);
#4273=VERTEX_POINT('',#13609);
#4274=VERTEX_POINT('',#13612);
#4275=VERTEX_POINT('',#13614);
#4276=VERTEX_POINT('',#13615);
#4277=VERTEX_POINT('',#13618);
#4278=VERTEX_POINT('',#13619);
#4279=VERTEX_POINT('',#13622);
#4280=VERTEX_POINT('',#13624);
#4281=VERTEX_POINT('',#13626);
#4282=VERTEX_POINT('',#13627);
#4283=VERTEX_POINT('',#13630);
#4284=VERTEX_POINT('',#13632);
#4285=VERTEX_POINT('',#13633);
#4286=VERTEX_POINT('',#13636);
#4287=VERTEX_POINT('',#13638);
#4288=VERTEX_POINT('',#13640);
#4289=VERTEX_POINT('',#13642);
#4290=VERTEX_POINT('',#13644);
#4291=VERTEX_POINT('',#13646);
#4292=VERTEX_POINT('',#13648);
#4293=VERTEX_POINT('',#13650);
#4294=VERTEX_POINT('',#13652);
#4295=VERTEX_POINT('',#13654);
#4296=VERTEX_POINT('',#13656);
#4297=VERTEX_POINT('',#13658);
#4298=VERTEX_POINT('',#13659);
#4299=VERTEX_POINT('',#13662);
#4300=VERTEX_POINT('',#13664);
#4301=VERTEX_POINT('',#13666);
#4302=VERTEX_POINT('',#13668);
#4303=VERTEX_POINT('',#13670);
#4304=VERTEX_POINT('',#13672);
#4305=VERTEX_POINT('',#13674);
#4306=VERTEX_POINT('',#13676);
#4307=VERTEX_POINT('',#13678);
#4308=VERTEX_POINT('',#13680);
#4309=VERTEX_POINT('',#13681);
#4310=VERTEX_POINT('',#13684);
#4311=VERTEX_POINT('',#13685);
#4312=VERTEX_POINT('',#13688);
#4313=VERTEX_POINT('',#13690);
#4314=VERTEX_POINT('',#13692);
#4315=VERTEX_POINT('',#13693);
#4316=VERTEX_POINT('',#13696);
#4317=VERTEX_POINT('',#13697);
#4318=VERTEX_POINT('',#13700);
#4319=VERTEX_POINT('',#13701);
#4320=VERTEX_POINT('',#13704);
#4321=VERTEX_POINT('',#13705);
#4322=VERTEX_POINT('',#13708);
#4323=VERTEX_POINT('',#13709);
#4324=VERTEX_POINT('',#13712);
#4325=VERTEX_POINT('',#13714);
#4326=VERTEX_POINT('',#13716);
#4327=VERTEX_POINT('',#13717);
#4328=VERTEX_POINT('',#13720);
#4329=VERTEX_POINT('',#13722);
#4330=VERTEX_POINT('',#13724);
#4331=VERTEX_POINT('',#13726);
#4332=VERTEX_POINT('',#13727);
#4333=VERTEX_POINT('',#13730);
#4334=VERTEX_POINT('',#13732);
#4335=VERTEX_POINT('',#13735);
#4336=VERTEX_POINT('',#13736);
#4337=VERTEX_POINT('',#13741);
#4338=VERTEX_POINT('',#13743);
#4339=VERTEX_POINT('',#13745);
#4340=VERTEX_POINT('',#13748);
#4341=VERTEX_POINT('',#13774);
#4342=VERTEX_POINT('',#13781);
#4343=VERTEX_POINT('',#13785);
#4344=VERTEX_POINT('',#13786);
#4345=VERTEX_POINT('',#13791);
#4346=VERTEX_POINT('',#13794);
#4347=VERTEX_POINT('',#13824);
#4348=VERTEX_POINT('',#13831);
#4349=VERTEX_POINT('',#13835);
#4350=VERTEX_POINT('',#13837);
#4351=VERTEX_POINT('',#13839);
#4352=VERTEX_POINT('',#13843);
#4353=VERTEX_POINT('',#13844);
#4354=VERTEX_POINT('',#13846);
#4355=VERTEX_POINT('',#13851);
#4356=VERTEX_POINT('',#13857);
#4357=VERTEX_POINT('',#13859);
#4358=VERTEX_POINT('',#13866);
#4359=VERTEX_POINT('',#13871);
#4360=VERTEX_POINT('',#13873);
#4361=VERTEX_POINT('',#13878);
#4362=VERTEX_POINT('',#13885);
#4363=VERTEX_POINT('',#13890);
#4364=VERTEX_POINT('',#13892);
#4365=VERTEX_POINT('',#13897);
#4366=VERTEX_POINT('',#13908);
#4367=VERTEX_POINT('',#13910);
#4368=VERTEX_POINT('',#13912);
#4369=VERTEX_POINT('',#13914);
#4370=VERTEX_POINT('',#13916);
#4371=VERTEX_POINT('',#13918);
#4372=VERTEX_POINT('',#13920);
#4373=VERTEX_POINT('',#13922);
#4374=VERTEX_POINT('',#13924);
#4375=VERTEX_POINT('',#13926);
#4376=VERTEX_POINT('',#13928);
#4377=VERTEX_POINT('',#13930);
#4378=VERTEX_POINT('',#13932);
#4379=VERTEX_POINT('',#13934);
#4380=VERTEX_POINT('',#13936);
#4381=VERTEX_POINT('',#13938);
#4382=VERTEX_POINT('',#13940);
#4383=VERTEX_POINT('',#13942);
#4384=VERTEX_POINT('',#13944);
#4385=VERTEX_POINT('',#13946);
#4386=VERTEX_POINT('',#13948);
#4387=VERTEX_POINT('',#13950);
#4388=VERTEX_POINT('',#13952);
#4389=VERTEX_POINT('',#13954);
#4390=VERTEX_POINT('',#13956);
#4391=VERTEX_POINT('',#13958);
#4392=VERTEX_POINT('',#13960);
#4393=VERTEX_POINT('',#13962);
#4394=VERTEX_POINT('',#13964);
#4395=VERTEX_POINT('',#13966);
#4396=VERTEX_POINT('',#13968);
#4397=VERTEX_POINT('',#13970);
#4398=VERTEX_POINT('',#13972);
#4399=VERTEX_POINT('',#13974);
#4400=VERTEX_POINT('',#13976);
#4401=VERTEX_POINT('',#13978);
#4402=VERTEX_POINT('',#13980);
#4403=VERTEX_POINT('',#13982);
#4404=VERTEX_POINT('',#13984);
#4405=VERTEX_POINT('',#13986);
#4406=VERTEX_POINT('',#13988);
#4407=VERTEX_POINT('',#13990);
#4408=VERTEX_POINT('',#13992);
#4409=VERTEX_POINT('',#13994);
#4410=VERTEX_POINT('',#13996);
#4411=VERTEX_POINT('',#13998);
#4412=VERTEX_POINT('',#14000);
#4413=VERTEX_POINT('',#14002);
#4414=VERTEX_POINT('',#14004);
#4415=VERTEX_POINT('',#14006);
#4416=VERTEX_POINT('',#14008);
#4417=VERTEX_POINT('',#14010);
#4418=VERTEX_POINT('',#14012);
#4419=VERTEX_POINT('',#14014);
#4420=VERTEX_POINT('',#14016);
#4421=VERTEX_POINT('',#14018);
#4422=VERTEX_POINT('',#14020);
#4423=VERTEX_POINT('',#14022);
#4424=VERTEX_POINT('',#14024);
#4425=VERTEX_POINT('',#14026);
#4426=VERTEX_POINT('',#14028);
#4427=VERTEX_POINT('',#14030);
#4428=VERTEX_POINT('',#14032);
#4429=VERTEX_POINT('',#14034);
#4430=VERTEX_POINT('',#14036);
#4431=VERTEX_POINT('',#14038);
#4432=VERTEX_POINT('',#14064);
#4433=VERTEX_POINT('',#14065);
#4434=VERTEX_POINT('',#14077);
#4435=VERTEX_POINT('',#14080);
#4436=VERTEX_POINT('',#14082);
#4437=VERTEX_POINT('',#14084);
#4438=VERTEX_POINT('',#14086);
#4439=VERTEX_POINT('',#14088);
#4440=VERTEX_POINT('',#14090);
#4441=VERTEX_POINT('',#14092);
#4442=VERTEX_POINT('',#14094);
#4443=VERTEX_POINT('',#14096);
#4444=VERTEX_POINT('',#14098);
#4445=VERTEX_POINT('',#14100);
#4446=VERTEX_POINT('',#14102);
#4447=VERTEX_POINT('',#14104);
#4448=VERTEX_POINT('',#14106);
#4449=VERTEX_POINT('',#14108);
#4450=VERTEX_POINT('',#14110);
#4451=VERTEX_POINT('',#14112);
#4452=VERTEX_POINT('',#14114);
#4453=VERTEX_POINT('',#14116);
#4454=VERTEX_POINT('',#14118);
#4455=VERTEX_POINT('',#14120);
#4456=VERTEX_POINT('',#14122);
#4457=VERTEX_POINT('',#14124);
#4458=VERTEX_POINT('',#14126);
#4459=VERTEX_POINT('',#14128);
#4460=VERTEX_POINT('',#14130);
#4461=VERTEX_POINT('',#14132);
#4462=VERTEX_POINT('',#14134);
#4463=VERTEX_POINT('',#14136);
#4464=VERTEX_POINT('',#14138);
#4465=VERTEX_POINT('',#14140);
#4466=VERTEX_POINT('',#14142);
#4467=VERTEX_POINT('',#14144);
#4468=VERTEX_POINT('',#14146);
#4469=VERTEX_POINT('',#14148);
#4470=VERTEX_POINT('',#14150);
#4471=VERTEX_POINT('',#14152);
#4472=VERTEX_POINT('',#14154);
#4473=VERTEX_POINT('',#14156);
#4474=VERTEX_POINT('',#14158);
#4475=VERTEX_POINT('',#14160);
#4476=VERTEX_POINT('',#14162);
#4477=VERTEX_POINT('',#14164);
#4478=VERTEX_POINT('',#14166);
#4479=VERTEX_POINT('',#14168);
#4480=VERTEX_POINT('',#14170);
#4481=VERTEX_POINT('',#14172);
#4482=VERTEX_POINT('',#14174);
#4483=VERTEX_POINT('',#14176);
#4484=VERTEX_POINT('',#14178);
#4485=VERTEX_POINT('',#14180);
#4486=VERTEX_POINT('',#14182);
#4487=VERTEX_POINT('',#14184);
#4488=VERTEX_POINT('',#14186);
#4489=VERTEX_POINT('',#14188);
#4490=VERTEX_POINT('',#14190);
#4491=VERTEX_POINT('',#14192);
#4492=VERTEX_POINT('',#14194);
#4493=VERTEX_POINT('',#14196);
#4494=VERTEX_POINT('',#14198);
#4495=VERTEX_POINT('',#14200);
#4496=VERTEX_POINT('',#14202);
#4497=VERTEX_POINT('',#14204);
#4498=VERTEX_POINT('',#14206);
#4499=VERTEX_POINT('',#14208);
#4500=VERTEX_POINT('',#14210);
#4501=VERTEX_POINT('',#14212);
#4502=VERTEX_POINT('',#14214);
#4503=VERTEX_POINT('',#14216);
#4504=VERTEX_POINT('',#14218);
#4505=VERTEX_POINT('',#14220);
#4506=VERTEX_POINT('',#14222);
#4507=VERTEX_POINT('',#14224);
#4508=VERTEX_POINT('',#14226);
#4509=VERTEX_POINT('',#14228);
#4510=VERTEX_POINT('',#14230);
#4511=VERTEX_POINT('',#14232);
#4512=VERTEX_POINT('',#14234);
#4513=VERTEX_POINT('',#14236);
#4514=VERTEX_POINT('',#14238);
#4515=VERTEX_POINT('',#14240);
#4516=VERTEX_POINT('',#14242);
#4517=VERTEX_POINT('',#14244);
#4518=VERTEX_POINT('',#14246);
#4519=VERTEX_POINT('',#14248);
#4520=VERTEX_POINT('',#14250);
#4521=VERTEX_POINT('',#14252);
#4522=VERTEX_POINT('',#14254);
#4523=VERTEX_POINT('',#14256);
#4524=VERTEX_POINT('',#14258);
#4525=VERTEX_POINT('',#14260);
#4526=VERTEX_POINT('',#14262);
#4527=VERTEX_POINT('',#14264);
#4528=VERTEX_POINT('',#14266);
#4529=VERTEX_POINT('',#14268);
#4530=VERTEX_POINT('',#14270);
#4531=VERTEX_POINT('',#14272);
#4532=VERTEX_POINT('',#14274);
#4533=VERTEX_POINT('',#14276);
#4534=VERTEX_POINT('',#14278);
#4535=VERTEX_POINT('',#14280);
#4536=VERTEX_POINT('',#14282);
#4537=VERTEX_POINT('',#14284);
#4538=VERTEX_POINT('',#14286);
#4539=VERTEX_POINT('',#14288);
#4540=VERTEX_POINT('',#14290);
#4541=VERTEX_POINT('',#14292);
#4542=VERTEX_POINT('',#14294);
#4543=VERTEX_POINT('',#14296);
#4544=VERTEX_POINT('',#14298);
#4545=VERTEX_POINT('',#14300);
#4546=VERTEX_POINT('',#14302);
#4547=VERTEX_POINT('',#14304);
#4548=VERTEX_POINT('',#14306);
#4549=VERTEX_POINT('',#14308);
#4550=VERTEX_POINT('',#14310);
#4551=VERTEX_POINT('',#14312);
#4552=VERTEX_POINT('',#14314);
#4553=VERTEX_POINT('',#14316);
#4554=VERTEX_POINT('',#14318);
#4555=VERTEX_POINT('',#14320);
#4556=VERTEX_POINT('',#14322);
#4557=VERTEX_POINT('',#14324);
#4558=VERTEX_POINT('',#14326);
#4559=VERTEX_POINT('',#14328);
#4560=VERTEX_POINT('',#14330);
#4561=VERTEX_POINT('',#14332);
#4562=VERTEX_POINT('',#14334);
#4563=VERTEX_POINT('',#14336);
#4564=VERTEX_POINT('',#14338);
#4565=VERTEX_POINT('',#14340);
#4566=VERTEX_POINT('',#14342);
#4567=VERTEX_POINT('',#14368);
#4568=VERTEX_POINT('',#14369);
#4569=VERTEX_POINT('',#14382);
#4570=VERTEX_POINT('',#15095);
#4571=VERTEX_POINT('',#15096);
#4572=VERTEX_POINT('',#15098);
#4573=VERTEX_POINT('',#15100);
#4574=VERTEX_POINT('',#15102);
#4575=VERTEX_POINT('',#15104);
#4576=VERTEX_POINT('',#15106);
#4577=VERTEX_POINT('',#15108);
#4578=VERTEX_POINT('',#15148);
#4579=VERTEX_POINT('',#15150);
#4580=VERTEX_POINT('',#15155);
#4581=VERTEX_POINT('',#15157);
#4582=EDGE_CURVE('',#3826,#3827,#2718,.T.);
#4583=EDGE_CURVE('',#3826,#3828,#2719,.T.);
#4584=EDGE_CURVE('',#3828,#3829,#2720,.T.);
#4585=EDGE_CURVE('',#3829,#3827,#2721,.T.);
#4586=EDGE_CURVE('',#3830,#3831,#2722,.T.);
#4587=EDGE_CURVE('',#3831,#3832,#2723,.T.);
#4588=EDGE_CURVE('',#3833,#3832,#2724,.T.);
#4589=EDGE_CURVE('',#3833,#3830,#2725,.T.);
#4590=EDGE_CURVE('',#3834,#3835,#2726,.T.);
#4591=EDGE_CURVE('',#3834,#3836,#2727,.T.);
#4592=EDGE_CURVE('',#3836,#3837,#2728,.T.);
#4593=EDGE_CURVE('',#3837,#3835,#2729,.T.);
#4594=EDGE_CURVE('',#3838,#3839,#2730,.T.);
#4595=EDGE_CURVE('',#3838,#3840,#1273,.T.);
#4596=EDGE_CURVE('',#3841,#3840,#2731,.T.);
#4597=EDGE_CURVE('',#3841,#3842,#2732,.T.);
#4598=EDGE_CURVE('',#3842,#3843,#2733,.T.);
#4599=EDGE_CURVE('',#3843,#3829,#1274,.T.);
#4600=EDGE_CURVE('',#3828,#3844,#1275,.T.);
#4601=EDGE_CURVE('',#3845,#3844,#2734,.T.);
#4602=EDGE_CURVE('',#3845,#3846,#2735,.T.);
#4603=EDGE_CURVE('',#3846,#3847,#2736,.T.);
#4604=EDGE_CURVE('',#3847,#3839,#1276,.T.);
#4605=EDGE_CURVE('',#3848,#3849,#2737,.T.);
#4606=EDGE_CURVE('',#3848,#3838,#2738,.T.);
#4607=EDGE_CURVE('',#3839,#3849,#2739,.T.);
#4608=EDGE_CURVE('',#3850,#3851,#2740,.T.);
#4609=EDGE_CURVE('',#3850,#3848,#1277,.T.);
#4610=EDGE_CURVE('',#3849,#3852,#1278,.T.);
#4611=EDGE_CURVE('',#3852,#3853,#2741,.T.);
#4612=EDGE_CURVE('',#3853,#3854,#2742,.T.);
#4613=EDGE_CURVE('',#3854,#3855,#2743,.T.);
#4614=EDGE_CURVE('',#3855,#3826,#1279,.T.);
#4615=EDGE_CURVE('',#3827,#3856,#1280,.T.);
#4616=EDGE_CURVE('',#3856,#3857,#2744,.T.);
#4617=EDGE_CURVE('',#3851,#3857,#2745,.T.);
#4618=EDGE_CURVE('',#3857,#3858,#2746,.T.);
#4619=EDGE_CURVE('',#3859,#3858,#2747,.T.);
#4620=EDGE_CURVE('',#3851,#3859,#2748,.T.);
#4621=EDGE_CURVE('',#3858,#3860,#2749,.T.);
#4622=EDGE_CURVE('',#3861,#3860,#2750,.T.);
#4623=EDGE_CURVE('',#3859,#3861,#2751,.T.);
#4624=EDGE_CURVE('',#3860,#3830,#2752,.T.);
#4625=EDGE_CURVE('',#3861,#3833,#2753,.T.);
#4626=EDGE_CURVE('',#3840,#3850,#2754,.T.);
#4627=EDGE_CURVE('',#3832,#3834,#1281,.T.);
#4628=EDGE_CURVE('',#3835,#3841,#1282,.T.);
#4629=EDGE_CURVE('',#3856,#3843,#2755,.T.);
#4630=EDGE_CURVE('',#3842,#3837,#1283,.T.);
#4631=EDGE_CURVE('',#3836,#3831,#1284,.T.);
#4632=EDGE_CURVE('',#3852,#3847,#2756,.T.);
#4633=EDGE_CURVE('',#3846,#3853,#2757,.T.);
#4634=EDGE_CURVE('',#3844,#3855,#2758,.T.);
#4635=EDGE_CURVE('',#3854,#3845,#2759,.T.);
#4636=EDGE_CURVE('',#3862,#3863,#2760,.T.);
#4637=EDGE_CURVE('',#3864,#3862,#2761,.T.);
#4638=EDGE_CURVE('',#3864,#3865,#2762,.T.);
#4639=EDGE_CURVE('',#3865,#3863,#2763,.T.);
#4640=EDGE_CURVE('',#3866,#3862,#2764,.T.);
#4641=EDGE_CURVE('',#3867,#3866,#2765,.T.);
#4642=EDGE_CURVE('',#3867,#3864,#2766,.T.);
#4643=EDGE_CURVE('',#3868,#3866,#2767,.T.);
#4644=EDGE_CURVE('',#3869,#3868,#2768,.T.);
#4645=EDGE_CURVE('',#3869,#3867,#2769,.T.);
#4646=EDGE_CURVE('',#3863,#3868,#2770,.T.);
#4647=EDGE_CURVE('',#3865,#3869,#2771,.T.);
#4648=EDGE_CURVE('',#3870,#3871,#2772,.T.);
#4649=EDGE_CURVE('',#3872,#3870,#2773,.T.);
#4650=EDGE_CURVE('',#3872,#3873,#2774,.T.);
#4651=EDGE_CURVE('',#3873,#3871,#2775,.T.);
#4652=EDGE_CURVE('',#3874,#3870,#2776,.T.);
#4653=EDGE_CURVE('',#3875,#3874,#2777,.T.);
#4654=EDGE_CURVE('',#3875,#3872,#2778,.T.);
#4655=EDGE_CURVE('',#3876,#3874,#2779,.T.);
#4656=EDGE_CURVE('',#3877,#3876,#2780,.T.);
#4657=EDGE_CURVE('',#3877,#3875,#2781,.T.);
#4658=EDGE_CURVE('',#3871,#3876,#2782,.T.);
#4659=EDGE_CURVE('',#3873,#3877,#2783,.T.);
#4660=EDGE_CURVE('',#3878,#3879,#2784,.T.);
#4661=EDGE_CURVE('',#3879,#3880,#2785,.T.);
#4662=EDGE_CURVE('',#3881,#3880,#2786,.T.);
#4663=EDGE_CURVE('',#3881,#3878,#2787,.T.);
#4664=EDGE_CURVE('',#3882,#3883,#2788,.T.);
#4665=EDGE_CURVE('',#3882,#3884,#1285,.T.);
#4666=EDGE_CURVE('',#3884,#3885,#2789,.T.);
#4667=EDGE_CURVE('',#3885,#3886,#2790,.T.);
#4668=EDGE_CURVE('',#3887,#3886,#2791,.T.);
#4669=EDGE_CURVE('',#3887,#3879,#1286,.T.);
#4670=EDGE_CURVE('',#3878,#3888,#1287,.T.);
#4671=EDGE_CURVE('',#3889,#3888,#2792,.T.);
#4672=EDGE_CURVE('',#3889,#3890,#2793,.T.);
#4673=EDGE_CURVE('',#3890,#3891,#2794,.T.);
#4674=EDGE_CURVE('',#3891,#3883,#1288,.T.);
#4675=EDGE_CURVE('',#3892,#3893,#2795,.T.);
#4676=EDGE_CURVE('',#3892,#3882,#2796,.T.);
#4677=EDGE_CURVE('',#3883,#3893,#2797,.T.);
#4678=EDGE_CURVE('',#3894,#3895,#2798,.T.);
#4679=EDGE_CURVE('',#3895,#3892,#1289,.T.);
#4680=EDGE_CURVE('',#3893,#3896,#1290,.T.);
#4681=EDGE_CURVE('',#3896,#3897,#2799,.T.);
#4682=EDGE_CURVE('',#3897,#3898,#2800,.T.);
#4683=EDGE_CURVE('',#3898,#3899,#2801,.T.);
#4684=EDGE_CURVE('',#3899,#3881,#1291,.T.);
#4685=EDGE_CURVE('',#3880,#3900,#1292,.T.);
#4686=EDGE_CURVE('',#3901,#3900,#2802,.T.);
#4687=EDGE_CURVE('',#3894,#3901,#2803,.T.);
#4688=EDGE_CURVE('',#3886,#3901,#2804,.T.);
#4689=EDGE_CURVE('',#3885,#3894,#2805,.T.);
#4690=EDGE_CURVE('',#3884,#3895,#2806,.T.);
#4691=EDGE_CURVE('',#3900,#3887,#2807,.T.);
#4692=EDGE_CURVE('',#3896,#3891,#2808,.T.);
#4693=EDGE_CURVE('',#3890,#3897,#2809,.T.);
#4694=EDGE_CURVE('',#3888,#3899,#2810,.T.);
#4695=EDGE_CURVE('',#3898,#3889,#2811,.T.);
#4696=EDGE_CURVE('',#3902,#3903,#2812,.T.);
#4697=EDGE_CURVE('',#3903,#3904,#2813,.T.);
#4698=EDGE_CURVE('',#3905,#3904,#2814,.T.);
#4699=EDGE_CURVE('',#3905,#3902,#2815,.T.);
#4700=EDGE_CURVE('',#3906,#3907,#2816,.T.);
#4701=EDGE_CURVE('',#3906,#3908,#1293,.T.);
#4702=EDGE_CURVE('',#3908,#3909,#2817,.T.);
#4703=EDGE_CURVE('',#3909,#3910,#2818,.T.);
#4704=EDGE_CURVE('',#3911,#3910,#2819,.T.);
#4705=EDGE_CURVE('',#3911,#3912,#1294,.T.);
#4706=EDGE_CURVE('',#3912,#3913,#2820,.T.);
#4707=EDGE_CURVE('',#3913,#3905,#1295,.T.);
#4708=EDGE_CURVE('',#3914,#3904,#2821,.T.);
#4709=EDGE_CURVE('',#3914,#3915,#2822,.T.);
#4710=EDGE_CURVE('',#3916,#3915,#2823,.T.);
#4711=EDGE_CURVE('',#3917,#3916,#2824,.T.);
#4712=EDGE_CURVE('',#3917,#3907,#1296,.T.);
#4713=EDGE_CURVE('',#3915,#3918,#2825,.T.);
#4714=EDGE_CURVE('',#3919,#3918,#2826,.T.);
#4715=EDGE_CURVE('',#3916,#3919,#2827,.T.);
#4716=EDGE_CURVE('',#3920,#3921,#2828,.T.);
#4717=EDGE_CURVE('',#3920,#3922,#1297,.T.);
#4718=EDGE_CURVE('',#3922,#3923,#2829,.T.);
#4719=EDGE_CURVE('',#3923,#3924,#1298,.T.);
#4720=EDGE_CURVE('',#3924,#3919,#2830,.T.);
#4721=EDGE_CURVE('',#3918,#3925,#2831,.T.);
#4722=EDGE_CURVE('',#3925,#3903,#2832,.T.);
#4723=EDGE_CURVE('',#3902,#3926,#1299,.T.);
#4724=EDGE_CURVE('',#3927,#3926,#2833,.T.);
#4725=EDGE_CURVE('',#3927,#3928,#1300,.T.);
#4726=EDGE_CURVE('',#3928,#3929,#2834,.T.);
#4727=EDGE_CURVE('',#3929,#3921,#2835,.T.);
#4728=EDGE_CURVE('',#3922,#3906,#2836,.T.);
#4729=EDGE_CURVE('',#3907,#3923,#2837,.T.);
#4730=EDGE_CURVE('',#3924,#3917,#2838,.T.);
#4731=EDGE_CURVE('',#3912,#3927,#2839,.T.);
#4732=EDGE_CURVE('',#3926,#3913,#2840,.T.);
#4733=EDGE_CURVE('',#3930,#3931,#2841,.T.);
#4734=EDGE_CURVE('',#3930,#3932,#2842,.T.);
#4735=EDGE_CURVE('',#3933,#3932,#2843,.T.);
#4736=EDGE_CURVE('',#3934,#3933,#2844,.T.);
#4737=EDGE_CURVE('',#3934,#3935,#1301,.T.);
#4738=EDGE_CURVE('',#3935,#3936,#2845,.T.);
#4739=EDGE_CURVE('',#3936,#3937,#1302,.T.);
#4740=EDGE_CURVE('',#3938,#3937,#2846,.T.);
#4741=EDGE_CURVE('',#3938,#3929,#1303,.T.);
#4742=EDGE_CURVE('',#3928,#3911,#2847,.T.);
#4743=EDGE_CURVE('',#3910,#3939,#1304,.T.);
#4744=EDGE_CURVE('',#3939,#3940,#2848,.T.);
#4745=EDGE_CURVE('',#3940,#3941,#1305,.T.);
#4746=EDGE_CURVE('',#3942,#3941,#2849,.T.);
#4747=EDGE_CURVE('',#3931,#3942,#2850,.T.);
#4748=EDGE_CURVE('',#3943,#3944,#2851,.T.);
#4749=EDGE_CURVE('',#3944,#3930,#1306,.T.);
#4750=EDGE_CURVE('',#3945,#3931,#2852,.T.);
#4751=EDGE_CURVE('',#3946,#3945,#2853,.T.);
#4752=EDGE_CURVE('',#3946,#3947,#1307,.T.);
#4753=EDGE_CURVE('',#3948,#3947,#2854,.T.);
#4754=EDGE_CURVE('',#3948,#3943,#1308,.T.);
#4755=EDGE_CURVE('',#3949,#3950,#2855,.T.);
#4756=EDGE_CURVE('',#3950,#3944,#2856,.T.);
#4757=EDGE_CURVE('',#3943,#3949,#2857,.T.);
#4758=EDGE_CURVE('',#3932,#3950,#1309,.T.);
#4759=EDGE_CURVE('',#3949,#3951,#1310,.T.);
#4760=EDGE_CURVE('',#3952,#3951,#2858,.T.);
#4761=EDGE_CURVE('',#3953,#3952,#2859,.T.);
#4762=EDGE_CURVE('',#3953,#3954,#2860,.T.);
#4763=EDGE_CURVE('',#3954,#3955,#1311,.T.);
#4764=EDGE_CURVE('',#3955,#3956,#2861,.T.);
#4765=EDGE_CURVE('',#3956,#3957,#1312,.T.);
#4766=EDGE_CURVE('',#3958,#3957,#2862,.T.);
#4767=EDGE_CURVE('',#3958,#3933,#2863,.T.);
#4768=EDGE_CURVE('',#3959,#3958,#2864,.T.);
#4769=EDGE_CURVE('',#3959,#3934,#2865,.T.);
#4770=EDGE_CURVE('',#3960,#3961,#2866,.T.);
#4771=EDGE_CURVE('',#3961,#3936,#2867,.T.);
#4772=EDGE_CURVE('',#3935,#3960,#2868,.T.);
#4773=EDGE_CURVE('',#3962,#3963,#2869,.T.);
#4774=EDGE_CURVE('',#3962,#3938,#2870,.T.);
#4775=EDGE_CURVE('',#3937,#3963,#2871,.T.);
#4776=EDGE_CURVE('',#3964,#3965,#2872,.T.);
#4777=EDGE_CURVE('',#3965,#3940,#2873,.T.);
#4778=EDGE_CURVE('',#3939,#3964,#2874,.T.);
#4779=EDGE_CURVE('',#3941,#3966,#2875,.T.);
#4780=EDGE_CURVE('',#3967,#3966,#2876,.T.);
#4781=EDGE_CURVE('',#3967,#3942,#2877,.T.);
#4782=EDGE_CURVE('',#3945,#3967,#2878,.T.);
#4783=EDGE_CURVE('',#3957,#3946,#2879,.T.);
#4784=EDGE_CURVE('',#3966,#3965,#1313,.T.);
#4785=EDGE_CURVE('',#3964,#3909,#1314,.T.);
#4786=EDGE_CURVE('',#3908,#3920,#2880,.T.);
#4787=EDGE_CURVE('',#3921,#3962,#1315,.T.);
#4788=EDGE_CURVE('',#3963,#3961,#1316,.T.);
#4789=EDGE_CURVE('',#3960,#3959,#1317,.T.);
#4790=EDGE_CURVE('',#3925,#3914,#2881,.T.);
#4791=EDGE_CURVE('',#3947,#3956,#2882,.T.);
#4792=EDGE_CURVE('',#3955,#3968,#2883,.T.);
#4793=EDGE_CURVE('',#3969,#3968,#2884,.T.);
#4794=EDGE_CURVE('',#3969,#3948,#2885,.T.);
#4795=EDGE_CURVE('',#3951,#3970,#2886,.T.);
#4796=EDGE_CURVE('',#3971,#3970,#2887,.T.);
#4797=EDGE_CURVE('',#3952,#3971,#2888,.T.);
#4798=EDGE_CURVE('',#3970,#3969,#1318,.T.);
#4799=EDGE_CURVE('',#3968,#3972,#1319,.T.);
#4800=EDGE_CURVE('',#3973,#3972,#2889,.T.);
#4801=EDGE_CURVE('',#3971,#3973,#2890,.T.);
#4802=EDGE_CURVE('',#3972,#3954,#2891,.T.);
#4803=EDGE_CURVE('',#3973,#3953,#2892,.T.);
#4804=EDGE_CURVE('',#3974,#3975,#2893,.T.);
#4805=EDGE_CURVE('',#3976,#3974,#2894,.T.);
#4806=EDGE_CURVE('',#3976,#3977,#2895,.T.);
#4807=EDGE_CURVE('',#3977,#3975,#2896,.T.);
#4808=EDGE_CURVE('',#3978,#3974,#2897,.T.);
#4809=EDGE_CURVE('',#3979,#3978,#2898,.T.);
#4810=EDGE_CURVE('',#3979,#3976,#2899,.T.);
#4811=EDGE_CURVE('',#3980,#3978,#2900,.T.);
#4812=EDGE_CURVE('',#3981,#3980,#2901,.T.);
#4813=EDGE_CURVE('',#3981,#3979,#2902,.T.);
#4814=EDGE_CURVE('',#3975,#3980,#2903,.T.);
#4815=EDGE_CURVE('',#3977,#3981,#2904,.T.);
#4816=EDGE_CURVE('',#3982,#3983,#1320,.T.);
#4817=EDGE_CURVE('',#3983,#3984,#2905,.T.);
#4818=EDGE_CURVE('',#3984,#3985,#1321,.T.);
#4819=EDGE_CURVE('',#3985,#3986,#2906,.T.);
#4820=EDGE_CURVE('',#3986,#3987,#1322,.T.);
#4821=EDGE_CURVE('',#3987,#3988,#2907,.T.);
#4822=EDGE_CURVE('',#3988,#3989,#1323,.T.);
#4823=EDGE_CURVE('',#3989,#3982,#2908,.T.);
#4824=EDGE_CURVE('',#3990,#3991,#2909,.T.);
#4825=EDGE_CURVE('',#3991,#3992,#2910,.T.);
#4826=EDGE_CURVE('',#3992,#3993,#2911,.T.);
#4827=EDGE_CURVE('',#3993,#3990,#2912,.T.);
#4828=EDGE_CURVE('',#3994,#3995,#2913,.T.);
#4829=EDGE_CURVE('',#3995,#3996,#2914,.T.);
#4830=EDGE_CURVE('',#3996,#3997,#2915,.T.);
#4831=EDGE_CURVE('',#3997,#3994,#2916,.T.);
#4832=EDGE_CURVE('',#3998,#3999,#2917,.T.);
#4833=EDGE_CURVE('',#3999,#4000,#2918,.T.);
#4834=EDGE_CURVE('',#4000,#4001,#2919,.T.);
#4835=EDGE_CURVE('',#4001,#3998,#2920,.T.);
#4836=EDGE_CURVE('',#4002,#4003,#2921,.T.);
#4837=EDGE_CURVE('',#4003,#4004,#2922,.T.);
#4838=EDGE_CURVE('',#4004,#4005,#2923,.T.);
#4839=EDGE_CURVE('',#4005,#4002,#2924,.T.);
#4840=EDGE_CURVE('',#4006,#4007,#2925,.T.);
#4841=EDGE_CURVE('',#4007,#4008,#2926,.T.);
#4842=EDGE_CURVE('',#4008,#4009,#2927,.T.);
#4843=EDGE_CURVE('',#4009,#4006,#2928,.T.);
#4844=EDGE_CURVE('',#4001,#4002,#1324,.T.);
#4845=EDGE_CURVE('',#4005,#4006,#1325,.T.);
#4846=EDGE_CURVE('',#4009,#3994,#1326,.T.);
#4847=EDGE_CURVE('',#3997,#3998,#1327,.T.);
#4848=EDGE_CURVE('',#4004,#4007,#1328,.T.);
#4849=EDGE_CURVE('',#4008,#3995,#1329,.T.);
#4850=EDGE_CURVE('',#3996,#3999,#1330,.T.);
#4851=EDGE_CURVE('',#4000,#4003,#1331,.T.);
#4852=EDGE_CURVE('',#4010,#3990,#2929,.T.);
#4853=EDGE_CURVE('',#4010,#4011,#2930,.T.);
#4854=EDGE_CURVE('',#4011,#3991,#2931,.T.);
#4855=EDGE_CURVE('',#4012,#3993,#2932,.T.);
#4856=EDGE_CURVE('',#4012,#4010,#2933,.T.);
#4857=EDGE_CURVE('',#4013,#3992,#2934,.T.);
#4858=EDGE_CURVE('',#4013,#4012,#2935,.T.);
#4859=EDGE_CURVE('',#4011,#4013,#2936,.T.);
#4860=EDGE_CURVE('',#4008,#3987,#1332,.T.);
#4861=EDGE_CURVE('',#3988,#4007,#1333,.T.);
#4862=EDGE_CURVE('',#3989,#4004,#1334,.T.);
#4863=EDGE_CURVE('',#3995,#3986,#1335,.T.);
#4864=EDGE_CURVE('',#3982,#4003,#1336,.T.);
#4865=EDGE_CURVE('',#3996,#3985,#1337,.T.);
#4866=EDGE_CURVE('',#3983,#4000,#1338,.T.);
#4867=EDGE_CURVE('',#3999,#3984,#1339,.T.);
#4868=EDGE_CURVE('',#4014,#4015,#2937,.T.);
#4869=EDGE_CURVE('',#4016,#4014,#2938,.T.);
#4870=EDGE_CURVE('',#4016,#4017,#2939,.T.);
#4871=EDGE_CURVE('',#4017,#4015,#2940,.T.);
#4872=EDGE_CURVE('',#4018,#4014,#2941,.T.);
#4873=EDGE_CURVE('',#4019,#4018,#2942,.T.);
#4874=EDGE_CURVE('',#4019,#4016,#2943,.T.);
#4875=EDGE_CURVE('',#4020,#4018,#2944,.T.);
#4876=EDGE_CURVE('',#4021,#4020,#2945,.T.);
#4877=EDGE_CURVE('',#4021,#4019,#2946,.T.);
#4878=EDGE_CURVE('',#4015,#4020,#2947,.T.);
#4879=EDGE_CURVE('',#4017,#4021,#2948,.T.);
#4880=EDGE_CURVE('',#4022,#4023,#2949,.T.);
#4881=EDGE_CURVE('',#4022,#4024,#2950,.T.);
#4882=EDGE_CURVE('',#4025,#4024,#2951,.T.);
#4883=EDGE_CURVE('',#4023,#4025,#2952,.T.);
#4884=EDGE_CURVE('',#4026,#4022,#1340,.T.);
#4885=EDGE_CURVE('',#4026,#4027,#2953,.T.);
#4886=EDGE_CURVE('',#4024,#4027,#1341,.T.);
#4887=EDGE_CURVE('',#4028,#4026,#2954,.T.);
#4888=EDGE_CURVE('',#4028,#4029,#2955,.T.);
#4889=EDGE_CURVE('',#4027,#4029,#2956,.T.);
#4890=EDGE_CURVE('',#4023,#4028,#1342,.T.);
#4891=EDGE_CURVE('',#4029,#4025,#1343,.T.);
#4892=EDGE_CURVE('',#4030,#4031,#448,.T.);
#4893=EDGE_CURVE('',#4032,#4030,#2957,.T.);
#4894=EDGE_CURVE('',#4032,#4033,#449,.T.);
#4895=EDGE_CURVE('',#4033,#4031,#2958,.T.);
#4896=EDGE_CURVE('',#4031,#4034,#2959,.T.);
#4897=EDGE_CURVE('',#4033,#4035,#2960,.T.);
#4898=EDGE_CURVE('',#4035,#4034,#2961,.T.);
#4899=EDGE_CURVE('',#4034,#4036,#450,.T.);
#4900=EDGE_CURVE('',#4035,#4037,#451,.T.);
#4901=EDGE_CURVE('',#4037,#4036,#2962,.T.);
#4902=EDGE_CURVE('',#4036,#4038,#2963,.T.);
#4903=EDGE_CURVE('',#4037,#4039,#2964,.T.);
#4904=EDGE_CURVE('',#4039,#4038,#2965,.T.);
#4905=EDGE_CURVE('',#4038,#4040,#452,.T.);
#4906=EDGE_CURVE('',#4039,#4041,#453,.T.);
#4907=EDGE_CURVE('',#4041,#4040,#2966,.T.);
#4908=EDGE_CURVE('',#4040,#4042,#2967,.T.);
#4909=EDGE_CURVE('',#4041,#4043,#2968,.T.);
#4910=EDGE_CURVE('',#4043,#4042,#2969,.T.);
#4911=EDGE_CURVE('',#4042,#4044,#454,.T.);
#4912=EDGE_CURVE('',#4043,#4045,#455,.T.);
#4913=EDGE_CURVE('',#4045,#4044,#2970,.T.);
#4914=EDGE_CURVE('',#4044,#4030,#2971,.T.);
#4915=EDGE_CURVE('',#4045,#4032,#2972,.T.);
#4916=EDGE_CURVE('',#4046,#4047,#456,.F.);
#4917=EDGE_CURVE('',#4046,#4048,#2973,.T.);
#4918=EDGE_CURVE('',#4048,#4049,#457,.T.);
#4919=EDGE_CURVE('',#4047,#4049,#2974,.T.);
#4920=EDGE_CURVE('',#4050,#4046,#2975,.T.);
#4921=EDGE_CURVE('',#4050,#4051,#2976,.T.);
#4922=EDGE_CURVE('',#4051,#4048,#2977,.T.);
#4923=EDGE_CURVE('',#4052,#4053,#2978,.T.);
#4924=EDGE_CURVE('',#4053,#4054,#15,.T.);
#4925=EDGE_CURVE('',#4054,#4055,#2979,.T.);
#4926=EDGE_CURVE('',#4055,#4056,#16,.T.);
#4927=EDGE_CURVE('',#4056,#4057,#2980,.T.);
#4928=EDGE_CURVE('',#4057,#4058,#17,.T.);
#4929=EDGE_CURVE('',#4058,#4059,#2981,.T.);
#4930=EDGE_CURVE('',#4059,#4052,#18,.T.);
#4931=EDGE_CURVE('',#4060,#4060,#19,.T.);
#4932=EDGE_CURVE('',#4061,#4061,#20,.T.);
#4933=EDGE_CURVE('',#4062,#4062,#21,.T.);
#4934=EDGE_CURVE('',#4063,#4063,#22,.T.);
#4935=EDGE_CURVE('',#4064,#4064,#23,.T.);
#4936=EDGE_CURVE('',#4065,#4065,#24,.T.);
#4937=EDGE_CURVE('',#4066,#4066,#25,.T.);
#4938=EDGE_CURVE('',#4067,#4067,#26,.T.);
#4939=EDGE_CURVE('',#4068,#4068,#27,.T.);
#4940=EDGE_CURVE('',#4069,#4069,#28,.T.);
#4941=EDGE_CURVE('',#4070,#4070,#29,.T.);
#4942=EDGE_CURVE('',#4071,#4071,#30,.T.);
#4943=EDGE_CURVE('',#4072,#4072,#31,.T.);
#4944=EDGE_CURVE('',#4073,#4073,#32,.T.);
#4945=EDGE_CURVE('',#4074,#4074,#33,.T.);
#4946=EDGE_CURVE('',#4075,#4075,#34,.T.);
#4947=EDGE_CURVE('',#4076,#4076,#35,.T.);
#4948=EDGE_CURVE('',#4077,#4077,#36,.T.);
#4949=EDGE_CURVE('',#4078,#4078,#37,.T.);
#4950=EDGE_CURVE('',#4079,#4079,#38,.T.);
#4951=EDGE_CURVE('',#4080,#4080,#39,.T.);
#4952=EDGE_CURVE('',#4081,#4081,#40,.T.);
#4953=EDGE_CURVE('',#4082,#4082,#41,.T.);
#4954=EDGE_CURVE('',#4083,#4083,#42,.T.);
#4955=EDGE_CURVE('',#4084,#4084,#43,.T.);
#4956=EDGE_CURVE('',#4085,#4085,#44,.T.);
#4957=EDGE_CURVE('',#4086,#4086,#45,.T.);
#4958=EDGE_CURVE('',#4087,#4087,#46,.T.);
#4959=EDGE_CURVE('',#4088,#4088,#47,.T.);
#4960=EDGE_CURVE('',#4089,#4089,#48,.T.);
#4961=EDGE_CURVE('',#4090,#4090,#49,.T.);
#4962=EDGE_CURVE('',#4091,#4091,#50,.T.);
#4963=EDGE_CURVE('',#4092,#4092,#51,.T.);
#4964=EDGE_CURVE('',#4093,#4093,#52,.T.);
#4965=EDGE_CURVE('',#4094,#4094,#53,.T.);
#4966=EDGE_CURVE('',#4095,#4095,#54,.T.);
#4967=EDGE_CURVE('',#4096,#4096,#55,.T.);
#4968=EDGE_CURVE('',#4097,#4097,#56,.T.);
#4969=EDGE_CURVE('',#4098,#4098,#57,.T.);
#4970=EDGE_CURVE('',#4099,#4099,#58,.T.);
#4971=EDGE_CURVE('',#4100,#4100,#59,.T.);
#4972=EDGE_CURVE('',#4101,#4101,#60,.T.);
#4973=EDGE_CURVE('',#4102,#4102,#61,.T.);
#4974=EDGE_CURVE('',#4103,#4103,#62,.T.);
#4975=EDGE_CURVE('',#4104,#4104,#63,.T.);
#4976=EDGE_CURVE('',#4105,#4105,#64,.T.);
#4977=EDGE_CURVE('',#4106,#4106,#65,.T.);
#4978=EDGE_CURVE('',#4107,#4107,#66,.T.);
#4979=EDGE_CURVE('',#4108,#4108,#67,.T.);
#4980=EDGE_CURVE('',#4109,#4109,#68,.T.);
#4981=EDGE_CURVE('',#4110,#4110,#69,.T.);
#4982=EDGE_CURVE('',#4111,#4111,#70,.T.);
#4983=EDGE_CURVE('',#4112,#4112,#71,.T.);
#4984=EDGE_CURVE('',#4113,#4113,#72,.T.);
#4985=EDGE_CURVE('',#4114,#4114,#73,.T.);
#4986=EDGE_CURVE('',#4115,#4115,#74,.T.);
#4987=EDGE_CURVE('',#4116,#4116,#75,.T.);
#4988=EDGE_CURVE('',#4117,#4117,#76,.T.);
#4989=EDGE_CURVE('',#4118,#4118,#77,.T.);
#4990=EDGE_CURVE('',#4119,#4119,#78,.T.);
#4991=EDGE_CURVE('',#4120,#4120,#79,.T.);
#4992=EDGE_CURVE('',#4121,#4121,#80,.T.);
#4993=EDGE_CURVE('',#4122,#4122,#81,.T.);
#4994=EDGE_CURVE('',#4123,#4123,#82,.T.);
#4995=EDGE_CURVE('',#4124,#4124,#83,.T.);
#4996=EDGE_CURVE('',#4125,#4125,#84,.T.);
#4997=EDGE_CURVE('',#4126,#4126,#85,.T.);
#4998=EDGE_CURVE('',#4127,#4127,#86,.T.);
#4999=EDGE_CURVE('',#4128,#4128,#87,.T.);
#5000=EDGE_CURVE('',#4129,#4129,#88,.T.);
#5001=EDGE_CURVE('',#4130,#4130,#89,.T.);
#5002=EDGE_CURVE('',#4131,#4131,#90,.T.);
#5003=EDGE_CURVE('',#4132,#4132,#91,.T.);
#5004=EDGE_CURVE('',#4133,#4133,#92,.T.);
#5005=EDGE_CURVE('',#4134,#4134,#93,.T.);
#5006=EDGE_CURVE('',#4135,#4135,#94,.T.);
#5007=EDGE_CURVE('',#4136,#4136,#95,.T.);
#5008=EDGE_CURVE('',#4137,#4137,#96,.T.);
#5009=EDGE_CURVE('',#4138,#4138,#97,.T.);
#5010=EDGE_CURVE('',#4139,#4139,#98,.T.);
#5011=EDGE_CURVE('',#4140,#4140,#99,.T.);
#5012=EDGE_CURVE('',#4141,#4141,#100,.T.);
#5013=EDGE_CURVE('',#4142,#4142,#101,.T.);
#5014=EDGE_CURVE('',#4143,#4143,#102,.T.);
#5015=EDGE_CURVE('',#4144,#4144,#103,.T.);
#5016=EDGE_CURVE('',#4145,#4145,#104,.T.);
#5017=EDGE_CURVE('',#4146,#4146,#105,.T.);
#5018=EDGE_CURVE('',#4147,#4147,#106,.T.);
#5019=EDGE_CURVE('',#4148,#4148,#107,.T.);
#5020=EDGE_CURVE('',#4149,#4149,#108,.T.);
#5021=EDGE_CURVE('',#4150,#4150,#109,.T.);
#5022=EDGE_CURVE('',#4151,#4151,#110,.T.);
#5023=EDGE_CURVE('',#4152,#4152,#111,.T.);
#5024=EDGE_CURVE('',#4153,#4153,#112,.T.);
#5025=EDGE_CURVE('',#4154,#4154,#113,.T.);
#5026=EDGE_CURVE('',#4155,#4155,#114,.T.);
#5027=EDGE_CURVE('',#4156,#4156,#115,.T.);
#5028=EDGE_CURVE('',#4157,#4157,#116,.T.);
#5029=EDGE_CURVE('',#4158,#4158,#117,.T.);
#5030=EDGE_CURVE('',#4159,#4159,#118,.T.);
#5031=EDGE_CURVE('',#4160,#4160,#119,.T.);
#5032=EDGE_CURVE('',#4161,#4161,#120,.T.);
#5033=EDGE_CURVE('',#4162,#4162,#121,.T.);
#5034=EDGE_CURVE('',#4163,#4163,#122,.T.);
#5035=EDGE_CURVE('',#4164,#4164,#123,.T.);
#5036=EDGE_CURVE('',#4165,#4165,#124,.T.);
#5037=EDGE_CURVE('',#4166,#4166,#125,.T.);
#5038=EDGE_CURVE('',#4167,#4167,#126,.T.);
#5039=EDGE_CURVE('',#4168,#4168,#127,.T.);
#5040=EDGE_CURVE('',#4169,#4169,#128,.T.);
#5041=EDGE_CURVE('',#4170,#4170,#129,.T.);
#5042=EDGE_CURVE('',#4171,#4171,#130,.T.);
#5043=EDGE_CURVE('',#4172,#4172,#131,.T.);
#5044=EDGE_CURVE('',#4173,#4173,#132,.T.);
#5045=EDGE_CURVE('',#4174,#4174,#133,.T.);
#5046=EDGE_CURVE('',#4175,#4175,#134,.T.);
#5047=EDGE_CURVE('',#4176,#4176,#135,.T.);
#5048=EDGE_CURVE('',#4177,#4177,#136,.T.);
#5049=EDGE_CURVE('',#4178,#4178,#137,.T.);
#5050=EDGE_CURVE('',#4179,#4179,#138,.T.);
#5051=EDGE_CURVE('',#4180,#4180,#139,.T.);
#5052=EDGE_CURVE('',#4181,#4181,#140,.T.);
#5053=EDGE_CURVE('',#4182,#4182,#141,.T.);
#5054=EDGE_CURVE('',#4183,#4183,#142,.T.);
#5055=EDGE_CURVE('',#4184,#4184,#143,.T.);
#5056=EDGE_CURVE('',#4185,#4185,#144,.T.);
#5057=EDGE_CURVE('',#4186,#4186,#145,.T.);
#5058=EDGE_CURVE('',#4187,#4187,#146,.T.);
#5059=EDGE_CURVE('',#4188,#4188,#147,.T.);
#5060=EDGE_CURVE('',#4189,#4189,#148,.T.);
#5061=EDGE_CURVE('',#4190,#4190,#149,.T.);
#5062=EDGE_CURVE('',#4191,#4191,#150,.T.);
#5063=EDGE_CURVE('',#4192,#4050,#458,.F.);
#5064=EDGE_CURVE('',#4192,#4193,#2982,.T.);
#5065=EDGE_CURVE('',#4193,#4051,#459,.T.);
#5066=EDGE_CURVE('',#4194,#4192,#2983,.T.);
#5067=EDGE_CURVE('',#4194,#4195,#2984,.T.);
#5068=EDGE_CURVE('',#4195,#4193,#2985,.T.);
#5069=EDGE_CURVE('',#4196,#4196,#1344,.T.);
#5070=EDGE_CURVE('',#4197,#4194,#460,.F.);
#5071=EDGE_CURVE('',#4197,#4198,#2986,.T.);
#5072=EDGE_CURVE('',#4198,#4195,#461,.T.);
#5073=EDGE_CURVE('',#4199,#4197,#2987,.T.);
#5074=EDGE_CURVE('',#4199,#4200,#2988,.T.);
#5075=EDGE_CURVE('',#4200,#4198,#2989,.T.);
#5076=EDGE_CURVE('',#4201,#4199,#462,.F.);
#5077=EDGE_CURVE('',#4201,#4202,#2990,.T.);
#5078=EDGE_CURVE('',#4202,#4200,#463,.T.);
#5079=EDGE_CURVE('',#4047,#4201,#2991,.T.);
#5080=EDGE_CURVE('',#4049,#4202,#2992,.T.);
#5081=EDGE_CURVE('',#4203,#4203,#151,.T.);
#5082=EDGE_CURVE('',#4204,#4205,#152,.T.);
#5083=EDGE_CURVE('',#4205,#4204,#2993,.T.);
#5084=EDGE_CURVE('',#4206,#4206,#153,.T.);
#5085=EDGE_CURVE('',#4207,#4208,#154,.T.);
#5086=EDGE_CURVE('',#4208,#4207,#2994,.T.);
#5087=EDGE_CURVE('',#4209,#4210,#155,.T.);
#5088=EDGE_CURVE('',#4210,#4209,#2995,.T.);
#5089=EDGE_CURVE('',#4211,#4211,#156,.T.);
#5090=EDGE_CURVE('',#4212,#4213,#157,.T.);
#5091=EDGE_CURVE('',#4213,#4212,#2996,.T.);
#5092=EDGE_CURVE('',#4214,#4215,#158,.T.);
#5093=EDGE_CURVE('',#4215,#4214,#2997,.T.);
#5094=EDGE_CURVE('',#4216,#4217,#159,.T.);
#5095=EDGE_CURVE('',#4217,#4216,#2998,.T.);
#5096=EDGE_CURVE('',#4218,#4218,#160,.T.);
#5097=EDGE_CURVE('',#4219,#4219,#161,.T.);
#5098=EDGE_CURVE('',#4220,#4221,#162,.T.);
#5099=EDGE_CURVE('',#4221,#4220,#2999,.T.);
#5100=EDGE_CURVE('',#4222,#4222,#163,.T.);
#5101=EDGE_CURVE('',#4223,#4224,#164,.T.);
#5102=EDGE_CURVE('',#4224,#4223,#3000,.T.);
#5103=EDGE_CURVE('',#4225,#4225,#165,.T.);
#5104=EDGE_CURVE('',#4226,#4226,#166,.T.);
#5105=EDGE_CURVE('',#4227,#4227,#167,.T.);
#5106=EDGE_CURVE('',#4228,#4229,#168,.T.);
#5107=EDGE_CURVE('',#4229,#4228,#3001,.T.);
#5108=EDGE_CURVE('',#4230,#4230,#169,.T.);
#5109=EDGE_CURVE('',#4231,#4231,#170,.T.);
#5110=EDGE_CURVE('',#4232,#4232,#171,.T.);
#5111=EDGE_CURVE('',#4233,#4234,#172,.T.);
#5112=EDGE_CURVE('',#4234,#4233,#3002,.T.);
#5113=EDGE_CURVE('',#4235,#4235,#173,.T.);
#5114=EDGE_CURVE('',#4236,#4236,#174,.T.);
#5115=EDGE_CURVE('',#4237,#4237,#175,.T.);
#5116=EDGE_CURVE('',#4238,#4238,#176,.T.);
#5117=EDGE_CURVE('',#4239,#4239,#177,.T.);
#5118=EDGE_CURVE('',#4240,#4241,#178,.T.);
#5119=EDGE_CURVE('',#4241,#4240,#3003,.T.);
#5120=EDGE_CURVE('',#4242,#4243,#179,.T.);
#5121=EDGE_CURVE('',#4243,#4242,#3004,.T.);
#5122=EDGE_CURVE('',#4244,#4244,#180,.T.);
#5123=EDGE_CURVE('',#4245,#4245,#181,.T.);
#5124=EDGE_CURVE('',#4246,#4246,#182,.T.);
#5125=EDGE_CURVE('',#4247,#4247,#183,.T.);
#5126=EDGE_CURVE('',#4248,#4248,#184,.T.);
#5127=EDGE_CURVE('',#4249,#4250,#185,.T.);
#5128=EDGE_CURVE('',#4250,#4249,#3005,.T.);
#5129=EDGE_CURVE('',#4251,#4251,#186,.T.);
#5130=EDGE_CURVE('',#4252,#4252,#187,.T.);
#5131=EDGE_CURVE('',#4253,#4253,#188,.T.);
#5132=EDGE_CURVE('',#4254,#4254,#189,.T.);
#5133=EDGE_CURVE('',#4255,#4256,#190,.T.);
#5134=EDGE_CURVE('',#4256,#4255,#3006,.T.);
#5135=EDGE_CURVE('',#4257,#4258,#191,.T.);
#5136=EDGE_CURVE('',#4258,#4257,#3007,.T.);
#5137=EDGE_CURVE('',#4259,#4260,#192,.T.);
#5138=EDGE_CURVE('',#4260,#4259,#3008,.T.);
#5139=EDGE_CURVE('',#4261,#4261,#193,.T.);
#5140=EDGE_CURVE('',#4262,#4262,#194,.T.);
#5141=EDGE_CURVE('',#4263,#4263,#195,.T.);
#5142=EDGE_CURVE('',#4264,#4265,#196,.T.);
#5143=EDGE_CURVE('',#4265,#4264,#3009,.T.);
#5144=EDGE_CURVE('',#4266,#4266,#197,.T.);
#5145=EDGE_CURVE('',#4267,#4267,#198,.T.);
#5146=EDGE_CURVE('',#4268,#4269,#199,.T.);
#5147=EDGE_CURVE('',#4269,#4268,#3010,.T.);
#5148=EDGE_CURVE('',#4270,#4270,#200,.T.);
#5149=EDGE_CURVE('',#4271,#4271,#201,.T.);
#5150=EDGE_CURVE('',#4272,#4273,#202,.T.);
#5151=EDGE_CURVE('',#4273,#4272,#3011,.T.);
#5152=EDGE_CURVE('',#4274,#4274,#203,.T.);
#5153=EDGE_CURVE('',#4275,#4276,#204,.T.);
#5154=EDGE_CURVE('',#4276,#4275,#3012,.T.);
#5155=EDGE_CURVE('',#4277,#4278,#205,.T.);
#5156=EDGE_CURVE('',#4278,#4277,#3013,.T.);
#5157=EDGE_CURVE('',#4279,#4279,#206,.T.);
#5158=EDGE_CURVE('',#4280,#4280,#207,.T.);
#5159=EDGE_CURVE('',#4281,#4282,#208,.T.);
#5160=EDGE_CURVE('',#4282,#4281,#3014,.T.);
#5161=EDGE_CURVE('',#4283,#4283,#209,.T.);
#5162=EDGE_CURVE('',#4284,#4285,#210,.T.);
#5163=EDGE_CURVE('',#4285,#4284,#3015,.T.);
#5164=EDGE_CURVE('',#4286,#4286,#211,.T.);
#5165=EDGE_CURVE('',#4287,#4287,#212,.T.);
#5166=EDGE_CURVE('',#4288,#4288,#213,.T.);
#5167=EDGE_CURVE('',#4289,#4289,#214,.T.);
#5168=EDGE_CURVE('',#4290,#4290,#215,.T.);
#5169=EDGE_CURVE('',#4291,#4291,#216,.T.);
#5170=EDGE_CURVE('',#4292,#4292,#217,.T.);
#5171=EDGE_CURVE('',#4293,#4293,#218,.T.);
#5172=EDGE_CURVE('',#4294,#4294,#219,.T.);
#5173=EDGE_CURVE('',#4295,#4295,#220,.T.);
#5174=EDGE_CURVE('',#4296,#4296,#221,.T.);
#5175=EDGE_CURVE('',#4297,#4298,#222,.T.);
#5176=EDGE_CURVE('',#4298,#4297,#3016,.T.);
#5177=EDGE_CURVE('',#4299,#4299,#223,.T.);
#5178=EDGE_CURVE('',#4300,#4300,#224,.T.);
#5179=EDGE_CURVE('',#4301,#4301,#225,.T.);
#5180=EDGE_CURVE('',#4302,#4302,#226,.T.);
#5181=EDGE_CURVE('',#4303,#4303,#227,.T.);
#5182=EDGE_CURVE('',#4304,#4304,#228,.T.);
#5183=EDGE_CURVE('',#4305,#4305,#229,.T.);
#5184=EDGE_CURVE('',#4306,#4306,#230,.T.);
#5185=EDGE_CURVE('',#4307,#4307,#231,.T.);
#5186=EDGE_CURVE('',#4308,#4309,#232,.T.);
#5187=EDGE_CURVE('',#4309,#4308,#3017,.T.);
#5188=EDGE_CURVE('',#4310,#4311,#233,.T.);
#5189=EDGE_CURVE('',#4311,#4310,#3018,.T.);
#5190=EDGE_CURVE('',#4312,#4312,#234,.T.);
#5191=EDGE_CURVE('',#4313,#4313,#235,.T.);
#5192=EDGE_CURVE('',#4314,#4315,#236,.T.);
#5193=EDGE_CURVE('',#4315,#4314,#3019,.T.);
#5194=EDGE_CURVE('',#4316,#4317,#237,.T.);
#5195=EDGE_CURVE('',#4317,#4316,#3020,.T.);
#5196=EDGE_CURVE('',#4318,#4319,#238,.T.);
#5197=EDGE_CURVE('',#4319,#4318,#3021,.T.);
#5198=EDGE_CURVE('',#4320,#4321,#239,.T.);
#5199=EDGE_CURVE('',#4321,#4320,#3022,.T.);
#5200=EDGE_CURVE('',#4322,#4323,#240,.T.);
#5201=EDGE_CURVE('',#4323,#4322,#3023,.T.);
#5202=EDGE_CURVE('',#4324,#4324,#241,.T.);
#5203=EDGE_CURVE('',#4325,#4325,#242,.T.);
#5204=EDGE_CURVE('',#4326,#4327,#243,.T.);
#5205=EDGE_CURVE('',#4327,#4326,#3024,.T.);
#5206=EDGE_CURVE('',#4328,#4328,#244,.T.);
#5207=EDGE_CURVE('',#4329,#4329,#245,.T.);
#5208=EDGE_CURVE('',#4330,#4330,#246,.T.);
#5209=EDGE_CURVE('',#4331,#4332,#247,.T.);
#5210=EDGE_CURVE('',#4332,#4331,#3025,.T.);
#5211=EDGE_CURVE('',#4333,#4333,#248,.T.);
#5212=EDGE_CURVE('',#4334,#4334,#249,.T.);
#5213=EDGE_CURVE('',#4335,#4336,#464,.T.);
#5214=EDGE_CURVE('',#4337,#4335,#3026,.T.);
#5215=EDGE_CURVE('',#4337,#4338,#3027,.T.);
#5216=EDGE_CURVE('',#4338,#4339,#3028,.T.);
#5217=EDGE_CURVE('',#4336,#4339,#3029,.T.);
#5218=EDGE_CURVE('',#4340,#4340,#1345,.T.);
#5219=EDGE_CURVE('',#4341,#4335,#465,.T.);
#5220=EDGE_CURVE('',#4342,#4341,#3030,.T.);
#5221=EDGE_CURVE('',#4342,#4337,#1346,.T.);
#5222=EDGE_CURVE('',#4343,#4344,#466,.T.);
#5223=EDGE_CURVE('',#4345,#4343,#3031,.T.);
#5224=EDGE_CURVE('',#4345,#4342,#3032,.T.);
#5225=EDGE_CURVE('',#4346,#4341,#467,.T.);
#5226=EDGE_CURVE('',#4344,#4346,#3033,.T.);
#5227=EDGE_CURVE('',#4347,#4343,#468,.T.);
#5228=EDGE_CURVE('',#4348,#4347,#3034,.T.);
#5229=EDGE_CURVE('',#4348,#4345,#1347,.T.);
#5230=EDGE_CURVE('',#4349,#4348,#3035,.T.);
#5231=EDGE_CURVE('',#4350,#4349,#1348,.T.);
#5232=EDGE_CURVE('',#4351,#4350,#3036,.T.);
#5233=EDGE_CURVE('',#4338,#4351,#1349,.T.);
#5234=EDGE_CURVE('',#4352,#4353,#3037,.T.);
#5235=EDGE_CURVE('',#4354,#4352,#469,.T.);
#5236=EDGE_CURVE('',#4355,#4354,#470,.T.);
#5237=EDGE_CURVE('',#4356,#4355,#3038,.T.);
#5238=EDGE_CURVE('',#4357,#4356,#471,.T.);
#5239=EDGE_CURVE('',#4358,#4357,#472,.T.);
#5240=EDGE_CURVE('',#4359,#4358,#3039,.T.);
#5241=EDGE_CURVE('',#4360,#4359,#473,.T.);
#5242=EDGE_CURVE('',#4361,#4360,#474,.T.);
#5243=EDGE_CURVE('',#4362,#4361,#475,.T.);
#5244=EDGE_CURVE('',#4363,#4362,#3040,.T.);
#5245=EDGE_CURVE('',#4364,#4363,#476,.T.);
#5246=EDGE_CURVE('',#4365,#4364,#477,.T.);
#5247=EDGE_CURVE('',#4353,#4365,#478,.T.);
#5248=EDGE_CURVE('',#4366,#4366,#250,.T.);
#5249=EDGE_CURVE('',#4367,#4367,#251,.T.);
#5250=EDGE_CURVE('',#4368,#4368,#252,.T.);
#5251=EDGE_CURVE('',#4369,#4369,#253,.T.);
#5252=EDGE_CURVE('',#4370,#4370,#254,.T.);
#5253=EDGE_CURVE('',#4371,#4371,#255,.T.);
#5254=EDGE_CURVE('',#4372,#4372,#256,.T.);
#5255=EDGE_CURVE('',#4373,#4373,#257,.T.);
#5256=EDGE_CURVE('',#4374,#4374,#258,.T.);
#5257=EDGE_CURVE('',#4375,#4375,#259,.T.);
#5258=EDGE_CURVE('',#4376,#4376,#260,.T.);
#5259=EDGE_CURVE('',#4377,#4377,#261,.T.);
#5260=EDGE_CURVE('',#4378,#4378,#262,.T.);
#5261=EDGE_CURVE('',#4379,#4379,#263,.T.);
#5262=EDGE_CURVE('',#4380,#4380,#264,.T.);
#5263=EDGE_CURVE('',#4381,#4381,#265,.T.);
#5264=EDGE_CURVE('',#4382,#4382,#266,.T.);
#5265=EDGE_CURVE('',#4383,#4383,#267,.T.);
#5266=EDGE_CURVE('',#4384,#4384,#268,.T.);
#5267=EDGE_CURVE('',#4385,#4385,#269,.T.);
#5268=EDGE_CURVE('',#4386,#4386,#270,.T.);
#5269=EDGE_CURVE('',#4387,#4387,#271,.T.);
#5270=EDGE_CURVE('',#4388,#4388,#272,.T.);
#5271=EDGE_CURVE('',#4389,#4389,#273,.T.);
#5272=EDGE_CURVE('',#4390,#4390,#274,.T.);
#5273=EDGE_CURVE('',#4391,#4391,#275,.T.);
#5274=EDGE_CURVE('',#4392,#4392,#276,.T.);
#5275=EDGE_CURVE('',#4393,#4393,#277,.T.);
#5276=EDGE_CURVE('',#4394,#4394,#278,.T.);
#5277=EDGE_CURVE('',#4395,#4395,#279,.T.);
#5278=EDGE_CURVE('',#4396,#4396,#280,.T.);
#5279=EDGE_CURVE('',#4397,#4397,#281,.T.);
#5280=EDGE_CURVE('',#4398,#4398,#282,.T.);
#5281=EDGE_CURVE('',#4399,#4399,#283,.T.);
#5282=EDGE_CURVE('',#4400,#4400,#284,.T.);
#5283=EDGE_CURVE('',#4401,#4401,#285,.T.);
#5284=EDGE_CURVE('',#4402,#4402,#286,.T.);
#5285=EDGE_CURVE('',#4403,#4403,#287,.T.);
#5286=EDGE_CURVE('',#4404,#4404,#288,.T.);
#5287=EDGE_CURVE('',#4405,#4405,#289,.T.);
#5288=EDGE_CURVE('',#4406,#4406,#290,.T.);
#5289=EDGE_CURVE('',#4407,#4407,#291,.T.);
#5290=EDGE_CURVE('',#4408,#4408,#292,.T.);
#5291=EDGE_CURVE('',#4409,#4409,#293,.T.);
#5292=EDGE_CURVE('',#4410,#4410,#294,.T.);
#5293=EDGE_CURVE('',#4411,#4411,#295,.T.);
#5294=EDGE_CURVE('',#4412,#4412,#296,.T.);
#5295=EDGE_CURVE('',#4413,#4413,#297,.T.);
#5296=EDGE_CURVE('',#4414,#4414,#298,.T.);
#5297=EDGE_CURVE('',#4415,#4415,#299,.T.);
#5298=EDGE_CURVE('',#4416,#4416,#300,.T.);
#5299=EDGE_CURVE('',#4417,#4417,#301,.T.);
#5300=EDGE_CURVE('',#4418,#4418,#302,.T.);
#5301=EDGE_CURVE('',#4419,#4419,#303,.T.);
#5302=EDGE_CURVE('',#4420,#4420,#304,.T.);
#5303=EDGE_CURVE('',#4421,#4421,#305,.T.);
#5304=EDGE_CURVE('',#4422,#4422,#306,.T.);
#5305=EDGE_CURVE('',#4423,#4423,#307,.T.);
#5306=EDGE_CURVE('',#4424,#4424,#308,.T.);
#5307=EDGE_CURVE('',#4425,#4425,#309,.T.);
#5308=EDGE_CURVE('',#4426,#4426,#310,.T.);
#5309=EDGE_CURVE('',#4427,#4427,#311,.T.);
#5310=EDGE_CURVE('',#4428,#4428,#312,.T.);
#5311=EDGE_CURVE('',#4429,#4429,#313,.T.);
#5312=EDGE_CURVE('',#4430,#4430,#314,.T.);
#5313=EDGE_CURVE('',#4431,#4431,#315,.T.);
#5314=EDGE_CURVE('',#4432,#4433,#479,.T.);
#5315=EDGE_CURVE('',#4339,#4432,#480,.T.);
#5316=EDGE_CURVE('',#4351,#4433,#3041,.T.);
#5317=EDGE_CURVE('',#4433,#4434,#3042,.T.);
#5318=EDGE_CURVE('',#4350,#4434,#3043,.T.);
#5319=EDGE_CURVE('',#4435,#4435,#316,.T.);
#5320=EDGE_CURVE('',#4436,#4436,#317,.T.);
#5321=EDGE_CURVE('',#4437,#4437,#318,.T.);
#5322=EDGE_CURVE('',#4438,#4438,#319,.T.);
#5323=EDGE_CURVE('',#4439,#4439,#320,.T.);
#5324=EDGE_CURVE('',#4440,#4440,#321,.T.);
#5325=EDGE_CURVE('',#4441,#4441,#322,.T.);
#5326=EDGE_CURVE('',#4442,#4442,#323,.T.);
#5327=EDGE_CURVE('',#4443,#4443,#324,.T.);
#5328=EDGE_CURVE('',#4444,#4444,#325,.T.);
#5329=EDGE_CURVE('',#4445,#4445,#326,.T.);
#5330=EDGE_CURVE('',#4446,#4446,#327,.T.);
#5331=EDGE_CURVE('',#4447,#4447,#328,.T.);
#5332=EDGE_CURVE('',#4448,#4448,#329,.T.);
#5333=EDGE_CURVE('',#4449,#4449,#330,.T.);
#5334=EDGE_CURVE('',#4450,#4450,#331,.T.);
#5335=EDGE_CURVE('',#4451,#4451,#332,.T.);
#5336=EDGE_CURVE('',#4452,#4452,#333,.T.);
#5337=EDGE_CURVE('',#4453,#4453,#334,.T.);
#5338=EDGE_CURVE('',#4454,#4454,#335,.T.);
#5339=EDGE_CURVE('',#4455,#4455,#336,.T.);
#5340=EDGE_CURVE('',#4456,#4456,#337,.T.);
#5341=EDGE_CURVE('',#4457,#4457,#338,.T.);
#5342=EDGE_CURVE('',#4458,#4458,#339,.T.);
#5343=EDGE_CURVE('',#4459,#4459,#340,.T.);
#5344=EDGE_CURVE('',#4460,#4460,#341,.T.);
#5345=EDGE_CURVE('',#4461,#4461,#342,.T.);
#5346=EDGE_CURVE('',#4462,#4462,#343,.T.);
#5347=EDGE_CURVE('',#4463,#4463,#344,.T.);
#5348=EDGE_CURVE('',#4464,#4464,#345,.T.);
#5349=EDGE_CURVE('',#4465,#4465,#346,.T.);
#5350=EDGE_CURVE('',#4466,#4466,#347,.T.);
#5351=EDGE_CURVE('',#4467,#4467,#348,.T.);
#5352=EDGE_CURVE('',#4468,#4468,#349,.T.);
#5353=EDGE_CURVE('',#4469,#4469,#350,.T.);
#5354=EDGE_CURVE('',#4470,#4470,#351,.T.);
#5355=EDGE_CURVE('',#4471,#4471,#352,.T.);
#5356=EDGE_CURVE('',#4472,#4472,#353,.T.);
#5357=EDGE_CURVE('',#4473,#4473,#354,.T.);
#5358=EDGE_CURVE('',#4474,#4474,#355,.T.);
#5359=EDGE_CURVE('',#4475,#4475,#356,.T.);
#5360=EDGE_CURVE('',#4476,#4476,#357,.T.);
#5361=EDGE_CURVE('',#4477,#4477,#358,.T.);
#5362=EDGE_CURVE('',#4478,#4478,#359,.T.);
#5363=EDGE_CURVE('',#4479,#4479,#360,.T.);
#5364=EDGE_CURVE('',#4480,#4480,#361,.T.);
#5365=EDGE_CURVE('',#4481,#4481,#362,.T.);
#5366=EDGE_CURVE('',#4482,#4482,#363,.T.);
#5367=EDGE_CURVE('',#4483,#4483,#364,.T.);
#5368=EDGE_CURVE('',#4484,#4484,#365,.T.);
#5369=EDGE_CURVE('',#4485,#4485,#366,.T.);
#5370=EDGE_CURVE('',#4486,#4486,#367,.T.);
#5371=EDGE_CURVE('',#4487,#4487,#368,.T.);
#5372=EDGE_CURVE('',#4488,#4488,#369,.T.);
#5373=EDGE_CURVE('',#4489,#4489,#370,.T.);
#5374=EDGE_CURVE('',#4490,#4490,#371,.T.);
#5375=EDGE_CURVE('',#4491,#4491,#372,.T.);
#5376=EDGE_CURVE('',#4492,#4492,#373,.T.);
#5377=EDGE_CURVE('',#4493,#4493,#374,.T.);
#5378=EDGE_CURVE('',#4494,#4494,#375,.T.);
#5379=EDGE_CURVE('',#4495,#4495,#376,.T.);
#5380=EDGE_CURVE('',#4496,#4496,#377,.T.);
#5381=EDGE_CURVE('',#4497,#4497,#378,.T.);
#5382=EDGE_CURVE('',#4498,#4498,#379,.T.);
#5383=EDGE_CURVE('',#4499,#4499,#380,.T.);
#5384=EDGE_CURVE('',#4500,#4500,#381,.T.);
#5385=EDGE_CURVE('',#4501,#4501,#382,.T.);
#5386=EDGE_CURVE('',#4502,#4502,#383,.T.);
#5387=EDGE_CURVE('',#4503,#4503,#384,.T.);
#5388=EDGE_CURVE('',#4504,#4504,#385,.T.);
#5389=EDGE_CURVE('',#4505,#4505,#386,.T.);
#5390=EDGE_CURVE('',#4506,#4506,#387,.T.);
#5391=EDGE_CURVE('',#4507,#4507,#388,.T.);
#5392=EDGE_CURVE('',#4508,#4508,#389,.T.);
#5393=EDGE_CURVE('',#4509,#4509,#390,.T.);
#5394=EDGE_CURVE('',#4510,#4510,#391,.T.);
#5395=EDGE_CURVE('',#4511,#4511,#392,.T.);
#5396=EDGE_CURVE('',#4512,#4512,#393,.T.);
#5397=EDGE_CURVE('',#4513,#4513,#394,.T.);
#5398=EDGE_CURVE('',#4514,#4514,#395,.T.);
#5399=EDGE_CURVE('',#4515,#4515,#396,.T.);
#5400=EDGE_CURVE('',#4516,#4516,#397,.T.);
#5401=EDGE_CURVE('',#4517,#4517,#398,.T.);
#5402=EDGE_CURVE('',#4518,#4518,#399,.T.);
#5403=EDGE_CURVE('',#4519,#4519,#400,.T.);
#5404=EDGE_CURVE('',#4520,#4520,#401,.T.);
#5405=EDGE_CURVE('',#4521,#4521,#402,.T.);
#5406=EDGE_CURVE('',#4522,#4522,#403,.T.);
#5407=EDGE_CURVE('',#4523,#4523,#404,.T.);
#5408=EDGE_CURVE('',#4524,#4524,#405,.T.);
#5409=EDGE_CURVE('',#4525,#4525,#406,.T.);
#5410=EDGE_CURVE('',#4526,#4526,#407,.T.);
#5411=EDGE_CURVE('',#4527,#4527,#408,.T.);
#5412=EDGE_CURVE('',#4528,#4528,#409,.T.);
#5413=EDGE_CURVE('',#4529,#4529,#410,.T.);
#5414=EDGE_CURVE('',#4530,#4530,#411,.T.);
#5415=EDGE_CURVE('',#4531,#4531,#412,.T.);
#5416=EDGE_CURVE('',#4532,#4532,#413,.T.);
#5417=EDGE_CURVE('',#4533,#4533,#414,.T.);
#5418=EDGE_CURVE('',#4534,#4534,#415,.T.);
#5419=EDGE_CURVE('',#4535,#4535,#416,.T.);
#5420=EDGE_CURVE('',#4536,#4536,#417,.T.);
#5421=EDGE_CURVE('',#4537,#4537,#418,.T.);
#5422=EDGE_CURVE('',#4538,#4538,#419,.T.);
#5423=EDGE_CURVE('',#4539,#4539,#420,.T.);
#5424=EDGE_CURVE('',#4540,#4540,#421,.T.);
#5425=EDGE_CURVE('',#4541,#4541,#422,.T.);
#5426=EDGE_CURVE('',#4542,#4542,#423,.T.);
#5427=EDGE_CURVE('',#4543,#4543,#424,.T.);
#5428=EDGE_CURVE('',#4544,#4544,#425,.T.);
#5429=EDGE_CURVE('',#4545,#4545,#426,.T.);
#5430=EDGE_CURVE('',#4546,#4546,#427,.T.);
#5431=EDGE_CURVE('',#4547,#4547,#428,.T.);
#5432=EDGE_CURVE('',#4548,#4548,#429,.T.);
#5433=EDGE_CURVE('',#4549,#4549,#430,.T.);
#5434=EDGE_CURVE('',#4550,#4550,#431,.T.);
#5435=EDGE_CURVE('',#4551,#4551,#432,.T.);
#5436=EDGE_CURVE('',#4552,#4552,#433,.T.);
#5437=EDGE_CURVE('',#4553,#4553,#434,.T.);
#5438=EDGE_CURVE('',#4554,#4554,#435,.T.);
#5439=EDGE_CURVE('',#4555,#4555,#436,.T.);
#5440=EDGE_CURVE('',#4556,#4556,#437,.T.);
#5441=EDGE_CURVE('',#4557,#4557,#438,.T.);
#5442=EDGE_CURVE('',#4558,#4558,#439,.T.);
#5443=EDGE_CURVE('',#4559,#4559,#440,.T.);
#5444=EDGE_CURVE('',#4560,#4560,#441,.T.);
#5445=EDGE_CURVE('',#4561,#4561,#442,.T.);
#5446=EDGE_CURVE('',#4562,#4562,#443,.T.);
#5447=EDGE_CURVE('',#4563,#4563,#444,.T.);
#5448=EDGE_CURVE('',#4564,#4564,#445,.T.);
#5449=EDGE_CURVE('',#4565,#4565,#446,.T.);
#5450=EDGE_CURVE('',#4566,#4566,#447,.T.);
#5451=EDGE_CURVE('',#4567,#4568,#481,.T.);
#5452=EDGE_CURVE('',#4434,#4567,#482,.T.);
#5453=EDGE_CURVE('',#4349,#4568,#3044,.T.);
#5454=EDGE_CURVE('',#4569,#4347,#483,.T.);
#5455=EDGE_CURVE('',#4568,#4569,#3045,.T.);
#5456=EDGE_CURVE('',#4354,#4432,#3046,.T.);
#5457=EDGE_CURVE('',#4339,#4352,#3047,.T.);
#5458=EDGE_CURVE('',#4353,#4336,#3048,.T.);
#5459=EDGE_CURVE('',#4335,#4365,#3049,.T.);
#5460=EDGE_CURVE('',#4364,#4341,#3050,.T.);
#5461=EDGE_CURVE('',#4346,#4363,#3051,.T.);
#5462=EDGE_CURVE('',#4362,#4344,#3052,.T.);
#5463=EDGE_CURVE('',#4343,#4361,#3053,.T.);
#5464=EDGE_CURVE('',#4360,#4347,#3054,.T.);
#5465=EDGE_CURVE('',#4569,#4359,#3055,.T.);
#5466=EDGE_CURVE('',#4358,#4568,#3056,.T.);
#5467=EDGE_CURVE('',#4567,#4357,#3057,.T.);
#5468=EDGE_CURVE('',#4355,#4433,#3058,.T.);
#5469=EDGE_CURVE('',#4356,#4434,#484,.T.);
#5470=EDGE_CURVE('',#4566,#4060,#3059,.T.);
#5471=EDGE_CURVE('',#4203,#4366,#3060,.T.);
#5472=EDGE_CURVE('',#4565,#4061,#3061,.T.);
#5473=EDGE_CURVE('',#4204,#4205,#1350,.T.);
#5474=EDGE_CURVE('',#4564,#4062,#3062,.T.);
#5475=EDGE_CURVE('',#4206,#4367,#3063,.T.);
#5476=EDGE_CURVE('',#4563,#4063,#3064,.T.);
#5477=EDGE_CURVE('',#4207,#4208,#1351,.T.);
#5478=EDGE_CURVE('',#4562,#4064,#3065,.T.);
#5479=EDGE_CURVE('',#4561,#4065,#3066,.T.);
#5480=EDGE_CURVE('',#4209,#4210,#1352,.T.);
#5481=EDGE_CURVE('',#4560,#4066,#3067,.T.);
#5482=EDGE_CURVE('',#4211,#4368,#3068,.T.);
#5483=EDGE_CURVE('',#4559,#4067,#3069,.T.);
#5484=EDGE_CURVE('',#4212,#4213,#1353,.T.);
#5485=EDGE_CURVE('',#4558,#4068,#3070,.T.);
#5486=EDGE_CURVE('',#4214,#4215,#1354,.T.);
#5487=EDGE_CURVE('',#4557,#4069,#3071,.T.);
#5488=EDGE_CURVE('',#4216,#4217,#1355,.T.);
#5489=EDGE_CURVE('',#4556,#4070,#3072,.T.);
#5490=EDGE_CURVE('',#4218,#4369,#3073,.T.);
#5491=EDGE_CURVE('',#4555,#4071,#3074,.T.);
#5492=EDGE_CURVE('',#4219,#4370,#3075,.T.);
#5493=EDGE_CURVE('',#4554,#4072,#3076,.T.);
#5494=EDGE_CURVE('',#4220,#4221,#1356,.T.);
#5495=EDGE_CURVE('',#4553,#4073,#3077,.T.);
#5496=EDGE_CURVE('',#4222,#4371,#3078,.T.);
#5497=EDGE_CURVE('',#4552,#4074,#3079,.T.);
#5498=EDGE_CURVE('',#4223,#4224,#1357,.T.);
#5499=EDGE_CURVE('',#4551,#4075,#3080,.T.);
#5500=EDGE_CURVE('',#4225,#4372,#3081,.T.);
#5501=EDGE_CURVE('',#4550,#4076,#3082,.T.);
#5502=EDGE_CURVE('',#4226,#4373,#3083,.T.);
#5503=EDGE_CURVE('',#4549,#4077,#3084,.T.);
#5504=EDGE_CURVE('',#4227,#4374,#3085,.T.);
#5505=EDGE_CURVE('',#4548,#4078,#3086,.T.);
#5506=EDGE_CURVE('',#4228,#4229,#1358,.T.);
#5507=EDGE_CURVE('',#4547,#4079,#3087,.T.);
#5508=EDGE_CURVE('',#4546,#4080,#3088,.T.);
#5509=EDGE_CURVE('',#4230,#4375,#3089,.T.);
#5510=EDGE_CURVE('',#4545,#4081,#3090,.T.);
#5511=EDGE_CURVE('',#4231,#4376,#3091,.T.);
#5512=EDGE_CURVE('',#4544,#4082,#3092,.T.);
#5513=EDGE_CURVE('',#4543,#4083,#3093,.T.);
#5514=EDGE_CURVE('',#4542,#4084,#3094,.T.);
#5515=EDGE_CURVE('',#4232,#4377,#3095,.T.);
#5516=EDGE_CURVE('',#4541,#4085,#3096,.T.);
#5517=EDGE_CURVE('',#4540,#4086,#3097,.T.);
#5518=EDGE_CURVE('',#4233,#4234,#1359,.T.);
#5519=EDGE_CURVE('',#4539,#4087,#3098,.T.);
#5520=EDGE_CURVE('',#4235,#4378,#3099,.T.);
#5521=EDGE_CURVE('',#4538,#4088,#3100,.T.);
#5522=EDGE_CURVE('',#4236,#4379,#3101,.T.);
#5523=EDGE_CURVE('',#4537,#4089,#3102,.T.);
#5524=EDGE_CURVE('',#4536,#4090,#3103,.T.);
#5525=EDGE_CURVE('',#4237,#4380,#3104,.T.);
#5526=EDGE_CURVE('',#4535,#4091,#3105,.T.);
#5527=EDGE_CURVE('',#4534,#4092,#3106,.T.);
#5528=EDGE_CURVE('',#4533,#4093,#3107,.T.);
#5529=EDGE_CURVE('',#4238,#4381,#3108,.T.);
#5530=EDGE_CURVE('',#4532,#4094,#3109,.T.);
#5531=EDGE_CURVE('',#4239,#4382,#3110,.T.);
#5532=EDGE_CURVE('',#4531,#4095,#3111,.T.);
#5533=EDGE_CURVE('',#4240,#4241,#1360,.T.);
#5534=EDGE_CURVE('',#4530,#4096,#3112,.T.);
#5535=EDGE_CURVE('',#4242,#4243,#1361,.T.);
#5536=EDGE_CURVE('',#4529,#4097,#3113,.T.);
#5537=EDGE_CURVE('',#4244,#4383,#3114,.T.);
#5538=EDGE_CURVE('',#4528,#4098,#3115,.T.);
#5539=EDGE_CURVE('',#4527,#4099,#3116,.T.);
#5540=EDGE_CURVE('',#4245,#4384,#3117,.T.);
#5541=EDGE_CURVE('',#4526,#4100,#3118,.T.);
#5542=EDGE_CURVE('',#4525,#4101,#3119,.T.);
#5543=EDGE_CURVE('',#4524,#4102,#3120,.T.);
#5544=EDGE_CURVE('',#4523,#4103,#3121,.T.);
#5545=EDGE_CURVE('',#4246,#4385,#3122,.T.);
#5546=EDGE_CURVE('',#4522,#4104,#3123,.T.);
#5547=EDGE_CURVE('',#4247,#4386,#3124,.T.);
#5548=EDGE_CURVE('',#4521,#4105,#3125,.T.);
#5549=EDGE_CURVE('',#4520,#4106,#3126,.T.);
#5550=EDGE_CURVE('',#4248,#4387,#3127,.T.);
#5551=EDGE_CURVE('',#4519,#4107,#3128,.T.);
#5552=EDGE_CURVE('',#4249,#4250,#1362,.T.);
#5553=EDGE_CURVE('',#4518,#4108,#3129,.T.);
#5554=EDGE_CURVE('',#4251,#4388,#3130,.T.);
#5555=EDGE_CURVE('',#4517,#4109,#3131,.T.);
#5556=EDGE_CURVE('',#4252,#4389,#3132,.T.);
#5557=EDGE_CURVE('',#4516,#4110,#3133,.T.);
#5558=EDGE_CURVE('',#4253,#4390,#3134,.T.);
#5559=EDGE_CURVE('',#4515,#4111,#3135,.T.);
#5560=EDGE_CURVE('',#4254,#4391,#3136,.T.);
#5561=EDGE_CURVE('',#4514,#4112,#3137,.T.);
#5562=EDGE_CURVE('',#4513,#4113,#3138,.T.);
#5563=EDGE_CURVE('',#4255,#4256,#1363,.T.);
#5564=EDGE_CURVE('',#4512,#4114,#3139,.T.);
#5565=EDGE_CURVE('',#4257,#4258,#1364,.T.);
#5566=EDGE_CURVE('',#4511,#4115,#3140,.T.);
#5567=EDGE_CURVE('',#4259,#4260,#1365,.T.);
#5568=EDGE_CURVE('',#4510,#4116,#3141,.T.);
#5569=EDGE_CURVE('',#4261,#4392,#3142,.T.);
#5570=EDGE_CURVE('',#4509,#4117,#3143,.T.);
#5571=EDGE_CURVE('',#4262,#4393,#3144,.T.);
#5572=EDGE_CURVE('',#4508,#4118,#3145,.T.);
#5573=EDGE_CURVE('',#4263,#4394,#3146,.T.);
#5574=EDGE_CURVE('',#4507,#4119,#3147,.T.);
#5575=EDGE_CURVE('',#4264,#4265,#1366,.T.);
#5576=EDGE_CURVE('',#4506,#4120,#3148,.T.);
#5577=EDGE_CURVE('',#4266,#4395,#3149,.T.);
#5578=EDGE_CURVE('',#4505,#4121,#3150,.T.);
#5579=EDGE_CURVE('',#4267,#4396,#3151,.T.);
#5580=EDGE_CURVE('',#4504,#4122,#3152,.T.);
#5581=EDGE_CURVE('',#4268,#4269,#1367,.T.);
#5582=EDGE_CURVE('',#4503,#4123,#3153,.T.);
#5583=EDGE_CURVE('',#4270,#4397,#3154,.T.);
#5584=EDGE_CURVE('',#4502,#4124,#3155,.T.);
#5585=EDGE_CURVE('',#4271,#4398,#3156,.T.);
#5586=EDGE_CURVE('',#4501,#4125,#3157,.T.);
#5587=EDGE_CURVE('',#4272,#4273,#1368,.T.);
#5588=EDGE_CURVE('',#4500,#4126,#3158,.T.);
#5589=EDGE_CURVE('',#4274,#4399,#3159,.T.);
#5590=EDGE_CURVE('',#4499,#4127,#3160,.T.);
#5591=EDGE_CURVE('',#4275,#4276,#1369,.T.);
#5592=EDGE_CURVE('',#4498,#4128,#3161,.T.);
#5593=EDGE_CURVE('',#4497,#4129,#3162,.T.);
#5594=EDGE_CURVE('',#4277,#4278,#1370,.T.);
#5595=EDGE_CURVE('',#4496,#4130,#3163,.T.);
#5596=EDGE_CURVE('',#4279,#4400,#3164,.T.);
#5597=EDGE_CURVE('',#4495,#4131,#3165,.T.);
#5598=EDGE_CURVE('',#4280,#4401,#3166,.T.);
#5599=EDGE_CURVE('',#4494,#4132,#3167,.T.);
#5600=EDGE_CURVE('',#4281,#4282,#1371,.T.);
#5601=EDGE_CURVE('',#4493,#4133,#3168,.T.);
#5602=EDGE_CURVE('',#4283,#4402,#3169,.T.);
#5603=EDGE_CURVE('',#4492,#4134,#3170,.T.);
#5604=EDGE_CURVE('',#4284,#4285,#1372,.T.);
#5605=EDGE_CURVE('',#4491,#4135,#3171,.T.);
#5606=EDGE_CURVE('',#4286,#4403,#3172,.T.);
#5607=EDGE_CURVE('',#4490,#4136,#3173,.T.);
#5608=EDGE_CURVE('',#4287,#4404,#3174,.T.);
#5609=EDGE_CURVE('',#4489,#4137,#3175,.T.);
#5610=EDGE_CURVE('',#4488,#4138,#3176,.T.);
#5611=EDGE_CURVE('',#4288,#4405,#3177,.T.);
#5612=EDGE_CURVE('',#4487,#4139,#3178,.T.);
#5613=EDGE_CURVE('',#4289,#4406,#3179,.T.);
#5614=EDGE_CURVE('',#4486,#4140,#3180,.T.);
#5615=EDGE_CURVE('',#4290,#4407,#3181,.T.);
#5616=EDGE_CURVE('',#4485,#4141,#3182,.T.);
#5617=EDGE_CURVE('',#4291,#4408,#3183,.T.);
#5618=EDGE_CURVE('',#4484,#4142,#3184,.T.);
#5619=EDGE_CURVE('',#4292,#4409,#3185,.T.);
#5620=EDGE_CURVE('',#4483,#4143,#3186,.T.);
#5621=EDGE_CURVE('',#4482,#4144,#3187,.T.);
#5622=EDGE_CURVE('',#4481,#4145,#3188,.T.);
#5623=EDGE_CURVE('',#4293,#4410,#3189,.T.);
#5624=EDGE_CURVE('',#4480,#4146,#3190,.T.);
#5625=EDGE_CURVE('',#4294,#4411,#3191,.T.);
#5626=EDGE_CURVE('',#4479,#4147,#3192,.T.);
#5627=EDGE_CURVE('',#4478,#4148,#3193,.T.);
#5628=EDGE_CURVE('',#4295,#4412,#3194,.T.);
#5629=EDGE_CURVE('',#4477,#4149,#3195,.T.);
#5630=EDGE_CURVE('',#4476,#4150,#3196,.T.);
#5631=EDGE_CURVE('',#4296,#4413,#3197,.T.);
#5632=EDGE_CURVE('',#4475,#4151,#3198,.T.);
#5633=EDGE_CURVE('',#4474,#4152,#3199,.T.);
#5634=EDGE_CURVE('',#4297,#4298,#1373,.T.);
#5635=EDGE_CURVE('',#4473,#4153,#3200,.T.);
#5636=EDGE_CURVE('',#4299,#4414,#3201,.T.);
#5637=EDGE_CURVE('',#4472,#4154,#3202,.T.);
#5638=EDGE_CURVE('',#4300,#4415,#3203,.T.);
#5639=EDGE_CURVE('',#4471,#4155,#3204,.T.);
#5640=EDGE_CURVE('',#4470,#4156,#3205,.T.);
#5641=EDGE_CURVE('',#4469,#4157,#3206,.T.);
#5642=EDGE_CURVE('',#4468,#4158,#3207,.T.);
#5643=EDGE_CURVE('',#4467,#4159,#3208,.T.);
#5644=EDGE_CURVE('',#4466,#4160,#3209,.T.);
#5645=EDGE_CURVE('',#4301,#4416,#3210,.T.);
#5646=EDGE_CURVE('',#4465,#4161,#3211,.T.);
#5647=EDGE_CURVE('',#4302,#4417,#3212,.T.);
#5648=EDGE_CURVE('',#4464,#4162,#3213,.T.);
#5649=EDGE_CURVE('',#4303,#4418,#3214,.T.);
#5650=EDGE_CURVE('',#4463,#4163,#3215,.T.);
#5651=EDGE_CURVE('',#4304,#4419,#3216,.T.);
#5652=EDGE_CURVE('',#4462,#4164,#3217,.T.);
#5653=EDGE_CURVE('',#4305,#4420,#3218,.T.);
#5654=EDGE_CURVE('',#4461,#4165,#3219,.T.);
#5655=EDGE_CURVE('',#4306,#4421,#3220,.T.);
#5656=EDGE_CURVE('',#4460,#4166,#3221,.T.);
#5657=EDGE_CURVE('',#4459,#4167,#3222,.T.);
#5658=EDGE_CURVE('',#4307,#4422,#3223,.T.);
#5659=EDGE_CURVE('',#4458,#4168,#3224,.T.);
#5660=EDGE_CURVE('',#4308,#4309,#1374,.T.);
#5661=EDGE_CURVE('',#4457,#4169,#3225,.T.);
#5662=EDGE_CURVE('',#4310,#4311,#1375,.T.);
#5663=EDGE_CURVE('',#4456,#4170,#3226,.T.);
#5664=EDGE_CURVE('',#4455,#4171,#3227,.T.);
#5665=EDGE_CURVE('',#4454,#4172,#3228,.T.);
#5666=EDGE_CURVE('',#4312,#4423,#3229,.T.);
#5667=EDGE_CURVE('',#4453,#4173,#3230,.T.);
#5668=EDGE_CURVE('',#4313,#4424,#3231,.T.);
#5669=EDGE_CURVE('',#4452,#4174,#3232,.T.);
#5670=EDGE_CURVE('',#4451,#4175,#3233,.T.);
#5671=EDGE_CURVE('',#4314,#4315,#1376,.T.);
#5672=EDGE_CURVE('',#4450,#4176,#3234,.T.);
#5673=EDGE_CURVE('',#4316,#4317,#1377,.T.);
#5674=EDGE_CURVE('',#4449,#4177,#3235,.T.);
#5675=EDGE_CURVE('',#4448,#4178,#3236,.T.);
#5676=EDGE_CURVE('',#4447,#4179,#3237,.T.);
#5677=EDGE_CURVE('',#4318,#4319,#1378,.T.);
#5678=EDGE_CURVE('',#4446,#4180,#3238,.T.);
#5679=EDGE_CURVE('',#4320,#4321,#1379,.T.);
#5680=EDGE_CURVE('',#4445,#4181,#3239,.T.);
#5681=EDGE_CURVE('',#4322,#4323,#1380,.T.);
#5682=EDGE_CURVE('',#4444,#4182,#3240,.T.);
#5683=EDGE_CURVE('',#4324,#4425,#3241,.T.);
#5684=EDGE_CURVE('',#4443,#4183,#3242,.T.);
#5685=EDGE_CURVE('',#4325,#4426,#3243,.T.);
#5686=EDGE_CURVE('',#4442,#4184,#3244,.T.);
#5687=EDGE_CURVE('',#4326,#4327,#1381,.T.);
#5688=EDGE_CURVE('',#4441,#4185,#3245,.T.);
#5689=EDGE_CURVE('',#4328,#4427,#3246,.T.);
#5690=EDGE_CURVE('',#4440,#4186,#3247,.T.);
#5691=EDGE_CURVE('',#4329,#4428,#3248,.T.);
#5692=EDGE_CURVE('',#4439,#4187,#3249,.T.);
#5693=EDGE_CURVE('',#4330,#4429,#3250,.T.);
#5694=EDGE_CURVE('',#4438,#4188,#3251,.T.);
#5695=EDGE_CURVE('',#4331,#4332,#1382,.T.);
#5696=EDGE_CURVE('',#4437,#4189,#3252,.T.);
#5697=EDGE_CURVE('',#4333,#4430,#3253,.T.);
#5698=EDGE_CURVE('',#4436,#4190,#3254,.T.);
#5699=EDGE_CURVE('',#4334,#4431,#3255,.T.);
#5700=EDGE_CURVE('',#4435,#4191,#3256,.T.);
#5701=EDGE_CURVE('',#4340,#4196,#3257,.T.);
#5702=EDGE_CURVE('',#4570,#4571,#1383,.T.);
#5703=EDGE_CURVE('',#4570,#4572,#3258,.T.);
#5704=EDGE_CURVE('',#4573,#4572,#1384,.T.);
#5705=EDGE_CURVE('',#4573,#4574,#3259,.T.);
#5706=EDGE_CURVE('',#4575,#4574,#1385,.T.);
#5707=EDGE_CURVE('',#4575,#4576,#3260,.T.);
#5708=EDGE_CURVE('',#4577,#4576,#1386,.T.);
#5709=EDGE_CURVE('',#4571,#4577,#3261,.T.);
#5710=EDGE_CURVE('',#4574,#4056,#3262,.T.);
#5711=EDGE_CURVE('',#4573,#4057,#3263,.T.);
#5712=EDGE_CURVE('',#4571,#4052,#3264,.T.);
#5713=EDGE_CURVE('',#4577,#4053,#3265,.T.);
#5714=EDGE_CURVE('',#4570,#4059,#3266,.T.);
#5715=EDGE_CURVE('',#4576,#4054,#3267,.T.);
#5716=EDGE_CURVE('',#4572,#4058,#3268,.T.);
#5717=EDGE_CURVE('',#4575,#4055,#3269,.T.);
#5718=EDGE_CURVE('',#4578,#4578,#1387,.T.);
#5719=EDGE_CURVE('',#4578,#4579,#3270,.T.);
#5720=EDGE_CURVE('',#4579,#4579,#1388,.T.);
#5721=EDGE_CURVE('',#4580,#4580,#1389,.T.);
#5722=EDGE_CURVE('',#4580,#4581,#3271,.T.);
#5723=EDGE_CURVE('',#4581,#4581,#1390,.T.);
#5724=ORIENTED_EDGE('',*,*,#4582,.F.);
#5725=ORIENTED_EDGE('',*,*,#4583,.T.);
#5726=ORIENTED_EDGE('',*,*,#4584,.T.);
#5727=ORIENTED_EDGE('',*,*,#4585,.T.);
#5728=ORIENTED_EDGE('',*,*,#4586,.T.);
#5729=ORIENTED_EDGE('',*,*,#4587,.T.);
#5730=ORIENTED_EDGE('',*,*,#4588,.F.);
#5731=ORIENTED_EDGE('',*,*,#4589,.T.);
#5732=ORIENTED_EDGE('',*,*,#4590,.F.);
#5733=ORIENTED_EDGE('',*,*,#4591,.T.);
#5734=ORIENTED_EDGE('',*,*,#4592,.T.);
#5735=ORIENTED_EDGE('',*,*,#4593,.T.);
#5736=ORIENTED_EDGE('',*,*,#4594,.F.);
#5737=ORIENTED_EDGE('',*,*,#4595,.T.);
#5738=ORIENTED_EDGE('',*,*,#4596,.F.);
#5739=ORIENTED_EDGE('',*,*,#4597,.T.);
#5740=ORIENTED_EDGE('',*,*,#4598,.T.);
#5741=ORIENTED_EDGE('',*,*,#4599,.T.);
#5742=ORIENTED_EDGE('',*,*,#4584,.F.);
#5743=ORIENTED_EDGE('',*,*,#4600,.T.);
#5744=ORIENTED_EDGE('',*,*,#4601,.F.);
#5745=ORIENTED_EDGE('',*,*,#4602,.T.);
#5746=ORIENTED_EDGE('',*,*,#4603,.T.);
#5747=ORIENTED_EDGE('',*,*,#4604,.T.);
#5748=ORIENTED_EDGE('',*,*,#4605,.F.);
#5749=ORIENTED_EDGE('',*,*,#4606,.T.);
#5750=ORIENTED_EDGE('',*,*,#4594,.T.);
#5751=ORIENTED_EDGE('',*,*,#4607,.T.);
#5752=ORIENTED_EDGE('',*,*,#4608,.F.);
#5753=ORIENTED_EDGE('',*,*,#4609,.T.);
#5754=ORIENTED_EDGE('',*,*,#4605,.T.);
#5755=ORIENTED_EDGE('',*,*,#4610,.T.);
#5756=ORIENTED_EDGE('',*,*,#4611,.T.);
#5757=ORIENTED_EDGE('',*,*,#4612,.T.);
#5758=ORIENTED_EDGE('',*,*,#4613,.T.);
#5759=ORIENTED_EDGE('',*,*,#4614,.T.);
#5760=ORIENTED_EDGE('',*,*,#4582,.T.);
#5761=ORIENTED_EDGE('',*,*,#4615,.T.);
#5762=ORIENTED_EDGE('',*,*,#4616,.T.);
#5763=ORIENTED_EDGE('',*,*,#4617,.F.);
#5764=ORIENTED_EDGE('',*,*,#4618,.T.);
#5765=ORIENTED_EDGE('',*,*,#4619,.F.);
#5766=ORIENTED_EDGE('',*,*,#4620,.F.);
#5767=ORIENTED_EDGE('',*,*,#4617,.T.);
#5768=ORIENTED_EDGE('',*,*,#4621,.T.);
#5769=ORIENTED_EDGE('',*,*,#4622,.F.);
#5770=ORIENTED_EDGE('',*,*,#4623,.F.);
#5771=ORIENTED_EDGE('',*,*,#4619,.T.);
#5772=ORIENTED_EDGE('',*,*,#4624,.T.);
#5773=ORIENTED_EDGE('',*,*,#4589,.F.);
#5774=ORIENTED_EDGE('',*,*,#4625,.F.);
#5775=ORIENTED_EDGE('',*,*,#4622,.T.);
#5776=ORIENTED_EDGE('',*,*,#4596,.T.);
#5777=ORIENTED_EDGE('',*,*,#4626,.T.);
#5778=ORIENTED_EDGE('',*,*,#4608,.T.);
#5779=ORIENTED_EDGE('',*,*,#4620,.T.);
#5780=ORIENTED_EDGE('',*,*,#4623,.T.);
#5781=ORIENTED_EDGE('',*,*,#4625,.T.);
#5782=ORIENTED_EDGE('',*,*,#4588,.T.);
#5783=ORIENTED_EDGE('',*,*,#4627,.T.);
#5784=ORIENTED_EDGE('',*,*,#4590,.T.);
#5785=ORIENTED_EDGE('',*,*,#4628,.T.);
#5786=ORIENTED_EDGE('',*,*,#4616,.F.);
#5787=ORIENTED_EDGE('',*,*,#4629,.T.);
#5788=ORIENTED_EDGE('',*,*,#4598,.F.);
#5789=ORIENTED_EDGE('',*,*,#4630,.T.);
#5790=ORIENTED_EDGE('',*,*,#4592,.F.);
#5791=ORIENTED_EDGE('',*,*,#4631,.T.);
#5792=ORIENTED_EDGE('',*,*,#4586,.F.);
#5793=ORIENTED_EDGE('',*,*,#4624,.F.);
#5794=ORIENTED_EDGE('',*,*,#4621,.F.);
#5795=ORIENTED_EDGE('',*,*,#4618,.F.);
#5796=ORIENTED_EDGE('',*,*,#4628,.F.);
#5797=ORIENTED_EDGE('',*,*,#4593,.F.);
#5798=ORIENTED_EDGE('',*,*,#4630,.F.);
#5799=ORIENTED_EDGE('',*,*,#4597,.F.);
#5800=ORIENTED_EDGE('',*,*,#4627,.F.);
#5801=ORIENTED_EDGE('',*,*,#4587,.F.);
#5802=ORIENTED_EDGE('',*,*,#4631,.F.);
#5803=ORIENTED_EDGE('',*,*,#4591,.F.);
#5804=ORIENTED_EDGE('',*,*,#4611,.F.);
#5805=ORIENTED_EDGE('',*,*,#4632,.T.);
#5806=ORIENTED_EDGE('',*,*,#4603,.F.);
#5807=ORIENTED_EDGE('',*,*,#4633,.T.);
#5808=ORIENTED_EDGE('',*,*,#4601,.T.);
#5809=ORIENTED_EDGE('',*,*,#4634,.T.);
#5810=ORIENTED_EDGE('',*,*,#4613,.F.);
#5811=ORIENTED_EDGE('',*,*,#4635,.T.);
#5812=ORIENTED_EDGE('',*,*,#4612,.F.);
#5813=ORIENTED_EDGE('',*,*,#4633,.F.);
#5814=ORIENTED_EDGE('',*,*,#4602,.F.);
#5815=ORIENTED_EDGE('',*,*,#4635,.F.);
#5816=ORIENTED_EDGE('',*,*,#4615,.F.);
#5817=ORIENTED_EDGE('',*,*,#4585,.F.);
#5818=ORIENTED_EDGE('',*,*,#4599,.F.);
#5819=ORIENTED_EDGE('',*,*,#4629,.F.);
#5820=ORIENTED_EDGE('',*,*,#4614,.F.);
#5821=ORIENTED_EDGE('',*,*,#4634,.F.);
#5822=ORIENTED_EDGE('',*,*,#4600,.F.);
#5823=ORIENTED_EDGE('',*,*,#4583,.F.);
#5824=ORIENTED_EDGE('',*,*,#4604,.F.);
#5825=ORIENTED_EDGE('',*,*,#4632,.F.);
#5826=ORIENTED_EDGE('',*,*,#4610,.F.);
#5827=ORIENTED_EDGE('',*,*,#4607,.F.);
#5828=ORIENTED_EDGE('',*,*,#4609,.F.);
#5829=ORIENTED_EDGE('',*,*,#4626,.F.);
#5830=ORIENTED_EDGE('',*,*,#4595,.F.);
#5831=ORIENTED_EDGE('',*,*,#4606,.F.);
#5832=ORIENTED_EDGE('',*,*,#4636,.F.);
#5833=ORIENTED_EDGE('',*,*,#4637,.F.);
#5834=ORIENTED_EDGE('',*,*,#4638,.T.);
#5835=ORIENTED_EDGE('',*,*,#4639,.T.);
#5836=ORIENTED_EDGE('',*,*,#4640,.F.);
#5837=ORIENTED_EDGE('',*,*,#4641,.F.);
#5838=ORIENTED_EDGE('',*,*,#4642,.T.);
#5839=ORIENTED_EDGE('',*,*,#4637,.T.);
#5840=ORIENTED_EDGE('',*,*,#4643,.F.);
#5841=ORIENTED_EDGE('',*,*,#4644,.F.);
#5842=ORIENTED_EDGE('',*,*,#4645,.T.);
#5843=ORIENTED_EDGE('',*,*,#4641,.T.);
#5844=ORIENTED_EDGE('',*,*,#4646,.F.);
#5845=ORIENTED_EDGE('',*,*,#4639,.F.);
#5846=ORIENTED_EDGE('',*,*,#4647,.T.);
#5847=ORIENTED_EDGE('',*,*,#4644,.T.);
#5848=ORIENTED_EDGE('',*,*,#4638,.F.);
#5849=ORIENTED_EDGE('',*,*,#4642,.F.);
#5850=ORIENTED_EDGE('',*,*,#4645,.F.);
#5851=ORIENTED_EDGE('',*,*,#4647,.F.);
#5852=ORIENTED_EDGE('',*,*,#4636,.T.);
#5853=ORIENTED_EDGE('',*,*,#4646,.T.);
#5854=ORIENTED_EDGE('',*,*,#4643,.T.);
#5855=ORIENTED_EDGE('',*,*,#4640,.T.);
#5856=ORIENTED_EDGE('',*,*,#4648,.F.);
#5857=ORIENTED_EDGE('',*,*,#4649,.F.);
#5858=ORIENTED_EDGE('',*,*,#4650,.T.);
#5859=ORIENTED_EDGE('',*,*,#4651,.T.);
#5860=ORIENTED_EDGE('',*,*,#4652,.F.);
#5861=ORIENTED_EDGE('',*,*,#4653,.F.);
#5862=ORIENTED_EDGE('',*,*,#4654,.T.);
#5863=ORIENTED_EDGE('',*,*,#4649,.T.);
#5864=ORIENTED_EDGE('',*,*,#4655,.F.);
#5865=ORIENTED_EDGE('',*,*,#4656,.F.);
#5866=ORIENTED_EDGE('',*,*,#4657,.T.);
#5867=ORIENTED_EDGE('',*,*,#4653,.T.);
#5868=ORIENTED_EDGE('',*,*,#4658,.F.);
#5869=ORIENTED_EDGE('',*,*,#4651,.F.);
#5870=ORIENTED_EDGE('',*,*,#4659,.T.);
#5871=ORIENTED_EDGE('',*,*,#4656,.T.);
#5872=ORIENTED_EDGE('',*,*,#4650,.F.);
#5873=ORIENTED_EDGE('',*,*,#4654,.F.);
#5874=ORIENTED_EDGE('',*,*,#4657,.F.);
#5875=ORIENTED_EDGE('',*,*,#4659,.F.);
#5876=ORIENTED_EDGE('',*,*,#4648,.T.);
#5877=ORIENTED_EDGE('',*,*,#4658,.T.);
#5878=ORIENTED_EDGE('',*,*,#4655,.T.);
#5879=ORIENTED_EDGE('',*,*,#4652,.T.);
#5880=ORIENTED_EDGE('',*,*,#4660,.T.);
#5881=ORIENTED_EDGE('',*,*,#4661,.T.);
#5882=ORIENTED_EDGE('',*,*,#4662,.F.);
#5883=ORIENTED_EDGE('',*,*,#4663,.T.);
#5884=ORIENTED_EDGE('',*,*,#4664,.F.);
#5885=ORIENTED_EDGE('',*,*,#4665,.T.);
#5886=ORIENTED_EDGE('',*,*,#4666,.T.);
#5887=ORIENTED_EDGE('',*,*,#4667,.T.);
#5888=ORIENTED_EDGE('',*,*,#4668,.F.);
#5889=ORIENTED_EDGE('',*,*,#4669,.T.);
#5890=ORIENTED_EDGE('',*,*,#4660,.F.);
#5891=ORIENTED_EDGE('',*,*,#4670,.T.);
#5892=ORIENTED_EDGE('',*,*,#4671,.F.);
#5893=ORIENTED_EDGE('',*,*,#4672,.T.);
#5894=ORIENTED_EDGE('',*,*,#4673,.T.);
#5895=ORIENTED_EDGE('',*,*,#4674,.T.);
#5896=ORIENTED_EDGE('',*,*,#4675,.F.);
#5897=ORIENTED_EDGE('',*,*,#4676,.T.);
#5898=ORIENTED_EDGE('',*,*,#4664,.T.);
#5899=ORIENTED_EDGE('',*,*,#4677,.T.);
#5900=ORIENTED_EDGE('',*,*,#4678,.T.);
#5901=ORIENTED_EDGE('',*,*,#4679,.T.);
#5902=ORIENTED_EDGE('',*,*,#4675,.T.);
#5903=ORIENTED_EDGE('',*,*,#4680,.T.);
#5904=ORIENTED_EDGE('',*,*,#4681,.T.);
#5905=ORIENTED_EDGE('',*,*,#4682,.T.);
#5906=ORIENTED_EDGE('',*,*,#4683,.T.);
#5907=ORIENTED_EDGE('',*,*,#4684,.T.);
#5908=ORIENTED_EDGE('',*,*,#4662,.T.);
#5909=ORIENTED_EDGE('',*,*,#4685,.T.);
#5910=ORIENTED_EDGE('',*,*,#4686,.F.);
#5911=ORIENTED_EDGE('',*,*,#4687,.F.);
#5912=ORIENTED_EDGE('',*,*,#4688,.F.);
#5913=ORIENTED_EDGE('',*,*,#4667,.F.);
#5914=ORIENTED_EDGE('',*,*,#4689,.T.);
#5915=ORIENTED_EDGE('',*,*,#4687,.T.);
#5916=ORIENTED_EDGE('',*,*,#4666,.F.);
#5917=ORIENTED_EDGE('',*,*,#4690,.T.);
#5918=ORIENTED_EDGE('',*,*,#4678,.F.);
#5919=ORIENTED_EDGE('',*,*,#4689,.F.);
#5920=ORIENTED_EDGE('',*,*,#4686,.T.);
#5921=ORIENTED_EDGE('',*,*,#4691,.T.);
#5922=ORIENTED_EDGE('',*,*,#4668,.T.);
#5923=ORIENTED_EDGE('',*,*,#4688,.T.);
#5924=ORIENTED_EDGE('',*,*,#4681,.F.);
#5925=ORIENTED_EDGE('',*,*,#4692,.T.);
#5926=ORIENTED_EDGE('',*,*,#4673,.F.);
#5927=ORIENTED_EDGE('',*,*,#4693,.T.);
#5928=ORIENTED_EDGE('',*,*,#4671,.T.);
#5929=ORIENTED_EDGE('',*,*,#4694,.T.);
#5930=ORIENTED_EDGE('',*,*,#4683,.F.);
#5931=ORIENTED_EDGE('',*,*,#4695,.T.);
#5932=ORIENTED_EDGE('',*,*,#4682,.F.);
#5933=ORIENTED_EDGE('',*,*,#4693,.F.);
#5934=ORIENTED_EDGE('',*,*,#4672,.F.);
#5935=ORIENTED_EDGE('',*,*,#4695,.F.);
#5936=ORIENTED_EDGE('',*,*,#4684,.F.);
#5937=ORIENTED_EDGE('',*,*,#4694,.F.);
#5938=ORIENTED_EDGE('',*,*,#4670,.F.);
#5939=ORIENTED_EDGE('',*,*,#4663,.F.);
#5940=ORIENTED_EDGE('',*,*,#4674,.F.);
#5941=ORIENTED_EDGE('',*,*,#4692,.F.);
#5942=ORIENTED_EDGE('',*,*,#4680,.F.);
#5943=ORIENTED_EDGE('',*,*,#4677,.F.);
#5944=ORIENTED_EDGE('',*,*,#4685,.F.);
#5945=ORIENTED_EDGE('',*,*,#4661,.F.);
#5946=ORIENTED_EDGE('',*,*,#4669,.F.);
#5947=ORIENTED_EDGE('',*,*,#4691,.F.);
#5948=ORIENTED_EDGE('',*,*,#4679,.F.);
#5949=ORIENTED_EDGE('',*,*,#4690,.F.);
#5950=ORIENTED_EDGE('',*,*,#4665,.F.);
#5951=ORIENTED_EDGE('',*,*,#4676,.F.);
#5952=ORIENTED_EDGE('',*,*,#4696,.T.);
#5953=ORIENTED_EDGE('',*,*,#4697,.T.);
#5954=ORIENTED_EDGE('',*,*,#4698,.F.);
#5955=ORIENTED_EDGE('',*,*,#4699,.T.);
#5956=ORIENTED_EDGE('',*,*,#4700,.F.);
#5957=ORIENTED_EDGE('',*,*,#4701,.T.);
#5958=ORIENTED_EDGE('',*,*,#4702,.T.);
#5959=ORIENTED_EDGE('',*,*,#4703,.T.);
#5960=ORIENTED_EDGE('',*,*,#4704,.F.);
#5961=ORIENTED_EDGE('',*,*,#4705,.T.);
#5962=ORIENTED_EDGE('',*,*,#4706,.T.);
#5963=ORIENTED_EDGE('',*,*,#4707,.T.);
#5964=ORIENTED_EDGE('',*,*,#4698,.T.);
#5965=ORIENTED_EDGE('',*,*,#4708,.F.);
#5966=ORIENTED_EDGE('',*,*,#4709,.T.);
#5967=ORIENTED_EDGE('',*,*,#4710,.F.);
#5968=ORIENTED_EDGE('',*,*,#4711,.F.);
#5969=ORIENTED_EDGE('',*,*,#4712,.T.);
#5970=ORIENTED_EDGE('',*,*,#4710,.T.);
#5971=ORIENTED_EDGE('',*,*,#4713,.T.);
#5972=ORIENTED_EDGE('',*,*,#4714,.F.);
#5973=ORIENTED_EDGE('',*,*,#4715,.F.);
#5974=ORIENTED_EDGE('',*,*,#4716,.F.);
#5975=ORIENTED_EDGE('',*,*,#4717,.T.);
#5976=ORIENTED_EDGE('',*,*,#4718,.T.);
#5977=ORIENTED_EDGE('',*,*,#4719,.T.);
#5978=ORIENTED_EDGE('',*,*,#4720,.T.);
#5979=ORIENTED_EDGE('',*,*,#4714,.T.);
#5980=ORIENTED_EDGE('',*,*,#4721,.T.);
#5981=ORIENTED_EDGE('',*,*,#4722,.T.);
#5982=ORIENTED_EDGE('',*,*,#4696,.F.);
#5983=ORIENTED_EDGE('',*,*,#4723,.T.);
#5984=ORIENTED_EDGE('',*,*,#4724,.F.);
#5985=ORIENTED_EDGE('',*,*,#4725,.T.);
#5986=ORIENTED_EDGE('',*,*,#4726,.T.);
#5987=ORIENTED_EDGE('',*,*,#4727,.T.);
#5988=ORIENTED_EDGE('',*,*,#4718,.F.);
#5989=ORIENTED_EDGE('',*,*,#4728,.T.);
#5990=ORIENTED_EDGE('',*,*,#4700,.T.);
#5991=ORIENTED_EDGE('',*,*,#4729,.T.);
#5992=ORIENTED_EDGE('',*,*,#4720,.F.);
#5993=ORIENTED_EDGE('',*,*,#4730,.T.);
#5994=ORIENTED_EDGE('',*,*,#4711,.T.);
#5995=ORIENTED_EDGE('',*,*,#4715,.T.);
#5996=ORIENTED_EDGE('',*,*,#4706,.F.);
#5997=ORIENTED_EDGE('',*,*,#4731,.T.);
#5998=ORIENTED_EDGE('',*,*,#4724,.T.);
#5999=ORIENTED_EDGE('',*,*,#4732,.T.);
#6000=ORIENTED_EDGE('',*,*,#4733,.F.);
#6001=ORIENTED_EDGE('',*,*,#4734,.T.);
#6002=ORIENTED_EDGE('',*,*,#4735,.F.);
#6003=ORIENTED_EDGE('',*,*,#4736,.F.);
#6004=ORIENTED_EDGE('',*,*,#4737,.T.);
#6005=ORIENTED_EDGE('',*,*,#4738,.T.);
#6006=ORIENTED_EDGE('',*,*,#4739,.T.);
#6007=ORIENTED_EDGE('',*,*,#4740,.F.);
#6008=ORIENTED_EDGE('',*,*,#4741,.T.);
#6009=ORIENTED_EDGE('',*,*,#4726,.F.);
#6010=ORIENTED_EDGE('',*,*,#4742,.T.);
#6011=ORIENTED_EDGE('',*,*,#4704,.T.);
#6012=ORIENTED_EDGE('',*,*,#4743,.T.);
#6013=ORIENTED_EDGE('',*,*,#4744,.T.);
#6014=ORIENTED_EDGE('',*,*,#4745,.T.);
#6015=ORIENTED_EDGE('',*,*,#4746,.F.);
#6016=ORIENTED_EDGE('',*,*,#4747,.F.);
#6017=ORIENTED_EDGE('',*,*,#4748,.T.);
#6018=ORIENTED_EDGE('',*,*,#4749,.T.);
#6019=ORIENTED_EDGE('',*,*,#4733,.T.);
#6020=ORIENTED_EDGE('',*,*,#4750,.F.);
#6021=ORIENTED_EDGE('',*,*,#4751,.F.);
#6022=ORIENTED_EDGE('',*,*,#4752,.T.);
#6023=ORIENTED_EDGE('',*,*,#4753,.F.);
#6024=ORIENTED_EDGE('',*,*,#4754,.T.);
#6025=ORIENTED_EDGE('',*,*,#4755,.T.);
#6026=ORIENTED_EDGE('',*,*,#4756,.T.);
#6027=ORIENTED_EDGE('',*,*,#4748,.F.);
#6028=ORIENTED_EDGE('',*,*,#4757,.T.);
#6029=ORIENTED_EDGE('',*,*,#4735,.T.);
#6030=ORIENTED_EDGE('',*,*,#4758,.T.);
#6031=ORIENTED_EDGE('',*,*,#4755,.F.);
#6032=ORIENTED_EDGE('',*,*,#4759,.T.);
#6033=ORIENTED_EDGE('',*,*,#4760,.F.);
#6034=ORIENTED_EDGE('',*,*,#4761,.F.);
#6035=ORIENTED_EDGE('',*,*,#4762,.T.);
#6036=ORIENTED_EDGE('',*,*,#4763,.T.);
#6037=ORIENTED_EDGE('',*,*,#4764,.T.);
#6038=ORIENTED_EDGE('',*,*,#4765,.T.);
#6039=ORIENTED_EDGE('',*,*,#4766,.F.);
#6040=ORIENTED_EDGE('',*,*,#4767,.T.);
#6041=ORIENTED_EDGE('',*,*,#4768,.F.);
#6042=ORIENTED_EDGE('',*,*,#4769,.T.);
#6043=ORIENTED_EDGE('',*,*,#4736,.T.);
#6044=ORIENTED_EDGE('',*,*,#4767,.F.);
#6045=ORIENTED_EDGE('',*,*,#4770,.T.);
#6046=ORIENTED_EDGE('',*,*,#4771,.T.);
#6047=ORIENTED_EDGE('',*,*,#4738,.F.);
#6048=ORIENTED_EDGE('',*,*,#4772,.T.);
#6049=ORIENTED_EDGE('',*,*,#4773,.F.);
#6050=ORIENTED_EDGE('',*,*,#4774,.T.);
#6051=ORIENTED_EDGE('',*,*,#4740,.T.);
#6052=ORIENTED_EDGE('',*,*,#4775,.T.);
#6053=ORIENTED_EDGE('',*,*,#4776,.T.);
#6054=ORIENTED_EDGE('',*,*,#4777,.T.);
#6055=ORIENTED_EDGE('',*,*,#4744,.F.);
#6056=ORIENTED_EDGE('',*,*,#4778,.T.);
#6057=ORIENTED_EDGE('',*,*,#4746,.T.);
#6058=ORIENTED_EDGE('',*,*,#4779,.T.);
#6059=ORIENTED_EDGE('',*,*,#4780,.F.);
#6060=ORIENTED_EDGE('',*,*,#4781,.T.);
#6061=ORIENTED_EDGE('',*,*,#4747,.T.);
#6062=ORIENTED_EDGE('',*,*,#4781,.F.);
#6063=ORIENTED_EDGE('',*,*,#4782,.F.);
#6064=ORIENTED_EDGE('',*,*,#4750,.T.);
#6065=ORIENTED_EDGE('',*,*,#4766,.T.);
#6066=ORIENTED_EDGE('',*,*,#4783,.T.);
#6067=ORIENTED_EDGE('',*,*,#4751,.T.);
#6068=ORIENTED_EDGE('',*,*,#4782,.T.);
#6069=ORIENTED_EDGE('',*,*,#4780,.T.);
#6070=ORIENTED_EDGE('',*,*,#4784,.T.);
#6071=ORIENTED_EDGE('',*,*,#4776,.F.);
#6072=ORIENTED_EDGE('',*,*,#4785,.T.);
#6073=ORIENTED_EDGE('',*,*,#4702,.F.);
#6074=ORIENTED_EDGE('',*,*,#4786,.T.);
#6075=ORIENTED_EDGE('',*,*,#4716,.T.);
#6076=ORIENTED_EDGE('',*,*,#4787,.T.);
#6077=ORIENTED_EDGE('',*,*,#4773,.T.);
#6078=ORIENTED_EDGE('',*,*,#4788,.T.);
#6079=ORIENTED_EDGE('',*,*,#4770,.F.);
#6080=ORIENTED_EDGE('',*,*,#4789,.T.);
#6081=ORIENTED_EDGE('',*,*,#4768,.T.);
#6082=ORIENTED_EDGE('',*,*,#4789,.F.);
#6083=ORIENTED_EDGE('',*,*,#4772,.F.);
#6084=ORIENTED_EDGE('',*,*,#4737,.F.);
#6085=ORIENTED_EDGE('',*,*,#4769,.F.);
#6086=ORIENTED_EDGE('',*,*,#4788,.F.);
#6087=ORIENTED_EDGE('',*,*,#4775,.F.);
#6088=ORIENTED_EDGE('',*,*,#4739,.F.);
#6089=ORIENTED_EDGE('',*,*,#4771,.F.);
#6090=ORIENTED_EDGE('',*,*,#4787,.F.);
#6091=ORIENTED_EDGE('',*,*,#4727,.F.);
#6092=ORIENTED_EDGE('',*,*,#4741,.F.);
#6093=ORIENTED_EDGE('',*,*,#4774,.F.);
#6094=ORIENTED_EDGE('',*,*,#4785,.F.);
#6095=ORIENTED_EDGE('',*,*,#4778,.F.);
#6096=ORIENTED_EDGE('',*,*,#4743,.F.);
#6097=ORIENTED_EDGE('',*,*,#4703,.F.);
#6098=ORIENTED_EDGE('',*,*,#4784,.F.);
#6099=ORIENTED_EDGE('',*,*,#4779,.F.);
#6100=ORIENTED_EDGE('',*,*,#4745,.F.);
#6101=ORIENTED_EDGE('',*,*,#4777,.F.);
#6102=ORIENTED_EDGE('',*,*,#4723,.F.);
#6103=ORIENTED_EDGE('',*,*,#4699,.F.);
#6104=ORIENTED_EDGE('',*,*,#4707,.F.);
#6105=ORIENTED_EDGE('',*,*,#4732,.F.);
#6106=ORIENTED_EDGE('',*,*,#4719,.F.);
#6107=ORIENTED_EDGE('',*,*,#4729,.F.);
#6108=ORIENTED_EDGE('',*,*,#4712,.F.);
#6109=ORIENTED_EDGE('',*,*,#4730,.F.);
#6110=ORIENTED_EDGE('',*,*,#4697,.F.);
#6111=ORIENTED_EDGE('',*,*,#4722,.F.);
#6112=ORIENTED_EDGE('',*,*,#4790,.T.);
#6113=ORIENTED_EDGE('',*,*,#4708,.T.);
#6114=ORIENTED_EDGE('',*,*,#4790,.F.);
#6115=ORIENTED_EDGE('',*,*,#4721,.F.);
#6116=ORIENTED_EDGE('',*,*,#4713,.F.);
#6117=ORIENTED_EDGE('',*,*,#4709,.F.);
#6118=ORIENTED_EDGE('',*,*,#4705,.F.);
#6119=ORIENTED_EDGE('',*,*,#4742,.F.);
#6120=ORIENTED_EDGE('',*,*,#4725,.F.);
#6121=ORIENTED_EDGE('',*,*,#4731,.F.);
#6122=ORIENTED_EDGE('',*,*,#4717,.F.);
#6123=ORIENTED_EDGE('',*,*,#4786,.F.);
#6124=ORIENTED_EDGE('',*,*,#4701,.F.);
#6125=ORIENTED_EDGE('',*,*,#4728,.F.);
#6126=ORIENTED_EDGE('',*,*,#4753,.T.);
#6127=ORIENTED_EDGE('',*,*,#4791,.T.);
#6128=ORIENTED_EDGE('',*,*,#4764,.F.);
#6129=ORIENTED_EDGE('',*,*,#4792,.T.);
#6130=ORIENTED_EDGE('',*,*,#4793,.F.);
#6131=ORIENTED_EDGE('',*,*,#4794,.T.);
#6132=ORIENTED_EDGE('',*,*,#4760,.T.);
#6133=ORIENTED_EDGE('',*,*,#4795,.T.);
#6134=ORIENTED_EDGE('',*,*,#4796,.F.);
#6135=ORIENTED_EDGE('',*,*,#4797,.F.);
#6136=ORIENTED_EDGE('',*,*,#4796,.T.);
#6137=ORIENTED_EDGE('',*,*,#4798,.T.);
#6138=ORIENTED_EDGE('',*,*,#4793,.T.);
#6139=ORIENTED_EDGE('',*,*,#4799,.T.);
#6140=ORIENTED_EDGE('',*,*,#4800,.F.);
#6141=ORIENTED_EDGE('',*,*,#4801,.F.);
#6142=ORIENTED_EDGE('',*,*,#4800,.T.);
#6143=ORIENTED_EDGE('',*,*,#4802,.T.);
#6144=ORIENTED_EDGE('',*,*,#4762,.F.);
#6145=ORIENTED_EDGE('',*,*,#4803,.F.);
#6146=ORIENTED_EDGE('',*,*,#4797,.T.);
#6147=ORIENTED_EDGE('',*,*,#4801,.T.);
#6148=ORIENTED_EDGE('',*,*,#4803,.T.);
#6149=ORIENTED_EDGE('',*,*,#4761,.T.);
#6150=ORIENTED_EDGE('',*,*,#4799,.F.);
#6151=ORIENTED_EDGE('',*,*,#4792,.F.);
#6152=ORIENTED_EDGE('',*,*,#4763,.F.);
#6153=ORIENTED_EDGE('',*,*,#4802,.F.);
#6154=ORIENTED_EDGE('',*,*,#4798,.F.);
#6155=ORIENTED_EDGE('',*,*,#4795,.F.);
#6156=ORIENTED_EDGE('',*,*,#4759,.F.);
#6157=ORIENTED_EDGE('',*,*,#4757,.F.);
#6158=ORIENTED_EDGE('',*,*,#4754,.F.);
#6159=ORIENTED_EDGE('',*,*,#4794,.F.);
#6160=ORIENTED_EDGE('',*,*,#4765,.F.);
#6161=ORIENTED_EDGE('',*,*,#4791,.F.);
#6162=ORIENTED_EDGE('',*,*,#4752,.F.);
#6163=ORIENTED_EDGE('',*,*,#4783,.F.);
#6164=ORIENTED_EDGE('',*,*,#4758,.F.);
#6165=ORIENTED_EDGE('',*,*,#4734,.F.);
#6166=ORIENTED_EDGE('',*,*,#4749,.F.);
#6167=ORIENTED_EDGE('',*,*,#4756,.F.);
#6168=ORIENTED_EDGE('',*,*,#4804,.F.);
#6169=ORIENTED_EDGE('',*,*,#4805,.F.);
#6170=ORIENTED_EDGE('',*,*,#4806,.T.);
#6171=ORIENTED_EDGE('',*,*,#4807,.T.);
#6172=ORIENTED_EDGE('',*,*,#4808,.F.);
#6173=ORIENTED_EDGE('',*,*,#4809,.F.);
#6174=ORIENTED_EDGE('',*,*,#4810,.T.);
#6175=ORIENTED_EDGE('',*,*,#4805,.T.);
#6176=ORIENTED_EDGE('',*,*,#4811,.F.);
#6177=ORIENTED_EDGE('',*,*,#4812,.F.);
#6178=ORIENTED_EDGE('',*,*,#4813,.T.);
#6179=ORIENTED_EDGE('',*,*,#4809,.T.);
#6180=ORIENTED_EDGE('',*,*,#4814,.F.);
#6181=ORIENTED_EDGE('',*,*,#4807,.F.);
#6182=ORIENTED_EDGE('',*,*,#4815,.T.);
#6183=ORIENTED_EDGE('',*,*,#4812,.T.);
#6184=ORIENTED_EDGE('',*,*,#4806,.F.);
#6185=ORIENTED_EDGE('',*,*,#4810,.F.);
#6186=ORIENTED_EDGE('',*,*,#4813,.F.);
#6187=ORIENTED_EDGE('',*,*,#4815,.F.);
#6188=ORIENTED_EDGE('',*,*,#4804,.T.);
#6189=ORIENTED_EDGE('',*,*,#4814,.T.);
#6190=ORIENTED_EDGE('',*,*,#4811,.T.);
#6191=ORIENTED_EDGE('',*,*,#4808,.T.);
#6192=ORIENTED_EDGE('',*,*,#4816,.T.);
#6193=ORIENTED_EDGE('',*,*,#4817,.T.);
#6194=ORIENTED_EDGE('',*,*,#4818,.T.);
#6195=ORIENTED_EDGE('',*,*,#4819,.T.);
#6196=ORIENTED_EDGE('',*,*,#4820,.T.);
#6197=ORIENTED_EDGE('',*,*,#4821,.T.);
#6198=ORIENTED_EDGE('',*,*,#4822,.T.);
#6199=ORIENTED_EDGE('',*,*,#4823,.T.);
#6200=ORIENTED_EDGE('',*,*,#4824,.T.);
#6201=ORIENTED_EDGE('',*,*,#4825,.T.);
#6202=ORIENTED_EDGE('',*,*,#4826,.T.);
#6203=ORIENTED_EDGE('',*,*,#4827,.T.);
#6204=ORIENTED_EDGE('',*,*,#4828,.T.);
#6205=ORIENTED_EDGE('',*,*,#4829,.T.);
#6206=ORIENTED_EDGE('',*,*,#4830,.T.);
#6207=ORIENTED_EDGE('',*,*,#4831,.T.);
#6208=ORIENTED_EDGE('',*,*,#4832,.T.);
#6209=ORIENTED_EDGE('',*,*,#4833,.T.);
#6210=ORIENTED_EDGE('',*,*,#4834,.T.);
#6211=ORIENTED_EDGE('',*,*,#4835,.T.);
#6212=ORIENTED_EDGE('',*,*,#4836,.T.);
#6213=ORIENTED_EDGE('',*,*,#4837,.T.);
#6214=ORIENTED_EDGE('',*,*,#4838,.T.);
#6215=ORIENTED_EDGE('',*,*,#4839,.T.);
#6216=ORIENTED_EDGE('',*,*,#4840,.T.);
#6217=ORIENTED_EDGE('',*,*,#4841,.T.);
#6218=ORIENTED_EDGE('',*,*,#4842,.T.);
#6219=ORIENTED_EDGE('',*,*,#4843,.T.);
#6220=ORIENTED_EDGE('',*,*,#4835,.F.);
#6221=ORIENTED_EDGE('',*,*,#4844,.T.);
#6222=ORIENTED_EDGE('',*,*,#4839,.F.);
#6223=ORIENTED_EDGE('',*,*,#4845,.T.);
#6224=ORIENTED_EDGE('',*,*,#4843,.F.);
#6225=ORIENTED_EDGE('',*,*,#4846,.T.);
#6226=ORIENTED_EDGE('',*,*,#4831,.F.);
#6227=ORIENTED_EDGE('',*,*,#4847,.T.);
#6228=ORIENTED_EDGE('',*,*,#4838,.F.);
#6229=ORIENTED_EDGE('',*,*,#4848,.T.);
#6230=ORIENTED_EDGE('',*,*,#4840,.F.);
#6231=ORIENTED_EDGE('',*,*,#4845,.F.);
#6232=ORIENTED_EDGE('',*,*,#4842,.F.);
#6233=ORIENTED_EDGE('',*,*,#4849,.T.);
#6234=ORIENTED_EDGE('',*,*,#4828,.F.);
#6235=ORIENTED_EDGE('',*,*,#4846,.F.);
#6236=ORIENTED_EDGE('',*,*,#4830,.F.);
#6237=ORIENTED_EDGE('',*,*,#4850,.T.);
#6238=ORIENTED_EDGE('',*,*,#4832,.F.);
#6239=ORIENTED_EDGE('',*,*,#4847,.F.);
#6240=ORIENTED_EDGE('',*,*,#4834,.F.);
#6241=ORIENTED_EDGE('',*,*,#4851,.T.);
#6242=ORIENTED_EDGE('',*,*,#4836,.F.);
#6243=ORIENTED_EDGE('',*,*,#4844,.F.);
#6244=ORIENTED_EDGE('',*,*,#4824,.F.);
#6245=ORIENTED_EDGE('',*,*,#4852,.F.);
#6246=ORIENTED_EDGE('',*,*,#4853,.T.);
#6247=ORIENTED_EDGE('',*,*,#4854,.T.);
#6248=ORIENTED_EDGE('',*,*,#4827,.F.);
#6249=ORIENTED_EDGE('',*,*,#4855,.F.);
#6250=ORIENTED_EDGE('',*,*,#4856,.T.);
#6251=ORIENTED_EDGE('',*,*,#4852,.T.);
#6252=ORIENTED_EDGE('',*,*,#4826,.F.);
#6253=ORIENTED_EDGE('',*,*,#4857,.F.);
#6254=ORIENTED_EDGE('',*,*,#4858,.T.);
#6255=ORIENTED_EDGE('',*,*,#4855,.T.);
#6256=ORIENTED_EDGE('',*,*,#4825,.F.);
#6257=ORIENTED_EDGE('',*,*,#4854,.F.);
#6258=ORIENTED_EDGE('',*,*,#4859,.T.);
#6259=ORIENTED_EDGE('',*,*,#4857,.T.);
#6260=ORIENTED_EDGE('',*,*,#4853,.F.);
#6261=ORIENTED_EDGE('',*,*,#4856,.F.);
#6262=ORIENTED_EDGE('',*,*,#4858,.F.);
#6263=ORIENTED_EDGE('',*,*,#4859,.F.);
#6264=ORIENTED_EDGE('',*,*,#4860,.F.);
#6265=ORIENTED_EDGE('',*,*,#4841,.F.);
#6266=ORIENTED_EDGE('',*,*,#4861,.F.);
#6267=ORIENTED_EDGE('',*,*,#4821,.F.);
#6268=ORIENTED_EDGE('',*,*,#4861,.T.);
#6269=ORIENTED_EDGE('',*,*,#4848,.F.);
#6270=ORIENTED_EDGE('',*,*,#4862,.F.);
#6271=ORIENTED_EDGE('',*,*,#4822,.F.);
#6272=ORIENTED_EDGE('',*,*,#4860,.T.);
#6273=ORIENTED_EDGE('',*,*,#4820,.F.);
#6274=ORIENTED_EDGE('',*,*,#4863,.F.);
#6275=ORIENTED_EDGE('',*,*,#4849,.F.);
#6276=ORIENTED_EDGE('',*,*,#4862,.T.);
#6277=ORIENTED_EDGE('',*,*,#4837,.F.);
#6278=ORIENTED_EDGE('',*,*,#4864,.F.);
#6279=ORIENTED_EDGE('',*,*,#4823,.F.);
#6280=ORIENTED_EDGE('',*,*,#4863,.T.);
#6281=ORIENTED_EDGE('',*,*,#4819,.F.);
#6282=ORIENTED_EDGE('',*,*,#4865,.F.);
#6283=ORIENTED_EDGE('',*,*,#4829,.F.);
#6284=ORIENTED_EDGE('',*,*,#4864,.T.);
#6285=ORIENTED_EDGE('',*,*,#4851,.F.);
#6286=ORIENTED_EDGE('',*,*,#4866,.F.);
#6287=ORIENTED_EDGE('',*,*,#4816,.F.);
#6288=ORIENTED_EDGE('',*,*,#4865,.T.);
#6289=ORIENTED_EDGE('',*,*,#4818,.F.);
#6290=ORIENTED_EDGE('',*,*,#4867,.F.);
#6291=ORIENTED_EDGE('',*,*,#4850,.F.);
#6292=ORIENTED_EDGE('',*,*,#4866,.T.);
#6293=ORIENTED_EDGE('',*,*,#4833,.F.);
#6294=ORIENTED_EDGE('',*,*,#4867,.T.);
#6295=ORIENTED_EDGE('',*,*,#4817,.F.);
#6296=ORIENTED_EDGE('',*,*,#4868,.F.);
#6297=ORIENTED_EDGE('',*,*,#4869,.F.);
#6298=ORIENTED_EDGE('',*,*,#4870,.T.);
#6299=ORIENTED_EDGE('',*,*,#4871,.T.);
#6300=ORIENTED_EDGE('',*,*,#4872,.F.);
#6301=ORIENTED_EDGE('',*,*,#4873,.F.);
#6302=ORIENTED_EDGE('',*,*,#4874,.T.);
#6303=ORIENTED_EDGE('',*,*,#4869,.T.);
#6304=ORIENTED_EDGE('',*,*,#4875,.F.);
#6305=ORIENTED_EDGE('',*,*,#4876,.F.);
#6306=ORIENTED_EDGE('',*,*,#4877,.T.);
#6307=ORIENTED_EDGE('',*,*,#4873,.T.);
#6308=ORIENTED_EDGE('',*,*,#4878,.F.);
#6309=ORIENTED_EDGE('',*,*,#4871,.F.);
#6310=ORIENTED_EDGE('',*,*,#4879,.T.);
#6311=ORIENTED_EDGE('',*,*,#4876,.T.);
#6312=ORIENTED_EDGE('',*,*,#4870,.F.);
#6313=ORIENTED_EDGE('',*,*,#4874,.F.);
#6314=ORIENTED_EDGE('',*,*,#4877,.F.);
#6315=ORIENTED_EDGE('',*,*,#4879,.F.);
#6316=ORIENTED_EDGE('',*,*,#4868,.T.);
#6317=ORIENTED_EDGE('',*,*,#4878,.T.);
#6318=ORIENTED_EDGE('',*,*,#4875,.T.);
#6319=ORIENTED_EDGE('',*,*,#4872,.T.);
#6320=ORIENTED_EDGE('',*,*,#4880,.F.);
#6321=ORIENTED_EDGE('',*,*,#4881,.T.);
#6322=ORIENTED_EDGE('',*,*,#4882,.F.);
#6323=ORIENTED_EDGE('',*,*,#4883,.F.);
#6324=ORIENTED_EDGE('',*,*,#4884,.F.);
#6325=ORIENTED_EDGE('',*,*,#4885,.T.);
#6326=ORIENTED_EDGE('',*,*,#4886,.F.);
#6327=ORIENTED_EDGE('',*,*,#4881,.F.);
#6328=ORIENTED_EDGE('',*,*,#4887,.F.);
#6329=ORIENTED_EDGE('',*,*,#4888,.T.);
#6330=ORIENTED_EDGE('',*,*,#4889,.F.);
#6331=ORIENTED_EDGE('',*,*,#4885,.F.);
#6332=ORIENTED_EDGE('',*,*,#4890,.F.);
#6333=ORIENTED_EDGE('',*,*,#4883,.T.);
#6334=ORIENTED_EDGE('',*,*,#4891,.F.);
#6335=ORIENTED_EDGE('',*,*,#4888,.F.);
#6336=ORIENTED_EDGE('',*,*,#4892,.F.);
#6337=ORIENTED_EDGE('',*,*,#4893,.F.);
#6338=ORIENTED_EDGE('',*,*,#4894,.T.);
#6339=ORIENTED_EDGE('',*,*,#4895,.T.);
#6340=ORIENTED_EDGE('',*,*,#4896,.F.);
#6341=ORIENTED_EDGE('',*,*,#4895,.F.);
#6342=ORIENTED_EDGE('',*,*,#4897,.T.);
#6343=ORIENTED_EDGE('',*,*,#4898,.T.);
#6344=ORIENTED_EDGE('',*,*,#4899,.F.);
#6345=ORIENTED_EDGE('',*,*,#4898,.F.);
#6346=ORIENTED_EDGE('',*,*,#4900,.T.);
#6347=ORIENTED_EDGE('',*,*,#4901,.T.);
#6348=ORIENTED_EDGE('',*,*,#4902,.F.);
#6349=ORIENTED_EDGE('',*,*,#4901,.F.);
#6350=ORIENTED_EDGE('',*,*,#4903,.T.);
#6351=ORIENTED_EDGE('',*,*,#4904,.T.);
#6352=ORIENTED_EDGE('',*,*,#4905,.F.);
#6353=ORIENTED_EDGE('',*,*,#4904,.F.);
#6354=ORIENTED_EDGE('',*,*,#4906,.T.);
#6355=ORIENTED_EDGE('',*,*,#4907,.T.);
#6356=ORIENTED_EDGE('',*,*,#4908,.F.);
#6357=ORIENTED_EDGE('',*,*,#4907,.F.);
#6358=ORIENTED_EDGE('',*,*,#4909,.T.);
#6359=ORIENTED_EDGE('',*,*,#4910,.T.);
#6360=ORIENTED_EDGE('',*,*,#4911,.F.);
#6361=ORIENTED_EDGE('',*,*,#4910,.F.);
#6362=ORIENTED_EDGE('',*,*,#4912,.T.);
#6363=ORIENTED_EDGE('',*,*,#4913,.T.);
#6364=ORIENTED_EDGE('',*,*,#4914,.F.);
#6365=ORIENTED_EDGE('',*,*,#4913,.F.);
#6366=ORIENTED_EDGE('',*,*,#4915,.T.);
#6367=ORIENTED_EDGE('',*,*,#4893,.T.);
#6368=ORIENTED_EDGE('',*,*,#4903,.F.);
#6369=ORIENTED_EDGE('',*,*,#4900,.F.);
#6370=ORIENTED_EDGE('',*,*,#4897,.F.);
#6371=ORIENTED_EDGE('',*,*,#4894,.F.);
#6372=ORIENTED_EDGE('',*,*,#4915,.F.);
#6373=ORIENTED_EDGE('',*,*,#4912,.F.);
#6374=ORIENTED_EDGE('',*,*,#4909,.F.);
#6375=ORIENTED_EDGE('',*,*,#4906,.F.);
#6376=ORIENTED_EDGE('',*,*,#4880,.T.);
#6377=ORIENTED_EDGE('',*,*,#4890,.T.);
#6378=ORIENTED_EDGE('',*,*,#4887,.T.);
#6379=ORIENTED_EDGE('',*,*,#4884,.T.);
#6380=ORIENTED_EDGE('',*,*,#4916,.F.);
#6381=ORIENTED_EDGE('',*,*,#4917,.T.);
#6382=ORIENTED_EDGE('',*,*,#4918,.T.);
#6383=ORIENTED_EDGE('',*,*,#4919,.F.);
#6384=ORIENTED_EDGE('',*,*,#4920,.F.);
#6385=ORIENTED_EDGE('',*,*,#4921,.T.);
#6386=ORIENTED_EDGE('',*,*,#4922,.T.);
#6387=ORIENTED_EDGE('',*,*,#4917,.F.);
#6388=ORIENTED_EDGE('',*,*,#4923,.T.);
#6389=ORIENTED_EDGE('',*,*,#4924,.T.);
#6390=ORIENTED_EDGE('',*,*,#4925,.T.);
#6391=ORIENTED_EDGE('',*,*,#4926,.T.);
#6392=ORIENTED_EDGE('',*,*,#4927,.T.);
#6393=ORIENTED_EDGE('',*,*,#4928,.T.);
#6394=ORIENTED_EDGE('',*,*,#4929,.T.);
#6395=ORIENTED_EDGE('',*,*,#4930,.T.);
#6396=ORIENTED_EDGE('',*,*,#4931,.T.);
#6397=ORIENTED_EDGE('',*,*,#4932,.T.);
#6398=ORIENTED_EDGE('',*,*,#4933,.T.);
#6399=ORIENTED_EDGE('',*,*,#4934,.T.);
#6400=ORIENTED_EDGE('',*,*,#4935,.T.);
#6401=ORIENTED_EDGE('',*,*,#4936,.T.);
#6402=ORIENTED_EDGE('',*,*,#4937,.T.);
#6403=ORIENTED_EDGE('',*,*,#4938,.T.);
#6404=ORIENTED_EDGE('',*,*,#4939,.T.);
#6405=ORIENTED_EDGE('',*,*,#4940,.T.);
#6406=ORIENTED_EDGE('',*,*,#4941,.T.);
#6407=ORIENTED_EDGE('',*,*,#4942,.T.);
#6408=ORIENTED_EDGE('',*,*,#4943,.T.);
#6409=ORIENTED_EDGE('',*,*,#4944,.T.);
#6410=ORIENTED_EDGE('',*,*,#4945,.T.);
#6411=ORIENTED_EDGE('',*,*,#4946,.T.);
#6412=ORIENTED_EDGE('',*,*,#4947,.T.);
#6413=ORIENTED_EDGE('',*,*,#4948,.T.);
#6414=ORIENTED_EDGE('',*,*,#4949,.T.);
#6415=ORIENTED_EDGE('',*,*,#4950,.T.);
#6416=ORIENTED_EDGE('',*,*,#4951,.T.);
#6417=ORIENTED_EDGE('',*,*,#4952,.T.);
#6418=ORIENTED_EDGE('',*,*,#4953,.T.);
#6419=ORIENTED_EDGE('',*,*,#4954,.T.);
#6420=ORIENTED_EDGE('',*,*,#4955,.T.);
#6421=ORIENTED_EDGE('',*,*,#4956,.T.);
#6422=ORIENTED_EDGE('',*,*,#4957,.T.);
#6423=ORIENTED_EDGE('',*,*,#4958,.T.);
#6424=ORIENTED_EDGE('',*,*,#4959,.T.);
#6425=ORIENTED_EDGE('',*,*,#4960,.T.);
#6426=ORIENTED_EDGE('',*,*,#4961,.T.);
#6427=ORIENTED_EDGE('',*,*,#4962,.T.);
#6428=ORIENTED_EDGE('',*,*,#4963,.T.);
#6429=ORIENTED_EDGE('',*,*,#4964,.T.);
#6430=ORIENTED_EDGE('',*,*,#4965,.T.);
#6431=ORIENTED_EDGE('',*,*,#4966,.T.);
#6432=ORIENTED_EDGE('',*,*,#4967,.T.);
#6433=ORIENTED_EDGE('',*,*,#4968,.T.);
#6434=ORIENTED_EDGE('',*,*,#4969,.T.);
#6435=ORIENTED_EDGE('',*,*,#4970,.T.);
#6436=ORIENTED_EDGE('',*,*,#4971,.T.);
#6437=ORIENTED_EDGE('',*,*,#4972,.T.);
#6438=ORIENTED_EDGE('',*,*,#4973,.T.);
#6439=ORIENTED_EDGE('',*,*,#4974,.T.);
#6440=ORIENTED_EDGE('',*,*,#4975,.T.);
#6441=ORIENTED_EDGE('',*,*,#4976,.T.);
#6442=ORIENTED_EDGE('',*,*,#4977,.T.);
#6443=ORIENTED_EDGE('',*,*,#4978,.T.);
#6444=ORIENTED_EDGE('',*,*,#4979,.T.);
#6445=ORIENTED_EDGE('',*,*,#4980,.T.);
#6446=ORIENTED_EDGE('',*,*,#4981,.T.);
#6447=ORIENTED_EDGE('',*,*,#4982,.T.);
#6448=ORIENTED_EDGE('',*,*,#4983,.T.);
#6449=ORIENTED_EDGE('',*,*,#4984,.T.);
#6450=ORIENTED_EDGE('',*,*,#4985,.T.);
#6451=ORIENTED_EDGE('',*,*,#4986,.T.);
#6452=ORIENTED_EDGE('',*,*,#4987,.T.);
#6453=ORIENTED_EDGE('',*,*,#4988,.T.);
#6454=ORIENTED_EDGE('',*,*,#4989,.T.);
#6455=ORIENTED_EDGE('',*,*,#4990,.T.);
#6456=ORIENTED_EDGE('',*,*,#4991,.T.);
#6457=ORIENTED_EDGE('',*,*,#4992,.T.);
#6458=ORIENTED_EDGE('',*,*,#4993,.T.);
#6459=ORIENTED_EDGE('',*,*,#4994,.T.);
#6460=ORIENTED_EDGE('',*,*,#4995,.T.);
#6461=ORIENTED_EDGE('',*,*,#4996,.T.);
#6462=ORIENTED_EDGE('',*,*,#4997,.T.);
#6463=ORIENTED_EDGE('',*,*,#4998,.T.);
#6464=ORIENTED_EDGE('',*,*,#4999,.T.);
#6465=ORIENTED_EDGE('',*,*,#5000,.T.);
#6466=ORIENTED_EDGE('',*,*,#5001,.T.);
#6467=ORIENTED_EDGE('',*,*,#5002,.T.);
#6468=ORIENTED_EDGE('',*,*,#5003,.T.);
#6469=ORIENTED_EDGE('',*,*,#5004,.T.);
#6470=ORIENTED_EDGE('',*,*,#5005,.T.);
#6471=ORIENTED_EDGE('',*,*,#5006,.T.);
#6472=ORIENTED_EDGE('',*,*,#5007,.T.);
#6473=ORIENTED_EDGE('',*,*,#5008,.T.);
#6474=ORIENTED_EDGE('',*,*,#5009,.T.);
#6475=ORIENTED_EDGE('',*,*,#5010,.T.);
#6476=ORIENTED_EDGE('',*,*,#5011,.T.);
#6477=ORIENTED_EDGE('',*,*,#5012,.T.);
#6478=ORIENTED_EDGE('',*,*,#5013,.T.);
#6479=ORIENTED_EDGE('',*,*,#5014,.T.);
#6480=ORIENTED_EDGE('',*,*,#5015,.T.);
#6481=ORIENTED_EDGE('',*,*,#5016,.T.);
#6482=ORIENTED_EDGE('',*,*,#5017,.T.);
#6483=ORIENTED_EDGE('',*,*,#5018,.T.);
#6484=ORIENTED_EDGE('',*,*,#5019,.T.);
#6485=ORIENTED_EDGE('',*,*,#5020,.T.);
#6486=ORIENTED_EDGE('',*,*,#5021,.T.);
#6487=ORIENTED_EDGE('',*,*,#5022,.T.);
#6488=ORIENTED_EDGE('',*,*,#5023,.T.);
#6489=ORIENTED_EDGE('',*,*,#5024,.T.);
#6490=ORIENTED_EDGE('',*,*,#5025,.T.);
#6491=ORIENTED_EDGE('',*,*,#5026,.T.);
#6492=ORIENTED_EDGE('',*,*,#5027,.T.);
#6493=ORIENTED_EDGE('',*,*,#5028,.T.);
#6494=ORIENTED_EDGE('',*,*,#5029,.T.);
#6495=ORIENTED_EDGE('',*,*,#5030,.T.);
#6496=ORIENTED_EDGE('',*,*,#5031,.T.);
#6497=ORIENTED_EDGE('',*,*,#5032,.T.);
#6498=ORIENTED_EDGE('',*,*,#5033,.T.);
#6499=ORIENTED_EDGE('',*,*,#5034,.T.);
#6500=ORIENTED_EDGE('',*,*,#5035,.T.);
#6501=ORIENTED_EDGE('',*,*,#5036,.T.);
#6502=ORIENTED_EDGE('',*,*,#5037,.T.);
#6503=ORIENTED_EDGE('',*,*,#5038,.T.);
#6504=ORIENTED_EDGE('',*,*,#5039,.T.);
#6505=ORIENTED_EDGE('',*,*,#5040,.T.);
#6506=ORIENTED_EDGE('',*,*,#5041,.T.);
#6507=ORIENTED_EDGE('',*,*,#5042,.T.);
#6508=ORIENTED_EDGE('',*,*,#5043,.T.);
#6509=ORIENTED_EDGE('',*,*,#5044,.T.);
#6510=ORIENTED_EDGE('',*,*,#5045,.T.);
#6511=ORIENTED_EDGE('',*,*,#5046,.T.);
#6512=ORIENTED_EDGE('',*,*,#5047,.T.);
#6513=ORIENTED_EDGE('',*,*,#5048,.T.);
#6514=ORIENTED_EDGE('',*,*,#5049,.T.);
#6515=ORIENTED_EDGE('',*,*,#5050,.T.);
#6516=ORIENTED_EDGE('',*,*,#5051,.T.);
#6517=ORIENTED_EDGE('',*,*,#5052,.T.);
#6518=ORIENTED_EDGE('',*,*,#5053,.T.);
#6519=ORIENTED_EDGE('',*,*,#5054,.T.);
#6520=ORIENTED_EDGE('',*,*,#5055,.T.);
#6521=ORIENTED_EDGE('',*,*,#5056,.T.);
#6522=ORIENTED_EDGE('',*,*,#5057,.T.);
#6523=ORIENTED_EDGE('',*,*,#5058,.T.);
#6524=ORIENTED_EDGE('',*,*,#5059,.T.);
#6525=ORIENTED_EDGE('',*,*,#5060,.T.);
#6526=ORIENTED_EDGE('',*,*,#5061,.T.);
#6527=ORIENTED_EDGE('',*,*,#5062,.T.);
#6528=ORIENTED_EDGE('',*,*,#5063,.F.);
#6529=ORIENTED_EDGE('',*,*,#5064,.T.);
#6530=ORIENTED_EDGE('',*,*,#5065,.T.);
#6531=ORIENTED_EDGE('',*,*,#4921,.F.);
#6532=ORIENTED_EDGE('',*,*,#5066,.F.);
#6533=ORIENTED_EDGE('',*,*,#5067,.T.);
#6534=ORIENTED_EDGE('',*,*,#5068,.T.);
#6535=ORIENTED_EDGE('',*,*,#5064,.F.);
#6536=ORIENTED_EDGE('',*,*,#5069,.T.);
#6537=ORIENTED_EDGE('',*,*,#5070,.F.);
#6538=ORIENTED_EDGE('',*,*,#5071,.T.);
#6539=ORIENTED_EDGE('',*,*,#5072,.T.);
#6540=ORIENTED_EDGE('',*,*,#5067,.F.);
#6541=ORIENTED_EDGE('',*,*,#5073,.F.);
#6542=ORIENTED_EDGE('',*,*,#5074,.T.);
#6543=ORIENTED_EDGE('',*,*,#5075,.T.);
#6544=ORIENTED_EDGE('',*,*,#5071,.F.);
#6545=ORIENTED_EDGE('',*,*,#5076,.F.);
#6546=ORIENTED_EDGE('',*,*,#5077,.T.);
#6547=ORIENTED_EDGE('',*,*,#5078,.T.);
#6548=ORIENTED_EDGE('',*,*,#5074,.F.);
#6549=ORIENTED_EDGE('',*,*,#5079,.F.);
#6550=ORIENTED_EDGE('',*,*,#4919,.T.);
#6551=ORIENTED_EDGE('',*,*,#5080,.T.);
#6552=ORIENTED_EDGE('',*,*,#5077,.F.);
#6553=ORIENTED_EDGE('',*,*,#5079,.T.);
#6554=ORIENTED_EDGE('',*,*,#5076,.T.);
#6555=ORIENTED_EDGE('',*,*,#5073,.T.);
#6556=ORIENTED_EDGE('',*,*,#5070,.T.);
#6557=ORIENTED_EDGE('',*,*,#5066,.T.);
#6558=ORIENTED_EDGE('',*,*,#5063,.T.);
#6559=ORIENTED_EDGE('',*,*,#4920,.T.);
#6560=ORIENTED_EDGE('',*,*,#4916,.T.);
#6561=ORIENTED_EDGE('',*,*,#5080,.F.);
#6562=ORIENTED_EDGE('',*,*,#4918,.F.);
#6563=ORIENTED_EDGE('',*,*,#4922,.F.);
#6564=ORIENTED_EDGE('',*,*,#5065,.F.);
#6565=ORIENTED_EDGE('',*,*,#5068,.F.);
#6566=ORIENTED_EDGE('',*,*,#5072,.F.);
#6567=ORIENTED_EDGE('',*,*,#5075,.F.);
#6568=ORIENTED_EDGE('',*,*,#5078,.F.);
#6569=ORIENTED_EDGE('',*,*,#5081,.T.);
#6570=ORIENTED_EDGE('',*,*,#5082,.T.);
#6571=ORIENTED_EDGE('',*,*,#5083,.T.);
#6572=ORIENTED_EDGE('',*,*,#5084,.T.);
#6573=ORIENTED_EDGE('',*,*,#5085,.T.);
#6574=ORIENTED_EDGE('',*,*,#5086,.T.);
#6575=ORIENTED_EDGE('',*,*,#5087,.T.);
#6576=ORIENTED_EDGE('',*,*,#5088,.T.);
#6577=ORIENTED_EDGE('',*,*,#5089,.T.);
#6578=ORIENTED_EDGE('',*,*,#5090,.T.);
#6579=ORIENTED_EDGE('',*,*,#5091,.T.);
#6580=ORIENTED_EDGE('',*,*,#5092,.T.);
#6581=ORIENTED_EDGE('',*,*,#5093,.T.);
#6582=ORIENTED_EDGE('',*,*,#5094,.T.);
#6583=ORIENTED_EDGE('',*,*,#5095,.T.);
#6584=ORIENTED_EDGE('',*,*,#5096,.T.);
#6585=ORIENTED_EDGE('',*,*,#5097,.T.);
#6586=ORIENTED_EDGE('',*,*,#5098,.T.);
#6587=ORIENTED_EDGE('',*,*,#5099,.T.);
#6588=ORIENTED_EDGE('',*,*,#5100,.T.);
#6589=ORIENTED_EDGE('',*,*,#5101,.T.);
#6590=ORIENTED_EDGE('',*,*,#5102,.T.);
#6591=ORIENTED_EDGE('',*,*,#5103,.T.);
#6592=ORIENTED_EDGE('',*,*,#5104,.T.);
#6593=ORIENTED_EDGE('',*,*,#5105,.T.);
#6594=ORIENTED_EDGE('',*,*,#5106,.T.);
#6595=ORIENTED_EDGE('',*,*,#5107,.T.);
#6596=ORIENTED_EDGE('',*,*,#5108,.T.);
#6597=ORIENTED_EDGE('',*,*,#5109,.T.);
#6598=ORIENTED_EDGE('',*,*,#5110,.T.);
#6599=ORIENTED_EDGE('',*,*,#5111,.T.);
#6600=ORIENTED_EDGE('',*,*,#5112,.T.);
#6601=ORIENTED_EDGE('',*,*,#5113,.T.);
#6602=ORIENTED_EDGE('',*,*,#5114,.T.);
#6603=ORIENTED_EDGE('',*,*,#5115,.T.);
#6604=ORIENTED_EDGE('',*,*,#5116,.T.);
#6605=ORIENTED_EDGE('',*,*,#5117,.T.);
#6606=ORIENTED_EDGE('',*,*,#5118,.T.);
#6607=ORIENTED_EDGE('',*,*,#5119,.T.);
#6608=ORIENTED_EDGE('',*,*,#5120,.T.);
#6609=ORIENTED_EDGE('',*,*,#5121,.T.);
#6610=ORIENTED_EDGE('',*,*,#5122,.T.);
#6611=ORIENTED_EDGE('',*,*,#5123,.T.);
#6612=ORIENTED_EDGE('',*,*,#5124,.T.);
#6613=ORIENTED_EDGE('',*,*,#5125,.T.);
#6614=ORIENTED_EDGE('',*,*,#5126,.T.);
#6615=ORIENTED_EDGE('',*,*,#5127,.T.);
#6616=ORIENTED_EDGE('',*,*,#5128,.T.);
#6617=ORIENTED_EDGE('',*,*,#5129,.T.);
#6618=ORIENTED_EDGE('',*,*,#5130,.T.);
#6619=ORIENTED_EDGE('',*,*,#5131,.T.);
#6620=ORIENTED_EDGE('',*,*,#5132,.T.);
#6621=ORIENTED_EDGE('',*,*,#5133,.T.);
#6622=ORIENTED_EDGE('',*,*,#5134,.T.);
#6623=ORIENTED_EDGE('',*,*,#5135,.T.);
#6624=ORIENTED_EDGE('',*,*,#5136,.T.);
#6625=ORIENTED_EDGE('',*,*,#5137,.T.);
#6626=ORIENTED_EDGE('',*,*,#5138,.T.);
#6627=ORIENTED_EDGE('',*,*,#5139,.T.);
#6628=ORIENTED_EDGE('',*,*,#5140,.T.);
#6629=ORIENTED_EDGE('',*,*,#5141,.T.);
#6630=ORIENTED_EDGE('',*,*,#5142,.T.);
#6631=ORIENTED_EDGE('',*,*,#5143,.T.);
#6632=ORIENTED_EDGE('',*,*,#5144,.T.);
#6633=ORIENTED_EDGE('',*,*,#5145,.T.);
#6634=ORIENTED_EDGE('',*,*,#5146,.T.);
#6635=ORIENTED_EDGE('',*,*,#5147,.T.);
#6636=ORIENTED_EDGE('',*,*,#5148,.T.);
#6637=ORIENTED_EDGE('',*,*,#5149,.T.);
#6638=ORIENTED_EDGE('',*,*,#5150,.T.);
#6639=ORIENTED_EDGE('',*,*,#5151,.T.);
#6640=ORIENTED_EDGE('',*,*,#5152,.T.);
#6641=ORIENTED_EDGE('',*,*,#5153,.T.);
#6642=ORIENTED_EDGE('',*,*,#5154,.T.);
#6643=ORIENTED_EDGE('',*,*,#5155,.T.);
#6644=ORIENTED_EDGE('',*,*,#5156,.T.);
#6645=ORIENTED_EDGE('',*,*,#5157,.T.);
#6646=ORIENTED_EDGE('',*,*,#5158,.T.);
#6647=ORIENTED_EDGE('',*,*,#5159,.T.);
#6648=ORIENTED_EDGE('',*,*,#5160,.T.);
#6649=ORIENTED_EDGE('',*,*,#5161,.T.);
#6650=ORIENTED_EDGE('',*,*,#5162,.T.);
#6651=ORIENTED_EDGE('',*,*,#5163,.T.);
#6652=ORIENTED_EDGE('',*,*,#5164,.T.);
#6653=ORIENTED_EDGE('',*,*,#5165,.T.);
#6654=ORIENTED_EDGE('',*,*,#5166,.T.);
#6655=ORIENTED_EDGE('',*,*,#5167,.T.);
#6656=ORIENTED_EDGE('',*,*,#5168,.T.);
#6657=ORIENTED_EDGE('',*,*,#5169,.T.);
#6658=ORIENTED_EDGE('',*,*,#5170,.T.);
#6659=ORIENTED_EDGE('',*,*,#5171,.T.);
#6660=ORIENTED_EDGE('',*,*,#5172,.T.);
#6661=ORIENTED_EDGE('',*,*,#5173,.T.);
#6662=ORIENTED_EDGE('',*,*,#5174,.T.);
#6663=ORIENTED_EDGE('',*,*,#5175,.T.);
#6664=ORIENTED_EDGE('',*,*,#5176,.T.);
#6665=ORIENTED_EDGE('',*,*,#5177,.T.);
#6666=ORIENTED_EDGE('',*,*,#5178,.T.);
#6667=ORIENTED_EDGE('',*,*,#5179,.T.);
#6668=ORIENTED_EDGE('',*,*,#5180,.T.);
#6669=ORIENTED_EDGE('',*,*,#5181,.T.);
#6670=ORIENTED_EDGE('',*,*,#5182,.T.);
#6671=ORIENTED_EDGE('',*,*,#5183,.T.);
#6672=ORIENTED_EDGE('',*,*,#5184,.T.);
#6673=ORIENTED_EDGE('',*,*,#5185,.T.);
#6674=ORIENTED_EDGE('',*,*,#5186,.T.);
#6675=ORIENTED_EDGE('',*,*,#5187,.T.);
#6676=ORIENTED_EDGE('',*,*,#5188,.T.);
#6677=ORIENTED_EDGE('',*,*,#5189,.T.);
#6678=ORIENTED_EDGE('',*,*,#5190,.T.);
#6679=ORIENTED_EDGE('',*,*,#5191,.T.);
#6680=ORIENTED_EDGE('',*,*,#5192,.T.);
#6681=ORIENTED_EDGE('',*,*,#5193,.T.);
#6682=ORIENTED_EDGE('',*,*,#5194,.T.);
#6683=ORIENTED_EDGE('',*,*,#5195,.T.);
#6684=ORIENTED_EDGE('',*,*,#5196,.T.);
#6685=ORIENTED_EDGE('',*,*,#5197,.T.);
#6686=ORIENTED_EDGE('',*,*,#5198,.T.);
#6687=ORIENTED_EDGE('',*,*,#5199,.T.);
#6688=ORIENTED_EDGE('',*,*,#5200,.T.);
#6689=ORIENTED_EDGE('',*,*,#5201,.T.);
#6690=ORIENTED_EDGE('',*,*,#5202,.T.);
#6691=ORIENTED_EDGE('',*,*,#5203,.T.);
#6692=ORIENTED_EDGE('',*,*,#5204,.T.);
#6693=ORIENTED_EDGE('',*,*,#5205,.T.);
#6694=ORIENTED_EDGE('',*,*,#5206,.T.);
#6695=ORIENTED_EDGE('',*,*,#5207,.T.);
#6696=ORIENTED_EDGE('',*,*,#5208,.T.);
#6697=ORIENTED_EDGE('',*,*,#5209,.T.);
#6698=ORIENTED_EDGE('',*,*,#5210,.T.);
#6699=ORIENTED_EDGE('',*,*,#5211,.T.);
#6700=ORIENTED_EDGE('',*,*,#5212,.T.);
#6701=ORIENTED_EDGE('',*,*,#5213,.F.);
#6702=ORIENTED_EDGE('',*,*,#5214,.F.);
#6703=ORIENTED_EDGE('',*,*,#5215,.T.);
#6704=ORIENTED_EDGE('',*,*,#5216,.T.);
#6705=ORIENTED_EDGE('',*,*,#5217,.F.);
#6706=ORIENTED_EDGE('',*,*,#5218,.T.);
#6707=ORIENTED_EDGE('',*,*,#5219,.F.);
#6708=ORIENTED_EDGE('',*,*,#5220,.F.);
#6709=ORIENTED_EDGE('',*,*,#5221,.T.);
#6710=ORIENTED_EDGE('',*,*,#5214,.T.);
#6711=ORIENTED_EDGE('',*,*,#5222,.F.);
#6712=ORIENTED_EDGE('',*,*,#5223,.F.);
#6713=ORIENTED_EDGE('',*,*,#5224,.T.);
#6714=ORIENTED_EDGE('',*,*,#5220,.T.);
#6715=ORIENTED_EDGE('',*,*,#5225,.F.);
#6716=ORIENTED_EDGE('',*,*,#5226,.F.);
#6717=ORIENTED_EDGE('',*,*,#5227,.F.);
#6718=ORIENTED_EDGE('',*,*,#5228,.F.);
#6719=ORIENTED_EDGE('',*,*,#5229,.T.);
#6720=ORIENTED_EDGE('',*,*,#5223,.T.);
#6721=ORIENTED_EDGE('',*,*,#5230,.F.);
#6722=ORIENTED_EDGE('',*,*,#5231,.F.);
#6723=ORIENTED_EDGE('',*,*,#5232,.F.);
#6724=ORIENTED_EDGE('',*,*,#5233,.F.);
#6725=ORIENTED_EDGE('',*,*,#5215,.F.);
#6726=ORIENTED_EDGE('',*,*,#5221,.F.);
#6727=ORIENTED_EDGE('',*,*,#5224,.F.);
#6728=ORIENTED_EDGE('',*,*,#5229,.F.);
#6729=ORIENTED_EDGE('',*,*,#5234,.F.);
#6730=ORIENTED_EDGE('',*,*,#5235,.F.);
#6731=ORIENTED_EDGE('',*,*,#5236,.F.);
#6732=ORIENTED_EDGE('',*,*,#5237,.F.);
#6733=ORIENTED_EDGE('',*,*,#5238,.F.);
#6734=ORIENTED_EDGE('',*,*,#5239,.F.);
#6735=ORIENTED_EDGE('',*,*,#5240,.F.);
#6736=ORIENTED_EDGE('',*,*,#5241,.F.);
#6737=ORIENTED_EDGE('',*,*,#5242,.F.);
#6738=ORIENTED_EDGE('',*,*,#5243,.F.);
#6739=ORIENTED_EDGE('',*,*,#5244,.F.);
#6740=ORIENTED_EDGE('',*,*,#5245,.F.);
#6741=ORIENTED_EDGE('',*,*,#5246,.F.);
#6742=ORIENTED_EDGE('',*,*,#5247,.F.);
#6743=ORIENTED_EDGE('',*,*,#5248,.T.);
#6744=ORIENTED_EDGE('',*,*,#5249,.T.);
#6745=ORIENTED_EDGE('',*,*,#5250,.T.);
#6746=ORIENTED_EDGE('',*,*,#5251,.T.);
#6747=ORIENTED_EDGE('',*,*,#5252,.T.);
#6748=ORIENTED_EDGE('',*,*,#5253,.T.);
#6749=ORIENTED_EDGE('',*,*,#5254,.T.);
#6750=ORIENTED_EDGE('',*,*,#5255,.T.);
#6751=ORIENTED_EDGE('',*,*,#5256,.T.);
#6752=ORIENTED_EDGE('',*,*,#5257,.T.);
#6753=ORIENTED_EDGE('',*,*,#5258,.T.);
#6754=ORIENTED_EDGE('',*,*,#5259,.T.);
#6755=ORIENTED_EDGE('',*,*,#5260,.T.);
#6756=ORIENTED_EDGE('',*,*,#5261,.T.);
#6757=ORIENTED_EDGE('',*,*,#5262,.T.);
#6758=ORIENTED_EDGE('',*,*,#5263,.T.);
#6759=ORIENTED_EDGE('',*,*,#5264,.T.);
#6760=ORIENTED_EDGE('',*,*,#5265,.T.);
#6761=ORIENTED_EDGE('',*,*,#5266,.T.);
#6762=ORIENTED_EDGE('',*,*,#5267,.T.);
#6763=ORIENTED_EDGE('',*,*,#5268,.T.);
#6764=ORIENTED_EDGE('',*,*,#5269,.T.);
#6765=ORIENTED_EDGE('',*,*,#5270,.T.);
#6766=ORIENTED_EDGE('',*,*,#5271,.T.);
#6767=ORIENTED_EDGE('',*,*,#5272,.T.);
#6768=ORIENTED_EDGE('',*,*,#5273,.T.);
#6769=ORIENTED_EDGE('',*,*,#5274,.T.);
#6770=ORIENTED_EDGE('',*,*,#5275,.T.);
#6771=ORIENTED_EDGE('',*,*,#5276,.T.);
#6772=ORIENTED_EDGE('',*,*,#5277,.T.);
#6773=ORIENTED_EDGE('',*,*,#5278,.T.);
#6774=ORIENTED_EDGE('',*,*,#5279,.T.);
#6775=ORIENTED_EDGE('',*,*,#5280,.T.);
#6776=ORIENTED_EDGE('',*,*,#5281,.T.);
#6777=ORIENTED_EDGE('',*,*,#5282,.T.);
#6778=ORIENTED_EDGE('',*,*,#5283,.T.);
#6779=ORIENTED_EDGE('',*,*,#5284,.T.);
#6780=ORIENTED_EDGE('',*,*,#5285,.T.);
#6781=ORIENTED_EDGE('',*,*,#5286,.T.);
#6782=ORIENTED_EDGE('',*,*,#5287,.T.);
#6783=ORIENTED_EDGE('',*,*,#5288,.T.);
#6784=ORIENTED_EDGE('',*,*,#5289,.T.);
#6785=ORIENTED_EDGE('',*,*,#5290,.T.);
#6786=ORIENTED_EDGE('',*,*,#5291,.T.);
#6787=ORIENTED_EDGE('',*,*,#5292,.T.);
#6788=ORIENTED_EDGE('',*,*,#5293,.T.);
#6789=ORIENTED_EDGE('',*,*,#5294,.T.);
#6790=ORIENTED_EDGE('',*,*,#5295,.T.);
#6791=ORIENTED_EDGE('',*,*,#5296,.T.);
#6792=ORIENTED_EDGE('',*,*,#5297,.T.);
#6793=ORIENTED_EDGE('',*,*,#5298,.T.);
#6794=ORIENTED_EDGE('',*,*,#5299,.T.);
#6795=ORIENTED_EDGE('',*,*,#5300,.T.);
#6796=ORIENTED_EDGE('',*,*,#5301,.T.);
#6797=ORIENTED_EDGE('',*,*,#5302,.T.);
#6798=ORIENTED_EDGE('',*,*,#5303,.T.);
#6799=ORIENTED_EDGE('',*,*,#5304,.T.);
#6800=ORIENTED_EDGE('',*,*,#5305,.T.);
#6801=ORIENTED_EDGE('',*,*,#5306,.T.);
#6802=ORIENTED_EDGE('',*,*,#5307,.T.);
#6803=ORIENTED_EDGE('',*,*,#5308,.T.);
#6804=ORIENTED_EDGE('',*,*,#5309,.T.);
#6805=ORIENTED_EDGE('',*,*,#5310,.T.);
#6806=ORIENTED_EDGE('',*,*,#5311,.T.);
#6807=ORIENTED_EDGE('',*,*,#5312,.T.);
#6808=ORIENTED_EDGE('',*,*,#5313,.T.);
#6809=ORIENTED_EDGE('',*,*,#5314,.F.);
#6810=ORIENTED_EDGE('',*,*,#5315,.F.);
#6811=ORIENTED_EDGE('',*,*,#5216,.F.);
#6812=ORIENTED_EDGE('',*,*,#5233,.T.);
#6813=ORIENTED_EDGE('',*,*,#5316,.T.);
#6814=ORIENTED_EDGE('',*,*,#5317,.F.);
#6815=ORIENTED_EDGE('',*,*,#5316,.F.);
#6816=ORIENTED_EDGE('',*,*,#5232,.T.);
#6817=ORIENTED_EDGE('',*,*,#5318,.T.);
#6818=ORIENTED_EDGE('',*,*,#5319,.T.);
#6819=ORIENTED_EDGE('',*,*,#5320,.T.);
#6820=ORIENTED_EDGE('',*,*,#5321,.T.);
#6821=ORIENTED_EDGE('',*,*,#5322,.T.);
#6822=ORIENTED_EDGE('',*,*,#5323,.T.);
#6823=ORIENTED_EDGE('',*,*,#5324,.T.);
#6824=ORIENTED_EDGE('',*,*,#5325,.T.);
#6825=ORIENTED_EDGE('',*,*,#5326,.T.);
#6826=ORIENTED_EDGE('',*,*,#5327,.T.);
#6827=ORIENTED_EDGE('',*,*,#5328,.T.);
#6828=ORIENTED_EDGE('',*,*,#5329,.T.);
#6829=ORIENTED_EDGE('',*,*,#5330,.T.);
#6830=ORIENTED_EDGE('',*,*,#5331,.T.);
#6831=ORIENTED_EDGE('',*,*,#5332,.T.);
#6832=ORIENTED_EDGE('',*,*,#5333,.T.);
#6833=ORIENTED_EDGE('',*,*,#5334,.T.);
#6834=ORIENTED_EDGE('',*,*,#5335,.T.);
#6835=ORIENTED_EDGE('',*,*,#5336,.T.);
#6836=ORIENTED_EDGE('',*,*,#5337,.T.);
#6837=ORIENTED_EDGE('',*,*,#5338,.T.);
#6838=ORIENTED_EDGE('',*,*,#5339,.T.);
#6839=ORIENTED_EDGE('',*,*,#5340,.T.);
#6840=ORIENTED_EDGE('',*,*,#5341,.T.);
#6841=ORIENTED_EDGE('',*,*,#5342,.T.);
#6842=ORIENTED_EDGE('',*,*,#5343,.T.);
#6843=ORIENTED_EDGE('',*,*,#5344,.T.);
#6844=ORIENTED_EDGE('',*,*,#5345,.T.);
#6845=ORIENTED_EDGE('',*,*,#5346,.T.);
#6846=ORIENTED_EDGE('',*,*,#5347,.T.);
#6847=ORIENTED_EDGE('',*,*,#5348,.T.);
#6848=ORIENTED_EDGE('',*,*,#5349,.T.);
#6849=ORIENTED_EDGE('',*,*,#5350,.T.);
#6850=ORIENTED_EDGE('',*,*,#5351,.T.);
#6851=ORIENTED_EDGE('',*,*,#5352,.T.);
#6852=ORIENTED_EDGE('',*,*,#5353,.T.);
#6853=ORIENTED_EDGE('',*,*,#5354,.T.);
#6854=ORIENTED_EDGE('',*,*,#5355,.T.);
#6855=ORIENTED_EDGE('',*,*,#5356,.T.);
#6856=ORIENTED_EDGE('',*,*,#5357,.T.);
#6857=ORIENTED_EDGE('',*,*,#5358,.T.);
#6858=ORIENTED_EDGE('',*,*,#5359,.T.);
#6859=ORIENTED_EDGE('',*,*,#5360,.T.);
#6860=ORIENTED_EDGE('',*,*,#5361,.T.);
#6861=ORIENTED_EDGE('',*,*,#5362,.T.);
#6862=ORIENTED_EDGE('',*,*,#5363,.T.);
#6863=ORIENTED_EDGE('',*,*,#5364,.T.);
#6864=ORIENTED_EDGE('',*,*,#5365,.T.);
#6865=ORIENTED_EDGE('',*,*,#5366,.T.);
#6866=ORIENTED_EDGE('',*,*,#5367,.T.);
#6867=ORIENTED_EDGE('',*,*,#5368,.T.);
#6868=ORIENTED_EDGE('',*,*,#5369,.T.);
#6869=ORIENTED_EDGE('',*,*,#5370,.T.);
#6870=ORIENTED_EDGE('',*,*,#5371,.T.);
#6871=ORIENTED_EDGE('',*,*,#5372,.T.);
#6872=ORIENTED_EDGE('',*,*,#5373,.T.);
#6873=ORIENTED_EDGE('',*,*,#5374,.T.);
#6874=ORIENTED_EDGE('',*,*,#5375,.T.);
#6875=ORIENTED_EDGE('',*,*,#5376,.T.);
#6876=ORIENTED_EDGE('',*,*,#5377,.T.);
#6877=ORIENTED_EDGE('',*,*,#5378,.T.);
#6878=ORIENTED_EDGE('',*,*,#5379,.T.);
#6879=ORIENTED_EDGE('',*,*,#5380,.T.);
#6880=ORIENTED_EDGE('',*,*,#5381,.T.);
#6881=ORIENTED_EDGE('',*,*,#5382,.T.);
#6882=ORIENTED_EDGE('',*,*,#5383,.T.);
#6883=ORIENTED_EDGE('',*,*,#5384,.T.);
#6884=ORIENTED_EDGE('',*,*,#5385,.T.);
#6885=ORIENTED_EDGE('',*,*,#5386,.T.);
#6886=ORIENTED_EDGE('',*,*,#5387,.T.);
#6887=ORIENTED_EDGE('',*,*,#5388,.T.);
#6888=ORIENTED_EDGE('',*,*,#5389,.T.);
#6889=ORIENTED_EDGE('',*,*,#5390,.T.);
#6890=ORIENTED_EDGE('',*,*,#5391,.T.);
#6891=ORIENTED_EDGE('',*,*,#5392,.T.);
#6892=ORIENTED_EDGE('',*,*,#5393,.T.);
#6893=ORIENTED_EDGE('',*,*,#5394,.T.);
#6894=ORIENTED_EDGE('',*,*,#5395,.T.);
#6895=ORIENTED_EDGE('',*,*,#5396,.T.);
#6896=ORIENTED_EDGE('',*,*,#5397,.T.);
#6897=ORIENTED_EDGE('',*,*,#5398,.T.);
#6898=ORIENTED_EDGE('',*,*,#5399,.T.);
#6899=ORIENTED_EDGE('',*,*,#5400,.T.);
#6900=ORIENTED_EDGE('',*,*,#5401,.T.);
#6901=ORIENTED_EDGE('',*,*,#5402,.T.);
#6902=ORIENTED_EDGE('',*,*,#5403,.T.);
#6903=ORIENTED_EDGE('',*,*,#5404,.T.);
#6904=ORIENTED_EDGE('',*,*,#5405,.T.);
#6905=ORIENTED_EDGE('',*,*,#5406,.T.);
#6906=ORIENTED_EDGE('',*,*,#5407,.T.);
#6907=ORIENTED_EDGE('',*,*,#5408,.T.);
#6908=ORIENTED_EDGE('',*,*,#5409,.T.);
#6909=ORIENTED_EDGE('',*,*,#5410,.T.);
#6910=ORIENTED_EDGE('',*,*,#5411,.T.);
#6911=ORIENTED_EDGE('',*,*,#5412,.T.);
#6912=ORIENTED_EDGE('',*,*,#5413,.T.);
#6913=ORIENTED_EDGE('',*,*,#5414,.T.);
#6914=ORIENTED_EDGE('',*,*,#5415,.T.);
#6915=ORIENTED_EDGE('',*,*,#5416,.T.);
#6916=ORIENTED_EDGE('',*,*,#5417,.T.);
#6917=ORIENTED_EDGE('',*,*,#5418,.T.);
#6918=ORIENTED_EDGE('',*,*,#5419,.T.);
#6919=ORIENTED_EDGE('',*,*,#5420,.T.);
#6920=ORIENTED_EDGE('',*,*,#5421,.T.);
#6921=ORIENTED_EDGE('',*,*,#5422,.T.);
#6922=ORIENTED_EDGE('',*,*,#5423,.T.);
#6923=ORIENTED_EDGE('',*,*,#5424,.T.);
#6924=ORIENTED_EDGE('',*,*,#5425,.T.);
#6925=ORIENTED_EDGE('',*,*,#5426,.T.);
#6926=ORIENTED_EDGE('',*,*,#5427,.T.);
#6927=ORIENTED_EDGE('',*,*,#5428,.T.);
#6928=ORIENTED_EDGE('',*,*,#5429,.T.);
#6929=ORIENTED_EDGE('',*,*,#5430,.T.);
#6930=ORIENTED_EDGE('',*,*,#5431,.T.);
#6931=ORIENTED_EDGE('',*,*,#5432,.T.);
#6932=ORIENTED_EDGE('',*,*,#5433,.T.);
#6933=ORIENTED_EDGE('',*,*,#5434,.T.);
#6934=ORIENTED_EDGE('',*,*,#5435,.T.);
#6935=ORIENTED_EDGE('',*,*,#5436,.T.);
#6936=ORIENTED_EDGE('',*,*,#5437,.T.);
#6937=ORIENTED_EDGE('',*,*,#5438,.T.);
#6938=ORIENTED_EDGE('',*,*,#5439,.T.);
#6939=ORIENTED_EDGE('',*,*,#5440,.T.);
#6940=ORIENTED_EDGE('',*,*,#5441,.T.);
#6941=ORIENTED_EDGE('',*,*,#5442,.T.);
#6942=ORIENTED_EDGE('',*,*,#5443,.T.);
#6943=ORIENTED_EDGE('',*,*,#5444,.T.);
#6944=ORIENTED_EDGE('',*,*,#5445,.T.);
#6945=ORIENTED_EDGE('',*,*,#5446,.T.);
#6946=ORIENTED_EDGE('',*,*,#5447,.T.);
#6947=ORIENTED_EDGE('',*,*,#5448,.T.);
#6948=ORIENTED_EDGE('',*,*,#5449,.T.);
#6949=ORIENTED_EDGE('',*,*,#5450,.T.);
#6950=ORIENTED_EDGE('',*,*,#4905,.T.);
#6951=ORIENTED_EDGE('',*,*,#4908,.T.);
#6952=ORIENTED_EDGE('',*,*,#4911,.T.);
#6953=ORIENTED_EDGE('',*,*,#4914,.T.);
#6954=ORIENTED_EDGE('',*,*,#4892,.T.);
#6955=ORIENTED_EDGE('',*,*,#4896,.T.);
#6956=ORIENTED_EDGE('',*,*,#4899,.T.);
#6957=ORIENTED_EDGE('',*,*,#4902,.T.);
#6958=ORIENTED_EDGE('',*,*,#5451,.F.);
#6959=ORIENTED_EDGE('',*,*,#5452,.F.);
#6960=ORIENTED_EDGE('',*,*,#5318,.F.);
#6961=ORIENTED_EDGE('',*,*,#5231,.T.);
#6962=ORIENTED_EDGE('',*,*,#5453,.T.);
#6963=ORIENTED_EDGE('',*,*,#5454,.F.);
#6964=ORIENTED_EDGE('',*,*,#5455,.F.);
#6965=ORIENTED_EDGE('',*,*,#5453,.F.);
#6966=ORIENTED_EDGE('',*,*,#5230,.T.);
#6967=ORIENTED_EDGE('',*,*,#5228,.T.);
#6968=ORIENTED_EDGE('',*,*,#5456,.F.);
#6969=ORIENTED_EDGE('',*,*,#5235,.T.);
#6970=ORIENTED_EDGE('',*,*,#5457,.F.);
#6971=ORIENTED_EDGE('',*,*,#5315,.T.);
#6972=ORIENTED_EDGE('',*,*,#5458,.F.);
#6973=ORIENTED_EDGE('',*,*,#5247,.T.);
#6974=ORIENTED_EDGE('',*,*,#5459,.F.);
#6975=ORIENTED_EDGE('',*,*,#5213,.T.);
#6976=ORIENTED_EDGE('',*,*,#5457,.T.);
#6977=ORIENTED_EDGE('',*,*,#5234,.T.);
#6978=ORIENTED_EDGE('',*,*,#5458,.T.);
#6979=ORIENTED_EDGE('',*,*,#5217,.T.);
#6980=ORIENTED_EDGE('',*,*,#5460,.F.);
#6981=ORIENTED_EDGE('',*,*,#5245,.T.);
#6982=ORIENTED_EDGE('',*,*,#5461,.F.);
#6983=ORIENTED_EDGE('',*,*,#5225,.T.);
#6984=ORIENTED_EDGE('',*,*,#5460,.T.);
#6985=ORIENTED_EDGE('',*,*,#5219,.T.);
#6986=ORIENTED_EDGE('',*,*,#5459,.T.);
#6987=ORIENTED_EDGE('',*,*,#5246,.T.);
#6988=ORIENTED_EDGE('',*,*,#5462,.F.);
#6989=ORIENTED_EDGE('',*,*,#5243,.T.);
#6990=ORIENTED_EDGE('',*,*,#5463,.F.);
#6991=ORIENTED_EDGE('',*,*,#5222,.T.);
#6992=ORIENTED_EDGE('',*,*,#5461,.T.);
#6993=ORIENTED_EDGE('',*,*,#5244,.T.);
#6994=ORIENTED_EDGE('',*,*,#5462,.T.);
#6995=ORIENTED_EDGE('',*,*,#5226,.T.);
#6996=ORIENTED_EDGE('',*,*,#5464,.F.);
#6997=ORIENTED_EDGE('',*,*,#5241,.T.);
#6998=ORIENTED_EDGE('',*,*,#5465,.F.);
#6999=ORIENTED_EDGE('',*,*,#5454,.T.);
#7000=ORIENTED_EDGE('',*,*,#5464,.T.);
#7001=ORIENTED_EDGE('',*,*,#5227,.T.);
#7002=ORIENTED_EDGE('',*,*,#5463,.T.);
#7003=ORIENTED_EDGE('',*,*,#5242,.T.);
#7004=ORIENTED_EDGE('',*,*,#5466,.F.);
#7005=ORIENTED_EDGE('',*,*,#5239,.T.);
#7006=ORIENTED_EDGE('',*,*,#5467,.F.);
#7007=ORIENTED_EDGE('',*,*,#5451,.T.);
#7008=ORIENTED_EDGE('',*,*,#5466,.T.);
#7009=ORIENTED_EDGE('',*,*,#5455,.T.);
#7010=ORIENTED_EDGE('',*,*,#5465,.T.);
#7011=ORIENTED_EDGE('',*,*,#5240,.T.);
#7012=ORIENTED_EDGE('',*,*,#5468,.F.);
#7013=ORIENTED_EDGE('',*,*,#5236,.T.);
#7014=ORIENTED_EDGE('',*,*,#5456,.T.);
#7015=ORIENTED_EDGE('',*,*,#5314,.T.);
#7016=ORIENTED_EDGE('',*,*,#5469,.F.);
#7017=ORIENTED_EDGE('',*,*,#5237,.T.);
#7018=ORIENTED_EDGE('',*,*,#5468,.T.);
#7019=ORIENTED_EDGE('',*,*,#5317,.T.);
#7020=ORIENTED_EDGE('',*,*,#5469,.T.);
#7021=ORIENTED_EDGE('',*,*,#5452,.T.);
#7022=ORIENTED_EDGE('',*,*,#5467,.T.);
#7023=ORIENTED_EDGE('',*,*,#5238,.T.);
#7024=ORIENTED_EDGE('',*,*,#5450,.F.);
#7025=ORIENTED_EDGE('',*,*,#5470,.T.);
#7026=ORIENTED_EDGE('',*,*,#4931,.F.);
#7027=ORIENTED_EDGE('',*,*,#5470,.F.);
#7028=ORIENTED_EDGE('',*,*,#5081,.F.);
#7029=ORIENTED_EDGE('',*,*,#5471,.T.);
#7030=ORIENTED_EDGE('',*,*,#5248,.F.);
#7031=ORIENTED_EDGE('',*,*,#5471,.F.);
#7032=ORIENTED_EDGE('',*,*,#5449,.F.);
#7033=ORIENTED_EDGE('',*,*,#5472,.T.);
#7034=ORIENTED_EDGE('',*,*,#4932,.F.);
#7035=ORIENTED_EDGE('',*,*,#5472,.F.);
#7036=ORIENTED_EDGE('',*,*,#5082,.F.);
#7037=ORIENTED_EDGE('',*,*,#5473,.T.);
#7038=ORIENTED_EDGE('',*,*,#5448,.F.);
#7039=ORIENTED_EDGE('',*,*,#5474,.T.);
#7040=ORIENTED_EDGE('',*,*,#4933,.F.);
#7041=ORIENTED_EDGE('',*,*,#5474,.F.);
#7042=ORIENTED_EDGE('',*,*,#5083,.F.);
#7043=ORIENTED_EDGE('',*,*,#5473,.F.);
#7044=ORIENTED_EDGE('',*,*,#5084,.F.);
#7045=ORIENTED_EDGE('',*,*,#5475,.T.);
#7046=ORIENTED_EDGE('',*,*,#5249,.F.);
#7047=ORIENTED_EDGE('',*,*,#5475,.F.);
#7048=ORIENTED_EDGE('',*,*,#5447,.F.);
#7049=ORIENTED_EDGE('',*,*,#5476,.T.);
#7050=ORIENTED_EDGE('',*,*,#4934,.F.);
#7051=ORIENTED_EDGE('',*,*,#5476,.F.);
#7052=ORIENTED_EDGE('',*,*,#5085,.F.);
#7053=ORIENTED_EDGE('',*,*,#5477,.T.);
#7054=ORIENTED_EDGE('',*,*,#5446,.F.);
#7055=ORIENTED_EDGE('',*,*,#5478,.T.);
#7056=ORIENTED_EDGE('',*,*,#4935,.F.);
#7057=ORIENTED_EDGE('',*,*,#5478,.F.);
#7058=ORIENTED_EDGE('',*,*,#5086,.F.);
#7059=ORIENTED_EDGE('',*,*,#5477,.F.);
#7060=ORIENTED_EDGE('',*,*,#5445,.F.);
#7061=ORIENTED_EDGE('',*,*,#5479,.T.);
#7062=ORIENTED_EDGE('',*,*,#4936,.F.);
#7063=ORIENTED_EDGE('',*,*,#5479,.F.);
#7064=ORIENTED_EDGE('',*,*,#5087,.F.);
#7065=ORIENTED_EDGE('',*,*,#5480,.T.);
#7066=ORIENTED_EDGE('',*,*,#5444,.F.);
#7067=ORIENTED_EDGE('',*,*,#5481,.T.);
#7068=ORIENTED_EDGE('',*,*,#4937,.F.);
#7069=ORIENTED_EDGE('',*,*,#5481,.F.);
#7070=ORIENTED_EDGE('',*,*,#5088,.F.);
#7071=ORIENTED_EDGE('',*,*,#5480,.F.);
#7072=ORIENTED_EDGE('',*,*,#5089,.F.);
#7073=ORIENTED_EDGE('',*,*,#5482,.T.);
#7074=ORIENTED_EDGE('',*,*,#5250,.F.);
#7075=ORIENTED_EDGE('',*,*,#5482,.F.);
#7076=ORIENTED_EDGE('',*,*,#5443,.F.);
#7077=ORIENTED_EDGE('',*,*,#5483,.T.);
#7078=ORIENTED_EDGE('',*,*,#4938,.F.);
#7079=ORIENTED_EDGE('',*,*,#5483,.F.);
#7080=ORIENTED_EDGE('',*,*,#5090,.F.);
#7081=ORIENTED_EDGE('',*,*,#5484,.T.);
#7082=ORIENTED_EDGE('',*,*,#5442,.F.);
#7083=ORIENTED_EDGE('',*,*,#5485,.T.);
#7084=ORIENTED_EDGE('',*,*,#4939,.F.);
#7085=ORIENTED_EDGE('',*,*,#5485,.F.);
#7086=ORIENTED_EDGE('',*,*,#5091,.F.);
#7087=ORIENTED_EDGE('',*,*,#5484,.F.);
#7088=ORIENTED_EDGE('',*,*,#5092,.F.);
#7089=ORIENTED_EDGE('',*,*,#5486,.T.);
#7090=ORIENTED_EDGE('',*,*,#5441,.F.);
#7091=ORIENTED_EDGE('',*,*,#5487,.T.);
#7092=ORIENTED_EDGE('',*,*,#4940,.F.);
#7093=ORIENTED_EDGE('',*,*,#5487,.F.);
#7094=ORIENTED_EDGE('',*,*,#5093,.F.);
#7095=ORIENTED_EDGE('',*,*,#5486,.F.);
#7096=ORIENTED_EDGE('',*,*,#5094,.F.);
#7097=ORIENTED_EDGE('',*,*,#5488,.T.);
#7098=ORIENTED_EDGE('',*,*,#5440,.F.);
#7099=ORIENTED_EDGE('',*,*,#5489,.T.);
#7100=ORIENTED_EDGE('',*,*,#4941,.F.);
#7101=ORIENTED_EDGE('',*,*,#5489,.F.);
#7102=ORIENTED_EDGE('',*,*,#5095,.F.);
#7103=ORIENTED_EDGE('',*,*,#5488,.F.);
#7104=ORIENTED_EDGE('',*,*,#5096,.F.);
#7105=ORIENTED_EDGE('',*,*,#5490,.T.);
#7106=ORIENTED_EDGE('',*,*,#5251,.F.);
#7107=ORIENTED_EDGE('',*,*,#5490,.F.);
#7108=ORIENTED_EDGE('',*,*,#5439,.F.);
#7109=ORIENTED_EDGE('',*,*,#5491,.T.);
#7110=ORIENTED_EDGE('',*,*,#4942,.F.);
#7111=ORIENTED_EDGE('',*,*,#5491,.F.);
#7112=ORIENTED_EDGE('',*,*,#5097,.F.);
#7113=ORIENTED_EDGE('',*,*,#5492,.T.);
#7114=ORIENTED_EDGE('',*,*,#5252,.F.);
#7115=ORIENTED_EDGE('',*,*,#5492,.F.);
#7116=ORIENTED_EDGE('',*,*,#5438,.F.);
#7117=ORIENTED_EDGE('',*,*,#5493,.T.);
#7118=ORIENTED_EDGE('',*,*,#4943,.F.);
#7119=ORIENTED_EDGE('',*,*,#5493,.F.);
#7120=ORIENTED_EDGE('',*,*,#5098,.F.);
#7121=ORIENTED_EDGE('',*,*,#5494,.T.);
#7122=ORIENTED_EDGE('',*,*,#5437,.F.);
#7123=ORIENTED_EDGE('',*,*,#5495,.T.);
#7124=ORIENTED_EDGE('',*,*,#4944,.F.);
#7125=ORIENTED_EDGE('',*,*,#5495,.F.);
#7126=ORIENTED_EDGE('',*,*,#5099,.F.);
#7127=ORIENTED_EDGE('',*,*,#5494,.F.);
#7128=ORIENTED_EDGE('',*,*,#5100,.F.);
#7129=ORIENTED_EDGE('',*,*,#5496,.T.);
#7130=ORIENTED_EDGE('',*,*,#5253,.F.);
#7131=ORIENTED_EDGE('',*,*,#5496,.F.);
#7132=ORIENTED_EDGE('',*,*,#5436,.F.);
#7133=ORIENTED_EDGE('',*,*,#5497,.T.);
#7134=ORIENTED_EDGE('',*,*,#4945,.F.);
#7135=ORIENTED_EDGE('',*,*,#5497,.F.);
#7136=ORIENTED_EDGE('',*,*,#5101,.F.);
#7137=ORIENTED_EDGE('',*,*,#5498,.T.);
#7138=ORIENTED_EDGE('',*,*,#5435,.F.);
#7139=ORIENTED_EDGE('',*,*,#5499,.T.);
#7140=ORIENTED_EDGE('',*,*,#4946,.F.);
#7141=ORIENTED_EDGE('',*,*,#5499,.F.);
#7142=ORIENTED_EDGE('',*,*,#5102,.F.);
#7143=ORIENTED_EDGE('',*,*,#5498,.F.);
#7144=ORIENTED_EDGE('',*,*,#5103,.F.);
#7145=ORIENTED_EDGE('',*,*,#5500,.T.);
#7146=ORIENTED_EDGE('',*,*,#5254,.F.);
#7147=ORIENTED_EDGE('',*,*,#5500,.F.);
#7148=ORIENTED_EDGE('',*,*,#5434,.F.);
#7149=ORIENTED_EDGE('',*,*,#5501,.T.);
#7150=ORIENTED_EDGE('',*,*,#4947,.F.);
#7151=ORIENTED_EDGE('',*,*,#5501,.F.);
#7152=ORIENTED_EDGE('',*,*,#5104,.F.);
#7153=ORIENTED_EDGE('',*,*,#5502,.T.);
#7154=ORIENTED_EDGE('',*,*,#5255,.F.);
#7155=ORIENTED_EDGE('',*,*,#5502,.F.);
#7156=ORIENTED_EDGE('',*,*,#5433,.F.);
#7157=ORIENTED_EDGE('',*,*,#5503,.T.);
#7158=ORIENTED_EDGE('',*,*,#4948,.F.);
#7159=ORIENTED_EDGE('',*,*,#5503,.F.);
#7160=ORIENTED_EDGE('',*,*,#5105,.F.);
#7161=ORIENTED_EDGE('',*,*,#5504,.T.);
#7162=ORIENTED_EDGE('',*,*,#5256,.F.);
#7163=ORIENTED_EDGE('',*,*,#5504,.F.);
#7164=ORIENTED_EDGE('',*,*,#5432,.F.);
#7165=ORIENTED_EDGE('',*,*,#5505,.T.);
#7166=ORIENTED_EDGE('',*,*,#4949,.F.);
#7167=ORIENTED_EDGE('',*,*,#5505,.F.);
#7168=ORIENTED_EDGE('',*,*,#5106,.F.);
#7169=ORIENTED_EDGE('',*,*,#5506,.T.);
#7170=ORIENTED_EDGE('',*,*,#5431,.F.);
#7171=ORIENTED_EDGE('',*,*,#5507,.T.);
#7172=ORIENTED_EDGE('',*,*,#4950,.F.);
#7173=ORIENTED_EDGE('',*,*,#5507,.F.);
#7174=ORIENTED_EDGE('',*,*,#5107,.F.);
#7175=ORIENTED_EDGE('',*,*,#5506,.F.);
#7176=ORIENTED_EDGE('',*,*,#5430,.F.);
#7177=ORIENTED_EDGE('',*,*,#5508,.T.);
#7178=ORIENTED_EDGE('',*,*,#4951,.F.);
#7179=ORIENTED_EDGE('',*,*,#5508,.F.);
#7180=ORIENTED_EDGE('',*,*,#5108,.F.);
#7181=ORIENTED_EDGE('',*,*,#5509,.T.);
#7182=ORIENTED_EDGE('',*,*,#5257,.F.);
#7183=ORIENTED_EDGE('',*,*,#5509,.F.);
#7184=ORIENTED_EDGE('',*,*,#5429,.F.);
#7185=ORIENTED_EDGE('',*,*,#5510,.T.);
#7186=ORIENTED_EDGE('',*,*,#4952,.F.);
#7187=ORIENTED_EDGE('',*,*,#5510,.F.);
#7188=ORIENTED_EDGE('',*,*,#5109,.F.);
#7189=ORIENTED_EDGE('',*,*,#5511,.T.);
#7190=ORIENTED_EDGE('',*,*,#5258,.F.);
#7191=ORIENTED_EDGE('',*,*,#5511,.F.);
#7192=ORIENTED_EDGE('',*,*,#5428,.F.);
#7193=ORIENTED_EDGE('',*,*,#5512,.T.);
#7194=ORIENTED_EDGE('',*,*,#4953,.F.);
#7195=ORIENTED_EDGE('',*,*,#5512,.F.);
#7196=ORIENTED_EDGE('',*,*,#5427,.F.);
#7197=ORIENTED_EDGE('',*,*,#5513,.T.);
#7198=ORIENTED_EDGE('',*,*,#4954,.F.);
#7199=ORIENTED_EDGE('',*,*,#5513,.F.);
#7200=ORIENTED_EDGE('',*,*,#5426,.F.);
#7201=ORIENTED_EDGE('',*,*,#5514,.T.);
#7202=ORIENTED_EDGE('',*,*,#4955,.F.);
#7203=ORIENTED_EDGE('',*,*,#5514,.F.);
#7204=ORIENTED_EDGE('',*,*,#5110,.F.);
#7205=ORIENTED_EDGE('',*,*,#5515,.T.);
#7206=ORIENTED_EDGE('',*,*,#5259,.F.);
#7207=ORIENTED_EDGE('',*,*,#5515,.F.);
#7208=ORIENTED_EDGE('',*,*,#5425,.F.);
#7209=ORIENTED_EDGE('',*,*,#5516,.T.);
#7210=ORIENTED_EDGE('',*,*,#4956,.F.);
#7211=ORIENTED_EDGE('',*,*,#5516,.F.);
#7212=ORIENTED_EDGE('',*,*,#5424,.F.);
#7213=ORIENTED_EDGE('',*,*,#5517,.T.);
#7214=ORIENTED_EDGE('',*,*,#4957,.F.);
#7215=ORIENTED_EDGE('',*,*,#5517,.F.);
#7216=ORIENTED_EDGE('',*,*,#5111,.F.);
#7217=ORIENTED_EDGE('',*,*,#5518,.T.);
#7218=ORIENTED_EDGE('',*,*,#5423,.F.);
#7219=ORIENTED_EDGE('',*,*,#5519,.T.);
#7220=ORIENTED_EDGE('',*,*,#4958,.F.);
#7221=ORIENTED_EDGE('',*,*,#5519,.F.);
#7222=ORIENTED_EDGE('',*,*,#5112,.F.);
#7223=ORIENTED_EDGE('',*,*,#5518,.F.);
#7224=ORIENTED_EDGE('',*,*,#5113,.F.);
#7225=ORIENTED_EDGE('',*,*,#5520,.T.);
#7226=ORIENTED_EDGE('',*,*,#5260,.F.);
#7227=ORIENTED_EDGE('',*,*,#5520,.F.);
#7228=ORIENTED_EDGE('',*,*,#5422,.F.);
#7229=ORIENTED_EDGE('',*,*,#5521,.T.);
#7230=ORIENTED_EDGE('',*,*,#4959,.F.);
#7231=ORIENTED_EDGE('',*,*,#5521,.F.);
#7232=ORIENTED_EDGE('',*,*,#5114,.F.);
#7233=ORIENTED_EDGE('',*,*,#5522,.T.);
#7234=ORIENTED_EDGE('',*,*,#5261,.F.);
#7235=ORIENTED_EDGE('',*,*,#5522,.F.);
#7236=ORIENTED_EDGE('',*,*,#5421,.F.);
#7237=ORIENTED_EDGE('',*,*,#5523,.T.);
#7238=ORIENTED_EDGE('',*,*,#4960,.F.);
#7239=ORIENTED_EDGE('',*,*,#5523,.F.);
#7240=ORIENTED_EDGE('',*,*,#5420,.F.);
#7241=ORIENTED_EDGE('',*,*,#5524,.T.);
#7242=ORIENTED_EDGE('',*,*,#4961,.F.);
#7243=ORIENTED_EDGE('',*,*,#5524,.F.);
#7244=ORIENTED_EDGE('',*,*,#5115,.F.);
#7245=ORIENTED_EDGE('',*,*,#5525,.T.);
#7246=ORIENTED_EDGE('',*,*,#5262,.F.);
#7247=ORIENTED_EDGE('',*,*,#5525,.F.);
#7248=ORIENTED_EDGE('',*,*,#5419,.F.);
#7249=ORIENTED_EDGE('',*,*,#5526,.T.);
#7250=ORIENTED_EDGE('',*,*,#4962,.F.);
#7251=ORIENTED_EDGE('',*,*,#5526,.F.);
#7252=ORIENTED_EDGE('',*,*,#5418,.F.);
#7253=ORIENTED_EDGE('',*,*,#5527,.T.);
#7254=ORIENTED_EDGE('',*,*,#4963,.F.);
#7255=ORIENTED_EDGE('',*,*,#5527,.F.);
#7256=ORIENTED_EDGE('',*,*,#5417,.F.);
#7257=ORIENTED_EDGE('',*,*,#5528,.T.);
#7258=ORIENTED_EDGE('',*,*,#4964,.F.);
#7259=ORIENTED_EDGE('',*,*,#5528,.F.);
#7260=ORIENTED_EDGE('',*,*,#5116,.F.);
#7261=ORIENTED_EDGE('',*,*,#5529,.T.);
#7262=ORIENTED_EDGE('',*,*,#5263,.F.);
#7263=ORIENTED_EDGE('',*,*,#5529,.F.);
#7264=ORIENTED_EDGE('',*,*,#5416,.F.);
#7265=ORIENTED_EDGE('',*,*,#5530,.T.);
#7266=ORIENTED_EDGE('',*,*,#4965,.F.);
#7267=ORIENTED_EDGE('',*,*,#5530,.F.);
#7268=ORIENTED_EDGE('',*,*,#5117,.F.);
#7269=ORIENTED_EDGE('',*,*,#5531,.T.);
#7270=ORIENTED_EDGE('',*,*,#5264,.F.);
#7271=ORIENTED_EDGE('',*,*,#5531,.F.);
#7272=ORIENTED_EDGE('',*,*,#5415,.F.);
#7273=ORIENTED_EDGE('',*,*,#5532,.T.);
#7274=ORIENTED_EDGE('',*,*,#4966,.F.);
#7275=ORIENTED_EDGE('',*,*,#5532,.F.);
#7276=ORIENTED_EDGE('',*,*,#5118,.F.);
#7277=ORIENTED_EDGE('',*,*,#5533,.T.);
#7278=ORIENTED_EDGE('',*,*,#5414,.F.);
#7279=ORIENTED_EDGE('',*,*,#5534,.T.);
#7280=ORIENTED_EDGE('',*,*,#4967,.F.);
#7281=ORIENTED_EDGE('',*,*,#5534,.F.);
#7282=ORIENTED_EDGE('',*,*,#5119,.F.);
#7283=ORIENTED_EDGE('',*,*,#5533,.F.);
#7284=ORIENTED_EDGE('',*,*,#5120,.F.);
#7285=ORIENTED_EDGE('',*,*,#5535,.T.);
#7286=ORIENTED_EDGE('',*,*,#5413,.F.);
#7287=ORIENTED_EDGE('',*,*,#5536,.T.);
#7288=ORIENTED_EDGE('',*,*,#4968,.F.);
#7289=ORIENTED_EDGE('',*,*,#5536,.F.);
#7290=ORIENTED_EDGE('',*,*,#5121,.F.);
#7291=ORIENTED_EDGE('',*,*,#5535,.F.);
#7292=ORIENTED_EDGE('',*,*,#5122,.F.);
#7293=ORIENTED_EDGE('',*,*,#5537,.T.);
#7294=ORIENTED_EDGE('',*,*,#5265,.F.);
#7295=ORIENTED_EDGE('',*,*,#5537,.F.);
#7296=ORIENTED_EDGE('',*,*,#5412,.F.);
#7297=ORIENTED_EDGE('',*,*,#5538,.T.);
#7298=ORIENTED_EDGE('',*,*,#4969,.F.);
#7299=ORIENTED_EDGE('',*,*,#5538,.F.);
#7300=ORIENTED_EDGE('',*,*,#5411,.F.);
#7301=ORIENTED_EDGE('',*,*,#5539,.T.);
#7302=ORIENTED_EDGE('',*,*,#4970,.F.);
#7303=ORIENTED_EDGE('',*,*,#5539,.F.);
#7304=ORIENTED_EDGE('',*,*,#5123,.F.);
#7305=ORIENTED_EDGE('',*,*,#5540,.T.);
#7306=ORIENTED_EDGE('',*,*,#5266,.F.);
#7307=ORIENTED_EDGE('',*,*,#5540,.F.);
#7308=ORIENTED_EDGE('',*,*,#5410,.F.);
#7309=ORIENTED_EDGE('',*,*,#5541,.T.);
#7310=ORIENTED_EDGE('',*,*,#4971,.F.);
#7311=ORIENTED_EDGE('',*,*,#5541,.F.);
#7312=ORIENTED_EDGE('',*,*,#5409,.F.);
#7313=ORIENTED_EDGE('',*,*,#5542,.T.);
#7314=ORIENTED_EDGE('',*,*,#4972,.F.);
#7315=ORIENTED_EDGE('',*,*,#5542,.F.);
#7316=ORIENTED_EDGE('',*,*,#5408,.F.);
#7317=ORIENTED_EDGE('',*,*,#5543,.T.);
#7318=ORIENTED_EDGE('',*,*,#4973,.F.);
#7319=ORIENTED_EDGE('',*,*,#5543,.F.);
#7320=ORIENTED_EDGE('',*,*,#5407,.F.);
#7321=ORIENTED_EDGE('',*,*,#5544,.T.);
#7322=ORIENTED_EDGE('',*,*,#4974,.F.);
#7323=ORIENTED_EDGE('',*,*,#5544,.F.);
#7324=ORIENTED_EDGE('',*,*,#5124,.F.);
#7325=ORIENTED_EDGE('',*,*,#5545,.T.);
#7326=ORIENTED_EDGE('',*,*,#5267,.F.);
#7327=ORIENTED_EDGE('',*,*,#5545,.F.);
#7328=ORIENTED_EDGE('',*,*,#5406,.F.);
#7329=ORIENTED_EDGE('',*,*,#5546,.T.);
#7330=ORIENTED_EDGE('',*,*,#4975,.F.);
#7331=ORIENTED_EDGE('',*,*,#5546,.F.);
#7332=ORIENTED_EDGE('',*,*,#5125,.F.);
#7333=ORIENTED_EDGE('',*,*,#5547,.T.);
#7334=ORIENTED_EDGE('',*,*,#5268,.F.);
#7335=ORIENTED_EDGE('',*,*,#5547,.F.);
#7336=ORIENTED_EDGE('',*,*,#5405,.F.);
#7337=ORIENTED_EDGE('',*,*,#5548,.T.);
#7338=ORIENTED_EDGE('',*,*,#4976,.F.);
#7339=ORIENTED_EDGE('',*,*,#5548,.F.);
#7340=ORIENTED_EDGE('',*,*,#5404,.F.);
#7341=ORIENTED_EDGE('',*,*,#5549,.T.);
#7342=ORIENTED_EDGE('',*,*,#4977,.F.);
#7343=ORIENTED_EDGE('',*,*,#5549,.F.);
#7344=ORIENTED_EDGE('',*,*,#5126,.F.);
#7345=ORIENTED_EDGE('',*,*,#5550,.T.);
#7346=ORIENTED_EDGE('',*,*,#5269,.F.);
#7347=ORIENTED_EDGE('',*,*,#5550,.F.);
#7348=ORIENTED_EDGE('',*,*,#5403,.F.);
#7349=ORIENTED_EDGE('',*,*,#5551,.T.);
#7350=ORIENTED_EDGE('',*,*,#4978,.F.);
#7351=ORIENTED_EDGE('',*,*,#5551,.F.);
#7352=ORIENTED_EDGE('',*,*,#5127,.F.);
#7353=ORIENTED_EDGE('',*,*,#5552,.T.);
#7354=ORIENTED_EDGE('',*,*,#5402,.F.);
#7355=ORIENTED_EDGE('',*,*,#5553,.T.);
#7356=ORIENTED_EDGE('',*,*,#4979,.F.);
#7357=ORIENTED_EDGE('',*,*,#5553,.F.);
#7358=ORIENTED_EDGE('',*,*,#5128,.F.);
#7359=ORIENTED_EDGE('',*,*,#5552,.F.);
#7360=ORIENTED_EDGE('',*,*,#5129,.F.);
#7361=ORIENTED_EDGE('',*,*,#5554,.T.);
#7362=ORIENTED_EDGE('',*,*,#5270,.F.);
#7363=ORIENTED_EDGE('',*,*,#5554,.F.);
#7364=ORIENTED_EDGE('',*,*,#5401,.F.);
#7365=ORIENTED_EDGE('',*,*,#5555,.T.);
#7366=ORIENTED_EDGE('',*,*,#4980,.F.);
#7367=ORIENTED_EDGE('',*,*,#5555,.F.);
#7368=ORIENTED_EDGE('',*,*,#5130,.F.);
#7369=ORIENTED_EDGE('',*,*,#5556,.T.);
#7370=ORIENTED_EDGE('',*,*,#5271,.F.);
#7371=ORIENTED_EDGE('',*,*,#5556,.F.);
#7372=ORIENTED_EDGE('',*,*,#5400,.F.);
#7373=ORIENTED_EDGE('',*,*,#5557,.T.);
#7374=ORIENTED_EDGE('',*,*,#4981,.F.);
#7375=ORIENTED_EDGE('',*,*,#5557,.F.);
#7376=ORIENTED_EDGE('',*,*,#5131,.F.);
#7377=ORIENTED_EDGE('',*,*,#5558,.T.);
#7378=ORIENTED_EDGE('',*,*,#5272,.F.);
#7379=ORIENTED_EDGE('',*,*,#5558,.F.);
#7380=ORIENTED_EDGE('',*,*,#5399,.F.);
#7381=ORIENTED_EDGE('',*,*,#5559,.T.);
#7382=ORIENTED_EDGE('',*,*,#4982,.F.);
#7383=ORIENTED_EDGE('',*,*,#5559,.F.);
#7384=ORIENTED_EDGE('',*,*,#5132,.F.);
#7385=ORIENTED_EDGE('',*,*,#5560,.T.);
#7386=ORIENTED_EDGE('',*,*,#5273,.F.);
#7387=ORIENTED_EDGE('',*,*,#5560,.F.);
#7388=ORIENTED_EDGE('',*,*,#5398,.F.);
#7389=ORIENTED_EDGE('',*,*,#5561,.T.);
#7390=ORIENTED_EDGE('',*,*,#4983,.F.);
#7391=ORIENTED_EDGE('',*,*,#5561,.F.);
#7392=ORIENTED_EDGE('',*,*,#5397,.F.);
#7393=ORIENTED_EDGE('',*,*,#5562,.T.);
#7394=ORIENTED_EDGE('',*,*,#4984,.F.);
#7395=ORIENTED_EDGE('',*,*,#5562,.F.);
#7396=ORIENTED_EDGE('',*,*,#5133,.F.);
#7397=ORIENTED_EDGE('',*,*,#5563,.T.);
#7398=ORIENTED_EDGE('',*,*,#5396,.F.);
#7399=ORIENTED_EDGE('',*,*,#5564,.T.);
#7400=ORIENTED_EDGE('',*,*,#4985,.F.);
#7401=ORIENTED_EDGE('',*,*,#5564,.F.);
#7402=ORIENTED_EDGE('',*,*,#5134,.F.);
#7403=ORIENTED_EDGE('',*,*,#5563,.F.);
#7404=ORIENTED_EDGE('',*,*,#5135,.F.);
#7405=ORIENTED_EDGE('',*,*,#5565,.T.);
#7406=ORIENTED_EDGE('',*,*,#5395,.F.);
#7407=ORIENTED_EDGE('',*,*,#5566,.T.);
#7408=ORIENTED_EDGE('',*,*,#4986,.F.);
#7409=ORIENTED_EDGE('',*,*,#5566,.F.);
#7410=ORIENTED_EDGE('',*,*,#5136,.F.);
#7411=ORIENTED_EDGE('',*,*,#5565,.F.);
#7412=ORIENTED_EDGE('',*,*,#5137,.F.);
#7413=ORIENTED_EDGE('',*,*,#5567,.T.);
#7414=ORIENTED_EDGE('',*,*,#5394,.F.);
#7415=ORIENTED_EDGE('',*,*,#5568,.T.);
#7416=ORIENTED_EDGE('',*,*,#4987,.F.);
#7417=ORIENTED_EDGE('',*,*,#5568,.F.);
#7418=ORIENTED_EDGE('',*,*,#5138,.F.);
#7419=ORIENTED_EDGE('',*,*,#5567,.F.);
#7420=ORIENTED_EDGE('',*,*,#5139,.F.);
#7421=ORIENTED_EDGE('',*,*,#5569,.T.);
#7422=ORIENTED_EDGE('',*,*,#5274,.F.);
#7423=ORIENTED_EDGE('',*,*,#5569,.F.);
#7424=ORIENTED_EDGE('',*,*,#5393,.F.);
#7425=ORIENTED_EDGE('',*,*,#5570,.T.);
#7426=ORIENTED_EDGE('',*,*,#4988,.F.);
#7427=ORIENTED_EDGE('',*,*,#5570,.F.);
#7428=ORIENTED_EDGE('',*,*,#5140,.F.);
#7429=ORIENTED_EDGE('',*,*,#5571,.T.);
#7430=ORIENTED_EDGE('',*,*,#5275,.F.);
#7431=ORIENTED_EDGE('',*,*,#5571,.F.);
#7432=ORIENTED_EDGE('',*,*,#5392,.F.);
#7433=ORIENTED_EDGE('',*,*,#5572,.T.);
#7434=ORIENTED_EDGE('',*,*,#4989,.F.);
#7435=ORIENTED_EDGE('',*,*,#5572,.F.);
#7436=ORIENTED_EDGE('',*,*,#5141,.F.);
#7437=ORIENTED_EDGE('',*,*,#5573,.T.);
#7438=ORIENTED_EDGE('',*,*,#5276,.F.);
#7439=ORIENTED_EDGE('',*,*,#5573,.F.);
#7440=ORIENTED_EDGE('',*,*,#5391,.F.);
#7441=ORIENTED_EDGE('',*,*,#5574,.T.);
#7442=ORIENTED_EDGE('',*,*,#4990,.F.);
#7443=ORIENTED_EDGE('',*,*,#5574,.F.);
#7444=ORIENTED_EDGE('',*,*,#5142,.F.);
#7445=ORIENTED_EDGE('',*,*,#5575,.T.);
#7446=ORIENTED_EDGE('',*,*,#5390,.F.);
#7447=ORIENTED_EDGE('',*,*,#5576,.T.);
#7448=ORIENTED_EDGE('',*,*,#4991,.F.);
#7449=ORIENTED_EDGE('',*,*,#5576,.F.);
#7450=ORIENTED_EDGE('',*,*,#5143,.F.);
#7451=ORIENTED_EDGE('',*,*,#5575,.F.);
#7452=ORIENTED_EDGE('',*,*,#5144,.F.);
#7453=ORIENTED_EDGE('',*,*,#5577,.T.);
#7454=ORIENTED_EDGE('',*,*,#5277,.F.);
#7455=ORIENTED_EDGE('',*,*,#5577,.F.);
#7456=ORIENTED_EDGE('',*,*,#5389,.F.);
#7457=ORIENTED_EDGE('',*,*,#5578,.T.);
#7458=ORIENTED_EDGE('',*,*,#4992,.F.);
#7459=ORIENTED_EDGE('',*,*,#5578,.F.);
#7460=ORIENTED_EDGE('',*,*,#5145,.F.);
#7461=ORIENTED_EDGE('',*,*,#5579,.T.);
#7462=ORIENTED_EDGE('',*,*,#5278,.F.);
#7463=ORIENTED_EDGE('',*,*,#5579,.F.);
#7464=ORIENTED_EDGE('',*,*,#5388,.F.);
#7465=ORIENTED_EDGE('',*,*,#5580,.T.);
#7466=ORIENTED_EDGE('',*,*,#4993,.F.);
#7467=ORIENTED_EDGE('',*,*,#5580,.F.);
#7468=ORIENTED_EDGE('',*,*,#5146,.F.);
#7469=ORIENTED_EDGE('',*,*,#5581,.T.);
#7470=ORIENTED_EDGE('',*,*,#5387,.F.);
#7471=ORIENTED_EDGE('',*,*,#5582,.T.);
#7472=ORIENTED_EDGE('',*,*,#4994,.F.);
#7473=ORIENTED_EDGE('',*,*,#5582,.F.);
#7474=ORIENTED_EDGE('',*,*,#5147,.F.);
#7475=ORIENTED_EDGE('',*,*,#5581,.F.);
#7476=ORIENTED_EDGE('',*,*,#5148,.F.);
#7477=ORIENTED_EDGE('',*,*,#5583,.T.);
#7478=ORIENTED_EDGE('',*,*,#5279,.F.);
#7479=ORIENTED_EDGE('',*,*,#5583,.F.);
#7480=ORIENTED_EDGE('',*,*,#5386,.F.);
#7481=ORIENTED_EDGE('',*,*,#5584,.T.);
#7482=ORIENTED_EDGE('',*,*,#4995,.F.);
#7483=ORIENTED_EDGE('',*,*,#5584,.F.);
#7484=ORIENTED_EDGE('',*,*,#5149,.F.);
#7485=ORIENTED_EDGE('',*,*,#5585,.T.);
#7486=ORIENTED_EDGE('',*,*,#5280,.F.);
#7487=ORIENTED_EDGE('',*,*,#5585,.F.);
#7488=ORIENTED_EDGE('',*,*,#5385,.F.);
#7489=ORIENTED_EDGE('',*,*,#5586,.T.);
#7490=ORIENTED_EDGE('',*,*,#4996,.F.);
#7491=ORIENTED_EDGE('',*,*,#5586,.F.);
#7492=ORIENTED_EDGE('',*,*,#5150,.F.);
#7493=ORIENTED_EDGE('',*,*,#5587,.T.);
#7494=ORIENTED_EDGE('',*,*,#5384,.F.);
#7495=ORIENTED_EDGE('',*,*,#5588,.T.);
#7496=ORIENTED_EDGE('',*,*,#4997,.F.);
#7497=ORIENTED_EDGE('',*,*,#5588,.F.);
#7498=ORIENTED_EDGE('',*,*,#5151,.F.);
#7499=ORIENTED_EDGE('',*,*,#5587,.F.);
#7500=ORIENTED_EDGE('',*,*,#5152,.F.);
#7501=ORIENTED_EDGE('',*,*,#5589,.T.);
#7502=ORIENTED_EDGE('',*,*,#5281,.F.);
#7503=ORIENTED_EDGE('',*,*,#5589,.F.);
#7504=ORIENTED_EDGE('',*,*,#5383,.F.);
#7505=ORIENTED_EDGE('',*,*,#5590,.T.);
#7506=ORIENTED_EDGE('',*,*,#4998,.F.);
#7507=ORIENTED_EDGE('',*,*,#5590,.F.);
#7508=ORIENTED_EDGE('',*,*,#5153,.F.);
#7509=ORIENTED_EDGE('',*,*,#5591,.T.);
#7510=ORIENTED_EDGE('',*,*,#5382,.F.);
#7511=ORIENTED_EDGE('',*,*,#5592,.T.);
#7512=ORIENTED_EDGE('',*,*,#4999,.F.);
#7513=ORIENTED_EDGE('',*,*,#5592,.F.);
#7514=ORIENTED_EDGE('',*,*,#5154,.F.);
#7515=ORIENTED_EDGE('',*,*,#5591,.F.);
#7516=ORIENTED_EDGE('',*,*,#5381,.F.);
#7517=ORIENTED_EDGE('',*,*,#5593,.T.);
#7518=ORIENTED_EDGE('',*,*,#5000,.F.);
#7519=ORIENTED_EDGE('',*,*,#5593,.F.);
#7520=ORIENTED_EDGE('',*,*,#5155,.F.);
#7521=ORIENTED_EDGE('',*,*,#5594,.T.);
#7522=ORIENTED_EDGE('',*,*,#5380,.F.);
#7523=ORIENTED_EDGE('',*,*,#5595,.T.);
#7524=ORIENTED_EDGE('',*,*,#5001,.F.);
#7525=ORIENTED_EDGE('',*,*,#5595,.F.);
#7526=ORIENTED_EDGE('',*,*,#5156,.F.);
#7527=ORIENTED_EDGE('',*,*,#5594,.F.);
#7528=ORIENTED_EDGE('',*,*,#5157,.F.);
#7529=ORIENTED_EDGE('',*,*,#5596,.T.);
#7530=ORIENTED_EDGE('',*,*,#5282,.F.);
#7531=ORIENTED_EDGE('',*,*,#5596,.F.);
#7532=ORIENTED_EDGE('',*,*,#5379,.F.);
#7533=ORIENTED_EDGE('',*,*,#5597,.T.);
#7534=ORIENTED_EDGE('',*,*,#5002,.F.);
#7535=ORIENTED_EDGE('',*,*,#5597,.F.);
#7536=ORIENTED_EDGE('',*,*,#5158,.F.);
#7537=ORIENTED_EDGE('',*,*,#5598,.T.);
#7538=ORIENTED_EDGE('',*,*,#5283,.F.);
#7539=ORIENTED_EDGE('',*,*,#5598,.F.);
#7540=ORIENTED_EDGE('',*,*,#5378,.F.);
#7541=ORIENTED_EDGE('',*,*,#5599,.T.);
#7542=ORIENTED_EDGE('',*,*,#5003,.F.);
#7543=ORIENTED_EDGE('',*,*,#5599,.F.);
#7544=ORIENTED_EDGE('',*,*,#5159,.F.);
#7545=ORIENTED_EDGE('',*,*,#5600,.T.);
#7546=ORIENTED_EDGE('',*,*,#5377,.F.);
#7547=ORIENTED_EDGE('',*,*,#5601,.T.);
#7548=ORIENTED_EDGE('',*,*,#5004,.F.);
#7549=ORIENTED_EDGE('',*,*,#5601,.F.);
#7550=ORIENTED_EDGE('',*,*,#5160,.F.);
#7551=ORIENTED_EDGE('',*,*,#5600,.F.);
#7552=ORIENTED_EDGE('',*,*,#5161,.F.);
#7553=ORIENTED_EDGE('',*,*,#5602,.T.);
#7554=ORIENTED_EDGE('',*,*,#5284,.F.);
#7555=ORIENTED_EDGE('',*,*,#5602,.F.);
#7556=ORIENTED_EDGE('',*,*,#5376,.F.);
#7557=ORIENTED_EDGE('',*,*,#5603,.T.);
#7558=ORIENTED_EDGE('',*,*,#5005,.F.);
#7559=ORIENTED_EDGE('',*,*,#5603,.F.);
#7560=ORIENTED_EDGE('',*,*,#5162,.F.);
#7561=ORIENTED_EDGE('',*,*,#5604,.T.);
#7562=ORIENTED_EDGE('',*,*,#5375,.F.);
#7563=ORIENTED_EDGE('',*,*,#5605,.T.);
#7564=ORIENTED_EDGE('',*,*,#5006,.F.);
#7565=ORIENTED_EDGE('',*,*,#5605,.F.);
#7566=ORIENTED_EDGE('',*,*,#5163,.F.);
#7567=ORIENTED_EDGE('',*,*,#5604,.F.);
#7568=ORIENTED_EDGE('',*,*,#5164,.F.);
#7569=ORIENTED_EDGE('',*,*,#5606,.T.);
#7570=ORIENTED_EDGE('',*,*,#5285,.F.);
#7571=ORIENTED_EDGE('',*,*,#5606,.F.);
#7572=ORIENTED_EDGE('',*,*,#5374,.F.);
#7573=ORIENTED_EDGE('',*,*,#5607,.T.);
#7574=ORIENTED_EDGE('',*,*,#5007,.F.);
#7575=ORIENTED_EDGE('',*,*,#5607,.F.);
#7576=ORIENTED_EDGE('',*,*,#5165,.F.);
#7577=ORIENTED_EDGE('',*,*,#5608,.T.);
#7578=ORIENTED_EDGE('',*,*,#5286,.F.);
#7579=ORIENTED_EDGE('',*,*,#5608,.F.);
#7580=ORIENTED_EDGE('',*,*,#5373,.F.);
#7581=ORIENTED_EDGE('',*,*,#5609,.T.);
#7582=ORIENTED_EDGE('',*,*,#5008,.F.);
#7583=ORIENTED_EDGE('',*,*,#5609,.F.);
#7584=ORIENTED_EDGE('',*,*,#5372,.F.);
#7585=ORIENTED_EDGE('',*,*,#5610,.T.);
#7586=ORIENTED_EDGE('',*,*,#5009,.F.);
#7587=ORIENTED_EDGE('',*,*,#5610,.F.);
#7588=ORIENTED_EDGE('',*,*,#5166,.F.);
#7589=ORIENTED_EDGE('',*,*,#5611,.T.);
#7590=ORIENTED_EDGE('',*,*,#5287,.F.);
#7591=ORIENTED_EDGE('',*,*,#5611,.F.);
#7592=ORIENTED_EDGE('',*,*,#5371,.F.);
#7593=ORIENTED_EDGE('',*,*,#5612,.T.);
#7594=ORIENTED_EDGE('',*,*,#5010,.F.);
#7595=ORIENTED_EDGE('',*,*,#5612,.F.);
#7596=ORIENTED_EDGE('',*,*,#5167,.F.);
#7597=ORIENTED_EDGE('',*,*,#5613,.T.);
#7598=ORIENTED_EDGE('',*,*,#5288,.F.);
#7599=ORIENTED_EDGE('',*,*,#5613,.F.);
#7600=ORIENTED_EDGE('',*,*,#5370,.F.);
#7601=ORIENTED_EDGE('',*,*,#5614,.T.);
#7602=ORIENTED_EDGE('',*,*,#5011,.F.);
#7603=ORIENTED_EDGE('',*,*,#5614,.F.);
#7604=ORIENTED_EDGE('',*,*,#5168,.F.);
#7605=ORIENTED_EDGE('',*,*,#5615,.T.);
#7606=ORIENTED_EDGE('',*,*,#5289,.F.);
#7607=ORIENTED_EDGE('',*,*,#5615,.F.);
#7608=ORIENTED_EDGE('',*,*,#5369,.F.);
#7609=ORIENTED_EDGE('',*,*,#5616,.T.);
#7610=ORIENTED_EDGE('',*,*,#5012,.F.);
#7611=ORIENTED_EDGE('',*,*,#5616,.F.);
#7612=ORIENTED_EDGE('',*,*,#5169,.F.);
#7613=ORIENTED_EDGE('',*,*,#5617,.T.);
#7614=ORIENTED_EDGE('',*,*,#5290,.F.);
#7615=ORIENTED_EDGE('',*,*,#5617,.F.);
#7616=ORIENTED_EDGE('',*,*,#5368,.F.);
#7617=ORIENTED_EDGE('',*,*,#5618,.T.);
#7618=ORIENTED_EDGE('',*,*,#5013,.F.);
#7619=ORIENTED_EDGE('',*,*,#5618,.F.);
#7620=ORIENTED_EDGE('',*,*,#5170,.F.);
#7621=ORIENTED_EDGE('',*,*,#5619,.T.);
#7622=ORIENTED_EDGE('',*,*,#5291,.F.);
#7623=ORIENTED_EDGE('',*,*,#5619,.F.);
#7624=ORIENTED_EDGE('',*,*,#5367,.F.);
#7625=ORIENTED_EDGE('',*,*,#5620,.T.);
#7626=ORIENTED_EDGE('',*,*,#5014,.F.);
#7627=ORIENTED_EDGE('',*,*,#5620,.F.);
#7628=ORIENTED_EDGE('',*,*,#5366,.F.);
#7629=ORIENTED_EDGE('',*,*,#5621,.T.);
#7630=ORIENTED_EDGE('',*,*,#5015,.F.);
#7631=ORIENTED_EDGE('',*,*,#5621,.F.);
#7632=ORIENTED_EDGE('',*,*,#5365,.F.);
#7633=ORIENTED_EDGE('',*,*,#5622,.T.);
#7634=ORIENTED_EDGE('',*,*,#5016,.F.);
#7635=ORIENTED_EDGE('',*,*,#5622,.F.);
#7636=ORIENTED_EDGE('',*,*,#5171,.F.);
#7637=ORIENTED_EDGE('',*,*,#5623,.T.);
#7638=ORIENTED_EDGE('',*,*,#5292,.F.);
#7639=ORIENTED_EDGE('',*,*,#5623,.F.);
#7640=ORIENTED_EDGE('',*,*,#5364,.F.);
#7641=ORIENTED_EDGE('',*,*,#5624,.T.);
#7642=ORIENTED_EDGE('',*,*,#5017,.F.);
#7643=ORIENTED_EDGE('',*,*,#5624,.F.);
#7644=ORIENTED_EDGE('',*,*,#5172,.F.);
#7645=ORIENTED_EDGE('',*,*,#5625,.T.);
#7646=ORIENTED_EDGE('',*,*,#5293,.F.);
#7647=ORIENTED_EDGE('',*,*,#5625,.F.);
#7648=ORIENTED_EDGE('',*,*,#5363,.F.);
#7649=ORIENTED_EDGE('',*,*,#5626,.T.);
#7650=ORIENTED_EDGE('',*,*,#5018,.F.);
#7651=ORIENTED_EDGE('',*,*,#5626,.F.);
#7652=ORIENTED_EDGE('',*,*,#5362,.F.);
#7653=ORIENTED_EDGE('',*,*,#5627,.T.);
#7654=ORIENTED_EDGE('',*,*,#5019,.F.);
#7655=ORIENTED_EDGE('',*,*,#5627,.F.);
#7656=ORIENTED_EDGE('',*,*,#5173,.F.);
#7657=ORIENTED_EDGE('',*,*,#5628,.T.);
#7658=ORIENTED_EDGE('',*,*,#5294,.F.);
#7659=ORIENTED_EDGE('',*,*,#5628,.F.);
#7660=ORIENTED_EDGE('',*,*,#5361,.F.);
#7661=ORIENTED_EDGE('',*,*,#5629,.T.);
#7662=ORIENTED_EDGE('',*,*,#5020,.F.);
#7663=ORIENTED_EDGE('',*,*,#5629,.F.);
#7664=ORIENTED_EDGE('',*,*,#5360,.F.);
#7665=ORIENTED_EDGE('',*,*,#5630,.T.);
#7666=ORIENTED_EDGE('',*,*,#5021,.F.);
#7667=ORIENTED_EDGE('',*,*,#5630,.F.);
#7668=ORIENTED_EDGE('',*,*,#5174,.F.);
#7669=ORIENTED_EDGE('',*,*,#5631,.T.);
#7670=ORIENTED_EDGE('',*,*,#5295,.F.);
#7671=ORIENTED_EDGE('',*,*,#5631,.F.);
#7672=ORIENTED_EDGE('',*,*,#5359,.F.);
#7673=ORIENTED_EDGE('',*,*,#5632,.T.);
#7674=ORIENTED_EDGE('',*,*,#5022,.F.);
#7675=ORIENTED_EDGE('',*,*,#5632,.F.);
#7676=ORIENTED_EDGE('',*,*,#5358,.F.);
#7677=ORIENTED_EDGE('',*,*,#5633,.T.);
#7678=ORIENTED_EDGE('',*,*,#5023,.F.);
#7679=ORIENTED_EDGE('',*,*,#5633,.F.);
#7680=ORIENTED_EDGE('',*,*,#5175,.F.);
#7681=ORIENTED_EDGE('',*,*,#5634,.T.);
#7682=ORIENTED_EDGE('',*,*,#5357,.F.);
#7683=ORIENTED_EDGE('',*,*,#5635,.T.);
#7684=ORIENTED_EDGE('',*,*,#5024,.F.);
#7685=ORIENTED_EDGE('',*,*,#5635,.F.);
#7686=ORIENTED_EDGE('',*,*,#5176,.F.);
#7687=ORIENTED_EDGE('',*,*,#5634,.F.);
#7688=ORIENTED_EDGE('',*,*,#5177,.F.);
#7689=ORIENTED_EDGE('',*,*,#5636,.T.);
#7690=ORIENTED_EDGE('',*,*,#5296,.F.);
#7691=ORIENTED_EDGE('',*,*,#5636,.F.);
#7692=ORIENTED_EDGE('',*,*,#5356,.F.);
#7693=ORIENTED_EDGE('',*,*,#5637,.T.);
#7694=ORIENTED_EDGE('',*,*,#5025,.F.);
#7695=ORIENTED_EDGE('',*,*,#5637,.F.);
#7696=ORIENTED_EDGE('',*,*,#5178,.F.);
#7697=ORIENTED_EDGE('',*,*,#5638,.T.);
#7698=ORIENTED_EDGE('',*,*,#5297,.F.);
#7699=ORIENTED_EDGE('',*,*,#5638,.F.);
#7700=ORIENTED_EDGE('',*,*,#5355,.F.);
#7701=ORIENTED_EDGE('',*,*,#5639,.T.);
#7702=ORIENTED_EDGE('',*,*,#5026,.F.);
#7703=ORIENTED_EDGE('',*,*,#5639,.F.);
#7704=ORIENTED_EDGE('',*,*,#5354,.F.);
#7705=ORIENTED_EDGE('',*,*,#5640,.T.);
#7706=ORIENTED_EDGE('',*,*,#5027,.F.);
#7707=ORIENTED_EDGE('',*,*,#5640,.F.);
#7708=ORIENTED_EDGE('',*,*,#5353,.F.);
#7709=ORIENTED_EDGE('',*,*,#5641,.T.);
#7710=ORIENTED_EDGE('',*,*,#5028,.F.);
#7711=ORIENTED_EDGE('',*,*,#5641,.F.);
#7712=ORIENTED_EDGE('',*,*,#5352,.F.);
#7713=ORIENTED_EDGE('',*,*,#5642,.T.);
#7714=ORIENTED_EDGE('',*,*,#5029,.F.);
#7715=ORIENTED_EDGE('',*,*,#5642,.F.);
#7716=ORIENTED_EDGE('',*,*,#5351,.F.);
#7717=ORIENTED_EDGE('',*,*,#5643,.T.);
#7718=ORIENTED_EDGE('',*,*,#5030,.F.);
#7719=ORIENTED_EDGE('',*,*,#5643,.F.);
#7720=ORIENTED_EDGE('',*,*,#5350,.F.);
#7721=ORIENTED_EDGE('',*,*,#5644,.T.);
#7722=ORIENTED_EDGE('',*,*,#5031,.F.);
#7723=ORIENTED_EDGE('',*,*,#5644,.F.);
#7724=ORIENTED_EDGE('',*,*,#5179,.F.);
#7725=ORIENTED_EDGE('',*,*,#5645,.T.);
#7726=ORIENTED_EDGE('',*,*,#5298,.F.);
#7727=ORIENTED_EDGE('',*,*,#5645,.F.);
#7728=ORIENTED_EDGE('',*,*,#5349,.F.);
#7729=ORIENTED_EDGE('',*,*,#5646,.T.);
#7730=ORIENTED_EDGE('',*,*,#5032,.F.);
#7731=ORIENTED_EDGE('',*,*,#5646,.F.);
#7732=ORIENTED_EDGE('',*,*,#5180,.F.);
#7733=ORIENTED_EDGE('',*,*,#5647,.T.);
#7734=ORIENTED_EDGE('',*,*,#5299,.F.);
#7735=ORIENTED_EDGE('',*,*,#5647,.F.);
#7736=ORIENTED_EDGE('',*,*,#5348,.F.);
#7737=ORIENTED_EDGE('',*,*,#5648,.T.);
#7738=ORIENTED_EDGE('',*,*,#5033,.F.);
#7739=ORIENTED_EDGE('',*,*,#5648,.F.);
#7740=ORIENTED_EDGE('',*,*,#5181,.F.);
#7741=ORIENTED_EDGE('',*,*,#5649,.T.);
#7742=ORIENTED_EDGE('',*,*,#5300,.F.);
#7743=ORIENTED_EDGE('',*,*,#5649,.F.);
#7744=ORIENTED_EDGE('',*,*,#5347,.F.);
#7745=ORIENTED_EDGE('',*,*,#5650,.T.);
#7746=ORIENTED_EDGE('',*,*,#5034,.F.);
#7747=ORIENTED_EDGE('',*,*,#5650,.F.);
#7748=ORIENTED_EDGE('',*,*,#5182,.F.);
#7749=ORIENTED_EDGE('',*,*,#5651,.T.);
#7750=ORIENTED_EDGE('',*,*,#5301,.F.);
#7751=ORIENTED_EDGE('',*,*,#5651,.F.);
#7752=ORIENTED_EDGE('',*,*,#5346,.F.);
#7753=ORIENTED_EDGE('',*,*,#5652,.T.);
#7754=ORIENTED_EDGE('',*,*,#5035,.F.);
#7755=ORIENTED_EDGE('',*,*,#5652,.F.);
#7756=ORIENTED_EDGE('',*,*,#5183,.F.);
#7757=ORIENTED_EDGE('',*,*,#5653,.T.);
#7758=ORIENTED_EDGE('',*,*,#5302,.F.);
#7759=ORIENTED_EDGE('',*,*,#5653,.F.);
#7760=ORIENTED_EDGE('',*,*,#5345,.F.);
#7761=ORIENTED_EDGE('',*,*,#5654,.T.);
#7762=ORIENTED_EDGE('',*,*,#5036,.F.);
#7763=ORIENTED_EDGE('',*,*,#5654,.F.);
#7764=ORIENTED_EDGE('',*,*,#5184,.F.);
#7765=ORIENTED_EDGE('',*,*,#5655,.T.);
#7766=ORIENTED_EDGE('',*,*,#5303,.F.);
#7767=ORIENTED_EDGE('',*,*,#5655,.F.);
#7768=ORIENTED_EDGE('',*,*,#5344,.F.);
#7769=ORIENTED_EDGE('',*,*,#5656,.T.);
#7770=ORIENTED_EDGE('',*,*,#5037,.F.);
#7771=ORIENTED_EDGE('',*,*,#5656,.F.);
#7772=ORIENTED_EDGE('',*,*,#5343,.F.);
#7773=ORIENTED_EDGE('',*,*,#5657,.T.);
#7774=ORIENTED_EDGE('',*,*,#5038,.F.);
#7775=ORIENTED_EDGE('',*,*,#5657,.F.);
#7776=ORIENTED_EDGE('',*,*,#5185,.F.);
#7777=ORIENTED_EDGE('',*,*,#5658,.T.);
#7778=ORIENTED_EDGE('',*,*,#5304,.F.);
#7779=ORIENTED_EDGE('',*,*,#5658,.F.);
#7780=ORIENTED_EDGE('',*,*,#5342,.F.);
#7781=ORIENTED_EDGE('',*,*,#5659,.T.);
#7782=ORIENTED_EDGE('',*,*,#5039,.F.);
#7783=ORIENTED_EDGE('',*,*,#5659,.F.);
#7784=ORIENTED_EDGE('',*,*,#5186,.F.);
#7785=ORIENTED_EDGE('',*,*,#5660,.T.);
#7786=ORIENTED_EDGE('',*,*,#5341,.F.);
#7787=ORIENTED_EDGE('',*,*,#5661,.T.);
#7788=ORIENTED_EDGE('',*,*,#5040,.F.);
#7789=ORIENTED_EDGE('',*,*,#5661,.F.);
#7790=ORIENTED_EDGE('',*,*,#5187,.F.);
#7791=ORIENTED_EDGE('',*,*,#5660,.F.);
#7792=ORIENTED_EDGE('',*,*,#5188,.F.);
#7793=ORIENTED_EDGE('',*,*,#5662,.T.);
#7794=ORIENTED_EDGE('',*,*,#5340,.F.);
#7795=ORIENTED_EDGE('',*,*,#5663,.T.);
#7796=ORIENTED_EDGE('',*,*,#5041,.F.);
#7797=ORIENTED_EDGE('',*,*,#5663,.F.);
#7798=ORIENTED_EDGE('',*,*,#5189,.F.);
#7799=ORIENTED_EDGE('',*,*,#5662,.F.);
#7800=ORIENTED_EDGE('',*,*,#5339,.F.);
#7801=ORIENTED_EDGE('',*,*,#5664,.T.);
#7802=ORIENTED_EDGE('',*,*,#5042,.F.);
#7803=ORIENTED_EDGE('',*,*,#5664,.F.);
#7804=ORIENTED_EDGE('',*,*,#5338,.F.);
#7805=ORIENTED_EDGE('',*,*,#5665,.T.);
#7806=ORIENTED_EDGE('',*,*,#5043,.F.);
#7807=ORIENTED_EDGE('',*,*,#5665,.F.);
#7808=ORIENTED_EDGE('',*,*,#5190,.F.);
#7809=ORIENTED_EDGE('',*,*,#5666,.T.);
#7810=ORIENTED_EDGE('',*,*,#5305,.F.);
#7811=ORIENTED_EDGE('',*,*,#5666,.F.);
#7812=ORIENTED_EDGE('',*,*,#5337,.F.);
#7813=ORIENTED_EDGE('',*,*,#5667,.T.);
#7814=ORIENTED_EDGE('',*,*,#5044,.F.);
#7815=ORIENTED_EDGE('',*,*,#5667,.F.);
#7816=ORIENTED_EDGE('',*,*,#5191,.F.);
#7817=ORIENTED_EDGE('',*,*,#5668,.T.);
#7818=ORIENTED_EDGE('',*,*,#5306,.F.);
#7819=ORIENTED_EDGE('',*,*,#5668,.F.);
#7820=ORIENTED_EDGE('',*,*,#5336,.F.);
#7821=ORIENTED_EDGE('',*,*,#5669,.T.);
#7822=ORIENTED_EDGE('',*,*,#5045,.F.);
#7823=ORIENTED_EDGE('',*,*,#5669,.F.);
#7824=ORIENTED_EDGE('',*,*,#5335,.F.);
#7825=ORIENTED_EDGE('',*,*,#5670,.T.);
#7826=ORIENTED_EDGE('',*,*,#5046,.F.);
#7827=ORIENTED_EDGE('',*,*,#5670,.F.);
#7828=ORIENTED_EDGE('',*,*,#5192,.F.);
#7829=ORIENTED_EDGE('',*,*,#5671,.T.);
#7830=ORIENTED_EDGE('',*,*,#5334,.F.);
#7831=ORIENTED_EDGE('',*,*,#5672,.T.);
#7832=ORIENTED_EDGE('',*,*,#5047,.F.);
#7833=ORIENTED_EDGE('',*,*,#5672,.F.);
#7834=ORIENTED_EDGE('',*,*,#5193,.F.);
#7835=ORIENTED_EDGE('',*,*,#5671,.F.);
#7836=ORIENTED_EDGE('',*,*,#5194,.F.);
#7837=ORIENTED_EDGE('',*,*,#5673,.T.);
#7838=ORIENTED_EDGE('',*,*,#5333,.F.);
#7839=ORIENTED_EDGE('',*,*,#5674,.T.);
#7840=ORIENTED_EDGE('',*,*,#5048,.F.);
#7841=ORIENTED_EDGE('',*,*,#5674,.F.);
#7842=ORIENTED_EDGE('',*,*,#5195,.F.);
#7843=ORIENTED_EDGE('',*,*,#5673,.F.);
#7844=ORIENTED_EDGE('',*,*,#5332,.F.);
#7845=ORIENTED_EDGE('',*,*,#5675,.T.);
#7846=ORIENTED_EDGE('',*,*,#5049,.F.);
#7847=ORIENTED_EDGE('',*,*,#5675,.F.);
#7848=ORIENTED_EDGE('',*,*,#5331,.F.);
#7849=ORIENTED_EDGE('',*,*,#5676,.T.);
#7850=ORIENTED_EDGE('',*,*,#5050,.F.);
#7851=ORIENTED_EDGE('',*,*,#5676,.F.);
#7852=ORIENTED_EDGE('',*,*,#5196,.F.);
#7853=ORIENTED_EDGE('',*,*,#5677,.T.);
#7854=ORIENTED_EDGE('',*,*,#5330,.F.);
#7855=ORIENTED_EDGE('',*,*,#5678,.T.);
#7856=ORIENTED_EDGE('',*,*,#5051,.F.);
#7857=ORIENTED_EDGE('',*,*,#5678,.F.);
#7858=ORIENTED_EDGE('',*,*,#5197,.F.);
#7859=ORIENTED_EDGE('',*,*,#5677,.F.);
#7860=ORIENTED_EDGE('',*,*,#5198,.F.);
#7861=ORIENTED_EDGE('',*,*,#5679,.T.);
#7862=ORIENTED_EDGE('',*,*,#5329,.F.);
#7863=ORIENTED_EDGE('',*,*,#5680,.T.);
#7864=ORIENTED_EDGE('',*,*,#5052,.F.);
#7865=ORIENTED_EDGE('',*,*,#5680,.F.);
#7866=ORIENTED_EDGE('',*,*,#5199,.F.);
#7867=ORIENTED_EDGE('',*,*,#5679,.F.);
#7868=ORIENTED_EDGE('',*,*,#5200,.F.);
#7869=ORIENTED_EDGE('',*,*,#5681,.T.);
#7870=ORIENTED_EDGE('',*,*,#5328,.F.);
#7871=ORIENTED_EDGE('',*,*,#5682,.T.);
#7872=ORIENTED_EDGE('',*,*,#5053,.F.);
#7873=ORIENTED_EDGE('',*,*,#5682,.F.);
#7874=ORIENTED_EDGE('',*,*,#5201,.F.);
#7875=ORIENTED_EDGE('',*,*,#5681,.F.);
#7876=ORIENTED_EDGE('',*,*,#5202,.F.);
#7877=ORIENTED_EDGE('',*,*,#5683,.T.);
#7878=ORIENTED_EDGE('',*,*,#5307,.F.);
#7879=ORIENTED_EDGE('',*,*,#5683,.F.);
#7880=ORIENTED_EDGE('',*,*,#5327,.F.);
#7881=ORIENTED_EDGE('',*,*,#5684,.T.);
#7882=ORIENTED_EDGE('',*,*,#5054,.F.);
#7883=ORIENTED_EDGE('',*,*,#5684,.F.);
#7884=ORIENTED_EDGE('',*,*,#5203,.F.);
#7885=ORIENTED_EDGE('',*,*,#5685,.T.);
#7886=ORIENTED_EDGE('',*,*,#5308,.F.);
#7887=ORIENTED_EDGE('',*,*,#5685,.F.);
#7888=ORIENTED_EDGE('',*,*,#5326,.F.);
#7889=ORIENTED_EDGE('',*,*,#5686,.T.);
#7890=ORIENTED_EDGE('',*,*,#5055,.F.);
#7891=ORIENTED_EDGE('',*,*,#5686,.F.);
#7892=ORIENTED_EDGE('',*,*,#5204,.F.);
#7893=ORIENTED_EDGE('',*,*,#5687,.T.);
#7894=ORIENTED_EDGE('',*,*,#5325,.F.);
#7895=ORIENTED_EDGE('',*,*,#5688,.T.);
#7896=ORIENTED_EDGE('',*,*,#5056,.F.);
#7897=ORIENTED_EDGE('',*,*,#5688,.F.);
#7898=ORIENTED_EDGE('',*,*,#5205,.F.);
#7899=ORIENTED_EDGE('',*,*,#5687,.F.);
#7900=ORIENTED_EDGE('',*,*,#5206,.F.);
#7901=ORIENTED_EDGE('',*,*,#5689,.T.);
#7902=ORIENTED_EDGE('',*,*,#5309,.F.);
#7903=ORIENTED_EDGE('',*,*,#5689,.F.);
#7904=ORIENTED_EDGE('',*,*,#5324,.F.);
#7905=ORIENTED_EDGE('',*,*,#5690,.T.);
#7906=ORIENTED_EDGE('',*,*,#5057,.F.);
#7907=ORIENTED_EDGE('',*,*,#5690,.F.);
#7908=ORIENTED_EDGE('',*,*,#5207,.F.);
#7909=ORIENTED_EDGE('',*,*,#5691,.T.);
#7910=ORIENTED_EDGE('',*,*,#5310,.F.);
#7911=ORIENTED_EDGE('',*,*,#5691,.F.);
#7912=ORIENTED_EDGE('',*,*,#5323,.F.);
#7913=ORIENTED_EDGE('',*,*,#5692,.T.);
#7914=ORIENTED_EDGE('',*,*,#5058,.F.);
#7915=ORIENTED_EDGE('',*,*,#5692,.F.);
#7916=ORIENTED_EDGE('',*,*,#5208,.F.);
#7917=ORIENTED_EDGE('',*,*,#5693,.T.);
#7918=ORIENTED_EDGE('',*,*,#5311,.F.);
#7919=ORIENTED_EDGE('',*,*,#5693,.F.);
#7920=ORIENTED_EDGE('',*,*,#5322,.F.);
#7921=ORIENTED_EDGE('',*,*,#5694,.T.);
#7922=ORIENTED_EDGE('',*,*,#5059,.F.);
#7923=ORIENTED_EDGE('',*,*,#5694,.F.);
#7924=ORIENTED_EDGE('',*,*,#5209,.F.);
#7925=ORIENTED_EDGE('',*,*,#5695,.T.);
#7926=ORIENTED_EDGE('',*,*,#5321,.F.);
#7927=ORIENTED_EDGE('',*,*,#5696,.T.);
#7928=ORIENTED_EDGE('',*,*,#5060,.F.);
#7929=ORIENTED_EDGE('',*,*,#5696,.F.);
#7930=ORIENTED_EDGE('',*,*,#5210,.F.);
#7931=ORIENTED_EDGE('',*,*,#5695,.F.);
#7932=ORIENTED_EDGE('',*,*,#5211,.F.);
#7933=ORIENTED_EDGE('',*,*,#5697,.T.);
#7934=ORIENTED_EDGE('',*,*,#5312,.F.);
#7935=ORIENTED_EDGE('',*,*,#5697,.F.);
#7936=ORIENTED_EDGE('',*,*,#5320,.F.);
#7937=ORIENTED_EDGE('',*,*,#5698,.T.);
#7938=ORIENTED_EDGE('',*,*,#5061,.F.);
#7939=ORIENTED_EDGE('',*,*,#5698,.F.);
#7940=ORIENTED_EDGE('',*,*,#5212,.F.);
#7941=ORIENTED_EDGE('',*,*,#5699,.T.);
#7942=ORIENTED_EDGE('',*,*,#5313,.F.);
#7943=ORIENTED_EDGE('',*,*,#5699,.F.);
#7944=ORIENTED_EDGE('',*,*,#5319,.F.);
#7945=ORIENTED_EDGE('',*,*,#5700,.T.);
#7946=ORIENTED_EDGE('',*,*,#5062,.F.);
#7947=ORIENTED_EDGE('',*,*,#5700,.F.);
#7948=ORIENTED_EDGE('',*,*,#5218,.F.);
#7949=ORIENTED_EDGE('',*,*,#5701,.T.);
#7950=ORIENTED_EDGE('',*,*,#5069,.F.);
#7951=ORIENTED_EDGE('',*,*,#5701,.F.);
#7952=ORIENTED_EDGE('',*,*,#5702,.F.);
#7953=ORIENTED_EDGE('',*,*,#5703,.T.);
#7954=ORIENTED_EDGE('',*,*,#5704,.F.);
#7955=ORIENTED_EDGE('',*,*,#5705,.T.);
#7956=ORIENTED_EDGE('',*,*,#5706,.F.);
#7957=ORIENTED_EDGE('',*,*,#5707,.T.);
#7958=ORIENTED_EDGE('',*,*,#5708,.F.);
#7959=ORIENTED_EDGE('',*,*,#5709,.F.);
#7960=ORIENTED_EDGE('',*,*,#4882,.T.);
#7961=ORIENTED_EDGE('',*,*,#4886,.T.);
#7962=ORIENTED_EDGE('',*,*,#4889,.T.);
#7963=ORIENTED_EDGE('',*,*,#4891,.T.);
#7964=ORIENTED_EDGE('',*,*,#4927,.F.);
#7965=ORIENTED_EDGE('',*,*,#5710,.F.);
#7966=ORIENTED_EDGE('',*,*,#5705,.F.);
#7967=ORIENTED_EDGE('',*,*,#5711,.T.);
#7968=ORIENTED_EDGE('',*,*,#4923,.F.);
#7969=ORIENTED_EDGE('',*,*,#5712,.F.);
#7970=ORIENTED_EDGE('',*,*,#5709,.T.);
#7971=ORIENTED_EDGE('',*,*,#5713,.T.);
#7972=ORIENTED_EDGE('',*,*,#4930,.F.);
#7973=ORIENTED_EDGE('',*,*,#5714,.F.);
#7974=ORIENTED_EDGE('',*,*,#5702,.T.);
#7975=ORIENTED_EDGE('',*,*,#5712,.T.);
#7976=ORIENTED_EDGE('',*,*,#4924,.F.);
#7977=ORIENTED_EDGE('',*,*,#5713,.F.);
#7978=ORIENTED_EDGE('',*,*,#5708,.T.);
#7979=ORIENTED_EDGE('',*,*,#5715,.T.);
#7980=ORIENTED_EDGE('',*,*,#4929,.F.);
#7981=ORIENTED_EDGE('',*,*,#5716,.F.);
#7982=ORIENTED_EDGE('',*,*,#5703,.F.);
#7983=ORIENTED_EDGE('',*,*,#5714,.T.);
#7984=ORIENTED_EDGE('',*,*,#4925,.F.);
#7985=ORIENTED_EDGE('',*,*,#5715,.F.);
#7986=ORIENTED_EDGE('',*,*,#5707,.F.);
#7987=ORIENTED_EDGE('',*,*,#5717,.T.);
#7988=ORIENTED_EDGE('',*,*,#4928,.F.);
#7989=ORIENTED_EDGE('',*,*,#5711,.F.);
#7990=ORIENTED_EDGE('',*,*,#5704,.T.);
#7991=ORIENTED_EDGE('',*,*,#5716,.T.);
#7992=ORIENTED_EDGE('',*,*,#4926,.F.);
#7993=ORIENTED_EDGE('',*,*,#5717,.F.);
#7994=ORIENTED_EDGE('',*,*,#5706,.T.);
#7995=ORIENTED_EDGE('',*,*,#5710,.T.);
#7996=ORIENTED_EDGE('',*,*,#5718,.F.);
#7997=ORIENTED_EDGE('',*,*,#5719,.T.);
#7998=ORIENTED_EDGE('',*,*,#5720,.F.);
#7999=ORIENTED_EDGE('',*,*,#5719,.F.);
#8000=ORIENTED_EDGE('',*,*,#5718,.T.);
#8001=ORIENTED_EDGE('',*,*,#5721,.F.);
#8002=ORIENTED_EDGE('',*,*,#5722,.T.);
#8003=ORIENTED_EDGE('',*,*,#5723,.T.);
#8004=ORIENTED_EDGE('',*,*,#5722,.F.);
#8005=ORIENTED_EDGE('',*,*,#5721,.T.);
#8006=ORIENTED_EDGE('',*,*,#5723,.F.);
#8007=ORIENTED_EDGE('',*,*,#5720,.T.);
#8008=PLANE('',#8641);
#8009=PLANE('',#8642);
#8010=PLANE('',#8643);
#8011=PLANE('',#8644);
#8012=PLANE('',#8649);
#8013=PLANE('',#8650);
#8014=PLANE('',#8655);
#8015=PLANE('',#8656);
#8016=PLANE('',#8657);
#8017=PLANE('',#8658);
#8018=PLANE('',#8661);
#8019=PLANE('',#8666);
#8020=PLANE('',#8667);
#8021=PLANE('',#8668);
#8022=PLANE('',#8673);
#8023=PLANE('',#8674);
#8024=PLANE('',#8675);
#8025=PLANE('',#8676);
#8026=PLANE('',#8677);
#8027=PLANE('',#8678);
#8028=PLANE('',#8679);
#8029=PLANE('',#8680);
#8030=PLANE('',#8681);
#8031=PLANE('',#8682);
#8032=PLANE('',#8683);
#8033=PLANE('',#8684);
#8034=PLANE('',#8685);
#8035=PLANE('',#8686);
#8036=PLANE('',#8691);
#8037=PLANE('',#8692);
#8038=PLANE('',#8697);
#8039=PLANE('',#8698);
#8040=PLANE('',#8699);
#8041=PLANE('',#8700);
#8042=PLANE('',#8701);
#8043=PLANE('',#8702);
#8044=PLANE('',#8707);
#8045=PLANE('',#8708);
#8046=PLANE('',#8713);
#8047=PLANE('',#8714);
#8048=PLANE('',#8719);
#8049=PLANE('',#8720);
#8050=PLANE('',#8721);
#8051=PLANE('',#8722);
#8052=PLANE('',#8728);
#8053=PLANE('',#8732);
#8054=PLANE('',#8733);
#8055=PLANE('',#8738);
#8056=PLANE('',#8739);
#8057=PLANE('',#8740);
#8058=PLANE('',#8741);
#8059=PLANE('',#8742);
#8060=PLANE('',#8743);
#8061=PLANE('',#8744);
#8062=PLANE('',#8757);
#8063=PLANE('',#8758);
#8064=PLANE('',#8761);
#8065=PLANE('',#8762);
#8066=PLANE('',#8763);
#8067=PLANE('',#8766);
#8068=PLANE('',#8767);
#8069=PLANE('',#8772);
#8070=PLANE('',#8773);
#8071=PLANE('',#8774);
#8072=PLANE('',#8775);
#8073=PLANE('',#8776);
#8074=PLANE('',#8777);
#8075=PLANE('',#8778);
#8076=PLANE('',#8783);
#8077=PLANE('',#8784);
#8078=PLANE('',#8785);
#8079=PLANE('',#8786);
#8080=PLANE('',#8787);
#8081=PLANE('',#8800);
#8082=PLANE('',#8801);
#8083=PLANE('',#8802);
#8084=PLANE('',#8803);
#8085=PLANE('',#8804);
#8086=PLANE('',#8821);
#8087=PLANE('',#8822);
#8088=PLANE('',#8823);
#8089=PLANE('',#8824);
#8090=PLANE('',#8825);
#8091=PLANE('',#8826);
#8092=PLANE('',#8833);
#8093=PLANE('',#8837);
#8094=PLANE('',#8841);
#8095=PLANE('',#8842);
#8096=PLANE('',#8843);
#8097=PLANE('',#8844);
#8098=PLANE('',#8845);
#8099=PLANE('',#8846);
#8100=PLANE('',#8983);
#8101=PLANE('',#8985);
#8102=PLANE('',#8986);
#8103=PLANE('',#8987);
#8104=PLANE('',#8988);
#8105=PLANE('',#9088);
#8106=PLANE('',#9091);
#8107=PLANE('',#9093);
#8108=PLANE('',#9096);
#8109=PLANE('',#9163);
#8110=PLANE('',#9296);
#8111=PLANE('',#9297);
#8112=PLANE('',#9298);
#8113=PLANE('',#9299);
#8114=PLANE('',#9300);
#8115=PLANE('',#9307);
#8116=PLANE('',#9313);
#8117=PLANE('',#9318);
#8118=PLANE('',#9324);
#8119=PLANE('',#9328);
#8120=PLANE('',#9332);
#8121=PLANE('',#9340);
#8122=PLANE('',#9346);
#8123=PLANE('',#9356);
#8124=PLANE('',#9370);
#8125=PLANE('',#9387);
#8126=PLANE('',#9391);
#8127=PLANE('',#9410);
#8128=PLANE('',#9423);
#8129=PLANE('',#9427);
#8130=PLANE('',#9431);
#8131=PLANE('',#9441);
#8132=PLANE('',#9449);
#8133=PLANE('',#9457);
#8134=PLANE('',#9463);
#8135=PLANE('',#9468);
#8136=PLANE('',#9476);
#8137=PLANE('',#9482);
#8138=PLANE('',#9514);
#8139=PLANE('',#9542);
#8140=PLANE('',#9546);
#8141=PLANE('',#9557);
#8142=PLANE('',#9561);
#8143=PLANE('',#9567);
#8144=PLANE('',#9571);
#8145=PLANE('',#9575);
#8146=PLANE('',#9583);
#8147=PLANE('',#9593);
#8148=PLANE('',#9599);
#8149=PLANE('',#9604);
#8150=PLANE('',#9605);
#8151=PLANE('',#9606);
#8152=PLANE('',#9607);
#8153=PLANE('',#9611);
#8154=PLANE('',#9615);
#8155=PLANE('',#9616);
#8156=ADVANCED_FACE('',(#1391),#8008,.T.);
#8157=ADVANCED_FACE('',(#1392),#8009,.F.);
#8158=ADVANCED_FACE('',(#1393),#8010,.F.);
#8159=ADVANCED_FACE('',(#1394),#8011,.F.);
#8160=ADVANCED_FACE('',(#1395),#8012,.T.);
#8161=ADVANCED_FACE('',(#1396),#8013,.F.);
#8162=ADVANCED_FACE('',(#1397),#8014,.F.);
#8163=ADVANCED_FACE('',(#1398),#8015,.F.);
#8164=ADVANCED_FACE('',(#1399),#8016,.F.);
#8165=ADVANCED_FACE('',(#1400),#8017,.T.);
#8166=ADVANCED_FACE('',(#1401),#8018,.F.);
#8167=ADVANCED_FACE('',(#1402),#1006,.T.);
#8168=ADVANCED_FACE('',(#1403),#1007,.T.);
#8169=ADVANCED_FACE('',(#1404),#8019,.T.);
#8170=ADVANCED_FACE('',(#1405),#8020,.T.);
#8171=ADVANCED_FACE('',(#1406),#8021,.T.);
#8172=ADVANCED_FACE('',(#1407),#1008,.F.);
#8173=ADVANCED_FACE('',(#1408),#1009,.F.);
#8174=ADVANCED_FACE('',(#1409),#1010,.T.);
#8175=ADVANCED_FACE('',(#1410),#1011,.T.);
#8176=ADVANCED_FACE('',(#1411),#8022,.T.);
#8177=ADVANCED_FACE('',(#1412),#8023,.T.);
#8178=ADVANCED_FACE('',(#1413),#8024,.T.);
#8179=ADVANCED_FACE('',(#1414),#8025,.T.);
#8180=ADVANCED_FACE('',(#1415),#8026,.T.);
#8181=ADVANCED_FACE('',(#1416),#8027,.F.);
#8182=ADVANCED_FACE('',(#1417),#8028,.T.);
#8183=ADVANCED_FACE('',(#1418),#8029,.T.);
#8184=ADVANCED_FACE('',(#1419),#8030,.T.);
#8185=ADVANCED_FACE('',(#1420),#8031,.T.);
#8186=ADVANCED_FACE('',(#1421),#8032,.T.);
#8187=ADVANCED_FACE('',(#1422),#8033,.F.);
#8188=ADVANCED_FACE('',(#1423),#8034,.T.);
#8189=ADVANCED_FACE('',(#1424),#8035,.T.);
#8190=ADVANCED_FACE('',(#1425),#8036,.T.);
#8191=ADVANCED_FACE('',(#1426),#8037,.T.);
#8192=ADVANCED_FACE('',(#1427),#8038,.T.);
#8193=ADVANCED_FACE('',(#1428),#8039,.T.);
#8194=ADVANCED_FACE('',(#1429),#8040,.F.);
#8195=ADVANCED_FACE('',(#1430),#8041,.T.);
#8196=ADVANCED_FACE('',(#1431),#8042,.T.);
#8197=ADVANCED_FACE('',(#1432),#8043,.T.);
#8198=ADVANCED_FACE('',(#1433),#1012,.F.);
#8199=ADVANCED_FACE('',(#1434),#1013,.T.);
#8200=ADVANCED_FACE('',(#1435),#1014,.F.);
#8201=ADVANCED_FACE('',(#1436),#1015,.T.);
#8202=ADVANCED_FACE('',(#1437),#8044,.F.);
#8203=ADVANCED_FACE('',(#1438),#8045,.F.);
#8204=ADVANCED_FACE('',(#1439),#8046,.F.);
#8205=ADVANCED_FACE('',(#1440),#8047,.T.);
#8206=ADVANCED_FACE('',(#1441),#8048,.F.);
#8207=ADVANCED_FACE('',(#1442),#8049,.T.);
#8208=ADVANCED_FACE('',(#1443),#8050,.F.);
#8209=ADVANCED_FACE('',(#1444),#8051,.T.);
#8210=ADVANCED_FACE('',(#1445),#8052,.F.);
#8211=ADVANCED_FACE('',(#1446),#8053,.F.);
#8212=ADVANCED_FACE('',(#1447),#8054,.F.);
#8213=ADVANCED_FACE('',(#1448),#8055,.F.);
#8214=ADVANCED_FACE('',(#1449),#8056,.T.);
#8215=ADVANCED_FACE('',(#1450),#8057,.F.);
#8216=ADVANCED_FACE('',(#1451),#8058,.T.);
#8217=ADVANCED_FACE('',(#1452),#8059,.F.);
#8218=ADVANCED_FACE('',(#1453),#8060,.F.);
#8219=ADVANCED_FACE('',(#1454),#8061,.F.);
#8220=ADVANCED_FACE('',(#1455),#1016,.T.);
#8221=ADVANCED_FACE('',(#1456),#1017,.T.);
#8222=ADVANCED_FACE('',(#1457),#1018,.F.);
#8223=ADVANCED_FACE('',(#1458),#1019,.F.);
#8224=ADVANCED_FACE('',(#1459),#1020,.T.);
#8225=ADVANCED_FACE('',(#1460),#1021,.F.);
#8226=ADVANCED_FACE('',(#1461),#1022,.T.);
#8227=ADVANCED_FACE('',(#1462),#8062,.T.);
#8228=ADVANCED_FACE('',(#1463),#8063,.T.);
#8229=ADVANCED_FACE('',(#1464),#1023,.F.);
#8230=ADVANCED_FACE('',(#1465),#1024,.T.);
#8231=ADVANCED_FACE('',(#1466),#8064,.T.);
#8232=ADVANCED_FACE('',(#1467),#8065,.T.);
#8233=ADVANCED_FACE('',(#1468),#8066,.F.);
#8234=ADVANCED_FACE('',(#1469),#8067,.F.);
#8235=ADVANCED_FACE('',(#1470),#8068,.T.);
#8236=ADVANCED_FACE('',(#1471),#1025,.F.);
#8237=ADVANCED_FACE('',(#1472),#1026,.T.);
#8238=ADVANCED_FACE('',(#1473),#1027,.F.);
#8239=ADVANCED_FACE('',(#1474),#1028,.T.);
#8240=ADVANCED_FACE('',(#1475),#8069,.T.);
#8241=ADVANCED_FACE('',(#1476),#8070,.T.);
#8242=ADVANCED_FACE('',(#1477),#8071,.T.);
#8243=ADVANCED_FACE('',(#1478),#8072,.T.);
#8244=ADVANCED_FACE('',(#1479),#8073,.T.);
#8245=ADVANCED_FACE('',(#1480),#8074,.F.);
#8246=ADVANCED_FACE('',(#1481,#539),#8075,.F.);
#8247=ADVANCED_FACE('',(#1482),#8076,.F.);
#8248=ADVANCED_FACE('',(#1483),#8077,.F.);
#8249=ADVANCED_FACE('',(#1484),#8078,.F.);
#8250=ADVANCED_FACE('',(#1485),#8079,.F.);
#8251=ADVANCED_FACE('',(#1486),#8080,.T.);
#8252=ADVANCED_FACE('',(#1487),#1029,.T.);
#8253=ADVANCED_FACE('',(#1488),#1030,.T.);
#8254=ADVANCED_FACE('',(#1489),#1031,.T.);
#8255=ADVANCED_FACE('',(#1490),#1032,.T.);
#8256=ADVANCED_FACE('',(#1491),#8081,.T.);
#8257=ADVANCED_FACE('',(#1492),#8082,.T.);
#8258=ADVANCED_FACE('',(#1493),#8083,.T.);
#8259=ADVANCED_FACE('',(#1494),#8084,.T.);
#8260=ADVANCED_FACE('',(#1495),#8085,.T.);
#8261=ADVANCED_FACE('',(#1496),#1033,.T.);
#8262=ADVANCED_FACE('',(#1497),#535,.T.);
#8263=ADVANCED_FACE('',(#1498),#536,.T.);
#8264=ADVANCED_FACE('',(#1499),#1034,.T.);
#8265=ADVANCED_FACE('',(#1500),#1035,.T.);
#8266=ADVANCED_FACE('',(#1501),#537,.T.);
#8267=ADVANCED_FACE('',(#1502),#538,.T.);
#8268=ADVANCED_FACE('',(#1503),#1036,.T.);
#8269=ADVANCED_FACE('',(#1504),#8086,.T.);
#8270=ADVANCED_FACE('',(#1505),#8087,.T.);
#8271=ADVANCED_FACE('',(#1506),#8088,.T.);
#8272=ADVANCED_FACE('',(#1507),#8089,.T.);
#8273=ADVANCED_FACE('',(#1508),#8090,.T.);
#8274=ADVANCED_FACE('',(#1509),#8091,.F.);
#8275=ADVANCED_FACE('',(#1510),#8092,.F.);
#8276=ADVANCED_FACE('',(#1511),#1037,.F.);
#8277=ADVANCED_FACE('',(#1512),#8093,.F.);
#8278=ADVANCED_FACE('',(#1513),#1038,.F.);
#8279=ADVANCED_FACE('',(#1514),#485,.F.);
#8280=ADVANCED_FACE('',(#1515),#8094,.F.);
#8281=ADVANCED_FACE('',(#1516),#486,.F.);
#8282=ADVANCED_FACE('',(#1517),#8095,.F.);
#8283=ADVANCED_FACE('',(#1518),#487,.F.);
#8284=ADVANCED_FACE('',(#1519),#8096,.F.);
#8285=ADVANCED_FACE('',(#1520),#488,.F.);
#8286=ADVANCED_FACE('',(#1521),#8097,.F.);
#8287=ADVANCED_FACE('',(#1522,#540),#8098,.F.);
#8288=ADVANCED_FACE('',(#1523),#489,.F.);
#8289=ADVANCED_FACE('',(#1524,#541,#542,#543,#544,#545,#546,#547,#548,#549,
#550,#551,#552,#553,#554,#555,#556,#557,#558,#559,#560,#561,#562,#563,#564,
#565,#566,#567,#568,#569,#570,#571,#572,#573,#574,#575,#576,#577,#578,#579,
#580,#581,#582,#583,#584,#585,#586,#587,#588,#589,#590,#591,#592,#593,#594,
#595,#596,#597,#598,#599,#600,#601,#602,#603,#604,#605,#606,#607,#608,#609,
#610,#611,#612,#613,#614,#615,#616,#617,#618,#619,#620,#621,#622,#623,#624,
#625,#626,#627,#628,#629,#630,#631,#632,#633,#634,#635,#636,#637,#638,#639,
#640,#641,#642,#643,#644,#645,#646,#647,#648,#649,#650,#651,#652,#653,#654,
#655,#656,#657,#658,#659,#660,#661,#662,#663,#664,#665,#666,#667,#668,#669,
#670,#671,#672,#673),#8099,.F.);
#8290=ADVANCED_FACE('',(#1525),#490,.F.);
#8291=ADVANCED_FACE('',(#1526,#674),#8100,.F.);
#8292=ADVANCED_FACE('',(#1527),#491,.F.);
#8293=ADVANCED_FACE('',(#1528),#8101,.F.);
#8294=ADVANCED_FACE('',(#1529),#492,.F.);
#8295=ADVANCED_FACE('',(#1530),#8102,.F.);
#8296=ADVANCED_FACE('',(#1531),#8103,.T.);
#8297=ADVANCED_FACE('',(#1532,#675,#676,#677,#678,#679,#680,#681,#682,#683,
#684,#685,#686,#687,#688,#689,#690,#691,#692,#693,#694,#695,#696,#697,#698,
#699,#700,#701,#702,#703,#704,#705,#706,#707,#708,#709,#710,#711,#712,#713,
#714,#715,#716,#717,#718,#719,#720,#721,#722,#723,#724,#725,#726,#727,#728,
#729,#730,#731,#732,#733,#734,#735,#736,#737,#738,#739,#740,#741,#742,#743,
#744,#745,#746,#747,#748,#749,#750,#751,#752,#753,#754,#755,#756,#757,#758,
#759,#760,#761,#762,#763,#764,#765,#766,#767,#768,#769,#770,#771,#772,#773),
#8104,.F.);
#8298=ADVANCED_FACE('',(#1533,#774),#8105,.T.);
#8299=ADVANCED_FACE('',(#1534),#493,.T.);
#8300=ADVANCED_FACE('',(#1535),#8106,.T.);
#8301=ADVANCED_FACE('',(#1536),#494,.T.);
#8302=ADVANCED_FACE('',(#1537),#8107,.F.);
#8303=ADVANCED_FACE('',(#1538,#775,#776,#777,#778,#779,#780,#781,#782,#783,
#784,#785,#786,#787,#788,#789,#790,#791,#792,#793,#794,#795,#796,#797,#798,
#799,#800,#801,#802,#803,#804,#805,#806,#807,#808,#809,#810,#811,#812,#813,
#814,#815,#816,#817,#818,#819,#820,#821,#822,#823,#824,#825,#826,#827,#828,
#829,#830,#831,#832,#833,#834,#835,#836,#837,#838,#839,#840),#8108,.T.);
#8304=ADVANCED_FACE('',(#1539),#495,.T.);
#8305=ADVANCED_FACE('',(#1540,#841,#842,#843,#844,#845,#846,#847,#848,#849,
#850,#851,#852,#853,#854,#855,#856,#857,#858,#859,#860,#861,#862,#863,#864,
#865,#866,#867,#868,#869,#870,#871,#872,#873,#874,#875,#876,#877,#878,#879,
#880,#881,#882,#883,#884,#885,#886,#887,#888,#889,#890,#891,#892,#893,#894,
#895,#896,#897,#898,#899,#900,#901,#902,#903,#904,#905,#906,#907,#908,#909,
#910,#911,#912,#913,#914,#915,#916,#917,#918,#919,#920,#921,#922,#923,#924,
#925,#926,#927,#928,#929,#930,#931,#932,#933,#934,#935,#936,#937,#938,#939,
#940,#941,#942,#943,#944,#945,#946,#947,#948,#949,#950,#951,#952,#953,#954,
#955,#956,#957,#958,#959,#960,#961,#962,#963,#964,#965,#966,#967,#968,#969,
#970,#971,#972,#973),#8109,.T.);
#8306=ADVANCED_FACE('',(#1541),#496,.T.);
#8307=ADVANCED_FACE('',(#1542),#8110,.T.);
#8308=ADVANCED_FACE('',(#1543),#497,.T.);
#8309=ADVANCED_FACE('',(#1544),#498,.T.);
#8310=ADVANCED_FACE('',(#1545),#8111,.T.);
#8311=ADVANCED_FACE('',(#1546),#499,.T.);
#8312=ADVANCED_FACE('',(#1547),#500,.T.);
#8313=ADVANCED_FACE('',(#1548),#501,.T.);
#8314=ADVANCED_FACE('',(#1549),#8112,.T.);
#8315=ADVANCED_FACE('',(#1550),#502,.T.);
#8316=ADVANCED_FACE('',(#1551),#503,.T.);
#8317=ADVANCED_FACE('',(#1552),#504,.T.);
#8318=ADVANCED_FACE('',(#1553),#8113,.T.);
#8319=ADVANCED_FACE('',(#1554),#505,.T.);
#8320=ADVANCED_FACE('',(#1555),#8114,.T.);
#8321=ADVANCED_FACE('',(#1556),#506,.T.);
#8322=ADVANCED_FACE('',(#1557),#1039,.F.);
#8323=ADVANCED_FACE('',(#1558),#1040,.F.);
#8324=ADVANCED_FACE('',(#1559),#1041,.F.);
#8325=ADVANCED_FACE('',(#1560),#1042,.F.);
#8326=ADVANCED_FACE('',(#1561),#1043,.F.);
#8327=ADVANCED_FACE('',(#1562),#8115,.T.);
#8328=ADVANCED_FACE('',(#1563),#1044,.F.);
#8329=ADVANCED_FACE('',(#1564),#1045,.F.);
#8330=ADVANCED_FACE('',(#1565),#1046,.F.);
#8331=ADVANCED_FACE('',(#1566),#1047,.F.);
#8332=ADVANCED_FACE('',(#1567),#8116,.T.);
#8333=ADVANCED_FACE('',(#1568),#1048,.F.);
#8334=ADVANCED_FACE('',(#1569),#1049,.F.);
#8335=ADVANCED_FACE('',(#1570),#1050,.F.);
#8336=ADVANCED_FACE('',(#1571),#8117,.T.);
#8337=ADVANCED_FACE('',(#1572),#1051,.F.);
#8338=ADVANCED_FACE('',(#1573),#1052,.F.);
#8339=ADVANCED_FACE('',(#1574),#1053,.F.);
#8340=ADVANCED_FACE('',(#1575),#1054,.F.);
#8341=ADVANCED_FACE('',(#1576),#8118,.T.);
#8342=ADVANCED_FACE('',(#1577),#1055,.F.);
#8343=ADVANCED_FACE('',(#1578),#1056,.F.);
#8344=ADVANCED_FACE('',(#1579),#8119,.T.);
#8345=ADVANCED_FACE('',(#1580),#1057,.F.);
#8346=ADVANCED_FACE('',(#1581),#1058,.F.);
#8347=ADVANCED_FACE('',(#1582),#8120,.T.);
#8348=ADVANCED_FACE('',(#1583),#1059,.F.);
#8349=ADVANCED_FACE('',(#1584),#1060,.F.);
#8350=ADVANCED_FACE('',(#1585),#1061,.F.);
#8351=ADVANCED_FACE('',(#1586),#1062,.F.);
#8352=ADVANCED_FACE('',(#1587),#1063,.F.);
#8353=ADVANCED_FACE('',(#1588),#1064,.F.);
#8354=ADVANCED_FACE('',(#1589),#8121,.T.);
#8355=ADVANCED_FACE('',(#1590),#1065,.F.);
#8356=ADVANCED_FACE('',(#1591),#1066,.F.);
#8357=ADVANCED_FACE('',(#1592),#1067,.F.);
#8358=ADVANCED_FACE('',(#1593),#1068,.F.);
#8359=ADVANCED_FACE('',(#1594),#8122,.T.);
#8360=ADVANCED_FACE('',(#1595),#1069,.F.);
#8361=ADVANCED_FACE('',(#1596),#1070,.F.);
#8362=ADVANCED_FACE('',(#1597),#1071,.F.);
#8363=ADVANCED_FACE('',(#1598),#1072,.F.);
#8364=ADVANCED_FACE('',(#1599),#1073,.F.);
#8365=ADVANCED_FACE('',(#1600),#1074,.F.);
#8366=ADVANCED_FACE('',(#1601),#1075,.F.);
#8367=ADVANCED_FACE('',(#1602),#1076,.F.);
#8368=ADVANCED_FACE('',(#1603),#8123,.T.);
#8369=ADVANCED_FACE('',(#1604),#1077,.F.);
#8370=ADVANCED_FACE('',(#1605),#1078,.F.);
#8371=ADVANCED_FACE('',(#1606),#1079,.F.);
#8372=ADVANCED_FACE('',(#1607),#1080,.F.);
#8373=ADVANCED_FACE('',(#1608),#1081,.F.);
#8374=ADVANCED_FACE('',(#1609),#1082,.F.);
#8375=ADVANCED_FACE('',(#1610),#1083,.F.);
#8376=ADVANCED_FACE('',(#1611),#1084,.F.);
#8377=ADVANCED_FACE('',(#1612),#1085,.F.);
#8378=ADVANCED_FACE('',(#1613),#1086,.F.);
#8379=ADVANCED_FACE('',(#1614),#1087,.F.);
#8380=ADVANCED_FACE('',(#1615),#1088,.F.);
#8381=ADVANCED_FACE('',(#1616),#8124,.T.);
#8382=ADVANCED_FACE('',(#1617),#1089,.F.);
#8383=ADVANCED_FACE('',(#1618),#1090,.F.);
#8384=ADVANCED_FACE('',(#1619),#1091,.F.);
#8385=ADVANCED_FACE('',(#1620),#1092,.F.);
#8386=ADVANCED_FACE('',(#1621),#1093,.F.);
#8387=ADVANCED_FACE('',(#1622),#1094,.F.);
#8388=ADVANCED_FACE('',(#1623),#1095,.F.);
#8389=ADVANCED_FACE('',(#1624),#1096,.F.);
#8390=ADVANCED_FACE('',(#1625),#1097,.F.);
#8391=ADVANCED_FACE('',(#1626),#1098,.F.);
#8392=ADVANCED_FACE('',(#1627),#1099,.F.);
#8393=ADVANCED_FACE('',(#1628),#1100,.F.);
#8394=ADVANCED_FACE('',(#1629),#1101,.F.);
#8395=ADVANCED_FACE('',(#1630),#1102,.F.);
#8396=ADVANCED_FACE('',(#1631),#1103,.F.);
#8397=ADVANCED_FACE('',(#1632),#8125,.T.);
#8398=ADVANCED_FACE('',(#1633),#1104,.F.);
#8399=ADVANCED_FACE('',(#1634),#1105,.F.);
#8400=ADVANCED_FACE('',(#1635),#8126,.T.);
#8401=ADVANCED_FACE('',(#1636),#1106,.F.);
#8402=ADVANCED_FACE('',(#1637),#1107,.F.);
#8403=ADVANCED_FACE('',(#1638),#1108,.F.);
#8404=ADVANCED_FACE('',(#1639),#1109,.F.);
#8405=ADVANCED_FACE('',(#1640),#1110,.F.);
#8406=ADVANCED_FACE('',(#1641),#1111,.F.);
#8407=ADVANCED_FACE('',(#1642),#1112,.F.);
#8408=ADVANCED_FACE('',(#1643),#1113,.F.);
#8409=ADVANCED_FACE('',(#1644),#1114,.F.);
#8410=ADVANCED_FACE('',(#1645),#1115,.F.);
#8411=ADVANCED_FACE('',(#1646),#1116,.F.);
#8412=ADVANCED_FACE('',(#1647),#1117,.F.);
#8413=ADVANCED_FACE('',(#1648),#1118,.F.);
#8414=ADVANCED_FACE('',(#1649),#1119,.F.);
#8415=ADVANCED_FACE('',(#1650),#1120,.F.);
#8416=ADVANCED_FACE('',(#1651),#1121,.F.);
#8417=ADVANCED_FACE('',(#1652),#1122,.F.);
#8418=ADVANCED_FACE('',(#1653),#8127,.T.);
#8419=ADVANCED_FACE('',(#1654),#1123,.F.);
#8420=ADVANCED_FACE('',(#1655),#1124,.F.);
#8421=ADVANCED_FACE('',(#1656),#1125,.F.);
#8422=ADVANCED_FACE('',(#1657),#1126,.F.);
#8423=ADVANCED_FACE('',(#1658),#1127,.F.);
#8424=ADVANCED_FACE('',(#1659),#1128,.F.);
#8425=ADVANCED_FACE('',(#1660),#1129,.F.);
#8426=ADVANCED_FACE('',(#1661),#1130,.F.);
#8427=ADVANCED_FACE('',(#1662),#1131,.F.);
#8428=ADVANCED_FACE('',(#1663),#1132,.F.);
#8429=ADVANCED_FACE('',(#1664),#1133,.F.);
#8430=ADVANCED_FACE('',(#1665),#8128,.T.);
#8431=ADVANCED_FACE('',(#1666),#1134,.F.);
#8432=ADVANCED_FACE('',(#1667),#1135,.F.);
#8433=ADVANCED_FACE('',(#1668),#8129,.T.);
#8434=ADVANCED_FACE('',(#1669),#1136,.F.);
#8435=ADVANCED_FACE('',(#1670),#1137,.F.);
#8436=ADVANCED_FACE('',(#1671),#8130,.T.);
#8437=ADVANCED_FACE('',(#1672),#1138,.F.);
#8438=ADVANCED_FACE('',(#1673),#1139,.F.);
#8439=ADVANCED_FACE('',(#1674),#1140,.F.);
#8440=ADVANCED_FACE('',(#1675),#1141,.F.);
#8441=ADVANCED_FACE('',(#1676),#1142,.F.);
#8442=ADVANCED_FACE('',(#1677),#1143,.F.);
#8443=ADVANCED_FACE('',(#1678),#1144,.F.);
#8444=ADVANCED_FACE('',(#1679),#1145,.F.);
#8445=ADVANCED_FACE('',(#1680),#8131,.T.);
#8446=ADVANCED_FACE('',(#1681),#1146,.F.);
#8447=ADVANCED_FACE('',(#1682),#1147,.F.);
#8448=ADVANCED_FACE('',(#1683),#1148,.F.);
#8449=ADVANCED_FACE('',(#1684),#1149,.F.);
#8450=ADVANCED_FACE('',(#1685),#1150,.F.);
#8451=ADVANCED_FACE('',(#1686),#1151,.F.);
#8452=ADVANCED_FACE('',(#1687),#8132,.T.);
#8453=ADVANCED_FACE('',(#1688),#1152,.F.);
#8454=ADVANCED_FACE('',(#1689),#1153,.F.);
#8455=ADVANCED_FACE('',(#1690),#1154,.F.);
#8456=ADVANCED_FACE('',(#1691),#1155,.F.);
#8457=ADVANCED_FACE('',(#1692),#1156,.F.);
#8458=ADVANCED_FACE('',(#1693),#1157,.F.);
#8459=ADVANCED_FACE('',(#1694),#8133,.T.);
#8460=ADVANCED_FACE('',(#1695),#1158,.F.);
#8461=ADVANCED_FACE('',(#1696),#1159,.F.);
#8462=ADVANCED_FACE('',(#1697),#1160,.F.);
#8463=ADVANCED_FACE('',(#1698),#1161,.F.);
#8464=ADVANCED_FACE('',(#1699),#8134,.T.);
#8465=ADVANCED_FACE('',(#1700),#1162,.F.);
#8466=ADVANCED_FACE('',(#1701),#1163,.F.);
#8467=ADVANCED_FACE('',(#1702),#1164,.F.);
#8468=ADVANCED_FACE('',(#1703),#8135,.T.);
#8469=ADVANCED_FACE('',(#1704),#1165,.F.);
#8470=ADVANCED_FACE('',(#1705),#1166,.F.);
#8471=ADVANCED_FACE('',(#1706),#1167,.F.);
#8472=ADVANCED_FACE('',(#1707),#1168,.F.);
#8473=ADVANCED_FACE('',(#1708),#1169,.F.);
#8474=ADVANCED_FACE('',(#1709),#1170,.F.);
#8475=ADVANCED_FACE('',(#1710),#8136,.T.);
#8476=ADVANCED_FACE('',(#1711),#1171,.F.);
#8477=ADVANCED_FACE('',(#1712),#1172,.F.);
#8478=ADVANCED_FACE('',(#1713),#1173,.F.);
#8479=ADVANCED_FACE('',(#1714),#1174,.F.);
#8480=ADVANCED_FACE('',(#1715),#8137,.T.);
#8481=ADVANCED_FACE('',(#1716),#1175,.F.);
#8482=ADVANCED_FACE('',(#1717),#1176,.F.);
#8483=ADVANCED_FACE('',(#1718),#1177,.F.);
#8484=ADVANCED_FACE('',(#1719),#1178,.F.);
#8485=ADVANCED_FACE('',(#1720),#1179,.F.);
#8486=ADVANCED_FACE('',(#1721),#1180,.F.);
#8487=ADVANCED_FACE('',(#1722),#1181,.F.);
#8488=ADVANCED_FACE('',(#1723),#1182,.F.);
#8489=ADVANCED_FACE('',(#1724),#1183,.F.);
#8490=ADVANCED_FACE('',(#1725),#1184,.F.);
#8491=ADVANCED_FACE('',(#1726),#1185,.F.);
#8492=ADVANCED_FACE('',(#1727),#1186,.F.);
#8493=ADVANCED_FACE('',(#1728),#1187,.F.);
#8494=ADVANCED_FACE('',(#1729),#1188,.F.);
#8495=ADVANCED_FACE('',(#1730),#1189,.F.);
#8496=ADVANCED_FACE('',(#1731),#1190,.F.);
#8497=ADVANCED_FACE('',(#1732),#1191,.F.);
#8498=ADVANCED_FACE('',(#1733),#1192,.F.);
#8499=ADVANCED_FACE('',(#1734),#1193,.F.);
#8500=ADVANCED_FACE('',(#1735),#1194,.F.);
#8501=ADVANCED_FACE('',(#1736),#1195,.F.);
#8502=ADVANCED_FACE('',(#1737),#1196,.F.);
#8503=ADVANCED_FACE('',(#1738),#1197,.F.);
#8504=ADVANCED_FACE('',(#1739),#1198,.F.);
#8505=ADVANCED_FACE('',(#1740),#1199,.F.);
#8506=ADVANCED_FACE('',(#1741),#1200,.F.);
#8507=ADVANCED_FACE('',(#1742),#1201,.F.);
#8508=ADVANCED_FACE('',(#1743),#1202,.F.);
#8509=ADVANCED_FACE('',(#1744),#1203,.F.);
#8510=ADVANCED_FACE('',(#1745),#1204,.F.);
#8511=ADVANCED_FACE('',(#1746),#8138,.T.);
#8512=ADVANCED_FACE('',(#1747),#1205,.F.);
#8513=ADVANCED_FACE('',(#1748),#1206,.F.);
#8514=ADVANCED_FACE('',(#1749),#1207,.F.);
#8515=ADVANCED_FACE('',(#1750),#1208,.F.);
#8516=ADVANCED_FACE('',(#1751),#1209,.F.);
#8517=ADVANCED_FACE('',(#1752),#1210,.F.);
#8518=ADVANCED_FACE('',(#1753),#1211,.F.);
#8519=ADVANCED_FACE('',(#1754),#1212,.F.);
#8520=ADVANCED_FACE('',(#1755),#1213,.F.);
#8521=ADVANCED_FACE('',(#1756),#1214,.F.);
#8522=ADVANCED_FACE('',(#1757),#1215,.F.);
#8523=ADVANCED_FACE('',(#1758),#1216,.F.);
#8524=ADVANCED_FACE('',(#1759),#1217,.F.);
#8525=ADVANCED_FACE('',(#1760),#1218,.F.);
#8526=ADVANCED_FACE('',(#1761),#1219,.F.);
#8527=ADVANCED_FACE('',(#1762),#1220,.F.);
#8528=ADVANCED_FACE('',(#1763),#1221,.F.);
#8529=ADVANCED_FACE('',(#1764),#1222,.F.);
#8530=ADVANCED_FACE('',(#1765),#1223,.F.);
#8531=ADVANCED_FACE('',(#1766),#1224,.F.);
#8532=ADVANCED_FACE('',(#1767),#1225,.F.);
#8533=ADVANCED_FACE('',(#1768),#1226,.F.);
#8534=ADVANCED_FACE('',(#1769),#1227,.F.);
#8535=ADVANCED_FACE('',(#1770),#1228,.F.);
#8536=ADVANCED_FACE('',(#1771),#1229,.F.);
#8537=ADVANCED_FACE('',(#1772),#1230,.F.);
#8538=ADVANCED_FACE('',(#1773),#8139,.T.);
#8539=ADVANCED_FACE('',(#1774),#1231,.F.);
#8540=ADVANCED_FACE('',(#1775),#1232,.F.);
#8541=ADVANCED_FACE('',(#1776),#8140,.T.);
#8542=ADVANCED_FACE('',(#1777),#1233,.F.);
#8543=ADVANCED_FACE('',(#1778),#1234,.F.);
#8544=ADVANCED_FACE('',(#1779),#1235,.F.);
#8545=ADVANCED_FACE('',(#1780),#1236,.F.);
#8546=ADVANCED_FACE('',(#1781),#1237,.F.);
#8547=ADVANCED_FACE('',(#1782),#1238,.F.);
#8548=ADVANCED_FACE('',(#1783),#1239,.F.);
#8549=ADVANCED_FACE('',(#1784),#1240,.F.);
#8550=ADVANCED_FACE('',(#1785),#1241,.F.);
#8551=ADVANCED_FACE('',(#1786),#8141,.T.);
#8552=ADVANCED_FACE('',(#1787),#1242,.F.);
#8553=ADVANCED_FACE('',(#1788),#1243,.F.);
#8554=ADVANCED_FACE('',(#1789),#8142,.T.);
#8555=ADVANCED_FACE('',(#1790),#1244,.F.);
#8556=ADVANCED_FACE('',(#1791),#1245,.F.);
#8557=ADVANCED_FACE('',(#1792),#1246,.F.);
#8558=ADVANCED_FACE('',(#1793),#1247,.F.);
#8559=ADVANCED_FACE('',(#1794),#8143,.T.);
#8560=ADVANCED_FACE('',(#1795),#1248,.F.);
#8561=ADVANCED_FACE('',(#1796),#1249,.F.);
#8562=ADVANCED_FACE('',(#1797),#8144,.T.);
#8563=ADVANCED_FACE('',(#1798),#1250,.F.);
#8564=ADVANCED_FACE('',(#1799),#1251,.F.);
#8565=ADVANCED_FACE('',(#1800),#8145,.T.);
#8566=ADVANCED_FACE('',(#1801),#1252,.F.);
#8567=ADVANCED_FACE('',(#1802),#1253,.F.);
#8568=ADVANCED_FACE('',(#1803),#1254,.F.);
#8569=ADVANCED_FACE('',(#1804),#1255,.F.);
#8570=ADVANCED_FACE('',(#1805),#1256,.F.);
#8571=ADVANCED_FACE('',(#1806),#1257,.F.);
#8572=ADVANCED_FACE('',(#1807),#8146,.T.);
#8573=ADVANCED_FACE('',(#1808),#1258,.F.);
#8574=ADVANCED_FACE('',(#1809),#1259,.F.);
#8575=ADVANCED_FACE('',(#1810),#1260,.F.);
#8576=ADVANCED_FACE('',(#1811),#1261,.F.);
#8577=ADVANCED_FACE('',(#1812),#1262,.F.);
#8578=ADVANCED_FACE('',(#1813),#1263,.F.);
#8579=ADVANCED_FACE('',(#1814),#1264,.F.);
#8580=ADVANCED_FACE('',(#1815),#1265,.F.);
#8581=ADVANCED_FACE('',(#1816),#8147,.T.);
#8582=ADVANCED_FACE('',(#1817),#1266,.F.);
#8583=ADVANCED_FACE('',(#1818),#1267,.F.);
#8584=ADVANCED_FACE('',(#1819),#1268,.F.);
#8585=ADVANCED_FACE('',(#1820),#1269,.F.);
#8586=ADVANCED_FACE('',(#1821),#1270,.F.);
#8587=ADVANCED_FACE('',(#1822,#974),#8148,.F.);
#8588=ADVANCED_FACE('',(#1823),#8149,.T.);
#8589=ADVANCED_FACE('',(#1824),#8150,.T.);
#8590=ADVANCED_FACE('',(#1825),#11,.F.);
#8591=ADVANCED_FACE('',(#1826),#12,.F.);
#8592=ADVANCED_FACE('',(#1827),#8151,.T.);
#8593=ADVANCED_FACE('',(#1828),#8152,.T.);
#8594=ADVANCED_FACE('',(#1829),#13,.F.);
#8595=ADVANCED_FACE('',(#1830),#14,.F.);
#8596=ADVANCED_FACE('',(#1831),#1271,.T.);
#8597=ADVANCED_FACE('',(#1832),#8153,.T.);
#8598=ADVANCED_FACE('',(#1833),#1272,.T.);
#8599=ADVANCED_FACE('',(#1834),#8154,.T.);
#8600=ADVANCED_FACE('',(#1835,#975),#8155,.F.);
#8601=CLOSED_SHELL('',(#8156,#8157,#8158,#8159,#8160,#8161,#8162,#8163,
#8164,#8165,#8166,#8167,#8168,#8169,#8170,#8171,#8172,#8173,#8174,#8175));
#8602=CLOSED_SHELL('',(#8176,#8177,#8178,#8179,#8180,#8181));
#8603=CLOSED_SHELL('',(#8182,#8183,#8184,#8185,#8186,#8187));
#8604=CLOSED_SHELL('',(#8188,#8189,#8190,#8191,#8192,#8193,#8194,#8195,
#8196,#8197,#8198,#8199,#8200,#8201));
#8605=CLOSED_SHELL('',(#8202,#8203,#8204,#8205,#8206,#8207,#8208,#8209,
#8210,#8211,#8212,#8213,#8214,#8215,#8216,#8217,#8218,#8219,#8220,#8221,
#8222,#8223,#8224,#8225,#8226,#8227,#8228,#8229,#8230,#8231,#8232,#8233,
#8234,#8235,#8236,#8237,#8238,#8239));
#8606=CLOSED_SHELL('',(#8240,#8241,#8242,#8243,#8244,#8245));
#8607=CLOSED_SHELL('',(#8246,#8247,#8248,#8249,#8250,#8251,#8252,#8253,
#8254,#8255,#8256,#8257,#8258,#8259,#8260,#8261,#8262,#8263,#8264,#8265,
#8266,#8267,#8268));
#8608=CLOSED_SHELL('',(#8269,#8270,#8271,#8272,#8273,#8274));
#8609=CLOSED_SHELL('',(#8275,#8276,#8277,#8278,#8279,#8280,#8281,#8282,
#8283,#8284,#8285,#8286,#8287,#8288,#8289,#8290,#8291,#8292,#8293,#8294,
#8295,#8296,#8297,#8298,#8299,#8300,#8301,#8302,#8303,#8304,#8305,#8306,
#8307,#8308,#8309,#8310,#8311,#8312,#8313,#8314,#8315,#8316,#8317,#8318,
#8319,#8320,#8321,#8322,#8323,#8324,#8325,#8326,#8327,#8328,#8329,#8330,
#8331,#8332,#8333,#8334,#8335,#8336,#8337,#8338,#8339,#8340,#8341,#8342,
#8343,#8344,#8345,#8346,#8347,#8348,#8349,#8350,#8351,#8352,#8353,#8354,
#8355,#8356,#8357,#8358,#8359,#8360,#8361,#8362,#8363,#8364,#8365,#8366,
#8367,#8368,#8369,#8370,#8371,#8372,#8373,#8374,#8375,#8376,#8377,#8378,
#8379,#8380,#8381,#8382,#8383,#8384,#8385,#8386,#8387,#8388,#8389,#8390,
#8391,#8392,#8393,#8394,#8395,#8396,#8397,#8398,#8399,#8400,#8401,#8402,
#8403,#8404,#8405,#8406,#8407,#8408,#8409,#8410,#8411,#8412,#8413,#8414,
#8415,#8416,#8417,#8418,#8419,#8420,#8421,#8422,#8423,#8424,#8425,#8426,
#8427,#8428,#8429,#8430,#8431,#8432,#8433,#8434,#8435,#8436,#8437,#8438,
#8439,#8440,#8441,#8442,#8443,#8444,#8445,#8446,#8447,#8448,#8449,#8450,
#8451,#8452,#8453,#8454,#8455,#8456,#8457,#8458,#8459,#8460,#8461,#8462,
#8463,#8464,#8465,#8466,#8467,#8468,#8469,#8470,#8471,#8472,#8473,#8474,
#8475,#8476,#8477,#8478,#8479,#8480,#8481,#8482,#8483,#8484,#8485,#8486,
#8487,#8488,#8489,#8490,#8491,#8492,#8493,#8494,#8495,#8496,#8497,#8498,
#8499,#8500,#8501,#8502,#8503,#8504,#8505,#8506,#8507,#8508,#8509,#8510,
#8511,#8512,#8513,#8514,#8515,#8516,#8517,#8518,#8519,#8520,#8521,#8522,
#8523,#8524,#8525,#8526,#8527,#8528,#8529,#8530,#8531,#8532,#8533,#8534,
#8535,#8536,#8537,#8538,#8539,#8540,#8541,#8542,#8543,#8544,#8545,#8546,
#8547,#8548,#8549,#8550,#8551,#8552,#8553,#8554,#8555,#8556,#8557,#8558,
#8559,#8560,#8561,#8562,#8563,#8564,#8565,#8566,#8567,#8568,#8569,#8570,
#8571,#8572,#8573,#8574,#8575,#8576,#8577,#8578,#8579,#8580,#8581,#8582,
#8583,#8584,#8585,#8586,#8587,#8588,#8589,#8590,#8591,#8592,#8593,#8594,
#8595));
#8610=CLOSED_SHELL('',(#8596,#8597,#8598,#8599,#8600));
#8611=DERIVED_UNIT_ELEMENT(#8615,1.);
#8612=DERIVED_UNIT_ELEMENT(#15183,-3.);
#8613=DERIVED_UNIT_ELEMENT(#8615,1.);
#8614=DERIVED_UNIT_ELEMENT(#15183,-3.);
#8615=(
MASS_UNIT()
NAMED_UNIT(*)
SI_UNIT(.KILO.,.GRAM.)
);
#8616=DERIVED_UNIT((#8611,#8612));
#8617=DERIVED_UNIT((#8613,#8614));
#8618=MEASURE_REPRESENTATION_ITEM('density measure',
POSITIVE_RATIO_MEASURE(7850.),#8616);
#8619=MEASURE_REPRESENTATION_ITEM('density measure',
POSITIVE_RATIO_MEASURE(7850.),#8617);
#8620=PROPERTY_DEFINITION_REPRESENTATION(#8630,#8624);
#8621=PROPERTY_DEFINITION_REPRESENTATION(#8631,#8625);
#8622=PROPERTY_DEFINITION_REPRESENTATION(#8632,#8626);
#8623=PROPERTY_DEFINITION_REPRESENTATION(#8633,#8627);
#8624=REPRESENTATION('material name',(#8628),#15179);
#8625=REPRESENTATION('density',(#8618),#15179);
#8626=REPRESENTATION('material name',(#8629),#15180);
#8627=REPRESENTATION('density',(#8619),#15180);
#8628=DESCRIPTIVE_REPRESENTATION_ITEM('Steel','Steel');
#8629=DESCRIPTIVE_REPRESENTATION_ITEM('Steel','Steel');
#8630=PROPERTY_DEFINITION('material property','material name',#15224);
#8631=PROPERTY_DEFINITION('material property','density of part',#15224);
#8632=PROPERTY_DEFINITION('material property','material name',#15225);
#8633=PROPERTY_DEFINITION('material property','density of part',#15225);
#8634=AXIS2_PLACEMENT_3D('',#12143,#9619,#9620);
#8635=AXIS2_PLACEMENT_3D('',#12144,#9621,#9622);
#8636=AXIS2_PLACEMENT_3D('',#12145,#9623,#9624);
#8637=AXIS2_PLACEMENT_3D('',#12146,#9625,#9626);
#8638=AXIS2_PLACEMENT_3D('',#12147,#9627,#9628);
#8639=AXIS2_PLACEMENT_3D('',#12148,#9629,#9630);
#8640=AXIS2_PLACEMENT_3D('',#12149,#9631,#9632);
#8641=AXIS2_PLACEMENT_3D('',#12150,#9633,#9634);
#8642=AXIS2_PLACEMENT_3D('',#12159,#9639,#9640);
#8643=AXIS2_PLACEMENT_3D('',#12168,#9645,#9646);
#8644=AXIS2_PLACEMENT_3D('',#12177,#9651,#9652);
#8645=AXIS2_PLACEMENT_3D('',#12182,#9654,#9655);
#8646=AXIS2_PLACEMENT_3D('',#12189,#9659,#9660);
#8647=AXIS2_PLACEMENT_3D('',#12191,#9661,#9662);
#8648=AXIS2_PLACEMENT_3D('',#12198,#9666,#9667);
#8649=AXIS2_PLACEMENT_3D('',#12199,#9668,#9669);
#8650=AXIS2_PLACEMENT_3D('',#12205,#9673,#9674);
#8651=AXIS2_PLACEMENT_3D('',#12209,#9676,#9677);
#8652=AXIS2_PLACEMENT_3D('',#12211,#9678,#9679);
#8653=AXIS2_PLACEMENT_3D('',#12218,#9683,#9684);
#8654=AXIS2_PLACEMENT_3D('',#12220,#9685,#9686);
#8655=AXIS2_PLACEMENT_3D('',#12224,#9689,#9690);
#8656=AXIS2_PLACEMENT_3D('',#12230,#9694,#9695);
#8657=AXIS2_PLACEMENT_3D('',#12236,#9699,#9700);
#8658=AXIS2_PLACEMENT_3D('',#12239,#9703,#9704);
#8659=AXIS2_PLACEMENT_3D('',#12241,#9706,#9707);
#8660=AXIS2_PLACEMENT_3D('',#12242,#9708,#9709);
#8661=AXIS2_PLACEMENT_3D('',#12243,#9710,#9711);
#8662=AXIS2_PLACEMENT_3D('',#12245,#9713,#9714);
#8663=AXIS2_PLACEMENT_3D('',#12246,#9715,#9716);
#8664=AXIS2_PLACEMENT_3D('',#12247,#9717,#9718);
#8665=AXIS2_PLACEMENT_3D('',#12248,#9719,#9720);
#8666=AXIS2_PLACEMENT_3D('',#12249,#9721,#9722);
#8667=AXIS2_PLACEMENT_3D('',#12252,#9725,#9726);
#8668=AXIS2_PLACEMENT_3D('',#12255,#9729,#9730);
#8669=AXIS2_PLACEMENT_3D('',#12256,#9731,#9732);
#8670=AXIS2_PLACEMENT_3D('',#12257,#9733,#9734);
#8671=AXIS2_PLACEMENT_3D('',#12258,#9735,#9736);
#8672=AXIS2_PLACEMENT_3D('',#12259,#9737,#9738);
#8673=AXIS2_PLACEMENT_3D('',#12260,#9739,#9740);
#8674=AXIS2_PLACEMENT_3D('',#12269,#9745,#9746);
#8675=AXIS2_PLACEMENT_3D('',#12275,#9750,#9751);
#8676=AXIS2_PLACEMENT_3D('',#12281,#9755,#9756);
#8677=AXIS2_PLACEMENT_3D('',#12284,#9759,#9760);
#8678=AXIS2_PLACEMENT_3D('',#12285,#9761,#9762);
#8679=AXIS2_PLACEMENT_3D('',#12286,#9763,#9764);
#8680=AXIS2_PLACEMENT_3D('',#12295,#9769,#9770);
#8681=AXIS2_PLACEMENT_3D('',#12301,#9774,#9775);
#8682=AXIS2_PLACEMENT_3D('',#12307,#9779,#9780);
#8683=AXIS2_PLACEMENT_3D('',#12310,#9783,#9784);
#8684=AXIS2_PLACEMENT_3D('',#12311,#9785,#9786);
#8685=AXIS2_PLACEMENT_3D('',#12312,#9787,#9788);
#8686=AXIS2_PLACEMENT_3D('',#12321,#9793,#9794);
#8687=AXIS2_PLACEMENT_3D('',#12326,#9796,#9797);
#8688=AXIS2_PLACEMENT_3D('',#12333,#9801,#9802);
#8689=AXIS2_PLACEMENT_3D('',#12335,#9803,#9804);
#8690=AXIS2_PLACEMENT_3D('',#12342,#9808,#9809);
#8691=AXIS2_PLACEMENT_3D('',#12343,#9810,#9811);
#8692=AXIS2_PLACEMENT_3D('',#12349,#9815,#9816);
#8693=AXIS2_PLACEMENT_3D('',#12353,#9818,#9819);
#8694=AXIS2_PLACEMENT_3D('',#12355,#9820,#9821);
#8695=AXIS2_PLACEMENT_3D('',#12362,#9825,#9826);
#8696=AXIS2_PLACEMENT_3D('',#12364,#9827,#9828);
#8697=AXIS2_PLACEMENT_3D('',#12368,#9831,#9832);
#8698=AXIS2_PLACEMENT_3D('',#12371,#9835,#9836);
#8699=AXIS2_PLACEMENT_3D('',#12373,#9838,#9839);
#8700=AXIS2_PLACEMENT_3D('',#12375,#9841,#9842);
#8701=AXIS2_PLACEMENT_3D('',#12378,#9845,#9846);
#8702=AXIS2_PLACEMENT_3D('',#12381,#9849,#9850);
#8703=AXIS2_PLACEMENT_3D('',#12382,#9851,#9852);
#8704=AXIS2_PLACEMENT_3D('',#12383,#9853,#9854);
#8705=AXIS2_PLACEMENT_3D('',#12384,#9855,#9856);
#8706=AXIS2_PLACEMENT_3D('',#12385,#9857,#9858);
#8707=AXIS2_PLACEMENT_3D('',#12386,#9859,#9860);
#8708=AXIS2_PLACEMENT_3D('',#12395,#9865,#9866);
#8709=AXIS2_PLACEMENT_3D('',#12400,#9868,#9869);
#8710=AXIS2_PLACEMENT_3D('',#12408,#9873,#9874);
#8711=AXIS2_PLACEMENT_3D('',#12411,#9876,#9877);
#8712=AXIS2_PLACEMENT_3D('',#12420,#9882,#9883);
#8713=AXIS2_PLACEMENT_3D('',#12421,#9884,#9885);
#8714=AXIS2_PLACEMENT_3D('',#12427,#9889,#9890);
#8715=AXIS2_PLACEMENT_3D('',#12432,#9892,#9893);
#8716=AXIS2_PLACEMENT_3D('',#12436,#9895,#9896);
#8717=AXIS2_PLACEMENT_3D('',#12442,#9900,#9901);
#8718=AXIS2_PLACEMENT_3D('',#12446,#9903,#9904);
#8719=AXIS2_PLACEMENT_3D('',#12450,#9907,#9908);
#8720=AXIS2_PLACEMENT_3D('',#12453,#9911,#9912);
#8721=AXIS2_PLACEMENT_3D('',#12455,#9914,#9915);
#8722=AXIS2_PLACEMENT_3D('',#12458,#9918,#9919);
#8723=AXIS2_PLACEMENT_3D('',#12469,#9924,#9925);
#8724=AXIS2_PLACEMENT_3D('',#12473,#9927,#9928);
#8725=AXIS2_PLACEMENT_3D('',#12476,#9930,#9931);
#8726=AXIS2_PLACEMENT_3D('',#12479,#9933,#9934);
#8727=AXIS2_PLACEMENT_3D('',#12483,#9936,#9937);
#8728=AXIS2_PLACEMENT_3D('',#12487,#9940,#9941);
#8729=AXIS2_PLACEMENT_3D('',#12491,#9943,#9944);
#8730=AXIS2_PLACEMENT_3D('',#12497,#9947,#9948);
#8731=AXIS2_PLACEMENT_3D('',#12500,#9950,#9951);
#8732=AXIS2_PLACEMENT_3D('',#12501,#9952,#9953);
#8733=AXIS2_PLACEMENT_3D('',#12507,#9957,#9958);
#8734=AXIS2_PLACEMENT_3D('',#12508,#9959,#9960);
#8735=AXIS2_PLACEMENT_3D('',#12510,#9961,#9962);
#8736=AXIS2_PLACEMENT_3D('',#12518,#9966,#9967);
#8737=AXIS2_PLACEMENT_3D('',#12522,#9969,#9970);
#8738=AXIS2_PLACEMENT_3D('',#12526,#9973,#9974);
#8739=AXIS2_PLACEMENT_3D('',#12530,#9977,#9978);
#8740=AXIS2_PLACEMENT_3D('',#12536,#9982,#9983);
#8741=AXIS2_PLACEMENT_3D('',#12542,#9987,#9988);
#8742=AXIS2_PLACEMENT_3D('',#12548,#9992,#9993);
#8743=AXIS2_PLACEMENT_3D('',#12554,#9997,#9998);
#8744=AXIS2_PLACEMENT_3D('',#12556,#10000,#10001);
#8745=AXIS2_PLACEMENT_3D('',#12558,#10003,#10004);
#8746=AXIS2_PLACEMENT_3D('',#12559,#10005,#10006);
#8747=AXIS2_PLACEMENT_3D('',#12561,#10008,#10009);
#8748=AXIS2_PLACEMENT_3D('',#12562,#10010,#10011);
#8749=AXIS2_PLACEMENT_3D('',#12563,#10012,#10013);
#8750=AXIS2_PLACEMENT_3D('',#12564,#10014,#10015);
#8751=AXIS2_PLACEMENT_3D('',#12565,#10016,#10017);
#8752=AXIS2_PLACEMENT_3D('',#12566,#10018,#10019);
#8753=AXIS2_PLACEMENT_3D('',#12567,#10020,#10021);
#8754=AXIS2_PLACEMENT_3D('',#12568,#10022,#10023);
#8755=AXIS2_PLACEMENT_3D('',#12569,#10024,#10025);
#8756=AXIS2_PLACEMENT_3D('',#12570,#10026,#10027);
#8757=AXIS2_PLACEMENT_3D('',#12571,#10028,#10029);
#8758=AXIS2_PLACEMENT_3D('',#12573,#10031,#10032);
#8759=AXIS2_PLACEMENT_3D('',#12574,#10033,#10034);
#8760=AXIS2_PLACEMENT_3D('',#12575,#10035,#10036);
#8761=AXIS2_PLACEMENT_3D('',#12576,#10037,#10038);
#8762=AXIS2_PLACEMENT_3D('',#12583,#10043,#10044);
#8763=AXIS2_PLACEMENT_3D('',#12589,#10048,#10049);
#8764=AXIS2_PLACEMENT_3D('',#12590,#10050,#10051);
#8765=AXIS2_PLACEMENT_3D('',#12592,#10052,#10053);
#8766=AXIS2_PLACEMENT_3D('',#12596,#10056,#10057);
#8767=AXIS2_PLACEMENT_3D('',#12599,#10060,#10061);
#8768=AXIS2_PLACEMENT_3D('',#12600,#10062,#10063);
#8769=AXIS2_PLACEMENT_3D('',#12601,#10064,#10065);
#8770=AXIS2_PLACEMENT_3D('',#12602,#10066,#10067);
#8771=AXIS2_PLACEMENT_3D('',#12603,#10068,#10069);
#8772=AXIS2_PLACEMENT_3D('',#12604,#10070,#10071);
#8773=AXIS2_PLACEMENT_3D('',#12613,#10076,#10077);
#8774=AXIS2_PLACEMENT_3D('',#12619,#10081,#10082);
#8775=AXIS2_PLACEMENT_3D('',#12625,#10086,#10087);
#8776=AXIS2_PLACEMENT_3D('',#12628,#10090,#10091);
#8777=AXIS2_PLACEMENT_3D('',#12629,#10092,#10093);
#8778=AXIS2_PLACEMENT_3D('',#12630,#10094,#10095);
#8779=AXIS2_PLACEMENT_3D('',#12633,#10096,#10097);
#8780=AXIS2_PLACEMENT_3D('',#12637,#10099,#10100);
#8781=AXIS2_PLACEMENT_3D('',#12641,#10102,#10103);
#8782=AXIS2_PLACEMENT_3D('',#12645,#10105,#10106);
#8783=AXIS2_PLACEMENT_3D('',#12655,#10112,#10113);
#8784=AXIS2_PLACEMENT_3D('',#12664,#10118,#10119);
#8785=AXIS2_PLACEMENT_3D('',#12673,#10124,#10125);
#8786=AXIS2_PLACEMENT_3D('',#12682,#10130,#10131);
#8787=AXIS2_PLACEMENT_3D('',#12691,#10136,#10137);
#8788=AXIS2_PLACEMENT_3D('',#12692,#10138,#10139);
#8789=AXIS2_PLACEMENT_3D('',#12693,#10140,#10141);
#8790=AXIS2_PLACEMENT_3D('',#12694,#10142,#10143);
#8791=AXIS2_PLACEMENT_3D('',#12695,#10144,#10145);
#8792=AXIS2_PLACEMENT_3D('',#12696,#10146,#10147);
#8793=AXIS2_PLACEMENT_3D('',#12697,#10148,#10149);
#8794=AXIS2_PLACEMENT_3D('',#12698,#10150,#10151);
#8795=AXIS2_PLACEMENT_3D('',#12699,#10152,#10153);
#8796=AXIS2_PLACEMENT_3D('',#12700,#10154,#10155);
#8797=AXIS2_PLACEMENT_3D('',#12701,#10156,#10157);
#8798=AXIS2_PLACEMENT_3D('',#12702,#10158,#10159);
#8799=AXIS2_PLACEMENT_3D('',#12703,#10160,#10161);
#8800=AXIS2_PLACEMENT_3D('',#12704,#10162,#10163);
#8801=AXIS2_PLACEMENT_3D('',#12710,#10167,#10168);
#8802=AXIS2_PLACEMENT_3D('',#12714,#10171,#10172);
#8803=AXIS2_PLACEMENT_3D('',#12718,#10175,#10176);
#8804=AXIS2_PLACEMENT_3D('',#12720,#10178,#10179);
#8805=AXIS2_PLACEMENT_3D('',#12721,#10180,#10181);
#8806=AXIS2_PLACEMENT_3D('',#12722,#10182,#10183);
#8807=AXIS2_PLACEMENT_3D('',#12723,#10184,#10185);
#8808=AXIS2_PLACEMENT_3D('',#12724,#10186,#10187);
#8809=AXIS2_PLACEMENT_3D('',#12725,#10188,#10189);
#8810=AXIS2_PLACEMENT_3D('',#12726,#10190,#10191);
#8811=AXIS2_PLACEMENT_3D('',#12727,#10192,#10193);
#8812=AXIS2_PLACEMENT_3D('',#12728,#10194,#10195);
#8813=AXIS2_PLACEMENT_3D('',#12729,#10196,#10197);
#8814=AXIS2_PLACEMENT_3D('',#12730,#10198,#10199);
#8815=AXIS2_PLACEMENT_3D('',#12731,#10200,#10201);
#8816=AXIS2_PLACEMENT_3D('',#12732,#10202,#10203);
#8817=AXIS2_PLACEMENT_3D('',#12733,#10204,#10205);
#8818=AXIS2_PLACEMENT_3D('',#12734,#10206,#10207);
#8819=AXIS2_PLACEMENT_3D('',#12735,#10208,#10209);
#8820=AXIS2_PLACEMENT_3D('',#12736,#10210,#10211);
#8821=AXIS2_PLACEMENT_3D('',#12737,#10212,#10213);
#8822=AXIS2_PLACEMENT_3D('',#12746,#10218,#10219);
#8823=AXIS2_PLACEMENT_3D('',#12752,#10223,#10224);
#8824=AXIS2_PLACEMENT_3D('',#12758,#10228,#10229);
#8825=AXIS2_PLACEMENT_3D('',#12761,#10232,#10233);
#8826=AXIS2_PLACEMENT_3D('',#12762,#10234,#10235);
#8827=AXIS2_PLACEMENT_3D('',#12763,#10236,#10237);
#8828=AXIS2_PLACEMENT_3D('',#12764,#10238,#10239);
#8829=AXIS2_PLACEMENT_3D('',#12765,#10240,#10241);
#8830=AXIS2_PLACEMENT_3D('',#12766,#10242,#10243);
#8831=AXIS2_PLACEMENT_3D('',#12767,#10244,#10245);
#8832=AXIS2_PLACEMENT_3D('',#12768,#10246,#10247);
#8833=AXIS2_PLACEMENT_3D('',#12769,#10248,#10249);
#8834=AXIS2_PLACEMENT_3D('',#12778,#10254,#10255);
#8835=AXIS2_PLACEMENT_3D('',#12780,#10256,#10257);
#8836=AXIS2_PLACEMENT_3D('',#12783,#10259,#10260);
#8837=AXIS2_PLACEMENT_3D('',#12784,#10261,#10262);
#8838=AXIS2_PLACEMENT_3D('',#12790,#10266,#10267);
#8839=AXIS2_PLACEMENT_3D('',#12791,#10268,#10269);
#8840=AXIS2_PLACEMENT_3D('',#12792,#10270,#10271);
#8841=AXIS2_PLACEMENT_3D('',#12832,#10274,#10275);
#8842=AXIS2_PLACEMENT_3D('',#12874,#10280,#10281);
#8843=AXIS2_PLACEMENT_3D('',#12916,#10286,#10287);
#8844=AXIS2_PLACEMENT_3D('',#12958,#10292,#10293);
#8845=AXIS2_PLACEMENT_3D('',#12961,#10296,#10297);
#8846=AXIS2_PLACEMENT_3D('',#13018,#10300,#10301);
#8847=AXIS2_PLACEMENT_3D('',#13028,#10306,#10307);
#8848=AXIS2_PLACEMENT_3D('',#13032,#10309,#10310);
#8849=AXIS2_PLACEMENT_3D('',#13036,#10312,#10313);
#8850=AXIS2_PLACEMENT_3D('',#13039,#10315,#10316);
#8851=AXIS2_PLACEMENT_3D('',#13041,#10317,#10318);
#8852=AXIS2_PLACEMENT_3D('',#13043,#10319,#10320);
#8853=AXIS2_PLACEMENT_3D('',#13045,#10321,#10322);
#8854=AXIS2_PLACEMENT_3D('',#13047,#10323,#10324);
#8855=AXIS2_PLACEMENT_3D('',#13049,#10325,#10326);
#8856=AXIS2_PLACEMENT_3D('',#13051,#10327,#10328);
#8857=AXIS2_PLACEMENT_3D('',#13053,#10329,#10330);
#8858=AXIS2_PLACEMENT_3D('',#13055,#10331,#10332);
#8859=AXIS2_PLACEMENT_3D('',#13057,#10333,#10334);
#8860=AXIS2_PLACEMENT_3D('',#13059,#10335,#10336);
#8861=AXIS2_PLACEMENT_3D('',#13061,#10337,#10338);
#8862=AXIS2_PLACEMENT_3D('',#13063,#10339,#10340);
#8863=AXIS2_PLACEMENT_3D('',#13065,#10341,#10342);
#8864=AXIS2_PLACEMENT_3D('',#13067,#10343,#10344);
#8865=AXIS2_PLACEMENT_3D('',#13069,#10345,#10346);
#8866=AXIS2_PLACEMENT_3D('',#13071,#10347,#10348);
#8867=AXIS2_PLACEMENT_3D('',#13073,#10349,#10350);
#8868=AXIS2_PLACEMENT_3D('',#13075,#10351,#10352);
#8869=AXIS2_PLACEMENT_3D('',#13077,#10353,#10354);
#8870=AXIS2_PLACEMENT_3D('',#13079,#10355,#10356);
#8871=AXIS2_PLACEMENT_3D('',#13081,#10357,#10358);
#8872=AXIS2_PLACEMENT_3D('',#13083,#10359,#10360);
#8873=AXIS2_PLACEMENT_3D('',#13085,#10361,#10362);
#8874=AXIS2_PLACEMENT_3D('',#13087,#10363,#10364);
#8875=AXIS2_PLACEMENT_3D('',#13089,#10365,#10366);
#8876=AXIS2_PLACEMENT_3D('',#13091,#10367,#10368);
#8877=AXIS2_PLACEMENT_3D('',#13093,#10369,#10370);
#8878=AXIS2_PLACEMENT_3D('',#13095,#10371,#10372);
#8879=AXIS2_PLACEMENT_3D('',#13097,#10373,#10374);
#8880=AXIS2_PLACEMENT_3D('',#13099,#10375,#10376);
#8881=AXIS2_PLACEMENT_3D('',#13101,#10377,#10378);
#8882=AXIS2_PLACEMENT_3D('',#13103,#10379,#10380);
#8883=AXIS2_PLACEMENT_3D('',#13105,#10381,#10382);
#8884=AXIS2_PLACEMENT_3D('',#13107,#10383,#10384);
#8885=AXIS2_PLACEMENT_3D('',#13109,#10385,#10386);
#8886=AXIS2_PLACEMENT_3D('',#13111,#10387,#10388);
#8887=AXIS2_PLACEMENT_3D('',#13113,#10389,#10390);
#8888=AXIS2_PLACEMENT_3D('',#13115,#10391,#10392);
#8889=AXIS2_PLACEMENT_3D('',#13117,#10393,#10394);
#8890=AXIS2_PLACEMENT_3D('',#13119,#10395,#10396);
#8891=AXIS2_PLACEMENT_3D('',#13121,#10397,#10398);
#8892=AXIS2_PLACEMENT_3D('',#13123,#10399,#10400);
#8893=AXIS2_PLACEMENT_3D('',#13125,#10401,#10402);
#8894=AXIS2_PLACEMENT_3D('',#13127,#10403,#10404);
#8895=AXIS2_PLACEMENT_3D('',#13129,#10405,#10406);
#8896=AXIS2_PLACEMENT_3D('',#13131,#10407,#10408);
#8897=AXIS2_PLACEMENT_3D('',#13133,#10409,#10410);
#8898=AXIS2_PLACEMENT_3D('',#13135,#10411,#10412);
#8899=AXIS2_PLACEMENT_3D('',#13137,#10413,#10414);
#8900=AXIS2_PLACEMENT_3D('',#13139,#10415,#10416);
#8901=AXIS2_PLACEMENT_3D('',#13141,#10417,#10418);
#8902=AXIS2_PLACEMENT_3D('',#13143,#10419,#10420);
#8903=AXIS2_PLACEMENT_3D('',#13145,#10421,#10422);
#8904=AXIS2_PLACEMENT_3D('',#13147,#10423,#10424);
#8905=AXIS2_PLACEMENT_3D('',#13149,#10425,#10426);
#8906=AXIS2_PLACEMENT_3D('',#13151,#10427,#10428);
#8907=AXIS2_PLACEMENT_3D('',#13153,#10429,#10430);
#8908=AXIS2_PLACEMENT_3D('',#13155,#10431,#10432);
#8909=AXIS2_PLACEMENT_3D('',#13157,#10433,#10434);
#8910=AXIS2_PLACEMENT_3D('',#13159,#10435,#10436);
#8911=AXIS2_PLACEMENT_3D('',#13161,#10437,#10438);
#8912=AXIS2_PLACEMENT_3D('',#13163,#10439,#10440);
#8913=AXIS2_PLACEMENT_3D('',#13165,#10441,#10442);
#8914=AXIS2_PLACEMENT_3D('',#13167,#10443,#10444);
#8915=AXIS2_PLACEMENT_3D('',#13169,#10445,#10446);
#8916=AXIS2_PLACEMENT_3D('',#13171,#10447,#10448);
#8917=AXIS2_PLACEMENT_3D('',#13173,#10449,#10450);
#8918=AXIS2_PLACEMENT_3D('',#13175,#10451,#10452);
#8919=AXIS2_PLACEMENT_3D('',#13177,#10453,#10454);
#8920=AXIS2_PLACEMENT_3D('',#13179,#10455,#10456);
#8921=AXIS2_PLACEMENT_3D('',#13181,#10457,#10458);
#8922=AXIS2_PLACEMENT_3D('',#13183,#10459,#10460);
#8923=AXIS2_PLACEMENT_3D('',#13185,#10461,#10462);
#8924=AXIS2_PLACEMENT_3D('',#13187,#10463,#10464);
#8925=AXIS2_PLACEMENT_3D('',#13189,#10465,#10466);
#8926=AXIS2_PLACEMENT_3D('',#13191,#10467,#10468);
#8927=AXIS2_PLACEMENT_3D('',#13193,#10469,#10470);
#8928=AXIS2_PLACEMENT_3D('',#13195,#10471,#10472);
#8929=AXIS2_PLACEMENT_3D('',#13197,#10473,#10474);
#8930=AXIS2_PLACEMENT_3D('',#13199,#10475,#10476);
#8931=AXIS2_PLACEMENT_3D('',#13201,#10477,#10478);
#8932=AXIS2_PLACEMENT_3D('',#13203,#10479,#10480);
#8933=AXIS2_PLACEMENT_3D('',#13205,#10481,#10482);
#8934=AXIS2_PLACEMENT_3D('',#13207,#10483,#10484);
#8935=AXIS2_PLACEMENT_3D('',#13209,#10485,#10486);
#8936=AXIS2_PLACEMENT_3D('',#13211,#10487,#10488);
#8937=AXIS2_PLACEMENT_3D('',#13213,#10489,#10490);
#8938=AXIS2_PLACEMENT_3D('',#13215,#10491,#10492);
#8939=AXIS2_PLACEMENT_3D('',#13217,#10493,#10494);
#8940=AXIS2_PLACEMENT_3D('',#13219,#10495,#10496);
#8941=AXIS2_PLACEMENT_3D('',#13221,#10497,#10498);
#8942=AXIS2_PLACEMENT_3D('',#13223,#10499,#10500);
#8943=AXIS2_PLACEMENT_3D('',#13225,#10501,#10502);
#8944=AXIS2_PLACEMENT_3D('',#13227,#10503,#10504);
#8945=AXIS2_PLACEMENT_3D('',#13229,#10505,#10506);
#8946=AXIS2_PLACEMENT_3D('',#13231,#10507,#10508);
#8947=AXIS2_PLACEMENT_3D('',#13233,#10509,#10510);
#8948=AXIS2_PLACEMENT_3D('',#13235,#10511,#10512);
#8949=AXIS2_PLACEMENT_3D('',#13237,#10513,#10514);
#8950=AXIS2_PLACEMENT_3D('',#13239,#10515,#10516);
#8951=AXIS2_PLACEMENT_3D('',#13241,#10517,#10518);
#8952=AXIS2_PLACEMENT_3D('',#13243,#10519,#10520);
#8953=AXIS2_PLACEMENT_3D('',#13245,#10521,#10522);
#8954=AXIS2_PLACEMENT_3D('',#13247,#10523,#10524);
#8955=AXIS2_PLACEMENT_3D('',#13249,#10525,#10526);
#8956=AXIS2_PLACEMENT_3D('',#13251,#10527,#10528);
#8957=AXIS2_PLACEMENT_3D('',#13253,#10529,#10530);
#8958=AXIS2_PLACEMENT_3D('',#13255,#10531,#10532);
#8959=AXIS2_PLACEMENT_3D('',#13257,#10533,#10534);
#8960=AXIS2_PLACEMENT_3D('',#13259,#10535,#10536);
#8961=AXIS2_PLACEMENT_3D('',#13261,#10537,#10538);
#8962=AXIS2_PLACEMENT_3D('',#13263,#10539,#10540);
#8963=AXIS2_PLACEMENT_3D('',#13265,#10541,#10542);
#8964=AXIS2_PLACEMENT_3D('',#13267,#10543,#10544);
#8965=AXIS2_PLACEMENT_3D('',#13269,#10545,#10546);
#8966=AXIS2_PLACEMENT_3D('',#13271,#10547,#10548);
#8967=AXIS2_PLACEMENT_3D('',#13273,#10549,#10550);
#8968=AXIS2_PLACEMENT_3D('',#13275,#10551,#10552);
#8969=AXIS2_PLACEMENT_3D('',#13277,#10553,#10554);
#8970=AXIS2_PLACEMENT_3D('',#13279,#10555,#10556);
#8971=AXIS2_PLACEMENT_3D('',#13281,#10557,#10558);
#8972=AXIS2_PLACEMENT_3D('',#13283,#10559,#10560);
#8973=AXIS2_PLACEMENT_3D('',#13285,#10561,#10562);
#8974=AXIS2_PLACEMENT_3D('',#13287,#10563,#10564);
#8975=AXIS2_PLACEMENT_3D('',#13289,#10565,#10566);
#8976=AXIS2_PLACEMENT_3D('',#13291,#10567,#10568);
#8977=AXIS2_PLACEMENT_3D('',#13293,#10569,#10570);
#8978=AXIS2_PLACEMENT_3D('',#13295,#10571,#10572);
#8979=AXIS2_PLACEMENT_3D('',#13297,#10573,#10574);
#8980=AXIS2_PLACEMENT_3D('',#13299,#10575,#10576);
#8981=AXIS2_PLACEMENT_3D('',#13301,#10577,#10578);
#8982=AXIS2_PLACEMENT_3D('',#13303,#10579,#10580);
#8983=AXIS2_PLACEMENT_3D('',#13355,#10582,#10583);
#8984=AXIS2_PLACEMENT_3D('',#13362,#10587,#10588);
#8985=AXIS2_PLACEMENT_3D('',#13412,#10590,#10591);
#8986=AXIS2_PLACEMENT_3D('',#13465,#10596,#10597);
#8987=AXIS2_PLACEMENT_3D('',#13468,#10600,#10601);
#8988=AXIS2_PLACEMENT_3D('',#13469,#10602,#10603);
#8989=AXIS2_PLACEMENT_3D('',#13471,#10604,#10605);
#8990=AXIS2_PLACEMENT_3D('',#13474,#10606,#10607);
#8991=AXIS2_PLACEMENT_3D('',#13477,#10609,#10610);
#8992=AXIS2_PLACEMENT_3D('',#13480,#10611,#10612);
#8993=AXIS2_PLACEMENT_3D('',#13484,#10614,#10615);
#8994=AXIS2_PLACEMENT_3D('',#13487,#10617,#10618);
#8995=AXIS2_PLACEMENT_3D('',#13490,#10619,#10620);
#8996=AXIS2_PLACEMENT_3D('',#13494,#10622,#10623);
#8997=AXIS2_PLACEMENT_3D('',#13498,#10625,#10626);
#8998=AXIS2_PLACEMENT_3D('',#13501,#10628,#10629);
#8999=AXIS2_PLACEMENT_3D('',#13503,#10630,#10631);
#9000=AXIS2_PLACEMENT_3D('',#13506,#10632,#10633);
#9001=AXIS2_PLACEMENT_3D('',#13509,#10635,#10636);
#9002=AXIS2_PLACEMENT_3D('',#13512,#10637,#10638);
#9003=AXIS2_PLACEMENT_3D('',#13515,#10640,#10641);
#9004=AXIS2_PLACEMENT_3D('',#13517,#10642,#10643);
#9005=AXIS2_PLACEMENT_3D('',#13519,#10644,#10645);
#9006=AXIS2_PLACEMENT_3D('',#13522,#10646,#10647);
#9007=AXIS2_PLACEMENT_3D('',#13525,#10649,#10650);
#9008=AXIS2_PLACEMENT_3D('',#13527,#10651,#10652);
#9009=AXIS2_PLACEMENT_3D('',#13529,#10653,#10654);
#9010=AXIS2_PLACEMENT_3D('',#13532,#10655,#10656);
#9011=AXIS2_PLACEMENT_3D('',#13535,#10658,#10659);
#9012=AXIS2_PLACEMENT_3D('',#13537,#10660,#10661);
#9013=AXIS2_PLACEMENT_3D('',#13539,#10662,#10663);
#9014=AXIS2_PLACEMENT_3D('',#13541,#10664,#10665);
#9015=AXIS2_PLACEMENT_3D('',#13543,#10666,#10667);
#9016=AXIS2_PLACEMENT_3D('',#13546,#10668,#10669);
#9017=AXIS2_PLACEMENT_3D('',#13550,#10671,#10672);
#9018=AXIS2_PLACEMENT_3D('',#13553,#10674,#10675);
#9019=AXIS2_PLACEMENT_3D('',#13555,#10676,#10677);
#9020=AXIS2_PLACEMENT_3D('',#13557,#10678,#10679);
#9021=AXIS2_PLACEMENT_3D('',#13559,#10680,#10681);
#9022=AXIS2_PLACEMENT_3D('',#13561,#10682,#10683);
#9023=AXIS2_PLACEMENT_3D('',#13564,#10684,#10685);
#9024=AXIS2_PLACEMENT_3D('',#13567,#10687,#10688);
#9025=AXIS2_PLACEMENT_3D('',#13569,#10689,#10690);
#9026=AXIS2_PLACEMENT_3D('',#13571,#10691,#10692);
#9027=AXIS2_PLACEMENT_3D('',#13573,#10693,#10694);
#9028=AXIS2_PLACEMENT_3D('',#13576,#10695,#10696);
#9029=AXIS2_PLACEMENT_3D('',#13580,#10698,#10699);
#9030=AXIS2_PLACEMENT_3D('',#13584,#10701,#10702);
#9031=AXIS2_PLACEMENT_3D('',#13587,#10704,#10705);
#9032=AXIS2_PLACEMENT_3D('',#13589,#10706,#10707);
#9033=AXIS2_PLACEMENT_3D('',#13591,#10708,#10709);
#9034=AXIS2_PLACEMENT_3D('',#13594,#10710,#10711);
#9035=AXIS2_PLACEMENT_3D('',#13597,#10713,#10714);
#9036=AXIS2_PLACEMENT_3D('',#13599,#10715,#10716);
#9037=AXIS2_PLACEMENT_3D('',#13602,#10717,#10718);
#9038=AXIS2_PLACEMENT_3D('',#13605,#10720,#10721);
#9039=AXIS2_PLACEMENT_3D('',#13607,#10722,#10723);
#9040=AXIS2_PLACEMENT_3D('',#13610,#10724,#10725);
#9041=AXIS2_PLACEMENT_3D('',#13613,#10727,#10728);
#9042=AXIS2_PLACEMENT_3D('',#13616,#10729,#10730);
#9043=AXIS2_PLACEMENT_3D('',#13620,#10732,#10733);
#9044=AXIS2_PLACEMENT_3D('',#13623,#10735,#10736);
#9045=AXIS2_PLACEMENT_3D('',#13625,#10737,#10738);
#9046=AXIS2_PLACEMENT_3D('',#13628,#10739,#10740);
#9047=AXIS2_PLACEMENT_3D('',#13631,#10742,#10743);
#9048=AXIS2_PLACEMENT_3D('',#13634,#10744,#10745);
#9049=AXIS2_PLACEMENT_3D('',#13637,#10747,#10748);
#9050=AXIS2_PLACEMENT_3D('',#13639,#10749,#10750);
#9051=AXIS2_PLACEMENT_3D('',#13641,#10751,#10752);
#9052=AXIS2_PLACEMENT_3D('',#13643,#10753,#10754);
#9053=AXIS2_PLACEMENT_3D('',#13645,#10755,#10756);
#9054=AXIS2_PLACEMENT_3D('',#13647,#10757,#10758);
#9055=AXIS2_PLACEMENT_3D('',#13649,#10759,#10760);
#9056=AXIS2_PLACEMENT_3D('',#13651,#10761,#10762);
#9057=AXIS2_PLACEMENT_3D('',#13653,#10763,#10764);
#9058=AXIS2_PLACEMENT_3D('',#13655,#10765,#10766);
#9059=AXIS2_PLACEMENT_3D('',#13657,#10767,#10768);
#9060=AXIS2_PLACEMENT_3D('',#13660,#10769,#10770);
#9061=AXIS2_PLACEMENT_3D('',#13663,#10772,#10773);
#9062=AXIS2_PLACEMENT_3D('',#13665,#10774,#10775);
#9063=AXIS2_PLACEMENT_3D('',#13667,#10776,#10777);
#9064=AXIS2_PLACEMENT_3D('',#13669,#10778,#10779);
#9065=AXIS2_PLACEMENT_3D('',#13671,#10780,#10781);
#9066=AXIS2_PLACEMENT_3D('',#13673,#10782,#10783);
#9067=AXIS2_PLACEMENT_3D('',#13675,#10784,#10785);
#9068=AXIS2_PLACEMENT_3D('',#13677,#10786,#10787);
#9069=AXIS2_PLACEMENT_3D('',#13679,#10788,#10789);
#9070=AXIS2_PLACEMENT_3D('',#13682,#10790,#10791);
#9071=AXIS2_PLACEMENT_3D('',#13686,#10793,#10794);
#9072=AXIS2_PLACEMENT_3D('',#13689,#10796,#10797);
#9073=AXIS2_PLACEMENT_3D('',#13691,#10798,#10799);
#9074=AXIS2_PLACEMENT_3D('',#13694,#10800,#10801);
#9075=AXIS2_PLACEMENT_3D('',#13698,#10803,#10804);
#9076=AXIS2_PLACEMENT_3D('',#13702,#10806,#10807);
#9077=AXIS2_PLACEMENT_3D('',#13706,#10809,#10810);
#9078=AXIS2_PLACEMENT_3D('',#13710,#10812,#10813);
#9079=AXIS2_PLACEMENT_3D('',#13713,#10815,#10816);
#9080=AXIS2_PLACEMENT_3D('',#13715,#10817,#10818);
#9081=AXIS2_PLACEMENT_3D('',#13718,#10819,#10820);
#9082=AXIS2_PLACEMENT_3D('',#13721,#10822,#10823);
#9083=AXIS2_PLACEMENT_3D('',#13723,#10824,#10825);
#9084=AXIS2_PLACEMENT_3D('',#13725,#10826,#10827);
#9085=AXIS2_PLACEMENT_3D('',#13728,#10828,#10829);
#9086=AXIS2_PLACEMENT_3D('',#13731,#10831,#10832);
#9087=AXIS2_PLACEMENT_3D('',#13733,#10833,#10834);
#9088=AXIS2_PLACEMENT_3D('',#13734,#10835,#10836);
#9089=AXIS2_PLACEMENT_3D('',#13749,#10841,#10842);
#9090=AXIS2_PLACEMENT_3D('',#13783,#10844,#10845);
#9091=AXIS2_PLACEMENT_3D('',#13784,#10846,#10847);
#9092=AXIS2_PLACEMENT_3D('',#13833,#10852,#10853);
#9093=AXIS2_PLACEMENT_3D('',#13834,#10854,#10855);
#9094=AXIS2_PLACEMENT_3D('',#13838,#10857,#10858);
#9095=AXIS2_PLACEMENT_3D('',#13841,#10860,#10861);
#9096=AXIS2_PLACEMENT_3D('',#13842,#10862,#10863);
#9097=AXIS2_PLACEMENT_3D('',#13909,#10868,#10869);
#9098=AXIS2_PLACEMENT_3D('',#13911,#10870,#10871);
#9099=AXIS2_PLACEMENT_3D('',#13913,#10872,#10873);
#9100=AXIS2_PLACEMENT_3D('',#13915,#10874,#10875);
#9101=AXIS2_PLACEMENT_3D('',#13917,#10876,#10877);
#9102=AXIS2_PLACEMENT_3D('',#13919,#10878,#10879);
#9103=AXIS2_PLACEMENT_3D('',#13921,#10880,#10881);
#9104=AXIS2_PLACEMENT_3D('',#13923,#10882,#10883);
#9105=AXIS2_PLACEMENT_3D('',#13925,#10884,#10885);
#9106=AXIS2_PLACEMENT_3D('',#13927,#10886,#10887);
#9107=AXIS2_PLACEMENT_3D('',#13929,#10888,#10889);
#9108=AXIS2_PLACEMENT_3D('',#13931,#10890,#10891);
#9109=AXIS2_PLACEMENT_3D('',#13933,#10892,#10893);
#9110=AXIS2_PLACEMENT_3D('',#13935,#10894,#10895);
#9111=AXIS2_PLACEMENT_3D('',#13937,#10896,#10897);
#9112=AXIS2_PLACEMENT_3D('',#13939,#10898,#10899);
#9113=AXIS2_PLACEMENT_3D('',#13941,#10900,#10901);
#9114=AXIS2_PLACEMENT_3D('',#13943,#10902,#10903);
#9115=AXIS2_PLACEMENT_3D('',#13945,#10904,#10905);
#9116=AXIS2_PLACEMENT_3D('',#13947,#10906,#10907);
#9117=AXIS2_PLACEMENT_3D('',#13949,#10908,#10909);
#9118=AXIS2_PLACEMENT_3D('',#13951,#10910,#10911);
#9119=AXIS2_PLACEMENT_3D('',#13953,#10912,#10913);
#9120=AXIS2_PLACEMENT_3D('',#13955,#10914,#10915);
#9121=AXIS2_PLACEMENT_3D('',#13957,#10916,#10917);
#9122=AXIS2_PLACEMENT_3D('',#13959,#10918,#10919);
#9123=AXIS2_PLACEMENT_3D('',#13961,#10920,#10921);
#9124=AXIS2_PLACEMENT_3D('',#13963,#10922,#10923);
#9125=AXIS2_PLACEMENT_3D('',#13965,#10924,#10925);
#9126=AXIS2_PLACEMENT_3D('',#13967,#10926,#10927);
#9127=AXIS2_PLACEMENT_3D('',#13969,#10928,#10929);
#9128=AXIS2_PLACEMENT_3D('',#13971,#10930,#10931);
#9129=AXIS2_PLACEMENT_3D('',#13973,#10932,#10933);
#9130=AXIS2_PLACEMENT_3D('',#13975,#10934,#10935);
#9131=AXIS2_PLACEMENT_3D('',#13977,#10936,#10937);
#9132=AXIS2_PLACEMENT_3D('',#13979,#10938,#10939);
#9133=AXIS2_PLACEMENT_3D('',#13981,#10940,#10941);
#9134=AXIS2_PLACEMENT_3D('',#13983,#10942,#10943);
#9135=AXIS2_PLACEMENT_3D('',#13985,#10944,#10945);
#9136=AXIS2_PLACEMENT_3D('',#13987,#10946,#10947);
#9137=AXIS2_PLACEMENT_3D('',#13989,#10948,#10949);
#9138=AXIS2_PLACEMENT_3D('',#13991,#10950,#10951);
#9139=AXIS2_PLACEMENT_3D('',#13993,#10952,#10953);
#9140=AXIS2_PLACEMENT_3D('',#13995,#10954,#10955);
#9141=AXIS2_PLACEMENT_3D('',#13997,#10956,#10957);
#9142=AXIS2_PLACEMENT_3D('',#13999,#10958,#10959);
#9143=AXIS2_PLACEMENT_3D('',#14001,#10960,#10961);
#9144=AXIS2_PLACEMENT_3D('',#14003,#10962,#10963);
#9145=AXIS2_PLACEMENT_3D('',#14005,#10964,#10965);
#9146=AXIS2_PLACEMENT_3D('',#14007,#10966,#10967);
#9147=AXIS2_PLACEMENT_3D('',#14009,#10968,#10969);
#9148=AXIS2_PLACEMENT_3D('',#14011,#10970,#10971);
#9149=AXIS2_PLACEMENT_3D('',#14013,#10972,#10973);
#9150=AXIS2_PLACEMENT_3D('',#14015,#10974,#10975);
#9151=AXIS2_PLACEMENT_3D('',#14017,#10976,#10977);
#9152=AXIS2_PLACEMENT_3D('',#14019,#10978,#10979);
#9153=AXIS2_PLACEMENT_3D('',#14021,#10980,#10981);
#9154=AXIS2_PLACEMENT_3D('',#14023,#10982,#10983);
#9155=AXIS2_PLACEMENT_3D('',#14025,#10984,#10985);
#9156=AXIS2_PLACEMENT_3D('',#14027,#10986,#10987);
#9157=AXIS2_PLACEMENT_3D('',#14029,#10988,#10989);
#9158=AXIS2_PLACEMENT_3D('',#14031,#10990,#10991);
#9159=AXIS2_PLACEMENT_3D('',#14033,#10992,#10993);
#9160=AXIS2_PLACEMENT_3D('',#14035,#10994,#10995);
#9161=AXIS2_PLACEMENT_3D('',#14037,#10996,#10997);
#9162=AXIS2_PLACEMENT_3D('',#14039,#10998,#10999);
#9163=AXIS2_PLACEMENT_3D('',#14076,#11001,#11002);
#9164=AXIS2_PLACEMENT_3D('',#14081,#11005,#11006);
#9165=AXIS2_PLACEMENT_3D('',#14083,#11007,#11008);
#9166=AXIS2_PLACEMENT_3D('',#14085,#11009,#11010);
#9167=AXIS2_PLACEMENT_3D('',#14087,#11011,#11012);
#9168=AXIS2_PLACEMENT_3D('',#14089,#11013,#11014);
#9169=AXIS2_PLACEMENT_3D('',#14091,#11015,#11016);
#9170=AXIS2_PLACEMENT_3D('',#14093,#11017,#11018);
#9171=AXIS2_PLACEMENT_3D('',#14095,#11019,#11020);
#9172=AXIS2_PLACEMENT_3D('',#14097,#11021,#11022);
#9173=AXIS2_PLACEMENT_3D('',#14099,#11023,#11024);
#9174=AXIS2_PLACEMENT_3D('',#14101,#11025,#11026);
#9175=AXIS2_PLACEMENT_3D('',#14103,#11027,#11028);
#9176=AXIS2_PLACEMENT_3D('',#14105,#11029,#11030);
#9177=AXIS2_PLACEMENT_3D('',#14107,#11031,#11032);
#9178=AXIS2_PLACEMENT_3D('',#14109,#11033,#11034);
#9179=AXIS2_PLACEMENT_3D('',#14111,#11035,#11036);
#9180=AXIS2_PLACEMENT_3D('',#14113,#11037,#11038);
#9181=AXIS2_PLACEMENT_3D('',#14115,#11039,#11040);
#9182=AXIS2_PLACEMENT_3D('',#14117,#11041,#11042);
#9183=AXIS2_PLACEMENT_3D('',#14119,#11043,#11044);
#9184=AXIS2_PLACEMENT_3D('',#14121,#11045,#11046);
#9185=AXIS2_PLACEMENT_3D('',#14123,#11047,#11048);
#9186=AXIS2_PLACEMENT_3D('',#14125,#11049,#11050);
#9187=AXIS2_PLACEMENT_3D('',#14127,#11051,#11052);
#9188=AXIS2_PLACEMENT_3D('',#14129,#11053,#11054);
#9189=AXIS2_PLACEMENT_3D('',#14131,#11055,#11056);
#9190=AXIS2_PLACEMENT_3D('',#14133,#11057,#11058);
#9191=AXIS2_PLACEMENT_3D('',#14135,#11059,#11060);
#9192=AXIS2_PLACEMENT_3D('',#14137,#11061,#11062);
#9193=AXIS2_PLACEMENT_3D('',#14139,#11063,#11064);
#9194=AXIS2_PLACEMENT_3D('',#14141,#11065,#11066);
#9195=AXIS2_PLACEMENT_3D('',#14143,#11067,#11068);
#9196=AXIS2_PLACEMENT_3D('',#14145,#11069,#11070);
#9197=AXIS2_PLACEMENT_3D('',#14147,#11071,#11072);
#9198=AXIS2_PLACEMENT_3D('',#14149,#11073,#11074);
#9199=AXIS2_PLACEMENT_3D('',#14151,#11075,#11076);
#9200=AXIS2_PLACEMENT_3D('',#14153,#11077,#11078);
#9201=AXIS2_PLACEMENT_3D('',#14155,#11079,#11080);
#9202=AXIS2_PLACEMENT_3D('',#14157,#11081,#11082);
#9203=AXIS2_PLACEMENT_3D('',#14159,#11083,#11084);
#9204=AXIS2_PLACEMENT_3D('',#14161,#11085,#11086);
#9205=AXIS2_PLACEMENT_3D('',#14163,#11087,#11088);
#9206=AXIS2_PLACEMENT_3D('',#14165,#11089,#11090);
#9207=AXIS2_PLACEMENT_3D('',#14167,#11091,#11092);
#9208=AXIS2_PLACEMENT_3D('',#14169,#11093,#11094);
#9209=AXIS2_PLACEMENT_3D('',#14171,#11095,#11096);
#9210=AXIS2_PLACEMENT_3D('',#14173,#11097,#11098);
#9211=AXIS2_PLACEMENT_3D('',#14175,#11099,#11100);
#9212=AXIS2_PLACEMENT_3D('',#14177,#11101,#11102);
#9213=AXIS2_PLACEMENT_3D('',#14179,#11103,#11104);
#9214=AXIS2_PLACEMENT_3D('',#14181,#11105,#11106);
#9215=AXIS2_PLACEMENT_3D('',#14183,#11107,#11108);
#9216=AXIS2_PLACEMENT_3D('',#14185,#11109,#11110);
#9217=AXIS2_PLACEMENT_3D('',#14187,#11111,#11112);
#9218=AXIS2_PLACEMENT_3D('',#14189,#11113,#11114);
#9219=AXIS2_PLACEMENT_3D('',#14191,#11115,#11116);
#9220=AXIS2_PLACEMENT_3D('',#14193,#11117,#11118);
#9221=AXIS2_PLACEMENT_3D('',#14195,#11119,#11120);
#9222=AXIS2_PLACEMENT_3D('',#14197,#11121,#11122);
#9223=AXIS2_PLACEMENT_3D('',#14199,#11123,#11124);
#9224=AXIS2_PLACEMENT_3D('',#14201,#11125,#11126);
#9225=AXIS2_PLACEMENT_3D('',#14203,#11127,#11128);
#9226=AXIS2_PLACEMENT_3D('',#14205,#11129,#11130);
#9227=AXIS2_PLACEMENT_3D('',#14207,#11131,#11132);
#9228=AXIS2_PLACEMENT_3D('',#14209,#11133,#11134);
#9229=AXIS2_PLACEMENT_3D('',#14211,#11135,#11136);
#9230=AXIS2_PLACEMENT_3D('',#14213,#11137,#11138);
#9231=AXIS2_PLACEMENT_3D('',#14215,#11139,#11140);
#9232=AXIS2_PLACEMENT_3D('',#14217,#11141,#11142);
#9233=AXIS2_PLACEMENT_3D('',#14219,#11143,#11144);
#9234=AXIS2_PLACEMENT_3D('',#14221,#11145,#11146);
#9235=AXIS2_PLACEMENT_3D('',#14223,#11147,#11148);
#9236=AXIS2_PLACEMENT_3D('',#14225,#11149,#11150);
#9237=AXIS2_PLACEMENT_3D('',#14227,#11151,#11152);
#9238=AXIS2_PLACEMENT_3D('',#14229,#11153,#11154);
#9239=AXIS2_PLACEMENT_3D('',#14231,#11155,#11156);
#9240=AXIS2_PLACEMENT_3D('',#14233,#11157,#11158);
#9241=AXIS2_PLACEMENT_3D('',#14235,#11159,#11160);
#9242=AXIS2_PLACEMENT_3D('',#14237,#11161,#11162);
#9243=AXIS2_PLACEMENT_3D('',#14239,#11163,#11164);
#9244=AXIS2_PLACEMENT_3D('',#14241,#11165,#11166);
#9245=AXIS2_PLACEMENT_3D('',#14243,#11167,#11168);
#9246=AXIS2_PLACEMENT_3D('',#14245,#11169,#11170);
#9247=AXIS2_PLACEMENT_3D('',#14247,#11171,#11172);
#9248=AXIS2_PLACEMENT_3D('',#14249,#11173,#11174);
#9249=AXIS2_PLACEMENT_3D('',#14251,#11175,#11176);
#9250=AXIS2_PLACEMENT_3D('',#14253,#11177,#11178);
#9251=AXIS2_PLACEMENT_3D('',#14255,#11179,#11180);
#9252=AXIS2_PLACEMENT_3D('',#14257,#11181,#11182);
#9253=AXIS2_PLACEMENT_3D('',#14259,#11183,#11184);
#9254=AXIS2_PLACEMENT_3D('',#14261,#11185,#11186);
#9255=AXIS2_PLACEMENT_3D('',#14263,#11187,#11188);
#9256=AXIS2_PLACEMENT_3D('',#14265,#11189,#11190);
#9257=AXIS2_PLACEMENT_3D('',#14267,#11191,#11192);
#9258=AXIS2_PLACEMENT_3D('',#14269,#11193,#11194);
#9259=AXIS2_PLACEMENT_3D('',#14271,#11195,#11196);
#9260=AXIS2_PLACEMENT_3D('',#14273,#11197,#11198);
#9261=AXIS2_PLACEMENT_3D('',#14275,#11199,#11200);
#9262=AXIS2_PLACEMENT_3D('',#14277,#11201,#11202);
#9263=AXIS2_PLACEMENT_3D('',#14279,#11203,#11204);
#9264=AXIS2_PLACEMENT_3D('',#14281,#11205,#11206);
#9265=AXIS2_PLACEMENT_3D('',#14283,#11207,#11208);
#9266=AXIS2_PLACEMENT_3D('',#14285,#11209,#11210);
#9267=AXIS2_PLACEMENT_3D('',#14287,#11211,#11212);
#9268=AXIS2_PLACEMENT_3D('',#14289,#11213,#11214);
#9269=AXIS2_PLACEMENT_3D('',#14291,#11215,#11216);
#9270=AXIS2_PLACEMENT_3D('',#14293,#11217,#11218);
#9271=AXIS2_PLACEMENT_3D('',#14295,#11219,#11220);
#9272=AXIS2_PLACEMENT_3D('',#14297,#11221,#11222);
#9273=AXIS2_PLACEMENT_3D('',#14299,#11223,#11224);
#9274=AXIS2_PLACEMENT_3D('',#14301,#11225,#11226);
#9275=AXIS2_PLACEMENT_3D('',#14303,#11227,#11228);
#9276=AXIS2_PLACEMENT_3D('',#14305,#11229,#11230);
#9277=AXIS2_PLACEMENT_3D('',#14307,#11231,#11232);
#9278=AXIS2_PLACEMENT_3D('',#14309,#11233,#11234);
#9279=AXIS2_PLACEMENT_3D('',#14311,#11235,#11236);
#9280=AXIS2_PLACEMENT_3D('',#14313,#11237,#11238);
#9281=AXIS2_PLACEMENT_3D('',#14315,#11239,#11240);
#9282=AXIS2_PLACEMENT_3D('',#14317,#11241,#11242);
#9283=AXIS2_PLACEMENT_3D('',#14319,#11243,#11244);
#9284=AXIS2_PLACEMENT_3D('',#14321,#11245,#11246);
#9285=AXIS2_PLACEMENT_3D('',#14323,#11247,#11248);
#9286=AXIS2_PLACEMENT_3D('',#14325,#11249,#11250);
#9287=AXIS2_PLACEMENT_3D('',#14327,#11251,#11252);
#9288=AXIS2_PLACEMENT_3D('',#14329,#11253,#11254);
#9289=AXIS2_PLACEMENT_3D('',#14331,#11255,#11256);
#9290=AXIS2_PLACEMENT_3D('',#14333,#11257,#11258);
#9291=AXIS2_PLACEMENT_3D('',#14335,#11259,#11260);
#9292=AXIS2_PLACEMENT_3D('',#14337,#11261,#11262);
#9293=AXIS2_PLACEMENT_3D('',#14339,#11263,#11264);
#9294=AXIS2_PLACEMENT_3D('',#14341,#11265,#11266);
#9295=AXIS2_PLACEMENT_3D('',#14343,#11267,#11268);
#9296=AXIS2_PLACEMENT_3D('',#14381,#11270,#11271);
#9297=AXIS2_PLACEMENT_3D('',#14424,#11277,#11278);
#9298=AXIS2_PLACEMENT_3D('',#14485,#11283,#11284);
#9299=AXIS2_PLACEMENT_3D('',#14546,#11289,#11290);
#9300=AXIS2_PLACEMENT_3D('',#14568,#11292,#11293);
#9301=AXIS2_PLACEMENT_3D('',#14597,#11294,#11295);
#9302=AXIS2_PLACEMENT_3D('',#14599,#11297,#11298);
#9303=AXIS2_PLACEMENT_3D('',#14601,#11300,#11301);
#9304=AXIS2_PLACEMENT_3D('',#14603,#11303,#11304);
#9305=AXIS2_PLACEMENT_3D('',#14604,#11305,#11306);
#9306=AXIS2_PLACEMENT_3D('',#14605,#11307,#11308);
#9307=AXIS2_PLACEMENT_3D('',#14607,#11310,#11311);
#9308=AXIS2_PLACEMENT_3D('',#14608,#11312,#11313);
#9309=AXIS2_PLACEMENT_3D('',#14610,#11315,#11316);
#9310=AXIS2_PLACEMENT_3D('',#14612,#11318,#11319);
#9311=AXIS2_PLACEMENT_3D('',#14613,#11320,#11321);
#9312=AXIS2_PLACEMENT_3D('',#14614,#11322,#11323);
#9313=AXIS2_PLACEMENT_3D('',#14616,#11325,#11326);
#9314=AXIS2_PLACEMENT_3D('',#14617,#11327,#11328);
#9315=AXIS2_PLACEMENT_3D('',#14619,#11330,#11331);
#9316=AXIS2_PLACEMENT_3D('',#14620,#11332,#11333);
#9317=AXIS2_PLACEMENT_3D('',#14621,#11334,#11335);
#9318=AXIS2_PLACEMENT_3D('',#14623,#11337,#11338);
#9319=AXIS2_PLACEMENT_3D('',#14624,#11339,#11340);
#9320=AXIS2_PLACEMENT_3D('',#14626,#11342,#11343);
#9321=AXIS2_PLACEMENT_3D('',#14628,#11345,#11346);
#9322=AXIS2_PLACEMENT_3D('',#14629,#11347,#11348);
#9323=AXIS2_PLACEMENT_3D('',#14630,#11349,#11350);
#9324=AXIS2_PLACEMENT_3D('',#14632,#11352,#11353);
#9325=AXIS2_PLACEMENT_3D('',#14633,#11354,#11355);
#9326=AXIS2_PLACEMENT_3D('',#14634,#11356,#11357);
#9327=AXIS2_PLACEMENT_3D('',#14635,#11358,#11359);
#9328=AXIS2_PLACEMENT_3D('',#14637,#11361,#11362);
#9329=AXIS2_PLACEMENT_3D('',#14638,#11363,#11364);
#9330=AXIS2_PLACEMENT_3D('',#14639,#11365,#11366);
#9331=AXIS2_PLACEMENT_3D('',#14640,#11367,#11368);
#9332=AXIS2_PLACEMENT_3D('',#14642,#11370,#11371);
#9333=AXIS2_PLACEMENT_3D('',#14643,#11372,#11373);
#9334=AXIS2_PLACEMENT_3D('',#14645,#11375,#11376);
#9335=AXIS2_PLACEMENT_3D('',#14647,#11378,#11379);
#9336=AXIS2_PLACEMENT_3D('',#14649,#11381,#11382);
#9337=AXIS2_PLACEMENT_3D('',#14651,#11384,#11385);
#9338=AXIS2_PLACEMENT_3D('',#14652,#11386,#11387);
#9339=AXIS2_PLACEMENT_3D('',#14653,#11388,#11389);
#9340=AXIS2_PLACEMENT_3D('',#14655,#11391,#11392);
#9341=AXIS2_PLACEMENT_3D('',#14656,#11393,#11394);
#9342=AXIS2_PLACEMENT_3D('',#14658,#11396,#11397);
#9343=AXIS2_PLACEMENT_3D('',#14660,#11399,#11400);
#9344=AXIS2_PLACEMENT_3D('',#14661,#11401,#11402);
#9345=AXIS2_PLACEMENT_3D('',#14662,#11403,#11404);
#9346=AXIS2_PLACEMENT_3D('',#14664,#11406,#11407);
#9347=AXIS2_PLACEMENT_3D('',#14665,#11408,#11409);
#9348=AXIS2_PLACEMENT_3D('',#14667,#11411,#11412);
#9349=AXIS2_PLACEMENT_3D('',#14669,#11414,#11415);
#9350=AXIS2_PLACEMENT_3D('',#14671,#11417,#11418);
#9351=AXIS2_PLACEMENT_3D('',#14673,#11420,#11421);
#9352=AXIS2_PLACEMENT_3D('',#14675,#11423,#11424);
#9353=AXIS2_PLACEMENT_3D('',#14677,#11426,#11427);
#9354=AXIS2_PLACEMENT_3D('',#14678,#11428,#11429);
#9355=AXIS2_PLACEMENT_3D('',#14679,#11430,#11431);
#9356=AXIS2_PLACEMENT_3D('',#14681,#11433,#11434);
#9357=AXIS2_PLACEMENT_3D('',#14682,#11435,#11436);
#9358=AXIS2_PLACEMENT_3D('',#14684,#11438,#11439);
#9359=AXIS2_PLACEMENT_3D('',#14686,#11441,#11442);
#9360=AXIS2_PLACEMENT_3D('',#14688,#11444,#11445);
#9361=AXIS2_PLACEMENT_3D('',#14690,#11447,#11448);
#9362=AXIS2_PLACEMENT_3D('',#14692,#11450,#11451);
#9363=AXIS2_PLACEMENT_3D('',#14694,#11453,#11454);
#9364=AXIS2_PLACEMENT_3D('',#14696,#11456,#11457);
#9365=AXIS2_PLACEMENT_3D('',#14698,#11459,#11460);
#9366=AXIS2_PLACEMENT_3D('',#14700,#11462,#11463);
#9367=AXIS2_PLACEMENT_3D('',#14702,#11465,#11466);
#9368=AXIS2_PLACEMENT_3D('',#14703,#11467,#11468);
#9369=AXIS2_PLACEMENT_3D('',#14704,#11469,#11470);
#9370=AXIS2_PLACEMENT_3D('',#14706,#11472,#11473);
#9371=AXIS2_PLACEMENT_3D('',#14707,#11474,#11475);
#9372=AXIS2_PLACEMENT_3D('',#14709,#11477,#11478);
#9373=AXIS2_PLACEMENT_3D('',#14711,#11480,#11481);
#9374=AXIS2_PLACEMENT_3D('',#14713,#11483,#11484);
#9375=AXIS2_PLACEMENT_3D('',#14715,#11486,#11487);
#9376=AXIS2_PLACEMENT_3D('',#14717,#11489,#11490);
#9377=AXIS2_PLACEMENT_3D('',#14719,#11492,#11493);
#9378=AXIS2_PLACEMENT_3D('',#14721,#11495,#11496);
#9379=AXIS2_PLACEMENT_3D('',#14723,#11498,#11499);
#9380=AXIS2_PLACEMENT_3D('',#14725,#11501,#11502);
#9381=AXIS2_PLACEMENT_3D('',#14727,#11504,#11505);
#9382=AXIS2_PLACEMENT_3D('',#14729,#11507,#11508);
#9383=AXIS2_PLACEMENT_3D('',#14731,#11510,#11511);
#9384=AXIS2_PLACEMENT_3D('',#14733,#11513,#11514);
#9385=AXIS2_PLACEMENT_3D('',#14734,#11515,#11516);
#9386=AXIS2_PLACEMENT_3D('',#14735,#11517,#11518);
#9387=AXIS2_PLACEMENT_3D('',#14737,#11520,#11521);
#9388=AXIS2_PLACEMENT_3D('',#14738,#11522,#11523);
#9389=AXIS2_PLACEMENT_3D('',#14739,#11524,#11525);
#9390=AXIS2_PLACEMENT_3D('',#14740,#11526,#11527);
#9391=AXIS2_PLACEMENT_3D('',#14742,#11529,#11530);
#9392=AXIS2_PLACEMENT_3D('',#14743,#11531,#11532);
#9393=AXIS2_PLACEMENT_3D('',#14745,#11534,#11535);
#9394=AXIS2_PLACEMENT_3D('',#14747,#11537,#11538);
#9395=AXIS2_PLACEMENT_3D('',#14749,#11540,#11541);
#9396=AXIS2_PLACEMENT_3D('',#14751,#11543,#11544);
#9397=AXIS2_PLACEMENT_3D('',#14753,#11546,#11547);
#9398=AXIS2_PLACEMENT_3D('',#14755,#11549,#11550);
#9399=AXIS2_PLACEMENT_3D('',#14757,#11552,#11553);
#9400=AXIS2_PLACEMENT_3D('',#14759,#11555,#11556);
#9401=AXIS2_PLACEMENT_3D('',#14761,#11558,#11559);
#9402=AXIS2_PLACEMENT_3D('',#14763,#11561,#11562);
#9403=AXIS2_PLACEMENT_3D('',#14765,#11564,#11565);
#9404=AXIS2_PLACEMENT_3D('',#14767,#11567,#11568);
#9405=AXIS2_PLACEMENT_3D('',#14769,#11570,#11571);
#9406=AXIS2_PLACEMENT_3D('',#14771,#11573,#11574);
#9407=AXIS2_PLACEMENT_3D('',#14773,#11576,#11577);
#9408=AXIS2_PLACEMENT_3D('',#14774,#11578,#11579);
#9409=AXIS2_PLACEMENT_3D('',#14775,#11580,#11581);
#9410=AXIS2_PLACEMENT_3D('',#14777,#11583,#11584);
#9411=AXIS2_PLACEMENT_3D('',#14778,#11585,#11586);
#9412=AXIS2_PLACEMENT_3D('',#14780,#11588,#11589);
#9413=AXIS2_PLACEMENT_3D('',#14782,#11591,#11592);
#9414=AXIS2_PLACEMENT_3D('',#14784,#11594,#11595);
#9415=AXIS2_PLACEMENT_3D('',#14786,#11597,#11598);
#9416=AXIS2_PLACEMENT_3D('',#14788,#11600,#11601);
#9417=AXIS2_PLACEMENT_3D('',#14790,#11603,#11604);
#9418=AXIS2_PLACEMENT_3D('',#14792,#11606,#11607);
#9419=AXIS2_PLACEMENT_3D('',#14794,#11609,#11610);
#9420=AXIS2_PLACEMENT_3D('',#14796,#11612,#11613);
#9421=AXIS2_PLACEMENT_3D('',#14797,#11614,#11615);
#9422=AXIS2_PLACEMENT_3D('',#14798,#11616,#11617);
#9423=AXIS2_PLACEMENT_3D('',#14800,#11619,#11620);
#9424=AXIS2_PLACEMENT_3D('',#14801,#11621,#11622);
#9425=AXIS2_PLACEMENT_3D('',#14802,#11623,#11624);
#9426=AXIS2_PLACEMENT_3D('',#14803,#11625,#11626);
#9427=AXIS2_PLACEMENT_3D('',#14805,#11628,#11629);
#9428=AXIS2_PLACEMENT_3D('',#14806,#11630,#11631);
#9429=AXIS2_PLACEMENT_3D('',#14807,#11632,#11633);
#9430=AXIS2_PLACEMENT_3D('',#14808,#11634,#11635);
#9431=AXIS2_PLACEMENT_3D('',#14810,#11637,#11638);
#9432=AXIS2_PLACEMENT_3D('',#14811,#11639,#11640);
#9433=AXIS2_PLACEMENT_3D('',#14813,#11642,#11643);
#9434=AXIS2_PLACEMENT_3D('',#14815,#11645,#11646);
#9435=AXIS2_PLACEMENT_3D('',#14817,#11648,#11649);
#9436=AXIS2_PLACEMENT_3D('',#14819,#11651,#11652);
#9437=AXIS2_PLACEMENT_3D('',#14821,#11654,#11655);
#9438=AXIS2_PLACEMENT_3D('',#14823,#11657,#11658);
#9439=AXIS2_PLACEMENT_3D('',#14824,#11659,#11660);
#9440=AXIS2_PLACEMENT_3D('',#14825,#11661,#11662);
#9441=AXIS2_PLACEMENT_3D('',#14827,#11664,#11665);
#9442=AXIS2_PLACEMENT_3D('',#14828,#11666,#11667);
#9443=AXIS2_PLACEMENT_3D('',#14830,#11669,#11670);
#9444=AXIS2_PLACEMENT_3D('',#14832,#11672,#11673);
#9445=AXIS2_PLACEMENT_3D('',#14834,#11675,#11676);
#9446=AXIS2_PLACEMENT_3D('',#14836,#11678,#11679);
#9447=AXIS2_PLACEMENT_3D('',#14837,#11680,#11681);
#9448=AXIS2_PLACEMENT_3D('',#14838,#11682,#11683);
#9449=AXIS2_PLACEMENT_3D('',#14840,#11685,#11686);
#9450=AXIS2_PLACEMENT_3D('',#14841,#11687,#11688);
#9451=AXIS2_PLACEMENT_3D('',#14843,#11690,#11691);
#9452=AXIS2_PLACEMENT_3D('',#14845,#11693,#11694);
#9453=AXIS2_PLACEMENT_3D('',#14847,#11696,#11697);
#9454=AXIS2_PLACEMENT_3D('',#14849,#11699,#11700);
#9455=AXIS2_PLACEMENT_3D('',#14850,#11701,#11702);
#9456=AXIS2_PLACEMENT_3D('',#14851,#11703,#11704);
#9457=AXIS2_PLACEMENT_3D('',#14853,#11706,#11707);
#9458=AXIS2_PLACEMENT_3D('',#14854,#11708,#11709);
#9459=AXIS2_PLACEMENT_3D('',#14856,#11711,#11712);
#9460=AXIS2_PLACEMENT_3D('',#14858,#11714,#11715);
#9461=AXIS2_PLACEMENT_3D('',#14859,#11716,#11717);
#9462=AXIS2_PLACEMENT_3D('',#14860,#11718,#11719);
#9463=AXIS2_PLACEMENT_3D('',#14862,#11721,#11722);
#9464=AXIS2_PLACEMENT_3D('',#14863,#11723,#11724);
#9465=AXIS2_PLACEMENT_3D('',#14865,#11726,#11727);
#9466=AXIS2_PLACEMENT_3D('',#14866,#11728,#11729);
#9467=AXIS2_PLACEMENT_3D('',#14867,#11730,#11731);
#9468=AXIS2_PLACEMENT_3D('',#14869,#11733,#11734);
#9469=AXIS2_PLACEMENT_3D('',#14870,#11735,#11736);
#9470=AXIS2_PLACEMENT_3D('',#14872,#11738,#11739);
#9471=AXIS2_PLACEMENT_3D('',#14874,#11741,#11742);
#9472=AXIS2_PLACEMENT_3D('',#14876,#11744,#11745);
#9473=AXIS2_PLACEMENT_3D('',#14878,#11747,#11748);
#9474=AXIS2_PLACEMENT_3D('',#14879,#11749,#11750);
#9475=AXIS2_PLACEMENT_3D('',#14880,#11751,#11752);
#9476=AXIS2_PLACEMENT_3D('',#14882,#11754,#11755);
#9477=AXIS2_PLACEMENT_3D('',#14883,#11756,#11757);
#9478=AXIS2_PLACEMENT_3D('',#14885,#11759,#11760);
#9479=AXIS2_PLACEMENT_3D('',#14887,#11762,#11763);
#9480=AXIS2_PLACEMENT_3D('',#14888,#11764,#11765);
#9481=AXIS2_PLACEMENT_3D('',#14889,#11766,#11767);
#9482=AXIS2_PLACEMENT_3D('',#14891,#11769,#11770);
#9483=AXIS2_PLACEMENT_3D('',#14892,#11771,#11772);
#9484=AXIS2_PLACEMENT_3D('',#14894,#11774,#11775);
#9485=AXIS2_PLACEMENT_3D('',#14896,#11777,#11778);
#9486=AXIS2_PLACEMENT_3D('',#14898,#11780,#11781);
#9487=AXIS2_PLACEMENT_3D('',#14900,#11783,#11784);
#9488=AXIS2_PLACEMENT_3D('',#14902,#11786,#11787);
#9489=AXIS2_PLACEMENT_3D('',#14904,#11789,#11790);
#9490=AXIS2_PLACEMENT_3D('',#14906,#11792,#11793);
#9491=AXIS2_PLACEMENT_3D('',#14908,#11795,#11796);
#9492=AXIS2_PLACEMENT_3D('',#14910,#11798,#11799);
#9493=AXIS2_PLACEMENT_3D('',#14912,#11801,#11802);
#9494=AXIS2_PLACEMENT_3D('',#14914,#11804,#11805);
#9495=AXIS2_PLACEMENT_3D('',#14916,#11807,#11808);
#9496=AXIS2_PLACEMENT_3D('',#14918,#11810,#11811);
#9497=AXIS2_PLACEMENT_3D('',#14920,#11813,#11814);
#9498=AXIS2_PLACEMENT_3D('',#14922,#11816,#11817);
#9499=AXIS2_PLACEMENT_3D('',#14924,#11819,#11820);
#9500=AXIS2_PLACEMENT_3D('',#14926,#11822,#11823);
#9501=AXIS2_PLACEMENT_3D('',#14928,#11825,#11826);
#9502=AXIS2_PLACEMENT_3D('',#14930,#11828,#11829);
#9503=AXIS2_PLACEMENT_3D('',#14932,#11831,#11832);
#9504=AXIS2_PLACEMENT_3D('',#14934,#11834,#11835);
#9505=AXIS2_PLACEMENT_3D('',#14936,#11837,#11838);
#9506=AXIS2_PLACEMENT_3D('',#14938,#11840,#11841);
#9507=AXIS2_PLACEMENT_3D('',#14940,#11843,#11844);
#9508=AXIS2_PLACEMENT_3D('',#14942,#11846,#11847);
#9509=AXIS2_PLACEMENT_3D('',#14944,#11849,#11850);
#9510=AXIS2_PLACEMENT_3D('',#14946,#11852,#11853);
#9511=AXIS2_PLACEMENT_3D('',#14948,#11855,#11856);
#9512=AXIS2_PLACEMENT_3D('',#14949,#11857,#11858);
#9513=AXIS2_PLACEMENT_3D('',#14950,#11859,#11860);
#9514=AXIS2_PLACEMENT_3D('',#14952,#11862,#11863);
#9515=AXIS2_PLACEMENT_3D('',#14953,#11864,#11865);
#9516=AXIS2_PLACEMENT_3D('',#14955,#11867,#11868);
#9517=AXIS2_PLACEMENT_3D('',#14957,#11870,#11871);
#9518=AXIS2_PLACEMENT_3D('',#14959,#11873,#11874);
#9519=AXIS2_PLACEMENT_3D('',#14961,#11876,#11877);
#9520=AXIS2_PLACEMENT_3D('',#14963,#11879,#11880);
#9521=AXIS2_PLACEMENT_3D('',#14965,#11882,#11883);
#9522=AXIS2_PLACEMENT_3D('',#14967,#11885,#11886);
#9523=AXIS2_PLACEMENT_3D('',#14969,#11888,#11889);
#9524=AXIS2_PLACEMENT_3D('',#14971,#11891,#11892);
#9525=AXIS2_PLACEMENT_3D('',#14973,#11894,#11895);
#9526=AXIS2_PLACEMENT_3D('',#14975,#11897,#11898);
#9527=AXIS2_PLACEMENT_3D('',#14977,#11900,#11901);
#9528=AXIS2_PLACEMENT_3D('',#14979,#11903,#11904);
#9529=AXIS2_PLACEMENT_3D('',#14981,#11906,#11907);
#9530=AXIS2_PLACEMENT_3D('',#14983,#11909,#11910);
#9531=AXIS2_PLACEMENT_3D('',#14985,#11912,#11913);
#9532=AXIS2_PLACEMENT_3D('',#14987,#11915,#11916);
#9533=AXIS2_PLACEMENT_3D('',#14989,#11918,#11919);
#9534=AXIS2_PLACEMENT_3D('',#14991,#11921,#11922);
#9535=AXIS2_PLACEMENT_3D('',#14993,#11924,#11925);
#9536=AXIS2_PLACEMENT_3D('',#14995,#11927,#11928);
#9537=AXIS2_PLACEMENT_3D('',#14997,#11930,#11931);
#9538=AXIS2_PLACEMENT_3D('',#14999,#11933,#11934);
#9539=AXIS2_PLACEMENT_3D('',#15001,#11936,#11937);
#9540=AXIS2_PLACEMENT_3D('',#15002,#11938,#11939);
#9541=AXIS2_PLACEMENT_3D('',#15003,#11940,#11941);
#9542=AXIS2_PLACEMENT_3D('',#15005,#11943,#11944);
#9543=AXIS2_PLACEMENT_3D('',#15006,#11945,#11946);
#9544=AXIS2_PLACEMENT_3D('',#15007,#11947,#11948);
#9545=AXIS2_PLACEMENT_3D('',#15008,#11949,#11950);
#9546=AXIS2_PLACEMENT_3D('',#15010,#11952,#11953);
#9547=AXIS2_PLACEMENT_3D('',#15011,#11954,#11955);
#9548=AXIS2_PLACEMENT_3D('',#15013,#11957,#11958);
#9549=AXIS2_PLACEMENT_3D('',#15015,#11960,#11961);
#9550=AXIS2_PLACEMENT_3D('',#15017,#11963,#11964);
#9551=AXIS2_PLACEMENT_3D('',#15019,#11966,#11967);
#9552=AXIS2_PLACEMENT_3D('',#15021,#11969,#11970);
#9553=AXIS2_PLACEMENT_3D('',#15023,#11972,#11973);
#9554=AXIS2_PLACEMENT_3D('',#15025,#11975,#11976);
#9555=AXIS2_PLACEMENT_3D('',#15026,#11977,#11978);
#9556=AXIS2_PLACEMENT_3D('',#15027,#11979,#11980);
#9557=AXIS2_PLACEMENT_3D('',#15029,#11982,#11983);
#9558=AXIS2_PLACEMENT_3D('',#15030,#11984,#11985);
#9559=AXIS2_PLACEMENT_3D('',#15031,#11986,#11987);
#9560=AXIS2_PLACEMENT_3D('',#15032,#11988,#11989);
#9561=AXIS2_PLACEMENT_3D('',#15034,#11991,#11992);
#9562=AXIS2_PLACEMENT_3D('',#15035,#11993,#11994);
#9563=AXIS2_PLACEMENT_3D('',#15037,#11996,#11997);
#9564=AXIS2_PLACEMENT_3D('',#15039,#11999,#12000);
#9565=AXIS2_PLACEMENT_3D('',#15040,#12001,#12002);
#9566=AXIS2_PLACEMENT_3D('',#15041,#12003,#12004);
#9567=AXIS2_PLACEMENT_3D('',#15043,#12006,#12007);
#9568=AXIS2_PLACEMENT_3D('',#15044,#12008,#12009);
#9569=AXIS2_PLACEMENT_3D('',#15045,#12010,#12011);
#9570=AXIS2_PLACEMENT_3D('',#15046,#12012,#12013);
#9571=AXIS2_PLACEMENT_3D('',#15048,#12015,#12016);
#9572=AXIS2_PLACEMENT_3D('',#15049,#12017,#12018);
#9573=AXIS2_PLACEMENT_3D('',#15050,#12019,#12020);
#9574=AXIS2_PLACEMENT_3D('',#15051,#12021,#12022);
#9575=AXIS2_PLACEMENT_3D('',#15053,#12024,#12025);
#9576=AXIS2_PLACEMENT_3D('',#15054,#12026,#12027);
#9577=AXIS2_PLACEMENT_3D('',#15056,#12029,#12030);
#9578=AXIS2_PLACEMENT_3D('',#15058,#12032,#12033);
#9579=AXIS2_PLACEMENT_3D('',#15060,#12035,#12036);
#9580=AXIS2_PLACEMENT_3D('',#15062,#12038,#12039);
#9581=AXIS2_PLACEMENT_3D('',#15063,#12040,#12041);
#9582=AXIS2_PLACEMENT_3D('',#15064,#12042,#12043);
#9583=AXIS2_PLACEMENT_3D('',#15066,#12045,#12046);
#9584=AXIS2_PLACEMENT_3D('',#15067,#12047,#12048);
#9585=AXIS2_PLACEMENT_3D('',#15069,#12050,#12051);
#9586=AXIS2_PLACEMENT_3D('',#15071,#12053,#12054);
#9587=AXIS2_PLACEMENT_3D('',#15073,#12056,#12057);
#9588=AXIS2_PLACEMENT_3D('',#15075,#12059,#12060);
#9589=AXIS2_PLACEMENT_3D('',#15077,#12062,#12063);
#9590=AXIS2_PLACEMENT_3D('',#15079,#12065,#12066);
#9591=AXIS2_PLACEMENT_3D('',#15080,#12067,#12068);
#9592=AXIS2_PLACEMENT_3D('',#15081,#12069,#12070);
#9593=AXIS2_PLACEMENT_3D('',#15083,#12072,#12073);
#9594=AXIS2_PLACEMENT_3D('',#15084,#12074,#12075);
#9595=AXIS2_PLACEMENT_3D('',#15086,#12077,#12078);
#9596=AXIS2_PLACEMENT_3D('',#15088,#12080,#12081);
#9597=AXIS2_PLACEMENT_3D('',#15090,#12083,#12084);
#9598=AXIS2_PLACEMENT_3D('',#15092,#12086,#12087);
#9599=AXIS2_PLACEMENT_3D('',#15094,#12089,#12090);
#9600=AXIS2_PLACEMENT_3D('',#15097,#12091,#12092);
#9601=AXIS2_PLACEMENT_3D('',#15101,#12094,#12095);
#9602=AXIS2_PLACEMENT_3D('',#15105,#12097,#12098);
#9603=AXIS2_PLACEMENT_3D('',#15109,#12100,#12101);
#9604=AXIS2_PLACEMENT_3D('',#15111,#12103,#12104);
#9605=AXIS2_PLACEMENT_3D('',#15114,#12107,#12108);
#9606=AXIS2_PLACEMENT_3D('',#15131,#12113,#12114);
#9607=AXIS2_PLACEMENT_3D('',#15133,#12116,#12117);
#9608=AXIS2_PLACEMENT_3D('',#15147,#12119,#12120);
#9609=AXIS2_PLACEMENT_3D('',#15149,#12121,#12122);
#9610=AXIS2_PLACEMENT_3D('',#15152,#12124,#12125);
#9611=AXIS2_PLACEMENT_3D('',#15153,#12126,#12127);
#9612=AXIS2_PLACEMENT_3D('',#15154,#12128,#12129);
#9613=AXIS2_PLACEMENT_3D('',#15156,#12130,#12131);
#9614=AXIS2_PLACEMENT_3D('',#15159,#12133,#12134);
#9615=AXIS2_PLACEMENT_3D('',#15160,#12135,#12136);
#9616=AXIS2_PLACEMENT_3D('',#15161,#12137,#12138);
#9617=AXIS2_PLACEMENT_3D('',#15162,#12139,#12140);
#9618=AXIS2_PLACEMENT_3D('',#15163,#12141,#12142);
#9619=DIRECTION('axis',(0.,0.,1.));
#9620=DIRECTION('refdir',(1.,0.,0.));
#9621=DIRECTION('axis',(0.,0.,1.));
#9622=DIRECTION('refdir',(1.,0.,0.));
#9623=DIRECTION('axis',(0.,0.,1.));
#9624=DIRECTION('refdir',(1.,0.,0.));
#9625=DIRECTION('axis',(0.,0.,1.));
#9626=DIRECTION('refdir',(1.,0.,0.));
#9627=DIRECTION('axis',(0.,0.,1.));
#9628=DIRECTION('refdir',(1.,0.,0.));
#9629=DIRECTION('axis',(0.,0.,1.));
#9630=DIRECTION('refdir',(1.,0.,0.));
#9631=DIRECTION('axis',(0.,0.,1.));
#9632=DIRECTION('refdir',(1.,0.,0.));
#9633=DIRECTION('center_axis',(0.,0.866054481424454,0.499949632667753));
#9634=DIRECTION('ref_axis',(0.,-0.499949632667753,0.866054481424454));
#9635=DIRECTION('',(0.,0.499949632667753,-0.866054481424454));
#9636=DIRECTION('',(1.,0.,0.));
#9637=DIRECTION('',(0.,0.499949632667753,-0.866054481424454));
#9638=DIRECTION('',(-1.,0.,0.));
#9639=DIRECTION('center_axis',(1.,0.,0.));
#9640=DIRECTION('ref_axis',(0.,0.866054481424454,0.499949632667753));
#9641=DIRECTION('',(0.,0.866054481424454,0.499949632667753));
#9642=DIRECTION('',(0.,0.499949632667753,-0.866054481424454));
#9643=DIRECTION('',(0.,0.866054481424454,0.499949632667753));
#9644=DIRECTION('',(0.,-0.499949632667753,0.866054481424454));
#9645=DIRECTION('center_axis',(0.,-0.866054481424454,-0.499949632667753));
#9646=DIRECTION('ref_axis',(1.,0.,0.));
#9647=DIRECTION('',(1.,0.,0.));
#9648=DIRECTION('',(0.,-0.499949632667753,0.866054481424454));
#9649=DIRECTION('',(1.,0.,0.));
#9650=DIRECTION('',(0.,0.499949632667753,-0.866054481424454));
#9651=DIRECTION('center_axis',(-1.,0.,0.));
#9652=DIRECTION('ref_axis',(0.,-0.866054481424454,-0.499949632667753));
#9653=DIRECTION('',(0.,-0.499949632667753,0.866054481424454));
#9654=DIRECTION('center_axis',(1.,0.,0.));
#9655=DIRECTION('ref_axis',(0.,0.499949632667753,-0.866054481424454));
#9656=DIRECTION('',(0.,-0.866054481424454,-0.499949632667753));
#9657=DIRECTION('',(0.,-0.499949632667753,0.866054481424454));
#9658=DIRECTION('',(0.,-0.866054481424454,-0.499949632667753));
#9659=DIRECTION('center_axis',(-1.,0.,0.));
#9660=DIRECTION('ref_axis',(0.,0.499949632667753,-0.866054481424454));
#9661=DIRECTION('center_axis',(-1.,0.,0.));
#9662=DIRECTION('ref_axis',(0.,-0.499949632667753,0.866054481424454));
#9663=DIRECTION('',(0.,-0.866054481424454,-0.499949632667753));
#9664=DIRECTION('',(0.,-0.499949632667753,0.866054481424454));
#9665=DIRECTION('',(0.,-0.866054481424454,-0.499949632667753));
#9666=DIRECTION('center_axis',(1.,0.,0.));
#9667=DIRECTION('ref_axis',(0.,-0.499949632667753,0.866054481424453));
#9668=DIRECTION('center_axis',(0.,-0.866054481424454,-0.499949632667753));
#9669=DIRECTION('ref_axis',(0.,0.499949632667753,-0.866054481424454));
#9670=DIRECTION('',(0.,-0.499949632667753,0.866054481424454));
#9671=DIRECTION('',(1.,0.,0.));
#9672=DIRECTION('',(-1.,0.,0.));
#9673=DIRECTION('center_axis',(1.,0.,0.));
#9674=DIRECTION('ref_axis',(0.,0.866054481424454,0.499949632667753));
#9675=DIRECTION('',(0.,0.866054481424454,0.499949632667753));
#9676=DIRECTION('center_axis',(-1.,0.,0.));
#9677=DIRECTION('ref_axis',(0.,0.499949632667753,-0.866054481424454));
#9678=DIRECTION('center_axis',(-1.,0.,0.));
#9679=DIRECTION('ref_axis',(0.,-0.499949632667753,0.866054481424453));
#9680=DIRECTION('',(0.,0.866054481424454,0.499949632667753));
#9681=DIRECTION('',(0.,0.499949632667753,-0.866054481424454));
#9682=DIRECTION('',(0.,-0.866054481424454,-0.499949632667753));
#9683=DIRECTION('center_axis',(1.,0.,0.));
#9684=DIRECTION('ref_axis',(0.,-0.499949632667753,0.866054481424454));
#9685=DIRECTION('center_axis',(1.,0.,0.));
#9686=DIRECTION('ref_axis',(0.,0.499949632667753,-0.866054481424454));
#9687=DIRECTION('',(0.,0.866054481424454,0.499949632667753));
#9688=DIRECTION('',(0.,-0.499949632667753,0.866054481424454));
#9689=DIRECTION('center_axis',(0.,0.866054481424454,0.499949632667753));
#9690=DIRECTION('ref_axis',(-1.,0.,0.));
#9691=DIRECTION('',(-1.,0.,0.));
#9692=DIRECTION('',(0.,-0.499949632667753,0.866054481424454));
#9693=DIRECTION('',(-1.,0.,0.));
#9694=DIRECTION('center_axis',(1.,0.,0.));
#9695=DIRECTION('ref_axis',(0.,0.866054481424454,0.499949632667753));
#9696=DIRECTION('',(0.,0.866054481424454,0.499949632667753));
#9697=DIRECTION('',(0.,-0.499949632667753,0.866054481424454));
#9698=DIRECTION('',(0.,0.866054481424454,0.499949632667753));
#9699=DIRECTION('center_axis',(0.,-0.866054481424454,-0.499949632667753));
#9700=DIRECTION('ref_axis',(1.,0.,0.));
#9701=DIRECTION('',(1.,0.,0.));
#9702=DIRECTION('',(1.,0.,0.));
#9703=DIRECTION('center_axis',(0.,0.499949632667753,-0.866054481424454));
#9704=DIRECTION('ref_axis',(1.,0.,0.));
#9705=DIRECTION('',(-1.,0.,0.));
#9706=DIRECTION('center_axis',(0.,0.499949632667753,-0.866054481424454));
#9707=DIRECTION('ref_axis',(1.,0.,0.));
#9708=DIRECTION('center_axis',(0.,0.499949632667753,-0.866054481424454));
#9709=DIRECTION('ref_axis',(1.,0.,0.));
#9710=DIRECTION('center_axis',(0.,0.499949632667753,-0.866054481424454));
#9711=DIRECTION('ref_axis',(1.,0.,0.));
#9712=DIRECTION('',(1.,0.,0.));
#9713=DIRECTION('center_axis',(0.,-0.499949632667753,0.866054481424454));
#9714=DIRECTION('ref_axis',(1.,0.,0.));
#9715=DIRECTION('center_axis',(0.,-0.499949632667753,0.866054481424454));
#9716=DIRECTION('ref_axis',(1.,0.,0.));
#9717=DIRECTION('center_axis',(0.,-0.499949632667753,0.866054481424454));
#9718=DIRECTION('ref_axis',(1.,0.,0.));
#9719=DIRECTION('center_axis',(0.,-0.499949632667753,0.866054481424454));
#9720=DIRECTION('ref_axis',(0.,-0.866054481424454,-0.499949632667753));
#9721=DIRECTION('center_axis',(0.,-0.499949632667753,0.866054481424454));
#9722=DIRECTION('ref_axis',(-1.,0.,0.));
#9723=DIRECTION('',(1.,0.,0.));
#9724=DIRECTION('',(-1.,0.,0.));
#9725=DIRECTION('center_axis',(0.,0.499949632667753,-0.866054481424454));
#9726=DIRECTION('ref_axis',(0.,0.866054481424454,0.499949632667753));
#9727=DIRECTION('',(-1.,0.,0.));
#9728=DIRECTION('',(1.,0.,0.));
#9729=DIRECTION('center_axis',(0.,0.866054481424454,0.499949632667753));
#9730=DIRECTION('ref_axis',(-1.,0.,0.));
#9731=DIRECTION('center_axis',(1.,0.,0.));
#9732=DIRECTION('ref_axis',(0.,-0.499949632667753,0.866054481424454));
#9733=DIRECTION('center_axis',(-1.,0.,0.));
#9734=DIRECTION('ref_axis',(0.,-0.965910772108546,0.258875221534762));
#9735=DIRECTION('center_axis',(-1.,0.,0.));
#9736=DIRECTION('ref_axis',(0.,-0.965910771924964,0.258875222219743));
#9737=DIRECTION('center_axis',(1.,0.,0.));
#9738=DIRECTION('ref_axis',(0.,-0.499949632667753,0.866054481424454));
#9739=DIRECTION('center_axis',(0.,0.866054481424454,0.499949632667753));
#9740=DIRECTION('ref_axis',(0.,-0.499949632667753,0.866054481424454));
#9741=DIRECTION('',(-1.,0.,0.));
#9742=DIRECTION('',(0.,-0.499949632667753,0.866054481424454));
#9743=DIRECTION('',(-1.,0.,0.));
#9744=DIRECTION('',(0.,-0.499949632667753,0.866054481424454));
#9745=DIRECTION('center_axis',(1.,0.,0.));
#9746=DIRECTION('ref_axis',(0.,0.499949632667753,-0.866054481424454));
#9747=DIRECTION('',(0.,0.866054481424454,0.499949632667753));
#9748=DIRECTION('',(0.,-0.499949632667753,0.866054481424454));
#9749=DIRECTION('',(0.,0.866054481424454,0.499949632667753));
#9750=DIRECTION('center_axis',(0.,-0.866054481424454,-0.499949632667753));
#9751=DIRECTION('ref_axis',(0.,0.499949632667753,-0.866054481424454));
#9752=DIRECTION('',(1.,0.,0.));
#9753=DIRECTION('',(0.,-0.499949632667753,0.866054481424454));
#9754=DIRECTION('',(1.,0.,0.));
#9755=DIRECTION('center_axis',(-1.,0.,0.));
#9756=DIRECTION('ref_axis',(0.,-0.499949632667753,0.866054481424454));
#9757=DIRECTION('',(0.,-0.866054481424454,-0.499949632667753));
#9758=DIRECTION('',(0.,-0.866054481424454,-0.499949632667753));
#9759=DIRECTION('center_axis',(0.,0.499949632667753,-0.866054481424454));
#9760=DIRECTION('ref_axis',(1.,0.,0.));
#9761=DIRECTION('center_axis',(0.,0.499949632667753,-0.866054481424454));
#9762=DIRECTION('ref_axis',(1.,0.,0.));
#9763=DIRECTION('center_axis',(1.,0.,0.));
#9764=DIRECTION('ref_axis',(0.,0.499949632667753,-0.866054481424454));
#9765=DIRECTION('',(0.,0.866054481424454,0.499949632667753));
#9766=DIRECTION('',(0.,-0.499949632667753,0.866054481424454));
#9767=DIRECTION('',(0.,0.866054481424454,0.499949632667753));
#9768=DIRECTION('',(0.,-0.499949632667753,0.866054481424454));
#9769=DIRECTION('center_axis',(0.,-0.866054481424454,-0.499949632667753));
#9770=DIRECTION('ref_axis',(0.,0.499949632667753,-0.866054481424454));
#9771=DIRECTION('',(1.,0.,0.));
#9772=DIRECTION('',(0.,-0.499949632667753,0.866054481424454));
#9773=DIRECTION('',(1.,0.,0.));
#9774=DIRECTION('center_axis',(-1.,0.,0.));
#9775=DIRECTION('ref_axis',(0.,-0.499949632667753,0.866054481424454));
#9776=DIRECTION('',(0.,-0.866054481424454,-0.499949632667753));
#9777=DIRECTION('',(0.,-0.499949632667753,0.866054481424454));
#9778=DIRECTION('',(0.,-0.866054481424454,-0.499949632667753));
#9779=DIRECTION('center_axis',(0.,0.866054481424454,0.499949632667753));
#9780=DIRECTION('ref_axis',(0.,-0.499949632667753,0.866054481424454));
#9781=DIRECTION('',(-1.,0.,0.));
#9782=DIRECTION('',(-1.,0.,0.));
#9783=DIRECTION('center_axis',(0.,0.499949632667753,-0.866054481424454));
#9784=DIRECTION('ref_axis',(1.,0.,0.));
#9785=DIRECTION('center_axis',(0.,0.499949632667753,-0.866054481424454));
#9786=DIRECTION('ref_axis',(1.,0.,0.));
#9787=DIRECTION('center_axis',(0.,0.866054481424454,0.499949632667753));
#9788=DIRECTION('ref_axis',(0.,-0.499949632667753,0.866054481424454));
#9789=DIRECTION('',(0.,0.499949632667753,-0.866054481424454));
#9790=DIRECTION('',(-1.,0.,0.));
#9791=DIRECTION('',(0.,0.499949632667753,-0.866054481424454));
#9792=DIRECTION('',(1.,0.,0.));
#9793=DIRECTION('center_axis',(1.,0.,0.));
#9794=DIRECTION('ref_axis',(0.,0.499949632667753,-0.866054481424454));
#9795=DIRECTION('',(0.,-0.499949632667753,0.866054481424454));
#9796=DIRECTION('center_axis',(1.,0.,0.));
#9797=DIRECTION('ref_axis',(0.,0.499949632667753,-0.866054481424454));
#9798=DIRECTION('',(0.,0.866054481424454,0.499949632667753));
#9799=DIRECTION('',(0.,-0.499949632667753,0.866054481424454));
#9800=DIRECTION('',(0.,0.866054481424454,0.499949632667753));
#9801=DIRECTION('center_axis',(-1.,0.,0.));
#9802=DIRECTION('ref_axis',(0.,0.499949632667753,-0.866054481424454));
#9803=DIRECTION('center_axis',(-1.,0.,0.));
#9804=DIRECTION('ref_axis',(0.,-0.499949632667753,0.866054481424454));
#9805=DIRECTION('',(0.,-0.866054481424454,-0.499949632667753));
#9806=DIRECTION('',(0.,-0.499949632667753,0.866054481424454));
#9807=DIRECTION('',(0.,-0.866054481424454,-0.499949632667753));
#9808=DIRECTION('center_axis',(1.,0.,0.));
#9809=DIRECTION('ref_axis',(0.,-0.499949632667753,0.866054481424453));
#9810=DIRECTION('center_axis',(0.,-0.866054481424454,-0.499949632667753));
#9811=DIRECTION('ref_axis',(0.,0.499949632667753,-0.866054481424454));
#9812=DIRECTION('',(0.,-0.499949632667753,0.866054481424454));
#9813=DIRECTION('',(1.,0.,0.));
#9814=DIRECTION('',(-1.,0.,0.));
#9815=DIRECTION('center_axis',(-1.,0.,0.));
#9816=DIRECTION('ref_axis',(0.,-0.499949632667753,0.866054481424454));
#9817=DIRECTION('',(0.,-0.866054481424454,-0.499949632667753));
#9818=DIRECTION('center_axis',(-1.,0.,0.));
#9819=DIRECTION('ref_axis',(0.,0.499949632667753,-0.866054481424454));
#9820=DIRECTION('center_axis',(-1.,0.,0.));
#9821=DIRECTION('ref_axis',(0.,-0.499949632667753,0.866054481424453));
#9822=DIRECTION('',(0.,0.866054481424454,0.499949632667753));
#9823=DIRECTION('',(0.,0.499949632667753,-0.866054481424454));
#9824=DIRECTION('',(0.,-0.866054481424454,-0.499949632667753));
#9825=DIRECTION('center_axis',(1.,0.,0.));
#9826=DIRECTION('ref_axis',(0.,-0.499949632667753,0.866054481424454));
#9827=DIRECTION('center_axis',(1.,0.,0.));
#9828=DIRECTION('ref_axis',(0.,0.499949632667753,-0.866054481424454));
#9829=DIRECTION('',(0.,-0.866054481424454,-0.499949632667753));
#9830=DIRECTION('',(0.,-0.499949632667753,0.866054481424454));
#9831=DIRECTION('center_axis',(0.,0.866054481424454,0.499949632667753));
#9832=DIRECTION('ref_axis',(0.,-0.499949632667753,0.866054481424454));
#9833=DIRECTION('',(-1.,0.,0.));
#9834=DIRECTION('',(-1.,0.,0.));
#9835=DIRECTION('center_axis',(0.,0.499949632667753,-0.866054481424454));
#9836=DIRECTION('ref_axis',(1.,0.,0.));
#9837=DIRECTION('',(-1.,0.,0.));
#9838=DIRECTION('center_axis',(0.,0.499949632667753,-0.866054481424454));
#9839=DIRECTION('ref_axis',(1.,0.,0.));
#9840=DIRECTION('',(1.,0.,0.));
#9841=DIRECTION('center_axis',(0.,-0.499949632667753,0.866054481424454));
#9842=DIRECTION('ref_axis',(-1.,0.,0.));
#9843=DIRECTION('',(1.,0.,0.));
#9844=DIRECTION('',(-1.,0.,0.));
#9845=DIRECTION('center_axis',(0.,0.499949632667753,-0.866054481424454));
#9846=DIRECTION('ref_axis',(0.,0.866054481424454,0.499949632667753));
#9847=DIRECTION('',(-1.,0.,0.));
#9848=DIRECTION('',(1.,0.,0.));
#9849=DIRECTION('center_axis',(0.,0.866054481424454,0.499949632667753));
#9850=DIRECTION('ref_axis',(-1.,0.,0.));
#9851=DIRECTION('center_axis',(-1.,0.,0.));
#9852=DIRECTION('ref_axis',(0.,-0.965910772108546,0.258875221534762));
#9853=DIRECTION('center_axis',(-1.,0.,0.));
#9854=DIRECTION('ref_axis',(0.,-0.965910771924964,0.258875222219743));
#9855=DIRECTION('center_axis',(1.,0.,0.));
#9856=DIRECTION('ref_axis',(0.,-0.499949632667753,0.866054481424454));
#9857=DIRECTION('center_axis',(1.,0.,0.));
#9858=DIRECTION('ref_axis',(0.,-0.499949632667753,0.866054481424454));
#9859=DIRECTION('center_axis',(0.,0.499949632667753,-0.866054481424454));
#9860=DIRECTION('ref_axis',(1.,0.,0.));
#9861=DIRECTION('',(0.,-0.866054481424454,-0.499949632667753));
#9862=DIRECTION('',(1.,0.,0.));
#9863=DIRECTION('',(0.,-0.866054481424454,-0.499949632667753));
#9864=DIRECTION('',(-1.,0.,0.));
#9865=DIRECTION('center_axis',(-1.,0.,0.));
#9866=DIRECTION('ref_axis',(0.,0.499949632667753,-0.866054481424454));
#9867=DIRECTION('',(0.,0.499949632667753,-0.866054481424454));
#9868=DIRECTION('center_axis',(1.,0.,0.));
#9869=DIRECTION('ref_axis',(0.,0.499949632667753,-0.866054481424454));
#9870=DIRECTION('',(0.,-0.866054481424453,-0.499949632667753));
#9871=DIRECTION('',(0.,0.499949632667753,-0.866054481424454));
#9872=DIRECTION('',(0.,-0.866054481424453,-0.499949632667753));
#9873=DIRECTION('center_axis',(-1.,0.,0.));
#9874=DIRECTION('ref_axis',(0.,-0.499949632667753,0.866054481424454));
#9875=DIRECTION('',(0.,0.499949632667753,-0.866054481424454));
#9876=DIRECTION('center_axis',(-1.,0.,0.));
#9877=DIRECTION('ref_axis',(0.,0.499949632667753,-0.866054481424454));
#9878=DIRECTION('',(0.,0.499949632667753,-0.866054481424454));
#9879=DIRECTION('',(0.,-0.866054481424454,-0.499949632667753));
#9880=DIRECTION('',(0.,-0.499949632667753,0.866054481424454));
#9881=DIRECTION('',(0.,-0.866054481424454,-0.499949632667753));
#9882=DIRECTION('center_axis',(1.,0.,0.));
#9883=DIRECTION('ref_axis',(0.,0.499949632667753,-0.866054481424454));
#9884=DIRECTION('center_axis',(0.,0.866054481424454,0.499949632667753));
#9885=DIRECTION('ref_axis',(0.,-0.499949632667753,0.866054481424454));
#9886=DIRECTION('',(-1.,0.,0.));
#9887=DIRECTION('',(0.,-0.499949632667753,0.866054481424454));
#9888=DIRECTION('',(-1.,0.,0.));
#9889=DIRECTION('center_axis',(-1.,0.,0.));
#9890=DIRECTION('ref_axis',(0.,0.499949632667753,-0.866054481424454));
#9891=DIRECTION('',(0.,-0.866054481424453,-0.499949632667753));
#9892=DIRECTION('center_axis',(-1.,0.,0.));
#9893=DIRECTION('ref_axis',(0.,0.499949632667753,-0.866054481424454));
#9894=DIRECTION('',(0.,0.499949632667753,-0.866054481424454));
#9895=DIRECTION('center_axis',(-1.,0.,0.));
#9896=DIRECTION('ref_axis',(0.,0.499949632667753,-0.866054481424454));
#9897=DIRECTION('',(0.,-0.866054481424454,-0.499949632667753));
#9898=DIRECTION('',(0.,0.866054481424454,0.499949632667753));
#9899=DIRECTION('',(0.,0.499949632667753,-0.866054481424454));
#9900=DIRECTION('center_axis',(1.,0.,0.));
#9901=DIRECTION('ref_axis',(0.,0.499949632667753,-0.866054481424454));
#9902=DIRECTION('',(0.,0.499949632667753,-0.866054481424454));
#9903=DIRECTION('center_axis',(1.,0.,0.));
#9904=DIRECTION('ref_axis',(0.,-0.499949632667753,0.866054481424454));
#9905=DIRECTION('',(0.,-0.866054481424453,-0.499949632667753));
#9906=DIRECTION('',(0.,-0.499949632667753,0.866054481424454));
#9907=DIRECTION('center_axis',(0.,-0.866054481424454,-0.499949632667753));
#9908=DIRECTION('ref_axis',(0.,0.499949632667753,-0.866054481424454));
#9909=DIRECTION('',(1.,0.,0.));
#9910=DIRECTION('',(-1.,0.,0.));
#9911=DIRECTION('center_axis',(0.,0.499949632667753,-0.866054481424454));
#9912=DIRECTION('ref_axis',(1.,0.,0.));
#9913=DIRECTION('',(1.,0.,0.));
#9914=DIRECTION('center_axis',(0.,0.866054481424454,0.499949632667753));
#9915=DIRECTION('ref_axis',(1.,0.,0.));
#9916=DIRECTION('',(-1.,0.,0.));
#9917=DIRECTION('',(1.,0.,0.));
#9918=DIRECTION('center_axis',(0.,0.499949632667753,-0.866054481424454));
#9919=DIRECTION('ref_axis',(1.,0.,0.));
#9920=DIRECTION('',(0.,0.866054481424454,0.499949632667753));
#9921=DIRECTION('',(-1.,0.,0.));
#9922=DIRECTION('',(0.,-0.866054481424454,-0.499949632667753));
#9923=DIRECTION('',(1.,0.,0.));
#9924=DIRECTION('center_axis',(0.,0.499949632667753,-0.866054481424454));
#9925=DIRECTION('ref_axis',(1.,0.,0.));
#9926=DIRECTION('',(0.,0.866054481424454,0.499949632667753));
#9927=DIRECTION('center_axis',(0.,0.499949632667753,-0.866054481424454));
#9928=DIRECTION('ref_axis',(1.,0.,0.));
#9929=DIRECTION('',(-1.,0.,0.));
#9930=DIRECTION('center_axis',(0.,-0.499949632667753,0.866054481424454));
#9931=DIRECTION('ref_axis',(1.,0.,0.));
#9932=DIRECTION('',(1.,0.,0.));
#9933=DIRECTION('center_axis',(0.,-0.499949632667753,0.866054481424454));
#9934=DIRECTION('ref_axis',(1.,0.,0.));
#9935=DIRECTION('',(1.,0.,0.));
#9936=DIRECTION('center_axis',(0.,0.499949632667753,-0.866054481424454));
#9937=DIRECTION('ref_axis',(1.,0.,0.));
#9938=DIRECTION('',(0.,0.866054481424453,0.499949632667753));
#9939=DIRECTION('',(1.,0.,0.));
#9940=DIRECTION('center_axis',(-1.,0.,0.));
#9941=DIRECTION('ref_axis',(0.,-0.866054481424454,-0.499949632667753));
#9942=DIRECTION('',(0.,0.499949632667753,-0.866054481424454));
#9943=DIRECTION('center_axis',(1.,0.,0.));
#9944=DIRECTION('ref_axis',(0.,-0.499949632667753,0.866054481424454));
#9945=DIRECTION('',(0.,0.499949632667753,-0.866054481424454));
#9946=DIRECTION('',(0.,0.866054481424454,0.499949632667753));
#9947=DIRECTION('center_axis',(-1.,0.,0.));
#9948=DIRECTION('ref_axis',(0.,0.499949632667753,-0.866054481424454));
#9949=DIRECTION('',(0.,0.499949632667753,-0.866054481424454));
#9950=DIRECTION('center_axis',(1.,0.,0.));
#9951=DIRECTION('ref_axis',(0.,0.499949632667753,-0.866054481424453));
#9952=DIRECTION('center_axis',(0.,0.866054481424454,0.499949632667753));
#9953=DIRECTION('ref_axis',(0.,-0.499949632667753,0.866054481424454));
#9954=DIRECTION('',(0.,0.499949632667753,-0.866054481424454));
#9955=DIRECTION('',(1.,0.,0.));
#9956=DIRECTION('',(-1.,0.,0.));
#9957=DIRECTION('center_axis',(1.,0.,0.));
#9958=DIRECTION('ref_axis',(0.,0.866054481424454,0.499949632667753));
#9959=DIRECTION('center_axis',(-1.,0.,0.));
#9960=DIRECTION('ref_axis',(0.,-0.499949632667753,0.866054481424454));
#9961=DIRECTION('center_axis',(-1.,0.,0.));
#9962=DIRECTION('ref_axis',(0.,0.499949632667753,-0.866054481424453));
#9963=DIRECTION('',(0.,-0.866054481424454,-0.499949632667753));
#9964=DIRECTION('',(0.,-0.499949632667753,0.866054481424454));
#9965=DIRECTION('',(0.,-0.866054481424454,-0.499949632667753));
#9966=DIRECTION('center_axis',(1.,0.,0.));
#9967=DIRECTION('ref_axis',(0.,-0.499949632667753,0.866054481424454));
#9968=DIRECTION('',(0.,0.499949632667753,-0.866054481424454));
#9969=DIRECTION('center_axis',(1.,0.,0.));
#9970=DIRECTION('ref_axis',(0.,0.499949632667753,-0.866054481424454));
#9971=DIRECTION('',(0.,-0.866054481424454,-0.499949632667753));
#9972=DIRECTION('',(0.,0.499949632667753,-0.866054481424454));
#9973=DIRECTION('center_axis',(0.,0.866054481424454,0.499949632667753));
#9974=DIRECTION('ref_axis',(0.,-0.499949632667753,0.866054481424454));
#9975=DIRECTION('',(1.,0.,0.));
#9976=DIRECTION('',(0.,0.499949632667753,-0.866054481424454));
#9977=DIRECTION('center_axis',(-1.,0.,0.));
#9978=DIRECTION('ref_axis',(0.,-0.499949632667753,0.866054481424454));
#9979=DIRECTION('',(0.,0.866054481424454,0.499949632667753));
#9980=DIRECTION('',(0.,0.499949632667753,-0.866054481424454));
#9981=DIRECTION('',(0.,-0.499949632667753,0.866054481424454));
#9982=DIRECTION('center_axis',(0.,-0.866054481424454,-0.499949632667753));
#9983=DIRECTION('ref_axis',(1.,0.,0.));
#9984=DIRECTION('',(-1.,0.,0.));
#9985=DIRECTION('',(0.,0.499949632667753,-0.866054481424454));
#9986=DIRECTION('',(0.,-0.499949632667753,0.866054481424454));
#9987=DIRECTION('center_axis',(0.,0.866054481424454,0.499949632667753));
#9988=DIRECTION('ref_axis',(0.,-0.499949632667753,0.866054481424454));
#9989=DIRECTION('',(1.,0.,0.));
#9990=DIRECTION('',(0.,0.499949632667753,-0.866054481424454));
#9991=DIRECTION('',(0.,-0.499949632667753,0.866054481424454));
#9992=DIRECTION('center_axis',(-1.,0.,0.));
#9993=DIRECTION('ref_axis',(0.,-0.866054481424454,-0.499949632667753));
#9994=DIRECTION('',(0.,-0.499949632667753,0.866054481424454));
#9995=DIRECTION('',(0.,0.866054481424453,0.499949632667753));
#9996=DIRECTION('',(0.,0.499949632667753,-0.866054481424454));
#9997=DIRECTION('center_axis',(0.,0.866054481424454,0.499949632667753));
#9998=DIRECTION('ref_axis',(-1.,0.,0.));
#9999=DIRECTION('',(1.,0.,0.));
#10000=DIRECTION('center_axis',(0.,0.499949632667753,-0.866054481424454));
#10001=DIRECTION('ref_axis',(1.,0.,0.));
#10002=DIRECTION('',(1.,0.,0.));
#10003=DIRECTION('center_axis',(0.,-0.499949632667753,0.866054481424454));
#10004=DIRECTION('ref_axis',(1.,0.,0.));
#10005=DIRECTION('center_axis',(0.,0.499949632667753,-0.866054481424454));
#10006=DIRECTION('ref_axis',(1.,0.,0.));
#10007=DIRECTION('',(-1.,0.,0.));
#10008=DIRECTION('center_axis',(0.,0.499949632667753,-0.866054481424454));
#10009=DIRECTION('ref_axis',(1.,0.,0.));
#10010=DIRECTION('center_axis',(0.,-0.499949632667753,0.866054481424454));
#10011=DIRECTION('ref_axis',(1.,0.,0.));
#10012=DIRECTION('center_axis',(0.,-0.499949632667753,0.866054481424454));
#10013=DIRECTION('ref_axis',(1.,0.,0.));
#10014=DIRECTION('center_axis',(0.,-0.499949632667753,0.866054481424454));
#10015=DIRECTION('ref_axis',(-0.707106781315337,-0.612392996580691,-0.353517775446703));
#10016=DIRECTION('center_axis',(0.,-0.499949632667753,0.866054481424454));
#10017=DIRECTION('ref_axis',(1.,0.,0.));
#10018=DIRECTION('center_axis',(0.,-0.499949632667753,0.866054481424454));
#10019=DIRECTION('ref_axis',(1.,0.,0.));
#10020=DIRECTION('center_axis',(0.,-0.499949632667753,0.866054481424454));
#10021=DIRECTION('ref_axis',(1.,0.,0.));
#10022=DIRECTION('center_axis',(0.,-0.499949632667753,0.866054481424454));
#10023=DIRECTION('ref_axis',(1.,0.,0.));
#10024=DIRECTION('center_axis',(1.,0.,0.));
#10025=DIRECTION('ref_axis',(0.,-0.866054481424454,-0.499949632667753));
#10026=DIRECTION('center_axis',(1.,0.,0.));
#10027=DIRECTION('ref_axis',(0.,0.965910772043834,-0.258875221776217));
#10028=DIRECTION('center_axis',(0.,0.866054481424454,0.499949632667753));
#10029=DIRECTION('ref_axis',(0.,-0.499949632667753,0.866054481424454));
#10030=DIRECTION('',(1.,0.,0.));
#10031=DIRECTION('center_axis',(0.,-0.499949632667753,0.866054481424454));
#10032=DIRECTION('ref_axis',(0.,0.866054481424454,0.499949632667753));
#10033=DIRECTION('center_axis',(-1.,0.,0.));
#10034=DIRECTION('ref_axis',(0.,0.866054481424454,0.499949632667753));
#10035=DIRECTION('center_axis',(1.,0.,0.));
#10036=DIRECTION('ref_axis',(0.,-0.499949632667753,0.866054481424454));
#10037=DIRECTION('center_axis',(0.,0.866054481424454,0.499949632667753));
#10038=DIRECTION('ref_axis',(0.,-0.499949632667753,0.866054481424454));
#10039=DIRECTION('',(-1.,0.,0.));
#10040=DIRECTION('',(1.,0.,0.));
#10041=DIRECTION('',(0.,0.499949632667753,-0.866054481424454));
#10042=DIRECTION('',(1.,0.,0.));
#10043=DIRECTION('center_axis',(0.,-0.499949632667753,0.866054481424454));
#10044=DIRECTION('ref_axis',(-1.,0.,0.));
#10045=DIRECTION('',(1.,0.,0.));
#10046=DIRECTION('',(0.,-0.866054481424454,-0.499949632667753));
#10047=DIRECTION('',(1.,0.,0.));
#10048=DIRECTION('center_axis',(-1.,0.,0.));
#10049=DIRECTION('ref_axis',(0.,0.499949632667753,-0.866054481424454));
#10050=DIRECTION('center_axis',(1.,0.,0.));
#10051=DIRECTION('ref_axis',(0.,0.499949632667753,-0.866054481424453));
#10052=DIRECTION('center_axis',(-1.,0.,0.));
#10053=DIRECTION('ref_axis',(0.,-0.499949632667753,0.866054481424454));
#10054=DIRECTION('',(0.,-0.866054481424454,-0.499949632667753));
#10055=DIRECTION('',(0.,0.499949632667753,-0.866054481424454));
#10056=DIRECTION('center_axis',(0.,-0.499949632667753,0.866054481424454));
#10057=DIRECTION('ref_axis',(0.,-0.866054481424454,-0.499949632667753));
#10058=DIRECTION('',(-1.,0.,0.));
#10059=DIRECTION('',(-1.,0.,0.));
#10060=DIRECTION('center_axis',(0.,0.866054481424454,0.499949632667753));
#10061=DIRECTION('ref_axis',(1.,0.,0.));
#10062=DIRECTION('center_axis',(-1.,0.,0.));
#10063=DIRECTION('ref_axis',(0.,-0.965910772108546,0.258875221534762));
#10064=DIRECTION('center_axis',(1.,0.,0.));
#10065=DIRECTION('ref_axis',(0.,-0.499949632667753,0.866054481424453));
#10066=DIRECTION('center_axis',(1.,0.,0.));
#10067=DIRECTION('ref_axis',(0.,-0.499949632667753,0.866054481424454));
#10068=DIRECTION('center_axis',(-1.,0.,0.));
#10069=DIRECTION('ref_axis',(0.,0.499949632667753,-0.866054481424454));
#10070=DIRECTION('center_axis',(1.,0.,0.));
#10071=DIRECTION('ref_axis',(0.,0.499949632667753,-0.866054481424454));
#10072=DIRECTION('',(0.,0.866054481424454,0.499949632667753));
#10073=DIRECTION('',(0.,-0.499949632667753,0.866054481424454));
#10074=DIRECTION('',(0.,0.866054481424454,0.499949632667753));
#10075=DIRECTION('',(0.,-0.499949632667753,0.866054481424454));
#10076=DIRECTION('center_axis',(0.,-0.866054481424454,-0.499949632667753));
#10077=DIRECTION('ref_axis',(0.,0.499949632667753,-0.866054481424454));
#10078=DIRECTION('',(1.,0.,0.));
#10079=DIRECTION('',(0.,-0.499949632667753,0.866054481424454));
#10080=DIRECTION('',(1.,0.,0.));
#10081=DIRECTION('center_axis',(-1.,0.,0.));
#10082=DIRECTION('ref_axis',(0.,-0.499949632667753,0.866054481424454));
#10083=DIRECTION('',(0.,-0.866054481424454,-0.499949632667753));
#10084=DIRECTION('',(0.,-0.499949632667753,0.866054481424454));
#10085=DIRECTION('',(0.,-0.866054481424454,-0.499949632667753));
#10086=DIRECTION('center_axis',(0.,0.866054481424454,0.499949632667753));
#10087=DIRECTION('ref_axis',(0.,-0.499949632667753,0.866054481424454));
#10088=DIRECTION('',(-1.,0.,0.));
#10089=DIRECTION('',(-1.,0.,0.));
#10090=DIRECTION('center_axis',(0.,0.499949632667753,-0.866054481424454));
#10091=DIRECTION('ref_axis',(1.,0.,0.));
#10092=DIRECTION('center_axis',(0.,0.499949632667753,-0.866054481424454));
#10093=DIRECTION('ref_axis',(1.,0.,0.));
#10094=DIRECTION('center_axis',(0.,0.499949632667753,-0.866054481424454));
#10095=DIRECTION('ref_axis',(1.,0.,0.));
#10096=DIRECTION('center_axis',(0.,-0.499949632667753,0.866054481424454));
#10097=DIRECTION('ref_axis',(-1.,0.,0.));
#10098=DIRECTION('',(1.,0.,0.));
#10099=DIRECTION('center_axis',(0.,-0.499949632667753,0.866054481424454));
#10100=DIRECTION('ref_axis',(-1.,0.,0.));
#10101=DIRECTION('',(0.,0.866054481424453,0.499949632667753));
#10102=DIRECTION('center_axis',(0.,-0.499949632667753,0.866054481424454));
#10103=DIRECTION('ref_axis',(-1.,0.,0.));
#10104=DIRECTION('',(-1.,0.,0.));
#10105=DIRECTION('center_axis',(0.,-0.499949632667753,0.866054481424454));
#10106=DIRECTION('ref_axis',(-1.,0.,0.));
#10107=DIRECTION('',(0.,-0.866054481424453,-0.499949632667753));
#10108=DIRECTION('',(0.,-0.866054481424454,-0.499949632667753));
#10109=DIRECTION('',(-1.,0.,0.));
#10110=DIRECTION('',(0.,0.866054481424454,0.499949632667753));
#10111=DIRECTION('',(1.,0.,0.));
#10112=DIRECTION('center_axis',(-1.,0.,0.));
#10113=DIRECTION('ref_axis',(0.,0.499949632667753,-0.866054481424454));
#10114=DIRECTION('',(0.,-0.499949632667753,0.866054481424453));
#10115=DIRECTION('',(0.,-0.866054481424453,-0.499949632667753));
#10116=DIRECTION('',(0.,0.499949632667753,-0.866054481424453));
#10117=DIRECTION('',(0.,0.866054481424453,0.499949632667753));
#10118=DIRECTION('center_axis',(0.,0.866054481424454,0.499949632667753));
#10119=DIRECTION('ref_axis',(0.,-0.499949632667753,0.866054481424454));
#10120=DIRECTION('',(0.,-0.499949632667753,0.866054481424453));
#10121=DIRECTION('',(-1.,0.,0.));
#10122=DIRECTION('',(0.,0.499949632667753,-0.866054481424453));
#10123=DIRECTION('',(1.,0.,0.));
#10124=DIRECTION('center_axis',(1.,0.,0.));
#10125=DIRECTION('ref_axis',(0.,-0.499949632667753,0.866054481424454));
#10126=DIRECTION('',(0.,-0.499949632667753,0.866054481424453));
#10127=DIRECTION('',(0.,0.866054481424453,0.499949632667753));
#10128=DIRECTION('',(0.,0.499949632667753,-0.866054481424453));
#10129=DIRECTION('',(0.,-0.866054481424453,-0.499949632667753));
#10130=DIRECTION('center_axis',(0.,-0.866054481424454,-0.499949632667753));
#10131=DIRECTION('ref_axis',(0.,0.499949632667753,-0.866054481424454));
#10132=DIRECTION('',(0.,-0.499949632667753,0.866054481424453));
#10133=DIRECTION('',(1.,0.,0.));
#10134=DIRECTION('',(0.,0.499949632667753,-0.866054481424453));
#10135=DIRECTION('',(-1.,0.,0.));
#10136=DIRECTION('center_axis',(0.,0.499949632667753,-0.866054481424454));
#10137=DIRECTION('ref_axis',(1.,0.,0.));
#10138=DIRECTION('center_axis',(0.,0.499949632667753,-0.866054481424454));
#10139=DIRECTION('ref_axis',(-1.,0.,0.));
#10140=DIRECTION('center_axis',(0.,0.499949632667753,-0.866054481424454));
#10141=DIRECTION('ref_axis',(-1.,0.,0.));
#10142=DIRECTION('center_axis',(0.,0.499949632667753,-0.866054481424454));
#10143=DIRECTION('ref_axis',(-1.,0.,0.));
#10144=DIRECTION('center_axis',(0.,0.499949632667753,-0.866054481424454));
#10145=DIRECTION('ref_axis',(-1.,0.,0.));
#10146=DIRECTION('center_axis',(0.,0.499949632667753,-0.866054481424454));
#10147=DIRECTION('ref_axis',(-1.,0.,0.));
#10148=DIRECTION('center_axis',(0.,0.499949632667753,-0.866054481424454));
#10149=DIRECTION('ref_axis',(-1.,0.,0.));
#10150=DIRECTION('center_axis',(0.,0.499949632667753,-0.866054481424454));
#10151=DIRECTION('ref_axis',(-1.,0.,0.));
#10152=DIRECTION('center_axis',(0.,0.499949632667753,-0.866054481424454));
#10153=DIRECTION('ref_axis',(-1.,0.,0.));
#10154=DIRECTION('center_axis',(0.,0.499949632667753,-0.866054481424454));
#10155=DIRECTION('ref_axis',(-1.,0.,0.));
#10156=DIRECTION('center_axis',(0.,0.499949632667753,-0.866054481424454));
#10157=DIRECTION('ref_axis',(-1.,0.,0.));
#10158=DIRECTION('center_axis',(0.,0.499949632667753,-0.866054481424454));
#10159=DIRECTION('ref_axis',(-1.,0.,0.));
#10160=DIRECTION('center_axis',(0.,0.499949632667753,-0.866054481424454));
#10161=DIRECTION('ref_axis',(-1.,0.,0.));
#10162=DIRECTION('center_axis',(-1.,0.,0.));
#10163=DIRECTION('ref_axis',(0.,0.499949632667753,-0.866054481424454));
#10164=DIRECTION('',(0.,-0.499949632667753,0.866054481424454));
#10165=DIRECTION('',(0.,-0.866054481424454,-0.499949632667753));
#10166=DIRECTION('',(0.,-0.499949632667753,0.866054481424454));
#10167=DIRECTION('center_axis',(0.,-0.866054481424454,-0.499949632667753));
#10168=DIRECTION('ref_axis',(0.,0.499949632667753,-0.866054481424454));
#10169=DIRECTION('',(0.,-0.499949632667753,0.866054481424454));
#10170=DIRECTION('',(1.,0.,0.));
#10171=DIRECTION('center_axis',(1.,0.,0.));
#10172=DIRECTION('ref_axis',(0.,-0.499949632667753,0.866054481424454));
#10173=DIRECTION('',(0.,-0.499949632667753,0.866054481424454));
#10174=DIRECTION('',(0.,0.866054481424454,0.499949632667753));
#10175=DIRECTION('center_axis',(0.,0.866054481424454,0.499949632667753));
#10176=DIRECTION('ref_axis',(0.,-0.499949632667753,0.866054481424454));
#10177=DIRECTION('',(-1.,0.,0.));
#10178=DIRECTION('center_axis',(0.,-0.499949632667753,0.866054481424454));
#10179=DIRECTION('ref_axis',(1.,0.,0.));
#10180=DIRECTION('center_axis',(1.,0.,0.));
#10181=DIRECTION('ref_axis',(0.,-0.499949632667753,0.866054481424454));
#10182=DIRECTION('center_axis',(1.,0.,0.));
#10183=DIRECTION('ref_axis',(0.,-0.866054481424454,-0.499949632667753));
#10184=DIRECTION('center_axis',(-1.,0.,0.));
#10185=DIRECTION('ref_axis',(0.,-0.866054481424454,-0.499949632667753));
#10186=DIRECTION('center_axis',(0.,0.499949632667753,-0.866054481424454));
#10187=DIRECTION('ref_axis',(-1.,0.,0.));
#10188=DIRECTION('center_axis',(0.,-0.866054481424454,-0.499949632667753));
#10189=DIRECTION('ref_axis',(0.,-0.499949632667753,0.866054481424454));
#10190=DIRECTION('center_axis',(0.,0.499949632667753,-0.866054481424454));
#10191=DIRECTION('ref_axis',(-1.,0.,0.));
#10192=DIRECTION('center_axis',(0.,-0.866054481424454,-0.499949632667753));
#10193=DIRECTION('ref_axis',(0.,-0.499949632667753,0.866054481424454));
#10194=DIRECTION('center_axis',(0.,0.866054481424454,0.499949632667753));
#10195=DIRECTION('ref_axis',(0.,-0.499949632667753,0.866054481424454));
#10196=DIRECTION('center_axis',(0.,-0.866054481424454,-0.499949632667753));
#10197=DIRECTION('ref_axis',(0.,0.499949632667753,-0.866054481424454));
#10198=DIRECTION('center_axis',(0.,0.866054481424454,0.499949632667753));
#10199=DIRECTION('ref_axis',(0.,-0.499949632667753,0.866054481424454));
#10200=DIRECTION('center_axis',(0.,-0.866054481424454,-0.499949632667753));
#10201=DIRECTION('ref_axis',(-1.,0.,0.));
#10202=DIRECTION('center_axis',(0.,0.499949632667753,-0.866054481424454));
#10203=DIRECTION('ref_axis',(-1.,0.,0.));
#10204=DIRECTION('center_axis',(1.,0.,0.));
#10205=DIRECTION('ref_axis',(0.,-0.499949632667753,0.866054481424454));
#10206=DIRECTION('center_axis',(0.,0.499949632667753,-0.866054481424454));
#10207=DIRECTION('ref_axis',(-1.,0.,0.));
#10208=DIRECTION('center_axis',(-1.,0.,0.));
#10209=DIRECTION('ref_axis',(0.,-0.499949632667753,0.866054481424454));
#10210=DIRECTION('center_axis',(-1.,0.,0.));
#10211=DIRECTION('ref_axis',(0.,-0.965910772204513,0.258875221176691));
#10212=DIRECTION('center_axis',(-1.,0.,0.));
#10213=DIRECTION('ref_axis',(0.,0.499949632667753,-0.866054481424454));
#10214=DIRECTION('',(0.,-0.866054481424454,-0.499949632667753));
#10215=DIRECTION('',(0.,-0.499949632667753,0.866054481424454));
#10216=DIRECTION('',(0.,-0.866054481424454,-0.499949632667753));
#10217=DIRECTION('',(0.,-0.499949632667753,0.866054481424454));
#10218=DIRECTION('center_axis',(0.,0.866054481424454,0.499949632667753));
#10219=DIRECTION('ref_axis',(0.,-0.499949632667753,0.866054481424454));
#10220=DIRECTION('',(-1.,0.,0.));
#10221=DIRECTION('',(0.,-0.499949632667753,0.866054481424454));
#10222=DIRECTION('',(-1.,0.,0.));
#10223=DIRECTION('center_axis',(1.,0.,0.));
#10224=DIRECTION('ref_axis',(0.,-0.499949632667753,0.866054481424454));
#10225=DIRECTION('',(0.,0.866054481424454,0.499949632667753));
#10226=DIRECTION('',(0.,-0.499949632667753,0.866054481424454));
#10227=DIRECTION('',(0.,0.866054481424454,0.499949632667753));
#10228=DIRECTION('center_axis',(0.,-0.866054481424454,-0.499949632667753));
#10229=DIRECTION('ref_axis',(0.,0.499949632667753,-0.866054481424454));
#10230=DIRECTION('',(1.,0.,0.));
#10231=DIRECTION('',(1.,0.,0.));
#10232=DIRECTION('center_axis',(0.,0.499949632667753,-0.866054481424454));
#10233=DIRECTION('ref_axis',(-1.,0.,0.));
#10234=DIRECTION('center_axis',(0.,0.499949632667753,-0.866054481424454));
#10235=DIRECTION('ref_axis',(-1.,0.,0.));
#10236=DIRECTION('',(3.15544362088405E-30,-2.77555756156289E-17,1.));
#10237=DIRECTION('',(1.,3.15544362088405E-30,-3.15544362088405E-30));
#10238=DIRECTION('',(3.15544362088405E-30,-2.77555756156289E-17,1.));
#10239=DIRECTION('',(1.,3.15544362088405E-30,-3.15544362088405E-30));
#10240=DIRECTION('',(3.15544362088405E-30,-2.77555756156289E-17,1.));
#10241=DIRECTION('',(1.,3.15544362088405E-30,-3.15544362088405E-30));
#10242=DIRECTION('',(3.15544362088405E-30,-2.77555756156289E-17,1.));
#10243=DIRECTION('',(1.,3.15544362088405E-30,-3.15544362088405E-30));
#10244=DIRECTION('',(3.15544362088405E-30,-2.77555756156289E-17,1.));
#10245=DIRECTION('',(1.,3.15544362088405E-30,-3.15544362088405E-30));
#10246=DIRECTION('axis',(0.,0.,1.));
#10247=DIRECTION('refdir',(1.,0.,0.));
#10248=DIRECTION('center_axis',(3.70074341541719E-16,0.,-1.));
#10249=DIRECTION('ref_axis',(1.,0.,3.70074341541719E-16));
#10250=DIRECTION('',(1.,1.39692879230377E-24,3.70074341541719E-16));
#10251=DIRECTION('',(0.,-1.,0.));
#10252=DIRECTION('',(-1.,-1.39692879230377E-24,-3.70074341541719E-16));
#10253=DIRECTION('',(0.,-1.,0.));
#10254=DIRECTION('center_axis',(0.,-1.,0.));
#10255=DIRECTION('ref_axis',(0.,0.,-1.));
#10256=DIRECTION('center_axis',(1.39692880388329E-24,-1.,-3.12896932918639E-17));
#10257=DIRECTION('ref_axis',(0.,0.,-1.));
#10258=DIRECTION('',(0.,-1.,0.));
#10259=DIRECTION('center_axis',(-1.39692880388329E-24,1.,3.12896932918639E-17));
#10260=DIRECTION('ref_axis',(0.,0.,-1.));
#10261=DIRECTION('center_axis',(0.,0.,1.));
#10262=DIRECTION('ref_axis',(-1.,0.,0.));
#10263=DIRECTION('',(-1.,-1.39692880388329E-24,0.));
#10264=DIRECTION('',(0.,-1.,0.));
#10265=DIRECTION('',(1.,1.39692880388329E-24,0.));
#10266=DIRECTION('center_axis',(0.,-1.,0.));
#10267=DIRECTION('ref_axis',(0.,0.,1.));
#10268=DIRECTION('center_axis',(1.39692880388329E-24,-1.,-3.12896932918639E-17));
#10269=DIRECTION('ref_axis',(0.,0.,1.));
#10270=DIRECTION('center_axis',(-1.39692880388329E-24,1.,3.12896932918639E-17));
#10271=DIRECTION('ref_axis',(0.,0.,1.));
#10272=DIRECTION('',(0.,1.,0.));
#10273=DIRECTION('',(0.,1.,0.));
#10274=DIRECTION('center_axis',(-3.39644183745609E-8,0.,0.999999999999999));
#10275=DIRECTION('ref_axis',(0.999999999999999,3.34192470724133E-25,3.39644183745609E-8));
#10276=DIRECTION('',(-0.999999999999999,-2.0902594213431E-8,-3.39644183745609E-8));
#10277=DIRECTION('',(-0.999999999999999,-3.34192470724133E-25,-3.39644183745609E-8));
#10278=DIRECTION('',(0.,1.,0.));
#10279=DIRECTION('',(0.,1.,0.));
#10280=DIRECTION('center_axis',(-0.999999999999999,0.,-4.68259930830312E-8));
#10281=DIRECTION('ref_axis',(-4.68259930830312E-8,-3.1289693291864E-17,
0.999999999999999));
#10282=DIRECTION('',(3.98790055805481E-8,-0.524123135048763,-0.851642495009881));
#10283=DIRECTION('',(4.68259930830312E-8,3.1289693291864E-17,-0.999999999999999));
#10284=DIRECTION('',(0.,1.,0.));
#10285=DIRECTION('',(0.,1.,0.));
#10286=DIRECTION('center_axis',(3.39644180164245E-8,0.,-0.999999999999999));
#10287=DIRECTION('ref_axis',(-0.999999999999999,-3.34192494190418E-25,-3.39644180164245E-8));
#10288=DIRECTION('',(0.999999999999999,2.09025939930244E-8,3.39644180164245E-8));
#10289=DIRECTION('',(0.999999999999999,3.34192494190418E-25,3.39644180164245E-8));
#10290=DIRECTION('',(0.,1.,0.));
#10291=DIRECTION('',(0.,1.,0.));
#10292=DIRECTION('center_axis',(0.999999999999999,0.,4.68259819803793E-8));
#10293=DIRECTION('ref_axis',(4.68259819803793E-8,3.1289693291864E-17,-0.999999999999999));
#10294=DIRECTION('',(-3.9878996125058E-8,0.524123135048763,0.851642495009881));
#10295=DIRECTION('',(-4.68259819803793E-8,-3.1289693291864E-17,0.999999999999999));
#10296=DIRECTION('center_axis',(1.39692880388329E-24,-1.,-3.12896932918639E-17));
#10297=DIRECTION('ref_axis',(-1.,-1.39692880388329E-24,0.));
#10298=DIRECTION('',(0.0129273983509442,0.52407933811129,0.851571329799629));
#10299=DIRECTION('',(5.65815285809263E-12,0.539788277357086,0.841800817074841));
#10300=DIRECTION('center_axis',(-4.95227501223581E-17,0.851642495009881,
-0.524123135048763));
#10301=DIRECTION('ref_axis',(-1.,0.,9.44868615993274E-17));
#10302=DIRECTION('',(-1.,-5.81496935774483E-17,-1.05643629882579E-32));
#10303=DIRECTION('',(-0.0129273983350025,0.524079338104092,0.851571329804301));
#10304=DIRECTION('',(-1.,2.25086673637891E-14,3.6668597697713E-14));
#10305=DIRECTION('',(3.98789484719315E-8,-0.524123135048763,-0.851642495009881));
#10306=DIRECTION('center_axis',(-4.95227501223581E-17,0.851642495009881,
-0.524123135048763));
#10307=DIRECTION('ref_axis',(-3.98789484719315E-8,0.524123135048763,0.851642495009881));
#10308=DIRECTION('',(-0.999999999999999,-2.09025937762952E-8,-3.39644176642633E-8));
#10309=DIRECTION('center_axis',(-4.95227501223581E-17,0.851642495009881,
-0.524123135048763));
#10310=DIRECTION('ref_axis',(3.98789479991749E-8,-0.524123135048763,-0.851642495009881));
#10311=DIRECTION('',(-3.98789579270625E-8,0.524123135048763,0.851642495009881));
#10312=DIRECTION('center_axis',(-4.95227501223581E-17,0.851642495009881,
-0.524123135048763));
#10313=DIRECTION('ref_axis',(3.98789484719315E-8,-0.524123135048763,-0.851642495009881));
#10314=DIRECTION('',(0.999999999999999,2.09025939967018E-8,3.39644180223998E-8));
#10315=DIRECTION('center_axis',(-4.95227501223581E-17,0.851642495009881,
-0.524123135048763));
#10316=DIRECTION('ref_axis',(-3.9878948629517E-8,0.524123135048763,0.851642495009881));
#10317=DIRECTION('center_axis',(-4.95227501223581E-17,0.851642495009881,
-0.524123135048763));
#10318=DIRECTION('ref_axis',(3.98789484511496E-8,-0.524123135048763,-0.851642495009881));
#10319=DIRECTION('center_axis',(-4.95227501223581E-17,0.851642495009881,
-0.524123135048763));
#10320=DIRECTION('ref_axis',(3.98789484511495E-8,-0.524123135048763,-0.851642495009881));
#10321=DIRECTION('center_axis',(-4.95227501223581E-17,0.851642495009881,
-0.524123135048763));
#10322=DIRECTION('ref_axis',(3.98789484719315E-8,-0.524123135048763,-0.851642495009881));
#10323=DIRECTION('center_axis',(-4.95227501223581E-17,0.851642495009881,
-0.524123135048763));
#10324=DIRECTION('ref_axis',(3.98789484511495E-8,-0.524123135048763,-0.851642495009881));
#10325=DIRECTION('center_axis',(-4.95227501223581E-17,0.851642495009881,
-0.524123135048763));
#10326=DIRECTION('ref_axis',(3.98789484511496E-8,-0.524123135048763,-0.851642495009881));
#10327=DIRECTION('center_axis',(-4.95227501223581E-17,0.851642495009881,
-0.524123135048763));
#10328=DIRECTION('ref_axis',(3.98789484511495E-8,-0.524123135048763,-0.851642495009881));
#10329=DIRECTION('center_axis',(-4.95227501223581E-17,0.851642495009881,
-0.524123135048763));
#10330=DIRECTION('ref_axis',(3.98789484511496E-8,-0.524123135048763,-0.851642495009881));
#10331=DIRECTION('center_axis',(-4.95227501223581E-17,0.851642495009881,
-0.524123135048763));
#10332=DIRECTION('ref_axis',(3.98789484511496E-8,-0.524123135048763,-0.851642495009881));
#10333=DIRECTION('center_axis',(-4.95227501223581E-17,0.851642495009881,
-0.524123135048763));
#10334=DIRECTION('ref_axis',(3.98789484511496E-8,-0.524123135048763,-0.851642495009881));
#10335=DIRECTION('center_axis',(-4.95227501223581E-17,0.851642495009881,
-0.524123135048763));
#10336=DIRECTION('ref_axis',(3.98789484511495E-8,-0.524123135048763,-0.851642495009881));
#10337=DIRECTION('center_axis',(-4.95227501223581E-17,0.851642495009881,
-0.524123135048763));
#10338=DIRECTION('ref_axis',(3.98789484511495E-8,-0.524123135048763,-0.851642495009881));
#10339=DIRECTION('center_axis',(-4.95227501223581E-17,0.851642495009881,
-0.524123135048763));
#10340=DIRECTION('ref_axis',(3.98789484511495E-8,-0.524123135048763,-0.851642495009881));
#10341=DIRECTION('center_axis',(-4.95227501223581E-17,0.851642495009881,
-0.524123135048763));
#10342=DIRECTION('ref_axis',(3.98789484511496E-8,-0.524123135048763,-0.851642495009881));
#10343=DIRECTION('center_axis',(-4.95227501223581E-17,0.851642495009881,
-0.524123135048763));
#10344=DIRECTION('ref_axis',(3.98789484680349E-8,-0.524123135048763,-0.851642495009881));
#10345=DIRECTION('center_axis',(-4.95227501223581E-17,0.851642495009881,
-0.524123135048763));
#10346=DIRECTION('ref_axis',(3.98789484719315E-8,-0.524123135048763,-0.851642495009881));
#10347=DIRECTION('center_axis',(-4.95227501223581E-17,0.851642495009881,
-0.524123135048763));
#10348=DIRECTION('ref_axis',(3.98789484719315E-8,-0.524123135048763,-0.851642495009881));
#10349=DIRECTION('center_axis',(-4.95227501223581E-17,0.851642495009881,
-0.524123135048763));
#10350=DIRECTION('ref_axis',(3.98789484511496E-8,-0.524123135048763,-0.851642495009881));
#10351=DIRECTION('center_axis',(-4.95227501223581E-17,0.851642495009881,
-0.524123135048763));
#10352=DIRECTION('ref_axis',(3.9878948466736E-8,-0.524123135048763,-0.851642495009881));
#10353=DIRECTION('center_axis',(-4.95227501223581E-17,0.851642495009881,
-0.524123135048763));
#10354=DIRECTION('ref_axis',(3.98789484719315E-8,-0.524123135048763,-0.851642495009881));
#10355=DIRECTION('center_axis',(-4.95227501223581E-17,0.851642495009881,
-0.524123135048763));
#10356=DIRECTION('ref_axis',(3.98789484511496E-8,-0.524123135048763,-0.851642495009881));
#10357=DIRECTION('center_axis',(-4.95227501223581E-17,0.851642495009881,
-0.524123135048763));
#10358=DIRECTION('ref_axis',(3.98789484719315E-8,-0.524123135048763,-0.851642495009881));
#10359=DIRECTION('center_axis',(-4.95227501223581E-17,0.851642495009881,
-0.524123135048763));
#10360=DIRECTION('ref_axis',(3.98789484511496E-8,-0.524123135048763,-0.851642495009881));
#10361=DIRECTION('center_axis',(-4.95227501223581E-17,0.851642495009881,
-0.524123135048763));
#10362=DIRECTION('ref_axis',(3.98789484511496E-8,-0.524123135048763,-0.851642495009881));
#10363=DIRECTION('center_axis',(-4.95227501223581E-17,0.851642495009881,
-0.524123135048763));
#10364=DIRECTION('ref_axis',(3.98789484511495E-8,-0.524123135048763,-0.851642495009881));
#10365=DIRECTION('center_axis',(-4.95227501223581E-17,0.851642495009881,
-0.524123135048763));
#10366=DIRECTION('ref_axis',(3.98789484511495E-8,-0.524123135048763,-0.851642495009881));
#10367=DIRECTION('center_axis',(-4.95227501223581E-17,0.851642495009881,
-0.524123135048763));
#10368=DIRECTION('ref_axis',(3.98789484719315E-8,-0.524123135048763,-0.851642495009881));
#10369=DIRECTION('center_axis',(-4.95227501223581E-17,0.851642495009881,
-0.524123135048763));
#10370=DIRECTION('ref_axis',(3.98789484511496E-8,-0.524123135048763,-0.851642495009881));
#10371=DIRECTION('center_axis',(-4.95227501223581E-17,0.851642495009881,
-0.524123135048763));
#10372=DIRECTION('ref_axis',(3.98789484719315E-8,-0.524123135048763,-0.851642495009881));
#10373=DIRECTION('center_axis',(-4.95227501223581E-17,0.851642495009881,
-0.524123135048763));
#10374=DIRECTION('ref_axis',(3.98789484511495E-8,-0.524123135048763,-0.851642495009881));
#10375=DIRECTION('center_axis',(-4.95227501223581E-17,0.851642495009881,
-0.524123135048763));
#10376=DIRECTION('ref_axis',(3.98789484511495E-8,-0.524123135048763,-0.851642495009881));
#10377=DIRECTION('center_axis',(-4.95227501223581E-17,0.851642495009881,
-0.524123135048763));
#10378=DIRECTION('ref_axis',(3.9878948466736E-8,-0.524123135048763,-0.851642495009881));
#10379=DIRECTION('center_axis',(-4.95227501223581E-17,0.851642495009881,
-0.524123135048763));
#10380=DIRECTION('ref_axis',(3.98789484680349E-8,-0.524123135048763,-0.851642495009881));
#10381=DIRECTION('center_axis',(-4.95227501223581E-17,0.851642495009881,
-0.524123135048763));
#10382=DIRECTION('ref_axis',(3.98789484719315E-8,-0.524123135048763,-0.851642495009881));
#10383=DIRECTION('center_axis',(-4.95227501223581E-17,0.851642495009881,
-0.524123135048763));
#10384=DIRECTION('ref_axis',(3.98789484719315E-8,-0.524123135048763,-0.851642495009881));
#10385=DIRECTION('center_axis',(-4.95227501223581E-17,0.851642495009881,
-0.524123135048763));
#10386=DIRECTION('ref_axis',(3.9878948466736E-8,-0.524123135048763,-0.851642495009881));
#10387=DIRECTION('center_axis',(-4.95227501223581E-17,0.851642495009881,
-0.524123135048763));
#10388=DIRECTION('ref_axis',(3.98789484511496E-8,-0.524123135048763,-0.851642495009881));
#10389=DIRECTION('center_axis',(-4.95227501223581E-17,0.851642495009881,
-0.524123135048763));
#10390=DIRECTION('ref_axis',(3.98789484511495E-8,-0.524123135048763,-0.851642495009881));
#10391=DIRECTION('center_axis',(-4.95227501223581E-17,0.851642495009881,
-0.524123135048763));
#10392=DIRECTION('ref_axis',(3.98789484719315E-8,-0.524123135048763,-0.851642495009881));
#10393=DIRECTION('center_axis',(-4.95227501223581E-17,0.851642495009881,
-0.524123135048763));
#10394=DIRECTION('ref_axis',(3.98789484511496E-8,-0.524123135048763,-0.851642495009881));
#10395=DIRECTION('center_axis',(-4.95227501223581E-17,0.851642495009881,
-0.524123135048763));
#10396=DIRECTION('ref_axis',(3.98789484511495E-8,-0.524123135048763,-0.851642495009881));
#10397=DIRECTION('center_axis',(-4.95227501223581E-17,0.851642495009881,
-0.524123135048763));
#10398=DIRECTION('ref_axis',(3.98789484511495E-8,-0.524123135048763,-0.851642495009881));
#10399=DIRECTION('center_axis',(-4.95227501223581E-17,0.851642495009881,
-0.524123135048763));
#10400=DIRECTION('ref_axis',(3.98789484511495E-8,-0.524123135048763,-0.851642495009881));
#10401=DIRECTION('center_axis',(-4.95227501223581E-17,0.851642495009881,
-0.524123135048763));
#10402=DIRECTION('ref_axis',(3.98789484719315E-8,-0.524123135048763,-0.851642495009881));
#10403=DIRECTION('center_axis',(-4.95227501223581E-17,0.851642495009881,
-0.524123135048763));
#10404=DIRECTION('ref_axis',(3.98789484511496E-8,-0.524123135048763,-0.851642495009881));
#10405=DIRECTION('center_axis',(-4.95227501223581E-17,0.851642495009881,
-0.524123135048763));
#10406=DIRECTION('ref_axis',(3.98789484511496E-8,-0.524123135048763,-0.851642495009881));
#10407=DIRECTION('center_axis',(-4.95227501223581E-17,0.851642495009881,
-0.524123135048763));
#10408=DIRECTION('ref_axis',(3.98789484511496E-8,-0.524123135048763,-0.851642495009881));
#10409=DIRECTION('center_axis',(-4.95227501223581E-17,0.851642495009881,
-0.524123135048763));
#10410=DIRECTION('ref_axis',(3.9878948466736E-8,-0.524123135048763,-0.851642495009881));
#10411=DIRECTION('center_axis',(-4.95227501223581E-17,0.851642495009881,
-0.524123135048763));
#10412=DIRECTION('ref_axis',(3.98789484719315E-8,-0.524123135048763,-0.851642495009881));
#10413=DIRECTION('center_axis',(-4.95227501223581E-17,0.851642495009881,
-0.524123135048763));
#10414=DIRECTION('ref_axis',(3.9878948466736E-8,-0.524123135048763,-0.851642495009881));
#10415=DIRECTION('center_axis',(-4.95227501223581E-17,0.851642495009881,
-0.524123135048763));
#10416=DIRECTION('ref_axis',(3.98789484511496E-8,-0.524123135048763,-0.851642495009881));
#10417=DIRECTION('center_axis',(-4.95227501223581E-17,0.851642495009881,
-0.524123135048763));
#10418=DIRECTION('ref_axis',(3.98789484680349E-8,-0.524123135048763,-0.851642495009881));
#10419=DIRECTION('center_axis',(-4.95227501223581E-17,0.851642495009881,
-0.524123135048763));
#10420=DIRECTION('ref_axis',(3.98789484511496E-8,-0.524123135048763,-0.851642495009881));
#10421=DIRECTION('center_axis',(-4.95227501223581E-17,0.851642495009881,
-0.524123135048763));
#10422=DIRECTION('ref_axis',(3.98789484511496E-8,-0.524123135048763,-0.851642495009881));
#10423=DIRECTION('center_axis',(-4.95227501223581E-17,0.851642495009881,
-0.524123135048763));
#10424=DIRECTION('ref_axis',(3.98789484511496E-8,-0.524123135048763,-0.851642495009881));
#10425=DIRECTION('center_axis',(-4.95227501223581E-17,0.851642495009881,
-0.524123135048763));
#10426=DIRECTION('ref_axis',(3.98789484511495E-8,-0.524123135048763,-0.851642495009881));
#10427=DIRECTION('center_axis',(-4.95227501223581E-17,0.851642495009881,
-0.524123135048763));
#10428=DIRECTION('ref_axis',(3.98789484511496E-8,-0.524123135048763,-0.851642495009881));
#10429=DIRECTION('center_axis',(-4.95227501223581E-17,0.851642495009881,
-0.524123135048763));
#10430=DIRECTION('ref_axis',(3.98789484511495E-8,-0.524123135048763,-0.851642495009881));
#10431=DIRECTION('center_axis',(-4.95227501223581E-17,0.851642495009881,
-0.524123135048763));
#10432=DIRECTION('ref_axis',(3.98789484511496E-8,-0.524123135048763,-0.851642495009881));
#10433=DIRECTION('center_axis',(-4.95227501223581E-17,0.851642495009881,
-0.524123135048763));
#10434=DIRECTION('ref_axis',(3.98789484511496E-8,-0.524123135048763,-0.851642495009881));
#10435=DIRECTION('center_axis',(-4.95227501223581E-17,0.851642495009881,
-0.524123135048763));
#10436=DIRECTION('ref_axis',(3.98789484511495E-8,-0.524123135048763,-0.851642495009881));
#10437=DIRECTION('center_axis',(-4.95227501223581E-17,0.851642495009881,
-0.524123135048763));
#10438=DIRECTION('ref_axis',(3.98789484511496E-8,-0.524123135048763,-0.851642495009881));
#10439=DIRECTION('center_axis',(-4.95227501223581E-17,0.851642495009881,
-0.524123135048763));
#10440=DIRECTION('ref_axis',(3.98789484511495E-8,-0.524123135048763,-0.851642495009881));
#10441=DIRECTION('center_axis',(-4.95227501223581E-17,0.851642495009881,
-0.524123135048763));
#10442=DIRECTION('ref_axis',(3.98789484511495E-8,-0.524123135048763,-0.851642495009881));
#10443=DIRECTION('center_axis',(-4.95227501223581E-17,0.851642495009881,
-0.524123135048763));
#10444=DIRECTION('ref_axis',(3.98789484511495E-8,-0.524123135048763,-0.851642495009881));
#10445=DIRECTION('center_axis',(-4.95227501223581E-17,0.851642495009881,
-0.524123135048763));
#10446=DIRECTION('ref_axis',(3.98789484719315E-8,-0.524123135048763,-0.851642495009881));
#10447=DIRECTION('center_axis',(-4.95227501223581E-17,0.851642495009881,
-0.524123135048763));
#10448=DIRECTION('ref_axis',(3.98789484511496E-8,-0.524123135048763,-0.851642495009881));
#10449=DIRECTION('center_axis',(-4.95227501223581E-17,0.851642495009881,
-0.524123135048763));
#10450=DIRECTION('ref_axis',(3.98789484511496E-8,-0.524123135048763,-0.851642495009881));
#10451=DIRECTION('center_axis',(-4.95227501223581E-17,0.851642495009881,
-0.524123135048763));
#10452=DIRECTION('ref_axis',(3.98789484511495E-8,-0.524123135048763,-0.851642495009881));
#10453=DIRECTION('center_axis',(-4.95227501223581E-17,0.851642495009881,
-0.524123135048763));
#10454=DIRECTION('ref_axis',(3.98789484511495E-8,-0.524123135048763,-0.851642495009881));
#10455=DIRECTION('center_axis',(-4.95227501223581E-17,0.851642495009881,
-0.524123135048763));
#10456=DIRECTION('ref_axis',(3.98789484511496E-8,-0.524123135048763,-0.851642495009881));
#10457=DIRECTION('center_axis',(-4.95227501223581E-17,0.851642495009881,
-0.524123135048763));
#10458=DIRECTION('ref_axis',(3.9878948466736E-8,-0.524123135048763,-0.851642495009881));
#10459=DIRECTION('center_axis',(-4.95227501223581E-17,0.851642495009881,
-0.524123135048763));
#10460=DIRECTION('ref_axis',(3.98789484719315E-8,-0.524123135048763,-0.851642495009881));
#10461=DIRECTION('center_axis',(-4.95227501223581E-17,0.851642495009881,
-0.524123135048763));
#10462=DIRECTION('ref_axis',(3.98789484511496E-8,-0.524123135048763,-0.851642495009881));
#10463=DIRECTION('center_axis',(-4.95227501223581E-17,0.851642495009881,
-0.524123135048763));
#10464=DIRECTION('ref_axis',(3.98789484511495E-8,-0.524123135048763,-0.851642495009881));
#10465=DIRECTION('center_axis',(-4.95227501223581E-17,0.851642495009881,
-0.524123135048763));
#10466=DIRECTION('ref_axis',(3.98789484511495E-8,-0.524123135048763,-0.851642495009881));
#10467=DIRECTION('center_axis',(-4.95227501223581E-17,0.851642495009881,
-0.524123135048763));
#10468=DIRECTION('ref_axis',(3.98789484511496E-8,-0.524123135048763,-0.851642495009881));
#10469=DIRECTION('center_axis',(-4.95227501223581E-17,0.851642495009881,
-0.524123135048763));
#10470=DIRECTION('ref_axis',(3.98789484511496E-8,-0.524123135048763,-0.851642495009881));
#10471=DIRECTION('center_axis',(-4.95227501223581E-17,0.851642495009881,
-0.524123135048763));
#10472=DIRECTION('ref_axis',(3.98789484511496E-8,-0.524123135048763,-0.851642495009881));
#10473=DIRECTION('center_axis',(-4.95227501223581E-17,0.851642495009881,
-0.524123135048763));
#10474=DIRECTION('ref_axis',(3.98789484511496E-8,-0.524123135048763,-0.851642495009881));
#10475=DIRECTION('center_axis',(-4.95227501223581E-17,0.851642495009881,
-0.524123135048763));
#10476=DIRECTION('ref_axis',(3.9878948466736E-8,-0.524123135048763,-0.851642495009881));
#10477=DIRECTION('center_axis',(-4.95227501223581E-17,0.851642495009881,
-0.524123135048763));
#10478=DIRECTION('ref_axis',(3.98789484719315E-8,-0.524123135048763,-0.851642495009881));
#10479=DIRECTION('center_axis',(-4.95227501223581E-17,0.851642495009881,
-0.524123135048763));
#10480=DIRECTION('ref_axis',(3.98789484511496E-8,-0.524123135048763,-0.851642495009881));
#10481=DIRECTION('center_axis',(-4.95227501223581E-17,0.851642495009881,
-0.524123135048763));
#10482=DIRECTION('ref_axis',(3.98789484511496E-8,-0.524123135048763,-0.851642495009881));
#10483=DIRECTION('center_axis',(-4.95227501223581E-17,0.851642495009881,
-0.524123135048763));
#10484=DIRECTION('ref_axis',(3.98789484719315E-8,-0.524123135048763,-0.851642495009881));
#10485=DIRECTION('center_axis',(-4.95227501223581E-17,0.851642495009881,
-0.524123135048763));
#10486=DIRECTION('ref_axis',(3.98789484511496E-8,-0.524123135048763,-0.851642495009881));
#10487=DIRECTION('center_axis',(-4.95227501223581E-17,0.851642495009881,
-0.524123135048763));
#10488=DIRECTION('ref_axis',(3.98789484511495E-8,-0.524123135048763,-0.851642495009881));
#10489=DIRECTION('center_axis',(-4.95227501223581E-17,0.851642495009881,
-0.524123135048763));
#10490=DIRECTION('ref_axis',(3.98789484511496E-8,-0.524123135048763,-0.851642495009881));
#10491=DIRECTION('center_axis',(-4.95227501223581E-17,0.851642495009881,
-0.524123135048763));
#10492=DIRECTION('ref_axis',(3.98789484511496E-8,-0.524123135048763,-0.851642495009881));
#10493=DIRECTION('center_axis',(-4.95227501223581E-17,0.851642495009881,
-0.524123135048763));
#10494=DIRECTION('ref_axis',(3.98789484511496E-8,-0.524123135048763,-0.851642495009881));
#10495=DIRECTION('center_axis',(-4.95227501223581E-17,0.851642495009881,
-0.524123135048763));
#10496=DIRECTION('ref_axis',(3.98789484511495E-8,-0.524123135048763,-0.851642495009881));
#10497=DIRECTION('center_axis',(-4.95227501223581E-17,0.851642495009881,
-0.524123135048763));
#10498=DIRECTION('ref_axis',(3.98789484511495E-8,-0.524123135048763,-0.851642495009881));
#10499=DIRECTION('center_axis',(-4.95227501223581E-17,0.851642495009881,
-0.524123135048763));
#10500=DIRECTION('ref_axis',(3.98789484719315E-8,-0.524123135048763,-0.851642495009881));
#10501=DIRECTION('center_axis',(-4.95227501223581E-17,0.851642495009881,
-0.524123135048763));
#10502=DIRECTION('ref_axis',(3.98789484719315E-8,-0.524123135048763,-0.851642495009881));
#10503=DIRECTION('center_axis',(-4.95227501223581E-17,0.851642495009881,
-0.524123135048763));
#10504=DIRECTION('ref_axis',(3.98789484719315E-8,-0.524123135048763,-0.851642495009881));
#10505=DIRECTION('center_axis',(-4.95227501223581E-17,0.851642495009881,
-0.524123135048763));
#10506=DIRECTION('ref_axis',(3.98789484511495E-8,-0.524123135048763,-0.851642495009881));
#10507=DIRECTION('center_axis',(-4.95227501223581E-17,0.851642495009881,
-0.524123135048763));
#10508=DIRECTION('ref_axis',(3.98789484511495E-8,-0.524123135048763,-0.851642495009881));
#10509=DIRECTION('center_axis',(-4.95227501223581E-17,0.851642495009881,
-0.524123135048763));
#10510=DIRECTION('ref_axis',(3.98789484719315E-8,-0.524123135048763,-0.851642495009881));
#10511=DIRECTION('center_axis',(-4.95227501223581E-17,0.851642495009881,
-0.524123135048763));
#10512=DIRECTION('ref_axis',(3.98789484719315E-8,-0.524123135048763,-0.851642495009881));
#10513=DIRECTION('center_axis',(-4.95227501223581E-17,0.851642495009881,
-0.524123135048763));
#10514=DIRECTION('ref_axis',(3.98789484511496E-8,-0.524123135048763,-0.851642495009881));
#10515=DIRECTION('center_axis',(-4.95227501223581E-17,0.851642495009881,
-0.524123135048763));
#10516=DIRECTION('ref_axis',(3.98789484511496E-8,-0.524123135048763,-0.851642495009881));
#10517=DIRECTION('center_axis',(-4.95227501223581E-17,0.851642495009881,
-0.524123135048763));
#10518=DIRECTION('ref_axis',(3.98789484680349E-8,-0.524123135048763,-0.851642495009881));
#10519=DIRECTION('center_axis',(-4.95227501223581E-17,0.851642495009881,
-0.524123135048763));
#10520=DIRECTION('ref_axis',(3.98789484511495E-8,-0.524123135048763,-0.851642495009881));
#10521=DIRECTION('center_axis',(-4.95227501223581E-17,0.851642495009881,
-0.524123135048763));
#10522=DIRECTION('ref_axis',(3.98789484511496E-8,-0.524123135048763,-0.851642495009881));
#10523=DIRECTION('center_axis',(-4.95227501223581E-17,0.851642495009881,
-0.524123135048763));
#10524=DIRECTION('ref_axis',(3.98789484511496E-8,-0.524123135048763,-0.851642495009881));
#10525=DIRECTION('center_axis',(-4.95227501223581E-17,0.851642495009881,
-0.524123135048763));
#10526=DIRECTION('ref_axis',(3.98789484511495E-8,-0.524123135048763,-0.851642495009881));
#10527=DIRECTION('center_axis',(-4.95227501223581E-17,0.851642495009881,
-0.524123135048763));
#10528=DIRECTION('ref_axis',(3.98789484511495E-8,-0.524123135048763,-0.851642495009881));
#10529=DIRECTION('center_axis',(-4.95227501223581E-17,0.851642495009881,
-0.524123135048763));
#10530=DIRECTION('ref_axis',(3.98789484719315E-8,-0.524123135048763,-0.851642495009881));
#10531=DIRECTION('center_axis',(-4.95227501223581E-17,0.851642495009881,
-0.524123135048763));
#10532=DIRECTION('ref_axis',(3.98789484511495E-8,-0.524123135048763,-0.851642495009881));
#10533=DIRECTION('center_axis',(-4.95227501223581E-17,0.851642495009881,
-0.524123135048763));
#10534=DIRECTION('ref_axis',(3.98789484511495E-8,-0.524123135048763,-0.851642495009881));
#10535=DIRECTION('center_axis',(-4.95227501223581E-17,0.851642495009881,
-0.524123135048763));
#10536=DIRECTION('ref_axis',(3.98789484511496E-8,-0.524123135048763,-0.851642495009881));
#10537=DIRECTION('center_axis',(-4.95227501223581E-17,0.851642495009881,
-0.524123135048763));
#10538=DIRECTION('ref_axis',(3.98789484511496E-8,-0.524123135048763,-0.851642495009881));
#10539=DIRECTION('center_axis',(-4.95227501223581E-17,0.851642495009881,
-0.524123135048763));
#10540=DIRECTION('ref_axis',(3.98789484511495E-8,-0.524123135048763,-0.851642495009881));
#10541=DIRECTION('center_axis',(-4.95227501223581E-17,0.851642495009881,
-0.524123135048763));
#10542=DIRECTION('ref_axis',(3.98789484511495E-8,-0.524123135048763,-0.851642495009881));
#10543=DIRECTION('center_axis',(-4.95227501223581E-17,0.851642495009881,
-0.524123135048763));
#10544=DIRECTION('ref_axis',(3.98789484719315E-8,-0.524123135048763,-0.851642495009881));
#10545=DIRECTION('center_axis',(-4.95227501223581E-17,0.851642495009881,
-0.524123135048763));
#10546=DIRECTION('ref_axis',(3.98789484511496E-8,-0.524123135048763,-0.851642495009881));
#10547=DIRECTION('center_axis',(-4.95227501223581E-17,0.851642495009881,
-0.524123135048763));
#10548=DIRECTION('ref_axis',(3.98789484511496E-8,-0.524123135048763,-0.851642495009881));
#10549=DIRECTION('center_axis',(-4.95227501223581E-17,0.851642495009881,
-0.524123135048763));
#10550=DIRECTION('ref_axis',(3.98789484719315E-8,-0.524123135048763,-0.851642495009881));
#10551=DIRECTION('center_axis',(-4.95227501223581E-17,0.851642495009881,
-0.524123135048763));
#10552=DIRECTION('ref_axis',(3.98789484719315E-8,-0.524123135048763,-0.851642495009881));
#10553=DIRECTION('center_axis',(-4.95227501223581E-17,0.851642495009881,
-0.524123135048763));
#10554=DIRECTION('ref_axis',(3.98789484511496E-8,-0.524123135048763,-0.851642495009881));
#10555=DIRECTION('center_axis',(-4.95227501223581E-17,0.851642495009881,
-0.524123135048763));
#10556=DIRECTION('ref_axis',(3.98789484511496E-8,-0.524123135048763,-0.851642495009881));
#10557=DIRECTION('center_axis',(-4.95227501223581E-17,0.851642495009881,
-0.524123135048763));
#10558=DIRECTION('ref_axis',(3.98789484511496E-8,-0.524123135048763,-0.851642495009881));
#10559=DIRECTION('center_axis',(-4.95227501223581E-17,0.851642495009881,
-0.524123135048763));
#10560=DIRECTION('ref_axis',(3.98789484511496E-8,-0.524123135048763,-0.851642495009881));
#10561=DIRECTION('center_axis',(-4.95227501223581E-17,0.851642495009881,
-0.524123135048763));
#10562=DIRECTION('ref_axis',(3.98789484511495E-8,-0.524123135048763,-0.851642495009881));
#10563=DIRECTION('center_axis',(-4.95227501223581E-17,0.851642495009881,
-0.524123135048763));
#10564=DIRECTION('ref_axis',(3.98789484719315E-8,-0.524123135048763,-0.851642495009881));
#10565=DIRECTION('center_axis',(-4.95227501223581E-17,0.851642495009881,
-0.524123135048763));
#10566=DIRECTION('ref_axis',(3.9878948466736E-8,-0.524123135048763,-0.851642495009881));
#10567=DIRECTION('center_axis',(-4.95227501223581E-17,0.851642495009881,
-0.524123135048763));
#10568=DIRECTION('ref_axis',(3.98789484511496E-8,-0.524123135048763,-0.851642495009881));
#10569=DIRECTION('center_axis',(-4.95227501223581E-17,0.851642495009881,
-0.524123135048763));
#10570=DIRECTION('ref_axis',(3.98789484719315E-8,-0.524123135048763,-0.851642495009881));
#10571=DIRECTION('center_axis',(-4.95227501223581E-17,0.851642495009881,
-0.524123135048763));
#10572=DIRECTION('ref_axis',(3.98789484719315E-8,-0.524123135048763,-0.851642495009881));
#10573=DIRECTION('center_axis',(-4.95227501223581E-17,0.851642495009881,
-0.524123135048763));
#10574=DIRECTION('ref_axis',(3.98789484511495E-8,-0.524123135048763,-0.851642495009881));
#10575=DIRECTION('center_axis',(-4.95227501223581E-17,0.851642495009881,
-0.524123135048763));
#10576=DIRECTION('ref_axis',(3.98789484511495E-8,-0.524123135048763,-0.851642495009881));
#10577=DIRECTION('center_axis',(-4.95227501223581E-17,0.851642495009881,
-0.524123135048763));
#10578=DIRECTION('ref_axis',(3.98789484511495E-8,-0.524123135048763,-0.851642495009881));
#10579=DIRECTION('center_axis',(-4.95227501223581E-17,0.851642495009881,
-0.524123135048763));
#10580=DIRECTION('ref_axis',(3.98789484511496E-8,-0.524123135048763,-0.851642495009881));
#10581=DIRECTION('',(-2.18589340146169E-12,0.539788277356985,0.841800817074906));
#10582=DIRECTION('center_axis',(1.,-1.14227613485724E-12,3.32986128913058E-12));
#10583=DIRECTION('ref_axis',(3.32986128913058E-12,0.,-1.));
#10584=DIRECTION('',(1.14227613485724E-12,1.,-3.67693249159694E-32));
#10585=DIRECTION('',(7.21672087548176E-11,0.0400027783888063,0.999199568515307));
#10586=DIRECTION('',(2.41726746532168E-13,0.965940876565486,0.258762870172483));
#10587=DIRECTION('center_axis',(1.,-1.14227613485724E-12,3.32986128913058E-12));
#10588=DIRECTION('ref_axis',(0.,1.,0.));
#10589=DIRECTION('',(-0.0995037189244776,3.99398009942797E-11,0.995037190219641));
#10590=DIRECTION('center_axis',(0.,-1.,4.01379158399493E-11));
#10591=DIRECTION('ref_axis',(0.,-4.01379158399493E-11,-1.));
#10592=DIRECTION('',(1.,4.24031512525369E-43,1.05643629882579E-32));
#10593=DIRECTION('',(0.0995037190711217,-3.31413959678853E-15,0.995037190204977));
#10594=DIRECTION('',(1.,-1.22977843611868E-24,-3.06388214331419E-14));
#10595=DIRECTION('',(6.71521714638547E-12,0.0400027783852179,0.999199568515451));
#10596=DIRECTION('center_axis',(-1.,5.31656760426383E-13,6.38021610291731E-12));
#10597=DIRECTION('ref_axis',(6.38021610291731E-12,0.,1.));
#10598=DIRECTION('',(-5.31656760426383E-13,-1.,3.67693249159758E-32));
#10599=DIRECTION('',(-2.1645120283098E-12,-0.965940876565486,-0.258762870172483));
#10600=DIRECTION('center_axis',(-1.05643629882579E-32,3.67693249159814E-32,
1.));
#10601=DIRECTION('ref_axis',(1.,0.,1.05643629882579E-32));
#10602=DIRECTION('center_axis',(2.95952900317442E-14,-0.258762870172483,
0.965940876565486));
#10603=DIRECTION('ref_axis',(1.,0.,-3.06388214328124E-14));
#10604=DIRECTION('center_axis',(2.95952900317442E-14,-0.258762870172483,
0.965940876565486));
#10605=DIRECTION('ref_axis',(2.89754814668779E-8,-0.965940876565485,-0.258762870172483));
#10606=DIRECTION('center_axis',(2.95952900317442E-14,-0.258762870172483,
0.965940876565486));
#10607=DIRECTION('ref_axis',(2.89754815051783E-8,-0.965940876565485,-0.258762870172483));
#10608=DIRECTION('',(1.,2.08985370594173E-8,5.59841287164347E-9));
#10609=DIRECTION('center_axis',(2.95952900317442E-14,-0.258762870172483,
0.965940876565486));
#10610=DIRECTION('ref_axis',(2.89754814668779E-8,-0.965940876565485,-0.258762870172483));
#10611=DIRECTION('center_axis',(2.95952900317442E-14,-0.258762870172483,
0.965940876565486));
#10612=DIRECTION('ref_axis',(2.89754814668779E-8,-0.965940876565485,-0.258762870172483));
#10613=DIRECTION('',(1.,2.08985370594173E-8,5.59841287164347E-9));
#10614=DIRECTION('center_axis',(2.95952900317442E-14,-0.258762870172483,
0.965940876565486));
#10615=DIRECTION('ref_axis',(2.89754814668779E-8,-0.965940876565485,-0.258762870172483));
#10616=DIRECTION('',(1.,2.08985370594173E-8,5.59841287164347E-9));
#10617=DIRECTION('center_axis',(2.95952900317442E-14,-0.258762870172483,
0.965940876565486));
#10618=DIRECTION('ref_axis',(2.89754814668779E-8,-0.965940876565485,-0.258762870172483));
#10619=DIRECTION('center_axis',(2.95952900317442E-14,-0.258762870172483,
0.965940876565486));
#10620=DIRECTION('ref_axis',(2.89754814668779E-8,-0.965940876565485,-0.258762870172483));
#10621=DIRECTION('',(1.,2.08985370594173E-8,5.59841287164347E-9));
#10622=DIRECTION('center_axis',(2.95952900317442E-14,-0.258762870172483,
0.965940876565486));
#10623=DIRECTION('ref_axis',(2.89754814668779E-8,-0.965940876565485,-0.258762870172483));
#10624=DIRECTION('',(1.,2.08985370594173E-8,5.59841287164347E-9));
#10625=DIRECTION('center_axis',(2.95952900317442E-14,-0.258762870172483,
0.965940876565486));
#10626=DIRECTION('ref_axis',(2.89754814668779E-8,-0.965940876565485,-0.258762870172483));
#10627=DIRECTION('',(1.,2.08985370594173E-8,5.59841287164347E-9));
#10628=DIRECTION('center_axis',(2.95952900317442E-14,-0.258762870172483,
0.965940876565486));
#10629=DIRECTION('ref_axis',(2.89754814668779E-8,-0.965940876565485,-0.258762870172483));
#10630=DIRECTION('center_axis',(2.95952900317442E-14,-0.258762870172483,
0.965940876565486));
#10631=DIRECTION('ref_axis',(2.89754814668779E-8,-0.965940876565485,-0.258762870172483));
#10632=DIRECTION('center_axis',(2.95952900317442E-14,-0.258762870172483,
0.965940876565486));
#10633=DIRECTION('ref_axis',(2.8975481497997E-8,-0.965940876565485,-0.258762870172483));
#10634=DIRECTION('',(1.,2.08985370594173E-8,5.59841287164347E-9));
#10635=DIRECTION('center_axis',(2.95952900317442E-14,-0.258762870172483,
0.965940876565486));
#10636=DIRECTION('ref_axis',(2.89754815051783E-8,-0.965940876565485,-0.258762870172483));
#10637=DIRECTION('center_axis',(2.95952900317442E-14,-0.258762870172483,
0.965940876565486));
#10638=DIRECTION('ref_axis',(2.89754815051783E-8,-0.965940876565485,-0.258762870172483));
#10639=DIRECTION('',(1.,2.08985370594173E-8,5.59841287164347E-9));
#10640=DIRECTION('center_axis',(2.95952900317442E-14,-0.258762870172483,
0.965940876565486));
#10641=DIRECTION('ref_axis',(2.89754814668779E-8,-0.965940876565485,-0.258762870172483));
#10642=DIRECTION('center_axis',(2.95952900317442E-14,-0.258762870172483,
0.965940876565486));
#10643=DIRECTION('ref_axis',(2.89754814956032E-8,-0.965940876565485,-0.258762870172483));
#10644=DIRECTION('center_axis',(2.95952900317442E-14,-0.258762870172483,
0.965940876565486));
#10645=DIRECTION('ref_axis',(2.89754815051783E-8,-0.965940876565485,-0.258762870172483));
#10646=DIRECTION('center_axis',(2.95952900317442E-14,-0.258762870172483,
0.965940876565486));
#10647=DIRECTION('ref_axis',(2.89754814668779E-8,-0.965940876565485,-0.258762870172483));
#10648=DIRECTION('',(1.,2.08985370594173E-8,5.59841287164347E-9));
#10649=DIRECTION('center_axis',(2.95952900317442E-14,-0.258762870172483,
0.965940876565486));
#10650=DIRECTION('ref_axis',(2.89754814668779E-8,-0.965940876565485,-0.258762870172483));
#10651=DIRECTION('center_axis',(2.95952900317442E-14,-0.258762870172483,
0.965940876565486));
#10652=DIRECTION('ref_axis',(2.89754814668779E-8,-0.965940876565485,-0.258762870172483));
#10653=DIRECTION('center_axis',(2.95952900317442E-14,-0.258762870172483,
0.965940876565486));
#10654=DIRECTION('ref_axis',(2.89754815051783E-8,-0.965940876565485,-0.258762870172483));
#10655=DIRECTION('center_axis',(2.95952900317442E-14,-0.258762870172483,
0.965940876565486));
#10656=DIRECTION('ref_axis',(2.89754815051783E-8,-0.965940876565485,-0.258762870172483));
#10657=DIRECTION('',(1.,2.08985370594173E-8,5.59841287164347E-9));
#10658=DIRECTION('center_axis',(2.95952900317442E-14,-0.258762870172483,
0.965940876565486));
#10659=DIRECTION('ref_axis',(2.89754814668779E-8,-0.965940876565485,-0.258762870172483));
#10660=DIRECTION('center_axis',(2.95952900317442E-14,-0.258762870172483,
0.965940876565486));
#10661=DIRECTION('ref_axis',(2.89754814668779E-8,-0.965940876565485,-0.258762870172483));
#10662=DIRECTION('center_axis',(2.95952900317442E-14,-0.258762870172483,
0.965940876565486));
#10663=DIRECTION('ref_axis',(2.8975481497997E-8,-0.965940876565485,-0.258762870172483));
#10664=DIRECTION('center_axis',(2.95952900317442E-14,-0.258762870172483,
0.965940876565486));
#10665=DIRECTION('ref_axis',(2.89754814956032E-8,-0.965940876565485,-0.258762870172483));
#10666=DIRECTION('center_axis',(2.95952900317442E-14,-0.258762870172483,
0.965940876565486));
#10667=DIRECTION('ref_axis',(2.89754814668779E-8,-0.965940876565485,-0.258762870172483));
#10668=DIRECTION('center_axis',(2.95952900317442E-14,-0.258762870172483,
0.965940876565486));
#10669=DIRECTION('ref_axis',(2.89754814668779E-8,-0.965940876565485,-0.258762870172483));
#10670=DIRECTION('',(1.,2.08985370594173E-8,5.59841287164347E-9));
#10671=DIRECTION('center_axis',(2.95952900317442E-14,-0.258762870172483,
0.965940876565486));
#10672=DIRECTION('ref_axis',(2.89754815051783E-8,-0.965940876565485,-0.258762870172483));
#10673=DIRECTION('',(1.,2.08985370594173E-8,5.59841287164347E-9));
#10674=DIRECTION('center_axis',(2.95952900317442E-14,-0.258762870172483,
0.965940876565486));
#10675=DIRECTION('ref_axis',(2.89754814668779E-8,-0.965940876565485,-0.258762870172483));
#10676=DIRECTION('center_axis',(2.95952900317442E-14,-0.258762870172483,
0.965940876565486));
#10677=DIRECTION('ref_axis',(2.89754814668779E-8,-0.965940876565485,-0.258762870172483));
#10678=DIRECTION('center_axis',(2.95952900317442E-14,-0.258762870172483,
0.965940876565486));
#10679=DIRECTION('ref_axis',(2.89754814668779E-8,-0.965940876565485,-0.258762870172483));
#10680=DIRECTION('center_axis',(2.95952900317442E-14,-0.258762870172483,
0.965940876565486));
#10681=DIRECTION('ref_axis',(2.89754814668779E-8,-0.965940876565485,-0.258762870172483));
#10682=DIRECTION('center_axis',(2.95952900317442E-14,-0.258762870172483,
0.965940876565486));
#10683=DIRECTION('ref_axis',(2.89754815051783E-8,-0.965940876565485,-0.258762870172483));
#10684=DIRECTION('center_axis',(2.95952900317442E-14,-0.258762870172483,
0.965940876565486));
#10685=DIRECTION('ref_axis',(2.89754814956032E-8,-0.965940876565485,-0.258762870172483));
#10686=DIRECTION('',(1.,2.08985370594173E-8,5.59841287164347E-9));
#10687=DIRECTION('center_axis',(2.95952900317442E-14,-0.258762870172483,
0.965940876565486));
#10688=DIRECTION('ref_axis',(2.89754814668779E-8,-0.965940876565485,-0.258762870172483));
#10689=DIRECTION('center_axis',(2.95952900317442E-14,-0.258762870172483,
0.965940876565486));
#10690=DIRECTION('ref_axis',(2.8975481497997E-8,-0.965940876565485,-0.258762870172483));
#10691=DIRECTION('center_axis',(2.95952900317442E-14,-0.258762870172483,
0.965940876565486));
#10692=DIRECTION('ref_axis',(2.89754814668779E-8,-0.965940876565485,-0.258762870172483));
#10693=DIRECTION('center_axis',(2.95952900317442E-14,-0.258762870172483,
0.965940876565486));
#10694=DIRECTION('ref_axis',(2.89754814668779E-8,-0.965940876565485,-0.258762870172483));
#10695=DIRECTION('center_axis',(2.95952900317442E-14,-0.258762870172483,
0.965940876565486));
#10696=DIRECTION('ref_axis',(2.89754814668779E-8,-0.965940876565485,-0.258762870172483));
#10697=DIRECTION('',(1.,2.08985370594173E-8,5.59841287164347E-9));
#10698=DIRECTION('center_axis',(2.95952900317442E-14,-0.258762870172483,
0.965940876565486));
#10699=DIRECTION('ref_axis',(2.89754814668779E-8,-0.965940876565485,-0.258762870172483));
#10700=DIRECTION('',(1.,2.08985370594173E-8,5.59841287164347E-9));
#10701=DIRECTION('center_axis',(2.95952900317442E-14,-0.258762870172483,
0.965940876565486));
#10702=DIRECTION('ref_axis',(2.89754814668779E-8,-0.965940876565485,-0.258762870172483));
#10703=DIRECTION('',(1.,2.08985370594173E-8,5.59841287164347E-9));
#10704=DIRECTION('center_axis',(2.95952900317442E-14,-0.258762870172483,
0.965940876565486));
#10705=DIRECTION('ref_axis',(2.89754814668779E-8,-0.965940876565485,-0.258762870172483));
#10706=DIRECTION('center_axis',(2.95952900317442E-14,-0.258762870172483,
0.965940876565486));
#10707=DIRECTION('ref_axis',(2.89754814668779E-8,-0.965940876565485,-0.258762870172483));
#10708=DIRECTION('center_axis',(2.95952900317442E-14,-0.258762870172483,
0.965940876565486));
#10709=DIRECTION('ref_axis',(2.89754814668779E-8,-0.965940876565485,-0.258762870172483));
#10710=DIRECTION('center_axis',(2.95952900317442E-14,-0.258762870172483,
0.965940876565486));
#10711=DIRECTION('ref_axis',(2.89754814668779E-8,-0.965940876565485,-0.258762870172483));
#10712=DIRECTION('',(1.,2.08985370594173E-8,5.59841287164347E-9));
#10713=DIRECTION('center_axis',(2.95952900317442E-14,-0.258762870172483,
0.965940876565486));
#10714=DIRECTION('ref_axis',(2.89754814668779E-8,-0.965940876565485,-0.258762870172483));
#10715=DIRECTION('center_axis',(2.95952900317442E-14,-0.258762870172483,
0.965940876565486));
#10716=DIRECTION('ref_axis',(2.89754814668779E-8,-0.965940876565485,-0.258762870172483));
#10717=DIRECTION('center_axis',(2.95952900317442E-14,-0.258762870172483,
0.965940876565486));
#10718=DIRECTION('ref_axis',(2.89754814668779E-8,-0.965940876565485,-0.258762870172483));
#10719=DIRECTION('',(1.,2.08985370594173E-8,5.59841287164347E-9));
#10720=DIRECTION('center_axis',(2.95952900317442E-14,-0.258762870172483,
0.965940876565486));
#10721=DIRECTION('ref_axis',(2.89754815051783E-8,-0.965940876565485,-0.258762870172483));
#10722=DIRECTION('center_axis',(2.95952900317442E-14,-0.258762870172483,
0.965940876565486));
#10723=DIRECTION('ref_axis',(2.89754814668779E-8,-0.965940876565485,-0.258762870172483));
#10724=DIRECTION('center_axis',(2.95952900317442E-14,-0.258762870172483,
0.965940876565486));
#10725=DIRECTION('ref_axis',(2.89754814668779E-8,-0.965940876565485,-0.258762870172483));
#10726=DIRECTION('',(1.,2.08985370594173E-8,5.59841287164347E-9));
#10727=DIRECTION('center_axis',(2.95952900317442E-14,-0.258762870172483,
0.965940876565486));
#10728=DIRECTION('ref_axis',(2.89754814668779E-8,-0.965940876565485,-0.258762870172483));
#10729=DIRECTION('center_axis',(2.95952900317442E-14,-0.258762870172483,
0.965940876565486));
#10730=DIRECTION('ref_axis',(2.89754814668779E-8,-0.965940876565485,-0.258762870172483));
#10731=DIRECTION('',(1.,2.08985370594173E-8,5.59841287164347E-9));
#10732=DIRECTION('center_axis',(2.95952900317442E-14,-0.258762870172483,
0.965940876565486));
#10733=DIRECTION('ref_axis',(2.89754814956032E-8,-0.965940876565485,-0.258762870172483));
#10734=DIRECTION('',(1.,2.08985370594173E-8,5.59841287164347E-9));
#10735=DIRECTION('center_axis',(2.95952900317442E-14,-0.258762870172483,
0.965940876565486));
#10736=DIRECTION('ref_axis',(2.89754815051783E-8,-0.965940876565485,-0.258762870172483));
#10737=DIRECTION('center_axis',(2.95952900317442E-14,-0.258762870172483,
0.965940876565486));
#10738=DIRECTION('ref_axis',(2.89754814668779E-8,-0.965940876565485,-0.258762870172483));
#10739=DIRECTION('center_axis',(2.95952900317442E-14,-0.258762870172483,
0.965940876565486));
#10740=DIRECTION('ref_axis',(2.89754814668779E-8,-0.965940876565485,-0.258762870172483));
#10741=DIRECTION('',(1.,2.08985370594173E-8,5.59841287164347E-9));
#10742=DIRECTION('center_axis',(2.95952900317442E-14,-0.258762870172483,
0.965940876565486));
#10743=DIRECTION('ref_axis',(2.89754814668779E-8,-0.965940876565485,-0.258762870172483));
#10744=DIRECTION('center_axis',(2.95952900317442E-14,-0.258762870172483,
0.965940876565486));
#10745=DIRECTION('ref_axis',(2.89754814668779E-8,-0.965940876565485,-0.258762870172483));
#10746=DIRECTION('',(1.,2.08985370594173E-8,5.59841287164347E-9));
#10747=DIRECTION('center_axis',(2.95952900317442E-14,-0.258762870172483,
0.965940876565486));
#10748=DIRECTION('ref_axis',(2.89754814668779E-8,-0.965940876565485,-0.258762870172483));
#10749=DIRECTION('center_axis',(2.95952900317442E-14,-0.258762870172483,
0.965940876565486));
#10750=DIRECTION('ref_axis',(2.89754814668779E-8,-0.965940876565485,-0.258762870172483));
#10751=DIRECTION('center_axis',(2.95952900317442E-14,-0.258762870172483,
0.965940876565486));
#10752=DIRECTION('ref_axis',(2.89754814956032E-8,-0.965940876565485,-0.258762870172483));
#10753=DIRECTION('center_axis',(2.95952900317442E-14,-0.258762870172483,
0.965940876565486));
#10754=DIRECTION('ref_axis',(2.89754815051783E-8,-0.965940876565485,-0.258762870172483));
#10755=DIRECTION('center_axis',(2.95952900317442E-14,-0.258762870172483,
0.965940876565486));
#10756=DIRECTION('ref_axis',(2.89754814668779E-8,-0.965940876565485,-0.258762870172483));
#10757=DIRECTION('center_axis',(2.95952900317442E-14,-0.258762870172483,
0.965940876565486));
#10758=DIRECTION('ref_axis',(2.89754814668779E-8,-0.965940876565485,-0.258762870172483));
#10759=DIRECTION('center_axis',(2.95952900317442E-14,-0.258762870172483,
0.965940876565486));
#10760=DIRECTION('ref_axis',(2.89754815051783E-8,-0.965940876565485,-0.258762870172483));
#10761=DIRECTION('center_axis',(2.95952900317442E-14,-0.258762870172483,
0.965940876565486));
#10762=DIRECTION('ref_axis',(2.89754814668779E-8,-0.965940876565485,-0.258762870172483));
#10763=DIRECTION('center_axis',(2.95952900317442E-14,-0.258762870172483,
0.965940876565486));
#10764=DIRECTION('ref_axis',(2.89754814668779E-8,-0.965940876565485,-0.258762870172483));
#10765=DIRECTION('center_axis',(2.95952900317442E-14,-0.258762870172483,
0.965940876565486));
#10766=DIRECTION('ref_axis',(2.89754814668779E-8,-0.965940876565485,-0.258762870172483));
#10767=DIRECTION('center_axis',(2.95952900317442E-14,-0.258762870172483,
0.965940876565486));
#10768=DIRECTION('ref_axis',(2.89754815051783E-8,-0.965940876565485,-0.258762870172483));
#10769=DIRECTION('center_axis',(2.95952900317442E-14,-0.258762870172483,
0.965940876565486));
#10770=DIRECTION('ref_axis',(2.89754815051783E-8,-0.965940876565485,-0.258762870172483));
#10771=DIRECTION('',(1.,2.08985370594173E-8,5.59841287164347E-9));
#10772=DIRECTION('center_axis',(2.95952900317442E-14,-0.258762870172483,
0.965940876565486));
#10773=DIRECTION('ref_axis',(2.89754814668779E-8,-0.965940876565485,-0.258762870172483));
#10774=DIRECTION('center_axis',(2.95952900317442E-14,-0.258762870172483,
0.965940876565486));
#10775=DIRECTION('ref_axis',(2.89754814668779E-8,-0.965940876565485,-0.258762870172483));
#10776=DIRECTION('center_axis',(2.95952900317442E-14,-0.258762870172483,
0.965940876565486));
#10777=DIRECTION('ref_axis',(2.89754814668779E-8,-0.965940876565485,-0.258762870172483));
#10778=DIRECTION('center_axis',(2.95952900317442E-14,-0.258762870172483,
0.965940876565486));
#10779=DIRECTION('ref_axis',(2.89754814668779E-8,-0.965940876565485,-0.258762870172483));
#10780=DIRECTION('center_axis',(2.95952900317442E-14,-0.258762870172483,
0.965940876565486));
#10781=DIRECTION('ref_axis',(2.89754814668779E-8,-0.965940876565485,-0.258762870172483));
#10782=DIRECTION('center_axis',(2.95952900317442E-14,-0.258762870172483,
0.965940876565486));
#10783=DIRECTION('ref_axis',(2.89754814668779E-8,-0.965940876565485,-0.258762870172483));
#10784=DIRECTION('center_axis',(2.95952900317442E-14,-0.258762870172483,
0.965940876565486));
#10785=DIRECTION('ref_axis',(2.89754814668779E-8,-0.965940876565485,-0.258762870172483));
#10786=DIRECTION('center_axis',(2.95952900317442E-14,-0.258762870172483,
0.965940876565486));
#10787=DIRECTION('ref_axis',(2.89754815051783E-8,-0.965940876565485,-0.258762870172483));
#10788=DIRECTION('center_axis',(2.95952900317442E-14,-0.258762870172483,
0.965940876565486));
#10789=DIRECTION('ref_axis',(2.89754814668779E-8,-0.965940876565485,-0.258762870172483));
#10790=DIRECTION('center_axis',(2.95952900317442E-14,-0.258762870172483,
0.965940876565486));
#10791=DIRECTION('ref_axis',(2.89754814668779E-8,-0.965940876565485,-0.258762870172483));
#10792=DIRECTION('',(1.,2.08985370594173E-8,5.59841287164347E-9));
#10793=DIRECTION('center_axis',(2.95952900317442E-14,-0.258762870172483,
0.965940876565486));
#10794=DIRECTION('ref_axis',(2.89754814668779E-8,-0.965940876565485,-0.258762870172483));
#10795=DIRECTION('',(1.,2.08985370594173E-8,5.59841287164347E-9));
#10796=DIRECTION('center_axis',(2.95952900317442E-14,-0.258762870172483,
0.965940876565486));
#10797=DIRECTION('ref_axis',(2.89754815051783E-8,-0.965940876565485,-0.258762870172483));
#10798=DIRECTION('center_axis',(2.95952900317442E-14,-0.258762870172483,
0.965940876565486));
#10799=DIRECTION('ref_axis',(2.89754814668779E-8,-0.965940876565485,-0.258762870172483));
#10800=DIRECTION('center_axis',(2.95952900317442E-14,-0.258762870172483,
0.965940876565486));
#10801=DIRECTION('ref_axis',(2.89754815051783E-8,-0.965940876565485,-0.258762870172483));
#10802=DIRECTION('',(1.,2.08985370594173E-8,5.59841287164347E-9));
#10803=DIRECTION('center_axis',(2.95952900317442E-14,-0.258762870172483,
0.965940876565486));
#10804=DIRECTION('ref_axis',(2.89754815051783E-8,-0.965940876565485,-0.258762870172483));
#10805=DIRECTION('',(1.,2.08985370594173E-8,5.59841287164347E-9));
#10806=DIRECTION('center_axis',(2.95952900317442E-14,-0.258762870172483,
0.965940876565486));
#10807=DIRECTION('ref_axis',(2.89754814668779E-8,-0.965940876565485,-0.258762870172483));
#10808=DIRECTION('',(1.,2.08985370594173E-8,5.59841287164347E-9));
#10809=DIRECTION('center_axis',(2.95952900317442E-14,-0.258762870172483,
0.965940876565486));
#10810=DIRECTION('ref_axis',(2.89754814668779E-8,-0.965940876565485,-0.258762870172483));
#10811=DIRECTION('',(1.,2.08985370594173E-8,5.59841287164347E-9));
#10812=DIRECTION('center_axis',(2.95952900317442E-14,-0.258762870172483,
0.965940876565486));
#10813=DIRECTION('ref_axis',(2.89754814668779E-8,-0.965940876565485,-0.258762870172483));
#10814=DIRECTION('',(1.,2.08985370594173E-8,5.59841287164347E-9));
#10815=DIRECTION('center_axis',(2.95952900317442E-14,-0.258762870172483,
0.965940876565486));
#10816=DIRECTION('ref_axis',(2.89754815051783E-8,-0.965940876565485,-0.258762870172483));
#10817=DIRECTION('center_axis',(2.95952900317442E-14,-0.258762870172483,
0.965940876565486));
#10818=DIRECTION('ref_axis',(2.89754814956032E-8,-0.965940876565485,-0.258762870172483));
#10819=DIRECTION('center_axis',(2.95952900317442E-14,-0.258762870172483,
0.965940876565486));
#10820=DIRECTION('ref_axis',(2.89754814668779E-8,-0.965940876565485,-0.258762870172483));
#10821=DIRECTION('',(1.,2.08985370594173E-8,5.59841287164347E-9));
#10822=DIRECTION('center_axis',(2.95952900317442E-14,-0.258762870172483,
0.965940876565486));
#10823=DIRECTION('ref_axis',(2.89754815051783E-8,-0.965940876565485,-0.258762870172483));
#10824=DIRECTION('center_axis',(2.95952900317442E-14,-0.258762870172483,
0.965940876565486));
#10825=DIRECTION('ref_axis',(2.89754815051783E-8,-0.965940876565485,-0.258762870172483));
#10826=DIRECTION('center_axis',(2.95952900317442E-14,-0.258762870172483,
0.965940876565486));
#10827=DIRECTION('ref_axis',(2.89754814668779E-8,-0.965940876565485,-0.258762870172483));
#10828=DIRECTION('center_axis',(2.95952900317442E-14,-0.258762870172483,
0.965940876565486));
#10829=DIRECTION('ref_axis',(2.89754814668779E-8,-0.965940876565485,-0.258762870172483));
#10830=DIRECTION('',(1.,2.08985370594173E-8,5.59841287164347E-9));
#10831=DIRECTION('center_axis',(2.95952900317442E-14,-0.258762870172483,
0.965940876565486));
#10832=DIRECTION('ref_axis',(2.89754814668779E-8,-0.965940876565485,-0.258762870172483));
#10833=DIRECTION('center_axis',(2.95952900317442E-14,-0.258762870172483,
0.965940876565486));
#10834=DIRECTION('ref_axis',(2.89754814668779E-8,-0.965940876565485,-0.258762870172483));
#10835=DIRECTION('center_axis',(1.,-1.14227613485724E-12,3.32986128913058E-12));
#10836=DIRECTION('ref_axis',(3.32986128913058E-12,0.,-1.));
#10837=DIRECTION('',(7.21672087548176E-11,0.0400027783888063,0.999199568515307));
#10838=DIRECTION('',(1.14227613485724E-12,1.,0.));
#10839=DIRECTION('',(-2.18589340146169E-12,0.539788277356985,0.841800817074906));
#10840=DIRECTION('',(2.41726746532168E-13,0.965940876565486,0.258762870172483));
#10841=DIRECTION('center_axis',(-1.,1.14227613485724E-12,-3.32986128913058E-12));
#10842=DIRECTION('ref_axis',(0.,1.,0.));
#10843=DIRECTION('',(-0.0995037189244776,3.99398009942797E-11,0.995037190219641));
#10844=DIRECTION('center_axis',(0.,0.,1.));
#10845=DIRECTION('ref_axis',(-1.77635683940025E-15,-1.,0.));
#10846=DIRECTION('center_axis',(0.,-1.,4.01379158399493E-11));
#10847=DIRECTION('ref_axis',(0.,-4.01379158399493E-11,-1.));
#10848=DIRECTION('',(0.0995037190711217,-3.31413959678853E-15,0.995037190204977));
#10849=DIRECTION('',(1.,0.,0.));
#10850=DIRECTION('',(1.,-1.22977843611868E-24,-3.06388214331419E-14));
#10851=DIRECTION('',(6.71521714638547E-12,0.0400027783852179,0.999199568515451));
#10852=DIRECTION('center_axis',(0.,0.,1.));
#10853=DIRECTION('ref_axis',(-1.,0.,0.));
#10854=DIRECTION('center_axis',(-1.05643629882579E-32,3.67693249159814E-32,
1.));
#10855=DIRECTION('ref_axis',(1.,0.,1.05643629882579E-32));
#10856=DIRECTION('',(-5.87128070403566E-13,-1.,0.));
#10857=DIRECTION('center_axis',(0.,0.,1.));
#10858=DIRECTION('ref_axis',(8.8817841970013E-16,1.,0.));
#10859=DIRECTION('',(-1.,-5.81496935774483E-17,0.));
#10860=DIRECTION('center_axis',(0.,0.,1.));
#10861=DIRECTION('ref_axis',(1.,-1.14130926931466E-12,0.));
#10862=DIRECTION('center_axis',(2.95952900317442E-14,-0.258762870172483,
0.965940876565486));
#10863=DIRECTION('ref_axis',(1.,0.,-3.06388214328124E-14));
#10864=DIRECTION('',(-2.41726746532168E-13,-0.965940876565486,-0.258762870172483));
#10865=DIRECTION('',(1.,-2.25086673637891E-14,-3.6668597697713E-14));
#10866=DIRECTION('',(2.1645120283098E-12,0.965940876565486,0.258762870172483));
#10867=DIRECTION('',(-1.,1.22977843611868E-24,3.06388214331419E-14));
#10868=DIRECTION('center_axis',(-2.95952900317442E-14,0.258762870172483,
-0.965940876565486));
#10869=DIRECTION('ref_axis',(2.89754814668779E-8,-0.965940876565485,-0.258762870172483));
#10870=DIRECTION('center_axis',(-2.95952900317442E-14,0.258762870172483,
-0.965940876565486));
#10871=DIRECTION('ref_axis',(2.89754814668779E-8,-0.965940876565485,-0.258762870172483));
#10872=DIRECTION('center_axis',(-2.95952900317442E-14,0.258762870172483,
-0.965940876565486));
#10873=DIRECTION('ref_axis',(2.89754814668779E-8,-0.965940876565485,-0.258762870172483));
#10874=DIRECTION('center_axis',(-2.95952900317442E-14,0.258762870172483,
-0.965940876565486));
#10875=DIRECTION('ref_axis',(2.89754814668779E-8,-0.965940876565485,-0.258762870172483));
#10876=DIRECTION('center_axis',(-2.95952900317442E-14,0.258762870172483,
-0.965940876565486));
#10877=DIRECTION('ref_axis',(2.89754814668779E-8,-0.965940876565485,-0.258762870172483));
#10878=DIRECTION('center_axis',(-2.95952900317442E-14,0.258762870172483,
-0.965940876565486));
#10879=DIRECTION('ref_axis',(2.89754815051783E-8,-0.965940876565485,-0.258762870172483));
#10880=DIRECTION('center_axis',(-2.95952900317442E-14,0.258762870172483,
-0.965940876565486));
#10881=DIRECTION('ref_axis',(2.89754814668779E-8,-0.965940876565485,-0.258762870172483));
#10882=DIRECTION('center_axis',(-2.95952900317442E-14,0.258762870172483,
-0.965940876565486));
#10883=DIRECTION('ref_axis',(2.89754814956032E-8,-0.965940876565485,-0.258762870172483));
#10884=DIRECTION('center_axis',(-2.95952900317442E-14,0.258762870172483,
-0.965940876565486));
#10885=DIRECTION('ref_axis',(2.89754815051783E-8,-0.965940876565485,-0.258762870172483));
#10886=DIRECTION('center_axis',(-2.95952900317442E-14,0.258762870172483,
-0.965940876565486));
#10887=DIRECTION('ref_axis',(2.89754814668779E-8,-0.965940876565485,-0.258762870172483));
#10888=DIRECTION('center_axis',(-2.95952900317442E-14,0.258762870172483,
-0.965940876565486));
#10889=DIRECTION('ref_axis',(2.89754814668779E-8,-0.965940876565485,-0.258762870172483));
#10890=DIRECTION('center_axis',(-2.95952900317442E-14,0.258762870172483,
-0.965940876565486));
#10891=DIRECTION('ref_axis',(2.89754815051783E-8,-0.965940876565485,-0.258762870172483));
#10892=DIRECTION('center_axis',(-2.95952900317442E-14,0.258762870172483,
-0.965940876565486));
#10893=DIRECTION('ref_axis',(2.89754814668779E-8,-0.965940876565485,-0.258762870172483));
#10894=DIRECTION('center_axis',(-2.95952900317442E-14,0.258762870172483,
-0.965940876565486));
#10895=DIRECTION('ref_axis',(2.89754814668779E-8,-0.965940876565485,-0.258762870172483));
#10896=DIRECTION('center_axis',(-2.95952900317442E-14,0.258762870172483,
-0.965940876565486));
#10897=DIRECTION('ref_axis',(2.8975481497997E-8,-0.965940876565485,-0.258762870172483));
#10898=DIRECTION('center_axis',(-2.95952900317442E-14,0.258762870172483,
-0.965940876565486));
#10899=DIRECTION('ref_axis',(2.89754814956032E-8,-0.965940876565485,-0.258762870172483));
#10900=DIRECTION('center_axis',(-2.95952900317442E-14,0.258762870172483,
-0.965940876565486));
#10901=DIRECTION('ref_axis',(2.89754814668779E-8,-0.965940876565485,-0.258762870172483));
#10902=DIRECTION('center_axis',(-2.95952900317442E-14,0.258762870172483,
-0.965940876565486));
#10903=DIRECTION('ref_axis',(2.89754814668779E-8,-0.965940876565485,-0.258762870172483));
#10904=DIRECTION('center_axis',(-2.95952900317442E-14,0.258762870172483,
-0.965940876565486));
#10905=DIRECTION('ref_axis',(2.89754814668779E-8,-0.965940876565485,-0.258762870172483));
#10906=DIRECTION('center_axis',(-2.95952900317442E-14,0.258762870172483,
-0.965940876565486));
#10907=DIRECTION('ref_axis',(2.89754814668779E-8,-0.965940876565485,-0.258762870172483));
#10908=DIRECTION('center_axis',(-2.95952900317442E-14,0.258762870172483,
-0.965940876565486));
#10909=DIRECTION('ref_axis',(2.89754814668779E-8,-0.965940876565485,-0.258762870172483));
#10910=DIRECTION('center_axis',(-2.95952900317442E-14,0.258762870172483,
-0.965940876565486));
#10911=DIRECTION('ref_axis',(2.89754815051783E-8,-0.965940876565485,-0.258762870172483));
#10912=DIRECTION('center_axis',(-2.95952900317442E-14,0.258762870172483,
-0.965940876565486));
#10913=DIRECTION('ref_axis',(2.89754814668779E-8,-0.965940876565485,-0.258762870172483));
#10914=DIRECTION('center_axis',(-2.95952900317442E-14,0.258762870172483,
-0.965940876565486));
#10915=DIRECTION('ref_axis',(2.8975481497997E-8,-0.965940876565485,-0.258762870172483));
#10916=DIRECTION('center_axis',(-2.95952900317442E-14,0.258762870172483,
-0.965940876565486));
#10917=DIRECTION('ref_axis',(2.89754814668779E-8,-0.965940876565485,-0.258762870172483));
#10918=DIRECTION('center_axis',(-2.95952900317442E-14,0.258762870172483,
-0.965940876565486));
#10919=DIRECTION('ref_axis',(2.89754814668779E-8,-0.965940876565485,-0.258762870172483));
#10920=DIRECTION('center_axis',(-2.95952900317442E-14,0.258762870172483,
-0.965940876565486));
#10921=DIRECTION('ref_axis',(2.89754814668779E-8,-0.965940876565485,-0.258762870172483));
#10922=DIRECTION('center_axis',(-2.95952900317442E-14,0.258762870172483,
-0.965940876565486));
#10923=DIRECTION('ref_axis',(2.89754814668779E-8,-0.965940876565485,-0.258762870172483));
#10924=DIRECTION('center_axis',(-2.95952900317442E-14,0.258762870172483,
-0.965940876565486));
#10925=DIRECTION('ref_axis',(2.89754814668779E-8,-0.965940876565485,-0.258762870172483));
#10926=DIRECTION('center_axis',(-2.95952900317442E-14,0.258762870172483,
-0.965940876565486));
#10927=DIRECTION('ref_axis',(2.89754814668779E-8,-0.965940876565485,-0.258762870172483));
#10928=DIRECTION('center_axis',(-2.95952900317442E-14,0.258762870172483,
-0.965940876565486));
#10929=DIRECTION('ref_axis',(2.89754814668779E-8,-0.965940876565485,-0.258762870172483));
#10930=DIRECTION('center_axis',(-2.95952900317442E-14,0.258762870172483,
-0.965940876565486));
#10931=DIRECTION('ref_axis',(2.89754815051783E-8,-0.965940876565485,-0.258762870172483));
#10932=DIRECTION('center_axis',(-2.95952900317442E-14,0.258762870172483,
-0.965940876565486));
#10933=DIRECTION('ref_axis',(2.89754814668779E-8,-0.965940876565485,-0.258762870172483));
#10934=DIRECTION('center_axis',(-2.95952900317442E-14,0.258762870172483,
-0.965940876565486));
#10935=DIRECTION('ref_axis',(2.89754814668779E-8,-0.965940876565485,-0.258762870172483));
#10936=DIRECTION('center_axis',(-2.95952900317442E-14,0.258762870172483,
-0.965940876565486));
#10937=DIRECTION('ref_axis',(2.89754815051783E-8,-0.965940876565485,-0.258762870172483));
#10938=DIRECTION('center_axis',(-2.95952900317442E-14,0.258762870172483,
-0.965940876565486));
#10939=DIRECTION('ref_axis',(2.89754814668779E-8,-0.965940876565485,-0.258762870172483));
#10940=DIRECTION('center_axis',(-2.95952900317442E-14,0.258762870172483,
-0.965940876565486));
#10941=DIRECTION('ref_axis',(2.89754814668779E-8,-0.965940876565485,-0.258762870172483));
#10942=DIRECTION('center_axis',(-2.95952900317442E-14,0.258762870172483,
-0.965940876565486));
#10943=DIRECTION('ref_axis',(2.89754814668779E-8,-0.965940876565485,-0.258762870172483));
#10944=DIRECTION('center_axis',(-2.95952900317442E-14,0.258762870172483,
-0.965940876565486));
#10945=DIRECTION('ref_axis',(2.89754814668779E-8,-0.965940876565485,-0.258762870172483));
#10946=DIRECTION('center_axis',(-2.95952900317442E-14,0.258762870172483,
-0.965940876565486));
#10947=DIRECTION('ref_axis',(2.89754814956032E-8,-0.965940876565485,-0.258762870172483));
#10948=DIRECTION('center_axis',(-2.95952900317442E-14,0.258762870172483,
-0.965940876565486));
#10949=DIRECTION('ref_axis',(2.89754815051783E-8,-0.965940876565485,-0.258762870172483));
#10950=DIRECTION('center_axis',(-2.95952900317442E-14,0.258762870172483,
-0.965940876565486));
#10951=DIRECTION('ref_axis',(2.89754814668779E-8,-0.965940876565485,-0.258762870172483));
#10952=DIRECTION('center_axis',(-2.95952900317442E-14,0.258762870172483,
-0.965940876565486));
#10953=DIRECTION('ref_axis',(2.89754814668779E-8,-0.965940876565485,-0.258762870172483));
#10954=DIRECTION('center_axis',(-2.95952900317442E-14,0.258762870172483,
-0.965940876565486));
#10955=DIRECTION('ref_axis',(2.89754815051783E-8,-0.965940876565485,-0.258762870172483));
#10956=DIRECTION('center_axis',(-2.95952900317442E-14,0.258762870172483,
-0.965940876565486));
#10957=DIRECTION('ref_axis',(2.89754814668779E-8,-0.965940876565485,-0.258762870172483));
#10958=DIRECTION('center_axis',(-2.95952900317442E-14,0.258762870172483,
-0.965940876565486));
#10959=DIRECTION('ref_axis',(2.89754814668779E-8,-0.965940876565485,-0.258762870172483));
#10960=DIRECTION('center_axis',(-2.95952900317442E-14,0.258762870172483,
-0.965940876565486));
#10961=DIRECTION('ref_axis',(2.89754814668779E-8,-0.965940876565485,-0.258762870172483));
#10962=DIRECTION('center_axis',(-2.95952900317442E-14,0.258762870172483,
-0.965940876565486));
#10963=DIRECTION('ref_axis',(2.89754815051783E-8,-0.965940876565485,-0.258762870172483));
#10964=DIRECTION('center_axis',(-2.95952900317442E-14,0.258762870172483,
-0.965940876565486));
#10965=DIRECTION('ref_axis',(2.89754814668779E-8,-0.965940876565485,-0.258762870172483));
#10966=DIRECTION('center_axis',(-2.95952900317442E-14,0.258762870172483,
-0.965940876565486));
#10967=DIRECTION('ref_axis',(2.89754814668779E-8,-0.965940876565485,-0.258762870172483));
#10968=DIRECTION('center_axis',(-2.95952900317442E-14,0.258762870172483,
-0.965940876565486));
#10969=DIRECTION('ref_axis',(2.89754814668779E-8,-0.965940876565485,-0.258762870172483));
#10970=DIRECTION('center_axis',(-2.95952900317442E-14,0.258762870172483,
-0.965940876565486));
#10971=DIRECTION('ref_axis',(2.89754814668779E-8,-0.965940876565485,-0.258762870172483));
#10972=DIRECTION('center_axis',(-2.95952900317442E-14,0.258762870172483,
-0.965940876565486));
#10973=DIRECTION('ref_axis',(2.89754814668779E-8,-0.965940876565485,-0.258762870172483));
#10974=DIRECTION('center_axis',(-2.95952900317442E-14,0.258762870172483,
-0.965940876565486));
#10975=DIRECTION('ref_axis',(2.89754814668779E-8,-0.965940876565485,-0.258762870172483));
#10976=DIRECTION('center_axis',(-2.95952900317442E-14,0.258762870172483,
-0.965940876565486));
#10977=DIRECTION('ref_axis',(2.89754814668779E-8,-0.965940876565485,-0.258762870172483));
#10978=DIRECTION('center_axis',(-2.95952900317442E-14,0.258762870172483,
-0.965940876565486));
#10979=DIRECTION('ref_axis',(2.89754815051783E-8,-0.965940876565485,-0.258762870172483));
#10980=DIRECTION('center_axis',(-2.95952900317442E-14,0.258762870172483,
-0.965940876565486));
#10981=DIRECTION('ref_axis',(2.89754814668779E-8,-0.965940876565485,-0.258762870172483));
#10982=DIRECTION('center_axis',(-2.95952900317442E-14,0.258762870172483,
-0.965940876565486));
#10983=DIRECTION('ref_axis',(2.89754815051783E-8,-0.965940876565485,-0.258762870172483));
#10984=DIRECTION('center_axis',(-2.95952900317442E-14,0.258762870172483,
-0.965940876565486));
#10985=DIRECTION('ref_axis',(2.89754814668779E-8,-0.965940876565485,-0.258762870172483));
#10986=DIRECTION('center_axis',(-2.95952900317442E-14,0.258762870172483,
-0.965940876565486));
#10987=DIRECTION('ref_axis',(2.89754815051783E-8,-0.965940876565485,-0.258762870172483));
#10988=DIRECTION('center_axis',(-2.95952900317442E-14,0.258762870172483,
-0.965940876565486));
#10989=DIRECTION('ref_axis',(2.89754814956032E-8,-0.965940876565485,-0.258762870172483));
#10990=DIRECTION('center_axis',(-2.95952900317442E-14,0.258762870172483,
-0.965940876565486));
#10991=DIRECTION('ref_axis',(2.89754815051783E-8,-0.965940876565485,-0.258762870172483));
#10992=DIRECTION('center_axis',(-2.95952900317442E-14,0.258762870172483,
-0.965940876565486));
#10993=DIRECTION('ref_axis',(2.89754815051783E-8,-0.965940876565485,-0.258762870172483));
#10994=DIRECTION('center_axis',(-2.95952900317442E-14,0.258762870172483,
-0.965940876565486));
#10995=DIRECTION('ref_axis',(2.89754814668779E-8,-0.965940876565485,-0.258762870172483));
#10996=DIRECTION('center_axis',(-2.95952900317442E-14,0.258762870172483,
-0.965940876565486));
#10997=DIRECTION('ref_axis',(2.89754814668779E-8,-0.965940876565485,-0.258762870172483));
#10998=DIRECTION('center_axis',(-2.95952900317442E-14,0.258762870172483,
-0.965940876565486));
#10999=DIRECTION('ref_axis',(2.89754814668779E-8,-0.965940876565485,-0.258762870172483));
#11000=DIRECTION('',(-0.0129273983350025,0.524079338104092,0.851571329804301));
#11001=DIRECTION('center_axis',(-4.95227501223581E-17,0.851642495009881,
-0.524123135048763));
#11002=DIRECTION('ref_axis',(-1.,0.,9.44868615993274E-17));
#11003=DIRECTION('',(-1.,2.25086673637891E-14,3.6668597697713E-14));
#11004=DIRECTION('',(0.0129273983509442,0.52407933811129,0.851571329799629));
#11005=DIRECTION('center_axis',(4.95227501223581E-17,-0.851642495009881,
0.524123135048763));
#11006=DIRECTION('ref_axis',(3.98789484511496E-8,-0.524123135048763,-0.851642495009881));
#11007=DIRECTION('center_axis',(4.95227501223581E-17,-0.851642495009881,
0.524123135048763));
#11008=DIRECTION('ref_axis',(3.98789484511495E-8,-0.524123135048763,-0.851642495009881));
#11009=DIRECTION('center_axis',(4.95227501223581E-17,-0.851642495009881,
0.524123135048763));
#11010=DIRECTION('ref_axis',(3.98789484511495E-8,-0.524123135048763,-0.851642495009881));
#11011=DIRECTION('center_axis',(4.95227501223581E-17,-0.851642495009881,
0.524123135048763));
#11012=DIRECTION('ref_axis',(3.98789484511495E-8,-0.524123135048763,-0.851642495009881));
#11013=DIRECTION('center_axis',(4.95227501223581E-17,-0.851642495009881,
0.524123135048763));
#11014=DIRECTION('ref_axis',(3.98789484719315E-8,-0.524123135048763,-0.851642495009881));
#11015=DIRECTION('center_axis',(4.95227501223581E-17,-0.851642495009881,
0.524123135048763));
#11016=DIRECTION('ref_axis',(3.98789484719315E-8,-0.524123135048763,-0.851642495009881));
#11017=DIRECTION('center_axis',(4.95227501223581E-17,-0.851642495009881,
0.524123135048763));
#11018=DIRECTION('ref_axis',(3.98789484511496E-8,-0.524123135048763,-0.851642495009881));
#11019=DIRECTION('center_axis',(4.95227501223581E-17,-0.851642495009881,
0.524123135048763));
#11020=DIRECTION('ref_axis',(3.9878948466736E-8,-0.524123135048763,-0.851642495009881));
#11021=DIRECTION('center_axis',(4.95227501223581E-17,-0.851642495009881,
0.524123135048763));
#11022=DIRECTION('ref_axis',(3.98789484719315E-8,-0.524123135048763,-0.851642495009881));
#11023=DIRECTION('center_axis',(4.95227501223581E-17,-0.851642495009881,
0.524123135048763));
#11024=DIRECTION('ref_axis',(3.98789484511495E-8,-0.524123135048763,-0.851642495009881));
#11025=DIRECTION('center_axis',(4.95227501223581E-17,-0.851642495009881,
0.524123135048763));
#11026=DIRECTION('ref_axis',(3.98789484511496E-8,-0.524123135048763,-0.851642495009881));
#11027=DIRECTION('center_axis',(4.95227501223581E-17,-0.851642495009881,
0.524123135048763));
#11028=DIRECTION('ref_axis',(3.98789484511496E-8,-0.524123135048763,-0.851642495009881));
#11029=DIRECTION('center_axis',(4.95227501223581E-17,-0.851642495009881,
0.524123135048763));
#11030=DIRECTION('ref_axis',(3.98789484511496E-8,-0.524123135048763,-0.851642495009881));
#11031=DIRECTION('center_axis',(4.95227501223581E-17,-0.851642495009881,
0.524123135048763));
#11032=DIRECTION('ref_axis',(3.98789484511496E-8,-0.524123135048763,-0.851642495009881));
#11033=DIRECTION('center_axis',(4.95227501223581E-17,-0.851642495009881,
0.524123135048763));
#11034=DIRECTION('ref_axis',(3.98789484719315E-8,-0.524123135048763,-0.851642495009881));
#11035=DIRECTION('center_axis',(4.95227501223581E-17,-0.851642495009881,
0.524123135048763));
#11036=DIRECTION('ref_axis',(3.98789484719315E-8,-0.524123135048763,-0.851642495009881));
#11037=DIRECTION('center_axis',(4.95227501223581E-17,-0.851642495009881,
0.524123135048763));
#11038=DIRECTION('ref_axis',(3.98789484511496E-8,-0.524123135048763,-0.851642495009881));
#11039=DIRECTION('center_axis',(4.95227501223581E-17,-0.851642495009881,
0.524123135048763));
#11040=DIRECTION('ref_axis',(3.98789484511496E-8,-0.524123135048763,-0.851642495009881));
#11041=DIRECTION('center_axis',(4.95227501223581E-17,-0.851642495009881,
0.524123135048763));
#11042=DIRECTION('ref_axis',(3.98789484719315E-8,-0.524123135048763,-0.851642495009881));
#11043=DIRECTION('center_axis',(4.95227501223581E-17,-0.851642495009881,
0.524123135048763));
#11044=DIRECTION('ref_axis',(3.98789484511495E-8,-0.524123135048763,-0.851642495009881));
#11045=DIRECTION('center_axis',(4.95227501223581E-17,-0.851642495009881,
0.524123135048763));
#11046=DIRECTION('ref_axis',(3.98789484511495E-8,-0.524123135048763,-0.851642495009881));
#11047=DIRECTION('center_axis',(4.95227501223581E-17,-0.851642495009881,
0.524123135048763));
#11048=DIRECTION('ref_axis',(3.98789484511496E-8,-0.524123135048763,-0.851642495009881));
#11049=DIRECTION('center_axis',(4.95227501223581E-17,-0.851642495009881,
0.524123135048763));
#11050=DIRECTION('ref_axis',(3.98789484511496E-8,-0.524123135048763,-0.851642495009881));
#11051=DIRECTION('center_axis',(4.95227501223581E-17,-0.851642495009881,
0.524123135048763));
#11052=DIRECTION('ref_axis',(3.98789484511495E-8,-0.524123135048763,-0.851642495009881));
#11053=DIRECTION('center_axis',(4.95227501223581E-17,-0.851642495009881,
0.524123135048763));
#11054=DIRECTION('ref_axis',(3.98789484511495E-8,-0.524123135048763,-0.851642495009881));
#11055=DIRECTION('center_axis',(4.95227501223581E-17,-0.851642495009881,
0.524123135048763));
#11056=DIRECTION('ref_axis',(3.98789484719315E-8,-0.524123135048763,-0.851642495009881));
#11057=DIRECTION('center_axis',(4.95227501223581E-17,-0.851642495009881,
0.524123135048763));
#11058=DIRECTION('ref_axis',(3.98789484511495E-8,-0.524123135048763,-0.851642495009881));
#11059=DIRECTION('center_axis',(4.95227501223581E-17,-0.851642495009881,
0.524123135048763));
#11060=DIRECTION('ref_axis',(3.98789484511495E-8,-0.524123135048763,-0.851642495009881));
#11061=DIRECTION('center_axis',(4.95227501223581E-17,-0.851642495009881,
0.524123135048763));
#11062=DIRECTION('ref_axis',(3.98789484511496E-8,-0.524123135048763,-0.851642495009881));
#11063=DIRECTION('center_axis',(4.95227501223581E-17,-0.851642495009881,
0.524123135048763));
#11064=DIRECTION('ref_axis',(3.98789484511496E-8,-0.524123135048763,-0.851642495009881));
#11065=DIRECTION('center_axis',(4.95227501223581E-17,-0.851642495009881,
0.524123135048763));
#11066=DIRECTION('ref_axis',(3.98789484511495E-8,-0.524123135048763,-0.851642495009881));
#11067=DIRECTION('center_axis',(4.95227501223581E-17,-0.851642495009881,
0.524123135048763));
#11068=DIRECTION('ref_axis',(3.98789484680349E-8,-0.524123135048763,-0.851642495009881));
#11069=DIRECTION('center_axis',(4.95227501223581E-17,-0.851642495009881,
0.524123135048763));
#11070=DIRECTION('ref_axis',(3.98789484511496E-8,-0.524123135048763,-0.851642495009881));
#11071=DIRECTION('center_axis',(4.95227501223581E-17,-0.851642495009881,
0.524123135048763));
#11072=DIRECTION('ref_axis',(3.98789484511496E-8,-0.524123135048763,-0.851642495009881));
#11073=DIRECTION('center_axis',(4.95227501223581E-17,-0.851642495009881,
0.524123135048763));
#11074=DIRECTION('ref_axis',(3.98789484719315E-8,-0.524123135048763,-0.851642495009881));
#11075=DIRECTION('center_axis',(4.95227501223581E-17,-0.851642495009881,
0.524123135048763));
#11076=DIRECTION('ref_axis',(3.98789484719315E-8,-0.524123135048763,-0.851642495009881));
#11077=DIRECTION('center_axis',(4.95227501223581E-17,-0.851642495009881,
0.524123135048763));
#11078=DIRECTION('ref_axis',(3.98789484511495E-8,-0.524123135048763,-0.851642495009881));
#11079=DIRECTION('center_axis',(4.95227501223581E-17,-0.851642495009881,
0.524123135048763));
#11080=DIRECTION('ref_axis',(3.98789484511495E-8,-0.524123135048763,-0.851642495009881));
#11081=DIRECTION('center_axis',(4.95227501223581E-17,-0.851642495009881,
0.524123135048763));
#11082=DIRECTION('ref_axis',(3.98789484719315E-8,-0.524123135048763,-0.851642495009881));
#11083=DIRECTION('center_axis',(4.95227501223581E-17,-0.851642495009881,
0.524123135048763));
#11084=DIRECTION('ref_axis',(3.98789484719315E-8,-0.524123135048763,-0.851642495009881));
#11085=DIRECTION('center_axis',(4.95227501223581E-17,-0.851642495009881,
0.524123135048763));
#11086=DIRECTION('ref_axis',(3.98789484719315E-8,-0.524123135048763,-0.851642495009881));
#11087=DIRECTION('center_axis',(4.95227501223581E-17,-0.851642495009881,
0.524123135048763));
#11088=DIRECTION('ref_axis',(3.98789484511495E-8,-0.524123135048763,-0.851642495009881));
#11089=DIRECTION('center_axis',(4.95227501223581E-17,-0.851642495009881,
0.524123135048763));
#11090=DIRECTION('ref_axis',(3.98789484511495E-8,-0.524123135048763,-0.851642495009881));
#11091=DIRECTION('center_axis',(4.95227501223581E-17,-0.851642495009881,
0.524123135048763));
#11092=DIRECTION('ref_axis',(3.98789484511496E-8,-0.524123135048763,-0.851642495009881));
#11093=DIRECTION('center_axis',(4.95227501223581E-17,-0.851642495009881,
0.524123135048763));
#11094=DIRECTION('ref_axis',(3.98789484511496E-8,-0.524123135048763,-0.851642495009881));
#11095=DIRECTION('center_axis',(4.95227501223581E-17,-0.851642495009881,
0.524123135048763));
#11096=DIRECTION('ref_axis',(3.98789484511496E-8,-0.524123135048763,-0.851642495009881));
#11097=DIRECTION('center_axis',(4.95227501223581E-17,-0.851642495009881,
0.524123135048763));
#11098=DIRECTION('ref_axis',(3.98789484511495E-8,-0.524123135048763,-0.851642495009881));
#11099=DIRECTION('center_axis',(4.95227501223581E-17,-0.851642495009881,
0.524123135048763));
#11100=DIRECTION('ref_axis',(3.98789484511496E-8,-0.524123135048763,-0.851642495009881));
#11101=DIRECTION('center_axis',(4.95227501223581E-17,-0.851642495009881,
0.524123135048763));
#11102=DIRECTION('ref_axis',(3.98789484719315E-8,-0.524123135048763,-0.851642495009881));
#11103=DIRECTION('center_axis',(4.95227501223581E-17,-0.851642495009881,
0.524123135048763));
#11104=DIRECTION('ref_axis',(3.98789484511496E-8,-0.524123135048763,-0.851642495009881));
#11105=DIRECTION('center_axis',(4.95227501223581E-17,-0.851642495009881,
0.524123135048763));
#11106=DIRECTION('ref_axis',(3.98789484511496E-8,-0.524123135048763,-0.851642495009881));
#11107=DIRECTION('center_axis',(4.95227501223581E-17,-0.851642495009881,
0.524123135048763));
#11108=DIRECTION('ref_axis',(3.98789484719315E-8,-0.524123135048763,-0.851642495009881));
#11109=DIRECTION('center_axis',(4.95227501223581E-17,-0.851642495009881,
0.524123135048763));
#11110=DIRECTION('ref_axis',(3.9878948466736E-8,-0.524123135048763,-0.851642495009881));
#11111=DIRECTION('center_axis',(4.95227501223581E-17,-0.851642495009881,
0.524123135048763));
#11112=DIRECTION('ref_axis',(3.98789484511496E-8,-0.524123135048763,-0.851642495009881));
#11113=DIRECTION('center_axis',(4.95227501223581E-17,-0.851642495009881,
0.524123135048763));
#11114=DIRECTION('ref_axis',(3.98789484511496E-8,-0.524123135048763,-0.851642495009881));
#11115=DIRECTION('center_axis',(4.95227501223581E-17,-0.851642495009881,
0.524123135048763));
#11116=DIRECTION('ref_axis',(3.98789484511496E-8,-0.524123135048763,-0.851642495009881));
#11117=DIRECTION('center_axis',(4.95227501223581E-17,-0.851642495009881,
0.524123135048763));
#11118=DIRECTION('ref_axis',(3.98789484511496E-8,-0.524123135048763,-0.851642495009881));
#11119=DIRECTION('center_axis',(4.95227501223581E-17,-0.851642495009881,
0.524123135048763));
#11120=DIRECTION('ref_axis',(3.98789484511495E-8,-0.524123135048763,-0.851642495009881));
#11121=DIRECTION('center_axis',(4.95227501223581E-17,-0.851642495009881,
0.524123135048763));
#11122=DIRECTION('ref_axis',(3.98789484511495E-8,-0.524123135048763,-0.851642495009881));
#11123=DIRECTION('center_axis',(4.95227501223581E-17,-0.851642495009881,
0.524123135048763));
#11124=DIRECTION('ref_axis',(3.98789484511496E-8,-0.524123135048763,-0.851642495009881));
#11125=DIRECTION('center_axis',(4.95227501223581E-17,-0.851642495009881,
0.524123135048763));
#11126=DIRECTION('ref_axis',(3.98789484719315E-8,-0.524123135048763,-0.851642495009881));
#11127=DIRECTION('center_axis',(4.95227501223581E-17,-0.851642495009881,
0.524123135048763));
#11128=DIRECTION('ref_axis',(3.9878948466736E-8,-0.524123135048763,-0.851642495009881));
#11129=DIRECTION('center_axis',(4.95227501223581E-17,-0.851642495009881,
0.524123135048763));
#11130=DIRECTION('ref_axis',(3.98789484511496E-8,-0.524123135048763,-0.851642495009881));
#11131=DIRECTION('center_axis',(4.95227501223581E-17,-0.851642495009881,
0.524123135048763));
#11132=DIRECTION('ref_axis',(3.98789484511495E-8,-0.524123135048763,-0.851642495009881));
#11133=DIRECTION('center_axis',(4.95227501223581E-17,-0.851642495009881,
0.524123135048763));
#11134=DIRECTION('ref_axis',(3.98789484511495E-8,-0.524123135048763,-0.851642495009881));
#11135=DIRECTION('center_axis',(4.95227501223581E-17,-0.851642495009881,
0.524123135048763));
#11136=DIRECTION('ref_axis',(3.98789484511496E-8,-0.524123135048763,-0.851642495009881));
#11137=DIRECTION('center_axis',(4.95227501223581E-17,-0.851642495009881,
0.524123135048763));
#11138=DIRECTION('ref_axis',(3.98789484511496E-8,-0.524123135048763,-0.851642495009881));
#11139=DIRECTION('center_axis',(4.95227501223581E-17,-0.851642495009881,
0.524123135048763));
#11140=DIRECTION('ref_axis',(3.98789484719315E-8,-0.524123135048763,-0.851642495009881));
#11141=DIRECTION('center_axis',(4.95227501223581E-17,-0.851642495009881,
0.524123135048763));
#11142=DIRECTION('ref_axis',(3.98789484511495E-8,-0.524123135048763,-0.851642495009881));
#11143=DIRECTION('center_axis',(4.95227501223581E-17,-0.851642495009881,
0.524123135048763));
#11144=DIRECTION('ref_axis',(3.98789484511495E-8,-0.524123135048763,-0.851642495009881));
#11145=DIRECTION('center_axis',(4.95227501223581E-17,-0.851642495009881,
0.524123135048763));
#11146=DIRECTION('ref_axis',(3.98789484511495E-8,-0.524123135048763,-0.851642495009881));
#11147=DIRECTION('center_axis',(4.95227501223581E-17,-0.851642495009881,
0.524123135048763));
#11148=DIRECTION('ref_axis',(3.98789484511496E-8,-0.524123135048763,-0.851642495009881));
#11149=DIRECTION('center_axis',(4.95227501223581E-17,-0.851642495009881,
0.524123135048763));
#11150=DIRECTION('ref_axis',(3.98789484511495E-8,-0.524123135048763,-0.851642495009881));
#11151=DIRECTION('center_axis',(4.95227501223581E-17,-0.851642495009881,
0.524123135048763));
#11152=DIRECTION('ref_axis',(3.98789484511496E-8,-0.524123135048763,-0.851642495009881));
#11153=DIRECTION('center_axis',(4.95227501223581E-17,-0.851642495009881,
0.524123135048763));
#11154=DIRECTION('ref_axis',(3.98789484511496E-8,-0.524123135048763,-0.851642495009881));
#11155=DIRECTION('center_axis',(4.95227501223581E-17,-0.851642495009881,
0.524123135048763));
#11156=DIRECTION('ref_axis',(3.98789484511495E-8,-0.524123135048763,-0.851642495009881));
#11157=DIRECTION('center_axis',(4.95227501223581E-17,-0.851642495009881,
0.524123135048763));
#11158=DIRECTION('ref_axis',(3.98789484511496E-8,-0.524123135048763,-0.851642495009881));
#11159=DIRECTION('center_axis',(4.95227501223581E-17,-0.851642495009881,
0.524123135048763));
#11160=DIRECTION('ref_axis',(3.98789484511495E-8,-0.524123135048763,-0.851642495009881));
#11161=DIRECTION('center_axis',(4.95227501223581E-17,-0.851642495009881,
0.524123135048763));
#11162=DIRECTION('ref_axis',(3.98789484511496E-8,-0.524123135048763,-0.851642495009881));
#11163=DIRECTION('center_axis',(4.95227501223581E-17,-0.851642495009881,
0.524123135048763));
#11164=DIRECTION('ref_axis',(3.98789484511496E-8,-0.524123135048763,-0.851642495009881));
#11165=DIRECTION('center_axis',(4.95227501223581E-17,-0.851642495009881,
0.524123135048763));
#11166=DIRECTION('ref_axis',(3.98789484511496E-8,-0.524123135048763,-0.851642495009881));
#11167=DIRECTION('center_axis',(4.95227501223581E-17,-0.851642495009881,
0.524123135048763));
#11168=DIRECTION('ref_axis',(3.98789484680349E-8,-0.524123135048763,-0.851642495009881));
#11169=DIRECTION('center_axis',(4.95227501223581E-17,-0.851642495009881,
0.524123135048763));
#11170=DIRECTION('ref_axis',(3.98789484511496E-8,-0.524123135048763,-0.851642495009881));
#11171=DIRECTION('center_axis',(4.95227501223581E-17,-0.851642495009881,
0.524123135048763));
#11172=DIRECTION('ref_axis',(3.9878948466736E-8,-0.524123135048763,-0.851642495009881));
#11173=DIRECTION('center_axis',(4.95227501223581E-17,-0.851642495009881,
0.524123135048763));
#11174=DIRECTION('ref_axis',(3.98789484719315E-8,-0.524123135048763,-0.851642495009881));
#11175=DIRECTION('center_axis',(4.95227501223581E-17,-0.851642495009881,
0.524123135048763));
#11176=DIRECTION('ref_axis',(3.9878948466736E-8,-0.524123135048763,-0.851642495009881));
#11177=DIRECTION('center_axis',(4.95227501223581E-17,-0.851642495009881,
0.524123135048763));
#11178=DIRECTION('ref_axis',(3.98789484511496E-8,-0.524123135048763,-0.851642495009881));
#11179=DIRECTION('center_axis',(4.95227501223581E-17,-0.851642495009881,
0.524123135048763));
#11180=DIRECTION('ref_axis',(3.98789484511496E-8,-0.524123135048763,-0.851642495009881));
#11181=DIRECTION('center_axis',(4.95227501223581E-17,-0.851642495009881,
0.524123135048763));
#11182=DIRECTION('ref_axis',(3.98789484511496E-8,-0.524123135048763,-0.851642495009881));
#11183=DIRECTION('center_axis',(4.95227501223581E-17,-0.851642495009881,
0.524123135048763));
#11184=DIRECTION('ref_axis',(3.98789484719315E-8,-0.524123135048763,-0.851642495009881));
#11185=DIRECTION('center_axis',(4.95227501223581E-17,-0.851642495009881,
0.524123135048763));
#11186=DIRECTION('ref_axis',(3.98789484511495E-8,-0.524123135048763,-0.851642495009881));
#11187=DIRECTION('center_axis',(4.95227501223581E-17,-0.851642495009881,
0.524123135048763));
#11188=DIRECTION('ref_axis',(3.98789484511495E-8,-0.524123135048763,-0.851642495009881));
#11189=DIRECTION('center_axis',(4.95227501223581E-17,-0.851642495009881,
0.524123135048763));
#11190=DIRECTION('ref_axis',(3.98789484511495E-8,-0.524123135048763,-0.851642495009881));
#11191=DIRECTION('center_axis',(4.95227501223581E-17,-0.851642495009881,
0.524123135048763));
#11192=DIRECTION('ref_axis',(3.98789484511496E-8,-0.524123135048763,-0.851642495009881));
#11193=DIRECTION('center_axis',(4.95227501223581E-17,-0.851642495009881,
0.524123135048763));
#11194=DIRECTION('ref_axis',(3.98789484719315E-8,-0.524123135048763,-0.851642495009881));
#11195=DIRECTION('center_axis',(4.95227501223581E-17,-0.851642495009881,
0.524123135048763));
#11196=DIRECTION('ref_axis',(3.98789484511495E-8,-0.524123135048763,-0.851642495009881));
#11197=DIRECTION('center_axis',(4.95227501223581E-17,-0.851642495009881,
0.524123135048763));
#11198=DIRECTION('ref_axis',(3.98789484511496E-8,-0.524123135048763,-0.851642495009881));
#11199=DIRECTION('center_axis',(4.95227501223581E-17,-0.851642495009881,
0.524123135048763));
#11200=DIRECTION('ref_axis',(3.9878948466736E-8,-0.524123135048763,-0.851642495009881));
#11201=DIRECTION('center_axis',(4.95227501223581E-17,-0.851642495009881,
0.524123135048763));
#11202=DIRECTION('ref_axis',(3.98789484719315E-8,-0.524123135048763,-0.851642495009881));
#11203=DIRECTION('center_axis',(4.95227501223581E-17,-0.851642495009881,
0.524123135048763));
#11204=DIRECTION('ref_axis',(3.98789484719315E-8,-0.524123135048763,-0.851642495009881));
#11205=DIRECTION('center_axis',(4.95227501223581E-17,-0.851642495009881,
0.524123135048763));
#11206=DIRECTION('ref_axis',(3.98789484680349E-8,-0.524123135048763,-0.851642495009881));
#11207=DIRECTION('center_axis',(4.95227501223581E-17,-0.851642495009881,
0.524123135048763));
#11208=DIRECTION('ref_axis',(3.9878948466736E-8,-0.524123135048763,-0.851642495009881));
#11209=DIRECTION('center_axis',(4.95227501223581E-17,-0.851642495009881,
0.524123135048763));
#11210=DIRECTION('ref_axis',(3.98789484511495E-8,-0.524123135048763,-0.851642495009881));
#11211=DIRECTION('center_axis',(4.95227501223581E-17,-0.851642495009881,
0.524123135048763));
#11212=DIRECTION('ref_axis',(3.98789484511495E-8,-0.524123135048763,-0.851642495009881));
#11213=DIRECTION('center_axis',(4.95227501223581E-17,-0.851642495009881,
0.524123135048763));
#11214=DIRECTION('ref_axis',(3.98789484719315E-8,-0.524123135048763,-0.851642495009881));
#11215=DIRECTION('center_axis',(4.95227501223581E-17,-0.851642495009881,
0.524123135048763));
#11216=DIRECTION('ref_axis',(3.98789484511496E-8,-0.524123135048763,-0.851642495009881));
#11217=DIRECTION('center_axis',(4.95227501223581E-17,-0.851642495009881,
0.524123135048763));
#11218=DIRECTION('ref_axis',(3.98789484719315E-8,-0.524123135048763,-0.851642495009881));
#11219=DIRECTION('center_axis',(4.95227501223581E-17,-0.851642495009881,
0.524123135048763));
#11220=DIRECTION('ref_axis',(3.98789484511495E-8,-0.524123135048763,-0.851642495009881));
#11221=DIRECTION('center_axis',(4.95227501223581E-17,-0.851642495009881,
0.524123135048763));
#11222=DIRECTION('ref_axis',(3.98789484511495E-8,-0.524123135048763,-0.851642495009881));
#11223=DIRECTION('center_axis',(4.95227501223581E-17,-0.851642495009881,
0.524123135048763));
#11224=DIRECTION('ref_axis',(3.98789484511496E-8,-0.524123135048763,-0.851642495009881));
#11225=DIRECTION('center_axis',(4.95227501223581E-17,-0.851642495009881,
0.524123135048763));
#11226=DIRECTION('ref_axis',(3.98789484511496E-8,-0.524123135048763,-0.851642495009881));
#11227=DIRECTION('center_axis',(4.95227501223581E-17,-0.851642495009881,
0.524123135048763));
#11228=DIRECTION('ref_axis',(3.98789484719315E-8,-0.524123135048763,-0.851642495009881));
#11229=DIRECTION('center_axis',(4.95227501223581E-17,-0.851642495009881,
0.524123135048763));
#11230=DIRECTION('ref_axis',(3.98789484511496E-8,-0.524123135048763,-0.851642495009881));
#11231=DIRECTION('center_axis',(4.95227501223581E-17,-0.851642495009881,
0.524123135048763));
#11232=DIRECTION('ref_axis',(3.98789484719315E-8,-0.524123135048763,-0.851642495009881));
#11233=DIRECTION('center_axis',(4.95227501223581E-17,-0.851642495009881,
0.524123135048763));
#11234=DIRECTION('ref_axis',(3.9878948466736E-8,-0.524123135048763,-0.851642495009881));
#11235=DIRECTION('center_axis',(4.95227501223581E-17,-0.851642495009881,
0.524123135048763));
#11236=DIRECTION('ref_axis',(3.98789484511496E-8,-0.524123135048763,-0.851642495009881));
#11237=DIRECTION('center_axis',(4.95227501223581E-17,-0.851642495009881,
0.524123135048763));
#11238=DIRECTION('ref_axis',(3.98789484719315E-8,-0.524123135048763,-0.851642495009881));
#11239=DIRECTION('center_axis',(4.95227501223581E-17,-0.851642495009881,
0.524123135048763));
#11240=DIRECTION('ref_axis',(3.98789484719315E-8,-0.524123135048763,-0.851642495009881));
#11241=DIRECTION('center_axis',(4.95227501223581E-17,-0.851642495009881,
0.524123135048763));
#11242=DIRECTION('ref_axis',(3.98789484680349E-8,-0.524123135048763,-0.851642495009881));
#11243=DIRECTION('center_axis',(4.95227501223581E-17,-0.851642495009881,
0.524123135048763));
#11244=DIRECTION('ref_axis',(3.98789484511496E-8,-0.524123135048763,-0.851642495009881));
#11245=DIRECTION('center_axis',(4.95227501223581E-17,-0.851642495009881,
0.524123135048763));
#11246=DIRECTION('ref_axis',(3.98789484511495E-8,-0.524123135048763,-0.851642495009881));
#11247=DIRECTION('center_axis',(4.95227501223581E-17,-0.851642495009881,
0.524123135048763));
#11248=DIRECTION('ref_axis',(3.98789484511495E-8,-0.524123135048763,-0.851642495009881));
#11249=DIRECTION('center_axis',(4.95227501223581E-17,-0.851642495009881,
0.524123135048763));
#11250=DIRECTION('ref_axis',(3.98789484511495E-8,-0.524123135048763,-0.851642495009881));
#11251=DIRECTION('center_axis',(4.95227501223581E-17,-0.851642495009881,
0.524123135048763));
#11252=DIRECTION('ref_axis',(3.98789484511496E-8,-0.524123135048763,-0.851642495009881));
#11253=DIRECTION('center_axis',(4.95227501223581E-17,-0.851642495009881,
0.524123135048763));
#11254=DIRECTION('ref_axis',(3.98789484511496E-8,-0.524123135048763,-0.851642495009881));
#11255=DIRECTION('center_axis',(4.95227501223581E-17,-0.851642495009881,
0.524123135048763));
#11256=DIRECTION('ref_axis',(3.98789484511496E-8,-0.524123135048763,-0.851642495009881));
#11257=DIRECTION('center_axis',(4.95227501223581E-17,-0.851642495009881,
0.524123135048763));
#11258=DIRECTION('ref_axis',(3.98789484511495E-8,-0.524123135048763,-0.851642495009881));
#11259=DIRECTION('center_axis',(4.95227501223581E-17,-0.851642495009881,
0.524123135048763));
#11260=DIRECTION('ref_axis',(3.98789484511496E-8,-0.524123135048763,-0.851642495009881));
#11261=DIRECTION('center_axis',(4.95227501223581E-17,-0.851642495009881,
0.524123135048763));
#11262=DIRECTION('ref_axis',(3.98789484511495E-8,-0.524123135048763,-0.851642495009881));
#11263=DIRECTION('center_axis',(4.95227501223581E-17,-0.851642495009881,
0.524123135048763));
#11264=DIRECTION('ref_axis',(3.98789484719315E-8,-0.524123135048763,-0.851642495009881));
#11265=DIRECTION('center_axis',(4.95227501223581E-17,-0.851642495009881,
0.524123135048763));
#11266=DIRECTION('ref_axis',(3.98789484511495E-8,-0.524123135048763,-0.851642495009881));
#11267=DIRECTION('center_axis',(4.95227501223581E-17,-0.851642495009881,
0.524123135048763));
#11268=DIRECTION('ref_axis',(3.98789484511496E-8,-0.524123135048763,-0.851642495009881));
#11269=DIRECTION('',(5.65815285809263E-12,0.539788277357086,0.841800817074841));
#11270=DIRECTION('center_axis',(-1.,5.31656760426383E-13,6.38021610291731E-12));
#11271=DIRECTION('ref_axis',(6.38021610291731E-12,0.,1.));
#11272=DIRECTION('',(-2.1645120283098E-12,-0.965940876565486,-0.258762870172483));
#11273=DIRECTION('',(0.687306674127881,0.187956901809102,-0.701627920454705));
#11274=DIRECTION('',(-0.707106781043697,-0.182972980255051,0.683023344182763));
#11275=DIRECTION('',(0.707106781043681,0.182972980255057,-0.683023344182778));
#11276=DIRECTION('',(-0.708396308949135,-0.162841588196389,0.68677309689658));
#11277=DIRECTION('center_axis',(0.707106781329414,-0.182972980181453,0.683023343906688));
#11278=DIRECTION('ref_axis',(0.694752190455013,0.,-0.719249187596316));
#11279=DIRECTION('',(0.00717390719157882,-0.60892635048963,-0.793194323438454));
#11280=DIRECTION('',(2.23909875417002E-14,0.6087844978772,0.793335638392985));
#11281=DIRECTION('',(-2.79887344271253E-14,-0.6087844978772,-0.793335638392985));
#11282=DIRECTION('',(0.00717390720200059,0.60892635047414,0.793194323450251));
#11283=DIRECTION('center_axis',(1.86524395207489E-14,-0.793335638392985,
0.6087844978772));
#11284=DIRECTION('ref_axis',(1.,0.,-3.06388214315393E-14));
#11285=DIRECTION('',(-0.708396308978532,0.162841588186499,-0.686773096868603));
#11286=DIRECTION('',(0.707106781188158,-0.182972980219322,0.68302334404278));
#11287=DIRECTION('',(-0.707106781188151,0.182972980219324,-0.683023344042786));
#11288=DIRECTION('',(0.687306674129759,-0.187956901811001,0.701627920452357));
#11289=DIRECTION('center_axis',(-0.707106781184937,-0.182972980217195,0.683023344046685));
#11290=DIRECTION('ref_axis',(0.694752190602115,0.,0.719249187454225));
#11291=DIRECTION('',(0.000237193506978551,0.597537218694509,-0.8018411413828));
#11292=DIRECTION('center_axis',(3.99592285399399E-14,0.801841163782852,
0.597537235712856));
#11293=DIRECTION('ref_axis',(1.,0.,-6.68732024578669E-14));
#11294=DIRECTION('center_axis',(2.08985370278977E-8,-1.,0.));
#11295=DIRECTION('ref_axis',(-0.999999999999999,-2.08985370278977E-8,-3.39644180223998E-8));
#11296=DIRECTION('',(2.08985370278977E-8,-1.,0.));
#11297=DIRECTION('center_axis',(2.08985370278977E-8,-1.,0.));
#11298=DIRECTION('ref_axis',(-0.999999999999999,-2.08985370278977E-8,-3.39644180223998E-8));
#11299=DIRECTION('',(2.08985370278977E-8,-1.,0.));
#11300=DIRECTION('center_axis',(2.08985370278977E-8,-1.,0.));
#11301=DIRECTION('ref_axis',(-0.999999999999999,-2.08985370278977E-8,-3.39644180223998E-8));
#11302=DIRECTION('',(2.08985370278977E-8,-1.,0.));
#11303=DIRECTION('center_axis',(2.08985370675485E-8,-1.,0.));
#11304=DIRECTION('ref_axis',(-0.999999999999999,-2.08985370675485E-8,-3.39644180223998E-8));
#11305=DIRECTION('center_axis',(2.08985370594173E-8,-1.,-6.12323399573678E-17));
#11306=DIRECTION('ref_axis',(-0.999999999999999,-2.08985370594173E-8,-3.39644180223998E-8));
#11307=DIRECTION('center_axis',(2.08985370675485E-8,-1.,0.));
#11308=DIRECTION('ref_axis',(-0.999999999999999,-2.08985370675485E-8,-3.39644180223998E-8));
#11309=DIRECTION('',(2.08985370675485E-8,-1.,0.));
#11310=DIRECTION('center_axis',(-2.08985370594173E-8,1.,6.12323399573678E-17));
#11311=DIRECTION('ref_axis',(-0.999999999999999,-2.08985370594173E-8,-3.39644180223998E-8));
#11312=DIRECTION('center_axis',(2.08985370278977E-8,-1.,0.));
#11313=DIRECTION('ref_axis',(-0.999999999999999,-2.08985370278977E-8,-3.39644180223998E-8));
#11314=DIRECTION('',(2.08985370278977E-8,-1.,0.));
#11315=DIRECTION('center_axis',(2.08985370278977E-8,-1.,0.));
#11316=DIRECTION('ref_axis',(-0.999999999999999,-2.08985370278977E-8,-3.39644180223998E-8));
#11317=DIRECTION('',(2.08985370278977E-8,-1.,0.));
#11318=DIRECTION('center_axis',(2.08985370278977E-8,-1.,0.));
#11319=DIRECTION('ref_axis',(-0.999999999999999,-2.08985370278977E-8,-3.39644180223998E-8));
#11320=DIRECTION('center_axis',(2.08985370594173E-8,-1.,-6.12323399573678E-17));
#11321=DIRECTION('ref_axis',(-0.999999999999999,-2.08985370594173E-8,-3.39644180223998E-8));
#11322=DIRECTION('center_axis',(2.08985370278977E-8,-1.,0.));
#11323=DIRECTION('ref_axis',(-0.999999999999999,-2.08985370278977E-8,-3.39644180223998E-8));
#11324=DIRECTION('',(2.08985370278977E-8,-1.,0.));
#11325=DIRECTION('center_axis',(-2.08985370594173E-8,1.,6.12323399573678E-17));
#11326=DIRECTION('ref_axis',(-0.999999999999999,-2.08985370594173E-8,-3.39644180223998E-8));
#11327=DIRECTION('center_axis',(2.08985370278977E-8,-1.,0.));
#11328=DIRECTION('ref_axis',(-0.999999999999999,-2.08985370278977E-8,-3.39644180223998E-8));
#11329=DIRECTION('',(2.08985370278977E-8,-1.,0.));
#11330=DIRECTION('center_axis',(2.08985370278977E-8,-1.,0.));
#11331=DIRECTION('ref_axis',(-0.999999999999999,-2.08985370278977E-8,-3.39644180223998E-8));
#11332=DIRECTION('center_axis',(2.08985370594173E-8,-1.,-6.12323399573678E-17));
#11333=DIRECTION('ref_axis',(-0.999999999999999,-2.08985370594173E-8,-3.39644180223998E-8));
#11334=DIRECTION('center_axis',(2.08985370278977E-8,-1.,0.));
#11335=DIRECTION('ref_axis',(-0.999999999999999,-2.08985370278977E-8,-3.39644180223998E-8));
#11336=DIRECTION('',(2.08985370278977E-8,-1.,0.));
#11337=DIRECTION('center_axis',(-2.08985370594173E-8,1.,6.12323399573678E-17));
#11338=DIRECTION('ref_axis',(-0.999999999999999,-2.08985370594173E-8,-3.39644180223998E-8));
#11339=DIRECTION('center_axis',(2.08985370278977E-8,-1.,0.));
#11340=DIRECTION('ref_axis',(-0.999999999999999,-2.08985370278977E-8,-3.39644180223998E-8));
#11341=DIRECTION('',(2.08985370278977E-8,-1.,0.));
#11342=DIRECTION('center_axis',(2.08985370278977E-8,-1.,0.));
#11343=DIRECTION('ref_axis',(-0.999999999999999,-2.08985370278977E-8,-3.39644180223998E-8));
#11344=DIRECTION('',(2.08985370278977E-8,-1.,0.));
#11345=DIRECTION('center_axis',(2.08985370278977E-8,-1.,0.));
#11346=DIRECTION('ref_axis',(-0.999999999999999,-2.08985370278977E-8,-3.39644180223998E-8));
#11347=DIRECTION('center_axis',(2.08985370594173E-8,-1.,-6.12323399573678E-17));
#11348=DIRECTION('ref_axis',(-0.999999999999999,-2.08985370594173E-8,-3.39644180223998E-8));
#11349=DIRECTION('center_axis',(2.08985370278977E-8,-1.,0.));
#11350=DIRECTION('ref_axis',(-0.999999999999999,-2.08985370278977E-8,-3.39644180223998E-8));
#11351=DIRECTION('',(2.08985370278977E-8,-1.,0.));
#11352=DIRECTION('center_axis',(-2.08985370594173E-8,1.,6.12323399573678E-17));
#11353=DIRECTION('ref_axis',(-0.999999999999999,-2.08985370594173E-8,-3.39644180223998E-8));
#11354=DIRECTION('center_axis',(2.08985370278977E-8,-1.,0.));
#11355=DIRECTION('ref_axis',(-0.999999999999999,-2.08985370278977E-8,-3.39644180223998E-8));
#11356=DIRECTION('center_axis',(2.08985370594173E-8,-1.,-6.12323399573678E-17));
#11357=DIRECTION('ref_axis',(-0.999999999999999,-2.08985370594173E-8,-3.39644180223998E-8));
#11358=DIRECTION('center_axis',(2.08985370278977E-8,-1.,0.));
#11359=DIRECTION('ref_axis',(-0.999999999999999,-2.08985370278977E-8,-3.39644180223998E-8));
#11360=DIRECTION('',(2.08985370278977E-8,-1.,0.));
#11361=DIRECTION('center_axis',(-2.08985370594173E-8,1.,6.12323399573678E-17));
#11362=DIRECTION('ref_axis',(-0.999999999999999,-2.08985370594173E-8,-3.39644180223998E-8));
#11363=DIRECTION('center_axis',(2.08985370278977E-8,-1.,0.));
#11364=DIRECTION('ref_axis',(-0.999999999999999,-2.08985370278977E-8,-3.39644180223998E-8));
#11365=DIRECTION('center_axis',(2.08985370594173E-8,-1.,-6.12323399573678E-17));
#11366=DIRECTION('ref_axis',(-0.999999999999999,-2.08985370594173E-8,-3.39644180223998E-8));
#11367=DIRECTION('center_axis',(2.08985370278977E-8,-1.,0.));
#11368=DIRECTION('ref_axis',(-0.999999999999999,-2.08985370278977E-8,-3.39644180223998E-8));
#11369=DIRECTION('',(2.08985370278977E-8,-1.,0.));
#11370=DIRECTION('center_axis',(-2.08985370594173E-8,1.,6.12323399573678E-17));
#11371=DIRECTION('ref_axis',(-0.999999999999999,-2.08985370594173E-8,-3.39644180223998E-8));
#11372=DIRECTION('center_axis',(2.08985370278977E-8,-1.,0.));
#11373=DIRECTION('ref_axis',(-0.999999999999999,-2.08985370278977E-8,-3.39644180223998E-8));
#11374=DIRECTION('',(2.08985370278977E-8,-1.,0.));
#11375=DIRECTION('center_axis',(2.08985370278977E-8,-1.,0.));
#11376=DIRECTION('ref_axis',(-0.999999999999999,-2.08985370278977E-8,-3.39644180223998E-8));
#11377=DIRECTION('',(2.08985370278977E-8,-1.,0.));
#11378=DIRECTION('center_axis',(2.08985370278977E-8,-1.,0.));
#11379=DIRECTION('ref_axis',(-0.999999999999999,-2.08985370278977E-8,-3.39644180223998E-8));
#11380=DIRECTION('',(2.08985370278977E-8,-1.,0.));
#11381=DIRECTION('center_axis',(2.08985370278977E-8,-1.,0.));
#11382=DIRECTION('ref_axis',(-0.999999999999999,-2.08985370278977E-8,-3.39644180223998E-8));
#11383=DIRECTION('',(2.08985370278977E-8,-1.,0.));
#11384=DIRECTION('center_axis',(2.0898537060114E-8,-1.,0.));
#11385=DIRECTION('ref_axis',(-0.999999999999999,-2.0898537060114E-8,-3.39644180223998E-8));
#11386=DIRECTION('center_axis',(2.08985370594173E-8,-1.,-6.12323399573678E-17));
#11387=DIRECTION('ref_axis',(-0.999999999999999,-2.08985370594173E-8,-3.39644180223998E-8));
#11388=DIRECTION('center_axis',(2.0898537060114E-8,-1.,0.));
#11389=DIRECTION('ref_axis',(-0.999999999999999,-2.0898537060114E-8,-3.39644180223998E-8));
#11390=DIRECTION('',(2.0898537060114E-8,-1.,0.));
#11391=DIRECTION('center_axis',(-2.08985370594173E-8,1.,6.12323399573678E-17));
#11392=DIRECTION('ref_axis',(-0.999999999999999,-2.08985370594173E-8,-3.39644180223998E-8));
#11393=DIRECTION('center_axis',(2.08985370675485E-8,-1.,0.));
#11394=DIRECTION('ref_axis',(-0.999999999999999,-2.08985370675485E-8,-3.39644180223998E-8));
#11395=DIRECTION('',(2.08985370675485E-8,-1.,0.));
#11396=DIRECTION('center_axis',(2.08985370675485E-8,-1.,0.));
#11397=DIRECTION('ref_axis',(-0.999999999999999,-2.08985370675485E-8,-3.39644180223998E-8));
#11398=DIRECTION('',(2.08985370675485E-8,-1.,0.));
#11399=DIRECTION('center_axis',(2.08985370675485E-8,-1.,0.));
#11400=DIRECTION('ref_axis',(-0.999999999999999,-2.08985370675485E-8,-3.39644180223998E-8));
#11401=DIRECTION('center_axis',(2.08985370594173E-8,-1.,-6.12323399573678E-17));
#11402=DIRECTION('ref_axis',(-0.999999999999999,-2.08985370594173E-8,-3.39644180223998E-8));
#11403=DIRECTION('center_axis',(2.08985370675485E-8,-1.,0.));
#11404=DIRECTION('ref_axis',(-0.999999999999999,-2.08985370675485E-8,-3.39644180223998E-8));
#11405=DIRECTION('',(2.08985370675485E-8,-1.,0.));
#11406=DIRECTION('center_axis',(-2.08985370594173E-8,1.,6.12323399573678E-17));
#11407=DIRECTION('ref_axis',(-0.999999999999999,-2.08985370594173E-8,-3.39644180223998E-8));
#11408=DIRECTION('center_axis',(2.08985370278977E-8,-1.,0.));
#11409=DIRECTION('ref_axis',(-0.999999999999999,-2.08985370278977E-8,-3.39644180223998E-8));
#11410=DIRECTION('',(2.08985370278977E-8,-1.,0.));
#11411=DIRECTION('center_axis',(2.08985370278977E-8,-1.,0.));
#11412=DIRECTION('ref_axis',(-0.999999999999999,-2.08985370278977E-8,-3.39644180223998E-8));
#11413=DIRECTION('',(2.08985370278977E-8,-1.,0.));
#11414=DIRECTION('center_axis',(2.08985370576358E-8,-1.,0.));
#11415=DIRECTION('ref_axis',(-0.999999999999999,-2.08985370576358E-8,-3.39644180223998E-8));
#11416=DIRECTION('',(2.08985370576358E-8,-1.,0.));
#11417=DIRECTION('center_axis',(2.08985370576358E-8,-1.,0.));
#11418=DIRECTION('ref_axis',(-0.999999999999999,-2.08985370576358E-8,-3.39644180223998E-8));
#11419=DIRECTION('',(2.08985370576358E-8,-1.,0.));
#11420=DIRECTION('center_axis',(2.08985370675485E-8,-1.,0.));
#11421=DIRECTION('ref_axis',(-0.999999999999999,-2.08985370675485E-8,-3.39644180223998E-8));
#11422=DIRECTION('',(2.08985370675485E-8,-1.,0.));
#11423=DIRECTION('center_axis',(2.08985370675485E-8,-1.,0.));
#11424=DIRECTION('ref_axis',(-0.999999999999999,-2.08985370675485E-8,-3.39644180223998E-8));
#11425=DIRECTION('',(2.08985370675485E-8,-1.,0.));
#11426=DIRECTION('center_axis',(2.08985370278977E-8,-1.,0.));
#11427=DIRECTION('ref_axis',(-0.999999999999999,-2.08985370278977E-8,-3.39644180223998E-8));
#11428=DIRECTION('center_axis',(2.08985370594173E-8,-1.,-6.12323399573678E-17));
#11429=DIRECTION('ref_axis',(-0.999999999999999,-2.08985370594173E-8,-3.39644180223998E-8));
#11430=DIRECTION('center_axis',(2.08985370278977E-8,-1.,0.));
#11431=DIRECTION('ref_axis',(-0.999999999999999,-2.08985370278977E-8,-3.39644180223998E-8));
#11432=DIRECTION('',(2.08985370278977E-8,-1.,0.));
#11433=DIRECTION('center_axis',(-2.08985370594173E-8,1.,6.12323399573678E-17));
#11434=DIRECTION('ref_axis',(-0.999999999999999,-2.08985370594173E-8,-3.39644180223998E-8));
#11435=DIRECTION('center_axis',(2.08985370675485E-8,-1.,0.));
#11436=DIRECTION('ref_axis',(-0.999999999999999,-2.08985370675485E-8,-3.39644180223998E-8));
#11437=DIRECTION('',(2.08985370675485E-8,-1.,0.));
#11438=DIRECTION('center_axis',(2.08985370278977E-8,-1.,0.));
#11439=DIRECTION('ref_axis',(-0.999999999999999,-2.08985370278977E-8,-3.39644180223998E-8));
#11440=DIRECTION('',(2.08985370278977E-8,-1.,0.));
#11441=DIRECTION('center_axis',(2.08985370278977E-8,-1.,0.));
#11442=DIRECTION('ref_axis',(-0.999999999999999,-2.08985370278977E-8,-3.39644180223998E-8));
#11443=DIRECTION('',(2.08985370278977E-8,-1.,0.));
#11444=DIRECTION('center_axis',(2.08985370278977E-8,-1.,0.));
#11445=DIRECTION('ref_axis',(-0.999999999999999,-2.08985370278977E-8,-3.39644180223998E-8));
#11446=DIRECTION('',(2.08985370278977E-8,-1.,0.));
#11447=DIRECTION('center_axis',(2.08985370278977E-8,-1.,0.));
#11448=DIRECTION('ref_axis',(-0.999999999999999,-2.08985370278977E-8,-3.39644180223998E-8));
#11449=DIRECTION('',(2.08985370278977E-8,-1.,0.));
#11450=DIRECTION('center_axis',(2.08985370278977E-8,-1.,0.));
#11451=DIRECTION('ref_axis',(-0.999999999999999,-2.08985370278977E-8,-3.39644180223998E-8));
#11452=DIRECTION('',(2.08985370278977E-8,-1.,0.));
#11453=DIRECTION('center_axis',(2.08985370278977E-8,-1.,0.));
#11454=DIRECTION('ref_axis',(-0.999999999999999,-2.08985370278977E-8,-3.39644180223998E-8));
#11455=DIRECTION('',(2.08985370278977E-8,-1.,0.));
#11456=DIRECTION('center_axis',(2.08985370675485E-8,-1.,0.));
#11457=DIRECTION('ref_axis',(-0.999999999999999,-2.08985370675485E-8,-3.39644180223998E-8));
#11458=DIRECTION('',(2.08985370675485E-8,-1.,0.));
#11459=DIRECTION('center_axis',(2.08985370675485E-8,-1.,0.));
#11460=DIRECTION('ref_axis',(-0.999999999999999,-2.08985370675485E-8,-3.39644180223998E-8));
#11461=DIRECTION('',(2.08985370675485E-8,-1.,0.));
#11462=DIRECTION('center_axis',(2.08985370278977E-8,-1.,0.));
#11463=DIRECTION('ref_axis',(-0.999999999999999,-2.08985370278977E-8,-3.39644180223998E-8));
#11464=DIRECTION('',(2.08985370278977E-8,-1.,0.));
#11465=DIRECTION('center_axis',(2.08985370675485E-8,-1.,0.));
#11466=DIRECTION('ref_axis',(-0.999999999999999,-2.08985370675485E-8,-3.39644180223998E-8));
#11467=DIRECTION('center_axis',(2.08985370594173E-8,-1.,-6.12323399573678E-17));
#11468=DIRECTION('ref_axis',(-0.999999999999999,-2.08985370594173E-8,-3.39644180223998E-8));
#11469=DIRECTION('center_axis',(2.08985370675485E-8,-1.,0.));
#11470=DIRECTION('ref_axis',(-0.999999999999999,-2.08985370675485E-8,-3.39644180223998E-8));
#11471=DIRECTION('',(2.08985370675485E-8,-1.,0.));
#11472=DIRECTION('center_axis',(-2.08985370594173E-8,1.,6.12323399573678E-17));
#11473=DIRECTION('ref_axis',(-0.999999999999999,-2.08985370594173E-8,-3.39644180223998E-8));
#11474=DIRECTION('center_axis',(2.08985370278977E-8,-1.,0.));
#11475=DIRECTION('ref_axis',(-0.999999999999999,-2.08985370278977E-8,-3.39644180223998E-8));
#11476=DIRECTION('',(2.08985370278977E-8,-1.,0.));
#11477=DIRECTION('center_axis',(2.08985370278977E-8,-1.,0.));
#11478=DIRECTION('ref_axis',(-0.999999999999999,-2.08985370278977E-8,-3.39644180223998E-8));
#11479=DIRECTION('',(2.08985370278977E-8,-1.,0.));
#11480=DIRECTION('center_axis',(2.08985370278977E-8,-1.,0.));
#11481=DIRECTION('ref_axis',(-0.999999999999999,-2.08985370278977E-8,-3.39644180223998E-8));
#11482=DIRECTION('',(2.08985370278977E-8,-1.,0.));
#11483=DIRECTION('center_axis',(2.08985370278977E-8,-1.,0.));
#11484=DIRECTION('ref_axis',(-0.999999999999999,-2.08985370278977E-8,-3.39644180223998E-8));
#11485=DIRECTION('',(2.08985370278977E-8,-1.,0.));
#11486=DIRECTION('center_axis',(2.08985370576358E-8,-1.,0.));
#11487=DIRECTION('ref_axis',(-0.999999999999999,-2.08985370576358E-8,-3.39644180223998E-8));
#11488=DIRECTION('',(2.08985370576358E-8,-1.,0.));
#11489=DIRECTION('center_axis',(2.0898537060114E-8,-1.,0.));
#11490=DIRECTION('ref_axis',(-0.999999999999999,-2.0898537060114E-8,-3.39644180223998E-8));
#11491=DIRECTION('',(2.0898537060114E-8,-1.,0.));
#11492=DIRECTION('center_axis',(2.0898537060114E-8,-1.,0.));
#11493=DIRECTION('ref_axis',(-0.999999999999999,-2.0898537060114E-8,-3.39644180223998E-8));
#11494=DIRECTION('',(2.0898537060114E-8,-1.,0.));
#11495=DIRECTION('center_axis',(2.08985370675485E-8,-1.,0.));
#11496=DIRECTION('ref_axis',(-0.999999999999999,-2.08985370675485E-8,-3.39644180223998E-8));
#11497=DIRECTION('',(2.08985370675485E-8,-1.,0.));
#11498=DIRECTION('center_axis',(2.08985370675485E-8,-1.,0.));
#11499=DIRECTION('ref_axis',(-0.999999999999999,-2.08985370675485E-8,-3.39644180223998E-8));
#11500=DIRECTION('',(2.08985370675485E-8,-1.,0.));
#11501=DIRECTION('center_axis',(2.08985370576358E-8,-1.,0.));
#11502=DIRECTION('ref_axis',(-0.999999999999999,-2.08985370576358E-8,-3.39644180223998E-8));
#11503=DIRECTION('',(2.08985370576358E-8,-1.,0.));
#11504=DIRECTION('center_axis',(2.08985370576358E-8,-1.,0.));
#11505=DIRECTION('ref_axis',(-0.999999999999999,-2.08985370576358E-8,-3.39644180223998E-8));
#11506=DIRECTION('',(2.08985370576358E-8,-1.,0.));
#11507=DIRECTION('center_axis',(2.08985370278977E-8,-1.,0.));
#11508=DIRECTION('ref_axis',(-0.999999999999999,-2.08985370278977E-8,-3.39644180223998E-8));
#11509=DIRECTION('',(2.08985370278977E-8,-1.,0.));
#11510=DIRECTION('center_axis',(2.08985370278977E-8,-1.,0.));
#11511=DIRECTION('ref_axis',(-0.999999999999999,-2.08985370278977E-8,-3.39644180223998E-8));
#11512=DIRECTION('',(2.08985370278977E-8,-1.,0.));
#11513=DIRECTION('center_axis',(2.08985370278977E-8,-1.,0.));
#11514=DIRECTION('ref_axis',(-0.999999999999999,-2.08985370278977E-8,-3.39644180223998E-8));
#11515=DIRECTION('center_axis',(2.08985370594173E-8,-1.,-6.12323399573678E-17));
#11516=DIRECTION('ref_axis',(-0.999999999999999,-2.08985370594173E-8,-3.39644180223998E-8));
#11517=DIRECTION('center_axis',(2.08985370278977E-8,-1.,0.));
#11518=DIRECTION('ref_axis',(-0.999999999999999,-2.08985370278977E-8,-3.39644180223998E-8));
#11519=DIRECTION('',(2.08985370278977E-8,-1.,0.));
#11520=DIRECTION('center_axis',(-2.08985370594173E-8,1.,6.12323399573678E-17));
#11521=DIRECTION('ref_axis',(-0.999999999999999,-2.08985370594173E-8,-3.39644180223998E-8));
#11522=DIRECTION('center_axis',(2.08985370675485E-8,-1.,0.));
#11523=DIRECTION('ref_axis',(-0.999999999999999,-2.08985370675485E-8,-3.39644180223998E-8));
#11524=DIRECTION('center_axis',(2.08985370594173E-8,-1.,-6.12323399573678E-17));
#11525=DIRECTION('ref_axis',(-0.999999999999999,-2.08985370594173E-8,-3.39644180223998E-8));
#11526=DIRECTION('center_axis',(2.08985370675485E-8,-1.,0.));
#11527=DIRECTION('ref_axis',(-0.999999999999999,-2.08985370675485E-8,-3.39644180223998E-8));
#11528=DIRECTION('',(2.08985370675485E-8,-1.,0.));
#11529=DIRECTION('center_axis',(-2.08985370594173E-8,1.,6.12323399573678E-17));
#11530=DIRECTION('ref_axis',(-0.999999999999999,-2.08985370594173E-8,-3.39644180223998E-8));
#11531=DIRECTION('center_axis',(2.08985370278977E-8,-1.,0.));
#11532=DIRECTION('ref_axis',(-0.999999999999999,-2.08985370278977E-8,-3.39644180223998E-8));
#11533=DIRECTION('',(2.08985370278977E-8,-1.,0.));
#11534=DIRECTION('center_axis',(2.08985370278977E-8,-1.,0.));
#11535=DIRECTION('ref_axis',(-0.999999999999999,-2.08985370278977E-8,-3.39644180223998E-8));
#11536=DIRECTION('',(2.08985370278977E-8,-1.,0.));
#11537=DIRECTION('center_axis',(2.08985370278977E-8,-1.,0.));
#11538=DIRECTION('ref_axis',(-0.999999999999999,-2.08985370278977E-8,-3.39644180223998E-8));
#11539=DIRECTION('',(2.08985370278977E-8,-1.,0.));
#11540=DIRECTION('center_axis',(2.08985370278977E-8,-1.,0.));
#11541=DIRECTION('ref_axis',(-0.999999999999999,-2.08985370278977E-8,-3.39644180223998E-8));
#11542=DIRECTION('',(2.08985370278977E-8,-1.,0.));
#11543=DIRECTION('center_axis',(2.08985370278977E-8,-1.,0.));
#11544=DIRECTION('ref_axis',(-0.999999999999999,-2.08985370278977E-8,-3.39644180223998E-8));
#11545=DIRECTION('',(2.08985370278977E-8,-1.,0.));
#11546=DIRECTION('center_axis',(2.08985370278977E-8,-1.,0.));
#11547=DIRECTION('ref_axis',(-0.999999999999999,-2.08985370278977E-8,-3.39644180223998E-8));
#11548=DIRECTION('',(2.08985370278977E-8,-1.,0.));
#11549=DIRECTION('center_axis',(2.08985370675485E-8,-1.,0.));
#11550=DIRECTION('ref_axis',(-0.999999999999999,-2.08985370675485E-8,-3.39644180223998E-8));
#11551=DIRECTION('',(2.08985370675485E-8,-1.,0.));
#11552=DIRECTION('center_axis',(2.08985370278977E-8,-1.,0.));
#11553=DIRECTION('ref_axis',(-0.999999999999999,-2.08985370278977E-8,-3.39644180223998E-8));
#11554=DIRECTION('',(2.08985370278977E-8,-1.,0.));
#11555=DIRECTION('center_axis',(2.08985370278977E-8,-1.,0.));
#11556=DIRECTION('ref_axis',(-0.999999999999999,-2.08985370278977E-8,-3.39644180223998E-8));
#11557=DIRECTION('',(2.08985370278977E-8,-1.,0.));
#11558=DIRECTION('center_axis',(2.08985370278977E-8,-1.,0.));
#11559=DIRECTION('ref_axis',(-0.999999999999999,-2.08985370278977E-8,-3.39644180223998E-8));
#11560=DIRECTION('',(2.08985370278977E-8,-1.,0.));
#11561=DIRECTION('center_axis',(2.08985370278977E-8,-1.,0.));
#11562=DIRECTION('ref_axis',(-0.999999999999999,-2.08985370278977E-8,-3.39644180223998E-8));
#11563=DIRECTION('',(2.08985370278977E-8,-1.,0.));
#11564=DIRECTION('center_axis',(2.08985370278977E-8,-1.,0.));
#11565=DIRECTION('ref_axis',(-0.999999999999999,-2.08985370278977E-8,-3.39644180223998E-8));
#11566=DIRECTION('',(2.08985370278977E-8,-1.,0.));
#11567=DIRECTION('center_axis',(2.08985370576358E-8,-1.,0.));
#11568=DIRECTION('ref_axis',(-0.999999999999999,-2.08985370576358E-8,-3.39644180223998E-8));
#11569=DIRECTION('',(2.08985370576358E-8,-1.,0.));
#11570=DIRECTION('center_axis',(2.08985370675485E-8,-1.,0.));
#11571=DIRECTION('ref_axis',(-0.999999999999999,-2.08985370675485E-8,-3.39644180223998E-8));
#11572=DIRECTION('',(2.08985370675485E-8,-1.,0.));
#11573=DIRECTION('center_axis',(2.08985370675485E-8,-1.,0.));
#11574=DIRECTION('ref_axis',(-0.999999999999999,-2.08985370675485E-8,-3.39644180223998E-8));
#11575=DIRECTION('',(2.08985370675485E-8,-1.,0.));
#11576=DIRECTION('center_axis',(2.08985370576358E-8,-1.,0.));
#11577=DIRECTION('ref_axis',(-0.999999999999999,-2.08985370576358E-8,-3.39644180223998E-8));
#11578=DIRECTION('center_axis',(2.08985370594173E-8,-1.,-6.12323399573678E-17));
#11579=DIRECTION('ref_axis',(-0.999999999999999,-2.08985370594173E-8,-3.39644180223998E-8));
#11580=DIRECTION('center_axis',(2.08985370576358E-8,-1.,0.));
#11581=DIRECTION('ref_axis',(-0.999999999999999,-2.08985370576358E-8,-3.39644180223998E-8));
#11582=DIRECTION('',(2.08985370576358E-8,-1.,0.));
#11583=DIRECTION('center_axis',(-2.08985370594173E-8,1.,6.12323399573678E-17));
#11584=DIRECTION('ref_axis',(-0.999999999999999,-2.08985370594173E-8,-3.39644180223998E-8));
#11585=DIRECTION('center_axis',(2.08985370278977E-8,-1.,0.));
#11586=DIRECTION('ref_axis',(-0.999999999999999,-2.08985370278977E-8,-3.39644180223998E-8));
#11587=DIRECTION('',(2.08985370278977E-8,-1.,0.));
#11588=DIRECTION('center_axis',(2.08985370278977E-8,-1.,0.));
#11589=DIRECTION('ref_axis',(-0.999999999999999,-2.08985370278977E-8,-3.39644180223998E-8));
#11590=DIRECTION('',(2.08985370278977E-8,-1.,0.));
#11591=DIRECTION('center_axis',(2.0898537060114E-8,-1.,0.));
#11592=DIRECTION('ref_axis',(-0.999999999999999,-2.0898537060114E-8,-3.39644180223998E-8));
#11593=DIRECTION('',(2.0898537060114E-8,-1.,0.));
#11594=DIRECTION('center_axis',(2.0898537060114E-8,-1.,0.));
#11595=DIRECTION('ref_axis',(-0.999999999999999,-2.0898537060114E-8,-3.39644180223998E-8));
#11596=DIRECTION('',(2.0898537060114E-8,-1.,0.));
#11597=DIRECTION('center_axis',(2.08985370278977E-8,-1.,0.));
#11598=DIRECTION('ref_axis',(-0.999999999999999,-2.08985370278977E-8,-3.39644180223998E-8));
#11599=DIRECTION('',(2.08985370278977E-8,-1.,0.));
#11600=DIRECTION('center_axis',(2.08985370278977E-8,-1.,0.));
#11601=DIRECTION('ref_axis',(-0.999999999999999,-2.08985370278977E-8,-3.39644180223998E-8));
#11602=DIRECTION('',(2.08985370278977E-8,-1.,0.));
#11603=DIRECTION('center_axis',(2.08985370278977E-8,-1.,0.));
#11604=DIRECTION('ref_axis',(-0.999999999999999,-2.08985370278977E-8,-3.39644180223998E-8));
#11605=DIRECTION('',(2.08985370278977E-8,-1.,0.));
#11606=DIRECTION('center_axis',(2.08985370278977E-8,-1.,0.));
#11607=DIRECTION('ref_axis',(-0.999999999999999,-2.08985370278977E-8,-3.39644180223998E-8));
#11608=DIRECTION('',(2.08985370278977E-8,-1.,0.));
#11609=DIRECTION('center_axis',(2.08985370278977E-8,-1.,0.));
#11610=DIRECTION('ref_axis',(-0.999999999999999,-2.08985370278977E-8,-3.39644180223998E-8));
#11611=DIRECTION('',(2.08985370278977E-8,-1.,0.));
#11612=DIRECTION('center_axis',(2.08985370278977E-8,-1.,0.));
#11613=DIRECTION('ref_axis',(-0.999999999999999,-2.08985370278977E-8,-3.39644180223998E-8));
#11614=DIRECTION('center_axis',(2.08985370594173E-8,-1.,-6.12323399573678E-17));
#11615=DIRECTION('ref_axis',(-0.999999999999999,-2.08985370594173E-8,-3.39644180223998E-8));
#11616=DIRECTION('center_axis',(2.08985370278977E-8,-1.,0.));
#11617=DIRECTION('ref_axis',(-0.999999999999999,-2.08985370278977E-8,-3.39644180223998E-8));
#11618=DIRECTION('',(2.08985370278977E-8,-1.,0.));
#11619=DIRECTION('center_axis',(-2.08985370594173E-8,1.,6.12323399573678E-17));
#11620=DIRECTION('ref_axis',(-0.999999999999999,-2.08985370594173E-8,-3.39644180223998E-8));
#11621=DIRECTION('center_axis',(2.08985370278977E-8,-1.,0.));
#11622=DIRECTION('ref_axis',(-0.999999999999999,-2.08985370278977E-8,-3.39644180223998E-8));
#11623=DIRECTION('center_axis',(2.08985370594173E-8,-1.,-6.12323399573678E-17));
#11624=DIRECTION('ref_axis',(-0.999999999999999,-2.08985370594173E-8,-3.39644180223998E-8));
#11625=DIRECTION('center_axis',(2.08985370278977E-8,-1.,0.));
#11626=DIRECTION('ref_axis',(-0.999999999999999,-2.08985370278977E-8,-3.39644180223998E-8));
#11627=DIRECTION('',(2.08985370278977E-8,-1.,0.));
#11628=DIRECTION('center_axis',(-2.08985370594173E-8,1.,6.12323399573678E-17));
#11629=DIRECTION('ref_axis',(-0.999999999999999,-2.08985370594173E-8,-3.39644180223998E-8));
#11630=DIRECTION('center_axis',(2.08985370278977E-8,-1.,0.));
#11631=DIRECTION('ref_axis',(-0.999999999999999,-2.08985370278977E-8,-3.39644180223998E-8));
#11632=DIRECTION('center_axis',(2.08985370594173E-8,-1.,-6.12323399573678E-17));
#11633=DIRECTION('ref_axis',(-0.999999999999999,-2.08985370594173E-8,-3.39644180223998E-8));
#11634=DIRECTION('center_axis',(2.08985370278977E-8,-1.,0.));
#11635=DIRECTION('ref_axis',(-0.999999999999999,-2.08985370278977E-8,-3.39644180223998E-8));
#11636=DIRECTION('',(2.08985370278977E-8,-1.,0.));
#11637=DIRECTION('center_axis',(-2.08985370594173E-8,1.,6.12323399573678E-17));
#11638=DIRECTION('ref_axis',(-0.999999999999999,-2.08985370594173E-8,-3.39644180223998E-8));
#11639=DIRECTION('center_axis',(2.08985370278977E-8,-1.,0.));
#11640=DIRECTION('ref_axis',(-0.999999999999999,-2.08985370278977E-8,-3.39644180223998E-8));
#11641=DIRECTION('',(2.08985370278977E-8,-1.,0.));
#11642=DIRECTION('center_axis',(2.08985370278977E-8,-1.,0.));
#11643=DIRECTION('ref_axis',(-0.999999999999999,-2.08985370278977E-8,-3.39644180223998E-8));
#11644=DIRECTION('',(2.08985370278977E-8,-1.,0.));
#11645=DIRECTION('center_axis',(2.08985370278977E-8,-1.,0.));
#11646=DIRECTION('ref_axis',(-0.999999999999999,-2.08985370278977E-8,-3.39644180223998E-8));
#11647=DIRECTION('',(2.08985370278977E-8,-1.,0.));
#11648=DIRECTION('center_axis',(2.08985370278977E-8,-1.,0.));
#11649=DIRECTION('ref_axis',(-0.999999999999999,-2.08985370278977E-8,-3.39644180223998E-8));
#11650=DIRECTION('',(2.08985370278977E-8,-1.,0.));
#11651=DIRECTION('center_axis',(2.08985370278977E-8,-1.,0.));
#11652=DIRECTION('ref_axis',(-0.999999999999999,-2.08985370278977E-8,-3.39644180223998E-8));
#11653=DIRECTION('',(2.08985370278977E-8,-1.,0.));
#11654=DIRECTION('center_axis',(2.08985370278977E-8,-1.,0.));
#11655=DIRECTION('ref_axis',(-0.999999999999999,-2.08985370278977E-8,-3.39644180223998E-8));
#11656=DIRECTION('',(2.08985370278977E-8,-1.,0.));
#11657=DIRECTION('center_axis',(2.08985370278977E-8,-1.,0.));
#11658=DIRECTION('ref_axis',(-0.999999999999999,-2.08985370278977E-8,-3.39644180223998E-8));
#11659=DIRECTION('center_axis',(2.08985370594173E-8,-1.,-6.12323399573678E-17));
#11660=DIRECTION('ref_axis',(-0.999999999999999,-2.08985370594173E-8,-3.39644180223998E-8));
#11661=DIRECTION('center_axis',(2.08985370278977E-8,-1.,0.));
#11662=DIRECTION('ref_axis',(-0.999999999999999,-2.08985370278977E-8,-3.39644180223998E-8));
#11663=DIRECTION('',(2.08985370278977E-8,-1.,0.));
#11664=DIRECTION('center_axis',(-2.08985370594173E-8,1.,6.12323399573678E-17));
#11665=DIRECTION('ref_axis',(-0.999999999999999,-2.08985370594173E-8,-3.39644180223998E-8));
#11666=DIRECTION('center_axis',(2.08985370278977E-8,-1.,0.));
#11667=DIRECTION('ref_axis',(-0.999999999999999,-2.08985370278977E-8,-3.39644180223998E-8));
#11668=DIRECTION('',(2.08985370278977E-8,-1.,0.));
#11669=DIRECTION('center_axis',(2.08985370278977E-8,-1.,0.));
#11670=DIRECTION('ref_axis',(-0.999999999999999,-2.08985370278977E-8,-3.39644180223998E-8));
#11671=DIRECTION('',(2.08985370278977E-8,-1.,0.));
#11672=DIRECTION('center_axis',(2.08985370278977E-8,-1.,0.));
#11673=DIRECTION('ref_axis',(-0.999999999999999,-2.08985370278977E-8,-3.39644180223998E-8));
#11674=DIRECTION('',(2.08985370278977E-8,-1.,0.));
#11675=DIRECTION('center_axis',(2.08985370278977E-8,-1.,0.));
#11676=DIRECTION('ref_axis',(-0.999999999999999,-2.08985370278977E-8,-3.39644180223998E-8));
#11677=DIRECTION('',(2.08985370278977E-8,-1.,0.));
#11678=DIRECTION('center_axis',(2.08985370278977E-8,-1.,0.));
#11679=DIRECTION('ref_axis',(-0.999999999999999,-2.08985370278977E-8,-3.39644180223998E-8));
#11680=DIRECTION('center_axis',(2.08985370594173E-8,-1.,-6.12323399573678E-17));
#11681=DIRECTION('ref_axis',(-0.999999999999999,-2.08985370594173E-8,-3.39644180223998E-8));
#11682=DIRECTION('center_axis',(2.08985370278977E-8,-1.,0.));
#11683=DIRECTION('ref_axis',(-0.999999999999999,-2.08985370278977E-8,-3.39644180223998E-8));
#11684=DIRECTION('',(2.08985370278977E-8,-1.,0.));
#11685=DIRECTION('center_axis',(-2.08985370594173E-8,1.,6.12323399573678E-17));
#11686=DIRECTION('ref_axis',(-0.999999999999999,-2.08985370594173E-8,-3.39644180223998E-8));
#11687=DIRECTION('center_axis',(2.08985370675485E-8,-1.,0.));
#11688=DIRECTION('ref_axis',(-0.999999999999999,-2.08985370675485E-8,-3.39644180223998E-8));
#11689=DIRECTION('',(2.08985370675485E-8,-1.,0.));
#11690=DIRECTION('center_axis',(2.08985370675485E-8,-1.,0.));
#11691=DIRECTION('ref_axis',(-0.999999999999999,-2.08985370675485E-8,-3.39644180223998E-8));
#11692=DIRECTION('',(2.08985370675485E-8,-1.,0.));
#11693=DIRECTION('center_axis',(2.08985370278977E-8,-1.,0.));
#11694=DIRECTION('ref_axis',(-0.999999999999999,-2.08985370278977E-8,-3.39644180223998E-8));
#11695=DIRECTION('',(2.08985370278977E-8,-1.,0.));
#11696=DIRECTION('center_axis',(2.08985370278977E-8,-1.,0.));
#11697=DIRECTION('ref_axis',(-0.999999999999999,-2.08985370278977E-8,-3.39644180223998E-8));
#11698=DIRECTION('',(2.08985370278977E-8,-1.,0.));
#11699=DIRECTION('center_axis',(2.08985370278977E-8,-1.,0.));
#11700=DIRECTION('ref_axis',(-0.999999999999999,-2.08985370278977E-8,-3.39644180223998E-8));
#11701=DIRECTION('center_axis',(2.08985370594173E-8,-1.,-6.12323399573678E-17));
#11702=DIRECTION('ref_axis',(-0.999999999999999,-2.08985370594173E-8,-3.39644180223998E-8));
#11703=DIRECTION('center_axis',(2.08985370278977E-8,-1.,0.));
#11704=DIRECTION('ref_axis',(-0.999999999999999,-2.08985370278977E-8,-3.39644180223998E-8));
#11705=DIRECTION('',(2.08985370278977E-8,-1.,0.));
#11706=DIRECTION('center_axis',(-2.08985370594173E-8,1.,6.12323399573678E-17));
#11707=DIRECTION('ref_axis',(-0.999999999999999,-2.08985370594173E-8,-3.39644180223998E-8));
#11708=DIRECTION('center_axis',(2.08985370278977E-8,-1.,0.));
#11709=DIRECTION('ref_axis',(-0.999999999999999,-2.08985370278977E-8,-3.39644180223998E-8));
#11710=DIRECTION('',(2.08985370278977E-8,-1.,0.));
#11711=DIRECTION('center_axis',(2.08985370278977E-8,-1.,0.));
#11712=DIRECTION('ref_axis',(-0.999999999999999,-2.08985370278977E-8,-3.39644180223998E-8));
#11713=DIRECTION('',(2.08985370278977E-8,-1.,0.));
#11714=DIRECTION('center_axis',(2.08985370278977E-8,-1.,0.));
#11715=DIRECTION('ref_axis',(-0.999999999999999,-2.08985370278977E-8,-3.39644180223998E-8));
#11716=DIRECTION('center_axis',(2.08985370594173E-8,-1.,-6.12323399573678E-17));
#11717=DIRECTION('ref_axis',(-0.999999999999999,-2.08985370594173E-8,-3.39644180223998E-8));
#11718=DIRECTION('center_axis',(2.08985370278977E-8,-1.,0.));
#11719=DIRECTION('ref_axis',(-0.999999999999999,-2.08985370278977E-8,-3.39644180223998E-8));
#11720=DIRECTION('',(2.08985370278977E-8,-1.,0.));
#11721=DIRECTION('center_axis',(-2.08985370594173E-8,1.,6.12323399573678E-17));
#11722=DIRECTION('ref_axis',(-0.999999999999999,-2.08985370594173E-8,-3.39644180223998E-8));
#11723=DIRECTION('center_axis',(2.08985370278977E-8,-1.,0.));
#11724=DIRECTION('ref_axis',(-0.999999999999999,-2.08985370278977E-8,-3.39644180223998E-8));
#11725=DIRECTION('',(2.08985370278977E-8,-1.,0.));
#11726=DIRECTION('center_axis',(2.08985370576358E-8,-1.,0.));
#11727=DIRECTION('ref_axis',(-0.999999999999999,-2.08985370576358E-8,-3.39644180223998E-8));
#11728=DIRECTION('center_axis',(2.08985370594173E-8,-1.,-6.12323399573678E-17));
#11729=DIRECTION('ref_axis',(-0.999999999999999,-2.08985370594173E-8,-3.39644180223998E-8));
#11730=DIRECTION('center_axis',(2.08985370576358E-8,-1.,0.));
#11731=DIRECTION('ref_axis',(-0.999999999999999,-2.08985370576358E-8,-3.39644180223998E-8));
#11732=DIRECTION('',(2.08985370576358E-8,-1.,0.));
#11733=DIRECTION('center_axis',(-2.08985370594173E-8,1.,6.12323399573678E-17));
#11734=DIRECTION('ref_axis',(-0.999999999999999,-2.08985370594173E-8,-3.39644180223998E-8));
#11735=DIRECTION('center_axis',(2.08985370675485E-8,-1.,0.));
#11736=DIRECTION('ref_axis',(-0.999999999999999,-2.08985370675485E-8,-3.39644180223998E-8));
#11737=DIRECTION('',(2.08985370675485E-8,-1.,0.));
#11738=DIRECTION('center_axis',(2.08985370675485E-8,-1.,0.));
#11739=DIRECTION('ref_axis',(-0.999999999999999,-2.08985370675485E-8,-3.39644180223998E-8));
#11740=DIRECTION('',(2.08985370675485E-8,-1.,0.));
#11741=DIRECTION('center_axis',(2.08985370278977E-8,-1.,0.));
#11742=DIRECTION('ref_axis',(-0.999999999999999,-2.08985370278977E-8,-3.39644180223998E-8));
#11743=DIRECTION('',(2.08985370278977E-8,-1.,0.));
#11744=DIRECTION('center_axis',(2.08985370278977E-8,-1.,0.));
#11745=DIRECTION('ref_axis',(-0.999999999999999,-2.08985370278977E-8,-3.39644180223998E-8));
#11746=DIRECTION('',(2.08985370278977E-8,-1.,0.));
#11747=DIRECTION('center_axis',(2.08985370278977E-8,-1.,0.));
#11748=DIRECTION('ref_axis',(-0.999999999999999,-2.08985370278977E-8,-3.39644180223998E-8));
#11749=DIRECTION('center_axis',(2.08985370594173E-8,-1.,-6.12323399573678E-17));
#11750=DIRECTION('ref_axis',(-0.999999999999999,-2.08985370594173E-8,-3.39644180223998E-8));
#11751=DIRECTION('center_axis',(2.08985370278977E-8,-1.,0.));
#11752=DIRECTION('ref_axis',(-0.999999999999999,-2.08985370278977E-8,-3.39644180223998E-8));
#11753=DIRECTION('',(2.08985370278977E-8,-1.,0.));
#11754=DIRECTION('center_axis',(-2.08985370594173E-8,1.,6.12323399573678E-17));
#11755=DIRECTION('ref_axis',(-0.999999999999999,-2.08985370594173E-8,-3.39644180223998E-8));
#11756=DIRECTION('center_axis',(2.08985370278977E-8,-1.,0.));
#11757=DIRECTION('ref_axis',(-0.999999999999999,-2.08985370278977E-8,-3.39644180223998E-8));
#11758=DIRECTION('',(2.08985370278977E-8,-1.,0.));
#11759=DIRECTION('center_axis',(2.08985370278977E-8,-1.,0.));
#11760=DIRECTION('ref_axis',(-0.999999999999999,-2.08985370278977E-8,-3.39644180223998E-8));
#11761=DIRECTION('',(2.08985370278977E-8,-1.,0.));
#11762=DIRECTION('center_axis',(2.08985370278977E-8,-1.,0.));
#11763=DIRECTION('ref_axis',(-0.999999999999999,-2.08985370278977E-8,-3.39644180223998E-8));
#11764=DIRECTION('center_axis',(2.08985370594173E-8,-1.,-6.12323399573678E-17));
#11765=DIRECTION('ref_axis',(-0.999999999999999,-2.08985370594173E-8,-3.39644180223998E-8));
#11766=DIRECTION('center_axis',(2.08985370278977E-8,-1.,0.));
#11767=DIRECTION('ref_axis',(-0.999999999999999,-2.08985370278977E-8,-3.39644180223998E-8));
#11768=DIRECTION('',(2.08985370278977E-8,-1.,0.));
#11769=DIRECTION('center_axis',(-2.08985370594173E-8,1.,6.12323399573678E-17));
#11770=DIRECTION('ref_axis',(-0.999999999999999,-2.08985370594173E-8,-3.39644180223998E-8));
#11771=DIRECTION('center_axis',(2.08985370278977E-8,-1.,0.));
#11772=DIRECTION('ref_axis',(-0.999999999999999,-2.08985370278977E-8,-3.39644180223998E-8));
#11773=DIRECTION('',(2.08985370278977E-8,-1.,0.));
#11774=DIRECTION('center_axis',(2.08985370278977E-8,-1.,0.));
#11775=DIRECTION('ref_axis',(-0.999999999999999,-2.08985370278977E-8,-3.39644180223998E-8));
#11776=DIRECTION('',(2.08985370278977E-8,-1.,0.));
#11777=DIRECTION('center_axis',(2.08985370278977E-8,-1.,0.));
#11778=DIRECTION('ref_axis',(-0.999999999999999,-2.08985370278977E-8,-3.39644180223998E-8));
#11779=DIRECTION('',(2.08985370278977E-8,-1.,0.));
#11780=DIRECTION('center_axis',(2.08985370278977E-8,-1.,0.));
#11781=DIRECTION('ref_axis',(-0.999999999999999,-2.08985370278977E-8,-3.39644180223998E-8));
#11782=DIRECTION('',(2.08985370278977E-8,-1.,0.));
#11783=DIRECTION('center_axis',(2.08985370278977E-8,-1.,0.));
#11784=DIRECTION('ref_axis',(-0.999999999999999,-2.08985370278977E-8,-3.39644180223998E-8));
#11785=DIRECTION('',(2.08985370278977E-8,-1.,0.));
#11786=DIRECTION('center_axis',(2.08985370576358E-8,-1.,0.));
#11787=DIRECTION('ref_axis',(-0.999999999999999,-2.08985370576358E-8,-3.39644180223998E-8));
#11788=DIRECTION('',(2.08985370576358E-8,-1.,0.));
#11789=DIRECTION('center_axis',(2.08985370576358E-8,-1.,0.));
#11790=DIRECTION('ref_axis',(-0.999999999999999,-2.08985370576358E-8,-3.39644180223998E-8));
#11791=DIRECTION('',(2.08985370576358E-8,-1.,0.));
#11792=DIRECTION('center_axis',(2.08985370675485E-8,-1.,0.));
#11793=DIRECTION('ref_axis',(-0.999999999999999,-2.08985370675485E-8,-3.39644180223998E-8));
#11794=DIRECTION('',(2.08985370675485E-8,-1.,0.));
#11795=DIRECTION('center_axis',(2.08985370675485E-8,-1.,0.));
#11796=DIRECTION('ref_axis',(-0.999999999999999,-2.08985370675485E-8,-3.39644180223998E-8));
#11797=DIRECTION('',(2.08985370675485E-8,-1.,0.));
#11798=DIRECTION('center_axis',(2.08985370278977E-8,-1.,0.));
#11799=DIRECTION('ref_axis',(-0.999999999999999,-2.08985370278977E-8,-3.39644180223998E-8));
#11800=DIRECTION('',(2.08985370278977E-8,-1.,0.));
#11801=DIRECTION('center_axis',(2.08985370278977E-8,-1.,0.));
#11802=DIRECTION('ref_axis',(-0.999999999999999,-2.08985370278977E-8,-3.39644180223998E-8));
#11803=DIRECTION('',(2.08985370278977E-8,-1.,0.));
#11804=DIRECTION('center_axis',(2.08985370278977E-8,-1.,0.));
#11805=DIRECTION('ref_axis',(-0.999999999999999,-2.08985370278977E-8,-3.39644180223998E-8));
#11806=DIRECTION('',(2.08985370278977E-8,-1.,0.));
#11807=DIRECTION('center_axis',(2.08985370278977E-8,-1.,0.));
#11808=DIRECTION('ref_axis',(-0.999999999999999,-2.08985370278977E-8,-3.39644180223998E-8));
#11809=DIRECTION('',(2.08985370278977E-8,-1.,0.));
#11810=DIRECTION('center_axis',(2.08985370675485E-8,-1.,0.));
#11811=DIRECTION('ref_axis',(-0.999999999999999,-2.08985370675485E-8,-3.39644180223998E-8));
#11812=DIRECTION('',(2.08985370675485E-8,-1.,0.));
#11813=DIRECTION('center_axis',(2.08985370675485E-8,-1.,0.));
#11814=DIRECTION('ref_axis',(-0.999999999999999,-2.08985370675485E-8,-3.39644180223998E-8));
#11815=DIRECTION('',(2.08985370675485E-8,-1.,0.));
#11816=DIRECTION('center_axis',(2.08985370278977E-8,-1.,0.));
#11817=DIRECTION('ref_axis',(-0.999999999999999,-2.08985370278977E-8,-3.39644180223998E-8));
#11818=DIRECTION('',(2.08985370278977E-8,-1.,0.));
#11819=DIRECTION('center_axis',(2.08985370278977E-8,-1.,0.));
#11820=DIRECTION('ref_axis',(-0.999999999999999,-2.08985370278977E-8,-3.39644180223998E-8));
#11821=DIRECTION('',(2.08985370278977E-8,-1.,0.));
#11822=DIRECTION('center_axis',(2.08985370278977E-8,-1.,0.));
#11823=DIRECTION('ref_axis',(-0.999999999999999,-2.08985370278977E-8,-3.39644180223998E-8));
#11824=DIRECTION('',(2.08985370278977E-8,-1.,0.));
#11825=DIRECTION('center_axis',(2.08985370278977E-8,-1.,0.));
#11826=DIRECTION('ref_axis',(-0.999999999999999,-2.08985370278977E-8,-3.39644180223998E-8));
#11827=DIRECTION('',(2.08985370278977E-8,-1.,0.));
#11828=DIRECTION('center_axis',(2.08985370278977E-8,-1.,0.));
#11829=DIRECTION('ref_axis',(-0.999999999999999,-2.08985370278977E-8,-3.39644180223998E-8));
#11830=DIRECTION('',(2.08985370278977E-8,-1.,0.));
#11831=DIRECTION('center_axis',(2.08985370278977E-8,-1.,0.));
#11832=DIRECTION('ref_axis',(-0.999999999999999,-2.08985370278977E-8,-3.39644180223998E-8));
#11833=DIRECTION('',(2.08985370278977E-8,-1.,0.));
#11834=DIRECTION('center_axis',(2.08985370278977E-8,-1.,0.));
#11835=DIRECTION('ref_axis',(-0.999999999999999,-2.08985370278977E-8,-3.39644180223998E-8));
#11836=DIRECTION('',(2.08985370278977E-8,-1.,0.));
#11837=DIRECTION('center_axis',(2.08985370278977E-8,-1.,0.));
#11838=DIRECTION('ref_axis',(-0.999999999999999,-2.08985370278977E-8,-3.39644180223998E-8));
#11839=DIRECTION('',(2.08985370278977E-8,-1.,0.));
#11840=DIRECTION('center_axis',(2.08985370278977E-8,-1.,0.));
#11841=DIRECTION('ref_axis',(-0.999999999999999,-2.08985370278977E-8,-3.39644180223998E-8));
#11842=DIRECTION('',(2.08985370278977E-8,-1.,0.));
#11843=DIRECTION('center_axis',(2.08985370278977E-8,-1.,0.));
#11844=DIRECTION('ref_axis',(-0.999999999999999,-2.08985370278977E-8,-3.39644180223998E-8));
#11845=DIRECTION('',(2.08985370278977E-8,-1.,0.));
#11846=DIRECTION('center_axis',(2.08985370675485E-8,-1.,0.));
#11847=DIRECTION('ref_axis',(-0.999999999999999,-2.08985370675485E-8,-3.39644180223998E-8));
#11848=DIRECTION('',(2.08985370675485E-8,-1.,0.));
#11849=DIRECTION('center_axis',(2.08985370675485E-8,-1.,0.));
#11850=DIRECTION('ref_axis',(-0.999999999999999,-2.08985370675485E-8,-3.39644180223998E-8));
#11851=DIRECTION('',(2.08985370675485E-8,-1.,0.));
#11852=DIRECTION('center_axis',(2.08985370675485E-8,-1.,0.));
#11853=DIRECTION('ref_axis',(-0.999999999999999,-2.08985370675485E-8,-3.39644180223998E-8));
#11854=DIRECTION('',(2.08985370675485E-8,-1.,0.));
#11855=DIRECTION('center_axis',(2.08985370675485E-8,-1.,0.));
#11856=DIRECTION('ref_axis',(-0.999999999999999,-2.08985370675485E-8,-3.39644180223998E-8));
#11857=DIRECTION('center_axis',(2.08985370594173E-8,-1.,-6.12323399573678E-17));
#11858=DIRECTION('ref_axis',(-0.999999999999999,-2.08985370594173E-8,-3.39644180223998E-8));
#11859=DIRECTION('center_axis',(2.08985370675485E-8,-1.,0.));
#11860=DIRECTION('ref_axis',(-0.999999999999999,-2.08985370675485E-8,-3.39644180223998E-8));
#11861=DIRECTION('',(2.08985370675485E-8,-1.,0.));
#11862=DIRECTION('center_axis',(-2.08985370594173E-8,1.,6.12323399573678E-17));
#11863=DIRECTION('ref_axis',(-0.999999999999999,-2.08985370594173E-8,-3.39644180223998E-8));
#11864=DIRECTION('center_axis',(2.08985370278977E-8,-1.,0.));
#11865=DIRECTION('ref_axis',(-0.999999999999999,-2.08985370278977E-8,-3.39644180223998E-8));
#11866=DIRECTION('',(2.08985370278977E-8,-1.,0.));
#11867=DIRECTION('center_axis',(2.08985370278977E-8,-1.,0.));
#11868=DIRECTION('ref_axis',(-0.999999999999999,-2.08985370278977E-8,-3.39644180223998E-8));
#11869=DIRECTION('',(2.08985370278977E-8,-1.,0.));
#11870=DIRECTION('center_axis',(2.08985370278977E-8,-1.,0.));
#11871=DIRECTION('ref_axis',(-0.999999999999999,-2.08985370278977E-8,-3.39644180223998E-8));
#11872=DIRECTION('',(2.08985370278977E-8,-1.,0.));
#11873=DIRECTION('center_axis',(2.08985370278977E-8,-1.,0.));
#11874=DIRECTION('ref_axis',(-0.999999999999999,-2.08985370278977E-8,-3.39644180223998E-8));
#11875=DIRECTION('',(2.08985370278977E-8,-1.,0.));
#11876=DIRECTION('center_axis',(2.08985370675485E-8,-1.,0.));
#11877=DIRECTION('ref_axis',(-0.999999999999999,-2.08985370675485E-8,-3.39644180223998E-8));
#11878=DIRECTION('',(2.08985370675485E-8,-1.,0.));
#11879=DIRECTION('center_axis',(2.08985370675485E-8,-1.,0.));
#11880=DIRECTION('ref_axis',(-0.999999999999999,-2.08985370675485E-8,-3.39644180223998E-8));
#11881=DIRECTION('',(2.08985370675485E-8,-1.,0.));
#11882=DIRECTION('center_axis',(2.08985370278977E-8,-1.,0.));
#11883=DIRECTION('ref_axis',(-0.999999999999999,-2.08985370278977E-8,-3.39644180223998E-8));
#11884=DIRECTION('',(2.08985370278977E-8,-1.,0.));
#11885=DIRECTION('center_axis',(2.08985370278977E-8,-1.,0.));
#11886=DIRECTION('ref_axis',(-0.999999999999999,-2.08985370278977E-8,-3.39644180223998E-8));
#11887=DIRECTION('',(2.08985370278977E-8,-1.,0.));
#11888=DIRECTION('center_axis',(2.0898537060114E-8,-1.,0.));
#11889=DIRECTION('ref_axis',(-0.999999999999999,-2.0898537060114E-8,-3.39644180223998E-8));
#11890=DIRECTION('',(2.0898537060114E-8,-1.,0.));
#11891=DIRECTION('center_axis',(2.08985370278977E-8,-1.,0.));
#11892=DIRECTION('ref_axis',(-0.999999999999999,-2.08985370278977E-8,-3.39644180223998E-8));
#11893=DIRECTION('',(2.08985370278977E-8,-1.,0.));
#11894=DIRECTION('center_axis',(2.08985370278977E-8,-1.,0.));
#11895=DIRECTION('ref_axis',(-0.999999999999999,-2.08985370278977E-8,-3.39644180223998E-8));
#11896=DIRECTION('',(2.08985370278977E-8,-1.,0.));
#11897=DIRECTION('center_axis',(2.08985370278977E-8,-1.,0.));
#11898=DIRECTION('ref_axis',(-0.999999999999999,-2.08985370278977E-8,-3.39644180223998E-8));
#11899=DIRECTION('',(2.08985370278977E-8,-1.,0.));
#11900=DIRECTION('center_axis',(2.08985370278977E-8,-1.,0.));
#11901=DIRECTION('ref_axis',(-0.999999999999999,-2.08985370278977E-8,-3.39644180223998E-8));
#11902=DIRECTION('',(2.08985370278977E-8,-1.,0.));
#11903=DIRECTION('center_axis',(2.08985370278977E-8,-1.,0.));
#11904=DIRECTION('ref_axis',(-0.999999999999999,-2.08985370278977E-8,-3.39644180223998E-8));
#11905=DIRECTION('',(2.08985370278977E-8,-1.,0.));
#11906=DIRECTION('center_axis',(2.08985370278977E-8,-1.,0.));
#11907=DIRECTION('ref_axis',(-0.999999999999999,-2.08985370278977E-8,-3.39644180223998E-8));
#11908=DIRECTION('',(2.08985370278977E-8,-1.,0.));
#11909=DIRECTION('center_axis',(2.08985370278977E-8,-1.,0.));
#11910=DIRECTION('ref_axis',(-0.999999999999999,-2.08985370278977E-8,-3.39644180223998E-8));
#11911=DIRECTION('',(2.08985370278977E-8,-1.,0.));
#11912=DIRECTION('center_axis',(2.08985370278977E-8,-1.,0.));
#11913=DIRECTION('ref_axis',(-0.999999999999999,-2.08985370278977E-8,-3.39644180223998E-8));
#11914=DIRECTION('',(2.08985370278977E-8,-1.,0.));
#11915=DIRECTION('center_axis',(2.08985370278977E-8,-1.,0.));
#11916=DIRECTION('ref_axis',(-0.999999999999999,-2.08985370278977E-8,-3.39644180223998E-8));
#11917=DIRECTION('',(2.08985370278977E-8,-1.,0.));
#11918=DIRECTION('center_axis',(2.08985370278977E-8,-1.,0.));
#11919=DIRECTION('ref_axis',(-0.999999999999999,-2.08985370278977E-8,-3.39644180223998E-8));
#11920=DIRECTION('',(2.08985370278977E-8,-1.,0.));
#11921=DIRECTION('center_axis',(2.08985370675485E-8,-1.,0.));
#11922=DIRECTION('ref_axis',(-0.999999999999999,-2.08985370675485E-8,-3.39644180223998E-8));
#11923=DIRECTION('',(2.08985370675485E-8,-1.,0.));
#11924=DIRECTION('center_axis',(2.08985370675485E-8,-1.,0.));
#11925=DIRECTION('ref_axis',(-0.999999999999999,-2.08985370675485E-8,-3.39644180223998E-8));
#11926=DIRECTION('',(2.08985370675485E-8,-1.,0.));
#11927=DIRECTION('center_axis',(2.08985370278977E-8,-1.,0.));
#11928=DIRECTION('ref_axis',(-0.999999999999999,-2.08985370278977E-8,-3.39644180223998E-8));
#11929=DIRECTION('',(2.08985370278977E-8,-1.,0.));
#11930=DIRECTION('center_axis',(2.08985370278977E-8,-1.,0.));
#11931=DIRECTION('ref_axis',(-0.999999999999999,-2.08985370278977E-8,-3.39644180223998E-8));
#11932=DIRECTION('',(2.08985370278977E-8,-1.,0.));
#11933=DIRECTION('center_axis',(2.08985370278977E-8,-1.,0.));
#11934=DIRECTION('ref_axis',(-0.999999999999999,-2.08985370278977E-8,-3.39644180223998E-8));
#11935=DIRECTION('',(2.08985370278977E-8,-1.,0.));
#11936=DIRECTION('center_axis',(2.08985370278977E-8,-1.,0.));
#11937=DIRECTION('ref_axis',(-0.999999999999999,-2.08985370278977E-8,-3.39644180223998E-8));
#11938=DIRECTION('center_axis',(2.08985370594173E-8,-1.,-6.12323399573678E-17));
#11939=DIRECTION('ref_axis',(-0.999999999999999,-2.08985370594173E-8,-3.39644180223998E-8));
#11940=DIRECTION('center_axis',(2.08985370278977E-8,-1.,0.));
#11941=DIRECTION('ref_axis',(-0.999999999999999,-2.08985370278977E-8,-3.39644180223998E-8));
#11942=DIRECTION('',(2.08985370278977E-8,-1.,0.));
#11943=DIRECTION('center_axis',(-2.08985370594173E-8,1.,6.12323399573678E-17));
#11944=DIRECTION('ref_axis',(-0.999999999999999,-2.08985370594173E-8,-3.39644180223998E-8));
#11945=DIRECTION('center_axis',(2.08985370278977E-8,-1.,0.));
#11946=DIRECTION('ref_axis',(-0.999999999999999,-2.08985370278977E-8,-3.39644180223998E-8));
#11947=DIRECTION('center_axis',(2.08985370594173E-8,-1.,-6.12323399573678E-17));
#11948=DIRECTION('ref_axis',(-0.999999999999999,-2.08985370594173E-8,-3.39644180223998E-8));
#11949=DIRECTION('center_axis',(2.08985370278977E-8,-1.,0.));
#11950=DIRECTION('ref_axis',(-0.999999999999999,-2.08985370278977E-8,-3.39644180223998E-8));
#11951=DIRECTION('',(2.08985370278977E-8,-1.,0.));
#11952=DIRECTION('center_axis',(-2.08985370594173E-8,1.,6.12323399573678E-17));
#11953=DIRECTION('ref_axis',(-0.999999999999999,-2.08985370594173E-8,-3.39644180223998E-8));
#11954=DIRECTION('center_axis',(2.08985370278977E-8,-1.,0.));
#11955=DIRECTION('ref_axis',(-0.999999999999999,-2.08985370278977E-8,-3.39644180223998E-8));
#11956=DIRECTION('',(2.08985370278977E-8,-1.,0.));
#11957=DIRECTION('center_axis',(2.08985370278977E-8,-1.,0.));
#11958=DIRECTION('ref_axis',(-0.999999999999999,-2.08985370278977E-8,-3.39644180223998E-8));
#11959=DIRECTION('',(2.08985370278977E-8,-1.,0.));
#11960=DIRECTION('center_axis',(2.08985370675485E-8,-1.,0.));
#11961=DIRECTION('ref_axis',(-0.999999999999999,-2.08985370675485E-8,-3.39644180223998E-8));
#11962=DIRECTION('',(2.08985370675485E-8,-1.,0.));
#11963=DIRECTION('center_axis',(2.08985370675485E-8,-1.,0.));
#11964=DIRECTION('ref_axis',(-0.999999999999999,-2.08985370675485E-8,-3.39644180223998E-8));
#11965=DIRECTION('',(2.08985370675485E-8,-1.,0.));
#11966=DIRECTION('center_axis',(2.08985370278977E-8,-1.,0.));
#11967=DIRECTION('ref_axis',(-0.999999999999999,-2.08985370278977E-8,-3.39644180223998E-8));
#11968=DIRECTION('',(2.08985370278977E-8,-1.,0.));
#11969=DIRECTION('center_axis',(2.08985370278977E-8,-1.,0.));
#11970=DIRECTION('ref_axis',(-0.999999999999999,-2.08985370278977E-8,-3.39644180223998E-8));
#11971=DIRECTION('',(2.08985370278977E-8,-1.,0.));
#11972=DIRECTION('center_axis',(2.08985370278977E-8,-1.,0.));
#11973=DIRECTION('ref_axis',(-0.999999999999999,-2.08985370278977E-8,-3.39644180223998E-8));
#11974=DIRECTION('',(2.08985370278977E-8,-1.,0.));
#11975=DIRECTION('center_axis',(2.08985370675485E-8,-1.,0.));
#11976=DIRECTION('ref_axis',(-0.999999999999999,-2.08985370675485E-8,-3.39644180223998E-8));
#11977=DIRECTION('center_axis',(2.08985370594173E-8,-1.,-6.12323399573678E-17));
#11978=DIRECTION('ref_axis',(-0.999999999999999,-2.08985370594173E-8,-3.39644180223998E-8));
#11979=DIRECTION('center_axis',(2.08985370675485E-8,-1.,0.));
#11980=DIRECTION('ref_axis',(-0.999999999999999,-2.08985370675485E-8,-3.39644180223998E-8));
#11981=DIRECTION('',(2.08985370675485E-8,-1.,0.));
#11982=DIRECTION('center_axis',(-2.08985370594173E-8,1.,6.12323399573678E-17));
#11983=DIRECTION('ref_axis',(-0.999999999999999,-2.08985370594173E-8,-3.39644180223998E-8));
#11984=DIRECTION('center_axis',(2.08985370675485E-8,-1.,0.));
#11985=DIRECTION('ref_axis',(-0.999999999999999,-2.08985370675485E-8,-3.39644180223998E-8));
#11986=DIRECTION('center_axis',(2.08985370594173E-8,-1.,-6.12323399573678E-17));
#11987=DIRECTION('ref_axis',(-0.999999999999999,-2.08985370594173E-8,-3.39644180223998E-8));
#11988=DIRECTION('center_axis',(2.08985370675485E-8,-1.,0.));
#11989=DIRECTION('ref_axis',(-0.999999999999999,-2.08985370675485E-8,-3.39644180223998E-8));
#11990=DIRECTION('',(2.08985370675485E-8,-1.,0.));
#11991=DIRECTION('center_axis',(-2.08985370594173E-8,1.,6.12323399573678E-17));
#11992=DIRECTION('ref_axis',(-0.999999999999999,-2.08985370594173E-8,-3.39644180223998E-8));
#11993=DIRECTION('center_axis',(2.08985370278977E-8,-1.,0.));
#11994=DIRECTION('ref_axis',(-0.999999999999999,-2.08985370278977E-8,-3.39644180223998E-8));
#11995=DIRECTION('',(2.08985370278977E-8,-1.,0.));
#11996=DIRECTION('center_axis',(2.08985370278977E-8,-1.,0.));
#11997=DIRECTION('ref_axis',(-0.999999999999999,-2.08985370278977E-8,-3.39644180223998E-8));
#11998=DIRECTION('',(2.08985370278977E-8,-1.,0.));
#11999=DIRECTION('center_axis',(2.08985370278977E-8,-1.,0.));
#12000=DIRECTION('ref_axis',(-0.999999999999999,-2.08985370278977E-8,-3.39644180223998E-8));
#12001=DIRECTION('center_axis',(2.08985370594173E-8,-1.,-6.12323399573678E-17));
#12002=DIRECTION('ref_axis',(-0.999999999999999,-2.08985370594173E-8,-3.39644180223998E-8));
#12003=DIRECTION('center_axis',(2.08985370278977E-8,-1.,0.));
#12004=DIRECTION('ref_axis',(-0.999999999999999,-2.08985370278977E-8,-3.39644180223998E-8));
#12005=DIRECTION('',(2.08985370278977E-8,-1.,0.));
#12006=DIRECTION('center_axis',(-2.08985370594173E-8,1.,6.12323399573678E-17));
#12007=DIRECTION('ref_axis',(-0.999999999999999,-2.08985370594173E-8,-3.39644180223998E-8));
#12008=DIRECTION('center_axis',(2.08985370278977E-8,-1.,0.));
#12009=DIRECTION('ref_axis',(-0.999999999999999,-2.08985370278977E-8,-3.39644180223998E-8));
#12010=DIRECTION('center_axis',(2.08985370594173E-8,-1.,-6.12323399573678E-17));
#12011=DIRECTION('ref_axis',(-0.999999999999999,-2.08985370594173E-8,-3.39644180223998E-8));
#12012=DIRECTION('center_axis',(2.08985370278977E-8,-1.,0.));
#12013=DIRECTION('ref_axis',(-0.999999999999999,-2.08985370278977E-8,-3.39644180223998E-8));
#12014=DIRECTION('',(2.08985370278977E-8,-1.,0.));
#12015=DIRECTION('center_axis',(-2.08985370594173E-8,1.,6.12323399573678E-17));
#12016=DIRECTION('ref_axis',(-0.999999999999999,-2.08985370594173E-8,-3.39644180223998E-8));
#12017=DIRECTION('center_axis',(2.08985370278977E-8,-1.,0.));
#12018=DIRECTION('ref_axis',(-0.999999999999999,-2.08985370278977E-8,-3.39644180223998E-8));
#12019=DIRECTION('center_axis',(2.08985370594173E-8,-1.,-6.12323399573678E-17));
#12020=DIRECTION('ref_axis',(-0.999999999999999,-2.08985370594173E-8,-3.39644180223998E-8));
#12021=DIRECTION('center_axis',(2.08985370278977E-8,-1.,0.));
#12022=DIRECTION('ref_axis',(-0.999999999999999,-2.08985370278977E-8,-3.39644180223998E-8));
#12023=DIRECTION('',(2.08985370278977E-8,-1.,0.));
#12024=DIRECTION('center_axis',(-2.08985370594173E-8,1.,6.12323399573678E-17));
#12025=DIRECTION('ref_axis',(-0.999999999999999,-2.08985370594173E-8,-3.39644180223998E-8));
#12026=DIRECTION('center_axis',(2.08985370675485E-8,-1.,0.));
#12027=DIRECTION('ref_axis',(-0.999999999999999,-2.08985370675485E-8,-3.39644180223998E-8));
#12028=DIRECTION('',(2.08985370675485E-8,-1.,0.));
#12029=DIRECTION('center_axis',(2.08985370675485E-8,-1.,0.));
#12030=DIRECTION('ref_axis',(-0.999999999999999,-2.08985370675485E-8,-3.39644180223998E-8));
#12031=DIRECTION('',(2.08985370675485E-8,-1.,0.));
#12032=DIRECTION('center_axis',(2.08985370576358E-8,-1.,0.));
#12033=DIRECTION('ref_axis',(-0.999999999999999,-2.08985370576358E-8,-3.39644180223998E-8));
#12034=DIRECTION('',(2.08985370576358E-8,-1.,0.));
#12035=DIRECTION('center_axis',(2.08985370576358E-8,-1.,0.));
#12036=DIRECTION('ref_axis',(-0.999999999999999,-2.08985370576358E-8,-3.39644180223998E-8));
#12037=DIRECTION('',(2.08985370576358E-8,-1.,0.));
#12038=DIRECTION('center_axis',(2.08985370278977E-8,-1.,0.));
#12039=DIRECTION('ref_axis',(-0.999999999999999,-2.08985370278977E-8,-3.39644180223998E-8));
#12040=DIRECTION('center_axis',(2.08985370594173E-8,-1.,-6.12323399573678E-17));
#12041=DIRECTION('ref_axis',(-0.999999999999999,-2.08985370594173E-8,-3.39644180223998E-8));
#12042=DIRECTION('center_axis',(2.08985370278977E-8,-1.,0.));
#12043=DIRECTION('ref_axis',(-0.999999999999999,-2.08985370278977E-8,-3.39644180223998E-8));
#12044=DIRECTION('',(2.08985370278977E-8,-1.,0.));
#12045=DIRECTION('center_axis',(-2.08985370594173E-8,1.,6.12323399573678E-17));
#12046=DIRECTION('ref_axis',(-0.999999999999999,-2.08985370594173E-8,-3.39644180223998E-8));
#12047=DIRECTION('center_axis',(2.08985370675485E-8,-1.,0.));
#12048=DIRECTION('ref_axis',(-0.999999999999999,-2.08985370675485E-8,-3.39644180223998E-8));
#12049=DIRECTION('',(2.08985370675485E-8,-1.,0.));
#12050=DIRECTION('center_axis',(2.08985370675485E-8,-1.,0.));
#12051=DIRECTION('ref_axis',(-0.999999999999999,-2.08985370675485E-8,-3.39644180223998E-8));
#12052=DIRECTION('',(2.08985370675485E-8,-1.,0.));
#12053=DIRECTION('center_axis',(2.08985370675485E-8,-1.,0.));
#12054=DIRECTION('ref_axis',(-0.999999999999999,-2.08985370675485E-8,-3.39644180223998E-8));
#12055=DIRECTION('',(2.08985370675485E-8,-1.,0.));
#12056=DIRECTION('center_axis',(2.08985370675485E-8,-1.,0.));
#12057=DIRECTION('ref_axis',(-0.999999999999999,-2.08985370675485E-8,-3.39644180223998E-8));
#12058=DIRECTION('',(2.08985370675485E-8,-1.,0.));
#12059=DIRECTION('center_axis',(2.08985370278977E-8,-1.,0.));
#12060=DIRECTION('ref_axis',(-0.999999999999999,-2.08985370278977E-8,-3.39644180223998E-8));
#12061=DIRECTION('',(2.08985370278977E-8,-1.,0.));
#12062=DIRECTION('center_axis',(2.08985370278977E-8,-1.,0.));
#12063=DIRECTION('ref_axis',(-0.999999999999999,-2.08985370278977E-8,-3.39644180223998E-8));
#12064=DIRECTION('',(2.08985370278977E-8,-1.,0.));
#12065=DIRECTION('center_axis',(2.08985370278977E-8,-1.,0.));
#12066=DIRECTION('ref_axis',(-0.999999999999999,-2.08985370278977E-8,-3.39644180223998E-8));
#12067=DIRECTION('center_axis',(2.08985370594173E-8,-1.,-6.12323399573678E-17));
#12068=DIRECTION('ref_axis',(-0.999999999999999,-2.08985370594173E-8,-3.39644180223998E-8));
#12069=DIRECTION('center_axis',(2.08985370278977E-8,-1.,0.));
#12070=DIRECTION('ref_axis',(-0.999999999999999,-2.08985370278977E-8,-3.39644180223998E-8));
#12071=DIRECTION('',(2.08985370278977E-8,-1.,0.));
#12072=DIRECTION('center_axis',(-2.08985370594173E-8,1.,6.12323399573678E-17));
#12073=DIRECTION('ref_axis',(-0.999999999999999,-2.08985370594173E-8,-3.39644180223998E-8));
#12074=DIRECTION('center_axis',(2.08985370278977E-8,-1.,0.));
#12075=DIRECTION('ref_axis',(-0.999999999999999,-2.08985370278977E-8,-3.39644180223998E-8));
#12076=DIRECTION('',(2.08985370278977E-8,-1.,0.));
#12077=DIRECTION('center_axis',(2.08985370278977E-8,-1.,0.));
#12078=DIRECTION('ref_axis',(-0.999999999999999,-2.08985370278977E-8,-3.39644180223998E-8));
#12079=DIRECTION('',(2.08985370278977E-8,-1.,0.));
#12080=DIRECTION('center_axis',(2.08985370278977E-8,-1.,0.));
#12081=DIRECTION('ref_axis',(-0.999999999999999,-2.08985370278977E-8,-3.39644180223998E-8));
#12082=DIRECTION('',(2.08985370278977E-8,-1.,0.));
#12083=DIRECTION('center_axis',(2.08985370278977E-8,-1.,0.));
#12084=DIRECTION('ref_axis',(-0.999999999999999,-2.08985370278977E-8,-3.39644180223998E-8));
#12085=DIRECTION('',(2.08985370278977E-8,-1.,0.));
#12086=DIRECTION('center_axis',(-1.,0.,0.));
#12087=DIRECTION('ref_axis',(0.,1.,0.));
#12088=DIRECTION('',(-1.,0.,0.));
#12089=DIRECTION('center_axis',(-1.39692880388329E-24,1.,3.12896932918639E-17));
#12090=DIRECTION('ref_axis',(1.,1.39692880388329E-24,0.));
#12091=DIRECTION('center_axis',(-1.39688851342885E-24,1.,3.12896932918818E-17));
#12092=DIRECTION('ref_axis',(-0.707106784320615,-2.21251551976222E-17,0.70710677805248));
#12093=DIRECTION('',(-0.999999999999999,-6.90134644843528E-25,-3.39644183745511E-8));
#12094=DIRECTION('center_axis',(-1.39692880388329E-24,1.,3.12896932918639E-17));
#12095=DIRECTION('ref_axis',(0.707106788558783,2.21251550650271E-17,-0.707106773814312));
#12096=DIRECTION('',(4.6825987531916E-8,5.39876682010611E-28,-0.999999999999999));
#12097=DIRECTION('center_axis',(-1.39689286140829E-24,1.,3.12896932918238E-17));
#12098=DIRECTION('ref_axis',(0.707106784320614,2.21251551975842E-17,-0.707106778052481));
#12099=DIRECTION('',(0.999999999999999,-1.51401734832878E-17,3.39644176582781E-8));
#12100=DIRECTION('center_axis',(-1.39692880388329E-24,1.,3.12896932918639E-17));
#12101=DIRECTION('ref_axis',(-0.707106788558783,-2.21251550650271E-17,0.707106773814312));
#12102=DIRECTION('',(4.68259708785722E-8,6.0150644023102E-28,-0.999999999999999));
#12103=DIRECTION('center_axis',(-0.999999999999999,0.,-4.6825987531916E-8));
#12104=DIRECTION('ref_axis',(-4.6825987531916E-8,-5.39876682010611E-28,
0.999999999999999));
#12105=DIRECTION('',(0.,1.,0.));
#12106=DIRECTION('',(0.,1.,0.));
#12107=DIRECTION('center_axis',(0.999999999999999,0.,4.68259708785722E-8));
#12108=DIRECTION('ref_axis',(4.68259708785722E-8,6.0150644023102E-28,-0.999999999999999));
#12109=DIRECTION('',(0.,1.,0.));
#12110=DIRECTION('',(0.,1.,0.));
#12111=DIRECTION('',(0.,1.,0.));
#12112=DIRECTION('',(0.,1.,0.));
#12113=DIRECTION('center_axis',(-3.39644183745511E-8,0.,0.999999999999999));
#12114=DIRECTION('ref_axis',(0.999999999999999,6.90134644843528E-25,3.39644183745511E-8));
#12115=DIRECTION('',(0.,1.,0.));
#12116=DIRECTION('center_axis',(3.39644176582781E-8,0.,-0.999999999999999));
#12117=DIRECTION('ref_axis',(-0.999999999999999,1.51401734832878E-17,-3.39644176582781E-8));
#12118=DIRECTION('',(0.,1.,0.));
#12119=DIRECTION('center_axis',(1.,0.,0.));
#12120=DIRECTION('ref_axis',(0.,1.,0.));
#12121=DIRECTION('center_axis',(1.,0.,0.));
#12122=DIRECTION('ref_axis',(0.,1.,0.));
#12123=DIRECTION('',(-1.,0.,0.));
#12124=DIRECTION('center_axis',(-1.,0.,0.));
#12125=DIRECTION('ref_axis',(0.,1.,0.));
#12126=DIRECTION('center_axis',(1.,0.,0.));
#12127=DIRECTION('ref_axis',(0.,1.,0.));
#12128=DIRECTION('center_axis',(-1.,0.,0.));
#12129=DIRECTION('ref_axis',(0.,-1.,0.));
#12130=DIRECTION('center_axis',(-1.,0.,0.));
#12131=DIRECTION('ref_axis',(0.,-1.,0.));
#12132=DIRECTION('',(1.,0.,0.));
#12133=DIRECTION('center_axis',(-1.,0.,0.));
#12134=DIRECTION('ref_axis',(0.,-1.,0.));
#12135=DIRECTION('center_axis',(-1.,0.,0.));
#12136=DIRECTION('ref_axis',(0.,-1.,0.));
#12137=DIRECTION('center_axis',(-1.,0.,0.));
#12138=DIRECTION('ref_axis',(0.,-1.,0.));
#12139=DIRECTION('',(2.3664607299426E-14,0.258819045102521,0.965925826289069));
#12140=DIRECTION('',(1.,1.14269097238588E-14,-2.75612354883456E-14));
#12141=DIRECTION('',(0.,0.,1.));
#12142=DIRECTION('',(1.,0.,0.));
#12143=CARTESIAN_POINT('',(0.,0.,0.));
#12144=CARTESIAN_POINT('',(0.,0.,0.));
#12145=CARTESIAN_POINT('',(0.,0.,0.));
#12146=CARTESIAN_POINT('',(0.,0.,0.));
#12147=CARTESIAN_POINT('',(0.,0.,0.));
#12148=CARTESIAN_POINT('',(0.,0.,0.));
#12149=CARTESIAN_POINT('',(0.,0.,0.));
#12150=CARTESIAN_POINT('Origin',(22.382791254,-35.165576193,16.297625564));
#12151=CARTESIAN_POINT('',(16.45410955,-34.81561145,15.691387427));
#12152=CARTESIAN_POINT('',(16.45410955,-34.315661818,14.825332946));
#12153=CARTESIAN_POINT('',(16.45410955,-34.81561145,15.691387427));
#12154=CARTESIAN_POINT('',(28.332791254,-34.81561145,15.691387427));
#12155=CARTESIAN_POINT('',(16.45410955,-34.81561145,15.691387427));
#12156=CARTESIAN_POINT('',(28.332791254,-34.315661818,14.825332946));
#12157=CARTESIAN_POINT('',(28.332791254,-34.81561145,15.691387427));
#12158=CARTESIAN_POINT('',(28.332791254,-34.315661818,14.825332946));
#12159=CARTESIAN_POINT('Origin',(16.45410955,-24.132256859,19.54927313));
#12160=CARTESIAN_POINT('',(16.45410955,-25.6342888215916,18.9131233966837));
#12161=CARTESIAN_POINT('',(16.45410955,-23.6962592304438,20.0318950247688));
#12162=CARTESIAN_POINT('',(16.45410955,-25.634288821,18.913123396));
#12163=CARTESIAN_POINT('',(16.45410955,-23.5962693042514,19.8586841287908));
#12164=CARTESIAN_POINT('',(16.45410955,-23.69625923,20.031895024));
#12165=CARTESIAN_POINT('',(16.45410955,-25.5342988954053,18.7399125007021));
#12166=CARTESIAN_POINT('',(16.45410955,-25.534298895,18.7399125));
#12167=CARTESIAN_POINT('',(16.45410955,-25.534298895,18.7399125));
#12168=CARTESIAN_POINT('Origin',(22.393450402,-22.730214822,20.35863376));
#12169=CARTESIAN_POINT('',(17.45410955,-22.730214822404,20.35863376059));
#12170=CARTESIAN_POINT('',(26.832791254,-22.730214822408,20.3586337607553));
#12171=CARTESIAN_POINT('',(17.45410955,-22.730214822,20.35863376));
#12172=CARTESIAN_POINT('',(17.45410955,-22.8302047489486,20.5318446570763));
#12173=CARTESIAN_POINT('',(17.45410955,-22.730214822,20.35863376));
#12174=CARTESIAN_POINT('',(26.832791254,-22.8302047493723,20.5318446577244));
#12175=CARTESIAN_POINT('',(17.45410955,-22.830204749,20.531844657));
#12176=CARTESIAN_POINT('',(26.832791254,-22.830204749,20.531844657));
#12177=CARTESIAN_POINT('Origin',(28.332791254,-27.27700085,17.73389819));
#12178=CARTESIAN_POINT('',(28.332791254,-34.488872714,14.725343019));
#12179=CARTESIAN_POINT('',(28.332791254,-34.988822347,15.591397501));
#12180=CARTESIAN_POINT('',(28.332791254,-34.488872714,14.725343019));
#12181=CARTESIAN_POINT('',(28.332791254,-33.1228685997335,14.3592381695384));
#12182=CARTESIAN_POINT('Origin',(28.332791254,-33.622818233,15.225292652));
#12183=CARTESIAN_POINT('',(28.332791254,-24.0292965444469,19.6087093117741));
#12184=CARTESIAN_POINT('',(28.332791254,-24.029296544,19.608709311));
#12185=CARTESIAN_POINT('',(28.332791254,-24.1292864714022,19.7819202087484));
#12186=CARTESIAN_POINT('',(28.332791254,-24.029296544,19.608709311));
#12187=CARTESIAN_POINT('',(28.332791254,-33.2228585268801,14.5324490657923));
#12188=CARTESIAN_POINT('',(28.332791254,-24.129286471,19.781920208));
#12189=CARTESIAN_POINT('Origin',(28.332791254,-33.622818233,15.225292652));
#12190=CARTESIAN_POINT('',(28.332791254,-34.632559026,16.374389484));
#12191=CARTESIAN_POINT('Origin',(28.332791254,-34.38258421,15.941362243));
#12192=CARTESIAN_POINT('',(28.332791254,-33.766504544,16.874339117));
#12193=CARTESIAN_POINT('',(28.332791254,-33.766504544,16.874339117));
#12194=CARTESIAN_POINT('',(28.332791254,-33.8664944704242,17.0475500125594));
#12195=CARTESIAN_POINT('',(28.332791254,-33.766504544,16.874339117));
#12196=CARTESIAN_POINT('',(28.332791254,-34.7325489521552,16.5476003802688));
#12197=CARTESIAN_POINT('',(28.332791254,-33.866494471,17.047550013));
#12198=CARTESIAN_POINT('Origin',(28.332791254,-34.38258421,15.941362243));
#12199=CARTESIAN_POINT('Origin',(22.393450402,-33.988923082,13.859288538));
#12200=CARTESIAN_POINT('',(16.45410955,-34.488872714,14.725343019));
#12201=CARTESIAN_POINT('',(16.45410955,-34.988822347,15.591397501));
#12202=CARTESIAN_POINT('',(16.45410955,-34.488872714,14.725343019));
#12203=CARTESIAN_POINT('',(16.45410955,-34.488872714,14.725343019));
#12204=CARTESIAN_POINT('',(28.332791254,-34.988822347,15.591397501));
#12205=CARTESIAN_POINT('Origin',(16.45410955,-30.299389724,15.989155521));
#12206=CARTESIAN_POINT('',(16.45410955,-33.1228686001107,14.3592381701918));
#12207=CARTESIAN_POINT('',(16.45410955,-28.7749925713708,16.8691484236423));
#12208=CARTESIAN_POINT('',(16.45410955,-33.1228686,14.35923817));
#12209=CARTESIAN_POINT('Origin',(16.45410955,-33.622818233,15.225292652));
#12210=CARTESIAN_POINT('',(16.45410955,-34.7325489520719,16.5476003801245));
#12211=CARTESIAN_POINT('Origin',(16.45410955,-34.38258421,15.941362243));
#12212=CARTESIAN_POINT('',(16.45410955,-33.8664944705234,17.0475500122455));
#12213=CARTESIAN_POINT('',(16.45410955,-34.732548952,16.54760038));
#12214=CARTESIAN_POINT('',(16.45410955,-33.766504544,16.874339117));
#12215=CARTESIAN_POINT('',(16.45410955,-33.866494471,17.047550013));
#12216=CARTESIAN_POINT('',(16.45410955,-34.632559026,16.374389484));
#12217=CARTESIAN_POINT('',(16.45410955,-33.766504544,16.874339117));
#12218=CARTESIAN_POINT('Origin',(16.45410955,-34.38258421,15.941362243));
#12219=CARTESIAN_POINT('',(16.45410955,-33.222858527113,14.5324490661958));
#12220=CARTESIAN_POINT('Origin',(16.45410955,-33.622818233,15.225292652));
#12221=CARTESIAN_POINT('',(16.45410955,-28.8749824976455,17.0423593202802));
#12222=CARTESIAN_POINT('',(16.45410955,-33.222858527,14.532449066));
#12223=CARTESIAN_POINT('',(16.45410955,-28.774992571,16.869148423));
#12224=CARTESIAN_POINT('Origin',(13.472755068,-28.774992571,16.869148423));
#12225=CARTESIAN_POINT('',(10.491400585,-28.8749824977693,17.0423593204579));
#12226=CARTESIAN_POINT('',(16.45410955,-28.874982497,17.04235932));
#12227=CARTESIAN_POINT('',(10.491400585,-28.7749925713905,16.8691484236765));
#12228=CARTESIAN_POINT('',(10.491400585,-28.774992571,16.869148423));
#12229=CARTESIAN_POINT('',(16.45410955,-28.774992571,16.869148423));
#12230=CARTESIAN_POINT('Origin',(10.491400585,-27.154645733,17.804530462));
#12231=CARTESIAN_POINT('',(10.491400585,-25.6342888215777,18.9131233966739));
#12232=CARTESIAN_POINT('',(10.491400585,-28.874982497,17.04235932));
#12233=CARTESIAN_POINT('',(10.491400585,-25.5342988954789,18.7399125008296));
#12234=CARTESIAN_POINT('',(10.491400585,-25.534298895,18.7399125));
#12235=CARTESIAN_POINT('',(10.491400585,-28.774992571,16.869148423));
#12236=CARTESIAN_POINT('Origin',(13.472755068,-25.534298895,18.7399125));
#12237=CARTESIAN_POINT('',(10.491400585,-25.634288821,18.913123396));
#12238=CARTESIAN_POINT('',(10.491400585,-25.534298895,18.7399125));
#12239=CARTESIAN_POINT('Origin',(-3.72E-7,-70.090404144,-6.981111894));
#12240=CARTESIAN_POINT('',(28.332791254,-33.1228686,14.35923817));
#12241=CARTESIAN_POINT('Origin',(17.45410955,-23.596269304,19.858684128));
#12242=CARTESIAN_POINT('Origin',(26.832791254,-24.029296544,19.608709311));
#12243=CARTESIAN_POINT('Origin',(-3.72E-7,-70.19039407,-6.807900997));
#12244=CARTESIAN_POINT('',(16.45410955,-33.222858527,14.532449066));
#12245=CARTESIAN_POINT('Origin',(26.832791254,-24.129286471,19.781920208));
#12246=CARTESIAN_POINT('Origin',(17.45410955,-23.69625923,20.031895024));
#12247=CARTESIAN_POINT('Origin',(26.832791254,-24.029296544,19.608709311));
#12248=CARTESIAN_POINT('Origin',(17.45410955,-23.596269304,19.858684128));
#12249=CARTESIAN_POINT('Origin',(119.999999628,-0.103360509,36.538086436));
#12250=CARTESIAN_POINT('',(16.45410955,-34.732548952,16.54760038));
#12251=CARTESIAN_POINT('',(28.332791254,-33.866494471,17.047550013));
#12252=CARTESIAN_POINT('Origin',(22.392791254,-33.766504544,16.874339117));
#12253=CARTESIAN_POINT('',(28.332791254,-34.632559026,16.374389484));
#12254=CARTESIAN_POINT('',(16.45410955,-33.766504544,16.874339117));
#12255=CARTESIAN_POINT('Origin',(119.999999628,-33.901490945,17.108173827));
#12256=CARTESIAN_POINT('Origin',(-3.72E-7,-33.622818233,15.225292652));
#12257=CARTESIAN_POINT('Origin',(22.382791254,-34.38258421,15.941362243));
#12258=CARTESIAN_POINT('Origin',(22.393450402,-34.38258421,15.941362243));
#12259=CARTESIAN_POINT('Origin',(22.393450402,-33.622818233,15.225292652));
#12260=CARTESIAN_POINT('Origin',(10.499999628,-24.395795054,18.473410301));
#12261=CARTESIAN_POINT('',(12.499999628,-24.8957446874348,19.3394647837532));
#12262=CARTESIAN_POINT('',(8.499999628,-24.8957446874294,19.3394647837438));
#12263=CARTESIAN_POINT('',(12.499999628,-24.895744687,19.339464783));
#12264=CARTESIAN_POINT('',(12.499999628,-24.3957950544546,18.4734103017875));
#12265=CARTESIAN_POINT('',(12.499999628,-24.395795054,18.473410301));
#12266=CARTESIAN_POINT('',(8.499999628,-24.3957950544887,18.4734103018466));
#12267=CARTESIAN_POINT('',(12.499999628,-24.395795054,18.473410301));
#12268=CARTESIAN_POINT('',(8.499999628,-24.395795054,18.473410301));
#12269=CARTESIAN_POINT('Origin',(12.499999628,-28.680458335,15.999991044));
#12270=CARTESIAN_POINT('',(12.499999628,-29.4858334393754,16.6897317316502));
#12271=CARTESIAN_POINT('',(12.499999628,-29.485833439,16.689731731));
#12272=CARTESIAN_POINT('',(12.499999628,-28.9858838063976,15.8236772496888));
#12273=CARTESIAN_POINT('',(12.499999628,-28.985883806,15.823677249));
#12274=CARTESIAN_POINT('',(12.499999628,-28.985883806,15.823677249));
#12275=CARTESIAN_POINT('Origin',(10.499999628,-28.985883806,15.823677249));
#12276=CARTESIAN_POINT('',(8.499999628,-29.4858334388334,16.6897317307115));
#12277=CARTESIAN_POINT('',(8.499999628,-29.485833439,16.689731731));
#12278=CARTESIAN_POINT('',(8.499999628,-28.9858838058409,15.8236772487243));
#12279=CARTESIAN_POINT('',(8.499999628,-28.985883806,15.823677249));
#12280=CARTESIAN_POINT('',(8.499999628,-28.985883806,15.823677249));
#12281=CARTESIAN_POINT('Origin',(8.499999628,-26.69083943,17.148543775));
#12282=CARTESIAN_POINT('',(8.499999628,-24.895744687,19.339464783));
#12283=CARTESIAN_POINT('',(8.499999628,-24.395795054,18.473410301));
#12284=CARTESIAN_POINT('Origin',(-3.72E-7,-69.690444438,-7.673955479));
#12285=CARTESIAN_POINT('Origin',(-3.72E-7,-70.19039407,-6.807900997));
#12286=CARTESIAN_POINT('Origin',(25.750148026,-26.442928515,17.291655985));
#12287=CARTESIAN_POINT('',(25.750148026,-29.6276470405736,16.6078666066029));
#12288=CARTESIAN_POINT('',(25.750148026,-24.2581092556593,19.7075543282565));
#12289=CARTESIAN_POINT('',(25.750148026,-29.62764704,16.607866606));
#12290=CARTESIAN_POINT('',(25.750148026,-29.1276974083658,15.7418121256337));
#12291=CARTESIAN_POINT('',(25.750148026,-29.127697408,15.741812125));
#12292=CARTESIAN_POINT('',(25.750148026,-23.7581596234843,18.841499846839));
#12293=CARTESIAN_POINT('',(25.750148026,-29.127697408,15.741812125));
#12294=CARTESIAN_POINT('',(25.750148026,-23.758159623,18.841499846));
#12295=CARTESIAN_POINT('Origin',(22.650148026,-29.127697408,15.741812125));
#12296=CARTESIAN_POINT('',(19.550148026,-29.627647040164,16.6078666059098));
#12297=CARTESIAN_POINT('',(19.550148026,-29.62764704,16.607866606));
#12298=CARTESIAN_POINT('',(19.550148026,-29.1276974077806,15.7418121246199));
#12299=CARTESIAN_POINT('',(19.550148026,-29.127697408,15.741812125));
#12300=CARTESIAN_POINT('',(19.550148026,-29.127697408,15.741812125));
#12301=CARTESIAN_POINT('Origin',(19.550148026,-26.442928515,17.291655985));
#12302=CARTESIAN_POINT('',(19.550148026,-24.2581092558292,19.7075543285121));
#12303=CARTESIAN_POINT('',(19.550148026,-24.258109255,19.707554328));
#12304=CARTESIAN_POINT('',(19.550148026,-23.758159623429,18.8414998467431));
#12305=CARTESIAN_POINT('',(19.550148026,-23.758159623,18.841499846));
#12306=CARTESIAN_POINT('',(19.550148026,-23.758159623,18.841499846));
#12307=CARTESIAN_POINT('Origin',(22.650148026,-23.758159623,18.841499846));
#12308=CARTESIAN_POINT('',(25.750148026,-24.258109255,19.707554328));
#12309=CARTESIAN_POINT('',(25.750148026,-23.758159623,18.841499846));
#12310=CARTESIAN_POINT('Origin',(-3.72E-7,-69.690444438,-7.673955479));
#12311=CARTESIAN_POINT('Origin',(-3.72E-7,-70.19039407,-6.807900997));
#12312=CARTESIAN_POINT('Origin',(-17.207865595,-35.26556612,16.47083646));
#12313=CARTESIAN_POINT('',(-16.000000372,-34.81561145,15.691387427));
#12314=CARTESIAN_POINT('',(-16.000000372,-34.315661818,14.825332946));
#12315=CARTESIAN_POINT('',(-16.000000372,-34.81561145,15.691387427));
#12316=CARTESIAN_POINT('',(-18.415730819,-34.315661818,14.825332946));
#12317=CARTESIAN_POINT('',(-16.000000372,-34.315661818,14.825332946));
#12318=CARTESIAN_POINT('',(-18.415730819,-34.81561145,15.691387427));
#12319=CARTESIAN_POINT('',(-18.415730819,-34.81561145,15.691387427));
#12320=CARTESIAN_POINT('',(-18.415730819,-34.81561145,15.691387427));
#12321=CARTESIAN_POINT('Origin',(-16.000000372,-32.639846396,14.522607538));
#12322=CARTESIAN_POINT('',(-16.000000372,-34.488872714,14.725343019));
#12323=CARTESIAN_POINT('',(-16.000000372,-34.988822347,15.591397501));
#12324=CARTESIAN_POINT('',(-16.000000372,-34.488872714,14.725343019));
#12325=CARTESIAN_POINT('',(-16.000000372,-33.1228686001107,14.3592381701918));
#12326=CARTESIAN_POINT('Origin',(-16.000000372,-33.622818233,15.225292652));
#12327=CARTESIAN_POINT('',(-16.000000372,-27.6537345495093,17.5164200998727));
#12328=CARTESIAN_POINT('',(-16.000000372,-33.1228686,14.35923817));
#12329=CARTESIAN_POINT('',(-16.000000372,-27.7537244762728,17.6896309965106));
#12330=CARTESIAN_POINT('',(-16.000000372,-27.653734549,17.516420099));
#12331=CARTESIAN_POINT('',(-16.000000372,-33.222858527113,14.5324490661958));
#12332=CARTESIAN_POINT('',(-16.000000372,-33.222858527,14.532449066));
#12333=CARTESIAN_POINT('Origin',(-16.000000372,-33.622818233,15.225292652));
#12334=CARTESIAN_POINT('',(-16.000000372,-34.632559026,16.374389484));
#12335=CARTESIAN_POINT('Origin',(-16.000000372,-34.38258421,15.941362243));
#12336=CARTESIAN_POINT('',(-16.000000372,-33.5066882,17.024324006));
#12337=CARTESIAN_POINT('',(-16.000000372,-33.5066882,17.024324006));
#12338=CARTESIAN_POINT('',(-16.000000372,-33.6066781260605,17.1975349022037));
#12339=CARTESIAN_POINT('',(-16.000000372,-33.5066882,17.024324006));
#12340=CARTESIAN_POINT('',(-16.000000372,-34.7325489521363,16.5476003802361));
#12341=CARTESIAN_POINT('',(-16.000000372,-33.606678126,17.197534903));
#12342=CARTESIAN_POINT('Origin',(-16.000000372,-34.38258421,15.941362243));
#12343=CARTESIAN_POINT('Origin',(-17.207865595,-33.938928118,13.772683089));
#12344=CARTESIAN_POINT('',(-18.415730819,-34.488872714,14.725343019));
#12345=CARTESIAN_POINT('',(-18.415730819,-34.988822347,15.591397501));
#12346=CARTESIAN_POINT('',(-18.415730819,-34.488872714,14.725343019));
#12347=CARTESIAN_POINT('',(-18.415730819,-34.488872714,14.725343019));
#12348=CARTESIAN_POINT('',(-16.000000372,-34.988822347,15.591397501));
#12349=CARTESIAN_POINT('Origin',(-18.415730819,-32.639846396,14.522607538));
#12350=CARTESIAN_POINT('',(-18.415730819,-27.6537345494263,17.51642009971));
#12351=CARTESIAN_POINT('',(-18.415730819,-33.1228685998565,14.3592381697515));
#12352=CARTESIAN_POINT('',(-18.415730819,-27.653734549,17.516420099));
#12353=CARTESIAN_POINT('Origin',(-18.415730819,-33.622818233,15.225292652));
#12354=CARTESIAN_POINT('',(-18.415730819,-34.7325489520719,16.5476003801245));
#12355=CARTESIAN_POINT('Origin',(-18.415730819,-34.38258421,15.941362243));
#12356=CARTESIAN_POINT('',(-18.415730819,-33.6066781256592,17.197534902237));
#12357=CARTESIAN_POINT('',(-18.415730819,-34.732548952,16.54760038));
#12358=CARTESIAN_POINT('',(-18.415730819,-33.5066882,17.024324006));
#12359=CARTESIAN_POINT('',(-18.415730819,-33.606678126,17.197534903));
#12360=CARTESIAN_POINT('',(-18.415730819,-34.632559026,16.374389484));
#12361=CARTESIAN_POINT('',(-18.415730819,-33.5066882,17.024324006));
#12362=CARTESIAN_POINT('Origin',(-18.415730819,-34.38258421,15.941362243));
#12363=CARTESIAN_POINT('',(-18.415730819,-33.2228585270031,14.5324490660054));
#12364=CARTESIAN_POINT('Origin',(-18.415730819,-33.622818233,15.225292652));
#12365=CARTESIAN_POINT('',(-18.415730819,-27.7537244763826,17.6896309966838));
#12366=CARTESIAN_POINT('',(-18.415730819,-27.753724476,17.689630996));
#12367=CARTESIAN_POINT('',(-18.415730819,-27.653734549,17.516420099));
#12368=CARTESIAN_POINT('Origin',(-17.207865595,-27.603739586,17.429814651));
#12369=CARTESIAN_POINT('',(-16.000000372,-27.753724476,17.689630996));
#12370=CARTESIAN_POINT('',(-16.000000372,-27.653734549,17.516420099));
#12371=CARTESIAN_POINT('Origin',(-3.72E-7,-70.090404144,-6.981111894));
#12372=CARTESIAN_POINT('',(-16.000000372,-33.1228686,14.35923817));
#12373=CARTESIAN_POINT('Origin',(-3.72E-7,-70.19039407,-6.807900997));
#12374=CARTESIAN_POINT('',(-18.415730819,-33.222858527,14.532449066));
#12375=CARTESIAN_POINT('Origin',(119.999999628,-0.103360509,36.538086436));
#12376=CARTESIAN_POINT('',(-18.415730819,-34.732548952,16.54760038));
#12377=CARTESIAN_POINT('',(-16.000000372,-33.606678126,17.197534903));
#12378=CARTESIAN_POINT('Origin',(-17.215000372,-34.416045406,16.499376892));
#12379=CARTESIAN_POINT('',(-16.000000372,-34.632559026,16.374389484));
#12380=CARTESIAN_POINT('',(-18.415730819,-33.5066882,17.024324006));
#12381=CARTESIAN_POINT('Origin',(119.999999628,-33.641674601,17.258158716));
#12382=CARTESIAN_POINT('Origin',(-17.207865595,-34.38258421,15.941362243));
#12383=CARTESIAN_POINT('Origin',(-17.207865595,-34.38258421,15.941362243));
#12384=CARTESIAN_POINT('Origin',(-3.72E-7,-33.622818233,15.225292652));
#12385=CARTESIAN_POINT('Origin',(-17.207865595,-33.622818233,15.225292652));
#12386=CARTESIAN_POINT('Origin',(-3.72E-7,1.292857097,32.119240275));
#12387=CARTESIAN_POINT('',(-7.745000372,0.903214138,31.894310022));
#12388=CARTESIAN_POINT('',(-7.745000372,-1.69494930712841,30.3944611235521));
#12389=CARTESIAN_POINT('',(-7.745000372,0.903214138,31.894310022));
#12390=CARTESIAN_POINT('',(7.754999628,-1.69494930712841,30.3944611235521));
#12391=CARTESIAN_POINT('',(-7.745000372,-1.694949307,30.394461124));
#12392=CARTESIAN_POINT('',(7.754999628,0.903214138,31.894310022));
#12393=CARTESIAN_POINT('',(7.754999628,0.903214138,31.894310022));
#12394=CARTESIAN_POINT('',(7.754999628,0.903214138,31.894310022));
#12395=CARTESIAN_POINT('Origin',(7.754999628,6.059149982,29.328314675));
#12396=CARTESIAN_POINT('',(7.754999628,1.15683032,33.455176394));
#12397=CARTESIAN_POINT('',(7.754999628,1.369308913,33.087103239));
#12398=CARTESIAN_POINT('',(7.754999628,1.15683032,33.455176394));
#12399=CARTESIAN_POINT('',(7.754999628,-0.209173794116894,33.8212812432025));
#12400=CARTESIAN_POINT('Origin',(7.754999628,0.290775838,32.955226762));
#12401=CARTESIAN_POINT('',(7.754999628,-21.6311129519048,21.4549800001029));
#12402=CARTESIAN_POINT('',(7.754999628,-0.209173794,33.821281243));
#12403=CARTESIAN_POINT('',(7.754999628,-21.5311230252879,21.2817691037011));
#12404=CARTESIAN_POINT('',(7.754999628,-21.631112953,21.454980002));
#12405=CARTESIAN_POINT('',(7.754999628,-0.109183868031325,33.6480703470543));
#12406=CARTESIAN_POINT('',(7.754999628,-0.109183868,33.648070347));
#12407=CARTESIAN_POINT('',(7.754999628,0.983619423,33.355186468));
#12408=CARTESIAN_POINT('Origin',(7.754999628,0.290775838,32.955226762));
#12409=CARTESIAN_POINT('',(7.754999628,1.196098017,32.987113313));
#12410=CARTESIAN_POINT('',(7.754999628,0.983619423,33.355186468));
#12411=CARTESIAN_POINT('Origin',(7.754999628,0.503254432,32.587153607));
#12412=CARTESIAN_POINT('',(7.754999628,-1.74494427025786,30.4810665716698));
#12413=CARTESIAN_POINT('',(7.754999628,-1.74494427,30.481066572));
#12414=CARTESIAN_POINT('',(7.754999628,-5.20916219607038,28.4812680414962));
#12415=CARTESIAN_POINT('',(7.754999628,-1.74494427,30.481066572));
#12416=CARTESIAN_POINT('',(7.754999628,-5.05917730581661,28.2214516973878));
#12417=CARTESIAN_POINT('',(7.754999628,-5.059177306,28.221451698));
#12418=CARTESIAN_POINT('',(7.754999628,1.003204064,31.721099125));
#12419=CARTESIAN_POINT('',(7.754999628,1.003204064,31.721099125));
#12420=CARTESIAN_POINT('Origin',(7.754999628,0.503254432,32.587153607));
#12421=CARTESIAN_POINT('Origin',(-0.220000372,-2.759408997,24.237601083));
#12422=CARTESIAN_POINT('',(-7.745000372,-5.20916219607038,28.4812680414962));
#12423=CARTESIAN_POINT('',(7.754999628,-5.209162196,28.481268042));
#12424=CARTESIAN_POINT('',(-7.745000372,-5.05917730581661,28.2214516973878));
#12425=CARTESIAN_POINT('',(-7.745000372,-5.059177306,28.221451698));
#12426=CARTESIAN_POINT('',(7.754999628,-5.059177306,28.221451698));
#12427=CARTESIAN_POINT('Origin',(-7.745000372,6.059149982,29.328314675));
#12428=CARTESIAN_POINT('',(-7.745000372,-0.209173794116894,33.8212812432025));
#12429=CARTESIAN_POINT('',(-7.745000372,-21.6311129518765,21.4549800001192));
#12430=CARTESIAN_POINT('',(-7.745000372,-0.209173794,33.821281243));
#12431=CARTESIAN_POINT('',(-7.745000372,1.15683032,33.455176394));
#12432=CARTESIAN_POINT('Origin',(-7.745000372,0.290775838,32.955226762));
#12433=CARTESIAN_POINT('',(-7.745000372,1.369308913,33.087103239));
#12434=CARTESIAN_POINT('',(-7.745000372,1.15683032,33.455176394));
#12435=CARTESIAN_POINT('',(-7.745000372,1.003204064,31.721099125));
#12436=CARTESIAN_POINT('Origin',(-7.745000372,0.503254432,32.587153607));
#12437=CARTESIAN_POINT('',(-7.745000372,1.003204064,31.721099125));
#12438=CARTESIAN_POINT('',(-7.745000372,-1.74494427025786,30.4810665716698));
#12439=CARTESIAN_POINT('',(-7.745000372,-5.209162196,28.481268042));
#12440=CARTESIAN_POINT('',(-7.745000372,-1.74494427,30.481066572));
#12441=CARTESIAN_POINT('',(-7.745000372,1.196098017,32.987113313));
#12442=CARTESIAN_POINT('Origin',(-7.745000372,0.503254432,32.587153607));
#12443=CARTESIAN_POINT('',(-7.745000372,0.983619423,33.355186468));
#12444=CARTESIAN_POINT('',(-7.745000372,0.983619423,33.355186468));
#12445=CARTESIAN_POINT('',(-7.745000372,-0.109183868031326,33.6480703470543));
#12446=CARTESIAN_POINT('Origin',(-7.745000372,0.290775838,32.955226762));
#12447=CARTESIAN_POINT('',(-7.745000372,-21.5311230252596,21.2817691037175));
#12448=CARTESIAN_POINT('',(-7.745000372,-0.109183868,33.648070347));
#12449=CARTESIAN_POINT('',(-7.745000372,-21.531123026,21.281769105));
#12450=CARTESIAN_POINT('Origin',(-0.220000372,4.169026856,28.237198143));
#12451=CARTESIAN_POINT('',(-7.745000372,1.15683032,33.455176394));
#12452=CARTESIAN_POINT('',(7.754999628,1.369308913,33.087103239));
#12453=CARTESIAN_POINT('Origin',(-3.72E-7,1.392847023,31.946029379));
#12454=CARTESIAN_POINT('',(-7.745000372,1.003204064,31.721099125));
#12455=CARTESIAN_POINT('Origin',(0.004999628,0.346183642,34.459405931));
#12456=CARTESIAN_POINT('',(7.754999628,0.983619423,33.355186468));
#12457=CARTESIAN_POINT('',(-7.745000372,1.196098017,32.987113313));
#12458=CARTESIAN_POINT('Origin',(-3.72E-7,-70.19039407,-6.807900997));
#12459=CARTESIAN_POINT('',(13.332791254,-33.2228585270274,14.5324490660475));
#12460=CARTESIAN_POINT('',(13.332791254,-31.9237768047303,15.2823735156819));
#12461=CARTESIAN_POINT('',(13.332791254,-33.222858527,14.532449066));
#12462=CARTESIAN_POINT('',(-13.405000372,-33.2228585269553,14.5324490659225));
#12463=CARTESIAN_POINT('',(13.332791254,-33.222858527,14.532449066));
#12464=CARTESIAN_POINT('',(-13.405000372,-31.9237768046341,15.2823735155153));
#12465=CARTESIAN_POINT('',(-13.405000372,-31.923776804,15.282373515));
#12466=CARTESIAN_POINT('',(-18.405000372,-31.9237768045886,15.2823735155759));
#12467=CARTESIAN_POINT('',(-18.405000372,-31.923776804,15.282373515));
#12468=CARTESIAN_POINT('',(-19.905000372,-30.6246950823786,16.0322979646559));
#12469=CARTESIAN_POINT('Origin',(-18.405000372,-30.624695082,16.032297964));
#12470=CARTESIAN_POINT('',(-19.905000372,-24.129286471195,19.7819202087877));
#12471=CARTESIAN_POINT('',(-19.905000372,-30.624695082,16.032297964));
#12472=CARTESIAN_POINT('',(-18.405000372,-22.8302047493723,20.5318446577244));
#12473=CARTESIAN_POINT('Origin',(-18.405000372,-24.129286471,19.781920208));
#12474=CARTESIAN_POINT('',(-9.245000372,-22.8302047486643,20.5318446567962));
#12475=CARTESIAN_POINT('',(-9.245000372,-22.830204749,20.531844657));
#12476=CARTESIAN_POINT('Origin',(-9.245000372,-21.531123026,21.281769105));
#12477=CARTESIAN_POINT('',(-7.745000372,-0.109183868,33.648070347));
#12478=CARTESIAN_POINT('',(9.254999628,-22.8302047487565,20.5318446567429));
#12479=CARTESIAN_POINT('Origin',(9.254999628,-21.531123026,21.281769105));
#12480=CARTESIAN_POINT('',(26.832791254,-22.83020474928,20.5318446577777));
#12481=CARTESIAN_POINT('',(9.254999628,-22.830204749,20.531844657));
#12482=CARTESIAN_POINT('',(28.332791254,-24.1292864713737,19.7819202086473));
#12483=CARTESIAN_POINT('Origin',(26.832791254,-24.129286471,19.781920208));
#12484=CARTESIAN_POINT('',(28.332791254,-31.9237768046341,15.2823735155153));
#12485=CARTESIAN_POINT('',(28.332791254,-31.923776804,15.282373515));
#12486=CARTESIAN_POINT('',(13.332791254,-31.923776804,15.282373515));
#12487=CARTESIAN_POINT('Origin',(13.332791254,-32.889821212,14.955634779));
#12488=CARTESIAN_POINT('',(13.332791254,-34.988822347,15.591397501));
#12489=CARTESIAN_POINT('',(13.332791254,-34.588862641,14.898553915));
#12490=CARTESIAN_POINT('',(13.332791254,-34.988822347,15.591397501));
#12491=CARTESIAN_POINT('Origin',(13.332791254,-33.722808159,15.398503548));
#12492=CARTESIAN_POINT('',(13.332791254,-32.0237667313196,15.4555844115536));
#12493=CARTESIAN_POINT('',(13.332791254,-32.023766731,15.455584411));
#12494=CARTESIAN_POINT('',(13.332791254,-33.3228484529687,14.7056599629457));
#12495=CARTESIAN_POINT('',(13.332791254,-33.322848453,14.705659963));
#12496=CARTESIAN_POINT('',(13.332791254,-34.415651744,14.998543842));
#12497=CARTESIAN_POINT('Origin',(13.332791254,-33.722808159,15.398503548));
#12498=CARTESIAN_POINT('',(13.332791254,-35.06053575,16.115665741));
#12499=CARTESIAN_POINT('',(13.332791254,-35.06053575,16.115665741));
#12500=CARTESIAN_POINT('Origin',(13.332791254,-34.38258421,15.941362243));
#12501=CARTESIAN_POINT('Origin',(-0.036104559,-34.188902935,14.20571033));
#12502=CARTESIAN_POINT('',(-13.405000372,-34.988822347,15.591397501));
#12503=CARTESIAN_POINT('',(-13.405000372,-34.588862641,14.898553915));
#12504=CARTESIAN_POINT('',(-13.405000372,-34.988822347,15.591397501));
#12505=CARTESIAN_POINT('',(-13.405000372,-34.588862641,14.898553915));
#12506=CARTESIAN_POINT('',(13.332791254,-34.988822347,15.591397501));
#12507=CARTESIAN_POINT('Origin',(-13.405000372,-32.889821212,14.955634779));
#12508=CARTESIAN_POINT('Origin',(-13.405000372,-33.722808159,15.398503548));
#12509=CARTESIAN_POINT('',(-13.405000372,-34.7325489521019,16.5476003801765));
#12510=CARTESIAN_POINT('Origin',(-13.405000372,-34.38258421,15.941362243));
#12511=CARTESIAN_POINT('',(-13.405000372,-33.6932835744385,17.1475399385841));
#12512=CARTESIAN_POINT('',(-13.405000372,-33.693283575,17.147539939));
#12513=CARTESIAN_POINT('',(-13.405000372,-33.593293648,16.974329043));
#12514=CARTESIAN_POINT('',(-13.405000372,-33.593293648,16.974329043));
#12515=CARTESIAN_POINT('',(-13.405000372,-34.632559026,16.374389484));
#12516=CARTESIAN_POINT('',(-13.405000372,-33.593293648,16.974329043));
#12517=CARTESIAN_POINT('',(-13.405000372,-34.81561145,15.691387427));
#12518=CARTESIAN_POINT('Origin',(-13.405000372,-34.38258421,15.941362243));
#12519=CARTESIAN_POINT('',(-13.405000372,-34.415651744,14.998543842));
#12520=CARTESIAN_POINT('',(-13.405000372,-34.81561145,15.691387427));
#12521=CARTESIAN_POINT('',(-13.405000372,-33.3228484528355,14.705659962715));
#12522=CARTESIAN_POINT('Origin',(-13.405000372,-33.722808159,15.398503548));
#12523=CARTESIAN_POINT('',(-13.405000372,-32.0237667313816,15.455584411661));
#12524=CARTESIAN_POINT('',(-13.405000372,-32.023766731,15.455584411));
#12525=CARTESIAN_POINT('',(-13.405000372,-32.023766731,15.455584411));
#12526=CARTESIAN_POINT('Origin',(-16.655000372,-32.023766731,15.455584411));
#12527=CARTESIAN_POINT('',(-18.405000372,-32.0237667314309,15.4555844116669));
#12528=CARTESIAN_POINT('',(-18.405000372,-32.023766731,15.455584411));
#12529=CARTESIAN_POINT('',(-18.405000372,-32.023766731,15.455584411));
#12530=CARTESIAN_POINT('Origin',(-19.905000372,-27.476980703,18.080319982));
#12531=CARTESIAN_POINT('',(-19.905000372,-30.7246850091157,16.2055088608076));
#12532=CARTESIAN_POINT('',(-19.905000372,-24.2292763975176,19.9551311048966));
#12533=CARTESIAN_POINT('',(-19.905000372,-30.724685009,16.20550886));
#12534=CARTESIAN_POINT('',(-19.905000372,-24.229276397,19.955131104));
#12535=CARTESIAN_POINT('',(-19.905000372,-30.624695082,16.032297964));
#12536=CARTESIAN_POINT('Origin',(-13.825000372,-22.930194675,20.705055553));
#12537=CARTESIAN_POINT('',(-9.245000372,-22.9301946754932,20.7050555537748));
#12538=CARTESIAN_POINT('',(-18.405000372,-22.9301946754869,20.7050555537098));
#12539=CARTESIAN_POINT('',(-9.245000372,-22.930194675,20.705055553));
#12540=CARTESIAN_POINT('',(-9.245000372,-22.930194675,20.705055553));
#12541=CARTESIAN_POINT('',(-18.405000372,-22.830204749,20.531844657));
#12542=CARTESIAN_POINT('Origin',(7.575707149,-22.930194675,20.705055553));
#12543=CARTESIAN_POINT('',(9.254999628,-22.9301946755854,20.7050555537216));
#12544=CARTESIAN_POINT('',(26.832791254,-22.9301946753946,20.705055553763));
#12545=CARTESIAN_POINT('',(9.254999628,-22.930194675,20.705055553));
#12546=CARTESIAN_POINT('',(26.832791254,-22.930194675,20.705055553));
#12547=CARTESIAN_POINT('',(9.254999628,-22.830204749,20.531844657));
#12548=CARTESIAN_POINT('Origin',(28.332791254,-27.476980703,18.080319982));
#12549=CARTESIAN_POINT('',(28.332791254,-24.2292763976963,19.9551311047562));
#12550=CARTESIAN_POINT('',(28.332791254,-24.129286471,19.781920208));
#12551=CARTESIAN_POINT('',(28.332791254,-32.0237667313816,15.455584411661));
#12552=CARTESIAN_POINT('',(28.332791254,-32.023766731,15.455584411));
#12553=CARTESIAN_POINT('',(28.332791254,-32.023766731,15.455584411));
#12554=CARTESIAN_POINT('Origin',(20.832791254,-32.023766731,15.455584411));
#12555=CARTESIAN_POINT('',(13.332791254,-32.023766731,15.455584411));
#12556=CARTESIAN_POINT('Origin',(-3.72E-7,-70.290383997,-6.634690101));
#12557=CARTESIAN_POINT('',(-13.405000372,-33.322848453,14.705659963));
#12558=CARTESIAN_POINT('Origin',(26.832791254,-24.229276397,19.955131104));
#12559=CARTESIAN_POINT('Origin',(9.254999628,-21.631112953,21.454980002));
#12560=CARTESIAN_POINT('',(7.754999628,-0.209173794,33.821281243));
#12561=CARTESIAN_POINT('Origin',(-9.245000372,-21.631112953,21.454980002));
#12562=CARTESIAN_POINT('Origin',(-18.405000372,-24.229276397,19.955131104));
#12563=CARTESIAN_POINT('Origin',(-18.405000372,-30.724685009,16.20550886));
#12564=CARTESIAN_POINT('Origin',(-18.405000372,-30.724685009,16.20550886));
#12565=CARTESIAN_POINT('Origin',(-18.405000372,-24.229276397,19.955131104));
#12566=CARTESIAN_POINT('Origin',(-9.245000372,-21.631112953,21.454980002));
#12567=CARTESIAN_POINT('Origin',(9.254999628,-21.631112953,21.454980002));
#12568=CARTESIAN_POINT('Origin',(26.832791254,-24.229276397,19.955131104));
#12569=CARTESIAN_POINT('Origin',(-3.72E-7,0.503254432,32.587153607));
#12570=CARTESIAN_POINT('Origin',(-0.220000372,0.503254432,32.587153607));
#12571=CARTESIAN_POINT('Origin',(0.004999628,0.504829076,26.583821405));
#12572=CARTESIAN_POINT('',(-7.745000372,-1.74494427,30.481066572));
#12573=CARTESIAN_POINT('Origin',(-3.72E-7,1.242862133,32.205845723));
#12574=CARTESIAN_POINT('Origin',(0.004999628,0.290775838,32.955226762));
#12575=CARTESIAN_POINT('Origin',(-0.220000372,0.290775838,32.955226762));
#12576=CARTESIAN_POINT('Origin',(-0.067208746,-35.015591303,16.03780922));
#12577=CARTESIAN_POINT('',(13.332791254,-34.415651744,14.998543842));
#12578=CARTESIAN_POINT('',(13.294999628,-34.81561145,15.691387427));
#12579=CARTESIAN_POINT('',(-13.405000372,-34.81561145,15.691387427));
#12580=CARTESIAN_POINT('',(13.294999628,-35.06053575,16.115665741));
#12581=CARTESIAN_POINT('',(13.294999628,-35.06053575,16.115665741));
#12582=CARTESIAN_POINT('',(13.294999628,-35.06053575,16.115665741));
#12583=CARTESIAN_POINT('Origin',(119.999999628,-0.103360509,36.538086436));
#12584=CARTESIAN_POINT('',(13.294999628,-34.7325489521019,16.5476003801765));
#12585=CARTESIAN_POINT('',(-13.405000372,-34.732548952,16.54760038));
#12586=CARTESIAN_POINT('',(13.294999628,-33.6932835746488,17.1475399384626));
#12587=CARTESIAN_POINT('',(13.294999628,-33.693283575,17.147539939));
#12588=CARTESIAN_POINT('',(-13.405000372,-33.693283575,17.147539939));
#12589=CARTESIAN_POINT('Origin',(13.294999628,-33.643288611,17.060934491));
#12590=CARTESIAN_POINT('Origin',(13.294999628,-34.38258421,15.941362243));
#12591=CARTESIAN_POINT('',(13.294999628,-34.632559026,16.374389484));
#12592=CARTESIAN_POINT('Origin',(13.294999628,-34.38258421,15.941362243));
#12593=CARTESIAN_POINT('',(13.294999628,-33.593293648,16.974329043));
#12594=CARTESIAN_POINT('',(13.294999628,-33.593293648,16.974329043));
#12595=CARTESIAN_POINT('',(13.294999628,-33.693283575,17.147539939));
#12596=CARTESIAN_POINT('Origin',(-0.055000372,-33.593293648,16.974329043));
#12597=CARTESIAN_POINT('',(13.294999628,-34.632559026,16.374389484));
#12598=CARTESIAN_POINT('',(13.294999628,-33.593293648,16.974329043));
#12599=CARTESIAN_POINT('Origin',(119.999999628,-33.728280049,17.208163753));
#12600=CARTESIAN_POINT('Origin',(-0.055000372,-34.38258421,15.941362243));
#12601=CARTESIAN_POINT('Origin',(-0.036104559,-34.38258421,15.941362243));
#12602=CARTESIAN_POINT('Origin',(-3.72E-7,-33.722808159,15.398503548));
#12603=CARTESIAN_POINT('Origin',(-0.036104559,-33.722808159,15.398503548));
#12604=CARTESIAN_POINT('Origin',(-6.000000372,-27.331722931,17.355910094));
#12605=CARTESIAN_POINT('',(-6.000000372,-28.2757254993873,17.3882940417423));
#12606=CARTESIAN_POINT('',(-6.000000372,-26.8876699944003,18.1895806282506));
#12607=CARTESIAN_POINT('',(-6.000000372,-28.275725499,17.388294041));
#12608=CARTESIAN_POINT('',(-6.000000372,-28.0257506833796,16.9552668016576));
#12609=CARTESIAN_POINT('',(-6.000000372,-28.025750683,16.955266801));
#12610=CARTESIAN_POINT('',(-6.000000372,-26.637695178417,17.7565533877224));
#12611=CARTESIAN_POINT('',(-6.000000372,-28.025750683,16.955266801));
#12612=CARTESIAN_POINT('',(-6.000000372,-26.637695178,17.756553387));
#12613=CARTESIAN_POINT('Origin',(-7.655010905,-28.025750683,16.955266801));
#12614=CARTESIAN_POINT('',(-9.310021437,-28.2757254993272,17.3882940416382));
#12615=CARTESIAN_POINT('',(-9.310021437,-28.275725499,17.388294041));
#12616=CARTESIAN_POINT('',(-9.310021437,-28.0257506828529,16.9552668007453));
#12617=CARTESIAN_POINT('',(-9.310021437,-28.025750683,16.955266801));
#12618=CARTESIAN_POINT('',(-9.310021437,-28.025750683,16.955266801));
#12619=CARTESIAN_POINT('Origin',(-9.310021437,-27.331722931,17.355910094));
#12620=CARTESIAN_POINT('',(-9.310021437,-26.8876699946304,18.1895806286299));
#12621=CARTESIAN_POINT('',(-9.310021437,-26.887669994,18.189580628));
#12622=CARTESIAN_POINT('',(-9.310021437,-26.6376951784303,17.7565533877454));
#12623=CARTESIAN_POINT('',(-9.310021437,-26.637695178,17.756553387));
#12624=CARTESIAN_POINT('',(-9.310021437,-26.637695178,17.756553387));
#12625=CARTESIAN_POINT('Origin',(-7.655010905,-26.637695178,17.756553387));
#12626=CARTESIAN_POINT('',(-6.000000372,-26.887669994,18.189580628));
#12627=CARTESIAN_POINT('',(-6.000000372,-26.637695178,17.756553387));
#12628=CARTESIAN_POINT('Origin',(-3.72E-7,-69.940419254,-7.240928238));
#12629=CARTESIAN_POINT('Origin',(-3.72E-7,-70.19039407,-6.807900997));
#12630=CARTESIAN_POINT('Origin',(-3.72E-7,-0.753295031,37.663957262));
#12631=CARTESIAN_POINT('',(-41.385000372,-33.4771636126667,18.773360393958));
#12632=CARTESIAN_POINT('',(-37.785000372,-36.5949597487407,16.973541720853));
#12633=CARTESIAN_POINT('Origin',(-37.785000372,-33.477163615,18.773360398));
#12634=CARTESIAN_POINT('',(37.784999628,-36.5949597487407,16.973541720853));
#12635=CARTESIAN_POINT('',(-37.785000372,-36.594959749,16.973541721));
#12636=CARTESIAN_POINT('',(41.384999628,-33.4771636150447,18.7733603980465));
#12637=CARTESIAN_POINT('Origin',(37.784999628,-33.477163615,18.773360398));
#12638=CARTESIAN_POINT('',(41.384999628,31.9705735507036,56.554554130947));
#12639=CARTESIAN_POINT('',(41.384999628,-33.477163615,18.773360398));
#12640=CARTESIAN_POINT('',(37.784999628,35.0883696860114,58.3543728042556));
#12641=CARTESIAN_POINT('Origin',(37.784999628,31.970573553,56.554554127));
#12642=CARTESIAN_POINT('',(-37.785000372,35.0883696860114,58.3543728042556));
#12643=CARTESIAN_POINT('',(37.784999628,35.088369686,58.354372804));
#12644=CARTESIAN_POINT('',(-41.385000372,31.9705735529553,56.5545541270465));
#12645=CARTESIAN_POINT('Origin',(-37.785000372,31.970573553,56.554554127));
#12646=CARTESIAN_POINT('',(-41.385000372,31.970573553,56.554554127));
#12647=CARTESIAN_POINT('',(35.964999628,31.7973626559729,56.4545642005594));
#12648=CARTESIAN_POINT('',(35.964999628,-30.4979361960579,20.4931871284517));
#12649=CARTESIAN_POINT('',(35.964999628,31.797362656,56.4545642));
#12650=CARTESIAN_POINT('',(-35.965000372,-30.4979361988655,20.493187133366));
#12651=CARTESIAN_POINT('',(35.964999628,-30.497936199,20.493187134));
#12652=CARTESIAN_POINT('',(-35.965000372,31.7973626530219,56.4545642056715));
#12653=CARTESIAN_POINT('',(-35.965000372,-30.497936199,20.493187134));
#12654=CARTESIAN_POINT('',(-35.965000372,31.797362656,56.4545642));
#12655=CARTESIAN_POINT('Origin',(42.184999628,-0.753295031,37.663957262));
#12656=CARTESIAN_POINT('',(42.184999628,32.5855115977506,55.4893071206288));
#12657=CARTESIAN_POINT('',(42.184999628,32.370533259,55.861710542));
#12658=CARTESIAN_POINT('',(42.184999628,32.585511601,55.489307115));
#12659=CARTESIAN_POINT('',(42.184999628,-33.0772039060447,18.0805168078806));
#12660=CARTESIAN_POINT('',(42.184999628,32.370533259,55.861710542));
#12661=CARTESIAN_POINT('',(42.184999628,-32.8622255666629,17.7081133854545));
#12662=CARTESIAN_POINT('',(42.184999628,-33.077203909,18.080516813));
#12663=CARTESIAN_POINT('',(42.184999628,-32.862225567,17.708113386));
#12664=CARTESIAN_POINT('Origin',(-3.72E-7,-37.287803334,16.573582015));
#12665=CARTESIAN_POINT('',(37.784999628,-36.6728652855596,15.508335002414));
#12666=CARTESIAN_POINT('',(37.784999628,-36.8878436278651,15.8807384297877));
#12667=CARTESIAN_POINT('',(37.784999628,-36.672865286,15.508335003));
#12668=CARTESIAN_POINT('',(-37.785000372,-36.8878436278576,15.880738429792));
#12669=CARTESIAN_POINT('',(37.784999628,-36.887843628,15.88073843));
#12670=CARTESIAN_POINT('',(-37.785000372,-36.6728652855497,15.5083350024198));
#12671=CARTESIAN_POINT('',(-37.785000372,-36.887843628,15.88073843));
#12672=CARTESIAN_POINT('',(-37.785000372,-36.672865286,15.508335003));
#12673=CARTESIAN_POINT('Origin',(-42.185000372,-0.753295031,37.663957262));
#12674=CARTESIAN_POINT('',(-42.185000372,-32.862225563787,17.7081133804342));
#12675=CARTESIAN_POINT('',(-42.185000372,-33.077203909,18.080516813));
#12676=CARTESIAN_POINT('',(-42.185000372,-32.862225567,17.708113386));
#12677=CARTESIAN_POINT('',(-42.185000372,32.3705332560447,55.8617105471194));
#12678=CARTESIAN_POINT('',(-42.185000372,-33.077203909,18.080516813));
#12679=CARTESIAN_POINT('',(-42.185000372,32.5855116007695,55.4893071154378));
#12680=CARTESIAN_POINT('',(-42.185000372,32.370533259,55.861710542));
#12681=CARTESIAN_POINT('',(-42.185000372,32.585511601,55.489307115));
#12682=CARTESIAN_POINT('Origin',(-3.72E-7,35.781213271,58.75433251));
#12683=CARTESIAN_POINT('',(-37.785000372,36.3961513187567,57.6890854988219));
#12684=CARTESIAN_POINT('',(-37.785000372,36.181172977,58.061488925));
#12685=CARTESIAN_POINT('',(-37.785000372,36.396151319,57.689085498));
#12686=CARTESIAN_POINT('',(37.784999628,36.181172977,58.061488925));
#12687=CARTESIAN_POINT('',(-37.785000372,36.181172977,58.061488925));
#12688=CARTESIAN_POINT('',(37.784999628,36.3961513187667,57.6890854988277));
#12689=CARTESIAN_POINT('',(37.784999628,36.181172977,58.061488925));
#12690=CARTESIAN_POINT('',(37.784999628,36.396151319,57.689085498));
#12691=CARTESIAN_POINT('Origin',(-3.72E-7,-0.138356983,36.59871025));
#12692=CARTESIAN_POINT('Origin',(-37.785000372,-32.862225567,17.708113386));
#12693=CARTESIAN_POINT('Origin',(-37.785000372,32.585511601,55.489307115));
#12694=CARTESIAN_POINT('Origin',(37.784999628,32.585511601,55.489307115));
#12695=CARTESIAN_POINT('Origin',(37.784999628,-32.862225567,17.708113386));
#12696=CARTESIAN_POINT('Origin',(-37.785000372,31.970573553,56.554554127));
#12697=CARTESIAN_POINT('Origin',(-37.785000372,32.370533259,55.861710542));
#12698=CARTESIAN_POINT('Origin',(37.784999628,31.970573553,56.554554127));
#12699=CARTESIAN_POINT('Origin',(37.784999628,32.370533259,55.861710542));
#12700=CARTESIAN_POINT('Origin',(37.784999628,-33.477163615,18.773360398));
#12701=CARTESIAN_POINT('Origin',(37.784999628,-33.077203909,18.080516813));
#12702=CARTESIAN_POINT('Origin',(-37.785000372,-33.477163615,18.773360398));
#12703=CARTESIAN_POINT('Origin',(-37.785000372,-33.077203909,18.080516813));
#12704=CARTESIAN_POINT('Origin',(35.964999628,0.654712725,38.465215122));
#12705=CARTESIAN_POINT('',(35.964999628,31.8023621526552,56.4459036555973));
#12706=CARTESIAN_POINT('',(35.964999628,31.802362153,56.445903655));
#12707=CARTESIAN_POINT('',(35.964999628,-30.4929366997015,20.484526583286));
#12708=CARTESIAN_POINT('',(35.964999628,31.802362153,56.445903655));
#12709=CARTESIAN_POINT('',(35.964999628,-30.492936703,20.484526589));
#12710=CARTESIAN_POINT('Origin',(-3.72E-7,31.802362153,56.445903655));
#12711=CARTESIAN_POINT('',(-35.965000372,31.8023621496689,56.4459036607704));
#12712=CARTESIAN_POINT('',(-35.965000372,31.802362153,56.445903655));
#12713=CARTESIAN_POINT('',(-35.965000372,31.802362153,56.445903655));
#12714=CARTESIAN_POINT('Origin',(-35.965000372,0.654712725,38.465215122));
#12715=CARTESIAN_POINT('',(-35.965000372,-30.4929367027637,20.4845265885906));
#12716=CARTESIAN_POINT('',(-35.965000372,-30.492936703,20.484526589));
#12717=CARTESIAN_POINT('',(-35.965000372,-30.492936703,20.484526589));
#12718=CARTESIAN_POINT('Origin',(-3.72E-7,-30.492936703,20.484526589));
#12719=CARTESIAN_POINT('',(35.964999628,-30.492936703,20.484526589));
#12720=CARTESIAN_POINT('Origin',(-3.72E-7,-0.748295535,37.655296718));
#12721=CARTESIAN_POINT('Origin',(-3.72E-7,35.488329392,57.661529219));
#12722=CARTESIAN_POINT('Origin',(37.784999628,35.488329392,57.661529219));
#12723=CARTESIAN_POINT('Origin',(-37.785000372,35.488329392,57.661529219));
#12724=CARTESIAN_POINT('Origin',(-37.785000372,32.370533259,55.861710542));
#12725=CARTESIAN_POINT('Origin',(-41.385000372,32.370533259,55.861710542));
#12726=CARTESIAN_POINT('Origin',(37.784999628,32.370533259,55.861710542));
#12727=CARTESIAN_POINT('Origin',(41.384999628,32.370533259,55.861710542));
#12728=CARTESIAN_POINT('Origin',(-41.385000372,-0.353335325,36.971113677));
#12729=CARTESIAN_POINT('Origin',(-41.385000372,-33.077203909,18.080516813));
#12730=CARTESIAN_POINT('Origin',(41.384999628,-0.353335325,36.971113677));
#12731=CARTESIAN_POINT('Origin',(41.384999628,-33.077203909,18.080516813));
#12732=CARTESIAN_POINT('Origin',(-37.785000372,-33.077203909,18.080516813));
#12733=CARTESIAN_POINT('Origin',(-37.785000372,-36.195000043,16.280698136));
#12734=CARTESIAN_POINT('Origin',(37.784999628,-33.077203909,18.080516813));
#12735=CARTESIAN_POINT('Origin',(37.784999628,-36.195000043,16.280698136));
#12736=CARTESIAN_POINT('Origin',(-3.72E-7,-36.195000043,16.280698136));
#12737=CARTESIAN_POINT('Origin',(-37.465000372,0.467487493,34.639124204));
#12738=CARTESIAN_POINT('',(-37.465000372,33.6680797025119,56.1142441554549));
#12739=CARTESIAN_POINT('',(-37.465000372,-34.7329032439341,16.628222173249));
#12740=CARTESIAN_POINT('',(-37.465000372,33.668079703,56.114244155));
#12741=CARTESIAN_POINT('',(-37.465000372,34.667978967681,54.3821351925525));
#12742=CARTESIAN_POINT('',(-37.465000372,34.667978968,54.382135192));
#12743=CARTESIAN_POINT('',(-37.465000372,-33.7330039787436,14.896113210359));
#12744=CARTESIAN_POINT('',(-37.465000372,34.667978968,54.382135192));
#12745=CARTESIAN_POINT('',(-37.465000372,-33.733003982,14.896113216));
#12746=CARTESIAN_POINT('Origin',(-3.72E-7,34.667978968,54.382135192));
#12747=CARTESIAN_POINT('',(37.464999628,33.6680796995151,56.1142441605968));
#12748=CARTESIAN_POINT('',(37.464999628,33.668079703,56.114244155));
#12749=CARTESIAN_POINT('',(37.464999628,34.6679789647056,54.3821351977068));
#12750=CARTESIAN_POINT('',(37.464999628,34.667978968,54.382135192));
#12751=CARTESIAN_POINT('',(37.464999628,34.667978968,54.382135192));
#12752=CARTESIAN_POINT('Origin',(37.464999628,0.467487493,34.639124204));
#12753=CARTESIAN_POINT('',(37.464999628,-34.7329032468629,16.6282221783717));
#12754=CARTESIAN_POINT('',(37.464999628,-34.732903247,16.628222179));
#12755=CARTESIAN_POINT('',(37.464999628,-33.7330039816937,14.8961132154694));
#12756=CARTESIAN_POINT('',(37.464999628,-33.733003982,14.896113216));
#12757=CARTESIAN_POINT('',(37.464999628,-33.733003982,14.896113216));
#12758=CARTESIAN_POINT('Origin',(-3.72E-7,-33.733003982,14.896113216));
#12759=CARTESIAN_POINT('',(-37.465000372,-34.732903247,16.628222179));
#12760=CARTESIAN_POINT('',(-37.465000372,-33.733003982,14.896113216));
#12761=CARTESIAN_POINT('Origin',(-3.72E-7,0.861542282,34.866601287));
#12762=CARTESIAN_POINT('Origin',(-3.72E-7,-0.138356983,36.59871025));
#12763=CARTESIAN_POINT('',(1.26217744835362E-29,1.11022302462516E-16,2.22044604925031E-16));
#12764=CARTESIAN_POINT('',(1.26217744835362E-29,1.11022302462516E-16,2.22044604925031E-16));
#12765=CARTESIAN_POINT('',(1.26217744835362E-29,1.11022302462516E-16,2.22044604925031E-16));
#12766=CARTESIAN_POINT('',(1.26217744835362E-29,1.11022302462516E-16,2.22044604925031E-16));
#12767=CARTESIAN_POINT('',(1.26217744835362E-29,1.11022302462516E-16,2.22044604925031E-16));
#12768=CARTESIAN_POINT('',(0.,0.,0.));
#12769=CARTESIAN_POINT('Origin',(-2.9999994165847,29.9109409197823,16.2066223850105));
#12770=CARTESIAN_POINT('',(-2.9999994165847,29.9109409197823,16.2066223850105));
#12771=CARTESIAN_POINT('',(3.0000005834153,29.9109409197823,16.2066223850105));
#12772=CARTESIAN_POINT('',(-1.4999994165847,29.9109409197823,16.2066223850105));
#12773=CARTESIAN_POINT('',(-2.9999994165847,28.9109409197823,16.2066223850105));
#12774=CARTESIAN_POINT('',(-2.9999994165847,29.9109409197823,16.2066223850105));
#12775=CARTESIAN_POINT('',(3.0000005834153,28.9109409197823,16.2066223850105));
#12776=CARTESIAN_POINT('',(-1.4999994165847,28.9109409197823,16.2066223850105));
#12777=CARTESIAN_POINT('',(3.0000005834153,29.9109409197823,16.2066223850105));
#12778=CARTESIAN_POINT('Origin',(-2.9999994165847,29.9109409197823,17.3066223850105));
#12779=CARTESIAN_POINT('',(-2.9999994165847,29.9109409197823,18.4066223850105));
#12780=CARTESIAN_POINT('Origin',(-2.9999994165847,29.9109409197823,17.3066223850105));
#12781=CARTESIAN_POINT('',(-2.9999994165847,28.9109409197823,18.4066223850105));
#12782=CARTESIAN_POINT('',(-2.9999994165847,29.9109409197823,18.4066223850105));
#12783=CARTESIAN_POINT('Origin',(-2.9999994165847,28.9109409197823,17.3066223850105));
#12784=CARTESIAN_POINT('Origin',(3.0000005834153,29.9109409197823,18.4066223850105));
#12785=CARTESIAN_POINT('',(3.0000005834153,29.9109409197823,18.4066223850105));
#12786=CARTESIAN_POINT('',(1.5000005834153,29.9109409197823,18.4066223850105));
#12787=CARTESIAN_POINT('',(3.0000005834153,28.9109409197823,18.4066223850105));
#12788=CARTESIAN_POINT('',(3.0000005834153,29.9109409197823,18.4066223850105));
#12789=CARTESIAN_POINT('',(1.5000005834153,28.9109409197823,18.4066223850105));
#12790=CARTESIAN_POINT('Origin',(3.0000005834153,29.9109409197823,17.3066223850105));
#12791=CARTESIAN_POINT('Origin',(3.0000005834153,29.9109409197823,17.3066223850105));
#12792=CARTESIAN_POINT('Origin',(3.0000005834153,28.9109409197823,17.3066223850105));
#12793=CARTESIAN_POINT('Ctrl Pts',(3.1000004722174,29.9109409197823,19.4066224903002));
#12794=CARTESIAN_POINT('Ctrl Pts',(3.1000004722174,34.9109409197823,19.4066224903002));
#12795=CARTESIAN_POINT('Ctrl Pts',(3.39093841614838,29.9109409197823,19.4066225001812));
#12796=CARTESIAN_POINT('Ctrl Pts',(3.39093841614838,34.9109409197823,19.4066225001812));
#12797=CARTESIAN_POINT('Ctrl Pts',(3.68170207353496,29.9109409197823,19.342150380967));
#12798=CARTESIAN_POINT('Ctrl Pts',(3.68170207353496,34.9109409197823,19.342150380967));
#12799=CARTESIAN_POINT('Ctrl Pts',(3.94537223178695,29.9109409197823,19.2191750299749));
#12800=CARTESIAN_POINT('Ctrl Pts',(3.94537223178695,34.9109409197823,19.2191750299749));
#12801=CARTESIAN_POINT('Ctrl Pts',(4.63075237723235,29.9109409197823,18.8995147980097));
#12802=CARTESIAN_POINT('Ctrl Pts',(4.63075237723235,34.9109409197823,18.8995147980097));
#12803=CARTESIAN_POINT('Ctrl Pts',(5.10000054331874,29.9109409197823,18.16288215263));
#12804=CARTESIAN_POINT('Ctrl Pts',(5.10000054331874,34.9109409197823,18.16288215263));
#12805=CARTESIAN_POINT('Ctrl Pts',(5.1000005787327,29.9109409197823,17.4066225453656));
#12806=CARTESIAN_POINT('Ctrl Pts',(5.1000005787327,34.9109409197823,17.4066225453656));
#12807=CARTESIAN_POINT('',(5.1000005787327,32.6699337351599,17.4066225453656));
#12808=CARTESIAN_POINT('',(3.1000004722174,33.9007861731002,19.4066224903002));
#12809=CARTESIAN_POINT('Ctrl Pts',(5.10000057873269,32.6699337351599,17.4066225453656));
#12810=CARTESIAN_POINT('Ctrl Pts',(5.10000056452141,32.8567031324224,17.710102290562));
#12811=CARTESIAN_POINT('Ctrl Pts',(5.03092558349506,33.0435610808183,18.0137259216186));
#12812=CARTESIAN_POINT('Ctrl Pts',(4.77378879880088,33.3636543849141,18.5338423635512));
#12813=CARTESIAN_POINT('Ctrl Pts',(4.60377584657938,33.5001056004527,18.7555605932589));
#12814=CARTESIAN_POINT('Ctrl Pts',(4.21323347139509,33.7018484389307,19.0833705348974));
#12815=CARTESIAN_POINT('Ctrl Pts',(4.01297131688271,33.7747022505839,19.2017499724263));
#12816=CARTESIAN_POINT('Ctrl Pts',(3.68169450072437,33.8497515379544,19.3236968167284));
#12817=CARTESIAN_POINT('Ctrl Pts',(3.56829421252582,33.8687813268278,19.3546181323371));
#12818=CARTESIAN_POINT('Ctrl Pts',(3.33606919296633,33.894324367184,19.396122765818));
#12819=CARTESIAN_POINT('Ctrl Pts',(3.21832454246655,33.9007861755733,19.4066224943188));
#12820=CARTESIAN_POINT('Ctrl Pts',(3.1000004722174,33.9007861731002,19.4066224903002));
#12821=CARTESIAN_POINT('',(5.1000005787327,29.9109409197823,17.4066225453656));
#12822=CARTESIAN_POINT('',(5.1000005787327,29.9109409197823,17.4066225453656));
#12823=CARTESIAN_POINT('',(3.1000004722174,29.9109409197823,19.4066224903002));
#12824=CARTESIAN_POINT('Ctrl Pts',(5.1000005787327,29.9109409197823,17.4066225453656));
#12825=CARTESIAN_POINT('Ctrl Pts',(5.10000054331874,29.9109409197823,18.16288215263));
#12826=CARTESIAN_POINT('Ctrl Pts',(4.63075237723235,29.9109409197823,18.8995147980097));
#12827=CARTESIAN_POINT('Ctrl Pts',(3.94537223178695,29.9109409197823,19.2191750299749));
#12828=CARTESIAN_POINT('Ctrl Pts',(3.68170207353496,29.9109409197823,19.342150380967));
#12829=CARTESIAN_POINT('Ctrl Pts',(3.39093841614838,29.9109409197823,19.4066225001812));
#12830=CARTESIAN_POINT('Ctrl Pts',(3.1000004722174,29.9109409197823,19.4066224903002));
#12831=CARTESIAN_POINT('',(3.1000004722174,29.9109409197823,19.4066224903002));
#12832=CARTESIAN_POINT('Origin',(-3.0999995277808,29.9109409197823,19.4066222797208));
#12833=CARTESIAN_POINT('',(-3.09999952778261,33.9007860435041,19.4066222797208));
#12834=CARTESIAN_POINT('',(17.5424998396659,33.9007864749859,19.4066229808313));
#12835=CARTESIAN_POINT('',(-3.09999952778261,29.9109409197823,19.4066222797208));
#12836=CARTESIAN_POINT('',(3.1000004722174,29.9109409197823,19.4066224903002));
#12837=CARTESIAN_POINT('',(-3.09999952778261,29.9109409197823,19.4066222797208));
#12838=CARTESIAN_POINT('Ctrl Pts',(-5.0999994212673,29.9109409197823,17.4066222246553));
#12839=CARTESIAN_POINT('Ctrl Pts',(-5.0999994212673,34.9109409197823,17.4066222246553));
#12840=CARTESIAN_POINT('Ctrl Pts',(-5.09999943489127,29.9109409197823,17.6975601443187));
#12841=CARTESIAN_POINT('Ctrl Pts',(-5.09999943489127,34.9109409197823,17.6975601443187));
#12842=CARTESIAN_POINT('Ctrl Pts',(-5.03552733045994,29.9109409197823,17.9883237740018));
#12843=CARTESIAN_POINT('Ctrl Pts',(-5.03552733045994,34.9109409197823,17.9883237740018));
#12844=CARTESIAN_POINT('Ctrl Pts',(-4.91255200453347,29.9109409197823,18.2519939092577));
#12845=CARTESIAN_POINT('Ctrl Pts',(-4.91255200453347,34.9109409197823,18.2519939092577));
#12846=CARTESIAN_POINT('Ctrl Pts',(-4.59289180080143,29.9109409197823,18.9373740740914));
#12847=CARTESIAN_POINT('Ctrl Pts',(-4.59289180080143,34.9109409197823,18.9373740740914));
#12848=CARTESIAN_POINT('Ctrl Pts',(-3.85625915931703,29.9109409197823,19.4066222540362));
#12849=CARTESIAN_POINT('Ctrl Pts',(-3.85625915931703,34.9109409197823,19.4066222540362));
#12850=CARTESIAN_POINT('Ctrl Pts',(-3.09999952778261,29.9109409197823,19.4066222797208));
#12851=CARTESIAN_POINT('Ctrl Pts',(-3.09999952778261,34.9109409197823,19.4066222797208));
#12852=CARTESIAN_POINT('',(-5.0999994212673,32.6699335377864,17.4066222246553));
#12853=CARTESIAN_POINT('Ctrl Pts',(-3.09999952778261,33.9007860435041,19.4066222797208));
#12854=CARTESIAN_POINT('Ctrl Pts',(-3.32328536265105,33.9007860388371,19.4066222721374));
#12855=CARTESIAN_POINT('Ctrl Pts',(-3.54278035441072,33.8777913352262,19.3692584058136));
#12856=CARTESIAN_POINT('Ctrl Pts',(-3.97119687830672,33.7871884996631,19.2220387549833));
#12857=CARTESIAN_POINT('Ctrl Pts',(-4.17202428053582,33.7180621027852,19.109715956832));
#12858=CARTESIAN_POINT('Ctrl Pts',(-4.54835555777728,33.5334846863199,18.8097979395394));
#12859=CARTESIAN_POINT('Ctrl Pts',(-4.71159572001797,33.4141974813253,18.6159693408984));
#12860=CARTESIAN_POINT('Ctrl Pts',(-4.92193225440746,33.1892270256885,18.250417074017));
#12861=CARTESIAN_POINT('Ctrl Pts',(-4.9883811999051,33.0890865273073,18.0876997690802));
#12862=CARTESIAN_POINT('Ctrl Pts',(-5.07760924568226,32.8826383229244,17.7522441249507));
#12863=CARTESIAN_POINT('Ctrl Pts',(-5.09999942935829,32.7762680593659,17.5794041364005));
#12864=CARTESIAN_POINT('Ctrl Pts',(-5.0999994212673,32.6699335377864,17.4066222246553));
#12865=CARTESIAN_POINT('',(-5.0999994212673,29.9109409197823,17.4066222246553));
#12866=CARTESIAN_POINT('Ctrl Pts',(-3.09999952778261,29.9109409197823,19.4066222797208));
#12867=CARTESIAN_POINT('Ctrl Pts',(-3.85625915931703,29.9109409197823,19.4066222540362));
#12868=CARTESIAN_POINT('Ctrl Pts',(-4.59289180080143,29.9109409197823,18.9373740740914));
#12869=CARTESIAN_POINT('Ctrl Pts',(-4.91255200453347,29.9109409197823,18.2519939092577));
#12870=CARTESIAN_POINT('Ctrl Pts',(-5.03552733045994,29.9109409197823,17.9883237740018));
#12871=CARTESIAN_POINT('Ctrl Pts',(-5.09999943489127,29.9109409197823,17.6975601443187));
#12872=CARTESIAN_POINT('Ctrl Pts',(-5.0999994212673,29.9109409197823,17.4066222246553));
#12873=CARTESIAN_POINT('',(-5.0999994212673,29.9109409197823,17.4066222246553));
#12874=CARTESIAN_POINT('Origin',(-5.0999994119021,29.9109409197823,17.2066222246553));
#12875=CARTESIAN_POINT('',(-5.0999994119021,32.5468482906035,17.2066222246553));
#12876=CARTESIAN_POINT('',(-5.09999926728983,30.6462332993187,14.1183317352833));
#12877=CARTESIAN_POINT('',(-5.0999994119021,29.9109409197823,17.2066222246553));
#12878=CARTESIAN_POINT('',(-5.0999994212673,29.9109409197823,17.4066222246553));
#12879=CARTESIAN_POINT('',(-5.0999994119021,29.9109409197823,17.2066222246553));
#12880=CARTESIAN_POINT('Ctrl Pts',(-3.0999993053868,29.9109409197823,15.2066222797208));
#12881=CARTESIAN_POINT('Ctrl Pts',(-3.0999993053868,34.9109409197823,15.2066222797208));
#12882=CARTESIAN_POINT('Ctrl Pts',(-3.39093724931778,29.9109409197823,15.2066222698398));
#12883=CARTESIAN_POINT('Ctrl Pts',(-3.39093724931778,34.9109409197823,15.2066222698398));
#12884=CARTESIAN_POINT('Ctrl Pts',(-3.68170090670436,29.9109409197823,15.2710943890539));
#12885=CARTESIAN_POINT('Ctrl Pts',(-3.68170090670436,34.9109409197823,15.2710943890539));
#12886=CARTESIAN_POINT('Ctrl Pts',(-3.94537106495636,29.9109409197823,15.394069740046));
#12887=CARTESIAN_POINT('Ctrl Pts',(-3.94537106495636,34.9109409197823,15.394069740046));
#12888=CARTESIAN_POINT('Ctrl Pts',(-4.63075121040175,29.9109409197823,15.7137299720112));
#12889=CARTESIAN_POINT('Ctrl Pts',(-4.63075121040175,34.9109409197823,15.7137299720112));
#12890=CARTESIAN_POINT('Ctrl Pts',(-5.09999937648814,29.9109409197823,16.4503626173909));
#12891=CARTESIAN_POINT('Ctrl Pts',(-5.09999937648814,34.9109409197823,16.4503626173909));
#12892=CARTESIAN_POINT('Ctrl Pts',(-5.0999994119021,29.9109409197823,17.2066222246553));
#12893=CARTESIAN_POINT('Ctrl Pts',(-5.0999994119021,34.9109409197823,17.2066222246553));
#12894=CARTESIAN_POINT('',(-3.0999993053868,31.3159958526632,15.2066222797208));
#12895=CARTESIAN_POINT('Ctrl Pts',(-5.0999994119021,32.5468482906035,17.2066222246553));
#12896=CARTESIAN_POINT('Ctrl Pts',(-5.09999939769082,32.360078893341,16.9031424794589));
#12897=CARTESIAN_POINT('Ctrl Pts',(-5.03092441666446,32.1732209449451,16.5995188484023));
#12898=CARTESIAN_POINT('Ctrl Pts',(-4.77378763197028,31.8531276408493,16.0794024064697));
#12899=CARTESIAN_POINT('Ctrl Pts',(-4.60377467974879,31.7166764253107,15.857684176762));
#12900=CARTESIAN_POINT('Ctrl Pts',(-4.2132323045645,31.5149335868328,15.5298742351235));
#12901=CARTESIAN_POINT('Ctrl Pts',(-4.01297015005211,31.4420797751796,15.4114947975947));
#12902=CARTESIAN_POINT('Ctrl Pts',(-3.68169333389375,31.3670304878091,15.2895479532926));
#12903=CARTESIAN_POINT('Ctrl Pts',(-3.56829304569521,31.3480006989356,15.2586266376839));
#12904=CARTESIAN_POINT('Ctrl Pts',(-3.33606802613574,31.3224576585794,15.217122004203));
#12905=CARTESIAN_POINT('Ctrl Pts',(-3.21832337563595,31.3159958501901,15.2066222757022));
#12906=CARTESIAN_POINT('Ctrl Pts',(-3.0999993053868,31.3159958526632,15.2066222797208));
#12907=CARTESIAN_POINT('',(-3.0999993053868,29.9109409197823,15.2066222797208));
#12908=CARTESIAN_POINT('Ctrl Pts',(-5.0999994119021,29.9109409197823,17.2066222246553));
#12909=CARTESIAN_POINT('Ctrl Pts',(-5.09999937648814,29.9109409197823,16.4503626173909));
#12910=CARTESIAN_POINT('Ctrl Pts',(-4.63075121040175,29.9109409197823,15.7137299720112));
#12911=CARTESIAN_POINT('Ctrl Pts',(-3.94537106495636,29.9109409197823,15.394069740046));
#12912=CARTESIAN_POINT('Ctrl Pts',(-3.68170090670436,29.9109409197823,15.2710943890539));
#12913=CARTESIAN_POINT('Ctrl Pts',(-3.39093724931778,29.9109409197823,15.2066222698398));
#12914=CARTESIAN_POINT('Ctrl Pts',(-3.0999993053868,29.9109409197823,15.2066222797208));
#12915=CARTESIAN_POINT('',(-3.0999993053868,29.9109409197823,15.2066222797208));
#12916=CARTESIAN_POINT('Origin',(3.10000069461139,29.9109409197823,15.2066224903002));
#12917=CARTESIAN_POINT('',(3.1000006946132,31.3159959822593,15.2066224903002));
#12918=CARTESIAN_POINT('',(20.6425000762161,31.315996348943,15.2066230861209));
#12919=CARTESIAN_POINT('',(3.1000006946132,29.9109409197823,15.2066224903002));
#12920=CARTESIAN_POINT('',(-3.0999993053868,29.9109409197823,15.2066222797208));
#12921=CARTESIAN_POINT('',(3.1000006946132,29.9109409197823,15.2066224903002));
#12922=CARTESIAN_POINT('Ctrl Pts',(5.10000058809789,29.9109409197823,17.2066225453656));
#12923=CARTESIAN_POINT('Ctrl Pts',(5.10000058809789,34.9109409197823,17.2066225453656));
#12924=CARTESIAN_POINT('Ctrl Pts',(5.10000060172187,29.9109409197823,16.9156846257022));
#12925=CARTESIAN_POINT('Ctrl Pts',(5.10000060172187,34.9109409197823,16.9156846257022));
#12926=CARTESIAN_POINT('Ctrl Pts',(5.03552849729053,29.9109409197823,16.6249209960191));
#12927=CARTESIAN_POINT('Ctrl Pts',(5.03552849729053,34.9109409197823,16.6249209960191));
#12928=CARTESIAN_POINT('Ctrl Pts',(4.91255317136407,29.9109409197823,16.3612508607632));
#12929=CARTESIAN_POINT('Ctrl Pts',(4.91255317136407,34.9109409197823,16.3612508607632));
#12930=CARTESIAN_POINT('Ctrl Pts',(4.59289296763202,29.9109409197823,15.6758706959295));
#12931=CARTESIAN_POINT('Ctrl Pts',(4.59289296763202,34.9109409197823,15.6758706959295));
#12932=CARTESIAN_POINT('Ctrl Pts',(3.85626032614762,29.9109409197823,15.2066225159847));
#12933=CARTESIAN_POINT('Ctrl Pts',(3.85626032614762,34.9109409197823,15.2066225159847));
#12934=CARTESIAN_POINT('Ctrl Pts',(3.1000006946132,29.9109409197823,15.2066224903002));
#12935=CARTESIAN_POINT('Ctrl Pts',(3.1000006946132,34.9109409197823,15.2066224903002));
#12936=CARTESIAN_POINT('',(5.10000058809789,32.546848487977,17.2066225453656));
#12937=CARTESIAN_POINT('Ctrl Pts',(3.1000006946132,31.3159959822593,15.2066224903002));
#12938=CARTESIAN_POINT('Ctrl Pts',(3.32328652948164,31.3159959869263,15.2066224978835));
#12939=CARTESIAN_POINT('Ctrl Pts',(3.54278152124131,31.3389906905372,15.2439863642074));
#12940=CARTESIAN_POINT('Ctrl Pts',(3.97119804513731,31.4295935261003,15.3912060150377));
#12941=CARTESIAN_POINT('Ctrl Pts',(4.17202544736641,31.4987199229783,15.503528813189));
#12942=CARTESIAN_POINT('Ctrl Pts',(4.54835672460788,31.6832973394436,15.8034468304815));
#12943=CARTESIAN_POINT('Ctrl Pts',(4.71159688684856,31.8025845444381,15.9972754291226));
#12944=CARTESIAN_POINT('Ctrl Pts',(4.92193342123805,32.027555000075,16.362827696004));
#12945=CARTESIAN_POINT('Ctrl Pts',(4.9883823667357,32.1276954984561,16.5255450009407));
#12946=CARTESIAN_POINT('Ctrl Pts',(5.07761041251285,32.334143702839,16.8610006450702));
#12947=CARTESIAN_POINT('Ctrl Pts',(5.10000059618888,32.4405139663976,17.0338406336204));
#12948=CARTESIAN_POINT('Ctrl Pts',(5.10000058809789,32.546848487977,17.2066225453656));
#12949=CARTESIAN_POINT('',(5.10000058809789,29.9109409197823,17.2066225453656));
#12950=CARTESIAN_POINT('Ctrl Pts',(3.1000006946132,29.9109409197823,15.2066224903002));
#12951=CARTESIAN_POINT('Ctrl Pts',(3.85626032614762,29.9109409197823,15.2066225159847));
#12952=CARTESIAN_POINT('Ctrl Pts',(4.59289296763202,29.9109409197823,15.6758706959295));
#12953=CARTESIAN_POINT('Ctrl Pts',(4.91255317136407,29.9109409197823,16.3612508607632));
#12954=CARTESIAN_POINT('Ctrl Pts',(5.03552849729053,29.9109409197823,16.6249209960191));
#12955=CARTESIAN_POINT('Ctrl Pts',(5.10000060172187,29.9109409197823,16.9156846257022));
#12956=CARTESIAN_POINT('Ctrl Pts',(5.10000058809789,29.9109409197823,17.2066225453656));
#12957=CARTESIAN_POINT('',(5.10000058809789,29.9109409197823,17.2066225453656));
#12958=CARTESIAN_POINT('Origin',(5.1000005787327,29.9109409197823,17.4066225453656));
#12959=CARTESIAN_POINT('',(5.10000072931386,30.690870030936,14.1908615187284));
#12960=CARTESIAN_POINT('',(5.10000058809789,29.9109409197823,17.2066225453656));
#12961=CARTESIAN_POINT('Origin',(5.83415297183976E-7,29.9109409197823,17.3066223850105));
#12962=CARTESIAN_POINT('Ctrl Pts',(-38.1777762564846,28.9109409197851,13.206620918257));
#12963=CARTESIAN_POINT('Ctrl Pts',(-38.0535303259915,33.9478960168684,21.3911194058762));
#12964=CARTESIAN_POINT('Ctrl Pts',(-37.9292843954985,38.9848511139518,29.5756178934954));
#12965=CARTESIAN_POINT('Ctrl Pts',(-37.8050384650054,44.0218062110352,37.7601163811146));
#12966=CARTESIAN_POINT('Ctrl Pts',(-38.7999295029761,28.9100808564732,13.2052234098935));
#12967=CARTESIAN_POINT('Ctrl Pts',(-38.70236765351,33.9469762478652,21.3899646725242));
#12968=CARTESIAN_POINT('Ctrl Pts',(-38.6041721330801,38.9844478854129,29.5741107007313));
#12969=CARTESIAN_POINT('Ctrl Pts',(-38.5059553881711,44.0211020134977,37.7589721375051));
#12970=CARTESIAN_POINT('Ctrl Pts',(-40.0429788370264,28.6083639685364,13.1781875678948));
#12971=CARTESIAN_POINT('Ctrl Pts',(-39.9993726306139,33.6353086657071,21.3366102774272));
#12972=CARTESIAN_POINT('Ctrl Pts',(-39.9538020762206,38.6635847980578,29.4941276567188));
#12973=CARTESIAN_POINT('Ctrl Pts',(-39.9063445528738,43.6927982635131,37.6511484771953));
#12974=CARTESIAN_POINT('Ctrl Pts',(-41.4823786477416,27.3737460293903,13.0533184534115));
#12975=CARTESIAN_POINT('Ctrl Pts',(-41.4857897012677,32.3630282649783,21.0985621840458));
#12976=CARTESIAN_POINT('Ctrl Pts',(-41.492733985037,37.353008191741,29.1432848946341));
#12977=CARTESIAN_POINT('Ctrl Pts',(-41.5011969871666,42.3452389051009,37.1866924968799));
#12978=CARTESIAN_POINT('Ctrl Pts',(-42.0959201001577,25.9545406009849,12.8563481520965));
#12979=CARTESIAN_POINT('Ctrl Pts',(-42.0983490604436,30.9236782859335,20.7499001808698));
#12980=CARTESIAN_POINT('Ctrl Pts',(-42.1018565170498,35.890812330452,28.6447196095196));
#12981=CARTESIAN_POINT('Ctrl Pts',(-42.1094867337697,40.8542154589524,36.5418828536194));
#12982=CARTESIAN_POINT('Ctrl Pts',(-42.1850003721645,25.0578796461257,12.707300914522));
#12983=CARTESIAN_POINT('Ctrl Pts',(-42.1848239379693,30.0280436798131,20.4932512916163));
#12984=CARTESIAN_POINT('Ctrl Pts',(-42.1858984276756,34.9965754089318,28.2802206717445));
#12985=CARTESIAN_POINT('Ctrl Pts',(-42.1850003720072,39.9651223572421,36.0672202323674));
#12986=CARTESIAN_POINT('Ctrl Pts',(-42.185000372165,24.7586809342606,12.6572617889449));
#12987=CARTESIAN_POINT('Ctrl Pts',(-42.1850003721129,29.7285181519026,20.4077321233959));
#12988=CARTESIAN_POINT('Ctrl Pts',(-42.1850003720608,34.6983553695445,28.158202457847));
#12989=CARTESIAN_POINT('Ctrl Pts',(-42.1850003720087,39.6681925871864,35.9086727922981));
#12990=CARTESIAN_POINT('',(-38.1777762564846,28.9109409197851,13.206620918257));
#12991=CARTESIAN_POINT('',(-42.1850003721613,25.1109467102577,13.206620918257));
#12992=CARTESIAN_POINT('Ctrl Pts',(-42.1850003721613,25.1109467102576,13.206620918257));
#12993=CARTESIAN_POINT('Ctrl Pts',(-42.1850003721612,25.3488762942777,13.206620918257));
#12994=CARTESIAN_POINT('Ctrl Pts',(-42.1608667117997,25.5859159597136,13.206620918257));
#12995=CARTESIAN_POINT('Ctrl Pts',(-42.0647361456587,26.0575466370794,13.206620918257));
#12996=CARTESIAN_POINT('Ctrl Pts',(-41.9919751216454,26.2903647194844,13.206620918257));
#12997=CARTESIAN_POINT('Ctrl Pts',(-41.7019302182377,26.9734040869582,13.206620918257));
#12998=CARTESIAN_POINT('Ctrl Pts',(-41.4161760725227,27.3886866825009,13.206620918257));
#12999=CARTESIAN_POINT('Ctrl Pts',(-40.6868385137959,28.1089743681908,13.206620918257));
#13000=CARTESIAN_POINT('Ctrl Pts',(-40.2420075256319,28.400737646255,13.206620918257));
#13001=CARTESIAN_POINT('Ctrl Pts',(-39.2549433029514,28.8058650006319,13.206620918257));
#13002=CARTESIAN_POINT('Ctrl Pts',(-38.7185319217864,28.9109409197851,13.206620918257));
#13003=CARTESIAN_POINT('Ctrl Pts',(-38.1777762564846,28.9109409197851,13.206620918257));
#13004=CARTESIAN_POINT('',(-37.8174930737319,43.5168938597151,36.9396892984604));
#13005=CARTESIAN_POINT('',(-38.1850003721681,28.6180738120293,12.7307440533058));
#13006=CARTESIAN_POINT('',(-42.1850003720087,39.6681925871891,35.9086727922989));
#13007=CARTESIAN_POINT('Ctrl Pts',(-37.8174930737319,43.5168938597151,36.9396892984604));
#13008=CARTESIAN_POINT('Ctrl Pts',(-38.425526616657,43.5168938597151,36.9396892984604));
#13009=CARTESIAN_POINT('Ctrl Pts',(-39.0281030155908,43.4000575247748,36.9083903793412));
#13010=CARTESIAN_POINT('Ctrl Pts',(-40.127252904671,42.9537535223461,36.7888314006918));
#13011=CARTESIAN_POINT('Ctrl Pts',(-40.6186339534488,42.6358965376986,36.7036816905521));
#13012=CARTESIAN_POINT('Ctrl Pts',(-41.4072408154124,41.866809554792,36.4976533921983));
#13013=CARTESIAN_POINT('Ctrl Pts',(-41.7133336167446,41.4312594468174,36.3809752405492));
#13014=CARTESIAN_POINT('Ctrl Pts',(-42.0892920610356,40.5449012965894,36.1435315371941));
#13015=CARTESIAN_POINT('Ctrl Pts',(-42.1850003720071,40.1105079623282,36.0271632701006));
#13016=CARTESIAN_POINT('Ctrl Pts',(-42.1850003720087,39.6681925871864,35.9086727922981));
#13017=CARTESIAN_POINT('',(-42.185000372168,24.4697163070416,12.2066209182506));
#13018=CARTESIAN_POINT('Origin',(38.1849996276755,28.6180738120293,12.7307440533058));
#13019=CARTESIAN_POINT('',(38.1777755120009,28.9109409197794,13.206620918257));
#13020=CARTESIAN_POINT('',(19.0924996277022,28.9109409197851,13.206620918257));
#13021=CARTESIAN_POINT('',(37.817492329696,43.5168938593705,36.9396892983658));
#13022=CARTESIAN_POINT('',(38.1849996276755,28.6180738120293,12.7307440533058));
#13023=CARTESIAN_POINT('',(19.0924996277501,43.5168938597138,36.9396892984583));
#13024=CARTESIAN_POINT('',(6.10000060327207,31.4957321408103,17.4066225921934));
#13025=CARTESIAN_POINT('',(6.10000061263725,31.3726468936274,17.2066225921934));
#13026=CARTESIAN_POINT('',(6.1000005705866,31.9253124970038,18.1046434615103));
#13027=CARTESIAN_POINT('',(3.10000075311504,29.5263681231762,14.2066224903002));
#13028=CARTESIAN_POINT('Origin',(3.10000061263726,31.3726468309197,17.2066224903002));
#13029=CARTESIAN_POINT('',(-3.09999924688496,29.5263679935801,14.2066222797208));
#13030=CARTESIAN_POINT('',(17.542500155871,29.5263684250619,14.2066229808312));
#13031=CARTESIAN_POINT('',(-6.09999938736274,31.3726466386158,17.2066221778275));
#13032=CARTESIAN_POINT('Origin',(-3.09999938736274,31.3726467013236,17.2066222797208));
#13033=CARTESIAN_POINT('',(-6.09999939672792,31.4957318857987,17.4066221778275));
#13034=CARTESIAN_POINT('',(-6.09999943280966,31.9699487954482,18.177172541097));
#13035=CARTESIAN_POINT('',(-3.0999995372057,33.34201065625,20.4066222797208));
#13036=CARTESIAN_POINT('Origin',(-3.09999939672793,31.4957319485065,17.4066222797208));
#13037=CARTESIAN_POINT('',(3.10000046279429,33.342010785846,20.4066224903002));
#13038=CARTESIAN_POINT('',(20.6424998655347,33.3420111525298,20.4066230861209));
#13039=CARTESIAN_POINT('Origin',(3.10000060327207,31.4957320781026,17.4066224903002));
#13040=CARTESIAN_POINT('',(32.5000001289185,37.7300910629184,27.5367707046542));
#13041=CARTESIAN_POINT('Origin',(32.0000001289185,37.7300910524671,27.536770687672));
#13042=CARTESIAN_POINT('',(-15.500000152037,41.4226474750809,33.5367690743621));
#13043=CARTESIAN_POINT('Origin',(-16.000000152037,41.4226474646296,33.5367690573799));
#13044=CARTESIAN_POINT('',(-9.4999999647333,38.9609426568385,29.5367692781486));
#13045=CARTESIAN_POINT('Origin',(-9.9999999647333,38.9609426463872,29.5367692611664));
#13046=CARTESIAN_POINT('',(-15.5000000583851,40.1917950032519,31.5367690743621));
#13047=CARTESIAN_POINT('Origin',(-16.0000000583851,40.1917949928006,31.5367690573799));
#13048=CARTESIAN_POINT('',(-23.4999999647333,38.9609423642022,29.5367688026468));
#13049=CARTESIAN_POINT('Origin',(-23.9999999647333,38.9609423537509,29.5367687856645));
#13050=CARTESIAN_POINT('',(10.5000001289185,37.7300906030614,27.536769957437));
#13051=CARTESIAN_POINT('Origin',(10.0000001289185,37.7300905926101,27.5367699404548));
#13052=CARTESIAN_POINT('',(-19.4999999647333,38.9609424478125,29.5367689385044));
#13053=CARTESIAN_POINT('Origin',(-19.9999999647333,38.9609424373612,29.5367689215222));
#13054=CARTESIAN_POINT('',(-25.500000152037,41.422647266055,33.5367687347179));
#13055=CARTESIAN_POINT('Origin',(-26.000000152037,41.4226472556037,33.5367687177357));
#13056=CARTESIAN_POINT('',(28.5000000352667,38.960943451137,29.5367705687965));
#13057=CARTESIAN_POINT('Origin',(28.0000000352667,38.9609434406857,29.5367705518143));
#13058=CARTESIAN_POINT('',(20.5000000352667,38.9609432839163,29.5367702970812));
#13059=CARTESIAN_POINT('Origin',(20.0000000352667,38.960943273465,29.5367702800989));
#13060=CARTESIAN_POINT('',(14.5000000352667,38.9609431585007,29.5367700932946));
#13061=CARTESIAN_POINT('Origin',(14.0000000352667,38.9609431480494,29.5367700763124));
#13062=CARTESIAN_POINT('',(14.4999999416148,40.1917956303297,31.5367700932946));
#13063=CARTESIAN_POINT('Origin',(13.9999999416148,40.1917956198784,31.5367700763124));
#13064=CARTESIAN_POINT('',(26.499999847963,41.4226483529899,33.5367705008677));
#13065=CARTESIAN_POINT('Origin',(25.999999847963,41.4226483425386,33.5367704838854));
#13066=CARTESIAN_POINT('',(0.500000035266697,38.9609428658644,29.5367696177928));
#13067=CARTESIAN_POINT('Origin',(3.52666970123044E-8,38.9609428554131,29.5367696008106));
#13068=CARTESIAN_POINT('',(-5.50000005838515,40.1917952122778,31.5367694140063));
#13069=CARTESIAN_POINT('Origin',(-6.00000005838515,40.1917952018265,31.5367693970241));
#13070=CARTESIAN_POINT('',(-3.4999999647333,38.960942782254,29.5367694819351));
#13071=CARTESIAN_POINT('Origin',(-3.9999999647333,38.9609427718027,29.5367694649529));
#13072=CARTESIAN_POINT('',(28.499999847963,41.422648394795,33.5367705687965));
#13073=CARTESIAN_POINT('Origin',(27.999999847963,41.4226483843437,33.5367705518143));
#13074=CARTESIAN_POINT('',(2.49999984796299,41.4226478513276,33.5367696857216));
#13075=CARTESIAN_POINT('Origin',(1.99999984796299,41.4226478408763,33.5367696687394));
#13076=CARTESIAN_POINT('',(4.49999984796299,41.4226478931328,33.5367697536505));
#13077=CARTESIAN_POINT('Origin',(3.99999984796299,41.4226478826815,33.5367697366682));
#13078=CARTESIAN_POINT('',(-31.4999999647333,38.9609421969814,29.5367685309314));
#13079=CARTESIAN_POINT('Origin',(-31.9999999647333,38.9609421865301,29.5367685139492));
#13080=CARTESIAN_POINT('',(-7.49999987108145,37.7300902268147,27.5367693460774));
#13081=CARTESIAN_POINT('Origin',(-7.99999987108145,37.7300902163634,27.5367693290952));
#13082=CARTESIAN_POINT('',(-27.5000000583851,40.1917947524208,31.5367686667891));
#13083=CARTESIAN_POINT('Origin',(-28.0000000583851,40.1917947419695,31.5367686498069));
#13084=CARTESIAN_POINT('',(-31.500000152037,41.4226471406394,33.5367685309314));
#13085=CARTESIAN_POINT('Origin',(-32.000000152037,41.4226471301881,33.5367685139492));
#13086=CARTESIAN_POINT('',(12.5000001289185,37.7300906448665,27.5367700253658));
#13087=CARTESIAN_POINT('Origin',(12.0000001289185,37.7300906344152,27.5367700083836));
#13088=CARTESIAN_POINT('',(16.5000001289185,37.7300907284769,27.5367701612235));
#13089=CARTESIAN_POINT('Origin',(16.0000001289185,37.7300907180256,27.5367701442413));
#13090=CARTESIAN_POINT('',(-3.500000152037,41.422647725912,33.5367694819351));
#13091=CARTESIAN_POINT('Origin',(-4.000000152037,41.4226477154607,33.5367694649529));
#13092=CARTESIAN_POINT('',(-31.4999998710814,37.7300897251524,27.5367685309314));
#13093=CARTESIAN_POINT('Origin',(-31.9999998710814,37.7300897147011,27.5367685139492));
#13094=CARTESIAN_POINT('',(6.50000003526669,38.96094299128,29.5367698215793));
#13095=CARTESIAN_POINT('Origin',(6.00000003526669,38.9609429808287,29.5367698045971));
#13096=CARTESIAN_POINT('',(-17.5000000583851,40.1917949614467,31.5367690064333));
#13097=CARTESIAN_POINT('Origin',(-18.0000000583851,40.1917949509954,31.536768989451));
#13098=CARTESIAN_POINT('',(12.499999847963,41.4226480603535,33.5367700253658));
#13099=CARTESIAN_POINT('Origin',(11.999999847963,41.4226480499022,33.5367700083836));
#13100=CARTESIAN_POINT('',(-1.49999987108145,37.7300903522302,27.536769549864));
#13101=CARTESIAN_POINT('Origin',(-1.99999987108145,37.7300903417789,27.5367695328817));
#13102=CARTESIAN_POINT('',(0.499999847962993,41.4226478095224,33.5367696177928));
#13103=CARTESIAN_POINT('Origin',(-1.52037007073397E-7,41.4226477990711,
33.5367696008106));
#13104=CARTESIAN_POINT('',(4.50000012891854,37.7300904776458,27.5367697536505));
#13105=CARTESIAN_POINT('Origin',(4.00000012891855,37.7300904671945,27.5367697366682));
#13106=CARTESIAN_POINT('',(6.50000012891855,37.730090519451,27.5367698215793));
#13107=CARTESIAN_POINT('Origin',(6.00000012891855,37.7300905089997,27.5367698045971));
#13108=CARTESIAN_POINT('',(-1.500000152037,41.4226477677172,33.5367695498639));
#13109=CARTESIAN_POINT('Origin',(-2.000000152037,41.4226477572659,33.5367695328817));
#13110=CARTESIAN_POINT('',(-19.5000000583851,40.1917949196415,31.5367689385044));
#13111=CARTESIAN_POINT('Origin',(-20.0000000583851,40.1917949091902,31.5367689215222));
#13112=CARTESIAN_POINT('',(10.5000000352667,38.9609430748904,29.536769957437));
#13113=CARTESIAN_POINT('Origin',(10.0000000352667,38.9609430644391,29.5367699404548));
#13114=CARTESIAN_POINT('',(4.50000003526669,38.9609429494748,29.5367697536505));
#13115=CARTESIAN_POINT('Origin',(4.00000003526669,38.9609429390235,29.5367697366683));
#13116=CARTESIAN_POINT('',(-23.5000000583851,40.1917948360311,31.5367688026468));
#13117=CARTESIAN_POINT('Origin',(-24.0000000583851,40.1917948255798,31.5367687856645));
#13118=CARTESIAN_POINT('',(-17.4999998710814,37.7300900177887,27.5367690064333));
#13119=CARTESIAN_POINT('Origin',(-17.9999998710814,37.7300900073374,27.5367689894511));
#13120=CARTESIAN_POINT('',(16.4999999416148,40.1917956721349,31.5367701612235));
#13121=CARTESIAN_POINT('Origin',(15.9999999416148,40.1917956616836,31.5367701442413));
#13122=CARTESIAN_POINT('',(20.5000001289185,37.7300908120873,27.5367702970812));
#13123=CARTESIAN_POINT('Origin',(20.0000001289185,37.730090801636,27.5367702800989));
#13124=CARTESIAN_POINT('',(-9.49999987108145,37.7300901850095,27.5367692781486));
#13125=CARTESIAN_POINT('Origin',(-9.99999987108145,37.7300901745582,27.5367692611664));
#13126=CARTESIAN_POINT('',(-27.4999998710814,37.7300898087628,27.5367686667891));
#13127=CARTESIAN_POINT('Origin',(-27.9999998710814,37.7300897983115,27.5367686498069));
#13128=CARTESIAN_POINT('',(-27.500000152037,41.4226472242498,33.5367686667891));
#13129=CARTESIAN_POINT('Origin',(-28.000000152037,41.4226472137985,33.5367686498069));
#13130=CARTESIAN_POINT('',(-29.500000152037,41.4226471824446,33.5367685988602));
#13131=CARTESIAN_POINT('Origin',(-30.000000152037,41.4226471719933,33.536768581878));
#13132=CARTESIAN_POINT('',(2.50000012891855,37.7300904358406,27.5367696857216));
#13133=CARTESIAN_POINT('Origin',(2.00000012891855,37.7300904253893,27.5367696687394));
#13134=CARTESIAN_POINT('',(6.49999984796299,41.422647934938,33.5367698215793));
#13135=CARTESIAN_POINT('Origin',(5.99999984796299,41.4226479244867,33.5367698045971));
#13136=CARTESIAN_POINT('',(-1.4999999647333,38.9609428240592,29.536769549864));
#13137=CARTESIAN_POINT('Origin',(-1.9999999647333,38.9609428136079,29.5367695328817));
#13138=CARTESIAN_POINT('',(30.4999999416148,40.1917959647712,31.5367706367253));
#13139=CARTESIAN_POINT('Origin',(29.9999999416148,40.1917959543199,31.5367706197431));
#13140=CARTESIAN_POINT('',(0.499999941614845,40.1917953376934,31.5367696177928));
#13141=CARTESIAN_POINT('Origin',(-5.83851550305462E-8,40.1917953272421,
31.5367696008106));
#13142=CARTESIAN_POINT('',(24.499999847963,41.4226483111847,33.5367704329388));
#13143=CARTESIAN_POINT('Origin',(23.999999847963,41.4226483007334,33.5367704159566));
#13144=CARTESIAN_POINT('',(26.4999999416148,40.1917958811609,31.5367705008677));
#13145=CARTESIAN_POINT('Origin',(25.9999999416148,40.1917958707096,31.5367704838854));
#13146=CARTESIAN_POINT('',(22.5000001289185,37.7300908538925,27.53677036501));
#13147=CARTESIAN_POINT('Origin',(22.0000001289185,37.7300908434412,27.5367703480278));
#13148=CARTESIAN_POINT('',(12.5000000352667,38.9609431166955,29.5367700253658));
#13149=CARTESIAN_POINT('Origin',(12.0000000352667,38.9609431062442,29.5367700083836));
#13150=CARTESIAN_POINT('',(26.5000000352667,38.9609434093319,29.5367705008677));
#13151=CARTESIAN_POINT('Origin',(26.0000000352667,38.9609433988806,29.5367704838855));
#13152=CARTESIAN_POINT('',(18.5000000352667,38.9609432421111,29.5367702291523));
#13153=CARTESIAN_POINT('Origin',(18.0000000352667,38.9609432316598,29.5367702121701));
#13154=CARTESIAN_POINT('',(-23.500000152037,41.4226473078602,33.5367688026467));
#13155=CARTESIAN_POINT('Origin',(-24.000000152037,41.4226472974089,33.5367687856645));
#13156=CARTESIAN_POINT('',(-21.500000152037,41.4226473496653,33.5367688705756));
#13157=CARTESIAN_POINT('Origin',(-22.000000152037,41.422647339214,33.5367688535934));
#13158=CARTESIAN_POINT('',(10.4999999416148,40.1917955467193,31.536769957437));
#13159=CARTESIAN_POINT('Origin',(9.99999994161483,40.191795536268,31.5367699404548));
#13160=CARTESIAN_POINT('',(-21.4999999647333,38.9609424060073,29.5367688705756));
#13161=CARTESIAN_POINT('Origin',(-21.9999999647333,38.960942395556,29.5367688535934));
#13162=CARTESIAN_POINT('',(10.499999847963,41.4226480185483,33.536769957437));
#13163=CARTESIAN_POINT('Origin',(9.99999984796298,41.422648008097,33.5367699404548));
#13164=CARTESIAN_POINT('',(-13.5000000583851,40.1917950450571,31.5367691422909));
#13165=CARTESIAN_POINT('Origin',(-14.0000000583851,40.1917950346058,31.5367691253087));
#13166=CARTESIAN_POINT('',(-13.4999999647333,38.9609425732281,29.5367691422909));
#13167=CARTESIAN_POINT('Origin',(-13.9999999647333,38.9609425627768,29.5367691253087));
#13168=CARTESIAN_POINT('',(-9.50000015203701,41.4226476004965,33.5367692781486));
#13169=CARTESIAN_POINT('Origin',(-10.000000152037,41.4226475900452,33.5367692611664));
#13170=CARTESIAN_POINT('',(32.499999847963,41.4226484784054,33.5367707046542));
#13171=CARTESIAN_POINT('Origin',(31.999999847963,41.4226484679541,33.536770687672));
#13172=CARTESIAN_POINT('',(32.5000000352667,38.9609435347474,29.5367707046542));
#13173=CARTESIAN_POINT('Origin',(32.0000000352667,38.9609435242961,29.536770687672));
#13174=CARTESIAN_POINT('',(-13.500000152037,41.4226475168861,33.5367691422909));
#13175=CARTESIAN_POINT('Origin',(-14.000000152037,41.4226475064348,33.5367691253087));
#13176=CARTESIAN_POINT('',(-11.4999999647333,38.9609426150333,29.5367692102198));
#13177=CARTESIAN_POINT('Origin',(-11.9999999647333,38.960942604582,29.5367691932376));
#13178=CARTESIAN_POINT('',(-25.4999998710814,37.730089850568,27.5367687347179));
#13179=CARTESIAN_POINT('Origin',(-25.9999998710814,37.7300898401167,27.5367687177357));
#13180=CARTESIAN_POINT('',(2.5000000352667,38.9609429076696,29.5367696857216));
#13181=CARTESIAN_POINT('Origin',(2.0000000352667,38.9609428972183,29.5367696687394));
#13182=CARTESIAN_POINT('',(4.49999994161484,40.1917954213038,31.5367697536505));
#13183=CARTESIAN_POINT('Origin',(3.99999994161484,40.1917954108525,31.5367697366682));
#13184=CARTESIAN_POINT('',(-19.500000152037,41.4226473914705,33.5367689385044));
#13185=CARTESIAN_POINT('Origin',(-20.000000152037,41.4226473810192,33.5367689215222));
#13186=CARTESIAN_POINT('',(-17.4999999647333,38.9609424896177,29.5367690064333));
#13187=CARTESIAN_POINT('Origin',(-17.9999999647333,38.9609424791664,29.5367689894511));
#13188=CARTESIAN_POINT('',(12.4999999416148,40.1917955885245,31.5367700253658));
#13189=CARTESIAN_POINT('Origin',(11.9999999416148,40.1917955780732,31.5367700083836));
#13190=CARTESIAN_POINT('',(30.5000000352667,38.9609434929422,29.5367706367253));
#13191=CARTESIAN_POINT('Origin',(30.0000000352667,38.9609434824909,29.5367706197431));
#13192=CARTESIAN_POINT('',(22.4999999416148,40.1917957975505,31.53677036501));
#13193=CARTESIAN_POINT('Origin',(21.9999999416148,40.1917957870992,31.5367703480278));
#13194=CARTESIAN_POINT('',(24.4999999416148,40.1917958393557,31.5367704329388));
#13195=CARTESIAN_POINT('Origin',(23.9999999416148,40.1917958289044,31.5367704159566));
#13196=CARTESIAN_POINT('',(26.5000001289185,37.7300909375029,27.5367705008677));
#13197=CARTESIAN_POINT('Origin',(26.0000001289185,37.7300909270516,27.5367704838854));
#13198=CARTESIAN_POINT('',(-1.50000005838515,40.1917952958882,31.5367695498639));
#13199=CARTESIAN_POINT('Origin',(-2.00000005838515,40.1917952854369,31.5367695328817));
#13200=CARTESIAN_POINT('',(-3.50000005838515,40.191795254083,31.5367694819351));
#13201=CARTESIAN_POINT('Origin',(-4.00000005838515,40.1917952436317,31.5367694649529));
#13202=CARTESIAN_POINT('',(30.499999847963,41.4226484366002,33.5367706367253));
#13203=CARTESIAN_POINT('Origin',(29.999999847963,41.4226484261489,33.5367706197431));
#13204=CARTESIAN_POINT('',(22.499999847963,41.4226482693795,33.53677036501));
#13205=CARTESIAN_POINT('Origin',(21.999999847963,41.4226482589282,33.5367703480278));
#13206=CARTESIAN_POINT('',(-7.50000005838515,40.1917951704727,31.5367693460774));
#13207=CARTESIAN_POINT('Origin',(-8.00000005838515,40.1917951600214,31.5367693290952));
#13208=CARTESIAN_POINT('',(-23.4999998710814,37.7300898923732,27.5367688026468));
#13209=CARTESIAN_POINT('Origin',(-23.9999998710814,37.7300898819219,27.5367687856645));
#13210=CARTESIAN_POINT('',(-13.4999998710814,37.7300901013991,27.5367691422909));
#13211=CARTESIAN_POINT('Origin',(-13.9999998710814,37.7300900909478,27.5367691253087));
#13212=CARTESIAN_POINT('',(-31.5000000583851,40.1917946688104,31.5367685309314));
#13213=CARTESIAN_POINT('Origin',(-32.0000000583851,40.1917946583591,31.5367685139492));
#13214=CARTESIAN_POINT('',(-29.5000000583851,40.1917947106156,31.5367685988602));
#13215=CARTESIAN_POINT('Origin',(-30.0000000583851,40.1917947001643,31.536768581878));
#13216=CARTESIAN_POINT('',(-29.4999998710814,37.7300897669576,27.5367685988603));
#13217=CARTESIAN_POINT('Origin',(-29.9999998710814,37.7300897565063,27.536768581878));
#13218=CARTESIAN_POINT('',(20.4999999416148,40.1917957557453,31.5367702970811));
#13219=CARTESIAN_POINT('Origin',(19.9999999416148,40.191795745294,31.5367702800989));
#13220=CARTESIAN_POINT('',(18.5000001289185,37.7300907702821,27.5367702291523));
#13221=CARTESIAN_POINT('Origin',(18.0000001289185,37.7300907598308,27.5367702121701));
#13222=CARTESIAN_POINT('',(-5.500000152037,41.4226476841068,33.5367694140063));
#13223=CARTESIAN_POINT('Origin',(-6.000000152037,41.4226476736555,33.5367693970241));
#13224=CARTESIAN_POINT('',(8.50000012891855,37.7300905612562,27.5367698895081));
#13225=CARTESIAN_POINT('Origin',(8.00000012891855,37.7300905508049,27.5367698725259));
#13226=CARTESIAN_POINT('',(8.50000003526669,38.9609430330852,29.5367698895081));
#13227=CARTESIAN_POINT('Origin',(8.00000003526669,38.9609430226339,29.5367698725259));
#13228=CARTESIAN_POINT('',(18.499999847963,41.4226481857691,33.5367702291523));
#13229=CARTESIAN_POINT('Origin',(17.999999847963,41.4226481753178,33.5367702121701));
#13230=CARTESIAN_POINT('',(20.499999847963,41.4226482275743,33.5367702970812));
#13231=CARTESIAN_POINT('Origin',(19.999999847963,41.422648217123,33.5367702800989));
#13232=CARTESIAN_POINT('',(-3.49999987108145,37.730090310425,27.5367694819351));
#13233=CARTESIAN_POINT('Origin',(-3.99999987108145,37.7300902999737,27.5367694649529));
#13234=CARTESIAN_POINT('',(-5.49999987108145,37.7300902686199,27.5367694140063));
#13235=CARTESIAN_POINT('Origin',(-5.99999987108145,37.7300902581686,27.5367693970241));
#13236=CARTESIAN_POINT('',(-21.4999998710814,37.7300899341783,27.5367688705756));
#13237=CARTESIAN_POINT('Origin',(-21.9999998710814,37.730089923727,27.5367688535934));
#13238=CARTESIAN_POINT('',(-19.4999998710814,37.7300899759835,27.5367689385044));
#13239=CARTESIAN_POINT('Origin',(-19.9999998710814,37.7300899655322,27.5367689215222));
#13240=CARTESIAN_POINT('',(0.500000128918549,37.7300903940354,27.5367696177928));
#13241=CARTESIAN_POINT('Origin',(1.28918549055155E-7,37.7300903835841,27.5367696008106));
#13242=CARTESIAN_POINT('',(14.499999847963,41.4226481021587,33.5367700932946));
#13243=CARTESIAN_POINT('Origin',(13.999999847963,41.4226480917074,33.5367700763124));
#13244=CARTESIAN_POINT('',(-25.5000000583851,40.191794794226,31.5367687347179));
#13245=CARTESIAN_POINT('Origin',(-26.0000000583851,40.1917947837747,31.5367687177357));
#13246=CARTESIAN_POINT('',(-21.5000000583851,40.1917948778363,31.5367688705756));
#13247=CARTESIAN_POINT('Origin',(-22.0000000583851,40.191794867385,31.5367688535934));
#13248=CARTESIAN_POINT('',(16.499999847963,41.4226481439639,33.5367701612235));
#13249=CARTESIAN_POINT('Origin',(15.999999847963,41.4226481335126,33.5367701442413));
#13250=CARTESIAN_POINT('',(-17.500000152037,41.4226474332757,33.5367690064333));
#13251=CARTESIAN_POINT('Origin',(-18.000000152037,41.4226474228244,33.536768989451));
#13252=CARTESIAN_POINT('',(-7.500000152037,41.4226476423017,33.5367693460774));
#13253=CARTESIAN_POINT('Origin',(-8.000000152037,41.4226476318504,33.5367693290952));
#13254=CARTESIAN_POINT('',(14.5000001289185,37.7300906866717,27.5367700932946));
#13255=CARTESIAN_POINT('Origin',(14.0000001289185,37.7300906762204,27.5367700763124));
#13256=CARTESIAN_POINT('',(18.4999999416148,40.1917957139401,31.5367702291523));
#13257=CARTESIAN_POINT('Origin',(17.9999999416148,40.1917957034888,31.5367702121701));
#13258=CARTESIAN_POINT('',(-27.4999999647333,38.9609422805918,29.5367686667891));
#13259=CARTESIAN_POINT('Origin',(-27.9999999647333,38.9609422701405,29.5367686498069));
#13260=CARTESIAN_POINT('',(-29.4999999647333,38.9609422387866,29.5367685988603));
#13261=CARTESIAN_POINT('Origin',(-29.9999999647333,38.9609422283353,29.536768581878));
#13262=CARTESIAN_POINT('',(-11.4999998710814,37.7300901432043,27.5367692102198));
#13263=CARTESIAN_POINT('Origin',(-11.9999998710814,37.730090132753,27.5367691932376));
#13264=CARTESIAN_POINT('',(-15.4999998710814,37.7300900595939,27.5367690743621));
#13265=CARTESIAN_POINT('Origin',(-15.9999998710814,37.7300900491426,27.5367690573799));
#13266=CARTESIAN_POINT('',(8.49999984796299,41.4226479767432,33.5367698895081));
#13267=CARTESIAN_POINT('Origin',(7.99999984796299,41.4226479662919,33.5367698725259));
#13268=CARTESIAN_POINT('',(28.4999999416148,40.191795922966,31.5367705687965));
#13269=CARTESIAN_POINT('Origin',(27.9999999416148,40.1917959125147,31.5367705518143));
#13270=CARTESIAN_POINT('',(28.5000001289185,37.730090979308,27.5367705687965));
#13271=CARTESIAN_POINT('Origin',(28.0000001289185,37.7300909688568,27.5367705518143));
#13272=CARTESIAN_POINT('',(-5.4999999647333,38.9609427404488,29.5367694140063));
#13273=CARTESIAN_POINT('Origin',(-5.9999999647333,38.9609427299975,29.5367693970241));
#13274=CARTESIAN_POINT('',(-7.4999999647333,38.9609426986437,29.5367693460774));
#13275=CARTESIAN_POINT('Origin',(-7.9999999647333,38.9609426881924,29.5367693290952));
#13276=CARTESIAN_POINT('',(30.5000001289185,37.7300910211132,27.5367706367253));
#13277=CARTESIAN_POINT('Origin',(30.0000001289185,37.7300910106619,27.5367706197431));
#13278=CARTESIAN_POINT('',(24.5000001289185,37.7300908956977,27.5367704329388));
#13279=CARTESIAN_POINT('Origin',(24.0000001289185,37.7300908852464,27.5367704159566));
#13280=CARTESIAN_POINT('',(24.5000000352667,38.9609433675267,29.5367704329388));
#13281=CARTESIAN_POINT('Origin',(24.0000000352667,38.9609433570754,29.5367704159566));
#13282=CARTESIAN_POINT('',(22.5000000352667,38.9609433257215,29.53677036501));
#13283=CARTESIAN_POINT('Origin',(22.0000000352667,38.9609433152702,29.5367703480278));
#13284=CARTESIAN_POINT('',(16.5000000352667,38.9609432003059,29.5367701612235));
#13285=CARTESIAN_POINT('Origin',(16.0000000352667,38.9609431898546,29.5367701442413));
#13286=CARTESIAN_POINT('',(8.49999994161484,40.1917955049142,31.5367698895081));
#13287=CARTESIAN_POINT('Origin',(7.99999994161484,40.1917954944629,31.5367698725259));
#13288=CARTESIAN_POINT('',(2.49999994161484,40.1917953794986,31.5367696857216));
#13289=CARTESIAN_POINT('Origin',(1.99999994161485,40.1917953690473,31.5367696687394));
#13290=CARTESIAN_POINT('',(-25.4999999647333,38.960942322397,29.5367687347179));
#13291=CARTESIAN_POINT('Origin',(-25.9999999647333,38.9609423119457,29.5367687177357));
#13292=CARTESIAN_POINT('',(6.49999994161484,40.191795463109,31.5367698215793));
#13293=CARTESIAN_POINT('Origin',(5.99999994161484,40.1917954526577,31.5367698045971));
#13294=CARTESIAN_POINT('',(-9.50000005838515,40.1917951286675,31.5367692781486));
#13295=CARTESIAN_POINT('Origin',(-10.0000000583852,40.1917951182162,31.5367692611664));
#13296=CARTESIAN_POINT('',(-11.5000000583851,40.1917950868623,31.5367692102198));
#13297=CARTESIAN_POINT('Origin',(-12.0000000583851,40.191795076411,31.5367691932376));
#13298=CARTESIAN_POINT('',(-15.4999999647333,38.9609425314229,29.5367690743621));
#13299=CARTESIAN_POINT('Origin',(-15.9999999647333,38.9609425209716,29.5367690573799));
#13300=CARTESIAN_POINT('',(-11.500000152037,41.4226475586913,33.5367692102198));
#13301=CARTESIAN_POINT('Origin',(-12.000000152037,41.42264754824,33.5367691932376));
#13302=CARTESIAN_POINT('',(32.4999999416148,40.1917960065764,31.5367707046542));
#13303=CARTESIAN_POINT('Origin',(31.9999999416148,40.1917959961251,31.536770687672));
#13304=CARTESIAN_POINT('Ctrl Pts',(42.1849996276743,24.7586809342591,12.6572617889564));
#13305=CARTESIAN_POINT('Ctrl Pts',(42.1849996276542,29.7285181518964,20.4077321234014));
#13306=CARTESIAN_POINT('Ctrl Pts',(42.1849996276341,34.6983553695337,28.1582024578464));
#13307=CARTESIAN_POINT('Ctrl Pts',(42.1849996276139,39.668192587171,35.9086727922914));
#13308=CARTESIAN_POINT('Ctrl Pts',(42.1849996276747,25.3570783579891,12.7573400401107));
#13309=CARTESIAN_POINT('Ctrl Pts',(42.1843325914929,30.3264039433319,20.5795799618789));
#13310=CARTESIAN_POINT('Ctrl Pts',(42.1855122448346,35.2974898337735,28.4004916518107));
#13311=CARTESIAN_POINT('Ctrl Pts',(42.1849996276135,40.2620521272302,36.2257676724161));
#13312=CARTESIAN_POINT('Ctrl Pts',(41.9445183734811,26.5553101897719,12.9496790499145));
#13313=CARTESIAN_POINT('Ctrl Pts',(41.9519313102529,31.5280844627273,20.911888592996));
#13314=CARTESIAN_POINT('Ctrl Pts',(41.9629827869828,36.4991307107741,28.8748624166822));
#13315=CARTESIAN_POINT('Ctrl Pts',(41.9789060134987,41.4695409107434,36.8385449397666));
#13316=CARTESIAN_POINT('Ctrl Pts',(40.654941984942,28.3282237013087,13.1572590716579));
#13317=CARTESIAN_POINT('Ctrl Pts',(40.6375753271563,33.3437353462113,21.2928130511248));
#13318=CARTESIAN_POINT('Ctrl Pts',(40.6202017709334,38.3636149529697,29.4256268801197));
#13319=CARTESIAN_POINT('Ctrl Pts',(40.6005056109458,43.3844913966459,37.5578606820569));
#13320=CARTESIAN_POINT('Ctrl Pts',(39.1110053817365,28.9096508248132,13.2045246557142));
#13321=CARTESIAN_POINT('Ctrl Pts',(39.0269370788133,33.9473611046559,21.3892601700188));
#13322=CARTESIAN_POINT('Ctrl Pts',(38.9426352773863,38.9837911292411,29.5732256980674));
#13323=CARTESIAN_POINT('Ctrl Pts',(38.8564131056502,44.0207499143674,37.7584000155952));
#13324=CARTESIAN_POINT('Ctrl Pts',(38.1777755120008,28.9109409197794,13.206620918257));
#13325=CARTESIAN_POINT('Ctrl Pts',(38.053529581662,33.9478960167441,21.3911194058406));
#13326=CARTESIAN_POINT('Ctrl Pts',(37.9292836513232,38.9848511137087,29.5756178934241));
#13327=CARTESIAN_POINT('Ctrl Pts',(37.8050377209844,44.0218062106734,37.7601163810077));
#13328=CARTESIAN_POINT('',(42.1849996276729,25.1109467102486,13.206620918257));
#13329=CARTESIAN_POINT('Ctrl Pts',(38.1777755120008,28.9109409197794,13.206620918257));
#13330=CARTESIAN_POINT('Ctrl Pts',(38.4591566684629,28.9109409197794,13.206620918257));
#13331=CARTESIAN_POINT('Ctrl Pts',(38.7399339667543,28.8824903438707,13.206620918257));
#13332=CARTESIAN_POINT('Ctrl Pts',(39.2891563457854,28.7697930777602,13.206620918257));
#13333=CARTESIAN_POINT('Ctrl Pts',(39.5565101445322,28.686198851847,13.206620918257));
#13334=CARTESIAN_POINT('Ctrl Pts',(40.2954829432801,28.3695647851632,13.206620918257));
#13335=CARTESIAN_POINT('Ctrl Pts',(40.7344454965738,28.0721844347281,13.206620918257));
#13336=CARTESIAN_POINT('Ctrl Pts',(41.4497563432151,27.3446794319634,13.206620918257));
#13337=CARTESIAN_POINT('Ctrl Pts',(41.7279356534566,26.9280811808581,13.2066209182568));
#13338=CARTESIAN_POINT('Ctrl Pts',(42.0922405343239,26.037660589506,13.2066209182568));
#13339=CARTESIAN_POINT('Ctrl Pts',(42.1849996276734,25.5774091891249,13.206620918257));
#13340=CARTESIAN_POINT('Ctrl Pts',(42.1849996276729,25.1109467102486,13.206620918257));
#13341=CARTESIAN_POINT('',(42.1849996276139,39.6681925871715,35.9086727922916));
#13342=CARTESIAN_POINT('',(42.1849996276755,24.4697163070347,12.2066209182537));
#13343=CARTESIAN_POINT('Ctrl Pts',(42.1849996276139,39.668192587171,35.9086727922914));
#13344=CARTESIAN_POINT('Ctrl Pts',(42.1849996276139,39.891093350396,35.9683849782596));
#13345=CARTESIAN_POINT('Ctrl Pts',(42.1607810503205,40.112500153814,36.0276969520233));
#13346=CARTESIAN_POINT('Ctrl Pts',(42.0632854927102,40.5672053633188,36.1495065036723));
#13347=CARTESIAN_POINT('Ctrl Pts',(41.9864301101897,40.798041964644,36.2113445964037));
#13348=CARTESIAN_POINT('Ctrl Pts',(41.6759982757512,41.490788079408,36.3969221791586));
#13349=CARTESIAN_POINT('Ctrl Pts',(41.3650341802668,41.9180032190927,36.5113675022726));
#13350=CARTESIAN_POINT('Ctrl Pts',(40.5728048297947,42.668423523766,36.7123952427731));
#13351=CARTESIAN_POINT('Ctrl Pts',(40.0838199555437,42.9767998030058,36.795005196493));
#13352=CARTESIAN_POINT('Ctrl Pts',(39.0001149267576,43.405443680649,36.9098332597335));
#13353=CARTESIAN_POINT('Ctrl Pts',(38.4113453374135,43.51689385937,36.9396892983656));
#13354=CARTESIAN_POINT('Ctrl Pts',(37.8174923296953,43.5168938593705,36.9396892983658));
#13355=CARTESIAN_POINT('Origin',(42.1849996276101,-32.7425164686266,12.2066209182537));
#13356=CARTESIAN_POINT('',(42.1849996276824,-32.7024816451044,13.206620918257));
#13357=CARTESIAN_POINT('',(42.1849996276231,-18.4394582747328,13.206620918257));
#13358=CARTESIAN_POINT('',(42.1849996279244,-32.5683315123566,16.557457039067));
#13359=CARTESIAN_POINT('',(42.1849996276101,-32.7425164686266,12.2066209182537));
#13360=CARTESIAN_POINT('',(42.1849996276003,-14.7939700459465,21.3189749539987));
#13361=CARTESIAN_POINT('',(42.1849996276101,18.0561922269804,26.1301487675862));
#13362=CARTESIAN_POINT('Origin',(42.1849996276101,20.5561922269804,26.1301487675862));
#13363=CARTESIAN_POINT('Ctrl Pts',(38.1108887657966,-36.742516468598,12.9477295370785));
#13364=CARTESIAN_POINT('Ctrl Pts',(38.0268416001837,-36.7425164685643,13.788201194031));
#13365=CARTESIAN_POINT('Ctrl Pts',(37.9427944345708,-36.7425164685305,14.6286728509836));
#13366=CARTESIAN_POINT('Ctrl Pts',(37.8587472689578,-36.7425164684968,15.4691445079361));
#13367=CARTESIAN_POINT('Ctrl Pts',(38.721378986913,-36.7425164685986,12.932870038218));
#13368=CARTESIAN_POINT('Ctrl Pts',(38.6509673270807,-36.7425919035525,13.7734170700083));
#13369=CARTESIAN_POINT('Ctrl Pts',(38.5806761903964,-36.7424748185851,14.6140723915964));
#13370=CARTESIAN_POINT('Ctrl Pts',(38.5101664797259,-36.7425164684974,15.4546058800645));
#13371=CARTESIAN_POINT('Ctrl Pts',(39.9410960875356,-36.4653693459517,12.9315126694807));
#13372=CARTESIAN_POINT('Ctrl Pts',(39.8989512273367,-36.4608995062832,13.7922954951254));
#13373=CARTESIAN_POINT('Ctrl Pts',(39.8565991486563,-36.4566980610514,14.6532062667246));
#13374=CARTESIAN_POINT('Ctrl Pts',(39.8140411462361,-36.4524433339841,15.5139678415915));
#13375=CARTESIAN_POINT('Ctrl Pts',(41.6539720575967,-35.1097964648841,13.0243820200755));
#13376=CARTESIAN_POINT('Ctrl Pts',(41.6463888488652,-35.0862389975804,13.9830507662674));
#13377=CARTESIAN_POINT('Ctrl Pts',(41.6388245707339,-35.0628013649328,14.9417735026265));
#13378=CARTESIAN_POINT('Ctrl Pts',(41.6311476503086,-35.0396474124149,15.9004551949884));
#13379=CARTESIAN_POINT('Ctrl Pts',(42.1849996276815,-33.6070806107344,13.139462656556));
#13380=CARTESIAN_POINT('Ctrl Pts',(42.1848896966449,-33.5694379184733,14.2074614087071));
#13381=CARTESIAN_POINT('Ctrl Pts',(42.1850819433717,-33.5324571286822,15.2757667575451));
#13382=CARTESIAN_POINT('Ctrl Pts',(42.1849996279265,-33.4948642080957,16.3437677073684));
#13383=CARTESIAN_POINT('Ctrl Pts',(42.1849996276824,-32.7024816451161,13.206620918181));
#13384=CARTESIAN_POINT('Ctrl Pts',(42.1849996277643,-32.6570792120634,14.340694433773));
#13385=CARTESIAN_POINT('Ctrl Pts',(42.1849996278462,-32.6116767790105,15.4747679493649));
#13386=CARTESIAN_POINT('Ctrl Pts',(42.1849996279281,-32.5662743459576,16.6088414649569));
#13387=CARTESIAN_POINT('',(38.0849996277041,-36.7425164685876,13.206620918257));
#13388=CARTESIAN_POINT('Ctrl Pts',(42.1849996276824,-32.7024816451131,13.206620918257));
#13389=CARTESIAN_POINT('Ctrl Pts',(42.1849996276835,-32.9685397213537,13.206620918257));
#13390=CARTESIAN_POINT('Ctrl Pts',(42.1583485061272,-33.2338807520497,13.206620918257));
#13391=CARTESIAN_POINT('Ctrl Pts',(42.0524867127264,-33.7557458300817,13.206620918257));
#13392=CARTESIAN_POINT('Ctrl Pts',(41.9734918230188,-34.0108368333046,13.206620918281));
#13393=CARTESIAN_POINT('Ctrl Pts',(41.6644196757251,-34.7416839052236,13.206620918281));
#13394=CARTESIAN_POINT('Ctrl Pts',(41.3654294385084,-35.1815018818034,13.2066209182878));
#13395=CARTESIAN_POINT('Ctrl Pts',(40.6090566234174,-35.9296973813109,13.2066209182878));
#13396=CARTESIAN_POINT('Ctrl Pts',(40.1563971952245,-36.2281672680345,13.206620918257));
#13397=CARTESIAN_POINT('Ctrl Pts',(39.1603548000677,-36.6368422564296,13.206620918257));
#13398=CARTESIAN_POINT('Ctrl Pts',(38.6248357715078,-36.7425164685876,13.206620918257));
#13399=CARTESIAN_POINT('Ctrl Pts',(38.0849996277041,-36.7425164685876,13.206620918257));
#13400=CARTESIAN_POINT('',(37.8617369467173,-36.742516468498,15.4392477303127));
#13401=CARTESIAN_POINT('',(38.1849996276101,-36.7425164686278,12.2066209182169));
#13402=CARTESIAN_POINT('Ctrl Pts',(37.8617369467173,-36.742516468498,15.4392477303127));
#13403=CARTESIAN_POINT('Ctrl Pts',(38.4395524408865,-36.742516468498,15.4392477303126));
#13404=CARTESIAN_POINT('Ctrl Pts',(39.0115961052256,-36.6303863000617,15.4692859292557));
#13405=CARTESIAN_POINT('Ctrl Pts',(40.0644478624439,-36.2006055842926,15.5844185364941));
#13406=CARTESIAN_POINT('Ctrl Pts',(40.5370414449056,-35.891564562426,15.6672065660302));
#13407=CARTESIAN_POINT('Ctrl Pts',(41.3318463224281,-35.1160576141241,15.874954688767));
#13408=CARTESIAN_POINT('Ctrl Pts',(41.6466786753132,-34.6571463837979,15.9978909781348));
#13409=CARTESIAN_POINT('Ctrl Pts',(42.0749835515515,-33.6500166125316,16.2676878120525));
#13410=CARTESIAN_POINT('Ctrl Pts',(42.184999627924,-33.1118080716429,16.4118668091013));
#13411=CARTESIAN_POINT('Ctrl Pts',(42.1849996279244,-32.5683315123799,16.5574570390607));
#13412=CARTESIAN_POINT('Origin',(-38.1850003722016,-36.7425164686278,12.2066209182169));
#13413=CARTESIAN_POINT('',(-38.0850003721467,-36.7425164686278,13.206620918257));
#13414=CARTESIAN_POINT('',(-19.0925003722363,-36.7425164685876,13.206620918257));
#13415=CARTESIAN_POINT('',(-37.8617376908308,-36.7425164686278,15.4392477302802));
#13416=CARTESIAN_POINT('',(-38.1850003722016,-36.7425164686278,12.2066209182169));
#13417=CARTESIAN_POINT('',(-19.0925003721898,-36.742516468498,15.4392477303144));
#13418=CARTESIAN_POINT('Ctrl Pts',(-42.1850003721949,-32.7024816451087,
13.206620918257));
#13419=CARTESIAN_POINT('Ctrl Pts',(-42.1850003721873,-32.6570814473456,
14.3406386001839));
#13420=CARTESIAN_POINT('Ctrl Pts',(-42.1850003721797,-32.6116812495825,
15.4746562821109));
#13421=CARTESIAN_POINT('Ctrl Pts',(-42.185000372172,-32.5662810518194,16.6086739640378));
#13422=CARTESIAN_POINT('Ctrl Pts',(-42.1850003721951,-33.9086135992759,
13.1170765694033));
#13423=CARTESIAN_POINT('Ctrl Pts',(-42.1850520258764,-33.8731490504642,
14.1626937658482));
#13424=CARTESIAN_POINT('Ctrl Pts',(-42.1848545896905,-33.8397652816299,
15.209629381497));
#13425=CARTESIAN_POINT('Ctrl Pts',(-42.1850003721726,-33.8043992846968,
16.2552552788091));
#13426=CARTESIAN_POINT('Ctrl Pts',(-41.1680193865785,-35.9991923057038,
12.9533971109022));
#13427=CARTESIAN_POINT('Ctrl Pts',(-41.1532714610915,-35.985727844228,13.8477271808801));
#13428=CARTESIAN_POINT('Ctrl Pts',(-41.1383346616009,-35.9722945002174,
14.7417673489004));
#13429=CARTESIAN_POINT('Ctrl Pts',(-41.1231993995541,-35.9594102246309,
15.6361004717449));
#13430=CARTESIAN_POINT('Ctrl Pts',(-39.0266248419505,-36.7425164686278,
12.9254402889025));
#13431=CARTESIAN_POINT('Ctrl Pts',(-38.963330185904,-36.7431147018773,13.7658845668866));
#13432=CARTESIAN_POINT('Ctrl Pts',(-38.8994439782315,-36.7419593289688,
14.6067949423383));
#13433=CARTESIAN_POINT('Ctrl Pts',(-38.835886231521,-36.7425164686278,15.4472124072146));
#13434=CARTESIAN_POINT('Ctrl Pts',(-38.110889510267,-36.7425164686278,12.9477295372265));
#13435=CARTESIAN_POINT('Ctrl Pts',(-38.0268464824108,-36.7425164686278,
13.7881598153606));
#13436=CARTESIAN_POINT('Ctrl Pts',(-37.9428034545546,-36.7425164686278,
14.6285900934947));
#13437=CARTESIAN_POINT('Ctrl Pts',(-37.8587604266985,-36.7425164686278,
15.4690203716289));
#13438=CARTESIAN_POINT('',(-42.1850003721949,-32.7024816451096,13.206620918257));
#13439=CARTESIAN_POINT('Ctrl Pts',(-38.0850003721507,-36.7425164686278,
13.206620918257));
#13440=CARTESIAN_POINT('Ctrl Pts',(-38.3652991383853,-36.7425164686278,
13.206620918257));
#13441=CARTESIAN_POINT('Ctrl Pts',(-38.6449915832503,-36.7140255347064,
13.206620918257));
#13442=CARTESIAN_POINT('Ctrl Pts',(-39.1942427189302,-36.601189985104,13.206620918257));
#13443=CARTESIAN_POINT('Ctrl Pts',(-39.4626253173315,-36.5170622712948,
13.2066209182441));
#13444=CARTESIAN_POINT('Ctrl Pts',(-40.2100593767368,-36.1964608671913,
13.2066209182441));
#13445=CARTESIAN_POINT('Ctrl Pts',(-40.6549903655133,-35.8937067838454,
13.2066209182422));
#13446=CARTESIAN_POINT('Ctrl Pts',(-41.396119180771,-35.1408620330596,13.2066209182422));
#13447=CARTESIAN_POINT('Ctrl Pts',(-41.6877318666918,-34.7005245507354,
13.2066209182565));
#13448=CARTESIAN_POINT('Ctrl Pts',(-42.0834893205002,-33.7356770436898,
13.2066209182565));
#13449=CARTESIAN_POINT('Ctrl Pts',(-42.1850003721947,-33.2217718334348,
13.206620918257));
#13450=CARTESIAN_POINT('Ctrl Pts',(-42.1850003721949,-32.7024816451087,
13.206620918257));
#13451=CARTESIAN_POINT('',(-42.1850003721724,-32.5683315123738,16.5574570390649));
#13452=CARTESIAN_POINT('',(-42.1850003722016,-32.7425164686283,12.2066209182506));
#13453=CARTESIAN_POINT('Ctrl Pts',(-42.1850003721724,-32.5683315123718,
16.5574570390655));
#13454=CARTESIAN_POINT('Ctrl Pts',(-42.1850003721725,-32.8493899641185,
16.4821651724258));
#13455=CARTESIAN_POINT('Ctrl Pts',(-42.155576896351,-33.1297215385361,16.4070680266727));
#13456=CARTESIAN_POINT('Ctrl Pts',(-42.0386801243437,-33.6808910547831,
16.2594169546084));
#13457=CARTESIAN_POINT('Ctrl Pts',(-41.9514073895573,-33.9502805190264,
16.1872510564122));
#13458=CARTESIAN_POINT('Ctrl Pts',(-41.6159598252707,-34.7072997053542,
15.9844555622134));
#13459=CARTESIAN_POINT('Ctrl Pts',(-41.2968267349378,-35.1591833807877,
15.8634018624725));
#13460=CARTESIAN_POINT('Ctrl Pts',(-40.4969679481793,-35.9208063847779,
15.6593730660075));
#13461=CARTESIAN_POINT('Ctrl Pts',(-40.0234405270077,-36.2230760079907,
15.5783990052072));
#13462=CARTESIAN_POINT('Ctrl Pts',(-38.9825731112435,-36.6360289219908,
15.4677743449768));
#13463=CARTESIAN_POINT('Ctrl Pts',(-38.4248264806726,-36.7425164686278,
15.4392477302802));
#13464=CARTESIAN_POINT('Ctrl Pts',(-37.8617376908348,-36.7425164686278,
15.4392477302802));
#13465=CARTESIAN_POINT('Origin',(-42.185000372168,24.4697163070416,12.2066209182506));
#13466=CARTESIAN_POINT('',(-42.1850003721693,10.1666581131367,13.206620918257));
#13467=CARTESIAN_POINT('',(-42.185000372071,11.89673162225,28.4690632649309));
#13468=CARTESIAN_POINT('Origin',(-3.72271017484715E-7,-4.1364000807907,
13.206620918257));
#13469=CARTESIAN_POINT('Origin',(-3.72177822485295E-7,4.23040315601333,
26.4153545900655));
#13470=CARTESIAN_POINT('',(-15.4999999303332,30.8140677473123,33.5367690743621));
#13471=CARTESIAN_POINT('Origin',(-15.9999999303332,30.814067683919,33.5367690573799));
#13472=CARTESIAN_POINT('',(-9.71802596021251,17.4237344797911,29.9496747159683));
#13473=CARTESIAN_POINT('',(-10.281973073685,17.4237344680054,29.9496747128111));
#13474=CARTESIAN_POINT('Origin',(-9.99999948242535,15.882391795332,29.5367692611664));
#13475=CARTESIAN_POINT('',(-5.00000009231725,17.4237345783909,29.9496747423817));
#13476=CARTESIAN_POINT('',(-15.4999997063793,23.3482294226592,31.5367690743621));
#13477=CARTESIAN_POINT('Origin',(-15.9999997063793,23.3482293592659,31.5367690573799));
#13478=CARTESIAN_POINT('',(-23.7180265417385,17.4237341872115,29.9496746375905));
#13479=CARTESIAN_POINT('',(-24.2819724921591,17.4237341754259,29.9496746344333));
#13480=CARTESIAN_POINT('Origin',(-23.9999994824253,15.8823900203204,29.5367687856645));
#13481=CARTESIAN_POINT('',(-12.0000000923172,17.4237344321011,29.9496747031928));
#13482=CARTESIAN_POINT('',(-19.718026375588,17.4237342708057,29.9496746599841));
#13483=CARTESIAN_POINT('',(-20.2819726583095,17.42373425902,29.9496746568269));
#13484=CARTESIAN_POINT('Origin',(-19.9999994824253,15.8823905274666,29.5367689215222));
#13485=CARTESIAN_POINT('',(-10.0000000923173,17.4237344738982,29.9496747143897));
#13486=CARTESIAN_POINT('',(-25.4999999303332,30.8140664794469,33.5367687347179));
#13487=CARTESIAN_POINT('Origin',(-25.9999999303332,30.8140664160536,33.5367687177357));
#13488=CARTESIAN_POINT('',(28.2819756182062,17.4237352739355,29.949674928708));
#13489=CARTESIAN_POINT('',(27.7180253478962,17.4237352621498,29.9496749255507));
#13490=CARTESIAN_POINT('Origin',(28.0000005175745,15.8823966132206,29.5367705518143));
#13491=CARTESIAN_POINT('',(13.9999999076827,17.4237349754631,29.9496748487516));
#13492=CARTESIAN_POINT('',(20.2819752859086,17.4237351067472,29.9496748839207));
#13493=CARTESIAN_POINT('',(19.7180256801938,17.4237350949615,29.9496748807634));
#13494=CARTESIAN_POINT('Origin',(20.0000005175746,15.8823955989282,29.5367702800989));
#13495=CARTESIAN_POINT('',(9.99999990768274,17.423734891869,29.9496748263579));
#13496=CARTESIAN_POINT('',(14.281975036685,17.423734981356,29.9496748503302));
#13497=CARTESIAN_POINT('',(13.7180259294174,17.4237349695703,29.949674847173));
#13498=CARTESIAN_POINT('Origin',(14.0000005175746,15.882394838209,29.5367700763124));
#13499=CARTESIAN_POINT('',(6.99999990768274,17.4237348291734,29.9496748095627));
#13500=CARTESIAN_POINT('',(14.5000002936206,23.3482332262554,31.5367700932946));
#13501=CARTESIAN_POINT('Origin',(14.0000002936206,23.3482331628621,31.5367700763124));
#13502=CARTESIAN_POINT('',(26.5000000696667,30.8140730723471,33.5367705008677));
#13503=CARTESIAN_POINT('Origin',(26.0000000696667,30.8140730089538,33.5367704838854));
#13504=CARTESIAN_POINT('',(0.281974455162091,17.4237346887764,29.9496747719524));
#13505=CARTESIAN_POINT('',(-0.281973489059638,17.4237346769908,29.9496747687952));
#13506=CARTESIAN_POINT('Origin',(5.1757462513861E-7,15.8823930631974,29.5367696008106));
#13507=CARTESIAN_POINT('',(-9.23172537174281E-8,17.4237346828836,29.9496747703738));
#13508=CARTESIAN_POINT('',(-5.49999970637929,23.3482306905246,31.5367694140063));
#13509=CARTESIAN_POINT('Origin',(-5.99999970637929,23.3482306271313,31.5367693970241));
#13510=CARTESIAN_POINT('',(-3.71802571098763,17.4237346051823,29.9496747495587));
#13511=CARTESIAN_POINT('',(-4.28197332290991,17.4237345933966,29.9496747464015));
#13512=CARTESIAN_POINT('Origin',(-3.99999948242536,15.8823925560512,29.5367694649529));
#13513=CARTESIAN_POINT('',(-2.00000009231725,17.4237346410865,29.949674759177));
#13514=CARTESIAN_POINT('',(28.5000000696667,30.8140733259201,33.5367705687965));
#13515=CARTESIAN_POINT('Origin',(28.0000000696667,30.8140732625269,33.5367705518143));
#13516=CARTESIAN_POINT('',(2.50000006966675,30.8140700294701,33.5367696857216));
#13517=CARTESIAN_POINT('Origin',(2.00000006966675,30.8140699660768,33.5367696687394));
#13518=CARTESIAN_POINT('',(4.50000006966674,30.8140702830431,33.5367697536505));
#13519=CARTESIAN_POINT('Origin',(4.00000006966674,30.8140702196499,33.5367697366682));
#13520=CARTESIAN_POINT('',(-31.7180268740398,17.4237340200232,29.9496745928032));
#13521=CARTESIAN_POINT('',(-32.2819721598577,17.4237340082376,29.949674589646));
#13522=CARTESIAN_POINT('Origin',(-31.9999994824253,15.8823890060281,29.5367685139492));
#13523=CARTESIAN_POINT('',(-16.0000000923172,17.423734348507,29.9496746807992));
#13524=CARTESIAN_POINT('',(-27.4999997063792,23.3482279012207,31.5367686667891));
#13525=CARTESIAN_POINT('Origin',(-27.9999997063792,23.3482278378274,31.5367686498069));
#13526=CARTESIAN_POINT('',(-31.4999999303331,30.8140657187277,33.5367685309314));
#13527=CARTESIAN_POINT('Origin',(-31.9999999303331,30.8140656553344,33.5367685139492));
#13528=CARTESIAN_POINT('',(-3.49999993033323,30.8140692687508,33.5367694819351));
#13529=CARTESIAN_POINT('Origin',(-3.99999993033323,30.8140692053575,33.5367694649529));
#13530=CARTESIAN_POINT('',(6.28197470438643,17.4237348141677,29.9496748055429));
#13531=CARTESIAN_POINT('',(5.71802626171602,17.423734802382,29.9496748023856));
#13532=CARTESIAN_POINT('Origin',(6.00000051757461,15.8823938239166,29.5367698045971));
#13533=CARTESIAN_POINT('',(2.99999990768274,17.4237347455792,29.949674787169));
#13534=CARTESIAN_POINT('',(-17.4999997063793,23.3482291690861,31.5367690064333));
#13535=CARTESIAN_POINT('Origin',(-17.9999997063793,23.3482291056928,31.536768989451));
#13536=CARTESIAN_POINT('',(12.5000000696667,30.8140712973355,33.5367700253658));
#13537=CARTESIAN_POINT('Origin',(12.0000000696667,30.8140712339422,33.5367700083836));
#13538=CARTESIAN_POINT('',(0.500000069666756,30.814069775897,33.5367696177928));
#13539=CARTESIAN_POINT('Origin',(6.96667552238447E-8,30.8140697125037,33.5367696008106));
#13540=CARTESIAN_POINT('',(-1.49999993033324,30.8140695223239,33.5367695498639));
#13541=CARTESIAN_POINT('Origin',(-1.99999993033324,30.8140694589306,33.5367695328817));
#13542=CARTESIAN_POINT('',(-19.4999997063793,23.348228915513,31.5367689385044));
#13543=CARTESIAN_POINT('Origin',(-19.9999997063793,23.3482288521197,31.5367689215222));
#13544=CARTESIAN_POINT('',(10.2819748705358,17.4237348977618,29.9496748279365));
#13545=CARTESIAN_POINT('',(9.71802609556664,17.4237348859761,29.9496748247793));
#13546=CARTESIAN_POINT('Origin',(10.0000005175746,15.8823943310628,29.5367699404548));
#13547=CARTESIAN_POINT('',(4.99999990768274,17.4237347873763,29.9496747983658));
#13548=CARTESIAN_POINT('',(4.28197462131168,17.4237347723706,29.949674794346));
#13549=CARTESIAN_POINT('',(3.71802634479077,17.4237347605849,29.9496747911888));
#13550=CARTESIAN_POINT('Origin',(4.00000051757461,15.8823935703436,29.5367697366683));
#13551=CARTESIAN_POINT('',(1.99999990768274,17.4237347246807,29.9496747815706));
#13552=CARTESIAN_POINT('',(-23.4999997063792,23.3482284083668,31.5367688026468));
#13553=CARTESIAN_POINT('Origin',(-23.9999997063792,23.3482283449736,31.5367687856645));
#13554=CARTESIAN_POINT('',(16.5000002936206,23.3482334798285,31.5367701612235));
#13555=CARTESIAN_POINT('Origin',(16.0000002936206,23.3482334164352,31.5367701442413));
#13556=CARTESIAN_POINT('',(-27.4999999303332,30.8140662258738,33.5367686667891));
#13557=CARTESIAN_POINT('Origin',(-27.9999999303332,30.8140661624806,33.5367686498069));
#13558=CARTESIAN_POINT('',(-29.4999999303332,30.8140659723007,33.5367685988602));
#13559=CARTESIAN_POINT('Origin',(-29.9999999303332,30.8140659089075,33.536768581878));
#13560=CARTESIAN_POINT('',(6.50000006966674,30.8140705366162,33.5367698215793));
#13561=CARTESIAN_POINT('Origin',(6.00000006966674,30.8140704732229,33.5367698045971));
#13562=CARTESIAN_POINT('',(-1.71802562791275,17.4237346469794,29.9496747607556));
#13563=CARTESIAN_POINT('',(-2.28197340598479,17.4237346351937,29.9496747575984));
#13564=CARTESIAN_POINT('Origin',(-1.99999948242537,15.8823928096243,29.5367695328817));
#13565=CARTESIAN_POINT('',(-1.00000009231725,17.4237346619851,29.9496747647754));
#13566=CARTESIAN_POINT('',(30.5000002936206,23.3482352548401,31.5367706367253));
#13567=CARTESIAN_POINT('Origin',(30.0000002936206,23.3482351914468,31.5367706197431));
#13568=CARTESIAN_POINT('',(0.500000293620691,23.3482314512438,31.5367696177928));
#13569=CARTESIAN_POINT('Origin',(2.93620690181228E-7,23.3482313878505,31.5367696008106));
#13570=CARTESIAN_POINT('',(24.5000000696667,30.814072818774,33.5367704329388));
#13571=CARTESIAN_POINT('Origin',(24.0000000696667,30.8140727553807,33.5367704159566));
#13572=CARTESIAN_POINT('',(26.5000002936206,23.3482347476939,31.5367705008677));
#13573=CARTESIAN_POINT('Origin',(26.0000002936206,23.3482346843006,31.5367704838854));
#13574=CARTESIAN_POINT('',(12.2819749536104,17.4237349395589,29.9496748391334));
#13575=CARTESIAN_POINT('',(11.718026012492,17.4237349277732,29.9496748359761));
#13576=CARTESIAN_POINT('Origin',(12.0000005175746,15.8823945846359,29.5367700083836));
#13577=CARTESIAN_POINT('',(5.99999990768274,17.4237348082748,29.9496748039643));
#13578=CARTESIAN_POINT('',(26.2819755351319,17.4237352321384,29.9496749175111));
#13579=CARTESIAN_POINT('',(25.7180254309706,17.4237352203527,29.9496749143539));
#13580=CARTESIAN_POINT('Origin',(26.0000005175745,15.8823963596475,29.5367704838855));
#13581=CARTESIAN_POINT('',(12.9999999076827,17.4237349545646,29.9496748431531));
#13582=CARTESIAN_POINT('',(18.2819752028341,17.4237350649501,29.9496748727238));
#13583=CARTESIAN_POINT('',(17.7180257632683,17.4237350531644,29.9496748695666));
#13584=CARTESIAN_POINT('Origin',(18.0000005175746,15.8823953453551,29.5367702121701));
#13585=CARTESIAN_POINT('',(8.99999990768274,17.4237348709704,29.9496748207595));
#13586=CARTESIAN_POINT('',(-23.4999999303332,30.81406673302,33.5367688026468));
#13587=CARTESIAN_POINT('Origin',(-23.9999999303332,30.8140666696267,33.5367687856645));
#13588=CARTESIAN_POINT('',(-21.4999999303332,30.8140669865931,33.5367688705756));
#13589=CARTESIAN_POINT('Origin',(-21.9999999303332,30.8140669231998,33.5367688535934));
#13590=CARTESIAN_POINT('',(10.5000002936207,23.3482327191092,31.536769957437));
#13591=CARTESIAN_POINT('Origin',(10.0000002936207,23.348232655716,31.5367699404548));
#13592=CARTESIAN_POINT('',(-21.7180264586632,17.4237342290086,29.9496746487873));
#13593=CARTESIAN_POINT('',(-22.2819725752343,17.423734217223,29.9496746456301));
#13594=CARTESIAN_POINT('Origin',(-21.9999994824253,15.8823902738935,29.5367688535934));
#13595=CARTESIAN_POINT('',(-11.0000000923172,17.4237344529997,29.9496747087912));
#13596=CARTESIAN_POINT('',(10.5000000696667,30.8140710437624,33.536769957437));
#13597=CARTESIAN_POINT('Origin',(10.0000000696667,30.8140709803691,33.5367699404548));
#13598=CARTESIAN_POINT('',(-13.4999997063793,23.3482296762322,31.5367691422909));
#13599=CARTESIAN_POINT('Origin',(-13.9999997063793,23.348229612839,31.5367691253087));
#13600=CARTESIAN_POINT('',(-13.7180261263626,17.4237343961969,29.9496746935746));
#13601=CARTESIAN_POINT('',(-14.2819729075349,17.4237343844112,29.9496746904174));
#13602=CARTESIAN_POINT('Origin',(-13.9999994824253,15.8823912881858,29.5367691253087));
#13603=CARTESIAN_POINT('',(-7.00000009231725,17.4237345365938,29.9496747311849));
#13604=CARTESIAN_POINT('',(-9.49999993033322,30.8140685080316,33.5367692781486));
#13605=CARTESIAN_POINT('Origin',(-9.99999993033322,30.8140684446383,33.5367692611664));
#13606=CARTESIAN_POINT('',(32.5000000696667,30.8140738330663,33.5367707046542));
#13607=CARTESIAN_POINT('Origin',(32.0000000696667,30.814073769673,33.536770687672));
#13608=CARTESIAN_POINT('',(32.2819757843548,17.4237353575297,29.9496749511016));
#13609=CARTESIAN_POINT('',(31.7180251817476,17.4237353457439,29.9496749479444));
#13610=CARTESIAN_POINT('Origin',(32.0000005175745,15.8823971203667,29.536770687672));
#13611=CARTESIAN_POINT('',(15.9999999076827,17.4237350172602,29.9496748599484));
#13612=CARTESIAN_POINT('',(-13.4999999303332,30.8140680008854,33.5367691422909));
#13613=CARTESIAN_POINT('Origin',(-13.9999999303332,30.8140679374921,33.5367691253087));
#13614=CARTESIAN_POINT('',(-11.7180260432875,17.423734437994,29.9496747047714));
#13615=CARTESIAN_POINT('',(-12.28197299061,17.4237344262083,29.9496747016142));
#13616=CARTESIAN_POINT('Origin',(-11.9999994824253,15.8823915417589,29.5367691932376));
#13617=CARTESIAN_POINT('',(-6.00000009231725,17.4237345574924,29.9496747367833));
#13618=CARTESIAN_POINT('',(2.28197453823691,17.4237347305735,29.9496747831492));
#13619=CARTESIAN_POINT('',(1.71802642786555,17.4237347187878,29.949674779992));
#13620=CARTESIAN_POINT('Origin',(2.00000051757462,15.8823933167705,29.5367696687394));
#13621=CARTESIAN_POINT('',(0.999999907682747,17.4237347037821,29.9496747759722));
#13622=CARTESIAN_POINT('',(4.50000029362068,23.34823195839,31.5367697536505));
#13623=CARTESIAN_POINT('Origin',(4.00000029362068,23.3482318949967,31.5367697366682));
#13624=CARTESIAN_POINT('',(-19.4999999303332,30.8140672401662,33.5367689385044));
#13625=CARTESIAN_POINT('Origin',(-19.9999999303332,30.8140671767729,33.5367689215222));
#13626=CARTESIAN_POINT('',(-17.7180262925128,17.4237343126028,29.949674671181));
#13627=CARTESIAN_POINT('',(-18.2819727413847,17.4237343008171,29.9496746680238));
#13628=CARTESIAN_POINT('Origin',(-17.9999994824253,15.8823907810397,29.5367689894511));
#13629=CARTESIAN_POINT('',(-9.00000009231725,17.4237344947968,29.9496747199881));
#13630=CARTESIAN_POINT('',(12.5000002936207,23.3482329726823,31.5367700253658));
#13631=CARTESIAN_POINT('Origin',(12.0000002936207,23.348232909289,31.5367700083836));
#13632=CARTESIAN_POINT('',(30.2819757012805,17.4237353157326,29.9496749399048));
#13633=CARTESIAN_POINT('',(29.7180252648219,17.4237353039468,29.9496749367476));
#13634=CARTESIAN_POINT('Origin',(30.0000005175745,15.8823968667937,29.5367706197431));
#13635=CARTESIAN_POINT('',(14.9999999076827,17.4237349963616,29.94967485435));
#13636=CARTESIAN_POINT('',(22.5000002936206,23.3482342405477,31.53677036501));
#13637=CARTESIAN_POINT('Origin',(22.0000002936206,23.3482341771544,31.5367703480278));
#13638=CARTESIAN_POINT('',(24.5000002936206,23.3482344941208,31.5367704329388));
#13639=CARTESIAN_POINT('Origin',(24.0000002936206,23.3482344307275,31.5367704159566));
#13640=CARTESIAN_POINT('',(-1.4999997063793,23.3482311976707,31.5367695498639));
#13641=CARTESIAN_POINT('Origin',(-1.9999997063793,23.3482311342775,31.5367695328817));
#13642=CARTESIAN_POINT('',(-3.4999997063793,23.3482309440977,31.5367694819351));
#13643=CARTESIAN_POINT('Origin',(-3.9999997063793,23.3482308807044,31.5367694649529));
#13644=CARTESIAN_POINT('',(30.5000000696667,30.8140735794932,33.5367706367253));
#13645=CARTESIAN_POINT('Origin',(30.0000000696667,30.8140735160999,33.5367706197431));
#13646=CARTESIAN_POINT('',(22.5000000696667,30.8140725652009,33.53677036501));
#13647=CARTESIAN_POINT('Origin',(22.0000000696667,30.8140725018076,33.5367703480278));
#13648=CARTESIAN_POINT('',(-7.49999970637929,23.3482304369515,31.5367693460774));
#13649=CARTESIAN_POINT('Origin',(-7.99999970637929,23.3482303735582,31.5367693290952));
#13650=CARTESIAN_POINT('',(-31.4999997063792,23.3482273940745,31.5367685309314));
#13651=CARTESIAN_POINT('Origin',(-31.9999997063792,23.3482273306812,31.5367685139492));
#13652=CARTESIAN_POINT('',(-29.4999997063792,23.3482276476476,31.5367685988602));
#13653=CARTESIAN_POINT('Origin',(-29.9999997063792,23.3482275842543,31.536768581878));
#13654=CARTESIAN_POINT('',(20.5000002936206,23.3482339869747,31.5367702970812));
#13655=CARTESIAN_POINT('Origin',(20.0000002936206,23.3482339235814,31.5367702800989));
#13656=CARTESIAN_POINT('',(-5.49999993033323,30.8140690151777,33.5367694140063));
#13657=CARTESIAN_POINT('Origin',(-5.99999993033323,30.8140689517845,33.5367693970241));
#13658=CARTESIAN_POINT('',(8.28197478746113,17.4237348559648,29.9496748167397));
#13659=CARTESIAN_POINT('',(7.71802617864132,17.4237348441791,29.9496748135825));
#13660=CARTESIAN_POINT('Origin',(8.00000051757461,15.8823940774897,29.5367698725259));
#13661=CARTESIAN_POINT('',(3.99999990768275,17.4237347664777,29.9496747927674));
#13662=CARTESIAN_POINT('',(18.5000000696667,30.8140720580547,33.5367702291523));
#13663=CARTESIAN_POINT('Origin',(18.0000000696667,30.8140719946614,33.5367702121701));
#13664=CARTESIAN_POINT('',(20.5000000696667,30.8140723116278,33.5367702970811));
#13665=CARTESIAN_POINT('Origin',(20.0000000696667,30.8140722482345,33.5367702800989));
#13666=CARTESIAN_POINT('',(14.5000000696667,30.8140715509086,33.5367700932946));
#13667=CARTESIAN_POINT('Origin',(14.0000000696667,30.8140714875153,33.5367700763124));
#13668=CARTESIAN_POINT('',(-25.4999997063792,23.3482281547938,31.5367687347179));
#13669=CARTESIAN_POINT('Origin',(-25.9999997063792,23.3482280914005,31.5367687177357));
#13670=CARTESIAN_POINT('',(-21.4999997063792,23.3482286619399,31.5367688705756));
#13671=CARTESIAN_POINT('Origin',(-21.9999997063792,23.3482285985466,31.5367688535934));
#13672=CARTESIAN_POINT('',(16.5000000696667,30.8140718044816,33.5367701612235));
#13673=CARTESIAN_POINT('Origin',(16.0000000696667,30.8140717410884,33.5367701442413));
#13674=CARTESIAN_POINT('',(-17.4999999303332,30.8140674937393,33.5367690064333));
#13675=CARTESIAN_POINT('Origin',(-17.9999999303332,30.814067430346,33.536768989451));
#13676=CARTESIAN_POINT('',(-7.49999993033322,30.8140687616047,33.5367693460774));
#13677=CARTESIAN_POINT('Origin',(-7.99999993033322,30.8140686982114,33.5367693290952));
#13678=CARTESIAN_POINT('',(18.5000002936206,23.3482337334016,31.5367702291523));
#13679=CARTESIAN_POINT('Origin',(18.0000002936206,23.3482336700083,31.5367702121701));
#13680=CARTESIAN_POINT('',(-27.7180267078891,17.4237341036174,29.9496746151968));
#13681=CARTESIAN_POINT('',(-28.2819723260085,17.4237340918317,29.9496746120396));
#13682=CARTESIAN_POINT('Origin',(-27.9999994824253,15.8823895131743,29.5367686498069));
#13683=CARTESIAN_POINT('',(-14.0000000923172,17.4237343903041,29.949674691996));
#13684=CARTESIAN_POINT('',(-29.7180267909644,17.4237340618203,29.949674604));
#13685=CARTESIAN_POINT('',(-30.2819722429331,17.4237340500347,29.9496746008428));
#13686=CARTESIAN_POINT('Origin',(-29.9999994824253,15.8823892596012,29.536768581878));
#13687=CARTESIAN_POINT('',(-15.0000000923172,17.4237343694055,29.9496746863976));
#13688=CARTESIAN_POINT('',(8.50000006966674,30.8140707901893,33.5367698895081));
#13689=CARTESIAN_POINT('Origin',(8.00000006966673,30.814070726796,33.5367698725259));
#13690=CARTESIAN_POINT('',(28.5000002936206,23.348235001267,31.5367705687965));
#13691=CARTESIAN_POINT('Origin',(28.0000002936206,23.3482349378737,31.5367705518143));
#13692=CARTESIAN_POINT('',(-5.71802579406256,17.4237345633852,29.9496747383619));
#13693=CARTESIAN_POINT('',(-6.28197323983498,17.4237345515995,29.9496747352047));
#13694=CARTESIAN_POINT('Origin',(-5.99999948242536,15.8823923024782,29.5367693970241));
#13695=CARTESIAN_POINT('',(-3.00000009231725,17.423734620188,29.9496747535785));
#13696=CARTESIAN_POINT('',(-7.71802587713752,17.4237345215881,29.9496747271651));
#13697=CARTESIAN_POINT('',(-8.28197315676002,17.4237345098025,29.9496747240079));
#13698=CARTESIAN_POINT('Origin',(-7.99999948242535,15.8823920489051,29.5367693290952));
#13699=CARTESIAN_POINT('',(-4.00000009231725,17.4237345992894,29.9496747479801));
#13700=CARTESIAN_POINT('',(24.2819754520575,17.4237351903414,29.9496749063143));
#13701=CARTESIAN_POINT('',(23.718025514045,17.4237351785556,29.9496749031571));
#13702=CARTESIAN_POINT('Origin',(24.0000005175746,15.8823961060744,29.5367704159566));
#13703=CARTESIAN_POINT('',(11.9999999076827,17.423734933666,29.9496748375547));
#13704=CARTESIAN_POINT('',(22.2819753689831,17.4237351485443,29.9496748951175));
#13705=CARTESIAN_POINT('',(21.7180255971194,17.4237351367586,29.9496748919603));
#13706=CARTESIAN_POINT('Origin',(22.0000005175746,15.8823958525013,29.5367703480278));
#13707=CARTESIAN_POINT('',(10.9999999076827,17.4237349127675,29.9496748319563));
#13708=CARTESIAN_POINT('',(16.2819751197596,17.423735023153,29.949674861527));
#13709=CARTESIAN_POINT('',(15.7180258463428,17.4237350113673,29.9496748583698));
#13710=CARTESIAN_POINT('Origin',(16.0000005175746,15.8823950917821,29.5367701442413));
#13711=CARTESIAN_POINT('',(7.99999990768274,17.4237348500719,29.9496748151611));
#13712=CARTESIAN_POINT('',(8.50000029362067,23.3482324655361,31.5367698895081));
#13713=CARTESIAN_POINT('Origin',(8.00000029362067,23.3482324021429,31.5367698725259));
#13714=CARTESIAN_POINT('',(2.50000029362069,23.3482317048169,31.5367696857216));
#13715=CARTESIAN_POINT('Origin',(2.00000029362069,23.3482316414236,31.5367696687394));
#13716=CARTESIAN_POINT('',(-25.7180266248137,17.4237341454144,29.9496746263936));
#13717=CARTESIAN_POINT('',(-26.2819724090838,17.4237341336288,29.9496746232364));
#13718=CARTESIAN_POINT('Origin',(-25.9999994824253,15.8823897667473,29.5367687177357));
#13719=CARTESIAN_POINT('',(-13.0000000923172,17.4237344112026,29.9496746975944));
#13720=CARTESIAN_POINT('',(6.50000029362067,23.3482322119631,31.5367698215793));
#13721=CARTESIAN_POINT('Origin',(6.00000029362067,23.3482321485698,31.5367698045971));
#13722=CARTESIAN_POINT('',(-9.49999970637928,23.3482301833784,31.5367692781486));
#13723=CARTESIAN_POINT('Origin',(-9.99999970637928,23.3482301199851,31.5367692611664));
#13724=CARTESIAN_POINT('',(-11.4999997063793,23.3482299298053,31.5367692102198));
#13725=CARTESIAN_POINT('Origin',(-11.9999997063793,23.348229866412,31.5367691932376));
#13726=CARTESIAN_POINT('',(-15.7180262094377,17.4237343543998,29.9496746823778));
#13727=CARTESIAN_POINT('',(-16.2819728244598,17.4237343426142,29.9496746792206));
#13728=CARTESIAN_POINT('Origin',(-15.9999994824253,15.8823910346127,29.5367690573799));
#13729=CARTESIAN_POINT('',(-8.00000009231725,17.4237345156953,29.9496747255865));
#13730=CARTESIAN_POINT('',(-11.4999999303332,30.8140682544585,33.5367692102198));
#13731=CARTESIAN_POINT('Origin',(-11.9999999303332,30.8140681910652,33.5367691932376));
#13732=CARTESIAN_POINT('',(32.5000002936206,23.3482355084132,31.5367707046542));
#13733=CARTESIAN_POINT('Origin',(32.0000002936206,23.3482354450199,31.536770687672));
#13734=CARTESIAN_POINT('Origin',(43.1849996276101,-32.7425164686278,12.206620918257));
#13735=CARTESIAN_POINT('',(43.1849996279622,-32.5473834130563,17.080703989062));
#13736=CARTESIAN_POINT('',(43.1849996275942,-32.3970542999087,17.1209699789308));
#13737=CARTESIAN_POINT('Ctrl Pts',(43.1849996275941,-32.5473834130559,17.0807039890604));
#13738=CARTESIAN_POINT('Ctrl Pts',(43.1849996275941,-32.4972446647551,17.094128559233));
#13739=CARTESIAN_POINT('Ctrl Pts',(43.1849996275942,-32.447149704053,17.1075500783207));
#13740=CARTESIAN_POINT('Ctrl Pts',(43.1849996275942,-32.3970542999087,17.1209699789308));
#13741=CARTESIAN_POINT('',(43.1849996276101,-32.7425164686278,12.206620918257));
#13742=CARTESIAN_POINT('',(43.1849996276101,-32.7425164686278,12.206620918257));
#13743=CARTESIAN_POINT('',(43.1849996276755,24.4697163070335,12.206620918257));
#13744=CARTESIAN_POINT('',(43.1849996276101,-32.7425164686278,12.206620918257));
#13745=CARTESIAN_POINT('',(43.1849996276123,40.0689544471034,36.5336616542167));
#13746=CARTESIAN_POINT('',(43.1849996276755,24.4697163070335,12.206620918257));
#13747=CARTESIAN_POINT('',(43.1849996275985,-14.923351481033,21.8019453922814));
#13748=CARTESIAN_POINT('',(43.1849996276882,18.0561922269804,26.1301487675862));
#13749=CARTESIAN_POINT('Origin',(43.1849996276101,20.5561922269804,26.1301487675862));
#13750=CARTESIAN_POINT('Ctrl Pts',(38.1849996276101,-37.7425164686278,12.206620918257));
#13751=CARTESIAN_POINT('Ctrl Pts',(38.0645921286162,-37.7425164685794,13.4106959093761));
#13752=CARTESIAN_POINT('Ctrl Pts',(37.9441846296223,-37.7425164685311,14.6147709004952));
#13753=CARTESIAN_POINT('Ctrl Pts',(37.8237771306283,-37.7425164684828,15.8188458916143));
#13754=CARTESIAN_POINT('Ctrl Pts',(38.9329978784648,-37.7425164686278,12.206620918257));
#13755=CARTESIAN_POINT('Ctrl Pts',(38.8306124921045,-37.7425269907395,13.4106278662001));
#13756=CARTESIAN_POINT('Ctrl Pts',(38.7281995270801,-37.7425059463711,14.6148389436712));
#13757=CARTESIAN_POINT('Ctrl Pts',(38.6258141407197,-37.7425164684828,15.8188458916143));
#13758=CARTESIAN_POINT('Ctrl Pts',(40.4258559805257,-37.4001945755275,12.206620918257));
#13759=CARTESIAN_POINT('Ctrl Pts',(40.3594582482784,-37.3957519959621,13.4394245372597));
#13760=CARTESIAN_POINT('Ctrl Pts',(40.2929207613895,-37.3912774915597,14.6724346031601));
#13761=CARTESIAN_POINT('Ctrl Pts',(40.2265230291421,-37.3868349119942,15.9052382221628));
#13762=CARTESIAN_POINT('Ctrl Pts',(42.5288562299686,-35.7275338091037,12.206620918257));
#13763=CARTESIAN_POINT('Ctrl Pts',(42.5130602764214,-35.7013254533138,13.5801762972093));
#13764=CARTESIAN_POINT('Ctrl Pts',(42.4972494325341,-35.6751042201503,14.9538149496898));
#13765=CARTESIAN_POINT('Ctrl Pts',(42.4814534789869,-35.6488958643604,16.3273703286421));
#13766=CARTESIAN_POINT('Ctrl Pts',(43.1849996276101,-33.8645138449098,12.206620918257));
#13767=CARTESIAN_POINT('Ctrl Pts',(43.1851418654398,-33.814085787821,13.736796743371));
#13768=CARTESIAN_POINT('Ctrl Pts',(43.1848573901364,-33.7635966016687,15.2673678690331));
#13769=CARTESIAN_POINT('Ctrl Pts',(43.1849996279661,-33.7131685445799,16.797543694147));
#13770=CARTESIAN_POINT('Ctrl Pts',(43.1849996276101,-32.7425164686278,12.206620918257));
#13771=CARTESIAN_POINT('Ctrl Pts',(43.1849996277275,-32.6774721167706,13.831315275192));
#13772=CARTESIAN_POINT('Ctrl Pts',(43.1849996278448,-32.6124277649135,15.456009632127));
#13773=CARTESIAN_POINT('Ctrl Pts',(43.1849996279622,-32.5473834130563,17.080703989062));
#13774=CARTESIAN_POINT('',(37.8349937749334,-37.7425164684873,15.7066794484534));
#13775=CARTESIAN_POINT('Ctrl Pts',(37.8349937749334,-37.7425164684873,15.7066794484534));
#13776=CARTESIAN_POINT('Ctrl Pts',(39.0459722466085,-37.7425164684872,15.7095171903438));
#13777=CARTESIAN_POINT('Ctrl Pts',(41.0599465511335,-37.0448590076494,15.8933075779196));
#13778=CARTESIAN_POINT('Ctrl Pts',(42.8328607323541,-34.8426877064271,16.4694936598956));
#13779=CARTESIAN_POINT('Ctrl Pts',(43.1849996279633,-33.309561730381,16.8766319559371));
#13780=CARTESIAN_POINT('Ctrl Pts',(43.1849996279622,-32.5473834130563,17.080703989062));
#13781=CARTESIAN_POINT('',(38.1849996276101,-37.7425164686278,12.206620918257));
#13782=CARTESIAN_POINT('',(38.1849996276101,-37.7425164686278,12.206620918257));
#13783=CARTESIAN_POINT('Origin',(38.1849996276101,-32.7425164686278,12.206620918257));
#13784=CARTESIAN_POINT('Origin',(-38.1850003722016,-37.7425164686278,12.206620918257));
#13785=CARTESIAN_POINT('',(-37.834994519008,-37.7425164686278,15.7066794484129));
#13786=CARTESIAN_POINT('',(-37.7850003720002,-37.7425164684873,15.7066209182582));
#13787=CARTESIAN_POINT('Ctrl Pts',(-37.834994519008,-37.7425164684873,15.7066794484128));
#13788=CARTESIAN_POINT('Ctrl Pts',(-37.8183289864964,-37.7425164684873,
15.7066403952993));
#13789=CARTESIAN_POINT('Ctrl Pts',(-37.8016646792233,-37.7425164684873,
15.7066209182367));
#13790=CARTESIAN_POINT('Ctrl Pts',(-37.7850003720002,-37.7425164684873,
15.7066209182367));
#13791=CARTESIAN_POINT('',(-38.1850003722016,-37.7425164686278,12.206620918257));
#13792=CARTESIAN_POINT('',(-38.1850003722016,-37.7425164686278,12.206620918257));
#13793=CARTESIAN_POINT('',(-38.1850003722016,-37.7425164686278,12.206620918257));
#13794=CARTESIAN_POINT('',(37.784999628,-37.7425164684873,15.7066209182559));
#13795=CARTESIAN_POINT('Ctrl Pts',(37.784999628,-37.7425164684873,15.7066209182774));
#13796=CARTESIAN_POINT('Ctrl Pts',(37.8016639351983,-37.7425164684873,15.7066209182774));
#13797=CARTESIAN_POINT('Ctrl Pts',(37.8183282424467,-37.7425164684873,15.7066403953399));
#13798=CARTESIAN_POINT('Ctrl Pts',(37.8349937749334,-37.7425164684873,15.7066794484534));
#13799=CARTESIAN_POINT('',(-19.0925003721898,-37.7425164684873,15.7066209182576));
#13800=CARTESIAN_POINT('Ctrl Pts',(-43.1850003722016,-32.7425164686278,
12.206620918257));
#13801=CARTESIAN_POINT('Ctrl Pts',(-43.1850003721907,-32.6774721167765,
13.8313152751914));
#13802=CARTESIAN_POINT('Ctrl Pts',(-43.1850003721798,-32.6124277649252,
15.4560096321258));
#13803=CARTESIAN_POINT('Ctrl Pts',(-43.1850003721689,-32.547383413074,17.0807039890601));
#13804=CARTESIAN_POINT('Ctrl Pts',(-43.1850003722016,-33.4905147194825,
12.206620918257));
#13805=CARTESIAN_POINT('Ctrl Pts',(-43.185019850392,-33.4352059459287,13.7683586517044));
#13806=CARTESIAN_POINT('Ctrl Pts',(-43.1849808939786,-33.3798822743301,
15.3301927256641));
#13807=CARTESIAN_POINT('Ctrl Pts',(-43.1850003721689,-33.3245735007763,
16.8919304591114));
#13808=CARTESIAN_POINT('Ctrl Pts',(-42.8426784791005,-34.9833728215417,
12.206620918257));
#13809=CARTESIAN_POINT('Ctrl Pts',(-42.8344545538048,-34.9475046447418,
13.6426430246719));
#13810=CARTESIAN_POINT('Ctrl Pts',(-42.8261715305296,-34.9115609722281,
15.0791533358016));
#13811=CARTESIAN_POINT('Ctrl Pts',(-42.8179476052339,-34.8756927954281,
16.5151754422164));
#13812=CARTESIAN_POINT('Ctrl Pts',(-41.1700177126762,-37.0863730709824,
12.206620918257));
#13813=CARTESIAN_POINT('Ctrl Pts',(-41.1215018541141,-37.0778400678412,
13.4658758945234));
#13814=CARTESIAN_POINT('Ctrl Pts',(-41.0729621574738,-37.0692990209108,
14.7251828871973));
#13815=CARTESIAN_POINT('Ctrl Pts',(-41.0244462989117,-37.0607660177696,
15.9844378634636));
#13816=CARTESIAN_POINT('Ctrl Pts',(-39.3069977484837,-37.7425164686278,
12.206620918257));
#13817=CARTESIAN_POINT('Ctrl Pts',(-39.2136473488318,-37.7425933057001,
13.4101990305462));
#13818=CARTESIAN_POINT('Ctrl Pts',(-39.1201837895057,-37.7424396315554,
14.6152677792887));
#13819=CARTESIAN_POINT('Ctrl Pts',(-39.0268333898539,-37.7425164686278,
15.8188458915779));
#13820=CARTESIAN_POINT('Ctrl Pts',(-38.1850003722016,-37.7425164686278,
12.206620918257));
#13821=CARTESIAN_POINT('Ctrl Pts',(-38.0645928730297,-37.7425164686278,
13.410695909364));
#13822=CARTESIAN_POINT('Ctrl Pts',(-37.9441853738577,-37.7425164686278,
14.6147709004709));
#13823=CARTESIAN_POINT('Ctrl Pts',(-37.8237778746858,-37.7425164686278,
15.8188458915779));
#13824=CARTESIAN_POINT('',(-43.1850003721689,-32.547383413074,17.0807039890601));
#13825=CARTESIAN_POINT('Ctrl Pts',(-43.1850003721689,-32.547383413074,17.0807039890601));
#13826=CARTESIAN_POINT('Ctrl Pts',(-43.1850003721691,-33.6906508890941,
16.7745959393668));
#13827=CARTESIAN_POINT('Ctrl Pts',(-42.5083409336141,-35.6152638203216,
16.2665717280717));
#13828=CARTESIAN_POINT('Ctrl Pts',(-40.2567274952032,-37.3803561591971,
15.8058416484939));
#13829=CARTESIAN_POINT('Ctrl Pts',(-38.6423135001381,-37.7425164686278,
15.7085712763423));
#13830=CARTESIAN_POINT('Ctrl Pts',(-37.834994519008,-37.7425164686278,15.7066794484129));
#13831=CARTESIAN_POINT('',(-43.1850003722016,-32.7425164686278,12.206620918257));
#13832=CARTESIAN_POINT('',(-43.1850003722016,-32.7425164686278,12.206620918257));
#13833=CARTESIAN_POINT('Origin',(-38.1850003722016,-32.7425164686278,12.206620918257));
#13834=CARTESIAN_POINT('Origin',(-3.72271017484715E-7,-4.1364000807907,
12.206620918257));
#13835=CARTESIAN_POINT('',(-43.185000372168,24.4697163070422,12.206620918257));
#13836=CARTESIAN_POINT('',(-43.185000372168,24.4697163070422,12.206620918257));
#13837=CARTESIAN_POINT('',(-38.1850003721681,29.4697163070392,12.206620918257));
#13838=CARTESIAN_POINT('Origin',(-38.1850003721681,24.4697163070392,12.206620918257));
#13839=CARTESIAN_POINT('',(38.1849996276755,29.4697163070392,12.206620918257));
#13840=CARTESIAN_POINT('',(38.1849996276755,29.4697163070392,12.206620918257));
#13841=CARTESIAN_POINT('Origin',(38.1849996276755,24.4697163070392,12.206620918257));
#13842=CARTESIAN_POINT('Origin',(-3.72177792890005E-7,3.97164028584085,
27.381295466631));
#13843=CARTESIAN_POINT('',(42.6849996278143,39.9395730120173,37.0166320924995));
#13844=CARTESIAN_POINT('',(42.6849996277962,-32.5264357349949,17.6039404172136));
#13845=CARTESIAN_POINT('',(42.6849996278006,-15.0527329161191,22.2849158305642));
#13846=CARTESIAN_POINT('',(42.6849996276107,40.4697163070392,37.1586505161429));
#13847=CARTESIAN_POINT('Ctrl Pts',(42.6849996276107,40.4697163070369,37.1586505161423));
#13848=CARTESIAN_POINT('Ctrl Pts',(42.6849996276116,40.2930018753628,37.1113110415944));
#13849=CARTESIAN_POINT('Ctrl Pts',(42.6849996276126,40.1162874436887,37.0639715670466));
#13850=CARTESIAN_POINT('Ctrl Pts',(42.6849996276135,39.9395730120146,37.0166320924988));
#13851=CARTESIAN_POINT('',(37.7913761771514,45.2028266020209,38.4265885799375));
#13852=CARTESIAN_POINT('Ctrl Pts',(37.7913761717329,45.2028225940809,38.426587506263));
#13853=CARTESIAN_POINT('Ctrl Pts',(39.2562237579678,45.2009795171841,38.4260937701769));
#13854=CARTESIAN_POINT('Ctrl Pts',(41.7905051929562,44.0110218998748,38.1073197583208));
#13855=CARTESIAN_POINT('Ctrl Pts',(42.6849996276107,41.5309559695204,37.4429426790141));
#13856=CARTESIAN_POINT('Ctrl Pts',(42.6849996276107,40.4697163070392,37.1586505161429));
#13857=CARTESIAN_POINT('',(-37.7913769183834,45.2028225945046,38.4265875063789));
#13858=CARTESIAN_POINT('',(19.0924996277502,45.2028266020213,38.4265885799382));
#13859=CARTESIAN_POINT('',(-42.6850003720003,40.4697163070551,37.1586505161498));
#13860=CARTESIAN_POINT('Ctrl Pts',(-42.6850003720003,40.4697163070551,37.1586505161498));
#13861=CARTESIAN_POINT('Ctrl Pts',(-42.6850003719977,41.1772094116589,37.3481786237348));
#13862=CARTESIAN_POINT('Ctrl Pts',(-42.3504030901096,42.5895709045063,37.7265317118759));
#13863=CARTESIAN_POINT('Ctrl Pts',(-40.7134379992825,44.5793084678129,38.2595562636496));
#13864=CARTESIAN_POINT('Ctrl Pts',(-38.8900055608695,45.2014408040414,38.426217342868));
#13865=CARTESIAN_POINT('Ctrl Pts',(-37.7913769183747,45.2028225944728,38.4265875063704));
#13866=CARTESIAN_POINT('',(-42.6850003720023,39.9395730120336,37.0166320925065));
#13867=CARTESIAN_POINT('Ctrl Pts',(-42.6850003720015,39.9395730120336,37.0166320925065));
#13868=CARTESIAN_POINT('Ctrl Pts',(-42.6850003720011,40.1162874437076,37.0639715670543));
#13869=CARTESIAN_POINT('Ctrl Pts',(-42.6850003720007,40.2930018753817,37.1113110416021));
#13870=CARTESIAN_POINT('Ctrl Pts',(-42.6850003720003,40.4697163070557,37.1586505161499));
#13871=CARTESIAN_POINT('',(-42.6850003721647,-32.5264357350155,17.6039404172107));
#13872=CARTESIAN_POINT('',(-42.6850003720657,11.6379687520785,29.4350041414967));
#13873=CARTESIAN_POINT('',(-42.6829666776857,-32.6627876904489,17.5674135197602));
#13874=CARTESIAN_POINT('Ctrl Pts',(-42.6829666776857,-32.662787690449,17.5674135197602));
#13875=CARTESIAN_POINT('Ctrl Pts',(-42.6843223802128,-32.6173496160865,
17.5795857829104));
#13876=CARTESIAN_POINT('Ctrl Pts',(-42.6850003721654,-32.5718926758115,
17.5917630999908));
#13877=CARTESIAN_POINT('Ctrl Pts',(-42.6850003721654,-32.5264357350145,
17.603940417211));
#13878=CARTESIAN_POINT('',(-37.8293022494526,-37.2593525763925,16.3360541770952));
#13879=CARTESIAN_POINT('Ctrl Pts',(-37.8293022494526,-37.2593525763925,
16.3360541770952));
#13880=CARTESIAN_POINT('Ctrl Pts',(-38.5446463680968,-37.2531050318931,
16.3377278121855));
#13881=CARTESIAN_POINT('Ctrl Pts',(-39.9701013587201,-36.9324012276412,
16.4236401478955));
#13882=CARTESIAN_POINT('Ctrl Pts',(-41.9901208022755,-35.4029445934757,
16.8333614859843));
#13883=CARTESIAN_POINT('Ctrl Pts',(-42.6520538476103,-33.6988700489524,
17.2898606681046));
#13884=CARTESIAN_POINT('Ctrl Pts',(-42.6829666776857,-32.6627876904489,
17.5674135197602));
#13885=CARTESIAN_POINT('',(-37.7850003720002,-37.2595460302648,16.3360023533444));
#13886=CARTESIAN_POINT('Ctrl Pts',(-37.7850003720001,-37.259546030345,16.3360023533229));
#13887=CARTESIAN_POINT('Ctrl Pts',(-37.7997678656799,-37.259546030345,16.3360023533229));
#13888=CARTESIAN_POINT('Ctrl Pts',(-37.814535359358,-37.2594815448156,16.336019628149));
#13889=CARTESIAN_POINT('Ctrl Pts',(-37.8293022494537,-37.2593525763925,
16.3360541770952));
#13890=CARTESIAN_POINT('',(37.784999628,-37.2595460302648,16.3360023533421));
#13891=CARTESIAN_POINT('',(-19.0925003721898,-37.2595460302648,16.3360023533438));
#13892=CARTESIAN_POINT('',(37.8293015053862,-37.2593525762325,16.3360541771357));
#13893=CARTESIAN_POINT('Ctrl Pts',(37.8293015053862,-37.2593525762325,16.3360541771357));
#13894=CARTESIAN_POINT('Ctrl Pts',(37.814534615313,-37.2594815446553,16.3360196281897));
#13895=CARTESIAN_POINT('Ctrl Pts',(37.7997671216573,-37.2595460301845,16.3360023533636));
#13896=CARTESIAN_POINT('Ctrl Pts',(37.784999628,-37.2595460301845,16.3360023533636));
#13897=CARTESIAN_POINT('',(42.6829659335207,-32.6627876904335,17.5674135197617));
#13898=CARTESIAN_POINT('Ctrl Pts',(42.6829659335207,-32.6627876904335,17.5674135197617));
#13899=CARTESIAN_POINT('Ctrl Pts',(42.662357380139,-33.3535092627528,17.382378285329));
#13900=CARTESIAN_POINT('Ctrl Pts',(42.3022299208216,-34.7238052611464,17.0152939904901));
#13901=CARTESIAN_POINT('Ctrl Pts',(40.6792192767092,-36.6444067072011,16.5007900962087));
#13902=CARTESIAN_POINT('Ctrl Pts',(38.9023176833272,-37.2499812594973,16.3385646297675));
#13903=CARTESIAN_POINT('Ctrl Pts',(37.8293015053862,-37.2593525762325,16.3360541771357));
#13904=CARTESIAN_POINT('Ctrl Pts',(42.684999628,-32.5264357349967,17.6039404172132));
#13905=CARTESIAN_POINT('Ctrl Pts',(42.6849996280001,-32.5718926757977,17.5917630999919));
#13906=CARTESIAN_POINT('Ctrl Pts',(42.6843216360476,-32.6173496160765,17.5795857829105));
#13907=CARTESIAN_POINT('Ctrl Pts',(42.6829659335204,-32.6627876904428,17.5674135197592));
#13908=CARTESIAN_POINT('',(-15.4999998495699,26.949525669334,33.5367690743621));
#13909=CARTESIAN_POINT('Origin',(-15.9999998495699,26.9495256059407,33.5367690573799));
#13910=CARTESIAN_POINT('',(-15.499999625616,19.4836873446808,31.5367690743621));
#13911=CARTESIAN_POINT('Origin',(-15.999999625616,19.4836872812876,31.5367690573799));
#13912=CARTESIAN_POINT('',(-25.4999998495699,26.9495244014686,33.5367687347179));
#13913=CARTESIAN_POINT('Origin',(-25.9999998495699,26.9495243380753,33.5367687177357));
#13914=CARTESIAN_POINT('',(14.5000003743839,19.4836911482771,31.5367700932946));
#13915=CARTESIAN_POINT('Origin',(14.0000003743839,19.4836910848838,31.5367700763124));
#13916=CARTESIAN_POINT('',(26.5000001504299,26.9495309943687,33.5367705008677));
#13917=CARTESIAN_POINT('Origin',(26.0000001504299,26.9495309309755,33.5367704838854));
#13918=CARTESIAN_POINT('',(-5.49999962561602,19.4836886125462,31.5367694140063));
#13919=CARTESIAN_POINT('Origin',(-5.99999962561602,19.483688549153,31.5367693970241));
#13920=CARTESIAN_POINT('',(28.5000001504299,26.9495312479418,33.5367705687965));
#13921=CARTESIAN_POINT('Origin',(28.0000001504299,26.9495311845485,33.5367705518143));
#13922=CARTESIAN_POINT('',(2.50000015043003,26.9495279514917,33.5367696857216));
#13923=CARTESIAN_POINT('Origin',(2.00000015043003,26.9495278880985,33.5367696687394));
#13924=CARTESIAN_POINT('',(4.50000015043002,26.9495282050648,33.5367697536505));
#13925=CARTESIAN_POINT('Origin',(4.00000015043002,26.9495281416715,33.5367697366682));
#13926=CARTESIAN_POINT('',(-27.499999625616,19.4836858232423,31.5367686667891));
#13927=CARTESIAN_POINT('Origin',(-27.999999625616,19.4836857598491,31.5367686498069));
#13928=CARTESIAN_POINT('',(-31.4999998495699,26.9495236407493,33.5367685309314));
#13929=CARTESIAN_POINT('Origin',(-31.9999998495699,26.9495235773561,33.5367685139492));
#13930=CARTESIAN_POINT('',(-3.49999984956995,26.9495271907725,33.5367694819351));
#13931=CARTESIAN_POINT('Origin',(-3.99999984956996,26.9495271273792,33.5367694649529));
#13932=CARTESIAN_POINT('',(-17.499999625616,19.4836870911078,31.5367690064333));
#13933=CARTESIAN_POINT('Origin',(-17.999999625616,19.4836870277145,31.536768989451));
#13934=CARTESIAN_POINT('',(12.50000015043,26.9495292193572,33.5367700253658));
#13935=CARTESIAN_POINT('Origin',(12.00000015043,26.9495291559639,33.5367700083836));
#13936=CARTESIAN_POINT('',(0.500000150430032,26.9495276979187,33.5367696177928));
#13937=CARTESIAN_POINT('Origin',(1.50430031060845E-7,26.9495276345254,33.5367696008106));
#13938=CARTESIAN_POINT('',(-1.49999984956996,26.9495274443456,33.5367695498639));
#13939=CARTESIAN_POINT('Origin',(-1.99999984956996,26.9495273809523,33.5367695328817));
#13940=CARTESIAN_POINT('',(-19.499999625616,19.4836868375347,31.5367689385044));
#13941=CARTESIAN_POINT('Origin',(-19.999999625616,19.4836867741414,31.5367689215222));
#13942=CARTESIAN_POINT('',(-23.499999625616,19.4836863303885,31.5367688026468));
#13943=CARTESIAN_POINT('Origin',(-23.999999625616,19.4836862669952,31.5367687856645));
#13944=CARTESIAN_POINT('',(16.5000003743839,19.4836914018501,31.5367701612235));
#13945=CARTESIAN_POINT('Origin',(16.0000003743839,19.4836913384569,31.5367701442413));
#13946=CARTESIAN_POINT('',(-27.4999998495699,26.9495241478955,33.5367686667891));
#13947=CARTESIAN_POINT('Origin',(-27.9999998495699,26.9495240845022,33.5367686498069));
#13948=CARTESIAN_POINT('',(-29.4999998495699,26.9495238943224,33.5367685988602));
#13949=CARTESIAN_POINT('Origin',(-29.9999998495699,26.9495238309291,33.536768581878));
#13950=CARTESIAN_POINT('',(6.50000015043002,26.9495284586379,33.5367698215793));
#13951=CARTESIAN_POINT('Origin',(6.00000015043001,26.9495283952446,33.5367698045971));
#13952=CARTESIAN_POINT('',(30.5000003743839,19.4836931768617,31.5367706367253));
#13953=CARTESIAN_POINT('Origin',(30.0000003743839,19.4836931134685,31.5367706197431));
#13954=CARTESIAN_POINT('',(0.500000374383967,19.4836893732655,31.5367696177928));
#13955=CARTESIAN_POINT('Origin',(3.74383966018228E-7,19.4836893098722,31.5367696008106));
#13956=CARTESIAN_POINT('',(24.50000015043,26.9495307407957,33.5367704329388));
#13957=CARTESIAN_POINT('Origin',(24.00000015043,26.9495306774024,33.5367704159566));
#13958=CARTESIAN_POINT('',(26.5000003743839,19.4836926697156,31.5367705008677));
#13959=CARTESIAN_POINT('Origin',(26.0000003743839,19.4836926063223,31.5367704838854));
#13960=CARTESIAN_POINT('',(-23.4999998495699,26.9495246550417,33.5367688026468));
#13961=CARTESIAN_POINT('Origin',(-23.9999998495699,26.9495245916484,33.5367687856645));
#13962=CARTESIAN_POINT('',(-21.4999998495699,26.9495249086148,33.5367688705756));
#13963=CARTESIAN_POINT('Origin',(-21.9999998495699,26.9495248452215,33.5367688535934));
#13964=CARTESIAN_POINT('',(10.5000003743839,19.4836906411309,31.536769957437));
#13965=CARTESIAN_POINT('Origin',(10.0000003743839,19.4836905777376,31.5367699404548));
#13966=CARTESIAN_POINT('',(10.50000015043,26.9495289657841,33.536769957437));
#13967=CARTESIAN_POINT('Origin',(10.00000015043,26.9495289023908,33.5367699404548));
#13968=CARTESIAN_POINT('',(-13.499999625616,19.4836875982539,31.5367691422909));
#13969=CARTESIAN_POINT('Origin',(-13.999999625616,19.4836875348606,31.5367691253087));
#13970=CARTESIAN_POINT('',(-9.49999984956994,26.9495264300532,33.5367692781486));
#13971=CARTESIAN_POINT('Origin',(-9.99999984956995,26.94952636666,33.5367692611664));
#13972=CARTESIAN_POINT('',(32.5000001504299,26.949531755088,33.5367707046542));
#13973=CARTESIAN_POINT('Origin',(32.0000001504299,26.9495316916947,33.536770687672));
#13974=CARTESIAN_POINT('',(-13.4999998495699,26.9495259229071,33.5367691422909));
#13975=CARTESIAN_POINT('Origin',(-13.9999998495699,26.9495258595138,33.5367691253087));
#13976=CARTESIAN_POINT('',(4.50000037438395,19.4836898804117,31.5367697536505));
#13977=CARTESIAN_POINT('Origin',(4.00000037438395,19.4836898170184,31.5367697366682));
#13978=CARTESIAN_POINT('',(-19.4999998495699,26.9495251621878,33.5367689385044));
#13979=CARTESIAN_POINT('Origin',(-19.9999998495699,26.9495250987945,33.5367689215222));
#13980=CARTESIAN_POINT('',(12.5000003743839,19.483690894704,31.5367700253658));
#13981=CARTESIAN_POINT('Origin',(12.0000003743839,19.4836908313107,31.5367700083836));
#13982=CARTESIAN_POINT('',(22.5000003743839,19.4836921625694,31.53677036501));
#13983=CARTESIAN_POINT('Origin',(22.0000003743839,19.4836920991761,31.5367703480278));
#13984=CARTESIAN_POINT('',(24.5000003743839,19.4836924161425,31.5367704329388));
#13985=CARTESIAN_POINT('Origin',(24.0000003743839,19.4836923527492,31.5367704159566));
#13986=CARTESIAN_POINT('',(-1.49999962561602,19.4836891196924,31.5367695498639));
#13987=CARTESIAN_POINT('Origin',(-1.99999962561603,19.4836890562991,31.5367695328817));
#13988=CARTESIAN_POINT('',(-3.49999962561602,19.4836888661193,31.5367694819351));
#13989=CARTESIAN_POINT('Origin',(-3.99999962561602,19.483688802726,31.5367694649529));
#13990=CARTESIAN_POINT('',(30.5000001504299,26.9495315015149,33.5367706367253));
#13991=CARTESIAN_POINT('Origin',(30.0000001504299,26.9495314381216,33.5367706197431));
#13992=CARTESIAN_POINT('',(22.50000015043,26.9495304872226,33.53677036501));
#13993=CARTESIAN_POINT('Origin',(22.00000015043,26.9495304238293,33.5367703480278));
#13994=CARTESIAN_POINT('',(-7.49999962561601,19.4836883589732,31.5367693460774));
#13995=CARTESIAN_POINT('Origin',(-7.99999962561601,19.4836882955799,31.5367693290952));
#13996=CARTESIAN_POINT('',(-31.4999996256159,19.4836853160962,31.5367685309314));
#13997=CARTESIAN_POINT('Origin',(-31.9999996256159,19.4836852527029,31.5367685139492));
#13998=CARTESIAN_POINT('',(-29.499999625616,19.4836855696693,31.5367685988602));
#13999=CARTESIAN_POINT('Origin',(-29.999999625616,19.483685506276,31.536768581878));
#14000=CARTESIAN_POINT('',(20.5000003743839,19.4836919089963,31.5367702970811));
#14001=CARTESIAN_POINT('Origin',(20.0000003743839,19.4836918456031,31.5367702800989));
#14002=CARTESIAN_POINT('',(-5.49999984956995,26.9495269371994,33.5367694140063));
#14003=CARTESIAN_POINT('Origin',(-5.99999984956995,26.9495268738061,33.5367693970241));
#14004=CARTESIAN_POINT('',(18.50000015043,26.9495299800764,33.5367702291523));
#14005=CARTESIAN_POINT('Origin',(18.00000015043,26.9495299166831,33.5367702121701));
#14006=CARTESIAN_POINT('',(20.50000015043,26.9495302336495,33.5367702970811));
#14007=CARTESIAN_POINT('Origin',(20.00000015043,26.9495301702562,33.5367702800989));
#14008=CARTESIAN_POINT('',(14.50000015043,26.9495294729302,33.5367700932946));
#14009=CARTESIAN_POINT('Origin',(14.00000015043,26.949529409537,33.5367700763124));
#14010=CARTESIAN_POINT('',(-25.499999625616,19.4836860768154,31.5367687347179));
#14011=CARTESIAN_POINT('Origin',(-25.999999625616,19.4836860134221,31.5367687177357));
#14012=CARTESIAN_POINT('',(-21.499999625616,19.4836865839616,31.5367688705756));
#14013=CARTESIAN_POINT('Origin',(-21.999999625616,19.4836865205683,31.5367688535934));
#14014=CARTESIAN_POINT('',(16.50000015043,26.9495297265033,33.5367701612235));
#14015=CARTESIAN_POINT('Origin',(16.00000015043,26.94952966311,33.5367701442413));
#14016=CARTESIAN_POINT('',(-17.4999998495699,26.9495254157609,33.5367690064333));
#14017=CARTESIAN_POINT('Origin',(-17.9999998495699,26.9495253523676,33.536768989451));
#14018=CARTESIAN_POINT('',(-7.49999984956995,26.9495266836263,33.5367693460774));
#14019=CARTESIAN_POINT('Origin',(-7.99999984956995,26.949526620233,33.5367693290952));
#14020=CARTESIAN_POINT('',(18.5000003743839,19.4836916554232,31.5367702291523));
#14021=CARTESIAN_POINT('Origin',(18.0000003743839,19.48369159203,31.5367702121701));
#14022=CARTESIAN_POINT('',(8.50000015043001,26.949528712211,33.5367698895081));
#14023=CARTESIAN_POINT('Origin',(8.00000015043001,26.9495286488177,33.5367698725259));
#14024=CARTESIAN_POINT('',(28.5000003743839,19.4836929232887,31.5367705687965));
#14025=CARTESIAN_POINT('Origin',(28.0000003743839,19.4836928598954,31.5367705518143));
#14026=CARTESIAN_POINT('',(8.50000037438395,19.4836903875578,31.5367698895081));
#14027=CARTESIAN_POINT('Origin',(8.00000037438394,19.4836903241645,31.5367698725259));
#14028=CARTESIAN_POINT('',(2.50000037438396,19.4836896268386,31.5367696857216));
#14029=CARTESIAN_POINT('Origin',(2.00000037438396,19.4836895634453,31.5367696687394));
#14030=CARTESIAN_POINT('',(6.50000037438395,19.4836901339847,31.5367698215793));
#14031=CARTESIAN_POINT('Origin',(6.00000037438395,19.4836900705915,31.5367698045971));
#14032=CARTESIAN_POINT('',(-9.49999962561601,19.4836881054001,31.5367692781486));
#14033=CARTESIAN_POINT('Origin',(-9.99999962561601,19.4836880420068,31.5367692611664));
#14034=CARTESIAN_POINT('',(-11.499999625616,19.483687851827,31.5367692102198));
#14035=CARTESIAN_POINT('Origin',(-11.999999625616,19.4836877884337,31.5367691932376));
#14036=CARTESIAN_POINT('',(-11.4999998495699,26.9495261764802,33.5367692102198));
#14037=CARTESIAN_POINT('Origin',(-11.9999998495699,26.9495261130869,33.5367691932376));
#14038=CARTESIAN_POINT('',(32.5000003743839,19.4836934304348,31.5367707046542));
#14039=CARTESIAN_POINT('Origin',(32.0000003743839,19.4836933670415,31.536770687672));
#14040=CARTESIAN_POINT('Ctrl Pts',(43.1849996276755,24.4697163070335,12.206620918257));
#14041=CARTESIAN_POINT('Ctrl Pts',(43.1849996276542,29.71685978255,20.3895508748442));
#14042=CARTESIAN_POINT('Ctrl Pts',(43.184999627633,34.9640032580665,28.5724808314313));
#14043=CARTESIAN_POINT('Ctrl Pts',(43.1849996276117,40.211146733583,36.7554107880184));
#14044=CARTESIAN_POINT('Ctrl Pts',(43.1849996276763,25.2177145578888,12.206620918257));
#14045=CARTESIAN_POINT('Ctrl Pts',(43.1850229242706,30.4754687505397,20.4581667191993));
#14046=CARTESIAN_POINT('Ctrl Pts',(43.1849763310175,35.7331939927921,28.7095253079093));
#14047=CARTESIAN_POINT('Ctrl Pts',(43.1849996276117,40.990948185443,36.9610711088516));
#14048=CARTESIAN_POINT('Ctrl Pts',(42.8426290951538,26.7104393721221,12.206620918257));
#14049=CARTESIAN_POINT('Ctrl Pts',(42.8336664012113,31.9893626647055,20.5950599798247));
#14050=CARTESIAN_POINT('Ctrl Pts',(42.824644779468,37.2682170043192,28.9830531463435));
#14051=CARTESIAN_POINT('Ctrl Pts',(42.8156820855255,42.5471402969026,37.3714922079113));
#14052=CARTESIAN_POINT('Ctrl Pts',(41.1702319608809,28.8143348871254,12.206620918257));
#14053=CARTESIAN_POINT('Ctrl Pts',(41.1173808819114,34.1230547121687,20.7877438679824));
#14054=CARTESIAN_POINT('Ctrl Pts',(41.0645064146786,39.431768885823,29.3688302721256));
#14055=CARTESIAN_POINT('Ctrl Pts',(41.0116553357091,44.7404887108663,37.949953221851));
#14056=CARTESIAN_POINT('Ctrl Pts',(39.3069970039584,29.4697163070392,12.206620918257));
#14057=CARTESIAN_POINT('Ctrl Pts',(39.2052899008091,34.7877941183062,20.8482587340414));
#14058=CARTESIAN_POINT('Ctrl Pts',(39.1034775648681,40.1056576614563,29.48851095189));
#14059=CARTESIAN_POINT('Ctrl Pts',(39.0017704617189,45.4237354727233,38.1301487676743));
#14060=CARTESIAN_POINT('Ctrl Pts',(38.1849996276755,29.4697163070392,12.206620918257));
#14061=CARTESIAN_POINT('Ctrl Pts',(38.0538210408956,34.7877226956009,20.8477968680629));
#14062=CARTESIAN_POINT('Ctrl Pts',(37.9226424541158,40.1057290841626,29.4889728178688));
#14063=CARTESIAN_POINT('Ctrl Pts',(37.7914638673359,45.4237354727243,38.1301487676747));
#14064=CARTESIAN_POINT('',(43.1573900919114,40.598900340101,36.6764169636599));
#14065=CARTESIAN_POINT('',(37.7914638673372,45.4237354726699,38.1301487675862));
#14066=CARTESIAN_POINT('Ctrl Pts',(43.1573900919114,40.598900340101,36.6764169636599));
#14067=CARTESIAN_POINT('Ctrl Pts',(43.0364329510653,41.7607191493213,36.9945781724153));
#14068=CARTESIAN_POINT('Ctrl Pts',(41.8912321717886,44.2573924291314,37.776092826895));
#14069=CARTESIAN_POINT('Ctrl Pts',(39.2972034463675,45.4229978894684,38.1289502768902));
#14070=CARTESIAN_POINT('Ctrl Pts',(37.7914639063089,45.4237338927288,38.1301462003555));
#14071=CARTESIAN_POINT('Ctrl Pts',(43.1849996276123,40.0689544471034,36.5336616542167));
#14072=CARTESIAN_POINT('Ctrl Pts',(43.1849996276123,40.2456688787775,36.5810011287645));
#14073=CARTESIAN_POINT('Ctrl Pts',(43.1757604900369,40.4224487976315,36.6280961449632));
#14074=CARTESIAN_POINT('Ctrl Pts',(43.1573900919114,40.598900340101,36.6764169636599));
#14075=CARTESIAN_POINT('',(38.1849996276755,29.4697163070392,12.206620918257));
#14076=CARTESIAN_POINT('Origin',(38.1849996276755,29.4697163070392,12.206620918257));
#14077=CARTESIAN_POINT('',(-37.7914646506678,45.4237338930973,38.130146200456));
#14078=CARTESIAN_POINT('',(19.0924996277502,45.4237354728927,38.13014876745));
#14079=CARTESIAN_POINT('',(-38.1850003721681,29.4697163070392,12.206620918257));
#14080=CARTESIAN_POINT('',(32.4999999170757,41.3659976297451,31.5367707046542));
#14081=CARTESIAN_POINT('Origin',(31.9999999170757,41.3659976192938,31.536770687672));
#14082=CARTESIAN_POINT('',(-11.5000001765761,42.5968491818599,33.5367692102198));
#14083=CARTESIAN_POINT('Origin',(-12.0000001765761,42.5968491714086,33.5367691932376));
#14084=CARTESIAN_POINT('',(-15.4999999892724,40.1351441545916,29.5367690743621));
#14085=CARTESIAN_POINT('Origin',(-15.9999999892724,40.1351441441403,29.5367690573799));
#14086=CARTESIAN_POINT('',(-11.5000000829242,41.3659967100309,31.5367692102198));
#14087=CARTESIAN_POINT('Origin',(-12.0000000829242,41.3659966995796,31.5367691932376));
#14088=CARTESIAN_POINT('',(-9.50000008292425,41.3659967518361,31.5367692781486));
#14089=CARTESIAN_POINT('Origin',(-10.0000000829242,41.3659967413848,31.5367692611664));
#14090=CARTESIAN_POINT('',(6.49999991707574,41.3659970862776,31.5367698215793));
#14091=CARTESIAN_POINT('Origin',(5.99999991707574,41.3659970758263,31.5367698045971));
#14092=CARTESIAN_POINT('',(-25.4999999892724,40.1351439455656,29.5367687347179));
#14093=CARTESIAN_POINT('Origin',(-25.9999999892724,40.1351439351143,29.5367687177357));
#14094=CARTESIAN_POINT('',(2.49999991707575,41.3659970026672,31.5367696857216));
#14095=CARTESIAN_POINT('Origin',(1.99999991707575,41.3659969922159,31.5367696687394));
#14096=CARTESIAN_POINT('',(8.49999991707574,41.3659971280828,31.5367698895081));
#14097=CARTESIAN_POINT('Origin',(7.99999991707574,41.3659971176315,31.5367698725259));
#14098=CARTESIAN_POINT('',(16.5000000107276,40.1351448234746,29.5367701612235));
#14099=CARTESIAN_POINT('Origin',(16.0000000107276,40.1351448130233,29.5367701442413));
#14100=CARTESIAN_POINT('',(22.5000000107276,40.1351449488901,29.53677036501));
#14101=CARTESIAN_POINT('Origin',(22.0000000107276,40.1351449384388,29.5367703480278));
#14102=CARTESIAN_POINT('',(24.5000000107276,40.1351449906953,29.5367704329388));
#14103=CARTESIAN_POINT('Origin',(24.0000000107276,40.135144980244,29.5367704159566));
#14104=CARTESIAN_POINT('',(24.5000001043794,38.9042925188663,27.5367704329388));
#14105=CARTESIAN_POINT('Origin',(24.0000001043794,38.904292508415,27.5367704159566));
#14106=CARTESIAN_POINT('',(30.5000001043794,38.9042926442819,27.5367706367253));
#14107=CARTESIAN_POINT('Origin',(30.0000001043794,38.9042926338306,27.5367706197431));
#14108=CARTESIAN_POINT('',(-7.49999998927239,40.1351443218123,29.5367693460774));
#14109=CARTESIAN_POINT('Origin',(-7.99999998927239,40.135144311361,29.5367693290952));
#14110=CARTESIAN_POINT('',(-5.49999998927239,40.1351443636175,29.5367694140063));
#14111=CARTESIAN_POINT('Origin',(-5.9999999892724,40.1351443531662,29.5367693970241));
#14112=CARTESIAN_POINT('',(28.5000001043794,38.9042926024767,27.5367705687965));
#14113=CARTESIAN_POINT('Origin',(28.0000001043794,38.9042925920254,27.5367705518143));
#14114=CARTESIAN_POINT('',(28.4999999170757,41.3659975461347,31.5367705687965));
#14115=CARTESIAN_POINT('Origin',(27.9999999170757,41.3659975356834,31.5367705518143));
#14116=CARTESIAN_POINT('',(8.49999982342389,42.5968495999118,33.5367698895081));
#14117=CARTESIAN_POINT('Origin',(7.99999982342389,42.5968495894605,33.5367698725259));
#14118=CARTESIAN_POINT('',(-15.4999998956205,38.9042916827626,27.5367690743621));
#14119=CARTESIAN_POINT('Origin',(-15.9999998956205,38.9042916723113,27.5367690573799));
#14120=CARTESIAN_POINT('',(-11.4999998956205,38.9042917663729,27.5367692102198));
#14121=CARTESIAN_POINT('Origin',(-11.9999998956205,38.9042917559216,27.5367691932376));
#14122=CARTESIAN_POINT('',(-29.4999999892724,40.1351438619552,29.5367685988603));
#14123=CARTESIAN_POINT('Origin',(-29.9999999892724,40.1351438515039,29.536768581878));
#14124=CARTESIAN_POINT('',(-27.4999999892724,40.1351439037604,29.5367686667891));
#14125=CARTESIAN_POINT('Origin',(-27.9999999892724,40.1351438933091,29.5367686498069));
#14126=CARTESIAN_POINT('',(18.4999999170757,41.3659973371087,31.5367702291523));
#14127=CARTESIAN_POINT('Origin',(17.9999999170757,41.3659973266574,31.5367702121701));
#14128=CARTESIAN_POINT('',(14.5000001043794,38.9042923098404,27.5367700932946));
#14129=CARTESIAN_POINT('Origin',(14.0000001043794,38.9042922993891,27.5367700763124));
#14130=CARTESIAN_POINT('',(-7.5000001765761,42.5968492654703,33.5367693460774));
#14131=CARTESIAN_POINT('Origin',(-8.0000001765761,42.596849255019,33.5367693290952));
#14132=CARTESIAN_POINT('',(-17.5000001765761,42.5968490564444,33.5367690064333));
#14133=CARTESIAN_POINT('Origin',(-18.0000001765761,42.5968490459931,33.536768989451));
#14134=CARTESIAN_POINT('',(16.4999998234239,42.5968497671326,33.5367701612235));
#14135=CARTESIAN_POINT('Origin',(15.9999998234239,42.5968497566813,33.5367701442413));
#14136=CARTESIAN_POINT('',(-21.5000000829242,41.365996501005,31.5367688705756));
#14137=CARTESIAN_POINT('Origin',(-22.0000000829242,41.3659964905537,31.5367688535934));
#14138=CARTESIAN_POINT('',(-25.5000000829242,41.3659964173946,31.5367687347179));
#14139=CARTESIAN_POINT('Origin',(-26.0000000829242,41.3659964069433,31.5367687177357));
#14140=CARTESIAN_POINT('',(14.4999998234239,42.5968497253274,33.5367700932946));
#14141=CARTESIAN_POINT('Origin',(13.9999998234239,42.5968497148761,33.5367700763124));
#14142=CARTESIAN_POINT('',(0.500000104379453,38.9042920172041,27.5367696177928));
#14143=CARTESIAN_POINT('Origin',(1.04379452917319E-7,38.9042920067528,27.5367696008106));
#14144=CARTESIAN_POINT('',(-19.4999998956205,38.9042915991522,27.5367689385044));
#14145=CARTESIAN_POINT('Origin',(-19.9999998956205,38.9042915887009,27.5367689215222));
#14146=CARTESIAN_POINT('',(-21.4999998956205,38.904291557347,27.5367688705756));
#14147=CARTESIAN_POINT('Origin',(-21.9999998956205,38.9042915468957,27.5367688535934));
#14148=CARTESIAN_POINT('',(-5.49999989562054,38.9042918917885,27.5367694140063));
#14149=CARTESIAN_POINT('Origin',(-5.99999989562054,38.9042918813372,27.5367693970241));
#14150=CARTESIAN_POINT('',(-3.49999989562054,38.9042919335937,27.5367694819351));
#14151=CARTESIAN_POINT('Origin',(-3.99999989562054,38.9042919231424,27.5367694649529));
#14152=CARTESIAN_POINT('',(20.4999998234239,42.5968498507429,33.5367702970811));
#14153=CARTESIAN_POINT('Origin',(19.9999998234239,42.5968498402916,33.5367702800989));
#14154=CARTESIAN_POINT('',(18.4999998234239,42.5968498089377,33.5367702291523));
#14155=CARTESIAN_POINT('Origin',(17.9999998234239,42.5968497984864,33.5367702121701));
#14156=CARTESIAN_POINT('',(8.5000000107276,40.1351446562538,29.5367698895081));
#14157=CARTESIAN_POINT('Origin',(8.0000000107276,40.1351446458025,29.5367698725259));
#14158=CARTESIAN_POINT('',(8.50000010437945,38.9042921844248,27.5367698895081));
#14159=CARTESIAN_POINT('Origin',(8.00000010437945,38.9042921739735,27.5367698725259));
#14160=CARTESIAN_POINT('',(-5.5000001765761,42.5968493072755,33.5367694140063));
#14161=CARTESIAN_POINT('Origin',(-6.0000001765761,42.5968492968242,33.5367693970241));
#14162=CARTESIAN_POINT('',(18.5000001043794,38.9042923934508,27.5367702291523));
#14163=CARTESIAN_POINT('Origin',(18.0000001043794,38.9042923829995,27.5367702121701));
#14164=CARTESIAN_POINT('',(20.4999999170757,41.3659973789139,31.5367702970811));
#14165=CARTESIAN_POINT('Origin',(19.9999999170757,41.3659973684626,31.5367702800989));
#14166=CARTESIAN_POINT('',(-29.4999998956205,38.9042913901262,27.5367685988602));
#14167=CARTESIAN_POINT('Origin',(-29.9999998956205,38.9042913796749,27.536768581878));
#14168=CARTESIAN_POINT('',(-29.5000000829242,41.3659963337842,31.5367685988602));
#14169=CARTESIAN_POINT('Origin',(-30.0000000829242,41.3659963233329,31.536768581878));
#14170=CARTESIAN_POINT('',(-31.5000000829242,41.365996291979,31.5367685309314));
#14171=CARTESIAN_POINT('Origin',(-32.0000000829242,41.3659962815277,31.5367685139492));
#14172=CARTESIAN_POINT('',(-13.4999998956205,38.9042917245677,27.5367691422909));
#14173=CARTESIAN_POINT('Origin',(-13.9999998956205,38.9042917141165,27.5367691253087));
#14174=CARTESIAN_POINT('',(-23.4999998956205,38.9042915155418,27.5367688026468));
#14175=CARTESIAN_POINT('Origin',(-23.9999998956205,38.9042915050905,27.5367687856645));
#14176=CARTESIAN_POINT('',(-7.50000008292425,41.3659967936413,31.5367693460774));
#14177=CARTESIAN_POINT('Origin',(-8.00000008292425,41.36599678319,31.5367693290952));
#14178=CARTESIAN_POINT('',(22.4999998234239,42.5968498925481,33.53677036501));
#14179=CARTESIAN_POINT('Origin',(21.9999998234239,42.5968498820968,33.5367703480278));
#14180=CARTESIAN_POINT('',(30.4999998234239,42.5968500597689,33.5367706367253));
#14181=CARTESIAN_POINT('Origin',(29.9999998234239,42.5968500493176,33.5367706197431));
#14182=CARTESIAN_POINT('',(-3.50000008292425,41.3659968772517,31.5367694819351));
#14183=CARTESIAN_POINT('Origin',(-4.00000008292425,41.3659968668004,31.5367694649529));
#14184=CARTESIAN_POINT('',(-1.50000008292425,41.3659969190569,31.5367695498639));
#14185=CARTESIAN_POINT('Origin',(-2.00000008292425,41.3659969086056,31.5367695328817));
#14186=CARTESIAN_POINT('',(26.5000001043794,38.9042925606715,27.5367705008677));
#14187=CARTESIAN_POINT('Origin',(26.0000001043794,38.9042925502202,27.5367704838854));
#14188=CARTESIAN_POINT('',(24.4999999170757,41.3659974625243,31.5367704329388));
#14189=CARTESIAN_POINT('Origin',(23.9999999170757,41.365997452073,31.5367704159566));
#14190=CARTESIAN_POINT('',(22.4999999170757,41.3659974207191,31.53677036501));
#14191=CARTESIAN_POINT('Origin',(21.9999999170757,41.3659974102678,31.5367703480278));
#14192=CARTESIAN_POINT('',(30.5000000107276,40.1351451161109,29.5367706367253));
#14193=CARTESIAN_POINT('Origin',(30.0000000107276,40.1351451056596,29.5367706197431));
#14194=CARTESIAN_POINT('',(12.4999999170757,41.3659972116932,31.5367700253658));
#14195=CARTESIAN_POINT('Origin',(11.9999999170757,41.3659972012419,31.5367700083836));
#14196=CARTESIAN_POINT('',(-17.4999999892724,40.1351441127864,29.5367690064333));
#14197=CARTESIAN_POINT('Origin',(-17.9999999892724,40.1351441023351,29.5367689894511));
#14198=CARTESIAN_POINT('',(-19.5000001765761,42.5968490146392,33.5367689385044));
#14199=CARTESIAN_POINT('Origin',(-20.0000001765761,42.5968490041879,33.5367689215222));
#14200=CARTESIAN_POINT('',(4.49999991707574,41.3659970444724,31.5367697536505));
#14201=CARTESIAN_POINT('Origin',(3.99999991707574,41.3659970340211,31.5367697366682));
#14202=CARTESIAN_POINT('',(2.5000000107276,40.1351445308383,29.5367696857216));
#14203=CARTESIAN_POINT('Origin',(2.0000000107276,40.135144520387,29.5367696687394));
#14204=CARTESIAN_POINT('',(-25.4999998956205,38.9042914737366,27.5367687347179));
#14205=CARTESIAN_POINT('Origin',(-25.9999998956205,38.9042914632853,27.5367687177357));
#14206=CARTESIAN_POINT('',(-11.4999999892724,40.1351442382019,29.5367692102198));
#14207=CARTESIAN_POINT('Origin',(-11.9999999892724,40.1351442277506,29.5367691932376));
#14208=CARTESIAN_POINT('',(-13.5000001765761,42.5968491400547,33.5367691422909));
#14209=CARTESIAN_POINT('Origin',(-14.0000001765761,42.5968491296034,33.5367691253087));
#14210=CARTESIAN_POINT('',(32.5000000107276,40.1351451579161,29.5367707046542));
#14211=CARTESIAN_POINT('Origin',(32.0000000107276,40.1351451474648,29.536770687672));
#14212=CARTESIAN_POINT('',(32.4999998234239,42.5968501015741,33.5367707046542));
#14213=CARTESIAN_POINT('Origin',(31.9999998234239,42.5968500911228,33.536770687672));
#14214=CARTESIAN_POINT('',(-9.5000001765761,42.5968492236651,33.5367692781486));
#14215=CARTESIAN_POINT('Origin',(-10.0000001765761,42.5968492132138,33.5367692611664));
#14216=CARTESIAN_POINT('',(-13.4999999892724,40.1351441963968,29.5367691422909));
#14217=CARTESIAN_POINT('Origin',(-13.9999999892724,40.1351441859454,29.5367691253087));
#14218=CARTESIAN_POINT('',(-13.5000000829242,41.3659966682257,31.5367691422909));
#14219=CARTESIAN_POINT('Origin',(-14.0000000829242,41.3659966577744,31.5367691253087));
#14220=CARTESIAN_POINT('',(10.4999998234239,42.596849641717,33.536769957437));
#14221=CARTESIAN_POINT('Origin',(9.99999982342389,42.5968496312657,33.5367699404548));
#14222=CARTESIAN_POINT('',(-21.4999999892724,40.135144029176,29.5367688705756));
#14223=CARTESIAN_POINT('Origin',(-21.9999999892724,40.1351440187247,29.5367688535934));
#14224=CARTESIAN_POINT('',(10.4999999170757,41.365997169888,31.536769957437));
#14225=CARTESIAN_POINT('Origin',(9.99999991707574,41.3659971594367,31.5367699404548));
#14226=CARTESIAN_POINT('',(-21.5000001765761,42.596848972834,33.5367688705756));
#14227=CARTESIAN_POINT('Origin',(-22.0000001765761,42.5968489623827,33.5367688535934));
#14228=CARTESIAN_POINT('',(-23.5000001765761,42.5968489310288,33.5367688026467));
#14229=CARTESIAN_POINT('Origin',(-24.0000001765761,42.5968489205775,33.5367687856645));
#14230=CARTESIAN_POINT('',(18.5000000107276,40.1351448652798,29.5367702291523));
#14231=CARTESIAN_POINT('Origin',(18.0000000107276,40.1351448548285,29.5367702121701));
#14232=CARTESIAN_POINT('',(26.5000000107276,40.1351450325005,29.5367705008677));
#14233=CARTESIAN_POINT('Origin',(26.0000000107276,40.1351450220492,29.5367704838855));
#14234=CARTESIAN_POINT('',(12.5000000107276,40.1351447398642,29.5367700253658));
#14235=CARTESIAN_POINT('Origin',(12.0000000107276,40.1351447294129,29.5367700083836));
#14236=CARTESIAN_POINT('',(22.5000001043794,38.9042924770611,27.53677036501));
#14237=CARTESIAN_POINT('Origin',(22.0000001043794,38.9042924666098,27.5367703480278));
#14238=CARTESIAN_POINT('',(26.4999999170757,41.3659975043295,31.5367705008677));
#14239=CARTESIAN_POINT('Origin',(25.9999999170757,41.3659974938782,31.5367704838854));
#14240=CARTESIAN_POINT('',(24.4999998234239,42.5968499343533,33.5367704329388));
#14241=CARTESIAN_POINT('Origin',(23.9999998234239,42.596849923902,33.5367704159566));
#14242=CARTESIAN_POINT('',(0.499999917075748,41.365996960862,31.5367696177928));
#14243=CARTESIAN_POINT('Origin',(-8.29242511683821E-8,41.3659969504107,
31.5367696008106));
#14244=CARTESIAN_POINT('',(30.4999999170757,41.3659975879399,31.5367706367253));
#14245=CARTESIAN_POINT('Origin',(29.9999999170757,41.3659975774886,31.5367706197431));
#14246=CARTESIAN_POINT('',(-1.4999999892724,40.1351444472279,29.536769549864));
#14247=CARTESIAN_POINT('Origin',(-1.99999998927239,40.1351444367766,29.5367695328817));
#14248=CARTESIAN_POINT('',(6.49999982342389,42.5968495581066,33.5367698215793));
#14249=CARTESIAN_POINT('Origin',(5.99999982342389,42.5968495476553,33.5367698045971));
#14250=CARTESIAN_POINT('',(2.50000010437945,38.9042920590093,27.5367696857216));
#14251=CARTESIAN_POINT('Origin',(2.00000010437945,38.9042920485579,27.5367696687394));
#14252=CARTESIAN_POINT('',(-29.5000001765761,42.5968488056132,33.5367685988602));
#14253=CARTESIAN_POINT('Origin',(-30.0000001765761,42.5968487951619,33.536768581878));
#14254=CARTESIAN_POINT('',(-27.5000001765761,42.5968488474184,33.5367686667891));
#14255=CARTESIAN_POINT('Origin',(-28.0000001765761,42.5968488369671,33.5367686498069));
#14256=CARTESIAN_POINT('',(-27.4999998956205,38.9042914319314,27.5367686667891));
#14257=CARTESIAN_POINT('Origin',(-27.9999998956205,38.9042914214801,27.5367686498069));
#14258=CARTESIAN_POINT('',(-9.49999989562054,38.9042918081781,27.5367692781486));
#14259=CARTESIAN_POINT('Origin',(-9.99999989562054,38.9042917977268,27.5367692611664));
#14260=CARTESIAN_POINT('',(20.5000001043794,38.9042924352559,27.5367702970812));
#14261=CARTESIAN_POINT('Origin',(20.0000001043794,38.9042924248046,27.5367702800989));
#14262=CARTESIAN_POINT('',(16.4999999170757,41.3659972953036,31.5367701612235));
#14263=CARTESIAN_POINT('Origin',(15.9999999170757,41.3659972848523,31.5367701442413));
#14264=CARTESIAN_POINT('',(-17.4999998956205,38.9042916409574,27.5367690064333));
#14265=CARTESIAN_POINT('Origin',(-17.9999998956205,38.9042916305061,27.5367689894511));
#14266=CARTESIAN_POINT('',(-23.5000000829242,41.3659964591998,31.5367688026467));
#14267=CARTESIAN_POINT('Origin',(-24.0000000829242,41.3659964487485,31.5367687856645));
#14268=CARTESIAN_POINT('',(4.5000000107276,40.1351445726434,29.5367697536505));
#14269=CARTESIAN_POINT('Origin',(4.0000000107276,40.1351445621921,29.5367697366683));
#14270=CARTESIAN_POINT('',(10.5000000107276,40.135144698059,29.536769957437));
#14271=CARTESIAN_POINT('Origin',(10.0000000107276,40.1351446876077,29.5367699404548));
#14272=CARTESIAN_POINT('',(-19.5000000829242,41.3659965428102,31.5367689385044));
#14273=CARTESIAN_POINT('Origin',(-20.0000000829242,41.3659965323589,31.5367689215222));
#14274=CARTESIAN_POINT('',(-1.5000001765761,42.5968493908859,33.5367695498639));
#14275=CARTESIAN_POINT('Origin',(-2.0000001765761,42.5968493804346,33.5367695328817));
#14276=CARTESIAN_POINT('',(6.50000010437945,38.9042921426196,27.5367698215793));
#14277=CARTESIAN_POINT('Origin',(6.00000010437945,38.9042921321683,27.5367698045971));
#14278=CARTESIAN_POINT('',(4.50000010437945,38.9042921008144,27.5367697536505));
#14279=CARTESIAN_POINT('Origin',(4.00000010437945,38.9042920903631,27.5367697366682));
#14280=CARTESIAN_POINT('',(0.499999823423896,42.5968494326911,33.5367696177928));
#14281=CARTESIAN_POINT('Origin',(-1.76576103211233E-7,42.5968494222398,
33.5367696008106));
#14282=CARTESIAN_POINT('',(-1.49999989562054,38.9042919753989,27.536769549864));
#14283=CARTESIAN_POINT('Origin',(-1.99999989562054,38.9042919649476,27.5367695328817));
#14284=CARTESIAN_POINT('',(12.4999998234239,42.5968496835222,33.5367700253658));
#14285=CARTESIAN_POINT('Origin',(11.9999998234239,42.5968496730709,33.5367700083836));
#14286=CARTESIAN_POINT('',(-17.5000000829242,41.3659965846154,31.5367690064333));
#14287=CARTESIAN_POINT('Origin',(-18.0000000829242,41.3659965741641,31.536768989451));
#14288=CARTESIAN_POINT('',(6.5000000107276,40.1351446144486,29.5367698215793));
#14289=CARTESIAN_POINT('Origin',(6.0000000107276,40.1351446039973,29.5367698045971));
#14290=CARTESIAN_POINT('',(-31.4999998956205,38.9042913483211,27.5367685309314));
#14291=CARTESIAN_POINT('Origin',(-31.9999998956205,38.9042913378698,27.5367685139492));
#14292=CARTESIAN_POINT('',(-3.5000001765761,42.5968493490807,33.5367694819351));
#14293=CARTESIAN_POINT('Origin',(-4.0000001765761,42.5968493386294,33.5367694649529));
#14294=CARTESIAN_POINT('',(16.5000001043794,38.9042923516456,27.5367701612235));
#14295=CARTESIAN_POINT('Origin',(16.0000001043794,38.9042923411943,27.5367701442413));
#14296=CARTESIAN_POINT('',(12.5000001043794,38.9042922680352,27.5367700253658));
#14297=CARTESIAN_POINT('Origin',(12.0000001043794,38.9042922575839,27.5367700083836));
#14298=CARTESIAN_POINT('',(-31.5000001765761,42.596848763808,33.5367685309314));
#14299=CARTESIAN_POINT('Origin',(-32.0000001765761,42.5968487533567,33.5367685139492));
#14300=CARTESIAN_POINT('',(-27.5000000829242,41.3659963755894,31.5367686667891));
#14301=CARTESIAN_POINT('Origin',(-28.0000000829242,41.3659963651381,31.5367686498069));
#14302=CARTESIAN_POINT('',(-7.49999989562054,38.9042918499833,27.5367693460774));
#14303=CARTESIAN_POINT('Origin',(-7.99999989562054,38.904291839532,27.5367693290952));
#14304=CARTESIAN_POINT('',(-31.4999999892724,40.1351438201501,29.5367685309314));
#14305=CARTESIAN_POINT('Origin',(-31.9999999892724,40.1351438096988,29.5367685139492));
#14306=CARTESIAN_POINT('',(4.49999982342389,42.5968495163014,33.5367697536505));
#14307=CARTESIAN_POINT('Origin',(3.99999982342389,42.5968495058501,33.5367697366682));
#14308=CARTESIAN_POINT('',(2.4999998234239,42.5968494744962,33.5367696857216));
#14309=CARTESIAN_POINT('Origin',(1.9999998234239,42.5968494640449,33.5367696687394));
#14310=CARTESIAN_POINT('',(28.4999998234239,42.5968500179637,33.5367705687965));
#14311=CARTESIAN_POINT('Origin',(27.9999998234239,42.5968500075124,33.5367705518143));
#14312=CARTESIAN_POINT('',(-3.4999999892724,40.1351444054227,29.5367694819351));
#14313=CARTESIAN_POINT('Origin',(-3.99999998927239,40.1351443949714,29.5367694649529));
#14314=CARTESIAN_POINT('',(-5.50000008292425,41.3659968354465,31.5367694140063));
#14315=CARTESIAN_POINT('Origin',(-6.00000008292425,41.3659968249952,31.5367693970241));
#14316=CARTESIAN_POINT('',(0.5000000107276,40.1351444890331,29.5367696177928));
#14317=CARTESIAN_POINT('Origin',(1.07276008744683E-8,40.1351444785818,29.5367696008106));
#14318=CARTESIAN_POINT('',(26.4999998234239,42.5968499761585,33.5367705008677));
#14319=CARTESIAN_POINT('Origin',(25.9999998234239,42.5968499657072,33.5367704838854));
#14320=CARTESIAN_POINT('',(14.4999999170757,41.3659972534984,31.5367700932946));
#14321=CARTESIAN_POINT('Origin',(13.9999999170757,41.3659972430471,31.5367700763124));
#14322=CARTESIAN_POINT('',(14.5000000107276,40.1351447816694,29.5367700932946));
#14323=CARTESIAN_POINT('Origin',(14.0000000107276,40.1351447712181,29.5367700763124));
#14324=CARTESIAN_POINT('',(20.5000000107276,40.1351449070849,29.5367702970812));
#14325=CARTESIAN_POINT('Origin',(20.0000000107276,40.1351448966336,29.5367702800989));
#14326=CARTESIAN_POINT('',(28.5000000107276,40.1351450743057,29.5367705687965));
#14327=CARTESIAN_POINT('Origin',(28.0000000107276,40.1351450638544,29.5367705518143));
#14328=CARTESIAN_POINT('',(-25.5000001765761,42.5968488892236,33.5367687347179));
#14329=CARTESIAN_POINT('Origin',(-26.0000001765761,42.5968488787723,33.5367687177357));
#14330=CARTESIAN_POINT('',(-19.4999999892724,40.1351440709812,29.5367689385044));
#14331=CARTESIAN_POINT('Origin',(-19.9999999892724,40.1351440605299,29.5367689215222));
#14332=CARTESIAN_POINT('',(10.5000001043794,38.90429222623,27.536769957437));
#14333=CARTESIAN_POINT('Origin',(10.0000001043794,38.9042922157787,27.5367699404548));
#14334=CARTESIAN_POINT('',(-23.4999999892724,40.1351439873708,29.5367688026468));
#14335=CARTESIAN_POINT('Origin',(-23.9999999892724,40.1351439769195,29.5367687856645));
#14336=CARTESIAN_POINT('',(-15.5000000829242,41.3659966264206,31.5367690743621));
#14337=CARTESIAN_POINT('Origin',(-16.0000000829242,41.3659966159693,31.5367690573799));
#14338=CARTESIAN_POINT('',(-9.4999999892724,40.1351442800071,29.5367692781486));
#14339=CARTESIAN_POINT('Origin',(-9.9999999892724,40.1351442695558,29.5367692611664));
#14340=CARTESIAN_POINT('',(-15.5000001765761,42.5968490982495,33.5367690743621));
#14341=CARTESIAN_POINT('Origin',(-16.0000001765761,42.5968490877982,33.5367690573799));
#14342=CARTESIAN_POINT('',(32.5000001043794,38.9042926860871,27.5367707046542));
#14343=CARTESIAN_POINT('Origin',(32.0000001043794,38.9042926756358,27.536770687672));
#14344=CARTESIAN_POINT('Ctrl Pts',(-38.1850003721681,29.4697163070392,12.206620918257));
#14345=CARTESIAN_POINT('Ctrl Pts',(-38.0538217982058,34.7877221694884,20.8477960130217));
#14346=CARTESIAN_POINT('Ctrl Pts',(-37.9226432242435,40.1057280319375,29.4889711077864));
#14347=CARTESIAN_POINT('Ctrl Pts',(-37.7914646502812,45.4237338943867,38.1301462025512));
#14348=CARTESIAN_POINT('Ctrl Pts',(-38.9329986230225,29.4697163070392,12.206620918257));
#14349=CARTESIAN_POINT('Ctrl Pts',(-38.8214621817639,34.7877347543617,20.8478773950526));
#14350=CARTESIAN_POINT('Ctrl Pts',(-38.7098721486921,40.1057154470642,29.4888897257556));
#14351=CARTESIAN_POINT('Ctrl Pts',(-38.5983357074335,45.4237338943867,38.1301462025512));
#14352=CARTESIAN_POINT('Ctrl Pts',(-40.4257234372554,29.1273457745167,12.206620918257));
#14353=CARTESIAN_POINT('Ctrl Pts',(-40.353374382186,34.4405099737504,20.8164866486438));
#14354=CARTESIAN_POINT('Ctrl Pts',(-40.2808976841531,39.7536423400812,29.4261465266382));
#14355=CARTESIAN_POINT('Ctrl Pts',(-40.2085486290837,45.066806539315,38.0360122570249));
#14356=CARTESIAN_POINT('Ctrl Pts',(-42.5296189522573,27.4549486402452,12.206620918257));
#14357=CARTESIAN_POINT('Ctrl Pts',(-42.5124280394022,32.7444042557368,20.6631714232269));
#14358=CARTESIAN_POINT('Ctrl Pts',(-42.4952266649232,38.033847236847,29.1196402260144));
#14359=CARTESIAN_POINT('Ctrl Pts',(-42.478035752068,43.3233028523385,37.5761907309843));
#14360=CARTESIAN_POINT('Ctrl Pts',(-43.1850003721674,25.5917136833238,12.206620918257));
#14361=CARTESIAN_POINT('Ctrl Pts',(-43.1851325869506,30.8547771875567,20.4925027518797));
#14362=CARTESIAN_POINT('Ctrl Pts',(-43.1848681572156,36.117783844848,28.7780169759587));
#14363=CARTESIAN_POINT('Ctrl Pts',(-43.1850003719988,41.3808473490809,37.0638988095814));
#14364=CARTESIAN_POINT('Ctrl Pts',(-43.185000372168,24.4697163070422,12.206620918257));
#14365=CARTESIAN_POINT('Ctrl Pts',(-43.185000372113,29.7168592633382,20.3895500651168));
#14366=CARTESIAN_POINT('Ctrl Pts',(-43.185000372058,34.9640022196342,28.5724792119765));
#14367=CARTESIAN_POINT('Ctrl Pts',(-43.185000372003,40.2111451759303,36.7554083588363));
#14368=CARTESIAN_POINT('',(-43.1573908363036,40.5989003401185,36.6764169636671));
#14369=CARTESIAN_POINT('',(-43.1850003720045,40.0689544471208,36.533661654224));
#14370=CARTESIAN_POINT('Ctrl Pts',(-43.1573908363036,40.5989003401185,36.6764169636671));
#14371=CARTESIAN_POINT('Ctrl Pts',(-43.1757612344284,40.422448797649,36.6280961449704));
#14372=CARTESIAN_POINT('Ctrl Pts',(-43.1850003720039,40.2456688787949,36.5810011287718));
#14373=CARTESIAN_POINT('Ctrl Pts',(-43.1850003720045,40.0689544471208,36.533661654224));
#14374=CARTESIAN_POINT('Ctrl Pts',(-37.7914646506678,45.4237338930998,38.1301462004602));
#14375=CARTESIAN_POINT('Ctrl Pts',(-38.9207693105462,45.4231818911049,38.1292492579794));
#14376=CARTESIAN_POINT('Ctrl Pts',(-40.7954494440547,44.8098784887279,37.9440273876022));
#14377=CARTESIAN_POINT('Ctrl Pts',(-42.5791170208229,42.8338676205064,37.3306363671846));
#14378=CARTESIAN_POINT('Ctrl Pts',(-43.0767527428331,41.3734462088577,36.8885244350542));
#14379=CARTESIAN_POINT('Ctrl Pts',(-43.1573908363036,40.5989003401185,36.6764169636671));
#14380=CARTESIAN_POINT('',(-43.185000372168,24.4697163070422,12.206620918257));
#14381=CARTESIAN_POINT('Origin',(-43.185000372168,24.4697163070422,12.206620918257));
#14382=CARTESIAN_POINT('',(-43.1850003721669,-32.3970542999283,17.1209699789283));
#14383=CARTESIAN_POINT('Ctrl Pts',(-43.1850003721669,-32.3970542999283,
17.1209699789283));
#14384=CARTESIAN_POINT('Ctrl Pts',(-43.185000372167,-32.4471497040718,17.1075500783183));
#14385=CARTESIAN_POINT('Ctrl Pts',(-43.1850003721671,-32.4972446647735,
17.0941285592314));
#14386=CARTESIAN_POINT('Ctrl Pts',(-43.1850003721673,-32.547383413074,17.0807039890601));
#14387=CARTESIAN_POINT('',(-43.185000372068,11.7673501871658,28.9520337032143));
#14388=CARTESIAN_POINT('Ctrl Pts',(42.6849996276135,39.9395730120146,37.0166320924988));
#14389=CARTESIAN_POINT('Ctrl Pts',(42.6849996276126,40.1162874436887,37.0639715670466));
#14390=CARTESIAN_POINT('Ctrl Pts',(42.6849996276116,40.2930018753628,37.1113110415944));
#14391=CARTESIAN_POINT('Ctrl Pts',(42.6849996276107,40.4697163070369,37.1586505161423));
#14392=CARTESIAN_POINT('Ctrl Pts',(42.8516662942798,39.9827001570442,36.8556419464047));
#14393=CARTESIAN_POINT('Ctrl Pts',(42.8516662942791,40.1594145887183,36.9029814209526));
#14394=CARTESIAN_POINT('Ctrl Pts',(42.8485865817534,40.3361508494524,36.950239409384));
#14395=CARTESIAN_POINT('Ctrl Pts',(42.8424631157109,40.5127776513916,36.9979059986481));
#14396=CARTESIAN_POINT('Ctrl Pts',(43.018332960946,40.0258273020738,36.6946518003107));
#14397=CARTESIAN_POINT('Ctrl Pts',(43.0183329609457,40.2025417337479,36.7419912748585));
#14398=CARTESIAN_POINT('Ctrl Pts',(43.0121735358951,40.3792998235419,36.7891677771736));
#14399=CARTESIAN_POINT('Ctrl Pts',(42.9999266038112,40.5558389957463,36.837161481154));
#14400=CARTESIAN_POINT('Ctrl Pts',(43.1849996276123,40.0689544471034,36.5336616542167));
#14401=CARTESIAN_POINT('Ctrl Pts',(43.1849996276123,40.2456688787775,36.5810011287645));
#14402=CARTESIAN_POINT('Ctrl Pts',(43.1757604900369,40.4224487976315,36.6280961449632));
#14403=CARTESIAN_POINT('Ctrl Pts',(43.1573900919114,40.598900340101,36.6764169636599));
#14404=CARTESIAN_POINT('',(42.6849996276107,40.4697163070392,37.1586505161429));
#14405=CARTESIAN_POINT('',(43.1849996276123,40.0689544471034,36.5336616542167));
#14406=CARTESIAN_POINT('Ctrl Pts',(42.6829659335204,-32.6627876904428,17.5674135197592));
#14407=CARTESIAN_POINT('Ctrl Pts',(42.6843216360476,-32.6173496160765,17.5795857829105));
#14408=CARTESIAN_POINT('Ctrl Pts',(42.6849996280001,-32.5718926757977,17.5917630999919));
#14409=CARTESIAN_POINT('Ctrl Pts',(42.684999628,-32.5264357349967,17.6039404172132));
#14410=CARTESIAN_POINT('Ctrl Pts',(42.8503104982116,-32.6243195979805,17.4051770095263));
#14411=CARTESIAN_POINT('Ctrl Pts',(42.8512142998964,-32.5773146323027,17.4177667083513));
#14412=CARTESIAN_POINT('Ctrl Pts',(42.8516662945315,-32.5303116852161,17.4303587594348));
#14413=CARTESIAN_POINT('Ctrl Pts',(42.8516662945314,-32.4833085899674,17.4429502711191));
#14414=CARTESIAN_POINT('Ctrl Pts',(43.0176550629029,-32.5858515055182,17.2429404992934));
#14415=CARTESIAN_POINT('Ctrl Pts',(43.0181069637453,-32.5372796485289,17.2559476337922));
#14416=CARTESIAN_POINT('Ctrl Pts',(43.0183329610628,-32.4887306946345,17.2689544188778));
#14417=CARTESIAN_POINT('Ctrl Pts',(43.0183329610628,-32.4401814449381,17.2819601250249));
#14418=CARTESIAN_POINT('Ctrl Pts',(43.1849996275941,-32.5473834130559,17.0807039890604));
#14419=CARTESIAN_POINT('Ctrl Pts',(43.1849996275941,-32.4972446647551,17.094128559233));
#14420=CARTESIAN_POINT('Ctrl Pts',(43.1849996275942,-32.447149704053,17.1075500783207));
#14421=CARTESIAN_POINT('Ctrl Pts',(43.1849996275942,-32.3970542999087,17.1209699789308));
#14422=CARTESIAN_POINT('',(42.6849996277962,-32.5264357349949,17.6039404172136));
#14423=CARTESIAN_POINT('',(43.1849996279622,-32.5473834130563,17.080703989062));
#14424=CARTESIAN_POINT('Origin',(42.9349996276996,-14.9880421985761,22.0434306114228));
#14425=CARTESIAN_POINT('Ctrl Pts',(37.784999628,-37.2595460301845,16.3360023533636));
#14426=CARTESIAN_POINT('Ctrl Pts',(37.7997671216573,-37.2595460301845,16.3360023533636));
#14427=CARTESIAN_POINT('Ctrl Pts',(37.814534615313,-37.2594815446553,16.3360196281897));
#14428=CARTESIAN_POINT('Ctrl Pts',(37.8293015053862,-37.2593525762325,16.3360541771357));
#14429=CARTESIAN_POINT('Ctrl Pts',(37.784999628,-37.4205361762854,16.1262085416682));
#14430=CARTESIAN_POINT('Ctrl Pts',(37.8003993928376,-37.4205361762854,16.1262085416682));
#14431=CARTESIAN_POINT('Ctrl Pts',(37.8157991576909,-37.4204931859326,16.1262265505731));
#14432=CARTESIAN_POINT('Ctrl Pts',(37.8311989285686,-37.4204072069841,16.1262626009083));
#14433=CARTESIAN_POINT('Ctrl Pts',(37.784999628,-37.5815263223863,15.9164147299728));
#14434=CARTESIAN_POINT('Ctrl Pts',(37.801031664018,-37.5815263223863,15.9164147299728));
#14435=CARTESIAN_POINT('Ctrl Pts',(37.8170637000688,-37.5815048272099,15.9164334729565));
#14436=CARTESIAN_POINT('Ctrl Pts',(37.833096351751,-37.5814618377357,15.9164710246808));
#14437=CARTESIAN_POINT('Ctrl Pts',(37.784999628,-37.7425164684873,15.7066209182774));
#14438=CARTESIAN_POINT('Ctrl Pts',(37.8016639351983,-37.7425164684873,15.7066209182774));
#14439=CARTESIAN_POINT('Ctrl Pts',(37.8183282424467,-37.7425164684873,15.7066403953399));
#14440=CARTESIAN_POINT('Ctrl Pts',(37.8349937749334,-37.7425164684873,15.7066794484534));
#14441=CARTESIAN_POINT('',(37.8293015053862,-37.2593525762325,16.3360541771357));
#14442=CARTESIAN_POINT('',(37.784999628,-37.7425164684873,15.7066209182559));
#14443=CARTESIAN_POINT('Ctrl Pts',(37.8293015053862,-37.2593525762325,16.3360541771357));
#14444=CARTESIAN_POINT('Ctrl Pts',(38.9023176833272,-37.2499812594973,16.3385646297675));
#14445=CARTESIAN_POINT('Ctrl Pts',(40.6792192767092,-36.6444067072011,16.5007900962087));
#14446=CARTESIAN_POINT('Ctrl Pts',(42.3022299208216,-34.7238052611464,17.0152939904901));
#14447=CARTESIAN_POINT('Ctrl Pts',(42.662357380139,-33.3535092627528,17.382378285329));
#14448=CARTESIAN_POINT('Ctrl Pts',(42.6829659335207,-32.6627876904335,17.5674135197617));
#14449=CARTESIAN_POINT('Ctrl Pts',(37.8311989285686,-37.4204072069841,16.1262626009083));
#14450=CARTESIAN_POINT('Ctrl Pts',(38.9502025377543,-37.4141596624939,16.1288821499596));
#14451=CARTESIAN_POINT('Ctrl Pts',(40.8061283681839,-36.7778908073505,16.2982959234457));
#14452=CARTESIAN_POINT('Ctrl Pts',(42.4791068579991,-34.7634327429066,16.8333605469586));
#14453=CARTESIAN_POINT('Ctrl Pts',(42.8365714627471,-33.3388600852956,17.2137961755317));
#14454=CARTESIAN_POINT('Ctrl Pts',(42.8503104983345,-32.6243195979745,17.4051770095285));
#14455=CARTESIAN_POINT('Ctrl Pts',(37.833096351751,-37.5814618377357,15.9164710246808));
#14456=CARTESIAN_POINT('Ctrl Pts',(38.9980873921814,-37.5783380654905,15.9191996701517));
#14457=CARTESIAN_POINT('Ctrl Pts',(40.9330374596587,-36.9113749075,16.0958017506826));
#14458=CARTESIAN_POINT('Ctrl Pts',(42.6559837951766,-34.8030602246669,16.6514271034271));
#14459=CARTESIAN_POINT('Ctrl Pts',(43.0107855453552,-33.3242109078383,17.0452140657344));
#14460=CARTESIAN_POINT('Ctrl Pts',(43.0176550631483,-32.5858515055154,17.2429404992952));
#14461=CARTESIAN_POINT('Ctrl Pts',(37.8349937749334,-37.7425164684873,15.7066794484534));
#14462=CARTESIAN_POINT('Ctrl Pts',(39.0459722466085,-37.7425164684872,15.7095171903438));
#14463=CARTESIAN_POINT('Ctrl Pts',(41.0599465511335,-37.0448590076494,15.8933075779196));
#14464=CARTESIAN_POINT('Ctrl Pts',(42.8328607323541,-34.8426877064271,16.4694936598956));
#14465=CARTESIAN_POINT('Ctrl Pts',(43.1849996279633,-33.309561730381,16.8766319559371));
#14466=CARTESIAN_POINT('Ctrl Pts',(43.1849996279622,-32.5473834130563,17.080703989062));
#14467=CARTESIAN_POINT('Ctrl Pts',(-37.8293022494537,-37.2593525763925,
16.3360541770952));
#14468=CARTESIAN_POINT('Ctrl Pts',(-37.814535359358,-37.2594815448156,16.336019628149));
#14469=CARTESIAN_POINT('Ctrl Pts',(-37.7997678656799,-37.259546030345,16.3360023533229));
#14470=CARTESIAN_POINT('Ctrl Pts',(-37.7850003720001,-37.259546030345,16.3360023533229));
#14471=CARTESIAN_POINT('Ctrl Pts',(-37.8311996726385,-37.4204072070907,
16.1262626008677));
#14472=CARTESIAN_POINT('Ctrl Pts',(-37.8157999017375,-37.4204931860395,
16.1262265505324));
#14473=CARTESIAN_POINT('Ctrl Pts',(-37.800400136861,-37.4205361763925,16.1262085416275));
#14474=CARTESIAN_POINT('Ctrl Pts',(-37.7850003720002,-37.4205361763925,
16.1262085416275));
#14475=CARTESIAN_POINT('Ctrl Pts',(-37.8330970958232,-37.581461837789,15.9164710246403));
#14476=CARTESIAN_POINT('Ctrl Pts',(-37.817064444117,-37.5815048272634,15.9164334729159));
#14477=CARTESIAN_POINT('Ctrl Pts',(-37.8010324080422,-37.5815263224399,
15.9164147299321));
#14478=CARTESIAN_POINT('Ctrl Pts',(-37.7850003720002,-37.5815263224399,
15.9164147299321));
#14479=CARTESIAN_POINT('Ctrl Pts',(-37.834994519008,-37.7425164684873,15.7066794484128));
#14480=CARTESIAN_POINT('Ctrl Pts',(-37.8183289864964,-37.7425164684873,
15.7066403952993));
#14481=CARTESIAN_POINT('Ctrl Pts',(-37.8016646792233,-37.7425164684873,
15.7066209182367));
#14482=CARTESIAN_POINT('Ctrl Pts',(-37.7850003720002,-37.7425164684873,
15.7066209182367));
#14483=CARTESIAN_POINT('',(-37.7850003720002,-37.2595460302648,16.3360023533444));
#14484=CARTESIAN_POINT('',(-37.834994519008,-37.7425164686278,15.7066794484129));
#14485=CARTESIAN_POINT('Origin',(-19.0925003721898,-37.501031249376,16.0213116358007));
#14486=CARTESIAN_POINT('Ctrl Pts',(-42.6850003721654,-32.5264357350145,
17.603940417211));
#14487=CARTESIAN_POINT('Ctrl Pts',(-42.6850003721654,-32.5718926758115,
17.5917630999908));
#14488=CARTESIAN_POINT('Ctrl Pts',(-42.6843223802128,-32.6173496160865,
17.5795857829104));
#14489=CARTESIAN_POINT('Ctrl Pts',(-42.6829666776857,-32.662787690449,17.5674135197602));
#14490=CARTESIAN_POINT('Ctrl Pts',(-42.8516670388326,-32.4833085899858,
17.4429502711168));
#14491=CARTESIAN_POINT('Ctrl Pts',(-42.8516670388326,-32.5303116852316,
17.4303587594333));
#14492=CARTESIAN_POINT('Ctrl Pts',(-42.8512150441976,-32.5773146323155,
17.4177667083507));
#14493=CARTESIAN_POINT('Ctrl Pts',(-42.8503112425129,-32.6243195979906,
17.4051770095268));
#14494=CARTESIAN_POINT('Ctrl Pts',(-43.0183337054997,-32.440181444957,17.2819601250225));
#14495=CARTESIAN_POINT('Ctrl Pts',(-43.0183337054998,-32.4887306946517,
17.2689544188758));
#14496=CARTESIAN_POINT('Ctrl Pts',(-43.0181077081824,-32.5372796485445,
17.2559476337911));
#14497=CARTESIAN_POINT('Ctrl Pts',(-43.0176558073401,-32.5858515055323,
17.2429404992935));
#14498=CARTESIAN_POINT('Ctrl Pts',(-43.1850003721669,-32.3970542999283,
17.1209699789283));
#14499=CARTESIAN_POINT('Ctrl Pts',(-43.185000372167,-32.4471497040718,17.1075500783183));
#14500=CARTESIAN_POINT('Ctrl Pts',(-43.1850003721671,-32.4972446647735,
17.0941285592314));
#14501=CARTESIAN_POINT('Ctrl Pts',(-43.1850003721673,-32.547383413074,17.0807039890601));
#14502=CARTESIAN_POINT('',(-42.6829666776857,-32.6627876904489,17.5674135197602));
#14503=CARTESIAN_POINT('',(-43.1850003721669,-32.3970542999283,17.1209699789283));
#14504=CARTESIAN_POINT('Ctrl Pts',(-42.6829666776857,-32.6627876904489,
17.5674135197602));
#14505=CARTESIAN_POINT('Ctrl Pts',(-42.6520538476103,-33.6988700489524,
17.2898606681046));
#14506=CARTESIAN_POINT('Ctrl Pts',(-41.9901208022755,-35.4029445934757,
16.8333614859843));
#14507=CARTESIAN_POINT('Ctrl Pts',(-39.9701013587201,-36.9324012276412,
16.4236401478955));
#14508=CARTESIAN_POINT('Ctrl Pts',(-38.5446463680968,-37.2531050318931,
16.3377278121855));
#14509=CARTESIAN_POINT('Ctrl Pts',(-37.8293022494526,-37.2593525763925,
16.3360541770952));
#14510=CARTESIAN_POINT('Ctrl Pts',(-42.8503112425134,-32.6243195979906,
17.4051770095268));
#14511=CARTESIAN_POINT('Ctrl Pts',(-42.8297026891299,-33.6961303289997,
17.1181057585254));
#14512=CARTESIAN_POINT('Ctrl Pts',(-42.162860846055,-35.473717669091,16.6444315666801));
#14513=CARTESIAN_POINT('Ctrl Pts',(-40.0656434042145,-37.0817195381599,
16.2177073147616));
#14514=CARTESIAN_POINT('Ctrl Pts',(-38.5772020787773,-37.4162421774713,
16.1280089669045));
#14515=CARTESIAN_POINT('Ctrl Pts',(-37.8311996726377,-37.4204072071376,
16.1262626008677));
#14516=CARTESIAN_POINT('Ctrl Pts',(-43.0176558073411,-32.5858515055323,
17.2429404992935));
#14517=CARTESIAN_POINT('Ctrl Pts',(-43.0073515306495,-33.6933906090469,
16.9463508489461));
#14518=CARTESIAN_POINT('Ctrl Pts',(-42.3356008898346,-35.5444907447063,
16.4555016473759));
#14519=CARTESIAN_POINT('Ctrl Pts',(-40.1611854497089,-37.2310378486785,
16.0117744816277));
#14520=CARTESIAN_POINT('Ctrl Pts',(-38.6097577894577,-37.5793793230495,
15.9182901216234));
#14521=CARTESIAN_POINT('Ctrl Pts',(-37.8330970958229,-37.5814618378827,
15.9164710246403));
#14522=CARTESIAN_POINT('Ctrl Pts',(-43.1850003721689,-32.547383413074,17.0807039890601));
#14523=CARTESIAN_POINT('Ctrl Pts',(-43.1850003721691,-33.6906508890941,
16.7745959393668));
#14524=CARTESIAN_POINT('Ctrl Pts',(-42.5083409336141,-35.6152638203216,
16.2665717280717));
#14525=CARTESIAN_POINT('Ctrl Pts',(-40.2567274952032,-37.3803561591971,
15.8058416484939));
#14526=CARTESIAN_POINT('Ctrl Pts',(-38.6423135001381,-37.7425164686278,
15.7085712763423));
#14527=CARTESIAN_POINT('Ctrl Pts',(-37.834994519008,-37.7425164686278,15.7066794484129));
#14528=CARTESIAN_POINT('Ctrl Pts',(-42.6850003720003,40.4697163070557,37.1586505161499));
#14529=CARTESIAN_POINT('Ctrl Pts',(-42.6850003720007,40.2930018753817,37.1113110416021));
#14530=CARTESIAN_POINT('Ctrl Pts',(-42.6850003720011,40.1162874437076,37.0639715670543));
#14531=CARTESIAN_POINT('Ctrl Pts',(-42.6850003720015,39.9395730120336,37.0166320925065));
#14532=CARTESIAN_POINT('Ctrl Pts',(-42.8424638601014,40.51277765141,36.9979059986557));
#14533=CARTESIAN_POINT('Ctrl Pts',(-42.8485873261433,40.3361508494708,36.9502394093915));
#14534=CARTESIAN_POINT('Ctrl Pts',(-42.8516670386687,40.1594145887367,36.9029814209601));
#14535=CARTESIAN_POINT('Ctrl Pts',(-42.8516670386692,39.9827001570627,36.8556419464123));
#14536=CARTESIAN_POINT('Ctrl Pts',(-42.9999273482025,40.5558389957643,36.8371614811614));
#14537=CARTESIAN_POINT('Ctrl Pts',(-43.0121742802859,40.3792998235599,36.789167777181));
#14538=CARTESIAN_POINT('Ctrl Pts',(-43.0183337053363,40.2025417337658,36.741991274866));
#14539=CARTESIAN_POINT('Ctrl Pts',(-43.0183337053369,40.0258273020918,36.6946518003182));
#14540=CARTESIAN_POINT('Ctrl Pts',(-43.1573908363036,40.5989003401185,36.6764169636671));
#14541=CARTESIAN_POINT('Ctrl Pts',(-43.1757612344284,40.422448797649,36.6280961449704));
#14542=CARTESIAN_POINT('Ctrl Pts',(-43.1850003720039,40.2456688787949,36.5810011287718));
#14543=CARTESIAN_POINT('Ctrl Pts',(-43.1850003720045,40.0689544471208,36.533661654224));
#14544=CARTESIAN_POINT('',(-42.6850003720023,39.9395730120336,37.0166320925065));
#14545=CARTESIAN_POINT('',(-43.1573908363036,40.5989003401185,36.6764169636671));
#14546=CARTESIAN_POINT('Origin',(-42.9350003720668,11.7026594696222,29.1935189223555));
#14547=CARTESIAN_POINT('Ctrl Pts',(42.6849996276107,40.4697163070392,37.1586505161429));
#14548=CARTESIAN_POINT('Ctrl Pts',(42.6849996276107,41.5309559695204,37.4429426790141));
#14549=CARTESIAN_POINT('Ctrl Pts',(41.7904949894547,44.0110501899967,38.1073273368728));
#14550=CARTESIAN_POINT('Ctrl Pts',(39.2561659406377,45.2010066647187,38.4261010426448));
#14551=CARTESIAN_POINT('Ctrl Pts',(37.7912884459708,45.202822703647,38.4265875356144));
#14552=CARTESIAN_POINT('Ctrl Pts',(42.8424631157109,40.5127776513932,36.9979059986486));
#14553=CARTESIAN_POINT('Ctrl Pts',(42.8021440687622,41.6075436961207,37.2934878434812));
#14554=CARTESIAN_POINT('Ctrl Pts',(41.824074048215,44.093164274107,37.9969158349237));
#14555=CARTESIAN_POINT('Ctrl Pts',(39.2698451000737,45.2750037437425,38.3270507886366));
#14556=CARTESIAN_POINT('Ctrl Pts',(37.7913469188225,45.2764597666811,38.3277737572058));
#14557=CARTESIAN_POINT('Ctrl Pts',(42.9999266038112,40.5558389957471,36.8371614811542));
#14558=CARTESIAN_POINT('Ctrl Pts',(42.9192885099138,41.684131422721,37.1440330079482));
#14559=CARTESIAN_POINT('Ctrl Pts',(41.8576531069753,44.1752783582174,37.8865043329747));
#14560=CARTESIAN_POINT('Ctrl Pts',(39.2835242595098,45.3490008227663,38.2280005346284));
#14561=CARTESIAN_POINT('Ctrl Pts',(37.7914053916743,45.3500968297151,38.2289599787972));
#14562=CARTESIAN_POINT('Ctrl Pts',(43.1573900919114,40.598900340101,36.6764169636599));
#14563=CARTESIAN_POINT('Ctrl Pts',(43.0364329510653,41.7607191493213,36.9945781724153));
#14564=CARTESIAN_POINT('Ctrl Pts',(41.8912321657356,44.2573924423277,37.7760928310257));
#14565=CARTESIAN_POINT('Ctrl Pts',(39.2972034189458,45.4229979017901,38.1289502806202));
#14566=CARTESIAN_POINT('Ctrl Pts',(37.791463864526,45.4237338927492,38.1301462003887));
#14567=CARTESIAN_POINT('',(37.7913761771514,45.2028266020209,38.4265885799375));
#14568=CARTESIAN_POINT('Origin',(19.0924996277502,45.313281037457,38.2783686736941));
#14569=CARTESIAN_POINT('Ctrl Pts',(-37.7913769183834,45.2028225944801,38.4265875063606));
#14570=CARTESIAN_POINT('Ctrl Pts',(-37.7914069778145,45.2764597158369,38.3277737236347));
#14571=CARTESIAN_POINT('Ctrl Pts',(-37.7914362219092,45.3500968153737,38.2289599550087));
#14572=CARTESIAN_POINT('Ctrl Pts',(-37.7914646506678,45.4237338930998,38.1301462004602));
#14573=CARTESIAN_POINT('Ctrl Pts',(-37.791289230969,45.2028227039711,38.4265875357035));
#14574=CARTESIAN_POINT('Ctrl Pts',(-38.8899473461854,45.2014606659029,38.4262226635997));
#14575=CARTESIAN_POINT('Ctrl Pts',(-40.7134193345817,44.5793311548307,38.2595623412036));
#14576=CARTESIAN_POINT('Ctrl Pts',(-42.3504030901096,42.5895709045063,37.7265317118759));
#14577=CARTESIAN_POINT('Ctrl Pts',(-42.6850003719977,41.1772094116589,37.3481786237348));
#14578=CARTESIAN_POINT('Ctrl Pts',(-42.6850003720003,40.4697163070551,37.1586505161498));
#14579=CARTESIAN_POINT('Ctrl Pts',(-37.7913477042019,45.276459767014,38.3277737572891));
#14580=CARTESIAN_POINT('Ctrl Pts',(-38.9002213343057,45.2753677409702,38.3272315283929));
#14581=CARTESIAN_POINT('Ctrl Pts',(-40.740762704406,44.6561802661298,38.1543840233365));
#14582=CARTESIAN_POINT('Ctrl Pts',(-42.426641067014,42.671003143173,37.5945665969788));
#14583=CARTESIAN_POINT('Ctrl Pts',(-42.8155844956095,41.2426216773919,37.1949605608413));
#14584=CARTESIAN_POINT('Ctrl Pts',(-42.8424638601014,40.5127776514096,36.9979059986555));
#14585=CARTESIAN_POINT('Ctrl Pts',(-37.7914061774349,45.3500968300569,38.2289599788746));
#14586=CARTESIAN_POINT('Ctrl Pts',(-38.910495322426,45.3492748160376,38.2282403931862));
#14587=CARTESIAN_POINT('Ctrl Pts',(-40.7681060742303,44.7330293774289,38.0492057054693));
#14588=CARTESIAN_POINT('Ctrl Pts',(-42.5028790439185,42.7524353818397,37.4626014820817));
#14589=CARTESIAN_POINT('Ctrl Pts',(-42.9461686192213,41.3080339431248,37.0417424979477));
#14590=CARTESIAN_POINT('Ctrl Pts',(-42.9999273482025,40.5558389957641,36.8371614811613));
#14591=CARTESIAN_POINT('Ctrl Pts',(-37.7914646506678,45.4237338930998,38.1301462004602));
#14592=CARTESIAN_POINT('Ctrl Pts',(-38.9207693105462,45.4231818911049,38.1292492579794));
#14593=CARTESIAN_POINT('Ctrl Pts',(-40.7954494440547,44.8098784887279,37.9440273876022));
#14594=CARTESIAN_POINT('Ctrl Pts',(-42.5791170208229,42.8338676205064,37.3306363671846));
#14595=CARTESIAN_POINT('Ctrl Pts',(-43.0767527428331,41.3734462088577,36.8885244350542));
#14596=CARTESIAN_POINT('Ctrl Pts',(-43.1573908363036,40.5989003401185,36.6764169636671));
#14597=CARTESIAN_POINT('Origin',(31.9999999681326,45.4237353516368,27.536770687672));
#14598=CARTESIAN_POINT('',(32.4999999681326,45.423735362086,27.5367707046542));
#14599=CARTESIAN_POINT('Origin',(-16.0000002356539,45.423734348507,33.5367690573799));
#14600=CARTESIAN_POINT('',(-15.5000002356539,45.4237343589563,33.5367690743621));
#14601=CARTESIAN_POINT('Origin',(-16.0000002356539,45.423734348507,33.5367690573799));
#14602=CARTESIAN_POINT('',(-15.5000002356539,45.4237343589563,33.5367690743621));
#14603=CARTESIAN_POINT('Origin',(-10.0000000997962,45.4237344738982,29.5367692611664));
#14604=CARTESIAN_POINT('Origin',(-9.99999951463716,17.4237344738982,29.5367692611664));
#14605=CARTESIAN_POINT('Origin',(-10.0000000997962,45.4237344738982,29.5367692611664));
#14606=CARTESIAN_POINT('',(-9.50000009979619,45.4237344843475,29.5367692781486));
#14607=CARTESIAN_POINT('Origin',(-9.99999951463716,17.4237344738982,29.5367692611664));
#14608=CARTESIAN_POINT('Origin',(-16.000000167725,45.423734348507,31.5367690573799));
#14609=CARTESIAN_POINT('',(-15.500000167725,45.4237343589563,31.5367690743621));
#14610=CARTESIAN_POINT('Origin',(-16.000000167725,45.423734348507,31.5367690573799));
#14611=CARTESIAN_POINT('',(-15.500000167725,45.4237343589563,31.5367690743621));
#14612=CARTESIAN_POINT('Origin',(-24.0000000997962,45.4237341813187,29.5367687856645));
#14613=CARTESIAN_POINT('Origin',(-23.9999995146371,17.4237341813187,29.5367687856645));
#14614=CARTESIAN_POINT('Origin',(-24.0000000997962,45.4237341813187,29.5367687856645));
#14615=CARTESIAN_POINT('',(-23.5000000997962,45.423734191768,29.5367688026468));
#14616=CARTESIAN_POINT('Origin',(-23.9999995146371,17.4237341813187,29.5367687856645));
#14617=CARTESIAN_POINT('Origin',(9.99999996813263,45.423734891869,27.5367699404548));
#14618=CARTESIAN_POINT('',(10.4999999681326,45.4237349023182,27.536769957437));
#14619=CARTESIAN_POINT('Origin',(-20.0000000997962,45.4237342649129,29.5367689215222));
#14620=CARTESIAN_POINT('Origin',(-19.9999995146372,17.4237342649129,29.5367689215222));
#14621=CARTESIAN_POINT('Origin',(-20.0000000997962,45.4237342649129,29.5367689215222));
#14622=CARTESIAN_POINT('',(-19.5000000997962,45.4237342753621,29.5367689385044));
#14623=CARTESIAN_POINT('Origin',(-19.9999995146372,17.4237342649129,29.5367689215222));
#14624=CARTESIAN_POINT('Origin',(-26.0000002356539,45.4237341395216,33.5367687177357));
#14625=CARTESIAN_POINT('',(-25.5000002356539,45.4237341499709,33.5367687347179));
#14626=CARTESIAN_POINT('Origin',(-26.0000002356539,45.4237341395216,33.5367687177357));
#14627=CARTESIAN_POINT('',(-25.5000002356539,45.4237341499709,33.5367687347179));
#14628=CARTESIAN_POINT('Origin',(27.9999999002038,45.4237352680426,29.5367705518143));
#14629=CARTESIAN_POINT('Origin',(28.0000004853628,17.4237352680426,29.5367705518143));
#14630=CARTESIAN_POINT('Origin',(27.9999999002038,45.4237352680426,29.5367705518143));
#14631=CARTESIAN_POINT('',(28.4999999002038,45.4237352784919,29.5367705687965));
#14632=CARTESIAN_POINT('Origin',(28.0000004853628,17.4237352680426,29.5367705518143));
#14633=CARTESIAN_POINT('Origin',(19.9999999002038,45.4237351008543,29.5367702800989));
#14634=CARTESIAN_POINT('Origin',(20.0000004853628,17.4237351008543,29.5367702800989));
#14635=CARTESIAN_POINT('Origin',(19.9999999002038,45.4237351008543,29.5367702800989));
#14636=CARTESIAN_POINT('',(20.4999999002038,45.4237351113036,29.5367702970812));
#14637=CARTESIAN_POINT('Origin',(20.0000004853628,17.4237351008543,29.5367702800989));
#14638=CARTESIAN_POINT('Origin',(13.9999999002038,45.4237349754631,29.5367700763124));
#14639=CARTESIAN_POINT('Origin',(14.0000004853628,17.4237349754631,29.5367700763124));
#14640=CARTESIAN_POINT('Origin',(13.9999999002038,45.4237349754631,29.5367700763124));
#14641=CARTESIAN_POINT('',(14.4999999002038,45.4237349859124,29.5367700932946));
#14642=CARTESIAN_POINT('Origin',(14.0000004853628,17.4237349754631,29.5367700763124));
#14643=CARTESIAN_POINT('Origin',(13.999999832275,45.4237349754631,31.5367700763124));
#14644=CARTESIAN_POINT('',(14.499999832275,45.4237349859124,31.5367700932946));
#14645=CARTESIAN_POINT('Origin',(13.999999832275,45.4237349754631,31.5367700763124));
#14646=CARTESIAN_POINT('',(14.499999832275,45.4237349859124,31.5367700932946));
#14647=CARTESIAN_POINT('Origin',(25.9999997643461,45.4237352262456,33.5367704838854));
#14648=CARTESIAN_POINT('',(26.4999997643461,45.4237352366948,33.5367705008677));
#14649=CARTESIAN_POINT('Origin',(25.9999997643461,45.4237352262456,33.5367704838854));
#14650=CARTESIAN_POINT('',(26.4999997643461,45.4237352366948,33.5367705008677));
#14651=CARTESIAN_POINT('Origin',(-9.97961975058894E-8,45.4237346828836,
29.5367696008106));
#14652=CARTESIAN_POINT('Origin',(4.85362840107913E-7,17.4237346828836,29.5367696008106));
#14653=CARTESIAN_POINT('Origin',(-9.97961975058894E-8,45.4237346828836,
29.5367696008106));
#14654=CARTESIAN_POINT('',(0.499999900203802,45.4237346933329,29.5367696177928));
#14655=CARTESIAN_POINT('Origin',(4.85362840107913E-7,17.4237346828836,29.5367696008106));
#14656=CARTESIAN_POINT('Origin',(-6.00000016772503,45.4237345574924,31.5367693970241));
#14657=CARTESIAN_POINT('',(-5.50000016772503,45.4237345679416,31.5367694140063));
#14658=CARTESIAN_POINT('Origin',(-6.00000016772503,45.4237345574924,31.5367693970241));
#14659=CARTESIAN_POINT('',(-5.50000016772503,45.4237345679416,31.5367694140063));
#14660=CARTESIAN_POINT('Origin',(-4.00000009979619,45.4237345992894,29.5367694649529));
#14661=CARTESIAN_POINT('Origin',(-3.99999951463716,17.4237345992894,29.5367694649529));
#14662=CARTESIAN_POINT('Origin',(-4.00000009979619,45.4237345992894,29.5367694649529));
#14663=CARTESIAN_POINT('',(-3.50000009979619,45.4237346097387,29.5367694819351));
#14664=CARTESIAN_POINT('Origin',(-3.99999951463716,17.4237345992894,29.5367694649529));
#14665=CARTESIAN_POINT('Origin',(27.9999997643461,45.4237352680426,33.5367705518143));
#14666=CARTESIAN_POINT('',(28.4999997643461,45.4237352784919,33.5367705687965));
#14667=CARTESIAN_POINT('Origin',(27.9999997643461,45.4237352680426,33.5367705518143));
#14668=CARTESIAN_POINT('',(28.4999997643461,45.4237352784919,33.5367705687965));
#14669=CARTESIAN_POINT('Origin',(1.99999976434613,45.4237347246807,33.5367696687394));
#14670=CARTESIAN_POINT('',(2.49999976434613,45.4237347351299,33.5367696857216));
#14671=CARTESIAN_POINT('Origin',(1.99999976434613,45.4237347246807,33.5367696687394));
#14672=CARTESIAN_POINT('',(2.49999976434613,45.4237347351299,33.5367696857216));
#14673=CARTESIAN_POINT('Origin',(3.99999976434613,45.4237347664777,33.5367697366682));
#14674=CARTESIAN_POINT('',(4.49999976434613,45.423734776927,33.5367697536505));
#14675=CARTESIAN_POINT('Origin',(3.99999976434613,45.4237347664777,33.5367697366682));
#14676=CARTESIAN_POINT('',(4.49999976434613,45.423734776927,33.5367697536505));
#14677=CARTESIAN_POINT('Origin',(-32.0000000997962,45.4237340141304,29.5367685139492));
#14678=CARTESIAN_POINT('Origin',(-31.9999995146371,17.4237340141304,29.5367685139492));
#14679=CARTESIAN_POINT('Origin',(-32.0000000997962,45.4237340141304,29.5367685139492));
#14680=CARTESIAN_POINT('',(-31.5000000997962,45.4237340245797,29.5367685309314));
#14681=CARTESIAN_POINT('Origin',(-31.9999995146371,17.4237340141304,29.5367685139492));
#14682=CARTESIAN_POINT('Origin',(-8.00000003186736,45.4237345156953,27.5367693290952));
#14683=CARTESIAN_POINT('',(-7.50000003186736,45.4237345261446,27.5367693460774));
#14684=CARTESIAN_POINT('Origin',(-28.000000167725,45.4237340977246,31.5367686498069));
#14685=CARTESIAN_POINT('',(-27.500000167725,45.4237341081738,31.5367686667891));
#14686=CARTESIAN_POINT('Origin',(-28.000000167725,45.4237340977246,31.5367686498069));
#14687=CARTESIAN_POINT('',(-27.500000167725,45.4237341081738,31.5367686667891));
#14688=CARTESIAN_POINT('Origin',(-32.0000002356538,45.4237340141304,33.5367685139492));
#14689=CARTESIAN_POINT('',(-31.5000002356538,45.4237340245797,33.5367685309314));
#14690=CARTESIAN_POINT('Origin',(-32.0000002356538,45.4237340141304,33.5367685139492));
#14691=CARTESIAN_POINT('',(-31.5000002356538,45.4237340245797,33.5367685309314));
#14692=CARTESIAN_POINT('Origin',(11.9999999681326,45.423734933666,27.5367700083836));
#14693=CARTESIAN_POINT('',(12.4999999681326,45.4237349441153,27.5367700253658));
#14694=CARTESIAN_POINT('Origin',(15.9999999681326,45.4237350172602,27.5367701442413));
#14695=CARTESIAN_POINT('',(16.4999999681326,45.4237350277095,27.5367701612235));
#14696=CARTESIAN_POINT('Origin',(-4.00000023565387,45.4237345992894,33.5367694649529));
#14697=CARTESIAN_POINT('',(-3.50000023565387,45.4237346097387,33.5367694819351));
#14698=CARTESIAN_POINT('Origin',(-4.00000023565387,45.4237345992894,33.5367694649529));
#14699=CARTESIAN_POINT('',(-3.50000023565387,45.4237346097387,33.5367694819351));
#14700=CARTESIAN_POINT('Origin',(-32.0000000318673,45.4237340141304,27.5367685139492));
#14701=CARTESIAN_POINT('',(-31.5000000318673,45.4237340245797,27.5367685309314));
#14702=CARTESIAN_POINT('Origin',(5.9999999002038,45.4237348082748,29.5367698045971));
#14703=CARTESIAN_POINT('Origin',(6.00000048536284,17.4237348082748,29.5367698045971));
#14704=CARTESIAN_POINT('Origin',(5.9999999002038,45.4237348082748,29.5367698045971));
#14705=CARTESIAN_POINT('',(6.4999999002038,45.4237348187241,29.5367698215793));
#14706=CARTESIAN_POINT('Origin',(6.00000048536284,17.4237348082748,29.5367698045971));
#14707=CARTESIAN_POINT('Origin',(-18.000000167725,45.4237343067099,31.536768989451));
#14708=CARTESIAN_POINT('',(-17.500000167725,45.4237343171592,31.5367690064333));
#14709=CARTESIAN_POINT('Origin',(-18.000000167725,45.4237343067099,31.536768989451));
#14710=CARTESIAN_POINT('',(-17.500000167725,45.4237343171592,31.5367690064333));
#14711=CARTESIAN_POINT('Origin',(11.9999997643461,45.423734933666,33.5367700083836));
#14712=CARTESIAN_POINT('',(12.4999997643461,45.4237349441153,33.5367700253658));
#14713=CARTESIAN_POINT('Origin',(11.9999997643461,45.423734933666,33.5367700083836));
#14714=CARTESIAN_POINT('',(12.4999997643461,45.4237349441153,33.5367700253658));
#14715=CARTESIAN_POINT('Origin',(-2.00000003186736,45.4237346410865,27.5367695328817));
#14716=CARTESIAN_POINT('',(-1.50000003186736,45.4237346515358,27.536769549864));
#14717=CARTESIAN_POINT('Origin',(-2.35653869595488E-7,45.4237346828836,
33.5367696008106));
#14718=CARTESIAN_POINT('',(0.49999976434613,45.4237346933329,33.5367696177928));
#14719=CARTESIAN_POINT('Origin',(-2.35653869595488E-7,45.4237346828836,
33.5367696008106));
#14720=CARTESIAN_POINT('',(0.49999976434613,45.4237346933329,33.5367696177928));
#14721=CARTESIAN_POINT('Origin',(3.99999996813263,45.4237347664777,27.5367697366682));
#14722=CARTESIAN_POINT('',(4.49999996813263,45.423734776927,27.5367697536505));
#14723=CARTESIAN_POINT('Origin',(5.99999996813264,45.4237348082748,27.5367698045971));
#14724=CARTESIAN_POINT('',(6.49999996813264,45.4237348187241,27.5367698215793));
#14725=CARTESIAN_POINT('Origin',(-2.00000023565387,45.4237346410865,33.5367695328817));
#14726=CARTESIAN_POINT('',(-1.50000023565387,45.4237346515358,33.5367695498639));
#14727=CARTESIAN_POINT('Origin',(-2.00000023565387,45.4237346410865,33.5367695328817));
#14728=CARTESIAN_POINT('',(-1.50000023565387,45.4237346515358,33.5367695498639));
#14729=CARTESIAN_POINT('Origin',(-20.000000167725,45.4237342649129,31.5367689215222));
#14730=CARTESIAN_POINT('',(-19.500000167725,45.4237342753621,31.5367689385044));
#14731=CARTESIAN_POINT('Origin',(-20.000000167725,45.4237342649129,31.5367689215222));
#14732=CARTESIAN_POINT('',(-19.500000167725,45.4237342753621,31.5367689385044));
#14733=CARTESIAN_POINT('Origin',(9.99999990020379,45.423734891869,29.5367699404548));
#14734=CARTESIAN_POINT('Origin',(10.0000004853628,17.423734891869,29.5367699404548));
#14735=CARTESIAN_POINT('Origin',(9.99999990020379,45.423734891869,29.5367699404548));
#14736=CARTESIAN_POINT('',(10.4999999002038,45.4237349023182,29.536769957437));
#14737=CARTESIAN_POINT('Origin',(10.0000004853628,17.423734891869,29.5367699404548));
#14738=CARTESIAN_POINT('Origin',(3.9999999002038,45.4237347664777,29.5367697366683));
#14739=CARTESIAN_POINT('Origin',(4.00000048536284,17.4237347664777,29.5367697366683));
#14740=CARTESIAN_POINT('Origin',(3.9999999002038,45.4237347664777,29.5367697366683));
#14741=CARTESIAN_POINT('',(4.4999999002038,45.423734776927,29.5367697536505));
#14742=CARTESIAN_POINT('Origin',(4.00000048536284,17.4237347664777,29.5367697366683));
#14743=CARTESIAN_POINT('Origin',(-24.000000167725,45.4237341813187,31.5367687856645));
#14744=CARTESIAN_POINT('',(-23.500000167725,45.423734191768,31.5367688026468));
#14745=CARTESIAN_POINT('Origin',(-24.000000167725,45.4237341813187,31.5367687856645));
#14746=CARTESIAN_POINT('',(-23.500000167725,45.423734191768,31.5367688026468));
#14747=CARTESIAN_POINT('Origin',(-18.0000000318674,45.4237343067099,27.5367689894511));
#14748=CARTESIAN_POINT('',(-17.5000000318674,45.4237343171592,27.5367690064333));
#14749=CARTESIAN_POINT('Origin',(15.999999832275,45.4237350172602,31.5367701442413));
#14750=CARTESIAN_POINT('',(16.499999832275,45.4237350277095,31.5367701612235));
#14751=CARTESIAN_POINT('Origin',(15.999999832275,45.4237350172602,31.5367701442413));
#14752=CARTESIAN_POINT('',(16.499999832275,45.4237350277095,31.5367701612235));
#14753=CARTESIAN_POINT('Origin',(19.9999999681326,45.4237351008543,27.5367702800989));
#14754=CARTESIAN_POINT('',(20.4999999681326,45.4237351113036,27.5367702970812));
#14755=CARTESIAN_POINT('Origin',(-10.0000000318674,45.4237344738982,27.5367692611664));
#14756=CARTESIAN_POINT('',(-9.50000003186736,45.4237344843475,27.5367692781486));
#14757=CARTESIAN_POINT('Origin',(-28.0000000318673,45.4237340977246,27.5367686498069));
#14758=CARTESIAN_POINT('',(-27.5000000318673,45.4237341081738,27.5367686667891));
#14759=CARTESIAN_POINT('Origin',(-28.0000002356539,45.4237340977246,33.5367686498069));
#14760=CARTESIAN_POINT('',(-27.5000002356539,45.4237341081738,33.5367686667891));
#14761=CARTESIAN_POINT('Origin',(-28.0000002356539,45.4237340977246,33.5367686498069));
#14762=CARTESIAN_POINT('',(-27.5000002356539,45.4237341081738,33.5367686667891));
#14763=CARTESIAN_POINT('Origin',(-30.0000002356539,45.4237340559275,33.536768581878));
#14764=CARTESIAN_POINT('',(-29.5000002356539,45.4237340663768,33.5367685988602));
#14765=CARTESIAN_POINT('Origin',(-30.0000002356539,45.4237340559275,33.536768581878));
#14766=CARTESIAN_POINT('',(-29.5000002356539,45.4237340663768,33.5367685988602));
#14767=CARTESIAN_POINT('Origin',(1.99999996813264,45.4237347246807,27.5367696687394));
#14768=CARTESIAN_POINT('',(2.49999996813264,45.4237347351299,27.5367696857216));
#14769=CARTESIAN_POINT('Origin',(5.99999976434613,45.4237348082748,33.5367698045971));
#14770=CARTESIAN_POINT('',(6.49999976434613,45.4237348187241,33.5367698215793));
#14771=CARTESIAN_POINT('Origin',(5.99999976434613,45.4237348082748,33.5367698045971));
#14772=CARTESIAN_POINT('',(6.49999976434613,45.4237348187241,33.5367698215793));
#14773=CARTESIAN_POINT('Origin',(-2.00000009979619,45.4237346410865,29.5367695328817));
#14774=CARTESIAN_POINT('Origin',(-1.99999951463716,17.4237346410865,29.5367695328817));
#14775=CARTESIAN_POINT('Origin',(-2.00000009979619,45.4237346410865,29.5367695328817));
#14776=CARTESIAN_POINT('',(-1.50000009979619,45.4237346515358,29.536769549864));
#14777=CARTESIAN_POINT('Origin',(-1.99999951463716,17.4237346410865,29.5367695328817));
#14778=CARTESIAN_POINT('Origin',(29.9999998322749,45.4237353098397,31.5367706197431));
#14779=CARTESIAN_POINT('',(30.4999998322749,45.423735320289,31.5367706367253));
#14780=CARTESIAN_POINT('Origin',(29.9999998322749,45.4237353098397,31.5367706197431));
#14781=CARTESIAN_POINT('',(30.4999998322749,45.423735320289,31.5367706367253));
#14782=CARTESIAN_POINT('Origin',(-1.67725033550689E-7,45.4237346828836,
31.5367696008106));
#14783=CARTESIAN_POINT('',(0.499999832274966,45.4237346933329,31.5367696177928));
#14784=CARTESIAN_POINT('Origin',(-1.67725033550689E-7,45.4237346828836,
31.5367696008106));
#14785=CARTESIAN_POINT('',(0.499999832274966,45.4237346933329,31.5367696177928));
#14786=CARTESIAN_POINT('Origin',(23.9999997643461,45.4237351844485,33.5367704159566));
#14787=CARTESIAN_POINT('',(24.4999997643461,45.4237351948978,33.5367704329388));
#14788=CARTESIAN_POINT('Origin',(23.9999997643461,45.4237351844485,33.5367704159566));
#14789=CARTESIAN_POINT('',(24.4999997643461,45.4237351948978,33.5367704329388));
#14790=CARTESIAN_POINT('Origin',(25.9999998322749,45.4237352262456,31.5367704838854));
#14791=CARTESIAN_POINT('',(26.4999998322749,45.4237352366948,31.5367705008677));
#14792=CARTESIAN_POINT('Origin',(25.9999998322749,45.4237352262456,31.5367704838854));
#14793=CARTESIAN_POINT('',(26.4999998322749,45.4237352366948,31.5367705008677));
#14794=CARTESIAN_POINT('Origin',(21.9999999681326,45.4237351426514,27.5367703480278));
#14795=CARTESIAN_POINT('',(22.4999999681326,45.4237351531007,27.53677036501));
#14796=CARTESIAN_POINT('Origin',(11.9999999002038,45.423734933666,29.5367700083836));
#14797=CARTESIAN_POINT('Origin',(12.0000004853628,17.423734933666,29.5367700083836));
#14798=CARTESIAN_POINT('Origin',(11.9999999002038,45.423734933666,29.5367700083836));
#14799=CARTESIAN_POINT('',(12.4999999002038,45.4237349441153,29.5367700253658));
#14800=CARTESIAN_POINT('Origin',(12.0000004853628,17.423734933666,29.5367700083836));
#14801=CARTESIAN_POINT('Origin',(25.9999999002038,45.4237352262456,29.5367704838855));
#14802=CARTESIAN_POINT('Origin',(26.0000004853628,17.4237352262456,29.5367704838855));
#14803=CARTESIAN_POINT('Origin',(25.9999999002038,45.4237352262456,29.5367704838855));
#14804=CARTESIAN_POINT('',(26.4999999002038,45.4237352366948,29.5367705008677));
#14805=CARTESIAN_POINT('Origin',(26.0000004853628,17.4237352262456,29.5367704838855));
#14806=CARTESIAN_POINT('Origin',(17.9999999002038,45.4237350590573,29.5367702121701));
#14807=CARTESIAN_POINT('Origin',(18.0000004853628,17.4237350590573,29.5367702121701));
#14808=CARTESIAN_POINT('Origin',(17.9999999002038,45.4237350590573,29.5367702121701));
#14809=CARTESIAN_POINT('',(18.4999999002038,45.4237350695065,29.5367702291523));
#14810=CARTESIAN_POINT('Origin',(18.0000004853628,17.4237350590573,29.5367702121701));
#14811=CARTESIAN_POINT('Origin',(-24.0000002356539,45.4237341813187,33.5367687856645));
#14812=CARTESIAN_POINT('',(-23.5000002356539,45.423734191768,33.5367688026468));
#14813=CARTESIAN_POINT('Origin',(-24.0000002356539,45.4237341813187,33.5367687856645));
#14814=CARTESIAN_POINT('',(-23.5000002356539,45.423734191768,33.5367688026468));
#14815=CARTESIAN_POINT('Origin',(-22.0000002356539,45.4237342231158,33.5367688535934));
#14816=CARTESIAN_POINT('',(-21.5000002356539,45.423734233565,33.5367688705756));
#14817=CARTESIAN_POINT('Origin',(-22.0000002356539,45.4237342231158,33.5367688535934));
#14818=CARTESIAN_POINT('',(-21.5000002356539,45.423734233565,33.5367688705756));
#14819=CARTESIAN_POINT('Origin',(9.99999983227496,45.423734891869,31.5367699404548));
#14820=CARTESIAN_POINT('',(10.499999832275,45.4237349023182,31.536769957437));
#14821=CARTESIAN_POINT('Origin',(9.99999983227496,45.423734891869,31.5367699404548));
#14822=CARTESIAN_POINT('',(10.499999832275,45.4237349023182,31.536769957437));
#14823=CARTESIAN_POINT('Origin',(-22.0000000997962,45.4237342231158,29.5367688535934));
#14824=CARTESIAN_POINT('Origin',(-21.9999995146371,17.4237342231158,29.5367688535934));
#14825=CARTESIAN_POINT('Origin',(-22.0000000997962,45.4237342231158,29.5367688535934));
#14826=CARTESIAN_POINT('',(-21.5000000997962,45.423734233565,29.5367688705756));
#14827=CARTESIAN_POINT('Origin',(-21.9999995146371,17.4237342231158,29.5367688535934));
#14828=CARTESIAN_POINT('Origin',(9.99999976434612,45.423734891869,33.5367699404548));
#14829=CARTESIAN_POINT('',(10.4999997643461,45.4237349023182,33.536769957437));
#14830=CARTESIAN_POINT('Origin',(9.99999976434612,45.423734891869,33.5367699404548));
#14831=CARTESIAN_POINT('',(10.4999997643461,45.4237349023182,33.536769957437));
#14832=CARTESIAN_POINT('Origin',(-14.000000167725,45.4237343903041,31.5367691253087));
#14833=CARTESIAN_POINT('',(-13.500000167725,45.4237344007533,31.5367691422909));
#14834=CARTESIAN_POINT('Origin',(-14.000000167725,45.4237343903041,31.5367691253087));
#14835=CARTESIAN_POINT('',(-13.500000167725,45.4237344007533,31.5367691422909));
#14836=CARTESIAN_POINT('Origin',(-14.0000000997962,45.4237343903041,29.5367691253087));
#14837=CARTESIAN_POINT('Origin',(-13.9999995146372,17.4237343903041,29.5367691253087));
#14838=CARTESIAN_POINT('Origin',(-14.0000000997962,45.4237343903041,29.5367691253087));
#14839=CARTESIAN_POINT('',(-13.5000000997962,45.4237344007533,29.5367691422909));
#14840=CARTESIAN_POINT('Origin',(-13.9999995146372,17.4237343903041,29.5367691253087));
#14841=CARTESIAN_POINT('Origin',(-10.0000002356539,45.4237344738982,33.5367692611664));
#14842=CARTESIAN_POINT('',(-9.50000023565387,45.4237344843475,33.5367692781486));
#14843=CARTESIAN_POINT('Origin',(-10.0000002356539,45.4237344738982,33.5367692611664));
#14844=CARTESIAN_POINT('',(-9.50000023565387,45.4237344843475,33.5367692781486));
#14845=CARTESIAN_POINT('Origin',(31.9999997643461,45.4237353516368,33.536770687672));
#14846=CARTESIAN_POINT('',(32.4999997643461,45.423735362086,33.5367707046542));
#14847=CARTESIAN_POINT('Origin',(31.9999997643461,45.4237353516368,33.536770687672));
#14848=CARTESIAN_POINT('',(32.4999997643461,45.423735362086,33.5367707046542));
#14849=CARTESIAN_POINT('Origin',(31.9999999002038,45.4237353516368,29.536770687672));
#14850=CARTESIAN_POINT('Origin',(32.0000004853628,17.4237353516368,29.536770687672));
#14851=CARTESIAN_POINT('Origin',(31.9999999002038,45.4237353516368,29.536770687672));
#14852=CARTESIAN_POINT('',(32.4999999002038,45.423735362086,29.5367707046542));
#14853=CARTESIAN_POINT('Origin',(32.0000004853628,17.4237353516368,29.536770687672));
#14854=CARTESIAN_POINT('Origin',(-14.0000002356539,45.4237343903041,33.5367691253087));
#14855=CARTESIAN_POINT('',(-13.5000002356539,45.4237344007533,33.5367691422909));
#14856=CARTESIAN_POINT('Origin',(-14.0000002356539,45.4237343903041,33.5367691253087));
#14857=CARTESIAN_POINT('',(-13.5000002356539,45.4237344007533,33.5367691422909));
#14858=CARTESIAN_POINT('Origin',(-12.0000000997962,45.4237344321012,29.5367691932376));
#14859=CARTESIAN_POINT('Origin',(-11.9999995146372,17.4237344321012,29.5367691932376));
#14860=CARTESIAN_POINT('Origin',(-12.0000000997962,45.4237344321012,29.5367691932376));
#14861=CARTESIAN_POINT('',(-11.5000000997962,45.4237344425504,29.5367692102198));
#14862=CARTESIAN_POINT('Origin',(-11.9999995146372,17.4237344321012,29.5367691932376));
#14863=CARTESIAN_POINT('Origin',(-26.0000000318673,45.4237341395216,27.5367687177357));
#14864=CARTESIAN_POINT('',(-25.5000000318673,45.4237341499709,27.5367687347179));
#14865=CARTESIAN_POINT('Origin',(1.9999999002038,45.4237347246807,29.5367696687394));
#14866=CARTESIAN_POINT('Origin',(2.00000048536284,17.4237347246807,29.5367696687394));
#14867=CARTESIAN_POINT('Origin',(1.9999999002038,45.4237347246807,29.5367696687394));
#14868=CARTESIAN_POINT('',(2.4999999002038,45.4237347351299,29.5367696857216));
#14869=CARTESIAN_POINT('Origin',(2.00000048536284,17.4237347246807,29.5367696687394));
#14870=CARTESIAN_POINT('Origin',(3.99999983227496,45.4237347664777,31.5367697366682));
#14871=CARTESIAN_POINT('',(4.49999983227496,45.423734776927,31.5367697536505));
#14872=CARTESIAN_POINT('Origin',(3.99999983227496,45.4237347664777,31.5367697366682));
#14873=CARTESIAN_POINT('',(4.49999983227496,45.423734776927,31.5367697536505));
#14874=CARTESIAN_POINT('Origin',(-20.0000002356539,45.4237342649129,33.5367689215222));
#14875=CARTESIAN_POINT('',(-19.5000002356539,45.4237342753621,33.5367689385044));
#14876=CARTESIAN_POINT('Origin',(-20.0000002356539,45.4237342649129,33.5367689215222));
#14877=CARTESIAN_POINT('',(-19.5000002356539,45.4237342753621,33.5367689385044));
#14878=CARTESIAN_POINT('Origin',(-18.0000000997962,45.4237343067099,29.5367689894511));
#14879=CARTESIAN_POINT('Origin',(-17.9999995146372,17.4237343067099,29.5367689894511));
#14880=CARTESIAN_POINT('Origin',(-18.0000000997962,45.4237343067099,29.5367689894511));
#14881=CARTESIAN_POINT('',(-17.5000000997962,45.4237343171592,29.5367690064333));
#14882=CARTESIAN_POINT('Origin',(-17.9999995146372,17.4237343067099,29.5367689894511));
#14883=CARTESIAN_POINT('Origin',(11.999999832275,45.423734933666,31.5367700083836));
#14884=CARTESIAN_POINT('',(12.499999832275,45.4237349441153,31.5367700253658));
#14885=CARTESIAN_POINT('Origin',(11.999999832275,45.423734933666,31.5367700083836));
#14886=CARTESIAN_POINT('',(12.499999832275,45.4237349441153,31.5367700253658));
#14887=CARTESIAN_POINT('Origin',(29.9999999002038,45.4237353098397,29.5367706197431));
#14888=CARTESIAN_POINT('Origin',(30.0000004853628,17.4237353098397,29.5367706197431));
#14889=CARTESIAN_POINT('Origin',(29.9999999002038,45.4237353098397,29.5367706197431));
#14890=CARTESIAN_POINT('',(30.4999999002038,45.423735320289,29.5367706367253));
#14891=CARTESIAN_POINT('Origin',(30.0000004853628,17.4237353098397,29.5367706197431));
#14892=CARTESIAN_POINT('Origin',(21.999999832275,45.4237351426514,31.5367703480278));
#14893=CARTESIAN_POINT('',(22.4999998322749,45.4237351531007,31.53677036501));
#14894=CARTESIAN_POINT('Origin',(21.999999832275,45.4237351426514,31.5367703480278));
#14895=CARTESIAN_POINT('',(22.4999998322749,45.4237351531007,31.53677036501));
#14896=CARTESIAN_POINT('Origin',(23.999999832275,45.4237351844485,31.5367704159566));
#14897=CARTESIAN_POINT('',(24.499999832275,45.4237351948978,31.5367704329388));
#14898=CARTESIAN_POINT('Origin',(23.999999832275,45.4237351844485,31.5367704159566));
#14899=CARTESIAN_POINT('',(24.499999832275,45.4237351948978,31.5367704329388));
#14900=CARTESIAN_POINT('Origin',(25.9999999681326,45.4237352262456,27.5367704838854));
#14901=CARTESIAN_POINT('',(26.4999999681326,45.4237352366948,27.5367705008677));
#14902=CARTESIAN_POINT('Origin',(-2.00000016772503,45.4237346410865,31.5367695328817));
#14903=CARTESIAN_POINT('',(-1.50000016772503,45.4237346515358,31.5367695498639));
#14904=CARTESIAN_POINT('Origin',(-2.00000016772503,45.4237346410865,31.5367695328817));
#14905=CARTESIAN_POINT('',(-1.50000016772503,45.4237346515358,31.5367695498639));
#14906=CARTESIAN_POINT('Origin',(-4.00000016772503,45.4237345992894,31.5367694649529));
#14907=CARTESIAN_POINT('',(-3.50000016772503,45.4237346097387,31.5367694819351));
#14908=CARTESIAN_POINT('Origin',(-4.00000016772503,45.4237345992894,31.5367694649529));
#14909=CARTESIAN_POINT('',(-3.50000016772503,45.4237346097387,31.5367694819351));
#14910=CARTESIAN_POINT('Origin',(29.9999997643461,45.4237353098397,33.5367706197431));
#14911=CARTESIAN_POINT('',(30.4999997643461,45.423735320289,33.5367706367253));
#14912=CARTESIAN_POINT('Origin',(29.9999997643461,45.4237353098397,33.5367706197431));
#14913=CARTESIAN_POINT('',(30.4999997643461,45.423735320289,33.5367706367253));
#14914=CARTESIAN_POINT('Origin',(21.9999997643461,45.4237351426514,33.5367703480278));
#14915=CARTESIAN_POINT('',(22.4999997643461,45.4237351531007,33.53677036501));
#14916=CARTESIAN_POINT('Origin',(21.9999997643461,45.4237351426514,33.5367703480278));
#14917=CARTESIAN_POINT('',(22.4999997643461,45.4237351531007,33.53677036501));
#14918=CARTESIAN_POINT('Origin',(-8.00000016772503,45.4237345156953,31.5367693290952));
#14919=CARTESIAN_POINT('',(-7.50000016772503,45.4237345261446,31.5367693460774));
#14920=CARTESIAN_POINT('Origin',(-8.00000016772503,45.4237345156953,31.5367693290952));
#14921=CARTESIAN_POINT('',(-7.50000016772503,45.4237345261446,31.5367693460774));
#14922=CARTESIAN_POINT('Origin',(-24.0000000318673,45.4237341813187,27.5367687856645));
#14923=CARTESIAN_POINT('',(-23.5000000318673,45.423734191768,27.5367688026468));
#14924=CARTESIAN_POINT('Origin',(-14.0000000318673,45.4237343903041,27.5367691253087));
#14925=CARTESIAN_POINT('',(-13.5000000318673,45.4237344007533,27.5367691422909));
#14926=CARTESIAN_POINT('Origin',(-32.000000167725,45.4237340141304,31.5367685139492));
#14927=CARTESIAN_POINT('',(-31.500000167725,45.4237340245797,31.5367685309314));
#14928=CARTESIAN_POINT('Origin',(-32.000000167725,45.4237340141304,31.5367685139492));
#14929=CARTESIAN_POINT('',(-31.500000167725,45.4237340245797,31.5367685309314));
#14930=CARTESIAN_POINT('Origin',(-30.000000167725,45.4237340559275,31.536768581878));
#14931=CARTESIAN_POINT('',(-29.500000167725,45.4237340663768,31.5367685988602));
#14932=CARTESIAN_POINT('Origin',(-30.000000167725,45.4237340559275,31.536768581878));
#14933=CARTESIAN_POINT('',(-29.500000167725,45.4237340663768,31.5367685988602));
#14934=CARTESIAN_POINT('Origin',(-30.0000000318673,45.4237340559275,27.536768581878));
#14935=CARTESIAN_POINT('',(-29.5000000318673,45.4237340663768,27.5367685988602));
#14936=CARTESIAN_POINT('Origin',(19.9999998322749,45.4237351008543,31.5367702800989));
#14937=CARTESIAN_POINT('',(20.4999998322749,45.4237351113036,31.5367702970811));
#14938=CARTESIAN_POINT('Origin',(19.9999998322749,45.4237351008543,31.5367702800989));
#14939=CARTESIAN_POINT('',(20.4999998322749,45.4237351113036,31.5367702970811));
#14940=CARTESIAN_POINT('Origin',(17.9999999681326,45.4237350590573,27.5367702121701));
#14941=CARTESIAN_POINT('',(18.4999999681326,45.4237350695065,27.5367702291523));
#14942=CARTESIAN_POINT('Origin',(-6.00000023565387,45.4237345574924,33.5367693970241));
#14943=CARTESIAN_POINT('',(-5.50000023565387,45.4237345679416,33.5367694140063));
#14944=CARTESIAN_POINT('Origin',(-6.00000023565387,45.4237345574924,33.5367693970241));
#14945=CARTESIAN_POINT('',(-5.50000023565387,45.4237345679416,33.5367694140063));
#14946=CARTESIAN_POINT('Origin',(7.99999996813264,45.4237348500719,27.5367698725259));
#14947=CARTESIAN_POINT('',(8.49999996813264,45.4237348605212,27.5367698895081));
#14948=CARTESIAN_POINT('Origin',(7.9999999002038,45.4237348500719,29.5367698725259));
#14949=CARTESIAN_POINT('Origin',(8.00000048536284,17.4237348500719,29.5367698725259));
#14950=CARTESIAN_POINT('Origin',(7.9999999002038,45.4237348500719,29.5367698725259));
#14951=CARTESIAN_POINT('',(8.4999999002038,45.4237348605212,29.5367698895081));
#14952=CARTESIAN_POINT('Origin',(8.00000048536284,17.4237348500719,29.5367698725259));
#14953=CARTESIAN_POINT('Origin',(17.9999997643461,45.4237350590573,33.5367702121701));
#14954=CARTESIAN_POINT('',(18.4999997643461,45.4237350695065,33.5367702291523));
#14955=CARTESIAN_POINT('Origin',(17.9999997643461,45.4237350590573,33.5367702121701));
#14956=CARTESIAN_POINT('',(18.4999997643461,45.4237350695065,33.5367702291523));
#14957=CARTESIAN_POINT('Origin',(19.9999997643461,45.4237351008543,33.5367702800989));
#14958=CARTESIAN_POINT('',(20.4999997643461,45.4237351113036,33.5367702970811));
#14959=CARTESIAN_POINT('Origin',(19.9999997643461,45.4237351008543,33.5367702800989));
#14960=CARTESIAN_POINT('',(20.4999997643461,45.4237351113036,33.5367702970811));
#14961=CARTESIAN_POINT('Origin',(-4.00000003186736,45.4237345992895,27.5367694649529));
#14962=CARTESIAN_POINT('',(-3.50000003186736,45.4237346097387,27.5367694819351));
#14963=CARTESIAN_POINT('Origin',(-6.00000003186736,45.4237345574924,27.5367693970241));
#14964=CARTESIAN_POINT('',(-5.50000003186736,45.4237345679416,27.5367694140063));
#14965=CARTESIAN_POINT('Origin',(-22.0000000318673,45.4237342231158,27.5367688535934));
#14966=CARTESIAN_POINT('',(-21.5000000318673,45.423734233565,27.5367688705756));
#14967=CARTESIAN_POINT('Origin',(-20.0000000318674,45.4237342649129,27.5367689215222));
#14968=CARTESIAN_POINT('',(-19.5000000318674,45.4237342753621,27.5367689385044));
#14969=CARTESIAN_POINT('Origin',(-3.18673614610897E-8,45.4237346828836,
27.5367696008106));
#14970=CARTESIAN_POINT('',(0.499999968132638,45.4237346933329,27.5367696177928));
#14971=CARTESIAN_POINT('Origin',(13.9999997643461,45.4237349754631,33.5367700763124));
#14972=CARTESIAN_POINT('',(14.4999997643461,45.4237349859124,33.5367700932946));
#14973=CARTESIAN_POINT('Origin',(13.9999997643461,45.4237349754631,33.5367700763124));
#14974=CARTESIAN_POINT('',(14.4999997643461,45.4237349859124,33.5367700932946));
#14975=CARTESIAN_POINT('Origin',(-26.000000167725,45.4237341395216,31.5367687177357));
#14976=CARTESIAN_POINT('',(-25.500000167725,45.4237341499709,31.5367687347179));
#14977=CARTESIAN_POINT('Origin',(-26.000000167725,45.4237341395216,31.5367687177357));
#14978=CARTESIAN_POINT('',(-25.500000167725,45.4237341499709,31.5367687347179));
#14979=CARTESIAN_POINT('Origin',(-22.000000167725,45.4237342231158,31.5367688535934));
#14980=CARTESIAN_POINT('',(-21.500000167725,45.423734233565,31.5367688705756));
#14981=CARTESIAN_POINT('Origin',(-22.000000167725,45.4237342231158,31.5367688535934));
#14982=CARTESIAN_POINT('',(-21.500000167725,45.423734233565,31.5367688705756));
#14983=CARTESIAN_POINT('Origin',(15.9999997643461,45.4237350172602,33.5367701442413));
#14984=CARTESIAN_POINT('',(16.4999997643461,45.4237350277095,33.5367701612235));
#14985=CARTESIAN_POINT('Origin',(15.9999997643461,45.4237350172602,33.5367701442413));
#14986=CARTESIAN_POINT('',(16.4999997643461,45.4237350277095,33.5367701612235));
#14987=CARTESIAN_POINT('Origin',(-18.0000002356539,45.4237343067099,33.536768989451));
#14988=CARTESIAN_POINT('',(-17.5000002356539,45.4237343171592,33.5367690064333));
#14989=CARTESIAN_POINT('Origin',(-18.0000002356539,45.4237343067099,33.536768989451));
#14990=CARTESIAN_POINT('',(-17.5000002356539,45.4237343171592,33.5367690064333));
#14991=CARTESIAN_POINT('Origin',(-8.00000023565387,45.4237345156953,33.5367693290952));
#14992=CARTESIAN_POINT('',(-7.50000023565387,45.4237345261446,33.5367693460774));
#14993=CARTESIAN_POINT('Origin',(-8.00000023565387,45.4237345156953,33.5367693290952));
#14994=CARTESIAN_POINT('',(-7.50000023565387,45.4237345261446,33.5367693460774));
#14995=CARTESIAN_POINT('Origin',(13.9999999681326,45.4237349754631,27.5367700763124));
#14996=CARTESIAN_POINT('',(14.4999999681326,45.4237349859124,27.5367700932946));
#14997=CARTESIAN_POINT('Origin',(17.999999832275,45.4237350590573,31.5367702121701));
#14998=CARTESIAN_POINT('',(18.499999832275,45.4237350695065,31.5367702291523));
#14999=CARTESIAN_POINT('Origin',(17.999999832275,45.4237350590573,31.5367702121701));
#15000=CARTESIAN_POINT('',(18.499999832275,45.4237350695065,31.5367702291523));
#15001=CARTESIAN_POINT('Origin',(-28.0000000997962,45.4237340977246,29.5367686498069));
#15002=CARTESIAN_POINT('Origin',(-27.9999995146371,17.4237340977246,29.5367686498069));
#15003=CARTESIAN_POINT('Origin',(-28.0000000997962,45.4237340977246,29.5367686498069));
#15004=CARTESIAN_POINT('',(-27.5000000997962,45.4237341081738,29.5367686667891));
#15005=CARTESIAN_POINT('Origin',(-27.9999995146371,17.4237340977246,29.5367686498069));
#15006=CARTESIAN_POINT('Origin',(-30.0000000997962,45.4237340559275,29.536768581878));
#15007=CARTESIAN_POINT('Origin',(-29.9999995146371,17.4237340559275,29.536768581878));
#15008=CARTESIAN_POINT('Origin',(-30.0000000997962,45.4237340559275,29.536768581878));
#15009=CARTESIAN_POINT('',(-29.5000000997962,45.4237340663768,29.5367685988603));
#15010=CARTESIAN_POINT('Origin',(-29.9999995146371,17.4237340559275,29.536768581878));
#15011=CARTESIAN_POINT('Origin',(-12.0000000318674,45.4237344321012,27.5367691932376));
#15012=CARTESIAN_POINT('',(-11.5000000318673,45.4237344425504,27.5367692102198));
#15013=CARTESIAN_POINT('Origin',(-16.0000000318674,45.423734348507,27.5367690573799));
#15014=CARTESIAN_POINT('',(-15.5000000318673,45.4237343589563,27.5367690743621));
#15015=CARTESIAN_POINT('Origin',(7.99999976434613,45.4237348500719,33.5367698725259));
#15016=CARTESIAN_POINT('',(8.49999976434613,45.4237348605212,33.5367698895081));
#15017=CARTESIAN_POINT('Origin',(7.99999976434613,45.4237348500719,33.5367698725259));
#15018=CARTESIAN_POINT('',(8.49999976434613,45.4237348605212,33.5367698895081));
#15019=CARTESIAN_POINT('Origin',(27.9999998322749,45.4237352680426,31.5367705518143));
#15020=CARTESIAN_POINT('',(28.4999998322749,45.4237352784919,31.5367705687965));
#15021=CARTESIAN_POINT('Origin',(27.9999998322749,45.4237352680426,31.5367705518143));
#15022=CARTESIAN_POINT('',(28.4999998322749,45.4237352784919,31.5367705687965));
#15023=CARTESIAN_POINT('Origin',(27.9999999681326,45.4237352680426,27.5367705518143));
#15024=CARTESIAN_POINT('',(28.4999999681326,45.4237352784919,27.5367705687965));
#15025=CARTESIAN_POINT('Origin',(-6.00000009979619,45.4237345574924,29.5367693970241));
#15026=CARTESIAN_POINT('Origin',(-5.99999951463716,17.4237345574924,29.5367693970241));
#15027=CARTESIAN_POINT('Origin',(-6.00000009979619,45.4237345574924,29.5367693970241));
#15028=CARTESIAN_POINT('',(-5.50000009979619,45.4237345679416,29.5367694140063));
#15029=CARTESIAN_POINT('Origin',(-5.99999951463716,17.4237345574924,29.5367693970241));
#15030=CARTESIAN_POINT('Origin',(-8.00000009979619,45.4237345156953,29.5367693290952));
#15031=CARTESIAN_POINT('Origin',(-7.99999951463716,17.4237345156953,29.5367693290952));
#15032=CARTESIAN_POINT('Origin',(-8.00000009979619,45.4237345156953,29.5367693290952));
#15033=CARTESIAN_POINT('',(-7.50000009979619,45.4237345261446,29.5367693460774));
#15034=CARTESIAN_POINT('Origin',(-7.99999951463716,17.4237345156953,29.5367693290952));
#15035=CARTESIAN_POINT('Origin',(29.9999999681326,45.4237353098397,27.5367706197431));
#15036=CARTESIAN_POINT('',(30.4999999681326,45.423735320289,27.5367706367253));
#15037=CARTESIAN_POINT('Origin',(23.9999999681326,45.4237351844485,27.5367704159566));
#15038=CARTESIAN_POINT('',(24.4999999681326,45.4237351948978,27.5367704329388));
#15039=CARTESIAN_POINT('Origin',(23.9999999002038,45.4237351844485,29.5367704159566));
#15040=CARTESIAN_POINT('Origin',(24.0000004853628,17.4237351844485,29.5367704159566));
#15041=CARTESIAN_POINT('Origin',(23.9999999002038,45.4237351844485,29.5367704159566));
#15042=CARTESIAN_POINT('',(24.4999999002038,45.4237351948978,29.5367704329388));
#15043=CARTESIAN_POINT('Origin',(24.0000004853628,17.4237351844485,29.5367704159566));
#15044=CARTESIAN_POINT('Origin',(21.9999999002038,45.4237351426514,29.5367703480278));
#15045=CARTESIAN_POINT('Origin',(22.0000004853628,17.4237351426514,29.5367703480278));
#15046=CARTESIAN_POINT('Origin',(21.9999999002038,45.4237351426514,29.5367703480278));
#15047=CARTESIAN_POINT('',(22.4999999002038,45.4237351531007,29.53677036501));
#15048=CARTESIAN_POINT('Origin',(22.0000004853628,17.4237351426514,29.5367703480278));
#15049=CARTESIAN_POINT('Origin',(15.9999999002038,45.4237350172602,29.5367701442413));
#15050=CARTESIAN_POINT('Origin',(16.0000004853628,17.4237350172602,29.5367701442413));
#15051=CARTESIAN_POINT('Origin',(15.9999999002038,45.4237350172602,29.5367701442413));
#15052=CARTESIAN_POINT('',(16.4999999002038,45.4237350277095,29.5367701612235));
#15053=CARTESIAN_POINT('Origin',(16.0000004853628,17.4237350172602,29.5367701442413));
#15054=CARTESIAN_POINT('Origin',(7.99999983227496,45.4237348500719,31.5367698725259));
#15055=CARTESIAN_POINT('',(8.49999983227496,45.4237348605212,31.5367698895081));
#15056=CARTESIAN_POINT('Origin',(7.99999983227496,45.4237348500719,31.5367698725259));
#15057=CARTESIAN_POINT('',(8.49999983227496,45.4237348605212,31.5367698895081));
#15058=CARTESIAN_POINT('Origin',(1.99999983227497,45.4237347246807,31.5367696687394));
#15059=CARTESIAN_POINT('',(2.49999983227497,45.4237347351299,31.5367696857216));
#15060=CARTESIAN_POINT('Origin',(1.99999983227497,45.4237347246807,31.5367696687394));
#15061=CARTESIAN_POINT('',(2.49999983227497,45.4237347351299,31.5367696857216));
#15062=CARTESIAN_POINT('Origin',(-26.0000000997962,45.4237341395216,29.5367687177357));
#15063=CARTESIAN_POINT('Origin',(-25.9999995146371,17.4237341395216,29.5367687177357));
#15064=CARTESIAN_POINT('Origin',(-26.0000000997962,45.4237341395216,29.5367687177357));
#15065=CARTESIAN_POINT('',(-25.5000000997962,45.4237341499709,29.5367687347179));
#15066=CARTESIAN_POINT('Origin',(-25.9999995146371,17.4237341395216,29.5367687177357));
#15067=CARTESIAN_POINT('Origin',(5.99999983227496,45.4237348082748,31.5367698045971));
#15068=CARTESIAN_POINT('',(6.49999983227496,45.4237348187241,31.5367698215793));
#15069=CARTESIAN_POINT('Origin',(5.99999983227496,45.4237348082748,31.5367698045971));
#15070=CARTESIAN_POINT('',(6.49999983227496,45.4237348187241,31.5367698215793));
#15071=CARTESIAN_POINT('Origin',(-10.000000167725,45.4237344738982,31.5367692611664));
#15072=CARTESIAN_POINT('',(-9.50000016772503,45.4237344843475,31.5367692781486));
#15073=CARTESIAN_POINT('Origin',(-10.000000167725,45.4237344738982,31.5367692611664));
#15074=CARTESIAN_POINT('',(-9.50000016772503,45.4237344843475,31.5367692781486));
#15075=CARTESIAN_POINT('Origin',(-12.000000167725,45.4237344321012,31.5367691932376));
#15076=CARTESIAN_POINT('',(-11.500000167725,45.4237344425504,31.5367692102198));
#15077=CARTESIAN_POINT('Origin',(-12.000000167725,45.4237344321012,31.5367691932376));
#15078=CARTESIAN_POINT('',(-11.500000167725,45.4237344425504,31.5367692102198));
#15079=CARTESIAN_POINT('Origin',(-16.0000000997962,45.423734348507,29.5367690573799));
#15080=CARTESIAN_POINT('Origin',(-15.9999995146372,17.423734348507,29.5367690573799));
#15081=CARTESIAN_POINT('Origin',(-16.0000000997962,45.423734348507,29.5367690573799));
#15082=CARTESIAN_POINT('',(-15.5000000997962,45.4237343589563,29.5367690743621));
#15083=CARTESIAN_POINT('Origin',(-15.9999995146372,17.423734348507,29.5367690573799));
#15084=CARTESIAN_POINT('Origin',(-12.0000002356539,45.4237344321011,33.5367691932376));
#15085=CARTESIAN_POINT('',(-11.5000002356539,45.4237344425504,33.5367692102198));
#15086=CARTESIAN_POINT('Origin',(-12.0000002356539,45.4237344321011,33.5367691932376));
#15087=CARTESIAN_POINT('',(-11.5000002356539,45.4237344425504,33.5367692102198));
#15088=CARTESIAN_POINT('Origin',(31.9999998322749,45.4237353516368,31.536770687672));
#15089=CARTESIAN_POINT('',(32.4999998322749,45.423735362086,31.5367707046542));
#15090=CARTESIAN_POINT('Origin',(31.9999998322749,45.4237353516368,31.536770687672));
#15091=CARTESIAN_POINT('',(32.4999998322749,45.423735362086,31.5367707046542));
#15092=CARTESIAN_POINT('Origin',(43.1849996276882,20.5561922269804,26.1301487675862));
#15093=CARTESIAN_POINT('',(43.1849996276882,18.0561922269804,26.1301487675862));
#15094=CARTESIAN_POINT('Origin',(5.8341529653049E-7,28.9109409197823,17.3066223850105));
#15095=CARTESIAN_POINT('',(3.10000043825479,28.9109409197823,20.4066224903002));
#15096=CARTESIAN_POINT('',(6.1000005787327,28.9109409197823,17.4066225921934));
#15097=CARTESIAN_POINT('Origin',(3.1000005787327,28.9109409197823,17.4066224903002));
#15098=CARTESIAN_POINT('',(-3.09999956174522,28.9109409197823,20.4066222797208));
#15099=CARTESIAN_POINT('',(3.10000043825478,28.9109409197823,20.4066224903002));
#15100=CARTESIAN_POINT('',(-6.0999994212673,28.9109409197823,17.4066221778275));
#15101=CARTESIAN_POINT('Origin',(-3.0999994212673,28.9109409197823,17.4066222797208));
#15102=CARTESIAN_POINT('',(-6.0999994119021,28.9109409197823,17.2066221778275));
#15103=CARTESIAN_POINT('',(-6.0999994212673,28.9109409197823,17.4066221778275));
#15104=CARTESIAN_POINT('',(-3.09999927142419,28.9109409197823,14.2066222797208));
#15105=CARTESIAN_POINT('Origin',(-3.0999994119021,28.9109409197823,17.2066222797208));
#15106=CARTESIAN_POINT('',(3.10000072857581,28.9109409197823,14.2066224903002));
#15107=CARTESIAN_POINT('',(-3.09999927142419,28.9109409197823,14.2066222797208));
#15108=CARTESIAN_POINT('',(6.10000058809789,28.9109409197823,17.2066225921934));
#15109=CARTESIAN_POINT('Origin',(3.10000058809789,28.9109409197823,17.2066224903002));
#15110=CARTESIAN_POINT('',(6.1000005787327,28.9109409197823,17.4066225921934));
#15111=CARTESIAN_POINT('Origin',(-6.0999994119021,28.9109409197823,17.2066221778275));
#15112=CARTESIAN_POINT('',(-6.0999994119021,28.9109409197823,17.2066221778275));
#15113=CARTESIAN_POINT('',(-6.0999994212673,28.9109409197823,17.4066221778275));
#15114=CARTESIAN_POINT('Origin',(6.1000005787327,28.9109409197823,17.4066225921934));
#15115=CARTESIAN_POINT('',(6.1000005787327,28.9109409197823,17.4066225921934));
#15116=CARTESIAN_POINT('',(6.10000058809789,28.9109409197823,17.2066225921934));
#15117=CARTESIAN_POINT('Ctrl Pts',(3.10000043825479,28.9109409197823,20.4066224903002));
#15118=CARTESIAN_POINT('Ctrl Pts',(6.10000043824935,28.9109409197823,20.406622592188));
#15119=CARTESIAN_POINT('Ctrl Pts',(6.10000057873269,28.9109409197823,17.4066225921934));
#15120=CARTESIAN_POINT('Ctrl Pts',(3.10000043825479,33.342010791448,20.4066224903002));
#15121=CARTESIAN_POINT('Ctrl Pts',(6.10000043824935,33.342010791448,20.406622592188));
#15122=CARTESIAN_POINT('Ctrl Pts',(6.10000057873269,33.342010791448,17.4066225921934));
#15123=CARTESIAN_POINT('',(3.10000043825479,28.9109409197823,20.4066224903002));
#15124=CARTESIAN_POINT('Ctrl Pts',(6.10000058809789,28.9109409197823,17.2066225921934));
#15125=CARTESIAN_POINT('Ctrl Pts',(6.10000072858123,28.9109409197823,14.206622592188));
#15126=CARTESIAN_POINT('Ctrl Pts',(3.10000072857581,28.9109409197823,14.2066224903002));
#15127=CARTESIAN_POINT('Ctrl Pts',(6.10000058809789,31.3726468936274,17.2066225921934));
#15128=CARTESIAN_POINT('Ctrl Pts',(6.10000072858123,31.3726468936274,14.206622592188));
#15129=CARTESIAN_POINT('Ctrl Pts',(3.10000072857581,31.3726468936274,14.2066224903002));
#15130=CARTESIAN_POINT('',(3.10000072857581,28.9109409197823,14.2066224903002));
#15131=CARTESIAN_POINT('Origin',(-3.09999956174521,28.9109409197823,20.4066222797208));
#15132=CARTESIAN_POINT('',(-3.09999956174522,28.9109409197823,20.4066222797208));
#15133=CARTESIAN_POINT('Origin',(3.10000072857581,28.9109409197823,14.2066224903002));
#15134=CARTESIAN_POINT('',(-3.09999927142419,28.9109409197823,14.2066222797208));
#15135=CARTESIAN_POINT('Ctrl Pts',(-6.0999994212673,28.9109409197823,17.4066221778275));
#15136=CARTESIAN_POINT('Ctrl Pts',(-6.09999956175065,28.9109409197823,20.4066222023725));
#15137=CARTESIAN_POINT('Ctrl Pts',(-3.0999995372057,28.9109409197823,20.4066222797208));
#15138=CARTESIAN_POINT('Ctrl Pts',(-6.0999994212673,33.34201065625,17.4066221778275));
#15139=CARTESIAN_POINT('Ctrl Pts',(-6.09999956175065,33.34201065625,20.4066222023725));
#15140=CARTESIAN_POINT('Ctrl Pts',(-3.0999995372057,33.34201065625,20.4066222797208));
#15141=CARTESIAN_POINT('Ctrl Pts',(-3.09999924688496,28.9109409197823,14.2066222797208));
#15142=CARTESIAN_POINT('Ctrl Pts',(-6.09999927141875,28.9109409197823,14.2066221532937));
#15143=CARTESIAN_POINT('Ctrl Pts',(-6.0999994119021,28.9109409197823,17.2066221778275));
#15144=CARTESIAN_POINT('Ctrl Pts',(-3.09999924688496,31.3726466386158,14.2066222797208));
#15145=CARTESIAN_POINT('Ctrl Pts',(-6.09999927141875,31.3726466386158,14.2066221532937));
#15146=CARTESIAN_POINT('Ctrl Pts',(-6.0999994119021,31.3726466386158,17.2066221778275));
#15147=CARTESIAN_POINT('Origin',(42.1849996276882,20.5561922269804,26.1301487675862));
#15148=CARTESIAN_POINT('',(44.1849996276882,18.1561922269804,26.1301487675862));
#15149=CARTESIAN_POINT('Origin',(44.1849996276882,20.5561922269804,26.1301487675862));
#15150=CARTESIAN_POINT('',(42.1849996276882,18.1561922269804,26.1301487675862));
#15151=CARTESIAN_POINT('',(42.1849996276882,18.1561922269804,26.1301487675862));
#15152=CARTESIAN_POINT('Origin',(42.1849996276882,20.5561922269804,26.1301487675862));
#15153=CARTESIAN_POINT('Origin',(44.1849996276882,20.5561922269804,26.1301487675862));
#15154=CARTESIAN_POINT('Origin',(42.1849996276882,20.5561922269804,26.1301487675862));
#15155=CARTESIAN_POINT('',(41.1849996276882,23.5561922269804,26.1301487675862));
#15156=CARTESIAN_POINT('Origin',(41.1849996276882,20.5561922269804,26.1301487675862));
#15157=CARTESIAN_POINT('',(42.1849996276882,23.5561922269804,26.1301487675862));
#15158=CARTESIAN_POINT('',(42.1849996276882,23.5561922269804,26.1301487675862));
#15159=CARTESIAN_POINT('Origin',(42.1849996276882,20.5561922269804,26.1301487675862));
#15160=CARTESIAN_POINT('Origin',(41.1849996276882,20.5561922269804,26.1301487675862));
#15161=CARTESIAN_POINT('Origin',(42.1849996276882,20.5561922269804,26.1301487675862));
#15162=CARTESIAN_POINT('',(-1.0458300891969E-12,-5.36716036420935,-9.0061534165382));
#15163=CARTESIAN_POINT('',(0.,0.,0.));
#15164=UNCERTAINTY_MEASURE_WITH_UNIT(LENGTH_MEASURE(0.01),#15182,
'DISTANCE_ACCURACY_VALUE',
'Maximum model space distance between geometric entities at asserted c
onnectivities');
#15165=UNCERTAINTY_MEASURE_WITH_UNIT(LENGTH_MEASURE(0.01),#15182,
'DISTANCE_ACCURACY_VALUE',
'Maximum model space distance between geometric entities at asserted c
onnectivities');
#15166=UNCERTAINTY_MEASURE_WITH_UNIT(LENGTH_MEASURE(0.01),#15182,
'DISTANCE_ACCURACY_VALUE',
'Maximum model space distance between geometric entities at asserted c
onnectivities');
#15167=UNCERTAINTY_MEASURE_WITH_UNIT(LENGTH_MEASURE(0.01),#15182,
'DISTANCE_ACCURACY_VALUE',
'Maximum model space distance between geometric entities at asserted c
onnectivities');
#15168=UNCERTAINTY_MEASURE_WITH_UNIT(LENGTH_MEASURE(0.01),#15182,
'DISTANCE_ACCURACY_VALUE',
'Maximum model space distance between geometric entities at asserted c
onnectivities');
#15169=UNCERTAINTY_MEASURE_WITH_UNIT(LENGTH_MEASURE(0.01),#15182,
'DISTANCE_ACCURACY_VALUE',
'Maximum model space distance between geometric entities at asserted c
onnectivities');
#15170=UNCERTAINTY_MEASURE_WITH_UNIT(LENGTH_MEASURE(0.01),#15182,
'DISTANCE_ACCURACY_VALUE',
'Maximum model space distance between geometric entities at asserted c
onnectivities');
#15171=UNCERTAINTY_MEASURE_WITH_UNIT(LENGTH_MEASURE(0.01),#15182,
'DISTANCE_ACCURACY_VALUE',
'Maximum model space distance between geometric entities at asserted c
onnectivities');
#15172=UNCERTAINTY_MEASURE_WITH_UNIT(LENGTH_MEASURE(0.01),#15182,
'DISTANCE_ACCURACY_VALUE',
'Maximum model space distance between geometric entities at asserted c
onnectivities');
#15173=(
GEOMETRIC_REPRESENTATION_CONTEXT(3)
GLOBAL_UNCERTAINTY_ASSIGNED_CONTEXT((#15164))
GLOBAL_UNIT_ASSIGNED_CONTEXT((#15182,#15184,#15185))
REPRESENTATION_CONTEXT('','3D')
);
#15174=(
GEOMETRIC_REPRESENTATION_CONTEXT(3)
GLOBAL_UNCERTAINTY_ASSIGNED_CONTEXT((#15165))
GLOBAL_UNIT_ASSIGNED_CONTEXT((#15182,#15184,#15185))
REPRESENTATION_CONTEXT('','3D')
);
#15175=(
GEOMETRIC_REPRESENTATION_CONTEXT(3)
GLOBAL_UNCERTAINTY_ASSIGNED_CONTEXT((#15166))
GLOBAL_UNIT_ASSIGNED_CONTEXT((#15182,#15184,#15185))
REPRESENTATION_CONTEXT('','3D')
);
#15176=(
GEOMETRIC_REPRESENTATION_CONTEXT(3)
GLOBAL_UNCERTAINTY_ASSIGNED_CONTEXT((#15167))
GLOBAL_UNIT_ASSIGNED_CONTEXT((#15182,#15184,#15185))
REPRESENTATION_CONTEXT('','3D')
);
#15177=(
GEOMETRIC_REPRESENTATION_CONTEXT(3)
GLOBAL_UNCERTAINTY_ASSIGNED_CONTEXT((#15168))
GLOBAL_UNIT_ASSIGNED_CONTEXT((#15182,#15184,#15185))
REPRESENTATION_CONTEXT('','3D')
);
#15178=(
GEOMETRIC_REPRESENTATION_CONTEXT(3)
GLOBAL_UNCERTAINTY_ASSIGNED_CONTEXT((#15169))
GLOBAL_UNIT_ASSIGNED_CONTEXT((#15182,#15184,#15185))
REPRESENTATION_CONTEXT('','3D')
);
#15179=(
GEOMETRIC_REPRESENTATION_CONTEXT(3)
GLOBAL_UNCERTAINTY_ASSIGNED_CONTEXT((#15170))
GLOBAL_UNIT_ASSIGNED_CONTEXT((#15182,#15184,#15185))
REPRESENTATION_CONTEXT('','3D')
);
#15180=(
GEOMETRIC_REPRESENTATION_CONTEXT(3)
GLOBAL_UNCERTAINTY_ASSIGNED_CONTEXT((#15171))
GLOBAL_UNIT_ASSIGNED_CONTEXT((#15182,#15184,#15185))
REPRESENTATION_CONTEXT('','3D')
);
#15181=(
GEOMETRIC_REPRESENTATION_CONTEXT(3)
GLOBAL_UNCERTAINTY_ASSIGNED_CONTEXT((#15172))
GLOBAL_UNIT_ASSIGNED_CONTEXT((#15182,#15184,#15185))
REPRESENTATION_CONTEXT('','3D')
);
#15182=(
LENGTH_UNIT()
NAMED_UNIT(*)
SI_UNIT(.MILLI.,.METRE.)
);
#15183=(
LENGTH_UNIT()
NAMED_UNIT(*)
SI_UNIT($,.METRE.)
);
#15184=(
NAMED_UNIT(*)
PLANE_ANGLE_UNIT()
SI_UNIT($,.RADIAN.)
);
#15185=(
NAMED_UNIT(*)
SI_UNIT($,.STERADIAN.)
SOLID_ANGLE_UNIT()
);
#15186=SHAPE_DEFINITION_REPRESENTATION(#15194,#15209);
#15187=SHAPE_DEFINITION_REPRESENTATION(#15195,#15210);
#15188=SHAPE_DEFINITION_REPRESENTATION(#15196,#15211);
#15189=SHAPE_DEFINITION_REPRESENTATION(#15197,#15212);
#15190=SHAPE_DEFINITION_REPRESENTATION(#15198,#15213);
#15191=SHAPE_DEFINITION_REPRESENTATION(#15199,#15214);
#15192=SHAPE_DEFINITION_REPRESENTATION(#15200,#15215);
#15193=SHAPE_DEFINITION_REPRESENTATION(#15206,#15216);
#15194=PRODUCT_DEFINITION_SHAPE('',$,#15218);
#15195=PRODUCT_DEFINITION_SHAPE('',$,#15219);
#15196=PRODUCT_DEFINITION_SHAPE('',$,#15220);
#15197=PRODUCT_DEFINITION_SHAPE('',$,#15221);
#15198=PRODUCT_DEFINITION_SHAPE('',$,#15222);
#15199=PRODUCT_DEFINITION_SHAPE('',$,#15223);
#15200=PRODUCT_DEFINITION_SHAPE('',$,#15224);
#15201=PRODUCT_DEFINITION_SHAPE($,$,#528);
#15202=PRODUCT_DEFINITION_SHAPE($,$,#529);
#15203=PRODUCT_DEFINITION_SHAPE($,$,#530);
#15204=PRODUCT_DEFINITION_SHAPE($,$,#531);
#15205=PRODUCT_DEFINITION_SHAPE($,$,#532);
#15206=PRODUCT_DEFINITION_SHAPE('',$,#15225);
#15207=PRODUCT_DEFINITION_SHAPE($,$,#533);
#15208=PRODUCT_DEFINITION_SHAPE($,$,#534);
#15209=SHAPE_REPRESENTATION('',(#8634,#9617,#9618),#15173);
#15210=SHAPE_REPRESENTATION('',(#8635,#8831),#15174);
#15211=SHAPE_REPRESENTATION('',(#8636,#8830),#15175);
#15212=SHAPE_REPRESENTATION('',(#8637,#8829),#15176);
#15213=SHAPE_REPRESENTATION('',(#8638,#8828),#15177);
#15214=SHAPE_REPRESENTATION('',(#8639,#8827),#15178);
#15215=SHAPE_REPRESENTATION('',(#8640),#15179);
#15216=SHAPE_REPRESENTATION('',(#8832),#15180);
#15217=PRODUCT_DEFINITION_CONTEXT('part definition',#15243,'design');
#15218=PRODUCT_DEFINITION('root','(Unsaved)',#15226,#15217);
#15219=PRODUCT_DEFINITION('Harness_pro_assem.step',
'Harness_pro_assem.step',#15227,#15217);
#15220=PRODUCT_DEFINITION('LCD_4inch.step','LCD_4inch.step',#15228,#15217);
#15221=PRODUCT_DEFINITION('Case 4 inch','Case 4 inch',#15229,#15217);
#15222=PRODUCT_DEFINITION('LCD','LCD',#15230,#15217);
#15223=PRODUCT_DEFINITION('LCD_4INCH (2)','LCD_4INCH (2)',#15231,#15217);
#15224=PRODUCT_DEFINITION('FPC_CABLE (4)','FPC_CABLE (4)',#15232,#15217);
#15225=PRODUCT_DEFINITION('2026-10-05-18-47-34-140','Component8',#15233,
#15217);
#15226=PRODUCT_DEFINITION_FORMATION('',$,#15245);
#15227=PRODUCT_DEFINITION_FORMATION('',$,#15246);
#15228=PRODUCT_DEFINITION_FORMATION('',$,#15247);
#15229=PRODUCT_DEFINITION_FORMATION('',$,#15248);
#15230=PRODUCT_DEFINITION_FORMATION('',$,#15249);
#15231=PRODUCT_DEFINITION_FORMATION('',$,#15250);
#15232=PRODUCT_DEFINITION_FORMATION('',$,#15251);
#15233=PRODUCT_DEFINITION_FORMATION('',$,#15252);
#15234=PRODUCT_RELATED_PRODUCT_CATEGORY('(Unsaved)','(Unsaved)',(#15245));
#15235=PRODUCT_RELATED_PRODUCT_CATEGORY('Harness_pro_assem.step',
'Harness_pro_assem.step',(#15246));
#15236=PRODUCT_RELATED_PRODUCT_CATEGORY('LCD_4inch.step',
'LCD_4inch.step',(#15247));
#15237=PRODUCT_RELATED_PRODUCT_CATEGORY('Case 4 inch','Case 4 inch',(#15248));
#15238=PRODUCT_RELATED_PRODUCT_CATEGORY('LCD','LCD',(#15249));
#15239=PRODUCT_RELATED_PRODUCT_CATEGORY('LCD_4INCH (2)','LCD_4INCH (2)',
(#15250));
#15240=PRODUCT_RELATED_PRODUCT_CATEGORY('FPC_CABLE (4)','FPC_CABLE (4)',
(#15251));
#15241=PRODUCT_RELATED_PRODUCT_CATEGORY('Component8','Component8',(#15252));
#15242=APPLICATION_PROTOCOL_DEFINITION('international standard',
'automotive_design',2009,#15243);
#15243=APPLICATION_CONTEXT(
'Core Data for Automotive Mechanical Design Process');
#15244=PRODUCT_CONTEXT('part definition',#15243,'mechanical');
#15245=PRODUCT('root','(Unsaved)','HOOPS Exchange Step',(#15244));
#15246=PRODUCT('Harness_pro_assem.step','Harness_pro_assem.step',$,(#15244));
#15247=PRODUCT('LCD_4inch.step','LCD_4inch.step',$,(#15244));
#15248=PRODUCT('Case 4 inch','Case 4 inch',$,(#15244));
#15249=PRODUCT('LCD','LCD',$,(#15244));
#15250=PRODUCT('LCD_4INCH (2)','LCD_4INCH (2)',$,(#15244));
#15251=PRODUCT('FPC_CABLE (4)','FPC_CABLE (4)',$,(#15244));
#15252=PRODUCT('2026-10-05-18-47-34-140','Component8',$,(#15244));
#15253=PRESENTATION_STYLE_ASSIGNMENT((#15262));
#15254=PRESENTATION_STYLE_ASSIGNMENT((#15263));
#15255=PRESENTATION_STYLE_ASSIGNMENT((#15264));
#15256=PRESENTATION_STYLE_ASSIGNMENT((#15265));
#15257=PRESENTATION_STYLE_ASSIGNMENT((#15266));
#15258=PRESENTATION_STYLE_ASSIGNMENT((#15267));
#15259=PRESENTATION_STYLE_ASSIGNMENT((#15268));
#15260=PRESENTATION_STYLE_ASSIGNMENT((#15269));
#15261=PRESENTATION_STYLE_ASSIGNMENT((#15270));
#15262=SURFACE_STYLE_USAGE(.BOTH.,#15271);
#15263=SURFACE_STYLE_USAGE(.BOTH.,#15272);
#15264=SURFACE_STYLE_USAGE(.BOTH.,#15273);
#15265=SURFACE_STYLE_USAGE(.BOTH.,#15274);
#15266=SURFACE_STYLE_USAGE(.BOTH.,#15275);
#15267=SURFACE_STYLE_USAGE(.BOTH.,#15276);
#15268=SURFACE_STYLE_USAGE(.BOTH.,#15277);
#15269=SURFACE_STYLE_USAGE(.BOTH.,#15278);
#15270=SURFACE_STYLE_USAGE(.BOTH.,#15279);
#15271=SURFACE_SIDE_STYLE('',(#15280));
#15272=SURFACE_SIDE_STYLE('',(#15281));
#15273=SURFACE_SIDE_STYLE('',(#15282));
#15274=SURFACE_SIDE_STYLE('',(#15283));
#15275=SURFACE_SIDE_STYLE('',(#15284));
#15276=SURFACE_SIDE_STYLE('',(#15285));
#15277=SURFACE_SIDE_STYLE('',(#15286));
#15278=SURFACE_SIDE_STYLE('',(#15287));
#15279=SURFACE_SIDE_STYLE('',(#15288));
#15280=SURFACE_STYLE_FILL_AREA(#15289);
#15281=SURFACE_STYLE_FILL_AREA(#15290);
#15282=SURFACE_STYLE_FILL_AREA(#15291);
#15283=SURFACE_STYLE_FILL_AREA(#15292);
#15284=SURFACE_STYLE_FILL_AREA(#15293);
#15285=SURFACE_STYLE_FILL_AREA(#15294);
#15286=SURFACE_STYLE_FILL_AREA(#15295);
#15287=SURFACE_STYLE_FILL_AREA(#15296);
#15288=SURFACE_STYLE_FILL_AREA(#15297);
#15289=FILL_AREA_STYLE('Steel - Satin',(#15298));
#15290=FILL_AREA_STYLE('Opaque(24,24,24)',(#15299));
#15291=FILL_AREA_STYLE('Opaque(80,78,78)',(#15300));
#15292=FILL_AREA_STYLE('Opaque(215,212,212)',(#15301));
#15293=FILL_AREA_STYLE('Opaque(255,162,0)',(#15302));
#15294=FILL_AREA_STYLE('Opaque(21,20,20)',(#15303));
#15295=FILL_AREA_STYLE('Opaque(33,33,33)',(#15304));
#15296=FILL_AREA_STYLE('Opaque(170,70,0)',(#15305));
#15297=FILL_AREA_STYLE('Opaque(42,41,41)',(#15306));
#15298=FILL_AREA_STYLE_COLOUR('Steel - Satin',#15307);
#15299=FILL_AREA_STYLE_COLOUR('Opaque(24,24,24)',#15308);
#15300=FILL_AREA_STYLE_COLOUR('Opaque(80,78,78)',#15309);
#15301=FILL_AREA_STYLE_COLOUR('Opaque(215,212,212)',#15310);
#15302=FILL_AREA_STYLE_COLOUR('Opaque(255,162,0)',#15311);
#15303=FILL_AREA_STYLE_COLOUR('Opaque(21,20,20)',#15312);
#15304=FILL_AREA_STYLE_COLOUR('Opaque(33,33,33)',#15313);
#15305=FILL_AREA_STYLE_COLOUR('Opaque(170,70,0)',#15314);
#15306=FILL_AREA_STYLE_COLOUR('Opaque(42,41,41)',#15315);
#15307=COLOUR_RGB('Steel - Satin',0.627450980392157,0.627450980392157,0.627450980392157);
#15308=COLOUR_RGB('Opaque(24,24,24)',0.0941176470588235,0.0941176470588235,
0.0941176470588235);
#15309=COLOUR_RGB('Opaque(80,78,78)',0.313725490196078,0.305882352941176,
0.305882352941176);
#15310=COLOUR_RGB('Opaque(215,212,212)',0.843137254901961,0.831372549019608,
0.831372549019608);
#15311=COLOUR_RGB('Opaque(255,162,0)',1.,0.635294117647059,0.);
#15312=COLOUR_RGB('Opaque(21,20,20)',0.0823529411764706,0.0784313725490196,
0.0784313725490196);
#15313=COLOUR_RGB('Opaque(33,33,33)',0.129411764705882,0.129411764705882,
0.129411764705882);
#15314=COLOUR_RGB('Opaque(170,70,0)',0.666666666666667,0.274509803921569,
0.);
#15315=COLOUR_RGB('Opaque(42,41,41)',0.164705882352941,0.16078431372549,
0.16078431372549);
ENDSEC;
END-ISO-10303-21;
