/*******************************************************************************
 * Size: 18 px
 * Bpp: 4
 * Opts: --bpp 4 --size 18 --format lvgl --no-compress --no-prefilter --font fonts/Geist-Regular.ttf --range 0x20-0x7F,0xA0-0x24F,0x1E00-0x1EFF,0x2013-0x2026,0x203A --font /System/Library/Fonts/Supplemental/Arial Unicode.ttf --range 0x00AD,0x0114-0x0115,0x012C-0x012D,0x0138,0x013F-0x0140,0x0149,0x014E-0x014F,0x017F-0x018E,0x0190-0x0191,0x0193-0x019F,0x01A2-0x01AE,0x01B1-0x01CC,0x01CF-0x01E3,0x01EA-0x01F5,0x01FA-0x0217,0x1E00-0x1E1F,0x1E22-0x1E7F,0x1E86-0x1E9B,0x2015-0x2017,0x201B,0x201F,0x2023-0x2025,0x2713,0x2717 -o main/ui/geist_c3_reg_18.c --lv-include lvgl.h
 ******************************************************************************/

#ifdef LV_LVGL_H_INCLUDE_SIMPLE
#include "lvgl.h"
#else
#include "lvgl.h"
#endif

#ifndef GEIST_C3_REG_18
#define GEIST_C3_REG_18 1
#endif

#if GEIST_C3_REG_18

/*-----------------
 *    BITMAPS
 *----------------*/

/*Store the image of the glyphs*/
static LV_ATTRIBUTE_LARGE_CONST const uint8_t glyph_bitmap[] = {
    /* U+0020 " " */

    /* U+0021 "!" */
    0xc, 0xc0, 0xcc, 0xc, 0xc0, 0xcc, 0xc, 0xb0,
    0xcb, 0xb, 0xa0, 0xa9, 0x9, 0x80, 0x22, 0x1,
    0x11, 0xff, 0x1f, 0xf0,

    /* U+0022 "\"" */
    0x3f, 0x62, 0xf6, 0x2f, 0x52, 0xf6, 0x1f, 0x51,
    0xf5, 0xf, 0x41, 0xf3, 0xc, 0x41, 0xe1,

    /* U+0023 "#" */
    0x0, 0x1, 0xf3, 0x8, 0xc0, 0x0, 0x3, 0xf0,
    0xa, 0x90, 0x0, 0x6, 0xd0, 0xd, 0x60, 0x5,
    0xff, 0xff, 0xff, 0xf9, 0x2, 0x4f, 0xc4, 0x8f,
    0x52, 0x0, 0xf, 0x40, 0x6e, 0x0, 0x0, 0x2f,
    0x10, 0x9b, 0x0, 0x0, 0x6f, 0x0, 0xd9, 0x0,
    0x1f, 0xff, 0xff, 0xff, 0xe0, 0x3, 0xfc, 0x36,
    0xf6, 0x20, 0x0, 0xe6, 0x5, 0xf0, 0x0, 0x1,
    0xf3, 0x8, 0xc0, 0x0, 0x4, 0xf0, 0xb, 0x90,
    0x0,

    /* U+0024 "$" */
    0x0, 0x0, 0xe, 0x70, 0x0, 0x0, 0x0, 0x0,
    0xe7, 0x0, 0x0, 0x0, 0x2a, 0xef, 0xf9, 0x10,
    0x0, 0x2e, 0xfa, 0xff, 0xfd, 0x10, 0x8, 0xf3,
    0xe, 0x74, 0xf9, 0x0, 0xbe, 0x0, 0xe7, 0xa,
    0xf0, 0x9, 0xf3, 0xe, 0x70, 0x0, 0x0, 0x1d,
    0xfb, 0xf9, 0x0, 0x0, 0x0, 0x6, 0xcf, 0xfd,
    0x50, 0x0, 0x0, 0x0, 0xec, 0xbf, 0x90, 0x5,
    0x30, 0xe, 0x70, 0x9f, 0x20, 0xdc, 0x0, 0xe7,
    0x4, 0xf4, 0x7, 0xf6, 0xe, 0x70, 0x9f, 0x20,
    0xb, 0xfc, 0xff, 0xcf, 0x90, 0x0, 0x7, 0xcf,
    0xfc, 0x60, 0x0, 0x0, 0x0, 0xe7, 0x0, 0x0,
    0x0, 0x0, 0x7, 0x30, 0x0, 0x0,

    /* U+0025 "%" */
    0x2, 0xcf, 0xc3, 0x0, 0x0, 0x6e, 0x10, 0xd,
    0xa3, 0x9e, 0x10, 0x2, 0xf5, 0x0, 0x2f, 0x20,
    0xf, 0x40, 0xc, 0xa0, 0x0, 0x2f, 0x20, 0xf,
    0x40, 0x7e, 0x10, 0x0, 0xd, 0x80, 0x6e, 0x12,
    0xf4, 0x0, 0x0, 0x2, 0xcf, 0xd4, 0xc, 0x90,
    0x0, 0x0, 0x0, 0x0, 0x0, 0x8e, 0x18, 0xed,
    0x50, 0x0, 0x0, 0x3, 0xf4, 0x6e, 0x46, 0xf2,
    0x0, 0x0, 0xd, 0x90, 0xc8, 0x0, 0xc8, 0x0,
    0x0, 0x8d, 0x0, 0xd6, 0x0, 0xa9, 0x0, 0x3,
    0xf3, 0x0, 0xc8, 0x0, 0xc8, 0x0, 0xd, 0x80,
    0x0, 0x7e, 0x46, 0xf3, 0x0, 0x9d, 0x0, 0x0,
    0x8, 0xed, 0x60,

    /* U+0026 "&" */
    0x0, 0x1a, 0xef, 0xb2, 0x0, 0x0, 0xb, 0xfa,
    0xaf, 0xc0, 0x0, 0x0, 0xfa, 0x0, 0xaf, 0x0,
    0x0, 0xf, 0xa0, 0xb, 0xe0, 0x0, 0x0, 0xae,
    0x15, 0xf6, 0x0, 0x0, 0x1, 0xfd, 0xf6, 0x0,
    0x0, 0x0, 0x9f, 0xfb, 0x0, 0x0, 0x0, 0x9f,
    0x76, 0xf7, 0x1, 0xd5, 0x1f, 0xa0, 0x9, 0xf4,
    0x3f, 0x53, 0xf6, 0x0, 0xb, 0xfb, 0xf1, 0x2f,
    0x90, 0x0, 0x1e, 0xf8, 0x0, 0xcf, 0xb8, 0x8c,
    0xff, 0xb0, 0x0, 0x8d, 0xff, 0xc7, 0x5f, 0x70,

    /* U+0027 "'" */
    0x3f, 0x62, 0xf6, 0x1f, 0x40, 0xf3, 0xd, 0x20,

    /* U+0028 "(" */
    0x0, 0xe, 0x60, 0x8, 0xe0, 0x0, 0xf7, 0x0,
    0x6f, 0x20, 0xb, 0xd0, 0x0, 0xe9, 0x0, 0x1f,
    0x70, 0x2, 0xf6, 0x0, 0x2f, 0x60, 0x1, 0xf7,
    0x0, 0xe, 0xa0, 0x0, 0xbd, 0x0, 0x6, 0xf2,
    0x0, 0xf, 0x70, 0x0, 0x8e, 0x0, 0x0, 0xe6,

    /* U+0029 ")" */
    0x7d, 0x0, 0x0, 0xe7, 0x0, 0x8, 0xe0, 0x0,
    0x3f, 0x50, 0x0, 0xea, 0x0, 0xb, 0xd0, 0x0,
    0x8f, 0x0, 0x7, 0xf1, 0x0, 0x7f, 0x10, 0x8,
    0xf0, 0x0, 0xbd, 0x0, 0xe, 0xa0, 0x3, 0xf5,
    0x0, 0x8e, 0x0, 0xe, 0x70, 0x7, 0xd0, 0x0,

    /* U+002A "*" */
    0x0, 0x40, 0x3, 0x0, 0x1e, 0x48, 0xc0, 0x0,
    0x5e, 0xf2, 0x3, 0xff, 0xff, 0xff, 0x3, 0x7f,
    0xf4, 0x20, 0xd, 0x6a, 0xa0, 0x0, 0x70, 0x16,
    0x0,

    /* U+002B "+" */
    0x0, 0x0, 0xbb, 0x0, 0x0, 0x0, 0x0, 0xbb,
    0x0, 0x0, 0x0, 0x0, 0xbb, 0x0, 0x0, 0x2,
    0x22, 0xdd, 0x22, 0x20, 0x4f, 0xff, 0xff, 0xff,
    0xf5, 0x15, 0x55, 0xff, 0x55, 0x51, 0x0, 0x0,
    0xbb, 0x0, 0x0, 0x0, 0x0, 0xbb, 0x0, 0x0,
    0x0, 0x0, 0xbb, 0x0, 0x0,

    /* U+002C "," */
    0x1, 0x13, 0xfd, 0x3f, 0xd0, 0x79, 0xb, 0x30,
    0xe0,

    /* U+002D "-" */
    0x2, 0x22, 0x22, 0x13, 0xff, 0xff, 0xfc, 0x15,
    0x55, 0x55, 0x30,

    /* U+002E "." */
    0x1, 0x13, 0xfd, 0x3f, 0xd0,

    /* U+002F "/" */
    0x0, 0x0, 0x2, 0xf4, 0x0, 0x0, 0x7, 0xf0,
    0x0, 0x0, 0xc, 0xa0, 0x0, 0x0, 0x2f, 0x40,
    0x0, 0x0, 0x7f, 0x0, 0x0, 0x0, 0xca, 0x0,
    0x0, 0x2, 0xf4, 0x0, 0x0, 0x7, 0xf0, 0x0,
    0x0, 0xc, 0xa0, 0x0, 0x0, 0x2f, 0x40, 0x0,
    0x0, 0x7f, 0x0, 0x0, 0x0, 0xca, 0x0, 0x0,
    0x1, 0xf5, 0x0, 0x0, 0x7, 0xf0, 0x0, 0x0,
    0xc, 0xa0, 0x0, 0x0, 0x1f, 0x50, 0x0, 0x0,

    /* U+0030 "0" */
    0x0, 0x4, 0xce, 0xeb, 0x40, 0x0, 0x0, 0x7f,
    0xe9, 0xae, 0xf6, 0x0, 0x2, 0xfb, 0x0, 0x0,
    0xcf, 0x10, 0x9, 0xf1, 0x0, 0x0, 0x2f, 0x80,
    0xe, 0xc0, 0x0, 0x0, 0xd, 0xd0, 0xf, 0x90,
    0x0, 0x0, 0xa, 0xf0, 0x1f, 0x80, 0x0, 0x0,
    0x9, 0xf0, 0xf, 0x90, 0x0, 0x0, 0xa, 0xf0,
    0xe, 0xb0, 0x0, 0x0, 0xc, 0xd0, 0x9, 0xf1,
    0x0, 0x0, 0x2f, 0x80, 0x3, 0xfb, 0x0, 0x0,
    0xcf, 0x20, 0x0, 0x7f, 0xd9, 0x9e, 0xf6, 0x0,
    0x0, 0x5, 0xcf, 0xeb, 0x40, 0x0,

    /* U+0031 "1" */
    0x0, 0x5, 0xf0, 0x12, 0xcf, 0x4f, 0xff, 0xf1,
    0x44, 0xbf, 0x0, 0x9, 0xf0, 0x0, 0x9f, 0x0,
    0x9, 0xf0, 0x0, 0x9f, 0x0, 0x9, 0xf0, 0x0,
    0x9f, 0x0, 0x9, 0xf0, 0x0, 0x9f, 0x0, 0x9,
    0xf0,

    /* U+0032 "2" */
    0x0, 0x7d, 0xff, 0xb4, 0x0, 0xa, 0xfd, 0x99,
    0xef, 0x50, 0x5f, 0x90, 0x0, 0x1e, 0xd0, 0xaf,
    0x0, 0x0, 0x9, 0xf0, 0x21, 0x0, 0x0, 0xb,
    0xf0, 0x0, 0x0, 0x0, 0x6f, 0x90, 0x0, 0x0,
    0x3b, 0xfb, 0x0, 0x0, 0x9, 0xfe, 0x60, 0x0,
    0x1, 0xdf, 0x91, 0x0, 0x0, 0xd, 0xf5, 0x0,
    0x0, 0x0, 0x6f, 0x60, 0x0, 0x0, 0x0, 0xbf,
    0x98, 0x88, 0x88, 0x80, 0xef, 0xff, 0xff, 0xff,
    0xf1,

    /* U+0033 "3" */
    0x0, 0x2a, 0xdf, 0xea, 0x20, 0x0, 0x2e, 0xfa,
    0x9a, 0xff, 0x20, 0x9, 0xf2, 0x0, 0x3, 0xf9,
    0x0, 0x0, 0x0, 0x0, 0xf, 0x90, 0x0, 0x0,
    0x0, 0x29, 0xf4, 0x0, 0x0, 0x9, 0xff, 0xe3,
    0x0, 0x0, 0x0, 0x59, 0xbf, 0xc1, 0x0, 0x0,
    0x0, 0x0, 0x2e, 0xb0, 0x0, 0x0, 0x0, 0x0,
    0x9f, 0x0, 0xb6, 0x0, 0x0, 0x8, 0xf1, 0xd,
    0xe1, 0x0, 0x1, 0xed, 0x0, 0x4f, 0xfa, 0x9b,
    0xff, 0x40, 0x0, 0x3b, 0xef, 0xea, 0x20, 0x0,

    /* U+0034 "4" */
    0x0, 0x0, 0x0, 0x7f, 0x90, 0x0, 0x0, 0x0,
    0x3f, 0xf9, 0x0, 0x0, 0x0, 0xd, 0xdf, 0x90,
    0x0, 0x0, 0xa, 0xf3, 0xf9, 0x0, 0x0, 0x6,
    0xf6, 0xf, 0x90, 0x0, 0x3, 0xfa, 0x0, 0xf9,
    0x0, 0x0, 0xdd, 0x0, 0xf, 0x90, 0x0, 0xaf,
    0x20, 0x0, 0xf9, 0x0, 0x5f, 0xc8, 0x88, 0x8f,
    0xd8, 0x17, 0xff, 0xff, 0xff, 0xff, 0xf2, 0x0,
    0x0, 0x0, 0xf, 0x90, 0x0, 0x0, 0x0, 0x0,
    0xf9, 0x0, 0x0, 0x0, 0x0, 0xf, 0x90, 0x0,

    /* U+0035 "5" */
    0xe, 0xff, 0xff, 0xff, 0x50, 0xf, 0xc8, 0x88,
    0x88, 0x20, 0x2f, 0x60, 0x0, 0x0, 0x0, 0x4f,
    0x40, 0x0, 0x0, 0x0, 0x6f, 0x6b, 0xfe, 0xa2,
    0x0, 0x8f, 0xfb, 0x8a, 0xff, 0x20, 0xaf, 0x50,
    0x0, 0x3f, 0xb0, 0x0, 0x0, 0x0, 0x9, 0xf0,
    0x0, 0x0, 0x0, 0x7, 0xf2, 0x99, 0x0, 0x0,
    0xa, 0xf0, 0x9f, 0x40, 0x0, 0x3f, 0xb0, 0x1e,
    0xfb, 0x9b, 0xfe, 0x20, 0x1, 0x9e, 0xfe, 0x91,
    0x0,

    /* U+0036 "6" */
    0x0, 0x5, 0xcf, 0xeb, 0x30, 0x0, 0x7f, 0xe9,
    0x9e, 0xf3, 0x2, 0xfb, 0x0, 0x1, 0xd9, 0x8,
    0xf1, 0x0, 0x0, 0x0, 0xc, 0xb3, 0xcf, 0xea,
    0x10, 0xe, 0xef, 0xb8, 0xaf, 0xe1, 0xf, 0xf5,
    0x0, 0x4, 0xf9, 0x1f, 0xb0, 0x0, 0x0, 0xcd,
    0xf, 0x90, 0x0, 0x0, 0xbe, 0xd, 0xc0, 0x0,
    0x0, 0xdd, 0x8, 0xf5, 0x0, 0x7, 0xf8, 0x0,
    0xdf, 0xb9, 0xcf, 0xd0, 0x0, 0x19, 0xef, 0xd8,
    0x0,

    /* U+0037 "7" */
    0xaf, 0xff, 0xff, 0xff, 0xf7, 0x58, 0x88, 0x88,
    0x8b, 0xf5, 0x0, 0x0, 0x0, 0x1e, 0x90, 0x0,
    0x0, 0x0, 0xbd, 0x0, 0x0, 0x0, 0x5, 0xf3,
    0x0, 0x0, 0x0, 0xd, 0x90, 0x0, 0x0, 0x0,
    0x5f, 0x20, 0x0, 0x0, 0x0, 0xcb, 0x0, 0x0,
    0x0, 0x1, 0xf6, 0x0, 0x0, 0x0, 0x5, 0xf2,
    0x0, 0x0, 0x0, 0x9, 0xf0, 0x0, 0x0, 0x0,
    0xb, 0xd0, 0x0, 0x0, 0x0, 0xc, 0xc0, 0x0,
    0x0,

    /* U+0038 "8" */
    0x0, 0x2a, 0xef, 0xe9, 0x10, 0x0, 0x2e, 0xfa,
    0x9b, 0xfe, 0x10, 0x8, 0xf3, 0x0, 0x5, 0xf6,
    0x0, 0x9f, 0x0, 0x0, 0x2f, 0x70, 0x3, 0xfb,
    0x42, 0x4c, 0xf2, 0x0, 0x5, 0xff, 0xff, 0xf3,
    0x0, 0x4, 0xfc, 0x75, 0x7d, 0xe3, 0x0, 0xec,
    0x0, 0x0, 0xd, 0xc0, 0x3f, 0x60, 0x0, 0x0,
    0x8f, 0x13, 0xf7, 0x0, 0x0, 0x9, 0xf1, 0xf,
    0xd1, 0x0, 0x2, 0xed, 0x0, 0x6f, 0xfa, 0x9b,
    0xff, 0x40, 0x0, 0x4b, 0xef, 0xea, 0x30, 0x0,

    /* U+0039 "9" */
    0x0, 0x3b, 0xef, 0xc6, 0x0, 0x4, 0xff, 0xa9,
    0xdf, 0x80, 0xe, 0xe1, 0x0, 0x9, 0xf2, 0x2f,
    0x70, 0x0, 0x1, 0xf7, 0x3f, 0x50, 0x0, 0x0,
    0xfa, 0x1f, 0x90, 0x0, 0x3, 0xfc, 0xb, 0xf8,
    0x10, 0x4e, 0xfb, 0x1, 0xcf, 0xff, 0xf9, 0xea,
    0x0, 0x4, 0x87, 0x31, 0xf8, 0x0, 0x0, 0x0,
    0x6, 0xf4, 0xc, 0xb0, 0x0, 0x1e, 0xe0, 0x6,
    0xfd, 0x9a, 0xff, 0x40, 0x0, 0x5c, 0xfe, 0xb3,
    0x0,

    /* U+003A ":" */
    0x5f, 0xb5, 0xfb, 0x1, 0x10, 0x0, 0x0, 0x0,
    0x0, 0x0, 0x0, 0x11, 0x5f, 0xb5, 0xfb,

    /* U+003B ";" */
    0x5f, 0xb5, 0xfb, 0x1, 0x10, 0x0, 0x0, 0x0,
    0x0, 0x0, 0x0, 0x11, 0x5f, 0xb5, 0xfa, 0x9,
    0x60, 0xd1, 0x2c, 0x0,

    /* U+003C "<" */
    0x0, 0x0, 0x0, 0x0, 0x0, 0x0, 0x0, 0x0,
    0x6c, 0x0, 0x0, 0x18, 0xef, 0x90, 0x2, 0x9f,
    0xf9, 0x10, 0x1a, 0xfe, 0x71, 0x0, 0x4, 0xf7,
    0x0, 0x0, 0x0, 0x3f, 0xf9, 0x20, 0x0, 0x0,
    0x7, 0xef, 0xb3, 0x0, 0x0, 0x0, 0x6d, 0xfc,
    0x40, 0x0, 0x0, 0x4, 0xce, 0x0, 0x0, 0x0,
    0x0, 0x20,

    /* U+003D "=" */
    0x2, 0x22, 0x22, 0x22, 0x24, 0xff, 0xff, 0xff,
    0xff, 0x15, 0x55, 0x55, 0x55, 0x50, 0x0, 0x0,
    0x0, 0x0, 0x2, 0x22, 0x22, 0x22, 0x24, 0xff,
    0xff, 0xff, 0xff, 0x15, 0x55, 0x55, 0x55, 0x50,

    /* U+003E ">" */
    0x0, 0x0, 0x0, 0x0, 0x0, 0x1c, 0x50, 0x0,
    0x0, 0x0, 0xb, 0xfd, 0x60, 0x0, 0x0, 0x0,
    0x3a, 0xfe, 0x81, 0x0, 0x0, 0x0, 0x29, 0xff,
    0x90, 0x0, 0x0, 0x0, 0x1a, 0xf1, 0x0, 0x0,
    0x3, 0xbf, 0xe0, 0x0, 0x5, 0xcf, 0xd5, 0x0,
    0x6, 0xdf, 0xc4, 0x0, 0x0, 0x1f, 0xa3, 0x0,
    0x0, 0x0, 0x2, 0x0, 0x0, 0x0, 0x0,

    /* U+003F "?" */
    0x0, 0x2a, 0xef, 0xd6, 0x0, 0x2, 0xff, 0xa9,
    0xdf, 0x80, 0xc, 0xf2, 0x0, 0xb, 0xf1, 0x1f,
    0x90, 0x0, 0x6, 0xf3, 0x2, 0x0, 0x0, 0x8,
    0xf1, 0x0, 0x0, 0x0, 0x5f, 0xa0, 0x0, 0x0,
    0xa, 0xf9, 0x0, 0x0, 0x0, 0x6f, 0x50, 0x0,
    0x0, 0x0, 0xbd, 0x0, 0x0, 0x0, 0x0, 0x44,
    0x0, 0x0, 0x0, 0x0, 0x11, 0x0, 0x0, 0x0,
    0x1, 0xff, 0x0, 0x0, 0x0, 0x1, 0xff, 0x0,
    0x0,

    /* U+0040 "@" */
    0x0, 0x0, 0x5, 0xae, 0xfe, 0xc8, 0x10, 0x0,
    0x0, 0x1, 0xcf, 0xb6, 0x55, 0x8d, 0xf5, 0x0,
    0x0, 0x1e, 0xc2, 0x0, 0x0, 0x0, 0x7f, 0x40,
    0x0, 0xcc, 0x0, 0x0, 0x0, 0x0, 0x9, 0xd0,
    0x5, 0xf2, 0x1, 0xaf, 0xfa, 0xab, 0x1, 0xf3,
    0xb, 0xa0, 0xe, 0xd5, 0x39, 0xfa, 0x0, 0xe6,
    0xf, 0x50, 0x7f, 0x20, 0x0, 0xe9, 0x0, 0xd7,
    0x1f, 0x20, 0xbb, 0x0, 0x0, 0xc7, 0x0, 0xe6,
    0x2f, 0x20, 0xbc, 0x0, 0x1, 0xf6, 0x2, 0xf2,
    0x1f, 0x30, 0x7f, 0x50, 0x2b, 0xf8, 0x1b, 0xb0,
    0xf, 0x60, 0xa, 0xff, 0xf6, 0x5f, 0xfc, 0x10,
    0xa, 0xc0, 0x0, 0x12, 0x0, 0x1, 0x20, 0x0,
    0x2, 0xf8, 0x0, 0x0, 0x0, 0x0, 0x0, 0x0,
    0x0, 0x6f, 0xb5, 0x21, 0x25, 0xb2, 0x0, 0x0,
    0x0, 0x3, 0xbf, 0xff, 0xff, 0xb2, 0x0, 0x0,
    0x0, 0x0, 0x0, 0x23, 0x20, 0x0, 0x0, 0x0,

    /* U+0041 "A" */
    0x0, 0x0, 0x3f, 0xf3, 0x0, 0x0, 0x0, 0x0,
    0x9e, 0xe9, 0x0, 0x0, 0x0, 0x0, 0xe9, 0x9e,
    0x0, 0x0, 0x0, 0x4, 0xf3, 0x3f, 0x40, 0x0,
    0x0, 0xa, 0xe0, 0xd, 0xa0, 0x0, 0x0, 0xf,
    0x80, 0x8, 0xf0, 0x0, 0x0, 0x5f, 0x30, 0x2,
    0xf5, 0x0, 0x0, 0xbf, 0x88, 0x88, 0xfb, 0x0,
    0x1, 0xff, 0xff, 0xff, 0xff, 0x10, 0x6, 0xf2,
    0x0, 0x0, 0x2f, 0x60, 0xc, 0xd0, 0x0, 0x0,
    0xd, 0xc0, 0x1f, 0x80, 0x0, 0x0, 0x8, 0xf2,
    0x7f, 0x30, 0x0, 0x0, 0x3, 0xf7,

    /* U+0042 "B" */
    0x5f, 0xff, 0xff, 0xea, 0x20, 0x5, 0xfa, 0x88,
    0x9c, 0xfe, 0x10, 0x5f, 0x30, 0x0, 0x6, 0xf7,
    0x5, 0xf3, 0x0, 0x0, 0x1f, 0x80, 0x5f, 0x30,
    0x0, 0x6, 0xf5, 0x5, 0xfa, 0x88, 0x9c, 0xf8,
    0x0, 0x5f, 0xff, 0xff, 0xfc, 0x60, 0x5, 0xf3,
    0x0, 0x1, 0x7f, 0x80, 0x5f, 0x30, 0x0, 0x0,
    0xaf, 0x5, 0xf3, 0x0, 0x0, 0x8, 0xf1, 0x5f,
    0x30, 0x0, 0x1, 0xdf, 0x5, 0xfa, 0x88, 0x8a,
    0xef, 0x70, 0x5f, 0xff, 0xff, 0xec, 0x50, 0x0,

    /* U+0043 "C" */
    0x0, 0x2, 0x9d, 0xfe, 0xb4, 0x0, 0x0, 0x5f,
    0xfb, 0x9a, 0xff, 0x60, 0x2, 0xfd, 0x20, 0x0,
    0x1c, 0xf2, 0x9, 0xf3, 0x0, 0x0, 0x2, 0xf8,
    0xe, 0xb0, 0x0, 0x0, 0x0, 0x44, 0x1f, 0x80,
    0x0, 0x0, 0x0, 0x0, 0x2f, 0x70, 0x0, 0x0,
    0x0, 0x0, 0x1f, 0x80, 0x0, 0x0, 0x0, 0x0,
    0xf, 0xb0, 0x0, 0x0, 0x0, 0x78, 0xa, 0xf2,
    0x0, 0x0, 0x1, 0xfa, 0x2, 0xfd, 0x20, 0x0,
    0x1b, 0xf2, 0x0, 0x5f, 0xfb, 0x9a, 0xef, 0x60,
    0x0, 0x2, 0x9d, 0xfe, 0xa3, 0x0,

    /* U+0044 "D" */
    0x5f, 0xff, 0xfe, 0xc6, 0x0, 0x5, 0xfa, 0x88,
    0x9d, 0xfc, 0x10, 0x5f, 0x30, 0x0, 0x6, 0xfb,
    0x5, 0xf3, 0x0, 0x0, 0x8, 0xf3, 0x5f, 0x30,
    0x0, 0x0, 0x1f, 0x85, 0xf3, 0x0, 0x0, 0x0,
    0xea, 0x5f, 0x30, 0x0, 0x0, 0xe, 0xb5, 0xf3,
    0x0, 0x0, 0x0, 0xea, 0x5f, 0x30, 0x0, 0x0,
    0x1f, 0x85, 0xf3, 0x0, 0x0, 0x8, 0xf4, 0x5f,
    0x30, 0x0, 0x6, 0xfc, 0x5, 0xfa, 0x88, 0x9d,
    0xfd, 0x10, 0x5f, 0xff, 0xff, 0xc7, 0x0, 0x0,

    /* U+0045 "E" */
    0x5f, 0xff, 0xff, 0xff, 0xb5, 0xfa, 0x88, 0x88,
    0x86, 0x5f, 0x30, 0x0, 0x0, 0x5, 0xf3, 0x0,
    0x0, 0x0, 0x5f, 0x30, 0x0, 0x0, 0x5, 0xf9,
    0x88, 0x88, 0x83, 0x5f, 0xff, 0xff, 0xff, 0x75,
    0xf3, 0x0, 0x0, 0x0, 0x5f, 0x30, 0x0, 0x0,
    0x5, 0xf3, 0x0, 0x0, 0x0, 0x5f, 0x30, 0x0,
    0x0, 0x5, 0xfa, 0x88, 0x88, 0x87, 0x5f, 0xff,
    0xff, 0xff, 0xd0,

    /* U+0046 "F" */
    0x5f, 0xff, 0xff, 0xff, 0xb5, 0xfc, 0x88, 0x88,
    0x86, 0x5f, 0x30, 0x0, 0x0, 0x5, 0xf3, 0x0,
    0x0, 0x0, 0x5f, 0x30, 0x0, 0x0, 0x5, 0xf3,
    0x0, 0x0, 0x0, 0x5f, 0xff, 0xff, 0xff, 0x55,
    0xfb, 0x88, 0x88, 0x82, 0x5f, 0x30, 0x0, 0x0,
    0x5, 0xf3, 0x0, 0x0, 0x0, 0x5f, 0x30, 0x0,
    0x0, 0x5, 0xf3, 0x0, 0x0, 0x0, 0x5f, 0x30,
    0x0, 0x0, 0x0,

    /* U+0047 "G" */
    0x0, 0x2, 0x9d, 0xfe, 0xa3, 0x0, 0x0, 0x4f,
    0xfb, 0x9a, 0xef, 0x60, 0x2, 0xfd, 0x20, 0x0,
    0xb, 0xf2, 0x9, 0xf2, 0x0, 0x0, 0x2, 0xf7,
    0xe, 0xb0, 0x0, 0x0, 0x0, 0x0, 0x1f, 0x80,
    0x0, 0x0, 0x0, 0x0, 0x2f, 0x70, 0x0, 0x6f,
    0xff, 0xfb, 0x1f, 0x80, 0x0, 0x38, 0x88, 0xeb,
    0xe, 0xb0, 0x0, 0x0, 0x0, 0xeb, 0xa, 0xf2,
    0x0, 0x0, 0x4, 0xfb, 0x2, 0xfd, 0x10, 0x0,
    0x2e, 0xfb, 0x0, 0x5f, 0xfb, 0x9b, 0xfc, 0x8b,
    0x0, 0x2, 0xad, 0xfd, 0x80, 0x7b,

    /* U+0048 "H" */
    0x5f, 0x30, 0x0, 0x0, 0x6f, 0x25, 0xf3, 0x0,
    0x0, 0x6, 0xf2, 0x5f, 0x30, 0x0, 0x0, 0x6f,
    0x25, 0xf3, 0x0, 0x0, 0x6, 0xf2, 0x5f, 0x30,
    0x0, 0x0, 0x6f, 0x25, 0xfb, 0x88, 0x88, 0x8e,
    0xf2, 0x5f, 0xff, 0xff, 0xff, 0xff, 0x25, 0xf3,
    0x0, 0x0, 0x6, 0xf2, 0x5f, 0x30, 0x0, 0x0,
    0x6f, 0x25, 0xf3, 0x0, 0x0, 0x6, 0xf2, 0x5f,
    0x30, 0x0, 0x0, 0x6f, 0x25, 0xf3, 0x0, 0x0,
    0x6, 0xf2, 0x5f, 0x30, 0x0, 0x0, 0x6f, 0x20,

    /* U+0049 "I" */
    0x5f, 0x35, 0xf3, 0x5f, 0x35, 0xf3, 0x5f, 0x35,
    0xf3, 0x5f, 0x35, 0xf3, 0x5f, 0x35, 0xf3, 0x5f,
    0x35, 0xf3, 0x5f, 0x30,

    /* U+004A "J" */
    0x0, 0x0, 0x0, 0x3f, 0x50, 0x0, 0x0, 0x3,
    0xf5, 0x0, 0x0, 0x0, 0x3f, 0x50, 0x0, 0x0,
    0x3, 0xf5, 0x0, 0x0, 0x0, 0x3f, 0x50, 0x0,
    0x0, 0x3, 0xf5, 0x0, 0x0, 0x0, 0x3f, 0x50,
    0x0, 0x0, 0x3, 0xf5, 0x67, 0x0, 0x0, 0x3f,
    0x5a, 0xf0, 0x0, 0x5, 0xf3, 0x6f, 0x60, 0x0,
    0xce, 0x0, 0xcf, 0xb9, 0xdf, 0x60, 0x0, 0x8e,
    0xfc, 0x50, 0x0,

    /* U+004B "K" */
    0x5f, 0x30, 0x0, 0x7, 0xf7, 0x5, 0xf3, 0x0,
    0x6, 0xf9, 0x0, 0x5f, 0x30, 0x4, 0xfa, 0x0,
    0x5, 0xf3, 0x3, 0xfc, 0x0, 0x0, 0x5f, 0x32,
    0xed, 0x10, 0x0, 0x5, 0xf4, 0xdf, 0x20, 0x0,
    0x0, 0x5f, 0xef, 0xf8, 0x0, 0x0, 0x5, 0xff,
    0x4a, 0xf4, 0x0, 0x0, 0x5f, 0x60, 0xd, 0xe1,
    0x0, 0x5, 0xf3, 0x0, 0x3f, 0xb0, 0x0, 0x5f,
    0x30, 0x0, 0x7f, 0x60, 0x5, 0xf3, 0x0, 0x0,
    0xbf, 0x30, 0x5f, 0x30, 0x0, 0x1, 0xed, 0x0,

    /* U+004C "L" */
    0x5f, 0x30, 0x0, 0x0, 0x5, 0xf3, 0x0, 0x0,
    0x0, 0x5f, 0x30, 0x0, 0x0, 0x5, 0xf3, 0x0,
    0x0, 0x0, 0x5f, 0x30, 0x0, 0x0, 0x5, 0xf3,
    0x0, 0x0, 0x0, 0x5f, 0x30, 0x0, 0x0, 0x5,
    0xf3, 0x0, 0x0, 0x0, 0x5f, 0x30, 0x0, 0x0,
    0x5, 0xf3, 0x0, 0x0, 0x0, 0x5f, 0x30, 0x0,
    0x0, 0x5, 0xfc, 0x88, 0x88, 0x85, 0x5f, 0xff,
    0xff, 0xff, 0x90,

    /* U+004D "M" */
    0x5f, 0xf0, 0x0, 0x0, 0x0, 0x3f, 0xf2, 0x5f,
    0xf5, 0x0, 0x0, 0x0, 0x9f, 0xf2, 0x5f, 0xfb,
    0x0, 0x0, 0x0, 0xef, 0xf2, 0x5f, 0xcf, 0x10,
    0x0, 0x4, 0xfc, 0xf2, 0x5f, 0x6f, 0x70, 0x0,
    0xa, 0xf7, 0xf2, 0x5f, 0x3d, 0xc0, 0x0, 0xf,
    0xa6, 0xf2, 0x5f, 0x38, 0xf2, 0x0, 0x6f, 0x46,
    0xf2, 0x5f, 0x32, 0xf8, 0x0, 0xbe, 0x6, 0xf2,
    0x5f, 0x30, 0xce, 0x1, 0xf8, 0x6, 0xf2, 0x5f,
    0x30, 0x6f, 0x47, 0xf3, 0x6, 0xf2, 0x5f, 0x30,
    0x1f, 0x9d, 0xd0, 0x6, 0xf2, 0x5f, 0x30, 0xa,
    0xff, 0x70, 0x6, 0xf2, 0x5f, 0x30, 0x5, 0xff,
    0x10, 0x6, 0xf2,

    /* U+004E "N" */
    0x5f, 0xf2, 0x0, 0x0, 0xd, 0xb5, 0xff, 0xa0,
    0x0, 0x0, 0xdb, 0x5f, 0x9f, 0x30, 0x0, 0xd,
    0xb5, 0xf3, 0xdc, 0x0, 0x0, 0xdb, 0x5f, 0x34,
    0xf5, 0x0, 0xd, 0xb5, 0xf3, 0xb, 0xd0, 0x0,
    0xdb, 0x5f, 0x30, 0x3f, 0x70, 0xd, 0xb5, 0xf3,
    0x0, 0xae, 0x10, 0xdb, 0x5f, 0x30, 0x1, 0xf8,
    0xd, 0xb5, 0xf3, 0x0, 0x8, 0xf2, 0xdb, 0x5f,
    0x30, 0x0, 0xe, 0xad, 0xb5, 0xf3, 0x0, 0x0,
    0x6f, 0xfb, 0x5f, 0x30, 0x0, 0x0, 0xdf, 0xb0,

    /* U+004F "O" */
    0x0, 0x2, 0x9d, 0xfe, 0xb4, 0x0, 0x0, 0x5,
    0xff, 0xb9, 0xae, 0xf9, 0x0, 0x2, 0xfd, 0x20,
    0x0, 0xa, 0xf6, 0x0, 0xaf, 0x20, 0x0, 0x0,
    0xd, 0xe0, 0xf, 0xb0, 0x0, 0x0, 0x0, 0x7f,
    0x31, 0xf8, 0x0, 0x0, 0x0, 0x3, 0xf6, 0x2f,
    0x70, 0x0, 0x0, 0x0, 0x2f, 0x71, 0xf8, 0x0,
    0x0, 0x0, 0x3, 0xf6, 0xf, 0xb0, 0x0, 0x0,
    0x0, 0x6f, 0x40, 0xaf, 0x20, 0x0, 0x0, 0xd,
    0xe0, 0x2, 0xfd, 0x20, 0x0, 0xa, 0xf7, 0x0,
    0x5, 0xff, 0xb9, 0xae, 0xfa, 0x0, 0x0, 0x2,
    0x9d, 0xfe, 0xb5, 0x0, 0x0,

    /* U+0050 "P" */
    0x5f, 0xff, 0xff, 0xd9, 0x10, 0x5f, 0xa8, 0x89,
    0xbf, 0xd1, 0x5f, 0x30, 0x0, 0x5, 0xf8, 0x5f,
    0x30, 0x0, 0x0, 0xfb, 0x5f, 0x30, 0x0, 0x0,
    0xfb, 0x5f, 0x30, 0x0, 0x6, 0xf7, 0x5f, 0xa8,
    0x89, 0xbf, 0xd0, 0x5f, 0xff, 0xff, 0xd8, 0x10,
    0x5f, 0x30, 0x0, 0x0, 0x0, 0x5f, 0x30, 0x0,
    0x0, 0x0, 0x5f, 0x30, 0x0, 0x0, 0x0, 0x5f,
    0x30, 0x0, 0x0, 0x0, 0x5f, 0x30, 0x0, 0x0,
    0x0,

    /* U+0051 "Q" */
    0x0, 0x2, 0x9d, 0xfe, 0xa3, 0x0, 0x0, 0x4,
    0xff, 0xb9, 0xaf, 0xf7, 0x0, 0x1, 0xfd, 0x20,
    0x0, 0x1c, 0xf4, 0x0, 0x9f, 0x30, 0x0, 0x0,
    0x1e, 0xc0, 0xe, 0xc0, 0x0, 0x0, 0x0, 0x9f,
    0x21, 0xf8, 0x0, 0x0, 0x0, 0x5, 0xf4, 0x2f,
    0x70, 0x0, 0x0, 0x0, 0x4f, 0x51, 0xf8, 0x0,
    0x0, 0x0, 0x5, 0xf4, 0xe, 0xc0, 0x0, 0x0,
    0x0, 0x8f, 0x10, 0x9f, 0x30, 0x9, 0xe1, 0xe,
    0xc0, 0x1, 0xfd, 0x20, 0xc, 0xcb, 0xf3, 0x0,
    0x4, 0xff, 0xb9, 0xbf, 0xf6, 0x0, 0x0, 0x2,
    0x9d, 0xfe, 0xbf, 0x50, 0x0, 0x0, 0x0, 0x0,
    0x0, 0x8f, 0x20,

    /* U+0052 "R" */
    0x5f, 0xff, 0xff, 0xea, 0x20, 0x5f, 0xa8, 0x89,
    0xbf, 0xf2, 0x5f, 0x30, 0x0, 0x3, 0xfa, 0x5f,
    0x30, 0x0, 0x0, 0xdd, 0x5f, 0x30, 0x0, 0x0,
    0xeb, 0x5f, 0x30, 0x0, 0x19, 0xe2, 0x5f, 0xff,
    0xff, 0xff, 0x50, 0x5f, 0xa8, 0x88, 0x9e, 0xf2,
    0x5f, 0x30, 0x0, 0x2, 0xf8, 0x5f, 0x30, 0x0,
    0x0, 0xea, 0x5f, 0x30, 0x0, 0x0, 0xcc, 0x5f,
    0x30, 0x0, 0x0, 0xbd, 0x5f, 0x30, 0x0, 0x0,
    0xaf,

    /* U+0053 "S" */
    0x0, 0x29, 0xef, 0xe9, 0x10, 0x0, 0x2e, 0xfb,
    0x9b, 0xfe, 0x20, 0x8, 0xf4, 0x0, 0x2, 0xfc,
    0x0, 0xbe, 0x0, 0x0, 0x8, 0xf2, 0x9, 0xf4,
    0x0, 0x0, 0x1, 0x0, 0x1d, 0xfb, 0x62, 0x0,
    0x0, 0x0, 0x6, 0xbf, 0xfd, 0x70, 0x0, 0x0,
    0x0, 0x4, 0xaf, 0xb0, 0x5, 0x30, 0x0, 0x0,
    0x6f, 0x50, 0xdd, 0x0, 0x0, 0x2, 0xf7, 0x7,
    0xf7, 0x0, 0x0, 0x7f, 0x50, 0xb, 0xfd, 0x99,
    0xcf, 0xc0, 0x0, 0x6, 0xcf, 0xfd, 0x70, 0x0,

    /* U+0054 "T" */
    0xcf, 0xff, 0xff, 0xff, 0xfb, 0x68, 0x88, 0xee,
    0x88, 0x86, 0x0, 0x0, 0xdb, 0x0, 0x0, 0x0,
    0x0, 0xdb, 0x0, 0x0, 0x0, 0x0, 0xdb, 0x0,
    0x0, 0x0, 0x0, 0xdb, 0x0, 0x0, 0x0, 0x0,
    0xdb, 0x0, 0x0, 0x0, 0x0, 0xdb, 0x0, 0x0,
    0x0, 0x0, 0xdb, 0x0, 0x0, 0x0, 0x0, 0xdb,
    0x0, 0x0, 0x0, 0x0, 0xdb, 0x0, 0x0, 0x0,
    0x0, 0xdb, 0x0, 0x0, 0x0, 0x0, 0xdb, 0x0,
    0x0,

    /* U+0055 "U" */
    0x9f, 0x0, 0x0, 0x0, 0x8f, 0x9, 0xf0, 0x0,
    0x0, 0x8, 0xf0, 0x9f, 0x0, 0x0, 0x0, 0x8f,
    0x9, 0xf0, 0x0, 0x0, 0x8, 0xf0, 0x9f, 0x0,
    0x0, 0x0, 0x8f, 0x9, 0xf0, 0x0, 0x0, 0x8,
    0xf0, 0x9f, 0x0, 0x0, 0x0, 0x8f, 0x9, 0xf0,
    0x0, 0x0, 0x8, 0xf0, 0x9f, 0x0, 0x0, 0x0,
    0x9f, 0x7, 0xf2, 0x0, 0x0, 0xc, 0xd0, 0x2f,
    0xb0, 0x0, 0x6, 0xf8, 0x0, 0x7f, 0xea, 0x9c,
    0xfd, 0x0, 0x0, 0x4b, 0xef, 0xd8, 0x0, 0x0,

    /* U+0056 "V" */
    0x7f, 0x30, 0x0, 0x0, 0x3, 0xf7, 0x1f, 0x90,
    0x0, 0x0, 0x9, 0xf1, 0xc, 0xe0, 0x0, 0x0,
    0xe, 0xb0, 0x6, 0xf4, 0x0, 0x0, 0x4f, 0x60,
    0x1, 0xfa, 0x0, 0x0, 0x9f, 0x10, 0x0, 0xaf,
    0x0, 0x0, 0xfa, 0x0, 0x0, 0x5f, 0x50, 0x5,
    0xf5, 0x0, 0x0, 0xf, 0xa0, 0xa, 0xf0, 0x0,
    0x0, 0x9, 0xf1, 0xf, 0x90, 0x0, 0x0, 0x4,
    0xf6, 0x5f, 0x40, 0x0, 0x0, 0x0, 0xeb, 0xbe,
    0x0, 0x0, 0x0, 0x0, 0x8f, 0xf8, 0x0, 0x0,
    0x0, 0x0, 0x3f, 0xf3, 0x0, 0x0,

    /* U+0057 "W" */
    0x2f, 0x70, 0x0, 0x8, 0xf7, 0x0, 0x0, 0x8f,
    0x30, 0xeb, 0x0, 0x0, 0xcf, 0xb0, 0x0, 0xc,
    0xe0, 0xa, 0xf0, 0x0, 0xf, 0xff, 0x0, 0x0,
    0xfa, 0x0, 0x6f, 0x30, 0x3, 0xfb, 0xf3, 0x0,
    0x3f, 0x60, 0x2, 0xf7, 0x0, 0x7f, 0x3f, 0x70,
    0x7, 0xf2, 0x0, 0xe, 0xb0, 0xb, 0xd0, 0xdb,
    0x0, 0xbe, 0x0, 0x0, 0xae, 0x0, 0xf9, 0x9,
    0xe0, 0xf, 0xa0, 0x0, 0x6, 0xf3, 0x3f, 0x50,
    0x5f, 0x33, 0xf6, 0x0, 0x0, 0x1f, 0x67, 0xf1,
    0x1, 0xf6, 0x7f, 0x10, 0x0, 0x0, 0xda, 0xad,
    0x0, 0xd, 0xaa, 0xd0, 0x0, 0x0, 0x9, 0xee,
    0x90, 0x0, 0x9e, 0xe9, 0x0, 0x0, 0x0, 0x5f,
    0xf5, 0x0, 0x5, 0xff, 0x50, 0x0, 0x0, 0x1,
    0xff, 0x10, 0x0, 0x1f, 0xf1, 0x0, 0x0,

    /* U+0058 "X" */
    0x5f, 0x70, 0x0, 0x0, 0x8f, 0x30, 0xbf, 0x20,
    0x0, 0x3f, 0x90, 0x2, 0xfb, 0x0, 0xc, 0xe0,
    0x0, 0x7, 0xf5, 0x7, 0xf4, 0x0, 0x0, 0xc,
    0xe3, 0xfa, 0x0, 0x0, 0x0, 0x2f, 0xfe, 0x10,
    0x0, 0x0, 0x0, 0xbf, 0x90, 0x0, 0x0, 0x0,
    0x3f, 0xff, 0x20, 0x0, 0x0, 0xd, 0xe2, 0xfb,
    0x0, 0x0, 0x7, 0xf4, 0x6, 0xf6, 0x0, 0x2,
    0xfa, 0x0, 0xc, 0xe1, 0x0, 0xce, 0x10, 0x0,
    0x2f, 0xa0, 0x6f, 0x60, 0x0, 0x0, 0x8f, 0x50,

    /* U+0059 "Y" */
    0xc, 0xe1, 0x0, 0x0, 0xa, 0xf2, 0x3, 0xf9,
    0x0, 0x0, 0x3f, 0x90, 0x0, 0xaf, 0x20, 0x0,
    0xce, 0x10, 0x0, 0x1f, 0xb0, 0x5, 0xf6, 0x0,
    0x0, 0x7, 0xf4, 0xe, 0xd0, 0x0, 0x0, 0x0,
    0xdd, 0x8f, 0x30, 0x0, 0x0, 0x0, 0x4f, 0xfa,
    0x0, 0x0, 0x0, 0x0, 0xb, 0xf1, 0x0, 0x0,
    0x0, 0x0, 0x9, 0xf0, 0x0, 0x0, 0x0, 0x0,
    0x9, 0xf0, 0x0, 0x0, 0x0, 0x0, 0x9, 0xf0,
    0x0, 0x0, 0x0, 0x0, 0x9, 0xf0, 0x0, 0x0,
    0x0, 0x0, 0x9, 0xf0, 0x0, 0x0,

    /* U+005A "Z" */
    0x4f, 0xff, 0xff, 0xff, 0xf1, 0x28, 0x88, 0x88,
    0x8e, 0xf1, 0x0, 0x0, 0x0, 0x5f, 0x70, 0x0,
    0x0, 0x1, 0xec, 0x0, 0x0, 0x0, 0xb, 0xf2,
    0x0, 0x0, 0x0, 0x6f, 0x60, 0x0, 0x0, 0x2,
    0xfb, 0x0, 0x0, 0x0, 0xc, 0xe1, 0x0, 0x0,
    0x0, 0x8f, 0x50, 0x0, 0x0, 0x3, 0xfa, 0x0,
    0x0, 0x0, 0xd, 0xd0, 0x0, 0x0, 0x0, 0x7f,
    0xb8, 0x88, 0x88, 0x82, 0x8f, 0xff, 0xff, 0xff,
    0xf4,

    /* U+005B "[" */
    0x0, 0x0, 0x5, 0xff, 0xff, 0x5f, 0x43, 0x35,
    0xf1, 0x0, 0x5f, 0x10, 0x5, 0xf1, 0x0, 0x5f,
    0x10, 0x5, 0xf1, 0x0, 0x5f, 0x10, 0x5, 0xf1,
    0x0, 0x5f, 0x10, 0x5, 0xf1, 0x0, 0x5f, 0x10,
    0x5, 0xf1, 0x0, 0x5f, 0x10, 0x5, 0xf2, 0x10,
    0x5f, 0xff, 0xf1, 0x33, 0x33,

    /* U+005C "\\" */
    0x1f, 0x50, 0x0, 0x0, 0xc, 0xa0, 0x0, 0x0,
    0x7, 0xf0, 0x0, 0x0, 0x1, 0xf5, 0x0, 0x0,
    0x0, 0xca, 0x0, 0x0, 0x0, 0x7f, 0x0, 0x0,
    0x0, 0x2f, 0x40, 0x0, 0x0, 0xc, 0xa0, 0x0,
    0x0, 0x7, 0xf0, 0x0, 0x0, 0x2, 0xf4, 0x0,
    0x0, 0x0, 0xca, 0x0, 0x0, 0x0, 0x7f, 0x0,
    0x0, 0x0, 0x2f, 0x40, 0x0, 0x0, 0xc, 0xa0,
    0x0, 0x0, 0x7, 0xf0, 0x0, 0x0, 0x2, 0xf4,

    /* U+005D "]" */
    0x0, 0x0, 0xb, 0xff, 0xf9, 0x23, 0x3e, 0x90,
    0x0, 0xd9, 0x0, 0xd, 0x90, 0x0, 0xd9, 0x0,
    0xd, 0x90, 0x0, 0xd9, 0x0, 0xd, 0x90, 0x0,
    0xd9, 0x0, 0xd, 0x90, 0x0, 0xd9, 0x0, 0xd,
    0x90, 0x0, 0xd9, 0x0, 0xd, 0x90, 0x11, 0xd9,
    0xbf, 0xff, 0x92, 0x33, 0x32,

    /* U+005E "^" */
    0x0, 0x18, 0x70, 0x0, 0x8, 0xff, 0x20, 0x0,
    0xec, 0xf9, 0x0, 0x4f, 0x4a, 0xe0, 0xb, 0xd0,
    0x3f, 0x51, 0xf6, 0x0, 0xcc,

    /* U+005F "_" */
    0x2, 0x22, 0x22, 0x22, 0x20, 0x3f, 0xff, 0xff,
    0xff, 0xf3, 0x15, 0x55, 0x55, 0x55, 0x51,

    /* U+0060 "`" */
    0x5, 0x30, 0x9, 0xe0, 0x0, 0xe6,

    /* U+0061 "a" */
    0x0, 0x4c, 0xff, 0xb2, 0x0, 0x5, 0xfd, 0x88,
    0xee, 0x10, 0xd, 0xd0, 0x0, 0x2f, 0x70, 0x1,
    0x10, 0x0, 0xe, 0xa0, 0x0, 0x16, 0xad, 0xff,
    0xb0, 0x6, 0xfd, 0x97, 0x4d, 0xb0, 0xf, 0x90,
    0x0, 0xe, 0xb0, 0x2f, 0x70, 0x0, 0x8f, 0xb0,
    0xe, 0xfa, 0x9d, 0xfd, 0xe5, 0x2, 0xbe, 0xfb,
    0x24, 0xe8,

    /* U+0062 "b" */
    0x9f, 0x0, 0x0, 0x0, 0x9, 0xf0, 0x0, 0x0,
    0x0, 0x9f, 0x0, 0x0, 0x0, 0x9, 0xf2, 0xbf,
    0xe9, 0x10, 0x9f, 0xec, 0x8a, 0xfd, 0x9, 0xfa,
    0x0, 0x6, 0xf7, 0x9f, 0x20, 0x0, 0xe, 0xc9,
    0xf0, 0x0, 0x0, 0xbe, 0x9f, 0x0, 0x0, 0xb,
    0xd9, 0xf2, 0x0, 0x0, 0xeb, 0x9f, 0xa0, 0x0,
    0x6f, 0x69, 0xee, 0xc8, 0xaf, 0xd0, 0x9d, 0x2b,
    0xfe, 0x91, 0x0,

    /* U+0063 "c" */
    0x0, 0x2a, 0xef, 0xc5, 0x0, 0x2, 0xef, 0x98,
    0xdf, 0x60, 0xb, 0xf2, 0x0, 0xc, 0xe0, 0xf,
    0x90, 0x0, 0x2, 0x61, 0x2f, 0x60, 0x0, 0x0,
    0x0, 0x2f, 0x60, 0x0, 0x0, 0x0, 0xf, 0x90,
    0x0, 0x4, 0x91, 0xb, 0xf2, 0x0, 0xc, 0xe0,
    0x2, 0xef, 0x98, 0xdf, 0x50, 0x0, 0x2a, 0xef,
    0xc4, 0x0,

    /* U+0064 "d" */
    0x0, 0x0, 0x0, 0x3, 0xf4, 0x0, 0x0, 0x0,
    0x3, 0xf4, 0x0, 0x0, 0x0, 0x3, 0xf4, 0x0,
    0x3c, 0xfe, 0x94, 0xf4, 0x3, 0xff, 0x98, 0xdd,
    0xf4, 0xb, 0xf2, 0x0, 0xd, 0xf4, 0xf, 0x90,
    0x0, 0x7, 0xf4, 0x2f, 0x70, 0x0, 0x4, 0xf4,
    0x2f, 0x60, 0x0, 0x4, 0xf4, 0xf, 0x90, 0x0,
    0x7, 0xf4, 0xb, 0xf2, 0x0, 0xd, 0xf4, 0x3,
    0xff, 0x98, 0xdd, 0xf4, 0x0, 0x3c, 0xfe, 0x92,
    0xf4,

    /* U+0065 "e" */
    0x0, 0x2a, 0xef, 0xc4, 0x0, 0x2, 0xee, 0x98,
    0xdf, 0x40, 0xb, 0xe1, 0x0, 0xd, 0xd0, 0xf,
    0x81, 0x11, 0x18, 0xf2, 0x2f, 0xff, 0xff, 0xff,
    0xf4, 0x2f, 0x94, 0x44, 0x44, 0x41, 0xf, 0x90,
    0x0, 0x1, 0x10, 0xb, 0xf2, 0x0, 0xc, 0xe0,
    0x2, 0xff, 0x98, 0xdf, 0x50, 0x0, 0x2a, 0xef,
    0xc4, 0x0,

    /* U+0066 "f" */
    0x0, 0xaf, 0xf6, 0x7, 0xf8, 0x62, 0x9, 0xe0,
    0x0, 0xef, 0xff, 0xf4, 0x5f, 0xf5, 0x51, 0xa,
    0xe0, 0x0, 0xa, 0xe0, 0x0, 0xa, 0xe0, 0x0,
    0xa, 0xe0, 0x0, 0xa, 0xe0, 0x0, 0xa, 0xe0,
    0x0, 0xa, 0xe0, 0x0, 0xa, 0xe0, 0x0,

    /* U+0067 "g" */
    0x0, 0x3b, 0xfe, 0x93, 0xf4, 0x3, 0xfe, 0x98,
    0xed, 0xf4, 0xc, 0xe1, 0x0, 0xd, 0xf4, 0x1f,
    0x80, 0x0, 0x6, 0xf4, 0x2f, 0x60, 0x0, 0x4,
    0xf4, 0x1f, 0x70, 0x0, 0x6, 0xf4, 0xd, 0xc0,
    0x0, 0xb, 0xf4, 0x6, 0xfa, 0x33, 0xaf, 0xf4,
    0x0, 0x7f, 0xff, 0xe6, 0xf4, 0x0, 0x1, 0x44,
    0x4, 0xf3, 0xc, 0xd0, 0x0, 0xa, 0xf1, 0x3,
    0xfd, 0x88, 0xcf, 0x80, 0x0, 0x3b, 0xff, 0xd6,
    0x0,

    /* U+0068 "h" */
    0x9f, 0x0, 0x0, 0x0, 0x9, 0xf0, 0x0, 0x0,
    0x0, 0x9f, 0x0, 0x0, 0x0, 0x9, 0xf2, 0xbe,
    0xe8, 0x0, 0x9f, 0xd9, 0x6a, 0xf7, 0x9, 0xf6,
    0x0, 0xc, 0xd0, 0x9f, 0x0, 0x0, 0x9f, 0x9,
    0xf0, 0x0, 0x8, 0xf0, 0x9f, 0x0, 0x0, 0x8f,
    0x9, 0xf0, 0x0, 0x8, 0xf0, 0x9f, 0x0, 0x0,
    0x8f, 0x9, 0xf0, 0x0, 0x8, 0xf0, 0x9f, 0x0,
    0x0, 0x8f, 0x0,

    /* U+0069 "i" */
    0x9f, 0x7c, 0x0, 0x9f, 0x9f, 0x9f, 0x9f, 0x9f,
    0x9f, 0x9f, 0x9f, 0x9f, 0x9f,

    /* U+006A "j" */
    0x0, 0x5f, 0x40, 0x4, 0xd3, 0x0, 0x0, 0x0,
    0x4, 0xf3, 0x0, 0x4f, 0x30, 0x4, 0xf3, 0x0,
    0x4f, 0x30, 0x4, 0xf3, 0x0, 0x4f, 0x30, 0x4,
    0xf3, 0x0, 0x4f, 0x30, 0x4, 0xf3, 0x0, 0x4f,
    0x30, 0x4, 0xf3, 0x5, 0xbf, 0x11, 0xfe, 0x70,

    /* U+006B "k" */
    0x9f, 0x0, 0x0, 0x0, 0x9, 0xf0, 0x0, 0x0,
    0x0, 0x9f, 0x0, 0x0, 0x0, 0x9, 0xf0, 0x0,
    0xc, 0xf3, 0x9f, 0x0, 0xb, 0xf4, 0x9, 0xf0,
    0x9, 0xf6, 0x0, 0x9f, 0x6, 0xf8, 0x0, 0x9,
    0xf4, 0xff, 0x10, 0x0, 0x9f, 0xfb, 0xfb, 0x0,
    0x9, 0xfb, 0x6, 0xf6, 0x0, 0x9f, 0x0, 0xb,
    0xf1, 0x9, 0xf0, 0x0, 0x1f, 0xb0, 0x9f, 0x0,
    0x0, 0x6f, 0x70,

    /* U+006C "l" */
    0x9f, 0x0, 0x9f, 0x0, 0x9f, 0x0, 0x9f, 0x0,
    0x9f, 0x0, 0x9f, 0x0, 0x9f, 0x0, 0x9f, 0x0,
    0x9f, 0x0, 0x9f, 0x0, 0x9f, 0x0, 0x8f, 0x62,
    0x2d, 0xf6,

    /* U+006D "m" */
    0x9d, 0x2c, 0xfd, 0x50, 0x7e, 0xfb, 0x20, 0x9e,
    0xc4, 0x3b, 0xf8, 0xa3, 0x4e, 0xd0, 0x9f, 0x40,
    0x1, 0xff, 0x0, 0x6, 0xf3, 0x9f, 0x0, 0x0,
    0xea, 0x0, 0x3, 0xf5, 0x9f, 0x0, 0x0, 0xea,
    0x0, 0x2, 0xf5, 0x9f, 0x0, 0x0, 0xea, 0x0,
    0x2, 0xf5, 0x9f, 0x0, 0x0, 0xea, 0x0, 0x2,
    0xf5, 0x9f, 0x0, 0x0, 0xea, 0x0, 0x2, 0xf5,
    0x9f, 0x0, 0x0, 0xea, 0x0, 0x2, 0xf5, 0x9f,
    0x0, 0x0, 0xea, 0x0, 0x2, 0xf5,

    /* U+006E "n" */
    0x9d, 0x2b, 0xfe, 0x80, 0x9, 0xed, 0x52, 0x7f,
    0x70, 0x9f, 0x40, 0x0, 0xbd, 0x9, 0xf0, 0x0,
    0x8, 0xf0, 0x9f, 0x0, 0x0, 0x8f, 0x9, 0xf0,
    0x0, 0x8, 0xf0, 0x9f, 0x0, 0x0, 0x8f, 0x9,
    0xf0, 0x0, 0x8, 0xf0, 0x9f, 0x0, 0x0, 0x8f,
    0x9, 0xf0, 0x0, 0x8, 0xf0,

    /* U+006F "o" */
    0x0, 0x2a, 0xef, 0xc4, 0x0, 0x2, 0xef, 0x98,
    0xdf, 0x60, 0xb, 0xf2, 0x0, 0xc, 0xf0, 0xf,
    0x90, 0x0, 0x4, 0xf5, 0x2f, 0x60, 0x0, 0x2,
    0xf7, 0x2f, 0x60, 0x0, 0x2, 0xf7, 0xf, 0x90,
    0x0, 0x4, 0xf5, 0xb, 0xf2, 0x0, 0xc, 0xf0,
    0x2, 0xef, 0x98, 0xdf, 0x60, 0x0, 0x2a, 0xef,
    0xc4, 0x0,

    /* U+0070 "p" */
    0x9d, 0x3b, 0xfe, 0x91, 0x9, 0xff, 0x84, 0x7f,
    0xd0, 0x9f, 0x80, 0x0, 0x4f, 0x69, 0xf1, 0x0,
    0x0, 0xdb, 0x9f, 0x0, 0x0, 0xb, 0xe9, 0xf0,
    0x0, 0x0, 0xbe, 0x9f, 0x20, 0x0, 0xe, 0xb9,
    0xfa, 0x0, 0x6, 0xf6, 0x9f, 0xec, 0x8a, 0xfd,
    0x9, 0xf2, 0xbf, 0xe9, 0x10, 0x9f, 0x0, 0x0,
    0x0, 0x9, 0xf0, 0x0, 0x0, 0x0, 0x9f, 0x0,
    0x0, 0x0, 0x0,

    /* U+0071 "q" */
    0x0, 0x3b, 0xfe, 0x93, 0xf4, 0x3, 0xfe, 0x98,
    0xdd, 0xf4, 0xb, 0xf2, 0x0, 0xe, 0xf4, 0xf,
    0x90, 0x0, 0x7, 0xf4, 0x2f, 0x60, 0x0, 0x4,
    0xf4, 0x2f, 0x60, 0x0, 0x4, 0xf4, 0xf, 0x90,
    0x0, 0x6, 0xf4, 0xb, 0xf2, 0x0, 0xe, 0xf4,
    0x3, 0xfe, 0x98, 0xdf, 0xf4, 0x0, 0x3b, 0xfe,
    0x94, 0xf4, 0x0, 0x0, 0x0, 0x3, 0xf4, 0x0,
    0x0, 0x0, 0x3, 0xf4, 0x0, 0x0, 0x0, 0x3,
    0xf4,

    /* U+0072 "r" */
    0x9c, 0x5e, 0xf0, 0x9e, 0xe8, 0x70, 0x9f, 0x40,
    0x0, 0x9f, 0x0, 0x0, 0x9f, 0x0, 0x0, 0x9f,
    0x0, 0x0, 0x9f, 0x0, 0x0, 0x9f, 0x0, 0x0,
    0x9f, 0x0, 0x0, 0x9f, 0x0, 0x0,

    /* U+0073 "s" */
    0x0, 0x6d, 0xfe, 0xa2, 0x0, 0x6f, 0xc8, 0x9f,
    0xe0, 0xb, 0xd0, 0x0, 0x4f, 0x60, 0xbe, 0x0,
    0x0, 0x21, 0x4, 0xfe, 0xa6, 0x20, 0x0, 0x1,
    0x7b, 0xff, 0xb0, 0x4, 0x20, 0x0, 0x6f, 0x60,
    0xfb, 0x0, 0x2, 0xf7, 0x8, 0xfc, 0x88, 0xdf,
    0x30, 0x6, 0xdf, 0xeb, 0x30,

    /* U+0074 "t" */
    0x0, 0x9e, 0x0, 0x0, 0x9, 0xe0, 0x0, 0xf,
    0xff, 0xff, 0x70, 0x5f, 0xf5, 0x52, 0x0, 0x9e,
    0x0, 0x0, 0x9, 0xe0, 0x0, 0x0, 0x9e, 0x0,
    0x0, 0x9, 0xe0, 0x0, 0x0, 0x9e, 0x0, 0x0,
    0x9, 0xe0, 0x0, 0x0, 0x7f, 0x85, 0x20, 0x0,
    0xaf, 0xf7,

    /* U+0075 "u" */
    0x9f, 0x0, 0x0, 0x9e, 0x9f, 0x0, 0x0, 0x9e,
    0x9f, 0x0, 0x0, 0x9e, 0x9f, 0x0, 0x0, 0x9e,
    0x9f, 0x0, 0x0, 0x9e, 0x9f, 0x0, 0x0, 0x9e,
    0x8f, 0x0, 0x0, 0xbe, 0x6f, 0x30, 0x1, 0xfe,
    0x1e, 0xe7, 0x7d, 0xce, 0x3, 0xcf, 0xd5, 0x8e,

    /* U+0076 "v" */
    0x7f, 0x30, 0x0, 0x9, 0xf1, 0x1f, 0x80, 0x0,
    0xe, 0xb0, 0xb, 0xd0, 0x0, 0x3f, 0x60, 0x6,
    0xf3, 0x0, 0x9f, 0x10, 0x1, 0xf8, 0x0, 0xea,
    0x0, 0x0, 0xbd, 0x3, 0xf5, 0x0, 0x0, 0x5f,
    0x38, 0xf0, 0x0, 0x0, 0xf, 0x8e, 0xa0, 0x0,
    0x0, 0xa, 0xff, 0x40, 0x0, 0x0, 0x4, 0xfe,
    0x0, 0x0,

    /* U+0077 "w" */
    0x7f, 0x20, 0x0, 0x9f, 0x40, 0x0, 0x7f, 0x32,
    0xf7, 0x0, 0xd, 0xf9, 0x0, 0xb, 0xe0, 0xd,
    0xb0, 0x2, 0xfe, 0xd0, 0x0, 0xf9, 0x0, 0x9f,
    0x0, 0x6f, 0x6f, 0x10, 0x4f, 0x40, 0x4, 0xf4,
    0xa, 0xc1, 0xf6, 0x8, 0xf0, 0x0, 0xf, 0x80,
    0xe7, 0xc, 0xa0, 0xcb, 0x0, 0x0, 0xbc, 0x3f,
    0x30, 0x7e, 0x1f, 0x60, 0x0, 0x6, 0xf8, 0xe0,
    0x3, 0xf8, 0xf2, 0x0, 0x0, 0x1f, 0xfa, 0x0,
    0xe, 0xfd, 0x0, 0x0, 0x0, 0xcf, 0x50, 0x0,
    0xaf, 0x80, 0x0,

    /* U+0078 "x" */
    0xa, 0xf2, 0x0, 0x9, 0xf3, 0x0, 0xec, 0x0,
    0x3f, 0x80, 0x0, 0x4f, 0x70, 0xdd, 0x0, 0x0,
    0x9, 0xfa, 0xf3, 0x0, 0x0, 0x0, 0xdf, 0x80,
    0x0, 0x0, 0x1, 0xff, 0xa0, 0x0, 0x0, 0xb,
    0xe6, 0xf5, 0x0, 0x0, 0x7f, 0x40, 0xbe, 0x10,
    0x2, 0xfa, 0x0, 0x1f, 0xa0, 0xc, 0xe1, 0x0,
    0x6, 0xf5,

    /* U+0079 "y" */
    0x7f, 0x30, 0x0, 0x8, 0xf1, 0x1f, 0x80, 0x0,
    0xd, 0xc0, 0xb, 0xe0, 0x0, 0x3f, 0x60, 0x6,
    0xf3, 0x0, 0x8f, 0x10, 0x1, 0xf8, 0x0, 0xdb,
    0x0, 0x0, 0xbe, 0x2, 0xf6, 0x0, 0x0, 0x5f,
    0x37, 0xf1, 0x0, 0x0, 0xf, 0x8c, 0xb0, 0x0,
    0x0, 0xa, 0xef, 0x60, 0x0, 0x0, 0x4, 0xff,
    0x10, 0x0, 0x0, 0x0, 0xcb, 0x0, 0x0, 0x0,
    0x58, 0xf5, 0x0, 0x0, 0x2, 0xff, 0x90, 0x0,
    0x0,

    /* U+007A "z" */
    0xe, 0xff, 0xff, 0xff, 0x90, 0x55, 0x55, 0x59,
    0xf8, 0x0, 0x0, 0x1, 0xec, 0x0, 0x0, 0x0,
    0xdd, 0x10, 0x0, 0x0, 0xbe, 0x20, 0x0, 0x0,
    0x9f, 0x40, 0x0, 0x0, 0x6f, 0x60, 0x0, 0x0,
    0x4f, 0x80, 0x0, 0x0, 0xf, 0xe5, 0x55, 0x55,
    0x41, 0xff, 0xff, 0xff, 0xfc,

    /* U+007B "{" */
    0x0, 0x0, 0x1, 0x10, 0x0, 0x3d, 0xfb, 0x0,
    0xe, 0xd7, 0x30, 0x3, 0xf3, 0x0, 0x0, 0x5f,
    0x10, 0x0, 0x5, 0xf1, 0x0, 0x0, 0x7f, 0x0,
    0x0, 0xb, 0xd0, 0x0, 0x1b, 0xf3, 0x0, 0x3,
    0xfa, 0x0, 0x0, 0x2, 0xea, 0x0, 0x0, 0x8,
    0xf0, 0x0, 0x0, 0x5f, 0x10, 0x0, 0x5, 0xf1,
    0x0, 0x0, 0x4f, 0x20, 0x0, 0x1, 0xfb, 0x41,
    0x0, 0x5, 0xff, 0xb0, 0x0, 0x1, 0x43,

    /* U+007C "|" */
    0x5f, 0x15, 0xf1, 0x5f, 0x15, 0xf1, 0x5f, 0x15,
    0xf1, 0x5f, 0x15, 0xf1, 0x5f, 0x15, 0xf1, 0x5f,
    0x15, 0xf1, 0x5f, 0x15, 0xf1, 0x5f, 0x15, 0xf1,

    /* U+007D "}" */
    0x11, 0x0, 0x0, 0xb, 0xfd, 0x30, 0x0, 0x37,
    0xde, 0x0, 0x0, 0x3, 0xf3, 0x0, 0x0, 0x1f,
    0x50, 0x0, 0x1, 0xf5, 0x0, 0x0, 0xf, 0x70,
    0x0, 0x0, 0xdb, 0x0, 0x0, 0x3, 0xfb, 0x10,
    0x0, 0xa, 0xf3, 0x0, 0xa, 0xe2, 0x0, 0x0,
    0xf8, 0x0, 0x0, 0x1f, 0x50, 0x0, 0x1, 0xf5,
    0x0, 0x0, 0x2f, 0x40, 0x1, 0x4b, 0xf1, 0x0,
    0xbf, 0xf5, 0x0, 0x3, 0x41, 0x0, 0x0,

    /* U+007E "~" */
    0x0, 0x0, 0x0, 0x1, 0x10, 0x4f, 0xf8, 0x0,
    0xc9, 0xe, 0xb6, 0xf8, 0x4f, 0x63, 0xf3, 0x5,
    0xff, 0xc0, 0x14, 0x0, 0x1, 0x30, 0x0,

    /* U+00A0 " " */

    /* U+00A1 "¡" */
    0x1f, 0xf1, 0xff, 0x1, 0x10, 0x22, 0x9, 0x80,
    0xa9, 0xb, 0xa0, 0xcb, 0xc, 0xb0, 0xcc, 0xc,
    0xc0, 0xcc, 0xc, 0xc0,

    /* U+00A2 "¢" */
    0x0, 0x0, 0x2f, 0x20, 0x0, 0x0, 0x3c, 0xff,
    0xf7, 0x0, 0x2, 0xfe, 0xbf, 0xbf, 0x70, 0xb,
    0xf1, 0x5e, 0xb, 0xf0, 0xf, 0x90, 0x7d, 0x2,
    0x61, 0x2f, 0x70, 0x8b, 0x0, 0x0, 0x2f, 0x60,
    0x9a, 0x0, 0x0, 0x1f, 0x80, 0xb8, 0x2, 0x61,
    0xc, 0xe0, 0xc7, 0xa, 0xf0, 0x4, 0xfc, 0xf9,
    0x8f, 0x80, 0x0, 0x5e, 0xff, 0xf9, 0x0, 0x0,
    0x1, 0xf7, 0x10, 0x0, 0x0, 0x2, 0xf1, 0x0,
    0x0,

    /* U+00A3 "£" */
    0x0, 0x2, 0xbf, 0xfc, 0x50, 0x0, 0x2, 0xff,
    0xa9, 0xef, 0x60, 0x0, 0x9f, 0x40, 0x1, 0xee,
    0x0, 0xc, 0xd0, 0x0, 0x2, 0x30, 0x0, 0xae,
    0x0, 0x0, 0x0, 0x0, 0x17, 0xf3, 0x11, 0x0,
    0x0, 0xf, 0xff, 0xff, 0xf7, 0x0, 0x0, 0x44,
    0xe9, 0x44, 0x20, 0x0, 0x0, 0xf, 0x60, 0x0,
    0x0, 0x0, 0x3, 0xf2, 0x0, 0x0, 0x0, 0x0,
    0xc9, 0x0, 0x0, 0x0, 0x0, 0xde, 0x99, 0x99,
    0x99, 0x90, 0xf, 0xff, 0xff, 0xff, 0xff, 0x0,

    /* U+00A4 "¤" */
    0x0, 0x0, 0x0, 0x0, 0x0, 0x0, 0xa5, 0x0,
    0x0, 0x2, 0xc1, 0xa, 0xf9, 0xcf, 0xd9, 0xed,
    0x10, 0xf, 0xfa, 0x58, 0xff, 0x10, 0x0, 0xdc,
    0x0, 0x7, 0xf1, 0x0, 0x1f, 0x20, 0x0, 0xe,
    0x50, 0x2, 0xf2, 0x0, 0x0, 0xe5, 0x0, 0xe,
    0x80, 0x0, 0x4f, 0x20, 0x0, 0xff, 0x61, 0x4f,
    0xf0, 0x0, 0x8f, 0xff, 0xff, 0xff, 0xb0, 0xd,
    0x80, 0x3, 0x10, 0x5e, 0x20, 0x0, 0x0, 0x0,
    0x0, 0x0,

    /* U+00A5 "¥" */
    0xc, 0xf1, 0x0, 0x0, 0xa, 0xf2, 0x3, 0xfa,
    0x0, 0x0, 0x4f, 0x80, 0x0, 0x9f, 0x30, 0x0,
    0xde, 0x0, 0x0, 0xe, 0xd0, 0x7, 0xf4, 0x0,
    0x0, 0x5, 0xf7, 0x1f, 0xb0, 0x0, 0x0, 0x2,
    0xdf, 0xdf, 0x32, 0x10, 0x0, 0x6f, 0xff, 0xff,
    0xff, 0xc0, 0x0, 0x25, 0x5f, 0xf5, 0x55, 0x30,
    0x0, 0x2, 0x2b, 0xf2, 0x22, 0x10, 0x0, 0x6f,
    0xff, 0xff, 0xff, 0xc0, 0x0, 0x25, 0x5e, 0xf5,
    0x55, 0x30, 0x0, 0x0, 0x9, 0xf0, 0x0, 0x0,
    0x0, 0x0, 0x9, 0xf0, 0x0, 0x0,

    /* U+00A6 "¦" */
    0x5f, 0x15, 0xf1, 0x5f, 0x15, 0xf1, 0x5f, 0x15,
    0xf1, 0x38, 0x0, 0x0, 0x0, 0x3, 0x80, 0x5f,
    0x15, 0xf1, 0x5f, 0x15, 0xf1, 0x5f, 0x15, 0xf1,

    /* U+00A7 "§" */
    0x0, 0x4c, 0xff, 0xc4, 0x0, 0x4f, 0xd8, 0x9e,
    0xf3, 0x9, 0xf1, 0x0, 0x1e, 0xb0, 0x7f, 0x60,
    0x0, 0x12, 0x0, 0x9f, 0xe9, 0x50, 0x0, 0x1d,
    0xea, 0xbf, 0xd2, 0x9, 0xe0, 0x0, 0x1d, 0xb0,
    0xad, 0x0, 0x0, 0x9d, 0x3, 0xfc, 0x75, 0x8f,
    0x70, 0x1, 0x8c, 0xff, 0xc0, 0x0, 0x0, 0x1,
    0x7f, 0x90, 0xeb, 0x0, 0x0, 0xcd, 0x8, 0xf9,
    0x32, 0x6f, 0xa0, 0x8, 0xff, 0xff, 0xb1, 0x0,
    0x1, 0x44, 0x20, 0x0,

    /* U+00A8 "¨" */
    0x2d, 0x41, 0xd6, 0x3f, 0x61, 0xf8,

    /* U+00A9 "©" */
    0x0, 0x0, 0x0, 0x1, 0x0, 0x0, 0x0, 0x0,
    0x0, 0x6, 0xcf, 0xff, 0xc5, 0x0, 0x0, 0x0,
    0x1c, 0xfb, 0x75, 0x7c, 0xfb, 0x0, 0x0, 0xc,
    0xf4, 0x0, 0x0, 0x6, 0xfa, 0x0, 0x6, 0xf4,
    0x7, 0xef, 0xe7, 0x6, 0xf5, 0x0, 0xdb, 0x7,
    0xf8, 0x48, 0xf6, 0xd, 0xb0, 0x1f, 0x60, 0xf8,
    0x0, 0x7, 0x70, 0x8f, 0x2, 0xf4, 0x1f, 0x40,
    0x0, 0x0, 0x6, 0xf1, 0x1f, 0x60, 0xf7, 0x0,
    0x6, 0x80, 0x7f, 0x0, 0xea, 0x9, 0xf5, 0x15,
    0xf8, 0xc, 0xc0, 0x8, 0xf3, 0xa, 0xff, 0xfa,
    0x4, 0xf6, 0x0, 0xd, 0xe2, 0x1, 0x31, 0x3,
    0xec, 0x0, 0x0, 0x2e, 0xf8, 0x42, 0x49, 0xfd,
    0x10, 0x0, 0x0, 0x19, 0xff, 0xff, 0xf8, 0x0,
    0x0, 0x0, 0x0, 0x0, 0x34, 0x30, 0x0, 0x0,
    0x0,

    /* U+00AA "ª" */
    0x4, 0xdf, 0xd4, 0x0, 0xeb, 0x3a, 0xf0, 0x0,
    0x37, 0xcf, 0x20, 0xce, 0x89, 0xf2, 0x3f, 0x60,
    0xbf, 0x30, 0xcf, 0xf8, 0xea, 0x0, 0x11, 0x0,
    0x10,

    /* U+00AB "«" */
    0x0, 0x5, 0x50, 0x16, 0x30, 0x6, 0xf6, 0xc,
    0xe2, 0x4, 0xf9, 0xa, 0xf3, 0x1, 0xfb, 0x6,
    0xf6, 0x0, 0x3f, 0x40, 0x9e, 0x0, 0x0, 0xce,
    0x23, 0xfb, 0x0, 0x1, 0xdd, 0x15, 0xf8, 0x0,
    0x2, 0xfb, 0x7, 0xf6,

    /* U+00AC "¬" */
    0x1, 0x11, 0x11, 0x11, 0x4, 0xff, 0xff, 0xff,
    0xf4, 0x14, 0x44, 0x44, 0x4f, 0x40, 0x0, 0x0,
    0x0, 0xf4, 0x0, 0x0, 0x0, 0xf, 0x40, 0x0,
    0x0, 0x0, 0x41,

    /* U+00AD "­" */
    0x4a, 0xaa, 0xa4, 0x6f, 0xff, 0xf6,

    /* U+00AE "®" */
    0x0, 0x5, 0xce, 0xd9, 0x10, 0x0, 0xa, 0xc5,
    0x23, 0x9e, 0x30, 0x7, 0xc3, 0xed, 0xb2, 0x5d,
    0x0, 0xe2, 0x3c, 0x6, 0xa0, 0xb5, 0x2e, 0x3,
    0xc0, 0x6a, 0x7, 0x92, 0xe0, 0x3f, 0xee, 0x30,
    0x79, 0xf, 0x13, 0xc1, 0xe1, 0xa, 0x60, 0x9a,
    0x3b, 0x6, 0x93, 0xe1, 0x0, 0xca, 0x20, 0x6,
    0xe4, 0x0, 0x0, 0x8e, 0xff, 0xc3, 0x0, 0x0,
    0x0, 0x1, 0x0, 0x0, 0x0,

    /* U+00AF "¯" */
    0x1, 0x11, 0x10, 0x3f, 0xff, 0xf9, 0x4, 0x44,
    0x42,

    /* U+00B0 "°" */
    0x0, 0x0, 0x0, 0x0, 0x3c, 0xfe, 0x50, 0xe,
    0xb4, 0x8f, 0x32, 0xf2, 0x0, 0xe7, 0xf, 0x92,
    0x6f, 0x40, 0x4f, 0xff, 0x90, 0x0, 0x13, 0x20,
    0x0,

    /* U+00B1 "±" */
    0x0, 0x0, 0x64, 0x0, 0x0, 0x0, 0xd, 0x80,
    0x0, 0x0, 0x0, 0xd8, 0x0, 0x0, 0x22, 0x2f,
    0xa2, 0x21, 0x4f, 0xff, 0xff, 0xff, 0xf1, 0x55,
    0x5f, 0xd5, 0x54, 0x0, 0x0, 0xd8, 0x0, 0x0,
    0x0, 0xd, 0x80, 0x0, 0x0, 0x0, 0xd8, 0x0,
    0x1, 0x55, 0x55, 0x55, 0x55, 0x4f, 0xff, 0xff,
    0xff, 0xf0,

    /* U+00B2 "²" */
    0x5, 0xdf, 0xa0, 0x1f, 0x42, 0xd7, 0x3, 0x0,
    0xc7, 0x0, 0x2b, 0xc0, 0x6, 0xe5, 0x0, 0x1f,
    0x40, 0x0, 0x3f, 0xff, 0xf8,

    /* U+00B3 "³" */
    0x9, 0xfe, 0x50, 0x5c, 0x25, 0xf0, 0x0, 0x3,
    0xf0, 0x0, 0x9f, 0x70, 0x0, 0x3, 0xe4, 0x69,
    0x12, 0xe5, 0x1c, 0xfe, 0x90,

    /* U+00B4 "´" */
    0x0, 0x53, 0x7, 0xf2, 0xe, 0x60,

    /* U+00B5 "µ" */
    0x6a, 0x0, 0x0, 0x6a, 0x9f, 0x0, 0x0, 0x9e,
    0x9f, 0x0, 0x0, 0x9e, 0x9f, 0x0, 0x0, 0x9e,
    0x9f, 0x0, 0x0, 0x9e, 0x9f, 0x0, 0x0, 0x9e,
    0xef, 0x0, 0x0, 0xbe, 0xff, 0x30, 0x1, 0xfe,
    0xaf, 0xe7, 0x7d, 0xde, 0x9f, 0xcf, 0xd5, 0x8e,
    0x9f, 0x0, 0x0, 0x0, 0x9f, 0x0, 0x0, 0x0,
    0x9f, 0x0, 0x0, 0x0,

    /* U+00B6 "¶" */
    0x0, 0x5c, 0xff, 0xff, 0xf1, 0x7, 0xff, 0xff,
    0xaa, 0xf1, 0xf, 0xff, 0xff, 0x66, 0xf1, 0x2f,
    0xff, 0xff, 0x66, 0xf1, 0x1f, 0xff, 0xff, 0x66,
    0xf1, 0xb, 0xff, 0xff, 0x66, 0xf1, 0x1, 0xcf,
    0xff, 0x66, 0xf1, 0x0, 0x2, 0x5f, 0x66, 0xf1,
    0x0, 0x0, 0xf, 0x66, 0xf1, 0x0, 0x0, 0xf,
    0x66, 0xf1, 0x0, 0x0, 0xf, 0x66, 0xf1, 0x0,
    0x0, 0xf, 0x66, 0xf1, 0x0, 0x0, 0xf, 0x66,
    0xf1,

    /* U+00B7 "·" */
    0x1, 0x13, 0xfd, 0x3f, 0xd0,

    /* U+00B8 "¸" */
    0x0, 0xa8, 0x0, 0x8, 0xd8, 0x7, 0x5, 0xd0,
    0xaf, 0xf6, 0x0, 0x0, 0x0,

    /* U+00B9 "¹" */
    0x0, 0xc4, 0x9e, 0xf4, 0x0, 0xe4, 0x0, 0xe4,
    0x0, 0xe4, 0x0, 0xe4, 0x0, 0xe4,

    /* U+00BA "º" */
    0x2, 0xbf, 0xe7, 0x0, 0xdc, 0x36, 0xf6, 0x3f,
    0x50, 0xc, 0xb3, 0xf4, 0x0, 0xbc, 0xe, 0xb0,
    0x3f, 0x70, 0x4e, 0xff, 0xa0, 0x0, 0x1, 0x0,
    0x0,

    /* U+00BB "»" */
    0x5, 0x40, 0x36, 0x20, 0x0, 0x9f, 0x41, 0xdd,
    0x10, 0x0, 0xbf, 0x22, 0xeb, 0x0, 0x0, 0xde,
    0x4, 0xf8, 0x0, 0x7, 0xf1, 0xc, 0xb0, 0x3,
    0xfa, 0x8, 0xf4, 0x2, 0xec, 0x6, 0xf7, 0x0,
    0xde, 0x14, 0xf9, 0x0,

    /* U+00BC "¼" */
    0x0, 0x10, 0x0, 0x0, 0x0, 0x11, 0x0, 0x1d,
    0x40, 0x0, 0x0, 0x2f, 0x40, 0x9f, 0xf4, 0x0,
    0x0, 0xc, 0x90, 0x0, 0xe, 0x40, 0x0, 0x7,
    0xe1, 0x0, 0x0, 0xe4, 0x0, 0x2, 0xf4, 0x0,
    0x0, 0xe, 0x40, 0x0, 0xc9, 0x0, 0x0, 0x0,
    0xe4, 0x0, 0x8e, 0x0, 0x1, 0x0, 0xe, 0x40,
    0x3f, 0x40, 0xb, 0xd0, 0x0, 0x0, 0xd, 0x90,
    0x8, 0xed, 0x0, 0x0, 0x8, 0xe0, 0x4, 0xd6,
    0xd0, 0x0, 0x3, 0xf4, 0x1, 0xe2, 0x5d, 0x0,
    0x0, 0xd9, 0x0, 0x9f, 0xff, 0xfc, 0x0, 0x8e,
    0x0, 0x1, 0x22, 0x6d, 0x10, 0x3f, 0x40, 0x0,
    0x0, 0x5, 0xd0,

    /* U+00BD "½" */
    0x0, 0xa4, 0x0, 0x0, 0x1, 0xe6, 0x0, 0x2,
    0xf4, 0x0, 0x0, 0xb, 0xb0, 0x0, 0x9f, 0xf4,
    0x0, 0x0, 0x6f, 0x10, 0x0, 0x0, 0xe4, 0x0,
    0x1, 0xf6, 0x0, 0x0, 0x0, 0xe4, 0x0, 0xb,
    0xb0, 0x0, 0x0, 0x0, 0xe4, 0x0, 0x6e, 0x10,
    0x0, 0x0, 0x0, 0xe4, 0x2, 0xf5, 0x3, 0xce,
    0xa1, 0x0, 0x20, 0xb, 0xb0, 0xe, 0x73, 0xc8,
    0x0, 0x0, 0x6e, 0x10, 0x3, 0x0, 0x99, 0x0,
    0x2, 0xf5, 0x0, 0x0, 0x19, 0xe2, 0x0, 0xc,
    0xa0, 0x0, 0x3, 0xe8, 0x0, 0x0, 0x7e, 0x10,
    0x0, 0xd, 0x60, 0x0, 0x2, 0xf5, 0x0, 0x0,
    0x1f, 0xff, 0xf9, 0x0, 0x10, 0x0, 0x0, 0x2,
    0x22, 0x21,

    /* U+00BE "¾" */
    0x8, 0xed, 0x50, 0x0, 0x0, 0x2e, 0x40, 0x5d,
    0x36, 0xf0, 0x0, 0x0, 0xca, 0x0, 0x0, 0x4,
    0xf0, 0x0, 0x7, 0xe1, 0x0, 0x0, 0x9f, 0x70,
    0x0, 0x2f, 0x40, 0x0, 0x0, 0x14, 0xe4, 0x0,
    0xc9, 0x0, 0x0, 0x68, 0x0, 0xd5, 0x8, 0xe0,
    0x0, 0x10, 0x2e, 0xff, 0xa0, 0x3f, 0x40, 0xd,
    0xc0, 0x0, 0x10, 0x0, 0xd9, 0x0, 0xae, 0xc0,
    0x0, 0x0, 0x8, 0xd0, 0x6, 0xc7, 0xc0, 0x0,
    0x0, 0x3f, 0x30, 0x3e, 0x17, 0xc0, 0x0, 0x0,
    0xd8, 0x0, 0xaf, 0xff, 0xfa, 0x0, 0x9, 0xd0,
    0x0, 0x12, 0x28, 0xc1, 0x0, 0x4f, 0x20, 0x0,
    0x0, 0x7, 0xc0,

    /* U+00BF "¿" */
    0x0, 0x0, 0x11, 0x0, 0x0, 0x0, 0x0, 0xef,
    0x20, 0x0, 0x0, 0x0, 0xef, 0x20, 0x0, 0x0,
    0x0, 0x0, 0x0, 0x0, 0x0, 0x0, 0x45, 0x0,
    0x0, 0x0, 0x0, 0xcc, 0x0, 0x0, 0x0, 0x5,
    0xf7, 0x0, 0x0, 0x0, 0x8f, 0xa0, 0x0, 0x0,
    0x9, 0xf6, 0x0, 0x0, 0x0, 0xf, 0x90, 0x0,
    0x0, 0x20, 0x2f, 0x70, 0x0, 0x8, 0xf2, 0xf,
    0xc0, 0x0, 0x1e, 0xc0, 0x7, 0xfd, 0x9a, 0xff,
    0x30, 0x0, 0x6d, 0xfe, 0xa2, 0x0,

    /* U+00C0 "À" */
    0x0, 0x0, 0xcc, 0x0, 0x0, 0x0, 0x0, 0x0,
    0x2f, 0x40, 0x0, 0x0, 0x0, 0x0, 0x3, 0x30,
    0x0, 0x0, 0x0, 0x0, 0x0, 0x0, 0x0, 0x0,
    0x0, 0x0, 0x3f, 0xf3, 0x0, 0x0, 0x0, 0x0,
    0x9e, 0xe9, 0x0, 0x0, 0x0, 0x0, 0xe9, 0x9e,
    0x0, 0x0, 0x0, 0x4, 0xf3, 0x3f, 0x40, 0x0,
    0x0, 0xa, 0xe0, 0xd, 0xa0, 0x0, 0x0, 0xf,
    0x80, 0x8, 0xf0, 0x0, 0x0, 0x5f, 0x30, 0x2,
    0xf5, 0x0, 0x0, 0xbf, 0x88, 0x88, 0xfb, 0x0,
    0x1, 0xff, 0xff, 0xff, 0xff, 0x10, 0x6, 0xf2,
    0x0, 0x0, 0x2f, 0x60, 0xc, 0xd0, 0x0, 0x0,
    0xd, 0xc0, 0x1f, 0x80, 0x0, 0x0, 0x8, 0xf2,
    0x7f, 0x30, 0x0, 0x0, 0x3, 0xf7,

    /* U+00C1 "Á" */
    0x0, 0x0, 0x0, 0xbd, 0x0, 0x0, 0x0, 0x0,
    0x3, 0xf3, 0x0, 0x0, 0x0, 0x0, 0x3, 0x40,
    0x0, 0x0, 0x0, 0x0, 0x0, 0x0, 0x0, 0x0,
    0x0, 0x0, 0x3f, 0xf3, 0x0, 0x0, 0x0, 0x0,
    0x9e, 0xe9, 0x0, 0x0, 0x0, 0x0, 0xe9, 0x9e,
    0x0, 0x0, 0x0, 0x4, 0xf3, 0x3f, 0x40, 0x0,
    0x0, 0xa, 0xe0, 0xd, 0xa0, 0x0, 0x0, 0xf,
    0x80, 0x8, 0xf0, 0x0, 0x0, 0x5f, 0x30, 0x2,
    0xf5, 0x0, 0x0, 0xbf, 0x88, 0x88, 0xfb, 0x0,
    0x1, 0xff, 0xff, 0xff, 0xff, 0x10, 0x6, 0xf2,
    0x0, 0x0, 0x2f, 0x60, 0xc, 0xd0, 0x0, 0x0,
    0xd, 0xc0, 0x1f, 0x80, 0x0, 0x0, 0x8, 0xf2,
    0x7f, 0x30, 0x0, 0x0, 0x3, 0xf7,

    /* U+00C2 "Â" */
    0x0, 0x0, 0x2f, 0xf3, 0x0, 0x0, 0x0, 0x0,
    0xcb, 0xad, 0x0, 0x0, 0x0, 0x2, 0x70, 0x7,
    0x20, 0x0, 0x0, 0x0, 0x0, 0x0, 0x0, 0x0,
    0x0, 0x0, 0x3f, 0xf3, 0x0, 0x0, 0x0, 0x0,
    0x9e, 0xe9, 0x0, 0x0, 0x0, 0x0, 0xe9, 0x9e,
    0x0, 0x0, 0x0, 0x4, 0xf3, 0x3f, 0x40, 0x0,
    0x0, 0xa, 0xe0, 0xd, 0xa0, 0x0, 0x0, 0xf,
    0x80, 0x8, 0xf0, 0x0, 0x0, 0x5f, 0x30, 0x2,
    0xf5, 0x0, 0x0, 0xbf, 0x88, 0x88, 0xfb, 0x0,
    0x1, 0xff, 0xff, 0xff, 0xff, 0x10, 0x6, 0xf2,
    0x0, 0x0, 0x2f, 0x60, 0xc, 0xd0, 0x0, 0x0,
    0xd, 0xc0, 0x1f, 0x80, 0x0, 0x0, 0x8, 0xf2,
    0x7f, 0x30, 0x0, 0x0, 0x3, 0xf7,

    /* U+00C3 "Ã" */
    0x0, 0x3, 0xdc, 0x33, 0xb0, 0x0, 0x0, 0xb,
    0x56, 0xef, 0x40, 0x0, 0x0, 0x1, 0x0, 0x0,
    0x0, 0x0, 0x0, 0x0, 0x0, 0x0, 0x0, 0x0,
    0x0, 0x0, 0x3f, 0xf3, 0x0, 0x0, 0x0, 0x0,
    0x9e, 0xe9, 0x0, 0x0, 0x0, 0x0, 0xe9, 0x9e,
    0x0, 0x0, 0x0, 0x4, 0xf3, 0x3f, 0x40, 0x0,
    0x0, 0xa, 0xe0, 0xd, 0xa0, 0x0, 0x0, 0xf,
    0x80, 0x8, 0xf0, 0x0, 0x0, 0x5f, 0x30, 0x2,
    0xf5, 0x0, 0x0, 0xbf, 0x88, 0x88, 0xfb, 0x0,
    0x1, 0xff, 0xff, 0xff, 0xff, 0x10, 0x6, 0xf2,
    0x0, 0x0, 0x2f, 0x60, 0xc, 0xd0, 0x0, 0x0,
    0xd, 0xc0, 0x1f, 0x80, 0x0, 0x0, 0x8, 0xf2,
    0x7f, 0x30, 0x0, 0x0, 0x3, 0xf7,

    /* U+00C4 "Ä" */
    0x0, 0x4, 0xd3, 0x2d, 0x40, 0x0, 0x0, 0x5,
    0xf3, 0x3f, 0x60, 0x0, 0x0, 0x0, 0x0, 0x0,
    0x0, 0x0, 0x0, 0x0, 0x0, 0x0, 0x0, 0x0,
    0x0, 0x0, 0x3f, 0xf3, 0x0, 0x0, 0x0, 0x0,
    0x9e, 0xe9, 0x0, 0x0, 0x0, 0x0, 0xe9, 0x9e,
    0x0, 0x0, 0x0, 0x4, 0xf3, 0x3f, 0x40, 0x0,
    0x0, 0xa, 0xe0, 0xd, 0xa0, 0x0, 0x0, 0xf,
    0x80, 0x8, 0xf0, 0x0, 0x0, 0x5f, 0x30, 0x2,
    0xf5, 0x0, 0x0, 0xbf, 0x88, 0x88, 0xfb, 0x0,
    0x1, 0xff, 0xff, 0xff, 0xff, 0x10, 0x6, 0xf2,
    0x0, 0x0, 0x2f, 0x60, 0xc, 0xd0, 0x0, 0x0,
    0xd, 0xc0, 0x1f, 0x80, 0x0, 0x0, 0x8, 0xf2,
    0x7f, 0x30, 0x0, 0x0, 0x3, 0xf7,

    /* U+00C5 "Å" */
    0x0, 0x0, 0x4d, 0xd2, 0x0, 0x0, 0x0, 0x0,
    0xa5, 0x78, 0x0, 0x0, 0x0, 0x0, 0x4d, 0xd2,
    0x0, 0x0, 0x0, 0x0, 0x0, 0x0, 0x0, 0x0,
    0x0, 0x0, 0x3f, 0xf3, 0x0, 0x0, 0x0, 0x0,
    0x9e, 0xe8, 0x0, 0x0, 0x0, 0x0, 0xe9, 0x9e,
    0x0, 0x0, 0x0, 0x4, 0xf3, 0x3f, 0x40, 0x0,
    0x0, 0xa, 0xd0, 0xe, 0xa0, 0x0, 0x0, 0xf,
    0x80, 0x8, 0xf0, 0x0, 0x0, 0x5f, 0x20, 0x2,
    0xf5, 0x0, 0x0, 0xbf, 0x88, 0x88, 0xfb, 0x0,
    0x1, 0xff, 0xff, 0xff, 0xff, 0x10, 0x6, 0xf2,
    0x0, 0x0, 0x2f, 0x60, 0xc, 0xd0, 0x0, 0x0,
    0xd, 0xc0, 0x2f, 0x80, 0x0, 0x0, 0x8, 0xf1,
    0x7f, 0x30, 0x0, 0x0, 0x3, 0xf7,

    /* U+00C6 "Æ" */
    0x0, 0x0, 0x0, 0x1f, 0xff, 0xff, 0xff, 0xff,
    0x50, 0x0, 0x0, 0x9, 0xe9, 0xfb, 0x88, 0x88,
    0x82, 0x0, 0x0, 0x2, 0xf7, 0x2f, 0x60, 0x0,
    0x0, 0x0, 0x0, 0x0, 0xae, 0x2, 0xf6, 0x0,
    0x0, 0x0, 0x0, 0x0, 0x2f, 0x70, 0x2f, 0x60,
    0x0, 0x0, 0x0, 0x0, 0xb, 0xe0, 0x2, 0xfb,
    0x88, 0x88, 0x80, 0x0, 0x3, 0xf6, 0x0, 0x2f,
    0xff, 0xff, 0xff, 0x10, 0x0, 0xbf, 0x98, 0x89,
    0xf6, 0x0, 0x0, 0x0, 0x0, 0x4f, 0xff, 0xff,
    0xff, 0x60, 0x0, 0x0, 0x0, 0xc, 0xd0, 0x0,
    0x2, 0xf6, 0x0, 0x0, 0x0, 0x5, 0xf6, 0x0,
    0x0, 0x2f, 0x60, 0x0, 0x0, 0x0, 0xdd, 0x0,
    0x0, 0x2, 0xfb, 0x88, 0x88, 0x84, 0x6f, 0x50,
    0x0, 0x0, 0x2f, 0xff, 0xff, 0xff, 0x70,

    /* U+00C7 "Ç" */
    0x0, 0x2, 0x9d, 0xfe, 0xb4, 0x0, 0x0, 0x5f,
    0xfb, 0x9a, 0xff, 0x60, 0x2, 0xfd, 0x20, 0x0,
    0x1c, 0xf2, 0x9, 0xf3, 0x0, 0x0, 0x2, 0xf8,
    0xe, 0xb0, 0x0, 0x0, 0x0, 0x44, 0x1f, 0x80,
    0x0, 0x0, 0x0, 0x0, 0x2f, 0x70, 0x0, 0x0,
    0x0, 0x0, 0x1f, 0x80, 0x0, 0x0, 0x0, 0x0,
    0xf, 0xb0, 0x0, 0x0, 0x0, 0x78, 0xa, 0xf2,
    0x0, 0x0, 0x1, 0xfa, 0x2, 0xfd, 0x20, 0x0,
    0x1b, 0xf2, 0x0, 0x5f, 0xfb, 0x9a, 0xef, 0x60,
    0x0, 0x2, 0x9e, 0xff, 0xa3, 0x0, 0x0, 0x0,
    0x5, 0xe6, 0x0, 0x0, 0x0, 0x0, 0x0, 0x4e,
    0x40, 0x0, 0x0, 0x0, 0x56, 0xc, 0x50, 0x0,
    0x0, 0x0, 0x2e, 0xfc, 0x0, 0x0, 0x0, 0x0,
    0x0, 0x0, 0x0, 0x0,

    /* U+00C8 "È" */
    0x0, 0x2f, 0x70, 0x0, 0x0, 0x0, 0x7e, 0x0,
    0x0, 0x0, 0x0, 0x51, 0x0, 0x0, 0x0, 0x0,
    0x0, 0x0, 0x5f, 0xff, 0xff, 0xff, 0xb5, 0xfa,
    0x88, 0x88, 0x86, 0x5f, 0x30, 0x0, 0x0, 0x5,
    0xf3, 0x0, 0x0, 0x0, 0x5f, 0x30, 0x0, 0x0,
    0x5, 0xf9, 0x88, 0x88, 0x83, 0x5f, 0xff, 0xff,
    0xff, 0x75, 0xf3, 0x0, 0x0, 0x0, 0x5f, 0x30,
    0x0, 0x0, 0x5, 0xf3, 0x0, 0x0, 0x0, 0x5f,
    0x30, 0x0, 0x0, 0x5, 0xfa, 0x88, 0x88, 0x87,
    0x5f, 0xff, 0xff, 0xff, 0xd0,

    /* U+00C9 "É" */
    0x0, 0x0, 0x1f, 0x90, 0x0, 0x0, 0x8, 0xd0,
    0x0, 0x0, 0x0, 0x42, 0x0, 0x0, 0x0, 0x0,
    0x0, 0x0, 0x5f, 0xff, 0xff, 0xff, 0xb5, 0xfa,
    0x88, 0x88, 0x86, 0x5f, 0x30, 0x0, 0x0, 0x5,
    0xf3, 0x0, 0x0, 0x0, 0x5f, 0x30, 0x0, 0x0,
    0x5, 0xf9, 0x88, 0x88, 0x83, 0x5f, 0xff, 0xff,
    0xff, 0x75, 0xf3, 0x0, 0x0, 0x0, 0x5f, 0x30,
    0x0, 0x0, 0x5, 0xf3, 0x0, 0x0, 0x0, 0x5f,
    0x30, 0x0, 0x0, 0x5, 0xfa, 0x88, 0x88, 0x87,
    0x5f, 0xff, 0xff, 0xff, 0xd0,

    /* U+00CA "Ê" */
    0x0, 0x7, 0xfd, 0x0, 0x0, 0x2, 0xf8, 0xe8,
    0x0, 0x0, 0x45, 0x2, 0x70, 0x0, 0x0, 0x0,
    0x0, 0x0, 0x5f, 0xff, 0xff, 0xff, 0xb5, 0xfa,
    0x88, 0x88, 0x86, 0x5f, 0x30, 0x0, 0x0, 0x5,
    0xf3, 0x0, 0x0, 0x0, 0x5f, 0x30, 0x0, 0x0,
    0x5, 0xf9, 0x88, 0x88, 0x83, 0x5f, 0xff, 0xff,
    0xff, 0x75, 0xf3, 0x0, 0x0, 0x0, 0x5f, 0x30,
    0x0, 0x0, 0x5, 0xf3, 0x0, 0x0, 0x0, 0x5f,
    0x30, 0x0, 0x0, 0x5, 0xfa, 0x88, 0x88, 0x87,
    0x5f, 0xff, 0xff, 0xff, 0xd0,

    /* U+00CB "Ë" */
    0x0, 0x8c, 0x6, 0xd0, 0x0, 0xa, 0xf0, 0x8f,
    0x10, 0x0, 0x0, 0x0, 0x0, 0x0, 0x0, 0x0,
    0x0, 0x0, 0x5f, 0xff, 0xff, 0xff, 0xb5, 0xfa,
    0x88, 0x88, 0x86, 0x5f, 0x30, 0x0, 0x0, 0x5,
    0xf3, 0x0, 0x0, 0x0, 0x5f, 0x30, 0x0, 0x0,
    0x5, 0xf9, 0x88, 0x88, 0x83, 0x5f, 0xff, 0xff,
    0xff, 0x75, 0xf3, 0x0, 0x0, 0x0, 0x5f, 0x30,
    0x0, 0x0, 0x5, 0xf3, 0x0, 0x0, 0x0, 0x5f,
    0x30, 0x0, 0x0, 0x5, 0xfa, 0x88, 0x88, 0x87,
    0x5f, 0xff, 0xff, 0xff, 0xd0,

    /* U+00CC "Ì" */
    0x6f, 0x30, 0xb, 0xb0, 0x1, 0x50, 0x0, 0x0,
    0x5, 0xf3, 0x5, 0xf3, 0x5, 0xf3, 0x5, 0xf3,
    0x5, 0xf3, 0x5, 0xf3, 0x5, 0xf3, 0x5, 0xf3,
    0x5, 0xf3, 0x5, 0xf3, 0x5, 0xf3, 0x5, 0xf3,
    0x5, 0xf3,

    /* U+00CD "Í" */
    0x4, 0xf4, 0xc, 0x90, 0x5, 0x0, 0x0, 0x0,
    0x5f, 0x30, 0x5f, 0x30, 0x5f, 0x30, 0x5f, 0x30,
    0x5f, 0x30, 0x5f, 0x30, 0x5f, 0x30, 0x5f, 0x30,
    0x5f, 0x30, 0x5f, 0x30, 0x5f, 0x30, 0x5f, 0x30,
    0x5f, 0x30,

    /* U+00CE "Î" */
    0x0, 0xbf, 0x90, 0x6, 0xf7, 0xf4, 0x6, 0x30,
    0x45, 0x0, 0x0, 0x0, 0x0, 0x5f, 0x30, 0x0,
    0x5f, 0x30, 0x0, 0x5f, 0x30, 0x0, 0x5f, 0x30,
    0x0, 0x5f, 0x30, 0x0, 0x5f, 0x30, 0x0, 0x5f,
    0x30, 0x0, 0x5f, 0x30, 0x0, 0x5f, 0x30, 0x0,
    0x5f, 0x30, 0x0, 0x5f, 0x30, 0x0, 0x5f, 0x30,
    0x0, 0x5f, 0x30,

    /* U+00CF "Ï" */
    0xb8, 0xa, 0xae, 0xa0, 0xcc, 0x0, 0x0, 0x0,
    0x0, 0x0, 0x5, 0xf3, 0x0, 0x5f, 0x30, 0x5,
    0xf3, 0x0, 0x5f, 0x30, 0x5, 0xf3, 0x0, 0x5f,
    0x30, 0x5, 0xf3, 0x0, 0x5f, 0x30, 0x5, 0xf3,
    0x0, 0x5f, 0x30, 0x5, 0xf3, 0x0, 0x5f, 0x30,
    0x5, 0xf3, 0x0,

    /* U+00D0 "Ð" */
    0x5, 0xff, 0xff, 0xec, 0x60, 0x0, 0x5, 0xfa,
    0x88, 0x9d, 0xfc, 0x10, 0x5, 0xf3, 0x0, 0x0,
    0x6f, 0xb0, 0x5, 0xf3, 0x0, 0x0, 0x8, 0xf3,
    0x5, 0xf3, 0x0, 0x0, 0x1, 0xf8, 0x17, 0xf5,
    0x22, 0x10, 0x0, 0xea, 0xaf, 0xff, 0xff, 0xd0,
    0x0, 0xeb, 0x3a, 0xf8, 0x55, 0x40, 0x0, 0xea,
    0x5, 0xf3, 0x0, 0x0, 0x1, 0xf8, 0x5, 0xf3,
    0x0, 0x0, 0x8, 0xf4, 0x5, 0xf3, 0x0, 0x0,
    0x6f, 0xc0, 0x5, 0xfa, 0x88, 0x9d, 0xfd, 0x10,
    0x5, 0xff, 0xff, 0xfc, 0x70, 0x0,

    /* U+00D1 "Ñ" */
    0x0, 0x4, 0xdb, 0x24, 0xa0, 0x0, 0x0, 0xc5,
    0x6f, 0xf4, 0x0, 0x0, 0x1, 0x0, 0x0, 0x0,
    0x0, 0x0, 0x0, 0x0, 0x0, 0x0, 0x5f, 0xf2,
    0x0, 0x0, 0xd, 0xb5, 0xff, 0xa0, 0x0, 0x0,
    0xdb, 0x5f, 0x9f, 0x30, 0x0, 0xd, 0xb5, 0xf3,
    0xdc, 0x0, 0x0, 0xdb, 0x5f, 0x34, 0xf5, 0x0,
    0xd, 0xb5, 0xf3, 0xb, 0xd0, 0x0, 0xdb, 0x5f,
    0x30, 0x3f, 0x70, 0xd, 0xb5, 0xf3, 0x0, 0xae,
    0x10, 0xdb, 0x5f, 0x30, 0x1, 0xf8, 0xd, 0xb5,
    0xf3, 0x0, 0x8, 0xf2, 0xdb, 0x5f, 0x30, 0x0,
    0xe, 0xad, 0xb5, 0xf3, 0x0, 0x0, 0x6f, 0xfb,
    0x5f, 0x30, 0x0, 0x0, 0xdf, 0xb0,

    /* U+00D2 "Ò" */
    0x0, 0x0, 0x3f, 0x60, 0x0, 0x0, 0x0, 0x0,
    0x0, 0x8e, 0x0, 0x0, 0x0, 0x0, 0x0, 0x0,
    0x51, 0x0, 0x0, 0x0, 0x0, 0x0, 0x0, 0x0,
    0x0, 0x0, 0x0, 0x2, 0x9d, 0xfe, 0xb4, 0x0,
    0x0, 0x5, 0xff, 0xb9, 0xae, 0xf9, 0x0, 0x2,
    0xfd, 0x20, 0x0, 0xa, 0xf6, 0x0, 0xaf, 0x20,
    0x0, 0x0, 0xd, 0xe0, 0xf, 0xb0, 0x0, 0x0,
    0x0, 0x7f, 0x31, 0xf8, 0x0, 0x0, 0x0, 0x3,
    0xf6, 0x2f, 0x70, 0x0, 0x0, 0x0, 0x2f, 0x71,
    0xf8, 0x0, 0x0, 0x0, 0x3, 0xf6, 0xf, 0xb0,
    0x0, 0x0, 0x0, 0x6f, 0x40, 0xaf, 0x20, 0x0,
    0x0, 0xd, 0xe0, 0x2, 0xfd, 0x20, 0x0, 0xa,
    0xf7, 0x0, 0x5, 0xff, 0xb9, 0xae, 0xfa, 0x0,
    0x0, 0x2, 0x9d, 0xfe, 0xb5, 0x0, 0x0,

    /* U+00D3 "Ó" */
    0x0, 0x0, 0x0, 0x1f, 0x80, 0x0, 0x0, 0x0,
    0x0, 0x9, 0xc0, 0x0, 0x0, 0x0, 0x0, 0x0,
    0x52, 0x0, 0x0, 0x0, 0x0, 0x0, 0x0, 0x0,
    0x0, 0x0, 0x0, 0x2, 0x9d, 0xfe, 0xb4, 0x0,
    0x0, 0x5, 0xff, 0xb9, 0xae, 0xf9, 0x0, 0x2,
    0xfd, 0x20, 0x0, 0xa, 0xf6, 0x0, 0xaf, 0x20,
    0x0, 0x0, 0xd, 0xe0, 0xf, 0xb0, 0x0, 0x0,
    0x0, 0x7f, 0x31, 0xf8, 0x0, 0x0, 0x0, 0x3,
    0xf6, 0x2f, 0x70, 0x0, 0x0, 0x0, 0x2f, 0x71,
    0xf8, 0x0, 0x0, 0x0, 0x3, 0xf6, 0xf, 0xb0,
    0x0, 0x0, 0x0, 0x6f, 0x40, 0xaf, 0x20, 0x0,
    0x0, 0xd, 0xe0, 0x2, 0xfd, 0x20, 0x0, 0xa,
    0xf7, 0x0, 0x5, 0xff, 0xb9, 0xae, 0xfa, 0x0,
    0x0, 0x2, 0x9d, 0xfe, 0xb5, 0x0, 0x0,

    /* U+00D4 "Ô" */
    0x0, 0x0, 0x8, 0xfc, 0x0, 0x0, 0x0, 0x0,
    0x3, 0xf2, 0xc7, 0x0, 0x0, 0x0, 0x0, 0x54,
    0x2, 0x70, 0x0, 0x0, 0x0, 0x0, 0x0, 0x0,
    0x0, 0x0, 0x0, 0x2, 0x9d, 0xfe, 0xb4, 0x0,
    0x0, 0x5, 0xff, 0xb9, 0xae, 0xf9, 0x0, 0x2,
    0xfd, 0x20, 0x0, 0xa, 0xf6, 0x0, 0xaf, 0x20,
    0x0, 0x0, 0xd, 0xe0, 0xf, 0xb0, 0x0, 0x0,
    0x0, 0x7f, 0x31, 0xf8, 0x0, 0x0, 0x0, 0x3,
    0xf6, 0x2f, 0x70, 0x0, 0x0, 0x0, 0x2f, 0x71,
    0xf8, 0x0, 0x0, 0x0, 0x3, 0xf6, 0xf, 0xb0,
    0x0, 0x0, 0x0, 0x6f, 0x40, 0xaf, 0x20, 0x0,
    0x0, 0xd, 0xe0, 0x2, 0xfd, 0x20, 0x0, 0xa,
    0xf7, 0x0, 0x5, 0xff, 0xb9, 0xae, 0xfa, 0x0,
    0x0, 0x2, 0x9d, 0xfe, 0xb5, 0x0, 0x0,

    /* U+00D5 "Õ" */
    0x0, 0x0, 0x8d, 0x90, 0x85, 0x0, 0x0, 0x0,
    0x1e, 0x39, 0xfd, 0x0, 0x0, 0x0, 0x0, 0x10,
    0x0, 0x0, 0x0, 0x0, 0x0, 0x0, 0x0, 0x0,
    0x0, 0x0, 0x0, 0x2, 0x9d, 0xfe, 0xb4, 0x0,
    0x0, 0x5, 0xff, 0xb9, 0xae, 0xf9, 0x0, 0x2,
    0xfd, 0x20, 0x0, 0xa, 0xf6, 0x0, 0xaf, 0x20,
    0x0, 0x0, 0xd, 0xe0, 0xf, 0xb0, 0x0, 0x0,
    0x0, 0x7f, 0x31, 0xf8, 0x0, 0x0, 0x0, 0x3,
    0xf6, 0x2f, 0x70, 0x0, 0x0, 0x0, 0x2f, 0x71,
    0xf8, 0x0, 0x0, 0x0, 0x3, 0xf6, 0xf, 0xb0,
    0x0, 0x0, 0x0, 0x6f, 0x40, 0xaf, 0x20, 0x0,
    0x0, 0xd, 0xe0, 0x2, 0xfd, 0x20, 0x0, 0xa,
    0xf7, 0x0, 0x5, 0xff, 0xb9, 0xae, 0xfa, 0x0,
    0x0, 0x2, 0x9d, 0xfe, 0xb5, 0x0, 0x0,

    /* U+00D6 "Ö" */
    0x0, 0x0, 0x9b, 0x7, 0xd0, 0x0, 0x0, 0x0,
    0xb, 0xe0, 0x9f, 0x0, 0x0, 0x0, 0x0, 0x0,
    0x0, 0x0, 0x0, 0x0, 0x0, 0x0, 0x0, 0x0,
    0x0, 0x0, 0x0, 0x2, 0x9d, 0xfe, 0xb4, 0x0,
    0x0, 0x5, 0xff, 0xb9, 0xae, 0xf9, 0x0, 0x2,
    0xfd, 0x20, 0x0, 0xa, 0xf6, 0x0, 0xaf, 0x20,
    0x0, 0x0, 0xd, 0xe0, 0xf, 0xb0, 0x0, 0x0,
    0x0, 0x7f, 0x31, 0xf8, 0x0, 0x0, 0x0, 0x3,
    0xf6, 0x2f, 0x70, 0x0, 0x0, 0x0, 0x2f, 0x71,
    0xf8, 0x0, 0x0, 0x0, 0x3, 0xf6, 0xf, 0xb0,
    0x0, 0x0, 0x0, 0x6f, 0x40, 0xaf, 0x20, 0x0,
    0x0, 0xd, 0xe0, 0x2, 0xfd, 0x20, 0x0, 0xa,
    0xf7, 0x0, 0x5, 0xff, 0xb9, 0xae, 0xfa, 0x0,
    0x0, 0x2, 0x9d, 0xfe, 0xb5, 0x0, 0x0,

    /* U+00D7 "×" */
    0x1, 0x0, 0x0, 0x1, 0x1, 0xe8, 0x0, 0x7,
    0xf1, 0x7, 0xf7, 0x7, 0xf8, 0x0, 0x8, 0xfe,
    0xf8, 0x0, 0x0, 0xf, 0xff, 0x0, 0x0, 0x6,
    0xff, 0xf6, 0x0, 0x5, 0xf9, 0x9, 0xf6, 0x1,
    0xfa, 0x0, 0x9, 0xf1, 0x3, 0x0, 0x0, 0x3,
    0x0,

    /* U+00D8 "Ø" */
    0x0, 0x2, 0x9d, 0xfe, 0xb5, 0xd9, 0x0, 0x5,
    0xff, 0xb9, 0xae, 0xff, 0x0, 0x2, 0xfd, 0x20,
    0x0, 0x5f, 0xf6, 0x0, 0xaf, 0x20, 0x0, 0x1e,
    0x8d, 0xe0, 0xf, 0xb0, 0x0, 0xb, 0xc0, 0x7f,
    0x31, 0xf8, 0x0, 0x6, 0xf2, 0x3, 0xf6, 0x2f,
    0x70, 0x2, 0xf6, 0x0, 0x2f, 0x71, 0xf8, 0x0,
    0xcb, 0x0, 0x3, 0xf6, 0xf, 0xb0, 0x8e, 0x10,
    0x0, 0x6f, 0x40, 0xaf, 0x6f, 0x40, 0x0, 0xd,
    0xe0, 0x2, 0xff, 0xb0, 0x0, 0xa, 0xf7, 0x0,
    0xf, 0xff, 0xb9, 0xae, 0xfa, 0x0, 0x4, 0xf6,
    0x9d, 0xfe, 0xb5, 0x0, 0x0,

    /* U+00D9 "Ù" */
    0x0, 0xa, 0xe0, 0x0, 0x0, 0x0, 0x0, 0xe,
    0x70, 0x0, 0x0, 0x0, 0x0, 0x24, 0x0, 0x0,
    0x0, 0x0, 0x0, 0x0, 0x0, 0x0, 0x9f, 0x0,
    0x0, 0x0, 0x8f, 0x9, 0xf0, 0x0, 0x0, 0x8,
    0xf0, 0x9f, 0x0, 0x0, 0x0, 0x8f, 0x9, 0xf0,
    0x0, 0x0, 0x8, 0xf0, 0x9f, 0x0, 0x0, 0x0,
    0x8f, 0x9, 0xf0, 0x0, 0x0, 0x8, 0xf0, 0x9f,
    0x0, 0x0, 0x0, 0x8f, 0x9, 0xf0, 0x0, 0x0,
    0x8, 0xf0, 0x9f, 0x0, 0x0, 0x0, 0x9f, 0x7,
    0xf2, 0x0, 0x0, 0xc, 0xd0, 0x2f, 0xb0, 0x0,
    0x6, 0xf8, 0x0, 0x7f, 0xea, 0x9c, 0xfd, 0x0,
    0x0, 0x4b, 0xef, 0xd8, 0x0, 0x0,

    /* U+00DA "Ú" */
    0x0, 0x0, 0x8, 0xf2, 0x0, 0x0, 0x0, 0x1,
    0xf6, 0x0, 0x0, 0x0, 0x0, 0x25, 0x0, 0x0,
    0x0, 0x0, 0x0, 0x0, 0x0, 0x0, 0x9f, 0x0,
    0x0, 0x0, 0x8f, 0x9, 0xf0, 0x0, 0x0, 0x8,
    0xf0, 0x9f, 0x0, 0x0, 0x0, 0x8f, 0x9, 0xf0,
    0x0, 0x0, 0x8, 0xf0, 0x9f, 0x0, 0x0, 0x0,
    0x8f, 0x9, 0xf0, 0x0, 0x0, 0x8, 0xf0, 0x9f,
    0x0, 0x0, 0x0, 0x8f, 0x9, 0xf0, 0x0, 0x0,
    0x8, 0xf0, 0x9f, 0x0, 0x0, 0x0, 0x9f, 0x7,
    0xf2, 0x0, 0x0, 0xc, 0xd0, 0x2f, 0xb0, 0x0,
    0x6, 0xf8, 0x0, 0x7f, 0xea, 0x9c, 0xfd, 0x0,
    0x0, 0x4b, 0xef, 0xd8, 0x0, 0x0,

    /* U+00DB "Û" */
    0x0, 0x1, 0xef, 0x60, 0x0, 0x0, 0x0, 0x9a,
    0x4e, 0x10, 0x0, 0x0, 0x7, 0x10, 0x64, 0x0,
    0x0, 0x0, 0x0, 0x0, 0x0, 0x0, 0x9f, 0x0,
    0x0, 0x0, 0x8f, 0x9, 0xf0, 0x0, 0x0, 0x8,
    0xf0, 0x9f, 0x0, 0x0, 0x0, 0x8f, 0x9, 0xf0,
    0x0, 0x0, 0x8, 0xf0, 0x9f, 0x0, 0x0, 0x0,
    0x8f, 0x9, 0xf0, 0x0, 0x0, 0x8, 0xf0, 0x9f,
    0x0, 0x0, 0x0, 0x8f, 0x9, 0xf0, 0x0, 0x0,
    0x8, 0xf0, 0x9f, 0x0, 0x0, 0x0, 0x9f, 0x7,
    0xf2, 0x0, 0x0, 0xc, 0xd0, 0x2f, 0xb0, 0x0,
    0x6, 0xf8, 0x0, 0x7f, 0xea, 0x9c, 0xfd, 0x0,
    0x0, 0x4b, 0xef, 0xd8, 0x0, 0x0,

    /* U+00DC "Ü" */
    0x0, 0x1d, 0x50, 0xd7, 0x0, 0x0, 0x2, 0xf7,
    0xf, 0x90, 0x0, 0x0, 0x0, 0x0, 0x0, 0x0,
    0x0, 0x0, 0x0, 0x0, 0x0, 0x0, 0x9f, 0x0,
    0x0, 0x0, 0x8f, 0x9, 0xf0, 0x0, 0x0, 0x8,
    0xf0, 0x9f, 0x0, 0x0, 0x0, 0x8f, 0x9, 0xf0,
    0x0, 0x0, 0x8, 0xf0, 0x9f, 0x0, 0x0, 0x0,
    0x8f, 0x9, 0xf0, 0x0, 0x0, 0x8, 0xf0, 0x9f,
    0x0, 0x0, 0x0, 0x8f, 0x9, 0xf0, 0x0, 0x0,
    0x8, 0xf0, 0x9f, 0x0, 0x0, 0x0, 0x9f, 0x7,
    0xf2, 0x0, 0x0, 0xc, 0xd0, 0x2f, 0xb0, 0x0,
    0x6, 0xf8, 0x0, 0x7f, 0xea, 0x9c, 0xfd, 0x0,
    0x0, 0x4b, 0xef, 0xd8, 0x0, 0x0,

    /* U+00DD "Ý" */
    0x0, 0x0, 0x0, 0x8f, 0x10, 0x0, 0x0, 0x0,
    0x1, 0xf5, 0x0, 0x0, 0x0, 0x0, 0x2, 0x50,
    0x0, 0x0, 0x0, 0x0, 0x0, 0x0, 0x0, 0x0,
    0xc, 0xe1, 0x0, 0x0, 0xa, 0xf2, 0x3, 0xf9,
    0x0, 0x0, 0x3f, 0x90, 0x0, 0xaf, 0x20, 0x0,
    0xce, 0x10, 0x0, 0x1f, 0xb0, 0x5, 0xf6, 0x0,
    0x0, 0x7, 0xf4, 0xe, 0xd0, 0x0, 0x0, 0x0,
    0xdd, 0x8f, 0x30, 0x0, 0x0, 0x0, 0x4f, 0xfa,
    0x0, 0x0, 0x0, 0x0, 0xb, 0xf1, 0x0, 0x0,
    0x0, 0x0, 0x9, 0xf0, 0x0, 0x0, 0x0, 0x0,
    0x9, 0xf0, 0x0, 0x0, 0x0, 0x0, 0x9, 0xf0,
    0x0, 0x0, 0x0, 0x0, 0x9, 0xf0, 0x0, 0x0,
    0x0, 0x0, 0x9, 0xf0, 0x0, 0x0,

    /* U+00DE "Þ" */
    0x5f, 0x30, 0x0, 0x0, 0x0, 0x5f, 0x30, 0x0,
    0x0, 0x0, 0x5f, 0xc9, 0x87, 0x40, 0x0, 0x5f,
    0xff, 0xff, 0xfd, 0x20, 0x5f, 0x30, 0x1, 0x6f,
    0xd0, 0x5f, 0x30, 0x0, 0x8, 0xf2, 0x5f, 0x30,
    0x0, 0x7, 0xf2, 0x5f, 0x30, 0x0, 0xc, 0xf0,
    0x5f, 0xc8, 0x8a, 0xef, 0x70, 0x5f, 0xff, 0xfe,
    0xb4, 0x0, 0x5f, 0x30, 0x0, 0x0, 0x0, 0x5f,
    0x30, 0x0, 0x0, 0x0, 0x5f, 0x30, 0x0, 0x0,
    0x0,

    /* U+00DF "ß" */
    0x0, 0x9e, 0xfd, 0x70, 0x0, 0xcf, 0xa8, 0xbf,
    0x90, 0x5f, 0x60, 0x0, 0xaf, 0x8, 0xf0, 0x0,
    0x9, 0xf0, 0x9f, 0x1, 0x27, 0xf9, 0x9, 0xf0,
    0xaf, 0xfb, 0x0, 0x9f, 0x3, 0x58, 0xec, 0x9,
    0xf0, 0x0, 0x2, 0xf8, 0x9f, 0x0, 0x0, 0xc,
    0xc9, 0xf0, 0x0, 0x0, 0xcd, 0x9f, 0x0, 0x0,
    0x3f, 0x99, 0xf0, 0x68, 0xaf, 0xe2, 0x9f, 0xd,
    0xfe, 0xa2, 0x0,

    /* U+00E0 "à" */
    0x0, 0xc, 0xc0, 0x0, 0x0, 0x0, 0x2, 0xf4,
    0x0, 0x0, 0x0, 0x0, 0x33, 0x0, 0x0, 0x0,
    0x4c, 0xff, 0xb2, 0x0, 0x5, 0xfd, 0x88, 0xee,
    0x10, 0xd, 0xd0, 0x0, 0x2f, 0x70, 0x1, 0x10,
    0x0, 0xe, 0xa0, 0x0, 0x16, 0xad, 0xff, 0xb0,
    0x6, 0xfd, 0x97, 0x4d, 0xb0, 0xf, 0x90, 0x0,
    0xe, 0xb0, 0x2f, 0x70, 0x0, 0x8f, 0xb0, 0xe,
    0xfa, 0x9d, 0xfd, 0xe5, 0x2, 0xbe, 0xfb, 0x24,
    0xe8,

    /* U+00E1 "á" */
    0x0, 0x0, 0xb, 0xd0, 0x0, 0x0, 0x0, 0x3f,
    0x30, 0x0, 0x0, 0x0, 0x34, 0x0, 0x0, 0x0,
    0x4c, 0xff, 0xb2, 0x0, 0x5, 0xfd, 0x88, 0xee,
    0x10, 0xd, 0xd0, 0x0, 0x2f, 0x70, 0x1, 0x10,
    0x0, 0xe, 0xa0, 0x0, 0x16, 0xad, 0xff, 0xb0,
    0x6, 0xfd, 0x97, 0x4d, 0xb0, 0xf, 0x90, 0x0,
    0xe, 0xb0, 0x2f, 0x70, 0x0, 0x8f, 0xb0, 0xe,
    0xfa, 0x9d, 0xfd, 0xe5, 0x2, 0xbe, 0xfb, 0x24,
    0xe8,

    /* U+00E2 "â" */
    0x0, 0x4, 0xcc, 0x40, 0x0, 0x0, 0x2d, 0x22,
    0xd2, 0x0, 0x0, 0x0, 0x0, 0x0, 0x0, 0x0,
    0x4c, 0xff, 0xb2, 0x0, 0x5, 0xfd, 0x88, 0xee,
    0x10, 0xd, 0xd0, 0x0, 0x2f, 0x70, 0x1, 0x10,
    0x0, 0xe, 0xa0, 0x0, 0x16, 0xad, 0xff, 0xb0,
    0x6, 0xfd, 0x97, 0x4d, 0xb0, 0xf, 0x90, 0x0,
    0xe, 0xb0, 0x2f, 0x70, 0x0, 0x8f, 0xb0, 0xe,
    0xfa, 0x9d, 0xfd, 0xe5, 0x2, 0xbe, 0xfb, 0x24,
    0xe8,

    /* U+00E3 "ã" */
    0x0, 0x7f, 0xff, 0xf8, 0x0, 0x0, 0x10, 0x1,
    0x0, 0x0, 0x0, 0x0, 0x0, 0x0, 0x0, 0x0,
    0x4c, 0xff, 0xb2, 0x0, 0x5, 0xfd, 0x88, 0xee,
    0x10, 0xd, 0xd0, 0x0, 0x2f, 0x70, 0x1, 0x10,
    0x0, 0xe, 0xa0, 0x0, 0x16, 0xad, 0xff, 0xb0,
    0x6, 0xfd, 0x97, 0x4d, 0xb0, 0xf, 0x90, 0x0,
    0xe, 0xb0, 0x2f, 0x70, 0x0, 0x8f, 0xb0, 0xe,
    0xfa, 0x9d, 0xfd, 0xe5, 0x2, 0xbe, 0xfb, 0x24,
    0xe8,

    /* U+00E4 "ä" */
    0x0, 0x5f, 0x33, 0xf5, 0x0, 0x0, 0x4d, 0x32,
    0xd4, 0x0, 0x0, 0x0, 0x0, 0x0, 0x0, 0x0,
    0x4c, 0xff, 0xb2, 0x0, 0x5, 0xfd, 0x88, 0xee,
    0x10, 0xd, 0xd0, 0x0, 0x2f, 0x70, 0x1, 0x10,
    0x0, 0xe, 0xa0, 0x0, 0x16, 0xad, 0xff, 0xb0,
    0x6, 0xfd, 0x97, 0x4d, 0xb0, 0xf, 0x90, 0x0,
    0xe, 0xb0, 0x2f, 0x70, 0x0, 0x8f, 0xb0, 0xe,
    0xfa, 0x9d, 0xfd, 0xe5, 0x2, 0xbe, 0xfb, 0x24,
    0xe8,

    /* U+00E5 "å" */
    0x0, 0x3, 0xdd, 0x30, 0x0, 0x0, 0x9, 0x66,
    0x90, 0x0, 0x0, 0x3, 0xdd, 0x30, 0x0, 0x0,
    0x0, 0x0, 0x0, 0x0, 0x0, 0x4c, 0xff, 0xb2,
    0x0, 0x5, 0xfd, 0x88, 0xee, 0x10, 0xd, 0xd0,
    0x0, 0x2f, 0x70, 0x1, 0x10, 0x0, 0xe, 0xa0,
    0x0, 0x16, 0xad, 0xff, 0xb0, 0x6, 0xfd, 0x97,
    0x4d, 0xb0, 0xf, 0x90, 0x0, 0xe, 0xb0, 0x2f,
    0x70, 0x0, 0x8f, 0xb0, 0xe, 0xfa, 0x9d, 0xfd,
    0xe5, 0x2, 0xbe, 0xfb, 0x24, 0xe8,

    /* U+00E6 "æ" */
    0x0, 0x4c, 0xfe, 0xb2, 0x7, 0xdf, 0xd8, 0x0,
    0x5, 0xfd, 0x88, 0xef, 0xcf, 0xb8, 0xaf, 0xb0,
    0xd, 0xc0, 0x0, 0x2f, 0xf6, 0x0, 0x6, 0xf4,
    0x0, 0x0, 0x0, 0x1f, 0xf1, 0x11, 0x11, 0xf9,
    0x0, 0x5a, 0xdf, 0xff, 0xff, 0xff, 0xff, 0xfb,
    0x9, 0xfb, 0x86, 0x3f, 0xf4, 0x44, 0x44, 0x43,
    0x1f, 0x80, 0x0, 0xf, 0xf0, 0x0, 0x0, 0x20,
    0x2f, 0x70, 0x0, 0x5f, 0xf7, 0x0, 0x5, 0xf5,
    0xe, 0xf8, 0x58, 0xf5, 0xaf, 0x96, 0x8f, 0xb0,
    0x2, 0xbe, 0xfc, 0x40, 0x7, 0xdf, 0xd8, 0x0,

    /* U+00E7 "ç" */
    0x0, 0x2a, 0xef, 0xc5, 0x0, 0x2, 0xef, 0x98,
    0xdf, 0x60, 0xb, 0xf2, 0x0, 0xc, 0xe0, 0xf,
    0x90, 0x0, 0x2, 0x61, 0x2f, 0x60, 0x0, 0x0,
    0x0, 0x2f, 0x60, 0x0, 0x0, 0x0, 0xf, 0x90,
    0x0, 0x4, 0x91, 0xb, 0xf2, 0x0, 0xc, 0xe0,
    0x2, 0xef, 0x98, 0xdf, 0x50, 0x0, 0x2a, 0xff,
    0xc4, 0x0, 0x0, 0x0, 0xca, 0x10, 0x0, 0x0,
    0x0, 0x4a, 0xd0, 0x0, 0x0, 0x9, 0x13, 0xf0,
    0x0, 0x0, 0x8, 0xff, 0x60, 0x0, 0x0, 0x0,
    0x0, 0x0, 0x0,

    /* U+00E8 "è" */
    0x0, 0xa, 0xe0, 0x0, 0x0, 0x0, 0x1, 0xe7,
    0x0, 0x0, 0x0, 0x0, 0x24, 0x0, 0x0, 0x0,
    0x2a, 0xef, 0xc4, 0x0, 0x2, 0xee, 0x98, 0xdf,
    0x40, 0xb, 0xe1, 0x0, 0xd, 0xd0, 0xf, 0x81,
    0x11, 0x18, 0xf2, 0x2f, 0xff, 0xff, 0xff, 0xf4,
    0x2f, 0x94, 0x44, 0x44, 0x41, 0xf, 0x90, 0x0,
    0x1, 0x10, 0xb, 0xf2, 0x0, 0xc, 0xe0, 0x2,
    0xff, 0x98, 0xdf, 0x50, 0x0, 0x2a, 0xef, 0xc4,
    0x0,

    /* U+00E9 "é" */
    0x0, 0x0, 0x9, 0xe1, 0x0, 0x0, 0x0, 0x1f,
    0x50, 0x0, 0x0, 0x0, 0x25, 0x0, 0x0, 0x0,
    0x2a, 0xef, 0xc4, 0x0, 0x2, 0xee, 0x98, 0xdf,
    0x40, 0xb, 0xe1, 0x0, 0xd, 0xd0, 0xf, 0x81,
    0x11, 0x18, 0xf2, 0x2f, 0xff, 0xff, 0xff, 0xf4,
    0x2f, 0x94, 0x44, 0x44, 0x41, 0xf, 0x90, 0x0,
    0x1, 0x10, 0xb, 0xf2, 0x0, 0xc, 0xe0, 0x2,
    0xff, 0x98, 0xdf, 0x50, 0x0, 0x2a, 0xef, 0xc4,
    0x0,

    /* U+00EA "ê" */
    0x0, 0x2, 0xdb, 0x60, 0x0, 0x0, 0xc, 0x40,
    0xd3, 0x0, 0x0, 0x0, 0x0, 0x0, 0x0, 0x0,
    0x2a, 0xef, 0xc4, 0x0, 0x2, 0xee, 0x98, 0xdf,
    0x40, 0xb, 0xe1, 0x0, 0xd, 0xd0, 0xf, 0x81,
    0x11, 0x18, 0xf2, 0x2f, 0xff, 0xff, 0xff, 0xf4,
    0x2f, 0x94, 0x44, 0x44, 0x41, 0xf, 0x90, 0x0,
    0x1, 0x10, 0xb, 0xf2, 0x0, 0xc, 0xe0, 0x2,
    0xff, 0x98, 0xdf, 0x50, 0x0, 0x2a, 0xef, 0xc4,
    0x0,

    /* U+00EB "ë" */
    0x0, 0x3f, 0x61, 0xf8, 0x0, 0x0, 0x2d, 0x50,
    0xd6, 0x0, 0x0, 0x0, 0x0, 0x0, 0x0, 0x0,
    0x2a, 0xef, 0xc4, 0x0, 0x2, 0xee, 0x98, 0xdf,
    0x40, 0xb, 0xe1, 0x0, 0xd, 0xd0, 0xf, 0x81,
    0x11, 0x18, 0xf2, 0x2f, 0xff, 0xff, 0xff, 0xf4,
    0x2f, 0x94, 0x44, 0x44, 0x41, 0xf, 0x90, 0x0,
    0x1, 0x10, 0xb, 0xf2, 0x0, 0xc, 0xe0, 0x2,
    0xff, 0x98, 0xdf, 0x50, 0x0, 0x2a, 0xef, 0xc4,
    0x0,

    /* U+00EC "ì" */
    0xae, 0x1, 0xe7, 0x2, 0x40, 0x9f, 0x9, 0xf0,
    0x9f, 0x9, 0xf0, 0x9f, 0x9, 0xf0, 0x9f, 0x9,
    0xf0, 0x9f, 0x9, 0xf0,

    /* U+00ED "í" */
    0x8, 0xf1, 0x1f, 0x60, 0x25, 0x0, 0x9f, 0x0,
    0x9f, 0x0, 0x9f, 0x0, 0x9f, 0x0, 0x9f, 0x0,
    0x9f, 0x0, 0x9f, 0x0, 0x9f, 0x0, 0x9f, 0x0,
    0x9f, 0x0,

    /* U+00EE "î" */
    0x2, 0xda, 0x70, 0xa, 0x30, 0xa3, 0x0, 0x0,
    0x0, 0x0, 0x9f, 0x0, 0x0, 0x9f, 0x0, 0x0,
    0x9f, 0x0, 0x0, 0x9f, 0x0, 0x0, 0x9f, 0x0,
    0x0, 0x9f, 0x0, 0x0, 0x9f, 0x0, 0x0, 0x9f,
    0x0, 0x0, 0x9f, 0x0, 0x0, 0x9f, 0x0,

    /* U+00EF "ï" */
    0xcd, 0x7f, 0x29, 0xa5, 0xd1, 0x0, 0x0, 0x0,
    0x9f, 0x0, 0x9, 0xf0, 0x0, 0x9f, 0x0, 0x9,
    0xf0, 0x0, 0x9f, 0x0, 0x9, 0xf0, 0x0, 0x9f,
    0x0, 0x9, 0xf0, 0x0, 0x9f, 0x0, 0x9, 0xf0,
    0x0,

    /* U+00F0 "ð" */
    0x0, 0x1, 0x0, 0x0, 0x0, 0x0, 0xd, 0xfa,
    0x21, 0x75, 0x0, 0x4, 0x8f, 0xff, 0xe6, 0x0,
    0x0, 0xef, 0xff, 0x20, 0x0, 0x0, 0x42, 0xe,
    0xa0, 0x0, 0x5d, 0xff, 0xed, 0xf0, 0x5, 0xfd,
    0x76, 0xaf, 0xf4, 0xd, 0xd0, 0x0, 0x9, 0xf7,
    0x1f, 0x80, 0x0, 0x2, 0xfe, 0x2f, 0x60, 0x0,
    0x1, 0xf9, 0x1f, 0x80, 0x0, 0x3, 0xf6, 0xc,
    0xe1, 0x0, 0xb, 0xf1, 0x3, 0xfe, 0x98, 0xcf,
    0x80, 0x0, 0x3b, 0xef, 0xd6, 0x0,

    /* U+00F1 "ñ" */
    0x1, 0xde, 0x50, 0xe0, 0x0, 0x88, 0x3d, 0xf8,
    0x0, 0x1, 0x0, 0x0, 0x0, 0x9, 0xd2, 0xbf,
    0xe8, 0x0, 0x9e, 0xd5, 0x27, 0xf7, 0x9, 0xf4,
    0x0, 0xb, 0xd0, 0x9f, 0x0, 0x0, 0x8f, 0x9,
    0xf0, 0x0, 0x8, 0xf0, 0x9f, 0x0, 0x0, 0x8f,
    0x9, 0xf0, 0x0, 0x8, 0xf0, 0x9f, 0x0, 0x0,
    0x8f, 0x9, 0xf0, 0x0, 0x8, 0xf0, 0x9f, 0x0,
    0x0, 0x8f, 0x0,

    /* U+00F2 "ò" */
    0x0, 0xa, 0xe0, 0x0, 0x0, 0x0, 0x1, 0xe7,
    0x0, 0x0, 0x0, 0x0, 0x24, 0x0, 0x0, 0x0,
    0x2a, 0xef, 0xc4, 0x0, 0x2, 0xef, 0x98, 0xdf,
    0x60, 0xb, 0xf2, 0x0, 0xc, 0xf0, 0xf, 0x90,
    0x0, 0x4, 0xf5, 0x2f, 0x60, 0x0, 0x2, 0xf7,
    0x2f, 0x60, 0x0, 0x2, 0xf7, 0xf, 0x90, 0x0,
    0x4, 0xf5, 0xb, 0xf2, 0x0, 0xc, 0xf0, 0x2,
    0xef, 0x98, 0xdf, 0x60, 0x0, 0x2a, 0xef, 0xc4,
    0x0,

    /* U+00F3 "ó" */
    0x0, 0x0, 0x9, 0xe1, 0x0, 0x0, 0x0, 0x1f,
    0x50, 0x0, 0x0, 0x0, 0x25, 0x0, 0x0, 0x0,
    0x2a, 0xef, 0xc4, 0x0, 0x2, 0xef, 0x98, 0xdf,
    0x60, 0xb, 0xf2, 0x0, 0xc, 0xf0, 0xf, 0x90,
    0x0, 0x4, 0xf5, 0x2f, 0x60, 0x0, 0x2, 0xf7,
    0x2f, 0x60, 0x0, 0x2, 0xf7, 0xf, 0x90, 0x0,
    0x4, 0xf5, 0xb, 0xf2, 0x0, 0xc, 0xf0, 0x2,
    0xef, 0x98, 0xdf, 0x60, 0x0, 0x2a, 0xef, 0xc4,
    0x0,

    /* U+00F4 "ô" */
    0x0, 0x2, 0xdb, 0x60, 0x0, 0x0, 0xc, 0x40,
    0xc3, 0x0, 0x0, 0x0, 0x0, 0x0, 0x0, 0x0,
    0x2a, 0xef, 0xc4, 0x0, 0x2, 0xef, 0x98, 0xdf,
    0x60, 0xb, 0xf2, 0x0, 0xc, 0xf0, 0xf, 0x90,
    0x0, 0x4, 0xf5, 0x2f, 0x60, 0x0, 0x2, 0xf7,
    0x2f, 0x60, 0x0, 0x2, 0xf7, 0xf, 0x90, 0x0,
    0x4, 0xf5, 0xb, 0xf2, 0x0, 0xc, 0xf0, 0x2,
    0xef, 0x98, 0xdf, 0x60, 0x0, 0x2a, 0xef, 0xc4,
    0x0,

    /* U+00F5 "õ" */
    0x0, 0x5e, 0xff, 0xeb, 0x0, 0x0, 0x11, 0x1,
    0x10, 0x0, 0x0, 0x0, 0x0, 0x0, 0x0, 0x0,
    0x2a, 0xef, 0xc4, 0x0, 0x2, 0xef, 0x98, 0xdf,
    0x60, 0xb, 0xf2, 0x0, 0xc, 0xf0, 0xf, 0x90,
    0x0, 0x4, 0xf5, 0x2f, 0x60, 0x0, 0x2, 0xf7,
    0x2f, 0x60, 0x0, 0x2, 0xf7, 0xf, 0x90, 0x0,
    0x4, 0xf5, 0xb, 0xf2, 0x0, 0xc, 0xf0, 0x2,
    0xef, 0x98, 0xdf, 0x60, 0x0, 0x2a, 0xef, 0xc4,
    0x0,

    /* U+00F6 "ö" */
    0x0, 0x3f, 0x61, 0xf8, 0x0, 0x0, 0x2d, 0x50,
    0xd6, 0x0, 0x0, 0x0, 0x0, 0x0, 0x0, 0x0,
    0x2a, 0xef, 0xc4, 0x0, 0x2, 0xef, 0x98, 0xdf,
    0x60, 0xb, 0xf2, 0x0, 0xc, 0xf0, 0xf, 0x90,
    0x0, 0x4, 0xf5, 0x2f, 0x60, 0x0, 0x2, 0xf7,
    0x2f, 0x60, 0x0, 0x2, 0xf7, 0xf, 0x90, 0x0,
    0x4, 0xf5, 0xb, 0xf2, 0x0, 0xc, 0xf0, 0x2,
    0xef, 0x98, 0xdf, 0x60, 0x0, 0x2a, 0xef, 0xc4,
    0x0,

    /* U+00F7 "÷" */
    0x0, 0x1, 0xeb, 0x0, 0x0, 0x0, 0x3f, 0xe0,
    0x0, 0x0, 0x0, 0x31, 0x0, 0x0, 0x22, 0x22,
    0x22, 0x22, 0x4f, 0xff, 0xff, 0xff, 0xf1, 0x55,
    0x55, 0x55, 0x55, 0x0, 0x0, 0x31, 0x0, 0x0,
    0x0, 0x3f, 0xe0, 0x0, 0x0, 0x1, 0xeb, 0x0,
    0x0,

    /* U+00F8 "ø" */
    0x0, 0x2a, 0xef, 0xcb, 0xd0, 0x2, 0xef, 0x98,
    0xff, 0x90, 0xb, 0xf2, 0x0, 0xdf, 0xf0, 0xf,
    0x90, 0x7, 0xc5, 0xf5, 0x2f, 0x60, 0x2f, 0x22,
    0xf7, 0x2f, 0x60, 0xc7, 0x2, 0xf7, 0xf, 0x98,
    0xc0, 0x4, 0xf5, 0xb, 0xff, 0x20, 0xc, 0xf0,
    0x2, 0xff, 0x98, 0xdf, 0x60, 0x8, 0xea, 0xef,
    0xc4, 0x0,

    /* U+00F9 "ù" */
    0x0, 0xbd, 0x0, 0x0, 0x0, 0x1e, 0x60, 0x0,
    0x0, 0x3, 0x40, 0x0, 0x9f, 0x0, 0x0, 0x9e,
    0x9f, 0x0, 0x0, 0x9e, 0x9f, 0x0, 0x0, 0x9e,
    0x9f, 0x0, 0x0, 0x9e, 0x9f, 0x0, 0x0, 0x9e,
    0x9f, 0x0, 0x0, 0x9e, 0x8f, 0x0, 0x0, 0xbe,
    0x6f, 0x30, 0x1, 0xfe, 0x1e, 0xe7, 0x7d, 0xce,
    0x3, 0xcf, 0xd5, 0x8e,

    /* U+00FA "ú" */
    0x0, 0x0, 0x9e, 0x10, 0x0, 0x2, 0xf4, 0x0,
    0x0, 0x2, 0x40, 0x0, 0x9f, 0x0, 0x0, 0x9e,
    0x9f, 0x0, 0x0, 0x9e, 0x9f, 0x0, 0x0, 0x9e,
    0x9f, 0x0, 0x0, 0x9e, 0x9f, 0x0, 0x0, 0x9e,
    0x9f, 0x0, 0x0, 0x9e, 0x8f, 0x0, 0x0, 0xbe,
    0x6f, 0x30, 0x1, 0xfe, 0x1e, 0xe7, 0x7d, 0xce,
    0x3, 0xcf, 0xd5, 0x8e,

    /* U+00FB "û" */
    0x0, 0x3c, 0xb6, 0x0, 0x1, 0xb2, 0xb, 0x20,
    0x0, 0x0, 0x0, 0x0, 0x9f, 0x0, 0x0, 0x9e,
    0x9f, 0x0, 0x0, 0x9e, 0x9f, 0x0, 0x0, 0x9e,
    0x9f, 0x0, 0x0, 0x9e, 0x9f, 0x0, 0x0, 0x9e,
    0x9f, 0x0, 0x0, 0x9e, 0x8f, 0x0, 0x0, 0xbe,
    0x6f, 0x30, 0x1, 0xfe, 0x1e, 0xe7, 0x7d, 0xce,
    0x3, 0xcf, 0xd5, 0x8e,

    /* U+00FC "ü" */
    0x4, 0xf5, 0x1f, 0x70, 0x3, 0xd4, 0x1d, 0x60,
    0x0, 0x0, 0x0, 0x0, 0x9f, 0x0, 0x0, 0x9e,
    0x9f, 0x0, 0x0, 0x9e, 0x9f, 0x0, 0x0, 0x9e,
    0x9f, 0x0, 0x0, 0x9e, 0x9f, 0x0, 0x0, 0x9e,
    0x9f, 0x0, 0x0, 0x9e, 0x8f, 0x0, 0x0, 0xbe,
    0x6f, 0x30, 0x1, 0xfe, 0x1e, 0xe7, 0x7d, 0xce,
    0x3, 0xcf, 0xd5, 0x8e,

    /* U+00FD "ý" */
    0x0, 0x0, 0xd, 0xb0, 0x0, 0x0, 0x0, 0x6e,
    0x10, 0x0, 0x0, 0x0, 0x43, 0x0, 0x0, 0x7f,
    0x30, 0x0, 0x8, 0xf1, 0x1f, 0x80, 0x0, 0xd,
    0xc0, 0xb, 0xe0, 0x0, 0x3f, 0x60, 0x6, 0xf3,
    0x0, 0x8f, 0x10, 0x1, 0xf8, 0x0, 0xdb, 0x0,
    0x0, 0xbe, 0x2, 0xf6, 0x0, 0x0, 0x5f, 0x37,
    0xf1, 0x0, 0x0, 0xf, 0x8c, 0xb0, 0x0, 0x0,
    0xa, 0xef, 0x60, 0x0, 0x0, 0x4, 0xff, 0x10,
    0x0, 0x0, 0x0, 0xcb, 0x0, 0x0, 0x0, 0x58,
    0xf5, 0x0, 0x0, 0x2, 0xff, 0x90, 0x0, 0x0,

    /* U+00FE "þ" */
    0x9f, 0x0, 0x0, 0x0, 0x9, 0xf0, 0x0, 0x0,
    0x0, 0x9f, 0x0, 0x0, 0x0, 0x9, 0xf3, 0xcf,
    0xea, 0x10, 0x9f, 0xea, 0x69, 0xfd, 0x9, 0xf8,
    0x0, 0x5, 0xf6, 0x9f, 0x10, 0x0, 0xe, 0xb9,
    0xd0, 0x0, 0x0, 0xbe, 0x9d, 0x0, 0x0, 0xb,
    0xe9, 0xf1, 0x0, 0x0, 0xeb, 0x9f, 0x90, 0x0,
    0x6f, 0x69, 0xff, 0xb8, 0xaf, 0xd0, 0x9f, 0x3c,
    0xfe, 0xa1, 0x9, 0xf0, 0x0, 0x0, 0x0, 0x9f,
    0x0, 0x0, 0x0, 0x9, 0xf0, 0x0, 0x0, 0x0,

    /* U+00FF "ÿ" */
    0x0, 0x8f, 0x16, 0xf3, 0x0, 0x0, 0x6d, 0x5,
    0xd2, 0x0, 0x0, 0x0, 0x0, 0x0, 0x0, 0x7f,
    0x30, 0x0, 0x8, 0xf1, 0x1f, 0x80, 0x0, 0xd,
    0xc0, 0xb, 0xe0, 0x0, 0x3f, 0x60, 0x6, 0xf3,
    0x0, 0x8f, 0x10, 0x1, 0xf8, 0x0, 0xdb, 0x0,
    0x0, 0xbe, 0x2, 0xf6, 0x0, 0x0, 0x5f, 0x37,
    0xf1, 0x0, 0x0, 0xf, 0x8c, 0xb0, 0x0, 0x0,
    0xa, 0xef, 0x60, 0x0, 0x0, 0x4, 0xff, 0x10,
    0x0, 0x0, 0x0, 0xcb, 0x0, 0x0, 0x0, 0x58,
    0xf5, 0x0, 0x0, 0x2, 0xff, 0x90, 0x0, 0x0,

    /* U+0100 "Ā" */
    0x0, 0x0, 0x11, 0x11, 0x0, 0x0, 0x0, 0x6,
    0xff, 0xff, 0x60, 0x0, 0x0, 0x1, 0x44, 0x44,
    0x10, 0x0, 0x0, 0x0, 0x0, 0x0, 0x0, 0x0,
    0x0, 0x0, 0x3f, 0xf3, 0x0, 0x0, 0x0, 0x0,
    0x9e, 0xe9, 0x0, 0x0, 0x0, 0x0, 0xe9, 0x9e,
    0x0, 0x0, 0x0, 0x4, 0xf3, 0x3f, 0x40, 0x0,
    0x0, 0xa, 0xe0, 0xd, 0xa0, 0x0, 0x0, 0xf,
    0x80, 0x8, 0xf0, 0x0, 0x0, 0x5f, 0x30, 0x2,
    0xf5, 0x0, 0x0, 0xbf, 0x88, 0x88, 0xfb, 0x0,
    0x1, 0xff, 0xff, 0xff, 0xff, 0x10, 0x6, 0xf2,
    0x0, 0x0, 0x2f, 0x60, 0xc, 0xd0, 0x0, 0x0,
    0xd, 0xc0, 0x1f, 0x80, 0x0, 0x0, 0x8, 0xf2,
    0x7f, 0x30, 0x0, 0x0, 0x3, 0xf7,

    /* U+0101 "ā" */
    0x0, 0x6f, 0xff, 0xf6, 0x0, 0x0, 0x25, 0x55,
    0x52, 0x0, 0x0, 0x0, 0x0, 0x0, 0x0, 0x0,
    0x4c, 0xff, 0xb2, 0x0, 0x5, 0xfd, 0x88, 0xee,
    0x10, 0xd, 0xd0, 0x0, 0x2f, 0x70, 0x1, 0x10,
    0x0, 0xe, 0xa0, 0x0, 0x16, 0xad, 0xff, 0xb0,
    0x6, 0xfd, 0x97, 0x4d, 0xb0, 0xf, 0x90, 0x0,
    0xe, 0xb0, 0x2f, 0x70, 0x0, 0x8f, 0xb0, 0xe,
    0xfa, 0x9d, 0xfd, 0xe5, 0x2, 0xbe, 0xfb, 0x24,
    0xe8,

    /* U+0102 "Ă" */
    0x0, 0x6, 0xc1, 0x1c, 0x60, 0x0, 0x0, 0x0,
    0xbf, 0xfb, 0x0, 0x0, 0x0, 0x0, 0x1, 0x10,
    0x0, 0x0, 0x0, 0x0, 0x0, 0x0, 0x0, 0x0,
    0x0, 0x0, 0x3f, 0xf3, 0x0, 0x0, 0x0, 0x0,
    0x9e, 0xe9, 0x0, 0x0, 0x0, 0x0, 0xe9, 0x9e,
    0x0, 0x0, 0x0, 0x4, 0xf3, 0x3f, 0x40, 0x0,
    0x0, 0xa, 0xe0, 0xd, 0xa0, 0x0, 0x0, 0xf,
    0x80, 0x8, 0xf0, 0x0, 0x0, 0x5f, 0x30, 0x2,
    0xf5, 0x0, 0x0, 0xbf, 0x88, 0x88, 0xfb, 0x0,
    0x1, 0xff, 0xff, 0xff, 0xff, 0x10, 0x6, 0xf2,
    0x0, 0x0, 0x2f, 0x60, 0xc, 0xd0, 0x0, 0x0,
    0xd, 0xc0, 0x1f, 0x80, 0x0, 0x0, 0x8, 0xf2,
    0x7f, 0x30, 0x0, 0x0, 0x3, 0xf7,

    /* U+0103 "ă" */
    0x0, 0x3e, 0xff, 0xe3, 0x0, 0x0, 0x0, 0x22,
    0x0, 0x0, 0x0, 0x0, 0x0, 0x0, 0x0, 0x0,
    0x4c, 0xff, 0xb2, 0x0, 0x5, 0xfd, 0x88, 0xee,
    0x10, 0xd, 0xd0, 0x0, 0x2f, 0x70, 0x1, 0x10,
    0x0, 0xe, 0xa0, 0x0, 0x16, 0xad, 0xff, 0xb0,
    0x6, 0xfd, 0x97, 0x4d, 0xb0, 0xf, 0x90, 0x0,
    0xe, 0xb0, 0x2f, 0x70, 0x0, 0x8f, 0xb0, 0xe,
    0xfa, 0x9d, 0xfd, 0xe5, 0x2, 0xbe, 0xfb, 0x24,
    0xe8,

    /* U+0104 "Ą" */
    0x0, 0x0, 0x3f, 0xf3, 0x0, 0x0, 0x0, 0x0,
    0x9, 0xee, 0x90, 0x0, 0x0, 0x0, 0x0, 0xe9,
    0x9e, 0x0, 0x0, 0x0, 0x0, 0x4f, 0x33, 0xf4,
    0x0, 0x0, 0x0, 0xa, 0xe0, 0xd, 0xa0, 0x0,
    0x0, 0x0, 0xf8, 0x0, 0x8f, 0x0, 0x0, 0x0,
    0x5f, 0x30, 0x2, 0xf5, 0x0, 0x0, 0xb, 0xf8,
    0x88, 0x8f, 0xb0, 0x0, 0x1, 0xff, 0xff, 0xff,
    0xff, 0x10, 0x0, 0x6f, 0x20, 0x0, 0x2, 0xf6,
    0x0, 0xc, 0xd0, 0x0, 0x0, 0xd, 0xc0, 0x1,
    0xf8, 0x0, 0x0, 0x0, 0x8f, 0x20, 0x7f, 0x30,
    0x0, 0x0, 0x3, 0xf8, 0x0, 0x0, 0x0, 0x0,
    0x0, 0xe, 0x50, 0x0, 0x0, 0x0, 0x0, 0x8,
    0xc0, 0x0, 0x0, 0x0, 0x0, 0x0, 0xd9, 0x20,
    0x0, 0x0, 0x0, 0x0, 0xb, 0xff, 0x20, 0x0,
    0x0, 0x0, 0x0, 0x2, 0x10,

    /* U+0105 "ą" */
    0x0, 0x4c, 0xff, 0xb2, 0x0, 0x0, 0x5f, 0xd8,
    0x8e, 0xe1, 0x0, 0xd, 0xd0, 0x0, 0x2f, 0x70,
    0x0, 0x11, 0x0, 0x0, 0xea, 0x0, 0x0, 0x16,
    0xad, 0xff, 0xb0, 0x0, 0x6f, 0xd9, 0x74, 0xdb,
    0x0, 0xf, 0x90, 0x0, 0xe, 0xb0, 0x2, 0xf7,
    0x0, 0x8, 0xfb, 0x0, 0xe, 0xfa, 0x9d, 0xfd,
    0xe5, 0x0, 0x2b, 0xef, 0xb2, 0x4f, 0xb0, 0x0,
    0x0, 0x0, 0x4, 0xe1, 0x0, 0x0, 0x0, 0x0,
    0xd8, 0x10, 0x0, 0x0, 0x0, 0xd, 0xff, 0x10,
    0x0, 0x0, 0x0, 0x2, 0x10,

    /* U+0106 "Ć" */
    0x0, 0x0, 0x0, 0x3f, 0x60, 0x0, 0x0, 0x0,
    0x0, 0xbb, 0x0, 0x0, 0x0, 0x0, 0x0, 0x51,
    0x0, 0x0, 0x0, 0x0, 0x0, 0x0, 0x0, 0x0,
    0x0, 0x2, 0x9d, 0xfe, 0xb4, 0x0, 0x0, 0x5f,
    0xfb, 0x9a, 0xff, 0x60, 0x2, 0xfd, 0x20, 0x0,
    0x1c, 0xf2, 0x9, 0xf3, 0x0, 0x0, 0x2, 0xf8,
    0xe, 0xb0, 0x0, 0x0, 0x0, 0x44, 0x1f, 0x80,
    0x0, 0x0, 0x0, 0x0, 0x2f, 0x70, 0x0, 0x0,
    0x0, 0x0, 0x1f, 0x80, 0x0, 0x0, 0x0, 0x0,
    0xf, 0xb0, 0x0, 0x0, 0x0, 0x78, 0xa, 0xf2,
    0x0, 0x0, 0x1, 0xfa, 0x2, 0xfd, 0x20, 0x0,
    0x1b, 0xf2, 0x0, 0x5f, 0xfb, 0x9a, 0xef, 0x60,
    0x0, 0x2, 0x9d, 0xfe, 0xa3, 0x0,

    /* U+0107 "ć" */
    0x0, 0x0, 0x9, 0xe1, 0x0, 0x0, 0x0, 0x1f,
    0x50, 0x0, 0x0, 0x0, 0x25, 0x0, 0x0, 0x0,
    0x2a, 0xef, 0xc5, 0x0, 0x2, 0xef, 0x98, 0xdf,
    0x60, 0xb, 0xf2, 0x0, 0xc, 0xe0, 0xf, 0x90,
    0x0, 0x2, 0x61, 0x2f, 0x60, 0x0, 0x0, 0x0,
    0x2f, 0x60, 0x0, 0x0, 0x0, 0xf, 0x90, 0x0,
    0x4, 0x91, 0xb, 0xf2, 0x0, 0xc, 0xe0, 0x2,
    0xef, 0x98, 0xdf, 0x50, 0x0, 0x2a, 0xef, 0xc4,
    0x0,

    /* U+0108 "Ĉ" */
    0x0, 0x0, 0xa, 0xfa, 0x0, 0x0, 0x0, 0x0,
    0x4e, 0x2e, 0x50, 0x0, 0x0, 0x0, 0x63, 0x3,
    0x60, 0x0, 0x0, 0x0, 0x0, 0x0, 0x0, 0x0,
    0x0, 0x2, 0x9d, 0xfe, 0xb4, 0x0, 0x0, 0x5f,
    0xfb, 0x9a, 0xff, 0x60, 0x2, 0xfd, 0x20, 0x0,
    0x1c, 0xf2, 0x9, 0xf3, 0x0, 0x0, 0x2, 0xf8,
    0xe, 0xb0, 0x0, 0x0, 0x0, 0x44, 0x1f, 0x80,
    0x0, 0x0, 0x0, 0x0, 0x2f, 0x70, 0x0, 0x0,
    0x0, 0x0, 0x1f, 0x80, 0x0, 0x0, 0x0, 0x0,
    0xf, 0xb0, 0x0, 0x0, 0x0, 0x78, 0xa, 0xf2,
    0x0, 0x0, 0x1, 0xfa, 0x2, 0xfd, 0x20, 0x0,
    0x1b, 0xf2, 0x0, 0x5f, 0xfb, 0x9a, 0xef, 0x60,
    0x0, 0x2, 0x9d, 0xfe, 0xa3, 0x0,

    /* U+0109 "ĉ" */
    0x0, 0x2, 0xdb, 0x60, 0x0, 0x0, 0xc, 0x40,
    0xc3, 0x0, 0x0, 0x0, 0x0, 0x0, 0x0, 0x0,
    0x2a, 0xef, 0xc5, 0x0, 0x2, 0xef, 0x98, 0xdf,
    0x60, 0xb, 0xf2, 0x0, 0xc, 0xe0, 0xf, 0x90,
    0x0, 0x2, 0x61, 0x2f, 0x60, 0x0, 0x0, 0x0,
    0x2f, 0x60, 0x0, 0x0, 0x0, 0xf, 0x90, 0x0,
    0x4, 0x91, 0xb, 0xf2, 0x0, 0xc, 0xe0, 0x2,
    0xef, 0x98, 0xdf, 0x50, 0x0, 0x2a, 0xef, 0xc4,
    0x0,

    /* U+010A "Ċ" */
    0x0, 0x0, 0x3, 0xd4, 0x0, 0x0, 0x0, 0x0,
    0x4, 0xf5, 0x0, 0x0, 0x0, 0x0, 0x0, 0x0,
    0x0, 0x0, 0x0, 0x0, 0x0, 0x0, 0x0, 0x0,
    0x0, 0x2, 0x9d, 0xfe, 0xb4, 0x0, 0x0, 0x5f,
    0xfb, 0x9a, 0xff, 0x60, 0x2, 0xfd, 0x20, 0x0,
    0x1c, 0xf2, 0x9, 0xf3, 0x0, 0x0, 0x2, 0xf8,
    0xe, 0xb0, 0x0, 0x0, 0x0, 0x44, 0x1f, 0x80,
    0x0, 0x0, 0x0, 0x0, 0x2f, 0x70, 0x0, 0x0,
    0x0, 0x0, 0x1f, 0x80, 0x0, 0x0, 0x0, 0x0,
    0xf, 0xb0, 0x0, 0x0, 0x0, 0x78, 0xa, 0xf2,
    0x0, 0x0, 0x1, 0xfa, 0x2, 0xfd, 0x20, 0x0,
    0x1b, 0xf2, 0x0, 0x5f, 0xfb, 0x9a, 0xef, 0x60,
    0x0, 0x2, 0x9d, 0xfe, 0xa3, 0x0,

    /* U+010B "ċ" */
    0x0, 0x0, 0xaf, 0x0, 0x0, 0x0, 0x0, 0x8c,
    0x0, 0x0, 0x0, 0x0, 0x0, 0x0, 0x0, 0x0,
    0x2a, 0xef, 0xc5, 0x0, 0x2, 0xef, 0x98, 0xdf,
    0x60, 0xb, 0xf2, 0x0, 0xc, 0xe0, 0xf, 0x90,
    0x0, 0x2, 0x61, 0x2f, 0x60, 0x0, 0x0, 0x0,
    0x2f, 0x60, 0x0, 0x0, 0x0, 0xf, 0x90, 0x0,
    0x4, 0x91, 0xb, 0xf2, 0x0, 0xc, 0xe0, 0x2,
    0xef, 0x98, 0xdf, 0x50, 0x0, 0x2a, 0xef, 0xc4,
    0x0,

    /* U+010C "Č" */
    0x0, 0x0, 0xab, 0xb, 0xa0, 0x0, 0x0, 0x0,
    0x1e, 0xee, 0x10, 0x0, 0x0, 0x0, 0x3, 0x84,
    0x0, 0x0, 0x0, 0x0, 0x0, 0x0, 0x0, 0x0,
    0x0, 0x2, 0x9d, 0xfe, 0xb4, 0x0, 0x0, 0x5f,
    0xfb, 0x9a, 0xff, 0x60, 0x2, 0xfd, 0x20, 0x0,
    0x1c, 0xf2, 0x9, 0xf3, 0x0, 0x0, 0x2, 0xf8,
    0xe, 0xb0, 0x0, 0x0, 0x0, 0x44, 0x1f, 0x80,
    0x0, 0x0, 0x0, 0x0, 0x2f, 0x70, 0x0, 0x0,
    0x0, 0x0, 0x1f, 0x80, 0x0, 0x0, 0x0, 0x0,
    0xf, 0xb0, 0x0, 0x0, 0x0, 0x78, 0xa, 0xf2,
    0x0, 0x0, 0x1, 0xfa, 0x2, 0xfd, 0x20, 0x0,
    0x1b, 0xf2, 0x0, 0x5f, 0xfb, 0x9a, 0xef, 0x60,
    0x0, 0x2, 0x9d, 0xfe, 0xa3, 0x0,

    /* U+010D "č" */
    0x0, 0xd, 0x62, 0xe4, 0x0, 0x0, 0x3, 0xfe,
    0x70, 0x0, 0x0, 0x0, 0x11, 0x0, 0x0, 0x0,
    0x2a, 0xef, 0xc5, 0x0, 0x2, 0xef, 0x98, 0xdf,
    0x60, 0xb, 0xf2, 0x0, 0xc, 0xe0, 0xf, 0x90,
    0x0, 0x2, 0x61, 0x2f, 0x60, 0x0, 0x0, 0x0,
    0x2f, 0x60, 0x0, 0x0, 0x0, 0xf, 0x90, 0x0,
    0x4, 0x91, 0xb, 0xf2, 0x0, 0xc, 0xe0, 0x2,
    0xef, 0x98, 0xdf, 0x50, 0x0, 0x2a, 0xef, 0xc4,
    0x0,

    /* U+010E "Ď" */
    0x0, 0x5e, 0x5, 0xe0, 0x0, 0x0, 0x0, 0xab,
    0xe4, 0x0, 0x0, 0x0, 0x1, 0x86, 0x0, 0x0,
    0x0, 0x0, 0x0, 0x0, 0x0, 0x0, 0x5f, 0xff,
    0xfe, 0xc6, 0x0, 0x5, 0xfa, 0x88, 0x9d, 0xfc,
    0x10, 0x5f, 0x30, 0x0, 0x6, 0xfb, 0x5, 0xf3,
    0x0, 0x0, 0x8, 0xf3, 0x5f, 0x30, 0x0, 0x0,
    0x1f, 0x85, 0xf3, 0x0, 0x0, 0x0, 0xea, 0x5f,
    0x30, 0x0, 0x0, 0xe, 0xb5, 0xf3, 0x0, 0x0,
    0x0, 0xea, 0x5f, 0x30, 0x0, 0x0, 0x1f, 0x85,
    0xf3, 0x0, 0x0, 0x8, 0xf4, 0x5f, 0x30, 0x0,
    0x6, 0xfc, 0x5, 0xfa, 0x88, 0x9d, 0xfd, 0x10,
    0x5f, 0xff, 0xff, 0xc7, 0x0, 0x0,

    /* U+010F "ď" */
    0x0, 0x0, 0x0, 0x3, 0xf4, 0x4f, 0x20, 0x0,
    0x0, 0x0, 0x3f, 0x46, 0xf0, 0x0, 0x0, 0x0,
    0x3, 0xf4, 0x8c, 0x0, 0x3, 0xcf, 0xe8, 0x4f,
    0x4a, 0x90, 0x3, 0xff, 0xba, 0xed, 0xf4, 0x63,
    0x0, 0xbf, 0x30, 0x1, 0xef, 0x40, 0x0, 0xf,
    0xa0, 0x0, 0x7, 0xf4, 0x0, 0x2, 0xf7, 0x0,
    0x0, 0x4f, 0x40, 0x0, 0x2f, 0x60, 0x0, 0x4,
    0xf4, 0x0, 0x0, 0xf9, 0x0, 0x0, 0x7f, 0x40,
    0x0, 0xb, 0xf2, 0x0, 0xd, 0xf4, 0x0, 0x0,
    0x3f, 0xf9, 0x8d, 0xdf, 0x40, 0x0, 0x0, 0x3c,
    0xfe, 0x92, 0xf4, 0x0, 0x0,

    /* U+0110 "Đ" */
    0x5, 0xff, 0xff, 0xec, 0x60, 0x0, 0x5, 0xfa,
    0x88, 0x9d, 0xfc, 0x10, 0x5, 0xf3, 0x0, 0x0,
    0x6f, 0xb0, 0x5, 0xf3, 0x0, 0x0, 0x8, 0xf3,
    0x5, 0xf3, 0x0, 0x0, 0x1, 0xf8, 0x17, 0xf5,
    0x22, 0x10, 0x0, 0xea, 0xaf, 0xff, 0xff, 0xd0,
    0x0, 0xeb, 0x3a, 0xf8, 0x55, 0x40, 0x0, 0xea,
    0x5, 0xf3, 0x0, 0x0, 0x1, 0xf8, 0x5, 0xf3,
    0x0, 0x0, 0x8, 0xf4, 0x5, 0xf3, 0x0, 0x0,
    0x6f, 0xc0, 0x5, 0xfa, 0x88, 0x9d, 0xfd, 0x10,
    0x5, 0xff, 0xff, 0xfc, 0x70, 0x0,

    /* U+0111 "đ" */
    0x0, 0x0, 0x0, 0x4, 0xf4, 0x0, 0x0, 0x0,
    0xff, 0xff, 0xf7, 0x0, 0x0, 0x3, 0x37, 0xf7,
    0x10, 0x3, 0xcf, 0xe9, 0x4f, 0x40, 0x3, 0xff,
    0x98, 0xdd, 0xf4, 0x0, 0xbf, 0x20, 0x0, 0xdf,
    0x40, 0xf, 0x90, 0x0, 0x7, 0xf4, 0x2, 0xf7,
    0x0, 0x0, 0x4f, 0x40, 0x2f, 0x60, 0x0, 0x4,
    0xf4, 0x0, 0xf9, 0x0, 0x0, 0x7f, 0x40, 0xb,
    0xf2, 0x0, 0xd, 0xf4, 0x0, 0x3f, 0xf9, 0x8d,
    0xdf, 0x40, 0x0, 0x3c, 0xfe, 0x92, 0xf4, 0x0,

    /* U+0112 "Ē" */
    0x0, 0x1, 0x11, 0x10, 0x0, 0xb, 0xff, 0xff,
    0x20, 0x0, 0x24, 0x44, 0x40, 0x0, 0x0, 0x0,
    0x0, 0x0, 0x5f, 0xff, 0xff, 0xff, 0xb5, 0xfa,
    0x88, 0x88, 0x86, 0x5f, 0x30, 0x0, 0x0, 0x5,
    0xf3, 0x0, 0x0, 0x0, 0x5f, 0x30, 0x0, 0x0,
    0x5, 0xf9, 0x88, 0x88, 0x83, 0x5f, 0xff, 0xff,
    0xff, 0x75, 0xf3, 0x0, 0x0, 0x0, 0x5f, 0x30,
    0x0, 0x0, 0x5, 0xf3, 0x0, 0x0, 0x0, 0x5f,
    0x30, 0x0, 0x0, 0x5, 0xfa, 0x88, 0x88, 0x87,
    0x5f, 0xff, 0xff, 0xff, 0xd0,

    /* U+0113 "ē" */
    0x0, 0x4f, 0xff, 0xf9, 0x0, 0x0, 0x15, 0x55,
    0x53, 0x0, 0x0, 0x0, 0x0, 0x0, 0x0, 0x0,
    0x2a, 0xef, 0xc4, 0x0, 0x2, 0xee, 0x98, 0xdf,
    0x40, 0xb, 0xe1, 0x0, 0xd, 0xd0, 0xf, 0x81,
    0x11, 0x18, 0xf2, 0x2f, 0xff, 0xff, 0xff, 0xf4,
    0x2f, 0x94, 0x44, 0x44, 0x41, 0xf, 0x90, 0x0,
    0x1, 0x10, 0xb, 0xf2, 0x0, 0xc, 0xe0, 0x2,
    0xff, 0x98, 0xdf, 0x50, 0x0, 0x2a, 0xef, 0xc4,
    0x0,

    /* U+0114 "Ĕ" */
    0x0, 0x4d, 0x20, 0x9a, 0x0, 0x0, 0x0, 0x9f,
    0xfd, 0x10, 0x0, 0x0, 0x0, 0x1, 0x0, 0x0,
    0x9, 0xff, 0xff, 0xff, 0xff, 0xc0, 0x9f, 0xa9,
    0x99, 0x99, 0x97, 0x9, 0xf2, 0x0, 0x0, 0x0,
    0x0, 0x9f, 0x20, 0x0, 0x0, 0x0, 0x9, 0xf2,
    0x0, 0x0, 0x0, 0x0, 0x9f, 0x20, 0x0, 0x0,
    0x0, 0x9, 0xfa, 0x99, 0x99, 0x99, 0x20, 0x9f,
    0xff, 0xff, 0xff, 0xf4, 0x9, 0xf2, 0x0, 0x0,
    0x0, 0x0, 0x9f, 0x20, 0x0, 0x0, 0x0, 0x9,
    0xf2, 0x0, 0x0, 0x0, 0x0, 0x9f, 0x20, 0x0,
    0x0, 0x0, 0x9, 0xfa, 0x99, 0x99, 0x99, 0x90,
    0x9f, 0xff, 0xff, 0xff, 0xff, 0x0,

    /* U+0115 "ĕ" */
    0x0, 0x5d, 0x10, 0xa9, 0x0, 0x0, 0xa, 0xff,
    0xd1, 0x0, 0x0, 0x0, 0x11, 0x0, 0x0, 0x0,
    0x0, 0x0, 0x0, 0x0, 0x0, 0x3b, 0xff, 0xb3,
    0x0, 0x3, 0xfd, 0x76, 0xcf, 0x40, 0xc, 0xe0,
    0x0, 0xc, 0xd0, 0x1f, 0x91, 0x11, 0x17, 0xf2,
    0x4f, 0xff, 0xff, 0xff, 0xf4, 0x4f, 0x94, 0x44,
    0x44, 0x41, 0x2f, 0x90, 0x0, 0x2, 0x40, 0xd,
    0xf1, 0x0, 0xc, 0xe0, 0x4, 0xfe, 0x86, 0xcf,
    0x60, 0x0, 0x3b, 0xff, 0xc5, 0x0,

    /* U+0116 "Ė" */
    0x0, 0x1, 0xd6, 0x0, 0x0, 0x0, 0x1f, 0x80,
    0x0, 0x0, 0x0, 0x0, 0x0, 0x0, 0x0, 0x0,
    0x0, 0x0, 0x5f, 0xff, 0xff, 0xff, 0xb5, 0xfa,
    0x88, 0x88, 0x86, 0x5f, 0x30, 0x0, 0x0, 0x5,
    0xf3, 0x0, 0x0, 0x0, 0x5f, 0x30, 0x0, 0x0,
    0x5, 0xf9, 0x88, 0x88, 0x83, 0x5f, 0xff, 0xff,
    0xff, 0x75, 0xf3, 0x0, 0x0, 0x0, 0x5f, 0x30,
    0x0, 0x0, 0x5, 0xf3, 0x0, 0x0, 0x0, 0x5f,
    0x30, 0x0, 0x0, 0x5, 0xfa, 0x88, 0x88, 0x87,
    0x5f, 0xff, 0xff, 0xff, 0xd0,

    /* U+0117 "ė" */
    0x0, 0x0, 0xaf, 0x0, 0x0, 0x0, 0x0, 0x8c,
    0x0, 0x0, 0x0, 0x0, 0x0, 0x0, 0x0, 0x0,
    0x2a, 0xef, 0xc4, 0x0, 0x2, 0xee, 0x98, 0xdf,
    0x40, 0xb, 0xe1, 0x0, 0xd, 0xd0, 0xf, 0x81,
    0x11, 0x18, 0xf2, 0x2f, 0xff, 0xff, 0xff, 0xf4,
    0x2f, 0x94, 0x44, 0x44, 0x41, 0xf, 0x90, 0x0,
    0x1, 0x10, 0xb, 0xf2, 0x0, 0xc, 0xe0, 0x2,
    0xff, 0x98, 0xdf, 0x50, 0x0, 0x2a, 0xef, 0xc4,
    0x0,

    /* U+0118 "Ę" */
    0x5f, 0xff, 0xff, 0xff, 0xb0, 0x5f, 0xa8, 0x88,
    0x88, 0x60, 0x5f, 0x30, 0x0, 0x0, 0x0, 0x5f,
    0x30, 0x0, 0x0, 0x0, 0x5f, 0x30, 0x0, 0x0,
    0x0, 0x5f, 0x98, 0x88, 0x88, 0x30, 0x5f, 0xff,
    0xff, 0xff, 0x70, 0x5f, 0x30, 0x0, 0x0, 0x0,
    0x5f, 0x30, 0x0, 0x0, 0x0, 0x5f, 0x30, 0x0,
    0x0, 0x0, 0x5f, 0x30, 0x0, 0x0, 0x0, 0x5f,
    0xa8, 0x88, 0x88, 0x70, 0x5f, 0xff, 0xff, 0xff,
    0xe0, 0x0, 0x0, 0x0, 0xb, 0x80, 0x0, 0x0,
    0x0, 0x5e, 0x0, 0x0, 0x0, 0x0, 0xbb, 0x10,
    0x0, 0x0, 0x0, 0x8f, 0xf4, 0x0, 0x0, 0x0,
    0x2, 0x10,

    /* U+0119 "ę" */
    0x0, 0x2a, 0xef, 0xc4, 0x0, 0x2, 0xee, 0x98,
    0xdf, 0x40, 0xb, 0xe1, 0x0, 0xd, 0xd0, 0xf,
    0x81, 0x11, 0x18, 0xf2, 0x2f, 0xff, 0xff, 0xff,
    0xf4, 0x2f, 0x94, 0x44, 0x44, 0x41, 0xf, 0x90,
    0x0, 0x1, 0x10, 0xb, 0xf2, 0x0, 0xc, 0xe0,
    0x2, 0xff, 0x98, 0xef, 0x60, 0x0, 0x2a, 0xef,
    0xfd, 0x0, 0x0, 0x0, 0xa, 0xb0, 0x0, 0x0,
    0x0, 0xf, 0x61, 0x0, 0x0, 0x0, 0xd, 0xfe,
    0x0, 0x0, 0x0, 0x0, 0x20, 0x0,

    /* U+011A "Ě" */
    0x0, 0x7c, 0x6, 0xd0, 0x0, 0x0, 0xca, 0xf3,
    0x0, 0x0, 0x2, 0x85, 0x0, 0x0, 0x0, 0x0,
    0x0, 0x0, 0x5f, 0xff, 0xff, 0xff, 0xb5, 0xfa,
    0x88, 0x88, 0x86, 0x5f, 0x30, 0x0, 0x0, 0x5,
    0xf3, 0x0, 0x0, 0x0, 0x5f, 0x30, 0x0, 0x0,
    0x5, 0xf9, 0x88, 0x88, 0x83, 0x5f, 0xff, 0xff,
    0xff, 0x75, 0xf3, 0x0, 0x0, 0x0, 0x5f, 0x30,
    0x0, 0x0, 0x5, 0xf3, 0x0, 0x0, 0x0, 0x5f,
    0x30, 0x0, 0x0, 0x5, 0xfa, 0x88, 0x88, 0x87,
    0x5f, 0xff, 0xff, 0xff, 0xd0,

    /* U+011B "ě" */
    0x0, 0xd, 0x62, 0xe4, 0x0, 0x0, 0x3, 0xfe,
    0x70, 0x0, 0x0, 0x0, 0x12, 0x0, 0x0, 0x0,
    0x2a, 0xef, 0xc4, 0x0, 0x2, 0xee, 0x98, 0xdf,
    0x40, 0xb, 0xe1, 0x0, 0xd, 0xd0, 0xf, 0x81,
    0x11, 0x18, 0xf2, 0x2f, 0xff, 0xff, 0xff, 0xf4,
    0x2f, 0x94, 0x44, 0x44, 0x41, 0xf, 0x90, 0x0,
    0x1, 0x10, 0xb, 0xf2, 0x0, 0xc, 0xe0, 0x2,
    0xff, 0x98, 0xdf, 0x50, 0x0, 0x2a, 0xef, 0xc4,
    0x0,

    /* U+011C "Ĝ" */
    0x0, 0x0, 0x9, 0xfb, 0x0, 0x0, 0x0, 0x0,
    0x4e, 0x2d, 0x50, 0x0, 0x0, 0x0, 0x54, 0x3,
    0x60, 0x0, 0x0, 0x0, 0x0, 0x0, 0x0, 0x0,
    0x0, 0x2, 0x9d, 0xfe, 0xa3, 0x0, 0x0, 0x4f,
    0xfb, 0x9a, 0xef, 0x60, 0x2, 0xfd, 0x20, 0x0,
    0xb, 0xf2, 0x9, 0xf2, 0x0, 0x0, 0x2, 0xf7,
    0xe, 0xb0, 0x0, 0x0, 0x0, 0x0, 0x1f, 0x80,
    0x0, 0x0, 0x0, 0x0, 0x2f, 0x70, 0x0, 0x6f,
    0xff, 0xfb, 0x1f, 0x80, 0x0, 0x38, 0x88, 0xeb,
    0xe, 0xb0, 0x0, 0x0, 0x0, 0xeb, 0xa, 0xf2,
    0x0, 0x0, 0x4, 0xfb, 0x2, 0xfd, 0x10, 0x0,
    0x2e, 0xfb, 0x0, 0x5f, 0xfb, 0x9b, 0xfc, 0x8b,
    0x0, 0x2, 0xad, 0xfd, 0x80, 0x7b,

    /* U+011D "ĝ" */
    0x0, 0x3, 0xcb, 0x50, 0x0, 0x0, 0x1c, 0x31,
    0xd2, 0x0, 0x0, 0x0, 0x0, 0x0, 0x0, 0x0,
    0x3b, 0xfe, 0x93, 0xf4, 0x3, 0xfe, 0x98, 0xed,
    0xf4, 0xc, 0xe1, 0x0, 0xd, 0xf4, 0x1f, 0x80,
    0x0, 0x6, 0xf4, 0x2f, 0x60, 0x0, 0x4, 0xf4,
    0x1f, 0x70, 0x0, 0x6, 0xf4, 0xd, 0xc0, 0x0,
    0xb, 0xf4, 0x6, 0xfa, 0x33, 0xaf, 0xf4, 0x0,
    0x7f, 0xff, 0xe6, 0xf4, 0x0, 0x1, 0x44, 0x4,
    0xf3, 0xc, 0xd0, 0x0, 0xa, 0xf1, 0x3, 0xfd,
    0x88, 0xcf, 0x80, 0x0, 0x3b, 0xff, 0xd6, 0x0,

    /* U+011E "Ğ" */
    0x0, 0x0, 0xd6, 0x4, 0xe0, 0x0, 0x0, 0x0,
    0x4e, 0xff, 0x50, 0x0, 0x0, 0x0, 0x0, 0x10,
    0x0, 0x0, 0x0, 0x0, 0x0, 0x0, 0x0, 0x0,
    0x0, 0x2, 0x9d, 0xfe, 0xa3, 0x0, 0x0, 0x4f,
    0xfb, 0x9a, 0xef, 0x60, 0x2, 0xfd, 0x20, 0x0,
    0xb, 0xf2, 0x9, 0xf2, 0x0, 0x0, 0x2, 0xf7,
    0xe, 0xb0, 0x0, 0x0, 0x0, 0x0, 0x1f, 0x80,
    0x0, 0x0, 0x0, 0x0, 0x2f, 0x70, 0x0, 0x6f,
    0xff, 0xfb, 0x1f, 0x80, 0x0, 0x38, 0x88, 0xeb,
    0xe, 0xb0, 0x0, 0x0, 0x0, 0xeb, 0xa, 0xf2,
    0x0, 0x0, 0x4, 0xfb, 0x2, 0xfd, 0x10, 0x0,
    0x2e, 0xfb, 0x0, 0x5f, 0xfb, 0x9b, 0xfc, 0x8b,
    0x0, 0x2, 0xad, 0xfd, 0x80, 0x7b,

    /* U+011F "ğ" */
    0x0, 0x4d, 0x21, 0xb7, 0x0, 0x0, 0xa, 0xff,
    0xc1, 0x0, 0x0, 0x0, 0x11, 0x0, 0x0, 0x0,
    0x3b, 0xfe, 0x93, 0xf4, 0x3, 0xfe, 0x98, 0xed,
    0xf4, 0xc, 0xe1, 0x0, 0xd, 0xf4, 0x1f, 0x80,
    0x0, 0x6, 0xf4, 0x2f, 0x60, 0x0, 0x4, 0xf4,
    0x1f, 0x70, 0x0, 0x6, 0xf4, 0xd, 0xc0, 0x0,
    0xb, 0xf4, 0x6, 0xfa, 0x33, 0xaf, 0xf4, 0x0,
    0x7f, 0xff, 0xe6, 0xf4, 0x0, 0x1, 0x44, 0x4,
    0xf3, 0xc, 0xd0, 0x0, 0xa, 0xf1, 0x3, 0xfd,
    0x88, 0xcf, 0x80, 0x0, 0x3b, 0xff, 0xd6, 0x0,

    /* U+0120 "Ġ" */
    0x0, 0x0, 0x3, 0xd4, 0x0, 0x0, 0x0, 0x0,
    0x3, 0xf5, 0x0, 0x0, 0x0, 0x0, 0x0, 0x0,
    0x0, 0x0, 0x0, 0x0, 0x0, 0x0, 0x0, 0x0,
    0x0, 0x2, 0x9d, 0xfe, 0xa3, 0x0, 0x0, 0x4f,
    0xfb, 0x9a, 0xef, 0x60, 0x2, 0xfd, 0x20, 0x0,
    0xb, 0xf2, 0x9, 0xf2, 0x0, 0x0, 0x2, 0xf7,
    0xe, 0xb0, 0x0, 0x0, 0x0, 0x0, 0x1f, 0x80,
    0x0, 0x0, 0x0, 0x0, 0x2f, 0x70, 0x0, 0x6f,
    0xff, 0xfb, 0x1f, 0x80, 0x0, 0x38, 0x88, 0xeb,
    0xe, 0xb0, 0x0, 0x0, 0x0, 0xeb, 0xa, 0xf2,
    0x0, 0x0, 0x4, 0xfb, 0x2, 0xfd, 0x10, 0x0,
    0x2e, 0xfb, 0x0, 0x5f, 0xfb, 0x9b, 0xfc, 0x8b,
    0x0, 0x2, 0xad, 0xfd, 0x80, 0x7b,

    /* U+0121 "ġ" */
    0x0, 0x0, 0xbe, 0x0, 0x0, 0x0, 0x0, 0x9b,
    0x0, 0x0, 0x0, 0x0, 0x0, 0x0, 0x0, 0x0,
    0x3b, 0xfe, 0x93, 0xf4, 0x3, 0xfe, 0x98, 0xed,
    0xf4, 0xc, 0xe1, 0x0, 0xd, 0xf4, 0x1f, 0x80,
    0x0, 0x6, 0xf4, 0x2f, 0x60, 0x0, 0x4, 0xf4,
    0x1f, 0x70, 0x0, 0x6, 0xf4, 0xd, 0xc0, 0x0,
    0xb, 0xf4, 0x6, 0xfa, 0x33, 0xaf, 0xf4, 0x0,
    0x7f, 0xff, 0xe6, 0xf4, 0x0, 0x1, 0x44, 0x4,
    0xf3, 0xc, 0xd0, 0x0, 0xa, 0xf1, 0x3, 0xfd,
    0x88, 0xcf, 0x80, 0x0, 0x3b, 0xff, 0xd6, 0x0,

    /* U+0122 "Ģ" */
    0x0, 0x2, 0x9d, 0xfe, 0xa3, 0x0, 0x0, 0x4f,
    0xfb, 0x9a, 0xff, 0x50, 0x2, 0xfd, 0x20, 0x0,
    0x1c, 0xf1, 0x9, 0xf2, 0x0, 0x0, 0x3, 0xf7,
    0xe, 0xb0, 0x0, 0x0, 0x0, 0x32, 0x1f, 0x80,
    0x0, 0x0, 0x0, 0x0, 0x2f, 0x70, 0x0, 0x38,
    0x88, 0x85, 0x1f, 0x80, 0x0, 0x6f, 0xff, 0xfb,
    0xe, 0xb0, 0x0, 0x0, 0x0, 0xdb, 0xa, 0xf2,
    0x0, 0x0, 0x2, 0xfb, 0x2, 0xfd, 0x10, 0x0,
    0x1c, 0xfb, 0x0, 0x5f, 0xfb, 0x9a, 0xfd, 0x8b,
    0x0, 0x2, 0xad, 0xfd, 0x80, 0x7b, 0x0, 0x0,
    0x0, 0x0, 0x0, 0x0, 0x0, 0x0, 0x3, 0xa5,
    0x0, 0x0, 0x0, 0x0, 0x5, 0xf7, 0x0, 0x0,
    0x0, 0x0, 0x0, 0xd2, 0x0, 0x0, 0x0, 0x0,
    0x6, 0xa0, 0x0, 0x0,

    /* U+0123 "ģ" */
    0x0, 0x0, 0x7, 0x10, 0x0, 0x0, 0x0, 0x6a,
    0x0, 0x0, 0x0, 0x0, 0xdf, 0x0, 0x0, 0x0,
    0x0, 0x9a, 0x0, 0x0, 0x0, 0x0, 0x0, 0x0,
    0x0, 0x0, 0x3b, 0xfe, 0x93, 0xf4, 0x3, 0xfe,
    0x98, 0xed, 0xf4, 0xc, 0xe1, 0x0, 0xd, 0xf4,
    0x1f, 0x80, 0x0, 0x6, 0xf4, 0x2f, 0x60, 0x0,
    0x4, 0xf4, 0x1f, 0x70, 0x0, 0x6, 0xf4, 0xd,
    0xc0, 0x0, 0xb, 0xf4, 0x6, 0xfa, 0x33, 0xaf,
    0xf4, 0x0, 0x7f, 0xff, 0xe6, 0xf4, 0x0, 0x1,
    0x44, 0x4, 0xf3, 0xc, 0xd0, 0x0, 0xa, 0xf1,
    0x3, 0xfd, 0x88, 0xcf, 0x80, 0x0, 0x3b, 0xff,
    0xd6, 0x0,

    /* U+0124 "Ĥ" */
    0x0, 0x0, 0xbf, 0x90, 0x0, 0x0, 0x0, 0x6f,
    0x7f, 0x30, 0x0, 0x0, 0x7, 0x30, 0x45, 0x0,
    0x0, 0x0, 0x0, 0x0, 0x0, 0x0, 0x5f, 0x30,
    0x0, 0x0, 0x6f, 0x25, 0xf3, 0x0, 0x0, 0x6,
    0xf2, 0x5f, 0x30, 0x0, 0x0, 0x6f, 0x25, 0xf3,
    0x0, 0x0, 0x6, 0xf2, 0x5f, 0x30, 0x0, 0x0,
    0x6f, 0x25, 0xfb, 0x88, 0x88, 0x8e, 0xf2, 0x5f,
    0xff, 0xff, 0xff, 0xff, 0x25, 0xf3, 0x0, 0x0,
    0x6, 0xf2, 0x5f, 0x30, 0x0, 0x0, 0x6f, 0x25,
    0xf3, 0x0, 0x0, 0x6, 0xf2, 0x5f, 0x30, 0x0,
    0x0, 0x6f, 0x25, 0xf3, 0x0, 0x0, 0x6, 0xf2,
    0x5f, 0x30, 0x0, 0x0, 0x6f, 0x20,

    /* U+0125 "ĥ" */
    0x0, 0x68, 0x10, 0x0, 0x0, 0x0, 0x4e, 0xbb,
    0x0, 0x0, 0x0, 0xe, 0x50, 0xe5, 0x0, 0x0,
    0x0, 0x0, 0x0, 0x0, 0x0, 0x0, 0x0, 0x9f,
    0x0, 0x0, 0x0, 0x0, 0x9, 0xf0, 0x0, 0x0,
    0x0, 0x0, 0x9f, 0x0, 0x0, 0x0, 0x0, 0x9,
    0xf2, 0xbe, 0xe8, 0x0, 0x0, 0x9f, 0xd9, 0x6a,
    0xf7, 0x0, 0x9, 0xf6, 0x0, 0xc, 0xd0, 0x0,
    0x9f, 0x0, 0x0, 0x9f, 0x0, 0x9, 0xf0, 0x0,
    0x8, 0xf0, 0x0, 0x9f, 0x0, 0x0, 0x8f, 0x0,
    0x9, 0xf0, 0x0, 0x8, 0xf0, 0x0, 0x9f, 0x0,
    0x0, 0x8f, 0x0, 0x9, 0xf0, 0x0, 0x8, 0xf0,
    0x0, 0x9f, 0x0, 0x0, 0x8f, 0x0,

    /* U+0126 "Ħ" */
    0x5, 0xf3, 0x0, 0x0, 0x6, 0xf2, 0x1, 0x7f,
    0x52, 0x22, 0x22, 0x8f, 0x51, 0xbf, 0xff, 0xff,
    0xff, 0xff, 0xff, 0x83, 0xaf, 0x85, 0x55, 0x55,
    0xbf, 0x82, 0x5, 0xf3, 0x0, 0x0, 0x6, 0xf2,
    0x0, 0x5f, 0xb8, 0x88, 0x88, 0xef, 0x20, 0x5,
    0xff, 0xff, 0xff, 0xff, 0xf2, 0x0, 0x5f, 0x30,
    0x0, 0x0, 0x6f, 0x20, 0x5, 0xf3, 0x0, 0x0,
    0x6, 0xf2, 0x0, 0x5f, 0x30, 0x0, 0x0, 0x6f,
    0x20, 0x5, 0xf3, 0x0, 0x0, 0x6, 0xf2, 0x0,
    0x5f, 0x30, 0x0, 0x0, 0x6f, 0x20, 0x5, 0xf3,
    0x0, 0x0, 0x6, 0xf2, 0x0,

    /* U+0127 "ħ" */
    0x9, 0xf0, 0x0, 0x0, 0x0, 0xdf, 0xff, 0xf9,
    0x0, 0x0, 0x2c, 0xf3, 0x32, 0x0, 0x0, 0x9,
    0xf2, 0xbe, 0xe8, 0x0, 0x9, 0xfd, 0x96, 0xaf,
    0x70, 0x9, 0xf6, 0x0, 0xc, 0xd0, 0x9, 0xf0,
    0x0, 0x9, 0xf0, 0x9, 0xf0, 0x0, 0x8, 0xf0,
    0x9, 0xf0, 0x0, 0x8, 0xf0, 0x9, 0xf0, 0x0,
    0x8, 0xf0, 0x9, 0xf0, 0x0, 0x8, 0xf0, 0x9,
    0xf0, 0x0, 0x8, 0xf0, 0x9, 0xf0, 0x0, 0x8,
    0xf0,

    /* U+0128 "Ĩ" */
    0xa, 0xd7, 0xb, 0x24, 0xb3, 0xbf, 0xb0, 0x0,
    0x0, 0x0, 0x0, 0x0, 0x0, 0x0, 0x0, 0x5f,
    0x30, 0x0, 0x5, 0xf3, 0x0, 0x0, 0x5f, 0x30,
    0x0, 0x5, 0xf3, 0x0, 0x0, 0x5f, 0x30, 0x0,
    0x5, 0xf3, 0x0, 0x0, 0x5f, 0x30, 0x0, 0x5,
    0xf3, 0x0, 0x0, 0x5f, 0x30, 0x0, 0x5, 0xf3,
    0x0, 0x0, 0x5f, 0x30, 0x0, 0x5, 0xf3, 0x0,
    0x0, 0x5f, 0x30, 0x0,

    /* U+0129 "ĩ" */
    0x2d, 0xe5, 0x1e, 0x8, 0x73, 0xdf, 0x70, 0x10,
    0x0, 0x0, 0x0, 0x9, 0xf0, 0x0, 0x0, 0x9f,
    0x0, 0x0, 0x9, 0xf0, 0x0, 0x0, 0x9f, 0x0,
    0x0, 0x9, 0xf0, 0x0, 0x0, 0x9f, 0x0, 0x0,
    0x9, 0xf0, 0x0, 0x0, 0x9f, 0x0, 0x0, 0x9,
    0xf0, 0x0, 0x0, 0x9f, 0x0, 0x0,

    /* U+012A "Ī" */
    0x1, 0x11, 0xf, 0xff, 0xfd, 0x34, 0x44, 0x30,
    0x0, 0x0, 0x5, 0xf3, 0x0, 0x5f, 0x30, 0x5,
    0xf3, 0x0, 0x5f, 0x30, 0x5, 0xf3, 0x0, 0x5f,
    0x30, 0x5, 0xf3, 0x0, 0x5f, 0x30, 0x5, 0xf3,
    0x0, 0x5f, 0x30, 0x5, 0xf3, 0x0, 0x5f, 0x30,
    0x5, 0xf3, 0x0,

    /* U+012B "ī" */
    0x3f, 0xff, 0xf9, 0x15, 0x55, 0x53, 0x0, 0x0,
    0x0, 0x0, 0x9f, 0x0, 0x0, 0x9f, 0x0, 0x0,
    0x9f, 0x0, 0x0, 0x9f, 0x0, 0x0, 0x9f, 0x0,
    0x0, 0x9f, 0x0, 0x0, 0x9f, 0x0, 0x0, 0x9f,
    0x0, 0x0, 0x9f, 0x0, 0x0, 0x9f, 0x0,

    /* U+012C "Ĭ" */
    0xe, 0x60, 0x4f, 0x0, 0x5e, 0xff, 0x50, 0x0,
    0x1, 0x0, 0x0, 0x5, 0xf5, 0x0, 0x0, 0x5f,
    0x50, 0x0, 0x5, 0xf5, 0x0, 0x0, 0x5f, 0x50,
    0x0, 0x5, 0xf5, 0x0, 0x0, 0x5f, 0x50, 0x0,
    0x5, 0xf5, 0x0, 0x0, 0x5f, 0x50, 0x0, 0x5,
    0xf5, 0x0, 0x0, 0x5f, 0x50, 0x0, 0x5, 0xf5,
    0x0, 0x0, 0x5f, 0x50, 0x0, 0x5, 0xf5, 0x0,
    0x0, 0x5f, 0x50, 0x0,

    /* U+012D "ĭ" */
    0x89, 0x0, 0x97, 0x4e, 0x22, 0xe3, 0x9, 0xff,
    0x80, 0x0, 0x11, 0x0, 0x0, 0xcc, 0x0, 0x0,
    0xcc, 0x0, 0x0, 0xcc, 0x0, 0x0, 0xcc, 0x0,
    0x0, 0xcc, 0x0, 0x0, 0xcc, 0x0, 0x0, 0xcc,
    0x0, 0x0, 0xcc, 0x0, 0x0, 0xcc, 0x0, 0x0,
    0xcc, 0x0,

    /* U+012E "Į" */
    0x5, 0xf3, 0x5, 0xf3, 0x5, 0xf3, 0x5, 0xf3,
    0x5, 0xf3, 0x5, 0xf3, 0x5, 0xf3, 0x5, 0xf3,
    0x5, 0xf3, 0x5, 0xf3, 0x5, 0xf3, 0x5, 0xf3,
    0x5, 0xf3, 0x5, 0xd0, 0xe, 0x50, 0x5f, 0x21,
    0x3f, 0xfa, 0x1, 0x20,

    /* U+012F "į" */
    0x9, 0xf0, 0x7, 0xc0, 0x0, 0x0, 0x9, 0xf0,
    0x9, 0xf0, 0x9, 0xf0, 0x9, 0xf0, 0x9, 0xf0,
    0x9, 0xf0, 0x9, 0xf0, 0x9, 0xf0, 0x9, 0xf0,
    0xa, 0xf0, 0xa, 0xa0, 0x3f, 0x10, 0x9d, 0x11,
    0x6f, 0xf6, 0x2, 0x20,

    /* U+0130 "İ" */
    0x4d, 0x25, 0xf3, 0x0, 0x0, 0x0, 0x5f, 0x35,
    0xf3, 0x5f, 0x35, 0xf3, 0x5f, 0x35, 0xf3, 0x5f,
    0x35, 0xf3, 0x5f, 0x35, 0xf3, 0x5f, 0x35, 0xf3,
    0x5f, 0x30,

    /* U+0131 "ı" */
    0x9f, 0x9f, 0x9f, 0x9f, 0x9f, 0x9f, 0x9f, 0x9f,
    0x9f, 0x9f,

    /* U+0132 "Ĳ" */
    0x5f, 0x30, 0x0, 0x0, 0x0, 0xb, 0xd5, 0xf3,
    0x0, 0x0, 0x0, 0x0, 0xbd, 0x5f, 0x30, 0x0,
    0x0, 0x0, 0xb, 0xd5, 0xf3, 0x0, 0x0, 0x0,
    0x0, 0xbd, 0x5f, 0x30, 0x0, 0x0, 0x0, 0xb,
    0xd5, 0xf3, 0x0, 0x0, 0x0, 0x0, 0xbd, 0x5f,
    0x30, 0x0, 0x0, 0x0, 0xb, 0xd5, 0xf3, 0x0,
    0x0, 0x0, 0x0, 0xbd, 0x5f, 0x30, 0x28, 0x20,
    0x0, 0xb, 0xd5, 0xf3, 0x2, 0xf7, 0x0, 0x0,
    0xdb, 0x5f, 0x30, 0xd, 0xd0, 0x0, 0x5f, 0x75,
    0xf3, 0x0, 0x4f, 0xe9, 0xbf, 0xd0, 0x5f, 0x30,
    0x0, 0x4c, 0xfe, 0x91, 0x0,

    /* U+0133 "ĳ" */
    0x9f, 0x0, 0x1f, 0x77, 0xc0, 0x1, 0xd6, 0x0,
    0x0, 0x0, 0x9, 0xf0, 0x1, 0xf7, 0x9f, 0x0,
    0x1f, 0x79, 0xf0, 0x1, 0xf7, 0x9f, 0x0, 0x1f,
    0x79, 0xf0, 0x1, 0xf7, 0x9f, 0x0, 0x1f, 0x79,
    0xf0, 0x1, 0xf7, 0x9f, 0x0, 0x1f, 0x79, 0xf0,
    0x1, 0xf7, 0x9f, 0x0, 0x1f, 0x70, 0x0, 0x1,
    0xf7, 0x0, 0x5, 0x9f, 0x50, 0x0, 0xef, 0xa0,

    /* U+0134 "Ĵ" */
    0x0, 0x0, 0x0, 0x9f, 0xc0, 0x0, 0x0, 0x0,
    0x3e, 0x2d, 0x60, 0x0, 0x0, 0x5, 0x40, 0x27,
    0x0, 0x0, 0x0, 0x0, 0x0, 0x0, 0x0, 0x0,
    0x0, 0x3f, 0x50, 0x0, 0x0, 0x0, 0x3, 0xf5,
    0x0, 0x0, 0x0, 0x0, 0x3f, 0x50, 0x0, 0x0,
    0x0, 0x3, 0xf5, 0x0, 0x0, 0x0, 0x0, 0x3f,
    0x50, 0x0, 0x0, 0x0, 0x3, 0xf5, 0x0, 0x0,
    0x0, 0x0, 0x3f, 0x50, 0x0, 0x0, 0x0, 0x3,
    0xf5, 0x0, 0x67, 0x0, 0x0, 0x3f, 0x50, 0xa,
    0xf0, 0x0, 0x5, 0xf3, 0x0, 0x6f, 0x60, 0x0,
    0xce, 0x0, 0x0, 0xcf, 0xb9, 0xdf, 0x60, 0x0,
    0x0, 0x8e, 0xfc, 0x50, 0x0, 0x0,

    /* U+0135 "ĵ" */
    0x0, 0xc8, 0xb0, 0x7, 0x70, 0x77, 0x0, 0x0,
    0x0, 0x0, 0x4f, 0x30, 0x0, 0x4f, 0x30, 0x0,
    0x4f, 0x30, 0x0, 0x4f, 0x30, 0x0, 0x4f, 0x30,
    0x0, 0x4f, 0x30, 0x0, 0x4f, 0x30, 0x0, 0x4f,
    0x30, 0x0, 0x4f, 0x30, 0x0, 0x4f, 0x30, 0x0,
    0x4f, 0x30, 0x5, 0xbf, 0x10, 0x1f, 0xe7, 0x0,

    /* U+0136 "Ķ" */
    0x5f, 0x30, 0x0, 0x7, 0xf7, 0x5, 0xf3, 0x0,
    0x6, 0xf9, 0x0, 0x5f, 0x30, 0x4, 0xfa, 0x0,
    0x5, 0xf3, 0x3, 0xfc, 0x0, 0x0, 0x5f, 0x32,
    0xed, 0x10, 0x0, 0x5, 0xf4, 0xdf, 0x20, 0x0,
    0x0, 0x5f, 0xef, 0xf8, 0x0, 0x0, 0x5, 0xff,
    0x4a, 0xf4, 0x0, 0x0, 0x5f, 0x60, 0xd, 0xe1,
    0x0, 0x5, 0xf3, 0x0, 0x3f, 0xb0, 0x0, 0x5f,
    0x30, 0x0, 0x7f, 0x60, 0x5, 0xf3, 0x0, 0x0,
    0xbf, 0x30, 0x5f, 0x30, 0x0, 0x1, 0xed, 0x0,
    0x0, 0x0, 0x0, 0x0, 0x0, 0x0, 0x0, 0x6a,
    0x10, 0x0, 0x0, 0x0, 0xa, 0xf2, 0x0, 0x0,
    0x0, 0x0, 0x4c, 0x0, 0x0, 0x0, 0x0, 0xc,
    0x40, 0x0, 0x0,

    /* U+0137 "ķ" */
    0x9f, 0x0, 0x0, 0x0, 0x9, 0xf0, 0x0, 0x0,
    0x0, 0x9f, 0x0, 0x0, 0x0, 0x9, 0xf0, 0x0,
    0xc, 0xf3, 0x9f, 0x0, 0xb, 0xf4, 0x9, 0xf0,
    0x9, 0xf6, 0x0, 0x9f, 0x6, 0xf8, 0x0, 0x9,
    0xf4, 0xff, 0x10, 0x0, 0x9f, 0xfb, 0xfb, 0x0,
    0x9, 0xfb, 0x6, 0xf6, 0x0, 0x9f, 0x0, 0xb,
    0xf1, 0x9, 0xf0, 0x0, 0x1f, 0xb0, 0x9f, 0x0,
    0x0, 0x6f, 0x70, 0x0, 0x0, 0x0, 0x0, 0x0,
    0x6, 0xa2, 0x0, 0x0, 0x0, 0x9f, 0x30, 0x0,
    0x0, 0x3, 0xd0, 0x0, 0x0, 0x0, 0xb5, 0x0,
    0x0,

    /* U+0138 "ĸ" */
    0xdc, 0x0, 0x5e, 0xa0, 0xdc, 0x1, 0xf9, 0x40,
    0xdc, 0x7, 0xe0, 0x0, 0xdc, 0x1e, 0x70, 0x0,
    0xdf, 0xfb, 0x0, 0x0, 0xdc, 0x5f, 0x70, 0x0,
    0xdc, 0x8, 0xf2, 0x0, 0xdc, 0x1, 0xeb, 0x0,
    0xdc, 0x0, 0x7f, 0x30, 0xdc, 0x0, 0xe, 0xc0,

    /* U+0139 "Ĺ" */
    0x4, 0xf4, 0x0, 0x0, 0x0, 0xc9, 0x0, 0x0,
    0x0, 0x5, 0x0, 0x0, 0x0, 0x0, 0x0, 0x0,
    0x0, 0x0, 0x5f, 0x30, 0x0, 0x0, 0x5, 0xf3,
    0x0, 0x0, 0x0, 0x5f, 0x30, 0x0, 0x0, 0x5,
    0xf3, 0x0, 0x0, 0x0, 0x5f, 0x30, 0x0, 0x0,
    0x5, 0xf3, 0x0, 0x0, 0x0, 0x5f, 0x30, 0x0,
    0x0, 0x5, 0xf3, 0x0, 0x0, 0x0, 0x5f, 0x30,
    0x0, 0x0, 0x5, 0xf3, 0x0, 0x0, 0x0, 0x5f,
    0x30, 0x0, 0x0, 0x5, 0xfc, 0x88, 0x88, 0x85,
    0x5f, 0xff, 0xff, 0xff, 0x90,

    /* U+013A "ĺ" */
    0x8, 0xf1, 0x1f, 0x60, 0x25, 0x0, 0x9f, 0x0,
    0x9f, 0x0, 0x9f, 0x0, 0x9f, 0x0, 0x9f, 0x0,
    0x9f, 0x0, 0x9f, 0x0, 0x9f, 0x0, 0x9f, 0x0,
    0x9f, 0x0, 0x9f, 0x0, 0x8f, 0x62, 0x2d, 0xf6,

    /* U+013B "Ļ" */
    0x5f, 0x30, 0x0, 0x0, 0x5, 0xf3, 0x0, 0x0,
    0x0, 0x5f, 0x30, 0x0, 0x0, 0x5, 0xf3, 0x0,
    0x0, 0x0, 0x5f, 0x30, 0x0, 0x0, 0x5, 0xf3,
    0x0, 0x0, 0x0, 0x5f, 0x30, 0x0, 0x0, 0x5,
    0xf3, 0x0, 0x0, 0x0, 0x5f, 0x30, 0x0, 0x0,
    0x5, 0xf3, 0x0, 0x0, 0x0, 0x5f, 0x30, 0x0,
    0x0, 0x5, 0xfc, 0x88, 0x88, 0x85, 0x5f, 0xff,
    0xff, 0xff, 0x90, 0x0, 0x0, 0x0, 0x0, 0x0,
    0x2, 0xa5, 0x0, 0x0, 0x0, 0x4f, 0x80, 0x0,
    0x0, 0x0, 0xd3, 0x0, 0x0, 0x0, 0x5b, 0x0,
    0x0,

    /* U+013C "ļ" */
    0x9f, 0x0, 0x9f, 0x0, 0x9f, 0x0, 0x9f, 0x0,
    0x9f, 0x0, 0x9f, 0x0, 0x9f, 0x0, 0x9f, 0x0,
    0x9f, 0x0, 0x9f, 0x0, 0x9f, 0x0, 0x8f, 0x62,
    0x2d, 0xf6, 0x0, 0x0, 0x9, 0x90, 0xf, 0xd0,
    0x8, 0x80, 0x1e, 0x10,

    /* U+013D "Ľ" */
    0x5f, 0x30, 0x0, 0x5f, 0x25, 0xf3, 0x0, 0x6,
    0xf0, 0x5f, 0x30, 0x0, 0x8b, 0x5, 0xf3, 0x0,
    0xa, 0x80, 0x5f, 0x30, 0x0, 0x84, 0x5, 0xf3,
    0x0, 0x0, 0x0, 0x5f, 0x30, 0x0, 0x0, 0x5,
    0xf3, 0x0, 0x0, 0x0, 0x5f, 0x30, 0x0, 0x0,
    0x5, 0xf3, 0x0, 0x0, 0x0, 0x5f, 0x30, 0x0,
    0x0, 0x5, 0xfc, 0x88, 0x88, 0x85, 0x5f, 0xff,
    0xff, 0xff, 0x90,

    /* U+013E "ľ" */
    0x9f, 0x7, 0xf0, 0x9f, 0x9, 0xc0, 0x9f, 0xb,
    0x90, 0x9f, 0xd, 0x60, 0x9f, 0xa, 0x20, 0x9f,
    0x0, 0x0, 0x9f, 0x0, 0x0, 0x9f, 0x0, 0x0,
    0x9f, 0x0, 0x0, 0x9f, 0x0, 0x0, 0x9f, 0x0,
    0x0, 0x8f, 0x62, 0x0, 0x2d, 0xf6, 0x0,

    /* U+013F "Ŀ" */
    0xaf, 0x10, 0x0, 0x0, 0xa, 0xf1, 0x0, 0x0,
    0x0, 0xaf, 0x10, 0x0, 0x0, 0xa, 0xf1, 0x0,
    0x0, 0x0, 0xaf, 0x10, 0x0, 0x0, 0xa, 0xf1,
    0x0, 0x0, 0x0, 0xaf, 0x10, 0x7e, 0x0, 0xa,
    0xf1, 0x8, 0xf1, 0x0, 0xaf, 0x10, 0x0, 0x0,
    0xa, 0xf1, 0x0, 0x0, 0x0, 0xaf, 0x10, 0x0,
    0x0, 0xa, 0xf1, 0x0, 0x0, 0x0, 0xaf, 0xa9,
    0x99, 0x99, 0x3a, 0xff, 0xff, 0xff, 0xf6,

    /* U+0140 "ŀ" */
    0xcc, 0x0, 0xc, 0xc0, 0x0, 0xcc, 0x0, 0xc,
    0xc0, 0x0, 0xcc, 0x0, 0xc, 0xc0, 0x0, 0xcc,
    0xe, 0x8c, 0xc0, 0xfa, 0xcc, 0x0, 0xc, 0xc0,
    0x0, 0xcc, 0x0, 0xc, 0xc0, 0x0, 0xcc, 0x0,
    0xc, 0xc0, 0x0,

    /* U+0141 "Ł" */
    0x5, 0xf3, 0x0, 0x0, 0x0, 0x5, 0xf3, 0x0,
    0x0, 0x0, 0x5, 0xf3, 0x0, 0x0, 0x0, 0x5,
    0xf3, 0x0, 0x0, 0x0, 0x5, 0xf3, 0x6c, 0x0,
    0x0, 0x5, 0xff, 0xf7, 0x0, 0x0, 0x3f, 0xfb,
    0x10, 0x0, 0x0, 0x9f, 0xf3, 0x0, 0x0, 0x0,
    0x5, 0xf3, 0x0, 0x0, 0x0, 0x5, 0xf3, 0x0,
    0x0, 0x0, 0x5, 0xf3, 0x0, 0x0, 0x0, 0x5,
    0xfc, 0x88, 0x88, 0x85, 0x5, 0xff, 0xff, 0xff,
    0xf9,

    /* U+0142 "ł" */
    0x9, 0xf0, 0x0, 0x9f, 0x0, 0x9, 0xf0, 0x0,
    0x9f, 0x0, 0x9, 0xfb, 0x32, 0xff, 0x70, 0xdf,
    0xf0, 0x1, 0x9f, 0x0, 0x9, 0xf0, 0x0, 0x9f,
    0x0, 0x9, 0xf0, 0x0, 0x8f, 0x62, 0x2, 0xdf,
    0x60,

    /* U+0143 "Ń" */
    0x0, 0x0, 0x0, 0xcc, 0x0, 0x0, 0x0, 0x0,
    0x4f, 0x20, 0x0, 0x0, 0x0, 0x3, 0x30, 0x0,
    0x0, 0x0, 0x0, 0x0, 0x0, 0x0, 0x5f, 0xf2,
    0x0, 0x0, 0xd, 0xb5, 0xff, 0xa0, 0x0, 0x0,
    0xdb, 0x5f, 0x9f, 0x30, 0x0, 0xd, 0xb5, 0xf3,
    0xdc, 0x0, 0x0, 0xdb, 0x5f, 0x34, 0xf5, 0x0,
    0xd, 0xb5, 0xf3, 0xb, 0xd0, 0x0, 0xdb, 0x5f,
    0x30, 0x3f, 0x70, 0xd, 0xb5, 0xf3, 0x0, 0xae,
    0x10, 0xdb, 0x5f, 0x30, 0x1, 0xf8, 0xd, 0xb5,
    0xf3, 0x0, 0x8, 0xf2, 0xdb, 0x5f, 0x30, 0x0,
    0xe, 0xad, 0xb5, 0xf3, 0x0, 0x0, 0x6f, 0xfb,
    0x5f, 0x30, 0x0, 0x0, 0xdf, 0xb0,

    /* U+0144 "ń" */
    0x0, 0x0, 0x7f, 0x20, 0x0, 0x0, 0xe, 0x60,
    0x0, 0x0, 0x1, 0x50, 0x0, 0x9, 0xd2, 0xbf,
    0xe8, 0x0, 0x9e, 0xd5, 0x27, 0xf7, 0x9, 0xf4,
    0x0, 0xb, 0xd0, 0x9f, 0x0, 0x0, 0x8f, 0x9,
    0xf0, 0x0, 0x8, 0xf0, 0x9f, 0x0, 0x0, 0x8f,
    0x9, 0xf0, 0x0, 0x8, 0xf0, 0x9f, 0x0, 0x0,
    0x8f, 0x9, 0xf0, 0x0, 0x8, 0xf0, 0x9f, 0x0,
    0x0, 0x8f, 0x0,

    /* U+0145 "Ņ" */
    0x5f, 0xf2, 0x0, 0x0, 0xd, 0xb5, 0xff, 0xa0,
    0x0, 0x0, 0xdb, 0x5f, 0x9f, 0x30, 0x0, 0xd,
    0xb5, 0xf3, 0xdc, 0x0, 0x0, 0xdb, 0x5f, 0x34,
    0xf5, 0x0, 0xd, 0xb5, 0xf3, 0xb, 0xd0, 0x0,
    0xdb, 0x5f, 0x30, 0x3f, 0x70, 0xd, 0xb5, 0xf3,
    0x0, 0xae, 0x10, 0xdb, 0x5f, 0x30, 0x1, 0xf8,
    0xd, 0xb5, 0xf3, 0x0, 0x8, 0xf2, 0xdb, 0x5f,
    0x30, 0x0, 0xe, 0xad, 0xb5, 0xf3, 0x0, 0x0,
    0x6f, 0xfb, 0x5f, 0x30, 0x0, 0x0, 0xdf, 0xb0,
    0x0, 0x0, 0x0, 0x0, 0x0, 0x0, 0x0, 0x1a,
    0x60, 0x0, 0x0, 0x0, 0x3, 0xf9, 0x0, 0x0,
    0x0, 0x0, 0xc, 0x40, 0x0, 0x0, 0x0, 0x4,
    0xc0, 0x0, 0x0,

    /* U+0146 "ņ" */
    0x9d, 0x2b, 0xfe, 0x80, 0x9, 0xed, 0x52, 0x7f,
    0x70, 0x9f, 0x40, 0x0, 0xbd, 0x9, 0xf0, 0x0,
    0x8, 0xf0, 0x9f, 0x0, 0x0, 0x8f, 0x9, 0xf0,
    0x0, 0x8, 0xf0, 0x9f, 0x0, 0x0, 0x8f, 0x9,
    0xf0, 0x0, 0x8, 0xf0, 0x9f, 0x0, 0x0, 0x8f,
    0x9, 0xf0, 0x0, 0x8, 0xf0, 0x0, 0x0, 0x0,
    0x0, 0x0, 0x0, 0x6a, 0x10, 0x0, 0x0, 0xa,
    0xf2, 0x0, 0x0, 0x0, 0x4c, 0x0, 0x0, 0x0,
    0xc, 0x40, 0x0, 0x0,

    /* U+0147 "Ň" */
    0x0, 0x3, 0xe1, 0x3f, 0x20, 0x0, 0x0, 0x8,
    0xcd, 0x70, 0x0, 0x0, 0x0, 0x7, 0x70, 0x0,
    0x0, 0x0, 0x0, 0x0, 0x0, 0x0, 0x5f, 0xf2,
    0x0, 0x0, 0xd, 0xb5, 0xff, 0xa0, 0x0, 0x0,
    0xdb, 0x5f, 0x9f, 0x30, 0x0, 0xd, 0xb5, 0xf3,
    0xdc, 0x0, 0x0, 0xdb, 0x5f, 0x34, 0xf5, 0x0,
    0xd, 0xb5, 0xf3, 0xb, 0xd0, 0x0, 0xdb, 0x5f,
    0x30, 0x3f, 0x70, 0xd, 0xb5, 0xf3, 0x0, 0xae,
    0x10, 0xdb, 0x5f, 0x30, 0x1, 0xf8, 0xd, 0xb5,
    0xf3, 0x0, 0x8, 0xf2, 0xdb, 0x5f, 0x30, 0x0,
    0xe, 0xad, 0xb5, 0xf3, 0x0, 0x0, 0x6f, 0xfb,
    0x5f, 0x30, 0x0, 0x0, 0xdf, 0xb0,

    /* U+0148 "ň" */
    0x0, 0xc7, 0x1e, 0x40, 0x0, 0x1, 0xee, 0x70,
    0x0, 0x0, 0x0, 0x0, 0x0, 0x9, 0xd2, 0xbf,
    0xe8, 0x0, 0x9e, 0xd5, 0x27, 0xf7, 0x9, 0xf4,
    0x0, 0xb, 0xd0, 0x9f, 0x0, 0x0, 0x8f, 0x9,
    0xf0, 0x0, 0x8, 0xf0, 0x9f, 0x0, 0x0, 0x8f,
    0x9, 0xf0, 0x0, 0x8, 0xf0, 0x9f, 0x0, 0x0,
    0x8f, 0x9, 0xf0, 0x0, 0x8, 0xf0, 0x9f, 0x0,
    0x0, 0x8f, 0x0,

    /* U+0149 "ŉ" */
    0xe, 0xc0, 0x0, 0x0, 0x0, 0x0, 0xd, 0xc0,
    0x0, 0x0, 0x0, 0x0, 0x2, 0xb0, 0x0, 0x0,
    0x0, 0x0, 0x9, 0x60, 0x0, 0x0, 0x0, 0x0,
    0x5, 0x8, 0xe3, 0xcf, 0xe9, 0x0, 0x0, 0x8,
    0xfe, 0x73, 0x7f, 0xa0, 0x0, 0x8, 0xf6, 0x0,
    0xb, 0xf0, 0x0, 0x8, 0xf1, 0x0, 0x9, 0xf0,
    0x0, 0x8, 0xf0, 0x0, 0x8, 0xf1, 0x0, 0x8,
    0xf0, 0x0, 0x8, 0xf1, 0x0, 0x8, 0xf0, 0x0,
    0x8, 0xf1, 0x0, 0x8, 0xf0, 0x0, 0x8, 0xf1,
    0x0, 0x8, 0xf0, 0x0, 0x8, 0xf1, 0x0, 0x8,
    0xf0, 0x0, 0x8, 0xf1,

    /* U+014A "Ŋ" */
    0x5f, 0xf2, 0x0, 0x0, 0xd, 0xb5, 0xff, 0xb0,
    0x0, 0x0, 0xdb, 0x5f, 0x9f, 0x30, 0x0, 0xd,
    0xb5, 0xf3, 0xdc, 0x0, 0x0, 0xdb, 0x5f, 0x34,
    0xf5, 0x0, 0xd, 0xb5, 0xf3, 0xc, 0xe0, 0x0,
    0xdb, 0x5f, 0x30, 0x3f, 0x70, 0xd, 0xb5, 0xf3,
    0x0, 0xaf, 0x10, 0xdb, 0x5f, 0x30, 0x1, 0xf9,
    0xd, 0xb5, 0xf3, 0x0, 0x8, 0xf2, 0xdb, 0x5f,
    0x30, 0x0, 0xe, 0xad, 0xb5, 0xf3, 0x0, 0x0,
    0x6f, 0xff, 0x5f, 0x30, 0x0, 0x0, 0xdf, 0xf0,
    0x0, 0x0, 0x0, 0x0, 0xda, 0x0, 0x0, 0x0,
    0x67, 0x9f, 0x60, 0x0, 0x0, 0xd, 0xfe, 0x90,

    /* U+014B "ŋ" */
    0x9d, 0x2b, 0xfe, 0x80, 0x9, 0xec, 0x52, 0x7f,
    0x70, 0x9f, 0x40, 0x0, 0xbd, 0x9, 0xf0, 0x0,
    0x8, 0xf0, 0x9f, 0x0, 0x0, 0x8f, 0x9, 0xf0,
    0x0, 0x8, 0xf0, 0x9f, 0x0, 0x0, 0x8f, 0x9,
    0xf0, 0x0, 0x8, 0xf0, 0x9f, 0x0, 0x0, 0xdf,
    0x9, 0xf0, 0x0, 0xf, 0xf0, 0x0, 0x0, 0x0,
    0x8f, 0x0, 0x0, 0x5, 0x6e, 0xb0, 0x0, 0x2,
    0xff, 0xc2, 0x0,

    /* U+014C "Ō" */
    0x0, 0x0, 0x1, 0x11, 0x10, 0x0, 0x0, 0x0,
    0xc, 0xff, 0xff, 0x0, 0x0, 0x0, 0x0, 0x34,
    0x44, 0x40, 0x0, 0x0, 0x0, 0x0, 0x0, 0x0,
    0x0, 0x0, 0x0, 0x2, 0x9d, 0xfe, 0xb4, 0x0,
    0x0, 0x5, 0xff, 0xb9, 0xae, 0xf9, 0x0, 0x2,
    0xfd, 0x20, 0x0, 0xa, 0xf6, 0x0, 0xaf, 0x20,
    0x0, 0x0, 0xd, 0xe0, 0xf, 0xb0, 0x0, 0x0,
    0x0, 0x7f, 0x31, 0xf8, 0x0, 0x0, 0x0, 0x3,
    0xf6, 0x2f, 0x70, 0x0, 0x0, 0x0, 0x2f, 0x71,
    0xf8, 0x0, 0x0, 0x0, 0x3, 0xf6, 0xf, 0xb0,
    0x0, 0x0, 0x0, 0x6f, 0x40, 0xaf, 0x20, 0x0,
    0x0, 0xd, 0xe0, 0x2, 0xfd, 0x20, 0x0, 0xa,
    0xf7, 0x0, 0x5, 0xff, 0xb9, 0xae, 0xfa, 0x0,
    0x0, 0x2, 0x9d, 0xfe, 0xb5, 0x0, 0x0,

    /* U+014D "ō" */
    0x0, 0x4f, 0xff, 0xf9, 0x0, 0x0, 0x15, 0x55,
    0x53, 0x0, 0x0, 0x0, 0x0, 0x0, 0x0, 0x0,
    0x2a, 0xef, 0xc4, 0x0, 0x2, 0xef, 0x98, 0xdf,
    0x60, 0xb, 0xf2, 0x0, 0xc, 0xf0, 0xf, 0x90,
    0x0, 0x4, 0xf5, 0x2f, 0x60, 0x0, 0x2, 0xf7,
    0x2f, 0x60, 0x0, 0x2, 0xf7, 0xf, 0x90, 0x0,
    0x4, 0xf5, 0xb, 0xf2, 0x0, 0xc, 0xf0, 0x2,
    0xef, 0x98, 0xdf, 0x60, 0x0, 0x2a, 0xef, 0xc4,
    0x0,

    /* U+014E "Ŏ" */
    0x0, 0x0, 0x44, 0x0, 0x44, 0x0, 0x0, 0x0,
    0x0, 0x5d, 0x11, 0xd5, 0x0, 0x0, 0x0, 0x0,
    0x9, 0xff, 0x90, 0x0, 0x0, 0x0, 0x0, 0x0,
    0x11, 0x0, 0x0, 0x0, 0x0, 0x0, 0x7c, 0xff,
    0xc7, 0x0, 0x0, 0x0, 0x1d, 0xfd, 0x99, 0xcf,
    0xd1, 0x0, 0x0, 0xdf, 0x60, 0x0, 0x6, 0xfd,
    0x0, 0x6, 0xf7, 0x0, 0x0, 0x0, 0x7f, 0x70,
    0xc, 0xf0, 0x0, 0x0, 0x0, 0xf, 0xd0, 0xf,
    0xc0, 0x0, 0x0, 0x0, 0xb, 0xf0, 0x1f, 0xa0,
    0x0, 0x0, 0x0, 0xa, 0xf2, 0x2f, 0xa0, 0x0,
    0x0, 0x0, 0xa, 0xf2, 0xf, 0xb0, 0x0, 0x0,
    0x0, 0xb, 0xf0, 0xc, 0xf0, 0x0, 0x0, 0x0,
    0xf, 0xd0, 0x6, 0xf7, 0x0, 0x0, 0x0, 0x7f,
    0x70, 0x0, 0xcf, 0x60, 0x0, 0x5, 0xfd, 0x0,
    0x0, 0x1d, 0xfc, 0x99, 0xcf, 0xd2, 0x0, 0x0,
    0x0, 0x7c, 0xff, 0xd7, 0x0, 0x0,

    /* U+014F "ŏ" */
    0x0, 0x7b, 0x11, 0xc7, 0x0, 0x0, 0xc, 0xff,
    0xb0, 0x0, 0x0, 0x0, 0x11, 0x0, 0x0, 0x0,
    0x0, 0x0, 0x0, 0x0, 0x0, 0x3b, 0xff, 0xb3,
    0x0, 0x5, 0xfd, 0x77, 0xdf, 0x40, 0xe, 0xd0,
    0x0, 0xe, 0xe0, 0x3f, 0x70, 0x0, 0x7, 0xf3,
    0x5f, 0x40, 0x0, 0x4, 0xf5, 0x5f, 0x40, 0x0,
    0x4, 0xf5, 0x3f, 0x70, 0x0, 0x7, 0xf3, 0xe,
    0xe0, 0x0, 0xe, 0xe0, 0x5, 0xfd, 0x77, 0xdf,
    0x50, 0x0, 0x3b, 0xff, 0xb3, 0x0,

    /* U+0150 "Ő" */
    0x0, 0x0, 0x4, 0xf5, 0xea, 0x0, 0x0, 0x0,
    0x0, 0xc9, 0x7e, 0x10, 0x0, 0x0, 0x0, 0x5,
    0x4, 0x20, 0x0, 0x0, 0x0, 0x0, 0x0, 0x0,
    0x0, 0x0, 0x0, 0x2, 0x9d, 0xfe, 0xb4, 0x0,
    0x0, 0x5, 0xff, 0xb9, 0xae, 0xf9, 0x0, 0x2,
    0xfd, 0x20, 0x0, 0xa, 0xf6, 0x0, 0xaf, 0x20,
    0x0, 0x0, 0xd, 0xe0, 0xf, 0xb0, 0x0, 0x0,
    0x0, 0x7f, 0x31, 0xf8, 0x0, 0x0, 0x0, 0x3,
    0xf6, 0x2f, 0x70, 0x0, 0x0, 0x0, 0x2f, 0x71,
    0xf8, 0x0, 0x0, 0x0, 0x3, 0xf6, 0xf, 0xb0,
    0x0, 0x0, 0x0, 0x6f, 0x40, 0xaf, 0x20, 0x0,
    0x0, 0xd, 0xe0, 0x2, 0xfd, 0x20, 0x0, 0xa,
    0xf7, 0x0, 0x5, 0xff, 0xb9, 0xae, 0xfa, 0x0,
    0x0, 0x2, 0x9d, 0xfe, 0xb5, 0x0, 0x0,

    /* U+0151 "ő" */
    0x0, 0x0, 0xcc, 0x6f, 0x30, 0x0, 0x4, 0xf3,
    0xe7, 0x0, 0x0, 0x3, 0x31, 0x50, 0x0, 0x0,
    0x2a, 0xef, 0xc4, 0x0, 0x2, 0xef, 0x98, 0xdf,
    0x60, 0xb, 0xf2, 0x0, 0xc, 0xf0, 0xf, 0x90,
    0x0, 0x4, 0xf5, 0x2f, 0x60, 0x0, 0x2, 0xf7,
    0x2f, 0x60, 0x0, 0x2, 0xf7, 0xf, 0x90, 0x0,
    0x4, 0xf5, 0xb, 0xf2, 0x0, 0xc, 0xf0, 0x2,
    0xef, 0x98, 0xdf, 0x60, 0x0, 0x2a, 0xef, 0xc4,
    0x0,

    /* U+0152 "Œ" */
    0x0, 0x2, 0x9d, 0xfe, 0xb4, 0x1f, 0xff, 0xff,
    0xff, 0x60, 0x5, 0xff, 0xb9, 0xae, 0xfa, 0xfc,
    0x88, 0x88, 0x83, 0x2, 0xfd, 0x20, 0x0, 0xa,
    0xff, 0x70, 0x0, 0x0, 0x0, 0xaf, 0x20, 0x0,
    0x0, 0xd, 0xf7, 0x0, 0x0, 0x0, 0xe, 0xb0,
    0x0, 0x0, 0x0, 0x7f, 0x70, 0x0, 0x0, 0x1,
    0xf8, 0x0, 0x0, 0x0, 0x3, 0xfb, 0x88, 0x88,
    0x81, 0x2f, 0x70, 0x0, 0x0, 0x0, 0x2f, 0xff,
    0xff, 0xff, 0x31, 0xf8, 0x0, 0x0, 0x0, 0x3,
    0xf7, 0x0, 0x0, 0x0, 0xf, 0xb0, 0x0, 0x0,
    0x0, 0x6f, 0x70, 0x0, 0x0, 0x0, 0xaf, 0x20,
    0x0, 0x0, 0xd, 0xf7, 0x0, 0x0, 0x0, 0x2,
    0xfd, 0x10, 0x0, 0xa, 0xff, 0x70, 0x0, 0x0,
    0x0, 0x5, 0xff, 0xb9, 0xae, 0xf9, 0xfc, 0x88,
    0x88, 0x84, 0x0, 0x2, 0x9d, 0xfe, 0xb4, 0x1f,
    0xff, 0xff, 0xff, 0x90,

    /* U+0153 "œ" */
    0x0, 0x2a, 0xef, 0xc4, 0x1, 0x9e, 0xfc, 0x50,
    0x0, 0x2e, 0xf9, 0x8d, 0xf7, 0xef, 0x98, 0xcf,
    0x60, 0xb, 0xf2, 0x0, 0xc, 0xff, 0x20, 0x0,
    0xbf, 0x0, 0xf9, 0x0, 0x0, 0x4f, 0xf1, 0x11,
    0x16, 0xf4, 0x2f, 0x60, 0x0, 0x2, 0xff, 0xff,
    0xff, 0xff, 0x62, 0xf6, 0x0, 0x0, 0x2f, 0xf4,
    0x44, 0x44, 0x42, 0xf, 0x90, 0x0, 0x4, 0xff,
    0x0, 0x0, 0x1, 0x0, 0xbf, 0x20, 0x0, 0xcf,
    0xf3, 0x0, 0xa, 0xf1, 0x2, 0xef, 0x98, 0xdf,
    0x7e, 0xf9, 0x8c, 0xf7, 0x0, 0x2, 0xae, 0xfc,
    0x40, 0x19, 0xef, 0xc5, 0x0,

    /* U+0154 "Ŕ" */
    0x0, 0x0, 0xa, 0xe0, 0x0, 0x0, 0x0, 0x2f,
    0x40, 0x0, 0x0, 0x0, 0x24, 0x0, 0x0, 0x0,
    0x0, 0x0, 0x0, 0x0, 0x5f, 0xff, 0xff, 0xea,
    0x20, 0x5f, 0xa8, 0x89, 0xbf, 0xf2, 0x5f, 0x30,
    0x0, 0x3, 0xfa, 0x5f, 0x30, 0x0, 0x0, 0xdd,
    0x5f, 0x30, 0x0, 0x0, 0xeb, 0x5f, 0x30, 0x0,
    0x19, 0xe2, 0x5f, 0xff, 0xff, 0xff, 0x50, 0x5f,
    0xa8, 0x88, 0x9e, 0xf2, 0x5f, 0x30, 0x0, 0x2,
    0xf8, 0x5f, 0x30, 0x0, 0x0, 0xea, 0x5f, 0x30,
    0x0, 0x0, 0xcc, 0x5f, 0x30, 0x0, 0x0, 0xbd,
    0x5f, 0x30, 0x0, 0x0, 0xaf,

    /* U+0155 "ŕ" */
    0x0, 0x3f, 0x60, 0x0, 0xbb, 0x0, 0x0, 0x51,
    0x0, 0x9c, 0x5e, 0xf0, 0x9e, 0xe8, 0x70, 0x9f,
    0x40, 0x0, 0x9f, 0x0, 0x0, 0x9f, 0x0, 0x0,
    0x9f, 0x0, 0x0, 0x9f, 0x0, 0x0, 0x9f, 0x0,
    0x0, 0x9f, 0x0, 0x0, 0x9f, 0x0, 0x0,

    /* U+0156 "Ŗ" */
    0x5f, 0xff, 0xff, 0xe9, 0x10, 0x5f, 0xa8, 0x89,
    0xbf, 0xd1, 0x5f, 0x30, 0x0, 0x4, 0xf8, 0x5f,
    0x30, 0x0, 0x0, 0xdc, 0x5f, 0x30, 0x0, 0x0,
    0xdd, 0x5f, 0x30, 0x0, 0x4, 0xfa, 0x5f, 0xa8,
    0x88, 0xaf, 0xe2, 0x5f, 0xff, 0xff, 0xff, 0x50,
    0x5f, 0x30, 0x0, 0x7, 0xf4, 0x5f, 0x30, 0x0,
    0x0, 0xe9, 0x5f, 0x30, 0x0, 0x0, 0xdb, 0x5f,
    0x30, 0x0, 0x0, 0xbd, 0x5f, 0x30, 0x0, 0x0,
    0xae, 0x0, 0x0, 0x0, 0x0, 0x0, 0x0, 0x0,
    0x6a, 0x20, 0x0, 0x0, 0x0, 0x9f, 0x30, 0x0,
    0x0, 0x0, 0x3d, 0x0, 0x0, 0x0, 0x0, 0xb5,
    0x0, 0x0,

    /* U+0157 "ŗ" */
    0x9, 0xc5, 0xef, 0x0, 0x9e, 0xe8, 0x70, 0x9,
    0xf4, 0x0, 0x0, 0x9f, 0x0, 0x0, 0x9, 0xf0,
    0x0, 0x0, 0x9f, 0x0, 0x0, 0x9, 0xf0, 0x0,
    0x0, 0x9f, 0x0, 0x0, 0x9, 0xf0, 0x0, 0x0,
    0x9f, 0x0, 0x0, 0x0, 0x0, 0x0, 0x0, 0x7a,
    0x0, 0x0, 0xb, 0xf1, 0x0, 0x0, 0x5c, 0x0,
    0x0, 0xc, 0x40, 0x0, 0x0,

    /* U+0158 "Ř" */
    0x0, 0x2f, 0x31, 0xe3, 0x0, 0x0, 0x6, 0xdc,
    0x80, 0x0, 0x0, 0x0, 0x77, 0x0, 0x0, 0x0,
    0x0, 0x0, 0x0, 0x0, 0x5f, 0xff, 0xff, 0xea,
    0x20, 0x5f, 0xa8, 0x89, 0xbf, 0xf2, 0x5f, 0x30,
    0x0, 0x3, 0xfa, 0x5f, 0x30, 0x0, 0x0, 0xdd,
    0x5f, 0x30, 0x0, 0x0, 0xeb, 0x5f, 0x30, 0x0,
    0x19, 0xe2, 0x5f, 0xff, 0xff, 0xff, 0x50, 0x5f,
    0xa8, 0x88, 0x9e, 0xf2, 0x5f, 0x30, 0x0, 0x2,
    0xf8, 0x5f, 0x30, 0x0, 0x0, 0xea, 0x5f, 0x30,
    0x0, 0x0, 0xcc, 0x5f, 0x30, 0x0, 0x0, 0xbd,
    0x5f, 0x30, 0x0, 0x0, 0xaf,

    /* U+0159 "ř" */
    0x8b, 0xb, 0x90, 0xb, 0xeb, 0x0, 0x0, 0x0,
    0x0, 0x9c, 0x5e, 0xf0, 0x9e, 0xe8, 0x70, 0x9f,
    0x40, 0x0, 0x9f, 0x0, 0x0, 0x9f, 0x0, 0x0,
    0x9f, 0x0, 0x0, 0x9f, 0x0, 0x0, 0x9f, 0x0,
    0x0, 0x9f, 0x0, 0x0, 0x9f, 0x0, 0x0,

    /* U+015A "Ś" */
    0x0, 0x0, 0x3, 0xf6, 0x0, 0x0, 0x0, 0x0,
    0xbb, 0x0, 0x0, 0x0, 0x0, 0x5, 0x10, 0x0,
    0x0, 0x0, 0x0, 0x0, 0x0, 0x0, 0x0, 0x29,
    0xef, 0xe9, 0x10, 0x0, 0x2e, 0xfb, 0x9b, 0xfe,
    0x20, 0x8, 0xf4, 0x0, 0x2, 0xfc, 0x0, 0xbe,
    0x0, 0x0, 0x8, 0xf2, 0x9, 0xf4, 0x0, 0x0,
    0x1, 0x0, 0x1d, 0xfb, 0x62, 0x0, 0x0, 0x0,
    0x6, 0xbf, 0xfd, 0x70, 0x0, 0x0, 0x0, 0x4,
    0xaf, 0xb0, 0x5, 0x30, 0x0, 0x0, 0x6f, 0x50,
    0xdd, 0x0, 0x0, 0x2, 0xf7, 0x7, 0xf7, 0x0,
    0x0, 0x7f, 0x50, 0xb, 0xfd, 0x99, 0xcf, 0xc0,
    0x0, 0x6, 0xcf, 0xfd, 0x70, 0x0,

    /* U+015B "ś" */
    0x0, 0x0, 0x2f, 0x70, 0x0, 0x0, 0x9, 0xc0,
    0x0, 0x0, 0x0, 0x51, 0x0, 0x0, 0x6, 0xdf,
    0xea, 0x20, 0x6, 0xfc, 0x89, 0xfe, 0x0, 0xbd,
    0x0, 0x4, 0xf6, 0xb, 0xe0, 0x0, 0x2, 0x10,
    0x4f, 0xea, 0x62, 0x0, 0x0, 0x17, 0xbf, 0xfb,
    0x0, 0x42, 0x0, 0x6, 0xf6, 0xf, 0xb0, 0x0,
    0x2f, 0x70, 0x8f, 0xc8, 0x8d, 0xf3, 0x0, 0x6d,
    0xfe, 0xb3, 0x0,

    /* U+015C "Ŝ" */
    0x0, 0x0, 0xaf, 0xa0, 0x0, 0x0, 0x0, 0x4e,
    0x2e, 0x50, 0x0, 0x0, 0x6, 0x30, 0x36, 0x0,
    0x0, 0x0, 0x0, 0x0, 0x0, 0x0, 0x0, 0x29,
    0xef, 0xe9, 0x10, 0x0, 0x2e, 0xfb, 0x9b, 0xfe,
    0x20, 0x8, 0xf4, 0x0, 0x2, 0xfc, 0x0, 0xbe,
    0x0, 0x0, 0x8, 0xf2, 0x9, 0xf4, 0x0, 0x0,
    0x1, 0x0, 0x1d, 0xfb, 0x62, 0x0, 0x0, 0x0,
    0x6, 0xbf, 0xfd, 0x70, 0x0, 0x0, 0x0, 0x4,
    0xaf, 0xb0, 0x5, 0x30, 0x0, 0x0, 0x6f, 0x50,
    0xdd, 0x0, 0x0, 0x2, 0xf7, 0x7, 0xf7, 0x0,
    0x0, 0x7f, 0x50, 0xb, 0xfd, 0x99, 0xcf, 0xc0,
    0x0, 0x6, 0xcf, 0xfd, 0x70, 0x0,

    /* U+015D "ŝ" */
    0x0, 0xa, 0x9c, 0x0, 0x0, 0x6, 0xa0, 0x7a,
    0x0, 0x0, 0x0, 0x0, 0x0, 0x0, 0x6, 0xdf,
    0xea, 0x20, 0x6, 0xfc, 0x89, 0xfe, 0x0, 0xbd,
    0x0, 0x4, 0xf6, 0xb, 0xe0, 0x0, 0x2, 0x10,
    0x4f, 0xea, 0x62, 0x0, 0x0, 0x17, 0xbf, 0xfb,
    0x0, 0x42, 0x0, 0x6, 0xf6, 0xf, 0xb0, 0x0,
    0x2f, 0x70, 0x8f, 0xc8, 0x8d, 0xf3, 0x0, 0x6d,
    0xfe, 0xb3, 0x0,

    /* U+015E "Ş" */
    0x0, 0x29, 0xef, 0xe9, 0x10, 0x0, 0x2e, 0xfb,
    0x9b, 0xfe, 0x20, 0x8, 0xf4, 0x0, 0x2, 0xfc,
    0x0, 0xbe, 0x0, 0x0, 0x8, 0xf2, 0x9, 0xf4,
    0x0, 0x0, 0x1, 0x0, 0x1d, 0xfb, 0x62, 0x0,
    0x0, 0x0, 0x6, 0xbf, 0xfd, 0x70, 0x0, 0x0,
    0x0, 0x4, 0xaf, 0xb0, 0x5, 0x30, 0x0, 0x0,
    0x6f, 0x50, 0xdd, 0x0, 0x0, 0x2, 0xf7, 0x7,
    0xf7, 0x0, 0x0, 0x7f, 0x50, 0xb, 0xfd, 0x99,
    0xcf, 0xc0, 0x0, 0x6, 0xcf, 0xfd, 0x70, 0x0,
    0x0, 0x1, 0xf9, 0x10, 0x0, 0x0, 0x0, 0x2,
    0xb9, 0x0, 0x0, 0x0, 0x29, 0x8, 0xa0, 0x0,
    0x0, 0x0, 0xbf, 0xe3, 0x0, 0x0, 0x0, 0x0,
    0x10, 0x0, 0x0,

    /* U+015F "ş" */
    0x0, 0x6d, 0xfe, 0xa2, 0x0, 0x6f, 0xc8, 0x9f,
    0xe0, 0xb, 0xd0, 0x0, 0x4f, 0x60, 0xbe, 0x0,
    0x0, 0x21, 0x4, 0xfe, 0xa6, 0x20, 0x0, 0x1,
    0x7b, 0xff, 0xb0, 0x4, 0x20, 0x0, 0x6f, 0x60,
    0xfb, 0x0, 0x2, 0xf7, 0x8, 0xfc, 0x88, 0xdf,
    0x30, 0x6, 0xdf, 0xfb, 0x30, 0x0, 0x2, 0xf6,
    0x0, 0x0, 0x0, 0x6, 0xd6, 0x0, 0x0, 0x37,
    0x9, 0x80, 0x0, 0x1, 0xdf, 0xd2, 0x0, 0x0,
    0x0, 0x10, 0x0, 0x0,

    /* U+0160 "Š" */
    0x0, 0xa, 0xb0, 0xba, 0x0, 0x0, 0x0, 0x1e,
    0xee, 0x10, 0x0, 0x0, 0x0, 0x48, 0x40, 0x0,
    0x0, 0x0, 0x0, 0x0, 0x0, 0x0, 0x0, 0x29,
    0xef, 0xe9, 0x10, 0x0, 0x2e, 0xfb, 0x9b, 0xfe,
    0x20, 0x8, 0xf4, 0x0, 0x2, 0xfc, 0x0, 0xbe,
    0x0, 0x0, 0x8, 0xf2, 0x9, 0xf4, 0x0, 0x0,
    0x1, 0x0, 0x1d, 0xfb, 0x62, 0x0, 0x0, 0x0,
    0x6, 0xbf, 0xfd, 0x70, 0x0, 0x0, 0x0, 0x4,
    0xaf, 0xb0, 0x5, 0x30, 0x0, 0x0, 0x6f, 0x50,
    0xdd, 0x0, 0x0, 0x2, 0xf7, 0x7, 0xf7, 0x0,
    0x0, 0x7f, 0x50, 0xb, 0xfd, 0x99, 0xcf, 0xc0,
    0x0, 0x6, 0xcf, 0xfd, 0x70, 0x0,

    /* U+0161 "š" */
    0x0, 0x7c, 0x9, 0xb0, 0x0, 0x0, 0xae, 0xd1,
    0x0, 0x0, 0x0, 0x10, 0x0, 0x0, 0x6, 0xdf,
    0xe9, 0x10, 0x6, 0xfc, 0x89, 0xfc, 0x0, 0xbd,
    0x0, 0x6, 0xf4, 0xb, 0xe0, 0x0, 0x1b, 0x50,
    0x4f, 0xea, 0x62, 0x0, 0x0, 0x17, 0xbf, 0xfb,
    0x0, 0x10, 0x0, 0x6, 0xf6, 0x1f, 0xa0, 0x0,
    0x2f, 0x70, 0x9f, 0xb8, 0x8d, 0xf3, 0x0, 0x7d,
    0xfe, 0xb3, 0x0,

    /* U+0162 "Ţ" */
    0xcf, 0xff, 0xff, 0xff, 0xfb, 0x68, 0x88, 0xee,
    0x88, 0x86, 0x0, 0x0, 0xdb, 0x0, 0x0, 0x0,
    0x0, 0xdb, 0x0, 0x0, 0x0, 0x0, 0xdb, 0x0,
    0x0, 0x0, 0x0, 0xdb, 0x0, 0x0, 0x0, 0x0,
    0xdb, 0x0, 0x0, 0x0, 0x0, 0xdb, 0x0, 0x0,
    0x0, 0x0, 0xdb, 0x0, 0x0, 0x0, 0x0, 0xdb,
    0x0, 0x0, 0x0, 0x0, 0xdb, 0x0, 0x0, 0x0,
    0x0, 0xdb, 0x0, 0x0, 0x0, 0x0, 0xed, 0x0,
    0x0, 0x0, 0x0, 0xd7, 0x0, 0x0, 0x0, 0x0,
    0x7d, 0x80, 0x0, 0x0, 0x18, 0x6, 0xc0, 0x0,
    0x0, 0xb, 0xff, 0x40, 0x0, 0x0, 0x0, 0x10,
    0x0, 0x0,

    /* U+0163 "ţ" */
    0x0, 0x9e, 0x0, 0x0, 0x9, 0xe0, 0x0, 0xf,
    0xff, 0xff, 0x70, 0x5f, 0xf5, 0x52, 0x0, 0x9e,
    0x0, 0x0, 0x9, 0xe0, 0x0, 0x0, 0x9e, 0x0,
    0x0, 0x9, 0xe0, 0x0, 0x0, 0x9e, 0x0, 0x0,
    0x9, 0xe0, 0x0, 0x0, 0x7f, 0x85, 0x20, 0x0,
    0xbf, 0xf7, 0x0, 0xa, 0xa0, 0x0, 0x0, 0x5b,
    0xc0, 0x0, 0x81, 0x2f, 0x0, 0x8, 0xff, 0x70,
    0x0, 0x0, 0x0, 0x0,

    /* U+0164 "Ť" */
    0x0, 0x3f, 0x22, 0xf2, 0x0, 0x0, 0x8, 0xcd,
    0x70, 0x0, 0x0, 0x0, 0x77, 0x0, 0x0, 0x0,
    0x0, 0x0, 0x0, 0x0, 0xcf, 0xff, 0xff, 0xff,
    0xfb, 0x68, 0x88, 0xee, 0x88, 0x86, 0x0, 0x0,
    0xdb, 0x0, 0x0, 0x0, 0x0, 0xdb, 0x0, 0x0,
    0x0, 0x0, 0xdb, 0x0, 0x0, 0x0, 0x0, 0xdb,
    0x0, 0x0, 0x0, 0x0, 0xdb, 0x0, 0x0, 0x0,
    0x0, 0xdb, 0x0, 0x0, 0x0, 0x0, 0xdb, 0x0,
    0x0, 0x0, 0x0, 0xdb, 0x0, 0x0, 0x0, 0x0,
    0xdb, 0x0, 0x0, 0x0, 0x0, 0xdb, 0x0, 0x0,
    0x0, 0x0, 0xdb, 0x0, 0x0,

    /* U+0165 "ť" */
    0x0, 0x0, 0x3, 0xf3, 0x0, 0x11, 0x5, 0xf0,
    0x0, 0x9e, 0x8, 0xb0, 0x0, 0x9e, 0x7, 0x60,
    0xf, 0xff, 0xff, 0x70, 0x5, 0xff, 0x55, 0x20,
    0x0, 0x9e, 0x0, 0x0, 0x0, 0x9e, 0x0, 0x0,
    0x0, 0x9e, 0x0, 0x0, 0x0, 0x9e, 0x0, 0x0,
    0x0, 0x9e, 0x0, 0x0, 0x0, 0x9e, 0x0, 0x0,
    0x0, 0x6f, 0x85, 0x20, 0x0, 0xa, 0xff, 0x70,

    /* U+0166 "Ŧ" */
    0xcf, 0xff, 0xff, 0xff, 0xfb, 0x68, 0x88, 0xee,
    0x88, 0x86, 0x0, 0x0, 0xdb, 0x0, 0x0, 0x0,
    0x0, 0xdb, 0x0, 0x0, 0x0, 0x0, 0xdb, 0x0,
    0x0, 0x0, 0x22, 0xfd, 0x22, 0x0, 0x4, 0xff,
    0xff, 0xff, 0x30, 0x1, 0x55, 0xff, 0x55, 0x10,
    0x0, 0x0, 0xdb, 0x0, 0x0, 0x0, 0x0, 0xdb,
    0x0, 0x0, 0x0, 0x0, 0xdb, 0x0, 0x0, 0x0,
    0x0, 0xdb, 0x0, 0x0, 0x0, 0x0, 0xdb, 0x0,
    0x0,

    /* U+0167 "ŧ" */
    0x0, 0x9e, 0x0, 0x0, 0x9, 0xe0, 0x0, 0xf,
    0xff, 0xff, 0x70, 0x5f, 0xf5, 0x52, 0x0, 0x9e,
    0x0, 0x0, 0xa, 0xf0, 0x0, 0xf, 0xff, 0xff,
    0x50, 0x3d, 0xf3, 0x31, 0x0, 0x9e, 0x0, 0x0,
    0x9, 0xe0, 0x0, 0x0, 0x7f, 0x85, 0x20, 0x0,
    0xaf, 0xf7,

    /* U+0168 "Ũ" */
    0x0, 0x1c, 0xd4, 0xd, 0x0, 0x0, 0x8, 0x84,
    0xdf, 0x70, 0x0, 0x0, 0x10, 0x0, 0x0, 0x0,
    0x0, 0x0, 0x0, 0x0, 0x0, 0x0, 0x9f, 0x0,
    0x0, 0x0, 0x8f, 0x9, 0xf0, 0x0, 0x0, 0x8,
    0xf0, 0x9f, 0x0, 0x0, 0x0, 0x8f, 0x9, 0xf0,
    0x0, 0x0, 0x8, 0xf0, 0x9f, 0x0, 0x0, 0x0,
    0x8f, 0x9, 0xf0, 0x0, 0x0, 0x8, 0xf0, 0x9f,
    0x0, 0x0, 0x0, 0x8f, 0x9, 0xf0, 0x0, 0x0,
    0x8, 0xf0, 0x9f, 0x0, 0x0, 0x0, 0x9f, 0x7,
    0xf2, 0x0, 0x0, 0xc, 0xd0, 0x2f, 0xb0, 0x0,
    0x6, 0xf8, 0x0, 0x7f, 0xea, 0x9c, 0xfd, 0x0,
    0x0, 0x4b, 0xef, 0xd8, 0x0, 0x0,

    /* U+0169 "ũ" */
    0x9, 0xff, 0xef, 0x60, 0x1, 0x0, 0x10, 0x0,
    0x0, 0x0, 0x0, 0x0, 0x9f, 0x0, 0x0, 0x9e,
    0x9f, 0x0, 0x0, 0x9e, 0x9f, 0x0, 0x0, 0x9e,
    0x9f, 0x0, 0x0, 0x9e, 0x9f, 0x0, 0x0, 0x9e,
    0x9f, 0x0, 0x0, 0x9e, 0x8f, 0x0, 0x0, 0xbe,
    0x6f, 0x30, 0x1, 0xfe, 0x1e, 0xe7, 0x7d, 0xce,
    0x3, 0xcf, 0xd5, 0x8e,

    /* U+016A "Ū" */
    0x0, 0x1, 0x11, 0x10, 0x0, 0x0, 0x3, 0xff,
    0xff, 0xa0, 0x0, 0x0, 0x4, 0x44, 0x42, 0x0,
    0x0, 0x0, 0x0, 0x0, 0x0, 0x0, 0x9f, 0x0,
    0x0, 0x0, 0x8f, 0x9, 0xf0, 0x0, 0x0, 0x8,
    0xf0, 0x9f, 0x0, 0x0, 0x0, 0x8f, 0x9, 0xf0,
    0x0, 0x0, 0x8, 0xf0, 0x9f, 0x0, 0x0, 0x0,
    0x8f, 0x9, 0xf0, 0x0, 0x0, 0x8, 0xf0, 0x9f,
    0x0, 0x0, 0x0, 0x8f, 0x9, 0xf0, 0x0, 0x0,
    0x8, 0xf0, 0x9f, 0x0, 0x0, 0x0, 0x9f, 0x7,
    0xf2, 0x0, 0x0, 0xc, 0xd0, 0x2f, 0xb0, 0x0,
    0x6, 0xf8, 0x0, 0x7f, 0xea, 0x9c, 0xfd, 0x0,
    0x0, 0x4b, 0xef, 0xd8, 0x0, 0x0,

    /* U+016B "ū" */
    0x4, 0xff, 0xff, 0x80, 0x1, 0x55, 0x55, 0x20,
    0x0, 0x0, 0x0, 0x0, 0x9f, 0x0, 0x0, 0x9e,
    0x9f, 0x0, 0x0, 0x9e, 0x9f, 0x0, 0x0, 0x9e,
    0x9f, 0x0, 0x0, 0x9e, 0x9f, 0x0, 0x0, 0x9e,
    0x9f, 0x0, 0x0, 0x9e, 0x8f, 0x0, 0x0, 0xbe,
    0x6f, 0x30, 0x1, 0xfe, 0x1e, 0xe7, 0x7d, 0xce,
    0x3, 0xcf, 0xd5, 0x8e,

    /* U+016C "Ŭ" */
    0x0, 0x3e, 0x20, 0x99, 0x0, 0x0, 0x0, 0x8f,
    0xfd, 0x10, 0x0, 0x0, 0x0, 0x1, 0x0, 0x0,
    0x0, 0x0, 0x0, 0x0, 0x0, 0x0, 0x9f, 0x0,
    0x0, 0x0, 0x8f, 0x9, 0xf0, 0x0, 0x0, 0x8,
    0xf0, 0x9f, 0x0, 0x0, 0x0, 0x8f, 0x9, 0xf0,
    0x0, 0x0, 0x8, 0xf0, 0x9f, 0x0, 0x0, 0x0,
    0x8f, 0x9, 0xf0, 0x0, 0x0, 0x8, 0xf0, 0x9f,
    0x0, 0x0, 0x0, 0x8f, 0x9, 0xf0, 0x0, 0x0,
    0x8, 0xf0, 0x9f, 0x0, 0x0, 0x0, 0x9f, 0x7,
    0xf2, 0x0, 0x0, 0xc, 0xd0, 0x2f, 0xb0, 0x0,
    0x6, 0xf8, 0x0, 0x7f, 0xea, 0x9c, 0xfd, 0x0,
    0x0, 0x4b, 0xef, 0xd8, 0x0, 0x0,

    /* U+016D "ŭ" */
    0x2, 0xef, 0xff, 0x40, 0x0, 0x1, 0x20, 0x0,
    0x0, 0x0, 0x0, 0x0, 0x9f, 0x0, 0x0, 0x9e,
    0x9f, 0x0, 0x0, 0x9e, 0x9f, 0x0, 0x0, 0x9e,
    0x9f, 0x0, 0x0, 0x9e, 0x9f, 0x0, 0x0, 0x9e,
    0x9f, 0x0, 0x0, 0x9e, 0x8f, 0x0, 0x0, 0xbe,
    0x6f, 0x30, 0x1, 0xfe, 0x1e, 0xe7, 0x7d, 0xce,
    0x3, 0xcf, 0xd5, 0x8e,

    /* U+016E "Ů" */
    0x0, 0x0, 0xbd, 0x30, 0x0, 0x0, 0x0, 0x5a,
    0x3c, 0x0, 0x0, 0x0, 0x5, 0x93, 0xc0, 0x0,
    0x0, 0x0, 0xb, 0xd3, 0x0, 0x0, 0x0, 0x0,
    0x0, 0x0, 0x0, 0x9, 0xf0, 0x0, 0x0, 0x8,
    0xf0, 0x9f, 0x0, 0x0, 0x0, 0x8f, 0x9, 0xf0,
    0x0, 0x0, 0x8, 0xf0, 0x9f, 0x0, 0x0, 0x0,
    0x8f, 0x9, 0xf0, 0x0, 0x0, 0x8, 0xf0, 0x9f,
    0x0, 0x0, 0x0, 0x8f, 0x9, 0xf0, 0x0, 0x0,
    0x8, 0xf0, 0x9f, 0x0, 0x0, 0x0, 0x8f, 0x9,
    0xf0, 0x0, 0x0, 0x9, 0xf0, 0x7f, 0x20, 0x0,
    0x0, 0xcd, 0x2, 0xfb, 0x0, 0x0, 0x6f, 0x80,
    0x7, 0xfe, 0xa9, 0xcf, 0xd0, 0x0, 0x4, 0xbe,
    0xfd, 0x80, 0x0,

    /* U+016F "ů" */
    0x0, 0x2c, 0xd4, 0x0, 0x0, 0x78, 0x4b, 0x0,
    0x0, 0x2d, 0xd4, 0x0, 0x0, 0x0, 0x0, 0x0,
    0x9f, 0x0, 0x0, 0x9e, 0x9f, 0x0, 0x0, 0x9e,
    0x9f, 0x0, 0x0, 0x9e, 0x9f, 0x0, 0x0, 0x9e,
    0x9f, 0x0, 0x0, 0x9e, 0x9f, 0x0, 0x0, 0x9e,
    0x8f, 0x0, 0x0, 0xbe, 0x6f, 0x30, 0x1, 0xfe,
    0x1e, 0xe7, 0x7d, 0xce, 0x3, 0xcf, 0xd5, 0x8e,

    /* U+0170 "Ű" */
    0x0, 0x0, 0xbd, 0x6f, 0x30, 0x0, 0x0, 0x3f,
    0x3d, 0x80, 0x0, 0x0, 0x3, 0x41, 0x50, 0x0,
    0x0, 0x0, 0x0, 0x0, 0x0, 0x0, 0x9f, 0x0,
    0x0, 0x0, 0x8f, 0x9, 0xf0, 0x0, 0x0, 0x8,
    0xf0, 0x9f, 0x0, 0x0, 0x0, 0x8f, 0x9, 0xf0,
    0x0, 0x0, 0x8, 0xf0, 0x9f, 0x0, 0x0, 0x0,
    0x8f, 0x9, 0xf0, 0x0, 0x0, 0x8, 0xf0, 0x9f,
    0x0, 0x0, 0x0, 0x8f, 0x9, 0xf0, 0x0, 0x0,
    0x8, 0xf0, 0x9f, 0x0, 0x0, 0x0, 0x9f, 0x7,
    0xf2, 0x0, 0x0, 0xc, 0xd0, 0x2f, 0xb0, 0x0,
    0x6, 0xf8, 0x0, 0x7f, 0xea, 0x9c, 0xfd, 0x0,
    0x0, 0x4b, 0xef, 0xd8, 0x0, 0x0,

    /* U+0171 "ű" */
    0x0, 0xd, 0xc7, 0xf2, 0x0, 0x5f, 0x3e, 0x70,
    0x0, 0x33, 0x15, 0x0, 0x9f, 0x0, 0x0, 0x9e,
    0x9f, 0x0, 0x0, 0x9e, 0x9f, 0x0, 0x0, 0x9e,
    0x9f, 0x0, 0x0, 0x9e, 0x9f, 0x0, 0x0, 0x9e,
    0x9f, 0x0, 0x0, 0x9e, 0x8f, 0x0, 0x0, 0xbe,
    0x6f, 0x30, 0x1, 0xfe, 0x1e, 0xe7, 0x7d, 0xce,
    0x3, 0xcf, 0xd5, 0x8e,

    /* U+0172 "Ų" */
    0x9f, 0x0, 0x0, 0x0, 0x8f, 0x9, 0xf0, 0x0,
    0x0, 0x8, 0xf0, 0x9f, 0x0, 0x0, 0x0, 0x8f,
    0x9, 0xf0, 0x0, 0x0, 0x8, 0xf0, 0x9f, 0x0,
    0x0, 0x0, 0x8f, 0x9, 0xf0, 0x0, 0x0, 0x8,
    0xf0, 0x9f, 0x0, 0x0, 0x0, 0x8f, 0x9, 0xf0,
    0x0, 0x0, 0x8, 0xf0, 0x9f, 0x0, 0x0, 0x0,
    0x9f, 0x7, 0xf2, 0x0, 0x0, 0xc, 0xd0, 0x2f,
    0xb0, 0x0, 0x6, 0xf8, 0x0, 0x7f, 0xea, 0x9c,
    0xfd, 0x0, 0x0, 0x4b, 0xef, 0xf8, 0x0, 0x0,
    0x0, 0x0, 0xa8, 0x0, 0x0, 0x0, 0x0, 0x3f,
    0x21, 0x0, 0x0, 0x0, 0x3, 0xff, 0xa0, 0x0,
    0x0, 0x0, 0x1, 0x20, 0x0, 0x0,

    /* U+0173 "ų" */
    0x9f, 0x0, 0x0, 0x9e, 0x9, 0xf0, 0x0, 0x9,
    0xe0, 0x9f, 0x0, 0x0, 0x9e, 0x9, 0xf0, 0x0,
    0x9, 0xe0, 0x9f, 0x0, 0x0, 0x9e, 0x9, 0xf0,
    0x0, 0x9, 0xe0, 0x8f, 0x0, 0x0, 0xbe, 0x6,
    0xf3, 0x0, 0x1f, 0xe0, 0x1e, 0xe7, 0x7d, 0xce,
    0x0, 0x3c, 0xfd, 0x5b, 0xf0, 0x0, 0x0, 0x1,
    0xd5, 0x0, 0x0, 0x0, 0x8d, 0x10, 0x0, 0x0,
    0x8, 0xff, 0x50, 0x0, 0x0, 0x2, 0x20,

    /* U+0174 "Ŵ" */
    0x0, 0x0, 0x0, 0xa, 0xfa, 0x0, 0x0, 0x0,
    0x0, 0x0, 0x0, 0x5, 0xf7, 0xf5, 0x0, 0x0,
    0x0, 0x0, 0x0, 0x0, 0x64, 0x4, 0x60, 0x0,
    0x0, 0x0, 0x0, 0x0, 0x0, 0x0, 0x0, 0x0,
    0x0, 0x0, 0x2f, 0x70, 0x0, 0x8, 0xf7, 0x0,
    0x0, 0x8f, 0x30, 0xeb, 0x0, 0x0, 0xcf, 0xb0,
    0x0, 0xc, 0xe0, 0xa, 0xf0, 0x0, 0xf, 0xff,
    0x0, 0x0, 0xfa, 0x0, 0x6f, 0x30, 0x3, 0xfb,
    0xf3, 0x0, 0x3f, 0x60, 0x2, 0xf7, 0x0, 0x7f,
    0x3f, 0x70, 0x7, 0xf2, 0x0, 0xe, 0xb0, 0xb,
    0xd0, 0xdb, 0x0, 0xbe, 0x0, 0x0, 0xae, 0x0,
    0xf9, 0x9, 0xe0, 0xf, 0xa0, 0x0, 0x6, 0xf3,
    0x3f, 0x50, 0x5f, 0x33, 0xf6, 0x0, 0x0, 0x1f,
    0x67, 0xf1, 0x1, 0xf6, 0x7f, 0x10, 0x0, 0x0,
    0xda, 0xad, 0x0, 0xd, 0xaa, 0xd0, 0x0, 0x0,
    0x9, 0xee, 0x90, 0x0, 0x9e, 0xe9, 0x0, 0x0,
    0x0, 0x5f, 0xf5, 0x0, 0x5, 0xff, 0x50, 0x0,
    0x0, 0x1, 0xff, 0x10, 0x0, 0x1f, 0xf1, 0x0,
    0x0,

    /* U+0175 "ŵ" */
    0x0, 0x0, 0x1, 0xc9, 0xa0, 0x0, 0x0, 0x0,
    0x0, 0x0, 0x95, 0x8, 0x60, 0x0, 0x0, 0x0,
    0x0, 0x0, 0x0, 0x0, 0x0, 0x0, 0x7, 0xf2,
    0x0, 0x9, 0xf4, 0x0, 0x7, 0xf3, 0x2f, 0x70,
    0x0, 0xdf, 0x90, 0x0, 0xbe, 0x0, 0xdb, 0x0,
    0x2f, 0xed, 0x0, 0xf, 0x90, 0x9, 0xf0, 0x6,
    0xf6, 0xf1, 0x4, 0xf4, 0x0, 0x4f, 0x40, 0xac,
    0x1f, 0x60, 0x8f, 0x0, 0x0, 0xf8, 0xe, 0x70,
    0xca, 0xc, 0xb0, 0x0, 0xb, 0xc3, 0xf3, 0x7,
    0xe1, 0xf6, 0x0, 0x0, 0x6f, 0x8e, 0x0, 0x3f,
    0x8f, 0x20, 0x0, 0x1, 0xff, 0xa0, 0x0, 0xef,
    0xd0, 0x0, 0x0, 0xc, 0xf5, 0x0, 0xa, 0xf8,
    0x0, 0x0,

    /* U+0176 "Ŷ" */
    0x0, 0x0, 0x1e, 0xf5, 0x0, 0x0, 0x0, 0x0,
    0xad, 0x9e, 0x10, 0x0, 0x0, 0x0, 0x71, 0x6,
    0x30, 0x0, 0x0, 0x0, 0x0, 0x0, 0x0, 0x0,
    0xc, 0xe1, 0x0, 0x0, 0xa, 0xf2, 0x3, 0xf9,
    0x0, 0x0, 0x3f, 0x90, 0x0, 0xaf, 0x20, 0x0,
    0xce, 0x10, 0x0, 0x1f, 0xb0, 0x5, 0xf6, 0x0,
    0x0, 0x7, 0xf4, 0xe, 0xd0, 0x0, 0x0, 0x0,
    0xdd, 0x8f, 0x30, 0x0, 0x0, 0x0, 0x4f, 0xfa,
    0x0, 0x0, 0x0, 0x0, 0xb, 0xf1, 0x0, 0x0,
    0x0, 0x0, 0x9, 0xf0, 0x0, 0x0, 0x0, 0x0,
    0x9, 0xf0, 0x0, 0x0, 0x0, 0x0, 0x9, 0xf0,
    0x0, 0x0, 0x0, 0x0, 0x9, 0xf0, 0x0, 0x0,
    0x0, 0x0, 0x9, 0xf0, 0x0, 0x0,

    /* U+0177 "ŷ" */
    0x0, 0x7, 0xac, 0x30, 0x0, 0x0, 0x3b, 0x3,
    0xb0, 0x0, 0x0, 0x0, 0x0, 0x0, 0x0, 0x7f,
    0x30, 0x0, 0x8, 0xf1, 0x1f, 0x80, 0x0, 0xd,
    0xc0, 0xb, 0xe0, 0x0, 0x3f, 0x60, 0x6, 0xf3,
    0x0, 0x8f, 0x10, 0x1, 0xf8, 0x0, 0xdb, 0x0,
    0x0, 0xbe, 0x2, 0xf6, 0x0, 0x0, 0x5f, 0x37,
    0xf1, 0x0, 0x0, 0xf, 0x8c, 0xb0, 0x0, 0x0,
    0xa, 0xef, 0x60, 0x0, 0x0, 0x4, 0xff, 0x10,
    0x0, 0x0, 0x0, 0xcb, 0x0, 0x0, 0x0, 0x58,
    0xf5, 0x0, 0x0, 0x2, 0xff, 0x90, 0x0, 0x0,

    /* U+0178 "Ÿ" */
    0x0, 0x2, 0xd5, 0xd, 0x70, 0x0, 0x0, 0x2,
    0xf6, 0xf, 0x80, 0x0, 0x0, 0x0, 0x0, 0x0,
    0x0, 0x0, 0x0, 0x0, 0x0, 0x0, 0x0, 0x0,
    0xc, 0xe1, 0x0, 0x0, 0xa, 0xf2, 0x3, 0xf9,
    0x0, 0x0, 0x3f, 0x90, 0x0, 0xaf, 0x20, 0x0,
    0xce, 0x10, 0x0, 0x1f, 0xb0, 0x5, 0xf6, 0x0,
    0x0, 0x7, 0xf4, 0xe, 0xd0, 0x0, 0x0, 0x0,
    0xdd, 0x8f, 0x30, 0x0, 0x0, 0x0, 0x4f, 0xfa,
    0x0, 0x0, 0x0, 0x0, 0xb, 0xf1, 0x0, 0x0,
    0x0, 0x0, 0x9, 0xf0, 0x0, 0x0, 0x0, 0x0,
    0x9, 0xf0, 0x0, 0x0, 0x0, 0x0, 0x9, 0xf0,
    0x0, 0x0, 0x0, 0x0, 0x9, 0xf0, 0x0, 0x0,
    0x0, 0x0, 0x9, 0xf0, 0x0, 0x0,

    /* U+0179 "Ź" */
    0x0, 0x0, 0xb, 0xd0, 0x0, 0x0, 0x0, 0x3f,
    0x30, 0x0, 0x0, 0x0, 0x34, 0x0, 0x0, 0x0,
    0x0, 0x0, 0x0, 0x0, 0x4f, 0xff, 0xff, 0xff,
    0xf1, 0x28, 0x88, 0x88, 0x8e, 0xf1, 0x0, 0x0,
    0x0, 0x5f, 0x70, 0x0, 0x0, 0x1, 0xec, 0x0,
    0x0, 0x0, 0xb, 0xf2, 0x0, 0x0, 0x0, 0x6f,
    0x60, 0x0, 0x0, 0x2, 0xfb, 0x0, 0x0, 0x0,
    0xc, 0xe1, 0x0, 0x0, 0x0, 0x8f, 0x50, 0x0,
    0x0, 0x3, 0xfa, 0x0, 0x0, 0x0, 0xd, 0xd0,
    0x0, 0x0, 0x0, 0x7f, 0xb8, 0x88, 0x88, 0x82,
    0x8f, 0xff, 0xff, 0xff, 0xf4,

    /* U+017A "ź" */
    0x0, 0x0, 0xd, 0xb0, 0x0, 0x0, 0x6, 0xe1,
    0x0, 0x0, 0x0, 0x43, 0x0, 0x0, 0xef, 0xff,
    0xff, 0xf9, 0x5, 0x55, 0x55, 0x9f, 0x80, 0x0,
    0x0, 0x1e, 0xc0, 0x0, 0x0, 0xd, 0xd1, 0x0,
    0x0, 0xb, 0xe2, 0x0, 0x0, 0x9, 0xf4, 0x0,
    0x0, 0x6, 0xf6, 0x0, 0x0, 0x4, 0xf8, 0x0,
    0x0, 0x0, 0xfe, 0x55, 0x55, 0x54, 0x1f, 0xff,
    0xff, 0xff, 0xc0,

    /* U+017B "Ż" */
    0x0, 0x0, 0x9a, 0x0, 0x0, 0x0, 0x0, 0xcd,
    0x0, 0x0, 0x0, 0x0, 0x0, 0x0, 0x0, 0x0,
    0x0, 0x0, 0x0, 0x0, 0x4f, 0xff, 0xff, 0xff,
    0xf1, 0x28, 0x88, 0x88, 0x8e, 0xf1, 0x0, 0x0,
    0x0, 0x5f, 0x70, 0x0, 0x0, 0x1, 0xec, 0x0,
    0x0, 0x0, 0xb, 0xf2, 0x0, 0x0, 0x0, 0x6f,
    0x60, 0x0, 0x0, 0x2, 0xfb, 0x0, 0x0, 0x0,
    0xc, 0xe1, 0x0, 0x0, 0x0, 0x8f, 0x50, 0x0,
    0x0, 0x3, 0xfa, 0x0, 0x0, 0x0, 0xd, 0xd0,
    0x0, 0x0, 0x0, 0x7f, 0xb8, 0x88, 0x88, 0x82,
    0x8f, 0xff, 0xff, 0xff, 0xf4,

    /* U+017C "ż" */
    0x0, 0x0, 0xfa, 0x0, 0x0, 0x0, 0xc, 0x80,
    0x0, 0x0, 0x0, 0x0, 0x0, 0x0, 0xef, 0xff,
    0xff, 0xf9, 0x5, 0x55, 0x55, 0x9f, 0x80, 0x0,
    0x0, 0x1e, 0xc0, 0x0, 0x0, 0xd, 0xd1, 0x0,
    0x0, 0xb, 0xe2, 0x0, 0x0, 0x9, 0xf4, 0x0,
    0x0, 0x6, 0xf6, 0x0, 0x0, 0x4, 0xf8, 0x0,
    0x0, 0x0, 0xfe, 0x55, 0x55, 0x54, 0x1f, 0xff,
    0xff, 0xff, 0xc0,

    /* U+017D "Ž" */
    0x0, 0x2f, 0x32, 0xf3, 0x0, 0x0, 0x7, 0xdc,
    0x80, 0x0, 0x0, 0x0, 0x77, 0x0, 0x0, 0x0,
    0x0, 0x0, 0x0, 0x0, 0x4f, 0xff, 0xff, 0xff,
    0xf1, 0x28, 0x88, 0x88, 0x8e, 0xf1, 0x0, 0x0,
    0x0, 0x5f, 0x70, 0x0, 0x0, 0x1, 0xec, 0x0,
    0x0, 0x0, 0xb, 0xf2, 0x0, 0x0, 0x0, 0x6f,
    0x60, 0x0, 0x0, 0x2, 0xfb, 0x0, 0x0, 0x0,
    0xc, 0xe1, 0x0, 0x0, 0x0, 0x8f, 0x50, 0x0,
    0x0, 0x3, 0xfa, 0x0, 0x0, 0x0, 0xd, 0xd0,
    0x0, 0x0, 0x0, 0x7f, 0xb8, 0x88, 0x88, 0x82,
    0x8f, 0xff, 0xff, 0xff, 0xf4,

    /* U+017E "ž" */
    0x0, 0x3e, 0x26, 0xd1, 0x0, 0x0, 0x6e, 0xe2,
    0x0, 0x0, 0x0, 0x0, 0x0, 0x0, 0xef, 0xff,
    0xff, 0xf9, 0x5, 0x55, 0x55, 0x9f, 0x80, 0x0,
    0x0, 0x1e, 0xc0, 0x0, 0x0, 0xd, 0xd1, 0x0,
    0x0, 0xb, 0xe2, 0x0, 0x0, 0x9, 0xf4, 0x0,
    0x0, 0x6, 0xf6, 0x0, 0x0, 0x4, 0xf8, 0x0,
    0x0, 0x0, 0xfe, 0x55, 0x55, 0x54, 0x1f, 0xff,
    0xff, 0xff, 0xc0,

    /* U+017F "ſ" */
    0x1b, 0xfe, 0x29, 0xfa, 0x90, 0xcd, 0x0, 0xc,
    0xc0, 0x0, 0xcc, 0x0, 0xc, 0xc0, 0x0, 0xcc,
    0x0, 0xc, 0xc0, 0x0, 0xcc, 0x0, 0xc, 0xc0,
    0x0, 0xcc, 0x0, 0xc, 0xc0, 0x0, 0xcc, 0x0,
    0xc, 0xc0, 0x0,

    /* U+0180 "ƀ" */
    0x1, 0xdc, 0x11, 0x0, 0x0, 0x4, 0xff, 0xff,
    0xf3, 0x0, 0x0, 0x14, 0xdd, 0x44, 0x0, 0x0,
    0x0, 0xd, 0xc0, 0x0, 0x0, 0x0, 0x0, 0xdc,
    0x6d, 0xfc, 0x40, 0x0, 0xd, 0xff, 0x86, 0xdf,
    0x40, 0x0, 0xdf, 0x40, 0x0, 0xed, 0x0, 0xd,
    0xd0, 0x0, 0x8, 0xf2, 0x0, 0xda, 0x0, 0x0,
    0x6f, 0x30, 0xd, 0xa0, 0x0, 0x6, 0xf3, 0x0,
    0xdc, 0x0, 0x0, 0x9f, 0x10, 0xd, 0xf3, 0x0,
    0x1f, 0xc0, 0x0, 0xde, 0xe8, 0x7e, 0xf3, 0x0,
    0xd, 0xa6, 0xef, 0xb3, 0x0,

    /* U+0181 "Ɓ" */
    0x5e, 0xff, 0xff, 0xff, 0xea, 0x20, 0xe, 0xec,
    0xfb, 0x99, 0xab, 0xfe, 0x10, 0xf8, 0x5f, 0x50,
    0x0, 0x4, 0xf8, 0xa, 0x45, 0xf5, 0x0, 0x0,
    0xf, 0xb0, 0x0, 0x5f, 0x50, 0x0, 0x0, 0xf9,
    0x0, 0x5, 0xf5, 0x0, 0x1, 0xaf, 0x20, 0x0,
    0x5f, 0xff, 0xff, 0xff, 0x60, 0x0, 0x5, 0xfb,
    0x99, 0x9b, 0xff, 0x70, 0x0, 0x5f, 0x50, 0x0,
    0x1, 0xdf, 0x10, 0x5, 0xf5, 0x0, 0x0, 0x7,
    0xf5, 0x0, 0x5f, 0x50, 0x0, 0x0, 0x7f, 0x50,
    0x5, 0xf5, 0x0, 0x0, 0xd, 0xf1, 0x0, 0x5f,
    0xb9, 0x99, 0xae, 0xf8, 0x0, 0x5, 0xff, 0xff,
    0xfe, 0xc6, 0x0,

    /* U+0182 "Ƃ" */
    0x9f, 0xff, 0xff, 0xff, 0xc0, 0x9, 0xfa, 0x99,
    0x99, 0x97, 0x0, 0x9f, 0x20, 0x0, 0x0, 0x0,
    0x9, 0xf2, 0x0, 0x0, 0x0, 0x0, 0x9f, 0x20,
    0x0, 0x0, 0x0, 0x9, 0xf2, 0x0, 0x0, 0x0,
    0x0, 0x9f, 0xa9, 0x99, 0x85, 0x0, 0x9, 0xff,
    0xff, 0xff, 0xfd, 0x20, 0x9f, 0x20, 0x0, 0x29,
    0xfc, 0x9, 0xf2, 0x0, 0x0, 0xd, 0xf1, 0x9f,
    0x20, 0x0, 0x0, 0xbf, 0x19, 0xf2, 0x0, 0x0,
    0x1f, 0xe0, 0x9f, 0x98, 0x88, 0xaf, 0xf5, 0x9,
    0xff, 0xff, 0xff, 0xc5, 0x0,

    /* U+0183 "ƃ" */
    0xdf, 0xff, 0xff, 0xff, 0x3d, 0xd5, 0x55, 0x55,
    0x51, 0xdc, 0x0, 0x0, 0x0, 0xd, 0xc0, 0x0,
    0x0, 0x0, 0xdc, 0x6d, 0xfc, 0x40, 0xd, 0xff,
    0x86, 0xdf, 0x40, 0xdf, 0x40, 0x0, 0xed, 0xd,
    0xd0, 0x0, 0x8, 0xf2, 0xda, 0x0, 0x0, 0x6f,
    0x3d, 0xa0, 0x0, 0x6, 0xf3, 0xdc, 0x0, 0x0,
    0x9f, 0x1d, 0xf3, 0x0, 0x1f, 0xc0, 0xde, 0xe8,
    0x7e, 0xf3, 0xd, 0xa6, 0xef, 0xb3, 0x0,

    /* U+0184 "Ƅ" */
    0xcc, 0x0, 0x0, 0x0, 0xc, 0xc0, 0x0, 0x0,
    0x0, 0xcc, 0x0, 0x0, 0x0, 0xc, 0xc0, 0x0,
    0x0, 0x0, 0xcc, 0x0, 0x0, 0x0, 0xc, 0xc2,
    0x21, 0x0, 0x0, 0xcf, 0xff, 0xff, 0x90, 0xc,
    0xd5, 0x55, 0x9f, 0xb0, 0xcc, 0x0, 0x0, 0x9f,
    0x2c, 0xc0, 0x0, 0x5, 0xf4, 0xae, 0x0, 0x0,
    0x5f, 0x36, 0xf5, 0x0, 0xa, 0xf1, 0xd, 0xf8,
    0x69, 0xf9, 0x0, 0x19, 0xef, 0xe8, 0x0,

    /* U+0185 "ƅ" */
    0xcc, 0x0, 0x0, 0x0, 0xc, 0xc0, 0x0, 0x0,
    0x0, 0xcc, 0x0, 0x0, 0x0, 0xc, 0xc0, 0x0,
    0x0, 0x0, 0xcc, 0x5d, 0xfc, 0x40, 0xc, 0xff,
    0x76, 0xcf, 0x40, 0xcf, 0x50, 0x0, 0xed, 0xc,
    0xd0, 0x0, 0x8, 0xf2, 0xcb, 0x0, 0x0, 0x5f,
    0x4c, 0xb0, 0x0, 0x5, 0xf4, 0xad, 0x0, 0x0,
    0x8f, 0x26, 0xf4, 0x0, 0xe, 0xd0, 0xd, 0xf8,
    0x7d, 0xf3, 0x0, 0x19, 0xef, 0xc3, 0x0,

    /* U+0186 "Ɔ" */
    0x0, 0x6, 0xcf, 0xfc, 0x70, 0x0, 0x0, 0xa,
    0xfe, 0x99, 0xcf, 0xd2, 0x0, 0x7, 0xfa, 0x0,
    0x0, 0x5f, 0xd0, 0x0, 0xde, 0x0, 0x0, 0x0,
    0x7f, 0x60, 0x1, 0x30, 0x0, 0x0, 0x1, 0xfc,
    0x0, 0x0, 0x0, 0x0, 0x0, 0xc, 0xf0, 0x0,
    0x0, 0x0, 0x0, 0x0, 0xbf, 0x0, 0x0, 0x0,
    0x0, 0x0, 0xb, 0xf0, 0x0, 0x0, 0x0, 0x0,
    0x0, 0xdf, 0x2, 0xb8, 0x0, 0x0, 0x0, 0xf,
    0xb0, 0xe, 0xe0, 0x0, 0x0, 0x7, 0xf6, 0x0,
    0x7f, 0xa0, 0x0, 0x4, 0xfd, 0x0, 0x0, 0xbf,
    0xea, 0x9c, 0xfe, 0x20, 0x0, 0x0, 0x6c, 0xff,
    0xd8, 0x10, 0x0,

    /* U+0187 "Ƈ" */
    0x0, 0x0, 0x7c, 0xff, 0xb4, 0x1c, 0xfb, 0x0,
    0x2d, 0xfc, 0x99, 0xef, 0xcf, 0xb5, 0x0, 0xdf,
    0x40, 0x0, 0xa, 0xff, 0x10, 0x6, 0xf7, 0x0,
    0x0, 0x0, 0xef, 0x10, 0xc, 0xf0, 0x0, 0x0,
    0x0, 0x31, 0x0, 0xf, 0xc0, 0x0, 0x0, 0x0,
    0x0, 0x0, 0xf, 0xb0, 0x0, 0x0, 0x0, 0x0,
    0x0, 0xf, 0xb0, 0x0, 0x0, 0x0, 0x0, 0x0,
    0xf, 0xd0, 0x0, 0x0, 0x0, 0x0, 0x0, 0xb,
    0xf0, 0x0, 0x0, 0x0, 0x8b, 0x10, 0x6, 0xf7,
    0x0, 0x0, 0x0, 0xee, 0x0, 0x0, 0xdf, 0x40,
    0x0, 0xa, 0xf7, 0x0, 0x0, 0x2e, 0xfc, 0x9a,
    0xef, 0xa0, 0x0, 0x0, 0x1, 0x8d, 0xff, 0xc6,
    0x0, 0x0,

    /* U+0188 "ƈ" */
    0x0, 0x0, 0x0, 0x0, 0x0, 0x0, 0x0, 0x0,
    0x0, 0x4f, 0xf5, 0x0, 0x3b, 0xff, 0xde, 0xe5,
    0x10, 0x4f, 0xd7, 0x6e, 0xfb, 0x0, 0xd, 0xe0,
    0x0, 0x2f, 0xa0, 0x2, 0xf8, 0x0, 0x0, 0x20,
    0x0, 0x4f, 0x60, 0x0, 0x0, 0x0, 0x4, 0xf6,
    0x0, 0x0, 0x0, 0x0, 0x2f, 0x80, 0x0, 0x9,
    0x70, 0x0, 0xde, 0x0, 0x2, 0xf8, 0x0, 0x4,
    0xfd, 0x77, 0xee, 0x10, 0x0, 0x4, 0xcf, 0xea,
    0x10, 0x0,

    /* U+0189 "Ɖ" */
    0x9, 0xff, 0xff, 0xfe, 0xb3, 0x0, 0x0, 0x9f,
    0xa9, 0x9a, 0xcf, 0xf5, 0x0, 0x9, 0xf2, 0x0,
    0x0, 0x2e, 0xf1, 0x0, 0x9f, 0x20, 0x0, 0x0,
    0x5f, 0x80, 0x9, 0xf2, 0x0, 0x0, 0x0, 0xed,
    0x0, 0x9f, 0x20, 0x0, 0x0, 0xc, 0xf0, 0x9d,
    0xfa, 0x99, 0x60, 0x0, 0xaf, 0x1f, 0xff, 0xff,
    0xfa, 0x0, 0xb, 0xf0, 0x9, 0xf2, 0x0, 0x0,
    0x0, 0xcf, 0x0, 0x9f, 0x20, 0x0, 0x0, 0xf,
    0xc0, 0x9, 0xf2, 0x0, 0x0, 0x5, 0xf7, 0x0,
    0x9f, 0x20, 0x0, 0x3, 0xef, 0x10, 0x9, 0xfa,
    0x99, 0xac, 0xff, 0x40, 0x0, 0x9f, 0xff, 0xff,
    0xea, 0x30, 0x0,

    /* U+018A "Ɗ" */
    0x5e, 0xff, 0xff, 0xff, 0xec, 0x50, 0x0, 0xee,
    0xcf, 0xb9, 0x99, 0xbf, 0xf8, 0x0, 0xf8, 0x5f,
    0x50, 0x0, 0x1, 0xcf, 0x40, 0x94, 0x5f, 0x50,
    0x0, 0x0, 0x2f, 0xb0, 0x0, 0x5f, 0x50, 0x0,
    0x0, 0xb, 0xf0, 0x0, 0x5f, 0x50, 0x0, 0x0,
    0x9, 0xf3, 0x0, 0x5f, 0x50, 0x0, 0x0, 0x7,
    0xf4, 0x0, 0x5f, 0x50, 0x0, 0x0, 0x7, 0xf4,
    0x0, 0x5f, 0x50, 0x0, 0x0, 0x9, 0xf2, 0x0,
    0x5f, 0x50, 0x0, 0x0, 0xc, 0xf0, 0x0, 0x5f,
    0x50, 0x0, 0x0, 0x2f, 0xb0, 0x0, 0x5f, 0x50,
    0x0, 0x1, 0xdf, 0x30, 0x0, 0x5f, 0xb9, 0x9a,
    0xbf, 0xf7, 0x0, 0x0, 0x5f, 0xff, 0xff, 0xea,
    0x40, 0x0,

    /* U+018B "Ƌ" */
    0x0, 0xff, 0xff, 0xff, 0xff, 0x50, 0x9, 0x99,
    0x99, 0x9b, 0xf5, 0x0, 0x0, 0x0, 0x0, 0x5f,
    0x50, 0x0, 0x0, 0x0, 0x5, 0xf5, 0x0, 0x0,
    0x0, 0x0, 0x5f, 0x50, 0x0, 0x0, 0x0, 0x5,
    0xf5, 0x0, 0x16, 0x89, 0x99, 0xbf, 0x50, 0x4f,
    0xff, 0xff, 0xff, 0xf5, 0xe, 0xf6, 0x10, 0x0,
    0x5f, 0x53, 0xf9, 0x0, 0x0, 0x5, 0xf5, 0x4f,
    0x80, 0x0, 0x0, 0x5f, 0x51, 0xfd, 0x0, 0x0,
    0x5, 0xf5, 0x9, 0xfe, 0x98, 0x88, 0xbf, 0x50,
    0x7, 0xdf, 0xff, 0xff, 0xf5,

    /* U+018C "ƌ" */
    0x3f, 0xff, 0xff, 0xff, 0xd1, 0x55, 0x55, 0x55,
    0xdd, 0x0, 0x0, 0x0, 0xc, 0xd0, 0x0, 0x0,
    0x0, 0xcd, 0x0, 0x4c, 0xfd, 0x6c, 0xd0, 0x4f,
    0xd6, 0x8f, 0xfd, 0xd, 0xe1, 0x0, 0x4f, 0xd2,
    0xf8, 0x0, 0x0, 0xdd, 0x3f, 0x60, 0x0, 0xa,
    0xd3, 0xf6, 0x0, 0x0, 0xad, 0x1f, 0x80, 0x0,
    0xb, 0xd0, 0xcd, 0x0, 0x1, 0xfd, 0x3, 0xfb,
    0x44, 0xdf, 0xd0, 0x3, 0xbf, 0xe8, 0xad,

    /* U+018D "ƍ" */
    0x0, 0x3b, 0xff, 0xc4, 0x0, 0x4, 0xfd, 0x77,
    0xdf, 0x40, 0xd, 0xe0, 0x0, 0xe, 0xd0, 0x3f,
    0x70, 0x0, 0x7, 0xf3, 0x5f, 0x40, 0x0, 0x4,
    0xf5, 0x5f, 0x40, 0x0, 0x4, 0xf5, 0x3f, 0x70,
    0x0, 0x7, 0xf3, 0xe, 0xd0, 0x0, 0xd, 0xe0,
    0x6, 0xfd, 0x66, 0xdf, 0x50, 0x0, 0x8f, 0xff,
    0xd5, 0x0, 0x0, 0x5, 0xfd, 0x20, 0x0, 0x0,
    0x0, 0x2c, 0xf5, 0x0, 0x1, 0x66, 0x66, 0xef,
    0x80, 0x4, 0xff, 0xff, 0xff, 0xe0,

    /* U+018E "Ǝ" */
    0xc, 0xff, 0xff, 0xff, 0xff, 0x90, 0x79, 0x99,
    0x99, 0x9a, 0xf9, 0x0, 0x0, 0x0, 0x0, 0x2f,
    0x90, 0x0, 0x0, 0x0, 0x2, 0xf9, 0x0, 0x0,
    0x0, 0x0, 0x2f, 0x90, 0x0, 0x0, 0x0, 0x2,
    0xf9, 0x2, 0x99, 0x99, 0x99, 0xaf, 0x90, 0x4f,
    0xff, 0xff, 0xff, 0xf9, 0x0, 0x0, 0x0, 0x0,
    0x2f, 0x90, 0x0, 0x0, 0x0, 0x2, 0xf9, 0x0,
    0x0, 0x0, 0x0, 0x2f, 0x90, 0x0, 0x0, 0x0,
    0x2, 0xf9, 0x9, 0x99, 0x99, 0x99, 0xaf, 0x90,
    0xff, 0xff, 0xff, 0xff, 0xf9,

    /* U+018F "Ə" */
    0x0, 0x3, 0xbe, 0xfd, 0x81, 0x0, 0x0, 0x7,
    0xfe, 0xa9, 0xcf, 0xe3, 0x0, 0x4, 0xfb, 0x0,
    0x0, 0x4e, 0xe0, 0x0, 0x6b, 0x10, 0x0, 0x0,
    0x5f, 0x70, 0x0, 0x0, 0x0, 0x0, 0x0, 0xdc,
    0x1, 0x88, 0x88, 0x88, 0x88, 0x8f, 0xe0, 0x2f,
    0xff, 0xff, 0xff, 0xff, 0xff, 0x1, 0xf8, 0x0,
    0x0, 0x0, 0xa, 0xf0, 0xe, 0xc0, 0x0, 0x0,
    0x0, 0xdc, 0x0, 0xaf, 0x30, 0x0, 0x0, 0x4f,
    0x70, 0x2, 0xfd, 0x10, 0x0, 0x3e, 0xe1, 0x0,
    0x5, 0xff, 0xa9, 0xbf, 0xe3, 0x0, 0x0, 0x2,
    0xae, 0xfd, 0x91, 0x0, 0x0,

    /* U+0190 "Ɛ" */
    0x0, 0x19, 0xef, 0xd8, 0x0, 0x0, 0x1d, 0xfc,
    0xad, 0xfb, 0x0, 0x8, 0xf7, 0x0, 0x8, 0xf6,
    0x0, 0xbf, 0x10, 0x0, 0xe, 0xb0, 0x9, 0xf3,
    0x0, 0x0, 0x42, 0x0, 0x2f, 0xd4, 0x0, 0x0,
    0x0, 0x0, 0x4f, 0xff, 0x60, 0x0, 0x0, 0x4f,
    0xfb, 0x93, 0x0, 0x0, 0xe, 0xe2, 0x0, 0x0,
    0x0, 0x3, 0xf9, 0x0, 0x0, 0x3, 0x30, 0x3f,
    0xa0, 0x0, 0x0, 0xde, 0x0, 0xef, 0x20, 0x0,
    0x8f, 0x80, 0x4, 0xff, 0xa9, 0xdf, 0xc0, 0x0,
    0x3, 0xbe, 0xfd, 0x70, 0x0,

    /* U+0191 "Ƒ" */
    0x0, 0x9f, 0xff, 0xff, 0xff, 0xf2, 0x0, 0x9f,
    0xa9, 0x99, 0x99, 0x91, 0x0, 0x9f, 0x20, 0x0,
    0x0, 0x0, 0x0, 0x9f, 0x20, 0x0, 0x0, 0x0,
    0x0, 0x9f, 0x20, 0x0, 0x0, 0x0, 0x0, 0x9f,
    0x20, 0x0, 0x0, 0x0, 0x0, 0x9f, 0xff, 0xff,
    0xff, 0x30, 0x0, 0x9f, 0xa9, 0x99, 0x99, 0x10,
    0x0, 0x9f, 0x20, 0x0, 0x0, 0x0, 0x0, 0x9f,
    0x20, 0x0, 0x0, 0x0, 0x0, 0x9f, 0x20, 0x0,
    0x0, 0x0, 0x0, 0x9f, 0x20, 0x0, 0x0, 0x0,
    0x0, 0x9f, 0x20, 0x0, 0x0, 0x0, 0x0, 0x9f,
    0x20, 0x0, 0x0, 0x0, 0x0, 0xbf, 0x10, 0x0,
    0x0, 0x0, 0x3f, 0xfd, 0x0, 0x0, 0x0, 0x0,
    0x28, 0x71, 0x0, 0x0, 0x0, 0x0,

    /* U+0192 "ƒ" */
    0x0, 0x0, 0xae, 0xf8, 0x0, 0x7, 0xf7, 0x63,
    0x0, 0xc, 0xb0, 0x0, 0x6, 0xff, 0xff, 0xf8,
    0x2, 0x5f, 0xd5, 0x52, 0x0, 0x1f, 0x50, 0x0,
    0x0, 0x3f, 0x40, 0x0, 0x0, 0x5f, 0x20, 0x0,
    0x0, 0x6f, 0x0, 0x0, 0x0, 0x8e, 0x0, 0x0,
    0x0, 0xac, 0x0, 0x0, 0x57, 0xf8, 0x0, 0x0,
    0xef, 0xa0, 0x0, 0x0,

    /* U+0193 "Ɠ" */
    0x0, 0x0, 0x5b, 0xef, 0xd8, 0x7, 0xef, 0x20,
    0x1, 0xcf, 0xd9, 0x9b, 0xfc, 0xfe, 0x80, 0x0,
    0xbf, 0x70, 0x0, 0x4, 0xff, 0x80, 0x0, 0x4f,
    0x90, 0x0, 0x0, 0x9, 0xf7, 0x0, 0xa, 0xf1,
    0x0, 0x0, 0x0, 0x14, 0x0, 0x0, 0xed, 0x0,
    0x0, 0x0, 0x0, 0x0, 0x0, 0xf, 0xb0, 0x0,
    0x0, 0x0, 0x0, 0x0, 0x0, 0xfb, 0x0, 0x0,
    0x9f, 0xff, 0xfd, 0x0, 0xe, 0xd0, 0x0, 0x5,
    0x99, 0x9e, 0xd0, 0x0, 0xbf, 0x10, 0x0, 0x0,
    0x0, 0xcd, 0x0, 0x5, 0xfa, 0x0, 0x0, 0x0,
    0xc, 0xd0, 0x0, 0xb, 0xf9, 0x10, 0x0, 0x18,
    0xfd, 0x0, 0x0, 0xb, 0xff, 0xba, 0xbf, 0xfd,
    0x20, 0x0, 0x0, 0x5, 0xbe, 0xfe, 0xb5, 0x0,
    0x0,

    /* U+0194 "Ɣ" */
    0xcf, 0x10, 0x0, 0x0, 0x5, 0xf7, 0x6f, 0x60,
    0x0, 0x0, 0xb, 0xf1, 0xf, 0xd0, 0x0, 0x0,
    0x1f, 0xa0, 0x9, 0xf3, 0x0, 0x0, 0x8f, 0x40,
    0x3, 0xf9, 0x0, 0x0, 0xee, 0x0, 0x0, 0xcf,
    0x0, 0x4, 0xf7, 0x0, 0x0, 0x6f, 0x60, 0xa,
    0xf1, 0x0, 0x0, 0xf, 0xc0, 0x1f, 0xa0, 0x0,
    0x0, 0x9, 0xf3, 0x7f, 0x40, 0x0, 0x0, 0x2,
    0xf9, 0xde, 0x0, 0x0, 0x0, 0x0, 0xcf, 0xf7,
    0x0, 0x0, 0x0, 0x0, 0x5f, 0xf1, 0x0, 0x0,
    0x0, 0x0, 0x1f, 0xd0, 0x0, 0x0, 0x0, 0x0,
    0x7f, 0xf2, 0x0, 0x0, 0x0, 0x0, 0xcf, 0xf8,
    0x0, 0x0, 0x0, 0x0, 0xf8, 0xcc, 0x0, 0x0,
    0x0, 0x0, 0xfa, 0xcb, 0x0, 0x0, 0x0, 0x0,
    0x6e, 0xe3, 0x0, 0x0,

    /* U+0195 "ƕ" */
    0xcc, 0x0, 0x0, 0x0, 0x0, 0x0, 0xc, 0xc0,
    0x0, 0x0, 0x0, 0x0, 0x0, 0xcc, 0x0, 0x0,
    0x0, 0x0, 0x0, 0xc, 0xc0, 0x0, 0x0, 0x0,
    0x0, 0x0, 0xcc, 0x5d, 0xfc, 0x40, 0x0, 0xcc,
    0xc, 0xff, 0x88, 0xff, 0x10, 0x6, 0xf3, 0xcf,
    0x40, 0x6, 0xf5, 0x0, 0x1f, 0x9c, 0xe0, 0x0,
    0x2f, 0x70, 0x0, 0xdc, 0xcc, 0x0, 0x2, 0xf7,
    0x0, 0xb, 0xec, 0xc0, 0x0, 0x2f, 0x70, 0x0,
    0xbe, 0xcc, 0x0, 0x1, 0xf8, 0x0, 0xc, 0xcc,
    0xc0, 0x0, 0xf, 0xb0, 0x2, 0xf8, 0xcc, 0x0,
    0x0, 0x9f, 0x86, 0xdf, 0x1c, 0xc0, 0x0, 0x0,
    0x8d, 0xfc, 0x30,

    /* U+0196 "Ɩ" */
    0xcc, 0x0, 0xcc, 0x0, 0xcc, 0x0, 0xcc, 0x0,
    0xcc, 0x0, 0xcc, 0x0, 0xcc, 0x0, 0xcc, 0x0,
    0xcc, 0x0, 0xcc, 0x0, 0xcc, 0x0, 0xcd, 0x0,
    0xaf, 0x92, 0x3d, 0xf4,

    /* U+0197 "Ɨ" */
    0x0, 0xfc, 0x0, 0x0, 0xfc, 0x0, 0x0, 0xfc,
    0x0, 0x0, 0xfc, 0x0, 0x0, 0xfc, 0x0, 0x0,
    0xfc, 0x0, 0xff, 0xff, 0xfc, 0x33, 0xfd, 0x32,
    0x0, 0xfc, 0x0, 0x0, 0xfc, 0x0, 0x0, 0xfc,
    0x0, 0x0, 0xfc, 0x0, 0x0, 0xfc, 0x0, 0x0,
    0xfc, 0x0,

    /* U+0198 "Ƙ" */
    0xbf, 0x0, 0x0, 0x5, 0xee, 0x80, 0xbf, 0x0,
    0x0, 0x6f, 0xdc, 0xf3, 0xbf, 0x0, 0x4, 0xfb,
    0x1, 0x83, 0xbf, 0x0, 0x2e, 0xc0, 0x0, 0x0,
    0xbf, 0x1, 0xde, 0x10, 0x0, 0x0, 0xbf, 0xc,
    0xf6, 0x0, 0x0, 0x0, 0xbf, 0xaf, 0xfe, 0x10,
    0x0, 0x0, 0xbf, 0xf7, 0x7f, 0xa0, 0x0, 0x0,
    0xbf, 0xa0, 0xc, 0xf4, 0x0, 0x0, 0xbf, 0x0,
    0x3, 0xfe, 0x10, 0x0, 0xbf, 0x0, 0x0, 0x8f,
    0xa0, 0x0, 0xbf, 0x0, 0x0, 0xd, 0xf4, 0x0,
    0xbf, 0x0, 0x0, 0x4, 0xfe, 0x10, 0xbf, 0x0,
    0x0, 0x0, 0x9f, 0xa0,

    /* U+0199 "ƙ" */
    0x2d, 0xf7, 0x0, 0x0, 0xaf, 0x62, 0x0, 0x0,
    0xcc, 0x0, 0x0, 0x0, 0xdc, 0x0, 0x0, 0x0,
    0xdc, 0x0, 0x1d, 0xe2, 0xdc, 0x0, 0xde, 0x20,
    0xdc, 0xc, 0xf3, 0x0, 0xdc, 0xbf, 0x40, 0x0,
    0xdf, 0xff, 0x70, 0x0, 0xdf, 0x4b, 0xf2, 0x0,
    0xdc, 0x2, 0xfb, 0x0, 0xdc, 0x0, 0x8f, 0x50,
    0xdc, 0x0, 0xe, 0xe1, 0xdc, 0x0, 0x5, 0xf9,

    /* U+019A "ƚ" */
    0x0, 0xeb, 0x0, 0x0, 0xeb, 0x0, 0x0, 0xeb,
    0x0, 0x0, 0xeb, 0x0, 0x0, 0xeb, 0x0, 0x0,
    0xeb, 0x0, 0xff, 0xff, 0xfc, 0x33, 0xec, 0x32,
    0x0, 0xeb, 0x0, 0x0, 0xeb, 0x0, 0x0, 0xeb,
    0x0, 0x0, 0xeb, 0x0, 0x0, 0xcf, 0x91, 0x0,
    0x4e, 0xf3,

    /* U+019B "ƛ" */
    0x0, 0x8f, 0x36, 0x10, 0x0, 0x5, 0xff, 0xf4,
    0x0, 0xa, 0xff, 0xe1, 0x0, 0x0, 0x43, 0x8f,
    0x20, 0x0, 0x0, 0x7, 0xf8, 0x0, 0x0, 0x0,
    0xdf, 0xd0, 0x0, 0x0, 0x2f, 0xef, 0x30, 0x0,
    0x8, 0xf4, 0xf8, 0x0, 0x0, 0xdc, 0xc, 0xe0,
    0x0, 0x3f, 0x70, 0x6f, 0x30, 0x8, 0xf1, 0x1,
    0xf9, 0x0, 0xec, 0x0, 0xb, 0xe0, 0x3f, 0x60,
    0x0, 0x6f, 0x49, 0xf1, 0x0, 0x1, 0xf9,

    /* U+019C "Ɯ" */
    0xdc, 0x0, 0x4, 0xf4, 0x0, 0xb, 0xdd, 0xc0,
    0x0, 0x4f, 0x40, 0x0, 0xbd, 0xdc, 0x0, 0x4,
    0xf4, 0x0, 0xb, 0xdd, 0xc0, 0x0, 0x4f, 0x40,
    0x0, 0xbd, 0xdc, 0x0, 0x4, 0xf4, 0x0, 0xb,
    0xdd, 0xc0, 0x0, 0x4f, 0x40, 0x0, 0xbd, 0xdc,
    0x0, 0x4, 0xf4, 0x0, 0xb, 0xdd, 0xc0, 0x0,
    0x4f, 0x40, 0x0, 0xbd, 0xdc, 0x0, 0x4, 0xf4,
    0x0, 0xb, 0xdd, 0xc0, 0x0, 0x4f, 0x40, 0x0,
    0xcd, 0xdc, 0x0, 0x5, 0xf4, 0x0, 0xd, 0xdb,
    0xd0, 0x0, 0xaf, 0x60, 0x1, 0xfd, 0x7f, 0x84,
    0x8d, 0xfd, 0x45, 0xde, 0xd0, 0x9e, 0xfa, 0x14,
    0xdf, 0xe7, 0x9d,

    /* U+019D "Ɲ" */
    0x0, 0x9f, 0x70, 0x0, 0x0, 0x1f, 0x90, 0x9,
    0xff, 0x20, 0x0, 0x1, 0xf9, 0x0, 0x9f, 0xfb,
    0x0, 0x0, 0x1f, 0x90, 0x9, 0xfa, 0xf4, 0x0,
    0x1, 0xf9, 0x0, 0x9f, 0x2e, 0xe0, 0x0, 0x1f,
    0x90, 0x9, 0xf0, 0x6f, 0x80, 0x1, 0xf9, 0x0,
    0x9f, 0x0, 0xcf, 0x20, 0x1f, 0x90, 0x9, 0xf0,
    0x3, 0xfc, 0x1, 0xf9, 0x0, 0x9f, 0x0, 0x8,
    0xf5, 0x1f, 0x90, 0x9, 0xf0, 0x0, 0xe, 0xe2,
    0xf9, 0x0, 0x9f, 0x0, 0x0, 0x5f, 0xaf, 0x90,
    0x9, 0xf0, 0x0, 0x0, 0xbf, 0xf9, 0x0, 0x9f,
    0x0, 0x0, 0x2, 0xff, 0x90, 0x9, 0xf0, 0x0,
    0x0, 0x7, 0xf9, 0x0, 0x9f, 0x0, 0x0, 0x0,
    0x0, 0x2, 0x9e, 0xe0, 0x0, 0x0, 0x0, 0x0,
    0x4f, 0xe5, 0x0, 0x0, 0x0, 0x0, 0x0,

    /* U+019E "ƞ" */
    0xca, 0x5d, 0xfd, 0x70, 0xce, 0xd5, 0x4a, 0xf6,
    0xcf, 0x20, 0x0, 0xfb, 0xcd, 0x0, 0x0, 0xcc,
    0xcc, 0x0, 0x0, 0xcd, 0xcc, 0x0, 0x0, 0xcd,
    0xcc, 0x0, 0x0, 0xcd, 0xcc, 0x0, 0x0, 0xcd,
    0xcc, 0x0, 0x0, 0xcd, 0xcc, 0x0, 0x0, 0xcd,
    0x0, 0x0, 0x0, 0xcd, 0x0, 0x0, 0x0, 0xcd,
    0x0, 0x0, 0x0, 0xcd, 0x0, 0x0, 0x0, 0xcd,

    /* U+019F "Ɵ" */
    0x0, 0x0, 0x7c, 0xff, 0xc7, 0x0, 0x0, 0x0,
    0x1d, 0xfc, 0x99, 0xcf, 0xd1, 0x0, 0x0, 0xdf,
    0x40, 0x0, 0x4, 0xfd, 0x0, 0x6, 0xf5, 0x0,
    0x0, 0x0, 0x5f, 0x70, 0xc, 0xe0, 0x0, 0x0,
    0x0, 0xe, 0xd0, 0xf, 0xb1, 0x11, 0x11, 0x11,
    0x1b, 0xf0, 0x1f, 0xff, 0xff, 0xff, 0xff, 0xff,
    0xf2, 0x2f, 0xc4, 0x44, 0x44, 0x44, 0x4b, 0xf2,
    0xf, 0xc0, 0x0, 0x0, 0x0, 0xc, 0xf0, 0xc,
    0xf1, 0x0, 0x0, 0x0, 0x1f, 0xd0, 0x6, 0xf9,
    0x0, 0x0, 0x0, 0x9f, 0x70, 0x0, 0xcf, 0x70,
    0x0, 0x6, 0xfd, 0x0, 0x0, 0x1d, 0xfd, 0x99,
    0xdf, 0xd2, 0x0, 0x0, 0x0, 0x7c, 0xff, 0xd7,
    0x0, 0x0,

    /* U+01A0 "Ơ" */
    0x0, 0x0, 0x0, 0x0, 0x0, 0xd8, 0x0, 0x0,
    0x0, 0x0, 0x0, 0xb, 0x90, 0x0, 0x0, 0x0,
    0x0, 0x0, 0xd8, 0x0, 0x0, 0x29, 0xdf, 0xef,
    0xfa, 0x10, 0x0, 0x5f, 0xfb, 0x9a, 0xef, 0x90,
    0x0, 0x2f, 0xd2, 0x0, 0x0, 0xaf, 0x60, 0xa,
    0xf2, 0x0, 0x0, 0x0, 0xde, 0x0, 0xfb, 0x0,
    0x0, 0x0, 0x7, 0xf3, 0x1f, 0x80, 0x0, 0x0,
    0x0, 0x3f, 0x62, 0xf7, 0x0, 0x0, 0x0, 0x2,
    0xf7, 0x1f, 0x80, 0x0, 0x0, 0x0, 0x3f, 0x60,
    0xfb, 0x0, 0x0, 0x0, 0x6, 0xf4, 0xa, 0xf2,
    0x0, 0x0, 0x0, 0xde, 0x0, 0x2f, 0xd2, 0x0,
    0x0, 0xaf, 0x70, 0x0, 0x5f, 0xfb, 0x9a, 0xef,
    0xa0, 0x0, 0x0, 0x29, 0xdf, 0xeb, 0x50, 0x0,

    /* U+01A1 "ơ" */
    0x0, 0x0, 0x0, 0x0, 0x72, 0x0, 0x0, 0x0,
    0x0, 0xe6, 0x0, 0x0, 0x0, 0x1, 0xe7, 0x0,
    0x2a, 0xef, 0xff, 0xd1, 0x2, 0xef, 0x98, 0xef,
    0x60, 0xb, 0xf2, 0x0, 0xc, 0xf0, 0xf, 0x90,
    0x0, 0x4, 0xf5, 0x2f, 0x60, 0x0, 0x2, 0xf7,
    0x2f, 0x60, 0x0, 0x2, 0xf7, 0xf, 0x90, 0x0,
    0x4, 0xf5, 0xb, 0xf2, 0x0, 0xc, 0xf0, 0x2,
    0xef, 0x98, 0xdf, 0x60, 0x0, 0x2a, 0xef, 0xc4,
    0x0,

    /* U+01A2 "Ƣ" */
    0x0, 0x0, 0x7c, 0xff, 0xc7, 0x7, 0xef, 0xd7,
    0x0, 0x0, 0x1d, 0xfe, 0xaa, 0xef, 0xef, 0xda,
    0xdf, 0x60, 0x0, 0xdf, 0x70, 0x0, 0x7, 0xff,
    0x10, 0xe, 0xd0, 0x6, 0xf8, 0x0, 0x0, 0x0,
    0x8f, 0x70, 0xa, 0xf0, 0xc, 0xf1, 0x0, 0x0,
    0x0, 0x1f, 0xd0, 0x9, 0xf1, 0xf, 0xc0, 0x0,
    0x0, 0x0, 0xc, 0xf0, 0x9, 0xf1, 0x1f, 0xa0,
    0x0, 0x0, 0x0, 0xa, 0xf2, 0x9, 0xf1, 0x2f,
    0xa0, 0x0, 0x0, 0x0, 0x9, 0xf2, 0x9, 0xf1,
    0xf, 0xb0, 0x0, 0x0, 0x0, 0xb, 0xf0, 0x9,
    0xf1, 0xc, 0xe0, 0x0, 0x0, 0x0, 0xe, 0xd0,
    0x9, 0xf1, 0x6, 0xf5, 0x0, 0x0, 0x0, 0x5f,
    0x70, 0x9, 0xf1, 0x0, 0xce, 0x20, 0x0, 0x2,
    0xed, 0x0, 0x9, 0xf1, 0x0, 0x1d, 0xf9, 0x55,
    0x9f, 0xd2, 0x0, 0x9, 0xf1, 0x0, 0x0, 0x7c,
    0xff, 0xd7, 0x0, 0x0, 0x9, 0xf1,

    /* U+01A3 "ƣ" */
    0x0, 0x3b, 0xfe, 0xb5, 0xbe, 0xe8, 0x0, 0x5f,
    0xe8, 0x8e, 0xff, 0x8a, 0xf7, 0xe, 0xe1, 0x0,
    0x1e, 0xe0, 0xe, 0xc3, 0xf7, 0x0, 0x0, 0x7f,
    0x30, 0xbd, 0x5f, 0x50, 0x0, 0x4, 0xf5, 0xb,
    0xe5, 0xf4, 0x0, 0x0, 0x4f, 0x50, 0xbe, 0x3f,
    0x70, 0x0, 0x7, 0xf3, 0xb, 0xe0, 0xee, 0x0,
    0x0, 0xde, 0x0, 0xbe, 0x5, 0xfd, 0x77, 0xdf,
    0x50, 0xb, 0xe0, 0x3, 0xbf, 0xfb, 0x30, 0x0,
    0xbe, 0x0, 0x0, 0x0, 0x0, 0x0, 0xb, 0xe0,
    0x0, 0x0, 0x0, 0x0, 0x0, 0xbe, 0x0, 0x0,
    0x0, 0x0, 0x0, 0xb, 0xe0, 0x0, 0x0, 0x0,
    0x0, 0x0, 0xbe,

    /* U+01A4 "Ƥ" */
    0x5e, 0xff, 0xff, 0xff, 0xfd, 0x70, 0xe, 0xec,
    0xfb, 0x99, 0x9a, 0xef, 0x90, 0xf8, 0x6f, 0x50,
    0x0, 0x0, 0xdf, 0x2b, 0x56, 0xf5, 0x0, 0x0,
    0x7, 0xf5, 0x0, 0x6f, 0x50, 0x0, 0x0, 0x6f,
    0x60, 0x6, 0xf5, 0x0, 0x0, 0x9, 0xf4, 0x0,
    0x6f, 0x50, 0x0, 0x17, 0xfe, 0x0, 0x6, 0xff,
    0xff, 0xff, 0xfe, 0x30, 0x0, 0x6f, 0xb9, 0x99,
    0x85, 0x0, 0x0, 0x6, 0xf5, 0x0, 0x0, 0x0,
    0x0, 0x0, 0x6f, 0x50, 0x0, 0x0, 0x0, 0x0,
    0x6, 0xf5, 0x0, 0x0, 0x0, 0x0, 0x0, 0x6f,
    0x50, 0x0, 0x0, 0x0, 0x0, 0x6, 0xf5, 0x0,
    0x0, 0x0, 0x0,

    /* U+01A5 "ƥ" */
    0x0, 0x0, 0x0, 0x0, 0x0, 0x0, 0x0, 0x5f,
    0xf3, 0x0, 0x0, 0xc, 0xc4, 0xc, 0xa7, 0xef,
    0xfb, 0x0, 0xcf, 0xd3, 0x29, 0xf7, 0xc, 0xf3,
    0x0, 0xc, 0xe0, 0xcd, 0x0, 0x0, 0x7f, 0x3c,
    0xb0, 0x0, 0x5, 0xf4, 0xcb, 0x0, 0x0, 0x5f,
    0x4c, 0xd0, 0x0, 0x8, 0xf2, 0xcf, 0x40, 0x1,
    0xec, 0xc, 0xff, 0x87, 0xdf, 0x30, 0xcc, 0x6e,
    0xfc, 0x30, 0xc, 0xc0, 0x0, 0x0, 0x0, 0xcc,
    0x0, 0x0, 0x0, 0xc, 0xc0, 0x0, 0x0, 0x0,
    0xcc, 0x0, 0x0, 0x0, 0x0,

    /* U+01A6 "Ʀ" */
    0x9f, 0x20, 0x0, 0x0, 0x0, 0x0, 0x9, 0xf2,
    0x0, 0x0, 0x0, 0x0, 0x0, 0x9f, 0xff, 0xff,
    0xfe, 0xb2, 0x0, 0x9, 0xf9, 0x88, 0x88, 0xbf,
    0xe1, 0x0, 0x9f, 0x20, 0x0, 0x0, 0x7f, 0x80,
    0x9, 0xf2, 0x0, 0x0, 0x1, 0xfb, 0x0, 0x9f,
    0x20, 0x0, 0x0, 0x3f, 0x90, 0x9, 0xf2, 0x0,
    0x0, 0x3c, 0xf4, 0x0, 0x9f, 0xff, 0xff, 0xff,
    0xf6, 0x0, 0x9, 0xfa, 0x9a, 0xdf, 0x90, 0x0,
    0x0, 0x9f, 0x20, 0x0, 0xaf, 0x70, 0x0, 0x9,
    0xf2, 0x0, 0x0, 0xdf, 0x40, 0x0, 0x9f, 0x20,
    0x0, 0x3, 0xfd, 0x0, 0x9, 0xf2, 0x0, 0x0,
    0xa, 0xf7, 0x0, 0x0, 0x0, 0x0, 0x0, 0x1f,
    0xf1, 0x0, 0x0, 0x0, 0x0, 0x0, 0x7f, 0xa0,
    0x0, 0x0, 0x0, 0x0, 0x0, 0x77, 0x10,

    /* U+01A7 "Ƨ" */
    0x0, 0x6, 0xcf, 0xfd, 0x80, 0x0, 0x0, 0xaf,
    0xeb, 0xad, 0xfd, 0x0, 0x5, 0xfa, 0x0, 0x0,
    0x6f, 0x70, 0x9, 0xf2, 0x0, 0x0, 0xf, 0xa0,
    0x0, 0x20, 0x0, 0x0, 0x3f, 0x90, 0x0, 0x0,
    0x1, 0x5a, 0xff, 0x30, 0x0, 0x7, 0xdf, 0xff,
    0xd4, 0x0, 0x2, 0xef, 0xfc, 0x73, 0x0, 0x0,
    0xb, 0xf8, 0x10, 0x0, 0x0, 0x0, 0xf, 0xb0,
    0x0, 0x0, 0x5, 0xa1, 0xf, 0xa0, 0x0, 0x0,
    0xc, 0xf0, 0xb, 0xf4, 0x0, 0x0, 0x8f, 0xa0,
    0x2, 0xef, 0xca, 0xbe, 0xfd, 0x10, 0x0, 0x19,
    0xef, 0xfc, 0x70, 0x0,

    /* U+01A8 "ƨ" */
    0x0, 0x7d, 0xfe, 0x91, 0x0, 0x8f, 0x96, 0x7e,
    0xc0, 0xa, 0xa0, 0x0, 0x6f, 0x10, 0x0, 0x0,
    0x5d, 0xf0, 0x0, 0x6b, 0xff, 0xf6, 0x0, 0xcf,
    0xea, 0x61, 0x0, 0x3f, 0x90, 0x0, 0x3, 0x3,
    0xf7, 0x0, 0x6, 0xf4, 0xc, 0xf8, 0x69, 0xfc,
    0x0, 0x18, 0xdf, 0xd9, 0x10,

    /* U+01A9 "Ʃ" */
    0x2f, 0xff, 0xff, 0xff, 0xf9, 0x2f, 0xf9, 0x99,
    0x99, 0x95, 0x9, 0xf7, 0x0, 0x0, 0x0, 0x0,
    0xbf, 0x50, 0x0, 0x0, 0x0, 0xd, 0xf3, 0x0,
    0x0, 0x0, 0x1, 0xee, 0x20, 0x0, 0x0, 0x0,
    0x3f, 0xd0, 0x0, 0x0, 0x0, 0x9f, 0x70, 0x0,
    0x0, 0x5, 0xfb, 0x0, 0x0, 0x0, 0x2f, 0xe1,
    0x0, 0x0, 0x0, 0xdf, 0x30, 0x0, 0x0, 0xa,
    0xf6, 0x0, 0x0, 0x0, 0x2f, 0xf9, 0x99, 0x99,
    0x99, 0x2f, 0xff, 0xff, 0xff, 0xff,

    /* U+01AA "ƪ" */
    0x7, 0xed, 0x40, 0x0, 0x3c, 0x6, 0xf1, 0x0,
    0x57, 0x2, 0xf6, 0x0, 0x2c, 0x17, 0xf8, 0x0,
    0x6, 0xdb, 0xf8, 0x0, 0x0, 0x1, 0xf8, 0x0,
    0x0, 0x1, 0xf8, 0x0, 0x0, 0x1, 0xf8, 0x0,
    0x0, 0x1, 0xf8, 0x0, 0x0, 0x1, 0xf8, 0x0,
    0x0, 0x1, 0xf8, 0x0, 0x0, 0x1, 0xf8, 0x0,
    0x0, 0x1, 0xf8, 0x0, 0x0, 0x1, 0xf8, 0x0,
    0x0, 0x1, 0xf8, 0x0, 0x0, 0x0, 0xfe, 0x91,
    0x0, 0x0, 0x7e, 0xf3,

    /* U+01AB "ƫ" */
    0x0, 0x20, 0x0, 0x5f, 0x0, 0x8, 0xf0, 0x0,
    0x8f, 0x0, 0xbf, 0xff, 0xa3, 0xaf, 0x52, 0x8,
    0xf0, 0x0, 0x8f, 0x0, 0x8, 0xf0, 0x0, 0x8f,
    0x0, 0x8, 0xf0, 0x0, 0x8f, 0x10, 0x7, 0xfa,
    0x70, 0x1d, 0xfd, 0x0, 0x1b, 0xc0, 0x4f, 0xf8,
    0x0, 0x32, 0x0,

    /* U+01AC "Ƭ" */
    0x1c, 0xff, 0xff, 0xff, 0xfe, 0x7f, 0xb9, 0xcf,
    0xb9, 0x98, 0x9e, 0x0, 0x6f, 0x50, 0x0, 0x58,
    0x0, 0x6f, 0x50, 0x0, 0x0, 0x0, 0x6f, 0x50,
    0x0, 0x0, 0x0, 0x6f, 0x50, 0x0, 0x0, 0x0,
    0x6f, 0x50, 0x0, 0x0, 0x0, 0x6f, 0x50, 0x0,
    0x0, 0x0, 0x6f, 0x50, 0x0, 0x0, 0x0, 0x6f,
    0x50, 0x0, 0x0, 0x0, 0x6f, 0x50, 0x0, 0x0,
    0x0, 0x6f, 0x50, 0x0, 0x0, 0x0, 0x6f, 0x50,
    0x0, 0x0, 0x0, 0x6f, 0x50, 0x0,

    /* U+01AD "ƭ" */
    0x1, 0xcf, 0xb0, 0x6f, 0xb6, 0x8, 0xf1, 0x0,
    0x8f, 0x0, 0xbf, 0xff, 0xa3, 0xaf, 0x52, 0x8,
    0xf0, 0x0, 0x8f, 0x0, 0x8, 0xf0, 0x0, 0x8f,
    0x0, 0x8, 0xf0, 0x0, 0x8f, 0x10, 0x6, 0xfb,
    0x60, 0x1c, 0xfb,

    /* U+01AE "Ʈ" */
    0x9f, 0xff, 0xff, 0xff, 0xff, 0x95, 0x99, 0x9c,
    0xfb, 0x99, 0x95, 0x0, 0x0, 0x6f, 0x50, 0x0,
    0x0, 0x0, 0x6, 0xf5, 0x0, 0x0, 0x0, 0x0,
    0x6f, 0x50, 0x0, 0x0, 0x0, 0x6, 0xf5, 0x0,
    0x0, 0x0, 0x0, 0x6f, 0x50, 0x0, 0x0, 0x0,
    0x6, 0xf5, 0x0, 0x0, 0x0, 0x0, 0x6f, 0x50,
    0x0, 0x0, 0x0, 0x6, 0xf5, 0x0, 0x0, 0x0,
    0x0, 0x6f, 0x50, 0x0, 0x0, 0x0, 0x6, 0xf5,
    0x0, 0x0, 0x0, 0x0, 0x6f, 0x50, 0x0, 0x0,
    0x0, 0x6, 0xf5, 0x0, 0x0, 0x0, 0x0, 0x5f,
    0x50, 0x0, 0x0, 0x0, 0x5, 0xf6, 0x0, 0x0,
    0x0, 0x0, 0x3f, 0xd9, 0x0, 0x0, 0x0, 0x0,
    0x9f, 0xf1, 0x0,

    /* U+01AF "Ư" */
    0x0, 0x0, 0x0, 0x0, 0x0, 0xba, 0x0, 0x0,
    0x0, 0x0, 0x0, 0x9c, 0x0, 0x0, 0x0, 0x0,
    0x0, 0xba, 0x9f, 0x0, 0x0, 0x0, 0xdf, 0xb2,
    0x9f, 0x0, 0x0, 0x0, 0x8f, 0x0, 0x9f, 0x0,
    0x0, 0x0, 0x8f, 0x0, 0x9f, 0x0, 0x0, 0x0,
    0x8f, 0x0, 0x9f, 0x0, 0x0, 0x0, 0x8f, 0x0,
    0x9f, 0x0, 0x0, 0x0, 0x8f, 0x0, 0x9f, 0x0,
    0x0, 0x0, 0x8f, 0x0, 0x9f, 0x0, 0x0, 0x0,
    0x8f, 0x0, 0x9f, 0x0, 0x0, 0x0, 0x9f, 0x0,
    0x7f, 0x20, 0x0, 0x0, 0xcd, 0x0, 0x2f, 0xb0,
    0x0, 0x6, 0xf8, 0x0, 0x7, 0xfe, 0xa9, 0xcf,
    0xd0, 0x0, 0x0, 0x4b, 0xef, 0xd8, 0x0, 0x0,

    /* U+01B0 "ư" */
    0x0, 0x0, 0x0, 0x0, 0x73, 0x0, 0x0, 0x0,
    0x0, 0xc8, 0x0, 0x0, 0x0, 0x0, 0xd8, 0x9f,
    0x0, 0x0, 0xff, 0xb1, 0x9f, 0x0, 0x0, 0x9e,
    0x0, 0x9f, 0x0, 0x0, 0x9e, 0x0, 0x9f, 0x0,
    0x0, 0x9e, 0x0, 0x9f, 0x0, 0x0, 0x9e, 0x0,
    0x9f, 0x0, 0x0, 0x9e, 0x0, 0x8f, 0x0, 0x0,
    0xbe, 0x0, 0x6f, 0x30, 0x1, 0xfe, 0x0, 0x1e,
    0xe7, 0x7d, 0xce, 0x0, 0x3, 0xcf, 0xd5, 0x8e,
    0x0,

    /* U+01B1 "Ʊ" */
    0xcf, 0xe8, 0x0, 0x3, 0xcf, 0xf4, 0x7a, 0xff,
    0x0, 0xa, 0xfc, 0x92, 0x0, 0xce, 0x0, 0x7,
    0xf2, 0x0, 0x1, 0xf8, 0x0, 0x2, 0xf7, 0x0,
    0x8, 0xf2, 0x0, 0x0, 0xbe, 0x0, 0xe, 0xb0,
    0x0, 0x0, 0x4f, 0x60, 0x4f, 0x60, 0x0, 0x0,
    0xe, 0xc0, 0x7f, 0x30, 0x0, 0x0, 0xc, 0xf0,
    0x9f, 0x10, 0x0, 0x0, 0xa, 0xf1, 0x8f, 0x40,
    0x0, 0x0, 0xc, 0xf0, 0x4f, 0xa0, 0x0, 0x0,
    0x3f, 0xb0, 0xb, 0xf7, 0x0, 0x1, 0xdf, 0x30,
    0x1, 0xdf, 0xc8, 0xaf, 0xf6, 0x0, 0x0, 0x8,
    0xdf, 0xeb, 0x30, 0x0,

    /* U+01B2 "Ʋ" */
    0xbf, 0x10, 0x0, 0x0, 0xaf, 0xc0, 0x5f, 0x60,
    0x0, 0x0, 0x5b, 0xf2, 0xf, 0xc0, 0x0, 0x0,
    0x7, 0xf0, 0xa, 0xf1, 0x0, 0x0, 0x9, 0xe0,
    0x4, 0xf6, 0x0, 0x0, 0xd, 0xa0, 0x0, 0xec,
    0x0, 0x0, 0x2f, 0x60, 0x0, 0x9f, 0x10, 0x0,
    0x7f, 0x10, 0x0, 0x3f, 0x60, 0x0, 0xcb, 0x0,
    0x0, 0xd, 0xb0, 0x3, 0xf5, 0x0, 0x0, 0x8,
    0xf1, 0xa, 0xe0, 0x0, 0x0, 0x2, 0xf6, 0x1f,
    0x70, 0x0, 0x0, 0x0, 0xcb, 0x8f, 0x10, 0x0,
    0x0, 0x0, 0x7f, 0xf9, 0x0, 0x0, 0x0, 0x0,
    0x1f, 0xf1, 0x0, 0x0,

    /* U+01B3 "Ƴ" */
    0x2d, 0xfa, 0x10, 0x0, 0x0, 0xd, 0xf2, 0x9,
    0x9f, 0xd1, 0x0, 0x0, 0x7f, 0x70, 0x0, 0x4,
    0xfa, 0x0, 0x1, 0xfd, 0x0, 0x0, 0x0, 0x9f,
    0x30, 0xa, 0xf3, 0x0, 0x0, 0x0, 0x1f, 0xa0,
    0x3f, 0x90, 0x0, 0x0, 0x0, 0x9, 0xf1, 0xde,
    0x10, 0x0, 0x0, 0x0, 0x2, 0xfc, 0xf5, 0x0,
    0x0, 0x0, 0x0, 0x0, 0xbf, 0xb0, 0x0, 0x0,
    0x0, 0x0, 0x0, 0x6f, 0x40, 0x0, 0x0, 0x0,
    0x0, 0x0, 0x6f, 0x40, 0x0, 0x0, 0x0, 0x0,
    0x0, 0x6f, 0x40, 0x0, 0x0, 0x0, 0x0, 0x0,
    0x6f, 0x40, 0x0, 0x0, 0x0, 0x0, 0x0, 0x6f,
    0x40, 0x0, 0x0, 0x0, 0x0, 0x0, 0x6f, 0x40,
    0x0, 0x0,

    /* U+01B4 "ƴ" */
    0x8f, 0x20, 0x0, 0x4, 0xed, 0x30, 0x2f, 0x80,
    0x0, 0x1f, 0xbc, 0xd0, 0xd, 0xd0, 0x0, 0x7f,
    0x14, 0xc0, 0x7, 0xf2, 0x0, 0xda, 0x0, 0x0,
    0x1, 0xf8, 0x3, 0xf4, 0x0, 0x0, 0x0, 0xcd,
    0x9, 0xe0, 0x0, 0x0, 0x0, 0x6f, 0x2e, 0x90,
    0x0, 0x0, 0x0, 0x1f, 0xaf, 0x30, 0x0, 0x0,
    0x0, 0xb, 0xfd, 0x0, 0x0, 0x0, 0x0, 0x5,
    0xf8, 0x0, 0x0, 0x0, 0x0, 0x5, 0xf2, 0x0,
    0x0, 0x0, 0x0, 0xc, 0xc0, 0x0, 0x0, 0x0,
    0xa, 0xcf, 0x40, 0x0, 0x0, 0x0, 0xd, 0xe7,
    0x0, 0x0, 0x0, 0x0,

    /* U+01B5 "Ƶ" */
    0xf, 0xff, 0xff, 0xff, 0xff, 0x40, 0x99, 0x99,
    0x99, 0x9f, 0xf3, 0x0, 0x0, 0x0, 0x7, 0xf9,
    0x0, 0x0, 0x0, 0x4, 0xfd, 0x0, 0x0, 0x0,
    0x1, 0xef, 0x20, 0x0, 0x0, 0x0, 0xcf, 0x60,
    0x0, 0x5, 0xff, 0xff, 0xff, 0xf0, 0x0, 0x13,
    0x8f, 0xc3, 0x33, 0x0, 0x0, 0x1e, 0xf2, 0x0,
    0x0, 0x0, 0xb, 0xf5, 0x0, 0x0, 0x0, 0x6,
    0xfa, 0x0, 0x0, 0x0, 0x2, 0xfd, 0x0, 0x0,
    0x0, 0x0, 0xaf, 0xc9, 0x99, 0x99, 0x99, 0x5a,
    0xff, 0xff, 0xff, 0xff, 0xf8,

    /* U+01B6 "ƶ" */
    0x4f, 0xff, 0xff, 0xff, 0x51, 0x55, 0x55, 0x5f,
    0xe1, 0x0, 0x0, 0x9, 0xf4, 0x0, 0x11, 0x16,
    0xf9, 0x10, 0x2f, 0xff, 0xff, 0xff, 0x30, 0x45,
    0xfe, 0x44, 0x40, 0x0, 0xcf, 0x20, 0x0, 0x0,
    0xaf, 0x40, 0x0, 0x0, 0x7f, 0xb6, 0x67, 0x77,
    0x4a, 0xff, 0xff, 0xff, 0xfa,

    /* U+01B7 "Ʒ" */
    0x9, 0xff, 0xff, 0xff, 0xfa, 0x0, 0x59, 0x99,
    0x99, 0xff, 0x60, 0x0, 0x0, 0x0, 0x9f, 0x50,
    0x0, 0x0, 0x0, 0xbf, 0x40, 0x0, 0x0, 0x0,
    0xcf, 0x30, 0x0, 0x0, 0x0, 0x4f, 0xff, 0xc3,
    0x0, 0x0, 0x2, 0x65, 0x7d, 0xf5, 0x0, 0x0,
    0x0, 0x0, 0xc, 0xf1, 0x0, 0x0, 0x0, 0x0,
    0x5f, 0x60, 0x63, 0x0, 0x0, 0x3, 0xf7, 0x2f,
    0xa0, 0x0, 0x0, 0x6f, 0x50, 0xcf, 0x50, 0x0,
    0x3e, 0xe0, 0x2, 0xff, 0xc9, 0xbf, 0xf3, 0x0,
    0x2, 0x9e, 0xfe, 0xa2, 0x0,

    /* U+01B8 "Ƹ" */
    0x5, 0xff, 0xff, 0xff, 0xfe, 0x0, 0x2e, 0xfa,
    0x99, 0x99, 0x80, 0x0, 0x2d, 0xd1, 0x0, 0x0,
    0x0, 0x0, 0x1c, 0xe2, 0x0, 0x0, 0x0, 0x0,
    0x1c, 0xe3, 0x0, 0x0, 0x1, 0x9f, 0xff, 0x90,
    0x0, 0x2, 0xef, 0x85, 0x54, 0x0, 0x0, 0xbf,
    0x20, 0x0, 0x0, 0x0, 0x1f, 0x90, 0x0, 0x0,
    0x0, 0x2, 0xf8, 0x0, 0x0, 0x0, 0x82, 0xf,
    0xb0, 0x0, 0x0, 0x5f, 0x70, 0xaf, 0x60, 0x0,
    0x2e, 0xf1, 0x1, 0xdf, 0xc9, 0xaf, 0xf6, 0x0,
    0x0, 0x8d, 0xfe, 0xb4, 0x0,

    /* U+01B9 "ƹ" */
    0xe, 0xff, 0xff, 0xff, 0x60, 0xaf, 0x75, 0x55,
    0x52, 0x1, 0xec, 0x0, 0x0, 0x0, 0x4, 0xf7,
    0x0, 0x0, 0x0, 0x9, 0xf2, 0x0, 0x0, 0x0,
    0xd, 0xc0, 0x0, 0x0, 0x5d, 0xff, 0x0, 0x0,
    0x6f, 0xc5, 0x40, 0x0, 0xf, 0xc0, 0x0, 0x0,
    0x3, 0xf7, 0x0, 0x0, 0x0, 0x2f, 0x70, 0x0,
    0x7, 0x40, 0xed, 0x0, 0x2, 0xf7, 0x4, 0xfd,
    0x77, 0xee, 0x10, 0x3, 0xbf, 0xea, 0x20,

    /* U+01BA "ƺ" */
    0x5f, 0xff, 0xff, 0xf6, 0x15, 0x55, 0x5e, 0xe1,
    0x0, 0x0, 0x8f, 0x30, 0x0, 0x5, 0xf6, 0x0,
    0x0, 0x2f, 0x90, 0x0, 0x0, 0x5f, 0xfe, 0x90,
    0x0, 0x24, 0x59, 0xf9, 0x0, 0x0, 0x0, 0xcd,
    0x0, 0x0, 0x5, 0xf9, 0x0, 0x28, 0xef, 0x90,
    0x6, 0xfb, 0x61, 0x0, 0xe, 0x70, 0x0, 0x0,
    0xd, 0xc6, 0x76, 0x0, 0x3, 0xcf, 0xeb, 0x0,

    /* U+01BB "ƻ" */
    0x0, 0x2a, 0xff, 0xc3, 0x0, 0x2, 0xee, 0x9a,
    0xff, 0x30, 0xb, 0xf1, 0x0, 0x3f, 0xc0, 0xf,
    0x90, 0x0, 0xc, 0xf0, 0x4, 0x30, 0x0, 0xc,
    0xf0, 0x0, 0x0, 0x0, 0x1f, 0xc0, 0x0, 0x0,
    0x0, 0xaf, 0x60, 0x0, 0x11, 0x16, 0xfd, 0x10,
    0x1, 0xff, 0xff, 0xff, 0xf1, 0x0, 0x4b, 0xfc,
    0x44, 0x40, 0x0, 0x9f, 0xa0, 0x0, 0x0, 0x7,
    0xf9, 0x0, 0x0, 0x0, 0x1f, 0xfa, 0x99, 0x99,
    0x90, 0x5f, 0xff, 0xff, 0xff, 0xf1,

    /* U+01BC "Ƽ" */
    0xcf, 0xff, 0xff, 0xff, 0xa0, 0x79, 0xfc, 0x99,
    0x99, 0x60, 0x2, 0xf6, 0x0, 0x0, 0x0, 0x4,
    0xf3, 0x0, 0x0, 0x0, 0x7, 0xf1, 0x0, 0x0,
    0x0, 0xa, 0xe7, 0xdf, 0xc4, 0x0, 0xc, 0xfd,
    0x9a, 0xff, 0x50, 0x9, 0x90, 0x0, 0x2f, 0xe0,
    0x0, 0x0, 0x0, 0x9, 0xf3, 0x0, 0x0, 0x0,
    0x8, 0xf4, 0x1c, 0x60, 0x0, 0xa, 0xf2, 0xe,
    0xd0, 0x0, 0x2f, 0xc0, 0x5, 0xfd, 0x78, 0xef,
    0x30, 0x0, 0x4c, 0xff, 0xb2, 0x0,

    /* U+01BD "ƽ" */
    0x5f, 0xff, 0xff, 0xff, 0x21, 0x7f, 0x65, 0x55,
    0x50, 0x6, 0xd0, 0x0, 0x0, 0x0, 0xad, 0xdf,
    0xeb, 0x30, 0xd, 0xd6, 0x45, 0xcf, 0x30, 0x0,
    0x0, 0x1, 0xfa, 0x0, 0x0, 0x0, 0xe, 0xb1,
    0xf7, 0x0, 0x3, 0xf8, 0xa, 0xf9, 0x68, 0xee,
    0x10, 0x8, 0xdf, 0xd9, 0x10,

    /* U+01BE "ƾ" */
    0x0, 0x0, 0xdb, 0x0, 0x0, 0x0, 0x1, 0xdb,
    0x10, 0x0, 0x0, 0x7f, 0xff, 0xf7, 0x0, 0x0,
    0x24, 0xdc, 0x41, 0x0, 0x0, 0x0, 0xae, 0x0,
    0x0, 0x0, 0x0, 0x6f, 0x50, 0x0, 0x0, 0x0,
    0xc, 0xf3, 0x0, 0x0, 0x0, 0x1, 0xdf, 0x20,
    0x0, 0x0, 0x0, 0x2f, 0xb0, 0x0, 0x10, 0x0,
    0x9, 0xf0, 0xf, 0xa0, 0x0, 0x8, 0xf1, 0xc,
    0xf1, 0x0, 0xe, 0xe0, 0x3, 0xfd, 0x77, 0xdf,
    0x50, 0x0, 0x3b, 0xff, 0xc4, 0x0,

    /* U+01BF "ƿ" */
    0xca, 0x4c, 0xfd, 0x60, 0xce, 0xf8, 0x5a, 0xf5,
    0xcf, 0x30, 0x0, 0xec, 0xcc, 0x0, 0x0, 0xbe,
    0xcc, 0x0, 0x0, 0xbe, 0xcc, 0x0, 0x1, 0xfa,
    0xcc, 0x0, 0xa, 0xf2, 0xcc, 0x1, 0xaf, 0x50,
    0xcd, 0x7e, 0xd3, 0x0, 0xcf, 0xd6, 0x0, 0x0,
    0xcd, 0x0, 0x0, 0x0, 0xcc, 0x0, 0x0, 0x0,
    0xcc, 0x0, 0x0, 0x0, 0xcc, 0x0, 0x0, 0x0,

    /* U+01C0 "ǀ" */
    0x5f, 0x5, 0xf0, 0x5f, 0x5, 0xf0, 0x5f, 0x5,
    0xf0, 0x5f, 0x5, 0xf0, 0x5f, 0x5, 0xf0, 0x5f,
    0x5, 0xf0, 0x5f, 0x5, 0xf0,

    /* U+01C1 "ǁ" */
    0x5f, 0x0, 0xab, 0x5f, 0x0, 0xab, 0x5f, 0x0,
    0xab, 0x5f, 0x0, 0xab, 0x5f, 0x0, 0xab, 0x5f,
    0x0, 0xab, 0x5f, 0x0, 0xab, 0x5f, 0x0, 0xab,
    0x5f, 0x0, 0xab, 0x5f, 0x0, 0xab, 0x5f, 0x0,
    0xab, 0x5f, 0x0, 0xab, 0x5f, 0x0, 0xab, 0x5f,
    0x0, 0xab,

    /* U+01C2 "ǂ" */
    0x0, 0x6, 0xf0, 0x0, 0x0, 0x0, 0x6f, 0x0,
    0x0, 0x0, 0x6, 0xf0, 0x0, 0x0, 0x0, 0x6f,
    0x0, 0x0, 0x8f, 0xff, 0xff, 0xff, 0x12, 0x44,
    0x9f, 0x44, 0x40, 0x0, 0x6, 0xf0, 0x0, 0x0,
    0x0, 0x6f, 0x0, 0x0, 0x8f, 0xff, 0xff, 0xff,
    0x11, 0x33, 0x8f, 0x33, 0x30, 0x0, 0x6, 0xf0,
    0x0, 0x0, 0x0, 0x6f, 0x0, 0x0, 0x0, 0x6,
    0xf0, 0x0, 0x0, 0x0, 0x6f, 0x0, 0x0,

    /* U+01C3 "ǃ" */
    0x7f, 0x77, 0xf7, 0x7f, 0x77, 0xf7, 0x5f, 0x64,
    0xf5, 0x3f, 0x42, 0xf3, 0x1f, 0x20, 0xf1, 0x2,
    0x0, 0x0, 0x5e, 0x56, 0xf6,

    /* U+01C4 "Ǆ" */
    0x0, 0x0, 0x0, 0x0, 0x0, 0x0, 0x0, 0x1e,
    0xb1, 0xec, 0x0, 0x0, 0x0, 0x0, 0x0, 0x0,
    0x0, 0x0, 0x0, 0x3f, 0xde, 0x10, 0x0, 0x0,
    0x0, 0x0, 0x0, 0x0, 0x0, 0x0, 0x0, 0x48,
    0x30, 0x0, 0x9, 0xff, 0xff, 0xfe, 0xb3, 0x0,
    0x0, 0xff, 0xff, 0xff, 0xff, 0xf3, 0x9f, 0xa9,
    0x9a, 0xbf, 0xf5, 0x0, 0x9, 0x99, 0x99, 0x99,
    0xff, 0x29, 0xf2, 0x0, 0x0, 0x2e, 0xf1, 0x0,
    0x0, 0x0, 0x0, 0x8f, 0x90, 0x9f, 0x20, 0x0,
    0x0, 0x5f, 0x80, 0x0, 0x0, 0x0, 0x4f, 0xc0,
    0x9, 0xf2, 0x0, 0x0, 0x0, 0xed, 0x0, 0x0,
    0x0, 0x1e, 0xf2, 0x0, 0x9f, 0x20, 0x0, 0x0,
    0xc, 0xf0, 0x0, 0x0, 0xc, 0xf5, 0x0, 0x9,
    0xf2, 0x0, 0x0, 0x0, 0xbf, 0x10, 0x0, 0x7,
    0xf9, 0x0, 0x0, 0x9f, 0x20, 0x0, 0x0, 0xb,
    0xf0, 0x0, 0x3, 0xfd, 0x0, 0x0, 0x9, 0xf2,
    0x0, 0x0, 0x0, 0xcf, 0x0, 0x1, 0xef, 0x20,
    0x0, 0x0, 0x9f, 0x20, 0x0, 0x0, 0xf, 0xc0,
    0x0, 0xaf, 0x60, 0x0, 0x0, 0x9, 0xf2, 0x0,
    0x0, 0x6, 0xf7, 0x0, 0x6f, 0xa0, 0x0, 0x0,
    0x0, 0x9f, 0x20, 0x0, 0x3, 0xef, 0x10, 0x2f,
    0xd0, 0x0, 0x0, 0x0, 0x9, 0xfa, 0x99, 0xac,
    0xff, 0x40, 0xb, 0xfc, 0x99, 0x99, 0x99, 0x94,
    0x9f, 0xff, 0xff, 0xd9, 0x20, 0x0, 0xbf, 0xff,
    0xff, 0xff, 0xff, 0x70,

    /* U+01C5 "ǅ" */
    0x9f, 0xff, 0xff, 0xeb, 0x30, 0x0, 0x0, 0xdd,
    0x1d, 0xd0, 0x9, 0xfa, 0x99, 0xab, 0xff, 0x50,
    0x0, 0x2, 0xee, 0xf2, 0x0, 0x9f, 0x20, 0x0,
    0x2, 0xef, 0x10, 0x0, 0x3, 0x73, 0x0, 0x9,
    0xf2, 0x0, 0x0, 0x5, 0xf8, 0x0, 0x0, 0x0,
    0x0, 0x0, 0x9f, 0x20, 0x0, 0x0, 0xe, 0xd0,
    0x4f, 0xff, 0xff, 0xff, 0x59, 0xf2, 0x0, 0x0,
    0x0, 0xcf, 0x1, 0x55, 0x55, 0x5f, 0xe1, 0x9f,
    0x20, 0x0, 0x0, 0xb, 0xf1, 0x0, 0x0, 0xa,
    0xf3, 0x9, 0xf2, 0x0, 0x0, 0x0, 0xbf, 0x0,
    0x0, 0x7, 0xf6, 0x0, 0x9f, 0x20, 0x0, 0x0,
    0xc, 0xf0, 0x0, 0x4, 0xf9, 0x0, 0x9, 0xf2,
    0x0, 0x0, 0x0, 0xfc, 0x0, 0x2, 0xeb, 0x0,
    0x0, 0x9f, 0x20, 0x0, 0x0, 0x6f, 0x70, 0x0,
    0xdd, 0x10, 0x0, 0x9, 0xf2, 0x0, 0x0, 0x3e,
    0xf1, 0x0, 0xaf, 0x20, 0x0, 0x0, 0x9f, 0xa9,
    0x9a, 0xcf, 0xf4, 0x0, 0x7f, 0xd9, 0x99, 0x99,
    0x69, 0xff, 0xff, 0xfd, 0x92, 0x0, 0xa, 0xff,
    0xff, 0xff, 0xfa,

    /* U+01C6 "ǆ" */
    0x0, 0x0, 0x0, 0xd, 0xc0, 0x0, 0xdd, 0xc,
    0xe1, 0x0, 0x0, 0x0, 0x0, 0xdc, 0x0, 0x2,
    0xfd, 0xf4, 0x0, 0x0, 0x0, 0x0, 0xd, 0xc0,
    0x0, 0x5, 0xb7, 0x0, 0x0, 0x0, 0x0, 0x0,
    0xdc, 0x0, 0x0, 0x0, 0x0, 0x0, 0x0, 0x5d,
    0xfd, 0x5d, 0xc0, 0x4f, 0xff, 0xff, 0xff, 0x50,
    0x5f, 0xc6, 0x7f, 0xfc, 0x1, 0x55, 0x55, 0x5e,
    0xf2, 0xe, 0xd0, 0x0, 0x5f, 0xc0, 0x0, 0x0,
    0x9, 0xf5, 0x3, 0xf7, 0x0, 0x0, 0xec, 0x0,
    0x0, 0x6, 0xf8, 0x0, 0x5f, 0x50, 0x0, 0xc,
    0xc0, 0x0, 0x4, 0xfb, 0x0, 0x5, 0xf4, 0x0,
    0x0, 0xbc, 0x0, 0x2, 0xed, 0x10, 0x0, 0x2f,
    0x60, 0x0, 0xd, 0xc0, 0x0, 0xdf, 0x20, 0x0,
    0x0, 0xdc, 0x0, 0x3, 0xfc, 0x0, 0xaf, 0x50,
    0x0, 0x0, 0x4, 0xfa, 0x34, 0xef, 0xc0, 0x7f,
    0xc6, 0x66, 0x66, 0x40, 0x4, 0xcf, 0xe7, 0xbc,
    0xa, 0xff, 0xff, 0xff, 0xfa,

    /* U+01C7 "Ǉ" */
    0xaf, 0x10, 0x0, 0x0, 0x0, 0x0, 0x0, 0xaf,
    0x1a, 0xf1, 0x0, 0x0, 0x0, 0x0, 0x0, 0xa,
    0xf1, 0xaf, 0x10, 0x0, 0x0, 0x0, 0x0, 0x0,
    0xaf, 0x1a, 0xf1, 0x0, 0x0, 0x0, 0x0, 0x0,
    0xa, 0xf1, 0xaf, 0x10, 0x0, 0x0, 0x0, 0x0,
    0x0, 0xaf, 0x1a, 0xf1, 0x0, 0x0, 0x0, 0x0,
    0x0, 0xa, 0xf1, 0xaf, 0x10, 0x0, 0x0, 0x0,
    0x0, 0x0, 0xaf, 0x1a, 0xf1, 0x0, 0x0, 0x0,
    0x0, 0x0, 0xa, 0xf1, 0xaf, 0x10, 0x0, 0x0,
    0x0, 0x0, 0x0, 0xaf, 0x1a, 0xf1, 0x0, 0x0,
    0x0, 0x1, 0x0, 0xa, 0xf1, 0xaf, 0x10, 0x0,
    0x0, 0xe, 0xa0, 0x0, 0xaf, 0xa, 0xf1, 0x0,
    0x0, 0x0, 0xce, 0x0, 0xe, 0xd0, 0xaf, 0xa9,
    0x99, 0x99, 0x36, 0xfd, 0xad, 0xf6, 0xa, 0xff,
    0xff, 0xff, 0xf6, 0x7, 0xdf, 0xd7, 0x0,

    /* U+01C8 "ǈ" */
    0xaf, 0x10, 0x0, 0x0, 0x0, 0xdc, 0xaf, 0x10,
    0x0, 0x0, 0x0, 0xba, 0xaf, 0x10, 0x0, 0x0,
    0x0, 0x0, 0xaf, 0x10, 0x0, 0x0, 0x0, 0x0,
    0xaf, 0x10, 0x0, 0x0, 0x0, 0xdc, 0xaf, 0x10,
    0x0, 0x0, 0x0, 0xdc, 0xaf, 0x10, 0x0, 0x0,
    0x0, 0xdc, 0xaf, 0x10, 0x0, 0x0, 0x0, 0xdc,
    0xaf, 0x10, 0x0, 0x0, 0x0, 0xdc, 0xaf, 0x10,
    0x0, 0x0, 0x0, 0xdc, 0xaf, 0x10, 0x0, 0x0,
    0x0, 0xdc, 0xaf, 0x10, 0x0, 0x0, 0x0, 0xdc,
    0xaf, 0xa9, 0x99, 0x99, 0x30, 0xdc, 0xaf, 0xff,
    0xff, 0xff, 0x60, 0xdc, 0x0, 0x0, 0x0, 0x0,
    0x0, 0xdc, 0x0, 0x0, 0x0, 0x0, 0x0, 0xeb,
    0x0, 0x0, 0x0, 0x0, 0x48, 0xf8, 0x0, 0x0,
    0x0, 0x0, 0xaf, 0xc1,

    /* U+01C9 "ǉ" */
    0xcc, 0x0, 0xdc, 0xcc, 0x0, 0xba, 0xcc, 0x0,
    0x0, 0xcc, 0x0, 0x0, 0xcc, 0x0, 0xdc, 0xcc,
    0x0, 0xdc, 0xcc, 0x0, 0xdc, 0xcc, 0x0, 0xdc,
    0xcc, 0x0, 0xdc, 0xcc, 0x0, 0xdc, 0xcc, 0x0,
    0xdc, 0xcc, 0x0, 0xdc, 0xcc, 0x0, 0xdc, 0xcc,
    0x0, 0xdc, 0x0, 0x0, 0xdc, 0x0, 0x0, 0xeb,
    0x0, 0x48, 0xf8, 0x0, 0xaf, 0xb1,

    /* U+01CA "Ǌ" */
    0x9f, 0x70, 0x0, 0x0, 0x1f, 0x90, 0x0, 0x0,
    0x2, 0xf8, 0x9f, 0xf1, 0x0, 0x0, 0x1f, 0x90,
    0x0, 0x0, 0x2, 0xf8, 0x9f, 0xfb, 0x0, 0x0,
    0x1f, 0x90, 0x0, 0x0, 0x2, 0xf8, 0x9f, 0xaf,
    0x40, 0x0, 0x1f, 0x90, 0x0, 0x0, 0x2, 0xf8,
    0x9f, 0x2e, 0xd0, 0x0, 0x1f, 0x90, 0x0, 0x0,
    0x2, 0xf8, 0x9f, 0x6, 0xf8, 0x0, 0x1f, 0x90,
    0x0, 0x0, 0x2, 0xf8, 0x9f, 0x0, 0xcf, 0x20,
    0x1f, 0x90, 0x0, 0x0, 0x2, 0xf8, 0x9f, 0x0,
    0x3f, 0xb0, 0x1f, 0x90, 0x0, 0x0, 0x2, 0xf8,
    0x9f, 0x0, 0x8, 0xf5, 0x1f, 0x90, 0x0, 0x0,
    0x2, 0xf8, 0x9f, 0x0, 0x0, 0xee, 0x1f, 0x90,
    0x1, 0x0, 0x2, 0xf8, 0x9f, 0x0, 0x0, 0x5f,
    0xaf, 0x90, 0x7f, 0x0, 0x3, 0xf7, 0x9f, 0x0,
    0x0, 0xb, 0xff, 0x90, 0x5f, 0x40, 0x6, 0xf4,
    0x9f, 0x0, 0x0, 0x2, 0xff, 0x90, 0xe, 0xe7,
    0x7e, 0xd0, 0x9f, 0x0, 0x0, 0x0, 0x7f, 0x90,
    0x2, 0xbe, 0xfa, 0x10,

    /* U+01CB "ǋ" */
    0x9f, 0x70, 0x0, 0x0, 0x1f, 0x90, 0xd, 0xc9,
    0xff, 0x10, 0x0, 0x1, 0xf9, 0x0, 0xba, 0x9f,
    0xfb, 0x0, 0x0, 0x1f, 0x90, 0x0, 0x9, 0xfb,
    0xf4, 0x0, 0x1, 0xf9, 0x0, 0x0, 0x9f, 0x2e,
    0xd0, 0x0, 0x1f, 0x90, 0xd, 0xc9, 0xf0, 0x6f,
    0x80, 0x1, 0xf9, 0x0, 0xdc, 0x9f, 0x0, 0xcf,
    0x20, 0x1f, 0x90, 0xd, 0xc9, 0xf0, 0x3, 0xfb,
    0x1, 0xf9, 0x0, 0xdc, 0x9f, 0x0, 0x9, 0xf5,
    0x1f, 0x90, 0xd, 0xc9, 0xf0, 0x0, 0xe, 0xe1,
    0xf9, 0x0, 0xdc, 0x9f, 0x0, 0x0, 0x5f, 0xaf,
    0x90, 0xd, 0xc9, 0xf0, 0x0, 0x0, 0xbf, 0xf9,
    0x0, 0xdc, 0x9f, 0x0, 0x0, 0x2, 0xff, 0x90,
    0xd, 0xc9, 0xf0, 0x0, 0x0, 0x7, 0xf9, 0x0,
    0xdc, 0x0, 0x0, 0x0, 0x0, 0x0, 0x0, 0xd,
    0xc0, 0x0, 0x0, 0x0, 0x0, 0x0, 0x0, 0xeb,
    0x0, 0x0, 0x0, 0x0, 0x0, 0x4, 0x8f, 0x80,
    0x0, 0x0, 0x0, 0x0, 0x0, 0xaf, 0xb1,

    /* U+01CC "ǌ" */
    0x0, 0x0, 0x0, 0x0, 0x0, 0xdc, 0x0, 0x0,
    0x0, 0x0, 0x0, 0xba, 0x0, 0x0, 0x0, 0x0,
    0x0, 0x0, 0x0, 0x0, 0x0, 0x0, 0x0, 0x0,
    0xca, 0x5d, 0xfd, 0x70, 0x0, 0xdc, 0xce, 0xd5,
    0x4a, 0xf6, 0x0, 0xdc, 0xcf, 0x20, 0x0, 0xfb,
    0x0, 0xdc, 0xcd, 0x0, 0x0, 0xcd, 0x0, 0xdc,
    0xcc, 0x0, 0x0, 0xcd, 0x0, 0xdc, 0xcc, 0x0,
    0x0, 0xcd, 0x0, 0xdc, 0xcc, 0x0, 0x0, 0xcd,
    0x0, 0xdc, 0xcc, 0x0, 0x0, 0xcd, 0x0, 0xdc,
    0xcc, 0x0, 0x0, 0xcd, 0x0, 0xdc, 0xcc, 0x0,
    0x0, 0xcd, 0x0, 0xdc, 0x0, 0x0, 0x0, 0x0,
    0x0, 0xdc, 0x0, 0x0, 0x0, 0x0, 0x0, 0xeb,
    0x0, 0x0, 0x0, 0x0, 0x48, 0xf8, 0x0, 0x0,
    0x0, 0x0, 0xaf, 0xc1,

    /* U+01CD "Ǎ" */
    0x0, 0x2, 0xf2, 0x2f, 0x20, 0x0, 0x0, 0x0,
    0x7c, 0xc8, 0x0, 0x0, 0x0, 0x0, 0x7, 0x70,
    0x0, 0x0, 0x0, 0x0, 0x0, 0x0, 0x0, 0x0,
    0x0, 0x0, 0x3f, 0xf3, 0x0, 0x0, 0x0, 0x0,
    0x9e, 0xe9, 0x0, 0x0, 0x0, 0x0, 0xe9, 0x9e,
    0x0, 0x0, 0x0, 0x4, 0xf3, 0x3f, 0x40, 0x0,
    0x0, 0xa, 0xe0, 0xd, 0xa0, 0x0, 0x0, 0xf,
    0x80, 0x8, 0xf0, 0x0, 0x0, 0x5f, 0x30, 0x2,
    0xf5, 0x0, 0x0, 0xbf, 0x88, 0x88, 0xfb, 0x0,
    0x1, 0xff, 0xff, 0xff, 0xff, 0x10, 0x6, 0xf2,
    0x0, 0x0, 0x2f, 0x60, 0xc, 0xd0, 0x0, 0x0,
    0xd, 0xc0, 0x1f, 0x80, 0x0, 0x0, 0x8, 0xf2,
    0x7f, 0x30, 0x0, 0x0, 0x3, 0xf7,

    /* U+01CE "ǎ" */
    0x0, 0x2e, 0x33, 0xe2, 0x0, 0x0, 0x5, 0xee,
    0x50, 0x0, 0x0, 0x0, 0x11, 0x0, 0x0, 0x0,
    0x4c, 0xff, 0xb2, 0x0, 0x5, 0xfd, 0x88, 0xee,
    0x10, 0xd, 0xd0, 0x0, 0x2f, 0x70, 0x1, 0x10,
    0x0, 0xe, 0xa0, 0x0, 0x16, 0xad, 0xff, 0xb0,
    0x6, 0xfd, 0x97, 0x4d, 0xb0, 0xf, 0x90, 0x0,
    0xe, 0xb0, 0x2f, 0x70, 0x0, 0x8f, 0xb0, 0xe,
    0xfa, 0x9d, 0xfd, 0xe5, 0x2, 0xbe, 0xfb, 0x24,
    0xe8,

    /* U+01CF "Ǐ" */
    0xd, 0xc0, 0xdd, 0x0, 0x2f, 0xdf, 0x20, 0x0,
    0x48, 0x40, 0x0, 0x5, 0xf5, 0x0, 0x0, 0x5f,
    0x50, 0x0, 0x5, 0xf5, 0x0, 0x0, 0x5f, 0x50,
    0x0, 0x5, 0xf5, 0x0, 0x0, 0x5f, 0x50, 0x0,
    0x5, 0xf5, 0x0, 0x0, 0x5f, 0x50, 0x0, 0x5,
    0xf5, 0x0, 0x0, 0x5f, 0x50, 0x0, 0x5, 0xf5,
    0x0, 0x0, 0x5f, 0x50, 0x0, 0x5, 0xf5, 0x0,
    0x0, 0x5f, 0x50, 0x0,

    /* U+01D0 "ǐ" */
    0x1d, 0xc0, 0xdd, 0x0, 0x3f, 0xcf, 0x20, 0x0,
    0x59, 0x50, 0x0, 0x0, 0x0, 0x0, 0x0, 0x4f,
    0x40, 0x0, 0x4, 0xf4, 0x0, 0x0, 0x4f, 0x40,
    0x0, 0x4, 0xf4, 0x0, 0x0, 0x4f, 0x40, 0x0,
    0x4, 0xf4, 0x0, 0x0, 0x4f, 0x40, 0x0, 0x4,
    0xf4, 0x0, 0x0, 0x4f, 0x40, 0x0, 0x4, 0xf4,
    0x0,

    /* U+01D1 "Ǒ" */
    0x0, 0x0, 0x7f, 0x46, 0xf5, 0x0, 0x0, 0x0,
    0x0, 0xa, 0xdf, 0x90, 0x0, 0x0, 0x0, 0x0,
    0x0, 0x77, 0x0, 0x0, 0x0, 0x0, 0x0, 0x7c,
    0xff, 0xc7, 0x0, 0x0, 0x0, 0x1d, 0xfd, 0x99,
    0xcf, 0xd1, 0x0, 0x0, 0xdf, 0x60, 0x0, 0x6,
    0xfd, 0x0, 0x6, 0xf7, 0x0, 0x0, 0x0, 0x7f,
    0x70, 0xc, 0xf0, 0x0, 0x0, 0x0, 0xf, 0xd0,
    0xf, 0xc0, 0x0, 0x0, 0x0, 0xb, 0xf0, 0x1f,
    0xa0, 0x0, 0x0, 0x0, 0xa, 0xf2, 0x2f, 0xa0,
    0x0, 0x0, 0x0, 0xa, 0xf2, 0xf, 0xb0, 0x0,
    0x0, 0x0, 0xb, 0xf0, 0xc, 0xf0, 0x0, 0x0,
    0x0, 0xf, 0xd0, 0x6, 0xf7, 0x0, 0x0, 0x0,
    0x7f, 0x70, 0x0, 0xcf, 0x60, 0x0, 0x5, 0xfd,
    0x0, 0x0, 0x1d, 0xfc, 0x99, 0xcf, 0xd2, 0x0,
    0x0, 0x0, 0x7c, 0xff, 0xd7, 0x0, 0x0,

    /* U+01D2 "ǒ" */
    0x0, 0x7f, 0x45, 0xf6, 0x0, 0x0, 0xb, 0xde,
    0xb0, 0x0, 0x0, 0x1, 0xbb, 0x10, 0x0, 0x0,
    0x0, 0x0, 0x0, 0x0, 0x0, 0x3b, 0xff, 0xb3,
    0x0, 0x5, 0xfd, 0x77, 0xdf, 0x40, 0xe, 0xd0,
    0x0, 0xe, 0xe0, 0x3f, 0x70, 0x0, 0x7, 0xf3,
    0x5f, 0x40, 0x0, 0x4, 0xf5, 0x5f, 0x40, 0x0,
    0x4, 0xf5, 0x3f, 0x70, 0x0, 0x7, 0xf3, 0xe,
    0xe0, 0x0, 0xe, 0xe0, 0x5, 0xfd, 0x77, 0xdf,
    0x50, 0x0, 0x3b, 0xff, 0xb3, 0x0,

    /* U+01D3 "Ǔ" */
    0x0, 0xd, 0xc0, 0xdd, 0x0, 0x0, 0x0, 0x2f,
    0xdf, 0x20, 0x0, 0x0, 0x0, 0x48, 0x40, 0x0,
    0x9, 0xf2, 0x0, 0x0, 0x2, 0xf9, 0x9f, 0x20,
    0x0, 0x0, 0x2f, 0x99, 0xf2, 0x0, 0x0, 0x2,
    0xf9, 0x9f, 0x20, 0x0, 0x0, 0x2f, 0x99, 0xf2,
    0x0, 0x0, 0x2, 0xf9, 0x9f, 0x20, 0x0, 0x0,
    0x2f, 0x99, 0xf2, 0x0, 0x0, 0x2, 0xf9, 0x9f,
    0x20, 0x0, 0x0, 0x2f, 0x88, 0xf2, 0x0, 0x0,
    0x2, 0xf8, 0x7f, 0x30, 0x0, 0x0, 0x4f, 0x75,
    0xf7, 0x0, 0x0, 0x7, 0xf5, 0x1f, 0xe2, 0x0,
    0x2, 0xee, 0x0, 0x6f, 0xfb, 0xac, 0xff, 0x50,
    0x0, 0x4b, 0xef, 0xeb, 0x30, 0x0,

    /* U+01D4 "ǔ" */
    0x6, 0xf5, 0x5f, 0x60, 0x0, 0xae, 0xea, 0x0,
    0x0, 0x9, 0x91, 0x0, 0x0, 0x0, 0x0, 0x0,
    0xdc, 0x0, 0x0, 0xdc, 0xdc, 0x0, 0x0, 0xdc,
    0xdc, 0x0, 0x0, 0xdc, 0xdc, 0x0, 0x0, 0xdc,
    0xdc, 0x0, 0x0, 0xdc, 0xdc, 0x0, 0x0, 0xdc,
    0xcc, 0x0, 0x0, 0xec, 0xbe, 0x0, 0x3, 0xfc,
    0x6f, 0xa3, 0x6e, 0xec, 0x7, 0xdf, 0xd5, 0xac,

    /* U+01D5 "Ǖ" */
    0x0, 0x1, 0x11, 0x11, 0x0, 0x0, 0x5, 0xff,
    0xff, 0xf2, 0x0, 0x0, 0x14, 0x44, 0x44, 0x0,
    0x0, 0x0, 0xda, 0x9, 0xd0, 0x0, 0x0, 0xf,
    0xb0, 0xaf, 0x0, 0x0, 0x0, 0x0, 0x0, 0x0,
    0x0, 0x9f, 0x20, 0x0, 0x0, 0x2f, 0x99, 0xf2,
    0x0, 0x0, 0x2, 0xf9, 0x9f, 0x20, 0x0, 0x0,
    0x2f, 0x99, 0xf2, 0x0, 0x0, 0x2, 0xf9, 0x9f,
    0x20, 0x0, 0x0, 0x2f, 0x99, 0xf2, 0x0, 0x0,
    0x2, 0xf9, 0x9f, 0x20, 0x0, 0x0, 0x2f, 0x99,
    0xf2, 0x0, 0x0, 0x2, 0xf8, 0x8f, 0x20, 0x0,
    0x0, 0x2f, 0x87, 0xf3, 0x0, 0x0, 0x4, 0xf7,
    0x5f, 0x70, 0x0, 0x0, 0x7f, 0x51, 0xfe, 0x20,
    0x0, 0x2e, 0xe0, 0x6, 0xff, 0xba, 0xcf, 0xf5,
    0x0, 0x4, 0xbe, 0xfe, 0xb3, 0x0,

    /* U+01D6 "ǖ" */
    0x1, 0x11, 0x11, 0x10, 0xc, 0xff, 0xff, 0xb0,
    0x3, 0x44, 0x44, 0x30, 0x6, 0xf3, 0x2f, 0x70,
    0x5, 0xe3, 0x2e, 0x60, 0x0, 0x0, 0x0, 0x0,
    0x0, 0x0, 0x0, 0x0, 0xdc, 0x0, 0x0, 0xdc,
    0xdc, 0x0, 0x0, 0xdc, 0xdc, 0x0, 0x0, 0xdc,
    0xdc, 0x0, 0x0, 0xdc, 0xdc, 0x0, 0x0, 0xdc,
    0xdc, 0x0, 0x0, 0xdc, 0xcc, 0x0, 0x0, 0xec,
    0xbe, 0x0, 0x3, 0xfc, 0x6f, 0xa3, 0x6e, 0xec,
    0x7, 0xdf, 0xd5, 0xac,

    /* U+01D7 "Ǘ" */
    0x0, 0x0, 0x4, 0x95, 0x0, 0x0, 0x0, 0x0,
    0xcd, 0x10, 0x0, 0x0, 0x0, 0x4f, 0x30, 0x0,
    0x0, 0x0, 0x0, 0x0, 0x0, 0x0, 0x0, 0xd,
    0xa0, 0x9d, 0x0, 0x0, 0x0, 0xfb, 0xa, 0xf0,
    0x0, 0x0, 0x0, 0x0, 0x0, 0x0, 0x9, 0xf2,
    0x0, 0x0, 0x2, 0xf9, 0x9f, 0x20, 0x0, 0x0,
    0x2f, 0x99, 0xf2, 0x0, 0x0, 0x2, 0xf9, 0x9f,
    0x20, 0x0, 0x0, 0x2f, 0x99, 0xf2, 0x0, 0x0,
    0x2, 0xf9, 0x9f, 0x20, 0x0, 0x0, 0x2f, 0x99,
    0xf2, 0x0, 0x0, 0x2, 0xf9, 0x9f, 0x20, 0x0,
    0x0, 0x2f, 0x88, 0xf2, 0x0, 0x0, 0x2, 0xf8,
    0x7f, 0x30, 0x0, 0x0, 0x4f, 0x75, 0xf7, 0x0,
    0x0, 0x7, 0xf5, 0x1f, 0xe2, 0x0, 0x2, 0xee,
    0x0, 0x6f, 0xfb, 0xac, 0xff, 0x50, 0x0, 0x4b,
    0xef, 0xeb, 0x30, 0x0,

    /* U+01D8 "ǘ" */
    0x0, 0x1, 0xfd, 0x0, 0x0, 0x7, 0xf2, 0x0,
    0x0, 0x7, 0x50, 0x0, 0x6, 0xf3, 0x2f, 0x70,
    0x5, 0xe3, 0x2e, 0x60, 0x0, 0x0, 0x0, 0x0,
    0x0, 0x0, 0x0, 0x0, 0xdc, 0x0, 0x0, 0xdc,
    0xdc, 0x0, 0x0, 0xdc, 0xdc, 0x0, 0x0, 0xdc,
    0xdc, 0x0, 0x0, 0xdc, 0xdc, 0x0, 0x0, 0xdc,
    0xdc, 0x0, 0x0, 0xdc, 0xcc, 0x0, 0x0, 0xec,
    0xbe, 0x0, 0x3, 0xfc, 0x6f, 0xa3, 0x6e, 0xec,
    0x7, 0xdf, 0xd5, 0xac,

    /* U+01D9 "Ǚ" */
    0x0, 0x7, 0x50, 0x57, 0x0, 0x0, 0x0, 0x7f,
    0x5f, 0x80, 0x0, 0x0, 0x0, 0xaf, 0xc0, 0x0,
    0x0, 0x0, 0x0, 0x0, 0x0, 0x0, 0x0, 0xd,
    0xa0, 0x9d, 0x0, 0x0, 0x0, 0xfb, 0xa, 0xf0,
    0x0, 0x0, 0x0, 0x0, 0x0, 0x0, 0x9, 0xf2,
    0x0, 0x0, 0x2, 0xf9, 0x9f, 0x20, 0x0, 0x0,
    0x2f, 0x99, 0xf2, 0x0, 0x0, 0x2, 0xf9, 0x9f,
    0x20, 0x0, 0x0, 0x2f, 0x99, 0xf2, 0x0, 0x0,
    0x2, 0xf9, 0x9f, 0x20, 0x0, 0x0, 0x2f, 0x99,
    0xf2, 0x0, 0x0, 0x2, 0xf9, 0x9f, 0x20, 0x0,
    0x0, 0x2f, 0x88, 0xf2, 0x0, 0x0, 0x2, 0xf8,
    0x7f, 0x30, 0x0, 0x0, 0x4f, 0x75, 0xf7, 0x0,
    0x0, 0x7, 0xf5, 0x1f, 0xe2, 0x0, 0x2, 0xee,
    0x0, 0x6f, 0xfb, 0xac, 0xff, 0x50, 0x0, 0x4b,
    0xef, 0xeb, 0x30, 0x0,

    /* U+01DA "ǚ" */
    0x7, 0xf4, 0x6f, 0x50, 0x0, 0xad, 0xf8, 0x0,
    0x0, 0x7, 0x70, 0x0, 0x7, 0xf3, 0x3f, 0x70,
    0x6, 0xe2, 0x2e, 0x60, 0x0, 0x0, 0x0, 0x0,
    0x0, 0x0, 0x0, 0x0, 0xdc, 0x0, 0x0, 0xdc,
    0xdc, 0x0, 0x0, 0xdc, 0xdc, 0x0, 0x0, 0xdc,
    0xdc, 0x0, 0x0, 0xdc, 0xdc, 0x0, 0x0, 0xdc,
    0xdc, 0x0, 0x0, 0xdc, 0xcc, 0x0, 0x0, 0xec,
    0xbe, 0x0, 0x3, 0xfc, 0x6f, 0xa3, 0x6e, 0xec,
    0x7, 0xdf, 0xd5, 0xac,

    /* U+01DB "Ǜ" */
    0x0, 0x4, 0x94, 0x0, 0x0, 0x0, 0x0, 0xd,
    0xd0, 0x0, 0x0, 0x0, 0x0, 0x3f, 0x40, 0x0,
    0x0, 0x0, 0x0, 0x0, 0x0, 0x0, 0x0, 0xd,
    0xa0, 0x9d, 0x0, 0x0, 0x0, 0xfb, 0xa, 0xf0,
    0x0, 0x0, 0x0, 0x0, 0x0, 0x0, 0x9, 0xf2,
    0x0, 0x0, 0x2, 0xf9, 0x9f, 0x20, 0x0, 0x0,
    0x2f, 0x99, 0xf2, 0x0, 0x0, 0x2, 0xf9, 0x9f,
    0x20, 0x0, 0x0, 0x2f, 0x99, 0xf2, 0x0, 0x0,
    0x2, 0xf9, 0x9f, 0x20, 0x0, 0x0, 0x2f, 0x99,
    0xf2, 0x0, 0x0, 0x2, 0xf9, 0x9f, 0x20, 0x0,
    0x0, 0x2f, 0x88, 0xf2, 0x0, 0x0, 0x2, 0xf8,
    0x7f, 0x30, 0x0, 0x0, 0x4f, 0x75, 0xf7, 0x0,
    0x0, 0x7, 0xf5, 0x1f, 0xe2, 0x0, 0x2, 0xee,
    0x0, 0x6f, 0xfb, 0xac, 0xff, 0x50, 0x0, 0x4b,
    0xef, 0xeb, 0x30, 0x0,

    /* U+01DC "ǜ" */
    0x0, 0xdf, 0x10, 0x0, 0x0, 0x2f, 0x80, 0x0,
    0x0, 0x4, 0x80, 0x0, 0x7, 0xf3, 0x3f, 0x70,
    0x6, 0xe2, 0x2e, 0x60, 0x0, 0x0, 0x0, 0x0,
    0x0, 0x0, 0x0, 0x0, 0xdc, 0x0, 0x0, 0xdc,
    0xdc, 0x0, 0x0, 0xdc, 0xdc, 0x0, 0x0, 0xdc,
    0xdc, 0x0, 0x0, 0xdc, 0xdc, 0x0, 0x0, 0xdc,
    0xdc, 0x0, 0x0, 0xdc, 0xcc, 0x0, 0x0, 0xec,
    0xbe, 0x0, 0x3, 0xfc, 0x6f, 0xa3, 0x6e, 0xec,
    0x7, 0xdf, 0xd5, 0xac,

    /* U+01DD "ǝ" */
    0x0, 0x4c, 0xff, 0xb3, 0x0, 0x5, 0xfc, 0x67,
    0xef, 0x40, 0xe, 0xd0, 0x0, 0x2f, 0xd0, 0x6,
    0x30, 0x0, 0x9, 0xf2, 0x1, 0x11, 0x11, 0x17,
    0xf4, 0x4f, 0xff, 0xff, 0xff, 0xf4, 0x2f, 0x94,
    0x44, 0x4a, 0xf2, 0xe, 0xc0, 0x0, 0xd, 0xc0,
    0x4, 0xfc, 0x77, 0xdf, 0x30, 0x0, 0x4c, 0xff,
    0xb3, 0x0,

    /* U+01DE "Ǟ" */
    0x0, 0x0, 0x11, 0x11, 0x10, 0x0, 0x0, 0x0,
    0x0, 0xdf, 0xff, 0xfa, 0x0, 0x0, 0x0, 0x0,
    0x34, 0x44, 0x42, 0x0, 0x0, 0x0, 0x0, 0x6e,
    0x22, 0xe6, 0x0, 0x0, 0x0, 0x0, 0x6f, 0x32,
    0xf7, 0x0, 0x0, 0x0, 0x0, 0x0, 0x0, 0x0,
    0x0, 0x0, 0x0, 0x0, 0x3, 0xfe, 0x0, 0x0,
    0x0, 0x0, 0x0, 0x9, 0xff, 0x50, 0x0, 0x0,
    0x0, 0x0, 0xe, 0x9e, 0xb0, 0x0, 0x0, 0x0,
    0x0, 0x4f, 0x5a, 0xf1, 0x0, 0x0, 0x0, 0x0,
    0xaf, 0x15, 0xf7, 0x0, 0x0, 0x0, 0x0, 0xfc,
    0x0, 0xfd, 0x0, 0x0, 0x0, 0x5, 0xf7, 0x0,
    0xbf, 0x30, 0x0, 0x0, 0xb, 0xf2, 0x0, 0x6f,
    0x90, 0x0, 0x0, 0x1f, 0xd1, 0x11, 0x3f, 0xe0,
    0x0, 0x0, 0x6f, 0xff, 0xff, 0xff, 0xf5, 0x0,
    0x0, 0xcf, 0x54, 0x44, 0x47, 0xfb, 0x0, 0x2,
    0xfb, 0x0, 0x0, 0x0, 0xef, 0x10, 0x7, 0xf5,
    0x0, 0x0, 0x0, 0x8f, 0x70, 0xd, 0xf0, 0x0,
    0x0, 0x0, 0x1f, 0xd0,

    /* U+01DF "ǟ" */
    0x0, 0x11, 0x11, 0x11, 0x0, 0x0, 0xcf, 0xff,
    0xfb, 0x0, 0x0, 0x34, 0x44, 0x43, 0x0, 0x0,
    0x7f, 0x33, 0xf7, 0x0, 0x0, 0x6e, 0x22, 0xe6,
    0x0, 0x0, 0x0, 0x0, 0x0, 0x0, 0x0, 0x0,
    0x0, 0x0, 0x0, 0x0, 0x5c, 0xef, 0xd7, 0x0,
    0x6, 0xfb, 0x66, 0xbf, 0x70, 0xd, 0xc0, 0x0,
    0xe, 0xb0, 0x1, 0x10, 0x0, 0xd, 0xc0, 0x0,
    0x38, 0xad, 0xff, 0xc0, 0x9, 0xfe, 0xb8, 0x4d,
    0xc0, 0x2f, 0xb0, 0x0, 0xe, 0xc0, 0x4f, 0x60,
    0x0, 0x3f, 0xc0, 0x1e, 0xd3, 0x25, 0xef, 0xd0,
    0x3, 0xcf, 0xfb, 0x48, 0xf1,

    /* U+01E0 "Ǡ" */
    0x0, 0x0, 0x11, 0x11, 0x10, 0x0, 0x0, 0x0,
    0x0, 0xef, 0xff, 0xf9, 0x0, 0x0, 0x0, 0x0,
    0x44, 0x44, 0x42, 0x0, 0x0, 0x0, 0x0, 0x0,
    0xd9, 0x0, 0x0, 0x0, 0x0, 0x0, 0x0, 0xfb,
    0x0, 0x0, 0x0, 0x0, 0x0, 0x0, 0x0, 0x0,
    0x0, 0x0, 0x0, 0x0, 0x3, 0xfe, 0x0, 0x0,
    0x0, 0x0, 0x0, 0x9, 0xff, 0x50, 0x0, 0x0,
    0x0, 0x0, 0xe, 0x9e, 0xb0, 0x0, 0x0, 0x0,
    0x0, 0x4f, 0x5a, 0xf1, 0x0, 0x0, 0x0, 0x0,
    0xaf, 0x15, 0xf7, 0x0, 0x0, 0x0, 0x0, 0xfc,
    0x0, 0xfd, 0x0, 0x0, 0x0, 0x5, 0xf7, 0x0,
    0xbf, 0x30, 0x0, 0x0, 0xb, 0xf2, 0x0, 0x6f,
    0x90, 0x0, 0x0, 0x1f, 0xd1, 0x11, 0x3f, 0xe0,
    0x0, 0x0, 0x6f, 0xff, 0xff, 0xff, 0xf5, 0x0,
    0x0, 0xcf, 0x54, 0x44, 0x47, 0xfb, 0x0, 0x2,
    0xfb, 0x0, 0x0, 0x0, 0xef, 0x10, 0x7, 0xf5,
    0x0, 0x0, 0x0, 0x8f, 0x70, 0xd, 0xf0, 0x0,
    0x0, 0x0, 0x1f, 0xd0,

    /* U+01E1 "ǡ" */
    0x0, 0x11, 0x11, 0x11, 0x0, 0x0, 0xbf, 0xff,
    0xfc, 0x0, 0x0, 0x34, 0x44, 0x43, 0x0, 0x0,
    0x0, 0xaf, 0x0, 0x0, 0x0, 0x0, 0x9d, 0x0,
    0x0, 0x0, 0x0, 0x0, 0x0, 0x0, 0x0, 0x0,
    0x0, 0x0, 0x0, 0x0, 0x5c, 0xef, 0xd7, 0x0,
    0x6, 0xfb, 0x66, 0xbf, 0x70, 0xd, 0xc0, 0x0,
    0xe, 0xb0, 0x1, 0x10, 0x0, 0xd, 0xc0, 0x0,
    0x38, 0xad, 0xff, 0xc0, 0x9, 0xfe, 0xb8, 0x4d,
    0xc0, 0x2f, 0xb0, 0x0, 0xe, 0xc0, 0x4f, 0x60,
    0x0, 0x3f, 0xc0, 0x1e, 0xd3, 0x25, 0xef, 0xd0,
    0x3, 0xcf, 0xfb, 0x48, 0xf1,

    /* U+01E2 "Ǣ" */
    0x0, 0x0, 0x0, 0x1, 0x11, 0x11, 0x0, 0x0,
    0x0, 0x0, 0x0, 0x4, 0xff, 0xff, 0xf3, 0x0,
    0x0, 0x0, 0x0, 0x0, 0x14, 0x44, 0x44, 0x0,
    0x0, 0x0, 0x0, 0x0, 0xf, 0xff, 0xff, 0xff,
    0xff, 0xfc, 0x0, 0x0, 0x7, 0xfb, 0xcf, 0xb9,
    0x99, 0x99, 0x70, 0x0, 0x0, 0xee, 0x6, 0xf4,
    0x0, 0x0, 0x0, 0x0, 0x0, 0x5f, 0x70, 0x6f,
    0x40, 0x0, 0x0, 0x0, 0x0, 0xc, 0xf1, 0x6,
    0xf4, 0x0, 0x0, 0x0, 0x0, 0x3, 0xf9, 0x0,
    0x6f, 0x40, 0x0, 0x0, 0x0, 0x0, 0xaf, 0x20,
    0x6, 0xfb, 0x99, 0x99, 0x93, 0x0, 0x2f, 0xb0,
    0x0, 0x6f, 0xff, 0xff, 0xff, 0x50, 0x8, 0xfc,
    0x99, 0x9c, 0xf4, 0x0, 0x0, 0x0, 0x0, 0xff,
    0xff, 0xff, 0xff, 0x40, 0x0, 0x0, 0x0, 0x7f,
    0x60, 0x0, 0x6, 0xf4, 0x0, 0x0, 0x0, 0xe,
    0xe0, 0x0, 0x0, 0x6f, 0x40, 0x0, 0x0, 0x5,
    0xf8, 0x0, 0x0, 0x6, 0xfb, 0x99, 0x99, 0x99,
    0xcf, 0x10, 0x0, 0x0, 0x6f, 0xff, 0xff, 0xff,
    0xf0,

    /* U+01E3 "ǣ" */
    0x0, 0x0, 0xa, 0xff, 0xff, 0xd0, 0x0, 0x0,
    0x0, 0x0, 0x4, 0x66, 0x66, 0x40, 0x0, 0x0,
    0x0, 0x0, 0x0, 0x0, 0x0, 0x0, 0x0, 0x0,
    0x0, 0x0, 0x0, 0x0, 0x0, 0x0, 0x0, 0x0,
    0x0, 0x6c, 0xff, 0xc5, 0x1a, 0xef, 0xc4, 0x0,
    0x7, 0xf9, 0x66, 0xcf, 0xed, 0x76, 0xbf, 0x40,
    0xe, 0xa0, 0x0, 0x2f, 0xe1, 0x0, 0xc, 0xd0,
    0x0, 0x0, 0x1, 0x5f, 0xa1, 0x11, 0x17, 0xf2,
    0x0, 0x6b, 0xef, 0xff, 0xff, 0xff, 0xff, 0xf3,
    0xc, 0xfa, 0x74, 0x1f, 0xb4, 0x44, 0x44, 0x41,
    0x4f, 0x70, 0x0, 0x1f, 0xa0, 0x0, 0x3, 0x50,
    0x5f, 0x60, 0x0, 0x8f, 0xe1, 0x0, 0xc, 0xe0,
    0x1e, 0xe7, 0x6b, 0xf6, 0xee, 0x87, 0xcf, 0x50,
    0x3, 0xcf, 0xea, 0x20, 0x1a, 0xef, 0xc5, 0x0,

    /* U+01E4 "Ǥ" */
    0x0, 0x2, 0x9d, 0xfe, 0xb4, 0x0, 0x0, 0x4,
    0xff, 0xb9, 0xae, 0xf5, 0x0, 0x1, 0xfd, 0x20,
    0x0, 0xb, 0xf1, 0x0, 0x9f, 0x20, 0x0, 0x0,
    0x1f, 0x70, 0xe, 0xb0, 0x0, 0x0, 0x0, 0x0,
    0x1, 0xf8, 0x0, 0x0, 0x0, 0x0, 0x0, 0x2f,
    0x70, 0x0, 0x6f, 0xff, 0xfb, 0x1, 0xf8, 0x0,
    0x3, 0x88, 0x8e, 0xa0, 0xe, 0xb0, 0x0, 0x0,
    0x0, 0xf9, 0x0, 0x9f, 0x20, 0x6, 0xff, 0xff,
    0xfa, 0x2, 0xfc, 0x10, 0x13, 0x5f, 0xf4, 0x20,
    0x5, 0xff, 0xa9, 0xaf, 0xf3, 0x0, 0x0, 0x2,
    0xae, 0xfe, 0xa2, 0x0, 0x0,

    /* U+01E5 "ǥ" */
    0x0, 0x3b, 0xfe, 0x93, 0xf4, 0x0, 0x3f, 0xe9,
    0x8e, 0xdf, 0x40, 0xc, 0xe1, 0x0, 0xd, 0xf4,
    0x1, 0xf8, 0x0, 0x0, 0x7f, 0x40, 0x2f, 0x60,
    0xcf, 0xff, 0xff, 0x81, 0xf7, 0x2, 0x33, 0x9f,
    0x71, 0xd, 0xc0, 0x0, 0xb, 0xf4, 0x0, 0x6f,
    0xa3, 0x3a, 0xff, 0x40, 0x0, 0x7f, 0xff, 0xe6,
    0xf4, 0x0, 0x0, 0x14, 0x40, 0x4f, 0x30, 0xc,
    0xd0, 0x0, 0xa, 0xf1, 0x0, 0x3f, 0xd8, 0x8c,
    0xf8, 0x0, 0x0, 0x3b, 0xff, 0xd6, 0x0, 0x0,

    /* U+01E6 "Ǧ" */
    0x0, 0x0, 0x9c, 0xa, 0xb0, 0x0, 0x0, 0x0,
    0xe, 0xef, 0x10, 0x0, 0x0, 0x0, 0x3, 0x84,
    0x0, 0x0, 0x0, 0x0, 0x0, 0x0, 0x0, 0x0,
    0x0, 0x2, 0x9d, 0xfe, 0xa3, 0x0, 0x0, 0x4f,
    0xfb, 0x9a, 0xef, 0x60, 0x2, 0xfd, 0x20, 0x0,
    0xb, 0xf2, 0x9, 0xf2, 0x0, 0x0, 0x2, 0xf7,
    0xe, 0xb0, 0x0, 0x0, 0x0, 0x0, 0x1f, 0x80,
    0x0, 0x0, 0x0, 0x0, 0x2f, 0x70, 0x0, 0x6f,
    0xff, 0xfb, 0x1f, 0x80, 0x0, 0x38, 0x88, 0xeb,
    0xe, 0xb0, 0x0, 0x0, 0x0, 0xeb, 0xa, 0xf2,
    0x0, 0x0, 0x4, 0xfb, 0x2, 0xfd, 0x10, 0x0,
    0x2e, 0xfb, 0x0, 0x5f, 0xfb, 0x9b, 0xfc, 0x8b,
    0x0, 0x2, 0xad, 0xfd, 0x80, 0x7b,

    /* U+01E7 "ǧ" */
    0x0, 0x1e, 0x52, 0xe3, 0x0, 0x0, 0x3, 0xfe,
    0x60, 0x0, 0x0, 0x0, 0x11, 0x0, 0x0, 0x0,
    0x3b, 0xfe, 0x93, 0xf4, 0x3, 0xfe, 0x98, 0xed,
    0xf4, 0xc, 0xe1, 0x0, 0xd, 0xf4, 0x1f, 0x80,
    0x0, 0x6, 0xf4, 0x2f, 0x60, 0x0, 0x4, 0xf4,
    0x1f, 0x70, 0x0, 0x6, 0xf4, 0xd, 0xc0, 0x0,
    0xb, 0xf4, 0x6, 0xfa, 0x33, 0xaf, 0xf4, 0x0,
    0x7f, 0xff, 0xe6, 0xf4, 0x0, 0x1, 0x44, 0x4,
    0xf3, 0xc, 0xd0, 0x0, 0xa, 0xf1, 0x3, 0xfd,
    0x88, 0xcf, 0x80, 0x0, 0x3b, 0xff, 0xd6, 0x0,

    /* U+01E8 "Ǩ" */
    0x0, 0x3e, 0x13, 0xe1, 0x0, 0x0, 0x0, 0x9b,
    0xd6, 0x0, 0x0, 0x0, 0x0, 0x77, 0x0, 0x0,
    0x0, 0x0, 0x0, 0x0, 0x0, 0x0, 0x5f, 0x30,
    0x0, 0x7, 0xf7, 0x5, 0xf3, 0x0, 0x6, 0xf9,
    0x0, 0x5f, 0x30, 0x4, 0xfa, 0x0, 0x5, 0xf3,
    0x3, 0xfc, 0x0, 0x0, 0x5f, 0x32, 0xed, 0x10,
    0x0, 0x5, 0xf4, 0xdf, 0x20, 0x0, 0x0, 0x5f,
    0xef, 0xf8, 0x0, 0x0, 0x5, 0xff, 0x4a, 0xf4,
    0x0, 0x0, 0x5f, 0x60, 0xd, 0xe1, 0x0, 0x5,
    0xf3, 0x0, 0x3f, 0xb0, 0x0, 0x5f, 0x30, 0x0,
    0x7f, 0x60, 0x5, 0xf3, 0x0, 0x0, 0xbf, 0x30,
    0x5f, 0x30, 0x0, 0x1, 0xed, 0x0,

    /* U+01E9 "ǩ" */
    0xe, 0x50, 0xe5, 0x0, 0x0, 0x0, 0x4e, 0xbb,
    0x0, 0x0, 0x0, 0x0, 0x68, 0x10, 0x0, 0x0,
    0x0, 0x9, 0xf0, 0x0, 0x0, 0x0, 0x0, 0x9f,
    0x0, 0x0, 0x0, 0x0, 0x9, 0xf0, 0x0, 0x0,
    0x0, 0x0, 0x9f, 0x0, 0x0, 0xcf, 0x30, 0x9,
    0xf0, 0x0, 0xbf, 0x40, 0x0, 0x9f, 0x0, 0x9f,
    0x60, 0x0, 0x9, 0xf0, 0x6f, 0x80, 0x0, 0x0,
    0x9f, 0x4f, 0xf1, 0x0, 0x0, 0x9, 0xff, 0xbf,
    0xb0, 0x0, 0x0, 0x9f, 0xb0, 0x6f, 0x60, 0x0,
    0x9, 0xf0, 0x0, 0xbf, 0x10, 0x0, 0x9f, 0x0,
    0x1, 0xfb, 0x0, 0x9, 0xf0, 0x0, 0x6, 0xf7,

    /* U+01EA "Ǫ" */
    0x0, 0x0, 0x7c, 0xff, 0xc7, 0x0, 0x0, 0x0,
    0x1d, 0xfd, 0x99, 0xdf, 0xd1, 0x0, 0x0, 0xcf,
    0x60, 0x0, 0x6, 0xfc, 0x0, 0x6, 0xf7, 0x0,
    0x0, 0x0, 0x8f, 0x60, 0xc, 0xf0, 0x0, 0x0,
    0x0, 0xf, 0xc0, 0xf, 0xc0, 0x0, 0x0, 0x0,
    0xc, 0xf0, 0x1f, 0xa0, 0x0, 0x0, 0x0, 0xa,
    0xf2, 0x2f, 0xa0, 0x0, 0x0, 0x0, 0x9, 0xf2,
    0xf, 0xb0, 0x0, 0x0, 0x0, 0xb, 0xf0, 0xd,
    0xe0, 0x0, 0x0, 0x0, 0xe, 0xd0, 0x8, 0xf6,
    0x0, 0x0, 0x0, 0x6f, 0x80, 0x1, 0xef, 0x40,
    0x0, 0x4, 0xfe, 0x10, 0x0, 0x3f, 0xfb, 0x77,
    0xbf, 0xf3, 0x0, 0x0, 0x2, 0xbf, 0xff, 0xe9,
    0x10, 0x0, 0x0, 0x0, 0x0, 0xc5, 0x0, 0x0,
    0x0, 0x0, 0x0, 0x0, 0xd4, 0x0, 0x0, 0x0,
    0x0, 0x0, 0x0, 0xcb, 0x47, 0x0, 0x0, 0x0,
    0x0, 0x0, 0x4e, 0xe9, 0x0, 0x0,

    /* U+01EB "ǫ" */
    0x0, 0x4c, 0xff, 0xb3, 0x0, 0x4, 0xfc, 0x66,
    0xdf, 0x30, 0xe, 0xd0, 0x0, 0x1e, 0xd0, 0x3f,
    0x70, 0x0, 0x8, 0xf2, 0x5f, 0x40, 0x0, 0x5,
    0xf4, 0x5f, 0x40, 0x0, 0x5, 0xf5, 0x3f, 0x60,
    0x0, 0x7, 0xf3, 0xe, 0xc0, 0x0, 0xd, 0xe0,
    0x7, 0xf9, 0x22, 0xaf, 0x70, 0x0, 0x8f, 0xff,
    0xf7, 0x0, 0x0, 0x1, 0xb8, 0x0, 0x0, 0x0,
    0x0, 0xc5, 0x0, 0x0, 0x0, 0x0, 0xbc, 0x47,
    0x0, 0x0, 0x0, 0x3e, 0xea, 0x0,

    /* U+01EC "Ǭ" */
    0x0, 0x0, 0x11, 0x11, 0x11, 0x0, 0x0, 0x0,
    0x0, 0xdf, 0xff, 0xfa, 0x0, 0x0, 0x0, 0x0,
    0x34, 0x44, 0x43, 0x0, 0x0, 0x0, 0x0, 0x7c,
    0xff, 0xc7, 0x0, 0x0, 0x0, 0x1d, 0xfd, 0x99,
    0xdf, 0xd1, 0x0, 0x0, 0xcf, 0x60, 0x0, 0x6,
    0xfc, 0x0, 0x6, 0xf7, 0x0, 0x0, 0x0, 0x8f,
    0x60, 0xc, 0xf0, 0x0, 0x0, 0x0, 0xf, 0xc0,
    0xf, 0xc0, 0x0, 0x0, 0x0, 0xc, 0xf0, 0x1f,
    0xa0, 0x0, 0x0, 0x0, 0xa, 0xf2, 0x2f, 0xa0,
    0x0, 0x0, 0x0, 0x9, 0xf2, 0xf, 0xb0, 0x0,
    0x0, 0x0, 0xb, 0xf0, 0xd, 0xe0, 0x0, 0x0,
    0x0, 0xe, 0xd0, 0x8, 0xf6, 0x0, 0x0, 0x0,
    0x6f, 0x80, 0x1, 0xef, 0x40, 0x0, 0x4, 0xfe,
    0x10, 0x0, 0x3f, 0xfb, 0x77, 0xbf, 0xf3, 0x0,
    0x0, 0x2, 0xbf, 0xff, 0xe9, 0x10, 0x0, 0x0,
    0x0, 0x0, 0xc5, 0x0, 0x0, 0x0, 0x0, 0x0,
    0x0, 0xd4, 0x0, 0x0, 0x0, 0x0, 0x0, 0x0,
    0xcb, 0x47, 0x0, 0x0, 0x0, 0x0, 0x0, 0x4e,
    0xe9, 0x0, 0x0,

    /* U+01ED "ǭ" */
    0x0, 0xff, 0xff, 0xf8, 0x0, 0x0, 0x56, 0x66,
    0x63, 0x0, 0x0, 0x0, 0x0, 0x0, 0x0, 0x0,
    0x0, 0x0, 0x0, 0x0, 0x0, 0x4c, 0xff, 0xb3,
    0x0, 0x4, 0xfc, 0x66, 0xdf, 0x30, 0xe, 0xd0,
    0x0, 0x1e, 0xd0, 0x3f, 0x70, 0x0, 0x8, 0xf2,
    0x5f, 0x40, 0x0, 0x5, 0xf4, 0x5f, 0x40, 0x0,
    0x5, 0xf5, 0x3f, 0x60, 0x0, 0x7, 0xf3, 0xe,
    0xc0, 0x0, 0xd, 0xe0, 0x7, 0xf9, 0x22, 0xaf,
    0x70, 0x0, 0x8f, 0xff, 0xf7, 0x0, 0x0, 0x1,
    0xb8, 0x0, 0x0, 0x0, 0x0, 0xc5, 0x0, 0x0,
    0x0, 0x0, 0xbc, 0x47, 0x0, 0x0, 0x0, 0x3e,
    0xea, 0x0,

    /* U+01EE "Ǯ" */
    0x0, 0x9f, 0x29, 0xf3, 0x0, 0x0, 0xcd, 0xf6,
    0x0, 0x0, 0x1, 0x86, 0x0, 0x0, 0xcf, 0xff,
    0xff, 0xf8, 0x7, 0x99, 0x99, 0xdf, 0x50, 0x0,
    0x0, 0x2f, 0x90, 0x0, 0x0, 0xd, 0xc0, 0x0,
    0x0, 0xa, 0xe1, 0x0, 0x0, 0x4, 0xfa, 0x20,
    0x0, 0x0, 0x6e, 0xff, 0x70, 0x0, 0x0, 0x1,
    0xcf, 0x40, 0x0, 0x0, 0x1, 0xfb, 0x0, 0x0,
    0x0, 0xd, 0xd0, 0x95, 0x0, 0x0, 0xec, 0xd,
    0xc0, 0x0, 0x5f, 0x70, 0x5f, 0xb6, 0x9f, 0xc0,
    0x0, 0x4c, 0xfe, 0x90, 0x0,

    /* U+01EF "ǯ" */
    0x0, 0x9f, 0x28, 0xf4, 0x0, 0x0, 0xcd, 0xf8,
    0x0, 0x0, 0x1, 0x98, 0x0, 0x0, 0x0, 0x0,
    0x0, 0x0, 0xc, 0xff, 0xff, 0xff, 0x80, 0x79,
    0x99, 0x9d, 0xf5, 0x0, 0x0, 0x2, 0xf9, 0x0,
    0x0, 0x0, 0xdc, 0x0, 0x0, 0x0, 0xae, 0x10,
    0x0, 0x0, 0x4f, 0xa2, 0x0, 0x0, 0x6, 0xef,
    0xf7, 0x0, 0x0, 0x0, 0x1c, 0xf4, 0x0, 0x0,
    0x0, 0x1f, 0xb0, 0x0, 0x0, 0x0, 0xdd, 0x9,
    0x50, 0x0, 0xe, 0xc0, 0xdc, 0x0, 0x5, 0xf7,
    0x5, 0xfb, 0x69, 0xfc, 0x0, 0x4, 0xcf, 0xe9,
    0x0,

    /* U+01F0 "ǰ" */
    0x7f, 0x36, 0xf5, 0xb, 0xdf, 0x90, 0x1, 0x99,
    0x0, 0x0, 0x0, 0x0, 0x0, 0xcc, 0x0, 0x0,
    0xcc, 0x0, 0x0, 0xcc, 0x0, 0x0, 0xcc, 0x0,
    0x0, 0xcc, 0x0, 0x0, 0xcc, 0x0, 0x0, 0xcc,
    0x0, 0x0, 0xcc, 0x0, 0x0, 0xcc, 0x0, 0x0,
    0xcc, 0x0, 0x0, 0xcc, 0x0, 0x0, 0xdb, 0x0,
    0x48, 0xf8, 0x0, 0xaf, 0xc1, 0x0,

    /* U+01F1 "Ǳ" */
    0x9f, 0xff, 0xff, 0xeb, 0x30, 0x0, 0xf, 0xff,
    0xff, 0xff, 0xff, 0x39, 0xfa, 0x99, 0xab, 0xff,
    0x50, 0x0, 0x99, 0x99, 0x99, 0x9f, 0xf2, 0x9f,
    0x20, 0x0, 0x2, 0xef, 0x10, 0x0, 0x0, 0x0,
    0x9, 0xf8, 0x9, 0xf2, 0x0, 0x0, 0x5, 0xf8,
    0x0, 0x0, 0x0, 0x5, 0xfc, 0x0, 0x9f, 0x20,
    0x0, 0x0, 0xe, 0xd0, 0x0, 0x0, 0x2, 0xee,
    0x10, 0x9, 0xf2, 0x0, 0x0, 0x0, 0xcf, 0x0,
    0x0, 0x0, 0xcf, 0x50, 0x0, 0x9f, 0x20, 0x0,
    0x0, 0xb, 0xf1, 0x0, 0x0, 0x8f, 0x90, 0x0,
    0x9, 0xf2, 0x0, 0x0, 0x0, 0xbf, 0x0, 0x0,
    0x4f, 0xc0, 0x0, 0x0, 0x9f, 0x20, 0x0, 0x0,
    0xc, 0xf0, 0x0, 0x1e, 0xf2, 0x0, 0x0, 0x9,
    0xf2, 0x0, 0x0, 0x0, 0xfc, 0x0, 0xb, 0xf5,
    0x0, 0x0, 0x0, 0x9f, 0x20, 0x0, 0x0, 0x6f,
    0x70, 0x7, 0xf9, 0x0, 0x0, 0x0, 0x9, 0xf2,
    0x0, 0x0, 0x3e, 0xf1, 0x3, 0xfd, 0x0, 0x0,
    0x0, 0x0, 0x9f, 0xa9, 0x9a, 0xcf, 0xf4, 0x0,
    0xbf, 0xb9, 0x99, 0x99, 0x99, 0x49, 0xff, 0xff,
    0xfd, 0x92, 0x0, 0xc, 0xff, 0xff, 0xff, 0xff,
    0xf6,

    /* U+01F2 "ǲ" */
    0x9f, 0xff, 0xff, 0xeb, 0x30, 0x0, 0x0, 0x0,
    0x0, 0x0, 0x9, 0xfa, 0x99, 0xab, 0xff, 0x50,
    0x0, 0x0, 0x0, 0x0, 0x0, 0x9f, 0x20, 0x0,
    0x2, 0xef, 0x10, 0x0, 0x0, 0x0, 0x0, 0x9,
    0xf2, 0x0, 0x0, 0x5, 0xf8, 0x0, 0x0, 0x0,
    0x0, 0x0, 0x9f, 0x20, 0x0, 0x0, 0xe, 0xd0,
    0x5f, 0xff, 0xff, 0xff, 0x59, 0xf2, 0x0, 0x0,
    0x0, 0xcf, 0x1, 0x55, 0x55, 0x5f, 0xe1, 0x9f,
    0x20, 0x0, 0x0, 0xb, 0xf1, 0x0, 0x0, 0xa,
    0xf3, 0x9, 0xf2, 0x0, 0x0, 0x0, 0xbf, 0x0,
    0x0, 0x7, 0xf5, 0x0, 0x9f, 0x20, 0x0, 0x0,
    0xc, 0xf0, 0x0, 0x4, 0xf8, 0x0, 0x9, 0xf2,
    0x0, 0x0, 0x0, 0xfc, 0x0, 0x2, 0xfb, 0x0,
    0x0, 0x9f, 0x20, 0x0, 0x0, 0x6f, 0x70, 0x1,
    0xdd, 0x0, 0x0, 0x9, 0xf2, 0x0, 0x0, 0x3e,
    0xf1, 0x0, 0xbf, 0x20, 0x0, 0x0, 0x9f, 0xa9,
    0x9a, 0xcf, 0xf4, 0x0, 0x7f, 0xc9, 0x99, 0x99,
    0x59, 0xff, 0xff, 0xfd, 0x92, 0x0, 0xa, 0xff,
    0xff, 0xff, 0xf9,

    /* U+01F3 "ǳ" */
    0x0, 0x0, 0x0, 0xd, 0xc0, 0x0, 0x0, 0x0,
    0x0, 0x0, 0x0, 0x0, 0x0, 0xdc, 0x0, 0x0,
    0x0, 0x0, 0x0, 0x0, 0x0, 0x0, 0xd, 0xc0,
    0x0, 0x0, 0x0, 0x0, 0x0, 0x0, 0x0, 0x0,
    0xdc, 0x0, 0x0, 0x0, 0x0, 0x0, 0x0, 0x5d,
    0xfd, 0x5d, 0xc0, 0x5f, 0xff, 0xff, 0xff, 0x50,
    0x5f, 0xc6, 0x7f, 0xfc, 0x1, 0x55, 0x55, 0x6f,
    0xf2, 0xe, 0xd0, 0x0, 0x5f, 0xc0, 0x0, 0x0,
    0xa, 0xf5, 0x3, 0xf7, 0x0, 0x0, 0xec, 0x0,
    0x0, 0x7, 0xf8, 0x0, 0x5f, 0x50, 0x0, 0xc,
    0xc0, 0x0, 0x4, 0xfb, 0x0, 0x5, 0xf4, 0x0,
    0x0, 0xbc, 0x0, 0x2, 0xfd, 0x0, 0x0, 0x2f,
    0x60, 0x0, 0xd, 0xc0, 0x0, 0xde, 0x20, 0x0,
    0x0, 0xdc, 0x0, 0x3, 0xfc, 0x0, 0xbf, 0x40,
    0x0, 0x0, 0x4, 0xfa, 0x34, 0xef, 0xc0, 0x7f,
    0xc6, 0x66, 0x66, 0x30, 0x4, 0xcf, 0xe7, 0xbc,
    0xa, 0xff, 0xff, 0xff, 0xf9,

    /* U+01F4 "Ǵ" */
    0x0, 0x0, 0x0, 0x1f, 0xd0, 0x0, 0x0, 0x0,
    0x0, 0x8, 0xf2, 0x0, 0x0, 0x0, 0x0, 0x0,
    0x84, 0x0, 0x0, 0x0, 0x0, 0x5, 0xbe, 0xfe,
    0xa3, 0x0, 0x0, 0x1c, 0xfd, 0x99, 0xbf, 0xf6,
    0x0, 0xb, 0xf7, 0x0, 0x0, 0x2e, 0xf1, 0x4,
    0xf9, 0x0, 0x0, 0x0, 0x4f, 0x70, 0xaf, 0x10,
    0x0, 0x0, 0x0, 0x61, 0xe, 0xd0, 0x0, 0x0,
    0x0, 0x0, 0x0, 0xfb, 0x0, 0x0, 0x0, 0x0,
    0x0, 0xf, 0xb0, 0x0, 0x9, 0xff, 0xff, 0xd0,
    0xed, 0x0, 0x0, 0x59, 0x99, 0xed, 0xb, 0xf1,
    0x0, 0x0, 0x0, 0xc, 0xd0, 0x5f, 0xa0, 0x0,
    0x0, 0x0, 0xcd, 0x0, 0xbf, 0x91, 0x0, 0x1,
    0x8f, 0xd0, 0x0, 0xbf, 0xfb, 0xab, 0xff, 0xd2,
    0x0, 0x0, 0x5b, 0xef, 0xeb, 0x50, 0x0,

    /* U+01F5 "ǵ" */
    0x0, 0x0, 0x6f, 0x80, 0x0, 0x0, 0xd, 0xc0,
    0x0, 0x0, 0x2, 0x91, 0x0, 0x0, 0x0, 0x0,
    0x0, 0x0, 0x0, 0x5d, 0xfd, 0x69, 0xd0, 0x5f,
    0xc6, 0x8f, 0xed, 0xe, 0xd0, 0x0, 0x4f, 0xd3,
    0xf7, 0x0, 0x0, 0xdd, 0x5f, 0x40, 0x0, 0xb,
    0xd5, 0xf4, 0x0, 0x0, 0xad, 0x3f, 0x60, 0x0,
    0xd, 0xd0, 0xec, 0x0, 0x3, 0xfd, 0x5, 0xfc,
    0x68, 0xff, 0xd0, 0x5, 0xdf, 0xd6, 0xcd, 0x1,
    0x0, 0x0, 0xd, 0xb0, 0xf9, 0x0, 0x2, 0xf8,
    0xa, 0xf9, 0x67, 0xee, 0x10, 0x8, 0xdf, 0xea,
    0x10,

    /* U+01FA "Ǻ" */
    0x0, 0x0, 0x0, 0x19, 0x70, 0x0, 0x0, 0x0,
    0x0, 0x0, 0x8f, 0x40, 0x0, 0x0, 0x0, 0x0,
    0x0, 0xe7, 0x0, 0x0, 0x0, 0x0, 0x0, 0x0,
    0x0, 0x0, 0x0, 0x0, 0x0, 0x0, 0x2, 0xb9,
    0x0, 0x0, 0x0, 0x0, 0x0, 0xa, 0x26, 0x60,
    0x0, 0x0, 0x0, 0x0, 0x8, 0xff, 0x30, 0x0,
    0x0, 0x0, 0x0, 0x5, 0xff, 0x10, 0x0, 0x0,
    0x0, 0x0, 0xb, 0x9e, 0x70, 0x0, 0x0, 0x0,
    0x0, 0x1f, 0x5a, 0xd0, 0x0, 0x0, 0x0, 0x0,
    0x7f, 0x15, 0xf3, 0x0, 0x0, 0x0, 0x0, 0xdc,
    0x0, 0xfa, 0x0, 0x0, 0x0, 0x3, 0xf7, 0x0,
    0xbf, 0x10, 0x0, 0x0, 0x9, 0xf2, 0x0, 0x6f,
    0x70, 0x0, 0x0, 0xe, 0xd1, 0x11, 0x3f, 0xd0,
    0x0, 0x0, 0x5f, 0xff, 0xff, 0xff, 0xf3, 0x0,
    0x0, 0xbf, 0x54, 0x44, 0x47, 0xfa, 0x0, 0x1,
    0xfb, 0x0, 0x0, 0x0, 0xef, 0x10, 0x7, 0xf5,
    0x0, 0x0, 0x0, 0x8f, 0x60, 0xd, 0xf0, 0x0,
    0x0, 0x0, 0x1f, 0xd0,

    /* U+01FB "ǻ" */
    0x0, 0x0, 0x8, 0x90, 0x0, 0x0, 0x0, 0x4f,
    0x70, 0x0, 0x0, 0x0, 0xbb, 0x0, 0x0, 0x0,
    0x0, 0x0, 0x0, 0x0, 0x0, 0x3, 0xbb, 0x30,
    0x0, 0x0, 0x8, 0x22, 0x80, 0x0, 0x0, 0x1,
    0xaa, 0x10, 0x0, 0x0, 0x0, 0x0, 0x0, 0x0,
    0x0, 0x5c, 0xef, 0xd7, 0x0, 0x6, 0xfb, 0x66,
    0xbf, 0x70, 0xd, 0xc0, 0x0, 0xe, 0xb0, 0x1,
    0x10, 0x0, 0xd, 0xc0, 0x0, 0x38, 0xad, 0xff,
    0xc0, 0x9, 0xfe, 0xb8, 0x4d, 0xc0, 0x2f, 0xb0,
    0x0, 0xe, 0xc0, 0x4f, 0x60, 0x0, 0x3f, 0xc0,
    0x1e, 0xd3, 0x25, 0xef, 0xd0, 0x3, 0xcf, 0xfb,
    0x48, 0xf1,

    /* U+01FC "Ǽ" */
    0x0, 0x0, 0x0, 0x0, 0x0, 0x1f, 0xc0, 0x0,
    0x0, 0x0, 0x0, 0x0, 0x0, 0x8, 0xf2, 0x0,
    0x0, 0x0, 0x0, 0x0, 0x0, 0x0, 0x84, 0x0,
    0x0, 0x0, 0x0, 0x0, 0xf, 0xff, 0xff, 0xff,
    0xff, 0xfc, 0x0, 0x0, 0x7, 0xfb, 0xcf, 0xb9,
    0x99, 0x99, 0x70, 0x0, 0x0, 0xee, 0x6, 0xf4,
    0x0, 0x0, 0x0, 0x0, 0x0, 0x5f, 0x70, 0x6f,
    0x40, 0x0, 0x0, 0x0, 0x0, 0xc, 0xf1, 0x6,
    0xf4, 0x0, 0x0, 0x0, 0x0, 0x3, 0xf9, 0x0,
    0x6f, 0x40, 0x0, 0x0, 0x0, 0x0, 0xaf, 0x20,
    0x6, 0xfb, 0x99, 0x99, 0x93, 0x0, 0x2f, 0xb0,
    0x0, 0x6f, 0xff, 0xff, 0xff, 0x50, 0x8, 0xfc,
    0x99, 0x9c, 0xf4, 0x0, 0x0, 0x0, 0x0, 0xff,
    0xff, 0xff, 0xff, 0x40, 0x0, 0x0, 0x0, 0x7f,
    0x60, 0x0, 0x6, 0xf4, 0x0, 0x0, 0x0, 0xe,
    0xe0, 0x0, 0x0, 0x6f, 0x40, 0x0, 0x0, 0x5,
    0xf8, 0x0, 0x0, 0x6, 0xfb, 0x99, 0x99, 0x99,
    0xcf, 0x10, 0x0, 0x0, 0x6f, 0xff, 0xff, 0xff,
    0xf0,

    /* U+01FD "ǽ" */
    0x0, 0x0, 0x0, 0x5, 0xf9, 0x0, 0x0, 0x0,
    0x0, 0x0, 0x0, 0xc, 0xc0, 0x0, 0x0, 0x0,
    0x0, 0x0, 0x0, 0x19, 0x20, 0x0, 0x0, 0x0,
    0x0, 0x0, 0x0, 0x0, 0x0, 0x0, 0x0, 0x0,
    0x0, 0x6c, 0xff, 0xc5, 0x1a, 0xef, 0xc4, 0x0,
    0x7, 0xf9, 0x66, 0xcf, 0xed, 0x76, 0xbf, 0x40,
    0xe, 0xa0, 0x0, 0x2f, 0xe1, 0x0, 0xc, 0xd0,
    0x0, 0x0, 0x1, 0x5f, 0xa1, 0x11, 0x17, 0xf2,
    0x0, 0x6b, 0xef, 0xff, 0xff, 0xff, 0xff, 0xf3,
    0xc, 0xfa, 0x74, 0x1f, 0xb4, 0x44, 0x44, 0x41,
    0x4f, 0x70, 0x0, 0x1f, 0xa0, 0x0, 0x3, 0x50,
    0x5f, 0x60, 0x0, 0x8f, 0xe1, 0x0, 0xc, 0xe0,
    0x1e, 0xe7, 0x6b, 0xf6, 0xee, 0x87, 0xcf, 0x50,
    0x3, 0xcf, 0xea, 0x20, 0x1a, 0xef, 0xc5, 0x0,

    /* U+01FE "Ǿ" */
    0x0, 0x0, 0x0, 0x1f, 0xd0, 0x0, 0x0, 0x0,
    0x0, 0x0, 0x7f, 0x20, 0x0, 0x0, 0x0, 0x0,
    0x0, 0x74, 0x0, 0x0, 0x0, 0x0, 0x0, 0x7c,
    0xff, 0xc7, 0x3, 0xe2, 0x0, 0x1d, 0xfd, 0x99,
    0xdf, 0xde, 0x80, 0x0, 0xdf, 0x60, 0x0, 0x6,
    0xff, 0x0, 0x6, 0xf7, 0x0, 0x0, 0xb, 0xef,
    0x70, 0xc, 0xf0, 0x0, 0x0, 0x9e, 0x2f, 0xd0,
    0xf, 0xb0, 0x0, 0x6, 0xf2, 0xc, 0xf0, 0x1f,
    0xa0, 0x0, 0x4f, 0x40, 0xa, 0xf2, 0x2f, 0xa0,
    0x2, 0xf6, 0x0, 0x9, 0xf2, 0xf, 0xc0, 0x1e,
    0x80, 0x0, 0xb, 0xf0, 0xc, 0xf1, 0xcb, 0x0,
    0x0, 0xf, 0xd0, 0x6, 0xfe, 0xc0, 0x0, 0x0,
    0x7f, 0x70, 0x0, 0xef, 0x70, 0x0, 0x5, 0xfd,
    0x0, 0x6, 0xfd, 0xfd, 0x99, 0xcf, 0xd1, 0x0,
    0x1f, 0x50, 0x7c, 0xff, 0xd7, 0x0, 0x0, 0x1,
    0x0, 0x0, 0x0, 0x0, 0x0, 0x0,

    /* U+01FF "ǿ" */
    0x0, 0x0, 0x8f, 0x60, 0x0, 0x0, 0xf, 0xa0,
    0x0, 0x0, 0x3, 0x90, 0x0, 0x0, 0x0, 0x0,
    0x0, 0x11, 0x0, 0x8e, 0xfd, 0x7b, 0x80, 0xcf,
    0x96, 0x9f, 0xf0, 0x6f, 0x70, 0x3, 0xff, 0x6b,
    0xf0, 0x1, 0xd5, 0xeb, 0xdc, 0x0, 0xb9, 0xc,
    0xdd, 0xc0, 0x7c, 0x0, 0xcd, 0xbf, 0x4e, 0x20,
    0xe, 0xb6, 0xff, 0x50, 0x7, 0xf6, 0xe, 0xf9,
    0x6a, 0xfc, 0x7, 0xc7, 0xdf, 0xe8, 0x0, 0x12,
    0x0, 0x0, 0x0, 0x0,

    /* U+0200 "Ȁ" */
    0x0, 0x6, 0xf8, 0x6f, 0x80, 0x0, 0x0, 0x0,
    0x0, 0xaf, 0xa, 0xe0, 0x0, 0x0, 0x0, 0x0,
    0x9, 0x30, 0x93, 0x0, 0x0, 0x0, 0x0, 0x3,
    0xfe, 0x0, 0x0, 0x0, 0x0, 0x0, 0x9, 0xff,
    0x50, 0x0, 0x0, 0x0, 0x0, 0xe, 0x9e, 0xb0,
    0x0, 0x0, 0x0, 0x0, 0x4f, 0x5a, 0xf1, 0x0,
    0x0, 0x0, 0x0, 0xaf, 0x15, 0xf7, 0x0, 0x0,
    0x0, 0x0, 0xfc, 0x0, 0xfd, 0x0, 0x0, 0x0,
    0x5, 0xf7, 0x0, 0xbf, 0x30, 0x0, 0x0, 0xb,
    0xf2, 0x0, 0x6f, 0x90, 0x0, 0x0, 0x1f, 0xd1,
    0x11, 0x3f, 0xe0, 0x0, 0x0, 0x6f, 0xff, 0xff,
    0xff, 0xf5, 0x0, 0x0, 0xcf, 0x54, 0x44, 0x47,
    0xfb, 0x0, 0x2, 0xfb, 0x0, 0x0, 0x0, 0xef,
    0x10, 0x7, 0xf5, 0x0, 0x0, 0x0, 0x8f, 0x70,
    0xd, 0xf0, 0x0, 0x0, 0x0, 0x1f, 0xd0,

    /* U+0201 "ȁ" */
    0x2, 0xfd, 0x2f, 0xd0, 0x0, 0x0, 0x5f, 0x45,
    0xf4, 0x0, 0x0, 0x7, 0x60, 0x75, 0x0, 0x0,
    0x0, 0x0, 0x0, 0x0, 0x0, 0x5c, 0xef, 0xd7,
    0x0, 0x6, 0xfb, 0x66, 0xbf, 0x70, 0xd, 0xc0,
    0x0, 0xe, 0xb0, 0x1, 0x10, 0x0, 0xd, 0xc0,
    0x0, 0x38, 0xad, 0xff, 0xc0, 0x9, 0xfe, 0xb8,
    0x4d, 0xc0, 0x2f, 0xb0, 0x0, 0xe, 0xc0, 0x4f,
    0x60, 0x0, 0x3f, 0xc0, 0x1e, 0xd3, 0x25, 0xef,
    0xd0, 0x3, 0xcf, 0xfb, 0x48, 0xf1,

    /* U+0202 "Ȃ" */
    0x0, 0x0, 0x9, 0xee, 0x70, 0x0, 0x0, 0x0,
    0x0, 0x7c, 0x34, 0xe4, 0x0, 0x0, 0x0, 0x0,
    0x21, 0x0, 0x21, 0x0, 0x0, 0x0, 0x0, 0x3,
    0xfe, 0x0, 0x0, 0x0, 0x0, 0x0, 0x9, 0xff,
    0x50, 0x0, 0x0, 0x0, 0x0, 0xe, 0x9e, 0xb0,
    0x0, 0x0, 0x0, 0x0, 0x4f, 0x5a, 0xf1, 0x0,
    0x0, 0x0, 0x0, 0xaf, 0x15, 0xf7, 0x0, 0x0,
    0x0, 0x0, 0xfc, 0x0, 0xfd, 0x0, 0x0, 0x0,
    0x5, 0xf7, 0x0, 0xbf, 0x30, 0x0, 0x0, 0xb,
    0xf2, 0x0, 0x6f, 0x90, 0x0, 0x0, 0x1f, 0xd1,
    0x11, 0x3f, 0xe0, 0x0, 0x0, 0x6f, 0xff, 0xff,
    0xff, 0xf5, 0x0, 0x0, 0xcf, 0x54, 0x44, 0x47,
    0xfb, 0x0, 0x2, 0xfb, 0x0, 0x0, 0x0, 0xef,
    0x10, 0x7, 0xf5, 0x0, 0x0, 0x0, 0x8f, 0x70,
    0xd, 0xf0, 0x0, 0x0, 0x0, 0x1f, 0xd0,

    /* U+0203 "ȃ" */
    0x0, 0x5, 0xdf, 0x90, 0x0, 0x0, 0x2f, 0x53,
    0xd7, 0x0, 0x0, 0x37, 0x0, 0x36, 0x0, 0x0,
    0x0, 0x0, 0x0, 0x0, 0x0, 0x5c, 0xef, 0xd7,
    0x0, 0x6, 0xfb, 0x66, 0xbf, 0x70, 0xd, 0xc0,
    0x0, 0xe, 0xb0, 0x1, 0x10, 0x0, 0xd, 0xc0,
    0x0, 0x38, 0xad, 0xff, 0xc0, 0x9, 0xfe, 0xb8,
    0x4d, 0xc0, 0x2f, 0xb0, 0x0, 0xe, 0xc0, 0x4f,
    0x60, 0x0, 0x3f, 0xc0, 0x1e, 0xd3, 0x25, 0xef,
    0xd0, 0x3, 0xcf, 0xfb, 0x48, 0xf1,

    /* U+0204 "Ȅ" */
    0x2, 0xfd, 0x2f, 0xc0, 0x0, 0x0, 0x5, 0xf4,
    0x6f, 0x40, 0x0, 0x0, 0x7, 0x60, 0x75, 0x0,
    0x9, 0xff, 0xff, 0xff, 0xff, 0xc0, 0x9f, 0xa9,
    0x99, 0x99, 0x97, 0x9, 0xf2, 0x0, 0x0, 0x0,
    0x0, 0x9f, 0x20, 0x0, 0x0, 0x0, 0x9, 0xf2,
    0x0, 0x0, 0x0, 0x0, 0x9f, 0x20, 0x0, 0x0,
    0x0, 0x9, 0xfa, 0x99, 0x99, 0x99, 0x20, 0x9f,
    0xff, 0xff, 0xff, 0xf4, 0x9, 0xf2, 0x0, 0x0,
    0x0, 0x0, 0x9f, 0x20, 0x0, 0x0, 0x0, 0x9,
    0xf2, 0x0, 0x0, 0x0, 0x0, 0x9f, 0x20, 0x0,
    0x0, 0x0, 0x9, 0xfa, 0x99, 0x99, 0x99, 0x90,
    0x9f, 0xff, 0xff, 0xff, 0xff, 0x0,

    /* U+0205 "ȅ" */
    0x2, 0xfd, 0x2f, 0xd0, 0x0, 0x0, 0x5f, 0x45,
    0xf4, 0x0, 0x0, 0x7, 0x60, 0x75, 0x0, 0x0,
    0x0, 0x0, 0x0, 0x0, 0x0, 0x3b, 0xff, 0xb3,
    0x0, 0x3, 0xfd, 0x76, 0xcf, 0x40, 0xc, 0xe0,
    0x0, 0xc, 0xd0, 0x1f, 0x91, 0x11, 0x17, 0xf2,
    0x4f, 0xff, 0xff, 0xff, 0xf4, 0x4f, 0x94, 0x44,
    0x44, 0x41, 0x2f, 0x90, 0x0, 0x2, 0x40, 0xd,
    0xf1, 0x0, 0xc, 0xe0, 0x4, 0xfe, 0x86, 0xcf,
    0x60, 0x0, 0x3b, 0xff, 0xc5, 0x0,

    /* U+0206 "Ȇ" */
    0x0, 0x4, 0xdf, 0xb1, 0x0, 0x0, 0x1, 0xf6,
    0x3a, 0xb0, 0x0, 0x0, 0x3, 0x0, 0x3, 0x0,
    0x9, 0xff, 0xff, 0xff, 0xff, 0xc0, 0x9f, 0xa9,
    0x99, 0x99, 0x97, 0x9, 0xf2, 0x0, 0x0, 0x0,
    0x0, 0x9f, 0x20, 0x0, 0x0, 0x0, 0x9, 0xf2,
    0x0, 0x0, 0x0, 0x0, 0x9f, 0x20, 0x0, 0x0,
    0x0, 0x9, 0xfa, 0x99, 0x99, 0x99, 0x20, 0x9f,
    0xff, 0xff, 0xff, 0xf4, 0x9, 0xf2, 0x0, 0x0,
    0x0, 0x0, 0x9f, 0x20, 0x0, 0x0, 0x0, 0x9,
    0xf2, 0x0, 0x0, 0x0, 0x0, 0x9f, 0x20, 0x0,
    0x0, 0x0, 0x9, 0xfa, 0x99, 0x99, 0x99, 0x90,
    0x9f, 0xff, 0xff, 0xff, 0xff, 0x0,

    /* U+0207 "ȇ" */
    0x0, 0x7, 0xee, 0x70, 0x0, 0x0, 0x4e, 0x44,
    0xe4, 0x0, 0x0, 0x45, 0x0, 0x55, 0x0, 0x0,
    0x0, 0x0, 0x0, 0x0, 0x0, 0x3b, 0xff, 0xb3,
    0x0, 0x3, 0xfd, 0x76, 0xcf, 0x40, 0xc, 0xe0,
    0x0, 0xc, 0xd0, 0x1f, 0x91, 0x11, 0x17, 0xf2,
    0x4f, 0xff, 0xff, 0xff, 0xf4, 0x4f, 0x94, 0x44,
    0x44, 0x41, 0x2f, 0x90, 0x0, 0x2, 0x40, 0xd,
    0xf1, 0x0, 0xc, 0xe0, 0x4, 0xfe, 0x86, 0xcf,
    0x60, 0x0, 0x3b, 0xff, 0xc5, 0x0,

    /* U+0208 "Ȉ" */
    0x9f, 0x5a, 0xf4, 0x0, 0xdc, 0xd, 0xb0, 0x2,
    0x91, 0x29, 0x0, 0x5, 0xf5, 0x0, 0x0, 0x5f,
    0x50, 0x0, 0x5, 0xf5, 0x0, 0x0, 0x5f, 0x50,
    0x0, 0x5, 0xf5, 0x0, 0x0, 0x5f, 0x50, 0x0,
    0x5, 0xf5, 0x0, 0x0, 0x5f, 0x50, 0x0, 0x5,
    0xf5, 0x0, 0x0, 0x5f, 0x50, 0x0, 0x5, 0xf5,
    0x0, 0x0, 0x5f, 0x50, 0x0, 0x5, 0xf5, 0x0,
    0x0, 0x5f, 0x50, 0x0,

    /* U+0209 "ȉ" */
    0x9f, 0x59, 0xf5, 0x0, 0xcc, 0xd, 0xc0, 0x2,
    0x91, 0x29, 0x10, 0x0, 0x0, 0x0, 0x0, 0x4f,
    0x40, 0x0, 0x4, 0xf4, 0x0, 0x0, 0x4f, 0x40,
    0x0, 0x4, 0xf4, 0x0, 0x0, 0x4f, 0x40, 0x0,
    0x4, 0xf4, 0x0, 0x0, 0x4f, 0x40, 0x0, 0x4,
    0xf4, 0x0, 0x0, 0x4f, 0x40, 0x0, 0x4, 0xf4,
    0x0,

    /* U+020A "Ȋ" */
    0x2, 0xcf, 0xc3, 0x0, 0xd8, 0x37, 0xe0, 0x3,
    0x0, 0x3, 0x0, 0x5, 0xf5, 0x0, 0x0, 0x5f,
    0x50, 0x0, 0x5, 0xf5, 0x0, 0x0, 0x5f, 0x50,
    0x0, 0x5, 0xf5, 0x0, 0x0, 0x5f, 0x50, 0x0,
    0x5, 0xf5, 0x0, 0x0, 0x5f, 0x50, 0x0, 0x5,
    0xf5, 0x0, 0x0, 0x5f, 0x50, 0x0, 0x5, 0xf5,
    0x0, 0x0, 0x5f, 0x50, 0x0, 0x5, 0xf5, 0x0,
    0x0, 0x5f, 0x50, 0x0,

    /* U+020B "ȋ" */
    0x2, 0xcf, 0xc2, 0x0, 0xd8, 0x38, 0xd0, 0x7,
    0x0, 0x7, 0x0, 0x0, 0x0, 0x0, 0x0, 0x4f,
    0x40, 0x0, 0x4, 0xf4, 0x0, 0x0, 0x4f, 0x40,
    0x0, 0x4, 0xf4, 0x0, 0x0, 0x4f, 0x40, 0x0,
    0x4, 0xf4, 0x0, 0x0, 0x4f, 0x40, 0x0, 0x4,
    0xf4, 0x0, 0x0, 0x4f, 0x40, 0x0, 0x4, 0xf4,
    0x0,

    /* U+020C "Ȍ" */
    0x0, 0x7, 0xf7, 0x7f, 0x60, 0x0, 0x0, 0x0,
    0x0, 0xbe, 0xb, 0xd0, 0x0, 0x0, 0x0, 0x0,
    0x19, 0x21, 0x92, 0x0, 0x0, 0x0, 0x0, 0x7c,
    0xff, 0xc7, 0x0, 0x0, 0x0, 0x1d, 0xfd, 0x99,
    0xcf, 0xd1, 0x0, 0x0, 0xdf, 0x60, 0x0, 0x6,
    0xfd, 0x0, 0x6, 0xf7, 0x0, 0x0, 0x0, 0x7f,
    0x70, 0xc, 0xf0, 0x0, 0x0, 0x0, 0xf, 0xd0,
    0xf, 0xc0, 0x0, 0x0, 0x0, 0xb, 0xf0, 0x1f,
    0xa0, 0x0, 0x0, 0x0, 0xa, 0xf2, 0x2f, 0xa0,
    0x0, 0x0, 0x0, 0xa, 0xf2, 0xf, 0xb0, 0x0,
    0x0, 0x0, 0xb, 0xf0, 0xc, 0xf0, 0x0, 0x0,
    0x0, 0xf, 0xd0, 0x6, 0xf7, 0x0, 0x0, 0x0,
    0x7f, 0x70, 0x0, 0xcf, 0x60, 0x0, 0x5, 0xfd,
    0x0, 0x0, 0x1d, 0xfc, 0x99, 0xcf, 0xd2, 0x0,
    0x0, 0x0, 0x7c, 0xff, 0xd7, 0x0, 0x0,

    /* U+020D "ȍ" */
    0x4, 0xfa, 0x5f, 0x90, 0x0, 0x0, 0x8f, 0x19,
    0xf1, 0x0, 0x0, 0x8, 0x40, 0x83, 0x0, 0x0,
    0x0, 0x0, 0x0, 0x0, 0x0, 0x3b, 0xff, 0xb3,
    0x0, 0x5, 0xfd, 0x77, 0xdf, 0x40, 0xe, 0xd0,
    0x0, 0xe, 0xe0, 0x3f, 0x70, 0x0, 0x7, 0xf3,
    0x5f, 0x40, 0x0, 0x4, 0xf5, 0x5f, 0x40, 0x0,
    0x4, 0xf5, 0x3f, 0x70, 0x0, 0x7, 0xf3, 0xe,
    0xe0, 0x0, 0xe, 0xe0, 0x5, 0xfd, 0x77, 0xdf,
    0x50, 0x0, 0x3b, 0xff, 0xb3, 0x0,

    /* U+020E "Ȏ" */
    0x0, 0x0, 0x8, 0xee, 0x70, 0x0, 0x0, 0x0,
    0x0, 0x5e, 0x44, 0xe5, 0x0, 0x0, 0x0, 0x0,
    0x33, 0x0, 0x33, 0x0, 0x0, 0x0, 0x0, 0x7c,
    0xff, 0xc7, 0x0, 0x0, 0x0, 0x1d, 0xfd, 0x99,
    0xcf, 0xd1, 0x0, 0x0, 0xdf, 0x60, 0x0, 0x6,
    0xfd, 0x0, 0x6, 0xf7, 0x0, 0x0, 0x0, 0x7f,
    0x70, 0xc, 0xf0, 0x0, 0x0, 0x0, 0xf, 0xd0,
    0xf, 0xc0, 0x0, 0x0, 0x0, 0xb, 0xf0, 0x1f,
    0xa0, 0x0, 0x0, 0x0, 0xa, 0xf2, 0x2f, 0xa0,
    0x0, 0x0, 0x0, 0xa, 0xf2, 0xf, 0xb0, 0x0,
    0x0, 0x0, 0xb, 0xf0, 0xc, 0xf0, 0x0, 0x0,
    0x0, 0xf, 0xd0, 0x6, 0xf7, 0x0, 0x0, 0x0,
    0x7f, 0x70, 0x0, 0xcf, 0x60, 0x0, 0x5, 0xfd,
    0x0, 0x0, 0x1d, 0xfc, 0x99, 0xcf, 0xd2, 0x0,
    0x0, 0x0, 0x7c, 0xff, 0xd7, 0x0, 0x0,

    /* U+020F "ȏ" */
    0x0, 0x7, 0xee, 0x70, 0x0, 0x0, 0x4e, 0x44,
    0xe5, 0x0, 0x0, 0x45, 0x0, 0x55, 0x0, 0x0,
    0x0, 0x0, 0x0, 0x0, 0x0, 0x3b, 0xff, 0xb3,
    0x0, 0x5, 0xfd, 0x77, 0xdf, 0x40, 0xe, 0xd0,
    0x0, 0xe, 0xe0, 0x3f, 0x70, 0x0, 0x7, 0xf3,
    0x5f, 0x40, 0x0, 0x4, 0xf5, 0x5f, 0x40, 0x0,
    0x4, 0xf5, 0x3f, 0x70, 0x0, 0x7, 0xf3, 0xe,
    0xe0, 0x0, 0xe, 0xe0, 0x5, 0xfd, 0x77, 0xdf,
    0x50, 0x0, 0x3b, 0xff, 0xb3, 0x0,

    /* U+0210 "Ȑ" */
    0x3, 0xfb, 0x3f, 0xb0, 0x0, 0x0, 0x0, 0x7f,
    0x27, 0xf2, 0x0, 0x0, 0x0, 0x8, 0x50, 0x84,
    0x0, 0x0, 0x9f, 0xff, 0xff, 0xfe, 0xa2, 0x0,
    0x9f, 0x87, 0x77, 0x8b, 0xfe, 0x10, 0x9f, 0x20,
    0x0, 0x0, 0x7f, 0x70, 0x9f, 0x20, 0x0, 0x0,
    0x1f, 0xb0, 0x9f, 0x20, 0x0, 0x0, 0x2f, 0xa0,
    0x9f, 0x20, 0x0, 0x0, 0x9f, 0x60, 0x9f, 0xa9,
    0x99, 0xad, 0xfb, 0x0, 0x9f, 0xff, 0xff, 0xfb,
    0x50, 0x0, 0x9f, 0x20, 0x4, 0xee, 0x30, 0x0,
    0x9f, 0x20, 0x0, 0x3f, 0xe1, 0x0, 0x9f, 0x20,
    0x0, 0x7, 0xfa, 0x0, 0x9f, 0x20, 0x0, 0x0,
    0xdf, 0x40, 0x9f, 0x20, 0x0, 0x0, 0x4f, 0xd0,
    0x9f, 0x20, 0x0, 0x0, 0xa, 0xf7,

    /* U+0211 "ȑ" */
    0x6f, 0x86, 0xf8, 0x0, 0xaf, 0xa, 0xe0, 0x0,
    0x93, 0x9, 0x30, 0x0, 0x0, 0x0, 0xd, 0x99,
    0xfd, 0x10, 0xde, 0xd8, 0x90, 0xd, 0xf2, 0x0,
    0x0, 0xdd, 0x0, 0x0, 0xd, 0xc0, 0x0, 0x0,
    0xdb, 0x0, 0x0, 0xd, 0xb0, 0x0, 0x0, 0xdb,
    0x0, 0x0, 0xd, 0xb0, 0x0, 0x0, 0xdb, 0x0,
    0x0,

    /* U+0212 "Ȓ" */
    0x0, 0x7, 0xee, 0x90, 0x0, 0x0, 0x0, 0x5e,
    0x44, 0xd6, 0x0, 0x0, 0x0, 0x22, 0x0, 0x12,
    0x0, 0x0, 0x9f, 0xff, 0xff, 0xfe, 0xa2, 0x0,
    0x9f, 0x87, 0x77, 0x8b, 0xfe, 0x10, 0x9f, 0x20,
    0x0, 0x0, 0x7f, 0x70, 0x9f, 0x20, 0x0, 0x0,
    0x1f, 0xb0, 0x9f, 0x20, 0x0, 0x0, 0x2f, 0xa0,
    0x9f, 0x20, 0x0, 0x0, 0x9f, 0x60, 0x9f, 0xa9,
    0x99, 0xad, 0xfb, 0x0, 0x9f, 0xff, 0xff, 0xfb,
    0x50, 0x0, 0x9f, 0x20, 0x4, 0xee, 0x30, 0x0,
    0x9f, 0x20, 0x0, 0x3f, 0xe1, 0x0, 0x9f, 0x20,
    0x0, 0x7, 0xfa, 0x0, 0x9f, 0x20, 0x0, 0x0,
    0xdf, 0x40, 0x9f, 0x20, 0x0, 0x0, 0x4f, 0xd0,
    0x9f, 0x20, 0x0, 0x0, 0xa, 0xf7,

    /* U+0213 "ȓ" */
    0x4, 0xdf, 0xa1, 0x1, 0xf6, 0x3b, 0x90, 0x26,
    0x0, 0x26, 0x0, 0x0, 0x0, 0x0, 0xd, 0x99,
    0xfd, 0x10, 0xde, 0xd8, 0x90, 0xd, 0xf2, 0x0,
    0x0, 0xdd, 0x0, 0x0, 0xd, 0xc0, 0x0, 0x0,
    0xdb, 0x0, 0x0, 0xd, 0xb0, 0x0, 0x0, 0xdb,
    0x0, 0x0, 0xd, 0xb0, 0x0, 0x0, 0xdb, 0x0,
    0x0,

    /* U+0214 "Ȕ" */
    0x0, 0xaf, 0x4b, 0xf3, 0x0, 0x0, 0x0, 0xdb,
    0x1e, 0xa0, 0x0, 0x0, 0x3, 0x90, 0x39, 0x0,
    0x9, 0xf2, 0x0, 0x0, 0x2, 0xf9, 0x9f, 0x20,
    0x0, 0x0, 0x2f, 0x99, 0xf2, 0x0, 0x0, 0x2,
    0xf9, 0x9f, 0x20, 0x0, 0x0, 0x2f, 0x99, 0xf2,
    0x0, 0x0, 0x2, 0xf9, 0x9f, 0x20, 0x0, 0x0,
    0x2f, 0x99, 0xf2, 0x0, 0x0, 0x2, 0xf9, 0x9f,
    0x20, 0x0, 0x0, 0x2f, 0x88, 0xf2, 0x0, 0x0,
    0x2, 0xf8, 0x7f, 0x30, 0x0, 0x0, 0x4f, 0x75,
    0xf7, 0x0, 0x0, 0x7, 0xf5, 0x1f, 0xe2, 0x0,
    0x2, 0xee, 0x0, 0x6f, 0xfb, 0xac, 0xff, 0x50,
    0x0, 0x4b, 0xef, 0xeb, 0x30, 0x0,

    /* U+0215 "ȕ" */
    0x2f, 0xd2, 0xfd, 0x0, 0x5, 0xf4, 0x5f, 0x40,
    0x0, 0x76, 0x7, 0x50, 0x0, 0x0, 0x0, 0x0,
    0xdc, 0x0, 0x0, 0xdc, 0xdc, 0x0, 0x0, 0xdc,
    0xdc, 0x0, 0x0, 0xdc, 0xdc, 0x0, 0x0, 0xdc,
    0xdc, 0x0, 0x0, 0xdc, 0xdc, 0x0, 0x0, 0xdc,
    0xcc, 0x0, 0x0, 0xec, 0xbe, 0x0, 0x3, 0xfc,
    0x6f, 0xa3, 0x6e, 0xec, 0x7, 0xdf, 0xd5, 0xac,

    /* U+0216 "Ȗ" */
    0x0, 0x3, 0xcf, 0xc3, 0x0, 0x0, 0x0, 0xd8,
    0x38, 0xe0, 0x0, 0x0, 0x4, 0x0, 0x3, 0x0,
    0x9, 0xf2, 0x0, 0x0, 0x2, 0xf9, 0x9f, 0x20,
    0x0, 0x0, 0x2f, 0x99, 0xf2, 0x0, 0x0, 0x2,
    0xf9, 0x9f, 0x20, 0x0, 0x0, 0x2f, 0x99, 0xf2,
    0x0, 0x0, 0x2, 0xf9, 0x9f, 0x20, 0x0, 0x0,
    0x2f, 0x99, 0xf2, 0x0, 0x0, 0x2, 0xf9, 0x9f,
    0x20, 0x0, 0x0, 0x2f, 0x88, 0xf2, 0x0, 0x0,
    0x2, 0xf8, 0x7f, 0x30, 0x0, 0x0, 0x4f, 0x75,
    0xf7, 0x0, 0x0, 0x7, 0xf5, 0x1f, 0xe2, 0x0,
    0x2, 0xee, 0x0, 0x6f, 0xfb, 0xac, 0xff, 0x50,
    0x0, 0x4b, 0xef, 0xeb, 0x30, 0x0,

    /* U+0217 "ȗ" */
    0x0, 0x8e, 0xe7, 0x0, 0x5, 0xd3, 0x4e, 0x40,
    0x4, 0x30, 0x4, 0x30, 0x0, 0x0, 0x0, 0x0,
    0xdc, 0x0, 0x0, 0xdc, 0xdc, 0x0, 0x0, 0xdc,
    0xdc, 0x0, 0x0, 0xdc, 0xdc, 0x0, 0x0, 0xdc,
    0xdc, 0x0, 0x0, 0xdc, 0xdc, 0x0, 0x0, 0xdc,
    0xcc, 0x0, 0x0, 0xec, 0xbe, 0x0, 0x3, 0xfc,
    0x6f, 0xa3, 0x6e, 0xec, 0x7, 0xdf, 0xd5, 0xac,

    /* U+0218 "Ș" */
    0x0, 0x29, 0xef, 0xe9, 0x10, 0x0, 0x2e, 0xfb,
    0x9b, 0xfe, 0x20, 0x8, 0xf4, 0x0, 0x2, 0xfc,
    0x0, 0xbe, 0x0, 0x0, 0x8, 0xf2, 0x9, 0xf4,
    0x0, 0x0, 0x1, 0x0, 0x1d, 0xfb, 0x62, 0x0,
    0x0, 0x0, 0x6, 0xbf, 0xfd, 0x70, 0x0, 0x0,
    0x0, 0x4, 0xaf, 0xb0, 0x5, 0x30, 0x0, 0x0,
    0x6f, 0x50, 0xdd, 0x0, 0x0, 0x2, 0xf7, 0x7,
    0xf7, 0x0, 0x0, 0x7f, 0x50, 0xb, 0xfd, 0x99,
    0xcf, 0xc0, 0x0, 0x6, 0xcf, 0xfd, 0x70, 0x0,
    0x0, 0x0, 0x0, 0x0, 0x0, 0x0, 0x0, 0xa,
    0x80, 0x0, 0x0, 0x0, 0x0, 0xfc, 0x0, 0x0,
    0x0, 0x0, 0x9, 0x70, 0x0, 0x0, 0x0, 0x2,
    0xe0, 0x0, 0x0,

    /* U+0219 "ș" */
    0x0, 0x6d, 0xfe, 0xa2, 0x0, 0x6f, 0xc8, 0x9f,
    0xe0, 0xb, 0xd0, 0x0, 0x4f, 0x60, 0xbe, 0x0,
    0x0, 0x21, 0x4, 0xfe, 0xa6, 0x20, 0x0, 0x1,
    0x7b, 0xff, 0xb0, 0x4, 0x20, 0x0, 0x6f, 0x60,
    0xfb, 0x0, 0x2, 0xf7, 0x8, 0xfc, 0x88, 0xdf,
    0x30, 0x6, 0xdf, 0xeb, 0x30, 0x0, 0x0, 0x0,
    0x0, 0x0, 0x0, 0x1a, 0x70, 0x0, 0x0, 0x2,
    0xfa, 0x0, 0x0, 0x0, 0xb, 0x50, 0x0, 0x0,
    0x3, 0xd0, 0x0, 0x0,

    /* U+021A "Ț" */
    0xcf, 0xff, 0xff, 0xff, 0xfb, 0x68, 0x88, 0xee,
    0x88, 0x86, 0x0, 0x0, 0xdb, 0x0, 0x0, 0x0,
    0x0, 0xdb, 0x0, 0x0, 0x0, 0x0, 0xdb, 0x0,
    0x0, 0x0, 0x0, 0xdb, 0x0, 0x0, 0x0, 0x0,
    0xdb, 0x0, 0x0, 0x0, 0x0, 0xdb, 0x0, 0x0,
    0x0, 0x0, 0xdb, 0x0, 0x0, 0x0, 0x0, 0xdb,
    0x0, 0x0, 0x0, 0x0, 0xdb, 0x0, 0x0, 0x0,
    0x0, 0xdb, 0x0, 0x0, 0x0, 0x0, 0xdb, 0x0,
    0x0, 0x0, 0x0, 0x0, 0x0, 0x0, 0x0, 0x0,
    0x99, 0x0, 0x0, 0x0, 0x0, 0xfd, 0x0, 0x0,
    0x0, 0x0, 0x88, 0x0, 0x0, 0x0, 0x1, 0xe1,
    0x0, 0x0,

    /* U+021B "ț" */
    0x0, 0x47, 0x0, 0x0, 0x9, 0xe0, 0x0, 0xf,
    0xff, 0xff, 0x70, 0x5f, 0xf5, 0x52, 0x0, 0x9e,
    0x0, 0x0, 0x9, 0xe0, 0x0, 0x0, 0x9e, 0x0,
    0x0, 0x9, 0xe0, 0x0, 0x0, 0x9e, 0x0, 0x0,
    0x9, 0xe0, 0x0, 0x0, 0x7f, 0x85, 0x20, 0x0,
    0xaf, 0xf7, 0x0, 0x0, 0x0, 0x0, 0x0, 0x7a,
    0x10, 0x0, 0xb, 0xf1, 0x0, 0x0, 0x4c, 0x0,
    0x0, 0xc, 0x40, 0x0,

    /* U+0237 "ȷ" */
    0x0, 0x4f, 0x30, 0x4, 0xf3, 0x0, 0x4f, 0x30,
    0x4, 0xf3, 0x0, 0x4f, 0x30, 0x4, 0xf3, 0x0,
    0x4f, 0x30, 0x4, 0xf3, 0x0, 0x4f, 0x30, 0x4,
    0xf3, 0x0, 0x4f, 0x30, 0x5b, 0xf1, 0x1f, 0xe7,
    0x0,

    /* U+1E00 "Ḁ" */
    0x0, 0x0, 0x3, 0xfe, 0x0, 0x0, 0x0, 0x0,
    0x0, 0x9, 0xff, 0x50, 0x0, 0x0, 0x0, 0x0,
    0xe, 0x9e, 0xb0, 0x0, 0x0, 0x0, 0x0, 0x4f,
    0x5a, 0xf1, 0x0, 0x0, 0x0, 0x0, 0xaf, 0x15,
    0xf7, 0x0, 0x0, 0x0, 0x0, 0xfc, 0x0, 0xfd,
    0x0, 0x0, 0x0, 0x5, 0xf7, 0x0, 0xbf, 0x30,
    0x0, 0x0, 0xb, 0xf2, 0x0, 0x6f, 0x90, 0x0,
    0x0, 0x1f, 0xd1, 0x11, 0x3f, 0xe0, 0x0, 0x0,
    0x6f, 0xff, 0xff, 0xff, 0xf5, 0x0, 0x0, 0xcf,
    0x54, 0x44, 0x47, 0xfb, 0x0, 0x2, 0xfb, 0x0,
    0x0, 0x0, 0xef, 0x10, 0x7, 0xf5, 0x0, 0x0,
    0x0, 0x8f, 0x70, 0xd, 0xf0, 0x0, 0x0, 0x0,
    0x1f, 0xd0, 0x0, 0x0, 0x2, 0xa8, 0x0, 0x0,
    0x0, 0x0, 0x0, 0x9, 0x15, 0x50, 0x0, 0x0,
    0x0, 0x0, 0xa, 0x4, 0x50, 0x0, 0x0, 0x0,
    0x0, 0x3, 0xba, 0x0, 0x0, 0x0,

    /* U+1E01 "ḁ" */
    0x0, 0x5c, 0xef, 0xd7, 0x0, 0x6, 0xfb, 0x66,
    0xbf, 0x70, 0xd, 0xc0, 0x0, 0xe, 0xb0, 0x1,
    0x10, 0x0, 0xd, 0xc0, 0x0, 0x38, 0xad, 0xff,
    0xc0, 0x9, 0xfe, 0xb8, 0x4d, 0xc0, 0x2f, 0xb0,
    0x0, 0xe, 0xc0, 0x4f, 0x60, 0x0, 0x3f, 0xc0,
    0x1e, 0xd3, 0x25, 0xef, 0xd0, 0x3, 0xcf, 0xfb,
    0x48, 0xf1, 0x0, 0x4, 0xa6, 0x0, 0x0, 0x0,
    0xa, 0x9, 0x10, 0x0, 0x0, 0xa, 0x8, 0x20,
    0x0, 0x0, 0x6, 0xb8, 0x0, 0x0,

    /* U+1E02 "Ḃ" */
    0x0, 0x1, 0xe7, 0x0, 0x0, 0x0, 0x0, 0x1f,
    0x80, 0x0, 0x0, 0x0, 0x0, 0x0, 0x0, 0x0,
    0xa, 0xff, 0xff, 0xfd, 0x80, 0x0, 0xaf, 0xa9,
    0x9a, 0xdf, 0xb0, 0xa, 0xf0, 0x0, 0x0, 0x9f,
    0x30, 0xaf, 0x0, 0x0, 0x4, 0xf6, 0xa, 0xf0,
    0x0, 0x0, 0x5f, 0x40, 0xaf, 0x0, 0x0, 0x3d,
    0xc0, 0xa, 0xff, 0xff, 0xff, 0xe2, 0x0, 0xaf,
    0xa9, 0x9a, 0xcf, 0xe3, 0xa, 0xf0, 0x0, 0x0,
    0x4f, 0xc0, 0xaf, 0x0, 0x0, 0x0, 0xcf, 0xa,
    0xf0, 0x0, 0x0, 0xc, 0xf0, 0xaf, 0x0, 0x0,
    0x3, 0xfc, 0xa, 0xfa, 0x99, 0x9b, 0xff, 0x30,
    0xaf, 0xff, 0xff, 0xea, 0x30, 0x0,

    /* U+1E03 "ḃ" */
    0x0, 0x7, 0xe1, 0x0, 0x0, 0x0, 0x8f, 0x10,
    0x0, 0x0, 0x0, 0x0, 0x0, 0xc, 0xc0, 0x0,
    0x0, 0x0, 0xcc, 0x0, 0x0, 0x0, 0xc, 0xc0,
    0x0, 0x0, 0x0, 0xcc, 0x0, 0x0, 0x0, 0xc,
    0xc5, 0xdf, 0xc4, 0x0, 0xcf, 0xf7, 0x6c, 0xf4,
    0xc, 0xf5, 0x0, 0xe, 0xd0, 0xcd, 0x0, 0x0,
    0x8f, 0x2c, 0xb0, 0x0, 0x5, 0xf4, 0xcb, 0x0,
    0x0, 0x6f, 0x4c, 0xc0, 0x0, 0x8, 0xf2, 0xcf,
    0x30, 0x1, 0xed, 0xc, 0xef, 0x87, 0xdf, 0x30,
    0xcb, 0x6e, 0xfc, 0x30, 0x0,

    /* U+1E04 "Ḅ" */
    0xaf, 0xff, 0xff, 0xd8, 0x0, 0xa, 0xfa, 0x99,
    0xad, 0xfb, 0x0, 0xaf, 0x0, 0x0, 0x9, 0xf3,
    0xa, 0xf0, 0x0, 0x0, 0x4f, 0x60, 0xaf, 0x0,
    0x0, 0x5, 0xf4, 0xa, 0xf0, 0x0, 0x3, 0xdc,
    0x0, 0xaf, 0xff, 0xff, 0xfe, 0x20, 0xa, 0xfa,
    0x99, 0xac, 0xfe, 0x30, 0xaf, 0x0, 0x0, 0x4,
    0xfc, 0xa, 0xf0, 0x0, 0x0, 0xc, 0xf0, 0xaf,
    0x0, 0x0, 0x0, 0xcf, 0xa, 0xf0, 0x0, 0x0,
    0x3f, 0xc0, 0xaf, 0xa9, 0x99, 0xbf, 0xf3, 0xa,
    0xff, 0xff, 0xfe, 0xa3, 0x0, 0x0, 0x0, 0x0,
    0x0, 0x0, 0x0, 0x0, 0x0, 0x0, 0x0, 0x0,
    0x0, 0x2, 0xe6, 0x0, 0x0, 0x0, 0x0, 0x2f,
    0x70, 0x0, 0x0,

    /* U+1E05 "ḅ" */
    0xcc, 0x0, 0x0, 0x0, 0xc, 0xc0, 0x0, 0x0,
    0x0, 0xcc, 0x0, 0x0, 0x0, 0xc, 0xc0, 0x0,
    0x0, 0x0, 0xcc, 0x5d, 0xfc, 0x40, 0xc, 0xff,
    0x76, 0xcf, 0x40, 0xcf, 0x50, 0x0, 0xed, 0xc,
    0xd0, 0x0, 0x8, 0xf2, 0xcb, 0x0, 0x0, 0x5f,
    0x4c, 0xb0, 0x0, 0x6, 0xf4, 0xcc, 0x0, 0x0,
    0x8f, 0x2c, 0xf3, 0x0, 0x1e, 0xd0, 0xce, 0xf8,
    0x7d, 0xf3, 0xc, 0xb6, 0xef, 0xc3, 0x0, 0x0,
    0x0, 0x0, 0x0, 0x0, 0x0, 0x0, 0x0, 0x0,
    0x0, 0xb, 0xc0, 0x0, 0x0, 0x0, 0xcd, 0x0,
    0x0,

    /* U+1E06 "Ḇ" */
    0xaf, 0xff, 0xff, 0xd8, 0x0, 0xa, 0xfa, 0x99,
    0xad, 0xfb, 0x0, 0xaf, 0x0, 0x0, 0xb, 0xf3,
    0xa, 0xf0, 0x0, 0x0, 0x5f, 0x60, 0xaf, 0x0,
    0x0, 0x4, 0xf4, 0xa, 0xf0, 0x0, 0x0, 0x6c,
    0x0, 0xaf, 0x0, 0x0, 0x3d, 0x20, 0xa, 0xff,
    0xff, 0xff, 0xfe, 0x30, 0xaf, 0xa9, 0x9a, 0xbf,
    0xfc, 0xa, 0xf0, 0x0, 0x0, 0x2f, 0xf0, 0xaf,
    0x0, 0x0, 0x0, 0xbf, 0xa, 0xf0, 0x0, 0x0,
    0x2e, 0xc0, 0xaf, 0xa9, 0x99, 0xbf, 0xf3, 0xa,
    0xff, 0xff, 0xfe, 0xa3, 0x0, 0x0, 0x0, 0x0,
    0x0, 0x0, 0x0, 0x0, 0x0, 0x0, 0x0, 0x0,
    0x1, 0x66, 0x66, 0x61, 0x0, 0x0, 0x5f, 0xff,
    0xff, 0x20, 0x0,

    /* U+1E07 "ḇ" */
    0xcc, 0x0, 0x0, 0x0, 0xc, 0xc0, 0x0, 0x0,
    0x0, 0xcc, 0x0, 0x0, 0x0, 0xc, 0xc0, 0x0,
    0x0, 0x0, 0xcc, 0x5d, 0xfc, 0x40, 0xc, 0xff,
    0x76, 0xcf, 0x40, 0xcf, 0x50, 0x0, 0xed, 0xc,
    0xd0, 0x0, 0x8, 0xf2, 0xcb, 0x0, 0x0, 0x5f,
    0x4c, 0xb0, 0x0, 0x6, 0xf4, 0xcc, 0x0, 0x0,
    0x8f, 0x2c, 0xf3, 0x0, 0x1e, 0xd0, 0xce, 0xf8,
    0x7d, 0xf3, 0xc, 0xb6, 0xef, 0xc3, 0x0, 0x0,
    0x0, 0x0, 0x0, 0x0, 0x0, 0x0, 0x0, 0x0,
    0x5, 0x66, 0x66, 0x30, 0x0, 0xff, 0xff, 0xf8,
    0x0,

    /* U+1E08 "Ḉ" */
    0x0, 0x0, 0x0, 0x1f, 0xd0, 0x0, 0x0, 0x0,
    0x0, 0x7, 0xf2, 0x0, 0x0, 0x0, 0x0, 0x0,
    0x74, 0x0, 0x0, 0x0, 0x0, 0x7, 0xcf, 0xfc,
    0x60, 0x0, 0x0, 0x2d, 0xfc, 0x99, 0xdf, 0xa0,
    0x0, 0xd, 0xf5, 0x0, 0x0, 0xaf, 0x60, 0x6,
    0xf7, 0x0, 0x0, 0x0, 0xed, 0x0, 0xcf, 0x10,
    0x0, 0x0, 0x3, 0x10, 0xf, 0xc0, 0x0, 0x0,
    0x0, 0x0, 0x0, 0xfb, 0x0, 0x0, 0x0, 0x0,
    0x0, 0xf, 0xb0, 0x0, 0x0, 0x0, 0x0, 0x0,
    0xfc, 0x0, 0x0, 0x0, 0x0, 0x0, 0xc, 0xf0,
    0x0, 0x0, 0x0, 0x8b, 0x20, 0x6f, 0x60, 0x0,
    0x0, 0xe, 0xf0, 0x0, 0xef, 0x30, 0x0, 0xa,
    0xf8, 0x0, 0x3, 0xef, 0xb8, 0x9e, 0xfc, 0x0,
    0x0, 0x1, 0x9e, 0xff, 0xd7, 0x0, 0x0, 0x0,
    0x0, 0x3f, 0x50, 0x0, 0x0, 0x0, 0x0, 0x2,
    0x9f, 0x50, 0x0, 0x0, 0x0, 0x1, 0x25, 0xf7,
    0x0, 0x0, 0x0, 0x0, 0x7f, 0xe9, 0x0, 0x0,
    0x0,

    /* U+1E09 "ḉ" */
    0x0, 0x0, 0x1f, 0xd0, 0x0, 0x0, 0x7, 0xf2,
    0x0, 0x0, 0x0, 0x85, 0x0, 0x0, 0x0, 0x0,
    0x0, 0x0, 0x0, 0x3b, 0xfe, 0xa2, 0x0, 0x3f,
    0xd6, 0x7e, 0xe1, 0xc, 0xe0, 0x0, 0x3f, 0x71,
    0xf8, 0x0, 0x0, 0x41, 0x4f, 0x60, 0x0, 0x0,
    0x4, 0xf5, 0x0, 0x0, 0x0, 0x2f, 0x70, 0x0,
    0x5, 0x40, 0xec, 0x0, 0x0, 0xf9, 0x7, 0xf8,
    0x11, 0xaf, 0x30, 0x9, 0xff, 0xff, 0x60, 0x0,
    0x2, 0xf6, 0x0, 0x0, 0x0, 0x1a, 0xf3, 0x0,
    0x0, 0x2, 0x3f, 0x60, 0x0, 0x0, 0xff, 0xa0,
    0x0,

    /* U+1E0A "Ḋ" */
    0x0, 0x0, 0x8e, 0x0, 0x0, 0x0, 0x0, 0x0,
    0xaf, 0x0, 0x0, 0x0, 0x0, 0x0, 0x0, 0x0,
    0x0, 0x0, 0x9f, 0xff, 0xff, 0xeb, 0x30, 0x0,
    0x9f, 0xa9, 0x9a, 0xbf, 0xf5, 0x0, 0x9f, 0x20,
    0x0, 0x2, 0xef, 0x10, 0x9f, 0x20, 0x0, 0x0,
    0x5f, 0x80, 0x9f, 0x20, 0x0, 0x0, 0xe, 0xd0,
    0x9f, 0x20, 0x0, 0x0, 0xc, 0xf0, 0x9f, 0x20,
    0x0, 0x0, 0xb, 0xf1, 0x9f, 0x20, 0x0, 0x0,
    0xb, 0xf0, 0x9f, 0x20, 0x0, 0x0, 0xc, 0xf0,
    0x9f, 0x20, 0x0, 0x0, 0xf, 0xc0, 0x9f, 0x20,
    0x0, 0x0, 0x6f, 0x70, 0x9f, 0x20, 0x0, 0x3,
    0xef, 0x10, 0x9f, 0xa9, 0x9a, 0xcf, 0xf4, 0x0,
    0x9f, 0xff, 0xff, 0xd9, 0x20, 0x0,

    /* U+1E0B "ḋ" */
    0x0, 0x0, 0xd9, 0x0, 0x0, 0x0, 0xf, 0xa0,
    0x0, 0x0, 0x0, 0x0, 0x0, 0x0, 0x0, 0x0,
    0x0, 0xdc, 0x0, 0x0, 0x0, 0xd, 0xc0, 0x0,
    0x0, 0x0, 0xdc, 0x0, 0x0, 0x0, 0xd, 0xc0,
    0x5, 0xdf, 0xd5, 0xdc, 0x5, 0xfc, 0x67, 0xff,
    0xc0, 0xed, 0x0, 0x5, 0xfc, 0x3f, 0x70, 0x0,
    0xe, 0xc5, 0xf5, 0x0, 0x0, 0xcc, 0x5f, 0x40,
    0x0, 0xb, 0xc2, 0xf6, 0x0, 0x0, 0xdc, 0xd,
    0xc0, 0x0, 0x3f, 0xc0, 0x4f, 0xa3, 0x4e, 0xfc,
    0x0, 0x4c, 0xfe, 0x7b, 0xc0,

    /* U+1E0C "Ḍ" */
    0x9f, 0xff, 0xff, 0xeb, 0x30, 0x0, 0x9f, 0xa9,
    0x9a, 0xbf, 0xf5, 0x0, 0x9f, 0x20, 0x0, 0x2,
    0xef, 0x10, 0x9f, 0x20, 0x0, 0x0, 0x5f, 0x80,
    0x9f, 0x20, 0x0, 0x0, 0xe, 0xd0, 0x9f, 0x20,
    0x0, 0x0, 0xc, 0xf0, 0x9f, 0x20, 0x0, 0x0,
    0xb, 0xf1, 0x9f, 0x20, 0x0, 0x0, 0xb, 0xf0,
    0x9f, 0x20, 0x0, 0x0, 0xc, 0xf0, 0x9f, 0x20,
    0x0, 0x0, 0xf, 0xc0, 0x9f, 0x20, 0x0, 0x0,
    0x6f, 0x70, 0x9f, 0x20, 0x0, 0x3, 0xef, 0x10,
    0x9f, 0xa9, 0x9a, 0xcf, 0xf4, 0x0, 0x9f, 0xff,
    0xff, 0xd9, 0x20, 0x0, 0x0, 0x0, 0x0, 0x0,
    0x0, 0x0, 0x0, 0x0, 0x0, 0x0, 0x0, 0x0,
    0x0, 0x0, 0xbb, 0x0, 0x0, 0x0, 0x0, 0x0,
    0xcd, 0x0, 0x0, 0x0,

    /* U+1E0D "ḍ" */
    0x0, 0x0, 0x0, 0xd, 0xc0, 0x0, 0x0, 0x0,
    0xdc, 0x0, 0x0, 0x0, 0xd, 0xc0, 0x0, 0x0,
    0x0, 0xdc, 0x0, 0x5d, 0xfd, 0x5d, 0xc0, 0x5f,
    0xc6, 0x7f, 0xfc, 0xe, 0xd0, 0x0, 0x5f, 0xc3,
    0xf7, 0x0, 0x0, 0xec, 0x5f, 0x50, 0x0, 0xc,
    0xc5, 0xf4, 0x0, 0x0, 0xbc, 0x2f, 0x60, 0x0,
    0xd, 0xc0, 0xdc, 0x0, 0x3, 0xfc, 0x4, 0xfa,
    0x34, 0xef, 0xc0, 0x4, 0xcf, 0xe7, 0xbc, 0x0,
    0x0, 0x0, 0x0, 0x0, 0x0, 0x0, 0x0, 0x0,
    0x0, 0x0, 0xca, 0x0, 0x0, 0x0, 0xe, 0xb0,
    0x0,

    /* U+1E0E "Ḏ" */
    0x9f, 0xff, 0xff, 0xeb, 0x30, 0x0, 0x9f, 0xa9,
    0x9a, 0xbf, 0xf5, 0x0, 0x9f, 0x20, 0x0, 0x2,
    0xef, 0x10, 0x9f, 0x20, 0x0, 0x0, 0x5f, 0x80,
    0x9f, 0x20, 0x0, 0x0, 0xe, 0xd0, 0x9f, 0x20,
    0x0, 0x0, 0xc, 0xf0, 0x9f, 0x20, 0x0, 0x0,
    0xb, 0xf1, 0x9f, 0x20, 0x0, 0x0, 0xb, 0xf0,
    0x9f, 0x20, 0x0, 0x0, 0xc, 0xf0, 0x9f, 0x20,
    0x0, 0x0, 0xf, 0xc0, 0x9f, 0x20, 0x0, 0x0,
    0x6f, 0x70, 0x9f, 0x20, 0x0, 0x3, 0xef, 0x10,
    0x9f, 0xa9, 0x9a, 0xcf, 0xf4, 0x0, 0x9f, 0xff,
    0xff, 0xd9, 0x20, 0x0, 0x0, 0x0, 0x0, 0x0,
    0x0, 0x0, 0x0, 0x0, 0x0, 0x0, 0x0, 0x0,
    0x0, 0x46, 0x66, 0x64, 0x0, 0x0, 0x0, 0xcf,
    0xff, 0xfb, 0x0, 0x0,

    /* U+1E0F "ḏ" */
    0x0, 0x0, 0x0, 0xd, 0xc0, 0x0, 0x0, 0x0,
    0xdc, 0x0, 0x0, 0x0, 0xd, 0xc0, 0x0, 0x0,
    0x0, 0xdc, 0x0, 0x5d, 0xfd, 0x5d, 0xc0, 0x5f,
    0xc6, 0x7f, 0xfc, 0xe, 0xd0, 0x0, 0x5f, 0xc3,
    0xf7, 0x0, 0x0, 0xec, 0x5f, 0x50, 0x0, 0xc,
    0xc5, 0xf4, 0x0, 0x0, 0xbc, 0x2f, 0x60, 0x0,
    0xd, 0xc0, 0xdc, 0x0, 0x3, 0xfc, 0x4, 0xfa,
    0x34, 0xef, 0xc0, 0x4, 0xcf, 0xe7, 0xbc, 0x0,
    0x0, 0x0, 0x0, 0x0, 0x0, 0x0, 0x0, 0x0,
    0x0, 0x66, 0x66, 0x63, 0x0, 0xf, 0xff, 0xff,
    0x80,

    /* U+1E10 "Ḑ" */
    0x9f, 0xff, 0xff, 0xeb, 0x30, 0x0, 0x9f, 0xa9,
    0x9a, 0xbf, 0xf5, 0x0, 0x9f, 0x20, 0x0, 0x2,
    0xef, 0x10, 0x9f, 0x20, 0x0, 0x0, 0x5f, 0x80,
    0x9f, 0x20, 0x0, 0x0, 0xe, 0xd0, 0x9f, 0x20,
    0x0, 0x0, 0xc, 0xf0, 0x9f, 0x20, 0x0, 0x0,
    0xb, 0xf1, 0x9f, 0x20, 0x0, 0x0, 0xb, 0xf1,
    0x9f, 0x20, 0x0, 0x0, 0xc, 0xf0, 0x9f, 0x20,
    0x0, 0x0, 0xf, 0xc0, 0x9f, 0x20, 0x0, 0x0,
    0x5f, 0x80, 0x9f, 0x20, 0x0, 0x2, 0xef, 0x10,
    0x9f, 0x99, 0x99, 0xbf, 0xf5, 0x0, 0x9f, 0xff,
    0xff, 0xeb, 0x30, 0x0, 0x0, 0x0, 0xc7, 0x0,
    0x0, 0x0, 0x0, 0x0, 0x8e, 0x70, 0x0, 0x0,
    0x0, 0x2, 0x3d, 0xb0, 0x0, 0x0, 0x0, 0xe,
    0xfc, 0x20, 0x0, 0x0,

    /* U+1E11 "ḑ" */
    0x0, 0x0, 0x0, 0xd, 0xc0, 0x0, 0x0, 0x0,
    0xdc, 0x0, 0x0, 0x0, 0xd, 0xc0, 0x0, 0x0,
    0x0, 0xdc, 0x0, 0x5d, 0xfd, 0x5d, 0xc0, 0x5f,
    0xc6, 0x8f, 0xfc, 0xd, 0xd0, 0x0, 0x5f, 0xc2,
    0xf7, 0x0, 0x0, 0xec, 0x4f, 0x50, 0x0, 0xc,
    0xc4, 0xf4, 0x0, 0x0, 0xbc, 0x2f, 0x60, 0x0,
    0xd, 0xc0, 0xdb, 0x0, 0x2, 0xfc, 0x6, 0xf8,
    0x12, 0xcf, 0xc0, 0x7, 0xff, 0xfa, 0xbc, 0x0,
    0x1, 0xf5, 0x0, 0x0, 0x0, 0x1a, 0xf5, 0x0,
    0x0, 0x2, 0x3e, 0x80, 0x0, 0x1, 0xff, 0xb1,
    0x0,

    /* U+1E12 "Ḓ" */
    0x9f, 0xff, 0xff, 0xeb, 0x30, 0x0, 0x9f, 0xa9,
    0x9a, 0xbf, 0xf5, 0x0, 0x9f, 0x20, 0x0, 0x2,
    0xef, 0x10, 0x9f, 0x20, 0x0, 0x0, 0x5f, 0x80,
    0x9f, 0x20, 0x0, 0x0, 0xe, 0xd0, 0x9f, 0x20,
    0x0, 0x0, 0xc, 0xf0, 0x9f, 0x20, 0x0, 0x0,
    0xb, 0xf1, 0x9f, 0x20, 0x0, 0x0, 0xb, 0xf0,
    0x9f, 0x20, 0x0, 0x0, 0xc, 0xf0, 0x9f, 0x20,
    0x0, 0x0, 0xf, 0xc0, 0x9f, 0x20, 0x0, 0x0,
    0x6f, 0x70, 0x9f, 0x20, 0x0, 0x3, 0xef, 0x10,
    0x9f, 0xa9, 0x9a, 0xcf, 0xf4, 0x0, 0x9f, 0xff,
    0xff, 0xd9, 0x20, 0x0, 0x0, 0x0, 0x0, 0x0,
    0x0, 0x0, 0x0, 0x1, 0x98, 0x0, 0x0, 0x0,
    0x0, 0xc, 0xdf, 0x80, 0x0, 0x0, 0x0, 0x8f,
    0x37, 0xf4, 0x0, 0x0,

    /* U+1E13 "ḓ" */
    0x0, 0x0, 0x0, 0xd, 0xc0, 0x0, 0x0, 0x0,
    0xdc, 0x0, 0x0, 0x0, 0xd, 0xc0, 0x0, 0x0,
    0x0, 0xdc, 0x0, 0x5d, 0xfd, 0x5d, 0xc0, 0x5f,
    0xc6, 0x7f, 0xfc, 0xe, 0xd0, 0x0, 0x5f, 0xc3,
    0xf7, 0x0, 0x0, 0xec, 0x5f, 0x50, 0x0, 0xc,
    0xc5, 0xf4, 0x0, 0x0, 0xbc, 0x2f, 0x60, 0x0,
    0xd, 0xc0, 0xdc, 0x0, 0x3, 0xfc, 0x4, 0xfa,
    0x34, 0xef, 0xc0, 0x4, 0xcf, 0xe7, 0xbc, 0x0,
    0x0, 0x0, 0x0, 0x0, 0x0, 0x19, 0x90, 0x0,
    0x0, 0xa, 0xee, 0xa0, 0x0, 0x6, 0xf5, 0x5f,
    0x60,

    /* U+1E14 "Ḕ" */
    0x0, 0xa, 0xf4, 0x0, 0x0, 0x0, 0x0, 0xd,
    0xb0, 0x0, 0x0, 0x0, 0x0, 0x39, 0x0, 0x0,
    0x0, 0x1, 0x11, 0x11, 0x10, 0x0, 0x0, 0xbf,
    0xff, 0xfc, 0x0, 0x0, 0x3, 0x44, 0x44, 0x30,
    0x0, 0x9f, 0xff, 0xff, 0xff, 0xfc, 0x9, 0xfa,
    0x99, 0x99, 0x99, 0x70, 0x9f, 0x20, 0x0, 0x0,
    0x0, 0x9, 0xf2, 0x0, 0x0, 0x0, 0x0, 0x9f,
    0x20, 0x0, 0x0, 0x0, 0x9, 0xf2, 0x0, 0x0,
    0x0, 0x0, 0x9f, 0xa9, 0x99, 0x99, 0x92, 0x9,
    0xff, 0xff, 0xff, 0xff, 0x40, 0x9f, 0x20, 0x0,
    0x0, 0x0, 0x9, 0xf2, 0x0, 0x0, 0x0, 0x0,
    0x9f, 0x20, 0x0, 0x0, 0x0, 0x9, 0xf2, 0x0,
    0x0, 0x0, 0x0, 0x9f, 0xa9, 0x99, 0x99, 0x99,
    0x9, 0xff, 0xff, 0xff, 0xff, 0xf0,

    /* U+1E15 "ḕ" */
    0x0, 0xd, 0xf1, 0x0, 0x0, 0x0, 0x2, 0xf8,
    0x0, 0x0, 0x0, 0x0, 0x48, 0x0, 0x0, 0x0,
    0x9f, 0xff, 0xfe, 0x0, 0x0, 0x36, 0x66, 0x65,
    0x0, 0x0, 0x0, 0x0, 0x0, 0x0, 0x0, 0x0,
    0x0, 0x0, 0x0, 0x0, 0x3b, 0xff, 0xb3, 0x0,
    0x3, 0xfd, 0x76, 0xcf, 0x40, 0xc, 0xe0, 0x0,
    0xc, 0xd0, 0x1f, 0x91, 0x11, 0x17, 0xf2, 0x4f,
    0xff, 0xff, 0xff, 0xf4, 0x4f, 0x94, 0x44, 0x44,
    0x41, 0x2f, 0x90, 0x0, 0x2, 0x40, 0xd, 0xf1,
    0x0, 0xc, 0xe0, 0x4, 0xfe, 0x86, 0xcf, 0x60,
    0x0, 0x3b, 0xff, 0xc5, 0x0,

    /* U+1E16 "Ḗ" */
    0x0, 0x0, 0x1f, 0xd0, 0x0, 0x0, 0x0, 0x7,
    0xf2, 0x0, 0x0, 0x0, 0x0, 0x74, 0x0, 0x0,
    0x0, 0x1, 0x11, 0x11, 0x10, 0x0, 0x0, 0xbf,
    0xff, 0xfc, 0x0, 0x0, 0x3, 0x44, 0x44, 0x30,
    0x0, 0x9f, 0xff, 0xff, 0xff, 0xfc, 0x9, 0xfa,
    0x99, 0x99, 0x99, 0x70, 0x9f, 0x20, 0x0, 0x0,
    0x0, 0x9, 0xf2, 0x0, 0x0, 0x0, 0x0, 0x9f,
    0x20, 0x0, 0x0, 0x0, 0x9, 0xf2, 0x0, 0x0,
    0x0, 0x0, 0x9f, 0xa9, 0x99, 0x99, 0x92, 0x9,
    0xff, 0xff, 0xff, 0xff, 0x40, 0x9f, 0x20, 0x0,
    0x0, 0x0, 0x9, 0xf2, 0x0, 0x0, 0x0, 0x0,
    0x9f, 0x20, 0x0, 0x0, 0x0, 0x9, 0xf2, 0x0,
    0x0, 0x0, 0x0, 0x9f, 0xa9, 0x99, 0x99, 0x99,
    0x9, 0xff, 0xff, 0xff, 0xff, 0xf0,

    /* U+1E17 "ḗ" */
    0x0, 0x0, 0x1f, 0xd0, 0x0, 0x0, 0x0, 0x7f,
    0x20, 0x0, 0x0, 0x0, 0x75, 0x0, 0x0, 0x0,
    0x9f, 0xff, 0xfe, 0x0, 0x0, 0x36, 0x66, 0x65,
    0x0, 0x0, 0x0, 0x0, 0x0, 0x0, 0x0, 0x0,
    0x0, 0x0, 0x0, 0x0, 0x3b, 0xff, 0xb3, 0x0,
    0x3, 0xfd, 0x76, 0xcf, 0x40, 0xc, 0xe0, 0x0,
    0xc, 0xd0, 0x1f, 0x91, 0x11, 0x17, 0xf2, 0x4f,
    0xff, 0xff, 0xff, 0xf4, 0x4f, 0x94, 0x44, 0x44,
    0x41, 0x2f, 0x90, 0x0, 0x2, 0x40, 0xd, 0xf1,
    0x0, 0xc, 0xe0, 0x4, 0xfe, 0x86, 0xcf, 0x60,
    0x0, 0x3b, 0xff, 0xc5, 0x0,

    /* U+1E18 "Ḙ" */
    0x9f, 0xff, 0xff, 0xff, 0xfc, 0x9, 0xfa, 0x99,
    0x99, 0x99, 0x70, 0x9f, 0x20, 0x0, 0x0, 0x0,
    0x9, 0xf2, 0x0, 0x0, 0x0, 0x0, 0x9f, 0x20,
    0x0, 0x0, 0x0, 0x9, 0xf2, 0x0, 0x0, 0x0,
    0x0, 0x9f, 0xa9, 0x99, 0x99, 0x92, 0x9, 0xff,
    0xff, 0xff, 0xff, 0x40, 0x9f, 0x20, 0x0, 0x0,
    0x0, 0x9, 0xf2, 0x0, 0x0, 0x0, 0x0, 0x9f,
    0x20, 0x0, 0x0, 0x0, 0x9, 0xf2, 0x0, 0x0,
    0x0, 0x0, 0x9f, 0xa9, 0x99, 0x99, 0x99, 0x9,
    0xff, 0xff, 0xff, 0xff, 0xf0, 0x0, 0x0, 0x0,
    0x0, 0x0, 0x0, 0x0, 0x8, 0x91, 0x0, 0x0,
    0x0, 0x8, 0xfd, 0xb0, 0x0, 0x0, 0x4, 0xf7,
    0x3f, 0x80, 0x0,

    /* U+1E19 "ḙ" */
    0x0, 0x3b, 0xff, 0xb3, 0x0, 0x3, 0xfd, 0x76,
    0xcf, 0x40, 0xc, 0xe0, 0x0, 0xc, 0xd0, 0x1f,
    0x91, 0x11, 0x17, 0xf2, 0x4f, 0xff, 0xff, 0xff,
    0xf4, 0x4f, 0x94, 0x44, 0x44, 0x41, 0x2f, 0x90,
    0x0, 0x2, 0x40, 0xd, 0xf1, 0x0, 0xc, 0xe0,
    0x4, 0xfe, 0x86, 0xcf, 0x60, 0x0, 0x3b, 0xff,
    0xc5, 0x0, 0x0, 0x0, 0x0, 0x0, 0x0, 0x0,
    0x0, 0xac, 0x30, 0x0, 0x0, 0x8, 0xfb, 0xe1,
    0x0, 0x0, 0x3f, 0x91, 0xfa, 0x0,

    /* U+1E1A "Ḛ" */
    0x9f, 0xff, 0xff, 0xff, 0xfc, 0x9, 0xfa, 0x99,
    0x99, 0x99, 0x70, 0x9f, 0x20, 0x0, 0x0, 0x0,
    0x9, 0xf2, 0x0, 0x0, 0x0, 0x0, 0x9f, 0x20,
    0x0, 0x0, 0x0, 0x9, 0xf2, 0x0, 0x0, 0x0,
    0x0, 0x9f, 0x20, 0x0, 0x0, 0x0, 0x9, 0xff,
    0xff, 0xff, 0xff, 0x40, 0x9f, 0xa9, 0x99, 0x99,
    0x92, 0x9, 0xf2, 0x0, 0x0, 0x0, 0x0, 0x9f,
    0x20, 0x0, 0x0, 0x0, 0x9, 0xf2, 0x0, 0x0,
    0x0, 0x0, 0x9f, 0xa9, 0x99, 0x99, 0x99, 0x9,
    0xff, 0xff, 0xff, 0xff, 0xf0, 0x0, 0x0, 0x0,
    0x0, 0x0, 0x0, 0x0, 0x0, 0x0, 0x0, 0x0,
    0x0, 0x2d, 0xe9, 0x6f, 0x10, 0x0, 0xa, 0xb5,
    0xbf, 0x80, 0x0,

    /* U+1E1B "ḛ" */
    0x0, 0x3b, 0xff, 0xb2, 0x0, 0x3, 0xfe, 0x77,
    0xee, 0x20, 0xc, 0xf3, 0x0, 0x1e, 0xa0, 0x1f,
    0xb0, 0x0, 0x8, 0xf0, 0x4f, 0x81, 0x11, 0x16,
    0xf3, 0x4f, 0xff, 0xff, 0xff, 0xf4, 0x2f, 0x94,
    0x44, 0x44, 0x41, 0xd, 0xc0, 0x0, 0x8, 0xb1,
    0x4, 0xfd, 0x76, 0xaf, 0x90, 0x0, 0x3b, 0xff,
    0xd7, 0x0, 0x0, 0x0, 0x0, 0x0, 0x0, 0x0,
    0x0, 0x0, 0x0, 0x0, 0x0, 0x3e, 0xe9, 0x7f,
    0x0, 0x0, 0xaa, 0x5b, 0xf8, 0x0,

    /* U+1E1C "Ḝ" */
    0x0, 0x2f, 0x20, 0x7c, 0x0, 0x0, 0x0, 0x7f,
    0xfe, 0x30, 0x0, 0x0, 0x0, 0x1, 0x0, 0x0,
    0x9, 0xff, 0xff, 0xff, 0xff, 0xc0, 0x9f, 0xa9,
    0x99, 0x99, 0x97, 0x9, 0xf2, 0x0, 0x0, 0x0,
    0x0, 0x9f, 0x20, 0x0, 0x0, 0x0, 0x9, 0xf2,
    0x0, 0x0, 0x0, 0x0, 0x9f, 0x20, 0x0, 0x0,
    0x0, 0x9, 0xfa, 0x99, 0x99, 0x99, 0x20, 0x9f,
    0xff, 0xff, 0xff, 0xf4, 0x9, 0xf2, 0x0, 0x0,
    0x0, 0x0, 0x9f, 0x20, 0x0, 0x0, 0x0, 0x9,
    0xf2, 0x0, 0x0, 0x0, 0x0, 0x9f, 0x20, 0x0,
    0x0, 0x0, 0x9, 0xfa, 0x99, 0x99, 0x99, 0x90,
    0x9f, 0xff, 0xff, 0xff, 0xff, 0x0, 0x0, 0x6,
    0xc0, 0x0, 0x0, 0x0, 0x0, 0x5c, 0xd0, 0x0,
    0x0, 0x0, 0x12, 0x9f, 0x10, 0x0, 0x0, 0x8,
    0xfe, 0x60, 0x0, 0x0,

    /* U+1E1D "ḝ" */
    0x0, 0x5b, 0x0, 0x6a, 0x0, 0x0, 0x1f, 0x31,
    0xd6, 0x0, 0x0, 0x6, 0xff, 0xa0, 0x0, 0x0,
    0x0, 0x1, 0x0, 0x0, 0x0, 0x3b, 0xff, 0xb3,
    0x0, 0x3, 0xfd, 0x76, 0xcf, 0x40, 0xc, 0xe0,
    0x0, 0xc, 0xd0, 0x1f, 0x91, 0x11, 0x17, 0xf2,
    0x3f, 0xff, 0xff, 0xff, 0xf4, 0x4f, 0x84, 0x44,
    0x44, 0x41, 0x2f, 0x80, 0x0, 0x1, 0x10, 0xe,
    0xe0, 0x0, 0xb, 0xf1, 0x6, 0xfb, 0x20, 0x7f,
    0x90, 0x0, 0x8f, 0xff, 0xfa, 0x0, 0x0, 0x1,
    0xca, 0x10, 0x0, 0x0, 0x0, 0x8e, 0x80, 0x0,
    0x0, 0x2, 0x3c, 0xd0, 0x0, 0x0, 0xd, 0xfd,
    0x30, 0x0,

    /* U+1E1E "Ḟ" */
    0x0, 0x1, 0xe7, 0x0, 0x0, 0x0, 0x1, 0xf8,
    0x0, 0x0, 0x0, 0x0, 0x0, 0x0, 0x0, 0x9f,
    0xff, 0xff, 0xff, 0xf2, 0x9f, 0xa9, 0x99, 0x99,
    0x91, 0x9f, 0x20, 0x0, 0x0, 0x0, 0x9f, 0x20,
    0x0, 0x0, 0x0, 0x9f, 0x20, 0x0, 0x0, 0x0,
    0x9f, 0x20, 0x0, 0x0, 0x0, 0x9f, 0xa9, 0x99,
    0x99, 0x10, 0x9f, 0xff, 0xff, 0xff, 0x30, 0x9f,
    0x20, 0x0, 0x0, 0x0, 0x9f, 0x20, 0x0, 0x0,
    0x0, 0x9f, 0x20, 0x0, 0x0, 0x0, 0x9f, 0x20,
    0x0, 0x0, 0x0, 0x9f, 0x20, 0x0, 0x0, 0x0,
    0x9f, 0x20, 0x0, 0x0, 0x0,

    /* U+1E1F "ḟ" */
    0x0, 0x5e, 0x30, 0x0, 0x6f, 0x30, 0x0, 0x0,
    0x0, 0x0, 0x8e, 0xf7, 0x4, 0xfd, 0x93, 0x6,
    0xf3, 0x0, 0x7, 0xf2, 0x0, 0xdf, 0xff, 0xf0,
    0x39, 0xf5, 0x40, 0x7, 0xf2, 0x0, 0x7, 0xf2,
    0x0, 0x7, 0xf2, 0x0, 0x7, 0xf2, 0x0, 0x7,
    0xf2, 0x0, 0x7, 0xf2, 0x0, 0x7, 0xf2, 0x0,
    0x7, 0xf2, 0x0,

    /* U+1E20 "Ḡ" */
    0x0, 0x0, 0x1, 0x11, 0x0, 0x0, 0x0, 0x0,
    0xdf, 0xff, 0xf0, 0x0, 0x0, 0x0, 0x34, 0x44,
    0x30, 0x0, 0x0, 0x0, 0x0, 0x0, 0x0, 0x0,
    0x0, 0x2, 0x9d, 0xfe, 0xa3, 0x0, 0x0, 0x4f,
    0xfb, 0x9a, 0xef, 0x60, 0x2, 0xfd, 0x20, 0x0,
    0xb, 0xf2, 0x9, 0xf2, 0x0, 0x0, 0x2, 0xf7,
    0xe, 0xb0, 0x0, 0x0, 0x0, 0x0, 0x1f, 0x80,
    0x0, 0x0, 0x0, 0x0, 0x2f, 0x70, 0x0, 0x6f,
    0xff, 0xfb, 0x1f, 0x80, 0x0, 0x38, 0x88, 0xeb,
    0xe, 0xb0, 0x0, 0x0, 0x0, 0xeb, 0xa, 0xf2,
    0x0, 0x0, 0x4, 0xfb, 0x2, 0xfd, 0x10, 0x0,
    0x2e, 0xfb, 0x0, 0x5f, 0xfb, 0x9b, 0xfc, 0x8b,
    0x0, 0x2, 0xad, 0xfd, 0x80, 0x7b,

    /* U+1E21 "ḡ" */
    0x0, 0x5f, 0xff, 0xf8, 0x0, 0x0, 0x15, 0x55,
    0x52, 0x0, 0x0, 0x0, 0x0, 0x0, 0x0, 0x0,
    0x3b, 0xfe, 0x93, 0xf4, 0x3, 0xfe, 0x98, 0xed,
    0xf4, 0xc, 0xe1, 0x0, 0xd, 0xf4, 0x1f, 0x80,
    0x0, 0x6, 0xf4, 0x2f, 0x60, 0x0, 0x4, 0xf4,
    0x1f, 0x70, 0x0, 0x6, 0xf4, 0xd, 0xc0, 0x0,
    0xb, 0xf4, 0x6, 0xfa, 0x33, 0xaf, 0xf4, 0x0,
    0x7f, 0xff, 0xe6, 0xf4, 0x0, 0x1, 0x44, 0x4,
    0xf3, 0xc, 0xd0, 0x0, 0xa, 0xf1, 0x3, 0xfd,
    0x88, 0xcf, 0x80, 0x0, 0x3b, 0xff, 0xd6, 0x0,

    /* U+1E22 "Ḣ" */
    0x0, 0x0, 0x2e, 0x60, 0x0, 0x0, 0x0, 0x2,
    0xf7, 0x0, 0x0, 0x0, 0x0, 0x0, 0x0, 0x0,
    0x9, 0xf2, 0x0, 0x0, 0x2, 0xf9, 0x9f, 0x20,
    0x0, 0x0, 0x2f, 0x99, 0xf2, 0x0, 0x0, 0x2,
    0xf9, 0x9f, 0x20, 0x0, 0x0, 0x2f, 0x99, 0xf2,
    0x0, 0x0, 0x2, 0xf9, 0x9f, 0x20, 0x0, 0x0,
    0x2f, 0x99, 0xff, 0xff, 0xff, 0xff, 0xf9, 0x9f,
    0xa9, 0x99, 0x99, 0xaf, 0x99, 0xf2, 0x0, 0x0,
    0x2, 0xf9, 0x9f, 0x20, 0x0, 0x0, 0x2f, 0x99,
    0xf2, 0x0, 0x0, 0x2, 0xf9, 0x9f, 0x20, 0x0,
    0x0, 0x2f, 0x99, 0xf2, 0x0, 0x0, 0x2, 0xf9,
    0x9f, 0x20, 0x0, 0x0, 0x2f, 0x90,

    /* U+1E23 "ḣ" */
    0xac, 0x0, 0x0, 0x0, 0xcd, 0x0, 0x0, 0x0,
    0x0, 0x0, 0x0, 0x0, 0xcc, 0x0, 0x0, 0x0,
    0xcc, 0x0, 0x0, 0x0, 0xcc, 0x0, 0x0, 0x0,
    0xcc, 0x0, 0x0, 0x0, 0xcc, 0x4d, 0xfd, 0x70,
    0xcf, 0xf9, 0x7d, 0xf6, 0xcf, 0x40, 0x1, 0xfb,
    0xce, 0x0, 0x0, 0xcc, 0xcc, 0x0, 0x0, 0xcd,
    0xcc, 0x0, 0x0, 0xcd, 0xcc, 0x0, 0x0, 0xcd,
    0xcc, 0x0, 0x0, 0xcd, 0xcc, 0x0, 0x0, 0xcd,
    0xcc, 0x0, 0x0, 0xcd,

    /* U+1E24 "Ḥ" */
    0x9f, 0x20, 0x0, 0x0, 0x2f, 0x99, 0xf2, 0x0,
    0x0, 0x2, 0xf9, 0x9f, 0x20, 0x0, 0x0, 0x2f,
    0x99, 0xf2, 0x0, 0x0, 0x2, 0xf9, 0x9f, 0x20,
    0x0, 0x0, 0x2f, 0x99, 0xf2, 0x0, 0x0, 0x2,
    0xf9, 0x9f, 0xff, 0xff, 0xff, 0xff, 0x99, 0xfa,
    0x99, 0x99, 0x9a, 0xf9, 0x9f, 0x20, 0x0, 0x0,
    0x2f, 0x99, 0xf2, 0x0, 0x0, 0x2, 0xf9, 0x9f,
    0x20, 0x0, 0x0, 0x2f, 0x99, 0xf2, 0x0, 0x0,
    0x2, 0xf9, 0x9f, 0x20, 0x0, 0x0, 0x2f, 0x99,
    0xf2, 0x0, 0x0, 0x2, 0xf9, 0x0, 0x0, 0x0,
    0x0, 0x0, 0x0, 0x0, 0x0, 0x0, 0x0, 0x0,
    0x0, 0x0, 0x2e, 0x60, 0x0, 0x0, 0x0, 0x2,
    0xf7, 0x0, 0x0,

    /* U+1E25 "ḥ" */
    0xcc, 0x0, 0x0, 0x0, 0xcc, 0x0, 0x0, 0x0,
    0xcc, 0x0, 0x0, 0x0, 0xcc, 0x0, 0x0, 0x0,
    0xcc, 0x4d, 0xfd, 0x70, 0xcf, 0xf9, 0x7d, 0xf6,
    0xcf, 0x40, 0x1, 0xfb, 0xce, 0x0, 0x0, 0xcc,
    0xcc, 0x0, 0x0, 0xcd, 0xcc, 0x0, 0x0, 0xcd,
    0xcc, 0x0, 0x0, 0xcd, 0xcc, 0x0, 0x0, 0xcd,
    0xcc, 0x0, 0x0, 0xcd, 0xcc, 0x0, 0x0, 0xcd,
    0x0, 0x0, 0x0, 0x0, 0x0, 0x0, 0x0, 0x0,
    0x0, 0xa, 0xc0, 0x0, 0x0, 0xb, 0xe0, 0x0,

    /* U+1E26 "Ḧ" */
    0x0, 0xd, 0xa0, 0x9d, 0x0, 0x0, 0x0, 0xfb,
    0xa, 0xf0, 0x0, 0x0, 0x0, 0x0, 0x0, 0x0,
    0x9, 0xf2, 0x0, 0x0, 0x2, 0xf9, 0x9f, 0x20,
    0x0, 0x0, 0x2f, 0x99, 0xf2, 0x0, 0x0, 0x2,
    0xf9, 0x9f, 0x20, 0x0, 0x0, 0x2f, 0x99, 0xf2,
    0x0, 0x0, 0x2, 0xf9, 0x9f, 0x20, 0x0, 0x0,
    0x2f, 0x99, 0xff, 0xff, 0xff, 0xff, 0xf9, 0x9f,
    0xa9, 0x99, 0x99, 0xaf, 0x99, 0xf2, 0x0, 0x0,
    0x2, 0xf9, 0x9f, 0x20, 0x0, 0x0, 0x2f, 0x99,
    0xf2, 0x0, 0x0, 0x2, 0xf9, 0x9f, 0x20, 0x0,
    0x0, 0x2f, 0x99, 0xf2, 0x0, 0x0, 0x2, 0xf9,
    0x9f, 0x20, 0x0, 0x0, 0x2f, 0x90,

    /* U+1E27 "ḧ" */
    0x5, 0xe3, 0x1e, 0x70, 0x6, 0xf4, 0x1f, 0x80,
    0x0, 0x0, 0x0, 0x0, 0xcc, 0x0, 0x0, 0x0,
    0xcc, 0x0, 0x0, 0x0, 0xcc, 0x0, 0x0, 0x0,
    0xcc, 0x0, 0x0, 0x0, 0xcc, 0x4d, 0xfd, 0x70,
    0xcf, 0xf9, 0x7d, 0xf6, 0xcf, 0x40, 0x1, 0xfb,
    0xce, 0x0, 0x0, 0xcc, 0xcc, 0x0, 0x0, 0xcd,
    0xcc, 0x0, 0x0, 0xcd, 0xcc, 0x0, 0x0, 0xcd,
    0xcc, 0x0, 0x0, 0xcd, 0xcc, 0x0, 0x0, 0xcd,
    0xcc, 0x0, 0x0, 0xcd,

    /* U+1E28 "Ḩ" */
    0x9, 0xf2, 0x0, 0x0, 0x2, 0xf9, 0x9, 0xf2,
    0x0, 0x0, 0x2, 0xf9, 0x9, 0xf2, 0x0, 0x0,
    0x2, 0xf9, 0x9, 0xf2, 0x0, 0x0, 0x2, 0xf9,
    0x9, 0xf2, 0x0, 0x0, 0x2, 0xf9, 0x9, 0xf2,
    0x0, 0x0, 0x2, 0xf9, 0x9, 0xff, 0xff, 0xff,
    0xff, 0xf9, 0x9, 0xfa, 0x99, 0x99, 0x9a, 0xf9,
    0x9, 0xf2, 0x0, 0x0, 0x2, 0xf9, 0x9, 0xf2,
    0x0, 0x0, 0x2, 0xf9, 0x9, 0xf2, 0x0, 0x0,
    0x2, 0xf9, 0x9, 0xf2, 0x0, 0x0, 0x2, 0xf9,
    0x9, 0xf2, 0x0, 0x0, 0x2, 0xf9, 0x9, 0xf2,
    0x0, 0x0, 0x2, 0xf9, 0x4, 0xe0, 0x0, 0x0,
    0x0, 0x0, 0x4, 0xbe, 0x10, 0x0, 0x0, 0x0,
    0x12, 0x7f, 0x30, 0x0, 0x0, 0x0, 0x7f, 0xe8,
    0x0, 0x0, 0x0, 0x0,

    /* U+1E29 "ḩ" */
    0xc, 0xc0, 0x0, 0x0, 0x0, 0xcc, 0x0, 0x0,
    0x0, 0xc, 0xc0, 0x0, 0x0, 0x0, 0xcc, 0x0,
    0x0, 0x0, 0xc, 0xc4, 0xdf, 0xd7, 0x0, 0xcf,
    0xf9, 0x7d, 0xf6, 0xc, 0xf4, 0x0, 0x1f, 0xb0,
    0xce, 0x0, 0x0, 0xcc, 0xc, 0xc0, 0x0, 0xc,
    0xd0, 0xcc, 0x0, 0x0, 0xcd, 0xc, 0xc0, 0x0,
    0xc, 0xd0, 0xcc, 0x0, 0x0, 0xcd, 0xc, 0xc0,
    0x0, 0xc, 0xd0, 0xcc, 0x0, 0x0, 0xcd, 0xb,
    0x80, 0x0, 0x0, 0x0, 0x8e, 0x80, 0x0, 0x0,
    0x23, 0xdb, 0x0, 0x0, 0xe, 0xfc, 0x30, 0x0,
    0x0,

    /* U+1E2A "Ḫ" */
    0x9f, 0x20, 0x0, 0x0, 0x2f, 0x99, 0xf2, 0x0,
    0x0, 0x2, 0xf9, 0x9f, 0x20, 0x0, 0x0, 0x2f,
    0x99, 0xf2, 0x0, 0x0, 0x2, 0xf9, 0x9f, 0x20,
    0x0, 0x0, 0x2f, 0x99, 0xf2, 0x0, 0x0, 0x2,
    0xf9, 0x9f, 0xa9, 0x99, 0x99, 0xaf, 0x99, 0xff,
    0xff, 0xff, 0xff, 0xf9, 0x9f, 0x20, 0x0, 0x0,
    0x2f, 0x99, 0xf2, 0x0, 0x0, 0x2, 0xf9, 0x9f,
    0x20, 0x0, 0x0, 0x2f, 0x99, 0xf2, 0x0, 0x0,
    0x2, 0xf9, 0x9f, 0x20, 0x0, 0x0, 0x2f, 0x99,
    0xf2, 0x0, 0x0, 0x2, 0xf9, 0x0, 0x0, 0x0,
    0x0, 0x0, 0x0, 0x0, 0x70, 0x0, 0x70, 0x0,
    0x0, 0xc, 0x93, 0x9d, 0x0, 0x0, 0x0, 0x2c,
    0xfc, 0x20, 0x0,

    /* U+1E2B "ḫ" */
    0xcc, 0x0, 0x0, 0x0, 0xcc, 0x0, 0x0, 0x0,
    0xcc, 0x0, 0x0, 0x0, 0xcc, 0x0, 0x0, 0x0,
    0xcc, 0x4d, 0xfd, 0x70, 0xcf, 0xf9, 0x7d, 0xf6,
    0xcf, 0x40, 0x1, 0xfb, 0xce, 0x0, 0x0, 0xcc,
    0xcc, 0x0, 0x0, 0xcd, 0xcc, 0x0, 0x0, 0xcd,
    0xcc, 0x0, 0x0, 0xcd, 0xcc, 0x0, 0x0, 0xcd,
    0xcc, 0x0, 0x0, 0xcd, 0xcc, 0x0, 0x0, 0xcd,
    0x0, 0x0, 0x0, 0x0, 0x4, 0x40, 0x4, 0x40,
    0x5, 0xd3, 0x4e, 0x40, 0x0, 0x8e, 0xe7, 0x0,

    /* U+1E2C "Ḭ" */
    0x0, 0x5f, 0x50, 0x0, 0x5, 0xf5, 0x0, 0x0,
    0x5f, 0x50, 0x0, 0x5, 0xf5, 0x0, 0x0, 0x5f,
    0x50, 0x0, 0x5, 0xf5, 0x0, 0x0, 0x5f, 0x50,
    0x0, 0x5, 0xf5, 0x0, 0x0, 0x5f, 0x50, 0x0,
    0x5, 0xf5, 0x0, 0x0, 0x5f, 0x50, 0x0, 0x5,
    0xf5, 0x0, 0x0, 0x5f, 0x50, 0x0, 0x5, 0xf5,
    0x0, 0x0, 0x0, 0x0, 0x0, 0x0, 0x0, 0x0,
    0x1c, 0xfa, 0x6e, 0x46, 0xd4, 0xaf, 0xb0,

    /* U+1E2D "ḭ" */
    0x0, 0xc, 0xc0, 0x0, 0x0, 0xba, 0x0, 0x0,
    0x0, 0x0, 0x0, 0x0, 0x0, 0x0, 0x0, 0xc,
    0xc0, 0x0, 0x0, 0xcc, 0x0, 0x0, 0xc, 0xc0,
    0x0, 0x0, 0xcc, 0x0, 0x0, 0xc, 0xc0, 0x0,
    0x0, 0xcc, 0x0, 0x0, 0xc, 0xc0, 0x0, 0x0,
    0xcc, 0x0, 0x0, 0xc, 0xc0, 0x0, 0x0, 0xcc,
    0x0, 0x0, 0x0, 0x0, 0x0, 0x0, 0x0, 0x0,
    0x6, 0xfd, 0x7a, 0xc0, 0xf7, 0x7d, 0xe4,

    /* U+1E2E "Ḯ" */
    0x0, 0x8f, 0x50, 0xf, 0x90, 0x3, 0x90, 0xd,
    0x90, 0x9d, 0xfb, 0xa, 0xf0, 0x0, 0x0, 0x5,
    0xf5, 0x0, 0x5f, 0x50, 0x5, 0xf5, 0x0, 0x5f,
    0x50, 0x5, 0xf5, 0x0, 0x5f, 0x50, 0x5, 0xf5,
    0x0, 0x5f, 0x50, 0x5, 0xf5, 0x0, 0x5f, 0x50,
    0x5, 0xf5, 0x0, 0x5f, 0x50, 0x5, 0xf5, 0x0,
    0x5f, 0x50,

    /* U+1E2F "ḯ" */
    0x0, 0x8f, 0x50, 0xf, 0x90, 0x3, 0x90, 0xe,
    0xb0, 0xaf, 0xca, 0x9, 0xd0, 0x0, 0x0, 0x0,
    0x0, 0x0, 0x4f, 0x40, 0x4, 0xf4, 0x0, 0x4f,
    0x40, 0x4, 0xf4, 0x0, 0x4f, 0x40, 0x4, 0xf4,
    0x0, 0x4f, 0x40, 0x4, 0xf4, 0x0, 0x4f, 0x40,
    0x4, 0xf4, 0x0,

    /* U+1E30 "Ḱ" */
    0x0, 0x0, 0x6f, 0x70, 0x0, 0x0, 0x0, 0xd,
    0xb0, 0x0, 0x0, 0x0, 0x2, 0x91, 0x0, 0x0,
    0xb, 0xf0, 0x0, 0x0, 0x2e, 0xf4, 0xbf, 0x0,
    0x0, 0x1d, 0xf5, 0xb, 0xf0, 0x0, 0xc, 0xf5,
    0x0, 0xbf, 0x0, 0xc, 0xf6, 0x0, 0xb, 0xf0,
    0xb, 0xf7, 0x0, 0x0, 0xbf, 0xa, 0xf9, 0x0,
    0x0, 0xb, 0xf9, 0xff, 0xd0, 0x0, 0x0, 0xbf,
    0xf9, 0x7f, 0x90, 0x0, 0xb, 0xfa, 0x0, 0xcf,
    0x40, 0x0, 0xbf, 0x0, 0x3, 0xfe, 0x0, 0xb,
    0xf0, 0x0, 0x8, 0xf9, 0x0, 0xbf, 0x0, 0x0,
    0xd, 0xf4, 0xb, 0xf0, 0x0, 0x0, 0x4f, 0xe1,
    0xbf, 0x0, 0x0, 0x0, 0x9f, 0xa0,

    /* U+1E31 "ḱ" */
    0x0, 0xbf, 0x30, 0x0, 0x3, 0xf6, 0x0, 0x0,
    0x5, 0x70, 0x0, 0x0, 0xdc, 0x0, 0x0, 0x0,
    0xdc, 0x0, 0x0, 0x0, 0xdc, 0x0, 0x0, 0x0,
    0xdc, 0x0, 0x0, 0x0, 0xdc, 0x0, 0x1d, 0xe2,
    0xdc, 0x0, 0xde, 0x20, 0xdc, 0xc, 0xf3, 0x0,
    0xdc, 0xbf, 0x40, 0x0, 0xdf, 0xff, 0x70, 0x0,
    0xdf, 0x4b, 0xf2, 0x0, 0xdc, 0x2, 0xfb, 0x0,
    0xdc, 0x0, 0x8f, 0x50, 0xdc, 0x0, 0xe, 0xe1,
    0xdc, 0x0, 0x5, 0xf9,

    /* U+1E32 "Ḳ" */
    0xbf, 0x0, 0x0, 0x2, 0xef, 0x4b, 0xf0, 0x0,
    0x1, 0xdf, 0x50, 0xbf, 0x0, 0x0, 0xcf, 0x50,
    0xb, 0xf0, 0x0, 0xcf, 0x60, 0x0, 0xbf, 0x0,
    0xbf, 0x70, 0x0, 0xb, 0xf0, 0xaf, 0x90, 0x0,
    0x0, 0xbf, 0x9f, 0xfd, 0x0, 0x0, 0xb, 0xff,
    0x97, 0xf9, 0x0, 0x0, 0xbf, 0xa0, 0xc, 0xf4,
    0x0, 0xb, 0xf0, 0x0, 0x3f, 0xe0, 0x0, 0xbf,
    0x0, 0x0, 0x8f, 0x90, 0xb, 0xf0, 0x0, 0x0,
    0xdf, 0x40, 0xbf, 0x0, 0x0, 0x4, 0xfe, 0x1b,
    0xf0, 0x0, 0x0, 0x9, 0xfa, 0x0, 0x0, 0x0,
    0x0, 0x0, 0x0, 0x0, 0x0, 0x0, 0x0, 0x0,
    0x0, 0x0, 0xd9, 0x0, 0x0, 0x0, 0x0, 0xf,
    0xa0, 0x0, 0x0,

    /* U+1E33 "ḳ" */
    0xdc, 0x0, 0x0, 0x0, 0xdc, 0x0, 0x0, 0x0,
    0xdc, 0x0, 0x0, 0x0, 0xdc, 0x0, 0x0, 0x0,
    0xdc, 0x0, 0x1d, 0xe2, 0xdc, 0x0, 0xde, 0x20,
    0xdc, 0xc, 0xf3, 0x0, 0xdc, 0xbf, 0x40, 0x0,
    0xdf, 0xff, 0x70, 0x0, 0xdf, 0x4b, 0xf2, 0x0,
    0xdc, 0x2, 0xfb, 0x0, 0xdc, 0x0, 0x8f, 0x50,
    0xdc, 0x0, 0xe, 0xe1, 0xdc, 0x0, 0x5, 0xf9,
    0x0, 0x0, 0x0, 0x0, 0x0, 0x0, 0x0, 0x0,
    0x0, 0x3e, 0x50, 0x0, 0x0, 0x3f, 0x60, 0x0,

    /* U+1E34 "Ḵ" */
    0xbf, 0x0, 0x0, 0x2, 0xef, 0x4b, 0xf0, 0x0,
    0x1, 0xdf, 0x50, 0xbf, 0x0, 0x0, 0xcf, 0x50,
    0xb, 0xf0, 0x0, 0xcf, 0x60, 0x0, 0xbf, 0x0,
    0xbf, 0x70, 0x0, 0xb, 0xf0, 0xaf, 0x90, 0x0,
    0x0, 0xbf, 0x9f, 0xfd, 0x0, 0x0, 0xb, 0xff,
    0x97, 0xf9, 0x0, 0x0, 0xbf, 0xa0, 0xc, 0xf4,
    0x0, 0xb, 0xf0, 0x0, 0x3f, 0xe0, 0x0, 0xbf,
    0x0, 0x0, 0x8f, 0x90, 0xb, 0xf0, 0x0, 0x0,
    0xdf, 0x40, 0xbf, 0x0, 0x0, 0x4, 0xfe, 0x1b,
    0xf0, 0x0, 0x0, 0x9, 0xfa, 0x0, 0x0, 0x0,
    0x0, 0x0, 0x0, 0x0, 0x0, 0x0, 0x0, 0x0,
    0x0, 0x36, 0x66, 0x65, 0x0, 0x0, 0x9, 0xff,
    0xff, 0xe0, 0x0,

    /* U+1E35 "ḵ" */
    0xdc, 0x0, 0x0, 0x0, 0xdc, 0x0, 0x0, 0x0,
    0xdc, 0x0, 0x0, 0x0, 0xdc, 0x0, 0x0, 0x0,
    0xdc, 0x0, 0x1d, 0xe2, 0xdc, 0x0, 0xde, 0x20,
    0xdc, 0xc, 0xf3, 0x0, 0xdc, 0xbf, 0x40, 0x0,
    0xdf, 0xff, 0x70, 0x0, 0xdf, 0x4b, 0xf2, 0x0,
    0xdc, 0x2, 0xfb, 0x0, 0xdc, 0x0, 0x8f, 0x50,
    0xdc, 0x0, 0xe, 0xe1, 0xdc, 0x0, 0x5, 0xf9,
    0x0, 0x0, 0x0, 0x0, 0x0, 0x0, 0x0, 0x0,
    0x5, 0x66, 0x66, 0x30, 0xe, 0xff, 0xff, 0x90,

    /* U+1E36 "Ḷ" */
    0xaf, 0x10, 0x0, 0x0, 0xa, 0xf1, 0x0, 0x0,
    0x0, 0xaf, 0x10, 0x0, 0x0, 0xa, 0xf1, 0x0,
    0x0, 0x0, 0xaf, 0x10, 0x0, 0x0, 0xa, 0xf1,
    0x0, 0x0, 0x0, 0xaf, 0x10, 0x0, 0x0, 0xa,
    0xf1, 0x0, 0x0, 0x0, 0xaf, 0x10, 0x0, 0x0,
    0xa, 0xf1, 0x0, 0x0, 0x0, 0xaf, 0x10, 0x0,
    0x0, 0xa, 0xf1, 0x0, 0x0, 0x0, 0xaf, 0xa9,
    0x99, 0x99, 0x3a, 0xff, 0xff, 0xff, 0xf6, 0x0,
    0x0, 0x0, 0x0, 0x0, 0x0, 0x0, 0x0, 0x0,
    0x0, 0x7, 0xe1, 0x0, 0x0, 0x0, 0x8f, 0x10,
    0x0,

    /* U+1E37 "ḷ" */
    0xcc, 0xcc, 0xcc, 0xcc, 0xcc, 0xcc, 0xcc, 0xcc,
    0xcc, 0xcc, 0xcc, 0xcc, 0xcc, 0xcc, 0x0, 0x0,
    0xac, 0xcd,

    /* U+1E38 "Ḹ" */
    0x0, 0x11, 0x11, 0x10, 0x0, 0x8f, 0xff, 0xff,
    0x0, 0x2, 0x44, 0x44, 0x40, 0xa, 0xf1, 0x0,
    0x0, 0x0, 0xaf, 0x10, 0x0, 0x0, 0xa, 0xf1,
    0x0, 0x0, 0x0, 0xaf, 0x10, 0x0, 0x0, 0xa,
    0xf1, 0x0, 0x0, 0x0, 0xaf, 0x10, 0x0, 0x0,
    0xa, 0xf1, 0x0, 0x0, 0x0, 0xaf, 0x10, 0x0,
    0x0, 0xa, 0xf1, 0x0, 0x0, 0x0, 0xaf, 0x10,
    0x0, 0x0, 0xa, 0xf1, 0x0, 0x0, 0x0, 0xaf,
    0x10, 0x0, 0x0, 0xa, 0xfa, 0x99, 0x99, 0x93,
    0xaf, 0xff, 0xff, 0xff, 0x60, 0x0, 0x0, 0x0,
    0x0, 0x0, 0x0, 0x0, 0x0, 0x0, 0x0, 0x7e,
    0x10, 0x0, 0x0, 0x8, 0xf1, 0x0, 0x0,

    /* U+1E39 "ḹ" */
    0x11, 0x11, 0x11, 0xbf, 0xff, 0xfc, 0x34, 0x44,
    0x43, 0x0, 0xcc, 0x0, 0x0, 0xcc, 0x0, 0x0,
    0xcc, 0x0, 0x0, 0xcc, 0x0, 0x0, 0xcc, 0x0,
    0x0, 0xcc, 0x0, 0x0, 0xcc, 0x0, 0x0, 0xcc,
    0x0, 0x0, 0xcc, 0x0, 0x0, 0xcc, 0x0, 0x0,
    0xcc, 0x0, 0x0, 0xcc, 0x0, 0x0, 0xcc, 0x0,
    0x0, 0xcc, 0x0, 0x0, 0x0, 0x0, 0x0, 0x0,
    0x0, 0x0, 0xac, 0x0, 0x0, 0xcd, 0x0,

    /* U+1E3A "Ḻ" */
    0xaf, 0x10, 0x0, 0x0, 0xa, 0xf1, 0x0, 0x0,
    0x0, 0xaf, 0x10, 0x0, 0x0, 0xa, 0xf1, 0x0,
    0x0, 0x0, 0xaf, 0x10, 0x0, 0x0, 0xa, 0xf1,
    0x0, 0x0, 0x0, 0xaf, 0x10, 0x0, 0x0, 0xa,
    0xf1, 0x0, 0x0, 0x0, 0xaf, 0x10, 0x0, 0x0,
    0xa, 0xf1, 0x0, 0x0, 0x0, 0xaf, 0x10, 0x0,
    0x0, 0xa, 0xf1, 0x0, 0x0, 0x0, 0xaf, 0xa9,
    0x99, 0x99, 0x3a, 0xff, 0xff, 0xff, 0xf6, 0x0,
    0x0, 0x0, 0x0, 0x0, 0x0, 0x0, 0x0, 0x0,
    0x2, 0x66, 0x66, 0x60, 0x0, 0x6f, 0xff, 0xff,
    0x10,

    /* U+1E3B "ḻ" */
    0x0, 0xcc, 0x0, 0x0, 0xcc, 0x0, 0x0, 0xcc,
    0x0, 0x0, 0xcc, 0x0, 0x0, 0xcc, 0x0, 0x0,
    0xcc, 0x0, 0x0, 0xcc, 0x0, 0x0, 0xcc, 0x0,
    0x0, 0xcc, 0x0, 0x0, 0xcc, 0x0, 0x0, 0xcc,
    0x0, 0x0, 0xcc, 0x0, 0x0, 0xcc, 0x0, 0x0,
    0xcc, 0x0, 0x0, 0x0, 0x0, 0x0, 0x0, 0x0,
    0x46, 0x66, 0x64, 0xcf, 0xff, 0xfb,

    /* U+1E3C "Ḽ" */
    0xaf, 0x10, 0x0, 0x0, 0xa, 0xf1, 0x0, 0x0,
    0x0, 0xaf, 0x10, 0x0, 0x0, 0xa, 0xf1, 0x0,
    0x0, 0x0, 0xaf, 0x10, 0x0, 0x0, 0xa, 0xf1,
    0x0, 0x0, 0x0, 0xaf, 0x10, 0x0, 0x0, 0xa,
    0xf1, 0x0, 0x0, 0x0, 0xaf, 0x10, 0x0, 0x0,
    0xa, 0xf1, 0x0, 0x0, 0x0, 0xaf, 0x10, 0x0,
    0x0, 0xa, 0xf1, 0x0, 0x0, 0x0, 0xaf, 0xa9,
    0x99, 0x99, 0x3a, 0xff, 0xff, 0xff, 0xf6, 0x0,
    0x0, 0x0, 0x0, 0x0, 0x0, 0x69, 0x40, 0x0,
    0x0, 0x4f, 0xce, 0x10, 0x0, 0x1e, 0xc0, 0xdc,
    0x0,

    /* U+1E3D "ḽ" */
    0x0, 0xcc, 0x0, 0x0, 0xcc, 0x0, 0x0, 0xcc,
    0x0, 0x0, 0xcc, 0x0, 0x0, 0xcc, 0x0, 0x0,
    0xcc, 0x0, 0x0, 0xcc, 0x0, 0x0, 0xcc, 0x0,
    0x0, 0xcc, 0x0, 0x0, 0xcc, 0x0, 0x0, 0xcc,
    0x0, 0x0, 0xcc, 0x0, 0x0, 0xcc, 0x0, 0x0,
    0xcc, 0x0, 0x0, 0x0, 0x0, 0x0, 0x89, 0x10,
    0x9, 0xfd, 0xb0, 0x5f, 0x63, 0xf7,

    /* U+1E3E "Ḿ" */
    0x0, 0x0, 0x0, 0x6f, 0x70, 0x0, 0x0, 0x0,
    0x0, 0xd, 0xb0, 0x0, 0x0, 0x0, 0x0, 0x2,
    0x91, 0x0, 0x0, 0xa, 0xff, 0x10, 0x0, 0x0,
    0xc, 0xfa, 0xaf, 0xf6, 0x0, 0x0, 0x1, 0xff,
    0xaa, 0xfd, 0xb0, 0x0, 0x0, 0x6e, 0xfa, 0xaf,
    0x8f, 0x0, 0x0, 0xb, 0x9f, 0xaa, 0xf3, 0xf4,
    0x0, 0x1, 0xf4, 0xfa, 0xaf, 0xe, 0x90, 0x0,
    0x6e, 0xf, 0xaa, 0xf0, 0x9e, 0x0, 0xb, 0xa0,
    0xfa, 0xaf, 0x4, 0xf3, 0x0, 0xf5, 0xf, 0xaa,
    0xf0, 0xf, 0x80, 0x5f, 0x0, 0xfa, 0xaf, 0x0,
    0xad, 0xa, 0xa0, 0xf, 0xaa, 0xf0, 0x5, 0xf2,
    0xe5, 0x0, 0xfa, 0xaf, 0x0, 0xf, 0xbf, 0x10,
    0xf, 0xaa, 0xf0, 0x0, 0xbf, 0xb0, 0x0, 0xfa,
    0xaf, 0x0, 0x6, 0xf6, 0x0, 0xf, 0xa0,

    /* U+1E3F "ḿ" */
    0x0, 0x0, 0x0, 0x2f, 0xc0, 0x0, 0x0, 0x0,
    0x0, 0x9, 0xe1, 0x0, 0x0, 0x0, 0x0, 0x0,
    0x84, 0x0, 0x0, 0x0, 0x0, 0x0, 0x0, 0x0,
    0x0, 0x0, 0xd9, 0x7d, 0xfd, 0x41, 0xaf, 0xe9,
    0xd, 0xed, 0x54, 0xdf, 0xd8, 0x48, 0xf7, 0xdf,
    0x20, 0x6, 0xfa, 0x0, 0xd, 0xbd, 0xd0, 0x0,
    0x4f, 0x60, 0x0, 0xcd, 0xdc, 0x0, 0x4, 0xf4,
    0x0, 0xb, 0xdd, 0xc0, 0x0, 0x4f, 0x40, 0x0,
    0xbd, 0xdc, 0x0, 0x4, 0xf4, 0x0, 0xb, 0xdd,
    0xc0, 0x0, 0x4f, 0x40, 0x0, 0xbd, 0xdc, 0x0,
    0x4, 0xf4, 0x0, 0xb, 0xdd, 0xc0, 0x0, 0x4f,
    0x40, 0x0, 0xbd,

    /* U+1E40 "Ṁ" */
    0x0, 0x0, 0x4, 0xe4, 0x0, 0x0, 0x0, 0x0,
    0x0, 0x4f, 0x50, 0x0, 0x0, 0x0, 0x0, 0x0,
    0x0, 0x0, 0x0, 0xa, 0xff, 0x10, 0x0, 0x0,
    0xc, 0xfa, 0xaf, 0xf6, 0x0, 0x0, 0x1, 0xff,
    0xaa, 0xfd, 0xb0, 0x0, 0x0, 0x6e, 0xfa, 0xaf,
    0x8f, 0x0, 0x0, 0xb, 0x9f, 0xaa, 0xf3, 0xf4,
    0x0, 0x1, 0xf4, 0xfa, 0xaf, 0xe, 0x90, 0x0,
    0x6e, 0xf, 0xaa, 0xf0, 0x9e, 0x0, 0xb, 0xa0,
    0xfa, 0xaf, 0x4, 0xf3, 0x0, 0xf5, 0xf, 0xaa,
    0xf0, 0xf, 0x80, 0x5f, 0x0, 0xfa, 0xaf, 0x0,
    0xad, 0xa, 0xa0, 0xf, 0xaa, 0xf0, 0x5, 0xf2,
    0xe5, 0x0, 0xfa, 0xaf, 0x0, 0xf, 0xbf, 0x10,
    0xf, 0xaa, 0xf0, 0x0, 0xbf, 0xb0, 0x0, 0xfa,
    0xaf, 0x0, 0x6, 0xf6, 0x0, 0xf, 0xa0,

    /* U+1E41 "ṁ" */
    0x0, 0x0, 0x2, 0xf7, 0x0, 0x0, 0x0, 0x0,
    0x0, 0x2e, 0x60, 0x0, 0x0, 0x0, 0x0, 0x0,
    0x0, 0x0, 0x0, 0x0, 0x0, 0x0, 0x0, 0x0,
    0x0, 0x0, 0xd9, 0x7d, 0xfd, 0x41, 0xaf, 0xe9,
    0xd, 0xed, 0x54, 0xdf, 0xd8, 0x48, 0xf7, 0xdf,
    0x20, 0x6, 0xfa, 0x0, 0xd, 0xbd, 0xd0, 0x0,
    0x4f, 0x60, 0x0, 0xcd, 0xdc, 0x0, 0x4, 0xf4,
    0x0, 0xb, 0xdd, 0xc0, 0x0, 0x4f, 0x40, 0x0,
    0xbd, 0xdc, 0x0, 0x4, 0xf4, 0x0, 0xb, 0xdd,
    0xc0, 0x0, 0x4f, 0x40, 0x0, 0xbd, 0xdc, 0x0,
    0x4, 0xf4, 0x0, 0xb, 0xdd, 0xc0, 0x0, 0x4f,
    0x40, 0x0, 0xbd,

    /* U+1E42 "Ṃ" */
    0xaf, 0xf1, 0x0, 0x0, 0x0, 0xcf, 0xaa, 0xff,
    0x60, 0x0, 0x0, 0x1f, 0xfa, 0xaf, 0xdb, 0x0,
    0x0, 0x6, 0xef, 0xaa, 0xf8, 0xf0, 0x0, 0x0,
    0xb9, 0xfa, 0xaf, 0x3f, 0x40, 0x0, 0x1f, 0x4f,
    0xaa, 0xf0, 0xe9, 0x0, 0x6, 0xe0, 0xfa, 0xaf,
    0x9, 0xe0, 0x0, 0xba, 0xf, 0xaa, 0xf0, 0x4f,
    0x30, 0xf, 0x50, 0xfa, 0xaf, 0x0, 0xf8, 0x5,
    0xf0, 0xf, 0xaa, 0xf0, 0xa, 0xd0, 0xaa, 0x0,
    0xfa, 0xaf, 0x0, 0x5f, 0x2e, 0x50, 0xf, 0xaa,
    0xf0, 0x0, 0xfb, 0xf1, 0x0, 0xfa, 0xaf, 0x0,
    0xb, 0xfb, 0x0, 0xf, 0xaa, 0xf0, 0x0, 0x6f,
    0x60, 0x0, 0xfa, 0x0, 0x0, 0x0, 0x0, 0x0,
    0x0, 0x0, 0x0, 0x0, 0x0, 0x0, 0x0, 0x0,
    0x0, 0x0, 0x2, 0xe6, 0x0, 0x0, 0x0, 0x0,
    0x0, 0x2f, 0x70, 0x0, 0x0,

    /* U+1E43 "ṃ" */
    0xd9, 0x7d, 0xfd, 0x41, 0xaf, 0xe9, 0xd, 0xed,
    0x54, 0xdf, 0xd8, 0x48, 0xf7, 0xdf, 0x20, 0x6,
    0xfa, 0x0, 0xd, 0xbd, 0xd0, 0x0, 0x4f, 0x60,
    0x0, 0xcd, 0xdc, 0x0, 0x4, 0xf4, 0x0, 0xb,
    0xdd, 0xc0, 0x0, 0x4f, 0x40, 0x0, 0xbd, 0xdc,
    0x0, 0x4, 0xf4, 0x0, 0xb, 0xdd, 0xc0, 0x0,
    0x4f, 0x40, 0x0, 0xbd, 0xdc, 0x0, 0x4, 0xf4,
    0x0, 0xb, 0xdd, 0xc0, 0x0, 0x4f, 0x40, 0x0,
    0xbd, 0x0, 0x0, 0x0, 0x0, 0x0, 0x0, 0x0,
    0x0, 0x0, 0x0, 0x0, 0x0, 0x0, 0x0, 0x0,
    0x2, 0xe6, 0x0, 0x0, 0x0, 0x0, 0x0, 0x2f,
    0x70, 0x0, 0x0,

    /* U+1E44 "Ṅ" */
    0x0, 0x0, 0x2e, 0x60, 0x0, 0x0, 0x0, 0x2,
    0xf7, 0x0, 0x0, 0x0, 0x0, 0x0, 0x0, 0x0,
    0x9, 0xf7, 0x0, 0x0, 0x1, 0xf9, 0x9f, 0xf2,
    0x0, 0x0, 0x1f, 0x99, 0xff, 0xb0, 0x0, 0x1,
    0xf9, 0x9f, 0xaf, 0x40, 0x0, 0x1f, 0x99, 0xf2,
    0xee, 0x0, 0x1, 0xf9, 0x9f, 0x6, 0xf8, 0x0,
    0x1f, 0x99, 0xf0, 0xc, 0xf2, 0x1, 0xf9, 0x9f,
    0x0, 0x3f, 0xc0, 0x1f, 0x99, 0xf0, 0x0, 0x8f,
    0x51, 0xf9, 0x9f, 0x0, 0x0, 0xee, 0x2f, 0x99,
    0xf0, 0x0, 0x5, 0xfa, 0xf9, 0x9f, 0x0, 0x0,
    0xb, 0xff, 0x99, 0xf0, 0x0, 0x0, 0x2f, 0xf9,
    0x9f, 0x0, 0x0, 0x0, 0x7f, 0x90,

    /* U+1E45 "ṅ" */
    0x0, 0x5, 0xf4, 0x0, 0x0, 0x5, 0xe3, 0x0,
    0x0, 0x0, 0x0, 0x0, 0x0, 0x0, 0x0, 0x0,
    0xca, 0x5d, 0xfd, 0x70, 0xce, 0xd5, 0x4a, 0xf6,
    0xcf, 0x20, 0x0, 0xfb, 0xcd, 0x0, 0x0, 0xcd,
    0xcc, 0x0, 0x0, 0xcd, 0xcc, 0x0, 0x0, 0xcd,
    0xcc, 0x0, 0x0, 0xcd, 0xcc, 0x0, 0x0, 0xcd,
    0xcc, 0x0, 0x0, 0xcd, 0xcc, 0x0, 0x0, 0xcd,

    /* U+1E46 "Ṇ" */
    0x9f, 0x70, 0x0, 0x0, 0x1f, 0x99, 0xff, 0x20,
    0x0, 0x1, 0xf9, 0x9f, 0xfb, 0x0, 0x0, 0x1f,
    0x99, 0xfa, 0xf4, 0x0, 0x1, 0xf9, 0x9f, 0x2e,
    0xe0, 0x0, 0x1f, 0x99, 0xf0, 0x6f, 0x80, 0x1,
    0xf9, 0x9f, 0x0, 0xcf, 0x20, 0x1f, 0x99, 0xf0,
    0x3, 0xfc, 0x1, 0xf9, 0x9f, 0x0, 0x8, 0xf5,
    0x1f, 0x99, 0xf0, 0x0, 0xe, 0xe2, 0xf9, 0x9f,
    0x0, 0x0, 0x5f, 0xaf, 0x99, 0xf0, 0x0, 0x0,
    0xbf, 0xf9, 0x9f, 0x0, 0x0, 0x2, 0xff, 0x99,
    0xf0, 0x0, 0x0, 0x7, 0xf9, 0x0, 0x0, 0x0,
    0x0, 0x0, 0x0, 0x0, 0x0, 0x0, 0x0, 0x0,
    0x0, 0x0, 0x2e, 0x60, 0x0, 0x0, 0x0, 0x2,
    0xf7, 0x0, 0x0,

    /* U+1E47 "ṇ" */
    0xca, 0x5d, 0xfd, 0x70, 0xce, 0xd5, 0x4a, 0xf6,
    0xcf, 0x20, 0x0, 0xfb, 0xcd, 0x0, 0x0, 0xcd,
    0xcc, 0x0, 0x0, 0xcd, 0xcc, 0x0, 0x0, 0xcd,
    0xcc, 0x0, 0x0, 0xcd, 0xcc, 0x0, 0x0, 0xcd,
    0xcc, 0x0, 0x0, 0xcd, 0xcc, 0x0, 0x0, 0xcd,
    0x0, 0x0, 0x0, 0x0, 0x0, 0x0, 0x0, 0x0,
    0x0, 0x8, 0xe0, 0x0, 0x0, 0x9, 0xf0, 0x0,

    /* U+1E48 "Ṉ" */
    0x9f, 0x70, 0x0, 0x0, 0x1f, 0x99, 0xff, 0x20,
    0x0, 0x1, 0xf9, 0x9f, 0xfb, 0x0, 0x0, 0x1f,
    0x99, 0xfa, 0xf4, 0x0, 0x1, 0xf9, 0x9f, 0x2e,
    0xe0, 0x0, 0x1f, 0x99, 0xf0, 0x6f, 0x80, 0x1,
    0xf9, 0x9f, 0x0, 0xcf, 0x20, 0x1f, 0x99, 0xf0,
    0x3, 0xfc, 0x1, 0xf9, 0x9f, 0x0, 0x8, 0xf5,
    0x1f, 0x99, 0xf0, 0x0, 0xe, 0xe2, 0xf9, 0x9f,
    0x0, 0x0, 0x5f, 0xaf, 0x99, 0xf0, 0x0, 0x0,
    0xbf, 0xf9, 0x9f, 0x0, 0x0, 0x2, 0xff, 0x99,
    0xf0, 0x0, 0x0, 0x7, 0xf9, 0x0, 0x0, 0x0,
    0x0, 0x0, 0x0, 0x0, 0x0, 0x0, 0x0, 0x0,
    0x0, 0x16, 0x66, 0x66, 0x10, 0x0, 0x3, 0xff,
    0xff, 0xf4, 0x0,

    /* U+1E49 "ṉ" */
    0xca, 0x5d, 0xfd, 0x70, 0xce, 0xd5, 0x4a, 0xf6,
    0xcf, 0x20, 0x0, 0xfb, 0xcd, 0x0, 0x0, 0xcd,
    0xcc, 0x0, 0x0, 0xcd, 0xcc, 0x0, 0x0, 0xcd,
    0xcc, 0x0, 0x0, 0xcd, 0xcc, 0x0, 0x0, 0xcd,
    0xcc, 0x0, 0x0, 0xcd, 0xcc, 0x0, 0x0, 0xcd,
    0x0, 0x0, 0x0, 0x0, 0x0, 0x0, 0x0, 0x0,
    0x4, 0x66, 0x66, 0x50, 0xa, 0xff, 0xff, 0xd0,

    /* U+1E4A "Ṋ" */
    0x9f, 0x70, 0x0, 0x0, 0x1f, 0x99, 0xff, 0x20,
    0x0, 0x1, 0xf9, 0x9f, 0xfb, 0x0, 0x0, 0x1f,
    0x99, 0xfa, 0xf4, 0x0, 0x1, 0xf9, 0x9f, 0x2e,
    0xe0, 0x0, 0x1f, 0x99, 0xf0, 0x6f, 0x80, 0x1,
    0xf9, 0x9f, 0x0, 0xcf, 0x20, 0x1f, 0x99, 0xf0,
    0x3, 0xfc, 0x1, 0xf9, 0x9f, 0x0, 0x8, 0xf5,
    0x1f, 0x99, 0xf0, 0x0, 0xe, 0xe2, 0xf9, 0x9f,
    0x0, 0x0, 0x5f, 0xaf, 0x99, 0xf0, 0x0, 0x0,
    0xbf, 0xf9, 0x9f, 0x0, 0x0, 0x2, 0xff, 0x99,
    0xf0, 0x0, 0x0, 0x7, 0xf9, 0x0, 0x0, 0x0,
    0x0, 0x0, 0x0, 0x0, 0x3, 0x97, 0x0, 0x0,
    0x0, 0x0, 0xdc, 0xf6, 0x0, 0x0, 0x0, 0xaf,
    0x28, 0xf2, 0x0,

    /* U+1E4B "ṋ" */
    0xca, 0x5d, 0xfd, 0x70, 0xce, 0xd5, 0x4a, 0xf6,
    0xcf, 0x20, 0x0, 0xfb, 0xcd, 0x0, 0x0, 0xcd,
    0xcc, 0x0, 0x0, 0xcd, 0xcc, 0x0, 0x0, 0xcd,
    0xcc, 0x0, 0x0, 0xcd, 0xcc, 0x0, 0x0, 0xcd,
    0xcc, 0x0, 0x0, 0xcd, 0xcc, 0x0, 0x0, 0xcd,
    0x0, 0x0, 0x0, 0x0, 0x0, 0x9, 0x90, 0x0,
    0x0, 0xae, 0xea, 0x0, 0x6, 0xf5, 0x4f, 0x60,

    /* U+1E4C "Ṍ" */
    0x0, 0x0, 0x0, 0x8, 0x90, 0x0, 0x0, 0x0,
    0x0, 0x0, 0x5f, 0x60, 0x0, 0x0, 0x0, 0x0,
    0x0, 0xca, 0x0, 0x0, 0x0, 0x0, 0x0, 0x0,
    0x0, 0x0, 0x0, 0x0, 0x0, 0x0, 0x4e, 0xd4,
    0x5e, 0x0, 0x0, 0x0, 0x0, 0xc8, 0x6f, 0xf8,
    0x0, 0x0, 0x0, 0x0, 0x20, 0x1, 0x20, 0x0,
    0x0, 0x0, 0x0, 0x7c, 0xff, 0xc7, 0x0, 0x0,
    0x0, 0x1d, 0xfd, 0x99, 0xcf, 0xd1, 0x0, 0x0,
    0xdf, 0x60, 0x0, 0x6, 0xfd, 0x0, 0x6, 0xf7,
    0x0, 0x0, 0x0, 0x7f, 0x70, 0xc, 0xf0, 0x0,
    0x0, 0x0, 0xf, 0xd0, 0xf, 0xc0, 0x0, 0x0,
    0x0, 0xb, 0xf0, 0x1f, 0xa0, 0x0, 0x0, 0x0,
    0xa, 0xf2, 0x2f, 0xa0, 0x0, 0x0, 0x0, 0xa,
    0xf2, 0xf, 0xb0, 0x0, 0x0, 0x0, 0xb, 0xf0,
    0xc, 0xf0, 0x0, 0x0, 0x0, 0xf, 0xd0, 0x6,
    0xf7, 0x0, 0x0, 0x0, 0x7f, 0x70, 0x0, 0xcf,
    0x60, 0x0, 0x5, 0xfd, 0x0, 0x0, 0x1d, 0xfc,
    0x99, 0xcf, 0xd2, 0x0, 0x0, 0x0, 0x7c, 0xff,
    0xd7, 0x0, 0x0,

    /* U+1E4D "ṍ" */
    0x0, 0x0, 0x1f, 0xd0, 0x0, 0x0, 0x0, 0x7f,
    0x20, 0x0, 0x0, 0x0, 0x75, 0x0, 0x0, 0x0,
    0x4e, 0xc4, 0x5e, 0x0, 0x0, 0xd8, 0x7f, 0xf7,
    0x0, 0x0, 0x30, 0x1, 0x20, 0x0, 0x0, 0x0,
    0x0, 0x0, 0x0, 0x0, 0x3b, 0xff, 0xb3, 0x0,
    0x5, 0xfd, 0x77, 0xdf, 0x40, 0xe, 0xd0, 0x0,
    0xe, 0xe0, 0x3f, 0x70, 0x0, 0x7, 0xf3, 0x5f,
    0x40, 0x0, 0x4, 0xf5, 0x5f, 0x40, 0x0, 0x4,
    0xf5, 0x3f, 0x70, 0x0, 0x7, 0xf3, 0xe, 0xe0,
    0x0, 0xe, 0xe0, 0x5, 0xfd, 0x77, 0xdf, 0x50,
    0x0, 0x3b, 0xff, 0xb3, 0x0,

    /* U+1E4E "Ṏ" */
    0x0, 0x0, 0x6e, 0x22, 0xe6, 0x0, 0x0, 0x0,
    0x0, 0x7f, 0x32, 0xf7, 0x0, 0x0, 0x0, 0x0,
    0x0, 0x0, 0x0, 0x0, 0x0, 0x0, 0x0, 0x4e,
    0xd4, 0x5e, 0x0, 0x0, 0x0, 0x0, 0xc8, 0x6f,
    0xf8, 0x0, 0x0, 0x0, 0x0, 0x20, 0x1, 0x20,
    0x0, 0x0, 0x0, 0x0, 0x7c, 0xff, 0xc7, 0x0,
    0x0, 0x0, 0x1d, 0xfd, 0x99, 0xcf, 0xd1, 0x0,
    0x0, 0xdf, 0x60, 0x0, 0x6, 0xfd, 0x0, 0x6,
    0xf7, 0x0, 0x0, 0x0, 0x7f, 0x70, 0xc, 0xf0,
    0x0, 0x0, 0x0, 0xf, 0xd0, 0xf, 0xc0, 0x0,
    0x0, 0x0, 0xb, 0xf0, 0x1f, 0xa0, 0x0, 0x0,
    0x0, 0xa, 0xf2, 0x2f, 0xa0, 0x0, 0x0, 0x0,
    0xa, 0xf2, 0xf, 0xb0, 0x0, 0x0, 0x0, 0xb,
    0xf0, 0xc, 0xf0, 0x0, 0x0, 0x0, 0xf, 0xd0,
    0x6, 0xf7, 0x0, 0x0, 0x0, 0x7f, 0x70, 0x0,
    0xcf, 0x60, 0x0, 0x5, 0xfd, 0x0, 0x0, 0x1d,
    0xfc, 0x99, 0xcf, 0xd2, 0x0, 0x0, 0x0, 0x7c,
    0xff, 0xd7, 0x0, 0x0,

    /* U+1E4F "ṏ" */
    0x0, 0x5e, 0x32, 0xe6, 0x0, 0x0, 0x6f, 0x32,
    0xf7, 0x0, 0x0, 0x0, 0x0, 0x0, 0x0, 0x0,
    0x4e, 0xc4, 0x5e, 0x0, 0x0, 0xd8, 0x7f, 0xf7,
    0x0, 0x0, 0x30, 0x1, 0x20, 0x0, 0x0, 0x0,
    0x0, 0x0, 0x0, 0x0, 0x3b, 0xff, 0xb3, 0x0,
    0x5, 0xfd, 0x77, 0xdf, 0x40, 0xe, 0xd0, 0x0,
    0xe, 0xe0, 0x3f, 0x70, 0x0, 0x7, 0xf3, 0x5f,
    0x40, 0x0, 0x4, 0xf5, 0x5f, 0x40, 0x0, 0x4,
    0xf5, 0x3f, 0x70, 0x0, 0x7, 0xf3, 0xe, 0xe0,
    0x0, 0xe, 0xe0, 0x5, 0xfd, 0x77, 0xdf, 0x50,
    0x0, 0x3b, 0xff, 0xb3, 0x0,

    /* U+1E50 "Ṑ" */
    0x0, 0x0, 0x9, 0xf4, 0x0, 0x0, 0x0, 0x0,
    0x0, 0x0, 0xdc, 0x0, 0x0, 0x0, 0x0, 0x0,
    0x0, 0x29, 0x10, 0x0, 0x0, 0x0, 0x0, 0x1,
    0x11, 0x11, 0x0, 0x0, 0x0, 0x0, 0xaf, 0xff,
    0xfd, 0x0, 0x0, 0x0, 0x0, 0x24, 0x44, 0x43,
    0x0, 0x0, 0x0, 0x0, 0x7c, 0xff, 0xc7, 0x0,
    0x0, 0x0, 0x1d, 0xfd, 0x99, 0xcf, 0xd1, 0x0,
    0x0, 0xdf, 0x60, 0x0, 0x6, 0xfd, 0x0, 0x6,
    0xf7, 0x0, 0x0, 0x0, 0x7f, 0x70, 0xc, 0xf0,
    0x0, 0x0, 0x0, 0xf, 0xd0, 0xf, 0xc0, 0x0,
    0x0, 0x0, 0xb, 0xf0, 0x1f, 0xa0, 0x0, 0x0,
    0x0, 0xa, 0xf2, 0x2f, 0xa0, 0x0, 0x0, 0x0,
    0xa, 0xf2, 0xf, 0xb0, 0x0, 0x0, 0x0, 0xb,
    0xf0, 0xc, 0xf0, 0x0, 0x0, 0x0, 0xf, 0xd0,
    0x6, 0xf7, 0x0, 0x0, 0x0, 0x7f, 0x70, 0x0,
    0xcf, 0x60, 0x0, 0x5, 0xfd, 0x0, 0x0, 0x1d,
    0xfc, 0x99, 0xcf, 0xd2, 0x0, 0x0, 0x0, 0x7c,
    0xff, 0xd7, 0x0, 0x0,

    /* U+1E51 "ṑ" */
    0x0, 0xd, 0xf1, 0x0, 0x0, 0x0, 0x2, 0xf8,
    0x0, 0x0, 0x0, 0x0, 0x48, 0x0, 0x0, 0x0,
    0xdf, 0xff, 0xfa, 0x0, 0x0, 0x46, 0x66, 0x64,
    0x0, 0x0, 0x0, 0x0, 0x0, 0x0, 0x0, 0x0,
    0x0, 0x0, 0x0, 0x0, 0x3b, 0xff, 0xb3, 0x0,
    0x5, 0xfd, 0x77, 0xdf, 0x40, 0xe, 0xd0, 0x0,
    0xe, 0xe0, 0x3f, 0x70, 0x0, 0x7, 0xf3, 0x5f,
    0x40, 0x0, 0x4, 0xf5, 0x5f, 0x40, 0x0, 0x4,
    0xf5, 0x3f, 0x70, 0x0, 0x7, 0xf3, 0xe, 0xe0,
    0x0, 0xe, 0xe0, 0x5, 0xfd, 0x77, 0xdf, 0x50,
    0x0, 0x3b, 0xff, 0xb3, 0x0,

    /* U+1E52 "Ṓ" */
    0x0, 0x0, 0x0, 0x1f, 0xd0, 0x0, 0x0, 0x0,
    0x0, 0x0, 0x8f, 0x20, 0x0, 0x0, 0x0, 0x0,
    0x0, 0x84, 0x0, 0x0, 0x0, 0x0, 0x0, 0x1,
    0x11, 0x11, 0x0, 0x0, 0x0, 0x0, 0xaf, 0xff,
    0xfd, 0x0, 0x0, 0x0, 0x0, 0x24, 0x44, 0x43,
    0x0, 0x0, 0x0, 0x0, 0x7c, 0xff, 0xc7, 0x0,
    0x0, 0x0, 0x1d, 0xfd, 0x99, 0xcf, 0xd1, 0x0,
    0x0, 0xdf, 0x60, 0x0, 0x6, 0xfd, 0x0, 0x6,
    0xf7, 0x0, 0x0, 0x0, 0x7f, 0x70, 0xc, 0xf0,
    0x0, 0x0, 0x0, 0xf, 0xd0, 0xf, 0xc0, 0x0,
    0x0, 0x0, 0xb, 0xf0, 0x1f, 0xa0, 0x0, 0x0,
    0x0, 0xa, 0xf2, 0x2f, 0xa0, 0x0, 0x0, 0x0,
    0xa, 0xf2, 0xf, 0xb0, 0x0, 0x0, 0x0, 0xb,
    0xf0, 0xc, 0xf0, 0x0, 0x0, 0x0, 0xf, 0xd0,
    0x6, 0xf7, 0x0, 0x0, 0x0, 0x7f, 0x70, 0x0,
    0xcf, 0x60, 0x0, 0x5, 0xfd, 0x0, 0x0, 0x1d,
    0xfc, 0x99, 0xcf, 0xd2, 0x0, 0x0, 0x0, 0x7c,
    0xff, 0xd7, 0x0, 0x0,

    /* U+1E53 "ṓ" */
    0x0, 0x0, 0x1f, 0xd0, 0x0, 0x0, 0x0, 0x7f,
    0x20, 0x0, 0x0, 0x0, 0x75, 0x0, 0x0, 0x0,
    0xdf, 0xff, 0xfa, 0x0, 0x0, 0x46, 0x66, 0x64,
    0x0, 0x0, 0x0, 0x0, 0x0, 0x0, 0x0, 0x0,
    0x0, 0x0, 0x0, 0x0, 0x3b, 0xff, 0xb3, 0x0,
    0x5, 0xfd, 0x77, 0xdf, 0x40, 0xe, 0xd0, 0x0,
    0xe, 0xe0, 0x3f, 0x70, 0x0, 0x7, 0xf3, 0x5f,
    0x40, 0x0, 0x4, 0xf5, 0x5f, 0x40, 0x0, 0x4,
    0xf5, 0x3f, 0x70, 0x0, 0x7, 0xf3, 0xe, 0xe0,
    0x0, 0xe, 0xe0, 0x5, 0xfd, 0x77, 0xdf, 0x50,
    0x0, 0x3b, 0xff, 0xb3, 0x0,

    /* U+1E54 "Ṕ" */
    0x0, 0x0, 0x3f, 0xa0, 0x0, 0x0, 0x0, 0xb,
    0xd0, 0x0, 0x0, 0x0, 0x0, 0x93, 0x0, 0x0,
    0x9, 0xff, 0xff, 0xff, 0xc5, 0x0, 0x9f, 0xa9,
    0x99, 0xaf, 0xf6, 0x9, 0xf1, 0x0, 0x0, 0x2f,
    0xe0, 0x9f, 0x10, 0x0, 0x0, 0xaf, 0x29, 0xf1,
    0x0, 0x0, 0x9, 0xf3, 0x9f, 0x10, 0x0, 0x0,
    0xdf, 0x9, 0xf1, 0x0, 0x2, 0x9f, 0xa0, 0x9f,
    0xff, 0xff, 0xff, 0xc1, 0x9, 0xfa, 0x99, 0x98,
    0x40, 0x0, 0x9f, 0x10, 0x0, 0x0, 0x0, 0x9,
    0xf1, 0x0, 0x0, 0x0, 0x0, 0x9f, 0x10, 0x0,
    0x0, 0x0, 0x9, 0xf1, 0x0, 0x0, 0x0, 0x0,
    0x9f, 0x10, 0x0, 0x0, 0x0, 0x0,

    /* U+1E55 "ṕ" */
    0x0, 0x1, 0xfd, 0x0, 0x0, 0x0, 0x7f, 0x20,
    0x0, 0x0, 0x7, 0x50, 0x0, 0x0, 0x0, 0x0,
    0x0, 0x0, 0xca, 0x6d, 0xfd, 0x50, 0xc, 0xef,
    0x75, 0xcf, 0x50, 0xcf, 0x40, 0x0, 0xde, 0xc,
    0xd0, 0x0, 0x7, 0xf2, 0xcb, 0x0, 0x0, 0x5f,
    0x4c, 0xb0, 0x0, 0x5, 0xf4, 0xcd, 0x0, 0x0,
    0x8f, 0x2c, 0xf4, 0x0, 0xe, 0xd0, 0xcf, 0xf8,
    0x7d, 0xf3, 0xc, 0xc6, 0xef, 0xc3, 0x0, 0xcc,
    0x0, 0x0, 0x0, 0xc, 0xc0, 0x0, 0x0, 0x0,
    0xcc, 0x0, 0x0, 0x0, 0xc, 0xc0, 0x0, 0x0,
    0x0,

    /* U+1E56 "Ṗ" */
    0x0, 0x1, 0xe7, 0x0, 0x0, 0x0, 0x0, 0x1f,
    0x80, 0x0, 0x0, 0x0, 0x0, 0x0, 0x0, 0x0,
    0x9, 0xff, 0xff, 0xff, 0xc5, 0x0, 0x9f, 0xa9,
    0x99, 0xaf, 0xf6, 0x9, 0xf1, 0x0, 0x0, 0x2f,
    0xe0, 0x9f, 0x10, 0x0, 0x0, 0xaf, 0x29, 0xf1,
    0x0, 0x0, 0x9, 0xf3, 0x9f, 0x10, 0x0, 0x0,
    0xdf, 0x9, 0xf1, 0x0, 0x2, 0x9f, 0xa0, 0x9f,
    0xff, 0xff, 0xff, 0xc1, 0x9, 0xfa, 0x99, 0x98,
    0x40, 0x0, 0x9f, 0x10, 0x0, 0x0, 0x0, 0x9,
    0xf1, 0x0, 0x0, 0x0, 0x0, 0x9f, 0x10, 0x0,
    0x0, 0x0, 0x9, 0xf1, 0x0, 0x0, 0x0, 0x0,
    0x9f, 0x10, 0x0, 0x0, 0x0, 0x0,

    /* U+1E57 "ṗ" */
    0x0, 0xa, 0xf0, 0x0, 0x0, 0x0, 0x9e, 0x0,
    0x0, 0x0, 0x0, 0x0, 0x0, 0x0, 0x0, 0x0,
    0x0, 0x0, 0xca, 0x6d, 0xfd, 0x50, 0xc, 0xef,
    0x75, 0xcf, 0x50, 0xcf, 0x40, 0x0, 0xde, 0xc,
    0xd0, 0x0, 0x7, 0xf2, 0xcb, 0x0, 0x0, 0x5f,
    0x4c, 0xb0, 0x0, 0x5, 0xf4, 0xcd, 0x0, 0x0,
    0x8f, 0x2c, 0xf4, 0x0, 0xe, 0xd0, 0xcf, 0xf8,
    0x7d, 0xf3, 0xc, 0xc6, 0xef, 0xc3, 0x0, 0xcc,
    0x0, 0x0, 0x0, 0xc, 0xc0, 0x0, 0x0, 0x0,
    0xcc, 0x0, 0x0, 0x0, 0xc, 0xc0, 0x0, 0x0,
    0x0,

    /* U+1E58 "Ṙ" */
    0x0, 0x0, 0x7e, 0x10, 0x0, 0x0, 0x0, 0x0,
    0x8f, 0x10, 0x0, 0x0, 0x0, 0x0, 0x0, 0x0,
    0x0, 0x0, 0x9f, 0xff, 0xff, 0xfe, 0xa2, 0x0,
    0x9f, 0x87, 0x77, 0x8b, 0xfe, 0x10, 0x9f, 0x20,
    0x0, 0x0, 0x7f, 0x70, 0x9f, 0x20, 0x0, 0x0,
    0x1f, 0xb0, 0x9f, 0x20, 0x0, 0x0, 0x2f, 0xa0,
    0x9f, 0x20, 0x0, 0x0, 0x9f, 0x60, 0x9f, 0xa9,
    0x99, 0xad, 0xfb, 0x0, 0x9f, 0xff, 0xff, 0xfb,
    0x50, 0x0, 0x9f, 0x20, 0x4, 0xee, 0x30, 0x0,
    0x9f, 0x20, 0x0, 0x3f, 0xe1, 0x0, 0x9f, 0x20,
    0x0, 0x7, 0xfa, 0x0, 0x9f, 0x20, 0x0, 0x0,
    0xdf, 0x40, 0x9f, 0x20, 0x0, 0x0, 0x4f, 0xd0,
    0x9f, 0x20, 0x0, 0x0, 0xa, 0xf7,

    /* U+1E59 "ṙ" */
    0xd, 0xc0, 0x0, 0xb, 0xb0, 0x0, 0x0, 0x0,
    0x0, 0x0, 0x0, 0x0, 0xd9, 0x9f, 0xd1, 0xde,
    0xd8, 0x90, 0xdf, 0x20, 0x0, 0xdd, 0x0, 0x0,
    0xdc, 0x0, 0x0, 0xdb, 0x0, 0x0, 0xdb, 0x0,
    0x0, 0xdb, 0x0, 0x0, 0xdb, 0x0, 0x0, 0xdb,
    0x0, 0x0,

    /* U+1E5A "Ṛ" */
    0x9f, 0xff, 0xff, 0xfe, 0xa2, 0x0, 0x9f, 0x87,
    0x77, 0x8b, 0xfe, 0x10, 0x9f, 0x20, 0x0, 0x0,
    0x7f, 0x70, 0x9f, 0x20, 0x0, 0x0, 0x1f, 0xb0,
    0x9f, 0x20, 0x0, 0x0, 0x2f, 0xa0, 0x9f, 0x20,
    0x0, 0x0, 0x9f, 0x60, 0x9f, 0xa9, 0x99, 0xad,
    0xfb, 0x0, 0x9f, 0xff, 0xff, 0xfb, 0x50, 0x0,
    0x9f, 0x20, 0x4, 0xee, 0x30, 0x0, 0x9f, 0x20,
    0x0, 0x3f, 0xe1, 0x0, 0x9f, 0x20, 0x0, 0x7,
    0xfa, 0x0, 0x9f, 0x20, 0x0, 0x0, 0xdf, 0x40,
    0x9f, 0x20, 0x0, 0x0, 0x4f, 0xd0, 0x9f, 0x20,
    0x0, 0x0, 0xa, 0xf7, 0x0, 0x0, 0x0, 0x0,
    0x0, 0x0, 0x0, 0x0, 0x0, 0x0, 0x0, 0x0,
    0x0, 0x0, 0x6e, 0x20, 0x0, 0x0, 0x0, 0x0,
    0x7f, 0x20, 0x0, 0x0,

    /* U+1E5B "ṛ" */
    0xd9, 0x9f, 0xd1, 0xde, 0xd8, 0x90, 0xdf, 0x20,
    0x0, 0xdd, 0x0, 0x0, 0xdc, 0x0, 0x0, 0xdb,
    0x0, 0x0, 0xdb, 0x0, 0x0, 0xdb, 0x0, 0x0,
    0xdb, 0x0, 0x0, 0xdb, 0x0, 0x0, 0x0, 0x0,
    0x0, 0x0, 0x0, 0x0, 0xb, 0xb0, 0x0, 0xc,
    0xd0, 0x0,

    /* U+1E5C "Ṝ" */
    0x0, 0x1, 0x11, 0x11, 0x0, 0x0, 0x0, 0x8f,
    0xff, 0xff, 0x0, 0x0, 0x0, 0x24, 0x44, 0x44,
    0x0, 0x0, 0x9f, 0xff, 0xff, 0xfe, 0xa2, 0x0,
    0x9f, 0x87, 0x77, 0x8b, 0xfe, 0x10, 0x9f, 0x20,
    0x0, 0x0, 0x7f, 0x70, 0x9f, 0x20, 0x0, 0x0,
    0x1f, 0xb0, 0x9f, 0x20, 0x0, 0x0, 0x2f, 0xa0,
    0x9f, 0x20, 0x0, 0x0, 0x9f, 0x60, 0x9f, 0xa9,
    0x99, 0xad, 0xfb, 0x0, 0x9f, 0xff, 0xff, 0xfb,
    0x50, 0x0, 0x9f, 0x20, 0x4, 0xee, 0x30, 0x0,
    0x9f, 0x20, 0x0, 0x3f, 0xe1, 0x0, 0x9f, 0x20,
    0x0, 0x7, 0xfa, 0x0, 0x9f, 0x20, 0x0, 0x0,
    0xdf, 0x40, 0x9f, 0x20, 0x0, 0x0, 0x4f, 0xd0,
    0x9f, 0x20, 0x0, 0x0, 0xa, 0xf7, 0x0, 0x0,
    0x0, 0x0, 0x0, 0x0, 0x0, 0x0, 0x0, 0x0,
    0x0, 0x0, 0x0, 0x0, 0x6e, 0x20, 0x0, 0x0,
    0x0, 0x0, 0x7f, 0x20, 0x0, 0x0,

    /* U+1E5D "ṝ" */
    0xcf, 0xff, 0xfb, 0x4, 0x66, 0x66, 0x40, 0x0,
    0x0, 0x0, 0x0, 0x0, 0x0, 0x0, 0xd, 0x99,
    0xfd, 0x10, 0xde, 0xd8, 0x90, 0xd, 0xf2, 0x0,
    0x0, 0xdd, 0x0, 0x0, 0xd, 0xc0, 0x0, 0x0,
    0xdb, 0x0, 0x0, 0xd, 0xb0, 0x0, 0x0, 0xdb,
    0x0, 0x0, 0xd, 0xb0, 0x0, 0x0, 0xdb, 0x0,
    0x0, 0x0, 0x0, 0x0, 0x0, 0x0, 0x0, 0x0,
    0x0, 0xbb, 0x0, 0x0, 0xc, 0xd0, 0x0,

    /* U+1E5E "Ṟ" */
    0x9f, 0xff, 0xff, 0xfe, 0xa1, 0x0, 0x9f, 0x87,
    0x77, 0x8c, 0xfd, 0x0, 0x9f, 0x20, 0x0, 0x0,
    0x9f, 0x60, 0x9f, 0x20, 0x0, 0x0, 0x2f, 0xa0,
    0x9f, 0x20, 0x0, 0x0, 0x1f, 0xa0, 0x9f, 0x20,
    0x0, 0x0, 0x4f, 0x80, 0x9f, 0x20, 0x0, 0x4,
    0xef, 0x20, 0x9f, 0xff, 0xff, 0xff, 0xe4, 0x0,
    0x9f, 0xa9, 0xad, 0xfa, 0x0, 0x0, 0x9f, 0x20,
    0x0, 0x9f, 0x90, 0x0, 0x9f, 0x20, 0x0, 0xb,
    0xf6, 0x0, 0x9f, 0x20, 0x0, 0x1, 0xef, 0x20,
    0x9f, 0x20, 0x0, 0x0, 0x5f, 0xc0, 0x9f, 0x20,
    0x0, 0x0, 0xa, 0xf7, 0x0, 0x0, 0x0, 0x0,
    0x0, 0x0, 0x0, 0x0, 0x0, 0x0, 0x0, 0x0,
    0x0, 0x6, 0x66, 0x66, 0x20, 0x0, 0x0, 0xf,
    0xff, 0xff, 0x70, 0x0,

    /* U+1E5F "ṟ" */
    0xd, 0x99, 0xfd, 0x10, 0xde, 0xd8, 0x90, 0xd,
    0xf2, 0x0, 0x0, 0xdd, 0x0, 0x0, 0xd, 0xc0,
    0x0, 0x0, 0xdb, 0x0, 0x0, 0xd, 0xb0, 0x0,
    0x0, 0xdb, 0x0, 0x0, 0xd, 0xb0, 0x0, 0x0,
    0xdb, 0x0, 0x0, 0x0, 0x0, 0x0, 0x0, 0x0,
    0x0, 0x0, 0x56, 0x66, 0x64, 0xd, 0xff, 0xff,
    0xa0,

    /* U+1E60 "Ṡ" */
    0x0, 0x0, 0x1e, 0x70, 0x0, 0x0, 0x0, 0x0,
    0x1f, 0x80, 0x0, 0x0, 0x0, 0x0, 0x0, 0x0,
    0x0, 0x0, 0x0, 0x8, 0xdf, 0xfc, 0x60, 0x0,
    0x0, 0xdf, 0xda, 0xbe, 0xfa, 0x0, 0x7, 0xf6,
    0x0, 0x0, 0xaf, 0x50, 0xa, 0xf0, 0x0, 0x0,
    0x2f, 0x90, 0x8, 0xf3, 0x0, 0x0, 0x2, 0x0,
    0x2, 0xff, 0xa5, 0x10, 0x0, 0x0, 0x0, 0x4d,
    0xff, 0xfd, 0x71, 0x0, 0x0, 0x0, 0x38, 0xcf,
    0xfe, 0x20, 0x0, 0x0, 0x0, 0x1, 0x8f, 0xc0,
    0x1a, 0x50, 0x0, 0x0, 0xb, 0xf0, 0xf, 0xc0,
    0x0, 0x0, 0xa, 0xf0, 0xa, 0xf8, 0x0, 0x0,
    0x4f, 0xb0, 0x1, 0xdf, 0xeb, 0xac, 0xfe, 0x20,
    0x0, 0x7, 0xcf, 0xfe, 0x91, 0x0,

    /* U+1E61 "ṡ" */
    0x0, 0x4, 0xf5, 0x0, 0x0, 0x0, 0x3e, 0x40,
    0x0, 0x0, 0x0, 0x0, 0x0, 0x0, 0x0, 0x0,
    0x0, 0x0, 0x1, 0xae, 0xfd, 0x70, 0x0, 0xce,
    0x76, 0x9f, 0x80, 0x2f, 0x60, 0x0, 0xaa, 0x0,
    0xfd, 0x50, 0x0, 0x0, 0x6, 0xff, 0xfb, 0x60,
    0x0, 0x1, 0x6a, 0xef, 0xc0, 0x14, 0x0, 0x0,
    0x9f, 0x34, 0xf6, 0x0, 0x6, 0xf3, 0xc, 0xf9,
    0x68, 0xfc, 0x0, 0x19, 0xdf, 0xd8, 0x10,

    /* U+1E62 "Ṣ" */
    0x0, 0x8, 0xdf, 0xfc, 0x60, 0x0, 0x0, 0xdf,
    0xda, 0xbe, 0xfa, 0x0, 0x7, 0xf6, 0x0, 0x0,
    0xaf, 0x50, 0xa, 0xf0, 0x0, 0x0, 0x2f, 0x90,
    0x8, 0xf3, 0x0, 0x0, 0x2, 0x0, 0x2, 0xff,
    0xa5, 0x10, 0x0, 0x0, 0x0, 0x4d, 0xff, 0xfd,
    0x71, 0x0, 0x0, 0x0, 0x38, 0xcf, 0xfe, 0x20,
    0x0, 0x0, 0x0, 0x1, 0x8f, 0xc0, 0x1a, 0x50,
    0x0, 0x0, 0xb, 0xf0, 0xf, 0xc0, 0x0, 0x0,
    0xa, 0xf0, 0xa, 0xf8, 0x0, 0x0, 0x4f, 0xb0,
    0x1, 0xdf, 0xeb, 0xac, 0xfe, 0x20, 0x0, 0x7,
    0xcf, 0xfe, 0x91, 0x0, 0x0, 0x0, 0x0, 0x0,
    0x0, 0x0, 0x0, 0x0, 0x0, 0x0, 0x0, 0x0,
    0x0, 0x0, 0xb, 0xb0, 0x0, 0x0, 0x0, 0x0,
    0xc, 0xd0, 0x0, 0x0,

    /* U+1E63 "ṣ" */
    0x1, 0xae, 0xfd, 0x70, 0x0, 0xce, 0x76, 0x9f,
    0x80, 0x2f, 0x60, 0x0, 0xaa, 0x0, 0xfd, 0x50,
    0x0, 0x0, 0x6, 0xff, 0xfb, 0x60, 0x0, 0x1,
    0x6a, 0xef, 0xc0, 0x14, 0x0, 0x0, 0x9f, 0x34,
    0xf6, 0x0, 0x6, 0xf3, 0xc, 0xf9, 0x68, 0xfc,
    0x0, 0x19, 0xdf, 0xd8, 0x10, 0x0, 0x0, 0x0,
    0x0, 0x0, 0x0, 0x0, 0x0, 0x0, 0x0, 0x4,
    0xe4, 0x0, 0x0, 0x0, 0x5f, 0x40, 0x0,

    /* U+1E64 "Ṥ" */
    0x0, 0x3, 0xf6, 0x0, 0x0, 0x0, 0x0, 0x3,
    0xe5, 0x3f, 0xb0, 0x0, 0x0, 0x0, 0x0, 0xae,
    0x10, 0x0, 0x0, 0x0, 0x0, 0x93, 0x0, 0x0,
    0x0, 0x8, 0xdf, 0xfc, 0x60, 0x0, 0x0, 0xdf,
    0xda, 0xbe, 0xfa, 0x0, 0x7, 0xf6, 0x0, 0x0,
    0xaf, 0x50, 0xa, 0xf0, 0x0, 0x0, 0x2f, 0x90,
    0x8, 0xf3, 0x0, 0x0, 0x2, 0x0, 0x2, 0xff,
    0xa5, 0x10, 0x0, 0x0, 0x0, 0x4d, 0xff, 0xfd,
    0x71, 0x0, 0x0, 0x0, 0x38, 0xcf, 0xfe, 0x20,
    0x0, 0x0, 0x0, 0x1, 0x8f, 0xc0, 0x1a, 0x50,
    0x0, 0x0, 0xb, 0xf0, 0xf, 0xc0, 0x0, 0x0,
    0xa, 0xf0, 0xa, 0xf8, 0x0, 0x0, 0x4f, 0xb0,
    0x1, 0xdf, 0xeb, 0xac, 0xfe, 0x20, 0x0, 0x7,
    0xcf, 0xfe, 0x91, 0x0,

    /* U+1E65 "ṥ" */
    0x0, 0xe8, 0x0, 0x0, 0x0, 0xf, 0xa1, 0xfd,
    0x0, 0x0, 0x0, 0x7f, 0x20, 0x0, 0x0, 0x7,
    0x50, 0x0, 0x0, 0x0, 0x0, 0x0, 0x0, 0x1a,
    0xef, 0xd7, 0x0, 0xc, 0xe7, 0x69, 0xf8, 0x2,
    0xf6, 0x0, 0xa, 0xa0, 0xf, 0xd5, 0x0, 0x0,
    0x0, 0x6f, 0xff, 0xb6, 0x0, 0x0, 0x16, 0xae,
    0xfc, 0x1, 0x40, 0x0, 0x9, 0xf3, 0x4f, 0x60,
    0x0, 0x6f, 0x30, 0xcf, 0x96, 0x8f, 0xc0, 0x1,
    0x9d, 0xfd, 0x81, 0x0,

    /* U+1E66 "Ṧ" */
    0x0, 0x0, 0xd, 0xc0, 0x0, 0x0, 0x0, 0x0,
    0xc, 0xa0, 0x0, 0x0, 0x0, 0x2, 0x30, 0x3,
    0x20, 0x0, 0x0, 0x4, 0xf6, 0x7f, 0x40, 0x0,
    0x0, 0x0, 0x8f, 0xf8, 0x0, 0x0, 0x0, 0x0,
    0x5, 0x60, 0x0, 0x0, 0x0, 0x8, 0xdf, 0xfc,
    0x60, 0x0, 0x0, 0xdf, 0xda, 0xbe, 0xfa, 0x0,
    0x7, 0xf6, 0x0, 0x0, 0xaf, 0x50, 0xa, 0xf0,
    0x0, 0x0, 0x2f, 0x90, 0x8, 0xf3, 0x0, 0x0,
    0x2, 0x0, 0x2, 0xff, 0xa5, 0x10, 0x0, 0x0,
    0x0, 0x4d, 0xff, 0xfd, 0x71, 0x0, 0x0, 0x0,
    0x38, 0xcf, 0xfe, 0x20, 0x0, 0x0, 0x0, 0x1,
    0x8f, 0xc0, 0x1a, 0x50, 0x0, 0x0, 0xb, 0xf0,
    0xf, 0xc0, 0x0, 0x0, 0xa, 0xf0, 0xa, 0xf8,
    0x0, 0x0, 0x4f, 0xb0, 0x1, 0xdf, 0xeb, 0xac,
    0xfe, 0x20, 0x0, 0x7, 0xcf, 0xfe, 0x91, 0x0,

    /* U+1E67 "ṧ" */
    0x0, 0x3, 0xe4, 0x0, 0x0, 0x0, 0x4f, 0x50,
    0x0, 0x0, 0x0, 0x0, 0x0, 0x0, 0xd, 0xc0,
    0xce, 0x0, 0x0, 0x3f, 0xbf, 0x40, 0x0, 0x0,
    0x6c, 0x70, 0x0, 0x0, 0x0, 0x0, 0x0, 0x0,
    0x1a, 0xef, 0xd7, 0x0, 0xc, 0xe7, 0x69, 0xf8,
    0x2, 0xf6, 0x0, 0xa, 0xa0, 0xf, 0xd5, 0x0,
    0x0, 0x0, 0x6f, 0xff, 0xb6, 0x0, 0x0, 0x16,
    0xae, 0xfc, 0x1, 0x40, 0x0, 0x9, 0xf3, 0x4f,
    0x60, 0x0, 0x6f, 0x30, 0xcf, 0x96, 0x8f, 0xc0,
    0x1, 0x9d, 0xfd, 0x81, 0x0,

    /* U+1E68 "Ṩ" */
    0x0, 0x0, 0xb, 0xb0, 0x0, 0x0, 0x0, 0x0,
    0xc, 0xd0, 0x0, 0x0, 0x0, 0x0, 0x0, 0x0,
    0x0, 0x0, 0x0, 0x8, 0xdf, 0xfc, 0x60, 0x0,
    0x0, 0xdf, 0xda, 0xbe, 0xfa, 0x0, 0x7, 0xf6,
    0x0, 0x0, 0xaf, 0x50, 0xa, 0xf0, 0x0, 0x0,
    0x2f, 0x90, 0x8, 0xf3, 0x0, 0x0, 0x2, 0x0,
    0x2, 0xff, 0xa5, 0x10, 0x0, 0x0, 0x0, 0x4d,
    0xff, 0xfd, 0x71, 0x0, 0x0, 0x0, 0x38, 0xcf,
    0xfe, 0x20, 0x0, 0x0, 0x0, 0x1, 0x8f, 0xc0,
    0x1a, 0x50, 0x0, 0x0, 0xb, 0xf0, 0xf, 0xc0,
    0x0, 0x0, 0xa, 0xf0, 0xa, 0xf8, 0x0, 0x0,
    0x4f, 0xb0, 0x1, 0xdf, 0xeb, 0xac, 0xfe, 0x20,
    0x0, 0x7, 0xcf, 0xfe, 0x91, 0x0, 0x0, 0x0,
    0x0, 0x0, 0x0, 0x0, 0x0, 0x0, 0x0, 0x0,
    0x0, 0x0, 0x0, 0x0, 0xb, 0xb0, 0x0, 0x0,
    0x0, 0x0, 0xc, 0xd0, 0x0, 0x0,

    /* U+1E69 "ṩ" */
    0x0, 0x4, 0xf5, 0x0, 0x0, 0x0, 0x3e, 0x40,
    0x0, 0x0, 0x0, 0x0, 0x0, 0x0, 0x0, 0x0,
    0x0, 0x0, 0x1, 0xae, 0xfd, 0x70, 0x0, 0xce,
    0x76, 0x9f, 0x80, 0x2f, 0x60, 0x0, 0xaa, 0x0,
    0xfd, 0x50, 0x0, 0x0, 0x6, 0xff, 0xfb, 0x60,
    0x0, 0x1, 0x6a, 0xef, 0xc0, 0x14, 0x0, 0x0,
    0x9f, 0x34, 0xf6, 0x0, 0x6, 0xf3, 0xc, 0xf9,
    0x68, 0xfc, 0x0, 0x19, 0xdf, 0xd8, 0x10, 0x0,
    0x0, 0x0, 0x0, 0x0, 0x0, 0x0, 0x0, 0x0,
    0x0, 0x3, 0xe4, 0x0, 0x0, 0x0, 0x4f, 0x50,
    0x0,

    /* U+1E6A "Ṫ" */
    0x0, 0x0, 0x3e, 0x50, 0x0, 0x0, 0x0, 0x4,
    0xf5, 0x0, 0x0, 0x0, 0x0, 0x0, 0x0, 0x0,
    0x9, 0xff, 0xff, 0xff, 0xff, 0xf9, 0x59, 0x99,
    0xcf, 0xb9, 0x99, 0x50, 0x0, 0x6, 0xf5, 0x0,
    0x0, 0x0, 0x0, 0x6f, 0x50, 0x0, 0x0, 0x0,
    0x6, 0xf5, 0x0, 0x0, 0x0, 0x0, 0x6f, 0x50,
    0x0, 0x0, 0x0, 0x6, 0xf5, 0x0, 0x0, 0x0,
    0x0, 0x6f, 0x50, 0x0, 0x0, 0x0, 0x6, 0xf5,
    0x0, 0x0, 0x0, 0x0, 0x6f, 0x50, 0x0, 0x0,
    0x0, 0x6, 0xf5, 0x0, 0x0, 0x0, 0x0, 0x6f,
    0x50, 0x0, 0x0, 0x0, 0x6, 0xf5, 0x0, 0x0,
    0x0, 0x0, 0x6f, 0x50, 0x0, 0x0,

    /* U+1E6B "ṫ" */
    0x7, 0xe1, 0x0, 0x8f, 0x10, 0x0, 0x0, 0x0,
    0x2, 0x0, 0x5, 0xf0, 0x0, 0x8f, 0x0, 0x8,
    0xf0, 0xb, 0xff, 0xfa, 0x3a, 0xf5, 0x20, 0x8f,
    0x0, 0x8, 0xf0, 0x0, 0x8f, 0x0, 0x8, 0xf0,
    0x0, 0x8f, 0x0, 0x8, 0xf1, 0x0, 0x6f, 0xb6,
    0x1, 0xcf, 0xb0,

    /* U+1E6C "Ṭ" */
    0x9f, 0xff, 0xff, 0xff, 0xff, 0x95, 0x99, 0x9c,
    0xfb, 0x99, 0x95, 0x0, 0x0, 0x6f, 0x50, 0x0,
    0x0, 0x0, 0x6, 0xf5, 0x0, 0x0, 0x0, 0x0,
    0x6f, 0x50, 0x0, 0x0, 0x0, 0x6, 0xf5, 0x0,
    0x0, 0x0, 0x0, 0x6f, 0x50, 0x0, 0x0, 0x0,
    0x6, 0xf5, 0x0, 0x0, 0x0, 0x0, 0x6f, 0x50,
    0x0, 0x0, 0x0, 0x6, 0xf5, 0x0, 0x0, 0x0,
    0x0, 0x6f, 0x50, 0x0, 0x0, 0x0, 0x6, 0xf5,
    0x0, 0x0, 0x0, 0x0, 0x6f, 0x50, 0x0, 0x0,
    0x0, 0x6, 0xf5, 0x0, 0x0, 0x0, 0x0, 0x0,
    0x0, 0x0, 0x0, 0x0, 0x0, 0x0, 0x0, 0x0,
    0x0, 0x0, 0x5e, 0x30, 0x0, 0x0, 0x0, 0x5,
    0xf4, 0x0, 0x0,

    /* U+1E6D "ṭ" */
    0x0, 0x20, 0x0, 0x5f, 0x0, 0x8, 0xf0, 0x0,
    0x8f, 0x0, 0xbf, 0xff, 0xa3, 0xaf, 0x52, 0x8,
    0xf0, 0x0, 0x8f, 0x0, 0x8, 0xf0, 0x0, 0x8f,
    0x0, 0x8, 0xf0, 0x0, 0x8f, 0x10, 0x6, 0xfb,
    0x60, 0x1c, 0xfb, 0x0, 0x0, 0x0, 0x0, 0x0,
    0x0, 0xbb, 0x0, 0xd, 0xc0,

    /* U+1E6E "Ṯ" */
    0x9f, 0xff, 0xff, 0xff, 0xff, 0x95, 0x99, 0x9c,
    0xfb, 0x99, 0x95, 0x0, 0x0, 0x6f, 0x50, 0x0,
    0x0, 0x0, 0x6, 0xf5, 0x0, 0x0, 0x0, 0x0,
    0x6f, 0x50, 0x0, 0x0, 0x0, 0x6, 0xf5, 0x0,
    0x0, 0x0, 0x0, 0x6f, 0x50, 0x0, 0x0, 0x0,
    0x6, 0xf5, 0x0, 0x0, 0x0, 0x0, 0x6f, 0x50,
    0x0, 0x0, 0x0, 0x6, 0xf5, 0x0, 0x0, 0x0,
    0x0, 0x6f, 0x50, 0x0, 0x0, 0x0, 0x6, 0xf5,
    0x0, 0x0, 0x0, 0x0, 0x6f, 0x50, 0x0, 0x0,
    0x0, 0x6, 0xf5, 0x0, 0x0, 0x0, 0x0, 0x0,
    0x0, 0x0, 0x0, 0x0, 0x0, 0x0, 0x0, 0x0,
    0x0, 0x16, 0x66, 0x66, 0x10, 0x0, 0x5, 0xff,
    0xff, 0xf2, 0x0,

    /* U+1E6F "ṯ" */
    0x0, 0x2, 0x0, 0x0, 0x5, 0xf0, 0x0, 0x0,
    0x8f, 0x0, 0x0, 0x8, 0xf0, 0x0, 0xb, 0xff,
    0xfa, 0x0, 0x3a, 0xf5, 0x20, 0x0, 0x8f, 0x0,
    0x0, 0x8, 0xf0, 0x0, 0x0, 0x8f, 0x0, 0x0,
    0x8, 0xf0, 0x0, 0x0, 0x8f, 0x0, 0x0, 0x8,
    0xf1, 0x0, 0x0, 0x6f, 0xb6, 0x0, 0x1, 0xcf,
    0xb0, 0x0, 0x0, 0x0, 0x0, 0x0, 0x0, 0x0,
    0x16, 0x66, 0x66, 0x13, 0xff, 0xff, 0xf4,

    /* U+1E70 "Ṱ" */
    0x9f, 0xff, 0xff, 0xff, 0xff, 0x95, 0x99, 0x9c,
    0xfb, 0x99, 0x95, 0x0, 0x0, 0x6f, 0x50, 0x0,
    0x0, 0x0, 0x6, 0xf5, 0x0, 0x0, 0x0, 0x0,
    0x6f, 0x50, 0x0, 0x0, 0x0, 0x6, 0xf5, 0x0,
    0x0, 0x0, 0x0, 0x6f, 0x50, 0x0, 0x0, 0x0,
    0x6, 0xf5, 0x0, 0x0, 0x0, 0x0, 0x6f, 0x50,
    0x0, 0x0, 0x0, 0x6, 0xf5, 0x0, 0x0, 0x0,
    0x0, 0x6f, 0x50, 0x0, 0x0, 0x0, 0x6, 0xf5,
    0x0, 0x0, 0x0, 0x0, 0x6f, 0x50, 0x0, 0x0,
    0x0, 0x6, 0xf5, 0x0, 0x0, 0x0, 0x0, 0x0,
    0x0, 0x0, 0x0, 0x0, 0x5, 0x94, 0x0, 0x0,
    0x0, 0x3, 0xfc, 0xf2, 0x0, 0x0, 0x0, 0xdd,
    0xc, 0xd0, 0x0,

    /* U+1E71 "ṱ" */
    0x0, 0x20, 0x0, 0x5, 0xf0, 0x0, 0x8, 0xf0,
    0x0, 0x8, 0xf0, 0x0, 0xbf, 0xff, 0xa0, 0x3a,
    0xf5, 0x20, 0x8, 0xf0, 0x0, 0x8, 0xf0, 0x0,
    0x8, 0xf0, 0x0, 0x8, 0xf0, 0x0, 0x8, 0xf0,
    0x0, 0x8, 0xf1, 0x0, 0x6, 0xfb, 0x60, 0x1,
    0xcf, 0xb0, 0x0, 0x0, 0x0, 0x2, 0xa9, 0x0,
    0xc, 0xde, 0x80, 0x8f, 0x36, 0xf4,

    /* U+1E72 "Ṳ" */
    0x9f, 0x20, 0x0, 0x0, 0x2f, 0x99, 0xf2, 0x0,
    0x0, 0x2, 0xf9, 0x9f, 0x20, 0x0, 0x0, 0x2f,
    0x99, 0xf2, 0x0, 0x0, 0x2, 0xf9, 0x9f, 0x20,
    0x0, 0x0, 0x2f, 0x99, 0xf2, 0x0, 0x0, 0x2,
    0xf9, 0x9f, 0x20, 0x0, 0x0, 0x2f, 0x99, 0xf2,
    0x0, 0x0, 0x2, 0xf8, 0x8f, 0x20, 0x0, 0x0,
    0x2f, 0x87, 0xf3, 0x0, 0x0, 0x4, 0xf7, 0x5f,
    0x70, 0x0, 0x0, 0x7f, 0x51, 0xfe, 0x20, 0x0,
    0x2e, 0xe0, 0x6, 0xff, 0xba, 0xcf, 0xf5, 0x0,
    0x4, 0xbe, 0xfe, 0xb3, 0x0, 0x0, 0x0, 0x0,
    0x0, 0x0, 0x0, 0x0, 0x0, 0x0, 0x0, 0x0,
    0x0, 0xe, 0x80, 0xbc, 0x0, 0x0, 0x0, 0xf9,
    0xc, 0xd0, 0x0,

    /* U+1E73 "ṳ" */
    0xdc, 0x0, 0x0, 0xdc, 0xdc, 0x0, 0x0, 0xdc,
    0xdc, 0x0, 0x0, 0xdc, 0xdc, 0x0, 0x0, 0xdc,
    0xdc, 0x0, 0x0, 0xdc, 0xdc, 0x0, 0x0, 0xdc,
    0xcc, 0x0, 0x0, 0xec, 0xbe, 0x0, 0x3, 0xfc,
    0x6f, 0xa3, 0x6e, 0xec, 0x7, 0xdf, 0xd5, 0xac,
    0x0, 0x0, 0x0, 0x0, 0x0, 0x0, 0x0, 0x0,
    0x7, 0xe1, 0x4e, 0x40, 0x8, 0xf1, 0x4f, 0x50,

    /* U+1E74 "Ṵ" */
    0x9f, 0x20, 0x0, 0x0, 0x2f, 0x99, 0xf2, 0x0,
    0x0, 0x2, 0xf9, 0x9f, 0x20, 0x0, 0x0, 0x2f,
    0x99, 0xf2, 0x0, 0x0, 0x2, 0xf9, 0x9f, 0x20,
    0x0, 0x0, 0x2f, 0x99, 0xf2, 0x0, 0x0, 0x2,
    0xf9, 0x9f, 0x20, 0x0, 0x0, 0x2f, 0x99, 0xf2,
    0x0, 0x0, 0x2, 0xf8, 0x8f, 0x20, 0x0, 0x0,
    0x2f, 0x87, 0xf3, 0x0, 0x0, 0x4, 0xf7, 0x5f,
    0x70, 0x0, 0x0, 0x7f, 0x51, 0xfe, 0x20, 0x0,
    0x2e, 0xe0, 0x6, 0xff, 0xba, 0xcf, 0xf5, 0x0,
    0x4, 0xbe, 0xfe, 0xb3, 0x0, 0x0, 0x0, 0x0,
    0x0, 0x0, 0x0, 0x0, 0x0, 0x0, 0x0, 0x0,
    0x0, 0xb, 0xfb, 0x6d, 0x70, 0x0, 0x4, 0xe4,
    0x9e, 0xc1, 0x0,

    /* U+1E75 "ṵ" */
    0xdc, 0x0, 0x0, 0xdc, 0xdc, 0x0, 0x0, 0xdc,
    0xdc, 0x0, 0x0, 0xdc, 0xdc, 0x0, 0x0, 0xdc,
    0xdc, 0x0, 0x0, 0xdc, 0xdc, 0x0, 0x0, 0xdc,
    0xcc, 0x0, 0x0, 0xec, 0xbe, 0x0, 0x3, 0xfc,
    0x6f, 0xa3, 0x6e, 0xec, 0x7, 0xdf, 0xd5, 0xac,
    0x0, 0x0, 0x0, 0x0, 0x0, 0x0, 0x0, 0x0,
    0x5, 0xfd, 0x89, 0xd0, 0xe, 0x76, 0xde, 0x50,

    /* U+1E76 "Ṷ" */
    0x9f, 0x20, 0x0, 0x0, 0x2f, 0x99, 0xf2, 0x0,
    0x0, 0x2, 0xf9, 0x9f, 0x20, 0x0, 0x0, 0x2f,
    0x99, 0xf2, 0x0, 0x0, 0x2, 0xf9, 0x9f, 0x20,
    0x0, 0x0, 0x2f, 0x99, 0xf2, 0x0, 0x0, 0x2,
    0xf9, 0x9f, 0x20, 0x0, 0x0, 0x2f, 0x99, 0xf2,
    0x0, 0x0, 0x2, 0xf8, 0x8f, 0x20, 0x0, 0x0,
    0x2f, 0x87, 0xf3, 0x0, 0x0, 0x4, 0xf7, 0x5f,
    0x70, 0x0, 0x0, 0x7f, 0x51, 0xfe, 0x20, 0x0,
    0x2e, 0xe0, 0x6, 0xff, 0xba, 0xcf, 0xf5, 0x0,
    0x4, 0xbe, 0xfe, 0xb3, 0x0, 0x0, 0x0, 0x0,
    0x0, 0x0, 0x0, 0x0, 0x7, 0xc7, 0x0, 0x0,
    0x0, 0x3, 0xfb, 0xf4, 0x0, 0x0, 0x0, 0xdd,
    0xc, 0xe1, 0x0,

    /* U+1E77 "ṷ" */
    0xdc, 0x0, 0x0, 0xdc, 0xdc, 0x0, 0x0, 0xdc,
    0xdc, 0x0, 0x0, 0xdc, 0xdc, 0x0, 0x0, 0xdc,
    0xdc, 0x0, 0x0, 0xdc, 0xdc, 0x0, 0x0, 0xdc,
    0xcc, 0x0, 0x0, 0xec, 0xbe, 0x0, 0x3, 0xfc,
    0x6f, 0xa3, 0x6e, 0xec, 0x7, 0xdf, 0xd5, 0xac,
    0x0, 0x0, 0x0, 0x0, 0x0, 0x19, 0x80, 0x0,
    0x0, 0xbe, 0xe9, 0x0, 0x7, 0xf4, 0x5f, 0x50,

    /* U+1E78 "Ṹ" */
    0x0, 0x0, 0x4, 0x94, 0x0, 0x0, 0x0, 0x0,
    0xcd, 0x10, 0x0, 0x0, 0x0, 0x4f, 0x30, 0x0,
    0x0, 0x0, 0x0, 0x0, 0x0, 0x0, 0x0, 0x9,
    0xfa, 0x2a, 0x90, 0x0, 0x2, 0xf4, 0xaf, 0xf3,
    0x0, 0x0, 0x2, 0x0, 0x21, 0x0, 0x9, 0xf2,
    0x0, 0x0, 0x2, 0xf9, 0x9f, 0x20, 0x0, 0x0,
    0x2f, 0x99, 0xf2, 0x0, 0x0, 0x2, 0xf9, 0x9f,
    0x20, 0x0, 0x0, 0x2f, 0x99, 0xf2, 0x0, 0x0,
    0x2, 0xf9, 0x9f, 0x20, 0x0, 0x0, 0x2f, 0x99,
    0xf2, 0x0, 0x0, 0x2, 0xf9, 0x9f, 0x20, 0x0,
    0x0, 0x2f, 0x88, 0xf2, 0x0, 0x0, 0x2, 0xf8,
    0x7f, 0x30, 0x0, 0x0, 0x4f, 0x75, 0xf7, 0x0,
    0x0, 0x7, 0xf5, 0x1f, 0xe2, 0x0, 0x2, 0xee,
    0x0, 0x6f, 0xfb, 0xac, 0xff, 0x50, 0x0, 0x4b,
    0xef, 0xeb, 0x30, 0x0,

    /* U+1E79 "ṹ" */
    0x0, 0x1, 0xfd, 0x0, 0x0, 0x7, 0xf2, 0x0,
    0x0, 0x7, 0x50, 0x0, 0x4, 0xec, 0x45, 0xe0,
    0xd, 0x87, 0xff, 0x70, 0x3, 0x0, 0x12, 0x0,
    0x0, 0x0, 0x0, 0x0, 0xdc, 0x0, 0x0, 0xdc,
    0xdc, 0x0, 0x0, 0xdc, 0xdc, 0x0, 0x0, 0xdc,
    0xdc, 0x0, 0x0, 0xdc, 0xdc, 0x0, 0x0, 0xdc,
    0xdc, 0x0, 0x0, 0xdc, 0xcc, 0x0, 0x0, 0xec,
    0xbe, 0x0, 0x3, 0xfc, 0x6f, 0xa3, 0x6e, 0xec,
    0x7, 0xdf, 0xd5, 0xac,

    /* U+1E7A "Ṻ" */
    0x0, 0xf, 0xb0, 0xaf, 0x0, 0x0, 0x0, 0xda,
    0x9, 0xd0, 0x0, 0x0, 0x1, 0x11, 0x11, 0x0,
    0x0, 0x3, 0xff, 0xff, 0xf4, 0x0, 0x0, 0x14,
    0x44, 0x44, 0x10, 0x9, 0xf2, 0x0, 0x0, 0x2,
    0xf9, 0x9f, 0x20, 0x0, 0x0, 0x2f, 0x99, 0xf2,
    0x0, 0x0, 0x2, 0xf9, 0x9f, 0x20, 0x0, 0x0,
    0x2f, 0x99, 0xf2, 0x0, 0x0, 0x2, 0xf9, 0x9f,
    0x20, 0x0, 0x0, 0x2f, 0x99, 0xf2, 0x0, 0x0,
    0x2, 0xf9, 0x9f, 0x20, 0x0, 0x0, 0x2f, 0x88,
    0xf2, 0x0, 0x0, 0x2, 0xf8, 0x7f, 0x30, 0x0,
    0x0, 0x4f, 0x75, 0xf7, 0x0, 0x0, 0x7, 0xf5,
    0x1f, 0xe2, 0x0, 0x2, 0xee, 0x0, 0x6f, 0xfb,
    0xac, 0xff, 0x50, 0x0, 0x4b, 0xef, 0xeb, 0x30,
    0x0,

    /* U+1E7B "ṻ" */
    0x6, 0xf3, 0x2f, 0x70, 0x5, 0xe3, 0x2e, 0x60,
    0xb, 0xff, 0xff, 0xc0, 0x4, 0x66, 0x66, 0x40,
    0x0, 0x0, 0x0, 0x0, 0x0, 0x0, 0x0, 0x0,
    0xdc, 0x0, 0x0, 0xdc, 0xdc, 0x0, 0x0, 0xdc,
    0xdc, 0x0, 0x0, 0xdc, 0xdc, 0x0, 0x0, 0xdc,
    0xdc, 0x0, 0x0, 0xdc, 0xdc, 0x0, 0x0, 0xdc,
    0xcc, 0x0, 0x0, 0xec, 0xbe, 0x0, 0x3, 0xfc,
    0x6f, 0xa3, 0x6e, 0xec, 0x7, 0xdf, 0xd5, 0xac,

    /* U+1E7C "Ṽ" */
    0x0, 0x0, 0x0, 0x0, 0x0, 0x0, 0x0, 0x5,
    0xfc, 0x36, 0xd0, 0x0, 0x0, 0xe, 0x77, 0xff,
    0x60, 0x0, 0x0, 0x3, 0x0, 0x11, 0x0, 0x0,
    0xbf, 0x10, 0x0, 0x0, 0x0, 0xfb, 0x5f, 0x60,
    0x0, 0x0, 0x5, 0xf5, 0xf, 0xc0, 0x0, 0x0,
    0xb, 0xf0, 0xa, 0xf1, 0x0, 0x0, 0x1f, 0xa0,
    0x4, 0xf6, 0x0, 0x0, 0x6f, 0x40, 0x0, 0xec,
    0x0, 0x0, 0xbe, 0x0, 0x0, 0x9f, 0x10, 0x1,
    0xf8, 0x0, 0x0, 0x3f, 0x60, 0x6, 0xf2, 0x0,
    0x0, 0xd, 0xb0, 0xc, 0xd0, 0x0, 0x0, 0x8,
    0xf1, 0x1f, 0x70, 0x0, 0x0, 0x2, 0xf6, 0x6f,
    0x10, 0x0, 0x0, 0x0, 0xcb, 0xbb, 0x0, 0x0,
    0x0, 0x0, 0x7f, 0xf6, 0x0, 0x0, 0x0, 0x0,
    0x1f, 0xf0, 0x0, 0x0,

    /* U+1E7D "ṽ" */
    0x0, 0x9f, 0xa2, 0xa8, 0x0, 0x2f, 0x5a, 0xff,
    0x20, 0x0, 0x20, 0x2, 0x10, 0x0, 0x0, 0x0,
    0x0, 0x0, 0x9f, 0x10, 0x0, 0xf, 0x93, 0xf6,
    0x0, 0x5, 0xf4, 0xe, 0xb0, 0x0, 0xbe, 0x0,
    0x8f, 0x10, 0xf, 0x80, 0x2, 0xf6, 0x5, 0xf3,
    0x0, 0xd, 0xb0, 0xbd, 0x0, 0x0, 0x7f, 0x2f,
    0x70, 0x0, 0x1, 0xfb, 0xf2, 0x0, 0x0, 0xc,
    0xfc, 0x0, 0x0, 0x0, 0x6f, 0x60, 0x0,

    /* U+1E7E "Ṿ" */
    0xbf, 0x10, 0x0, 0x0, 0x0, 0xfb, 0x5f, 0x60,
    0x0, 0x0, 0x5, 0xf5, 0xf, 0xc0, 0x0, 0x0,
    0xb, 0xf0, 0xa, 0xf1, 0x0, 0x0, 0x1f, 0xa0,
    0x4, 0xf6, 0x0, 0x0, 0x6f, 0x40, 0x0, 0xec,
    0x0, 0x0, 0xbe, 0x0, 0x0, 0x9f, 0x10, 0x1,
    0xf8, 0x0, 0x0, 0x3f, 0x60, 0x6, 0xf2, 0x0,
    0x0, 0xd, 0xb0, 0xc, 0xd0, 0x0, 0x0, 0x8,
    0xf1, 0x1f, 0x70, 0x0, 0x0, 0x2, 0xf6, 0x6f,
    0x10, 0x0, 0x0, 0x0, 0xcb, 0xbb, 0x0, 0x0,
    0x0, 0x0, 0x7f, 0xf6, 0x0, 0x0, 0x0, 0x0,
    0x1f, 0xf0, 0x0, 0x0, 0x0, 0x0, 0x0, 0x0,
    0x0, 0x0, 0x0, 0x0, 0x0, 0x0, 0x0, 0x0,
    0x0, 0x0, 0xb, 0xb0, 0x0, 0x0, 0x0, 0x0,
    0xc, 0xd0, 0x0, 0x0,

    /* U+1E7F "ṿ" */
    0x9f, 0x10, 0x0, 0xf, 0x93, 0xf6, 0x0, 0x5,
    0xf4, 0xe, 0xb0, 0x0, 0xbe, 0x0, 0x8f, 0x10,
    0xf, 0x80, 0x2, 0xf6, 0x5, 0xf3, 0x0, 0xd,
    0xb0, 0xbd, 0x0, 0x0, 0x7f, 0x2f, 0x70, 0x0,
    0x1, 0xfb, 0xf2, 0x0, 0x0, 0xc, 0xfc, 0x0,
    0x0, 0x0, 0x6f, 0x60, 0x0, 0x0, 0x0, 0x0,
    0x0, 0x0, 0x0, 0x0, 0x0, 0x0, 0x0, 0x2,
    0xe6, 0x0, 0x0, 0x0, 0x3f, 0x60, 0x0,

    /* U+1E80 "Ẁ" */
    0x0, 0x0, 0x0, 0x5f, 0x40, 0x0, 0x0, 0x0,
    0x0, 0x0, 0x0, 0x0, 0xac, 0x0, 0x0, 0x0,
    0x0, 0x0, 0x0, 0x0, 0x1, 0x50, 0x0, 0x0,
    0x0, 0x0, 0x0, 0x0, 0x0, 0x0, 0x0, 0x0,
    0x0, 0x0, 0x2f, 0x70, 0x0, 0x8, 0xf7, 0x0,
    0x0, 0x8f, 0x30, 0xeb, 0x0, 0x0, 0xcf, 0xb0,
    0x0, 0xc, 0xe0, 0xa, 0xf0, 0x0, 0xf, 0xff,
    0x0, 0x0, 0xfa, 0x0, 0x6f, 0x30, 0x3, 0xfb,
    0xf3, 0x0, 0x3f, 0x60, 0x2, 0xf7, 0x0, 0x7f,
    0x3f, 0x70, 0x7, 0xf2, 0x0, 0xe, 0xb0, 0xb,
    0xd0, 0xdb, 0x0, 0xbe, 0x0, 0x0, 0xae, 0x0,
    0xf9, 0x9, 0xe0, 0xf, 0xa0, 0x0, 0x6, 0xf3,
    0x3f, 0x50, 0x5f, 0x33, 0xf6, 0x0, 0x0, 0x1f,
    0x67, 0xf1, 0x1, 0xf6, 0x7f, 0x10, 0x0, 0x0,
    0xda, 0xad, 0x0, 0xd, 0xaa, 0xd0, 0x0, 0x0,
    0x9, 0xee, 0x90, 0x0, 0x9e, 0xe9, 0x0, 0x0,
    0x0, 0x5f, 0xf5, 0x0, 0x5, 0xff, 0x50, 0x0,
    0x0, 0x1, 0xff, 0x10, 0x0, 0x1f, 0xf1, 0x0,
    0x0,

    /* U+1E81 "ẁ" */
    0x0, 0x0, 0x7, 0xf2, 0x0, 0x0, 0x0, 0x0,
    0x0, 0x0, 0xc, 0xa0, 0x0, 0x0, 0x0, 0x0,
    0x0, 0x0, 0x15, 0x0, 0x0, 0x0, 0x7, 0xf2,
    0x0, 0x9, 0xf4, 0x0, 0x7, 0xf3, 0x2f, 0x70,
    0x0, 0xdf, 0x90, 0x0, 0xbe, 0x0, 0xdb, 0x0,
    0x2f, 0xed, 0x0, 0xf, 0x90, 0x9, 0xf0, 0x6,
    0xf6, 0xf1, 0x4, 0xf4, 0x0, 0x4f, 0x40, 0xac,
    0x1f, 0x60, 0x8f, 0x0, 0x0, 0xf8, 0xe, 0x70,
    0xca, 0xc, 0xb0, 0x0, 0xb, 0xc3, 0xf3, 0x7,
    0xe1, 0xf6, 0x0, 0x0, 0x6f, 0x8e, 0x0, 0x3f,
    0x8f, 0x20, 0x0, 0x1, 0xff, 0xa0, 0x0, 0xef,
    0xd0, 0x0, 0x0, 0xc, 0xf5, 0x0, 0xa, 0xf8,
    0x0, 0x0,

    /* U+1E82 "Ẃ" */
    0x0, 0x0, 0x0, 0x0, 0x3f, 0x50, 0x0, 0x0,
    0x0, 0x0, 0x0, 0x0, 0xb, 0xa0, 0x0, 0x0,
    0x0, 0x0, 0x0, 0x0, 0x0, 0x51, 0x0, 0x0,
    0x0, 0x0, 0x0, 0x0, 0x0, 0x0, 0x0, 0x0,
    0x0, 0x0, 0x2f, 0x70, 0x0, 0x8, 0xf7, 0x0,
    0x0, 0x8f, 0x30, 0xeb, 0x0, 0x0, 0xcf, 0xb0,
    0x0, 0xc, 0xe0, 0xa, 0xf0, 0x0, 0xf, 0xff,
    0x0, 0x0, 0xfa, 0x0, 0x6f, 0x30, 0x3, 0xfb,
    0xf3, 0x0, 0x3f, 0x60, 0x2, 0xf7, 0x0, 0x7f,
    0x3f, 0x70, 0x7, 0xf2, 0x0, 0xe, 0xb0, 0xb,
    0xd0, 0xdb, 0x0, 0xbe, 0x0, 0x0, 0xae, 0x0,
    0xf9, 0x9, 0xe0, 0xf, 0xa0, 0x0, 0x6, 0xf3,
    0x3f, 0x50, 0x5f, 0x33, 0xf6, 0x0, 0x0, 0x1f,
    0x67, 0xf1, 0x1, 0xf6, 0x7f, 0x10, 0x0, 0x0,
    0xda, 0xad, 0x0, 0xd, 0xaa, 0xd0, 0x0, 0x0,
    0x9, 0xee, 0x90, 0x0, 0x9e, 0xe9, 0x0, 0x0,
    0x0, 0x5f, 0xf5, 0x0, 0x5, 0xff, 0x50, 0x0,
    0x0, 0x1, 0xff, 0x10, 0x0, 0x1f, 0xf1, 0x0,
    0x0,

    /* U+1E83 "ẃ" */
    0x0, 0x0, 0x0, 0x5, 0xf4, 0x0, 0x0, 0x0,
    0x0, 0x0, 0x0, 0xd8, 0x0, 0x0, 0x0, 0x0,
    0x0, 0x0, 0x15, 0x0, 0x0, 0x0, 0x7, 0xf2,
    0x0, 0x9, 0xf4, 0x0, 0x7, 0xf3, 0x2f, 0x70,
    0x0, 0xdf, 0x90, 0x0, 0xbe, 0x0, 0xdb, 0x0,
    0x2f, 0xed, 0x0, 0xf, 0x90, 0x9, 0xf0, 0x6,
    0xf6, 0xf1, 0x4, 0xf4, 0x0, 0x4f, 0x40, 0xac,
    0x1f, 0x60, 0x8f, 0x0, 0x0, 0xf8, 0xe, 0x70,
    0xca, 0xc, 0xb0, 0x0, 0xb, 0xc3, 0xf3, 0x7,
    0xe1, 0xf6, 0x0, 0x0, 0x6f, 0x8e, 0x0, 0x3f,
    0x8f, 0x20, 0x0, 0x1, 0xff, 0xa0, 0x0, 0xef,
    0xd0, 0x0, 0x0, 0xc, 0xf5, 0x0, 0xa, 0xf8,
    0x0, 0x0,

    /* U+1E84 "Ẅ" */
    0x0, 0x0, 0x0, 0xb9, 0x9, 0xb0, 0x0, 0x0,
    0x0, 0x0, 0x0, 0xd, 0xb0, 0xbd, 0x0, 0x0,
    0x0, 0x0, 0x0, 0x0, 0x0, 0x0, 0x0, 0x0,
    0x0, 0x0, 0x0, 0x0, 0x0, 0x0, 0x0, 0x0,
    0x0, 0x0, 0x2f, 0x70, 0x0, 0x8, 0xf7, 0x0,
    0x0, 0x8f, 0x30, 0xeb, 0x0, 0x0, 0xcf, 0xb0,
    0x0, 0xc, 0xe0, 0xa, 0xf0, 0x0, 0xf, 0xff,
    0x0, 0x0, 0xfa, 0x0, 0x6f, 0x30, 0x3, 0xfb,
    0xf3, 0x0, 0x3f, 0x60, 0x2, 0xf7, 0x0, 0x7f,
    0x3f, 0x70, 0x7, 0xf2, 0x0, 0xe, 0xb0, 0xb,
    0xd0, 0xdb, 0x0, 0xbe, 0x0, 0x0, 0xae, 0x0,
    0xf9, 0x9, 0xe0, 0xf, 0xa0, 0x0, 0x6, 0xf3,
    0x3f, 0x50, 0x5f, 0x33, 0xf6, 0x0, 0x0, 0x1f,
    0x67, 0xf1, 0x1, 0xf6, 0x7f, 0x10, 0x0, 0x0,
    0xda, 0xad, 0x0, 0xd, 0xaa, 0xd0, 0x0, 0x0,
    0x9, 0xee, 0x90, 0x0, 0x9e, 0xe9, 0x0, 0x0,
    0x0, 0x5f, 0xf5, 0x0, 0x5, 0xff, 0x50, 0x0,
    0x0, 0x1, 0xff, 0x10, 0x0, 0x1f, 0xf1, 0x0,
    0x0,

    /* U+1E85 "ẅ" */
    0x0, 0x0, 0xf, 0x90, 0xdb, 0x0, 0x0, 0x0,
    0x0, 0x0, 0xc7, 0xa, 0x90, 0x0, 0x0, 0x0,
    0x0, 0x0, 0x0, 0x0, 0x0, 0x0, 0x7, 0xf2,
    0x0, 0x9, 0xf4, 0x0, 0x7, 0xf3, 0x2f, 0x70,
    0x0, 0xdf, 0x90, 0x0, 0xbe, 0x0, 0xdb, 0x0,
    0x2f, 0xed, 0x0, 0xf, 0x90, 0x9, 0xf0, 0x6,
    0xf6, 0xf1, 0x4, 0xf4, 0x0, 0x4f, 0x40, 0xac,
    0x1f, 0x60, 0x8f, 0x0, 0x0, 0xf8, 0xe, 0x70,
    0xca, 0xc, 0xb0, 0x0, 0xb, 0xc3, 0xf3, 0x7,
    0xe1, 0xf6, 0x0, 0x0, 0x6f, 0x8e, 0x0, 0x3f,
    0x8f, 0x20, 0x0, 0x1, 0xff, 0xa0, 0x0, 0xef,
    0xd0, 0x0, 0x0, 0xc, 0xf5, 0x0, 0xa, 0xf8,
    0x0, 0x0,

    /* U+1E86 "Ẇ" */
    0x0, 0x0, 0x0, 0x3, 0xe5, 0x0, 0x0, 0x0,
    0x0, 0x0, 0x0, 0x0, 0x4f, 0x50, 0x0, 0x0,
    0x0, 0x0, 0x0, 0x0, 0x0, 0x0, 0x0, 0x0,
    0x0, 0xa, 0xf1, 0x0, 0x0, 0xaf, 0xb0, 0x0,
    0x0, 0xfa, 0x6f, 0x40, 0x0, 0xe, 0xff, 0x0,
    0x0, 0x4f, 0x62, 0xf8, 0x0, 0x2, 0xf9, 0xf3,
    0x0, 0x7, 0xf2, 0xe, 0xb0, 0x0, 0x7f, 0x2f,
    0x70, 0x0, 0xbe, 0x0, 0xaf, 0x0, 0xb, 0xd0,
    0xdb, 0x0, 0xe, 0xa0, 0x6, 0xf3, 0x0, 0xf9,
    0x8, 0xf0, 0x2, 0xf6, 0x0, 0x3f, 0x60, 0x4f,
    0x40, 0x4f, 0x40, 0x6f, 0x20, 0x0, 0xea, 0x8,
    0xf1, 0x0, 0xf8, 0x9, 0xe0, 0x0, 0xb, 0xd0,
    0xcc, 0x0, 0xc, 0xb0, 0xda, 0x0, 0x0, 0x7f,
    0x2f, 0x80, 0x0, 0x8f, 0x1f, 0x60, 0x0, 0x3,
    0xf8, 0xf4, 0x0, 0x4, 0xf6, 0xf2, 0x0, 0x0,
    0xf, 0xef, 0x0, 0x0, 0xf, 0xce, 0x0, 0x0,
    0x0, 0xbf, 0xc0, 0x0, 0x0, 0xcf, 0xa0, 0x0,
    0x0, 0x7, 0xf8, 0x0, 0x0, 0x8, 0xf6, 0x0,
    0x0,

    /* U+1E87 "ẇ" */
    0x0, 0x0, 0x3, 0xf6, 0x0, 0x0, 0x0, 0x0,
    0x0, 0x2e, 0x60, 0x0, 0x0, 0x0, 0x0, 0x0,
    0x0, 0x0, 0x0, 0x0, 0x0, 0x0, 0x0, 0x0,
    0x0, 0x0, 0xcd, 0x0, 0x6, 0xf7, 0x0, 0xc,
    0xc7, 0xf1, 0x0, 0xaf, 0xb0, 0x1, 0xf7, 0x3f,
    0x50, 0xe, 0xef, 0x0, 0x5f, 0x20, 0xea, 0x2,
    0xf7, 0xf3, 0x9, 0xe0, 0x9, 0xe0, 0x6f, 0x1f,
    0x70, 0xe9, 0x0, 0x5f, 0x2a, 0xb0, 0xcb, 0x2f,
    0x40, 0x1, 0xf6, 0xe7, 0x8, 0xe7, 0xf0, 0x0,
    0xc, 0xcf, 0x30, 0x4f, 0xdb, 0x0, 0x0, 0x7f,
    0xf0, 0x0, 0xff, 0x60, 0x0, 0x3, 0xfb, 0x0,
    0xc, 0xf1, 0x0,

    /* U+1E88 "Ẉ" */
    0xaf, 0x10, 0x0, 0xa, 0xfb, 0x0, 0x0, 0xf,
    0xa6, 0xf4, 0x0, 0x0, 0xef, 0xf0, 0x0, 0x4,
    0xf6, 0x2f, 0x80, 0x0, 0x2f, 0x9f, 0x30, 0x0,
    0x7f, 0x20, 0xeb, 0x0, 0x7, 0xf2, 0xf7, 0x0,
    0xb, 0xe0, 0xa, 0xf0, 0x0, 0xbd, 0xd, 0xb0,
    0x0, 0xea, 0x0, 0x6f, 0x30, 0xf, 0x90, 0x8f,
    0x0, 0x2f, 0x60, 0x3, 0xf6, 0x4, 0xf4, 0x4,
    0xf4, 0x6, 0xf2, 0x0, 0xe, 0xa0, 0x8f, 0x10,
    0xf, 0x80, 0x9e, 0x0, 0x0, 0xbd, 0xc, 0xc0,
    0x0, 0xcb, 0xd, 0xa0, 0x0, 0x7, 0xf2, 0xf8,
    0x0, 0x8, 0xf1, 0xf6, 0x0, 0x0, 0x3f, 0x8f,
    0x40, 0x0, 0x4f, 0x6f, 0x20, 0x0, 0x0, 0xfe,
    0xf0, 0x0, 0x0, 0xfc, 0xe0, 0x0, 0x0, 0xb,
    0xfc, 0x0, 0x0, 0xc, 0xfa, 0x0, 0x0, 0x0,
    0x7f, 0x80, 0x0, 0x0, 0x8f, 0x60, 0x0, 0x0,
    0x0, 0x0, 0x0, 0x0, 0x0, 0x0, 0x0, 0x0,
    0x0, 0x0, 0x0, 0x0, 0x0, 0x0, 0x0, 0x0,
    0x0, 0x0, 0x0, 0x3, 0xe5, 0x0, 0x0, 0x0,
    0x0, 0x0, 0x0, 0x0, 0x4f, 0x50, 0x0, 0x0,
    0x0,

    /* U+1E89 "ẉ" */
    0xcd, 0x0, 0x6, 0xf7, 0x0, 0xc, 0xc7, 0xf1,
    0x0, 0xaf, 0xb0, 0x1, 0xf7, 0x3f, 0x50, 0xe,
    0xef, 0x0, 0x5f, 0x20, 0xea, 0x2, 0xf7, 0xf3,
    0x9, 0xe0, 0x9, 0xe0, 0x6f, 0x1f, 0x70, 0xe9,
    0x0, 0x5f, 0x2a, 0xb0, 0xcb, 0x2f, 0x40, 0x1,
    0xf6, 0xe7, 0x8, 0xe7, 0xf0, 0x0, 0xc, 0xcf,
    0x30, 0x4f, 0xdb, 0x0, 0x0, 0x7f, 0xf0, 0x0,
    0xff, 0x60, 0x0, 0x3, 0xfb, 0x0, 0xc, 0xf1,
    0x0, 0x0, 0x0, 0x0, 0x0, 0x0, 0x0, 0x0,
    0x0, 0x0, 0x0, 0x0, 0x0, 0x0, 0x0, 0x0,
    0x2, 0xe6, 0x0, 0x0, 0x0, 0x0, 0x0, 0x3f,
    0x60, 0x0, 0x0,

    /* U+1E8A "Ẋ" */
    0x0, 0x0, 0x7, 0xe1, 0x0, 0x0, 0x0, 0x0,
    0x8, 0xf1, 0x0, 0x0, 0x0, 0x0, 0x0, 0x0,
    0x0, 0x0, 0x1e, 0xe1, 0x0, 0x0, 0xa, 0xf3,
    0x5, 0xfa, 0x0, 0x0, 0x5f, 0x80, 0x0, 0xaf,
    0x50, 0x1, 0xfc, 0x0, 0x0, 0x1e, 0xe1, 0xb,
    0xf2, 0x0, 0x0, 0x5, 0xf9, 0x6f, 0x70, 0x0,
    0x0, 0x0, 0xbf, 0xfc, 0x0, 0x0, 0x0, 0x0,
    0x1f, 0xf3, 0x0, 0x0, 0x0, 0x0, 0x7f, 0xf9,
    0x0, 0x0, 0x0, 0x2, 0xfb, 0xbf, 0x40, 0x0,
    0x0, 0xc, 0xf2, 0x2f, 0xe0, 0x0, 0x0, 0x8f,
    0x70, 0x7, 0xf9, 0x0, 0x3, 0xfc, 0x0, 0x0,
    0xdf, 0x40, 0xd, 0xf2, 0x0, 0x0, 0x3f, 0xd0,
    0x9f, 0x70, 0x0, 0x0, 0x8, 0xf9,

    /* U+1E8B "ẋ" */
    0x0, 0x3, 0xf6, 0x0, 0x0, 0x0, 0x3e, 0x50,
    0x0, 0x0, 0x0, 0x0, 0x0, 0x0, 0x0, 0x0,
    0x0, 0x0, 0x4f, 0xa0, 0x0, 0x9f, 0x40, 0x9f,
    0x40, 0x4f, 0x90, 0x1, 0xed, 0x1d, 0xd0, 0x0,
    0x4, 0xfd, 0xf3, 0x0, 0x0, 0xa, 0xf9, 0x0,
    0x0, 0x0, 0xef, 0xd0, 0x0, 0x0, 0x9f, 0x7f,
    0x90, 0x0, 0x3f, 0x90, 0x9f, 0x30, 0xd, 0xe1,
    0x1, 0xed, 0x8, 0xf5, 0x0, 0x6, 0xf8,

    /* U+1E8C "Ẍ" */
    0x0, 0x7, 0xe2, 0x3e, 0x50, 0x0, 0x0, 0x8,
    0xf2, 0x3f, 0x60, 0x0, 0x0, 0x0, 0x0, 0x0,
    0x0, 0x0, 0x1e, 0xe1, 0x0, 0x0, 0xa, 0xf3,
    0x5, 0xfa, 0x0, 0x0, 0x5f, 0x80, 0x0, 0xaf,
    0x50, 0x1, 0xfc, 0x0, 0x0, 0x1e, 0xe1, 0xb,
    0xf2, 0x0, 0x0, 0x5, 0xf9, 0x6f, 0x70, 0x0,
    0x0, 0x0, 0xbf, 0xfc, 0x0, 0x0, 0x0, 0x0,
    0x1f, 0xf3, 0x0, 0x0, 0x0, 0x0, 0x7f, 0xf9,
    0x0, 0x0, 0x0, 0x2, 0xfb, 0xbf, 0x40, 0x0,
    0x0, 0xc, 0xf2, 0x2f, 0xe0, 0x0, 0x0, 0x8f,
    0x70, 0x7, 0xf9, 0x0, 0x3, 0xfc, 0x0, 0x0,
    0xdf, 0x40, 0xd, 0xf2, 0x0, 0x0, 0x3f, 0xd0,
    0x9f, 0x70, 0x0, 0x0, 0x8, 0xf9,

    /* U+1E8D "ẍ" */
    0x0, 0xf9, 0xc, 0xd0, 0x0, 0xe, 0x80, 0xbc,
    0x0, 0x0, 0x0, 0x0, 0x0, 0x0, 0x0, 0x0,
    0x0, 0x0, 0x4f, 0xa0, 0x0, 0x9f, 0x40, 0x9f,
    0x40, 0x4f, 0x90, 0x1, 0xed, 0x1d, 0xd0, 0x0,
    0x4, 0xfd, 0xf3, 0x0, 0x0, 0xa, 0xf9, 0x0,
    0x0, 0x0, 0xef, 0xd0, 0x0, 0x0, 0x9f, 0x7f,
    0x90, 0x0, 0x3f, 0x90, 0x9f, 0x30, 0xd, 0xe1,
    0x1, 0xed, 0x8, 0xf5, 0x0, 0x6, 0xf8,

    /* U+1E8E "Ẏ" */
    0x0, 0x0, 0xa, 0xc0, 0x0, 0x0, 0x0, 0x0,
    0xc, 0xd0, 0x0, 0x0, 0x0, 0x0, 0x0, 0x0,
    0x0, 0x0, 0x9f, 0x70, 0x0, 0x0, 0x6, 0xf9,
    0x1e, 0xf1, 0x0, 0x0, 0x1e, 0xe0, 0x5, 0xfa,
    0x0, 0x0, 0x9f, 0x40, 0x0, 0xcf, 0x40, 0x3,
    0xfa, 0x0, 0x0, 0x2f, 0xd0, 0xc, 0xe1, 0x0,
    0x0, 0x8, 0xf6, 0x6f, 0x60, 0x0, 0x0, 0x0,
    0xde, 0xec, 0x0, 0x0, 0x0, 0x0, 0x4f, 0xf2,
    0x0, 0x0, 0x0, 0x0, 0xf, 0xc0, 0x0, 0x0,
    0x0, 0x0, 0xf, 0xc0, 0x0, 0x0, 0x0, 0x0,
    0xf, 0xc0, 0x0, 0x0, 0x0, 0x0, 0xf, 0xc0,
    0x0, 0x0, 0x0, 0x0, 0xf, 0xc0, 0x0, 0x0,
    0x0, 0x0, 0xf, 0xc0, 0x0, 0x0,

    /* U+1E8F "ẏ" */
    0x0, 0x2, 0xf7, 0x0, 0x0, 0x0, 0x1e, 0x60,
    0x0, 0x0, 0x0, 0x0, 0x0, 0x0, 0x0, 0x0,
    0x0, 0x0, 0x8f, 0x20, 0x0, 0xe, 0xa2, 0xf8,
    0x0, 0x4, 0xf5, 0xd, 0xd0, 0x0, 0x9f, 0x0,
    0x7f, 0x20, 0xe, 0xa0, 0x1, 0xf8, 0x4, 0xf4,
    0x0, 0xc, 0xd0, 0x9e, 0x0, 0x0, 0x6f, 0x2e,
    0x90, 0x0, 0x1, 0xfa, 0xf3, 0x0, 0x0, 0xb,
    0xfd, 0x0, 0x0, 0x0, 0x5f, 0x80, 0x0, 0x0,
    0x5, 0xf2, 0x0, 0x0, 0x0, 0xcc, 0x0, 0x0,
    0xa, 0xcf, 0x50, 0x0, 0x0, 0xdf, 0x80, 0x0,
    0x0,

    /* U+1E90 "Ẑ" */
    0x0, 0x0, 0x9f, 0xd0, 0x0, 0x0, 0x0, 0x5f,
    0x6e, 0xa0, 0x0, 0x0, 0x7, 0x60, 0x48, 0x20,
    0x0, 0xff, 0xff, 0xff, 0xff, 0xf4, 0x9, 0x99,
    0x99, 0x99, 0xff, 0x30, 0x0, 0x0, 0x0, 0x7f,
    0xa0, 0x0, 0x0, 0x0, 0x4f, 0xd0, 0x0, 0x0,
    0x0, 0x1e, 0xf2, 0x0, 0x0, 0x0, 0xb, 0xf6,
    0x0, 0x0, 0x0, 0x6, 0xfa, 0x0, 0x0, 0x0,
    0x2, 0xfd, 0x0, 0x0, 0x0, 0x0, 0xdf, 0x30,
    0x0, 0x0, 0x0, 0x9f, 0x70, 0x0, 0x0, 0x0,
    0x5f, 0xb0, 0x0, 0x0, 0x0, 0x2f, 0xe1, 0x0,
    0x0, 0x0, 0xa, 0xfc, 0x99, 0x99, 0x99, 0x95,
    0xaf, 0xff, 0xff, 0xff, 0xff, 0x80,

    /* U+1E91 "ẑ" */
    0x0, 0x9, 0xfc, 0x0, 0x0, 0x5, 0xf7, 0xf9,
    0x0, 0x0, 0x88, 0x5, 0x91, 0x0, 0x0, 0x0,
    0x0, 0x0, 0x4f, 0xff, 0xff, 0xff, 0x51, 0x55,
    0x55, 0x5f, 0xe1, 0x0, 0x0, 0xa, 0xf3, 0x0,
    0x0, 0x7, 0xf6, 0x0, 0x0, 0x4, 0xfa, 0x0,
    0x0, 0x2, 0xed, 0x0, 0x0, 0x0, 0xde, 0x20,
    0x0, 0x0, 0xbf, 0x40, 0x0, 0x0, 0x7f, 0xc6,
    0x66, 0x66, 0x4a, 0xff, 0xff, 0xff, 0xfa,

    /* U+1E92 "Ẓ" */
    0xf, 0xff, 0xff, 0xff, 0xff, 0x40, 0x99, 0x99,
    0x99, 0x9f, 0xf3, 0x0, 0x0, 0x0, 0x7, 0xfa,
    0x0, 0x0, 0x0, 0x4, 0xfd, 0x0, 0x0, 0x0,
    0x1, 0xef, 0x20, 0x0, 0x0, 0x0, 0xbf, 0x60,
    0x0, 0x0, 0x0, 0x6f, 0xa0, 0x0, 0x0, 0x0,
    0x2f, 0xd0, 0x0, 0x0, 0x0, 0xd, 0xf3, 0x0,
    0x0, 0x0, 0x9, 0xf7, 0x0, 0x0, 0x0, 0x5,
    0xfb, 0x0, 0x0, 0x0, 0x2, 0xfe, 0x10, 0x0,
    0x0, 0x0, 0xaf, 0xc9, 0x99, 0x99, 0x99, 0x5a,
    0xff, 0xff, 0xff, 0xff, 0xf8, 0x0, 0x0, 0x0,
    0x0, 0x0, 0x0, 0x0, 0x0, 0x0, 0x0, 0x0,
    0x0, 0x0, 0x7e, 0x10, 0x0, 0x0, 0x0, 0x8,
    0xf1, 0x0, 0x0,

    /* U+1E93 "ẓ" */
    0x4f, 0xff, 0xff, 0xff, 0x51, 0x55, 0x55, 0x5f,
    0xe1, 0x0, 0x0, 0xa, 0xf3, 0x0, 0x0, 0x7,
    0xf6, 0x0, 0x0, 0x4, 0xfa, 0x0, 0x0, 0x2,
    0xed, 0x0, 0x0, 0x0, 0xde, 0x20, 0x0, 0x0,
    0xbf, 0x40, 0x0, 0x0, 0x7f, 0xc6, 0x66, 0x66,
    0x4a, 0xff, 0xff, 0xff, 0xfa, 0x0, 0x0, 0x0,
    0x0, 0x0, 0x0, 0x0, 0x0, 0x0, 0x0, 0x4,
    0xe4, 0x0, 0x0, 0x0, 0x5f, 0x40, 0x0,

    /* U+1E94 "Ẕ" */
    0xf, 0xff, 0xff, 0xff, 0xff, 0x40, 0x99, 0x99,
    0x99, 0x9f, 0xf3, 0x0, 0x0, 0x0, 0x7, 0xfa,
    0x0, 0x0, 0x0, 0x4, 0xfd, 0x0, 0x0, 0x0,
    0x1, 0xef, 0x20, 0x0, 0x0, 0x0, 0xbf, 0x60,
    0x0, 0x0, 0x0, 0x6f, 0xa0, 0x0, 0x0, 0x0,
    0x2f, 0xd0, 0x0, 0x0, 0x0, 0xd, 0xf3, 0x0,
    0x0, 0x0, 0x9, 0xf7, 0x0, 0x0, 0x0, 0x5,
    0xfb, 0x0, 0x0, 0x0, 0x2, 0xfe, 0x10, 0x0,
    0x0, 0x0, 0xaf, 0xc9, 0x99, 0x99, 0x99, 0x5a,
    0xff, 0xff, 0xff, 0xff, 0xf8, 0x0, 0x0, 0x0,
    0x0, 0x0, 0x0, 0x0, 0x0, 0x0, 0x0, 0x0,
    0x0, 0x16, 0x66, 0x66, 0x10, 0x0, 0x5, 0xff,
    0xff, 0xf2, 0x0,

    /* U+1E95 "ẕ" */
    0x4f, 0xff, 0xff, 0xff, 0x51, 0x55, 0x55, 0x5f,
    0xe1, 0x0, 0x0, 0xa, 0xf3, 0x0, 0x0, 0x7,
    0xf6, 0x0, 0x0, 0x4, 0xfa, 0x0, 0x0, 0x2,
    0xed, 0x0, 0x0, 0x0, 0xde, 0x20, 0x0, 0x0,
    0xbf, 0x40, 0x0, 0x0, 0x7f, 0xc6, 0x66, 0x66,
    0x4a, 0xff, 0xff, 0xff, 0xfa, 0x0, 0x0, 0x0,
    0x0, 0x0, 0x0, 0x0, 0x0, 0x0, 0x1, 0x66,
    0x66, 0x61, 0x0, 0x3f, 0xff, 0xff, 0x40,

    /* U+1E96 "ẖ" */
    0xcc, 0x0, 0x0, 0x0, 0xcc, 0x0, 0x0, 0x0,
    0xcc, 0x0, 0x0, 0x0, 0xcc, 0x0, 0x0, 0x0,
    0xcc, 0x4d, 0xfd, 0x70, 0xcf, 0xf9, 0x7d, 0xf6,
    0xcf, 0x40, 0x1, 0xfb, 0xce, 0x0, 0x0, 0xcc,
    0xcc, 0x0, 0x0, 0xcd, 0xcc, 0x0, 0x0, 0xcd,
    0xcc, 0x0, 0x0, 0xcd, 0xcc, 0x0, 0x0, 0xcd,
    0xcc, 0x0, 0x0, 0xcd, 0xcc, 0x0, 0x0, 0xcd,
    0x0, 0x0, 0x0, 0x0, 0x0, 0x0, 0x0, 0x0,
    0x4, 0x66, 0x66, 0x50, 0xa, 0xff, 0xff, 0xd0,

    /* U+1E97 "ẗ" */
    0xd9, 0xa, 0xcf, 0xa0, 0xbe, 0x0, 0x0, 0x0,
    0x2, 0x0, 0x5, 0xf0, 0x0, 0x8f, 0x0, 0x8,
    0xf0, 0xb, 0xff, 0xfa, 0x3a, 0xf5, 0x20, 0x8f,
    0x0, 0x8, 0xf0, 0x0, 0x8f, 0x0, 0x8, 0xf0,
    0x0, 0x8f, 0x0, 0x8, 0xf1, 0x0, 0x6f, 0xb6,
    0x1, 0xcf, 0xb0,

    /* U+1E98 "ẘ" */
    0x0, 0x0, 0x7, 0xba, 0x0, 0x0, 0x0, 0x0,
    0x0, 0xa0, 0x82, 0x0, 0x0, 0x0, 0x0, 0x5,
    0xb8, 0x0, 0x0, 0x0, 0x0, 0x0, 0x0, 0x0,
    0x0, 0x0, 0xcd, 0x0, 0x6, 0xf7, 0x0, 0xc,
    0xc7, 0xf1, 0x0, 0xaf, 0xb0, 0x1, 0xf7, 0x3f,
    0x50, 0xe, 0xef, 0x0, 0x5f, 0x20, 0xea, 0x2,
    0xf7, 0xf3, 0x9, 0xe0, 0x9, 0xe0, 0x6f, 0x1f,
    0x70, 0xe9, 0x0, 0x5f, 0x2a, 0xb0, 0xcb, 0x2f,
    0x40, 0x1, 0xf6, 0xe7, 0x8, 0xe7, 0xf0, 0x0,
    0xc, 0xcf, 0x30, 0x4f, 0xdb, 0x0, 0x0, 0x7f,
    0xf0, 0x0, 0xff, 0x60, 0x0, 0x3, 0xfb, 0x0,
    0xc, 0xf1, 0x0,

    /* U+1E99 "ẙ" */
    0x0, 0x7, 0xba, 0x0, 0x0, 0x0, 0xa0, 0x82,
    0x0, 0x0, 0x5, 0xb8, 0x0, 0x0, 0x0, 0x0,
    0x0, 0x0, 0x8f, 0x20, 0x0, 0xe, 0xa2, 0xf8,
    0x0, 0x4, 0xf5, 0xd, 0xd0, 0x0, 0x9f, 0x0,
    0x7f, 0x20, 0xe, 0xa0, 0x1, 0xf8, 0x4, 0xf4,
    0x0, 0xc, 0xd0, 0x9e, 0x0, 0x0, 0x6f, 0x2e,
    0x90, 0x0, 0x1, 0xfa, 0xf3, 0x0, 0x0, 0xb,
    0xfd, 0x0, 0x0, 0x0, 0x5f, 0x80, 0x0, 0x0,
    0x5, 0xf2, 0x0, 0x0, 0x0, 0xcc, 0x0, 0x0,
    0xa, 0xcf, 0x50, 0x0, 0x0, 0xdf, 0x80, 0x0,
    0x0,

    /* U+1E9A "ẚ" */
    0x0, 0x0, 0x0, 0x5, 0xc4, 0x0, 0x0, 0x0,
    0x0, 0x1, 0xd0, 0x0, 0x0, 0x0, 0x0, 0x1d,
    0x0, 0x0, 0x0, 0x0, 0x5c, 0x40, 0x0, 0x5c,
    0xef, 0xd7, 0x0, 0x0, 0x6f, 0xb6, 0x6b, 0xf7,
    0x0, 0xd, 0xc0, 0x0, 0xe, 0xb0, 0x0, 0x11,
    0x0, 0x0, 0xdc, 0x0, 0x0, 0x38, 0xad, 0xff,
    0xc0, 0x0, 0x9f, 0xeb, 0x84, 0xdc, 0x0, 0x2f,
    0xb0, 0x0, 0xe, 0xc0, 0x4, 0xf6, 0x0, 0x3,
    0xfc, 0x0, 0x1e, 0xd3, 0x25, 0xef, 0xd0, 0x0,
    0x3c, 0xff, 0xb4, 0x8f, 0x10,

    /* U+1E9B "ẛ" */
    0x0, 0x6e, 0x20, 0x0, 0x6f, 0x30, 0x0, 0x0,
    0x0, 0x0, 0x8e, 0xf7, 0x4, 0xfd, 0x83, 0x6,
    0xf3, 0x0, 0x7, 0xf2, 0x0, 0xdf, 0xf2, 0x0,
    0x39, 0xf2, 0x0, 0x7, 0xf2, 0x0, 0x7, 0xf2,
    0x0, 0x7, 0xf2, 0x0, 0x7, 0xf2, 0x0, 0x7,
    0xf2, 0x0, 0x7, 0xf2, 0x0, 0x7, 0xf2, 0x0,
    0x7, 0xf2, 0x0,

    /* U+1E9E "ẞ" */
    0x0, 0x9e, 0xff, 0xff, 0xf8, 0x0, 0xaf, 0xb8,
    0x88, 0xff, 0x70, 0x2f, 0x80, 0x0, 0x9f, 0x90,
    0x4, 0xf4, 0x0, 0xaf, 0x60, 0x0, 0x5f, 0x30,
    0xcf, 0x50, 0x0, 0x5, 0xf3, 0x3f, 0xff, 0xd6,
    0x0, 0x5f, 0x31, 0x44, 0x6c, 0xf9, 0x5, 0xf3,
    0x0, 0x0, 0xb, 0xf2, 0x5f, 0x30, 0x0, 0x0,
    0x5f, 0x45, 0xf3, 0x0, 0x0, 0x6, 0xf4, 0x5f,
    0x30, 0x0, 0x1, 0xdf, 0x5, 0xf3, 0x58, 0x8a,
    0xef, 0x60, 0x5f, 0x39, 0xff, 0xeb, 0x40, 0x0,

    /* U+1EA0 "Ạ" */
    0x0, 0x0, 0x3f, 0xf3, 0x0, 0x0, 0x0, 0x0,
    0x9f, 0xe9, 0x0, 0x0, 0x0, 0x0, 0xea, 0xae,
    0x0, 0x0, 0x0, 0x4, 0xf5, 0x4f, 0x40, 0x0,
    0x0, 0xa, 0xf0, 0xf, 0xa0, 0x0, 0x0, 0xf,
    0xa0, 0xa, 0xf0, 0x0, 0x0, 0x5f, 0x50, 0x5,
    0xf5, 0x0, 0x0, 0xbf, 0x0, 0x0, 0xfb, 0x0,
    0x1, 0xff, 0xff, 0xff, 0xff, 0x10, 0x6, 0xfa,
    0x88, 0x88, 0xaf, 0x60, 0xc, 0xf0, 0x0, 0x0,
    0xe, 0xc0, 0x1f, 0x90, 0x0, 0x0, 0x9, 0xf2,
    0x7f, 0x30, 0x0, 0x0, 0x3, 0xf7, 0x0, 0x0,
    0x0, 0x0, 0x0, 0x0, 0x0, 0x0, 0x8, 0x80,
    0x0, 0x0, 0x0, 0x0, 0xc, 0xc0, 0x0, 0x0,

    /* U+1EA1 "ạ" */
    0x0, 0x4c, 0xff, 0xb2, 0x0, 0x5, 0xfd, 0x88,
    0xee, 0x10, 0xd, 0xd0, 0x0, 0x2f, 0x70, 0x1,
    0x10, 0x0, 0xe, 0xa0, 0x0, 0x16, 0xad, 0xff,
    0xb0, 0x6, 0xfd, 0x97, 0x4d, 0xb0, 0xf, 0x90,
    0x0, 0xe, 0xb0, 0x2f, 0x70, 0x0, 0x8f, 0xb0,
    0xe, 0xfa, 0x9d, 0xfd, 0xe5, 0x2, 0xbe, 0xfb,
    0x24, 0xe8, 0x0, 0x0, 0x0, 0x0, 0x0, 0x0,
    0x0, 0xa6, 0x0, 0x0, 0x0, 0x0, 0xf9, 0x0,
    0x0,

    /* U+1EA2 "Ả" */
    0x0, 0x0, 0x4e, 0xd2, 0x0, 0x0, 0x0, 0x0,
    0x12, 0xd6, 0x0, 0x0, 0x0, 0x0, 0x2, 0xd1,
    0x0, 0x0, 0x0, 0x0, 0x0, 0x0, 0x0, 0x0,
    0x0, 0x0, 0x3f, 0xf3, 0x0, 0x0, 0x0, 0x0,
    0x9e, 0xe9, 0x0, 0x0, 0x0, 0x0, 0xe9, 0x9e,
    0x0, 0x0, 0x0, 0x4, 0xf3, 0x3f, 0x40, 0x0,
    0x0, 0xa, 0xe0, 0xd, 0xa0, 0x0, 0x0, 0xf,
    0x80, 0x8, 0xf0, 0x0, 0x0, 0x5f, 0x30, 0x2,
    0xf5, 0x0, 0x0, 0xbf, 0x88, 0x88, 0xfb, 0x0,
    0x1, 0xff, 0xff, 0xff, 0xff, 0x10, 0x6, 0xf2,
    0x0, 0x0, 0x2f, 0x60, 0xc, 0xd0, 0x0, 0x0,
    0xd, 0xc0, 0x1f, 0x80, 0x0, 0x0, 0x8, 0xf2,
    0x7f, 0x30, 0x0, 0x0, 0x3, 0xf7,

    /* U+1EA3 "ả" */
    0x0, 0x4, 0xed, 0x20, 0x0, 0x0, 0x1, 0x2d,
    0x60, 0x0, 0x0, 0x0, 0x2d, 0x10, 0x0, 0x0,
    0x0, 0x11, 0x0, 0x0, 0x0, 0x4c, 0xff, 0xb2,
    0x0, 0x5, 0xfd, 0x88, 0xee, 0x10, 0xd, 0xd0,
    0x0, 0x2f, 0x70, 0x1, 0x10, 0x0, 0xe, 0xa0,
    0x0, 0x16, 0xad, 0xff, 0xb0, 0x6, 0xfd, 0x97,
    0x4d, 0xb0, 0xf, 0x90, 0x0, 0xe, 0xb0, 0x2f,
    0x70, 0x0, 0x8f, 0xb0, 0xe, 0xfa, 0x9d, 0xfd,
    0xe5, 0x2, 0xbe, 0xfb, 0x24, 0xe8,

    /* U+1EA4 "Ấ" */
    0x0, 0x0, 0x0, 0x0, 0x35, 0x0, 0x0, 0x0,
    0x0, 0x0, 0xda, 0x0, 0x0, 0x0, 0x5, 0x54,
    0xf1, 0x0, 0x0, 0x0, 0x7e, 0xe7, 0x0, 0x0,
    0x0, 0x2, 0xd3, 0x3d, 0x20, 0x0, 0x0, 0x0,
    0x0, 0x0, 0x0, 0x0, 0x0, 0x0, 0x3f, 0xf3,
    0x0, 0x0, 0x0, 0x0, 0x9e, 0xe9, 0x0, 0x0,
    0x0, 0x0, 0xe9, 0x9e, 0x0, 0x0, 0x0, 0x4,
    0xf3, 0x3f, 0x40, 0x0, 0x0, 0xa, 0xe0, 0xd,
    0xa0, 0x0, 0x0, 0xf, 0x80, 0x8, 0xf0, 0x0,
    0x0, 0x5f, 0x30, 0x2, 0xf5, 0x0, 0x0, 0xbf,
    0x88, 0x88, 0xfb, 0x0, 0x1, 0xff, 0xff, 0xff,
    0xff, 0x10, 0x6, 0xf2, 0x0, 0x0, 0x2f, 0x60,
    0xc, 0xd0, 0x0, 0x0, 0xd, 0xc0, 0x1f, 0x80,
    0x0, 0x0, 0x8, 0xf2, 0x7f, 0x30, 0x0, 0x0,
    0x3, 0xf7,

    /* U+1EA5 "ấ" */
    0x0, 0x0, 0x0, 0x3, 0x50, 0x0, 0x0, 0x0,
    0xd, 0xa0, 0x0, 0x0, 0x0, 0x4f, 0x10, 0x0,
    0x4, 0xee, 0x40, 0x0, 0x0, 0x1e, 0x44, 0xe1,
    0x0, 0x0, 0x0, 0x0, 0x0, 0x0, 0x0, 0x4c,
    0xff, 0xb2, 0x0, 0x5, 0xfd, 0x88, 0xee, 0x10,
    0xd, 0xd0, 0x0, 0x2f, 0x70, 0x1, 0x10, 0x0,
    0xe, 0xa0, 0x0, 0x16, 0xad, 0xff, 0xb0, 0x6,
    0xfd, 0x97, 0x4d, 0xb0, 0xf, 0x90, 0x0, 0xe,
    0xb0, 0x2f, 0x70, 0x0, 0x8f, 0xb0, 0xe, 0xfa,
    0x9d, 0xfd, 0xe5, 0x2, 0xbe, 0xfb, 0x24, 0xe8,

    /* U+1EA6 "Ầ" */
    0x0, 0x0, 0x0, 0x5, 0x40, 0x0, 0x0, 0x0,
    0x0, 0x8, 0xf1, 0x0, 0x0, 0x0, 0x5, 0x50,
    0xe6, 0x0, 0x0, 0x0, 0x7e, 0xe7, 0x0, 0x0,
    0x0, 0x2, 0xd3, 0x3d, 0x20, 0x0, 0x0, 0x0,
    0x0, 0x0, 0x0, 0x0, 0x0, 0x0, 0x3f, 0xf3,
    0x0, 0x0, 0x0, 0x0, 0x9e, 0xe9, 0x0, 0x0,
    0x0, 0x0, 0xe9, 0x9e, 0x0, 0x0, 0x0, 0x4,
    0xf3, 0x3f, 0x40, 0x0, 0x0, 0xa, 0xe0, 0xd,
    0xa0, 0x0, 0x0, 0xf, 0x80, 0x8, 0xf0, 0x0,
    0x0, 0x5f, 0x30, 0x2, 0xf5, 0x0, 0x0, 0xbf,
    0x88, 0x88, 0xfb, 0x0, 0x1, 0xff, 0xff, 0xff,
    0xff, 0x10, 0x6, 0xf2, 0x0, 0x0, 0x2f, 0x60,
    0xc, 0xd0, 0x0, 0x0, 0xd, 0xc0, 0x1f, 0x80,
    0x0, 0x0, 0x8, 0xf2, 0x7f, 0x30, 0x0, 0x0,
    0x3, 0xf7,

    /* U+1EA7 "ầ" */
    0x0, 0x0, 0x0, 0x54, 0x0, 0x0, 0x0, 0x0,
    0x8f, 0x10, 0x0, 0x0, 0x0, 0xe, 0x60, 0x0,
    0x4, 0xee, 0x40, 0x0, 0x0, 0x1e, 0x44, 0xe1,
    0x0, 0x0, 0x0, 0x0, 0x0, 0x0, 0x0, 0x4c,
    0xff, 0xb2, 0x0, 0x5, 0xfd, 0x88, 0xee, 0x10,
    0xd, 0xd0, 0x0, 0x2f, 0x70, 0x1, 0x10, 0x0,
    0xe, 0xa0, 0x0, 0x16, 0xad, 0xff, 0xb0, 0x6,
    0xfd, 0x97, 0x4d, 0xb0, 0xf, 0x90, 0x0, 0xe,
    0xb0, 0x2f, 0x70, 0x0, 0x8f, 0xb0, 0xe, 0xfa,
    0x9d, 0xfd, 0xe5, 0x2, 0xbe, 0xfb, 0x24, 0xe8,

    /* U+1EA8 "Ẩ" */
    0x0, 0x0, 0x0, 0x3e, 0xc1, 0x0, 0x0, 0x0,
    0x0, 0x0, 0xd3, 0x0, 0x0, 0x0, 0x9, 0x93,
    0xc0, 0x0, 0x0, 0x0, 0x8d, 0xd9, 0x0, 0x0,
    0x0, 0x2, 0xd2, 0x2d, 0x20, 0x0, 0x0, 0x0,
    0x0, 0x0, 0x0, 0x0, 0x0, 0x0, 0x3f, 0xf3,
    0x0, 0x0, 0x0, 0x0, 0x9e, 0xe9, 0x0, 0x0,
    0x0, 0x0, 0xe9, 0x9e, 0x0, 0x0, 0x0, 0x4,
    0xf3, 0x3f, 0x40, 0x0, 0x0, 0xa, 0xe0, 0xd,
    0xa0, 0x0, 0x0, 0xf, 0x80, 0x8, 0xf0, 0x0,
    0x0, 0x5f, 0x30, 0x2, 0xf5, 0x0, 0x0, 0xbf,
    0x88, 0x88, 0xfb, 0x0, 0x1, 0xff, 0xff, 0xff,
    0xff, 0x10, 0x6, 0xf2, 0x0, 0x0, 0x2f, 0x60,
    0xc, 0xd0, 0x0, 0x0, 0xd, 0xc0, 0x1f, 0x80,
    0x0, 0x0, 0x8, 0xf2, 0x7f, 0x30, 0x0, 0x0,
    0x3, 0xf7,

    /* U+1EA9 "ẩ" */
    0x0, 0x0, 0x3, 0xfc, 0x0, 0x0, 0x0, 0x0,
    0xd, 0x30, 0x0, 0x0, 0x0, 0xf, 0x10, 0x0,
    0x3, 0xff, 0x64, 0x0, 0x0, 0x1e, 0x66, 0xe1,
    0x0, 0x0, 0x12, 0x0, 0x21, 0x0, 0x0, 0x4c,
    0xff, 0xb2, 0x0, 0x5, 0xfd, 0x88, 0xee, 0x10,
    0xd, 0xd0, 0x0, 0x2f, 0x70, 0x1, 0x10, 0x0,
    0xe, 0xa0, 0x0, 0x16, 0xad, 0xff, 0xb0, 0x6,
    0xfd, 0x97, 0x4d, 0xb0, 0xf, 0x90, 0x0, 0xe,
    0xb0, 0x2f, 0x70, 0x0, 0x8f, 0xb0, 0xe, 0xfa,
    0x9d, 0xfd, 0xe5, 0x2, 0xbe, 0xfb, 0x24, 0xe8,

    /* U+1EAA "Ẫ" */
    0x0, 0x1, 0xcc, 0x34, 0x90, 0x0, 0x0, 0x8,
    0x85, 0xef, 0x30, 0x0, 0x0, 0x0, 0x4, 0x40,
    0x0, 0x0, 0x0, 0x0, 0x6f, 0xf6, 0x0, 0x0,
    0x0, 0x2, 0xe4, 0x3e, 0x20, 0x0, 0x0, 0x0,
    0x0, 0x0, 0x0, 0x0, 0x0, 0x0, 0x3f, 0xf3,
    0x0, 0x0, 0x0, 0x0, 0x9e, 0xe9, 0x0, 0x0,
    0x0, 0x0, 0xe9, 0x9e, 0x0, 0x0, 0x0, 0x4,
    0xf3, 0x3f, 0x40, 0x0, 0x0, 0xa, 0xe0, 0xd,
    0xa0, 0x0, 0x0, 0xf, 0x80, 0x8, 0xf0, 0x0,
    0x0, 0x5f, 0x30, 0x2, 0xf5, 0x0, 0x0, 0xbf,
    0x88, 0x88, 0xfb, 0x0, 0x1, 0xff, 0xff, 0xff,
    0xff, 0x10, 0x6, 0xf2, 0x0, 0x0, 0x2f, 0x60,
    0xc, 0xd0, 0x0, 0x0, 0xd, 0xc0, 0x1f, 0x80,
    0x0, 0x0, 0x8, 0xf2, 0x7f, 0x30, 0x0, 0x0,
    0x3, 0xf7,

    /* U+1EAB "ẫ" */
    0x0, 0x2c, 0xc3, 0x49, 0x0, 0x0, 0x87, 0x5e,
    0xe3, 0x0, 0x0, 0x0, 0x0, 0x0, 0x0, 0x0,
    0x3, 0xff, 0x40, 0x0, 0x0, 0xd, 0x66, 0xe1,
    0x0, 0x0, 0x12, 0x0, 0x21, 0x0, 0x0, 0x4c,
    0xff, 0xb2, 0x0, 0x5, 0xfd, 0x88, 0xee, 0x10,
    0xd, 0xd0, 0x0, 0x2f, 0x70, 0x1, 0x10, 0x0,
    0xe, 0xa0, 0x0, 0x16, 0xad, 0xff, 0xb0, 0x6,
    0xfd, 0x97, 0x4d, 0xb0, 0xf, 0x90, 0x0, 0xe,
    0xb0, 0x2f, 0x70, 0x0, 0x8f, 0xb0, 0xe, 0xfa,
    0x9d, 0xfd, 0xe5, 0x2, 0xbe, 0xfb, 0x24, 0xe8,

    /* U+1EAC "Ậ" */
    0x0, 0x0, 0x7, 0x70, 0x0, 0x0, 0x0, 0x0,
    0x7d, 0xc8, 0x0, 0x0, 0x0, 0x2, 0xf2, 0x2f,
    0x20, 0x0, 0x0, 0x0, 0x0, 0x0, 0x0, 0x0,
    0x0, 0x0, 0x3f, 0xf3, 0x0, 0x0, 0x0, 0x0,
    0x9f, 0xe9, 0x0, 0x0, 0x0, 0x0, 0xea, 0xae,
    0x0, 0x0, 0x0, 0x4, 0xf5, 0x4f, 0x40, 0x0,
    0x0, 0xa, 0xf0, 0xf, 0xa0, 0x0, 0x0, 0xf,
    0xa0, 0xa, 0xf0, 0x0, 0x0, 0x5f, 0x50, 0x5,
    0xf5, 0x0, 0x0, 0xbf, 0x0, 0x0, 0xfb, 0x0,
    0x1, 0xff, 0xff, 0xff, 0xff, 0x10, 0x6, 0xfa,
    0x88, 0x88, 0xaf, 0x60, 0xc, 0xf0, 0x0, 0x0,
    0xe, 0xc0, 0x1f, 0x90, 0x0, 0x0, 0x9, 0xf2,
    0x7f, 0x30, 0x0, 0x0, 0x3, 0xf7, 0x0, 0x0,
    0x0, 0x0, 0x0, 0x0, 0x0, 0x0, 0x8, 0x80,
    0x0, 0x0, 0x0, 0x0, 0xc, 0xc0, 0x0, 0x0,

    /* U+1EAD "ậ" */
    0x0, 0x4, 0xcc, 0x40, 0x0, 0x0, 0x2d, 0x22,
    0xd2, 0x0, 0x0, 0x0, 0x0, 0x0, 0x0, 0x0,
    0x4c, 0xff, 0xb2, 0x0, 0x5, 0xfd, 0x88, 0xee,
    0x10, 0xd, 0xd0, 0x0, 0x2f, 0x70, 0x1, 0x10,
    0x0, 0xe, 0xa0, 0x0, 0x16, 0xad, 0xff, 0xb0,
    0x6, 0xfd, 0x97, 0x4d, 0xb0, 0xf, 0x90, 0x0,
    0xe, 0xb0, 0x2f, 0x70, 0x0, 0x8f, 0xb0, 0xe,
    0xfa, 0x9d, 0xfd, 0xe5, 0x2, 0xbe, 0xfb, 0x24,
    0xe8, 0x0, 0x0, 0x0, 0x0, 0x0, 0x0, 0x0,
    0xa6, 0x0, 0x0, 0x0, 0x0, 0xf9, 0x0, 0x0,

    /* U+1EAE "Ắ" */
    0x0, 0x0, 0x0, 0xe8, 0x0, 0x0, 0x0, 0x0,
    0x5, 0xe0, 0x0, 0x0, 0x0, 0x5, 0x70, 0x7,
    0x50, 0x0, 0x0, 0x3, 0xe2, 0x1e, 0x30, 0x0,
    0x0, 0x0, 0x9f, 0xf9, 0x0, 0x0, 0x0, 0x0,
    0x1, 0x10, 0x0, 0x0, 0x0, 0x0, 0x3f, 0xf3,
    0x0, 0x0, 0x0, 0x0, 0x9e, 0xe9, 0x0, 0x0,
    0x0, 0x0, 0xe9, 0x9e, 0x0, 0x0, 0x0, 0x4,
    0xf3, 0x3f, 0x40, 0x0, 0x0, 0xa, 0xe0, 0xd,
    0xa0, 0x0, 0x0, 0xf, 0x80, 0x8, 0xf0, 0x0,
    0x0, 0x5f, 0x30, 0x2, 0xf5, 0x0, 0x0, 0xbf,
    0x88, 0x88, 0xfb, 0x0, 0x1, 0xff, 0xff, 0xff,
    0xff, 0x10, 0x6, 0xf2, 0x0, 0x0, 0x2f, 0x60,
    0xc, 0xd0, 0x0, 0x0, 0xd, 0xc0, 0x1f, 0x80,
    0x0, 0x0, 0x8, 0xf2, 0x7f, 0x30, 0x0, 0x0,
    0x3, 0xf7,

    /* U+1EAF "ắ" */
    0x0, 0x0, 0xe, 0x80, 0x0, 0x0, 0x0, 0x5e,
    0x0, 0x0, 0x0, 0x0, 0x0, 0x0, 0x0, 0x0,
    0x6c, 0x10, 0xc6, 0x0, 0x0, 0xb, 0xff, 0xb0,
    0x0, 0x0, 0x0, 0x11, 0x0, 0x0, 0x0, 0x4c,
    0xff, 0xb2, 0x0, 0x5, 0xfd, 0x88, 0xee, 0x10,
    0xd, 0xd0, 0x0, 0x2f, 0x70, 0x1, 0x10, 0x0,
    0xe, 0xa0, 0x0, 0x16, 0xad, 0xff, 0xb0, 0x6,
    0xfd, 0x97, 0x4d, 0xb0, 0xf, 0x90, 0x0, 0xe,
    0xb0, 0x2f, 0x70, 0x0, 0x8f, 0xb0, 0xe, 0xfa,
    0x9d, 0xfd, 0xe5, 0x2, 0xbe, 0xfb, 0x24, 0xe8,

    /* U+1EB0 "Ằ" */
    0x0, 0x0, 0x7f, 0x0, 0x0, 0x0, 0x0, 0x0,
    0xd, 0x70, 0x0, 0x0, 0x0, 0x5, 0x70, 0x7,
    0x50, 0x0, 0x0, 0x3, 0xe2, 0x1e, 0x30, 0x0,
    0x0, 0x0, 0x9f, 0xf9, 0x0, 0x0, 0x0, 0x0,
    0x1, 0x10, 0x0, 0x0, 0x0, 0x0, 0x3f, 0xf3,
    0x0, 0x0, 0x0, 0x0, 0x9e, 0xe9, 0x0, 0x0,
    0x0, 0x0, 0xe9, 0x9e, 0x0, 0x0, 0x0, 0x4,
    0xf3, 0x3f, 0x40, 0x0, 0x0, 0xa, 0xe0, 0xd,
    0xa0, 0x0, 0x0, 0xf, 0x80, 0x8, 0xf0, 0x0,
    0x0, 0x5f, 0x30, 0x2, 0xf5, 0x0, 0x0, 0xbf,
    0x88, 0x88, 0xfb, 0x0, 0x1, 0xff, 0xff, 0xff,
    0xff, 0x10, 0x6, 0xf2, 0x0, 0x0, 0x2f, 0x60,
    0xc, 0xd0, 0x0, 0x0, 0xd, 0xc0, 0x1f, 0x80,
    0x0, 0x0, 0x8, 0xf2, 0x7f, 0x30, 0x0, 0x0,
    0x3, 0xf7,

    /* U+1EB1 "ằ" */
    0x0, 0x7, 0xe0, 0x0, 0x0, 0x0, 0x0, 0xd6,
    0x0, 0x0, 0x0, 0x0, 0x0, 0x0, 0x0, 0x0,
    0x6c, 0x10, 0xc6, 0x0, 0x0, 0xb, 0xff, 0xb0,
    0x0, 0x0, 0x0, 0x11, 0x0, 0x0, 0x0, 0x4c,
    0xff, 0xb2, 0x0, 0x5, 0xfd, 0x88, 0xee, 0x10,
    0xd, 0xd0, 0x0, 0x2f, 0x70, 0x1, 0x10, 0x0,
    0xe, 0xa0, 0x0, 0x16, 0xad, 0xff, 0xb0, 0x6,
    0xfd, 0x97, 0x4d, 0xb0, 0xf, 0x90, 0x0, 0xe,
    0xb0, 0x2f, 0x70, 0x0, 0x8f, 0xb0, 0xe, 0xfa,
    0x9d, 0xfd, 0xe5, 0x2, 0xbe, 0xfb, 0x24, 0xe8,

    /* U+1EB2 "Ẳ" */
    0x0, 0x0, 0x2e, 0xd2, 0x0, 0x0, 0x0, 0x0,
    0x0, 0xd3, 0x0, 0x0, 0x0, 0x5, 0xa2, 0x3a,
    0x50, 0x0, 0x0, 0x0, 0xbf, 0xfb, 0x0, 0x0,
    0x0, 0x0, 0x1, 0x10, 0x0, 0x0, 0x0, 0x0,
    0x0, 0x0, 0x0, 0x0, 0x0, 0x0, 0x3f, 0xf3,
    0x0, 0x0, 0x0, 0x0, 0x9e, 0xe9, 0x0, 0x0,
    0x0, 0x0, 0xe9, 0x9e, 0x0, 0x0, 0x0, 0x4,
    0xf3, 0x3f, 0x40, 0x0, 0x0, 0xa, 0xe0, 0xd,
    0xa0, 0x0, 0x0, 0xf, 0x80, 0x8, 0xf0, 0x0,
    0x0, 0x5f, 0x30, 0x2, 0xf5, 0x0, 0x0, 0xbf,
    0x88, 0x88, 0xfb, 0x0, 0x1, 0xff, 0xff, 0xff,
    0xff, 0x10, 0x6, 0xf2, 0x0, 0x0, 0x2f, 0x60,
    0xc, 0xd0, 0x0, 0x0, 0xd, 0xc0, 0x1f, 0x80,
    0x0, 0x0, 0x8, 0xf2, 0x7f, 0x30, 0x0, 0x0,
    0x3, 0xf7,

    /* U+1EB3 "ẳ" */
    0x0, 0x2, 0xfd, 0x10, 0x0, 0x0, 0x0, 0xc,
    0x40, 0x0, 0x0, 0x0, 0x2d, 0x0, 0x0, 0x0,
    0x3e, 0xff, 0xe3, 0x0, 0x0, 0x0, 0x22, 0x0,
    0x0, 0x0, 0x0, 0x0, 0x0, 0x0, 0x0, 0x4c,
    0xff, 0xb2, 0x0, 0x5, 0xfd, 0x88, 0xee, 0x10,
    0xd, 0xd0, 0x0, 0x2f, 0x70, 0x1, 0x10, 0x0,
    0xe, 0xa0, 0x0, 0x16, 0xad, 0xff, 0xb0, 0x6,
    0xfd, 0x97, 0x4d, 0xb0, 0xf, 0x90, 0x0, 0xe,
    0xb0, 0x2f, 0x70, 0x0, 0x8f, 0xb0, 0xe, 0xfa,
    0x9d, 0xfd, 0xe5, 0x2, 0xbe, 0xfb, 0x24, 0xe8,

    /* U+1EB4 "Ẵ" */
    0x0, 0x5, 0xce, 0xee, 0x60, 0x0, 0x0, 0x1,
    0x11, 0x10, 0x0, 0x0, 0x0, 0x4, 0x70, 0x6,
    0x50, 0x0, 0x0, 0x3, 0xe2, 0x1e, 0x40, 0x0,
    0x0, 0x0, 0x8f, 0xf9, 0x0, 0x0, 0x0, 0x0,
    0x1, 0x10, 0x0, 0x0, 0x0, 0x0, 0x3f, 0xf3,
    0x0, 0x0, 0x0, 0x0, 0x9e, 0xe9, 0x0, 0x0,
    0x0, 0x0, 0xe9, 0x9e, 0x0, 0x0, 0x0, 0x4,
    0xf3, 0x3f, 0x40, 0x0, 0x0, 0xa, 0xe0, 0xd,
    0xa0, 0x0, 0x0, 0xf, 0x80, 0x8, 0xf0, 0x0,
    0x0, 0x5f, 0x30, 0x2, 0xf5, 0x0, 0x0, 0xbf,
    0x88, 0x88, 0xfb, 0x0, 0x1, 0xff, 0xff, 0xff,
    0xff, 0x10, 0x6, 0xf2, 0x0, 0x0, 0x2f, 0x60,
    0xc, 0xd0, 0x0, 0x0, 0xd, 0xc0, 0x1f, 0x80,
    0x0, 0x0, 0x8, 0xf2, 0x7f, 0x30, 0x0, 0x0,
    0x3, 0xf7,

    /* U+1EB5 "ẵ" */
    0x0, 0x2c, 0xc3, 0x58, 0x0, 0x0, 0x97, 0x5e,
    0xe3, 0x0, 0x0, 0x10, 0x0, 0x0, 0x0, 0x0,
    0x6c, 0x10, 0xc6, 0x0, 0x0, 0xb, 0xff, 0xb0,
    0x0, 0x0, 0x0, 0x11, 0x0, 0x0, 0x0, 0x4c,
    0xff, 0xb2, 0x0, 0x5, 0xfd, 0x88, 0xee, 0x10,
    0xd, 0xd0, 0x0, 0x2f, 0x70, 0x1, 0x10, 0x0,
    0xe, 0xa0, 0x0, 0x16, 0xad, 0xff, 0xb0, 0x6,
    0xfd, 0x97, 0x4d, 0xb0, 0xf, 0x90, 0x0, 0xe,
    0xb0, 0x2f, 0x70, 0x0, 0x8f, 0xb0, 0xe, 0xfa,
    0x9d, 0xfd, 0xe5, 0x2, 0xbe, 0xfb, 0x24, 0xe8,

    /* U+1EB6 "Ặ" */
    0x0, 0x3, 0x40, 0x4, 0x30, 0x0, 0x0, 0x4,
    0xd1, 0x1d, 0x40, 0x0, 0x0, 0x0, 0x9f, 0xf9,
    0x0, 0x0, 0x0, 0x0, 0x1, 0x10, 0x0, 0x0,
    0x0, 0x0, 0x3f, 0xf3, 0x0, 0x0, 0x0, 0x0,
    0x9f, 0xe9, 0x0, 0x0, 0x0, 0x0, 0xea, 0xae,
    0x0, 0x0, 0x0, 0x4, 0xf5, 0x4f, 0x40, 0x0,
    0x0, 0xa, 0xf0, 0xf, 0xa0, 0x0, 0x0, 0xf,
    0xa0, 0xa, 0xf0, 0x0, 0x0, 0x5f, 0x50, 0x5,
    0xf5, 0x0, 0x0, 0xbf, 0x0, 0x0, 0xfb, 0x0,
    0x1, 0xff, 0xff, 0xff, 0xff, 0x10, 0x6, 0xfa,
    0x88, 0x88, 0xaf, 0x60, 0xc, 0xf0, 0x0, 0x0,
    0xe, 0xc0, 0x1f, 0x90, 0x0, 0x0, 0x9, 0xf2,
    0x7f, 0x30, 0x0, 0x0, 0x3, 0xf7, 0x0, 0x0,
    0x0, 0x0, 0x0, 0x0, 0x0, 0x0, 0x8, 0x80,
    0x0, 0x0, 0x0, 0x0, 0xc, 0xc0, 0x0, 0x0,

    /* U+1EB7 "ặ" */
    0x0, 0x6c, 0x11, 0xc6, 0x0, 0x0, 0xb, 0xff,
    0xb0, 0x0, 0x0, 0x0, 0x11, 0x0, 0x0, 0x0,
    0x4c, 0xff, 0xb2, 0x0, 0x5, 0xfd, 0x88, 0xee,
    0x10, 0xd, 0xd0, 0x0, 0x2f, 0x70, 0x1, 0x10,
    0x0, 0xe, 0xa0, 0x0, 0x16, 0xad, 0xff, 0xb0,
    0x6, 0xfd, 0x97, 0x4d, 0xb0, 0xf, 0x90, 0x0,
    0xe, 0xb0, 0x2f, 0x70, 0x0, 0x8f, 0xb0, 0xe,
    0xfa, 0x9d, 0xfd, 0xe5, 0x2, 0xbe, 0xfb, 0x24,
    0xe8, 0x0, 0x0, 0x0, 0x0, 0x0, 0x0, 0x0,
    0xa6, 0x0, 0x0, 0x0, 0x0, 0xf9, 0x0, 0x0,

    /* U+1EB8 "Ẹ" */
    0x5f, 0xff, 0xff, 0xff, 0xb5, 0xfa, 0x88, 0x88,
    0x86, 0x5f, 0x30, 0x0, 0x0, 0x5, 0xf3, 0x0,
    0x0, 0x0, 0x5f, 0x30, 0x0, 0x0, 0x5, 0xf3,
    0x0, 0x0, 0x0, 0x5f, 0xff, 0xff, 0xff, 0x75,
    0xf9, 0x88, 0x88, 0x83, 0x5f, 0x30, 0x0, 0x0,
    0x5, 0xf3, 0x0, 0x0, 0x0, 0x5f, 0x30, 0x0,
    0x0, 0x5, 0xfa, 0x88, 0x88, 0x87, 0x5f, 0xff,
    0xff, 0xff, 0xd0, 0x0, 0x0, 0x0, 0x0, 0x0,
    0x0, 0xa5, 0x0, 0x0, 0x0, 0xf, 0x80, 0x0,

    /* U+1EB9 "ẹ" */
    0x0, 0x2a, 0xef, 0xb2, 0x0, 0x2, 0xef, 0x98,
    0xee, 0x20, 0xb, 0xf3, 0x0, 0x2f, 0xb0, 0xf,
    0xb0, 0x0, 0x9, 0xf0, 0x2f, 0x81, 0x11, 0x17,
    0xf3, 0x2f, 0xff, 0xff, 0xff, 0xf4, 0xf, 0x94,
    0x44, 0x44, 0x41, 0xb, 0xc0, 0x0, 0x7, 0x90,
    0x2, 0xfd, 0x88, 0xbf, 0x80, 0x0, 0x2a, 0xef,
    0xc6, 0x0, 0x0, 0x0, 0x0, 0x0, 0x0, 0x0,
    0x0, 0x6a, 0x0, 0x0, 0x0, 0x0, 0xaf, 0x0,
    0x0,

    /* U+1EBA "Ẻ" */
    0x0, 0x9, 0xea, 0x0, 0x0, 0x0, 0x23, 0xf1,
    0x0, 0x0, 0x0, 0x6a, 0x0, 0x0, 0x0, 0x0,
    0x0, 0x0, 0x5f, 0xff, 0xff, 0xff, 0xb5, 0xfa,
    0x88, 0x88, 0x86, 0x5f, 0x30, 0x0, 0x0, 0x5,
    0xf3, 0x0, 0x0, 0x0, 0x5f, 0x30, 0x0, 0x0,
    0x5, 0xf9, 0x88, 0x88, 0x83, 0x5f, 0xff, 0xff,
    0xff, 0x75, 0xf3, 0x0, 0x0, 0x0, 0x5f, 0x30,
    0x0, 0x0, 0x5, 0xf3, 0x0, 0x0, 0x0, 0x5f,
    0x30, 0x0, 0x0, 0x5, 0xfa, 0x88, 0x88, 0x87,
    0x5f, 0xff, 0xff, 0xff, 0xd0,

    /* U+1EBB "ẻ" */
    0x0, 0x2, 0xed, 0x30, 0x0, 0x0, 0x0, 0x2b,
    0x90, 0x0, 0x0, 0x0, 0xd, 0x40, 0x0, 0x0,
    0x0, 0x1, 0x0, 0x0, 0x0, 0x2a, 0xef, 0xc4,
    0x0, 0x2, 0xee, 0x98, 0xdf, 0x40, 0xb, 0xe1,
    0x0, 0xd, 0xd0, 0xf, 0x81, 0x11, 0x18, 0xf2,
    0x2f, 0xff, 0xff, 0xff, 0xf4, 0x2f, 0x94, 0x44,
    0x44, 0x41, 0xf, 0x90, 0x0, 0x1, 0x10, 0xb,
    0xf2, 0x0, 0xc, 0xe0, 0x2, 0xff, 0x98, 0xdf,
    0x50, 0x0, 0x2a, 0xef, 0xc4, 0x0,

    /* U+1EBC "Ẽ" */
    0x0, 0x7d, 0x91, 0x76, 0x0, 0xe, 0x39, 0xfe,
    0x10, 0x0, 0x10, 0x0, 0x0, 0x0, 0x0, 0x0,
    0x0, 0x0, 0x5f, 0xff, 0xff, 0xff, 0xb5, 0xfa,
    0x88, 0x88, 0x86, 0x5f, 0x30, 0x0, 0x0, 0x5,
    0xf3, 0x0, 0x0, 0x0, 0x5f, 0x30, 0x0, 0x0,
    0x5, 0xf9, 0x88, 0x88, 0x83, 0x5f, 0xff, 0xff,
    0xff, 0x75, 0xf3, 0x0, 0x0, 0x0, 0x5f, 0x30,
    0x0, 0x0, 0x5, 0xf3, 0x0, 0x0, 0x0, 0x5f,
    0x30, 0x0, 0x0, 0x5, 0xfa, 0x88, 0x88, 0x87,
    0x5f, 0xff, 0xff, 0xff, 0xd0,

    /* U+1EBD "ẽ" */
    0x0, 0x5e, 0xff, 0xeb, 0x0, 0x0, 0x11, 0x1,
    0x10, 0x0, 0x0, 0x0, 0x0, 0x0, 0x0, 0x0,
    0x2a, 0xef, 0xc4, 0x0, 0x2, 0xee, 0x98, 0xdf,
    0x40, 0xb, 0xe1, 0x0, 0xd, 0xd0, 0xf, 0x81,
    0x11, 0x18, 0xf2, 0x2f, 0xff, 0xff, 0xff, 0xf4,
    0x2f, 0x94, 0x44, 0x44, 0x41, 0xf, 0x90, 0x0,
    0x1, 0x10, 0xb, 0xf2, 0x0, 0xc, 0xe0, 0x2,
    0xff, 0x98, 0xdf, 0x50, 0x0, 0x2a, 0xef, 0xc4,
    0x0,

    /* U+1EBE "Ế" */
    0x0, 0x0, 0x0, 0x5, 0x40, 0x0, 0x0, 0x2,
    0xf5, 0x0, 0x1, 0x64, 0x9c, 0x0, 0x0, 0xcd,
    0xf3, 0x0, 0x0, 0x6c, 0x7, 0xc0, 0x0, 0x0,
    0x0, 0x0, 0x0, 0x5f, 0xff, 0xff, 0xff, 0xb5,
    0xfa, 0x88, 0x88, 0x86, 0x5f, 0x30, 0x0, 0x0,
    0x5, 0xf3, 0x0, 0x0, 0x0, 0x5f, 0x30, 0x0,
    0x0, 0x5, 0xf9, 0x88, 0x88, 0x83, 0x5f, 0xff,
    0xff, 0xff, 0x75, 0xf3, 0x0, 0x0, 0x0, 0x5f,
    0x30, 0x0, 0x0, 0x5, 0xf3, 0x0, 0x0, 0x0,
    0x5f, 0x30, 0x0, 0x0, 0x5, 0xfa, 0x88, 0x88,
    0x87, 0x5f, 0xff, 0xff, 0xff, 0xd0,

    /* U+1EBF "ế" */
    0x0, 0x0, 0x0, 0x2, 0x51, 0x0, 0x0, 0x0,
    0xb, 0xd0, 0x0, 0x0, 0x0, 0x1f, 0x30, 0x0,
    0x2, 0xee, 0x60, 0x0, 0x0, 0xc, 0x62, 0xe3,
    0x0, 0x0, 0x1, 0x0, 0x0, 0x0, 0x0, 0x2a,
    0xef, 0xc4, 0x0, 0x2, 0xee, 0x98, 0xdf, 0x40,
    0xb, 0xe1, 0x0, 0xd, 0xd0, 0xf, 0x81, 0x11,
    0x18, 0xf2, 0x2f, 0xff, 0xff, 0xff, 0xf4, 0x2f,
    0x94, 0x44, 0x44, 0x41, 0xf, 0x90, 0x0, 0x1,
    0x10, 0xb, 0xf2, 0x0, 0xc, 0xe0, 0x2, 0xff,
    0x98, 0xdf, 0x50, 0x0, 0x2a, 0xef, 0xc4, 0x0,

    /* U+1EC0 "Ề" */
    0x0, 0x0, 0x1, 0x52, 0x0, 0x0, 0x0, 0xc,
    0xb0, 0x0, 0x1, 0x64, 0x3f, 0x20, 0x0, 0xcd,
    0xf3, 0x0, 0x0, 0x6c, 0x7, 0xc0, 0x0, 0x0,
    0x0, 0x0, 0x0, 0x5f, 0xff, 0xff, 0xff, 0xb5,
    0xfa, 0x88, 0x88, 0x86, 0x5f, 0x30, 0x0, 0x0,
    0x5, 0xf3, 0x0, 0x0, 0x0, 0x5f, 0x30, 0x0,
    0x0, 0x5, 0xf9, 0x88, 0x88, 0x83, 0x5f, 0xff,
    0xff, 0xff, 0x75, 0xf3, 0x0, 0x0, 0x0, 0x5f,
    0x30, 0x0, 0x0, 0x5, 0xf3, 0x0, 0x0, 0x0,
    0x5f, 0x30, 0x0, 0x0, 0x5, 0xfa, 0x88, 0x88,
    0x87, 0x5f, 0xff, 0xff, 0xff, 0xd0,

    /* U+1EC1 "ề" */
    0x0, 0x0, 0x0, 0x45, 0x0, 0x0, 0x0, 0x0,
    0x5f, 0x20, 0x0, 0x0, 0x0, 0xc, 0x90, 0x0,
    0x2, 0xee, 0x60, 0x0, 0x0, 0xc, 0x62, 0xe3,
    0x0, 0x0, 0x1, 0x0, 0x0, 0x0, 0x0, 0x2a,
    0xef, 0xc4, 0x0, 0x2, 0xee, 0x98, 0xdf, 0x40,
    0xb, 0xe1, 0x0, 0xd, 0xd0, 0xf, 0x81, 0x11,
    0x18, 0xf2, 0x2f, 0xff, 0xff, 0xff, 0xf4, 0x2f,
    0x94, 0x44, 0x44, 0x41, 0xf, 0x90, 0x0, 0x1,
    0x10, 0xb, 0xf2, 0x0, 0xc, 0xe0, 0x2, 0xff,
    0x98, 0xdf, 0x50, 0x0, 0x2a, 0xef, 0xc4, 0x0,

    /* U+1EC2 "Ể" */
    0x0, 0x0, 0x8, 0xe9, 0x0, 0x0, 0x0, 0x2,
    0xe0, 0x0, 0x3, 0x97, 0x77, 0x0, 0x0, 0xdb,
    0xf4, 0x0, 0x0, 0x6b, 0x5, 0xb0, 0x0, 0x0,
    0x0, 0x0, 0x0, 0x5f, 0xff, 0xff, 0xff, 0xb5,
    0xfa, 0x88, 0x88, 0x86, 0x5f, 0x30, 0x0, 0x0,
    0x5, 0xf3, 0x0, 0x0, 0x0, 0x5f, 0x30, 0x0,
    0x0, 0x5, 0xf9, 0x88, 0x88, 0x83, 0x5f, 0xff,
    0xff, 0xff, 0x75, 0xf3, 0x0, 0x0, 0x0, 0x5f,
    0x30, 0x0, 0x0, 0x5, 0xf3, 0x0, 0x0, 0x0,
    0x5f, 0x30, 0x0, 0x0, 0x5, 0xfa, 0x88, 0x88,
    0x87, 0x5f, 0xff, 0xff, 0xff, 0xd0,

    /* U+1EC3 "ể" */
    0x0, 0x0, 0x1, 0xed, 0x10, 0x0, 0x0, 0x0,
    0xb, 0x60, 0x0, 0x0, 0x0, 0xd, 0x30, 0x0,
    0x1, 0xef, 0x76, 0x0, 0x0, 0xc, 0x94, 0xe2,
    0x0, 0x0, 0x3, 0x0, 0x21, 0x0, 0x0, 0x2a,
    0xef, 0xc4, 0x0, 0x2, 0xee, 0x98, 0xdf, 0x40,
    0xb, 0xe1, 0x0, 0xd, 0xd0, 0xf, 0x81, 0x11,
    0x18, 0xf2, 0x2f, 0xff, 0xff, 0xff, 0xf4, 0x2f,
    0x94, 0x44, 0x44, 0x41, 0xf, 0x90, 0x0, 0x1,
    0x10, 0xb, 0xf2, 0x0, 0xc, 0xe0, 0x2, 0xff,
    0x98, 0xdf, 0x50, 0x0, 0x2a, 0xef, 0xc4, 0x0,

    /* U+1EC4 "Ễ" */
    0x0, 0x5d, 0xa1, 0x94, 0x0, 0xd, 0x38, 0xfd,
    0x0, 0x0, 0x11, 0x43, 0x0, 0x0, 0x0, 0xae,
    0xf2, 0x0, 0x0, 0x6d, 0x17, 0xc0, 0x0, 0x0,
    0x0, 0x0, 0x0, 0x5f, 0xff, 0xff, 0xff, 0xb5,
    0xfa, 0x88, 0x88, 0x86, 0x5f, 0x30, 0x0, 0x0,
    0x5, 0xf3, 0x0, 0x0, 0x0, 0x5f, 0x30, 0x0,
    0x0, 0x5, 0xf9, 0x88, 0x88, 0x83, 0x5f, 0xff,
    0xff, 0xff, 0x75, 0xf3, 0x0, 0x0, 0x0, 0x5f,
    0x30, 0x0, 0x0, 0x5, 0xf3, 0x0, 0x0, 0x0,
    0x5f, 0x30, 0x0, 0x0, 0x5, 0xfa, 0x88, 0x88,
    0x87, 0x5f, 0xff, 0xff, 0xff, 0xd0,

    /* U+1EC5 "ễ" */
    0x0, 0xb, 0xd5, 0x2b, 0x0, 0x0, 0x6a, 0x3d,
    0xf5, 0x0, 0x0, 0x0, 0x0, 0x0, 0x0, 0x0,
    0x1, 0xef, 0x60, 0x0, 0x0, 0xb, 0x94, 0xf2,
    0x0, 0x0, 0x3, 0x0, 0x22, 0x0, 0x0, 0x2a,
    0xef, 0xc4, 0x0, 0x2, 0xee, 0x98, 0xdf, 0x40,
    0xb, 0xe1, 0x0, 0xd, 0xd0, 0xf, 0x81, 0x11,
    0x18, 0xf2, 0x2f, 0xff, 0xff, 0xff, 0xf4, 0x2f,
    0x94, 0x44, 0x44, 0x41, 0xf, 0x90, 0x0, 0x1,
    0x10, 0xb, 0xf2, 0x0, 0xc, 0xe0, 0x2, 0xff,
    0x98, 0xdf, 0x50, 0x0, 0x2a, 0xef, 0xc4, 0x0,

    /* U+1EC6 "Ệ" */
    0x0, 0x2, 0x85, 0x0, 0x0, 0x0, 0xca, 0xf3,
    0x0, 0x0, 0x7d, 0x6, 0xd0, 0x0, 0x0, 0x0,
    0x0, 0x0, 0x5f, 0xff, 0xff, 0xff, 0xb5, 0xfa,
    0x88, 0x88, 0x86, 0x5f, 0x30, 0x0, 0x0, 0x5,
    0xf3, 0x0, 0x0, 0x0, 0x5f, 0x30, 0x0, 0x0,
    0x5, 0xf3, 0x0, 0x0, 0x0, 0x5f, 0xff, 0xff,
    0xff, 0x75, 0xf9, 0x88, 0x88, 0x83, 0x5f, 0x30,
    0x0, 0x0, 0x5, 0xf3, 0x0, 0x0, 0x0, 0x5f,
    0x30, 0x0, 0x0, 0x5, 0xfa, 0x88, 0x88, 0x87,
    0x5f, 0xff, 0xff, 0xff, 0xd0, 0x0, 0x0, 0x0,
    0x0, 0x0, 0x0, 0xa5, 0x0, 0x0, 0x0, 0xf,
    0x80, 0x0,

    /* U+1EC7 "ệ" */
    0x0, 0x2, 0xdb, 0x60, 0x0, 0x0, 0xc, 0x40,
    0xd3, 0x0, 0x0, 0x0, 0x0, 0x0, 0x0, 0x0,
    0x2a, 0xef, 0xb2, 0x0, 0x2, 0xef, 0x98, 0xee,
    0x20, 0xb, 0xf3, 0x0, 0x2f, 0xb0, 0xf, 0xb0,
    0x0, 0x9, 0xf0, 0x2f, 0x81, 0x11, 0x17, 0xf3,
    0x2f, 0xff, 0xff, 0xff, 0xf4, 0xf, 0x94, 0x44,
    0x44, 0x41, 0xb, 0xc0, 0x0, 0x7, 0x90, 0x2,
    0xfd, 0x88, 0xbf, 0x80, 0x0, 0x2a, 0xef, 0xc6,
    0x0, 0x0, 0x0, 0x0, 0x0, 0x0, 0x0, 0x0,
    0x6a, 0x0, 0x0, 0x0, 0x0, 0xaf, 0x0, 0x0,

    /* U+1EC8 "Ỉ" */
    0xde, 0x72, 0x8d, 0xa, 0x60, 0x0, 0x5f, 0x35,
    0xf3, 0x5f, 0x35, 0xf3, 0x5f, 0x35, 0xf3, 0x5f,
    0x35, 0xf3, 0x5f, 0x35, 0xf3, 0x5f, 0x35, 0xf3,
    0x5f, 0x30,

    /* U+1EC9 "ỉ" */
    0x2e, 0xd4, 0x2, 0xb9, 0x1, 0xd3, 0x0, 0x0,
    0x9, 0xf0, 0x9, 0xf0, 0x9, 0xf0, 0x9, 0xf0,
    0x9, 0xf0, 0x9, 0xf0, 0x9, 0xf0, 0x9, 0xf0,
    0x9, 0xf0, 0x9, 0xf0,

    /* U+1ECA "Ị" */
    0x5f, 0x35, 0xf3, 0x5f, 0x35, 0xf3, 0x5f, 0x35,
    0xf3, 0x5f, 0x35, 0xf3, 0x5f, 0x35, 0xf3, 0x5f,
    0x35, 0xf3, 0x5f, 0x30, 0x0, 0x3a, 0x25, 0xf3,

    /* U+1ECB "ị" */
    0x9f, 0x7c, 0x0, 0x9f, 0x9f, 0x9f, 0x9f, 0x9f,
    0x9f, 0x9f, 0x9f, 0x9f, 0x9f, 0x0, 0x6a, 0x9f,

    /* U+1ECC "Ọ" */
    0x0, 0x2, 0x9d, 0xfe, 0xb4, 0x0, 0x0, 0x5,
    0xff, 0xb9, 0xae, 0xf9, 0x0, 0x2, 0xfd, 0x20,
    0x0, 0xa, 0xf6, 0x0, 0xaf, 0x20, 0x0, 0x0,
    0xd, 0xe0, 0xf, 0xb0, 0x0, 0x0, 0x0, 0x7f,
    0x31, 0xf8, 0x0, 0x0, 0x0, 0x3, 0xf6, 0x2f,
    0x70, 0x0, 0x0, 0x0, 0x2f, 0x71, 0xf8, 0x0,
    0x0, 0x0, 0x3, 0xf6, 0xf, 0xb0, 0x0, 0x0,
    0x0, 0x6f, 0x40, 0xaf, 0x20, 0x0, 0x0, 0xd,
    0xe0, 0x2, 0xfd, 0x20, 0x0, 0xa, 0xf7, 0x0,
    0x5, 0xff, 0xb9, 0xae, 0xfa, 0x0, 0x0, 0x2,
    0x9d, 0xfe, 0xb5, 0x0, 0x0, 0x0, 0x0, 0x0,
    0x0, 0x0, 0x0, 0x0, 0x0, 0x1, 0xa4, 0x0,
    0x0, 0x0, 0x0, 0x0, 0x2f, 0x70, 0x0, 0x0,

    /* U+1ECD "ọ" */
    0x0, 0x2a, 0xef, 0xc4, 0x0, 0x2, 0xef, 0x98,
    0xdf, 0x60, 0xb, 0xf2, 0x0, 0xc, 0xf0, 0xf,
    0x90, 0x0, 0x4, 0xf5, 0x2f, 0x60, 0x0, 0x2,
    0xf7, 0x2f, 0x60, 0x0, 0x2, 0xf7, 0xf, 0x90,
    0x0, 0x4, 0xf5, 0xb, 0xf2, 0x0, 0xc, 0xf0,
    0x2, 0xef, 0x98, 0xdf, 0x60, 0x0, 0x2a, 0xef,
    0xc4, 0x0, 0x0, 0x0, 0x0, 0x0, 0x0, 0x0,
    0x0, 0x6a, 0x0, 0x0, 0x0, 0x0, 0xaf, 0x0,
    0x0,

    /* U+1ECE "Ỏ" */
    0x0, 0x0, 0x9, 0xe8, 0x0, 0x0, 0x0, 0x0,
    0x0, 0x25, 0xf0, 0x0, 0x0, 0x0, 0x0, 0x0,
    0x2f, 0x0, 0x0, 0x0, 0x0, 0x0, 0x9, 0x60,
    0x0, 0x0, 0x0, 0x0, 0x0, 0x0, 0x0, 0x0,
    0x0, 0x0, 0x29, 0xdf, 0xeb, 0x40, 0x0, 0x0,
    0x5f, 0xfb, 0x9a, 0xef, 0x90, 0x0, 0x2f, 0xd2,
    0x0, 0x0, 0xaf, 0x60, 0xa, 0xf2, 0x0, 0x0,
    0x0, 0xde, 0x0, 0xfb, 0x0, 0x0, 0x0, 0x7,
    0xf3, 0x1f, 0x80, 0x0, 0x0, 0x0, 0x3f, 0x62,
    0xf7, 0x0, 0x0, 0x0, 0x2, 0xf7, 0x1f, 0x80,
    0x0, 0x0, 0x0, 0x3f, 0x60, 0xfb, 0x0, 0x0,
    0x0, 0x6, 0xf4, 0xa, 0xf2, 0x0, 0x0, 0x0,
    0xde, 0x0, 0x2f, 0xd2, 0x0, 0x0, 0xaf, 0x70,
    0x0, 0x5f, 0xfb, 0x9a, 0xef, 0xa0, 0x0, 0x0,
    0x29, 0xdf, 0xeb, 0x50, 0x0,

    /* U+1ECF "ỏ" */
    0x0, 0x2, 0xed, 0x30, 0x0, 0x0, 0x0, 0x2b,
    0x90, 0x0, 0x0, 0x0, 0xd, 0x30, 0x0, 0x0,
    0x0, 0x1, 0x0, 0x0, 0x0, 0x2a, 0xef, 0xc4,
    0x0, 0x2, 0xef, 0x98, 0xdf, 0x60, 0xb, 0xf2,
    0x0, 0xc, 0xf0, 0xf, 0x90, 0x0, 0x4, 0xf5,
    0x2f, 0x60, 0x0, 0x2, 0xf7, 0x2f, 0x60, 0x0,
    0x2, 0xf7, 0xf, 0x90, 0x0, 0x4, 0xf5, 0xb,
    0xf2, 0x0, 0xc, 0xf0, 0x2, 0xef, 0x98, 0xdf,
    0x60, 0x0, 0x2a, 0xef, 0xc4, 0x0,

    /* U+1ED0 "Ố" */
    0x0, 0x0, 0x0, 0x0, 0x1f, 0x80, 0x0, 0x0,
    0x0, 0x0, 0x7, 0xe0, 0x0, 0x0, 0x0, 0x7,
    0xfc, 0x43, 0x0, 0x0, 0x0, 0x1, 0xf7, 0xf5,
    0x0, 0x0, 0x0, 0x0, 0x8b, 0x6, 0xc0, 0x0,
    0x0, 0x0, 0x0, 0x0, 0x0, 0x0, 0x0, 0x0,
    0x2, 0x9d, 0xfe, 0xb4, 0x0, 0x0, 0x5, 0xff,
    0xb9, 0xae, 0xf9, 0x0, 0x2, 0xfd, 0x20, 0x0,
    0xa, 0xf6, 0x0, 0xaf, 0x20, 0x0, 0x0, 0xd,
    0xe0, 0xf, 0xb0, 0x0, 0x0, 0x0, 0x7f, 0x31,
    0xf8, 0x0, 0x0, 0x0, 0x3, 0xf6, 0x2f, 0x70,
    0x0, 0x0, 0x0, 0x2f, 0x71, 0xf8, 0x0, 0x0,
    0x0, 0x3, 0xf6, 0xf, 0xb0, 0x0, 0x0, 0x0,
    0x6f, 0x40, 0xaf, 0x20, 0x0, 0x0, 0xd, 0xe0,
    0x2, 0xfd, 0x20, 0x0, 0xa, 0xf7, 0x0, 0x5,
    0xff, 0xb9, 0xae, 0xfa, 0x0, 0x0, 0x2, 0x9d,
    0xfe, 0xb5, 0x0, 0x0,

    /* U+1ED1 "ố" */
    0x0, 0x0, 0x0, 0x2, 0x51, 0x0, 0x0, 0x0,
    0xb, 0xd0, 0x0, 0x0, 0x0, 0x1f, 0x30, 0x0,
    0x2, 0xee, 0x60, 0x0, 0x0, 0xd, 0x62, 0xe3,
    0x0, 0x0, 0x0, 0x0, 0x0, 0x0, 0x0, 0x2a,
    0xef, 0xc4, 0x0, 0x2, 0xef, 0x98, 0xdf, 0x60,
    0xb, 0xf2, 0x0, 0xc, 0xf0, 0xf, 0x90, 0x0,
    0x4, 0xf5, 0x2f, 0x60, 0x0, 0x2, 0xf7, 0x2f,
    0x60, 0x0, 0x2, 0xf7, 0xf, 0x90, 0x0, 0x4,
    0xf5, 0xb, 0xf2, 0x0, 0xc, 0xf0, 0x2, 0xef,
    0x98, 0xdf, 0x60, 0x0, 0x2a, 0xef, 0xc4, 0x0,

    /* U+1ED2 "Ồ" */
    0x0, 0x0, 0x0, 0x1, 0xf8, 0x0, 0x0, 0x0,
    0x0, 0x0, 0x8, 0xe0, 0x0, 0x0, 0x0, 0x7,
    0xfc, 0x5, 0x10, 0x0, 0x0, 0x1, 0xf7, 0xf5,
    0x0, 0x0, 0x0, 0x0, 0x8b, 0x6, 0xc0, 0x0,
    0x0, 0x0, 0x0, 0x0, 0x0, 0x0, 0x0, 0x0,
    0x2, 0x9d, 0xfe, 0xb4, 0x0, 0x0, 0x5, 0xff,
    0xb9, 0xae, 0xf9, 0x0, 0x2, 0xfd, 0x20, 0x0,
    0xa, 0xf6, 0x0, 0xaf, 0x20, 0x0, 0x0, 0xd,
    0xe0, 0xf, 0xb0, 0x0, 0x0, 0x0, 0x7f, 0x31,
    0xf8, 0x0, 0x0, 0x0, 0x3, 0xf6, 0x2f, 0x70,
    0x0, 0x0, 0x0, 0x2f, 0x71, 0xf8, 0x0, 0x0,
    0x0, 0x3, 0xf6, 0xf, 0xb0, 0x0, 0x0, 0x0,
    0x6f, 0x40, 0xaf, 0x20, 0x0, 0x0, 0xd, 0xe0,
    0x2, 0xfd, 0x20, 0x0, 0xa, 0xf7, 0x0, 0x5,
    0xff, 0xb9, 0xae, 0xfa, 0x0, 0x0, 0x2, 0x9d,
    0xfe, 0xb5, 0x0, 0x0,

    /* U+1ED3 "ồ" */
    0x0, 0x0, 0x0, 0x45, 0x0, 0x0, 0x0, 0x0,
    0x5f, 0x20, 0x0, 0x0, 0x0, 0xc, 0x90, 0x0,
    0x2, 0xee, 0x60, 0x0, 0x0, 0xd, 0x62, 0xe3,
    0x0, 0x0, 0x0, 0x0, 0x0, 0x0, 0x0, 0x2a,
    0xef, 0xc4, 0x0, 0x2, 0xef, 0x98, 0xdf, 0x60,
    0xb, 0xf2, 0x0, 0xc, 0xf0, 0xf, 0x90, 0x0,
    0x4, 0xf5, 0x2f, 0x60, 0x0, 0x2, 0xf7, 0x2f,
    0x60, 0x0, 0x2, 0xf7, 0xf, 0x90, 0x0, 0x4,
    0xf5, 0xb, 0xf2, 0x0, 0xc, 0xf0, 0x2, 0xef,
    0x98, 0xdf, 0x60, 0x0, 0x2a, 0xef, 0xc4, 0x0,

    /* U+1ED4 "Ổ" */
    0x0, 0x0, 0x0, 0x8, 0xe8, 0x0, 0x0, 0x0,
    0x0, 0x0, 0x3, 0xd0, 0x0, 0x0, 0x0, 0x2,
    0x85, 0x88, 0x0, 0x0, 0x0, 0x0, 0xcd, 0xf3,
    0x0, 0x0, 0x0, 0x0, 0x7d, 0x9, 0xb0, 0x0,
    0x0, 0x0, 0x1, 0x0, 0x1, 0x0, 0x0, 0x0,
    0x2, 0x9d, 0xfe, 0xb4, 0x0, 0x0, 0x5, 0xff,
    0xb9, 0xae, 0xf9, 0x0, 0x2, 0xfd, 0x20, 0x0,
    0xa, 0xf6, 0x0, 0xaf, 0x20, 0x0, 0x0, 0xd,
    0xe0, 0xf, 0xb0, 0x0, 0x0, 0x0, 0x7f, 0x31,
    0xf8, 0x0, 0x0, 0x0, 0x3, 0xf6, 0x2f, 0x70,
    0x0, 0x0, 0x0, 0x2f, 0x71, 0xf8, 0x0, 0x0,
    0x0, 0x3, 0xf6, 0xf, 0xb0, 0x0, 0x0, 0x0,
    0x6f, 0x40, 0xaf, 0x20, 0x0, 0x0, 0xd, 0xe0,
    0x2, 0xfd, 0x20, 0x0, 0xa, 0xf7, 0x0, 0x5,
    0xff, 0xb9, 0xae, 0xfa, 0x0, 0x0, 0x2, 0x9d,
    0xfe, 0xb5, 0x0, 0x0,

    /* U+1ED5 "ổ" */
    0x0, 0x0, 0x1, 0xed, 0x10, 0x0, 0x0, 0x0,
    0xb, 0x60, 0x0, 0x0, 0x0, 0xd, 0x30, 0x0,
    0x1, 0xef, 0x86, 0x0, 0x0, 0xc, 0x84, 0xe2,
    0x0, 0x0, 0x2, 0x0, 0x11, 0x0, 0x0, 0x2a,
    0xef, 0xc4, 0x0, 0x2, 0xef, 0x98, 0xdf, 0x60,
    0xb, 0xf2, 0x0, 0xc, 0xf0, 0xf, 0x90, 0x0,
    0x4, 0xf5, 0x2f, 0x60, 0x0, 0x2, 0xf7, 0x2f,
    0x60, 0x0, 0x2, 0xf7, 0xf, 0x90, 0x0, 0x4,
    0xf5, 0xb, 0xf2, 0x0, 0xc, 0xf0, 0x2, 0xef,
    0x98, 0xdf, 0x60, 0x0, 0x2a, 0xef, 0xc4, 0x0,

    /* U+1ED6 "Ỗ" */
    0x0, 0x0, 0x5d, 0x90, 0x94, 0x0, 0x0, 0x0,
    0xe, 0x39, 0xfc, 0x0, 0x0, 0x0, 0x0, 0x11,
    0x32, 0x0, 0x0, 0x0, 0x0, 0x0, 0xaf, 0xe1,
    0x0, 0x0, 0x0, 0x0, 0x5e, 0x1b, 0xa0, 0x0,
    0x0, 0x0, 0x2, 0x10, 0x3, 0x0, 0x0, 0x0,
    0x2, 0x9d, 0xfe, 0xb4, 0x0, 0x0, 0x5, 0xff,
    0xb9, 0xae, 0xf9, 0x0, 0x2, 0xfd, 0x20, 0x0,
    0xa, 0xf6, 0x0, 0xaf, 0x20, 0x0, 0x0, 0xd,
    0xe0, 0xf, 0xb0, 0x0, 0x0, 0x0, 0x7f, 0x31,
    0xf8, 0x0, 0x0, 0x0, 0x3, 0xf6, 0x2f, 0x70,
    0x0, 0x0, 0x0, 0x2f, 0x71, 0xf8, 0x0, 0x0,
    0x0, 0x3, 0xf6, 0xf, 0xb0, 0x0, 0x0, 0x0,
    0x6f, 0x40, 0xaf, 0x20, 0x0, 0x0, 0xd, 0xe0,
    0x2, 0xfd, 0x20, 0x0, 0xa, 0xf7, 0x0, 0x5,
    0xff, 0xb9, 0xae, 0xfa, 0x0, 0x0, 0x2, 0x9d,
    0xfe, 0xb5, 0x0, 0x0,

    /* U+1ED7 "ỗ" */
    0x0, 0xb, 0xd5, 0x2b, 0x0, 0x0, 0x6a, 0x3d,
    0xf5, 0x0, 0x0, 0x0, 0x0, 0x0, 0x0, 0x0,
    0x1, 0xef, 0x60, 0x0, 0x0, 0xc, 0x94, 0xf2,
    0x0, 0x0, 0x2, 0x0, 0x21, 0x0, 0x0, 0x2a,
    0xef, 0xc4, 0x0, 0x2, 0xef, 0x98, 0xdf, 0x60,
    0xb, 0xf2, 0x0, 0xc, 0xf0, 0xf, 0x90, 0x0,
    0x4, 0xf5, 0x2f, 0x60, 0x0, 0x2, 0xf7, 0x2f,
    0x60, 0x0, 0x2, 0xf7, 0xf, 0x90, 0x0, 0x4,
    0xf5, 0xb, 0xf2, 0x0, 0xc, 0xf0, 0x2, 0xef,
    0x98, 0xdf, 0x60, 0x0, 0x2a, 0xef, 0xc4, 0x0,

    /* U+1ED8 "Ộ" */
    0x0, 0x0, 0x2, 0x85, 0x0, 0x0, 0x0, 0x0,
    0x0, 0xda, 0xf2, 0x0, 0x0, 0x0, 0x0, 0x8c,
    0x7, 0xc0, 0x0, 0x0, 0x0, 0x0, 0x0, 0x0,
    0x0, 0x0, 0x0, 0x2, 0x9d, 0xfe, 0xb4, 0x0,
    0x0, 0x5, 0xff, 0xb9, 0xae, 0xf9, 0x0, 0x2,
    0xfd, 0x20, 0x0, 0xa, 0xf6, 0x0, 0xaf, 0x20,
    0x0, 0x0, 0xd, 0xe0, 0xf, 0xb0, 0x0, 0x0,
    0x0, 0x7f, 0x31, 0xf8, 0x0, 0x0, 0x0, 0x3,
    0xf6, 0x2f, 0x70, 0x0, 0x0, 0x0, 0x2f, 0x71,
    0xf8, 0x0, 0x0, 0x0, 0x3, 0xf6, 0xf, 0xb0,
    0x0, 0x0, 0x0, 0x6f, 0x40, 0xaf, 0x20, 0x0,
    0x0, 0xd, 0xe0, 0x2, 0xfd, 0x20, 0x0, 0xa,
    0xf7, 0x0, 0x5, 0xff, 0xb9, 0xae, 0xfa, 0x0,
    0x0, 0x2, 0x9d, 0xfe, 0xb5, 0x0, 0x0, 0x0,
    0x0, 0x0, 0x0, 0x0, 0x0, 0x0, 0x0, 0x1,
    0xa4, 0x0, 0x0, 0x0, 0x0, 0x0, 0x2f, 0x70,
    0x0, 0x0,

    /* U+1ED9 "ộ" */
    0x0, 0x2, 0xdb, 0x60, 0x0, 0x0, 0xc, 0x40,
    0xc3, 0x0, 0x0, 0x0, 0x0, 0x0, 0x0, 0x0,
    0x2a, 0xef, 0xc4, 0x0, 0x2, 0xef, 0x98, 0xdf,
    0x60, 0xb, 0xf2, 0x0, 0xc, 0xf0, 0xf, 0x90,
    0x0, 0x4, 0xf5, 0x2f, 0x60, 0x0, 0x2, 0xf7,
    0x2f, 0x60, 0x0, 0x2, 0xf7, 0xf, 0x90, 0x0,
    0x4, 0xf5, 0xb, 0xf2, 0x0, 0xc, 0xf0, 0x2,
    0xef, 0x98, 0xdf, 0x60, 0x0, 0x2a, 0xef, 0xc4,
    0x0, 0x0, 0x0, 0x0, 0x0, 0x0, 0x0, 0x0,
    0x6a, 0x0, 0x0, 0x0, 0x0, 0xaf, 0x0, 0x0,

    /* U+1EDA "Ớ" */
    0x0, 0x0, 0x0, 0x1f, 0x80, 0x0, 0x0, 0x0,
    0x0, 0x9, 0xc0, 0xd, 0x70, 0x0, 0x0, 0x0,
    0x52, 0x0, 0xb9, 0x0, 0x0, 0x0, 0x0, 0x0,
    0xd, 0x80, 0x0, 0x2, 0x9d, 0xfe, 0xff, 0xa1,
    0x0, 0x5, 0xff, 0xb9, 0xae, 0xf9, 0x0, 0x2,
    0xfd, 0x20, 0x0, 0xa, 0xf6, 0x0, 0xaf, 0x20,
    0x0, 0x0, 0xd, 0xe0, 0xf, 0xb0, 0x0, 0x0,
    0x0, 0x7f, 0x31, 0xf8, 0x0, 0x0, 0x0, 0x3,
    0xf6, 0x2f, 0x70, 0x0, 0x0, 0x0, 0x2f, 0x71,
    0xf8, 0x0, 0x0, 0x0, 0x3, 0xf6, 0xf, 0xb0,
    0x0, 0x0, 0x0, 0x6f, 0x40, 0xaf, 0x20, 0x0,
    0x0, 0xd, 0xe0, 0x2, 0xfd, 0x20, 0x0, 0xa,
    0xf7, 0x0, 0x5, 0xff, 0xb9, 0xae, 0xfa, 0x0,
    0x0, 0x2, 0x9d, 0xfe, 0xb5, 0x0, 0x0,

    /* U+1EDB "ớ" */
    0x0, 0x0, 0xb, 0xd0, 0x0, 0x0, 0x0, 0x4f,
    0x30, 0xe5, 0x0, 0x0, 0x34, 0x1, 0xe7, 0x0,
    0x2a, 0xef, 0xff, 0xe2, 0x2, 0xef, 0x98, 0xef,
    0x60, 0xb, 0xf2, 0x0, 0xc, 0xf0, 0xf, 0x90,
    0x0, 0x4, 0xf5, 0x2f, 0x60, 0x0, 0x2, 0xf7,
    0x2f, 0x60, 0x0, 0x2, 0xf7, 0xf, 0x90, 0x0,
    0x4, 0xf5, 0xb, 0xf2, 0x0, 0xc, 0xf0, 0x2,
    0xef, 0x98, 0xdf, 0x60, 0x0, 0x2a, 0xef, 0xc4,
    0x0,

    /* U+1EDC "Ờ" */
    0x0, 0x0, 0x3f, 0x60, 0x0, 0x0, 0x0, 0x0,
    0x0, 0x8e, 0x0, 0xd, 0x70, 0x0, 0x0, 0x0,
    0x51, 0x0, 0xb9, 0x0, 0x0, 0x0, 0x0, 0x0,
    0xd, 0x80, 0x0, 0x2, 0x9d, 0xfe, 0xff, 0xa1,
    0x0, 0x5, 0xff, 0xb9, 0xae, 0xf9, 0x0, 0x2,
    0xfd, 0x20, 0x0, 0xa, 0xf6, 0x0, 0xaf, 0x20,
    0x0, 0x0, 0xd, 0xe0, 0xf, 0xb0, 0x0, 0x0,
    0x0, 0x7f, 0x31, 0xf8, 0x0, 0x0, 0x0, 0x3,
    0xf6, 0x2f, 0x70, 0x0, 0x0, 0x0, 0x2f, 0x71,
    0xf8, 0x0, 0x0, 0x0, 0x3, 0xf6, 0xf, 0xb0,
    0x0, 0x0, 0x0, 0x6f, 0x40, 0xaf, 0x20, 0x0,
    0x0, 0xd, 0xe0, 0x2, 0xfd, 0x20, 0x0, 0xa,
    0xf7, 0x0, 0x5, 0xff, 0xb9, 0xae, 0xfa, 0x0,
    0x0, 0x2, 0x9d, 0xfe, 0xb5, 0x0, 0x0,

    /* U+1EDD "ờ" */
    0x0, 0xd, 0xb0, 0x0, 0x0, 0x0, 0x3, 0xf4,
    0x0, 0xe5, 0x0, 0x0, 0x43, 0x1, 0xe7, 0x0,
    0x2a, 0xef, 0xff, 0xe2, 0x2, 0xef, 0x98, 0xef,
    0x60, 0xb, 0xf2, 0x0, 0xc, 0xf0, 0xf, 0x90,
    0x0, 0x4, 0xf5, 0x2f, 0x60, 0x0, 0x2, 0xf7,
    0x2f, 0x60, 0x0, 0x2, 0xf7, 0xf, 0x90, 0x0,
    0x4, 0xf5, 0xb, 0xf2, 0x0, 0xc, 0xf0, 0x2,
    0xef, 0x98, 0xdf, 0x60, 0x0, 0x2a, 0xef, 0xc4,
    0x0,

    /* U+1EDE "Ở" */
    0x0, 0x0, 0x9, 0xe8, 0x0, 0x0, 0x0, 0x0,
    0x0, 0x25, 0xf0, 0x1, 0x0, 0x0, 0x0, 0x0,
    0x2f, 0x0, 0xd8, 0x0, 0x0, 0x0, 0x9, 0x60,
    0xb, 0x90, 0x0, 0x0, 0x0, 0x0, 0x1, 0xd8,
    0x0, 0x0, 0x29, 0xdf, 0xef, 0xfa, 0x10, 0x0,
    0x5f, 0xfb, 0x9a, 0xef, 0x90, 0x0, 0x2f, 0xd2,
    0x0, 0x0, 0xaf, 0x60, 0xa, 0xf2, 0x0, 0x0,
    0x0, 0xde, 0x0, 0xfb, 0x0, 0x0, 0x0, 0x7,
    0xf3, 0x1f, 0x80, 0x0, 0x0, 0x0, 0x3f, 0x62,
    0xf7, 0x0, 0x0, 0x0, 0x2, 0xf7, 0x1f, 0x80,
    0x0, 0x0, 0x0, 0x3f, 0x60, 0xfb, 0x0, 0x0,
    0x0, 0x6, 0xf4, 0xa, 0xf2, 0x0, 0x0, 0x0,
    0xde, 0x0, 0x2f, 0xd2, 0x0, 0x0, 0xaf, 0x70,
    0x0, 0x5f, 0xfb, 0x9a, 0xef, 0xa0, 0x0, 0x0,
    0x29, 0xdf, 0xeb, 0x50, 0x0,

    /* U+1EDF "ở" */
    0x0, 0x5, 0xec, 0x20, 0x0, 0x0, 0x1, 0x2d,
    0x60, 0x51, 0x0, 0x0, 0x2d, 0x10, 0xe6, 0x0,
    0x0, 0x11, 0x1, 0xe7, 0x0, 0x2a, 0xef, 0xff,
    0xd1, 0x2, 0xef, 0x98, 0xef, 0x60, 0xb, 0xf2,
    0x0, 0xc, 0xf0, 0xf, 0x90, 0x0, 0x4, 0xf5,
    0x2f, 0x60, 0x0, 0x2, 0xf7, 0x2f, 0x60, 0x0,
    0x2, 0xf7, 0xf, 0x90, 0x0, 0x4, 0xf5, 0xb,
    0xf2, 0x0, 0xc, 0xf0, 0x2, 0xef, 0x98, 0xdf,
    0x60, 0x0, 0x2a, 0xef, 0xc4, 0x0,

    /* U+1EE0 "Ỡ" */
    0x0, 0x0, 0x7d, 0x91, 0x95, 0x0, 0x0, 0x0,
    0x1e, 0x3a, 0xfd, 0x1c, 0x70, 0x0, 0x0, 0x10,
    0x1, 0x0, 0xb9, 0x0, 0x0, 0x0, 0x0, 0x0,
    0xd, 0x80, 0x0, 0x2, 0x9d, 0xfe, 0xff, 0xa1,
    0x0, 0x5, 0xff, 0xb9, 0xae, 0xf9, 0x0, 0x2,
    0xfd, 0x20, 0x0, 0xa, 0xf6, 0x0, 0xaf, 0x20,
    0x0, 0x0, 0xd, 0xe0, 0xf, 0xb0, 0x0, 0x0,
    0x0, 0x7f, 0x31, 0xf8, 0x0, 0x0, 0x0, 0x3,
    0xf6, 0x2f, 0x70, 0x0, 0x0, 0x0, 0x2f, 0x71,
    0xf8, 0x0, 0x0, 0x0, 0x3, 0xf6, 0xf, 0xb0,
    0x0, 0x0, 0x0, 0x6f, 0x40, 0xaf, 0x20, 0x0,
    0x0, 0xd, 0xe0, 0x2, 0xfd, 0x20, 0x0, 0xa,
    0xf7, 0x0, 0x5, 0xff, 0xb9, 0xae, 0xfa, 0x0,
    0x0, 0x2, 0x9d, 0xfe, 0xb5, 0x0, 0x0,

    /* U+1EE1 "ỡ" */
    0x0, 0x7f, 0xff, 0xf8, 0xe5, 0x0, 0x11, 0x1,
    0x10, 0xd7, 0x0, 0x0, 0x0, 0x1, 0xe6, 0x0,
    0x2a, 0xef, 0xff, 0xd1, 0x2, 0xef, 0x98, 0xef,
    0x60, 0xb, 0xf2, 0x0, 0xc, 0xf0, 0xf, 0x90,
    0x0, 0x4, 0xf5, 0x2f, 0x60, 0x0, 0x2, 0xf7,
    0x2f, 0x60, 0x0, 0x2, 0xf7, 0xf, 0x90, 0x0,
    0x4, 0xf5, 0xb, 0xf2, 0x0, 0xc, 0xf0, 0x2,
    0xef, 0x98, 0xdf, 0x60, 0x0, 0x2a, 0xef, 0xc4,
    0x0,

    /* U+1EE2 "Ợ" */
    0x0, 0x0, 0x0, 0x0, 0x0, 0x73, 0x0, 0x0,
    0x0, 0x0, 0x0, 0xc, 0x90, 0x0, 0x0, 0x0,
    0x0, 0x0, 0xc9, 0x0, 0x0, 0x29, 0xdf, 0xef,
    0xfb, 0x10, 0x0, 0x5f, 0xfb, 0x9a, 0xef, 0x90,
    0x0, 0x2f, 0xd2, 0x0, 0x0, 0xaf, 0x60, 0xa,
    0xf2, 0x0, 0x0, 0x0, 0xde, 0x0, 0xfb, 0x0,
    0x0, 0x0, 0x7, 0xf3, 0x1f, 0x80, 0x0, 0x0,
    0x0, 0x3f, 0x62, 0xf7, 0x0, 0x0, 0x0, 0x2,
    0xf7, 0x1f, 0x80, 0x0, 0x0, 0x0, 0x3f, 0x60,
    0xfb, 0x0, 0x0, 0x0, 0x6, 0xf4, 0xa, 0xf2,
    0x0, 0x0, 0x0, 0xde, 0x0, 0x2f, 0xd2, 0x0,
    0x0, 0xaf, 0x70, 0x0, 0x5f, 0xfb, 0x9a, 0xef,
    0xa0, 0x0, 0x0, 0x29, 0xdf, 0xeb, 0x50, 0x0,
    0x0, 0x0, 0x0, 0x0, 0x0, 0x0, 0x0, 0x0,
    0x0, 0x1a, 0x40, 0x0, 0x0, 0x0, 0x0, 0x2,
    0xf7, 0x0, 0x0, 0x0,

    /* U+1EE3 "ợ" */
    0x0, 0x0, 0x0, 0x0, 0xf5, 0x0, 0x0, 0x0,
    0x1, 0xe7, 0x0, 0x2a, 0xef, 0xff, 0xe2, 0x2,
    0xef, 0x98, 0xef, 0x60, 0xb, 0xf2, 0x0, 0xc,
    0xf0, 0xf, 0x90, 0x0, 0x4, 0xf5, 0x2f, 0x60,
    0x0, 0x2, 0xf7, 0x2f, 0x60, 0x0, 0x2, 0xf7,
    0xf, 0x90, 0x0, 0x4, 0xf5, 0xb, 0xf2, 0x0,
    0xc, 0xf0, 0x2, 0xef, 0x98, 0xdf, 0x60, 0x0,
    0x2a, 0xef, 0xc4, 0x0, 0x0, 0x0, 0x0, 0x0,
    0x0, 0x0, 0x0, 0x6a, 0x0, 0x0, 0x0, 0x0,
    0xaf, 0x0, 0x0,

    /* U+1EE4 "Ụ" */
    0x9f, 0x0, 0x0, 0x0, 0x8f, 0x9, 0xf0, 0x0,
    0x0, 0x8, 0xf0, 0x9f, 0x0, 0x0, 0x0, 0x8f,
    0x9, 0xf0, 0x0, 0x0, 0x8, 0xf0, 0x9f, 0x0,
    0x0, 0x0, 0x8f, 0x9, 0xf0, 0x0, 0x0, 0x8,
    0xf0, 0x9f, 0x0, 0x0, 0x0, 0x8f, 0x9, 0xf0,
    0x0, 0x0, 0x8, 0xf0, 0x9f, 0x0, 0x0, 0x0,
    0x9f, 0x7, 0xf2, 0x0, 0x0, 0xc, 0xd0, 0x2f,
    0xb0, 0x0, 0x6, 0xf8, 0x0, 0x7f, 0xea, 0x9c,
    0xfd, 0x0, 0x0, 0x4b, 0xef, 0xd8, 0x0, 0x0,
    0x0, 0x0, 0x0, 0x0, 0x0, 0x0, 0x0, 0x6a,
    0x0, 0x0, 0x0, 0x0, 0x9, 0xf0, 0x0, 0x0,

    /* U+1EE5 "ụ" */
    0x9f, 0x0, 0x0, 0x9e, 0x9f, 0x0, 0x0, 0x9e,
    0x9f, 0x0, 0x0, 0x9e, 0x9f, 0x0, 0x0, 0x9e,
    0x9f, 0x0, 0x0, 0x9e, 0x9f, 0x0, 0x0, 0x9e,
    0x8f, 0x0, 0x0, 0xbe, 0x6f, 0x30, 0x1, 0xfe,
    0x1e, 0xe7, 0x7d, 0xce, 0x3, 0xcf, 0xd5, 0x8e,
    0x0, 0x0, 0x0, 0x0, 0x0, 0x7, 0x90, 0x0,
    0x0, 0xb, 0xe0, 0x0,

    /* U+1EE6 "Ủ" */
    0x0, 0x2, 0xed, 0x30, 0x0, 0x0, 0x0, 0x2,
    0xb9, 0x0, 0x0, 0x0, 0x0, 0xb, 0x70, 0x0,
    0x0, 0x0, 0x1, 0x90, 0x0, 0x0, 0x0, 0x0,
    0x0, 0x0, 0x0, 0x9, 0xf0, 0x0, 0x0, 0x8,
    0xf0, 0x9f, 0x0, 0x0, 0x0, 0x8f, 0x9, 0xf0,
    0x0, 0x0, 0x8, 0xf0, 0x9f, 0x0, 0x0, 0x0,
    0x8f, 0x9, 0xf0, 0x0, 0x0, 0x8, 0xf0, 0x9f,
    0x0, 0x0, 0x0, 0x8f, 0x9, 0xf0, 0x0, 0x0,
    0x8, 0xf0, 0x9f, 0x0, 0x0, 0x0, 0x8f, 0x9,
    0xf0, 0x0, 0x0, 0x9, 0xf0, 0x7f, 0x20, 0x0,
    0x0, 0xcd, 0x2, 0xfb, 0x0, 0x0, 0x6f, 0x80,
    0x7, 0xfe, 0xa9, 0xcf, 0xd0, 0x0, 0x4, 0xbe,
    0xfd, 0x80, 0x0,

    /* U+1EE7 "ủ" */
    0x0, 0x3e, 0xd3, 0x0, 0x0, 0x2, 0xb8, 0x0,
    0x0, 0x1, 0xd2, 0x0, 0x0, 0x0, 0x0, 0x0,
    0x9f, 0x0, 0x0, 0x9e, 0x9f, 0x0, 0x0, 0x9e,
    0x9f, 0x0, 0x0, 0x9e, 0x9f, 0x0, 0x0, 0x9e,
    0x9f, 0x0, 0x0, 0x9e, 0x9f, 0x0, 0x0, 0x9e,
    0x8f, 0x0, 0x0, 0xbe, 0x6f, 0x30, 0x1, 0xfe,
    0x1e, 0xe7, 0x7d, 0xce, 0x3, 0xcf, 0xd5, 0x8e,

    /* U+1EE8 "Ứ" */
    0x0, 0x0, 0x8, 0xf2, 0x0, 0x0, 0x0, 0x0,
    0x1f, 0x60, 0x0, 0xb9, 0x0, 0x0, 0x25, 0x0,
    0x0, 0x9c, 0x0, 0x0, 0x0, 0x0, 0x0, 0xba,
    0x9f, 0x0, 0x0, 0x0, 0xdf, 0xb2, 0x9f, 0x0,
    0x0, 0x0, 0x8f, 0x0, 0x9f, 0x0, 0x0, 0x0,
    0x8f, 0x0, 0x9f, 0x0, 0x0, 0x0, 0x8f, 0x0,
    0x9f, 0x0, 0x0, 0x0, 0x8f, 0x0, 0x9f, 0x0,
    0x0, 0x0, 0x8f, 0x0, 0x9f, 0x0, 0x0, 0x0,
    0x8f, 0x0, 0x9f, 0x0, 0x0, 0x0, 0x8f, 0x0,
    0x9f, 0x0, 0x0, 0x0, 0x9f, 0x0, 0x7f, 0x20,
    0x0, 0x0, 0xcd, 0x0, 0x2f, 0xb0, 0x0, 0x6,
    0xf8, 0x0, 0x7, 0xfe, 0xa9, 0xcf, 0xd0, 0x0,
    0x0, 0x4b, 0xef, 0xd8, 0x0, 0x0,

    /* U+1EE9 "ứ" */
    0x0, 0x0, 0x9e, 0x10, 0x0, 0x0, 0x2, 0xf4,
    0x0, 0xd7, 0x0, 0x2, 0x40, 0x0, 0xd8, 0x9f,
    0x0, 0x0, 0xff, 0xb2, 0x9f, 0x0, 0x0, 0x9e,
    0x0, 0x9f, 0x0, 0x0, 0x9e, 0x0, 0x9f, 0x0,
    0x0, 0x9e, 0x0, 0x9f, 0x0, 0x0, 0x9e, 0x0,
    0x9f, 0x0, 0x0, 0x9e, 0x0, 0x8f, 0x0, 0x0,
    0xbe, 0x0, 0x6f, 0x30, 0x1, 0xfe, 0x0, 0x1e,
    0xe7, 0x7d, 0xce, 0x0, 0x3, 0xcf, 0xd5, 0x8e,
    0x0,

    /* U+1EEA "Ừ" */
    0x0, 0xa, 0xe0, 0x0, 0x0, 0x0, 0x0, 0x0,
    0xe7, 0x0, 0x0, 0xb9, 0x0, 0x0, 0x24, 0x0,
    0x0, 0x9c, 0x0, 0x0, 0x0, 0x0, 0x0, 0xba,
    0x9f, 0x0, 0x0, 0x0, 0xdf, 0xb2, 0x9f, 0x0,
    0x0, 0x0, 0x8f, 0x0, 0x9f, 0x0, 0x0, 0x0,
    0x8f, 0x0, 0x9f, 0x0, 0x0, 0x0, 0x8f, 0x0,
    0x9f, 0x0, 0x0, 0x0, 0x8f, 0x0, 0x9f, 0x0,
    0x0, 0x0, 0x8f, 0x0, 0x9f, 0x0, 0x0, 0x0,
    0x8f, 0x0, 0x9f, 0x0, 0x0, 0x0, 0x8f, 0x0,
    0x9f, 0x0, 0x0, 0x0, 0x9f, 0x0, 0x7f, 0x20,
    0x0, 0x0, 0xcd, 0x0, 0x2f, 0xb0, 0x0, 0x6,
    0xf8, 0x0, 0x7, 0xfe, 0xa9, 0xcf, 0xd0, 0x0,
    0x0, 0x4b, 0xef, 0xd8, 0x0, 0x0,

    /* U+1EEB "ừ" */
    0x0, 0xbd, 0x0, 0x0, 0x0, 0x0, 0x1e, 0x60,
    0x0, 0xd7, 0x0, 0x3, 0x40, 0x0, 0xd8, 0x9f,
    0x0, 0x0, 0xff, 0xb2, 0x9f, 0x0, 0x0, 0x9e,
    0x0, 0x9f, 0x0, 0x0, 0x9e, 0x0, 0x9f, 0x0,
    0x0, 0x9e, 0x0, 0x9f, 0x0, 0x0, 0x9e, 0x0,
    0x9f, 0x0, 0x0, 0x9e, 0x0, 0x8f, 0x0, 0x0,
    0xbe, 0x0, 0x6f, 0x30, 0x1, 0xfe, 0x0, 0x1e,
    0xe7, 0x7d, 0xce, 0x0, 0x3, 0xcf, 0xd5, 0x8e,
    0x0,

    /* U+1EEC "Ử" */
    0x0, 0x2, 0xed, 0x30, 0x0, 0x0, 0x0, 0x0,
    0x2b, 0x90, 0x0, 0x21, 0x0, 0x0, 0xb, 0x70,
    0x0, 0xba, 0x0, 0x0, 0x19, 0x0, 0x0, 0x9c,
    0x0, 0x0, 0x0, 0x0, 0x0, 0xba, 0x9f, 0x0,
    0x0, 0x0, 0xdf, 0xb2, 0x9f, 0x0, 0x0, 0x0,
    0x8f, 0x0, 0x9f, 0x0, 0x0, 0x0, 0x8f, 0x0,
    0x9f, 0x0, 0x0, 0x0, 0x8f, 0x0, 0x9f, 0x0,
    0x0, 0x0, 0x8f, 0x0, 0x9f, 0x0, 0x0, 0x0,
    0x8f, 0x0, 0x9f, 0x0, 0x0, 0x0, 0x8f, 0x0,
    0x9f, 0x0, 0x0, 0x0, 0x8f, 0x0, 0x9f, 0x0,
    0x0, 0x0, 0x9f, 0x0, 0x7f, 0x20, 0x0, 0x0,
    0xcd, 0x0, 0x2f, 0xb0, 0x0, 0x6, 0xf8, 0x0,
    0x7, 0xfe, 0xa9, 0xcf, 0xd0, 0x0, 0x0, 0x4b,
    0xef, 0xd8, 0x0, 0x0,

    /* U+1EED "ử" */
    0x0, 0x3e, 0xd3, 0x0, 0x0, 0x0, 0x2, 0xb8,
    0x0, 0x52, 0x0, 0x1, 0xd2, 0x0, 0xc8, 0x0,
    0x0, 0x0, 0x0, 0xd8, 0x9f, 0x0, 0x0, 0xff,
    0xb1, 0x9f, 0x0, 0x0, 0x9e, 0x0, 0x9f, 0x0,
    0x0, 0x9e, 0x0, 0x9f, 0x0, 0x0, 0x9e, 0x0,
    0x9f, 0x0, 0x0, 0x9e, 0x0, 0x9f, 0x0, 0x0,
    0x9e, 0x0, 0x8f, 0x0, 0x0, 0xbe, 0x0, 0x6f,
    0x30, 0x1, 0xfe, 0x0, 0x1e, 0xe7, 0x7d, 0xce,
    0x0, 0x3, 0xcf, 0xd5, 0x8e, 0x0,

    /* U+1EEE "Ữ" */
    0x0, 0x1c, 0xd5, 0x1d, 0x0, 0x0, 0x0, 0x88,
    0x4d, 0xf8, 0x0, 0xa9, 0x0, 0x10, 0x0, 0x10,
    0x0, 0x9c, 0x0, 0x0, 0x0, 0x0, 0x0, 0xba,
    0x9f, 0x0, 0x0, 0x0, 0xdf, 0xb2, 0x9f, 0x0,
    0x0, 0x0, 0x8f, 0x0, 0x9f, 0x0, 0x0, 0x0,
    0x8f, 0x0, 0x9f, 0x0, 0x0, 0x0, 0x8f, 0x0,
    0x9f, 0x0, 0x0, 0x0, 0x8f, 0x0, 0x9f, 0x0,
    0x0, 0x0, 0x8f, 0x0, 0x9f, 0x0, 0x0, 0x0,
    0x8f, 0x0, 0x9f, 0x0, 0x0, 0x0, 0x8f, 0x0,
    0x9f, 0x0, 0x0, 0x0, 0x9f, 0x0, 0x7f, 0x20,
    0x0, 0x0, 0xcd, 0x0, 0x2f, 0xb0, 0x0, 0x6,
    0xf8, 0x0, 0x7, 0xfe, 0xa9, 0xcf, 0xd0, 0x0,
    0x0, 0x4b, 0xef, 0xd8, 0x0, 0x0,

    /* U+1EEF "ữ" */
    0x6, 0xef, 0xff, 0xa0, 0xd6, 0x1, 0x10, 0x11,
    0x0, 0xc9, 0x0, 0x0, 0x0, 0x1, 0xd7, 0x9f,
    0x0, 0x0, 0xff, 0xa1, 0x9f, 0x0, 0x0, 0x9e,
    0x0, 0x9f, 0x0, 0x0, 0x9e, 0x0, 0x9f, 0x0,
    0x0, 0x9e, 0x0, 0x9f, 0x0, 0x0, 0x9e, 0x0,
    0x9f, 0x0, 0x0, 0x9e, 0x0, 0x8f, 0x0, 0x0,
    0xbe, 0x0, 0x6f, 0x30, 0x1, 0xfe, 0x0, 0x1e,
    0xe7, 0x7d, 0xce, 0x0, 0x3, 0xcf, 0xd5, 0x8e,
    0x0,

    /* U+1EF0 "Ự" */
    0x0, 0x0, 0x0, 0x0, 0x0, 0x54, 0x0, 0x0,
    0x0, 0x0, 0x0, 0x9b, 0x0, 0x0, 0x0, 0x0,
    0x0, 0xab, 0x9f, 0x0, 0x0, 0x0, 0xdf, 0xc2,
    0x9f, 0x0, 0x0, 0x0, 0x8f, 0x0, 0x9f, 0x0,
    0x0, 0x0, 0x8f, 0x0, 0x9f, 0x0, 0x0, 0x0,
    0x8f, 0x0, 0x9f, 0x0, 0x0, 0x0, 0x8f, 0x0,
    0x9f, 0x0, 0x0, 0x0, 0x8f, 0x0, 0x9f, 0x0,
    0x0, 0x0, 0x8f, 0x0, 0x9f, 0x0, 0x0, 0x0,
    0x8f, 0x0, 0x9f, 0x0, 0x0, 0x0, 0x9f, 0x0,
    0x7f, 0x20, 0x0, 0x0, 0xcd, 0x0, 0x2f, 0xb0,
    0x0, 0x6, 0xf8, 0x0, 0x7, 0xfe, 0xa9, 0xcf,
    0xd0, 0x0, 0x0, 0x4b, 0xef, 0xd8, 0x0, 0x0,
    0x0, 0x0, 0x0, 0x0, 0x0, 0x0, 0x0, 0x0,
    0x6a, 0x0, 0x0, 0x0, 0x0, 0x0, 0x9f, 0x0,
    0x0, 0x0,

    /* U+1EF1 "ự" */
    0x0, 0x0, 0x0, 0x0, 0xd7, 0x0, 0x0, 0x0,
    0x0, 0xd8, 0x9f, 0x0, 0x0, 0xff, 0xb2, 0x9f,
    0x0, 0x0, 0x9e, 0x0, 0x9f, 0x0, 0x0, 0x9e,
    0x0, 0x9f, 0x0, 0x0, 0x9e, 0x0, 0x9f, 0x0,
    0x0, 0x9e, 0x0, 0x9f, 0x0, 0x0, 0x9e, 0x0,
    0x8f, 0x0, 0x0, 0xbe, 0x0, 0x6f, 0x30, 0x1,
    0xfe, 0x0, 0x1e, 0xe7, 0x7d, 0xce, 0x0, 0x3,
    0xcf, 0xd5, 0x8e, 0x0, 0x0, 0x0, 0x0, 0x0,
    0x0, 0x0, 0x7, 0x90, 0x0, 0x0, 0x0, 0xb,
    0xe0, 0x0, 0x0,

    /* U+1EF2 "Ỳ" */
    0x0, 0x0, 0xae, 0x0, 0x0, 0x0, 0x0, 0x0,
    0x1e, 0x70, 0x0, 0x0, 0x0, 0x0, 0x2, 0x40,
    0x0, 0x0, 0x0, 0x0, 0x0, 0x0, 0x0, 0x0,
    0xc, 0xe1, 0x0, 0x0, 0xa, 0xf2, 0x3, 0xf9,
    0x0, 0x0, 0x3f, 0x90, 0x0, 0xaf, 0x20, 0x0,
    0xce, 0x10, 0x0, 0x1f, 0xb0, 0x5, 0xf6, 0x0,
    0x0, 0x7, 0xf4, 0xe, 0xd0, 0x0, 0x0, 0x0,
    0xdd, 0x8f, 0x30, 0x0, 0x0, 0x0, 0x4f, 0xfa,
    0x0, 0x0, 0x0, 0x0, 0xb, 0xf1, 0x0, 0x0,
    0x0, 0x0, 0x9, 0xf0, 0x0, 0x0, 0x0, 0x0,
    0x9, 0xf0, 0x0, 0x0, 0x0, 0x0, 0x9, 0xf0,
    0x0, 0x0, 0x0, 0x0, 0x9, 0xf0, 0x0, 0x0,
    0x0, 0x0, 0x9, 0xf0, 0x0, 0x0,

    /* U+1EF3 "ỳ" */
    0x0, 0x1e, 0x90, 0x0, 0x0, 0x0, 0x5, 0xf2,
    0x0, 0x0, 0x0, 0x0, 0x42, 0x0, 0x0, 0x7f,
    0x30, 0x0, 0x8, 0xf1, 0x1f, 0x80, 0x0, 0xd,
    0xc0, 0xb, 0xe0, 0x0, 0x3f, 0x60, 0x6, 0xf3,
    0x0, 0x8f, 0x10, 0x1, 0xf8, 0x0, 0xdb, 0x0,
    0x0, 0xbe, 0x2, 0xf6, 0x0, 0x0, 0x5f, 0x37,
    0xf1, 0x0, 0x0, 0xf, 0x8c, 0xb0, 0x0, 0x0,
    0xa, 0xef, 0x60, 0x0, 0x0, 0x4, 0xff, 0x10,
    0x0, 0x0, 0x0, 0xcb, 0x0, 0x0, 0x0, 0x58,
    0xf5, 0x0, 0x0, 0x2, 0xff, 0x90, 0x0, 0x0,

    /* U+1EF4 "Ỵ" */
    0xc, 0xe1, 0x0, 0x0, 0xa, 0xf2, 0x3, 0xf9,
    0x0, 0x0, 0x3f, 0x90, 0x0, 0xaf, 0x20, 0x0,
    0xce, 0x10, 0x0, 0x1f, 0xb0, 0x5, 0xf6, 0x0,
    0x0, 0x7, 0xf4, 0xe, 0xd0, 0x0, 0x0, 0x0,
    0xdd, 0x8f, 0x30, 0x0, 0x0, 0x0, 0x4f, 0xfa,
    0x0, 0x0, 0x0, 0x0, 0xb, 0xf1, 0x0, 0x0,
    0x0, 0x0, 0x9, 0xf0, 0x0, 0x0, 0x0, 0x0,
    0x9, 0xf0, 0x0, 0x0, 0x0, 0x0, 0x9, 0xf0,
    0x0, 0x0, 0x0, 0x0, 0x9, 0xf0, 0x0, 0x0,
    0x0, 0x0, 0x9, 0xf0, 0x0, 0x0, 0x0, 0x0,
    0x0, 0x0, 0x0, 0x0, 0x0, 0x0, 0x6, 0xa0,
    0x0, 0x0, 0x0, 0x0, 0x9, 0xf0, 0x0, 0x0,

    /* U+1EF5 "ỵ" */
    0x7f, 0x30, 0x0, 0x8, 0xf1, 0x1f, 0x80, 0x0,
    0xd, 0xc0, 0xb, 0xe0, 0x0, 0x3f, 0x60, 0x6,
    0xf3, 0x0, 0x8f, 0x10, 0x1, 0xf8, 0x0, 0xdb,
    0x0, 0x0, 0xbe, 0x2, 0xf6, 0x0, 0x0, 0x5f,
    0x37, 0xf1, 0x0, 0x0, 0xf, 0x8c, 0xb0, 0x0,
    0x0, 0xa, 0xef, 0x60, 0x0, 0x0, 0x4, 0xff,
    0x10, 0x0, 0x0, 0x0, 0xcb, 0x0, 0x0, 0x0,
    0x58, 0xf5, 0x79, 0x0, 0x2, 0xff, 0x90, 0xbd,
    0x0,

    /* U+1EF6 "Ỷ" */
    0x0, 0x0, 0x2e, 0xd4, 0x0, 0x0, 0x0, 0x0,
    0x2, 0xb9, 0x0, 0x0, 0x0, 0x0, 0x1, 0xd3,
    0x0, 0x0, 0x0, 0x0, 0x0, 0x0, 0x0, 0x0,
    0xc, 0xe1, 0x0, 0x0, 0xa, 0xf2, 0x3, 0xf9,
    0x0, 0x0, 0x3f, 0x90, 0x0, 0xaf, 0x20, 0x0,
    0xce, 0x10, 0x0, 0x1f, 0xb0, 0x5, 0xf6, 0x0,
    0x0, 0x7, 0xf4, 0xe, 0xd0, 0x0, 0x0, 0x0,
    0xdd, 0x8f, 0x30, 0x0, 0x0, 0x0, 0x4f, 0xfa,
    0x0, 0x0, 0x0, 0x0, 0xb, 0xf1, 0x0, 0x0,
    0x0, 0x0, 0x9, 0xf0, 0x0, 0x0, 0x0, 0x0,
    0x9, 0xf0, 0x0, 0x0, 0x0, 0x0, 0x9, 0xf0,
    0x0, 0x0, 0x0, 0x0, 0x9, 0xf0, 0x0, 0x0,
    0x0, 0x0, 0x9, 0xf0, 0x0, 0x0,

    /* U+1EF7 "ỷ" */
    0x0, 0x7, 0xec, 0x0, 0x0, 0x0, 0x1, 0x2f,
    0x30, 0x0, 0x0, 0x0, 0x4c, 0x0, 0x0, 0x0,
    0x0, 0x0, 0x0, 0x0, 0x7f, 0x30, 0x0, 0x8,
    0xf1, 0x1f, 0x80, 0x0, 0xd, 0xc0, 0xb, 0xe0,
    0x0, 0x3f, 0x60, 0x6, 0xf3, 0x0, 0x8f, 0x10,
    0x1, 0xf8, 0x0, 0xdb, 0x0, 0x0, 0xbe, 0x2,
    0xf6, 0x0, 0x0, 0x5f, 0x37, 0xf1, 0x0, 0x0,
    0xf, 0x8c, 0xb0, 0x0, 0x0, 0xa, 0xef, 0x60,
    0x0, 0x0, 0x4, 0xff, 0x10, 0x0, 0x0, 0x0,
    0xcb, 0x0, 0x0, 0x0, 0x58, 0xf5, 0x0, 0x0,
    0x2, 0xff, 0x90, 0x0, 0x0,

    /* U+1EF8 "Ỹ" */
    0x0, 0x1, 0xcd, 0x41, 0xd0, 0x0, 0x0, 0x8,
    0x84, 0xdf, 0x70, 0x0, 0x0, 0x1, 0x0, 0x0,
    0x0, 0x0, 0x0, 0x0, 0x0, 0x0, 0x0, 0x0,
    0xc, 0xe1, 0x0, 0x0, 0xa, 0xf2, 0x3, 0xf9,
    0x0, 0x0, 0x3f, 0x90, 0x0, 0xaf, 0x20, 0x0,
    0xce, 0x10, 0x0, 0x1f, 0xb0, 0x5, 0xf6, 0x0,
    0x0, 0x7, 0xf4, 0xe, 0xd0, 0x0, 0x0, 0x0,
    0xdd, 0x8f, 0x30, 0x0, 0x0, 0x0, 0x4f, 0xfa,
    0x0, 0x0, 0x0, 0x0, 0xb, 0xf1, 0x0, 0x0,
    0x0, 0x0, 0x9, 0xf0, 0x0, 0x0, 0x0, 0x0,
    0x9, 0xf0, 0x0, 0x0, 0x0, 0x0, 0x9, 0xf0,
    0x0, 0x0, 0x0, 0x0, 0x9, 0xf0, 0x0, 0x0,
    0x0, 0x0, 0x9, 0xf0, 0x0, 0x0,

    /* U+1EF9 "ỹ" */
    0x0, 0x6f, 0xc2, 0x69, 0x0, 0x0, 0xe2, 0x6f,
    0xe2, 0x0, 0x0, 0x10, 0x0, 0x0, 0x0, 0x7f,
    0x30, 0x0, 0x8, 0xf1, 0x1f, 0x80, 0x0, 0xd,
    0xc0, 0xb, 0xe0, 0x0, 0x3f, 0x60, 0x6, 0xf3,
    0x0, 0x8f, 0x10, 0x1, 0xf8, 0x0, 0xdb, 0x0,
    0x0, 0xbe, 0x2, 0xf6, 0x0, 0x0, 0x5f, 0x37,
    0xf1, 0x0, 0x0, 0xf, 0x8c, 0xb0, 0x0, 0x0,
    0xa, 0xef, 0x60, 0x0, 0x0, 0x4, 0xff, 0x10,
    0x0, 0x0, 0x0, 0xcb, 0x0, 0x0, 0x0, 0x58,
    0xf5, 0x0, 0x0, 0x2, 0xff, 0x90, 0x0, 0x0,

    /* U+2013 "–" */
    0x2, 0x22, 0x22, 0x22, 0x21, 0x3f, 0xff, 0xff,
    0xff, 0xfd, 0x15, 0x55, 0x55, 0x55, 0x54,

    /* U+2014 "—" */
    0x2, 0x22, 0x22, 0x22, 0x22, 0x22, 0x22, 0x21,
    0x3f, 0xff, 0xff, 0xff, 0xff, 0xff, 0xff, 0xf8,
    0x15, 0x55, 0x55, 0x55, 0x55, 0x55, 0x55, 0x52,

    /* U+2015 "―" */
    0x1, 0x11, 0x11, 0x11, 0x10, 0x8f, 0xff, 0xff,
    0xff, 0xfb, 0x24, 0x44, 0x44, 0x44, 0x42,

    /* U+2016 "‖" */
    0x5f, 0x5, 0xf0, 0x5f, 0x5, 0xf0, 0x5f, 0x5,
    0xf0, 0x5f, 0x5, 0xf0, 0x5f, 0x5, 0xf0, 0x5f,
    0x5, 0xf0, 0x5f, 0x5, 0xf0, 0x5f, 0x5, 0xf0,
    0x5f, 0x5, 0xf0, 0x5f, 0x5, 0xf0, 0x5f, 0x5,
    0xf0, 0x5f, 0x5, 0xf0, 0x5f, 0x5, 0xf0, 0x5f,
    0x5, 0xf0, 0x5f, 0x5, 0xf0,

    /* U+2017 "‗" */
    0x1f, 0xff, 0xff, 0xff, 0xff, 0x10, 0x0, 0x0,
    0x0, 0x0, 0x0, 0x1f, 0xff, 0xff, 0xff, 0xff,
    0x10,

    /* U+2018 "‘" */
    0x4, 0xa0, 0x95, 0xe, 0x22, 0xfd, 0x3f, 0xd0,

    /* U+2019 "’" */
    0x3f, 0xd3, 0xfd, 0x7, 0x90, 0xa4, 0xe, 0x0,
    0x10,

    /* U+201A "‚" */
    0x1, 0x13, 0xfd, 0x3f, 0xd0, 0x79, 0xb, 0x30,
    0xe0,

    /* U+201B "‛" */
    0xdd, 0xdc, 0xc1, 0x69, 0x3,

    /* U+201C "“" */
    0x4, 0xa0, 0x59, 0x9, 0x50, 0xa5, 0xe, 0x20,
    0xe1, 0x2f, 0xd3, 0xfd, 0x3f, 0xd3, 0xfd,

    /* U+201D "”" */
    0x3f, 0xd3, 0xfd, 0x3f, 0xd3, 0xfc, 0x7, 0x90,
    0x79, 0xa, 0x40, 0xb4, 0xe, 0x0, 0xe0, 0x1,
    0x0, 0x10,

    /* U+201E "„" */
    0x1, 0x10, 0x11, 0x3f, 0xd3, 0xfc, 0x3f, 0xd3,
    0xfc, 0x7, 0x90, 0x78, 0xb, 0x30, 0xc3, 0xe,
    0x0, 0xd0,

    /* U+201F "‟" */
    0x3f, 0x77, 0xf3, 0x3f, 0x77, 0xf3, 0x2b, 0x6,
    0x70, 0xb, 0x41, 0xd1, 0x0, 0x20, 0x20,

    /* U+2020 "†" */
    0x0, 0x7, 0xf0, 0x0, 0x0, 0x7, 0xf0, 0x0,
    0x0, 0x7, 0xf0, 0x0, 0x5f, 0xff, 0xff, 0xfd,
    0x26, 0x6e, 0xf6, 0x65, 0x0, 0x7, 0xf0, 0x0,
    0x0, 0x7, 0xf0, 0x0, 0x0, 0x7, 0xf0, 0x0,
    0x0, 0x7, 0xf0, 0x0, 0x0, 0x7, 0xf0, 0x0,
    0x0, 0x7, 0xf0, 0x0, 0x0, 0x7, 0xf0, 0x0,
    0x0, 0x7, 0xf0, 0x0,

    /* U+2021 "‡" */
    0x0, 0x7, 0xf0, 0x0, 0x0, 0x7, 0xf0, 0x0,
    0x0, 0x7, 0xf0, 0x0, 0x5f, 0xff, 0xff, 0xfd,
    0x26, 0x6e, 0xf6, 0x65, 0x0, 0x7, 0xf0, 0x0,
    0x0, 0x7, 0xf0, 0x0, 0x0, 0x7, 0xf0, 0x0,
    0x1, 0x19, 0xf1, 0x11, 0x5f, 0xff, 0xff, 0xfd,
    0x14, 0x4c, 0xf4, 0x44, 0x0, 0x7, 0xf0, 0x0,
    0x0, 0x7, 0xf0, 0x0,

    /* U+2022 "•" */
    0x7, 0xfd, 0x31, 0xff, 0xfb, 0x1f, 0xff, 0xb0,
    0x7e, 0xd3,

    /* U+2023 "‣" */
    0x3, 0x0, 0x0, 0x1f, 0x91, 0x0, 0x1f, 0xfe,
    0x60, 0x1f, 0xff, 0xf5, 0x1f, 0xfc, 0x20, 0x1e,
    0x50, 0x0, 0x0, 0x0, 0x0,

    /* U+2024 "․" */
    0x5e, 0x56, 0xf6,

    /* U+2025 "‥" */
    0x5e, 0x50, 0x5, 0xe5, 0x6f, 0x60, 0x6, 0xf6,

    /* U+2026 "…" */
    0x1, 0x10, 0x11, 0x0, 0x10, 0x3f, 0xd0, 0xef,
    0x28, 0xf7, 0x3f, 0xd0, 0xef, 0x28, 0xf7,

    /* U+203A "›" */
    0x5, 0x40, 0x0, 0x7, 0xf6, 0x0, 0x0, 0xaf,
    0x30, 0x0, 0xc, 0xe1, 0x0, 0x5, 0xf2, 0x0,
    0x2f, 0xb0, 0x1, 0xdd, 0x10, 0xc, 0xe2, 0x0,

    /* U+2713 "✓" */
    0x0, 0x0, 0x0, 0x0, 0x0, 0x38, 0x80, 0x0,
    0x0, 0x0, 0x0, 0x4f, 0xe2, 0x0, 0x0, 0x0,
    0x0, 0x2f, 0xf2, 0x0, 0x0, 0x0, 0x0, 0xc,
    0xf5, 0x0, 0x0, 0x0, 0x0, 0x8, 0xf9, 0x0,
    0x0, 0x0, 0x0, 0x2, 0xfe, 0x0, 0x0, 0x0,
    0x0, 0x0, 0xbf, 0x50, 0x0, 0x0, 0x0, 0x0,
    0x4f, 0xc0, 0x0, 0x0, 0x2a, 0x60, 0xc, 0xf3,
    0x0, 0x0, 0x8, 0xff, 0x74, 0xfb, 0x0, 0x0,
    0x0, 0xd, 0xff, 0xdf, 0x40, 0x0, 0x0, 0x0,
    0x2f, 0xff, 0xd0, 0x0, 0x0, 0x0, 0x0, 0x5f,
    0xf5, 0x0, 0x0, 0x0, 0x0, 0x0, 0x21, 0x0,
    0x0, 0x0, 0x0,

    /* U+2717 "✗" */
    0x0, 0x5, 0x0, 0x0, 0x0, 0x0, 0x4, 0xf7,
    0x0, 0x8, 0xe1, 0x0, 0x1f, 0xf1, 0x7, 0xf7,
    0x0, 0x0, 0xdf, 0x97, 0xfb, 0x0, 0x0, 0x9,
    0xff, 0xff, 0x20, 0x0, 0x0, 0x5f, 0xff, 0x70,
    0x0, 0x0, 0x3, 0xff, 0xd0, 0x0, 0x0, 0x1,
    0xdf, 0xfb, 0x0, 0x0, 0x0, 0xcf, 0xff, 0xf0,
    0x0, 0x0, 0xaf, 0xf8, 0xff, 0x60, 0x0, 0x7f,
    0xf5, 0x8, 0xfe, 0x0, 0xe, 0xf6, 0x0, 0x9,
    0xf4, 0x0, 0x37, 0x0, 0x0, 0x3, 0x0, 0x0,
    0x0, 0x0, 0x0, 0x0, 0x0
};


/*---------------------
 *  GLYPH DESCRIPTION
 *--------------------*/

static const lv_font_fmt_txt_glyph_dsc_t glyph_dsc[] = {
    {.bitmap_index = 0, .adv_w = 0, .box_w = 0, .box_h = 0, .ofs_x = 0, .ofs_y = 0} /* id = 0 reserved */,
    {.bitmap_index = 0, .adv_w = 72, .box_w = 0, .box_h = 0, .ofs_x = 0, .ofs_y = 0},
    {.bitmap_index = 0, .adv_w = 61, .box_w = 3, .box_h = 13, .ofs_x = 0, .ofs_y = 0},
    {.bitmap_index = 20, .adv_w = 100, .box_w = 6, .box_h = 5, .ofs_x = 0, .ofs_y = 8},
    {.bitmap_index = 35, .adv_w = 138, .box_w = 10, .box_h = 13, .ofs_x = -1, .ofs_y = 0},
    {.bitmap_index = 100, .adv_w = 181, .box_w = 11, .box_h = 17, .ofs_x = 0, .ofs_y = -2},
    {.bitmap_index = 194, .adv_w = 231, .box_w = 14, .box_h = 13, .ofs_x = 0, .ofs_y = 0},
    {.bitmap_index = 285, .adv_w = 179, .box_w = 11, .box_h = 13, .ofs_x = 0, .ofs_y = 0},
    {.bitmap_index = 357, .adv_w = 51, .box_w = 3, .box_h = 5, .ofs_x = 0, .ofs_y = 8},
    {.bitmap_index = 365, .adv_w = 79, .box_w = 5, .box_h = 16, .ofs_x = 0, .ofs_y = -2},
    {.bitmap_index = 405, .adv_w = 79, .box_w = 5, .box_h = 16, .ofs_x = 0, .ofs_y = -2},
    {.bitmap_index = 445, .adv_w = 124, .box_w = 7, .box_h = 7, .ofs_x = 0, .ofs_y = 7},
    {.bitmap_index = 470, .adv_w = 161, .box_w = 10, .box_h = 9, .ofs_x = 0, .ofs_y = 1},
    {.bitmap_index = 515, .adv_w = 58, .box_w = 3, .box_h = 6, .ofs_x = 0, .ofs_y = -3},
    {.bitmap_index = 524, .adv_w = 121, .box_w = 7, .box_h = 3, .ofs_x = 0, .ofs_y = 4},
    {.bitmap_index = 535, .adv_w = 58, .box_w = 3, .box_h = 3, .ofs_x = 0, .ofs_y = 0},
    {.bitmap_index = 540, .adv_w = 138, .box_w = 8, .box_h = 16, .ofs_x = 0, .ofs_y = -2},
    {.bitmap_index = 604, .adv_w = 191, .box_w = 12, .box_h = 13, .ofs_x = 0, .ofs_y = 0},
    {.bitmap_index = 682, .adv_w = 111, .box_w = 5, .box_h = 13, .ofs_x = 0, .ofs_y = 0},
    {.bitmap_index = 715, .adv_w = 178, .box_w = 10, .box_h = 13, .ofs_x = 1, .ofs_y = 0},
    {.bitmap_index = 780, .adv_w = 177, .box_w = 11, .box_h = 13, .ofs_x = 0, .ofs_y = 0},
    {.bitmap_index = 852, .adv_w = 177, .box_w = 11, .box_h = 13, .ofs_x = 0, .ofs_y = 0},
    {.bitmap_index = 924, .adv_w = 180, .box_w = 10, .box_h = 13, .ofs_x = 1, .ofs_y = 0},
    {.bitmap_index = 989, .adv_w = 171, .box_w = 10, .box_h = 13, .ofs_x = 0, .ofs_y = 0},
    {.bitmap_index = 1054, .adv_w = 151, .box_w = 10, .box_h = 13, .ofs_x = 0, .ofs_y = 0},
    {.bitmap_index = 1119, .adv_w = 174, .box_w = 11, .box_h = 13, .ofs_x = 0, .ofs_y = 0},
    {.bitmap_index = 1191, .adv_w = 171, .box_w = 10, .box_h = 13, .ofs_x = 0, .ofs_y = 0},
    {.bitmap_index = 1256, .adv_w = 86, .box_w = 3, .box_h = 10, .ofs_x = 1, .ofs_y = 0},
    {.bitmap_index = 1271, .adv_w = 86, .box_w = 3, .box_h = 13, .ofs_x = 1, .ofs_y = -3},
    {.bitmap_index = 1291, .adv_w = 157, .box_w = 9, .box_h = 11, .ofs_x = 0, .ofs_y = 0},
    {.bitmap_index = 1341, .adv_w = 156, .box_w = 9, .box_h = 7, .ofs_x = 0, .ofs_y = 2},
    {.bitmap_index = 1373, .adv_w = 157, .box_w = 10, .box_h = 11, .ofs_x = 0, .ofs_y = 0},
    {.bitmap_index = 1428, .adv_w = 161, .box_w = 10, .box_h = 13, .ofs_x = 0, .ofs_y = 0},
    {.bitmap_index = 1493, .adv_w = 261, .box_w = 16, .box_h = 16, .ofs_x = 0, .ofs_y = -3},
    {.bitmap_index = 1621, .adv_w = 192, .box_w = 12, .box_h = 13, .ofs_x = 0, .ofs_y = 0},
    {.bitmap_index = 1699, .adv_w = 196, .box_w = 11, .box_h = 13, .ofs_x = 1, .ofs_y = 0},
    {.bitmap_index = 1771, .adv_w = 202, .box_w = 12, .box_h = 13, .ofs_x = 0, .ofs_y = 0},
    {.bitmap_index = 1849, .adv_w = 200, .box_w = 11, .box_h = 13, .ofs_x = 1, .ofs_y = 0},
    {.bitmap_index = 1921, .adv_w = 174, .box_w = 9, .box_h = 13, .ofs_x = 1, .ofs_y = 0},
    {.bitmap_index = 1980, .adv_w = 170, .box_w = 9, .box_h = 13, .ofs_x = 1, .ofs_y = 0},
    {.bitmap_index = 2039, .adv_w = 202, .box_w = 12, .box_h = 13, .ofs_x = 0, .ofs_y = 0},
    {.bitmap_index = 2117, .adv_w = 205, .box_w = 11, .box_h = 13, .ofs_x = 1, .ofs_y = 0},
    {.bitmap_index = 2189, .adv_w = 78, .box_w = 3, .box_h = 13, .ofs_x = 1, .ofs_y = 0},
    {.bitmap_index = 2209, .adv_w = 172, .box_w = 9, .box_h = 13, .ofs_x = 1, .ofs_y = 0},
    {.bitmap_index = 2268, .adv_w = 184, .box_w = 11, .box_h = 13, .ofs_x = 1, .ofs_y = 0},
    {.bitmap_index = 2340, .adv_w = 167, .box_w = 9, .box_h = 13, .ofs_x = 1, .ofs_y = 0},
    {.bitmap_index = 2399, .adv_w = 253, .box_w = 14, .box_h = 13, .ofs_x = 1, .ofs_y = 0},
    {.bitmap_index = 2490, .adv_w = 214, .box_w = 11, .box_h = 13, .ofs_x = 1, .ofs_y = 0},
    {.bitmap_index = 2562, .adv_w = 213, .box_w = 13, .box_h = 13, .ofs_x = 0, .ofs_y = 0},
    {.bitmap_index = 2647, .adv_w = 187, .box_w = 10, .box_h = 13, .ofs_x = 1, .ofs_y = 0},
    {.bitmap_index = 2712, .adv_w = 211, .box_w = 13, .box_h = 14, .ofs_x = 0, .ofs_y = -1},
    {.bitmap_index = 2803, .adv_w = 194, .box_w = 10, .box_h = 13, .ofs_x = 1, .ofs_y = 0},
    {.bitmap_index = 2868, .adv_w = 184, .box_w = 11, .box_h = 13, .ofs_x = 0, .ofs_y = 0},
    {.bitmap_index = 2940, .adv_w = 159, .box_w = 10, .box_h = 13, .ofs_x = 0, .ofs_y = 0},
    {.bitmap_index = 3005, .adv_w = 198, .box_w = 11, .box_h = 13, .ofs_x = 1, .ofs_y = 0},
    {.bitmap_index = 3077, .adv_w = 192, .box_w = 12, .box_h = 13, .ofs_x = 0, .ofs_y = 0},
    {.bitmap_index = 3155, .adv_w = 272, .box_w = 17, .box_h = 13, .ofs_x = 0, .ofs_y = 0},
    {.bitmap_index = 3266, .adv_w = 175, .box_w = 11, .box_h = 13, .ofs_x = 0, .ofs_y = 0},
    {.bitmap_index = 3338, .adv_w = 166, .box_w = 12, .box_h = 13, .ofs_x = -1, .ofs_y = 0},
    {.bitmap_index = 3416, .adv_w = 157, .box_w = 10, .box_h = 13, .ofs_x = 0, .ofs_y = 0},
    {.bitmap_index = 3481, .adv_w = 100, .box_w = 5, .box_h = 18, .ofs_x = 1, .ofs_y = -3},
    {.bitmap_index = 3526, .adv_w = 131, .box_w = 8, .box_h = 16, .ofs_x = 0, .ofs_y = -2},
    {.bitmap_index = 3590, .adv_w = 100, .box_w = 5, .box_h = 18, .ofs_x = 0, .ofs_y = -3},
    {.bitmap_index = 3635, .adv_w = 123, .box_w = 7, .box_h = 6, .ofs_x = 0, .ofs_y = 7},
    {.bitmap_index = 3656, .adv_w = 160, .box_w = 10, .box_h = 3, .ofs_x = 0, .ofs_y = -2},
    {.bitmap_index = 3671, .adv_w = 71, .box_w = 4, .box_h = 3, .ofs_x = 0, .ofs_y = 11},
    {.bitmap_index = 3677, .adv_w = 159, .box_w = 10, .box_h = 10, .ofs_x = 0, .ofs_y = 0},
    {.bitmap_index = 3727, .adv_w = 171, .box_w = 9, .box_h = 13, .ofs_x = 1, .ofs_y = 0},
    {.bitmap_index = 3786, .adv_w = 157, .box_w = 10, .box_h = 10, .ofs_x = 0, .ofs_y = 0},
    {.bitmap_index = 3836, .adv_w = 171, .box_w = 10, .box_h = 13, .ofs_x = 0, .ofs_y = 0},
    {.bitmap_index = 3901, .adv_w = 162, .box_w = 10, .box_h = 10, .ofs_x = 0, .ofs_y = 0},
    {.bitmap_index = 3951, .adv_w = 114, .box_w = 6, .box_h = 13, .ofs_x = 1, .ofs_y = 0},
    {.bitmap_index = 3990, .adv_w = 171, .box_w = 10, .box_h = 13, .ofs_x = 0, .ofs_y = -3},
    {.bitmap_index = 4055, .adv_w = 167, .box_w = 9, .box_h = 13, .ofs_x = 1, .ofs_y = 0},
    {.bitmap_index = 4114, .adv_w = 70, .box_w = 2, .box_h = 13, .ofs_x = 1, .ofs_y = 0},
    {.bitmap_index = 4127, .adv_w = 75, .box_w = 5, .box_h = 16, .ofs_x = -1, .ofs_y = -3},
    {.bitmap_index = 4167, .adv_w = 170, .box_w = 9, .box_h = 13, .ofs_x = 1, .ofs_y = 0},
    {.bitmap_index = 4226, .adv_w = 77, .box_w = 4, .box_h = 13, .ofs_x = 1, .ofs_y = 0},
    {.bitmap_index = 4252, .adv_w = 253, .box_w = 14, .box_h = 10, .ofs_x = 1, .ofs_y = 0},
    {.bitmap_index = 4322, .adv_w = 167, .box_w = 9, .box_h = 10, .ofs_x = 1, .ofs_y = 0},
    {.bitmap_index = 4367, .adv_w = 165, .box_w = 10, .box_h = 10, .ofs_x = 0, .ofs_y = 0},
    {.bitmap_index = 4417, .adv_w = 171, .box_w = 9, .box_h = 13, .ofs_x = 1, .ofs_y = -3},
    {.bitmap_index = 4476, .adv_w = 171, .box_w = 10, .box_h = 13, .ofs_x = 0, .ofs_y = -3},
    {.bitmap_index = 4541, .adv_w = 109, .box_w = 6, .box_h = 10, .ofs_x = 1, .ofs_y = 0},
    {.bitmap_index = 4571, .adv_w = 150, .box_w = 9, .box_h = 10, .ofs_x = 0, .ofs_y = 0},
    {.bitmap_index = 4616, .adv_w = 113, .box_w = 7, .box_h = 12, .ofs_x = 0, .ofs_y = 0},
    {.bitmap_index = 4658, .adv_w = 166, .box_w = 8, .box_h = 10, .ofs_x = 1, .ofs_y = 0},
    {.bitmap_index = 4698, .adv_w = 154, .box_w = 10, .box_h = 10, .ofs_x = 0, .ofs_y = 0},
    {.bitmap_index = 4748, .adv_w = 236, .box_w = 15, .box_h = 10, .ofs_x = 0, .ofs_y = 0},
    {.bitmap_index = 4823, .adv_w = 168, .box_w = 10, .box_h = 10, .ofs_x = 0, .ofs_y = 0},
    {.bitmap_index = 4873, .adv_w = 155, .box_w = 10, .box_h = 13, .ofs_x = 0, .ofs_y = -3},
    {.bitmap_index = 4938, .adv_w = 155, .box_w = 9, .box_h = 10, .ofs_x = 0, .ofs_y = 0},
    {.bitmap_index = 4983, .adv_w = 112, .box_w = 7, .box_h = 18, .ofs_x = 0, .ofs_y = -3},
    {.bitmap_index = 5046, .adv_w = 76, .box_w = 3, .box_h = 16, .ofs_x = 1, .ofs_y = -2},
    {.bitmap_index = 5070, .adv_w = 112, .box_w = 7, .box_h = 18, .ofs_x = 0, .ofs_y = -3},
    {.bitmap_index = 5133, .adv_w = 151, .box_w = 9, .box_h = 5, .ofs_x = 0, .ofs_y = 4},
    {.bitmap_index = 5156, .adv_w = 72, .box_w = 0, .box_h = 0, .ofs_x = 0, .ofs_y = 0},
    {.bitmap_index = 5156, .adv_w = 61, .box_w = 3, .box_h = 13, .ofs_x = 0, .ofs_y = -3},
    {.bitmap_index = 5176, .adv_w = 157, .box_w = 10, .box_h = 13, .ofs_x = 0, .ofs_y = 0},
    {.bitmap_index = 5241, .adv_w = 176, .box_w = 11, .box_h = 13, .ofs_x = 0, .ofs_y = 0},
    {.bitmap_index = 5313, .adv_w = 180, .box_w = 11, .box_h = 12, .ofs_x = 0, .ofs_y = 0},
    {.bitmap_index = 5379, .adv_w = 166, .box_w = 12, .box_h = 13, .ofs_x = -1, .ofs_y = 0},
    {.bitmap_index = 5457, .adv_w = 76, .box_w = 3, .box_h = 16, .ofs_x = 1, .ofs_y = -2},
    {.bitmap_index = 5481, .adv_w = 158, .box_w = 9, .box_h = 15, .ofs_x = 0, .ofs_y = -2},
    {.bitmap_index = 5549, .adv_w = 101, .box_w = 6, .box_h = 2, .ofs_x = 0, .ofs_y = 11},
    {.bitmap_index = 5555, .adv_w = 238, .box_w = 15, .box_h = 15, .ofs_x = 0, .ofs_y = -1},
    {.bitmap_index = 5668, .adv_w = 115, .box_w = 7, .box_h = 7, .ofs_x = 0, .ofs_y = 6},
    {.bitmap_index = 5693, .adv_w = 154, .box_w = 9, .box_h = 8, .ofs_x = 0, .ofs_y = 1},
    {.bitmap_index = 5729, .adv_w = 144, .box_w = 9, .box_h = 6, .ofs_x = 0, .ofs_y = 1},
    {.bitmap_index = 5756, .adv_w = 96, .box_w = 6, .box_h = 2, .ofs_x = 0, .ofs_y = 4},
    {.bitmap_index = 5762, .adv_w = 183, .box_w = 11, .box_h = 11, .ofs_x = 0, .ofs_y = 2},
    {.bitmap_index = 5823, .adv_w = 103, .box_w = 6, .box_h = 3, .ofs_x = 0, .ofs_y = 11},
    {.bitmap_index = 5832, .adv_w = 116, .box_w = 7, .box_h = 7, .ofs_x = 0, .ofs_y = 7},
    {.bitmap_index = 5857, .adv_w = 155, .box_w = 9, .box_h = 11, .ofs_x = 0, .ofs_y = 0},
    {.bitmap_index = 5907, .adv_w = 100, .box_w = 6, .box_h = 7, .ofs_x = 0, .ofs_y = 6},
    {.bitmap_index = 5928, .adv_w = 96, .box_w = 6, .box_h = 7, .ofs_x = 0, .ofs_y = 6},
    {.bitmap_index = 5949, .adv_w = 71, .box_w = 4, .box_h = 3, .ofs_x = 0, .ofs_y = 11},
    {.bitmap_index = 5955, .adv_w = 166, .box_w = 8, .box_h = 13, .ofs_x = 1, .ofs_y = -3},
    {.bitmap_index = 6007, .adv_w = 172, .box_w = 10, .box_h = 13, .ofs_x = 0, .ofs_y = 0},
    {.bitmap_index = 6072, .adv_w = 58, .box_w = 3, .box_h = 3, .ofs_x = 0, .ofs_y = 5},
    {.bitmap_index = 6077, .adv_w = 91, .box_w = 5, .box_h = 5, .ofs_x = 0, .ofs_y = -5},
    {.bitmap_index = 6090, .adv_w = 70, .box_w = 4, .box_h = 7, .ofs_x = 0, .ofs_y = 6},
    {.bitmap_index = 6104, .adv_w = 121, .box_w = 7, .box_h = 7, .ofs_x = 0, .ofs_y = 6},
    {.bitmap_index = 6129, .adv_w = 155, .box_w = 9, .box_h = 8, .ofs_x = 0, .ofs_y = 1},
    {.bitmap_index = 6165, .adv_w = 211, .box_w = 13, .box_h = 14, .ofs_x = 0, .ofs_y = 0},
    {.bitmap_index = 6256, .adv_w = 230, .box_w = 14, .box_h = 14, .ofs_x = 0, .ofs_y = -1},
    {.bitmap_index = 6354, .adv_w = 225, .box_w = 14, .box_h = 13, .ofs_x = 0, .ofs_y = 0},
    {.bitmap_index = 6445, .adv_w = 161, .box_w = 10, .box_h = 14, .ofs_x = 0, .ofs_y = -3},
    {.bitmap_index = 6515, .adv_w = 192, .box_w = 12, .box_h = 17, .ofs_x = 0, .ofs_y = 0},
    {.bitmap_index = 6617, .adv_w = 192, .box_w = 12, .box_h = 17, .ofs_x = 0, .ofs_y = 0},
    {.bitmap_index = 6719, .adv_w = 192, .box_w = 12, .box_h = 17, .ofs_x = 0, .ofs_y = 0},
    {.bitmap_index = 6821, .adv_w = 192, .box_w = 12, .box_h = 17, .ofs_x = 0, .ofs_y = 0},
    {.bitmap_index = 6923, .adv_w = 192, .box_w = 12, .box_h = 17, .ofs_x = 0, .ofs_y = 0},
    {.bitmap_index = 7025, .adv_w = 193, .box_w = 12, .box_h = 17, .ofs_x = 0, .ofs_y = 0},
    {.bitmap_index = 7127, .adv_w = 280, .box_w = 17, .box_h = 13, .ofs_x = 0, .ofs_y = 0},
    {.bitmap_index = 7238, .adv_w = 202, .box_w = 12, .box_h = 18, .ofs_x = 0, .ofs_y = -5},
    {.bitmap_index = 7346, .adv_w = 174, .box_w = 9, .box_h = 17, .ofs_x = 1, .ofs_y = 0},
    {.bitmap_index = 7423, .adv_w = 174, .box_w = 9, .box_h = 17, .ofs_x = 1, .ofs_y = 0},
    {.bitmap_index = 7500, .adv_w = 174, .box_w = 9, .box_h = 17, .ofs_x = 1, .ofs_y = 0},
    {.bitmap_index = 7577, .adv_w = 174, .box_w = 9, .box_h = 17, .ofs_x = 1, .ofs_y = 0},
    {.bitmap_index = 7654, .adv_w = 78, .box_w = 4, .box_h = 17, .ofs_x = 0, .ofs_y = 0},
    {.bitmap_index = 7688, .adv_w = 78, .box_w = 4, .box_h = 17, .ofs_x = 1, .ofs_y = 0},
    {.bitmap_index = 7722, .adv_w = 78, .box_w = 6, .box_h = 17, .ofs_x = -1, .ofs_y = 0},
    {.bitmap_index = 7773, .adv_w = 78, .box_w = 5, .box_h = 17, .ofs_x = 0, .ofs_y = 0},
    {.bitmap_index = 7816, .adv_w = 200, .box_w = 12, .box_h = 13, .ofs_x = 0, .ofs_y = 0},
    {.bitmap_index = 7894, .adv_w = 214, .box_w = 11, .box_h = 17, .ofs_x = 1, .ofs_y = 0},
    {.bitmap_index = 7988, .adv_w = 213, .box_w = 13, .box_h = 17, .ofs_x = 0, .ofs_y = 0},
    {.bitmap_index = 8099, .adv_w = 213, .box_w = 13, .box_h = 17, .ofs_x = 0, .ofs_y = 0},
    {.bitmap_index = 8210, .adv_w = 213, .box_w = 13, .box_h = 17, .ofs_x = 0, .ofs_y = 0},
    {.bitmap_index = 8321, .adv_w = 213, .box_w = 13, .box_h = 17, .ofs_x = 0, .ofs_y = 0},
    {.bitmap_index = 8432, .adv_w = 213, .box_w = 13, .box_h = 17, .ofs_x = 0, .ofs_y = 0},
    {.bitmap_index = 8543, .adv_w = 145, .box_w = 9, .box_h = 9, .ofs_x = 0, .ofs_y = 1},
    {.bitmap_index = 8584, .adv_w = 213, .box_w = 13, .box_h = 13, .ofs_x = 0, .ofs_y = 0},
    {.bitmap_index = 8669, .adv_w = 198, .box_w = 11, .box_h = 17, .ofs_x = 1, .ofs_y = 0},
    {.bitmap_index = 8763, .adv_w = 198, .box_w = 11, .box_h = 17, .ofs_x = 1, .ofs_y = 0},
    {.bitmap_index = 8857, .adv_w = 198, .box_w = 11, .box_h = 17, .ofs_x = 1, .ofs_y = 0},
    {.bitmap_index = 8951, .adv_w = 198, .box_w = 11, .box_h = 17, .ofs_x = 1, .ofs_y = 0},
    {.bitmap_index = 9045, .adv_w = 166, .box_w = 12, .box_h = 17, .ofs_x = -1, .ofs_y = 0},
    {.bitmap_index = 9147, .adv_w = 179, .box_w = 10, .box_h = 13, .ofs_x = 1, .ofs_y = 0},
    {.bitmap_index = 9212, .adv_w = 169, .box_w = 9, .box_h = 13, .ofs_x = 1, .ofs_y = 0},
    {.bitmap_index = 9271, .adv_w = 159, .box_w = 10, .box_h = 13, .ofs_x = 0, .ofs_y = 0},
    {.bitmap_index = 9336, .adv_w = 159, .box_w = 10, .box_h = 13, .ofs_x = 0, .ofs_y = 0},
    {.bitmap_index = 9401, .adv_w = 159, .box_w = 10, .box_h = 13, .ofs_x = 0, .ofs_y = 0},
    {.bitmap_index = 9466, .adv_w = 159, .box_w = 10, .box_h = 13, .ofs_x = 0, .ofs_y = 0},
    {.bitmap_index = 9531, .adv_w = 159, .box_w = 10, .box_h = 13, .ofs_x = 0, .ofs_y = 0},
    {.bitmap_index = 9596, .adv_w = 159, .box_w = 10, .box_h = 14, .ofs_x = 0, .ofs_y = 0},
    {.bitmap_index = 9666, .adv_w = 265, .box_w = 16, .box_h = 10, .ofs_x = 0, .ofs_y = 0},
    {.bitmap_index = 9746, .adv_w = 157, .box_w = 10, .box_h = 15, .ofs_x = 0, .ofs_y = -5},
    {.bitmap_index = 9821, .adv_w = 162, .box_w = 10, .box_h = 13, .ofs_x = 0, .ofs_y = 0},
    {.bitmap_index = 9886, .adv_w = 162, .box_w = 10, .box_h = 13, .ofs_x = 0, .ofs_y = 0},
    {.bitmap_index = 9951, .adv_w = 162, .box_w = 10, .box_h = 13, .ofs_x = 0, .ofs_y = 0},
    {.bitmap_index = 10016, .adv_w = 162, .box_w = 10, .box_h = 13, .ofs_x = 0, .ofs_y = 0},
    {.bitmap_index = 10081, .adv_w = 70, .box_w = 3, .box_h = 13, .ofs_x = 0, .ofs_y = 0},
    {.bitmap_index = 10101, .adv_w = 70, .box_w = 4, .box_h = 13, .ofs_x = 1, .ofs_y = 0},
    {.bitmap_index = 10127, .adv_w = 70, .box_w = 6, .box_h = 13, .ofs_x = -1, .ofs_y = 0},
    {.bitmap_index = 10166, .adv_w = 70, .box_w = 5, .box_h = 13, .ofs_x = 0, .ofs_y = 0},
    {.bitmap_index = 10199, .adv_w = 165, .box_w = 10, .box_h = 14, .ofs_x = 0, .ofs_y = 0},
    {.bitmap_index = 10269, .adv_w = 167, .box_w = 9, .box_h = 13, .ofs_x = 1, .ofs_y = 0},
    {.bitmap_index = 10328, .adv_w = 165, .box_w = 10, .box_h = 13, .ofs_x = 0, .ofs_y = 0},
    {.bitmap_index = 10393, .adv_w = 165, .box_w = 10, .box_h = 13, .ofs_x = 0, .ofs_y = 0},
    {.bitmap_index = 10458, .adv_w = 165, .box_w = 10, .box_h = 13, .ofs_x = 0, .ofs_y = 0},
    {.bitmap_index = 10523, .adv_w = 165, .box_w = 10, .box_h = 13, .ofs_x = 0, .ofs_y = 0},
    {.bitmap_index = 10588, .adv_w = 165, .box_w = 10, .box_h = 13, .ofs_x = 0, .ofs_y = 0},
    {.bitmap_index = 10653, .adv_w = 156, .box_w = 9, .box_h = 9, .ofs_x = 0, .ofs_y = 1},
    {.bitmap_index = 10694, .adv_w = 165, .box_w = 10, .box_h = 10, .ofs_x = 0, .ofs_y = 0},
    {.bitmap_index = 10744, .adv_w = 166, .box_w = 8, .box_h = 13, .ofs_x = 1, .ofs_y = 0},
    {.bitmap_index = 10796, .adv_w = 166, .box_w = 8, .box_h = 13, .ofs_x = 1, .ofs_y = 0},
    {.bitmap_index = 10848, .adv_w = 166, .box_w = 8, .box_h = 13, .ofs_x = 1, .ofs_y = 0},
    {.bitmap_index = 10900, .adv_w = 166, .box_w = 8, .box_h = 13, .ofs_x = 1, .ofs_y = 0},
    {.bitmap_index = 10952, .adv_w = 155, .box_w = 10, .box_h = 16, .ofs_x = 0, .ofs_y = -3},
    {.bitmap_index = 11032, .adv_w = 171, .box_w = 9, .box_h = 16, .ofs_x = 1, .ofs_y = -3},
    {.bitmap_index = 11104, .adv_w = 155, .box_w = 10, .box_h = 16, .ofs_x = 0, .ofs_y = -3},
    {.bitmap_index = 11184, .adv_w = 192, .box_w = 12, .box_h = 17, .ofs_x = 0, .ofs_y = 0},
    {.bitmap_index = 11286, .adv_w = 159, .box_w = 10, .box_h = 13, .ofs_x = 0, .ofs_y = 0},
    {.bitmap_index = 11351, .adv_w = 192, .box_w = 12, .box_h = 17, .ofs_x = 0, .ofs_y = 0},
    {.bitmap_index = 11453, .adv_w = 159, .box_w = 10, .box_h = 13, .ofs_x = 0, .ofs_y = 0},
    {.bitmap_index = 11518, .adv_w = 192, .box_w = 13, .box_h = 18, .ofs_x = 0, .ofs_y = -5},
    {.bitmap_index = 11635, .adv_w = 159, .box_w = 11, .box_h = 14, .ofs_x = 0, .ofs_y = -4},
    {.bitmap_index = 11712, .adv_w = 202, .box_w = 12, .box_h = 17, .ofs_x = 0, .ofs_y = 0},
    {.bitmap_index = 11814, .adv_w = 157, .box_w = 10, .box_h = 13, .ofs_x = 0, .ofs_y = 0},
    {.bitmap_index = 11879, .adv_w = 202, .box_w = 12, .box_h = 17, .ofs_x = 0, .ofs_y = 0},
    {.bitmap_index = 11981, .adv_w = 157, .box_w = 10, .box_h = 13, .ofs_x = 0, .ofs_y = 0},
    {.bitmap_index = 12046, .adv_w = 202, .box_w = 12, .box_h = 17, .ofs_x = 0, .ofs_y = 0},
    {.bitmap_index = 12148, .adv_w = 157, .box_w = 10, .box_h = 13, .ofs_x = 0, .ofs_y = 0},
    {.bitmap_index = 12213, .adv_w = 202, .box_w = 12, .box_h = 17, .ofs_x = 0, .ofs_y = 0},
    {.bitmap_index = 12315, .adv_w = 157, .box_w = 10, .box_h = 13, .ofs_x = 0, .ofs_y = 0},
    {.bitmap_index = 12380, .adv_w = 200, .box_w = 11, .box_h = 17, .ofs_x = 1, .ofs_y = 0},
    {.bitmap_index = 12474, .adv_w = 191, .box_w = 13, .box_h = 13, .ofs_x = 0, .ofs_y = 0},
    {.bitmap_index = 12559, .adv_w = 200, .box_w = 12, .box_h = 13, .ofs_x = 0, .ofs_y = 0},
    {.bitmap_index = 12637, .adv_w = 171, .box_w = 11, .box_h = 13, .ofs_x = 0, .ofs_y = 0},
    {.bitmap_index = 12709, .adv_w = 174, .box_w = 9, .box_h = 17, .ofs_x = 1, .ofs_y = 0},
    {.bitmap_index = 12786, .adv_w = 162, .box_w = 10, .box_h = 13, .ofs_x = 0, .ofs_y = 0},
    {.bitmap_index = 12851, .adv_w = 192, .box_w = 11, .box_h = 17, .ofs_x = 1, .ofs_y = 0},
    {.bitmap_index = 12945, .adv_w = 160, .box_w = 10, .box_h = 14, .ofs_x = 0, .ofs_y = 0},
    {.bitmap_index = 13015, .adv_w = 174, .box_w = 9, .box_h = 17, .ofs_x = 1, .ofs_y = 0},
    {.bitmap_index = 13092, .adv_w = 162, .box_w = 10, .box_h = 13, .ofs_x = 0, .ofs_y = 0},
    {.bitmap_index = 13157, .adv_w = 174, .box_w = 10, .box_h = 18, .ofs_x = 1, .ofs_y = -5},
    {.bitmap_index = 13247, .adv_w = 162, .box_w = 10, .box_h = 14, .ofs_x = 0, .ofs_y = -4},
    {.bitmap_index = 13317, .adv_w = 174, .box_w = 9, .box_h = 17, .ofs_x = 1, .ofs_y = 0},
    {.bitmap_index = 13394, .adv_w = 162, .box_w = 10, .box_h = 13, .ofs_x = 0, .ofs_y = 0},
    {.bitmap_index = 13459, .adv_w = 202, .box_w = 12, .box_h = 17, .ofs_x = 0, .ofs_y = 0},
    {.bitmap_index = 13561, .adv_w = 171, .box_w = 10, .box_h = 16, .ofs_x = 0, .ofs_y = -3},
    {.bitmap_index = 13641, .adv_w = 202, .box_w = 12, .box_h = 17, .ofs_x = 0, .ofs_y = 0},
    {.bitmap_index = 13743, .adv_w = 171, .box_w = 10, .box_h = 16, .ofs_x = 0, .ofs_y = -3},
    {.bitmap_index = 13823, .adv_w = 202, .box_w = 12, .box_h = 17, .ofs_x = 0, .ofs_y = 0},
    {.bitmap_index = 13925, .adv_w = 171, .box_w = 10, .box_h = 16, .ofs_x = 0, .ofs_y = -3},
    {.bitmap_index = 14005, .adv_w = 202, .box_w = 12, .box_h = 18, .ofs_x = 0, .ofs_y = -5},
    {.bitmap_index = 14113, .adv_w = 171, .box_w = 10, .box_h = 18, .ofs_x = 0, .ofs_y = -3},
    {.bitmap_index = 14203, .adv_w = 205, .box_w = 11, .box_h = 17, .ofs_x = 1, .ofs_y = 0},
    {.bitmap_index = 14297, .adv_w = 167, .box_w = 11, .box_h = 17, .ofs_x = -1, .ofs_y = 0},
    {.bitmap_index = 14391, .adv_w = 205, .box_w = 13, .box_h = 13, .ofs_x = 0, .ofs_y = 0},
    {.bitmap_index = 14476, .adv_w = 167, .box_w = 10, .box_h = 13, .ofs_x = 0, .ofs_y = 0},
    {.bitmap_index = 14541, .adv_w = 78, .box_w = 7, .box_h = 17, .ofs_x = -1, .ofs_y = 0},
    {.bitmap_index = 14601, .adv_w = 70, .box_w = 7, .box_h = 13, .ofs_x = -1, .ofs_y = 0},
    {.bitmap_index = 14647, .adv_w = 78, .box_w = 5, .box_h = 17, .ofs_x = 0, .ofs_y = 0},
    {.bitmap_index = 14690, .adv_w = 70, .box_w = 6, .box_h = 13, .ofs_x = -1, .ofs_y = 0},
    {.bitmap_index = 14729, .adv_w = 80, .box_w = 7, .box_h = 17, .ofs_x = -1, .ofs_y = 0},
    {.bitmap_index = 14789, .adv_w = 64, .box_w = 6, .box_h = 14, .ofs_x = -1, .ofs_y = 0},
    {.bitmap_index = 14831, .adv_w = 78, .box_w = 4, .box_h = 18, .ofs_x = 0, .ofs_y = -5},
    {.bitmap_index = 14867, .adv_w = 70, .box_w = 4, .box_h = 18, .ofs_x = 0, .ofs_y = -5},
    {.bitmap_index = 14903, .adv_w = 78, .box_w = 3, .box_h = 17, .ofs_x = 1, .ofs_y = 0},
    {.bitmap_index = 14929, .adv_w = 70, .box_w = 2, .box_h = 10, .ofs_x = 1, .ofs_y = 0},
    {.bitmap_index = 14939, .adv_w = 244, .box_w = 13, .box_h = 13, .ofs_x = 1, .ofs_y = 0},
    {.bitmap_index = 15024, .adv_w = 142, .box_w = 7, .box_h = 16, .ofs_x = 1, .ofs_y = -3},
    {.bitmap_index = 15080, .adv_w = 172, .box_w = 11, .box_h = 17, .ofs_x = 1, .ofs_y = 0},
    {.bitmap_index = 15174, .adv_w = 75, .box_w = 6, .box_h = 16, .ofs_x = -1, .ofs_y = -3},
    {.bitmap_index = 15222, .adv_w = 184, .box_w = 11, .box_h = 18, .ofs_x = 1, .ofs_y = -5},
    {.bitmap_index = 15321, .adv_w = 170, .box_w = 9, .box_h = 18, .ofs_x = 1, .ofs_y = -5},
    {.bitmap_index = 15402, .adv_w = 126, .box_w = 8, .box_h = 10, .ofs_x = 1, .ofs_y = 0},
    {.bitmap_index = 15442, .adv_w = 167, .box_w = 9, .box_h = 17, .ofs_x = 1, .ofs_y = 0},
    {.bitmap_index = 15519, .adv_w = 77, .box_w = 4, .box_h = 16, .ofs_x = 1, .ofs_y = 0},
    {.bitmap_index = 15551, .adv_w = 167, .box_w = 9, .box_h = 18, .ofs_x = 1, .ofs_y = -5},
    {.bitmap_index = 15632, .adv_w = 77, .box_w = 4, .box_h = 18, .ofs_x = 1, .ofs_y = -5},
    {.bitmap_index = 15668, .adv_w = 167, .box_w = 9, .box_h = 13, .ofs_x = 1, .ofs_y = 0},
    {.bitmap_index = 15727, .adv_w = 92, .box_w = 6, .box_h = 13, .ofs_x = 1, .ofs_y = 0},
    {.bitmap_index = 15766, .adv_w = 160, .box_w = 9, .box_h = 14, .ofs_x = 1, .ofs_y = 0},
    {.bitmap_index = 15829, .adv_w = 92, .box_w = 5, .box_h = 14, .ofs_x = 1, .ofs_y = 0},
    {.bitmap_index = 15864, .adv_w = 167, .box_w = 10, .box_h = 13, .ofs_x = 0, .ofs_y = 0},
    {.bitmap_index = 15929, .adv_w = 77, .box_w = 5, .box_h = 13, .ofs_x = 0, .ofs_y = 0},
    {.bitmap_index = 15962, .adv_w = 214, .box_w = 11, .box_h = 17, .ofs_x = 1, .ofs_y = 0},
    {.bitmap_index = 16056, .adv_w = 167, .box_w = 9, .box_h = 13, .ofs_x = 1, .ofs_y = 0},
    {.bitmap_index = 16115, .adv_w = 214, .box_w = 11, .box_h = 18, .ofs_x = 1, .ofs_y = -5},
    {.bitmap_index = 16214, .adv_w = 167, .box_w = 9, .box_h = 15, .ofs_x = 1, .ofs_y = -5},
    {.bitmap_index = 16282, .adv_w = 214, .box_w = 11, .box_h = 17, .ofs_x = 1, .ofs_y = 0},
    {.bitmap_index = 16376, .adv_w = 167, .box_w = 9, .box_h = 13, .ofs_x = 1, .ofs_y = 0},
    {.bitmap_index = 16435, .adv_w = 180, .box_w = 12, .box_h = 14, .ofs_x = -1, .ofs_y = 0},
    {.bitmap_index = 16519, .adv_w = 214, .box_w = 11, .box_h = 16, .ofs_x = 1, .ofs_y = -3},
    {.bitmap_index = 16607, .adv_w = 167, .box_w = 9, .box_h = 13, .ofs_x = 1, .ofs_y = -3},
    {.bitmap_index = 16666, .adv_w = 213, .box_w = 13, .box_h = 17, .ofs_x = 0, .ofs_y = 0},
    {.bitmap_index = 16777, .adv_w = 165, .box_w = 10, .box_h = 13, .ofs_x = 0, .ofs_y = 0},
    {.bitmap_index = 16842, .adv_w = 224, .box_w = 14, .box_h = 18, .ofs_x = 0, .ofs_y = 0},
    {.bitmap_index = 16968, .adv_w = 160, .box_w = 10, .box_h = 14, .ofs_x = 0, .ofs_y = 0},
    {.bitmap_index = 17038, .adv_w = 213, .box_w = 13, .box_h = 17, .ofs_x = 0, .ofs_y = 0},
    {.bitmap_index = 17149, .adv_w = 165, .box_w = 10, .box_h = 13, .ofs_x = 0, .ofs_y = 0},
    {.bitmap_index = 17214, .adv_w = 313, .box_w = 19, .box_h = 13, .ofs_x = 0, .ofs_y = 0},
    {.bitmap_index = 17338, .adv_w = 276, .box_w = 17, .box_h = 10, .ofs_x = 0, .ofs_y = 0},
    {.bitmap_index = 17423, .adv_w = 194, .box_w = 10, .box_h = 17, .ofs_x = 1, .ofs_y = 0},
    {.bitmap_index = 17508, .adv_w = 109, .box_w = 6, .box_h = 13, .ofs_x = 1, .ofs_y = 0},
    {.bitmap_index = 17547, .adv_w = 194, .box_w = 10, .box_h = 18, .ofs_x = 1, .ofs_y = -5},
    {.bitmap_index = 17637, .adv_w = 109, .box_w = 7, .box_h = 15, .ofs_x = 0, .ofs_y = -5},
    {.bitmap_index = 17690, .adv_w = 194, .box_w = 10, .box_h = 17, .ofs_x = 1, .ofs_y = 0},
    {.bitmap_index = 17775, .adv_w = 109, .box_w = 6, .box_h = 13, .ofs_x = 1, .ofs_y = 0},
    {.bitmap_index = 17814, .adv_w = 184, .box_w = 11, .box_h = 17, .ofs_x = 0, .ofs_y = 0},
    {.bitmap_index = 17908, .adv_w = 150, .box_w = 9, .box_h = 13, .ofs_x = 0, .ofs_y = 0},
    {.bitmap_index = 17967, .adv_w = 184, .box_w = 11, .box_h = 17, .ofs_x = 0, .ofs_y = 0},
    {.bitmap_index = 18061, .adv_w = 150, .box_w = 9, .box_h = 13, .ofs_x = 0, .ofs_y = 0},
    {.bitmap_index = 18120, .adv_w = 184, .box_w = 11, .box_h = 18, .ofs_x = 0, .ofs_y = -5},
    {.bitmap_index = 18219, .adv_w = 150, .box_w = 9, .box_h = 15, .ofs_x = 0, .ofs_y = -5},
    {.bitmap_index = 18287, .adv_w = 184, .box_w = 11, .box_h = 17, .ofs_x = 0, .ofs_y = 0},
    {.bitmap_index = 18381, .adv_w = 150, .box_w = 9, .box_h = 13, .ofs_x = 0, .ofs_y = 0},
    {.bitmap_index = 18440, .adv_w = 159, .box_w = 10, .box_h = 18, .ofs_x = 0, .ofs_y = -5},
    {.bitmap_index = 18530, .adv_w = 113, .box_w = 7, .box_h = 17, .ofs_x = 0, .ofs_y = -5},
    {.bitmap_index = 18590, .adv_w = 159, .box_w = 10, .box_h = 17, .ofs_x = 0, .ofs_y = 0},
    {.bitmap_index = 18675, .adv_w = 115, .box_w = 8, .box_h = 14, .ofs_x = 0, .ofs_y = 0},
    {.bitmap_index = 18731, .adv_w = 159, .box_w = 10, .box_h = 13, .ofs_x = 0, .ofs_y = 0},
    {.bitmap_index = 18796, .adv_w = 113, .box_w = 7, .box_h = 12, .ofs_x = 0, .ofs_y = 0},
    {.bitmap_index = 18838, .adv_w = 198, .box_w = 11, .box_h = 17, .ofs_x = 1, .ofs_y = 0},
    {.bitmap_index = 18932, .adv_w = 166, .box_w = 8, .box_h = 13, .ofs_x = 1, .ofs_y = 0},
    {.bitmap_index = 18984, .adv_w = 198, .box_w = 11, .box_h = 17, .ofs_x = 1, .ofs_y = 0},
    {.bitmap_index = 19078, .adv_w = 166, .box_w = 8, .box_h = 13, .ofs_x = 1, .ofs_y = 0},
    {.bitmap_index = 19130, .adv_w = 198, .box_w = 11, .box_h = 17, .ofs_x = 1, .ofs_y = 0},
    {.bitmap_index = 19224, .adv_w = 166, .box_w = 8, .box_h = 13, .ofs_x = 1, .ofs_y = 0},
    {.bitmap_index = 19276, .adv_w = 198, .box_w = 11, .box_h = 18, .ofs_x = 1, .ofs_y = 0},
    {.bitmap_index = 19375, .adv_w = 166, .box_w = 8, .box_h = 14, .ofs_x = 1, .ofs_y = 0},
    {.bitmap_index = 19431, .adv_w = 198, .box_w = 11, .box_h = 17, .ofs_x = 1, .ofs_y = 0},
    {.bitmap_index = 19525, .adv_w = 166, .box_w = 8, .box_h = 13, .ofs_x = 1, .ofs_y = 0},
    {.bitmap_index = 19577, .adv_w = 198, .box_w = 11, .box_h = 17, .ofs_x = 1, .ofs_y = -4},
    {.bitmap_index = 19671, .adv_w = 166, .box_w = 9, .box_h = 14, .ofs_x = 1, .ofs_y = -4},
    {.bitmap_index = 19734, .adv_w = 272, .box_w = 17, .box_h = 17, .ofs_x = 0, .ofs_y = 0},
    {.bitmap_index = 19879, .adv_w = 236, .box_w = 15, .box_h = 13, .ofs_x = 0, .ofs_y = 0},
    {.bitmap_index = 19977, .adv_w = 166, .box_w = 12, .box_h = 17, .ofs_x = -1, .ofs_y = 0},
    {.bitmap_index = 20079, .adv_w = 155, .box_w = 10, .box_h = 16, .ofs_x = 0, .ofs_y = -3},
    {.bitmap_index = 20159, .adv_w = 166, .box_w = 12, .box_h = 17, .ofs_x = -1, .ofs_y = 0},
    {.bitmap_index = 20261, .adv_w = 157, .box_w = 10, .box_h = 17, .ofs_x = 0, .ofs_y = 0},
    {.bitmap_index = 20346, .adv_w = 155, .box_w = 9, .box_h = 13, .ofs_x = 0, .ofs_y = 0},
    {.bitmap_index = 20405, .adv_w = 157, .box_w = 10, .box_h = 17, .ofs_x = 0, .ofs_y = 0},
    {.bitmap_index = 20490, .adv_w = 155, .box_w = 9, .box_h = 13, .ofs_x = 0, .ofs_y = 0},
    {.bitmap_index = 20549, .adv_w = 157, .box_w = 10, .box_h = 17, .ofs_x = 0, .ofs_y = 0},
    {.bitmap_index = 20634, .adv_w = 155, .box_w = 9, .box_h = 13, .ofs_x = 0, .ofs_y = 0},
    {.bitmap_index = 20693, .adv_w = 64, .box_w = 5, .box_h = 14, .ofs_x = 1, .ofs_y = 0},
    {.bitmap_index = 20728, .adv_w = 160, .box_w = 11, .box_h = 14, .ofs_x = -1, .ofs_y = 0},
    {.bitmap_index = 20805, .adv_w = 213, .box_w = 13, .box_h = 14, .ofs_x = 0, .ofs_y = 0},
    {.bitmap_index = 20896, .adv_w = 189, .box_w = 11, .box_h = 14, .ofs_x = 1, .ofs_y = 0},
    {.bitmap_index = 20973, .adv_w = 160, .box_w = 9, .box_h = 14, .ofs_x = 1, .ofs_y = 0},
    {.bitmap_index = 21036, .adv_w = 160, .box_w = 9, .box_h = 14, .ofs_x = 1, .ofs_y = 0},
    {.bitmap_index = 21099, .adv_w = 160, .box_w = 9, .box_h = 14, .ofs_x = 1, .ofs_y = 0},
    {.bitmap_index = 21162, .adv_w = 208, .box_w = 13, .box_h = 14, .ofs_x = 0, .ofs_y = 0},
    {.bitmap_index = 21253, .adv_w = 221, .box_w = 14, .box_h = 14, .ofs_x = 0, .ofs_y = 0},
    {.bitmap_index = 21351, .adv_w = 167, .box_w = 11, .box_h = 12, .ofs_x = 0, .ofs_y = 0},
    {.bitmap_index = 21417, .adv_w = 208, .box_w = 13, .box_h = 14, .ofs_x = 0, .ofs_y = 0},
    {.bitmap_index = 21508, .adv_w = 227, .box_w = 14, .box_h = 14, .ofs_x = 0, .ofs_y = 0},
    {.bitmap_index = 21606, .adv_w = 189, .box_w = 11, .box_h = 14, .ofs_x = 0, .ofs_y = 0},
    {.bitmap_index = 21683, .adv_w = 160, .box_w = 9, .box_h = 14, .ofs_x = 0, .ofs_y = 0},
    {.bitmap_index = 21746, .adv_w = 160, .box_w = 10, .box_h = 14, .ofs_x = 0, .ofs_y = -4},
    {.bitmap_index = 21816, .adv_w = 192, .box_w = 11, .box_h = 14, .ofs_x = 0, .ofs_y = 0},
    {.bitmap_index = 21893, .adv_w = 205, .box_w = 13, .box_h = 13, .ofs_x = 0, .ofs_y = 0},
    {.bitmap_index = 21978, .adv_w = 174, .box_w = 11, .box_h = 14, .ofs_x = 0, .ofs_y = 0},
    {.bitmap_index = 22055, .adv_w = 176, .box_w = 12, .box_h = 17, .ofs_x = -1, .ofs_y = -3},
    {.bitmap_index = 22157, .adv_w = 147, .box_w = 8, .box_h = 13, .ofs_x = 1, .ofs_y = 0},
    {.bitmap_index = 22209, .adv_w = 228, .box_w = 15, .box_h = 14, .ofs_x = 0, .ofs_y = 0},
    {.bitmap_index = 22314, .adv_w = 187, .box_w = 12, .box_h = 18, .ofs_x = 0, .ofs_y = -4},
    {.bitmap_index = 22422, .adv_w = 232, .box_w = 13, .box_h = 14, .ofs_x = 1, .ofs_y = 0},
    {.bitmap_index = 22513, .adv_w = 71, .box_w = 4, .box_h = 14, .ofs_x = 1, .ofs_y = 0},
    {.bitmap_index = 22541, .adv_w = 93, .box_w = 6, .box_h = 14, .ofs_x = 0, .ofs_y = 0},
    {.bitmap_index = 22583, .adv_w = 192, .box_w = 12, .box_h = 14, .ofs_x = 1, .ofs_y = 0},
    {.bitmap_index = 22667, .adv_w = 144, .box_w = 8, .box_h = 14, .ofs_x = 1, .ofs_y = 0},
    {.bitmap_index = 22723, .adv_w = 93, .box_w = 6, .box_h = 14, .ofs_x = 0, .ofs_y = 0},
    {.bitmap_index = 22765, .adv_w = 144, .box_w = 9, .box_h = 14, .ofs_x = 0, .ofs_y = 0},
    {.bitmap_index = 22828, .adv_w = 240, .box_w = 13, .box_h = 14, .ofs_x = 1, .ofs_y = 0},
    {.bitmap_index = 22919, .adv_w = 208, .box_w = 13, .box_h = 17, .ofs_x = -1, .ofs_y = -3},
    {.bitmap_index = 23030, .adv_w = 160, .box_w = 8, .box_h = 14, .ofs_x = 1, .ofs_y = -4},
    {.bitmap_index = 23086, .adv_w = 224, .box_w = 14, .box_h = 14, .ofs_x = 0, .ofs_y = 0},
    {.bitmap_index = 23184, .adv_w = 213, .box_w = 13, .box_h = 16, .ofs_x = 0, .ofs_y = 0},
    {.bitmap_index = 23288, .adv_w = 165, .box_w = 10, .box_h = 13, .ofs_x = 0, .ofs_y = 0},
    {.bitmap_index = 23353, .adv_w = 293, .box_w = 18, .box_h = 14, .ofs_x = 0, .ofs_y = 0},
    {.bitmap_index = 23479, .adv_w = 225, .box_w = 13, .box_h = 14, .ofs_x = 0, .ofs_y = -4},
    {.bitmap_index = 23570, .adv_w = 212, .box_w = 13, .box_h = 14, .ofs_x = 0, .ofs_y = 0},
    {.bitmap_index = 23661, .adv_w = 160, .box_w = 9, .box_h = 17, .ofs_x = 1, .ofs_y = -4},
    {.bitmap_index = 23738, .adv_w = 208, .box_w = 13, .box_h = 17, .ofs_x = 1, .ofs_y = -3},
    {.bitmap_index = 23849, .adv_w = 192, .box_w = 12, .box_h = 14, .ofs_x = 0, .ofs_y = 0},
    {.bitmap_index = 23933, .adv_w = 144, .box_w = 9, .box_h = 10, .ofs_x = 0, .ofs_y = 0},
    {.bitmap_index = 23978, .adv_w = 173, .box_w = 10, .box_h = 14, .ofs_x = 0, .ofs_y = 0},
    {.bitmap_index = 24048, .adv_w = 105, .box_w = 8, .box_h = 17, .ofs_x = 0, .ofs_y = -3},
    {.bitmap_index = 24116, .adv_w = 80, .box_w = 5, .box_h = 17, .ofs_x = 0, .ofs_y = -3},
    {.bitmap_index = 24159, .adv_w = 164, .box_w = 10, .box_h = 14, .ofs_x = 0, .ofs_y = 0},
    {.bitmap_index = 24229, .adv_w = 80, .box_w = 5, .box_h = 14, .ofs_x = 0, .ofs_y = 0},
    {.bitmap_index = 24264, .adv_w = 176, .box_w = 11, .box_h = 18, .ofs_x = 0, .ofs_y = -4},
    {.bitmap_index = 24363, .adv_w = 198, .box_w = 12, .box_h = 16, .ofs_x = 1, .ofs_y = 0},
    {.bitmap_index = 24459, .adv_w = 167, .box_w = 10, .box_h = 13, .ofs_x = 1, .ofs_y = 0},
    {.bitmap_index = 24524, .adv_w = 215, .box_w = 12, .box_h = 14, .ofs_x = 1, .ofs_y = 0},
    {.bitmap_index = 24608, .adv_w = 192, .box_w = 12, .box_h = 14, .ofs_x = 0, .ofs_y = 0},
    {.bitmap_index = 24692, .adv_w = 217, .box_w = 14, .box_h = 14, .ofs_x = 0, .ofs_y = 0},
    {.bitmap_index = 24790, .adv_w = 177, .box_w = 12, .box_h = 14, .ofs_x = 0, .ofs_y = -4},
    {.bitmap_index = 24874, .adv_w = 176, .box_w = 11, .box_h = 14, .ofs_x = 0, .ofs_y = 0},
    {.bitmap_index = 24951, .adv_w = 144, .box_w = 9, .box_h = 10, .ofs_x = 0, .ofs_y = 0},
    {.bitmap_index = 24996, .adv_w = 181, .box_w = 11, .box_h = 14, .ofs_x = 0, .ofs_y = 0},
    {.bitmap_index = 25073, .adv_w = 181, .box_w = 11, .box_h = 14, .ofs_x = 0, .ofs_y = 0},
    {.bitmap_index = 25150, .adv_w = 151, .box_w = 9, .box_h = 14, .ofs_x = 0, .ofs_y = -4},
    {.bitmap_index = 25213, .adv_w = 138, .box_w = 8, .box_h = 14, .ofs_x = 0, .ofs_y = -4},
    {.bitmap_index = 25269, .adv_w = 160, .box_w = 10, .box_h = 14, .ofs_x = 0, .ofs_y = 0},
    {.bitmap_index = 25339, .adv_w = 160, .box_w = 10, .box_h = 14, .ofs_x = 0, .ofs_y = 0},
    {.bitmap_index = 25409, .adv_w = 151, .box_w = 9, .box_h = 10, .ofs_x = 0, .ofs_y = 0},
    {.bitmap_index = 25454, .adv_w = 160, .box_w = 10, .box_h = 14, .ofs_x = 0, .ofs_y = 0},
    {.bitmap_index = 25524, .adv_w = 160, .box_w = 8, .box_h = 14, .ofs_x = 1, .ofs_y = -4},
    {.bitmap_index = 25580, .adv_w = 80, .box_w = 3, .box_h = 14, .ofs_x = 1, .ofs_y = 0},
    {.bitmap_index = 25601, .adv_w = 134, .box_w = 6, .box_h = 14, .ofs_x = 1, .ofs_y = 0},
    {.bitmap_index = 25643, .adv_w = 137, .box_w = 9, .box_h = 14, .ofs_x = 0, .ofs_y = 0},
    {.bitmap_index = 25706, .adv_w = 80, .box_w = 3, .box_h = 14, .ofs_x = 1, .ofs_y = 0},
    {.bitmap_index = 25727, .adv_w = 384, .box_w = 23, .box_h = 17, .ofs_x = 1, .ofs_y = 0},
    {.bitmap_index = 25923, .adv_w = 352, .box_w = 21, .box_h = 14, .ofs_x = 1, .ofs_y = 0},
    {.bitmap_index = 26070, .adv_w = 304, .box_w = 19, .box_h = 14, .ofs_x = 0, .ofs_y = 0},
    {.bitmap_index = 26203, .adv_w = 297, .box_w = 17, .box_h = 14, .ofs_x = 1, .ofs_y = 0},
    {.bitmap_index = 26322, .adv_w = 224, .box_w = 12, .box_h = 18, .ofs_x = 1, .ofs_y = -4},
    {.bitmap_index = 26430, .adv_w = 128, .box_w = 6, .box_h = 18, .ofs_x = 1, .ofs_y = -4},
    {.bitmap_index = 26484, .adv_w = 352, .box_w = 20, .box_h = 14, .ofs_x = 1, .ofs_y = 0},
    {.bitmap_index = 26624, .adv_w = 272, .box_w = 15, .box_h = 18, .ofs_x = 1, .ofs_y = -4},
    {.bitmap_index = 26759, .adv_w = 224, .box_w = 12, .box_h = 18, .ofs_x = 1, .ofs_y = -4},
    {.bitmap_index = 26867, .adv_w = 192, .box_w = 12, .box_h = 17, .ofs_x = 0, .ofs_y = 0},
    {.bitmap_index = 26969, .adv_w = 159, .box_w = 10, .box_h = 13, .ofs_x = 0, .ofs_y = 0},
    {.bitmap_index = 27034, .adv_w = 80, .box_w = 7, .box_h = 17, .ofs_x = -1, .ofs_y = 0},
    {.bitmap_index = 27094, .adv_w = 80, .box_w = 7, .box_h = 14, .ofs_x = -1, .ofs_y = 0},
    {.bitmap_index = 27143, .adv_w = 224, .box_w = 14, .box_h = 17, .ofs_x = 0, .ofs_y = 0},
    {.bitmap_index = 27262, .adv_w = 160, .box_w = 10, .box_h = 14, .ofs_x = 0, .ofs_y = 0},
    {.bitmap_index = 27332, .adv_w = 208, .box_w = 11, .box_h = 17, .ofs_x = 1, .ofs_y = 0},
    {.bitmap_index = 27426, .adv_w = 160, .box_w = 8, .box_h = 14, .ofs_x = 1, .ofs_y = 0},
    {.bitmap_index = 27482, .adv_w = 208, .box_w = 11, .box_h = 20, .ofs_x = 1, .ofs_y = 0},
    {.bitmap_index = 27592, .adv_w = 160, .box_w = 8, .box_h = 17, .ofs_x = 1, .ofs_y = 0},
    {.bitmap_index = 27660, .adv_w = 208, .box_w = 11, .box_h = 21, .ofs_x = 1, .ofs_y = 0},
    {.bitmap_index = 27776, .adv_w = 160, .box_w = 8, .box_h = 17, .ofs_x = 1, .ofs_y = 0},
    {.bitmap_index = 27844, .adv_w = 208, .box_w = 11, .box_h = 21, .ofs_x = 1, .ofs_y = 0},
    {.bitmap_index = 27960, .adv_w = 160, .box_w = 8, .box_h = 17, .ofs_x = 1, .ofs_y = 0},
    {.bitmap_index = 28028, .adv_w = 208, .box_w = 11, .box_h = 21, .ofs_x = 1, .ofs_y = 0},
    {.bitmap_index = 28144, .adv_w = 160, .box_w = 8, .box_h = 17, .ofs_x = 1, .ofs_y = 0},
    {.bitmap_index = 28212, .adv_w = 160, .box_w = 10, .box_h = 10, .ofs_x = 0, .ofs_y = 0},
    {.bitmap_index = 28262, .adv_w = 192, .box_w = 14, .box_h = 20, .ofs_x = -1, .ofs_y = 0},
    {.bitmap_index = 28402, .adv_w = 160, .box_w = 10, .box_h = 17, .ofs_x = 0, .ofs_y = 0},
    {.bitmap_index = 28487, .adv_w = 192, .box_w = 14, .box_h = 20, .ofs_x = -1, .ofs_y = 0},
    {.bitmap_index = 28627, .adv_w = 160, .box_w = 10, .box_h = 17, .ofs_x = 0, .ofs_y = 0},
    {.bitmap_index = 28712, .adv_w = 288, .box_w = 17, .box_h = 17, .ofs_x = 0, .ofs_y = 0},
    {.bitmap_index = 28857, .adv_w = 256, .box_w = 16, .box_h = 14, .ofs_x = 0, .ofs_y = 0},
    {.bitmap_index = 28969, .adv_w = 214, .box_w = 13, .box_h = 13, .ofs_x = 0, .ofs_y = 0},
    {.bitmap_index = 29054, .adv_w = 180, .box_w = 11, .box_h = 13, .ofs_x = 0, .ofs_y = -3},
    {.bitmap_index = 29126, .adv_w = 202, .box_w = 12, .box_h = 17, .ofs_x = 0, .ofs_y = 0},
    {.bitmap_index = 29228, .adv_w = 171, .box_w = 10, .box_h = 16, .ofs_x = 0, .ofs_y = -3},
    {.bitmap_index = 29308, .adv_w = 184, .box_w = 11, .box_h = 17, .ofs_x = 1, .ofs_y = 0},
    {.bitmap_index = 29402, .adv_w = 170, .box_w = 11, .box_h = 16, .ofs_x = -1, .ofs_y = 0},
    {.bitmap_index = 29490, .adv_w = 224, .box_w = 14, .box_h = 18, .ofs_x = 0, .ofs_y = -4},
    {.bitmap_index = 29616, .adv_w = 160, .box_w = 10, .box_h = 14, .ofs_x = 0, .ofs_y = -4},
    {.bitmap_index = 29686, .adv_w = 224, .box_w = 14, .box_h = 21, .ofs_x = 0, .ofs_y = -4},
    {.bitmap_index = 29833, .adv_w = 160, .box_w = 10, .box_h = 18, .ofs_x = 0, .ofs_y = -4},
    {.bitmap_index = 29923, .adv_w = 154, .box_w = 9, .box_h = 17, .ofs_x = 0, .ofs_y = 0},
    {.bitmap_index = 30000, .adv_w = 154, .box_w = 9, .box_h = 18, .ofs_x = 0, .ofs_y = -4},
    {.bitmap_index = 30081, .adv_w = 64, .box_w = 6, .box_h = 18, .ofs_x = -1, .ofs_y = -4},
    {.bitmap_index = 30135, .adv_w = 384, .box_w = 23, .box_h = 14, .ofs_x = 1, .ofs_y = 0},
    {.bitmap_index = 30296, .adv_w = 352, .box_w = 21, .box_h = 14, .ofs_x = 1, .ofs_y = 0},
    {.bitmap_index = 30443, .adv_w = 304, .box_w = 19, .box_h = 14, .ofs_x = 0, .ofs_y = 0},
    {.bitmap_index = 30576, .adv_w = 224, .box_w = 13, .box_h = 17, .ofs_x = 0, .ofs_y = 0},
    {.bitmap_index = 30687, .adv_w = 160, .box_w = 9, .box_h = 18, .ofs_x = 0, .ofs_y = -4},
    {.bitmap_index = 30768, .adv_w = 192, .box_w = 14, .box_h = 20, .ofs_x = -1, .ofs_y = 0},
    {.bitmap_index = 30908, .adv_w = 160, .box_w = 10, .box_h = 18, .ofs_x = 0, .ofs_y = 0},
    {.bitmap_index = 30998, .adv_w = 288, .box_w = 17, .box_h = 17, .ofs_x = 0, .ofs_y = 0},
    {.bitmap_index = 31143, .adv_w = 256, .box_w = 16, .box_h = 14, .ofs_x = 0, .ofs_y = 0},
    {.bitmap_index = 31255, .adv_w = 224, .box_w = 14, .box_h = 18, .ofs_x = 0, .ofs_y = -1},
    {.bitmap_index = 31381, .adv_w = 176, .box_w = 9, .box_h = 15, .ofs_x = 1, .ofs_y = -1},
    {.bitmap_index = 31449, .adv_w = 192, .box_w = 14, .box_h = 17, .ofs_x = -1, .ofs_y = 0},
    {.bitmap_index = 31568, .adv_w = 160, .box_w = 10, .box_h = 14, .ofs_x = 0, .ofs_y = 0},
    {.bitmap_index = 31638, .adv_w = 192, .box_w = 14, .box_h = 17, .ofs_x = -1, .ofs_y = 0},
    {.bitmap_index = 31757, .adv_w = 160, .box_w = 10, .box_h = 14, .ofs_x = 0, .ofs_y = 0},
    {.bitmap_index = 31827, .adv_w = 192, .box_w = 11, .box_h = 17, .ofs_x = 1, .ofs_y = 0},
    {.bitmap_index = 31921, .adv_w = 160, .box_w = 10, .box_h = 14, .ofs_x = 0, .ofs_y = 0},
    {.bitmap_index = 31991, .adv_w = 192, .box_w = 11, .box_h = 17, .ofs_x = 1, .ofs_y = 0},
    {.bitmap_index = 32085, .adv_w = 160, .box_w = 10, .box_h = 14, .ofs_x = 0, .ofs_y = 0},
    {.bitmap_index = 32155, .adv_w = 80, .box_w = 7, .box_h = 17, .ofs_x = -1, .ofs_y = 0},
    {.bitmap_index = 32215, .adv_w = 80, .box_w = 7, .box_h = 14, .ofs_x = -1, .ofs_y = 0},
    {.bitmap_index = 32264, .adv_w = 80, .box_w = 7, .box_h = 17, .ofs_x = -1, .ofs_y = 0},
    {.bitmap_index = 32324, .adv_w = 80, .box_w = 7, .box_h = 14, .ofs_x = -1, .ofs_y = 0},
    {.bitmap_index = 32373, .adv_w = 224, .box_w = 14, .box_h = 17, .ofs_x = 0, .ofs_y = 0},
    {.bitmap_index = 32492, .adv_w = 160, .box_w = 10, .box_h = 14, .ofs_x = 0, .ofs_y = 0},
    {.bitmap_index = 32562, .adv_w = 224, .box_w = 14, .box_h = 17, .ofs_x = 0, .ofs_y = 0},
    {.bitmap_index = 32681, .adv_w = 160, .box_w = 10, .box_h = 14, .ofs_x = 0, .ofs_y = 0},
    {.bitmap_index = 32751, .adv_w = 208, .box_w = 12, .box_h = 17, .ofs_x = 1, .ofs_y = 0},
    {.bitmap_index = 32853, .adv_w = 96, .box_w = 7, .box_h = 14, .ofs_x = 0, .ofs_y = 0},
    {.bitmap_index = 32902, .adv_w = 208, .box_w = 12, .box_h = 17, .ofs_x = 1, .ofs_y = 0},
    {.bitmap_index = 33004, .adv_w = 96, .box_w = 7, .box_h = 14, .ofs_x = 0, .ofs_y = 0},
    {.bitmap_index = 33053, .adv_w = 208, .box_w = 11, .box_h = 17, .ofs_x = 1, .ofs_y = 0},
    {.bitmap_index = 33147, .adv_w = 160, .box_w = 8, .box_h = 14, .ofs_x = 1, .ofs_y = 0},
    {.bitmap_index = 33203, .adv_w = 208, .box_w = 11, .box_h = 17, .ofs_x = 1, .ofs_y = 0},
    {.bitmap_index = 33297, .adv_w = 160, .box_w = 8, .box_h = 14, .ofs_x = 1, .ofs_y = 0},
    {.bitmap_index = 33353, .adv_w = 184, .box_w = 11, .box_h = 18, .ofs_x = 0, .ofs_y = -5},
    {.bitmap_index = 33452, .adv_w = 150, .box_w = 9, .box_h = 15, .ofs_x = 0, .ofs_y = -5},
    {.bitmap_index = 33520, .adv_w = 159, .box_w = 10, .box_h = 18, .ofs_x = 0, .ofs_y = -5},
    {.bitmap_index = 33610, .adv_w = 113, .box_w = 7, .box_h = 17, .ofs_x = 0, .ofs_y = -5},
    {.bitmap_index = 33670, .adv_w = 75, .box_w = 5, .box_h = 13, .ofs_x = -1, .ofs_y = -3},
    {.bitmap_index = 33703, .adv_w = 192, .box_w = 14, .box_h = 18, .ofs_x = -1, .ofs_y = -4},
    {.bitmap_index = 33829, .adv_w = 160, .box_w = 10, .box_h = 14, .ofs_x = 0, .ofs_y = -4},
    {.bitmap_index = 33899, .adv_w = 192, .box_w = 11, .box_h = 17, .ofs_x = 1, .ofs_y = 0},
    {.bitmap_index = 33993, .adv_w = 160, .box_w = 9, .box_h = 17, .ofs_x = 1, .ofs_y = 0},
    {.bitmap_index = 34070, .adv_w = 192, .box_w = 11, .box_h = 18, .ofs_x = 1, .ofs_y = -4},
    {.bitmap_index = 34169, .adv_w = 160, .box_w = 9, .box_h = 18, .ofs_x = 1, .ofs_y = -4},
    {.bitmap_index = 34250, .adv_w = 192, .box_w = 11, .box_h = 18, .ofs_x = 1, .ofs_y = -4},
    {.bitmap_index = 34349, .adv_w = 160, .box_w = 9, .box_h = 18, .ofs_x = 1, .ofs_y = -4},
    {.bitmap_index = 34430, .adv_w = 208, .box_w = 13, .box_h = 21, .ofs_x = 0, .ofs_y = -4},
    {.bitmap_index = 34567, .adv_w = 144, .box_w = 9, .box_h = 18, .ofs_x = 0, .ofs_y = -4},
    {.bitmap_index = 34648, .adv_w = 208, .box_w = 12, .box_h = 17, .ofs_x = 1, .ofs_y = 0},
    {.bitmap_index = 34750, .adv_w = 160, .box_w = 9, .box_h = 17, .ofs_x = 0, .ofs_y = 0},
    {.bitmap_index = 34827, .adv_w = 208, .box_w = 12, .box_h = 18, .ofs_x = 1, .ofs_y = -4},
    {.bitmap_index = 34935, .adv_w = 160, .box_w = 9, .box_h = 18, .ofs_x = 0, .ofs_y = -4},
    {.bitmap_index = 35016, .adv_w = 208, .box_w = 12, .box_h = 18, .ofs_x = 1, .ofs_y = -4},
    {.bitmap_index = 35124, .adv_w = 160, .box_w = 9, .box_h = 18, .ofs_x = 0, .ofs_y = -4},
    {.bitmap_index = 35205, .adv_w = 208, .box_w = 12, .box_h = 18, .ofs_x = 1, .ofs_y = -4},
    {.bitmap_index = 35313, .adv_w = 160, .box_w = 9, .box_h = 18, .ofs_x = 0, .ofs_y = -4},
    {.bitmap_index = 35394, .adv_w = 208, .box_w = 12, .box_h = 18, .ofs_x = 1, .ofs_y = -4},
    {.bitmap_index = 35502, .adv_w = 160, .box_w = 9, .box_h = 18, .ofs_x = 0, .ofs_y = -4},
    {.bitmap_index = 35583, .adv_w = 192, .box_w = 11, .box_h = 20, .ofs_x = 1, .ofs_y = 0},
    {.bitmap_index = 35693, .adv_w = 160, .box_w = 10, .box_h = 17, .ofs_x = 0, .ofs_y = 0},
    {.bitmap_index = 35778, .adv_w = 192, .box_w = 11, .box_h = 20, .ofs_x = 1, .ofs_y = 0},
    {.bitmap_index = 35888, .adv_w = 160, .box_w = 10, .box_h = 17, .ofs_x = 0, .ofs_y = 0},
    {.bitmap_index = 35973, .adv_w = 192, .box_w = 11, .box_h = 18, .ofs_x = 1, .ofs_y = -4},
    {.bitmap_index = 36072, .adv_w = 160, .box_w = 10, .box_h = 14, .ofs_x = 0, .ofs_y = -4},
    {.bitmap_index = 36142, .adv_w = 192, .box_w = 11, .box_h = 18, .ofs_x = 1, .ofs_y = -4},
    {.bitmap_index = 36241, .adv_w = 160, .box_w = 10, .box_h = 14, .ofs_x = 0, .ofs_y = -4},
    {.bitmap_index = 36311, .adv_w = 192, .box_w = 11, .box_h = 21, .ofs_x = 1, .ofs_y = -4},
    {.bitmap_index = 36427, .adv_w = 160, .box_w = 10, .box_h = 18, .ofs_x = 0, .ofs_y = -4},
    {.bitmap_index = 36517, .adv_w = 176, .box_w = 10, .box_h = 17, .ofs_x = 1, .ofs_y = 0},
    {.bitmap_index = 36602, .adv_w = 80, .box_w = 6, .box_h = 17, .ofs_x = 0, .ofs_y = 0},
    {.bitmap_index = 36653, .adv_w = 202, .box_w = 12, .box_h = 17, .ofs_x = 0, .ofs_y = 0},
    {.bitmap_index = 36755, .adv_w = 171, .box_w = 10, .box_h = 16, .ofs_x = 0, .ofs_y = -3},
    {.bitmap_index = 36835, .adv_w = 208, .box_w = 11, .box_h = 17, .ofs_x = 1, .ofs_y = 0},
    {.bitmap_index = 36929, .adv_w = 160, .box_w = 8, .box_h = 17, .ofs_x = 1, .ofs_y = 0},
    {.bitmap_index = 36997, .adv_w = 208, .box_w = 11, .box_h = 18, .ofs_x = 1, .ofs_y = -4},
    {.bitmap_index = 37096, .adv_w = 160, .box_w = 8, .box_h = 18, .ofs_x = 1, .ofs_y = -4},
    {.bitmap_index = 37168, .adv_w = 208, .box_w = 11, .box_h = 17, .ofs_x = 1, .ofs_y = 0},
    {.bitmap_index = 37262, .adv_w = 160, .box_w = 8, .box_h = 17, .ofs_x = 1, .ofs_y = 0},
    {.bitmap_index = 37330, .adv_w = 208, .box_w = 12, .box_h = 18, .ofs_x = 0, .ofs_y = -4},
    {.bitmap_index = 37438, .adv_w = 160, .box_w = 9, .box_h = 18, .ofs_x = 0, .ofs_y = -4},
    {.bitmap_index = 37519, .adv_w = 208, .box_w = 11, .box_h = 18, .ofs_x = 1, .ofs_y = -4},
    {.bitmap_index = 37618, .adv_w = 160, .box_w = 8, .box_h = 18, .ofs_x = 1, .ofs_y = -4},
    {.bitmap_index = 37690, .adv_w = 80, .box_w = 7, .box_h = 18, .ofs_x = -1, .ofs_y = -4},
    {.bitmap_index = 37753, .adv_w = 64, .box_w = 7, .box_h = 18, .ofs_x = -2, .ofs_y = -4},
    {.bitmap_index = 37816, .adv_w = 80, .box_w = 5, .box_h = 20, .ofs_x = 0, .ofs_y = 0},
    {.bitmap_index = 37866, .adv_w = 80, .box_w = 5, .box_h = 17, .ofs_x = 0, .ofs_y = 0},
    {.bitmap_index = 37909, .adv_w = 192, .box_w = 11, .box_h = 17, .ofs_x = 1, .ofs_y = 0},
    {.bitmap_index = 38003, .adv_w = 144, .box_w = 8, .box_h = 17, .ofs_x = 1, .ofs_y = 0},
    {.bitmap_index = 38071, .adv_w = 192, .box_w = 11, .box_h = 18, .ofs_x = 1, .ofs_y = -4},
    {.bitmap_index = 38170, .adv_w = 144, .box_w = 8, .box_h = 18, .ofs_x = 1, .ofs_y = -4},
    {.bitmap_index = 38242, .adv_w = 192, .box_w = 11, .box_h = 18, .ofs_x = 1, .ofs_y = -4},
    {.bitmap_index = 38341, .adv_w = 144, .box_w = 8, .box_h = 18, .ofs_x = 1, .ofs_y = -4},
    {.bitmap_index = 38413, .adv_w = 160, .box_w = 9, .box_h = 18, .ofs_x = 1, .ofs_y = -4},
    {.bitmap_index = 38494, .adv_w = 64, .box_w = 2, .box_h = 18, .ofs_x = 1, .ofs_y = -4},
    {.bitmap_index = 38512, .adv_w = 160, .box_w = 9, .box_h = 21, .ofs_x = 1, .ofs_y = -4},
    {.bitmap_index = 38607, .adv_w = 64, .box_w = 6, .box_h = 21, .ofs_x = -1, .ofs_y = -4},
    {.bitmap_index = 38670, .adv_w = 160, .box_w = 9, .box_h = 18, .ofs_x = 1, .ofs_y = -4},
    {.bitmap_index = 38751, .adv_w = 64, .box_w = 6, .box_h = 18, .ofs_x = -1, .ofs_y = -4},
    {.bitmap_index = 38805, .adv_w = 160, .box_w = 9, .box_h = 18, .ofs_x = 1, .ofs_y = -4},
    {.bitmap_index = 38886, .adv_w = 64, .box_w = 6, .box_h = 18, .ofs_x = -1, .ofs_y = -4},
    {.bitmap_index = 38940, .adv_w = 240, .box_w = 13, .box_h = 17, .ofs_x = 1, .ofs_y = 0},
    {.bitmap_index = 39051, .adv_w = 240, .box_w = 13, .box_h = 14, .ofs_x = 1, .ofs_y = 0},
    {.bitmap_index = 39142, .adv_w = 240, .box_w = 13, .box_h = 17, .ofs_x = 1, .ofs_y = 0},
    {.bitmap_index = 39253, .adv_w = 240, .box_w = 13, .box_h = 14, .ofs_x = 1, .ofs_y = 0},
    {.bitmap_index = 39344, .adv_w = 240, .box_w = 13, .box_h = 18, .ofs_x = 1, .ofs_y = -4},
    {.bitmap_index = 39461, .adv_w = 240, .box_w = 13, .box_h = 14, .ofs_x = 1, .ofs_y = -4},
    {.bitmap_index = 39552, .adv_w = 208, .box_w = 11, .box_h = 17, .ofs_x = 1, .ofs_y = 0},
    {.bitmap_index = 39646, .adv_w = 160, .box_w = 8, .box_h = 14, .ofs_x = 1, .ofs_y = 0},
    {.bitmap_index = 39702, .adv_w = 208, .box_w = 11, .box_h = 18, .ofs_x = 1, .ofs_y = -4},
    {.bitmap_index = 39801, .adv_w = 160, .box_w = 8, .box_h = 14, .ofs_x = 1, .ofs_y = -4},
    {.bitmap_index = 39857, .adv_w = 208, .box_w = 11, .box_h = 18, .ofs_x = 1, .ofs_y = -4},
    {.bitmap_index = 39956, .adv_w = 160, .box_w = 8, .box_h = 14, .ofs_x = 1, .ofs_y = -4},
    {.bitmap_index = 40012, .adv_w = 208, .box_w = 11, .box_h = 18, .ofs_x = 1, .ofs_y = -4},
    {.bitmap_index = 40111, .adv_w = 160, .box_w = 8, .box_h = 14, .ofs_x = 1, .ofs_y = -4},
    {.bitmap_index = 40167, .adv_w = 224, .box_w = 14, .box_h = 21, .ofs_x = 0, .ofs_y = 0},
    {.bitmap_index = 40314, .adv_w = 160, .box_w = 10, .box_h = 17, .ofs_x = 0, .ofs_y = 0},
    {.bitmap_index = 40399, .adv_w = 224, .box_w = 14, .box_h = 20, .ofs_x = 0, .ofs_y = 0},
    {.bitmap_index = 40539, .adv_w = 160, .box_w = 10, .box_h = 17, .ofs_x = 0, .ofs_y = 0},
    {.bitmap_index = 40624, .adv_w = 224, .box_w = 14, .box_h = 20, .ofs_x = 0, .ofs_y = 0},
    {.bitmap_index = 40764, .adv_w = 160, .box_w = 10, .box_h = 17, .ofs_x = 0, .ofs_y = 0},
    {.bitmap_index = 40849, .adv_w = 224, .box_w = 14, .box_h = 20, .ofs_x = 0, .ofs_y = 0},
    {.bitmap_index = 40989, .adv_w = 160, .box_w = 10, .box_h = 17, .ofs_x = 0, .ofs_y = 0},
    {.bitmap_index = 41074, .adv_w = 192, .box_w = 11, .box_h = 17, .ofs_x = 1, .ofs_y = 0},
    {.bitmap_index = 41168, .adv_w = 160, .box_w = 9, .box_h = 18, .ofs_x = 1, .ofs_y = -4},
    {.bitmap_index = 41249, .adv_w = 192, .box_w = 11, .box_h = 17, .ofs_x = 1, .ofs_y = 0},
    {.bitmap_index = 41343, .adv_w = 160, .box_w = 9, .box_h = 18, .ofs_x = 1, .ofs_y = -4},
    {.bitmap_index = 41424, .adv_w = 208, .box_w = 12, .box_h = 17, .ofs_x = 1, .ofs_y = 0},
    {.bitmap_index = 41526, .adv_w = 96, .box_w = 6, .box_h = 14, .ofs_x = 1, .ofs_y = 0},
    {.bitmap_index = 41568, .adv_w = 208, .box_w = 12, .box_h = 18, .ofs_x = 1, .ofs_y = -4},
    {.bitmap_index = 41676, .adv_w = 96, .box_w = 6, .box_h = 14, .ofs_x = 1, .ofs_y = -4},
    {.bitmap_index = 41718, .adv_w = 208, .box_w = 12, .box_h = 21, .ofs_x = 1, .ofs_y = -4},
    {.bitmap_index = 41844, .adv_w = 96, .box_w = 7, .box_h = 18, .ofs_x = 0, .ofs_y = -4},
    {.bitmap_index = 41907, .adv_w = 208, .box_w = 12, .box_h = 18, .ofs_x = 1, .ofs_y = -4},
    {.bitmap_index = 42015, .adv_w = 96, .box_w = 7, .box_h = 14, .ofs_x = 0, .ofs_y = -4},
    {.bitmap_index = 42064, .adv_w = 192, .box_w = 12, .box_h = 17, .ofs_x = 0, .ofs_y = 0},
    {.bitmap_index = 42166, .adv_w = 144, .box_w = 9, .box_h = 14, .ofs_x = 0, .ofs_y = 0},
    {.bitmap_index = 42229, .adv_w = 192, .box_w = 12, .box_h = 18, .ofs_x = 0, .ofs_y = -4},
    {.bitmap_index = 42337, .adv_w = 144, .box_w = 9, .box_h = 14, .ofs_x = 0, .ofs_y = -4},
    {.bitmap_index = 42400, .adv_w = 192, .box_w = 12, .box_h = 18, .ofs_x = 0, .ofs_y = 0},
    {.bitmap_index = 42508, .adv_w = 144, .box_w = 9, .box_h = 15, .ofs_x = 0, .ofs_y = 0},
    {.bitmap_index = 42576, .adv_w = 192, .box_w = 12, .box_h = 20, .ofs_x = 0, .ofs_y = 0},
    {.bitmap_index = 42696, .adv_w = 144, .box_w = 9, .box_h = 17, .ofs_x = 0, .ofs_y = 0},
    {.bitmap_index = 42773, .adv_w = 192, .box_w = 12, .box_h = 21, .ofs_x = 0, .ofs_y = -4},
    {.bitmap_index = 42899, .adv_w = 144, .box_w = 9, .box_h = 18, .ofs_x = 0, .ofs_y = -4},
    {.bitmap_index = 42980, .adv_w = 176, .box_w = 11, .box_h = 17, .ofs_x = 0, .ofs_y = 0},
    {.bitmap_index = 43074, .adv_w = 80, .box_w = 5, .box_h = 17, .ofs_x = 0, .ofs_y = 0},
    {.bitmap_index = 43117, .adv_w = 176, .box_w = 11, .box_h = 18, .ofs_x = 0, .ofs_y = -4},
    {.bitmap_index = 43216, .adv_w = 80, .box_w = 5, .box_h = 18, .ofs_x = 0, .ofs_y = -4},
    {.bitmap_index = 43261, .adv_w = 176, .box_w = 11, .box_h = 18, .ofs_x = 0, .ofs_y = -4},
    {.bitmap_index = 43360, .adv_w = 80, .box_w = 7, .box_h = 18, .ofs_x = -1, .ofs_y = -4},
    {.bitmap_index = 43423, .adv_w = 176, .box_w = 11, .box_h = 18, .ofs_x = 0, .ofs_y = -4},
    {.bitmap_index = 43522, .adv_w = 80, .box_w = 6, .box_h = 18, .ofs_x = 0, .ofs_y = -4},
    {.bitmap_index = 43576, .adv_w = 208, .box_w = 11, .box_h = 18, .ofs_x = 1, .ofs_y = -4},
    {.bitmap_index = 43675, .adv_w = 160, .box_w = 8, .box_h = 14, .ofs_x = 1, .ofs_y = -4},
    {.bitmap_index = 43731, .adv_w = 208, .box_w = 11, .box_h = 18, .ofs_x = 1, .ofs_y = -4},
    {.bitmap_index = 43830, .adv_w = 160, .box_w = 8, .box_h = 14, .ofs_x = 1, .ofs_y = -4},
    {.bitmap_index = 43886, .adv_w = 208, .box_w = 11, .box_h = 18, .ofs_x = 1, .ofs_y = -4},
    {.bitmap_index = 43985, .adv_w = 160, .box_w = 8, .box_h = 14, .ofs_x = 1, .ofs_y = -4},
    {.bitmap_index = 44041, .adv_w = 208, .box_w = 11, .box_h = 21, .ofs_x = 1, .ofs_y = 0},
    {.bitmap_index = 44157, .adv_w = 160, .box_w = 8, .box_h = 17, .ofs_x = 1, .ofs_y = 0},
    {.bitmap_index = 44225, .adv_w = 208, .box_w = 11, .box_h = 19, .ofs_x = 1, .ofs_y = 0},
    {.bitmap_index = 44330, .adv_w = 160, .box_w = 8, .box_h = 16, .ofs_x = 1, .ofs_y = 0},
    {.bitmap_index = 44394, .adv_w = 192, .box_w = 12, .box_h = 18, .ofs_x = 0, .ofs_y = 0},
    {.bitmap_index = 44502, .adv_w = 144, .box_w = 9, .box_h = 14, .ofs_x = 0, .ofs_y = 0},
    {.bitmap_index = 44565, .adv_w = 192, .box_w = 12, .box_h = 18, .ofs_x = 0, .ofs_y = -4},
    {.bitmap_index = 44673, .adv_w = 144, .box_w = 9, .box_h = 14, .ofs_x = 0, .ofs_y = -4},
    {.bitmap_index = 44736, .adv_w = 272, .box_w = 17, .box_h = 17, .ofs_x = 0, .ofs_y = 0},
    {.bitmap_index = 44881, .adv_w = 236, .box_w = 15, .box_h = 13, .ofs_x = 0, .ofs_y = 0},
    {.bitmap_index = 44979, .adv_w = 272, .box_w = 17, .box_h = 17, .ofs_x = 0, .ofs_y = 0},
    {.bitmap_index = 45124, .adv_w = 236, .box_w = 15, .box_h = 13, .ofs_x = 0, .ofs_y = 0},
    {.bitmap_index = 45222, .adv_w = 272, .box_w = 17, .box_h = 17, .ofs_x = 0, .ofs_y = 0},
    {.bitmap_index = 45367, .adv_w = 236, .box_w = 15, .box_h = 13, .ofs_x = 0, .ofs_y = 0},
    {.bitmap_index = 45465, .adv_w = 272, .box_w = 17, .box_h = 17, .ofs_x = 0, .ofs_y = 0},
    {.bitmap_index = 45610, .adv_w = 208, .box_w = 13, .box_h = 14, .ofs_x = 0, .ofs_y = 0},
    {.bitmap_index = 45701, .adv_w = 272, .box_w = 17, .box_h = 18, .ofs_x = 0, .ofs_y = -4},
    {.bitmap_index = 45854, .adv_w = 208, .box_w = 13, .box_h = 14, .ofs_x = 0, .ofs_y = -4},
    {.bitmap_index = 45945, .adv_w = 192, .box_w = 12, .box_h = 17, .ofs_x = 0, .ofs_y = 0},
    {.bitmap_index = 46047, .adv_w = 144, .box_w = 9, .box_h = 14, .ofs_x = 0, .ofs_y = 0},
    {.bitmap_index = 46110, .adv_w = 192, .box_w = 12, .box_h = 17, .ofs_x = 0, .ofs_y = 0},
    {.bitmap_index = 46212, .adv_w = 144, .box_w = 9, .box_h = 14, .ofs_x = 0, .ofs_y = 0},
    {.bitmap_index = 46275, .adv_w = 192, .box_w = 12, .box_h = 17, .ofs_x = 0, .ofs_y = 0},
    {.bitmap_index = 46377, .adv_w = 144, .box_w = 9, .box_h = 18, .ofs_x = 0, .ofs_y = -4},
    {.bitmap_index = 46458, .adv_w = 176, .box_w = 11, .box_h = 17, .ofs_x = 0, .ofs_y = 0},
    {.bitmap_index = 46552, .adv_w = 144, .box_w = 9, .box_h = 14, .ofs_x = 0, .ofs_y = 0},
    {.bitmap_index = 46615, .adv_w = 176, .box_w = 11, .box_h = 18, .ofs_x = 0, .ofs_y = -4},
    {.bitmap_index = 46714, .adv_w = 144, .box_w = 9, .box_h = 14, .ofs_x = 0, .ofs_y = -4},
    {.bitmap_index = 46777, .adv_w = 176, .box_w = 11, .box_h = 18, .ofs_x = 0, .ofs_y = -4},
    {.bitmap_index = 46876, .adv_w = 144, .box_w = 9, .box_h = 14, .ofs_x = 0, .ofs_y = -4},
    {.bitmap_index = 46939, .adv_w = 160, .box_w = 8, .box_h = 18, .ofs_x = 1, .ofs_y = -4},
    {.bitmap_index = 47011, .adv_w = 80, .box_w = 5, .box_h = 17, .ofs_x = 0, .ofs_y = 0},
    {.bitmap_index = 47054, .adv_w = 208, .box_w = 13, .box_h = 14, .ofs_x = 0, .ofs_y = 0},
    {.bitmap_index = 47145, .adv_w = 144, .box_w = 9, .box_h = 18, .ofs_x = 0, .ofs_y = -4},
    {.bitmap_index = 47226, .adv_w = 160, .box_w = 11, .box_h = 14, .ofs_x = 0, .ofs_y = 0},
    {.bitmap_index = 47303, .adv_w = 80, .box_w = 6, .box_h = 17, .ofs_x = 0, .ofs_y = 0},
    {.bitmap_index = 47354, .adv_w = 199, .box_w = 11, .box_h = 13, .ofs_x = 1, .ofs_y = 0},
    {.bitmap_index = 47426, .adv_w = 192, .box_w = 12, .box_h = 16, .ofs_x = 0, .ofs_y = -3},
    {.bitmap_index = 47522, .adv_w = 159, .box_w = 10, .box_h = 13, .ofs_x = 0, .ofs_y = -3},
    {.bitmap_index = 47587, .adv_w = 192, .box_w = 12, .box_h = 17, .ofs_x = 0, .ofs_y = 0},
    {.bitmap_index = 47689, .adv_w = 159, .box_w = 10, .box_h = 14, .ofs_x = 0, .ofs_y = 0},
    {.bitmap_index = 47759, .adv_w = 192, .box_w = 12, .box_h = 19, .ofs_x = 0, .ofs_y = 0},
    {.bitmap_index = 47873, .adv_w = 159, .box_w = 10, .box_h = 16, .ofs_x = 0, .ofs_y = 0},
    {.bitmap_index = 47953, .adv_w = 192, .box_w = 12, .box_h = 19, .ofs_x = 0, .ofs_y = 0},
    {.bitmap_index = 48067, .adv_w = 159, .box_w = 10, .box_h = 16, .ofs_x = 0, .ofs_y = 0},
    {.bitmap_index = 48147, .adv_w = 192, .box_w = 12, .box_h = 19, .ofs_x = 0, .ofs_y = 0},
    {.bitmap_index = 48261, .adv_w = 159, .box_w = 10, .box_h = 16, .ofs_x = 0, .ofs_y = 0},
    {.bitmap_index = 48341, .adv_w = 192, .box_w = 12, .box_h = 19, .ofs_x = 0, .ofs_y = 0},
    {.bitmap_index = 48455, .adv_w = 159, .box_w = 10, .box_h = 16, .ofs_x = 0, .ofs_y = 0},
    {.bitmap_index = 48535, .adv_w = 192, .box_w = 12, .box_h = 20, .ofs_x = 0, .ofs_y = -3},
    {.bitmap_index = 48655, .adv_w = 159, .box_w = 10, .box_h = 16, .ofs_x = 0, .ofs_y = -3},
    {.bitmap_index = 48735, .adv_w = 192, .box_w = 12, .box_h = 19, .ofs_x = 0, .ofs_y = 0},
    {.bitmap_index = 48849, .adv_w = 159, .box_w = 10, .box_h = 16, .ofs_x = 0, .ofs_y = 0},
    {.bitmap_index = 48929, .adv_w = 192, .box_w = 12, .box_h = 19, .ofs_x = 0, .ofs_y = 0},
    {.bitmap_index = 49043, .adv_w = 159, .box_w = 10, .box_h = 16, .ofs_x = 0, .ofs_y = 0},
    {.bitmap_index = 49123, .adv_w = 192, .box_w = 12, .box_h = 19, .ofs_x = 0, .ofs_y = 0},
    {.bitmap_index = 49237, .adv_w = 159, .box_w = 10, .box_h = 16, .ofs_x = 0, .ofs_y = 0},
    {.bitmap_index = 49317, .adv_w = 192, .box_w = 12, .box_h = 19, .ofs_x = 0, .ofs_y = 0},
    {.bitmap_index = 49431, .adv_w = 159, .box_w = 10, .box_h = 16, .ofs_x = 0, .ofs_y = 0},
    {.bitmap_index = 49511, .adv_w = 192, .box_w = 12, .box_h = 20, .ofs_x = 0, .ofs_y = -3},
    {.bitmap_index = 49631, .adv_w = 159, .box_w = 10, .box_h = 16, .ofs_x = 0, .ofs_y = -3},
    {.bitmap_index = 49711, .adv_w = 174, .box_w = 9, .box_h = 16, .ofs_x = 1, .ofs_y = -3},
    {.bitmap_index = 49783, .adv_w = 162, .box_w = 10, .box_h = 13, .ofs_x = 0, .ofs_y = -3},
    {.bitmap_index = 49848, .adv_w = 174, .box_w = 9, .box_h = 17, .ofs_x = 1, .ofs_y = 0},
    {.bitmap_index = 49925, .adv_w = 162, .box_w = 10, .box_h = 14, .ofs_x = 0, .ofs_y = 0},
    {.bitmap_index = 49995, .adv_w = 174, .box_w = 9, .box_h = 17, .ofs_x = 1, .ofs_y = 0},
    {.bitmap_index = 50072, .adv_w = 162, .box_w = 10, .box_h = 13, .ofs_x = 0, .ofs_y = 0},
    {.bitmap_index = 50137, .adv_w = 174, .box_w = 9, .box_h = 19, .ofs_x = 1, .ofs_y = 0},
    {.bitmap_index = 50223, .adv_w = 162, .box_w = 10, .box_h = 16, .ofs_x = 0, .ofs_y = 0},
    {.bitmap_index = 50303, .adv_w = 174, .box_w = 9, .box_h = 19, .ofs_x = 1, .ofs_y = 0},
    {.bitmap_index = 50389, .adv_w = 162, .box_w = 10, .box_h = 16, .ofs_x = 0, .ofs_y = 0},
    {.bitmap_index = 50469, .adv_w = 174, .box_w = 9, .box_h = 19, .ofs_x = 1, .ofs_y = 0},
    {.bitmap_index = 50555, .adv_w = 162, .box_w = 10, .box_h = 16, .ofs_x = 0, .ofs_y = 0},
    {.bitmap_index = 50635, .adv_w = 174, .box_w = 9, .box_h = 19, .ofs_x = 1, .ofs_y = 0},
    {.bitmap_index = 50721, .adv_w = 162, .box_w = 10, .box_h = 16, .ofs_x = 0, .ofs_y = 0},
    {.bitmap_index = 50801, .adv_w = 174, .box_w = 9, .box_h = 20, .ofs_x = 1, .ofs_y = -3},
    {.bitmap_index = 50891, .adv_w = 162, .box_w = 10, .box_h = 16, .ofs_x = 0, .ofs_y = -3},
    {.bitmap_index = 50971, .adv_w = 78, .box_w = 3, .box_h = 17, .ofs_x = 1, .ofs_y = 0},
    {.bitmap_index = 50997, .adv_w = 70, .box_w = 4, .box_h = 14, .ofs_x = 0, .ofs_y = 0},
    {.bitmap_index = 51025, .adv_w = 78, .box_w = 3, .box_h = 16, .ofs_x = 1, .ofs_y = -3},
    {.bitmap_index = 51049, .adv_w = 70, .box_w = 2, .box_h = 16, .ofs_x = 1, .ofs_y = -3},
    {.bitmap_index = 51065, .adv_w = 213, .box_w = 13, .box_h = 16, .ofs_x = 0, .ofs_y = -3},
    {.bitmap_index = 51169, .adv_w = 165, .box_w = 10, .box_h = 13, .ofs_x = 0, .ofs_y = -3},
    {.bitmap_index = 51234, .adv_w = 213, .box_w = 13, .box_h = 18, .ofs_x = 0, .ofs_y = 0},
    {.bitmap_index = 51351, .adv_w = 165, .box_w = 10, .box_h = 14, .ofs_x = 0, .ofs_y = 0},
    {.bitmap_index = 51421, .adv_w = 213, .box_w = 13, .box_h = 19, .ofs_x = 0, .ofs_y = 0},
    {.bitmap_index = 51545, .adv_w = 165, .box_w = 10, .box_h = 16, .ofs_x = 0, .ofs_y = 0},
    {.bitmap_index = 51625, .adv_w = 213, .box_w = 13, .box_h = 19, .ofs_x = 0, .ofs_y = 0},
    {.bitmap_index = 51749, .adv_w = 165, .box_w = 10, .box_h = 16, .ofs_x = 0, .ofs_y = 0},
    {.bitmap_index = 51829, .adv_w = 213, .box_w = 13, .box_h = 19, .ofs_x = 0, .ofs_y = 0},
    {.bitmap_index = 51953, .adv_w = 165, .box_w = 10, .box_h = 16, .ofs_x = 0, .ofs_y = 0},
    {.bitmap_index = 52033, .adv_w = 213, .box_w = 13, .box_h = 19, .ofs_x = 0, .ofs_y = 0},
    {.bitmap_index = 52157, .adv_w = 165, .box_w = 10, .box_h = 16, .ofs_x = 0, .ofs_y = 0},
    {.bitmap_index = 52237, .adv_w = 213, .box_w = 13, .box_h = 20, .ofs_x = 0, .ofs_y = -3},
    {.bitmap_index = 52367, .adv_w = 165, .box_w = 10, .box_h = 16, .ofs_x = 0, .ofs_y = -3},
    {.bitmap_index = 52447, .adv_w = 213, .box_w = 13, .box_h = 17, .ofs_x = 0, .ofs_y = 0},
    {.bitmap_index = 52558, .adv_w = 165, .box_w = 10, .box_h = 13, .ofs_x = 0, .ofs_y = 0},
    {.bitmap_index = 52623, .adv_w = 213, .box_w = 13, .box_h = 17, .ofs_x = 0, .ofs_y = 0},
    {.bitmap_index = 52734, .adv_w = 165, .box_w = 10, .box_h = 13, .ofs_x = 0, .ofs_y = 0},
    {.bitmap_index = 52799, .adv_w = 213, .box_w = 13, .box_h = 18, .ofs_x = 0, .ofs_y = 0},
    {.bitmap_index = 52916, .adv_w = 165, .box_w = 10, .box_h = 14, .ofs_x = 0, .ofs_y = 0},
    {.bitmap_index = 52986, .adv_w = 213, .box_w = 13, .box_h = 17, .ofs_x = 0, .ofs_y = 0},
    {.bitmap_index = 53097, .adv_w = 165, .box_w = 10, .box_h = 13, .ofs_x = 0, .ofs_y = 0},
    {.bitmap_index = 53162, .adv_w = 213, .box_w = 13, .box_h = 19, .ofs_x = 0, .ofs_y = -3},
    {.bitmap_index = 53286, .adv_w = 165, .box_w = 10, .box_h = 15, .ofs_x = 0, .ofs_y = -3},
    {.bitmap_index = 53361, .adv_w = 198, .box_w = 11, .box_h = 16, .ofs_x = 1, .ofs_y = -3},
    {.bitmap_index = 53449, .adv_w = 166, .box_w = 8, .box_h = 13, .ofs_x = 1, .ofs_y = -3},
    {.bitmap_index = 53501, .adv_w = 198, .box_w = 11, .box_h = 18, .ofs_x = 1, .ofs_y = 0},
    {.bitmap_index = 53600, .adv_w = 166, .box_w = 8, .box_h = 14, .ofs_x = 1, .ofs_y = 0},
    {.bitmap_index = 53656, .adv_w = 198, .box_w = 12, .box_h = 17, .ofs_x = 1, .ofs_y = 0},
    {.bitmap_index = 53758, .adv_w = 167, .box_w = 10, .box_h = 13, .ofs_x = 1, .ofs_y = 0},
    {.bitmap_index = 53823, .adv_w = 198, .box_w = 12, .box_h = 17, .ofs_x = 1, .ofs_y = 0},
    {.bitmap_index = 53925, .adv_w = 167, .box_w = 10, .box_h = 13, .ofs_x = 1, .ofs_y = 0},
    {.bitmap_index = 53990, .adv_w = 198, .box_w = 12, .box_h = 18, .ofs_x = 1, .ofs_y = 0},
    {.bitmap_index = 54098, .adv_w = 167, .box_w = 10, .box_h = 14, .ofs_x = 1, .ofs_y = 0},
    {.bitmap_index = 54168, .adv_w = 198, .box_w = 12, .box_h = 17, .ofs_x = 1, .ofs_y = 0},
    {.bitmap_index = 54270, .adv_w = 167, .box_w = 10, .box_h = 13, .ofs_x = 1, .ofs_y = 0},
    {.bitmap_index = 54335, .adv_w = 198, .box_w = 12, .box_h = 19, .ofs_x = 1, .ofs_y = -3},
    {.bitmap_index = 54449, .adv_w = 167, .box_w = 10, .box_h = 15, .ofs_x = 1, .ofs_y = -3},
    {.bitmap_index = 54524, .adv_w = 166, .box_w = 12, .box_h = 17, .ofs_x = -1, .ofs_y = 0},
    {.bitmap_index = 54626, .adv_w = 155, .box_w = 10, .box_h = 16, .ofs_x = 0, .ofs_y = -3},
    {.bitmap_index = 54706, .adv_w = 166, .box_w = 12, .box_h = 16, .ofs_x = -1, .ofs_y = -3},
    {.bitmap_index = 54802, .adv_w = 155, .box_w = 10, .box_h = 13, .ofs_x = 0, .ofs_y = -3},
    {.bitmap_index = 54867, .adv_w = 166, .box_w = 12, .box_h = 17, .ofs_x = -1, .ofs_y = 0},
    {.bitmap_index = 54969, .adv_w = 155, .box_w = 10, .box_h = 17, .ofs_x = 0, .ofs_y = -3},
    {.bitmap_index = 55054, .adv_w = 166, .box_w = 12, .box_h = 17, .ofs_x = -1, .ofs_y = 0},
    {.bitmap_index = 55156, .adv_w = 155, .box_w = 10, .box_h = 16, .ofs_x = 0, .ofs_y = -3},
    {.bitmap_index = 55236, .adv_w = 170, .box_w = 10, .box_h = 3, .ofs_x = 0, .ofs_y = 4},
    {.bitmap_index = 55251, .adv_w = 261, .box_w = 16, .box_h = 3, .ofs_x = 0, .ofs_y = 4},
    {.bitmap_index = 55275, .adv_w = 162, .box_w = 10, .box_h = 3, .ofs_x = 0, .ofs_y = 3},
    {.bitmap_index = 55290, .adv_w = 123, .box_w = 6, .box_h = 15, .ofs_x = 1, .ofs_y = -1},
    {.bitmap_index = 55335, .adv_w = 144, .box_w = 11, .box_h = 3, .ofs_x = -1, .ofs_y = -3},
    {.bitmap_index = 55352, .adv_w = 58, .box_w = 3, .box_h = 5, .ofs_x = 0, .ofs_y = 8},
    {.bitmap_index = 55360, .adv_w = 58, .box_w = 3, .box_h = 6, .ofs_x = 0, .ofs_y = 7},
    {.bitmap_index = 55369, .adv_w = 58, .box_w = 3, .box_h = 6, .ofs_x = 0, .ofs_y = -3},
    {.bitmap_index = 55378, .adv_w = 64, .box_w = 2, .box_h = 5, .ofs_x = 1, .ofs_y = 9},
    {.bitmap_index = 55383, .adv_w = 106, .box_w = 6, .box_h = 5, .ofs_x = 0, .ofs_y = 8},
    {.bitmap_index = 55398, .adv_w = 106, .box_w = 6, .box_h = 6, .ofs_x = 0, .ofs_y = 7},
    {.bitmap_index = 55416, .adv_w = 105, .box_w = 6, .box_h = 6, .ofs_x = 0, .ofs_y = -3},
    {.bitmap_index = 55434, .adv_w = 96, .box_w = 6, .box_h = 5, .ofs_x = 0, .ofs_y = 9},
    {.bitmap_index = 55449, .adv_w = 168, .box_w = 8, .box_h = 13, .ofs_x = 1, .ofs_y = 0},
    {.bitmap_index = 55501, .adv_w = 168, .box_w = 8, .box_h = 13, .ofs_x = 1, .ofs_y = 0},
    {.bitmap_index = 55553, .adv_w = 90, .box_w = 5, .box_h = 4, .ofs_x = 0, .ofs_y = 4},
    {.bitmap_index = 55563, .adv_w = 101, .box_w = 6, .box_h = 7, .ofs_x = 0, .ofs_y = 3},
    {.bitmap_index = 55584, .adv_w = 80, .box_w = 3, .box_h = 2, .ofs_x = 1, .ofs_y = 0},
    {.bitmap_index = 55587, .adv_w = 160, .box_w = 8, .box_h = 2, .ofs_x = 1, .ofs_y = 0},
    {.bitmap_index = 55595, .adv_w = 164, .box_w = 10, .box_h = 3, .ofs_x = 0, .ofs_y = 0},
    {.bitmap_index = 55610, .adv_w = 95, .box_w = 6, .box_h = 8, .ofs_x = 0, .ofs_y = 1},
    {.bitmap_index = 55634, .adv_w = 217, .box_w = 13, .box_h = 14, .ofs_x = 0, .ofs_y = -1},
    {.bitmap_index = 55725, .adv_w = 164, .box_w = 11, .box_h = 14, .ofs_x = 0, .ofs_y = -2}
};

/*---------------------
 *  CHARACTER MAPPING
 *--------------------*/

static const uint16_t unicode_list_9[] = {
    0x0, 0x6d9, 0x6dd
};

/*Collect the unicode lists and glyph_id offsets*/
static const lv_font_fmt_txt_cmap_t cmaps[] =
{
    {
        .range_start = 32, .range_length = 95, .glyph_id_start = 1,
        .unicode_list = NULL, .glyph_id_ofs_list = NULL, .list_length = 0, .type = LV_FONT_FMT_TXT_CMAP_FORMAT0_TINY
    },
    {
        .range_start = 160, .range_length = 86, .glyph_id_start = 96,
        .unicode_list = NULL, .glyph_id_ofs_list = NULL, .list_length = 0, .type = LV_FONT_FMT_TXT_CMAP_FORMAT0_TINY
    },
    {
        .range_start = 246, .range_length = 256, .glyph_id_start = 182,
        .unicode_list = NULL, .glyph_id_ofs_list = NULL, .list_length = 0, .type = LV_FONT_FMT_TXT_CMAP_FORMAT0_TINY
    },
    {
        .range_start = 506, .range_length = 34, .glyph_id_start = 438,
        .unicode_list = NULL, .glyph_id_ofs_list = NULL, .list_length = 0, .type = LV_FONT_FMT_TXT_CMAP_FORMAT0_TINY
    },
    {
        .range_start = 567, .range_length = 1, .glyph_id_start = 472,
        .unicode_list = NULL, .glyph_id_ofs_list = NULL, .list_length = 0, .type = LV_FONT_FMT_TXT_CMAP_FORMAT0_TINY
    },
    {
        .range_start = 7680, .range_length = 156, .glyph_id_start = 473,
        .unicode_list = NULL, .glyph_id_ofs_list = NULL, .list_length = 0, .type = LV_FONT_FMT_TXT_CMAP_FORMAT0_TINY
    },
    {
        .range_start = 7838, .range_length = 1, .glyph_id_start = 629,
        .unicode_list = NULL, .glyph_id_ofs_list = NULL, .list_length = 0, .type = LV_FONT_FMT_TXT_CMAP_FORMAT0_TINY
    },
    {
        .range_start = 7840, .range_length = 90, .glyph_id_start = 630,
        .unicode_list = NULL, .glyph_id_ofs_list = NULL, .list_length = 0, .type = LV_FONT_FMT_TXT_CMAP_FORMAT0_TINY
    },
    {
        .range_start = 8211, .range_length = 20, .glyph_id_start = 720,
        .unicode_list = NULL, .glyph_id_ofs_list = NULL, .list_length = 0, .type = LV_FONT_FMT_TXT_CMAP_FORMAT0_TINY
    },
    {
        .range_start = 8250, .range_length = 1758, .glyph_id_start = 740,
        .unicode_list = unicode_list_9, .glyph_id_ofs_list = NULL, .list_length = 3, .type = LV_FONT_FMT_TXT_CMAP_SPARSE_TINY
    }
};

/*-----------------
 *    KERNING
 *----------------*/


/*Map glyph_ids to kern left classes*/
static const uint8_t kern_left_class_mapping[] =
{
    0, 0, 0, 1, 0, 0, 0, 2,
    1, 3, 0, 4, 5, 6, 7, 6,
    8, 9, 10, 11, 12, 13, 14, 15,
    16, 17, 9, 18, 18, 5, 5, 5,
    0, 0, 19, 20, 21, 22, 23, 24,
    25, 26, 26, 27, 28, 29, 26, 26,
    22, 30, 22, 31, 22, 32, 27, 33,
    33, 28, 34, 35, 36, 37, 0, 5,
    0, 0, 38, 39, 39, 26, 39, 40,
    41, 42, 26, 26, 43, 38, 42, 42,
    39, 39, 41, 44, 39, 45, 41, 46,
    46, 43, 46, 47, 48, 0, 0, 5,
    0, 49, 50, 0, 0, 10, 0, 0,
    0, 51, 52, 53, 5, 0, 0, 0,
    0, 5, 0, 0, 0, 0, 0, 0,
    0, 0, 52, 54, 0, 0, 0, 55,
    19, 19, 19, 19, 19, 19, 23, 21,
    23, 23, 23, 23, 26, 26, 26, 26,
    50, 26, 22, 22, 22, 22, 22, 5,
    22, 27, 27, 27, 27, 34, 22, 0,
    38, 38, 38, 38, 38, 38, 39, 39,
    39, 39, 39, 39, 26, 26, 26, 26,
    39, 42, 39, 39, 39, 39, 39, 5,
    39, 41, 41, 41, 41, 46, 39, 46,
    19, 38, 19, 38, 19, 38, 21, 39,
    21, 39, 21, 39, 21, 39, 50, 56,
    22, 0, 23, 39, 0, 0, 23, 39,
    23, 39, 23, 39, 25, 41, 25, 41,
    25, 41, 25, 41, 26, 42, 26, 42,
    26, 26, 26, 26, 0, 0, 26, 26,
    26, 26, 27, 26, 27, 26, 28, 43,
    0, 29, 38, 29, 38, 57, 56, 0,
    0, 29, 38, 26, 42, 26, 42, 26,
    42, 0, 26, 42, 22, 39, 0, 0,
    22, 39, 23, 39, 31, 44, 31, 44,
    31, 44, 22, 39, 22, 39, 22, 39,
    22, 39, 32, 45, 32, 56, 32, 45,
    27, 41, 27, 41, 27, 41, 27, 41,
    27, 41, 27, 41, 33, 46, 34, 46,
    34, 35, 47, 35, 47, 35, 47, 0,
    0, 0, 0, 0, 0, 0, 0, 0,
    0, 0, 0, 0, 0, 0, 0, 22,
    0, 0, 40, 0, 0, 0, 0, 0,
    0, 0, 0, 0, 0, 0, 0, 0,
    22, 39, 0, 0, 0, 0, 0, 0,
    0, 0, 0, 0, 0, 0, 0, 58,
    41, 0, 0, 0, 0, 0, 0, 0,
    0, 0, 0, 0, 0, 0, 0, 0,
    0, 0, 0, 0, 0, 0, 0, 0,
    0, 0, 0, 0, 0, 19, 38, 0,
    0, 0, 0, 0, 0, 0, 0, 0,
    0, 0, 0, 0, 0, 0, 0, 0,
    0, 0, 0, 0, 25, 41, 25, 41,
    28, 43, 0, 0, 0, 0, 0, 0,
    0, 0, 0, 0, 0, 0, 0, 0,
    0, 0, 0, 0, 0, 0, 0, 0,
    0, 0, 0, 0, 0, 0, 0, 0,
    0, 0, 0, 0, 0, 0, 0, 0,
    0, 0, 0, 0, 22, 39, 32, 45,
    26, 0, 0, 0, 0, 0, 0, 0,
    0, 0, 0, 0, 0, 0, 0, 0,
    0, 0, 0, 0, 0, 0, 0, 0,
    0, 0, 0, 0, 0, 0, 0, 0,
    0, 25, 41, 0, 0, 0, 0, 0,
    0, 0, 0, 0, 0, 0, 0, 0,
    0, 0, 0, 0, 0, 0, 0, 0,
    0, 0, 0, 0, 0, 0, 0, 0,
    0, 0, 0, 0, 0, 0, 0, 0,
    0, 0, 0, 0, 0, 0, 0, 0,
    0, 0, 0, 0, 0, 0, 0, 0,
    0, 0, 0, 0, 0, 0, 0, 0,
    0, 0, 0, 0, 0, 0, 0, 0,
    0, 0, 0, 0, 0, 0, 0, 0,
    0, 0, 0, 0, 0, 0, 0, 0,
    0, 0, 0, 0, 0, 0, 0, 0,
    0, 33, 46, 33, 46, 33, 46, 0,
    0, 0, 0, 0, 0, 0, 0, 0,
    0, 0, 0, 0, 0, 0, 0, 0,
    0, 0, 0, 0, 0, 20, 19, 38,
    19, 38, 19, 38, 19, 38, 19, 38,
    19, 38, 19, 38, 19, 38, 19, 38,
    19, 38, 19, 38, 19, 38, 23, 39,
    23, 39, 23, 39, 23, 39, 23, 39,
    23, 39, 23, 39, 23, 39, 23, 26,
    26, 26, 22, 39, 22, 39, 22, 39,
    22, 39, 22, 39, 22, 39, 22, 39,
    22, 39, 22, 39, 22, 39, 22, 39,
    22, 39, 27, 41, 27, 41, 58, 41,
    58, 41, 58, 41, 58, 41, 58, 41,
    34, 46, 34, 46, 34, 46, 34, 46,
    0, 0, 0, 0, 0, 59, 60, 6,
    0, 59, 60, 6, 0, 0, 0, 0,
    0, 0, 0, 6, 61, 0, 0
};

/*Map glyph_ids to kern right classes*/
static const uint8_t kern_right_class_mapping[] =
{
    0, 0, 1, 2, 0, 0, 3, 4,
    2, 0, 5, 6, 7, 8, 9, 8,
    10, 11, 12, 13, 14, 15, 16, 11,
    17, 18, 19, 20, 20, 7, 7, 7,
    21, 0, 22, 23, 24, 23, 25, 23,
    24, 23, 23, 26, 27, 27, 23, 23,
    24, 23, 24, 23, 24, 28, 29, 30,
    30, 31, 32, 33, 0, 34, 35, 7,
    0, 0, 36, 23, 37, 37, 37, 38,
    37, 23, 23, 39, 23, 40, 41, 41,
    37, 41, 37, 41, 37, 42, 43, 44,
    44, 45, 44, 46, 0, 0, 47, 7,
    0, 0, 0, 0, 0, 48, 0, 0,
    0, 49, 50, 51, 7, 0, 0, 0,
    0, 7, 0, 0, 0, 0, 0, 0,
    0, 0, 50, 52, 0, 0, 0, 53,
    22, 22, 22, 22, 22, 22, 22, 24,
    23, 23, 23, 23, 23, 23, 23, 23,
    24, 23, 24, 24, 24, 24, 24, 7,
    24, 29, 29, 29, 29, 32, 23, 23,
    36, 36, 36, 36, 36, 36, 36, 37,
    37, 37, 37, 37, 23, 23, 23, 23,
    37, 41, 37, 37, 37, 37, 37, 7,
    37, 43, 43, 43, 43, 44, 23, 44,
    22, 36, 22, 36, 22, 36, 24, 37,
    24, 37, 24, 37, 24, 37, 23, 37,
    23, 37, 23, 37, 0, 0, 23, 37,
    23, 37, 23, 37, 24, 37, 24, 37,
    24, 37, 24, 37, 23, 23, 23, 23,
    23, 23, 23, 23, 0, 0, 23, 23,
    23, 23, 23, 23, 26, 39, 27, 23,
    0, 27, 40, 23, 40, 27, 40, 0,
    0, 54, 40, 23, 41, 23, 41, 23,
    41, 0, 23, 41, 24, 37, 0, 0,
    24, 37, 24, 37, 23, 41, 23, 41,
    23, 41, 24, 37, 24, 37, 24, 37,
    24, 37, 28, 55, 28, 55, 28, 55,
    29, 43, 29, 43, 29, 43, 29, 43,
    29, 43, 29, 43, 30, 44, 32, 44,
    32, 33, 46, 33, 46, 33, 46, 0,
    0, 0, 0, 0, 0, 0, 0, 0,
    0, 0, 0, 0, 0, 0, 0, 24,
    0, 0, 38, 0, 0, 0, 0, 0,
    0, 0, 0, 0, 0, 0, 0, 0,
    24, 37, 0, 0, 0, 0, 0, 0,
    0, 0, 0, 0, 0, 0, 0, 29,
    43, 0, 0, 0, 0, 0, 0, 0,
    0, 0, 0, 0, 0, 0, 0, 0,
    0, 0, 0, 0, 0, 0, 0, 0,
    0, 0, 0, 0, 0, 22, 36, 0,
    0, 0, 0, 0, 0, 0, 0, 0,
    0, 0, 0, 0, 0, 0, 0, 0,
    0, 0, 0, 0, 24, 37, 24, 37,
    27, 23, 0, 0, 0, 0, 0, 0,
    0, 0, 0, 0, 0, 0, 0, 0,
    0, 0, 0, 0, 0, 0, 0, 0,
    0, 0, 0, 0, 0, 0, 0, 0,
    0, 0, 0, 0, 0, 0, 0, 0,
    0, 0, 0, 0, 24, 37, 28, 55,
    39, 0, 0, 0, 0, 0, 0, 0,
    0, 0, 0, 0, 0, 0, 0, 0,
    0, 0, 0, 0, 0, 0, 0, 0,
    0, 0, 0, 0, 0, 0, 0, 0,
    0, 24, 37, 0, 0, 0, 0, 0,
    0, 0, 0, 0, 0, 0, 0, 0,
    0, 0, 0, 0, 0, 0, 0, 0,
    0, 0, 0, 0, 0, 0, 0, 0,
    0, 0, 0, 0, 0, 0, 0, 0,
    0, 0, 0, 0, 0, 0, 0, 0,
    0, 0, 0, 0, 0, 0, 0, 0,
    0, 0, 0, 0, 0, 0, 0, 0,
    0, 0, 0, 0, 0, 0, 0, 0,
    0, 0, 0, 0, 0, 0, 0, 0,
    0, 0, 0, 0, 0, 0, 0, 0,
    0, 0, 0, 0, 0, 0, 0, 0,
    0, 30, 44, 30, 44, 30, 44, 0,
    0, 0, 0, 0, 0, 0, 0, 0,
    0, 0, 0, 0, 0, 0, 0, 0,
    0, 0, 0, 0, 0, 23, 22, 36,
    22, 36, 22, 36, 22, 36, 22, 36,
    22, 36, 22, 36, 22, 36, 22, 36,
    22, 36, 22, 36, 22, 36, 23, 37,
    23, 37, 23, 37, 23, 37, 23, 37,
    23, 37, 23, 37, 23, 37, 23, 23,
    23, 23, 24, 37, 24, 37, 24, 37,
    24, 37, 24, 37, 24, 37, 24, 37,
    24, 37, 24, 37, 24, 37, 24, 37,
    24, 37, 29, 43, 29, 43, 29, 43,
    29, 43, 29, 43, 29, 43, 29, 43,
    32, 44, 32, 44, 32, 44, 32, 44,
    0, 0, 0, 0, 0, 56, 57, 8,
    0, 56, 58, 8, 0, 0, 0, 0,
    0, 0, 0, 8, 52, 0, 0
};

/*Kern values between classes*/
static const int8_t kern_class_values[] =
{
    0, 0, 0, 0, 0, 0, 0, 0,
    0, -14, 0, 0, 0, 0, -9, 0,
    3, 0, 0, 0, 0, 0, 0, 0,
    0, 0, 0, 0, 0, 0, 0, 0,
    0, 0, 0, 0, 0, 0, 0, 0,
    0, 0, 0, 0, 0, 0, 0, 0,
    0, 0, 0, 0, -12, 0, 0, 0,
    0, 0, 0, 0, 0, 0, 0, 0,
    0, 0, 0, 0, 0, 0, 0, 0,
    0, 0, -20, 0, 0, 0, 0, 0,
    0, 0, 0, 0, 0, 0, 0, 0,
    0, 0, 0, -14, 0, 0, 0, 0,
    0, 0, 0, 0, 0, 0, 0, 0,
    0, 0, 0, 0, 0, 0, 0, 0,
    0, 0, 0, 0, 0, 0, 0, 0,
    0, 0, 0, 0, 0, 0, 0, 0,
    -3, -1, -12, 0, 0, -2, 0, 0,
    0, 0, 0, 0, 0, 0, 0, 0,
    0, 0, 0, 0, 0, 0, 0, 0,
    0, 0, 0, 0, 0, 0, 0, 0,
    0, 0, 0, 0, -4, 0, 0, 0,
    0, 0, 0, 0, 0, 0, 0, 0,
    0, 0, 0, 0, 0, -12, 0, -20,
    0, 0, 0, 0, 0, 0, 3, 0,
    0, 0, 0, 0, 0, 0, 0, 0,
    0, 0, 0, 0, 0, 0, 0, 0,
    0, 0, 0, 0, 0, 0, 0, 0,
    0, 0, 0, 0, 0, 0, 0, 0,
    0, 0, 0, 0, 0, 0, 0, 0,
    0, 0, 0, 0, 0, 0, 0, 0,
    0, 0, 0, 0, 0, 0, 0, 0,
    -6, 0, 0, 0, 0, 0, 0, 0,
    0, 0, 0, 0, 0, 0, 0, 0,
    0, 0, 0, 0, 0, 0, 0, 0,
    0, 0, 0, 0, 0, 0, 0, 0,
    0, 0, 0, 0, 0, 0, 0, 0,
    0, 0, 0, 0, 0, 0, 0, -12,
    0, 0, 0, 0, 0, -23, 0, 0,
    0, 0, -17, 0, 0, 0, 0, 0,
    0, 0, 0, 0, 0, 0, 0, 0,
    0, 0, 0, -23, 0, 0, 0, 0,
    0, 0, 0, 0, 0, 0, 0, 0,
    0, 0, -6, 0, 0, 0, 0, 0,
    0, 0, 0, 0, 0, 0, 0, 0,
    0, 0, 0, 0, 0, 0, 0, -6,
    0, 0, 3, 0, -12, 0, 0, 0,
    0, 0, 0, 0, 0, 0, 0, 0,
    0, 0, 0, 0, 0, 0, 0, 0,
    0, 0, 0, 0, 0, 0, 0, 0,
    0, 0, 0, 0, 0, 0, 0, 0,
    0, 0, 0, 0, 0, 0, -9, 0,
    0, -7, 0, 0, 0, -23, 0, -31,
    -6, -6, -12, -12, -23, -3, 0, -6,
    -6, -9, -9, 0, 0, 0, 0, 0,
    0, 0, 0, 0, 0, 0, 0, -3,
    0, 0, 0, 0, 0, 0, 0, 0,
    0, 0, 0, 0, 0, -4, -9, 0,
    -14, -6, 0, 0, 0, 0, 0, 0,
    0, 0, 0, 0, 0, 0, 0, 0,
    0, 0, 3, -3, 0, 0, -3, 0,
    -12, 0, 0, 0, 0, 0, 0, 0,
    0, 0, 0, 0, 0, 0, 0, 0,
    0, 0, 0, 0, 0, 0, 0, 0,
    0, 0, 0, 0, 0, 0, 0, 0,
    0, 0, 0, 0, 0, 0, 0, 0,
    0, 0, 0, 0, 0, 0, 0, 0,
    0, 0, -3, -6, -3, -12, -3, 0,
    -6, 0, -6, -6, 0, 0, 0, 0,
    0, 0, 0, 0, 0, 0, 0, 0,
    0, 0, 0, 0, 0, 0, 0, 0,
    0, 0, 0, 0, 0, 0, 0, 0,
    0, -4, -3, 0, 0, 0, 0, 0,
    0, -6, -6, -6, 0, 0, 0, 0,
    0, 0, 0, 0, -9, -3, 0, -3,
    0, -6, -12, 0, -9, 0, 0, 0,
    0, 0, 0, 0, 0, 0, 0, 0,
    0, 0, 0, 0, 0, 0, 0, 0,
    0, 0, 0, 0, 0, 0, 0, 0,
    0, 0, 0, 0, -3, 0, 0, 0,
    0, 0, 0, 0, 0, 0, 0, 0,
    0, 0, -1, 0, 0, 0, 0, -9,
    0, 0, 0, 0, 0, 0, -6, 0,
    0, 0, 0, 0, 0, 0, 0, 0,
    0, 0, 0, 0, 0, 0, 0, 0,
    0, 0, 0, 0, 0, 0, 0, 0,
    0, 0, 0, 0, 0, 0, 0, 0,
    0, 0, 0, 0, 0, 0, 0, 0,
    0, -3, -6, 0, 0, 0, 0, 0,
    -3, 0, -3, -6, 0, -6, 0, 0,
    -9, 0, 0, -6, 0, 0, 0, 0,
    0, 0, 0, 0, 0, 0, 0, 0,
    0, 0, 0, 0, 0, 0, 0, 0,
    0, 0, 0, 0, 0, 0, 0, 0,
    0, 0, 0, 0, 0, 0, 0, 0,
    0, 0, 0, 0, 0, 0, -3, 0,
    0, 0, 0, -6, -6, 0, -3, 0,
    0, 0, -14, 0, 0, 0, 0, 0,
    0, 0, 0, 0, 0, 0, 0, 0,
    0, 0, 0, 0, 0, 0, 0, 0,
    0, 0, 0, 0, 0, 0, 0, 0,
    0, 0, 0, 0, 0, 0, 0, 0,
    0, 0, 0, 0, 0, 0, 0, 0,
    0, 0, 0, 0, 0, -6, 0, -6,
    -3, 0, 0, 0, -12, 0, 0, 0,
    0, 0, 0, 0, 0, 0, 0, 0,
    0, 0, 0, 0, 0, 0, 0, 0,
    0, 0, 0, 0, 0, 0, 0, 0,
    0, 0, 0, 0, 0, 0, 0, 0,
    0, 0, 0, 0, 0, 0, 0, 0,
    3, 0, 0, 0, 0, -29, -12, -17,
    0, 3, -3, 0, -17, 0, 6, -3,
    0, -6, 0, 0, 0, 0, 0, 0,
    0, 0, 0, 0, 0, 0, 0, 0,
    9, 0, 0, 0, 0, 0, 0, 0,
    0, 0, 0, 0, 9, 0, -3, 0,
    0, 0, 0, 0, 0, 0, 0, 0,
    0, 0, 0, 0, -2, 0, 0, 0,
    0, 0, 0, -6, 0, 0, 0, 0,
    -6, 0, 0, 0, 0, 0, 0, 0,
    0, 0, 0, 0, 0, 0, 0, 0,
    0, 0, 0, 0, 0, 0, 0, 0,
    0, 0, 0, 0, 0, 0, 0, 0,
    0, 0, 0, 0, 0, 0, 0, 0,
    0, 0, 0, 0, 0, 0, 0, 0,
    0, 0, 0, -6, 0, 0, 0, 0,
    -6, 0, -17, 0, 0, 0, 0, 0,
    0, 0, 0, 0, 0, 0, 0, 0,
    0, 0, 0, -9, 0, 0, 0, 0,
    0, 0, 0, 0, 0, 0, 0, 0,
    0, 0, -3, 0, 0, 0, 0, 0,
    0, 0, 0, 0, -3, -14, 0, 0,
    0, -20, 0, 0, 0, 0, 0, 0,
    0, -9, 0, 0, -26, 0, 0, -6,
    -14, 0, -6, -9, -6, -9, -4, -26,
    -5, -31, 0, -20, -3, -31, 0, 0,
    -5, -12, 0, -6, -6, -17, -6, -17,
    -9, -3, 0, -4, -9, -20, 0, 0,
    0, 0, -17, 0, 0, 0, 0, 0,
    0, 0, 0, 0, 0, 0, 0, -5,
    0, 0, 0, 0, 0, 0, -12, 0,
    0, -6, -9, -5, -2, -3, -5, 0,
    0, -12, 0, -9, 0, -12, 0, -9,
    0, -2, -1, -6, -3, -3, -3, -6,
    -3, -9, -12, -6, 0, 0, -3, 0,
    0, 0, 0, 0, 0, 0, 0, 0,
    0, 0, 0, 0, 0, 0, 0, 0,
    0, -7, 0, 0, 0, 0, 0, 0,
    -4, 0, 0, 0, 0, -7, 1, 0,
    1, 0, -3, -4, 0, -6, -6, -6,
    0, -6, 0, -1, -2, -6, 0, -3,
    -2, -3, -3, -3, -9, -3, 0, -3,
    0, 0, 0, 0, 0, 0, -3, 0,
    0, 0, 0, 0, 0, 0, -6, -3,
    0, -6, 0, -9, 0, 0, -3, 0,
    0, 0, -12, 0, 0, -3, -6, -9,
    3, 0, 3, -3, -3, -12, 0, -9,
    -9, -12, -3, -9, 0, 3, 4, -3,
    -6, 0, 0, -7, 0, -4, -6, 0,
    0, -3, 0, -3, 0, 0, 0, -3,
    -7, 0, 0, 0, 0, 0, 0, 0,
    0, 0, 0, 0, 0, 0, 0, 0,
    0, 0, 0, 0, 0, 0, 0, -3,
    -6, 0, -3, 0, -3, 0, 0, 0,
    0, 4, 0, -6, 0, 4, 0, -2,
    -6, -9, -3, 0, 0, -12, 0, -6,
    -9, 0, 0, 0, 0, 0, 0, 0,
    0, 0, -12, 0, 0, 0, 0, 0,
    0, 0, 0, 0, 0, -23, 0, -23,
    0, 0, 0, 0, 0, 0, 0, 0,
    0, -9, -6, -23, -6, 0, -6, -17,
    -9, 0, 0, 0, -6, -6, -6, 0,
    0, -6, -9, -3, -9, -6, -9, -12,
    -9, -12, -14, -9, 0, -9, 0, 0,
    0, 0, 0, 0, -12, 0, 0, 0,
    0, 0, 0, 0, 0, 0, 0, 0,
    0, 0, 0, 0, 0, 0, 0, 0,
    -6, 0, 0, 0, 0, 0, 0, 0,
    0, 0, 0, -6, 0, -9, -3, -6,
    0, -9, 0, 3, 3, -3, 0, 0,
    0, -3, 0, -1, -3, 2, 0, 0,
    0, 0, 0, 0, 0, 0, -3, 0,
    0, 0, 0, 0, 0, 0, 0, 0,
    0, 0, 0, -3, 0, 0, 0, 0,
    0, 0, -12, 0, 0, 0, -3, -3,
    -6, -4, -6, -6, 0, -12, 4, -6,
    -3, -6, -1, -6, 0, -3, -3, -14,
    -3, -3, 2, -12, -6, -3, -14, -3,
    0, 0, -4, 0, 0, 0, 0, 0,
    -12, 0, 0, 0, 0, 0, 0, 0,
    0, 0, 0, 0, 0, -5, 0, 0,
    0, 0, 0, 0, 0, 0, 0, 0,
    0, -5, 4, 0, 4, -9, 0, 0,
    0, 0, -6, -6, 0, 0, 0, 0,
    -2, -6, -2, 0, 0, -6, 0, -6,
    -9, -6, 0, 0, 0, 0, 0, 0,
    0, 0, -6, 0, 0, 0, 0, 0,
    0, 0, 0, -3, 0, 0, 0, 0,
    0, 0, 0, 0, 0, 0, -1, 0,
    0, -6, -6, 0, -3, -12, -3, -9,
    -6, -1, -6, -3, 0, 0, -3, -3,
    0, -3, -13, -14, -3, 0, -6, -14,
    -9, -9, -9, 0, 0, -6, -12, -3,
    0, 0, 0, 0, -14, 0, 0, 0,
    -6, -29, 0, 0, 0, -35, 0, -3,
    0, -6, 0, 0, 0, 0, 0, 0,
    -40, 0, 0, -6, -23, -6, -14, -14,
    -14, -17, -9, -40, -14, -46, 0, -46,
    -6, -46, 0, 0, -11, -17, -6, -12,
    0, -23, -12, -23, -14, -6, 0, -9,
    -14, -35, 0, 0, 0, 0, -23, 0,
    0, 0, -3, 0, 0, 0, 0, 0,
    0, -32, -9, -20, 0, 0, 0, 0,
    0, 0, 0, 0, 0, -6, -6, -20,
    -6, -3, -6, -23, 0, 0, 0, -12,
    -12, -12, -6, -12, 0, -6, -8, 0,
    0, 0, -3, 0, -9, -6, -12, -9,
    0, 0, -3, 0, 0, 0, 0, 0,
    0, 0, 0, 0, 0, 0, 0, 0,
    0, 0, 0, 0, 0, -3, 0, 0,
    0, 0, 0, 0, -6, 0, 0, -3,
    -6, -3, 0, -4, 0, 0, -4, -6,
    0, -14, 0, -6, 0, -14, 0, -1,
    -3, -9, -2, 0, 0, -9, -3, -6,
    -6, 0, 0, -4, -4, 0, 0, 0,
    0, 0, -9, 0, 0, 0, 0, 3,
    0, -8, 0, 3, 0, -29, -12, -26,
    0, 0, 0, 0, -9, 0, 3, 0,
    0, -17, -6, -26, -9, -12, -9, -35,
    -12, 3, 0, -3, -1, 2, 0, -3,
    6, -20, -23, -12, -12, -6, -14, -12,
    -20, -14, -17, -14, 0, -12, -12, 3,
    -17, -17, 0, 0, -12, 0, 2, 2,
    -9, 0, 0, -7, 0, 0, 0, -23,
    0, -31, -6, -6, -12, -12, -23, -3,
    0, -6, -6, -9, -9, -31, -6, -9,
    -6, -23, -4, 0, 0, -3, -3, 0,
    -3, -3, 0, -13, -12, -14, -12, -9,
    -9, -12, -14, -12, -17, -10, 0, -4,
    -9, 0, -14, -6, 0, 0, -12, 0,
    0, 0, 0, 0, 0, 0, 0, 0,
    -6, 0, 0, -20, 0, 0, 0, 0,
    0, 0, 2, 0, 0, 0, 0, -20,
    -6, -12, -6, -35, 0, 2, -6, 0,
    0, 6, -3, 0, 0, -17, -20, -14,
    -12, -6, -17, -17, -17, -12, -17, -20,
    0, 0, -12, 0, 0, 0, 0, -6,
    -17, 0, 0, 0, 0, 0, 0, 0,
    0, 0, 0, 0, -6, -6, 0, 0,
    0, 0, 0, 0, 0, 0, 0, 0,
    -6, -6, -1, -6, -1, -9, 0, 0,
    0, -3, -3, -3, 0, -3, 0, -3,
    -9, -12, -4, -2, -3, -9, -6, -9,
    -12, -6, 0, 0, -6, 0, 0, 0,
    0, 0, -9, 0, 0, 0, 0, 0,
    0, 0, 0, 0, 0, 0, 0, 0,
    0, 0, 0, 0, 0, 0, 6, 0,
    0, 0, 0, 0, 0, 0, 0, 0,
    0, 6, 0, 0, 0, 0, 0, 0,
    0, 0, 0, 0, 9, 0, 0, 0,
    0, 0, 0, 0, 0, 0, 0, 0,
    0, 0, 0, 0, 0, 0, 0, 0,
    -3, -14, 0, 0, 0, -20, 0, 0,
    0, 0, 0, 0, 0, -9, 0, 0,
    -26, 0, 0, -6, -14, 0, 0, 0,
    0, 0, 0, 0, 0, 0, 0, 0,
    0, -31, 0, 0, 0, 0, 0, 0,
    0, 0, 0, 0, 0, 0, 0, -4,
    -9, 0, 0, 0, 0, 0, 0, 0,
    0, 0, 0, 0, 0, 0, 0, -6,
    0, 6, 0, 0, 0, 0, 0, 0,
    0, 0, 0, 0, 0, 0, -6, 0,
    -2, 0, -2, 0, 0, 0, 0, 0,
    0, 0, 0, 0, 0, 0, -2, -4,
    1, -3, -1, -14, -3, -7, -7, -2,
    0, 0, 0, -6, 0, 0, 0, 0,
    -14, 0, 0, 0, 0, -3, 0, 0,
    0, -6, 0, 0, 0, -3, 0, 0,
    0, 0, 0, 0, -20, 0, 0, 0,
    -12, -3, -3, 0, -3, 0, 0, -20,
    0, -14, -6, -14, 0, -14, 0, 1,
    -3, -9, -3, -1, -3, -9, -3, -7,
    -14, -7, 0, 0, 0, -6, 0, 0,
    0, 0, -9, 0, 0, 0, 0, 0,
    0, 0, 0, 3, 0, -17, -9, -11,
    0, 0, 0, 0, 0, 0, 0, 0,
    0, -9, 0, -11, -12, 0, -12, 0,
    0, 0, 0, 0, 0, 0, 0, 0,
    3, -9, -13, -16, -12, -6, -9, -12,
    0, -12, -12, -3, 0, 0, 0, 3,
    0, 0, 0, 0, -12, 3, 0, 0,
    0, 0, 0, 0, 0, 0, 0, 0,
    0, 0, 0, 0, 0, 0, 0, 0,
    -17, 0, 0, 0, -6, 0, -4, 0,
    -4, 0, 0, -17, 0, -6, 0, -6,
    0, -6, 0, 0, -3, -7, 1, 0,
    0, -8, 0, -6, -4, -3, 0, 0,
    0, 0, 0, 0, 0, 0, -8, 0,
    0, 0, 0, 0, 0, 0, 0, -6,
    0, 0, 0, 0, 0, 0, 0, 0,
    0, 0, -12, 0, 0, 0, -6, 0,
    -2, 0, -2, 0, 0, -12, 0, -6,
    -3, -12, 0, -6, 0, -3, -3, -10,
    -9, -4, -6, -12, -4, -10, -14, -6,
    0, 0, 0, -6, 0, 0, 0, 0,
    -12, 0, 0, 0, -6, 0, 0, 0,
    0, -6, 0, -6, -20, 0, 0, 0,
    0, 0, 0, 0, -6, 0, 0, -12,
    -9, 0, -14, -3, -14, 0, 0, -6,
    0, 0, 0, 0, 0, 0, 0, -13,
    -14, -17, -7, -10, -12, -15, -6, -20,
    -12, -9, 0, 0, -3, -6, 0, 0,
    0, 0, -15, 0, 0, 0, 0, 0,
    0, 0, 0, 0, 0, -17, -12, -9,
    0, 0, 0, 0, 0, 0, -12, 0,
    0, -14, 0, -9, -9, 0, -9, 0,
    0, -12, 0, 0, 0, 0, 0, 0,
    0, -12, -12, -17, -12, -9, -12, -14,
    -6, -7, -20, -9, 0, 0, 0, 0,
    -12, 0, 0, 0, -14, 0, 0, 0,
    0, 0, 0, 0, 0, 0, 0, 7,
    -9, 3, 0, 0, 0, 0, 0, 0,
    0, 0, 0, 0, 0, 3, -5, 0,
    -5, 0, 0, 0, 0, -3, 0, 0,
    9, -3, 0, -3, -5, -10, -3, 0,
    1, -12, -2, -3, -9, 1, 0, 0,
    0, 0, 0, 0, 0, 0, -12, 0,
    0, 0, 0, 0, 0, 0, 0, 0,
    0, -17, -3, -14, 0, 0, 0, 0,
    0, 0, -12, 0, 0, -6, 0, -14,
    -3, -4, -3, -12, 0, -12, 0, 0,
    0, 0, 0, 0, 0, -6, -7, -3,
    -4, -3, -7, -7, -6, 0, -14, -6,
    0, 0, -4, 0, 0, 0, 0, 0,
    -7, 0, 0, 0, 0, 0, 0, 0,
    0, 0, 0, 0, 0, 0, 0, 0,
    0, 0, 0, 0, 0, 0, 0, -6,
    -3, 0, -3, 0, -3, 0, 0, 0,
    0, -9, -3, 0, 0, -9, 0, -4,
    -9, -6, -6, -7, -6, -9, -6, -7,
    -14, -5, 0, 0, 0, 0, 0, 0,
    0, 0, -9, 0, 0, 0, 0, 0,
    0, 0, 0, 0, 0, 0, 0, 0,
    0, 0, 0, 0, 0, 0, 3, 0,
    0, 0, 0, 0, 0, 0, 0, 0,
    0, 3, 0, 0, 0, 0, 0, 0,
    0, 0, 0, 0, 0, 0, 0, 0,
    0, 0, 0, 0, 0, 0, 0, 0,
    0, 0, 0, 0, 0, 0, 0, 0,
    0, 0, 0, 0, 0, 0, 0, 0,
    0, 0, 0, 0, 0, 0, 0, 0,
    0, 0, 0, 0, 0, 0, 0, 0,
    0, 0, 0, 0, 0, -12, 0, 0,
    0, -12, 0, 0, 0, -3, 0, 0,
    0, -4, 0, 0, 0, 0, 0, 0,
    0, 0, 0, 0, 0, 0, -4, 0,
    0, 0, 0, 0, 0, 0, 0, 0,
    0, 0, 0, 0, 0, 0, 0, 0,
    0, 0, -6, 0, 0, 0, 0, 0,
    0, 0, 0, 0, 0, -6, 0, 0,
    0, 0, 0, 0, 0, 0, 0, 0,
    0, 0, 0, 0, 0, 0, 0, 0,
    0, 0, 0, 0, 0, 0, 0, 0,
    0, 0, 0, 0, 0, 0, 0, 0,
    -6, -3, 0, -6, 0, -9, 0, 0,
    -3, 0, 0, 0, -12, 0, 0, -3,
    -6, 0, 0, 0, 0, 0, 0, 0,
    0, 0, 0, 0, 0, -9, 0, 0,
    0, 0, 0, 0, 0, 0, 0, 0,
    0, 0, 0, -3, 0, 0, 0, 0,
    0, 0, 0, 0, 0, 0, 0, 0,
    0, 0, 0, 0, 0, -12, 0, -20,
    0, 0, 0, 0, 0, 0, 3, 0,
    0, 0, 0, -20, 0, 0, 0, 0,
    0, 3, 0, 0, 0, 0, 0, 0,
    0, 0, 0, 0, 0, 0, 0, 0,
    0, 0, 0, 0, 0, 0, 0, 0,
    0, 0, 0, 0, 0, 0, 0, 0,
    0, 0, 0, 0, 0, 0, 0, 0,
    0, 0, 0, 0, 0, 0, 0, 0,
    -17, 0, 0, 0, 0, 0, 0, 0,
    0, 0, 0, 0, 0, 0, 0, 0,
    0, -12, 0, 0, 0, 0, 0, 0,
    0, 0, 0, 0, 0, 0, 0, 0,
    0, 0, 0, 0, 0, 0, 0, 0,
    0, 0, 0, 0, 0, 0, 0, 0,
    0, 0, 0, 0, 0, 0, 0, 0,
    0, 0, -17, 0, 0, 0, 0, 0,
    0, 0, 0, -3, 0, -17, 0, -14,
    0, 0, 0, -14, 0, 0, 0, 0,
    0, 0, 0, 0, 0, 0, 0, 0,
    0, 0, 0, 0, 0, 0, 0, 0,
    0, 0, 0, 0, 0, -12, 0, 0,
    0, 0, 0, 0, 0, 0, 0, -17,
    0, 0, 0, 0, -23, 0, 0, 0,
    0, 0, 0, 0, 0, 0, 0, 0,
    0, 0, 0, 0, 0, -29, 0, 0,
    0, 0, 0, 0, 0, 0, 0, 0,
    0, 0, 0, 0, -14, 0, 0, 0,
    0, 0, 0, 0, 0, 0, 0, 0,
    0, 0, 0, 6, 0, 0, 0, 0,
    0, 0, 0, 0, 0, 0, 0, 0,
    0, 0, 0, 0, 1, 0, 1, 0,
    0, 0, 0, 0, 0, 0, 0, 0,
    0, -3, -6, -3, -3, -1, 0, -3,
    0, -2, -3, 0, 0, 0, 0, 6,
    0, 0, 0, 0, -3, 0, 0, 9,
    0, 0, 0, 0, 0, 0, 0, 0,
    0, 0, 0, 0, 0, 0, 0, 0,
    -9, 0, 0, 0, 0, 0, 0, 0,
    0, 0, 0, -9, 0, -12, 0, -9,
    0, -12, 0, 0, 0, 0, 0, 0,
    0, 0, 0, 0, 0, 0, 0, 0,
    0, 0, 0, 0, 0, 0, 0, 0,
    0, 0, 0, 0, 0, 0, 14, 0,
    0, 0, 0, -5, 0, 0, 0, 0,
    0, 0, 7, 0, 0, 0, 0, -5,
    4, 0, 4, -9, 0, 7, 1, 3,
    3, 10, 3, 3, 14, 0, -3, -6,
    -1, -1, -3, -4, 0, -3, -9, -4,
    12, 0, 0, 0, 0, 0, 0, 0,
    -4, 0, 0, 0, 0, 0, 0, 0,
    0, 0, 0, 0, 0, 0, 0, 0,
    0, 0, 0, 0, 0, 0, 0, 0,
    0, 0, 0, 0, 0, -35, 0, 0,
    0, 0, 0, 0, 0, 0, 0, 0,
    0, 0, 0, 0, 0, 0, 0, 0,
    0, 0, 0, 0, 0, 0, 0, 0,
    0, 0, 0, 0, 0, 0, 0, 0,
    0, 0, 0, 0, 0, 0, 0, 0,
    0, 2, 0, 0, 0, 0, 0, 0,
    0, 0, 0, 0, 0, 0, 0, 0,
    0, 0, 0, 0, 0, 0, 0, 0,
    0, 0, 0, 0, 0, 0, 0, 0,
    0, 0, 0, 0, 0, 0, 0, 0,
    0, 0, 0, 0, 0, 0, 0, 0,
    0, 0, 0, 0, 0, 0, 0, 0,
    0, 0, 0, 0, 0, 0, 0, 0,
    0, 0, 0, 0, 0, 0, 0, 0,
    0, -3, 0, 0, 0, 0, 0, 0,
    0, 0, 0, 0, 0, 0, 0, 0,
    0, 0, 0, 0, 0, 0, 0, 0,
    0, 0, 0, 0, 0, 0, 0, 0,
    0, 0
};


/*Collect the kern class' data in one place*/
static const lv_font_fmt_txt_kern_classes_t kern_classes =
{
    .class_pair_values   = kern_class_values,
    .left_class_mapping  = kern_left_class_mapping,
    .right_class_mapping = kern_right_class_mapping,
    .left_class_cnt      = 61,
    .right_class_cnt     = 58,
};

/*--------------------
 *  ALL CUSTOM DATA
 *--------------------*/

#if LVGL_VERSION_MAJOR == 8
/*Store all the custom data of the font*/
static  lv_font_fmt_txt_glyph_cache_t cache;
#endif

#if LVGL_VERSION_MAJOR >= 8
static const lv_font_fmt_txt_dsc_t font_dsc = {
#else
static lv_font_fmt_txt_dsc_t font_dsc = {
#endif
    .glyph_bitmap = glyph_bitmap,
    .glyph_dsc = glyph_dsc,
    .cmaps = cmaps,
    .kern_dsc = &kern_classes,
    .kern_scale = 16,
    .cmap_num = 10,
    .bpp = 4,
    .kern_classes = 1,
    .bitmap_format = 0,
#if LVGL_VERSION_MAJOR == 8
    .cache = &cache
#endif
};



/*-----------------
 *  PUBLIC FONT
 *----------------*/

/*Initialize a public general font descriptor*/
#if LVGL_VERSION_MAJOR >= 8
const lv_font_t geist_c3_reg_18 = {
#else
lv_font_t geist_c3_reg_18 = {
#endif
    .get_glyph_dsc = lv_font_get_glyph_dsc_fmt_txt,    /*Function pointer to get glyph's data*/
    .get_glyph_bitmap = lv_font_get_bitmap_fmt_txt,    /*Function pointer to get glyph's bitmap*/
    .line_height = 26,          /*The maximum line height required by the font*/
    .base_line = 5,             /*Baseline measured from the bottom of the line*/
#if !(LVGL_VERSION_MAJOR == 6 && LVGL_VERSION_MINOR == 0)
    .subpx = LV_FONT_SUBPX_NONE,
#endif
#if LV_VERSION_CHECK(7, 4, 0) || LVGL_VERSION_MAJOR >= 8
    .underline_position = -2,
    .underline_thickness = 1,
#endif
    .dsc = &font_dsc,          /*The custom font data. Will be accessed by `get_glyph_bitmap/dsc` */
#if LV_VERSION_CHECK(8, 2, 0) || LVGL_VERSION_MAJOR >= 9
    .fallback = NULL,
#endif
    .user_data = NULL,
};



#endif /*#if GEIST_C3_REG_18*/

