/*******************************************************************************
 * Size: 10 px
 * Bpp: 4
 * Opts: --bpp 4 --size 10 --format lvgl --no-compress --no-prefilter --font fonts/Geist-Regular.ttf --range 0x20-0x7F,0xA0-0x24F,0x1E00-0x1EFF,0x2013-0x2026,0x203A --font /System/Library/Fonts/Supplemental/Arial Unicode.ttf --range 0x00AD,0x0114-0x0115,0x012C-0x012D,0x0138,0x013F-0x0140,0x0149,0x014E-0x014F,0x017F-0x018E,0x0190-0x0191,0x0193-0x019F,0x01A2-0x01AE,0x01B1-0x01CC,0x01CF-0x01E3,0x01EA-0x01F5,0x01FA-0x0217,0x1E00-0x1E1F,0x1E22-0x1E7F,0x1E86-0x1E9B,0x2015-0x2017,0x201B,0x201F,0x2023-0x2025,0x2713,0x2717 -o main/ui/geist_c3_reg_10.c --lv-include lvgl.h
 ******************************************************************************/

#ifdef LV_LVGL_H_INCLUDE_SIMPLE
#include "lvgl.h"
#else
#include "lvgl.h"
#endif

#ifndef GEIST_C3_REG_10
#define GEIST_C3_REG_10 1
#endif

#if GEIST_C3_REG_10

/*-----------------
 *    BITMAPS
 *----------------*/

/*Store the image of the glyphs*/
static LV_ATTRIBUTE_LARGE_CONST const uint8_t glyph_bitmap[] = {
    /* U+0020 " " */

    /* U+0021 "!" */
    0x58, 0x58, 0x58, 0x47, 0x37, 0x13, 0x22, 0x8a,

    /* U+0022 "\"" */
    0x85, 0xd0, 0x74, 0xc0, 0x54, 0xa0,

    /* U+0023 "#" */
    0x0, 0x65, 0x64, 0x0, 0x92, 0x92, 0x7, 0xfc,
    0xf9, 0x0, 0xb0, 0xb0, 0x0, 0xa1, 0xa0, 0xf,
    0xff, 0xf4, 0x6, 0x56, 0x40, 0x8, 0x29, 0x20,

    /* U+0024 "$" */
    0x0, 0x29, 0x0, 0x6, 0xff, 0x70, 0x2c, 0x3a,
    0xb4, 0x3b, 0x29, 0x23, 0xb, 0xef, 0x10, 0x0,
    0x5f, 0xd3, 0x45, 0x29, 0x4a, 0x2d, 0x49, 0x69,
    0x4, 0xff, 0xb1, 0x0, 0x27, 0x0,

    /* U+0025 "%" */
    0x2b, 0xb1, 0x3, 0x80, 0x84, 0x47, 0xb, 0x0,
    0x74, 0x56, 0x75, 0x0, 0x1a, 0xa2, 0xa0, 0x0,
    0x0, 0xa, 0x3a, 0xa1, 0x0, 0x57, 0x65, 0x47,
    0x0, 0xb0, 0x75, 0x38, 0x8, 0x40, 0x1b, 0xb2,

    /* U+0026 "&" */
    0x6, 0xed, 0x10, 0xd, 0x28, 0x60, 0xc, 0x2b,
    0x30, 0x6, 0xf6, 0x0, 0x2d, 0xa8, 0x6, 0x86,
    0xc, 0x6a, 0x77, 0x3, 0xf4, 0x1b, 0xed, 0x9a,

    /* U+0027 "'" */
    0x85, 0x84, 0x63,

    /* U+0028 "(" */
    0x2, 0x30, 0xa2, 0x1b, 0x5, 0x80, 0x75, 0x8,
    0x50, 0x66, 0x3, 0x90, 0xc, 0x0, 0x65,

    /* U+0029 ")" */
    0x50, 0x6, 0x60, 0xc, 0x0, 0xc1, 0xa, 0x30,
    0x94, 0xb, 0x20, 0xd0, 0x3a, 0x9, 0x20,

    /* U+002A "*" */
    0x2, 0x10, 0xa, 0xa1, 0x6d, 0xe9, 0xa, 0xa1,
    0x1, 0x10,

    /* U+002B "+" */
    0x0, 0x93, 0x0, 0x0, 0x93, 0x0, 0x8e, 0xff,
    0xe2, 0x0, 0x93, 0x0, 0x0, 0x93, 0x0, 0x0,
    0x41, 0x0,

    /* U+002C "," */
    0x22, 0x98, 0x26, 0x61,

    /* U+002D "-" */
    0x7e, 0xea,

    /* U+002E "." */
    0x22, 0x99,

    /* U+002F "/" */
    0x0, 0x5, 0x0, 0x0, 0xc0, 0x0, 0x48, 0x0,
    0x9, 0x30, 0x0, 0xc0, 0x0, 0x39, 0x0, 0x8,
    0x40, 0x0, 0xc0, 0x0, 0x2a, 0x0, 0x7, 0x50,
    0x0,

    /* U+0030 "0" */
    0x3, 0xde, 0xa0, 0x0, 0xd3, 0x8, 0x90, 0x59,
    0x0, 0xe, 0x7, 0x60, 0x0, 0xc1, 0x77, 0x0,
    0xd, 0x15, 0x90, 0x0, 0xe0, 0xd, 0x30, 0x89,
    0x0, 0x3d, 0xea, 0x0,

    /* U+0031 "1" */
    0x1, 0xb7, 0xeb, 0x2, 0xb0, 0x2b, 0x2, 0xb0,
    0x2b, 0x2, 0xb0, 0x2b,

    /* U+0032 "2" */
    0x4, 0xde, 0xa0, 0x1d, 0x20, 0xa7, 0x25, 0x0,
    0x58, 0x0, 0x2, 0xd4, 0x0, 0x7e, 0x50, 0x8,
    0xb1, 0x0, 0x2d, 0x0, 0x0, 0x5f, 0xee, 0xe8,

    /* U+0033 "3" */
    0x7, 0xee, 0x90, 0x2a, 0x0, 0xb4, 0x0, 0x1,
    0xb3, 0x0, 0x8f, 0x90, 0x0, 0x0, 0xa5, 0x22,
    0x0, 0x59, 0x4b, 0x0, 0xa6, 0x8, 0xee, 0x90,

    /* U+0034 "4" */
    0x0, 0x8, 0xc0, 0x0, 0x3d, 0xc0, 0x0, 0xd4,
    0xc0, 0x9, 0x61, 0xc0, 0x4b, 0x1, 0xc0, 0xaf,
    0xff, 0xf9, 0x0, 0x1, 0xc0, 0x0, 0x1, 0xc0,

    /* U+0035 "5" */
    0xd, 0xff, 0xf2, 0xe, 0x0, 0x0, 0x1d, 0x0,
    0x0, 0x2d, 0xce, 0x80, 0x2b, 0x10, 0xa6, 0x0,
    0x0, 0x4a, 0x3c, 0x0, 0x97, 0x7, 0xde, 0x90,

    /* U+0036 "6" */
    0x3, 0xde, 0xb0, 0xd, 0x20, 0x53, 0x4b, 0xce,
    0x70, 0x6e, 0x21, 0xd3, 0x78, 0x0, 0x77, 0x68,
    0x0, 0x77, 0x2d, 0x11, 0xd3, 0x6, 0xee, 0x70,

    /* U+0037 "7" */
    0xbf, 0xff, 0xf3, 0x0, 0x1, 0xb0, 0x0, 0xa,
    0x20, 0x0, 0x39, 0x0, 0x0, 0x93, 0x0, 0x0,
    0xd0, 0x0, 0x1, 0xc0, 0x0, 0x3, 0xa0, 0x0,

    /* U+0038 "8" */
    0x7, 0xee, 0x70, 0x2c, 0x0, 0xc3, 0x2c, 0x0,
    0xc2, 0x9, 0xff, 0xa0, 0x5a, 0x0, 0xa5, 0x85,
    0x0, 0x49, 0x6a, 0x0, 0xa7, 0x9, 0xee, 0xa0,

    /* U+0039 "9" */
    0x9, 0xee, 0x50, 0x6b, 0x1, 0xd1, 0x95, 0x0,
    0x95, 0x6b, 0x2, 0xe6, 0x8, 0xec, 0xa5, 0x0,
    0x0, 0xb3, 0x4a, 0x4, 0xd0, 0x9, 0xed, 0x30,

    /* U+003A ":" */
    0x1f, 0x0, 0x40, 0x0, 0x0, 0x0, 0x4, 0x1,
    0xf0,

    /* U+003B ";" */
    0x1f, 0x0, 0x40, 0x0, 0x0, 0x0, 0x4, 0x1,
    0xf0, 0x8, 0x0, 0x80,

    /* U+003C "<" */
    0x0, 0x0, 0x0, 0x0, 0x5b, 0x5, 0xc9, 0x28,
    0xa1, 0x0, 0x5d, 0x70, 0x0, 0x6, 0xd7, 0x0,
    0x0, 0x60,

    /* U+003D "=" */
    0x8d, 0xdd, 0xd0, 0x0, 0x0, 0x8d, 0xdd, 0xd0,

    /* U+003E ">" */
    0x0, 0x0, 0x0, 0x78, 0x10, 0x0, 0x6, 0xd8,
    0x10, 0x0, 0x6, 0xe0, 0x0, 0x4c, 0xa0, 0x3c,
    0xa2, 0x0, 0x42, 0x0, 0x0,

    /* U+003F "?" */
    0x8, 0xee, 0x50, 0x4b, 0x1, 0xe0, 0x43, 0x0,
    0xc1, 0x0, 0x7, 0xb0, 0x0, 0x6a, 0x0, 0x0,
    0x72, 0x0, 0x0, 0x31, 0x0, 0x0, 0xd5, 0x0,

    /* U+0040 "@" */
    0x0, 0x4b, 0xcc, 0xa1, 0x0, 0x5a, 0x10, 0x2,
    0xb0, 0x1c, 0x8, 0xb9, 0x76, 0x65, 0x65, 0x80,
    0x87, 0x29, 0x83, 0x93, 0x5, 0x62, 0x88, 0x38,
    0x50, 0xb5, 0x64, 0x57, 0x1a, 0xa5, 0xb9, 0x0,
    0xc4, 0x0, 0x10, 0x0, 0x1, 0x9c, 0xcb, 0x20,
    0x0,

    /* U+0041 "A" */
    0x0, 0x6f, 0x10, 0x0, 0xb, 0xa6, 0x0, 0x0,
    0xd3, 0xb0, 0x0, 0x59, 0xd, 0x10, 0xa, 0x40,
    0x95, 0x0, 0xff, 0xff, 0xa0, 0x5a, 0x0, 0xe,
    0xa, 0x50, 0x0, 0xa5,

    /* U+0042 "B" */
    0x1f, 0xfe, 0xc2, 0x1, 0xc0, 0x6, 0xb0, 0x1c,
    0x0, 0xd, 0x1, 0xc0, 0x6, 0x90, 0x1f, 0xee,
    0xe3, 0x1, 0xc0, 0x1, 0xd0, 0x1c, 0x0, 0x1d,
    0x11, 0xfe, 0xee, 0x70,

    /* U+0043 "C" */
    0x2, 0xce, 0xd5, 0x0, 0xd5, 0x2, 0xd2, 0x59,
    0x0, 0x4, 0x48, 0x60, 0x0, 0x0, 0x86, 0x0,
    0x0, 0x5, 0x90, 0x0, 0x56, 0xd, 0x40, 0x2d,
    0x20, 0x2c, 0xed, 0x50,

    /* U+0044 "D" */
    0x1f, 0xff, 0xb2, 0x1, 0xc0, 0x5, 0xd0, 0x1c,
    0x0, 0xa, 0x51, 0xc0, 0x0, 0x67, 0x1c, 0x0,
    0x6, 0x71, 0xc0, 0x0, 0xa5, 0x1c, 0x0, 0x5d,
    0x1, 0xfe, 0xfc, 0x20,

    /* U+0045 "E" */
    0x1f, 0xff, 0xf5, 0x1c, 0x0, 0x0, 0x1c, 0x0,
    0x0, 0x1c, 0x0, 0x0, 0x1f, 0xee, 0xe3, 0x1c,
    0x0, 0x0, 0x1c, 0x0, 0x0, 0x1f, 0xee, 0xe6,

    /* U+0046 "F" */
    0x1f, 0xff, 0xf5, 0x1c, 0x0, 0x0, 0x1c, 0x0,
    0x0, 0x1c, 0x0, 0x0, 0x1f, 0xee, 0xe2, 0x1c,
    0x0, 0x0, 0x1c, 0x0, 0x0, 0x1c, 0x0, 0x0,

    /* U+0047 "G" */
    0x2, 0xbe, 0xd4, 0x0, 0xd4, 0x2, 0xd1, 0x59,
    0x0, 0x5, 0x38, 0x60, 0x0, 0x0, 0x86, 0x4,
    0xee, 0x75, 0x90, 0x0, 0x78, 0xd, 0x40, 0x2d,
    0x80, 0x2c, 0xec, 0x58,

    /* U+0048 "H" */
    0x1c, 0x0, 0xa, 0x31, 0xc0, 0x0, 0xa3, 0x1c,
    0x0, 0xa, 0x31, 0xc0, 0x0, 0xa3, 0x1f, 0xff,
    0xff, 0x31, 0xc0, 0x0, 0xa3, 0x1c, 0x0, 0xa,
    0x31, 0xc0, 0x0, 0xa3,

    /* U+0049 "I" */
    0x1c, 0x1c, 0x1c, 0x1c, 0x1c, 0x1c, 0x1c, 0x1c,

    /* U+004A "J" */
    0x0, 0x0, 0xa3, 0x0, 0x0, 0xa3, 0x0, 0x0,
    0xa3, 0x0, 0x0, 0xa3, 0x0, 0x0, 0xa3, 0x37,
    0x0, 0xb2, 0x1d, 0x12, 0xd0, 0x6, 0xee, 0x40,

    /* U+004B "K" */
    0x1c, 0x0, 0x6a, 0x1, 0xc0, 0x3c, 0x0, 0x1c,
    0x1d, 0x20, 0x1, 0xdc, 0x70, 0x0, 0x1f, 0x8d,
    0x0, 0x1, 0xd0, 0x79, 0x0, 0x1c, 0x0, 0xc4,
    0x1, 0xc0, 0x2, 0xd0,

    /* U+004C "L" */
    0x1c, 0x0, 0x0, 0x1c, 0x0, 0x0, 0x1c, 0x0,
    0x0, 0x1c, 0x0, 0x0, 0x1c, 0x0, 0x0, 0x1c,
    0x0, 0x0, 0x1c, 0x0, 0x0, 0x1f, 0xee, 0xe4,

    /* U+004D "M" */
    0x1f, 0x40, 0x0, 0x8d, 0x1f, 0x90, 0x0, 0xdd,
    0x1d, 0xe0, 0x2, 0xcd, 0x1c, 0xa4, 0x7, 0x7d,
    0x1c, 0x59, 0xc, 0x1d, 0x1c, 0xd, 0x2c, 0xd,
    0x1c, 0xa, 0xb7, 0xd, 0x1c, 0x5, 0xf1, 0xd,

    /* U+004E "N" */
    0x1f, 0x60, 0x5, 0x81, 0xdd, 0x0, 0x58, 0x1c,
    0x86, 0x5, 0x81, 0xc1, 0xd0, 0x58, 0x1c, 0x8,
    0x65, 0x81, 0xc0, 0x1d, 0x58, 0x1c, 0x0, 0x8b,
    0x81, 0xc0, 0x1, 0xf8,

    /* U+004F "O" */
    0x2, 0xce, 0xd6, 0x0, 0xd4, 0x1, 0xc5, 0x59,
    0x0, 0x3, 0xb8, 0x60, 0x0, 0xe, 0x86, 0x0,
    0x0, 0xe5, 0x90, 0x0, 0x3b, 0xd, 0x40, 0x1c,
    0x50, 0x2c, 0xed, 0x60,

    /* U+0050 "P" */
    0x1f, 0xfe, 0xc2, 0x1c, 0x0, 0x4c, 0x1c, 0x0,
    0xe, 0x1c, 0x0, 0x5c, 0x1f, 0xfe, 0xc2, 0x1c,
    0x0, 0x0, 0x1c, 0x0, 0x0, 0x1c, 0x0, 0x0,

    /* U+0051 "Q" */
    0x2, 0xbe, 0xd5, 0x0, 0xd4, 0x2, 0xd3, 0x5a,
    0x0, 0x4, 0xa8, 0x60, 0x0, 0xd, 0x86, 0x0,
    0x1, 0xd5, 0x90, 0x32, 0x4a, 0xd, 0x41, 0xcd,
    0x30, 0x2b, 0xed, 0xb0, 0x0, 0x0, 0x5, 0x10,

    /* U+0052 "R" */
    0x1f, 0xff, 0xd3, 0x1, 0xc0, 0x3, 0xd0, 0x1c,
    0x0, 0xe, 0x1, 0xc0, 0x3, 0xb0, 0x1f, 0xee,
    0xf4, 0x1, 0xc0, 0x2, 0xd0, 0x1c, 0x0, 0xd,
    0x1, 0xc0, 0x0, 0xc0,

    /* U+0053 "S" */
    0x6, 0xee, 0x80, 0x2d, 0x0, 0xb6, 0x3b, 0x0,
    0x25, 0xa, 0xc7, 0x10, 0x0, 0x27, 0xd5, 0x45,
    0x0, 0x2c, 0x2d, 0x20, 0x5b, 0x4, 0xde, 0xb1,

    /* U+0054 "T" */
    0xdf, 0xff, 0xf6, 0x0, 0xa3, 0x0, 0x0, 0xa3,
    0x0, 0x0, 0xa3, 0x0, 0x0, 0xa3, 0x0, 0x0,
    0xa3, 0x0, 0x0, 0xa3, 0x0, 0x0, 0xa3, 0x0,

    /* U+0055 "U" */
    0x3a, 0x0, 0xb, 0x23, 0xa0, 0x0, 0xb2, 0x3a,
    0x0, 0xb, 0x23, 0xa0, 0x0, 0xb2, 0x3a, 0x0,
    0xb, 0x23, 0xa0, 0x0, 0xc1, 0xd, 0x30, 0x4d,
    0x0, 0x3d, 0xec, 0x20,

    /* U+0056 "V" */
    0xa4, 0x0, 0xa, 0x45, 0x90, 0x0, 0xe0, 0xe,
    0x0, 0x4a, 0x0, 0xa4, 0x9, 0x50, 0x5, 0x90,
    0xd0, 0x0, 0xd, 0x3b, 0x0, 0x0, 0xbb, 0x60,
    0x0, 0x6, 0xf1, 0x0,

    /* U+0057 "W" */
    0x86, 0x0, 0xe4, 0x0, 0xe0, 0x4a, 0x1, 0xf8,
    0x3, 0xb0, 0xd, 0x5, 0xac, 0x6, 0x70, 0xc,
    0x18, 0x5d, 0xa, 0x30, 0x9, 0x4b, 0x1a, 0x3d,
    0x0, 0x5, 0x8d, 0x7, 0x7c, 0x0, 0x1, 0xea,
    0x3, 0xe8, 0x0, 0x0, 0xd6, 0x0, 0xf5, 0x0,

    /* U+0058 "X" */
    0x87, 0x0, 0x69, 0xd, 0x10, 0xd1, 0x6, 0xa8,
    0x60, 0x0, 0xcc, 0x0, 0x0, 0xcd, 0x0, 0x6,
    0x98, 0x70, 0xd, 0x10, 0xd1, 0x87, 0x0, 0x69,

    /* U+0059 "Y" */
    0xc, 0x30, 0x7, 0x80, 0x4b, 0x0, 0xd1, 0x0,
    0xb3, 0x77, 0x0, 0x3, 0xcd, 0x0, 0x0, 0xb,
    0x70, 0x0, 0x0, 0x85, 0x0, 0x0, 0x8, 0x50,
    0x0, 0x0, 0x85, 0x0,

    /* U+005A "Z" */
    0x8f, 0xff, 0xf0, 0x0, 0x4, 0xb0, 0x0, 0xd,
    0x20, 0x0, 0x87, 0x0, 0x2, 0xd0, 0x0, 0xc,
    0x40, 0x0, 0x69, 0x0, 0x0, 0xbf, 0xee, 0xe2,

    /* U+005B "[" */
    0x1d, 0xc3, 0x1b, 0x0, 0x1b, 0x0, 0x1b, 0x0,
    0x1b, 0x0, 0x1b, 0x0, 0x1b, 0x0, 0x1b, 0x0,
    0x1b, 0x0, 0x1d, 0xc3,

    /* U+005C "\\" */
    0x42, 0x0, 0x4, 0x80, 0x0, 0xc, 0x0, 0x0,
    0xa2, 0x0, 0x5, 0x70, 0x0, 0x1b, 0x0, 0x0,
    0xb1, 0x0, 0x6, 0x60, 0x0, 0x1a, 0x0, 0x0,
    0xc0,

    /* U+005D "]" */
    0xac, 0x70, 0x48, 0x4, 0x80, 0x48, 0x4, 0x80,
    0x48, 0x4, 0x80, 0x48, 0x4, 0x8a, 0xc7,

    /* U+005E "^" */
    0x9, 0xd0, 0xb, 0x84, 0x66, 0x2a,

    /* U+005F "_" */
    0x7d, 0xdd, 0xd1,

    /* U+0060 "`" */
    0x0, 0x3, 0xa0, 0x3, 0x0,

    /* U+0061 "a" */
    0x9, 0xed, 0x20, 0x4a, 0x3, 0xa0, 0x1, 0x59,
    0xd0, 0x4c, 0x63, 0xd0, 0x87, 0x7, 0xd0, 0x2d,
    0xe8, 0xc4,

    /* U+0062 "b" */
    0x3a, 0x0, 0x0, 0x3a, 0x0, 0x0, 0x3b, 0xce,
    0x80, 0x3f, 0x20, 0xc3, 0x3b, 0x0, 0x67, 0x3b,
    0x0, 0x67, 0x3f, 0x20, 0xc3, 0x3a, 0xce, 0x80,

    /* U+0063 "c" */
    0x8, 0xed, 0x40, 0x4b, 0x1, 0xd0, 0x85, 0x0,
    0x0, 0x85, 0x0, 0x10, 0x4b, 0x1, 0xd0, 0x8,
    0xed, 0x40,

    /* U+0064 "d" */
    0x0, 0x0, 0xb2, 0x0, 0x0, 0xb2, 0x9, 0xeb,
    0xc2, 0x4c, 0x2, 0xf2, 0x85, 0x0, 0xc2, 0x85,
    0x0, 0xc2, 0x4b, 0x2, 0xf2, 0x9, 0xeb, 0xb2,

    /* U+0065 "e" */
    0x8, 0xed, 0x40, 0x49, 0x1, 0xd0, 0x8d, 0xdd,
    0xe2, 0x86, 0x0, 0x0, 0x4c, 0x2, 0xd0, 0x8,
    0xed, 0x30,

    /* U+0066 "f" */
    0x5, 0xe7, 0xa, 0x30, 0x5f, 0xf6, 0xb, 0x20,
    0xb, 0x20, 0xb, 0x20, 0xb, 0x20, 0xb, 0x20,

    /* U+0067 "g" */
    0x8, 0xec, 0xb2, 0x4b, 0x3, 0xf2, 0x85, 0x0,
    0xc2, 0x86, 0x0, 0xc2, 0x3c, 0x3, 0xf2, 0x7,
    0xdb, 0xb2, 0x28, 0x1, 0xd0, 0x9, 0xdd, 0x40,

    /* U+0068 "h" */
    0x3a, 0x0, 0x0, 0x3a, 0x0, 0x0, 0x3b, 0xbd,
    0x50, 0x3e, 0x1, 0xd0, 0x3a, 0x0, 0xd0, 0x3a,
    0x0, 0xd0, 0x3a, 0x0, 0xd0, 0x3a, 0x0, 0xd0,

    /* U+0069 "i" */
    0x3a, 0x0, 0x3a, 0x3a, 0x3a, 0x3a, 0x3a, 0x3a,

    /* U+006A "j" */
    0x1, 0xd0, 0x1, 0x0, 0xc0, 0xc, 0x0, 0xc0,
    0xc, 0x0, 0xc0, 0xc, 0x1, 0xc0, 0xd7,

    /* U+006B "k" */
    0x3a, 0x0, 0x0, 0x3a, 0x0, 0x0, 0x3a, 0x3,
    0xd1, 0x3a, 0x1d, 0x20, 0x3a, 0xc6, 0x0, 0x3f,
    0x8c, 0x0, 0x3b, 0x8, 0x70, 0x3a, 0x0, 0xd2,

    /* U+006C "l" */
    0x3a, 0x3, 0xa0, 0x3a, 0x3, 0xa0, 0x3a, 0x3,
    0xa0, 0x3a, 0x1, 0xd5,

    /* U+006D "m" */
    0x3a, 0xac, 0x5a, 0xc5, 0x3d, 0x3, 0xf0, 0xd,
    0x3a, 0x0, 0xc0, 0xd, 0x3a, 0x0, 0xc0, 0xd,
    0x3a, 0x0, 0xc0, 0xd, 0x3a, 0x0, 0xc0, 0xd,

    /* U+006E "n" */
    0x3a, 0xac, 0x50, 0x3d, 0x0, 0xd0, 0x3a, 0x0,
    0xd0, 0x3a, 0x0, 0xd0, 0x3a, 0x0, 0xd0, 0x3a,
    0x0, 0xd0,

    /* U+006F "o" */
    0x8, 0xed, 0x40, 0x4b, 0x1, 0xe0, 0x85, 0x0,
    0xa3, 0x85, 0x0, 0xa3, 0x4b, 0x1, 0xd0, 0x8,
    0xed, 0x40,

    /* U+0070 "p" */
    0x3b, 0xcc, 0x80, 0x3f, 0x10, 0xb3, 0x3b, 0x0,
    0x66, 0x3b, 0x0, 0x76, 0x3f, 0x20, 0xc3, 0x3c,
    0xce, 0x70, 0x3a, 0x0, 0x0, 0x3a, 0x0, 0x0,

    /* U+0071 "q" */
    0x8, 0xec, 0xb2, 0x4b, 0x2, 0xf2, 0x75, 0x0,
    0xc2, 0x75, 0x0, 0xc2, 0x3b, 0x2, 0xf2, 0x8,
    0xec, 0xc2, 0x0, 0x0, 0xb2, 0x0, 0x0, 0xb2,

    /* U+0072 "r" */
    0x3b, 0xd4, 0x3d, 0x0, 0x3a, 0x0, 0x3a, 0x0,
    0x3a, 0x0, 0x3a, 0x0,

    /* U+0073 "s" */
    0xa, 0xed, 0x14, 0xa0, 0x48, 0x2d, 0x61, 0x0,
    0x27, 0xc6, 0x68, 0x3, 0xa0, 0xad, 0xd3,

    /* U+0074 "t" */
    0xa, 0x20, 0x5f, 0xf7, 0xa, 0x20, 0xa, 0x20,
    0xa, 0x20, 0xa, 0x30, 0x5, 0xd7,

    /* U+0075 "u" */
    0x3a, 0x0, 0xd3, 0xa0, 0xd, 0x3a, 0x0, 0xd3,
    0xa0, 0xd, 0x1c, 0x2, 0xf0, 0x8d, 0xac,

    /* U+0076 "v" */
    0x94, 0x0, 0xd0, 0x49, 0x3, 0xa0, 0xd, 0x8,
    0x50, 0xa, 0x3c, 0x0, 0x5, 0xaa, 0x0, 0x0,
    0xf5, 0x0,

    /* U+0077 "w" */
    0xa4, 0x7, 0xa0, 0x1d, 0x68, 0xb, 0xd0, 0x58,
    0x1c, 0xc, 0xa2, 0x94, 0xc, 0x48, 0x66, 0xc0,
    0x8, 0xc4, 0x1c, 0xb0, 0x4, 0xf0, 0xd, 0x70,

    /* U+0078 "x" */
    0x2c, 0x1, 0xd1, 0x7, 0x79, 0x50, 0x0, 0xcb,
    0x0, 0x0, 0xdc, 0x0, 0x9, 0x68, 0x60, 0x3c,
    0x0, 0xd1,

    /* U+0079 "y" */
    0x94, 0x0, 0xd0, 0x49, 0x3, 0xb0, 0xd, 0x8,
    0x60, 0xa, 0x3c, 0x10, 0x5, 0xac, 0x0, 0x0,
    0xf7, 0x0, 0x0, 0xb2, 0x0, 0xc, 0xa0, 0x0,

    /* U+007A "z" */
    0x5d, 0xdd, 0xc0, 0x0, 0xa5, 0x0, 0x78, 0x0,
    0x4b, 0x0, 0x1c, 0x10, 0x7, 0xed, 0xdb,

    /* U+007B "{" */
    0x0, 0xba, 0x6, 0x70, 0x8, 0x40, 0x8, 0x40,
    0xc, 0x10, 0x89, 0x0, 0xb, 0x20, 0x8, 0x40,
    0x7, 0x60, 0x1, 0xba,

    /* U+007C "|" */
    0x5, 0x1b, 0x1b, 0x1b, 0x1b, 0x1b, 0x1b, 0x1b,
    0x1b, 0x1b,

    /* U+007D "}" */
    0xba, 0x0, 0x9, 0x40, 0x6, 0x60, 0x5, 0x60,
    0x2, 0xb0, 0x0, 0xa6, 0x4, 0xa0, 0x6, 0x60,
    0x8, 0x50, 0xbb, 0x0,

    /* U+007E "~" */
    0x2d, 0x91, 0xb7, 0x46, 0xd5,

    /* U+00A0 " " */

    /* U+00A1 "¡" */
    0x8a, 0x22, 0x13, 0x37, 0x47, 0x58, 0x58, 0x58,

    /* U+00A2 "¢" */
    0x0, 0x46, 0x0, 0x7, 0xff, 0x40, 0x3c, 0x75,
    0xd0, 0x85, 0x82, 0x0, 0x85, 0x91, 0x20, 0x4c,
    0xb2, 0xd0, 0x7, 0xfd, 0x30, 0x0, 0xb0, 0x0,

    /* U+00A3 "£" */
    0x1, 0xcf, 0xa0, 0x9, 0x70, 0xa6, 0xb, 0x20,
    0x1, 0x9, 0x30, 0x0, 0x5e, 0xed, 0x20, 0x4,
    0x70, 0x0, 0xa, 0x10, 0x0, 0x6f, 0xff, 0xf7,

    /* U+00A4 "¤" */
    0x22, 0x0, 0x4, 0x2f, 0xed, 0xf5, 0xe, 0x10,
    0xf1, 0xb, 0x0, 0x83, 0xf, 0x31, 0xf0, 0x3e,
    0xcc, 0xe7, 0x11, 0x0, 0x3,

    /* U+00A5 "¥" */
    0xc, 0x30, 0x7, 0x80, 0x4a, 0x0, 0xd1, 0x0,
    0xc2, 0x68, 0x0, 0x4, 0xad, 0x10, 0x1, 0xdf,
    0xfd, 0x50, 0x1e, 0xff, 0xe5, 0x0, 0x8, 0x50,
    0x0, 0x0, 0x85, 0x0,

    /* U+00A6 "¦" */
    0x1a, 0x1b, 0x1b, 0x1b, 0x0, 0x0, 0x1a, 0x1b,
    0x1b, 0x1b,

    /* U+00A7 "§" */
    0x9, 0xdd, 0x33, 0xb0, 0x2b, 0xc, 0x72, 0x0,
    0xb8, 0xb7, 0x39, 0x0, 0xc0, 0xaa, 0xb7, 0x0,
    0x18, 0xa4, 0xb0, 0x1d, 0x7, 0xdc, 0x40,

    /* U+00A8 "¨" */
    0x84, 0xc0, 0x10, 0x10,

    /* U+00A9 "©" */
    0x0, 0x7d, 0xe9, 0x10, 0xa, 0xac, 0xca, 0xd0,
    0x3b, 0x94, 0xb, 0x68, 0x75, 0xc0, 0x0, 0x1c,
    0x75, 0x94, 0xc, 0x1c, 0x3a, 0x1b, 0xc4, 0x68,
    0xa, 0x81, 0x5, 0xd0, 0x0, 0x7d, 0xe9, 0x10,

    /* U+00AA "ª" */
    0x3c, 0xc2, 0x16, 0xb6, 0x88, 0x97, 0x4a, 0x88,

    /* U+00AB "«" */
    0x2, 0x42, 0x40, 0xc3, 0xc3, 0x86, 0x76, 0x5,
    0xb4, 0xb0, 0x8, 0x78, 0x80,

    /* U+00AC "¬" */
    0x7d, 0xdd, 0x80, 0x0, 0x29, 0x0, 0x2, 0x80,

    /* U+00AD "­" */
    0x8d, 0xd0,

    /* U+00AE "®" */
    0x3, 0x99, 0x60, 0x19, 0xa8, 0x76, 0x71, 0xbb,
    0x19, 0x71, 0x98, 0x19, 0x29, 0x21, 0x76, 0x3,
    0x99, 0x60,

    /* U+00AF "¯" */
    0x7c, 0xc1,

    /* U+00B0 "°" */
    0xa, 0xb1, 0x75, 0x57, 0x75, 0x57, 0xb, 0xb1,

    /* U+00B1 "±" */
    0x0, 0xb1, 0x0, 0xb, 0x10, 0x8d, 0xfe, 0xd0,
    0xb, 0x10, 0x0, 0x91, 0x7, 0xdd, 0xdc,

    /* U+00B2 "²" */
    0x3a, 0xa0, 0x20, 0xb0, 0x2a, 0x20, 0x8a, 0x90,

    /* U+00B3 "³" */
    0x69, 0x90, 0x7, 0x90, 0x20, 0xa0, 0x79, 0x90,

    /* U+00B4 "´" */
    0x1, 0x3, 0xa0, 0x21, 0x0,

    /* U+00B5 "µ" */
    0x2, 0x0, 0x33, 0xa0, 0xd, 0x3a, 0x0, 0xd3,
    0xa0, 0xd, 0x5f, 0x1, 0xf3, 0xfc, 0x9d, 0x3a,
    0x0, 0x0,

    /* U+00B6 "¶" */
    0x9, 0xfe, 0xf0, 0x6f, 0xf9, 0xc0, 0x8f, 0xf9,
    0xc0, 0x3f, 0xf9, 0xc0, 0x3, 0x99, 0xc0, 0x0,
    0x39, 0xc0, 0x0, 0x39, 0xc0, 0x0, 0x39, 0xc0,

    /* U+00B7 "·" */
    0x0, 0x99, 0x11,

    /* U+00B8 "¸" */
    0xb, 0x22, 0x9, 0x3a, 0x50,

    /* U+00B9 "¹" */
    0x9, 0x7c, 0xa, 0xa,

    /* U+00BA "º" */
    0x2b, 0xb4, 0x85, 0x2b, 0x76, 0x2b, 0x19, 0xa2,

    /* U+00BB "»" */
    0x33, 0x24, 0x0, 0xc3, 0xc3, 0x2, 0xb2, 0xc0,
    0x79, 0x69, 0x3c, 0x4c, 0x0,

    /* U+00BC "¼" */
    0x9, 0x0, 0x9, 0x30, 0x7c, 0x0, 0x39, 0x0,
    0xa, 0x0, 0xb1, 0x0, 0xa, 0x6, 0x50, 0x20,
    0x3, 0x1b, 0x9, 0x90, 0x0, 0xa2, 0x56, 0x90,
    0x4, 0x80, 0xaa, 0xd1, 0xb, 0x0, 0x1, 0x90,

    /* U+00BD "½" */
    0x3, 0x0, 0x2, 0x20, 0xa, 0x0, 0xb, 0x10,
    0x7c, 0x0, 0x66, 0x0, 0xa, 0x1, 0xb0, 0x0,
    0x9, 0x9, 0x38, 0xc3, 0x0, 0x39, 0x6, 0x28,
    0x0, 0xb1, 0x1, 0x93, 0x6, 0x60, 0xb, 0x20,
    0x9, 0x0, 0xc, 0xa5,

    /* U+00BE "¾" */
    0x4b, 0x60, 0x1, 0x90, 0x40, 0xa0, 0x9, 0x30,
    0x7, 0x80, 0x38, 0x0, 0x40, 0xa0, 0xb0, 0x0,
    0x5a, 0x77, 0x40, 0xb1, 0x0, 0x2a, 0x8, 0xa1,
    0x0, 0xb1, 0x4b, 0xd6, 0x6, 0x60, 0x0, 0x91,

    /* U+00BF "¿" */
    0x0, 0x0, 0x0, 0x0, 0xb6, 0x0, 0x0, 0x21,
    0x0, 0x0, 0x82, 0x0, 0x2, 0xd0, 0x0, 0x2c,
    0x20, 0x0, 0x86, 0x0, 0x60, 0x69, 0x3, 0xd0,
    0xa, 0xfd, 0x20,

    /* U+00C0 "À" */
    0x0, 0x10, 0x0, 0x0, 0x7, 0x50, 0x0, 0x0,
    0x3, 0x0, 0x0, 0x6, 0xf1, 0x0, 0x0, 0xba,
    0x60, 0x0, 0xd, 0x3b, 0x0, 0x5, 0x90, 0xd1,
    0x0, 0xa4, 0x9, 0x50, 0xf, 0xff, 0xfa, 0x5,
    0xa0, 0x0, 0xe0, 0xa5, 0x0, 0xa, 0x50,

    /* U+00C1 "Á" */
    0x0, 0x0, 0x0, 0x0, 0x0, 0xa3, 0x0, 0x0,
    0x3, 0x0, 0x0, 0x6, 0xf1, 0x0, 0x0, 0xba,
    0x60, 0x0, 0xd, 0x3b, 0x0, 0x5, 0x90, 0xd1,
    0x0, 0xa4, 0x9, 0x50, 0xf, 0xff, 0xfa, 0x5,
    0xa0, 0x0, 0xe0, 0xa5, 0x0, 0xa, 0x50,

    /* U+00C2 "Â" */
    0x0, 0x6d, 0x20, 0x0, 0x5, 0x14, 0x0, 0x0,
    0x6f, 0x10, 0x0, 0xb, 0xa6, 0x0, 0x0, 0xd3,
    0xb0, 0x0, 0x59, 0xd, 0x10, 0xa, 0x40, 0x95,
    0x0, 0xff, 0xff, 0xa0, 0x5a, 0x0, 0xe, 0xa,
    0x50, 0x0, 0xa5,

    /* U+00C3 "Ã" */
    0x0, 0x89, 0x60, 0x0, 0x0, 0x0, 0x0, 0x0,
    0x6f, 0x10, 0x0, 0xb, 0xa6, 0x0, 0x0, 0xd3,
    0xb0, 0x0, 0x59, 0xd, 0x10, 0xa, 0x40, 0x95,
    0x0, 0xff, 0xff, 0xa0, 0x5a, 0x0, 0xe, 0xa,
    0x50, 0x0, 0xa5,

    /* U+00C4 "Ä" */
    0x0, 0xd3, 0x90, 0x0, 0x1, 0x1, 0x0, 0x0,
    0x6f, 0x10, 0x0, 0xb, 0xa6, 0x0, 0x0, 0xd3,
    0xb0, 0x0, 0x59, 0xd, 0x10, 0xa, 0x40, 0x95,
    0x0, 0xff, 0xff, 0xa0, 0x5a, 0x0, 0xe, 0xa,
    0x50, 0x0, 0xa5,

    /* U+00C5 "Å" */
    0x0, 0x39, 0x0, 0x0, 0x8, 0x52, 0x0, 0x0,
    0x39, 0x0, 0x0, 0x6, 0xf1, 0x0, 0x0, 0xba,
    0x60, 0x0, 0x1d, 0x3b, 0x0, 0x6, 0x90, 0xe0,
    0x0, 0xb4, 0xa, 0x50, 0xf, 0xff, 0xfa, 0x5,
    0xa0, 0x0, 0xe0, 0xa4, 0x0, 0xa, 0x40,

    /* U+00C6 "Æ" */
    0x0, 0x3, 0xff, 0xff, 0xf0, 0x0, 0xb, 0x3c,
    0x0, 0x0, 0x0, 0x3b, 0x1c, 0x0, 0x0, 0x0,
    0xa3, 0x1c, 0x0, 0x0, 0x2, 0xc0, 0x1f, 0xee,
    0xd0, 0x9, 0xff, 0xfc, 0x0, 0x0, 0x1d, 0x0,
    0x1c, 0x0, 0x0, 0x86, 0x0, 0x1f, 0xee, 0xe2,

    /* U+00C7 "Ç" */
    0x2, 0xce, 0xd5, 0x0, 0xd5, 0x2, 0xd2, 0x59,
    0x0, 0x4, 0x48, 0x60, 0x0, 0x0, 0x86, 0x0,
    0x0, 0x5, 0x90, 0x0, 0x56, 0xd, 0x40, 0x2d,
    0x20, 0x2c, 0xfd, 0x50, 0x0, 0x8, 0x50, 0x0,
    0x4, 0x95, 0x0,

    /* U+00C8 "È" */
    0x0, 0x10, 0x0, 0x0, 0xa3, 0x0, 0x0, 0x12,
    0x0, 0x1f, 0xff, 0xf5, 0x1c, 0x0, 0x0, 0x1c,
    0x0, 0x0, 0x1c, 0x0, 0x0, 0x1f, 0xee, 0xe3,
    0x1c, 0x0, 0x0, 0x1c, 0x0, 0x0, 0x1f, 0xee,
    0xe6,

    /* U+00C9 "É" */
    0x0, 0x1, 0x0, 0x0, 0xc, 0x10, 0x0, 0x2,
    0x0, 0x1f, 0xff, 0xf5, 0x1c, 0x0, 0x0, 0x1c,
    0x0, 0x0, 0x1c, 0x0, 0x0, 0x1f, 0xee, 0xe3,
    0x1c, 0x0, 0x0, 0x1c, 0x0, 0x0, 0x1f, 0xee,
    0xe6,

    /* U+00CA "Ê" */
    0x0, 0x9c, 0x0, 0x0, 0x52, 0x30, 0x1f, 0xff,
    0xf5, 0x1c, 0x0, 0x0, 0x1c, 0x0, 0x0, 0x1c,
    0x0, 0x0, 0x1f, 0xee, 0xe3, 0x1c, 0x0, 0x0,
    0x1c, 0x0, 0x0, 0x1f, 0xee, 0xe6,

    /* U+00CB "Ë" */
    0x2, 0xb6, 0x70, 0x0, 0x10, 0x0, 0x1f, 0xff,
    0xf5, 0x1c, 0x0, 0x0, 0x1c, 0x0, 0x0, 0x1c,
    0x0, 0x0, 0x1f, 0xee, 0xe3, 0x1c, 0x0, 0x0,
    0x1c, 0x0, 0x0, 0x1f, 0xee, 0xe6,

    /* U+00CC "Ì" */
    0x10, 0x75, 0x3, 0x1c, 0x1c, 0x1c, 0x1c, 0x1c,
    0x1c, 0x1c, 0x1c,

    /* U+00CD "Í" */
    0x0, 0x0, 0xa3, 0x3, 0x1, 0xc0, 0x1c, 0x1,
    0xc0, 0x1c, 0x1, 0xc0, 0x1c, 0x1, 0xc0, 0x1c,
    0x0,

    /* U+00CE "Î" */
    0x6, 0xd2, 0x5, 0x14, 0x1, 0xc0, 0x1, 0xc0,
    0x1, 0xc0, 0x1, 0xc0, 0x1, 0xc0, 0x1, 0xc0,
    0x1, 0xc0, 0x1, 0xc0,

    /* U+00CF "Ï" */
    0xd3, 0x91, 0x1, 0x1c, 0x1, 0xc0, 0x1c, 0x1,
    0xc0, 0x1c, 0x1, 0xc0, 0x1c, 0x1, 0xc0,

    /* U+00D0 "Ð" */
    0x1f, 0xff, 0xb2, 0x1, 0xc0, 0x5, 0xd0, 0x1c,
    0x0, 0xa, 0x51, 0xc0, 0x0, 0x67, 0xcf, 0xda,
    0x6, 0x71, 0xc0, 0x0, 0xa5, 0x1c, 0x0, 0x5d,
    0x1, 0xfe, 0xfc, 0x20,

    /* U+00D1 "Ñ" */
    0x0, 0x49, 0x82, 0x0, 0x0, 0x0, 0x0, 0x1f,
    0x60, 0x5, 0x81, 0xdd, 0x0, 0x58, 0x1c, 0x86,
    0x5, 0x81, 0xc1, 0xd0, 0x58, 0x1c, 0x8, 0x65,
    0x81, 0xc0, 0x1d, 0x58, 0x1c, 0x0, 0x8b, 0x81,
    0xc0, 0x1, 0xf8,

    /* U+00D2 "Ò" */
    0x0, 0x0, 0x0, 0x0, 0x2, 0xa0, 0x0, 0x0,
    0x3, 0x0, 0x0, 0x2c, 0xed, 0x60, 0xd, 0x40,
    0x1c, 0x55, 0x90, 0x0, 0x3b, 0x86, 0x0, 0x0,
    0xe8, 0x60, 0x0, 0xe, 0x59, 0x0, 0x3, 0xb0,
    0xd4, 0x1, 0xc5, 0x2, 0xce, 0xd6, 0x0,

    /* U+00D3 "Ó" */
    0x0, 0x0, 0x10, 0x0, 0x0, 0x48, 0x0, 0x0,
    0x2, 0x0, 0x0, 0x2c, 0xed, 0x60, 0xd, 0x40,
    0x1c, 0x55, 0x90, 0x0, 0x3b, 0x86, 0x0, 0x0,
    0xe8, 0x60, 0x0, 0xe, 0x59, 0x0, 0x3, 0xb0,
    0xd4, 0x1, 0xc5, 0x2, 0xce, 0xd6, 0x0,

    /* U+00D4 "Ô" */
    0x0, 0x7, 0x20, 0x0, 0x6, 0x7a, 0x0, 0x0,
    0x0, 0x0, 0x0, 0x2c, 0xed, 0x60, 0xd, 0x40,
    0x1c, 0x55, 0x90, 0x0, 0x3b, 0x86, 0x0, 0x0,
    0xe8, 0x60, 0x0, 0xe, 0x59, 0x0, 0x3, 0xb0,
    0xd4, 0x1, 0xc5, 0x2, 0xce, 0xd6, 0x0,

    /* U+00D5 "Õ" */
    0x0, 0x59, 0x80, 0x0, 0x0, 0x0, 0x0, 0x2,
    0xce, 0xd6, 0x0, 0xd4, 0x1, 0xc5, 0x59, 0x0,
    0x3, 0xb8, 0x60, 0x0, 0xe, 0x86, 0x0, 0x0,
    0xe5, 0x90, 0x0, 0x3b, 0xd, 0x40, 0x1c, 0x50,
    0x2c, 0xed, 0x60,

    /* U+00D6 "Ö" */
    0x0, 0x93, 0xd0, 0x0, 0x1, 0x1, 0x0, 0x2,
    0xce, 0xd6, 0x0, 0xd4, 0x1, 0xc5, 0x59, 0x0,
    0x3, 0xb8, 0x60, 0x0, 0xe, 0x86, 0x0, 0x0,
    0xe5, 0x90, 0x0, 0x3b, 0xd, 0x40, 0x1c, 0x50,
    0x2c, 0xed, 0x60,

    /* U+00D7 "×" */
    0x22, 0x1, 0x33, 0xc2, 0xc3, 0x5, 0xf5, 0x0,
    0xbb, 0xb0, 0x57, 0x7, 0x60, 0x0, 0x0,

    /* U+00D8 "Ø" */
    0x2, 0xce, 0xde, 0x50, 0xd4, 0x4, 0xf5, 0x59,
    0x0, 0xb5, 0xb8, 0x60, 0x66, 0xe, 0x86, 0x1b,
    0x0, 0xe5, 0x9a, 0x20, 0x3b, 0xf, 0xd0, 0x1c,
    0x50, 0xec, 0xed, 0x60,

    /* U+00D9 "Ù" */
    0x0, 0x10, 0x0, 0x0, 0x5, 0x70, 0x0, 0x0,
    0x3, 0x0, 0x3, 0xa0, 0x0, 0xb2, 0x3a, 0x0,
    0xb, 0x23, 0xa0, 0x0, 0xb2, 0x3a, 0x0, 0xb,
    0x23, 0xa0, 0x0, 0xb2, 0x3a, 0x0, 0xc, 0x10,
    0xd3, 0x4, 0xd0, 0x3, 0xde, 0xc2, 0x0,

    /* U+00DA "Ú" */
    0x0, 0x0, 0x10, 0x0, 0x0, 0x84, 0x0, 0x0,
    0x3, 0x0, 0x3, 0xa0, 0x0, 0xb2, 0x3a, 0x0,
    0xb, 0x23, 0xa0, 0x0, 0xb2, 0x3a, 0x0, 0xb,
    0x23, 0xa0, 0x0, 0xb2, 0x3a, 0x0, 0xc, 0x10,
    0xd3, 0x4, 0xd0, 0x3, 0xde, 0xc2, 0x0,

    /* U+00DB "Û" */
    0x0, 0x17, 0x0, 0x0, 0x9, 0x78, 0x0, 0x0,
    0x0, 0x0, 0x3, 0xa0, 0x0, 0xb2, 0x3a, 0x0,
    0xb, 0x23, 0xa0, 0x0, 0xb2, 0x3a, 0x0, 0xb,
    0x23, 0xa0, 0x0, 0xb2, 0x3a, 0x0, 0xc, 0x10,
    0xd3, 0x4, 0xd0, 0x3, 0xde, 0xc2, 0x0,

    /* U+00DC "Ü" */
    0x0, 0xc2, 0xb0, 0x0, 0x1, 0x1, 0x0, 0x3a,
    0x0, 0xb, 0x23, 0xa0, 0x0, 0xb2, 0x3a, 0x0,
    0xb, 0x23, 0xa0, 0x0, 0xb2, 0x3a, 0x0, 0xb,
    0x23, 0xa0, 0x0, 0xc1, 0xd, 0x30, 0x4d, 0x0,
    0x3d, 0xec, 0x20,

    /* U+00DD "Ý" */
    0x0, 0x0, 0x10, 0x0, 0x0, 0x2b, 0x0, 0x0,
    0x1, 0x10, 0x0, 0xc3, 0x0, 0x78, 0x4, 0xb0,
    0xd, 0x10, 0xb, 0x37, 0x70, 0x0, 0x3c, 0xd0,
    0x0, 0x0, 0xb7, 0x0, 0x0, 0x8, 0x50, 0x0,
    0x0, 0x85, 0x0, 0x0, 0x8, 0x50, 0x0,

    /* U+00DE "Þ" */
    0x1c, 0x0, 0x0, 0x1c, 0x0, 0x0, 0x1f, 0xee,
    0xa1, 0x1c, 0x0, 0x79, 0x1c, 0x0, 0x79, 0x1f,
    0xfe, 0xb1, 0x1c, 0x0, 0x0, 0x1c, 0x0, 0x0,

    /* U+00DF "ß" */
    0x5, 0xed, 0x50, 0x1d, 0x1, 0xd0, 0x3a, 0x1,
    0xd0, 0x3a, 0x8f, 0x60, 0x3a, 0x1, 0xc2, 0x3a,
    0x0, 0x77, 0x3a, 0x0, 0xb4, 0x3a, 0x9e, 0x80,

    /* U+00E0 "à" */
    0x2, 0xb0, 0x0, 0x0, 0x40, 0x0, 0x9, 0xed,
    0x20, 0x4a, 0x3, 0xa0, 0x1, 0x59, 0xd0, 0x4c,
    0x63, 0xd0, 0x87, 0x7, 0xd0, 0x2d, 0xe8, 0xc4,

    /* U+00E1 "á" */
    0x0, 0x2b, 0x0, 0x0, 0x31, 0x0, 0x9, 0xed,
    0x20, 0x4a, 0x3, 0xa0, 0x1, 0x59, 0xd0, 0x4c,
    0x63, 0xd0, 0x87, 0x7, 0xd0, 0x2d, 0xe8, 0xc4,

    /* U+00E2 "â" */
    0x1, 0x98, 0x0, 0x2, 0x2, 0x0, 0x9, 0xed,
    0x20, 0x4a, 0x3, 0xa0, 0x1, 0x59, 0xd0, 0x4c,
    0x63, 0xd0, 0x87, 0x7, 0xd0, 0x2d, 0xe8, 0xc4,

    /* U+00E3 "ã" */
    0x6, 0xa9, 0x10, 0x0, 0x0, 0x0, 0x9, 0xed,
    0x20, 0x4a, 0x3, 0xa0, 0x1, 0x59, 0xd0, 0x4c,
    0x63, 0xd0, 0x87, 0x7, 0xd0, 0x2d, 0xe8, 0xc4,

    /* U+00E4 "ä" */
    0x8, 0x5c, 0x10, 0x0, 0x1, 0x0, 0x9, 0xed,
    0x20, 0x4a, 0x3, 0xa0, 0x1, 0x59, 0xd0, 0x4c,
    0x63, 0xd0, 0x87, 0x7, 0xd0, 0x2d, 0xe8, 0xc4,

    /* U+00E5 "å" */
    0x0, 0x84, 0x0, 0x1, 0x68, 0x0, 0x0, 0x84,
    0x0, 0x9, 0xed, 0x20, 0x4a, 0x3, 0xa0, 0x1,
    0x59, 0xd0, 0x4c, 0x63, 0xd0, 0x87, 0x7, 0xd0,
    0x2d, 0xe8, 0xc4,

    /* U+00E6 "æ" */
    0xa, 0xed, 0x5c, 0xeb, 0x13, 0x70, 0x2f, 0x30,
    0x78, 0x6, 0xbc, 0xfd, 0xdd, 0xa6, 0x91, 0x1f,
    0x0, 0x0, 0x86, 0x6, 0xf5, 0x8, 0x72, 0xdd,
    0x92, 0xcc, 0xa0,

    /* U+00E7 "ç" */
    0x8, 0xed, 0x40, 0x4b, 0x1, 0xd0, 0x85, 0x0,
    0x0, 0x85, 0x0, 0x10, 0x4b, 0x1, 0xd0, 0x8,
    0xfd, 0x40, 0x0, 0x76, 0x0, 0x1, 0x97, 0x0,

    /* U+00E8 "è" */
    0x1, 0xc0, 0x0, 0x0, 0x31, 0x0, 0x8, 0xed,
    0x40, 0x49, 0x1, 0xd0, 0x8d, 0xdd, 0xe2, 0x86,
    0x0, 0x0, 0x4c, 0x2, 0xd0, 0x8, 0xed, 0x30,

    /* U+00E9 "é" */
    0x0, 0x1b, 0x0, 0x0, 0x22, 0x0, 0x8, 0xed,
    0x40, 0x49, 0x1, 0xd0, 0x8d, 0xdd, 0xe2, 0x86,
    0x0, 0x0, 0x4c, 0x2, 0xd0, 0x8, 0xed, 0x30,

    /* U+00EA "ê" */
    0x0, 0x99, 0x0, 0x1, 0x12, 0x0, 0x8, 0xed,
    0x40, 0x49, 0x1, 0xd0, 0x8d, 0xdd, 0xe2, 0x86,
    0x0, 0x0, 0x4c, 0x2, 0xd0, 0x8, 0xed, 0x30,

    /* U+00EB "ë" */
    0x7, 0x7b, 0x30, 0x0, 0x0, 0x0, 0x8, 0xed,
    0x40, 0x49, 0x1, 0xd0, 0x8d, 0xdd, 0xe2, 0x86,
    0x0, 0x0, 0x4c, 0x2, 0xd0, 0x8, 0xed, 0x30,

    /* U+00EC "ì" */
    0xa3, 0x13, 0x3a, 0x3a, 0x3a, 0x3a, 0x3a, 0x3a,

    /* U+00ED "í" */
    0xb, 0x20, 0x40, 0x3a, 0x3, 0xa0, 0x3a, 0x3,
    0xa0, 0x3a, 0x3, 0xa0,

    /* U+00EE "î" */
    0x8, 0x82, 0x1, 0x1, 0x3, 0xa0, 0x3, 0xa0,
    0x3, 0xa0, 0x3, 0xa0, 0x3, 0xa0, 0x3, 0xa0,

    /* U+00EF "ï" */
    0xd9, 0x41, 0x0, 0x3a, 0x3, 0xa0, 0x3a, 0x3,
    0xa0, 0x3a, 0x3, 0xa0,

    /* U+00F0 "ð" */
    0x1, 0x30, 0x0, 0x2, 0xbf, 0xd3, 0x0, 0x8b,
    0x90, 0x7, 0xdc, 0xe0, 0x3c, 0x2, 0xf2, 0x85,
    0x0, 0xf7, 0x85, 0x0, 0xa3, 0x4b, 0x1, 0xd0,
    0x8, 0xed, 0x40,

    /* U+00F1 "ñ" */
    0x5, 0xa9, 0x30, 0x0, 0x0, 0x0, 0x3a, 0xac,
    0x50, 0x3d, 0x0, 0xd0, 0x3a, 0x0, 0xd0, 0x3a,
    0x0, 0xd0, 0x3a, 0x0, 0xd0, 0x3a, 0x0, 0xd0,

    /* U+00F2 "ò" */
    0x1, 0xc0, 0x0, 0x0, 0x31, 0x0, 0x8, 0xed,
    0x40, 0x4b, 0x1, 0xe0, 0x85, 0x0, 0xa3, 0x85,
    0x0, 0xa3, 0x4b, 0x1, 0xd0, 0x8, 0xed, 0x40,

    /* U+00F3 "ó" */
    0x0, 0x1b, 0x0, 0x0, 0x22, 0x0, 0x8, 0xed,
    0x40, 0x4b, 0x1, 0xe0, 0x85, 0x0, 0xa3, 0x85,
    0x0, 0xa3, 0x4b, 0x1, 0xd0, 0x8, 0xed, 0x40,

    /* U+00F4 "ô" */
    0x1, 0x99, 0x0, 0x1, 0x12, 0x0, 0x8, 0xed,
    0x40, 0x4b, 0x1, 0xe0, 0x85, 0x0, 0xa3, 0x85,
    0x0, 0xa3, 0x4b, 0x1, 0xd0, 0x8, 0xed, 0x40,

    /* U+00F5 "õ" */
    0x5, 0xa9, 0x20, 0x0, 0x0, 0x0, 0x8, 0xed,
    0x40, 0x4b, 0x1, 0xe0, 0x85, 0x0, 0xa3, 0x85,
    0x0, 0xa3, 0x4b, 0x1, 0xd0, 0x8, 0xed, 0x40,

    /* U+00F6 "ö" */
    0x7, 0x7b, 0x30, 0x0, 0x1, 0x0, 0x8, 0xed,
    0x40, 0x4b, 0x1, 0xe0, 0x85, 0x0, 0xa3, 0x85,
    0x0, 0xa3, 0x4b, 0x1, 0xd0, 0x8, 0xed, 0x40,

    /* U+00F7 "÷" */
    0x0, 0xc3, 0x0, 0x3, 0x0, 0x8e, 0xee, 0xe0,
    0x0, 0x0, 0x0, 0xd3, 0x0, 0x2, 0x0,

    /* U+00F8 "ø" */
    0x8, 0xee, 0xf0, 0x4b, 0xa, 0xf0, 0x85, 0x38,
    0xa3, 0x86, 0xa0, 0xa3, 0x4f, 0x41, 0xd0, 0x1f,
    0xed, 0x40,

    /* U+00F9 "ù" */
    0x1, 0xb0, 0x0, 0x3, 0x0, 0x3a, 0x0, 0xd3,
    0xa0, 0xd, 0x3a, 0x0, 0xd3, 0xa0, 0xd, 0x1c,
    0x2, 0xf0, 0x8d, 0xac,

    /* U+00FA "ú" */
    0x0, 0x2b, 0x0, 0x2, 0x10, 0x3a, 0x0, 0xd3,
    0xa0, 0xd, 0x3a, 0x0, 0xd3, 0xa0, 0xd, 0x1c,
    0x2, 0xf0, 0x8d, 0xac,

    /* U+00FB "û" */
    0x1, 0x88, 0x0, 0x10, 0x10, 0x3a, 0x0, 0xd3,
    0xa0, 0xd, 0x3a, 0x0, 0xd3, 0xa0, 0xd, 0x1c,
    0x2, 0xf0, 0x8d, 0xac,

    /* U+00FC "ü" */
    0x7, 0x6b, 0x20, 0x0, 0x10, 0x3a, 0x0, 0xd3,
    0xa0, 0xd, 0x3a, 0x0, 0xd3, 0xa0, 0xd, 0x1c,
    0x2, 0xf0, 0x8d, 0xac,

    /* U+00FD "ý" */
    0x0, 0x49, 0x0, 0x0, 0x30, 0x0, 0x94, 0x0,
    0xd0, 0x49, 0x3, 0xb0, 0xd, 0x8, 0x60, 0xa,
    0x3c, 0x10, 0x5, 0xac, 0x0, 0x0, 0xf7, 0x0,
    0x0, 0xb2, 0x0, 0xc, 0xa0, 0x0,

    /* U+00FE "þ" */
    0x3a, 0x0, 0x0, 0x3a, 0x0, 0x0, 0x3c, 0xbd,
    0x80, 0x3e, 0x10, 0xc3, 0x3a, 0x0, 0x76, 0x3a,
    0x0, 0x76, 0x3e, 0x10, 0xc3, 0x3c, 0xce, 0x80,
    0x3a, 0x0, 0x0, 0x3a, 0x0, 0x0,

    /* U+00FF "ÿ" */
    0xa, 0x4e, 0x0, 0x0, 0x1, 0x0, 0x94, 0x0,
    0xd0, 0x49, 0x3, 0xb0, 0xd, 0x8, 0x60, 0xa,
    0x3c, 0x10, 0x5, 0xac, 0x0, 0x0, 0xf7, 0x0,
    0x0, 0xb2, 0x0, 0xc, 0xa0, 0x0,

    /* U+0100 "Ā" */
    0x0, 0xcc, 0x80, 0x0, 0x0, 0x0, 0x0, 0x0,
    0x6f, 0x10, 0x0, 0xb, 0xa6, 0x0, 0x0, 0xd3,
    0xb0, 0x0, 0x59, 0xd, 0x10, 0xa, 0x40, 0x95,
    0x0, 0xff, 0xff, 0xa0, 0x5a, 0x0, 0xe, 0xa,
    0x50, 0x0, 0xa5,

    /* U+0101 "ā" */
    0x7, 0xcc, 0x10, 0x0, 0x0, 0x0, 0x9, 0xed,
    0x20, 0x4a, 0x3, 0xa0, 0x1, 0x59, 0xd0, 0x4c,
    0x63, 0xd0, 0x87, 0x7, 0xd0, 0x2d, 0xe8, 0xc4,

    /* U+0102 "Ă" */
    0x0, 0x89, 0x50, 0x0, 0x0, 0x0, 0x0, 0x0,
    0x6f, 0x10, 0x0, 0xb, 0xa6, 0x0, 0x0, 0xd3,
    0xb0, 0x0, 0x59, 0xd, 0x10, 0xa, 0x40, 0x95,
    0x0, 0xff, 0xff, 0xa0, 0x5a, 0x0, 0xe, 0xa,
    0x50, 0x0, 0xa5,

    /* U+0103 "ă" */
    0x4, 0xaa, 0x0, 0x0, 0x0, 0x0, 0x9, 0xed,
    0x20, 0x4a, 0x3, 0xa0, 0x1, 0x59, 0xd0, 0x4c,
    0x63, 0xd0, 0x87, 0x7, 0xd0, 0x2d, 0xe8, 0xc4,

    /* U+0104 "Ą" */
    0x0, 0x6f, 0x10, 0x0, 0xb, 0xa6, 0x0, 0x0,
    0xd3, 0xb0, 0x0, 0x59, 0xd, 0x10, 0xa, 0x40,
    0x95, 0x0, 0xff, 0xff, 0xa0, 0x5a, 0x0, 0xe,
    0xa, 0x50, 0x0, 0xa5, 0x0, 0x0, 0x8, 0x10,
    0x0, 0x0, 0xa8,

    /* U+0105 "ą" */
    0x9, 0xed, 0x20, 0x4a, 0x3, 0xa0, 0x1, 0x59,
    0xd0, 0x4c, 0x63, 0xd0, 0x87, 0x7, 0xd0, 0x2d,
    0xe8, 0xe5, 0x0, 0x0, 0xa0, 0x0, 0x0, 0xb6,

    /* U+0106 "Ć" */
    0x0, 0x0, 0x10, 0x0, 0x0, 0x67, 0x0, 0x0,
    0x3, 0x0, 0x0, 0x2c, 0xed, 0x50, 0xd, 0x50,
    0x2d, 0x25, 0x90, 0x0, 0x44, 0x86, 0x0, 0x0,
    0x8, 0x60, 0x0, 0x0, 0x59, 0x0, 0x5, 0x60,
    0xd4, 0x2, 0xd2, 0x2, 0xce, 0xd5, 0x0,

    /* U+0107 "ć" */
    0x0, 0x1b, 0x0, 0x0, 0x22, 0x0, 0x8, 0xed,
    0x40, 0x4b, 0x1, 0xd0, 0x85, 0x0, 0x0, 0x85,
    0x0, 0x10, 0x4b, 0x1, 0xd0, 0x8, 0xed, 0x40,

    /* U+0108 "Ĉ" */
    0x0, 0x7, 0x10, 0x0, 0x7, 0x7a, 0x0, 0x0,
    0x0, 0x0, 0x0, 0x2c, 0xed, 0x50, 0xd, 0x50,
    0x2d, 0x25, 0x90, 0x0, 0x44, 0x86, 0x0, 0x0,
    0x8, 0x60, 0x0, 0x0, 0x59, 0x0, 0x5, 0x60,
    0xd4, 0x2, 0xd2, 0x2, 0xce, 0xd5, 0x0,

    /* U+0109 "ĉ" */
    0x1, 0x99, 0x0, 0x1, 0x12, 0x0, 0x8, 0xed,
    0x40, 0x4b, 0x1, 0xd0, 0x85, 0x0, 0x0, 0x85,
    0x0, 0x10, 0x4b, 0x1, 0xd0, 0x8, 0xed, 0x40,

    /* U+010A "Ċ" */
    0x0, 0xc, 0x0, 0x0, 0x0, 0x10, 0x0, 0x2,
    0xce, 0xd5, 0x0, 0xd5, 0x2, 0xd2, 0x59, 0x0,
    0x4, 0x48, 0x60, 0x0, 0x0, 0x86, 0x0, 0x0,
    0x5, 0x90, 0x0, 0x56, 0xd, 0x40, 0x2d, 0x20,
    0x2c, 0xed, 0x50,

    /* U+010B "ċ" */
    0x0, 0x95, 0x0, 0x0, 0x0, 0x0, 0x8, 0xed,
    0x40, 0x4b, 0x1, 0xd0, 0x85, 0x0, 0x0, 0x85,
    0x0, 0x10, 0x4b, 0x1, 0xd0, 0x8, 0xed, 0x40,

    /* U+010C "Č" */
    0x0, 0x40, 0x50, 0x0, 0x2, 0xa6, 0x0, 0x0,
    0x0, 0x0, 0x0, 0x2c, 0xed, 0x50, 0xd, 0x50,
    0x2d, 0x25, 0x90, 0x0, 0x44, 0x86, 0x0, 0x0,
    0x8, 0x60, 0x0, 0x0, 0x59, 0x0, 0x5, 0x60,
    0xd4, 0x2, 0xd2, 0x2, 0xce, 0xd5, 0x0,

    /* U+010D "č" */
    0x3, 0x8a, 0x0, 0x0, 0x43, 0x0, 0x8, 0xed,
    0x40, 0x4b, 0x1, 0xd0, 0x85, 0x0, 0x0, 0x85,
    0x0, 0x10, 0x4b, 0x1, 0xd0, 0x8, 0xed, 0x40,

    /* U+010E "Ď" */
    0x0, 0xb8, 0x40, 0x0, 0x3, 0x60, 0x0, 0x1f,
    0xff, 0xb2, 0x1, 0xc0, 0x5, 0xd0, 0x1c, 0x0,
    0xa, 0x51, 0xc0, 0x0, 0x67, 0x1c, 0x0, 0x6,
    0x71, 0xc0, 0x0, 0xa5, 0x1c, 0x0, 0x5d, 0x1,
    0xfe, 0xfc, 0x20,

    /* U+010F "ď" */
    0x0, 0x0, 0xb3, 0xb0, 0x0, 0xb, 0x58, 0x9,
    0xca, 0xc5, 0x44, 0xa0, 0x1f, 0x20, 0x85, 0x0,
    0xc2, 0x8, 0x60, 0xc, 0x20, 0x4c, 0x2, 0xf2,
    0x0, 0x9e, 0xbb, 0x20,

    /* U+0110 "Đ" */
    0x1f, 0xff, 0xb2, 0x1, 0xc0, 0x5, 0xd0, 0x1c,
    0x0, 0xa, 0x51, 0xc0, 0x0, 0x67, 0xcf, 0xda,
    0x6, 0x71, 0xc0, 0x0, 0xa5, 0x1c, 0x0, 0x5d,
    0x1, 0xfe, 0xfc, 0x20,

    /* U+0111 "đ" */
    0x0, 0x0, 0xb2, 0x0, 0x2c, 0xfc, 0x9, 0xeb,
    0xc2, 0x4c, 0x2, 0xf2, 0x85, 0x0, 0xc2, 0x85,
    0x0, 0xc2, 0x4b, 0x2, 0xf2, 0x9, 0xeb, 0xb2,

    /* U+0112 "Ē" */
    0x2, 0xcc, 0x60, 0x0, 0x0, 0x0, 0x1f, 0xff,
    0xf5, 0x1c, 0x0, 0x0, 0x1c, 0x0, 0x0, 0x1c,
    0x0, 0x0, 0x1f, 0xee, 0xe3, 0x1c, 0x0, 0x0,
    0x1c, 0x0, 0x0, 0x1f, 0xee, 0xe6,

    /* U+0113 "ē" */
    0x5, 0xcc, 0x20, 0x0, 0x0, 0x0, 0x8, 0xed,
    0x40, 0x49, 0x1, 0xd0, 0x8d, 0xdd, 0xe2, 0x86,
    0x0, 0x0, 0x4c, 0x2, 0xd0, 0x8, 0xed, 0x30,

    /* U+0114 "Ĕ" */
    0x0, 0x50, 0x50, 0x0, 0x6, 0x94, 0x0, 0x3f,
    0xcc, 0xcc, 0x3, 0xb0, 0x0, 0x0, 0x3b, 0x0,
    0x0, 0x3, 0xfc, 0xcc, 0x80, 0x3b, 0x0, 0x0,
    0x3, 0xb0, 0x0, 0x0, 0x3f, 0xcc, 0xcc, 0x10,

    /* U+0115 "ĕ" */
    0x3, 0x88, 0x10, 0x0, 0x0, 0x0, 0x9, 0xbb,
    0x40, 0x69, 0x0, 0xd0, 0x9c, 0xbb, 0xc1, 0x68,
    0x0, 0x70, 0x9, 0xbc, 0x60,

    /* U+0116 "Ė" */
    0x0, 0x39, 0x0, 0x0, 0x1, 0x0, 0x1f, 0xff,
    0xf5, 0x1c, 0x0, 0x0, 0x1c, 0x0, 0x0, 0x1c,
    0x0, 0x0, 0x1f, 0xee, 0xe3, 0x1c, 0x0, 0x0,
    0x1c, 0x0, 0x0, 0x1f, 0xee, 0xe6,

    /* U+0117 "ė" */
    0x0, 0x95, 0x0, 0x0, 0x0, 0x0, 0x8, 0xed,
    0x40, 0x49, 0x1, 0xd0, 0x8d, 0xdd, 0xe2, 0x86,
    0x0, 0x0, 0x4c, 0x2, 0xd0, 0x8, 0xed, 0x30,

    /* U+0118 "Ę" */
    0x1f, 0xff, 0xf5, 0x1c, 0x0, 0x0, 0x1c, 0x0,
    0x0, 0x1c, 0x0, 0x0, 0x1f, 0xee, 0xe3, 0x1c,
    0x0, 0x0, 0x1c, 0x0, 0x0, 0x1f, 0xee, 0xf7,
    0x0, 0x0, 0x91, 0x0, 0x0, 0xa7,

    /* U+0119 "ę" */
    0x8, 0xed, 0x40, 0x49, 0x1, 0xd0, 0x8d, 0xdd,
    0xe2, 0x86, 0x0, 0x0, 0x4c, 0x2, 0xd0, 0x8,
    0xef, 0x80, 0x0, 0x19, 0x0, 0x0, 0x1c, 0x40,

    /* U+011A "Ě" */
    0x0, 0xb9, 0x30, 0x0, 0x36, 0x0, 0x1f, 0xff,
    0xf5, 0x1c, 0x0, 0x0, 0x1c, 0x0, 0x0, 0x1c,
    0x0, 0x0, 0x1f, 0xee, 0xe3, 0x1c, 0x0, 0x0,
    0x1c, 0x0, 0x0, 0x1f, 0xee, 0xe6,

    /* U+011B "ě" */
    0x3, 0x8a, 0x0, 0x0, 0x53, 0x0, 0x8, 0xed,
    0x40, 0x49, 0x1, 0xd0, 0x8d, 0xdd, 0xe2, 0x86,
    0x0, 0x0, 0x4c, 0x2, 0xd0, 0x8, 0xed, 0x30,

    /* U+011C "Ĝ" */
    0x0, 0x7, 0x20, 0x0, 0x6, 0x7a, 0x0, 0x0,
    0x0, 0x0, 0x0, 0x2b, 0xed, 0x40, 0xd, 0x40,
    0x2d, 0x15, 0x90, 0x0, 0x53, 0x86, 0x0, 0x0,
    0x8, 0x60, 0x4e, 0xe7, 0x59, 0x0, 0x7, 0x80,
    0xd4, 0x2, 0xd8, 0x2, 0xce, 0xc5, 0x80,

    /* U+011D "ĝ" */
    0x1, 0x98, 0x0, 0x1, 0x2, 0x0, 0x8, 0xec,
    0xb2, 0x4b, 0x3, 0xf2, 0x85, 0x0, 0xc2, 0x86,
    0x0, 0xc2, 0x3c, 0x3, 0xf2, 0x7, 0xdb, 0xb2,
    0x28, 0x1, 0xd0, 0x9, 0xdd, 0x40,

    /* U+011E "Ğ" */
    0x0, 0x50, 0x50, 0x0, 0x4, 0xa7, 0x0, 0x0,
    0x0, 0x0, 0x0, 0x2b, 0xed, 0x40, 0xd, 0x40,
    0x2d, 0x15, 0x90, 0x0, 0x53, 0x86, 0x0, 0x0,
    0x8, 0x60, 0x4e, 0xe7, 0x59, 0x0, 0x7, 0x80,
    0xd4, 0x2, 0xd8, 0x2, 0xce, 0xc5, 0x80,

    /* U+011F "ğ" */
    0x7, 0x27, 0x20, 0x1, 0xa8, 0x0, 0x8, 0xec,
    0xb2, 0x4b, 0x3, 0xf2, 0x85, 0x0, 0xc2, 0x86,
    0x0, 0xc2, 0x3c, 0x3, 0xf2, 0x7, 0xdb, 0xb2,
    0x28, 0x1, 0xd0, 0x9, 0xdd, 0x40,

    /* U+0120 "Ġ" */
    0x0, 0xb, 0x10, 0x0, 0x0, 0x10, 0x0, 0x2,
    0xbe, 0xd4, 0x0, 0xd4, 0x2, 0xd1, 0x59, 0x0,
    0x5, 0x38, 0x60, 0x0, 0x0, 0x86, 0x4, 0xee,
    0x75, 0x90, 0x0, 0x78, 0xd, 0x40, 0x2d, 0x80,
    0x2c, 0xec, 0x58,

    /* U+0121 "ġ" */
    0x0, 0x94, 0x0, 0x0, 0x0, 0x0, 0x8, 0xec,
    0xb2, 0x4b, 0x3, 0xf2, 0x85, 0x0, 0xc2, 0x86,
    0x0, 0xc2, 0x3c, 0x3, 0xf2, 0x7, 0xdb, 0xb2,
    0x28, 0x1, 0xd0, 0x9, 0xdd, 0x40,

    /* U+0122 "Ģ" */
    0x2, 0xbe, 0xd4, 0x0, 0xd4, 0x2, 0xd1, 0x59,
    0x0, 0x5, 0x38, 0x60, 0x0, 0x0, 0x86, 0x4,
    0xee, 0x75, 0x90, 0x0, 0x78, 0xd, 0x40, 0x2d,
    0x80, 0x2c, 0xec, 0x58, 0x0, 0x0, 0x0, 0x0,
    0x0, 0xd2, 0x0, 0x0, 0x9, 0x0, 0x0, 0x0,
    0x0, 0x0,

    /* U+0123 "ģ" */
    0x0, 0x0, 0x0, 0x0, 0x63, 0x0, 0x0, 0xa5,
    0x0, 0x0, 0x0, 0x0, 0x8, 0xec, 0xb2, 0x4b,
    0x3, 0xf2, 0x85, 0x0, 0xc2, 0x86, 0x0, 0xc2,
    0x3c, 0x3, 0xf2, 0x7, 0xdb, 0xb2, 0x28, 0x1,
    0xd0, 0x9, 0xdd, 0x40,

    /* U+0124 "Ĥ" */
    0x0, 0x3e, 0x50, 0x0, 0x5, 0x15, 0x0, 0x1c,
    0x0, 0xa, 0x31, 0xc0, 0x0, 0xa3, 0x1c, 0x0,
    0xa, 0x31, 0xc0, 0x0, 0xa3, 0x1f, 0xff, 0xff,
    0x31, 0xc0, 0x0, 0xa3, 0x1c, 0x0, 0xa, 0x31,
    0xc0, 0x0, 0xa3,

    /* U+0125 "ĥ" */
    0x8, 0xd1, 0x0, 0x0, 0x52, 0x30, 0x0, 0x3,
    0xa0, 0x0, 0x0, 0x3a, 0x0, 0x0, 0x3, 0xbb,
    0xd5, 0x0, 0x3e, 0x1, 0xd0, 0x3, 0xa0, 0xd,
    0x0, 0x3a, 0x0, 0xd0, 0x3, 0xa0, 0xd, 0x0,
    0x3a, 0x0, 0xd0,

    /* U+0126 "Ħ" */
    0x1c, 0x0, 0xa, 0x3c, 0xfe, 0xee, 0xff, 0x1c,
    0x0, 0xa, 0x31, 0xc0, 0x0, 0xa3, 0x1f, 0xff,
    0xff, 0x31, 0xc0, 0x0, 0xa3, 0x1c, 0x0, 0xa,
    0x31, 0xc0, 0x0, 0xa3,

    /* U+0127 "ħ" */
    0x3a, 0x0, 0x0, 0xef, 0xc1, 0x0, 0x3b, 0xbd,
    0x50, 0x3e, 0x1, 0xd0, 0x3a, 0x0, 0xd0, 0x3a,
    0x0, 0xd0, 0x3a, 0x0, 0xd0, 0x3a, 0x0, 0xd0,

    /* U+0128 "Ĩ" */
    0x8, 0x96, 0x0, 0x0, 0x1, 0xc0, 0x1, 0xc0,
    0x1, 0xc0, 0x1, 0xc0, 0x1, 0xc0, 0x1, 0xc0,
    0x1, 0xc0, 0x1, 0xc0,

    /* U+0129 "ĩ" */
    0x2a, 0xa6, 0x0, 0x0, 0x3, 0xa0, 0x3, 0xa0,
    0x3, 0xa0, 0x3, 0xa0, 0x3, 0xa0, 0x3, 0xa0,

    /* U+012A "Ī" */
    0xcc, 0x80, 0x0, 0x1c, 0x1, 0xc0, 0x1c, 0x1,
    0xc0, 0x1c, 0x1, 0xc0, 0x1c, 0x1, 0xc0,

    /* U+012B "ī" */
    0x1c, 0xc7, 0x0, 0x0, 0x3, 0xa0, 0x3, 0xa0,
    0x3, 0xa0, 0x3, 0xa0, 0x3, 0xa0, 0x3, 0xa0,

    /* U+012C "Ĭ" */
    0x5, 0x5, 0x6, 0x94, 0x1, 0xe0, 0x1, 0xe0,
    0x1, 0xe0, 0x1, 0xe0, 0x1, 0xe0, 0x1, 0xe0,
    0x1, 0xe0,

    /* U+012D "ĭ" */
    0x36, 0x27, 0x8, 0x91, 0x5, 0x80, 0x5, 0x80,
    0x5, 0x80, 0x5, 0x80, 0x5, 0x80,

    /* U+012E "Į" */
    0x1c, 0x1, 0xc0, 0x1c, 0x1, 0xc0, 0x1c, 0x1,
    0xc0, 0x1c, 0x1, 0xd0, 0x55, 0x6, 0xb0,

    /* U+012F "į" */
    0x3a, 0x0, 0x3a, 0x3a, 0x3a, 0x3a, 0x3a, 0x3b,
    0x73, 0x8a,

    /* U+0130 "İ" */
    0x1b, 0x1, 0x1c, 0x1c, 0x1c, 0x1c, 0x1c, 0x1c,
    0x1c, 0x1c,

    /* U+0131 "ı" */
    0x3a, 0x3a, 0x3a, 0x3a, 0x3a, 0x3a,

    /* U+0132 "Ĳ" */
    0x1c, 0x0, 0x0, 0x2b, 0x1c, 0x0, 0x0, 0x2b,
    0x1c, 0x0, 0x0, 0x2b, 0x1c, 0x0, 0x0, 0x2b,
    0x1c, 0x0, 0x0, 0x2b, 0x1c, 0x9, 0x10, 0x3a,
    0x1c, 0x9, 0x60, 0x97, 0x1c, 0x1, 0xce, 0xa0,

    /* U+0133 "ĳ" */
    0x3a, 0xb, 0x20, 0x0, 0x10, 0x3a, 0xb, 0x23,
    0xa0, 0xb2, 0x3a, 0xb, 0x23, 0xa0, 0xb2, 0x3a,
    0xb, 0x23, 0xa0, 0xb2, 0x0, 0xb, 0x20, 0x9,
    0xc0,

    /* U+0134 "Ĵ" */
    0x0, 0x0, 0x63, 0x0, 0x0, 0x48, 0xb0, 0x0,
    0x0, 0x0, 0x0, 0x0, 0xa, 0x30, 0x0, 0x0,
    0xa3, 0x0, 0x0, 0xa, 0x30, 0x0, 0x0, 0xa3,
    0x0, 0x0, 0xa, 0x30, 0x37, 0x0, 0xb2, 0x1,
    0xd1, 0x2d, 0x0, 0x6, 0xee, 0x40, 0x0,

    /* U+0135 "ĵ" */
    0x7, 0x83, 0x1, 0x1, 0x0, 0xc0, 0x0, 0xc0,
    0x0, 0xc0, 0x0, 0xc0, 0x0, 0xc0, 0x0, 0xc0,
    0x1, 0xc0, 0xd, 0x70,

    /* U+0136 "Ķ" */
    0x1c, 0x0, 0x6a, 0x1, 0xc0, 0x3c, 0x0, 0x1c,
    0x1d, 0x20, 0x1, 0xdc, 0x70, 0x0, 0x1f, 0x8d,
    0x0, 0x1, 0xd0, 0x79, 0x0, 0x1c, 0x0, 0xc4,
    0x1, 0xc0, 0x2, 0xd0, 0x0, 0x0, 0x0, 0x0,
    0x0, 0xf0, 0x0, 0x0, 0x8, 0x0, 0x0, 0x0,
    0x0, 0x0,

    /* U+0137 "ķ" */
    0x3a, 0x0, 0x0, 0x3a, 0x0, 0x0, 0x3a, 0x3,
    0xd1, 0x3a, 0x1d, 0x20, 0x3a, 0xc6, 0x0, 0x3f,
    0x8c, 0x0, 0x3b, 0x8, 0x70, 0x3a, 0x0, 0xd2,
    0x0, 0x0, 0x0, 0x0, 0x87, 0x0, 0x0, 0x62,
    0x0, 0x0, 0x0, 0x0,

    /* U+0138 "ĸ" */
    0x58, 0x1c, 0x25, 0x88, 0x30, 0x5d, 0xb0, 0x5,
    0x87, 0x70, 0x58, 0xc, 0x20,

    /* U+0139 "Ĺ" */
    0x0, 0x0, 0x0, 0xa, 0x30, 0x0, 0x3, 0x0,
    0x0, 0x1c, 0x0, 0x0, 0x1c, 0x0, 0x0, 0x1c,
    0x0, 0x0, 0x1c, 0x0, 0x0, 0x1c, 0x0, 0x0,
    0x1c, 0x0, 0x0, 0x1c, 0x0, 0x0, 0x1f, 0xee,
    0xe4,

    /* U+013A "ĺ" */
    0x0, 0x0, 0xb1, 0x3a, 0x3, 0xa0, 0x3a, 0x3,
    0xa0, 0x3a, 0x3, 0xa0, 0x3a, 0x1, 0xd5,

    /* U+013B "Ļ" */
    0x1c, 0x0, 0x0, 0x1c, 0x0, 0x0, 0x1c, 0x0,
    0x0, 0x1c, 0x0, 0x0, 0x1c, 0x0, 0x0, 0x1c,
    0x0, 0x0, 0x1c, 0x0, 0x0, 0x1f, 0xee, 0xe4,
    0x0, 0x0, 0x0, 0x0, 0x59, 0x0, 0x0, 0x45,
    0x0, 0x0, 0x0, 0x0,

    /* U+013C "ļ" */
    0x3a, 0x3, 0xa0, 0x3a, 0x3, 0xa0, 0x3a, 0x3,
    0xa0, 0x3a, 0x1, 0xd5, 0x0, 0x0, 0xd2, 0x9,
    0x0, 0x0,

    /* U+013D "Ľ" */
    0x1c, 0x0, 0xc0, 0x1c, 0x0, 0xb0, 0x1c, 0x0,
    0x80, 0x1c, 0x0, 0x0, 0x1c, 0x0, 0x0, 0x1c,
    0x0, 0x0, 0x1c, 0x0, 0x0, 0x1f, 0xee, 0xe4,

    /* U+013E "ľ" */
    0x3a, 0x84, 0x3a, 0x91, 0x3a, 0x80, 0x3a, 0x0,
    0x3a, 0x0, 0x3a, 0x0, 0x3a, 0x0, 0x1d, 0x50,

    /* U+013F "Ŀ" */
    0x4b, 0x0, 0x0, 0x4b, 0x0, 0x0, 0x4b, 0x0,
    0x0, 0x4b, 0xd, 0x0, 0x4b, 0x0, 0x0, 0x4b,
    0x0, 0x0, 0x4f, 0xcc, 0xc2,

    /* U+0140 "ŀ" */
    0x58, 0x0, 0x58, 0x0, 0x58, 0x0, 0x58, 0xb1,
    0x58, 0x0, 0x58, 0x0, 0x58, 0x0,

    /* U+0141 "Ł" */
    0x1c, 0x0, 0x0, 0x1c, 0x0, 0x0, 0x1c, 0x22,
    0x0, 0x2f, 0xb1, 0x0, 0xbf, 0x0, 0x0, 0x1c,
    0x0, 0x0, 0x1c, 0x0, 0x0, 0x1f, 0xee, 0xe4,

    /* U+0142 "ł" */
    0x3a, 0x3, 0xa0, 0x3c, 0x2b, 0xf1, 0x6a, 0x3,
    0xa0, 0x3a, 0x1, 0xd5,

    /* U+0143 "Ń" */
    0x0, 0x0, 0x10, 0x0, 0x0, 0x2b, 0x0, 0x0,
    0x2, 0x10, 0x1, 0xf6, 0x0, 0x58, 0x1d, 0xd0,
    0x5, 0x81, 0xc8, 0x60, 0x58, 0x1c, 0x1d, 0x5,
    0x81, 0xc0, 0x86, 0x58, 0x1c, 0x1, 0xd5, 0x81,
    0xc0, 0x8, 0xb8, 0x1c, 0x0, 0x1f, 0x80,

    /* U+0144 "ń" */
    0x0, 0x1c, 0x0, 0x0, 0x22, 0x0, 0x3a, 0xac,
    0x50, 0x3d, 0x0, 0xd0, 0x3a, 0x0, 0xd0, 0x3a,
    0x0, 0xd0, 0x3a, 0x0, 0xd0, 0x3a, 0x0, 0xd0,

    /* U+0145 "Ņ" */
    0x1f, 0x60, 0x5, 0x81, 0xdd, 0x0, 0x58, 0x1c,
    0x86, 0x5, 0x81, 0xc1, 0xd0, 0x58, 0x1c, 0x8,
    0x65, 0x81, 0xc0, 0x1d, 0x58, 0x1c, 0x0, 0x8b,
    0x81, 0xc0, 0x1, 0xf8, 0x0, 0x0, 0x0, 0x0,
    0x0, 0xc3, 0x0, 0x0, 0x8, 0x0, 0x0, 0x0,
    0x0, 0x0,

    /* U+0146 "ņ" */
    0x3a, 0xac, 0x50, 0x3d, 0x0, 0xd0, 0x3a, 0x0,
    0xd0, 0x3a, 0x0, 0xd0, 0x3a, 0x0, 0xd0, 0x3a,
    0x0, 0xd0, 0x0, 0x0, 0x0, 0x0, 0x96, 0x0,
    0x0, 0x71, 0x0, 0x0, 0x0, 0x0,

    /* U+0147 "Ň" */
    0x0, 0x39, 0xb0, 0x0, 0x0, 0x63, 0x0, 0x1f,
    0x60, 0x5, 0x81, 0xdd, 0x0, 0x58, 0x1c, 0x86,
    0x5, 0x81, 0xc1, 0xd0, 0x58, 0x1c, 0x8, 0x65,
    0x81, 0xc0, 0x1d, 0x58, 0x1c, 0x0, 0x8b, 0x81,
    0xc0, 0x1, 0xf8,

    /* U+0148 "ň" */
    0x2, 0x9a, 0x0, 0x0, 0x32, 0x0, 0x3a, 0xac,
    0x50, 0x3d, 0x0, 0xd0, 0x3a, 0x0, 0xd0, 0x3a,
    0x0, 0xd0, 0x3a, 0x0, 0xd0, 0x3a, 0x0, 0xd0,

    /* U+0149 "ŉ" */
    0xe, 0x0, 0x0, 0x0, 0x80, 0x0, 0x0, 0x1,
    0xa9, 0x9b, 0x20, 0xa, 0x50, 0x58, 0x0, 0xa3,
    0x4, 0x90, 0xa, 0x30, 0x49, 0x0, 0xa3, 0x4,
    0x90,

    /* U+014A "Ŋ" */
    0x1f, 0x60, 0x5, 0x81, 0xdd, 0x0, 0x58, 0x1c,
    0x86, 0x5, 0x81, 0xc1, 0xd0, 0x58, 0x1c, 0x8,
    0x65, 0x81, 0xc0, 0x1d, 0x58, 0x1c, 0x0, 0x8b,
    0x81, 0xc0, 0x1, 0xff, 0x0, 0x0, 0x6, 0x70,
    0x0, 0xe, 0xd2,

    /* U+014B "ŋ" */
    0x3a, 0xac, 0x50, 0x3d, 0x0, 0xd0, 0x3a, 0x0,
    0xd0, 0x3a, 0x0, 0xd0, 0x3a, 0x0, 0xd0, 0x3a,
    0x0, 0xf0, 0x0, 0x0, 0xd0, 0x0, 0x3d, 0x70,

    /* U+014C "Ō" */
    0x0, 0x8c, 0xc0, 0x0, 0x0, 0x0, 0x0, 0x2,
    0xce, 0xd6, 0x0, 0xd4, 0x1, 0xc5, 0x59, 0x0,
    0x3, 0xb8, 0x60, 0x0, 0xe, 0x86, 0x0, 0x0,
    0xe5, 0x90, 0x0, 0x3b, 0xd, 0x40, 0x1c, 0x50,
    0x2c, 0xed, 0x60,

    /* U+014D "ō" */
    0x5, 0xcc, 0x20, 0x0, 0x0, 0x0, 0x8, 0xed,
    0x40, 0x4b, 0x1, 0xe0, 0x85, 0x0, 0xa3, 0x85,
    0x0, 0xa3, 0x4b, 0x1, 0xd0, 0x8, 0xed, 0x40,

    /* U+014E "Ŏ" */
    0x0, 0x31, 0x32, 0x0, 0x0, 0x29, 0x90, 0x0,
    0x2, 0xac, 0xc9, 0x0, 0xd, 0x30, 0x7, 0xb0,
    0x5a, 0x0, 0x0, 0xd2, 0x77, 0x0, 0x0, 0xb4,
    0x59, 0x0, 0x0, 0xd2, 0xd, 0x30, 0x6, 0xb0,
    0x2, 0xac, 0xc9, 0x0,

    /* U+014F "ŏ" */
    0x4, 0x88, 0x0, 0x0, 0x0, 0x0, 0xa, 0xbb,
    0x40, 0x77, 0x0, 0xd0, 0x94, 0x0, 0xb2, 0x78,
    0x0, 0xd0, 0xa, 0xbb, 0x40,

    /* U+0150 "Ő" */
    0x0, 0x1, 0x10, 0x0, 0x0, 0xca, 0x20, 0x0,
    0x12, 0x30, 0x0, 0x2c, 0xed, 0x60, 0xd, 0x40,
    0x1c, 0x55, 0x90, 0x0, 0x3b, 0x86, 0x0, 0x0,
    0xe8, 0x60, 0x0, 0xe, 0x59, 0x0, 0x3, 0xb0,
    0xd4, 0x1, 0xc5, 0x2, 0xce, 0xd6, 0x0,

    /* U+0151 "ő" */
    0x0, 0xb9, 0x60, 0x0, 0x44, 0x0, 0x8, 0xed,
    0x40, 0x4b, 0x1, 0xe0, 0x85, 0x0, 0xa3, 0x85,
    0x0, 0xa3, 0x4b, 0x1, 0xd0, 0x8, 0xed, 0x40,

    /* U+0152 "Œ" */
    0x2, 0xbe, 0xe5, 0xef, 0xff, 0x30, 0xd4, 0x1,
    0xce, 0x0, 0x0, 0x59, 0x0, 0x3, 0xf0, 0x0,
    0x8, 0x60, 0x0, 0xf, 0xee, 0xe1, 0x86, 0x0,
    0x0, 0xe0, 0x0, 0x5, 0x90, 0x0, 0x3f, 0x0,
    0x0, 0xd, 0x40, 0x1c, 0xe0, 0x0, 0x0, 0x2c,
    0xee, 0x5e, 0xee, 0xe4,

    /* U+0153 "œ" */
    0x8, 0xed, 0x48, 0xed, 0x40, 0x4b, 0x1, 0xfa,
    0x1, 0xd0, 0x85, 0x0, 0xff, 0xdd, 0xe1, 0x85,
    0x0, 0xfa, 0x0, 0x0, 0x4b, 0x1, 0xfc, 0x2,
    0xd0, 0x8, 0xed, 0x48, 0xed, 0x30,

    /* U+0154 "Ŕ" */
    0x0, 0x0, 0x0, 0x0, 0x0, 0x93, 0x0, 0x0,
    0x3, 0x0, 0x1, 0xff, 0xfd, 0x30, 0x1c, 0x0,
    0x3d, 0x1, 0xc0, 0x0, 0xe0, 0x1c, 0x0, 0x3b,
    0x1, 0xfe, 0xef, 0x40, 0x1c, 0x0, 0x2d, 0x1,
    0xc0, 0x0, 0xd0, 0x1c, 0x0, 0xc, 0x0,

    /* U+0155 "ŕ" */
    0x0, 0xc0, 0x2, 0x20, 0x3b, 0xd4, 0x3d, 0x0,
    0x3a, 0x0, 0x3a, 0x0, 0x3a, 0x0, 0x3a, 0x0,

    /* U+0156 "Ŗ" */
    0x1f, 0xff, 0xd3, 0x1, 0xc0, 0x3, 0xd0, 0x1c,
    0x0, 0xe, 0x1, 0xc0, 0x3, 0xb0, 0x1f, 0xee,
    0xf4, 0x1, 0xc0, 0x2, 0xd0, 0x1c, 0x0, 0xd,
    0x1, 0xc0, 0x0, 0xc0, 0x0, 0x0, 0x0, 0x0,
    0x0, 0xf0, 0x0, 0x0, 0x9, 0x0, 0x0, 0x0,
    0x0, 0x0,

    /* U+0157 "ŗ" */
    0x3b, 0xd4, 0x3d, 0x0, 0x3a, 0x0, 0x3a, 0x0,
    0x3a, 0x0, 0x3a, 0x0, 0x0, 0x0, 0x4b, 0x0,
    0x26, 0x0, 0x0, 0x0,

    /* U+0158 "Ř" */
    0x0, 0xa7, 0x60, 0x0, 0x1, 0x70, 0x0, 0x1f,
    0xff, 0xd3, 0x1, 0xc0, 0x3, 0xd0, 0x1c, 0x0,
    0xe, 0x1, 0xc0, 0x3, 0xb0, 0x1f, 0xee, 0xf4,
    0x1, 0xc0, 0x2, 0xd0, 0x1c, 0x0, 0xd, 0x1,
    0xc0, 0x0, 0xc0,

    /* U+0159 "ř" */
    0x1a, 0xa1, 0x3, 0x20, 0x3b, 0xd4, 0x3d, 0x0,
    0x3a, 0x0, 0x3a, 0x0, 0x3a, 0x0, 0x3a, 0x0,

    /* U+015A "Ś" */
    0x0, 0x1, 0x0, 0x0, 0xc, 0x0, 0x0, 0x12,
    0x0, 0x6, 0xee, 0x80, 0x2d, 0x0, 0xb6, 0x3b,
    0x0, 0x25, 0xa, 0xc7, 0x10, 0x0, 0x27, 0xd5,
    0x45, 0x0, 0x2c, 0x2d, 0x20, 0x5b, 0x4, 0xde,
    0xb1,

    /* U+015B "ś" */
    0x0, 0x67, 0x0, 0x4, 0x0, 0xa, 0xed, 0x14,
    0xa0, 0x48, 0x2d, 0x61, 0x0, 0x27, 0xc6, 0x68,
    0x3, 0xa0, 0xad, 0xd3,

    /* U+015C "Ŝ" */
    0x0, 0x45, 0x0, 0x1, 0xaa, 0x20, 0x0, 0x0,
    0x0, 0x6, 0xee, 0x80, 0x2d, 0x0, 0xb6, 0x3b,
    0x0, 0x25, 0xa, 0xc7, 0x10, 0x0, 0x27, 0xd5,
    0x45, 0x0, 0x2c, 0x2d, 0x20, 0x5b, 0x4, 0xde,
    0xb1,

    /* U+015D "ŝ" */
    0x4, 0x96, 0x0, 0x20, 0x20, 0xa, 0xed, 0x14,
    0xa0, 0x48, 0x2d, 0x61, 0x0, 0x27, 0xc6, 0x68,
    0x3, 0xa0, 0xad, 0xd3,

    /* U+015E "Ş" */
    0x6, 0xee, 0x80, 0x2d, 0x0, 0xb6, 0x3b, 0x0,
    0x25, 0xa, 0xc7, 0x10, 0x0, 0x27, 0xd5, 0x45,
    0x0, 0x2c, 0x2d, 0x20, 0x5b, 0x4, 0xef, 0xb1,
    0x0, 0x2a, 0x10, 0x0, 0x7a, 0x10,

    /* U+015F "ş" */
    0xa, 0xed, 0x14, 0xa0, 0x48, 0x2d, 0x61, 0x0,
    0x27, 0xc6, 0x68, 0x3, 0xa0, 0xaf, 0xd3, 0x0,
    0x95, 0x0, 0x49, 0x50,

    /* U+0160 "Š" */
    0x1, 0x43, 0x20, 0x0, 0x99, 0x0, 0x0, 0x0,
    0x0, 0x6, 0xee, 0x80, 0x2d, 0x0, 0xb6, 0x3b,
    0x0, 0x25, 0xa, 0xc7, 0x10, 0x0, 0x27, 0xd5,
    0x45, 0x0, 0x2c, 0x2d, 0x20, 0x5b, 0x4, 0xde,
    0xb1,

    /* U+0161 "š" */
    0x7, 0x69, 0x0, 0x6, 0x10, 0xa, 0xec, 0x14,
    0xa0, 0x59, 0x2d, 0x61, 0x0, 0x27, 0xc6, 0x68,
    0x3, 0xa0, 0xad, 0xd3,

    /* U+0162 "Ţ" */
    0xdf, 0xff, 0xf6, 0x0, 0xa3, 0x0, 0x0, 0xa3,
    0x0, 0x0, 0xa3, 0x0, 0x0, 0xa3, 0x0, 0x0,
    0xa3, 0x0, 0x0, 0xa3, 0x0, 0x0, 0xb3, 0x0,
    0x0, 0xa4, 0x0, 0x2, 0x9, 0x0, 0x2, 0xa5,
    0x0,

    /* U+0163 "ţ" */
    0xa, 0x20, 0x5f, 0xf7, 0xa, 0x20, 0xa, 0x20,
    0xa, 0x20, 0xa, 0x30, 0x5, 0xf7, 0x1, 0xb0,
    0x3, 0x54, 0x6, 0xa1,

    /* U+0164 "Ť" */
    0x4, 0x8a, 0x0, 0x0, 0x63, 0x0, 0xdf, 0xff,
    0xf6, 0x0, 0xa3, 0x0, 0x0, 0xa3, 0x0, 0x0,
    0xa3, 0x0, 0x0, 0xa3, 0x0, 0x0, 0xa3, 0x0,
    0x0, 0xa3, 0x0, 0x0, 0xa3, 0x0,

    /* U+0165 "ť" */
    0x0, 0x3, 0x0, 0x10, 0xc0, 0xa, 0x2a, 0x5,
    0xff, 0x70, 0xa, 0x20, 0x0, 0xa2, 0x0, 0xa,
    0x20, 0x0, 0xa3, 0x0, 0x5, 0xd7, 0x0,

    /* U+0166 "Ŧ" */
    0xdf, 0xff, 0xf6, 0x0, 0xa3, 0x0, 0x0, 0xa3,
    0x0, 0x0, 0xa3, 0x0, 0xd, 0xff, 0x70, 0x0,
    0xa3, 0x0, 0x0, 0xa3, 0x0, 0x0, 0xa3, 0x0,

    /* U+0167 "ŧ" */
    0xa, 0x20, 0x5f, 0xf7, 0xa, 0x20, 0x5f, 0xe6,
    0xa, 0x20, 0xa, 0x30, 0x5, 0xd7,

    /* U+0168 "Ũ" */
    0x0, 0x79, 0x70, 0x0, 0x0, 0x0, 0x0, 0x3a,
    0x0, 0xb, 0x23, 0xa0, 0x0, 0xb2, 0x3a, 0x0,
    0xb, 0x23, 0xa0, 0x0, 0xb2, 0x3a, 0x0, 0xb,
    0x23, 0xa0, 0x0, 0xc1, 0xd, 0x30, 0x4d, 0x0,
    0x3d, 0xec, 0x20,

    /* U+0169 "ũ" */
    0x7, 0xa9, 0x10, 0x0, 0x0, 0x3a, 0x0, 0xd3,
    0xa0, 0xd, 0x3a, 0x0, 0xd3, 0xa0, 0xd, 0x1c,
    0x2, 0xf0, 0x8d, 0xac,

    /* U+016A "Ū" */
    0x0, 0xbc, 0x90, 0x0, 0x0, 0x0, 0x0, 0x3a,
    0x0, 0xb, 0x23, 0xa0, 0x0, 0xb2, 0x3a, 0x0,
    0xb, 0x23, 0xa0, 0x0, 0xb2, 0x3a, 0x0, 0xb,
    0x23, 0xa0, 0x0, 0xc1, 0xd, 0x30, 0x4d, 0x0,
    0x3d, 0xec, 0x20,

    /* U+016B "ū" */
    0x6, 0xcc, 0x20, 0x0, 0x0, 0x3a, 0x0, 0xd3,
    0xa0, 0xd, 0x3a, 0x0, 0xd3, 0xa0, 0xd, 0x1c,
    0x2, 0xf0, 0x8d, 0xac,

    /* U+016C "Ŭ" */
    0x0, 0x50, 0x50, 0x0, 0x6, 0xa5, 0x0, 0x0,
    0x0, 0x0, 0x3, 0xa0, 0x0, 0xb2, 0x3a, 0x0,
    0xb, 0x23, 0xa0, 0x0, 0xb2, 0x3a, 0x0, 0xb,
    0x23, 0xa0, 0x0, 0xb2, 0x3a, 0x0, 0xc, 0x10,
    0xd3, 0x4, 0xd0, 0x3, 0xde, 0xc2, 0x0,

    /* U+016D "ŭ" */
    0x4, 0xa9, 0x10, 0x0, 0x0, 0x3a, 0x0, 0xd3,
    0xa0, 0xd, 0x3a, 0x0, 0xd3, 0xa0, 0xd, 0x1c,
    0x2, 0xf0, 0x8d, 0xac,

    /* U+016E "Ů" */
    0x0, 0x2a, 0x10, 0x0, 0x6, 0x45, 0x0, 0x0,
    0x2a, 0x10, 0x3, 0xa0, 0x0, 0xb2, 0x3a, 0x0,
    0xb, 0x23, 0xa0, 0x0, 0xb2, 0x3a, 0x0, 0xb,
    0x23, 0xa0, 0x0, 0xb2, 0x3a, 0x0, 0xc, 0x10,
    0xd3, 0x4, 0xd0, 0x3, 0xde, 0xc2, 0x0,

    /* U+016F "ů" */
    0x0, 0x85, 0x0, 0x7, 0x80, 0x0, 0x85, 0x3,
    0xa0, 0xd, 0x3a, 0x0, 0xd3, 0xa0, 0xd, 0x3a,
    0x0, 0xd1, 0xc0, 0x2f, 0x8, 0xda, 0xc0,

    /* U+0170 "Ű" */
    0x0, 0x1, 0x10, 0x0, 0x3, 0xac, 0x0, 0x0,
    0x21, 0x20, 0x3, 0xa0, 0x0, 0xb2, 0x3a, 0x0,
    0xb, 0x23, 0xa0, 0x0, 0xb2, 0x3a, 0x0, 0xb,
    0x23, 0xa0, 0x0, 0xb2, 0x3a, 0x0, 0xc, 0x10,
    0xd3, 0x4, 0xd0, 0x3, 0xde, 0xc2, 0x0,

    /* U+0171 "ű" */
    0x0, 0xb9, 0x60, 0x4, 0x40, 0x3a, 0x0, 0xd3,
    0xa0, 0xd, 0x3a, 0x0, 0xd3, 0xa0, 0xd, 0x1c,
    0x2, 0xf0, 0x8d, 0xac,

    /* U+0172 "Ų" */
    0x3a, 0x0, 0xb, 0x23, 0xa0, 0x0, 0xb2, 0x3a,
    0x0, 0xb, 0x23, 0xa0, 0x0, 0xb2, 0x3a, 0x0,
    0xb, 0x23, 0xa0, 0x0, 0xc1, 0xd, 0x30, 0x4d,
    0x0, 0x3d, 0xff, 0x20, 0x0, 0x9, 0x10, 0x0,
    0x0, 0x99, 0x0,

    /* U+0173 "ų" */
    0x3a, 0x0, 0xd0, 0x3a, 0x0, 0xd0, 0x3a, 0x0,
    0xd0, 0x3a, 0x0, 0xd0, 0x1c, 0x2, 0xf0, 0x8,
    0xda, 0xf0, 0x0, 0x3, 0x70, 0x0, 0x4, 0xc2,

    /* U+0174 "Ŵ" */
    0x0, 0x1, 0xd7, 0x0, 0x0, 0x0, 0x4, 0x15,
    0x0, 0x0, 0x86, 0x0, 0xe4, 0x0, 0xe0, 0x4a,
    0x1, 0xf8, 0x3, 0xb0, 0xd, 0x5, 0xac, 0x6,
    0x70, 0xc, 0x18, 0x5d, 0xa, 0x30, 0x9, 0x4b,
    0x1a, 0x3d, 0x0, 0x5, 0x8d, 0x7, 0x7c, 0x0,
    0x1, 0xea, 0x3, 0xe8, 0x0, 0x0, 0xd6, 0x0,
    0xf5, 0x0,

    /* U+0175 "ŵ" */
    0x0, 0x9, 0x91, 0x0, 0x0, 0x1, 0x1, 0x0,
    0xa4, 0x7, 0xa0, 0x1d, 0x68, 0xb, 0xd0, 0x58,
    0x1c, 0xc, 0xa2, 0x94, 0xc, 0x48, 0x66, 0xc0,
    0x8, 0xc4, 0x1c, 0xb0, 0x4, 0xf0, 0xd, 0x70,

    /* U+0176 "Ŷ" */
    0x0, 0xc, 0x90, 0x0, 0x2, 0x35, 0x0, 0xc,
    0x30, 0x7, 0x80, 0x4b, 0x0, 0xd1, 0x0, 0xb3,
    0x77, 0x0, 0x3, 0xcd, 0x0, 0x0, 0xb, 0x70,
    0x0, 0x0, 0x85, 0x0, 0x0, 0x8, 0x50, 0x0,
    0x0, 0x85, 0x0,

    /* U+0177 "ŷ" */
    0x3, 0x87, 0x0, 0x1, 0x1, 0x0, 0x94, 0x0,
    0xd0, 0x49, 0x3, 0xb0, 0xd, 0x8, 0x60, 0xa,
    0x3c, 0x10, 0x5, 0xac, 0x0, 0x0, 0xf7, 0x0,
    0x0, 0xb2, 0x0, 0xc, 0xa0, 0x0,

    /* U+0178 "Ÿ" */
    0x0, 0x66, 0xa2, 0x0, 0x0, 0x1, 0x0, 0xc,
    0x30, 0x7, 0x80, 0x4b, 0x0, 0xd1, 0x0, 0xb3,
    0x77, 0x0, 0x3, 0xcd, 0x0, 0x0, 0xb, 0x70,
    0x0, 0x0, 0x85, 0x0, 0x0, 0x8, 0x50, 0x0,
    0x0, 0x85, 0x0,

    /* U+0179 "Ź" */
    0x0, 0x1, 0x0, 0x0, 0x3a, 0x0, 0x0, 0x21,
    0x0, 0x8f, 0xff, 0xf0, 0x0, 0x4, 0xb0, 0x0,
    0xd, 0x20, 0x0, 0x87, 0x0, 0x2, 0xd0, 0x0,
    0xc, 0x40, 0x0, 0x69, 0x0, 0x0, 0xbf, 0xee,
    0xe2,

    /* U+017A "ź" */
    0x0, 0x49, 0x0, 0x3, 0x10, 0x5d, 0xdd, 0xc0,
    0x0, 0xa5, 0x0, 0x78, 0x0, 0x4b, 0x0, 0x1c,
    0x10, 0x7, 0xed, 0xdb,

    /* U+017B "Ż" */
    0x0, 0x93, 0x0, 0x0, 0x10, 0x0, 0x8f, 0xff,
    0xf0, 0x0, 0x4, 0xb0, 0x0, 0xd, 0x20, 0x0,
    0x87, 0x0, 0x2, 0xd0, 0x0, 0xc, 0x40, 0x0,
    0x69, 0x0, 0x0, 0xbf, 0xee, 0xe2,

    /* U+017C "ż" */
    0x0, 0xb2, 0x0, 0x1, 0x0, 0x5d, 0xdd, 0xc0,
    0x0, 0xa5, 0x0, 0x78, 0x0, 0x4b, 0x0, 0x1c,
    0x10, 0x7, 0xed, 0xdb,

    /* U+017D "Ž" */
    0x4, 0x8b, 0x0, 0x0, 0x63, 0x0, 0x8f, 0xff,
    0xf0, 0x0, 0x4, 0xb0, 0x0, 0xd, 0x20, 0x0,
    0x87, 0x0, 0x2, 0xd0, 0x0, 0xc, 0x40, 0x0,
    0x69, 0x0, 0x0, 0xbf, 0xee, 0xe2,

    /* U+017E "ž" */
    0x5, 0x8a, 0x0, 0x4, 0x10, 0x5d, 0xdd, 0xc0,
    0x0, 0xa5, 0x0, 0x78, 0x0, 0x4b, 0x0, 0x1c,
    0x10, 0x7, 0xed, 0xdb,

    /* U+017F "ſ" */
    0x1c, 0xa5, 0x90, 0x58, 0x5, 0x80, 0x58, 0x5,
    0x80, 0x58, 0x0,

    /* U+0180 "ƀ" */
    0x1c, 0xd9, 0x0, 0x0, 0x58, 0x0, 0x0, 0x5,
    0xca, 0xc5, 0x0, 0x5b, 0x0, 0xd0, 0x5, 0x70,
    0xc, 0x10, 0x5a, 0x1, 0xd0, 0x5, 0xba, 0xc4,
    0x0,

    /* U+0181 "Ɓ" */
    0xbe, 0xec, 0xdb, 0x1b, 0x86, 0x0, 0x87, 0x8,
    0x60, 0x9, 0x40, 0x8d, 0xcd, 0xe2, 0x8, 0x60,
    0x5, 0xc0, 0x86, 0x0, 0x4c, 0x8, 0xec, 0xcc,
    0x30,

    /* U+0182 "Ƃ" */
    0x3f, 0xcc, 0xc5, 0x3, 0xc0, 0x0, 0x0, 0x3c,
    0x0, 0x0, 0x3, 0xfc, 0xcc, 0x50, 0x3c, 0x0,
    0x1e, 0x13, 0xc0, 0x0, 0xe1, 0x3f, 0xcc, 0xc6,
    0x0,

    /* U+0183 "ƃ" */
    0x5d, 0xaa, 0xa1, 0x58, 0x0, 0x0, 0x5c, 0xac,
    0x50, 0x5b, 0x0, 0xd0, 0x57, 0x0, 0xc1, 0x5a,
    0x1, 0xd0, 0x5b, 0xac, 0x40,

    /* U+0184 "Ƅ" */
    0x58, 0x0, 0x0, 0x58, 0x0, 0x0, 0x58, 0x0,
    0x0, 0x5d, 0xbb, 0x50, 0x58, 0x0, 0xd1, 0x2b,
    0x0, 0xd1, 0x7, 0xbb, 0x80,

    /* U+0185 "ƅ" */
    0x58, 0x0, 0x0, 0x58, 0x0, 0x0, 0x5c, 0xac,
    0x50, 0x5b, 0x0, 0xd0, 0x58, 0x0, 0xc2, 0x2b,
    0x0, 0xd0, 0x7, 0xbb, 0x40,

    /* U+0186 "Ɔ" */
    0x6, 0xcc, 0xb3, 0x4, 0xc0, 0x1, 0xd2, 0x1,
    0x0, 0x6, 0x80, 0x0, 0x0, 0x4a, 0x33, 0x0,
    0x6, 0x84, 0xc0, 0x1, 0xd2, 0x6, 0xcc, 0xc5,
    0x0,

    /* U+0187 "Ƈ" */
    0x2, 0xac, 0xc7, 0xd7, 0xd, 0x30, 0x9, 0xb0,
    0x5a, 0x0, 0x0, 0x0, 0x78, 0x0, 0x0, 0x0,
    0x5a, 0x0, 0x1, 0x40, 0xd, 0x30, 0x9, 0x70,
    0x3, 0xcc, 0xc8, 0x0,

    /* U+0188 "ƈ" */
    0x0, 0x1, 0x98, 0xa, 0xae, 0xd0, 0x78, 0x2,
    0x70, 0x95, 0x0, 0x0, 0x68, 0x1, 0xa0, 0xa,
    0xab, 0x30,

    /* U+0189 "Ɖ" */
    0x3f, 0xcc, 0xd6, 0x3, 0xc0, 0x1, 0xd3, 0x3c,
    0x0, 0x5, 0x9d, 0xfc, 0x80, 0x4a, 0x3c, 0x0,
    0x5, 0x93, 0xc0, 0x0, 0xc3, 0x3f, 0xcc, 0xc5,
    0x0,

    /* U+018A "Ɗ" */
    0xbe, 0xec, 0xcc, 0x20, 0xa8, 0x60, 0x3, 0xd0,
    0x8, 0x60, 0x0, 0xb4, 0x8, 0x60, 0x0, 0x95,
    0x8, 0x60, 0x0, 0xb3, 0x8, 0x60, 0x3, 0xd0,
    0x8, 0xec, 0xcc, 0x30,

    /* U+018B "Ƌ" */
    0xb, 0xcc, 0xdc, 0x0, 0x0, 0x3c, 0x0, 0x0,
    0x3c, 0x19, 0xcc, 0xdc, 0x89, 0x0, 0x3c, 0x88,
    0x0, 0x3c, 0x1b, 0xcc, 0xdc,

    /* U+018C "ƌ" */
    0x5a, 0xaa, 0xe0, 0x0, 0xe, 0xa, 0xba, 0xe6,
    0x80, 0x2e, 0x85, 0x0, 0xd6, 0x80, 0x1e, 0x9,
    0x99, 0xd0,

    /* U+018D "ƍ" */
    0x9, 0xab, 0x50, 0x67, 0x0, 0xd0, 0x94, 0x0,
    0xb2, 0x77, 0x0, 0xd0, 0xc, 0xbc, 0x50, 0x0,
    0x8a, 0x0, 0xb, 0xbd, 0xd0,

    /* U+018E "Ǝ" */
    0x3c, 0xcc, 0xce, 0x0, 0x0, 0x1e, 0x0, 0x0,
    0x1e, 0xc, 0xcc, 0xce, 0x0, 0x0, 0x1e, 0x0,
    0x0, 0x1e, 0x5c, 0xcc, 0xce,

    /* U+018F "Ə" */
    0x3, 0xce, 0xc3, 0x1, 0xd3, 0x3, 0xe1, 0x0,
    0x0, 0x7, 0x78, 0xee, 0xee, 0xfa, 0x77, 0x0,
    0x3, 0x94, 0xb0, 0x0, 0x77, 0xd, 0x50, 0x3d,
    0x10, 0x2c, 0xec, 0x30,

    /* U+0190 "Ɛ" */
    0x7, 0xdd, 0x80, 0x3d, 0x0, 0xb4, 0x2d, 0x0,
    0x11, 0xa, 0xe6, 0x0, 0x7a, 0x0, 0x0, 0x79,
    0x0, 0xa6, 0xa, 0xcd, 0x80,

    /* U+0191 "Ƒ" */
    0x3, 0xfc, 0xcc, 0x70, 0x3c, 0x0, 0x0, 0x3,
    0xc0, 0x0, 0x0, 0x3f, 0xcc, 0xc1, 0x3, 0xc0,
    0x0, 0x0, 0x3c, 0x0, 0x0, 0x3, 0xb0, 0x0,
    0x1, 0xd7, 0x0, 0x0,

    /* U+0192 "ƒ" */
    0x0, 0x3d, 0x90, 0xa, 0x30, 0x7, 0xfe, 0x90,
    0xd, 0x0, 0x0, 0xd0, 0x0, 0xc, 0x0, 0x2,
    0xa0, 0x5, 0xd4, 0x0,

    /* U+0193 "Ɠ" */
    0x1, 0xac, 0xc9, 0xba, 0xd, 0x40, 0x5, 0xd0,
    0x5a, 0x0, 0x0, 0x0, 0x78, 0x0, 0xbd, 0xe2,
    0x5a, 0x0, 0x0, 0xc2, 0xc, 0x40, 0x3, 0xe2,
    0x1, 0xac, 0xdc, 0x50,

    /* U+0194 "Ɣ" */
    0xc3, 0x0, 0xb, 0x45, 0xa0, 0x2, 0xd0, 0xd,
    0x20, 0x95, 0x0, 0x78, 0x1d, 0x0, 0x0, 0xe8,
    0x70, 0x0, 0x8, 0xf1, 0x0, 0x0, 0x5e, 0x0,
    0x0, 0xb, 0xc3, 0x0, 0x0, 0x9c, 0x30, 0x0,

    /* U+0195 "ƕ" */
    0x58, 0x0, 0x0, 0x0, 0x58, 0x0, 0x0, 0x0,
    0x5c, 0xbc, 0x40, 0xa3, 0x5b, 0x4, 0xa0, 0x59,
    0x58, 0x3, 0xb0, 0x2b, 0x58, 0x2, 0xc0, 0x59,
    0x58, 0x0, 0x9a, 0xb1,

    /* U+0196 "Ɩ" */
    0x58, 0x5, 0x80, 0x58, 0x5, 0x80, 0x58, 0x5,
    0x80, 0x2d, 0x40,

    /* U+0197 "Ɨ" */
    0xd, 0x10, 0xd, 0x10, 0xd, 0x10, 0xaf, 0xa2,
    0xd, 0x10, 0xd, 0x10, 0xd, 0x10,

    /* U+0198 "Ƙ" */
    0x4b, 0x0, 0x7d, 0x94, 0xb0, 0x79, 0x3, 0x4b,
    0x6b, 0x0, 0x4, 0xeb, 0xe1, 0x0, 0x4d, 0x6,
    0xc0, 0x4, 0xb0, 0xa, 0x80, 0x4b, 0x0, 0x1e,
    0x40,

    /* U+0199 "ƙ" */
    0x2d, 0x50, 0x5, 0x80, 0x0, 0x58, 0x1c, 0x45,
    0x9c, 0x30, 0x5e, 0xc3, 0x5, 0x82, 0xd0, 0x58,
    0x7, 0x90,

    /* U+019A "ƚ" */
    0xd, 0x0, 0xd, 0x0, 0xd, 0x0, 0xae, 0xa2,
    0xd, 0x0, 0xd, 0x0, 0x9, 0xb0,

    /* U+019B "ƛ" */
    0x9, 0xb5, 0x2, 0x9d, 0x0, 0x2, 0xf2, 0x0,
    0x8c, 0x80, 0xd, 0x1d, 0x4, 0xa0, 0x94, 0xa4,
    0x3, 0xa0,

    /* U+019C "Ɯ" */
    0x58, 0x4, 0x90, 0x3b, 0x58, 0x4, 0x90, 0x3b,
    0x58, 0x4, 0x90, 0x3b, 0x58, 0x4, 0x90, 0x3b,
    0x58, 0x4, 0x90, 0x3b, 0x59, 0x6, 0xa0, 0x5b,
    0x1c, 0x97, 0xb9, 0x9b,

    /* U+019D "Ɲ" */
    0x3, 0xf2, 0x0, 0x76, 0x3, 0xec, 0x0, 0x76,
    0x3, 0xb9, 0x70, 0x76, 0x3, 0xb0, 0xd2, 0x76,
    0x3, 0xb0, 0x4c, 0x86, 0x3, 0xb0, 0x9, 0xe6,
    0x3, 0xb0, 0x0, 0xd6, 0x3, 0xa0, 0x0, 0x0,
    0x1d, 0x50, 0x0, 0x0,

    /* U+019E "ƞ" */
    0x5b, 0x9b, 0x65, 0xb0, 0xd, 0x59, 0x0, 0xe5,
    0x90, 0xe, 0x59, 0x0, 0xe0, 0x0, 0xe, 0x0,
    0x0, 0xe0,

    /* U+019F "Ɵ" */
    0x2, 0xac, 0xc9, 0x0, 0xd, 0x30, 0x7, 0xb0,
    0x5a, 0x0, 0x0, 0xd2, 0x7d, 0xaa, 0xaa, 0xe4,
    0x59, 0x0, 0x0, 0xd2, 0xd, 0x40, 0x6, 0xb0,
    0x2, 0xac, 0xc9, 0x0,

    /* U+01A0 "Ơ" */
    0x0, 0x0, 0x2, 0x30, 0x0, 0x0, 0x56, 0x2,
    0xce, 0xfd, 0x10, 0xd4, 0x1, 0xc5, 0x59, 0x0,
    0x3, 0xb8, 0x60, 0x0, 0xe, 0x86, 0x0, 0x0,
    0xe5, 0x90, 0x0, 0x3b, 0xd, 0x40, 0x1c, 0x50,
    0x2c, 0xed, 0x60,

    /* U+01A1 "ơ" */
    0x0, 0x0, 0x41, 0x0, 0x0, 0x84, 0x8, 0xef,
    0xe0, 0x4b, 0x1, 0xe0, 0x85, 0x0, 0xa3, 0x85,
    0x0, 0xa3, 0x4b, 0x1, 0xd0, 0x8, 0xed, 0x40,

    /* U+01A2 "Ƣ" */
    0x2, 0xad, 0xd9, 0xbd, 0xb0, 0xd, 0x40, 0x7,
    0xc0, 0x96, 0x5a, 0x0, 0x0, 0xd2, 0x77, 0x77,
    0x0, 0x0, 0xa4, 0x78, 0x59, 0x0, 0x0, 0xc2,
    0x78, 0xd, 0x20, 0x5, 0xb0, 0x78, 0x2, 0xaa,
    0xa9, 0x0, 0x78,

    /* U+01A3 "ƣ" */
    0xa, 0xbc, 0xbb, 0xa0, 0x78, 0x0, 0xd0, 0xc1,
    0x94, 0x0, 0xb2, 0xb2, 0x77, 0x0, 0xd0, 0xb2,
    0xa, 0xbb, 0x40, 0xb2, 0x0, 0x0, 0x0, 0xb2,
    0x0, 0x0, 0x0, 0xb2,

    /* U+01A4 "Ƥ" */
    0xbe, 0xec, 0xcc, 0x49, 0x86, 0x0, 0x4c, 0x8,
    0x60, 0x5, 0xc0, 0x8e, 0xdc, 0xb2, 0x8, 0x60,
    0x0, 0x0, 0x86, 0x0, 0x0, 0x8, 0x60, 0x0,
    0x0,

    /* U+01A5 "ƥ" */
    0x0, 0x5, 0xb1, 0x5c, 0x9c, 0x70, 0x5b, 0x0,
    0xd0, 0x57, 0x0, 0xc2, 0x5b, 0x0, 0xd0, 0x5c,
    0xab, 0x40, 0x59, 0x0, 0x0, 0x59, 0x0, 0x0,

    /* U+01A6 "Ʀ" */
    0x3c, 0x0, 0x0, 0x0, 0x3e, 0xbb, 0xb9, 0x0,
    0x3c, 0x0, 0xa, 0x60, 0x3c, 0x0, 0xb, 0x60,
    0x3f, 0xde, 0xd7, 0x0, 0x3c, 0x0, 0xb7, 0x0,
    0x3c, 0x0, 0xd, 0x40, 0x0, 0x0, 0x3, 0xe1,

    /* U+01A7 "Ƨ" */
    0x5, 0xcc, 0xc3, 0x1, 0xd0, 0x2, 0xd0, 0x0,
    0x2, 0x7c, 0x0, 0x7e, 0xc7, 0x0, 0x6b, 0x10,
    0x3, 0x5, 0xa0, 0x2, 0xe0, 0x8, 0xdc, 0xc4,
    0x0,

    /* U+01A8 "ƨ" */
    0x1b, 0xbb, 0x22, 0x30, 0x87, 0x2b, 0xc8, 0x18,
    0x60, 0x35, 0x2b, 0xab, 0x20,

    /* U+01A9 "Ʃ" */
    0x8e, 0xcc, 0xc4, 0x1d, 0x30, 0x0, 0x1, 0xd2,
    0x0, 0x0, 0x6b, 0x0, 0x3, 0xd1, 0x0, 0x1d,
    0x20, 0x0, 0x8e, 0xcc, 0xc6,

    /* U+01AA "ƪ" */
    0x58, 0x80, 0x7, 0x1e, 0x0, 0x16, 0xe0, 0x0,
    0xd, 0x0, 0x0, 0xd0, 0x0, 0xd, 0x0, 0x0,
    0xd0, 0x0, 0xc, 0x10, 0x0, 0x7c, 0x0,

    /* U+01AB "ƫ" */
    0x5, 0x3, 0xb0, 0x9e, 0x53, 0xb0, 0x3b, 0x2,
    0xb0, 0x1d, 0x80, 0x2a, 0xb, 0x50,

    /* U+01AC "Ƭ" */
    0x8d, 0xee, 0xc6, 0x90, 0x78, 0x0, 0x0, 0x78,
    0x0, 0x0, 0x78, 0x0, 0x0, 0x78, 0x0, 0x0,
    0x78, 0x0, 0x0, 0x78, 0x0,

    /* U+01AD "ƭ" */
    0xd, 0x72, 0xb0, 0x9e, 0x53, 0xb0, 0x3b, 0x2,
    0xb0, 0x1d, 0x70,

    /* U+01AE "Ʈ" */
    0x9c, 0xee, 0xcb, 0x0, 0x78, 0x0, 0x0, 0x78,
    0x0, 0x0, 0x78, 0x0, 0x0, 0x78, 0x0, 0x0,
    0x78, 0x0, 0x0, 0x78, 0x0, 0x0, 0x68, 0x0,
    0x0, 0x3e, 0x50,

    /* U+01AF "Ư" */
    0x0, 0x0, 0x0, 0x50, 0x0, 0x0, 0x0, 0xb0,
    0x3a, 0x0, 0xf, 0x70, 0x3a, 0x0, 0xb, 0x20,
    0x3a, 0x0, 0xb, 0x20, 0x3a, 0x0, 0xb, 0x20,
    0x3a, 0x0, 0xb, 0x20, 0x3a, 0x0, 0xc, 0x10,
    0xd, 0x30, 0x4d, 0x0, 0x3, 0xde, 0xc2, 0x0,

    /* U+01B0 "ư" */
    0x0, 0x0, 0x5, 0x0, 0x0, 0xc, 0x3a, 0x0,
    0xf3, 0x3a, 0x0, 0xd0, 0x3a, 0x0, 0xd0, 0x3a,
    0x0, 0xd0, 0x1c, 0x2, 0xf0, 0x8, 0xda, 0xc0,

    /* U+01B1 "Ʊ" */
    0x4d, 0xa0, 0x3e, 0xa0, 0x49, 0x2, 0xb0, 0xb,
    0x30, 0xb, 0x31, 0xd0, 0x0, 0x59, 0x3c, 0x0,
    0x5, 0xa0, 0xd4, 0x0, 0xc5, 0x2, 0xbc, 0xc6,
    0x0,

    /* U+01B2 "Ʋ" */
    0xb4, 0x0, 0x4d, 0x15, 0x90, 0x0, 0xc1, 0xd,
    0x0, 0xc, 0x0, 0x85, 0x5, 0x70, 0x2, 0xb0,
    0xc1, 0x0, 0xc, 0x59, 0x0, 0x0, 0x5e, 0x10,
    0x0,

    /* U+01B3 "Ƴ" */
    0x5c, 0x60, 0x1, 0xd2, 0x0, 0xc4, 0xa, 0x60,
    0x0, 0x2c, 0x4b, 0x0, 0x0, 0xa, 0xd1, 0x0,
    0x0, 0x5, 0x90, 0x0, 0x0, 0x5, 0x90, 0x0,
    0x0, 0x5, 0x90, 0x0,

    /* U+01B4 "ƴ" */
    0xa4, 0x0, 0xbb, 0x4, 0xa0, 0x75, 0x30, 0xd,
    0x1d, 0x0, 0x0, 0x7a, 0x80, 0x0, 0x1, 0xf2,
    0x0, 0x0, 0x1b, 0x0, 0x0, 0x5d, 0x30, 0x0,
    0x0,

    /* U+01B5 "Ƶ" */
    0x5c, 0xcc, 0xeb, 0x0, 0x1, 0xe3, 0x0, 0xb,
    0x60, 0xa, 0xdd, 0xa0, 0x6, 0xb0, 0x0, 0x4c,
    0x0, 0x0, 0xcd, 0xcc, 0xca,

    /* U+01B6 "ƶ" */
    0x6a, 0xae, 0x80, 0x2, 0xd1, 0x5b, 0xeb, 0x51,
    0xc3, 0x0, 0xbd, 0xbb, 0x90,

    /* U+01B7 "Ʒ" */
    0x2c, 0xcc, 0xf4, 0x0, 0x1a, 0x30, 0x0, 0xcb,
    0x70, 0x0, 0x0, 0x87, 0x22, 0x0, 0x2c, 0x5a,
    0x0, 0x78, 0x8, 0xcc, 0x90,

    /* U+01B8 "Ƹ" */
    0x1e, 0xdc, 0xc6, 0x1, 0x94, 0x0, 0x4, 0xbd,
    0x20, 0x3b, 0x0, 0x0, 0x76, 0x0, 0x4, 0x4b,
    0x0, 0x6a, 0x7, 0xcc, 0xb1,

    /* U+01B9 "ƹ" */
    0x5e, 0xbb, 0x70, 0xb3, 0x0, 0x1, 0xc1, 0x0,
    0x7c, 0x40, 0x78, 0x0, 0x7, 0x70, 0x18, 0xa,
    0xab, 0x40,

    /* U+01BA "ƺ" */
    0x7b, 0xbe, 0x0, 0xa, 0x20, 0x7, 0xc9, 0x0,
    0x0, 0xa5, 0x3, 0xab, 0x14, 0x91, 0x0, 0x3c,
    0xa2, 0x0,

    /* U+01BB "ƻ" */
    0x8, 0xcc, 0x40, 0x59, 0x2, 0xe0, 0x11, 0x0,
    0xe0, 0x0, 0x8, 0x90, 0xa, 0xde, 0xb0, 0xa,
    0x70, 0x0, 0x8f, 0xcc, 0xc0,

    /* U+01BC "Ƽ" */
    0xbf, 0xcc, 0xa0, 0xc, 0x0, 0x0, 0x3d, 0xbb,
    0x30, 0x26, 0x2, 0xe0, 0x0, 0x0, 0xd1, 0x78,
    0x1, 0xd0, 0xa, 0xbb, 0x30,

    /* U+01BD "ƽ" */
    0x6e, 0xbb, 0x53, 0xda, 0x92, 0x11, 0x3, 0xb4,
    0x40, 0x2c, 0x1b, 0xab, 0x30,

    /* U+01BE "ƾ" */
    0x0, 0xa2, 0x0, 0x6, 0xeb, 0x10, 0x0, 0x85,
    0x0, 0x0, 0x1c, 0x30, 0x0, 0x2, 0xd0, 0x68,
    0x0, 0xe0, 0xa, 0xbb, 0x50,

    /* U+01BF "ƿ" */
    0x5b, 0xab, 0x65, 0xa0, 0xe, 0x59, 0x1, 0xd5,
    0x91, 0xb4, 0x5d, 0xa2, 0x5, 0x90, 0x0, 0x59,
    0x0, 0x0,

    /* U+01C0 "ǀ" */
    0x1b, 0x1b, 0x1b, 0x1b, 0x1b, 0x1b, 0x1b,

    /* U+01C1 "ǁ" */
    0x1a, 0xb, 0x1a, 0xb, 0x1a, 0xb, 0x1a, 0xb,
    0x1a, 0xb, 0x1a, 0xb, 0x1a, 0xb,

    /* U+01C2 "ǂ" */
    0x0, 0xc0, 0x0, 0xc, 0x0, 0x7a, 0xea, 0x50,
    0xc, 0x0, 0x7a, 0xea, 0x50, 0xc, 0x0, 0x0,
    0xc0, 0x0,

    /* U+01C3 "ǃ" */
    0x2f, 0x2e, 0x1d, 0xc, 0xa, 0x0, 0x1d,

    /* U+01C4 "Ǆ" */
    0x0, 0x0, 0x0, 0x0, 0x16, 0x34, 0x0, 0x0,
    0x0, 0x0, 0x0, 0x9, 0xd1, 0x0, 0x3f, 0xcc,
    0xd6, 0x2, 0xcc, 0xcd, 0xe0, 0x3c, 0x0, 0xc,
    0x30, 0x0, 0xc, 0x50, 0x3c, 0x0, 0x6, 0x90,
    0x0, 0xa8, 0x0, 0x3c, 0x0, 0x4, 0xa0, 0x7,
    0xa0, 0x0, 0x3c, 0x0, 0x6, 0x90, 0x4c, 0x0,
    0x0, 0x3c, 0x0, 0x1c, 0x32, 0xd2, 0x0, 0x0,
    0x3f, 0xcc, 0xd6, 0x9, 0xec, 0xcc, 0xc0,

    /* U+01C5 "ǅ" */
    0x3f, 0xcc, 0xd6, 0x0, 0x6a, 0xb0, 0x3, 0xc0,
    0x0, 0xc3, 0x0, 0x21, 0x0, 0x3c, 0x0, 0x6,
    0x94, 0xaa, 0xcc, 0x3, 0xc0, 0x0, 0x4a, 0x0,
    0x1c, 0x10, 0x3c, 0x0, 0x6, 0x90, 0x1c, 0x20,
    0x3, 0xc0, 0x1, 0xc3, 0xc, 0x30, 0x0, 0x3f,
    0xcc, 0xd6, 0x8, 0xec, 0xcc, 0x0,

    /* U+01C6 "ǆ" */
    0x0, 0x0, 0xd0, 0x2c, 0xb3, 0x0, 0x0, 0xd,
    0x0, 0x23, 0x0, 0xa, 0xa9, 0xd0, 0xaa, 0xbf,
    0x27, 0x80, 0x3d, 0x0, 0xa, 0x70, 0x94, 0x0,
    0xd0, 0x9, 0x90, 0x6, 0x70, 0x1d, 0x7, 0xb0,
    0x0, 0x9, 0x99, 0xd3, 0xf9, 0x99, 0x30,

    /* U+01C7 "Ǉ" */
    0x4b, 0x0, 0x0, 0x0, 0x78, 0x4b, 0x0, 0x0,
    0x0, 0x78, 0x4b, 0x0, 0x0, 0x0, 0x78, 0x4b,
    0x0, 0x0, 0x0, 0x78, 0x4b, 0x0, 0x0, 0x0,
    0x77, 0x4b, 0x0, 0x5, 0x80, 0x96, 0x4f, 0xcc,
    0xc3, 0xcd, 0xb0,

    /* U+01C8 "ǈ" */
    0x4b, 0x0, 0x0, 0xb1, 0x4b, 0x0, 0x0, 0x0,
    0x4b, 0x0, 0x0, 0xc1, 0x4b, 0x0, 0x0, 0xc1,
    0x4b, 0x0, 0x0, 0xc1, 0x4b, 0x0, 0x0, 0xc1,
    0x4f, 0xcc, 0xc2, 0xc1, 0x0, 0x0, 0x0, 0xc1,
    0x0, 0x0, 0x9, 0xb0,

    /* U+01C9 "ǉ" */
    0x58, 0x1b, 0x58, 0x0, 0x58, 0x2c, 0x58, 0x2c,
    0x58, 0x2c, 0x58, 0x2c, 0x58, 0x2c, 0x0, 0x2b,
    0x1, 0xc6,

    /* U+01CA "Ǌ" */
    0x3f, 0x20, 0x7, 0x60, 0x0, 0x86, 0x3e, 0xc0,
    0x7, 0x60, 0x0, 0x86, 0x3b, 0xa7, 0x7, 0x60,
    0x0, 0x86, 0x3b, 0xd, 0x27, 0x60, 0x0, 0x86,
    0x3b, 0x4, 0xc8, 0x60, 0x0, 0x86, 0x3b, 0x0,
    0x9e, 0x67, 0x60, 0xa4, 0x3b, 0x0, 0xd, 0x61,
    0xcb, 0xa0,

    /* U+01CB "ǋ" */
    0x3f, 0x20, 0x7, 0x61, 0xb3, 0xec, 0x0, 0x76,
    0x0, 0x3b, 0xa7, 0x7, 0x62, 0xc3, 0xb0, 0xd2,
    0x76, 0x2c, 0x3b, 0x4, 0xc8, 0x62, 0xc3, 0xb0,
    0x9, 0xe6, 0x2c, 0x3b, 0x0, 0xd, 0x62, 0xc0,
    0x0, 0x0, 0x0, 0x2b, 0x0, 0x0, 0x0, 0x1c,
    0x60,

    /* U+01CC "ǌ" */
    0x0, 0x0, 0x0, 0xb1, 0x0, 0x0, 0x0, 0x0,
    0x5b, 0x9b, 0x60, 0xc1, 0x5b, 0x0, 0xd0, 0xc1,
    0x59, 0x0, 0xe0, 0xc1, 0x59, 0x0, 0xe0, 0xc1,
    0x59, 0x0, 0xe0, 0xc1, 0x0, 0x0, 0x0, 0xc1,
    0x0, 0x0, 0x9, 0xb0,

    /* U+01CD "Ǎ" */
    0x0, 0xa7, 0x60, 0x0, 0x2, 0x70, 0x0, 0x0,
    0x6f, 0x10, 0x0, 0xb, 0xa6, 0x0, 0x0, 0xd3,
    0xb0, 0x0, 0x59, 0xd, 0x10, 0xa, 0x40, 0x95,
    0x0, 0xff, 0xff, 0xa0, 0x5a, 0x0, 0xe, 0xa,
    0x50, 0x0, 0xa5,

    /* U+01CE "ǎ" */
    0x4, 0x8a, 0x0, 0x0, 0x52, 0x0, 0x9, 0xed,
    0x20, 0x4a, 0x3, 0xa0, 0x1, 0x59, 0xd0, 0x4c,
    0x63, 0xd0, 0x87, 0x7, 0xd0, 0x2d, 0xe8, 0xc4,

    /* U+01CF "Ǐ" */
    0x7, 0x25, 0x7, 0xe3, 0x1, 0xe0, 0x1, 0xe0,
    0x1, 0xe0, 0x1, 0xe0, 0x1, 0xe0, 0x1, 0xe0,
    0x1, 0xe0,

    /* U+01D0 "ǐ" */
    0xb, 0x97, 0x1, 0x40, 0x0, 0xd0, 0x0, 0xd0,
    0x0, 0xd0, 0x0, 0xd0, 0x0, 0xd0,

    /* U+01D1 "Ǒ" */
    0x0, 0x34, 0x61, 0x0, 0x0, 0x6, 0x40, 0x0,
    0x2, 0xac, 0xc9, 0x0, 0xd, 0x30, 0x7, 0xb0,
    0x5a, 0x0, 0x0, 0xd2, 0x77, 0x0, 0x0, 0xb4,
    0x59, 0x0, 0x0, 0xd2, 0xd, 0x30, 0x6, 0xb0,
    0x2, 0xac, 0xc9, 0x0,

    /* U+01D2 "ǒ" */
    0x6, 0x9c, 0x0, 0x0, 0x52, 0x0, 0xa, 0xbb,
    0x40, 0x77, 0x0, 0xd0, 0x94, 0x0, 0xb2, 0x78,
    0x0, 0xd0, 0xa, 0xbb, 0x40,

    /* U+01D3 "Ǔ" */
    0x0, 0x53, 0x60, 0x0, 0x1, 0x72, 0x0, 0x3b,
    0x0, 0x8, 0x63, 0xb0, 0x0, 0x86, 0x3b, 0x0,
    0x8, 0x63, 0xb0, 0x0, 0x86, 0x2c, 0x0, 0x9,
    0x60, 0xe1, 0x0, 0xd2, 0x4, 0xcc, 0xd7, 0x0,

    /* U+01D4 "ǔ" */
    0x5, 0xac, 0x10, 0x4, 0x10, 0x58, 0x0, 0xe5,
    0x80, 0xe, 0x58, 0x0, 0xe4, 0x90, 0x2e, 0xb,
    0x98, 0xd0,

    /* U+01D5 "Ǖ" */
    0x0, 0xab, 0xb0, 0x0, 0x0, 0x0, 0x0, 0x0,
    0xb2, 0xd0, 0x3, 0xb0, 0x0, 0x86, 0x3b, 0x0,
    0x8, 0x63, 0xb0, 0x0, 0x86, 0x3b, 0x0, 0x8,
    0x62, 0xc0, 0x0, 0x96, 0xe, 0x10, 0xd, 0x20,
    0x4c, 0xcd, 0x70,

    /* U+01D6 "ǖ" */
    0x8, 0xbb, 0x30, 0x85, 0xb2, 0x0, 0x0, 0x5,
    0x80, 0xe, 0x58, 0x0, 0xe5, 0x80, 0xe, 0x49,
    0x2, 0xe0, 0xb9, 0x8d,

    /* U+01D7 "Ǘ" */
    0x0, 0x0, 0x0, 0x0, 0x0, 0x96, 0x0, 0x0,
    0x2, 0x0, 0x0, 0xb, 0x2d, 0x0, 0x3b, 0x0,
    0x8, 0x63, 0xb0, 0x0, 0x86, 0x3b, 0x0, 0x8,
    0x63, 0xb0, 0x0, 0x86, 0x2c, 0x0, 0x9, 0x60,
    0xe1, 0x0, 0xd2, 0x4, 0xcc, 0xd7, 0x0,

    /* U+01D8 "ǘ" */
    0x0, 0x0, 0x0, 0x7, 0x70, 0x8, 0x5b, 0x20,
    0x0, 0x0, 0x58, 0x0, 0xe5, 0x80, 0xe, 0x58,
    0x0, 0xe4, 0x90, 0x2e, 0xb, 0x98, 0xd0,

    /* U+01D9 "Ǚ" */
    0x0, 0x6a, 0x90, 0x0, 0x0, 0x0, 0x0, 0x0,
    0xb2, 0xd0, 0x3, 0xb0, 0x0, 0x86, 0x3b, 0x0,
    0x8, 0x63, 0xb0, 0x0, 0x86, 0x3b, 0x0, 0x8,
    0x62, 0xc0, 0x0, 0x96, 0xe, 0x10, 0xd, 0x20,
    0x4c, 0xcd, 0x70,

    /* U+01DA "ǚ" */
    0x4, 0x26, 0x0, 0x2d, 0x90, 0x8, 0x4b, 0x10,
    0x0, 0x0, 0x58, 0x0, 0xe5, 0x80, 0xe, 0x58,
    0x0, 0xe4, 0x90, 0x2e, 0xb, 0x98, 0xd0,

    /* U+01DB "Ǜ" */
    0x0, 0x0, 0x0, 0x0, 0x3, 0xc0, 0x0, 0x0,
    0x2, 0x0, 0x0, 0xb, 0x2d, 0x0, 0x3b, 0x0,
    0x8, 0x63, 0xb0, 0x0, 0x86, 0x3b, 0x0, 0x8,
    0x63, 0xb0, 0x0, 0x86, 0x2c, 0x0, 0x9, 0x60,
    0xe1, 0x0, 0xd2, 0x4, 0xcc, 0xd7, 0x0,

    /* U+01DC "ǜ" */
    0x0, 0x0, 0x0, 0x1c, 0x10, 0x8, 0x4b, 0x10,
    0x0, 0x0, 0x58, 0x0, 0xe5, 0x80, 0xe, 0x58,
    0x0, 0xe4, 0x90, 0x2e, 0xb, 0x98, 0xd0,

    /* U+01DD "ǝ" */
    0x1b, 0xbb, 0x40, 0x34, 0x0, 0xd0, 0x7b, 0xbb,
    0xe2, 0x68, 0x1, 0xd0, 0x9, 0xbc, 0x40,

    /* U+01DE "Ǟ" */
    0x0, 0x2b, 0xb8, 0x0, 0x0, 0x0, 0x0, 0x0,
    0x0, 0xd, 0x3a, 0x0, 0x0, 0x7, 0xe0, 0x0,
    0x0, 0xd, 0x86, 0x0, 0x0, 0x4a, 0x2c, 0x0,
    0x0, 0xa4, 0xc, 0x30, 0x1, 0xeb, 0xbc, 0xa0,
    0x6, 0x80, 0x0, 0xe1, 0xd, 0x20, 0x0, 0x97,

    /* U+01DF "ǟ" */
    0x8, 0xbb, 0x30, 0x8, 0x4b, 0x10, 0x0, 0x0,
    0x0, 0x1a, 0xbc, 0x70, 0x34, 0x1, 0xd0, 0x19,
    0xba, 0xe0, 0x97, 0x2, 0xe0, 0x4b, 0x88, 0xd0,

    /* U+01E0 "Ǡ" */
    0x0, 0x3b, 0xb8, 0x0, 0x0, 0x0, 0x0, 0x0,
    0x0, 0x2, 0xa0, 0x0, 0x0, 0x7, 0xe0, 0x0,
    0x0, 0xd, 0x86, 0x0, 0x0, 0x4a, 0x2c, 0x0,
    0x0, 0xa4, 0xc, 0x30, 0x1, 0xeb, 0xbc, 0xa0,
    0x6, 0x80, 0x0, 0xe1, 0xd, 0x20, 0x0, 0x97,

    /* U+01E1 "ǡ" */
    0x7, 0xbb, 0x30, 0x0, 0x94, 0x0, 0x0, 0x0,
    0x0, 0x1a, 0xbc, 0x70, 0x34, 0x1, 0xd0, 0x19,
    0xba, 0xe0, 0x97, 0x2, 0xe0, 0x4b, 0x88, 0xd0,

    /* U+01E2 "Ǣ" */
    0x0, 0x2, 0xbb, 0x80, 0x0, 0x0, 0xc, 0xdf,
    0xcc, 0xc4, 0x0, 0x4b, 0x3b, 0x0, 0x0, 0x0,
    0xc3, 0x3b, 0x0, 0x0, 0x4, 0xb0, 0x3f, 0xcc,
    0xc0, 0xc, 0xdc, 0xdb, 0x0, 0x0, 0x4b, 0x0,
    0x3b, 0x0, 0x0, 0xc4, 0x0, 0x3f, 0xcc, 0xc5,

    /* U+01E3 "ǣ" */
    0x0, 0xb, 0xbb, 0x0, 0x0, 0x0, 0x0, 0x0,
    0x0, 0x1a, 0xac, 0x8b, 0xa8, 0x3, 0x40, 0x2e,
    0x0, 0x94, 0x19, 0xab, 0xeb, 0xbc, 0x69, 0x70,
    0x4e, 0x0, 0x63, 0x4c, 0xa9, 0x5b, 0xba, 0x0,

    /* U+01E4 "Ǥ" */
    0x2, 0xbe, 0xd4, 0x0, 0xd, 0x40, 0x2d, 0x10,
    0x59, 0x0, 0x5, 0x30, 0x86, 0x0, 0x0, 0x0,
    0x86, 0x4, 0xee, 0x70, 0x59, 0x4, 0xcf, 0xf0,
    0xd, 0x40, 0x2d, 0x10, 0x2, 0xce, 0xd5, 0x0,

    /* U+01E5 "ǥ" */
    0x8, 0xec, 0xb2, 0x4b, 0x3, 0xf2, 0x85, 0x0,
    0xc2, 0x86, 0x8c, 0xfc, 0x3c, 0x3, 0xf2, 0x7,
    0xdb, 0xb2, 0x28, 0x1, 0xd0, 0x9, 0xdd, 0x40,

    /* U+01E6 "Ǧ" */
    0x0, 0x40, 0x50, 0x0, 0x2, 0xa6, 0x0, 0x0,
    0x0, 0x0, 0x0, 0x2b, 0xed, 0x40, 0xd, 0x40,
    0x2d, 0x15, 0x90, 0x0, 0x53, 0x86, 0x0, 0x0,
    0x8, 0x60, 0x4e, 0xe7, 0x59, 0x0, 0x7, 0x80,
    0xd4, 0x2, 0xd8, 0x2, 0xce, 0xc5, 0x80,

    /* U+01E7 "ǧ" */
    0x3, 0x8a, 0x0, 0x0, 0x52, 0x0, 0x8, 0xec,
    0xb2, 0x4b, 0x3, 0xf2, 0x85, 0x0, 0xc2, 0x86,
    0x0, 0xc2, 0x3c, 0x3, 0xf2, 0x7, 0xdb, 0xb2,
    0x28, 0x1, 0xd0, 0x9, 0xdd, 0x40,

    /* U+01E8 "Ǩ" */
    0x0, 0xa8, 0x50, 0x0, 0x2, 0x70, 0x0, 0x1c,
    0x0, 0x6a, 0x1, 0xc0, 0x3c, 0x0, 0x1c, 0x1d,
    0x20, 0x1, 0xdc, 0x70, 0x0, 0x1f, 0x8d, 0x0,
    0x1, 0xd0, 0x79, 0x0, 0x1c, 0x0, 0xc4, 0x1,
    0xc0, 0x2, 0xd0,

    /* U+01E9 "ǩ" */
    0x5, 0x23, 0x0, 0x0, 0x8d, 0x10, 0x0, 0x3,
    0xa0, 0x0, 0x0, 0x3a, 0x0, 0x0, 0x3, 0xa0,
    0x3d, 0x10, 0x3a, 0x1d, 0x20, 0x3, 0xac, 0x60,
    0x0, 0x3f, 0x8c, 0x0, 0x3, 0xb0, 0x87, 0x0,
    0x3a, 0x0, 0xd2,

    /* U+01EA "Ǫ" */
    0x1, 0xac, 0xc9, 0x0, 0xd, 0x30, 0x6, 0xa0,
    0x5a, 0x0, 0x0, 0xd2, 0x77, 0x0, 0x0, 0xa4,
    0x69, 0x0, 0x0, 0xd2, 0x1e, 0x30, 0x6, 0xc0,
    0x2, 0xcc, 0xca, 0x10, 0x0, 0x8, 0x10, 0x0,
    0x0, 0x6, 0xb5, 0x0,

    /* U+01EB "ǫ" */
    0xa, 0xab, 0x40, 0x77, 0x0, 0xd0, 0xa4, 0x0,
    0xb2, 0x86, 0x0, 0xd0, 0x1b, 0xac, 0x60, 0x0,
    0x90, 0x0, 0x0, 0x7b, 0x40,

    /* U+01EC "Ǭ" */
    0x0, 0x7b, 0xb4, 0x0, 0x1, 0xac, 0xc9, 0x0,
    0xd, 0x30, 0x6, 0xa0, 0x5a, 0x0, 0x0, 0xd2,
    0x77, 0x0, 0x0, 0xa4, 0x69, 0x0, 0x0, 0xd2,
    0x1e, 0x30, 0x6, 0xc0, 0x2, 0xcc, 0xca, 0x10,
    0x0, 0x8, 0x10, 0x0, 0x0, 0x6, 0xb5, 0x0,

    /* U+01ED "ǭ" */
    0x9, 0xbb, 0x20, 0x0, 0x0, 0x0, 0xa, 0xab,
    0x40, 0x77, 0x0, 0xd0, 0xa4, 0x0, 0xb2, 0x86,
    0x0, 0xd0, 0x1b, 0xac, 0x60, 0x0, 0x90, 0x0,
    0x0, 0x7b, 0x40,

    /* U+01EE "Ǯ" */
    0x5, 0x27, 0x0, 0x3d, 0x70, 0x4c, 0xce, 0xa0,
    0x1, 0xb1, 0x0, 0xb4, 0x0, 0x7, 0xc5, 0x0,
    0x1, 0xd5, 0x60, 0x2c, 0xa, 0xab, 0x20,

    /* U+01EF "ǯ" */
    0x7, 0x9c, 0x0, 0x4, 0x10, 0x4c, 0xce, 0xa0,
    0x1, 0xc1, 0x0, 0xb4, 0x0, 0x7, 0xc5, 0x0,
    0x1, 0xd5, 0x60, 0x2c, 0xa, 0xab, 0x20,

    /* U+01F0 "ǰ" */
    0x2b, 0xb3, 0x2, 0x30, 0x5, 0x80, 0x5, 0x80,
    0x5, 0x80, 0x5, 0x80, 0x5, 0x80, 0x5, 0x80,
    0x4d, 0x30,

    /* U+01F1 "Ǳ" */
    0x3f, 0xcc, 0xd6, 0x2, 0xcc, 0xcd, 0xd0, 0x3c,
    0x0, 0xc, 0x30, 0x0, 0xd, 0x50, 0x3c, 0x0,
    0x6, 0x90, 0x0, 0xa7, 0x0, 0x3c, 0x0, 0x4,
    0xa0, 0x7, 0xa0, 0x0, 0x3c, 0x0, 0x6, 0x90,
    0x4c, 0x0, 0x0, 0x3c, 0x0, 0x1c, 0x32, 0xd1,
    0x0, 0x0, 0x3f, 0xcc, 0xd6, 0xa, 0xec, 0xcc,
    0xc0,

    /* U+01F2 "ǲ" */
    0x3f, 0xcc, 0xd6, 0x0, 0x0, 0x0, 0x3c, 0x0,
    0xc, 0x30, 0x0, 0x0, 0x3c, 0x0, 0x6, 0x94,
    0xaa, 0xdc, 0x3c, 0x0, 0x4, 0xa0, 0x2, 0xc1,
    0x3c, 0x0, 0x6, 0x90, 0x1c, 0x20, 0x3c, 0x0,
    0x1c, 0x30, 0xc3, 0x0, 0x3f, 0xcc, 0xd6, 0x8,
    0xec, 0xcc,

    /* U+01F3 "ǳ" */
    0x0, 0x0, 0xd0, 0x0, 0x0, 0x0, 0x0, 0xd,
    0x0, 0x0, 0x0, 0xa, 0xa9, 0xd0, 0xaa, 0xbf,
    0x27, 0x80, 0x3d, 0x0, 0xa, 0x60, 0x94, 0x0,
    0xd0, 0x9, 0x90, 0x6, 0x70, 0x1d, 0x8, 0xb0,
    0x0, 0x9, 0x99, 0xd3, 0xf9, 0x99, 0x30,

    /* U+01F4 "Ǵ" */
    0x0, 0x0, 0x0, 0x0, 0x0, 0x4, 0xa0, 0x0,
    0x0, 0x2, 0x0, 0x0, 0x1, 0xac, 0xcb, 0x20,
    0xd, 0x40, 0x3, 0xc0, 0x5a, 0x0, 0x0, 0x0,
    0x78, 0x0, 0xbd, 0xe2, 0x5a, 0x0, 0x0, 0xc2,
    0xc, 0x40, 0x3, 0xe2, 0x1, 0xac, 0xdc, 0x50,

    /* U+01F5 "ǵ" */
    0x0, 0x96, 0x0, 0x3, 0x0, 0xa, 0xaa, 0xd7,
    0x70, 0x2e, 0x94, 0x0, 0xd7, 0x70, 0x2e, 0xa,
    0xaa, 0xe3, 0x30, 0x2c, 0x1b, 0xbb, 0x30,

    /* U+01FA "Ǻ" */
    0x0, 0x0, 0x0, 0x0, 0x0, 0x0, 0xd1, 0x0,
    0x0, 0x0, 0x10, 0x0, 0x0, 0x3, 0x50, 0x0,
    0x0, 0x7, 0xe0, 0x0, 0x0, 0x9, 0x82, 0x0,
    0x0, 0x1a, 0x29, 0x0, 0x0, 0x84, 0xb, 0x10,
    0x0, 0xdb, 0xbc, 0x80, 0x5, 0x80, 0x0, 0xe0,
    0xc, 0x20, 0x0, 0x97,

    /* U+01FB "ǻ" */
    0x0, 0x0, 0x0, 0x0, 0x69, 0x0, 0x0, 0x20,
    0x0, 0x0, 0x75, 0x0, 0x0, 0x53, 0x0, 0x1a,
    0xbc, 0x70, 0x34, 0x1, 0xd0, 0x19, 0xba, 0xe0,
    0x97, 0x2, 0xe0, 0x4b, 0x88, 0xd0,

    /* U+01FC "Ǽ" */
    0x0, 0x0, 0x0, 0x0, 0x0, 0x0, 0x0, 0x2,
    0xb0, 0x0, 0x0, 0xc, 0xdf, 0xcc, 0xc4, 0x0,
    0x4b, 0x3b, 0x0, 0x0, 0x0, 0xc3, 0x3b, 0x0,
    0x0, 0x4, 0xb0, 0x3f, 0xcc, 0xc0, 0xc, 0xdc,
    0xdb, 0x0, 0x0, 0x4b, 0x0, 0x3b, 0x0, 0x0,
    0xc4, 0x0, 0x3f, 0xcc, 0xc5,

    /* U+01FD "ǽ" */
    0x0, 0x0, 0xc2, 0x0, 0x0, 0x0, 0x2, 0x0,
    0x0, 0x1a, 0xac, 0x8b, 0xa8, 0x3, 0x40, 0x2e,
    0x0, 0x94, 0x19, 0xab, 0xeb, 0xbc, 0x69, 0x70,
    0x4e, 0x0, 0x63, 0x4c, 0xa9, 0x5b, 0xba, 0x0,

    /* U+01FE "Ǿ" */
    0x0, 0x0, 0x0, 0x0, 0x0, 0x4, 0xa0, 0x0,
    0x0, 0x2, 0x0, 0x10, 0x2, 0xac, 0xc9, 0xa2,
    0xd, 0x30, 0xc, 0xc0, 0x59, 0x0, 0x84, 0xd2,
    0x77, 0x7, 0x50, 0xb4, 0x69, 0x66, 0x0, 0xd2,
    0xe, 0x90, 0x6, 0xb0, 0x49, 0xac, 0xc9, 0x0,
    0x0, 0x0, 0x0, 0x0,

    /* U+01FF "ǿ" */
    0x0, 0x1d, 0x0, 0x0, 0x11, 0x0, 0x6, 0xbb,
    0xc2, 0x2c, 0x6, 0xd4, 0x58, 0x46, 0x77, 0x2d,
    0x80, 0xa4, 0x1c, 0xbb, 0x80, 0x1, 0x0, 0x0,

    /* U+0200 "Ȁ" */
    0x0, 0x0, 0x0, 0x0, 0x0, 0x3a, 0x86, 0x0,
    0x0, 0x7, 0xe0, 0x0, 0x0, 0xd, 0x86, 0x0,
    0x0, 0x4a, 0x2c, 0x0, 0x0, 0xa4, 0xc, 0x30,
    0x1, 0xeb, 0xbc, 0xa0, 0x6, 0x80, 0x0, 0xe1,
    0xd, 0x20, 0x0, 0x97,

    /* U+0201 "ȁ" */
    0xb, 0x6c, 0x0, 0x0, 0x22, 0x10, 0x1a, 0xbc,
    0x70, 0x34, 0x1, 0xd0, 0x19, 0xba, 0xe0, 0x97,
    0x2, 0xe0, 0x4b, 0x88, 0xd0,

    /* U+0202 "Ȃ" */
    0x0, 0x8, 0x93, 0x0, 0x0, 0x4, 0x5, 0x0,
    0x0, 0x7, 0xe0, 0x0, 0x0, 0xd, 0x86, 0x0,
    0x0, 0x4a, 0x2c, 0x0, 0x0, 0xa4, 0xc, 0x30,
    0x1, 0xeb, 0xbc, 0xa0, 0x6, 0x80, 0x0, 0xe1,
    0xd, 0x20, 0x0, 0x97,

    /* U+0203 "ȃ" */
    0x3, 0xaa, 0x10, 0x2, 0x1, 0x10, 0x1a, 0xbc,
    0x70, 0x34, 0x1, 0xd0, 0x19, 0xba, 0xe0, 0x97,
    0x2, 0xe0, 0x4b, 0x88, 0xd0,

    /* U+0204 "Ȅ" */
    0x0, 0x0, 0x0, 0x0, 0x2b, 0x68, 0x0, 0x3f,
    0xcc, 0xcc, 0x3, 0xb0, 0x0, 0x0, 0x3b, 0x0,
    0x0, 0x3, 0xfc, 0xcc, 0x80, 0x3b, 0x0, 0x0,
    0x3, 0xb0, 0x0, 0x0, 0x3f, 0xcc, 0xcc, 0x10,

    /* U+0205 "ȅ" */
    0xb, 0x6c, 0x0, 0x0, 0x22, 0x10, 0x9, 0xbb,
    0x40, 0x69, 0x0, 0xd0, 0x9c, 0xbb, 0xc1, 0x68,
    0x0, 0x70, 0x9, 0xbc, 0x60,

    /* U+0206 "Ȇ" */
    0x0, 0x59, 0x50, 0x0, 0x5, 0x5, 0x0, 0x3f,
    0xcc, 0xcc, 0x3, 0xb0, 0x0, 0x0, 0x3b, 0x0,
    0x0, 0x3, 0xfc, 0xcc, 0x80, 0x3b, 0x0, 0x0,
    0x3, 0xb0, 0x0, 0x0, 0x3f, 0xcc, 0xcc, 0x10,

    /* U+0207 "ȇ" */
    0x4, 0xaa, 0x0, 0x2, 0x2, 0x0, 0x9, 0xbb,
    0x40, 0x69, 0x0, 0xd0, 0x9c, 0xbb, 0xc1, 0x68,
    0x0, 0x70, 0x9, 0xbc, 0x60,

    /* U+0208 "Ȉ" */
    0x0, 0x0, 0x1c, 0x69, 0x1, 0xe0, 0x1, 0xe0,
    0x1, 0xe0, 0x1, 0xe0, 0x1, 0xe0, 0x1, 0xe0,
    0x1, 0xe0,

    /* U+0209 "ȉ" */
    0x2c, 0x78, 0x2, 0x3, 0x0, 0xd0, 0x0, 0xd0,
    0x0, 0xd0, 0x0, 0xd0, 0x0, 0xd0,

    /* U+020A "Ȋ" */
    0x6, 0x94, 0x5, 0x5, 0x1, 0xe0, 0x1, 0xe0,
    0x1, 0xe0, 0x1, 0xe0, 0x1, 0xe0, 0x1, 0xe0,
    0x1, 0xe0,

    /* U+020B "ȋ" */
    0x9, 0x97, 0x2, 0x2, 0x0, 0xd0, 0x0, 0xd0,
    0x0, 0xd0, 0x0, 0xd0, 0x0, 0xd0,

    /* U+020C "Ȍ" */
    0x0, 0x0, 0x0, 0x0, 0x0, 0xa6, 0xb0, 0x0,
    0x2, 0xac, 0xc9, 0x0, 0xd, 0x30, 0x7, 0xb0,
    0x5a, 0x0, 0x0, 0xd2, 0x77, 0x0, 0x0, 0xb4,
    0x59, 0x0, 0x0, 0xd2, 0xd, 0x30, 0x6, 0xb0,
    0x2, 0xac, 0xc9, 0x0,

    /* U+020D "ȍ" */
    0xc, 0x6c, 0x0, 0x1, 0x23, 0x0, 0xa, 0xbb,
    0x40, 0x77, 0x0, 0xd0, 0x94, 0x0, 0xb2, 0x78,
    0x0, 0xd0, 0xa, 0xbb, 0x40,

    /* U+020E "Ȏ" */
    0x0, 0x19, 0x80, 0x0, 0x0, 0x41, 0x32, 0x0,
    0x2, 0xac, 0xc9, 0x0, 0xd, 0x30, 0x7, 0xb0,
    0x5a, 0x0, 0x0, 0xd2, 0x77, 0x0, 0x0, 0xb4,
    0x59, 0x0, 0x0, 0xd2, 0xd, 0x30, 0x6, 0xb0,
    0x2, 0xac, 0xc9, 0x0,

    /* U+020F "ȏ" */
    0x4, 0xaa, 0x0, 0x2, 0x1, 0x0, 0xa, 0xbb,
    0x40, 0x77, 0x0, 0xd0, 0x94, 0x0, 0xb2, 0x78,
    0x0, 0xd0, 0xa, 0xbb, 0x40,

    /* U+0210 "Ȑ" */
    0x0, 0x0, 0x0, 0x0, 0x2, 0xb7, 0x70, 0x0,
    0x3e, 0xbb, 0xcb, 0x0, 0x3c, 0x0, 0x9, 0x60,
    0x3c, 0x0, 0xb, 0x50, 0x3f, 0xcd, 0xd7, 0x0,
    0x3c, 0x1, 0xc5, 0x0, 0x3c, 0x0, 0x1e, 0x20,
    0x3c, 0x0, 0x6, 0xc0,

    /* U+0211 "ȑ" */
    0x79, 0xc3, 0x3, 0x12, 0x5c, 0xb3, 0x5a, 0x0,
    0x58, 0x0, 0x58, 0x0, 0x58, 0x0,

    /* U+0212 "Ȓ" */
    0x0, 0x79, 0x40, 0x0, 0x0, 0x50, 0x50, 0x0,
    0x3e, 0xbb, 0xcb, 0x0, 0x3c, 0x0, 0x9, 0x60,
    0x3c, 0x0, 0xb, 0x50, 0x3f, 0xcd, 0xd7, 0x0,
    0x3c, 0x1, 0xc5, 0x0, 0x3c, 0x0, 0x1e, 0x20,
    0x3c, 0x0, 0x6, 0xc0,

    /* U+0213 "ȓ" */
    0x4a, 0xa0, 0x20, 0x10, 0x5c, 0xb3, 0x5a, 0x0,
    0x58, 0x0, 0x58, 0x0, 0x58, 0x0,

    /* U+0214 "Ȕ" */
    0x0, 0x0, 0x0, 0x0, 0xb, 0x5b, 0x0, 0x3b,
    0x0, 0x8, 0x63, 0xb0, 0x0, 0x86, 0x3b, 0x0,
    0x8, 0x63, 0xb0, 0x0, 0x86, 0x2c, 0x0, 0x9,
    0x60, 0xe1, 0x0, 0xd2, 0x4, 0xcc, 0xd7, 0x0,

    /* U+0215 "ȕ" */
    0xb, 0x6c, 0x0, 0x2, 0x21, 0x58, 0x0, 0xe5,
    0x80, 0xe, 0x58, 0x0, 0xe4, 0x90, 0x2e, 0xb,
    0x98, 0xd0,

    /* U+0216 "Ȗ" */
    0x0, 0x49, 0x60, 0x0, 0x5, 0x5, 0x0, 0x3b,
    0x0, 0x8, 0x63, 0xb0, 0x0, 0x86, 0x3b, 0x0,
    0x8, 0x63, 0xb0, 0x0, 0x86, 0x2c, 0x0, 0x9,
    0x60, 0xe1, 0x0, 0xd2, 0x4, 0xcc, 0xd7, 0x0,

    /* U+0217 "ȗ" */
    0x5, 0xaa, 0x0, 0x20, 0x10, 0x58, 0x0, 0xe5,
    0x80, 0xe, 0x58, 0x0, 0xe4, 0x90, 0x2e, 0xb,
    0x98, 0xd0,

    /* U+0218 "Ș" */
    0x6, 0xee, 0x80, 0x2d, 0x0, 0xb6, 0x3b, 0x0,
    0x25, 0xa, 0xc7, 0x10, 0x0, 0x27, 0xd5, 0x45,
    0x0, 0x2c, 0x2d, 0x20, 0x5b, 0x4, 0xde, 0xb1,
    0x0, 0x0, 0x0, 0x0, 0x3c, 0x0, 0x0, 0x27,
    0x0, 0x0, 0x0, 0x0,

    /* U+0219 "ș" */
    0xa, 0xed, 0x14, 0xa0, 0x48, 0x2d, 0x61, 0x0,
    0x27, 0xc6, 0x68, 0x3, 0xa0, 0xad, 0xd3, 0x0,
    0x0, 0x0, 0xd, 0x20, 0x0, 0x90, 0x0, 0x0,
    0x0,

    /* U+021A "Ț" */
    0xdf, 0xff, 0xf6, 0x0, 0xa3, 0x0, 0x0, 0xa3,
    0x0, 0x0, 0xa3, 0x0, 0x0, 0xa3, 0x0, 0x0,
    0xa3, 0x0, 0x0, 0xa3, 0x0, 0x0, 0xa3, 0x0,
    0x0, 0x0, 0x0, 0x0, 0xb4, 0x0, 0x0, 0x80,
    0x0, 0x0, 0x0, 0x0,

    /* U+021B "ț" */
    0xa, 0x20, 0x5f, 0xf7, 0xa, 0x20, 0xa, 0x20,
    0xa, 0x20, 0xa, 0x30, 0x5, 0xd7, 0x0, 0x0,
    0x2, 0xd0, 0x1, 0x70, 0x0, 0x0,

    /* U+0237 "ȷ" */
    0x0, 0xc0, 0xc, 0x0, 0xc0, 0xc, 0x0, 0xc0,
    0xc, 0x1, 0xc0, 0xd7,

    /* U+1E00 "Ḁ" */
    0x0, 0x7, 0xe0, 0x0, 0x0, 0xd, 0x86, 0x0,
    0x0, 0x4a, 0x2c, 0x0, 0x0, 0xa4, 0xc, 0x30,
    0x1, 0xeb, 0xbc, 0xa0, 0x6, 0x80, 0x0, 0xe1,
    0xd, 0x20, 0x0, 0x97, 0x0, 0x3, 0x50, 0x0,
    0x0, 0x5, 0x70, 0x0,

    /* U+1E01 "ḁ" */
    0x1a, 0xbc, 0x70, 0x34, 0x1, 0xd0, 0x19, 0xba,
    0xe0, 0x97, 0x2, 0xe0, 0x4b, 0x88, 0xd0, 0x1,
    0x52, 0x0, 0x2, 0x64, 0x0,

    /* U+1E02 "Ḃ" */
    0x0, 0x39, 0x0, 0x4, 0xec, 0xcc, 0x30, 0x4b,
    0x0, 0x4b, 0x4, 0xb0, 0x5, 0x80, 0x4e, 0xcd,
    0xf5, 0x4, 0xb0, 0x2, 0xe1, 0x4b, 0x0, 0xe,
    0x14, 0xec, 0xcd, 0x60,

    /* U+1E03 "ḃ" */
    0x0, 0x75, 0x0, 0x58, 0x0, 0x0, 0x58, 0x0,
    0x0, 0x5c, 0xac, 0x50, 0x5b, 0x0, 0xd0, 0x58,
    0x0, 0xc2, 0x5b, 0x0, 0xd0, 0x5b, 0xbb, 0x40,

    /* U+1E04 "Ḅ" */
    0x4e, 0xcc, 0xc3, 0x4, 0xb0, 0x4, 0xb0, 0x4b,
    0x0, 0x58, 0x4, 0xec, 0xdf, 0x50, 0x4b, 0x0,
    0x2e, 0x14, 0xb0, 0x0, 0xe1, 0x4e, 0xcc, 0xd6,
    0x0, 0x0, 0x0, 0x0, 0x0, 0x49, 0x0, 0x0,

    /* U+1E05 "ḅ" */
    0x58, 0x0, 0x0, 0x58, 0x0, 0x0, 0x5c, 0xac,
    0x50, 0x5b, 0x0, 0xd0, 0x58, 0x0, 0xc2, 0x5b,
    0x0, 0xd0, 0x5b, 0xbb, 0x40, 0x0, 0x0, 0x0,
    0x0, 0xa3, 0x0,

    /* U+1E06 "Ḇ" */
    0x4e, 0xcc, 0xc3, 0x4, 0xb0, 0x4, 0xb0, 0x4b,
    0x0, 0x58, 0x4, 0xec, 0xdf, 0x50, 0x4b, 0x0,
    0x2e, 0x14, 0xb0, 0x0, 0xe1, 0x4e, 0xcc, 0xd6,
    0x0, 0x0, 0x0, 0x0, 0x5, 0xbb, 0x50, 0x0,

    /* U+1E07 "ḇ" */
    0x58, 0x0, 0x0, 0x58, 0x0, 0x0, 0x5c, 0xac,
    0x50, 0x5b, 0x0, 0xd0, 0x58, 0x0, 0xc2, 0x5b,
    0x0, 0xd0, 0x5b, 0xbb, 0x40, 0x0, 0x0, 0x0,
    0x9, 0xbb, 0x20,

    /* U+1E08 "Ḉ" */
    0x0, 0x0, 0x0, 0x0, 0x0, 0x59, 0x0, 0x2,
    0xac, 0xc8, 0x0, 0xd3, 0x0, 0xa7, 0x5a, 0x0,
    0x0, 0x7, 0x80, 0x0, 0x0, 0x5a, 0x0, 0x1,
    0x40, 0xe3, 0x0, 0x98, 0x2, 0xbc, 0xd9, 0x0,
    0x0, 0xa5, 0x0, 0x0, 0x4a, 0x70, 0x0,

    /* U+1E09 "ḉ" */
    0x0, 0x69, 0x0, 0x3, 0x0, 0x9, 0xbb, 0x35,
    0x90, 0x28, 0x85, 0x0, 0x8, 0x50, 0x4, 0x3c,
    0x15, 0x90, 0x4d, 0x70, 0x2, 0xc6, 0x0,

    /* U+1E0A "Ḋ" */
    0x0, 0xd, 0x0, 0x3, 0xfc, 0xcd, 0x60, 0x3c,
    0x0, 0xc, 0x33, 0xc0, 0x0, 0x69, 0x3c, 0x0,
    0x4, 0xa3, 0xc0, 0x0, 0x69, 0x3c, 0x0, 0x1c,
    0x33, 0xfc, 0xcd, 0x60,

    /* U+1E0B "ḋ" */
    0x0, 0xb2, 0x0, 0x0, 0xd, 0x0, 0x0, 0xd0,
    0xaa, 0x9d, 0x78, 0x3, 0xd9, 0x40, 0xd, 0x67,
    0x1, 0xd0, 0x99, 0x9d,

    /* U+1E0C "Ḍ" */
    0x3f, 0xcc, 0xd6, 0x3, 0xc0, 0x0, 0xc3, 0x3c,
    0x0, 0x6, 0x93, 0xc0, 0x0, 0x4a, 0x3c, 0x0,
    0x6, 0x93, 0xc0, 0x1, 0xc3, 0x3f, 0xcc, 0xd6,
    0x0, 0x0, 0x0, 0x0, 0x0, 0x1c, 0x0, 0x0,

    /* U+1E0D "ḍ" */
    0x0, 0x0, 0xd0, 0x0, 0xd, 0xa, 0xa9, 0xd7,
    0x80, 0x3d, 0x94, 0x0, 0xd6, 0x70, 0x1d, 0x9,
    0x99, 0xd0, 0x0, 0x0, 0x0, 0xa2, 0x0,

    /* U+1E0E "Ḏ" */
    0x3f, 0xcc, 0xd6, 0x3, 0xc0, 0x0, 0xc3, 0x3c,
    0x0, 0x6, 0x93, 0xc0, 0x0, 0x4a, 0x3c, 0x0,
    0x6, 0x93, 0xc0, 0x1, 0xc3, 0x3f, 0xcc, 0xd6,
    0x0, 0x0, 0x0, 0x0, 0x2, 0xbb, 0x90, 0x0,

    /* U+1E0F "ḏ" */
    0x0, 0x0, 0xd0, 0x0, 0xd, 0xa, 0xa9, 0xd7,
    0x80, 0x3d, 0x94, 0x0, 0xd6, 0x70, 0x1d, 0x9,
    0x99, 0xd0, 0x0, 0x0, 0x9, 0xbb, 0x10,

    /* U+1E10 "Ḑ" */
    0x3f, 0xcc, 0xd6, 0x3, 0xc0, 0x0, 0xc3, 0x3c,
    0x0, 0x6, 0x93, 0xc0, 0x0, 0x4a, 0x3c, 0x0,
    0x5, 0x93, 0xc0, 0x0, 0xc3, 0x3f, 0xcc, 0xc6,
    0x0, 0x1, 0xa1, 0x0, 0x0, 0x6b, 0x20, 0x0,

    /* U+1E11 "ḑ" */
    0x0, 0x0, 0xd0, 0x0, 0xd, 0xa, 0xba, 0xd6,
    0x80, 0x3d, 0x94, 0x0, 0xd7, 0x50, 0xd, 0x19,
    0x17, 0xd0, 0xc, 0x50, 0x3, 0xc7, 0x0,

    /* U+1E12 "Ḓ" */
    0x3f, 0xcc, 0xd6, 0x3, 0xc0, 0x0, 0xc3, 0x3c,
    0x0, 0x6, 0x93, 0xc0, 0x0, 0x4a, 0x3c, 0x0,
    0x6, 0x93, 0xc0, 0x1, 0xc3, 0x3f, 0xcc, 0xd6,
    0x0, 0x1, 0x40, 0x0, 0x0, 0xc9, 0x60, 0x0,

    /* U+1E13 "ḓ" */
    0x0, 0x0, 0xd0, 0x0, 0xd, 0xa, 0xa9, 0xd7,
    0x80, 0x3d, 0x94, 0x0, 0xd6, 0x70, 0x1d, 0x9,
    0x99, 0xd0, 0x4, 0x10, 0x5, 0xac, 0x10,

    /* U+1E14 "Ḕ" */
    0x0, 0x0, 0x0, 0x0, 0x5, 0x90, 0x0, 0x0,
    0x2, 0x0, 0x0, 0x1b, 0xb9, 0x0, 0x3f, 0xcc,
    0xcc, 0x3, 0xb0, 0x0, 0x0, 0x3b, 0x0, 0x0,
    0x3, 0xfc, 0xcc, 0x80, 0x3b, 0x0, 0x0, 0x3,
    0xb0, 0x0, 0x0, 0x3f, 0xcc, 0xcc, 0x10,

    /* U+1E15 "ḕ" */
    0x0, 0x0, 0x0, 0x1, 0xc1, 0x0, 0x7, 0xbb,
    0x40, 0x0, 0x0, 0x0, 0x9, 0xbb, 0x40, 0x69,
    0x0, 0xd0, 0x9c, 0xbb, 0xc1, 0x68, 0x0, 0x70,
    0x9, 0xbc, 0x60,

    /* U+1E16 "Ḗ" */
    0x0, 0x0, 0x0, 0x0, 0x0, 0xc2, 0x0, 0x0,
    0x2, 0x0, 0x0, 0x1b, 0xb9, 0x0, 0x3f, 0xcc,
    0xcc, 0x3, 0xb0, 0x0, 0x0, 0x3b, 0x0, 0x0,
    0x3, 0xfc, 0xcc, 0x80, 0x3b, 0x0, 0x0, 0x3,
    0xb0, 0x0, 0x0, 0x3f, 0xcc, 0xcc, 0x10,

    /* U+1E17 "ḗ" */
    0x0, 0x0, 0x0, 0x0, 0x77, 0x0, 0x7, 0xbb,
    0x40, 0x0, 0x0, 0x0, 0x9, 0xbb, 0x40, 0x69,
    0x0, 0xd0, 0x9c, 0xbb, 0xc1, 0x68, 0x0, 0x70,
    0x9, 0xbc, 0x60,

    /* U+1E18 "Ḙ" */
    0x3f, 0xcc, 0xcc, 0x3, 0xb0, 0x0, 0x0, 0x3b,
    0x0, 0x0, 0x3, 0xfc, 0xcc, 0x80, 0x3b, 0x0,
    0x0, 0x3, 0xb0, 0x0, 0x0, 0x3f, 0xcc, 0xcc,
    0x10, 0x1, 0x40, 0x0, 0x0, 0xb9, 0x80, 0x0,

    /* U+1E19 "ḙ" */
    0x9, 0xbb, 0x40, 0x69, 0x0, 0xd0, 0x9c, 0xbb,
    0xc1, 0x68, 0x0, 0x70, 0x9, 0xbc, 0x60, 0x0,
    0x43, 0x0, 0x4, 0xbc, 0x20,

    /* U+1E1A "Ḛ" */
    0x3f, 0xcc, 0xcc, 0x3, 0xb0, 0x0, 0x0, 0x3b,
    0x0, 0x0, 0x3, 0xfc, 0xcc, 0x80, 0x3b, 0x0,
    0x0, 0x3, 0xb0, 0x0, 0x0, 0x3f, 0xcc, 0xcc,
    0x10, 0x0, 0x0, 0x0, 0x0, 0x9a, 0x90, 0x0,

    /* U+1E1B "ḛ" */
    0x9, 0xbb, 0x40, 0x69, 0x0, 0xd0, 0x9c, 0xbb,
    0xc1, 0x68, 0x0, 0x70, 0x9, 0xbc, 0x60, 0x0,
    0x0, 0x0, 0x6, 0x9a, 0x30,

    /* U+1E1C "Ḝ" */
    0x0, 0x50, 0x50, 0x0, 0x5, 0x95, 0x0, 0x3f,
    0xcc, 0xcc, 0x3, 0xb0, 0x0, 0x0, 0x3b, 0x0,
    0x0, 0x3, 0xfc, 0xcc, 0x80, 0x3b, 0x0, 0x0,
    0x3, 0xb0, 0x0, 0x0, 0x3f, 0xcc, 0xcc, 0x10,
    0x0, 0xb2, 0x0, 0x0, 0x4b, 0x50, 0x0,

    /* U+1E1D "ḝ" */
    0x7, 0x26, 0x30, 0x1, 0x97, 0x0, 0x8, 0xab,
    0x40, 0x59, 0x0, 0xd0, 0x8c, 0xbb, 0xc1, 0x86,
    0x0, 0x30, 0x3d, 0x24, 0xc0, 0x3, 0xd8, 0x10,
    0x2, 0xb9, 0x0,

    /* U+1E1E "Ḟ" */
    0x0, 0x39, 0x0, 0x3f, 0xcc, 0xc7, 0x3c, 0x0,
    0x0, 0x3c, 0x0, 0x0, 0x3f, 0xcc, 0xc1, 0x3c,
    0x0, 0x0, 0x3c, 0x0, 0x0, 0x3c, 0x0, 0x0,

    /* U+1E1F "ḟ" */
    0x8, 0x50, 0xc, 0xc0, 0x2c, 0x0, 0xae, 0x70,
    0x2b, 0x0, 0x2b, 0x0, 0x2b, 0x0, 0x2b, 0x0,

    /* U+1E20 "Ḡ" */
    0x0, 0x8c, 0xc0, 0x0, 0x0, 0x0, 0x0, 0x2,
    0xbe, 0xd4, 0x0, 0xd4, 0x2, 0xd1, 0x59, 0x0,
    0x5, 0x38, 0x60, 0x0, 0x0, 0x86, 0x4, 0xee,
    0x75, 0x90, 0x0, 0x78, 0xd, 0x40, 0x2d, 0x80,
    0x2c, 0xec, 0x58,

    /* U+1E21 "ḡ" */
    0x6, 0xcc, 0x20, 0x0, 0x0, 0x0, 0x8, 0xec,
    0xb2, 0x4b, 0x3, 0xf2, 0x85, 0x0, 0xc2, 0x86,
    0x0, 0xc2, 0x3c, 0x3, 0xf2, 0x7, 0xdb, 0xb2,
    0x28, 0x1, 0xd0, 0x9, 0xdd, 0x40,

    /* U+1E22 "Ḣ" */
    0x0, 0xb, 0x20, 0x3, 0xc0, 0x0, 0x86, 0x3c,
    0x0, 0x8, 0x63, 0xc0, 0x0, 0x86, 0x3f, 0xcc,
    0xce, 0x63, 0xc0, 0x0, 0x86, 0x3c, 0x0, 0x8,
    0x63, 0xc0, 0x0, 0x86,

    /* U+1E23 "ḣ" */
    0x48, 0x0, 0x5, 0x80, 0x0, 0x58, 0x0, 0x5,
    0xcb, 0xc6, 0x5b, 0x1, 0xd5, 0x80, 0xe, 0x58,
    0x0, 0xe5, 0x80, 0xe,

    /* U+1E24 "Ḥ" */
    0x3c, 0x0, 0x8, 0x63, 0xc0, 0x0, 0x86, 0x3c,
    0x0, 0x8, 0x63, 0xfc, 0xcc, 0xe6, 0x3c, 0x0,
    0x8, 0x63, 0xc0, 0x0, 0x86, 0x3c, 0x0, 0x8,
    0x60, 0x0, 0x0, 0x0, 0x0, 0xb, 0x20, 0x0,

    /* U+1E25 "ḥ" */
    0x58, 0x0, 0x5, 0x80, 0x0, 0x5c, 0xbc, 0x65,
    0xb0, 0x1d, 0x58, 0x0, 0xe5, 0x80, 0xe, 0x58,
    0x0, 0xe0, 0x0, 0x0, 0x0, 0x94, 0x0,

    /* U+1E26 "Ḧ" */
    0x0, 0xb2, 0xd0, 0x3, 0xc0, 0x0, 0x86, 0x3c,
    0x0, 0x8, 0x63, 0xc0, 0x0, 0x86, 0x3f, 0xcc,
    0xce, 0x63, 0xc0, 0x0, 0x86, 0x3c, 0x0, 0x8,
    0x63, 0xc0, 0x0, 0x86,

    /* U+1E27 "ḧ" */
    0x8, 0x5b, 0x25, 0x80, 0x0, 0x58, 0x0, 0x5,
    0xcb, 0xc6, 0x5b, 0x1, 0xd5, 0x80, 0xe, 0x58,
    0x0, 0xe5, 0x80, 0xe,

    /* U+1E28 "Ḩ" */
    0x3c, 0x0, 0x8, 0x63, 0xc0, 0x0, 0x86, 0x3c,
    0x0, 0x8, 0x63, 0xfc, 0xcc, 0xe6, 0x3c, 0x0,
    0x8, 0x63, 0xc0, 0x0, 0x86, 0x3c, 0x0, 0x8,
    0x61, 0xb1, 0x0, 0x0, 0x6b, 0x30, 0x0, 0x0,

    /* U+1E29 "ḩ" */
    0x58, 0x0, 0x5, 0x80, 0x0, 0x5c, 0xbc, 0x65,
    0xb0, 0x1d, 0x58, 0x0, 0xe5, 0x80, 0xe, 0x58,
    0x0, 0xe4, 0x90, 0x0, 0x8b, 0x0, 0x0,

    /* U+1E2A "Ḫ" */
    0x3c, 0x0, 0x8, 0x63, 0xc0, 0x0, 0x86, 0x3c,
    0x0, 0x8, 0x63, 0xfc, 0xcc, 0xe6, 0x3c, 0x0,
    0x8, 0x63, 0xc0, 0x0, 0x86, 0x3c, 0x0, 0x8,
    0x60, 0x2, 0x2, 0x0, 0x0, 0x79, 0x90, 0x0,

    /* U+1E2B "ḫ" */
    0x58, 0x0, 0x5, 0x80, 0x0, 0x5c, 0xbc, 0x65,
    0xb0, 0x1d, 0x58, 0x0, 0xe5, 0x80, 0xe, 0x58,
    0x0, 0xe0, 0x20, 0x10, 0x5, 0xaa, 0x0,

    /* U+1E2C "Ḭ" */
    0x1, 0xe0, 0x1, 0xe0, 0x1, 0xe0, 0x1, 0xe0,
    0x1, 0xe0, 0x1, 0xe0, 0x1, 0xe0, 0x0, 0x0,
    0x19, 0xa8,

    /* U+1E2D "ḭ" */
    0x4, 0x80, 0x0, 0x0, 0x5, 0x80, 0x5, 0x80,
    0x5, 0x80, 0x5, 0x80, 0x5, 0x80, 0x0, 0x0,
    0x49, 0xa5,

    /* U+1E2E "Ḯ" */
    0x0, 0x0, 0xc3, 0x2, 0xd, 0x2b, 0x1e, 0x1,
    0xe0, 0x1e, 0x1, 0xe0, 0x1e, 0x1, 0xe0, 0x1e,
    0x0,

    /* U+1E2F "ḯ" */
    0x0, 0x0, 0xb2, 0xd2, 0xb0, 0x0, 0xd, 0x0,
    0xd0, 0xd, 0x0, 0xd0, 0xd, 0x0,

    /* U+1E30 "Ḱ" */
    0x0, 0x0, 0x0, 0x0, 0x2, 0xb0, 0x0, 0x4b,
    0x0, 0x4d, 0x24, 0xb0, 0x5c, 0x10, 0x4b, 0x5c,
    0x10, 0x4, 0xec, 0xd1, 0x0, 0x4d, 0x6, 0xc0,
    0x4, 0xb0, 0xa, 0x80, 0x4b, 0x0, 0x1e, 0x40,

    /* U+1E31 "ḱ" */
    0x0, 0x0, 0x0, 0x68, 0x0, 0x58, 0x0, 0x5,
    0x80, 0x0, 0x58, 0x1c, 0x45, 0x9c, 0x30, 0x5e,
    0xc3, 0x5, 0x82, 0xd0, 0x58, 0x7, 0x90,

    /* U+1E32 "Ḳ" */
    0x4b, 0x0, 0x4d, 0x24, 0xb0, 0x5c, 0x10, 0x4b,
    0x5c, 0x10, 0x4, 0xec, 0xd1, 0x0, 0x4d, 0x6,
    0xc0, 0x4, 0xb0, 0xa, 0x80, 0x4b, 0x0, 0x1e,
    0x40, 0x0, 0x0, 0x0, 0x0, 0x3a, 0x0, 0x0,

    /* U+1E33 "ḳ" */
    0x58, 0x0, 0x5, 0x80, 0x0, 0x58, 0x1c, 0x45,
    0x9c, 0x30, 0x5e, 0xc3, 0x5, 0x82, 0xd0, 0x58,
    0x7, 0x90, 0x0, 0x0, 0x0, 0xd0, 0x0,

    /* U+1E34 "Ḵ" */
    0x4b, 0x0, 0x4d, 0x24, 0xb0, 0x5c, 0x10, 0x4b,
    0x5c, 0x10, 0x4, 0xec, 0xd1, 0x0, 0x4d, 0x6,
    0xc0, 0x4, 0xb0, 0xa, 0x80, 0x4b, 0x0, 0x1e,
    0x40, 0x0, 0x0, 0x0, 0x1, 0xbb, 0xa0, 0x0,

    /* U+1E35 "ḵ" */
    0x58, 0x0, 0x5, 0x80, 0x0, 0x58, 0x1c, 0x45,
    0x9c, 0x30, 0x5e, 0xc3, 0x5, 0x82, 0xd0, 0x58,
    0x7, 0x90, 0x0, 0x0, 0x9, 0xbb, 0x20,

    /* U+1E36 "Ḷ" */
    0x4b, 0x0, 0x0, 0x4b, 0x0, 0x0, 0x4b, 0x0,
    0x0, 0x4b, 0x0, 0x0, 0x4b, 0x0, 0x0, 0x4b,
    0x0, 0x0, 0x4f, 0xcc, 0xc2, 0x0, 0x0, 0x0,
    0x0, 0x75, 0x0,

    /* U+1E37 "ḷ" */
    0x58, 0x58, 0x58, 0x58, 0x58, 0x58, 0x58, 0x0,
    0x48,

    /* U+1E38 "Ḹ" */
    0x6, 0xbb, 0x40, 0x4b, 0x0, 0x0, 0x4b, 0x0,
    0x0, 0x4b, 0x0, 0x0, 0x4b, 0x0, 0x0, 0x4b,
    0x0, 0x0, 0x4b, 0x0, 0x0, 0x4f, 0xcc, 0xc2,
    0x0, 0x0, 0x0, 0x0, 0x75, 0x0,

    /* U+1E39 "ḹ" */
    0x4b, 0xb7, 0x5, 0x80, 0x5, 0x80, 0x5, 0x80,
    0x5, 0x80, 0x5, 0x80, 0x5, 0x80, 0x5, 0x80,
    0x0, 0x0, 0x4, 0x80,

    /* U+1E3A "Ḻ" */
    0x4b, 0x0, 0x0, 0x4b, 0x0, 0x0, 0x4b, 0x0,
    0x0, 0x4b, 0x0, 0x0, 0x4b, 0x0, 0x0, 0x4b,
    0x0, 0x0, 0x4f, 0xcc, 0xc2, 0x0, 0x0, 0x0,
    0x6, 0xbb, 0x50,

    /* U+1E3B "ḻ" */
    0x5, 0x80, 0x5, 0x80, 0x5, 0x80, 0x5, 0x80,
    0x5, 0x80, 0x5, 0x80, 0x5, 0x80, 0x0, 0x0,
    0x4b, 0xb6,

    /* U+1E3C "Ḽ" */
    0x4b, 0x0, 0x0, 0x4b, 0x0, 0x0, 0x4b, 0x0,
    0x0, 0x4b, 0x0, 0x0, 0x4b, 0x0, 0x0, 0x4b,
    0x0, 0x0, 0x4f, 0xcc, 0xc2, 0x0, 0x22, 0x0,
    0x2, 0xcb, 0x20,

    /* U+1E3D "ḽ" */
    0x5, 0x80, 0x5, 0x80, 0x5, 0x80, 0x5, 0x80,
    0x5, 0x80, 0x5, 0x80, 0x5, 0x80, 0x2, 0x30,
    0x1c, 0xa4,

    /* U+1E3E "Ḿ" */
    0x0, 0x0, 0x0, 0x0, 0x0, 0x1, 0xc1, 0x0,
    0x3f, 0x50, 0x0, 0xd9, 0x3d, 0xa0, 0x3, 0xd9,
    0x3a, 0xc0, 0x9, 0x89, 0x3a, 0x75, 0xb, 0x59,
    0x3a, 0x2b, 0x47, 0x59, 0x3a, 0xc, 0xa2, 0x59,
    0x3a, 0x7, 0xc0, 0x59,

    /* U+1E3F "ḿ" */
    0x0, 0x0, 0xb3, 0x0, 0x0, 0x0, 0x30, 0x0,
    0x5b, 0x9c, 0x79, 0xc4, 0x5a, 0x4, 0xb0, 0x3a,
    0x58, 0x4, 0x90, 0x3b, 0x58, 0x4, 0x90, 0x3b,
    0x58, 0x4, 0x90, 0x3b,

    /* U+1E40 "Ṁ" */
    0x0, 0x3, 0x90, 0x0, 0x3f, 0x50, 0x0, 0xd9,
    0x3d, 0xa0, 0x3, 0xd9, 0x3a, 0xc0, 0x9, 0x89,
    0x3a, 0x75, 0xb, 0x59, 0x3a, 0x2b, 0x47, 0x59,
    0x3a, 0xc, 0xa2, 0x59, 0x3a, 0x7, 0xc0, 0x59,

    /* U+1E41 "ṁ" */
    0x0, 0x2, 0xa0, 0x0, 0x0, 0x0, 0x0, 0x0,
    0x5b, 0x9c, 0x79, 0xc4, 0x5a, 0x4, 0xb0, 0x3a,
    0x58, 0x4, 0x90, 0x3b, 0x58, 0x4, 0x90, 0x3b,
    0x58, 0x4, 0x90, 0x3b,

    /* U+1E42 "Ṃ" */
    0x3f, 0x50, 0x0, 0xd9, 0x3d, 0xa0, 0x3, 0xd9,
    0x3a, 0xc0, 0x9, 0x89, 0x3a, 0x75, 0xb, 0x59,
    0x3a, 0x2b, 0x47, 0x59, 0x3a, 0xc, 0xa2, 0x59,
    0x3a, 0x7, 0xc0, 0x59, 0x0, 0x0, 0x0, 0x0,
    0x0, 0x3, 0xa0, 0x0,

    /* U+1E43 "ṃ" */
    0x5b, 0x9c, 0x79, 0xc4, 0x5a, 0x4, 0xb0, 0x3a,
    0x58, 0x4, 0x90, 0x3b, 0x58, 0x4, 0x90, 0x3b,
    0x58, 0x4, 0x90, 0x3b, 0x0, 0x0, 0x0, 0x0,
    0x0, 0x3, 0xa0, 0x0,

    /* U+1E44 "Ṅ" */
    0x0, 0xb, 0x20, 0x3, 0xf2, 0x0, 0x76, 0x3e,
    0xc0, 0x7, 0x63, 0xb9, 0x70, 0x76, 0x3b, 0xd,
    0x27, 0x63, 0xb0, 0x4c, 0x86, 0x3b, 0x0, 0x9e,
    0x63, 0xb0, 0x0, 0xd6,

    /* U+1E45 "ṅ" */
    0x0, 0x67, 0x0, 0x0, 0x0, 0x5b, 0x9b, 0x65,
    0xb0, 0xd, 0x59, 0x0, 0xe5, 0x90, 0xe, 0x59,
    0x0, 0xe0,

    /* U+1E46 "Ṇ" */
    0x3f, 0x20, 0x7, 0x63, 0xec, 0x0, 0x76, 0x3b,
    0x97, 0x7, 0x63, 0xb0, 0xd2, 0x76, 0x3b, 0x4,
    0xc8, 0x63, 0xb0, 0x9, 0xe6, 0x3b, 0x0, 0xd,
    0x60, 0x0, 0x0, 0x0, 0x0, 0xb, 0x20, 0x0,

    /* U+1E47 "ṇ" */
    0x5b, 0x9b, 0x65, 0xb0, 0xd, 0x59, 0x0, 0xe5,
    0x90, 0xe, 0x59, 0x0, 0xe0, 0x0, 0x0, 0x0,
    0x85, 0x0,

    /* U+1E48 "Ṉ" */
    0x3f, 0x20, 0x7, 0x63, 0xec, 0x0, 0x76, 0x3b,
    0x97, 0x7, 0x63, 0xb0, 0xd2, 0x76, 0x3b, 0x4,
    0xc8, 0x63, 0xb0, 0x9, 0xe6, 0x3b, 0x0, 0xd,
    0x60, 0x0, 0x0, 0x0, 0x0, 0x9b, 0xb1, 0x0,

    /* U+1E49 "ṉ" */
    0x5b, 0x9b, 0x65, 0xb0, 0xd, 0x59, 0x0, 0xe5,
    0x90, 0xe, 0x59, 0x0, 0xe0, 0x0, 0x0, 0x7,
    0xbb, 0x30,

    /* U+1E4A "Ṋ" */
    0x3f, 0x20, 0x7, 0x63, 0xec, 0x0, 0x76, 0x3b,
    0x97, 0x7, 0x63, 0xb0, 0xd2, 0x76, 0x3b, 0x4,
    0xc8, 0x63, 0xb0, 0x9, 0xe6, 0x3b, 0x0, 0xd,
    0x60, 0x0, 0x41, 0x0, 0x0, 0x6a, 0xc0, 0x0,

    /* U+1E4B "ṋ" */
    0x5b, 0x9b, 0x65, 0xb0, 0xd, 0x59, 0x0, 0xe5,
    0x90, 0xe, 0x59, 0x0, 0xe0, 0x4, 0x10, 0x5,
    0xac, 0x10,

    /* U+1E4C "Ṍ" */
    0x0, 0x0, 0x0, 0x0, 0x0, 0x4, 0xa0, 0x0,
    0x0, 0x4b, 0x26, 0x0, 0x0, 0x71, 0xa2, 0x0,
    0x2, 0xac, 0xc9, 0x0, 0xd, 0x30, 0x7, 0xb0,
    0x5a, 0x0, 0x0, 0xd2, 0x77, 0x0, 0x0, 0xb4,
    0x59, 0x0, 0x0, 0xd2, 0xd, 0x30, 0x6, 0xb0,
    0x2, 0xac, 0xc9, 0x0,

    /* U+1E4D "ṍ" */
    0x0, 0x0, 0x0, 0x0, 0x69, 0x0, 0x0, 0x20,
    0x0, 0x7, 0x9a, 0x30, 0x0, 0x0, 0x0, 0xa,
    0xbb, 0x40, 0x77, 0x0, 0xd0, 0x94, 0x0, 0xb2,
    0x78, 0x0, 0xd0, 0xa, 0xbb, 0x40,

    /* U+1E4E "Ṏ" */
    0x0, 0x76, 0x93, 0x0, 0x0, 0x49, 0x16, 0x0,
    0x0, 0x71, 0xa2, 0x0, 0x2, 0xac, 0xc9, 0x0,
    0xd, 0x30, 0x7, 0xb0, 0x5a, 0x0, 0x0, 0xd2,
    0x77, 0x0, 0x0, 0xb4, 0x59, 0x0, 0x0, 0xd2,
    0xd, 0x30, 0x6, 0xb0, 0x2, 0xac, 0xc9, 0x0,

    /* U+1E4F "ṏ" */
    0x8, 0x5b, 0x20, 0x7, 0x9a, 0x30, 0x0, 0x0,
    0x0, 0xa, 0xbb, 0x40, 0x77, 0x0, 0xd0, 0x94,
    0x0, 0xb2, 0x78, 0x0, 0xd0, 0xa, 0xbb, 0x40,

    /* U+1E50 "Ṑ" */
    0x0, 0x0, 0x0, 0x0, 0x0, 0xb, 0x30, 0x0,
    0x0, 0x0, 0x10, 0x0, 0x0, 0x6b, 0xb5, 0x0,
    0x2, 0xac, 0xc9, 0x0, 0xd, 0x30, 0x7, 0xb0,
    0x5a, 0x0, 0x0, 0xd2, 0x77, 0x0, 0x0, 0xb4,
    0x59, 0x0, 0x0, 0xd2, 0xd, 0x30, 0x6, 0xb0,
    0x2, 0xac, 0xc9, 0x0,

    /* U+1E51 "ṑ" */
    0x0, 0x0, 0x0, 0x1, 0xc1, 0x0, 0x8, 0xbb,
    0x20, 0x0, 0x0, 0x0, 0xa, 0xbb, 0x40, 0x77,
    0x0, 0xd0, 0x94, 0x0, 0xb2, 0x78, 0x0, 0xd0,
    0xa, 0xbb, 0x40,

    /* U+1E52 "Ṓ" */
    0x0, 0x0, 0x0, 0x0, 0x0, 0x4, 0xa0, 0x0,
    0x0, 0x2, 0x0, 0x0, 0x0, 0x6b, 0xb5, 0x0,
    0x2, 0xac, 0xc9, 0x0, 0xd, 0x30, 0x7, 0xb0,
    0x5a, 0x0, 0x0, 0xd2, 0x77, 0x0, 0x0, 0xb4,
    0x59, 0x0, 0x0, 0xd2, 0xd, 0x30, 0x6, 0xb0,
    0x2, 0xac, 0xc9, 0x0,

    /* U+1E53 "ṓ" */
    0x0, 0x0, 0x0, 0x0, 0x77, 0x0, 0x8, 0xbb,
    0x20, 0x0, 0x0, 0x0, 0xa, 0xbb, 0x40, 0x77,
    0x0, 0xd0, 0x94, 0x0, 0xb2, 0x78, 0x0, 0xd0,
    0xa, 0xbb, 0x40,

    /* U+1E54 "Ṕ" */
    0x0, 0x0, 0x0, 0x0, 0x1, 0xb1, 0x0, 0x3f,
    0xcc, 0xd7, 0x3, 0xb0, 0x0, 0xe2, 0x3b, 0x0,
    0x1e, 0x13, 0xfd, 0xcc, 0x50, 0x3b, 0x0, 0x0,
    0x3, 0xb0, 0x0, 0x0, 0x3b, 0x0, 0x0, 0x0,

    /* U+1E55 "ṕ" */
    0x0, 0x5a, 0x0, 0x0, 0x30, 0x0, 0x5b, 0xab,
    0x50, 0x5b, 0x0, 0xd0, 0x58, 0x0, 0xc2, 0x5a,
    0x0, 0xd0, 0x5c, 0xab, 0x40, 0x59, 0x0, 0x0,
    0x59, 0x0, 0x0,

    /* U+1E56 "Ṗ" */
    0x0, 0x39, 0x0, 0x3, 0xfc, 0xcd, 0x70, 0x3b,
    0x0, 0xe, 0x23, 0xb0, 0x1, 0xe1, 0x3f, 0xdc,
    0xc5, 0x3, 0xb0, 0x0, 0x0, 0x3b, 0x0, 0x0,
    0x3, 0xb0, 0x0, 0x0,

    /* U+1E57 "ṗ" */
    0x0, 0x84, 0x0, 0x0, 0x0, 0x0, 0x5b, 0xab,
    0x50, 0x5b, 0x0, 0xd0, 0x58, 0x0, 0xc2, 0x5a,
    0x0, 0xd0, 0x5c, 0xab, 0x40, 0x59, 0x0, 0x0,
    0x59, 0x0, 0x0,

    /* U+1E58 "Ṙ" */
    0x0, 0xd, 0x0, 0x0, 0x3e, 0xbb, 0xcb, 0x0,
    0x3c, 0x0, 0x9, 0x60, 0x3c, 0x0, 0xb, 0x50,
    0x3f, 0xcd, 0xd7, 0x0, 0x3c, 0x1, 0xc5, 0x0,
    0x3c, 0x0, 0x1e, 0x20, 0x3c, 0x0, 0x6, 0xc0,

    /* U+1E59 "ṙ" */
    0xb, 0x10, 0x0, 0x0, 0x5c, 0xb3, 0x5a, 0x0,
    0x58, 0x0, 0x58, 0x0, 0x58, 0x0,

    /* U+1E5A "Ṛ" */
    0x3e, 0xbb, 0xcb, 0x0, 0x3c, 0x0, 0x9, 0x60,
    0x3c, 0x0, 0xb, 0x50, 0x3f, 0xcd, 0xd7, 0x0,
    0x3c, 0x1, 0xc5, 0x0, 0x3c, 0x0, 0x1e, 0x20,
    0x3c, 0x0, 0x6, 0xc0, 0x0, 0x0, 0x0, 0x0,
    0x0, 0xd, 0x0, 0x0,

    /* U+1E5B "ṛ" */
    0x5c, 0xb3, 0x5a, 0x0, 0x58, 0x0, 0x58, 0x0,
    0x58, 0x0, 0x0, 0x0, 0xb, 0x10,

    /* U+1E5C "Ṝ" */
    0x0, 0xbb, 0xa0, 0x0, 0x3e, 0xbb, 0xcb, 0x0,
    0x3c, 0x0, 0x9, 0x60, 0x3c, 0x0, 0xb, 0x50,
    0x3f, 0xcd, 0xd7, 0x0, 0x3c, 0x1, 0xc5, 0x0,
    0x3c, 0x0, 0x1e, 0x20, 0x3c, 0x0, 0x6, 0xc0,
    0x0, 0x0, 0x0, 0x0, 0x0, 0xd, 0x0, 0x0,

    /* U+1E5D "ṝ" */
    0x9b, 0xb2, 0x0, 0x0, 0x5c, 0xb3, 0x5a, 0x0,
    0x58, 0x0, 0x58, 0x0, 0x58, 0x0, 0x0, 0x0,
    0xb, 0x10,

    /* U+1E5E "Ṟ" */
    0x3e, 0xbb, 0xcb, 0x0, 0x3c, 0x0, 0x9, 0x60,
    0x3c, 0x0, 0xb, 0x50, 0x3f, 0xcd, 0xd7, 0x0,
    0x3c, 0x1, 0xc5, 0x0, 0x3c, 0x0, 0x1e, 0x20,
    0x3c, 0x0, 0x6, 0xc0, 0x0, 0x0, 0x0, 0x0,
    0x0, 0x8b, 0xb2, 0x0,

    /* U+1E5F "ṟ" */
    0x5c, 0xb3, 0x5a, 0x0, 0x58, 0x0, 0x58, 0x0,
    0x58, 0x0, 0x0, 0x0, 0xab, 0xb1,

    /* U+1E60 "Ṡ" */
    0x0, 0x39, 0x0, 0x0, 0x7d, 0xcb, 0x20, 0x2c,
    0x0, 0x3c, 0x1, 0xd5, 0x10, 0x10, 0x3, 0x9d,
    0xc4, 0x2, 0x20, 0x2, 0xe1, 0x5b, 0x0, 0x1d,
    0x0, 0x7d, 0xcc, 0x40,

    /* U+1E61 "ṡ" */
    0x0, 0xd0, 0x0, 0x0, 0x0, 0x2b, 0xbb, 0x17,
    0x80, 0x32, 0x18, 0xcb, 0x25, 0x30, 0x68, 0x2c,
    0xbb, 0x20,

    /* U+1E62 "Ṣ" */
    0x7, 0xdc, 0xb2, 0x2, 0xc0, 0x3, 0xc0, 0x1d,
    0x51, 0x1, 0x0, 0x39, 0xdc, 0x40, 0x22, 0x0,
    0x2e, 0x15, 0xb0, 0x1, 0xd0, 0x7, 0xdc, 0xc4,
    0x0, 0x0, 0x0, 0x0, 0x0, 0x1c, 0x0, 0x0,

    /* U+1E63 "ṣ" */
    0x2b, 0xbb, 0x17, 0x80, 0x32, 0x18, 0xcb, 0x25,
    0x30, 0x68, 0x2c, 0xbb, 0x20, 0x0, 0x0, 0x0,
    0xd0, 0x0,

    /* U+1E64 "Ṥ" */
    0x0, 0x0, 0x0, 0x0, 0xd, 0x69, 0x0, 0x0,
    0x2, 0x0, 0x0, 0x7d, 0xcb, 0x20, 0x2c, 0x0,
    0x3c, 0x1, 0xd5, 0x10, 0x10, 0x3, 0x9d, 0xc4,
    0x2, 0x20, 0x2, 0xe1, 0x5b, 0x0, 0x1d, 0x0,
    0x7d, 0xcc, 0x40,

    /* U+1E65 "ṥ" */
    0xd, 0x6a, 0x0, 0x3, 0x0, 0x2b, 0xbb, 0x17,
    0x80, 0x32, 0x18, 0xcb, 0x25, 0x30, 0x68, 0x2c,
    0xbb, 0x20,

    /* U+1E66 "Ṧ" */
    0x0, 0x2b, 0x0, 0x0, 0x7, 0x35, 0x0, 0x0,
    0x4a, 0x10, 0x0, 0x7d, 0xcb, 0x20, 0x2c, 0x0,
    0x3c, 0x1, 0xd5, 0x10, 0x10, 0x3, 0x9d, 0xc4,
    0x2, 0x20, 0x2, 0xe1, 0x5b, 0x0, 0x1d, 0x0,
    0x7d, 0xcc, 0x40,

    /* U+1E67 "ṧ" */
    0x0, 0xd0, 0x0, 0xa8, 0xa0, 0x0, 0x60, 0x2,
    0xbb, 0xb1, 0x78, 0x3, 0x21, 0x8c, 0xb2, 0x53,
    0x6, 0x82, 0xcb, 0xb2,

    /* U+1E68 "Ṩ" */
    0x0, 0x1b, 0x0, 0x0, 0x7d, 0xcb, 0x20, 0x2c,
    0x0, 0x3c, 0x1, 0xd5, 0x10, 0x10, 0x3, 0x9d,
    0xc4, 0x2, 0x20, 0x2, 0xe1, 0x5b, 0x0, 0x1d,
    0x0, 0x7d, 0xcc, 0x40, 0x0, 0x0, 0x0, 0x0,
    0x1, 0xc0, 0x0,

    /* U+1E69 "ṩ" */
    0x0, 0xd0, 0x0, 0x0, 0x0, 0x2b, 0xbb, 0x17,
    0x80, 0x32, 0x18, 0xcb, 0x25, 0x30, 0x68, 0x2c,
    0xbb, 0x20, 0x0, 0x0, 0x0, 0xd0, 0x0,

    /* U+1E6A "Ṫ" */
    0x0, 0x57, 0x0, 0x9c, 0xee, 0xcb, 0x0, 0x78,
    0x0, 0x0, 0x78, 0x0, 0x0, 0x78, 0x0, 0x0,
    0x78, 0x0, 0x0, 0x78, 0x0, 0x0, 0x78, 0x0,

    /* U+1E6B "ṫ" */
    0x2a, 0x0, 0x20, 0x3b, 0x9, 0xe5, 0x3b, 0x3,
    0xb0, 0x2b, 0x1, 0xd7,

    /* U+1E6C "Ṭ" */
    0x9c, 0xee, 0xcb, 0x0, 0x78, 0x0, 0x0, 0x78,
    0x0, 0x0, 0x78, 0x0, 0x0, 0x78, 0x0, 0x0,
    0x78, 0x0, 0x0, 0x78, 0x0, 0x0, 0x0, 0x0,
    0x0, 0x67, 0x0,

    /* U+1E6D "ṭ" */
    0x5, 0x3, 0xb0, 0x9e, 0x53, 0xb0, 0x3b, 0x2,
    0xb0, 0x1d, 0x70, 0x0, 0xb, 0x10,

    /* U+1E6E "Ṯ" */
    0x9c, 0xee, 0xcb, 0x0, 0x78, 0x0, 0x0, 0x78,
    0x0, 0x0, 0x78, 0x0, 0x0, 0x78, 0x0, 0x0,
    0x78, 0x0, 0x0, 0x78, 0x0, 0x0, 0x0, 0x0,
    0x5, 0xbb, 0x50,

    /* U+1E6F "ṯ" */
    0x0, 0x50, 0x3, 0xb0, 0x9, 0xe5, 0x3, 0xb0,
    0x3, 0xb0, 0x2, 0xb0, 0x1, 0xd7, 0x0, 0x0,
    0x1b, 0xba,

    /* U+1E70 "Ṱ" */
    0x9c, 0xee, 0xcb, 0x0, 0x78, 0x0, 0x0, 0x78,
    0x0, 0x0, 0x78, 0x0, 0x0, 0x78, 0x0, 0x0,
    0x78, 0x0, 0x0, 0x78, 0x0, 0x0, 0x23, 0x0,
    0x2, 0xcb, 0x30,

    /* U+1E71 "ṱ" */
    0x5, 0x0, 0x3b, 0x0, 0x9e, 0x50, 0x3b, 0x0,
    0x3b, 0x0, 0x2b, 0x0, 0x1d, 0x70, 0x5, 0x10,
    0x89, 0xb0,

    /* U+1E72 "Ṳ" */
    0x3b, 0x0, 0x8, 0x63, 0xb0, 0x0, 0x86, 0x3b,
    0x0, 0x8, 0x63, 0xb0, 0x0, 0x86, 0x2c, 0x0,
    0x9, 0x60, 0xe1, 0x0, 0xd2, 0x4, 0xcc, 0xd7,
    0x0, 0x0, 0x0, 0x0, 0x0, 0xc1, 0xd0, 0x0,

    /* U+1E73 "ṳ" */
    0x58, 0x0, 0xe5, 0x80, 0xe, 0x58, 0x0, 0xe4,
    0x90, 0x2e, 0xb, 0x98, 0xd0, 0x0, 0x0, 0x9,
    0x4c, 0x10,

    /* U+1E74 "Ṵ" */
    0x3b, 0x0, 0x8, 0x63, 0xb0, 0x0, 0x86, 0x3b,
    0x0, 0x8, 0x63, 0xb0, 0x0, 0x86, 0x2c, 0x0,
    0x9, 0x60, 0xe1, 0x0, 0xd2, 0x4, 0xcc, 0xd7,
    0x0, 0x0, 0x0, 0x0, 0x0, 0x8a, 0xa1, 0x0,

    /* U+1E75 "ṵ" */
    0x58, 0x0, 0xe5, 0x80, 0xe, 0x58, 0x0, 0xe4,
    0x90, 0x2e, 0xb, 0x98, 0xd0, 0x0, 0x0, 0x7,
    0x9a, 0x20,

    /* U+1E76 "Ṷ" */
    0x3b, 0x0, 0x8, 0x63, 0xb0, 0x0, 0x86, 0x3b,
    0x0, 0x8, 0x63, 0xb0, 0x0, 0x86, 0x2c, 0x0,
    0x9, 0x60, 0xe1, 0x0, 0xd2, 0x4, 0xcc, 0xd7,
    0x0, 0x0, 0x51, 0x0, 0x0, 0x89, 0xb0, 0x0,

    /* U+1E77 "ṷ" */
    0x58, 0x0, 0xe5, 0x80, 0xe, 0x58, 0x0, 0xe4,
    0x90, 0x2e, 0xb, 0x98, 0xd0, 0x4, 0x10, 0x6,
    0xac, 0x0,

    /* U+1E78 "Ṹ" */
    0x0, 0x0, 0x0, 0x0, 0x0, 0x96, 0x0, 0x0,
    0x69, 0x44, 0x0, 0x7, 0x3a, 0x10, 0x3b, 0x0,
    0x8, 0x63, 0xb0, 0x0, 0x86, 0x3b, 0x0, 0x8,
    0x63, 0xb0, 0x0, 0x86, 0x2c, 0x0, 0x9, 0x60,
    0xe1, 0x0, 0xd2, 0x4, 0xcc, 0xd7, 0x0,

    /* U+1E79 "ṹ" */
    0x0, 0x0, 0x0, 0x7, 0x70, 0x7, 0x9a, 0x30,
    0x0, 0x0, 0x58, 0x0, 0xe5, 0x80, 0xe, 0x58,
    0x0, 0xe4, 0x90, 0x2e, 0xb, 0x98, 0xd0,

    /* U+1E7A "Ṻ" */
    0x0, 0xb2, 0xd0, 0x0, 0x0, 0x0, 0x0, 0x0,
    0x9b, 0xb1, 0x3, 0xb0, 0x0, 0x86, 0x3b, 0x0,
    0x8, 0x63, 0xb0, 0x0, 0x86, 0x3b, 0x0, 0x8,
    0x62, 0xc0, 0x0, 0x96, 0xe, 0x10, 0xd, 0x20,
    0x4c, 0xcd, 0x70,

    /* U+1E7B "ṻ" */
    0x8, 0x5b, 0x20, 0x8b, 0xb3, 0x0, 0x0, 0x5,
    0x80, 0xe, 0x58, 0x0, 0xe5, 0x80, 0xe, 0x49,
    0x2, 0xe0, 0xb9, 0x8d,

    /* U+1E7C "Ṽ" */
    0x0, 0xa3, 0x70, 0x0, 0x34, 0x77, 0x0, 0xb4,
    0x0, 0x8, 0x65, 0xa0, 0x0, 0xd0, 0xd, 0x0,
    0x59, 0x0, 0x85, 0xb, 0x30, 0x2, 0xb1, 0xc0,
    0x0, 0xc, 0x86, 0x0, 0x0, 0x5e, 0x0, 0x0,

    /* U+1E7D "ṽ" */
    0x9, 0xaa, 0x10, 0x0, 0x0, 0xa3, 0x3, 0xa4,
    0x90, 0x94, 0xd, 0x1d, 0x0, 0x7a, 0x80, 0x1,
    0xf1, 0x0,

    /* U+1E7E "Ṿ" */
    0xb4, 0x0, 0x8, 0x65, 0xa0, 0x0, 0xd0, 0xd,
    0x0, 0x59, 0x0, 0x85, 0xb, 0x30, 0x2, 0xb1,
    0xc0, 0x0, 0xc, 0x86, 0x0, 0x0, 0x5e, 0x0,
    0x0, 0x0, 0x0, 0x0, 0x0, 0x1c, 0x0, 0x0,

    /* U+1E7F "ṿ" */
    0xa3, 0x3, 0xa4, 0x90, 0x94, 0xd, 0x1d, 0x0,
    0x7a, 0x80, 0x1, 0xf1, 0x0, 0x0, 0x0, 0x0,
    0xd0, 0x0,

    /* U+1E80 "Ẁ" */
    0x0, 0x0, 0x0, 0x0, 0x0, 0x0, 0x2, 0xb0,
    0x0, 0x0, 0x0, 0x0, 0x30, 0x0, 0x0, 0x86,
    0x0, 0xe4, 0x0, 0xe0, 0x4a, 0x1, 0xf8, 0x3,
    0xb0, 0xd, 0x5, 0xac, 0x6, 0x70, 0xc, 0x18,
    0x5d, 0xa, 0x30, 0x9, 0x4b, 0x1a, 0x3d, 0x0,
    0x5, 0x8d, 0x7, 0x7c, 0x0, 0x1, 0xea, 0x3,
    0xe8, 0x0, 0x0, 0xd6, 0x0, 0xf5, 0x0,

    /* U+1E81 "ẁ" */
    0x0, 0xb, 0x10, 0x0, 0x0, 0x2, 0x20, 0x0,
    0xa4, 0x7, 0xa0, 0x1d, 0x68, 0xb, 0xd0, 0x58,
    0x1c, 0xc, 0xa2, 0x94, 0xc, 0x48, 0x66, 0xc0,
    0x8, 0xc4, 0x1c, 0xb0, 0x4, 0xf0, 0xd, 0x70,

    /* U+1E82 "Ẃ" */
    0x0, 0x0, 0x1, 0x0, 0x0, 0x0, 0x0, 0x48,
    0x0, 0x0, 0x0, 0x0, 0x20, 0x0, 0x0, 0x86,
    0x0, 0xe4, 0x0, 0xe0, 0x4a, 0x1, 0xf8, 0x3,
    0xb0, 0xd, 0x5, 0xac, 0x6, 0x70, 0xc, 0x18,
    0x5d, 0xa, 0x30, 0x9, 0x4b, 0x1a, 0x3d, 0x0,
    0x5, 0x8d, 0x7, 0x7c, 0x0, 0x1, 0xea, 0x3,
    0xe8, 0x0, 0x0, 0xd6, 0x0, 0xf5, 0x0,

    /* U+1E83 "ẃ" */
    0x0, 0x0, 0xc1, 0x0, 0x0, 0x1, 0x30, 0x0,
    0xa4, 0x7, 0xa0, 0x1d, 0x68, 0xb, 0xd0, 0x58,
    0x1c, 0xc, 0xa2, 0x94, 0xc, 0x48, 0x66, 0xc0,
    0x8, 0xc4, 0x1c, 0xb0, 0x4, 0xf0, 0xd, 0x70,

    /* U+1E84 "Ẅ" */
    0x0, 0x8, 0x4c, 0x0, 0x0, 0x0, 0x1, 0x1,
    0x0, 0x0, 0x86, 0x0, 0xe4, 0x0, 0xe0, 0x4a,
    0x1, 0xf8, 0x3, 0xb0, 0xd, 0x5, 0xac, 0x6,
    0x70, 0xc, 0x18, 0x5d, 0xa, 0x30, 0x9, 0x4b,
    0x1a, 0x3d, 0x0, 0x5, 0x8d, 0x7, 0x7c, 0x0,
    0x1, 0xea, 0x3, 0xe8, 0x0, 0x0, 0xd6, 0x0,
    0xf5, 0x0,

    /* U+1E85 "ẅ" */
    0x0, 0x3a, 0x76, 0x0, 0x0, 0x1, 0x0, 0x0,
    0xa4, 0x7, 0xa0, 0x1d, 0x68, 0xb, 0xd0, 0x58,
    0x1c, 0xc, 0xa2, 0x94, 0xc, 0x48, 0x66, 0xc0,
    0x8, 0xc4, 0x1c, 0xb0, 0x4, 0xf0, 0xd, 0x70,

    /* U+1E86 "Ẇ" */
    0x0, 0x0, 0xa3, 0x0, 0x0, 0xb3, 0x0, 0xf7,
    0x0, 0xc2, 0x77, 0x4, 0xac, 0x0, 0xd0, 0x3b,
    0x9, 0x4c, 0x4, 0x90, 0xd, 0xd, 0x8, 0x58,
    0x50, 0xa, 0x6b, 0x4, 0x8b, 0x10, 0x6, 0xd6,
    0x0, 0xbb, 0x0, 0x1, 0xf2, 0x0, 0xb7, 0x0,

    /* U+1E87 "ẇ" */
    0x0, 0xb, 0x10, 0x0, 0x0, 0x0, 0x0, 0x0,
    0xc1, 0xf, 0x30, 0xc0, 0x76, 0x3d, 0x72, 0xa0,
    0x2a, 0x85, 0xc7, 0x50, 0xc, 0xc0, 0xcc, 0x0,
    0x8, 0xb0, 0x8b, 0x0,

    /* U+1E88 "Ẉ" */
    0xb3, 0x0, 0xf7, 0x0, 0xc2, 0x77, 0x4, 0xac,
    0x0, 0xd0, 0x3b, 0x9, 0x4c, 0x4, 0x90, 0xd,
    0xd, 0x8, 0x58, 0x50, 0xa, 0x6b, 0x4, 0x8b,
    0x10, 0x6, 0xd6, 0x0, 0xbb, 0x0, 0x1, 0xf2,
    0x0, 0xb7, 0x0, 0x0, 0x0, 0x0, 0x0, 0x0,
    0x0, 0x0, 0xa3, 0x0, 0x0,

    /* U+1E89 "ẉ" */
    0xc1, 0xf, 0x30, 0xc0, 0x76, 0x3d, 0x72, 0xa0,
    0x2a, 0x85, 0xc7, 0x50, 0xc, 0xc0, 0xcc, 0x0,
    0x8, 0xb0, 0x8b, 0x0, 0x0, 0x0, 0x0, 0x0,
    0x0, 0xb, 0x10, 0x0,

    /* U+1E8A "Ẋ" */
    0x0, 0xd, 0x0, 0x4, 0xd0, 0x1, 0xd1, 0x8,
    0x90, 0xc4, 0x0, 0xc, 0xb8, 0x0, 0x0, 0x6f,
    0x20, 0x0, 0x1d, 0x7c, 0x0, 0xc, 0x40, 0xa8,
    0x9, 0x80, 0x0, 0xd4,

    /* U+1E8B "ẋ" */
    0x0, 0xd0, 0x0, 0x0, 0x0, 0x6a, 0xa, 0x60,
    0xaa, 0xa0, 0x3, 0xf3, 0x0, 0xc6, 0xc0, 0x97,
    0x7, 0x90,

    /* U+1E8C "Ẍ" */
    0x0, 0xc3, 0x90, 0x4, 0xd0, 0x1, 0xd1, 0x8,
    0x90, 0xc4, 0x0, 0xc, 0xb8, 0x0, 0x0, 0x6f,
    0x20, 0x0, 0x1d, 0x7c, 0x0, 0xc, 0x40, 0xa8,
    0x9, 0x80, 0x0, 0xd4,

    /* U+1E8D "ẍ" */
    0xd, 0x1b, 0x0, 0x0, 0x0, 0x6a, 0xa, 0x60,
    0xaa, 0xa0, 0x3, 0xf3, 0x0, 0xc6, 0xc0, 0x97,
    0x7, 0x90,

    /* U+1E8E "Ẏ" */
    0x0, 0x1c, 0x0, 0x9, 0x80, 0x0, 0xc4, 0xd,
    0x30, 0x78, 0x0, 0x3d, 0x3c, 0x0, 0x0, 0x8e,
    0x20, 0x0, 0x3, 0xc0, 0x0, 0x0, 0x3c, 0x0,
    0x0, 0x3, 0xc0, 0x0,

    /* U+1E8F "ẏ" */
    0x0, 0xc0, 0x0, 0x0, 0x0, 0xa4, 0x2, 0xb4,
    0xa0, 0x85, 0xd, 0x1d, 0x0, 0x7a, 0x80, 0x1,
    0xf2, 0x0, 0x1b, 0x0, 0x5d, 0x30, 0x0,

    /* U+1E90 "Ẑ" */
    0x0, 0x46, 0x0, 0x1, 0xca, 0x50, 0x5c, 0xcc,
    0xeb, 0x0, 0x1, 0xd2, 0x0, 0xc, 0x50, 0x0,
    0xa7, 0x0, 0x7, 0xa0, 0x0, 0x4c, 0x0, 0x0,
    0xcd, 0xcc, 0xca,

    /* U+1E91 "ẑ" */
    0x4, 0xd7, 0x0, 0x40, 0x40, 0x6a, 0xae, 0x80,
    0x4, 0xb0, 0x3, 0xc1, 0x2, 0xd2, 0x0, 0xbd,
    0xbb, 0x80,

    /* U+1E92 "Ẓ" */
    0x5c, 0xcc, 0xeb, 0x0, 0x1, 0xd2, 0x0, 0xc,
    0x50, 0x0, 0xa7, 0x0, 0x7, 0xa0, 0x0, 0x4c,
    0x0, 0x0, 0xcd, 0xcc, 0xca, 0x0, 0x0, 0x0,
    0x0, 0x75, 0x0,

    /* U+1E93 "ẓ" */
    0x6a, 0xae, 0x80, 0x4, 0xb0, 0x3, 0xc1, 0x2,
    0xd2, 0x0, 0xbd, 0xbb, 0x80, 0x0, 0x0, 0x0,
    0xd0, 0x0,

    /* U+1E94 "Ẕ" */
    0x5c, 0xcc, 0xeb, 0x0, 0x1, 0xd2, 0x0, 0xc,
    0x50, 0x0, 0xa7, 0x0, 0x7, 0xa0, 0x0, 0x4c,
    0x0, 0x0, 0xcd, 0xcc, 0xca, 0x0, 0x0, 0x0,
    0x5, 0xbb, 0x50,

    /* U+1E95 "ẕ" */
    0x6a, 0xae, 0x80, 0x4, 0xb0, 0x3, 0xc1, 0x2,
    0xd2, 0x0, 0xbd, 0xbb, 0x80, 0x0, 0x0, 0xb,
    0xbb, 0x0,

    /* U+1E96 "ẖ" */
    0x58, 0x0, 0x5, 0x80, 0x0, 0x5c, 0xbc, 0x65,
    0xb0, 0x1d, 0x58, 0x0, 0xe5, 0x80, 0xe, 0x58,
    0x0, 0xe0, 0x0, 0x0, 0x7, 0xbb, 0x30,

    /* U+1E97 "ẗ" */
    0xd2, 0xa0, 0x20, 0x3b, 0x9, 0xe5, 0x3b, 0x3,
    0xb0, 0x2b, 0x1, 0xd7,

    /* U+1E98 "ẘ" */
    0x0, 0x16, 0x40, 0x0, 0x0, 0x6, 0x30, 0x0,
    0xc1, 0xf, 0x30, 0xc0, 0x76, 0x3d, 0x72, 0xa0,
    0x2a, 0x85, 0xc7, 0x50, 0xc, 0xc0, 0xcc, 0x0,
    0x8, 0xb0, 0x8b, 0x0,

    /* U+1E99 "ẙ" */
    0x2, 0x64, 0x0, 0x15, 0x20, 0xa4, 0x2, 0xb4,
    0xa0, 0x85, 0xd, 0x1d, 0x0, 0x7a, 0x80, 0x1,
    0xf2, 0x0, 0x1b, 0x0, 0x5d, 0x30, 0x0,

    /* U+1E9A "ẚ" */
    0x0, 0x0, 0x53, 0x0, 0x0, 0x53, 0x1a, 0xbc,
    0x70, 0x34, 0x1, 0xd0, 0x19, 0xba, 0xe0, 0x97,
    0x2, 0xe0, 0x4b, 0x88, 0xd0,

    /* U+1E9B "ẛ" */
    0x8, 0x40, 0xc, 0xc0, 0x2c, 0x0, 0xab, 0x0,
    0x2b, 0x0, 0x2b, 0x0, 0x2b, 0x0, 0x2b, 0x0,

    /* U+1E9E "ẞ" */
    0x5, 0xef, 0xfe, 0x0, 0xd1, 0xc, 0x50, 0x1c,
    0xb, 0x50, 0x1, 0xc4, 0xfc, 0x40, 0x1c, 0x0,
    0x1d, 0x11, 0xc0, 0x0, 0xa4, 0x1c, 0x0, 0x1d,
    0x11, 0xc8, 0xee, 0x50,

    /* U+1EA0 "Ạ" */
    0x0, 0x6f, 0x10, 0x0, 0xb, 0xa6, 0x0, 0x0,
    0xd3, 0xb0, 0x0, 0x59, 0xd, 0x10, 0xa, 0x40,
    0x95, 0x0, 0xff, 0xff, 0xa0, 0x5a, 0x0, 0xe,
    0xa, 0x50, 0x0, 0xa5, 0x0, 0x0, 0x0, 0x0,
    0x1, 0xc0, 0x0,

    /* U+1EA1 "ạ" */
    0x9, 0xed, 0x20, 0x4a, 0x3, 0xa0, 0x1, 0x59,
    0xd0, 0x4c, 0x63, 0xd0, 0x87, 0x7, 0xd0, 0x2d,
    0xe8, 0xc4, 0x0, 0x0, 0x0, 0x0, 0xc1, 0x0,

    /* U+1EA2 "Ả" */
    0x0, 0x4a, 0x0, 0x0, 0x0, 0x90, 0x0, 0x0,
    0x0, 0x0, 0x0, 0x6, 0xf1, 0x0, 0x0, 0xba,
    0x60, 0x0, 0xd, 0x3b, 0x0, 0x5, 0x90, 0xd1,
    0x0, 0xa4, 0x9, 0x50, 0xf, 0xff, 0xfa, 0x5,
    0xa0, 0x0, 0xe0, 0xa5, 0x0, 0xa, 0x50,

    /* U+1EA3 "ả" */
    0x0, 0xa4, 0x0, 0x0, 0x36, 0x0, 0x0, 0x0,
    0x0, 0x9, 0xed, 0x20, 0x4a, 0x3, 0xa0, 0x1,
    0x59, 0xd0, 0x4c, 0x63, 0xd0, 0x87, 0x7, 0xd0,
    0x2d, 0xe8, 0xc4,

    /* U+1EA4 "Ấ" */
    0x0, 0x0, 0x1, 0x0, 0x0, 0x8, 0x50, 0x0,
    0x6c, 0x50, 0x0, 0x4, 0x3, 0x0, 0x0, 0x6f,
    0x10, 0x0, 0xb, 0xa6, 0x0, 0x0, 0xd3, 0xb0,
    0x0, 0x59, 0xd, 0x10, 0xa, 0x40, 0x95, 0x0,
    0xff, 0xff, 0xa0, 0x5a, 0x0, 0xe, 0xa, 0x50,
    0x0, 0xa5,

    /* U+1EA5 "ấ" */
    0x0, 0x0, 0x10, 0x0, 0x1, 0xb0, 0x1, 0xda,
    0x10, 0x3, 0x25, 0x0, 0x9, 0xed, 0x20, 0x4a,
    0x3, 0xa0, 0x1, 0x59, 0xd0, 0x4c, 0x63, 0xd0,
    0x87, 0x7, 0xd0, 0x2d, 0xe8, 0xc4,

    /* U+1EA6 "Ầ" */
    0x0, 0x0, 0x10, 0x0, 0x0, 0xc, 0x10, 0x0,
    0x6c, 0x41, 0x0, 0x4, 0x13, 0x0, 0x0, 0x6f,
    0x10, 0x0, 0xb, 0xa6, 0x0, 0x0, 0xd3, 0xb0,
    0x0, 0x59, 0xd, 0x10, 0xa, 0x40, 0x95, 0x0,
    0xff, 0xff, 0xa0, 0x5a, 0x0, 0xe, 0xa, 0x50,
    0x0, 0xa5,

    /* U+1EA7 "ầ" */
    0x0, 0x1, 0x0, 0x0, 0x5, 0x70, 0x1, 0xc8,
    0x30, 0x3, 0x14, 0x0, 0x9, 0xed, 0x20, 0x4a,
    0x3, 0xa0, 0x1, 0x59, 0xd0, 0x4c, 0x63, 0xd0,
    0x87, 0x7, 0xd0, 0x2d, 0xe8, 0xc4,

    /* U+1EA8 "Ẩ" */
    0x0, 0x2, 0xa0, 0x0, 0x2, 0x67, 0x0, 0x0,
    0x52, 0x30, 0x0, 0x6, 0xf1, 0x0, 0x0, 0xba,
    0x60, 0x0, 0xd, 0x3b, 0x0, 0x5, 0x90, 0xd1,
    0x0, 0xa4, 0x9, 0x50, 0xf, 0xff, 0xfa, 0x5,
    0xa0, 0x0, 0xe0, 0xa5, 0x0, 0xa, 0x50,

    /* U+1EA9 "ẩ" */
    0x0, 0x7, 0x40, 0x0, 0x1, 0x50, 0x1, 0xc8,
    0x0, 0x3, 0x25, 0x0, 0x9, 0xed, 0x20, 0x4a,
    0x3, 0xa0, 0x1, 0x59, 0xd0, 0x4c, 0x63, 0xd0,
    0x87, 0x7, 0xd0, 0x2d, 0xe8, 0xc4,

    /* U+1EAA "Ẫ" */
    0x0, 0x94, 0x60, 0x0, 0x15, 0x75, 0x0, 0x0,
    0x5b, 0x10, 0x0, 0x4, 0x13, 0x0, 0x0, 0x6f,
    0x10, 0x0, 0xb, 0xa6, 0x0, 0x0, 0xd3, 0xb0,
    0x0, 0x59, 0xd, 0x10, 0xa, 0x40, 0x95, 0x0,
    0xff, 0xff, 0xa0, 0x5a, 0x0, 0xe, 0xa, 0x50,
    0x0, 0xa5,

    /* U+1EAB "ẫ" */
    0x4, 0x83, 0x30, 0x6, 0x2a, 0x0, 0x1, 0xc8,
    0x0, 0x3, 0x25, 0x0, 0x9, 0xed, 0x20, 0x4a,
    0x3, 0xa0, 0x1, 0x59, 0xd0, 0x4c, 0x63, 0xd0,
    0x87, 0x7, 0xd0, 0x2d, 0xe8, 0xc4,

    /* U+1EAC "Ậ" */
    0x0, 0x25, 0x0, 0x0, 0x5, 0x13, 0x0, 0x0,
    0x6f, 0x10, 0x0, 0xb, 0xa6, 0x0, 0x0, 0xd3,
    0xb0, 0x0, 0x59, 0xd, 0x10, 0xa, 0x40, 0x95,
    0x0, 0xff, 0xff, 0xa0, 0x5a, 0x0, 0xe, 0xa,
    0x50, 0x0, 0xa5, 0x0, 0x0, 0x0, 0x0, 0x1,
    0xc0, 0x0,

    /* U+1EAD "ậ" */
    0x1, 0x98, 0x0, 0x2, 0x2, 0x0, 0x9, 0xed,
    0x20, 0x4a, 0x3, 0xa0, 0x1, 0x59, 0xd0, 0x4c,
    0x63, 0xd0, 0x87, 0x7, 0xd0, 0x2d, 0xe8, 0xc4,
    0x0, 0x0, 0x0, 0x0, 0xc1, 0x0,

    /* U+1EAE "Ắ" */
    0x0, 0xa, 0x10, 0x0, 0x8, 0x8, 0x0, 0x0,
    0x7b, 0x30, 0x0, 0x6, 0xf1, 0x0, 0x0, 0xba,
    0x60, 0x0, 0xd, 0x3b, 0x0, 0x5, 0x90, 0xd1,
    0x0, 0xa4, 0x9, 0x50, 0xf, 0xff, 0xfa, 0x5,
    0xa0, 0x0, 0xe0, 0xa5, 0x0, 0xa, 0x50,

    /* U+1EAF "ắ" */
    0x0, 0x47, 0x0, 0x4, 0xaa, 0x0, 0x0, 0x0,
    0x0, 0x9, 0xed, 0x20, 0x4a, 0x3, 0xa0, 0x1,
    0x59, 0xd0, 0x4c, 0x63, 0xd0, 0x87, 0x7, 0xd0,
    0x2d, 0xe8, 0xc4,

    /* U+1EB0 "Ằ" */
    0x0, 0x57, 0x0, 0x0, 0x8, 0x8, 0x0, 0x0,
    0x7b, 0x30, 0x0, 0x6, 0xf1, 0x0, 0x0, 0xba,
    0x60, 0x0, 0xd, 0x3b, 0x0, 0x5, 0x90, 0xd1,
    0x0, 0xa4, 0x9, 0x50, 0xf, 0xff, 0xfa, 0x5,
    0xa0, 0x0, 0xe0, 0xa5, 0x0, 0xa, 0x50,

    /* U+1EB1 "ằ" */
    0x0, 0xb0, 0x0, 0x4, 0xaa, 0x0, 0x0, 0x0,
    0x0, 0x9, 0xed, 0x20, 0x4a, 0x3, 0xa0, 0x1,
    0x59, 0xd0, 0x4c, 0x63, 0xd0, 0x87, 0x7, 0xd0,
    0x2d, 0xe8, 0xc4,

    /* U+1EB2 "Ẳ" */
    0x0, 0x29, 0x0, 0x0, 0x1, 0x72, 0x0, 0x0,
    0x8a, 0x50, 0x0, 0x0, 0x0, 0x0, 0x0, 0x6f,
    0x10, 0x0, 0xb, 0xa6, 0x0, 0x0, 0xd3, 0xb0,
    0x0, 0x59, 0xd, 0x10, 0xa, 0x40, 0x95, 0x0,
    0xff, 0xff, 0xa0, 0x5a, 0x0, 0xe, 0xa, 0x50,
    0x0, 0xa5,

    /* U+1EB3 "ẳ" */
    0x0, 0x84, 0x0, 0x0, 0x24, 0x0, 0x4, 0xaa,
    0x0, 0x0, 0x0, 0x0, 0x9, 0xed, 0x20, 0x4a,
    0x3, 0xa0, 0x1, 0x59, 0xd0, 0x4c, 0x63, 0xd0,
    0x87, 0x7, 0xd0, 0x2d, 0xe8, 0xc4,

    /* U+1EB4 "Ẵ" */
    0x0, 0x94, 0x60, 0x0, 0x15, 0x75, 0x0, 0x0,
    0x60, 0x60, 0x0, 0x7, 0xb3, 0x0, 0x0, 0x6f,
    0x10, 0x0, 0xb, 0xa6, 0x0, 0x0, 0xd3, 0xb0,
    0x0, 0x59, 0xd, 0x10, 0xa, 0x40, 0x95, 0x0,
    0xff, 0xff, 0xa0, 0x5a, 0x0, 0xe, 0xa, 0x50,
    0x0, 0xa5,

    /* U+1EB5 "ẵ" */
    0x4, 0x83, 0x20, 0x6, 0x29, 0x0, 0x4, 0xa9,
    0x0, 0x0, 0x0, 0x0, 0x9, 0xed, 0x20, 0x4a,
    0x3, 0xa0, 0x1, 0x59, 0xd0, 0x4c, 0x63, 0xd0,
    0x87, 0x7, 0xd0, 0x2d, 0xe8, 0xc4,

    /* U+1EB6 "Ặ" */
    0x0, 0x50, 0x50, 0x0, 0x7, 0xa4, 0x0, 0x0,
    0x6f, 0x10, 0x0, 0xb, 0xa6, 0x0, 0x0, 0xd3,
    0xb0, 0x0, 0x59, 0xd, 0x10, 0xa, 0x40, 0x95,
    0x0, 0xff, 0xff, 0xa0, 0x5a, 0x0, 0xe, 0xa,
    0x50, 0x0, 0xa5, 0x0, 0x0, 0x0, 0x0, 0x1,
    0xc0, 0x0,

    /* U+1EB7 "ặ" */
    0x8, 0x18, 0x10, 0x1, 0xa7, 0x0, 0x9, 0xed,
    0x20, 0x4a, 0x3, 0xa0, 0x1, 0x59, 0xd0, 0x4c,
    0x63, 0xd0, 0x87, 0x7, 0xd0, 0x2d, 0xe8, 0xc4,
    0x0, 0x0, 0x0, 0x0, 0xc1, 0x0,

    /* U+1EB8 "Ẹ" */
    0x1f, 0xff, 0xf5, 0x1c, 0x0, 0x0, 0x1c, 0x0,
    0x0, 0x1c, 0x0, 0x0, 0x1f, 0xee, 0xe3, 0x1c,
    0x0, 0x0, 0x1c, 0x0, 0x0, 0x1f, 0xee, 0xe6,
    0x0, 0x0, 0x0, 0x0, 0x4a, 0x0,

    /* U+1EB9 "ẹ" */
    0x8, 0xed, 0x20, 0x4d, 0x3, 0xc0, 0x86, 0x0,
    0xd1, 0x8d, 0xdd, 0xe2, 0x49, 0x0, 0x70, 0x8,
    0xdd, 0x50, 0x0, 0x0, 0x0, 0x0, 0x95, 0x0,

    /* U+1EBA "Ẻ" */
    0x0, 0x59, 0x0, 0x0, 0x9, 0x0, 0x0, 0x0,
    0x0, 0x1f, 0xff, 0xf5, 0x1c, 0x0, 0x0, 0x1c,
    0x0, 0x0, 0x1c, 0x0, 0x0, 0x1f, 0xee, 0xe3,
    0x1c, 0x0, 0x0, 0x1c, 0x0, 0x0, 0x1f, 0xee,
    0xe6,

    /* U+1EBB "ẻ" */
    0x0, 0x96, 0x0, 0x0, 0x27, 0x0, 0x0, 0x0,
    0x0, 0x8, 0xed, 0x40, 0x49, 0x1, 0xd0, 0x8d,
    0xdd, 0xe2, 0x86, 0x0, 0x0, 0x4c, 0x2, 0xd0,
    0x8, 0xed, 0x30,

    /* U+1EBC "Ẽ" */
    0x1, 0x89, 0x40, 0x0, 0x0, 0x0, 0x1f, 0xff,
    0xf5, 0x1c, 0x0, 0x0, 0x1c, 0x0, 0x0, 0x1c,
    0x0, 0x0, 0x1f, 0xee, 0xe3, 0x1c, 0x0, 0x0,
    0x1c, 0x0, 0x0, 0x1f, 0xee, 0xe6,

    /* U+1EBD "ẽ" */
    0x5, 0xa9, 0x20, 0x0, 0x0, 0x0, 0x8, 0xed,
    0x40, 0x49, 0x1, 0xd0, 0x8d, 0xdd, 0xe2, 0x86,
    0x0, 0x0, 0x4c, 0x2, 0xd0, 0x8, 0xed, 0x30,

    /* U+1EBE "Ế" */
    0x0, 0x0, 0x0, 0x0, 0x0, 0xa2, 0x0, 0x8b,
    0x40, 0x0, 0x31, 0x20, 0x1f, 0xff, 0xf5, 0x1c,
    0x0, 0x0, 0x1c, 0x0, 0x0, 0x1c, 0x0, 0x0,
    0x1f, 0xee, 0xe3, 0x1c, 0x0, 0x0, 0x1c, 0x0,
    0x0, 0x1f, 0xee, 0xe6,

    /* U+1EBF "ế" */
    0x0, 0x0, 0x10, 0x0, 0x0, 0xc0, 0x0, 0xcb,
    0x20, 0x2, 0x34, 0x0, 0x8, 0xed, 0x40, 0x49,
    0x1, 0xd0, 0x8d, 0xdd, 0xe2, 0x86, 0x0, 0x0,
    0x4c, 0x2, 0xd0, 0x8, 0xed, 0x30,

    /* U+1EC0 "Ề" */
    0x0, 0x0, 0x10, 0x0, 0x0, 0xc0, 0x0, 0x8b,
    0x30, 0x0, 0x42, 0x20, 0x1f, 0xff, 0xf5, 0x1c,
    0x0, 0x0, 0x1c, 0x0, 0x0, 0x1c, 0x0, 0x0,
    0x1f, 0xee, 0xe3, 0x1c, 0x0, 0x0, 0x1c, 0x0,
    0x0, 0x1f, 0xee, 0xe6,

    /* U+1EC1 "ề" */
    0x0, 0x0, 0x0, 0x0, 0x3, 0x90, 0x0, 0xca,
    0x30, 0x2, 0x24, 0x0, 0x8, 0xed, 0x40, 0x49,
    0x1, 0xd0, 0x8d, 0xdd, 0xe2, 0x86, 0x0, 0x0,
    0x4c, 0x2, 0xd0, 0x8, 0xed, 0x30,

    /* U+1EC2 "Ể" */
    0x0, 0x3, 0x80, 0x0, 0x35, 0x70, 0x0, 0x53,
    0x20, 0x1f, 0xff, 0xf5, 0x1c, 0x0, 0x0, 0x1c,
    0x0, 0x0, 0x1c, 0x0, 0x0, 0x1f, 0xee, 0xe3,
    0x1c, 0x0, 0x0, 0x1c, 0x0, 0x0, 0x1f, 0xee,
    0xe6,

    /* U+1EC3 "ể" */
    0x0, 0x6, 0x60, 0x0, 0x1, 0x60, 0x0, 0xc9,
    0x0, 0x2, 0x24, 0x0, 0x8, 0xed, 0x40, 0x49,
    0x1, 0xd0, 0x8d, 0xdd, 0xe2, 0x86, 0x0, 0x0,
    0x4c, 0x2, 0xd0, 0x8, 0xed, 0x30,

    /* U+1EC4 "Ễ" */
    0x0, 0xa2, 0x60, 0x3, 0x38, 0x40, 0x0, 0x7a,
    0x0, 0x0, 0x42, 0x20, 0x1f, 0xff, 0xf5, 0x1c,
    0x0, 0x0, 0x1c, 0x0, 0x0, 0x1c, 0x0, 0x0,
    0x1f, 0xee, 0xe3, 0x1c, 0x0, 0x0, 0x1c, 0x0,
    0x0, 0x1f, 0xee, 0xe6,

    /* U+1EC5 "ễ" */
    0x3, 0x92, 0x40, 0x6, 0x1a, 0x10, 0x0, 0xc9,
    0x0, 0x2, 0x24, 0x0, 0x8, 0xed, 0x40, 0x49,
    0x1, 0xd0, 0x8d, 0xdd, 0xe2, 0x86, 0x0, 0x0,
    0x4c, 0x2, 0xd0, 0x8, 0xed, 0x30,

    /* U+1EC6 "Ệ" */
    0x0, 0x45, 0x0, 0x0, 0x42, 0x20, 0x1f, 0xff,
    0xf5, 0x1c, 0x0, 0x0, 0x1c, 0x0, 0x0, 0x1c,
    0x0, 0x0, 0x1f, 0xee, 0xe3, 0x1c, 0x0, 0x0,
    0x1c, 0x0, 0x0, 0x1f, 0xee, 0xe6, 0x0, 0x0,
    0x0, 0x0, 0x4a, 0x0,

    /* U+1EC7 "ệ" */
    0x0, 0x99, 0x0, 0x1, 0x12, 0x0, 0x8, 0xed,
    0x20, 0x4d, 0x3, 0xc0, 0x86, 0x0, 0xd1, 0x8d,
    0xdd, 0xe2, 0x49, 0x0, 0x70, 0x8, 0xdd, 0x50,
    0x0, 0x0, 0x0, 0x0, 0x95, 0x0,

    /* U+1EC8 "Ỉ" */
    0x4a, 0x0, 0x90, 0x0, 0x1, 0xc0, 0x1c, 0x1,
    0xc0, 0x1c, 0x1, 0xc0, 0x1c, 0x1, 0xc0, 0x1c,
    0x0,

    /* U+1EC9 "ỉ" */
    0x59, 0x0, 0x90, 0x0, 0x3, 0xa0, 0x3a, 0x3,
    0xa0, 0x3a, 0x3, 0xa0, 0x3a, 0x0,

    /* U+1ECA "Ị" */
    0x1c, 0x1c, 0x1c, 0x1c, 0x1c, 0x1c, 0x1c, 0x1c,
    0x0, 0x1c,

    /* U+1ECB "ị" */
    0x3a, 0x0, 0x3a, 0x3a, 0x3a, 0x3a, 0x3a, 0x3a,
    0x0, 0x3a,

    /* U+1ECC "Ọ" */
    0x2, 0xce, 0xd6, 0x0, 0xd4, 0x1, 0xc5, 0x59,
    0x0, 0x3, 0xb8, 0x60, 0x0, 0xe, 0x86, 0x0,
    0x0, 0xe5, 0x90, 0x0, 0x3b, 0xd, 0x40, 0x1c,
    0x50, 0x2c, 0xed, 0x60, 0x0, 0x0, 0x0, 0x0,
    0x0, 0xc2, 0x0,

    /* U+1ECD "ọ" */
    0x8, 0xed, 0x40, 0x4b, 0x1, 0xe0, 0x85, 0x0,
    0xa3, 0x85, 0x0, 0xa3, 0x4b, 0x1, 0xd0, 0x8,
    0xed, 0x40, 0x0, 0x0, 0x0, 0x0, 0x95, 0x0,

    /* U+1ECE "Ỏ" */
    0x0, 0xa, 0x30, 0x0, 0x0, 0x44, 0x0, 0x0,
    0x0, 0x0, 0x0, 0x2c, 0xed, 0x60, 0xd, 0x40,
    0x1c, 0x55, 0x90, 0x0, 0x3b, 0x86, 0x0, 0x0,
    0xe8, 0x60, 0x0, 0xe, 0x59, 0x0, 0x3, 0xb0,
    0xd4, 0x1, 0xc5, 0x2, 0xce, 0xd6, 0x0,

    /* U+1ECF "ỏ" */
    0x0, 0x96, 0x0, 0x0, 0x17, 0x0, 0x0, 0x0,
    0x0, 0x8, 0xed, 0x40, 0x4b, 0x1, 0xe0, 0x85,
    0x0, 0xa3, 0x85, 0x0, 0xa3, 0x4b, 0x1, 0xd0,
    0x8, 0xed, 0x40,

    /* U+1ED0 "Ố" */
    0x0, 0x0, 0x1, 0x0, 0x0, 0x2, 0xa0, 0x0,
    0x1c, 0x81, 0x0, 0x4, 0x15, 0x0, 0x2, 0xce,
    0xd6, 0x0, 0xd4, 0x1, 0xc5, 0x59, 0x0, 0x3,
    0xb8, 0x60, 0x0, 0xe, 0x86, 0x0, 0x0, 0xe5,
    0x90, 0x0, 0x3b, 0xd, 0x40, 0x1c, 0x50, 0x2c,
    0xed, 0x60,

    /* U+1ED1 "ố" */
    0x0, 0x0, 0x10, 0x0, 0x0, 0xc0, 0x0, 0xca,
    0x20, 0x2, 0x24, 0x0, 0x8, 0xed, 0x40, 0x4b,
    0x1, 0xe0, 0x85, 0x0, 0xa3, 0x85, 0x0, 0xa3,
    0x4b, 0x1, 0xd0, 0x8, 0xed, 0x40,

    /* U+1ED2 "Ồ" */
    0x0, 0x0, 0x10, 0x0, 0x0, 0x6, 0x60, 0x0,
    0x1c, 0x73, 0x0, 0x3, 0x14, 0x0, 0x2, 0xce,
    0xd6, 0x0, 0xd4, 0x1, 0xc5, 0x59, 0x0, 0x3,
    0xb8, 0x60, 0x0, 0xe, 0x86, 0x0, 0x0, 0xe5,
    0x90, 0x0, 0x3b, 0xd, 0x40, 0x1c, 0x50, 0x2c,
    0xed, 0x60,

    /* U+1ED3 "ồ" */
    0x0, 0x0, 0x0, 0x0, 0x3, 0x90, 0x0, 0xca,
    0x30, 0x2, 0x24, 0x0, 0x8, 0xed, 0x40, 0x4b,
    0x1, 0xe0, 0x85, 0x0, 0xa3, 0x85, 0x0, 0xa3,
    0x4b, 0x1, 0xd0, 0x8, 0xed, 0x40,

    /* U+1ED4 "Ổ" */
    0x0, 0x0, 0x83, 0x0, 0x0, 0x55, 0x40, 0x0,
    0x3c, 0x90, 0x0, 0x3, 0x14, 0x0, 0x2, 0xce,
    0xd6, 0x0, 0xd4, 0x1, 0xc5, 0x59, 0x0, 0x3,
    0xb8, 0x60, 0x0, 0xe, 0x86, 0x0, 0x0, 0xe5,
    0x90, 0x0, 0x3b, 0xd, 0x40, 0x1c, 0x50, 0x2c,
    0xed, 0x60,

    /* U+1ED5 "ổ" */
    0x0, 0x6, 0x60, 0x0, 0x1, 0x60, 0x0, 0xc9,
    0x0, 0x2, 0x24, 0x0, 0x8, 0xed, 0x40, 0x4b,
    0x1, 0xe0, 0x85, 0x0, 0xa3, 0x85, 0x0, 0xa3,
    0x4b, 0x1, 0xd0, 0x8, 0xed, 0x40,

    /* U+1ED6 "Ỗ" */
    0x0, 0x57, 0x41, 0x0, 0x6, 0x39, 0x0, 0x0,
    0x1b, 0x50, 0x0, 0x4, 0x26, 0x0, 0x2, 0xce,
    0xd6, 0x0, 0xd4, 0x1, 0xc5, 0x59, 0x0, 0x3,
    0xb8, 0x60, 0x0, 0xe, 0x86, 0x0, 0x0, 0xe5,
    0x90, 0x0, 0x3b, 0xd, 0x40, 0x1c, 0x50, 0x2c,
    0xed, 0x60,

    /* U+1ED7 "ỗ" */
    0x3, 0x92, 0x40, 0x6, 0x1a, 0x10, 0x0, 0xc9,
    0x0, 0x2, 0x24, 0x0, 0x8, 0xed, 0x40, 0x4b,
    0x1, 0xe0, 0x85, 0x0, 0xa3, 0x85, 0x0, 0xa3,
    0x4b, 0x1, 0xd0, 0x8, 0xed, 0x40,

    /* U+1ED8 "Ộ" */
    0x0, 0x5, 0x30, 0x0, 0x3, 0x15, 0x0, 0x2,
    0xce, 0xd6, 0x0, 0xd4, 0x1, 0xc5, 0x59, 0x0,
    0x3, 0xb8, 0x60, 0x0, 0xe, 0x86, 0x0, 0x0,
    0xe5, 0x90, 0x0, 0x3b, 0xd, 0x40, 0x1c, 0x50,
    0x2c, 0xed, 0x60, 0x0, 0x0, 0x0, 0x0, 0x0,
    0xc2, 0x0,

    /* U+1ED9 "ộ" */
    0x1, 0x99, 0x0, 0x1, 0x12, 0x0, 0x8, 0xed,
    0x40, 0x4b, 0x1, 0xe0, 0x85, 0x0, 0xa3, 0x85,
    0x0, 0xa3, 0x4b, 0x1, 0xd0, 0x8, 0xed, 0x40,
    0x0, 0x0, 0x0, 0x0, 0x95, 0x0,

    /* U+1EDA "Ớ" */
    0x0, 0x0, 0x10, 0x0, 0x0, 0x48, 0x22, 0x0,
    0x2, 0x5, 0x60, 0x2c, 0xef, 0xd1, 0xd, 0x40,
    0x1c, 0x55, 0x90, 0x0, 0x3b, 0x86, 0x0, 0x0,
    0xe8, 0x60, 0x0, 0xe, 0x59, 0x0, 0x3, 0xb0,
    0xd4, 0x1, 0xc5, 0x2, 0xce, 0xd6, 0x0,

    /* U+1EDB "ớ" */
    0x0, 0x2a, 0x31, 0x0, 0x31, 0x84, 0x8, 0xef,
    0xd0, 0x4b, 0x1, 0xe0, 0x85, 0x0, 0xa3, 0x85,
    0x0, 0xa3, 0x4b, 0x1, 0xd0, 0x8, 0xed, 0x40,

    /* U+1EDC "Ờ" */
    0x0, 0x0, 0x0, 0x0, 0x2, 0xa0, 0x22, 0x0,
    0x3, 0x5, 0x60, 0x2c, 0xef, 0xd1, 0xd, 0x40,
    0x1c, 0x55, 0x90, 0x0, 0x3b, 0x86, 0x0, 0x0,
    0xe8, 0x60, 0x0, 0xe, 0x59, 0x0, 0x3, 0xb0,
    0xd4, 0x1, 0xc5, 0x2, 0xce, 0xd6, 0x0,

    /* U+1EDD "ờ" */
    0x2, 0xb0, 0x31, 0x0, 0x40, 0x84, 0x8, 0xef,
    0xd0, 0x4b, 0x1, 0xe0, 0x85, 0x0, 0xa3, 0x85,
    0x0, 0xa3, 0x4b, 0x1, 0xd0, 0x8, 0xed, 0x40,

    /* U+1EDE "Ở" */
    0x0, 0xa, 0x30, 0x0, 0x0, 0x44, 0x45, 0x0,
    0x0, 0x5, 0x60, 0x2c, 0xef, 0xe0, 0xd, 0x40,
    0x1c, 0x55, 0x90, 0x0, 0x3b, 0x86, 0x0, 0x0,
    0xe8, 0x60, 0x0, 0xe, 0x59, 0x0, 0x3, 0xb0,
    0xd4, 0x1, 0xc5, 0x2, 0xce, 0xd6, 0x0,

    /* U+1EDF "ở" */
    0x0, 0xa4, 0x0, 0x0, 0x36, 0x72, 0x0, 0x0,
    0x83, 0x8, 0xef, 0xd0, 0x4b, 0x1, 0xe0, 0x85,
    0x0, 0xa3, 0x85, 0x0, 0xa3, 0x4b, 0x1, 0xd0,
    0x8, 0xed, 0x40,

    /* U+1EE0 "Ỡ" */
    0x0, 0x69, 0x95, 0x50, 0x0, 0x0, 0x56, 0x2,
    0xce, 0xfe, 0x0, 0xd4, 0x1, 0xc5, 0x59, 0x0,
    0x3, 0xb8, 0x60, 0x0, 0xe, 0x86, 0x0, 0x0,
    0xe5, 0x90, 0x0, 0x3b, 0xd, 0x40, 0x1c, 0x50,
    0x2c, 0xed, 0x60,

    /* U+1EE1 "ỡ" */
    0x6, 0xaa, 0x82, 0x0, 0x0, 0x83, 0x8, 0xef,
    0xd0, 0x4b, 0x1, 0xe0, 0x85, 0x0, 0xa3, 0x85,
    0x0, 0xa3, 0x4b, 0x1, 0xd0, 0x8, 0xed, 0x40,

    /* U+1EE2 "Ợ" */
    0x0, 0x0, 0x5, 0x60, 0x2c, 0xef, 0xe1, 0xd,
    0x40, 0x1c, 0x55, 0x90, 0x0, 0x3b, 0x86, 0x0,
    0x0, 0xe8, 0x60, 0x0, 0xe, 0x59, 0x0, 0x3,
    0xb0, 0xd4, 0x1, 0xc5, 0x2, 0xce, 0xd6, 0x0,
    0x0, 0x0, 0x0, 0x0, 0xc, 0x20, 0x0,

    /* U+1EE3 "ợ" */
    0x0, 0x0, 0x83, 0x8, 0xef, 0xe1, 0x4b, 0x1,
    0xe0, 0x85, 0x0, 0xa3, 0x85, 0x0, 0xa3, 0x4b,
    0x1, 0xd0, 0x8, 0xed, 0x40, 0x0, 0x0, 0x0,
    0x0, 0x95, 0x0,

    /* U+1EE4 "Ụ" */
    0x3a, 0x0, 0xb, 0x23, 0xa0, 0x0, 0xb2, 0x3a,
    0x0, 0xb, 0x23, 0xa0, 0x0, 0xb2, 0x3a, 0x0,
    0xb, 0x23, 0xa0, 0x0, 0xc1, 0xd, 0x30, 0x4d,
    0x0, 0x3d, 0xec, 0x20, 0x0, 0x0, 0x0, 0x0,
    0x0, 0xe0, 0x0,

    /* U+1EE5 "ụ" */
    0x3a, 0x0, 0xd3, 0xa0, 0xd, 0x3a, 0x0, 0xd3,
    0xa0, 0xd, 0x1c, 0x2, 0xf0, 0x8d, 0xac, 0x0,
    0x0, 0x0, 0x9, 0x40,

    /* U+1EE6 "Ủ" */
    0x0, 0x3a, 0x10, 0x0, 0x0, 0x81, 0x0, 0x0,
    0x0, 0x0, 0x3, 0xa0, 0x0, 0xb2, 0x3a, 0x0,
    0xb, 0x23, 0xa0, 0x0, 0xb2, 0x3a, 0x0, 0xb,
    0x23, 0xa0, 0x0, 0xb2, 0x3a, 0x0, 0xc, 0x10,
    0xd3, 0x4, 0xd0, 0x3, 0xde, 0xc2, 0x0,

    /* U+1EE7 "ủ" */
    0x0, 0x95, 0x0, 0x2, 0x70, 0x0, 0x0, 0x3,
    0xa0, 0xd, 0x3a, 0x0, 0xd3, 0xa0, 0xd, 0x3a,
    0x0, 0xd1, 0xc0, 0x2f, 0x8, 0xda, 0xc0,

    /* U+1EE8 "Ứ" */
    0x0, 0x0, 0x10, 0x0, 0x0, 0x8, 0x40, 0x50,
    0x0, 0x3, 0x0, 0xb0, 0x3a, 0x0, 0xf, 0x70,
    0x3a, 0x0, 0xb, 0x20, 0x3a, 0x0, 0xb, 0x20,
    0x3a, 0x0, 0xb, 0x20, 0x3a, 0x0, 0xb, 0x20,
    0x3a, 0x0, 0xc, 0x10, 0xd, 0x30, 0x4d, 0x0,
    0x3, 0xde, 0xc2, 0x0,

    /* U+1EE9 "ứ" */
    0x0, 0x2b, 0x4, 0x0, 0x21, 0xc, 0x3a, 0x0,
    0xf3, 0x3a, 0x0, 0xd0, 0x3a, 0x0, 0xd0, 0x3a,
    0x0, 0xd0, 0x1c, 0x2, 0xf0, 0x8, 0xda, 0xc0,

    /* U+1EEA "Ừ" */
    0x0, 0x10, 0x0, 0x0, 0x0, 0x57, 0x0, 0x50,
    0x0, 0x3, 0x0, 0xb0, 0x3a, 0x0, 0xf, 0x70,
    0x3a, 0x0, 0xb, 0x20, 0x3a, 0x0, 0xb, 0x20,
    0x3a, 0x0, 0xb, 0x20, 0x3a, 0x0, 0xb, 0x20,
    0x3a, 0x0, 0xc, 0x10, 0xd, 0x30, 0x4d, 0x0,
    0x3, 0xde, 0xc2, 0x0,

    /* U+1EEB "ừ" */
    0x1, 0xb0, 0x4, 0x0, 0x30, 0xc, 0x3a, 0x0,
    0xf3, 0x3a, 0x0, 0xd0, 0x3a, 0x0, 0xd0, 0x3a,
    0x0, 0xd0, 0x1c, 0x2, 0xf0, 0x8, 0xda, 0xc0,

    /* U+1EEC "Ử" */
    0x0, 0x3a, 0x10, 0x0, 0x0, 0x8, 0x10, 0x90,
    0x0, 0x0, 0x0, 0xb0, 0x3a, 0x0, 0xf, 0x70,
    0x3a, 0x0, 0xb, 0x20, 0x3a, 0x0, 0xb, 0x20,
    0x3a, 0x0, 0xb, 0x20, 0x3a, 0x0, 0xb, 0x20,
    0x3a, 0x0, 0xc, 0x10, 0xd, 0x30, 0x4d, 0x0,
    0x3, 0xde, 0xc2, 0x0,

    /* U+1EED "ử" */
    0x0, 0x95, 0x0, 0x0, 0x27, 0xa, 0x0, 0x0,
    0xb, 0x3a, 0x0, 0xf3, 0x3a, 0x0, 0xd0, 0x3a,
    0x0, 0xd0, 0x3a, 0x0, 0xd0, 0x1c, 0x2, 0xf0,
    0x8, 0xda, 0xc0,

    /* U+1EEE "Ữ" */
    0x0, 0x8a, 0x70, 0x90, 0x0, 0x0, 0x0, 0xb0,
    0x3a, 0x0, 0xf, 0x70, 0x3a, 0x0, 0xb, 0x20,
    0x3a, 0x0, 0xb, 0x20, 0x3a, 0x0, 0xb, 0x20,
    0x3a, 0x0, 0xb, 0x20, 0x3a, 0x0, 0xc, 0x10,
    0xd, 0x30, 0x4d, 0x0, 0x3, 0xde, 0xc2, 0x0,

    /* U+1EEF "ữ" */
    0x5, 0xaa, 0x29, 0x0, 0x0, 0xc, 0x3a, 0x0,
    0xf3, 0x3a, 0x0, 0xd0, 0x3a, 0x0, 0xd0, 0x3a,
    0x0, 0xd0, 0x1c, 0x2, 0xf0, 0x8, 0xda, 0xc0,

    /* U+1EF0 "Ự" */
    0x0, 0x0, 0x0, 0xb0, 0x3a, 0x0, 0xf, 0x80,
    0x3a, 0x0, 0xb, 0x20, 0x3a, 0x0, 0xb, 0x20,
    0x3a, 0x0, 0xb, 0x20, 0x3a, 0x0, 0xb, 0x20,
    0x3a, 0x0, 0xc, 0x10, 0xd, 0x30, 0x4d, 0x0,
    0x3, 0xde, 0xc2, 0x0, 0x0, 0x0, 0x0, 0x0,
    0x0, 0xe, 0x0, 0x0,

    /* U+1EF1 "ự" */
    0x0, 0x0, 0xc, 0x3a, 0x0, 0xf4, 0x3a, 0x0,
    0xd0, 0x3a, 0x0, 0xd0, 0x3a, 0x0, 0xd0, 0x1c,
    0x2, 0xf0, 0x8, 0xda, 0xc0, 0x0, 0x0, 0x0,
    0x0, 0x94, 0x0,

    /* U+1EF2 "Ỳ" */
    0x0, 0x1, 0x0, 0x0, 0x0, 0xc0, 0x0, 0x0,
    0x2, 0x0, 0x0, 0xc3, 0x0, 0x78, 0x4, 0xb0,
    0xd, 0x10, 0xb, 0x37, 0x70, 0x0, 0x3c, 0xd0,
    0x0, 0x0, 0xb7, 0x0, 0x0, 0x8, 0x50, 0x0,
    0x0, 0x85, 0x0, 0x0, 0x8, 0x50, 0x0,

    /* U+1EF3 "ỳ" */
    0x3, 0xa0, 0x0, 0x0, 0x40, 0x0, 0x94, 0x0,
    0xd0, 0x49, 0x3, 0xb0, 0xd, 0x8, 0x60, 0xa,
    0x3c, 0x10, 0x5, 0xac, 0x0, 0x0, 0xf7, 0x0,
    0x0, 0xb2, 0x0, 0xc, 0xa0, 0x0,

    /* U+1EF4 "Ỵ" */
    0xc, 0x30, 0x7, 0x80, 0x4b, 0x0, 0xd1, 0x0,
    0xb3, 0x77, 0x0, 0x3, 0xcd, 0x0, 0x0, 0xb,
    0x70, 0x0, 0x0, 0x85, 0x0, 0x0, 0x8, 0x50,
    0x0, 0x0, 0x85, 0x0, 0x0, 0x0, 0x0, 0x0,
    0x0, 0x95, 0x0,

    /* U+1EF5 "ỵ" */
    0x94, 0x0, 0xd0, 0x49, 0x3, 0xb0, 0xd, 0x8,
    0x60, 0xa, 0x3c, 0x10, 0x5, 0xac, 0x0, 0x0,
    0xf7, 0x0, 0x0, 0xb2, 0x0, 0xc, 0xa8, 0x60,

    /* U+1EF6 "Ỷ" */
    0x0, 0x8, 0x50, 0x0, 0x0, 0x18, 0x0, 0x0,
    0x0, 0x0, 0x0, 0xc3, 0x0, 0x78, 0x4, 0xb0,
    0xd, 0x10, 0xb, 0x37, 0x70, 0x0, 0x3c, 0xd0,
    0x0, 0x0, 0xb7, 0x0, 0x0, 0x8, 0x50, 0x0,
    0x0, 0x85, 0x0, 0x0, 0x8, 0x50, 0x0,

    /* U+1EF7 "ỷ" */
    0x0, 0xa3, 0x0, 0x0, 0x45, 0x0, 0x94, 0x0,
    0xd0, 0x49, 0x3, 0xb0, 0xd, 0x8, 0x60, 0xa,
    0x3c, 0x10, 0x5, 0xac, 0x0, 0x0, 0xf7, 0x0,
    0x0, 0xb2, 0x0, 0xc, 0xa0, 0x0,

    /* U+1EF8 "Ỹ" */
    0x0, 0x49, 0x92, 0x0, 0x0, 0x0, 0x0, 0xc,
    0x30, 0x7, 0x80, 0x4b, 0x0, 0xd1, 0x0, 0xb3,
    0x77, 0x0, 0x3, 0xcd, 0x0, 0x0, 0xb, 0x70,
    0x0, 0x0, 0x85, 0x0, 0x0, 0x8, 0x50, 0x0,
    0x0, 0x85, 0x0,

    /* U+1EF9 "ỹ" */
    0x7, 0x85, 0x30, 0x6, 0x39, 0x0, 0x94, 0x0,
    0xd0, 0x49, 0x3, 0xb0, 0xd, 0x8, 0x60, 0xa,
    0x3c, 0x10, 0x5, 0xac, 0x0, 0x0, 0xf7, 0x0,
    0x0, 0xb2, 0x0, 0xc, 0xa0, 0x0,

    /* U+2013 "–" */
    0x7d, 0xdd, 0xd6,

    /* U+2014 "—" */
    0x7d, 0xdd, 0xdd, 0xdd, 0x80,

    /* U+2015 "―" */
    0x7a, 0xaa, 0xa4,

    /* U+2016 "‖" */
    0x1b, 0x65, 0x1b, 0x65, 0x1b, 0x65, 0x1b, 0x65,
    0x1b, 0x65, 0x1b, 0x65, 0x1b, 0x65, 0x5, 0x32,

    /* U+2017 "‗" */
    0x7, 0x77, 0x77, 0x0, 0x77, 0x77, 0x70,

    /* U+2018 "‘" */
    0x16, 0x63, 0x89, 0x12,

    /* U+2019 "’" */
    0x89, 0x46, 0x41,

    /* U+201A "‚" */
    0x22, 0x98, 0x26, 0x61,

    /* U+201B "‛" */
    0x58, 0x35, 0x0,

    /* U+201C "“" */
    0x16, 0x71, 0x63, 0x90, 0x89, 0xe3, 0x12, 0x30,

    /* U+201D "”" */
    0x89, 0xe3, 0x46, 0x91, 0x41, 0x60,

    /* U+201E "„" */
    0x22, 0x30, 0x98, 0xe3, 0x26, 0x80, 0x61, 0x80,

    /* U+201F "‟" */
    0x86, 0xe6, 0x28, 0x0, 0x0,

    /* U+2020 "†" */
    0x0, 0x75, 0x0, 0x7, 0x50, 0x1d, 0xff, 0xc0,
    0x7, 0x50, 0x0, 0x75, 0x0, 0x7, 0x50, 0x0,
    0x75, 0x0, 0x7, 0x50,

    /* U+2021 "‡" */
    0x0, 0x75, 0x0, 0x7, 0x50, 0x1d, 0xff, 0xc0,
    0x7, 0x50, 0x0, 0x75, 0x1, 0xdf, 0xfc, 0x0,
    0x75, 0x0, 0x7, 0x50,

    /* U+2022 "•" */
    0x5, 0x17, 0xf9, 0x4e, 0x60,

    /* U+2023 "‣" */
    0x43, 0x0, 0x7f, 0xa0, 0x79, 0x10, 0x0, 0x0,

    /* U+2024 "․" */
    0x1d,

    /* U+2025 "‥" */
    0x1d, 0x4, 0xa0,

    /* U+2026 "…" */
    0x22, 0x21, 0x31, 0x99, 0xb6, 0xd4,

    /* U+203A "›" */
    0x24, 0x0, 0xc3, 0x2, 0xc0, 0x6a, 0x3c, 0x0,

    /* U+2713 "✓" */
    0x0, 0x0, 0x0, 0x0, 0x0, 0x0, 0x7, 0xb0,
    0x0, 0x0, 0x4d, 0x10, 0x0, 0x0, 0xe3, 0x0,
    0x0, 0x9, 0x90, 0x0, 0x55, 0x1e, 0x10, 0x0,
    0x7f, 0xc8, 0x0, 0x0, 0xb, 0xf1, 0x0, 0x0,
    0x0, 0x0, 0x0, 0x0,

    /* U+2717 "✗" */
    0x2, 0x10, 0x0, 0x6, 0xb0, 0x96, 0x3, 0xfb,
    0xb0, 0x0, 0xef, 0x10, 0x4, 0xfc, 0x0, 0x3f,
    0xcf, 0x10, 0xd8, 0xa, 0x80, 0x30, 0x0, 0x0
};


/*---------------------
 *  GLYPH DESCRIPTION
 *--------------------*/

static const lv_font_fmt_txt_glyph_dsc_t glyph_dsc[] = {
    {.bitmap_index = 0, .adv_w = 0, .box_w = 0, .box_h = 0, .ofs_x = 0, .ofs_y = 0} /* id = 0 reserved */,
    {.bitmap_index = 0, .adv_w = 40, .box_w = 0, .box_h = 0, .ofs_x = 0, .ofs_y = 0},
    {.bitmap_index = 0, .adv_w = 34, .box_w = 2, .box_h = 8, .ofs_x = 0, .ofs_y = 0},
    {.bitmap_index = 8, .adv_w = 55, .box_w = 4, .box_h = 3, .ofs_x = 0, .ofs_y = 5},
    {.bitmap_index = 14, .adv_w = 76, .box_w = 6, .box_h = 8, .ofs_x = -1, .ofs_y = 0},
    {.bitmap_index = 38, .adv_w = 101, .box_w = 6, .box_h = 10, .ofs_x = 0, .ofs_y = -1},
    {.bitmap_index = 68, .adv_w = 128, .box_w = 8, .box_h = 8, .ofs_x = 0, .ofs_y = 0},
    {.bitmap_index = 100, .adv_w = 99, .box_w = 6, .box_h = 8, .ofs_x = 0, .ofs_y = 0},
    {.bitmap_index = 124, .adv_w = 28, .box_w = 2, .box_h = 3, .ofs_x = 0, .ofs_y = 5},
    {.bitmap_index = 127, .adv_w = 44, .box_w = 3, .box_h = 10, .ofs_x = 0, .ofs_y = -1},
    {.bitmap_index = 142, .adv_w = 44, .box_w = 3, .box_h = 10, .ofs_x = 0, .ofs_y = -1},
    {.bitmap_index = 157, .adv_w = 69, .box_w = 4, .box_h = 5, .ofs_x = 0, .ofs_y = 4},
    {.bitmap_index = 167, .adv_w = 89, .box_w = 6, .box_h = 6, .ofs_x = 0, .ofs_y = 0},
    {.bitmap_index = 185, .adv_w = 32, .box_w = 2, .box_h = 4, .ofs_x = 0, .ofs_y = -2},
    {.bitmap_index = 189, .adv_w = 67, .box_w = 4, .box_h = 1, .ofs_x = 0, .ofs_y = 3},
    {.bitmap_index = 191, .adv_w = 32, .box_w = 2, .box_h = 2, .ofs_x = 0, .ofs_y = 0},
    {.bitmap_index = 193, .adv_w = 77, .box_w = 5, .box_h = 10, .ofs_x = 0, .ofs_y = -1},
    {.bitmap_index = 218, .adv_w = 106, .box_w = 7, .box_h = 8, .ofs_x = 0, .ofs_y = 0},
    {.bitmap_index = 246, .adv_w = 61, .box_w = 3, .box_h = 8, .ofs_x = 0, .ofs_y = 0},
    {.bitmap_index = 258, .adv_w = 99, .box_w = 6, .box_h = 8, .ofs_x = 0, .ofs_y = 0},
    {.bitmap_index = 282, .adv_w = 98, .box_w = 6, .box_h = 8, .ofs_x = 0, .ofs_y = 0},
    {.bitmap_index = 306, .adv_w = 98, .box_w = 6, .box_h = 8, .ofs_x = 0, .ofs_y = 0},
    {.bitmap_index = 330, .adv_w = 100, .box_w = 6, .box_h = 8, .ofs_x = 0, .ofs_y = 0},
    {.bitmap_index = 354, .adv_w = 95, .box_w = 6, .box_h = 8, .ofs_x = 0, .ofs_y = 0},
    {.bitmap_index = 378, .adv_w = 84, .box_w = 6, .box_h = 8, .ofs_x = 0, .ofs_y = 0},
    {.bitmap_index = 402, .adv_w = 97, .box_w = 6, .box_h = 8, .ofs_x = 0, .ofs_y = 0},
    {.bitmap_index = 426, .adv_w = 95, .box_w = 6, .box_h = 8, .ofs_x = 0, .ofs_y = 0},
    {.bitmap_index = 450, .adv_w = 48, .box_w = 3, .box_h = 6, .ofs_x = 0, .ofs_y = 0},
    {.bitmap_index = 459, .adv_w = 48, .box_w = 3, .box_h = 8, .ofs_x = 0, .ofs_y = -2},
    {.bitmap_index = 471, .adv_w = 87, .box_w = 5, .box_h = 7, .ofs_x = 0, .ofs_y = 0},
    {.bitmap_index = 489, .adv_w = 86, .box_w = 5, .box_h = 3, .ofs_x = 0, .ofs_y = 2},
    {.bitmap_index = 497, .adv_w = 87, .box_w = 6, .box_h = 7, .ofs_x = 0, .ofs_y = 0},
    {.bitmap_index = 518, .adv_w = 89, .box_w = 6, .box_h = 8, .ofs_x = 0, .ofs_y = 0},
    {.bitmap_index = 542, .adv_w = 145, .box_w = 9, .box_h = 9, .ofs_x = 0, .ofs_y = -1},
    {.bitmap_index = 583, .adv_w = 107, .box_w = 7, .box_h = 8, .ofs_x = 0, .ofs_y = 0},
    {.bitmap_index = 611, .adv_w = 109, .box_w = 7, .box_h = 8, .ofs_x = 0, .ofs_y = 0},
    {.bitmap_index = 639, .adv_w = 112, .box_w = 7, .box_h = 8, .ofs_x = 0, .ofs_y = 0},
    {.bitmap_index = 667, .adv_w = 111, .box_w = 7, .box_h = 8, .ofs_x = 0, .ofs_y = 0},
    {.bitmap_index = 695, .adv_w = 96, .box_w = 6, .box_h = 8, .ofs_x = 0, .ofs_y = 0},
    {.bitmap_index = 719, .adv_w = 94, .box_w = 6, .box_h = 8, .ofs_x = 0, .ofs_y = 0},
    {.bitmap_index = 743, .adv_w = 112, .box_w = 7, .box_h = 8, .ofs_x = 0, .ofs_y = 0},
    {.bitmap_index = 771, .adv_w = 114, .box_w = 7, .box_h = 8, .ofs_x = 0, .ofs_y = 0},
    {.bitmap_index = 799, .adv_w = 43, .box_w = 2, .box_h = 8, .ofs_x = 0, .ofs_y = 0},
    {.bitmap_index = 807, .adv_w = 96, .box_w = 6, .box_h = 8, .ofs_x = 0, .ofs_y = 0},
    {.bitmap_index = 831, .adv_w = 102, .box_w = 7, .box_h = 8, .ofs_x = 0, .ofs_y = 0},
    {.bitmap_index = 859, .adv_w = 93, .box_w = 6, .box_h = 8, .ofs_x = 0, .ofs_y = 0},
    {.bitmap_index = 883, .adv_w = 140, .box_w = 8, .box_h = 8, .ofs_x = 0, .ofs_y = 0},
    {.bitmap_index = 915, .adv_w = 119, .box_w = 7, .box_h = 8, .ofs_x = 0, .ofs_y = 0},
    {.bitmap_index = 943, .adv_w = 118, .box_w = 7, .box_h = 8, .ofs_x = 0, .ofs_y = 0},
    {.bitmap_index = 971, .adv_w = 104, .box_w = 6, .box_h = 8, .ofs_x = 0, .ofs_y = 0},
    {.bitmap_index = 995, .adv_w = 117, .box_w = 7, .box_h = 9, .ofs_x = 0, .ofs_y = -1},
    {.bitmap_index = 1027, .adv_w = 108, .box_w = 7, .box_h = 8, .ofs_x = 0, .ofs_y = 0},
    {.bitmap_index = 1055, .adv_w = 102, .box_w = 6, .box_h = 8, .ofs_x = 0, .ofs_y = 0},
    {.bitmap_index = 1079, .adv_w = 88, .box_w = 6, .box_h = 8, .ofs_x = 0, .ofs_y = 0},
    {.bitmap_index = 1103, .adv_w = 110, .box_w = 7, .box_h = 8, .ofs_x = 0, .ofs_y = 0},
    {.bitmap_index = 1131, .adv_w = 107, .box_w = 7, .box_h = 8, .ofs_x = 0, .ofs_y = 0},
    {.bitmap_index = 1159, .adv_w = 151, .box_w = 10, .box_h = 8, .ofs_x = 0, .ofs_y = 0},
    {.bitmap_index = 1199, .adv_w = 97, .box_w = 6, .box_h = 8, .ofs_x = 0, .ofs_y = 0},
    {.bitmap_index = 1223, .adv_w = 92, .box_w = 7, .box_h = 8, .ofs_x = -1, .ofs_y = 0},
    {.bitmap_index = 1251, .adv_w = 87, .box_w = 6, .box_h = 8, .ofs_x = 0, .ofs_y = 0},
    {.bitmap_index = 1275, .adv_w = 56, .box_w = 4, .box_h = 10, .ofs_x = 0, .ofs_y = -1},
    {.bitmap_index = 1295, .adv_w = 73, .box_w = 5, .box_h = 10, .ofs_x = 0, .ofs_y = -1},
    {.bitmap_index = 1320, .adv_w = 56, .box_w = 3, .box_h = 10, .ofs_x = 0, .ofs_y = -1},
    {.bitmap_index = 1335, .adv_w = 68, .box_w = 4, .box_h = 3, .ofs_x = 0, .ofs_y = 4},
    {.bitmap_index = 1341, .adv_w = 89, .box_w = 6, .box_h = 1, .ofs_x = 0, .ofs_y = -1},
    {.bitmap_index = 1344, .adv_w = 40, .box_w = 3, .box_h = 3, .ofs_x = 0, .ofs_y = 6},
    {.bitmap_index = 1349, .adv_w = 88, .box_w = 6, .box_h = 6, .ofs_x = 0, .ofs_y = 0},
    {.bitmap_index = 1367, .adv_w = 95, .box_w = 6, .box_h = 8, .ofs_x = 0, .ofs_y = 0},
    {.bitmap_index = 1391, .adv_w = 87, .box_w = 6, .box_h = 6, .ofs_x = 0, .ofs_y = 0},
    {.bitmap_index = 1409, .adv_w = 95, .box_w = 6, .box_h = 8, .ofs_x = 0, .ofs_y = 0},
    {.bitmap_index = 1433, .adv_w = 90, .box_w = 6, .box_h = 6, .ofs_x = 0, .ofs_y = 0},
    {.bitmap_index = 1451, .adv_w = 63, .box_w = 4, .box_h = 8, .ofs_x = 0, .ofs_y = 0},
    {.bitmap_index = 1467, .adv_w = 95, .box_w = 6, .box_h = 8, .ofs_x = 0, .ofs_y = -2},
    {.bitmap_index = 1491, .adv_w = 93, .box_w = 6, .box_h = 8, .ofs_x = 0, .ofs_y = 0},
    {.bitmap_index = 1515, .adv_w = 39, .box_w = 2, .box_h = 8, .ofs_x = 0, .ofs_y = 0},
    {.bitmap_index = 1523, .adv_w = 42, .box_w = 3, .box_h = 10, .ofs_x = -1, .ofs_y = -2},
    {.bitmap_index = 1538, .adv_w = 94, .box_w = 6, .box_h = 8, .ofs_x = 0, .ofs_y = 0},
    {.bitmap_index = 1562, .adv_w = 43, .box_w = 3, .box_h = 8, .ofs_x = 0, .ofs_y = 0},
    {.bitmap_index = 1574, .adv_w = 140, .box_w = 8, .box_h = 6, .ofs_x = 0, .ofs_y = 0},
    {.bitmap_index = 1598, .adv_w = 93, .box_w = 6, .box_h = 6, .ofs_x = 0, .ofs_y = 0},
    {.bitmap_index = 1616, .adv_w = 92, .box_w = 6, .box_h = 6, .ofs_x = 0, .ofs_y = 0},
    {.bitmap_index = 1634, .adv_w = 95, .box_w = 6, .box_h = 8, .ofs_x = 0, .ofs_y = -2},
    {.bitmap_index = 1658, .adv_w = 95, .box_w = 6, .box_h = 8, .ofs_x = 0, .ofs_y = -2},
    {.bitmap_index = 1682, .adv_w = 61, .box_w = 4, .box_h = 6, .ofs_x = 0, .ofs_y = 0},
    {.bitmap_index = 1694, .adv_w = 83, .box_w = 5, .box_h = 6, .ofs_x = 0, .ofs_y = 0},
    {.bitmap_index = 1709, .adv_w = 63, .box_w = 4, .box_h = 7, .ofs_x = 0, .ofs_y = 0},
    {.bitmap_index = 1723, .adv_w = 92, .box_w = 5, .box_h = 6, .ofs_x = 0, .ofs_y = 0},
    {.bitmap_index = 1738, .adv_w = 86, .box_w = 6, .box_h = 6, .ofs_x = 0, .ofs_y = 0},
    {.bitmap_index = 1756, .adv_w = 131, .box_w = 8, .box_h = 6, .ofs_x = 0, .ofs_y = 0},
    {.bitmap_index = 1780, .adv_w = 94, .box_w = 6, .box_h = 6, .ofs_x = 0, .ofs_y = 0},
    {.bitmap_index = 1798, .adv_w = 86, .box_w = 6, .box_h = 8, .ofs_x = 0, .ofs_y = -2},
    {.bitmap_index = 1822, .adv_w = 86, .box_w = 5, .box_h = 6, .ofs_x = 0, .ofs_y = 0},
    {.bitmap_index = 1837, .adv_w = 62, .box_w = 4, .box_h = 10, .ofs_x = 0, .ofs_y = -1},
    {.bitmap_index = 1857, .adv_w = 42, .box_w = 2, .box_h = 10, .ofs_x = 0, .ofs_y = -1},
    {.bitmap_index = 1867, .adv_w = 62, .box_w = 4, .box_h = 10, .ofs_x = 0, .ofs_y = -1},
    {.bitmap_index = 1887, .adv_w = 84, .box_w = 5, .box_h = 2, .ofs_x = 0, .ofs_y = 3},
    {.bitmap_index = 1892, .adv_w = 40, .box_w = 0, .box_h = 0, .ofs_x = 0, .ofs_y = 0},
    {.bitmap_index = 1892, .adv_w = 34, .box_w = 2, .box_h = 8, .ofs_x = 0, .ofs_y = -2},
    {.bitmap_index = 1900, .adv_w = 87, .box_w = 6, .box_h = 8, .ofs_x = 0, .ofs_y = 0},
    {.bitmap_index = 1924, .adv_w = 98, .box_w = 6, .box_h = 8, .ofs_x = 0, .ofs_y = 0},
    {.bitmap_index = 1948, .adv_w = 100, .box_w = 6, .box_h = 7, .ofs_x = 0, .ofs_y = 0},
    {.bitmap_index = 1969, .adv_w = 92, .box_w = 7, .box_h = 8, .ofs_x = -1, .ofs_y = 0},
    {.bitmap_index = 1997, .adv_w = 42, .box_w = 2, .box_h = 10, .ofs_x = 0, .ofs_y = -1},
    {.bitmap_index = 2007, .adv_w = 88, .box_w = 5, .box_h = 9, .ofs_x = 0, .ofs_y = -1},
    {.bitmap_index = 2030, .adv_w = 56, .box_w = 4, .box_h = 2, .ofs_x = 0, .ofs_y = 6},
    {.bitmap_index = 2034, .adv_w = 132, .box_w = 8, .box_h = 8, .ofs_x = 0, .ofs_y = 0},
    {.bitmap_index = 2066, .adv_w = 64, .box_w = 4, .box_h = 4, .ofs_x = 0, .ofs_y = 3},
    {.bitmap_index = 2074, .adv_w = 85, .box_w = 5, .box_h = 5, .ofs_x = 0, .ofs_y = 1},
    {.bitmap_index = 2087, .adv_w = 80, .box_w = 5, .box_h = 3, .ofs_x = 0, .ofs_y = 1},
    {.bitmap_index = 2095, .adv_w = 53, .box_w = 4, .box_h = 1, .ofs_x = 0, .ofs_y = 2},
    {.bitmap_index = 2097, .adv_w = 102, .box_w = 6, .box_h = 6, .ofs_x = 0, .ofs_y = 2},
    {.bitmap_index = 2115, .adv_w = 57, .box_w = 4, .box_h = 1, .ofs_x = 0, .ofs_y = 7},
    {.bitmap_index = 2117, .adv_w = 65, .box_w = 4, .box_h = 4, .ofs_x = 0, .ofs_y = 4},
    {.bitmap_index = 2125, .adv_w = 86, .box_w = 5, .box_h = 6, .ofs_x = 0, .ofs_y = 0},
    {.bitmap_index = 2140, .adv_w = 56, .box_w = 4, .box_h = 4, .ofs_x = 0, .ofs_y = 3},
    {.bitmap_index = 2148, .adv_w = 53, .box_w = 4, .box_h = 4, .ofs_x = 0, .ofs_y = 3},
    {.bitmap_index = 2156, .adv_w = 40, .box_w = 3, .box_h = 3, .ofs_x = 0, .ofs_y = 6},
    {.bitmap_index = 2161, .adv_w = 92, .box_w = 5, .box_h = 7, .ofs_x = 0, .ofs_y = -1},
    {.bitmap_index = 2179, .adv_w = 95, .box_w = 6, .box_h = 8, .ofs_x = 0, .ofs_y = 0},
    {.bitmap_index = 2203, .adv_w = 32, .box_w = 2, .box_h = 3, .ofs_x = 0, .ofs_y = 2},
    {.bitmap_index = 2206, .adv_w = 51, .box_w = 3, .box_h = 3, .ofs_x = 0, .ofs_y = -3},
    {.bitmap_index = 2211, .adv_w = 39, .box_w = 2, .box_h = 4, .ofs_x = 0, .ofs_y = 3},
    {.bitmap_index = 2215, .adv_w = 67, .box_w = 4, .box_h = 4, .ofs_x = 0, .ofs_y = 3},
    {.bitmap_index = 2223, .adv_w = 86, .box_w = 5, .box_h = 5, .ofs_x = 0, .ofs_y = 1},
    {.bitmap_index = 2236, .adv_w = 117, .box_w = 8, .box_h = 8, .ofs_x = 0, .ofs_y = 0},
    {.bitmap_index = 2268, .adv_w = 128, .box_w = 8, .box_h = 9, .ofs_x = 0, .ofs_y = 0},
    {.bitmap_index = 2304, .adv_w = 125, .box_w = 8, .box_h = 8, .ofs_x = 0, .ofs_y = 0},
    {.bitmap_index = 2336, .adv_w = 89, .box_w = 6, .box_h = 9, .ofs_x = 0, .ofs_y = -2},
    {.bitmap_index = 2363, .adv_w = 107, .box_w = 7, .box_h = 11, .ofs_x = 0, .ofs_y = 0},
    {.bitmap_index = 2402, .adv_w = 107, .box_w = 7, .box_h = 11, .ofs_x = 0, .ofs_y = 0},
    {.bitmap_index = 2441, .adv_w = 107, .box_w = 7, .box_h = 10, .ofs_x = 0, .ofs_y = 0},
    {.bitmap_index = 2476, .adv_w = 107, .box_w = 7, .box_h = 10, .ofs_x = 0, .ofs_y = 0},
    {.bitmap_index = 2511, .adv_w = 107, .box_w = 7, .box_h = 10, .ofs_x = 0, .ofs_y = 0},
    {.bitmap_index = 2546, .adv_w = 107, .box_w = 7, .box_h = 11, .ofs_x = 0, .ofs_y = 0},
    {.bitmap_index = 2585, .adv_w = 156, .box_w = 10, .box_h = 8, .ofs_x = 0, .ofs_y = 0},
    {.bitmap_index = 2625, .adv_w = 112, .box_w = 7, .box_h = 10, .ofs_x = 0, .ofs_y = -2},
    {.bitmap_index = 2660, .adv_w = 96, .box_w = 6, .box_h = 11, .ofs_x = 0, .ofs_y = 0},
    {.bitmap_index = 2693, .adv_w = 96, .box_w = 6, .box_h = 11, .ofs_x = 0, .ofs_y = 0},
    {.bitmap_index = 2726, .adv_w = 96, .box_w = 6, .box_h = 10, .ofs_x = 0, .ofs_y = 0},
    {.bitmap_index = 2756, .adv_w = 96, .box_w = 6, .box_h = 10, .ofs_x = 0, .ofs_y = 0},
    {.bitmap_index = 2786, .adv_w = 43, .box_w = 2, .box_h = 11, .ofs_x = 0, .ofs_y = 0},
    {.bitmap_index = 2797, .adv_w = 43, .box_w = 3, .box_h = 11, .ofs_x = 0, .ofs_y = 0},
    {.bitmap_index = 2814, .adv_w = 43, .box_w = 4, .box_h = 10, .ofs_x = -1, .ofs_y = 0},
    {.bitmap_index = 2834, .adv_w = 43, .box_w = 3, .box_h = 10, .ofs_x = 0, .ofs_y = 0},
    {.bitmap_index = 2849, .adv_w = 111, .box_w = 7, .box_h = 8, .ofs_x = 0, .ofs_y = 0},
    {.bitmap_index = 2877, .adv_w = 119, .box_w = 7, .box_h = 10, .ofs_x = 0, .ofs_y = 0},
    {.bitmap_index = 2912, .adv_w = 118, .box_w = 7, .box_h = 11, .ofs_x = 0, .ofs_y = 0},
    {.bitmap_index = 2951, .adv_w = 118, .box_w = 7, .box_h = 11, .ofs_x = 0, .ofs_y = 0},
    {.bitmap_index = 2990, .adv_w = 118, .box_w = 7, .box_h = 11, .ofs_x = 0, .ofs_y = 0},
    {.bitmap_index = 3029, .adv_w = 118, .box_w = 7, .box_h = 10, .ofs_x = 0, .ofs_y = 0},
    {.bitmap_index = 3064, .adv_w = 118, .box_w = 7, .box_h = 10, .ofs_x = 0, .ofs_y = 0},
    {.bitmap_index = 3099, .adv_w = 80, .box_w = 5, .box_h = 6, .ofs_x = 0, .ofs_y = 0},
    {.bitmap_index = 3114, .adv_w = 118, .box_w = 7, .box_h = 8, .ofs_x = 0, .ofs_y = 0},
    {.bitmap_index = 3142, .adv_w = 110, .box_w = 7, .box_h = 11, .ofs_x = 0, .ofs_y = 0},
    {.bitmap_index = 3181, .adv_w = 110, .box_w = 7, .box_h = 11, .ofs_x = 0, .ofs_y = 0},
    {.bitmap_index = 3220, .adv_w = 110, .box_w = 7, .box_h = 11, .ofs_x = 0, .ofs_y = 0},
    {.bitmap_index = 3259, .adv_w = 110, .box_w = 7, .box_h = 10, .ofs_x = 0, .ofs_y = 0},
    {.bitmap_index = 3294, .adv_w = 92, .box_w = 7, .box_h = 11, .ofs_x = -1, .ofs_y = 0},
    {.bitmap_index = 3333, .adv_w = 99, .box_w = 6, .box_h = 8, .ofs_x = 0, .ofs_y = 0},
    {.bitmap_index = 3357, .adv_w = 94, .box_w = 6, .box_h = 8, .ofs_x = 0, .ofs_y = 0},
    {.bitmap_index = 3381, .adv_w = 88, .box_w = 6, .box_h = 8, .ofs_x = 0, .ofs_y = 0},
    {.bitmap_index = 3405, .adv_w = 88, .box_w = 6, .box_h = 8, .ofs_x = 0, .ofs_y = 0},
    {.bitmap_index = 3429, .adv_w = 88, .box_w = 6, .box_h = 8, .ofs_x = 0, .ofs_y = 0},
    {.bitmap_index = 3453, .adv_w = 88, .box_w = 6, .box_h = 8, .ofs_x = 0, .ofs_y = 0},
    {.bitmap_index = 3477, .adv_w = 88, .box_w = 6, .box_h = 8, .ofs_x = 0, .ofs_y = 0},
    {.bitmap_index = 3501, .adv_w = 88, .box_w = 6, .box_h = 9, .ofs_x = 0, .ofs_y = 0},
    {.bitmap_index = 3528, .adv_w = 147, .box_w = 9, .box_h = 6, .ofs_x = 0, .ofs_y = 0},
    {.bitmap_index = 3555, .adv_w = 87, .box_w = 6, .box_h = 8, .ofs_x = 0, .ofs_y = -2},
    {.bitmap_index = 3579, .adv_w = 90, .box_w = 6, .box_h = 8, .ofs_x = 0, .ofs_y = 0},
    {.bitmap_index = 3603, .adv_w = 90, .box_w = 6, .box_h = 8, .ofs_x = 0, .ofs_y = 0},
    {.bitmap_index = 3627, .adv_w = 90, .box_w = 6, .box_h = 8, .ofs_x = 0, .ofs_y = 0},
    {.bitmap_index = 3651, .adv_w = 90, .box_w = 6, .box_h = 8, .ofs_x = 0, .ofs_y = 0},
    {.bitmap_index = 3675, .adv_w = 39, .box_w = 2, .box_h = 8, .ofs_x = 0, .ofs_y = 0},
    {.bitmap_index = 3683, .adv_w = 39, .box_w = 3, .box_h = 8, .ofs_x = 0, .ofs_y = 0},
    {.bitmap_index = 3695, .adv_w = 39, .box_w = 4, .box_h = 8, .ofs_x = -1, .ofs_y = 0},
    {.bitmap_index = 3711, .adv_w = 39, .box_w = 3, .box_h = 8, .ofs_x = 0, .ofs_y = 0},
    {.bitmap_index = 3723, .adv_w = 92, .box_w = 6, .box_h = 9, .ofs_x = 0, .ofs_y = 0},
    {.bitmap_index = 3750, .adv_w = 93, .box_w = 6, .box_h = 8, .ofs_x = 0, .ofs_y = 0},
    {.bitmap_index = 3774, .adv_w = 92, .box_w = 6, .box_h = 8, .ofs_x = 0, .ofs_y = 0},
    {.bitmap_index = 3798, .adv_w = 92, .box_w = 6, .box_h = 8, .ofs_x = 0, .ofs_y = 0},
    {.bitmap_index = 3822, .adv_w = 92, .box_w = 6, .box_h = 8, .ofs_x = 0, .ofs_y = 0},
    {.bitmap_index = 3846, .adv_w = 92, .box_w = 6, .box_h = 8, .ofs_x = 0, .ofs_y = 0},
    {.bitmap_index = 3870, .adv_w = 92, .box_w = 6, .box_h = 8, .ofs_x = 0, .ofs_y = 0},
    {.bitmap_index = 3894, .adv_w = 86, .box_w = 5, .box_h = 6, .ofs_x = 0, .ofs_y = 0},
    {.bitmap_index = 3909, .adv_w = 92, .box_w = 6, .box_h = 6, .ofs_x = 0, .ofs_y = 0},
    {.bitmap_index = 3927, .adv_w = 92, .box_w = 5, .box_h = 8, .ofs_x = 0, .ofs_y = 0},
    {.bitmap_index = 3947, .adv_w = 92, .box_w = 5, .box_h = 8, .ofs_x = 0, .ofs_y = 0},
    {.bitmap_index = 3967, .adv_w = 92, .box_w = 5, .box_h = 8, .ofs_x = 0, .ofs_y = 0},
    {.bitmap_index = 3987, .adv_w = 92, .box_w = 5, .box_h = 8, .ofs_x = 0, .ofs_y = 0},
    {.bitmap_index = 4007, .adv_w = 86, .box_w = 6, .box_h = 10, .ofs_x = 0, .ofs_y = -2},
    {.bitmap_index = 4037, .adv_w = 95, .box_w = 6, .box_h = 10, .ofs_x = 0, .ofs_y = -2},
    {.bitmap_index = 4067, .adv_w = 86, .box_w = 6, .box_h = 10, .ofs_x = 0, .ofs_y = -2},
    {.bitmap_index = 4097, .adv_w = 107, .box_w = 7, .box_h = 10, .ofs_x = 0, .ofs_y = 0},
    {.bitmap_index = 4132, .adv_w = 88, .box_w = 6, .box_h = 8, .ofs_x = 0, .ofs_y = 0},
    {.bitmap_index = 4156, .adv_w = 107, .box_w = 7, .box_h = 10, .ofs_x = 0, .ofs_y = 0},
    {.bitmap_index = 4191, .adv_w = 88, .box_w = 6, .box_h = 8, .ofs_x = 0, .ofs_y = 0},
    {.bitmap_index = 4215, .adv_w = 107, .box_w = 7, .box_h = 10, .ofs_x = 0, .ofs_y = -2},
    {.bitmap_index = 4250, .adv_w = 88, .box_w = 6, .box_h = 8, .ofs_x = 0, .ofs_y = -2},
    {.bitmap_index = 4274, .adv_w = 112, .box_w = 7, .box_h = 11, .ofs_x = 0, .ofs_y = 0},
    {.bitmap_index = 4313, .adv_w = 87, .box_w = 6, .box_h = 8, .ofs_x = 0, .ofs_y = 0},
    {.bitmap_index = 4337, .adv_w = 112, .box_w = 7, .box_h = 11, .ofs_x = 0, .ofs_y = 0},
    {.bitmap_index = 4376, .adv_w = 87, .box_w = 6, .box_h = 8, .ofs_x = 0, .ofs_y = 0},
    {.bitmap_index = 4400, .adv_w = 112, .box_w = 7, .box_h = 10, .ofs_x = 0, .ofs_y = 0},
    {.bitmap_index = 4435, .adv_w = 87, .box_w = 6, .box_h = 8, .ofs_x = 0, .ofs_y = 0},
    {.bitmap_index = 4459, .adv_w = 112, .box_w = 7, .box_h = 11, .ofs_x = 0, .ofs_y = 0},
    {.bitmap_index = 4498, .adv_w = 87, .box_w = 6, .box_h = 8, .ofs_x = 0, .ofs_y = 0},
    {.bitmap_index = 4522, .adv_w = 111, .box_w = 7, .box_h = 10, .ofs_x = 0, .ofs_y = 0},
    {.bitmap_index = 4557, .adv_w = 106, .box_w = 7, .box_h = 8, .ofs_x = 0, .ofs_y = 0},
    {.bitmap_index = 4585, .adv_w = 111, .box_w = 7, .box_h = 8, .ofs_x = 0, .ofs_y = 0},
    {.bitmap_index = 4613, .adv_w = 95, .box_w = 6, .box_h = 8, .ofs_x = 0, .ofs_y = 0},
    {.bitmap_index = 4637, .adv_w = 96, .box_w = 6, .box_h = 10, .ofs_x = 0, .ofs_y = 0},
    {.bitmap_index = 4667, .adv_w = 90, .box_w = 6, .box_h = 8, .ofs_x = 0, .ofs_y = 0},
    {.bitmap_index = 4691, .adv_w = 107, .box_w = 7, .box_h = 9, .ofs_x = 0, .ofs_y = 0},
    {.bitmap_index = 4723, .adv_w = 89, .box_w = 6, .box_h = 7, .ofs_x = 0, .ofs_y = 0},
    {.bitmap_index = 4744, .adv_w = 96, .box_w = 6, .box_h = 10, .ofs_x = 0, .ofs_y = 0},
    {.bitmap_index = 4774, .adv_w = 90, .box_w = 6, .box_h = 8, .ofs_x = 0, .ofs_y = 0},
    {.bitmap_index = 4798, .adv_w = 96, .box_w = 6, .box_h = 10, .ofs_x = 0, .ofs_y = -2},
    {.bitmap_index = 4828, .adv_w = 90, .box_w = 6, .box_h = 8, .ofs_x = 0, .ofs_y = -2},
    {.bitmap_index = 4852, .adv_w = 96, .box_w = 6, .box_h = 10, .ofs_x = 0, .ofs_y = 0},
    {.bitmap_index = 4882, .adv_w = 90, .box_w = 6, .box_h = 8, .ofs_x = 0, .ofs_y = 0},
    {.bitmap_index = 4906, .adv_w = 112, .box_w = 7, .box_h = 11, .ofs_x = 0, .ofs_y = 0},
    {.bitmap_index = 4945, .adv_w = 95, .box_w = 6, .box_h = 10, .ofs_x = 0, .ofs_y = -2},
    {.bitmap_index = 4975, .adv_w = 112, .box_w = 7, .box_h = 11, .ofs_x = 0, .ofs_y = 0},
    {.bitmap_index = 5014, .adv_w = 95, .box_w = 6, .box_h = 10, .ofs_x = 0, .ofs_y = -2},
    {.bitmap_index = 5044, .adv_w = 112, .box_w = 7, .box_h = 10, .ofs_x = 0, .ofs_y = 0},
    {.bitmap_index = 5079, .adv_w = 95, .box_w = 6, .box_h = 10, .ofs_x = 0, .ofs_y = -2},
    {.bitmap_index = 5109, .adv_w = 112, .box_w = 7, .box_h = 12, .ofs_x = 0, .ofs_y = -4},
    {.bitmap_index = 5151, .adv_w = 95, .box_w = 6, .box_h = 12, .ofs_x = 0, .ofs_y = -2},
    {.bitmap_index = 5187, .adv_w = 114, .box_w = 7, .box_h = 10, .ofs_x = 0, .ofs_y = 0},
    {.bitmap_index = 5222, .adv_w = 93, .box_w = 7, .box_h = 10, .ofs_x = -1, .ofs_y = 0},
    {.bitmap_index = 5257, .adv_w = 114, .box_w = 7, .box_h = 8, .ofs_x = 0, .ofs_y = 0},
    {.bitmap_index = 5285, .adv_w = 93, .box_w = 6, .box_h = 8, .ofs_x = 0, .ofs_y = 0},
    {.bitmap_index = 5309, .adv_w = 43, .box_w = 4, .box_h = 10, .ofs_x = -1, .ofs_y = 0},
    {.bitmap_index = 5329, .adv_w = 39, .box_w = 4, .box_h = 8, .ofs_x = -1, .ofs_y = 0},
    {.bitmap_index = 5345, .adv_w = 43, .box_w = 3, .box_h = 10, .ofs_x = 0, .ofs_y = 0},
    {.bitmap_index = 5360, .adv_w = 39, .box_w = 4, .box_h = 8, .ofs_x = -1, .ofs_y = 0},
    {.bitmap_index = 5376, .adv_w = 44, .box_w = 4, .box_h = 9, .ofs_x = -1, .ofs_y = 0},
    {.bitmap_index = 5394, .adv_w = 36, .box_w = 4, .box_h = 7, .ofs_x = -1, .ofs_y = 0},
    {.bitmap_index = 5408, .adv_w = 43, .box_w = 3, .box_h = 10, .ofs_x = 0, .ofs_y = -2},
    {.bitmap_index = 5423, .adv_w = 39, .box_w = 2, .box_h = 10, .ofs_x = 0, .ofs_y = -2},
    {.bitmap_index = 5433, .adv_w = 43, .box_w = 2, .box_h = 10, .ofs_x = 0, .ofs_y = 0},
    {.bitmap_index = 5443, .adv_w = 39, .box_w = 2, .box_h = 6, .ofs_x = 0, .ofs_y = 0},
    {.bitmap_index = 5449, .adv_w = 136, .box_w = 8, .box_h = 8, .ofs_x = 0, .ofs_y = 0},
    {.bitmap_index = 5481, .adv_w = 79, .box_w = 5, .box_h = 10, .ofs_x = 0, .ofs_y = -2},
    {.bitmap_index = 5506, .adv_w = 96, .box_w = 7, .box_h = 11, .ofs_x = 0, .ofs_y = 0},
    {.bitmap_index = 5545, .adv_w = 42, .box_w = 4, .box_h = 10, .ofs_x = -1, .ofs_y = -2},
    {.bitmap_index = 5565, .adv_w = 102, .box_w = 7, .box_h = 12, .ofs_x = 0, .ofs_y = -4},
    {.bitmap_index = 5607, .adv_w = 94, .box_w = 6, .box_h = 12, .ofs_x = 0, .ofs_y = -4},
    {.bitmap_index = 5643, .adv_w = 70, .box_w = 5, .box_h = 5, .ofs_x = 0, .ofs_y = 0},
    {.bitmap_index = 5656, .adv_w = 93, .box_w = 6, .box_h = 11, .ofs_x = 0, .ofs_y = 0},
    {.bitmap_index = 5689, .adv_w = 43, .box_w = 3, .box_h = 10, .ofs_x = 0, .ofs_y = 0},
    {.bitmap_index = 5704, .adv_w = 93, .box_w = 6, .box_h = 12, .ofs_x = 0, .ofs_y = -4},
    {.bitmap_index = 5740, .adv_w = 43, .box_w = 3, .box_h = 12, .ofs_x = 0, .ofs_y = -4},
    {.bitmap_index = 5758, .adv_w = 93, .box_w = 6, .box_h = 8, .ofs_x = 0, .ofs_y = 0},
    {.bitmap_index = 5782, .adv_w = 51, .box_w = 4, .box_h = 8, .ofs_x = 0, .ofs_y = 0},
    {.bitmap_index = 5798, .adv_w = 89, .box_w = 6, .box_h = 7, .ofs_x = 0, .ofs_y = 0},
    {.bitmap_index = 5819, .adv_w = 51, .box_w = 4, .box_h = 7, .ofs_x = 0, .ofs_y = 0},
    {.bitmap_index = 5833, .adv_w = 93, .box_w = 6, .box_h = 8, .ofs_x = 0, .ofs_y = 0},
    {.bitmap_index = 5857, .adv_w = 43, .box_w = 3, .box_h = 8, .ofs_x = 0, .ofs_y = 0},
    {.bitmap_index = 5869, .adv_w = 119, .box_w = 7, .box_h = 11, .ofs_x = 0, .ofs_y = 0},
    {.bitmap_index = 5908, .adv_w = 93, .box_w = 6, .box_h = 8, .ofs_x = 0, .ofs_y = 0},
    {.bitmap_index = 5932, .adv_w = 119, .box_w = 7, .box_h = 12, .ofs_x = 0, .ofs_y = -4},
    {.bitmap_index = 5974, .adv_w = 93, .box_w = 6, .box_h = 10, .ofs_x = 0, .ofs_y = -4},
    {.bitmap_index = 6004, .adv_w = 119, .box_w = 7, .box_h = 10, .ofs_x = 0, .ofs_y = 0},
    {.bitmap_index = 6039, .adv_w = 93, .box_w = 6, .box_h = 8, .ofs_x = 0, .ofs_y = 0},
    {.bitmap_index = 6063, .adv_w = 100, .box_w = 7, .box_h = 7, .ofs_x = -1, .ofs_y = 0},
    {.bitmap_index = 6088, .adv_w = 119, .box_w = 7, .box_h = 10, .ofs_x = 0, .ofs_y = -2},
    {.bitmap_index = 6123, .adv_w = 93, .box_w = 6, .box_h = 8, .ofs_x = 0, .ofs_y = -2},
    {.bitmap_index = 6147, .adv_w = 118, .box_w = 7, .box_h = 10, .ofs_x = 0, .ofs_y = 0},
    {.bitmap_index = 6182, .adv_w = 92, .box_w = 6, .box_h = 8, .ofs_x = 0, .ofs_y = 0},
    {.bitmap_index = 6206, .adv_w = 124, .box_w = 8, .box_h = 9, .ofs_x = 0, .ofs_y = 0},
    {.bitmap_index = 6242, .adv_w = 89, .box_w = 6, .box_h = 7, .ofs_x = 0, .ofs_y = 0},
    {.bitmap_index = 6263, .adv_w = 118, .box_w = 7, .box_h = 11, .ofs_x = 0, .ofs_y = 0},
    {.bitmap_index = 6302, .adv_w = 92, .box_w = 6, .box_h = 8, .ofs_x = 0, .ofs_y = 0},
    {.bitmap_index = 6326, .adv_w = 174, .box_w = 11, .box_h = 8, .ofs_x = 0, .ofs_y = 0},
    {.bitmap_index = 6370, .adv_w = 153, .box_w = 10, .box_h = 6, .ofs_x = 0, .ofs_y = 0},
    {.bitmap_index = 6400, .adv_w = 108, .box_w = 7, .box_h = 11, .ofs_x = 0, .ofs_y = 0},
    {.bitmap_index = 6439, .adv_w = 61, .box_w = 4, .box_h = 8, .ofs_x = 0, .ofs_y = 0},
    {.bitmap_index = 6455, .adv_w = 108, .box_w = 7, .box_h = 12, .ofs_x = 0, .ofs_y = -4},
    {.bitmap_index = 6497, .adv_w = 61, .box_w = 4, .box_h = 10, .ofs_x = 0, .ofs_y = -4},
    {.bitmap_index = 6517, .adv_w = 108, .box_w = 7, .box_h = 10, .ofs_x = 0, .ofs_y = 0},
    {.bitmap_index = 6552, .adv_w = 61, .box_w = 4, .box_h = 8, .ofs_x = 0, .ofs_y = 0},
    {.bitmap_index = 6568, .adv_w = 102, .box_w = 6, .box_h = 11, .ofs_x = 0, .ofs_y = 0},
    {.bitmap_index = 6601, .adv_w = 83, .box_w = 5, .box_h = 8, .ofs_x = 0, .ofs_y = 0},
    {.bitmap_index = 6621, .adv_w = 102, .box_w = 6, .box_h = 11, .ofs_x = 0, .ofs_y = 0},
    {.bitmap_index = 6654, .adv_w = 83, .box_w = 5, .box_h = 8, .ofs_x = 0, .ofs_y = 0},
    {.bitmap_index = 6674, .adv_w = 102, .box_w = 6, .box_h = 10, .ofs_x = 0, .ofs_y = -2},
    {.bitmap_index = 6704, .adv_w = 83, .box_w = 5, .box_h = 8, .ofs_x = 0, .ofs_y = -2},
    {.bitmap_index = 6724, .adv_w = 102, .box_w = 6, .box_h = 11, .ofs_x = 0, .ofs_y = 0},
    {.bitmap_index = 6757, .adv_w = 83, .box_w = 5, .box_h = 8, .ofs_x = 0, .ofs_y = 0},
    {.bitmap_index = 6777, .adv_w = 88, .box_w = 6, .box_h = 11, .ofs_x = 0, .ofs_y = -3},
    {.bitmap_index = 6810, .adv_w = 63, .box_w = 4, .box_h = 10, .ofs_x = 0, .ofs_y = -3},
    {.bitmap_index = 6830, .adv_w = 88, .box_w = 6, .box_h = 10, .ofs_x = 0, .ofs_y = 0},
    {.bitmap_index = 6860, .adv_w = 64, .box_w = 5, .box_h = 9, .ofs_x = 0, .ofs_y = 0},
    {.bitmap_index = 6883, .adv_w = 88, .box_w = 6, .box_h = 8, .ofs_x = 0, .ofs_y = 0},
    {.bitmap_index = 6907, .adv_w = 63, .box_w = 4, .box_h = 7, .ofs_x = 0, .ofs_y = 0},
    {.bitmap_index = 6921, .adv_w = 110, .box_w = 7, .box_h = 10, .ofs_x = 0, .ofs_y = 0},
    {.bitmap_index = 6956, .adv_w = 92, .box_w = 5, .box_h = 8, .ofs_x = 0, .ofs_y = 0},
    {.bitmap_index = 6976, .adv_w = 110, .box_w = 7, .box_h = 10, .ofs_x = 0, .ofs_y = 0},
    {.bitmap_index = 7011, .adv_w = 92, .box_w = 5, .box_h = 8, .ofs_x = 0, .ofs_y = 0},
    {.bitmap_index = 7031, .adv_w = 110, .box_w = 7, .box_h = 11, .ofs_x = 0, .ofs_y = 0},
    {.bitmap_index = 7070, .adv_w = 92, .box_w = 5, .box_h = 8, .ofs_x = 0, .ofs_y = 0},
    {.bitmap_index = 7090, .adv_w = 110, .box_w = 7, .box_h = 11, .ofs_x = 0, .ofs_y = 0},
    {.bitmap_index = 7129, .adv_w = 92, .box_w = 5, .box_h = 9, .ofs_x = 0, .ofs_y = 0},
    {.bitmap_index = 7152, .adv_w = 110, .box_w = 7, .box_h = 11, .ofs_x = 0, .ofs_y = 0},
    {.bitmap_index = 7191, .adv_w = 92, .box_w = 5, .box_h = 8, .ofs_x = 0, .ofs_y = 0},
    {.bitmap_index = 7211, .adv_w = 110, .box_w = 7, .box_h = 10, .ofs_x = 0, .ofs_y = -2},
    {.bitmap_index = 7246, .adv_w = 92, .box_w = 6, .box_h = 8, .ofs_x = 0, .ofs_y = -2},
    {.bitmap_index = 7270, .adv_w = 151, .box_w = 10, .box_h = 10, .ofs_x = 0, .ofs_y = 0},
    {.bitmap_index = 7320, .adv_w = 131, .box_w = 8, .box_h = 8, .ofs_x = 0, .ofs_y = 0},
    {.bitmap_index = 7352, .adv_w = 92, .box_w = 7, .box_h = 10, .ofs_x = -1, .ofs_y = 0},
    {.bitmap_index = 7387, .adv_w = 86, .box_w = 6, .box_h = 10, .ofs_x = 0, .ofs_y = -2},
    {.bitmap_index = 7417, .adv_w = 92, .box_w = 7, .box_h = 10, .ofs_x = -1, .ofs_y = 0},
    {.bitmap_index = 7452, .adv_w = 87, .box_w = 6, .box_h = 11, .ofs_x = 0, .ofs_y = 0},
    {.bitmap_index = 7485, .adv_w = 86, .box_w = 5, .box_h = 8, .ofs_x = 0, .ofs_y = 0},
    {.bitmap_index = 7505, .adv_w = 87, .box_w = 6, .box_h = 10, .ofs_x = 0, .ofs_y = 0},
    {.bitmap_index = 7535, .adv_w = 86, .box_w = 5, .box_h = 8, .ofs_x = 0, .ofs_y = 0},
    {.bitmap_index = 7555, .adv_w = 87, .box_w = 6, .box_h = 10, .ofs_x = 0, .ofs_y = 0},
    {.bitmap_index = 7585, .adv_w = 86, .box_w = 5, .box_h = 8, .ofs_x = 0, .ofs_y = 0},
    {.bitmap_index = 7605, .adv_w = 36, .box_w = 3, .box_h = 7, .ofs_x = 0, .ofs_y = 0},
    {.bitmap_index = 7616, .adv_w = 89, .box_w = 7, .box_h = 7, .ofs_x = -1, .ofs_y = 0},
    {.bitmap_index = 7641, .adv_w = 118, .box_w = 7, .box_h = 7, .ofs_x = 0, .ofs_y = 0},
    {.bitmap_index = 7666, .adv_w = 105, .box_w = 7, .box_h = 7, .ofs_x = 0, .ofs_y = 0},
    {.bitmap_index = 7691, .adv_w = 89, .box_w = 6, .box_h = 7, .ofs_x = 0, .ofs_y = 0},
    {.bitmap_index = 7712, .adv_w = 89, .box_w = 6, .box_h = 7, .ofs_x = 0, .ofs_y = 0},
    {.bitmap_index = 7733, .adv_w = 89, .box_w = 6, .box_h = 7, .ofs_x = 0, .ofs_y = 0},
    {.bitmap_index = 7754, .adv_w = 116, .box_w = 7, .box_h = 7, .ofs_x = 0, .ofs_y = 0},
    {.bitmap_index = 7779, .adv_w = 123, .box_w = 8, .box_h = 7, .ofs_x = 0, .ofs_y = 0},
    {.bitmap_index = 7807, .adv_w = 93, .box_w = 6, .box_h = 6, .ofs_x = 0, .ofs_y = 0},
    {.bitmap_index = 7825, .adv_w = 116, .box_w = 7, .box_h = 7, .ofs_x = 0, .ofs_y = 0},
    {.bitmap_index = 7850, .adv_w = 126, .box_w = 8, .box_h = 7, .ofs_x = 0, .ofs_y = 0},
    {.bitmap_index = 7878, .adv_w = 105, .box_w = 6, .box_h = 7, .ofs_x = 0, .ofs_y = 0},
    {.bitmap_index = 7899, .adv_w = 89, .box_w = 5, .box_h = 7, .ofs_x = 0, .ofs_y = 0},
    {.bitmap_index = 7917, .adv_w = 89, .box_w = 6, .box_h = 7, .ofs_x = 0, .ofs_y = -2},
    {.bitmap_index = 7938, .adv_w = 107, .box_w = 6, .box_h = 7, .ofs_x = 0, .ofs_y = 0},
    {.bitmap_index = 7959, .adv_w = 114, .box_w = 7, .box_h = 8, .ofs_x = 0, .ofs_y = 0},
    {.bitmap_index = 7987, .adv_w = 97, .box_w = 6, .box_h = 7, .ofs_x = 0, .ofs_y = 0},
    {.bitmap_index = 8008, .adv_w = 98, .box_w = 7, .box_h = 8, .ofs_x = -1, .ofs_y = -1},
    {.bitmap_index = 8036, .adv_w = 82, .box_w = 5, .box_h = 8, .ofs_x = 0, .ofs_y = 0},
    {.bitmap_index = 8056, .adv_w = 127, .box_w = 8, .box_h = 7, .ofs_x = 0, .ofs_y = 0},
    {.bitmap_index = 8084, .adv_w = 104, .box_w = 7, .box_h = 9, .ofs_x = 0, .ofs_y = -2},
    {.bitmap_index = 8116, .adv_w = 129, .box_w = 8, .box_h = 7, .ofs_x = 0, .ofs_y = 0},
    {.bitmap_index = 8144, .adv_w = 39, .box_w = 3, .box_h = 7, .ofs_x = 0, .ofs_y = 0},
    {.bitmap_index = 8155, .adv_w = 51, .box_w = 4, .box_h = 7, .ofs_x = 0, .ofs_y = 0},
    {.bitmap_index = 8169, .adv_w = 107, .box_w = 7, .box_h = 7, .ofs_x = 0, .ofs_y = 0},
    {.bitmap_index = 8194, .adv_w = 80, .box_w = 5, .box_h = 7, .ofs_x = 0, .ofs_y = 0},
    {.bitmap_index = 8212, .adv_w = 51, .box_w = 4, .box_h = 7, .ofs_x = 0, .ofs_y = 0},
    {.bitmap_index = 8226, .adv_w = 80, .box_w = 5, .box_h = 7, .ofs_x = 0, .ofs_y = 0},
    {.bitmap_index = 8244, .adv_w = 133, .box_w = 8, .box_h = 7, .ofs_x = 0, .ofs_y = 0},
    {.bitmap_index = 8272, .adv_w = 116, .box_w = 8, .box_h = 9, .ofs_x = -1, .ofs_y = -2},
    {.bitmap_index = 8308, .adv_w = 89, .box_w = 5, .box_h = 7, .ofs_x = 0, .ofs_y = -2},
    {.bitmap_index = 8326, .adv_w = 124, .box_w = 8, .box_h = 7, .ofs_x = 0, .ofs_y = 0},
    {.bitmap_index = 8354, .adv_w = 118, .box_w = 7, .box_h = 10, .ofs_x = 0, .ofs_y = 0},
    {.bitmap_index = 8389, .adv_w = 92, .box_w = 6, .box_h = 8, .ofs_x = 0, .ofs_y = 0},
    {.bitmap_index = 8413, .adv_w = 163, .box_w = 10, .box_h = 7, .ofs_x = 0, .ofs_y = 0},
    {.bitmap_index = 8448, .adv_w = 125, .box_w = 8, .box_h = 7, .ofs_x = 0, .ofs_y = -2},
    {.bitmap_index = 8476, .adv_w = 118, .box_w = 7, .box_h = 7, .ofs_x = 0, .ofs_y = 0},
    {.bitmap_index = 8501, .adv_w = 89, .box_w = 6, .box_h = 8, .ofs_x = 0, .ofs_y = -2},
    {.bitmap_index = 8525, .adv_w = 116, .box_w = 8, .box_h = 8, .ofs_x = 0, .ofs_y = -1},
    {.bitmap_index = 8557, .adv_w = 107, .box_w = 7, .box_h = 7, .ofs_x = 0, .ofs_y = 0},
    {.bitmap_index = 8582, .adv_w = 80, .box_w = 5, .box_h = 5, .ofs_x = 0, .ofs_y = 0},
    {.bitmap_index = 8595, .adv_w = 96, .box_w = 6, .box_h = 7, .ofs_x = 0, .ofs_y = 0},
    {.bitmap_index = 8616, .adv_w = 59, .box_w = 5, .box_h = 9, .ofs_x = 0, .ofs_y = -2},
    {.bitmap_index = 8639, .adv_w = 44, .box_w = 3, .box_h = 9, .ofs_x = 0, .ofs_y = -2},
    {.bitmap_index = 8653, .adv_w = 91, .box_w = 6, .box_h = 7, .ofs_x = 0, .ofs_y = 0},
    {.bitmap_index = 8674, .adv_w = 44, .box_w = 3, .box_h = 7, .ofs_x = 0, .ofs_y = 0},
    {.bitmap_index = 8685, .adv_w = 98, .box_w = 6, .box_h = 9, .ofs_x = 0, .ofs_y = -2},
    {.bitmap_index = 8712, .adv_w = 110, .box_w = 8, .box_h = 10, .ofs_x = 0, .ofs_y = 0},
    {.bitmap_index = 8752, .adv_w = 93, .box_w = 6, .box_h = 8, .ofs_x = 0, .ofs_y = 0},
    {.bitmap_index = 8776, .adv_w = 120, .box_w = 7, .box_h = 7, .ofs_x = 0, .ofs_y = 0},
    {.bitmap_index = 8801, .adv_w = 107, .box_w = 7, .box_h = 7, .ofs_x = 0, .ofs_y = 0},
    {.bitmap_index = 8826, .adv_w = 120, .box_w = 8, .box_h = 7, .ofs_x = 0, .ofs_y = 0},
    {.bitmap_index = 8854, .adv_w = 98, .box_w = 7, .box_h = 7, .ofs_x = 0, .ofs_y = -2},
    {.bitmap_index = 8879, .adv_w = 98, .box_w = 6, .box_h = 7, .ofs_x = 0, .ofs_y = 0},
    {.bitmap_index = 8900, .adv_w = 80, .box_w = 5, .box_h = 5, .ofs_x = 0, .ofs_y = 0},
    {.bitmap_index = 8913, .adv_w = 100, .box_w = 6, .box_h = 7, .ofs_x = 0, .ofs_y = 0},
    {.bitmap_index = 8934, .adv_w = 100, .box_w = 6, .box_h = 7, .ofs_x = 0, .ofs_y = 0},
    {.bitmap_index = 8955, .adv_w = 84, .box_w = 5, .box_h = 7, .ofs_x = 0, .ofs_y = -2},
    {.bitmap_index = 8973, .adv_w = 77, .box_w = 5, .box_h = 7, .ofs_x = 0, .ofs_y = -2},
    {.bitmap_index = 8991, .adv_w = 89, .box_w = 6, .box_h = 7, .ofs_x = 0, .ofs_y = 0},
    {.bitmap_index = 9012, .adv_w = 89, .box_w = 6, .box_h = 7, .ofs_x = 0, .ofs_y = 0},
    {.bitmap_index = 9033, .adv_w = 84, .box_w = 5, .box_h = 5, .ofs_x = 0, .ofs_y = 0},
    {.bitmap_index = 9046, .adv_w = 89, .box_w = 6, .box_h = 7, .ofs_x = 0, .ofs_y = 0},
    {.bitmap_index = 9067, .adv_w = 89, .box_w = 5, .box_h = 7, .ofs_x = 0, .ofs_y = -2},
    {.bitmap_index = 9085, .adv_w = 44, .box_w = 2, .box_h = 7, .ofs_x = 0, .ofs_y = 0},
    {.bitmap_index = 9092, .adv_w = 74, .box_w = 4, .box_h = 7, .ofs_x = 0, .ofs_y = 0},
    {.bitmap_index = 9106, .adv_w = 76, .box_w = 5, .box_h = 7, .ofs_x = 0, .ofs_y = 0},
    {.bitmap_index = 9124, .adv_w = 44, .box_w = 2, .box_h = 7, .ofs_x = 0, .ofs_y = 0},
    {.bitmap_index = 9131, .adv_w = 213, .box_w = 14, .box_h = 9, .ofs_x = 0, .ofs_y = 0},
    {.bitmap_index = 9194, .adv_w = 196, .box_w = 13, .box_h = 7, .ofs_x = 0, .ofs_y = 0},
    {.bitmap_index = 9240, .adv_w = 169, .box_w = 11, .box_h = 7, .ofs_x = 0, .ofs_y = 0},
    {.bitmap_index = 9279, .adv_w = 165, .box_w = 10, .box_h = 7, .ofs_x = 0, .ofs_y = 0},
    {.bitmap_index = 9314, .adv_w = 124, .box_w = 8, .box_h = 9, .ofs_x = 0, .ofs_y = -2},
    {.bitmap_index = 9350, .adv_w = 71, .box_w = 4, .box_h = 9, .ofs_x = 0, .ofs_y = -2},
    {.bitmap_index = 9368, .adv_w = 196, .box_w = 12, .box_h = 7, .ofs_x = 0, .ofs_y = 0},
    {.bitmap_index = 9410, .adv_w = 151, .box_w = 9, .box_h = 9, .ofs_x = 0, .ofs_y = -2},
    {.bitmap_index = 9451, .adv_w = 124, .box_w = 8, .box_h = 9, .ofs_x = 0, .ofs_y = -2},
    {.bitmap_index = 9487, .adv_w = 107, .box_w = 7, .box_h = 10, .ofs_x = 0, .ofs_y = 0},
    {.bitmap_index = 9522, .adv_w = 88, .box_w = 6, .box_h = 8, .ofs_x = 0, .ofs_y = 0},
    {.bitmap_index = 9546, .adv_w = 44, .box_w = 4, .box_h = 9, .ofs_x = -1, .ofs_y = 0},
    {.bitmap_index = 9564, .adv_w = 44, .box_w = 4, .box_h = 7, .ofs_x = -1, .ofs_y = 0},
    {.bitmap_index = 9578, .adv_w = 124, .box_w = 8, .box_h = 9, .ofs_x = 0, .ofs_y = 0},
    {.bitmap_index = 9614, .adv_w = 89, .box_w = 6, .box_h = 7, .ofs_x = 0, .ofs_y = 0},
    {.bitmap_index = 9635, .adv_w = 116, .box_w = 7, .box_h = 9, .ofs_x = 0, .ofs_y = 0},
    {.bitmap_index = 9667, .adv_w = 89, .box_w = 5, .box_h = 7, .ofs_x = 0, .ofs_y = 0},
    {.bitmap_index = 9685, .adv_w = 116, .box_w = 7, .box_h = 10, .ofs_x = 0, .ofs_y = 0},
    {.bitmap_index = 9720, .adv_w = 89, .box_w = 5, .box_h = 8, .ofs_x = 0, .ofs_y = 0},
    {.bitmap_index = 9740, .adv_w = 116, .box_w = 7, .box_h = 11, .ofs_x = 0, .ofs_y = 0},
    {.bitmap_index = 9779, .adv_w = 89, .box_w = 5, .box_h = 9, .ofs_x = 0, .ofs_y = 0},
    {.bitmap_index = 9802, .adv_w = 116, .box_w = 7, .box_h = 10, .ofs_x = 0, .ofs_y = 0},
    {.bitmap_index = 9837, .adv_w = 89, .box_w = 5, .box_h = 9, .ofs_x = 0, .ofs_y = 0},
    {.bitmap_index = 9860, .adv_w = 116, .box_w = 7, .box_h = 11, .ofs_x = 0, .ofs_y = 0},
    {.bitmap_index = 9899, .adv_w = 89, .box_w = 5, .box_h = 9, .ofs_x = 0, .ofs_y = 0},
    {.bitmap_index = 9922, .adv_w = 89, .box_w = 6, .box_h = 5, .ofs_x = 0, .ofs_y = 0},
    {.bitmap_index = 9937, .adv_w = 107, .box_w = 8, .box_h = 10, .ofs_x = -1, .ofs_y = 0},
    {.bitmap_index = 9977, .adv_w = 89, .box_w = 6, .box_h = 8, .ofs_x = 0, .ofs_y = 0},
    {.bitmap_index = 10001, .adv_w = 107, .box_w = 8, .box_h = 10, .ofs_x = -1, .ofs_y = 0},
    {.bitmap_index = 10041, .adv_w = 89, .box_w = 6, .box_h = 8, .ofs_x = 0, .ofs_y = 0},
    {.bitmap_index = 10065, .adv_w = 160, .box_w = 10, .box_h = 8, .ofs_x = 0, .ofs_y = 0},
    {.bitmap_index = 10105, .adv_w = 142, .box_w = 9, .box_h = 7, .ofs_x = 0, .ofs_y = 0},
    {.bitmap_index = 10137, .adv_w = 119, .box_w = 8, .box_h = 8, .ofs_x = 0, .ofs_y = 0},
    {.bitmap_index = 10169, .adv_w = 100, .box_w = 6, .box_h = 8, .ofs_x = 0, .ofs_y = -2},
    {.bitmap_index = 10193, .adv_w = 112, .box_w = 7, .box_h = 11, .ofs_x = 0, .ofs_y = 0},
    {.bitmap_index = 10232, .adv_w = 95, .box_w = 6, .box_h = 10, .ofs_x = 0, .ofs_y = -2},
    {.bitmap_index = 10262, .adv_w = 102, .box_w = 7, .box_h = 10, .ofs_x = 0, .ofs_y = 0},
    {.bitmap_index = 10297, .adv_w = 94, .box_w = 7, .box_h = 10, .ofs_x = -1, .ofs_y = 0},
    {.bitmap_index = 10332, .adv_w = 124, .box_w = 8, .box_h = 9, .ofs_x = 0, .ofs_y = -2},
    {.bitmap_index = 10368, .adv_w = 89, .box_w = 6, .box_h = 7, .ofs_x = 0, .ofs_y = -2},
    {.bitmap_index = 10389, .adv_w = 124, .box_w = 8, .box_h = 10, .ofs_x = 0, .ofs_y = -2},
    {.bitmap_index = 10429, .adv_w = 89, .box_w = 6, .box_h = 9, .ofs_x = 0, .ofs_y = -2},
    {.bitmap_index = 10456, .adv_w = 85, .box_w = 5, .box_h = 9, .ofs_x = 0, .ofs_y = 0},
    {.bitmap_index = 10479, .adv_w = 85, .box_w = 5, .box_h = 9, .ofs_x = 0, .ofs_y = -2},
    {.bitmap_index = 10502, .adv_w = 36, .box_w = 4, .box_h = 9, .ofs_x = -1, .ofs_y = -2},
    {.bitmap_index = 10520, .adv_w = 213, .box_w = 14, .box_h = 7, .ofs_x = 0, .ofs_y = 0},
    {.bitmap_index = 10569, .adv_w = 196, .box_w = 12, .box_h = 7, .ofs_x = 0, .ofs_y = 0},
    {.bitmap_index = 10611, .adv_w = 169, .box_w = 11, .box_h = 7, .ofs_x = 0, .ofs_y = 0},
    {.bitmap_index = 10650, .adv_w = 124, .box_w = 8, .box_h = 10, .ofs_x = 0, .ofs_y = 0},
    {.bitmap_index = 10690, .adv_w = 89, .box_w = 5, .box_h = 9, .ofs_x = 0, .ofs_y = -2},
    {.bitmap_index = 10713, .adv_w = 107, .box_w = 8, .box_h = 11, .ofs_x = -1, .ofs_y = 0},
    {.bitmap_index = 10757, .adv_w = 89, .box_w = 6, .box_h = 10, .ofs_x = 0, .ofs_y = 0},
    {.bitmap_index = 10787, .adv_w = 160, .box_w = 10, .box_h = 9, .ofs_x = 0, .ofs_y = 0},
    {.bitmap_index = 10832, .adv_w = 142, .box_w = 9, .box_h = 7, .ofs_x = 0, .ofs_y = 0},
    {.bitmap_index = 10864, .adv_w = 124, .box_w = 8, .box_h = 11, .ofs_x = 0, .ofs_y = -1},
    {.bitmap_index = 10908, .adv_w = 98, .box_w = 6, .box_h = 8, .ofs_x = 0, .ofs_y = -1},
    {.bitmap_index = 10932, .adv_w = 107, .box_w = 8, .box_h = 9, .ofs_x = -1, .ofs_y = 0},
    {.bitmap_index = 10968, .adv_w = 89, .box_w = 6, .box_h = 7, .ofs_x = 0, .ofs_y = 0},
    {.bitmap_index = 10989, .adv_w = 107, .box_w = 8, .box_h = 9, .ofs_x = -1, .ofs_y = 0},
    {.bitmap_index = 11025, .adv_w = 89, .box_w = 6, .box_h = 7, .ofs_x = 0, .ofs_y = 0},
    {.bitmap_index = 11046, .adv_w = 107, .box_w = 7, .box_h = 9, .ofs_x = 0, .ofs_y = 0},
    {.bitmap_index = 11078, .adv_w = 89, .box_w = 6, .box_h = 7, .ofs_x = 0, .ofs_y = 0},
    {.bitmap_index = 11099, .adv_w = 107, .box_w = 7, .box_h = 9, .ofs_x = 0, .ofs_y = 0},
    {.bitmap_index = 11131, .adv_w = 89, .box_w = 6, .box_h = 7, .ofs_x = 0, .ofs_y = 0},
    {.bitmap_index = 11152, .adv_w = 44, .box_w = 4, .box_h = 9, .ofs_x = -1, .ofs_y = 0},
    {.bitmap_index = 11170, .adv_w = 44, .box_w = 4, .box_h = 7, .ofs_x = -1, .ofs_y = 0},
    {.bitmap_index = 11184, .adv_w = 44, .box_w = 4, .box_h = 9, .ofs_x = -1, .ofs_y = 0},
    {.bitmap_index = 11202, .adv_w = 44, .box_w = 4, .box_h = 7, .ofs_x = -1, .ofs_y = 0},
    {.bitmap_index = 11216, .adv_w = 124, .box_w = 8, .box_h = 9, .ofs_x = 0, .ofs_y = 0},
    {.bitmap_index = 11252, .adv_w = 89, .box_w = 6, .box_h = 7, .ofs_x = 0, .ofs_y = 0},
    {.bitmap_index = 11273, .adv_w = 124, .box_w = 8, .box_h = 9, .ofs_x = 0, .ofs_y = 0},
    {.bitmap_index = 11309, .adv_w = 89, .box_w = 6, .box_h = 7, .ofs_x = 0, .ofs_y = 0},
    {.bitmap_index = 11330, .adv_w = 116, .box_w = 8, .box_h = 9, .ofs_x = 0, .ofs_y = 0},
    {.bitmap_index = 11366, .adv_w = 53, .box_w = 4, .box_h = 7, .ofs_x = 0, .ofs_y = 0},
    {.bitmap_index = 11380, .adv_w = 116, .box_w = 8, .box_h = 9, .ofs_x = 0, .ofs_y = 0},
    {.bitmap_index = 11416, .adv_w = 53, .box_w = 4, .box_h = 7, .ofs_x = 0, .ofs_y = 0},
    {.bitmap_index = 11430, .adv_w = 116, .box_w = 7, .box_h = 9, .ofs_x = 0, .ofs_y = 0},
    {.bitmap_index = 11462, .adv_w = 89, .box_w = 5, .box_h = 7, .ofs_x = 0, .ofs_y = 0},
    {.bitmap_index = 11480, .adv_w = 116, .box_w = 7, .box_h = 9, .ofs_x = 0, .ofs_y = 0},
    {.bitmap_index = 11512, .adv_w = 89, .box_w = 5, .box_h = 7, .ofs_x = 0, .ofs_y = 0},
    {.bitmap_index = 11530, .adv_w = 102, .box_w = 6, .box_h = 12, .ofs_x = 0, .ofs_y = -4},
    {.bitmap_index = 11566, .adv_w = 83, .box_w = 5, .box_h = 10, .ofs_x = 0, .ofs_y = -4},
    {.bitmap_index = 11591, .adv_w = 88, .box_w = 6, .box_h = 12, .ofs_x = 0, .ofs_y = -4},
    {.bitmap_index = 11627, .adv_w = 63, .box_w = 4, .box_h = 11, .ofs_x = 0, .ofs_y = -4},
    {.bitmap_index = 11649, .adv_w = 42, .box_w = 3, .box_h = 8, .ofs_x = -1, .ofs_y = -2},
    {.bitmap_index = 11661, .adv_w = 107, .box_w = 8, .box_h = 9, .ofs_x = -1, .ofs_y = -2},
    {.bitmap_index = 11697, .adv_w = 89, .box_w = 6, .box_h = 7, .ofs_x = 0, .ofs_y = -2},
    {.bitmap_index = 11718, .adv_w = 107, .box_w = 7, .box_h = 8, .ofs_x = 0, .ofs_y = 0},
    {.bitmap_index = 11746, .adv_w = 89, .box_w = 6, .box_h = 8, .ofs_x = 0, .ofs_y = 0},
    {.bitmap_index = 11770, .adv_w = 107, .box_w = 7, .box_h = 9, .ofs_x = 0, .ofs_y = -2},
    {.bitmap_index = 11802, .adv_w = 89, .box_w = 6, .box_h = 9, .ofs_x = 0, .ofs_y = -2},
    {.bitmap_index = 11829, .adv_w = 107, .box_w = 7, .box_h = 9, .ofs_x = 0, .ofs_y = -2},
    {.bitmap_index = 11861, .adv_w = 89, .box_w = 6, .box_h = 9, .ofs_x = 0, .ofs_y = -2},
    {.bitmap_index = 11888, .adv_w = 116, .box_w = 7, .box_h = 11, .ofs_x = 0, .ofs_y = -2},
    {.bitmap_index = 11927, .adv_w = 80, .box_w = 5, .box_h = 9, .ofs_x = 0, .ofs_y = -2},
    {.bitmap_index = 11950, .adv_w = 116, .box_w = 7, .box_h = 8, .ofs_x = 0, .ofs_y = 0},
    {.bitmap_index = 11978, .adv_w = 89, .box_w = 5, .box_h = 8, .ofs_x = 0, .ofs_y = 0},
    {.bitmap_index = 11998, .adv_w = 116, .box_w = 7, .box_h = 9, .ofs_x = 0, .ofs_y = -2},
    {.bitmap_index = 12030, .adv_w = 89, .box_w = 5, .box_h = 9, .ofs_x = 0, .ofs_y = -2},
    {.bitmap_index = 12053, .adv_w = 116, .box_w = 7, .box_h = 9, .ofs_x = 0, .ofs_y = -2},
    {.bitmap_index = 12085, .adv_w = 89, .box_w = 5, .box_h = 9, .ofs_x = 0, .ofs_y = -2},
    {.bitmap_index = 12108, .adv_w = 116, .box_w = 7, .box_h = 9, .ofs_x = 0, .ofs_y = -2},
    {.bitmap_index = 12140, .adv_w = 89, .box_w = 5, .box_h = 9, .ofs_x = 0, .ofs_y = -2},
    {.bitmap_index = 12163, .adv_w = 116, .box_w = 7, .box_h = 9, .ofs_x = 0, .ofs_y = -2},
    {.bitmap_index = 12195, .adv_w = 89, .box_w = 5, .box_h = 9, .ofs_x = 0, .ofs_y = -2},
    {.bitmap_index = 12218, .adv_w = 107, .box_w = 7, .box_h = 11, .ofs_x = 0, .ofs_y = 0},
    {.bitmap_index = 12257, .adv_w = 89, .box_w = 6, .box_h = 9, .ofs_x = 0, .ofs_y = 0},
    {.bitmap_index = 12284, .adv_w = 107, .box_w = 7, .box_h = 11, .ofs_x = 0, .ofs_y = 0},
    {.bitmap_index = 12323, .adv_w = 89, .box_w = 6, .box_h = 9, .ofs_x = 0, .ofs_y = 0},
    {.bitmap_index = 12350, .adv_w = 107, .box_w = 7, .box_h = 9, .ofs_x = 0, .ofs_y = -2},
    {.bitmap_index = 12382, .adv_w = 89, .box_w = 6, .box_h = 7, .ofs_x = 0, .ofs_y = -2},
    {.bitmap_index = 12403, .adv_w = 107, .box_w = 7, .box_h = 9, .ofs_x = 0, .ofs_y = -2},
    {.bitmap_index = 12435, .adv_w = 89, .box_w = 6, .box_h = 7, .ofs_x = 0, .ofs_y = -2},
    {.bitmap_index = 12456, .adv_w = 107, .box_w = 7, .box_h = 11, .ofs_x = 0, .ofs_y = -2},
    {.bitmap_index = 12495, .adv_w = 89, .box_w = 6, .box_h = 9, .ofs_x = 0, .ofs_y = -2},
    {.bitmap_index = 12522, .adv_w = 98, .box_w = 6, .box_h = 8, .ofs_x = 0, .ofs_y = 0},
    {.bitmap_index = 12546, .adv_w = 44, .box_w = 4, .box_h = 8, .ofs_x = 0, .ofs_y = 0},
    {.bitmap_index = 12562, .adv_w = 112, .box_w = 7, .box_h = 10, .ofs_x = 0, .ofs_y = 0},
    {.bitmap_index = 12597, .adv_w = 95, .box_w = 6, .box_h = 10, .ofs_x = 0, .ofs_y = -2},
    {.bitmap_index = 12627, .adv_w = 116, .box_w = 7, .box_h = 8, .ofs_x = 0, .ofs_y = 0},
    {.bitmap_index = 12655, .adv_w = 89, .box_w = 5, .box_h = 8, .ofs_x = 0, .ofs_y = 0},
    {.bitmap_index = 12675, .adv_w = 116, .box_w = 7, .box_h = 9, .ofs_x = 0, .ofs_y = -2},
    {.bitmap_index = 12707, .adv_w = 89, .box_w = 5, .box_h = 9, .ofs_x = 0, .ofs_y = -2},
    {.bitmap_index = 12730, .adv_w = 116, .box_w = 7, .box_h = 8, .ofs_x = 0, .ofs_y = 0},
    {.bitmap_index = 12758, .adv_w = 89, .box_w = 5, .box_h = 8, .ofs_x = 0, .ofs_y = 0},
    {.bitmap_index = 12778, .adv_w = 116, .box_w = 7, .box_h = 9, .ofs_x = 0, .ofs_y = -2},
    {.bitmap_index = 12810, .adv_w = 89, .box_w = 5, .box_h = 9, .ofs_x = 0, .ofs_y = -2},
    {.bitmap_index = 12833, .adv_w = 116, .box_w = 7, .box_h = 9, .ofs_x = 0, .ofs_y = -2},
    {.bitmap_index = 12865, .adv_w = 89, .box_w = 5, .box_h = 9, .ofs_x = 0, .ofs_y = -2},
    {.bitmap_index = 12888, .adv_w = 44, .box_w = 4, .box_h = 9, .ofs_x = -1, .ofs_y = -2},
    {.bitmap_index = 12906, .adv_w = 36, .box_w = 4, .box_h = 9, .ofs_x = -1, .ofs_y = -2},
    {.bitmap_index = 12924, .adv_w = 44, .box_w = 3, .box_h = 11, .ofs_x = 0, .ofs_y = 0},
    {.bitmap_index = 12941, .adv_w = 44, .box_w = 3, .box_h = 9, .ofs_x = 0, .ofs_y = 0},
    {.bitmap_index = 12955, .adv_w = 107, .box_w = 7, .box_h = 9, .ofs_x = 0, .ofs_y = 0},
    {.bitmap_index = 12987, .adv_w = 80, .box_w = 5, .box_h = 9, .ofs_x = 0, .ofs_y = 0},
    {.bitmap_index = 13010, .adv_w = 107, .box_w = 7, .box_h = 9, .ofs_x = 0, .ofs_y = -2},
    {.bitmap_index = 13042, .adv_w = 80, .box_w = 5, .box_h = 9, .ofs_x = 0, .ofs_y = -2},
    {.bitmap_index = 13065, .adv_w = 107, .box_w = 7, .box_h = 9, .ofs_x = 0, .ofs_y = -2},
    {.bitmap_index = 13097, .adv_w = 80, .box_w = 5, .box_h = 9, .ofs_x = 0, .ofs_y = -2},
    {.bitmap_index = 13120, .adv_w = 89, .box_w = 6, .box_h = 9, .ofs_x = 0, .ofs_y = -2},
    {.bitmap_index = 13147, .adv_w = 36, .box_w = 2, .box_h = 9, .ofs_x = 0, .ofs_y = -2},
    {.bitmap_index = 13156, .adv_w = 89, .box_w = 6, .box_h = 10, .ofs_x = 0, .ofs_y = -2},
    {.bitmap_index = 13186, .adv_w = 36, .box_w = 4, .box_h = 10, .ofs_x = -1, .ofs_y = -2},
    {.bitmap_index = 13206, .adv_w = 89, .box_w = 6, .box_h = 9, .ofs_x = 0, .ofs_y = -2},
    {.bitmap_index = 13233, .adv_w = 36, .box_w = 4, .box_h = 9, .ofs_x = -1, .ofs_y = -2},
    {.bitmap_index = 13251, .adv_w = 89, .box_w = 6, .box_h = 9, .ofs_x = 0, .ofs_y = -2},
    {.bitmap_index = 13278, .adv_w = 36, .box_w = 4, .box_h = 9, .ofs_x = -1, .ofs_y = -2},
    {.bitmap_index = 13296, .adv_w = 133, .box_w = 8, .box_h = 9, .ofs_x = 0, .ofs_y = 0},
    {.bitmap_index = 13332, .adv_w = 133, .box_w = 8, .box_h = 7, .ofs_x = 0, .ofs_y = 0},
    {.bitmap_index = 13360, .adv_w = 133, .box_w = 8, .box_h = 8, .ofs_x = 0, .ofs_y = 0},
    {.bitmap_index = 13392, .adv_w = 133, .box_w = 8, .box_h = 7, .ofs_x = 0, .ofs_y = 0},
    {.bitmap_index = 13420, .adv_w = 133, .box_w = 8, .box_h = 9, .ofs_x = 0, .ofs_y = -2},
    {.bitmap_index = 13456, .adv_w = 133, .box_w = 8, .box_h = 7, .ofs_x = 0, .ofs_y = -2},
    {.bitmap_index = 13484, .adv_w = 116, .box_w = 7, .box_h = 8, .ofs_x = 0, .ofs_y = 0},
    {.bitmap_index = 13512, .adv_w = 89, .box_w = 5, .box_h = 7, .ofs_x = 0, .ofs_y = 0},
    {.bitmap_index = 13530, .adv_w = 116, .box_w = 7, .box_h = 9, .ofs_x = 0, .ofs_y = -2},
    {.bitmap_index = 13562, .adv_w = 89, .box_w = 5, .box_h = 7, .ofs_x = 0, .ofs_y = -2},
    {.bitmap_index = 13580, .adv_w = 116, .box_w = 7, .box_h = 9, .ofs_x = 0, .ofs_y = -2},
    {.bitmap_index = 13612, .adv_w = 89, .box_w = 5, .box_h = 7, .ofs_x = 0, .ofs_y = -2},
    {.bitmap_index = 13630, .adv_w = 116, .box_w = 7, .box_h = 9, .ofs_x = 0, .ofs_y = -2},
    {.bitmap_index = 13662, .adv_w = 89, .box_w = 5, .box_h = 7, .ofs_x = 0, .ofs_y = -2},
    {.bitmap_index = 13680, .adv_w = 124, .box_w = 8, .box_h = 11, .ofs_x = 0, .ofs_y = 0},
    {.bitmap_index = 13724, .adv_w = 89, .box_w = 6, .box_h = 10, .ofs_x = 0, .ofs_y = 0},
    {.bitmap_index = 13754, .adv_w = 124, .box_w = 8, .box_h = 10, .ofs_x = 0, .ofs_y = 0},
    {.bitmap_index = 13794, .adv_w = 89, .box_w = 6, .box_h = 8, .ofs_x = 0, .ofs_y = 0},
    {.bitmap_index = 13818, .adv_w = 124, .box_w = 8, .box_h = 11, .ofs_x = 0, .ofs_y = 0},
    {.bitmap_index = 13862, .adv_w = 89, .box_w = 6, .box_h = 9, .ofs_x = 0, .ofs_y = 0},
    {.bitmap_index = 13889, .adv_w = 124, .box_w = 8, .box_h = 11, .ofs_x = 0, .ofs_y = 0},
    {.bitmap_index = 13933, .adv_w = 89, .box_w = 6, .box_h = 9, .ofs_x = 0, .ofs_y = 0},
    {.bitmap_index = 13960, .adv_w = 107, .box_w = 7, .box_h = 9, .ofs_x = 0, .ofs_y = 0},
    {.bitmap_index = 13992, .adv_w = 89, .box_w = 6, .box_h = 9, .ofs_x = 0, .ofs_y = -2},
    {.bitmap_index = 14019, .adv_w = 107, .box_w = 7, .box_h = 8, .ofs_x = 0, .ofs_y = 0},
    {.bitmap_index = 14047, .adv_w = 89, .box_w = 6, .box_h = 9, .ofs_x = 0, .ofs_y = -2},
    {.bitmap_index = 14074, .adv_w = 116, .box_w = 8, .box_h = 8, .ofs_x = 0, .ofs_y = 0},
    {.bitmap_index = 14106, .adv_w = 53, .box_w = 4, .box_h = 7, .ofs_x = 0, .ofs_y = 0},
    {.bitmap_index = 14120, .adv_w = 116, .box_w = 8, .box_h = 9, .ofs_x = 0, .ofs_y = -2},
    {.bitmap_index = 14156, .adv_w = 53, .box_w = 4, .box_h = 7, .ofs_x = 0, .ofs_y = -2},
    {.bitmap_index = 14170, .adv_w = 116, .box_w = 8, .box_h = 10, .ofs_x = 0, .ofs_y = -2},
    {.bitmap_index = 14210, .adv_w = 53, .box_w = 4, .box_h = 9, .ofs_x = 0, .ofs_y = -2},
    {.bitmap_index = 14228, .adv_w = 116, .box_w = 8, .box_h = 9, .ofs_x = 0, .ofs_y = -2},
    {.bitmap_index = 14264, .adv_w = 53, .box_w = 4, .box_h = 7, .ofs_x = 0, .ofs_y = -2},
    {.bitmap_index = 14278, .adv_w = 107, .box_w = 7, .box_h = 8, .ofs_x = 0, .ofs_y = 0},
    {.bitmap_index = 14306, .adv_w = 80, .box_w = 5, .box_h = 7, .ofs_x = 0, .ofs_y = 0},
    {.bitmap_index = 14324, .adv_w = 107, .box_w = 7, .box_h = 9, .ofs_x = 0, .ofs_y = -2},
    {.bitmap_index = 14356, .adv_w = 80, .box_w = 5, .box_h = 7, .ofs_x = 0, .ofs_y = -2},
    {.bitmap_index = 14374, .adv_w = 107, .box_w = 7, .box_h = 10, .ofs_x = 0, .ofs_y = 0},
    {.bitmap_index = 14409, .adv_w = 80, .box_w = 5, .box_h = 7, .ofs_x = 0, .ofs_y = 0},
    {.bitmap_index = 14427, .adv_w = 107, .box_w = 7, .box_h = 10, .ofs_x = 0, .ofs_y = 0},
    {.bitmap_index = 14462, .adv_w = 80, .box_w = 5, .box_h = 8, .ofs_x = 0, .ofs_y = 0},
    {.bitmap_index = 14482, .adv_w = 107, .box_w = 7, .box_h = 10, .ofs_x = 0, .ofs_y = -2},
    {.bitmap_index = 14517, .adv_w = 80, .box_w = 5, .box_h = 9, .ofs_x = 0, .ofs_y = -2},
    {.bitmap_index = 14540, .adv_w = 98, .box_w = 6, .box_h = 8, .ofs_x = 0, .ofs_y = 0},
    {.bitmap_index = 14564, .adv_w = 44, .box_w = 3, .box_h = 8, .ofs_x = 0, .ofs_y = 0},
    {.bitmap_index = 14576, .adv_w = 98, .box_w = 6, .box_h = 9, .ofs_x = 0, .ofs_y = -2},
    {.bitmap_index = 14603, .adv_w = 44, .box_w = 3, .box_h = 9, .ofs_x = 0, .ofs_y = -2},
    {.bitmap_index = 14617, .adv_w = 98, .box_w = 6, .box_h = 9, .ofs_x = 0, .ofs_y = -2},
    {.bitmap_index = 14644, .adv_w = 44, .box_w = 4, .box_h = 9, .ofs_x = -1, .ofs_y = -2},
    {.bitmap_index = 14662, .adv_w = 98, .box_w = 6, .box_h = 9, .ofs_x = 0, .ofs_y = -2},
    {.bitmap_index = 14689, .adv_w = 44, .box_w = 4, .box_h = 9, .ofs_x = 0, .ofs_y = -2},
    {.bitmap_index = 14707, .adv_w = 116, .box_w = 7, .box_h = 9, .ofs_x = 0, .ofs_y = -2},
    {.bitmap_index = 14739, .adv_w = 89, .box_w = 5, .box_h = 7, .ofs_x = 0, .ofs_y = -2},
    {.bitmap_index = 14757, .adv_w = 116, .box_w = 7, .box_h = 9, .ofs_x = 0, .ofs_y = -2},
    {.bitmap_index = 14789, .adv_w = 89, .box_w = 5, .box_h = 7, .ofs_x = 0, .ofs_y = -2},
    {.bitmap_index = 14807, .adv_w = 116, .box_w = 7, .box_h = 9, .ofs_x = 0, .ofs_y = -2},
    {.bitmap_index = 14839, .adv_w = 89, .box_w = 5, .box_h = 7, .ofs_x = 0, .ofs_y = -2},
    {.bitmap_index = 14857, .adv_w = 116, .box_w = 7, .box_h = 11, .ofs_x = 0, .ofs_y = 0},
    {.bitmap_index = 14896, .adv_w = 89, .box_w = 5, .box_h = 9, .ofs_x = 0, .ofs_y = 0},
    {.bitmap_index = 14919, .adv_w = 116, .box_w = 7, .box_h = 10, .ofs_x = 0, .ofs_y = 0},
    {.bitmap_index = 14954, .adv_w = 89, .box_w = 5, .box_h = 8, .ofs_x = 0, .ofs_y = 0},
    {.bitmap_index = 14974, .adv_w = 107, .box_w = 7, .box_h = 9, .ofs_x = 0, .ofs_y = 0},
    {.bitmap_index = 15006, .adv_w = 80, .box_w = 5, .box_h = 7, .ofs_x = 0, .ofs_y = 0},
    {.bitmap_index = 15024, .adv_w = 107, .box_w = 7, .box_h = 9, .ofs_x = 0, .ofs_y = -2},
    {.bitmap_index = 15056, .adv_w = 80, .box_w = 5, .box_h = 7, .ofs_x = 0, .ofs_y = -2},
    {.bitmap_index = 15074, .adv_w = 151, .box_w = 10, .box_h = 11, .ofs_x = 0, .ofs_y = 0},
    {.bitmap_index = 15129, .adv_w = 131, .box_w = 8, .box_h = 8, .ofs_x = 0, .ofs_y = 0},
    {.bitmap_index = 15161, .adv_w = 151, .box_w = 10, .box_h = 11, .ofs_x = 0, .ofs_y = 0},
    {.bitmap_index = 15216, .adv_w = 131, .box_w = 8, .box_h = 8, .ofs_x = 0, .ofs_y = 0},
    {.bitmap_index = 15248, .adv_w = 151, .box_w = 10, .box_h = 10, .ofs_x = 0, .ofs_y = 0},
    {.bitmap_index = 15298, .adv_w = 131, .box_w = 8, .box_h = 8, .ofs_x = 0, .ofs_y = 0},
    {.bitmap_index = 15330, .adv_w = 151, .box_w = 10, .box_h = 8, .ofs_x = 0, .ofs_y = 0},
    {.bitmap_index = 15370, .adv_w = 116, .box_w = 8, .box_h = 7, .ofs_x = 0, .ofs_y = 0},
    {.bitmap_index = 15398, .adv_w = 151, .box_w = 10, .box_h = 9, .ofs_x = 0, .ofs_y = -2},
    {.bitmap_index = 15443, .adv_w = 116, .box_w = 8, .box_h = 7, .ofs_x = 0, .ofs_y = -2},
    {.bitmap_index = 15471, .adv_w = 107, .box_w = 7, .box_h = 8, .ofs_x = 0, .ofs_y = 0},
    {.bitmap_index = 15499, .adv_w = 80, .box_w = 5, .box_h = 7, .ofs_x = 0, .ofs_y = 0},
    {.bitmap_index = 15517, .adv_w = 107, .box_w = 7, .box_h = 8, .ofs_x = 0, .ofs_y = 0},
    {.bitmap_index = 15545, .adv_w = 80, .box_w = 5, .box_h = 7, .ofs_x = 0, .ofs_y = 0},
    {.bitmap_index = 15563, .adv_w = 107, .box_w = 7, .box_h = 8, .ofs_x = 0, .ofs_y = 0},
    {.bitmap_index = 15591, .adv_w = 80, .box_w = 5, .box_h = 9, .ofs_x = 0, .ofs_y = -2},
    {.bitmap_index = 15614, .adv_w = 98, .box_w = 6, .box_h = 9, .ofs_x = 0, .ofs_y = 0},
    {.bitmap_index = 15641, .adv_w = 80, .box_w = 5, .box_h = 7, .ofs_x = 0, .ofs_y = 0},
    {.bitmap_index = 15659, .adv_w = 98, .box_w = 6, .box_h = 9, .ofs_x = 0, .ofs_y = -2},
    {.bitmap_index = 15686, .adv_w = 80, .box_w = 5, .box_h = 7, .ofs_x = 0, .ofs_y = -2},
    {.bitmap_index = 15704, .adv_w = 98, .box_w = 6, .box_h = 9, .ofs_x = 0, .ofs_y = -2},
    {.bitmap_index = 15731, .adv_w = 80, .box_w = 5, .box_h = 7, .ofs_x = 0, .ofs_y = -2},
    {.bitmap_index = 15749, .adv_w = 89, .box_w = 5, .box_h = 9, .ofs_x = 0, .ofs_y = -2},
    {.bitmap_index = 15772, .adv_w = 44, .box_w = 3, .box_h = 8, .ofs_x = 0, .ofs_y = 0},
    {.bitmap_index = 15784, .adv_w = 116, .box_w = 8, .box_h = 7, .ofs_x = 0, .ofs_y = 0},
    {.bitmap_index = 15812, .adv_w = 80, .box_w = 5, .box_h = 9, .ofs_x = 0, .ofs_y = -2},
    {.bitmap_index = 15835, .adv_w = 89, .box_w = 6, .box_h = 7, .ofs_x = 0, .ofs_y = 0},
    {.bitmap_index = 15856, .adv_w = 44, .box_w = 4, .box_h = 8, .ofs_x = 0, .ofs_y = 0},
    {.bitmap_index = 15872, .adv_w = 111, .box_w = 7, .box_h = 8, .ofs_x = 0, .ofs_y = 0},
    {.bitmap_index = 15900, .adv_w = 107, .box_w = 7, .box_h = 10, .ofs_x = 0, .ofs_y = -2},
    {.bitmap_index = 15935, .adv_w = 88, .box_w = 6, .box_h = 8, .ofs_x = 0, .ofs_y = -2},
    {.bitmap_index = 15959, .adv_w = 107, .box_w = 7, .box_h = 11, .ofs_x = 0, .ofs_y = 0},
    {.bitmap_index = 15998, .adv_w = 88, .box_w = 6, .box_h = 9, .ofs_x = 0, .ofs_y = 0},
    {.bitmap_index = 16025, .adv_w = 107, .box_w = 7, .box_h = 12, .ofs_x = 0, .ofs_y = 0},
    {.bitmap_index = 16067, .adv_w = 88, .box_w = 6, .box_h = 10, .ofs_x = 0, .ofs_y = 0},
    {.bitmap_index = 16097, .adv_w = 107, .box_w = 7, .box_h = 12, .ofs_x = 0, .ofs_y = 0},
    {.bitmap_index = 16139, .adv_w = 88, .box_w = 6, .box_h = 10, .ofs_x = 0, .ofs_y = 0},
    {.bitmap_index = 16169, .adv_w = 107, .box_w = 7, .box_h = 11, .ofs_x = 0, .ofs_y = 0},
    {.bitmap_index = 16208, .adv_w = 88, .box_w = 6, .box_h = 10, .ofs_x = 0, .ofs_y = 0},
    {.bitmap_index = 16238, .adv_w = 107, .box_w = 7, .box_h = 12, .ofs_x = 0, .ofs_y = 0},
    {.bitmap_index = 16280, .adv_w = 88, .box_w = 6, .box_h = 10, .ofs_x = 0, .ofs_y = 0},
    {.bitmap_index = 16310, .adv_w = 107, .box_w = 7, .box_h = 12, .ofs_x = 0, .ofs_y = -2},
    {.bitmap_index = 16352, .adv_w = 88, .box_w = 6, .box_h = 10, .ofs_x = 0, .ofs_y = -2},
    {.bitmap_index = 16382, .adv_w = 107, .box_w = 7, .box_h = 11, .ofs_x = 0, .ofs_y = 0},
    {.bitmap_index = 16421, .adv_w = 88, .box_w = 6, .box_h = 9, .ofs_x = 0, .ofs_y = 0},
    {.bitmap_index = 16448, .adv_w = 107, .box_w = 7, .box_h = 11, .ofs_x = 0, .ofs_y = 0},
    {.bitmap_index = 16487, .adv_w = 88, .box_w = 6, .box_h = 9, .ofs_x = 0, .ofs_y = 0},
    {.bitmap_index = 16514, .adv_w = 107, .box_w = 7, .box_h = 12, .ofs_x = 0, .ofs_y = 0},
    {.bitmap_index = 16556, .adv_w = 88, .box_w = 6, .box_h = 10, .ofs_x = 0, .ofs_y = 0},
    {.bitmap_index = 16586, .adv_w = 107, .box_w = 7, .box_h = 12, .ofs_x = 0, .ofs_y = 0},
    {.bitmap_index = 16628, .adv_w = 88, .box_w = 6, .box_h = 10, .ofs_x = 0, .ofs_y = 0},
    {.bitmap_index = 16658, .adv_w = 107, .box_w = 7, .box_h = 12, .ofs_x = 0, .ofs_y = -2},
    {.bitmap_index = 16700, .adv_w = 88, .box_w = 6, .box_h = 10, .ofs_x = 0, .ofs_y = -2},
    {.bitmap_index = 16730, .adv_w = 96, .box_w = 6, .box_h = 10, .ofs_x = 0, .ofs_y = -2},
    {.bitmap_index = 16760, .adv_w = 90, .box_w = 6, .box_h = 8, .ofs_x = 0, .ofs_y = -2},
    {.bitmap_index = 16784, .adv_w = 96, .box_w = 6, .box_h = 11, .ofs_x = 0, .ofs_y = 0},
    {.bitmap_index = 16817, .adv_w = 90, .box_w = 6, .box_h = 9, .ofs_x = 0, .ofs_y = 0},
    {.bitmap_index = 16844, .adv_w = 96, .box_w = 6, .box_h = 10, .ofs_x = 0, .ofs_y = 0},
    {.bitmap_index = 16874, .adv_w = 90, .box_w = 6, .box_h = 8, .ofs_x = 0, .ofs_y = 0},
    {.bitmap_index = 16898, .adv_w = 96, .box_w = 6, .box_h = 12, .ofs_x = 0, .ofs_y = 0},
    {.bitmap_index = 16934, .adv_w = 90, .box_w = 6, .box_h = 10, .ofs_x = 0, .ofs_y = 0},
    {.bitmap_index = 16964, .adv_w = 96, .box_w = 6, .box_h = 12, .ofs_x = 0, .ofs_y = 0},
    {.bitmap_index = 17000, .adv_w = 90, .box_w = 6, .box_h = 10, .ofs_x = 0, .ofs_y = 0},
    {.bitmap_index = 17030, .adv_w = 96, .box_w = 6, .box_h = 11, .ofs_x = 0, .ofs_y = 0},
    {.bitmap_index = 17063, .adv_w = 90, .box_w = 6, .box_h = 10, .ofs_x = 0, .ofs_y = 0},
    {.bitmap_index = 17093, .adv_w = 96, .box_w = 6, .box_h = 12, .ofs_x = 0, .ofs_y = 0},
    {.bitmap_index = 17129, .adv_w = 90, .box_w = 6, .box_h = 10, .ofs_x = 0, .ofs_y = 0},
    {.bitmap_index = 17159, .adv_w = 96, .box_w = 6, .box_h = 12, .ofs_x = 0, .ofs_y = -2},
    {.bitmap_index = 17195, .adv_w = 90, .box_w = 6, .box_h = 10, .ofs_x = 0, .ofs_y = -2},
    {.bitmap_index = 17225, .adv_w = 43, .box_w = 3, .box_h = 11, .ofs_x = 0, .ofs_y = 0},
    {.bitmap_index = 17242, .adv_w = 39, .box_w = 3, .box_h = 9, .ofs_x = 0, .ofs_y = 0},
    {.bitmap_index = 17256, .adv_w = 43, .box_w = 2, .box_h = 10, .ofs_x = 0, .ofs_y = -2},
    {.bitmap_index = 17266, .adv_w = 39, .box_w = 2, .box_h = 10, .ofs_x = 0, .ofs_y = -2},
    {.bitmap_index = 17276, .adv_w = 118, .box_w = 7, .box_h = 10, .ofs_x = 0, .ofs_y = -2},
    {.bitmap_index = 17311, .adv_w = 92, .box_w = 6, .box_h = 8, .ofs_x = 0, .ofs_y = -2},
    {.bitmap_index = 17335, .adv_w = 118, .box_w = 7, .box_h = 11, .ofs_x = 0, .ofs_y = 0},
    {.bitmap_index = 17374, .adv_w = 92, .box_w = 6, .box_h = 9, .ofs_x = 0, .ofs_y = 0},
    {.bitmap_index = 17401, .adv_w = 118, .box_w = 7, .box_h = 12, .ofs_x = 0, .ofs_y = 0},
    {.bitmap_index = 17443, .adv_w = 92, .box_w = 6, .box_h = 10, .ofs_x = 0, .ofs_y = 0},
    {.bitmap_index = 17473, .adv_w = 118, .box_w = 7, .box_h = 12, .ofs_x = 0, .ofs_y = 0},
    {.bitmap_index = 17515, .adv_w = 92, .box_w = 6, .box_h = 10, .ofs_x = 0, .ofs_y = 0},
    {.bitmap_index = 17545, .adv_w = 118, .box_w = 7, .box_h = 12, .ofs_x = 0, .ofs_y = 0},
    {.bitmap_index = 17587, .adv_w = 92, .box_w = 6, .box_h = 10, .ofs_x = 0, .ofs_y = 0},
    {.bitmap_index = 17617, .adv_w = 118, .box_w = 7, .box_h = 12, .ofs_x = 0, .ofs_y = 0},
    {.bitmap_index = 17659, .adv_w = 92, .box_w = 6, .box_h = 10, .ofs_x = 0, .ofs_y = 0},
    {.bitmap_index = 17689, .adv_w = 118, .box_w = 7, .box_h = 12, .ofs_x = 0, .ofs_y = -2},
    {.bitmap_index = 17731, .adv_w = 92, .box_w = 6, .box_h = 10, .ofs_x = 0, .ofs_y = -2},
    {.bitmap_index = 17761, .adv_w = 118, .box_w = 7, .box_h = 11, .ofs_x = 0, .ofs_y = 0},
    {.bitmap_index = 17800, .adv_w = 92, .box_w = 6, .box_h = 8, .ofs_x = 0, .ofs_y = 0},
    {.bitmap_index = 17824, .adv_w = 118, .box_w = 7, .box_h = 11, .ofs_x = 0, .ofs_y = 0},
    {.bitmap_index = 17863, .adv_w = 92, .box_w = 6, .box_h = 8, .ofs_x = 0, .ofs_y = 0},
    {.bitmap_index = 17887, .adv_w = 118, .box_w = 7, .box_h = 11, .ofs_x = 0, .ofs_y = 0},
    {.bitmap_index = 17926, .adv_w = 92, .box_w = 6, .box_h = 9, .ofs_x = 0, .ofs_y = 0},
    {.bitmap_index = 17953, .adv_w = 118, .box_w = 7, .box_h = 10, .ofs_x = 0, .ofs_y = 0},
    {.bitmap_index = 17988, .adv_w = 92, .box_w = 6, .box_h = 8, .ofs_x = 0, .ofs_y = 0},
    {.bitmap_index = 18012, .adv_w = 118, .box_w = 7, .box_h = 11, .ofs_x = 0, .ofs_y = -2},
    {.bitmap_index = 18051, .adv_w = 92, .box_w = 6, .box_h = 9, .ofs_x = 0, .ofs_y = -2},
    {.bitmap_index = 18078, .adv_w = 110, .box_w = 7, .box_h = 10, .ofs_x = 0, .ofs_y = -2},
    {.bitmap_index = 18113, .adv_w = 92, .box_w = 5, .box_h = 8, .ofs_x = 0, .ofs_y = -2},
    {.bitmap_index = 18133, .adv_w = 110, .box_w = 7, .box_h = 11, .ofs_x = 0, .ofs_y = 0},
    {.bitmap_index = 18172, .adv_w = 92, .box_w = 5, .box_h = 9, .ofs_x = 0, .ofs_y = 0},
    {.bitmap_index = 18195, .adv_w = 110, .box_w = 8, .box_h = 11, .ofs_x = 0, .ofs_y = 0},
    {.bitmap_index = 18239, .adv_w = 93, .box_w = 6, .box_h = 8, .ofs_x = 0, .ofs_y = 0},
    {.bitmap_index = 18263, .adv_w = 110, .box_w = 8, .box_h = 11, .ofs_x = 0, .ofs_y = 0},
    {.bitmap_index = 18307, .adv_w = 93, .box_w = 6, .box_h = 8, .ofs_x = 0, .ofs_y = 0},
    {.bitmap_index = 18331, .adv_w = 110, .box_w = 8, .box_h = 11, .ofs_x = 0, .ofs_y = 0},
    {.bitmap_index = 18375, .adv_w = 93, .box_w = 6, .box_h = 9, .ofs_x = 0, .ofs_y = 0},
    {.bitmap_index = 18402, .adv_w = 110, .box_w = 8, .box_h = 10, .ofs_x = 0, .ofs_y = 0},
    {.bitmap_index = 18442, .adv_w = 93, .box_w = 6, .box_h = 8, .ofs_x = 0, .ofs_y = 0},
    {.bitmap_index = 18466, .adv_w = 110, .box_w = 8, .box_h = 11, .ofs_x = 0, .ofs_y = -2},
    {.bitmap_index = 18510, .adv_w = 93, .box_w = 6, .box_h = 9, .ofs_x = 0, .ofs_y = -2},
    {.bitmap_index = 18537, .adv_w = 92, .box_w = 7, .box_h = 11, .ofs_x = -1, .ofs_y = 0},
    {.bitmap_index = 18576, .adv_w = 86, .box_w = 6, .box_h = 10, .ofs_x = 0, .ofs_y = -2},
    {.bitmap_index = 18606, .adv_w = 92, .box_w = 7, .box_h = 10, .ofs_x = -1, .ofs_y = -2},
    {.bitmap_index = 18641, .adv_w = 86, .box_w = 6, .box_h = 8, .ofs_x = 0, .ofs_y = -2},
    {.bitmap_index = 18665, .adv_w = 92, .box_w = 7, .box_h = 11, .ofs_x = -1, .ofs_y = 0},
    {.bitmap_index = 18704, .adv_w = 86, .box_w = 6, .box_h = 10, .ofs_x = 0, .ofs_y = -2},
    {.bitmap_index = 18734, .adv_w = 92, .box_w = 7, .box_h = 10, .ofs_x = -1, .ofs_y = 0},
    {.bitmap_index = 18769, .adv_w = 86, .box_w = 6, .box_h = 10, .ofs_x = 0, .ofs_y = -2},
    {.bitmap_index = 18799, .adv_w = 95, .box_w = 6, .box_h = 1, .ofs_x = 0, .ofs_y = 3},
    {.bitmap_index = 18802, .adv_w = 145, .box_w = 9, .box_h = 1, .ofs_x = 0, .ofs_y = 3},
    {.bitmap_index = 18807, .adv_w = 90, .box_w = 6, .box_h = 1, .ofs_x = 0, .ofs_y = 2},
    {.bitmap_index = 18810, .adv_w = 69, .box_w = 4, .box_h = 8, .ofs_x = 0, .ofs_y = -1},
    {.bitmap_index = 18826, .adv_w = 80, .box_w = 7, .box_h = 2, .ofs_x = -1, .ofs_y = -2},
    {.bitmap_index = 18833, .adv_w = 32, .box_w = 2, .box_h = 4, .ofs_x = 0, .ofs_y = 4},
    {.bitmap_index = 18837, .adv_w = 32, .box_w = 2, .box_h = 3, .ofs_x = 0, .ofs_y = 5},
    {.bitmap_index = 18840, .adv_w = 32, .box_w = 2, .box_h = 4, .ofs_x = 0, .ofs_y = -2},
    {.bitmap_index = 18844, .adv_w = 36, .box_w = 2, .box_h = 3, .ofs_x = 0, .ofs_y = 4},
    {.bitmap_index = 18847, .adv_w = 59, .box_w = 4, .box_h = 4, .ofs_x = 0, .ofs_y = 4},
    {.bitmap_index = 18855, .adv_w = 59, .box_w = 4, .box_h = 3, .ofs_x = 0, .ofs_y = 5},
    {.bitmap_index = 18861, .adv_w = 59, .box_w = 4, .box_h = 4, .ofs_x = 0, .ofs_y = -2},
    {.bitmap_index = 18869, .adv_w = 53, .box_w = 3, .box_h = 3, .ofs_x = 0, .ofs_y = 4},
    {.bitmap_index = 18874, .adv_w = 93, .box_w = 5, .box_h = 8, .ofs_x = 0, .ofs_y = 0},
    {.bitmap_index = 18894, .adv_w = 93, .box_w = 5, .box_h = 8, .ofs_x = 0, .ofs_y = 0},
    {.bitmap_index = 18914, .adv_w = 50, .box_w = 3, .box_h = 3, .ofs_x = 0, .ofs_y = 2},
    {.bitmap_index = 18919, .adv_w = 56, .box_w = 4, .box_h = 4, .ofs_x = 0, .ofs_y = 1},
    {.bitmap_index = 18927, .adv_w = 44, .box_w = 2, .box_h = 1, .ofs_x = 0, .ofs_y = 0},
    {.bitmap_index = 18928, .adv_w = 89, .box_w = 5, .box_h = 1, .ofs_x = 0, .ofs_y = 0},
    {.bitmap_index = 18931, .adv_w = 91, .box_w = 6, .box_h = 2, .ofs_x = 0, .ofs_y = 0},
    {.bitmap_index = 18937, .adv_w = 53, .box_w = 3, .box_h = 5, .ofs_x = 0, .ofs_y = 1},
    {.bitmap_index = 18945, .adv_w = 121, .box_w = 8, .box_h = 9, .ofs_x = 0, .ofs_y = -1},
    {.bitmap_index = 18981, .adv_w = 91, .box_w = 6, .box_h = 8, .ofs_x = 0, .ofs_y = -1}
};

/*---------------------
 *  CHARACTER MAPPING
 *--------------------*/

static const uint16_t unicode_list_9[] = {
    0x0, 0x6d9, 0x6dd
};

/*Collect the unicode lists and glyph_id offsets*/
static const lv_font_fmt_txt_cmap_t cmaps[] =
{
    {
        .range_start = 32, .range_length = 95, .glyph_id_start = 1,
        .unicode_list = NULL, .glyph_id_ofs_list = NULL, .list_length = 0, .type = LV_FONT_FMT_TXT_CMAP_FORMAT0_TINY
    },
    {
        .range_start = 160, .range_length = 86, .glyph_id_start = 96,
        .unicode_list = NULL, .glyph_id_ofs_list = NULL, .list_length = 0, .type = LV_FONT_FMT_TXT_CMAP_FORMAT0_TINY
    },
    {
        .range_start = 246, .range_length = 256, .glyph_id_start = 182,
        .unicode_list = NULL, .glyph_id_ofs_list = NULL, .list_length = 0, .type = LV_FONT_FMT_TXT_CMAP_FORMAT0_TINY
    },
    {
        .range_start = 506, .range_length = 34, .glyph_id_start = 438,
        .unicode_list = NULL, .glyph_id_ofs_list = NULL, .list_length = 0, .type = LV_FONT_FMT_TXT_CMAP_FORMAT0_TINY
    },
    {
        .range_start = 567, .range_length = 1, .glyph_id_start = 472,
        .unicode_list = NULL, .glyph_id_ofs_list = NULL, .list_length = 0, .type = LV_FONT_FMT_TXT_CMAP_FORMAT0_TINY
    },
    {
        .range_start = 7680, .range_length = 156, .glyph_id_start = 473,
        .unicode_list = NULL, .glyph_id_ofs_list = NULL, .list_length = 0, .type = LV_FONT_FMT_TXT_CMAP_FORMAT0_TINY
    },
    {
        .range_start = 7838, .range_length = 1, .glyph_id_start = 629,
        .unicode_list = NULL, .glyph_id_ofs_list = NULL, .list_length = 0, .type = LV_FONT_FMT_TXT_CMAP_FORMAT0_TINY
    },
    {
        .range_start = 7840, .range_length = 90, .glyph_id_start = 630,
        .unicode_list = NULL, .glyph_id_ofs_list = NULL, .list_length = 0, .type = LV_FONT_FMT_TXT_CMAP_FORMAT0_TINY
    },
    {
        .range_start = 8211, .range_length = 20, .glyph_id_start = 720,
        .unicode_list = NULL, .glyph_id_ofs_list = NULL, .list_length = 0, .type = LV_FONT_FMT_TXT_CMAP_FORMAT0_TINY
    },
    {
        .range_start = 8250, .range_length = 1758, .glyph_id_start = 740,
        .unicode_list = unicode_list_9, .glyph_id_ofs_list = NULL, .list_length = 3, .type = LV_FONT_FMT_TXT_CMAP_SPARSE_TINY
    }
};

/*-----------------
 *    KERNING
 *----------------*/


/*Map glyph_ids to kern left classes*/
static const uint8_t kern_left_class_mapping[] =
{
    0, 0, 0, 1, 0, 0, 0, 2,
    1, 3, 0, 4, 5, 6, 7, 6,
    8, 9, 10, 11, 12, 13, 14, 15,
    16, 17, 9, 18, 18, 5, 5, 5,
    0, 0, 19, 20, 21, 22, 23, 24,
    25, 26, 26, 27, 28, 29, 26, 26,
    22, 30, 22, 31, 22, 32, 27, 33,
    33, 28, 34, 35, 36, 37, 0, 5,
    0, 0, 38, 39, 39, 26, 39, 40,
    41, 42, 26, 26, 43, 38, 42, 42,
    39, 39, 41, 44, 39, 45, 41, 46,
    46, 43, 46, 47, 48, 0, 0, 5,
    0, 49, 50, 0, 0, 10, 0, 0,
    0, 51, 52, 53, 5, 0, 0, 0,
    0, 5, 0, 0, 0, 0, 0, 0,
    0, 0, 52, 54, 0, 0, 0, 55,
    19, 19, 19, 19, 19, 19, 23, 21,
    23, 23, 23, 23, 26, 26, 26, 26,
    50, 26, 22, 22, 22, 22, 22, 5,
    22, 27, 27, 27, 27, 34, 22, 0,
    38, 38, 38, 38, 38, 38, 39, 39,
    39, 39, 39, 39, 26, 26, 26, 26,
    39, 42, 39, 39, 39, 39, 39, 5,
    39, 41, 41, 41, 41, 46, 39, 46,
    19, 38, 19, 38, 19, 38, 21, 39,
    21, 39, 21, 39, 21, 39, 50, 56,
    22, 0, 23, 39, 0, 0, 23, 39,
    23, 39, 23, 39, 25, 41, 25, 41,
    25, 41, 25, 41, 26, 42, 26, 42,
    26, 26, 26, 26, 0, 0, 26, 26,
    26, 26, 27, 26, 27, 26, 28, 43,
    0, 29, 38, 29, 38, 57, 56, 0,
    0, 29, 38, 26, 42, 26, 42, 26,
    42, 0, 26, 42, 22, 39, 0, 0,
    22, 39, 23, 39, 31, 44, 31, 44,
    31, 44, 22, 39, 22, 39, 22, 39,
    22, 39, 32, 45, 32, 56, 32, 45,
    27, 41, 27, 41, 27, 41, 27, 41,
    27, 41, 27, 41, 33, 46, 34, 46,
    34, 35, 47, 35, 47, 35, 47, 0,
    0, 0, 0, 0, 0, 0, 0, 0,
    0, 0, 0, 0, 0, 0, 0, 22,
    0, 0, 40, 0, 0, 0, 0, 0,
    0, 0, 0, 0, 0, 0, 0, 0,
    22, 39, 0, 0, 0, 0, 0, 0,
    0, 0, 0, 0, 0, 0, 0, 58,
    41, 0, 0, 0, 0, 0, 0, 0,
    0, 0, 0, 0, 0, 0, 0, 0,
    0, 0, 0, 0, 0, 0, 0, 0,
    0, 0, 0, 0, 0, 19, 38, 0,
    0, 0, 0, 0, 0, 0, 0, 0,
    0, 0, 0, 0, 0, 0, 0, 0,
    0, 0, 0, 0, 25, 41, 25, 41,
    28, 43, 0, 0, 0, 0, 0, 0,
    0, 0, 0, 0, 0, 0, 0, 0,
    0, 0, 0, 0, 0, 0, 0, 0,
    0, 0, 0, 0, 0, 0, 0, 0,
    0, 0, 0, 0, 0, 0, 0, 0,
    0, 0, 0, 0, 22, 39, 32, 45,
    26, 0, 0, 0, 0, 0, 0, 0,
    0, 0, 0, 0, 0, 0, 0, 0,
    0, 0, 0, 0, 0, 0, 0, 0,
    0, 0, 0, 0, 0, 0, 0, 0,
    0, 25, 41, 0, 0, 0, 0, 0,
    0, 0, 0, 0, 0, 0, 0, 0,
    0, 0, 0, 0, 0, 0, 0, 0,
    0, 0, 0, 0, 0, 0, 0, 0,
    0, 0, 0, 0, 0, 0, 0, 0,
    0, 0, 0, 0, 0, 0, 0, 0,
    0, 0, 0, 0, 0, 0, 0, 0,
    0, 0, 0, 0, 0, 0, 0, 0,
    0, 0, 0, 0, 0, 0, 0, 0,
    0, 0, 0, 0, 0, 0, 0, 0,
    0, 0, 0, 0, 0, 0, 0, 0,
    0, 0, 0, 0, 0, 0, 0, 0,
    0, 33, 46, 33, 46, 33, 46, 0,
    0, 0, 0, 0, 0, 0, 0, 0,
    0, 0, 0, 0, 0, 0, 0, 0,
    0, 0, 0, 0, 0, 20, 19, 38,
    19, 38, 19, 38, 19, 38, 19, 38,
    19, 38, 19, 38, 19, 38, 19, 38,
    19, 38, 19, 38, 19, 38, 23, 39,
    23, 39, 23, 39, 23, 39, 23, 39,
    23, 39, 23, 39, 23, 39, 23, 26,
    26, 26, 22, 39, 22, 39, 22, 39,
    22, 39, 22, 39, 22, 39, 22, 39,
    22, 39, 22, 39, 22, 39, 22, 39,
    22, 39, 27, 41, 27, 41, 58, 41,
    58, 41, 58, 41, 58, 41, 58, 41,
    34, 46, 34, 46, 34, 46, 34, 46,
    0, 0, 0, 0, 0, 59, 60, 6,
    0, 59, 60, 6, 0, 0, 0, 0,
    0, 0, 0, 6, 61, 0, 0
};

/*Map glyph_ids to kern right classes*/
static const uint8_t kern_right_class_mapping[] =
{
    0, 0, 1, 2, 0, 0, 3, 4,
    2, 0, 5, 6, 7, 8, 9, 8,
    10, 11, 12, 13, 14, 15, 16, 11,
    17, 18, 19, 20, 20, 7, 7, 7,
    21, 0, 22, 23, 24, 23, 25, 23,
    24, 23, 23, 26, 27, 27, 23, 23,
    24, 23, 24, 23, 24, 28, 29, 30,
    30, 31, 32, 33, 0, 34, 35, 7,
    0, 0, 36, 23, 37, 37, 37, 38,
    37, 23, 23, 39, 23, 40, 41, 41,
    37, 41, 37, 41, 37, 42, 43, 44,
    44, 45, 44, 46, 0, 0, 47, 7,
    0, 0, 0, 0, 0, 48, 0, 0,
    0, 49, 50, 51, 7, 0, 0, 0,
    0, 7, 0, 0, 0, 0, 0, 0,
    0, 0, 50, 52, 0, 0, 0, 53,
    22, 22, 22, 22, 22, 22, 22, 24,
    23, 23, 23, 23, 23, 23, 23, 23,
    24, 23, 24, 24, 24, 24, 24, 7,
    24, 29, 29, 29, 29, 32, 23, 23,
    36, 36, 36, 36, 36, 36, 36, 37,
    37, 37, 37, 37, 23, 23, 23, 23,
    37, 41, 37, 37, 37, 37, 37, 7,
    37, 43, 43, 43, 43, 44, 23, 44,
    22, 36, 22, 36, 22, 36, 24, 37,
    24, 37, 24, 37, 24, 37, 23, 37,
    23, 37, 23, 37, 0, 0, 23, 37,
    23, 37, 23, 37, 24, 37, 24, 37,
    24, 37, 24, 37, 23, 23, 23, 23,
    23, 23, 23, 23, 0, 0, 23, 23,
    23, 23, 23, 23, 26, 39, 27, 23,
    0, 27, 40, 23, 40, 27, 40, 0,
    0, 54, 40, 23, 41, 23, 41, 23,
    41, 0, 23, 41, 24, 37, 0, 0,
    24, 37, 24, 37, 23, 41, 23, 41,
    23, 41, 24, 37, 24, 37, 24, 37,
    24, 37, 28, 55, 28, 55, 28, 55,
    29, 43, 29, 43, 29, 43, 29, 43,
    29, 43, 29, 43, 30, 44, 32, 44,
    32, 33, 46, 33, 46, 33, 46, 0,
    0, 0, 0, 0, 0, 0, 0, 0,
    0, 0, 0, 0, 0, 0, 0, 24,
    0, 0, 38, 0, 0, 0, 0, 0,
    0, 0, 0, 0, 0, 0, 0, 0,
    24, 37, 0, 0, 0, 0, 0, 0,
    0, 0, 0, 0, 0, 0, 0, 29,
    43, 0, 0, 0, 0, 0, 0, 0,
    0, 0, 0, 0, 0, 0, 0, 0,
    0, 0, 0, 0, 0, 0, 0, 0,
    0, 0, 0, 0, 0, 22, 36, 0,
    0, 0, 0, 0, 0, 0, 0, 0,
    0, 0, 0, 0, 0, 0, 0, 0,
    0, 0, 0, 0, 24, 37, 24, 37,
    27, 23, 0, 0, 0, 0, 0, 0,
    0, 0, 0, 0, 0, 0, 0, 0,
    0, 0, 0, 0, 0, 0, 0, 0,
    0, 0, 0, 0, 0, 0, 0, 0,
    0, 0, 0, 0, 0, 0, 0, 0,
    0, 0, 0, 0, 24, 37, 28, 55,
    39, 0, 0, 0, 0, 0, 0, 0,
    0, 0, 0, 0, 0, 0, 0, 0,
    0, 0, 0, 0, 0, 0, 0, 0,
    0, 0, 0, 0, 0, 0, 0, 0,
    0, 24, 37, 0, 0, 0, 0, 0,
    0, 0, 0, 0, 0, 0, 0, 0,
    0, 0, 0, 0, 0, 0, 0, 0,
    0, 0, 0, 0, 0, 0, 0, 0,
    0, 0, 0, 0, 0, 0, 0, 0,
    0, 0, 0, 0, 0, 0, 0, 0,
    0, 0, 0, 0, 0, 0, 0, 0,
    0, 0, 0, 0, 0, 0, 0, 0,
    0, 0, 0, 0, 0, 0, 0, 0,
    0, 0, 0, 0, 0, 0, 0, 0,
    0, 0, 0, 0, 0, 0, 0, 0,
    0, 0, 0, 0, 0, 0, 0, 0,
    0, 30, 44, 30, 44, 30, 44, 0,
    0, 0, 0, 0, 0, 0, 0, 0,
    0, 0, 0, 0, 0, 0, 0, 0,
    0, 0, 0, 0, 0, 23, 22, 36,
    22, 36, 22, 36, 22, 36, 22, 36,
    22, 36, 22, 36, 22, 36, 22, 36,
    22, 36, 22, 36, 22, 36, 23, 37,
    23, 37, 23, 37, 23, 37, 23, 37,
    23, 37, 23, 37, 23, 37, 23, 23,
    23, 23, 24, 37, 24, 37, 24, 37,
    24, 37, 24, 37, 24, 37, 24, 37,
    24, 37, 24, 37, 24, 37, 24, 37,
    24, 37, 29, 43, 29, 43, 29, 43,
    29, 43, 29, 43, 29, 43, 29, 43,
    32, 44, 32, 44, 32, 44, 32, 44,
    0, 0, 0, 0, 0, 56, 57, 8,
    0, 56, 58, 8, 0, 0, 0, 0,
    0, 0, 0, 8, 52, 0, 0
};

/*Kern values between classes*/
static const int8_t kern_class_values[] =
{
    0, 0, 0, 0, 0, 0, 0, 0,
    0, -8, 0, 0, 0, 0, -5, 0,
    2, 0, 0, 0, 0, 0, 0, 0,
    0, 0, 0, 0, 0, 0, 0, 0,
    0, 0, 0, 0, 0, 0, 0, 0,
    0, 0, 0, 0, 0, 0, 0, 0,
    0, 0, 0, 0, -6, 0, 0, 0,
    0, 0, 0, 0, 0, 0, 0, 0,
    0, 0, 0, 0, 0, 0, 0, 0,
    0, 0, -11, 0, 0, 0, 0, 0,
    0, 0, 0, 0, 0, 0, 0, 0,
    0, 0, 0, -8, 0, 0, 0, 0,
    0, 0, 0, 0, 0, 0, 0, 0,
    0, 0, 0, 0, 0, 0, 0, 0,
    0, 0, 0, 0, 0, 0, 0, 0,
    0, 0, 0, 0, 0, 0, 0, 0,
    -2, -1, -6, 0, 0, -1, 0, 0,
    0, 0, 0, 0, 0, 0, 0, 0,
    0, 0, 0, 0, 0, 0, 0, 0,
    0, 0, 0, 0, 0, 0, 0, 0,
    0, 0, 0, 0, -2, 0, 0, 0,
    0, 0, 0, 0, 0, 0, 0, 0,
    0, 0, 0, 0, 0, -6, 0, -11,
    0, 0, 0, 0, 0, 0, 2, 0,
    0, 0, 0, 0, 0, 0, 0, 0,
    0, 0, 0, 0, 0, 0, 0, 0,
    0, 0, 0, 0, 0, 0, 0, 0,
    0, 0, 0, 0, 0, 0, 0, 0,
    0, 0, 0, 0, 0, 0, 0, 0,
    0, 0, 0, 0, 0, 0, 0, 0,
    0, 0, 0, 0, 0, 0, 0, 0,
    -3, 0, 0, 0, 0, 0, 0, 0,
    0, 0, 0, 0, 0, 0, 0, 0,
    0, 0, 0, 0, 0, 0, 0, 0,
    0, 0, 0, 0, 0, 0, 0, 0,
    0, 0, 0, 0, 0, 0, 0, 0,
    0, 0, 0, 0, 0, 0, 0, -6,
    0, 0, 0, 0, 0, -13, 0, 0,
    0, 0, -10, 0, 0, 0, 0, 0,
    0, 0, 0, 0, 0, 0, 0, 0,
    0, 0, 0, -13, 0, 0, 0, 0,
    0, 0, 0, 0, 0, 0, 0, 0,
    0, 0, -3, 0, 0, 0, 0, 0,
    0, 0, 0, 0, 0, 0, 0, 0,
    0, 0, 0, 0, 0, 0, 0, -3,
    0, 0, 2, 0, -6, 0, 0, 0,
    0, 0, 0, 0, 0, 0, 0, 0,
    0, 0, 0, 0, 0, 0, 0, 0,
    0, 0, 0, 0, 0, 0, 0, 0,
    0, 0, 0, 0, 0, 0, 0, 0,
    0, 0, 0, 0, 0, 0, -5, 0,
    0, -4, 0, 0, 0, -13, 0, -17,
    -3, -3, -6, -6, -13, -2, 0, -3,
    -3, -5, -5, 0, 0, 0, 0, 0,
    0, 0, 0, 0, 0, 0, 0, -2,
    0, 0, 0, 0, 0, 0, 0, 0,
    0, 0, 0, 0, 0, -2, -5, 0,
    -8, -3, 0, 0, 0, 0, 0, 0,
    0, 0, 0, 0, 0, 0, 0, 0,
    0, 0, 2, -2, 0, 0, -2, 0,
    -6, 0, 0, 0, 0, 0, 0, 0,
    0, 0, 0, 0, 0, 0, 0, 0,
    0, 0, 0, 0, 0, 0, 0, 0,
    0, 0, 0, 0, 0, 0, 0, 0,
    0, 0, 0, 0, 0, 0, 0, 0,
    0, 0, 0, 0, 0, 0, 0, 0,
    0, 0, -2, -3, -2, -6, -2, 0,
    -3, 0, -3, -3, 0, 0, 0, 0,
    0, 0, 0, 0, 0, 0, 0, 0,
    0, 0, 0, 0, 0, 0, 0, 0,
    0, 0, 0, 0, 0, 0, 0, 0,
    0, -2, -2, 0, 0, 0, 0, 0,
    0, -3, -3, -3, 0, 0, 0, 0,
    0, 0, 0, 0, -5, -2, 0, -2,
    0, -3, -6, 0, -5, 0, 0, 0,
    0, 0, 0, 0, 0, 0, 0, 0,
    0, 0, 0, 0, 0, 0, 0, 0,
    0, 0, 0, 0, 0, 0, 0, 0,
    0, 0, 0, 0, -2, 0, 0, 0,
    0, 0, 0, 0, 0, 0, 0, 0,
    0, 0, -1, 0, 0, 0, 0, -5,
    0, 0, 0, 0, 0, 0, -3, 0,
    0, 0, 0, 0, 0, 0, 0, 0,
    0, 0, 0, 0, 0, 0, 0, 0,
    0, 0, 0, 0, 0, 0, 0, 0,
    0, 0, 0, 0, 0, 0, 0, 0,
    0, 0, 0, 0, 0, 0, 0, 0,
    0, -2, -3, 0, 0, 0, 0, 0,
    -2, 0, -2, -3, 0, -3, 0, 0,
    -5, 0, 0, -3, 0, 0, 0, 0,
    0, 0, 0, 0, 0, 0, 0, 0,
    0, 0, 0, 0, 0, 0, 0, 0,
    0, 0, 0, 0, 0, 0, 0, 0,
    0, 0, 0, 0, 0, 0, 0, 0,
    0, 0, 0, 0, 0, 0, -2, 0,
    0, 0, 0, -3, -3, 0, -2, 0,
    0, 0, -8, 0, 0, 0, 0, 0,
    0, 0, 0, 0, 0, 0, 0, 0,
    0, 0, 0, 0, 0, 0, 0, 0,
    0, 0, 0, 0, 0, 0, 0, 0,
    0, 0, 0, 0, 0, 0, 0, 0,
    0, 0, 0, 0, 0, 0, 0, 0,
    0, 0, 0, 0, 0, -3, 0, -3,
    -2, 0, 0, 0, -6, 0, 0, 0,
    0, 0, 0, 0, 0, 0, 0, 0,
    0, 0, 0, 0, 0, 0, 0, 0,
    0, 0, 0, 0, 0, 0, 0, 0,
    0, 0, 0, 0, 0, 0, 0, 0,
    0, 0, 0, 0, 0, 0, 0, 0,
    2, 0, 0, 0, 0, -16, -6, -10,
    0, 2, -2, 0, -10, 0, 3, -2,
    0, -3, 0, 0, 0, 0, 0, 0,
    0, 0, 0, 0, 0, 0, 0, 0,
    5, 0, 0, 0, 0, 0, 0, 0,
    0, 0, 0, 0, 5, 0, -2, 0,
    0, 0, 0, 0, 0, 0, 0, 0,
    0, 0, 0, 0, -1, 0, 0, 0,
    0, 0, 0, -3, 0, 0, 0, 0,
    -3, 0, 0, 0, 0, 0, 0, 0,
    0, 0, 0, 0, 0, 0, 0, 0,
    0, 0, 0, 0, 0, 0, 0, 0,
    0, 0, 0, 0, 0, 0, 0, 0,
    0, 0, 0, 0, 0, 0, 0, 0,
    0, 0, 0, 0, 0, 0, 0, 0,
    0, 0, 0, -3, 0, 0, 0, 0,
    -3, 0, -10, 0, 0, 0, 0, 0,
    0, 0, 0, 0, 0, 0, 0, 0,
    0, 0, 0, -5, 0, 0, 0, 0,
    0, 0, 0, 0, 0, 0, 0, 0,
    0, 0, -2, 0, 0, 0, 0, 0,
    0, 0, 0, 0, -2, -8, 0, 0,
    0, -11, 0, 0, 0, 0, 0, 0,
    0, -5, 0, 0, -14, 0, 0, -3,
    -8, 0, -3, -5, -3, -5, -2, -14,
    -3, -17, 0, -11, -2, -17, 0, 0,
    -3, -6, 0, -3, -3, -10, -3, -10,
    -5, -2, 0, -2, -5, -11, 0, 0,
    0, 0, -10, 0, 0, 0, 0, 0,
    0, 0, 0, 0, 0, 0, 0, -3,
    0, 0, 0, 0, 0, 0, -6, 0,
    0, -3, -5, -3, -1, -2, -3, 0,
    0, -6, 0, -5, 0, -6, 0, -5,
    0, -1, 0, -3, -2, -2, -2, -3,
    -2, -5, -6, -3, 0, 0, -2, 0,
    0, 0, 0, 0, 0, 0, 0, 0,
    0, 0, 0, 0, 0, 0, 0, 0,
    0, -4, 0, 0, 0, 0, 0, 0,
    -2, 0, 0, 0, 0, -4, 0, 0,
    0, 0, -2, -2, 0, -3, -3, -3,
    0, -3, 0, -1, -1, -3, 0, -2,
    -1, -2, -2, -2, -5, -2, 0, -2,
    0, 0, 0, 0, 0, 0, -2, 0,
    0, 0, 0, 0, 0, 0, -3, -2,
    0, -3, 0, -5, 0, 0, -2, 0,
    0, 0, -6, 0, 0, -2, -3, -5,
    2, 0, 2, -2, -2, -6, 0, -5,
    -5, -6, -2, -5, 0, 2, 2, -2,
    -3, 0, 0, -4, 0, -2, -3, 0,
    0, -2, 0, -2, 0, 0, 0, -2,
    -4, 0, 0, 0, 0, 0, 0, 0,
    0, 0, 0, 0, 0, 0, 0, 0,
    0, 0, 0, 0, 0, 0, 0, -2,
    -3, 0, -2, 0, -2, 0, 0, 0,
    0, 2, 0, -3, 0, 2, 0, -1,
    -3, -5, -2, 0, 0, -6, 0, -3,
    -5, 0, 0, 0, 0, 0, 0, 0,
    0, 0, -6, 0, 0, 0, 0, 0,
    0, 0, 0, 0, 0, -13, 0, -13,
    0, 0, 0, 0, 0, 0, 0, 0,
    0, -5, -3, -13, -3, 0, -3, -10,
    -5, 0, 0, 0, -3, -3, -3, 0,
    0, -3, -5, -2, -5, -3, -5, -6,
    -5, -6, -8, -5, 0, -5, 0, 0,
    0, 0, 0, 0, -6, 0, 0, 0,
    0, 0, 0, 0, 0, 0, 0, 0,
    0, 0, 0, 0, 0, 0, 0, 0,
    -3, 0, 0, 0, 0, 0, 0, 0,
    0, 0, 0, -3, 0, -5, -2, -3,
    0, -5, 0, 2, 2, -2, 0, 0,
    0, -2, 0, -1, -2, 1, 0, 0,
    0, 0, 0, 0, 0, 0, -2, 0,
    0, 0, 0, 0, 0, 0, 0, 0,
    0, 0, 0, -2, 0, 0, 0, 0,
    0, 0, -6, 0, 0, 0, -2, -2,
    -3, -2, -3, -3, 0, -6, 2, -3,
    -2, -3, 0, -3, 0, -2, -2, -8,
    -2, -2, 1, -6, -3, -2, -8, -2,
    0, 0, -2, 0, 0, 0, 0, 0,
    -6, 0, 0, 0, 0, 0, 0, 0,
    0, 0, 0, 0, 0, -3, 0, 0,
    0, 0, 0, 0, 0, 0, 0, 0,
    0, -3, 2, 0, 2, -5, 0, 0,
    0, 0, -3, -3, 0, 0, 0, 0,
    -1, -3, -1, 0, 0, -3, 0, -3,
    -5, -3, 0, 0, 0, 0, 0, 0,
    0, 0, -3, 0, 0, 0, 0, 0,
    0, 0, 0, -2, 0, 0, 0, 0,
    0, 0, 0, 0, 0, 0, -1, 0,
    0, -3, -3, 0, -2, -6, -2, -5,
    -3, -1, -3, -2, 0, 0, -2, -2,
    0, -2, -7, -8, -2, 0, -3, -8,
    -5, -5, -5, 0, 0, -3, -6, -2,
    0, 0, 0, 0, -8, 0, 0, 0,
    -3, -16, 0, 0, 0, -19, 0, -2,
    0, -3, 0, 0, 0, 0, 0, 0,
    -22, 0, 0, -3, -13, -3, -8, -8,
    -8, -10, -5, -22, -8, -26, 0, -26,
    -3, -26, 0, 0, -6, -10, -3, -6,
    0, -13, -6, -13, -8, -3, 0, -5,
    -8, -19, 0, 0, 0, 0, -13, 0,
    0, 0, -2, 0, 0, 0, 0, 0,
    0, -18, -5, -11, 0, 0, 0, 0,
    0, 0, 0, 0, 0, -3, -3, -11,
    -3, -2, -3, -13, 0, 0, 0, -6,
    -6, -6, -3, -6, 0, -4, -4, 0,
    0, 0, -2, 0, -5, -3, -6, -5,
    0, 0, -2, 0, 0, 0, 0, 0,
    0, 0, 0, 0, 0, 0, 0, 0,
    0, 0, 0, 0, 0, -2, 0, 0,
    0, 0, 0, 0, -3, 0, 0, -2,
    -3, -2, 0, -2, 0, 0, -2, -3,
    0, -8, 0, -3, 0, -8, 0, -1,
    -2, -5, -1, 0, 0, -5, -2, -3,
    -3, 0, 0, -2, -2, 0, 0, 0,
    0, 0, -5, 0, 0, 0, 0, 2,
    0, -5, 0, 2, 0, -16, -6, -14,
    0, 0, 0, 0, -5, 0, 2, 0,
    0, -10, -3, -14, -5, -6, -5, -19,
    -6, 2, 0, -2, 0, 1, 0, -2,
    3, -11, -13, -6, -6, -3, -8, -6,
    -11, -8, -10, -8, 0, -6, -6, 2,
    -10, -10, 0, 0, -6, 0, 1, 1,
    -5, 0, 0, -4, 0, 0, 0, -13,
    0, -17, -3, -3, -6, -6, -13, -2,
    0, -3, -3, -5, -5, -17, -4, -5,
    -4, -13, -2, 0, 0, -2, -2, 0,
    -2, -2, 0, -7, -6, -8, -6, -5,
    -5, -6, -8, -6, -10, -5, 0, -2,
    -5, 0, -8, -3, 0, 0, -6, 0,
    0, 0, 0, 0, 0, 0, 0, 0,
    -3, 0, 0, -11, 0, 0, 0, 0,
    0, 0, 1, 0, 0, 0, 0, -11,
    -3, -6, -3, -19, 0, 1, -3, 0,
    0, 3, -2, 0, 0, -10, -11, -8,
    -6, -3, -10, -10, -10, -6, -10, -11,
    0, 0, -6, 0, 0, 0, 0, -3,
    -10, 0, 0, 0, 0, 0, 0, 0,
    0, 0, 0, 0, -3, -3, 0, 0,
    0, 0, 0, 0, 0, 0, 0, 0,
    -3, -3, 0, -3, 0, -5, 0, 0,
    0, -2, -2, -2, 0, -2, 0, -2,
    -5, -6, -2, -1, -2, -5, -3, -5,
    -6, -3, 0, 0, -3, 0, 0, 0,
    0, 0, -5, 0, 0, 0, 0, 0,
    0, 0, 0, 0, 0, 0, 0, 0,
    0, 0, 0, 0, 0, 0, 3, 0,
    0, 0, 0, 0, 0, 0, 0, 0,
    0, 3, 0, 0, 0, 0, 0, 0,
    0, 0, 0, 0, 5, 0, 0, 0,
    0, 0, 0, 0, 0, 0, 0, 0,
    0, 0, 0, 0, 0, 0, 0, 0,
    -2, -8, 0, 0, 0, -11, 0, 0,
    0, 0, 0, 0, 0, -5, 0, 0,
    -14, 0, 0, -3, -8, 0, 0, 0,
    0, 0, 0, 0, 0, 0, 0, 0,
    0, -17, 0, 0, 0, 0, 0, 0,
    0, 0, 0, 0, 0, 0, 0, -2,
    -5, 0, 0, 0, 0, 0, 0, 0,
    0, 0, 0, 0, 0, 0, 0, -3,
    0, 3, 0, 0, 0, 0, 0, 0,
    0, 0, 0, 0, 0, 0, -3, 0,
    -1, 0, -1, 0, 0, 0, 0, 0,
    0, 0, 0, 0, 0, 0, -1, -2,
    1, -2, -1, -8, -2, -4, -4, -1,
    0, 0, 0, -3, 0, 0, 0, 0,
    -8, 0, 0, 0, 0, -2, 0, 0,
    0, -3, 0, 0, 0, -2, 0, 0,
    0, 0, 0, 0, -11, 0, 0, 0,
    -6, -2, -2, 0, -2, 0, 0, -11,
    0, -8, -3, -8, 0, -8, 0, 1,
    -2, -5, -2, -1, -2, -5, -2, -4,
    -8, -4, 0, 0, 0, -3, 0, 0,
    0, 0, -5, 0, 0, 0, 0, 0,
    0, 0, 0, 2, 0, -10, -5, -6,
    0, 0, 0, 0, 0, 0, 0, 0,
    0, -5, 0, -6, -6, 0, -6, 0,
    0, 0, 0, 0, 0, 0, 0, 0,
    2, -5, -7, -9, -6, -3, -5, -6,
    0, -6, -6, -2, 0, 0, 0, 2,
    0, 0, 0, 0, -6, 2, 0, 0,
    0, 0, 0, 0, 0, 0, 0, 0,
    0, 0, 0, 0, 0, 0, 0, 0,
    -10, 0, 0, 0, -3, 0, -2, 0,
    -2, 0, 0, -10, 0, -3, 0, -3,
    0, -3, 0, 0, -2, -4, 0, 0,
    0, -4, 0, -3, -2, -2, 0, 0,
    0, 0, 0, 0, 0, 0, -4, 0,
    0, 0, 0, 0, 0, 0, 0, -3,
    0, 0, 0, 0, 0, 0, 0, 0,
    0, 0, -6, 0, 0, 0, -3, 0,
    -1, 0, -1, 0, 0, -6, 0, -3,
    -2, -6, 0, -3, 0, -2, -2, -5,
    -5, -2, -3, -6, -2, -5, -8, -3,
    0, 0, 0, -3, 0, 0, 0, 0,
    -6, 0, 0, 0, -3, 0, 0, 0,
    0, -3, 0, -3, -11, 0, 0, 0,
    0, 0, 0, 0, -3, 0, 0, -6,
    -5, 0, -8, -2, -8, 0, 0, -3,
    0, 0, 0, 0, 0, 0, 0, -7,
    -8, -10, -4, -6, -7, -8, -3, -11,
    -6, -5, 0, 0, -2, -3, 0, 0,
    0, 0, -8, 0, 0, 0, 0, 0,
    0, 0, 0, 0, 0, -10, -6, -5,
    0, 0, 0, 0, 0, 0, -6, 0,
    0, -8, 0, -5, -5, 0, -5, 0,
    0, -6, 0, 0, 0, 0, 0, 0,
    0, -6, -6, -10, -6, -5, -6, -8,
    -3, -4, -11, -5, 0, 0, 0, 0,
    -6, 0, 0, 0, -8, 0, 0, 0,
    0, 0, 0, 0, 0, 0, 0, 4,
    -5, 2, 0, 0, 0, 0, 0, 0,
    0, 0, 0, 0, 0, 2, -3, 0,
    -3, 0, 0, 0, 0, -2, 0, 0,
    5, -2, 0, -2, -3, -5, -2, 0,
    1, -6, -1, -2, -5, 0, 0, 0,
    0, 0, 0, 0, 0, 0, -6, 0,
    0, 0, 0, 0, 0, 0, 0, 0,
    0, -10, -2, -8, 0, 0, 0, 0,
    0, 0, -6, 0, 0, -3, 0, -8,
    -2, -2, -2, -6, 0, -6, 0, 0,
    0, 0, 0, 0, 0, -4, -4, -2,
    -2, -2, -4, -4, -3, 0, -8, -4,
    0, 0, -2, 0, 0, 0, 0, 0,
    -4, 0, 0, 0, 0, 0, 0, 0,
    0, 0, 0, 0, 0, 0, 0, 0,
    0, 0, 0, 0, 0, 0, 0, -3,
    -2, 0, -2, 0, -2, 0, 0, 0,
    0, -5, -2, 0, 0, -5, 0, -2,
    -5, -3, -3, -4, -3, -5, -3, -4,
    -8, -3, 0, 0, 0, 0, 0, 0,
    0, 0, -5, 0, 0, 0, 0, 0,
    0, 0, 0, 0, 0, 0, 0, 0,
    0, 0, 0, 0, 0, 0, 2, 0,
    0, 0, 0, 0, 0, 0, 0, 0,
    0, 2, 0, 0, 0, 0, 0, 0,
    0, 0, 0, 0, 0, 0, 0, 0,
    0, 0, 0, 0, 0, 0, 0, 0,
    0, 0, 0, 0, 0, 0, 0, 0,
    0, 0, 0, 0, 0, 0, 0, 0,
    0, 0, 0, 0, 0, 0, 0, 0,
    0, 0, 0, 0, 0, 0, 0, 0,
    0, 0, 0, 0, 0, -6, 0, 0,
    0, -6, 0, 0, 0, -2, 0, 0,
    0, -2, 0, 0, 0, 0, 0, 0,
    0, 0, 0, 0, 0, 0, -2, 0,
    0, 0, 0, 0, 0, 0, 0, 0,
    0, 0, 0, 0, 0, 0, 0, 0,
    0, 0, -3, 0, 0, 0, 0, 0,
    0, 0, 0, 0, 0, -3, 0, 0,
    0, 0, 0, 0, 0, 0, 0, 0,
    0, 0, 0, 0, 0, 0, 0, 0,
    0, 0, 0, 0, 0, 0, 0, 0,
    0, 0, 0, 0, 0, 0, 0, 0,
    -3, -2, 0, -3, 0, -5, 0, 0,
    -2, 0, 0, 0, -6, 0, 0, -2,
    -3, 0, 0, 0, 0, 0, 0, 0,
    0, 0, 0, 0, 0, -5, 0, 0,
    0, 0, 0, 0, 0, 0, 0, 0,
    0, 0, 0, -2, 0, 0, 0, 0,
    0, 0, 0, 0, 0, 0, 0, 0,
    0, 0, 0, 0, 0, -6, 0, -11,
    0, 0, 0, 0, 0, 0, 2, 0,
    0, 0, 0, -11, 0, 0, 0, 0,
    0, 2, 0, 0, 0, 0, 0, 0,
    0, 0, 0, 0, 0, 0, 0, 0,
    0, 0, 0, 0, 0, 0, 0, 0,
    0, 0, 0, 0, 0, 0, 0, 0,
    0, 0, 0, 0, 0, 0, 0, 0,
    0, 0, 0, 0, 0, 0, 0, 0,
    -10, 0, 0, 0, 0, 0, 0, 0,
    0, 0, 0, 0, 0, 0, 0, 0,
    0, -6, 0, 0, 0, 0, 0, 0,
    0, 0, 0, 0, 0, 0, 0, 0,
    0, 0, 0, 0, 0, 0, 0, 0,
    0, 0, 0, 0, 0, 0, 0, 0,
    0, 0, 0, 0, 0, 0, 0, 0,
    0, 0, -10, 0, 0, 0, 0, 0,
    0, 0, 0, -2, 0, -10, 0, -8,
    0, 0, 0, -8, 0, 0, 0, 0,
    0, 0, 0, 0, 0, 0, 0, 0,
    0, 0, 0, 0, 0, 0, 0, 0,
    0, 0, 0, 0, 0, -6, 0, 0,
    0, 0, 0, 0, 0, 0, 0, -10,
    0, 0, 0, 0, -13, 0, 0, 0,
    0, 0, 0, 0, 0, 0, 0, 0,
    0, 0, 0, 0, 0, -16, 0, 0,
    0, 0, 0, 0, 0, 0, 0, 0,
    0, 0, 0, 0, -8, 0, 0, 0,
    0, 0, 0, 0, 0, 0, 0, 0,
    0, 0, 0, 3, 0, 0, 0, 0,
    0, 0, 0, 0, 0, 0, 0, 0,
    0, 0, 0, 0, 0, 0, 0, 0,
    0, 0, 0, 0, 0, 0, 0, 0,
    0, -2, -3, -2, -2, -1, 0, -2,
    0, -1, -2, 0, 0, 0, 0, 3,
    0, 0, 0, 0, -2, 0, 0, 5,
    0, 0, 0, 0, 0, 0, 0, 0,
    0, 0, 0, 0, 0, 0, 0, 0,
    -5, 0, 0, 0, 0, 0, 0, 0,
    0, 0, 0, -5, 0, -6, 0, -5,
    0, -6, 0, 0, 0, 0, 0, 0,
    0, 0, 0, 0, 0, 0, 0, 0,
    0, 0, 0, 0, 0, 0, 0, 0,
    0, 0, 0, 0, 0, 0, 8, 0,
    0, 0, 0, -3, 0, 0, 0, 0,
    0, 0, 4, 0, 0, 0, 0, -3,
    2, 0, 2, -5, 0, 4, 0, 2,
    2, 5, 2, 2, 8, 0, -2, -3,
    -1, 0, -2, -2, 0, -2, -5, -2,
    6, 0, 0, 0, 0, 0, 0, 0,
    -2, 0, 0, 0, 0, 0, 0, 0,
    0, 0, 0, 0, 0, 0, 0, 0,
    0, 0, 0, 0, 0, 0, 0, 0,
    0, 0, 0, 0, 0, -19, 0, 0,
    0, 0, 0, 0, 0, 0, 0, 0,
    0, 0, 0, 0, 0, 0, 0, 0,
    0, 0, 0, 0, 0, 0, 0, 0,
    0, 0, 0, 0, 0, 0, 0, 0,
    0, 0, 0, 0, 0, 0, 0, 0,
    0, 1, 0, 0, 0, 0, 0, 0,
    0, 0, 0, 0, 0, 0, 0, 0,
    0, 0, 0, 0, 0, 0, 0, 0,
    0, 0, 0, 0, 0, 0, 0, 0,
    0, 0, 0, 0, 0, 0, 0, 0,
    0, 0, 0, 0, 0, 0, 0, 0,
    0, 0, 0, 0, 0, 0, 0, 0,
    0, 0, 0, 0, 0, 0, 0, 0,
    0, 0, 0, 0, 0, 0, 0, 0,
    0, -2, 0, 0, 0, 0, 0, 0,
    0, 0, 0, 0, 0, 0, 0, 0,
    0, 0, 0, 0, 0, 0, 0, 0,
    0, 0, 0, 0, 0, 0, 0, 0,
    0, 0
};


/*Collect the kern class' data in one place*/
static const lv_font_fmt_txt_kern_classes_t kern_classes =
{
    .class_pair_values   = kern_class_values,
    .left_class_mapping  = kern_left_class_mapping,
    .right_class_mapping = kern_right_class_mapping,
    .left_class_cnt      = 61,
    .right_class_cnt     = 58,
};

/*--------------------
 *  ALL CUSTOM DATA
 *--------------------*/

#if LVGL_VERSION_MAJOR == 8
/*Store all the custom data of the font*/
static  lv_font_fmt_txt_glyph_cache_t cache;
#endif

#if LVGL_VERSION_MAJOR >= 8
static const lv_font_fmt_txt_dsc_t font_dsc = {
#else
static lv_font_fmt_txt_dsc_t font_dsc = {
#endif
    .glyph_bitmap = glyph_bitmap,
    .glyph_dsc = glyph_dsc,
    .cmaps = cmaps,
    .kern_dsc = &kern_classes,
    .kern_scale = 16,
    .cmap_num = 10,
    .bpp = 4,
    .kern_classes = 1,
    .bitmap_format = 0,
#if LVGL_VERSION_MAJOR == 8
    .cache = &cache
#endif
};



/*-----------------
 *  PUBLIC FONT
 *----------------*/

/*Initialize a public general font descriptor*/
#if LVGL_VERSION_MAJOR >= 8
const lv_font_t geist_c3_reg_10 = {
#else
lv_font_t geist_c3_reg_10 = {
#endif
    .get_glyph_dsc = lv_font_get_glyph_dsc_fmt_txt,    /*Function pointer to get glyph's data*/
    .get_glyph_bitmap = lv_font_get_bitmap_fmt_txt,    /*Function pointer to get glyph's bitmap*/
    .line_height = 16,          /*The maximum line height required by the font*/
    .base_line = 4,             /*Baseline measured from the bottom of the line*/
#if !(LVGL_VERSION_MAJOR == 6 && LVGL_VERSION_MINOR == 0)
    .subpx = LV_FONT_SUBPX_NONE,
#endif
#if LV_VERSION_CHECK(7, 4, 0) || LVGL_VERSION_MAJOR >= 8
    .underline_position = -1,
    .underline_thickness = 1,
#endif
    .dsc = &font_dsc,          /*The custom font data. Will be accessed by `get_glyph_bitmap/dsc` */
#if LV_VERSION_CHECK(8, 2, 0) || LVGL_VERSION_MAJOR >= 9
    .fallback = NULL,
#endif
    .user_data = NULL,
};



#endif /*#if GEIST_C3_REG_10*/

