/*******************************************************************************
 * Size: 12 px
 * Bpp: 4
 * Opts: --bpp 4 --size 12 --format lvgl --no-compress --no-prefilter --font fonts/Geist-Regular.ttf --range 0x20-0x7F,0xA0-0x24F,0x1E00-0x1EFF,0x2013-0x2026,0x203A --font /System/Library/Fonts/Supplemental/Arial Unicode.ttf --range 0x00AD,0x0114-0x0115,0x012C-0x012D,0x0138,0x013F-0x0140,0x0149,0x014E-0x014F,0x017F-0x018E,0x0190-0x0191,0x0193-0x019F,0x01A2-0x01AE,0x01B1-0x01CC,0x01CF-0x01E3,0x01EA-0x01F5,0x01FA-0x0217,0x1E00-0x1E1F,0x1E22-0x1E7F,0x1E86-0x1E9B,0x2015-0x2017,0x201B,0x201F,0x2023-0x2025,0x2713,0x2717 -o main/ui/geist_c3_reg_12.c --lv-include lvgl.h
 ******************************************************************************/

#ifdef LV_LVGL_H_INCLUDE_SIMPLE
#include "lvgl.h"
#else
#include "lvgl.h"
#endif

#ifndef GEIST_C3_REG_12
#define GEIST_C3_REG_12 1
#endif

#if GEIST_C3_REG_12

/*-----------------
 *    BITMAPS
 *----------------*/

/*Store the image of the glyphs*/
static LV_ATTRIBUTE_LARGE_CONST const uint8_t glyph_bitmap[] = {
    /* U+0020 " " */

    /* U+0021 "!" */
    0x3d, 0x3d, 0x3d, 0x3d, 0x2c, 0x1b, 0x5, 0x26,
    0x6f,

    /* U+0022 "\"" */
    0x79, 0x69, 0x69, 0x68, 0x48, 0x67, 0x13, 0x22,

    /* U+0023 "#" */
    0x0, 0x1c, 0xb, 0x20, 0x3, 0x90, 0xd0, 0x8,
    0xff, 0xff, 0xa0, 0x9, 0x43, 0xa0, 0x0, 0xc1,
    0x67, 0x0, 0xef, 0xef, 0xf3, 0x2, 0xb0, 0xc1,
    0x0, 0x48, 0xd, 0x0, 0x7, 0x61, 0xc0, 0x0,

    /* U+0024 "$" */
    0x0, 0x1, 0x0, 0x0, 0x0, 0x95, 0x0, 0x3,
    0xcf, 0xf6, 0x0, 0xe6, 0xa9, 0xe4, 0x1f, 0x9,
    0x56, 0x80, 0xd9, 0xc5, 0x0, 0x1, 0x7f, 0xf7,
    0x0, 0x0, 0x97, 0xb9, 0x3e, 0x9, 0x53, 0xd0,
    0xd9, 0xb7, 0xaa, 0x1, 0xbf, 0xfa, 0x10, 0x0,
    0x84, 0x0,

    /* U+0025 "%" */
    0xb, 0xc9, 0x0, 0x1c, 0x0, 0x68, 0xc, 0x20,
    0xb4, 0x0, 0x59, 0xc, 0x15, 0x90, 0x0, 0xa,
    0xc7, 0x1d, 0x0, 0x0, 0x0, 0x0, 0xa5, 0xac,
    0x40, 0x0, 0x5, 0xa6, 0x70, 0xd0, 0x0, 0x1d,
    0x19, 0x40, 0xc0, 0x0, 0xa5, 0x7, 0x70, 0xd0,
    0x4, 0xa0, 0x1, 0xbd, 0x60,

    /* U+0026 "&" */
    0x2, 0xcf, 0xa0, 0x0, 0x9, 0x92, 0xe4, 0x0,
    0x9, 0x70, 0xd3, 0x0, 0x3, 0xd9, 0x80, 0x0,
    0x6, 0xfd, 0x0, 0x0, 0x3e, 0x2b, 0x81, 0xe0,
    0x79, 0x0, 0xda, 0xa0, 0x5d, 0x21, 0x7f, 0x50,
    0x8, 0xef, 0xc8, 0xd0,

    /* U+0027 "'" */
    0x79, 0x68, 0x57, 0x12,

    /* U+0028 "(" */
    0x1, 0xd0, 0x9, 0x60, 0xe, 0x10, 0x3c, 0x0,
    0x6a, 0x0, 0x69, 0x0, 0x6a, 0x0, 0x3c, 0x0,
    0xe, 0x10, 0x9, 0x60, 0x1, 0xd0,

    /* U+0029 ")" */
    0x95, 0x2, 0xd0, 0xc, 0x30, 0x88, 0x5, 0xa0,
    0x5b, 0x5, 0xa0, 0x88, 0xc, 0x32, 0xd0, 0x95,
    0x0,

    /* U+002A "*" */
    0x6, 0x6, 0x0, 0x6b, 0x80, 0x6d, 0xfd, 0x80,
    0x6b, 0x80, 0x5, 0x6, 0x0,

    /* U+002B "+" */
    0x0, 0x2d, 0x0, 0x0, 0x2, 0xd0, 0x0, 0x0,
    0x2d, 0x0, 0x8, 0xff, 0xff, 0xf3, 0x0, 0x2d,
    0x0, 0x0, 0x2, 0xd0, 0x0,

    /* U+002C "," */
    0x36, 0x7e, 0x9, 0x45,

    /* U+002D "-" */
    0x6e, 0xee, 0x70, 0x11, 0x10,

    /* U+002E "." */
    0x36, 0x7e,

    /* U+002F "/" */
    0x0, 0x2, 0xd0, 0x0, 0x77, 0x0, 0xc, 0x20,
    0x1, 0xd0, 0x0, 0x68, 0x0, 0xc, 0x30, 0x1,
    0xd0, 0x0, 0x69, 0x0, 0xb, 0x30, 0x0, 0xe0,
    0x0, 0x59, 0x0, 0x0,

    /* U+0030 "0" */
    0x0, 0x9e, 0xe9, 0x0, 0xa, 0xb2, 0x2c, 0x90,
    0x1f, 0x10, 0x1, 0xf1, 0x5c, 0x0, 0x0, 0xc4,
    0x6b, 0x0, 0x0, 0xb5, 0x5c, 0x0, 0x0, 0xd4,
    0x1f, 0x10, 0x1, 0xf1, 0xa, 0xb2, 0x3c, 0x90,
    0x0, 0x9e, 0xe9, 0x0,

    /* U+0031 "1" */
    0x0, 0xb4, 0x7f, 0xf4, 0x0, 0xc4, 0x0, 0xc4,
    0x0, 0xc4, 0x0, 0xc4, 0x0, 0xc4, 0x0, 0xc4,
    0x0, 0xc4,

    /* U+0032 "2" */
    0x1, 0xae, 0xe9, 0x0, 0xca, 0x23, 0xd7, 0x1d,
    0x0, 0x6, 0xa0, 0x0, 0x0, 0xb7, 0x0, 0x2,
    0xcc, 0x0, 0x7, 0xe6, 0x0, 0x7, 0xd1, 0x0,
    0x0, 0xf3, 0x11, 0x10, 0x3f, 0xff, 0xff, 0xb0,

    /* U+0033 "3" */
    0x4, 0xcf, 0xd8, 0x0, 0xe5, 0x13, 0xd5, 0x0,
    0x0, 0x1c, 0x40, 0x0, 0xff, 0x80, 0x0, 0x2,
    0x5e, 0x30, 0x0, 0x0, 0x6a, 0x39, 0x0, 0x6,
    0xb1, 0xe6, 0x14, 0xd6, 0x4, 0xcf, 0xe7, 0x0,

    /* U+0034 "4" */
    0x0, 0x0, 0xbb, 0x0, 0x0, 0x6f, 0xb0, 0x0,
    0x2e, 0x7b, 0x0, 0xc, 0x65, 0xb0, 0x8, 0xb0,
    0x5b, 0x3, 0xe1, 0x5, 0xb0, 0xaf, 0xff, 0xff,
    0xb1, 0x22, 0x26, 0xc1, 0x0, 0x0, 0x5b, 0x0,

    /* U+0035 "5" */
    0xa, 0xff, 0xff, 0x30, 0xb5, 0x11, 0x10, 0xd,
    0x30, 0x0, 0x0, 0xf9, 0xdd, 0x70, 0x1f, 0x83,
    0x5e, 0x60, 0x0, 0x0, 0x6b, 0x16, 0x0, 0x6,
    0xb0, 0xe6, 0x13, 0xd6, 0x3, 0xcf, 0xe7, 0x0,

    /* U+0036 "6" */
    0x0, 0x9f, 0xe8, 0x0, 0x9c, 0x32, 0xe5, 0xf,
    0x10, 0x1, 0x14, 0xc8, 0xdd, 0x60, 0x5f, 0x82,
    0x5f, 0x46, 0xd0, 0x0, 0x89, 0x4d, 0x0, 0x8,
    0x90, 0xe8, 0x24, 0xe4, 0x2, 0xcf, 0xd6, 0x0,

    /* U+0037 "7" */
    0xcf, 0xff, 0xff, 0x40, 0x11, 0x13, 0xd0, 0x0,
    0x0, 0xc3, 0x0, 0x0, 0x69, 0x0, 0x0, 0xd,
    0x10, 0x0, 0x4, 0xb0, 0x0, 0x0, 0x87, 0x0,
    0x0, 0xb, 0x40, 0x0, 0x0, 0xd3, 0x0, 0x0,

    /* U+0038 "8" */
    0x4, 0xdf, 0xe7, 0x0, 0xf5, 0x13, 0xe3, 0xf,
    0x30, 0x1d, 0x30, 0x5f, 0xff, 0x90, 0x1e, 0x62,
    0x4d, 0x46, 0xa0, 0x0, 0x6a, 0x7a, 0x0, 0x6,
    0xb3, 0xf5, 0x13, 0xd6, 0x5, 0xdf, 0xe7, 0x0,

    /* U+0039 "9" */
    0x4, 0xdf, 0xc3, 0x2, 0xf6, 0x17, 0xe0, 0x7a,
    0x0, 0xc, 0x57, 0xa0, 0x0, 0xb7, 0x3f, 0x40,
    0x5f, 0x70, 0x7f, 0xfc, 0xb6, 0x0, 0x1, 0xe,
    0x22, 0xd4, 0x29, 0xc0, 0x6, 0xef, 0xb1, 0x0,

    /* U+003A ":" */
    0xe7, 0x63, 0x0, 0x0, 0x0, 0x63, 0xe7,

    /* U+003B ";" */
    0xe7, 0x63, 0x0, 0x0, 0x0, 0x63, 0xe7, 0x63,
    0x90,

    /* U+003C "<" */
    0x0, 0x0, 0x0, 0x0, 0x0, 0x5c, 0x0, 0x6d,
    0xb3, 0x4e, 0xa3, 0x0, 0x8c, 0x20, 0x0, 0x7,
    0xea, 0x30, 0x0, 0x6, 0xea, 0x0, 0x0, 0x5,

    /* U+003D "=" */
    0x7e, 0xee, 0xee, 0x1, 0x11, 0x11, 0x0, 0x0,
    0x0, 0x8f, 0xff, 0xff,

    /* U+003E ">" */
    0x0, 0x0, 0x0, 0x6, 0x92, 0x0, 0x0, 0x7,
    0xea, 0x20, 0x0, 0x0, 0x6e, 0xa0, 0x0, 0x0,
    0x6f, 0x0, 0x6, 0xdb, 0x30, 0x3e, 0xa3, 0x0,
    0x3, 0x20, 0x0, 0x0,

    /* U+003F "?" */
    0x3, 0xcf, 0xd3, 0x1, 0xe5, 0x17, 0xe0, 0x59,
    0x0, 0xf, 0x20, 0x0, 0x4, 0xe0, 0x0, 0x6,
    0xd2, 0x0, 0x1, 0xf1, 0x0, 0x0, 0x16, 0x0,
    0x0, 0x2, 0x70, 0x0, 0x0, 0x6f, 0x0, 0x0,

    /* U+0040 "@" */
    0x0, 0x6, 0xce, 0xeb, 0x30, 0x0, 0xb, 0x92,
    0x0, 0x3c, 0x50, 0x8, 0x80, 0x0, 0x0, 0x1d,
    0x0, 0xd0, 0x2b, 0xd9, 0xb0, 0xa3, 0x49, 0xd,
    0x40, 0x7b, 0x8, 0x46, 0x72, 0xd0, 0x3, 0xa0,
    0xa3, 0x67, 0xe, 0x10, 0xa9, 0x1d, 0x4, 0x90,
    0x5d, 0xc4, 0xbc, 0x30, 0xd, 0x10, 0x0, 0x0,
    0x0, 0x0, 0x6c, 0x30, 0x4, 0x40, 0x0, 0x0,
    0x4b, 0xee, 0xb3, 0x0, 0x0,

    /* U+0041 "A" */
    0x0, 0xd, 0xd0, 0x0, 0x0, 0x3c, 0xc3, 0x0,
    0x0, 0x87, 0x68, 0x0, 0x0, 0xd1, 0x1e, 0x0,
    0x3, 0xc0, 0xb, 0x30, 0x9, 0xff, 0xff, 0x90,
    0xe, 0x32, 0x23, 0xe0, 0x4d, 0x0, 0x0, 0xc4,
    0x98, 0x0, 0x0, 0x89,

    /* U+0042 "B" */
    0xef, 0xff, 0xc3, 0xe, 0x31, 0x29, 0xd0, 0xe2,
    0x0, 0x1f, 0xe, 0x20, 0x7, 0xc0, 0xef, 0xff,
    0xd2, 0xe, 0x32, 0x25, 0xe1, 0xe2, 0x0, 0xb,
    0x5e, 0x31, 0x14, 0xf3, 0xef, 0xff, 0xd6, 0x0,

    /* U+0043 "C" */
    0x0, 0x7d, 0xfd, 0x50, 0x9, 0xd4, 0x15, 0xe4,
    0x1f, 0x10, 0x0, 0x6b, 0x5b, 0x0, 0x0, 0x0,
    0x6a, 0x0, 0x0, 0x0, 0x5b, 0x0, 0x0, 0x3,
    0x1f, 0x10, 0x0, 0x6c, 0x9, 0xc3, 0x15, 0xe4,
    0x0, 0x8e, 0xfd, 0x50,

    /* U+0044 "D" */
    0xef, 0xfe, 0xa2, 0xe, 0x31, 0x39, 0xe1, 0xe2,
    0x0, 0xb, 0x8e, 0x20, 0x0, 0x6c, 0xe2, 0x0,
    0x4, 0xde, 0x20, 0x0, 0x6c, 0xe2, 0x0, 0xb,
    0x8e, 0x31, 0x39, 0xe1, 0xef, 0xff, 0xb2, 0x0,

    /* U+0045 "E" */
    0xef, 0xff, 0xf7, 0xe3, 0x11, 0x10, 0xe2, 0x0,
    0x0, 0xe2, 0x0, 0x0, 0xee, 0xee, 0xe4, 0xe3,
    0x11, 0x10, 0xe2, 0x0, 0x0, 0xe3, 0x11, 0x10,
    0xef, 0xff, 0xf8,

    /* U+0046 "F" */
    0xff, 0xff, 0xf7, 0xe3, 0x11, 0x10, 0xe2, 0x0,
    0x0, 0xe2, 0x0, 0x0, 0xff, 0xff, 0xf3, 0xe4,
    0x22, 0x20, 0xe2, 0x0, 0x0, 0xe2, 0x0, 0x0,
    0xe2, 0x0, 0x0,

    /* U+0047 "G" */
    0x0, 0x7d, 0xfd, 0x50, 0x8, 0xc3, 0x14, 0xe4,
    0x1f, 0x10, 0x0, 0x47, 0x5b, 0x0, 0x0, 0x0,
    0x6a, 0x0, 0x9f, 0xfb, 0x5b, 0x0, 0x12, 0x4c,
    0x1f, 0x10, 0x0, 0x8d, 0x9, 0xc3, 0x16, 0xcc,
    0x0, 0x8e, 0xfb, 0x1c,

    /* U+0048 "H" */
    0xe2, 0x0, 0x9, 0x7e, 0x20, 0x0, 0x97, 0xe2,
    0x0, 0x9, 0x7e, 0x20, 0x0, 0x97, 0xff, 0xff,
    0xff, 0x7e, 0x42, 0x22, 0xb7, 0xe2, 0x0, 0x9,
    0x7e, 0x20, 0x0, 0x97, 0xe2, 0x0, 0x9, 0x70,

    /* U+0049 "I" */
    0xe2, 0xe2, 0xe2, 0xe2, 0xe2, 0xe2, 0xe2, 0xe2,
    0xe2,

    /* U+004A "J" */
    0x0, 0x0, 0xc, 0x30, 0x0, 0x0, 0xc3, 0x0,
    0x0, 0xc, 0x30, 0x0, 0x0, 0xc3, 0x0, 0x0,
    0xc, 0x30, 0x10, 0x0, 0xc3, 0x1f, 0x0, 0xe,
    0x20, 0xc8, 0x27, 0xd0, 0x2, 0xcf, 0xc2, 0x0,

    /* U+004B "K" */
    0xe2, 0x0, 0x7c, 0xe, 0x20, 0x5e, 0x10, 0xe2,
    0x3e, 0x20, 0xe, 0x4e, 0x40, 0x0, 0xee, 0xf5,
    0x0, 0xe, 0x93, 0xe1, 0x0, 0xe2, 0x8, 0xb0,
    0xe, 0x20, 0xc, 0x70, 0xe2, 0x0, 0x2e, 0x20,

    /* U+004C "L" */
    0xe2, 0x0, 0x0, 0xe2, 0x0, 0x0, 0xe2, 0x0,
    0x0, 0xe2, 0x0, 0x0, 0xe2, 0x0, 0x0, 0xe2,
    0x0, 0x0, 0xe2, 0x0, 0x0, 0xe3, 0x11, 0x10,
    0xff, 0xff, 0xf6,

    /* U+004D "M" */
    0xeb, 0x0, 0x0, 0x3f, 0x6e, 0xf1, 0x0, 0x8,
    0xf6, 0xed, 0x60, 0x0, 0xed, 0x6e, 0x7c, 0x0,
    0x3d, 0x96, 0xe2, 0xf1, 0x9, 0x89, 0x6e, 0x2a,
    0x70, 0xe2, 0x96, 0xe2, 0x4c, 0x4d, 0x9, 0x6e,
    0x20, 0xec, 0x70, 0x96, 0xe2, 0x9, 0xf2, 0x9,
    0x60,

    /* U+004E "N" */
    0xed, 0x0, 0x3, 0xde, 0xd5, 0x0, 0x3d, 0xe5,
    0xd0, 0x3, 0xde, 0x2a, 0x60, 0x3d, 0xe2, 0x2e,
    0x3, 0xde, 0x20, 0x97, 0x3d, 0xe2, 0x1, 0xe4,
    0xde, 0x20, 0x8, 0xcd, 0xe2, 0x0, 0xe, 0xd0,

    /* U+004F "O" */
    0x0, 0x7d, 0xfd, 0x60, 0x0, 0x9d, 0x41, 0x4e,
    0x70, 0x1f, 0x10, 0x0, 0x3f, 0x5, 0xb0, 0x0,
    0x0, 0xd3, 0x6a, 0x0, 0x0, 0xc, 0x45, 0xb0,
    0x0, 0x0, 0xd3, 0x2f, 0x10, 0x0, 0x3f, 0x0,
    0x9c, 0x41, 0x4e, 0x70, 0x0, 0x8e, 0xfd, 0x60,
    0x0,

    /* U+0050 "P" */
    0xef, 0xff, 0xc3, 0xe, 0x31, 0x17, 0xe0, 0xe2,
    0x0, 0xf, 0x2e, 0x20, 0x5, 0xf0, 0xef, 0xff,
    0xe4, 0xe, 0x42, 0x10, 0x0, 0xe2, 0x0, 0x0,
    0xe, 0x20, 0x0, 0x0, 0xe2, 0x0, 0x0, 0x0,

    /* U+0051 "Q" */
    0x0, 0x7d, 0xfd, 0x50, 0x0, 0x8d, 0x41, 0x5e,
    0x50, 0x1f, 0x10, 0x0, 0x4e, 0x5, 0xb0, 0x0,
    0x0, 0xf2, 0x6a, 0x0, 0x0, 0xd, 0x35, 0xb0,
    0x0, 0x0, 0xe2, 0x1f, 0x10, 0x84, 0x4d, 0x0,
    0x8d, 0x43, 0xee, 0x50, 0x0, 0x7d, 0xfd, 0xd0,
    0x0, 0x0, 0x0, 0x5, 0x30,

    /* U+0052 "R" */
    0xef, 0xff, 0xc3, 0xe, 0x31, 0x16, 0xe0, 0xe2,
    0x0, 0xe, 0x3e, 0x20, 0x4, 0xe0, 0xef, 0xff,
    0xf4, 0xe, 0x32, 0x26, 0xe0, 0xe2, 0x0, 0xe,
    0x1e, 0x20, 0x0, 0xd2, 0xe2, 0x0, 0xc, 0x40,

    /* U+0053 "S" */
    0x3, 0xcf, 0xe7, 0x0, 0xe, 0x71, 0x4e, 0x60,
    0x1f, 0x0, 0x4, 0x90, 0xd, 0x93, 0x0, 0x0,
    0x0, 0x7c, 0xe8, 0x0, 0x0, 0x0, 0x1a, 0xb0,
    0x3e, 0x0, 0x2, 0xf0, 0xd, 0xa2, 0x29, 0xc0,
    0x1, 0xaf, 0xfb, 0x20,

    /* U+0054 "T" */
    0xdf, 0xff, 0xff, 0x71, 0x14, 0xd1, 0x10, 0x0,
    0x3d, 0x0, 0x0, 0x3, 0xd0, 0x0, 0x0, 0x3d,
    0x0, 0x0, 0x3, 0xd0, 0x0, 0x0, 0x3d, 0x0,
    0x0, 0x3, 0xd0, 0x0, 0x0, 0x3d, 0x0, 0x0,

    /* U+0055 "U" */
    0x1f, 0x0, 0x0, 0xb5, 0x1f, 0x0, 0x0, 0xb5,
    0x1f, 0x0, 0x0, 0xb5, 0x1f, 0x0, 0x0, 0xb5,
    0x1f, 0x0, 0x0, 0xb5, 0x1f, 0x0, 0x0, 0xb5,
    0xf, 0x10, 0x0, 0xd3, 0xa, 0xb2, 0x28, 0xd0,
    0x0, 0x9e, 0xfb, 0x20,

    /* U+0056 "V" */
    0x98, 0x0, 0x0, 0x89, 0x4e, 0x0, 0x0, 0xd4,
    0xe, 0x30, 0x3, 0xe0, 0x9, 0x80, 0x8, 0x90,
    0x3, 0xe0, 0xd, 0x30, 0x0, 0xd3, 0x3e, 0x0,
    0x0, 0x89, 0x88, 0x0, 0x0, 0x3e, 0xe3, 0x0,
    0x0, 0xd, 0xd0, 0x0,

    /* U+0057 "W" */
    0x6b, 0x0, 0xf, 0x50, 0x5, 0xc2, 0xe0, 0x4,
    0xf9, 0x0, 0x98, 0xe, 0x20, 0x8c, 0xd0, 0xd,
    0x40, 0xa6, 0xb, 0x5f, 0x11, 0xf0, 0x6, 0xa0,
    0xf1, 0xb4, 0x4c, 0x0, 0x2d, 0x3d, 0x8, 0x88,
    0x80, 0x0, 0xe8, 0x90, 0x4c, 0xc4, 0x0, 0xa,
    0xf5, 0x0, 0xff, 0x0, 0x0, 0x6f, 0x10, 0xc,
    0xc0, 0x0,

    /* U+0058 "X" */
    0x7b, 0x0, 0x7, 0xb0, 0xd, 0x50, 0x1e, 0x20,
    0x4, 0xe0, 0xa7, 0x0, 0x0, 0xac, 0xd0, 0x0,
    0x0, 0x2f, 0x60, 0x0, 0x0, 0xab, 0xd0, 0x0,
    0x4, 0xd0, 0xa8, 0x0, 0xd, 0x40, 0x1e, 0x20,
    0x8a, 0x0, 0x6, 0xc0,

    /* U+0059 "Y" */
    0xc, 0x60, 0x0, 0x8b, 0x3, 0xe0, 0x1, 0xf2,
    0x0, 0xa8, 0x9, 0x90, 0x0, 0x2e, 0x4e, 0x10,
    0x0, 0x8, 0xf6, 0x0, 0x0, 0x1, 0xf0, 0x0,
    0x0, 0x1, 0xf0, 0x0, 0x0, 0x1, 0xf0, 0x0,
    0x0, 0x1, 0xf0, 0x0,

    /* U+005A "Z" */
    0x8f, 0xff, 0xff, 0x10, 0x11, 0x17, 0xc0, 0x0,
    0x1, 0xe2, 0x0, 0x0, 0xb7, 0x0, 0x0, 0x6c,
    0x0, 0x0, 0x1e, 0x20, 0x0, 0xb, 0x70, 0x0,
    0x6, 0xd1, 0x11, 0x10, 0xaf, 0xff, 0xff, 0x30,

    /* U+005B "[" */
    0xde, 0xee, 0x10, 0xe1, 0xe, 0x10, 0xe1, 0xe,
    0x10, 0xe1, 0xe, 0x10, 0xe1, 0xe, 0x10, 0xde,
    0xe0,

    /* U+005C "\\" */
    0x59, 0x0, 0x0, 0xe0, 0x0, 0xb, 0x30, 0x0,
    0x69, 0x0, 0x1, 0xd0, 0x0, 0xc, 0x30, 0x0,
    0x68, 0x0, 0x1, 0xd0, 0x0, 0xc, 0x20, 0x0,
    0x77, 0x0, 0x2, 0xd0,

    /* U+005D "]" */
    0xbe, 0xf0, 0x0, 0xe1, 0x0, 0xe1, 0x0, 0xe1,
    0x0, 0xe1, 0x0, 0xe1, 0x0, 0xe1, 0x0, 0xe1,
    0x0, 0xe1, 0x0, 0xe1, 0xbe, 0xf0,

    /* U+005E "^" */
    0x4, 0xf5, 0x0, 0x9c, 0xb0, 0xe, 0x1e, 0x15,
    0xa0, 0x87,

    /* U+005F "_" */
    0x6e, 0xee, 0xee, 0x20, 0x11, 0x11, 0x10,

    /* U+0060 "`" */
    0x28, 0x0, 0xb3,

    /* U+0061 "a" */
    0x5, 0xdf, 0xa1, 0x2, 0xe3, 0x1a, 0x80, 0x2,
    0x0, 0x6c, 0x0, 0x7d, 0xdc, 0xc0, 0x5c, 0x10,
    0x5c, 0x6, 0xc3, 0x4d, 0xd0, 0xb, 0xfd, 0x4d,
    0x50,

    /* U+0062 "b" */
    0xf, 0x0, 0x0, 0x0, 0xf0, 0x0, 0x0, 0xf,
    0x7e, 0xe6, 0x0, 0xfa, 0x14, 0xe2, 0xf, 0x20,
    0x9, 0x70, 0xf0, 0x0, 0x79, 0xf, 0x20, 0x9,
    0x70, 0xfb, 0x14, 0xe2, 0xe, 0x7f, 0xe6, 0x0,

    /* U+0063 "c" */
    0x3, 0xcf, 0xc2, 0x1, 0xe5, 0x16, 0xd0, 0x5b,
    0x0, 0x5, 0x7, 0x90, 0x0, 0x0, 0x5b, 0x0,
    0x7, 0x1, 0xe5, 0x17, 0xc0, 0x3, 0xdf, 0xc1,
    0x0,

    /* U+0064 "d" */
    0x0, 0x0, 0xd, 0x30, 0x0, 0x0, 0xd3, 0x4,
    0xdf, 0x9d, 0x31, 0xf5, 0x18, 0xf3, 0x5b, 0x0,
    0xf, 0x37, 0x90, 0x0, 0xd3, 0x5b, 0x0, 0xf,
    0x31, 0xf5, 0x18, 0xf3, 0x4, 0xdf, 0x9c, 0x30,

    /* U+0065 "e" */
    0x3, 0xdf, 0xb1, 0x1, 0xe5, 0x18, 0xb0, 0x5b,
    0x0, 0xf, 0x17, 0xff, 0xff, 0xf2, 0x5a, 0x0,
    0x0, 0x1, 0xe5, 0x17, 0xd0, 0x3, 0xdf, 0xc2,
    0x0,

    /* U+0066 "f" */
    0x1, 0xcf, 0x40, 0x6b, 0x0, 0x4f, 0xff, 0x20,
    0x69, 0x0, 0x6, 0x90, 0x0, 0x69, 0x0, 0x6,
    0x90, 0x0, 0x69, 0x0, 0x6, 0x90, 0x0,

    /* U+0067 "g" */
    0x5, 0xdf, 0x9c, 0x22, 0xf4, 0x18, 0xf2, 0x6a,
    0x0, 0xf, 0x26, 0xa0, 0x0, 0xe2, 0x2e, 0x20,
    0x6f, 0x20, 0x6f, 0xfa, 0xd2, 0x14, 0x1, 0xe,
    0x20, 0xe5, 0x16, 0xe0, 0x3, 0xdf, 0xd3, 0x0,

    /* U+0068 "h" */
    0xf, 0x0, 0x0, 0x0, 0xf0, 0x0, 0x0, 0xf,
    0x7e, 0xe4, 0x0, 0xf7, 0x6, 0xc0, 0xf, 0x0,
    0xf, 0x0, 0xf0, 0x0, 0xf0, 0xf, 0x0, 0xf,
    0x0, 0xf0, 0x0, 0xf0, 0xf, 0x0, 0xf, 0x0,

    /* U+0069 "i" */
    0x1f, 0x4, 0xf, 0xf, 0xf, 0xf, 0xf, 0xf,
    0xf,

    /* U+006A "j" */
    0x0, 0xe3, 0x0, 0x30, 0x0, 0xd2, 0x0, 0xd2,
    0x0, 0xd2, 0x0, 0xd2, 0x0, 0xd2, 0x0, 0xd2,
    0x0, 0xd2, 0x0, 0xe2, 0xf, 0xb0,

    /* U+006B "k" */
    0xf, 0x0, 0x0, 0x0, 0xf0, 0x0, 0x0, 0xf,
    0x0, 0x5e, 0x10, 0xf0, 0x3e, 0x30, 0xf, 0x1e,
    0x40, 0x0, 0xfc, 0xf4, 0x0, 0xf, 0x84, 0xd0,
    0x0, 0xf0, 0xa, 0x80, 0xf, 0x0, 0x1e, 0x30,

    /* U+006C "l" */
    0xf, 0x0, 0xf0, 0xf, 0x0, 0xf0, 0xf, 0x0,
    0xf0, 0xf, 0x0, 0xf0, 0xb, 0xe0,

    /* U+006D "m" */
    0xe, 0x7c, 0xc2, 0xad, 0xb0, 0xf, 0x50, 0x8e,
    0x20, 0xb5, 0xf, 0x0, 0x4d, 0x0, 0x78, 0xf,
    0x0, 0x4c, 0x0, 0x79, 0xf, 0x0, 0x4c, 0x0,
    0x79, 0xf, 0x0, 0x4c, 0x0, 0x79, 0xf, 0x0,
    0x4c, 0x0, 0x79,

    /* U+006E "n" */
    0xe, 0x7c, 0xd3, 0x0, 0xf5, 0x4, 0xc0, 0xf,
    0x0, 0xf, 0x0, 0xf0, 0x0, 0xf0, 0xf, 0x0,
    0xf, 0x0, 0xf0, 0x0, 0xf0, 0xf, 0x0, 0xf,
    0x0,

    /* U+006F "o" */
    0x3, 0xcf, 0xc2, 0x1, 0xe5, 0x17, 0xd0, 0x5b,
    0x0, 0xd, 0x37, 0x90, 0x0, 0xb5, 0x5b, 0x0,
    0xd, 0x31, 0xe5, 0x17, 0xd0, 0x3, 0xdf, 0xc2,
    0x0,

    /* U+0070 "p" */
    0xe, 0x8d, 0xe5, 0x0, 0xf8, 0x2, 0xe2, 0xf,
    0x10, 0x9, 0x70, 0xf0, 0x0, 0x79, 0xf, 0x10,
    0x9, 0x70, 0xfa, 0x14, 0xf2, 0xf, 0x7e, 0xe5,
    0x0, 0xf0, 0x0, 0x0, 0xf, 0x0, 0x0, 0x0,

    /* U+0071 "q" */
    0x4, 0xdf, 0x9c, 0x31, 0xf5, 0x18, 0xf3, 0x5b,
    0x0, 0xf, 0x37, 0x90, 0x0, 0xd3, 0x5b, 0x0,
    0xf, 0x31, 0xf5, 0x18, 0xf3, 0x4, 0xdf, 0x9d,
    0x30, 0x0, 0x0, 0xd3, 0x0, 0x0, 0xd, 0x30,

    /* U+0072 "r" */
    0xd, 0xaf, 0x0, 0xf7, 0x0, 0xf, 0x0, 0x0,
    0xf0, 0x0, 0xf, 0x0, 0x0, 0xf0, 0x0, 0xf,
    0x0, 0x0,

    /* U+0073 "s" */
    0x6, 0xef, 0xa0, 0x1f, 0x21, 0xb7, 0x1f, 0x20,
    0x12, 0x6, 0xdd, 0x80, 0x23, 0x2, 0xa8, 0x4e,
    0x21, 0x99, 0x7, 0xef, 0xb1,

    /* U+0074 "t" */
    0x3, 0x40, 0x0, 0x69, 0x0, 0x5f, 0xff, 0x40,
    0x69, 0x0, 0x6, 0x90, 0x0, 0x69, 0x0, 0x6,
    0x90, 0x0, 0x5b, 0x0, 0x1, 0xdf, 0x40,

    /* U+0075 "u" */
    0xf, 0x0, 0x1f, 0xf, 0x0, 0x1f, 0xf, 0x0,
    0x1f, 0xf, 0x0, 0x1f, 0xf, 0x0, 0x1f, 0xd,
    0x50, 0x8f, 0x4, 0xee, 0x6f,

    /* U+0076 "v" */
    0x98, 0x0, 0x1f, 0x3, 0xd0, 0x6, 0xa0, 0xe,
    0x20, 0xb5, 0x0, 0x97, 0xf, 0x0, 0x4, 0xc5,
    0xa0, 0x0, 0xe, 0xc5, 0x0, 0x0, 0x9f, 0x0,
    0x0,

    /* U+0077 "w" */
    0x98, 0x0, 0xc9, 0x0, 0xa6, 0x5c, 0x0, 0xfd,
    0x0, 0xe2, 0xf, 0x4, 0xad, 0x13, 0xd0, 0xc,
    0x48, 0x69, 0x57, 0x90, 0x7, 0x8c, 0x25, 0x9b,
    0x40, 0x3, 0xdd, 0x1, 0xde, 0x0, 0x0, 0xe9,
    0x0, 0xcb, 0x0,

    /* U+0078 "x" */
    0x1e, 0x30, 0x2e, 0x10, 0x5c, 0xc, 0x60, 0x0,
    0xab, 0xb0, 0x0, 0x4, 0xf5, 0x0, 0x0, 0xc9,
    0xd0, 0x0, 0x7b, 0xa, 0x70, 0x2e, 0x10, 0x1e,
    0x20,

    /* U+0079 "y" */
    0x98, 0x0, 0x1f, 0x3, 0xd0, 0x6, 0xb0, 0xe,
    0x20, 0xa5, 0x0, 0x97, 0xe, 0x0, 0x3, 0xc4,
    0xb0, 0x0, 0xe, 0xb6, 0x0, 0x0, 0x9f, 0x10,
    0x0, 0x4, 0xb0, 0x0, 0xb, 0xe4, 0x0, 0x0,

    /* U+007A "z" */
    0x4f, 0xff, 0xfb, 0x0, 0x0, 0xc6, 0x0, 0xa,
    0x90, 0x0, 0x7c, 0x0, 0x4, 0xd1, 0x0, 0x2e,
    0x30, 0x0, 0x6f, 0xff, 0xfc,

    /* U+007B "{" */
    0x0, 0x7e, 0x70, 0x1e, 0x20, 0x3, 0xb0, 0x0,
    0x4b, 0x0, 0x9, 0x80, 0x7, 0xd0, 0x0, 0x1b,
    0x70, 0x0, 0x4b, 0x0, 0x3, 0xb0, 0x0, 0x1e,
    0x20, 0x0, 0x7f, 0x70,

    /* U+007C "|" */
    0xe1, 0xe1, 0xe1, 0xe1, 0xe1, 0xe1, 0xe1, 0xe1,
    0xe1, 0xe1, 0xe1,

    /* U+007D "}" */
    0xcd, 0x30, 0x0, 0x5c, 0x0, 0x1, 0xe0, 0x0,
    0xe, 0x0, 0x0, 0xd3, 0x0, 0x3, 0xf1, 0x0,
    0xc6, 0x0, 0xf, 0x0, 0x1, 0xe0, 0x0, 0x5c,
    0x0, 0xcd, 0x30, 0x0,

    /* U+007E "~" */
    0xb, 0xd1, 0x2b, 0x4a, 0x59, 0x69, 0x77, 0x9,
    0xe2,

    /* U+00A0 " " */

    /* U+00A1 "¡" */
    0x6f, 0x26, 0x5, 0x1b, 0x2c, 0x3d, 0x3d, 0x3d,
    0x3d,

    /* U+00A2 "¢" */
    0x0, 0xb, 0x10, 0x0, 0x2b, 0xfb, 0x20, 0xe,
    0x7f, 0x8c, 0x5, 0xc0, 0xd0, 0x70, 0x79, 0x1c,
    0x0, 0x5, 0xb2, 0xa0, 0x60, 0x1f, 0x89, 0x5d,
    0x0, 0x4f, 0xfd, 0x20, 0x0, 0x68, 0x0, 0x0,

    /* U+00A3 "£" */
    0x0, 0x7e, 0xfa, 0x0, 0x5e, 0x32, 0xd8, 0x7,
    0x90, 0x1, 0x20, 0x5b, 0x0, 0x0, 0x5f, 0xff,
    0xe0, 0x0, 0xe, 0x0, 0x0, 0x2, 0xc0, 0x0,
    0x1, 0xb5, 0x22, 0x21, 0x5f, 0xff, 0xff, 0xa0,

    /* U+00A4 "¤" */
    0x15, 0x0, 0x1, 0x61, 0xee, 0xed, 0xf7, 0x9,
    0xf0, 0x4f, 0x0, 0xb2, 0x0, 0xa3, 0xb, 0x20,
    0xa, 0x30, 0xaf, 0x5, 0xf0, 0x2e, 0xde, 0xde,
    0x81, 0x50, 0x0, 0x5,

    /* U+00A5 "¥" */
    0xc, 0x70, 0x0, 0x8a, 0x3, 0xe1, 0x2, 0xe1,
    0x0, 0x9a, 0xb, 0x70, 0x0, 0x1e, 0x8d, 0x0,
    0x0, 0xff, 0xff, 0xf8, 0x0, 0x1, 0xf0, 0x0,
    0x0, 0xdf, 0xfe, 0xe7, 0x0, 0x12, 0xf1, 0x10,
    0x0, 0x1, 0xf0, 0x0,

    /* U+00A6 "¦" */
    0xe1, 0xe1, 0xe1, 0xe1, 0x80, 0x0, 0x80, 0xe1,
    0xe1, 0xe1, 0xe1,

    /* U+00A7 "§" */
    0x4, 0xdf, 0xb1, 0xf, 0x41, 0x9a, 0xe, 0x50,
    0x3, 0x6, 0xfe, 0xa1, 0xe, 0x10, 0x6c, 0xf,
    0x20, 0x2d, 0x4, 0xce, 0xf4, 0x12, 0x1, 0x8b,
    0x2e, 0x20, 0x5d, 0x5, 0xff, 0xe4, 0x0, 0x1,
    0x0,

    /* U+00A8 "¨" */
    0x0, 0x0, 0x79, 0x6a, 0x12, 0x12,

    /* U+00A9 "©" */
    0x0, 0x19, 0xdd, 0x91, 0x0, 0x2, 0xe8, 0x22,
    0x9e, 0x10, 0xc, 0x60, 0x0, 0x7, 0xb0, 0x3d,
    0x6, 0xed, 0x60, 0xe2, 0x69, 0x3d, 0x11, 0xc1,
    0xa5, 0x69, 0x69, 0x0, 0x0, 0xa5, 0x4c, 0x3d,
    0x11, 0xd1, 0xd3, 0xe, 0x46, 0xed, 0x55, 0xd0,
    0x4, 0xe5, 0x0, 0x6e, 0x30, 0x0, 0x4c, 0xff,
    0xc3, 0x0, 0x0, 0x0, 0x0, 0x0, 0x0,

    /* U+00AA "ª" */
    0x1c, 0xda, 0x1, 0x56, 0xf1, 0x5b, 0x3f, 0x13,
    0xca, 0x95,

    /* U+00AB "«" */
    0x0, 0x21, 0x12, 0x5, 0xd1, 0xd5, 0x2e, 0x2b,
    0x80, 0x79, 0xf, 0x0, 0x1e, 0x49, 0xa0, 0x3,
    0xe2, 0xc7,

    /* U+00AC "¬" */
    0x7f, 0xff, 0xf8, 0x0, 0x0, 0x68, 0x0, 0x0,
    0x68, 0x0, 0x0, 0x23,

    /* U+00AD "­" */
    0x9f, 0xf9,

    /* U+00AE "®" */
    0x0, 0x8b, 0xb5, 0x0, 0xb, 0xaa, 0x98, 0x60,
    0x46, 0x73, 0x91, 0xb0, 0x63, 0x7b, 0xa0, 0xa0,
    0x47, 0x73, 0xb0, 0xb0, 0xb, 0x60, 0x2a, 0x50,
    0x0, 0x8b, 0xb4, 0x0,

    /* U+00AF "¯" */
    0x6e, 0xeb,

    /* U+00B0 "°" */
    0xa, 0xd8, 0x5, 0x90, 0xb3, 0x5a, 0xc, 0x30,
    0xae, 0x80,

    /* U+00B1 "±" */
    0x0, 0x15, 0x0, 0x0, 0x3b, 0x0, 0x0, 0x3b,
    0x0, 0x8f, 0xff, 0xff, 0x0, 0x3b, 0x0, 0x0,
    0x3b, 0x0, 0x0, 0x26, 0x0, 0x7f, 0xff, 0xfe,

    /* U+00B2 "²" */
    0x1b, 0xc5, 0x43, 0x2a, 0x3, 0xb4, 0x2c, 0x10,
    0x7d, 0xb7,

    /* U+00B3 "³" */
    0x4c, 0xc1, 0x30, 0x75, 0x4, 0xd2, 0x30, 0x48,
    0x6c, 0xc3,

    /* U+00B4 "´" */
    0x8, 0x23, 0xb0,

    /* U+00B5 "µ" */
    0xb, 0x0, 0xa, 0xf, 0x0, 0x1f, 0xf, 0x0,
    0x1f, 0xf, 0x0, 0x1f, 0x1f, 0x0, 0x1f, 0xf,
    0x50, 0x8f, 0xf, 0xee, 0x6f, 0xf, 0x0, 0x0,
    0xf, 0x0, 0x0,

    /* U+00B6 "¶" */
    0x6, 0xef, 0xff, 0x3, 0xff, 0xf4, 0xe0, 0x6f,
    0xff, 0x4e, 0x4, 0xff, 0xf4, 0xe0, 0x8, 0xff,
    0x4e, 0x0, 0x0, 0xb4, 0xe0, 0x0, 0xb, 0x4e,
    0x0, 0x0, 0xb4, 0xe0, 0x0, 0xb, 0x4e, 0x0,

    /* U+00B7 "·" */
    0x12, 0x7e, 0x24,

    /* U+00B8 "¸" */
    0x7, 0x70, 0x12, 0xa3, 0x1b, 0xa0,

    /* U+00B9 "¹" */
    0x8, 0x37, 0xe3, 0x9, 0x30, 0x93, 0x9, 0x30,

    /* U+00BA "º" */
    0xb, 0xcb, 0x16, 0x90, 0x97, 0x6a, 0x9, 0x60,
    0xac, 0xa0,

    /* U+00BB "»" */
    0x12, 0x2, 0x0, 0x1e, 0x49, 0xa0, 0x3, 0xe2,
    0xc7, 0x0, 0xa6, 0x4c, 0x5, 0xd1, 0xd5, 0x2e,
    0x2b, 0x80,

    /* U+00BC "¼" */
    0x0, 0x0, 0x0, 0x0, 0x0, 0x83, 0x0, 0x7,
    0x70, 0x8e, 0x30, 0x2, 0xc0, 0x0, 0x93, 0x0,
    0xc3, 0x0, 0x9, 0x30, 0x68, 0x0, 0x0, 0x93,
    0x2c, 0x3, 0xd0, 0x0, 0xb, 0x30, 0xcd, 0x0,
    0x6, 0x90, 0x84, 0xc0, 0x1, 0xc0, 0xd, 0xcf,
    0x60, 0xb4, 0x0, 0x0, 0xc0,

    /* U+00BD "½" */
    0x0, 0x0, 0x0, 0x0, 0x0, 0x8, 0x30, 0x0,
    0x87, 0x0, 0x8e, 0x30, 0x2, 0xc0, 0x0, 0x9,
    0x30, 0xc, 0x20, 0x0, 0x9, 0x30, 0x77, 0x0,
    0x0, 0x9, 0x22, 0xc0, 0x8e, 0xa0, 0x0, 0xc,
    0x20, 0x80, 0xc1, 0x0, 0x78, 0x0, 0x6, 0x70,
    0x2, 0xc0, 0x0, 0xa3, 0x0, 0xa, 0x30, 0x0,
    0xdc, 0xc1,

    /* U+00BE "¾" */
    0x3c, 0xb1, 0x0, 0xb, 0x20, 0x41, 0x85, 0x0,
    0x78, 0x0, 0x4, 0xd2, 0x2, 0xc0, 0x0, 0x40,
    0x48, 0xb, 0x30, 0x0, 0x4c, 0xb3, 0x78, 0x7,
    0x70, 0x0, 0x2, 0xc0, 0x3c, 0x80, 0x0, 0xb,
    0x30, 0xa5, 0x80, 0x0, 0x68, 0x6, 0xcd, 0xe1,
    0x2, 0xc0, 0x0, 0x4, 0x80,

    /* U+00BF "¿" */
    0x0, 0x2, 0x0, 0x0, 0x4, 0xf1, 0x0, 0x0,
    0x15, 0x0, 0x0, 0x1, 0x80, 0x0, 0x0, 0x6b,
    0x0, 0x0, 0x6d, 0x20, 0x0, 0x3d, 0x10, 0x0,
    0x6, 0xa0, 0x0, 0xd1, 0x3e, 0x32, 0x9b, 0x0,
    0x6e, 0xfb, 0x10,

    /* U+00C0 "À" */
    0x0, 0x28, 0x0, 0x0, 0x0, 0xa, 0x30, 0x0,
    0x0, 0x0, 0x0, 0x0, 0x0, 0xd, 0xd0, 0x0,
    0x0, 0x3c, 0xc3, 0x0, 0x0, 0x87, 0x68, 0x0,
    0x0, 0xd1, 0x1e, 0x0, 0x3, 0xc0, 0xb, 0x30,
    0x9, 0xff, 0xff, 0x90, 0xe, 0x32, 0x23, 0xe0,
    0x4d, 0x0, 0x0, 0xc4, 0x98, 0x0, 0x0, 0x89,

    /* U+00C1 "Á" */
    0x0, 0x0, 0x82, 0x0, 0x0, 0x3, 0xb0, 0x0,
    0x0, 0x0, 0x0, 0x0, 0x0, 0xd, 0xd0, 0x0,
    0x0, 0x3c, 0xc3, 0x0, 0x0, 0x87, 0x68, 0x0,
    0x0, 0xd1, 0x1e, 0x0, 0x3, 0xc0, 0xb, 0x30,
    0x9, 0xff, 0xff, 0x90, 0xe, 0x32, 0x23, 0xe0,
    0x4d, 0x0, 0x0, 0xc4, 0x98, 0x0, 0x0, 0x89,

    /* U+00C2 "Â" */
    0x0, 0xc, 0xc0, 0x0, 0x0, 0x58, 0x76, 0x0,
    0x0, 0x0, 0x0, 0x0, 0x0, 0xd, 0xd0, 0x0,
    0x0, 0x3c, 0xc3, 0x0, 0x0, 0x87, 0x68, 0x0,
    0x0, 0xd1, 0x1e, 0x0, 0x3, 0xc0, 0xb, 0x30,
    0x9, 0xff, 0xff, 0x90, 0xe, 0x32, 0x23, 0xe0,
    0x4d, 0x0, 0x0, 0xc4, 0x98, 0x0, 0x0, 0x89,

    /* U+00C3 "Ã" */
    0x0, 0x6b, 0x18, 0x0, 0x0, 0x81, 0xb6, 0x0,
    0x0, 0x0, 0x0, 0x0, 0x0, 0xd, 0xd0, 0x0,
    0x0, 0x3c, 0xc3, 0x0, 0x0, 0x87, 0x68, 0x0,
    0x0, 0xd1, 0x1e, 0x0, 0x3, 0xc0, 0xb, 0x30,
    0x9, 0xff, 0xff, 0x90, 0xe, 0x32, 0x23, 0xe0,
    0x4d, 0x0, 0x0, 0xc4, 0x98, 0x0, 0x0, 0x89,

    /* U+00C4 "Ä" */
    0x0, 0x0, 0x0, 0x0, 0x0, 0x97, 0x79, 0x0,
    0x0, 0x11, 0x12, 0x0, 0x0, 0xd, 0xd0, 0x0,
    0x0, 0x3c, 0xc3, 0x0, 0x0, 0x87, 0x68, 0x0,
    0x0, 0xd1, 0x1e, 0x0, 0x3, 0xc0, 0xb, 0x30,
    0x9, 0xff, 0xff, 0x90, 0xe, 0x32, 0x23, 0xe0,
    0x4d, 0x0, 0x0, 0xc4, 0x98, 0x0, 0x0, 0x89,

    /* U+00C5 "Å" */
    0x0, 0x9, 0x90, 0x0, 0x0, 0x9, 0x90, 0x0,
    0x0, 0x0, 0x0, 0x0, 0x0, 0xd, 0xd0, 0x0,
    0x0, 0x3c, 0xc3, 0x0, 0x0, 0x87, 0x78, 0x0,
    0x0, 0xe1, 0x1d, 0x0, 0x3, 0xc0, 0xc, 0x30,
    0x9, 0xff, 0xff, 0x90, 0xe, 0x32, 0x23, 0xe0,
    0x4c, 0x0, 0x0, 0xc4, 0x98, 0x0, 0x0, 0x89,

    /* U+00C6 "Æ" */
    0x0, 0x0, 0x7f, 0xff, 0xff, 0xe0, 0x0, 0xe,
    0x3f, 0x11, 0x11, 0x0, 0x7, 0x91, 0xf0, 0x0,
    0x0, 0x0, 0xe2, 0x1f, 0x0, 0x0, 0x0, 0x79,
    0x1, 0xfe, 0xee, 0xa0, 0xf, 0xff, 0xff, 0x0,
    0x0, 0x8, 0xb2, 0x23, 0xf0, 0x0, 0x1, 0xe2,
    0x0, 0x1f, 0x11, 0x11, 0x8a, 0x0, 0x1, 0xff,
    0xff, 0xf0,

    /* U+00C7 "Ç" */
    0x0, 0x7d, 0xfd, 0x50, 0x9, 0xd4, 0x15, 0xe4,
    0x1f, 0x10, 0x0, 0x6b, 0x5b, 0x0, 0x0, 0x0,
    0x6a, 0x0, 0x0, 0x0, 0x5b, 0x0, 0x0, 0x3,
    0x1f, 0x10, 0x0, 0x6c, 0x9, 0xc3, 0x15, 0xe4,
    0x0, 0x8e, 0xfd, 0x50, 0x0, 0x2, 0xc3, 0x0,
    0x0, 0x4, 0x38, 0x0, 0x0, 0x9, 0xb3, 0x0,

    /* U+00C8 "È" */
    0x4, 0x60, 0x0, 0x0, 0xc1, 0x0, 0x0, 0x0,
    0x0, 0xef, 0xff, 0xf7, 0xe3, 0x11, 0x10, 0xe2,
    0x0, 0x0, 0xe2, 0x0, 0x0, 0xee, 0xee, 0xe4,
    0xe3, 0x11, 0x10, 0xe2, 0x0, 0x0, 0xe3, 0x11,
    0x10, 0xef, 0xff, 0xf8,

    /* U+00C9 "É" */
    0x0, 0x9, 0x0, 0x0, 0x68, 0x0, 0x0, 0x0,
    0x0, 0xef, 0xff, 0xf7, 0xe3, 0x11, 0x10, 0xe2,
    0x0, 0x0, 0xe2, 0x0, 0x0, 0xee, 0xee, 0xe4,
    0xe3, 0x11, 0x10, 0xe2, 0x0, 0x0, 0xe3, 0x11,
    0x10, 0xef, 0xff, 0xf8,

    /* U+00CA "Ê" */
    0x1, 0xea, 0x0, 0x9, 0x4a, 0x30, 0x0, 0x0,
    0x0, 0xef, 0xff, 0xf7, 0xe3, 0x11, 0x10, 0xe2,
    0x0, 0x0, 0xe2, 0x0, 0x0, 0xee, 0xee, 0xe4,
    0xe3, 0x11, 0x10, 0xe2, 0x0, 0x0, 0xe3, 0x11,
    0x10, 0xef, 0xff, 0xf8,

    /* U+00CB "Ë" */
    0x0, 0x0, 0x0, 0xc, 0x4b, 0x60, 0x2, 0x2,
    0x10, 0xef, 0xff, 0xf7, 0xe3, 0x11, 0x10, 0xe2,
    0x0, 0x0, 0xe2, 0x0, 0x0, 0xee, 0xee, 0xe4,
    0xe3, 0x11, 0x10, 0xe2, 0x0, 0x0, 0xe3, 0x11,
    0x10, 0xef, 0xff, 0xf8,

    /* U+00CC "Ì" */
    0x64, 0x1, 0xc0, 0x0, 0x0, 0xe2, 0xe, 0x20,
    0xe2, 0xe, 0x20, 0xe2, 0xe, 0x20, 0xe2, 0xe,
    0x20, 0xe2,

    /* U+00CD "Í" */
    0x19, 0x9, 0x50, 0x0, 0xe, 0x20, 0xe2, 0xe,
    0x20, 0xe2, 0xe, 0x20, 0xe2, 0xe, 0x20, 0xe2,
    0xe, 0x20,

    /* U+00CE "Î" */
    0x3, 0xf7, 0x0, 0xb2, 0xc1, 0x0, 0x0, 0x0,
    0xe, 0x20, 0x0, 0xe2, 0x0, 0xe, 0x20, 0x0,
    0xe2, 0x0, 0xe, 0x20, 0x0, 0xe2, 0x0, 0xe,
    0x20, 0x0, 0xe2, 0x0, 0xe, 0x20,

    /* U+00CF "Ï" */
    0x0, 0x0, 0xf1, 0xd3, 0x30, 0x30, 0xe, 0x20,
    0xe, 0x20, 0xe, 0x20, 0xe, 0x20, 0xe, 0x20,
    0xe, 0x20, 0xe, 0x20, 0xe, 0x20, 0xe, 0x20,

    /* U+00D0 "Ð" */
    0xe, 0xff, 0xea, 0x20, 0xe, 0x31, 0x39, 0xe1,
    0xe, 0x20, 0x0, 0xb8, 0xe, 0x20, 0x0, 0x6c,
    0xbf, 0xfe, 0x80, 0x4d, 0x1f, 0x31, 0x0, 0x6c,
    0xe, 0x20, 0x0, 0xb8, 0xe, 0x31, 0x39, 0xe1,
    0xe, 0xff, 0xfb, 0x20,

    /* U+00D1 "Ñ" */
    0x0, 0xa8, 0x26, 0x0, 0x25, 0x5b, 0x10, 0x0,
    0x0, 0x0, 0xe, 0xd0, 0x0, 0x3d, 0xed, 0x50,
    0x3, 0xde, 0x5d, 0x0, 0x3d, 0xe2, 0xa6, 0x3,
    0xde, 0x22, 0xe0, 0x3d, 0xe2, 0x9, 0x73, 0xde,
    0x20, 0x1e, 0x4d, 0xe2, 0x0, 0x8c, 0xde, 0x20,
    0x0, 0xed,

    /* U+00D2 "Ò" */
    0x0, 0xb, 0x50, 0x0, 0x0, 0x0, 0x17, 0x0,
    0x0, 0x0, 0x0, 0x0, 0x0, 0x0, 0x7, 0xdf,
    0xd6, 0x0, 0x9, 0xd4, 0x14, 0xe7, 0x1, 0xf1,
    0x0, 0x3, 0xf0, 0x5b, 0x0, 0x0, 0xd, 0x36,
    0xa0, 0x0, 0x0, 0xc4, 0x5b, 0x0, 0x0, 0xd,
    0x32, 0xf1, 0x0, 0x3, 0xf0, 0x9, 0xc4, 0x14,
    0xe7, 0x0, 0x8, 0xef, 0xd6, 0x0,

    /* U+00D3 "Ó" */
    0x0, 0x0, 0x79, 0x0, 0x0, 0x0, 0x8, 0x0,
    0x0, 0x0, 0x0, 0x0, 0x0, 0x0, 0x7, 0xdf,
    0xd6, 0x0, 0x9, 0xd4, 0x14, 0xe7, 0x1, 0xf1,
    0x0, 0x3, 0xf0, 0x5b, 0x0, 0x0, 0xd, 0x36,
    0xa0, 0x0, 0x0, 0xc4, 0x5b, 0x0, 0x0, 0xd,
    0x32, 0xf1, 0x0, 0x3, 0xf0, 0x9, 0xc4, 0x14,
    0xe7, 0x0, 0x8, 0xef, 0xd6, 0x0,

    /* U+00D4 "Ô" */
    0x0, 0x8, 0xd5, 0x0, 0x0, 0x0, 0x60, 0x60,
    0x0, 0x0, 0x0, 0x0, 0x0, 0x0, 0x7, 0xdf,
    0xd6, 0x0, 0x9, 0xd4, 0x14, 0xe7, 0x1, 0xf1,
    0x0, 0x3, 0xf0, 0x5b, 0x0, 0x0, 0xd, 0x36,
    0xa0, 0x0, 0x0, 0xc4, 0x5b, 0x0, 0x0, 0xd,
    0x32, 0xf1, 0x0, 0x3, 0xf0, 0x9, 0xc4, 0x14,
    0xe7, 0x0, 0x8, 0xef, 0xd6, 0x0,

    /* U+00D5 "Õ" */
    0x0, 0x1b, 0x55, 0x30, 0x0, 0x5, 0x37, 0xa0,
    0x0, 0x0, 0x0, 0x0, 0x0, 0x0, 0x7, 0xdf,
    0xd6, 0x0, 0x9, 0xd4, 0x14, 0xe7, 0x1, 0xf1,
    0x0, 0x3, 0xf0, 0x5b, 0x0, 0x0, 0xd, 0x36,
    0xa0, 0x0, 0x0, 0xc4, 0x5b, 0x0, 0x0, 0xd,
    0x32, 0xf1, 0x0, 0x3, 0xf0, 0x9, 0xc4, 0x14,
    0xe7, 0x0, 0x8, 0xef, 0xd6, 0x0,

    /* U+00D6 "Ö" */
    0x0, 0x0, 0x0, 0x0, 0x0, 0x2, 0xe1, 0xf0,
    0x0, 0x0, 0x3, 0x3, 0x0, 0x0, 0x0, 0x0,
    0x0, 0x0, 0x0, 0x7d, 0xfd, 0x60, 0x0, 0x9d,
    0x41, 0x4e, 0x70, 0x1f, 0x10, 0x0, 0x3f, 0x5,
    0xb0, 0x0, 0x0, 0xd3, 0x6a, 0x0, 0x0, 0xc,
    0x45, 0xb0, 0x0, 0x0, 0xd3, 0x2f, 0x10, 0x0,
    0x3f, 0x0, 0x9c, 0x41, 0x4e, 0x70, 0x0, 0x8e,
    0xfd, 0x60, 0x0,

    /* U+00D7 "×" */
    0x13, 0x0, 0x31, 0x3e, 0x22, 0xe3, 0x4, 0xff,
    0x50, 0x1, 0xff, 0x10, 0xc, 0x76, 0xd1, 0x38,
    0x0, 0x74,

    /* U+00D8 "Ø" */
    0x0, 0x7d, 0xfd, 0xca, 0x0, 0x9d, 0x41, 0x6f,
    0x80, 0x1f, 0x10, 0xb, 0x8f, 0x5, 0xb0, 0x6,
    0x90, 0xd3, 0x6a, 0x1, 0xd0, 0xc, 0x45, 0xb0,
    0xb4, 0x0, 0xd3, 0x2f, 0x89, 0x0, 0x3f, 0x0,
    0xcf, 0x41, 0x4e, 0x70, 0xc, 0xce, 0xfd, 0x60,
    0x0,

    /* U+00D9 "Ù" */
    0x0, 0x1e, 0x10, 0x0, 0x0, 0x4, 0x40, 0x0,
    0x0, 0x0, 0x0, 0x0, 0x1f, 0x0, 0x0, 0xb5,
    0x1f, 0x0, 0x0, 0xb5, 0x1f, 0x0, 0x0, 0xb5,
    0x1f, 0x0, 0x0, 0xb5, 0x1f, 0x0, 0x0, 0xb5,
    0x1f, 0x0, 0x0, 0xb5, 0xf, 0x10, 0x0, 0xd3,
    0xa, 0xb2, 0x28, 0xd0, 0x0, 0x9e, 0xfb, 0x20,

    /* U+00DA "Ú" */
    0x0, 0x0, 0xc4, 0x0, 0x0, 0x1, 0x70, 0x0,
    0x0, 0x0, 0x0, 0x0, 0x1f, 0x0, 0x0, 0xb5,
    0x1f, 0x0, 0x0, 0xb5, 0x1f, 0x0, 0x0, 0xb5,
    0x1f, 0x0, 0x0, 0xb5, 0x1f, 0x0, 0x0, 0xb5,
    0x1f, 0x0, 0x0, 0xb5, 0xf, 0x10, 0x0, 0xd3,
    0xa, 0xb2, 0x28, 0xd0, 0x0, 0x9e, 0xfb, 0x20,

    /* U+00DB "Û" */
    0x0, 0xb, 0xd1, 0x0, 0x0, 0x24, 0x24, 0x0,
    0x0, 0x0, 0x0, 0x0, 0x1f, 0x0, 0x0, 0xb5,
    0x1f, 0x0, 0x0, 0xb5, 0x1f, 0x0, 0x0, 0xb5,
    0x1f, 0x0, 0x0, 0xb5, 0x1f, 0x0, 0x0, 0xb5,
    0x1f, 0x0, 0x0, 0xb5, 0xf, 0x10, 0x0, 0xd3,
    0xa, 0xb2, 0x28, 0xd0, 0x0, 0x9e, 0xfb, 0x20,

    /* U+00DC "Ü" */
    0x0, 0x0, 0x0, 0x0, 0x0, 0x7a, 0x5b, 0x0,
    0x0, 0x12, 0x12, 0x0, 0x0, 0x0, 0x0, 0x0,
    0x1f, 0x0, 0x0, 0xb5, 0x1f, 0x0, 0x0, 0xb5,
    0x1f, 0x0, 0x0, 0xb5, 0x1f, 0x0, 0x0, 0xb5,
    0x1f, 0x0, 0x0, 0xb5, 0x1f, 0x0, 0x0, 0xb5,
    0xf, 0x10, 0x0, 0xd3, 0xa, 0xb2, 0x28, 0xd0,
    0x0, 0x9e, 0xfb, 0x20,

    /* U+00DD "Ý" */
    0x0, 0x0, 0x37, 0x0, 0x0, 0x0, 0xb3, 0x0,
    0x0, 0x0, 0x0, 0x0, 0xc, 0x60, 0x0, 0x8b,
    0x3, 0xe0, 0x1, 0xf2, 0x0, 0xa8, 0x9, 0x90,
    0x0, 0x2e, 0x4e, 0x10, 0x0, 0x8, 0xf6, 0x0,
    0x0, 0x1, 0xf0, 0x0, 0x0, 0x1, 0xf0, 0x0,
    0x0, 0x1, 0xf0, 0x0, 0x0, 0x1, 0xf0, 0x0,

    /* U+00DE "Þ" */
    0xe2, 0x0, 0x0, 0xff, 0xed, 0x70, 0xf4, 0x24,
    0xd6, 0xe2, 0x0, 0x5b, 0xe2, 0x0, 0x5b, 0xe2,
    0x1, 0xb8, 0xff, 0xff, 0xa0, 0xf4, 0x20, 0x0,
    0xe2, 0x0, 0x0,

    /* U+00DF "ß" */
    0x2, 0xcf, 0xc3, 0x0, 0xc8, 0x16, 0xd0, 0xf,
    0x0, 0xf, 0x0, 0xf0, 0x5, 0xc0, 0xf, 0x1e,
    0xf4, 0x0, 0xf0, 0x14, 0xd3, 0xf, 0x0, 0x8,
    0x80, 0xf0, 0x2, 0xd5, 0xf, 0x3f, 0xe7, 0x0,

    /* U+00E0 "à" */
    0x0, 0xc4, 0x0, 0x0, 0x2, 0x60, 0x0, 0x5,
    0xdf, 0xa1, 0x2, 0xe3, 0x1a, 0x80, 0x2, 0x0,
    0x6c, 0x0, 0x7d, 0xdc, 0xc0, 0x5c, 0x10, 0x5c,
    0x6, 0xc3, 0x4d, 0xd0, 0xb, 0xfd, 0x4d, 0x50,

    /* U+00E1 "á" */
    0x0, 0x8, 0x70, 0x0, 0x0, 0x80, 0x0, 0x5,
    0xdf, 0xa1, 0x2, 0xe3, 0x1a, 0x80, 0x2, 0x0,
    0x6c, 0x0, 0x7d, 0xdc, 0xc0, 0x5c, 0x10, 0x5c,
    0x6, 0xc3, 0x4d, 0xd0, 0xb, 0xfd, 0x4d, 0x50,

    /* U+00E2 "â" */
    0x0, 0x98, 0x50, 0x0, 0x2, 0x3, 0x0, 0x5,
    0xdf, 0xa1, 0x2, 0xe3, 0x1a, 0x80, 0x2, 0x0,
    0x6c, 0x0, 0x7d, 0xdc, 0xc0, 0x5c, 0x10, 0x5c,
    0x6, 0xc3, 0x4d, 0xd0, 0xb, 0xfd, 0x4d, 0x50,

    /* U+00E3 "ã" */
    0x4, 0xbb, 0xa1, 0x0, 0x0, 0x0, 0x0, 0x5,
    0xdf, 0xa1, 0x2, 0xe3, 0x1a, 0x80, 0x2, 0x0,
    0x6c, 0x0, 0x7d, 0xdc, 0xc0, 0x5c, 0x10, 0x5c,
    0x6, 0xc3, 0x4d, 0xd0, 0xb, 0xfd, 0x4d, 0x50,

    /* U+00E4 "ä" */
    0x3, 0xd2, 0xe0, 0x0, 0x3, 0x3, 0x0, 0x5,
    0xdf, 0xa1, 0x2, 0xe3, 0x1a, 0x80, 0x2, 0x0,
    0x6c, 0x0, 0x7d, 0xdc, 0xc0, 0x5c, 0x10, 0x5c,
    0x6, 0xc3, 0x4d, 0xd0, 0xb, 0xfd, 0x4d, 0x50,

    /* U+00E5 "å" */
    0x0, 0x5b, 0x10, 0x0, 0xa, 0x36, 0x0, 0x0,
    0x5b, 0x10, 0x0, 0x5d, 0xfa, 0x10, 0x2e, 0x31,
    0xa8, 0x0, 0x20, 0x6, 0xc0, 0x7, 0xdd, 0xcc,
    0x5, 0xc1, 0x5, 0xc0, 0x6c, 0x34, 0xdd, 0x0,
    0xbf, 0xd4, 0xd5,

    /* U+00E6 "æ" */
    0x5, 0xdf, 0xa2, 0xbf, 0xd4, 0x1, 0xf4, 0x1a,
    0xf9, 0x14, 0xe1, 0x13, 0x0, 0x5f, 0x0, 0xb,
    0x50, 0x5b, 0xdf, 0xff, 0xff, 0xf7, 0x4d, 0x20,
    0x5f, 0x0, 0x0, 0x6, 0xb0, 0x1b, 0xf7, 0x2,
    0xe2, 0x1b, 0xfd, 0x51, 0xbf, 0xd5, 0x0,

    /* U+00E7 "ç" */
    0x3, 0xcf, 0xc2, 0x1, 0xe5, 0x16, 0xd0, 0x5b,
    0x0, 0x5, 0x7, 0x90, 0x0, 0x0, 0x5b, 0x0,
    0x7, 0x1, 0xe5, 0x17, 0xc0, 0x3, 0xdf, 0xc1,
    0x0, 0x2, 0xc3, 0x0, 0x0, 0x42, 0x90, 0x0,
    0x8, 0xb3, 0x0,

    /* U+00E8 "è" */
    0x0, 0xa5, 0x0, 0x0, 0x1, 0x70, 0x0, 0x3,
    0xdf, 0xb1, 0x1, 0xe5, 0x18, 0xb0, 0x5b, 0x0,
    0xf, 0x17, 0xff, 0xff, 0xf2, 0x5a, 0x0, 0x0,
    0x1, 0xe5, 0x17, 0xd0, 0x3, 0xdf, 0xc2, 0x0,

    /* U+00E9 "é" */
    0x0, 0x7, 0x90, 0x0, 0x0, 0x80, 0x0, 0x3,
    0xdf, 0xb1, 0x1, 0xe5, 0x18, 0xb0, 0x5b, 0x0,
    0xf, 0x17, 0xff, 0xff, 0xf2, 0x5a, 0x0, 0x0,
    0x1, 0xe5, 0x17, 0xd0, 0x3, 0xdf, 0xc2, 0x0,

    /* U+00EA "ê" */
    0x0, 0x88, 0x60, 0x0, 0x3, 0x3, 0x0, 0x3,
    0xdf, 0xb1, 0x1, 0xe5, 0x18, 0xb0, 0x5b, 0x0,
    0xf, 0x17, 0xff, 0xff, 0xf2, 0x5a, 0x0, 0x0,
    0x1, 0xe5, 0x17, 0xd0, 0x3, 0xdf, 0xc2, 0x0,

    /* U+00EB "ë" */
    0x2, 0xe0, 0xf0, 0x0, 0x3, 0x4, 0x0, 0x3,
    0xdf, 0xb1, 0x1, 0xe5, 0x18, 0xb0, 0x5b, 0x0,
    0xf, 0x17, 0xff, 0xff, 0xf2, 0x5a, 0x0, 0x0,
    0x1, 0xe5, 0x17, 0xd0, 0x3, 0xdf, 0xc2, 0x0,

    /* U+00EC "ì" */
    0xa6, 0x17, 0xf, 0xf, 0xf, 0xf, 0xf, 0xf,
    0xf,

    /* U+00ED "í" */
    0x6, 0x90, 0x80, 0xf, 0x0, 0xf0, 0xf, 0x0,
    0xf0, 0xf, 0x0, 0xf0, 0xf, 0x0,

    /* U+00EE "î" */
    0x8, 0x77, 0x0, 0x20, 0x20, 0x0, 0xf0, 0x0,
    0xf, 0x0, 0x0, 0xf0, 0x0, 0xf, 0x0, 0x0,
    0xf0, 0x0, 0xf, 0x0, 0x0, 0xf0, 0x0,

    /* U+00EF "ï" */
    0xd8, 0xc3, 0x23, 0xf, 0x0, 0xf0, 0xf, 0x0,
    0xf0, 0xf, 0x0, 0xf0, 0xf, 0x0,

    /* U+00F0 "ð" */
    0x0, 0x96, 0x2, 0x20, 0x5, 0xff, 0xd3, 0x0,
    0x38, 0xb8, 0x0, 0x3b, 0xeb, 0xf0, 0xe, 0x62,
    0x8f, 0x25, 0xb0, 0x0, 0xf6, 0x79, 0x0, 0xf,
    0x65, 0xb0, 0x0, 0xd3, 0x1e, 0x51, 0x7d, 0x0,
    0x4d, 0xfc, 0x20,

    /* U+00F1 "ñ" */
    0x2, 0xbb, 0xb2, 0x0, 0x0, 0x0, 0x0, 0xe,
    0x7c, 0xd3, 0x0, 0xf5, 0x4, 0xc0, 0xf, 0x0,
    0xf, 0x0, 0xf0, 0x0, 0xf0, 0xf, 0x0, 0xf,
    0x0, 0xf0, 0x0, 0xf0, 0xf, 0x0, 0xf, 0x0,

    /* U+00F2 "ò" */
    0x0, 0xa5, 0x0, 0x0, 0x1, 0x70, 0x0, 0x3,
    0xcf, 0xc2, 0x1, 0xe5, 0x17, 0xd0, 0x5b, 0x0,
    0xd, 0x37, 0x90, 0x0, 0xb5, 0x5b, 0x0, 0xd,
    0x31, 0xe5, 0x17, 0xd0, 0x3, 0xdf, 0xc2, 0x0,

    /* U+00F3 "ó" */
    0x0, 0x7, 0x90, 0x0, 0x0, 0x80, 0x0, 0x3,
    0xcf, 0xc2, 0x1, 0xe5, 0x17, 0xd0, 0x5b, 0x0,
    0xd, 0x37, 0x90, 0x0, 0xb5, 0x5b, 0x0, 0xd,
    0x31, 0xe5, 0x17, 0xd0, 0x3, 0xdf, 0xc2, 0x0,

    /* U+00F4 "ô" */
    0x0, 0x88, 0x60, 0x0, 0x3, 0x3, 0x0, 0x3,
    0xcf, 0xc2, 0x1, 0xe5, 0x17, 0xd0, 0x5b, 0x0,
    0xd, 0x37, 0x90, 0x0, 0xb5, 0x5b, 0x0, 0xd,
    0x31, 0xe5, 0x17, 0xd0, 0x3, 0xdf, 0xc2, 0x0,

    /* U+00F5 "õ" */
    0x3, 0xbb, 0xa2, 0x0, 0x0, 0x0, 0x0, 0x3,
    0xcf, 0xc2, 0x1, 0xe5, 0x17, 0xd0, 0x5b, 0x0,
    0xd, 0x37, 0x90, 0x0, 0xb5, 0x5b, 0x0, 0xd,
    0x31, 0xe5, 0x17, 0xd0, 0x3, 0xdf, 0xc2, 0x0,

    /* U+00F6 "ö" */
    0x2, 0xe0, 0xf0, 0x0, 0x3, 0x4, 0x0, 0x3,
    0xcf, 0xc2, 0x1, 0xe5, 0x17, 0xd0, 0x5b, 0x0,
    0xd, 0x37, 0x90, 0x0, 0xb5, 0x5b, 0x0, 0xd,
    0x31, 0xe5, 0x17, 0xd0, 0x3, 0xdf, 0xc2, 0x0,

    /* U+00F7 "÷" */
    0x0, 0x5d, 0x0, 0x0, 0x27, 0x0, 0x0, 0x0,
    0x0, 0x8f, 0xff, 0xff, 0x0, 0x26, 0x0, 0x0,
    0x5d, 0x0,

    /* U+00F8 "ø" */
    0x3, 0xcf, 0xee, 0x1, 0xe5, 0x1f, 0xf0, 0x5b,
    0x5, 0x8d, 0x37, 0x91, 0xc0, 0xb5, 0x5b, 0xa3,
    0xd, 0x31, 0xff, 0x17, 0xd0, 0xf, 0xdf, 0xc2,
    0x0,

    /* U+00F9 "ù" */
    0x0, 0xb5, 0x0, 0x0, 0x17, 0x0, 0xf, 0x0,
    0x1f, 0xf, 0x0, 0x1f, 0xf, 0x0, 0x1f, 0xf,
    0x0, 0x1f, 0xf, 0x0, 0x1f, 0xd, 0x50, 0x8f,
    0x4, 0xee, 0x6f,

    /* U+00FA "ú" */
    0x0, 0x7, 0x80, 0x0, 0x8, 0x0, 0xf, 0x0,
    0x1f, 0xf, 0x0, 0x1f, 0xf, 0x0, 0x1f, 0xf,
    0x0, 0x1f, 0xf, 0x0, 0x1f, 0xd, 0x50, 0x8f,
    0x4, 0xee, 0x6f,

    /* U+00FB "û" */
    0x0, 0x97, 0x60, 0x0, 0x20, 0x20, 0xf, 0x0,
    0x1f, 0xf, 0x0, 0x1f, 0xf, 0x0, 0x1f, 0xf,
    0x0, 0x1f, 0xf, 0x0, 0x1f, 0xd, 0x50, 0x8f,
    0x4, 0xee, 0x6f,

    /* U+00FC "ü" */
    0x2, 0xe1, 0xf0, 0x0, 0x30, 0x40, 0xf, 0x0,
    0x1f, 0xf, 0x0, 0x1f, 0xf, 0x0, 0x1f, 0xf,
    0x0, 0x1f, 0xf, 0x0, 0x1f, 0xd, 0x50, 0x8f,
    0x4, 0xee, 0x6f,

    /* U+00FD "ý" */
    0x0, 0xa, 0x50, 0x0, 0x0, 0x80, 0x0, 0x98,
    0x0, 0x1f, 0x3, 0xd0, 0x6, 0xb0, 0xe, 0x20,
    0xa5, 0x0, 0x97, 0xe, 0x0, 0x3, 0xc4, 0xb0,
    0x0, 0xe, 0xb6, 0x0, 0x0, 0x9f, 0x10, 0x0,
    0x4, 0xb0, 0x0, 0xb, 0xe4, 0x0, 0x0,

    /* U+00FE "þ" */
    0xf, 0x0, 0x0, 0x0, 0xf0, 0x0, 0x0, 0xf,
    0x7f, 0xe6, 0x0, 0xf9, 0x3, 0xf2, 0xf, 0x0,
    0x9, 0x70, 0xe0, 0x0, 0x79, 0xf, 0x10, 0x9,
    0x70, 0xfa, 0x14, 0xf2, 0xf, 0x7e, 0xe6, 0x0,
    0xf0, 0x0, 0x0, 0xf, 0x0, 0x0, 0x0,

    /* U+00FF "ÿ" */
    0x5, 0xb4, 0xc0, 0x0, 0x13, 0x13, 0x0, 0x98,
    0x0, 0x1f, 0x3, 0xd0, 0x6, 0xb0, 0xe, 0x20,
    0xa5, 0x0, 0x97, 0xe, 0x0, 0x3, 0xc4, 0xb0,
    0x0, 0xe, 0xb6, 0x0, 0x0, 0x9f, 0x10, 0x0,
    0x4, 0xb0, 0x0, 0xb, 0xe4, 0x0, 0x0,

    /* U+0100 "Ā" */
    0x0, 0x8e, 0xe8, 0x0, 0x0, 0x0, 0x0, 0x0,
    0x0, 0xd, 0xd0, 0x0, 0x0, 0x3c, 0xc3, 0x0,
    0x0, 0x87, 0x68, 0x0, 0x0, 0xd1, 0x1e, 0x0,
    0x3, 0xc0, 0xb, 0x30, 0x9, 0xff, 0xff, 0x90,
    0xe, 0x32, 0x23, 0xe0, 0x4d, 0x0, 0x0, 0xc4,
    0x98, 0x0, 0x0, 0x89,

    /* U+0101 "ā" */
    0x3, 0xee, 0xd0, 0x0, 0x0, 0x0, 0x0, 0x5,
    0xdf, 0xa1, 0x2, 0xe3, 0x1a, 0x80, 0x2, 0x0,
    0x6c, 0x0, 0x7d, 0xdc, 0xc0, 0x5c, 0x10, 0x5c,
    0x6, 0xc3, 0x4d, 0xd0, 0xb, 0xfd, 0x4d, 0x50,

    /* U+0102 "Ă" */
    0x0, 0x93, 0x29, 0x0, 0x0, 0x1b, 0xb1, 0x0,
    0x0, 0x0, 0x0, 0x0, 0x0, 0xd, 0xd0, 0x0,
    0x0, 0x3c, 0xc3, 0x0, 0x0, 0x87, 0x68, 0x0,
    0x0, 0xd1, 0x1e, 0x0, 0x3, 0xc0, 0xb, 0x30,
    0x9, 0xff, 0xff, 0x90, 0xe, 0x32, 0x23, 0xe0,
    0x4d, 0x0, 0x0, 0xc4, 0x98, 0x0, 0x0, 0x89,

    /* U+0103 "ă" */
    0x1, 0xbc, 0x90, 0x0, 0x0, 0x0, 0x0, 0x5,
    0xdf, 0xa1, 0x2, 0xe3, 0x1a, 0x80, 0x2, 0x0,
    0x6c, 0x0, 0x7d, 0xdc, 0xc0, 0x5c, 0x10, 0x5c,
    0x6, 0xc3, 0x4d, 0xd0, 0xb, 0xfd, 0x4d, 0x50,

    /* U+0104 "Ą" */
    0x0, 0xd, 0xd0, 0x0, 0x0, 0x3, 0xcc, 0x30,
    0x0, 0x0, 0x87, 0x68, 0x0, 0x0, 0xd, 0x11,
    0xe0, 0x0, 0x3, 0xc0, 0xb, 0x30, 0x0, 0x9f,
    0xff, 0xf9, 0x0, 0xe, 0x32, 0x23, 0xe0, 0x4,
    0xd0, 0x0, 0xc, 0x40, 0x98, 0x0, 0x0, 0x8b,
    0x0, 0x0, 0x0, 0x5, 0x70, 0x0, 0x0, 0x0,
    0xd1, 0x0, 0x0, 0x0, 0xa, 0xd1,

    /* U+0105 "ą" */
    0x5, 0xdf, 0xa1, 0x2, 0xe3, 0x1a, 0x80, 0x2,
    0x0, 0x6c, 0x0, 0x7d, 0xdc, 0xc0, 0x5c, 0x10,
    0x5c, 0x6, 0xc3, 0x4d, 0xd0, 0xb, 0xfd, 0x4f,
    0x70, 0x0, 0x0, 0xc1, 0x0, 0x0, 0x3a, 0x0,
    0x0, 0x2, 0xd8,

    /* U+0106 "Ć" */
    0x0, 0x0, 0x87, 0x0, 0x0, 0x0, 0x80, 0x0,
    0x0, 0x0, 0x0, 0x0, 0x0, 0x7d, 0xfd, 0x50,
    0x9, 0xd4, 0x15, 0xe4, 0x1f, 0x10, 0x0, 0x6b,
    0x5b, 0x0, 0x0, 0x0, 0x6a, 0x0, 0x0, 0x0,
    0x5b, 0x0, 0x0, 0x3, 0x1f, 0x10, 0x0, 0x6c,
    0x9, 0xc3, 0x15, 0xe4, 0x0, 0x8e, 0xfd, 0x50,

    /* U+0107 "ć" */
    0x0, 0x7, 0x90, 0x0, 0x0, 0x80, 0x0, 0x3,
    0xcf, 0xc2, 0x1, 0xe5, 0x16, 0xd0, 0x5b, 0x0,
    0x5, 0x7, 0x90, 0x0, 0x0, 0x5b, 0x0, 0x7,
    0x1, 0xe5, 0x17, 0xc0, 0x3, 0xdf, 0xc1, 0x0,

    /* U+0108 "Ĉ" */
    0x0, 0x9, 0xd4, 0x0, 0x0, 0x6, 0x6, 0x0,
    0x0, 0x0, 0x0, 0x0, 0x0, 0x7d, 0xfd, 0x50,
    0x9, 0xd4, 0x15, 0xe4, 0x1f, 0x10, 0x0, 0x6b,
    0x5b, 0x0, 0x0, 0x0, 0x6a, 0x0, 0x0, 0x0,
    0x5b, 0x0, 0x0, 0x3, 0x1f, 0x10, 0x0, 0x6c,
    0x9, 0xc3, 0x15, 0xe4, 0x0, 0x8e, 0xfd, 0x50,

    /* U+0109 "ĉ" */
    0x0, 0x88, 0x60, 0x0, 0x3, 0x3, 0x0, 0x3,
    0xcf, 0xc2, 0x1, 0xe5, 0x16, 0xd0, 0x5b, 0x0,
    0x5, 0x7, 0x90, 0x0, 0x0, 0x5b, 0x0, 0x7,
    0x1, 0xe5, 0x17, 0xc0, 0x3, 0xdf, 0xc1, 0x0,

    /* U+010A "Ċ" */
    0x0, 0x0, 0x0, 0x0, 0x0, 0x3, 0xe0, 0x0,
    0x0, 0x0, 0x30, 0x0, 0x0, 0x0, 0x0, 0x0,
    0x0, 0x7d, 0xfd, 0x50, 0x9, 0xd4, 0x15, 0xe4,
    0x1f, 0x10, 0x0, 0x6b, 0x5b, 0x0, 0x0, 0x0,
    0x6a, 0x0, 0x0, 0x0, 0x5b, 0x0, 0x0, 0x3,
    0x1f, 0x10, 0x0, 0x6c, 0x9, 0xc3, 0x15, 0xe4,
    0x0, 0x8e, 0xfd, 0x50,

    /* U+010B "ċ" */
    0x0, 0x1f, 0x0, 0x0, 0x0, 0x40, 0x0, 0x3,
    0xcf, 0xc2, 0x1, 0xe5, 0x16, 0xd0, 0x5b, 0x0,
    0x5, 0x7, 0x90, 0x0, 0x0, 0x5b, 0x0, 0x7,
    0x1, 0xe5, 0x17, 0xc0, 0x3, 0xdf, 0xc1, 0x0,

    /* U+010C "Č" */
    0x0, 0xb, 0x39, 0x0, 0x0, 0x3, 0x70, 0x0,
    0x0, 0x0, 0x0, 0x0, 0x0, 0x7d, 0xfd, 0x50,
    0x9, 0xd4, 0x15, 0xe4, 0x1f, 0x10, 0x0, 0x6b,
    0x5b, 0x0, 0x0, 0x0, 0x6a, 0x0, 0x0, 0x0,
    0x5b, 0x0, 0x0, 0x3, 0x1f, 0x10, 0x0, 0x6c,
    0x9, 0xc3, 0x15, 0xe4, 0x0, 0x8e, 0xfd, 0x50,

    /* U+010D "č" */
    0x0, 0xb5, 0xa0, 0x0, 0x1, 0x61, 0x0, 0x3,
    0xcf, 0xc2, 0x1, 0xe5, 0x16, 0xd0, 0x5b, 0x0,
    0x5, 0x7, 0x90, 0x0, 0x0, 0x5b, 0x0, 0x7,
    0x1, 0xe5, 0x17, 0xc0, 0x3, 0xdf, 0xc1, 0x0,

    /* U+010E "Ď" */
    0x8, 0x59, 0x30, 0x0, 0xd, 0xb0, 0x0, 0x0,
    0x0, 0x0, 0xe, 0xff, 0xea, 0x20, 0xe3, 0x13,
    0x9e, 0x1e, 0x20, 0x0, 0xb8, 0xe2, 0x0, 0x6,
    0xce, 0x20, 0x0, 0x4d, 0xe2, 0x0, 0x6, 0xce,
    0x20, 0x0, 0xb8, 0xe3, 0x13, 0x9e, 0x1e, 0xff,
    0xfb, 0x20,

    /* U+010F "ď" */
    0x0, 0x0, 0xd, 0x3e, 0x10, 0x0, 0x0, 0xd3,
    0xe0, 0x4, 0xdf, 0x8d, 0x4b, 0x1, 0xf8, 0x3a,
    0xf3, 0x10, 0x5c, 0x0, 0xf, 0x30, 0x7, 0x90,
    0x0, 0xd3, 0x0, 0x5b, 0x0, 0xf, 0x30, 0x1,
    0xf5, 0x18, 0xf3, 0x0, 0x4, 0xdf, 0x9c, 0x30,
    0x0,

    /* U+0110 "Đ" */
    0xe, 0xff, 0xea, 0x20, 0xe, 0x31, 0x39, 0xe1,
    0xe, 0x20, 0x0, 0xb8, 0xe, 0x20, 0x0, 0x6c,
    0xbf, 0xfe, 0x80, 0x4d, 0x1f, 0x31, 0x0, 0x6c,
    0xe, 0x20, 0x0, 0xb8, 0xe, 0x31, 0x39, 0xe1,
    0xe, 0xff, 0xfb, 0x20,

    /* U+0111 "đ" */
    0x0, 0x8, 0xef, 0xf0, 0x0, 0x0, 0xd3, 0x4,
    0xdf, 0x9d, 0x31, 0xf5, 0x18, 0xf3, 0x5b, 0x0,
    0xf, 0x37, 0x90, 0x0, 0xd3, 0x5b, 0x0, 0xf,
    0x31, 0xf5, 0x18, 0xf3, 0x4, 0xdf, 0x9c, 0x30,

    /* U+0112 "Ē" */
    0xb, 0xee, 0x50, 0x0, 0x0, 0x0, 0xef, 0xff,
    0xf7, 0xe3, 0x11, 0x10, 0xe2, 0x0, 0x0, 0xe2,
    0x0, 0x0, 0xee, 0xee, 0xe4, 0xe3, 0x11, 0x10,
    0xe2, 0x0, 0x0, 0xe3, 0x11, 0x10, 0xef, 0xff,
    0xf8,

    /* U+0113 "ē" */
    0x2, 0xff, 0xf0, 0x0, 0x0, 0x0, 0x0, 0x3,
    0xdf, 0xb1, 0x1, 0xe5, 0x18, 0xb0, 0x5b, 0x0,
    0xf, 0x17, 0xff, 0xff, 0xf2, 0x5a, 0x0, 0x0,
    0x1, 0xe5, 0x17, 0xd0, 0x3, 0xdf, 0xc2, 0x0,

    /* U+0114 "Ĕ" */
    0x0, 0x4a, 0xa6, 0x0, 0x0, 0x0, 0x0, 0x0,
    0xf, 0xff, 0xff, 0xf2, 0xf, 0x10, 0x0, 0x0,
    0xf, 0x10, 0x0, 0x0, 0xf, 0xff, 0xff, 0xd0,
    0xf, 0x10, 0x0, 0x0, 0xf, 0x10, 0x0, 0x0,
    0xf, 0x10, 0x0, 0x0, 0xf, 0xff, 0xff, 0xf5,

    /* U+0115 "ĕ" */
    0x1, 0xaa, 0x90, 0x0, 0x0, 0x0, 0x0, 0x5,
    0xcc, 0xc3, 0x2, 0xd1, 0x2, 0xe0, 0x7e, 0xdd,
    0xde, 0x27, 0xa0, 0x0, 0x20, 0x2f, 0x20, 0x4e,
    0x0, 0x5d, 0xdc, 0x30,

    /* U+0116 "Ė" */
    0x0, 0x0, 0x0, 0x0, 0xb5, 0x0, 0x0, 0x21,
    0x0, 0xef, 0xff, 0xf7, 0xe3, 0x11, 0x10, 0xe2,
    0x0, 0x0, 0xe2, 0x0, 0x0, 0xee, 0xee, 0xe4,
    0xe3, 0x11, 0x10, 0xe2, 0x0, 0x0, 0xe3, 0x11,
    0x10, 0xef, 0xff, 0xf8,

    /* U+0117 "ė" */
    0x0, 0x1f, 0x0, 0x0, 0x0, 0x40, 0x0, 0x3,
    0xdf, 0xb1, 0x1, 0xe5, 0x18, 0xb0, 0x5b, 0x0,
    0xf, 0x17, 0xff, 0xff, 0xf2, 0x5a, 0x0, 0x0,
    0x1, 0xe5, 0x17, 0xd0, 0x3, 0xdf, 0xc2, 0x0,

    /* U+0118 "Ę" */
    0xef, 0xff, 0xf7, 0xe3, 0x11, 0x10, 0xe2, 0x0,
    0x0, 0xe2, 0x0, 0x0, 0xee, 0xee, 0xe4, 0xe3,
    0x11, 0x10, 0xe2, 0x0, 0x0, 0xe3, 0x11, 0x10,
    0xef, 0xff, 0xf9, 0x0, 0x0, 0x94, 0x0, 0x0,
    0xd0, 0x0, 0x0, 0xcb,

    /* U+0119 "ę" */
    0x3, 0xdf, 0xb1, 0x1, 0xe5, 0x18, 0xb0, 0x5b,
    0x0, 0xf, 0x17, 0xff, 0xff, 0xf2, 0x5a, 0x0,
    0x0, 0x1, 0xe5, 0x17, 0xe0, 0x3, 0xdf, 0xf7,
    0x0, 0x0, 0x5a, 0x0, 0x0, 0xa, 0x40, 0x0,
    0x0, 0x6e, 0x30,

    /* U+011A "Ě" */
    0x9, 0x4b, 0x30, 0x1, 0xea, 0x0, 0x0, 0x0,
    0x0, 0xef, 0xff, 0xf7, 0xe3, 0x11, 0x10, 0xe2,
    0x0, 0x0, 0xe2, 0x0, 0x0, 0xee, 0xee, 0xe4,
    0xe3, 0x11, 0x10, 0xe2, 0x0, 0x0, 0xe3, 0x11,
    0x10, 0xef, 0xff, 0xf8,

    /* U+011B "ě" */
    0x0, 0xb5, 0xa0, 0x0, 0x1, 0x61, 0x0, 0x3,
    0xdf, 0xb1, 0x1, 0xe5, 0x18, 0xb0, 0x5b, 0x0,
    0xf, 0x17, 0xff, 0xff, 0xf2, 0x5a, 0x0, 0x0,
    0x1, 0xe5, 0x17, 0xd0, 0x3, 0xdf, 0xc2, 0x0,

    /* U+011C "Ĝ" */
    0x0, 0x9, 0xd4, 0x0, 0x0, 0x6, 0x6, 0x0,
    0x0, 0x0, 0x0, 0x0, 0x0, 0x7d, 0xfd, 0x50,
    0x8, 0xc3, 0x14, 0xe4, 0x1f, 0x10, 0x0, 0x47,
    0x5b, 0x0, 0x0, 0x0, 0x6a, 0x0, 0x9f, 0xfb,
    0x5b, 0x0, 0x12, 0x4c, 0x1f, 0x10, 0x0, 0x8d,
    0x9, 0xc3, 0x16, 0xcc, 0x0, 0x8e, 0xfb, 0x1c,

    /* U+011D "ĝ" */
    0x0, 0x98, 0x60, 0x0, 0x2, 0x3, 0x0, 0x5,
    0xdf, 0x9c, 0x22, 0xf4, 0x18, 0xf2, 0x6a, 0x0,
    0xf, 0x26, 0xa0, 0x0, 0xe2, 0x2e, 0x20, 0x6f,
    0x20, 0x6f, 0xfa, 0xd2, 0x14, 0x1, 0xe, 0x20,
    0xe5, 0x16, 0xe0, 0x3, 0xdf, 0xd3, 0x0,

    /* U+011E "Ğ" */
    0x0, 0x38, 0xb, 0x0, 0x0, 0x9, 0xc5, 0x0,
    0x0, 0x0, 0x0, 0x0, 0x0, 0x7d, 0xfd, 0x50,
    0x8, 0xc3, 0x14, 0xe4, 0x1f, 0x10, 0x0, 0x47,
    0x5b, 0x0, 0x0, 0x0, 0x6a, 0x0, 0x9f, 0xfb,
    0x5b, 0x0, 0x12, 0x4c, 0x1f, 0x10, 0x0, 0x8d,
    0x9, 0xc3, 0x16, 0xcc, 0x0, 0x8e, 0xfb, 0x1c,

    /* U+011F "ğ" */
    0x1, 0xbc, 0x90, 0x0, 0x0, 0x0, 0x0, 0x5,
    0xdf, 0x9c, 0x22, 0xf4, 0x18, 0xf2, 0x6a, 0x0,
    0xf, 0x26, 0xa0, 0x0, 0xe2, 0x2e, 0x20, 0x6f,
    0x20, 0x6f, 0xfa, 0xd2, 0x14, 0x1, 0xe, 0x20,
    0xe5, 0x16, 0xe0, 0x3, 0xdf, 0xd3, 0x0,

    /* U+0120 "Ġ" */
    0x0, 0x0, 0x0, 0x0, 0x0, 0x2, 0xe0, 0x0,
    0x0, 0x0, 0x30, 0x0, 0x0, 0x0, 0x0, 0x0,
    0x0, 0x7d, 0xfd, 0x50, 0x8, 0xc3, 0x14, 0xe4,
    0x1f, 0x10, 0x0, 0x47, 0x5b, 0x0, 0x0, 0x0,
    0x6a, 0x0, 0x9f, 0xfb, 0x5b, 0x0, 0x12, 0x4c,
    0x1f, 0x10, 0x0, 0x8d, 0x9, 0xc3, 0x16, 0xcc,
    0x0, 0x8e, 0xfb, 0x1c,

    /* U+0121 "ġ" */
    0x0, 0x2e, 0x0, 0x0, 0x0, 0x30, 0x0, 0x5,
    0xdf, 0x9c, 0x22, 0xf4, 0x18, 0xf2, 0x6a, 0x0,
    0xf, 0x26, 0xa0, 0x0, 0xe2, 0x2e, 0x20, 0x6f,
    0x20, 0x6f, 0xfa, 0xd2, 0x14, 0x1, 0xe, 0x20,
    0xe5, 0x16, 0xe0, 0x3, 0xdf, 0xd3, 0x0,

    /* U+0122 "Ģ" */
    0x0, 0x7d, 0xfd, 0x50, 0x8, 0xc3, 0x14, 0xe4,
    0x1f, 0x10, 0x0, 0x47, 0x5b, 0x0, 0x0, 0x0,
    0x6a, 0x0, 0x9f, 0xfb, 0x5b, 0x0, 0x12, 0x4c,
    0x1f, 0x10, 0x0, 0x8d, 0x9, 0xc3, 0x16, 0xcc,
    0x0, 0x8e, 0xfb, 0x1c, 0x0, 0x0, 0x20, 0x0,
    0x0, 0x3, 0xf0, 0x0, 0x0, 0x0, 0xa0, 0x0,
    0x0, 0x2, 0x30, 0x0,

    /* U+0123 "ģ" */
    0x0, 0x4, 0x0, 0x0, 0x0, 0xa0, 0x0, 0x0,
    0x3f, 0x0, 0x0, 0x0, 0x20, 0x0, 0x5, 0xdf,
    0x9c, 0x22, 0xf4, 0x18, 0xf2, 0x6a, 0x0, 0xf,
    0x26, 0xa0, 0x0, 0xe2, 0x2e, 0x20, 0x6f, 0x20,
    0x6f, 0xfa, 0xd2, 0x14, 0x1, 0xe, 0x20, 0xe5,
    0x16, 0xe0, 0x3, 0xdf, 0xd3, 0x0,

    /* U+0124 "Ĥ" */
    0x0, 0x8e, 0x20, 0x0, 0x1b, 0x3a, 0x0, 0x0,
    0x0, 0x0, 0xe, 0x20, 0x0, 0x97, 0xe2, 0x0,
    0x9, 0x7e, 0x20, 0x0, 0x97, 0xe2, 0x0, 0x9,
    0x7f, 0xff, 0xff, 0xf7, 0xe4, 0x22, 0x2b, 0x7e,
    0x20, 0x0, 0x97, 0xe2, 0x0, 0x9, 0x7e, 0x20,
    0x0, 0x97,

    /* U+0125 "ĥ" */
    0x2, 0x81, 0x0, 0x0, 0xb, 0x6b, 0x0, 0x0,
    0x0, 0x0, 0x0, 0x0, 0x0, 0xf0, 0x0, 0x0,
    0x0, 0xf0, 0x0, 0x0, 0x0, 0xf7, 0xee, 0x40,
    0x0, 0xf7, 0x6, 0xc0, 0x0, 0xf0, 0x0, 0xf0,
    0x0, 0xf0, 0x0, 0xf0, 0x0, 0xf0, 0x0, 0xf0,
    0x0, 0xf0, 0x0, 0xf0, 0x0, 0xf0, 0x0, 0xf0,

    /* U+0126 "Ħ" */
    0xe, 0x20, 0x0, 0x97, 0xb, 0xff, 0xee, 0xef,
    0xf5, 0x1f, 0x41, 0x11, 0xb9, 0x0, 0xe2, 0x0,
    0x9, 0x70, 0xf, 0xff, 0xff, 0xf7, 0x0, 0xe4,
    0x22, 0x2b, 0x70, 0xe, 0x20, 0x0, 0x97, 0x0,
    0xe2, 0x0, 0x9, 0x70, 0xe, 0x20, 0x0, 0x97,
    0x0,

    /* U+0127 "ħ" */
    0xf, 0x0, 0x0, 0xd, 0xfe, 0xa0, 0x0, 0xf,
    0x7e, 0xe4, 0x0, 0xf7, 0x6, 0xc0, 0xf, 0x0,
    0xf, 0x0, 0xf0, 0x0, 0xf0, 0xf, 0x0, 0xf,
    0x0, 0xf0, 0x0, 0xf0, 0xf, 0x0, 0xf, 0x0,

    /* U+0128 "Ĩ" */
    0xa, 0x82, 0x53, 0x55, 0xb1, 0x0, 0x0, 0x0,
    0xe, 0x20, 0x0, 0xe2, 0x0, 0xe, 0x20, 0x0,
    0xe2, 0x0, 0xe, 0x20, 0x0, 0xe2, 0x0, 0xe,
    0x20, 0x0, 0xe2, 0x0, 0xe, 0x20,

    /* U+0129 "ĩ" */
    0x3b, 0xbb, 0x20, 0x0, 0x0, 0x0, 0xf0, 0x0,
    0xf, 0x0, 0x0, 0xf0, 0x0, 0xf, 0x0, 0x0,
    0xf0, 0x0, 0xf, 0x0, 0x0, 0xf0, 0x0,

    /* U+012A "Ī" */
    0xee, 0xe3, 0x0, 0x0, 0xe, 0x20, 0xe, 0x20,
    0xe, 0x20, 0xe, 0x20, 0xe, 0x20, 0xe, 0x20,
    0xe, 0x20, 0xe, 0x20, 0xe, 0x20,

    /* U+012B "ī" */
    0x2e, 0xee, 0x10, 0x0, 0x0, 0x0, 0xf0, 0x0,
    0xf, 0x0, 0x0, 0xf0, 0x0, 0xf, 0x0, 0x0,
    0xf0, 0x0, 0xf, 0x0, 0x0, 0xf0, 0x0,

    /* U+012C "Ĭ" */
    0x8, 0xaa, 0x20, 0x0, 0x0, 0x0, 0xe4, 0x0,
    0xe, 0x40, 0x0, 0xe4, 0x0, 0xe, 0x40, 0x0,
    0xe4, 0x0, 0xe, 0x40, 0x0, 0xe4, 0x0, 0xe,
    0x40,

    /* U+012D "ĭ" */
    0x2a, 0xa8, 0x0, 0x0, 0x0, 0x3, 0xd0, 0x0,
    0x3d, 0x0, 0x3, 0xd0, 0x0, 0x3d, 0x0, 0x3,
    0xd0, 0x0, 0x3d, 0x0,

    /* U+012E "Į" */
    0xe, 0x20, 0xe2, 0xe, 0x20, 0xe2, 0xe, 0x20,
    0xe2, 0xe, 0x20, 0xe2, 0xf, 0x21, 0xc0, 0x76,
    0x5, 0xd5,

    /* U+012F "į" */
    0x1f, 0x0, 0x40, 0xf, 0x0, 0xf0, 0xf, 0x0,
    0xf0, 0xf, 0x0, 0xf0, 0xf, 0x3, 0xa0, 0xa3,
    0x7, 0xd3,

    /* U+0130 "İ" */
    0x0, 0xe2, 0x30, 0xe2, 0xe2, 0xe2, 0xe2, 0xe2,
    0xe2, 0xe2, 0xe2, 0xe2,

    /* U+0131 "ı" */
    0xf, 0xf, 0xf, 0xf, 0xf, 0xf, 0xf,

    /* U+0132 "Ĳ" */
    0xe2, 0x0, 0x0, 0xc, 0x3e, 0x20, 0x0, 0x0,
    0xc3, 0xe2, 0x0, 0x0, 0xc, 0x3e, 0x20, 0x0,
    0x0, 0xc3, 0xe2, 0x0, 0x0, 0xc, 0x3e, 0x20,
    0x10, 0x0, 0xc3, 0xe2, 0x1f, 0x0, 0xe, 0x2e,
    0x20, 0xc8, 0x27, 0xd0, 0xe2, 0x2, 0xcf, 0xc2,
    0x0,

    /* U+0133 "ĳ" */
    0x1f, 0x1, 0xf0, 0x40, 0x4, 0xf, 0x0, 0xf0,
    0xf0, 0xf, 0xf, 0x0, 0xf0, 0xf0, 0xf, 0xf,
    0x0, 0xf0, 0xf0, 0xf, 0xf, 0x0, 0xf0, 0x0,
    0x2f, 0x0, 0x3f, 0x90,

    /* U+0134 "Ĵ" */
    0x0, 0x0, 0x3d, 0xa0, 0x0, 0x0, 0x51, 0x51,
    0x0, 0x0, 0x0, 0x0, 0x0, 0x0, 0xc, 0x30,
    0x0, 0x0, 0xc, 0x30, 0x0, 0x0, 0xc, 0x30,
    0x0, 0x0, 0xc, 0x30, 0x0, 0x0, 0xc, 0x30,
    0x1, 0x0, 0xc, 0x30, 0x1f, 0x0, 0xe, 0x20,
    0xc, 0x82, 0x7d, 0x0, 0x2, 0xcf, 0xc2, 0x0,

    /* U+0135 "ĵ" */
    0x5, 0x79, 0x0, 0x20, 0x10, 0x0, 0xd2, 0x0,
    0xd, 0x20, 0x0, 0xd2, 0x0, 0xd, 0x20, 0x0,
    0xd2, 0x0, 0xd, 0x20, 0x0, 0xd2, 0x0, 0xe,
    0x20, 0xf, 0xb0, 0x0,

    /* U+0136 "Ķ" */
    0xe2, 0x0, 0x7c, 0xe, 0x20, 0x5e, 0x10, 0xe2,
    0x3e, 0x20, 0xe, 0x4e, 0x40, 0x0, 0xee, 0xf5,
    0x0, 0xe, 0x93, 0xe1, 0x0, 0xe2, 0x8, 0xb0,
    0xe, 0x20, 0xc, 0x70, 0xe2, 0x0, 0x2e, 0x20,
    0x1, 0x10, 0x0, 0x0, 0x7c, 0x0, 0x0, 0x3,
    0x70, 0x0, 0x0, 0x41, 0x0, 0x0,

    /* U+0137 "ķ" */
    0xf, 0x0, 0x0, 0x0, 0xf0, 0x0, 0x0, 0xf,
    0x0, 0x5e, 0x10, 0xf0, 0x3e, 0x30, 0xf, 0x1e,
    0x40, 0x0, 0xfc, 0xf4, 0x0, 0xf, 0x84, 0xd0,
    0x0, 0xf0, 0xa, 0x80, 0xf, 0x0, 0x1e, 0x30,
    0x0, 0x20, 0x0, 0x0, 0x1f, 0x20, 0x0, 0x0,
    0xb0, 0x0, 0x0, 0x14, 0x0, 0x0,

    /* U+0138 "ĸ" */
    0x3d, 0x6, 0xd1, 0x3d, 0x1d, 0x0, 0x3f, 0xe4,
    0x0, 0x3d, 0x3d, 0x0, 0x3d, 0x9, 0x80, 0x3d,
    0x1, 0xe1,

    /* U+0139 "Ĺ" */
    0x19, 0x0, 0x0, 0x95, 0x0, 0x0, 0x0, 0x0,
    0x0, 0xe2, 0x0, 0x0, 0xe2, 0x0, 0x0, 0xe2,
    0x0, 0x0, 0xe2, 0x0, 0x0, 0xe2, 0x0, 0x0,
    0xe2, 0x0, 0x0, 0xe2, 0x0, 0x0, 0xe3, 0x11,
    0x10, 0xff, 0xff, 0xf6,

    /* U+013A "ĺ" */
    0x6, 0x90, 0x81, 0xf, 0x0, 0xf0, 0xf, 0x0,
    0xf0, 0xf, 0x0, 0xf0, 0xf, 0x0, 0xf0, 0xb,
    0xe0,

    /* U+013B "Ļ" */
    0xe2, 0x0, 0x0, 0xe2, 0x0, 0x0, 0xe2, 0x0,
    0x0, 0xe2, 0x0, 0x0, 0xe2, 0x0, 0x0, 0xe2,
    0x0, 0x0, 0xe2, 0x0, 0x0, 0xe3, 0x11, 0x10,
    0xff, 0xff, 0xf6, 0x0, 0x20, 0x0, 0x0, 0xd5,
    0x0, 0x0, 0x91, 0x0, 0x0, 0x50, 0x0,

    /* U+013C "ļ" */
    0xf, 0x0, 0xf0, 0xf, 0x0, 0xf0, 0xf, 0x0,
    0xf0, 0xf, 0x0, 0xf0, 0xb, 0xe0, 0x11, 0xa,
    0x90, 0x64, 0x5, 0x0,

    /* U+013D "Ľ" */
    0xe2, 0x0, 0xe1, 0xe2, 0x0, 0xd0, 0xe2, 0x1,
    0xb0, 0xe2, 0x0, 0x20, 0xe2, 0x0, 0x0, 0xe2,
    0x0, 0x0, 0xe2, 0x0, 0x0, 0xe3, 0x11, 0x10,
    0xff, 0xff, 0xf6,

    /* U+013E "ľ" */
    0xf, 0xf, 0x0, 0xf1, 0xc0, 0xf, 0x39, 0x0,
    0xf1, 0x20, 0xf, 0x0, 0x0, 0xf0, 0x0, 0xf,
    0x0, 0x0, 0xf0, 0x0, 0xb, 0xe0, 0x0,

    /* U+013F "Ŀ" */
    0x1f, 0x0, 0x0, 0x1, 0xf0, 0x0, 0x0, 0x1f,
    0x0, 0x0, 0x1, 0xf0, 0x5b, 0x0, 0x1f, 0x0,
    0x10, 0x1, 0xf0, 0x0, 0x0, 0x1f, 0x0, 0x0,
    0x1, 0xff, 0xff, 0xf4,

    /* U+0140 "ŀ" */
    0x3d, 0x0, 0x3d, 0x0, 0x3d, 0x0, 0x3d, 0x5b,
    0x3d, 0x1, 0x3d, 0x0, 0x3d, 0x0, 0x3d, 0x0,

    /* U+0141 "Ł" */
    0xe, 0x20, 0x0, 0x0, 0xe2, 0x0, 0x0, 0xe,
    0x21, 0x0, 0x0, 0xfa, 0xc0, 0x0, 0x6f, 0x90,
    0x0, 0x5, 0xf2, 0x0, 0x0, 0xe, 0x20, 0x0,
    0x0, 0xe3, 0x11, 0x10, 0xf, 0xff, 0xff, 0x60,

    /* U+0142 "ł" */
    0xf, 0x0, 0xf0, 0xf, 0x12, 0xf9, 0xbf, 0x0,
    0xf0, 0xf, 0x0, 0xf0, 0xb, 0xe0,

    /* U+0143 "Ń" */
    0x0, 0x1, 0x90, 0x0, 0x0, 0x95, 0x0, 0x0,
    0x0, 0x0, 0xe, 0xd0, 0x0, 0x3d, 0xed, 0x50,
    0x3, 0xde, 0x5d, 0x0, 0x3d, 0xe2, 0xa6, 0x3,
    0xde, 0x22, 0xe0, 0x3d, 0xe2, 0x9, 0x73, 0xde,
    0x20, 0x1e, 0x4d, 0xe2, 0x0, 0x8c, 0xde, 0x20,
    0x0, 0xed,

    /* U+0144 "ń" */
    0x0, 0x6, 0xa0, 0x0, 0x0, 0x81, 0x0, 0xe,
    0x7c, 0xd3, 0x0, 0xf5, 0x4, 0xc0, 0xf, 0x0,
    0xf, 0x0, 0xf0, 0x0, 0xf0, 0xf, 0x0, 0xf,
    0x0, 0xf0, 0x0, 0xf0, 0xf, 0x0, 0xf, 0x0,

    /* U+0145 "Ņ" */
    0xed, 0x0, 0x3, 0xde, 0xd5, 0x0, 0x3d, 0xe5,
    0xd0, 0x3, 0xde, 0x2a, 0x60, 0x3d, 0xe2, 0x2e,
    0x3, 0xde, 0x20, 0x97, 0x3d, 0xe2, 0x1, 0xe4,
    0xde, 0x20, 0x8, 0xcd, 0xe2, 0x0, 0xe, 0xd0,
    0x0, 0x20, 0x0, 0x0, 0x2f, 0x10, 0x0, 0x0,
    0xb0, 0x0, 0x0, 0x13, 0x0, 0x0,

    /* U+0146 "ņ" */
    0xe, 0x7c, 0xd3, 0x0, 0xf5, 0x4, 0xc0, 0xf,
    0x0, 0xf, 0x0, 0xf0, 0x0, 0xf0, 0xf, 0x0,
    0xf, 0x0, 0xf0, 0x0, 0xf0, 0xf, 0x0, 0xf,
    0x0, 0x0, 0x20, 0x0, 0x0, 0x1f, 0x10, 0x0,
    0x0, 0xb0, 0x0, 0x0, 0x13, 0x0, 0x0,

    /* U+0147 "Ň" */
    0x0, 0xb2, 0xc1, 0x0, 0x3, 0xf7, 0x0, 0x0,
    0x0, 0x0, 0xe, 0xd0, 0x0, 0x3d, 0xed, 0x50,
    0x3, 0xde, 0x5d, 0x0, 0x3d, 0xe2, 0xa6, 0x3,
    0xde, 0x22, 0xe0, 0x3d, 0xe2, 0x9, 0x73, 0xde,
    0x20, 0x1e, 0x4d, 0xe2, 0x0, 0x8c, 0xde, 0x20,
    0x0, 0xed,

    /* U+0148 "ň" */
    0x0, 0xa6, 0xa0, 0x0, 0x1, 0x50, 0x0, 0xe,
    0x7c, 0xd3, 0x0, 0xf5, 0x4, 0xc0, 0xf, 0x0,
    0xf, 0x0, 0xf0, 0x0, 0xf0, 0xf, 0x0, 0xf,
    0x0, 0xf0, 0x0, 0xf0, 0xf, 0x0, 0xf, 0x0,

    /* U+0149 "ŉ" */
    0xf, 0x30, 0x0, 0x0, 0x9, 0x10, 0x0, 0x0,
    0x2, 0x5b, 0xbb, 0xc2, 0x0, 0x5e, 0x10, 0x89,
    0x0, 0x5b, 0x0, 0x5b, 0x0, 0x5b, 0x0, 0x5b,
    0x0, 0x5b, 0x0, 0x5b, 0x0, 0x5b, 0x0, 0x5b,

    /* U+014A "Ŋ" */
    0xed, 0x0, 0x3, 0xde, 0xd5, 0x0, 0x3d, 0xe5,
    0xd0, 0x3, 0xde, 0x2a, 0x60, 0x3d, 0xe2, 0x2e,
    0x3, 0xde, 0x20, 0x98, 0x3d, 0xe2, 0x1, 0xe4,
    0xde, 0x20, 0x8, 0xcd, 0xe2, 0x0, 0xf, 0xf0,
    0x0, 0x0, 0x6c, 0x0, 0x3, 0xfe, 0x40,

    /* U+014B "ŋ" */
    0xe, 0x7c, 0xd3, 0x0, 0xf5, 0x4, 0xc0, 0xf,
    0x0, 0xf, 0x0, 0xf0, 0x0, 0xf0, 0xf, 0x0,
    0xf, 0x0, 0xf0, 0x0, 0xf0, 0xf, 0x0, 0xf,
    0x0, 0x0, 0x2, 0xe0, 0x0, 0xb, 0xe6, 0x0,

    /* U+014C "Ō" */
    0x0, 0x2e, 0xee, 0x0, 0x0, 0x0, 0x0, 0x0,
    0x0, 0x0, 0x0, 0x0, 0x0, 0x0, 0x7, 0xdf,
    0xd6, 0x0, 0x9, 0xd4, 0x14, 0xe7, 0x1, 0xf1,
    0x0, 0x3, 0xf0, 0x5b, 0x0, 0x0, 0xd, 0x36,
    0xa0, 0x0, 0x0, 0xc4, 0x5b, 0x0, 0x0, 0xd,
    0x32, 0xf1, 0x0, 0x3, 0xf0, 0x9, 0xc4, 0x14,
    0xe7, 0x0, 0x8, 0xef, 0xd6, 0x0,

    /* U+014D "ō" */
    0x2, 0xee, 0xe0, 0x0, 0x0, 0x0, 0x0, 0x3,
    0xcf, 0xc2, 0x1, 0xe5, 0x17, 0xd0, 0x5b, 0x0,
    0xd, 0x37, 0x90, 0x0, 0xb5, 0x5b, 0x0, 0xd,
    0x31, 0xe5, 0x17, 0xd0, 0x3, 0xdf, 0xc2, 0x0,

    /* U+014E "Ŏ" */
    0x0, 0x6, 0x3, 0x20, 0x0, 0x0, 0x6b, 0x90,
    0x0, 0x0, 0x0, 0x0, 0x0, 0x0, 0x7, 0xdf,
    0xe9, 0x10, 0x9, 0xc2, 0x1, 0x8d, 0x12, 0xf1,
    0x0, 0x0, 0xb8, 0x6d, 0x0, 0x0, 0x7, 0xb6,
    0xc0, 0x0, 0x0, 0x7b, 0x2f, 0x10, 0x0, 0xb,
    0x80, 0x9c, 0x20, 0x18, 0xe1, 0x0, 0x7d, 0xfe,
    0x91, 0x0,

    /* U+014F "ŏ" */
    0x2, 0xaa, 0x90, 0x0, 0x0, 0x0, 0x0, 0x6,
    0xdd, 0xb2, 0x3, 0xe1, 0x5, 0xd0, 0x89, 0x0,
    0xe, 0x28, 0x90, 0x0, 0xe2, 0x3e, 0x10, 0x5d,
    0x0, 0x6d, 0xdb, 0x20,

    /* U+0150 "Ő" */
    0x0, 0x4, 0xcb, 0x50, 0x0, 0x0, 0x63, 0x80,
    0x0, 0x0, 0x0, 0x0, 0x0, 0x0, 0x7, 0xdf,
    0xd6, 0x0, 0x9, 0xd4, 0x14, 0xe7, 0x1, 0xf1,
    0x0, 0x3, 0xf0, 0x5b, 0x0, 0x0, 0xd, 0x36,
    0xa0, 0x0, 0x0, 0xc4, 0x5b, 0x0, 0x0, 0xd,
    0x32, 0xf1, 0x0, 0x3, 0xf0, 0x9, 0xc4, 0x14,
    0xe7, 0x0, 0x8, 0xef, 0xd6, 0x0,

    /* U+0151 "ő" */
    0x0, 0x4c, 0xb5, 0x0, 0x6, 0x38, 0x0, 0x3,
    0xcf, 0xc2, 0x1, 0xe5, 0x17, 0xd0, 0x5b, 0x0,
    0xd, 0x37, 0x90, 0x0, 0xb5, 0x5b, 0x0, 0xd,
    0x31, 0xe5, 0x17, 0xd0, 0x3, 0xdf, 0xc2, 0x0,

    /* U+0152 "Œ" */
    0x0, 0x7d, 0xfd, 0x6b, 0xff, 0xff, 0x40, 0x9d,
    0x41, 0x4e, 0xf5, 0x11, 0x10, 0x1f, 0x10, 0x0,
    0x3f, 0x50, 0x0, 0x5, 0xb0, 0x0, 0x0, 0xd5,
    0x0, 0x0, 0x6a, 0x0, 0x0, 0xc, 0xfe, 0xee,
    0x15, 0xb0, 0x0, 0x0, 0xd6, 0x11, 0x10, 0x1f,
    0x10, 0x0, 0x3f, 0x50, 0x0, 0x0, 0x9c, 0x31,
    0x4e, 0xf5, 0x11, 0x10, 0x0, 0x7e, 0xfd, 0x6b,
    0xff, 0xff, 0x60,

    /* U+0153 "œ" */
    0x3, 0xcf, 0xc2, 0x6e, 0xf9, 0x1, 0xe5, 0x17,
    0xfe, 0x31, 0xb7, 0x5b, 0x0, 0xf, 0xb0, 0x3,
    0xd7, 0x90, 0x0, 0xff, 0xff, 0xfe, 0x5b, 0x0,
    0xf, 0xa0, 0x0, 0x1, 0xe5, 0x17, 0xfe, 0x31,
    0xaa, 0x3, 0xdf, 0xc2, 0x6e, 0xfa, 0x0,

    /* U+0154 "Ŕ" */
    0x0, 0x8, 0x30, 0x0, 0x2, 0xc0, 0x0, 0x0,
    0x0, 0x0, 0xe, 0xff, 0xfc, 0x30, 0xe3, 0x11,
    0x6e, 0xe, 0x20, 0x0, 0xe3, 0xe2, 0x0, 0x4e,
    0xe, 0xff, 0xff, 0x40, 0xe3, 0x22, 0x6e, 0xe,
    0x20, 0x0, 0xe1, 0xe2, 0x0, 0xd, 0x2e, 0x20,
    0x0, 0xc4,

    /* U+0155 "ŕ" */
    0x0, 0x87, 0x0, 0x8, 0x0, 0xd, 0xaf, 0x0,
    0xf7, 0x0, 0xf, 0x0, 0x0, 0xf0, 0x0, 0xf,
    0x0, 0x0, 0xf0, 0x0, 0xf, 0x0, 0x0,

    /* U+0156 "Ŗ" */
    0xef, 0xff, 0xc3, 0xe, 0x31, 0x16, 0xe0, 0xe2,
    0x0, 0xe, 0x3e, 0x20, 0x4, 0xe0, 0xef, 0xff,
    0xf4, 0xe, 0x32, 0x26, 0xe0, 0xe2, 0x0, 0xe,
    0x1e, 0x20, 0x0, 0xd2, 0xe2, 0x0, 0xc, 0x40,
    0x1, 0x10, 0x0, 0x0, 0x6c, 0x0, 0x0, 0x3,
    0x80, 0x0, 0x0, 0x41, 0x0, 0x0,

    /* U+0157 "ŗ" */
    0xd, 0xaf, 0x0, 0xf7, 0x0, 0xf, 0x0, 0x0,
    0xf0, 0x0, 0xf, 0x0, 0x0, 0xf0, 0x0, 0xf,
    0x0, 0x0, 0x20, 0x0, 0x2f, 0x0, 0x0, 0xa0,
    0x0, 0x23, 0x0, 0x0,

    /* U+0158 "Ř" */
    0x5, 0x87, 0x60, 0x0, 0xc, 0xd0, 0x0, 0x0,
    0x0, 0x0, 0xe, 0xff, 0xfc, 0x30, 0xe3, 0x11,
    0x6e, 0xe, 0x20, 0x0, 0xe3, 0xe2, 0x0, 0x4e,
    0xe, 0xff, 0xff, 0x40, 0xe3, 0x22, 0x6e, 0xe,
    0x20, 0x0, 0xe1, 0xe2, 0x0, 0xd, 0x2e, 0x20,
    0x0, 0xc4,

    /* U+0159 "ř" */
    0xb, 0x69, 0x0, 0x14, 0x0, 0xd, 0xaf, 0x0,
    0xf7, 0x0, 0xf, 0x0, 0x0, 0xf0, 0x0, 0xf,
    0x0, 0x0, 0xf0, 0x0, 0xf, 0x0, 0x0,

    /* U+015A "Ś" */
    0x0, 0x3, 0xc0, 0x0, 0x0, 0x6, 0x20, 0x0,
    0x0, 0x0, 0x0, 0x0, 0x3, 0xcf, 0xe7, 0x0,
    0xe, 0x71, 0x4e, 0x60, 0x1f, 0x0, 0x4, 0x90,
    0xd, 0x93, 0x0, 0x0, 0x0, 0x7c, 0xe8, 0x0,
    0x0, 0x0, 0x1a, 0xb0, 0x3e, 0x0, 0x2, 0xf0,
    0xd, 0xa2, 0x29, 0xc0, 0x1, 0xaf, 0xfb, 0x20,

    /* U+015B "ś" */
    0x0, 0xc, 0x30, 0x0, 0x27, 0x0, 0x6, 0xef,
    0xa0, 0x1f, 0x21, 0xb7, 0x1f, 0x20, 0x12, 0x6,
    0xdd, 0x80, 0x23, 0x2, 0xa8, 0x4e, 0x21, 0x99,
    0x7, 0xef, 0xb1,

    /* U+015C "Ŝ" */
    0x0, 0x4d, 0x90, 0x0, 0x0, 0x60, 0x61, 0x0,
    0x0, 0x0, 0x0, 0x0, 0x3, 0xcf, 0xe7, 0x0,
    0xe, 0x71, 0x4e, 0x60, 0x1f, 0x0, 0x4, 0x90,
    0xd, 0x93, 0x0, 0x0, 0x0, 0x7c, 0xe8, 0x0,
    0x0, 0x0, 0x1a, 0xb0, 0x3e, 0x0, 0x2, 0xf0,
    0xd, 0xa2, 0x29, 0xc0, 0x1, 0xaf, 0xfb, 0x20,

    /* U+015D "ŝ" */
    0x1, 0xa9, 0x20, 0x1, 0x10, 0x20, 0x6, 0xef,
    0xa0, 0x1f, 0x21, 0xb7, 0x1f, 0x20, 0x12, 0x6,
    0xdd, 0x80, 0x23, 0x2, 0xa8, 0x4e, 0x21, 0x99,
    0x7, 0xef, 0xb1,

    /* U+015E "Ş" */
    0x3, 0xcf, 0xe7, 0x0, 0xe, 0x71, 0x4e, 0x60,
    0x1f, 0x0, 0x4, 0x90, 0xd, 0x93, 0x0, 0x0,
    0x0, 0x7c, 0xe8, 0x0, 0x0, 0x0, 0x1a, 0xb0,
    0x3e, 0x0, 0x2, 0xf0, 0xd, 0xa2, 0x29, 0xc0,
    0x1, 0xaf, 0xfb, 0x20, 0x0, 0x9, 0x80, 0x0,
    0x0, 0x31, 0xa1, 0x0, 0x0, 0x2b, 0x90, 0x0,

    /* U+015F "ş" */
    0x6, 0xef, 0xa0, 0x1f, 0x21, 0xb7, 0x1f, 0x20,
    0x12, 0x6, 0xdd, 0x80, 0x23, 0x2, 0xa8, 0x4e,
    0x21, 0x99, 0x7, 0xff, 0xb1, 0x0, 0x5b, 0x10,
    0x1, 0x26, 0x50, 0x0, 0xab, 0x10,

    /* U+0160 "Š" */
    0x0, 0x93, 0xb1, 0x0, 0x0, 0x6, 0x30, 0x0,
    0x0, 0x0, 0x0, 0x0, 0x3, 0xcf, 0xe7, 0x0,
    0xe, 0x71, 0x4e, 0x60, 0x1f, 0x0, 0x4, 0x90,
    0xd, 0x93, 0x0, 0x0, 0x0, 0x7c, 0xe8, 0x0,
    0x0, 0x0, 0x1a, 0xb0, 0x3e, 0x0, 0x2, 0xf0,
    0xd, 0xa2, 0x29, 0xc0, 0x1, 0xaf, 0xfb, 0x20,

    /* U+0161 "š" */
    0x3, 0xa8, 0x50, 0x0, 0x45, 0x0, 0x6, 0xef,
    0x90, 0x1f, 0x22, 0xc5, 0x1f, 0x20, 0x46, 0x6,
    0xdd, 0x80, 0x11, 0x2, 0xa8, 0x4d, 0x21, 0x99,
    0x8, 0xef, 0xb1,

    /* U+0162 "Ţ" */
    0xdf, 0xff, 0xff, 0x71, 0x14, 0xd1, 0x10, 0x0,
    0x3d, 0x0, 0x0, 0x3, 0xd0, 0x0, 0x0, 0x3d,
    0x0, 0x0, 0x3, 0xd0, 0x0, 0x0, 0x3d, 0x0,
    0x0, 0x3, 0xd0, 0x0, 0x0, 0x3e, 0x0, 0x0,
    0x4, 0xb1, 0x0, 0x0, 0x35, 0x70, 0x0, 0xa,
    0xb2, 0x0,

    /* U+0163 "ţ" */
    0x3, 0x40, 0x0, 0x69, 0x0, 0x5f, 0xff, 0x40,
    0x69, 0x0, 0x6, 0x90, 0x0, 0x69, 0x0, 0x6,
    0x90, 0x0, 0x5b, 0x0, 0x1, 0xef, 0x40, 0xb,
    0x50, 0x3, 0xc, 0x0, 0x4b, 0x80,

    /* U+0164 "Ť" */
    0x1, 0xc3, 0xa0, 0x0, 0x8, 0xe2, 0x0, 0x0,
    0x0, 0x0, 0xd, 0xff, 0xff, 0xf7, 0x11, 0x4d,
    0x11, 0x0, 0x3, 0xd0, 0x0, 0x0, 0x3d, 0x0,
    0x0, 0x3, 0xd0, 0x0, 0x0, 0x3d, 0x0, 0x0,
    0x3, 0xd0, 0x0, 0x0, 0x3d, 0x0, 0x0, 0x3,
    0xd0, 0x0,

    /* U+0165 "ť" */
    0x0, 0x1, 0x80, 0x23, 0x4a, 0x6, 0x96, 0x65,
    0xff, 0xf4, 0x6, 0x90, 0x0, 0x69, 0x0, 0x6,
    0x90, 0x0, 0x69, 0x0, 0x5, 0xb0, 0x0, 0x1d,
    0xf4,

    /* U+0166 "Ŧ" */
    0xdf, 0xff, 0xff, 0x71, 0x14, 0xd1, 0x10, 0x0,
    0x3d, 0x0, 0x0, 0x3, 0xd0, 0x0, 0xd, 0xff,
    0xf7, 0x0, 0x3, 0xd0, 0x0, 0x0, 0x3d, 0x0,
    0x0, 0x3, 0xd0, 0x0, 0x0, 0x3d, 0x0, 0x0,

    /* U+0167 "ŧ" */
    0x3, 0x40, 0x0, 0x69, 0x0, 0x5f, 0xff, 0x40,
    0x69, 0x0, 0x6, 0x90, 0x5, 0xff, 0xe3, 0x6,
    0x90, 0x0, 0x5b, 0x0, 0x1, 0xdf, 0x40,

    /* U+0168 "Ũ" */
    0x0, 0x4b, 0x28, 0x0, 0x0, 0x80, 0xa7, 0x0,
    0x0, 0x0, 0x0, 0x0, 0x1f, 0x0, 0x0, 0xb5,
    0x1f, 0x0, 0x0, 0xb5, 0x1f, 0x0, 0x0, 0xb5,
    0x1f, 0x0, 0x0, 0xb5, 0x1f, 0x0, 0x0, 0xb5,
    0x1f, 0x0, 0x0, 0xb5, 0xf, 0x10, 0x0, 0xd3,
    0xa, 0xb2, 0x28, 0xd0, 0x0, 0x9e, 0xfb, 0x20,

    /* U+0169 "ũ" */
    0x5, 0xbb, 0xa0, 0x0, 0x0, 0x0, 0xf, 0x0,
    0x1f, 0xf, 0x0, 0x1f, 0xf, 0x0, 0x1f, 0xf,
    0x0, 0x1f, 0xf, 0x0, 0x1f, 0xd, 0x50, 0x8f,
    0x4, 0xee, 0x6f,

    /* U+016A "Ū" */
    0x0, 0x6e, 0xea, 0x0, 0x0, 0x0, 0x0, 0x0,
    0x0, 0x0, 0x0, 0x0, 0x1f, 0x0, 0x0, 0xb5,
    0x1f, 0x0, 0x0, 0xb5, 0x1f, 0x0, 0x0, 0xb5,
    0x1f, 0x0, 0x0, 0xb5, 0x1f, 0x0, 0x0, 0xb5,
    0x1f, 0x0, 0x0, 0xb5, 0xf, 0x10, 0x0, 0xd3,
    0xa, 0xb2, 0x28, 0xd0, 0x0, 0x9e, 0xfb, 0x20,

    /* U+016B "ū" */
    0x2, 0xee, 0xe0, 0x0, 0x0, 0x0, 0xf, 0x0,
    0x1f, 0xf, 0x0, 0x1f, 0xf, 0x0, 0x1f, 0xf,
    0x0, 0x1f, 0xf, 0x0, 0x1f, 0xd, 0x50, 0x8f,
    0x4, 0xee, 0x6f,

    /* U+016C "Ŭ" */
    0x0, 0x75, 0x1a, 0x0, 0x0, 0xb, 0xc3, 0x0,
    0x0, 0x0, 0x0, 0x0, 0x1f, 0x0, 0x0, 0xb5,
    0x1f, 0x0, 0x0, 0xb5, 0x1f, 0x0, 0x0, 0xb5,
    0x1f, 0x0, 0x0, 0xb5, 0x1f, 0x0, 0x0, 0xb5,
    0x1f, 0x0, 0x0, 0xb5, 0xf, 0x10, 0x0, 0xd3,
    0xa, 0xb2, 0x28, 0xd0, 0x0, 0x9e, 0xfb, 0x20,

    /* U+016D "ŭ" */
    0x1, 0xbc, 0x90, 0x0, 0x0, 0x0, 0xf, 0x0,
    0x1f, 0xf, 0x0, 0x1f, 0xf, 0x0, 0x1f, 0xf,
    0x0, 0x1f, 0xf, 0x0, 0x1f, 0xd, 0x50, 0x8f,
    0x4, 0xee, 0x6f,

    /* U+016E "Ů" */
    0x0, 0x7, 0x90, 0x0, 0x0, 0xa, 0x63, 0x0,
    0x0, 0x7, 0xa0, 0x0, 0x0, 0x0, 0x0, 0x0,
    0x1f, 0x0, 0x0, 0xb5, 0x1f, 0x0, 0x0, 0xb5,
    0x1f, 0x0, 0x0, 0xb5, 0x1f, 0x0, 0x0, 0xb5,
    0x1f, 0x0, 0x0, 0xb5, 0x1f, 0x0, 0x0, 0xb5,
    0xf, 0x10, 0x0, 0xd3, 0xa, 0xb2, 0x28, 0xd0,
    0x0, 0x9e, 0xfb, 0x20,

    /* U+016F "ů" */
    0x0, 0x4b, 0x20, 0x0, 0xa2, 0x70, 0x0, 0x4b,
    0x20, 0xf, 0x0, 0x1f, 0xf, 0x0, 0x1f, 0xf,
    0x0, 0x1f, 0xf, 0x0, 0x1f, 0xf, 0x0, 0x1f,
    0xd, 0x50, 0x8f, 0x4, 0xee, 0x6f,

    /* U+0170 "Ű" */
    0x0, 0x8, 0x8e, 0x10, 0x0, 0x8, 0x45, 0x0,
    0x0, 0x0, 0x0, 0x0, 0x1f, 0x0, 0x0, 0xb5,
    0x1f, 0x0, 0x0, 0xb5, 0x1f, 0x0, 0x0, 0xb5,
    0x1f, 0x0, 0x0, 0xb5, 0x1f, 0x0, 0x0, 0xb5,
    0x1f, 0x0, 0x0, 0xb5, 0xf, 0x10, 0x0, 0xd3,
    0xa, 0xb2, 0x28, 0xd0, 0x0, 0x9e, 0xfb, 0x20,

    /* U+0171 "ű" */
    0x0, 0x4b, 0xb5, 0x0, 0x73, 0x80, 0xf, 0x0,
    0x1f, 0xf, 0x0, 0x1f, 0xf, 0x0, 0x1f, 0xf,
    0x0, 0x1f, 0xf, 0x0, 0x1f, 0xd, 0x50, 0x8f,
    0x4, 0xee, 0x6f,

    /* U+0172 "Ų" */
    0x1f, 0x0, 0x0, 0xb5, 0x1f, 0x0, 0x0, 0xb5,
    0x1f, 0x0, 0x0, 0xb5, 0x1f, 0x0, 0x0, 0xb5,
    0x1f, 0x0, 0x0, 0xb5, 0x1f, 0x0, 0x0, 0xb5,
    0xf, 0x10, 0x0, 0xd3, 0xa, 0xb2, 0x28, 0xd0,
    0x0, 0x9e, 0xfd, 0x20, 0x0, 0x0, 0xb1, 0x0,
    0x0, 0x2, 0xc0, 0x0, 0x0, 0x1, 0xda, 0x0,

    /* U+0173 "ų" */
    0xf, 0x0, 0x1f, 0x0, 0xf0, 0x1, 0xf0, 0xf,
    0x0, 0x1f, 0x0, 0xf0, 0x1, 0xf0, 0xf, 0x0,
    0x1f, 0x0, 0xd5, 0x8, 0xf0, 0x4, 0xee, 0x6f,
    0x0, 0x0, 0x4, 0x90, 0x0, 0x0, 0xa3, 0x0,
    0x0, 0x8, 0xe2,

    /* U+0174 "Ŵ" */
    0x0, 0x0, 0x2f, 0x80, 0x0, 0x0, 0x0, 0xb,
    0x3c, 0x10, 0x0, 0x0, 0x0, 0x0, 0x0, 0x0,
    0x6, 0xb0, 0x0, 0xf5, 0x0, 0x5c, 0x2e, 0x0,
    0x4f, 0x90, 0x9, 0x80, 0xe2, 0x8, 0xcd, 0x0,
    0xd4, 0xa, 0x60, 0xb5, 0xf1, 0x1f, 0x0, 0x6a,
    0xf, 0x1b, 0x44, 0xc0, 0x2, 0xd3, 0xd0, 0x88,
    0x88, 0x0, 0xe, 0x89, 0x4, 0xcc, 0x40, 0x0,
    0xaf, 0x50, 0xf, 0xf0, 0x0, 0x6, 0xf1, 0x0,
    0xcc, 0x0,

    /* U+0175 "ŵ" */
    0x0, 0x2, 0x9a, 0x10, 0x0, 0x0, 0x1, 0x1,
    0x10, 0x0, 0x98, 0x0, 0xc9, 0x0, 0xa6, 0x5c,
    0x0, 0xfd, 0x0, 0xe2, 0xf, 0x4, 0xad, 0x13,
    0xd0, 0xc, 0x48, 0x69, 0x57, 0x90, 0x7, 0x8c,
    0x25, 0x9b, 0x40, 0x3, 0xdd, 0x1, 0xde, 0x0,
    0x0, 0xe9, 0x0, 0xcb, 0x0,

    /* U+0176 "Ŷ" */
    0x0, 0x6, 0xf4, 0x0, 0x0, 0xc, 0x2c, 0x0,
    0x0, 0x0, 0x0, 0x0, 0xc, 0x60, 0x0, 0x8b,
    0x3, 0xe0, 0x1, 0xf2, 0x0, 0xa8, 0x9, 0x90,
    0x0, 0x2e, 0x4e, 0x10, 0x0, 0x8, 0xf6, 0x0,
    0x0, 0x1, 0xf0, 0x0, 0x0, 0x1, 0xf0, 0x0,
    0x0, 0x1, 0xf0, 0x0, 0x0, 0x1, 0xf0, 0x0,

    /* U+0177 "ŷ" */
    0x0, 0xa8, 0x40, 0x0, 0x11, 0x2, 0x0, 0x98,
    0x0, 0x1f, 0x3, 0xd0, 0x6, 0xb0, 0xe, 0x20,
    0xa5, 0x0, 0x97, 0xe, 0x0, 0x3, 0xc4, 0xb0,
    0x0, 0xe, 0xb6, 0x0, 0x0, 0x9f, 0x10, 0x0,
    0x4, 0xb0, 0x0, 0xb, 0xe4, 0x0, 0x0,

    /* U+0178 "Ÿ" */
    0x0, 0x0, 0x0, 0x0, 0x0, 0x1f, 0xf, 0x0,
    0x0, 0x3, 0x3, 0x0, 0xc, 0x60, 0x0, 0x8b,
    0x3, 0xe0, 0x1, 0xf2, 0x0, 0xa8, 0x9, 0x90,
    0x0, 0x2e, 0x4e, 0x10, 0x0, 0x8, 0xf6, 0x0,
    0x0, 0x1, 0xf0, 0x0, 0x0, 0x1, 0xf0, 0x0,
    0x0, 0x1, 0xf0, 0x0, 0x0, 0x1, 0xf0, 0x0,

    /* U+0179 "Ź" */
    0x0, 0x4, 0x60, 0x0, 0x0, 0xc2, 0x0, 0x0,
    0x0, 0x0, 0x8, 0xff, 0xff, 0xf1, 0x1, 0x11,
    0x7c, 0x0, 0x0, 0x1e, 0x20, 0x0, 0xb, 0x70,
    0x0, 0x6, 0xc0, 0x0, 0x1, 0xe2, 0x0, 0x0,
    0xb7, 0x0, 0x0, 0x6d, 0x11, 0x11, 0xa, 0xff,
    0xff, 0xf3,

    /* U+017A "ź" */
    0x0, 0xa, 0x60, 0x0, 0x8, 0x0, 0x4f, 0xff,
    0xfb, 0x0, 0x0, 0xc6, 0x0, 0xa, 0x90, 0x0,
    0x7c, 0x0, 0x4, 0xd1, 0x0, 0x2e, 0x30, 0x0,
    0x6f, 0xff, 0xfc,

    /* U+017B "Ż" */
    0x0, 0x0, 0x0, 0x0, 0x2, 0xe0, 0x0, 0x0,
    0x3, 0x0, 0x8, 0xff, 0xff, 0xf1, 0x1, 0x11,
    0x7c, 0x0, 0x0, 0x1e, 0x20, 0x0, 0xb, 0x70,
    0x0, 0x6, 0xc0, 0x0, 0x1, 0xe2, 0x0, 0x0,
    0xb7, 0x0, 0x0, 0x6d, 0x11, 0x11, 0xa, 0xff,
    0xff, 0xf3,

    /* U+017C "ż" */
    0x0, 0x4c, 0x0, 0x0, 0x13, 0x0, 0x4f, 0xff,
    0xfb, 0x0, 0x0, 0xc6, 0x0, 0xa, 0x90, 0x0,
    0x7c, 0x0, 0x4, 0xd1, 0x0, 0x2e, 0x30, 0x0,
    0x6f, 0xff, 0xfc,

    /* U+017D "Ž" */
    0x1, 0xc2, 0xb0, 0x0, 0x7, 0xf3, 0x0, 0x0,
    0x0, 0x0, 0x8, 0xff, 0xff, 0xf1, 0x1, 0x11,
    0x7c, 0x0, 0x0, 0x1e, 0x20, 0x0, 0xb, 0x70,
    0x0, 0x6, 0xc0, 0x0, 0x1, 0xe2, 0x0, 0x0,
    0xb7, 0x0, 0x0, 0x6d, 0x11, 0x11, 0xa, 0xff,
    0xff, 0xf3,

    /* U+017E "ž" */
    0x1, 0xb7, 0x70, 0x0, 0x24, 0x0, 0x4f, 0xff,
    0xfb, 0x0, 0x0, 0xc6, 0x0, 0xa, 0x90, 0x0,
    0x7c, 0x0, 0x4, 0xd1, 0x0, 0x2e, 0x30, 0x0,
    0x6f, 0xff, 0xfc,

    /* U+017F "ſ" */
    0xb, 0xe5, 0x2e, 0x0, 0x3d, 0x0, 0x3d, 0x0,
    0x3d, 0x0, 0x3d, 0x0, 0x3d, 0x0, 0x3d, 0x0,

    /* U+0180 "ƀ" */
    0x2d, 0xfd, 0x60, 0x0, 0x3, 0xd0, 0x0, 0x0,
    0x3, 0xda, 0xdc, 0x20, 0x3, 0xf3, 0x5, 0xd0,
    0x3, 0xd0, 0x0, 0xf1, 0x3, 0xc0, 0x0, 0xf1,
    0x3, 0xf3, 0x6, 0xc0, 0x3, 0xda, 0xdb, 0x20,

    /* U+0181 "Ɓ" */
    0xaf, 0xff, 0xff, 0xb1, 0xe, 0x4e, 0x0, 0x8,
    0xa0, 0x3, 0xe0, 0x0, 0x8b, 0x0, 0x3f, 0xff,
    0xfe, 0x20, 0x3, 0xe0, 0x0, 0x6c, 0x0, 0x3e,
    0x0, 0x0, 0xf3, 0x3, 0xe0, 0x0, 0x6f, 0x10,
    0x3f, 0xff, 0xfd, 0x40,

    /* U+0182 "Ƃ" */
    0xf, 0xff, 0xff, 0x80, 0xf, 0x10, 0x0, 0x0,
    0xf, 0x10, 0x0, 0x0, 0xf, 0xff, 0xfd, 0x60,
    0xf, 0x10, 0x4, 0xf3, 0xf, 0x10, 0x0, 0xd6,
    0xf, 0x10, 0x3, 0xf3, 0xf, 0xee, 0xee, 0x70,

    /* U+0183 "ƃ" */
    0x3f, 0xdd, 0xdd, 0x13, 0xd0, 0x0, 0x0, 0x3d,
    0xad, 0xc2, 0x3, 0xf3, 0x5, 0xd0, 0x3d, 0x0,
    0xf, 0x13, 0xc0, 0x0, 0xf1, 0x3f, 0x30, 0x6c,
    0x3, 0xda, 0xdb, 0x20,

    /* U+0184 "Ƅ" */
    0x3d, 0x0, 0x0, 0x3, 0xd0, 0x0, 0x0, 0x3d,
    0x0, 0x0, 0x3, 0xfe, 0xec, 0x40, 0x3d, 0x0,
    0x3f, 0x2, 0xe0, 0x0, 0xe2, 0xe, 0x40, 0x2f,
    0x0, 0x3c, 0xdd, 0x50,

    /* U+0185 "ƅ" */
    0x3d, 0x0, 0x0, 0x3, 0xd0, 0x0, 0x0, 0x3e,
    0xad, 0xc2, 0x3, 0xf4, 0x5, 0xd0, 0x3d, 0x0,
    0xe, 0x22, 0xd0, 0x0, 0xf1, 0xe, 0x30, 0x5d,
    0x0, 0x3c, 0xdc, 0x20,

    /* U+0186 "Ɔ" */
    0x2, 0xbe, 0xfc, 0x40, 0x0, 0xe7, 0x0, 0x5e,
    0x40, 0x16, 0x0, 0x0, 0x7c, 0x0, 0x0, 0x0,
    0x3, 0xf0, 0x0, 0x0, 0x0, 0x3f, 0x4, 0x90,
    0x0, 0x7, 0xc0, 0x1e, 0x70, 0x4, 0xe3, 0x0,
    0x2b, 0xef, 0xc4, 0x0,

    /* U+0187 "Ƈ" */
    0x0, 0x7d, 0xed, 0x6b, 0xe2, 0xa, 0xc2, 0x1,
    0xbf, 0x10, 0x2f, 0x10, 0x0, 0x16, 0x0, 0x5d,
    0x0, 0x0, 0x0, 0x0, 0x4d, 0x0, 0x0, 0x0,
    0x0, 0x1f, 0x10, 0x0, 0x1c, 0x0, 0x9, 0xc2,
    0x1, 0xba, 0x0, 0x0, 0x8d, 0xee, 0x80, 0x0,

    /* U+0188 "ƈ" */
    0x0, 0x0, 0xb, 0xb0, 0x6d, 0xdf, 0xd0, 0x3e,
    0x10, 0x7a, 0x7, 0x90, 0x0, 0x0, 0x79, 0x0,
    0x2, 0x3, 0xe1, 0x7, 0xa0, 0x6, 0xdd, 0xb1,
    0x0,

    /* U+0189 "Ɖ" */
    0xf, 0xff, 0xfd, 0x60, 0x0, 0xf1, 0x0, 0x3e,
    0x50, 0xf, 0x10, 0x0, 0x5d, 0xe, 0xff, 0xf6,
    0x2, 0xf0, 0xf, 0x10, 0x0, 0x2f, 0x0, 0xf1,
    0x0, 0x5, 0xd0, 0xf, 0x10, 0x4, 0xe5, 0x0,
    0xff, 0xff, 0xd5, 0x0,

    /* U+018A "Ɗ" */
    0xaf, 0xff, 0xff, 0xc4, 0xf, 0x4e, 0x0, 0x5,
    0xf3, 0x13, 0xe0, 0x0, 0x9, 0xa0, 0x3e, 0x0,
    0x0, 0x5d, 0x3, 0xe0, 0x0, 0x5, 0xc0, 0x3e,
    0x0, 0x0, 0x99, 0x3, 0xe0, 0x0, 0x5f, 0x20,
    0x3f, 0xff, 0xfc, 0x40,

    /* U+018B "Ƌ" */
    0xa, 0xff, 0xff, 0xe0, 0x0, 0x0, 0x3e, 0x0,
    0x0, 0x3, 0xe0, 0x7d, 0xff, 0xfe, 0x5e, 0x30,
    0x3, 0xe8, 0xa0, 0x0, 0x3e, 0x5e, 0x10, 0x3,
    0xe0, 0x8d, 0xee, 0xfe,

    /* U+018C "ƌ" */
    0x5d, 0xdd, 0xde, 0x0, 0x0, 0x2e, 0x6, 0xdc,
    0x9e, 0x2e, 0x10, 0x9e, 0x7a, 0x0, 0x2e, 0x6a,
    0x0, 0x2e, 0x2d, 0x0, 0x6e, 0x5, 0xca, 0x9e,

    /* U+018D "ƍ" */
    0x6, 0xdd, 0xc2, 0x3, 0xe1, 0x5, 0xd0, 0x89,
    0x0, 0xe, 0x28, 0x90, 0x0, 0xe3, 0x2d, 0x10,
    0x5e, 0x0, 0x4d, 0xdc, 0x30, 0x0, 0x19, 0x80,
    0x0, 0xbd, 0xdf, 0xe0,

    /* U+018E "Ǝ" */
    0x2f, 0xff, 0xff, 0xf1, 0x0, 0x0, 0x1, 0xf1,
    0x0, 0x0, 0x1, 0xf1, 0xc, 0xff, 0xff, 0xf1,
    0x0, 0x0, 0x1, 0xf1, 0x0, 0x0, 0x1, 0xf1,
    0x0, 0x0, 0x1, 0xf1, 0x5f, 0xff, 0xff, 0xf1,

    /* U+018F "Ə" */
    0x0, 0x8e, 0xfc, 0x30, 0x0, 0x9c, 0x32, 0x7f,
    0x20, 0xb, 0x10, 0x0, 0x8a, 0x0, 0x0, 0x0,
    0x2, 0xe0, 0x6f, 0xff, 0xff, 0xff, 0x6, 0xc2,
    0x22, 0x24, 0xe0, 0x2f, 0x10, 0x0, 0x7a, 0x0,
    0xac, 0x31, 0x7f, 0x20, 0x0, 0x8e, 0xfc, 0x30,
    0x0,

    /* U+0190 "Ɛ" */
    0x4, 0xdf, 0xd7, 0x0, 0xf4, 0x2, 0xd5, 0xe,
    0x50, 0x2, 0x10, 0x6f, 0xf3, 0x0, 0x3f, 0x30,
    0x0, 0x7, 0xb0, 0x0, 0x56, 0x3f, 0x30, 0x3e,
    0x40, 0x5d, 0xed, 0x60,

    /* U+0191 "Ƒ" */
    0x0, 0xff, 0xff, 0xfb, 0x0, 0xf1, 0x0, 0x0,
    0x0, 0xf1, 0x0, 0x0, 0x0, 0xff, 0xff, 0xf2,
    0x0, 0xf1, 0x0, 0x0, 0x0, 0xf1, 0x0, 0x0,
    0x0, 0xf1, 0x0, 0x0, 0x0, 0xf1, 0x0, 0x0,
    0x1, 0xf0, 0x0, 0x0, 0x2e, 0xa0, 0x0, 0x0,

    /* U+0192 "ƒ" */
    0x0, 0x9, 0xfa, 0x0, 0x2e, 0x0, 0x4, 0xff,
    0xfa, 0x0, 0x69, 0x0, 0x0, 0x77, 0x0, 0x0,
    0x96, 0x0, 0x0, 0xa4, 0x0, 0x0, 0xd2, 0x0,
    0x4f, 0x90, 0x0,

    /* U+0193 "Ɠ" */
    0x0, 0x6c, 0xee, 0x98, 0xf5, 0x8, 0xd3, 0x0,
    0x8f, 0x50, 0x1f, 0x20, 0x0, 0x7, 0x10, 0x5d,
    0x0, 0x0, 0x0, 0x0, 0x5d, 0x0, 0xf, 0xff,
    0x80, 0x1f, 0x20, 0x0, 0x8, 0x90, 0x8, 0xd4,
    0x0, 0x4c, 0x80, 0x0, 0x5c, 0xff, 0xc6, 0x0,

    /* U+0194 "Ɣ" */
    0xc7, 0x0, 0x0, 0xa8, 0x4e, 0x0, 0x2, 0xf1,
    0xc, 0x60, 0x9, 0x90, 0x5, 0xe0, 0x1f, 0x10,
    0x0, 0xd6, 0x8a, 0x0, 0x0, 0x5d, 0xf2, 0x0,
    0x0, 0xd, 0xa0, 0x0, 0x0, 0xe, 0xc0, 0x0,
    0x0, 0x5b, 0xe2, 0x0, 0x0, 0x2d, 0xd1, 0x0,

    /* U+0195 "ƕ" */
    0x3d, 0x0, 0x0, 0x0, 0x0, 0x3d, 0x0, 0x0,
    0x0, 0x0, 0x3e, 0xad, 0xc2, 0x7, 0x90, 0x3f,
    0x30, 0xa8, 0x1, 0xf0, 0x3e, 0x0, 0x6a, 0x0,
    0xd3, 0x3d, 0x0, 0x6a, 0x0, 0xc3, 0x3d, 0x0,
    0x4d, 0x2, 0xe0, 0x3d, 0x0, 0x9, 0xcd, 0x50,

    /* U+0196 "Ɩ" */
    0x3d, 0x3, 0xd0, 0x3d, 0x3, 0xd0, 0x3d, 0x3,
    0xd0, 0x3e, 0x0, 0xdc,

    /* U+0197 "Ɨ" */
    0xa, 0x80, 0xa, 0x80, 0xa, 0x80, 0xce, 0xea,
    0xa, 0x80, 0xa, 0x80, 0xa, 0x80, 0xa, 0x80,

    /* U+0198 "Ƙ" */
    0x2f, 0x0, 0x7, 0xec, 0x2, 0xf0, 0x8, 0xc1,
    0x71, 0x2f, 0x8, 0xc0, 0x0, 0x2, 0xf8, 0xf7,
    0x0, 0x0, 0x2f, 0xc4, 0xf3, 0x0, 0x2, 0xf1,
    0x6, 0xe1, 0x0, 0x2f, 0x0, 0xa, 0xc0, 0x2,
    0xf0, 0x0, 0xd, 0x90,

    /* U+0199 "ƙ" */
    0xc, 0xc0, 0x0, 0x2d, 0x0, 0x0, 0x3d, 0x3,
    0xe3, 0x3d, 0x3d, 0x30, 0x3f, 0xf9, 0x0, 0x3e,
    0x3e, 0x30, 0x3d, 0x5, 0xd0, 0x3d, 0x0, 0xa9,

    /* U+019A "ƚ" */
    0x9, 0x70, 0x9, 0x70, 0x9, 0x70, 0xce, 0xda,
    0x9, 0x70, 0x9, 0x70, 0x9, 0x80, 0x4, 0xf6,

    /* U+019B "ƛ" */
    0x4, 0xd9, 0x20, 0x1c, 0xe6, 0x0, 0x0, 0xaa,
    0x0, 0x0, 0xff, 0x10, 0x6, 0xaa, 0x70, 0xd,
    0x44, 0xd0, 0x3d, 0x0, 0xd4, 0xa7, 0x0, 0x7a,

    /* U+019C "Ɯ" */
    0x3d, 0x0, 0x88, 0x0, 0xd3, 0x3d, 0x0, 0x88,
    0x0, 0xd3, 0x3d, 0x0, 0x88, 0x0, 0xd3, 0x3d,
    0x0, 0x88, 0x0, 0xd3, 0x3d, 0x0, 0x88, 0x0,
    0xd3, 0x3d, 0x0, 0x88, 0x0, 0xd3, 0x2e, 0x0,
    0xc9, 0x2, 0xf3, 0x9, 0xca, 0x5c, 0xba, 0xc3,

    /* U+019D "Ɲ" */
    0x0, 0xf7, 0x0, 0x6, 0xb0, 0xf, 0xf3, 0x0,
    0x6b, 0x0, 0xf6, 0xd0, 0x6, 0xb0, 0xf, 0xa,
    0x90, 0x6b, 0x0, 0xf0, 0x1e, 0x56, 0xb0, 0xf,
    0x0, 0x4e, 0x7b, 0x0, 0xf0, 0x0, 0x8f, 0xb0,
    0xf, 0x0, 0x0, 0xcb, 0x1, 0xf0, 0x0, 0x0,
    0x2, 0xe9, 0x0, 0x0, 0x0,

    /* U+019E "ƞ" */
    0x3d, 0xab, 0xc4, 0x3f, 0x30, 0x5c, 0x3e, 0x0,
    0x2e, 0x3e, 0x0, 0x2e, 0x3e, 0x0, 0x2e, 0x3e,
    0x0, 0x2e, 0x0, 0x0, 0x2e, 0x0, 0x0, 0x2e,

    /* U+019F "Ɵ" */
    0x0, 0x7d, 0xee, 0x91, 0x0, 0x9a, 0x20, 0x7,
    0xd1, 0x2e, 0x0, 0x0, 0x9, 0x86, 0xfd, 0xdd,
    0xdd, 0xeb, 0x6e, 0x0, 0x0, 0x8, 0xb2, 0xf3,
    0x0, 0x0, 0xd8, 0x9, 0xd3, 0x1, 0xae, 0x10,
    0x7, 0xdf, 0xe9, 0x10,

    /* U+01A0 "Ơ" */
    0x0, 0x0, 0x0, 0x3a, 0x0, 0x0, 0x0, 0x3,
    0xb0, 0x0, 0x7d, 0xff, 0xf2, 0x0, 0x9d, 0x41,
    0x4e, 0x70, 0x1f, 0x10, 0x0, 0x3f, 0x5, 0xb0,
    0x0, 0x0, 0xd3, 0x6a, 0x0, 0x0, 0xc, 0x45,
    0xb0, 0x0, 0x0, 0xd3, 0x2f, 0x10, 0x0, 0x3f,
    0x0, 0x9c, 0x41, 0x4e, 0x70, 0x0, 0x8e, 0xfd,
    0x60, 0x0,

    /* U+01A1 "ơ" */
    0x0, 0x0, 0xa, 0x40, 0x0, 0x0, 0xa4, 0x3,
    0xcf, 0xfc, 0x1, 0xe5, 0x17, 0xd0, 0x5b, 0x0,
    0xd, 0x37, 0x90, 0x0, 0xb5, 0x5b, 0x0, 0xd,
    0x31, 0xe5, 0x17, 0xd0, 0x3, 0xdf, 0xc2, 0x0,

    /* U+01A2 "Ƣ" */
    0x0, 0x7d, 0xfe, 0x98, 0xee, 0x80, 0x9, 0xd3,
    0x1, 0x9f, 0x21, 0xe3, 0x2f, 0x20, 0x0, 0xc,
    0x70, 0xc6, 0x6d, 0x0, 0x0, 0x7, 0xb0, 0xb6,
    0x6c, 0x0, 0x0, 0x7, 0xb0, 0xb6, 0x2f, 0x10,
    0x0, 0xb, 0x80, 0xb6, 0x9, 0xb1, 0x0, 0x6e,
    0x10, 0xb6, 0x0, 0x7d, 0xcd, 0xa1, 0x0, 0xb6,

    /* U+01A3 "ƣ" */
    0x6, 0xdd, 0xcb, 0xdc, 0x13, 0xe1, 0x5, 0xe0,
    0x98, 0x89, 0x0, 0xe, 0x37, 0x98, 0x90, 0x0,
    0xe2, 0x79, 0x3e, 0x10, 0x5d, 0x7, 0x90, 0x6d,
    0xdb, 0x20, 0x79, 0x0, 0x0, 0x0, 0x7, 0x90,
    0x0, 0x0, 0x0, 0x79,

    /* U+01A4 "Ƥ" */
    0xaf, 0xff, 0xff, 0xd5, 0xf, 0x4e, 0x0, 0x4,
    0xf1, 0x24, 0xe0, 0x0, 0xe, 0x30, 0x4e, 0x0,
    0x6, 0xf1, 0x4, 0xff, 0xfe, 0xc4, 0x0, 0x4e,
    0x0, 0x0, 0x0, 0x4, 0xe0, 0x0, 0x0, 0x0,
    0x4e, 0x0, 0x0, 0x0,

    /* U+01A5 "ƥ" */
    0x0, 0x0, 0x7d, 0x20, 0x0, 0xd, 0x10, 0x3d,
    0xaa, 0xf4, 0x3, 0xf2, 0x3, 0xe0, 0x3d, 0x0,
    0xe, 0x23, 0xd0, 0x0, 0xe1, 0x3f, 0x30, 0x5c,
    0x3, 0xea, 0xdb, 0x20, 0x3e, 0x0, 0x0, 0x3,
    0xe0, 0x0, 0x0,

    /* U+01A6 "Ʀ" */
    0xf, 0x10, 0x0, 0x0, 0x0, 0xfe, 0xee, 0xeb,
    0x10, 0xf, 0x10, 0x0, 0x9b, 0x0, 0xf1, 0x0,
    0xa, 0xa0, 0xf, 0xff, 0xfe, 0x91, 0x0, 0xf1,
    0x4, 0xe4, 0x0, 0xf, 0x10, 0x6, 0xe1, 0x0,
    0xf1, 0x0, 0xc, 0xa0, 0x0, 0x0, 0x0, 0x2f,
    0x30, 0x0, 0x0, 0x0, 0x55,

    /* U+01A7 "Ƨ" */
    0x2, 0xbe, 0xfc, 0x30, 0xd, 0x70, 0x5, 0xe0,
    0x6, 0x0, 0x2, 0xf0, 0x0, 0x48, 0xce, 0x50,
    0xc, 0xc7, 0x30, 0x0, 0x5c, 0x0, 0x0, 0x84,
    0x2e, 0x40, 0x6, 0xe2, 0x4, 0xcf, 0xeb, 0x30,

    /* U+01A8 "ƨ" */
    0x9, 0xdd, 0xa0, 0x19, 0x0, 0xa6, 0x2, 0x7b,
    0xe2, 0x5e, 0x84, 0x0, 0x7a, 0x0, 0xa7, 0xa,
    0xdd, 0xa0,

    /* U+01A9 "Ʃ" */
    0x7f, 0xff, 0xff, 0x62, 0xd5, 0x0, 0x0, 0x2,
    0xd5, 0x0, 0x0, 0x1, 0xe5, 0x0, 0x0, 0x4e,
    0x30, 0x0, 0x3e, 0x30, 0x0, 0x2e, 0x40, 0x0,
    0x7, 0xff, 0xff, 0xfa,

    /* U+01AA "ƪ" */
    0x4a, 0xb2, 0x8, 0x29, 0x90, 0x7, 0xaa, 0x0,
    0x6, 0xa0, 0x0, 0x6a, 0x0, 0x6, 0xa0, 0x0,
    0x6a, 0x0, 0x6, 0xa0, 0x0, 0x6b, 0x0, 0x2,
    0xdb,

    /* U+01AB "ƫ" */
    0x0, 0x0, 0xc, 0x0, 0xf, 0x0, 0x9f, 0xc0,
    0xf, 0x0, 0xf, 0x0, 0xf, 0x0, 0xf, 0x10,
    0xb, 0xf3, 0x0, 0xc3, 0xa, 0xb0,

    /* U+01AC "Ƭ" */
    0x6e, 0xff, 0xff, 0x9b, 0x40, 0xe3, 0x0, 0x0,
    0xe, 0x30, 0x0, 0x0, 0xe3, 0x0, 0x0, 0xe,
    0x30, 0x0, 0x0, 0xe3, 0x0, 0x0, 0xe, 0x30,
    0x0, 0x0, 0xe3, 0x0,

    /* U+01AD "ƭ" */
    0xb, 0xf2, 0xf, 0x10, 0x9f, 0xc0, 0xf, 0x0,
    0xf, 0x0, 0xf, 0x0, 0xf, 0x10, 0xb, 0xe2,

    /* U+01AE "Ʈ" */
    0xbf, 0xff, 0xff, 0xf0, 0x0, 0xe, 0x30, 0x0,
    0x0, 0xe, 0x30, 0x0, 0x0, 0xe, 0x30, 0x0,
    0x0, 0xe, 0x30, 0x0, 0x0, 0xe, 0x30, 0x0,
    0x0, 0xe, 0x30, 0x0, 0x0, 0xe, 0x30, 0x0,
    0x0, 0xe, 0x40, 0x0, 0x0, 0x8, 0xf5, 0x0,

    /* U+01AF "Ư" */
    0x0, 0x0, 0x0, 0x7, 0x60, 0x0, 0x0, 0x0,
    0x77, 0x1f, 0x0, 0x0, 0xfe, 0x11, 0xf0, 0x0,
    0xb, 0x50, 0x1f, 0x0, 0x0, 0xb5, 0x1, 0xf0,
    0x0, 0xb, 0x50, 0x1f, 0x0, 0x0, 0xb5, 0x1,
    0xf0, 0x0, 0xb, 0x50, 0xf, 0x10, 0x0, 0xd3,
    0x0, 0xab, 0x22, 0x8d, 0x0, 0x0, 0x9e, 0xfb,
    0x20, 0x0,

    /* U+01B0 "ư" */
    0x0, 0x0, 0x0, 0xe0, 0x0, 0x0, 0x0, 0xe0,
    0xf, 0x0, 0x1f, 0x50, 0xf, 0x0, 0x1f, 0x0,
    0xf, 0x0, 0x1f, 0x0, 0xf, 0x0, 0x1f, 0x0,
    0xf, 0x0, 0x1f, 0x0, 0xd, 0x50, 0x8f, 0x0,
    0x4, 0xee, 0x6f, 0x0,

    /* U+01B1 "Ʊ" */
    0x3f, 0xe3, 0x4, 0xef, 0x20, 0xe, 0x30, 0x4d,
    0x0, 0x4, 0xc0, 0x0, 0xd3, 0x0, 0xc5, 0x0,
    0x6, 0xb0, 0xf, 0x10, 0x0, 0x2f, 0x0, 0xf4,
    0x0, 0x4, 0xf0, 0x8, 0xd2, 0x2, 0xd8, 0x0,
    0x6, 0xde, 0xd6, 0x0,

    /* U+01B2 "Ʋ" */
    0xb7, 0x0, 0x6, 0xe4, 0x4d, 0x0, 0x0, 0xa5,
    0xd, 0x40, 0x0, 0xd1, 0x7, 0xa0, 0x3, 0xc0,
    0x1, 0xe0, 0xa, 0x50, 0x0, 0xa6, 0x2d, 0x0,
    0x0, 0x3c, 0xa6, 0x0, 0x0, 0xc, 0xd0, 0x0,

    /* U+01B3 "Ƴ" */
    0x5e, 0xa1, 0x0, 0xb, 0x90, 0x8, 0xb0, 0x6,
    0xd0, 0x0, 0xc, 0x52, 0xe2, 0x0, 0x0, 0x3d,
    0xc6, 0x0, 0x0, 0x0, 0xbb, 0x0, 0x0, 0x0,
    0x9, 0x80, 0x0, 0x0, 0x0, 0x98, 0x0, 0x0,
    0x0, 0x9, 0x80, 0x0,

    /* U+01B4 "ƴ" */
    0x98, 0x0, 0x2c, 0xd1, 0x3e, 0x0, 0xa5, 0x63,
    0xc, 0x42, 0xe0, 0x0, 0x5, 0xb8, 0x80, 0x0,
    0x0, 0xed, 0x10, 0x0, 0x0, 0x8a, 0x0, 0x0,
    0x0, 0xc3, 0x0, 0x0, 0x4f, 0x80, 0x0, 0x0,

    /* U+01B5 "Ƶ" */
    0x4f, 0xff, 0xff, 0xd0, 0x0, 0x0, 0x2e, 0x50,
    0x0, 0x3, 0xe5, 0x0, 0xb, 0xdf, 0xdc, 0x0,
    0x0, 0xd8, 0x0, 0x0, 0xa, 0xb0, 0x0, 0x0,
    0x6d, 0x10, 0x0, 0x0, 0xcf, 0xff, 0xff, 0xf0,

    /* U+01B6 "ƶ" */
    0x6c, 0xcc, 0xf8, 0x0, 0x8, 0xb0, 0x5c, 0xee,
    0xc5, 0x5, 0xd1, 0x0, 0x3e, 0x20, 0x0, 0xbe,
    0xdd, 0xda,

    /* U+01B7 "Ʒ" */
    0x1f, 0xff, 0xff, 0x60, 0x0, 0xa, 0x90, 0x0,
    0x1c, 0x70, 0x0, 0x8, 0xec, 0x70, 0x0, 0x0,
    0x9, 0xa2, 0x40, 0x0, 0x2e, 0x3e, 0x40, 0x1a,
    0xa0, 0x5d, 0xee, 0x90,

    /* U+01B8 "Ƹ" */
    0xe, 0xff, 0xff, 0x90, 0x2, 0xd4, 0x0, 0x0,
    0x0, 0x1c, 0x70, 0x0, 0x3, 0xad, 0xf1, 0x0,
    0x2e, 0x40, 0x0, 0x0, 0x6b, 0x0, 0x0, 0x60,
    0x2e, 0x40, 0x9, 0xc0, 0x3, 0xce, 0xea, 0x10,

    /* U+01B9 "ƹ" */
    0x3f, 0xdd, 0xd7, 0x8, 0x90, 0x0, 0x0, 0x97,
    0x0, 0x4, 0xde, 0x0, 0x3e, 0x20, 0x0, 0x7a,
    0x0, 0x1, 0x3e, 0x10, 0x7a, 0x5, 0xdd, 0xb1,

    /* U+01BA "ƺ" */
    0x7d, 0xde, 0xd0, 0x0, 0x59, 0x0, 0x3, 0xec,
    0x70, 0x0, 0x1, 0xe2, 0x0, 0x17, 0xe1, 0x9,
    0xd8, 0x10, 0x4b, 0x0, 0x0, 0x1c, 0xdb, 0x0,

    /* U+01BB "ƻ" */
    0x5, 0xde, 0xc3, 0x2, 0xe1, 0x7, 0xe0, 0x13,
    0x0, 0x3f, 0x0, 0x0, 0x1c, 0x70, 0x9, 0xdf,
    0xed, 0x0, 0x3e, 0x70, 0x0, 0x1e, 0x50, 0x0,
    0x8, 0xff, 0xff, 0xf0,

    /* U+01BC "Ƽ" */
    0xdf, 0xff, 0xfc, 0x0, 0xc3, 0x0, 0x0, 0xf,
    0xbe, 0xb2, 0x2, 0xb2, 0x9, 0xd0, 0x0, 0x0,
    0xf, 0x13, 0x50, 0x1, 0xf1, 0x3e, 0x10, 0x8b,
    0x0, 0x6d, 0xda, 0x10,

    /* U+01BD "ƽ" */
    0x7f, 0xdd, 0xd5, 0xd, 0x0, 0x0, 0x2e, 0xbb,
    0x91, 0x13, 0x0, 0x7b, 0x48, 0x0, 0x7b, 0xa,
    0xdd, 0xb1,

    /* U+01BE "ƾ" */
    0x0, 0x3c, 0x0, 0x0, 0x4d, 0xfc, 0x0, 0x0,
    0x2e, 0x0, 0x0, 0x0, 0xb8, 0x0, 0x0, 0x0,
    0xb8, 0x2, 0x40, 0x1, 0xf0, 0x3e, 0x10, 0x4e,
    0x0, 0x6d, 0xdc, 0x30,

    /* U+01BF "ƿ" */
    0x3d, 0x9c, 0xd4, 0x3f, 0x30, 0x4d, 0x3e, 0x0,
    0x2e, 0x3e, 0x0, 0x98, 0x3e, 0x3b, 0x90, 0x3f,
    0x92, 0x0, 0x3e, 0x0, 0x0, 0x3e, 0x0, 0x0,

    /* U+01C0 "ǀ" */
    0xe0, 0xe0, 0xe0, 0xe0, 0xe0, 0xe0, 0xe0, 0xe0,

    /* U+01C1 "ǁ" */
    0xe0, 0x77, 0xe0, 0x77, 0xe0, 0x77, 0xe0, 0x77,
    0xe0, 0x77, 0xe0, 0x77, 0xe0, 0x77, 0xe0, 0x77,

    /* U+01C2 "ǂ" */
    0x0, 0x94, 0x0, 0x0, 0x94, 0x0, 0x8c, 0xed,
    0xc4, 0x0, 0x94, 0x0, 0x8c, 0xed, 0xc4, 0x0,
    0x94, 0x0, 0x0, 0x94, 0x0, 0x0, 0x94, 0x0,

    /* U+01C3 "ǃ" */
    0xf5, 0xf5, 0xe4, 0xd3, 0xc2, 0xb1, 0x30, 0xf4,

    /* U+01C4 "Ǆ" */
    0x0, 0x0, 0x0, 0x0, 0x0, 0x3d, 0x8a, 0x0,
    0x0, 0x0, 0x0, 0x0, 0x0, 0x3, 0x70, 0x0,
    0xf, 0xff, 0xfd, 0x60, 0xa, 0xff, 0xff, 0xf7,
    0xf, 0x10, 0x3, 0xe5, 0x0, 0x0, 0x6, 0xe1,
    0xf, 0x10, 0x0, 0x6d, 0x0, 0x0, 0x4e, 0x30,
    0xf, 0x10, 0x0, 0x2f, 0x0, 0x2, 0xe4, 0x0,
    0xf, 0x10, 0x0, 0x2f, 0x0, 0x1e, 0x60, 0x0,
    0xf, 0x10, 0x0, 0x5c, 0x0, 0xd8, 0x0, 0x0,
    0xf, 0x10, 0x4, 0xe5, 0xb, 0xa0, 0x0, 0x0,
    0xf, 0xff, 0xfd, 0x60, 0x2f, 0xff, 0xff, 0xf9,

    /* U+01C5 "ǅ" */
    0xf, 0xff, 0xfd, 0x60, 0x0, 0xa8, 0xd2, 0x0,
    0xf1, 0x0, 0x3e, 0x50, 0x0, 0x52, 0x0, 0xf,
    0x10, 0x0, 0x6d, 0xa, 0xcc, 0xdf, 0x20, 0xf1,
    0x0, 0x2, 0xf0, 0x0, 0xb, 0x70, 0xf, 0x10,
    0x0, 0x2f, 0x0, 0xa, 0x90, 0x0, 0xf1, 0x0,
    0x5, 0xc0, 0x9, 0xa0, 0x0, 0xf, 0x10, 0x4,
    0xe5, 0x7, 0xb0, 0x0, 0x0, 0xff, 0xff, 0xd6,
    0x1, 0xff, 0xff, 0xf6,

    /* U+01C6 "ǆ" */
    0x0, 0x0, 0x3d, 0x0, 0xa9, 0xd2, 0x0, 0x0,
    0x3, 0xd0, 0x0, 0x52, 0x0, 0x6, 0xdc, 0x9d,
    0xa, 0xdd, 0xdf, 0x33, 0xe1, 0x9, 0xd0, 0x0,
    0xb, 0x90, 0x79, 0x0, 0x3d, 0x0, 0xa, 0xa0,
    0x7, 0x90, 0x2, 0xd0, 0x8, 0xc0, 0x0, 0x3d,
    0x0, 0x7d, 0x7, 0xd1, 0x0, 0x0, 0x6c, 0xba,
    0xd1, 0xfe, 0xdd, 0xd5,

    /* U+01C7 "Ǉ" */
    0x1f, 0x0, 0x0, 0x0, 0x0, 0xc6, 0x1f, 0x0,
    0x0, 0x0, 0x0, 0xc6, 0x1f, 0x0, 0x0, 0x0,
    0x0, 0xc6, 0x1f, 0x0, 0x0, 0x0, 0x0, 0xc6,
    0x1f, 0x0, 0x0, 0x0, 0x0, 0xc6, 0x1f, 0x0,
    0x0, 0x14, 0x0, 0xc5, 0x1f, 0x0, 0x0, 0x3e,
    0x11, 0xe3, 0x1f, 0xff, 0xff, 0x48, 0xee, 0x80,

    /* U+01C8 "ǈ" */
    0x1f, 0x0, 0x0, 0x8, 0x81, 0xf0, 0x0, 0x0,
    0x11, 0x1f, 0x0, 0x0, 0x8, 0x81, 0xf0, 0x0,
    0x0, 0x88, 0x1f, 0x0, 0x0, 0x8, 0x81, 0xf0,
    0x0, 0x0, 0x88, 0x1f, 0x0, 0x0, 0x8, 0x81,
    0xff, 0xff, 0xf4, 0x88, 0x0, 0x0, 0x0, 0x9,
    0x70, 0x0, 0x0, 0xa, 0xe2,

    /* U+01C9 "ǉ" */
    0x3d, 0x8, 0x83, 0xd0, 0x11, 0x3d, 0x8, 0x83,
    0xd0, 0x88, 0x3d, 0x8, 0x83, 0xd0, 0x88, 0x3d,
    0x8, 0x83, 0xd0, 0x88, 0x0, 0x9, 0x70, 0xa,
    0xe2,

    /* U+01CA "Ǌ" */
    0xf, 0x70, 0x0, 0x6b, 0x0, 0x0, 0x7b, 0xf,
    0xf3, 0x0, 0x6b, 0x0, 0x0, 0x7b, 0xf, 0x6d,
    0x0, 0x6b, 0x0, 0x0, 0x7b, 0xf, 0xa, 0x90,
    0x6b, 0x0, 0x0, 0x7b, 0xf, 0x1, 0xe5, 0x6b,
    0x0, 0x0, 0x7b, 0xf, 0x0, 0x4e, 0x7b, 0x5,
    0x0, 0x7a, 0xf, 0x0, 0x8, 0xfb, 0xe, 0x30,
    0xa7, 0xf, 0x0, 0x0, 0xcb, 0x5, 0xdd, 0xb1,

    /* U+01CB "ǋ" */
    0xf, 0x70, 0x0, 0x6b, 0x8, 0x80, 0xfe, 0x30,
    0x6, 0xb0, 0x11, 0xf, 0x5d, 0x0, 0x6b, 0x8,
    0x80, 0xf0, 0xaa, 0x6, 0xb0, 0x88, 0xf, 0x0,
    0xd5, 0x6b, 0x8, 0x80, 0xf0, 0x3, 0xe8, 0xb0,
    0x88, 0xf, 0x0, 0x8, 0xfb, 0x8, 0x80, 0xf0,
    0x0, 0xc, 0xb0, 0x88, 0x0, 0x0, 0x0, 0x0,
    0x9, 0x70, 0x0, 0x0, 0x0, 0xa, 0xe2,

    /* U+01CC "ǌ" */
    0x0, 0x0, 0x0, 0x8, 0x80, 0x0, 0x0, 0x0,
    0x11, 0x3d, 0xab, 0xc4, 0x8, 0x83, 0xf3, 0x5,
    0xc0, 0x88, 0x3e, 0x0, 0x2e, 0x8, 0x83, 0xe0,
    0x2, 0xe0, 0x88, 0x3e, 0x0, 0x2e, 0x8, 0x83,
    0xe0, 0x2, 0xe0, 0x88, 0x0, 0x0, 0x0, 0x9,
    0x70, 0x0, 0x0, 0xa, 0xe2,

    /* U+01CD "Ǎ" */
    0x0, 0x68, 0x76, 0x0, 0x0, 0xc, 0xc0, 0x0,
    0x0, 0x0, 0x0, 0x0, 0x0, 0xd, 0xd0, 0x0,
    0x0, 0x3c, 0xc3, 0x0, 0x0, 0x87, 0x68, 0x0,
    0x0, 0xd1, 0x1e, 0x0, 0x3, 0xc0, 0xb, 0x30,
    0x9, 0xff, 0xff, 0x90, 0xe, 0x32, 0x23, 0xe0,
    0x4d, 0x0, 0x0, 0xc4, 0x98, 0x0, 0x0, 0x89,

    /* U+01CE "ǎ" */
    0x1, 0xb6, 0x90, 0x0, 0x2, 0x60, 0x0, 0x5,
    0xdf, 0xa1, 0x2, 0xe3, 0x1a, 0x80, 0x2, 0x0,
    0x6c, 0x0, 0x7d, 0xdc, 0xc0, 0x5c, 0x10, 0x5c,
    0x6, 0xc3, 0x4d, 0xd0, 0xb, 0xfd, 0x4d, 0x50,

    /* U+01CF "Ǐ" */
    0xb, 0x7d, 0x20, 0x17, 0x30, 0x0, 0xe4, 0x0,
    0xe, 0x40, 0x0, 0xe4, 0x0, 0xe, 0x40, 0x0,
    0xe4, 0x0, 0xe, 0x40, 0x0, 0xe4, 0x0, 0xe,
    0x40,

    /* U+01D0 "ǐ" */
    0xb, 0x8d, 0x20, 0x4, 0x10, 0x0, 0xd3, 0x0,
    0xd, 0x30, 0x0, 0xd3, 0x0, 0xd, 0x30, 0x0,
    0xd3, 0x0, 0xd, 0x30,

    /* U+01D1 "Ǒ" */
    0x0, 0x7, 0x17, 0x20, 0x0, 0x0, 0x5e, 0x90,
    0x0, 0x0, 0x0, 0x0, 0x0, 0x0, 0x7, 0xdf,
    0xe9, 0x10, 0x9, 0xc2, 0x1, 0x8d, 0x12, 0xf1,
    0x0, 0x0, 0xb8, 0x6d, 0x0, 0x0, 0x7, 0xb6,
    0xc0, 0x0, 0x0, 0x7b, 0x2f, 0x10, 0x0, 0xb,
    0x80, 0x9c, 0x20, 0x18, 0xe1, 0x0, 0x7d, 0xfe,
    0x91, 0x0,

    /* U+01D2 "ǒ" */
    0x2, 0xd8, 0xb0, 0x0, 0x2, 0x60, 0x0, 0x6,
    0xdd, 0xb2, 0x3, 0xe1, 0x5, 0xd0, 0x89, 0x0,
    0xe, 0x28, 0x90, 0x0, 0xe2, 0x3e, 0x10, 0x5d,
    0x0, 0x6d, 0xdb, 0x20,

    /* U+01D3 "Ǔ" */
    0x0, 0x26, 0x17, 0x0, 0x0, 0xa, 0xe5, 0x0,
    0x0, 0x0, 0x0, 0x0, 0xf, 0x10, 0x0, 0x7b,
    0xf, 0x10, 0x0, 0x7b, 0xf, 0x10, 0x0, 0x7b,
    0xf, 0x10, 0x0, 0x7b, 0xf, 0x10, 0x0, 0x7b,
    0xf, 0x30, 0x0, 0x89, 0xa, 0xa1, 0x3, 0xe5,
    0x1, 0xae, 0xfd, 0x60,

    /* U+01D4 "ǔ" */
    0x2, 0xd8, 0xa0, 0x0, 0x14, 0x0, 0x3d, 0x0,
    0x3d, 0x3d, 0x0, 0x3d, 0x3d, 0x0, 0x3d, 0x3d,
    0x0, 0x4d, 0x1f, 0x0, 0x8d, 0x8, 0xdb, 0x8d,

    /* U+01D5 "Ǖ" */
    0x0, 0x7d, 0xdd, 0x10, 0x0, 0x0, 0x0, 0x0,
    0x0, 0x4c, 0x1f, 0x0, 0x0, 0x1, 0x2, 0x0,
    0xf, 0x10, 0x0, 0x7b, 0xf, 0x10, 0x0, 0x7b,
    0xf, 0x10, 0x0, 0x7b, 0xf, 0x10, 0x0, 0x7b,
    0xf, 0x10, 0x0, 0x7b, 0xf, 0x30, 0x0, 0x89,
    0xa, 0xa1, 0x3, 0xe5, 0x1, 0xae, 0xfd, 0x60,

    /* U+01D6 "ǖ" */
    0x6, 0xdd, 0xd1, 0x0, 0x0, 0x0, 0x4, 0xd1,
    0xf0, 0x0, 0x10, 0x10, 0x3d, 0x0, 0x3d, 0x3d,
    0x0, 0x3d, 0x3d, 0x0, 0x3d, 0x3d, 0x0, 0x4d,
    0x1f, 0x0, 0x8d, 0x8, 0xdb, 0x8d,

    /* U+01D7 "Ǘ" */
    0x0, 0x0, 0xc6, 0x0, 0x0, 0x1, 0x70, 0x0,
    0x0, 0x4c, 0x1f, 0x0, 0x0, 0x1, 0x2, 0x0,
    0xf, 0x10, 0x0, 0x7b, 0xf, 0x10, 0x0, 0x7b,
    0xf, 0x10, 0x0, 0x7b, 0xf, 0x10, 0x0, 0x7b,
    0xf, 0x10, 0x0, 0x7b, 0xf, 0x30, 0x0, 0x89,
    0xa, 0xa1, 0x3, 0xe5, 0x1, 0xae, 0xfd, 0x60,

    /* U+01D8 "ǘ" */
    0x0, 0xc, 0x70, 0x0, 0x16, 0x0, 0x4, 0xd1,
    0xf0, 0x0, 0x10, 0x10, 0x3d, 0x0, 0x3d, 0x3d,
    0x0, 0x3d, 0x3d, 0x0, 0x3d, 0x3d, 0x0, 0x4d,
    0x1f, 0x0, 0x8d, 0x8, 0xdb, 0x8d,

    /* U+01D9 "Ǚ" */
    0x0, 0x2d, 0x7b, 0x0, 0x0, 0x3, 0x71, 0x0,
    0x0, 0x4c, 0x1f, 0x0, 0x0, 0x1, 0x2, 0x0,
    0xf, 0x10, 0x0, 0x7b, 0xf, 0x10, 0x0, 0x7b,
    0xf, 0x10, 0x0, 0x7b, 0xf, 0x10, 0x0, 0x7b,
    0xf, 0x10, 0x0, 0x7b, 0xf, 0x30, 0x0, 0x89,
    0xa, 0xa1, 0x3, 0xe5, 0x1, 0xae, 0xfd, 0x60,

    /* U+01DA "ǚ" */
    0x2, 0xd8, 0xb0, 0x0, 0x37, 0x0, 0x4, 0xc2,
    0xf0, 0x0, 0x10, 0x10, 0x3d, 0x0, 0x3d, 0x3d,
    0x0, 0x3d, 0x3d, 0x0, 0x3d, 0x3d, 0x0, 0x4d,
    0x1f, 0x0, 0x8d, 0x8, 0xdb, 0x8d,

    /* U+01DB "Ǜ" */
    0x0, 0xb, 0x70, 0x0, 0x0, 0x1, 0x70, 0x0,
    0x0, 0x4c, 0x1f, 0x0, 0x0, 0x1, 0x2, 0x0,
    0xf, 0x10, 0x0, 0x7b, 0xf, 0x10, 0x0, 0x7b,
    0xf, 0x10, 0x0, 0x7b, 0xf, 0x10, 0x0, 0x7b,
    0xf, 0x10, 0x0, 0x7b, 0xf, 0x30, 0x0, 0x89,
    0xa, 0xa1, 0x3, 0xe5, 0x1, 0xae, 0xfd, 0x60,

    /* U+01DC "ǜ" */
    0x0, 0xb7, 0x0, 0x0, 0x7, 0x0, 0x4, 0xc2,
    0xf0, 0x0, 0x10, 0x10, 0x3d, 0x0, 0x3d, 0x3d,
    0x0, 0x3d, 0x3d, 0x0, 0x3d, 0x3d, 0x0, 0x4d,
    0x1f, 0x0, 0x8d, 0x8, 0xdb, 0x8d,

    /* U+01DD "ǝ" */
    0x6, 0xdd, 0xb2, 0x4, 0xe1, 0x7, 0xd0, 0x1,
    0x0, 0xf, 0x27, 0xdd, 0xdd, 0xf1, 0x3c, 0x0,
    0x3c, 0x0, 0x6d, 0xcb, 0x20,

    /* U+01DE "Ǟ" */
    0x0, 0xb, 0xdd, 0x90, 0x0, 0x0, 0x9, 0x76,
    0x90, 0x0, 0x0, 0x1, 0x11, 0x10, 0x0, 0x0,
    0x0, 0xeb, 0x0, 0x0, 0x0, 0x5, 0xbe, 0x20,
    0x0, 0x0, 0xc, 0x69, 0x90, 0x0, 0x0, 0x2f,
    0x13, 0xf1, 0x0, 0x0, 0x9a, 0x0, 0xd7, 0x0,
    0x0, 0xfe, 0xdd, 0xee, 0x0, 0x6, 0xd0, 0x0,
    0xf, 0x50, 0xc, 0x60, 0x0, 0x8, 0xc0,

    /* U+01DF "ǟ" */
    0x6, 0xdd, 0xd1, 0x0, 0x0, 0x0, 0x0, 0x4,
    0xc2, 0xf0, 0x0, 0x1, 0x1, 0x0, 0x7, 0xdd,
    0xd4, 0x2, 0xc0, 0x5, 0xc0, 0x1, 0x57, 0xbd,
    0x3, 0xe8, 0x55, 0xd0, 0x7a, 0x0, 0x8d, 0x1,
    0xca, 0xa7, 0xf0,

    /* U+01E0 "Ǡ" */
    0x0, 0xc, 0xdd, 0x90, 0x0, 0x0, 0x0, 0x97,
    0x0, 0x0, 0x0, 0x0, 0x11, 0x0, 0x0, 0x0,
    0x0, 0xeb, 0x0, 0x0, 0x0, 0x5, 0xbe, 0x20,
    0x0, 0x0, 0xc, 0x69, 0x90, 0x0, 0x0, 0x2f,
    0x13, 0xf1, 0x0, 0x0, 0x9a, 0x0, 0xd7, 0x0,
    0x0, 0xfe, 0xdd, 0xee, 0x0, 0x6, 0xd0, 0x0,
    0xf, 0x50, 0xc, 0x60, 0x0, 0x8, 0xc0,

    /* U+01E1 "ǡ" */
    0x6, 0xdd, 0xd2, 0x0, 0x0, 0x0, 0x0, 0x0,
    0x1f, 0x0, 0x0, 0x0, 0x20, 0x0, 0x7, 0xdd,
    0xd4, 0x2, 0xc0, 0x5, 0xc0, 0x1, 0x57, 0xbd,
    0x3, 0xe8, 0x55, 0xd0, 0x7a, 0x0, 0x8d, 0x1,
    0xca, 0xa7, 0xf0,

    /* U+01E2 "Ǣ" */
    0x0, 0x0, 0x6d, 0xdd, 0x20, 0x0, 0x0, 0x0,
    0x0, 0x0, 0x0, 0x0, 0x0, 0x2, 0xff, 0xff,
    0xff, 0xf2, 0x0, 0xa, 0x94, 0xd0, 0x0, 0x0,
    0x0, 0x2f, 0x24, 0xd0, 0x0, 0x0, 0x0, 0xaa,
    0x4, 0xff, 0xff, 0xd0, 0x3, 0xf2, 0x4, 0xd0,
    0x0, 0x0, 0xb, 0xff, 0xff, 0xd0, 0x0, 0x0,
    0x3f, 0x20, 0x4, 0xd0, 0x0, 0x0, 0xb8, 0x0,
    0x4, 0xff, 0xff, 0xf5,

    /* U+01E3 "ǣ" */
    0x0, 0x6, 0xdd, 0xd2, 0x0, 0x0, 0x0, 0x0,
    0x0, 0x0, 0x0, 0x8, 0xdd, 0xc6, 0xcc, 0xc3,
    0x2, 0x80, 0x7, 0xe1, 0x2, 0xd0, 0x5, 0xac,
    0xdf, 0xdd, 0xde, 0x15, 0xc2, 0x6, 0xc0, 0x0,
    0x20, 0x8a, 0x0, 0xcf, 0x20, 0x4e, 0x1, 0xcd,
    0xc5, 0x4d, 0xdc, 0x30,

    /* U+01E4 "Ǥ" */
    0x0, 0x7d, 0xfd, 0x50, 0x0, 0x8c, 0x31, 0x4e,
    0x40, 0x1f, 0x10, 0x0, 0x57, 0x5, 0xb0, 0x0,
    0x0, 0x0, 0x6a, 0x0, 0x9f, 0xfb, 0x5, 0xb0,
    0x1, 0x25, 0xb0, 0x1f, 0x10, 0x8e, 0xff, 0x60,
    0x9c, 0x31, 0x6e, 0x20, 0x0, 0x8e, 0xfc, 0x40,
    0x0,

    /* U+01E5 "ǥ" */
    0x5, 0xdf, 0x9c, 0x20, 0x2f, 0x41, 0x8f, 0x20,
    0x6a, 0x0, 0xf, 0x20, 0x6a, 0x2e, 0xef, 0xf0,
    0x2e, 0x20, 0x6f, 0x20, 0x6, 0xff, 0xbd, 0x20,
    0x14, 0x1, 0xe, 0x20, 0xe, 0x51, 0x6e, 0x0,
    0x3, 0xdf, 0xd3, 0x0,

    /* U+01E6 "Ǧ" */
    0x0, 0xb, 0x2a, 0x0, 0x0, 0x3, 0x70, 0x0,
    0x0, 0x0, 0x0, 0x0, 0x0, 0x7d, 0xfd, 0x50,
    0x8, 0xc3, 0x14, 0xe4, 0x1f, 0x10, 0x0, 0x47,
    0x5b, 0x0, 0x0, 0x0, 0x6a, 0x0, 0x9f, 0xfb,
    0x5b, 0x0, 0x12, 0x4c, 0x1f, 0x10, 0x0, 0x8d,
    0x9, 0xc3, 0x16, 0xcc, 0x0, 0x8e, 0xfb, 0x1c,

    /* U+01E7 "ǧ" */
    0x0, 0xb5, 0xa0, 0x0, 0x2, 0x60, 0x0, 0x5,
    0xdf, 0x9c, 0x22, 0xf4, 0x18, 0xf2, 0x6a, 0x0,
    0xf, 0x26, 0xa0, 0x0, 0xe2, 0x2e, 0x20, 0x6f,
    0x20, 0x6f, 0xfa, 0xd2, 0x14, 0x1, 0xe, 0x20,
    0xe5, 0x16, 0xe0, 0x3, 0xdf, 0xd3, 0x0,

    /* U+01E8 "Ǩ" */
    0x7, 0x69, 0x40, 0x0, 0xd, 0xc0, 0x0, 0x0,
    0x0, 0x0, 0xe, 0x20, 0x7, 0xc0, 0xe2, 0x5,
    0xe1, 0xe, 0x23, 0xe2, 0x0, 0xe4, 0xe4, 0x0,
    0xe, 0xef, 0x50, 0x0, 0xe9, 0x3e, 0x10, 0xe,
    0x20, 0x8b, 0x0, 0xe2, 0x0, 0xc7, 0xe, 0x20,
    0x2, 0xe2,

    /* U+01E9 "ǩ" */
    0x6, 0x6, 0x0, 0x0, 0xa, 0x99, 0x0, 0x0,
    0x1, 0x81, 0x0, 0x0, 0x0, 0xf0, 0x0, 0x0,
    0x0, 0xf0, 0x0, 0x0, 0x0, 0xf0, 0x5, 0xe1,
    0x0, 0xf0, 0x3e, 0x30, 0x0, 0xf1, 0xe4, 0x0,
    0x0, 0xfc, 0xf4, 0x0, 0x0, 0xf8, 0x4d, 0x0,
    0x0, 0xf0, 0xa, 0x80, 0x0, 0xf0, 0x1, 0xe3,

    /* U+01EA "Ǫ" */
    0x0, 0x7d, 0xfe, 0x91, 0x0, 0x9c, 0x20, 0x18,
    0xd1, 0x2f, 0x10, 0x0, 0xb, 0x76, 0xd0, 0x0,
    0x0, 0x7b, 0x5c, 0x0, 0x0, 0x7, 0xb2, 0xf1,
    0x0, 0x0, 0xb8, 0x8, 0xc1, 0x0, 0x7e, 0x10,
    0x5, 0xbd, 0xeb, 0x20, 0x0, 0x0, 0xc0, 0x0,
    0x0, 0x0, 0xa, 0xc6, 0x0,

    /* U+01EB "ǫ" */
    0x6, 0xdd, 0xb2, 0x3, 0xe1, 0x5, 0xd0, 0x88,
    0x0, 0xe, 0x28, 0x90, 0x0, 0xe2, 0x3e, 0x20,
    0x6c, 0x0, 0x4b, 0xe9, 0x10, 0x0, 0x29, 0x0,
    0x0, 0x1, 0xdb, 0x30,

    /* U+01EC "Ǭ" */
    0x0, 0x2d, 0xdd, 0x50, 0x0, 0x0, 0x0, 0x0,
    0x0, 0x0, 0x7d, 0xfe, 0x91, 0x0, 0x9c, 0x20,
    0x18, 0xd1, 0x2f, 0x10, 0x0, 0xb, 0x76, 0xd0,
    0x0, 0x0, 0x7b, 0x5c, 0x0, 0x0, 0x7, 0xb2,
    0xf1, 0x0, 0x0, 0xb8, 0x8, 0xc1, 0x0, 0x7e,
    0x10, 0x5, 0xbd, 0xeb, 0x20, 0x0, 0x0, 0xc0,
    0x0, 0x0, 0x0, 0xa, 0xc6, 0x0,

    /* U+01ED "ǭ" */
    0x8, 0xdd, 0xd0, 0x0, 0x0, 0x0, 0x0, 0x6,
    0xdd, 0xb2, 0x3, 0xe1, 0x5, 0xd0, 0x88, 0x0,
    0xe, 0x28, 0x90, 0x0, 0xe2, 0x3e, 0x20, 0x6c,
    0x0, 0x4b, 0xe9, 0x10, 0x0, 0x29, 0x0, 0x0,
    0x1, 0xdb, 0x30,

    /* U+01EE "Ǯ" */
    0x4, 0xc9, 0x90, 0x0, 0x47, 0x0, 0x2f, 0xff,
    0xfa, 0x0, 0x2, 0xd2, 0x0, 0x1c, 0x20, 0x0,
    0x8e, 0x80, 0x0, 0x0, 0xa9, 0x1, 0x0, 0x3d,
    0x3d, 0x0, 0x99, 0x7, 0xdd, 0xa0,

    /* U+01EF "ǯ" */
    0x3, 0xc9, 0x90, 0x0, 0x24, 0x0, 0x2f, 0xff,
    0xfa, 0x0, 0x2, 0xd1, 0x0, 0x1c, 0x20, 0x0,
    0x8e, 0x80, 0x0, 0x0, 0xa9, 0x1, 0x0, 0x3d,
    0x3d, 0x0, 0x99, 0x7, 0xdd, 0xa0,

    /* U+01F0 "ǰ" */
    0x2d, 0x9a, 0x0, 0x24, 0x0, 0x3, 0xd0, 0x0,
    0x3d, 0x0, 0x3, 0xd0, 0x0, 0x3d, 0x0, 0x3,
    0xd0, 0x0, 0x3d, 0x0, 0x4, 0xc0, 0x6, 0xe7,
    0x0,

    /* U+01F1 "Ǳ" */
    0xf, 0xff, 0xfd, 0x60, 0xa, 0xff, 0xff, 0xf7,
    0xf, 0x10, 0x3, 0xe5, 0x0, 0x0, 0x6, 0xe1,
    0xf, 0x10, 0x0, 0x6d, 0x0, 0x0, 0x4e, 0x20,
    0xf, 0x10, 0x0, 0x2f, 0x0, 0x3, 0xe4, 0x0,
    0xf, 0x10, 0x0, 0x2f, 0x0, 0x2e, 0x50, 0x0,
    0xf, 0x10, 0x0, 0x5c, 0x1, 0xd7, 0x0, 0x0,
    0xf, 0x10, 0x4, 0xe5, 0xb, 0x90, 0x0, 0x0,
    0xf, 0xff, 0xfd, 0x60, 0x3f, 0xff, 0xff, 0xf9,

    /* U+01F2 "ǲ" */
    0xf, 0xff, 0xfd, 0x60, 0x0, 0x0, 0x0, 0x0,
    0xf1, 0x0, 0x3e, 0x50, 0x0, 0x0, 0x0, 0xf,
    0x10, 0x0, 0x6d, 0xb, 0xcc, 0xdf, 0x20, 0xf1,
    0x0, 0x2, 0xf0, 0x0, 0xc, 0x60, 0xf, 0x10,
    0x0, 0x2f, 0x0, 0xa, 0x80, 0x0, 0xf1, 0x0,
    0x5, 0xc0, 0x9, 0xa0, 0x0, 0xf, 0x10, 0x4,
    0xe5, 0x7, 0xb0, 0x0, 0x0, 0xff, 0xff, 0xd6,
    0x1, 0xff, 0xff, 0xf6,

    /* U+01F3 "ǳ" */
    0x0, 0x0, 0x3d, 0x0, 0x0, 0x0, 0x0, 0x0,
    0x3, 0xd0, 0x0, 0x0, 0x0, 0x6, 0xdc, 0x9d,
    0xb, 0xdd, 0xdf, 0x33, 0xe1, 0x9, 0xd0, 0x0,
    0xb, 0x90, 0x79, 0x0, 0x3d, 0x0, 0xa, 0xa0,
    0x7, 0x90, 0x2, 0xd0, 0x9, 0xb0, 0x0, 0x3d,
    0x0, 0x7d, 0x7, 0xc0, 0x0, 0x0, 0x6c, 0xba,
    0xd1, 0xfe, 0xdd, 0xd5,

    /* U+01F4 "Ǵ" */
    0x0, 0x0, 0x37, 0x0, 0x0, 0x0, 0xb, 0x40,
    0x0, 0x0, 0x0, 0x0, 0x0, 0x0, 0x6, 0xce,
    0xeb, 0x30, 0x8, 0xd3, 0x0, 0x6e, 0x11, 0xf2,
    0x0, 0x0, 0x62, 0x5d, 0x0, 0x0, 0x0, 0x5,
    0xd0, 0x0, 0xff, 0xf8, 0x1f, 0x20, 0x0, 0x8,
    0x90, 0x8d, 0x40, 0x4, 0xc8, 0x0, 0x5c, 0xff,
    0xc6, 0x0,

    /* U+01F5 "ǵ" */
    0x0, 0x1e, 0x30, 0x0, 0x34, 0x0, 0x6, 0xdc,
    0x8e, 0x3d, 0x10, 0x9e, 0x88, 0x0, 0x2e, 0x88,
    0x0, 0x2e, 0x3d, 0x10, 0x8e, 0x6, 0xdc, 0xad,
    0x26, 0x0, 0x6a, 0xa, 0xdd, 0xb1,

    /* U+01FA "Ǻ" */
    0x0, 0x0, 0x4e, 0x10, 0x0, 0x0, 0x0, 0x52,
    0x0, 0x0, 0x0, 0x0, 0x75, 0x0, 0x0, 0x0,
    0x1, 0x67, 0x0, 0x0, 0x0, 0x0, 0xec, 0x0,
    0x0, 0x0, 0x5, 0xbe, 0x30, 0x0, 0x0, 0xc,
    0x69, 0xa0, 0x0, 0x0, 0x2f, 0x13, 0xf1, 0x0,
    0x0, 0x9a, 0x0, 0xd7, 0x0, 0x0, 0xfe, 0xdd,
    0xee, 0x0, 0x6, 0xd0, 0x0, 0xf, 0x50, 0xc,
    0x60, 0x0, 0x8, 0xc0,

    /* U+01FB "ǻ" */
    0x0, 0x5, 0x50, 0x0, 0x1, 0xd1, 0x0, 0x0,
    0x0, 0x0, 0x0, 0x6, 0x63, 0x0, 0x0, 0x46,
    0x10, 0x0, 0x7d, 0xdd, 0x40, 0x2c, 0x0, 0x5c,
    0x0, 0x15, 0x7b, 0xd0, 0x3e, 0x85, 0x5d, 0x7,
    0xa0, 0x8, 0xd0, 0x1c, 0xaa, 0x7f, 0x0,

    /* U+01FC "Ǽ" */
    0x0, 0x0, 0x0, 0xc, 0x60, 0x0, 0x0, 0x0,
    0x0, 0x16, 0x0, 0x0, 0x0, 0x2, 0xff, 0xff,
    0xff, 0xf2, 0x0, 0xa, 0x94, 0xd0, 0x0, 0x0,
    0x0, 0x2f, 0x24, 0xd0, 0x0, 0x0, 0x0, 0xaa,
    0x4, 0xff, 0xff, 0xd0, 0x3, 0xf2, 0x4, 0xd0,
    0x0, 0x0, 0xb, 0xff, 0xff, 0xd0, 0x0, 0x0,
    0x3f, 0x20, 0x4, 0xd0, 0x0, 0x0, 0xb8, 0x0,
    0x4, 0xff, 0xff, 0xf5,

    /* U+01FD "ǽ" */
    0x0, 0x0, 0xe, 0x30, 0x0, 0x0, 0x0, 0x3,
    0x50, 0x0, 0x0, 0x8, 0xdd, 0xc6, 0xcc, 0xc3,
    0x2, 0x80, 0x7, 0xe1, 0x2, 0xd0, 0x5, 0xac,
    0xdf, 0xdd, 0xde, 0x15, 0xc2, 0x6, 0xc0, 0x0,
    0x20, 0x8a, 0x0, 0xcf, 0x20, 0x4e, 0x1, 0xcd,
    0xc5, 0x4d, 0xdc, 0x30,

    /* U+01FE "Ǿ" */
    0x0, 0x0, 0x37, 0x0, 0x0, 0x0, 0xb, 0x40,
    0x0, 0x0, 0x0, 0x0, 0x0, 0x20, 0x7, 0xde,
    0xd8, 0x79, 0x9, 0xc2, 0x0, 0xbf, 0x12, 0xf1,
    0x0, 0x5a, 0xb7, 0x6c, 0x0, 0x5a, 0x7, 0xb5,
    0xc0, 0x5a, 0x0, 0x7b, 0x2f, 0x6a, 0x0, 0xb,
    0x80, 0xaf, 0x30, 0x18, 0xe1, 0x3a, 0x6c, 0xee,
    0x91, 0x0, 0x0, 0x0, 0x0, 0x0,

    /* U+01FF "ǿ" */
    0x0, 0x7, 0xb0, 0x0, 0x0, 0x71, 0x0, 0x2,
    0xbd, 0xdb, 0x30, 0xd5, 0x8, 0xf3, 0x2e, 0x4,
    0x98, 0x82, 0xe3, 0xa0, 0x88, 0xd, 0xc0, 0x1e,
    0x30, 0xbc, 0xdd, 0x60, 0x1, 0x0, 0x0, 0x0,

    /* U+0200 "Ȁ" */
    0x0, 0x2e, 0x4e, 0x20, 0x0, 0x0, 0x3, 0x44,
    0x40, 0x0, 0x0, 0x0, 0xeb, 0x0, 0x0, 0x0,
    0x5, 0xbe, 0x20, 0x0, 0x0, 0xc, 0x69, 0x90,
    0x0, 0x0, 0x2f, 0x13, 0xf1, 0x0, 0x0, 0x9a,
    0x0, 0xd7, 0x0, 0x0, 0xfe, 0xdd, 0xee, 0x0,
    0x6, 0xd0, 0x0, 0xf, 0x50, 0xc, 0x60, 0x0,
    0x8, 0xc0,

    /* U+0201 "ȁ" */
    0x8, 0xa9, 0xa0, 0x0, 0x7, 0x7, 0x0, 0x7,
    0xdd, 0xd4, 0x2, 0xc0, 0x5, 0xc0, 0x1, 0x57,
    0xbd, 0x3, 0xe8, 0x55, 0xd0, 0x7a, 0x0, 0x8d,
    0x1, 0xca, 0xa7, 0xf0,

    /* U+0202 "Ȃ" */
    0x0, 0x3, 0xbb, 0x20, 0x0, 0x0, 0x5, 0x1,
    0x40, 0x0, 0x0, 0x0, 0xeb, 0x0, 0x0, 0x0,
    0x5, 0xbe, 0x20, 0x0, 0x0, 0xc, 0x69, 0x90,
    0x0, 0x0, 0x2f, 0x13, 0xf1, 0x0, 0x0, 0x9a,
    0x0, 0xd7, 0x0, 0x0, 0xfe, 0xdd, 0xee, 0x0,
    0x6, 0xd0, 0x0, 0xf, 0x50, 0xc, 0x60, 0x0,
    0x8, 0xc0,

    /* U+0203 "ȃ" */
    0x0, 0xab, 0xa0, 0x0, 0x13, 0x3, 0x0, 0x7,
    0xdd, 0xd4, 0x2, 0xc0, 0x5, 0xc0, 0x1, 0x57,
    0xbd, 0x3, 0xe8, 0x55, 0xd0, 0x7a, 0x0, 0x8d,
    0x1, 0xca, 0xa7, 0xf0,

    /* U+0204 "Ȅ" */
    0x0, 0xd6, 0xd4, 0x0, 0x0, 0x26, 0x26, 0x0,
    0xf, 0xff, 0xff, 0xf2, 0xf, 0x10, 0x0, 0x0,
    0xf, 0x10, 0x0, 0x0, 0xf, 0xff, 0xff, 0xd0,
    0xf, 0x10, 0x0, 0x0, 0xf, 0x10, 0x0, 0x0,
    0xf, 0x10, 0x0, 0x0, 0xf, 0xff, 0xff, 0xf5,

    /* U+0205 "ȅ" */
    0x8, 0xa9, 0xa0, 0x0, 0x7, 0x7, 0x0, 0x5,
    0xcc, 0xc3, 0x2, 0xd1, 0x2, 0xe0, 0x7e, 0xdd,
    0xde, 0x27, 0xa0, 0x0, 0x20, 0x2f, 0x20, 0x4e,
    0x0, 0x5d, 0xdc, 0x30,

    /* U+0206 "Ȇ" */
    0x0, 0x1a, 0xb5, 0x0, 0x0, 0x33, 0x6, 0x0,
    0xf, 0xff, 0xff, 0xf2, 0xf, 0x10, 0x0, 0x0,
    0xf, 0x10, 0x0, 0x0, 0xf, 0xff, 0xff, 0xd0,
    0xf, 0x10, 0x0, 0x0, 0xf, 0x10, 0x0, 0x0,
    0xf, 0x10, 0x0, 0x0, 0xf, 0xff, 0xff, 0xf5,

    /* U+0207 "ȇ" */
    0x1, 0xbb, 0x90, 0x0, 0x12, 0x4, 0x0, 0x5,
    0xcc, 0xc3, 0x2, 0xd1, 0x2, 0xe0, 0x7e, 0xdd,
    0xde, 0x27, 0xa0, 0x0, 0x20, 0x2f, 0x20, 0x4e,
    0x0, 0x5d, 0xdc, 0x30,

    /* U+0208 "Ȉ" */
    0x4e, 0x5e, 0x0, 0x53, 0x53, 0x0, 0xe4, 0x0,
    0xe, 0x40, 0x0, 0xe4, 0x0, 0xe, 0x40, 0x0,
    0xe4, 0x0, 0xe, 0x40, 0x0, 0xe4, 0x0, 0xe,
    0x40,

    /* U+0209 "ȉ" */
    0x3e, 0x5e, 0x0, 0x53, 0x53, 0x0, 0xd3, 0x0,
    0xd, 0x30, 0x0, 0xd3, 0x0, 0xd, 0x30, 0x0,
    0xd3, 0x0, 0xd, 0x30,

    /* U+020A "Ȋ" */
    0x6, 0xba, 0x0, 0x60, 0x32, 0x0, 0xe4, 0x0,
    0xe, 0x40, 0x0, 0xe4, 0x0, 0xe, 0x40, 0x0,
    0xe4, 0x0, 0xe, 0x40, 0x0, 0xe4, 0x0, 0xe,
    0x40,

    /* U+020B "ȋ" */
    0x9, 0xbb, 0x10, 0x30, 0x21, 0x0, 0xd3, 0x0,
    0xd, 0x30, 0x0, 0xd3, 0x0, 0xd, 0x30, 0x0,
    0xd3, 0x0, 0xd, 0x30,

    /* U+020C "Ȍ" */
    0x0, 0x7b, 0x7b, 0x0, 0x0, 0x0, 0x71, 0x70,
    0x0, 0x0, 0x7d, 0xfe, 0x91, 0x0, 0x9c, 0x20,
    0x18, 0xd1, 0x2f, 0x10, 0x0, 0xb, 0x86, 0xd0,
    0x0, 0x0, 0x7b, 0x6c, 0x0, 0x0, 0x7, 0xb2,
    0xf1, 0x0, 0x0, 0xb8, 0x9, 0xc2, 0x1, 0x8e,
    0x10, 0x7, 0xdf, 0xe9, 0x10,

    /* U+020D "ȍ" */
    0xb, 0x8b, 0x70, 0x0, 0x7, 0x7, 0x0, 0x6,
    0xdd, 0xb2, 0x3, 0xe1, 0x5, 0xd0, 0x89, 0x0,
    0xe, 0x28, 0x90, 0x0, 0xe2, 0x3e, 0x10, 0x5d,
    0x0, 0x6d, 0xdb, 0x20,

    /* U+020E "Ȏ" */
    0x0, 0x6, 0xb9, 0x0, 0x0, 0x0, 0x70, 0x43,
    0x0, 0x0, 0x7d, 0xfe, 0x91, 0x0, 0x9c, 0x20,
    0x18, 0xd1, 0x2f, 0x10, 0x0, 0xb, 0x86, 0xd0,
    0x0, 0x0, 0x7b, 0x6c, 0x0, 0x0, 0x7, 0xb2,
    0xf1, 0x0, 0x0, 0xb8, 0x9, 0xc2, 0x1, 0x8e,
    0x10, 0x7, 0xdf, 0xe9, 0x10,

    /* U+020F "ȏ" */
    0x1, 0xbb, 0x90, 0x0, 0x12, 0x4, 0x0, 0x6,
    0xdd, 0xb2, 0x3, 0xe1, 0x5, 0xd0, 0x89, 0x0,
    0xe, 0x28, 0x90, 0x0, 0xe2, 0x3e, 0x10, 0x5d,
    0x0, 0x6d, 0xdb, 0x20,

    /* U+0210 "Ȑ" */
    0x1, 0xe5, 0xe3, 0x0, 0x0, 0x2, 0x53, 0x50,
    0x0, 0xf, 0xee, 0xee, 0xc2, 0x0, 0xf1, 0x0,
    0x9, 0xb0, 0xf, 0x10, 0x0, 0xaa, 0x0, 0xff,
    0xff, 0xe8, 0x10, 0xf, 0x10, 0x4e, 0x40, 0x0,
    0xf1, 0x0, 0x6e, 0x10, 0xf, 0x10, 0x0, 0xc9,
    0x0, 0xf1, 0x0, 0x3, 0xf3,

    /* U+0211 "ȑ" */
    0x6c, 0x7c, 0x0, 0x71, 0x71, 0x3c, 0xcd, 0x3,
    0xf2, 0x0, 0x3d, 0x0, 0x3, 0xd0, 0x0, 0x3d,
    0x0, 0x3, 0xd0, 0x0,

    /* U+0212 "Ȓ" */
    0x0, 0x2b, 0xb3, 0x0, 0x0, 0x5, 0x11, 0x50,
    0x0, 0xf, 0xee, 0xee, 0xc2, 0x0, 0xf1, 0x0,
    0x9, 0xb0, 0xf, 0x10, 0x0, 0xaa, 0x0, 0xff,
    0xff, 0xe8, 0x10, 0xf, 0x10, 0x4e, 0x40, 0x0,
    0xf1, 0x0, 0x6e, 0x10, 0xf, 0x10, 0x0, 0xc9,
    0x0, 0xf1, 0x0, 0x3, 0xf3,

    /* U+0213 "ȓ" */
    0x2b, 0xb7, 0x2, 0x10, 0x30, 0x3c, 0xcd, 0x3,
    0xf2, 0x0, 0x3d, 0x0, 0x3, 0xd0, 0x0, 0x3d,
    0x0, 0x3, 0xd0, 0x0,

    /* U+0214 "Ȕ" */
    0x0, 0x99, 0xa9, 0x0, 0x0, 0x7, 0x7, 0x0,
    0xf, 0x10, 0x0, 0x7b, 0xf, 0x10, 0x0, 0x7b,
    0xf, 0x10, 0x0, 0x7b, 0xf, 0x10, 0x0, 0x7b,
    0xf, 0x10, 0x0, 0x7b, 0xf, 0x30, 0x0, 0x89,
    0xa, 0xa1, 0x3, 0xe5, 0x1, 0xae, 0xfd, 0x60,

    /* U+0215 "ȕ" */
    0x8, 0xa9, 0xa0, 0x0, 0x70, 0x70, 0x3d, 0x0,
    0x3d, 0x3d, 0x0, 0x3d, 0x3d, 0x0, 0x3d, 0x3d,
    0x0, 0x4d, 0x1f, 0x0, 0x8d, 0x8, 0xdb, 0x8d,

    /* U+0216 "Ȗ" */
    0x0, 0x9, 0xb6, 0x0, 0x0, 0x24, 0x6, 0x0,
    0xf, 0x10, 0x0, 0x7b, 0xf, 0x10, 0x0, 0x7b,
    0xf, 0x10, 0x0, 0x7b, 0xf, 0x10, 0x0, 0x7b,
    0xf, 0x10, 0x0, 0x7b, 0xf, 0x30, 0x0, 0x89,
    0xa, 0xa1, 0x3, 0xe5, 0x1, 0xae, 0xfd, 0x60,

    /* U+0217 "ȗ" */
    0x1, 0xbb, 0x80, 0x1, 0x10, 0x30, 0x3d, 0x0,
    0x3d, 0x3d, 0x0, 0x3d, 0x3d, 0x0, 0x3d, 0x3d,
    0x0, 0x4d, 0x1f, 0x0, 0x8d, 0x8, 0xdb, 0x8d,

    /* U+0218 "Ș" */
    0x3, 0xcf, 0xe7, 0x0, 0xe, 0x71, 0x4e, 0x60,
    0x1f, 0x0, 0x4, 0x90, 0xd, 0x93, 0x0, 0x0,
    0x0, 0x7c, 0xe8, 0x0, 0x0, 0x0, 0x1a, 0xb0,
    0x3e, 0x0, 0x2, 0xf0, 0xd, 0xa2, 0x29, 0xc0,
    0x1, 0xaf, 0xfb, 0x20, 0x0, 0x1, 0x10, 0x0,
    0x0, 0xa, 0x80, 0x0, 0x0, 0x7, 0x40, 0x0,
    0x0, 0x5, 0x0, 0x0,

    /* U+0219 "ș" */
    0x6, 0xef, 0xa0, 0x1f, 0x21, 0xb7, 0x1f, 0x20,
    0x12, 0x6, 0xdd, 0x80, 0x23, 0x2, 0xa8, 0x4e,
    0x21, 0x99, 0x7, 0xef, 0xb1, 0x0, 0x11, 0x0,
    0x0, 0x6c, 0x0, 0x0, 0x38, 0x0, 0x0, 0x41,
    0x0,

    /* U+021A "Ț" */
    0xdf, 0xff, 0xff, 0x71, 0x14, 0xd1, 0x10, 0x0,
    0x3d, 0x0, 0x0, 0x3, 0xd0, 0x0, 0x0, 0x3d,
    0x0, 0x0, 0x3, 0xd0, 0x0, 0x0, 0x3d, 0x0,
    0x0, 0x3, 0xd0, 0x0, 0x0, 0x3d, 0x0, 0x0,
    0x0, 0x20, 0x0, 0x0, 0x4e, 0x0, 0x0, 0x1,
    0x90, 0x0, 0x0, 0x32, 0x0, 0x0,

    /* U+021B "ț" */
    0x3, 0x40, 0x0, 0x69, 0x0, 0x5f, 0xff, 0x40,
    0x69, 0x0, 0x6, 0x90, 0x0, 0x69, 0x0, 0x6,
    0x90, 0x0, 0x5b, 0x0, 0x1, 0xdf, 0x40, 0x1,
    0x10, 0x0, 0xc6, 0x0, 0x9, 0x20, 0x0, 0x50,
    0x0,

    /* U+0237 "ȷ" */
    0x0, 0xd2, 0x0, 0xd2, 0x0, 0xd2, 0x0, 0xd2,
    0x0, 0xd2, 0x0, 0xd2, 0x0, 0xd2, 0x0, 0xe2,
    0xf, 0xb0,

    /* U+1E00 "Ḁ" */
    0x0, 0x0, 0xdb, 0x0, 0x0, 0x0, 0x5, 0x9c,
    0x20, 0x0, 0x0, 0xc, 0x35, 0x90, 0x0, 0x0,
    0x2b, 0x0, 0xd1, 0x0, 0x0, 0x9e, 0xdd, 0xe7,
    0x0, 0x0, 0xe0, 0x0, 0x1e, 0x0, 0x6, 0xa0,
    0x0, 0xc, 0x50, 0xc, 0x50, 0x0, 0x6, 0xc0,
    0x0, 0x0, 0x65, 0x0, 0x0, 0x0, 0x1, 0x87,
    0x0, 0x0,

    /* U+1E01 "ḁ" */
    0x7, 0xdd, 0xd4, 0x2, 0xc0, 0x5, 0xc0, 0x1,
    0x57, 0xbd, 0x3, 0xe8, 0x55, 0xd0, 0x7a, 0x0,
    0x8d, 0x1, 0xca, 0xa7, 0xf0, 0x0, 0x56, 0x0,
    0x0, 0x8, 0x80, 0x0,

    /* U+1E02 "Ḃ" */
    0x0, 0xb, 0x50, 0x0, 0x0, 0x1, 0x0, 0x0,
    0x1f, 0xff, 0xfc, 0x20, 0x1f, 0x0, 0x6, 0xd0,
    0x1f, 0x0, 0x6, 0xd0, 0x1f, 0xff, 0xff, 0x40,
    0x1f, 0x0, 0x4, 0xd0, 0x1f, 0x0, 0x0, 0xd5,
    0x1f, 0x0, 0x4, 0xf3, 0x1f, 0xff, 0xfd, 0x60,

    /* U+1E03 "ḃ" */
    0x0, 0xf, 0x0, 0x0, 0x0, 0x20, 0x0, 0x3d,
    0x0, 0x0, 0x3, 0xd0, 0x0, 0x0, 0x3e, 0xad,
    0xc2, 0x3, 0xf4, 0x5, 0xd0, 0x3d, 0x0, 0xe,
    0x23, 0xd0, 0x0, 0xf1, 0x3f, 0x30, 0x5d, 0x3,
    0xda, 0xdb, 0x20,

    /* U+1E04 "Ḅ" */
    0x1f, 0xff, 0xfc, 0x20, 0x1f, 0x0, 0x6, 0xd0,
    0x1f, 0x0, 0x6, 0xd0, 0x1f, 0xff, 0xff, 0x40,
    0x1f, 0x0, 0x4, 0xd0, 0x1f, 0x0, 0x0, 0xd5,
    0x1f, 0x0, 0x4, 0xf3, 0x1f, 0xff, 0xfd, 0x60,
    0x0, 0x1, 0x0, 0x0, 0x0, 0xc, 0x50, 0x0,

    /* U+1E05 "ḅ" */
    0x3d, 0x0, 0x0, 0x3, 0xd0, 0x0, 0x0, 0x3e,
    0xad, 0xc2, 0x3, 0xf4, 0x5, 0xd0, 0x3d, 0x0,
    0xe, 0x23, 0xd0, 0x0, 0xf1, 0x3f, 0x30, 0x5d,
    0x3, 0xda, 0xdb, 0x20, 0x0, 0x1, 0x0, 0x0,
    0x3, 0xe0, 0x0,

    /* U+1E06 "Ḇ" */
    0x1f, 0xff, 0xfc, 0x20, 0x1f, 0x0, 0x6, 0xd0,
    0x1f, 0x0, 0x6, 0xd0, 0x1f, 0xff, 0xff, 0x40,
    0x1f, 0x0, 0x4, 0xd0, 0x1f, 0x0, 0x0, 0xd5,
    0x1f, 0x0, 0x4, 0xf3, 0x1f, 0xff, 0xfd, 0x60,
    0x0, 0x0, 0x0, 0x0, 0x2, 0xdd, 0xd5, 0x0,

    /* U+1E07 "ḇ" */
    0x3d, 0x0, 0x0, 0x3, 0xd0, 0x0, 0x0, 0x3e,
    0xad, 0xc2, 0x3, 0xf4, 0x5, 0xd0, 0x3d, 0x0,
    0xe, 0x23, 0xd0, 0x0, 0xf1, 0x3f, 0x30, 0x5d,
    0x3, 0xda, 0xdb, 0x20, 0x0, 0x0, 0x0, 0x0,
    0x8d, 0xdd, 0x0,

    /* U+1E08 "Ḉ" */
    0x0, 0x0, 0x37, 0x0, 0x0, 0x0, 0xb, 0x40,
    0x0, 0x0, 0x0, 0x0, 0x0, 0x0, 0x7, 0xde,
    0xe8, 0x0, 0x9, 0xc2, 0x1, 0xba, 0x2, 0xf1,
    0x0, 0x1, 0x60, 0x5d, 0x0, 0x0, 0x0, 0x5,
    0xd0, 0x0, 0x0, 0x0, 0x2f, 0x10, 0x0, 0x1b,
    0x0, 0x9b, 0x10, 0x1b, 0xa0, 0x0, 0x8d, 0xee,
    0x90, 0x0, 0x0, 0x2d, 0x40, 0x0, 0x0, 0xa,
    0xb6, 0x0, 0x0,

    /* U+1E09 "ḉ" */
    0x0, 0xc, 0x60, 0x0, 0x17, 0x0, 0x6, 0xdd,
    0xb1, 0x3e, 0x10, 0x78, 0x79, 0x0, 0x0, 0x79,
    0x0, 0x13, 0x2e, 0x30, 0x99, 0x3, 0xce, 0x80,
    0x0, 0x3c, 0x10, 0x0, 0xac, 0x10,

    /* U+1E0A "Ḋ" */
    0x0, 0x6, 0xa0, 0x0, 0x0, 0x0, 0x11, 0x0,
    0x0, 0xf, 0xff, 0xfd, 0x60, 0x0, 0xf1, 0x0,
    0x3e, 0x50, 0xf, 0x10, 0x0, 0x6d, 0x0, 0xf1,
    0x0, 0x2, 0xf0, 0xf, 0x10, 0x0, 0x2f, 0x0,
    0xf1, 0x0, 0x5, 0xc0, 0xf, 0x10, 0x4, 0xe5,
    0x0, 0xff, 0xff, 0xd6, 0x0,

    /* U+1E0B "ḋ" */
    0x0, 0x4c, 0x0, 0x0, 0x1, 0x0, 0x0, 0x0,
    0x3d, 0x0, 0x0, 0x3d, 0x6, 0xdc, 0x9d, 0x3e,
    0x10, 0x9d, 0x79, 0x0, 0x3d, 0x79, 0x0, 0x2d,
    0x3d, 0x0, 0x7d, 0x6, 0xcb, 0xad,

    /* U+1E0C "Ḍ" */
    0xf, 0xff, 0xfd, 0x60, 0x0, 0xf1, 0x0, 0x3e,
    0x50, 0xf, 0x10, 0x0, 0x6d, 0x0, 0xf1, 0x0,
    0x2, 0xf0, 0xf, 0x10, 0x0, 0x2f, 0x0, 0xf1,
    0x0, 0x5, 0xc0, 0xf, 0x10, 0x4, 0xe5, 0x0,
    0xff, 0xff, 0xd6, 0x0, 0x0, 0x1, 0x10, 0x0,
    0x0, 0x0, 0x88, 0x0, 0x0,

    /* U+1E0D "ḍ" */
    0x0, 0x0, 0x3d, 0x0, 0x0, 0x3d, 0x6, 0xdc,
    0x9d, 0x3e, 0x10, 0x9d, 0x79, 0x0, 0x3d, 0x79,
    0x0, 0x2d, 0x3d, 0x0, 0x7d, 0x6, 0xcb, 0xad,
    0x0, 0x1, 0x0, 0x0, 0x4d, 0x0,

    /* U+1E0E "Ḏ" */
    0xf, 0xff, 0xfd, 0x60, 0x0, 0xf1, 0x0, 0x3e,
    0x50, 0xf, 0x10, 0x0, 0x6d, 0x0, 0xf1, 0x0,
    0x2, 0xf0, 0xf, 0x10, 0x0, 0x2f, 0x0, 0xf1,
    0x0, 0x5, 0xc0, 0xf, 0x10, 0x4, 0xe5, 0x0,
    0xff, 0xff, 0xd6, 0x0, 0x0, 0x0, 0x0, 0x0,
    0x0, 0xb, 0xdd, 0xa0, 0x0,

    /* U+1E0F "ḏ" */
    0x0, 0x0, 0x3d, 0x0, 0x0, 0x3d, 0x6, 0xdc,
    0x9d, 0x3e, 0x10, 0x9d, 0x79, 0x0, 0x3d, 0x79,
    0x0, 0x2d, 0x3d, 0x0, 0x7d, 0x6, 0xcb, 0xad,
    0x0, 0x0, 0x0, 0x8, 0xdd, 0xd0,

    /* U+1E10 "Ḑ" */
    0xf, 0xff, 0xfd, 0x60, 0x0, 0xf1, 0x0, 0x4e,
    0x50, 0xf, 0x10, 0x0, 0x6d, 0x0, 0xf1, 0x0,
    0x2, 0xf0, 0xf, 0x10, 0x0, 0x2f, 0x0, 0xf1,
    0x0, 0x5, 0xd0, 0xf, 0x10, 0x3, 0xe5, 0x0,
    0xff, 0xff, 0xd7, 0x0, 0x0, 0x8, 0x80, 0x0,
    0x0, 0x3, 0xbc, 0x10, 0x0,

    /* U+1E11 "ḑ" */
    0x0, 0x0, 0x3d, 0x0, 0x0, 0x3d, 0x6, 0xdc,
    0x9d, 0x3d, 0x10, 0x9d, 0x79, 0x0, 0x3d, 0x7a,
    0x0, 0x3d, 0x3f, 0x41, 0xad, 0x7, 0xfe, 0x7d,
    0x0, 0x3a, 0x20, 0x0, 0xad, 0x30,

    /* U+1E12 "Ḓ" */
    0xf, 0xff, 0xfd, 0x60, 0x0, 0xf1, 0x0, 0x3e,
    0x50, 0xf, 0x10, 0x0, 0x6d, 0x0, 0xf1, 0x0,
    0x2, 0xf0, 0xf, 0x10, 0x0, 0x2f, 0x0, 0xf1,
    0x0, 0x5, 0xc0, 0xf, 0x10, 0x4, 0xe5, 0x0,
    0xff, 0xff, 0xd6, 0x0, 0x0, 0x3, 0x20, 0x0,
    0x0, 0x7, 0xbc, 0x40, 0x0,

    /* U+1E13 "ḓ" */
    0x0, 0x0, 0x3d, 0x0, 0x0, 0x3d, 0x6, 0xdc,
    0x9d, 0x3e, 0x10, 0x9d, 0x79, 0x0, 0x3d, 0x79,
    0x0, 0x2d, 0x3d, 0x0, 0x7d, 0x6, 0xcb, 0xad,
    0x0, 0x14, 0x0, 0x2, 0xd8, 0xa0,

    /* U+1E14 "Ḕ" */
    0x0, 0x1d, 0x40, 0x0, 0x0, 0x2, 0x50, 0x0,
    0x0, 0xad, 0xda, 0x0, 0x0, 0x0, 0x0, 0x0,
    0xf, 0xff, 0xff, 0xf2, 0xf, 0x10, 0x0, 0x0,
    0xf, 0x10, 0x0, 0x0, 0xf, 0xff, 0xff, 0xd0,
    0xf, 0x10, 0x0, 0x0, 0xf, 0x10, 0x0, 0x0,
    0xf, 0x10, 0x0, 0x0, 0xf, 0xff, 0xff, 0xf5,

    /* U+1E15 "ḕ" */
    0x0, 0xb7, 0x0, 0x0, 0x0, 0x70, 0x0, 0x5,
    0xdd, 0xd3, 0x0, 0x0, 0x0, 0x0, 0x5, 0xcc,
    0xc3, 0x2, 0xd1, 0x2, 0xe0, 0x7e, 0xdd, 0xde,
    0x27, 0xa0, 0x0, 0x20, 0x2f, 0x20, 0x4e, 0x0,
    0x5d, 0xdc, 0x30,

    /* U+1E16 "Ḗ" */
    0x0, 0x2, 0xe2, 0x0, 0x0, 0x4, 0x30, 0x0,
    0x0, 0xad, 0xdb, 0x0, 0x0, 0x0, 0x0, 0x0,
    0xf, 0xff, 0xff, 0xf2, 0xf, 0x10, 0x0, 0x0,
    0xf, 0x10, 0x0, 0x0, 0xf, 0xff, 0xff, 0xd0,
    0xf, 0x10, 0x0, 0x0, 0xf, 0x10, 0x0, 0x0,
    0xf, 0x10, 0x0, 0x0, 0xf, 0xff, 0xff, 0xf5,

    /* U+1E17 "ḗ" */
    0x0, 0xc, 0x70, 0x0, 0x1, 0x60, 0x0, 0x5,
    0xdd, 0xd3, 0x0, 0x0, 0x0, 0x0, 0x5, 0xcc,
    0xc3, 0x2, 0xd1, 0x2, 0xe0, 0x7e, 0xdd, 0xde,
    0x27, 0xa0, 0x0, 0x20, 0x2f, 0x20, 0x4e, 0x0,
    0x5d, 0xdc, 0x30,

    /* U+1E18 "Ḙ" */
    0xf, 0xff, 0xff, 0xf2, 0xf, 0x10, 0x0, 0x0,
    0xf, 0x10, 0x0, 0x0, 0xf, 0xff, 0xff, 0xd0,
    0xf, 0x10, 0x0, 0x0, 0xf, 0x10, 0x0, 0x0,
    0xf, 0x10, 0x0, 0x0, 0xf, 0xff, 0xff, 0xf5,
    0x0, 0x3, 0x30, 0x0, 0x0, 0x4c, 0xa6, 0x0,

    /* U+1E19 "ḙ" */
    0x5, 0xcc, 0xc3, 0x2, 0xd1, 0x2, 0xe0, 0x7e,
    0xdd, 0xde, 0x27, 0xa0, 0x0, 0x20, 0x2f, 0x20,
    0x4e, 0x0, 0x5d, 0xdc, 0x30, 0x0, 0x16, 0x10,
    0x0, 0x1d, 0x7c, 0x0,

    /* U+1E1A "Ḛ" */
    0xf, 0xff, 0xff, 0xf2, 0xf, 0x10, 0x0, 0x0,
    0xf, 0x10, 0x0, 0x0, 0xf, 0xff, 0xff, 0xd0,
    0xf, 0x10, 0x0, 0x0, 0xf, 0x10, 0x0, 0x0,
    0xf, 0x10, 0x0, 0x0, 0xf, 0xff, 0xff, 0xf5,
    0x0, 0x0, 0x0, 0x0, 0x0, 0x7b, 0xca, 0x0,

    /* U+1E1B "ḛ" */
    0x5, 0xcc, 0xc3, 0x2, 0xd1, 0x2, 0xe0, 0x7e,
    0xdd, 0xde, 0x27, 0xa0, 0x0, 0x20, 0x2f, 0x20,
    0x4e, 0x0, 0x5d, 0xdc, 0x30, 0x0, 0x0, 0x0,
    0x0, 0x4b, 0xcc, 0x30,

    /* U+1E1C "Ḝ" */
    0x0, 0x32, 0x6, 0x0, 0x0, 0x1a, 0xb5, 0x0,
    0x0, 0x0, 0x0, 0x0, 0xf, 0xff, 0xff, 0xf2,
    0xf, 0x10, 0x0, 0x0, 0xf, 0x10, 0x0, 0x0,
    0xf, 0xff, 0xff, 0xd0, 0xf, 0x10, 0x0, 0x0,
    0xf, 0x10, 0x0, 0x0, 0xf, 0x10, 0x0, 0x0,
    0xf, 0xff, 0xff, 0xf5, 0x0, 0x4, 0xb1, 0x0,
    0x0, 0xa, 0xc3, 0x0,

    /* U+1E1D "ḝ" */
    0x1, 0x9a, 0x90, 0x0, 0x0, 0x0, 0x0, 0x5,
    0xcc, 0xc3, 0x2, 0xd1, 0x2, 0xe0, 0x7e, 0xdd,
    0xde, 0x27, 0xa0, 0x0, 0x30, 0x2f, 0x40, 0x6d,
    0x0, 0x3a, 0xe9, 0x10, 0x0, 0x1b, 0x50, 0x0,
    0x9, 0xc4, 0x0,

    /* U+1E1E "Ḟ" */
    0x0, 0xb, 0x50, 0x0, 0x0, 0x10, 0x0, 0xf,
    0xff, 0xff, 0xb0, 0xf1, 0x0, 0x0, 0xf, 0x10,
    0x0, 0x0, 0xff, 0xff, 0xf2, 0xf, 0x10, 0x0,
    0x0, 0xf1, 0x0, 0x0, 0xf, 0x10, 0x0, 0x0,
    0xf1, 0x0, 0x0,

    /* U+1E1F "ḟ" */
    0x4, 0xc0, 0x0, 0x20, 0x9, 0xf9, 0xf, 0x20,
    0xbf, 0xc3, 0xf, 0x10, 0xf, 0x10, 0xf, 0x10,
    0xf, 0x10, 0xf, 0x10,

    /* U+1E20 "Ḡ" */
    0x0, 0x3e, 0xee, 0x0, 0x0, 0x0, 0x0, 0x0,
    0x0, 0x0, 0x0, 0x0, 0x0, 0x7d, 0xfd, 0x50,
    0x8, 0xc3, 0x14, 0xe4, 0x1f, 0x10, 0x0, 0x47,
    0x5b, 0x0, 0x0, 0x0, 0x6a, 0x0, 0x9f, 0xfb,
    0x5b, 0x0, 0x12, 0x4c, 0x1f, 0x10, 0x0, 0x8d,
    0x9, 0xc3, 0x16, 0xcc, 0x0, 0x8e, 0xfb, 0x1c,

    /* U+1E21 "ḡ" */
    0x3, 0xee, 0xe0, 0x0, 0x0, 0x0, 0x0, 0x5,
    0xdf, 0x9c, 0x22, 0xf4, 0x18, 0xf2, 0x6a, 0x0,
    0xf, 0x26, 0xa0, 0x0, 0xe2, 0x2e, 0x20, 0x6f,
    0x20, 0x6f, 0xfa, 0xd2, 0x14, 0x1, 0xe, 0x20,
    0xe5, 0x16, 0xe0, 0x3, 0xdf, 0xd3, 0x0,

    /* U+1E22 "Ḣ" */
    0x0, 0x1, 0xf0, 0x0, 0x0, 0x0, 0x20, 0x0,
    0xf, 0x10, 0x0, 0x7b, 0xf, 0x10, 0x0, 0x7b,
    0xf, 0x10, 0x0, 0x7b, 0xf, 0xff, 0xff, 0xfb,
    0xf, 0x10, 0x0, 0x7b, 0xf, 0x10, 0x0, 0x7b,
    0xf, 0x10, 0x0, 0x7b, 0xf, 0x10, 0x0, 0x7b,

    /* U+1E23 "ḣ" */
    0x2e, 0x0, 0x0, 0x2, 0x0, 0x0, 0x3d, 0x0,
    0x0, 0x3d, 0x0, 0x0, 0x3e, 0xad, 0xd4, 0x3f,
    0x40, 0x6c, 0x3e, 0x0, 0x2e, 0x3d, 0x0, 0x2e,
    0x3d, 0x0, 0x2e, 0x3d, 0x0, 0x2e,

    /* U+1E24 "Ḥ" */
    0xf, 0x10, 0x0, 0x7b, 0xf, 0x10, 0x0, 0x7b,
    0xf, 0x10, 0x0, 0x7b, 0xf, 0xff, 0xff, 0xfb,
    0xf, 0x10, 0x0, 0x7b, 0xf, 0x10, 0x0, 0x7b,
    0xf, 0x10, 0x0, 0x7b, 0xf, 0x10, 0x0, 0x7b,
    0x0, 0x0, 0x10, 0x0, 0x0, 0x1, 0xf0, 0x0,

    /* U+1E25 "ḥ" */
    0x3d, 0x0, 0x0, 0x3d, 0x0, 0x0, 0x3e, 0xad,
    0xd4, 0x3f, 0x40, 0x6c, 0x3e, 0x0, 0x2e, 0x3d,
    0x0, 0x2e, 0x3d, 0x0, 0x2e, 0x3d, 0x0, 0x2e,
    0x0, 0x1, 0x0, 0x0, 0x2f, 0x0,

    /* U+1E26 "Ḧ" */
    0x0, 0x4c, 0x1f, 0x0, 0x0, 0x1, 0x2, 0x0,
    0xf, 0x10, 0x0, 0x7b, 0xf, 0x10, 0x0, 0x7b,
    0xf, 0x10, 0x0, 0x7b, 0xf, 0xff, 0xff, 0xfb,
    0xf, 0x10, 0x0, 0x7b, 0xf, 0x10, 0x0, 0x7b,
    0xf, 0x10, 0x0, 0x7b, 0xf, 0x10, 0x0, 0x7b,

    /* U+1E27 "ḧ" */
    0x3, 0xd1, 0xf0, 0x0, 0x20, 0x20, 0x3d, 0x0,
    0x0, 0x3d, 0x0, 0x0, 0x3e, 0xad, 0xd4, 0x3f,
    0x40, 0x6c, 0x3e, 0x0, 0x2e, 0x3d, 0x0, 0x2e,
    0x3d, 0x0, 0x2e, 0x3d, 0x0, 0x2e,

    /* U+1E28 "Ḩ" */
    0xf, 0x10, 0x0, 0x7b, 0xf, 0x10, 0x0, 0x7b,
    0xf, 0x10, 0x0, 0x7b, 0xf, 0xff, 0xff, 0xfb,
    0xf, 0x10, 0x0, 0x7b, 0xf, 0x10, 0x0, 0x7b,
    0xf, 0x10, 0x0, 0x7b, 0xf, 0x10, 0x0, 0x7b,
    0xa, 0x50, 0x0, 0x0, 0x6c, 0x80, 0x0, 0x0,

    /* U+1E29 "ḩ" */
    0x3d, 0x0, 0x0, 0x3d, 0x0, 0x0, 0x3e, 0xad,
    0xd4, 0x3f, 0x40, 0x6c, 0x3e, 0x0, 0x2e, 0x3d,
    0x0, 0x2e, 0x3d, 0x0, 0x2e, 0x3d, 0x0, 0x2e,
    0x2b, 0x30, 0x0, 0xac, 0x50, 0x0,

    /* U+1E2A "Ḫ" */
    0xf, 0x10, 0x0, 0x7b, 0xf, 0x10, 0x0, 0x7b,
    0xf, 0x10, 0x0, 0x7b, 0xf, 0xff, 0xff, 0xfb,
    0xf, 0x10, 0x0, 0x7b, 0xf, 0x10, 0x0, 0x7b,
    0xf, 0x10, 0x0, 0x7b, 0xf, 0x10, 0x0, 0x7b,
    0x0, 0x12, 0x3, 0x0, 0x0, 0x1b, 0xb9, 0x0,

    /* U+1E2B "ḫ" */
    0x3d, 0x0, 0x0, 0x3d, 0x0, 0x0, 0x3e, 0xad,
    0xd4, 0x3f, 0x40, 0x6c, 0x3e, 0x0, 0x2e, 0x3d,
    0x0, 0x2e, 0x3d, 0x0, 0x2e, 0x3d, 0x0, 0x2e,
    0x1, 0x20, 0x30, 0x1, 0xbb, 0x80,

    /* U+1E2C "Ḭ" */
    0x0, 0xe4, 0x0, 0xe, 0x40, 0x0, 0xe4, 0x0,
    0xe, 0x40, 0x0, 0xe4, 0x0, 0xe, 0x40, 0x0,
    0xe4, 0x0, 0xe, 0x40, 0x0, 0x0, 0x2, 0xbb,
    0xc5,

    /* U+1E2D "ḭ" */
    0x3, 0xd0, 0x0, 0x1, 0x0, 0x3, 0xd0, 0x0,
    0x3d, 0x0, 0x3, 0xd0, 0x0, 0x3d, 0x0, 0x3,
    0xd0, 0x0, 0x3d, 0x0, 0x0, 0x0, 0x6, 0xbc,
    0xb1,

    /* U+1E2E "Ḯ" */
    0x7, 0xb0, 0x7, 0x10, 0xe1, 0xc4, 0x20, 0x10,
    0xe, 0x40, 0xe, 0x40, 0xe, 0x40, 0xe, 0x40,
    0xe, 0x40, 0xe, 0x40, 0xe, 0x40, 0xe, 0x40,

    /* U+1E2F "ḯ" */
    0x7, 0xb0, 0x7, 0x10, 0xf2, 0xc5, 0x10, 0x10,
    0xd, 0x30, 0xd, 0x30, 0xd, 0x30, 0xd, 0x30,
    0xd, 0x30, 0xd, 0x30,

    /* U+1E30 "Ḱ" */
    0x0, 0x6, 0xc0, 0x0, 0x0, 0x6, 0x10, 0x0,
    0x2f, 0x0, 0x4, 0xe4, 0x2f, 0x0, 0x5e, 0x30,
    0x2f, 0x6, 0xd2, 0x0, 0x2f, 0x7f, 0x70, 0x0,
    0x2f, 0xc4, 0xf3, 0x0, 0x2f, 0x0, 0x6e, 0x10,
    0x2f, 0x0, 0xa, 0xc0, 0x2f, 0x0, 0x0, 0xd9,

    /* U+1E31 "ḱ" */
    0x0, 0xe4, 0x0, 0x2, 0x50, 0x0, 0x3d, 0x0,
    0x0, 0x3d, 0x0, 0x0, 0x3d, 0x3, 0xe3, 0x3d,
    0x3d, 0x30, 0x3f, 0xf9, 0x0, 0x3e, 0x3e, 0x30,
    0x3d, 0x5, 0xd0, 0x3d, 0x0, 0xa9,

    /* U+1E32 "Ḳ" */
    0x2f, 0x0, 0x4, 0xe4, 0x2f, 0x0, 0x5e, 0x30,
    0x2f, 0x6, 0xd2, 0x0, 0x2f, 0x7f, 0x70, 0x0,
    0x2f, 0xc4, 0xf3, 0x0, 0x2f, 0x0, 0x6e, 0x10,
    0x2f, 0x0, 0xa, 0xc0, 0x2f, 0x0, 0x0, 0xd9,
    0x0, 0x1, 0x0, 0x0, 0x0, 0xa, 0x70, 0x0,

    /* U+1E33 "ḳ" */
    0x3d, 0x0, 0x0, 0x3d, 0x0, 0x0, 0x3d, 0x3,
    0xe3, 0x3d, 0x3d, 0x30, 0x3f, 0xf9, 0x0, 0x3e,
    0x3e, 0x30, 0x3d, 0x5, 0xd0, 0x3d, 0x0, 0xa9,
    0x0, 0x1, 0x0, 0x0, 0x79, 0x0,

    /* U+1E34 "Ḵ" */
    0x2f, 0x0, 0x4, 0xe4, 0x2f, 0x0, 0x5e, 0x30,
    0x2f, 0x6, 0xd2, 0x0, 0x2f, 0x7f, 0x70, 0x0,
    0x2f, 0xc4, 0xf3, 0x0, 0x2f, 0x0, 0x6e, 0x10,
    0x2f, 0x0, 0xa, 0xc0, 0x2f, 0x0, 0x0, 0xd9,
    0x0, 0x0, 0x0, 0x0, 0x0, 0x9d, 0xdc, 0x0,

    /* U+1E35 "ḵ" */
    0x3d, 0x0, 0x0, 0x3d, 0x0, 0x0, 0x3d, 0x3,
    0xe3, 0x3d, 0x3d, 0x30, 0x3f, 0xf9, 0x0, 0x3e,
    0x3e, 0x30, 0x3d, 0x5, 0xd0, 0x3d, 0x0, 0xa9,
    0x0, 0x0, 0x0, 0x7, 0xdd, 0xd0,

    /* U+1E36 "Ḷ" */
    0x1f, 0x0, 0x0, 0x1, 0xf0, 0x0, 0x0, 0x1f,
    0x0, 0x0, 0x1, 0xf0, 0x0, 0x0, 0x1f, 0x0,
    0x0, 0x1, 0xf0, 0x0, 0x0, 0x1f, 0x0, 0x0,
    0x1, 0xff, 0xff, 0xf4, 0x0, 0x2, 0x0, 0x0,
    0x0, 0xf1, 0x0,

    /* U+1E37 "ḷ" */
    0x3d, 0x3d, 0x3d, 0x3d, 0x3d, 0x3d, 0x3d, 0x3d,
    0x1, 0x2e,

    /* U+1E38 "Ḹ" */
    0x4, 0xdd, 0xd4, 0x0, 0x0, 0x0, 0x0, 0x1f,
    0x0, 0x0, 0x1, 0xf0, 0x0, 0x0, 0x1f, 0x0,
    0x0, 0x1, 0xf0, 0x0, 0x0, 0x1f, 0x0, 0x0,
    0x1, 0xf0, 0x0, 0x0, 0x1f, 0x0, 0x0, 0x1,
    0xff, 0xff, 0xf4, 0x0, 0x2, 0x0, 0x0, 0x0,
    0xf1, 0x0,

    /* U+1E39 "ḹ" */
    0x6d, 0xdd, 0x20, 0x0, 0x0, 0x3, 0xd0, 0x0,
    0x3d, 0x0, 0x3, 0xd0, 0x0, 0x3d, 0x0, 0x3,
    0xd0, 0x0, 0x3d, 0x0, 0x3, 0xd0, 0x0, 0x3d,
    0x0, 0x0, 0x10, 0x0, 0x2e, 0x0,

    /* U+1E3A "Ḻ" */
    0x1f, 0x0, 0x0, 0x1, 0xf0, 0x0, 0x0, 0x1f,
    0x0, 0x0, 0x1, 0xf0, 0x0, 0x0, 0x1f, 0x0,
    0x0, 0x1, 0xf0, 0x0, 0x0, 0x1f, 0x0, 0x0,
    0x1, 0xff, 0xff, 0xf4, 0x0, 0x0, 0x0, 0x0,
    0x3d, 0xdd, 0x40,

    /* U+1E3B "ḻ" */
    0x3, 0xd0, 0x0, 0x3d, 0x0, 0x3, 0xd0, 0x0,
    0x3d, 0x0, 0x3, 0xd0, 0x0, 0x3d, 0x0, 0x3,
    0xd0, 0x0, 0x3d, 0x0, 0x0, 0x0, 0x6, 0xdd,
    0xd1,

    /* U+1E3C "Ḽ" */
    0x1f, 0x0, 0x0, 0x1, 0xf0, 0x0, 0x0, 0x1f,
    0x0, 0x0, 0x1, 0xf0, 0x0, 0x0, 0x1f, 0x0,
    0x0, 0x1, 0xf0, 0x0, 0x0, 0x1f, 0x0, 0x0,
    0x1, 0xff, 0xff, 0xf4, 0x0, 0x4, 0x10, 0x0,
    0xb, 0x8c, 0x10,

    /* U+1E3D "ḽ" */
    0x3, 0xd0, 0x0, 0x3d, 0x0, 0x3, 0xd0, 0x0,
    0x3d, 0x0, 0x3, 0xd0, 0x0, 0x3d, 0x0, 0x3,
    0xd0, 0x0, 0x3d, 0x0, 0x1, 0x40, 0x1, 0xd8,
    0xb0,

    /* U+1E3E "Ḿ" */
    0x0, 0x0, 0x1e, 0x30, 0x0, 0x0, 0x0, 0x34,
    0x0, 0x0, 0x1f, 0xc0, 0x0, 0x9, 0xf1, 0x1f,
    0xd2, 0x0, 0xd, 0xf1, 0x1f, 0x78, 0x0, 0x58,
    0xf1, 0x1f, 0x2d, 0x0, 0xb2, 0xf1, 0x1f, 0xc,
    0x31, 0xc0, 0xf1, 0x1f, 0x6, 0x97, 0x60, 0xf1,
    0x1f, 0x1, 0xec, 0x10, 0xf1, 0x1f, 0x0, 0xbb,
    0x0, 0xf1,

    /* U+1E3F "ḿ" */
    0x0, 0x0, 0xd, 0x50, 0x0, 0x0, 0x0, 0x26,
    0x0, 0x0, 0x3c, 0xab, 0xc5, 0xac, 0x90, 0x3f,
    0x20, 0x9c, 0x0, 0xe2, 0x3d, 0x0, 0x88, 0x0,
    0xd3, 0x3d, 0x0, 0x88, 0x0, 0xd3, 0x3d, 0x0,
    0x88, 0x0, 0xd3, 0x3d, 0x0, 0x88, 0x0, 0xd3,

    /* U+1E40 "Ṁ" */
    0x0, 0x0, 0x78, 0x0, 0x0, 0x0, 0x0, 0x11,
    0x0, 0x0, 0x1f, 0xc0, 0x0, 0x9, 0xf1, 0x1f,
    0xd2, 0x0, 0xd, 0xf1, 0x1f, 0x78, 0x0, 0x58,
    0xf1, 0x1f, 0x2d, 0x0, 0xb2, 0xf1, 0x1f, 0xc,
    0x31, 0xc0, 0xf1, 0x1f, 0x6, 0x97, 0x60, 0xf1,
    0x1f, 0x1, 0xec, 0x10, 0xf1, 0x1f, 0x0, 0xbb,
    0x0, 0xf1,

    /* U+1E41 "ṁ" */
    0x0, 0x0, 0x6a, 0x0, 0x0, 0x0, 0x0, 0x1,
    0x0, 0x0, 0x3c, 0xab, 0xc5, 0xac, 0x90, 0x3f,
    0x20, 0x9c, 0x0, 0xe2, 0x3d, 0x0, 0x88, 0x0,
    0xd3, 0x3d, 0x0, 0x88, 0x0, 0xd3, 0x3d, 0x0,
    0x88, 0x0, 0xd3, 0x3d, 0x0, 0x88, 0x0, 0xd3,

    /* U+1E42 "Ṃ" */
    0x1f, 0xc0, 0x0, 0x9, 0xf1, 0x1f, 0xd2, 0x0,
    0xd, 0xf1, 0x1f, 0x78, 0x0, 0x58, 0xf1, 0x1f,
    0x2d, 0x0, 0xb2, 0xf1, 0x1f, 0xc, 0x31, 0xc0,
    0xf1, 0x1f, 0x6, 0x97, 0x60, 0xf1, 0x1f, 0x1,
    0xec, 0x10, 0xf1, 0x1f, 0x0, 0xbb, 0x0, 0xf1,
    0x0, 0x0, 0x1, 0x0, 0x0, 0x0, 0x0, 0x7a,
    0x0, 0x0,

    /* U+1E43 "ṃ" */
    0x3c, 0xab, 0xc5, 0xac, 0x90, 0x3f, 0x20, 0x9c,
    0x0, 0xe2, 0x3d, 0x0, 0x88, 0x0, 0xd3, 0x3d,
    0x0, 0x88, 0x0, 0xd3, 0x3d, 0x0, 0x88, 0x0,
    0xd3, 0x3d, 0x0, 0x88, 0x0, 0xd3, 0x0, 0x0,
    0x1, 0x0, 0x0, 0x0, 0x0, 0x7a, 0x0, 0x0,

    /* U+1E44 "Ṅ" */
    0x0, 0x1, 0xf0, 0x0, 0x0, 0x0, 0x20, 0x0,
    0xf, 0x70, 0x0, 0x6b, 0xf, 0xf3, 0x0, 0x6b,
    0xf, 0x6d, 0x0, 0x6b, 0xf, 0xa, 0x90, 0x6b,
    0xf, 0x1, 0xe5, 0x6b, 0xf, 0x0, 0x4e, 0x7b,
    0xf, 0x0, 0x8, 0xfb, 0xf, 0x0, 0x0, 0xcb,

    /* U+1E45 "ṅ" */
    0x0, 0xe, 0x20, 0x0, 0x1, 0x0, 0x3d, 0xab,
    0xc4, 0x3f, 0x30, 0x5c, 0x3e, 0x0, 0x2e, 0x3e,
    0x0, 0x2e, 0x3e, 0x0, 0x2e, 0x3e, 0x0, 0x2e,

    /* U+1E46 "Ṇ" */
    0xf, 0x70, 0x0, 0x6b, 0xf, 0xf3, 0x0, 0x6b,
    0xf, 0x6d, 0x0, 0x6b, 0xf, 0xa, 0x90, 0x6b,
    0xf, 0x1, 0xe5, 0x6b, 0xf, 0x0, 0x4e, 0x7b,
    0xf, 0x0, 0x8, 0xfb, 0xf, 0x0, 0x0, 0xcb,
    0x0, 0x0, 0x10, 0x0, 0x0, 0x1, 0xf0, 0x0,

    /* U+1E47 "ṇ" */
    0x3d, 0xab, 0xc4, 0x3f, 0x30, 0x5c, 0x3e, 0x0,
    0x2e, 0x3e, 0x0, 0x2e, 0x3e, 0x0, 0x2e, 0x3e,
    0x0, 0x2e, 0x0, 0x2, 0x0, 0x0, 0x1f, 0x0,

    /* U+1E48 "Ṉ" */
    0xf, 0x70, 0x0, 0x6b, 0xf, 0xf3, 0x0, 0x6b,
    0xf, 0x6d, 0x0, 0x6b, 0xf, 0xa, 0x90, 0x6b,
    0xf, 0x1, 0xe5, 0x6b, 0xf, 0x0, 0x4e, 0x7b,
    0xf, 0x0, 0x8, 0xfb, 0xf, 0x0, 0x0, 0xcb,
    0x0, 0x0, 0x0, 0x0, 0x0, 0x6d, 0xdd, 0x20,

    /* U+1E49 "ṉ" */
    0x3d, 0xab, 0xc4, 0x3f, 0x30, 0x5c, 0x3e, 0x0,
    0x2e, 0x3e, 0x0, 0x2e, 0x3e, 0x0, 0x2e, 0x3e,
    0x0, 0x2e, 0x0, 0x0, 0x0, 0x6, 0xdd, 0xd2,

    /* U+1E4A "Ṋ" */
    0xf, 0x70, 0x0, 0x6b, 0xf, 0xf3, 0x0, 0x6b,
    0xf, 0x6d, 0x0, 0x6b, 0xf, 0xa, 0x90, 0x6b,
    0xf, 0x1, 0xe5, 0x6b, 0xf, 0x0, 0x4e, 0x7b,
    0xf, 0x0, 0x8, 0xfb, 0xf, 0x0, 0x0, 0xcb,
    0x0, 0x1, 0x40, 0x0, 0x0, 0xc, 0x8c, 0x10,

    /* U+1E4B "ṋ" */
    0x3d, 0xab, 0xc4, 0x3f, 0x30, 0x5c, 0x3e, 0x0,
    0x2e, 0x3e, 0x0, 0x2e, 0x3e, 0x0, 0x2e, 0x3e,
    0x0, 0x2e, 0x0, 0x14, 0x0, 0x2, 0xd8, 0xa0,

    /* U+1E4C "Ṍ" */
    0x0, 0x0, 0x7b, 0x0, 0x0, 0x0, 0x7, 0x10,
    0x0, 0x0, 0x1a, 0xbb, 0x40, 0x0, 0x0, 0x0,
    0x0, 0x0, 0x0, 0x7d, 0xfe, 0x91, 0x0, 0x9c,
    0x20, 0x18, 0xd1, 0x2f, 0x10, 0x0, 0xb, 0x86,
    0xd0, 0x0, 0x0, 0x7b, 0x6c, 0x0, 0x0, 0x7,
    0xb2, 0xf1, 0x0, 0x0, 0xb8, 0x9, 0xc2, 0x1,
    0x8e, 0x10, 0x7, 0xdf, 0xe9, 0x10,

    /* U+1E4D "ṍ" */
    0x0, 0x5, 0x50, 0x0, 0x1, 0xd1, 0x0, 0x0,
    0x0, 0x0, 0x0, 0x5b, 0xbb, 0x10, 0x0, 0x0,
    0x0, 0x0, 0x6d, 0xdb, 0x20, 0x3e, 0x10, 0x5d,
    0x8, 0x90, 0x0, 0xe2, 0x89, 0x0, 0xe, 0x23,
    0xe1, 0x5, 0xd0, 0x6, 0xdd, 0xb2, 0x0,

    /* U+1E4E "Ṏ" */
    0x0, 0xe, 0x1c, 0x40, 0x0, 0x0, 0x20, 0x10,
    0x0, 0x0, 0x1a, 0xbb, 0x40, 0x0, 0x0, 0x0,
    0x0, 0x0, 0x0, 0x7d, 0xfe, 0x91, 0x0, 0x9c,
    0x20, 0x18, 0xd1, 0x2f, 0x10, 0x0, 0xb, 0x86,
    0xd0, 0x0, 0x0, 0x7b, 0x6c, 0x0, 0x0, 0x7,
    0xb2, 0xf1, 0x0, 0x0, 0xb8, 0x9, 0xc2, 0x1,
    0x8e, 0x10, 0x7, 0xdf, 0xe9, 0x10,

    /* U+1E4F "ṏ" */
    0x4, 0xc1, 0xf0, 0x0, 0x2, 0x2, 0x0, 0x5,
    0xbb, 0xb1, 0x0, 0x0, 0x0, 0x0, 0x6, 0xdd,
    0xb2, 0x3, 0xe1, 0x5, 0xd0, 0x89, 0x0, 0xe,
    0x28, 0x90, 0x0, 0xe2, 0x3e, 0x10, 0x5d, 0x0,
    0x6d, 0xdb, 0x20,

    /* U+1E50 "Ṑ" */
    0x0, 0x4, 0xe0, 0x0, 0x0, 0x0, 0x5, 0x30,
    0x0, 0x0, 0x1d, 0xdd, 0x70, 0x0, 0x0, 0x0,
    0x0, 0x0, 0x0, 0x7d, 0xfe, 0x91, 0x0, 0x9c,
    0x20, 0x18, 0xd1, 0x2f, 0x10, 0x0, 0xb, 0x86,
    0xd0, 0x0, 0x0, 0x7b, 0x6c, 0x0, 0x0, 0x7,
    0xb2, 0xf1, 0x0, 0x0, 0xb8, 0x9, 0xc2, 0x1,
    0x8e, 0x10, 0x7, 0xdf, 0xe9, 0x10,

    /* U+1E51 "ṑ" */
    0x0, 0xb7, 0x0, 0x0, 0x0, 0x70, 0x0, 0x7,
    0xdd, 0xd1, 0x0, 0x0, 0x0, 0x0, 0x6, 0xdd,
    0xb2, 0x3, 0xe1, 0x5, 0xd0, 0x89, 0x0, 0xe,
    0x28, 0x90, 0x0, 0xe2, 0x3e, 0x10, 0x5d, 0x0,
    0x6d, 0xdb, 0x20,

    /* U+1E52 "Ṓ" */
    0x0, 0x0, 0x7b, 0x0, 0x0, 0x0, 0x7, 0x10,
    0x0, 0x0, 0x1d, 0xdd, 0x70, 0x0, 0x0, 0x0,
    0x0, 0x0, 0x0, 0x7d, 0xfe, 0x91, 0x0, 0x9c,
    0x20, 0x18, 0xd1, 0x2f, 0x10, 0x0, 0xb, 0x86,
    0xd0, 0x0, 0x0, 0x7b, 0x6c, 0x0, 0x0, 0x7,
    0xb2, 0xf1, 0x0, 0x0, 0xb8, 0x9, 0xc2, 0x1,
    0x8e, 0x10, 0x7, 0xdf, 0xe9, 0x10,

    /* U+1E53 "ṓ" */
    0x0, 0xc, 0x70, 0x0, 0x1, 0x60, 0x0, 0x7,
    0xdd, 0xd1, 0x0, 0x0, 0x0, 0x0, 0x6, 0xdd,
    0xb2, 0x3, 0xe1, 0x5, 0xd0, 0x89, 0x0, 0xe,
    0x28, 0x90, 0x0, 0xe2, 0x3e, 0x10, 0x5d, 0x0,
    0x6d, 0xdb, 0x20,

    /* U+1E54 "Ṕ" */
    0x0, 0x4, 0xe1, 0x0, 0x0, 0x5, 0x20, 0x0,
    0x1f, 0xff, 0xfe, 0x70, 0x1f, 0x10, 0x2, 0xf3,
    0x1f, 0x10, 0x0, 0xb6, 0x1f, 0x10, 0x4, 0xf3,
    0x1f, 0xff, 0xfd, 0x50, 0x1f, 0x10, 0x0, 0x0,
    0x1f, 0x10, 0x0, 0x0, 0x1f, 0x10, 0x0, 0x0,

    /* U+1E55 "ṕ" */
    0x0, 0xc, 0x70, 0x0, 0x1, 0x70, 0x0, 0x3d,
    0xac, 0xc2, 0x3, 0xf4, 0x4, 0xd0, 0x3d, 0x0,
    0xe, 0x23, 0xd0, 0x0, 0xe2, 0x3f, 0x30, 0x5d,
    0x3, 0xea, 0xdb, 0x20, 0x3e, 0x0, 0x0, 0x3,
    0xe0, 0x0, 0x0,

    /* U+1E56 "Ṗ" */
    0x0, 0xb, 0x50, 0x0, 0x0, 0x1, 0x0, 0x0,
    0x1f, 0xff, 0xfe, 0x70, 0x1f, 0x10, 0x2, 0xf3,
    0x1f, 0x10, 0x0, 0xb6, 0x1f, 0x10, 0x4, 0xf3,
    0x1f, 0xff, 0xfd, 0x50, 0x1f, 0x10, 0x0, 0x0,
    0x1f, 0x10, 0x0, 0x0, 0x1f, 0x10, 0x0, 0x0,

    /* U+1E57 "ṗ" */
    0x0, 0x1f, 0x0, 0x0, 0x0, 0x10, 0x0, 0x3d,
    0xac, 0xc2, 0x3, 0xf4, 0x4, 0xd0, 0x3d, 0x0,
    0xe, 0x23, 0xd0, 0x0, 0xe2, 0x3f, 0x30, 0x5d,
    0x3, 0xea, 0xdb, 0x20, 0x3e, 0x0, 0x0, 0x3,
    0xe0, 0x0, 0x0,

    /* U+1E58 "Ṙ" */
    0x0, 0x5, 0xb0, 0x0, 0x0, 0x0, 0x1, 0x0,
    0x0, 0xf, 0xee, 0xee, 0xc2, 0x0, 0xf1, 0x0,
    0x9, 0xb0, 0xf, 0x10, 0x0, 0xaa, 0x0, 0xff,
    0xff, 0xe8, 0x10, 0xf, 0x10, 0x4e, 0x40, 0x0,
    0xf1, 0x0, 0x6e, 0x10, 0xf, 0x10, 0x0, 0xc9,
    0x0, 0xf1, 0x0, 0x3, 0xf3,

    /* U+1E59 "ṙ" */
    0x8, 0x80, 0x0, 0x11, 0x0, 0x3c, 0xcd, 0x3,
    0xf2, 0x0, 0x3d, 0x0, 0x3, 0xd0, 0x0, 0x3d,
    0x0, 0x3, 0xd0, 0x0,

    /* U+1E5A "Ṛ" */
    0xf, 0xee, 0xee, 0xc2, 0x0, 0xf1, 0x0, 0x9,
    0xb0, 0xf, 0x10, 0x0, 0xaa, 0x0, 0xff, 0xff,
    0xe8, 0x10, 0xf, 0x10, 0x4e, 0x40, 0x0, 0xf1,
    0x0, 0x6e, 0x10, 0xf, 0x10, 0x0, 0xc9, 0x0,
    0xf1, 0x0, 0x3, 0xf3, 0x0, 0x0, 0x10, 0x0,
    0x0, 0x0, 0x4c, 0x0, 0x0,

    /* U+1E5B "ṛ" */
    0x3c, 0xcd, 0x3, 0xf2, 0x0, 0x3d, 0x0, 0x3,
    0xd0, 0x0, 0x3d, 0x0, 0x3, 0xd0, 0x0, 0x1,
    0x10, 0x0, 0x89, 0x0,

    /* U+1E5C "Ṝ" */
    0x0, 0x9d, 0xdc, 0x0, 0x0, 0x0, 0x0, 0x0,
    0x0, 0xf, 0xee, 0xee, 0xc2, 0x0, 0xf1, 0x0,
    0x9, 0xb0, 0xf, 0x10, 0x0, 0xaa, 0x0, 0xff,
    0xff, 0xe8, 0x10, 0xf, 0x10, 0x4e, 0x40, 0x0,
    0xf1, 0x0, 0x6e, 0x10, 0xf, 0x10, 0x0, 0xc9,
    0x0, 0xf1, 0x0, 0x3, 0xf3, 0x0, 0x0, 0x10,
    0x0, 0x0, 0x0, 0x4c, 0x0, 0x0,

    /* U+1E5D "ṝ" */
    0xad, 0xda, 0x0, 0x0, 0x0, 0x3c, 0xcd, 0x3,
    0xf2, 0x0, 0x3d, 0x0, 0x3, 0xd0, 0x0, 0x3d,
    0x0, 0x3, 0xd0, 0x0, 0x1, 0x10, 0x0, 0x89,
    0x0,

    /* U+1E5E "Ṟ" */
    0xf, 0xee, 0xee, 0xc2, 0x0, 0xf1, 0x0, 0x9,
    0xb0, 0xf, 0x10, 0x0, 0xaa, 0x0, 0xff, 0xff,
    0xe8, 0x10, 0xf, 0x10, 0x4e, 0x40, 0x0, 0xf1,
    0x0, 0x6e, 0x10, 0xf, 0x10, 0x0, 0xc9, 0x0,
    0xf1, 0x0, 0x3, 0xf3, 0x0, 0x0, 0x0, 0x0,
    0x0, 0x4, 0xdd, 0xd3, 0x0,

    /* U+1E5F "ṟ" */
    0x3c, 0xcd, 0x3, 0xf2, 0x0, 0x3d, 0x0, 0x3,
    0xd0, 0x0, 0x3d, 0x0, 0x3, 0xd0, 0x0, 0x0,
    0x0, 0xc, 0xdd, 0x90,

    /* U+1E60 "Ṡ" */
    0x0, 0xb, 0x50, 0x0, 0x0, 0x1, 0x0, 0x0,
    0x3, 0xcf, 0xeb, 0x20, 0xe, 0x50, 0x7, 0xd0,
    0xf, 0x20, 0x0, 0x60, 0x6, 0xec, 0x84, 0x0,
    0x0, 0x3, 0x7c, 0xc0, 0x38, 0x0, 0x0, 0xd5,
    0x2e, 0x60, 0x4, 0xe2, 0x3, 0xbe, 0xfc, 0x40,

    /* U+1E61 "ṡ" */
    0x0, 0x89, 0x0, 0x0, 0x11, 0x0, 0xa, 0xdd,
    0x80, 0x6a, 0x0, 0x91, 0x2e, 0xb7, 0x20, 0x0,
    0x48, 0xe4, 0x7a, 0x0, 0xb7, 0xa, 0xdd, 0xa0,

    /* U+1E62 "Ṣ" */
    0x3, 0xcf, 0xeb, 0x20, 0xe, 0x50, 0x7, 0xd0,
    0xf, 0x20, 0x0, 0x60, 0x6, 0xec, 0x84, 0x0,
    0x0, 0x3, 0x7c, 0xc0, 0x38, 0x0, 0x0, 0xd5,
    0x2e, 0x60, 0x4, 0xe2, 0x3, 0xbe, 0xfc, 0x40,
    0x0, 0x1, 0x10, 0x0, 0x0, 0x8, 0x80, 0x0,

    /* U+1E63 "ṣ" */
    0xa, 0xdd, 0x80, 0x6a, 0x0, 0x91, 0x2e, 0xb7,
    0x20, 0x0, 0x48, 0xe4, 0x7a, 0x0, 0xb7, 0xa,
    0xdd, 0xa0, 0x0, 0x11, 0x0, 0x0, 0x98, 0x0,

    /* U+1E64 "Ṥ" */
    0x0, 0x79, 0x47, 0x0, 0x0, 0x11, 0xc3, 0x0,
    0x0, 0x0, 0x0, 0x0, 0x3, 0xcf, 0xeb, 0x20,
    0xe, 0x50, 0x7, 0xd0, 0xf, 0x20, 0x0, 0x60,
    0x6, 0xec, 0x84, 0x0, 0x0, 0x3, 0x7c, 0xc0,
    0x38, 0x0, 0x0, 0xd5, 0x2e, 0x60, 0x4, 0xe2,
    0x3, 0xbe, 0xfc, 0x40,

    /* U+1E65 "ṥ" */
    0xa, 0x60, 0x0, 0x1, 0x1c, 0x70, 0x0, 0x17,
    0x0, 0xa, 0xdd, 0x80, 0x6a, 0x0, 0x91, 0x2e,
    0xb7, 0x20, 0x0, 0x48, 0xe4, 0x7a, 0x0, 0xb7,
    0xa, 0xdd, 0xa0,

    /* U+1E66 "Ṧ" */
    0x0, 0x8, 0x70, 0x0, 0x0, 0x22, 0x22, 0x0,
    0x0, 0x5b, 0xc5, 0x0, 0x0, 0x7, 0x70, 0x0,
    0x3, 0xcf, 0xeb, 0x20, 0xe, 0x50, 0x7, 0xd0,
    0xf, 0x20, 0x0, 0x60, 0x6, 0xec, 0x84, 0x0,
    0x0, 0x3, 0x7c, 0xc0, 0x38, 0x0, 0x0, 0xd5,
    0x2e, 0x60, 0x4, 0xe2, 0x3, 0xbe, 0xfc, 0x40,

    /* U+1E67 "ṧ" */
    0x0, 0x78, 0x0, 0x0, 0x11, 0x0, 0x6, 0xbb,
    0x60, 0x0, 0x44, 0x0, 0xa, 0xdd, 0x80, 0x6a,
    0x0, 0x91, 0x2e, 0xb7, 0x20, 0x0, 0x48, 0xe4,
    0x7a, 0x0, 0xb7, 0xa, 0xdd, 0xa0,

    /* U+1E68 "Ṩ" */
    0x0, 0x8, 0x80, 0x0, 0x0, 0x1, 0x10, 0x0,
    0x3, 0xcf, 0xeb, 0x20, 0xe, 0x50, 0x7, 0xd0,
    0xf, 0x20, 0x0, 0x60, 0x6, 0xec, 0x84, 0x0,
    0x0, 0x3, 0x7c, 0xc0, 0x38, 0x0, 0x0, 0xd5,
    0x2e, 0x60, 0x4, 0xe2, 0x3, 0xbe, 0xfc, 0x40,
    0x0, 0x1, 0x10, 0x0, 0x0, 0x8, 0x80, 0x0,

    /* U+1E69 "ṩ" */
    0x0, 0x89, 0x0, 0x0, 0x11, 0x0, 0xa, 0xdd,
    0x80, 0x6a, 0x0, 0x91, 0x2e, 0xb7, 0x20, 0x0,
    0x48, 0xe4, 0x7a, 0x0, 0xb7, 0xa, 0xdd, 0xa0,
    0x0, 0x11, 0x0, 0x0, 0x89, 0x0,

    /* U+1E6A "Ṫ" */
    0x0, 0xc, 0x30, 0x0, 0x0, 0x2, 0x0, 0x0,
    0xbf, 0xff, 0xff, 0xf0, 0x0, 0xe, 0x30, 0x0,
    0x0, 0xe, 0x30, 0x0, 0x0, 0xe, 0x30, 0x0,
    0x0, 0xe, 0x30, 0x0, 0x0, 0xe, 0x30, 0x0,
    0x0, 0xe, 0x30, 0x0, 0x0, 0xe, 0x30, 0x0,

    /* U+1E6B "ṫ" */
    0xf, 0x0, 0x2, 0x0, 0xa, 0x0, 0xf, 0x0,
    0x9f, 0xc0, 0xf, 0x0, 0xf, 0x0, 0xf, 0x0,
    0xf, 0x10, 0xb, 0xe2,

    /* U+1E6C "Ṭ" */
    0xbf, 0xff, 0xff, 0xf0, 0x0, 0xe, 0x30, 0x0,
    0x0, 0xe, 0x30, 0x0, 0x0, 0xe, 0x30, 0x0,
    0x0, 0xe, 0x30, 0x0, 0x0, 0xe, 0x30, 0x0,
    0x0, 0xe, 0x30, 0x0, 0x0, 0xe, 0x30, 0x0,
    0x0, 0x1, 0x0, 0x0, 0x0, 0xe, 0x20, 0x0,

    /* U+1E6D "ṭ" */
    0x0, 0x0, 0xc, 0x0, 0xf, 0x0, 0x9f, 0xc0,
    0xf, 0x0, 0xf, 0x0, 0xf, 0x0, 0xf, 0x10,
    0xb, 0xe2, 0x1, 0x10, 0x8, 0x80,

    /* U+1E6E "Ṯ" */
    0xbf, 0xff, 0xff, 0xf0, 0x0, 0xe, 0x30, 0x0,
    0x0, 0xe, 0x30, 0x0, 0x0, 0xe, 0x30, 0x0,
    0x0, 0xe, 0x30, 0x0, 0x0, 0xe, 0x30, 0x0,
    0x0, 0xe, 0x30, 0x0, 0x0, 0xe, 0x30, 0x0,
    0x0, 0x0, 0x0, 0x0, 0x2, 0xdd, 0xd5, 0x0,

    /* U+1E6F "ṯ" */
    0x0, 0x0, 0x0, 0xc, 0x0, 0x0, 0xf0, 0x0,
    0x9f, 0xc0, 0x0, 0xf0, 0x0, 0xf, 0x0, 0x0,
    0xf0, 0x0, 0xf, 0x10, 0x0, 0xbe, 0x20, 0x0,
    0x0, 0x1d, 0xdd, 0x60,

    /* U+1E70 "Ṱ" */
    0xbf, 0xff, 0xff, 0xf0, 0x0, 0xe, 0x30, 0x0,
    0x0, 0xe, 0x30, 0x0, 0x0, 0xe, 0x30, 0x0,
    0x0, 0xe, 0x30, 0x0, 0x0, 0xe, 0x30, 0x0,
    0x0, 0xe, 0x30, 0x0, 0x0, 0xe, 0x30, 0x0,
    0x0, 0x4, 0x10, 0x0, 0x0, 0xa8, 0xd2, 0x0,

    /* U+1E71 "ṱ" */
    0x0, 0x0, 0xc, 0x0, 0xf, 0x0, 0x9f, 0xc0,
    0xf, 0x0, 0xf, 0x0, 0xf, 0x0, 0xf, 0x10,
    0xb, 0xe2, 0x4, 0x30, 0x7a, 0xc4,

    /* U+1E72 "Ṳ" */
    0xf, 0x10, 0x0, 0x7b, 0xf, 0x10, 0x0, 0x7b,
    0xf, 0x10, 0x0, 0x7b, 0xf, 0x10, 0x0, 0x7b,
    0xf, 0x10, 0x0, 0x7b, 0xf, 0x30, 0x0, 0x89,
    0xa, 0xa1, 0x3, 0xe5, 0x1, 0xae, 0xfd, 0x60,
    0x0, 0x1, 0x1, 0x0, 0x0, 0x5b, 0x3e, 0x0,

    /* U+1E73 "ṳ" */
    0x3d, 0x0, 0x3d, 0x3d, 0x0, 0x3d, 0x3d, 0x0,
    0x3d, 0x3d, 0x0, 0x4d, 0x1f, 0x0, 0x8d, 0x8,
    0xdb, 0x8d, 0x0, 0x10, 0x10, 0x5, 0xb3, 0xe0,

    /* U+1E74 "Ṵ" */
    0xf, 0x10, 0x0, 0x7b, 0xf, 0x10, 0x0, 0x7b,
    0xf, 0x10, 0x0, 0x7b, 0xf, 0x10, 0x0, 0x7b,
    0xf, 0x10, 0x0, 0x7b, 0xf, 0x30, 0x0, 0x89,
    0xa, 0xa1, 0x3, 0xe5, 0x1, 0xae, 0xfd, 0x60,
    0x0, 0x0, 0x0, 0x0, 0x0, 0x4b, 0xcb, 0x20,

    /* U+1E75 "ṵ" */
    0x3d, 0x0, 0x3d, 0x3d, 0x0, 0x3d, 0x3d, 0x0,
    0x3d, 0x3d, 0x0, 0x4d, 0x1f, 0x0, 0x8d, 0x8,
    0xdb, 0x8d, 0x0, 0x0, 0x0, 0x5, 0xbc, 0xb1,

    /* U+1E76 "Ṷ" */
    0xf, 0x10, 0x0, 0x7b, 0xf, 0x10, 0x0, 0x7b,
    0xf, 0x10, 0x0, 0x7b, 0xf, 0x10, 0x0, 0x7b,
    0xf, 0x10, 0x0, 0x7b, 0xf, 0x30, 0x0, 0x89,
    0xa, 0xa1, 0x3, 0xe5, 0x1, 0xae, 0xfd, 0x60,
    0x0, 0x2, 0x60, 0x0, 0x0, 0x2d, 0x8b, 0x0,

    /* U+1E77 "ṷ" */
    0x3d, 0x0, 0x3d, 0x3d, 0x0, 0x3d, 0x3d, 0x0,
    0x3d, 0x3d, 0x0, 0x4d, 0x1f, 0x0, 0x8d, 0x8,
    0xdb, 0x8d, 0x0, 0x14, 0x0, 0x2, 0xd8, 0xa0,

    /* U+1E78 "Ṹ" */
    0x0, 0x0, 0xc6, 0x0, 0x0, 0x1, 0x70, 0x0,
    0x0, 0x3a, 0xba, 0x20, 0x0, 0x0, 0x0, 0x0,
    0xf, 0x10, 0x0, 0x7b, 0xf, 0x10, 0x0, 0x7b,
    0xf, 0x10, 0x0, 0x7b, 0xf, 0x10, 0x0, 0x7b,
    0xf, 0x10, 0x0, 0x7b, 0xf, 0x30, 0x0, 0x89,
    0xa, 0xa1, 0x3, 0xe5, 0x1, 0xae, 0xfd, 0x60,

    /* U+1E79 "ṹ" */
    0x0, 0xc, 0x70, 0x0, 0x16, 0x0, 0x5, 0xbb,
    0xb1, 0x0, 0x0, 0x0, 0x3d, 0x0, 0x3d, 0x3d,
    0x0, 0x3d, 0x3d, 0x0, 0x3d, 0x3d, 0x0, 0x4d,
    0x1f, 0x0, 0x8d, 0x8, 0xdb, 0x8d,

    /* U+1E7A "Ṻ" */
    0x0, 0x4c, 0x1f, 0x0, 0x0, 0x1, 0x2, 0x0,
    0x0, 0x6d, 0xdd, 0x20, 0x0, 0x0, 0x0, 0x0,
    0xf, 0x10, 0x0, 0x7b, 0xf, 0x10, 0x0, 0x7b,
    0xf, 0x10, 0x0, 0x7b, 0xf, 0x10, 0x0, 0x7b,
    0xf, 0x10, 0x0, 0x7b, 0xf, 0x30, 0x0, 0x89,
    0xa, 0xa1, 0x3, 0xe5, 0x1, 0xae, 0xfd, 0x60,

    /* U+1E7B "ṻ" */
    0x4, 0xc1, 0xf0, 0x0, 0x20, 0x20, 0x6, 0xdd,
    0xd2, 0x0, 0x0, 0x0, 0x3d, 0x0, 0x3d, 0x3d,
    0x0, 0x3d, 0x3d, 0x0, 0x3d, 0x3d, 0x0, 0x4d,
    0x1f, 0x0, 0x8d, 0x8, 0xdb, 0x8d,

    /* U+1E7C "Ṽ" */
    0x0, 0x8b, 0xb7, 0x0, 0x0, 0x0, 0x0, 0x0,
    0xb7, 0x0, 0x0, 0x7b, 0x4d, 0x0, 0x0, 0xd4,
    0xd, 0x40, 0x3, 0xd0, 0x7, 0xa0, 0xa, 0x70,
    0x1, 0xe1, 0x1e, 0x10, 0x0, 0xa6, 0x79, 0x0,
    0x0, 0x3c, 0xc3, 0x0, 0x0, 0xc, 0xc0, 0x0,

    /* U+1E7D "ṽ" */
    0x8, 0xbb, 0xa0, 0x0, 0x0, 0x0, 0xa7, 0x0,
    0x6a, 0x4d, 0x0, 0xc4, 0xd, 0x32, 0xd0, 0x7,
    0x98, 0x70, 0x1, 0xed, 0x10, 0x0, 0xab, 0x0,

    /* U+1E7E "Ṿ" */
    0xb7, 0x0, 0x0, 0x7b, 0x4d, 0x0, 0x0, 0xd4,
    0xd, 0x40, 0x3, 0xd0, 0x7, 0xa0, 0xa, 0x70,
    0x1, 0xe1, 0x1e, 0x10, 0x0, 0xa6, 0x79, 0x0,
    0x0, 0x3c, 0xc3, 0x0, 0x0, 0xc, 0xc0, 0x0,
    0x0, 0x1, 0x10, 0x0, 0x0, 0x8, 0x80, 0x0,

    /* U+1E7F "ṿ" */
    0xa7, 0x0, 0x6a, 0x4d, 0x0, 0xc4, 0xd, 0x32,
    0xd0, 0x7, 0x98, 0x70, 0x1, 0xed, 0x10, 0x0,
    0xab, 0x0, 0x0, 0x1, 0x0, 0x0, 0x79, 0x0,

    /* U+1E80 "Ẁ" */
    0x0, 0x0, 0x55, 0x0, 0x0, 0x0, 0x0, 0x1,
    0xc0, 0x0, 0x0, 0x0, 0x0, 0x0, 0x0, 0x0,
    0x6, 0xb0, 0x0, 0xf5, 0x0, 0x5c, 0x2e, 0x0,
    0x4f, 0x90, 0x9, 0x80, 0xe2, 0x8, 0xcd, 0x0,
    0xd4, 0xa, 0x60, 0xb5, 0xf1, 0x1f, 0x0, 0x6a,
    0xf, 0x1b, 0x44, 0xc0, 0x2, 0xd3, 0xd0, 0x88,
    0x88, 0x0, 0xe, 0x89, 0x4, 0xcc, 0x40, 0x0,
    0xaf, 0x50, 0xf, 0xf0, 0x0, 0x6, 0xf1, 0x0,
    0xcc, 0x0,

    /* U+1E81 "ẁ" */
    0x0, 0x3, 0xd0, 0x0, 0x0, 0x0, 0x0, 0x62,
    0x0, 0x0, 0x98, 0x0, 0xc9, 0x0, 0xa6, 0x5c,
    0x0, 0xfd, 0x0, 0xe2, 0xf, 0x4, 0xad, 0x13,
    0xd0, 0xc, 0x48, 0x69, 0x57, 0x90, 0x7, 0x8c,
    0x25, 0x9b, 0x40, 0x3, 0xdd, 0x1, 0xde, 0x0,
    0x0, 0xe9, 0x0, 0xcb, 0x0,

    /* U+1E82 "Ẃ" */
    0x0, 0x0, 0x1, 0x90, 0x0, 0x0, 0x0, 0x0,
    0x86, 0x0, 0x0, 0x0, 0x0, 0x0, 0x0, 0x0,
    0x6, 0xb0, 0x0, 0xf5, 0x0, 0x5c, 0x2e, 0x0,
    0x4f, 0x90, 0x9, 0x80, 0xe2, 0x8, 0xcd, 0x0,
    0xd4, 0xa, 0x60, 0xb5, 0xf1, 0x1f, 0x0, 0x6a,
    0xf, 0x1b, 0x44, 0xc0, 0x2, 0xd3, 0xd0, 0x88,
    0x88, 0x0, 0xe, 0x89, 0x4, 0xcc, 0x40, 0x0,
    0xaf, 0x50, 0xf, 0xf0, 0x0, 0x6, 0xf1, 0x0,
    0xcc, 0x0,

    /* U+1E83 "ẃ" */
    0x0, 0x0, 0xd, 0x10, 0x0, 0x0, 0x0, 0x35,
    0x0, 0x0, 0x98, 0x0, 0xc9, 0x0, 0xa6, 0x5c,
    0x0, 0xfd, 0x0, 0xe2, 0xf, 0x4, 0xad, 0x13,
    0xd0, 0xc, 0x48, 0x69, 0x57, 0x90, 0x7, 0x8c,
    0x25, 0x9b, 0x40, 0x3, 0xdd, 0x1, 0xde, 0x0,
    0x0, 0xe9, 0x0, 0xcb, 0x0,

    /* U+1E84 "Ẅ" */
    0x0, 0x0, 0x0, 0x0, 0x0, 0x0, 0x0, 0xe,
    0x2d, 0x30, 0x0, 0x0, 0x0, 0x30, 0x20, 0x0,
    0x6, 0xb0, 0x0, 0xf5, 0x0, 0x5c, 0x2e, 0x0,
    0x4f, 0x90, 0x9, 0x80, 0xe2, 0x8, 0xcd, 0x0,
    0xd4, 0xa, 0x60, 0xb5, 0xf1, 0x1f, 0x0, 0x6a,
    0xf, 0x1b, 0x44, 0xc0, 0x2, 0xd3, 0xd0, 0x88,
    0x88, 0x0, 0xe, 0x89, 0x4, 0xcc, 0x40, 0x0,
    0xaf, 0x50, 0xf, 0xf0, 0x0, 0x6, 0xf1, 0x0,
    0xcc, 0x0,

    /* U+1E85 "ẅ" */
    0x0, 0xa, 0x69, 0x70, 0x0, 0x0, 0x2, 0x12,
    0x20, 0x0, 0x98, 0x0, 0xc9, 0x0, 0xa6, 0x5c,
    0x0, 0xfd, 0x0, 0xe2, 0xf, 0x4, 0xad, 0x13,
    0xd0, 0xc, 0x48, 0x69, 0x57, 0x90, 0x7, 0x8c,
    0x25, 0x9b, 0x40, 0x3, 0xdd, 0x1, 0xde, 0x0,
    0x0, 0xe9, 0x0, 0xcb, 0x0,

    /* U+1E86 "Ẇ" */
    0x0, 0x0, 0xd, 0x30, 0x0, 0x0, 0x0, 0x0,
    0x2, 0x0, 0x0, 0x0, 0xb6, 0x0, 0x2f, 0x80,
    0x1, 0xf1, 0x6a, 0x0, 0x7b, 0xd0, 0x5, 0xc0,
    0x2e, 0x0, 0xb3, 0xe2, 0x9, 0x70, 0xd, 0x20,
    0xe0, 0x97, 0xd, 0x20, 0x9, 0x65, 0xa0, 0x4b,
    0x1d, 0x0, 0x4, 0xaa, 0x50, 0xe, 0x69, 0x0,
    0x0, 0xdd, 0x0, 0xb, 0xc4, 0x0, 0x0, 0xbb,
    0x0, 0x6, 0xf0, 0x0,

    /* U+1E87 "ẇ" */
    0x0, 0x2, 0xf0, 0x0, 0x0, 0x0, 0x1, 0x0,
    0x0, 0xc4, 0x5, 0xf0, 0x9, 0x77, 0x90, 0x9e,
    0x40, 0xe1, 0x2d, 0xd, 0x79, 0x3c, 0x0, 0xd5,
    0xc2, 0xd8, 0x70, 0x8, 0xd7, 0xd, 0xe2, 0x0,
    0x3f, 0x30, 0x9d, 0x0,

    /* U+1E88 "Ẉ" */
    0xb6, 0x0, 0x2f, 0x80, 0x1, 0xf1, 0x6a, 0x0,
    0x7b, 0xd0, 0x5, 0xc0, 0x2e, 0x0, 0xb3, 0xe2,
    0x9, 0x70, 0xd, 0x20, 0xe0, 0x97, 0xd, 0x20,
    0x9, 0x65, 0xa0, 0x4b, 0x1d, 0x0, 0x4, 0xaa,
    0x50, 0xe, 0x69, 0x0, 0x0, 0xdd, 0x0, 0xb,
    0xc4, 0x0, 0x0, 0xbb, 0x0, 0x6, 0xf0, 0x0,
    0x0, 0x0, 0x1, 0x0, 0x0, 0x0, 0x0, 0x0,
    0xd, 0x30, 0x0, 0x0,

    /* U+1E89 "ẉ" */
    0xc4, 0x5, 0xf0, 0x9, 0x77, 0x90, 0x9e, 0x40,
    0xe1, 0x2d, 0xd, 0x79, 0x3c, 0x0, 0xd5, 0xc2,
    0xd8, 0x70, 0x8, 0xd7, 0xd, 0xe2, 0x0, 0x3f,
    0x30, 0x9d, 0x0, 0x0, 0x0, 0x10, 0x0, 0x0,
    0x0, 0x2f, 0x0, 0x0,

    /* U+1E8A "Ẋ" */
    0x0, 0x5, 0xb0, 0x0, 0x0, 0x0, 0x10, 0x0,
    0x3f, 0x30, 0x1, 0xd4, 0x6, 0xd1, 0xb, 0x70,
    0x0, 0xaa, 0x8b, 0x0, 0x0, 0xd, 0xe0, 0x0,
    0x0, 0x2e, 0xe4, 0x0, 0x1, 0xd5, 0x5e, 0x10,
    0xb, 0x90, 0x9, 0xc0, 0x8c, 0x0, 0x0, 0xd8,

    /* U+1E8B "ẋ" */
    0x0, 0x79, 0x0, 0x0, 0x1, 0x0, 0x5d, 0x0,
    0xd5, 0xa, 0x99, 0x90, 0x0, 0xdd, 0x0, 0x2,
    0xee, 0x20, 0xc, 0x66, 0xc0, 0x8b, 0x0, 0xb8,

    /* U+1E8C "Ẍ" */
    0x0, 0xa6, 0x79, 0x0, 0x0, 0x11, 0x11, 0x0,
    0x3f, 0x30, 0x1, 0xd4, 0x6, 0xd1, 0xb, 0x70,
    0x0, 0xaa, 0x8b, 0x0, 0x0, 0xd, 0xe0, 0x0,
    0x0, 0x2e, 0xe4, 0x0, 0x1, 0xd5, 0x5e, 0x10,
    0xb, 0x90, 0x9, 0xc0, 0x8c, 0x0, 0x0, 0xd8,

    /* U+1E8D "ẍ" */
    0xb, 0x68, 0x90, 0x1, 0x1, 0x10, 0x5d, 0x0,
    0xd5, 0xa, 0x99, 0x90, 0x0, 0xdd, 0x0, 0x2,
    0xee, 0x20, 0xc, 0x66, 0xc0, 0x8b, 0x0, 0xb8,

    /* U+1E8E "Ẏ" */
    0x0, 0x7, 0x80, 0x0, 0x0, 0x1, 0x10, 0x0,
    0x9c, 0x0, 0x0, 0xb9, 0xd, 0x70, 0x7, 0xc0,
    0x2, 0xf3, 0x2e, 0x20, 0x0, 0x6d, 0xc5, 0x0,
    0x0, 0xc, 0xa0, 0x0, 0x0, 0xa, 0x80, 0x0,
    0x0, 0xa, 0x80, 0x0, 0x0, 0xa, 0x80, 0x0,

    /* U+1E8F "ẏ" */
    0x0, 0x6a, 0x0, 0x0, 0x1, 0x0, 0x98, 0x0,
    0x5b, 0x3e, 0x0, 0xc4, 0xc, 0x42, 0xd0, 0x5,
    0xb8, 0x70, 0x0, 0xed, 0x10, 0x0, 0x8a, 0x0,
    0x0, 0xc3, 0x0, 0x4f, 0x80, 0x0,

    /* U+1E90 "Ẑ" */
    0x0, 0x3d, 0xb0, 0x0, 0x0, 0x62, 0x53, 0x0,
    0x4f, 0xff, 0xff, 0xd0, 0x0, 0x0, 0x1e, 0x60,
    0x0, 0x0, 0xd8, 0x0, 0x0, 0xb, 0xa0, 0x0,
    0x0, 0x9b, 0x0, 0x0, 0x7, 0xd1, 0x0, 0x0,
    0x5e, 0x10, 0x0, 0x0, 0xcf, 0xff, 0xff, 0xf0,

    /* U+1E91 "ẑ" */
    0x1, 0xdc, 0x30, 0x2, 0x21, 0x30, 0x6c, 0xcc,
    0xf8, 0x0, 0x6, 0xc0, 0x0, 0x5d, 0x10, 0x4,
    0xe2, 0x0, 0x3e, 0x30, 0x0, 0xbf, 0xdd, 0xda,

    /* U+1E92 "Ẓ" */
    0x4f, 0xff, 0xff, 0xd0, 0x0, 0x0, 0x1e, 0x60,
    0x0, 0x0, 0xd8, 0x0, 0x0, 0xb, 0xa0, 0x0,
    0x0, 0x9b, 0x0, 0x0, 0x7, 0xd1, 0x0, 0x0,
    0x5e, 0x10, 0x0, 0x0, 0xcf, 0xff, 0xff, 0xf0,
    0x0, 0x2, 0x0, 0x0, 0x0, 0xf, 0x10, 0x0,

    /* U+1E93 "ẓ" */
    0x6c, 0xcc, 0xf8, 0x0, 0x6, 0xc0, 0x0, 0x5d,
    0x10, 0x4, 0xe2, 0x0, 0x3e, 0x30, 0x0, 0xbf,
    0xdd, 0xda, 0x0, 0x11, 0x0, 0x0, 0x98, 0x0,

    /* U+1E94 "Ẕ" */
    0x4f, 0xff, 0xff, 0xd0, 0x0, 0x0, 0x1e, 0x60,
    0x0, 0x0, 0xd8, 0x0, 0x0, 0xb, 0xa0, 0x0,
    0x0, 0x9b, 0x0, 0x0, 0x7, 0xd1, 0x0, 0x0,
    0x5e, 0x10, 0x0, 0x0, 0xcf, 0xff, 0xff, 0xf0,
    0x0, 0x0, 0x0, 0x0, 0x2, 0xdd, 0xd5, 0x0,

    /* U+1E95 "ẕ" */
    0x6c, 0xcc, 0xf8, 0x0, 0x6, 0xc0, 0x0, 0x5d,
    0x10, 0x4, 0xe2, 0x0, 0x3e, 0x30, 0x0, 0xbf,
    0xdd, 0xda, 0x0, 0x0, 0x0, 0xa, 0xdd, 0xb0,

    /* U+1E96 "ẖ" */
    0x3d, 0x0, 0x0, 0x3d, 0x0, 0x0, 0x3e, 0xad,
    0xd4, 0x3f, 0x40, 0x6c, 0x3e, 0x0, 0x2e, 0x3d,
    0x0, 0x2e, 0x3d, 0x0, 0x2e, 0x3d, 0x0, 0x2e,
    0x0, 0x0, 0x0, 0x6, 0xdd, 0xd2,

    /* U+1E97 "ẗ" */
    0xf1, 0xc4, 0x20, 0x20, 0xa, 0x0, 0xf, 0x0,
    0x9f, 0xc0, 0xf, 0x0, 0xf, 0x0, 0xf, 0x0,
    0xf, 0x10, 0xb, 0xe2,

    /* U+1E98 "ẘ" */
    0x0, 0x5, 0x64, 0x0, 0x0, 0x0, 0x36, 0x20,
    0x0, 0xc4, 0x5, 0xf0, 0x9, 0x77, 0x90, 0x9e,
    0x40, 0xe1, 0x2d, 0xd, 0x79, 0x3c, 0x0, 0xd5,
    0xc2, 0xd8, 0x70, 0x8, 0xd7, 0xd, 0xe2, 0x0,
    0x3f, 0x30, 0x9d, 0x0,

    /* U+1E99 "ẙ" */
    0x0, 0x8a, 0x0, 0x0, 0x0, 0x0, 0x98, 0x0,
    0x5b, 0x3e, 0x0, 0xc4, 0xc, 0x42, 0xd0, 0x5,
    0xb8, 0x70, 0x0, 0xed, 0x10, 0x0, 0x8a, 0x0,
    0x0, 0xc3, 0x0, 0x4f, 0x80, 0x0,

    /* U+1E9A "ẚ" */
    0x0, 0x0, 0x7, 0x30, 0x0, 0x0, 0x9, 0x0,
    0x0, 0x8, 0x30, 0x7d, 0xdd, 0x40, 0x2c, 0x0,
    0x5c, 0x0, 0x15, 0x7b, 0xd0, 0x3e, 0x85, 0x5d,
    0x7, 0xa0, 0x8, 0xd0, 0x1c, 0xaa, 0x7f, 0x0,

    /* U+1E9B "ẛ" */
    0x4, 0xc0, 0x0, 0x10, 0x9, 0xf9, 0xf, 0x20,
    0xbf, 0x10, 0xf, 0x10, 0xf, 0x10, 0xf, 0x10,
    0xf, 0x10, 0xf, 0x10,

    /* U+1E9E "ẞ" */
    0x1c, 0xff, 0xff, 0xa, 0x91, 0x3e, 0x90, 0xd2,
    0x4e, 0x50, 0xe, 0x2c, 0xfc, 0x50, 0xe2, 0x0,
    0x4f, 0x3e, 0x20, 0x0, 0x97, 0xe2, 0x0, 0x9,
    0x7e, 0x21, 0x15, 0xf2, 0xe3, 0xff, 0xd5, 0x0,

    /* U+1EA0 "Ạ" */
    0x0, 0xd, 0xd0, 0x0, 0x0, 0x3c, 0xc3, 0x0,
    0x0, 0x87, 0x68, 0x0, 0x0, 0xd1, 0x1e, 0x0,
    0x3, 0xc0, 0xb, 0x30, 0x9, 0xff, 0xff, 0x90,
    0xe, 0x32, 0x23, 0xe0, 0x4d, 0x0, 0x0, 0xc4,
    0x98, 0x0, 0x0, 0x89, 0x0, 0x1, 0x10, 0x0,
    0x0, 0x8, 0x80, 0x0,

    /* U+1EA1 "ạ" */
    0x5, 0xdf, 0xa1, 0x2, 0xe3, 0x1a, 0x80, 0x2,
    0x0, 0x6c, 0x0, 0x7d, 0xdc, 0xc0, 0x5c, 0x10,
    0x5c, 0x6, 0xc3, 0x4d, 0xd0, 0xb, 0xfd, 0x4d,
    0x50, 0x0, 0x10, 0x0, 0x0, 0x5b, 0x0, 0x0,

    /* U+1EA2 "Ả" */
    0x0, 0xa, 0xa0, 0x0, 0x0, 0x0, 0xb0, 0x0,
    0x0, 0x1, 0x10, 0x0, 0x0, 0xd, 0xd0, 0x0,
    0x0, 0x3c, 0xc3, 0x0, 0x0, 0x87, 0x68, 0x0,
    0x0, 0xd1, 0x1e, 0x0, 0x3, 0xc0, 0xb, 0x30,
    0x9, 0xff, 0xff, 0x90, 0xe, 0x32, 0x23, 0xe0,
    0x4d, 0x0, 0x0, 0xc4, 0x98, 0x0, 0x0, 0x89,

    /* U+1EA3 "ả" */
    0x0, 0x6c, 0x10, 0x0, 0x0, 0x92, 0x0, 0x0,
    0x4, 0x0, 0x0, 0x5d, 0xfa, 0x10, 0x2e, 0x31,
    0xa8, 0x0, 0x20, 0x6, 0xc0, 0x7, 0xdd, 0xcc,
    0x5, 0xc1, 0x5, 0xc0, 0x6c, 0x34, 0xdd, 0x0,
    0xbf, 0xd4, 0xd5,

    /* U+1EA4 "Ấ" */
    0x0, 0x0, 0x8, 0x80, 0x0, 0x7, 0x78, 0x0,
    0x0, 0x3a, 0xa4, 0x0, 0x0, 0x10, 0x1, 0x0,
    0x0, 0xd, 0xd0, 0x0, 0x0, 0x3c, 0xc3, 0x0,
    0x0, 0x87, 0x68, 0x0, 0x0, 0xd1, 0x1e, 0x0,
    0x3, 0xc0, 0xb, 0x30, 0x9, 0xff, 0xff, 0x90,
    0xe, 0x32, 0x23, 0xe0, 0x4d, 0x0, 0x0, 0xc4,
    0x98, 0x0, 0x0, 0x89,

    /* U+1EA5 "ấ" */
    0x0, 0x0, 0x19, 0x0, 0x0, 0x7, 0x70, 0x0,
    0x9b, 0x40, 0x0, 0x4, 0x4, 0x0, 0x5, 0xdf,
    0xa1, 0x2, 0xe3, 0x1a, 0x80, 0x2, 0x0, 0x6c,
    0x0, 0x7d, 0xdc, 0xc0, 0x5c, 0x10, 0x5c, 0x6,
    0xc3, 0x4d, 0xd0, 0xb, 0xfd, 0x4d, 0x50,

    /* U+1EA6 "Ầ" */
    0x0, 0x0, 0x1e, 0x0, 0x0, 0x7, 0x76, 0x30,
    0x0, 0x3a, 0xa4, 0x0, 0x0, 0x10, 0x1, 0x0,
    0x0, 0xd, 0xd0, 0x0, 0x0, 0x3c, 0xc3, 0x0,
    0x0, 0x87, 0x68, 0x0, 0x0, 0xd1, 0x1e, 0x0,
    0x3, 0xc0, 0xb, 0x30, 0x9, 0xff, 0xff, 0x90,
    0xe, 0x32, 0x23, 0xe0, 0x4d, 0x0, 0x0, 0xc4,
    0x98, 0x0, 0x0, 0x89,

    /* U+1EA7 "ầ" */
    0x0, 0x0, 0x82, 0x0, 0x0, 0x5, 0x80, 0x0,
    0x9b, 0x40, 0x0, 0x4, 0x4, 0x0, 0x5, 0xdf,
    0xa1, 0x2, 0xe3, 0x1a, 0x80, 0x2, 0x0, 0x6c,
    0x0, 0x7d, 0xdc, 0xc0, 0x5c, 0x10, 0x5c, 0x6,
    0xc3, 0x4d, 0xd0, 0xb, 0xfd, 0x4d, 0x50,

    /* U+1EA8 "Ẩ" */
    0x0, 0x0, 0x5b, 0x0, 0x0, 0x2, 0x29, 0x10,
    0x0, 0x2c, 0xc3, 0x0, 0x0, 0x21, 0x12, 0x0,
    0x0, 0xd, 0xd0, 0x0, 0x0, 0x3c, 0xc3, 0x0,
    0x0, 0x87, 0x68, 0x0, 0x0, 0xd1, 0x1e, 0x0,
    0x3, 0xc0, 0xb, 0x30, 0x9, 0xff, 0xff, 0x90,
    0xe, 0x32, 0x23, 0xe0, 0x4d, 0x0, 0x0, 0xc4,
    0x98, 0x0, 0x0, 0x89,

    /* U+1EA9 "ẩ" */
    0x0, 0x1, 0xb3, 0x0, 0x0, 0x4, 0x60, 0x0,
    0x9d, 0x70, 0x0, 0x15, 0x5, 0x0, 0x5, 0xdf,
    0xa1, 0x2, 0xe3, 0x1a, 0x80, 0x2, 0x0, 0x6c,
    0x0, 0x7d, 0xdc, 0xc0, 0x5c, 0x10, 0x5c, 0x6,
    0xc3, 0x4d, 0xd0, 0xb, 0xfd, 0x4d, 0x50,

    /* U+1EAA "Ẫ" */
    0x0, 0x5a, 0xb6, 0x0, 0x0, 0x7, 0x70, 0x0,
    0x0, 0x3b, 0xa4, 0x0, 0x0, 0x10, 0x1, 0x0,
    0x0, 0xd, 0xd0, 0x0, 0x0, 0x3c, 0xc3, 0x0,
    0x0, 0x87, 0x68, 0x0, 0x0, 0xd1, 0x1e, 0x0,
    0x3, 0xc0, 0xb, 0x30, 0x9, 0xff, 0xff, 0x90,
    0xe, 0x32, 0x23, 0xe0, 0x4d, 0x0, 0x0, 0xc4,
    0x98, 0x0, 0x0, 0x89,

    /* U+1EAB "ẫ" */
    0x2, 0xab, 0x90, 0x0, 0x0, 0x0, 0x0, 0x0,
    0x9d, 0x40, 0x0, 0x5, 0x5, 0x0, 0x5, 0xdf,
    0xa1, 0x2, 0xe3, 0x1a, 0x80, 0x2, 0x0, 0x6c,
    0x0, 0x7d, 0xdc, 0xc0, 0x5c, 0x10, 0x5c, 0x6,
    0xc3, 0x4d, 0xd0, 0xb, 0xfd, 0x4d, 0x50,

    /* U+1EAC "Ậ" */
    0x0, 0x5, 0x50, 0x0, 0x0, 0x47, 0x74, 0x0,
    0x0, 0x0, 0x0, 0x0, 0x0, 0xd, 0xd0, 0x0,
    0x0, 0x3c, 0xc3, 0x0, 0x0, 0x87, 0x68, 0x0,
    0x0, 0xd1, 0x1e, 0x0, 0x3, 0xc0, 0xb, 0x30,
    0x9, 0xff, 0xff, 0x90, 0xe, 0x32, 0x23, 0xe0,
    0x4d, 0x0, 0x0, 0xc4, 0x98, 0x0, 0x0, 0x89,
    0x0, 0x1, 0x10, 0x0, 0x0, 0x8, 0x80, 0x0,

    /* U+1EAD "ậ" */
    0x0, 0x98, 0x50, 0x0, 0x2, 0x3, 0x0, 0x5,
    0xdf, 0xa1, 0x2, 0xe3, 0x1a, 0x80, 0x2, 0x0,
    0x6c, 0x0, 0x7d, 0xdc, 0xc0, 0x5c, 0x10, 0x5c,
    0x6, 0xc3, 0x4d, 0xd0, 0xb, 0xfd, 0x4d, 0x50,
    0x0, 0x10, 0x0, 0x0, 0x5b, 0x0, 0x0,

    /* U+1EAE "Ắ" */
    0x0, 0x0, 0x10, 0x0, 0x0, 0x1, 0xd0, 0x0,
    0x0, 0x53, 0x45, 0x0, 0x0, 0x3c, 0xc3, 0x0,
    0x0, 0x0, 0x0, 0x0, 0x0, 0xd, 0xd0, 0x0,
    0x0, 0x3c, 0xc3, 0x0, 0x0, 0x87, 0x68, 0x0,
    0x0, 0xd1, 0x1e, 0x0, 0x3, 0xc0, 0xb, 0x30,
    0x9, 0xff, 0xff, 0x90, 0xe, 0x32, 0x23, 0xe0,
    0x4d, 0x0, 0x0, 0xc4, 0x98, 0x0, 0x0, 0x89,

    /* U+1EAF "ắ" */
    0x0, 0x0, 0x0, 0x0, 0x0, 0xb3, 0x0, 0x0,
    0x3, 0x0, 0x0, 0x1b, 0xc9, 0x0, 0x0, 0x0,
    0x0, 0x0, 0x5d, 0xfa, 0x10, 0x2e, 0x31, 0xa8,
    0x0, 0x20, 0x6, 0xc0, 0x7, 0xdd, 0xcc, 0x5,
    0xc1, 0x5, 0xc0, 0x6c, 0x34, 0xdd, 0x0, 0xbf,
    0xd4, 0xd5,

    /* U+1EB0 "Ằ" */
    0x0, 0x1, 0x0, 0x0, 0x0, 0xc, 0x10, 0x0,
    0x0, 0x54, 0x35, 0x0, 0x0, 0x3c, 0xc3, 0x0,
    0x0, 0x0, 0x0, 0x0, 0x0, 0xd, 0xd0, 0x0,
    0x0, 0x3c, 0xc3, 0x0, 0x0, 0x87, 0x68, 0x0,
    0x0, 0xd1, 0x1e, 0x0, 0x3, 0xc0, 0xb, 0x30,
    0x9, 0xff, 0xff, 0x90, 0xe, 0x32, 0x23, 0xe0,
    0x4d, 0x0, 0x0, 0xc4, 0x98, 0x0, 0x0, 0x89,

    /* U+1EB1 "ằ" */
    0x0, 0x10, 0x0, 0x0, 0x8, 0x60, 0x0, 0x0,
    0x3, 0x0, 0x0, 0x1b, 0xc9, 0x0, 0x0, 0x0,
    0x0, 0x0, 0x5d, 0xfa, 0x10, 0x2e, 0x31, 0xa8,
    0x0, 0x20, 0x6, 0xc0, 0x7, 0xdd, 0xcc, 0x5,
    0xc1, 0x5, 0xc0, 0x6c, 0x34, 0xdd, 0x0, 0xbf,
    0xd4, 0xd5,

    /* U+1EB2 "Ẳ" */
    0x0, 0x8, 0x80, 0x0, 0x0, 0x0, 0xa0, 0x0,
    0x0, 0x73, 0x47, 0x0, 0x0, 0x2c, 0xc2, 0x0,
    0x0, 0x0, 0x0, 0x0, 0x0, 0xd, 0xd0, 0x0,
    0x0, 0x3c, 0xc3, 0x0, 0x0, 0x87, 0x68, 0x0,
    0x0, 0xd1, 0x1e, 0x0, 0x3, 0xc0, 0xb, 0x30,
    0x9, 0xff, 0xff, 0x90, 0xe, 0x32, 0x23, 0xe0,
    0x4d, 0x0, 0x0, 0xc4, 0x98, 0x0, 0x0, 0x89,

    /* U+1EB3 "ẳ" */
    0x0, 0x4b, 0x0, 0x0, 0x0, 0x82, 0x0, 0x0,
    0xa, 0x0, 0x0, 0x1b, 0xc9, 0x0, 0x0, 0x0,
    0x0, 0x0, 0x5d, 0xfa, 0x10, 0x2e, 0x31, 0xa8,
    0x0, 0x20, 0x6, 0xc0, 0x7, 0xdd, 0xcc, 0x5,
    0xc1, 0x5, 0xc0, 0x6c, 0x34, 0xdd, 0x0, 0xbf,
    0xd4, 0xd5,

    /* U+1EB4 "Ẵ" */
    0x0, 0x5b, 0x18, 0x0, 0x0, 0x81, 0xb5, 0x0,
    0x0, 0x62, 0x26, 0x0, 0x0, 0x2c, 0xc3, 0x0,
    0x0, 0x0, 0x0, 0x0, 0x0, 0xd, 0xd0, 0x0,
    0x0, 0x3c, 0xc3, 0x0, 0x0, 0x87, 0x68, 0x0,
    0x0, 0xd1, 0x1e, 0x0, 0x3, 0xc0, 0xb, 0x30,
    0x9, 0xff, 0xff, 0x90, 0xe, 0x32, 0x23, 0xe0,
    0x4d, 0x0, 0x0, 0xc4, 0x98, 0x0, 0x0, 0x89,

    /* U+1EB5 "ẵ" */
    0x1, 0xb5, 0x70, 0x0, 0x53, 0x89, 0x0, 0x0,
    0x0, 0x0, 0x0, 0x1b, 0xc9, 0x0, 0x0, 0x0,
    0x0, 0x0, 0x5d, 0xfa, 0x10, 0x2e, 0x31, 0xa8,
    0x0, 0x20, 0x6, 0xc0, 0x7, 0xdd, 0xcc, 0x5,
    0xc1, 0x5, 0xc0, 0x6c, 0x34, 0xdd, 0x0, 0xbf,
    0xd4, 0xd5,

    /* U+1EB6 "Ặ" */
    0x0, 0x41, 0x14, 0x0, 0x0, 0x3c, 0xc3, 0x0,
    0x0, 0x0, 0x0, 0x0, 0x0, 0xd, 0xd0, 0x0,
    0x0, 0x3c, 0xc3, 0x0, 0x0, 0x87, 0x68, 0x0,
    0x0, 0xd1, 0x1e, 0x0, 0x3, 0xc0, 0xb, 0x30,
    0x9, 0xff, 0xff, 0x90, 0xe, 0x32, 0x23, 0xe0,
    0x4d, 0x0, 0x0, 0xc4, 0x98, 0x0, 0x0, 0x89,
    0x0, 0x1, 0x10, 0x0, 0x0, 0x8, 0x80, 0x0,

    /* U+1EB7 "ặ" */
    0x1, 0xbc, 0x90, 0x0, 0x0, 0x0, 0x0, 0x5,
    0xdf, 0xa1, 0x2, 0xe3, 0x1a, 0x80, 0x2, 0x0,
    0x6c, 0x0, 0x7d, 0xdc, 0xc0, 0x5c, 0x10, 0x5c,
    0x6, 0xc3, 0x4d, 0xd0, 0xb, 0xfd, 0x4d, 0x50,
    0x0, 0x10, 0x0, 0x0, 0x5b, 0x0, 0x0,

    /* U+1EB8 "Ẹ" */
    0xef, 0xff, 0xf7, 0xe3, 0x11, 0x10, 0xe2, 0x0,
    0x0, 0xe2, 0x0, 0x0, 0xee, 0xee, 0xe4, 0xe3,
    0x11, 0x10, 0xe2, 0x0, 0x0, 0xe3, 0x11, 0x10,
    0xef, 0xff, 0xf8, 0x0, 0x10, 0x0, 0x0, 0xb5,
    0x0,

    /* U+1EB9 "ẹ" */
    0x3, 0xdf, 0xb1, 0x1, 0xe5, 0x18, 0xb0, 0x5b,
    0x0, 0xf, 0x17, 0xff, 0xff, 0xf2, 0x5a, 0x0,
    0x0, 0x1, 0xe5, 0x17, 0xd0, 0x3, 0xdf, 0xc2,
    0x0, 0x0, 0x20, 0x0, 0x0, 0x1f, 0x0, 0x0,

    /* U+1EBA "Ẻ" */
    0x1, 0xc7, 0x0, 0x0, 0x1a, 0x0, 0x0, 0x11,
    0x0, 0xef, 0xff, 0xf7, 0xe3, 0x11, 0x10, 0xe2,
    0x0, 0x0, 0xe2, 0x0, 0x0, 0xee, 0xee, 0xe4,
    0xe3, 0x11, 0x10, 0xe2, 0x0, 0x0, 0xe3, 0x11,
    0x10, 0xef, 0xff, 0xf8,

    /* U+1EBB "ẻ" */
    0x0, 0x5c, 0x30, 0x0, 0x0, 0x74, 0x0, 0x0,
    0x4, 0x0, 0x0, 0x3d, 0xfb, 0x10, 0x1e, 0x51,
    0x8b, 0x5, 0xb0, 0x0, 0xf1, 0x7f, 0xff, 0xff,
    0x25, 0xa0, 0x0, 0x0, 0x1e, 0x51, 0x7d, 0x0,
    0x3d, 0xfc, 0x20,

    /* U+1EBC "Ẽ" */
    0x8, 0x90, 0x80, 0x8, 0x3b, 0x30, 0x0, 0x0,
    0x0, 0xef, 0xff, 0xf7, 0xe3, 0x11, 0x10, 0xe2,
    0x0, 0x0, 0xe2, 0x0, 0x0, 0xee, 0xee, 0xe4,
    0xe3, 0x11, 0x10, 0xe2, 0x0, 0x0, 0xe3, 0x11,
    0x10, 0xef, 0xff, 0xf8,

    /* U+1EBD "ẽ" */
    0x3, 0xbb, 0xa2, 0x0, 0x0, 0x0, 0x0, 0x3,
    0xdf, 0xb1, 0x1, 0xe5, 0x18, 0xb0, 0x5b, 0x0,
    0xf, 0x17, 0xff, 0xff, 0xf2, 0x5a, 0x0, 0x0,
    0x1, 0xe5, 0x17, 0xd0, 0x3, 0xdf, 0xc2, 0x0,

    /* U+1EBE "Ế" */
    0x0, 0x0, 0xb4, 0x0, 0x96, 0x80, 0x7, 0x8c,
    0x10, 0x1, 0x1, 0x10, 0xef, 0xff, 0xf7, 0xe3,
    0x11, 0x10, 0xe2, 0x0, 0x0, 0xe2, 0x0, 0x0,
    0xee, 0xee, 0xe4, 0xe3, 0x11, 0x10, 0xe2, 0x0,
    0x0, 0xe3, 0x11, 0x10, 0xef, 0xff, 0xf8,

    /* U+1EBF "ế" */
    0x0, 0x0, 0xa, 0x0, 0x0, 0x5, 0x90, 0x0,
    0x8b, 0x60, 0x0, 0x4, 0x5, 0x0, 0x3, 0xdf,
    0xb1, 0x1, 0xe5, 0x18, 0xb0, 0x5b, 0x0, 0xf,
    0x17, 0xff, 0xff, 0xf2, 0x5a, 0x0, 0x0, 0x1,
    0xe5, 0x17, 0xd0, 0x3, 0xdf, 0xc2, 0x0,

    /* U+1EC0 "Ề" */
    0x0, 0x4, 0xc0, 0x0, 0x95, 0x80, 0x7, 0x8c,
    0x10, 0x1, 0x1, 0x10, 0xef, 0xff, 0xf7, 0xe3,
    0x11, 0x10, 0xe2, 0x0, 0x0, 0xe2, 0x0, 0x0,
    0xee, 0xee, 0xe4, 0xe3, 0x11, 0x10, 0xe2, 0x0,
    0x0, 0xe3, 0x11, 0x10, 0xef, 0xff, 0xf8,

    /* U+1EC1 "ề" */
    0x0, 0x0, 0x73, 0x0, 0x0, 0x4, 0xa0, 0x0,
    0x8b, 0x60, 0x0, 0x4, 0x5, 0x0, 0x3, 0xdf,
    0xb1, 0x1, 0xe5, 0x18, 0xb0, 0x5b, 0x0, 0xf,
    0x17, 0xff, 0xff, 0xf2, 0x5a, 0x0, 0x0, 0x1,
    0xe5, 0x17, 0xd0, 0x3, 0xdf, 0xc2, 0x0,

    /* U+1EC2 "Ể" */
    0x0, 0x7, 0x90, 0x0, 0x32, 0xa0, 0x4, 0xbc,
    0x10, 0x3, 0x2, 0x10, 0xef, 0xff, 0xf7, 0xe3,
    0x11, 0x10, 0xe2, 0x0, 0x0, 0xe2, 0x0, 0x0,
    0xee, 0xee, 0xe4, 0xe3, 0x11, 0x10, 0xe2, 0x0,
    0x0, 0xe3, 0x11, 0x10, 0xef, 0xff, 0xf8,

    /* U+1EC3 "ể" */
    0x0, 0x0, 0xb4, 0x0, 0x0, 0x2, 0x80, 0x0,
    0x7d, 0x80, 0x0, 0x6, 0x6, 0x0, 0x3, 0xdf,
    0xb1, 0x1, 0xe5, 0x18, 0xb0, 0x5b, 0x0, 0xf,
    0x17, 0xff, 0xff, 0xf2, 0x5a, 0x0, 0x0, 0x1,
    0xe5, 0x17, 0xd0, 0x3, 0xdf, 0xc2, 0x0,

    /* U+1EC4 "Ễ" */
    0x8, 0xbb, 0x40, 0x0, 0x95, 0x0, 0x6, 0x8c,
    0x10, 0x2, 0x1, 0x10, 0xef, 0xff, 0xf7, 0xe3,
    0x11, 0x10, 0xe2, 0x0, 0x0, 0xe2, 0x0, 0x0,
    0xee, 0xee, 0xe4, 0xe3, 0x11, 0x10, 0xe2, 0x0,
    0x0, 0xe3, 0x11, 0x10, 0xef, 0xff, 0xf8,

    /* U+1EC5 "ễ" */
    0x1, 0xab, 0x91, 0x0, 0x0, 0x0, 0x0, 0x0,
    0x7d, 0x60, 0x0, 0x6, 0x6, 0x0, 0x3, 0xdf,
    0xb1, 0x1, 0xe5, 0x18, 0xb0, 0x5b, 0x0, 0xf,
    0x17, 0xff, 0xff, 0xf2, 0x5a, 0x0, 0x0, 0x1,
    0xe5, 0x17, 0xd0, 0x3, 0xdf, 0xc2, 0x0,

    /* U+1EC6 "Ệ" */
    0x0, 0x64, 0x0, 0x7, 0x4a, 0x20, 0x0, 0x0,
    0x0, 0xef, 0xff, 0xf7, 0xe3, 0x11, 0x10, 0xe2,
    0x0, 0x0, 0xe2, 0x0, 0x0, 0xee, 0xee, 0xe4,
    0xe3, 0x11, 0x10, 0xe2, 0x0, 0x0, 0xe3, 0x11,
    0x10, 0xef, 0xff, 0xf8, 0x0, 0x10, 0x0, 0x0,
    0xb5, 0x0,

    /* U+1EC7 "ệ" */
    0x0, 0x88, 0x60, 0x0, 0x3, 0x3, 0x0, 0x3,
    0xdf, 0xb1, 0x1, 0xe5, 0x18, 0xb0, 0x5b, 0x0,
    0xf, 0x17, 0xff, 0xff, 0xf2, 0x5a, 0x0, 0x0,
    0x1, 0xe5, 0x17, 0xd0, 0x3, 0xdf, 0xc2, 0x0,
    0x0, 0x20, 0x0, 0x0, 0x1f, 0x0, 0x0,

    /* U+1EC8 "Ỉ" */
    0x3c, 0x50, 0x47, 0x2, 0x0, 0xe2, 0xe, 0x20,
    0xe2, 0xe, 0x20, 0xe2, 0xe, 0x20, 0xe2, 0xe,
    0x20, 0xe2,

    /* U+1EC9 "ỉ" */
    0x5c, 0x30, 0x74, 0x2, 0x0, 0xf0, 0xf, 0x0,
    0xf0, 0xf, 0x0, 0xf0, 0xf, 0x0, 0xf0,

    /* U+1ECA "Ị" */
    0xe2, 0xe2, 0xe2, 0xe2, 0xe2, 0xe2, 0xe2, 0xe2,
    0xe2, 0x20, 0xe2,

    /* U+1ECB "ị" */
    0x1f, 0x4, 0xf, 0xf, 0xf, 0xf, 0xf, 0xf,
    0xf, 0x2, 0x1f,

    /* U+1ECC "Ọ" */
    0x0, 0x7d, 0xfd, 0x60, 0x0, 0x9d, 0x41, 0x4e,
    0x70, 0x1f, 0x10, 0x0, 0x3f, 0x5, 0xb0, 0x0,
    0x0, 0xd3, 0x6a, 0x0, 0x0, 0xc, 0x45, 0xb0,
    0x0, 0x0, 0xd3, 0x2f, 0x10, 0x0, 0x3f, 0x0,
    0x9c, 0x41, 0x4e, 0x70, 0x0, 0x8e, 0xfd, 0x60,
    0x0, 0x0, 0x2, 0x0, 0x0, 0x0, 0x1, 0xf0,
    0x0, 0x0,

    /* U+1ECD "ọ" */
    0x3, 0xcf, 0xc2, 0x1, 0xe5, 0x17, 0xd0, 0x5b,
    0x0, 0xd, 0x37, 0x90, 0x0, 0xb5, 0x5b, 0x0,
    0xd, 0x31, 0xe5, 0x17, 0xd0, 0x3, 0xdf, 0xc2,
    0x0, 0x0, 0x20, 0x0, 0x0, 0x1f, 0x0, 0x0,

    /* U+1ECE "Ỏ" */
    0x0, 0x5, 0xc2, 0x0, 0x0, 0x0, 0x7, 0x40,
    0x0, 0x0, 0x0, 0x40, 0x0, 0x0, 0x7, 0xdf,
    0xd6, 0x0, 0x9, 0xd4, 0x14, 0xe7, 0x1, 0xf1,
    0x0, 0x3, 0xf0, 0x5b, 0x0, 0x0, 0xd, 0x36,
    0xa0, 0x0, 0x0, 0xc4, 0x5b, 0x0, 0x0, 0xd,
    0x32, 0xf1, 0x0, 0x3, 0xf0, 0x9, 0xc4, 0x14,
    0xe7, 0x0, 0x8, 0xef, 0xd6, 0x0,

    /* U+1ECF "ỏ" */
    0x0, 0x5c, 0x30, 0x0, 0x0, 0x74, 0x0, 0x0,
    0x4, 0x0, 0x0, 0x3c, 0xfc, 0x20, 0x1e, 0x51,
    0x7d, 0x5, 0xb0, 0x0, 0xd3, 0x79, 0x0, 0xb,
    0x55, 0xb0, 0x0, 0xd3, 0x1e, 0x51, 0x7d, 0x0,
    0x3d, 0xfc, 0x20,

    /* U+1ED0 "Ố" */
    0x0, 0x0, 0x1, 0xe0, 0x0, 0x0, 0x3a, 0x54,
    0x0, 0x0, 0xb, 0x79, 0x0, 0x0, 0x0, 0x30,
    0x40, 0x0, 0x0, 0x7d, 0xfd, 0x60, 0x0, 0x9d,
    0x41, 0x4e, 0x70, 0x1f, 0x10, 0x0, 0x3f, 0x5,
    0xb0, 0x0, 0x0, 0xd3, 0x6a, 0x0, 0x0, 0xc,
    0x45, 0xb0, 0x0, 0x0, 0xd3, 0x2f, 0x10, 0x0,
    0x3f, 0x0, 0x9c, 0x41, 0x4e, 0x70, 0x0, 0x8e,
    0xfd, 0x60, 0x0,

    /* U+1ED1 "ố" */
    0x0, 0x0, 0xa, 0x0, 0x0, 0x5, 0x90, 0x0,
    0x8b, 0x60, 0x0, 0x4, 0x4, 0x0, 0x3, 0xcf,
    0xc2, 0x1, 0xe5, 0x17, 0xd0, 0x5b, 0x0, 0xd,
    0x37, 0x90, 0x0, 0xb5, 0x5b, 0x0, 0xd, 0x31,
    0xe5, 0x17, 0xd0, 0x3, 0xdf, 0xc2, 0x0,

    /* U+1ED2 "Ồ" */
    0x0, 0x0, 0xa, 0x60, 0x0, 0x0, 0x3a, 0x37,
    0x0, 0x0, 0xb, 0x79, 0x0, 0x0, 0x0, 0x30,
    0x40, 0x0, 0x0, 0x7d, 0xfd, 0x60, 0x0, 0x9d,
    0x41, 0x4e, 0x70, 0x1f, 0x10, 0x0, 0x3f, 0x5,
    0xb0, 0x0, 0x0, 0xd3, 0x6a, 0x0, 0x0, 0xc,
    0x45, 0xb0, 0x0, 0x0, 0xd3, 0x2f, 0x10, 0x0,
    0x3f, 0x0, 0x9c, 0x41, 0x4e, 0x70, 0x0, 0x8e,
    0xfd, 0x60, 0x0,

    /* U+1ED3 "ồ" */
    0x0, 0x0, 0x73, 0x0, 0x0, 0x4, 0xa0, 0x0,
    0x8b, 0x60, 0x0, 0x4, 0x4, 0x0, 0x3, 0xcf,
    0xc2, 0x1, 0xe5, 0x17, 0xd0, 0x5b, 0x0, 0xd,
    0x37, 0x90, 0x0, 0xb5, 0x5b, 0x0, 0xd, 0x31,
    0xe5, 0x17, 0xd0, 0x3, 0xdf, 0xc2, 0x0,

    /* U+1ED4 "Ổ" */
    0x0, 0x0, 0xb, 0x40, 0x0, 0x0, 0x3, 0x37,
    0x0, 0x0, 0x9, 0xc8, 0x0, 0x0, 0x0, 0x50,
    0x50, 0x0, 0x0, 0x7d, 0xfd, 0x60, 0x0, 0x9d,
    0x41, 0x4e, 0x70, 0x1f, 0x10, 0x0, 0x3f, 0x5,
    0xb0, 0x0, 0x0, 0xd3, 0x6a, 0x0, 0x0, 0xc,
    0x45, 0xb0, 0x0, 0x0, 0xd3, 0x2f, 0x10, 0x0,
    0x3f, 0x0, 0x9c, 0x41, 0x4e, 0x70, 0x0, 0x8e,
    0xfd, 0x60, 0x0,

    /* U+1ED5 "ổ" */
    0x0, 0x0, 0xb5, 0x0, 0x0, 0x2, 0x80, 0x0,
    0x7d, 0x80, 0x0, 0x5, 0x6, 0x0, 0x3, 0xcf,
    0xc2, 0x1, 0xe5, 0x17, 0xd0, 0x5b, 0x0, 0xd,
    0x37, 0x90, 0x0, 0xb5, 0x5b, 0x0, 0xd, 0x31,
    0xe5, 0x17, 0xd0, 0x3, 0xdf, 0xc2, 0x0,

    /* U+1ED6 "Ỗ" */
    0x0, 0xa, 0x66, 0x20, 0x0, 0x4, 0x47, 0xa0,
    0x0, 0x0, 0x2, 0x91, 0x0, 0x0, 0x0, 0xb8,
    0x90, 0x0, 0x0, 0x4, 0x4, 0x0, 0x0, 0x7,
    0xdf, 0xd6, 0x0, 0x9, 0xd4, 0x14, 0xe7, 0x1,
    0xf1, 0x0, 0x3, 0xf0, 0x5b, 0x0, 0x0, 0xd,
    0x36, 0xa0, 0x0, 0x0, 0xc4, 0x5b, 0x0, 0x0,
    0xd, 0x32, 0xf1, 0x0, 0x3, 0xf0, 0x9, 0xc4,
    0x14, 0xe7, 0x0, 0x8, 0xef, 0xd6, 0x0,

    /* U+1ED7 "ỗ" */
    0x1, 0xab, 0xa1, 0x0, 0x0, 0x0, 0x0, 0x0,
    0x7d, 0x60, 0x0, 0x5, 0x5, 0x0, 0x3, 0xcf,
    0xc2, 0x1, 0xe5, 0x17, 0xd0, 0x5b, 0x0, 0xd,
    0x37, 0x90, 0x0, 0xb5, 0x5b, 0x0, 0xd, 0x31,
    0xe5, 0x17, 0xd0, 0x3, 0xdf, 0xc2, 0x0,

    /* U+1ED8 "Ộ" */
    0x0, 0x2, 0x71, 0x0, 0x0, 0x0, 0xb2, 0xa0,
    0x0, 0x0, 0x0, 0x0, 0x0, 0x0, 0x7, 0xdf,
    0xd6, 0x0, 0x9, 0xd4, 0x14, 0xe7, 0x1, 0xf1,
    0x0, 0x3, 0xf0, 0x5b, 0x0, 0x0, 0xd, 0x36,
    0xa0, 0x0, 0x0, 0xc4, 0x5b, 0x0, 0x0, 0xd,
    0x32, 0xf1, 0x0, 0x3, 0xf0, 0x9, 0xc4, 0x14,
    0xe7, 0x0, 0x8, 0xef, 0xd6, 0x0, 0x0, 0x0,
    0x20, 0x0, 0x0, 0x0, 0x1f, 0x0, 0x0,

    /* U+1ED9 "ộ" */
    0x0, 0x88, 0x60, 0x0, 0x3, 0x3, 0x0, 0x3,
    0xcf, 0xc2, 0x1, 0xe5, 0x17, 0xd0, 0x5b, 0x0,
    0xd, 0x37, 0x90, 0x0, 0xb5, 0x5b, 0x0, 0xd,
    0x31, 0xe5, 0x17, 0xd0, 0x3, 0xdf, 0xc2, 0x0,
    0x0, 0x20, 0x0, 0x0, 0x1f, 0x0, 0x0,

    /* U+1EDA "Ớ" */
    0x0, 0x0, 0x79, 0x12, 0x0, 0x0, 0x8, 0x3,
    0xb0, 0x0, 0x0, 0x0, 0x3b, 0x0, 0x7, 0xdf,
    0xff, 0x20, 0x9, 0xd4, 0x14, 0xe7, 0x1, 0xf1,
    0x0, 0x3, 0xf0, 0x5b, 0x0, 0x0, 0xd, 0x36,
    0xa0, 0x0, 0x0, 0xc4, 0x5b, 0x0, 0x0, 0xd,
    0x32, 0xf1, 0x0, 0x3, 0xf0, 0x9, 0xc4, 0x14,
    0xe7, 0x0, 0x8, 0xef, 0xd6, 0x0,

    /* U+1EDB "ớ" */
    0x0, 0x9, 0x73, 0x0, 0x0, 0x80, 0xa4, 0x3,
    0xcf, 0xfc, 0x11, 0xe5, 0x17, 0xd0, 0x5b, 0x0,
    0xd, 0x37, 0x90, 0x0, 0xb5, 0x5b, 0x0, 0xd,
    0x31, 0xe5, 0x17, 0xd0, 0x3, 0xdf, 0xc2, 0x0,

    /* U+1EDC "Ờ" */
    0x0, 0xb, 0x50, 0x12, 0x0, 0x0, 0x17, 0x3,
    0xb0, 0x0, 0x0, 0x0, 0x3b, 0x0, 0x7, 0xdf,
    0xff, 0x20, 0x9, 0xd4, 0x14, 0xe7, 0x1, 0xf1,
    0x0, 0x3, 0xf0, 0x5b, 0x0, 0x0, 0xd, 0x36,
    0xa0, 0x0, 0x0, 0xc4, 0x5b, 0x0, 0x0, 0xd,
    0x32, 0xf1, 0x0, 0x3, 0xf0, 0x9, 0xc4, 0x14,
    0xe7, 0x0, 0x8, 0xef, 0xd6, 0x0,

    /* U+1EDD "ờ" */
    0x0, 0xc3, 0x3, 0x0, 0x2, 0x60, 0xa4, 0x3,
    0xcf, 0xfc, 0x11, 0xe5, 0x17, 0xd0, 0x5b, 0x0,
    0xd, 0x37, 0x90, 0x0, 0xb5, 0x5b, 0x0, 0xd,
    0x31, 0xe5, 0x17, 0xd0, 0x3, 0xdf, 0xc2, 0x0,

    /* U+1EDE "Ở" */
    0x0, 0x5, 0xc2, 0x0, 0x0, 0x0, 0x7, 0x42,
    0x70, 0x0, 0x0, 0x40, 0x3b, 0x0, 0x7, 0xdf,
    0xff, 0x30, 0x9, 0xd4, 0x14, 0xe7, 0x1, 0xf1,
    0x0, 0x3, 0xf0, 0x5b, 0x0, 0x0, 0xd, 0x36,
    0xa0, 0x0, 0x0, 0xc4, 0x5b, 0x0, 0x0, 0xd,
    0x32, 0xf1, 0x0, 0x3, 0xf0, 0x9, 0xc4, 0x14,
    0xe7, 0x0, 0x8, 0xef, 0xd6, 0x0,

    /* U+1EDF "ở" */
    0x0, 0x7c, 0x10, 0x0, 0x0, 0x92, 0x72, 0x0,
    0x4, 0xa, 0x40, 0x3c, 0xff, 0xc0, 0x1e, 0x51,
    0x7d, 0x5, 0xb0, 0x0, 0xd3, 0x79, 0x0, 0xb,
    0x55, 0xb0, 0x0, 0xd3, 0x1e, 0x51, 0x7d, 0x0,
    0x3d, 0xfc, 0x20,

    /* U+1EE0 "Ỡ" */
    0x0, 0x1b, 0x65, 0x30, 0x0, 0x5, 0x38, 0xb3,
    0x90, 0x0, 0x0, 0x0, 0x3b, 0x0, 0x7, 0xdf,
    0xff, 0x30, 0x9, 0xd4, 0x14, 0xe7, 0x1, 0xf1,
    0x0, 0x3, 0xf0, 0x5b, 0x0, 0x0, 0xd, 0x36,
    0xa0, 0x0, 0x0, 0xc4, 0x5b, 0x0, 0x0, 0xd,
    0x32, 0xf1, 0x0, 0x3, 0xf0, 0x9, 0xc4, 0x14,
    0xe7, 0x0, 0x8, 0xef, 0xd6, 0x0,

    /* U+1EE1 "ỡ" */
    0x4, 0xbc, 0xa9, 0x30, 0x0, 0x0, 0xa4, 0x3,
    0xcf, 0xfc, 0x1, 0xe5, 0x17, 0xd0, 0x5b, 0x0,
    0xd, 0x37, 0x90, 0x0, 0xb5, 0x5b, 0x0, 0xd,
    0x31, 0xe5, 0x17, 0xd0, 0x3, 0xdf, 0xc2, 0x0,

    /* U+1EE2 "Ợ" */
    0x0, 0x0, 0x0, 0x3a, 0x0, 0x0, 0x0, 0x3,
    0xb0, 0x0, 0x7d, 0xff, 0xf2, 0x0, 0x9d, 0x41,
    0x4e, 0x70, 0x1f, 0x10, 0x0, 0x3f, 0x5, 0xb0,
    0x0, 0x0, 0xd3, 0x6a, 0x0, 0x0, 0xc, 0x45,
    0xb0, 0x0, 0x0, 0xd3, 0x2f, 0x10, 0x0, 0x3f,
    0x0, 0x9c, 0x41, 0x4e, 0x70, 0x0, 0x8e, 0xfd,
    0x60, 0x0, 0x0, 0x2, 0x0, 0x0, 0x0, 0x1,
    0xf0, 0x0, 0x0,

    /* U+1EE3 "ợ" */
    0x0, 0x0, 0x5, 0x10, 0x0, 0x0, 0xa4, 0x3,
    0xcf, 0xfd, 0x11, 0xe5, 0x17, 0xd0, 0x5b, 0x0,
    0xd, 0x37, 0x90, 0x0, 0xb5, 0x5b, 0x0, 0xd,
    0x31, 0xe5, 0x17, 0xd0, 0x3, 0xdf, 0xc2, 0x0,
    0x0, 0x20, 0x0, 0x0, 0x1f, 0x0, 0x0,

    /* U+1EE4 "Ụ" */
    0x1f, 0x0, 0x0, 0xb5, 0x1f, 0x0, 0x0, 0xb5,
    0x1f, 0x0, 0x0, 0xb5, 0x1f, 0x0, 0x0, 0xb5,
    0x1f, 0x0, 0x0, 0xb5, 0x1f, 0x0, 0x0, 0xb5,
    0xf, 0x10, 0x0, 0xd3, 0xa, 0xb2, 0x28, 0xd0,
    0x0, 0x9e, 0xfb, 0x20, 0x0, 0x0, 0x10, 0x0,
    0x0, 0x6, 0xa0, 0x0,

    /* U+1EE5 "ụ" */
    0xf, 0x0, 0x1f, 0xf, 0x0, 0x1f, 0xf, 0x0,
    0x1f, 0xf, 0x0, 0x1f, 0xf, 0x0, 0x1f, 0xd,
    0x50, 0x8f, 0x4, 0xee, 0x6f, 0x0, 0x2, 0x0,
    0x0, 0x2f, 0x0,

    /* U+1EE6 "Ủ" */
    0x0, 0x9, 0xb0, 0x0, 0x0, 0x0, 0xb0, 0x0,
    0x0, 0x0, 0x20, 0x0, 0x1f, 0x0, 0x0, 0xb5,
    0x1f, 0x0, 0x0, 0xb5, 0x1f, 0x0, 0x0, 0xb5,
    0x1f, 0x0, 0x0, 0xb5, 0x1f, 0x0, 0x0, 0xb5,
    0x1f, 0x0, 0x0, 0xb5, 0xf, 0x10, 0x0, 0xd3,
    0xa, 0xb2, 0x28, 0xd0, 0x0, 0x9e, 0xfb, 0x20,

    /* U+1EE7 "ủ" */
    0x0, 0x5c, 0x20, 0x0, 0x8, 0x30, 0x0, 0x2,
    0x0, 0xf, 0x0, 0x1f, 0xf, 0x0, 0x1f, 0xf,
    0x0, 0x1f, 0xf, 0x0, 0x1f, 0xf, 0x0, 0x1f,
    0xd, 0x50, 0x8f, 0x4, 0xee, 0x6f,

    /* U+1EE8 "Ứ" */
    0x0, 0x0, 0xc4, 0x2, 0x10, 0x0, 0x17, 0x0,
    0x67, 0x0, 0x0, 0x0, 0x7, 0x71, 0xf0, 0x0,
    0xf, 0xd0, 0x1f, 0x0, 0x0, 0xb5, 0x1, 0xf0,
    0x0, 0xb, 0x50, 0x1f, 0x0, 0x0, 0xb5, 0x1,
    0xf0, 0x0, 0xb, 0x50, 0x1f, 0x0, 0x0, 0xb5,
    0x0, 0xf1, 0x0, 0xd, 0x30, 0xa, 0xb2, 0x28,
    0xd0, 0x0, 0x9, 0xef, 0xb2, 0x0,

    /* U+1EE9 "ứ" */
    0x0, 0x7, 0x80, 0x30, 0x0, 0x8, 0x0, 0xe0,
    0xf, 0x0, 0x1f, 0x50, 0xf, 0x0, 0x1f, 0x0,
    0xf, 0x0, 0x1f, 0x0, 0xf, 0x0, 0x1f, 0x0,
    0xf, 0x0, 0x1f, 0x0, 0xd, 0x50, 0x8f, 0x0,
    0x4, 0xee, 0x6f, 0x0,

    /* U+1EEA "Ừ" */
    0x0, 0x1e, 0x10, 0x2, 0x10, 0x0, 0x44, 0x0,
    0x67, 0x0, 0x0, 0x0, 0x7, 0x71, 0xf0, 0x0,
    0xf, 0xd0, 0x1f, 0x0, 0x0, 0xb5, 0x1, 0xf0,
    0x0, 0xb, 0x50, 0x1f, 0x0, 0x0, 0xb5, 0x1,
    0xf0, 0x0, 0xb, 0x50, 0x1f, 0x0, 0x0, 0xb5,
    0x0, 0xf1, 0x0, 0xd, 0x30, 0xa, 0xb2, 0x28,
    0xd0, 0x0, 0x9, 0xef, 0xb2, 0x0,

    /* U+1EEB "ừ" */
    0x0, 0xb5, 0x0, 0x30, 0x0, 0x17, 0x0, 0xe0,
    0xf, 0x0, 0x1f, 0x50, 0xf, 0x0, 0x1f, 0x0,
    0xf, 0x0, 0x1f, 0x0, 0xf, 0x0, 0x1f, 0x0,
    0xf, 0x0, 0x1f, 0x0, 0xd, 0x50, 0x8f, 0x0,
    0x4, 0xee, 0x6f, 0x0,

    /* U+1EEC "Ử" */
    0x0, 0x9, 0xb0, 0x0, 0x0, 0x0, 0xb, 0x0,
    0x55, 0x0, 0x0, 0x20, 0x7, 0x71, 0xf0, 0x0,
    0xf, 0xe1, 0x1f, 0x0, 0x0, 0xb5, 0x1, 0xf0,
    0x0, 0xb, 0x50, 0x1f, 0x0, 0x0, 0xb5, 0x1,
    0xf0, 0x0, 0xb, 0x50, 0x1f, 0x0, 0x0, 0xb5,
    0x0, 0xf1, 0x0, 0xd, 0x30, 0xa, 0xb2, 0x28,
    0xd0, 0x0, 0x9, 0xef, 0xb2, 0x0,

    /* U+1EED "ử" */
    0x0, 0x5c, 0x20, 0x0, 0x0, 0x8, 0x30, 0xa0,
    0x0, 0x2, 0x0, 0xe0, 0xf, 0x0, 0x1f, 0x50,
    0xf, 0x0, 0x1f, 0x0, 0xf, 0x0, 0x1f, 0x0,
    0xf, 0x0, 0x1f, 0x0, 0xf, 0x0, 0x1f, 0x0,
    0xd, 0x50, 0x8f, 0x0, 0x4, 0xee, 0x6f, 0x0,

    /* U+1EEE "Ữ" */
    0x0, 0x4b, 0x28, 0x0, 0x0, 0x8, 0xa, 0x80,
    0x66, 0x0, 0x0, 0x0, 0x7, 0x71, 0xf0, 0x0,
    0xf, 0xe1, 0x1f, 0x0, 0x0, 0xb5, 0x1, 0xf0,
    0x0, 0xb, 0x50, 0x1f, 0x0, 0x0, 0xb5, 0x1,
    0xf0, 0x0, 0xb, 0x50, 0x1f, 0x0, 0x0, 0xb5,
    0x0, 0xf1, 0x0, 0xd, 0x30, 0xa, 0xb2, 0x28,
    0xd0, 0x0, 0x9, 0xef, 0xb2, 0x0,

    /* U+1EEF "ữ" */
    0x3, 0xbc, 0xb1, 0xc0, 0x0, 0x0, 0x0, 0xe0,
    0xf, 0x0, 0x1f, 0x50, 0xf, 0x0, 0x1f, 0x0,
    0xf, 0x0, 0x1f, 0x0, 0xf, 0x0, 0x1f, 0x0,
    0xf, 0x0, 0x1f, 0x0, 0xd, 0x50, 0x8f, 0x0,
    0x4, 0xee, 0x6f, 0x0,

    /* U+1EF0 "Ự" */
    0x0, 0x0, 0x0, 0x7, 0x60, 0x0, 0x0, 0x0,
    0x77, 0x1f, 0x0, 0x0, 0xfe, 0x11, 0xf0, 0x0,
    0xb, 0x50, 0x1f, 0x0, 0x0, 0xb5, 0x1, 0xf0,
    0x0, 0xb, 0x50, 0x1f, 0x0, 0x0, 0xb5, 0x1,
    0xf0, 0x0, 0xb, 0x50, 0xf, 0x10, 0x0, 0xd3,
    0x0, 0xab, 0x22, 0x8d, 0x0, 0x0, 0x9e, 0xfb,
    0x20, 0x0, 0x0, 0x1, 0x0, 0x0, 0x0, 0x6,
    0xa0, 0x0, 0x0,

    /* U+1EF1 "ự" */
    0x0, 0x0, 0x0, 0x70, 0x0, 0x0, 0x0, 0xe0,
    0xf, 0x0, 0x1f, 0x50, 0xf, 0x0, 0x1f, 0x0,
    0xf, 0x0, 0x1f, 0x0, 0xf, 0x0, 0x1f, 0x0,
    0xf, 0x0, 0x1f, 0x0, 0xd, 0x50, 0x8f, 0x0,
    0x4, 0xee, 0x6f, 0x0, 0x0, 0x2, 0x0, 0x0,
    0x0, 0x2f, 0x0, 0x0,

    /* U+1EF2 "Ỳ" */
    0x0, 0x8, 0x20, 0x0, 0x0, 0x4, 0xa0, 0x0,
    0x0, 0x0, 0x0, 0x0, 0xc, 0x60, 0x0, 0x8b,
    0x3, 0xe0, 0x1, 0xf2, 0x0, 0xa8, 0x9, 0x90,
    0x0, 0x2e, 0x4e, 0x10, 0x0, 0x8, 0xf6, 0x0,
    0x0, 0x1, 0xf0, 0x0, 0x0, 0x1, 0xf0, 0x0,
    0x0, 0x1, 0xf0, 0x0, 0x0, 0x1, 0xf0, 0x0,

    /* U+1EF3 "ỳ" */
    0x0, 0xd2, 0x0, 0x0, 0x3, 0x50, 0x0, 0x98,
    0x0, 0x1f, 0x3, 0xd0, 0x6, 0xb0, 0xe, 0x20,
    0xa5, 0x0, 0x97, 0xe, 0x0, 0x3, 0xc4, 0xb0,
    0x0, 0xe, 0xb6, 0x0, 0x0, 0x9f, 0x10, 0x0,
    0x4, 0xb0, 0x0, 0xb, 0xe4, 0x0, 0x0,

    /* U+1EF4 "Ỵ" */
    0xc, 0x60, 0x0, 0x8b, 0x3, 0xe0, 0x1, 0xf2,
    0x0, 0xa8, 0x9, 0x90, 0x0, 0x2e, 0x4e, 0x10,
    0x0, 0x8, 0xf6, 0x0, 0x0, 0x1, 0xf0, 0x0,
    0x0, 0x1, 0xf0, 0x0, 0x0, 0x1, 0xf0, 0x0,
    0x0, 0x1, 0xf0, 0x0, 0x0, 0x0, 0x20, 0x0,
    0x0, 0x1, 0xf0, 0x0,

    /* U+1EF5 "ỵ" */
    0x98, 0x0, 0x1f, 0x3, 0xd0, 0x6, 0xb0, 0xe,
    0x20, 0xa5, 0x0, 0x97, 0xe, 0x0, 0x3, 0xc4,
    0xb0, 0x0, 0xe, 0xb6, 0x0, 0x0, 0x9f, 0x10,
    0x0, 0x4, 0xb2, 0x0, 0xb, 0xe4, 0xd4, 0x0,

    /* U+1EF6 "Ỷ" */
    0x0, 0x5, 0xc3, 0x0, 0x0, 0x0, 0x74, 0x0,
    0x0, 0x0, 0x20, 0x0, 0xc, 0x60, 0x0, 0x8b,
    0x3, 0xe0, 0x1, 0xf2, 0x0, 0xa8, 0x9, 0x90,
    0x0, 0x2e, 0x4e, 0x10, 0x0, 0x8, 0xf6, 0x0,
    0x0, 0x1, 0xf0, 0x0, 0x0, 0x1, 0xf0, 0x0,
    0x0, 0x1, 0xf0, 0x0, 0x0, 0x1, 0xf0, 0x0,

    /* U+1EF7 "ỷ" */
    0x0, 0x8c, 0x0, 0x0, 0x0, 0xa1, 0x0, 0x0,
    0x2, 0x0, 0x9, 0x80, 0x1, 0xf0, 0x3d, 0x0,
    0x6b, 0x0, 0xe2, 0xa, 0x50, 0x9, 0x70, 0xe0,
    0x0, 0x3c, 0x4b, 0x0, 0x0, 0xeb, 0x60, 0x0,
    0x9, 0xf1, 0x0, 0x0, 0x4b, 0x0, 0x0, 0xbe,
    0x40, 0x0,

    /* U+1EF8 "Ỹ" */
    0x0, 0x1b, 0x64, 0x30, 0x0, 0x53, 0x7a, 0x0,
    0x0, 0x0, 0x0, 0x0, 0xc, 0x60, 0x0, 0x8b,
    0x3, 0xe0, 0x1, 0xf2, 0x0, 0xa8, 0x9, 0x90,
    0x0, 0x2e, 0x4e, 0x10, 0x0, 0x8, 0xf6, 0x0,
    0x0, 0x1, 0xf0, 0x0, 0x0, 0x1, 0xf0, 0x0,
    0x0, 0x1, 0xf0, 0x0, 0x0, 0x1, 0xf0, 0x0,

    /* U+1EF9 "ỹ" */
    0x5, 0xbb, 0xa0, 0x0, 0x0, 0x0, 0x0, 0x98,
    0x0, 0x1f, 0x3, 0xd0, 0x6, 0xb0, 0xe, 0x20,
    0xa5, 0x0, 0x97, 0xe, 0x0, 0x3, 0xc4, 0xb0,
    0x0, 0xe, 0xb6, 0x0, 0x0, 0x9f, 0x10, 0x0,
    0x4, 0xb0, 0x0, 0xb, 0xe4, 0x0, 0x0,

    /* U+2013 "–" */
    0x6e, 0xee, 0xee, 0x80, 0x11, 0x11, 0x10,

    /* U+2014 "—" */
    0x6e, 0xee, 0xee, 0xee, 0xee, 0x50, 0x11, 0x11,
    0x11, 0x11, 0x10,

    /* U+2015 "―" */
    0x8d, 0xdd, 0xdd, 0x50,

    /* U+2016 "‖" */
    0xe0, 0xe0, 0xe0, 0xe0, 0xe0, 0xe0, 0xe0, 0xe0,
    0xe0, 0xe0, 0xe0, 0xe0, 0xe0, 0xe0, 0xe0, 0xe0,
    0xe0, 0xe0,

    /* U+2017 "‗" */
    0x9, 0x99, 0x99, 0x90, 0x9, 0x99, 0x99, 0x90,

    /* U+2018 "‘" */
    0x9, 0x47, 0x7e, 0x24,

    /* U+2019 "’" */
    0x7e, 0x3c, 0x27, 0x21,

    /* U+201A "‚" */
    0x36, 0x7e, 0x9, 0x45,

    /* U+201B "‛" */
    0x3e, 0x28, 0x5,

    /* U+201C "“" */
    0x9, 0x9, 0x47, 0x47, 0x7e, 0x7e, 0x24, 0x24,

    /* U+201D "”" */
    0x7e, 0x7e, 0x3c, 0x3c, 0x27, 0x27, 0x21, 0x21,

    /* U+201E "„" */
    0x36, 0x36, 0x7e, 0x7d, 0x9, 0x9, 0x45, 0x44,

    /* U+201F "‟" */
    0x7a, 0xa7, 0x64, 0x91, 0x5, 0x14,

    /* U+2020 "†" */
    0x0, 0xf0, 0x0, 0xf, 0x0, 0xef, 0xff, 0xe0,
    0xf, 0x0, 0x0, 0xf0, 0x0, 0xf, 0x0, 0x0,
    0xf0, 0x0, 0xf, 0x0, 0x0, 0xf0, 0x0,

    /* U+2021 "‡" */
    0x0, 0xf0, 0x0, 0xf, 0x0, 0xef, 0xff, 0xe0,
    0xf, 0x0, 0x0, 0xf0, 0x0, 0xf, 0x0, 0xdf,
    0xff, 0xe0, 0xf, 0x0, 0x0, 0xf0, 0x0,

    /* U+2022 "•" */
    0x1a, 0x90, 0x6f, 0xf2, 0x2e, 0xc0,

    /* U+2023 "‣" */
    0x33, 0x0, 0x6f, 0xb2, 0x6f, 0xc3, 0x34, 0x0,

    /* U+2024 "․" */
    0x20, 0xf4,

    /* U+2025 "‥" */
    0x20, 0x1, 0x1f, 0x40, 0x99,

    /* U+2026 "…" */
    0x36, 0x17, 0x17, 0x27, 0xe4, 0xf2, 0xf5,

    /* U+203A "›" */
    0x12, 0x0, 0x1d, 0x40, 0x2, 0xe2, 0x0, 0x96,
    0x4, 0xd1, 0x2e, 0x30,

    /* U+2713 "✓" */
    0x0, 0x0, 0x0, 0x5, 0x30, 0x0, 0x0, 0xa,
    0xd1, 0x0, 0x0, 0x6, 0xe1, 0x0, 0x0, 0x2,
    0xf4, 0x0, 0x0, 0x0, 0xba, 0x0, 0x0, 0x0,
    0x4f, 0x10, 0x0, 0xaf, 0x3c, 0x90, 0x0, 0x2,
    0xfe, 0xf1, 0x0, 0x0, 0x5, 0xfa, 0x0, 0x0,
    0x0, 0x1, 0x0, 0x0, 0x0,

    /* U+2717 "✗" */
    0x1, 0x70, 0x0, 0x20, 0x1f, 0x40, 0xc7, 0x0,
    0xdc, 0xcb, 0x0, 0x9, 0xff, 0x20, 0x0, 0x9f,
    0x80, 0x0, 0x6f, 0xf9, 0x0, 0x4f, 0xbb, 0xf1,
    0xd, 0xb0, 0x1d, 0x70, 0x40, 0x0, 0x0, 0x0
};


/*---------------------
 *  GLYPH DESCRIPTION
 *--------------------*/

static const lv_font_fmt_txt_glyph_dsc_t glyph_dsc[] = {
    {.bitmap_index = 0, .adv_w = 0, .box_w = 0, .box_h = 0, .ofs_x = 0, .ofs_y = 0} /* id = 0 reserved */,
    {.bitmap_index = 0, .adv_w = 48, .box_w = 0, .box_h = 0, .ofs_x = 0, .ofs_y = 0},
    {.bitmap_index = 0, .adv_w = 41, .box_w = 2, .box_h = 9, .ofs_x = 0, .ofs_y = 0},
    {.bitmap_index = 9, .adv_w = 66, .box_w = 4, .box_h = 4, .ofs_x = 0, .ofs_y = 5},
    {.bitmap_index = 17, .adv_w = 92, .box_w = 7, .box_h = 9, .ofs_x = -1, .ofs_y = 0},
    {.bitmap_index = 49, .adv_w = 121, .box_w = 7, .box_h = 12, .ofs_x = 0, .ofs_y = -1},
    {.bitmap_index = 91, .adv_w = 154, .box_w = 10, .box_h = 9, .ofs_x = 0, .ofs_y = 0},
    {.bitmap_index = 136, .adv_w = 119, .box_w = 8, .box_h = 9, .ofs_x = 0, .ofs_y = 0},
    {.bitmap_index = 172, .adv_w = 34, .box_w = 2, .box_h = 4, .ofs_x = 0, .ofs_y = 5},
    {.bitmap_index = 176, .adv_w = 53, .box_w = 4, .box_h = 11, .ofs_x = 0, .ofs_y = -1},
    {.bitmap_index = 198, .adv_w = 53, .box_w = 3, .box_h = 11, .ofs_x = 0, .ofs_y = -1},
    {.bitmap_index = 215, .adv_w = 83, .box_w = 5, .box_h = 5, .ofs_x = 0, .ofs_y = 5},
    {.bitmap_index = 228, .adv_w = 107, .box_w = 7, .box_h = 6, .ofs_x = 0, .ofs_y = 1},
    {.bitmap_index = 249, .adv_w = 39, .box_w = 2, .box_h = 4, .ofs_x = 0, .ofs_y = -2},
    {.bitmap_index = 253, .adv_w = 80, .box_w = 5, .box_h = 2, .ofs_x = 0, .ofs_y = 2},
    {.bitmap_index = 258, .adv_w = 39, .box_w = 2, .box_h = 2, .ofs_x = 0, .ofs_y = 0},
    {.bitmap_index = 260, .adv_w = 92, .box_w = 5, .box_h = 11, .ofs_x = 0, .ofs_y = -1},
    {.bitmap_index = 288, .adv_w = 127, .box_w = 8, .box_h = 9, .ofs_x = 0, .ofs_y = 0},
    {.bitmap_index = 324, .adv_w = 74, .box_w = 4, .box_h = 9, .ofs_x = 0, .ofs_y = 0},
    {.bitmap_index = 342, .adv_w = 119, .box_w = 7, .box_h = 9, .ofs_x = 0, .ofs_y = 0},
    {.bitmap_index = 374, .adv_w = 118, .box_w = 7, .box_h = 9, .ofs_x = 0, .ofs_y = 0},
    {.bitmap_index = 406, .adv_w = 118, .box_w = 7, .box_h = 9, .ofs_x = 0, .ofs_y = 0},
    {.bitmap_index = 438, .adv_w = 120, .box_w = 7, .box_h = 9, .ofs_x = 0, .ofs_y = 0},
    {.bitmap_index = 470, .adv_w = 114, .box_w = 7, .box_h = 9, .ofs_x = 0, .ofs_y = 0},
    {.bitmap_index = 502, .adv_w = 101, .box_w = 7, .box_h = 9, .ofs_x = 0, .ofs_y = 0},
    {.bitmap_index = 534, .adv_w = 116, .box_w = 7, .box_h = 9, .ofs_x = 0, .ofs_y = 0},
    {.bitmap_index = 566, .adv_w = 114, .box_w = 7, .box_h = 9, .ofs_x = 0, .ofs_y = 0},
    {.bitmap_index = 598, .adv_w = 57, .box_w = 2, .box_h = 7, .ofs_x = 1, .ofs_y = 0},
    {.bitmap_index = 605, .adv_w = 57, .box_w = 2, .box_h = 9, .ofs_x = 1, .ofs_y = -2},
    {.bitmap_index = 614, .adv_w = 104, .box_w = 6, .box_h = 8, .ofs_x = 0, .ofs_y = 0},
    {.bitmap_index = 638, .adv_w = 104, .box_w = 6, .box_h = 4, .ofs_x = 0, .ofs_y = 2},
    {.bitmap_index = 650, .adv_w = 104, .box_w = 7, .box_h = 8, .ofs_x = 0, .ofs_y = 0},
    {.bitmap_index = 678, .adv_w = 107, .box_w = 7, .box_h = 9, .ofs_x = 0, .ofs_y = 0},
    {.bitmap_index = 710, .adv_w = 174, .box_w = 11, .box_h = 11, .ofs_x = 0, .ofs_y = -2},
    {.bitmap_index = 771, .adv_w = 128, .box_w = 8, .box_h = 9, .ofs_x = 0, .ofs_y = 0},
    {.bitmap_index = 807, .adv_w = 131, .box_w = 7, .box_h = 9, .ofs_x = 1, .ofs_y = 0},
    {.bitmap_index = 839, .adv_w = 135, .box_w = 8, .box_h = 9, .ofs_x = 0, .ofs_y = 0},
    {.bitmap_index = 875, .adv_w = 133, .box_w = 7, .box_h = 9, .ofs_x = 1, .ofs_y = 0},
    {.bitmap_index = 907, .adv_w = 116, .box_w = 6, .box_h = 9, .ofs_x = 1, .ofs_y = 0},
    {.bitmap_index = 934, .adv_w = 113, .box_w = 6, .box_h = 9, .ofs_x = 1, .ofs_y = 0},
    {.bitmap_index = 961, .adv_w = 134, .box_w = 8, .box_h = 9, .ofs_x = 0, .ofs_y = 0},
    {.bitmap_index = 997, .adv_w = 137, .box_w = 7, .box_h = 9, .ofs_x = 1, .ofs_y = 0},
    {.bitmap_index = 1029, .adv_w = 52, .box_w = 2, .box_h = 9, .ofs_x = 1, .ofs_y = 0},
    {.bitmap_index = 1038, .adv_w = 115, .box_w = 7, .box_h = 9, .ofs_x = 0, .ofs_y = 0},
    {.bitmap_index = 1070, .adv_w = 123, .box_w = 7, .box_h = 9, .ofs_x = 1, .ofs_y = 0},
    {.bitmap_index = 1102, .adv_w = 111, .box_w = 6, .box_h = 9, .ofs_x = 1, .ofs_y = 0},
    {.bitmap_index = 1129, .adv_w = 168, .box_w = 9, .box_h = 9, .ofs_x = 1, .ofs_y = 0},
    {.bitmap_index = 1170, .adv_w = 143, .box_w = 7, .box_h = 9, .ofs_x = 1, .ofs_y = 0},
    {.bitmap_index = 1202, .adv_w = 142, .box_w = 9, .box_h = 9, .ofs_x = 0, .ofs_y = 0},
    {.bitmap_index = 1243, .adv_w = 125, .box_w = 7, .box_h = 9, .ofs_x = 1, .ofs_y = 0},
    {.bitmap_index = 1275, .adv_w = 141, .box_w = 9, .box_h = 10, .ofs_x = 0, .ofs_y = -1},
    {.bitmap_index = 1320, .adv_w = 129, .box_w = 7, .box_h = 9, .ofs_x = 1, .ofs_y = 0},
    {.bitmap_index = 1352, .adv_w = 123, .box_w = 8, .box_h = 9, .ofs_x = 0, .ofs_y = 0},
    {.bitmap_index = 1388, .adv_w = 106, .box_w = 7, .box_h = 9, .ofs_x = 0, .ofs_y = 0},
    {.bitmap_index = 1420, .adv_w = 132, .box_w = 8, .box_h = 9, .ofs_x = 0, .ofs_y = 0},
    {.bitmap_index = 1456, .adv_w = 128, .box_w = 8, .box_h = 9, .ofs_x = 0, .ofs_y = 0},
    {.bitmap_index = 1492, .adv_w = 181, .box_w = 11, .box_h = 9, .ofs_x = 0, .ofs_y = 0},
    {.bitmap_index = 1542, .adv_w = 116, .box_w = 8, .box_h = 9, .ofs_x = 0, .ofs_y = 0},
    {.bitmap_index = 1578, .adv_w = 111, .box_w = 8, .box_h = 9, .ofs_x = -1, .ofs_y = 0},
    {.bitmap_index = 1614, .adv_w = 104, .box_w = 7, .box_h = 9, .ofs_x = 0, .ofs_y = 0},
    {.bitmap_index = 1646, .adv_w = 67, .box_w = 3, .box_h = 11, .ofs_x = 1, .ofs_y = -1},
    {.bitmap_index = 1663, .adv_w = 87, .box_w = 5, .box_h = 11, .ofs_x = 0, .ofs_y = -1},
    {.bitmap_index = 1691, .adv_w = 67, .box_w = 4, .box_h = 11, .ofs_x = 0, .ofs_y = -1},
    {.bitmap_index = 1713, .adv_w = 82, .box_w = 5, .box_h = 4, .ofs_x = 0, .ofs_y = 5},
    {.bitmap_index = 1723, .adv_w = 107, .box_w = 7, .box_h = 2, .ofs_x = 0, .ofs_y = -2},
    {.bitmap_index = 1730, .adv_w = 48, .box_w = 3, .box_h = 2, .ofs_x = 0, .ofs_y = 8},
    {.bitmap_index = 1733, .adv_w = 106, .box_w = 7, .box_h = 7, .ofs_x = 0, .ofs_y = 0},
    {.bitmap_index = 1758, .adv_w = 114, .box_w = 7, .box_h = 9, .ofs_x = 0, .ofs_y = 0},
    {.bitmap_index = 1790, .adv_w = 105, .box_w = 7, .box_h = 7, .ofs_x = 0, .ofs_y = 0},
    {.bitmap_index = 1815, .adv_w = 114, .box_w = 7, .box_h = 9, .ofs_x = 0, .ofs_y = 0},
    {.bitmap_index = 1847, .adv_w = 108, .box_w = 7, .box_h = 7, .ofs_x = 0, .ofs_y = 0},
    {.bitmap_index = 1872, .adv_w = 76, .box_w = 5, .box_h = 9, .ofs_x = 0, .ofs_y = 0},
    {.bitmap_index = 1895, .adv_w = 114, .box_w = 7, .box_h = 9, .ofs_x = 0, .ofs_y = -2},
    {.bitmap_index = 1927, .adv_w = 112, .box_w = 7, .box_h = 9, .ofs_x = 0, .ofs_y = 0},
    {.bitmap_index = 1959, .adv_w = 47, .box_w = 2, .box_h = 9, .ofs_x = 0, .ofs_y = 0},
    {.bitmap_index = 1968, .adv_w = 50, .box_w = 4, .box_h = 11, .ofs_x = -1, .ofs_y = -2},
    {.bitmap_index = 1990, .adv_w = 113, .box_w = 7, .box_h = 9, .ofs_x = 0, .ofs_y = 0},
    {.bitmap_index = 2022, .adv_w = 51, .box_w = 3, .box_h = 9, .ofs_x = 0, .ofs_y = 0},
    {.bitmap_index = 2036, .adv_w = 168, .box_w = 10, .box_h = 7, .ofs_x = 0, .ofs_y = 0},
    {.bitmap_index = 2071, .adv_w = 112, .box_w = 7, .box_h = 7, .ofs_x = 0, .ofs_y = 0},
    {.bitmap_index = 2096, .adv_w = 110, .box_w = 7, .box_h = 7, .ofs_x = 0, .ofs_y = 0},
    {.bitmap_index = 2121, .adv_w = 114, .box_w = 7, .box_h = 9, .ofs_x = 0, .ofs_y = -2},
    {.bitmap_index = 2153, .adv_w = 114, .box_w = 7, .box_h = 9, .ofs_x = 0, .ofs_y = -2},
    {.bitmap_index = 2185, .adv_w = 73, .box_w = 5, .box_h = 7, .ofs_x = 0, .ofs_y = 0},
    {.bitmap_index = 2203, .adv_w = 100, .box_w = 6, .box_h = 7, .ofs_x = 0, .ofs_y = 0},
    {.bitmap_index = 2224, .adv_w = 75, .box_w = 5, .box_h = 9, .ofs_x = 0, .ofs_y = 0},
    {.bitmap_index = 2247, .adv_w = 110, .box_w = 6, .box_h = 7, .ofs_x = 0, .ofs_y = 0},
    {.bitmap_index = 2268, .adv_w = 103, .box_w = 7, .box_h = 7, .ofs_x = 0, .ofs_y = 0},
    {.bitmap_index = 2293, .adv_w = 157, .box_w = 10, .box_h = 7, .ofs_x = 0, .ofs_y = 0},
    {.bitmap_index = 2328, .adv_w = 112, .box_w = 7, .box_h = 7, .ofs_x = 0, .ofs_y = 0},
    {.bitmap_index = 2353, .adv_w = 103, .box_w = 7, .box_h = 9, .ofs_x = 0, .ofs_y = -2},
    {.bitmap_index = 2385, .adv_w = 103, .box_w = 6, .box_h = 7, .ofs_x = 0, .ofs_y = 0},
    {.bitmap_index = 2406, .adv_w = 75, .box_w = 5, .box_h = 11, .ofs_x = 0, .ofs_y = -1},
    {.bitmap_index = 2434, .adv_w = 51, .box_w = 2, .box_h = 11, .ofs_x = 1, .ofs_y = -1},
    {.bitmap_index = 2445, .adv_w = 75, .box_w = 5, .box_h = 11, .ofs_x = 0, .ofs_y = -1},
    {.bitmap_index = 2473, .adv_w = 100, .box_w = 6, .box_h = 3, .ofs_x = 0, .ofs_y = 3},
    {.bitmap_index = 2482, .adv_w = 48, .box_w = 0, .box_h = 0, .ofs_x = 0, .ofs_y = 0},
    {.bitmap_index = 2482, .adv_w = 41, .box_w = 2, .box_h = 9, .ofs_x = 0, .ofs_y = -2},
    {.bitmap_index = 2491, .adv_w = 105, .box_w = 7, .box_h = 9, .ofs_x = 0, .ofs_y = 0},
    {.bitmap_index = 2523, .adv_w = 117, .box_w = 7, .box_h = 9, .ofs_x = 0, .ofs_y = 0},
    {.bitmap_index = 2555, .adv_w = 120, .box_w = 7, .box_h = 8, .ofs_x = 0, .ofs_y = 0},
    {.bitmap_index = 2583, .adv_w = 111, .box_w = 8, .box_h = 9, .ofs_x = -1, .ofs_y = 0},
    {.bitmap_index = 2619, .adv_w = 51, .box_w = 2, .box_h = 11, .ofs_x = 1, .ofs_y = -1},
    {.bitmap_index = 2630, .adv_w = 105, .box_w = 6, .box_h = 11, .ofs_x = 0, .ofs_y = -2},
    {.bitmap_index = 2663, .adv_w = 67, .box_w = 4, .box_h = 3, .ofs_x = 0, .ofs_y = 7},
    {.bitmap_index = 2669, .adv_w = 159, .box_w = 10, .box_h = 11, .ofs_x = 0, .ofs_y = -1},
    {.bitmap_index = 2724, .adv_w = 77, .box_w = 5, .box_h = 4, .ofs_x = 0, .ofs_y = 5},
    {.bitmap_index = 2734, .adv_w = 102, .box_w = 6, .box_h = 6, .ofs_x = 0, .ofs_y = 1},
    {.bitmap_index = 2752, .adv_w = 96, .box_w = 6, .box_h = 4, .ofs_x = 0, .ofs_y = 0},
    {.bitmap_index = 2764, .adv_w = 64, .box_w = 4, .box_h = 1, .ofs_x = 0, .ofs_y = 2},
    {.bitmap_index = 2766, .adv_w = 122, .box_w = 8, .box_h = 7, .ofs_x = 0, .ofs_y = 2},
    {.bitmap_index = 2794, .adv_w = 68, .box_w = 4, .box_h = 1, .ofs_x = 0, .ofs_y = 8},
    {.bitmap_index = 2796, .adv_w = 78, .box_w = 5, .box_h = 4, .ofs_x = 0, .ofs_y = 5},
    {.bitmap_index = 2806, .adv_w = 103, .box_w = 6, .box_h = 8, .ofs_x = 0, .ofs_y = 0},
    {.bitmap_index = 2830, .adv_w = 67, .box_w = 4, .box_h = 5, .ofs_x = 0, .ofs_y = 4},
    {.bitmap_index = 2840, .adv_w = 64, .box_w = 4, .box_h = 5, .ofs_x = 0, .ofs_y = 4},
    {.bitmap_index = 2850, .adv_w = 48, .box_w = 3, .box_h = 2, .ofs_x = 0, .ofs_y = 8},
    {.bitmap_index = 2853, .adv_w = 110, .box_w = 6, .box_h = 9, .ofs_x = 0, .ofs_y = -2},
    {.bitmap_index = 2880, .adv_w = 114, .box_w = 7, .box_h = 9, .ofs_x = 0, .ofs_y = 0},
    {.bitmap_index = 2912, .adv_w = 39, .box_w = 2, .box_h = 3, .ofs_x = 0, .ofs_y = 3},
    {.bitmap_index = 2915, .adv_w = 61, .box_w = 4, .box_h = 3, .ofs_x = 0, .ofs_y = -3},
    {.bitmap_index = 2921, .adv_w = 46, .box_w = 3, .box_h = 5, .ofs_x = 0, .ofs_y = 4},
    {.bitmap_index = 2929, .adv_w = 80, .box_w = 5, .box_h = 4, .ofs_x = 0, .ofs_y = 5},
    {.bitmap_index = 2939, .adv_w = 103, .box_w = 6, .box_h = 6, .ofs_x = 0, .ofs_y = 1},
    {.bitmap_index = 2957, .adv_w = 141, .box_w = 9, .box_h = 10, .ofs_x = 0, .ofs_y = 0},
    {.bitmap_index = 3002, .adv_w = 154, .box_w = 10, .box_h = 10, .ofs_x = 0, .ofs_y = 0},
    {.bitmap_index = 3052, .adv_w = 150, .box_w = 10, .box_h = 9, .ofs_x = 0, .ofs_y = 0},
    {.bitmap_index = 3097, .adv_w = 107, .box_w = 7, .box_h = 10, .ofs_x = 0, .ofs_y = -2},
    {.bitmap_index = 3132, .adv_w = 128, .box_w = 8, .box_h = 12, .ofs_x = 0, .ofs_y = 0},
    {.bitmap_index = 3180, .adv_w = 128, .box_w = 8, .box_h = 12, .ofs_x = 0, .ofs_y = 0},
    {.bitmap_index = 3228, .adv_w = 128, .box_w = 8, .box_h = 12, .ofs_x = 0, .ofs_y = 0},
    {.bitmap_index = 3276, .adv_w = 128, .box_w = 8, .box_h = 12, .ofs_x = 0, .ofs_y = 0},
    {.bitmap_index = 3324, .adv_w = 128, .box_w = 8, .box_h = 12, .ofs_x = 0, .ofs_y = 0},
    {.bitmap_index = 3372, .adv_w = 128, .box_w = 8, .box_h = 12, .ofs_x = 0, .ofs_y = 0},
    {.bitmap_index = 3420, .adv_w = 187, .box_w = 11, .box_h = 9, .ofs_x = 0, .ofs_y = 0},
    {.bitmap_index = 3470, .adv_w = 135, .box_w = 8, .box_h = 12, .ofs_x = 0, .ofs_y = -3},
    {.bitmap_index = 3518, .adv_w = 116, .box_w = 6, .box_h = 12, .ofs_x = 1, .ofs_y = 0},
    {.bitmap_index = 3554, .adv_w = 116, .box_w = 6, .box_h = 12, .ofs_x = 1, .ofs_y = 0},
    {.bitmap_index = 3590, .adv_w = 116, .box_w = 6, .box_h = 12, .ofs_x = 1, .ofs_y = 0},
    {.bitmap_index = 3626, .adv_w = 116, .box_w = 6, .box_h = 12, .ofs_x = 1, .ofs_y = 0},
    {.bitmap_index = 3662, .adv_w = 52, .box_w = 3, .box_h = 12, .ofs_x = 0, .ofs_y = 0},
    {.bitmap_index = 3680, .adv_w = 52, .box_w = 3, .box_h = 12, .ofs_x = 1, .ofs_y = 0},
    {.bitmap_index = 3698, .adv_w = 52, .box_w = 5, .box_h = 12, .ofs_x = -1, .ofs_y = 0},
    {.bitmap_index = 3728, .adv_w = 52, .box_w = 4, .box_h = 12, .ofs_x = 0, .ofs_y = 0},
    {.bitmap_index = 3752, .adv_w = 133, .box_w = 8, .box_h = 9, .ofs_x = 0, .ofs_y = 0},
    {.bitmap_index = 3788, .adv_w = 143, .box_w = 7, .box_h = 12, .ofs_x = 1, .ofs_y = 0},
    {.bitmap_index = 3830, .adv_w = 142, .box_w = 9, .box_h = 12, .ofs_x = 0, .ofs_y = 0},
    {.bitmap_index = 3884, .adv_w = 142, .box_w = 9, .box_h = 12, .ofs_x = 0, .ofs_y = 0},
    {.bitmap_index = 3938, .adv_w = 142, .box_w = 9, .box_h = 12, .ofs_x = 0, .ofs_y = 0},
    {.bitmap_index = 3992, .adv_w = 142, .box_w = 9, .box_h = 12, .ofs_x = 0, .ofs_y = 0},
    {.bitmap_index = 4046, .adv_w = 142, .box_w = 9, .box_h = 13, .ofs_x = 0, .ofs_y = 0},
    {.bitmap_index = 4105, .adv_w = 96, .box_w = 6, .box_h = 6, .ofs_x = 0, .ofs_y = 1},
    {.bitmap_index = 4123, .adv_w = 142, .box_w = 9, .box_h = 9, .ofs_x = 0, .ofs_y = 0},
    {.bitmap_index = 4164, .adv_w = 132, .box_w = 8, .box_h = 12, .ofs_x = 0, .ofs_y = 0},
    {.bitmap_index = 4212, .adv_w = 132, .box_w = 8, .box_h = 12, .ofs_x = 0, .ofs_y = 0},
    {.bitmap_index = 4260, .adv_w = 132, .box_w = 8, .box_h = 12, .ofs_x = 0, .ofs_y = 0},
    {.bitmap_index = 4308, .adv_w = 132, .box_w = 8, .box_h = 13, .ofs_x = 0, .ofs_y = 0},
    {.bitmap_index = 4360, .adv_w = 111, .box_w = 8, .box_h = 12, .ofs_x = -1, .ofs_y = 0},
    {.bitmap_index = 4408, .adv_w = 119, .box_w = 6, .box_h = 9, .ofs_x = 1, .ofs_y = 0},
    {.bitmap_index = 4435, .adv_w = 113, .box_w = 7, .box_h = 9, .ofs_x = 0, .ofs_y = 0},
    {.bitmap_index = 4467, .adv_w = 106, .box_w = 7, .box_h = 9, .ofs_x = 0, .ofs_y = 0},
    {.bitmap_index = 4499, .adv_w = 106, .box_w = 7, .box_h = 9, .ofs_x = 0, .ofs_y = 0},
    {.bitmap_index = 4531, .adv_w = 106, .box_w = 7, .box_h = 9, .ofs_x = 0, .ofs_y = 0},
    {.bitmap_index = 4563, .adv_w = 106, .box_w = 7, .box_h = 9, .ofs_x = 0, .ofs_y = 0},
    {.bitmap_index = 4595, .adv_w = 106, .box_w = 7, .box_h = 9, .ofs_x = 0, .ofs_y = 0},
    {.bitmap_index = 4627, .adv_w = 106, .box_w = 7, .box_h = 10, .ofs_x = 0, .ofs_y = 0},
    {.bitmap_index = 4662, .adv_w = 176, .box_w = 11, .box_h = 7, .ofs_x = 0, .ofs_y = 0},
    {.bitmap_index = 4701, .adv_w = 105, .box_w = 7, .box_h = 10, .ofs_x = 0, .ofs_y = -3},
    {.bitmap_index = 4736, .adv_w = 108, .box_w = 7, .box_h = 9, .ofs_x = 0, .ofs_y = 0},
    {.bitmap_index = 4768, .adv_w = 108, .box_w = 7, .box_h = 9, .ofs_x = 0, .ofs_y = 0},
    {.bitmap_index = 4800, .adv_w = 108, .box_w = 7, .box_h = 9, .ofs_x = 0, .ofs_y = 0},
    {.bitmap_index = 4832, .adv_w = 108, .box_w = 7, .box_h = 9, .ofs_x = 0, .ofs_y = 0},
    {.bitmap_index = 4864, .adv_w = 47, .box_w = 2, .box_h = 9, .ofs_x = 0, .ofs_y = 0},
    {.bitmap_index = 4873, .adv_w = 47, .box_w = 3, .box_h = 9, .ofs_x = 0, .ofs_y = 0},
    {.bitmap_index = 4887, .adv_w = 47, .box_w = 5, .box_h = 9, .ofs_x = -1, .ofs_y = 0},
    {.bitmap_index = 4910, .adv_w = 47, .box_w = 3, .box_h = 9, .ofs_x = 0, .ofs_y = 0},
    {.bitmap_index = 4924, .adv_w = 110, .box_w = 7, .box_h = 10, .ofs_x = 0, .ofs_y = 0},
    {.bitmap_index = 4959, .adv_w = 112, .box_w = 7, .box_h = 9, .ofs_x = 0, .ofs_y = 0},
    {.bitmap_index = 4991, .adv_w = 110, .box_w = 7, .box_h = 9, .ofs_x = 0, .ofs_y = 0},
    {.bitmap_index = 5023, .adv_w = 110, .box_w = 7, .box_h = 9, .ofs_x = 0, .ofs_y = 0},
    {.bitmap_index = 5055, .adv_w = 110, .box_w = 7, .box_h = 9, .ofs_x = 0, .ofs_y = 0},
    {.bitmap_index = 5087, .adv_w = 110, .box_w = 7, .box_h = 9, .ofs_x = 0, .ofs_y = 0},
    {.bitmap_index = 5119, .adv_w = 110, .box_w = 7, .box_h = 9, .ofs_x = 0, .ofs_y = 0},
    {.bitmap_index = 5151, .adv_w = 104, .box_w = 6, .box_h = 6, .ofs_x = 0, .ofs_y = 1},
    {.bitmap_index = 5169, .adv_w = 110, .box_w = 7, .box_h = 7, .ofs_x = 0, .ofs_y = 0},
    {.bitmap_index = 5194, .adv_w = 110, .box_w = 6, .box_h = 9, .ofs_x = 0, .ofs_y = 0},
    {.bitmap_index = 5221, .adv_w = 110, .box_w = 6, .box_h = 9, .ofs_x = 0, .ofs_y = 0},
    {.bitmap_index = 5248, .adv_w = 110, .box_w = 6, .box_h = 9, .ofs_x = 0, .ofs_y = 0},
    {.bitmap_index = 5275, .adv_w = 110, .box_w = 6, .box_h = 9, .ofs_x = 0, .ofs_y = 0},
    {.bitmap_index = 5302, .adv_w = 103, .box_w = 7, .box_h = 11, .ofs_x = 0, .ofs_y = -2},
    {.bitmap_index = 5341, .adv_w = 114, .box_w = 7, .box_h = 11, .ofs_x = 0, .ofs_y = -2},
    {.bitmap_index = 5380, .adv_w = 103, .box_w = 7, .box_h = 11, .ofs_x = 0, .ofs_y = -2},
    {.bitmap_index = 5419, .adv_w = 128, .box_w = 8, .box_h = 11, .ofs_x = 0, .ofs_y = 0},
    {.bitmap_index = 5463, .adv_w = 106, .box_w = 7, .box_h = 9, .ofs_x = 0, .ofs_y = 0},
    {.bitmap_index = 5495, .adv_w = 128, .box_w = 8, .box_h = 12, .ofs_x = 0, .ofs_y = 0},
    {.bitmap_index = 5543, .adv_w = 106, .box_w = 7, .box_h = 9, .ofs_x = 0, .ofs_y = 0},
    {.bitmap_index = 5575, .adv_w = 128, .box_w = 9, .box_h = 12, .ofs_x = 0, .ofs_y = -3},
    {.bitmap_index = 5629, .adv_w = 106, .box_w = 7, .box_h = 10, .ofs_x = 0, .ofs_y = -3},
    {.bitmap_index = 5664, .adv_w = 135, .box_w = 8, .box_h = 12, .ofs_x = 0, .ofs_y = 0},
    {.bitmap_index = 5712, .adv_w = 105, .box_w = 7, .box_h = 9, .ofs_x = 0, .ofs_y = 0},
    {.bitmap_index = 5744, .adv_w = 135, .box_w = 8, .box_h = 12, .ofs_x = 0, .ofs_y = 0},
    {.bitmap_index = 5792, .adv_w = 105, .box_w = 7, .box_h = 9, .ofs_x = 0, .ofs_y = 0},
    {.bitmap_index = 5824, .adv_w = 135, .box_w = 8, .box_h = 13, .ofs_x = 0, .ofs_y = 0},
    {.bitmap_index = 5876, .adv_w = 105, .box_w = 7, .box_h = 9, .ofs_x = 0, .ofs_y = 0},
    {.bitmap_index = 5908, .adv_w = 135, .box_w = 8, .box_h = 12, .ofs_x = 0, .ofs_y = 0},
    {.bitmap_index = 5956, .adv_w = 105, .box_w = 7, .box_h = 9, .ofs_x = 0, .ofs_y = 0},
    {.bitmap_index = 5988, .adv_w = 133, .box_w = 7, .box_h = 12, .ofs_x = 1, .ofs_y = 0},
    {.bitmap_index = 6030, .adv_w = 127, .box_w = 9, .box_h = 9, .ofs_x = 0, .ofs_y = 0},
    {.bitmap_index = 6071, .adv_w = 133, .box_w = 8, .box_h = 9, .ofs_x = 0, .ofs_y = 0},
    {.bitmap_index = 6107, .adv_w = 114, .box_w = 7, .box_h = 9, .ofs_x = 0, .ofs_y = 0},
    {.bitmap_index = 6139, .adv_w = 116, .box_w = 6, .box_h = 11, .ofs_x = 1, .ofs_y = 0},
    {.bitmap_index = 6172, .adv_w = 108, .box_w = 7, .box_h = 9, .ofs_x = 0, .ofs_y = 0},
    {.bitmap_index = 6204, .adv_w = 128, .box_w = 8, .box_h = 10, .ofs_x = 0, .ofs_y = 0},
    {.bitmap_index = 6244, .adv_w = 107, .box_w = 7, .box_h = 8, .ofs_x = 0, .ofs_y = 0},
    {.bitmap_index = 6272, .adv_w = 116, .box_w = 6, .box_h = 12, .ofs_x = 1, .ofs_y = 0},
    {.bitmap_index = 6308, .adv_w = 108, .box_w = 7, .box_h = 9, .ofs_x = 0, .ofs_y = 0},
    {.bitmap_index = 6340, .adv_w = 116, .box_w = 6, .box_h = 12, .ofs_x = 1, .ofs_y = -3},
    {.bitmap_index = 6376, .adv_w = 108, .box_w = 7, .box_h = 10, .ofs_x = 0, .ofs_y = -3},
    {.bitmap_index = 6411, .adv_w = 116, .box_w = 6, .box_h = 12, .ofs_x = 1, .ofs_y = 0},
    {.bitmap_index = 6447, .adv_w = 108, .box_w = 7, .box_h = 9, .ofs_x = 0, .ofs_y = 0},
    {.bitmap_index = 6479, .adv_w = 134, .box_w = 8, .box_h = 12, .ofs_x = 0, .ofs_y = 0},
    {.bitmap_index = 6527, .adv_w = 114, .box_w = 7, .box_h = 11, .ofs_x = 0, .ofs_y = -2},
    {.bitmap_index = 6566, .adv_w = 134, .box_w = 8, .box_h = 12, .ofs_x = 0, .ofs_y = 0},
    {.bitmap_index = 6614, .adv_w = 114, .box_w = 7, .box_h = 11, .ofs_x = 0, .ofs_y = -2},
    {.bitmap_index = 6653, .adv_w = 134, .box_w = 8, .box_h = 13, .ofs_x = 0, .ofs_y = 0},
    {.bitmap_index = 6705, .adv_w = 114, .box_w = 7, .box_h = 11, .ofs_x = 0, .ofs_y = -2},
    {.bitmap_index = 6744, .adv_w = 134, .box_w = 8, .box_h = 13, .ofs_x = 0, .ofs_y = -4},
    {.bitmap_index = 6796, .adv_w = 114, .box_w = 7, .box_h = 13, .ofs_x = 0, .ofs_y = -2},
    {.bitmap_index = 6842, .adv_w = 137, .box_w = 7, .box_h = 12, .ofs_x = 1, .ofs_y = 0},
    {.bitmap_index = 6884, .adv_w = 112, .box_w = 8, .box_h = 12, .ofs_x = -1, .ofs_y = 0},
    {.bitmap_index = 6932, .adv_w = 137, .box_w = 9, .box_h = 9, .ofs_x = 0, .ofs_y = 0},
    {.bitmap_index = 6973, .adv_w = 112, .box_w = 7, .box_h = 9, .ofs_x = 0, .ofs_y = 0},
    {.bitmap_index = 7005, .adv_w = 52, .box_w = 5, .box_h = 12, .ofs_x = -1, .ofs_y = 0},
    {.bitmap_index = 7035, .adv_w = 47, .box_w = 5, .box_h = 9, .ofs_x = -1, .ofs_y = 0},
    {.bitmap_index = 7058, .adv_w = 52, .box_w = 4, .box_h = 11, .ofs_x = 0, .ofs_y = 0},
    {.bitmap_index = 7080, .adv_w = 47, .box_w = 5, .box_h = 9, .ofs_x = -1, .ofs_y = 0},
    {.bitmap_index = 7103, .adv_w = 53, .box_w = 5, .box_h = 10, .ofs_x = -1, .ofs_y = 0},
    {.bitmap_index = 7128, .adv_w = 43, .box_w = 5, .box_h = 8, .ofs_x = -1, .ofs_y = 0},
    {.bitmap_index = 7148, .adv_w = 52, .box_w = 3, .box_h = 12, .ofs_x = 0, .ofs_y = -3},
    {.bitmap_index = 7166, .adv_w = 47, .box_w = 3, .box_h = 12, .ofs_x = 0, .ofs_y = -3},
    {.bitmap_index = 7184, .adv_w = 52, .box_w = 2, .box_h = 12, .ofs_x = 1, .ofs_y = 0},
    {.bitmap_index = 7196, .adv_w = 47, .box_w = 2, .box_h = 7, .ofs_x = 0, .ofs_y = 0},
    {.bitmap_index = 7203, .adv_w = 163, .box_w = 9, .box_h = 9, .ofs_x = 1, .ofs_y = 0},
    {.bitmap_index = 7244, .adv_w = 95, .box_w = 5, .box_h = 11, .ofs_x = 0, .ofs_y = -2},
    {.bitmap_index = 7272, .adv_w = 115, .box_w = 8, .box_h = 12, .ofs_x = 0, .ofs_y = 0},
    {.bitmap_index = 7320, .adv_w = 50, .box_w = 5, .box_h = 11, .ofs_x = -1, .ofs_y = -2},
    {.bitmap_index = 7348, .adv_w = 123, .box_w = 7, .box_h = 13, .ofs_x = 1, .ofs_y = -4},
    {.bitmap_index = 7394, .adv_w = 113, .box_w = 7, .box_h = 13, .ofs_x = 0, .ofs_y = -4},
    {.bitmap_index = 7440, .adv_w = 84, .box_w = 6, .box_h = 6, .ofs_x = 0, .ofs_y = 0},
    {.bitmap_index = 7458, .adv_w = 111, .box_w = 6, .box_h = 12, .ofs_x = 1, .ofs_y = 0},
    {.bitmap_index = 7494, .adv_w = 51, .box_w = 3, .box_h = 11, .ofs_x = 0, .ofs_y = 0},
    {.bitmap_index = 7511, .adv_w = 111, .box_w = 6, .box_h = 13, .ofs_x = 1, .ofs_y = -4},
    {.bitmap_index = 7550, .adv_w = 51, .box_w = 3, .box_h = 13, .ofs_x = 0, .ofs_y = -4},
    {.bitmap_index = 7570, .adv_w = 111, .box_w = 6, .box_h = 9, .ofs_x = 1, .ofs_y = 0},
    {.bitmap_index = 7597, .adv_w = 61, .box_w = 5, .box_h = 9, .ofs_x = 0, .ofs_y = 0},
    {.bitmap_index = 7620, .adv_w = 107, .box_w = 7, .box_h = 8, .ofs_x = 0, .ofs_y = 0},
    {.bitmap_index = 7648, .adv_w = 61, .box_w = 4, .box_h = 8, .ofs_x = 0, .ofs_y = 0},
    {.bitmap_index = 7664, .adv_w = 111, .box_w = 7, .box_h = 9, .ofs_x = 0, .ofs_y = 0},
    {.bitmap_index = 7696, .adv_w = 51, .box_w = 3, .box_h = 9, .ofs_x = 0, .ofs_y = 0},
    {.bitmap_index = 7710, .adv_w = 143, .box_w = 7, .box_h = 12, .ofs_x = 1, .ofs_y = 0},
    {.bitmap_index = 7752, .adv_w = 112, .box_w = 7, .box_h = 9, .ofs_x = 0, .ofs_y = 0},
    {.bitmap_index = 7784, .adv_w = 143, .box_w = 7, .box_h = 13, .ofs_x = 1, .ofs_y = -4},
    {.bitmap_index = 7830, .adv_w = 112, .box_w = 7, .box_h = 11, .ofs_x = 0, .ofs_y = -4},
    {.bitmap_index = 7869, .adv_w = 143, .box_w = 7, .box_h = 12, .ofs_x = 1, .ofs_y = 0},
    {.bitmap_index = 7911, .adv_w = 112, .box_w = 7, .box_h = 9, .ofs_x = 0, .ofs_y = 0},
    {.bitmap_index = 7943, .adv_w = 120, .box_w = 8, .box_h = 8, .ofs_x = -1, .ofs_y = 0},
    {.bitmap_index = 7975, .adv_w = 143, .box_w = 7, .box_h = 11, .ofs_x = 1, .ofs_y = -2},
    {.bitmap_index = 8014, .adv_w = 112, .box_w = 7, .box_h = 9, .ofs_x = 0, .ofs_y = -2},
    {.bitmap_index = 8046, .adv_w = 142, .box_w = 9, .box_h = 12, .ofs_x = 0, .ofs_y = 0},
    {.bitmap_index = 8100, .adv_w = 110, .box_w = 7, .box_h = 9, .ofs_x = 0, .ofs_y = 0},
    {.bitmap_index = 8132, .adv_w = 149, .box_w = 9, .box_h = 11, .ofs_x = 0, .ofs_y = 0},
    {.bitmap_index = 8182, .adv_w = 107, .box_w = 7, .box_h = 8, .ofs_x = 0, .ofs_y = 0},
    {.bitmap_index = 8210, .adv_w = 142, .box_w = 9, .box_h = 12, .ofs_x = 0, .ofs_y = 0},
    {.bitmap_index = 8264, .adv_w = 110, .box_w = 7, .box_h = 9, .ofs_x = 0, .ofs_y = 0},
    {.bitmap_index = 8296, .adv_w = 209, .box_w = 13, .box_h = 9, .ofs_x = 0, .ofs_y = 0},
    {.bitmap_index = 8355, .adv_w = 184, .box_w = 11, .box_h = 7, .ofs_x = 0, .ofs_y = 0},
    {.bitmap_index = 8394, .adv_w = 129, .box_w = 7, .box_h = 12, .ofs_x = 1, .ofs_y = 0},
    {.bitmap_index = 8436, .adv_w = 73, .box_w = 5, .box_h = 9, .ofs_x = 0, .ofs_y = 0},
    {.bitmap_index = 8459, .adv_w = 129, .box_w = 7, .box_h = 13, .ofs_x = 1, .ofs_y = -4},
    {.bitmap_index = 8505, .adv_w = 73, .box_w = 5, .box_h = 11, .ofs_x = 0, .ofs_y = -4},
    {.bitmap_index = 8533, .adv_w = 129, .box_w = 7, .box_h = 12, .ofs_x = 1, .ofs_y = 0},
    {.bitmap_index = 8575, .adv_w = 73, .box_w = 5, .box_h = 9, .ofs_x = 0, .ofs_y = 0},
    {.bitmap_index = 8598, .adv_w = 123, .box_w = 8, .box_h = 12, .ofs_x = 0, .ofs_y = 0},
    {.bitmap_index = 8646, .adv_w = 100, .box_w = 6, .box_h = 9, .ofs_x = 0, .ofs_y = 0},
    {.bitmap_index = 8673, .adv_w = 123, .box_w = 8, .box_h = 12, .ofs_x = 0, .ofs_y = 0},
    {.bitmap_index = 8721, .adv_w = 100, .box_w = 6, .box_h = 9, .ofs_x = 0, .ofs_y = 0},
    {.bitmap_index = 8748, .adv_w = 123, .box_w = 8, .box_h = 12, .ofs_x = 0, .ofs_y = -3},
    {.bitmap_index = 8796, .adv_w = 100, .box_w = 6, .box_h = 10, .ofs_x = 0, .ofs_y = -3},
    {.bitmap_index = 8826, .adv_w = 123, .box_w = 8, .box_h = 12, .ofs_x = 0, .ofs_y = 0},
    {.bitmap_index = 8874, .adv_w = 100, .box_w = 6, .box_h = 9, .ofs_x = 0, .ofs_y = 0},
    {.bitmap_index = 8901, .adv_w = 106, .box_w = 7, .box_h = 12, .ofs_x = 0, .ofs_y = -3},
    {.bitmap_index = 8943, .adv_w = 75, .box_w = 5, .box_h = 12, .ofs_x = 0, .ofs_y = -3},
    {.bitmap_index = 8973, .adv_w = 106, .box_w = 7, .box_h = 12, .ofs_x = 0, .ofs_y = 0},
    {.bitmap_index = 9015, .adv_w = 77, .box_w = 5, .box_h = 10, .ofs_x = 0, .ofs_y = 0},
    {.bitmap_index = 9040, .adv_w = 106, .box_w = 7, .box_h = 9, .ofs_x = 0, .ofs_y = 0},
    {.bitmap_index = 9072, .adv_w = 75, .box_w = 5, .box_h = 9, .ofs_x = 0, .ofs_y = 0},
    {.bitmap_index = 9095, .adv_w = 132, .box_w = 8, .box_h = 12, .ofs_x = 0, .ofs_y = 0},
    {.bitmap_index = 9143, .adv_w = 110, .box_w = 6, .box_h = 9, .ofs_x = 0, .ofs_y = 0},
    {.bitmap_index = 9170, .adv_w = 132, .box_w = 8, .box_h = 12, .ofs_x = 0, .ofs_y = 0},
    {.bitmap_index = 9218, .adv_w = 110, .box_w = 6, .box_h = 9, .ofs_x = 0, .ofs_y = 0},
    {.bitmap_index = 9245, .adv_w = 132, .box_w = 8, .box_h = 12, .ofs_x = 0, .ofs_y = 0},
    {.bitmap_index = 9293, .adv_w = 110, .box_w = 6, .box_h = 9, .ofs_x = 0, .ofs_y = 0},
    {.bitmap_index = 9320, .adv_w = 132, .box_w = 8, .box_h = 13, .ofs_x = 0, .ofs_y = 0},
    {.bitmap_index = 9372, .adv_w = 110, .box_w = 6, .box_h = 10, .ofs_x = 0, .ofs_y = 0},
    {.bitmap_index = 9402, .adv_w = 132, .box_w = 8, .box_h = 12, .ofs_x = 0, .ofs_y = 0},
    {.bitmap_index = 9450, .adv_w = 110, .box_w = 6, .box_h = 9, .ofs_x = 0, .ofs_y = 0},
    {.bitmap_index = 9477, .adv_w = 132, .box_w = 8, .box_h = 12, .ofs_x = 0, .ofs_y = -3},
    {.bitmap_index = 9525, .adv_w = 110, .box_w = 7, .box_h = 10, .ofs_x = 0, .ofs_y = -3},
    {.bitmap_index = 9560, .adv_w = 181, .box_w = 11, .box_h = 12, .ofs_x = 0, .ofs_y = 0},
    {.bitmap_index = 9626, .adv_w = 157, .box_w = 10, .box_h = 9, .ofs_x = 0, .ofs_y = 0},
    {.bitmap_index = 9671, .adv_w = 111, .box_w = 8, .box_h = 12, .ofs_x = -1, .ofs_y = 0},
    {.bitmap_index = 9719, .adv_w = 103, .box_w = 7, .box_h = 11, .ofs_x = 0, .ofs_y = -2},
    {.bitmap_index = 9758, .adv_w = 111, .box_w = 8, .box_h = 12, .ofs_x = -1, .ofs_y = 0},
    {.bitmap_index = 9806, .adv_w = 104, .box_w = 7, .box_h = 12, .ofs_x = 0, .ofs_y = 0},
    {.bitmap_index = 9848, .adv_w = 103, .box_w = 6, .box_h = 9, .ofs_x = 0, .ofs_y = 0},
    {.bitmap_index = 9875, .adv_w = 104, .box_w = 7, .box_h = 12, .ofs_x = 0, .ofs_y = 0},
    {.bitmap_index = 9917, .adv_w = 103, .box_w = 6, .box_h = 9, .ofs_x = 0, .ofs_y = 0},
    {.bitmap_index = 9944, .adv_w = 104, .box_w = 7, .box_h = 12, .ofs_x = 0, .ofs_y = 0},
    {.bitmap_index = 9986, .adv_w = 103, .box_w = 6, .box_h = 9, .ofs_x = 0, .ofs_y = 0},
    {.bitmap_index = 10013, .adv_w = 43, .box_w = 4, .box_h = 8, .ofs_x = 0, .ofs_y = 0},
    {.bitmap_index = 10029, .adv_w = 107, .box_w = 8, .box_h = 8, .ofs_x = -1, .ofs_y = 0},
    {.bitmap_index = 10061, .adv_w = 142, .box_w = 9, .box_h = 8, .ofs_x = 0, .ofs_y = 0},
    {.bitmap_index = 10097, .adv_w = 126, .box_w = 8, .box_h = 8, .ofs_x = 0, .ofs_y = 0},
    {.bitmap_index = 10129, .adv_w = 107, .box_w = 7, .box_h = 8, .ofs_x = 0, .ofs_y = 0},
    {.bitmap_index = 10157, .adv_w = 107, .box_w = 7, .box_h = 8, .ofs_x = 0, .ofs_y = 0},
    {.bitmap_index = 10185, .adv_w = 107, .box_w = 7, .box_h = 8, .ofs_x = 0, .ofs_y = 0},
    {.bitmap_index = 10213, .adv_w = 139, .box_w = 9, .box_h = 8, .ofs_x = 0, .ofs_y = 0},
    {.bitmap_index = 10249, .adv_w = 147, .box_w = 10, .box_h = 8, .ofs_x = 0, .ofs_y = 0},
    {.bitmap_index = 10289, .adv_w = 111, .box_w = 7, .box_h = 7, .ofs_x = 0, .ofs_y = 0},
    {.bitmap_index = 10314, .adv_w = 139, .box_w = 9, .box_h = 8, .ofs_x = 0, .ofs_y = 0},
    {.bitmap_index = 10350, .adv_w = 152, .box_w = 9, .box_h = 8, .ofs_x = 0, .ofs_y = 0},
    {.bitmap_index = 10386, .adv_w = 126, .box_w = 7, .box_h = 8, .ofs_x = 0, .ofs_y = 0},
    {.bitmap_index = 10414, .adv_w = 107, .box_w = 6, .box_h = 8, .ofs_x = 0, .ofs_y = 0},
    {.bitmap_index = 10438, .adv_w = 107, .box_w = 7, .box_h = 8, .ofs_x = 0, .ofs_y = -2},
    {.bitmap_index = 10466, .adv_w = 128, .box_w = 8, .box_h = 8, .ofs_x = 0, .ofs_y = 0},
    {.bitmap_index = 10498, .adv_w = 137, .box_w = 9, .box_h = 9, .ofs_x = 0, .ofs_y = 0},
    {.bitmap_index = 10539, .adv_w = 116, .box_w = 7, .box_h = 8, .ofs_x = 0, .ofs_y = 0},
    {.bitmap_index = 10567, .adv_w = 117, .box_w = 8, .box_h = 10, .ofs_x = -1, .ofs_y = -2},
    {.bitmap_index = 10607, .adv_w = 98, .box_w = 6, .box_h = 9, .ofs_x = 0, .ofs_y = 0},
    {.bitmap_index = 10634, .adv_w = 152, .box_w = 10, .box_h = 8, .ofs_x = 0, .ofs_y = 0},
    {.bitmap_index = 10674, .adv_w = 125, .box_w = 8, .box_h = 10, .ofs_x = 0, .ofs_y = -2},
    {.bitmap_index = 10714, .adv_w = 155, .box_w = 10, .box_h = 8, .ofs_x = 0, .ofs_y = 0},
    {.bitmap_index = 10754, .adv_w = 47, .box_w = 3, .box_h = 8, .ofs_x = 0, .ofs_y = 0},
    {.bitmap_index = 10766, .adv_w = 62, .box_w = 4, .box_h = 8, .ofs_x = 0, .ofs_y = 0},
    {.bitmap_index = 10782, .adv_w = 128, .box_w = 9, .box_h = 8, .ofs_x = 0, .ofs_y = 0},
    {.bitmap_index = 10818, .adv_w = 96, .box_w = 6, .box_h = 8, .ofs_x = 0, .ofs_y = 0},
    {.bitmap_index = 10842, .adv_w = 62, .box_w = 4, .box_h = 8, .ofs_x = 0, .ofs_y = 0},
    {.bitmap_index = 10858, .adv_w = 96, .box_w = 6, .box_h = 8, .ofs_x = 0, .ofs_y = 0},
    {.bitmap_index = 10882, .adv_w = 160, .box_w = 10, .box_h = 8, .ofs_x = 0, .ofs_y = 0},
    {.bitmap_index = 10922, .adv_w = 139, .box_w = 9, .box_h = 10, .ofs_x = -1, .ofs_y = -2},
    {.bitmap_index = 10967, .adv_w = 107, .box_w = 6, .box_h = 8, .ofs_x = 0, .ofs_y = -2},
    {.bitmap_index = 10991, .adv_w = 149, .box_w = 9, .box_h = 8, .ofs_x = 0, .ofs_y = 0},
    {.bitmap_index = 11027, .adv_w = 142, .box_w = 9, .box_h = 11, .ofs_x = 0, .ofs_y = 0},
    {.bitmap_index = 11077, .adv_w = 110, .box_w = 7, .box_h = 9, .ofs_x = 0, .ofs_y = 0},
    {.bitmap_index = 11109, .adv_w = 196, .box_w = 12, .box_h = 8, .ofs_x = 0, .ofs_y = 0},
    {.bitmap_index = 11157, .adv_w = 150, .box_w = 9, .box_h = 8, .ofs_x = 0, .ofs_y = -2},
    {.bitmap_index = 11193, .adv_w = 141, .box_w = 9, .box_h = 8, .ofs_x = 0, .ofs_y = 0},
    {.bitmap_index = 11229, .adv_w = 107, .box_w = 7, .box_h = 10, .ofs_x = 0, .ofs_y = -2},
    {.bitmap_index = 11264, .adv_w = 139, .box_w = 9, .box_h = 10, .ofs_x = 0, .ofs_y = -2},
    {.bitmap_index = 11309, .adv_w = 128, .box_w = 8, .box_h = 8, .ofs_x = 0, .ofs_y = 0},
    {.bitmap_index = 11341, .adv_w = 96, .box_w = 6, .box_h = 6, .ofs_x = 0, .ofs_y = 0},
    {.bitmap_index = 11359, .adv_w = 116, .box_w = 7, .box_h = 8, .ofs_x = 0, .ofs_y = 0},
    {.bitmap_index = 11387, .adv_w = 70, .box_w = 5, .box_h = 10, .ofs_x = 0, .ofs_y = -2},
    {.bitmap_index = 11412, .adv_w = 53, .box_w = 4, .box_h = 11, .ofs_x = 0, .ofs_y = -2},
    {.bitmap_index = 11434, .adv_w = 110, .box_w = 7, .box_h = 8, .ofs_x = 0, .ofs_y = 0},
    {.bitmap_index = 11462, .adv_w = 53, .box_w = 4, .box_h = 8, .ofs_x = 0, .ofs_y = 0},
    {.bitmap_index = 11478, .adv_w = 117, .box_w = 8, .box_h = 10, .ofs_x = 0, .ofs_y = -2},
    {.bitmap_index = 11518, .adv_w = 132, .box_w = 9, .box_h = 11, .ofs_x = 0, .ofs_y = 0},
    {.bitmap_index = 11568, .adv_w = 111, .box_w = 8, .box_h = 9, .ofs_x = 0, .ofs_y = 0},
    {.bitmap_index = 11604, .adv_w = 144, .box_w = 9, .box_h = 8, .ofs_x = 0, .ofs_y = 0},
    {.bitmap_index = 11640, .adv_w = 128, .box_w = 8, .box_h = 8, .ofs_x = 0, .ofs_y = 0},
    {.bitmap_index = 11672, .adv_w = 144, .box_w = 9, .box_h = 8, .ofs_x = 0, .ofs_y = 0},
    {.bitmap_index = 11708, .adv_w = 118, .box_w = 8, .box_h = 8, .ofs_x = 0, .ofs_y = -2},
    {.bitmap_index = 11740, .adv_w = 117, .box_w = 8, .box_h = 8, .ofs_x = 0, .ofs_y = 0},
    {.bitmap_index = 11772, .adv_w = 96, .box_w = 6, .box_h = 6, .ofs_x = 0, .ofs_y = 0},
    {.bitmap_index = 11790, .adv_w = 121, .box_w = 7, .box_h = 8, .ofs_x = 0, .ofs_y = 0},
    {.bitmap_index = 11818, .adv_w = 121, .box_w = 8, .box_h = 8, .ofs_x = 0, .ofs_y = 0},
    {.bitmap_index = 11850, .adv_w = 101, .box_w = 6, .box_h = 8, .ofs_x = 0, .ofs_y = -2},
    {.bitmap_index = 11874, .adv_w = 92, .box_w = 6, .box_h = 8, .ofs_x = 0, .ofs_y = -2},
    {.bitmap_index = 11898, .adv_w = 107, .box_w = 7, .box_h = 8, .ofs_x = 0, .ofs_y = 0},
    {.bitmap_index = 11926, .adv_w = 107, .box_w = 7, .box_h = 8, .ofs_x = 0, .ofs_y = 0},
    {.bitmap_index = 11954, .adv_w = 101, .box_w = 6, .box_h = 6, .ofs_x = 0, .ofs_y = 0},
    {.bitmap_index = 11972, .adv_w = 107, .box_w = 7, .box_h = 8, .ofs_x = 0, .ofs_y = 0},
    {.bitmap_index = 12000, .adv_w = 107, .box_w = 6, .box_h = 8, .ofs_x = 0, .ofs_y = -2},
    {.bitmap_index = 12024, .adv_w = 53, .box_w = 2, .box_h = 8, .ofs_x = 1, .ofs_y = 0},
    {.bitmap_index = 12032, .adv_w = 89, .box_w = 4, .box_h = 8, .ofs_x = 1, .ofs_y = 0},
    {.bitmap_index = 12048, .adv_w = 91, .box_w = 6, .box_h = 8, .ofs_x = 0, .ofs_y = 0},
    {.bitmap_index = 12072, .adv_w = 53, .box_w = 2, .box_h = 8, .ofs_x = 1, .ofs_y = 0},
    {.bitmap_index = 12080, .adv_w = 256, .box_w = 16, .box_h = 10, .ofs_x = 0, .ofs_y = 0},
    {.bitmap_index = 12160, .adv_w = 235, .box_w = 15, .box_h = 8, .ofs_x = 0, .ofs_y = 0},
    {.bitmap_index = 12220, .adv_w = 203, .box_w = 13, .box_h = 8, .ofs_x = 0, .ofs_y = 0},
    {.bitmap_index = 12272, .adv_w = 198, .box_w = 12, .box_h = 8, .ofs_x = 0, .ofs_y = 0},
    {.bitmap_index = 12320, .adv_w = 149, .box_w = 9, .box_h = 10, .ofs_x = 0, .ofs_y = -2},
    {.bitmap_index = 12365, .adv_w = 85, .box_w = 5, .box_h = 10, .ofs_x = 0, .ofs_y = -2},
    {.bitmap_index = 12390, .adv_w = 235, .box_w = 14, .box_h = 8, .ofs_x = 0, .ofs_y = 0},
    {.bitmap_index = 12446, .adv_w = 181, .box_w = 11, .box_h = 10, .ofs_x = 0, .ofs_y = -2},
    {.bitmap_index = 12501, .adv_w = 149, .box_w = 9, .box_h = 10, .ofs_x = 0, .ofs_y = -2},
    {.bitmap_index = 12546, .adv_w = 128, .box_w = 8, .box_h = 12, .ofs_x = 0, .ofs_y = 0},
    {.bitmap_index = 12594, .adv_w = 106, .box_w = 7, .box_h = 9, .ofs_x = 0, .ofs_y = 0},
    {.bitmap_index = 12626, .adv_w = 53, .box_w = 5, .box_h = 10, .ofs_x = -1, .ofs_y = 0},
    {.bitmap_index = 12651, .adv_w = 53, .box_w = 5, .box_h = 8, .ofs_x = -1, .ofs_y = 0},
    {.bitmap_index = 12671, .adv_w = 149, .box_w = 9, .box_h = 11, .ofs_x = 0, .ofs_y = 0},
    {.bitmap_index = 12721, .adv_w = 107, .box_w = 7, .box_h = 8, .ofs_x = 0, .ofs_y = 0},
    {.bitmap_index = 12749, .adv_w = 139, .box_w = 8, .box_h = 11, .ofs_x = 0, .ofs_y = 0},
    {.bitmap_index = 12793, .adv_w = 107, .box_w = 6, .box_h = 8, .ofs_x = 0, .ofs_y = 0},
    {.bitmap_index = 12817, .adv_w = 139, .box_w = 8, .box_h = 12, .ofs_x = 0, .ofs_y = 0},
    {.bitmap_index = 12865, .adv_w = 107, .box_w = 6, .box_h = 10, .ofs_x = 0, .ofs_y = 0},
    {.bitmap_index = 12895, .adv_w = 139, .box_w = 8, .box_h = 12, .ofs_x = 0, .ofs_y = 0},
    {.bitmap_index = 12943, .adv_w = 107, .box_w = 6, .box_h = 10, .ofs_x = 0, .ofs_y = 0},
    {.bitmap_index = 12973, .adv_w = 139, .box_w = 8, .box_h = 12, .ofs_x = 0, .ofs_y = 0},
    {.bitmap_index = 13021, .adv_w = 107, .box_w = 6, .box_h = 10, .ofs_x = 0, .ofs_y = 0},
    {.bitmap_index = 13051, .adv_w = 139, .box_w = 8, .box_h = 12, .ofs_x = 0, .ofs_y = 0},
    {.bitmap_index = 13099, .adv_w = 107, .box_w = 6, .box_h = 10, .ofs_x = 0, .ofs_y = 0},
    {.bitmap_index = 13129, .adv_w = 107, .box_w = 7, .box_h = 6, .ofs_x = 0, .ofs_y = 0},
    {.bitmap_index = 13150, .adv_w = 128, .box_w = 10, .box_h = 11, .ofs_x = -1, .ofs_y = 0},
    {.bitmap_index = 13205, .adv_w = 107, .box_w = 7, .box_h = 10, .ofs_x = 0, .ofs_y = 0},
    {.bitmap_index = 13240, .adv_w = 128, .box_w = 10, .box_h = 11, .ofs_x = -1, .ofs_y = 0},
    {.bitmap_index = 13295, .adv_w = 107, .box_w = 7, .box_h = 10, .ofs_x = 0, .ofs_y = 0},
    {.bitmap_index = 13330, .adv_w = 192, .box_w = 12, .box_h = 10, .ofs_x = 0, .ofs_y = 0},
    {.bitmap_index = 13390, .adv_w = 171, .box_w = 11, .box_h = 8, .ofs_x = 0, .ofs_y = 0},
    {.bitmap_index = 13434, .adv_w = 143, .box_w = 9, .box_h = 9, .ofs_x = 0, .ofs_y = 0},
    {.bitmap_index = 13475, .adv_w = 120, .box_w = 8, .box_h = 9, .ofs_x = 0, .ofs_y = -2},
    {.bitmap_index = 13511, .adv_w = 134, .box_w = 8, .box_h = 12, .ofs_x = 0, .ofs_y = 0},
    {.bitmap_index = 13559, .adv_w = 114, .box_w = 7, .box_h = 11, .ofs_x = 0, .ofs_y = -2},
    {.bitmap_index = 13598, .adv_w = 123, .box_w = 7, .box_h = 12, .ofs_x = 1, .ofs_y = 0},
    {.bitmap_index = 13640, .adv_w = 113, .box_w = 8, .box_h = 12, .ofs_x = -1, .ofs_y = 0},
    {.bitmap_index = 13688, .adv_w = 149, .box_w = 9, .box_h = 10, .ofs_x = 0, .ofs_y = -2},
    {.bitmap_index = 13733, .adv_w = 107, .box_w = 7, .box_h = 8, .ofs_x = 0, .ofs_y = -2},
    {.bitmap_index = 13761, .adv_w = 149, .box_w = 9, .box_h = 12, .ofs_x = 0, .ofs_y = -2},
    {.bitmap_index = 13815, .adv_w = 107, .box_w = 7, .box_h = 10, .ofs_x = 0, .ofs_y = -2},
    {.bitmap_index = 13850, .adv_w = 103, .box_w = 6, .box_h = 10, .ofs_x = 0, .ofs_y = 0},
    {.bitmap_index = 13880, .adv_w = 103, .box_w = 6, .box_h = 10, .ofs_x = 0, .ofs_y = -2},
    {.bitmap_index = 13910, .adv_w = 43, .box_w = 5, .box_h = 10, .ofs_x = -1, .ofs_y = -2},
    {.bitmap_index = 13935, .adv_w = 256, .box_w = 16, .box_h = 8, .ofs_x = 0, .ofs_y = 0},
    {.bitmap_index = 13999, .adv_w = 235, .box_w = 15, .box_h = 8, .ofs_x = 0, .ofs_y = 0},
    {.bitmap_index = 14059, .adv_w = 203, .box_w = 13, .box_h = 8, .ofs_x = 0, .ofs_y = 0},
    {.bitmap_index = 14111, .adv_w = 149, .box_w = 9, .box_h = 11, .ofs_x = 0, .ofs_y = 0},
    {.bitmap_index = 14161, .adv_w = 107, .box_w = 6, .box_h = 10, .ofs_x = 0, .ofs_y = -2},
    {.bitmap_index = 14191, .adv_w = 128, .box_w = 10, .box_h = 12, .ofs_x = -1, .ofs_y = 0},
    {.bitmap_index = 14251, .adv_w = 107, .box_w = 7, .box_h = 11, .ofs_x = 0, .ofs_y = 0},
    {.bitmap_index = 14290, .adv_w = 192, .box_w = 12, .box_h = 10, .ofs_x = 0, .ofs_y = 0},
    {.bitmap_index = 14350, .adv_w = 171, .box_w = 11, .box_h = 8, .ofs_x = 0, .ofs_y = 0},
    {.bitmap_index = 14394, .adv_w = 149, .box_w = 9, .box_h = 12, .ofs_x = 0, .ofs_y = -1},
    {.bitmap_index = 14448, .adv_w = 117, .box_w = 7, .box_h = 9, .ofs_x = 0, .ofs_y = -1},
    {.bitmap_index = 14480, .adv_w = 128, .box_w = 10, .box_h = 10, .ofs_x = -1, .ofs_y = 0},
    {.bitmap_index = 14530, .adv_w = 107, .box_w = 7, .box_h = 8, .ofs_x = 0, .ofs_y = 0},
    {.bitmap_index = 14558, .adv_w = 128, .box_w = 10, .box_h = 10, .ofs_x = -1, .ofs_y = 0},
    {.bitmap_index = 14608, .adv_w = 107, .box_w = 7, .box_h = 8, .ofs_x = 0, .ofs_y = 0},
    {.bitmap_index = 14636, .adv_w = 128, .box_w = 8, .box_h = 10, .ofs_x = 0, .ofs_y = 0},
    {.bitmap_index = 14676, .adv_w = 107, .box_w = 7, .box_h = 8, .ofs_x = 0, .ofs_y = 0},
    {.bitmap_index = 14704, .adv_w = 128, .box_w = 8, .box_h = 10, .ofs_x = 0, .ofs_y = 0},
    {.bitmap_index = 14744, .adv_w = 107, .box_w = 7, .box_h = 8, .ofs_x = 0, .ofs_y = 0},
    {.bitmap_index = 14772, .adv_w = 53, .box_w = 5, .box_h = 10, .ofs_x = -1, .ofs_y = 0},
    {.bitmap_index = 14797, .adv_w = 53, .box_w = 5, .box_h = 8, .ofs_x = -1, .ofs_y = 0},
    {.bitmap_index = 14817, .adv_w = 53, .box_w = 5, .box_h = 10, .ofs_x = -1, .ofs_y = 0},
    {.bitmap_index = 14842, .adv_w = 53, .box_w = 5, .box_h = 8, .ofs_x = -1, .ofs_y = 0},
    {.bitmap_index = 14862, .adv_w = 149, .box_w = 9, .box_h = 10, .ofs_x = 0, .ofs_y = 0},
    {.bitmap_index = 14907, .adv_w = 107, .box_w = 7, .box_h = 8, .ofs_x = 0, .ofs_y = 0},
    {.bitmap_index = 14935, .adv_w = 149, .box_w = 9, .box_h = 10, .ofs_x = 0, .ofs_y = 0},
    {.bitmap_index = 14980, .adv_w = 107, .box_w = 7, .box_h = 8, .ofs_x = 0, .ofs_y = 0},
    {.bitmap_index = 15008, .adv_w = 139, .box_w = 9, .box_h = 10, .ofs_x = 0, .ofs_y = 0},
    {.bitmap_index = 15053, .adv_w = 64, .box_w = 5, .box_h = 8, .ofs_x = 0, .ofs_y = 0},
    {.bitmap_index = 15073, .adv_w = 139, .box_w = 9, .box_h = 10, .ofs_x = 0, .ofs_y = 0},
    {.bitmap_index = 15118, .adv_w = 64, .box_w = 5, .box_h = 8, .ofs_x = 0, .ofs_y = 0},
    {.bitmap_index = 15138, .adv_w = 139, .box_w = 8, .box_h = 10, .ofs_x = 0, .ofs_y = 0},
    {.bitmap_index = 15178, .adv_w = 107, .box_w = 6, .box_h = 8, .ofs_x = 0, .ofs_y = 0},
    {.bitmap_index = 15202, .adv_w = 139, .box_w = 8, .box_h = 10, .ofs_x = 0, .ofs_y = 0},
    {.bitmap_index = 15242, .adv_w = 107, .box_w = 6, .box_h = 8, .ofs_x = 0, .ofs_y = 0},
    {.bitmap_index = 15266, .adv_w = 123, .box_w = 8, .box_h = 13, .ofs_x = 0, .ofs_y = -4},
    {.bitmap_index = 15318, .adv_w = 100, .box_w = 6, .box_h = 11, .ofs_x = 0, .ofs_y = -4},
    {.bitmap_index = 15351, .adv_w = 106, .box_w = 7, .box_h = 13, .ofs_x = 0, .ofs_y = -4},
    {.bitmap_index = 15397, .adv_w = 75, .box_w = 5, .box_h = 13, .ofs_x = 0, .ofs_y = -4},
    {.bitmap_index = 15430, .adv_w = 50, .box_w = 4, .box_h = 9, .ofs_x = -1, .ofs_y = -2},
    {.bitmap_index = 15448, .adv_w = 128, .box_w = 10, .box_h = 10, .ofs_x = -1, .ofs_y = -2},
    {.bitmap_index = 15498, .adv_w = 107, .box_w = 7, .box_h = 8, .ofs_x = 0, .ofs_y = -2},
    {.bitmap_index = 15526, .adv_w = 128, .box_w = 8, .box_h = 10, .ofs_x = 0, .ofs_y = 0},
    {.bitmap_index = 15566, .adv_w = 107, .box_w = 7, .box_h = 10, .ofs_x = 0, .ofs_y = 0},
    {.bitmap_index = 15601, .adv_w = 128, .box_w = 8, .box_h = 10, .ofs_x = 0, .ofs_y = -2},
    {.bitmap_index = 15641, .adv_w = 107, .box_w = 7, .box_h = 10, .ofs_x = 0, .ofs_y = -2},
    {.bitmap_index = 15676, .adv_w = 128, .box_w = 8, .box_h = 10, .ofs_x = 0, .ofs_y = -2},
    {.bitmap_index = 15716, .adv_w = 107, .box_w = 7, .box_h = 10, .ofs_x = 0, .ofs_y = -2},
    {.bitmap_index = 15751, .adv_w = 139, .box_w = 9, .box_h = 13, .ofs_x = 0, .ofs_y = -2},
    {.bitmap_index = 15810, .adv_w = 96, .box_w = 6, .box_h = 10, .ofs_x = 0, .ofs_y = -2},
    {.bitmap_index = 15840, .adv_w = 139, .box_w = 9, .box_h = 10, .ofs_x = 0, .ofs_y = 0},
    {.bitmap_index = 15885, .adv_w = 107, .box_w = 6, .box_h = 10, .ofs_x = 0, .ofs_y = 0},
    {.bitmap_index = 15915, .adv_w = 139, .box_w = 9, .box_h = 10, .ofs_x = 0, .ofs_y = -2},
    {.bitmap_index = 15960, .adv_w = 107, .box_w = 6, .box_h = 10, .ofs_x = 0, .ofs_y = -2},
    {.bitmap_index = 15990, .adv_w = 139, .box_w = 9, .box_h = 10, .ofs_x = 0, .ofs_y = -2},
    {.bitmap_index = 16035, .adv_w = 107, .box_w = 6, .box_h = 10, .ofs_x = 0, .ofs_y = -2},
    {.bitmap_index = 16065, .adv_w = 139, .box_w = 9, .box_h = 10, .ofs_x = 0, .ofs_y = -2},
    {.bitmap_index = 16110, .adv_w = 107, .box_w = 6, .box_h = 10, .ofs_x = 0, .ofs_y = -2},
    {.bitmap_index = 16140, .adv_w = 139, .box_w = 9, .box_h = 10, .ofs_x = 0, .ofs_y = -2},
    {.bitmap_index = 16185, .adv_w = 107, .box_w = 6, .box_h = 10, .ofs_x = 0, .ofs_y = -2},
    {.bitmap_index = 16215, .adv_w = 128, .box_w = 8, .box_h = 12, .ofs_x = 0, .ofs_y = 0},
    {.bitmap_index = 16263, .adv_w = 107, .box_w = 7, .box_h = 10, .ofs_x = 0, .ofs_y = 0},
    {.bitmap_index = 16298, .adv_w = 128, .box_w = 8, .box_h = 12, .ofs_x = 0, .ofs_y = 0},
    {.bitmap_index = 16346, .adv_w = 107, .box_w = 7, .box_h = 10, .ofs_x = 0, .ofs_y = 0},
    {.bitmap_index = 16381, .adv_w = 128, .box_w = 8, .box_h = 10, .ofs_x = 0, .ofs_y = -2},
    {.bitmap_index = 16421, .adv_w = 107, .box_w = 7, .box_h = 8, .ofs_x = 0, .ofs_y = -2},
    {.bitmap_index = 16449, .adv_w = 128, .box_w = 8, .box_h = 10, .ofs_x = 0, .ofs_y = -2},
    {.bitmap_index = 16489, .adv_w = 107, .box_w = 7, .box_h = 8, .ofs_x = 0, .ofs_y = -2},
    {.bitmap_index = 16517, .adv_w = 128, .box_w = 8, .box_h = 13, .ofs_x = 0, .ofs_y = -2},
    {.bitmap_index = 16569, .adv_w = 107, .box_w = 7, .box_h = 10, .ofs_x = 0, .ofs_y = -2},
    {.bitmap_index = 16604, .adv_w = 117, .box_w = 7, .box_h = 10, .ofs_x = 0, .ofs_y = 0},
    {.bitmap_index = 16639, .adv_w = 53, .box_w = 4, .box_h = 10, .ofs_x = 0, .ofs_y = 0},
    {.bitmap_index = 16659, .adv_w = 134, .box_w = 8, .box_h = 12, .ofs_x = 0, .ofs_y = 0},
    {.bitmap_index = 16707, .adv_w = 114, .box_w = 7, .box_h = 11, .ofs_x = 0, .ofs_y = -2},
    {.bitmap_index = 16746, .adv_w = 139, .box_w = 8, .box_h = 10, .ofs_x = 0, .ofs_y = 0},
    {.bitmap_index = 16786, .adv_w = 107, .box_w = 6, .box_h = 10, .ofs_x = 0, .ofs_y = 0},
    {.bitmap_index = 16816, .adv_w = 139, .box_w = 8, .box_h = 10, .ofs_x = 0, .ofs_y = -2},
    {.bitmap_index = 16856, .adv_w = 107, .box_w = 6, .box_h = 10, .ofs_x = 0, .ofs_y = -2},
    {.bitmap_index = 16886, .adv_w = 139, .box_w = 8, .box_h = 10, .ofs_x = 0, .ofs_y = 0},
    {.bitmap_index = 16926, .adv_w = 107, .box_w = 6, .box_h = 10, .ofs_x = 0, .ofs_y = 0},
    {.bitmap_index = 16956, .adv_w = 139, .box_w = 8, .box_h = 10, .ofs_x = 0, .ofs_y = -2},
    {.bitmap_index = 16996, .adv_w = 107, .box_w = 6, .box_h = 10, .ofs_x = 0, .ofs_y = -2},
    {.bitmap_index = 17026, .adv_w = 139, .box_w = 8, .box_h = 10, .ofs_x = 0, .ofs_y = -2},
    {.bitmap_index = 17066, .adv_w = 107, .box_w = 6, .box_h = 10, .ofs_x = 0, .ofs_y = -2},
    {.bitmap_index = 17096, .adv_w = 53, .box_w = 5, .box_h = 10, .ofs_x = -1, .ofs_y = -2},
    {.bitmap_index = 17121, .adv_w = 43, .box_w = 5, .box_h = 10, .ofs_x = -1, .ofs_y = -2},
    {.bitmap_index = 17146, .adv_w = 53, .box_w = 4, .box_h = 12, .ofs_x = 0, .ofs_y = 0},
    {.bitmap_index = 17170, .adv_w = 53, .box_w = 4, .box_h = 10, .ofs_x = 0, .ofs_y = 0},
    {.bitmap_index = 17190, .adv_w = 128, .box_w = 8, .box_h = 10, .ofs_x = 0, .ofs_y = 0},
    {.bitmap_index = 17230, .adv_w = 96, .box_w = 6, .box_h = 10, .ofs_x = 0, .ofs_y = 0},
    {.bitmap_index = 17260, .adv_w = 128, .box_w = 8, .box_h = 10, .ofs_x = 0, .ofs_y = -2},
    {.bitmap_index = 17300, .adv_w = 96, .box_w = 6, .box_h = 10, .ofs_x = 0, .ofs_y = -2},
    {.bitmap_index = 17330, .adv_w = 128, .box_w = 8, .box_h = 10, .ofs_x = 0, .ofs_y = -2},
    {.bitmap_index = 17370, .adv_w = 96, .box_w = 6, .box_h = 10, .ofs_x = 0, .ofs_y = -2},
    {.bitmap_index = 17400, .adv_w = 107, .box_w = 7, .box_h = 10, .ofs_x = 0, .ofs_y = -2},
    {.bitmap_index = 17435, .adv_w = 43, .box_w = 2, .box_h = 10, .ofs_x = 0, .ofs_y = -2},
    {.bitmap_index = 17445, .adv_w = 107, .box_w = 7, .box_h = 12, .ofs_x = 0, .ofs_y = -2},
    {.bitmap_index = 17487, .adv_w = 43, .box_w = 5, .box_h = 12, .ofs_x = -1, .ofs_y = -2},
    {.bitmap_index = 17517, .adv_w = 107, .box_w = 7, .box_h = 10, .ofs_x = 0, .ofs_y = -2},
    {.bitmap_index = 17552, .adv_w = 43, .box_w = 5, .box_h = 10, .ofs_x = -1, .ofs_y = -2},
    {.bitmap_index = 17577, .adv_w = 107, .box_w = 7, .box_h = 10, .ofs_x = 0, .ofs_y = -2},
    {.bitmap_index = 17612, .adv_w = 43, .box_w = 5, .box_h = 10, .ofs_x = -1, .ofs_y = -2},
    {.bitmap_index = 17637, .adv_w = 160, .box_w = 10, .box_h = 10, .ofs_x = 0, .ofs_y = 0},
    {.bitmap_index = 17687, .adv_w = 160, .box_w = 10, .box_h = 8, .ofs_x = 0, .ofs_y = 0},
    {.bitmap_index = 17727, .adv_w = 160, .box_w = 10, .box_h = 10, .ofs_x = 0, .ofs_y = 0},
    {.bitmap_index = 17777, .adv_w = 160, .box_w = 10, .box_h = 8, .ofs_x = 0, .ofs_y = 0},
    {.bitmap_index = 17817, .adv_w = 160, .box_w = 10, .box_h = 10, .ofs_x = 0, .ofs_y = -2},
    {.bitmap_index = 17867, .adv_w = 160, .box_w = 10, .box_h = 8, .ofs_x = 0, .ofs_y = -2},
    {.bitmap_index = 17907, .adv_w = 139, .box_w = 8, .box_h = 10, .ofs_x = 0, .ofs_y = 0},
    {.bitmap_index = 17947, .adv_w = 107, .box_w = 6, .box_h = 8, .ofs_x = 0, .ofs_y = 0},
    {.bitmap_index = 17971, .adv_w = 139, .box_w = 8, .box_h = 10, .ofs_x = 0, .ofs_y = -2},
    {.bitmap_index = 18011, .adv_w = 107, .box_w = 6, .box_h = 8, .ofs_x = 0, .ofs_y = -2},
    {.bitmap_index = 18035, .adv_w = 139, .box_w = 8, .box_h = 10, .ofs_x = 0, .ofs_y = -2},
    {.bitmap_index = 18075, .adv_w = 107, .box_w = 6, .box_h = 8, .ofs_x = 0, .ofs_y = -2},
    {.bitmap_index = 18099, .adv_w = 139, .box_w = 8, .box_h = 10, .ofs_x = 0, .ofs_y = -2},
    {.bitmap_index = 18139, .adv_w = 107, .box_w = 6, .box_h = 8, .ofs_x = 0, .ofs_y = -2},
    {.bitmap_index = 18163, .adv_w = 149, .box_w = 9, .box_h = 12, .ofs_x = 0, .ofs_y = 0},
    {.bitmap_index = 18217, .adv_w = 107, .box_w = 7, .box_h = 11, .ofs_x = 0, .ofs_y = 0},
    {.bitmap_index = 18256, .adv_w = 149, .box_w = 9, .box_h = 12, .ofs_x = 0, .ofs_y = 0},
    {.bitmap_index = 18310, .adv_w = 107, .box_w = 7, .box_h = 10, .ofs_x = 0, .ofs_y = 0},
    {.bitmap_index = 18345, .adv_w = 149, .box_w = 9, .box_h = 12, .ofs_x = 0, .ofs_y = 0},
    {.bitmap_index = 18399, .adv_w = 107, .box_w = 7, .box_h = 10, .ofs_x = 0, .ofs_y = 0},
    {.bitmap_index = 18434, .adv_w = 149, .box_w = 9, .box_h = 12, .ofs_x = 0, .ofs_y = 0},
    {.bitmap_index = 18488, .adv_w = 107, .box_w = 7, .box_h = 10, .ofs_x = 0, .ofs_y = 0},
    {.bitmap_index = 18523, .adv_w = 128, .box_w = 8, .box_h = 10, .ofs_x = 0, .ofs_y = 0},
    {.bitmap_index = 18563, .adv_w = 107, .box_w = 7, .box_h = 10, .ofs_x = 0, .ofs_y = -2},
    {.bitmap_index = 18598, .adv_w = 128, .box_w = 8, .box_h = 10, .ofs_x = 0, .ofs_y = 0},
    {.bitmap_index = 18638, .adv_w = 107, .box_w = 7, .box_h = 10, .ofs_x = 0, .ofs_y = -2},
    {.bitmap_index = 18673, .adv_w = 139, .box_w = 9, .box_h = 10, .ofs_x = 0, .ofs_y = 0},
    {.bitmap_index = 18718, .adv_w = 64, .box_w = 5, .box_h = 8, .ofs_x = 0, .ofs_y = 0},
    {.bitmap_index = 18738, .adv_w = 139, .box_w = 9, .box_h = 10, .ofs_x = 0, .ofs_y = -2},
    {.bitmap_index = 18783, .adv_w = 64, .box_w = 5, .box_h = 8, .ofs_x = 0, .ofs_y = -2},
    {.bitmap_index = 18803, .adv_w = 139, .box_w = 9, .box_h = 12, .ofs_x = 0, .ofs_y = -2},
    {.bitmap_index = 18857, .adv_w = 64, .box_w = 5, .box_h = 10, .ofs_x = 0, .ofs_y = -2},
    {.bitmap_index = 18882, .adv_w = 139, .box_w = 9, .box_h = 10, .ofs_x = 0, .ofs_y = -2},
    {.bitmap_index = 18927, .adv_w = 64, .box_w = 5, .box_h = 8, .ofs_x = 0, .ofs_y = -2},
    {.bitmap_index = 18947, .adv_w = 128, .box_w = 8, .box_h = 10, .ofs_x = 0, .ofs_y = 0},
    {.bitmap_index = 18987, .adv_w = 96, .box_w = 6, .box_h = 8, .ofs_x = 0, .ofs_y = 0},
    {.bitmap_index = 19011, .adv_w = 128, .box_w = 8, .box_h = 10, .ofs_x = 0, .ofs_y = -2},
    {.bitmap_index = 19051, .adv_w = 96, .box_w = 6, .box_h = 8, .ofs_x = 0, .ofs_y = -2},
    {.bitmap_index = 19075, .adv_w = 128, .box_w = 8, .box_h = 11, .ofs_x = 0, .ofs_y = 0},
    {.bitmap_index = 19119, .adv_w = 96, .box_w = 6, .box_h = 9, .ofs_x = 0, .ofs_y = 0},
    {.bitmap_index = 19146, .adv_w = 128, .box_w = 8, .box_h = 12, .ofs_x = 0, .ofs_y = 0},
    {.bitmap_index = 19194, .adv_w = 96, .box_w = 6, .box_h = 10, .ofs_x = 0, .ofs_y = 0},
    {.bitmap_index = 19224, .adv_w = 128, .box_w = 8, .box_h = 12, .ofs_x = 0, .ofs_y = -2},
    {.bitmap_index = 19272, .adv_w = 96, .box_w = 6, .box_h = 10, .ofs_x = 0, .ofs_y = -2},
    {.bitmap_index = 19302, .adv_w = 117, .box_w = 8, .box_h = 10, .ofs_x = 0, .ofs_y = 0},
    {.bitmap_index = 19342, .adv_w = 53, .box_w = 4, .box_h = 10, .ofs_x = 0, .ofs_y = 0},
    {.bitmap_index = 19362, .adv_w = 117, .box_w = 8, .box_h = 10, .ofs_x = 0, .ofs_y = -2},
    {.bitmap_index = 19402, .adv_w = 53, .box_w = 4, .box_h = 11, .ofs_x = 0, .ofs_y = -2},
    {.bitmap_index = 19424, .adv_w = 117, .box_w = 8, .box_h = 10, .ofs_x = 0, .ofs_y = -2},
    {.bitmap_index = 19464, .adv_w = 53, .box_w = 5, .box_h = 11, .ofs_x = -1, .ofs_y = -2},
    {.bitmap_index = 19492, .adv_w = 117, .box_w = 8, .box_h = 10, .ofs_x = 0, .ofs_y = -2},
    {.bitmap_index = 19532, .adv_w = 53, .box_w = 4, .box_h = 11, .ofs_x = 0, .ofs_y = -2},
    {.bitmap_index = 19554, .adv_w = 139, .box_w = 8, .box_h = 10, .ofs_x = 0, .ofs_y = -2},
    {.bitmap_index = 19594, .adv_w = 107, .box_w = 6, .box_h = 8, .ofs_x = 0, .ofs_y = -2},
    {.bitmap_index = 19618, .adv_w = 139, .box_w = 8, .box_h = 10, .ofs_x = 0, .ofs_y = -2},
    {.bitmap_index = 19658, .adv_w = 107, .box_w = 6, .box_h = 8, .ofs_x = 0, .ofs_y = -2},
    {.bitmap_index = 19682, .adv_w = 139, .box_w = 8, .box_h = 10, .ofs_x = 0, .ofs_y = -2},
    {.bitmap_index = 19722, .adv_w = 107, .box_w = 6, .box_h = 8, .ofs_x = 0, .ofs_y = -2},
    {.bitmap_index = 19746, .adv_w = 139, .box_w = 8, .box_h = 12, .ofs_x = 0, .ofs_y = 0},
    {.bitmap_index = 19794, .adv_w = 107, .box_w = 6, .box_h = 10, .ofs_x = 0, .ofs_y = 0},
    {.bitmap_index = 19824, .adv_w = 139, .box_w = 8, .box_h = 12, .ofs_x = 0, .ofs_y = 0},
    {.bitmap_index = 19872, .adv_w = 107, .box_w = 6, .box_h = 10, .ofs_x = 0, .ofs_y = 0},
    {.bitmap_index = 19902, .adv_w = 128, .box_w = 8, .box_h = 10, .ofs_x = 0, .ofs_y = 0},
    {.bitmap_index = 19942, .adv_w = 96, .box_w = 6, .box_h = 8, .ofs_x = 0, .ofs_y = 0},
    {.bitmap_index = 19966, .adv_w = 128, .box_w = 8, .box_h = 10, .ofs_x = 0, .ofs_y = -2},
    {.bitmap_index = 20006, .adv_w = 96, .box_w = 6, .box_h = 8, .ofs_x = 0, .ofs_y = -2},
    {.bitmap_index = 20030, .adv_w = 181, .box_w = 11, .box_h = 12, .ofs_x = 0, .ofs_y = 0},
    {.bitmap_index = 20096, .adv_w = 157, .box_w = 10, .box_h = 9, .ofs_x = 0, .ofs_y = 0},
    {.bitmap_index = 20141, .adv_w = 181, .box_w = 11, .box_h = 12, .ofs_x = 0, .ofs_y = 0},
    {.bitmap_index = 20207, .adv_w = 157, .box_w = 10, .box_h = 9, .ofs_x = 0, .ofs_y = 0},
    {.bitmap_index = 20252, .adv_w = 181, .box_w = 11, .box_h = 12, .ofs_x = 0, .ofs_y = 0},
    {.bitmap_index = 20318, .adv_w = 157, .box_w = 10, .box_h = 9, .ofs_x = 0, .ofs_y = 0},
    {.bitmap_index = 20363, .adv_w = 181, .box_w = 12, .box_h = 10, .ofs_x = 0, .ofs_y = 0},
    {.bitmap_index = 20423, .adv_w = 139, .box_w = 9, .box_h = 8, .ofs_x = 0, .ofs_y = 0},
    {.bitmap_index = 20459, .adv_w = 181, .box_w = 12, .box_h = 10, .ofs_x = 0, .ofs_y = -2},
    {.bitmap_index = 20519, .adv_w = 139, .box_w = 9, .box_h = 8, .ofs_x = 0, .ofs_y = -2},
    {.bitmap_index = 20555, .adv_w = 128, .box_w = 8, .box_h = 10, .ofs_x = 0, .ofs_y = 0},
    {.bitmap_index = 20595, .adv_w = 96, .box_w = 6, .box_h = 8, .ofs_x = 0, .ofs_y = 0},
    {.bitmap_index = 20619, .adv_w = 128, .box_w = 8, .box_h = 10, .ofs_x = 0, .ofs_y = 0},
    {.bitmap_index = 20659, .adv_w = 96, .box_w = 6, .box_h = 8, .ofs_x = 0, .ofs_y = 0},
    {.bitmap_index = 20683, .adv_w = 128, .box_w = 8, .box_h = 10, .ofs_x = 0, .ofs_y = 0},
    {.bitmap_index = 20723, .adv_w = 96, .box_w = 6, .box_h = 10, .ofs_x = 0, .ofs_y = -2},
    {.bitmap_index = 20753, .adv_w = 117, .box_w = 8, .box_h = 10, .ofs_x = 0, .ofs_y = 0},
    {.bitmap_index = 20793, .adv_w = 96, .box_w = 6, .box_h = 8, .ofs_x = 0, .ofs_y = 0},
    {.bitmap_index = 20817, .adv_w = 117, .box_w = 8, .box_h = 10, .ofs_x = 0, .ofs_y = -2},
    {.bitmap_index = 20857, .adv_w = 96, .box_w = 6, .box_h = 8, .ofs_x = 0, .ofs_y = -2},
    {.bitmap_index = 20881, .adv_w = 117, .box_w = 8, .box_h = 10, .ofs_x = 0, .ofs_y = -2},
    {.bitmap_index = 20921, .adv_w = 96, .box_w = 6, .box_h = 8, .ofs_x = 0, .ofs_y = -2},
    {.bitmap_index = 20945, .adv_w = 107, .box_w = 6, .box_h = 10, .ofs_x = 0, .ofs_y = -2},
    {.bitmap_index = 20975, .adv_w = 53, .box_w = 4, .box_h = 10, .ofs_x = 0, .ofs_y = 0},
    {.bitmap_index = 20995, .adv_w = 139, .box_w = 9, .box_h = 8, .ofs_x = 0, .ofs_y = 0},
    {.bitmap_index = 21031, .adv_w = 96, .box_w = 6, .box_h = 10, .ofs_x = 0, .ofs_y = -2},
    {.bitmap_index = 21061, .adv_w = 107, .box_w = 7, .box_h = 9, .ofs_x = 0, .ofs_y = 0},
    {.bitmap_index = 21093, .adv_w = 53, .box_w = 4, .box_h = 10, .ofs_x = 0, .ofs_y = 0},
    {.bitmap_index = 21113, .adv_w = 133, .box_w = 7, .box_h = 9, .ofs_x = 1, .ofs_y = 0},
    {.bitmap_index = 21145, .adv_w = 128, .box_w = 8, .box_h = 11, .ofs_x = 0, .ofs_y = -2},
    {.bitmap_index = 21189, .adv_w = 106, .box_w = 7, .box_h = 9, .ofs_x = 0, .ofs_y = -2},
    {.bitmap_index = 21221, .adv_w = 128, .box_w = 8, .box_h = 12, .ofs_x = 0, .ofs_y = 0},
    {.bitmap_index = 21269, .adv_w = 106, .box_w = 7, .box_h = 10, .ofs_x = 0, .ofs_y = 0},
    {.bitmap_index = 21304, .adv_w = 128, .box_w = 8, .box_h = 13, .ofs_x = 0, .ofs_y = 0},
    {.bitmap_index = 21356, .adv_w = 106, .box_w = 7, .box_h = 11, .ofs_x = 0, .ofs_y = 0},
    {.bitmap_index = 21395, .adv_w = 128, .box_w = 8, .box_h = 13, .ofs_x = 0, .ofs_y = 0},
    {.bitmap_index = 21447, .adv_w = 106, .box_w = 7, .box_h = 11, .ofs_x = 0, .ofs_y = 0},
    {.bitmap_index = 21486, .adv_w = 128, .box_w = 8, .box_h = 13, .ofs_x = 0, .ofs_y = 0},
    {.bitmap_index = 21538, .adv_w = 106, .box_w = 7, .box_h = 11, .ofs_x = 0, .ofs_y = 0},
    {.bitmap_index = 21577, .adv_w = 128, .box_w = 8, .box_h = 13, .ofs_x = 0, .ofs_y = 0},
    {.bitmap_index = 21629, .adv_w = 106, .box_w = 7, .box_h = 11, .ofs_x = 0, .ofs_y = 0},
    {.bitmap_index = 21668, .adv_w = 128, .box_w = 8, .box_h = 14, .ofs_x = 0, .ofs_y = -2},
    {.bitmap_index = 21724, .adv_w = 106, .box_w = 7, .box_h = 11, .ofs_x = 0, .ofs_y = -2},
    {.bitmap_index = 21763, .adv_w = 128, .box_w = 8, .box_h = 14, .ofs_x = 0, .ofs_y = 0},
    {.bitmap_index = 21819, .adv_w = 106, .box_w = 7, .box_h = 12, .ofs_x = 0, .ofs_y = 0},
    {.bitmap_index = 21861, .adv_w = 128, .box_w = 8, .box_h = 14, .ofs_x = 0, .ofs_y = 0},
    {.bitmap_index = 21917, .adv_w = 106, .box_w = 7, .box_h = 12, .ofs_x = 0, .ofs_y = 0},
    {.bitmap_index = 21959, .adv_w = 128, .box_w = 8, .box_h = 14, .ofs_x = 0, .ofs_y = 0},
    {.bitmap_index = 22015, .adv_w = 106, .box_w = 7, .box_h = 12, .ofs_x = 0, .ofs_y = 0},
    {.bitmap_index = 22057, .adv_w = 128, .box_w = 8, .box_h = 14, .ofs_x = 0, .ofs_y = 0},
    {.bitmap_index = 22113, .adv_w = 106, .box_w = 7, .box_h = 12, .ofs_x = 0, .ofs_y = 0},
    {.bitmap_index = 22155, .adv_w = 128, .box_w = 8, .box_h = 14, .ofs_x = 0, .ofs_y = -2},
    {.bitmap_index = 22211, .adv_w = 106, .box_w = 7, .box_h = 11, .ofs_x = 0, .ofs_y = -2},
    {.bitmap_index = 22250, .adv_w = 116, .box_w = 6, .box_h = 11, .ofs_x = 1, .ofs_y = -2},
    {.bitmap_index = 22283, .adv_w = 108, .box_w = 7, .box_h = 9, .ofs_x = 0, .ofs_y = -2},
    {.bitmap_index = 22315, .adv_w = 116, .box_w = 6, .box_h = 12, .ofs_x = 1, .ofs_y = 0},
    {.bitmap_index = 22351, .adv_w = 108, .box_w = 7, .box_h = 10, .ofs_x = 0, .ofs_y = 0},
    {.bitmap_index = 22386, .adv_w = 116, .box_w = 6, .box_h = 12, .ofs_x = 1, .ofs_y = 0},
    {.bitmap_index = 22422, .adv_w = 108, .box_w = 7, .box_h = 9, .ofs_x = 0, .ofs_y = 0},
    {.bitmap_index = 22454, .adv_w = 116, .box_w = 6, .box_h = 13, .ofs_x = 1, .ofs_y = 0},
    {.bitmap_index = 22493, .adv_w = 108, .box_w = 7, .box_h = 11, .ofs_x = 0, .ofs_y = 0},
    {.bitmap_index = 22532, .adv_w = 116, .box_w = 6, .box_h = 13, .ofs_x = 1, .ofs_y = 0},
    {.bitmap_index = 22571, .adv_w = 108, .box_w = 7, .box_h = 11, .ofs_x = 0, .ofs_y = 0},
    {.bitmap_index = 22610, .adv_w = 116, .box_w = 6, .box_h = 13, .ofs_x = 1, .ofs_y = 0},
    {.bitmap_index = 22649, .adv_w = 108, .box_w = 7, .box_h = 11, .ofs_x = 0, .ofs_y = 0},
    {.bitmap_index = 22688, .adv_w = 116, .box_w = 6, .box_h = 13, .ofs_x = 1, .ofs_y = 0},
    {.bitmap_index = 22727, .adv_w = 108, .box_w = 7, .box_h = 11, .ofs_x = 0, .ofs_y = 0},
    {.bitmap_index = 22766, .adv_w = 116, .box_w = 6, .box_h = 14, .ofs_x = 1, .ofs_y = -2},
    {.bitmap_index = 22808, .adv_w = 108, .box_w = 7, .box_h = 11, .ofs_x = 0, .ofs_y = -2},
    {.bitmap_index = 22847, .adv_w = 52, .box_w = 3, .box_h = 12, .ofs_x = 0, .ofs_y = 0},
    {.bitmap_index = 22865, .adv_w = 47, .box_w = 3, .box_h = 10, .ofs_x = 0, .ofs_y = 0},
    {.bitmap_index = 22880, .adv_w = 52, .box_w = 2, .box_h = 11, .ofs_x = 1, .ofs_y = -2},
    {.bitmap_index = 22891, .adv_w = 47, .box_w = 2, .box_h = 11, .ofs_x = 0, .ofs_y = -2},
    {.bitmap_index = 22902, .adv_w = 142, .box_w = 9, .box_h = 11, .ofs_x = 0, .ofs_y = -2},
    {.bitmap_index = 22952, .adv_w = 110, .box_w = 7, .box_h = 9, .ofs_x = 0, .ofs_y = -2},
    {.bitmap_index = 22984, .adv_w = 142, .box_w = 9, .box_h = 12, .ofs_x = 0, .ofs_y = 0},
    {.bitmap_index = 23038, .adv_w = 110, .box_w = 7, .box_h = 10, .ofs_x = 0, .ofs_y = 0},
    {.bitmap_index = 23073, .adv_w = 142, .box_w = 9, .box_h = 13, .ofs_x = 0, .ofs_y = 0},
    {.bitmap_index = 23132, .adv_w = 110, .box_w = 7, .box_h = 11, .ofs_x = 0, .ofs_y = 0},
    {.bitmap_index = 23171, .adv_w = 142, .box_w = 9, .box_h = 13, .ofs_x = 0, .ofs_y = 0},
    {.bitmap_index = 23230, .adv_w = 110, .box_w = 7, .box_h = 11, .ofs_x = 0, .ofs_y = 0},
    {.bitmap_index = 23269, .adv_w = 142, .box_w = 9, .box_h = 13, .ofs_x = 0, .ofs_y = 0},
    {.bitmap_index = 23328, .adv_w = 110, .box_w = 7, .box_h = 11, .ofs_x = 0, .ofs_y = 0},
    {.bitmap_index = 23367, .adv_w = 142, .box_w = 9, .box_h = 14, .ofs_x = 0, .ofs_y = 0},
    {.bitmap_index = 23430, .adv_w = 110, .box_w = 7, .box_h = 11, .ofs_x = 0, .ofs_y = 0},
    {.bitmap_index = 23469, .adv_w = 142, .box_w = 9, .box_h = 14, .ofs_x = 0, .ofs_y = -2},
    {.bitmap_index = 23532, .adv_w = 110, .box_w = 7, .box_h = 11, .ofs_x = 0, .ofs_y = -2},
    {.bitmap_index = 23571, .adv_w = 142, .box_w = 9, .box_h = 12, .ofs_x = 0, .ofs_y = 0},
    {.bitmap_index = 23625, .adv_w = 110, .box_w = 7, .box_h = 9, .ofs_x = 0, .ofs_y = 0},
    {.bitmap_index = 23657, .adv_w = 142, .box_w = 9, .box_h = 12, .ofs_x = 0, .ofs_y = 0},
    {.bitmap_index = 23711, .adv_w = 110, .box_w = 7, .box_h = 9, .ofs_x = 0, .ofs_y = 0},
    {.bitmap_index = 23743, .adv_w = 142, .box_w = 9, .box_h = 12, .ofs_x = 0, .ofs_y = 0},
    {.bitmap_index = 23797, .adv_w = 110, .box_w = 7, .box_h = 10, .ofs_x = 0, .ofs_y = 0},
    {.bitmap_index = 23832, .adv_w = 142, .box_w = 9, .box_h = 12, .ofs_x = 0, .ofs_y = 0},
    {.bitmap_index = 23886, .adv_w = 110, .box_w = 7, .box_h = 9, .ofs_x = 0, .ofs_y = 0},
    {.bitmap_index = 23918, .adv_w = 142, .box_w = 9, .box_h = 13, .ofs_x = 0, .ofs_y = -2},
    {.bitmap_index = 23977, .adv_w = 110, .box_w = 7, .box_h = 11, .ofs_x = 0, .ofs_y = -2},
    {.bitmap_index = 24016, .adv_w = 132, .box_w = 8, .box_h = 11, .ofs_x = 0, .ofs_y = -2},
    {.bitmap_index = 24060, .adv_w = 110, .box_w = 6, .box_h = 9, .ofs_x = 0, .ofs_y = -2},
    {.bitmap_index = 24087, .adv_w = 132, .box_w = 8, .box_h = 12, .ofs_x = 0, .ofs_y = 0},
    {.bitmap_index = 24135, .adv_w = 110, .box_w = 6, .box_h = 10, .ofs_x = 0, .ofs_y = 0},
    {.bitmap_index = 24165, .adv_w = 132, .box_w = 9, .box_h = 12, .ofs_x = 0, .ofs_y = 0},
    {.bitmap_index = 24219, .adv_w = 111, .box_w = 8, .box_h = 9, .ofs_x = 0, .ofs_y = 0},
    {.bitmap_index = 24255, .adv_w = 132, .box_w = 9, .box_h = 12, .ofs_x = 0, .ofs_y = 0},
    {.bitmap_index = 24309, .adv_w = 111, .box_w = 8, .box_h = 9, .ofs_x = 0, .ofs_y = 0},
    {.bitmap_index = 24345, .adv_w = 132, .box_w = 9, .box_h = 12, .ofs_x = 0, .ofs_y = 0},
    {.bitmap_index = 24399, .adv_w = 111, .box_w = 8, .box_h = 10, .ofs_x = 0, .ofs_y = 0},
    {.bitmap_index = 24439, .adv_w = 132, .box_w = 9, .box_h = 12, .ofs_x = 0, .ofs_y = 0},
    {.bitmap_index = 24493, .adv_w = 111, .box_w = 8, .box_h = 9, .ofs_x = 0, .ofs_y = 0},
    {.bitmap_index = 24529, .adv_w = 132, .box_w = 9, .box_h = 13, .ofs_x = 0, .ofs_y = -2},
    {.bitmap_index = 24588, .adv_w = 111, .box_w = 8, .box_h = 11, .ofs_x = 0, .ofs_y = -2},
    {.bitmap_index = 24632, .adv_w = 111, .box_w = 8, .box_h = 12, .ofs_x = -1, .ofs_y = 0},
    {.bitmap_index = 24680, .adv_w = 103, .box_w = 7, .box_h = 11, .ofs_x = 0, .ofs_y = -2},
    {.bitmap_index = 24719, .adv_w = 111, .box_w = 8, .box_h = 11, .ofs_x = -1, .ofs_y = -2},
    {.bitmap_index = 24763, .adv_w = 103, .box_w = 7, .box_h = 9, .ofs_x = 0, .ofs_y = -2},
    {.bitmap_index = 24795, .adv_w = 111, .box_w = 8, .box_h = 12, .ofs_x = -1, .ofs_y = 0},
    {.bitmap_index = 24843, .adv_w = 103, .box_w = 7, .box_h = 12, .ofs_x = 0, .ofs_y = -2},
    {.bitmap_index = 24885, .adv_w = 111, .box_w = 8, .box_h = 12, .ofs_x = -1, .ofs_y = 0},
    {.bitmap_index = 24933, .adv_w = 103, .box_w = 7, .box_h = 11, .ofs_x = 0, .ofs_y = -2},
    {.bitmap_index = 24972, .adv_w = 113, .box_w = 7, .box_h = 2, .ofs_x = 0, .ofs_y = 2},
    {.bitmap_index = 24979, .adv_w = 174, .box_w = 11, .box_h = 2, .ofs_x = 0, .ofs_y = 2},
    {.bitmap_index = 24990, .adv_w = 108, .box_w = 7, .box_h = 1, .ofs_x = 0, .ofs_y = 2},
    {.bitmap_index = 24994, .adv_w = 82, .box_w = 4, .box_h = 9, .ofs_x = 1, .ofs_y = -1},
    {.bitmap_index = 25012, .adv_w = 96, .box_w = 8, .box_h = 2, .ofs_x = -1, .ofs_y = -2},
    {.bitmap_index = 25020, .adv_w = 39, .box_w = 2, .box_h = 4, .ofs_x = 0, .ofs_y = 5},
    {.bitmap_index = 25024, .adv_w = 39, .box_w = 2, .box_h = 4, .ofs_x = 0, .ofs_y = 5},
    {.bitmap_index = 25028, .adv_w = 39, .box_w = 2, .box_h = 4, .ofs_x = 0, .ofs_y = -2},
    {.bitmap_index = 25032, .adv_w = 43, .box_w = 2, .box_h = 3, .ofs_x = 0, .ofs_y = 5},
    {.bitmap_index = 25035, .adv_w = 71, .box_w = 4, .box_h = 4, .ofs_x = 0, .ofs_y = 5},
    {.bitmap_index = 25043, .adv_w = 71, .box_w = 4, .box_h = 4, .ofs_x = 0, .ofs_y = 5},
    {.bitmap_index = 25051, .adv_w = 70, .box_w = 4, .box_h = 4, .ofs_x = 0, .ofs_y = -2},
    {.bitmap_index = 25059, .adv_w = 64, .box_w = 4, .box_h = 3, .ofs_x = 0, .ofs_y = 5},
    {.bitmap_index = 25065, .adv_w = 112, .box_w = 5, .box_h = 9, .ofs_x = 1, .ofs_y = 0},
    {.bitmap_index = 25088, .adv_w = 112, .box_w = 5, .box_h = 9, .ofs_x = 1, .ofs_y = 0},
    {.bitmap_index = 25111, .adv_w = 60, .box_w = 4, .box_h = 3, .ofs_x = 0, .ofs_y = 3},
    {.bitmap_index = 25117, .adv_w = 67, .box_w = 4, .box_h = 4, .ofs_x = 0, .ofs_y = 2},
    {.bitmap_index = 25125, .adv_w = 53, .box_w = 2, .box_h = 2, .ofs_x = 1, .ofs_y = 0},
    {.bitmap_index = 25127, .adv_w = 107, .box_w = 5, .box_h = 2, .ofs_x = 1, .ofs_y = 0},
    {.bitmap_index = 25132, .adv_w = 110, .box_w = 7, .box_h = 2, .ofs_x = 0, .ofs_y = 0},
    {.bitmap_index = 25139, .adv_w = 64, .box_w = 4, .box_h = 6, .ofs_x = 0, .ofs_y = 1},
    {.bitmap_index = 25151, .adv_w = 145, .box_w = 9, .box_h = 10, .ofs_x = 0, .ofs_y = -1},
    {.bitmap_index = 25196, .adv_w = 110, .box_w = 7, .box_h = 9, .ofs_x = 0, .ofs_y = -1}
};

/*---------------------
 *  CHARACTER MAPPING
 *--------------------*/

static const uint16_t unicode_list_9[] = {
    0x0, 0x6d9, 0x6dd
};

/*Collect the unicode lists and glyph_id offsets*/
static const lv_font_fmt_txt_cmap_t cmaps[] =
{
    {
        .range_start = 32, .range_length = 95, .glyph_id_start = 1,
        .unicode_list = NULL, .glyph_id_ofs_list = NULL, .list_length = 0, .type = LV_FONT_FMT_TXT_CMAP_FORMAT0_TINY
    },
    {
        .range_start = 160, .range_length = 86, .glyph_id_start = 96,
        .unicode_list = NULL, .glyph_id_ofs_list = NULL, .list_length = 0, .type = LV_FONT_FMT_TXT_CMAP_FORMAT0_TINY
    },
    {
        .range_start = 246, .range_length = 256, .glyph_id_start = 182,
        .unicode_list = NULL, .glyph_id_ofs_list = NULL, .list_length = 0, .type = LV_FONT_FMT_TXT_CMAP_FORMAT0_TINY
    },
    {
        .range_start = 506, .range_length = 34, .glyph_id_start = 438,
        .unicode_list = NULL, .glyph_id_ofs_list = NULL, .list_length = 0, .type = LV_FONT_FMT_TXT_CMAP_FORMAT0_TINY
    },
    {
        .range_start = 567, .range_length = 1, .glyph_id_start = 472,
        .unicode_list = NULL, .glyph_id_ofs_list = NULL, .list_length = 0, .type = LV_FONT_FMT_TXT_CMAP_FORMAT0_TINY
    },
    {
        .range_start = 7680, .range_length = 156, .glyph_id_start = 473,
        .unicode_list = NULL, .glyph_id_ofs_list = NULL, .list_length = 0, .type = LV_FONT_FMT_TXT_CMAP_FORMAT0_TINY
    },
    {
        .range_start = 7838, .range_length = 1, .glyph_id_start = 629,
        .unicode_list = NULL, .glyph_id_ofs_list = NULL, .list_length = 0, .type = LV_FONT_FMT_TXT_CMAP_FORMAT0_TINY
    },
    {
        .range_start = 7840, .range_length = 90, .glyph_id_start = 630,
        .unicode_list = NULL, .glyph_id_ofs_list = NULL, .list_length = 0, .type = LV_FONT_FMT_TXT_CMAP_FORMAT0_TINY
    },
    {
        .range_start = 8211, .range_length = 20, .glyph_id_start = 720,
        .unicode_list = NULL, .glyph_id_ofs_list = NULL, .list_length = 0, .type = LV_FONT_FMT_TXT_CMAP_FORMAT0_TINY
    },
    {
        .range_start = 8250, .range_length = 1758, .glyph_id_start = 740,
        .unicode_list = unicode_list_9, .glyph_id_ofs_list = NULL, .list_length = 3, .type = LV_FONT_FMT_TXT_CMAP_SPARSE_TINY
    }
};

/*-----------------
 *    KERNING
 *----------------*/


/*Map glyph_ids to kern left classes*/
static const uint8_t kern_left_class_mapping[] =
{
    0, 0, 0, 1, 0, 0, 0, 2,
    1, 3, 0, 4, 5, 6, 7, 6,
    8, 9, 10, 11, 12, 13, 14, 15,
    16, 17, 9, 18, 18, 5, 5, 5,
    0, 0, 19, 20, 21, 22, 23, 24,
    25, 26, 26, 27, 28, 29, 26, 26,
    22, 30, 22, 31, 22, 32, 27, 33,
    33, 28, 34, 35, 36, 37, 0, 5,
    0, 0, 38, 39, 39, 26, 39, 40,
    41, 42, 26, 26, 43, 38, 42, 42,
    39, 39, 41, 44, 39, 45, 41, 46,
    46, 43, 46, 47, 48, 0, 0, 5,
    0, 49, 50, 0, 0, 10, 0, 0,
    0, 51, 52, 53, 5, 0, 0, 0,
    0, 5, 0, 0, 0, 0, 0, 0,
    0, 0, 52, 54, 0, 0, 0, 55,
    19, 19, 19, 19, 19, 19, 23, 21,
    23, 23, 23, 23, 26, 26, 26, 26,
    50, 26, 22, 22, 22, 22, 22, 5,
    22, 27, 27, 27, 27, 34, 22, 0,
    38, 38, 38, 38, 38, 38, 39, 39,
    39, 39, 39, 39, 26, 26, 26, 26,
    39, 42, 39, 39, 39, 39, 39, 5,
    39, 41, 41, 41, 41, 46, 39, 46,
    19, 38, 19, 38, 19, 38, 21, 39,
    21, 39, 21, 39, 21, 39, 50, 56,
    22, 0, 23, 39, 0, 0, 23, 39,
    23, 39, 23, 39, 25, 41, 25, 41,
    25, 41, 25, 41, 26, 42, 26, 42,
    26, 26, 26, 26, 0, 0, 26, 26,
    26, 26, 27, 26, 27, 26, 28, 43,
    0, 29, 38, 29, 38, 57, 56, 0,
    0, 29, 38, 26, 42, 26, 42, 26,
    42, 0, 26, 42, 22, 39, 0, 0,
    22, 39, 23, 39, 31, 44, 31, 44,
    31, 44, 22, 39, 22, 39, 22, 39,
    22, 39, 32, 45, 32, 56, 32, 45,
    27, 41, 27, 41, 27, 41, 27, 41,
    27, 41, 27, 41, 33, 46, 34, 46,
    34, 35, 47, 35, 47, 35, 47, 0,
    0, 0, 0, 0, 0, 0, 0, 0,
    0, 0, 0, 0, 0, 0, 0, 22,
    0, 0, 40, 0, 0, 0, 0, 0,
    0, 0, 0, 0, 0, 0, 0, 0,
    22, 39, 0, 0, 0, 0, 0, 0,
    0, 0, 0, 0, 0, 0, 0, 58,
    41, 0, 0, 0, 0, 0, 0, 0,
    0, 0, 0, 0, 0, 0, 0, 0,
    0, 0, 0, 0, 0, 0, 0, 0,
    0, 0, 0, 0, 0, 19, 38, 0,
    0, 0, 0, 0, 0, 0, 0, 0,
    0, 0, 0, 0, 0, 0, 0, 0,
    0, 0, 0, 0, 25, 41, 25, 41,
    28, 43, 0, 0, 0, 0, 0, 0,
    0, 0, 0, 0, 0, 0, 0, 0,
    0, 0, 0, 0, 0, 0, 0, 0,
    0, 0, 0, 0, 0, 0, 0, 0,
    0, 0, 0, 0, 0, 0, 0, 0,
    0, 0, 0, 0, 22, 39, 32, 45,
    26, 0, 0, 0, 0, 0, 0, 0,
    0, 0, 0, 0, 0, 0, 0, 0,
    0, 0, 0, 0, 0, 0, 0, 0,
    0, 0, 0, 0, 0, 0, 0, 0,
    0, 25, 41, 0, 0, 0, 0, 0,
    0, 0, 0, 0, 0, 0, 0, 0,
    0, 0, 0, 0, 0, 0, 0, 0,
    0, 0, 0, 0, 0, 0, 0, 0,
    0, 0, 0, 0, 0, 0, 0, 0,
    0, 0, 0, 0, 0, 0, 0, 0,
    0, 0, 0, 0, 0, 0, 0, 0,
    0, 0, 0, 0, 0, 0, 0, 0,
    0, 0, 0, 0, 0, 0, 0, 0,
    0, 0, 0, 0, 0, 0, 0, 0,
    0, 0, 0, 0, 0, 0, 0, 0,
    0, 0, 0, 0, 0, 0, 0, 0,
    0, 33, 46, 33, 46, 33, 46, 0,
    0, 0, 0, 0, 0, 0, 0, 0,
    0, 0, 0, 0, 0, 0, 0, 0,
    0, 0, 0, 0, 0, 20, 19, 38,
    19, 38, 19, 38, 19, 38, 19, 38,
    19, 38, 19, 38, 19, 38, 19, 38,
    19, 38, 19, 38, 19, 38, 23, 39,
    23, 39, 23, 39, 23, 39, 23, 39,
    23, 39, 23, 39, 23, 39, 23, 26,
    26, 26, 22, 39, 22, 39, 22, 39,
    22, 39, 22, 39, 22, 39, 22, 39,
    22, 39, 22, 39, 22, 39, 22, 39,
    22, 39, 27, 41, 27, 41, 58, 41,
    58, 41, 58, 41, 58, 41, 58, 41,
    34, 46, 34, 46, 34, 46, 34, 46,
    0, 0, 0, 0, 0, 59, 60, 6,
    0, 59, 60, 6, 0, 0, 0, 0,
    0, 0, 0, 6, 61, 0, 0
};

/*Map glyph_ids to kern right classes*/
static const uint8_t kern_right_class_mapping[] =
{
    0, 0, 1, 2, 0, 0, 3, 4,
    2, 0, 5, 6, 7, 8, 9, 8,
    10, 11, 12, 13, 14, 15, 16, 11,
    17, 18, 19, 20, 20, 7, 7, 7,
    21, 0, 22, 23, 24, 23, 25, 23,
    24, 23, 23, 26, 27, 27, 23, 23,
    24, 23, 24, 23, 24, 28, 29, 30,
    30, 31, 32, 33, 0, 34, 35, 7,
    0, 0, 36, 23, 37, 37, 37, 38,
    37, 23, 23, 39, 23, 40, 41, 41,
    37, 41, 37, 41, 37, 42, 43, 44,
    44, 45, 44, 46, 0, 0, 47, 7,
    0, 0, 0, 0, 0, 48, 0, 0,
    0, 49, 50, 51, 7, 0, 0, 0,
    0, 7, 0, 0, 0, 0, 0, 0,
    0, 0, 50, 52, 0, 0, 0, 53,
    22, 22, 22, 22, 22, 22, 22, 24,
    23, 23, 23, 23, 23, 23, 23, 23,
    24, 23, 24, 24, 24, 24, 24, 7,
    24, 29, 29, 29, 29, 32, 23, 23,
    36, 36, 36, 36, 36, 36, 36, 37,
    37, 37, 37, 37, 23, 23, 23, 23,
    37, 41, 37, 37, 37, 37, 37, 7,
    37, 43, 43, 43, 43, 44, 23, 44,
    22, 36, 22, 36, 22, 36, 24, 37,
    24, 37, 24, 37, 24, 37, 23, 37,
    23, 37, 23, 37, 0, 0, 23, 37,
    23, 37, 23, 37, 24, 37, 24, 37,
    24, 37, 24, 37, 23, 23, 23, 23,
    23, 23, 23, 23, 0, 0, 23, 23,
    23, 23, 23, 23, 26, 39, 27, 23,
    0, 27, 40, 23, 40, 27, 40, 0,
    0, 54, 40, 23, 41, 23, 41, 23,
    41, 0, 23, 41, 24, 37, 0, 0,
    24, 37, 24, 37, 23, 41, 23, 41,
    23, 41, 24, 37, 24, 37, 24, 37,
    24, 37, 28, 55, 28, 55, 28, 55,
    29, 43, 29, 43, 29, 43, 29, 43,
    29, 43, 29, 43, 30, 44, 32, 44,
    32, 33, 46, 33, 46, 33, 46, 0,
    0, 0, 0, 0, 0, 0, 0, 0,
    0, 0, 0, 0, 0, 0, 0, 24,
    0, 0, 38, 0, 0, 0, 0, 0,
    0, 0, 0, 0, 0, 0, 0, 0,
    24, 37, 0, 0, 0, 0, 0, 0,
    0, 0, 0, 0, 0, 0, 0, 29,
    43, 0, 0, 0, 0, 0, 0, 0,
    0, 0, 0, 0, 0, 0, 0, 0,
    0, 0, 0, 0, 0, 0, 0, 0,
    0, 0, 0, 0, 0, 22, 36, 0,
    0, 0, 0, 0, 0, 0, 0, 0,
    0, 0, 0, 0, 0, 0, 0, 0,
    0, 0, 0, 0, 24, 37, 24, 37,
    27, 23, 0, 0, 0, 0, 0, 0,
    0, 0, 0, 0, 0, 0, 0, 0,
    0, 0, 0, 0, 0, 0, 0, 0,
    0, 0, 0, 0, 0, 0, 0, 0,
    0, 0, 0, 0, 0, 0, 0, 0,
    0, 0, 0, 0, 24, 37, 28, 55,
    39, 0, 0, 0, 0, 0, 0, 0,
    0, 0, 0, 0, 0, 0, 0, 0,
    0, 0, 0, 0, 0, 0, 0, 0,
    0, 0, 0, 0, 0, 0, 0, 0,
    0, 24, 37, 0, 0, 0, 0, 0,
    0, 0, 0, 0, 0, 0, 0, 0,
    0, 0, 0, 0, 0, 0, 0, 0,
    0, 0, 0, 0, 0, 0, 0, 0,
    0, 0, 0, 0, 0, 0, 0, 0,
    0, 0, 0, 0, 0, 0, 0, 0,
    0, 0, 0, 0, 0, 0, 0, 0,
    0, 0, 0, 0, 0, 0, 0, 0,
    0, 0, 0, 0, 0, 0, 0, 0,
    0, 0, 0, 0, 0, 0, 0, 0,
    0, 0, 0, 0, 0, 0, 0, 0,
    0, 0, 0, 0, 0, 0, 0, 0,
    0, 30, 44, 30, 44, 30, 44, 0,
    0, 0, 0, 0, 0, 0, 0, 0,
    0, 0, 0, 0, 0, 0, 0, 0,
    0, 0, 0, 0, 0, 23, 22, 36,
    22, 36, 22, 36, 22, 36, 22, 36,
    22, 36, 22, 36, 22, 36, 22, 36,
    22, 36, 22, 36, 22, 36, 23, 37,
    23, 37, 23, 37, 23, 37, 23, 37,
    23, 37, 23, 37, 23, 37, 23, 23,
    23, 23, 24, 37, 24, 37, 24, 37,
    24, 37, 24, 37, 24, 37, 24, 37,
    24, 37, 24, 37, 24, 37, 24, 37,
    24, 37, 29, 43, 29, 43, 29, 43,
    29, 43, 29, 43, 29, 43, 29, 43,
    32, 44, 32, 44, 32, 44, 32, 44,
    0, 0, 0, 0, 0, 56, 57, 8,
    0, 56, 58, 8, 0, 0, 0, 0,
    0, 0, 0, 8, 52, 0, 0
};

/*Kern values between classes*/
static const int8_t kern_class_values[] =
{
    0, 0, 0, 0, 0, 0, 0, 0,
    0, -10, 0, 0, 0, 0, -6, 0,
    2, 0, 0, 0, 0, 0, 0, 0,
    0, 0, 0, 0, 0, 0, 0, 0,
    0, 0, 0, 0, 0, 0, 0, 0,
    0, 0, 0, 0, 0, 0, 0, 0,
    0, 0, 0, 0, -8, 0, 0, 0,
    0, 0, 0, 0, 0, 0, 0, 0,
    0, 0, 0, 0, 0, 0, 0, 0,
    0, 0, -13, 0, 0, 0, 0, 0,
    0, 0, 0, 0, 0, 0, 0, 0,
    0, 0, 0, -9, 0, 0, 0, 0,
    0, 0, 0, 0, 0, 0, 0, 0,
    0, 0, 0, 0, 0, 0, 0, 0,
    0, 0, 0, 0, 0, 0, 0, 0,
    0, 0, 0, 0, 0, 0, 0, 0,
    -2, -1, -8, 0, 0, -2, 0, 0,
    0, 0, 0, 0, 0, 0, 0, 0,
    0, 0, 0, 0, 0, 0, 0, 0,
    0, 0, 0, 0, 0, 0, 0, 0,
    0, 0, 0, 0, -3, 0, 0, 0,
    0, 0, 0, 0, 0, 0, 0, 0,
    0, 0, 0, 0, 0, -8, 0, -13,
    0, 0, 0, 0, 0, 0, 2, 0,
    0, 0, 0, 0, 0, 0, 0, 0,
    0, 0, 0, 0, 0, 0, 0, 0,
    0, 0, 0, 0, 0, 0, 0, 0,
    0, 0, 0, 0, 0, 0, 0, 0,
    0, 0, 0, 0, 0, 0, 0, 0,
    0, 0, 0, 0, 0, 0, 0, 0,
    0, 0, 0, 0, 0, 0, 0, 0,
    -4, 0, 0, 0, 0, 0, 0, 0,
    0, 0, 0, 0, 0, 0, 0, 0,
    0, 0, 0, 0, 0, 0, 0, 0,
    0, 0, 0, 0, 0, 0, 0, 0,
    0, 0, 0, 0, 0, 0, 0, 0,
    0, 0, 0, 0, 0, 0, 0, -8,
    0, 0, 0, 0, 0, -15, 0, 0,
    0, 0, -12, 0, 0, 0, 0, 0,
    0, 0, 0, 0, 0, 0, 0, 0,
    0, 0, 0, -15, 0, 0, 0, 0,
    0, 0, 0, 0, 0, 0, 0, 0,
    0, 0, -4, 0, 0, 0, 0, 0,
    0, 0, 0, 0, 0, 0, 0, 0,
    0, 0, 0, 0, 0, 0, 0, -4,
    0, 0, 2, 0, -8, 0, 0, 0,
    0, 0, 0, 0, 0, 0, 0, 0,
    0, 0, 0, 0, 0, 0, 0, 0,
    0, 0, 0, 0, 0, 0, 0, 0,
    0, 0, 0, 0, 0, 0, 0, 0,
    0, 0, 0, 0, 0, 0, -6, 0,
    0, -5, 0, 0, 0, -15, 0, -20,
    -4, -4, -8, -8, -15, -2, 0, -4,
    -4, -6, -6, 0, 0, 0, 0, 0,
    0, 0, 0, 0, 0, 0, 0, -2,
    0, 0, 0, 0, 0, 0, 0, 0,
    0, 0, 0, 0, 0, -3, -6, 0,
    -10, -4, 0, 0, 0, 0, 0, 0,
    0, 0, 0, 0, 0, 0, 0, 0,
    0, 0, 2, -2, 0, 0, -2, 0,
    -8, 0, 0, 0, 0, 0, 0, 0,
    0, 0, 0, 0, 0, 0, 0, 0,
    0, 0, 0, 0, 0, 0, 0, 0,
    0, 0, 0, 0, 0, 0, 0, 0,
    0, 0, 0, 0, 0, 0, 0, 0,
    0, 0, 0, 0, 0, 0, 0, 0,
    0, 0, -2, -4, -2, -8, -2, 0,
    -4, 0, -4, -4, 0, 0, 0, 0,
    0, 0, 0, 0, 0, 0, 0, 0,
    0, 0, 0, 0, 0, 0, 0, 0,
    0, 0, 0, 0, 0, 0, 0, 0,
    0, -3, -2, 0, 0, 0, 0, 0,
    0, -4, -4, -4, 0, 0, 0, 0,
    0, 0, 0, 0, -6, -2, 0, -2,
    0, -4, -8, 0, -6, 0, 0, 0,
    0, 0, 0, 0, 0, 0, 0, 0,
    0, 0, 0, 0, 0, 0, 0, 0,
    0, 0, 0, 0, 0, 0, 0, 0,
    0, 0, 0, 0, -2, 0, 0, 0,
    0, 0, 0, 0, 0, 0, 0, 0,
    0, 0, -1, 0, 0, 0, 0, -6,
    0, 0, 0, 0, 0, 0, -4, 0,
    0, 0, 0, 0, 0, 0, 0, 0,
    0, 0, 0, 0, 0, 0, 0, 0,
    0, 0, 0, 0, 0, 0, 0, 0,
    0, 0, 0, 0, 0, 0, 0, 0,
    0, 0, 0, 0, 0, 0, 0, 0,
    0, -2, -4, 0, 0, 0, 0, 0,
    -2, 0, -2, -4, 0, -4, 0, 0,
    -6, 0, 0, -4, 0, 0, 0, 0,
    0, 0, 0, 0, 0, 0, 0, 0,
    0, 0, 0, 0, 0, 0, 0, 0,
    0, 0, 0, 0, 0, 0, 0, 0,
    0, 0, 0, 0, 0, 0, 0, 0,
    0, 0, 0, 0, 0, 0, -2, 0,
    0, 0, 0, -4, -4, 0, -2, 0,
    0, 0, -10, 0, 0, 0, 0, 0,
    0, 0, 0, 0, 0, 0, 0, 0,
    0, 0, 0, 0, 0, 0, 0, 0,
    0, 0, 0, 0, 0, 0, 0, 0,
    0, 0, 0, 0, 0, 0, 0, 0,
    0, 0, 0, 0, 0, 0, 0, 0,
    0, 0, 0, 0, 0, -4, 0, -4,
    -2, 0, 0, 0, -8, 0, 0, 0,
    0, 0, 0, 0, 0, 0, 0, 0,
    0, 0, 0, 0, 0, 0, 0, 0,
    0, 0, 0, 0, 0, 0, 0, 0,
    0, 0, 0, 0, 0, 0, 0, 0,
    0, 0, 0, 0, 0, 0, 0, 0,
    2, 0, 0, 0, 0, -19, -8, -12,
    0, 2, -2, 0, -12, 0, 4, -2,
    0, -4, 0, 0, 0, 0, 0, 0,
    0, 0, 0, 0, 0, 0, 0, 0,
    6, 0, 0, 0, 0, 0, 0, 0,
    0, 0, 0, 0, 6, 0, -2, 0,
    0, 0, 0, 0, 0, 0, 0, 0,
    0, 0, 0, 0, -2, 0, 0, 0,
    0, 0, 0, -4, 0, 0, 0, 0,
    -4, 0, 0, 0, 0, 0, 0, 0,
    0, 0, 0, 0, 0, 0, 0, 0,
    0, 0, 0, 0, 0, 0, 0, 0,
    0, 0, 0, 0, 0, 0, 0, 0,
    0, 0, 0, 0, 0, 0, 0, 0,
    0, 0, 0, 0, 0, 0, 0, 0,
    0, 0, 0, -4, 0, 0, 0, 0,
    -4, 0, -12, 0, 0, 0, 0, 0,
    0, 0, 0, 0, 0, 0, 0, 0,
    0, 0, 0, -6, 0, 0, 0, 0,
    0, 0, 0, 0, 0, 0, 0, 0,
    0, 0, -2, 0, 0, 0, 0, 0,
    0, 0, 0, 0, -2, -10, 0, 0,
    0, -13, 0, 0, 0, 0, 0, 0,
    0, -6, 0, 0, -17, 0, 0, -4,
    -10, 0, -4, -6, -4, -6, -3, -17,
    -3, -20, 0, -13, -2, -20, 0, 0,
    -3, -8, 0, -4, -4, -12, -4, -12,
    -6, -2, 0, -3, -6, -13, 0, 0,
    0, 0, -12, 0, 0, 0, 0, 0,
    0, 0, 0, 0, 0, 0, 0, -3,
    0, 0, 0, 0, 0, 0, -8, 0,
    0, -4, -6, -3, -2, -2, -4, 0,
    0, -8, 0, -6, 0, -8, 0, -6,
    0, -2, 0, -4, -2, -2, -2, -4,
    -2, -6, -8, -4, 0, 0, -2, 0,
    0, 0, 0, 0, 0, 0, 0, 0,
    0, 0, 0, 0, 0, 0, 0, 0,
    0, -5, 0, 0, 0, 0, 0, 0,
    -3, 0, 0, 0, 0, -5, 0, 0,
    0, 0, -2, -3, 0, -4, -4, -4,
    0, -4, 0, -1, -2, -4, 0, -2,
    -2, -2, -2, -2, -6, -2, 0, -2,
    0, 0, 0, 0, 0, 0, -2, 0,
    0, 0, 0, 0, 0, 0, -4, -2,
    0, -4, 0, -6, 0, 0, -2, 0,
    0, 0, -8, 0, 0, -2, -4, -6,
    2, 0, 2, -2, -2, -8, 0, -6,
    -6, -8, -2, -6, 0, 2, 3, -2,
    -4, 0, 0, -5, 0, -3, -4, 0,
    0, -2, 0, -2, 0, 0, 0, -2,
    -5, 0, 0, 0, 0, 0, 0, 0,
    0, 0, 0, 0, 0, 0, 0, 0,
    0, 0, 0, 0, 0, 0, 0, -2,
    -4, 0, -2, 0, -2, 0, 0, 0,
    0, 3, 0, -4, 0, 3, 0, -2,
    -4, -6, -2, 0, 0, -8, 0, -4,
    -6, 0, 0, 0, 0, 0, 0, 0,
    0, 0, -8, 0, 0, 0, 0, 0,
    0, 0, 0, 0, 0, -15, 0, -15,
    0, 0, 0, 0, 0, 0, 0, 0,
    0, -6, -4, -15, -4, 0, -4, -12,
    -6, 0, 0, 0, -4, -4, -4, 0,
    0, -4, -6, -2, -6, -4, -6, -8,
    -6, -8, -10, -6, 0, -6, 0, 0,
    0, 0, 0, 0, -8, 0, 0, 0,
    0, 0, 0, 0, 0, 0, 0, 0,
    0, 0, 0, 0, 0, 0, 0, 0,
    -4, 0, 0, 0, 0, 0, 0, 0,
    0, 0, 0, -4, 0, -6, -2, -4,
    0, -6, 0, 2, 2, -2, 0, 0,
    0, -2, 0, -1, -2, 1, 0, 0,
    0, 0, 0, 0, 0, 0, -2, 0,
    0, 0, 0, 0, 0, 0, 0, 0,
    0, 0, 0, -2, 0, 0, 0, 0,
    0, 0, -8, 0, 0, 0, -2, -2,
    -4, -3, -4, -4, 0, -8, 3, -4,
    -2, -4, 0, -4, 0, -2, -2, -9,
    -2, -2, 1, -8, -4, -2, -10, -2,
    0, 0, -3, 0, 0, 0, 0, 0,
    -8, 0, 0, 0, 0, 0, 0, 0,
    0, 0, 0, 0, 0, -3, 0, 0,
    0, 0, 0, 0, 0, 0, 0, 0,
    0, -3, 3, 0, 3, -6, 0, 0,
    0, 0, -4, -4, 0, 0, 0, 0,
    -1, -4, -1, 0, 0, -4, 0, -4,
    -6, -4, 0, 0, 0, 0, 0, 0,
    0, 0, -4, 0, 0, 0, 0, 0,
    0, 0, 0, -2, 0, 0, 0, 0,
    0, 0, 0, 0, 0, 0, -1, 0,
    0, -4, -4, 0, -2, -8, -2, -6,
    -4, -1, -4, -2, 0, 0, -2, -2,
    0, -2, -9, -10, -2, 0, -4, -10,
    -6, -6, -6, 0, 0, -4, -8, -2,
    0, 0, 0, 0, -10, 0, 0, 0,
    -4, -19, 0, 0, 0, -23, 0, -2,
    0, -4, 0, 0, 0, 0, 0, 0,
    -27, 0, 0, -4, -15, -4, -10, -10,
    -10, -12, -6, -27, -10, -31, 0, -31,
    -4, -31, 0, 0, -7, -12, -4, -8,
    0, -15, -8, -15, -10, -4, 0, -6,
    -10, -23, 0, 0, 0, 0, -15, 0,
    0, 0, -2, 0, 0, 0, 0, 0,
    0, -21, -6, -13, 0, 0, 0, 0,
    0, 0, 0, 0, 0, -4, -4, -13,
    -4, -2, -4, -15, 0, 0, 0, -8,
    -8, -8, -4, -8, 0, -4, -5, 0,
    0, 0, -2, 0, -6, -4, -8, -6,
    0, 0, -2, 0, 0, 0, 0, 0,
    0, 0, 0, 0, 0, 0, 0, 0,
    0, 0, 0, 0, 0, -2, 0, 0,
    0, 0, 0, 0, -4, 0, 0, -2,
    -4, -2, 0, -3, 0, 0, -3, -4,
    0, -10, 0, -4, 0, -10, 0, -1,
    -2, -6, -1, 0, 0, -6, -2, -4,
    -4, 0, 0, -3, -3, 0, 0, 0,
    0, 0, -6, 0, 0, 0, 0, 2,
    0, -6, 0, 2, 0, -19, -8, -17,
    0, 0, 0, 0, -6, 0, 2, 0,
    0, -12, -4, -17, -6, -8, -6, -23,
    -8, 2, 0, -2, -1, 2, 0, -2,
    4, -13, -15, -8, -8, -4, -10, -8,
    -13, -10, -12, -10, 0, -8, -8, 2,
    -12, -12, 0, 0, -8, 0, 1, 1,
    -6, 0, 0, -5, 0, 0, 0, -15,
    0, -20, -4, -4, -8, -8, -15, -2,
    0, -4, -4, -6, -6, -20, -4, -6,
    -4, -15, -3, 0, 0, -2, -2, 0,
    -2, -2, 0, -8, -8, -10, -8, -6,
    -6, -8, -10, -8, -12, -7, 0, -3,
    -6, 0, -10, -4, 0, 0, -8, 0,
    0, 0, 0, 0, 0, 0, 0, 0,
    -4, 0, 0, -13, 0, 0, 0, 0,
    0, 0, 2, 0, 0, 0, 0, -13,
    -4, -8, -4, -23, 0, 2, -4, 0,
    0, 4, -2, 0, 0, -12, -13, -10,
    -8, -4, -12, -12, -12, -8, -12, -13,
    0, 0, -8, 0, 0, 0, 0, -4,
    -12, 0, 0, 0, 0, 0, 0, 0,
    0, 0, 0, 0, -4, -4, 0, 0,
    0, 0, 0, 0, 0, 0, 0, 0,
    -4, -4, 0, -4, 0, -6, 0, 0,
    0, -2, -2, -2, 0, -2, 0, -2,
    -6, -8, -3, -1, -2, -6, -4, -6,
    -8, -4, 0, 0, -4, 0, 0, 0,
    0, 0, -6, 0, 0, 0, 0, 0,
    0, 0, 0, 0, 0, 0, 0, 0,
    0, 0, 0, 0, 0, 0, 4, 0,
    0, 0, 0, 0, 0, 0, 0, 0,
    0, 4, 0, 0, 0, 0, 0, 0,
    0, 0, 0, 0, 6, 0, 0, 0,
    0, 0, 0, 0, 0, 0, 0, 0,
    0, 0, 0, 0, 0, 0, 0, 0,
    -2, -10, 0, 0, 0, -13, 0, 0,
    0, 0, 0, 0, 0, -6, 0, 0,
    -17, 0, 0, -4, -10, 0, 0, 0,
    0, 0, 0, 0, 0, 0, 0, 0,
    0, -20, 0, 0, 0, 0, 0, 0,
    0, 0, 0, 0, 0, 0, 0, -3,
    -6, 0, 0, 0, 0, 0, 0, 0,
    0, 0, 0, 0, 0, 0, 0, -4,
    0, 4, 0, 0, 0, 0, 0, 0,
    0, 0, 0, 0, 0, 0, -4, 0,
    -2, 0, -2, 0, 0, 0, 0, 0,
    0, 0, 0, 0, 0, 0, -1, -3,
    1, -2, -1, -10, -2, -5, -5, -2,
    0, 0, 0, -4, 0, 0, 0, 0,
    -10, 0, 0, 0, 0, -2, 0, 0,
    0, -4, 0, 0, 0, -2, 0, 0,
    0, 0, 0, 0, -13, 0, 0, 0,
    -8, -2, -2, 0, -2, 0, 0, -13,
    0, -10, -4, -10, 0, -10, 0, 1,
    -2, -6, -2, -1, -2, -6, -2, -5,
    -10, -5, 0, 0, 0, -4, 0, 0,
    0, 0, -6, 0, 0, 0, 0, 0,
    0, 0, 0, 2, 0, -12, -6, -7,
    0, 0, 0, 0, 0, 0, 0, 0,
    0, -6, 0, -7, -8, 0, -8, 0,
    0, 0, 0, 0, 0, 0, 0, 0,
    2, -6, -8, -11, -8, -4, -6, -8,
    0, -8, -8, -2, 0, 0, 0, 2,
    0, 0, 0, 0, -8, 2, 0, 0,
    0, 0, 0, 0, 0, 0, 0, 0,
    0, 0, 0, 0, 0, 0, 0, 0,
    -12, 0, 0, 0, -4, 0, -3, 0,
    -3, 0, 0, -12, 0, -4, 0, -4,
    0, -4, 0, 0, -2, -4, 0, 0,
    0, -5, 0, -4, -3, -2, 0, 0,
    0, 0, 0, 0, 0, 0, -5, 0,
    0, 0, 0, 0, 0, 0, 0, -4,
    0, 0, 0, 0, 0, 0, 0, 0,
    0, 0, -8, 0, 0, 0, -4, 0,
    -1, 0, -1, 0, 0, -8, 0, -4,
    -2, -8, 0, -4, 0, -2, -2, -7,
    -6, -3, -4, -8, -3, -7, -10, -4,
    0, 0, 0, -4, 0, 0, 0, 0,
    -8, 0, 0, 0, -4, 0, 0, 0,
    0, -4, 0, -4, -13, 0, 0, 0,
    0, 0, 0, 0, -4, 0, 0, -8,
    -6, 0, -10, -2, -10, 0, 0, -4,
    0, 0, 0, 0, 0, 0, 0, -8,
    -10, -12, -5, -7, -8, -10, -4, -13,
    -8, -6, 0, 0, -2, -4, 0, 0,
    0, 0, -10, 0, 0, 0, 0, 0,
    0, 0, 0, 0, 0, -12, -8, -6,
    0, 0, 0, 0, 0, 0, -8, 0,
    0, -10, 0, -6, -6, 0, -6, 0,
    0, -8, 0, 0, 0, 0, 0, 0,
    0, -8, -8, -12, -8, -6, -8, -10,
    -4, -5, -13, -6, 0, 0, 0, 0,
    -8, 0, 0, 0, -10, 0, 0, 0,
    0, 0, 0, 0, 0, 0, 0, 5,
    -6, 2, 0, 0, 0, 0, 0, 0,
    0, 0, 0, 0, 0, 2, -3, 0,
    -3, 0, 0, 0, 0, -2, 0, 0,
    6, -2, 0, -2, -3, -7, -2, 0,
    1, -8, -1, -2, -6, 0, 0, 0,
    0, 0, 0, 0, 0, 0, -8, 0,
    0, 0, 0, 0, 0, 0, 0, 0,
    0, -12, -2, -10, 0, 0, 0, 0,
    0, 0, -8, 0, 0, -4, 0, -10,
    -2, -3, -2, -8, 0, -8, 0, 0,
    0, 0, 0, 0, 0, -4, -5, -2,
    -3, -2, -5, -5, -4, 0, -9, -4,
    0, 0, -3, 0, 0, 0, 0, 0,
    -5, 0, 0, 0, 0, 0, 0, 0,
    0, 0, 0, 0, 0, 0, 0, 0,
    0, 0, 0, 0, 0, 0, 0, -4,
    -2, 0, -2, 0, -2, 0, 0, 0,
    0, -6, -2, 0, 0, -6, 0, -3,
    -6, -4, -4, -5, -4, -6, -4, -5,
    -10, -3, 0, 0, 0, 0, 0, 0,
    0, 0, -6, 0, 0, 0, 0, 0,
    0, 0, 0, 0, 0, 0, 0, 0,
    0, 0, 0, 0, 0, 0, 2, 0,
    0, 0, 0, 0, 0, 0, 0, 0,
    0, 2, 0, 0, 0, 0, 0, 0,
    0, 0, 0, 0, 0, 0, 0, 0,
    0, 0, 0, 0, 0, 0, 0, 0,
    0, 0, 0, 0, 0, 0, 0, 0,
    0, 0, 0, 0, 0, 0, 0, 0,
    0, 0, 0, 0, 0, 0, 0, 0,
    0, 0, 0, 0, 0, 0, 0, 0,
    0, 0, 0, 0, 0, -8, 0, 0,
    0, -8, 0, 0, 0, -2, 0, 0,
    0, -3, 0, 0, 0, 0, 0, 0,
    0, 0, 0, 0, 0, 0, -3, 0,
    0, 0, 0, 0, 0, 0, 0, 0,
    0, 0, 0, 0, 0, 0, 0, 0,
    0, 0, -4, 0, 0, 0, 0, 0,
    0, 0, 0, 0, 0, -4, 0, 0,
    0, 0, 0, 0, 0, 0, 0, 0,
    0, 0, 0, 0, 0, 0, 0, 0,
    0, 0, 0, 0, 0, 0, 0, 0,
    0, 0, 0, 0, 0, 0, 0, 0,
    -4, -2, 0, -4, 0, -6, 0, 0,
    -2, 0, 0, 0, -8, 0, 0, -2,
    -4, 0, 0, 0, 0, 0, 0, 0,
    0, 0, 0, 0, 0, -6, 0, 0,
    0, 0, 0, 0, 0, 0, 0, 0,
    0, 0, 0, -2, 0, 0, 0, 0,
    0, 0, 0, 0, 0, 0, 0, 0,
    0, 0, 0, 0, 0, -8, 0, -13,
    0, 0, 0, 0, 0, 0, 2, 0,
    0, 0, 0, -13, 0, 0, 0, 0,
    0, 2, 0, 0, 0, 0, 0, 0,
    0, 0, 0, 0, 0, 0, 0, 0,
    0, 0, 0, 0, 0, 0, 0, 0,
    0, 0, 0, 0, 0, 0, 0, 0,
    0, 0, 0, 0, 0, 0, 0, 0,
    0, 0, 0, 0, 0, 0, 0, 0,
    -12, 0, 0, 0, 0, 0, 0, 0,
    0, 0, 0, 0, 0, 0, 0, 0,
    0, -8, 0, 0, 0, 0, 0, 0,
    0, 0, 0, 0, 0, 0, 0, 0,
    0, 0, 0, 0, 0, 0, 0, 0,
    0, 0, 0, 0, 0, 0, 0, 0,
    0, 0, 0, 0, 0, 0, 0, 0,
    0, 0, -12, 0, 0, 0, 0, 0,
    0, 0, 0, -2, 0, -12, 0, -10,
    0, 0, 0, -10, 0, 0, 0, 0,
    0, 0, 0, 0, 0, 0, 0, 0,
    0, 0, 0, 0, 0, 0, 0, 0,
    0, 0, 0, 0, 0, -8, 0, 0,
    0, 0, 0, 0, 0, 0, 0, -12,
    0, 0, 0, 0, -15, 0, 0, 0,
    0, 0, 0, 0, 0, 0, 0, 0,
    0, 0, 0, 0, 0, -19, 0, 0,
    0, 0, 0, 0, 0, 0, 0, 0,
    0, 0, 0, 0, -10, 0, 0, 0,
    0, 0, 0, 0, 0, 0, 0, 0,
    0, 0, 0, 4, 0, 0, 0, 0,
    0, 0, 0, 0, 0, 0, 0, 0,
    0, 0, 0, 0, 0, 0, 0, 0,
    0, 0, 0, 0, 0, 0, 0, 0,
    0, -2, -4, -2, -2, -1, 0, -2,
    0, -1, -2, 0, 0, 0, 0, 4,
    0, 0, 0, 0, -2, 0, 0, 6,
    0, 0, 0, 0, 0, 0, 0, 0,
    0, 0, 0, 0, 0, 0, 0, 0,
    -6, 0, 0, 0, 0, 0, 0, 0,
    0, 0, 0, -6, 0, -8, 0, -6,
    0, -8, 0, 0, 0, 0, 0, 0,
    0, 0, 0, 0, 0, 0, 0, 0,
    0, 0, 0, 0, 0, 0, 0, 0,
    0, 0, 0, 0, 0, 0, 10, 0,
    0, 0, 0, -3, 0, 0, 0, 0,
    0, 0, 5, 0, 0, 0, 0, -3,
    3, 0, 3, -6, 0, 5, 0, 2,
    2, 7, 2, 2, 10, 0, -2, -4,
    -1, 0, -2, -3, 0, -2, -6, -3,
    8, 0, 0, 0, 0, 0, 0, 0,
    -3, 0, 0, 0, 0, 0, 0, 0,
    0, 0, 0, 0, 0, 0, 0, 0,
    0, 0, 0, 0, 0, 0, 0, 0,
    0, 0, 0, 0, 0, -23, 0, 0,
    0, 0, 0, 0, 0, 0, 0, 0,
    0, 0, 0, 0, 0, 0, 0, 0,
    0, 0, 0, 0, 0, 0, 0, 0,
    0, 0, 0, 0, 0, 0, 0, 0,
    0, 0, 0, 0, 0, 0, 0, 0,
    0, 2, 0, 0, 0, 0, 0, 0,
    0, 0, 0, 0, 0, 0, 0, 0,
    0, 0, 0, 0, 0, 0, 0, 0,
    0, 0, 0, 0, 0, 0, 0, 0,
    0, 0, 0, 0, 0, 0, 0, 0,
    0, 0, 0, 0, 0, 0, 0, 0,
    0, 0, 0, 0, 0, 0, 0, 0,
    0, 0, 0, 0, 0, 0, 0, 0,
    0, 0, 0, 0, 0, 0, 0, 0,
    0, -2, 0, 0, 0, 0, 0, 0,
    0, 0, 0, 0, 0, 0, 0, 0,
    0, 0, 0, 0, 0, 0, 0, 0,
    0, 0, 0, 0, 0, 0, 0, 0,
    0, 0
};


/*Collect the kern class' data in one place*/
static const lv_font_fmt_txt_kern_classes_t kern_classes =
{
    .class_pair_values   = kern_class_values,
    .left_class_mapping  = kern_left_class_mapping,
    .right_class_mapping = kern_right_class_mapping,
    .left_class_cnt      = 61,
    .right_class_cnt     = 58,
};

/*--------------------
 *  ALL CUSTOM DATA
 *--------------------*/

#if LVGL_VERSION_MAJOR == 8
/*Store all the custom data of the font*/
static  lv_font_fmt_txt_glyph_cache_t cache;
#endif

#if LVGL_VERSION_MAJOR >= 8
static const lv_font_fmt_txt_dsc_t font_dsc = {
#else
static lv_font_fmt_txt_dsc_t font_dsc = {
#endif
    .glyph_bitmap = glyph_bitmap,
    .glyph_dsc = glyph_dsc,
    .cmaps = cmaps,
    .kern_dsc = &kern_classes,
    .kern_scale = 16,
    .cmap_num = 10,
    .bpp = 4,
    .kern_classes = 1,
    .bitmap_format = 0,
#if LVGL_VERSION_MAJOR == 8
    .cache = &cache
#endif
};



/*-----------------
 *  PUBLIC FONT
 *----------------*/

/*Initialize a public general font descriptor*/
#if LVGL_VERSION_MAJOR >= 8
const lv_font_t geist_c3_reg_12 = {
#else
lv_font_t geist_c3_reg_12 = {
#endif
    .get_glyph_dsc = lv_font_get_glyph_dsc_fmt_txt,    /*Function pointer to get glyph's data*/
    .get_glyph_bitmap = lv_font_get_bitmap_fmt_txt,    /*Function pointer to get glyph's bitmap*/
    .line_height = 18,          /*The maximum line height required by the font*/
    .base_line = 4,             /*Baseline measured from the bottom of the line*/
#if !(LVGL_VERSION_MAJOR == 6 && LVGL_VERSION_MINOR == 0)
    .subpx = LV_FONT_SUBPX_NONE,
#endif
#if LV_VERSION_CHECK(7, 4, 0) || LVGL_VERSION_MAJOR >= 8
    .underline_position = -1,
    .underline_thickness = 1,
#endif
    .dsc = &font_dsc,          /*The custom font data. Will be accessed by `get_glyph_bitmap/dsc` */
#if LV_VERSION_CHECK(8, 2, 0) || LVGL_VERSION_MAJOR >= 9
    .fallback = NULL,
#endif
    .user_data = NULL,
};



#endif /*#if GEIST_C3_REG_12*/

