/*******************************************************************************
 * Size: 20 px
 * Bpp: 4
 * Opts: --bpp 4 --size 20 --format lvgl --no-compress --no-prefilter --font fonts/Geist-Medium.ttf --range 0x20-0x7F,0xA0-0x24F,0x1E00-0x1EFF,0x2013-0x2026,0x203A --font /System/Library/Fonts/Supplemental/Arial Unicode.ttf --range 0x00AD,0x0114-0x0115,0x012C-0x012D,0x0138,0x013F-0x0140,0x0149,0x014E-0x014F,0x017F-0x018E,0x0190-0x0191,0x0193-0x019F,0x01A2-0x01AE,0x01B1-0x01CC,0x01CF-0x01E3,0x01EA-0x01F5,0x01FA-0x0217,0x1E00-0x1E1F,0x1E22-0x1E7F,0x1E86-0x1E9B,0x2015-0x2017,0x201B,0x201F,0x2023-0x2025,0x2713,0x2717 -o main/ui/geist_c3_med_20.c --lv-include lvgl.h
 ******************************************************************************/

#ifdef LV_LVGL_H_INCLUDE_SIMPLE
#include "lvgl.h"
#else
#include "lvgl.h"
#endif

#ifndef GEIST_C3_MED_20
#define GEIST_C3_MED_20 1
#endif

#if GEIST_C3_MED_20

/*-----------------
 *    BITMAPS
 *----------------*/

/*Store the image of the glyphs*/
static LV_ATTRIBUTE_LARGE_CONST const uint8_t glyph_bitmap[] = {
    /* U+0020 " " */

    /* U+0021 "!" */
    0xb, 0xf6, 0xb, 0xf6, 0xb, 0xf6, 0xb, 0xf6,
    0xb, 0xf6, 0xb, 0xf6, 0xa, 0xf5, 0x9, 0xf4,
    0x8, 0xf3, 0x6, 0xf1, 0x0, 0x10, 0x8, 0x85,
    0xf, 0xf9, 0xf, 0xf9,

    /* U+0022 "\"" */
    0x2f, 0xd0, 0xaf, 0x51, 0xfc, 0x9, 0xf5, 0xf,
    0xc0, 0x9f, 0x30, 0xec, 0x8, 0xf2, 0xd, 0xb0,
    0x8f, 0x0, 0x55, 0x3, 0x60,

    /* U+0023 "#" */
    0x0, 0x0, 0xcf, 0x10, 0x8f, 0x50, 0x0, 0x0,
    0xfe, 0x0, 0xbf, 0x20, 0x0, 0x2, 0xfb, 0x0,
    0xef, 0x0, 0x2, 0xff, 0xff, 0xff, 0xff, 0xf3,
    0x3, 0xbf, 0xff, 0xbf, 0xff, 0xb1, 0x0, 0xa,
    0xf3, 0x6, 0xf7, 0x0, 0x0, 0xd, 0xf0, 0x9,
    0xf4, 0x0, 0x0, 0xf, 0xd0, 0xc, 0xf1, 0x0,
    0xa, 0xff, 0xfb, 0xbf, 0xfb, 0x50, 0xf, 0xff,
    0xff, 0xff, 0xff, 0x50, 0x0, 0x9f, 0x40, 0x5f,
    0x80, 0x0, 0x0, 0xbf, 0x20, 0x7f, 0x50, 0x0,
    0x0, 0xef, 0x0, 0xaf, 0x30, 0x0, 0x1, 0xfc,
    0x0, 0xdf, 0x0, 0x0,

    /* U+0024 "$" */
    0x0, 0x0, 0x18, 0x20, 0x0, 0x0, 0x0, 0x3,
    0xf5, 0x0, 0x0, 0x0, 0x0, 0x3f, 0x50, 0x0,
    0x0, 0x6, 0xcf, 0xff, 0x81, 0x0, 0xb, 0xff,
    0xff, 0xff, 0xe2, 0x5, 0xff, 0x53, 0xf7, 0xcf,
    0xd0, 0x9f, 0xa0, 0x3f, 0x50, 0xef, 0x48, 0xfb,
    0x3, 0xf5, 0x5, 0x73, 0x3f, 0xfa, 0x7f, 0x50,
    0x0, 0x0, 0x4d, 0xff, 0xff, 0x71, 0x0, 0x0,
    0x3, 0xbf, 0xff, 0xf6, 0x0, 0x0, 0x3, 0xf6,
    0x8f, 0xf5, 0x9b, 0x30, 0x3f, 0x50, 0x8f, 0xba,
    0xfa, 0x3, 0xf5, 0x7, 0xfb, 0x3f, 0xf9, 0x4f,
    0x54, 0xef, 0x70, 0x6f, 0xff, 0xff, 0xff, 0xc0,
    0x0, 0x3a, 0xff, 0xfc, 0x60, 0x0, 0x0, 0x3,
    0xf5, 0x0, 0x0, 0x0, 0x0, 0x18, 0x20, 0x0,
    0x0,

    /* U+0025 "%" */
    0x1, 0xae, 0xea, 0x10, 0x0, 0x4, 0xf6, 0x0,
    0xb, 0xf7, 0x7f, 0xb0, 0x0, 0xe, 0xb0, 0x0,
    0xf, 0x90, 0x9, 0xf0, 0x0, 0xae, 0x10, 0x0,
    0x1f, 0x80, 0x8, 0xf1, 0x5, 0xf5, 0x0, 0x0,
    0xd, 0xe3, 0x3d, 0xd0, 0x1e, 0xa0, 0x0, 0x0,
    0x3, 0xef, 0xfe, 0x30, 0xbe, 0x10, 0x0, 0x0,
    0x0, 0x3, 0x30, 0x6, 0xf4, 0x0, 0x0, 0x0,
    0x0, 0x0, 0x0, 0x2f, 0x90, 0x8f, 0xfc, 0x20,
    0x0, 0x0, 0x0, 0xcd, 0x7, 0xf8, 0x5e, 0xd0,
    0x0, 0x0, 0x7, 0xf3, 0xd, 0xd0, 0x6, 0xf3,
    0x0, 0x0, 0x2f, 0x80, 0xe, 0xb0, 0x4, 0xf5,
    0x0, 0x0, 0xdc, 0x0, 0xc, 0xd0, 0x7, 0xf3,
    0x0, 0x8, 0xf2, 0x0, 0x6, 0xf9, 0x6e, 0xd0,
    0x0, 0x3f, 0x70, 0x0, 0x0, 0x7e, 0xfb, 0x20,

    /* U+0026 "&" */
    0x0, 0x5, 0xcf, 0xfc, 0x30, 0x0, 0x0, 0x5,
    0xff, 0xff, 0xff, 0x20, 0x0, 0x0, 0xbf, 0xc1,
    0x2e, 0xf7, 0x0, 0x0, 0xc, 0xf7, 0x0, 0xbf,
    0x70, 0x0, 0x0, 0x8f, 0x90, 0x2f, 0xf2, 0x0,
    0x0, 0x1, 0xef, 0x6e, 0xf4, 0x0, 0x0, 0x0,
    0xb, 0xff, 0xd2, 0x0, 0x0, 0x0, 0x1d, 0xfe,
    0xff, 0x30, 0x4, 0x40, 0xc, 0xfb, 0x7, 0xfe,
    0x20, 0xff, 0x22, 0xff, 0x20, 0x9, 0xfd, 0x4f,
    0xe0, 0x3f, 0xf1, 0x0, 0xb, 0xff, 0xf8, 0x1,
    0xff, 0xa1, 0x0, 0x6f, 0xff, 0x10, 0x8, 0xff,
    0xff, 0xff, 0xff, 0xf8, 0x0, 0x5, 0xbe, 0xfe,
    0xc7, 0x5f, 0xf4,

    /* U+0027 "'" */
    0x2f, 0xd1, 0xfd, 0xf, 0xc0, 0xfb, 0xe, 0x90,
    0x54,

    /* U+0028 "(" */
    0x0, 0x2, 0x62, 0x0, 0xd, 0xf1, 0x0, 0x6f,
    0x90, 0x0, 0xdf, 0x20, 0x4, 0xfc, 0x0, 0x9,
    0xf8, 0x0, 0xd, 0xf4, 0x0, 0xf, 0xf2, 0x0,
    0x1f, 0xf1, 0x0, 0x1f, 0xf0, 0x0, 0xf, 0xf1,
    0x0, 0xf, 0xf3, 0x0, 0xb, 0xf6, 0x0, 0x7,
    0xf9, 0x0, 0x2, 0xfe, 0x0, 0x0, 0xbf, 0x40,
    0x0, 0x3f, 0xc0, 0x0, 0xa, 0xf4,

    /* U+0029 ")" */
    0x36, 0x10, 0x4, 0xfa, 0x0, 0xc, 0xf3, 0x0,
    0x6f, 0xa0, 0x0, 0xff, 0x10, 0xb, 0xf5, 0x0,
    0x8f, 0x90, 0x5, 0xfc, 0x0, 0x4f, 0xd0, 0x3,
    0xfe, 0x0, 0x4f, 0xd0, 0x6, 0xfb, 0x0, 0x9f,
    0x80, 0xd, 0xf4, 0x2, 0xfe, 0x0, 0x8f, 0x80,
    0xe, 0xe1, 0x7, 0xf7, 0x0,

    /* U+002A "*" */
    0x0, 0x0, 0x1, 0x0, 0x0, 0xd8, 0xe, 0x60,
    0x0, 0x8f, 0xaf, 0x10, 0x18, 0x8f, 0xfc, 0x85,
    0x2f, 0xff, 0xff, 0xfb, 0x0, 0x3f, 0xec, 0x0,
    0x0, 0xdc, 0x3f, 0x60, 0x0, 0x53, 0x6, 0x20,

    /* U+002B "+" */
    0x0, 0x0, 0x4f, 0x80, 0x0, 0x0, 0x0, 0x4,
    0xf8, 0x0, 0x0, 0x0, 0x0, 0x4f, 0x80, 0x0,
    0x0, 0x0, 0x4, 0xf8, 0x0, 0x0, 0x3f, 0xff,
    0xff, 0xff, 0xff, 0x72, 0xee, 0xef, 0xff, 0xee,
    0xe6, 0x0, 0x0, 0x4f, 0x80, 0x0, 0x0, 0x0,
    0x4, 0xf8, 0x0, 0x0, 0x0, 0x0, 0x4f, 0x80,
    0x0, 0x0, 0x0, 0x2, 0x84, 0x0, 0x0,

    /* U+002C "," */
    0x18, 0x83, 0x2f, 0xf6, 0x2f, 0xf6, 0x3, 0xf1,
    0x9, 0xb0, 0xe, 0x50,

    /* U+002D "-" */
    0x2e, 0xee, 0xee, 0xe7, 0x2f, 0xff, 0xff, 0xf8,

    /* U+002E "." */
    0x18, 0x83, 0x2f, 0xf6, 0x2f, 0xf6,

    /* U+002F "/" */
    0x0, 0x0, 0x0, 0x38, 0x40, 0x0, 0x0, 0xa,
    0xf5, 0x0, 0x0, 0x0, 0xff, 0x0, 0x0, 0x0,
    0x5f, 0xb0, 0x0, 0x0, 0xb, 0xf5, 0x0, 0x0,
    0x1, 0xff, 0x0, 0x0, 0x0, 0x6f, 0xa0, 0x0,
    0x0, 0xb, 0xf5, 0x0, 0x0, 0x1, 0xff, 0x0,
    0x0, 0x0, 0x6f, 0xa0, 0x0, 0x0, 0xb, 0xf5,
    0x0, 0x0, 0x1, 0xff, 0x0, 0x0, 0x0, 0x6f,
    0xa0, 0x0, 0x0, 0xb, 0xf5, 0x0, 0x0, 0x1,
    0xff, 0x0, 0x0, 0x0, 0x6f, 0xa0, 0x0, 0x0,
    0xc, 0xf4, 0x0, 0x0, 0x1, 0xff, 0x0, 0x0,
    0x0,

    /* U+0030 "0" */
    0x0, 0x1, 0x8d, 0xfe, 0xb4, 0x0, 0x0, 0x2,
    0xef, 0xff, 0xff, 0xf7, 0x0, 0x0, 0xdf, 0xd4,
    0x1, 0x8f, 0xf4, 0x0, 0x6f, 0xf1, 0x0, 0x0,
    0x9f, 0xd0, 0xb, 0xf9, 0x0, 0x0, 0x1, 0xff,
    0x20, 0xef, 0x50, 0x0, 0x0, 0xd, 0xf5, 0xf,
    0xf3, 0x0, 0x0, 0x0, 0xcf, 0x70, 0xff, 0x30,
    0x0, 0x0, 0xc, 0xf7, 0xe, 0xf5, 0x0, 0x0,
    0x0, 0xdf, 0x50, 0xbf, 0x80, 0x0, 0x0, 0x1f,
    0xf2, 0x6, 0xfe, 0x10, 0x0, 0x8, 0xfd, 0x0,
    0xd, 0xfd, 0x30, 0x18, 0xff, 0x50, 0x0, 0x2e,
    0xff, 0xff, 0xff, 0x80, 0x0, 0x0, 0x18, 0xdf,
    0xeb, 0x40, 0x0,

    /* U+0031 "1" */
    0x0, 0x0, 0xdf, 0x0, 0x5, 0xff, 0x3f, 0xff,
    0xff, 0x2c, 0xcd, 0xff, 0x0, 0x3, 0xff, 0x0,
    0x3, 0xff, 0x0, 0x3, 0xff, 0x0, 0x3, 0xff,
    0x0, 0x3, 0xff, 0x0, 0x3, 0xff, 0x0, 0x3,
    0xff, 0x0, 0x3, 0xff, 0x0, 0x3, 0xff, 0x0,
    0x3, 0xff,

    /* U+0032 "2" */
    0x0, 0x3a, 0xef, 0xeb, 0x40, 0x0, 0x5f, 0xff,
    0xff, 0xff, 0x70, 0x2f, 0xfb, 0x30, 0x1a, 0xff,
    0x18, 0xfd, 0x0, 0x0, 0xe, 0xf5, 0x69, 0x50,
    0x0, 0x0, 0xdf, 0x50, 0x0, 0x0, 0x0, 0x5f,
    0xf2, 0x0, 0x0, 0x1, 0x9f, 0xf8, 0x0, 0x0,
    0x7, 0xff, 0xf6, 0x0, 0x0, 0x2d, 0xff, 0x91,
    0x0, 0x0, 0x3f, 0xfc, 0x20, 0x0, 0x0, 0xe,
    0xfb, 0x0, 0x0, 0x0, 0x6, 0xff, 0x0, 0x0,
    0x0, 0x0, 0xaf, 0xff, 0xff, 0xff, 0xff, 0x6c,
    0xff, 0xff, 0xff, 0xff, 0xf6,

    /* U+0033 "3" */
    0x0, 0x6, 0xce, 0xfe, 0xa3, 0x0, 0x0, 0xcf,
    0xff, 0xff, 0xff, 0x50, 0x7, 0xfe, 0x50, 0x2,
    0xbf, 0xe0, 0x3, 0x53, 0x0, 0x0, 0x4f, 0xf0,
    0x0, 0x0, 0x0, 0x1, 0xaf, 0xb0, 0x0, 0x0,
    0xe, 0xef, 0xf9, 0x10, 0x0, 0x0, 0xf, 0xff,
    0xfa, 0x10, 0x0, 0x0, 0x0, 0x3, 0xbf, 0xd0,
    0x0, 0x0, 0x0, 0x0, 0xe, 0xf5, 0x4, 0x41,
    0x0, 0x0, 0xb, 0xf8, 0xe, 0xf6, 0x0, 0x0,
    0xe, 0xf6, 0x9, 0xff, 0x51, 0x3, 0xbf, 0xf1,
    0x1, 0xdf, 0xff, 0xff, 0xff, 0x60, 0x0, 0x7,
    0xdf, 0xfe, 0xa3, 0x0,

    /* U+0034 "4" */
    0x0, 0x0, 0x0, 0xd, 0xfe, 0x0, 0x0, 0x0,
    0x0, 0xaf, 0xfe, 0x0, 0x0, 0x0, 0x6, 0xff,
    0xfe, 0x0, 0x0, 0x0, 0x3f, 0xf9, 0xfe, 0x0,
    0x0, 0x1, 0xdf, 0x84, 0xfe, 0x0, 0x0, 0xa,
    0xfb, 0x4, 0xfe, 0x0, 0x0, 0x7f, 0xe1, 0x4,
    0xfe, 0x0, 0x3, 0xff, 0x30, 0x4, 0xfe, 0x0,
    0x1e, 0xf6, 0x0, 0x4, 0xfe, 0x0, 0x6f, 0xff,
    0xff, 0xff, 0xff, 0xf9, 0x7f, 0xff, 0xff, 0xff,
    0xff, 0xfa, 0x0, 0x0, 0x0, 0x4, 0xfe, 0x0,
    0x0, 0x0, 0x0, 0x4, 0xfe, 0x0, 0x0, 0x0,
    0x0, 0x4, 0xfe, 0x0,

    /* U+0035 "5" */
    0xb, 0xff, 0xff, 0xff, 0xfa, 0x0, 0xdf, 0xff,
    0xff, 0xff, 0xa0, 0xf, 0xf3, 0x0, 0x0, 0x0,
    0x1, 0xff, 0x0, 0x0, 0x0, 0x0, 0x3f, 0xe3,
    0xac, 0xc9, 0x20, 0x5, 0xff, 0xff, 0xff, 0xff,
    0x40, 0x7f, 0xf8, 0x20, 0x3c, 0xfe, 0x14, 0x86,
    0x0, 0x0, 0xe, 0xf6, 0x0, 0x0, 0x0, 0x0,
    0xaf, 0x91, 0x21, 0x0, 0x0, 0xa, 0xf9, 0xaf,
    0xa0, 0x0, 0x0, 0xef, 0x65, 0xff, 0x81, 0x3,
    0xbf, 0xe0, 0xa, 0xff, 0xff, 0xff, 0xf4, 0x0,
    0x5, 0xbe, 0xfe, 0x92, 0x0,

    /* U+0036 "6" */
    0x0, 0x1, 0x9d, 0xfe, 0xb4, 0x0, 0x0, 0x2e,
    0xff, 0xff, 0xff, 0x60, 0x0, 0xdf, 0xc3, 0x1,
    0x7f, 0xf1, 0x5, 0xfd, 0x0, 0x0, 0x1, 0x0,
    0xa, 0xf7, 0x6d, 0xfe, 0x91, 0x0, 0xd, 0xfd,
    0xff, 0xef, 0xfe, 0x20, 0xf, 0xff, 0x60, 0x2,
    0xcf, 0xc0, 0xf, 0xf9, 0x0, 0x0, 0x2f, 0xf2,
    0xf, 0xf4, 0x0, 0x0, 0xe, 0xf4, 0xe, 0xf4,
    0x0, 0x0, 0xf, 0xf3, 0xa, 0xf9, 0x0, 0x0,
    0x4f, 0xf1, 0x4, 0xff, 0x70, 0x4, 0xef, 0xa0,
    0x0, 0x9f, 0xff, 0xff, 0xfd, 0x10, 0x0, 0x5,
    0xce, 0xfd, 0x80, 0x0,

    /* U+0037 "7" */
    0x9f, 0xff, 0xff, 0xff, 0xff, 0xa9, 0xff, 0xff,
    0xff, 0xff, 0xf9, 0x0, 0x0, 0x0, 0x2, 0xef,
    0x20, 0x0, 0x0, 0x0, 0xdf, 0x40, 0x0, 0x0,
    0x0, 0x8f, 0x90, 0x0, 0x0, 0x0, 0x2f, 0xd0,
    0x0, 0x0, 0x0, 0xa, 0xf6, 0x0, 0x0, 0x0,
    0x2, 0xfe, 0x0, 0x0, 0x0, 0x0, 0x8f, 0x80,
    0x0, 0x0, 0x0, 0xd, 0xf3, 0x0, 0x0, 0x0,
    0x1, 0xff, 0x0, 0x0, 0x0, 0x0, 0x5f, 0xd0,
    0x0, 0x0, 0x0, 0x7, 0xfb, 0x0, 0x0, 0x0,
    0x0, 0x8f, 0xa0, 0x0, 0x0,

    /* U+0038 "8" */
    0x0, 0x7, 0xcf, 0xfe, 0xa2, 0x0, 0x0, 0xcf,
    0xff, 0xff, 0xff, 0x40, 0x5, 0xff, 0x61, 0x2,
    0xcf, 0xd0, 0x8, 0xfb, 0x0, 0x0, 0x4f, 0xf0,
    0x4, 0xfe, 0x20, 0x0, 0x9f, 0xc0, 0x0, 0x7f,
    0xfd, 0xdf, 0xfb, 0x10, 0x0, 0x6e, 0xff, 0xff,
    0xfb, 0x10, 0x7, 0xfe, 0x51, 0x2, 0xaf, 0xe0,
    0xf, 0xf4, 0x0, 0x0, 0xc, 0xf7, 0x2f, 0xf0,
    0x0, 0x0, 0x9, 0xfa, 0x2f, 0xf3, 0x0, 0x0,
    0xc, 0xf9, 0xd, 0xfe, 0x51, 0x2, 0x9f, 0xf5,
    0x3, 0xef, 0xff, 0xff, 0xff, 0x90, 0x0, 0x18,
    0xdf, 0xfe, 0xa4, 0x0,

    /* U+0039 "9" */
    0x0, 0x18, 0xdf, 0xec, 0x50, 0x0, 0x2, 0xef,
    0xff, 0xff, 0xf9, 0x0, 0xb, 0xfd, 0x30, 0x5,
    0xff, 0x50, 0x1f, 0xf3, 0x0, 0x0, 0x7f, 0xb0,
    0x3f, 0xf0, 0x0, 0x0, 0x3f, 0xf0, 0x1f, 0xf2,
    0x0, 0x0, 0x6f, 0xf1, 0xc, 0xfd, 0x20, 0x4,
    0xff, 0xf2, 0x2, 0xff, 0xfe, 0xff, 0xdf, 0xf1,
    0x0, 0x29, 0xef, 0xd8, 0x3f, 0xf0, 0x0, 0x0,
    0x0, 0x0, 0x6f, 0xc0, 0x5, 0x51, 0x0, 0x0,
    0xdf, 0x80, 0xa, 0xfb, 0x20, 0x2b, 0xff, 0x10,
    0x1, 0xef, 0xff, 0xff, 0xf5, 0x0, 0x0, 0x19,
    0xdf, 0xea, 0x30, 0x0,

    /* U+003A ":" */
    0x4f, 0xf4, 0x4f, 0xf4, 0x28, 0x82, 0x0, 0x0,
    0x0, 0x0, 0x0, 0x0, 0x0, 0x0, 0x28, 0x82,
    0x4f, 0xf4, 0x4f, 0xf4,

    /* U+003B ";" */
    0x28, 0x82, 0x4f, 0xf4, 0x4f, 0xf4, 0x0, 0x0,
    0x0, 0x0, 0x0, 0x0, 0x0, 0x0, 0x0, 0x0,
    0x28, 0x82, 0x4f, 0xf4, 0x4f, 0xf4, 0x5, 0xf0,
    0xb, 0x90, 0xf, 0x30,

    /* U+003C "<" */
    0x0, 0x0, 0x0, 0x0, 0x0, 0x0, 0x0, 0x0,
    0x1, 0x8d, 0x0, 0x0, 0x2, 0x9f, 0xfe, 0x0,
    0x4, 0xbf, 0xfe, 0x71, 0x6, 0xdf, 0xfd, 0x60,
    0x0, 0x3f, 0xfb, 0x40, 0x0, 0x0, 0x3f, 0xf7,
    0x0, 0x0, 0x0, 0x1a, 0xff, 0xf8, 0x10, 0x0,
    0x0, 0x18, 0xff, 0xfa, 0x30, 0x0, 0x0, 0x7,
    0xdf, 0xfb, 0x0, 0x0, 0x0, 0x5, 0xce, 0x0,
    0x0, 0x0, 0x0, 0x2,

    /* U+003D "=" */
    0x3f, 0xff, 0xff, 0xff, 0xff, 0x12, 0xdd, 0xdd,
    0xdd, 0xdd, 0xd1, 0x0, 0x0, 0x0, 0x0, 0x0,
    0x0, 0x0, 0x0, 0x0, 0x0, 0x0, 0x2e, 0xee,
    0xee, 0xee, 0xee, 0x13, 0xff, 0xff, 0xff, 0xff,
    0xf1,

    /* U+003E ">" */
    0x0, 0x0, 0x0, 0x0, 0x0, 0xe7, 0x10, 0x0,
    0x0, 0x0, 0xff, 0xf9, 0x20, 0x0, 0x0, 0x18,
    0xef, 0xfb, 0x30, 0x0, 0x0, 0x6, 0xdf, 0xfc,
    0x50, 0x0, 0x0, 0x4, 0xbf, 0xf2, 0x0, 0x0,
    0x1, 0x7f, 0xf2, 0x0, 0x2, 0x9f, 0xff, 0xa0,
    0x4, 0xbf, 0xfe, 0x81, 0x0, 0xdf, 0xfd, 0x60,
    0x0, 0x0, 0xfb, 0x40, 0x0, 0x0, 0x0, 0x20,
    0x0, 0x0, 0x0, 0x0,

    /* U+003F "?" */
    0x0, 0x7, 0xcf, 0xfc, 0x60, 0x0, 0xc, 0xff,
    0xff, 0xff, 0xa0, 0x9, 0xfe, 0x40, 0x7, 0xff,
    0x40, 0xff, 0x50, 0x0, 0xc, 0xf8, 0x7, 0x70,
    0x0, 0x0, 0xbf, 0x70, 0x0, 0x0, 0x0, 0x5f,
    0xf3, 0x0, 0x0, 0x1, 0xaf, 0xf5, 0x0, 0x0,
    0x0, 0xdf, 0xc2, 0x0, 0x0, 0x0, 0x4f, 0xe0,
    0x0, 0x0, 0x0, 0x5, 0xea, 0x0, 0x0, 0x0,
    0x0, 0x0, 0x0, 0x0, 0x0, 0x0, 0x6, 0x87,
    0x0, 0x0, 0x0, 0x0, 0xbf, 0xe0, 0x0, 0x0,
    0x0, 0xb, 0xfe, 0x0, 0x0,

    /* U+0040 "@" */
    0x0, 0x0, 0x0, 0x6a, 0xdf, 0xfd, 0xa4, 0x0,
    0x0, 0x0, 0x0, 0x5e, 0xfe, 0xa9, 0x9a, 0xef,
    0xc2, 0x0, 0x0, 0x7, 0xfc, 0x40, 0x0, 0x0,
    0x5, 0xee, 0x10, 0x0, 0x5f, 0xa0, 0x0, 0x0,
    0x0, 0x0, 0x2f, 0xb0, 0x0, 0xed, 0x0, 0x2b,
    0xef, 0xa7, 0xf5, 0x8, 0xf2, 0x6, 0xf4, 0x2,
    0xff, 0xb9, 0xdf, 0xf4, 0x2, 0xf7, 0xb, 0xe0,
    0xb, 0xf6, 0x0, 0x1e, 0xf3, 0x0, 0xf9, 0xf,
    0xa0, 0x1f, 0xe0, 0x0, 0xa, 0xf1, 0x0, 0xf9,
    0x1f, 0x80, 0x2f, 0xc0, 0x0, 0xa, 0xf0, 0x2,
    0xf7, 0x1f, 0x80, 0x1f, 0xe0, 0x0, 0x1f, 0xf0,
    0x7, 0xf3, 0xf, 0x90, 0xc, 0xf8, 0x34, 0xcf,
    0xf4, 0x5f, 0xb0, 0xd, 0xd0, 0x2, 0xdf, 0xff,
    0x93, 0xef, 0xfc, 0x10, 0x7, 0xf4, 0x0, 0x3,
    0x42, 0x0, 0x14, 0x30, 0x0, 0x1, 0xee, 0x30,
    0x0, 0x0, 0x0, 0x0, 0x0, 0x0, 0x0, 0x3f,
    0xf9, 0x31, 0x1, 0x38, 0x90, 0x0, 0x0, 0x0,
    0x2, 0xbf, 0xff, 0xff, 0xff, 0xb0, 0x0, 0x0,
    0x0, 0x0, 0x1, 0x57, 0x87, 0x51, 0x0, 0x0,
    0x0,

    /* U+0041 "A" */
    0x0, 0x0, 0xa, 0xff, 0x70, 0x0, 0x0, 0x0,
    0x0, 0x1f, 0xff, 0xc0, 0x0, 0x0, 0x0, 0x0,
    0x6f, 0xae, 0xf2, 0x0, 0x0, 0x0, 0x0, 0xcf,
    0x48, 0xf8, 0x0, 0x0, 0x0, 0x2, 0xfe, 0x2,
    0xfe, 0x0, 0x0, 0x0, 0x7, 0xf9, 0x0, 0xdf,
    0x40, 0x0, 0x0, 0xd, 0xf3, 0x0, 0x7f, 0xa0,
    0x0, 0x0, 0x3f, 0xd0, 0x0, 0x1f, 0xf0, 0x0,
    0x0, 0x9f, 0xff, 0xff, 0xff, 0xf5, 0x0, 0x0,
    0xef, 0xff, 0xff, 0xff, 0xfb, 0x0, 0x5, 0xfd,
    0x0, 0x0, 0x1, 0xff, 0x10, 0xa, 0xf8, 0x0,
    0x0, 0x0, 0xbf, 0x70, 0x1f, 0xf2, 0x0, 0x0,
    0x0, 0x6f, 0xd0, 0x6f, 0xd0, 0x0, 0x0, 0x0,
    0x1f, 0xf3,

    /* U+0042 "B" */
    0x4f, 0xff, 0xff, 0xfd, 0xa3, 0x0, 0x4f, 0xff,
    0xff, 0xff, 0xff, 0x40, 0x4f, 0xe0, 0x0, 0x3,
    0xdf, 0xc0, 0x4f, 0xe0, 0x0, 0x0, 0x5f, 0xf0,
    0x4f, 0xe0, 0x0, 0x0, 0x5f, 0xe0, 0x4f, 0xe0,
    0x0, 0x15, 0xef, 0x70, 0x4f, 0xff, 0xff, 0xff,
    0xc5, 0x0, 0x4f, 0xfd, 0xdd, 0xdf, 0xfd, 0x40,
    0x4f, 0xe0, 0x0, 0x0, 0x6f, 0xf2, 0x4f, 0xe0,
    0x0, 0x0, 0xb, 0xf7, 0x4f, 0xe0, 0x0, 0x0,
    0xc, 0xf8, 0x4f, 0xe0, 0x0, 0x1, 0x7f, 0xf5,
    0x4f, 0xff, 0xff, 0xff, 0xff, 0xc0, 0x4f, 0xff,
    0xff, 0xff, 0xc7, 0x0,

    /* U+0043 "C" */
    0x0, 0x0, 0x5b, 0xef, 0xeb, 0x50, 0x0, 0x0,
    0x1c, 0xff, 0xff, 0xff, 0xfa, 0x0, 0x0, 0xcf,
    0xf7, 0x10, 0x28, 0xff, 0x70, 0x5, 0xff, 0x30,
    0x0, 0x0, 0x7f, 0xe0, 0xb, 0xf9, 0x0, 0x0,
    0x0, 0xc, 0xd3, 0xf, 0xf4, 0x0, 0x0, 0x0,
    0x0, 0x0, 0x1f, 0xf2, 0x0, 0x0, 0x0, 0x0,
    0x0, 0x1f, 0xf2, 0x0, 0x0, 0x0, 0x0, 0x0,
    0xf, 0xf4, 0x0, 0x0, 0x0, 0x1, 0x10, 0xc,
    0xf9, 0x0, 0x0, 0x0, 0xf, 0xf5, 0x6, 0xff,
    0x30, 0x0, 0x0, 0x7f, 0xf0, 0x0, 0xcf, 0xf6,
    0x10, 0x28, 0xff, 0x70, 0x0, 0x1c, 0xff, 0xff,
    0xff, 0xf9, 0x0, 0x0, 0x0, 0x5b, 0xef, 0xea,
    0x40, 0x0,

    /* U+0044 "D" */
    0x4f, 0xff, 0xff, 0xeb, 0x60, 0x0, 0x4, 0xff,
    0xff, 0xff, 0xff, 0xd2, 0x0, 0x4f, 0xe0, 0x0,
    0x16, 0xef, 0xd1, 0x4, 0xfe, 0x0, 0x0, 0x1,
    0xef, 0x80, 0x4f, 0xe0, 0x0, 0x0, 0x7, 0xfe,
    0x4, 0xfe, 0x0, 0x0, 0x0, 0x2f, 0xf1, 0x4f,
    0xe0, 0x0, 0x0, 0x0, 0xff, 0x24, 0xfe, 0x0,
    0x0, 0x0, 0xf, 0xf2, 0x4f, 0xe0, 0x0, 0x0,
    0x2, 0xff, 0x14, 0xfe, 0x0, 0x0, 0x0, 0x7f,
    0xe0, 0x4f, 0xe0, 0x0, 0x0, 0x1e, 0xf8, 0x4,
    0xfe, 0x0, 0x1, 0x6e, 0xfe, 0x10, 0x4f, 0xff,
    0xff, 0xff, 0xfe, 0x20, 0x4, 0xff, 0xff, 0xfe,
    0xc7, 0x0, 0x0,

    /* U+0045 "E" */
    0x4f, 0xff, 0xff, 0xff, 0xff, 0x4, 0xff, 0xff,
    0xff, 0xff, 0xf0, 0x4f, 0xe0, 0x0, 0x0, 0x0,
    0x4, 0xfe, 0x0, 0x0, 0x0, 0x0, 0x4f, 0xe0,
    0x0, 0x0, 0x0, 0x4, 0xfe, 0x0, 0x0, 0x0,
    0x0, 0x4f, 0xff, 0xff, 0xff, 0xfb, 0x4, 0xff,
    0xff, 0xff, 0xff, 0xa0, 0x4f, 0xe0, 0x0, 0x0,
    0x0, 0x4, 0xfe, 0x0, 0x0, 0x0, 0x0, 0x4f,
    0xe0, 0x0, 0x0, 0x0, 0x4, 0xfe, 0x0, 0x0,
    0x0, 0x0, 0x4f, 0xff, 0xff, 0xff, 0xff, 0x24,
    0xff, 0xff, 0xff, 0xff, 0xf2,

    /* U+0046 "F" */
    0x4f, 0xff, 0xff, 0xff, 0xff, 0x4f, 0xff, 0xff,
    0xff, 0xff, 0x4f, 0xe0, 0x0, 0x0, 0x0, 0x4f,
    0xe0, 0x0, 0x0, 0x0, 0x4f, 0xe0, 0x0, 0x0,
    0x0, 0x4f, 0xe0, 0x0, 0x0, 0x0, 0x4f, 0xff,
    0xff, 0xff, 0xf9, 0x4f, 0xff, 0xff, 0xff, 0xf8,
    0x4f, 0xe0, 0x0, 0x0, 0x0, 0x4f, 0xe0, 0x0,
    0x0, 0x0, 0x4f, 0xe0, 0x0, 0x0, 0x0, 0x4f,
    0xe0, 0x0, 0x0, 0x0, 0x4f, 0xe0, 0x0, 0x0,
    0x0, 0x4f, 0xe0, 0x0, 0x0, 0x0,

    /* U+0047 "G" */
    0x0, 0x0, 0x5b, 0xef, 0xeb, 0x50, 0x0, 0x0,
    0x1b, 0xff, 0xff, 0xff, 0xfa, 0x0, 0x0, 0xbf,
    0xe6, 0x10, 0x17, 0xff, 0x80, 0x5, 0xff, 0x30,
    0x0, 0x0, 0x5f, 0xf0, 0xb, 0xf9, 0x0, 0x0,
    0x0, 0x3, 0x30, 0xf, 0xf4, 0x0, 0x0, 0x0,
    0x0, 0x0, 0x1f, 0xf2, 0x0, 0x7, 0xdd, 0xdd,
    0xd3, 0x1f, 0xf2, 0x0, 0x9, 0xff, 0xff, 0xf4,
    0xf, 0xf4, 0x0, 0x0, 0x0, 0xd, 0xf4, 0xb,
    0xf9, 0x0, 0x0, 0x0, 0x1f, 0xf4, 0x6, 0xff,
    0x20, 0x0, 0x0, 0xaf, 0xf4, 0x0, 0xcf, 0xe6,
    0x10, 0x2a, 0xfe, 0xf4, 0x0, 0x1c, 0xff, 0xff,
    0xff, 0xc5, 0xf4, 0x0, 0x0, 0x6c, 0xef, 0xd7,
    0x3, 0xf4,

    /* U+0048 "H" */
    0x4f, 0xe0, 0x0, 0x0, 0x9, 0xf9, 0x4f, 0xe0,
    0x0, 0x0, 0x9, 0xf9, 0x4f, 0xe0, 0x0, 0x0,
    0x9, 0xf9, 0x4f, 0xe0, 0x0, 0x0, 0x9, 0xf9,
    0x4f, 0xe0, 0x0, 0x0, 0x9, 0xf9, 0x4f, 0xe0,
    0x0, 0x0, 0x9, 0xf9, 0x4f, 0xff, 0xff, 0xff,
    0xff, 0xf9, 0x4f, 0xff, 0xff, 0xff, 0xff, 0xf9,
    0x4f, 0xe0, 0x0, 0x0, 0x9, 0xf9, 0x4f, 0xe0,
    0x0, 0x0, 0x9, 0xf9, 0x4f, 0xe0, 0x0, 0x0,
    0x9, 0xf9, 0x4f, 0xe0, 0x0, 0x0, 0x9, 0xf9,
    0x4f, 0xe0, 0x0, 0x0, 0x9, 0xf9, 0x4f, 0xe0,
    0x0, 0x0, 0x9, 0xf9,

    /* U+0049 "I" */
    0x4f, 0xe4, 0xfe, 0x4f, 0xe4, 0xfe, 0x4f, 0xe4,
    0xfe, 0x4f, 0xe4, 0xfe, 0x4f, 0xe4, 0xfe, 0x4f,
    0xe4, 0xfe, 0x4f, 0xe4, 0xfe,

    /* U+004A "J" */
    0x0, 0x0, 0x0, 0x7, 0xfb, 0x0, 0x0, 0x0,
    0x7, 0xfb, 0x0, 0x0, 0x0, 0x7, 0xfb, 0x0,
    0x0, 0x0, 0x7, 0xfb, 0x0, 0x0, 0x0, 0x7,
    0xfb, 0x0, 0x0, 0x0, 0x7, 0xfb, 0x0, 0x0,
    0x0, 0x7, 0xfb, 0x0, 0x0, 0x0, 0x7, 0xfb,
    0x0, 0x0, 0x0, 0x7, 0xfb, 0xbf, 0x70, 0x0,
    0x8, 0xfa, 0x8f, 0xb0, 0x0, 0xc, 0xf7, 0x3f,
    0xf7, 0x11, 0x8f, 0xf2, 0x7, 0xff, 0xff, 0xff,
    0x70, 0x0, 0x5c, 0xff, 0xc5, 0x0,

    /* U+004B "K" */
    0x4f, 0xe0, 0x0, 0x0, 0x9f, 0xe2, 0x4f, 0xe0,
    0x0, 0x7, 0xff, 0x30, 0x4f, 0xe0, 0x0, 0x6f,
    0xf4, 0x0, 0x4f, 0xe0, 0x4, 0xff, 0x50, 0x0,
    0x4f, 0xe0, 0x3f, 0xf7, 0x0, 0x0, 0x4f, 0xe2,
    0xef, 0x90, 0x0, 0x0, 0x4f, 0xed, 0xff, 0x50,
    0x0, 0x0, 0x4f, 0xff, 0xdf, 0xf2, 0x0, 0x0,
    0x4f, 0xfc, 0xb, 0xfc, 0x0, 0x0, 0x4f, 0xe0,
    0x1, 0xef, 0x80, 0x0, 0x4f, 0xe0, 0x0, 0x4f,
    0xf4, 0x0, 0x4f, 0xe0, 0x0, 0x8, 0xfe, 0x10,
    0x4f, 0xe0, 0x0, 0x0, 0xcf, 0xb0, 0x4f, 0xe0,
    0x0, 0x0, 0x2f, 0xf7,

    /* U+004C "L" */
    0x4f, 0xe0, 0x0, 0x0, 0x0, 0x4f, 0xe0, 0x0,
    0x0, 0x0, 0x4f, 0xe0, 0x0, 0x0, 0x0, 0x4f,
    0xe0, 0x0, 0x0, 0x0, 0x4f, 0xe0, 0x0, 0x0,
    0x0, 0x4f, 0xe0, 0x0, 0x0, 0x0, 0x4f, 0xe0,
    0x0, 0x0, 0x0, 0x4f, 0xe0, 0x0, 0x0, 0x0,
    0x4f, 0xe0, 0x0, 0x0, 0x0, 0x4f, 0xe0, 0x0,
    0x0, 0x0, 0x4f, 0xe0, 0x0, 0x0, 0x0, 0x4f,
    0xe0, 0x0, 0x0, 0x0, 0x4f, 0xff, 0xff, 0xff,
    0xfc, 0x4f, 0xff, 0xff, 0xff, 0xfc,

    /* U+004D "M" */
    0x4f, 0xfd, 0x0, 0x0, 0x0, 0x1, 0xff, 0xf1,
    0x4f, 0xff, 0x30, 0x0, 0x0, 0x6, 0xff, 0xf1,
    0x4f, 0xff, 0x90, 0x0, 0x0, 0xc, 0xff, 0xf1,
    0x4f, 0xff, 0xf0, 0x0, 0x0, 0x2f, 0xff, 0xf1,
    0x4f, 0xed, 0xf5, 0x0, 0x0, 0x8f, 0xbf, 0xf1,
    0x4f, 0xe7, 0xfb, 0x0, 0x0, 0xef, 0x5f, 0xf1,
    0x4f, 0xe1, 0xff, 0x10, 0x4, 0xfe, 0x1f, 0xf1,
    0x4f, 0xe0, 0xbf, 0x70, 0xa, 0xf8, 0x1f, 0xf1,
    0x4f, 0xe0, 0x5f, 0xc0, 0xf, 0xf2, 0x1f, 0xf1,
    0x4f, 0xe0, 0xf, 0xf2, 0x5f, 0xc0, 0x1f, 0xf1,
    0x4f, 0xe0, 0x9, 0xf8, 0xbf, 0x60, 0x1f, 0xf1,
    0x4f, 0xe0, 0x3, 0xfe, 0xff, 0x0, 0x1f, 0xf1,
    0x4f, 0xe0, 0x0, 0xdf, 0xfa, 0x0, 0x1f, 0xf1,
    0x4f, 0xe0, 0x0, 0x7f, 0xf4, 0x0, 0x1f, 0xf1,

    /* U+004E "N" */
    0x4f, 0xfb, 0x0, 0x0, 0x0, 0xff, 0x34, 0xff,
    0xf5, 0x0, 0x0, 0xf, 0xf3, 0x4f, 0xff, 0xd0,
    0x0, 0x0, 0xff, 0x34, 0xfe, 0xbf, 0x70, 0x0,
    0xf, 0xf3, 0x4f, 0xe2, 0xff, 0x10, 0x0, 0xff,
    0x34, 0xfe, 0x9, 0xf9, 0x0, 0xf, 0xf3, 0x4f,
    0xe0, 0x1e, 0xf3, 0x0, 0xff, 0x34, 0xfe, 0x0,
    0x6f, 0xc0, 0xf, 0xf3, 0x4f, 0xe0, 0x0, 0xdf,
    0x50, 0xff, 0x34, 0xfe, 0x0, 0x4, 0xfe, 0xf,
    0xf3, 0x4f, 0xe0, 0x0, 0xb, 0xf7, 0xff, 0x34,
    0xfe, 0x0, 0x0, 0x2f, 0xff, 0xf3, 0x4f, 0xe0,
    0x0, 0x0, 0x8f, 0xff, 0x34, 0xfe, 0x0, 0x0,
    0x0, 0xef, 0xf3,

    /* U+004F "O" */
    0x0, 0x0, 0x5b, 0xef, 0xeb, 0x50, 0x0, 0x0,
    0x1, 0xcf, 0xff, 0xff, 0xff, 0xc1, 0x0, 0x0,
    0xcf, 0xf7, 0x20, 0x17, 0xff, 0xc0, 0x0, 0x6f,
    0xf3, 0x0, 0x0, 0x3, 0xff, 0x60, 0xc, 0xf9,
    0x0, 0x0, 0x0, 0x9, 0xfc, 0x0, 0xff, 0x40,
    0x0, 0x0, 0x0, 0x4f, 0xf0, 0x1f, 0xf2, 0x0,
    0x0, 0x0, 0x2, 0xff, 0x11, 0xff, 0x20, 0x0,
    0x0, 0x0, 0x2f, 0xf1, 0xf, 0xf4, 0x0, 0x0,
    0x0, 0x4, 0xff, 0x0, 0xcf, 0x90, 0x0, 0x0,
    0x0, 0x9f, 0xc0, 0x6, 0xff, 0x30, 0x0, 0x0,
    0x2f, 0xf6, 0x0, 0xc, 0xff, 0x71, 0x1, 0x6f,
    0xfc, 0x0, 0x0, 0x1c, 0xff, 0xff, 0xff, 0xfc,
    0x10, 0x0, 0x0, 0x5, 0xbe, 0xfe, 0xb6, 0x0,
    0x0,

    /* U+0050 "P" */
    0x4f, 0xff, 0xff, 0xfd, 0x91, 0x0, 0x4f, 0xff,
    0xff, 0xff, 0xfe, 0x20, 0x4f, 0xe0, 0x0, 0x14,
    0xef, 0xc0, 0x4f, 0xe0, 0x0, 0x0, 0x4f, 0xf1,
    0x4f, 0xe0, 0x0, 0x0, 0x1f, 0xf2, 0x4f, 0xe0,
    0x0, 0x0, 0x4f, 0xf0, 0x4f, 0xe0, 0x0, 0x14,
    0xef, 0xb0, 0x4f, 0xff, 0xff, 0xff, 0xfe, 0x20,
    0x4f, 0xff, 0xff, 0xfd, 0x81, 0x0, 0x4f, 0xe0,
    0x0, 0x0, 0x0, 0x0, 0x4f, 0xe0, 0x0, 0x0,
    0x0, 0x0, 0x4f, 0xe0, 0x0, 0x0, 0x0, 0x0,
    0x4f, 0xe0, 0x0, 0x0, 0x0, 0x0, 0x4f, 0xe0,
    0x0, 0x0, 0x0, 0x0,

    /* U+0051 "Q" */
    0x0, 0x0, 0x5b, 0xef, 0xdb, 0x40, 0x0, 0x0,
    0x1, 0xbf, 0xff, 0xff, 0xff, 0xa0, 0x0, 0x0,
    0xbf, 0xf7, 0x10, 0x28, 0xff, 0xa0, 0x0, 0x5f,
    0xf3, 0x0, 0x0, 0x5, 0xff, 0x40, 0xb, 0xfa,
    0x0, 0x0, 0x0, 0xb, 0xf9, 0x0, 0xff, 0x40,
    0x0, 0x0, 0x0, 0x6f, 0xd0, 0x1f, 0xf2, 0x0,
    0x0, 0x0, 0x4, 0xff, 0x1, 0xff, 0x20, 0x0,
    0x0, 0x0, 0x4f, 0xf0, 0xf, 0xf4, 0x0, 0x0,
    0x0, 0x6, 0xfd, 0x0, 0xbf, 0xa0, 0x1, 0x87,
    0x0, 0xbf, 0x90, 0x5, 0xff, 0x30, 0x7, 0xf8,
    0x5f, 0xf3, 0x0, 0xb, 0xff, 0x71, 0xb, 0xff,
    0xf9, 0x0, 0x0, 0xb, 0xff, 0xff, 0xff, 0xfa,
    0x0, 0x0, 0x0, 0x5, 0xbe, 0xfe, 0xaf, 0xd1,
    0x0, 0x0, 0x0, 0x0, 0x0, 0x0, 0x5f, 0xb0,
    0x0,

    /* U+0052 "R" */
    0x4f, 0xff, 0xff, 0xfe, 0xa3, 0x0, 0x4f, 0xff,
    0xff, 0xff, 0xff, 0x50, 0x4f, 0xe0, 0x0, 0x3,
    0xbf, 0xe0, 0x4f, 0xe0, 0x0, 0x0, 0x1f, 0xf3,
    0x4f, 0xe0, 0x0, 0x0, 0xf, 0xf3, 0x4f, 0xe0,
    0x0, 0x2, 0xbf, 0xe0, 0x4f, 0xff, 0xff, 0xff,
    0xff, 0x40, 0x4f, 0xff, 0xff, 0xff, 0xf8, 0x0,
    0x4f, 0xe0, 0x0, 0x1, 0xaf, 0x90, 0x4f, 0xe0,
    0x0, 0x0, 0x2f, 0xf0, 0x4f, 0xe0, 0x0, 0x0,
    0xf, 0xf1, 0x4f, 0xe0, 0x0, 0x0, 0xf, 0xf3,
    0x4f, 0xe0, 0x0, 0x0, 0xd, 0xf4, 0x4f, 0xe0,
    0x0, 0x0, 0xc, 0xf6,

    /* U+0053 "S" */
    0x0, 0x6c, 0xef, 0xe9, 0x20, 0x0, 0xbf, 0xff,
    0xff, 0xff, 0x40, 0x5f, 0xf7, 0x10, 0x2b, 0xff,
    0x19, 0xfb, 0x0, 0x0, 0xd, 0xf7, 0x8f, 0xb0,
    0x0, 0x0, 0x47, 0x53, 0xff, 0xb4, 0x0, 0x0,
    0x0, 0x3, 0xcf, 0xff, 0xc7, 0x10, 0x0, 0x0,
    0x27, 0xbf, 0xff, 0x90, 0x0, 0x0, 0x0, 0x6,
    0xef, 0x89, 0xb4, 0x0, 0x0, 0x5, 0xfe, 0xaf,
    0xb0, 0x0, 0x0, 0x4f, 0xf3, 0xff, 0xa2, 0x0,
    0x4d, 0xfb, 0x6, 0xff, 0xff, 0xff, 0xfe, 0x20,
    0x2, 0x9d, 0xff, 0xd8, 0x10,

    /* U+0054 "T" */
    0xcf, 0xff, 0xff, 0xff, 0xff, 0xf2, 0xcf, 0xff,
    0xff, 0xff, 0xff, 0xf2, 0x0, 0x0, 0x6f, 0xc0,
    0x0, 0x0, 0x0, 0x0, 0x6f, 0xc0, 0x0, 0x0,
    0x0, 0x0, 0x6f, 0xc0, 0x0, 0x0, 0x0, 0x0,
    0x6f, 0xc0, 0x0, 0x0, 0x0, 0x0, 0x6f, 0xc0,
    0x0, 0x0, 0x0, 0x0, 0x6f, 0xc0, 0x0, 0x0,
    0x0, 0x0, 0x6f, 0xc0, 0x0, 0x0, 0x0, 0x0,
    0x6f, 0xc0, 0x0, 0x0, 0x0, 0x0, 0x6f, 0xc0,
    0x0, 0x0, 0x0, 0x0, 0x6f, 0xc0, 0x0, 0x0,
    0x0, 0x0, 0x6f, 0xc0, 0x0, 0x0, 0x0, 0x0,
    0x6f, 0xc0, 0x0, 0x0,

    /* U+0055 "U" */
    0x9f, 0x90, 0x0, 0x0, 0xb, 0xf7, 0x9f, 0x90,
    0x0, 0x0, 0xb, 0xf7, 0x9f, 0x90, 0x0, 0x0,
    0xb, 0xf7, 0x9f, 0x90, 0x0, 0x0, 0xb, 0xf7,
    0x9f, 0x90, 0x0, 0x0, 0xb, 0xf7, 0x9f, 0x90,
    0x0, 0x0, 0xb, 0xf7, 0x9f, 0x90, 0x0, 0x0,
    0xb, 0xf7, 0x9f, 0x90, 0x0, 0x0, 0xb, 0xf7,
    0x9f, 0x90, 0x0, 0x0, 0xb, 0xf7, 0x8f, 0xb0,
    0x0, 0x0, 0xd, 0xf6, 0x5f, 0xe1, 0x0, 0x0,
    0x2f, 0xf3, 0xe, 0xfc, 0x41, 0x15, 0xdf, 0xc0,
    0x3, 0xef, 0xff, 0xff, 0xfe, 0x20, 0x0, 0x18,
    0xdf, 0xfd, 0x80, 0x0,

    /* U+0056 "V" */
    0x6f, 0xd0, 0x0, 0x0, 0x0, 0x1f, 0xf2, 0x1f,
    0xf3, 0x0, 0x0, 0x0, 0x7f, 0xc0, 0xa, 0xf9,
    0x0, 0x0, 0x0, 0xdf, 0x70, 0x5, 0xfe, 0x0,
    0x0, 0x3, 0xff, 0x10, 0x0, 0xef, 0x50, 0x0,
    0x8, 0xfb, 0x0, 0x0, 0x9f, 0xa0, 0x0, 0xe,
    0xf5, 0x0, 0x0, 0x3f, 0xf0, 0x0, 0x4f, 0xf0,
    0x0, 0x0, 0xd, 0xf6, 0x0, 0xaf, 0x90, 0x0,
    0x0, 0x7, 0xfb, 0x0, 0xff, 0x30, 0x0, 0x0,
    0x2, 0xff, 0x15, 0xfd, 0x0, 0x0, 0x0, 0x0,
    0xcf, 0x7b, 0xf8, 0x0, 0x0, 0x0, 0x0, 0x6f,
    0xdf, 0xf2, 0x0, 0x0, 0x0, 0x0, 0x1f, 0xff,
    0xc0, 0x0, 0x0, 0x0, 0x0, 0xa, 0xff, 0x60,
    0x0, 0x0,

    /* U+0057 "W" */
    0x1f, 0xf2, 0x0, 0x0, 0x8f, 0xe0, 0x0, 0x0,
    0xdf, 0x70, 0xdf, 0x60, 0x0, 0xc, 0xff, 0x20,
    0x0, 0x1f, 0xf3, 0x9, 0xfa, 0x0, 0x0, 0xff,
    0xf6, 0x0, 0x5, 0xfe, 0x0, 0x4f, 0xe0, 0x0,
    0x4f, 0xff, 0xa0, 0x0, 0x9f, 0xa0, 0x0, 0xff,
    0x20, 0x8, 0xfa, 0xfe, 0x0, 0xd, 0xf6, 0x0,
    0xc, 0xf6, 0x0, 0xcf, 0x3d, 0xf2, 0x1, 0xff,
    0x20, 0x0, 0x7f, 0xa0, 0xf, 0xf0, 0x9f, 0x60,
    0x5f, 0xd0, 0x0, 0x3, 0xfe, 0x4, 0xfb, 0x5,
    0xfa, 0x9, 0xf9, 0x0, 0x0, 0xf, 0xf2, 0x8f,
    0x70, 0x1f, 0xe0, 0xdf, 0x50, 0x0, 0x0, 0xbf,
    0x6c, 0xf3, 0x0, 0xdf, 0x3f, 0xf1, 0x0, 0x0,
    0x6, 0xfb, 0xff, 0x0, 0x9, 0xfb, 0xfc, 0x0,
    0x0, 0x0, 0x2f, 0xff, 0xb0, 0x0, 0x5f, 0xff,
    0x80, 0x0, 0x0, 0x0, 0xef, 0xf6, 0x0, 0x1,
    0xff, 0xf3, 0x0, 0x0, 0x0, 0x9, 0xff, 0x20,
    0x0, 0xd, 0xff, 0x0, 0x0,

    /* U+0058 "X" */
    0x5f, 0xf3, 0x0, 0x0, 0x8, 0xfe, 0x10, 0xaf,
    0xd0, 0x0, 0x3, 0xff, 0x40, 0x1, 0xef, 0x80,
    0x0, 0xcf, 0xa0, 0x0, 0x5, 0xff, 0x20, 0x7f,
    0xe1, 0x0, 0x0, 0xa, 0xfc, 0x2f, 0xf4, 0x0,
    0x0, 0x0, 0x1e, 0xfe, 0xf9, 0x0, 0x0, 0x0,
    0x0, 0x5f, 0xfe, 0x0, 0x0, 0x0, 0x0, 0x5,
    0xff, 0xe1, 0x0, 0x0, 0x0, 0x1, 0xef, 0xef,
    0xa0, 0x0, 0x0, 0x0, 0xbf, 0xb2, 0xff, 0x50,
    0x0, 0x0, 0x5f, 0xf1, 0x7, 0xfe, 0x10, 0x0,
    0x1e, 0xf6, 0x0, 0xc, 0xfb, 0x0, 0xb, 0xfc,
    0x0, 0x0, 0x2f, 0xf5, 0x6, 0xff, 0x20, 0x0,
    0x0, 0x7f, 0xe1,

    /* U+0059 "Y" */
    0xd, 0xfa, 0x0, 0x0, 0x0, 0xbf, 0xb0, 0x3,
    0xff, 0x30, 0x0, 0x5, 0xff, 0x20, 0x0, 0xaf,
    0xc0, 0x0, 0xd, 0xf8, 0x0, 0x0, 0x1f, 0xf5,
    0x0, 0x7f, 0xe0, 0x0, 0x0, 0x7, 0xfe, 0x1,
    0xff, 0x50, 0x0, 0x0, 0x0, 0xdf, 0x8a, 0xfb,
    0x0, 0x0, 0x0, 0x0, 0x4f, 0xff, 0xf2, 0x0,
    0x0, 0x0, 0x0, 0xa, 0xff, 0x80, 0x0, 0x0,
    0x0, 0x0, 0x2, 0xff, 0x0, 0x0, 0x0, 0x0,
    0x0, 0x2, 0xff, 0x0, 0x0, 0x0, 0x0, 0x0,
    0x2, 0xff, 0x0, 0x0, 0x0, 0x0, 0x0, 0x2,
    0xff, 0x0, 0x0, 0x0, 0x0, 0x0, 0x2, 0xff,
    0x0, 0x0, 0x0, 0x0, 0x0, 0x2, 0xff, 0x0,
    0x0, 0x0,

    /* U+005A "Z" */
    0x2f, 0xff, 0xff, 0xff, 0xff, 0x72, 0xff, 0xff,
    0xff, 0xff, 0xf7, 0x0, 0x0, 0x0, 0x7, 0xff,
    0x20, 0x0, 0x0, 0x3, 0xff, 0x50, 0x0, 0x0,
    0x1, 0xef, 0x90, 0x0, 0x0, 0x0, 0xaf, 0xd0,
    0x0, 0x0, 0x0, 0x6f, 0xf2, 0x0, 0x0, 0x0,
    0x2f, 0xf6, 0x0, 0x0, 0x0, 0xd, 0xfa, 0x0,
    0x0, 0x0, 0x9, 0xfd, 0x0, 0x0, 0x0, 0x5,
    0xff, 0x30, 0x0, 0x0, 0x2, 0xff, 0x70, 0x0,
    0x0, 0x0, 0x7f, 0xff, 0xff, 0xff, 0xff, 0xa7,
    0xff, 0xff, 0xff, 0xff, 0xfa,

    /* U+005B "[" */
    0x3b, 0xbb, 0xbb, 0x4f, 0xff, 0xff, 0x4f, 0xb0,
    0x0, 0x4f, 0xb0, 0x0, 0x4f, 0xb0, 0x0, 0x4f,
    0xb0, 0x0, 0x4f, 0xb0, 0x0, 0x4f, 0xb0, 0x0,
    0x4f, 0xb0, 0x0, 0x4f, 0xb0, 0x0, 0x4f, 0xb0,
    0x0, 0x4f, 0xb0, 0x0, 0x4f, 0xb0, 0x0, 0x4f,
    0xb0, 0x0, 0x4f, 0xb0, 0x0, 0x4f, 0xb0, 0x0,
    0x4f, 0xeb, 0xbb, 0x4f, 0xff, 0xff,

    /* U+005C "\\" */
    0x18, 0x60, 0x0, 0x0, 0x0, 0xef, 0x10, 0x0,
    0x0, 0x9, 0xf7, 0x0, 0x0, 0x0, 0x4f, 0xc0,
    0x0, 0x0, 0x0, 0xef, 0x20, 0x0, 0x0, 0x9,
    0xf7, 0x0, 0x0, 0x0, 0x4f, 0xc0, 0x0, 0x0,
    0x0, 0xef, 0x20, 0x0, 0x0, 0x9, 0xf7, 0x0,
    0x0, 0x0, 0x3f, 0xd0, 0x0, 0x0, 0x0, 0xef,
    0x20, 0x0, 0x0, 0x9, 0xf7, 0x0, 0x0, 0x0,
    0x3f, 0xd0, 0x0, 0x0, 0x0, 0xef, 0x20, 0x0,
    0x0, 0x8, 0xf8, 0x0, 0x0, 0x0, 0x3f, 0xd0,
    0x0, 0x0, 0x0, 0xef, 0x20, 0x0, 0x0, 0x8,
    0xf8,

    /* U+005D "]" */
    0x8b, 0xbb, 0xb5, 0xbf, 0xff, 0xf8, 0x0, 0x8,
    0xf8, 0x0, 0x8, 0xf8, 0x0, 0x8, 0xf8, 0x0,
    0x8, 0xf8, 0x0, 0x8, 0xf8, 0x0, 0x8, 0xf8,
    0x0, 0x8, 0xf8, 0x0, 0x8, 0xf8, 0x0, 0x8,
    0xf8, 0x0, 0x8, 0xf8, 0x0, 0x8, 0xf8, 0x0,
    0x8, 0xf8, 0x0, 0x8, 0xf8, 0x0, 0x8, 0xf8,
    0x8b, 0xbd, 0xf8, 0xbf, 0xff, 0xf8,

    /* U+005E "^" */
    0x0, 0xf, 0xfc, 0x0, 0x0, 0x6f, 0xff, 0x20,
    0x0, 0xcf, 0x8f, 0x80, 0x3, 0xfb, 0xe, 0xe0,
    0x9, 0xf4, 0x8, 0xf5, 0xf, 0xd0, 0x1, 0xfc,

    /* U+005F "_" */
    0x2d, 0xdd, 0xdd, 0xdd, 0xdd, 0x42, 0xff, 0xff,
    0xff, 0xff, 0xf5,

    /* U+0060 "`" */
    0xa, 0xb2, 0x0, 0x5f, 0x90, 0x0, 0xbf, 0x10,

    /* U+0061 "a" */
    0x0, 0x19, 0xdf, 0xea, 0x30, 0x0, 0x1e, 0xff,
    0xdf, 0xff, 0x30, 0xa, 0xfb, 0x0, 0xb, 0xfb,
    0x0, 0x78, 0x20, 0x0, 0x3f, 0xf0, 0x0, 0x0,
    0x25, 0x8b, 0xff, 0x0, 0x7, 0xdf, 0xff, 0xef,
    0xf0, 0xa, 0xfd, 0x73, 0x1, 0xff, 0x0, 0xff,
    0x20, 0x0, 0x5f, 0xf0, 0x1f, 0xf3, 0x0, 0x2d,
    0xff, 0x10, 0xbf, 0xfb, 0xcf, 0xcd, 0xfe, 0x1,
    0x9e, 0xfe, 0x80, 0x5d, 0xd0,

    /* U+0062 "b" */
    0x8f, 0xa0, 0x0, 0x0, 0x0, 0x8, 0xfa, 0x0,
    0x0, 0x0, 0x0, 0x8f, 0xa0, 0x0, 0x0, 0x0,
    0x8, 0xfa, 0x3b, 0xfe, 0xa2, 0x0, 0x8f, 0xcf,
    0xfe, 0xff, 0xe2, 0x8, 0xff, 0xb1, 0x2, 0xdf,
    0xb0, 0x8f, 0xf0, 0x0, 0x4, 0xff, 0x18, 0xfb,
    0x0, 0x0, 0xf, 0xf3, 0x8f, 0xa0, 0x0, 0x0,
    0xef, 0x48, 0xfb, 0x0, 0x0, 0xf, 0xf3, 0x8f,
    0xf1, 0x0, 0x4, 0xff, 0x18, 0xff, 0xb1, 0x2,
    0xdf, 0xb0, 0x8f, 0xbf, 0xfe, 0xff, 0xe2, 0x8,
    0xf8, 0x3c, 0xfe, 0xa2, 0x0,

    /* U+0063 "c" */
    0x0, 0x6, 0xcf, 0xfc, 0x50, 0x0, 0xb, 0xff,
    0xef, 0xff, 0x90, 0x7, 0xff, 0x40, 0x6, 0xff,
    0x30, 0xdf, 0x70, 0x0, 0xa, 0xe7, 0xf, 0xf2,
    0x0, 0x0, 0x0, 0x2, 0xff, 0x10, 0x0, 0x0,
    0x0, 0xf, 0xf2, 0x0, 0x0, 0x1, 0x0, 0xdf,
    0x70, 0x0, 0xb, 0xf7, 0x7, 0xff, 0x40, 0x6,
    0xff, 0x20, 0xb, 0xff, 0xff, 0xff, 0x70, 0x0,
    0x6, 0xcf, 0xfb, 0x40, 0x0,

    /* U+0064 "d" */
    0x0, 0x0, 0x0, 0x0, 0x7f, 0xa0, 0x0, 0x0,
    0x0, 0x7, 0xfa, 0x0, 0x0, 0x0, 0x0, 0x7f,
    0xa0, 0x1, 0x9e, 0xfc, 0x57, 0xfa, 0x1, 0xdf,
    0xfe, 0xff, 0xcf, 0xa0, 0x8f, 0xf4, 0x0, 0x8f,
    0xfa, 0xe, 0xf7, 0x0, 0x0, 0xdf, 0xa1, 0xff,
    0x20, 0x0, 0x8, 0xfa, 0x2f, 0xf1, 0x0, 0x0,
    0x7f, 0xa1, 0xff, 0x20, 0x0, 0x8, 0xfa, 0xe,
    0xf7, 0x0, 0x0, 0xdf, 0xa0, 0x8f, 0xf4, 0x0,
    0x8f, 0xfa, 0x1, 0xdf, 0xff, 0xff, 0xbf, 0xa0,
    0x1, 0x9e, 0xfc, 0x55, 0xfa,

    /* U+0065 "e" */
    0x0, 0x7, 0xdf, 0xeb, 0x30, 0x0, 0xb, 0xff,
    0xde, 0xff, 0x50, 0x7, 0xfd, 0x20, 0x6, 0xfe,
    0x10, 0xdf, 0x40, 0x0, 0xc, 0xf6, 0xf, 0xfa,
    0xaa, 0xaa, 0xdf, 0x92, 0xff, 0xff, 0xff, 0xff,
    0xfa, 0xf, 0xf2, 0x0, 0x0, 0x0, 0x0, 0xdf,
    0x60, 0x0, 0x5, 0x62, 0x7, 0xfe, 0x30, 0x5,
    0xff, 0x10, 0xb, 0xff, 0xee, 0xff, 0x60, 0x0,
    0x7, 0xdf, 0xeb, 0x30, 0x0,

    /* U+0066 "f" */
    0x0, 0x5d, 0xff, 0x80, 0x2f, 0xfd, 0xc6, 0x5,
    0xfd, 0x0, 0xe, 0xff, 0xff, 0xf5, 0xbf, 0xff,
    0xcc, 0x40, 0x6f, 0xb0, 0x0, 0x6, 0xfb, 0x0,
    0x0, 0x6f, 0xb0, 0x0, 0x6, 0xfb, 0x0, 0x0,
    0x6f, 0xb0, 0x0, 0x6, 0xfb, 0x0, 0x0, 0x6f,
    0xb0, 0x0, 0x6, 0xfb, 0x0, 0x0, 0x6f, 0xb0,
    0x0,

    /* U+0067 "g" */
    0x0, 0x19, 0xef, 0xc5, 0x6f, 0xa0, 0x1d, 0xff,
    0xde, 0xfb, 0xfa, 0x9, 0xfd, 0x20, 0x7, 0xff,
    0xa0, 0xff, 0x50, 0x0, 0xb, 0xfa, 0x1f, 0xf1,
    0x0, 0x0, 0x8f, 0xa1, 0xff, 0x10, 0x0, 0x9,
    0xfa, 0xf, 0xf5, 0x0, 0x0, 0xcf, 0xa0, 0x9f,
    0xd2, 0x0, 0x8f, 0xfa, 0x1, 0xdf, 0xfd, 0xff,
    0xcf, 0xa0, 0x1, 0x9e, 0xfd, 0x57, 0xfa, 0x3,
    0x41, 0x0, 0x0, 0x9f, 0x90, 0x9f, 0xc1, 0x0,
    0x3f, 0xf5, 0x1, 0xdf, 0xfd, 0xdf, 0xfb, 0x0,
    0x1, 0x8d, 0xff, 0xc6, 0x0,

    /* U+0068 "h" */
    0x8f, 0xa0, 0x0, 0x0, 0x0, 0x8f, 0xa0, 0x0,
    0x0, 0x0, 0x8f, 0xa0, 0x0, 0x0, 0x0, 0x8f,
    0xa4, 0xcf, 0xe8, 0x0, 0x8f, 0xdf, 0xed, 0xff,
    0x90, 0x8f, 0xf7, 0x0, 0x6f, 0xf1, 0x8f, 0xd0,
    0x0, 0xe, 0xf4, 0x8f, 0xa0, 0x0, 0xd, 0xf4,
    0x8f, 0xa0, 0x0, 0xc, 0xf5, 0x8f, 0xa0, 0x0,
    0xc, 0xf5, 0x8f, 0xa0, 0x0, 0xc, 0xf5, 0x8f,
    0xa0, 0x0, 0xc, 0xf5, 0x8f, 0xa0, 0x0, 0xc,
    0xf5, 0x8f, 0xa0, 0x0, 0xc, 0xf5,

    /* U+0069 "i" */
    0x8f, 0xa8, 0xfa, 0x12, 0x18, 0xfa, 0x8f, 0xa8,
    0xfa, 0x8f, 0xa8, 0xfa, 0x8f, 0xa8, 0xfa, 0x8f,
    0xa8, 0xfa, 0x8f, 0xa8, 0xfa,

    /* U+006A "j" */
    0x0, 0xf, 0xf3, 0x0, 0xf, 0xf3, 0x0, 0x2,
    0x20, 0x0, 0xf, 0xf3, 0x0, 0xf, 0xf3, 0x0,
    0xf, 0xf3, 0x0, 0xf, 0xf3, 0x0, 0xf, 0xf3,
    0x0, 0xf, 0xf3, 0x0, 0xf, 0xf3, 0x0, 0xf,
    0xf3, 0x0, 0xf, 0xf3, 0x0, 0xf, 0xf3, 0x0,
    0xf, 0xf3, 0x0, 0xf, 0xf2, 0xc, 0xef, 0xe0,
    0x1f, 0xfc, 0x40,

    /* U+006B "k" */
    0x8f, 0xa0, 0x0, 0x0, 0x0, 0x8, 0xfa, 0x0,
    0x0, 0x0, 0x0, 0x8f, 0xa0, 0x0, 0x0, 0x0,
    0x8, 0xfa, 0x0, 0x2, 0xef, 0x90, 0x8f, 0xa0,
    0x1, 0xdf, 0xb0, 0x8, 0xfa, 0x0, 0xcf, 0xc0,
    0x0, 0x8f, 0xa0, 0xaf, 0xd1, 0x0, 0x8, 0xfa,
    0x8f, 0xf2, 0x0, 0x0, 0x8f, 0xef, 0xff, 0x80,
    0x0, 0x8, 0xff, 0xe5, 0xff, 0x30, 0x0, 0x8f,
    0xf3, 0x8, 0xfd, 0x0, 0x8, 0xfa, 0x0, 0xd,
    0xf8, 0x0, 0x8f, 0xa0, 0x0, 0x3f, 0xf3, 0x8,
    0xfa, 0x0, 0x0, 0x8f, 0xd0,

    /* U+006C "l" */
    0x8f, 0xa0, 0x8, 0xfa, 0x0, 0x8f, 0xa0, 0x8,
    0xfa, 0x0, 0x8f, 0xa0, 0x8, 0xfa, 0x0, 0x8f,
    0xa0, 0x8, 0xfa, 0x0, 0x8f, 0xa0, 0x8, 0xfa,
    0x0, 0x8f, 0xa0, 0x7, 0xfa, 0x0, 0x5f, 0xfc,
    0x20, 0xaf, 0xf3,

    /* U+006D "m" */
    0x8f, 0x74, 0xdf, 0xc4, 0x3, 0xcf, 0xe8, 0x0,
    0x8f, 0xaf, 0xde, 0xff, 0x5f, 0xee, 0xff, 0x80,
    0x8f, 0xf5, 0x0, 0xbf, 0xf8, 0x0, 0x8f, 0xf0,
    0x8f, 0xc0, 0x0, 0x5f, 0xf0, 0x0, 0x1f, 0xf2,
    0x8f, 0xa0, 0x0, 0x3f, 0xd0, 0x0, 0xf, 0xf2,
    0x8f, 0xa0, 0x0, 0x3f, 0xd0, 0x0, 0xf, 0xf3,
    0x8f, 0xa0, 0x0, 0x3f, 0xd0, 0x0, 0xf, 0xf3,
    0x8f, 0xa0, 0x0, 0x3f, 0xd0, 0x0, 0xf, 0xf3,
    0x8f, 0xa0, 0x0, 0x3f, 0xd0, 0x0, 0xf, 0xf3,
    0x8f, 0xa0, 0x0, 0x3f, 0xd0, 0x0, 0xf, 0xf3,
    0x8f, 0xa0, 0x0, 0x3f, 0xd0, 0x0, 0xf, 0xf3,

    /* U+006E "n" */
    0x8f, 0x74, 0xcf, 0xe8, 0x0, 0x8f, 0xaf, 0xed,
    0xff, 0x90, 0x8f, 0xf7, 0x0, 0x6f, 0xf1, 0x8f,
    0xd0, 0x0, 0xe, 0xf4, 0x8f, 0xa0, 0x0, 0xd,
    0xf4, 0x8f, 0xa0, 0x0, 0xc, 0xf5, 0x8f, 0xa0,
    0x0, 0xc, 0xf5, 0x8f, 0xa0, 0x0, 0xc, 0xf5,
    0x8f, 0xa0, 0x0, 0xc, 0xf5, 0x8f, 0xa0, 0x0,
    0xc, 0xf5, 0x8f, 0xa0, 0x0, 0xc, 0xf5,

    /* U+006F "o" */
    0x0, 0x6, 0xcf, 0xeb, 0x40, 0x0, 0xb, 0xff,
    0xef, 0xff, 0x70, 0x7, 0xff, 0x40, 0x7, 0xff,
    0x30, 0xdf, 0x70, 0x0, 0xb, 0xf9, 0xf, 0xf2,
    0x0, 0x0, 0x6f, 0xd2, 0xff, 0x10, 0x0, 0x5,
    0xfe, 0xf, 0xf2, 0x0, 0x0, 0x6f, 0xd0, 0xdf,
    0x70, 0x0, 0xb, 0xf9, 0x7, 0xff, 0x40, 0x7,
    0xff, 0x30, 0xb, 0xff, 0xff, 0xff, 0x70, 0x0,
    0x6, 0xcf, 0xeb, 0x40, 0x0,

    /* U+0070 "p" */
    0x8f, 0x84, 0xcf, 0xea, 0x20, 0x8, 0xfb, 0xff,
    0xef, 0xfe, 0x20, 0x8f, 0xfa, 0x0, 0x2d, 0xfa,
    0x8, 0xff, 0x0, 0x0, 0x4f, 0xf0, 0x8f, 0xb0,
    0x0, 0x0, 0xff, 0x38, 0xfa, 0x0, 0x0, 0xe,
    0xf4, 0x8f, 0xb0, 0x0, 0x0, 0xff, 0x38, 0xff,
    0x0, 0x0, 0x4f, 0xf0, 0x8f, 0xfa, 0x0, 0x2d,
    0xfa, 0x8, 0xfd, 0xff, 0xef, 0xfe, 0x20, 0x8f,
    0xa3, 0xcf, 0xea, 0x20, 0x8, 0xfa, 0x0, 0x0,
    0x0, 0x0, 0x8f, 0xa0, 0x0, 0x0, 0x0, 0x8,
    0xfa, 0x0, 0x0, 0x0, 0x0,

    /* U+0071 "q" */
    0x0, 0x19, 0xef, 0xd5, 0x5f, 0xa0, 0xd, 0xff,
    0xef, 0xfb, 0xfa, 0x8, 0xfe, 0x40, 0x8, 0xff,
    0xa0, 0xef, 0x70, 0x0, 0xd, 0xfa, 0x1f, 0xf2,
    0x0, 0x0, 0x8f, 0xa2, 0xff, 0x10, 0x0, 0x7,
    0xfa, 0x1f, 0xf2, 0x0, 0x0, 0x8f, 0xa0, 0xef,
    0x70, 0x0, 0xd, 0xfa, 0x8, 0xfe, 0x40, 0x8,
    0xff, 0xa0, 0xd, 0xff, 0xff, 0xfd, 0xfa, 0x0,
    0x19, 0xef, 0xd4, 0x7f, 0xa0, 0x0, 0x0, 0x0,
    0x7, 0xfa, 0x0, 0x0, 0x0, 0x0, 0x7f, 0xa0,
    0x0, 0x0, 0x0, 0x7, 0xfa,

    /* U+0072 "r" */
    0x8f, 0x77, 0xef, 0x18, 0xfb, 0xff, 0xe0, 0x8f,
    0xf6, 0x0, 0x8, 0xfc, 0x0, 0x0, 0x8f, 0xa0,
    0x0, 0x8, 0xfa, 0x0, 0x0, 0x8f, 0xa0, 0x0,
    0x8, 0xfa, 0x0, 0x0, 0x8f, 0xa0, 0x0, 0x8,
    0xfa, 0x0, 0x0, 0x8f, 0xa0, 0x0, 0x0,

    /* U+0073 "s" */
    0x0, 0x2a, 0xef, 0xea, 0x20, 0x3, 0xff, 0xed,
    0xff, 0xe2, 0xa, 0xfb, 0x0, 0xb, 0xf9, 0xb,
    0xf8, 0x0, 0x3, 0x87, 0x7, 0xfe, 0x73, 0x0,
    0x0, 0x0, 0x8e, 0xff, 0xfc, 0x50, 0x0, 0x0,
    0x37, 0xbf, 0xf7, 0xa, 0xa1, 0x0, 0x7, 0xfc,
    0xe, 0xf9, 0x0, 0x9, 0xfc, 0x5, 0xff, 0xfd,
    0xef, 0xf5, 0x0, 0x3a, 0xef, 0xeb, 0x40,

    /* U+0074 "t" */
    0x3, 0x85, 0x0, 0x0, 0x6f, 0xb0, 0x0, 0x6,
    0xfb, 0x0, 0xf, 0xff, 0xff, 0xf9, 0xcf, 0xff,
    0xcc, 0x60, 0x6f, 0xb0, 0x0, 0x6, 0xfb, 0x0,
    0x0, 0x6f, 0xb0, 0x0, 0x6, 0xfb, 0x0, 0x0,
    0x6f, 0xb0, 0x0, 0x6, 0xfb, 0x0, 0x0, 0x5f,
    0xd0, 0x0, 0x1, 0xff, 0xdc, 0x60, 0x5, 0xdf,
    0xf9,

    /* U+0075 "u" */
    0x8f, 0xa0, 0x0, 0xe, 0xf3, 0x8f, 0xa0, 0x0,
    0xe, 0xf3, 0x8f, 0xa0, 0x0, 0xe, 0xf3, 0x8f,
    0xa0, 0x0, 0xe, 0xf3, 0x8f, 0xa0, 0x0, 0xe,
    0xf3, 0x8f, 0xa0, 0x0, 0xe, 0xf3, 0x7f, 0xa0,
    0x0, 0xf, 0xf3, 0x6f, 0xc0, 0x0, 0x1f, 0xf3,
    0x4f, 0xf3, 0x0, 0xaf, 0xf3, 0xc, 0xff, 0xdf,
    0xdd, 0xf3, 0x1, 0xaf, 0xea, 0x1c, 0xf3,

    /* U+0076 "v" */
    0x6f, 0xd0, 0x0, 0x0, 0xaf, 0x91, 0xff, 0x30,
    0x0, 0xf, 0xf3, 0xa, 0xf8, 0x0, 0x5, 0xfe,
    0x0, 0x5f, 0xd0, 0x0, 0xaf, 0x80, 0x0, 0xff,
    0x20, 0xf, 0xf2, 0x0, 0xa, 0xf8, 0x5, 0xfd,
    0x0, 0x0, 0x4f, 0xd0, 0xaf, 0x70, 0x0, 0x0,
    0xef, 0x3f, 0xf1, 0x0, 0x0, 0x9, 0xfc, 0xfc,
    0x0, 0x0, 0x0, 0x3f, 0xff, 0x60, 0x0, 0x0,
    0x0, 0xdf, 0xf1, 0x0, 0x0,

    /* U+0077 "w" */
    0x6f, 0xc0, 0x0, 0xd, 0xf6, 0x0, 0x3, 0xff,
    0x1, 0xff, 0x10, 0x2, 0xff, 0xb0, 0x0, 0x7f,
    0xb0, 0xd, 0xf5, 0x0, 0x6f, 0xff, 0x0, 0xb,
    0xf6, 0x0, 0x8f, 0x90, 0xa, 0xfc, 0xf3, 0x0,
    0xff, 0x10, 0x3, 0xfd, 0x0, 0xee, 0x5f, 0x80,
    0x4f, 0xd0, 0x0, 0xe, 0xf1, 0x3f, 0x91, 0xfc,
    0x8, 0xf8, 0x0, 0x0, 0xaf, 0x67, 0xf5, 0xc,
    0xf1, 0xdf, 0x30, 0x0, 0x5, 0xfa, 0xcf, 0x0,
    0x7f, 0x6f, 0xe0, 0x0, 0x0, 0x1f, 0xef, 0xc0,
    0x3, 0xfe, 0xfa, 0x0, 0x0, 0x0, 0xcf, 0xf7,
    0x0, 0xe, 0xff, 0x50, 0x0, 0x0, 0x7, 0xff,
    0x30, 0x0, 0xaf, 0xf1, 0x0, 0x0,

    /* U+0078 "x" */
    0x9, 0xfc, 0x0, 0x0, 0xbf, 0xb0, 0x0, 0xdf,
    0x70, 0x5, 0xfe, 0x10, 0x0, 0x3f, 0xf2, 0x1e,
    0xf5, 0x0, 0x0, 0x7, 0xfc, 0xaf, 0xa0, 0x0,
    0x0, 0x0, 0xcf, 0xfe, 0x10, 0x0, 0x0, 0x0,
    0x6f, 0xf8, 0x0, 0x0, 0x0, 0x1, 0xef, 0xff,
    0x20, 0x0, 0x0, 0xa, 0xfa, 0x7f, 0xc0, 0x0,
    0x0, 0x5f, 0xe1, 0xc, 0xf7, 0x0, 0x1, 0xef,
    0x50, 0x2, 0xff, 0x30, 0xb, 0xfa, 0x0, 0x0,
    0x7f, 0xd0,

    /* U+0079 "y" */
    0x6f, 0xd0, 0x0, 0x0, 0xcf, 0x71, 0xff, 0x20,
    0x0, 0x1f, 0xf1, 0xb, 0xf8, 0x0, 0x6, 0xfc,
    0x0, 0x5f, 0xd0, 0x0, 0xbf, 0x60, 0x0, 0xff,
    0x20, 0xf, 0xf1, 0x0, 0xa, 0xf7, 0x5, 0xfb,
    0x0, 0x0, 0x4f, 0xc0, 0xaf, 0x60, 0x0, 0x0,
    0xef, 0x2f, 0xf0, 0x0, 0x0, 0x9, 0xfb, 0xfa,
    0x0, 0x0, 0x0, 0x3f, 0xff, 0x50, 0x0, 0x0,
    0x0, 0xef, 0xf0, 0x0, 0x0, 0x0, 0x5, 0xfa,
    0x0, 0x0, 0x0, 0xac, 0xff, 0x30, 0x0, 0x0,
    0xe, 0xfe, 0x70, 0x0, 0x0,

    /* U+007A "z" */
    0xcf, 0xff, 0xff, 0xff, 0xe0, 0x9c, 0xcc, 0xcc,
    0xef, 0xd0, 0x0, 0x0, 0x3, 0xff, 0x60, 0x0,
    0x0, 0x2e, 0xf7, 0x0, 0x0, 0x1, 0xdf, 0x90,
    0x0, 0x0, 0xc, 0xfb, 0x0, 0x0, 0x0, 0xbf,
    0xc0, 0x0, 0x0, 0x9, 0xfd, 0x10, 0x0, 0x0,
    0x7f, 0xe2, 0x0, 0x0, 0x0, 0xff, 0xec, 0xcc,
    0xcc, 0xc0, 0xff, 0xff, 0xff, 0xff, 0xf0,

    /* U+007B "{" */
    0x0, 0x0, 0x6c, 0xe9, 0x0, 0x6, 0xff, 0xfa,
    0x0, 0xe, 0xf8, 0x10, 0x0, 0x1f, 0xf0, 0x0,
    0x0, 0x2f, 0xe0, 0x0, 0x0, 0x2f, 0xd0, 0x0,
    0x0, 0x4f, 0xc0, 0x0, 0x0, 0xbf, 0x60, 0x0,
    0x1f, 0xf9, 0x0, 0x0, 0x2f, 0xf8, 0x0, 0x0,
    0x2, 0xcf, 0x60, 0x0, 0x0, 0x4f, 0xc0, 0x0,
    0x0, 0x2f, 0xd0, 0x0, 0x0, 0x2f, 0xe0, 0x0,
    0x0, 0x1f, 0xe0, 0x0, 0x0, 0xf, 0xf6, 0x0,
    0x0, 0x7, 0xff, 0xf8, 0x0, 0x0, 0x7e, 0xfa,

    /* U+007C "|" */
    0x16, 0x44, 0xfc, 0x4f, 0xc4, 0xfc, 0x4f, 0xc4,
    0xfc, 0x4f, 0xc4, 0xfc, 0x4f, 0xc4, 0xfc, 0x4f,
    0xc4, 0xfc, 0x4f, 0xc4, 0xfc, 0x4f, 0xc4, 0xfc,
    0x4f, 0xc4, 0xfc,

    /* U+007D "}" */
    0xae, 0xc5, 0x0, 0x0, 0xbf, 0xff, 0x50, 0x0,
    0x2, 0x9f, 0xd0, 0x0, 0x0, 0xf, 0xf0, 0x0,
    0x0, 0xf, 0xf0, 0x0, 0x0, 0xf, 0xf0, 0x0,
    0x0, 0xd, 0xf2, 0x0, 0x0, 0x8, 0xfa, 0x0,
    0x0, 0x0, 0x9f, 0xf0, 0x0, 0x0, 0x9f, 0xf0,
    0x0, 0x8, 0xfb, 0x10, 0x0, 0xd, 0xf3, 0x0,
    0x0, 0xf, 0xf0, 0x0, 0x0, 0xf, 0xf0, 0x0,
    0x0, 0xf, 0xf0, 0x0, 0x0, 0x8f, 0xd0, 0x0,
    0xaf, 0xff, 0x60, 0x0, 0xbf, 0xd7, 0x0, 0x0,

    /* U+007E "~" */
    0x1, 0xbf, 0xb1, 0x2, 0xf9, 0xa, 0xfc, 0xfc,
    0x4, 0xf7, 0xf, 0xc0, 0x5f, 0xde, 0xf1, 0x2f,
    0x90, 0x6, 0xee, 0x50,

    /* U+00A0 " " */

    /* U+00A1 "¡" */
    0xf, 0xf9, 0xf, 0xf9, 0x9, 0x95, 0x0, 0x10,
    0x6, 0xf1, 0x8, 0xf3, 0x9, 0xf4, 0xa, 0xf5,
    0xb, 0xf6, 0xb, 0xf6, 0xb, 0xf6, 0xb, 0xf6,
    0xb, 0xf6, 0xb, 0xf6,

    /* U+00A2 "¢" */
    0x0, 0x0, 0x6, 0xf0, 0x0, 0x0, 0x0, 0x6c,
    0xff, 0xc5, 0x0, 0x0, 0xbf, 0xff, 0xff, 0xf8,
    0x0, 0x7f, 0xf4, 0xac, 0x6f, 0xf3, 0xd, 0xf7,
    0xb, 0xb0, 0xae, 0x70, 0xff, 0x20, 0xd9, 0x0,
    0x0, 0x2f, 0xf1, 0xe, 0x80, 0x0, 0x0, 0xff,
    0x20, 0xf6, 0x0, 0x0, 0xd, 0xf7, 0x1f, 0x50,
    0xbf, 0x70, 0x7f, 0xe7, 0xf4, 0x6f, 0xf2, 0x0,
    0xbf, 0xff, 0xff, 0xf7, 0x0, 0x0, 0x6f, 0xff,
    0xb4, 0x0, 0x0, 0x0, 0x7f, 0x0, 0x0, 0x0,
    0x0, 0x8, 0xe0, 0x0, 0x0,

    /* U+00A3 "£" */
    0x0, 0x7, 0xdf, 0xfc, 0x60, 0x0, 0xc, 0xff,
    0xff, 0xff, 0xa0, 0x5, 0xff, 0x71, 0x19, 0xff,
    0x40, 0x8f, 0xb0, 0x0, 0x7, 0x74, 0x7, 0xfb,
    0x0, 0x0, 0x0, 0x0, 0x2f, 0xf0, 0x0, 0x0,
    0x0, 0xef, 0xff, 0xff, 0xf9, 0x0, 0x7, 0x8d,
    0xfb, 0x88, 0x40, 0x0, 0x0, 0x9f, 0x50, 0x0,
    0x0, 0x0, 0xc, 0xf2, 0x0, 0x0, 0x0, 0x3,
    0xfc, 0x0, 0x0, 0x0, 0x3, 0xed, 0x21, 0x11,
    0x11, 0x10, 0xef, 0xff, 0xff, 0xff, 0xff, 0x5e,
    0xff, 0xff, 0xff, 0xff, 0xf5,

    /* U+00A4 "¤" */
    0x0, 0x0, 0x0, 0x0, 0x0, 0x0, 0x9, 0x90,
    0x0, 0x0, 0x2, 0xd3, 0xa, 0xfa, 0x9e, 0xfc,
    0x7e, 0xf3, 0x0, 0xbf, 0xfd, 0xbf, 0xff, 0x30,
    0x0, 0x9f, 0x80, 0x1, 0xff, 0x20, 0x0, 0xec,
    0x0, 0x0, 0x3f, 0x70, 0x0, 0xfa, 0x0, 0x0,
    0x1f, 0x80, 0x0, 0xde, 0x0, 0x0, 0x6f, 0x50,
    0x0, 0x8f, 0xf2, 0x5, 0xff, 0x0, 0x2, 0xef,
    0xff, 0xff, 0xff, 0x80, 0xd, 0xf4, 0x38, 0x97,
    0x1b, 0xf6, 0x4, 0x40, 0x0, 0x0, 0x0, 0x70,

    /* U+00A5 "¥" */
    0xc, 0xfa, 0x0, 0x0, 0x0, 0xcf, 0xb0, 0x3,
    0xff, 0x40, 0x0, 0x6, 0xff, 0x10, 0x0, 0x9f,
    0xd0, 0x0, 0x1e, 0xf7, 0x0, 0x0, 0xe, 0xf7,
    0x0, 0x9f, 0xd0, 0x0, 0x0, 0x5, 0xff, 0x23,
    0xff, 0x30, 0x0, 0x0, 0x0, 0xbf, 0xbd, 0xf9,
    0x0, 0x0, 0x0, 0x1a, 0xcf, 0xff, 0xfb, 0xaa,
    0x10, 0x0, 0x2f, 0xff, 0xff, 0xff, 0xff, 0x20,
    0x0, 0x0, 0x2, 0xff, 0x0, 0x0, 0x0, 0x0,
    0x1a, 0xac, 0xff, 0xaa, 0xaa, 0x10, 0x0, 0x2f,
    0xff, 0xff, 0xff, 0xff, 0x20, 0x0, 0x0, 0x2,
    0xff, 0x0, 0x0, 0x0, 0x0, 0x0, 0x2, 0xff,
    0x0, 0x0, 0x0, 0x0, 0x0, 0x2, 0xff, 0x0,
    0x0, 0x0,

    /* U+00A6 "¦" */
    0x3, 0x24, 0xfc, 0x4f, 0xc4, 0xfc, 0x4f, 0xc4,
    0xfc, 0x4f, 0xc4, 0xfc, 0x0, 0x0, 0x0, 0x2,
    0x24, 0xfc, 0x4f, 0xc4, 0xfc, 0x4f, 0xc4, 0xfc,
    0x4f, 0xc4, 0xfc,

    /* U+00A7 "§" */
    0x1, 0x9d, 0xfe, 0xb4, 0x0, 0x1e, 0xff, 0xde,
    0xff, 0x50, 0x7f, 0xe1, 0x0, 0x7f, 0xe0, 0x8f,
    0xc0, 0x0, 0x8, 0x91, 0x2e, 0xfc, 0x62, 0x0,
    0x0, 0x4, 0xff, 0xff, 0xd6, 0x0, 0x2f, 0xf8,
    0x58, 0xef, 0xb0, 0x8f, 0x80, 0x0, 0xe, 0xf2,
    0x8f, 0xa0, 0x0, 0xd, 0xf3, 0x2e, 0xfc, 0x87,
    0xbf, 0xc0, 0x1, 0x8d, 0xff, 0xfe, 0x20, 0x0,
    0x0, 0x16, 0xdf, 0xd0, 0x9b, 0x40, 0x0, 0x1f,
    0xf2, 0x9f, 0xd1, 0x0, 0x4f, 0xf2, 0x1d, 0xff,
    0xdd, 0xff, 0xa0, 0x0, 0x8d, 0xff, 0xc6, 0x0,

    /* U+00A8 "¨" */
    0x2, 0x20, 0x12, 0x12, 0xff, 0x6, 0xfb, 0x2f,
    0xf0, 0x6f, 0xb0,

    /* U+00A9 "©" */
    0x0, 0x0, 0x6, 0xce, 0xfd, 0x93, 0x0, 0x0,
    0x0, 0x3, 0xef, 0xfc, 0xbd, 0xff, 0x90, 0x0,
    0x0, 0x3f, 0xf7, 0x0, 0x0, 0x3c, 0xfb, 0x0,
    0x0, 0xef, 0x30, 0x27, 0x86, 0x0, 0xaf, 0x70,
    0x7, 0xf7, 0x6, 0xff, 0xff, 0xe2, 0xe, 0xf0,
    0xd, 0xe0, 0x3f, 0xe3, 0x6, 0xfb, 0x7, 0xf5,
    0xf, 0xb0, 0x8f, 0x40, 0x0, 0x78, 0x2, 0xf8,
    0x1f, 0x90, 0xaf, 0x10, 0x0, 0x0, 0x1, 0xf9,
    0xf, 0xb0, 0x8f, 0x40, 0x0, 0x8a, 0x2, 0xf8,
    0xd, 0xe0, 0x3f, 0xd3, 0x6, 0xfb, 0x7, 0xf5,
    0x7, 0xf7, 0x6, 0xff, 0xff, 0xd2, 0xe, 0xf0,
    0x0, 0xef, 0x30, 0x27, 0x85, 0x0, 0xaf, 0x70,
    0x0, 0x3f, 0xf7, 0x0, 0x0, 0x3c, 0xfb, 0x0,
    0x0, 0x3, 0xef, 0xfc, 0xbd, 0xff, 0x90, 0x0,
    0x0, 0x0, 0x7, 0xce, 0xfd, 0x93, 0x0, 0x0,

    /* U+00AA "ª" */
    0x1, 0xbe, 0xeb, 0x20, 0xc, 0xf8, 0x7f, 0xc0,
    0x3, 0x30, 0x3e, 0xf0, 0x3, 0xbf, 0xff, 0xf1,
    0xf, 0xf6, 0x1d, 0xf1, 0x2f, 0xd2, 0x6f, 0xf2,
    0xb, 0xff, 0xe8, 0xfa, 0x0, 0x23, 0x0, 0x22,

    /* U+00AB "«" */
    0x0, 0x0, 0x11, 0x0, 0x11, 0x0, 0x0, 0xdf,
    0x90, 0x6f, 0xe2, 0x0, 0xbf, 0xb0, 0x4f, 0xf3,
    0x0, 0x8f, 0xd1, 0x2f, 0xf6, 0x0, 0x2f, 0xe2,
    0xb, 0xf8, 0x0, 0x1, 0xff, 0x30, 0xaf, 0x90,
    0x0, 0x7, 0xfe, 0x12, 0xef, 0x70, 0x0, 0xa,
    0xfc, 0x3, 0xff, 0x40, 0x0, 0xc, 0xfb, 0x5,
    0xff, 0x30,

    /* U+00AC "¬" */
    0x2b, 0xbb, 0xbb, 0xbb, 0xb3, 0x3f, 0xff, 0xff,
    0xff, 0xf4, 0x0, 0x0, 0x0, 0x6, 0xf4, 0x0,
    0x0, 0x0, 0x6, 0xf4, 0x0, 0x0, 0x0, 0x6,
    0xf4, 0x0, 0x0, 0x0, 0x3, 0x82,

    /* U+00AD "­" */
    0x4d, 0xdd, 0xdd, 0x5, 0xff, 0xff, 0xf0,

    /* U+00AE "®" */
    0x0, 0x0, 0x0, 0x0, 0x0, 0x0, 0x0, 0x2,
    0xae, 0xfe, 0x91, 0x0, 0x0, 0x5f, 0xa5, 0x35,
    0xce, 0x30, 0x3, 0xf5, 0x0, 0x0, 0x9, 0xe1,
    0xb, 0x90, 0xcf, 0xeb, 0x30, 0xd8, 0xf, 0x30,
    0xd8, 0x2b, 0xb0, 0x7c, 0x1f, 0x10, 0xdf, 0xfe,
    0x50, 0x5e, 0xf, 0x30, 0xd7, 0x8c, 0x0, 0x6d,
    0xc, 0x80, 0xd7, 0x1e, 0x50, 0xc8, 0x4, 0xf3,
    0x73, 0x5, 0x76, 0xf1, 0x0, 0x8f, 0x71, 0x2,
    0x9f, 0x50, 0x0, 0x5, 0xdf, 0xff, 0xb3, 0x0,
    0x0, 0x0, 0x1, 0x21, 0x0, 0x0,

    /* U+00AF "¯" */
    0x1b, 0xbb, 0xbb, 0x42, 0xff, 0xff, 0xf6,

    /* U+00B0 "°" */
    0x0, 0x39, 0x95, 0x0, 0x5, 0xff, 0xff, 0x90,
    0xe, 0xe3, 0x1c, 0xf2, 0x1f, 0x90, 0x5, 0xf5,
    0xf, 0xc0, 0x8, 0xf4, 0x9, 0xfd, 0xcf, 0xc0,
    0x0, 0x8e, 0xfa, 0x10,

    /* U+00B1 "±" */
    0x0, 0x0, 0x48, 0x20, 0x0, 0x0, 0x0, 0x8,
    0xf5, 0x0, 0x0, 0x0, 0x0, 0x8f, 0x50, 0x0,
    0x0, 0x0, 0x8, 0xf5, 0x0, 0x0, 0x3f, 0xff,
    0xff, 0xff, 0xff, 0x2, 0xdd, 0xdf, 0xff, 0xdd,
    0xd0, 0x0, 0x0, 0x8f, 0x50, 0x0, 0x0, 0x0,
    0x8, 0xf5, 0x0, 0x0, 0x0, 0x0, 0x8f, 0x50,
    0x0, 0x0, 0x0, 0x4, 0x93, 0x0, 0x0, 0x2b,
    0xbb, 0xbb, 0xbb, 0xbb, 0x3, 0xff, 0xff, 0xff,
    0xff, 0xf0,

    /* U+00B2 "²" */
    0x2, 0xbf, 0xd5, 0x0, 0xdc, 0x5a, 0xf1, 0x19,
    0x30, 0x3f, 0x40, 0x0, 0x2c, 0xe0, 0x0, 0x8f,
    0xc2, 0x0, 0xaf, 0x50, 0x0, 0xf, 0xb5, 0x55,
    0x12, 0xff, 0xff, 0xf4,

    /* U+00B3 "³" */
    0x7, 0xef, 0xc3, 0x4, 0xf8, 0x5d, 0xd0, 0x1,
    0x1, 0xbc, 0x0, 0x4, 0xfe, 0x30, 0x0, 0x3,
    0xbe, 0x13, 0x50, 0x4, 0xf3, 0x6f, 0x85, 0xcf,
    0x10, 0x9e, 0xfc, 0x40,

    /* U+00B4 "´" */
    0x0, 0xba, 0x10, 0x7f, 0x80, 0xe, 0xd0, 0x0,

    /* U+00B5 "µ" */
    0x37, 0x40, 0x0, 0x7, 0x71, 0x8f, 0xa0, 0x0,
    0xe, 0xf3, 0x8f, 0xa0, 0x0, 0xe, 0xf3, 0x8f,
    0xa0, 0x0, 0xe, 0xf3, 0x8f, 0xa0, 0x0, 0xe,
    0xf3, 0x8f, 0xa0, 0x0, 0xe, 0xf3, 0xaf, 0xa0,
    0x0, 0xe, 0xf3, 0xff, 0xb0, 0x0, 0x1f, 0xf3,
    0xcf, 0xf2, 0x0, 0x9f, 0xf3, 0x8f, 0xff, 0xce,
    0xed, 0xf3, 0x8f, 0xff, 0xeb, 0x2c, 0xf3, 0x8f,
    0xa0, 0x0, 0x0, 0x0, 0x8f, 0xa0, 0x0, 0x0,
    0x0, 0x8f, 0xa0, 0x0, 0x0, 0x0,

    /* U+00B6 "¶" */
    0x0, 0x2a, 0xef, 0xff, 0xff, 0xa0, 0x3f, 0xff,
    0xff, 0xdd, 0xfa, 0xd, 0xff, 0xff, 0xf4, 0x5f,
    0xa1, 0xff, 0xff, 0xff, 0x45, 0xfa, 0xf, 0xff,
    0xff, 0xf4, 0x5f, 0xa0, 0xdf, 0xff, 0xff, 0x45,
    0xfa, 0x3, 0xff, 0xff, 0xf4, 0x5f, 0xa0, 0x2,
    0xae, 0xff, 0x45, 0xfa, 0x0, 0x0, 0xa, 0xf4,
    0x5f, 0xa0, 0x0, 0x0, 0xaf, 0x45, 0xfa, 0x0,
    0x0, 0xa, 0xf4, 0x5f, 0xa0, 0x0, 0x0, 0xaf,
    0x45, 0xfa, 0x0, 0x0, 0xa, 0xf4, 0x5f, 0xa0,
    0x0, 0x0, 0xaf, 0x45, 0xfa,

    /* U+00B7 "·" */
    0x18, 0x83, 0x2f, 0xf6, 0x2f, 0xf6,

    /* U+00B8 "¸" */
    0x0, 0x5c, 0x10, 0x0, 0x9f, 0xb1, 0x0, 0x1,
    0xe7, 0xc, 0x52, 0xe8, 0x8, 0xff, 0xd1, 0x0,
    0x12, 0x0,

    /* U+00B9 "¹" */
    0x0, 0x5e, 0x1, 0xce, 0x9f, 0xfe, 0x12, 0xbe,
    0x0, 0xae, 0x0, 0xae, 0x0, 0xae, 0x0, 0xae,

    /* U+00BA "º" */
    0x0, 0x8d, 0xfc, 0x30, 0x9, 0xfa, 0x7e, 0xf2,
    0xf, 0xe0, 0x5, 0xf9, 0x2f, 0xb0, 0x2, 0xfb,
    0x1f, 0xd0, 0x4, 0xfa, 0xc, 0xf6, 0x2b, 0xf4,
    0x2, 0xcf, 0xff, 0x80, 0x0, 0x2, 0x31, 0x0,

    /* U+00BB "»" */
    0x1, 0x10, 0x1, 0x11, 0x0, 0x0, 0xaf, 0xc0,
    0x4f, 0xf4, 0x0, 0x0, 0xcf, 0xa0, 0x6f, 0xe2,
    0x0, 0x1, 0xef, 0x70, 0x8f, 0xd1, 0x0, 0x3,
    0xff, 0x10, 0xbf, 0x80, 0x0, 0x4f, 0xf1, 0xc,
    0xf8, 0x0, 0x2e, 0xf6, 0x9, 0xfd, 0x0, 0x1d,
    0xf9, 0x7, 0xfe, 0x10, 0xb, 0xfb, 0x5, 0xff,
    0x30, 0x0,

    /* U+00BC "¼" */
    0x0, 0x9e, 0x0, 0x0, 0x0, 0xd, 0xd0, 0x9,
    0xff, 0xe0, 0x0, 0x0, 0x8, 0xf2, 0x0, 0x12,
    0xbe, 0x0, 0x0, 0x3, 0xf7, 0x0, 0x0, 0xa,
    0xe0, 0x0, 0x0, 0xdc, 0x0, 0x0, 0x0, 0xae,
    0x0, 0x0, 0x9f, 0x20, 0x0, 0x0, 0xa, 0xe0,
    0x0, 0x4f, 0x60, 0x0, 0x0, 0x0, 0xae, 0x0,
    0x1e, 0xb0, 0x3, 0xd7, 0x0, 0x8, 0xc0, 0xb,
    0xe1, 0x1, 0xef, 0x90, 0x0, 0x0, 0x6, 0xf4,
    0x0, 0xae, 0xf9, 0x0, 0x0, 0x2, 0xf9, 0x0,
    0x6f, 0x3f, 0x90, 0x0, 0x0, 0xcd, 0x0, 0x2f,
    0x61, 0xf9, 0x0, 0x0, 0x7f, 0x30, 0x9, 0xff,
    0xff, 0xfa, 0x0, 0x2f, 0x80, 0x0, 0x24, 0x44,
    0xfa, 0x20, 0xd, 0xd0, 0x0, 0x0, 0x0, 0xf,
    0x90,

    /* U+00BD "½" */
    0x0, 0x27, 0x0, 0x0, 0x0, 0x5, 0x80, 0x0,
    0x0, 0x6e, 0x0, 0x0, 0x0, 0x3f, 0x80, 0x0,
    0x2, 0xde, 0x0, 0x0, 0x0, 0xdd, 0x0, 0x0,
    0x9f, 0xfe, 0x0, 0x0, 0x7, 0xf3, 0x0, 0x0,
    0x12, 0xbe, 0x0, 0x0, 0x2f, 0x80, 0x0, 0x0,
    0x0, 0xae, 0x0, 0x0, 0xcd, 0x0, 0x0, 0x0,
    0x0, 0xae, 0x0, 0x7, 0xf3, 0x0, 0x10, 0x0,
    0x0, 0xae, 0x0, 0x2f, 0x90, 0x2c, 0xff, 0x90,
    0x0, 0x34, 0x0, 0xcd, 0x0, 0xbe, 0x68, 0xf5,
    0x0, 0x0, 0x6, 0xf4, 0x0, 0x84, 0x0, 0xf7,
    0x0, 0x0, 0x2f, 0x90, 0x0, 0x0, 0x8, 0xf3,
    0x0, 0x0, 0xbe, 0x0, 0x0, 0x4, 0xdf, 0x50,
    0x0, 0x6, 0xf4, 0x0, 0x0, 0x5f, 0xa1, 0x0,
    0x0, 0x1f, 0xa0, 0x0, 0x0, 0xcd, 0x11, 0x10,
    0x0, 0xbe, 0x10, 0x0, 0x0, 0xff, 0xff, 0xf7,
    0x0, 0x42, 0x0, 0x0, 0x0, 0x34, 0x44, 0x41,

    /* U+00BE "¾" */
    0x0, 0x0, 0x0, 0x0, 0x0, 0x0, 0x1, 0x0,
    0x8, 0xff, 0xd3, 0x0, 0x0, 0x0, 0xcd, 0x0,
    0x5f, 0x84, 0xdd, 0x0, 0x0, 0x8, 0xf2, 0x0,
    0x0, 0x1, 0xbc, 0x0, 0x0, 0x3f, 0x70, 0x0,
    0x0, 0x4f, 0xe3, 0x0, 0x0, 0xdc, 0x0, 0x0,
    0x0, 0x3, 0xaf, 0x10, 0x9, 0xf2, 0x0, 0x0,
    0x6c, 0x31, 0x7f, 0x30, 0x4f, 0x60, 0x0, 0x0,
    0x2e, 0xff, 0xf9, 0x1, 0xeb, 0x0, 0x4f, 0xa0,
    0x0, 0x23, 0x10, 0xa, 0xe1, 0x1, 0xef, 0xa0,
    0x0, 0x0, 0x0, 0x5f, 0x50, 0xb, 0xbe, 0xa0,
    0x0, 0x0, 0x1, 0xea, 0x0, 0x6e, 0x1e, 0xa0,
    0x0, 0x0, 0xb, 0xe1, 0x2, 0xf6, 0x1e, 0xa0,
    0x0, 0x0, 0x6f, 0x40, 0x8, 0xff, 0xff, 0xfb,
    0x0, 0x2, 0xf9, 0x0, 0x2, 0x44, 0x4e, 0xb2,
    0x0, 0xc, 0xd0, 0x0, 0x0, 0x0, 0xe, 0xa0,

    /* U+00BF "¿" */
    0x0, 0x0, 0x48, 0x80, 0x0, 0x0, 0x0, 0x8,
    0xff, 0x10, 0x0, 0x0, 0x0, 0x8f, 0xf1, 0x0,
    0x0, 0x0, 0x0, 0x0, 0x0, 0x0, 0x0, 0x0,
    0x15, 0x40, 0x0, 0x0, 0x0, 0x6, 0xfb, 0x0,
    0x0, 0x0, 0x0, 0xcf, 0x80, 0x0, 0x0, 0x3,
    0xdf, 0xe1, 0x0, 0x0, 0x4, 0xff, 0xa1, 0x0,
    0x0, 0x0, 0xef, 0x80, 0x0, 0x0, 0x0, 0x1f,
    0xf1, 0x0, 0x0, 0x79, 0x41, 0xff, 0x30, 0x0,
    0xf, 0xf5, 0xd, 0xfc, 0x20, 0x2b, 0xfe, 0x0,
    0x3f, 0xff, 0xff, 0xff, 0x30, 0x0, 0x2a, 0xef,
    0xe9, 0x20, 0x0,

    /* U+00C0 "À" */
    0x0, 0x0, 0x4b, 0x80, 0x0, 0x0, 0x0, 0x0,
    0x0, 0xd, 0xf2, 0x0, 0x0, 0x0, 0x0, 0x0,
    0x3, 0xf9, 0x0, 0x0, 0x0, 0x0, 0x0, 0x0,
    0x0, 0x0, 0x0, 0x0, 0x0, 0x0, 0x0, 0x0,
    0x0, 0x0, 0x0, 0x0, 0x0, 0xa, 0xff, 0x70,
    0x0, 0x0, 0x0, 0x0, 0x1f, 0xff, 0xc0, 0x0,
    0x0, 0x0, 0x0, 0x6f, 0xae, 0xf2, 0x0, 0x0,
    0x0, 0x0, 0xcf, 0x48, 0xf8, 0x0, 0x0, 0x0,
    0x2, 0xfe, 0x2, 0xfe, 0x0, 0x0, 0x0, 0x7,
    0xf9, 0x0, 0xdf, 0x40, 0x0, 0x0, 0xd, 0xf3,
    0x0, 0x7f, 0xa0, 0x0, 0x0, 0x3f, 0xd0, 0x0,
    0x1f, 0xf0, 0x0, 0x0, 0x9f, 0xff, 0xff, 0xff,
    0xf5, 0x0, 0x0, 0xef, 0xff, 0xff, 0xff, 0xfb,
    0x0, 0x5, 0xfd, 0x0, 0x0, 0x1, 0xff, 0x10,
    0xa, 0xf8, 0x0, 0x0, 0x0, 0xbf, 0x70, 0x1f,
    0xf2, 0x0, 0x0, 0x0, 0x6f, 0xd0, 0x6f, 0xd0,
    0x0, 0x0, 0x0, 0x1f, 0xf3,

    /* U+00C1 "Á" */
    0x0, 0x0, 0x0, 0xa, 0xb2, 0x0, 0x0, 0x0,
    0x0, 0x0, 0x5f, 0x90, 0x0, 0x0, 0x0, 0x0,
    0x0, 0xde, 0x0, 0x0, 0x0, 0x0, 0x0, 0x0,
    0x0, 0x0, 0x0, 0x0, 0x0, 0x0, 0x0, 0x0,
    0x0, 0x0, 0x0, 0x0, 0x0, 0xa, 0xff, 0x70,
    0x0, 0x0, 0x0, 0x0, 0x1f, 0xff, 0xc0, 0x0,
    0x0, 0x0, 0x0, 0x6f, 0xae, 0xf2, 0x0, 0x0,
    0x0, 0x0, 0xcf, 0x48, 0xf8, 0x0, 0x0, 0x0,
    0x2, 0xfe, 0x2, 0xfe, 0x0, 0x0, 0x0, 0x7,
    0xf9, 0x0, 0xdf, 0x40, 0x0, 0x0, 0xd, 0xf3,
    0x0, 0x7f, 0xa0, 0x0, 0x0, 0x3f, 0xd0, 0x0,
    0x1f, 0xf0, 0x0, 0x0, 0x9f, 0xff, 0xff, 0xff,
    0xf5, 0x0, 0x0, 0xef, 0xff, 0xff, 0xff, 0xfb,
    0x0, 0x5, 0xfd, 0x0, 0x0, 0x1, 0xff, 0x10,
    0xa, 0xf8, 0x0, 0x0, 0x0, 0xbf, 0x70, 0x1f,
    0xf2, 0x0, 0x0, 0x0, 0x6f, 0xd0, 0x6f, 0xd0,
    0x0, 0x0, 0x0, 0x1f, 0xf3,

    /* U+00C2 "Â" */
    0x0, 0x0, 0x2, 0x87, 0x10, 0x0, 0x0, 0x0,
    0x0, 0xd, 0xff, 0x90, 0x0, 0x0, 0x0, 0x0,
    0x7f, 0x58, 0xf3, 0x0, 0x0, 0x0, 0x0, 0x76,
    0x0, 0x75, 0x0, 0x0, 0x0, 0x0, 0x0, 0x0,
    0x0, 0x0, 0x0, 0x0, 0x0, 0xa, 0xff, 0x70,
    0x0, 0x0, 0x0, 0x0, 0x1f, 0xff, 0xc0, 0x0,
    0x0, 0x0, 0x0, 0x6f, 0xae, 0xf2, 0x0, 0x0,
    0x0, 0x0, 0xcf, 0x48, 0xf8, 0x0, 0x0, 0x0,
    0x2, 0xfe, 0x2, 0xfe, 0x0, 0x0, 0x0, 0x7,
    0xf9, 0x0, 0xdf, 0x40, 0x0, 0x0, 0xd, 0xf3,
    0x0, 0x7f, 0xa0, 0x0, 0x0, 0x3f, 0xd0, 0x0,
    0x1f, 0xf0, 0x0, 0x0, 0x9f, 0xff, 0xff, 0xff,
    0xf5, 0x0, 0x0, 0xef, 0xff, 0xff, 0xff, 0xfb,
    0x0, 0x5, 0xfd, 0x0, 0x0, 0x1, 0xff, 0x10,
    0xa, 0xf8, 0x0, 0x0, 0x0, 0xbf, 0x70, 0x1f,
    0xf2, 0x0, 0x0, 0x0, 0x6f, 0xd0, 0x6f, 0xd0,
    0x0, 0x0, 0x0, 0x1f, 0xf3,

    /* U+00C3 "Ã" */
    0x0, 0x0, 0x0, 0x0, 0x1, 0x0, 0x0, 0x0,
    0x0, 0xaf, 0xd5, 0x5f, 0x0, 0x0, 0x0, 0x3,
    0xf5, 0xaf, 0xf8, 0x0, 0x0, 0x0, 0x1, 0x30,
    0x2, 0x20, 0x0, 0x0, 0x0, 0x0, 0x0, 0x0,
    0x0, 0x0, 0x0, 0x0, 0x0, 0xa, 0xff, 0x70,
    0x0, 0x0, 0x0, 0x0, 0x1f, 0xff, 0xc0, 0x0,
    0x0, 0x0, 0x0, 0x6f, 0xae, 0xf2, 0x0, 0x0,
    0x0, 0x0, 0xcf, 0x48, 0xf8, 0x0, 0x0, 0x0,
    0x2, 0xfe, 0x2, 0xfe, 0x0, 0x0, 0x0, 0x7,
    0xf9, 0x0, 0xdf, 0x40, 0x0, 0x0, 0xd, 0xf3,
    0x0, 0x7f, 0xa0, 0x0, 0x0, 0x3f, 0xd0, 0x0,
    0x1f, 0xf0, 0x0, 0x0, 0x9f, 0xff, 0xff, 0xff,
    0xf5, 0x0, 0x0, 0xef, 0xff, 0xff, 0xff, 0xfb,
    0x0, 0x5, 0xfd, 0x0, 0x0, 0x1, 0xff, 0x10,
    0xa, 0xf8, 0x0, 0x0, 0x0, 0xbf, 0x70, 0x1f,
    0xf2, 0x0, 0x0, 0x0, 0x6f, 0xd0, 0x6f, 0xd0,
    0x0, 0x0, 0x0, 0x1f, 0xf3,

    /* U+00C4 "Ä" */
    0x0, 0x0, 0xff, 0x14, 0xfd, 0x0, 0x0, 0x0,
    0x0, 0xff, 0x14, 0xfd, 0x0, 0x0, 0x0, 0x0,
    0x22, 0x0, 0x21, 0x0, 0x0, 0x0, 0x0, 0x0,
    0x0, 0x0, 0x0, 0x0, 0x0, 0x0, 0xa, 0xff,
    0x70, 0x0, 0x0, 0x0, 0x0, 0x1f, 0xff, 0xc0,
    0x0, 0x0, 0x0, 0x0, 0x6f, 0xae, 0xf2, 0x0,
    0x0, 0x0, 0x0, 0xcf, 0x48, 0xf8, 0x0, 0x0,
    0x0, 0x2, 0xfe, 0x2, 0xfe, 0x0, 0x0, 0x0,
    0x7, 0xf9, 0x0, 0xdf, 0x40, 0x0, 0x0, 0xd,
    0xf3, 0x0, 0x7f, 0xa0, 0x0, 0x0, 0x3f, 0xd0,
    0x0, 0x1f, 0xf0, 0x0, 0x0, 0x9f, 0xff, 0xff,
    0xff, 0xf5, 0x0, 0x0, 0xef, 0xff, 0xff, 0xff,
    0xfb, 0x0, 0x5, 0xfd, 0x0, 0x0, 0x1, 0xff,
    0x10, 0xa, 0xf8, 0x0, 0x0, 0x0, 0xbf, 0x70,
    0x1f, 0xf2, 0x0, 0x0, 0x0, 0x6f, 0xd0, 0x6f,
    0xd0, 0x0, 0x0, 0x0, 0x1f, 0xf3,

    /* U+00C5 "Å" */
    0x0, 0x0, 0x5, 0xec, 0x10, 0x0, 0x0, 0x0,
    0x0, 0xf, 0x5a, 0x90, 0x0, 0x0, 0x0, 0x0,
    0xf, 0x28, 0xa0, 0x0, 0x0, 0x0, 0x0, 0x7,
    0xfe, 0x30, 0x0, 0x0, 0x0, 0x0, 0x0, 0x10,
    0x0, 0x0, 0x0, 0x0, 0x0, 0xb, 0xff, 0x60,
    0x0, 0x0, 0x0, 0x0, 0x1f, 0xff, 0xb0, 0x0,
    0x0, 0x0, 0x0, 0x7f, 0xaf, 0xf1, 0x0, 0x0,
    0x0, 0x0, 0xdf, 0x39, 0xf7, 0x0, 0x0, 0x0,
    0x3, 0xfd, 0x3, 0xfd, 0x0, 0x0, 0x0, 0x8,
    0xf8, 0x0, 0xdf, 0x30, 0x0, 0x0, 0xe, 0xf2,
    0x0, 0x8f, 0x90, 0x0, 0x0, 0x4f, 0xc0, 0x0,
    0x2f, 0xe0, 0x0, 0x0, 0xaf, 0xff, 0xff, 0xff,
    0xf4, 0x0, 0x0, 0xff, 0xff, 0xff, 0xff, 0xfa,
    0x0, 0x6, 0xfc, 0x0, 0x0, 0x1, 0xff, 0x10,
    0xb, 0xf7, 0x0, 0x0, 0x0, 0xcf, 0x60, 0x1f,
    0xf1, 0x0, 0x0, 0x0, 0x7f, 0xc0, 0x7f, 0xc0,
    0x0, 0x0, 0x0, 0x2f, 0xf2,

    /* U+00C6 "Æ" */
    0x0, 0x0, 0x0, 0x4, 0xff, 0xff, 0xff, 0xff,
    0xff, 0xb0, 0x0, 0x0, 0x0, 0xcf, 0xff, 0xff,
    0xff, 0xff, 0xfb, 0x0, 0x0, 0x0, 0x5f, 0xd0,
    0xff, 0x30, 0x0, 0x0, 0x0, 0x0, 0x0, 0xd,
    0xf4, 0xf, 0xf3, 0x0, 0x0, 0x0, 0x0, 0x0,
    0x7, 0xfc, 0x0, 0xff, 0x30, 0x0, 0x0, 0x0,
    0x0, 0x0, 0xef, 0x30, 0xf, 0xf3, 0x0, 0x0,
    0x0, 0x0, 0x0, 0x8f, 0xb0, 0x0, 0xff, 0xff,
    0xff, 0xff, 0x70, 0x0, 0x1f, 0xf3, 0x0, 0xf,
    0xff, 0xff, 0xff, 0xf6, 0x0, 0x9, 0xff, 0xff,
    0xff, 0xff, 0x30, 0x0, 0x0, 0x0, 0x2, 0xff,
    0xff, 0xff, 0xff, 0xf3, 0x0, 0x0, 0x0, 0x0,
    0xbf, 0x90, 0x0, 0x0, 0xff, 0x30, 0x0, 0x0,
    0x0, 0x3f, 0xf1, 0x0, 0x0, 0xf, 0xf3, 0x0,
    0x0, 0x0, 0xc, 0xf8, 0x0, 0x0, 0x0, 0xff,
    0xff, 0xff, 0xff, 0xd5, 0xff, 0x10, 0x0, 0x0,
    0xf, 0xff, 0xff, 0xff, 0xfd,

    /* U+00C7 "Ç" */
    0x0, 0x0, 0x5b, 0xef, 0xeb, 0x50, 0x0, 0x0,
    0x1c, 0xff, 0xff, 0xff, 0xfa, 0x0, 0x0, 0xcf,
    0xf7, 0x10, 0x28, 0xff, 0x70, 0x5, 0xff, 0x30,
    0x0, 0x0, 0x7f, 0xe0, 0xb, 0xf9, 0x0, 0x0,
    0x0, 0xc, 0xd3, 0xf, 0xf4, 0x0, 0x0, 0x0,
    0x0, 0x0, 0x1f, 0xf2, 0x0, 0x0, 0x0, 0x0,
    0x0, 0x1f, 0xf2, 0x0, 0x0, 0x0, 0x0, 0x0,
    0xf, 0xf4, 0x0, 0x0, 0x0, 0x1, 0x10, 0xc,
    0xf9, 0x0, 0x0, 0x0, 0xf, 0xf5, 0x6, 0xff,
    0x30, 0x0, 0x0, 0x7f, 0xf0, 0x0, 0xcf, 0xf6,
    0x10, 0x28, 0xff, 0x70, 0x0, 0x1c, 0xff, 0xff,
    0xff, 0xf9, 0x0, 0x0, 0x0, 0x5b, 0xff, 0xfa,
    0x40, 0x0, 0x0, 0x0, 0x0, 0xae, 0x60, 0x0,
    0x0, 0x0, 0x0, 0x0, 0x16, 0xf6, 0x0, 0x0,
    0x0, 0x0, 0xa, 0x41, 0xe8, 0x0, 0x0, 0x0,
    0x0, 0x9, 0xff, 0xd1, 0x0, 0x0, 0x0, 0x0,
    0x0, 0x12, 0x0, 0x0, 0x0,

    /* U+00C8 "È" */
    0x0, 0xa, 0xb2, 0x0, 0x0, 0x0, 0x0, 0x5f,
    0x90, 0x0, 0x0, 0x0, 0x0, 0xbf, 0x10, 0x0,
    0x0, 0x0, 0x0, 0x0, 0x0, 0x0, 0x0, 0x0,
    0x0, 0x0, 0x0, 0x4, 0xff, 0xff, 0xff, 0xff,
    0xf0, 0x4f, 0xff, 0xff, 0xff, 0xff, 0x4, 0xfe,
    0x0, 0x0, 0x0, 0x0, 0x4f, 0xe0, 0x0, 0x0,
    0x0, 0x4, 0xfe, 0x0, 0x0, 0x0, 0x0, 0x4f,
    0xe0, 0x0, 0x0, 0x0, 0x4, 0xff, 0xff, 0xff,
    0xff, 0xb0, 0x4f, 0xff, 0xff, 0xff, 0xfa, 0x4,
    0xfe, 0x0, 0x0, 0x0, 0x0, 0x4f, 0xe0, 0x0,
    0x0, 0x0, 0x4, 0xfe, 0x0, 0x0, 0x0, 0x0,
    0x4f, 0xe0, 0x0, 0x0, 0x0, 0x4, 0xff, 0xff,
    0xff, 0xff, 0xf2, 0x4f, 0xff, 0xff, 0xff, 0xff,
    0x20,

    /* U+00C9 "É" */
    0x0, 0x0, 0x5, 0xb7, 0x0, 0x0, 0x0, 0x0,
    0xdf, 0x20, 0x0, 0x0, 0x0, 0x5f, 0x70, 0x0,
    0x0, 0x0, 0x0, 0x0, 0x0, 0x0, 0x0, 0x0,
    0x0, 0x0, 0x0, 0x4, 0xff, 0xff, 0xff, 0xff,
    0xf0, 0x4f, 0xff, 0xff, 0xff, 0xff, 0x4, 0xfe,
    0x0, 0x0, 0x0, 0x0, 0x4f, 0xe0, 0x0, 0x0,
    0x0, 0x4, 0xfe, 0x0, 0x0, 0x0, 0x0, 0x4f,
    0xe0, 0x0, 0x0, 0x0, 0x4, 0xff, 0xff, 0xff,
    0xff, 0xb0, 0x4f, 0xff, 0xff, 0xff, 0xfa, 0x4,
    0xfe, 0x0, 0x0, 0x0, 0x0, 0x4f, 0xe0, 0x0,
    0x0, 0x0, 0x4, 0xfe, 0x0, 0x0, 0x0, 0x0,
    0x4f, 0xe0, 0x0, 0x0, 0x0, 0x4, 0xff, 0xff,
    0xff, 0xff, 0xf2, 0x4f, 0xff, 0xff, 0xff, 0xff,
    0x20,

    /* U+00CA "Ê" */
    0x0, 0x0, 0x68, 0x50, 0x0, 0x0, 0x0, 0x5f,
    0xff, 0x20, 0x0, 0x0, 0xe, 0xc2, 0xeb, 0x0,
    0x0, 0x3, 0x82, 0x3, 0x81, 0x0, 0x0, 0x0,
    0x0, 0x0, 0x0, 0x4, 0xff, 0xff, 0xff, 0xff,
    0xf0, 0x4f, 0xff, 0xff, 0xff, 0xff, 0x4, 0xfe,
    0x0, 0x0, 0x0, 0x0, 0x4f, 0xe0, 0x0, 0x0,
    0x0, 0x4, 0xfe, 0x0, 0x0, 0x0, 0x0, 0x4f,
    0xe0, 0x0, 0x0, 0x0, 0x4, 0xff, 0xff, 0xff,
    0xff, 0xb0, 0x4f, 0xff, 0xff, 0xff, 0xfa, 0x4,
    0xfe, 0x0, 0x0, 0x0, 0x0, 0x4f, 0xe0, 0x0,
    0x0, 0x0, 0x4, 0xfe, 0x0, 0x0, 0x0, 0x0,
    0x4f, 0xe0, 0x0, 0x0, 0x0, 0x4, 0xff, 0xff,
    0xff, 0xff, 0xf2, 0x4f, 0xff, 0xff, 0xff, 0xff,
    0x20,

    /* U+00CB "Ë" */
    0x0, 0x9f, 0x90, 0xdf, 0x50, 0x0, 0x9, 0xf9,
    0xd, 0xf5, 0x0, 0x0, 0x12, 0x10, 0x12, 0x0,
    0x0, 0x0, 0x0, 0x0, 0x0, 0x0, 0x4f, 0xff,
    0xff, 0xff, 0xff, 0x4, 0xff, 0xff, 0xff, 0xff,
    0xf0, 0x4f, 0xe0, 0x0, 0x0, 0x0, 0x4, 0xfe,
    0x0, 0x0, 0x0, 0x0, 0x4f, 0xe0, 0x0, 0x0,
    0x0, 0x4, 0xfe, 0x0, 0x0, 0x0, 0x0, 0x4f,
    0xff, 0xff, 0xff, 0xfb, 0x4, 0xff, 0xff, 0xff,
    0xff, 0xa0, 0x4f, 0xe0, 0x0, 0x0, 0x0, 0x4,
    0xfe, 0x0, 0x0, 0x0, 0x0, 0x4f, 0xe0, 0x0,
    0x0, 0x0, 0x4, 0xfe, 0x0, 0x0, 0x0, 0x0,
    0x4f, 0xff, 0xff, 0xff, 0xff, 0x24, 0xff, 0xff,
    0xff, 0xff, 0xf2,

    /* U+00CC "Ì" */
    0x5b, 0x70, 0xd, 0xf1, 0x4, 0xf8, 0x0, 0x0,
    0x0, 0x0, 0x4, 0xfe, 0x4, 0xfe, 0x4, 0xfe,
    0x4, 0xfe, 0x4, 0xfe, 0x4, 0xfe, 0x4, 0xfe,
    0x4, 0xfe, 0x4, 0xfe, 0x4, 0xfe, 0x4, 0xfe,
    0x4, 0xfe, 0x4, 0xfe, 0x4, 0xfe,

    /* U+00CD "Í" */
    0x0, 0xbb, 0x10, 0x7f, 0x80, 0xe, 0xd0, 0x0,
    0x0, 0x0, 0x0, 0x0, 0x4, 0xfe, 0x0, 0x4f,
    0xe0, 0x4, 0xfe, 0x0, 0x4f, 0xe0, 0x4, 0xfe,
    0x0, 0x4f, 0xe0, 0x4, 0xfe, 0x0, 0x4f, 0xe0,
    0x4, 0xfe, 0x0, 0x4f, 0xe0, 0x4, 0xfe, 0x0,
    0x4f, 0xe0, 0x4, 0xfe, 0x0, 0x4f, 0xe0, 0x0,

    /* U+00CE "Î" */
    0x0, 0x38, 0x70, 0x0, 0xd, 0xff, 0x80, 0x8,
    0xf4, 0xaf, 0x20, 0x75, 0x0, 0x74, 0x0, 0x0,
    0x0, 0x0, 0x4, 0xfe, 0x0, 0x0, 0x4f, 0xe0,
    0x0, 0x4, 0xfe, 0x0, 0x0, 0x4f, 0xe0, 0x0,
    0x4, 0xfe, 0x0, 0x0, 0x4f, 0xe0, 0x0, 0x4,
    0xfe, 0x0, 0x0, 0x4f, 0xe0, 0x0, 0x4, 0xfe,
    0x0, 0x0, 0x4f, 0xe0, 0x0, 0x4, 0xfe, 0x0,
    0x0, 0x4f, 0xe0, 0x0, 0x4, 0xfe, 0x0, 0x0,
    0x4f, 0xe0, 0x0,

    /* U+00CF "Ï" */
    0x2f, 0xf0, 0x6f, 0xb2, 0xff, 0x6, 0xfb, 0x2,
    0x20, 0x2, 0x10, 0x0, 0x0, 0x0, 0x0, 0x4f,
    0xe0, 0x0, 0x4, 0xfe, 0x0, 0x0, 0x4f, 0xe0,
    0x0, 0x4, 0xfe, 0x0, 0x0, 0x4f, 0xe0, 0x0,
    0x4, 0xfe, 0x0, 0x0, 0x4f, 0xe0, 0x0, 0x4,
    0xfe, 0x0, 0x0, 0x4f, 0xe0, 0x0, 0x4, 0xfe,
    0x0, 0x0, 0x4f, 0xe0, 0x0, 0x4, 0xfe, 0x0,
    0x0, 0x4f, 0xe0, 0x0, 0x4, 0xfe, 0x0,

    /* U+00D0 "Ð" */
    0x4, 0xff, 0xff, 0xfe, 0xb6, 0x0, 0x0, 0x4,
    0xff, 0xff, 0xff, 0xff, 0xd2, 0x0, 0x4, 0xfe,
    0x0, 0x1, 0x6e, 0xfd, 0x10, 0x4, 0xfe, 0x0,
    0x0, 0x1, 0xef, 0x80, 0x4, 0xfe, 0x0, 0x0,
    0x0, 0x7f, 0xe0, 0x4, 0xfe, 0x0, 0x0, 0x0,
    0x2f, 0xf1, 0xbf, 0xff, 0xff, 0xfc, 0x0, 0xf,
    0xf2, 0x9f, 0xff, 0xdd, 0xda, 0x0, 0xf, 0xf2,
    0x4, 0xfe, 0x0, 0x0, 0x0, 0x2f, 0xf1, 0x4,
    0xfe, 0x0, 0x0, 0x0, 0x7f, 0xe0, 0x4, 0xfe,
    0x0, 0x0, 0x1, 0xef, 0x80, 0x4, 0xfe, 0x0,
    0x1, 0x6e, 0xfe, 0x10, 0x4, 0xff, 0xff, 0xff,
    0xff, 0xe2, 0x0, 0x4, 0xff, 0xff, 0xfe, 0xc7,
    0x0, 0x0,

    /* U+00D1 "Ñ" */
    0x0, 0x0, 0x0, 0x0, 0x1, 0x0, 0x0, 0x0,
    0x1c, 0xfc, 0x38, 0xc0, 0x0, 0x0, 0x6, 0xd5,
    0xcf, 0xf5, 0x0, 0x0, 0x0, 0x22, 0x0, 0x32,
    0x0, 0x0, 0x0, 0x0, 0x0, 0x0, 0x0, 0x0,
    0x4, 0xff, 0xb0, 0x0, 0x0, 0xf, 0xf3, 0x4f,
    0xff, 0x50, 0x0, 0x0, 0xff, 0x34, 0xff, 0xfd,
    0x0, 0x0, 0xf, 0xf3, 0x4f, 0xeb, 0xf7, 0x0,
    0x0, 0xff, 0x34, 0xfe, 0x2f, 0xf1, 0x0, 0xf,
    0xf3, 0x4f, 0xe0, 0x9f, 0x90, 0x0, 0xff, 0x34,
    0xfe, 0x1, 0xef, 0x30, 0xf, 0xf3, 0x4f, 0xe0,
    0x6, 0xfc, 0x0, 0xff, 0x34, 0xfe, 0x0, 0xd,
    0xf5, 0xf, 0xf3, 0x4f, 0xe0, 0x0, 0x4f, 0xe0,
    0xff, 0x34, 0xfe, 0x0, 0x0, 0xbf, 0x7f, 0xf3,
    0x4f, 0xe0, 0x0, 0x2, 0xff, 0xff, 0x34, 0xfe,
    0x0, 0x0, 0x8, 0xff, 0xf3, 0x4f, 0xe0, 0x0,
    0x0, 0xe, 0xff, 0x30,

    /* U+00D2 "Ò" */
    0x0, 0x0, 0x8, 0xb4, 0x0, 0x0, 0x0, 0x0,
    0x0, 0x0, 0x3f, 0xc0, 0x0, 0x0, 0x0, 0x0,
    0x0, 0x0, 0x8f, 0x30, 0x0, 0x0, 0x0, 0x0,
    0x0, 0x0, 0x0, 0x0, 0x0, 0x0, 0x0, 0x0,
    0x0, 0x0, 0x0, 0x0, 0x0, 0x0, 0x0, 0x5,
    0xbe, 0xfe, 0xb5, 0x0, 0x0, 0x0, 0x1c, 0xff,
    0xff, 0xff, 0xfc, 0x10, 0x0, 0xc, 0xff, 0x72,
    0x1, 0x7f, 0xfc, 0x0, 0x6, 0xff, 0x30, 0x0,
    0x0, 0x3f, 0xf6, 0x0, 0xcf, 0x90, 0x0, 0x0,
    0x0, 0x9f, 0xc0, 0xf, 0xf4, 0x0, 0x0, 0x0,
    0x4, 0xff, 0x1, 0xff, 0x20, 0x0, 0x0, 0x0,
    0x2f, 0xf1, 0x1f, 0xf2, 0x0, 0x0, 0x0, 0x2,
    0xff, 0x10, 0xff, 0x40, 0x0, 0x0, 0x0, 0x4f,
    0xf0, 0xc, 0xf9, 0x0, 0x0, 0x0, 0x9, 0xfc,
    0x0, 0x6f, 0xf3, 0x0, 0x0, 0x2, 0xff, 0x60,
    0x0, 0xcf, 0xf7, 0x10, 0x16, 0xff, 0xc0, 0x0,
    0x1, 0xcf, 0xff, 0xff, 0xff, 0xc1, 0x0, 0x0,
    0x0, 0x5b, 0xef, 0xeb, 0x60, 0x0, 0x0,

    /* U+00D3 "Ó" */
    0x0, 0x0, 0x0, 0x4, 0xb9, 0x0, 0x0, 0x0,
    0x0, 0x0, 0x0, 0xcf, 0x30, 0x0, 0x0, 0x0,
    0x0, 0x0, 0x3f, 0x90, 0x0, 0x0, 0x0, 0x0,
    0x0, 0x0, 0x0, 0x0, 0x0, 0x0, 0x0, 0x0,
    0x0, 0x0, 0x0, 0x0, 0x0, 0x0, 0x0, 0x5,
    0xbe, 0xfe, 0xb5, 0x0, 0x0, 0x0, 0x1c, 0xff,
    0xff, 0xff, 0xfc, 0x10, 0x0, 0xc, 0xff, 0x72,
    0x1, 0x7f, 0xfc, 0x0, 0x6, 0xff, 0x30, 0x0,
    0x0, 0x3f, 0xf6, 0x0, 0xcf, 0x90, 0x0, 0x0,
    0x0, 0x9f, 0xc0, 0xf, 0xf4, 0x0, 0x0, 0x0,
    0x4, 0xff, 0x1, 0xff, 0x20, 0x0, 0x0, 0x0,
    0x2f, 0xf1, 0x1f, 0xf2, 0x0, 0x0, 0x0, 0x2,
    0xff, 0x10, 0xff, 0x40, 0x0, 0x0, 0x0, 0x4f,
    0xf0, 0xc, 0xf9, 0x0, 0x0, 0x0, 0x9, 0xfc,
    0x0, 0x6f, 0xf3, 0x0, 0x0, 0x2, 0xff, 0x60,
    0x0, 0xcf, 0xf7, 0x10, 0x16, 0xff, 0xc0, 0x0,
    0x1, 0xcf, 0xff, 0xff, 0xff, 0xc1, 0x0, 0x0,
    0x0, 0x5b, 0xef, 0xeb, 0x60, 0x0, 0x0,

    /* U+00D4 "Ô" */
    0x0, 0x0, 0x0, 0xdf, 0xd0, 0x0, 0x0, 0x0,
    0x0, 0x0, 0x8f, 0xaf, 0x80, 0x0, 0x0, 0x0,
    0x0, 0x2f, 0x90, 0x9f, 0x20, 0x0, 0x0, 0x0,
    0x0, 0x0, 0x0, 0x0, 0x0, 0x0, 0x0, 0x0,
    0x0, 0x0, 0x0, 0x0, 0x0, 0x0, 0x0, 0x5,
    0xbe, 0xfe, 0xb5, 0x0, 0x0, 0x0, 0x1c, 0xff,
    0xff, 0xff, 0xfc, 0x10, 0x0, 0xc, 0xff, 0x72,
    0x1, 0x7f, 0xfc, 0x0, 0x6, 0xff, 0x30, 0x0,
    0x0, 0x3f, 0xf6, 0x0, 0xcf, 0x90, 0x0, 0x0,
    0x0, 0x9f, 0xc0, 0xf, 0xf4, 0x0, 0x0, 0x0,
    0x4, 0xff, 0x1, 0xff, 0x20, 0x0, 0x0, 0x0,
    0x2f, 0xf1, 0x1f, 0xf2, 0x0, 0x0, 0x0, 0x2,
    0xff, 0x10, 0xff, 0x40, 0x0, 0x0, 0x0, 0x4f,
    0xf0, 0xc, 0xf9, 0x0, 0x0, 0x0, 0x9, 0xfc,
    0x0, 0x6f, 0xf3, 0x0, 0x0, 0x2, 0xff, 0x60,
    0x0, 0xcf, 0xf7, 0x10, 0x16, 0xff, 0xc0, 0x0,
    0x1, 0xcf, 0xff, 0xff, 0xff, 0xc1, 0x0, 0x0,
    0x0, 0x5b, 0xef, 0xeb, 0x60, 0x0, 0x0,

    /* U+00D5 "Õ" */
    0x0, 0x0, 0x0, 0x0, 0x0, 0x0, 0x0, 0x0,
    0x0, 0x0, 0xcf, 0x50, 0x8a, 0x0, 0x0, 0x0,
    0x0, 0x7d, 0x6f, 0x3c, 0x70, 0x0, 0x0, 0x0,
    0xa, 0x80, 0x8f, 0xe1, 0x0, 0x0, 0x0, 0x0,
    0x31, 0x0, 0x30, 0x0, 0x0, 0x0, 0x0, 0x0,
    0x0, 0x0, 0x0, 0x0, 0x0, 0x0, 0x0, 0x5b,
    0xef, 0xeb, 0x50, 0x0, 0x0, 0x1, 0xcf, 0xff,
    0xff, 0xff, 0xc1, 0x0, 0x0, 0xcf, 0xf7, 0x20,
    0x17, 0xff, 0xc0, 0x0, 0x6f, 0xf3, 0x0, 0x0,
    0x3, 0xff, 0x60, 0xc, 0xf9, 0x0, 0x0, 0x0,
    0x9, 0xfc, 0x0, 0xff, 0x40, 0x0, 0x0, 0x0,
    0x4f, 0xf0, 0x1f, 0xf2, 0x0, 0x0, 0x0, 0x2,
    0xff, 0x11, 0xff, 0x20, 0x0, 0x0, 0x0, 0x2f,
    0xf1, 0xf, 0xf4, 0x0, 0x0, 0x0, 0x4, 0xff,
    0x0, 0xcf, 0x90, 0x0, 0x0, 0x0, 0x9f, 0xc0,
    0x6, 0xff, 0x30, 0x0, 0x0, 0x2f, 0xf6, 0x0,
    0xc, 0xff, 0x71, 0x1, 0x6f, 0xfc, 0x0, 0x0,
    0x1c, 0xff, 0xff, 0xff, 0xfc, 0x10, 0x0, 0x0,
    0x5, 0xbe, 0xfe, 0xb6, 0x0, 0x0,

    /* U+00D6 "Ö" */
    0x0, 0x0, 0x2, 0x10, 0x12, 0x10, 0x0, 0x0,
    0x0, 0x6, 0xfb, 0xb, 0xf7, 0x0, 0x0, 0x0,
    0x0, 0x6f, 0xb0, 0xbf, 0x70, 0x0, 0x0, 0x0,
    0x0, 0x0, 0x0, 0x0, 0x0, 0x0, 0x0, 0x0,
    0x0, 0x0, 0x0, 0x0, 0x0, 0x0, 0x0, 0x5,
    0xbe, 0xfe, 0xb5, 0x0, 0x0, 0x0, 0x1c, 0xff,
    0xff, 0xff, 0xfc, 0x10, 0x0, 0xc, 0xff, 0x72,
    0x1, 0x7f, 0xfc, 0x0, 0x6, 0xff, 0x30, 0x0,
    0x0, 0x3f, 0xf6, 0x0, 0xcf, 0x90, 0x0, 0x0,
    0x0, 0x9f, 0xc0, 0xf, 0xf4, 0x0, 0x0, 0x0,
    0x4, 0xff, 0x1, 0xff, 0x20, 0x0, 0x0, 0x0,
    0x2f, 0xf1, 0x1f, 0xf2, 0x0, 0x0, 0x0, 0x2,
    0xff, 0x10, 0xff, 0x40, 0x0, 0x0, 0x0, 0x4f,
    0xf0, 0xc, 0xf9, 0x0, 0x0, 0x0, 0x9, 0xfc,
    0x0, 0x6f, 0xf3, 0x0, 0x0, 0x2, 0xff, 0x60,
    0x0, 0xcf, 0xf7, 0x10, 0x16, 0xff, 0xc0, 0x0,
    0x1, 0xcf, 0xff, 0xff, 0xff, 0xc1, 0x0, 0x0,
    0x0, 0x5b, 0xef, 0xeb, 0x60, 0x0, 0x0,

    /* U+00D7 "×" */
    0x0, 0x10, 0x0, 0x0, 0x10, 0xa, 0xd1, 0x0,
    0x9, 0xe1, 0xb, 0xfc, 0x10, 0x9f, 0xe2, 0x0,
    0xbf, 0xca, 0xfe, 0x20, 0x0, 0xb, 0xff, 0xf2,
    0x0, 0x0, 0x9, 0xff, 0xf0, 0x0, 0x0, 0x8f,
    0xee, 0xfc, 0x0, 0x8, 0xfe, 0x20, 0xbf, 0xc0,
    0xc, 0xe2, 0x0, 0xb, 0xf3, 0x1, 0x20, 0x0,
    0x0, 0x30,

    /* U+00D8 "Ø" */
    0x0, 0x0, 0x5b, 0xef, 0xeb, 0x5b, 0xf3, 0x0,
    0x1, 0xcf, 0xff, 0xff, 0xff, 0xf8, 0x0, 0x0,
    0xcf, 0xf7, 0x20, 0x19, 0xff, 0xc0, 0x0, 0x6f,
    0xf3, 0x0, 0x0, 0xdf, 0xff, 0x60, 0xc, 0xf9,
    0x0, 0x0, 0x9f, 0x49, 0xfc, 0x0, 0xff, 0x40,
    0x0, 0x5f, 0x80, 0x4f, 0xf0, 0x1f, 0xf2, 0x0,
    0x1e, 0xc0, 0x2, 0xff, 0x11, 0xff, 0x20, 0xc,
    0xf2, 0x0, 0x2f, 0xf1, 0xf, 0xf4, 0x8, 0xf5,
    0x0, 0x4, 0xff, 0x0, 0xcf, 0x93, 0xf9, 0x0,
    0x0, 0x9f, 0xc0, 0x6, 0xff, 0xfd, 0x0, 0x0,
    0x2f, 0xf6, 0x0, 0xc, 0xff, 0xa1, 0x1, 0x6f,
    0xfc, 0x0, 0x0, 0x8f, 0xff, 0xff, 0xff, 0xfc,
    0x10, 0x0, 0x2f, 0xb5, 0xbe, 0xfe, 0xb6, 0x0,
    0x0,

    /* U+00D9 "Ù" */
    0x0, 0x3, 0xb9, 0x0, 0x0, 0x0, 0x0, 0x0,
    0xcf, 0x30, 0x0, 0x0, 0x0, 0x0, 0x2f, 0xa0,
    0x0, 0x0, 0x0, 0x0, 0x0, 0x0, 0x0, 0x0,
    0x0, 0x0, 0x0, 0x0, 0x0, 0x0, 0x9f, 0x90,
    0x0, 0x0, 0xb, 0xf7, 0x9f, 0x90, 0x0, 0x0,
    0xb, 0xf7, 0x9f, 0x90, 0x0, 0x0, 0xb, 0xf7,
    0x9f, 0x90, 0x0, 0x0, 0xb, 0xf7, 0x9f, 0x90,
    0x0, 0x0, 0xb, 0xf7, 0x9f, 0x90, 0x0, 0x0,
    0xb, 0xf7, 0x9f, 0x90, 0x0, 0x0, 0xb, 0xf7,
    0x9f, 0x90, 0x0, 0x0, 0xb, 0xf7, 0x9f, 0x90,
    0x0, 0x0, 0xb, 0xf7, 0x8f, 0xb0, 0x0, 0x0,
    0xd, 0xf6, 0x5f, 0xe1, 0x0, 0x0, 0x2f, 0xf3,
    0xe, 0xfc, 0x41, 0x15, 0xdf, 0xc0, 0x3, 0xef,
    0xff, 0xff, 0xfe, 0x20, 0x0, 0x18, 0xdf, 0xfd,
    0x80, 0x0,

    /* U+00DA "Ú" */
    0x0, 0x0, 0x0, 0xab, 0x20, 0x0, 0x0, 0x0,
    0x4, 0xfa, 0x0, 0x0, 0x0, 0x0, 0xc, 0xe1,
    0x0, 0x0, 0x0, 0x0, 0x0, 0x0, 0x0, 0x0,
    0x0, 0x0, 0x0, 0x0, 0x0, 0x0, 0x9f, 0x90,
    0x0, 0x0, 0xb, 0xf7, 0x9f, 0x90, 0x0, 0x0,
    0xb, 0xf7, 0x9f, 0x90, 0x0, 0x0, 0xb, 0xf7,
    0x9f, 0x90, 0x0, 0x0, 0xb, 0xf7, 0x9f, 0x90,
    0x0, 0x0, 0xb, 0xf7, 0x9f, 0x90, 0x0, 0x0,
    0xb, 0xf7, 0x9f, 0x90, 0x0, 0x0, 0xb, 0xf7,
    0x9f, 0x90, 0x0, 0x0, 0xb, 0xf7, 0x9f, 0x90,
    0x0, 0x0, 0xb, 0xf7, 0x8f, 0xb0, 0x0, 0x0,
    0xd, 0xf6, 0x5f, 0xe1, 0x0, 0x0, 0x2f, 0xf3,
    0xe, 0xfc, 0x41, 0x15, 0xdf, 0xc0, 0x3, 0xef,
    0xff, 0xff, 0xfe, 0x20, 0x0, 0x18, 0xdf, 0xfd,
    0x80, 0x0,

    /* U+00DB "Û" */
    0x0, 0x0, 0x7f, 0xf5, 0x0, 0x0, 0x0, 0x1,
    0xfc, 0xde, 0x0, 0x0, 0x0, 0xb, 0xe1, 0x2f,
    0x90, 0x0, 0x0, 0x0, 0x0, 0x0, 0x0, 0x0,
    0x0, 0x0, 0x0, 0x0, 0x0, 0x0, 0x9f, 0x90,
    0x0, 0x0, 0xb, 0xf7, 0x9f, 0x90, 0x0, 0x0,
    0xb, 0xf7, 0x9f, 0x90, 0x0, 0x0, 0xb, 0xf7,
    0x9f, 0x90, 0x0, 0x0, 0xb, 0xf7, 0x9f, 0x90,
    0x0, 0x0, 0xb, 0xf7, 0x9f, 0x90, 0x0, 0x0,
    0xb, 0xf7, 0x9f, 0x90, 0x0, 0x0, 0xb, 0xf7,
    0x9f, 0x90, 0x0, 0x0, 0xb, 0xf7, 0x9f, 0x90,
    0x0, 0x0, 0xb, 0xf7, 0x8f, 0xb0, 0x0, 0x0,
    0xd, 0xf6, 0x5f, 0xe1, 0x0, 0x0, 0x2f, 0xf3,
    0xe, 0xfc, 0x41, 0x15, 0xdf, 0xc0, 0x3, 0xef,
    0xff, 0xff, 0xfe, 0x20, 0x0, 0x18, 0xdf, 0xfd,
    0x80, 0x0,

    /* U+00DC "Ü" */
    0x0, 0x2, 0x20, 0x2, 0x20, 0x0, 0x0, 0xf,
    0xf2, 0x3f, 0xe0, 0x0, 0x0, 0xf, 0xf2, 0x3f,
    0xe0, 0x0, 0x0, 0x0, 0x0, 0x0, 0x0, 0x0,
    0x0, 0x0, 0x0, 0x0, 0x0, 0x0, 0x9f, 0x90,
    0x0, 0x0, 0xb, 0xf7, 0x9f, 0x90, 0x0, 0x0,
    0xb, 0xf7, 0x9f, 0x90, 0x0, 0x0, 0xb, 0xf7,
    0x9f, 0x90, 0x0, 0x0, 0xb, 0xf7, 0x9f, 0x90,
    0x0, 0x0, 0xb, 0xf7, 0x9f, 0x90, 0x0, 0x0,
    0xb, 0xf7, 0x9f, 0x90, 0x0, 0x0, 0xb, 0xf7,
    0x9f, 0x90, 0x0, 0x0, 0xb, 0xf7, 0x9f, 0x90,
    0x0, 0x0, 0xb, 0xf7, 0x8f, 0xb0, 0x0, 0x0,
    0xd, 0xf6, 0x5f, 0xe1, 0x0, 0x0, 0x2f, 0xf3,
    0xe, 0xfc, 0x41, 0x15, 0xdf, 0xc0, 0x3, 0xef,
    0xff, 0xff, 0xfe, 0x20, 0x0, 0x18, 0xdf, 0xfd,
    0x80, 0x0,

    /* U+00DD "Ý" */
    0x0, 0x0, 0x0, 0xa, 0xb2, 0x0, 0x0, 0x0,
    0x0, 0x0, 0x4f, 0xa0, 0x0, 0x0, 0x0, 0x0,
    0x0, 0xce, 0x10, 0x0, 0x0, 0x0, 0x0, 0x0,
    0x0, 0x0, 0x0, 0x0, 0x0, 0x0, 0x0, 0x0,
    0x0, 0x0, 0x0, 0xd, 0xfa, 0x0, 0x0, 0x0,
    0xbf, 0xb0, 0x3, 0xff, 0x30, 0x0, 0x5, 0xff,
    0x20, 0x0, 0xaf, 0xc0, 0x0, 0xd, 0xf8, 0x0,
    0x0, 0x1f, 0xf5, 0x0, 0x7f, 0xe0, 0x0, 0x0,
    0x7, 0xfe, 0x1, 0xff, 0x50, 0x0, 0x0, 0x0,
    0xdf, 0x8a, 0xfb, 0x0, 0x0, 0x0, 0x0, 0x4f,
    0xff, 0xf2, 0x0, 0x0, 0x0, 0x0, 0xa, 0xff,
    0x80, 0x0, 0x0, 0x0, 0x0, 0x2, 0xff, 0x0,
    0x0, 0x0, 0x0, 0x0, 0x2, 0xff, 0x0, 0x0,
    0x0, 0x0, 0x0, 0x2, 0xff, 0x0, 0x0, 0x0,
    0x0, 0x0, 0x2, 0xff, 0x0, 0x0, 0x0, 0x0,
    0x0, 0x2, 0xff, 0x0, 0x0, 0x0, 0x0, 0x0,
    0x2, 0xff, 0x0, 0x0, 0x0,

    /* U+00DE "Þ" */
    0x4f, 0xe0, 0x0, 0x0, 0x0, 0x4, 0xfe, 0x0,
    0x0, 0x0, 0x0, 0x4f, 0xff, 0xff, 0xeb, 0x40,
    0x4, 0xff, 0xff, 0xff, 0xff, 0x70, 0x4f, 0xe0,
    0x0, 0x2a, 0xff, 0x24, 0xfe, 0x0, 0x0, 0xd,
    0xf7, 0x4f, 0xe0, 0x0, 0x0, 0xbf, 0x84, 0xfe,
    0x0, 0x0, 0xd, 0xf7, 0x4f, 0xe0, 0x0, 0x2a,
    0xff, 0x24, 0xff, 0xff, 0xff, 0xff, 0x70, 0x4f,
    0xff, 0xff, 0xeb, 0x40, 0x4, 0xfe, 0x0, 0x0,
    0x0, 0x0, 0x4f, 0xe0, 0x0, 0x0, 0x0, 0x4,
    0xfe, 0x0, 0x0, 0x0, 0x0,

    /* U+00DF "ß" */
    0x0, 0x5b, 0xef, 0xd8, 0x0, 0x0, 0x7f, 0xff,
    0xff, 0xfd, 0x0, 0x1f, 0xf8, 0x0, 0x2e, 0xf6,
    0x6, 0xfd, 0x0, 0x0, 0x9f, 0x80, 0x7f, 0xa0,
    0x0, 0x3e, 0xf6, 0x8, 0xfa, 0xc, 0xff, 0xfd,
    0x0, 0x8f, 0xa0, 0xdf, 0xfd, 0x20, 0x8, 0xfa,
    0x0, 0x3, 0xbf, 0x50, 0x8f, 0xa0, 0x0, 0x0,
    0xef, 0x18, 0xfa, 0x0, 0x0, 0xc, 0xf6, 0x8f,
    0xa0, 0x0, 0x0, 0xef, 0x68, 0xfa, 0x0, 0x1,
    0xaf, 0xf2, 0x8f, 0xa0, 0xef, 0xff, 0xf8, 0x8,
    0xfa, 0xf, 0xfe, 0xb4, 0x0,

    /* U+00E0 "à" */
    0x0, 0x8, 0xf9, 0x0, 0x0, 0x0, 0x0, 0xd,
    0xf1, 0x0, 0x0, 0x0, 0x0, 0x3b, 0x50, 0x0,
    0x0, 0x1, 0x9d, 0xfe, 0xa3, 0x0, 0x1, 0xef,
    0xfd, 0xff, 0xf3, 0x0, 0xaf, 0xb0, 0x0, 0xbf,
    0xb0, 0x7, 0x82, 0x0, 0x3, 0xff, 0x0, 0x0,
    0x2, 0x58, 0xbf, 0xf0, 0x0, 0x7d, 0xff, 0xfe,
    0xff, 0x0, 0xaf, 0xd7, 0x30, 0x1f, 0xf0, 0xf,
    0xf2, 0x0, 0x5, 0xff, 0x1, 0xff, 0x30, 0x2,
    0xdf, 0xf1, 0xb, 0xff, 0xbc, 0xfc, 0xdf, 0xe0,
    0x19, 0xef, 0xe8, 0x5, 0xdd,

    /* U+00E1 "á" */
    0x0, 0x0, 0x3, 0xfd, 0x0, 0x0, 0x0, 0x0,
    0xbf, 0x30, 0x0, 0x0, 0x0, 0x1b, 0x70, 0x0,
    0x0, 0x1, 0x9d, 0xfe, 0xa3, 0x0, 0x1, 0xef,
    0xfd, 0xff, 0xf3, 0x0, 0xaf, 0xb0, 0x0, 0xbf,
    0xb0, 0x7, 0x82, 0x0, 0x3, 0xff, 0x0, 0x0,
    0x2, 0x58, 0xbf, 0xf0, 0x0, 0x7d, 0xff, 0xfe,
    0xff, 0x0, 0xaf, 0xd7, 0x30, 0x1f, 0xf0, 0xf,
    0xf2, 0x0, 0x5, 0xff, 0x1, 0xff, 0x30, 0x2,
    0xdf, 0xf1, 0xb, 0xff, 0xbc, 0xfc, 0xdf, 0xe0,
    0x19, 0xef, 0xe8, 0x5, 0xdd,

    /* U+00E2 "â" */
    0x0, 0x0, 0xbf, 0xf2, 0x0, 0x0, 0x0, 0x5f,
    0xaf, 0xb0, 0x0, 0x0, 0xe, 0xb0, 0x5f, 0x50,
    0x0, 0x0, 0x0, 0x0, 0x0, 0x0, 0x0, 0x19,
    0xdf, 0xea, 0x30, 0x0, 0x1e, 0xff, 0xdf, 0xff,
    0x30, 0xa, 0xfb, 0x0, 0xb, 0xfb, 0x0, 0x78,
    0x20, 0x0, 0x3f, 0xf0, 0x0, 0x0, 0x25, 0x8b,
    0xff, 0x0, 0x7, 0xdf, 0xff, 0xef, 0xf0, 0xa,
    0xfd, 0x73, 0x1, 0xff, 0x0, 0xff, 0x20, 0x0,
    0x5f, 0xf0, 0x1f, 0xf3, 0x0, 0x2d, 0xff, 0x10,
    0xbf, 0xfb, 0xcf, 0xcd, 0xfe, 0x1, 0x9e, 0xfe,
    0x80, 0x5d, 0xd0,

    /* U+00E3 "ã" */
    0x0, 0x0, 0x0, 0x10, 0x0, 0x0, 0x3, 0xdf,
    0xff, 0xfa, 0x0, 0x0, 0x24, 0x55, 0x43, 0x0,
    0x0, 0x0, 0x0, 0x0, 0x0, 0x0, 0x0, 0x19,
    0xdf, 0xea, 0x30, 0x0, 0x1e, 0xff, 0xdf, 0xff,
    0x30, 0xa, 0xfb, 0x0, 0xb, 0xfb, 0x0, 0x78,
    0x20, 0x0, 0x3f, 0xf0, 0x0, 0x0, 0x25, 0x8b,
    0xff, 0x0, 0x7, 0xdf, 0xff, 0xef, 0xf0, 0xa,
    0xfd, 0x73, 0x1, 0xff, 0x0, 0xff, 0x20, 0x0,
    0x5f, 0xf0, 0x1f, 0xf3, 0x0, 0x2d, 0xff, 0x10,
    0xbf, 0xfb, 0xcf, 0xcd, 0xfe, 0x1, 0x9e, 0xfe,
    0x80, 0x5d, 0xd0,

    /* U+00E4 "ä" */
    0x0, 0x3f, 0xe0, 0x8f, 0xa0, 0x0, 0x3, 0xfe,
    0x8, 0xfa, 0x0, 0x0, 0x2, 0x20, 0x12, 0x10,
    0x0, 0x1, 0x9d, 0xfe, 0xa3, 0x0, 0x1, 0xef,
    0xfd, 0xff, 0xf3, 0x0, 0xaf, 0xb0, 0x0, 0xbf,
    0xb0, 0x7, 0x82, 0x0, 0x3, 0xff, 0x0, 0x0,
    0x2, 0x58, 0xbf, 0xf0, 0x0, 0x7d, 0xff, 0xfe,
    0xff, 0x0, 0xaf, 0xd7, 0x30, 0x1f, 0xf0, 0xf,
    0xf2, 0x0, 0x5, 0xff, 0x1, 0xff, 0x30, 0x2,
    0xdf, 0xf1, 0xb, 0xff, 0xbc, 0xfc, 0xdf, 0xe0,
    0x19, 0xef, 0xe8, 0x5, 0xdd,

    /* U+00E5 "å" */
    0x0, 0x0, 0x7e, 0xb0, 0x0, 0x0, 0x0, 0x1f,
    0x4c, 0x70, 0x0, 0x0, 0x2, 0xf1, 0xa8, 0x0,
    0x0, 0x0, 0xa, 0xfe, 0x10, 0x0, 0x0, 0x0,
    0x1, 0x0, 0x0, 0x0, 0x1, 0x9d, 0xfe, 0xa3,
    0x0, 0x1, 0xef, 0xfd, 0xff, 0xf3, 0x0, 0xaf,
    0xb0, 0x0, 0xbf, 0xb0, 0x7, 0x82, 0x0, 0x3,
    0xff, 0x0, 0x0, 0x2, 0x58, 0xbf, 0xf0, 0x0,
    0x7d, 0xff, 0xfe, 0xff, 0x0, 0xaf, 0xd7, 0x30,
    0x1f, 0xf0, 0xf, 0xf2, 0x0, 0x5, 0xff, 0x1,
    0xff, 0x30, 0x2, 0xdf, 0xf1, 0xb, 0xff, 0xbc,
    0xfc, 0xdf, 0xe0, 0x19, 0xef, 0xe8, 0x5, 0xdd,

    /* U+00E6 "æ" */
    0x0, 0x19, 0xdf, 0xea, 0x30, 0x5c, 0xfe, 0xb4,
    0x0, 0x1, 0xef, 0xfd, 0xff, 0xfd, 0xff, 0xee,
    0xff, 0x70, 0xa, 0xfb, 0x0, 0xa, 0xff, 0xe3,
    0x0, 0x5f, 0xf2, 0x5, 0x61, 0x0, 0x3, 0xff,
    0x60, 0x0, 0xa, 0xf8, 0x0, 0x0, 0x46, 0x8b,
    0xff, 0xba, 0xaa, 0xac, 0xfb, 0x1, 0xaf, 0xff,
    0xff, 0xff, 0xff, 0xff, 0xff, 0xfc, 0xc, 0xfc,
    0x52, 0x1, 0xff, 0x30, 0x0, 0x0, 0x0, 0x1f,
    0xf2, 0x0, 0x4, 0xff, 0x70, 0x0, 0x4, 0x63,
    0x1f, 0xf4, 0x0, 0x1d, 0xff, 0xf3, 0x0, 0x2f,
    0xf3, 0xc, 0xff, 0xcb, 0xff, 0x39, 0xff, 0xcc,
    0xff, 0x80, 0x1, 0x8d, 0xfe, 0xa2, 0x0, 0x6c,
    0xfe, 0xc5, 0x0,

    /* U+00E7 "ç" */
    0x0, 0x6, 0xcf, 0xfc, 0x50, 0x0, 0xb, 0xff,
    0xef, 0xff, 0x90, 0x7, 0xff, 0x40, 0x6, 0xff,
    0x30, 0xdf, 0x70, 0x0, 0xa, 0xe7, 0xf, 0xf2,
    0x0, 0x0, 0x0, 0x2, 0xff, 0x10, 0x0, 0x0,
    0x0, 0xf, 0xf2, 0x0, 0x0, 0x1, 0x0, 0xdf,
    0x70, 0x0, 0xb, 0xf7, 0x7, 0xff, 0x40, 0x6,
    0xff, 0x20, 0xb, 0xff, 0xff, 0xff, 0x70, 0x0,
    0x6, 0xcf, 0xfb, 0x40, 0x0, 0x0, 0x3, 0xf9,
    0x10, 0x0, 0x0, 0x0, 0x5, 0xbd, 0x0, 0x0,
    0x0, 0x59, 0x17, 0xf0, 0x0, 0x0, 0x3, 0xef,
    0xf7, 0x0, 0x0, 0x0, 0x0, 0x21, 0x0, 0x0,

    /* U+00E8 "è" */
    0x0, 0x5, 0xfc, 0x0, 0x0, 0x0, 0x0, 0xa,
    0xf4, 0x0, 0x0, 0x0, 0x0, 0x1b, 0x70, 0x0,
    0x0, 0x0, 0x7d, 0xfe, 0xb3, 0x0, 0x0, 0xbf,
    0xfd, 0xef, 0xf5, 0x0, 0x7f, 0xd2, 0x0, 0x6f,
    0xe1, 0xd, 0xf4, 0x0, 0x0, 0xcf, 0x60, 0xff,
    0xaa, 0xaa, 0xad, 0xf9, 0x2f, 0xff, 0xff, 0xff,
    0xff, 0xa0, 0xff, 0x20, 0x0, 0x0, 0x0, 0xd,
    0xf6, 0x0, 0x0, 0x56, 0x20, 0x7f, 0xe3, 0x0,
    0x5f, 0xf1, 0x0, 0xbf, 0xfe, 0xef, 0xf6, 0x0,
    0x0, 0x7d, 0xfe, 0xb3, 0x0,

    /* U+00E9 "é" */
    0x0, 0x0, 0x1, 0xff, 0x20, 0x0, 0x0, 0x0,
    0x7f, 0x60, 0x0, 0x0, 0x0, 0xa, 0x90, 0x0,
    0x0, 0x0, 0x7d, 0xfe, 0xb3, 0x0, 0x0, 0xbf,
    0xfd, 0xef, 0xf5, 0x0, 0x7f, 0xd2, 0x0, 0x6f,
    0xe1, 0xd, 0xf4, 0x0, 0x0, 0xcf, 0x60, 0xff,
    0xaa, 0xaa, 0xad, 0xf9, 0x2f, 0xff, 0xff, 0xff,
    0xff, 0xa0, 0xff, 0x20, 0x0, 0x0, 0x0, 0xd,
    0xf6, 0x0, 0x0, 0x56, 0x20, 0x7f, 0xe3, 0x0,
    0x5f, 0xf1, 0x0, 0xbf, 0xfe, 0xef, 0xf6, 0x0,
    0x0, 0x7d, 0xfe, 0xb3, 0x0,

    /* U+00EA "ê" */
    0x0, 0x0, 0xac, 0xe6, 0x0, 0x0, 0x0, 0x9e,
    0x13, 0xf5, 0x0, 0x0, 0x0, 0x0, 0x0, 0x0,
    0x0, 0x0, 0x7d, 0xfe, 0xb3, 0x0, 0x0, 0xbf,
    0xfd, 0xef, 0xf5, 0x0, 0x7f, 0xd2, 0x0, 0x6f,
    0xe1, 0xd, 0xf4, 0x0, 0x0, 0xcf, 0x60, 0xff,
    0xaa, 0xaa, 0xad, 0xf9, 0x2f, 0xff, 0xff, 0xff,
    0xff, 0xa0, 0xff, 0x20, 0x0, 0x0, 0x0, 0xd,
    0xf6, 0x0, 0x0, 0x56, 0x20, 0x7f, 0xe3, 0x0,
    0x5f, 0xf1, 0x0, 0xbf, 0xfe, 0xef, 0xf6, 0x0,
    0x0, 0x7d, 0xfe, 0xb3, 0x0,

    /* U+00EB "ë" */
    0x0, 0xf, 0xf1, 0x4f, 0xd0, 0x0, 0x0, 0xff,
    0x14, 0xfd, 0x0, 0x0, 0x2, 0x20, 0x2, 0x10,
    0x0, 0x0, 0x7d, 0xfe, 0xb3, 0x0, 0x0, 0xbf,
    0xfd, 0xef, 0xf5, 0x0, 0x7f, 0xd2, 0x0, 0x6f,
    0xe1, 0xd, 0xf4, 0x0, 0x0, 0xcf, 0x60, 0xff,
    0xaa, 0xaa, 0xad, 0xf9, 0x2f, 0xff, 0xff, 0xff,
    0xff, 0xa0, 0xff, 0x20, 0x0, 0x0, 0x0, 0xd,
    0xf6, 0x0, 0x0, 0x56, 0x20, 0x7f, 0xe3, 0x0,
    0x5f, 0xf1, 0x0, 0xbf, 0xfe, 0xef, 0xf6, 0x0,
    0x0, 0x7d, 0xfe, 0xb3, 0x0,

    /* U+00EC "ì" */
    0x9f, 0x70, 0x1e, 0xe0, 0x4, 0xb3, 0x8, 0xfa,
    0x8, 0xfa, 0x8, 0xfa, 0x8, 0xfa, 0x8, 0xfa,
    0x8, 0xfa, 0x8, 0xfa, 0x8, 0xfa, 0x8, 0xfa,
    0x8, 0xfa, 0x8, 0xfa,

    /* U+00ED "í" */
    0x5, 0xfc, 0x0, 0xdf, 0x20, 0x2b, 0x50, 0x8,
    0xfa, 0x0, 0x8f, 0xa0, 0x8, 0xfa, 0x0, 0x8f,
    0xa0, 0x8, 0xfa, 0x0, 0x8f, 0xa0, 0x8, 0xfa,
    0x0, 0x8f, 0xa0, 0x8, 0xfa, 0x0, 0x8f, 0xa0,
    0x8, 0xfa, 0x0,

    /* U+00EE "î" */
    0x0, 0xdf, 0xe1, 0x0, 0x8f, 0x9f, 0xa0, 0x1d,
    0x70, 0x6d, 0x30, 0x0, 0x0, 0x0, 0x0, 0x8f,
    0xa0, 0x0, 0x8, 0xfa, 0x0, 0x0, 0x8f, 0xa0,
    0x0, 0x8, 0xfa, 0x0, 0x0, 0x8f, 0xa0, 0x0,
    0x8, 0xfa, 0x0, 0x0, 0x8f, 0xa0, 0x0, 0x8,
    0xfa, 0x0, 0x0, 0x8f, 0xa0, 0x0, 0x8, 0xfa,
    0x0, 0x0, 0x8f, 0xa0, 0x0,

    /* U+00EF "ï" */
    0xbf, 0x4f, 0xdb, 0xf4, 0xfd, 0x12, 0x2, 0x20,
    0x8f, 0xa0, 0x8, 0xfa, 0x0, 0x8f, 0xa0, 0x8,
    0xfa, 0x0, 0x8f, 0xa0, 0x8, 0xfa, 0x0, 0x8f,
    0xa0, 0x8, 0xfa, 0x0, 0x8f, 0xa0, 0x8, 0xfa,
    0x0, 0x8f, 0xa0,

    /* U+00F0 "ð" */
    0x0, 0x1, 0x74, 0x0, 0x0, 0x0, 0x0, 0x7,
    0xff, 0xe6, 0x6c, 0xd0, 0x0, 0x1, 0x4d, 0xff,
    0xfb, 0x50, 0x0, 0x0, 0x9f, 0xff, 0xf6, 0x0,
    0x0, 0x0, 0x33, 0x2, 0xfe, 0x0, 0x0, 0x8,
    0xdf, 0xea, 0xdf, 0x40, 0x1, 0xdf, 0xfe, 0xff,
    0xff, 0x90, 0x9, 0xfe, 0x30, 0x5, 0xff, 0xf0,
    0xf, 0xf5, 0x0, 0x0, 0xaf, 0xf0, 0x1f, 0xf1,
    0x0, 0x0, 0x5f, 0xf0, 0x1f, 0xf1, 0x0, 0x0,
    0x5f, 0xd0, 0xf, 0xf5, 0x0, 0x0, 0x9f, 0xb0,
    0x9, 0xfe, 0x30, 0x5, 0xff, 0x50, 0x1, 0xdf,
    0xfe, 0xff, 0xfa, 0x0, 0x0, 0x8, 0xdf, 0xfc,
    0x60, 0x0,

    /* U+00F1 "ñ" */
    0x0, 0x0, 0x0, 0x0, 0x0, 0x1, 0xbf, 0xff,
    0xfd, 0x0, 0x1, 0x45, 0x54, 0x30, 0x0, 0x0,
    0x0, 0x0, 0x0, 0x0, 0x8f, 0x74, 0xcf, 0xe8,
    0x0, 0x8f, 0xaf, 0xed, 0xff, 0x90, 0x8f, 0xf7,
    0x0, 0x6f, 0xf1, 0x8f, 0xd0, 0x0, 0xe, 0xf4,
    0x8f, 0xa0, 0x0, 0xd, 0xf4, 0x8f, 0xa0, 0x0,
    0xc, 0xf5, 0x8f, 0xa0, 0x0, 0xc, 0xf5, 0x8f,
    0xa0, 0x0, 0xc, 0xf5, 0x8f, 0xa0, 0x0, 0xc,
    0xf5, 0x8f, 0xa0, 0x0, 0xc, 0xf5, 0x8f, 0xa0,
    0x0, 0xc, 0xf5,

    /* U+00F2 "ò" */
    0x0, 0x4, 0xfc, 0x0, 0x0, 0x0, 0x0, 0xa,
    0xf4, 0x0, 0x0, 0x0, 0x0, 0x1a, 0x70, 0x0,
    0x0, 0x0, 0x6c, 0xfe, 0xb4, 0x0, 0x0, 0xbf,
    0xfe, 0xff, 0xf7, 0x0, 0x7f, 0xf4, 0x0, 0x7f,
    0xf3, 0xd, 0xf7, 0x0, 0x0, 0xbf, 0x90, 0xff,
    0x20, 0x0, 0x6, 0xfd, 0x2f, 0xf1, 0x0, 0x0,
    0x5f, 0xe0, 0xff, 0x20, 0x0, 0x6, 0xfd, 0xd,
    0xf7, 0x0, 0x0, 0xbf, 0x90, 0x7f, 0xf4, 0x0,
    0x7f, 0xf3, 0x0, 0xbf, 0xff, 0xff, 0xf7, 0x0,
    0x0, 0x6c, 0xfe, 0xb4, 0x0,

    /* U+00F3 "ó" */
    0x0, 0x0, 0x1, 0xff, 0x20, 0x0, 0x0, 0x0,
    0x8f, 0x60, 0x0, 0x0, 0x0, 0xa, 0x90, 0x0,
    0x0, 0x0, 0x6c, 0xfe, 0xb4, 0x0, 0x0, 0xbf,
    0xfe, 0xff, 0xf7, 0x0, 0x7f, 0xf4, 0x0, 0x7f,
    0xf3, 0xd, 0xf7, 0x0, 0x0, 0xbf, 0x90, 0xff,
    0x20, 0x0, 0x6, 0xfd, 0x2f, 0xf1, 0x0, 0x0,
    0x5f, 0xe0, 0xff, 0x20, 0x0, 0x6, 0xfd, 0xd,
    0xf7, 0x0, 0x0, 0xbf, 0x90, 0x7f, 0xf4, 0x0,
    0x7f, 0xf3, 0x0, 0xbf, 0xff, 0xff, 0xf7, 0x0,
    0x0, 0x6c, 0xfe, 0xb4, 0x0,

    /* U+00F4 "ô" */
    0x0, 0x0, 0x8f, 0xf4, 0x0, 0x0, 0x0, 0x2f,
    0xcd, 0xd0, 0x0, 0x0, 0xb, 0xd1, 0x3f, 0x80,
    0x0, 0x0, 0x0, 0x0, 0x0, 0x0, 0x0, 0x6,
    0xcf, 0xeb, 0x40, 0x0, 0xb, 0xff, 0xef, 0xff,
    0x70, 0x7, 0xff, 0x40, 0x7, 0xff, 0x30, 0xdf,
    0x70, 0x0, 0xb, 0xf9, 0xf, 0xf2, 0x0, 0x0,
    0x6f, 0xd2, 0xff, 0x10, 0x0, 0x5, 0xfe, 0xf,
    0xf2, 0x0, 0x0, 0x6f, 0xd0, 0xdf, 0x70, 0x0,
    0xb, 0xf9, 0x7, 0xff, 0x40, 0x7, 0xff, 0x30,
    0xb, 0xff, 0xff, 0xff, 0x70, 0x0, 0x6, 0xcf,
    0xeb, 0x40, 0x0,

    /* U+00F5 "õ" */
    0x0, 0x0, 0x0, 0x0, 0x0, 0x0, 0x1, 0xcf,
    0xff, 0xfd, 0x0, 0x0, 0x14, 0x55, 0x43, 0x0,
    0x0, 0x0, 0x0, 0x0, 0x0, 0x0, 0x0, 0x6,
    0xcf, 0xeb, 0x40, 0x0, 0xb, 0xff, 0xef, 0xff,
    0x70, 0x7, 0xff, 0x40, 0x7, 0xff, 0x30, 0xdf,
    0x70, 0x0, 0xb, 0xf9, 0xf, 0xf2, 0x0, 0x0,
    0x6f, 0xd2, 0xff, 0x10, 0x0, 0x5, 0xfe, 0xf,
    0xf2, 0x0, 0x0, 0x6f, 0xd0, 0xdf, 0x70, 0x0,
    0xb, 0xf9, 0x7, 0xff, 0x40, 0x7, 0xff, 0x30,
    0xb, 0xff, 0xff, 0xff, 0x70, 0x0, 0x6, 0xcf,
    0xeb, 0x40, 0x0,

    /* U+00F6 "ö" */
    0x0, 0xf, 0xf1, 0x4f, 0xd0, 0x0, 0x0, 0xff,
    0x14, 0xfd, 0x0, 0x0, 0x2, 0x20, 0x2, 0x20,
    0x0, 0x0, 0x6c, 0xfe, 0xb4, 0x0, 0x0, 0xbf,
    0xfe, 0xff, 0xf7, 0x0, 0x7f, 0xf4, 0x0, 0x7f,
    0xf3, 0xd, 0xf7, 0x0, 0x0, 0xbf, 0x90, 0xff,
    0x20, 0x0, 0x6, 0xfd, 0x2f, 0xf1, 0x0, 0x0,
    0x5f, 0xe0, 0xff, 0x20, 0x0, 0x6, 0xfd, 0xd,
    0xf7, 0x0, 0x0, 0xbf, 0x90, 0x7f, 0xf4, 0x0,
    0x7f, 0xf3, 0x0, 0xbf, 0xff, 0xff, 0xf7, 0x0,
    0x0, 0x6c, 0xfe, 0xb4, 0x0,

    /* U+00F7 "÷" */
    0x0, 0x0, 0x8f, 0x70, 0x0, 0x0, 0x0, 0xe,
    0xfd, 0x0, 0x0, 0x0, 0x0, 0x5b, 0x40, 0x0,
    0x0, 0x0, 0x0, 0x0, 0x0, 0x0, 0x2d, 0xdd,
    0xdd, 0xdd, 0xdd, 0x23, 0xff, 0xff, 0xff, 0xff,
    0xf2, 0x0, 0x0, 0x0, 0x0, 0x0, 0x0, 0x0,
    0x5, 0xb5, 0x0, 0x0, 0x0, 0x0, 0xef, 0xd0,
    0x0, 0x0, 0x0, 0x8, 0xf7, 0x0, 0x0,

    /* U+00F8 "ø" */
    0x0, 0x6, 0xcf, 0xeb, 0xbf, 0x30, 0xb, 0xff,
    0xef, 0xff, 0xf0, 0x7, 0xff, 0x40, 0xf, 0xff,
    0x30, 0xdf, 0x70, 0x8, 0xfd, 0xf9, 0xf, 0xf2,
    0x3, 0xf6, 0x6f, 0xd2, 0xff, 0x10, 0xda, 0x5,
    0xfe, 0xf, 0xf2, 0x9e, 0x10, 0x6f, 0xd0, 0xdf,
    0xcf, 0x40, 0xb, 0xf9, 0x7, 0xff, 0xe0, 0x7,
    0xff, 0x30, 0xf, 0xff, 0xff, 0xff, 0x70, 0x6,
    0xfa, 0xcf, 0xeb, 0x40, 0x0,

    /* U+00F9 "ù" */
    0x0, 0x6f, 0xb0, 0x0, 0x0, 0x0, 0xb, 0xf3,
    0x0, 0x0, 0x0, 0x1, 0xb6, 0x0, 0x0, 0x8f,
    0xa0, 0x0, 0xe, 0xf3, 0x8f, 0xa0, 0x0, 0xe,
    0xf3, 0x8f, 0xa0, 0x0, 0xe, 0xf3, 0x8f, 0xa0,
    0x0, 0xe, 0xf3, 0x8f, 0xa0, 0x0, 0xe, 0xf3,
    0x8f, 0xa0, 0x0, 0xe, 0xf3, 0x7f, 0xa0, 0x0,
    0xf, 0xf3, 0x6f, 0xc0, 0x0, 0x1f, 0xf3, 0x4f,
    0xf3, 0x0, 0xaf, 0xf3, 0xc, 0xff, 0xdf, 0xdd,
    0xf3, 0x1, 0xaf, 0xea, 0x1c, 0xf3,

    /* U+00FA "ú" */
    0x0, 0x0, 0x2f, 0xe1, 0x0, 0x0, 0x0, 0x9f,
    0x50, 0x0, 0x0, 0x0, 0xa8, 0x0, 0x0, 0x8f,
    0xa0, 0x0, 0xe, 0xf3, 0x8f, 0xa0, 0x0, 0xe,
    0xf3, 0x8f, 0xa0, 0x0, 0xe, 0xf3, 0x8f, 0xa0,
    0x0, 0xe, 0xf3, 0x8f, 0xa0, 0x0, 0xe, 0xf3,
    0x8f, 0xa0, 0x0, 0xe, 0xf3, 0x7f, 0xa0, 0x0,
    0xf, 0xf3, 0x6f, 0xc0, 0x0, 0x1f, 0xf3, 0x4f,
    0xf3, 0x0, 0xaf, 0xf3, 0xc, 0xff, 0xdf, 0xdd,
    0xf3, 0x1, 0xaf, 0xea, 0x1c, 0xf3,

    /* U+00FB "û" */
    0x0, 0x9, 0xff, 0x30, 0x0, 0x0, 0x4f, 0xae,
    0xd0, 0x0, 0x0, 0xba, 0x3, 0xd6, 0x0, 0x0,
    0x0, 0x0, 0x0, 0x0, 0x8f, 0xa0, 0x0, 0xe,
    0xf3, 0x8f, 0xa0, 0x0, 0xe, 0xf3, 0x8f, 0xa0,
    0x0, 0xe, 0xf3, 0x8f, 0xa0, 0x0, 0xe, 0xf3,
    0x8f, 0xa0, 0x0, 0xe, 0xf3, 0x8f, 0xa0, 0x0,
    0xe, 0xf3, 0x7f, 0xa0, 0x0, 0xf, 0xf3, 0x6f,
    0xc0, 0x0, 0x1f, 0xf3, 0x4f, 0xf3, 0x0, 0xaf,
    0xf3, 0xc, 0xff, 0xdf, 0xdd, 0xf3, 0x1, 0xaf,
    0xea, 0x1c, 0xf3,

    /* U+00FC "ü" */
    0x2, 0xff, 0x6, 0xfb, 0x0, 0x2, 0xff, 0x6,
    0xfb, 0x0, 0x0, 0x22, 0x1, 0x21, 0x0, 0x8f,
    0xa0, 0x0, 0xe, 0xf3, 0x8f, 0xa0, 0x0, 0xe,
    0xf3, 0x8f, 0xa0, 0x0, 0xe, 0xf3, 0x8f, 0xa0,
    0x0, 0xe, 0xf3, 0x8f, 0xa0, 0x0, 0xe, 0xf3,
    0x8f, 0xa0, 0x0, 0xe, 0xf3, 0x7f, 0xa0, 0x0,
    0xf, 0xf3, 0x6f, 0xc0, 0x0, 0x1f, 0xf3, 0x4f,
    0xf3, 0x0, 0xaf, 0xf3, 0xc, 0xff, 0xdf, 0xdd,
    0xf3, 0x1, 0xaf, 0xea, 0x1c, 0xf3,

    /* U+00FD "ý" */
    0x0, 0x0, 0x6, 0xfb, 0x0, 0x0, 0x0, 0x0,
    0xdf, 0x20, 0x0, 0x0, 0x0, 0x2b, 0x50, 0x0,
    0x6, 0xfd, 0x0, 0x0, 0xc, 0xf7, 0x1f, 0xf2,
    0x0, 0x1, 0xff, 0x10, 0xbf, 0x80, 0x0, 0x6f,
    0xc0, 0x5, 0xfd, 0x0, 0xb, 0xf6, 0x0, 0xf,
    0xf2, 0x0, 0xff, 0x10, 0x0, 0xaf, 0x70, 0x5f,
    0xb0, 0x0, 0x4, 0xfc, 0xa, 0xf6, 0x0, 0x0,
    0xe, 0xf2, 0xff, 0x0, 0x0, 0x0, 0x9f, 0xbf,
    0xa0, 0x0, 0x0, 0x3, 0xff, 0xf5, 0x0, 0x0,
    0x0, 0xe, 0xff, 0x0, 0x0, 0x0, 0x0, 0x5f,
    0xa0, 0x0, 0x0, 0xa, 0xcf, 0xf3, 0x0, 0x0,
    0x0, 0xef, 0xe7, 0x0, 0x0, 0x0,

    /* U+00FE "þ" */
    0x8f, 0xa0, 0x0, 0x0, 0x0, 0x8, 0xfa, 0x0,
    0x0, 0x0, 0x0, 0x8f, 0xa0, 0x0, 0x0, 0x0,
    0x8, 0xfa, 0x5d, 0xfe, 0x91, 0x0, 0x8f, 0xef,
    0xfe, 0xff, 0xd1, 0x8, 0xff, 0x90, 0x2, 0xef,
    0x90, 0x8f, 0xd0, 0x0, 0x5, 0xff, 0x8, 0xf9,
    0x0, 0x0, 0xf, 0xf2, 0x8f, 0x80, 0x0, 0x0,
    0xff, 0x38, 0xf9, 0x0, 0x0, 0xf, 0xf2, 0x8f,
    0xe0, 0x0, 0x5, 0xff, 0x8, 0xff, 0xa1, 0x3,
    0xef, 0x90, 0x8f, 0xef, 0xff, 0xff, 0xd1, 0x8,
    0xfa, 0x5d, 0xfe, 0x91, 0x0, 0x8f, 0xa0, 0x0,
    0x0, 0x0, 0x8, 0xfa, 0x0, 0x0, 0x0, 0x0,
    0x8f, 0xa0, 0x0, 0x0, 0x0, 0x0,

    /* U+00FF "ÿ" */
    0x0, 0x6f, 0xb0, 0xaf, 0x80, 0x0, 0x6, 0xfb,
    0xa, 0xf8, 0x0, 0x0, 0x2, 0x10, 0x12, 0x10,
    0x6, 0xfd, 0x0, 0x0, 0xc, 0xf7, 0x1f, 0xf2,
    0x0, 0x1, 0xff, 0x10, 0xbf, 0x80, 0x0, 0x6f,
    0xc0, 0x5, 0xfd, 0x0, 0xb, 0xf6, 0x0, 0xf,
    0xf2, 0x0, 0xff, 0x10, 0x0, 0xaf, 0x70, 0x5f,
    0xb0, 0x0, 0x4, 0xfc, 0xa, 0xf6, 0x0, 0x0,
    0xe, 0xf2, 0xff, 0x0, 0x0, 0x0, 0x9f, 0xbf,
    0xa0, 0x0, 0x0, 0x3, 0xff, 0xf5, 0x0, 0x0,
    0x0, 0xe, 0xff, 0x0, 0x0, 0x0, 0x0, 0x5f,
    0xa0, 0x0, 0x0, 0xa, 0xcf, 0xf3, 0x0, 0x0,
    0x0, 0xef, 0xe7, 0x0, 0x0, 0x0,

    /* U+0100 "Ā" */
    0x0, 0x0, 0xab, 0xbb, 0xb7, 0x0, 0x0, 0x0,
    0x0, 0xef, 0xff, 0xfb, 0x0, 0x0, 0x0, 0x0,
    0x0, 0x0, 0x0, 0x0, 0x0, 0x0, 0x0, 0x0,
    0x0, 0x0, 0x0, 0x0, 0x0, 0x0, 0xa, 0xff,
    0x70, 0x0, 0x0, 0x0, 0x0, 0x1f, 0xff, 0xc0,
    0x0, 0x0, 0x0, 0x0, 0x6f, 0xae, 0xf2, 0x0,
    0x0, 0x0, 0x0, 0xcf, 0x48, 0xf8, 0x0, 0x0,
    0x0, 0x2, 0xfe, 0x2, 0xfe, 0x0, 0x0, 0x0,
    0x7, 0xf9, 0x0, 0xdf, 0x40, 0x0, 0x0, 0xd,
    0xf3, 0x0, 0x7f, 0xa0, 0x0, 0x0, 0x3f, 0xd0,
    0x0, 0x1f, 0xf0, 0x0, 0x0, 0x9f, 0xff, 0xff,
    0xff, 0xf5, 0x0, 0x0, 0xef, 0xff, 0xff, 0xff,
    0xfb, 0x0, 0x5, 0xfd, 0x0, 0x0, 0x1, 0xff,
    0x10, 0xa, 0xf8, 0x0, 0x0, 0x0, 0xbf, 0x70,
    0x1f, 0xf2, 0x0, 0x0, 0x0, 0x6f, 0xd0, 0x6f,
    0xd0, 0x0, 0x0, 0x0, 0x1f, 0xf3,

    /* U+0101 "ā" */
    0x0, 0x1f, 0xff, 0xff, 0x70, 0x0, 0x1, 0xbb,
    0xbb, 0xb5, 0x0, 0x0, 0x0, 0x0, 0x0, 0x0,
    0x0, 0x1, 0x9d, 0xfe, 0xa3, 0x0, 0x1, 0xef,
    0xfd, 0xff, 0xf3, 0x0, 0xaf, 0xb0, 0x0, 0xbf,
    0xb0, 0x7, 0x82, 0x0, 0x3, 0xff, 0x0, 0x0,
    0x2, 0x58, 0xbf, 0xf0, 0x0, 0x7d, 0xff, 0xfe,
    0xff, 0x0, 0xaf, 0xd7, 0x30, 0x1f, 0xf0, 0xf,
    0xf2, 0x0, 0x5, 0xff, 0x1, 0xff, 0x30, 0x2,
    0xdf, 0xf1, 0xb, 0xff, 0xbc, 0xfc, 0xdf, 0xe0,
    0x19, 0xef, 0xe8, 0x5, 0xdd,

    /* U+0102 "Ă" */
    0x0, 0x0, 0x73, 0x0, 0x55, 0x0, 0x0, 0x0,
    0x0, 0xcc, 0x23, 0xe8, 0x0, 0x0, 0x0, 0x0,
    0x3e, 0xff, 0xc1, 0x0, 0x0, 0x0, 0x0, 0x0,
    0x32, 0x0, 0x0, 0x0, 0x0, 0x0, 0x0, 0x0,
    0x0, 0x0, 0x0, 0x0, 0x0, 0xa, 0xff, 0x70,
    0x0, 0x0, 0x0, 0x0, 0x1f, 0xff, 0xc0, 0x0,
    0x0, 0x0, 0x0, 0x6f, 0xae, 0xf2, 0x0, 0x0,
    0x0, 0x0, 0xcf, 0x48, 0xf8, 0x0, 0x0, 0x0,
    0x2, 0xfe, 0x2, 0xfe, 0x0, 0x0, 0x0, 0x7,
    0xf9, 0x0, 0xdf, 0x40, 0x0, 0x0, 0xd, 0xf3,
    0x0, 0x7f, 0xa0, 0x0, 0x0, 0x3f, 0xd0, 0x0,
    0x1f, 0xf0, 0x0, 0x0, 0x9f, 0xff, 0xff, 0xff,
    0xf5, 0x0, 0x0, 0xef, 0xff, 0xff, 0xff, 0xfb,
    0x0, 0x5, 0xfd, 0x0, 0x0, 0x1, 0xff, 0x10,
    0xa, 0xf8, 0x0, 0x0, 0x0, 0xbf, 0x70, 0x1f,
    0xf2, 0x0, 0x0, 0x0, 0x6f, 0xd0, 0x6f, 0xd0,
    0x0, 0x0, 0x0, 0x1f, 0xf3,

    /* U+0103 "ă" */
    0x0, 0x0, 0x1, 0x10, 0x0, 0x0, 0x0, 0xdf,
    0xff, 0xf4, 0x0, 0x0, 0x0, 0x24, 0x30, 0x0,
    0x0, 0x0, 0x0, 0x0, 0x0, 0x0, 0x0, 0x8,
    0xdf, 0xea, 0x30, 0x0, 0xb, 0xff, 0xdf, 0xff,
    0x30, 0x6, 0xfe, 0x20, 0x1c, 0xfb, 0x0, 0xbf,
    0x70, 0x0, 0x5f, 0xf0, 0x6, 0x61, 0x0, 0x2,
    0xff, 0x0, 0x0, 0x26, 0x9b, 0xef, 0xf0, 0x3,
    0xdf, 0xeb, 0x87, 0xff, 0x0, 0xef, 0x50, 0x0,
    0x3f, 0xf0, 0x1f, 0xf3, 0x0, 0x1c, 0xff, 0x10,
    0xdf, 0xfb, 0xcf, 0xcd, 0xfe, 0x1, 0xae, 0xfe,
    0x90, 0x5d, 0xd0,

    /* U+0104 "Ą" */
    0x0, 0x0, 0xa, 0xff, 0x70, 0x0, 0x0, 0x0,
    0x0, 0x1, 0xff, 0xfc, 0x0, 0x0, 0x0, 0x0,
    0x0, 0x6f, 0xae, 0xf2, 0x0, 0x0, 0x0, 0x0,
    0xc, 0xf4, 0x8f, 0x80, 0x0, 0x0, 0x0, 0x2,
    0xfe, 0x2, 0xfe, 0x0, 0x0, 0x0, 0x0, 0x7f,
    0x90, 0xd, 0xf4, 0x0, 0x0, 0x0, 0xd, 0xf3,
    0x0, 0x7f, 0xa0, 0x0, 0x0, 0x3, 0xfd, 0x0,
    0x1, 0xff, 0x0, 0x0, 0x0, 0x9f, 0xff, 0xff,
    0xff, 0xf5, 0x0, 0x0, 0xe, 0xff, 0xff, 0xff,
    0xff, 0xb0, 0x0, 0x5, 0xfd, 0x0, 0x0, 0x1,
    0xff, 0x10, 0x0, 0xaf, 0x80, 0x0, 0x0, 0xb,
    0xf7, 0x0, 0x1f, 0xf2, 0x0, 0x0, 0x0, 0x6f,
    0xd0, 0x6, 0xfd, 0x0, 0x0, 0x0, 0x1, 0xff,
    0x30, 0x0, 0x0, 0x0, 0x0, 0x0, 0xb, 0xe1,
    0x0, 0x0, 0x0, 0x0, 0x0, 0x5, 0xf6, 0x0,
    0x0, 0x0, 0x0, 0x0, 0x0, 0xbf, 0x31, 0x0,
    0x0, 0x0, 0x0, 0x0, 0x9, 0xff, 0xe0, 0x0,
    0x0, 0x0, 0x0, 0x0, 0x6, 0x74, 0x0,

    /* U+0105 "ą" */
    0x0, 0x19, 0xdf, 0xea, 0x30, 0x0, 0x1, 0xef,
    0xfd, 0xff, 0xf3, 0x0, 0xa, 0xfb, 0x0, 0xb,
    0xfb, 0x0, 0x7, 0x82, 0x0, 0x3, 0xff, 0x0,
    0x0, 0x0, 0x25, 0x8b, 0xff, 0x0, 0x0, 0x7d,
    0xff, 0xfe, 0xff, 0x0, 0xa, 0xfd, 0x73, 0x1,
    0xff, 0x0, 0xf, 0xf2, 0x0, 0x5, 0xff, 0x0,
    0x1f, 0xf3, 0x0, 0x2d, 0xff, 0x10, 0xb, 0xff,
    0xbc, 0xfc, 0xdf, 0xe0, 0x1, 0x9e, 0xfe, 0x80,
    0x5f, 0xf0, 0x0, 0x0, 0x0, 0x0, 0x4f, 0x60,
    0x0, 0x0, 0x0, 0x0, 0xdd, 0x0, 0x0, 0x0,
    0x0, 0x1, 0xfe, 0x94, 0x0, 0x0, 0x0, 0x0,
    0xaf, 0xe6,

    /* U+0106 "Ć" */
    0x0, 0x0, 0x0, 0x5, 0xb7, 0x0, 0x0, 0x0,
    0x0, 0x0, 0xe, 0xf1, 0x0, 0x0, 0x0, 0x0,
    0x0, 0x5f, 0x60, 0x0, 0x0, 0x0, 0x0, 0x0,
    0x0, 0x0, 0x0, 0x0, 0x0, 0x0, 0x0, 0x0,
    0x0, 0x0, 0x0, 0x0, 0x0, 0x5b, 0xef, 0xeb,
    0x50, 0x0, 0x0, 0x1c, 0xff, 0xff, 0xff, 0xfa,
    0x0, 0x0, 0xcf, 0xf7, 0x10, 0x28, 0xff, 0x70,
    0x5, 0xff, 0x30, 0x0, 0x0, 0x7f, 0xe0, 0xb,
    0xf9, 0x0, 0x0, 0x0, 0xc, 0xd3, 0xf, 0xf4,
    0x0, 0x0, 0x0, 0x0, 0x0, 0x1f, 0xf2, 0x0,
    0x0, 0x0, 0x0, 0x0, 0x1f, 0xf2, 0x0, 0x0,
    0x0, 0x0, 0x0, 0xf, 0xf4, 0x0, 0x0, 0x0,
    0x1, 0x10, 0xc, 0xf9, 0x0, 0x0, 0x0, 0xf,
    0xf5, 0x6, 0xff, 0x30, 0x0, 0x0, 0x7f, 0xf0,
    0x0, 0xcf, 0xf6, 0x10, 0x28, 0xff, 0x70, 0x0,
    0x1c, 0xff, 0xff, 0xff, 0xf9, 0x0, 0x0, 0x0,
    0x5b, 0xef, 0xea, 0x40, 0x0,

    /* U+0107 "ć" */
    0x0, 0x0, 0x1, 0xff, 0x20, 0x0, 0x0, 0x0,
    0x8f, 0x60, 0x0, 0x0, 0x0, 0xa, 0x90, 0x0,
    0x0, 0x0, 0x6c, 0xff, 0xc5, 0x0, 0x0, 0xbf,
    0xfe, 0xff, 0xf9, 0x0, 0x7f, 0xf4, 0x0, 0x6f,
    0xf3, 0xd, 0xf7, 0x0, 0x0, 0xae, 0x70, 0xff,
    0x20, 0x0, 0x0, 0x0, 0x2f, 0xf1, 0x0, 0x0,
    0x0, 0x0, 0xff, 0x20, 0x0, 0x0, 0x10, 0xd,
    0xf7, 0x0, 0x0, 0xbf, 0x70, 0x7f, 0xf4, 0x0,
    0x6f, 0xf2, 0x0, 0xbf, 0xff, 0xff, 0xf7, 0x0,
    0x0, 0x6c, 0xff, 0xb4, 0x0,

    /* U+0108 "Ĉ" */
    0x0, 0x0, 0x1, 0xff, 0xb0, 0x0, 0x0, 0x0,
    0x0, 0xa, 0xfa, 0xf5, 0x0, 0x0, 0x0, 0x0,
    0x4f, 0x60, 0xbe, 0x10, 0x0, 0x0, 0x0, 0x0,
    0x0, 0x0, 0x0, 0x0, 0x0, 0x0, 0x0, 0x0,
    0x0, 0x0, 0x0, 0x0, 0x0, 0x5b, 0xef, 0xeb,
    0x50, 0x0, 0x0, 0x1c, 0xff, 0xff, 0xff, 0xfa,
    0x0, 0x0, 0xcf, 0xf7, 0x10, 0x28, 0xff, 0x70,
    0x5, 0xff, 0x30, 0x0, 0x0, 0x7f, 0xe0, 0xb,
    0xf9, 0x0, 0x0, 0x0, 0xc, 0xd3, 0xf, 0xf4,
    0x0, 0x0, 0x0, 0x0, 0x0, 0x1f, 0xf2, 0x0,
    0x0, 0x0, 0x0, 0x0, 0x1f, 0xf2, 0x0, 0x0,
    0x0, 0x0, 0x0, 0xf, 0xf4, 0x0, 0x0, 0x0,
    0x1, 0x10, 0xc, 0xf9, 0x0, 0x0, 0x0, 0xf,
    0xf5, 0x6, 0xff, 0x30, 0x0, 0x0, 0x7f, 0xf0,
    0x0, 0xcf, 0xf6, 0x10, 0x28, 0xff, 0x70, 0x0,
    0x1c, 0xff, 0xff, 0xff, 0xf9, 0x0, 0x0, 0x0,
    0x5b, 0xef, 0xea, 0x40, 0x0,

    /* U+0109 "ĉ" */
    0x0, 0x0, 0x8f, 0xf4, 0x0, 0x0, 0x0, 0x2f,
    0xcd, 0xd0, 0x0, 0x0, 0xb, 0xd1, 0x3f, 0x80,
    0x0, 0x0, 0x0, 0x0, 0x0, 0x0, 0x0, 0x6,
    0xcf, 0xfc, 0x50, 0x0, 0xb, 0xff, 0xef, 0xff,
    0x90, 0x7, 0xff, 0x40, 0x6, 0xff, 0x30, 0xdf,
    0x70, 0x0, 0xa, 0xe7, 0xf, 0xf2, 0x0, 0x0,
    0x0, 0x2, 0xff, 0x10, 0x0, 0x0, 0x0, 0xf,
    0xf2, 0x0, 0x0, 0x1, 0x0, 0xdf, 0x70, 0x0,
    0xb, 0xf7, 0x7, 0xff, 0x40, 0x6, 0xff, 0x20,
    0xb, 0xff, 0xff, 0xff, 0x70, 0x0, 0x6, 0xcf,
    0xfb, 0x40, 0x0,

    /* U+010A "Ċ" */
    0x0, 0x0, 0x0, 0x12, 0x0, 0x0, 0x0, 0x0,
    0x0, 0x0, 0xcf, 0x70, 0x0, 0x0, 0x0, 0x0,
    0x0, 0xcf, 0x70, 0x0, 0x0, 0x0, 0x0, 0x0,
    0x0, 0x0, 0x0, 0x0, 0x0, 0x0, 0x0, 0x0,
    0x0, 0x0, 0x0, 0x0, 0x0, 0x5b, 0xef, 0xeb,
    0x50, 0x0, 0x0, 0x1c, 0xff, 0xff, 0xff, 0xfa,
    0x0, 0x0, 0xcf, 0xf7, 0x10, 0x28, 0xff, 0x70,
    0x5, 0xff, 0x30, 0x0, 0x0, 0x7f, 0xe0, 0xb,
    0xf9, 0x0, 0x0, 0x0, 0xc, 0xd3, 0xf, 0xf4,
    0x0, 0x0, 0x0, 0x0, 0x0, 0x1f, 0xf2, 0x0,
    0x0, 0x0, 0x0, 0x0, 0x1f, 0xf2, 0x0, 0x0,
    0x0, 0x0, 0x0, 0xf, 0xf4, 0x0, 0x0, 0x0,
    0x1, 0x10, 0xc, 0xf9, 0x0, 0x0, 0x0, 0xf,
    0xf5, 0x6, 0xff, 0x30, 0x0, 0x0, 0x7f, 0xf0,
    0x0, 0xcf, 0xf6, 0x10, 0x28, 0xff, 0x70, 0x0,
    0x1c, 0xff, 0xff, 0xff, 0xf9, 0x0, 0x0, 0x0,
    0x5b, 0xef, 0xea, 0x40, 0x0,

    /* U+010B "ċ" */
    0x0, 0x0, 0x3f, 0xf0, 0x0, 0x0, 0x0, 0x3,
    0xff, 0x0, 0x0, 0x0, 0x0, 0x2, 0x20, 0x0,
    0x0, 0x0, 0x6c, 0xff, 0xc5, 0x0, 0x0, 0xbf,
    0xfe, 0xff, 0xf9, 0x0, 0x7f, 0xf4, 0x0, 0x6f,
    0xf3, 0xd, 0xf7, 0x0, 0x0, 0xae, 0x70, 0xff,
    0x20, 0x0, 0x0, 0x0, 0x2f, 0xf1, 0x0, 0x0,
    0x0, 0x0, 0xff, 0x20, 0x0, 0x0, 0x10, 0xd,
    0xf7, 0x0, 0x0, 0xbf, 0x70, 0x7f, 0xf4, 0x0,
    0x6f, 0xf2, 0x0, 0xbf, 0xff, 0xff, 0xf7, 0x0,
    0x0, 0x6c, 0xff, 0xb4, 0x0,

    /* U+010C "Č" */
    0x0, 0x0, 0x4f, 0x50, 0xae, 0x10, 0x0, 0x0,
    0x0, 0xa, 0xe4, 0xf5, 0x0, 0x0, 0x0, 0x0,
    0x1, 0xff, 0xb0, 0x0, 0x0, 0x0, 0x0, 0x0,
    0x0, 0x0, 0x0, 0x0, 0x0, 0x0, 0x0, 0x0,
    0x0, 0x0, 0x0, 0x0, 0x0, 0x5b, 0xef, 0xeb,
    0x50, 0x0, 0x0, 0x1c, 0xff, 0xff, 0xff, 0xfa,
    0x0, 0x0, 0xcf, 0xf7, 0x10, 0x28, 0xff, 0x70,
    0x5, 0xff, 0x30, 0x0, 0x0, 0x7f, 0xe0, 0xb,
    0xf9, 0x0, 0x0, 0x0, 0xc, 0xd3, 0xf, 0xf4,
    0x0, 0x0, 0x0, 0x0, 0x0, 0x1f, 0xf2, 0x0,
    0x0, 0x0, 0x0, 0x0, 0x1f, 0xf2, 0x0, 0x0,
    0x0, 0x0, 0x0, 0xf, 0xf4, 0x0, 0x0, 0x0,
    0x1, 0x10, 0xc, 0xf9, 0x0, 0x0, 0x0, 0xf,
    0xf5, 0x6, 0xff, 0x30, 0x0, 0x0, 0x7f, 0xf0,
    0x0, 0xcf, 0xf6, 0x10, 0x28, 0xff, 0x70, 0x0,
    0x1c, 0xff, 0xff, 0xff, 0xf9, 0x0, 0x0, 0x0,
    0x5b, 0xef, 0xea, 0x40, 0x0,

    /* U+010D "č" */
    0x0, 0xb, 0xd0, 0x2f, 0x70, 0x0, 0x0, 0x2f,
    0xad, 0xd0, 0x0, 0x0, 0x0, 0x7f, 0xe3, 0x0,
    0x0, 0x0, 0x0, 0x0, 0x0, 0x0, 0x0, 0x6,
    0xcf, 0xfc, 0x50, 0x0, 0xb, 0xff, 0xef, 0xff,
    0x90, 0x7, 0xff, 0x40, 0x6, 0xff, 0x30, 0xdf,
    0x70, 0x0, 0x9, 0xd7, 0xf, 0xf2, 0x0, 0x0,
    0x0, 0x2, 0xff, 0x10, 0x0, 0x0, 0x0, 0xf,
    0xf2, 0x0, 0x0, 0x1, 0x0, 0xdf, 0x70, 0x0,
    0xc, 0xf7, 0x7, 0xff, 0x40, 0x7, 0xff, 0x20,
    0xb, 0xff, 0xff, 0xff, 0x70, 0x0, 0x6, 0xcf,
    0xfb, 0x40, 0x0,

    /* U+010E "Ď" */
    0x0, 0x28, 0x20, 0x38, 0x20, 0x0, 0x0, 0x0,
    0xdd, 0x2e, 0xc0, 0x0, 0x0, 0x0, 0x3, 0xff,
    0xf3, 0x0, 0x0, 0x0, 0x0, 0x6, 0x85, 0x0,
    0x0, 0x0, 0x0, 0x0, 0x0, 0x0, 0x0, 0x0,
    0x4, 0xff, 0xff, 0xfe, 0xb6, 0x0, 0x0, 0x4f,
    0xff, 0xff, 0xff, 0xfd, 0x20, 0x4, 0xfe, 0x0,
    0x1, 0x6e, 0xfd, 0x10, 0x4f, 0xe0, 0x0, 0x0,
    0x1e, 0xf8, 0x4, 0xfe, 0x0, 0x0, 0x0, 0x7f,
    0xe0, 0x4f, 0xe0, 0x0, 0x0, 0x2, 0xff, 0x14,
    0xfe, 0x0, 0x0, 0x0, 0xf, 0xf2, 0x4f, 0xe0,
    0x0, 0x0, 0x0, 0xff, 0x24, 0xfe, 0x0, 0x0,
    0x0, 0x2f, 0xf1, 0x4f, 0xe0, 0x0, 0x0, 0x7,
    0xfe, 0x4, 0xfe, 0x0, 0x0, 0x1, 0xef, 0x80,
    0x4f, 0xe0, 0x0, 0x16, 0xef, 0xe1, 0x4, 0xff,
    0xff, 0xff, 0xff, 0xe2, 0x0, 0x4f, 0xff, 0xff,
    0xec, 0x70, 0x0, 0x0,

    /* U+010F "ď" */
    0x0, 0x0, 0x0, 0x0, 0x7f, 0xa0, 0xcf, 0x20,
    0x0, 0x0, 0x0, 0x7, 0xfa, 0xe, 0xe0, 0x0,
    0x0, 0x0, 0x0, 0x7f, 0xa0, 0xfb, 0x0, 0x1,
    0x9e, 0xfc, 0x37, 0xfa, 0x2f, 0x80, 0x1, 0xdf,
    0xff, 0xff, 0xaf, 0xa4, 0xf5, 0x0, 0x8f, 0xfa,
    0x45, 0xcf, 0xfa, 0x13, 0x0, 0xe, 0xf9, 0x0,
    0x0, 0xef, 0xa0, 0x0, 0x1, 0xff, 0x30, 0x0,
    0x9, 0xfa, 0x0, 0x0, 0x2f, 0xf1, 0x0, 0x0,
    0x7f, 0xa0, 0x0, 0x1, 0xff, 0x20, 0x0, 0x8,
    0xfa, 0x0, 0x0, 0xe, 0xf7, 0x0, 0x0, 0xcf,
    0xa0, 0x0, 0x0, 0x8f, 0xe4, 0x0, 0x8f, 0xfa,
    0x0, 0x0, 0x1, 0xdf, 0xff, 0xff, 0xbf, 0xa0,
    0x0, 0x0, 0x1, 0x9e, 0xfc, 0x55, 0xfa, 0x0,
    0x0,

    /* U+0110 "Đ" */
    0x4, 0xff, 0xff, 0xfe, 0xb6, 0x0, 0x0, 0x4,
    0xff, 0xff, 0xff, 0xff, 0xd2, 0x0, 0x4, 0xfe,
    0x0, 0x1, 0x6e, 0xfd, 0x10, 0x4, 0xfe, 0x0,
    0x0, 0x1, 0xef, 0x80, 0x4, 0xfe, 0x0, 0x0,
    0x0, 0x7f, 0xe0, 0x4, 0xfe, 0x0, 0x0, 0x0,
    0x2f, 0xf1, 0xbf, 0xff, 0xff, 0xfc, 0x0, 0xf,
    0xf2, 0x9f, 0xff, 0xdd, 0xda, 0x0, 0xf, 0xf2,
    0x4, 0xfe, 0x0, 0x0, 0x0, 0x2f, 0xf1, 0x4,
    0xfe, 0x0, 0x0, 0x0, 0x7f, 0xe0, 0x4, 0xfe,
    0x0, 0x0, 0x1, 0xef, 0x80, 0x4, 0xfe, 0x0,
    0x1, 0x6e, 0xfe, 0x10, 0x4, 0xff, 0xff, 0xff,
    0xff, 0xe2, 0x0, 0x4, 0xff, 0xff, 0xfe, 0xc7,
    0x0, 0x0,

    /* U+0111 "đ" */
    0x0, 0x0, 0x2, 0x88, 0xff, 0xf8, 0x0, 0x0,
    0x5, 0xff, 0xff, 0xff, 0x0, 0x0, 0x0, 0x0,
    0x7f, 0xa0, 0x0, 0x19, 0xef, 0xc5, 0x7f, 0xa0,
    0x1, 0xdf, 0xfe, 0xff, 0xcf, 0xa0, 0x8, 0xff,
    0x40, 0x8, 0xff, 0xa0, 0xe, 0xf7, 0x0, 0x0,
    0xdf, 0xa0, 0x1f, 0xf2, 0x0, 0x0, 0x8f, 0xa0,
    0x2f, 0xf1, 0x0, 0x0, 0x7f, 0xa0, 0x1f, 0xf2,
    0x0, 0x0, 0x8f, 0xa0, 0xe, 0xf7, 0x0, 0x0,
    0xdf, 0xa0, 0x8, 0xff, 0x40, 0x8, 0xff, 0xa0,
    0x1, 0xdf, 0xff, 0xff, 0xbf, 0xa0, 0x0, 0x19,
    0xef, 0xc5, 0x5f, 0xa0,

    /* U+0112 "Ē" */
    0x0, 0x4b, 0xbb, 0xbb, 0x10, 0x0, 0x6, 0xff,
    0xff, 0xf2, 0x0, 0x0, 0x0, 0x0, 0x0, 0x0,
    0x0, 0x0, 0x0, 0x0, 0x0, 0x0, 0x4f, 0xff,
    0xff, 0xff, 0xff, 0x4, 0xff, 0xff, 0xff, 0xff,
    0xf0, 0x4f, 0xe0, 0x0, 0x0, 0x0, 0x4, 0xfe,
    0x0, 0x0, 0x0, 0x0, 0x4f, 0xe0, 0x0, 0x0,
    0x0, 0x4, 0xfe, 0x0, 0x0, 0x0, 0x0, 0x4f,
    0xff, 0xff, 0xff, 0xfb, 0x4, 0xff, 0xff, 0xff,
    0xff, 0xa0, 0x4f, 0xe0, 0x0, 0x0, 0x0, 0x4,
    0xfe, 0x0, 0x0, 0x0, 0x0, 0x4f, 0xe0, 0x0,
    0x0, 0x0, 0x4, 0xfe, 0x0, 0x0, 0x0, 0x0,
    0x4f, 0xff, 0xff, 0xff, 0xff, 0x24, 0xff, 0xff,
    0xff, 0xff, 0xf2,

    /* U+0113 "ē" */
    0x0, 0xe, 0xff, 0xff, 0xb0, 0x0, 0x0, 0xab,
    0xbb, 0xb7, 0x0, 0x0, 0x0, 0x0, 0x0, 0x0,
    0x0, 0x0, 0x7d, 0xfe, 0xb3, 0x0, 0x0, 0xbf,
    0xfd, 0xef, 0xf5, 0x0, 0x7f, 0xd2, 0x0, 0x6f,
    0xe1, 0xd, 0xf4, 0x0, 0x0, 0xcf, 0x60, 0xff,
    0xaa, 0xaa, 0xad, 0xf9, 0x2f, 0xff, 0xff, 0xff,
    0xff, 0xa0, 0xff, 0x20, 0x0, 0x0, 0x0, 0xd,
    0xf6, 0x0, 0x0, 0x56, 0x20, 0x7f, 0xe3, 0x0,
    0x5f, 0xf1, 0x0, 0xbf, 0xfe, 0xef, 0xf6, 0x0,
    0x0, 0x7d, 0xfe, 0xb3, 0x0,

    /* U+0114 "Ĕ" */
    0x0, 0x7, 0x10, 0x4, 0x50, 0x0, 0x0, 0xc,
    0xa1, 0x2e, 0x70, 0x0, 0x0, 0x2, 0xdf, 0xfa,
    0x0, 0x0, 0x0, 0x0, 0x2, 0x10, 0x0, 0x0,
    0x6f, 0xff, 0xff, 0xff, 0xff, 0xf0, 0x6f, 0xec,
    0xcc, 0xcc, 0xcc, 0xb0, 0x6f, 0x70, 0x0, 0x0,
    0x0, 0x0, 0x6f, 0x70, 0x0, 0x0, 0x0, 0x0,
    0x6f, 0x70, 0x0, 0x0, 0x0, 0x0, 0x6f, 0x70,
    0x0, 0x0, 0x0, 0x0, 0x6f, 0xec, 0xcc, 0xcc,
    0xcc, 0x40, 0x6f, 0xff, 0xff, 0xff, 0xff, 0x60,
    0x6f, 0x70, 0x0, 0x0, 0x0, 0x0, 0x6f, 0x70,
    0x0, 0x0, 0x0, 0x0, 0x6f, 0x70, 0x0, 0x0,
    0x0, 0x0, 0x6f, 0x70, 0x0, 0x0, 0x0, 0x0,
    0x6f, 0x70, 0x0, 0x0, 0x0, 0x0, 0x6f, 0xec,
    0xcc, 0xcc, 0xcc, 0xc3, 0x6f, 0xff, 0xff, 0xff,
    0xff, 0xf4,

    /* U+0115 "ĕ" */
    0x0, 0xf, 0x60, 0x2d, 0x70, 0x0, 0x0, 0x5f,
    0xff, 0xb0, 0x0, 0x0, 0x0, 0x2, 0x10, 0x0,
    0x0, 0x0, 0x0, 0x0, 0x0, 0x0, 0x0, 0x8,
    0xdf, 0xe9, 0x10, 0x0, 0xd, 0xfc, 0x8a, 0xfe,
    0x10, 0x8, 0xf8, 0x0, 0x4, 0xfb, 0x0, 0xee,
    0x0, 0x0, 0xb, 0xf1, 0x2f, 0xd8, 0x88, 0x88,
    0xcf, 0x43, 0xff, 0xff, 0xff, 0xff, 0xf5, 0x2f,
    0xa0, 0x0, 0x0, 0x0, 0x0, 0xfe, 0x0, 0x0,
    0x6, 0x71, 0x9, 0xf8, 0x0, 0x3, 0xfe, 0x0,
    0x1d, 0xfc, 0x8a, 0xff, 0x40, 0x0, 0x18, 0xdf,
    0xea, 0x30, 0x0,

    /* U+0116 "Ė" */
    0x0, 0x0, 0xbf, 0x70, 0x0, 0x0, 0x0, 0xb,
    0xf7, 0x0, 0x0, 0x0, 0x0, 0x12, 0x10, 0x0,
    0x0, 0x0, 0x0, 0x0, 0x0, 0x0, 0x4f, 0xff,
    0xff, 0xff, 0xff, 0x4, 0xff, 0xff, 0xff, 0xff,
    0xf0, 0x4f, 0xe0, 0x0, 0x0, 0x0, 0x4, 0xfe,
    0x0, 0x0, 0x0, 0x0, 0x4f, 0xe0, 0x0, 0x0,
    0x0, 0x4, 0xfe, 0x0, 0x0, 0x0, 0x0, 0x4f,
    0xff, 0xff, 0xff, 0xfb, 0x4, 0xff, 0xff, 0xff,
    0xff, 0xa0, 0x4f, 0xe0, 0x0, 0x0, 0x0, 0x4,
    0xfe, 0x0, 0x0, 0x0, 0x0, 0x4f, 0xe0, 0x0,
    0x0, 0x0, 0x4, 0xfe, 0x0, 0x0, 0x0, 0x0,
    0x4f, 0xff, 0xff, 0xff, 0xff, 0x24, 0xff, 0xff,
    0xff, 0xff, 0xf2,

    /* U+0117 "ė" */
    0x0, 0x0, 0x3f, 0xf0, 0x0, 0x0, 0x0, 0x3,
    0xff, 0x0, 0x0, 0x0, 0x0, 0x2, 0x20, 0x0,
    0x0, 0x0, 0x7d, 0xfe, 0xb3, 0x0, 0x0, 0xbf,
    0xfd, 0xef, 0xf5, 0x0, 0x7f, 0xd2, 0x0, 0x6f,
    0xe1, 0xd, 0xf4, 0x0, 0x0, 0xcf, 0x60, 0xff,
    0xaa, 0xaa, 0xad, 0xf9, 0x2f, 0xff, 0xff, 0xff,
    0xff, 0xa0, 0xff, 0x20, 0x0, 0x0, 0x0, 0xd,
    0xf6, 0x0, 0x0, 0x56, 0x20, 0x7f, 0xe3, 0x0,
    0x5f, 0xf1, 0x0, 0xbf, 0xfe, 0xef, 0xf6, 0x0,
    0x0, 0x7d, 0xfe, 0xb3, 0x0,

    /* U+0118 "Ę" */
    0x4f, 0xff, 0xff, 0xff, 0xff, 0x4, 0xff, 0xff,
    0xff, 0xff, 0xf0, 0x4f, 0xe0, 0x0, 0x0, 0x0,
    0x4, 0xfe, 0x0, 0x0, 0x0, 0x0, 0x4f, 0xe0,
    0x0, 0x0, 0x0, 0x4, 0xfe, 0x0, 0x0, 0x0,
    0x0, 0x4f, 0xff, 0xff, 0xff, 0xfb, 0x4, 0xff,
    0xff, 0xff, 0xff, 0xa0, 0x4f, 0xe0, 0x0, 0x0,
    0x0, 0x4, 0xfe, 0x0, 0x0, 0x0, 0x0, 0x4f,
    0xe0, 0x0, 0x0, 0x0, 0x4, 0xfe, 0x0, 0x0,
    0x0, 0x0, 0x4f, 0xff, 0xff, 0xff, 0xff, 0x24,
    0xff, 0xff, 0xff, 0xff, 0xf2, 0x0, 0x0, 0x0,
    0x0, 0xec, 0x0, 0x0, 0x0, 0x0, 0x8f, 0x20,
    0x0, 0x0, 0x0, 0xf, 0xe0, 0x10, 0x0, 0x0,
    0x0, 0xdf, 0xf9, 0x0, 0x0, 0x0, 0x1, 0x77,
    0x20,

    /* U+0119 "ę" */
    0x0, 0x7, 0xdf, 0xeb, 0x30, 0x0, 0xb, 0xff,
    0xde, 0xff, 0x50, 0x7, 0xfd, 0x20, 0x6, 0xfe,
    0x10, 0xdf, 0x40, 0x0, 0xc, 0xf6, 0xf, 0xfa,
    0xaa, 0xaa, 0xdf, 0x92, 0xff, 0xff, 0xff, 0xff,
    0xfa, 0xf, 0xf2, 0x0, 0x0, 0x0, 0x0, 0xdf,
    0x60, 0x0, 0x5, 0x62, 0x7, 0xfe, 0x30, 0x5,
    0xff, 0x10, 0xb, 0xff, 0xee, 0xff, 0xb0, 0x0,
    0x7, 0xdf, 0xff, 0xf0, 0x0, 0x0, 0x0, 0xd,
    0xe1, 0x0, 0x0, 0x0, 0x5, 0xf6, 0x0, 0x0,
    0x0, 0x0, 0x7f, 0xb9, 0x0, 0x0, 0x0, 0x1,
    0xcf, 0xd1, 0x0,

    /* U+011A "Ě" */
    0x0, 0x38, 0x20, 0x38, 0x10, 0x0, 0x0, 0xec,
    0x2e, 0xb0, 0x0, 0x0, 0x5, 0xff, 0xf2, 0x0,
    0x0, 0x0, 0x6, 0x85, 0x0, 0x0, 0x0, 0x0,
    0x0, 0x0, 0x0, 0x4, 0xff, 0xff, 0xff, 0xff,
    0xf0, 0x4f, 0xff, 0xff, 0xff, 0xff, 0x4, 0xfe,
    0x0, 0x0, 0x0, 0x0, 0x4f, 0xe0, 0x0, 0x0,
    0x0, 0x4, 0xfe, 0x0, 0x0, 0x0, 0x0, 0x4f,
    0xe0, 0x0, 0x0, 0x0, 0x4, 0xff, 0xff, 0xff,
    0xff, 0xb0, 0x4f, 0xff, 0xff, 0xff, 0xfa, 0x4,
    0xfe, 0x0, 0x0, 0x0, 0x0, 0x4f, 0xe0, 0x0,
    0x0, 0x0, 0x4, 0xfe, 0x0, 0x0, 0x0, 0x0,
    0x4f, 0xe0, 0x0, 0x0, 0x0, 0x4, 0xff, 0xff,
    0xff, 0xff, 0xf2, 0x4f, 0xff, 0xff, 0xff, 0xff,
    0x20,

    /* U+011B "ě" */
    0x0, 0xa, 0xe2, 0x4f, 0x60, 0x0, 0x0, 0xc,
    0xef, 0x90, 0x0, 0x0, 0x0, 0x3, 0x30, 0x0,
    0x0, 0x0, 0x7d, 0xfe, 0xb3, 0x0, 0x0, 0xbf,
    0xfd, 0xef, 0xf5, 0x0, 0x7f, 0xd2, 0x0, 0x6f,
    0xe1, 0xd, 0xf4, 0x0, 0x0, 0xcf, 0x60, 0xff,
    0xaa, 0xaa, 0xad, 0xf9, 0x2f, 0xff, 0xff, 0xff,
    0xff, 0xa0, 0xff, 0x20, 0x0, 0x0, 0x0, 0xd,
    0xf6, 0x0, 0x0, 0x56, 0x20, 0x7f, 0xe3, 0x0,
    0x5f, 0xf1, 0x0, 0xbf, 0xfe, 0xef, 0xf6, 0x0,
    0x0, 0x7d, 0xfe, 0xb3, 0x0,

    /* U+011C "Ĝ" */
    0x0, 0x0, 0x1, 0xef, 0xc0, 0x0, 0x0, 0x0,
    0x0, 0xa, 0xfa, 0xf6, 0x0, 0x0, 0x0, 0x0,
    0x4f, 0x70, 0xae, 0x10, 0x0, 0x0, 0x0, 0x0,
    0x0, 0x0, 0x0, 0x0, 0x0, 0x0, 0x0, 0x0,
    0x0, 0x0, 0x0, 0x0, 0x0, 0x5b, 0xef, 0xeb,
    0x50, 0x0, 0x0, 0x1b, 0xff, 0xff, 0xff, 0xfa,
    0x0, 0x0, 0xbf, 0xe6, 0x10, 0x17, 0xff, 0x80,
    0x5, 0xff, 0x30, 0x0, 0x0, 0x5f, 0xf0, 0xb,
    0xf9, 0x0, 0x0, 0x0, 0x3, 0x30, 0xf, 0xf4,
    0x0, 0x0, 0x0, 0x0, 0x0, 0x1f, 0xf2, 0x0,
    0x7, 0xdd, 0xdd, 0xd3, 0x1f, 0xf2, 0x0, 0x9,
    0xff, 0xff, 0xf4, 0xf, 0xf4, 0x0, 0x0, 0x0,
    0xd, 0xf4, 0xb, 0xf9, 0x0, 0x0, 0x0, 0x1f,
    0xf4, 0x6, 0xff, 0x20, 0x0, 0x0, 0xaf, 0xf4,
    0x0, 0xcf, 0xe6, 0x10, 0x2a, 0xfe, 0xf4, 0x0,
    0x1c, 0xff, 0xff, 0xff, 0xc5, 0xf4, 0x0, 0x0,
    0x6c, 0xef, 0xd7, 0x3, 0xf4,

    /* U+011D "ĝ" */
    0x0, 0x0, 0x9f, 0xf3, 0x0, 0x0, 0x0, 0x3f,
    0xbe, 0xd0, 0x0, 0x0, 0xc, 0xd0, 0x3f, 0x70,
    0x0, 0x0, 0x0, 0x0, 0x0, 0x0, 0x0, 0x19,
    0xef, 0xc5, 0x6f, 0xa0, 0x1d, 0xff, 0xde, 0xfb,
    0xfa, 0x9, 0xfd, 0x20, 0x7, 0xff, 0xa0, 0xff,
    0x50, 0x0, 0xb, 0xfa, 0x1f, 0xf1, 0x0, 0x0,
    0x8f, 0xa1, 0xff, 0x10, 0x0, 0x9, 0xfa, 0xf,
    0xf5, 0x0, 0x0, 0xcf, 0xa0, 0x9f, 0xd2, 0x0,
    0x8f, 0xfa, 0x1, 0xdf, 0xfd, 0xff, 0xcf, 0xa0,
    0x1, 0x9e, 0xfd, 0x57, 0xfa, 0x3, 0x41, 0x0,
    0x0, 0x9f, 0x90, 0x9f, 0xc1, 0x0, 0x3f, 0xf5,
    0x1, 0xdf, 0xfd, 0xdf, 0xfb, 0x0, 0x1, 0x8d,
    0xff, 0xc6, 0x0,

    /* U+011E "Ğ" */
    0x0, 0x0, 0x6e, 0x0, 0x2f, 0x30, 0x0, 0x0,
    0x0, 0x2f, 0x72, 0xae, 0x0, 0x0, 0x0, 0x0,
    0x7, 0xff, 0xf4, 0x0, 0x0, 0x0, 0x0, 0x0,
    0x13, 0x10, 0x0, 0x0, 0x0, 0x0, 0x0, 0x0,
    0x0, 0x0, 0x0, 0x0, 0x0, 0x5b, 0xef, 0xeb,
    0x50, 0x0, 0x0, 0x1b, 0xff, 0xff, 0xff, 0xfa,
    0x0, 0x0, 0xbf, 0xe6, 0x10, 0x17, 0xff, 0x80,
    0x5, 0xff, 0x30, 0x0, 0x0, 0x5f, 0xf0, 0xb,
    0xf9, 0x0, 0x0, 0x0, 0x3, 0x30, 0xf, 0xf4,
    0x0, 0x0, 0x0, 0x0, 0x0, 0x1f, 0xf2, 0x0,
    0x7, 0xdd, 0xdd, 0xd3, 0x1f, 0xf2, 0x0, 0x9,
    0xff, 0xff, 0xf4, 0xf, 0xf4, 0x0, 0x0, 0x0,
    0xd, 0xf4, 0xb, 0xf9, 0x0, 0x0, 0x0, 0x1f,
    0xf4, 0x6, 0xff, 0x20, 0x0, 0x0, 0xaf, 0xf4,
    0x0, 0xcf, 0xe6, 0x10, 0x2a, 0xfe, 0xf4, 0x0,
    0x1c, 0xff, 0xff, 0xff, 0xc5, 0xf4, 0x0, 0x0,
    0x6c, 0xef, 0xd7, 0x3, 0xf4,

    /* U+011F "ğ" */
    0x0, 0x0, 0x1, 0x10, 0x0, 0x0, 0x0, 0xbf,
    0xff, 0xf6, 0x0, 0x0, 0x0, 0x24, 0x31, 0x0,
    0x0, 0x0, 0x0, 0x0, 0x0, 0x0, 0x0, 0x19,
    0xef, 0xc5, 0x6f, 0xa0, 0x1d, 0xff, 0xde, 0xfb,
    0xfa, 0x9, 0xfd, 0x20, 0x7, 0xff, 0xa0, 0xff,
    0x50, 0x0, 0xb, 0xfa, 0x1f, 0xf1, 0x0, 0x0,
    0x8f, 0xa1, 0xff, 0x10, 0x0, 0x9, 0xfa, 0xf,
    0xf5, 0x0, 0x0, 0xcf, 0xa0, 0x9f, 0xd2, 0x0,
    0x8f, 0xfa, 0x1, 0xdf, 0xfd, 0xff, 0xcf, 0xa0,
    0x1, 0x9e, 0xfd, 0x57, 0xfa, 0x3, 0x41, 0x0,
    0x0, 0x9f, 0x90, 0x9f, 0xc1, 0x0, 0x3f, 0xf5,
    0x1, 0xdf, 0xfd, 0xdf, 0xfb, 0x0, 0x1, 0x8d,
    0xff, 0xc6, 0x0,

    /* U+0120 "Ġ" */
    0x0, 0x0, 0x0, 0x12, 0x10, 0x0, 0x0, 0x0,
    0x0, 0x0, 0xbf, 0x80, 0x0, 0x0, 0x0, 0x0,
    0x0, 0xbf, 0x80, 0x0, 0x0, 0x0, 0x0, 0x0,
    0x0, 0x0, 0x0, 0x0, 0x0, 0x0, 0x0, 0x0,
    0x0, 0x0, 0x0, 0x0, 0x0, 0x5b, 0xef, 0xeb,
    0x50, 0x0, 0x0, 0x1b, 0xff, 0xff, 0xff, 0xfa,
    0x0, 0x0, 0xbf, 0xe6, 0x10, 0x17, 0xff, 0x80,
    0x5, 0xff, 0x30, 0x0, 0x0, 0x5f, 0xf0, 0xb,
    0xf9, 0x0, 0x0, 0x0, 0x3, 0x30, 0xf, 0xf4,
    0x0, 0x0, 0x0, 0x0, 0x0, 0x1f, 0xf2, 0x0,
    0x7, 0xdd, 0xdd, 0xd3, 0x1f, 0xf2, 0x0, 0x9,
    0xff, 0xff, 0xf4, 0xf, 0xf4, 0x0, 0x0, 0x0,
    0xd, 0xf4, 0xb, 0xf9, 0x0, 0x0, 0x0, 0x1f,
    0xf4, 0x6, 0xff, 0x20, 0x0, 0x0, 0xaf, 0xf4,
    0x0, 0xcf, 0xe6, 0x10, 0x2a, 0xfe, 0xf4, 0x0,
    0x1c, 0xff, 0xff, 0xff, 0xc5, 0xf4, 0x0, 0x0,
    0x6c, 0xef, 0xd7, 0x3, 0xf4,

    /* U+0121 "ġ" */
    0x0, 0x0, 0x4f, 0xf0, 0x0, 0x0, 0x0, 0x4,
    0xff, 0x0, 0x0, 0x0, 0x0, 0x2, 0x20, 0x0,
    0x0, 0x1, 0x9e, 0xfc, 0x56, 0xfa, 0x1, 0xdf,
    0xfd, 0xef, 0xbf, 0xa0, 0x9f, 0xd2, 0x0, 0x7f,
    0xfa, 0xf, 0xf5, 0x0, 0x0, 0xbf, 0xa1, 0xff,
    0x10, 0x0, 0x8, 0xfa, 0x1f, 0xf1, 0x0, 0x0,
    0x9f, 0xa0, 0xff, 0x50, 0x0, 0xc, 0xfa, 0x9,
    0xfd, 0x20, 0x8, 0xff, 0xa0, 0x1d, 0xff, 0xdf,
    0xfc, 0xfa, 0x0, 0x19, 0xef, 0xd5, 0x7f, 0xa0,
    0x34, 0x10, 0x0, 0x9, 0xf9, 0x9, 0xfc, 0x10,
    0x3, 0xff, 0x50, 0x1d, 0xff, 0xdd, 0xff, 0xb0,
    0x0, 0x18, 0xdf, 0xfc, 0x60, 0x0,

    /* U+0122 "Ģ" */
    0x0, 0x0, 0x5b, 0xef, 0xea, 0x40, 0x0, 0x0,
    0x1b, 0xff, 0xff, 0xff, 0xf8, 0x0, 0x0, 0xbf,
    0xe6, 0x10, 0x28, 0xff, 0x50, 0x5, 0xff, 0x30,
    0x0, 0x0, 0x8f, 0xd0, 0xb, 0xf9, 0x0, 0x0,
    0x0, 0x1b, 0xb1, 0xf, 0xf4, 0x0, 0x0, 0x0,
    0x0, 0x0, 0x1f, 0xf2, 0x0, 0x0, 0x0, 0x0,
    0x0, 0x1f, 0xf2, 0x0, 0x9, 0xff, 0xff, 0xf4,
    0xf, 0xf4, 0x0, 0x7, 0xdd, 0xdf, 0xf4, 0xb,
    0xf9, 0x0, 0x0, 0x0, 0xe, 0xf4, 0x6, 0xff,
    0x20, 0x0, 0x0, 0x6f, 0xf4, 0x0, 0xcf, 0xe6,
    0x10, 0x28, 0xff, 0xf4, 0x0, 0x1c, 0xff, 0xff,
    0xff, 0xd6, 0xf4, 0x0, 0x0, 0x6c, 0xef, 0xd8,
    0x13, 0xf4, 0x0, 0x0, 0x0, 0x0, 0x0, 0x0,
    0x0, 0x0, 0x0, 0x0, 0xaf, 0x80, 0x0, 0x0,
    0x0, 0x0, 0x0, 0xaf, 0x80, 0x0, 0x0, 0x0,
    0x0, 0x0, 0x3f, 0x20, 0x0, 0x0, 0x0, 0x0,
    0x0, 0xb9, 0x0, 0x0, 0x0,

    /* U+0123 "ģ" */
    0x0, 0x0, 0x1, 0x81, 0x0, 0x0, 0x0, 0x0,
    0x8d, 0x0, 0x0, 0x0, 0x0, 0xe, 0x60, 0x0,
    0x0, 0x0, 0x4, 0xfe, 0x0, 0x0, 0x0, 0x0,
    0x4f, 0xe0, 0x0, 0x0, 0x0, 0x0, 0x0, 0x0,
    0x0, 0x0, 0x19, 0xef, 0xc5, 0x6f, 0xa0, 0x1d,
    0xff, 0xde, 0xfb, 0xfa, 0x9, 0xfd, 0x20, 0x7,
    0xff, 0xa0, 0xff, 0x50, 0x0, 0xb, 0xfa, 0x1f,
    0xf1, 0x0, 0x0, 0x8f, 0xa1, 0xff, 0x10, 0x0,
    0x9, 0xfa, 0xf, 0xf5, 0x0, 0x0, 0xcf, 0xa0,
    0x9f, 0xd2, 0x0, 0x8f, 0xfa, 0x1, 0xdf, 0xfd,
    0xff, 0xcf, 0xa0, 0x1, 0x9e, 0xfd, 0x57, 0xfa,
    0x3, 0x41, 0x0, 0x0, 0x9f, 0x90, 0x9f, 0xc1,
    0x0, 0x3f, 0xf5, 0x1, 0xdf, 0xfd, 0xdf, 0xfb,
    0x0, 0x1, 0x8d, 0xff, 0xc6, 0x0,

    /* U+0124 "Ĥ" */
    0x0, 0x0, 0x7, 0x83, 0x0, 0x0, 0x0, 0x0,
    0x8f, 0xfd, 0x0, 0x0, 0x0, 0x2, 0xf9, 0x4f,
    0x70, 0x0, 0x0, 0x5, 0x70, 0x5, 0x70, 0x0,
    0x0, 0x0, 0x0, 0x0, 0x0, 0x0, 0x4f, 0xe0,
    0x0, 0x0, 0x9, 0xf9, 0x4f, 0xe0, 0x0, 0x0,
    0x9, 0xf9, 0x4f, 0xe0, 0x0, 0x0, 0x9, 0xf9,
    0x4f, 0xe0, 0x0, 0x0, 0x9, 0xf9, 0x4f, 0xe0,
    0x0, 0x0, 0x9, 0xf9, 0x4f, 0xe0, 0x0, 0x0,
    0x9, 0xf9, 0x4f, 0xff, 0xff, 0xff, 0xff, 0xf9,
    0x4f, 0xff, 0xff, 0xff, 0xff, 0xf9, 0x4f, 0xe0,
    0x0, 0x0, 0x9, 0xf9, 0x4f, 0xe0, 0x0, 0x0,
    0x9, 0xf9, 0x4f, 0xe0, 0x0, 0x0, 0x9, 0xf9,
    0x4f, 0xe0, 0x0, 0x0, 0x9, 0xf9, 0x4f, 0xe0,
    0x0, 0x0, 0x9, 0xf9, 0x4f, 0xe0, 0x0, 0x0,
    0x9, 0xf9,

    /* U+0125 "ĥ" */
    0x0, 0xdf, 0xe1, 0x0, 0x0, 0x0, 0x9, 0xe2,
    0xdc, 0x0, 0x0, 0x0, 0x17, 0x30, 0x28, 0x20,
    0x0, 0x0, 0x0, 0x0, 0x0, 0x0, 0x0, 0x0,
    0x0, 0x8f, 0xa0, 0x0, 0x0, 0x0, 0x0, 0x8f,
    0xa0, 0x0, 0x0, 0x0, 0x0, 0x8f, 0xa0, 0x0,
    0x0, 0x0, 0x0, 0x8f, 0xa4, 0xcf, 0xe8, 0x0,
    0x0, 0x8f, 0xdf, 0xed, 0xff, 0x90, 0x0, 0x8f,
    0xf7, 0x0, 0x6f, 0xf1, 0x0, 0x8f, 0xd0, 0x0,
    0xe, 0xf4, 0x0, 0x8f, 0xa0, 0x0, 0xd, 0xf4,
    0x0, 0x8f, 0xa0, 0x0, 0xc, 0xf5, 0x0, 0x8f,
    0xa0, 0x0, 0xc, 0xf5, 0x0, 0x8f, 0xa0, 0x0,
    0xc, 0xf5, 0x0, 0x8f, 0xa0, 0x0, 0xc, 0xf5,
    0x0, 0x8f, 0xa0, 0x0, 0xc, 0xf5, 0x0, 0x8f,
    0xa0, 0x0, 0xc, 0xf5,

    /* U+0126 "Ħ" */
    0x4, 0xfe, 0x0, 0x0, 0x0, 0x9f, 0x90, 0xa,
    0xff, 0xfd, 0xdd, 0xdd, 0xdf, 0xff, 0xd1, 0xcf,
    0xff, 0xff, 0xff, 0xff, 0xff, 0xff, 0x10, 0x4f,
    0xe0, 0x0, 0x0, 0x9, 0xf9, 0x0, 0x4, 0xfe,
    0x0, 0x0, 0x0, 0x9f, 0x90, 0x0, 0x4f, 0xe0,
    0x0, 0x0, 0x9, 0xf9, 0x0, 0x4, 0xff, 0xff,
    0xff, 0xff, 0xff, 0x90, 0x0, 0x4f, 0xff, 0xff,
    0xff, 0xff, 0xf9, 0x0, 0x4, 0xfe, 0x0, 0x0,
    0x0, 0x9f, 0x90, 0x0, 0x4f, 0xe0, 0x0, 0x0,
    0x9, 0xf9, 0x0, 0x4, 0xfe, 0x0, 0x0, 0x0,
    0x9f, 0x90, 0x0, 0x4f, 0xe0, 0x0, 0x0, 0x9,
    0xf9, 0x0, 0x4, 0xfe, 0x0, 0x0, 0x0, 0x9f,
    0x90, 0x0, 0x4f, 0xe0, 0x0, 0x0, 0x9, 0xf9,
    0x0,

    /* U+0127 "ħ" */
    0x8, 0xfa, 0x0, 0x0, 0x0, 0xe, 0xff, 0xff,
    0xf7, 0x0, 0x0, 0x7f, 0xff, 0x88, 0x30, 0x0,
    0x0, 0x8f, 0xa4, 0xcf, 0xe8, 0x0, 0x8, 0xfd,
    0xfe, 0xdf, 0xf9, 0x0, 0x8f, 0xf7, 0x0, 0x6f,
    0xf1, 0x8, 0xfd, 0x0, 0x0, 0xef, 0x40, 0x8f,
    0xa0, 0x0, 0xd, 0xf4, 0x8, 0xfa, 0x0, 0x0,
    0xcf, 0x50, 0x8f, 0xa0, 0x0, 0xc, 0xf5, 0x8,
    0xfa, 0x0, 0x0, 0xcf, 0x50, 0x8f, 0xa0, 0x0,
    0xc, 0xf5, 0x8, 0xfa, 0x0, 0x0, 0xcf, 0x50,
    0x8f, 0xa0, 0x0, 0xc, 0xf5,

    /* U+0128 "Ĩ" */
    0x0, 0x0, 0x0, 0x10, 0xb, 0xfd, 0x46, 0xe0,
    0x4e, 0x5b, 0xff, 0x70, 0x13, 0x0, 0x22, 0x0,
    0x0, 0x0, 0x0, 0x0, 0x0, 0x4f, 0xe0, 0x0,
    0x0, 0x4f, 0xe0, 0x0, 0x0, 0x4f, 0xe0, 0x0,
    0x0, 0x4f, 0xe0, 0x0, 0x0, 0x4f, 0xe0, 0x0,
    0x0, 0x4f, 0xe0, 0x0, 0x0, 0x4f, 0xe0, 0x0,
    0x0, 0x4f, 0xe0, 0x0, 0x0, 0x4f, 0xe0, 0x0,
    0x0, 0x4f, 0xe0, 0x0, 0x0, 0x4f, 0xe0, 0x0,
    0x0, 0x4f, 0xe0, 0x0, 0x0, 0x4f, 0xe0, 0x0,
    0x0, 0x4f, 0xe0, 0x0,

    /* U+0129 "ĩ" */
    0x0, 0x0, 0x10, 0x4, 0xef, 0xff, 0xf8, 0x24,
    0x54, 0x42, 0x0, 0x0, 0x0, 0x0, 0x0, 0x8f,
    0xa0, 0x0, 0x8, 0xfa, 0x0, 0x0, 0x8f, 0xa0,
    0x0, 0x8, 0xfa, 0x0, 0x0, 0x8f, 0xa0, 0x0,
    0x8, 0xfa, 0x0, 0x0, 0x8f, 0xa0, 0x0, 0x8,
    0xfa, 0x0, 0x0, 0x8f, 0xa0, 0x0, 0x8, 0xfa,
    0x0, 0x0, 0x8f, 0xa0, 0x0,

    /* U+012A "Ī" */
    0xbb, 0xbb, 0xb6, 0xff, 0xff, 0xf9, 0x0, 0x0,
    0x0, 0x0, 0x0, 0x0, 0x4, 0xfe, 0x0, 0x4,
    0xfe, 0x0, 0x4, 0xfe, 0x0, 0x4, 0xfe, 0x0,
    0x4, 0xfe, 0x0, 0x4, 0xfe, 0x0, 0x4, 0xfe,
    0x0, 0x4, 0xfe, 0x0, 0x4, 0xfe, 0x0, 0x4,
    0xfe, 0x0, 0x4, 0xfe, 0x0, 0x4, 0xfe, 0x0,
    0x4, 0xfe, 0x0, 0x4, 0xfe, 0x0,

    /* U+012B "ī" */
    0x3f, 0xff, 0xff, 0x52, 0xbb, 0xbb, 0xb3, 0x0,
    0x0, 0x0, 0x0, 0x8, 0xfa, 0x0, 0x0, 0x8f,
    0xa0, 0x0, 0x8, 0xfa, 0x0, 0x0, 0x8f, 0xa0,
    0x0, 0x8, 0xfa, 0x0, 0x0, 0x8f, 0xa0, 0x0,
    0x8, 0xfa, 0x0, 0x0, 0x8f, 0xa0, 0x0, 0x8,
    0xfa, 0x0, 0x0, 0x8f, 0xa0, 0x0, 0x8, 0xfa,
    0x0,

    /* U+012C "Ĭ" */
    0xf, 0x40, 0x9, 0x90, 0xab, 0x13, 0xf5, 0x1,
    0xdf, 0xf9, 0x0, 0x0, 0x21, 0x0, 0x0, 0x2f,
    0xb0, 0x0, 0x2, 0xfb, 0x0, 0x0, 0x2f, 0xb0,
    0x0, 0x2, 0xfb, 0x0, 0x0, 0x2f, 0xb0, 0x0,
    0x2, 0xfb, 0x0, 0x0, 0x2f, 0xb0, 0x0, 0x2,
    0xfb, 0x0, 0x0, 0x2f, 0xb0, 0x0, 0x2, 0xfb,
    0x0, 0x0, 0x2f, 0xb0, 0x0, 0x2, 0xfb, 0x0,
    0x0, 0x2f, 0xb0, 0x0, 0x2, 0xfb, 0x0, 0x0,
    0x2f, 0xb0, 0x0,

    /* U+012D "ĭ" */
    0x8c, 0x21, 0x7e, 0x1, 0xcf, 0xfe, 0x50, 0x0,
    0x12, 0x0, 0x0, 0x0, 0x0, 0x0, 0x0, 0xaf,
    0x10, 0x0, 0xa, 0xf1, 0x0, 0x0, 0xaf, 0x10,
    0x0, 0xa, 0xf1, 0x0, 0x0, 0xaf, 0x10, 0x0,
    0xa, 0xf1, 0x0, 0x0, 0xaf, 0x10, 0x0, 0xa,
    0xf1, 0x0, 0x0, 0xaf, 0x10, 0x0, 0xa, 0xf1,
    0x0, 0x0, 0xaf, 0x10, 0x0,

    /* U+012E "Į" */
    0x4, 0xfe, 0x0, 0x4f, 0xe0, 0x4, 0xfe, 0x0,
    0x4f, 0xe0, 0x4, 0xfe, 0x0, 0x4f, 0xe0, 0x4,
    0xfe, 0x0, 0x4f, 0xe0, 0x4, 0xfe, 0x0, 0x4f,
    0xe0, 0x4, 0xfe, 0x0, 0x4f, 0xe0, 0x4, 0xfe,
    0x0, 0x4f, 0xf0, 0x3, 0xf8, 0x0, 0xce, 0x0,
    0x3f, 0xa1, 0x2, 0xff, 0xf6, 0x3, 0x76, 0x10,

    /* U+012F "į" */
    0x8, 0xfa, 0x0, 0x8f, 0xa0, 0x1, 0x21, 0x0,
    0x8f, 0xa0, 0x8, 0xfa, 0x0, 0x8f, 0xa0, 0x8,
    0xfa, 0x0, 0x8f, 0xa0, 0x8, 0xfa, 0x0, 0x8f,
    0xa0, 0x8, 0xfa, 0x0, 0x8f, 0xa0, 0x8, 0xfa,
    0x0, 0x8f, 0xa0, 0x6, 0xf4, 0x1, 0xfa, 0x0,
    0x6f, 0x71, 0x5, 0xff, 0xf2, 0x5, 0x75, 0x0,

    /* U+0130 "İ" */
    0x4f, 0xe4, 0xfe, 0x2, 0x20, 0x0, 0x4f, 0xe4,
    0xfe, 0x4f, 0xe4, 0xfe, 0x4f, 0xe4, 0xfe, 0x4f,
    0xe4, 0xfe, 0x4f, 0xe4, 0xfe, 0x4f, 0xe4, 0xfe,
    0x4f, 0xe4, 0xfe,

    /* U+0131 "ı" */
    0x8f, 0xa8, 0xfa, 0x8f, 0xa8, 0xfa, 0x8f, 0xa8,
    0xfa, 0x8f, 0xa8, 0xfa, 0x8f, 0xa8, 0xfa, 0x8f,
    0xa0,

    /* U+0132 "Ĳ" */
    0x4f, 0xe0, 0x0, 0x0, 0x0, 0x0, 0x3f, 0xf4,
    0xfe, 0x0, 0x0, 0x0, 0x0, 0x3, 0xff, 0x4f,
    0xe0, 0x0, 0x0, 0x0, 0x0, 0x3f, 0xf4, 0xfe,
    0x0, 0x0, 0x0, 0x0, 0x3, 0xff, 0x4f, 0xe0,
    0x0, 0x0, 0x0, 0x0, 0x3f, 0xf4, 0xfe, 0x0,
    0x0, 0x0, 0x0, 0x3, 0xff, 0x4f, 0xe0, 0x0,
    0x0, 0x0, 0x0, 0x3f, 0xf4, 0xfe, 0x0, 0x0,
    0x0, 0x0, 0x3, 0xff, 0x4f, 0xe0, 0x0, 0x0,
    0x0, 0x0, 0x3f, 0xf4, 0xfe, 0x0, 0x7f, 0xb0,
    0x0, 0x4, 0xfe, 0x4f, 0xe0, 0x4, 0xfe, 0x0,
    0x0, 0x8f, 0xb4, 0xfe, 0x0, 0xe, 0xfa, 0x21,
    0x6f, 0xf5, 0x4f, 0xe0, 0x0, 0x4f, 0xff, 0xff,
    0xfb, 0x4, 0xfe, 0x0, 0x0, 0x3a, 0xef, 0xd7,
    0x0,

    /* U+0133 "ĳ" */
    0x8f, 0xa0, 0x3, 0xff, 0x8, 0xfa, 0x0, 0x3f,
    0xf0, 0x12, 0x10, 0x0, 0x22, 0x8, 0xfa, 0x0,
    0x2f, 0xf0, 0x8f, 0xa0, 0x2, 0xff, 0x8, 0xfa,
    0x0, 0x2f, 0xf0, 0x8f, 0xa0, 0x2, 0xff, 0x8,
    0xfa, 0x0, 0x2f, 0xf0, 0x8f, 0xa0, 0x2, 0xff,
    0x8, 0xfa, 0x0, 0x2f, 0xf0, 0x8f, 0xa0, 0x2,
    0xff, 0x8, 0xfa, 0x0, 0x2f, 0xf0, 0x8f, 0xa0,
    0x2, 0xff, 0x8, 0xfa, 0x0, 0x2f, 0xf0, 0x0,
    0x0, 0x3, 0xfe, 0x0, 0x0, 0x3c, 0xff, 0xb0,
    0x0, 0x4, 0xff, 0xb2, 0x0,

    /* U+0134 "Ĵ" */
    0x0, 0x0, 0x0, 0xb, 0xff, 0x10, 0x0, 0x0,
    0x0, 0x5f, 0xaf, 0xa0, 0x0, 0x0, 0x1, 0xeb,
    0x6, 0xf4, 0x0, 0x0, 0x0, 0x0, 0x0, 0x0,
    0x0, 0x0, 0x0, 0x0, 0x0, 0x0, 0x0, 0x0,
    0x0, 0x7, 0xfb, 0x0, 0x0, 0x0, 0x0, 0x7,
    0xfb, 0x0, 0x0, 0x0, 0x0, 0x7, 0xfb, 0x0,
    0x0, 0x0, 0x0, 0x7, 0xfb, 0x0, 0x0, 0x0,
    0x0, 0x7, 0xfb, 0x0, 0x0, 0x0, 0x0, 0x7,
    0xfb, 0x0, 0x0, 0x0, 0x0, 0x7, 0xfb, 0x0,
    0x0, 0x0, 0x0, 0x7, 0xfb, 0x0, 0x0, 0x0,
    0x0, 0x7, 0xfb, 0x0, 0xbf, 0x70, 0x0, 0x8,
    0xfa, 0x0, 0x8f, 0xb0, 0x0, 0xc, 0xf7, 0x0,
    0x3f, 0xf7, 0x11, 0x8f, 0xf2, 0x0, 0x7, 0xff,
    0xff, 0xff, 0x70, 0x0, 0x0, 0x5c, 0xff, 0xc5,
    0x0, 0x0,

    /* U+0135 "ĵ" */
    0x0, 0x4f, 0xf8, 0x0, 0x0, 0xed, 0xbf, 0x30,
    0x7, 0xd2, 0xb, 0xa0, 0x0, 0x0, 0x0, 0x0,
    0x0, 0xf, 0xf3, 0x0, 0x0, 0xf, 0xf3, 0x0,
    0x0, 0xf, 0xf3, 0x0, 0x0, 0xf, 0xf3, 0x0,
    0x0, 0xf, 0xf3, 0x0, 0x0, 0xf, 0xf3, 0x0,
    0x0, 0xf, 0xf3, 0x0, 0x0, 0xf, 0xf3, 0x0,
    0x0, 0xf, 0xf3, 0x0, 0x0, 0xf, 0xf3, 0x0,
    0x0, 0xf, 0xf3, 0x0, 0x0, 0xf, 0xf2, 0x0,
    0xc, 0xef, 0xe0, 0x0, 0x1f, 0xfc, 0x40, 0x0,

    /* U+0136 "Ķ" */
    0x4f, 0xe0, 0x0, 0x0, 0x9f, 0xe2, 0x4f, 0xe0,
    0x0, 0x7, 0xff, 0x30, 0x4f, 0xe0, 0x0, 0x6f,
    0xf4, 0x0, 0x4f, 0xe0, 0x4, 0xff, 0x50, 0x0,
    0x4f, 0xe0, 0x3f, 0xf7, 0x0, 0x0, 0x4f, 0xe2,
    0xef, 0x90, 0x0, 0x0, 0x4f, 0xed, 0xff, 0x50,
    0x0, 0x0, 0x4f, 0xff, 0xdf, 0xf2, 0x0, 0x0,
    0x4f, 0xfc, 0xb, 0xfc, 0x0, 0x0, 0x4f, 0xe0,
    0x1, 0xef, 0x80, 0x0, 0x4f, 0xe0, 0x0, 0x4f,
    0xf4, 0x0, 0x4f, 0xe0, 0x0, 0x8, 0xfe, 0x10,
    0x4f, 0xe0, 0x0, 0x0, 0xcf, 0xb0, 0x4f, 0xe0,
    0x0, 0x0, 0x2f, 0xf7, 0x0, 0x0, 0x0, 0x0,
    0x0, 0x0, 0x0, 0x0, 0x1f, 0xf1, 0x0, 0x0,
    0x0, 0x0, 0x1f, 0xf1, 0x0, 0x0, 0x0, 0x0,
    0xa, 0xb0, 0x0, 0x0, 0x0, 0x0, 0x3f, 0x20,
    0x0, 0x0,

    /* U+0137 "ķ" */
    0x8f, 0xa0, 0x0, 0x0, 0x0, 0x8, 0xfa, 0x0,
    0x0, 0x0, 0x0, 0x8f, 0xa0, 0x0, 0x0, 0x0,
    0x8, 0xfa, 0x0, 0x2, 0xef, 0x90, 0x8f, 0xa0,
    0x1, 0xdf, 0xb0, 0x8, 0xfa, 0x0, 0xcf, 0xc0,
    0x0, 0x8f, 0xa0, 0xaf, 0xd1, 0x0, 0x8, 0xfa,
    0x8f, 0xf2, 0x0, 0x0, 0x8f, 0xef, 0xff, 0x80,
    0x0, 0x8, 0xff, 0xe5, 0xff, 0x30, 0x0, 0x8f,
    0xf3, 0x8, 0xfd, 0x0, 0x8, 0xfa, 0x0, 0xd,
    0xf8, 0x0, 0x8f, 0xa0, 0x0, 0x3f, 0xf3, 0x8,
    0xfa, 0x0, 0x0, 0x8f, 0xd0, 0x0, 0x0, 0x0,
    0x0, 0x0, 0x0, 0x0, 0xf, 0xf2, 0x0, 0x0,
    0x0, 0x1, 0xff, 0x20, 0x0, 0x0, 0x0, 0x9,
    0xc0, 0x0, 0x0, 0x0, 0x2, 0xf3, 0x0, 0x0,
    0x0,

    /* U+0138 "ĸ" */
    0xbf, 0x10, 0x9, 0xf8, 0xbf, 0x10, 0x4f, 0xa4,
    0xbf, 0x10, 0xbc, 0x0, 0xbf, 0x12, 0xf6, 0x0,
    0xbf, 0x1a, 0xe0, 0x0, 0xbf, 0xff, 0x30, 0x0,
    0xbf, 0x4c, 0xe2, 0x0, 0xbf, 0x11, 0xfd, 0x0,
    0xbf, 0x10, 0x7f, 0x70, 0xbf, 0x10, 0xd, 0xf1,
    0xbf, 0x10, 0x4, 0xfa,

    /* U+0139 "Ĺ" */
    0x0, 0xbb, 0x10, 0x0, 0x0, 0x7, 0xf8, 0x0,
    0x0, 0x0, 0xe, 0xd0, 0x0, 0x0, 0x0, 0x0,
    0x0, 0x0, 0x0, 0x0, 0x0, 0x0, 0x0, 0x0,
    0x0, 0x4f, 0xe0, 0x0, 0x0, 0x0, 0x4f, 0xe0,
    0x0, 0x0, 0x0, 0x4f, 0xe0, 0x0, 0x0, 0x0,
    0x4f, 0xe0, 0x0, 0x0, 0x0, 0x4f, 0xe0, 0x0,
    0x0, 0x0, 0x4f, 0xe0, 0x0, 0x0, 0x0, 0x4f,
    0xe0, 0x0, 0x0, 0x0, 0x4f, 0xe0, 0x0, 0x0,
    0x0, 0x4f, 0xe0, 0x0, 0x0, 0x0, 0x4f, 0xe0,
    0x0, 0x0, 0x0, 0x4f, 0xe0, 0x0, 0x0, 0x0,
    0x4f, 0xe0, 0x0, 0x0, 0x0, 0x4f, 0xff, 0xff,
    0xff, 0xfc, 0x4f, 0xff, 0xff, 0xff, 0xfc,

    /* U+013A "ĺ" */
    0x3, 0xb9, 0x0, 0xbf, 0x40, 0x2f, 0xa0, 0x0,
    0x0, 0x0, 0x8f, 0xa0, 0x8, 0xfa, 0x0, 0x8f,
    0xa0, 0x8, 0xfa, 0x0, 0x8f, 0xa0, 0x8, 0xfa,
    0x0, 0x8f, 0xa0, 0x8, 0xfa, 0x0, 0x8f, 0xa0,
    0x8, 0xfa, 0x0, 0x8f, 0xa0, 0x7, 0xfa, 0x0,
    0x5f, 0xfc, 0x20, 0xaf, 0xf3,

    /* U+013B "Ļ" */
    0x4f, 0xe0, 0x0, 0x0, 0x0, 0x4f, 0xe0, 0x0,
    0x0, 0x0, 0x4f, 0xe0, 0x0, 0x0, 0x0, 0x4f,
    0xe0, 0x0, 0x0, 0x0, 0x4f, 0xe0, 0x0, 0x0,
    0x0, 0x4f, 0xe0, 0x0, 0x0, 0x0, 0x4f, 0xe0,
    0x0, 0x0, 0x0, 0x4f, 0xe0, 0x0, 0x0, 0x0,
    0x4f, 0xe0, 0x0, 0x0, 0x0, 0x4f, 0xe0, 0x0,
    0x0, 0x0, 0x4f, 0xe0, 0x0, 0x0, 0x0, 0x4f,
    0xe0, 0x0, 0x0, 0x0, 0x4f, 0xff, 0xff, 0xff,
    0xfc, 0x4f, 0xff, 0xff, 0xff, 0xfc, 0x0, 0x0,
    0x0, 0x0, 0x0, 0x0, 0x0, 0xdf, 0x50, 0x0,
    0x0, 0x0, 0xdf, 0x50, 0x0, 0x0, 0x0, 0x6e,
    0x0, 0x0, 0x0, 0x0, 0xe6, 0x0, 0x0,

    /* U+013C "ļ" */
    0x8f, 0xa0, 0x8, 0xfa, 0x0, 0x8f, 0xa0, 0x8,
    0xfa, 0x0, 0x8f, 0xa0, 0x8, 0xfa, 0x0, 0x8f,
    0xa0, 0x8, 0xfa, 0x0, 0x8f, 0xa0, 0x8, 0xfa,
    0x0, 0x8f, 0xa0, 0x7, 0xfa, 0x0, 0x5f, 0xfc,
    0x20, 0xaf, 0xf3, 0x0, 0x0, 0x0, 0xaf, 0x80,
    0xb, 0xf8, 0x0, 0x3f, 0x20, 0xc, 0x90, 0x0,

    /* U+013D "Ľ" */
    0x4f, 0xe0, 0x0, 0x9, 0xf5, 0x4f, 0xe0, 0x0,
    0xb, 0xf2, 0x4f, 0xe0, 0x0, 0xc, 0xf0, 0x4f,
    0xe0, 0x0, 0xe, 0xc0, 0x4f, 0xe0, 0x0, 0xf,
    0x90, 0x4f, 0xe0, 0x0, 0x5, 0x20, 0x4f, 0xe0,
    0x0, 0x0, 0x0, 0x4f, 0xe0, 0x0, 0x0, 0x0,
    0x4f, 0xe0, 0x0, 0x0, 0x0, 0x4f, 0xe0, 0x0,
    0x0, 0x0, 0x4f, 0xe0, 0x0, 0x0, 0x0, 0x4f,
    0xe0, 0x0, 0x0, 0x0, 0x4f, 0xff, 0xff, 0xff,
    0xfc, 0x4f, 0xff, 0xff, 0xff, 0xfc,

    /* U+013E "ľ" */
    0x8f, 0xa0, 0xbf, 0x38, 0xfa, 0xd, 0xf0, 0x8f,
    0xa0, 0xfd, 0x8, 0xfa, 0xf, 0xa0, 0x8f, 0xa2,
    0xf6, 0x8, 0xfa, 0x15, 0x10, 0x8f, 0xa0, 0x0,
    0x8, 0xfa, 0x0, 0x0, 0x8f, 0xa0, 0x0, 0x8,
    0xfa, 0x0, 0x0, 0x8f, 0xa0, 0x0, 0x7, 0xfa,
    0x0, 0x0, 0x5f, 0xfc, 0x20, 0x0, 0xaf, 0xf3,
    0x0,

    /* U+013F "Ŀ" */
    0x8f, 0x60, 0x0, 0x0, 0x0, 0x8f, 0x60, 0x0,
    0x0, 0x0, 0x8f, 0x60, 0x0, 0x0, 0x0, 0x8f,
    0x60, 0x0, 0x0, 0x0, 0x8f, 0x60, 0x0, 0x0,
    0x0, 0x8f, 0x60, 0x0, 0x0, 0x0, 0x8f, 0x60,
    0x1, 0x10, 0x0, 0x8f, 0x60, 0xf, 0xd0, 0x0,
    0x8f, 0x60, 0xf, 0xd0, 0x0, 0x8f, 0x60, 0x0,
    0x0, 0x0, 0x8f, 0x60, 0x0, 0x0, 0x0, 0x8f,
    0x60, 0x0, 0x0, 0x0, 0x8f, 0x60, 0x0, 0x0,
    0x0, 0x8f, 0xdc, 0xcc, 0xcc, 0xc5, 0x8f, 0xff,
    0xff, 0xff, 0xf7,

    /* U+0140 "ŀ" */
    0xaf, 0x10, 0x0, 0xaf, 0x10, 0x0, 0xaf, 0x10,
    0x0, 0xaf, 0x10, 0x0, 0xaf, 0x10, 0x0, 0xaf,
    0x10, 0x0, 0xaf, 0x10, 0x10, 0xaf, 0x18, 0xf4,
    0xaf, 0x18, 0xf4, 0xaf, 0x10, 0x0, 0xaf, 0x10,
    0x0, 0xaf, 0x10, 0x0, 0xaf, 0x10, 0x0, 0xaf,
    0x10, 0x0, 0xaf, 0x10, 0x0,

    /* U+0141 "Ł" */
    0x4, 0xfe, 0x0, 0x0, 0x0, 0x0, 0x4f, 0xe0,
    0x0, 0x0, 0x0, 0x4, 0xfe, 0x0, 0x0, 0x0,
    0x0, 0x4f, 0xe0, 0x0, 0x0, 0x0, 0x4, 0xfe,
    0x5, 0x90, 0x0, 0x0, 0x4f, 0xfd, 0xfb, 0x0,
    0x0, 0x9, 0xff, 0xd5, 0x0, 0x0, 0xa, 0xff,
    0xf0, 0x0, 0x0, 0x0, 0x89, 0xfe, 0x0, 0x0,
    0x0, 0x0, 0x4f, 0xe0, 0x0, 0x0, 0x0, 0x4,
    0xfe, 0x0, 0x0, 0x0, 0x0, 0x4f, 0xe0, 0x0,
    0x0, 0x0, 0x4, 0xff, 0xff, 0xff, 0xff, 0xc0,
    0x4f, 0xff, 0xff, 0xff, 0xfc,

    /* U+0142 "ł" */
    0x8, 0xfa, 0x0, 0x8, 0xfa, 0x0, 0x8, 0xfa,
    0x0, 0x8, 0xfa, 0x0, 0x8, 0xfb, 0x82, 0xa,
    0xff, 0xf2, 0xaf, 0xff, 0x0, 0xbe, 0xfa, 0x0,
    0x8, 0xfa, 0x0, 0x8, 0xfa, 0x0, 0x8, 0xfa,
    0x0, 0x7, 0xfa, 0x0, 0x5, 0xff, 0xc2, 0x0,
    0xaf, 0xf3,

    /* U+0143 "Ń" */
    0x0, 0x0, 0x0, 0x1b, 0xa0, 0x0, 0x0, 0x0,
    0x0, 0x9, 0xf6, 0x0, 0x0, 0x0, 0x0, 0x1,
    0xfb, 0x0, 0x0, 0x0, 0x0, 0x0, 0x0, 0x0,
    0x0, 0x0, 0x0, 0x0, 0x0, 0x0, 0x0, 0x0,
    0x4, 0xff, 0xb0, 0x0, 0x0, 0xf, 0xf3, 0x4f,
    0xff, 0x50, 0x0, 0x0, 0xff, 0x34, 0xff, 0xfd,
    0x0, 0x0, 0xf, 0xf3, 0x4f, 0xeb, 0xf7, 0x0,
    0x0, 0xff, 0x34, 0xfe, 0x2f, 0xf1, 0x0, 0xf,
    0xf3, 0x4f, 0xe0, 0x9f, 0x90, 0x0, 0xff, 0x34,
    0xfe, 0x1, 0xef, 0x30, 0xf, 0xf3, 0x4f, 0xe0,
    0x6, 0xfc, 0x0, 0xff, 0x34, 0xfe, 0x0, 0xd,
    0xf5, 0xf, 0xf3, 0x4f, 0xe0, 0x0, 0x4f, 0xe0,
    0xff, 0x34, 0xfe, 0x0, 0x0, 0xbf, 0x7f, 0xf3,
    0x4f, 0xe0, 0x0, 0x2, 0xff, 0xff, 0x34, 0xfe,
    0x0, 0x0, 0x8, 0xff, 0xf3, 0x4f, 0xe0, 0x0,
    0x0, 0xe, 0xff, 0x30,

    /* U+0144 "ń" */
    0x0, 0x0, 0xf, 0xf2, 0x0, 0x0, 0x0, 0x7f,
    0x70, 0x0, 0x0, 0x0, 0x99, 0x0, 0x0, 0x8f,
    0x74, 0xcf, 0xe8, 0x0, 0x8f, 0xaf, 0xed, 0xff,
    0x90, 0x8f, 0xf7, 0x0, 0x6f, 0xf1, 0x8f, 0xd0,
    0x0, 0xe, 0xf4, 0x8f, 0xa0, 0x0, 0xd, 0xf4,
    0x8f, 0xa0, 0x0, 0xc, 0xf5, 0x8f, 0xa0, 0x0,
    0xc, 0xf5, 0x8f, 0xa0, 0x0, 0xc, 0xf5, 0x8f,
    0xa0, 0x0, 0xc, 0xf5, 0x8f, 0xa0, 0x0, 0xc,
    0xf5, 0x8f, 0xa0, 0x0, 0xc, 0xf5,

    /* U+0145 "Ņ" */
    0x4f, 0xfb, 0x0, 0x0, 0x0, 0xff, 0x34, 0xff,
    0xf5, 0x0, 0x0, 0xf, 0xf3, 0x4f, 0xff, 0xd0,
    0x0, 0x0, 0xff, 0x34, 0xfe, 0xbf, 0x70, 0x0,
    0xf, 0xf3, 0x4f, 0xe2, 0xff, 0x10, 0x0, 0xff,
    0x34, 0xfe, 0x9, 0xf9, 0x0, 0xf, 0xf3, 0x4f,
    0xe0, 0x1e, 0xf3, 0x0, 0xff, 0x34, 0xfe, 0x0,
    0x6f, 0xc0, 0xf, 0xf3, 0x4f, 0xe0, 0x0, 0xdf,
    0x50, 0xff, 0x34, 0xfe, 0x0, 0x4, 0xfe, 0xf,
    0xf3, 0x4f, 0xe0, 0x0, 0xb, 0xf7, 0xff, 0x34,
    0xfe, 0x0, 0x0, 0x2f, 0xff, 0xf3, 0x4f, 0xe0,
    0x0, 0x0, 0x8f, 0xff, 0x34, 0xfe, 0x0, 0x0,
    0x0, 0xef, 0xf3, 0x0, 0x0, 0x0, 0x0, 0x0,
    0x0, 0x0, 0x0, 0x0, 0xaf, 0x80, 0x0, 0x0,
    0x0, 0x0, 0xa, 0xf8, 0x0, 0x0, 0x0, 0x0,
    0x0, 0x3f, 0x30, 0x0, 0x0, 0x0, 0x0, 0xb,
    0xa0, 0x0, 0x0, 0x0,

    /* U+0146 "ņ" */
    0x8f, 0x74, 0xcf, 0xe8, 0x0, 0x8f, 0xaf, 0xed,
    0xff, 0x90, 0x8f, 0xf7, 0x0, 0x6f, 0xf1, 0x8f,
    0xd0, 0x0, 0xe, 0xf4, 0x8f, 0xa0, 0x0, 0xd,
    0xf4, 0x8f, 0xa0, 0x0, 0xc, 0xf5, 0x8f, 0xa0,
    0x0, 0xc, 0xf5, 0x8f, 0xa0, 0x0, 0xc, 0xf5,
    0x8f, 0xa0, 0x0, 0xc, 0xf5, 0x8f, 0xa0, 0x0,
    0xc, 0xf5, 0x8f, 0xa0, 0x0, 0xc, 0xf5, 0x0,
    0x0, 0x0, 0x0, 0x0, 0x0, 0x2, 0xff, 0x0,
    0x0, 0x0, 0x3, 0xff, 0x0, 0x0, 0x0, 0x0,
    0xba, 0x0, 0x0, 0x0, 0x4, 0xf1, 0x0, 0x0,

    /* U+0147 "Ň" */
    0x0, 0x0, 0x74, 0x1, 0x83, 0x0, 0x0, 0x0,
    0xa, 0xf2, 0xbe, 0x10, 0x0, 0x0, 0x0, 0x1f,
    0xff, 0x60, 0x0, 0x0, 0x0, 0x0, 0x48, 0x70,
    0x0, 0x0, 0x0, 0x0, 0x0, 0x0, 0x0, 0x0,
    0x4, 0xff, 0xb0, 0x0, 0x0, 0xf, 0xf3, 0x4f,
    0xff, 0x50, 0x0, 0x0, 0xff, 0x34, 0xff, 0xfd,
    0x0, 0x0, 0xf, 0xf3, 0x4f, 0xeb, 0xf7, 0x0,
    0x0, 0xff, 0x34, 0xfe, 0x2f, 0xf1, 0x0, 0xf,
    0xf3, 0x4f, 0xe0, 0x9f, 0x90, 0x0, 0xff, 0x34,
    0xfe, 0x1, 0xef, 0x30, 0xf, 0xf3, 0x4f, 0xe0,
    0x6, 0xfc, 0x0, 0xff, 0x34, 0xfe, 0x0, 0xd,
    0xf5, 0xf, 0xf3, 0x4f, 0xe0, 0x0, 0x4f, 0xe0,
    0xff, 0x34, 0xfe, 0x0, 0x0, 0xbf, 0x7f, 0xf3,
    0x4f, 0xe0, 0x0, 0x2, 0xff, 0xff, 0x34, 0xfe,
    0x0, 0x0, 0x8, 0xff, 0xf3, 0x4f, 0xe0, 0x0,
    0x0, 0xe, 0xff, 0x30,

    /* U+0148 "ň" */
    0x0, 0xac, 0x1, 0xd8, 0x0, 0x0, 0x2f, 0x9c,
    0xe0, 0x0, 0x0, 0x7, 0xff, 0x40, 0x0, 0x0,
    0x0, 0x0, 0x0, 0x0, 0x8f, 0x74, 0xcf, 0xe8,
    0x0, 0x8f, 0xaf, 0xed, 0xff, 0x90, 0x8f, 0xf7,
    0x0, 0x6f, 0xf1, 0x8f, 0xd0, 0x0, 0xe, 0xf4,
    0x8f, 0xa0, 0x0, 0xd, 0xf4, 0x8f, 0xa0, 0x0,
    0xc, 0xf5, 0x8f, 0xa0, 0x0, 0xc, 0xf5, 0x8f,
    0xa0, 0x0, 0xc, 0xf5, 0x8f, 0xa0, 0x0, 0xc,
    0xf5, 0x8f, 0xa0, 0x0, 0xc, 0xf5, 0x8f, 0xa0,
    0x0, 0xc, 0xf5,

    /* U+0149 "ŉ" */
    0xe, 0xf0, 0x0, 0x0, 0x0, 0x0, 0x0, 0xef,
    0x0, 0x0, 0x0, 0x0, 0x0, 0x2, 0xe0, 0x0,
    0x0, 0x0, 0x0, 0x0, 0x79, 0x0, 0x0, 0x0,
    0x0, 0x0, 0x6, 0x4, 0xf5, 0x7d, 0xfe, 0x80,
    0x0, 0x0, 0x4f, 0xde, 0x76, 0xbf, 0xa0, 0x0,
    0x4, 0xfe, 0x10, 0x0, 0xdf, 0x0, 0x0, 0x4f,
    0x90, 0x0, 0xa, 0xf2, 0x0, 0x4, 0xf8, 0x0,
    0x0, 0x9f, 0x20, 0x0, 0x4f, 0x70, 0x0, 0x9,
    0xf2, 0x0, 0x4, 0xf7, 0x0, 0x0, 0x9f, 0x20,
    0x0, 0x4f, 0x70, 0x0, 0x9, 0xf2, 0x0, 0x4,
    0xf7, 0x0, 0x0, 0x9f, 0x20, 0x0, 0x4f, 0x70,
    0x0, 0x9, 0xf2, 0x0, 0x4, 0xf7, 0x0, 0x0,
    0x9f, 0x20,

    /* U+014A "Ŋ" */
    0x4f, 0xfb, 0x0, 0x0, 0x0, 0xff, 0x34, 0xff,
    0xf5, 0x0, 0x0, 0xf, 0xf3, 0x4f, 0xff, 0xd0,
    0x0, 0x0, 0xff, 0x34, 0xfe, 0xbf, 0x70, 0x0,
    0xf, 0xf3, 0x4f, 0xe2, 0xff, 0x10, 0x0, 0xff,
    0x34, 0xfe, 0x9, 0xfa, 0x0, 0xf, 0xf3, 0x4f,
    0xe0, 0x1e, 0xf3, 0x0, 0xff, 0x34, 0xfe, 0x0,
    0x6f, 0xc0, 0xf, 0xf3, 0x4f, 0xe0, 0x0, 0xdf,
    0x50, 0xff, 0x34, 0xfe, 0x0, 0x4, 0xfe, 0xf,
    0xf3, 0x4f, 0xe0, 0x0, 0xb, 0xf8, 0xff, 0x34,
    0xfe, 0x0, 0x0, 0x2f, 0xff, 0xf3, 0x4f, 0xe0,
    0x0, 0x0, 0x8f, 0xff, 0x54, 0xfe, 0x0, 0x0,
    0x0, 0xef, 0xf6, 0x0, 0x0, 0x0, 0x0, 0x0,
    0xff, 0x10, 0x0, 0x0, 0x1, 0xcc, 0xef, 0xd0,
    0x0, 0x0, 0x0, 0x2f, 0xff, 0xb2, 0x0,

    /* U+014B "ŋ" */
    0x8f, 0x74, 0xcf, 0xe8, 0x0, 0x8f, 0xaf, 0xed,
    0xff, 0x90, 0x8f, 0xf7, 0x0, 0x6f, 0xf1, 0x8f,
    0xd0, 0x0, 0xe, 0xf4, 0x8f, 0xa0, 0x0, 0xd,
    0xf4, 0x8f, 0xa0, 0x0, 0xc, 0xf5, 0x8f, 0xa0,
    0x0, 0xc, 0xf5, 0x8f, 0xa0, 0x0, 0xc, 0xf5,
    0x8f, 0xa0, 0x0, 0xc, 0xf5, 0x8f, 0xa0, 0x0,
    0xf, 0xfa, 0x8f, 0xa0, 0x0, 0xf, 0xfa, 0x0,
    0x0, 0x0, 0xe, 0xf4, 0x0, 0x0, 0x6a, 0xdf,
    0xe0, 0x0, 0x0, 0x9f, 0xfc, 0x30,

    /* U+014C "Ō" */
    0x0, 0x0, 0x4f, 0xff, 0xff, 0x40, 0x0, 0x0,
    0x0, 0x3, 0xbb, 0xbb, 0xb3, 0x0, 0x0, 0x0,
    0x0, 0x0, 0x0, 0x0, 0x0, 0x0, 0x0, 0x0,
    0x0, 0x0, 0x0, 0x0, 0x0, 0x0, 0x0, 0x0,
    0x5b, 0xef, 0xeb, 0x50, 0x0, 0x0, 0x1, 0xcf,
    0xff, 0xff, 0xff, 0xc1, 0x0, 0x0, 0xcf, 0xf7,
    0x20, 0x17, 0xff, 0xc0, 0x0, 0x6f, 0xf3, 0x0,
    0x0, 0x3, 0xff, 0x60, 0xc, 0xf9, 0x0, 0x0,
    0x0, 0x9, 0xfc, 0x0, 0xff, 0x40, 0x0, 0x0,
    0x0, 0x4f, 0xf0, 0x1f, 0xf2, 0x0, 0x0, 0x0,
    0x2, 0xff, 0x11, 0xff, 0x20, 0x0, 0x0, 0x0,
    0x2f, 0xf1, 0xf, 0xf4, 0x0, 0x0, 0x0, 0x4,
    0xff, 0x0, 0xcf, 0x90, 0x0, 0x0, 0x0, 0x9f,
    0xc0, 0x6, 0xff, 0x30, 0x0, 0x0, 0x2f, 0xf6,
    0x0, 0xc, 0xff, 0x71, 0x1, 0x6f, 0xfc, 0x0,
    0x0, 0x1c, 0xff, 0xff, 0xff, 0xfc, 0x10, 0x0,
    0x0, 0x5, 0xbe, 0xfe, 0xb6, 0x0, 0x0,

    /* U+014D "ō" */
    0x0, 0xe, 0xff, 0xff, 0xb0, 0x0, 0x0, 0xab,
    0xbb, 0xb7, 0x0, 0x0, 0x0, 0x0, 0x0, 0x0,
    0x0, 0x0, 0x6c, 0xfe, 0xb4, 0x0, 0x0, 0xbf,
    0xfe, 0xff, 0xf7, 0x0, 0x7f, 0xf4, 0x0, 0x7f,
    0xf3, 0xd, 0xf7, 0x0, 0x0, 0xbf, 0x90, 0xff,
    0x20, 0x0, 0x6, 0xfd, 0x2f, 0xf1, 0x0, 0x0,
    0x5f, 0xe0, 0xff, 0x20, 0x0, 0x6, 0xfd, 0xd,
    0xf7, 0x0, 0x0, 0xbf, 0x90, 0x7f, 0xf4, 0x0,
    0x7f, 0xf3, 0x0, 0xbf, 0xff, 0xff, 0xf7, 0x0,
    0x0, 0x6c, 0xfe, 0xb4, 0x0,

    /* U+014E "Ŏ" */
    0x0, 0x0, 0xf, 0x71, 0x2d, 0x80, 0x0, 0x0,
    0x0, 0x0, 0x5e, 0xff, 0xc1, 0x0, 0x0, 0x0,
    0x0, 0x0, 0x2, 0x10, 0x0, 0x0, 0x0, 0x0,
    0x0, 0x0, 0x0, 0x0, 0x0, 0x0, 0x0, 0x0,
    0x39, 0xdf, 0xec, 0x70, 0x0, 0x0, 0x0, 0x8f,
    0xfd, 0xbc, 0xff, 0xe2, 0x0, 0x0, 0x7f, 0xe4,
    0x0, 0x0, 0x8f, 0xe1, 0x0, 0x2f, 0xe1, 0x0,
    0x0, 0x0, 0x8f, 0xb0, 0x9, 0xf7, 0x0, 0x0,
    0x0, 0x0, 0xef, 0x20, 0xdf, 0x20, 0x0, 0x0,
    0x0, 0x9, 0xf6, 0xf, 0xf0, 0x0, 0x0, 0x0,
    0x0, 0x6f, 0x80, 0xfe, 0x0, 0x0, 0x0, 0x0,
    0x5, 0xf9, 0xf, 0xf0, 0x0, 0x0, 0x0, 0x0,
    0x6f, 0x90, 0xdf, 0x10, 0x0, 0x0, 0x0, 0x9,
    0xf6, 0x9, 0xf7, 0x0, 0x0, 0x0, 0x0, 0xef,
    0x20, 0x2f, 0xf2, 0x0, 0x0, 0x0, 0x7f, 0xb0,
    0x0, 0x7f, 0xe4, 0x0, 0x0, 0x8f, 0xe2, 0x0,
    0x0, 0x7f, 0xfd, 0xbc, 0xff, 0xe3, 0x0, 0x0,
    0x0, 0x39, 0xdf, 0xfc, 0x70, 0x0, 0x0,

    /* U+014F "ŏ" */
    0x0, 0x3f, 0x40, 0x3f, 0x40, 0x0, 0x0, 0x7f,
    0xff, 0x90, 0x0, 0x0, 0x0, 0x12, 0x10, 0x0,
    0x0, 0x0, 0x0, 0x0, 0x0, 0x0, 0x0, 0x18,
    0xef, 0xe9, 0x10, 0x0, 0x1e, 0xfb, 0x8b, 0xfe,
    0x20, 0xa, 0xf6, 0x0, 0x5, 0xfc, 0x0, 0xfd,
    0x0, 0x0, 0xb, 0xf2, 0x3f, 0x90, 0x0, 0x0,
    0x7f, 0x54, 0xf8, 0x0, 0x0, 0x6, 0xf6, 0x3f,
    0xa0, 0x0, 0x0, 0x8f, 0x50, 0xfd, 0x0, 0x0,
    0xc, 0xf2, 0xb, 0xf7, 0x0, 0x4, 0xfc, 0x0,
    0x1e, 0xfc, 0x8a, 0xfe, 0x20, 0x0, 0x18, 0xdf,
    0xe9, 0x10, 0x0,

    /* U+0150 "Ő" */
    0x0, 0x0, 0x0, 0x8b, 0x49, 0xb3, 0x0, 0x0,
    0x0, 0x0, 0x2f, 0xd3, 0xfc, 0x0, 0x0, 0x0,
    0x0, 0x9, 0xf3, 0xbf, 0x20, 0x0, 0x0, 0x0,
    0x0, 0x0, 0x0, 0x0, 0x0, 0x0, 0x0, 0x0,
    0x0, 0x0, 0x0, 0x0, 0x0, 0x0, 0x0, 0x5,
    0xbe, 0xfe, 0xb5, 0x0, 0x0, 0x0, 0x1c, 0xff,
    0xff, 0xff, 0xfc, 0x10, 0x0, 0xc, 0xff, 0x72,
    0x1, 0x7f, 0xfc, 0x0, 0x6, 0xff, 0x30, 0x0,
    0x0, 0x3f, 0xf6, 0x0, 0xcf, 0x90, 0x0, 0x0,
    0x0, 0x9f, 0xc0, 0xf, 0xf4, 0x0, 0x0, 0x0,
    0x4, 0xff, 0x1, 0xff, 0x20, 0x0, 0x0, 0x0,
    0x2f, 0xf1, 0x1f, 0xf2, 0x0, 0x0, 0x0, 0x2,
    0xff, 0x10, 0xff, 0x40, 0x0, 0x0, 0x0, 0x4f,
    0xf0, 0xc, 0xf9, 0x0, 0x0, 0x0, 0x9, 0xfc,
    0x0, 0x6f, 0xf3, 0x0, 0x0, 0x2, 0xff, 0x60,
    0x0, 0xcf, 0xf7, 0x10, 0x16, 0xff, 0xc0, 0x0,
    0x1, 0xcf, 0xff, 0xff, 0xff, 0xc1, 0x0, 0x0,
    0x0, 0x5b, 0xef, 0xeb, 0x60, 0x0, 0x0,

    /* U+0151 "ő" */
    0x0, 0x0, 0x7f, 0xa8, 0xf9, 0x0, 0x0, 0xe,
    0xe2, 0xee, 0x0, 0x0, 0x3, 0xb5, 0x4b, 0x40,
    0x0, 0x0, 0x6c, 0xfe, 0xb4, 0x0, 0x0, 0xbf,
    0xfe, 0xff, 0xf7, 0x0, 0x7f, 0xf4, 0x0, 0x7f,
    0xf3, 0xd, 0xf7, 0x0, 0x0, 0xbf, 0x90, 0xff,
    0x20, 0x0, 0x6, 0xfd, 0x2f, 0xf1, 0x0, 0x0,
    0x5f, 0xe0, 0xff, 0x20, 0x0, 0x6, 0xfd, 0xd,
    0xf7, 0x0, 0x0, 0xbf, 0x90, 0x7f, 0xf4, 0x0,
    0x7f, 0xf3, 0x0, 0xbf, 0xff, 0xff, 0xf7, 0x0,
    0x0, 0x6c, 0xfe, 0xb4, 0x0,

    /* U+0152 "Œ" */
    0x0, 0x0, 0x5b, 0xef, 0xea, 0x40, 0xef, 0xff,
    0xff, 0xff, 0xb0, 0x1, 0xcf, 0xff, 0xff, 0xff,
    0x9e, 0xff, 0xff, 0xff, 0xfb, 0x0, 0xcf, 0xf7,
    0x20, 0x27, 0xff, 0xff, 0x40, 0x0, 0x0, 0x0,
    0x6f, 0xf3, 0x0, 0x0, 0x3, 0xff, 0xf4, 0x0,
    0x0, 0x0, 0xb, 0xf9, 0x0, 0x0, 0x0, 0x9,
    0xff, 0x40, 0x0, 0x0, 0x0, 0xff, 0x40, 0x0,
    0x0, 0x0, 0x4f, 0xff, 0xff, 0xff, 0xf7, 0x1f,
    0xf2, 0x0, 0x0, 0x0, 0x2, 0xff, 0xff, 0xff,
    0xff, 0x81, 0xff, 0x20, 0x0, 0x0, 0x0, 0x2f,
    0xf4, 0x0, 0x0, 0x0, 0xf, 0xf4, 0x0, 0x0,
    0x0, 0x4, 0xff, 0x40, 0x0, 0x0, 0x0, 0xcf,
    0x90, 0x0, 0x0, 0x0, 0x9f, 0xf4, 0x0, 0x0,
    0x0, 0x6, 0xff, 0x30, 0x0, 0x0, 0x3f, 0xff,
    0x40, 0x0, 0x0, 0x0, 0xc, 0xff, 0x71, 0x1,
    0x7f, 0xff, 0xf4, 0x0, 0x0, 0x0, 0x0, 0x1c,
    0xff, 0xff, 0xff, 0xf9, 0xef, 0xff, 0xff, 0xff,
    0xe0, 0x0, 0x5, 0xbe, 0xfe, 0xb4, 0xe, 0xff,
    0xff, 0xff, 0xfe,

    /* U+0153 "œ" */
    0x0, 0x6, 0xcf, 0xeb, 0x40, 0x7, 0xdf, 0xea,
    0x20, 0x0, 0xb, 0xff, 0xef, 0xff, 0x8c, 0xff,
    0xef, 0xff, 0x40, 0x7, 0xff, 0x40, 0x7, 0xff,
    0xfd, 0x20, 0x8, 0xfe, 0x0, 0xdf, 0x70, 0x0,
    0xb, 0xff, 0x30, 0x0, 0xd, 0xf4, 0xf, 0xf2,
    0x0, 0x0, 0x9f, 0xfa, 0xaa, 0xaa, 0xef, 0x72,
    0xff, 0x10, 0x0, 0x8, 0xff, 0xff, 0xff, 0xff,
    0xf9, 0xf, 0xf2, 0x0, 0x0, 0x9f, 0xf0, 0x0,
    0x0, 0x0, 0x0, 0xdf, 0x70, 0x0, 0xb, 0xff,
    0x40, 0x0, 0x5, 0x62, 0x7, 0xff, 0x40, 0x7,
    0xff, 0xfd, 0x30, 0x7, 0xff, 0x0, 0xb, 0xff,
    0xff, 0xff, 0x8c, 0xff, 0xef, 0xff, 0x50, 0x0,
    0x6, 0xcf, 0xeb, 0x40, 0x7, 0xdf, 0xeb, 0x30,
    0x0,

    /* U+0154 "Ŕ" */
    0x0, 0x0, 0x0, 0xbb, 0x10, 0x0, 0x0, 0x0,
    0x7, 0xf8, 0x0, 0x0, 0x0, 0x0, 0xe, 0xd0,
    0x0, 0x0, 0x0, 0x0, 0x0, 0x0, 0x0, 0x0,
    0x0, 0x0, 0x0, 0x0, 0x0, 0x0, 0x4f, 0xff,
    0xff, 0xfe, 0xa3, 0x0, 0x4f, 0xff, 0xff, 0xff,
    0xff, 0x50, 0x4f, 0xe0, 0x0, 0x3, 0xbf, 0xe0,
    0x4f, 0xe0, 0x0, 0x0, 0x1f, 0xf3, 0x4f, 0xe0,
    0x0, 0x0, 0xf, 0xf3, 0x4f, 0xe0, 0x0, 0x2,
    0xbf, 0xe0, 0x4f, 0xff, 0xff, 0xff, 0xff, 0x40,
    0x4f, 0xff, 0xff, 0xff, 0xf8, 0x0, 0x4f, 0xe0,
    0x0, 0x1, 0xaf, 0x90, 0x4f, 0xe0, 0x0, 0x0,
    0x2f, 0xf0, 0x4f, 0xe0, 0x0, 0x0, 0xf, 0xf1,
    0x4f, 0xe0, 0x0, 0x0, 0xf, 0xf3, 0x4f, 0xe0,
    0x0, 0x0, 0xd, 0xf4, 0x4f, 0xe0, 0x0, 0x0,
    0xc, 0xf6,

    /* U+0155 "ŕ" */
    0x0, 0xc, 0xf5, 0x0, 0x3, 0xfb, 0x0, 0x0,
    0x6b, 0x10, 0x8, 0xf7, 0x7e, 0xf1, 0x8f, 0xbf,
    0xfe, 0x8, 0xff, 0x60, 0x0, 0x8f, 0xc0, 0x0,
    0x8, 0xfa, 0x0, 0x0, 0x8f, 0xa0, 0x0, 0x8,
    0xfa, 0x0, 0x0, 0x8f, 0xa0, 0x0, 0x8, 0xfa,
    0x0, 0x0, 0x8f, 0xa0, 0x0, 0x8, 0xfa, 0x0,
    0x0,

    /* U+0156 "Ŗ" */
    0x4f, 0xff, 0xff, 0xfe, 0xa3, 0x0, 0x4f, 0xff,
    0xff, 0xff, 0xff, 0x50, 0x4f, 0xe0, 0x0, 0x3,
    0xbf, 0xe0, 0x4f, 0xe0, 0x0, 0x0, 0x1f, 0xf3,
    0x4f, 0xe0, 0x0, 0x0, 0xf, 0xf3, 0x4f, 0xe0,
    0x0, 0x2, 0xbf, 0xe0, 0x4f, 0xff, 0xff, 0xff,
    0xff, 0x40, 0x4f, 0xff, 0xff, 0xff, 0xf8, 0x0,
    0x4f, 0xe0, 0x0, 0x1, 0xaf, 0x90, 0x4f, 0xe0,
    0x0, 0x0, 0x2f, 0xf0, 0x4f, 0xe0, 0x0, 0x0,
    0xf, 0xf1, 0x4f, 0xe0, 0x0, 0x0, 0xf, 0xf3,
    0x4f, 0xe0, 0x0, 0x0, 0xd, 0xf4, 0x4f, 0xe0,
    0x0, 0x0, 0xc, 0xf6, 0x0, 0x0, 0x0, 0x0,
    0x0, 0x0, 0x0, 0x0, 0xf, 0xf2, 0x0, 0x0,
    0x0, 0x0, 0xf, 0xf2, 0x0, 0x0, 0x0, 0x0,
    0x9, 0xc0, 0x0, 0x0, 0x0, 0x0, 0x2f, 0x30,
    0x0, 0x0,

    /* U+0157 "ŗ" */
    0x8f, 0x77, 0xef, 0x18, 0xfb, 0xff, 0xe0, 0x8f,
    0xf6, 0x0, 0x8, 0xfc, 0x0, 0x0, 0x8f, 0xa0,
    0x0, 0x8, 0xfa, 0x0, 0x0, 0x8f, 0xa0, 0x0,
    0x8, 0xfa, 0x0, 0x0, 0x8f, 0xa0, 0x0, 0x8,
    0xfa, 0x0, 0x0, 0x8f, 0xa0, 0x0, 0x0, 0x0,
    0x0, 0x0, 0x8f, 0xa0, 0x0, 0x8, 0xfa, 0x0,
    0x0, 0x1f, 0x40, 0x0, 0xa, 0xb0, 0x0, 0x0,

    /* U+0158 "Ř" */
    0x0, 0x7, 0x50, 0x7, 0x40, 0x0, 0x0, 0x8,
    0xf4, 0xaf, 0x20, 0x0, 0x0, 0x0, 0xdf, 0xf8,
    0x0, 0x0, 0x0, 0x0, 0x38, 0x70, 0x0, 0x0,
    0x0, 0x0, 0x0, 0x0, 0x0, 0x0, 0x4f, 0xff,
    0xff, 0xfe, 0xa3, 0x0, 0x4f, 0xff, 0xff, 0xff,
    0xff, 0x50, 0x4f, 0xe0, 0x0, 0x3, 0xbf, 0xe0,
    0x4f, 0xe0, 0x0, 0x0, 0x1f, 0xf3, 0x4f, 0xe0,
    0x0, 0x0, 0xf, 0xf3, 0x4f, 0xe0, 0x0, 0x2,
    0xbf, 0xe0, 0x4f, 0xff, 0xff, 0xff, 0xff, 0x40,
    0x4f, 0xff, 0xff, 0xff, 0xf8, 0x0, 0x4f, 0xe0,
    0x0, 0x1, 0xaf, 0x90, 0x4f, 0xe0, 0x0, 0x0,
    0x2f, 0xf0, 0x4f, 0xe0, 0x0, 0x0, 0xf, 0xf1,
    0x4f, 0xe0, 0x0, 0x0, 0xf, 0xf3, 0x4f, 0xe0,
    0x0, 0x0, 0xd, 0xf4, 0x4f, 0xe0, 0x0, 0x0,
    0xc, 0xf6,

    /* U+0159 "ř" */
    0x7f, 0x30, 0xdc, 0x0, 0xde, 0xbf, 0x30, 0x3,
    0xff, 0x90, 0x0, 0x0, 0x0, 0x0, 0x8f, 0x77,
    0xef, 0x18, 0xfb, 0xff, 0xe0, 0x8f, 0xf6, 0x0,
    0x8, 0xfc, 0x0, 0x0, 0x8f, 0xa0, 0x0, 0x8,
    0xfa, 0x0, 0x0, 0x8f, 0xa0, 0x0, 0x8, 0xfa,
    0x0, 0x0, 0x8f, 0xa0, 0x0, 0x8, 0xfa, 0x0,
    0x0, 0x8f, 0xa0, 0x0, 0x0,

    /* U+015A "Ś" */
    0x0, 0x0, 0x6, 0xb6, 0x0, 0x0, 0x0, 0x0,
    0xee, 0x10, 0x0, 0x0, 0x0, 0x6f, 0x60, 0x0,
    0x0, 0x0, 0x0, 0x0, 0x0, 0x0, 0x0, 0x0,
    0x0, 0x0, 0x0, 0x0, 0x6, 0xce, 0xfe, 0x92,
    0x0, 0xb, 0xff, 0xff, 0xff, 0xf4, 0x5, 0xff,
    0x71, 0x2, 0xbf, 0xf1, 0x9f, 0xb0, 0x0, 0x0,
    0xdf, 0x78, 0xfb, 0x0, 0x0, 0x4, 0x75, 0x3f,
    0xfb, 0x40, 0x0, 0x0, 0x0, 0x3c, 0xff, 0xfc,
    0x71, 0x0, 0x0, 0x2, 0x7b, 0xff, 0xf9, 0x0,
    0x0, 0x0, 0x0, 0x6e, 0xf8, 0x9b, 0x40, 0x0,
    0x0, 0x5f, 0xea, 0xfb, 0x0, 0x0, 0x4, 0xff,
    0x3f, 0xfa, 0x20, 0x4, 0xdf, 0xb0, 0x6f, 0xff,
    0xff, 0xff, 0xe2, 0x0, 0x29, 0xdf, 0xfd, 0x81,
    0x0,

    /* U+015B "ś" */
    0x0, 0x0, 0x9, 0xf8, 0x0, 0x0, 0x0, 0x1f,
    0xd0, 0x0, 0x0, 0x0, 0x4b, 0x30, 0x0, 0x0,
    0x2a, 0xef, 0xea, 0x20, 0x3, 0xff, 0xed, 0xff,
    0xe2, 0xa, 0xfb, 0x0, 0xb, 0xf9, 0xb, 0xf8,
    0x0, 0x3, 0x87, 0x7, 0xfe, 0x73, 0x0, 0x0,
    0x0, 0x8e, 0xff, 0xfc, 0x50, 0x0, 0x0, 0x37,
    0xbf, 0xf7, 0xa, 0xa1, 0x0, 0x7, 0xfc, 0xe,
    0xf9, 0x0, 0x9, 0xfc, 0x5, 0xff, 0xfd, 0xef,
    0xf5, 0x0, 0x3a, 0xef, 0xeb, 0x40,

    /* U+015C "Ŝ" */
    0x0, 0x2, 0xff, 0xb0, 0x0, 0x0, 0x0, 0xbf,
    0xbf, 0x50, 0x0, 0x0, 0x5f, 0x50, 0xbe, 0x0,
    0x0, 0x0, 0x0, 0x0, 0x0, 0x0, 0x0, 0x0,
    0x0, 0x0, 0x0, 0x0, 0x6, 0xce, 0xfe, 0x92,
    0x0, 0xb, 0xff, 0xff, 0xff, 0xf4, 0x5, 0xff,
    0x71, 0x2, 0xbf, 0xf1, 0x9f, 0xb0, 0x0, 0x0,
    0xdf, 0x78, 0xfb, 0x0, 0x0, 0x4, 0x75, 0x3f,
    0xfb, 0x40, 0x0, 0x0, 0x0, 0x3c, 0xff, 0xfc,
    0x71, 0x0, 0x0, 0x2, 0x7b, 0xff, 0xf9, 0x0,
    0x0, 0x0, 0x0, 0x6e, 0xf8, 0x9b, 0x40, 0x0,
    0x0, 0x5f, 0xea, 0xfb, 0x0, 0x0, 0x4, 0xff,
    0x3f, 0xfa, 0x20, 0x4, 0xdf, 0xb0, 0x6f, 0xff,
    0xff, 0xff, 0xe2, 0x0, 0x29, 0xdf, 0xfd, 0x81,
    0x0,

    /* U+015D "ŝ" */
    0x0, 0x1, 0xff, 0xb0, 0x0, 0x0, 0xa, 0xfa,
    0xf5, 0x0, 0x0, 0x4f, 0x60, 0xbe, 0x10, 0x0,
    0x0, 0x0, 0x0, 0x0, 0x0, 0x2a, 0xef, 0xea,
    0x20, 0x3, 0xff, 0xed, 0xff, 0xe2, 0xa, 0xfb,
    0x0, 0xb, 0xf9, 0xb, 0xf8, 0x0, 0x3, 0x87,
    0x7, 0xfe, 0x73, 0x0, 0x0, 0x0, 0x8e, 0xff,
    0xfc, 0x50, 0x0, 0x0, 0x37, 0xbf, 0xf7, 0xa,
    0xa1, 0x0, 0x7, 0xfc, 0xe, 0xf9, 0x0, 0x9,
    0xfc, 0x5, 0xff, 0xfd, 0xef, 0xf5, 0x0, 0x3a,
    0xef, 0xeb, 0x40,

    /* U+015E "Ş" */
    0x0, 0x6c, 0xef, 0xe9, 0x20, 0x0, 0xbf, 0xff,
    0xff, 0xff, 0x40, 0x5f, 0xf7, 0x10, 0x2b, 0xff,
    0x19, 0xfb, 0x0, 0x0, 0xd, 0xf7, 0x8f, 0xb0,
    0x0, 0x0, 0x47, 0x53, 0xff, 0xb4, 0x0, 0x0,
    0x0, 0x3, 0xcf, 0xff, 0xc7, 0x10, 0x0, 0x0,
    0x27, 0xbf, 0xff, 0x90, 0x0, 0x0, 0x0, 0x6,
    0xef, 0x89, 0xb4, 0x0, 0x0, 0x5, 0xfe, 0xaf,
    0xb0, 0x0, 0x0, 0x4f, 0xf3, 0xff, 0xa2, 0x0,
    0x4d, 0xfb, 0x6, 0xff, 0xff, 0xff, 0xfe, 0x20,
    0x2, 0x9e, 0xff, 0xd8, 0x10, 0x0, 0x0, 0x6f,
    0x81, 0x0, 0x0, 0x0, 0x0, 0x5d, 0xa0, 0x0,
    0x0, 0x7, 0x71, 0xac, 0x0, 0x0, 0x0, 0x5f,
    0xff, 0x40, 0x0, 0x0, 0x0, 0x2, 0x0, 0x0,
    0x0,

    /* U+015F "ş" */
    0x0, 0x2a, 0xef, 0xea, 0x20, 0x3, 0xff, 0xed,
    0xff, 0xe2, 0xa, 0xfb, 0x0, 0xb, 0xf9, 0xb,
    0xf8, 0x0, 0x3, 0x87, 0x7, 0xfe, 0x73, 0x0,
    0x0, 0x0, 0x8e, 0xff, 0xfc, 0x50, 0x0, 0x0,
    0x37, 0xbf, 0xf7, 0xa, 0xa1, 0x0, 0x7, 0xfc,
    0xe, 0xf9, 0x0, 0x9, 0xfc, 0x5, 0xff, 0xfd,
    0xef, 0xf5, 0x0, 0x3a, 0xff, 0xfb, 0x40, 0x0,
    0x0, 0x9e, 0x50, 0x0, 0x0, 0x0, 0x16, 0xe7,
    0x0, 0x0, 0x9, 0x51, 0xd9, 0x0, 0x0, 0x8,
    0xff, 0xe2, 0x0, 0x0, 0x0, 0x12, 0x0, 0x0,

    /* U+0160 "Š" */
    0x0, 0x5f, 0x40, 0xae, 0x0, 0x0, 0x0, 0xbd,
    0x5f, 0x50, 0x0, 0x0, 0x2, 0xff, 0xb0, 0x0,
    0x0, 0x0, 0x0, 0x0, 0x0, 0x0, 0x0, 0x0,
    0x0, 0x0, 0x0, 0x0, 0x6, 0xce, 0xfe, 0x92,
    0x0, 0xb, 0xff, 0xff, 0xff, 0xf4, 0x5, 0xff,
    0x71, 0x2, 0xbf, 0xf1, 0x9f, 0xb0, 0x0, 0x0,
    0xdf, 0x78, 0xfb, 0x0, 0x0, 0x4, 0x75, 0x3f,
    0xfb, 0x40, 0x0, 0x0, 0x0, 0x3c, 0xff, 0xfc,
    0x71, 0x0, 0x0, 0x2, 0x7b, 0xff, 0xf9, 0x0,
    0x0, 0x0, 0x0, 0x6e, 0xf8, 0x9b, 0x40, 0x0,
    0x0, 0x5f, 0xea, 0xfb, 0x0, 0x0, 0x4, 0xff,
    0x3f, 0xfa, 0x20, 0x4, 0xdf, 0xb0, 0x6f, 0xff,
    0xff, 0xff, 0xe2, 0x0, 0x29, 0xdf, 0xfd, 0x81,
    0x0,

    /* U+0161 "š" */
    0x0, 0x4f, 0x50, 0xbe, 0x0, 0x0, 0xa, 0xf8,
    0xf5, 0x0, 0x0, 0x1, 0xdf, 0xa0, 0x0, 0x0,
    0x0, 0x0, 0x0, 0x0, 0x0, 0x2a, 0xef, 0xea,
    0x20, 0x3, 0xff, 0xed, 0xff, 0xf2, 0xa, 0xfb,
    0x0, 0xb, 0xfa, 0xb, 0xf8, 0x0, 0x2, 0x76,
    0x7, 0xfe, 0x73, 0x0, 0x0, 0x0, 0x8e, 0xff,
    0xfc, 0x50, 0x0, 0x0, 0x37, 0xbf, 0xf7, 0xa,
    0xa1, 0x0, 0x7, 0xfc, 0xe, 0xf9, 0x0, 0x9,
    0xfc, 0x5, 0xff, 0xfd, 0xef, 0xf5, 0x0, 0x3a,
    0xef, 0xeb, 0x40,

    /* U+0162 "Ţ" */
    0xcf, 0xff, 0xff, 0xff, 0xff, 0xf2, 0xcf, 0xff,
    0xff, 0xff, 0xff, 0xf2, 0x0, 0x0, 0x6f, 0xc0,
    0x0, 0x0, 0x0, 0x0, 0x6f, 0xc0, 0x0, 0x0,
    0x0, 0x0, 0x6f, 0xc0, 0x0, 0x0, 0x0, 0x0,
    0x6f, 0xc0, 0x0, 0x0, 0x0, 0x0, 0x6f, 0xc0,
    0x0, 0x0, 0x0, 0x0, 0x6f, 0xc0, 0x0, 0x0,
    0x0, 0x0, 0x6f, 0xc0, 0x0, 0x0, 0x0, 0x0,
    0x6f, 0xc0, 0x0, 0x0, 0x0, 0x0, 0x6f, 0xc0,
    0x0, 0x0, 0x0, 0x0, 0x6f, 0xc0, 0x0, 0x0,
    0x0, 0x0, 0x6f, 0xc0, 0x0, 0x0, 0x0, 0x0,
    0x6f, 0xd0, 0x0, 0x0, 0x0, 0x0, 0x5f, 0x50,
    0x0, 0x0, 0x0, 0x0, 0x18, 0xe9, 0x0, 0x0,
    0x0, 0x7, 0x61, 0xac, 0x0, 0x0, 0x0, 0x5,
    0xff, 0xf5, 0x0, 0x0, 0x0, 0x0, 0x2, 0x0,
    0x0, 0x0,

    /* U+0163 "ţ" */
    0x3, 0x85, 0x0, 0x0, 0x6f, 0xb0, 0x0, 0x6,
    0xfb, 0x0, 0xf, 0xff, 0xff, 0xf9, 0xcf, 0xff,
    0xcc, 0x60, 0x6f, 0xb0, 0x0, 0x6, 0xfb, 0x0,
    0x0, 0x6f, 0xb0, 0x0, 0x6, 0xfb, 0x0, 0x0,
    0x6f, 0xb0, 0x0, 0x6, 0xfb, 0x0, 0x0, 0x5f,
    0xd0, 0x0, 0x1, 0xff, 0xdc, 0x60, 0x5, 0xff,
    0xf9, 0x0, 0x2f, 0x70, 0x0, 0x0, 0x7c, 0xb0,
    0x5, 0x81, 0x7f, 0x0, 0x3e, 0xff, 0x70, 0x0,
    0x2, 0x10, 0x0,

    /* U+0164 "Ť" */
    0x0, 0x7, 0x40, 0x18, 0x30, 0x0, 0x0, 0xa,
    0xf2, 0xbe, 0x10, 0x0, 0x0, 0x1, 0xff, 0xf6,
    0x0, 0x0, 0x0, 0x0, 0x48, 0x70, 0x0, 0x0,
    0x0, 0x0, 0x0, 0x0, 0x0, 0x0, 0xcf, 0xff,
    0xff, 0xff, 0xff, 0xf2, 0xcf, 0xff, 0xff, 0xff,
    0xff, 0xf2, 0x0, 0x0, 0x6f, 0xc0, 0x0, 0x0,
    0x0, 0x0, 0x6f, 0xc0, 0x0, 0x0, 0x0, 0x0,
    0x6f, 0xc0, 0x0, 0x0, 0x0, 0x0, 0x6f, 0xc0,
    0x0, 0x0, 0x0, 0x0, 0x6f, 0xc0, 0x0, 0x0,
    0x0, 0x0, 0x6f, 0xc0, 0x0, 0x0, 0x0, 0x0,
    0x6f, 0xc0, 0x0, 0x0, 0x0, 0x0, 0x6f, 0xc0,
    0x0, 0x0, 0x0, 0x0, 0x6f, 0xc0, 0x0, 0x0,
    0x0, 0x0, 0x6f, 0xc0, 0x0, 0x0, 0x0, 0x0,
    0x6f, 0xc0, 0x0, 0x0, 0x0, 0x0, 0x6f, 0xc0,
    0x0, 0x0,

    /* U+0165 "ť" */
    0x0, 0x0, 0x1, 0x53, 0x0, 0x0, 0x6, 0xf6,
    0x0, 0x11, 0x9, 0xf2, 0x6, 0xfb, 0xb, 0xe0,
    0x6, 0xfb, 0xd, 0xa0, 0xff, 0xff, 0xff, 0x90,
    0xcf, 0xff, 0xcc, 0x60, 0x6, 0xfb, 0x0, 0x0,
    0x6, 0xfb, 0x0, 0x0, 0x6, 0xfb, 0x0, 0x0,
    0x6, 0xfb, 0x0, 0x0, 0x6, 0xfb, 0x0, 0x0,
    0x6, 0xfb, 0x0, 0x0, 0x5, 0xfd, 0x0, 0x0,
    0x1, 0xff, 0xdc, 0x60, 0x0, 0x5d, 0xff, 0x90,

    /* U+0166 "Ŧ" */
    0xcf, 0xff, 0xff, 0xff, 0xff, 0xf2, 0xcf, 0xff,
    0xff, 0xff, 0xff, 0xf2, 0x0, 0x0, 0x6f, 0xc0,
    0x0, 0x0, 0x0, 0x0, 0x6f, 0xc0, 0x0, 0x0,
    0x0, 0x0, 0x6f, 0xc0, 0x0, 0x0, 0x0, 0x0,
    0x6f, 0xc0, 0x0, 0x0, 0x0, 0xdd, 0xff, 0xfd,
    0xd5, 0x0, 0x1, 0xff, 0xff, 0xff, 0xf6, 0x0,
    0x0, 0x0, 0x6f, 0xc0, 0x0, 0x0, 0x0, 0x0,
    0x6f, 0xc0, 0x0, 0x0, 0x0, 0x0, 0x6f, 0xc0,
    0x0, 0x0, 0x0, 0x0, 0x6f, 0xc0, 0x0, 0x0,
    0x0, 0x0, 0x6f, 0xc0, 0x0, 0x0, 0x0, 0x0,
    0x6f, 0xc0, 0x0, 0x0,

    /* U+0167 "ŧ" */
    0x3, 0x85, 0x0, 0x0, 0x6f, 0xb0, 0x0, 0x6,
    0xfb, 0x0, 0xf, 0xff, 0xff, 0xf9, 0xcf, 0xff,
    0xcc, 0x60, 0x6f, 0xb0, 0x0, 0x6, 0xfb, 0x0,
    0x8, 0xef, 0xf8, 0x83, 0xff, 0xff, 0xff, 0x60,
    0x6f, 0xb0, 0x0, 0x6, 0xfb, 0x0, 0x0, 0x5f,
    0xd0, 0x0, 0x1, 0xff, 0xdc, 0x60, 0x5, 0xdf,
    0xf9,

    /* U+0168 "Ũ" */
    0x0, 0x0, 0x0, 0x0, 0x10, 0x0, 0x0, 0x7,
    0xfb, 0x1, 0xf1, 0x0, 0x0, 0xf, 0x7c, 0x95,
    0xe0, 0x0, 0x0, 0x3f, 0x2, 0xef, 0x60, 0x0,
    0x0, 0x13, 0x0, 0x12, 0x0, 0x0, 0x0, 0x0,
    0x0, 0x0, 0x0, 0x0, 0x9f, 0x90, 0x0, 0x0,
    0xb, 0xf7, 0x9f, 0x90, 0x0, 0x0, 0xb, 0xf7,
    0x9f, 0x90, 0x0, 0x0, 0xb, 0xf7, 0x9f, 0x90,
    0x0, 0x0, 0xb, 0xf7, 0x9f, 0x90, 0x0, 0x0,
    0xb, 0xf7, 0x9f, 0x90, 0x0, 0x0, 0xb, 0xf7,
    0x9f, 0x90, 0x0, 0x0, 0xb, 0xf7, 0x9f, 0x90,
    0x0, 0x0, 0xb, 0xf7, 0x9f, 0x90, 0x0, 0x0,
    0xb, 0xf7, 0x8f, 0xb0, 0x0, 0x0, 0xd, 0xf6,
    0x5f, 0xe1, 0x0, 0x0, 0x2f, 0xf3, 0xe, 0xfc,
    0x41, 0x15, 0xdf, 0xc0, 0x3, 0xef, 0xff, 0xff,
    0xfe, 0x20, 0x0, 0x18, 0xdf, 0xfd, 0x80, 0x0,

    /* U+0169 "ũ" */
    0x0, 0x0, 0x1, 0x0, 0x0, 0x4, 0xdf, 0xff,
    0xf9, 0x0, 0x2, 0x45, 0x44, 0x20, 0x0, 0x0,
    0x0, 0x0, 0x0, 0x0, 0x8f, 0xa0, 0x0, 0xe,
    0xf3, 0x8f, 0xa0, 0x0, 0xe, 0xf3, 0x8f, 0xa0,
    0x0, 0xe, 0xf3, 0x8f, 0xa0, 0x0, 0xe, 0xf3,
    0x8f, 0xa0, 0x0, 0xe, 0xf3, 0x8f, 0xa0, 0x0,
    0xe, 0xf3, 0x7f, 0xa0, 0x0, 0xf, 0xf3, 0x6f,
    0xc0, 0x0, 0x1f, 0xf3, 0x4f, 0xf3, 0x0, 0xaf,
    0xf3, 0xc, 0xff, 0xdf, 0xdd, 0xf3, 0x1, 0xaf,
    0xea, 0x1c, 0xf3,

    /* U+016A "Ū" */
    0x0, 0xd, 0xff, 0xff, 0xb0, 0x0, 0x0, 0x9,
    0xbb, 0xbb, 0x80, 0x0, 0x0, 0x0, 0x0, 0x0,
    0x0, 0x0, 0x0, 0x0, 0x0, 0x0, 0x0, 0x0,
    0x9f, 0x90, 0x0, 0x0, 0xb, 0xf7, 0x9f, 0x90,
    0x0, 0x0, 0xb, 0xf7, 0x9f, 0x90, 0x0, 0x0,
    0xb, 0xf7, 0x9f, 0x90, 0x0, 0x0, 0xb, 0xf7,
    0x9f, 0x90, 0x0, 0x0, 0xb, 0xf7, 0x9f, 0x90,
    0x0, 0x0, 0xb, 0xf7, 0x9f, 0x90, 0x0, 0x0,
    0xb, 0xf7, 0x9f, 0x90, 0x0, 0x0, 0xb, 0xf7,
    0x9f, 0x90, 0x0, 0x0, 0xb, 0xf7, 0x8f, 0xb0,
    0x0, 0x0, 0xd, 0xf6, 0x5f, 0xe1, 0x0, 0x0,
    0x2f, 0xf3, 0xe, 0xfc, 0x41, 0x15, 0xdf, 0xc0,
    0x3, 0xef, 0xff, 0xff, 0xfe, 0x20, 0x0, 0x18,
    0xdf, 0xfd, 0x80, 0x0,

    /* U+016B "ū" */
    0x0, 0xff, 0xff, 0xf9, 0x0, 0x0, 0xbb, 0xbb,
    0xb6, 0x0, 0x0, 0x0, 0x0, 0x0, 0x0, 0x8f,
    0xa0, 0x0, 0xe, 0xf3, 0x8f, 0xa0, 0x0, 0xe,
    0xf3, 0x8f, 0xa0, 0x0, 0xe, 0xf3, 0x8f, 0xa0,
    0x0, 0xe, 0xf3, 0x8f, 0xa0, 0x0, 0xe, 0xf3,
    0x8f, 0xa0, 0x0, 0xe, 0xf3, 0x7f, 0xa0, 0x0,
    0xf, 0xf3, 0x6f, 0xc0, 0x0, 0x1f, 0xf3, 0x4f,
    0xf3, 0x0, 0xaf, 0xf3, 0xc, 0xff, 0xdf, 0xdd,
    0xf3, 0x1, 0xaf, 0xea, 0x1c, 0xf3,

    /* U+016C "Ŭ" */
    0x0, 0xd, 0x70, 0x9, 0xc0, 0x0, 0x0, 0x9,
    0xe3, 0x4f, 0x70, 0x0, 0x0, 0x1, 0xdf, 0xfc,
    0x0, 0x0, 0x0, 0x0, 0x3, 0x20, 0x0, 0x0,
    0x0, 0x0, 0x0, 0x0, 0x0, 0x0, 0x9f, 0x90,
    0x0, 0x0, 0xb, 0xf7, 0x9f, 0x90, 0x0, 0x0,
    0xb, 0xf7, 0x9f, 0x90, 0x0, 0x0, 0xb, 0xf7,
    0x9f, 0x90, 0x0, 0x0, 0xb, 0xf7, 0x9f, 0x90,
    0x0, 0x0, 0xb, 0xf7, 0x9f, 0x90, 0x0, 0x0,
    0xb, 0xf7, 0x9f, 0x90, 0x0, 0x0, 0xb, 0xf7,
    0x9f, 0x90, 0x0, 0x0, 0xb, 0xf7, 0x9f, 0x90,
    0x0, 0x0, 0xb, 0xf7, 0x8f, 0xb0, 0x0, 0x0,
    0xd, 0xf6, 0x5f, 0xe1, 0x0, 0x0, 0x2f, 0xf3,
    0xe, 0xfc, 0x41, 0x15, 0xdf, 0xc0, 0x3, 0xef,
    0xff, 0xff, 0xfe, 0x20, 0x0, 0x18, 0xdf, 0xfd,
    0x80, 0x0,

    /* U+016D "ŭ" */
    0x0, 0x0, 0x11, 0x0, 0x0, 0x0, 0xbf, 0xff,
    0xf6, 0x0, 0x0, 0x2, 0x43, 0x0, 0x0, 0x0,
    0x0, 0x0, 0x0, 0x0, 0x8f, 0xa0, 0x0, 0xe,
    0xf3, 0x8f, 0xa0, 0x0, 0xe, 0xf3, 0x8f, 0xa0,
    0x0, 0xe, 0xf3, 0x8f, 0xa0, 0x0, 0xe, 0xf3,
    0x8f, 0xa0, 0x0, 0xe, 0xf3, 0x8f, 0xa0, 0x0,
    0xe, 0xf3, 0x7f, 0xa0, 0x0, 0xf, 0xf3, 0x6f,
    0xc0, 0x0, 0x1f, 0xf3, 0x4f, 0xf3, 0x0, 0xaf,
    0xf3, 0xc, 0xff, 0xdf, 0xdd, 0xf3, 0x1, 0xaf,
    0xea, 0x1c, 0xf3,

    /* U+016E "Ů" */
    0x0, 0x0, 0x5e, 0xd4, 0x0, 0x0, 0x0, 0x0,
    0xe6, 0x8c, 0x0, 0x0, 0x0, 0x0, 0x8f, 0xf6,
    0x0, 0x0, 0x0, 0x0, 0x1, 0x0, 0x0, 0x0,
    0x0, 0x0, 0x0, 0x0, 0x0, 0x0, 0x9f, 0x90,
    0x0, 0x0, 0xb, 0xf7, 0x9f, 0x90, 0x0, 0x0,
    0xb, 0xf7, 0x9f, 0x90, 0x0, 0x0, 0xb, 0xf7,
    0x9f, 0x90, 0x0, 0x0, 0xb, 0xf7, 0x9f, 0x90,
    0x0, 0x0, 0xb, 0xf7, 0x9f, 0x90, 0x0, 0x0,
    0xb, 0xf7, 0x9f, 0x90, 0x0, 0x0, 0xb, 0xf7,
    0x9f, 0x90, 0x0, 0x0, 0xb, 0xf7, 0x9f, 0x90,
    0x0, 0x0, 0xb, 0xf7, 0x8f, 0xb0, 0x0, 0x0,
    0xd, 0xf6, 0x5f, 0xe1, 0x0, 0x0, 0x2f, 0xf3,
    0xe, 0xfc, 0x41, 0x15, 0xdf, 0xc0, 0x3, 0xef,
    0xff, 0xff, 0xfe, 0x20, 0x0, 0x18, 0xdf, 0xfd,
    0x80, 0x0,

    /* U+016F "ů" */
    0x0, 0x5, 0xec, 0x10, 0x0, 0x0, 0xf, 0x5a,
    0x90, 0x0, 0x0, 0xf, 0x28, 0xa0, 0x0, 0x0,
    0x8, 0xfe, 0x30, 0x0, 0x0, 0x0, 0x10, 0x0,
    0x0, 0x8f, 0xa0, 0x0, 0xe, 0xf3, 0x8f, 0xa0,
    0x0, 0xe, 0xf3, 0x8f, 0xa0, 0x0, 0xe, 0xf3,
    0x8f, 0xa0, 0x0, 0xe, 0xf3, 0x8f, 0xa0, 0x0,
    0xe, 0xf3, 0x8f, 0xa0, 0x0, 0xe, 0xf3, 0x7f,
    0xa0, 0x0, 0xf, 0xf3, 0x6f, 0xc0, 0x0, 0x1f,
    0xf3, 0x4f, 0xf3, 0x0, 0xaf, 0xf3, 0xc, 0xff,
    0xdf, 0xdd, 0xf3, 0x1, 0xaf, 0xea, 0x1c, 0xf3,

    /* U+0170 "Ű" */
    0x0, 0x0, 0x3b, 0x94, 0xb8, 0x0, 0x0, 0x0,
    0xbf, 0x4c, 0xf3, 0x0, 0x0, 0x2, 0xf9, 0x4f,
    0x80, 0x0, 0x0, 0x0, 0x0, 0x0, 0x0, 0x0,
    0x0, 0x0, 0x0, 0x0, 0x0, 0x0, 0x9f, 0x90,
    0x0, 0x0, 0xb, 0xf7, 0x9f, 0x90, 0x0, 0x0,
    0xb, 0xf7, 0x9f, 0x90, 0x0, 0x0, 0xb, 0xf7,
    0x9f, 0x90, 0x0, 0x0, 0xb, 0xf7, 0x9f, 0x90,
    0x0, 0x0, 0xb, 0xf7, 0x9f, 0x90, 0x0, 0x0,
    0xb, 0xf7, 0x9f, 0x90, 0x0, 0x0, 0xb, 0xf7,
    0x9f, 0x90, 0x0, 0x0, 0xb, 0xf7, 0x9f, 0x90,
    0x0, 0x0, 0xb, 0xf7, 0x8f, 0xb0, 0x0, 0x0,
    0xd, 0xf6, 0x5f, 0xe1, 0x0, 0x0, 0x2f, 0xf3,
    0xe, 0xfc, 0x41, 0x15, 0xdf, 0xc0, 0x3, 0xef,
    0xff, 0xff, 0xfe, 0x20, 0x0, 0x18, 0xdf, 0xfd,
    0x80, 0x0,

    /* U+0171 "ű" */
    0x0, 0x8, 0xf9, 0x9f, 0x80, 0x0, 0xf, 0xe2,
    0xfd, 0x0, 0x0, 0x4b, 0x45, 0xb3, 0x0, 0x8f,
    0xa0, 0x0, 0xe, 0xf3, 0x8f, 0xa0, 0x0, 0xe,
    0xf3, 0x8f, 0xa0, 0x0, 0xe, 0xf3, 0x8f, 0xa0,
    0x0, 0xe, 0xf3, 0x8f, 0xa0, 0x0, 0xe, 0xf3,
    0x8f, 0xa0, 0x0, 0xe, 0xf3, 0x7f, 0xa0, 0x0,
    0xf, 0xf3, 0x6f, 0xc0, 0x0, 0x1f, 0xf3, 0x4f,
    0xf3, 0x0, 0xaf, 0xf3, 0xc, 0xff, 0xdf, 0xdd,
    0xf3, 0x1, 0xaf, 0xea, 0x1c, 0xf3,

    /* U+0172 "Ų" */
    0x9f, 0x90, 0x0, 0x0, 0xb, 0xf7, 0x9f, 0x90,
    0x0, 0x0, 0xb, 0xf7, 0x9f, 0x90, 0x0, 0x0,
    0xb, 0xf7, 0x9f, 0x90, 0x0, 0x0, 0xb, 0xf7,
    0x9f, 0x90, 0x0, 0x0, 0xb, 0xf7, 0x9f, 0x90,
    0x0, 0x0, 0xb, 0xf7, 0x9f, 0x90, 0x0, 0x0,
    0xb, 0xf7, 0x9f, 0x90, 0x0, 0x0, 0xb, 0xf7,
    0x9f, 0x90, 0x0, 0x0, 0xb, 0xf7, 0x8f, 0xb0,
    0x0, 0x0, 0xd, 0xf6, 0x5f, 0xe1, 0x0, 0x0,
    0x2f, 0xf3, 0xe, 0xfc, 0x41, 0x15, 0xdf, 0xc0,
    0x3, 0xef, 0xff, 0xff, 0xfe, 0x20, 0x0, 0x18,
    0xdf, 0xff, 0x80, 0x0, 0x0, 0x0, 0x2, 0xf9,
    0x0, 0x0, 0x0, 0x0, 0xa, 0xf1, 0x0, 0x0,
    0x0, 0x0, 0xe, 0xf9, 0x60, 0x0, 0x0, 0x0,
    0x6, 0xef, 0x90, 0x0,

    /* U+0173 "ų" */
    0x8f, 0xa0, 0x0, 0xe, 0xf3, 0x8f, 0xa0, 0x0,
    0xe, 0xf3, 0x8f, 0xa0, 0x0, 0xe, 0xf3, 0x8f,
    0xa0, 0x0, 0xe, 0xf3, 0x8f, 0xa0, 0x0, 0xe,
    0xf3, 0x8f, 0xa0, 0x0, 0xe, 0xf3, 0x7f, 0xa0,
    0x0, 0xf, 0xf3, 0x6f, 0xc0, 0x0, 0x1f, 0xf3,
    0x4f, 0xf3, 0x0, 0xaf, 0xf3, 0xc, 0xff, 0xdf,
    0xdd, 0xf3, 0x1, 0xaf, 0xea, 0x1f, 0xf3, 0x0,
    0x0, 0x0, 0x1e, 0xc0, 0x0, 0x0, 0x0, 0x9f,
    0x20, 0x0, 0x0, 0x0, 0xef, 0x96, 0x0, 0x0,
    0x0, 0x7e, 0xf9,

    /* U+0174 "Ŵ" */
    0x0, 0x0, 0x0, 0x0, 0x48, 0x70, 0x0, 0x0,
    0x0, 0x0, 0x0, 0x0, 0x0, 0x1f, 0xff, 0x60,
    0x0, 0x0, 0x0, 0x0, 0x0, 0x0, 0xa, 0xf2,
    0xbe, 0x10, 0x0, 0x0, 0x0, 0x0, 0x0, 0x0,
    0x74, 0x1, 0x83, 0x0, 0x0, 0x0, 0x0, 0x0,
    0x0, 0x0, 0x0, 0x0, 0x0, 0x0, 0x0, 0x1,
    0xff, 0x20, 0x0, 0x8, 0xfe, 0x0, 0x0, 0xd,
    0xf7, 0xd, 0xf6, 0x0, 0x0, 0xcf, 0xf2, 0x0,
    0x1, 0xff, 0x30, 0x9f, 0xa0, 0x0, 0xf, 0xff,
    0x60, 0x0, 0x5f, 0xe0, 0x4, 0xfe, 0x0, 0x4,
    0xff, 0xfa, 0x0, 0x9, 0xfa, 0x0, 0xf, 0xf2,
    0x0, 0x8f, 0xaf, 0xe0, 0x0, 0xdf, 0x60, 0x0,
    0xcf, 0x60, 0xc, 0xf3, 0xdf, 0x20, 0x1f, 0xf2,
    0x0, 0x7, 0xfa, 0x0, 0xff, 0x9, 0xf6, 0x5,
    0xfd, 0x0, 0x0, 0x3f, 0xe0, 0x4f, 0xb0, 0x5f,
    0xa0, 0x9f, 0x90, 0x0, 0x0, 0xff, 0x28, 0xf7,
    0x1, 0xfe, 0xd, 0xf5, 0x0, 0x0, 0xb, 0xf6,
    0xcf, 0x30, 0xd, 0xf3, 0xff, 0x10, 0x0, 0x0,
    0x6f, 0xbf, 0xf0, 0x0, 0x9f, 0xbf, 0xc0, 0x0,
    0x0, 0x2, 0xff, 0xfb, 0x0, 0x5, 0xff, 0xf8,
    0x0, 0x0, 0x0, 0xe, 0xff, 0x60, 0x0, 0x1f,
    0xff, 0x30, 0x0, 0x0, 0x0, 0x9f, 0xf2, 0x0,
    0x0, 0xdf, 0xf0, 0x0, 0x0,

    /* U+0175 "ŵ" */
    0x0, 0x0, 0x0, 0x2f, 0xfb, 0x0, 0x0, 0x0,
    0x0, 0x0, 0x0, 0xc, 0xea, 0xf5, 0x0, 0x0,
    0x0, 0x0, 0x0, 0x4, 0xd4, 0x9, 0xc0, 0x0,
    0x0, 0x0, 0x0, 0x0, 0x0, 0x0, 0x0, 0x0,
    0x0, 0x0, 0x6f, 0xc0, 0x0, 0xd, 0xf6, 0x0,
    0x3, 0xff, 0x1, 0xff, 0x10, 0x2, 0xff, 0xb0,
    0x0, 0x7f, 0xb0, 0xd, 0xf5, 0x0, 0x6f, 0xff,
    0x0, 0xb, 0xf6, 0x0, 0x8f, 0x90, 0xa, 0xfc,
    0xf3, 0x0, 0xff, 0x10, 0x3, 0xfd, 0x0, 0xee,
    0x5f, 0x80, 0x4f, 0xd0, 0x0, 0xe, 0xf1, 0x3f,
    0x91, 0xfc, 0x8, 0xf8, 0x0, 0x0, 0xaf, 0x67,
    0xf5, 0xc, 0xf1, 0xdf, 0x30, 0x0, 0x5, 0xfa,
    0xcf, 0x0, 0x7f, 0x6f, 0xe0, 0x0, 0x0, 0x1f,
    0xef, 0xc0, 0x3, 0xfe, 0xfa, 0x0, 0x0, 0x0,
    0xcf, 0xf7, 0x0, 0xe, 0xff, 0x50, 0x0, 0x0,
    0x7, 0xff, 0x30, 0x0, 0xaf, 0xf1, 0x0, 0x0,

    /* U+0176 "Ŷ" */
    0x0, 0x0, 0x2, 0x77, 0x10, 0x0, 0x0, 0x0,
    0x0, 0xb, 0xff, 0xa0, 0x0, 0x0, 0x0, 0x0,
    0x5f, 0x57, 0xf3, 0x0, 0x0, 0x0, 0x0, 0x77,
    0x0, 0x86, 0x0, 0x0, 0x0, 0x0, 0x0, 0x0,
    0x0, 0x0, 0x0, 0xd, 0xfa, 0x0, 0x0, 0x0,
    0xbf, 0xb0, 0x3, 0xff, 0x30, 0x0, 0x5, 0xff,
    0x20, 0x0, 0xaf, 0xc0, 0x0, 0xd, 0xf8, 0x0,
    0x0, 0x1f, 0xf5, 0x0, 0x7f, 0xe0, 0x0, 0x0,
    0x7, 0xfe, 0x1, 0xff, 0x50, 0x0, 0x0, 0x0,
    0xdf, 0x8a, 0xfb, 0x0, 0x0, 0x0, 0x0, 0x4f,
    0xff, 0xf2, 0x0, 0x0, 0x0, 0x0, 0xa, 0xff,
    0x80, 0x0, 0x0, 0x0, 0x0, 0x2, 0xff, 0x0,
    0x0, 0x0, 0x0, 0x0, 0x2, 0xff, 0x0, 0x0,
    0x0, 0x0, 0x0, 0x2, 0xff, 0x0, 0x0, 0x0,
    0x0, 0x0, 0x2, 0xff, 0x0, 0x0, 0x0, 0x0,
    0x0, 0x2, 0xff, 0x0, 0x0, 0x0, 0x0, 0x0,
    0x2, 0xff, 0x0, 0x0, 0x0,

    /* U+0177 "ŷ" */
    0x0, 0x0, 0x68, 0x70, 0x0, 0x0, 0x0, 0x5f,
    0x9f, 0x70, 0x0, 0x0, 0x1c, 0x70, 0x6d, 0x20,
    0x0, 0x0, 0x0, 0x0, 0x0, 0x0, 0x6f, 0xd0,
    0x0, 0x0, 0xcf, 0x71, 0xff, 0x20, 0x0, 0x1f,
    0xf1, 0xb, 0xf8, 0x0, 0x6, 0xfc, 0x0, 0x5f,
    0xd0, 0x0, 0xbf, 0x60, 0x0, 0xff, 0x20, 0xf,
    0xf1, 0x0, 0xa, 0xf7, 0x5, 0xfb, 0x0, 0x0,
    0x4f, 0xc0, 0xaf, 0x60, 0x0, 0x0, 0xef, 0x2f,
    0xf0, 0x0, 0x0, 0x9, 0xfb, 0xfa, 0x0, 0x0,
    0x0, 0x3f, 0xff, 0x50, 0x0, 0x0, 0x0, 0xef,
    0xf0, 0x0, 0x0, 0x0, 0x5, 0xfa, 0x0, 0x0,
    0x0, 0xac, 0xff, 0x30, 0x0, 0x0, 0xe, 0xfe,
    0x70, 0x0, 0x0,

    /* U+0178 "Ÿ" */
    0x0, 0x0, 0xff, 0x23, 0xfe, 0x0, 0x0, 0x0,
    0x0, 0xff, 0x23, 0xfe, 0x0, 0x0, 0x0, 0x0,
    0x22, 0x0, 0x22, 0x0, 0x0, 0x0, 0x0, 0x0,
    0x0, 0x0, 0x0, 0x0, 0xd, 0xfa, 0x0, 0x0,
    0x0, 0xbf, 0xb0, 0x3, 0xff, 0x30, 0x0, 0x5,
    0xff, 0x20, 0x0, 0xaf, 0xc0, 0x0, 0xd, 0xf8,
    0x0, 0x0, 0x1f, 0xf5, 0x0, 0x7f, 0xe0, 0x0,
    0x0, 0x7, 0xfe, 0x1, 0xff, 0x50, 0x0, 0x0,
    0x0, 0xdf, 0x8a, 0xfb, 0x0, 0x0, 0x0, 0x0,
    0x4f, 0xff, 0xf2, 0x0, 0x0, 0x0, 0x0, 0xa,
    0xff, 0x80, 0x0, 0x0, 0x0, 0x0, 0x2, 0xff,
    0x0, 0x0, 0x0, 0x0, 0x0, 0x2, 0xff, 0x0,
    0x0, 0x0, 0x0, 0x0, 0x2, 0xff, 0x0, 0x0,
    0x0, 0x0, 0x0, 0x2, 0xff, 0x0, 0x0, 0x0,
    0x0, 0x0, 0x2, 0xff, 0x0, 0x0, 0x0, 0x0,
    0x0, 0x2, 0xff, 0x0, 0x0, 0x0,

    /* U+0179 "Ź" */
    0x0, 0x0, 0x0, 0xbb, 0x10, 0x0, 0x0, 0x0,
    0x7f, 0x80, 0x0, 0x0, 0x0, 0xe, 0xd0, 0x0,
    0x0, 0x0, 0x0, 0x0, 0x0, 0x0, 0x0, 0x0,
    0x0, 0x0, 0x0, 0x2, 0xff, 0xff, 0xff, 0xff,
    0xf7, 0x2f, 0xff, 0xff, 0xff, 0xff, 0x70, 0x0,
    0x0, 0x0, 0x7f, 0xf2, 0x0, 0x0, 0x0, 0x3f,
    0xf5, 0x0, 0x0, 0x0, 0x1e, 0xf9, 0x0, 0x0,
    0x0, 0xa, 0xfd, 0x0, 0x0, 0x0, 0x6, 0xff,
    0x20, 0x0, 0x0, 0x2, 0xff, 0x60, 0x0, 0x0,
    0x0, 0xdf, 0xa0, 0x0, 0x0, 0x0, 0x9f, 0xd0,
    0x0, 0x0, 0x0, 0x5f, 0xf3, 0x0, 0x0, 0x0,
    0x2f, 0xf7, 0x0, 0x0, 0x0, 0x7, 0xff, 0xff,
    0xff, 0xff, 0xfa, 0x7f, 0xff, 0xff, 0xff, 0xff,
    0xa0,

    /* U+017A "ź" */
    0x0, 0x0, 0x5f, 0xc0, 0x0, 0x0, 0x0, 0xdf,
    0x20, 0x0, 0x0, 0x2, 0xb5, 0x0, 0x0, 0xcf,
    0xff, 0xff, 0xff, 0xe0, 0x9c, 0xcc, 0xcc, 0xef,
    0xd0, 0x0, 0x0, 0x3, 0xff, 0x60, 0x0, 0x0,
    0x2e, 0xf7, 0x0, 0x0, 0x1, 0xdf, 0x90, 0x0,
    0x0, 0xc, 0xfb, 0x0, 0x0, 0x0, 0xbf, 0xc0,
    0x0, 0x0, 0x9, 0xfd, 0x10, 0x0, 0x0, 0x7f,
    0xe2, 0x0, 0x0, 0x0, 0xff, 0xec, 0xcc, 0xcc,
    0xc0, 0xff, 0xff, 0xff, 0xff, 0xf0,

    /* U+017B "Ż" */
    0x0, 0x0, 0x5f, 0xe0, 0x0, 0x0, 0x0, 0x5,
    0xfe, 0x0, 0x0, 0x0, 0x0, 0x2, 0x10, 0x0,
    0x0, 0x0, 0x0, 0x0, 0x0, 0x0, 0x2f, 0xff,
    0xff, 0xff, 0xff, 0x72, 0xff, 0xff, 0xff, 0xff,
    0xf7, 0x0, 0x0, 0x0, 0x7, 0xff, 0x20, 0x0,
    0x0, 0x3, 0xff, 0x50, 0x0, 0x0, 0x1, 0xef,
    0x90, 0x0, 0x0, 0x0, 0xaf, 0xd0, 0x0, 0x0,
    0x0, 0x6f, 0xf2, 0x0, 0x0, 0x0, 0x2f, 0xf6,
    0x0, 0x0, 0x0, 0xd, 0xfa, 0x0, 0x0, 0x0,
    0x9, 0xfd, 0x0, 0x0, 0x0, 0x5, 0xff, 0x30,
    0x0, 0x0, 0x2, 0xff, 0x70, 0x0, 0x0, 0x0,
    0x7f, 0xff, 0xff, 0xff, 0xff, 0xa7, 0xff, 0xff,
    0xff, 0xff, 0xfa,

    /* U+017C "ż" */
    0x0, 0x8, 0xfa, 0x0, 0x0, 0x0, 0x8, 0xfa,
    0x0, 0x0, 0x0, 0x1, 0x21, 0x0, 0x0, 0xcf,
    0xff, 0xff, 0xff, 0xe0, 0x9c, 0xcc, 0xcc, 0xef,
    0xd0, 0x0, 0x0, 0x3, 0xff, 0x60, 0x0, 0x0,
    0x2e, 0xf7, 0x0, 0x0, 0x1, 0xdf, 0x90, 0x0,
    0x0, 0xc, 0xfb, 0x0, 0x0, 0x0, 0xbf, 0xc0,
    0x0, 0x0, 0x9, 0xfd, 0x10, 0x0, 0x0, 0x7f,
    0xe2, 0x0, 0x0, 0x0, 0xff, 0xec, 0xcc, 0xcc,
    0xc0, 0xff, 0xff, 0xff, 0xff, 0xf0,

    /* U+017D "Ž" */
    0x0, 0x7, 0x50, 0x7, 0x40, 0x0, 0x0, 0x8f,
    0x3a, 0xf2, 0x0, 0x0, 0x0, 0xef, 0xf7, 0x0,
    0x0, 0x0, 0x3, 0x87, 0x0, 0x0, 0x0, 0x0,
    0x0, 0x0, 0x0, 0x2, 0xff, 0xff, 0xff, 0xff,
    0xf7, 0x2f, 0xff, 0xff, 0xff, 0xff, 0x70, 0x0,
    0x0, 0x0, 0x7f, 0xf2, 0x0, 0x0, 0x0, 0x3f,
    0xf5, 0x0, 0x0, 0x0, 0x1e, 0xf9, 0x0, 0x0,
    0x0, 0xa, 0xfd, 0x0, 0x0, 0x0, 0x6, 0xff,
    0x20, 0x0, 0x0, 0x2, 0xff, 0x60, 0x0, 0x0,
    0x0, 0xdf, 0xa0, 0x0, 0x0, 0x0, 0x9f, 0xd0,
    0x0, 0x0, 0x0, 0x5f, 0xf3, 0x0, 0x0, 0x0,
    0x2f, 0xf7, 0x0, 0x0, 0x0, 0x7, 0xff, 0xff,
    0xff, 0xff, 0xfa, 0x7f, 0xff, 0xff, 0xff, 0xff,
    0xa0,

    /* U+017E "ž" */
    0x1, 0xf9, 0x8, 0xf3, 0x0, 0x0, 0x7f, 0xaf,
    0x90, 0x0, 0x0, 0xd, 0xfe, 0x0, 0x0, 0x0,
    0x0, 0x0, 0x0, 0x0, 0xcf, 0xff, 0xff, 0xff,
    0xe0, 0x9c, 0xcc, 0xcc, 0xef, 0xd0, 0x0, 0x0,
    0x3, 0xff, 0x60, 0x0, 0x0, 0x2e, 0xf7, 0x0,
    0x0, 0x1, 0xdf, 0x90, 0x0, 0x0, 0xc, 0xfb,
    0x0, 0x0, 0x0, 0xbf, 0xc0, 0x0, 0x0, 0x9,
    0xfd, 0x10, 0x0, 0x0, 0x7f, 0xe2, 0x0, 0x0,
    0x0, 0xff, 0xec, 0xcc, 0xcc, 0xc0, 0xff, 0xff,
    0xff, 0xff, 0xf0,

    /* U+017F "ſ" */
    0x8, 0xef, 0xa6, 0xfe, 0xb7, 0x9f, 0x30, 0xa,
    0xf1, 0x0, 0xaf, 0x10, 0xa, 0xf1, 0x0, 0xaf,
    0x10, 0xa, 0xf1, 0x0, 0xaf, 0x10, 0xa, 0xf1,
    0x0, 0xaf, 0x10, 0xa, 0xf1, 0x0, 0xaf, 0x10,
    0xa, 0xf1, 0x0, 0xaf, 0x10, 0x0,

    /* U+0180 "ƀ" */
    0x0, 0xbf, 0x10, 0x0, 0x0, 0x0, 0x4f, 0xff,
    0xff, 0xd0, 0x0, 0x0, 0x28, 0xdf, 0x88, 0x60,
    0x0, 0x0, 0x0, 0xbf, 0x10, 0x0, 0x0, 0x0,
    0x0, 0xbf, 0x3b, 0xff, 0xa2, 0x0, 0x0, 0xbf,
    0xed, 0x8a, 0xfe, 0x20, 0x0, 0xbf, 0xc0, 0x0,
    0x5f, 0xb0, 0x0, 0xbf, 0x40, 0x0, 0xc, 0xf1,
    0x0, 0xbf, 0x0, 0x0, 0x9, 0xf3, 0x0, 0xbf,
    0x0, 0x0, 0x8, 0xf4, 0x0, 0xbf, 0x0, 0x0,
    0x9, 0xf3, 0x0, 0xbf, 0x20, 0x0, 0xd, 0xf0,
    0x0, 0xbf, 0xb0, 0x0, 0x6f, 0xa0, 0x0, 0xbf,
    0xed, 0x9b, 0xfd, 0x10, 0x0, 0xbf, 0x2b, 0xfe,
    0x91, 0x0,

    /* U+0181 "Ɓ" */
    0x4d, 0xff, 0xff, 0xff, 0xfe, 0xa3, 0x0, 0xdf,
    0xcf, 0xfc, 0xcc, 0xce, 0xff, 0x30, 0xfb, 0x1f,
    0xd0, 0x0, 0x0, 0x6f, 0xc0, 0xd8, 0x1f, 0xd0,
    0x0, 0x0, 0xe, 0xf0, 0x0, 0x1f, 0xd0, 0x0,
    0x0, 0xd, 0xf0, 0x0, 0x1f, 0xd0, 0x0, 0x0,
    0x5f, 0x90, 0x0, 0x1f, 0xfc, 0xcc, 0xce, 0xfb,
    0x0, 0x0, 0x1f, 0xff, 0xff, 0xff, 0xfc, 0x30,
    0x0, 0x1f, 0xd0, 0x0, 0x1, 0x6f, 0xf2, 0x0,
    0x1f, 0xd0, 0x0, 0x0, 0x7, 0xf9, 0x0, 0x1f,
    0xd0, 0x0, 0x0, 0x4, 0xfb, 0x0, 0x1f, 0xd0,
    0x0, 0x0, 0x6, 0xfa, 0x0, 0x1f, 0xd0, 0x0,
    0x0, 0x2d, 0xf5, 0x0, 0x1f, 0xfc, 0xcc, 0xcd,
    0xff, 0xb0, 0x0, 0x1f, 0xff, 0xff, 0xfe, 0xc6,
    0x0,

    /* U+0182 "Ƃ" */
    0x6f, 0xff, 0xff, 0xff, 0xfe, 0x0, 0x6f, 0xdb,
    0xbb, 0xbb, 0xba, 0x0, 0x6f, 0x80, 0x0, 0x0,
    0x0, 0x0, 0x6f, 0x80, 0x0, 0x0, 0x0, 0x0,
    0x6f, 0x80, 0x0, 0x0, 0x0, 0x0, 0x6f, 0x80,
    0x0, 0x0, 0x0, 0x0, 0x6f, 0xec, 0xcc, 0xba,
    0x71, 0x0, 0x6f, 0xff, 0xff, 0xff, 0xfe, 0x30,
    0x6f, 0x80, 0x0, 0x3, 0xaf, 0xe0, 0x6f, 0x80,
    0x0, 0x0, 0xe, 0xf4, 0x6f, 0x80, 0x0, 0x0,
    0xb, 0xf6, 0x6f, 0x80, 0x0, 0x0, 0xc, 0xf4,
    0x6f, 0x80, 0x0, 0x0, 0x5f, 0xf0, 0x6f, 0xdb,
    0xbb, 0xbd, 0xff, 0x60, 0x6f, 0xff, 0xff, 0xfe,
    0xb4, 0x0,

    /* U+0183 "ƃ" */
    0xbf, 0xff, 0xff, 0xff, 0xf3, 0xbf, 0x87, 0x77,
    0x77, 0x71, 0xbf, 0x10, 0x0, 0x0, 0x0, 0xbf,
    0x10, 0x0, 0x0, 0x0, 0xbf, 0x3b, 0xff, 0xa2,
    0x0, 0xbf, 0xed, 0x8a, 0xfe, 0x20, 0xbf, 0xc0,
    0x0, 0x5f, 0xb0, 0xbf, 0x40, 0x0, 0xc, 0xf1,
    0xbf, 0x0, 0x0, 0x9, 0xf3, 0xbf, 0x0, 0x0,
    0x8, 0xf4, 0xbf, 0x0, 0x0, 0x9, 0xf3, 0xbf,
    0x20, 0x0, 0xd, 0xf0, 0xbf, 0xb0, 0x0, 0x6f,
    0xa0, 0xbf, 0xed, 0x9b, 0xfd, 0x10, 0xbf, 0x2b,
    0xfe, 0x91, 0x0,

    /* U+0184 "Ƅ" */
    0xaf, 0x10, 0x0, 0x0, 0x0, 0xaf, 0x10, 0x0,
    0x0, 0x0, 0xaf, 0x10, 0x0, 0x0, 0x0, 0xaf,
    0x10, 0x0, 0x0, 0x0, 0xaf, 0x10, 0x0, 0x0,
    0x0, 0xaf, 0x10, 0x0, 0x0, 0x0, 0xaf, 0xff,
    0xff, 0xc5, 0x0, 0xaf, 0xa9, 0x9b, 0xef, 0x70,
    0xaf, 0x10, 0x0, 0x1e, 0xf1, 0xaf, 0x10, 0x0,
    0x9, 0xf4, 0x9f, 0x20, 0x0, 0x7, 0xf4, 0x7f,
    0x50, 0x0, 0x9, 0xf2, 0x2f, 0xd1, 0x0, 0xe,
    0xe0, 0x8, 0xfd, 0x98, 0xdf, 0x70, 0x0, 0x6d,
    0xff, 0xc6, 0x0,

    /* U+0185 "ƅ" */
    0xaf, 0x10, 0x0, 0x0, 0x0, 0xaf, 0x10, 0x0,
    0x0, 0x0, 0xaf, 0x10, 0x0, 0x0, 0x0, 0xaf,
    0x10, 0x0, 0x0, 0x0, 0xaf, 0x3a, 0xff, 0xb2,
    0x0, 0xaf, 0xed, 0x89, 0xff, 0x20, 0xaf, 0xd0,
    0x0, 0x4f, 0xb0, 0xaf, 0x50, 0x0, 0xc, 0xf1,
    0xaf, 0x10, 0x0, 0x9, 0xf4, 0xaf, 0x0, 0x0,
    0x7, 0xf5, 0x9f, 0x10, 0x0, 0x9, 0xf4, 0x7f,
    0x40, 0x0, 0xc, 0xf1, 0x2f, 0xc0, 0x0, 0x5f,
    0xa0, 0x8, 0xfd, 0x8a, 0xfe, 0x10, 0x0, 0x6c,
    0xfe, 0xa1, 0x0,

    /* U+0186 "Ɔ" */
    0x0, 0x2, 0x9e, 0xfe, 0xc6, 0x0, 0x0, 0x0,
    0x5f, 0xfe, 0xbc, 0xff, 0xd2, 0x0, 0x3, 0xff,
    0x50, 0x0, 0x8, 0xfd, 0x10, 0xb, 0xf7, 0x0,
    0x0, 0x0, 0x9f, 0x90, 0x5, 0x90, 0x0, 0x0,
    0x0, 0x1f, 0xf0, 0x0, 0x0, 0x0, 0x0, 0x0,
    0xb, 0xf3, 0x0, 0x0, 0x0, 0x0, 0x0, 0x9,
    0xf5, 0x0, 0x0, 0x0, 0x0, 0x0, 0x8, 0xf6,
    0x0, 0x0, 0x0, 0x0, 0x0, 0x9, 0xf5, 0x1,
    0x30, 0x0, 0x0, 0x0, 0xc, 0xf3, 0x1f, 0xe0,
    0x0, 0x0, 0x0, 0x1f, 0xe0, 0xb, 0xf7, 0x0,
    0x0, 0x0, 0x9f, 0x80, 0x3, 0xff, 0x60, 0x0,
    0x8, 0xfe, 0x10, 0x0, 0x5f, 0xfe, 0xbb, 0xff,
    0xe3, 0x0, 0x0, 0x2, 0x9e, 0xfe, 0xc8, 0x10,
    0x0,

    /* U+0187 "Ƈ" */
    0x0, 0x3, 0xae, 0xfe, 0xb3, 0x9, 0xef, 0x40,
    0x8, 0xff, 0xdb, 0xcf, 0xfa, 0xfe, 0xb2, 0x8,
    0xfd, 0x30, 0x0, 0x2c, 0xff, 0x70, 0x2, 0xfe,
    0x10, 0x0, 0x0, 0x1e, 0xf6, 0x0, 0x8f, 0x80,
    0x0, 0x0, 0x0, 0x67, 0x20, 0xc, 0xf3, 0x0,
    0x0, 0x0, 0x0, 0x0, 0x0, 0xef, 0x0, 0x0,
    0x0, 0x0, 0x0, 0x0, 0xf, 0xf0, 0x0, 0x0,
    0x0, 0x0, 0x0, 0x0, 0xef, 0x0, 0x0, 0x0,
    0x0, 0x0, 0x0, 0xc, 0xf3, 0x0, 0x0, 0x0,
    0x1, 0x20, 0x0, 0x8f, 0x70, 0x0, 0x0, 0x0,
    0x8f, 0x80, 0x2, 0xfe, 0x10, 0x0, 0x0, 0x1e,
    0xf2, 0x0, 0x8, 0xfd, 0x30, 0x0, 0x2c, 0xfa,
    0x0, 0x0, 0xa, 0xff, 0xdb, 0xdf, 0xfb, 0x0,
    0x0, 0x0, 0x4, 0xae, 0xff, 0xc6, 0x0, 0x0,
    0x0,

    /* U+0188 "ƈ" */
    0x0, 0x0, 0x0, 0x0, 0x0, 0x10, 0x0, 0x0,
    0x0, 0x0, 0x6f, 0xf7, 0x0, 0x19, 0xef, 0xec,
    0xee, 0x62, 0x1, 0xdf, 0xb8, 0xbf, 0xfa, 0x0,
    0x9, 0xf6, 0x0, 0x8, 0xfa, 0x0, 0xf, 0xe0,
    0x0, 0x1, 0x83, 0x0, 0x2f, 0xb0, 0x0, 0x0,
    0x0, 0x0, 0x3f, 0x90, 0x0, 0x0, 0x0, 0x0,
    0x2f, 0xb0, 0x0, 0x0, 0x0, 0x0, 0xf, 0xe0,
    0x0, 0x1, 0xfb, 0x0, 0x9, 0xf6, 0x0, 0x8,
    0xf6, 0x0, 0x1, 0xdf, 0xa8, 0xbf, 0xc0, 0x0,
    0x0, 0x19, 0xef, 0xd7, 0x0, 0x0,

    /* U+0189 "Ɖ" */
    0x6, 0xff, 0xff, 0xff, 0xea, 0x30, 0x0, 0x6,
    0xfe, 0xcc, 0xcd, 0xff, 0xf6, 0x0, 0x6, 0xf8,
    0x0, 0x0, 0x6, 0xff, 0x20, 0x6, 0xf8, 0x0,
    0x0, 0x0, 0x7f, 0xb0, 0x6, 0xf8, 0x0, 0x0,
    0x0, 0xe, 0xf1, 0x6, 0xf8, 0x0, 0x0, 0x0,
    0xb, 0xf4, 0x6, 0xf8, 0x0, 0x0, 0x0, 0x9,
    0xf6, 0xff, 0xff, 0xff, 0xf6, 0x0, 0x8, 0xf6,
    0xcd, 0xfe, 0xcc, 0xc4, 0x0, 0x9, 0xf6, 0x6,
    0xf8, 0x0, 0x0, 0x0, 0xb, 0xf3, 0x6, 0xf8,
    0x0, 0x0, 0x0, 0xf, 0xf0, 0x6, 0xf8, 0x0,
    0x0, 0x0, 0x7f, 0xa0, 0x6, 0xf8, 0x0, 0x0,
    0x6, 0xff, 0x20, 0x6, 0xfe, 0xcc, 0xcd, 0xff,
    0xf5, 0x0, 0x6, 0xff, 0xff, 0xff, 0xda, 0x20,
    0x0,

    /* U+018A "Ɗ" */
    0x4d, 0xff, 0xff, 0xff, 0xfe, 0xc6, 0x0, 0xd,
    0xfc, 0xff, 0xcc, 0xcc, 0xdf, 0xfb, 0x0, 0xfb,
    0x1f, 0xd0, 0x0, 0x0, 0x3d, 0xf8, 0xe, 0x81,
    0xfd, 0x0, 0x0, 0x0, 0x2f, 0xf1, 0x0, 0x1f,
    0xd0, 0x0, 0x0, 0x0, 0x9f, 0x60, 0x1, 0xfd,
    0x0, 0x0, 0x0, 0x5, 0xf9, 0x0, 0x1f, 0xd0,
    0x0, 0x0, 0x0, 0x4f, 0xb0, 0x1, 0xfd, 0x0,
    0x0, 0x0, 0x3, 0xfc, 0x0, 0x1f, 0xd0, 0x0,
    0x0, 0x0, 0x4f, 0xb0, 0x1, 0xfd, 0x0, 0x0,
    0x0, 0x5, 0xf9, 0x0, 0x1f, 0xd0, 0x0, 0x0,
    0x0, 0xaf, 0x50, 0x1, 0xfd, 0x0, 0x0, 0x0,
    0x2f, 0xf0, 0x0, 0x1f, 0xd0, 0x0, 0x0, 0x3d,
    0xf7, 0x0, 0x1, 0xff, 0xcc, 0xcc, 0xef, 0xfa,
    0x0, 0x0, 0x1f, 0xff, 0xff, 0xfe, 0xa4, 0x0,
    0x0,

    /* U+018B "Ƌ" */
    0x0, 0xcf, 0xff, 0xff, 0xff, 0xf8, 0x0, 0x9b,
    0xbb, 0xbb, 0xbd, 0xf8, 0x0, 0x0, 0x0, 0x0,
    0x6, 0xf8, 0x0, 0x0, 0x0, 0x0, 0x6, 0xf8,
    0x0, 0x0, 0x0, 0x0, 0x6, 0xf8, 0x0, 0x0,
    0x0, 0x0, 0x6, 0xf8, 0x0, 0x16, 0xab, 0xcc,
    0xcd, 0xf8, 0x2, 0xef, 0xff, 0xff, 0xff, 0xf8,
    0xc, 0xfb, 0x31, 0x0, 0x6, 0xf8, 0x2f, 0xf0,
    0x0, 0x0, 0x6, 0xf8, 0x4f, 0xc0, 0x0, 0x0,
    0x6, 0xf8, 0x3f, 0xe0, 0x0, 0x0, 0x6, 0xf8,
    0xe, 0xf7, 0x0, 0x0, 0x6, 0xf8, 0x4, 0xff,
    0xdb, 0xbb, 0xbd, 0xf8, 0x0, 0x3b, 0xef, 0xff,
    0xff, 0xf8,

    /* U+018C "ƌ" */
    0x1f, 0xff, 0xff, 0xff, 0xfd, 0x7, 0x77, 0x77,
    0x77, 0xfd, 0x0, 0x0, 0x0, 0x0, 0xfd, 0x0,
    0x0, 0x0, 0x0, 0xfd, 0x0, 0x1a, 0xef, 0xb2,
    0xfd, 0x1, 0xef, 0xb8, 0xce, 0xfd, 0x9, 0xf7,
    0x0, 0xb, 0xfd, 0xf, 0xe0, 0x0, 0x2, 0xfd,
    0x1f, 0xb0, 0x0, 0x0, 0xed, 0x2f, 0xa0, 0x0,
    0x0, 0xdd, 0x1f, 0xb0, 0x0, 0x0, 0xdd, 0xe,
    0xe0, 0x0, 0x1, 0xfd, 0x8, 0xf8, 0x0, 0x9,
    0xfd, 0x0, 0xcf, 0xc9, 0xcf, 0xed, 0x0, 0x8,
    0xef, 0xc3, 0xdd,

    /* U+018D "ƍ" */
    0x0, 0x19, 0xdf, 0xea, 0x20, 0x0, 0x1d, 0xfb,
    0x8a, 0xfe, 0x20, 0xa, 0xf6, 0x0, 0x5, 0xfc,
    0x0, 0xfd, 0x0, 0x0, 0xb, 0xf2, 0x3f, 0x90,
    0x0, 0x0, 0x7f, 0x54, 0xf8, 0x0, 0x0, 0x6,
    0xf6, 0x3f, 0x90, 0x0, 0x0, 0x7f, 0x50, 0xfd,
    0x0, 0x0, 0xb, 0xf2, 0x9, 0xf6, 0x0, 0x4,
    0xfc, 0x0, 0x1d, 0xfa, 0x79, 0xff, 0x30, 0x0,
    0x1b, 0xff, 0xfb, 0x20, 0x0, 0x0, 0x7, 0xfa,
    0x10, 0x0, 0x0, 0x0, 0x3, 0xde, 0x40, 0x0,
    0x8, 0x88, 0x88, 0xff, 0x90, 0x1, 0xff, 0xff,
    0xff, 0xfe, 0x0,

    /* U+018E "Ǝ" */
    0x9f, 0xff, 0xff, 0xff, 0xff, 0xc7, 0xcc, 0xcc,
    0xcc, 0xcc, 0xfc, 0x0, 0x0, 0x0, 0x0, 0x2f,
    0xc0, 0x0, 0x0, 0x0, 0x2, 0xfc, 0x0, 0x0,
    0x0, 0x0, 0x2f, 0xc0, 0x0, 0x0, 0x0, 0x2,
    0xfc, 0xc, 0xcc, 0xcc, 0xcc, 0xcf, 0xc1, 0xff,
    0xff, 0xff, 0xff, 0xfc, 0x0, 0x0, 0x0, 0x0,
    0x2f, 0xc0, 0x0, 0x0, 0x0, 0x2, 0xfc, 0x0,
    0x0, 0x0, 0x0, 0x2f, 0xc0, 0x0, 0x0, 0x0,
    0x2, 0xfc, 0x0, 0x0, 0x0, 0x0, 0x2f, 0xcb,
    0xcc, 0xcc, 0xcc, 0xcc, 0xfc, 0xff, 0xff, 0xff,
    0xff, 0xff, 0xc0,

    /* U+018F "Ə" */
    0x0, 0x0, 0x7c, 0xff, 0xd9, 0x20, 0x0, 0x0,
    0x2d, 0xff, 0xff, 0xff, 0xf6, 0x0, 0x0, 0xdf,
    0xd5, 0x10, 0x3b, 0xff, 0x50, 0x7, 0xff, 0x20,
    0x0, 0x0, 0xaf, 0xe0, 0x0, 0x22, 0x0, 0x0,
    0x0, 0x1f, 0xf4, 0x0, 0x0, 0x0, 0x0, 0x0,
    0xb, 0xf8, 0x2f, 0xff, 0xff, 0xff, 0xff, 0xff,
    0xfa, 0x1f, 0xff, 0xff, 0xff, 0xff, 0xff, 0xfa,
    0xf, 0xf5, 0x0, 0x0, 0x0, 0xb, 0xf8, 0xc,
    0xf9, 0x0, 0x0, 0x0, 0xf, 0xf5, 0x6, 0xff,
    0x20, 0x0, 0x0, 0x9f, 0xe0, 0x0, 0xcf, 0xe5,
    0x10, 0x3a, 0xff, 0x50, 0x0, 0x1c, 0xff, 0xff,
    0xff, 0xf6, 0x0, 0x0, 0x0, 0x6c, 0xff, 0xd9,
    0x20, 0x0,

    /* U+0190 "Ɛ" */
    0x0, 0x6, 0xcf, 0xfc, 0x60, 0x0, 0x0, 0xaf,
    0xfd, 0xdf, 0xfb, 0x0, 0x4, 0xfe, 0x20, 0x1,
    0xcf, 0x60, 0x9, 0xf7, 0x0, 0x0, 0x2f, 0xc0,
    0x8, 0xf7, 0x0, 0x0, 0x8, 0x70, 0x2, 0xfe,
    0x20, 0x0, 0x0, 0x0, 0x0, 0x4e, 0xfc, 0xb1,
    0x0, 0x0, 0x0, 0x7e, 0xff, 0xf1, 0x0, 0x0,
    0x8, 0xfd, 0x51, 0x0, 0x0, 0x0, 0xf, 0xf1,
    0x0, 0x0, 0x0, 0x0, 0x1f, 0xd0, 0x0, 0x0,
    0x8, 0x91, 0xf, 0xf0, 0x0, 0x0, 0x2f, 0xf0,
    0xb, 0xfa, 0x0, 0x2, 0xdf, 0x70, 0x1, 0xdf,
    0xeb, 0xcf, 0xfb, 0x0, 0x0, 0x8, 0xdf, 0xfc,
    0x60, 0x0,

    /* U+0191 "Ƒ" */
    0x0, 0x6f, 0xff, 0xff, 0xff, 0xff, 0x40, 0x6,
    0xfe, 0xcc, 0xcc, 0xcc, 0xc3, 0x0, 0x6f, 0x80,
    0x0, 0x0, 0x0, 0x0, 0x6, 0xf8, 0x0, 0x0,
    0x0, 0x0, 0x0, 0x6f, 0x80, 0x0, 0x0, 0x0,
    0x0, 0x6, 0xf8, 0x0, 0x0, 0x0, 0x0, 0x0,
    0x6f, 0xec, 0xcc, 0xcc, 0xc2, 0x0, 0x6, 0xff,
    0xff, 0xff, 0xff, 0x30, 0x0, 0x6f, 0x80, 0x0,
    0x0, 0x0, 0x0, 0x6, 0xf8, 0x0, 0x0, 0x0,
    0x0, 0x0, 0x6f, 0x80, 0x0, 0x0, 0x0, 0x0,
    0x6, 0xf8, 0x0, 0x0, 0x0, 0x0, 0x0, 0x6f,
    0x80, 0x0, 0x0, 0x0, 0x0, 0x6, 0xf8, 0x0,
    0x0, 0x0, 0x0, 0x0, 0x6f, 0x70, 0x0, 0x0,
    0x0, 0x0, 0x7, 0xf7, 0x0, 0x0, 0x0, 0x0,
    0x2b, 0xef, 0x40, 0x0, 0x0, 0x0, 0x4, 0xfe,
    0x90, 0x0, 0x0, 0x0, 0x0,

    /* U+0192 "ƒ" */
    0x0, 0x0, 0x4c, 0xff, 0x90, 0x0, 0x1f, 0xfd,
    0xd7, 0x0, 0x6, 0xfb, 0x0, 0x0, 0x6f, 0xff,
    0xff, 0xf9, 0x4, 0xcf, 0xff, 0xcc, 0x70, 0x0,
    0xcf, 0x30, 0x0, 0x0, 0xe, 0xf2, 0x0, 0x0,
    0x0, 0xff, 0x0, 0x0, 0x0, 0x2f, 0xe0, 0x0,
    0x0, 0x3, 0xfc, 0x0, 0x0, 0x0, 0x5f, 0xa0,
    0x0, 0x0, 0xa, 0xf8, 0x0, 0x0, 0xce, 0xff,
    0x30, 0x0, 0xe, 0xfd, 0x50, 0x0, 0x0,

    /* U+0193 "Ɠ" */
    0x0, 0x1, 0x8c, 0xef, 0xd7, 0x3, 0xdf, 0xa0,
    0x5, 0xff, 0xeb, 0xbe, 0xfd, 0xdf, 0xc7, 0x5,
    0xfe, 0x50, 0x0, 0x6, 0xff, 0xe0, 0x1, 0xef,
    0x30, 0x0, 0x0, 0x8, 0xfe, 0x0, 0x6f, 0x90,
    0x0, 0x0, 0x0, 0x18, 0x40, 0xb, 0xf3, 0x0,
    0x0, 0x0, 0x0, 0x0, 0x0, 0xdf, 0x10, 0x0,
    0x0, 0x0, 0x0, 0x0, 0xf, 0xf0, 0x0, 0x0,
    0x9c, 0xcc, 0xcc, 0x30, 0xef, 0x10, 0x0, 0xc,
    0xff, 0xff, 0xf4, 0xc, 0xf4, 0x0, 0x0, 0x0,
    0x0, 0x9f, 0x40, 0x7f, 0x90, 0x0, 0x0, 0x0,
    0x9, 0xf4, 0x1, 0xff, 0x40, 0x0, 0x0, 0x0,
    0x9f, 0x40, 0x5, 0xff, 0x71, 0x0, 0x3, 0xaf,
    0xf3, 0x0, 0x5, 0xff, 0xfd, 0xce, 0xff, 0xd4,
    0x0, 0x0, 0x1, 0x8c, 0xef, 0xeb, 0x60, 0x0,
    0x0,

    /* U+0194 "Ɣ" */
    0xcf, 0x40, 0x0, 0x0, 0x0, 0x3f, 0xc5, 0xfa,
    0x0, 0x0, 0x0, 0xa, 0xf5, 0xe, 0xf1, 0x0,
    0x0, 0x1, 0xfe, 0x0, 0x8f, 0x80, 0x0, 0x0,
    0x7f, 0x80, 0x1, 0xfe, 0x0, 0x0, 0xe, 0xf1,
    0x0, 0xa, 0xf5, 0x0, 0x4, 0xfa, 0x0, 0x0,
    0x3f, 0xc0, 0x0, 0xbf, 0x30, 0x0, 0x0, 0xdf,
    0x30, 0x2f, 0xd0, 0x0, 0x0, 0x6, 0xf9, 0x8,
    0xf6, 0x0, 0x0, 0x0, 0xe, 0xf1, 0xef, 0x0,
    0x0, 0x0, 0x0, 0x8f, 0xcf, 0x90, 0x0, 0x0,
    0x0, 0x2, 0xff, 0xf2, 0x0, 0x0, 0x0, 0x0,
    0xb, 0xfb, 0x0, 0x0, 0x0, 0x0, 0x0, 0x9f,
    0xa0, 0x0, 0x0, 0x0, 0x0, 0x1f, 0xff, 0x10,
    0x0, 0x0, 0x0, 0x6, 0xfd, 0xf7, 0x0, 0x0,
    0x0, 0x0, 0xaf, 0x2f, 0xa0, 0x0, 0x0, 0x0,
    0x8, 0xf8, 0xf9, 0x0, 0x0, 0x0, 0x0, 0x1c,
    0xfc, 0x10, 0x0, 0x0,

    /* U+0195 "ƕ" */
    0xaf, 0x10, 0x0, 0x0, 0x0, 0x0, 0x0, 0xa,
    0xf1, 0x0, 0x0, 0x0, 0x0, 0x0, 0x0, 0xaf,
    0x10, 0x0, 0x0, 0x0, 0x0, 0x0, 0xa, 0xf1,
    0x0, 0x0, 0x0, 0x0, 0x0, 0x0, 0xaf, 0x2a,
    0xfe, 0xa1, 0x0, 0x9, 0xf2, 0xa, 0xfe, 0xd9,
    0xdf, 0xd0, 0x0, 0x2f, 0xa0, 0xaf, 0xc0, 0x0,
    0xcf, 0x30, 0x0, 0xdf, 0xa, 0xf5, 0x0, 0x7,
    0xf5, 0x0, 0x8, 0xf4, 0xaf, 0x20, 0x0, 0x5f,
    0x60, 0x0, 0x5f, 0x6a, 0xf1, 0x0, 0x5, 0xf6,
    0x0, 0x4, 0xf7, 0xaf, 0x10, 0x0, 0x5f, 0x60,
    0x0, 0x5f, 0x7a, 0xf1, 0x0, 0x4, 0xf8, 0x0,
    0x8, 0xf4, 0xaf, 0x10, 0x0, 0x2f, 0xc0, 0x0,
    0xef, 0xa, 0xf1, 0x0, 0x0, 0xaf, 0xb7, 0xcf,
    0x60, 0xaf, 0x10, 0x0, 0x0, 0x8d, 0xfd, 0x60,
    0x0,

    /* U+0196 "Ɩ" */
    0xaf, 0x10, 0xaf, 0x10, 0xaf, 0x10, 0xaf, 0x10,
    0xaf, 0x10, 0xaf, 0x10, 0xaf, 0x10, 0xaf, 0x10,
    0xaf, 0x10, 0xaf, 0x10, 0xaf, 0x10, 0xaf, 0x10,
    0xaf, 0x20, 0x8f, 0xd8, 0x1b, 0xfc,

    /* U+0197 "Ɨ" */
    0x0, 0xbf, 0x30, 0x0, 0xb, 0xf3, 0x0, 0x0,
    0xbf, 0x30, 0x0, 0xb, 0xf3, 0x0, 0x0, 0xbf,
    0x30, 0x0, 0xb, 0xf3, 0x0, 0x11, 0xbf, 0x41,
    0xf, 0xff, 0xff, 0xf7, 0x44, 0xcf, 0x64, 0x10,
    0xb, 0xf3, 0x0, 0x0, 0xbf, 0x30, 0x0, 0xb,
    0xf3, 0x0, 0x0, 0xbf, 0x30, 0x0, 0xb, 0xf3,
    0x0, 0x0, 0xbf, 0x30, 0x0,

    /* U+0198 "Ƙ" */
    0x8f, 0x50, 0x0, 0x0, 0x5d, 0xfa, 0x18, 0xf5,
    0x0, 0x0, 0x6f, 0xfd, 0xf8, 0x8f, 0x50, 0x0,
    0x4f, 0xd1, 0xb, 0x88, 0xf5, 0x0, 0x3f, 0xe1,
    0x0, 0x0, 0x8f, 0x50, 0x2e, 0xe2, 0x0, 0x0,
    0x8, 0xf5, 0x1d, 0xf4, 0x0, 0x0, 0x0, 0x8f,
    0x6c, 0xff, 0x60, 0x0, 0x0, 0x8, 0xfe, 0xfa,
    0xff, 0x20, 0x0, 0x0, 0x8f, 0xf9, 0x9, 0xfc,
    0x0, 0x0, 0x8, 0xfb, 0x0, 0xd, 0xf7, 0x0,
    0x0, 0x8f, 0x50, 0x0, 0x3f, 0xf3, 0x0, 0x8,
    0xf5, 0x0, 0x0, 0x8f, 0xd0, 0x0, 0x8f, 0x50,
    0x0, 0x0, 0xdf, 0x80, 0x8, 0xf5, 0x0, 0x0,
    0x3, 0xff, 0x40, 0x8f, 0x50, 0x0, 0x0, 0x8,
    0xfe, 0x10,

    /* U+0199 "ƙ" */
    0x1b, 0xfe, 0x0, 0x0, 0x7, 0xfb, 0x70, 0x0,
    0x0, 0xaf, 0x10, 0x0, 0x0, 0xb, 0xf1, 0x0,
    0x0, 0x0, 0xbf, 0x10, 0x4, 0xfe, 0x2b, 0xf1,
    0x3, 0xfe, 0x20, 0xbf, 0x12, 0xee, 0x20, 0xb,
    0xf3, 0xee, 0x30, 0x0, 0xbf, 0xef, 0xd0, 0x0,
    0xb, 0xff, 0xbf, 0x70, 0x0, 0xbf, 0x41, 0xef,
    0x20, 0xb, 0xf1, 0x6, 0xfb, 0x0, 0xbf, 0x10,
    0xc, 0xf5, 0xb, 0xf1, 0x0, 0x2f, 0xe1, 0xbf,
    0x10, 0x0, 0x8f, 0x90,

    /* U+019A "ƚ" */
    0x0, 0xaf, 0x10, 0x0, 0xa, 0xf1, 0x0, 0x0,
    0xaf, 0x10, 0x0, 0xa, 0xf1, 0x0, 0x0, 0xaf,
    0x10, 0x1, 0x1b, 0xf3, 0x10, 0xff, 0xff, 0xff,
    0x74, 0x4c, 0xf5, 0x41, 0x0, 0xaf, 0x10, 0x0,
    0xa, 0xf1, 0x0, 0x0, 0xaf, 0x10, 0x0, 0xa,
    0xf1, 0x0, 0x0, 0xaf, 0x20, 0x0, 0x8, 0xfd,
    0x80, 0x0, 0x1b, 0xfc, 0x0,

    /* U+019B "ƛ" */
    0x0, 0x4f, 0x92, 0x60, 0x0, 0x0, 0xf, 0xff,
    0xf1, 0x0, 0x6, 0xff, 0xf9, 0x10, 0x0, 0x5,
    0x85, 0xfa, 0x0, 0x0, 0x0, 0x0, 0xff, 0x0,
    0x0, 0x0, 0x4, 0xff, 0x50, 0x0, 0x0, 0xa,
    0xff, 0xb0, 0x0, 0x0, 0xf, 0xcc, 0xf1, 0x0,
    0x0, 0x6f, 0x76, 0xf6, 0x0, 0x0, 0xcf, 0x11,
    0xfc, 0x0, 0x1, 0xfb, 0x0, 0xbf, 0x20, 0x7,
    0xf5, 0x0, 0x5f, 0x80, 0xd, 0xf0, 0x0, 0xf,
    0xd0, 0x3f, 0xa0, 0x0, 0xa, 0xf3, 0x8f, 0x40,
    0x0, 0x4, 0xf9,

    /* U+019C "Ɯ" */
    0xbf, 0x10, 0x0, 0x8f, 0x30, 0x0, 0x6f, 0x6b,
    0xf1, 0x0, 0x8, 0xf3, 0x0, 0x6, 0xf6, 0xbf,
    0x10, 0x0, 0x8f, 0x30, 0x0, 0x6f, 0x6b, 0xf1,
    0x0, 0x8, 0xf3, 0x0, 0x6, 0xf6, 0xbf, 0x10,
    0x0, 0x8f, 0x30, 0x0, 0x6f, 0x6b, 0xf1, 0x0,
    0x8, 0xf3, 0x0, 0x6, 0xf6, 0xbf, 0x10, 0x0,
    0x8f, 0x30, 0x0, 0x6f, 0x6b, 0xf1, 0x0, 0x8,
    0xf3, 0x0, 0x6, 0xf6, 0xbf, 0x10, 0x0, 0x8f,
    0x30, 0x0, 0x6f, 0x6b, 0xf1, 0x0, 0x8, 0xf3,
    0x0, 0x6, 0xf6, 0xbf, 0x10, 0x0, 0x9f, 0x30,
    0x0, 0x6f, 0x6a, 0xf1, 0x0, 0xb, 0xf4, 0x0,
    0x9, 0xf6, 0x9f, 0x50, 0x3, 0xff, 0x70, 0x2,
    0xef, 0x63, 0xff, 0xab, 0xf8, 0xff, 0xaa, 0xfc,
    0xf6, 0x5, 0xdf, 0xd6, 0x4, 0xcf, 0xe7, 0x3f,
    0x60,

    /* U+019D "Ɲ" */
    0x0, 0x6f, 0xd0, 0x0, 0x0, 0x0, 0xfd, 0x0,
    0x6f, 0xf7, 0x0, 0x0, 0x0, 0xfd, 0x0, 0x6f,
    0xff, 0x20, 0x0, 0x0, 0xfd, 0x0, 0x6f, 0xcf,
    0xb0, 0x0, 0x0, 0xfd, 0x0, 0x6f, 0x6c, 0xf5,
    0x0, 0x0, 0xfd, 0x0, 0x6f, 0x62, 0xfe, 0x10,
    0x0, 0xfd, 0x0, 0x6f, 0x60, 0x7f, 0xa0, 0x0,
    0xfd, 0x0, 0x6f, 0x60, 0xd, 0xf4, 0x0, 0xfd,
    0x0, 0x6f, 0x60, 0x3, 0xfd, 0x0, 0xfd, 0x0,
    0x6f, 0x60, 0x0, 0x9f, 0x80, 0xfd, 0x0, 0x6f,
    0x60, 0x0, 0xe, 0xf3, 0xfd, 0x0, 0x6f, 0x60,
    0x0, 0x5, 0xfc, 0xfd, 0x0, 0x6f, 0x60, 0x0,
    0x0, 0xaf, 0xfd, 0x0, 0x6f, 0x60, 0x0, 0x0,
    0x1f, 0xfd, 0x0, 0x6f, 0x50, 0x0, 0x0, 0x6,
    0xfd, 0x0, 0x7f, 0x50, 0x0, 0x0, 0x0, 0x0,
    0x2b, 0xef, 0x30, 0x0, 0x0, 0x0, 0x0, 0x4f,
    0xe8, 0x0, 0x0, 0x0, 0x0, 0x0,

    /* U+019E "ƞ" */
    0xaf, 0x1a, 0xef, 0xc5, 0xa, 0xfe, 0xb6, 0x7e,
    0xf4, 0xaf, 0xa0, 0x0, 0x4f, 0xaa, 0xf4, 0x0,
    0x0, 0xfc, 0xaf, 0x20, 0x0, 0xf, 0xca, 0xf1,
    0x0, 0x0, 0xfd, 0xaf, 0x10, 0x0, 0xf, 0xda,
    0xf1, 0x0, 0x0, 0xfd, 0xaf, 0x10, 0x0, 0xf,
    0xda, 0xf1, 0x0, 0x0, 0xfd, 0xaf, 0x10, 0x0,
    0xf, 0xd0, 0x0, 0x0, 0x0, 0xfd, 0x0, 0x0,
    0x0, 0xf, 0xd0, 0x0, 0x0, 0x0, 0xfd, 0x0,
    0x0, 0x0, 0xf, 0xd0,

    /* U+019F "Ɵ" */
    0x0, 0x0, 0x39, 0xdf, 0xec, 0x70, 0x0, 0x0,
    0x0, 0x8f, 0xfd, 0xbb, 0xff, 0xe2, 0x0, 0x0,
    0x7f, 0xd3, 0x0, 0x0, 0x7f, 0xe1, 0x0, 0x2f,
    0xe1, 0x0, 0x0, 0x0, 0x6f, 0xb0, 0x9, 0xf6,
    0x0, 0x0, 0x0, 0x0, 0xdf, 0x20, 0xdf, 0x10,
    0x0, 0x0, 0x0, 0x8, 0xf6, 0xf, 0xf8, 0x88,
    0x88, 0x88, 0x88, 0xbf, 0x80, 0xff, 0xff, 0xff,
    0xff, 0xff, 0xff, 0xf9, 0xf, 0xf0, 0x0, 0x0,
    0x0, 0x0, 0x6f, 0x90, 0xdf, 0x20, 0x0, 0x0,
    0x0, 0x9, 0xf6, 0x9, 0xf8, 0x0, 0x0, 0x0,
    0x0, 0xef, 0x20, 0x2f, 0xf2, 0x0, 0x0, 0x0,
    0x8f, 0xb0, 0x0, 0x7f, 0xe4, 0x0, 0x0, 0x8f,
    0xe2, 0x0, 0x0, 0x7f, 0xfd, 0xbc, 0xff, 0xe3,
    0x0, 0x0, 0x0, 0x39, 0xdf, 0xfc, 0x70, 0x0,
    0x0,

    /* U+01A0 "Ơ" */
    0x0, 0x0, 0x0, 0x0, 0x0, 0x5, 0x80, 0x0,
    0x0, 0x0, 0x0, 0x0, 0x0, 0x8f, 0x30, 0x0,
    0x0, 0x0, 0x0, 0x0, 0x7, 0xf5, 0x0, 0x0,
    0x0, 0x0, 0x0, 0x0, 0xaf, 0x30, 0x0, 0x0,
    0x5b, 0xef, 0xef, 0xff, 0x80, 0x0, 0x1, 0xcf,
    0xff, 0xff, 0xff, 0xc1, 0x0, 0x0, 0xcf, 0xf7,
    0x20, 0x17, 0xff, 0xc0, 0x0, 0x6f, 0xf3, 0x0,
    0x0, 0x3, 0xff, 0x60, 0xc, 0xf9, 0x0, 0x0,
    0x0, 0x9, 0xfc, 0x0, 0xff, 0x40, 0x0, 0x0,
    0x0, 0x4f, 0xf0, 0x1f, 0xf2, 0x0, 0x0, 0x0,
    0x2, 0xff, 0x11, 0xff, 0x20, 0x0, 0x0, 0x0,
    0x2f, 0xf1, 0xf, 0xf4, 0x0, 0x0, 0x0, 0x4,
    0xff, 0x0, 0xcf, 0x90, 0x0, 0x0, 0x0, 0x9f,
    0xc0, 0x6, 0xff, 0x30, 0x0, 0x0, 0x2f, 0xf6,
    0x0, 0xc, 0xff, 0x71, 0x1, 0x6f, 0xfc, 0x0,
    0x0, 0x1c, 0xff, 0xff, 0xff, 0xfc, 0x10, 0x0,
    0x0, 0x5, 0xbe, 0xfe, 0xb6, 0x0, 0x0,

    /* U+01A1 "ơ" */
    0x0, 0x0, 0x0, 0x0, 0xe, 0xd0, 0x0, 0x0,
    0x0, 0x0, 0xc, 0xf0, 0x0, 0x0, 0x0, 0x0,
    0x1d, 0xe0, 0x0, 0x6, 0xcf, 0xef, 0xfe, 0x50,
    0x0, 0xbf, 0xfe, 0xff, 0xf7, 0x0, 0x7, 0xff,
    0x40, 0x7, 0xff, 0x30, 0xd, 0xf7, 0x0, 0x0,
    0xbf, 0x90, 0xf, 0xf2, 0x0, 0x0, 0x6f, 0xd0,
    0x2f, 0xf1, 0x0, 0x0, 0x5f, 0xe0, 0xf, 0xf2,
    0x0, 0x0, 0x6f, 0xd0, 0xd, 0xf7, 0x0, 0x0,
    0xbf, 0x90, 0x7, 0xff, 0x40, 0x7, 0xff, 0x30,
    0x0, 0xbf, 0xff, 0xff, 0xf7, 0x0, 0x0, 0x6,
    0xcf, 0xeb, 0x40, 0x0,

    /* U+01A2 "Ƣ" */
    0x0, 0x0, 0x39, 0xdf, 0xfc, 0x70, 0x3c, 0xff,
    0xb3, 0x0, 0x0, 0x8f, 0xfe, 0xcd, 0xff, 0xdf,
    0xfd, 0xdf, 0xf3, 0x0, 0x7f, 0xe5, 0x0, 0x1,
    0xaf, 0xf7, 0x0, 0x6f, 0xa0, 0x2f, 0xf2, 0x0,
    0x0, 0x0, 0x9f, 0xb0, 0x0, 0xfe, 0x9, 0xf8,
    0x0, 0x0, 0x0, 0x0, 0xef, 0x20, 0xe, 0xf0,
    0xdf, 0x20, 0x0, 0x0, 0x0, 0x9, 0xf6, 0x0,
    0xef, 0xf, 0xf0, 0x0, 0x0, 0x0, 0x0, 0x6f,
    0x90, 0xe, 0xf0, 0xfe, 0x0, 0x0, 0x0, 0x0,
    0x5, 0xf9, 0x0, 0xef, 0xf, 0xf0, 0x0, 0x0,
    0x0, 0x0, 0x6f, 0x90, 0xe, 0xf0, 0xdf, 0x10,
    0x0, 0x0, 0x0, 0x8, 0xf6, 0x0, 0xef, 0x9,
    0xf7, 0x0, 0x0, 0x0, 0x0, 0xef, 0x20, 0xe,
    0xf0, 0x2f, 0xe1, 0x0, 0x0, 0x0, 0x7f, 0xb0,
    0x0, 0xef, 0x0, 0x7f, 0xe4, 0x0, 0x0, 0x8f,
    0xe2, 0x0, 0xe, 0xf0, 0x0, 0x7f, 0xfd, 0xbc,
    0xff, 0xe3, 0x0, 0x0, 0xef, 0x0, 0x0, 0x39,
    0xdf, 0xfc, 0x70, 0x0, 0x0, 0xe, 0xf0,

    /* U+01A3 "ƣ" */
    0x0, 0x18, 0xef, 0xd9, 0x4b, 0xfe, 0xa1, 0x0,
    0x1e, 0xfc, 0x9c, 0xff, 0xfa, 0xbf, 0xc0, 0xa,
    0xf8, 0x0, 0x6, 0xfc, 0x0, 0xbf, 0x20, 0xfd,
    0x0, 0x0, 0xc, 0xf2, 0x7, 0xf4, 0x3f, 0xa0,
    0x0, 0x0, 0x8f, 0x50, 0x7f, 0x44, 0xf8, 0x0,
    0x0, 0x6, 0xf6, 0x7, 0xf4, 0x3f, 0x90, 0x0,
    0x0, 0x7f, 0x50, 0x7f, 0x40, 0xfd, 0x0, 0x0,
    0xc, 0xf2, 0x7, 0xf4, 0xb, 0xf7, 0x0, 0x4,
    0xfc, 0x0, 0x7f, 0x40, 0x1e, 0xfc, 0x8a, 0xfe,
    0x20, 0x7, 0xf4, 0x0, 0x18, 0xdf, 0xe9, 0x10,
    0x0, 0x7f, 0x40, 0x0, 0x0, 0x0, 0x0, 0x0,
    0x7, 0xf4, 0x0, 0x0, 0x0, 0x0, 0x0, 0x0,
    0x7f, 0x40, 0x0, 0x0, 0x0, 0x0, 0x0, 0x7,
    0xf4, 0x0, 0x0, 0x0, 0x0, 0x0, 0x0, 0x7f,
    0x40,

    /* U+01A4 "Ƥ" */
    0x4d, 0xff, 0xff, 0xff, 0xff, 0xd8, 0x10, 0xdf,
    0xdf, 0xfc, 0xcc, 0xcd, 0xff, 0xd0, 0xfb, 0x1f,
    0xd0, 0x0, 0x0, 0x1c, 0xf6, 0xe9, 0x1f, 0xd0,
    0x0, 0x0, 0x4, 0xfb, 0x0, 0x1f, 0xd0, 0x0,
    0x0, 0x2, 0xfc, 0x0, 0x1f, 0xd0, 0x0, 0x0,
    0x5, 0xfa, 0x0, 0x1f, 0xd0, 0x0, 0x0, 0x3e,
    0xf5, 0x0, 0x1f, 0xfc, 0xcc, 0xce, 0xff, 0xb0,
    0x0, 0x1f, 0xff, 0xff, 0xfe, 0xc6, 0x0, 0x0,
    0x1f, 0xd0, 0x0, 0x0, 0x0, 0x0, 0x0, 0x1f,
    0xd0, 0x0, 0x0, 0x0, 0x0, 0x0, 0x1f, 0xd0,
    0x0, 0x0, 0x0, 0x0, 0x0, 0x1f, 0xd0, 0x0,
    0x0, 0x0, 0x0, 0x0, 0x1f, 0xd0, 0x0, 0x0,
    0x0, 0x0, 0x0, 0x1f, 0xd0, 0x0, 0x0, 0x0,
    0x0,

    /* U+01A5 "ƥ" */
    0x0, 0x0, 0x0, 0x16, 0x71, 0x0, 0x0, 0x0,
    0xdf, 0xf3, 0x0, 0x0, 0x2, 0xf8, 0x0, 0xaf,
    0x2b, 0xff, 0xf8, 0x0, 0xaf, 0xea, 0x35, 0xdf,
    0x40, 0xaf, 0xb0, 0x0, 0x2f, 0xd0, 0xaf, 0x40,
    0x0, 0xb, 0xf2, 0xaf, 0x0, 0x0, 0x8, 0xf4,
    0xaf, 0x0, 0x0, 0x7, 0xf5, 0xaf, 0x0, 0x0,
    0x8, 0xf4, 0xaf, 0x40, 0x0, 0xc, 0xf1, 0xaf,
    0xc0, 0x0, 0x5f, 0xa0, 0xaf, 0xed, 0x8a, 0xfd,
    0x10, 0xaf, 0x3b, 0xfe, 0xa1, 0x0, 0xaf, 0x10,
    0x0, 0x0, 0x0, 0xaf, 0x10, 0x0, 0x0, 0x0,
    0xaf, 0x10, 0x0, 0x0, 0x0, 0xaf, 0x10, 0x0,
    0x0, 0x0,

    /* U+01A6 "Ʀ" */
    0x6f, 0x80, 0x0, 0x0, 0x0, 0x0, 0x0, 0x6f,
    0x80, 0x0, 0x0, 0x0, 0x0, 0x0, 0x6f, 0xff,
    0xff, 0xff, 0xeb, 0x30, 0x0, 0x6f, 0xda, 0xaa,
    0xab, 0xef, 0xf3, 0x0, 0x6f, 0x80, 0x0, 0x0,
    0x8, 0xfc, 0x0, 0x6f, 0x80, 0x0, 0x0, 0x0,
    0xff, 0x0, 0x6f, 0x80, 0x0, 0x0, 0x0, 0xff,
    0x0, 0x6f, 0x80, 0x0, 0x0, 0xa, 0xfa, 0x0,
    0x6f, 0xec, 0xcc, 0xcd, 0xff, 0xd1, 0x0, 0x6f,
    0xff, 0xff, 0xff, 0xa5, 0x0, 0x0, 0x6f, 0x80,
    0x1, 0x6f, 0xd2, 0x0, 0x0, 0x6f, 0x80, 0x0,
    0x6, 0xfe, 0x10, 0x0, 0x6f, 0x80, 0x0, 0x0,
    0xaf, 0xb0, 0x0, 0x6f, 0x80, 0x0, 0x0, 0x1f,
    0xf4, 0x0, 0x6f, 0x80, 0x0, 0x0, 0x7, 0xfe,
    0x0, 0x0, 0x0, 0x0, 0x0, 0x0, 0xdf, 0x80,
    0x0, 0x0, 0x0, 0x0, 0x0, 0x3f, 0xf2, 0x0,
    0x0, 0x0, 0x0, 0x0, 0x6, 0x84,

    /* U+01A7 "Ƨ" */
    0x0, 0x29, 0xdf, 0xfc, 0x70, 0x0, 0x5, 0xff,
    0xec, 0xdf, 0xfc, 0x0, 0x1f, 0xf6, 0x0, 0x1,
    0xaf, 0x80, 0x6f, 0x90, 0x0, 0x0, 0xf, 0xd0,
    0x37, 0x30, 0x0, 0x0, 0x1f, 0xd0, 0x0, 0x0,
    0x0, 0x4, 0xcf, 0x80, 0x0, 0x3, 0x7b, 0xff,
    0xfb, 0x0, 0x3, 0xcf, 0xff, 0xea, 0x40, 0x0,
    0x4f, 0xfc, 0x72, 0x0, 0x0, 0x0, 0xcf, 0x60,
    0x0, 0x0, 0x0, 0x0, 0xee, 0x0, 0x0, 0x0,
    0x7, 0xf5, 0xdf, 0x10, 0x0, 0x0, 0xd, 0xf2,
    0x8f, 0xb2, 0x0, 0x3, 0xbf, 0xb0, 0xb, 0xff,
    0xdc, 0xef, 0xfd, 0x10, 0x0, 0x6c, 0xff, 0xec,
    0x70, 0x0,

    /* U+01A8 "ƨ" */
    0x0, 0x4b, 0xef, 0xd7, 0x0, 0x4, 0xfe, 0x98,
    0xcf, 0x90, 0xb, 0xf2, 0x0, 0xb, 0xf0, 0x0,
    0x20, 0x0, 0x1d, 0xf0, 0x0, 0x3, 0x7c, 0xff,
    0x90, 0x3, 0xdf, 0xff, 0xd6, 0x0, 0xe, 0xfb,
    0x61, 0x0, 0x0, 0x2f, 0xa0, 0x0, 0x4, 0x82,
    0x1f, 0xc0, 0x0, 0xc, 0xf1, 0x9, 0xfd, 0x89,
    0xdf, 0x90, 0x0, 0x5c, 0xfe, 0xc6, 0x0,

    /* U+01A9 "Ʃ" */
    0x1f, 0xff, 0xff, 0xff, 0xff, 0xb0, 0xf, 0xfc,
    0xcc, 0xcc, 0xcc, 0x80, 0x9, 0xfa, 0x0, 0x0,
    0x0, 0x0, 0x0, 0xbf, 0x80, 0x0, 0x0, 0x0,
    0x0, 0xc, 0xf7, 0x0, 0x0, 0x0, 0x0, 0x1,
    0xdf, 0x50, 0x0, 0x0, 0x0, 0x0, 0x1e, 0xf4,
    0x0, 0x0, 0x0, 0x0, 0xa, 0xf9, 0x0, 0x0,
    0x0, 0x0, 0x7f, 0xc0, 0x0, 0x0, 0x0, 0x4,
    0xfe, 0x10, 0x0, 0x0, 0x0, 0x2e, 0xf3, 0x0,
    0x0, 0x0, 0x0, 0xdf, 0x60, 0x0, 0x0, 0x0,
    0xb, 0xf9, 0x0, 0x0, 0x0, 0x0, 0x1f, 0xfc,
    0xcc, 0xcc, 0xcc, 0xc0, 0x1f, 0xff, 0xff, 0xff,
    0xff, 0xf1,

    /* U+01AA "ƪ" */
    0x5, 0xee, 0x90, 0x0, 0x1, 0xe2, 0x2e, 0x80,
    0x0, 0x4a, 0x0, 0xbf, 0x0, 0x1, 0xe2, 0x2e,
    0xf1, 0x0, 0x5, 0xee, 0xef, 0x10, 0x0, 0x0,
    0xa, 0xf1, 0x0, 0x0, 0x0, 0xaf, 0x10, 0x0,
    0x0, 0xa, 0xf1, 0x0, 0x0, 0x0, 0xaf, 0x10,
    0x0, 0x0, 0xa, 0xf1, 0x0, 0x0, 0x0, 0xaf,
    0x10, 0x0, 0x0, 0xa, 0xf1, 0x0, 0x0, 0x0,
    0xaf, 0x10, 0x0, 0x0, 0xa, 0xf1, 0x0, 0x0,
    0x0, 0xaf, 0x10, 0x0, 0x0, 0xa, 0xf1, 0x0,
    0x0, 0x0, 0x9f, 0x40, 0x0, 0x0, 0x6, 0xff,
    0xf0, 0x0, 0x0, 0x7, 0xa9, 0x0,

    /* U+01AB "ƫ" */
    0x0, 0x33, 0x0, 0x4, 0xf6, 0x0, 0x6, 0xf6,
    0x0, 0x6, 0xf6, 0x0, 0xaf, 0xff, 0xf2, 0x4a,
    0xfa, 0x60, 0x6, 0xf6, 0x0, 0x6, 0xf6, 0x0,
    0x6, 0xf6, 0x0, 0x6, 0xf6, 0x0, 0x6, 0xf6,
    0x0, 0x5, 0xf6, 0x0, 0x5, 0xf6, 0x0, 0x3,
    0xfe, 0xb4, 0x0, 0xaf, 0xf5, 0x0, 0x3, 0xf5,
    0x0, 0x8c, 0xf3, 0x1, 0xef, 0x90,

    /* U+01AC "Ƭ" */
    0xa, 0xef, 0xff, 0xff, 0xff, 0xf6, 0xfe, 0xcc,
    0xff, 0xcc, 0xcc, 0x8f, 0x20, 0xd, 0xf0, 0x0,
    0x7, 0xd1, 0x0, 0xdf, 0x0, 0x0, 0x0, 0x0,
    0xd, 0xf0, 0x0, 0x0, 0x0, 0x0, 0xdf, 0x0,
    0x0, 0x0, 0x0, 0xd, 0xf0, 0x0, 0x0, 0x0,
    0x0, 0xdf, 0x0, 0x0, 0x0, 0x0, 0xd, 0xf0,
    0x0, 0x0, 0x0, 0x0, 0xdf, 0x0, 0x0, 0x0,
    0x0, 0xd, 0xf0, 0x0, 0x0, 0x0, 0x0, 0xdf,
    0x0, 0x0, 0x0, 0x0, 0xd, 0xf0, 0x0, 0x0,
    0x0, 0x0, 0xdf, 0x0, 0x0, 0x0, 0x0, 0xd,
    0xf0, 0x0, 0x0,

    /* U+01AD "ƭ" */
    0x0, 0x9f, 0xf4, 0x3, 0xfe, 0xb2, 0x5, 0xf6,
    0x0, 0x5, 0xf6, 0x0, 0xaf, 0xff, 0xf2, 0x4a,
    0xfa, 0x60, 0x6, 0xf6, 0x0, 0x6, 0xf6, 0x0,
    0x6, 0xf6, 0x0, 0x6, 0xf6, 0x0, 0x6, 0xf6,
    0x0, 0x5, 0xf6, 0x0, 0x5, 0xf7, 0x0, 0x3,
    0xfe, 0xb2, 0x0, 0x9f, 0xf4,

    /* U+01AE "Ʈ" */
    0x9f, 0xff, 0xff, 0xff, 0xff, 0xfc, 0x6c, 0xcc,
    0xcf, 0xfc, 0xcc, 0xc9, 0x0, 0x0, 0xd, 0xf0,
    0x0, 0x0, 0x0, 0x0, 0xd, 0xf0, 0x0, 0x0,
    0x0, 0x0, 0xd, 0xf0, 0x0, 0x0, 0x0, 0x0,
    0xd, 0xf0, 0x0, 0x0, 0x0, 0x0, 0xd, 0xf0,
    0x0, 0x0, 0x0, 0x0, 0xd, 0xf0, 0x0, 0x0,
    0x0, 0x0, 0xd, 0xf0, 0x0, 0x0, 0x0, 0x0,
    0xd, 0xf0, 0x0, 0x0, 0x0, 0x0, 0xd, 0xf0,
    0x0, 0x0, 0x0, 0x0, 0xd, 0xf0, 0x0, 0x0,
    0x0, 0x0, 0xd, 0xf0, 0x0, 0x0, 0x0, 0x0,
    0xd, 0xf0, 0x0, 0x0, 0x0, 0x0, 0xd, 0xf0,
    0x0, 0x0, 0x0, 0x0, 0xd, 0xf0, 0x0, 0x0,
    0x0, 0x0, 0xd, 0xf1, 0x0, 0x0, 0x0, 0x0,
    0xa, 0xfe, 0xa0, 0x0, 0x0, 0x0, 0x2, 0xcf,
    0xe0, 0x0,

    /* U+01AF "Ư" */
    0x0, 0x0, 0x0, 0x0, 0x0, 0x5, 0x80, 0x0,
    0x0, 0x0, 0x0, 0x0, 0x9, 0xf3, 0x0, 0x0,
    0x0, 0x0, 0x0, 0x7, 0xf4, 0x0, 0x0, 0x0,
    0x0, 0x0, 0xa, 0xf2, 0x9f, 0x90, 0x0, 0x0,
    0xf, 0xff, 0x80, 0x9f, 0x90, 0x0, 0x0, 0xb,
    0xf7, 0x0, 0x9f, 0x90, 0x0, 0x0, 0xb, 0xf7,
    0x0, 0x9f, 0x90, 0x0, 0x0, 0xb, 0xf7, 0x0,
    0x9f, 0x90, 0x0, 0x0, 0xb, 0xf7, 0x0, 0x9f,
    0x90, 0x0, 0x0, 0xb, 0xf7, 0x0, 0x9f, 0x90,
    0x0, 0x0, 0xb, 0xf7, 0x0, 0x9f, 0x90, 0x0,
    0x0, 0xb, 0xf7, 0x0, 0x9f, 0x90, 0x0, 0x0,
    0xb, 0xf7, 0x0, 0x8f, 0xb0, 0x0, 0x0, 0xd,
    0xf6, 0x0, 0x5f, 0xe1, 0x0, 0x0, 0x2f, 0xf3,
    0x0, 0xe, 0xfc, 0x41, 0x15, 0xdf, 0xc0, 0x0,
    0x3, 0xef, 0xff, 0xff, 0xfe, 0x20, 0x0, 0x0,
    0x18, 0xdf, 0xfd, 0x80, 0x0, 0x0,

    /* U+01B0 "ư" */
    0x0, 0x0, 0x0, 0x0, 0xe, 0xd0, 0x0, 0x0,
    0x0, 0x0, 0xc, 0xf0, 0x0, 0x0, 0x0, 0x0,
    0x1d, 0xe0, 0x8f, 0xa0, 0x0, 0xf, 0xff, 0x50,
    0x8f, 0xa0, 0x0, 0xf, 0xf3, 0x0, 0x8f, 0xa0,
    0x0, 0xe, 0xf3, 0x0, 0x8f, 0xa0, 0x0, 0xe,
    0xf3, 0x0, 0x8f, 0xa0, 0x0, 0xe, 0xf3, 0x0,
    0x8f, 0xa0, 0x0, 0xe, 0xf3, 0x0, 0x7f, 0xa0,
    0x0, 0xf, 0xf3, 0x0, 0x6f, 0xc0, 0x0, 0x1f,
    0xf3, 0x0, 0x4f, 0xf3, 0x0, 0xaf, 0xf3, 0x0,
    0xc, 0xff, 0xdf, 0xdd, 0xf3, 0x0, 0x1, 0xaf,
    0xea, 0x1c, 0xf3, 0x0,

    /* U+01B1 "Ʊ" */
    0xaf, 0xfb, 0x20, 0x0, 0x3c, 0xff, 0xa7, 0xcf,
    0xf9, 0x0, 0xb, 0xfe, 0xb7, 0x0, 0x6f, 0x70,
    0x0, 0x9f, 0x40, 0x0, 0xa, 0xf2, 0x0, 0x3,
    0xf8, 0x0, 0x1, 0xfb, 0x0, 0x0, 0xc, 0xf1,
    0x0, 0x8f, 0x40, 0x0, 0x0, 0x6f, 0x70, 0xe,
    0xe0, 0x0, 0x0, 0x0, 0xfe, 0x4, 0xfa, 0x0,
    0x0, 0x0, 0xb, 0xf3, 0x7f, 0x70, 0x0, 0x0,
    0x0, 0x8f, 0x67, 0xf7, 0x0, 0x0, 0x0, 0x8,
    0xf6, 0x5f, 0xb0, 0x0, 0x0, 0x0, 0xcf, 0x40,
    0xef, 0x40, 0x0, 0x0, 0x4f, 0xe0, 0x6, 0xfe,
    0x40, 0x0, 0x4e, 0xf5, 0x0, 0x7, 0xff, 0xdb,
    0xdf, 0xf7, 0x0, 0x0, 0x3, 0xae, 0xfe, 0xa3,
    0x0, 0x0,

    /* U+01B2 "Ʋ" */
    0xbf, 0x50, 0x0, 0x0, 0xb, 0xfd, 0x15, 0xfa,
    0x0, 0x0, 0x0, 0x8d, 0xf6, 0xe, 0xf0, 0x0,
    0x0, 0x0, 0x6f, 0x50, 0x9f, 0x50, 0x0, 0x0,
    0x8, 0xf2, 0x3, 0xfa, 0x0, 0x0, 0x0, 0xbe,
    0x0, 0xd, 0xf0, 0x0, 0x0, 0xf, 0xa0, 0x0,
    0x7f, 0x50, 0x0, 0x5, 0xf5, 0x0, 0x1, 0xfb,
    0x0, 0x0, 0xbf, 0x0, 0x0, 0xb, 0xf1, 0x0,
    0x1f, 0x90, 0x0, 0x0, 0x5f, 0x60, 0x8, 0xf3,
    0x0, 0x0, 0x0, 0xfb, 0x0, 0xec, 0x0, 0x0,
    0x0, 0xa, 0xf1, 0x7f, 0x50, 0x0, 0x0, 0x0,
    0x4f, 0x6e, 0xd0, 0x0, 0x0, 0x0, 0x0, 0xee,
    0xf5, 0x0, 0x0, 0x0, 0x0, 0x8, 0xfd, 0x0,
    0x0, 0x0,

    /* U+01B3 "Ƴ" */
    0x2d, 0xfc, 0x40, 0x0, 0x0, 0x0, 0x9f, 0x90,
    0xba, 0xff, 0x50, 0x0, 0x0, 0x3f, 0xe0, 0x0,
    0x2, 0xef, 0x20, 0x0, 0xd, 0xf4, 0x0, 0x0,
    0x5, 0xfb, 0x0, 0x7, 0xfa, 0x0, 0x0, 0x0,
    0xb, 0xf3, 0x1, 0xfe, 0x10, 0x0, 0x0, 0x0,
    0x2f, 0xb0, 0xaf, 0x50, 0x0, 0x0, 0x0, 0x0,
    0xbf, 0x5f, 0xb0, 0x0, 0x0, 0x0, 0x0, 0x4,
    0xff, 0xf2, 0x0, 0x0, 0x0, 0x0, 0x0, 0xd,
    0xf7, 0x0, 0x0, 0x0, 0x0, 0x0, 0x0, 0xbf,
    0x30, 0x0, 0x0, 0x0, 0x0, 0x0, 0xb, 0xf3,
    0x0, 0x0, 0x0, 0x0, 0x0, 0x0, 0xbf, 0x30,
    0x0, 0x0, 0x0, 0x0, 0x0, 0xb, 0xf3, 0x0,
    0x0, 0x0, 0x0, 0x0, 0x0, 0xbf, 0x30, 0x0,
    0x0, 0x0, 0x0, 0x0, 0xb, 0xf3, 0x0, 0x0,
    0x0,

    /* U+01B4 "ƴ" */
    0x7f, 0x60, 0x0, 0x0, 0x5e, 0xe4, 0x2, 0xfb,
    0x0, 0x0, 0x3f, 0xcd, 0xf1, 0xc, 0xf1, 0x0,
    0xa, 0xf1, 0x4f, 0x40, 0x6f, 0x70, 0x1, 0xfa,
    0x0, 0x0, 0x0, 0xfc, 0x0, 0x7f, 0x40, 0x0,
    0x0, 0xa, 0xf2, 0xd, 0xe0, 0x0, 0x0, 0x0,
    0x4f, 0x73, 0xf8, 0x0, 0x0, 0x0, 0x0, 0xed,
    0x8f, 0x20, 0x0, 0x0, 0x0, 0x8, 0xfd, 0xc0,
    0x0, 0x0, 0x0, 0x0, 0x2f, 0xf6, 0x0, 0x0,
    0x0, 0x0, 0x0, 0xdf, 0x0, 0x0, 0x0, 0x0,
    0x0, 0x1f, 0xa0, 0x0, 0x0, 0x0, 0x0, 0x9,
    0xf3, 0x0, 0x0, 0x0, 0x0, 0xcd, 0xfb, 0x0,
    0x0, 0x0, 0x0, 0xb, 0xfb, 0x10, 0x0, 0x0,
    0x0, 0x0,

    /* U+01B5 "Ƶ" */
    0xd, 0xff, 0xff, 0xff, 0xff, 0xf7, 0x9, 0xcc,
    0xcc, 0xcc, 0xcf, 0xf6, 0x0, 0x0, 0x0, 0x0,
    0x6f, 0xd0, 0x0, 0x0, 0x0, 0x3, 0xff, 0x30,
    0x0, 0x0, 0x0, 0xd, 0xf7, 0x0, 0x0, 0x0,
    0x0, 0x9f, 0xc0, 0x0, 0x0, 0x11, 0x15, 0xff,
    0x31, 0x0, 0x2, 0xff, 0xff, 0xff, 0xff, 0x0,
    0x0, 0x45, 0xef, 0x84, 0x44, 0x0, 0x0, 0xa,
    0xfa, 0x0, 0x0, 0x0, 0x0, 0x7f, 0xc0, 0x0,
    0x0, 0x0, 0x4, 0xfe, 0x10, 0x0, 0x0, 0x0,
    0x2f, 0xf3, 0x0, 0x0, 0x0, 0x0, 0xaf, 0xec,
    0xcc, 0xcc, 0xcc, 0xc8, 0xaf, 0xff, 0xff, 0xff,
    0xff, 0xfb,

    /* U+01B6 "ƶ" */
    0x3f, 0xff, 0xff, 0xff, 0xf4, 0x17, 0x77, 0x77,
    0x9f, 0xe1, 0x0, 0x0, 0x1, 0xdf, 0x20, 0x2,
    0x22, 0x2c, 0xf6, 0x20, 0x1f, 0xff, 0xff, 0xff,
    0xf2, 0x5, 0x5c, 0xfa, 0x55, 0x50, 0x0, 0x5f,
    0xd0, 0x0, 0x0, 0x2, 0xef, 0x20, 0x0, 0x0,
    0xc, 0xf5, 0x0, 0x0, 0x0, 0x7f, 0xe8, 0x99,
    0x99, 0x95, 0x9f, 0xff, 0xff, 0xff, 0xf9,

    /* U+01B7 "Ʒ" */
    0x7, 0xff, 0xff, 0xff, 0xff, 0xc0, 0x5, 0xcc,
    0xcc, 0xcc, 0xff, 0x80, 0x0, 0x0, 0x0, 0xa,
    0xf6, 0x0, 0x0, 0x0, 0x1, 0xce, 0x30, 0x0,
    0x0, 0x0, 0x3e, 0xc1, 0x0, 0x0, 0x0, 0x0,
    0xdf, 0xfd, 0x81, 0x0, 0x0, 0x0, 0xa9, 0x9c,
    0xfe, 0x30, 0x0, 0x0, 0x0, 0x0, 0x5f, 0xe0,
    0x0, 0x0, 0x0, 0x0, 0x7, 0xf6, 0x0, 0x0,
    0x0, 0x0, 0x3, 0xf9, 0x1c, 0xb0, 0x0, 0x0,
    0x3, 0xf9, 0xf, 0xf2, 0x0, 0x0, 0x9, 0xf5,
    0x8, 0xfc, 0x20, 0x0, 0x7f, 0xd0, 0x0, 0xbf,
    0xfd, 0xce, 0xfe, 0x20, 0x0, 0x6, 0xcf, 0xfd,
    0x81, 0x0,

    /* U+01B8 "Ƹ" */
    0x3, 0xff, 0xff, 0xff, 0xff, 0xf0, 0x1, 0xef,
    0xec, 0xcc, 0xcc, 0xc0, 0x0, 0x1b, 0xf5, 0x0,
    0x0, 0x0, 0x0, 0x0, 0x9f, 0x70, 0x0, 0x0,
    0x0, 0x0, 0x6, 0xfa, 0x0, 0x0, 0x0, 0x4,
    0xbe, 0xff, 0x60, 0x0, 0x0, 0x8f, 0xfb, 0x9a,
    0x50, 0x0, 0x6, 0xfb, 0x10, 0x0, 0x0, 0x0,
    0xd, 0xf1, 0x0, 0x0, 0x0, 0x0, 0xf, 0xc0,
    0x0, 0x0, 0x0, 0x0, 0xf, 0xc0, 0x0, 0x0,
    0x2, 0xe7, 0xc, 0xf2, 0x0, 0x0, 0x8, 0xf8,
    0x5, 0xfd, 0x30, 0x0, 0x6f, 0xf2, 0x0, 0x8f,
    0xfd, 0xbe, 0xff, 0x50, 0x0, 0x4, 0xbe, 0xfe,
    0xa2, 0x0,

    /* U+01B9 "ƹ" */
    0xc, 0xff, 0xff, 0xff, 0xf5, 0x8, 0xfc, 0x88,
    0x88, 0x82, 0x0, 0xcf, 0x20, 0x0, 0x0, 0x0,
    0x1e, 0xd0, 0x0, 0x0, 0x0, 0x3, 0xf9, 0x0,
    0x0, 0x0, 0x0, 0x7f, 0x50, 0x0, 0x0, 0x2c,
    0xff, 0xa0, 0x0, 0x3, 0xff, 0x85, 0x40, 0x0,
    0xc, 0xf4, 0x0, 0x0, 0x0, 0xf, 0xc0, 0x0,
    0x0, 0x0, 0x2f, 0xa0, 0x0, 0x0, 0x0, 0xf,
    0xd0, 0x0, 0x2, 0xf8, 0x9, 0xf7, 0x0, 0x9,
    0xf5, 0x1, 0xdf, 0xb8, 0xbf, 0xb0, 0x0, 0x8,
    0xef, 0xd7, 0x0,

    /* U+01BA "ƺ" */
    0x4f, 0xff, 0xff, 0xff, 0x32, 0x88, 0x88, 0x9f,
    0xc0, 0x0, 0x0, 0x1d, 0xd1, 0x0, 0x0, 0xc,
    0xd1, 0x0, 0x0, 0xb, 0xf3, 0x0, 0x0, 0x1,
    0xff, 0xfe, 0x70, 0x0, 0x16, 0x57, 0xdf, 0x60,
    0x0, 0x0, 0x2, 0xfb, 0x0, 0x0, 0x0, 0x5f,
    0x90, 0x0, 0x4, 0xaf, 0xe2, 0x0, 0x6e, 0xfd,
    0x70, 0x0, 0x8f, 0x82, 0x0, 0x0, 0xd, 0xa0,
    0x0, 0x0, 0x0, 0xaf, 0x98, 0xa4, 0x0, 0x1,
    0xae, 0xfd, 0x60, 0x0,

    /* U+01BB "ƻ" */
    0x0, 0x7, 0xdf, 0xea, 0x20, 0x0, 0xc, 0xfe,
    0xbe, 0xff, 0x20, 0x8, 0xf8, 0x0, 0x9, 0xfb,
    0x0, 0xee, 0x0, 0x0, 0xf, 0xf0, 0x6, 0x60,
    0x0, 0x0, 0xff, 0x0, 0x0, 0x0, 0x0, 0x4f,
    0xd0, 0x0, 0x0, 0x0, 0xd, 0xf6, 0x0, 0x0,
    0x0, 0xa, 0xfb, 0x0, 0x0, 0xef, 0xff, 0xff,
    0xff, 0x10, 0x7, 0x8f, 0xfc, 0x88, 0x80, 0x0,
    0x1c, 0xfb, 0x0, 0x0, 0x0, 0xc, 0xfa, 0x0,
    0x0, 0x0, 0x9, 0xfb, 0x0, 0x0, 0x0, 0x1,
    0xff, 0xdc, 0xcc, 0xcc, 0xc1, 0x4f, 0xff, 0xff,
    0xff, 0xff, 0x10,

    /* U+01BC "Ƽ" */
    0xbf, 0xff, 0xff, 0xff, 0xfa, 0x8, 0xcf, 0xfc,
    0xcc, 0xcc, 0x70, 0x0, 0xec, 0x0, 0x0, 0x0,
    0x0, 0x1f, 0x90, 0x0, 0x0, 0x0, 0x4, 0xf6,
    0x0, 0x0, 0x0, 0x0, 0x7f, 0x7b, 0xee, 0xa2,
    0x0, 0xa, 0xff, 0xcb, 0xef, 0xf3, 0x0, 0xaf,
    0x40, 0x0, 0x9f, 0xd0, 0x0, 0x0, 0x0, 0x0,
    0xef, 0x20, 0x0, 0x0, 0x0, 0xb, 0xf4, 0x2,
    0x20, 0x0, 0x0, 0xbf, 0x40, 0xfe, 0x0, 0x0,
    0xe, 0xf1, 0xb, 0xf6, 0x0, 0x8, 0xfa, 0x0,
    0x2e, 0xfb, 0x8b, 0xfd, 0x10, 0x0, 0x19, 0xef,
    0xe8, 0x0, 0x0,

    /* U+01BD "ƽ" */
    0x4f, 0xff, 0xff, 0xff, 0xf0, 0x28, 0xfb, 0x88,
    0x88, 0x80, 0x2, 0xf4, 0x0, 0x0, 0x0, 0x5,
    0xf1, 0x1, 0x0, 0x0, 0x8, 0xfc, 0xff, 0xfa,
    0x20, 0xc, 0xf9, 0x65, 0x8f, 0xf3, 0x0, 0x0,
    0x0, 0x4, 0xf9, 0x0, 0x10, 0x0, 0x2, 0xfb,
    0xf, 0xc0, 0x0, 0x8, 0xf8, 0x8, 0xfd, 0x88,
    0xcf, 0xd1, 0x0, 0x5c, 0xef, 0xd7, 0x0,

    /* U+01BE "ƾ" */
    0x0, 0x0, 0x5f, 0x50, 0x0, 0x0, 0x0, 0x5,
    0xf5, 0x0, 0x0, 0x0, 0x3f, 0xff, 0xff, 0x40,
    0x0, 0x1, 0x8a, 0xfa, 0x82, 0x0, 0x0, 0x0,
    0x4f, 0x70, 0x0, 0x0, 0x0, 0x0, 0xfc, 0x0,
    0x0, 0x0, 0x0, 0x8, 0xf8, 0x0, 0x0, 0x0,
    0x0, 0xb, 0xf8, 0x0, 0x0, 0x0, 0x0, 0xc,
    0xf5, 0x0, 0x0, 0x0, 0x0, 0x1f, 0xd0, 0x5,
    0x50, 0x0, 0x0, 0xbf, 0x10, 0xef, 0x0, 0x0,
    0xc, 0xf1, 0x9, 0xf8, 0x0, 0x5, 0xfd, 0x0,
    0x1d, 0xfb, 0x8b, 0xff, 0x30, 0x0, 0x19, 0xef,
    0xea, 0x20, 0x0,

    /* U+01BF "ƿ" */
    0xaf, 0x8, 0xef, 0xd5, 0xa, 0xfd, 0xd7, 0x8e,
    0xf3, 0xaf, 0xa0, 0x0, 0x3f, 0xba, 0xf1, 0x0,
    0x0, 0xee, 0xaf, 0x10, 0x0, 0xd, 0xea, 0xf1,
    0x0, 0x1, 0xfb, 0xaf, 0x10, 0x0, 0x9f, 0x5a,
    0xf1, 0x0, 0x6f, 0xa0, 0xaf, 0x12, 0xbf, 0x90,
    0xa, 0xfb, 0xfd, 0x40, 0x0, 0xaf, 0xb5, 0x0,
    0x0, 0xa, 0xf1, 0x0, 0x0, 0x0, 0xaf, 0x10,
    0x0, 0x0, 0xa, 0xf1, 0x0, 0x0, 0x0, 0xaf,
    0x10, 0x0, 0x0, 0x0,

    /* U+01C0 "ǀ" */
    0x2f, 0x52, 0xf5, 0x2f, 0x52, 0xf5, 0x2f, 0x52,
    0xf5, 0x2f, 0x52, 0xf5, 0x2f, 0x52, 0xf5, 0x2f,
    0x52, 0xf5, 0x2f, 0x52, 0xf5, 0x2f, 0x50,

    /* U+01C1 "ǁ" */
    0x2f, 0x50, 0x1f, 0x72, 0xf5, 0x1, 0xf7, 0x2f,
    0x50, 0x1f, 0x72, 0xf5, 0x1, 0xf7, 0x2f, 0x50,
    0x1f, 0x72, 0xf5, 0x1, 0xf7, 0x2f, 0x50, 0x1f,
    0x72, 0xf5, 0x1, 0xf7, 0x2f, 0x50, 0x1f, 0x72,
    0xf5, 0x1, 0xf7, 0x2f, 0x50, 0x1f, 0x72, 0xf5,
    0x1, 0xf7, 0x2f, 0x50, 0x1f, 0x72, 0xf5, 0x1,
    0xf7, 0x2f, 0x50, 0x1f, 0x70,

    /* U+01C2 "ǂ" */
    0x0, 0x0, 0xf8, 0x0, 0x0, 0x0, 0xf, 0x80,
    0x0, 0x0, 0x0, 0xf8, 0x0, 0x0, 0x0, 0xf,
    0x80, 0x0, 0x8f, 0xff, 0xff, 0xff, 0xf3, 0x66,
    0x6f, 0xb6, 0x66, 0x0, 0x0, 0xf8, 0x0, 0x0,
    0x0, 0xf, 0x80, 0x0, 0x1, 0x11, 0xf8, 0x11,
    0x18, 0xff, 0xff, 0xff, 0xff, 0x24, 0x44, 0xfa,
    0x44, 0x40, 0x0, 0xf, 0x80, 0x0, 0x0, 0x0,
    0xf8, 0x0, 0x0, 0x0, 0xf, 0x80, 0x0, 0x0,
    0x0, 0xf8, 0x0, 0x0,

    /* U+01C3 "ǃ" */
    0x4f, 0xe4, 0xfe, 0x4f, 0xe4, 0xfd, 0x3f, 0xc2,
    0xfb, 0x1f, 0xa0, 0xf9, 0xf, 0x80, 0xe7, 0xd,
    0x60, 0x10, 0x1, 0x3, 0xfc, 0x3f, 0xc0,

    /* U+01C4 "Ǆ" */
    0x0, 0x0, 0x0, 0x0, 0x0, 0x0, 0x0, 0x0,
    0x38, 0x40, 0x58, 0x20, 0x0, 0x0, 0x0, 0x0,
    0x0, 0x0, 0x0, 0x0, 0x0, 0xb, 0xe5, 0xfa,
    0x0, 0x0, 0x0, 0x0, 0x0, 0x0, 0x0, 0x0,
    0x0, 0x0, 0x1, 0xdf, 0xc0, 0x0, 0x0, 0x0,
    0x0, 0x0, 0x0, 0x0, 0x0, 0x0, 0x0, 0x0,
    0x0, 0x0, 0x0, 0x0, 0x6f, 0xff, 0xff, 0xfe,
    0xa3, 0x0, 0x0, 0x7f, 0xff, 0xff, 0xff, 0xff,
    0xd0, 0x6f, 0xec, 0xcc, 0xce, 0xff, 0x60, 0x0,
    0x5c, 0xcc, 0xcc, 0xcc, 0xef, 0xc0, 0x6f, 0x80,
    0x0, 0x0, 0x6f, 0xf2, 0x0, 0x0, 0x0, 0x0,
    0x2, 0xef, 0x40, 0x6f, 0x80, 0x0, 0x0, 0x6,
    0xfb, 0x0, 0x0, 0x0, 0x0, 0xd, 0xf7, 0x0,
    0x6f, 0x80, 0x0, 0x0, 0x0, 0xef, 0x10, 0x0,
    0x0, 0x0, 0xaf, 0xb0, 0x0, 0x6f, 0x80, 0x0,
    0x0, 0x0, 0xbf, 0x40, 0x0, 0x0, 0x6, 0xfd,
    0x10, 0x0, 0x6f, 0x80, 0x0, 0x0, 0x0, 0x9f,
    0x60, 0x0, 0x0, 0x3f, 0xf3, 0x0, 0x0, 0x6f,
    0x80, 0x0, 0x0, 0x0, 0x8f, 0x60, 0x0, 0x1,
    0xef, 0x60, 0x0, 0x0, 0x6f, 0x80, 0x0, 0x0,
    0x0, 0x9f, 0x50, 0x0, 0xb, 0xf9, 0x0, 0x0,
    0x0, 0x6f, 0x80, 0x0, 0x0, 0x0, 0xbf, 0x30,
    0x0, 0x7f, 0xc0, 0x0, 0x0, 0x0, 0x6f, 0x80,
    0x0, 0x0, 0x0, 0xff, 0x0, 0x4, 0xfe, 0x20,
    0x0, 0x0, 0x0, 0x6f, 0x80, 0x0, 0x0, 0x7,
    0xfa, 0x0, 0x1e, 0xf4, 0x0, 0x0, 0x0, 0x0,
    0x6f, 0x80, 0x0, 0x0, 0x6f, 0xf2, 0x0, 0xcf,
    0x80, 0x0, 0x0, 0x0, 0x0, 0x6f, 0xec, 0xcc,
    0xdf, 0xff, 0x50, 0x4, 0xff, 0xcc, 0xcc, 0xcc,
    0xcc, 0xc0, 0x6f, 0xff, 0xff, 0xfd, 0x92, 0x0,
    0x4, 0xff, 0xff, 0xff, 0xff, 0xff, 0xf1,

    /* U+01C5 "ǅ" */
    0x6f, 0xff, 0xff, 0xfe, 0xa3, 0x0, 0x0, 0x4,
    0xfa, 0xd, 0xf2, 0x0, 0x6f, 0xec, 0xcc, 0xce,
    0xff, 0x60, 0x0, 0x0, 0x6f, 0xdf, 0x40, 0x0,
    0x6f, 0x80, 0x0, 0x0, 0x6f, 0xf2, 0x0, 0x0,
    0x6, 0x95, 0x0, 0x0, 0x6f, 0x80, 0x0, 0x0,
    0x6, 0xfb, 0x0, 0x0, 0x0, 0x0, 0x0, 0x0,
    0x6f, 0x80, 0x0, 0x0, 0x0, 0xef, 0x10, 0xcf,
    0xff, 0xff, 0xff, 0xb0, 0x6f, 0x80, 0x0, 0x0,
    0x0, 0xbf, 0x40, 0x57, 0x77, 0x77, 0xef, 0x70,
    0x6f, 0x80, 0x0, 0x0, 0x0, 0x9f, 0x60, 0x0,
    0x0, 0x6, 0xfa, 0x0, 0x6f, 0x80, 0x0, 0x0,
    0x0, 0x8f, 0x60, 0x0, 0x0, 0x3f, 0xc0, 0x0,
    0x6f, 0x80, 0x0, 0x0, 0x0, 0x9f, 0x50, 0x0,
    0x1, 0xee, 0x10, 0x0, 0x6f, 0x80, 0x0, 0x0,
    0x0, 0xbf, 0x30, 0x0, 0xc, 0xf3, 0x0, 0x0,
    0x6f, 0x80, 0x0, 0x0, 0x0, 0xff, 0x0, 0x0,
    0xaf, 0x60, 0x0, 0x0, 0x6f, 0x80, 0x0, 0x0,
    0x7, 0xfa, 0x0, 0x7, 0xf8, 0x0, 0x0, 0x0,
    0x6f, 0x80, 0x0, 0x0, 0x6f, 0xf2, 0x0, 0x4f,
    0xb0, 0x0, 0x0, 0x0, 0x6f, 0xec, 0xcc, 0xdf,
    0xff, 0x50, 0x1, 0xff, 0xcc, 0xcc, 0xcc, 0xc0,
    0x6f, 0xff, 0xff, 0xfd, 0x92, 0x0, 0x2, 0xff,
    0xff, 0xff, 0xff, 0xf0,

    /* U+01C6 "ǆ" */
    0x0, 0x0, 0x0, 0x0, 0xfb, 0x0, 0x8, 0xf6,
    0x2f, 0xc0, 0x0, 0x0, 0x0, 0x0, 0xf, 0xb0,
    0x0, 0xb, 0xfd, 0xe1, 0x0, 0x0, 0x0, 0x0,
    0x0, 0xfb, 0x0, 0x0, 0xa, 0xb4, 0x0, 0x0,
    0x0, 0x0, 0x0, 0xf, 0xb0, 0x0, 0x0, 0x0,
    0x0, 0x0, 0x0, 0x2a, 0xef, 0xb2, 0xfb, 0x1,
    0xff, 0xff, 0xff, 0xff, 0x60, 0x2e, 0xfa, 0x8c,
    0xef, 0xb0, 0x7, 0x77, 0x77, 0x8f, 0xf4, 0xa,
    0xf5, 0x0, 0xb, 0xfb, 0x0, 0x0, 0x0, 0xb,
    0xf8, 0x0, 0xfd, 0x0, 0x0, 0x4f, 0xb0, 0x0,
    0x0, 0x8, 0xfa, 0x0, 0x3f, 0x90, 0x0, 0x0,
    0xfb, 0x0, 0x0, 0x5, 0xfd, 0x0, 0x4, 0xf8,
    0x0, 0x0, 0xe, 0xb0, 0x0, 0x3, 0xfe, 0x20,
    0x0, 0x3f, 0x90, 0x0, 0x0, 0xfb, 0x0, 0x1,
    0xef, 0x40, 0x0, 0x0, 0xfd, 0x0, 0x0, 0x3f,
    0xb0, 0x0, 0xcf, 0x60, 0x0, 0x0, 0x9, 0xf6,
    0x0, 0xb, 0xfb, 0x0, 0xaf, 0x90, 0x0, 0x0,
    0x0, 0x1d, 0xfb, 0x8d, 0xef, 0xb0, 0x6f, 0xf9,
    0x88, 0x88, 0x86, 0x0, 0x19, 0xef, 0xb2, 0xeb,
    0x7, 0xff, 0xff, 0xff, 0xff, 0xb0,

    /* U+01C7 "Ǉ" */
    0x8f, 0x60, 0x0, 0x0, 0x0, 0x0, 0x0, 0x0,
    0xef, 0x8f, 0x60, 0x0, 0x0, 0x0, 0x0, 0x0,
    0x0, 0xef, 0x8f, 0x60, 0x0, 0x0, 0x0, 0x0,
    0x0, 0x0, 0xef, 0x8f, 0x60, 0x0, 0x0, 0x0,
    0x0, 0x0, 0x0, 0xef, 0x8f, 0x60, 0x0, 0x0,
    0x0, 0x0, 0x0, 0x0, 0xef, 0x8f, 0x60, 0x0,
    0x0, 0x0, 0x0, 0x0, 0x0, 0xef, 0x8f, 0x60,
    0x0, 0x0, 0x0, 0x0, 0x0, 0x0, 0xef, 0x8f,
    0x60, 0x0, 0x0, 0x0, 0x0, 0x0, 0x0, 0xef,
    0x8f, 0x60, 0x0, 0x0, 0x0, 0x0, 0x0, 0x0,
    0xef, 0x8f, 0x60, 0x0, 0x0, 0x0, 0x0, 0x0,
    0x0, 0xef, 0x8f, 0x60, 0x0, 0x0, 0x0, 0x46,
    0x0, 0x0, 0xef, 0x8f, 0x60, 0x0, 0x0, 0x0,
    0xdf, 0x0, 0x0, 0xfd, 0x8f, 0x60, 0x0, 0x0,
    0x0, 0xaf, 0x70, 0x6, 0xfa, 0x8f, 0xdc, 0xcc,
    0xcc, 0xc5, 0x3f, 0xfd, 0xdf, 0xf3, 0x8f, 0xff,
    0xff, 0xff, 0xf7, 0x4, 0xcf, 0xfb, 0x30,

    /* U+01C8 "ǈ" */
    0x8f, 0x60, 0x0, 0x0, 0x0, 0x9, 0xf3, 0x8f,
    0x60, 0x0, 0x0, 0x0, 0x9, 0xf3, 0x8f, 0x60,
    0x0, 0x0, 0x0, 0x0, 0x10, 0x8f, 0x60, 0x0,
    0x0, 0x0, 0x0, 0x0, 0x8f, 0x60, 0x0, 0x0,
    0x0, 0x9, 0xf3, 0x8f, 0x60, 0x0, 0x0, 0x0,
    0x9, 0xf3, 0x8f, 0x60, 0x0, 0x0, 0x0, 0x9,
    0xf3, 0x8f, 0x60, 0x0, 0x0, 0x0, 0x9, 0xf3,
    0x8f, 0x60, 0x0, 0x0, 0x0, 0x9, 0xf3, 0x8f,
    0x60, 0x0, 0x0, 0x0, 0x9, 0xf3, 0x8f, 0x60,
    0x0, 0x0, 0x0, 0x9, 0xf3, 0x8f, 0x60, 0x0,
    0x0, 0x0, 0x9, 0xf3, 0x8f, 0x60, 0x0, 0x0,
    0x0, 0x9, 0xf3, 0x8f, 0xdc, 0xcc, 0xcc, 0xc5,
    0x9, 0xf3, 0x8f, 0xff, 0xff, 0xff, 0xf7, 0x9,
    0xf3, 0x0, 0x0, 0x0, 0x0, 0x0, 0x9, 0xf2,
    0x0, 0x0, 0x0, 0x0, 0x0, 0xa, 0xf1, 0x0,
    0x0, 0x0, 0x0, 0x5, 0xaf, 0xe0, 0x0, 0x0,
    0x0, 0x0, 0x9, 0xfd, 0x30,

    /* U+01C9 "ǉ" */
    0xaf, 0x10, 0x4f, 0x8a, 0xf1, 0x4, 0xf8, 0xaf,
    0x10, 0x1, 0xa, 0xf1, 0x0, 0x0, 0xaf, 0x10,
    0x4f, 0x8a, 0xf1, 0x4, 0xf8, 0xaf, 0x10, 0x4f,
    0x8a, 0xf1, 0x4, 0xf8, 0xaf, 0x10, 0x4f, 0x8a,
    0xf1, 0x4, 0xf8, 0xaf, 0x10, 0x4f, 0x8a, 0xf1,
    0x4, 0xf8, 0xaf, 0x10, 0x4f, 0x8a, 0xf1, 0x4,
    0xf8, 0xaf, 0x10, 0x4f, 0x80, 0x0, 0x4, 0xf8,
    0x0, 0x0, 0x5f, 0x70, 0x2, 0x9e, 0xf3, 0x0,
    0x5f, 0xe7, 0x0,

    /* U+01CA "Ǌ" */
    0x6f, 0xd0, 0x0, 0x0, 0x0, 0xfd, 0x0, 0x0,
    0x0, 0x1, 0xfd, 0x6f, 0xf7, 0x0, 0x0, 0x0,
    0xfd, 0x0, 0x0, 0x0, 0x1, 0xfd, 0x6f, 0xff,
    0x20, 0x0, 0x0, 0xfd, 0x0, 0x0, 0x0, 0x1,
    0xfd, 0x6f, 0xbf, 0xc0, 0x0, 0x0, 0xfd, 0x0,
    0x0, 0x0, 0x1, 0xfd, 0x6f, 0x6b, 0xf6, 0x0,
    0x0, 0xfd, 0x0, 0x0, 0x0, 0x1, 0xfd, 0x6f,
    0x62, 0xff, 0x10, 0x0, 0xfd, 0x0, 0x0, 0x0,
    0x1, 0xfd, 0x6f, 0x60, 0x7f, 0xb0, 0x0, 0xfd,
    0x0, 0x0, 0x0, 0x1, 0xfd, 0x6f, 0x60, 0xd,
    0xf5, 0x0, 0xfd, 0x0, 0x0, 0x0, 0x1, 0xfd,
    0x6f, 0x60, 0x3, 0xfe, 0x10, 0xfd, 0x0, 0x0,
    0x0, 0x1, 0xfd, 0x6f, 0x60, 0x0, 0x9f, 0xa0,
    0xfd, 0x0, 0x0, 0x0, 0x1, 0xfd, 0x6f, 0x60,
    0x0, 0xe, 0xf4, 0xfd, 0x0, 0x87, 0x0, 0x1,
    0xfc, 0x6f, 0x60, 0x0, 0x4, 0xfe, 0xfd, 0x0,
    0xfd, 0x0, 0x2, 0xfb, 0x6f, 0x60, 0x0, 0x0,
    0xaf, 0xfd, 0x0, 0xcf, 0x40, 0x9, 0xf7, 0x6f,
    0x60, 0x0, 0x0, 0x1f, 0xfd, 0x0, 0x5f, 0xfd,
    0xef, 0xe1, 0x6f, 0x60, 0x0, 0x0, 0x6, 0xfd,
    0x0, 0x5, 0xdf, 0xea, 0x20,

    /* U+01CB "ǋ" */
    0x6f, 0xd0, 0x0, 0x0, 0x0, 0xfd, 0x0, 0x4f,
    0x86, 0xff, 0x70, 0x0, 0x0, 0xf, 0xd0, 0x4,
    0xf8, 0x6f, 0xff, 0x20, 0x0, 0x0, 0xfd, 0x0,
    0x1, 0x6, 0xfb, 0xfb, 0x0, 0x0, 0xf, 0xd0,
    0x0, 0x0, 0x6f, 0x6b, 0xf6, 0x0, 0x0, 0xfd,
    0x0, 0x4f, 0x86, 0xf6, 0x2f, 0xe1, 0x0, 0xf,
    0xd0, 0x4, 0xf8, 0x6f, 0x60, 0x7f, 0xa0, 0x0,
    0xfd, 0x0, 0x4f, 0x86, 0xf6, 0x0, 0xcf, 0x40,
    0xf, 0xd0, 0x4, 0xf8, 0x6f, 0x60, 0x3, 0xfe,
    0x0, 0xfd, 0x0, 0x4f, 0x86, 0xf6, 0x0, 0x9,
    0xf9, 0xf, 0xd0, 0x4, 0xf8, 0x6f, 0x60, 0x0,
    0xe, 0xf3, 0xfd, 0x0, 0x4f, 0x86, 0xf6, 0x0,
    0x0, 0x4f, 0xdf, 0xd0, 0x4, 0xf8, 0x6f, 0x60,
    0x0, 0x0, 0xaf, 0xfd, 0x0, 0x4f, 0x86, 0xf6,
    0x0, 0x0, 0x1, 0xff, 0xd0, 0x4, 0xf8, 0x6f,
    0x60, 0x0, 0x0, 0x6, 0xfd, 0x0, 0x4f, 0x80,
    0x0, 0x0, 0x0, 0x0, 0x0, 0x0, 0x4, 0xf8,
    0x0, 0x0, 0x0, 0x0, 0x0, 0x0, 0x0, 0x5f,
    0x70, 0x0, 0x0, 0x0, 0x0, 0x0, 0x2, 0x9e,
    0xf3, 0x0, 0x0, 0x0, 0x0, 0x0, 0x0, 0x5f,
    0xe7, 0x0,

    /* U+01CC "ǌ" */
    0x0, 0x0, 0x0, 0x0, 0x0, 0x9, 0xf3, 0x0,
    0x0, 0x0, 0x0, 0x0, 0x9, 0xf3, 0x0, 0x0,
    0x0, 0x0, 0x0, 0x0, 0x10, 0x0, 0x0, 0x0,
    0x0, 0x0, 0x0, 0x0, 0xaf, 0x1a, 0xef, 0xc5,
    0x0, 0x9, 0xf3, 0xaf, 0xeb, 0x67, 0xef, 0x40,
    0x9, 0xf3, 0xaf, 0xa0, 0x0, 0x4f, 0xa0, 0x9,
    0xf3, 0xaf, 0x40, 0x0, 0xf, 0xc0, 0x9, 0xf3,
    0xaf, 0x20, 0x0, 0xf, 0xc0, 0x9, 0xf3, 0xaf,
    0x10, 0x0, 0xf, 0xd0, 0x9, 0xf3, 0xaf, 0x10,
    0x0, 0xf, 0xd0, 0x9, 0xf3, 0xaf, 0x10, 0x0,
    0xf, 0xd0, 0x9, 0xf3, 0xaf, 0x10, 0x0, 0xf,
    0xd0, 0x9, 0xf3, 0xaf, 0x10, 0x0, 0xf, 0xd0,
    0x9, 0xf3, 0xaf, 0x10, 0x0, 0xf, 0xd0, 0x9,
    0xf3, 0x0, 0x0, 0x0, 0x0, 0x0, 0x9, 0xf2,
    0x0, 0x0, 0x0, 0x0, 0x0, 0xa, 0xf1, 0x0,
    0x0, 0x0, 0x0, 0x5, 0xaf, 0xe0, 0x0, 0x0,
    0x0, 0x0, 0x9, 0xfd, 0x30,

    /* U+01CD "Ǎ" */
    0x0, 0x0, 0x76, 0x0, 0x75, 0x0, 0x0, 0x0,
    0x0, 0x7f, 0x58, 0xf3, 0x0, 0x0, 0x0, 0x0,
    0xd, 0xff, 0x90, 0x0, 0x0, 0x0, 0x0, 0x2,
    0x87, 0x10, 0x0, 0x0, 0x0, 0x0, 0x0, 0x0,
    0x0, 0x0, 0x0, 0x0, 0x0, 0xa, 0xff, 0x70,
    0x0, 0x0, 0x0, 0x0, 0x1f, 0xff, 0xc0, 0x0,
    0x0, 0x0, 0x0, 0x6f, 0xae, 0xf2, 0x0, 0x0,
    0x0, 0x0, 0xcf, 0x48, 0xf8, 0x0, 0x0, 0x0,
    0x2, 0xfe, 0x2, 0xfe, 0x0, 0x0, 0x0, 0x7,
    0xf9, 0x0, 0xdf, 0x40, 0x0, 0x0, 0xd, 0xf3,
    0x0, 0x7f, 0xa0, 0x0, 0x0, 0x3f, 0xd0, 0x0,
    0x1f, 0xf0, 0x0, 0x0, 0x9f, 0xff, 0xff, 0xff,
    0xf5, 0x0, 0x0, 0xef, 0xff, 0xff, 0xff, 0xfb,
    0x0, 0x5, 0xfd, 0x0, 0x0, 0x1, 0xff, 0x10,
    0xa, 0xf8, 0x0, 0x0, 0x0, 0xbf, 0x70, 0x1f,
    0xf2, 0x0, 0x0, 0x0, 0x6f, 0xd0, 0x6f, 0xd0,
    0x0, 0x0, 0x0, 0x1f, 0xf3,

    /* U+01CE "ǎ" */
    0x0, 0xe, 0xb0, 0x5f, 0x40, 0x0, 0x0, 0x5f,
    0x8e, 0xa0, 0x0, 0x0, 0x0, 0xaf, 0xd1, 0x0,
    0x0, 0x0, 0x0, 0x0, 0x0, 0x0, 0x0, 0x19,
    0xdf, 0xea, 0x30, 0x0, 0x1e, 0xff, 0xdf, 0xff,
    0x30, 0xa, 0xfb, 0x0, 0xa, 0xfb, 0x0, 0x67,
    0x20, 0x0, 0x3f, 0xf0, 0x0, 0x0, 0x25, 0x8c,
    0xff, 0x0, 0x8, 0xef, 0xff, 0xdf, 0xf0, 0xa,
    0xfd, 0x63, 0x1, 0xff, 0x0, 0xff, 0x20, 0x0,
    0x5f, 0xf0, 0x1f, 0xf3, 0x0, 0x2d, 0xff, 0x10,
    0xbf, 0xfb, 0xcf, 0xcd, 0xfe, 0x1, 0x9e, 0xfe,
    0x80, 0x5d, 0xd0,

    /* U+01CF "Ǐ" */
    0x17, 0x60, 0x28, 0x40, 0x7f, 0x6d, 0xe1, 0x0,
    0x9f, 0xf2, 0x0, 0x0, 0x0, 0x0, 0x0, 0x2f,
    0xb0, 0x0, 0x2, 0xfb, 0x0, 0x0, 0x2f, 0xb0,
    0x0, 0x2, 0xfb, 0x0, 0x0, 0x2f, 0xb0, 0x0,
    0x2, 0xfb, 0x0, 0x0, 0x2f, 0xb0, 0x0, 0x2,
    0xfb, 0x0, 0x0, 0x2f, 0xb0, 0x0, 0x2, 0xfb,
    0x0, 0x0, 0x2f, 0xb0, 0x0, 0x2, 0xfb, 0x0,
    0x0, 0x2f, 0xb0, 0x0, 0x2, 0xfb, 0x0, 0x0,
    0x2f, 0xb0, 0x0,

    /* U+01D0 "ǐ" */
    0x1d, 0xe1, 0x8f, 0x60, 0x2f, 0xcf, 0x90, 0x0,
    0x4a, 0x90, 0x0, 0x0, 0x0, 0x0, 0x0, 0x1f,
    0xa0, 0x0, 0x1, 0xfa, 0x0, 0x0, 0x1f, 0xa0,
    0x0, 0x1, 0xfa, 0x0, 0x0, 0x1f, 0xa0, 0x0,
    0x1, 0xfa, 0x0, 0x0, 0x1f, 0xa0, 0x0, 0x1,
    0xfa, 0x0, 0x0, 0x1f, 0xa0, 0x0, 0x1, 0xfa,
    0x0, 0x0, 0x1f, 0xa0, 0x0,

    /* U+01D1 "Ǒ" */
    0x0, 0x0, 0x1e, 0xd0, 0x8f, 0x70, 0x0, 0x0,
    0x0, 0x0, 0x4f, 0xaf, 0xb0, 0x0, 0x0, 0x0,
    0x0, 0x0, 0x8f, 0xe1, 0x0, 0x0, 0x0, 0x0,
    0x0, 0x0, 0x0, 0x0, 0x0, 0x0, 0x0, 0x0,
    0x39, 0xdf, 0xec, 0x70, 0x0, 0x0, 0x0, 0x8f,
    0xfd, 0xbc, 0xff, 0xe2, 0x0, 0x0, 0x7f, 0xe4,
    0x0, 0x0, 0x8f, 0xe1, 0x0, 0x2f, 0xe1, 0x0,
    0x0, 0x0, 0x8f, 0xb0, 0x9, 0xf7, 0x0, 0x0,
    0x0, 0x0, 0xef, 0x20, 0xdf, 0x20, 0x0, 0x0,
    0x0, 0x9, 0xf6, 0xf, 0xf0, 0x0, 0x0, 0x0,
    0x0, 0x6f, 0x80, 0xfe, 0x0, 0x0, 0x0, 0x0,
    0x5, 0xf9, 0xf, 0xf0, 0x0, 0x0, 0x0, 0x0,
    0x6f, 0x90, 0xdf, 0x10, 0x0, 0x0, 0x0, 0x9,
    0xf6, 0x9, 0xf7, 0x0, 0x0, 0x0, 0x0, 0xef,
    0x20, 0x2f, 0xf2, 0x0, 0x0, 0x0, 0x7f, 0xb0,
    0x0, 0x7f, 0xe4, 0x0, 0x0, 0x8f, 0xe2, 0x0,
    0x0, 0x7f, 0xfd, 0xbc, 0xff, 0xe3, 0x0, 0x0,
    0x0, 0x39, 0xdf, 0xfc, 0x70, 0x0, 0x0,

    /* U+01D2 "ǒ" */
    0x0, 0x3f, 0xb0, 0xbf, 0x30, 0x0, 0x0, 0x6f,
    0xbf, 0x70, 0x0, 0x0, 0x0, 0x8c, 0x90, 0x0,
    0x0, 0x0, 0x0, 0x0, 0x0, 0x0, 0x0, 0x18,
    0xef, 0xe9, 0x10, 0x0, 0x1e, 0xfb, 0x8b, 0xfe,
    0x20, 0xa, 0xf6, 0x0, 0x5, 0xfc, 0x0, 0xfd,
    0x0, 0x0, 0xb, 0xf2, 0x3f, 0x90, 0x0, 0x0,
    0x7f, 0x54, 0xf8, 0x0, 0x0, 0x6, 0xf6, 0x3f,
    0xa0, 0x0, 0x0, 0x8f, 0x50, 0xfd, 0x0, 0x0,
    0xc, 0xf2, 0xb, 0xf7, 0x0, 0x4, 0xfc, 0x0,
    0x1e, 0xfc, 0x8a, 0xfe, 0x20, 0x0, 0x18, 0xdf,
    0xe9, 0x10, 0x0,

    /* U+01D3 "Ǔ" */
    0x0, 0x8, 0xf6, 0x1e, 0xd0, 0x0, 0x0, 0x0,
    0xce, 0xaf, 0x30, 0x0, 0x0, 0x0, 0x1e, 0xf8,
    0x0, 0x0, 0x0, 0x0, 0x0, 0x0, 0x0, 0x0,
    0x6f, 0x70, 0x0, 0x0, 0x1, 0xfd, 0x6f, 0x70,
    0x0, 0x0, 0x1, 0xfd, 0x6f, 0x70, 0x0, 0x0,
    0x1, 0xfd, 0x6f, 0x70, 0x0, 0x0, 0x1, 0xfd,
    0x6f, 0x70, 0x0, 0x0, 0x1, 0xfd, 0x6f, 0x70,
    0x0, 0x0, 0x1, 0xfd, 0x6f, 0x70, 0x0, 0x0,
    0x1, 0xfd, 0x6f, 0x70, 0x0, 0x0, 0x1, 0xfd,
    0x6f, 0x70, 0x0, 0x0, 0x1, 0xfd, 0x5f, 0x80,
    0x0, 0x0, 0x1, 0xfc, 0x4f, 0x90, 0x0, 0x0,
    0x3, 0xfb, 0x1f, 0xe0, 0x0, 0x0, 0x8, 0xf8,
    0xb, 0xfa, 0x10, 0x0, 0x5f, 0xf2, 0x1, 0xef,
    0xfd, 0xce, 0xff, 0x60, 0x0, 0x18, 0xdf, 0xfe,
    0xa3, 0x0,

    /* U+01D4 "ǔ" */
    0x2, 0xfc, 0xb, 0xf4, 0x0, 0x4, 0xfc, 0xf6,
    0x0, 0x0, 0x5, 0xa7, 0x0, 0x0, 0x0, 0x0,
    0x0, 0x0, 0xbf, 0x10, 0x0, 0xf, 0xbb, 0xf1,
    0x0, 0x0, 0xfb, 0xbf, 0x10, 0x0, 0xf, 0xbb,
    0xf1, 0x0, 0x0, 0xfb, 0xbf, 0x10, 0x0, 0xf,
    0xbb, 0xf1, 0x0, 0x0, 0xfb, 0xaf, 0x10, 0x0,
    0x1f, 0xba, 0xf2, 0x0, 0x3, 0xfb, 0x7f, 0x70,
    0x0, 0xbf, 0xb2, 0xff, 0xba, 0xec, 0xdb, 0x3,
    0xbf, 0xe9, 0x1d, 0xb0,

    /* U+01D5 "Ǖ" */
    0x0, 0xe, 0xff, 0xff, 0xf2, 0x0, 0x0, 0x7,
    0x88, 0x88, 0x81, 0x0, 0x0, 0x7, 0xf5, 0xd,
    0xf0, 0x0, 0x0, 0x7, 0xf5, 0xd, 0xf0, 0x0,
    0x0, 0x0, 0x10, 0x1, 0x10, 0x0, 0x0, 0x0,
    0x0, 0x0, 0x0, 0x0, 0x6f, 0x70, 0x0, 0x0,
    0x1, 0xfd, 0x6f, 0x70, 0x0, 0x0, 0x1, 0xfd,
    0x6f, 0x70, 0x0, 0x0, 0x1, 0xfd, 0x6f, 0x70,
    0x0, 0x0, 0x1, 0xfd, 0x6f, 0x70, 0x0, 0x0,
    0x1, 0xfd, 0x6f, 0x70, 0x0, 0x0, 0x1, 0xfd,
    0x6f, 0x70, 0x0, 0x0, 0x1, 0xfd, 0x6f, 0x70,
    0x0, 0x0, 0x1, 0xfd, 0x6f, 0x70, 0x0, 0x0,
    0x1, 0xfd, 0x5f, 0x80, 0x0, 0x0, 0x1, 0xfc,
    0x4f, 0x90, 0x0, 0x0, 0x3, 0xfb, 0x1f, 0xe0,
    0x0, 0x0, 0x8, 0xf8, 0xb, 0xfa, 0x10, 0x0,
    0x5f, 0xf2, 0x1, 0xef, 0xfd, 0xce, 0xff, 0x60,
    0x0, 0x18, 0xdf, 0xfe, 0xa3, 0x0,

    /* U+01D6 "ǖ" */
    0x4, 0x88, 0x88, 0x84, 0x0, 0x8f, 0xff, 0xff,
    0x90, 0x0, 0x0, 0x0, 0x0, 0x0, 0x2f, 0xb0,
    0x8f, 0x40, 0x2, 0xfb, 0x8, 0xf4, 0x0, 0x1,
    0x0, 0x1, 0x0, 0x0, 0x0, 0x0, 0x0, 0xb,
    0xf1, 0x0, 0x0, 0xfb, 0xbf, 0x10, 0x0, 0xf,
    0xbb, 0xf1, 0x0, 0x0, 0xfb, 0xbf, 0x10, 0x0,
    0xf, 0xbb, 0xf1, 0x0, 0x0, 0xfb, 0xbf, 0x10,
    0x0, 0xf, 0xba, 0xf1, 0x0, 0x1, 0xfb, 0xaf,
    0x20, 0x0, 0x3f, 0xb7, 0xf7, 0x0, 0xb, 0xfb,
    0x2f, 0xfb, 0xae, 0xcd, 0xb0, 0x3b, 0xfe, 0x91,
    0xdb,

    /* U+01D7 "Ǘ" */
    0x0, 0x0, 0x0, 0xcf, 0x50, 0x0, 0x0, 0x0,
    0x4, 0xf9, 0x0, 0x0, 0x0, 0x0, 0x9, 0xb0,
    0x0, 0x0, 0x0, 0x7, 0xf5, 0xd, 0xf0, 0x0,
    0x0, 0x7, 0xf5, 0xd, 0xf0, 0x0, 0x0, 0x0,
    0x10, 0x1, 0x10, 0x0, 0x0, 0x0, 0x0, 0x0,
    0x0, 0x0, 0x6f, 0x70, 0x0, 0x0, 0x1, 0xfd,
    0x6f, 0x70, 0x0, 0x0, 0x1, 0xfd, 0x6f, 0x70,
    0x0, 0x0, 0x1, 0xfd, 0x6f, 0x70, 0x0, 0x0,
    0x1, 0xfd, 0x6f, 0x70, 0x0, 0x0, 0x1, 0xfd,
    0x6f, 0x70, 0x0, 0x0, 0x1, 0xfd, 0x6f, 0x70,
    0x0, 0x0, 0x1, 0xfd, 0x6f, 0x70, 0x0, 0x0,
    0x1, 0xfd, 0x6f, 0x70, 0x0, 0x0, 0x1, 0xfd,
    0x5f, 0x80, 0x0, 0x0, 0x1, 0xfc, 0x4f, 0x90,
    0x0, 0x0, 0x3, 0xfb, 0x1f, 0xe0, 0x0, 0x0,
    0x8, 0xf8, 0xb, 0xfa, 0x10, 0x0, 0x5f, 0xf2,
    0x1, 0xef, 0xfd, 0xce, 0xff, 0x60, 0x0, 0x18,
    0xdf, 0xfe, 0xa3, 0x0,

    /* U+01D8 "ǘ" */
    0x0, 0x0, 0x5d, 0xa0, 0x0, 0x0, 0xd, 0xe2,
    0x0, 0x0, 0x4, 0xf4, 0x0, 0x0, 0x0, 0x0,
    0x0, 0x0, 0x2, 0xfb, 0x8, 0xf4, 0x0, 0x2f,
    0xb0, 0x8f, 0x40, 0x0, 0x10, 0x0, 0x10, 0x0,
    0x0, 0x0, 0x0, 0x0, 0xbf, 0x10, 0x0, 0xf,
    0xbb, 0xf1, 0x0, 0x0, 0xfb, 0xbf, 0x10, 0x0,
    0xf, 0xbb, 0xf1, 0x0, 0x0, 0xfb, 0xbf, 0x10,
    0x0, 0xf, 0xbb, 0xf1, 0x0, 0x0, 0xfb, 0xaf,
    0x10, 0x0, 0x1f, 0xba, 0xf2, 0x0, 0x3, 0xfb,
    0x7f, 0x70, 0x0, 0xbf, 0xb2, 0xff, 0xba, 0xec,
    0xdb, 0x3, 0xbf, 0xe9, 0x1d, 0xb0,

    /* U+01D9 "Ǚ" */
    0x0, 0x5, 0x82, 0x6, 0x71, 0x0, 0x0, 0x2,
    0xfb, 0x4f, 0x90, 0x0, 0x0, 0x0, 0x6f, 0xfd,
    0x0, 0x0, 0x0, 0x0, 0x6, 0x83, 0x0, 0x0,
    0x0, 0x7, 0xf5, 0xd, 0xf0, 0x0, 0x0, 0x7,
    0xf5, 0xd, 0xf0, 0x0, 0x0, 0x0, 0x10, 0x1,
    0x10, 0x0, 0x0, 0x0, 0x0, 0x0, 0x0, 0x0,
    0x6f, 0x70, 0x0, 0x0, 0x1, 0xfd, 0x6f, 0x70,
    0x0, 0x0, 0x1, 0xfd, 0x6f, 0x70, 0x0, 0x0,
    0x1, 0xfd, 0x6f, 0x70, 0x0, 0x0, 0x1, 0xfd,
    0x6f, 0x70, 0x0, 0x0, 0x1, 0xfd, 0x6f, 0x70,
    0x0, 0x0, 0x1, 0xfd, 0x6f, 0x70, 0x0, 0x0,
    0x1, 0xfd, 0x6f, 0x70, 0x0, 0x0, 0x1, 0xfd,
    0x6f, 0x70, 0x0, 0x0, 0x1, 0xfd, 0x5f, 0x80,
    0x0, 0x0, 0x1, 0xfc, 0x4f, 0x90, 0x0, 0x0,
    0x3, 0xfb, 0x1f, 0xe0, 0x0, 0x0, 0x8, 0xf8,
    0xb, 0xfa, 0x10, 0x0, 0x5f, 0xf2, 0x1, 0xef,
    0xfd, 0xce, 0xff, 0x60, 0x0, 0x18, 0xdf, 0xfe,
    0xa3, 0x0,

    /* U+01DA "ǚ" */
    0x4, 0xfa, 0xb, 0xf3, 0x0, 0x8, 0xf9, 0xf8,
    0x0, 0x0, 0xc, 0xfc, 0x0, 0x0, 0x0, 0x0,
    0x0, 0x0, 0x2, 0xfa, 0x8, 0xf4, 0x0, 0x2f,
    0xa0, 0x8f, 0x40, 0x0, 0x10, 0x0, 0x10, 0x0,
    0x0, 0x0, 0x0, 0x0, 0xbf, 0x10, 0x0, 0xf,
    0xbb, 0xf1, 0x0, 0x0, 0xfb, 0xbf, 0x10, 0x0,
    0xf, 0xbb, 0xf1, 0x0, 0x0, 0xfb, 0xbf, 0x10,
    0x0, 0xf, 0xbb, 0xf1, 0x0, 0x0, 0xfb, 0xaf,
    0x10, 0x0, 0x1f, 0xba, 0xf2, 0x0, 0x3, 0xfb,
    0x7f, 0x70, 0x0, 0xbf, 0xb2, 0xff, 0xba, 0xec,
    0xdb, 0x3, 0xbf, 0xe9, 0x1d, 0xb0,

    /* U+01DB "Ǜ" */
    0x0, 0x0, 0xdf, 0x40, 0x0, 0x0, 0x0, 0x0,
    0x2f, 0xb0, 0x0, 0x0, 0x0, 0x0, 0x5, 0xd2,
    0x0, 0x0, 0x0, 0x7, 0xf5, 0xd, 0xf0, 0x0,
    0x0, 0x7, 0xf5, 0xd, 0xf0, 0x0, 0x0, 0x0,
    0x10, 0x1, 0x10, 0x0, 0x0, 0x0, 0x0, 0x0,
    0x0, 0x0, 0x6f, 0x70, 0x0, 0x0, 0x1, 0xfd,
    0x6f, 0x70, 0x0, 0x0, 0x1, 0xfd, 0x6f, 0x70,
    0x0, 0x0, 0x1, 0xfd, 0x6f, 0x70, 0x0, 0x0,
    0x1, 0xfd, 0x6f, 0x70, 0x0, 0x0, 0x1, 0xfd,
    0x6f, 0x70, 0x0, 0x0, 0x1, 0xfd, 0x6f, 0x70,
    0x0, 0x0, 0x1, 0xfd, 0x6f, 0x70, 0x0, 0x0,
    0x1, 0xfd, 0x6f, 0x70, 0x0, 0x0, 0x1, 0xfd,
    0x5f, 0x80, 0x0, 0x0, 0x1, 0xfc, 0x4f, 0x90,
    0x0, 0x0, 0x3, 0xfb, 0x1f, 0xe0, 0x0, 0x0,
    0x8, 0xf8, 0xb, 0xfa, 0x10, 0x0, 0x5f, 0xf2,
    0x1, 0xef, 0xfd, 0xce, 0xff, 0x60, 0x0, 0x18,
    0xdf, 0xfe, 0xa3, 0x0,

    /* U+01DC "ǜ" */
    0x0, 0x8d, 0x70, 0x0, 0x0, 0x0, 0xde, 0x0,
    0x0, 0x0, 0x3, 0xf7, 0x0, 0x0, 0x0, 0x0,
    0x0, 0x0, 0x2, 0xfa, 0x8, 0xf4, 0x0, 0x2f,
    0xa0, 0x8f, 0x40, 0x0, 0x10, 0x0, 0x10, 0x0,
    0x0, 0x0, 0x0, 0x0, 0xbf, 0x10, 0x0, 0xf,
    0xbb, 0xf1, 0x0, 0x0, 0xfb, 0xbf, 0x10, 0x0,
    0xf, 0xbb, 0xf1, 0x0, 0x0, 0xfb, 0xbf, 0x10,
    0x0, 0xf, 0xbb, 0xf1, 0x0, 0x0, 0xfb, 0xaf,
    0x10, 0x0, 0x1f, 0xba, 0xf2, 0x0, 0x3, 0xfb,
    0x7f, 0x70, 0x0, 0xbf, 0xb2, 0xff, 0xba, 0xec,
    0xdb, 0x3, 0xbf, 0xe9, 0x1d, 0xb0,

    /* U+01DD "ǝ" */
    0x0, 0x2a, 0xdf, 0xe9, 0x10, 0x0, 0x2e, 0xfa,
    0x8b, 0xfe, 0x10, 0xc, 0xf4, 0x0, 0x6, 0xfb,
    0x0, 0x77, 0x0, 0x0, 0xd, 0xf1, 0x0, 0x0,
    0x0, 0x0, 0x9f, 0x43, 0xff, 0xff, 0xff, 0xff,
    0xf5, 0x2f, 0xd8, 0x88, 0x88, 0xdf, 0x40, 0xfd,
    0x0, 0x0, 0xc, 0xf1, 0x9, 0xf6, 0x0, 0x6,
    0xfa, 0x0, 0x1d, 0xfb, 0x8b, 0xfd, 0x10, 0x0,
    0x19, 0xef, 0xe9, 0x10, 0x0,

    /* U+01DE "Ǟ" */
    0x0, 0x0, 0x7f, 0xff, 0xff, 0xa0, 0x0, 0x0,
    0x0, 0x3, 0x88, 0x88, 0x85, 0x0, 0x0, 0x0,
    0x0, 0x1, 0x0, 0x1, 0x0, 0x0, 0x0, 0x0,
    0x0, 0xfc, 0x6, 0xf6, 0x0, 0x0, 0x0, 0x0,
    0xf, 0xc0, 0x6f, 0x60, 0x0, 0x0, 0x0, 0x0,
    0x0, 0x0, 0x0, 0x0, 0x0, 0x0, 0x0, 0x0,
    0xbf, 0xb0, 0x0, 0x0, 0x0, 0x0, 0x0, 0x1f,
    0xff, 0x10, 0x0, 0x0, 0x0, 0x0, 0x6, 0xf7,
    0xf7, 0x0, 0x0, 0x0, 0x0, 0x0, 0xce, 0xf,
    0xd0, 0x0, 0x0, 0x0, 0x0, 0x2f, 0xa0, 0xaf,
    0x40, 0x0, 0x0, 0x0, 0x8, 0xf5, 0x4, 0xfa,
    0x0, 0x0, 0x0, 0x0, 0xef, 0x0, 0xe, 0xf1,
    0x0, 0x0, 0x0, 0x4f, 0xa0, 0x0, 0x9f, 0x60,
    0x0, 0x0, 0xa, 0xf4, 0x0, 0x3, 0xfd, 0x0,
    0x0, 0x0, 0xff, 0xff, 0xff, 0xff, 0xf3, 0x0,
    0x0, 0x5f, 0xc9, 0x99, 0x99, 0xbf, 0x90, 0x0,
    0xb, 0xf3, 0x0, 0x0, 0x1, 0xff, 0x0, 0x1,
    0xfd, 0x0, 0x0, 0x0, 0xb, 0xf6, 0x0, 0x7f,
    0x80, 0x0, 0x0, 0x0, 0x5f, 0xc0, 0xd, 0xf2,
    0x0, 0x0, 0x0, 0x0, 0xef, 0x20,

    /* U+01DF "ǟ" */
    0x0, 0x48, 0x88, 0x88, 0x40, 0x0, 0x8, 0xff,
    0xff, 0xf9, 0x0, 0x0, 0x0, 0x0, 0x0, 0x0,
    0x0, 0x2, 0xfa, 0x8, 0xf4, 0x0, 0x0, 0x2f,
    0xa0, 0x8f, 0x40, 0x0, 0x0, 0x10, 0x0, 0x10,
    0x0, 0x0, 0x0, 0x0, 0x0, 0x0, 0x0, 0x2,
    0x9d, 0xfe, 0xc5, 0x0, 0x2, 0xff, 0x98, 0x9f,
    0xf5, 0x0, 0xaf, 0x30, 0x0, 0x4f, 0xa0, 0x4,
    0x60, 0x0, 0x0, 0xfb, 0x0, 0x0, 0x14, 0x69,
    0xcf, 0xb0, 0x1, 0xbf, 0xff, 0xe9, 0xfc, 0x0,
    0xcf, 0x94, 0x10, 0xf, 0xc0, 0x2f, 0xb0, 0x0,
    0x3, 0xfc, 0x2, 0xfc, 0x0, 0x0, 0xbf, 0xc0,
    0xc, 0xfb, 0x78, 0xed, 0xed, 0x0, 0x19, 0xef,
    0xd7, 0xa, 0xf1,

    /* U+01E0 "Ǡ" */
    0x0, 0x0, 0x8f, 0xff, 0xff, 0x80, 0x0, 0x0,
    0x0, 0x4, 0x88, 0x88, 0x84, 0x0, 0x0, 0x0,
    0x0, 0x0, 0x1, 0x0, 0x0, 0x0, 0x0, 0x0,
    0x0, 0x6, 0xf6, 0x0, 0x0, 0x0, 0x0, 0x0,
    0x0, 0x6f, 0x60, 0x0, 0x0, 0x0, 0x0, 0x0,
    0x0, 0x0, 0x0, 0x0, 0x0, 0x0, 0x0, 0x0,
    0xbf, 0xb0, 0x0, 0x0, 0x0, 0x0, 0x0, 0x1f,
    0xff, 0x10, 0x0, 0x0, 0x0, 0x0, 0x6, 0xf7,
    0xf7, 0x0, 0x0, 0x0, 0x0, 0x0, 0xce, 0xf,
    0xd0, 0x0, 0x0, 0x0, 0x0, 0x2f, 0xa0, 0xaf,
    0x40, 0x0, 0x0, 0x0, 0x8, 0xf5, 0x4, 0xfa,
    0x0, 0x0, 0x0, 0x0, 0xef, 0x0, 0xe, 0xf1,
    0x0, 0x0, 0x0, 0x4f, 0xa0, 0x0, 0x9f, 0x60,
    0x0, 0x0, 0xa, 0xf4, 0x0, 0x3, 0xfd, 0x0,
    0x0, 0x0, 0xff, 0xff, 0xff, 0xff, 0xf3, 0x0,
    0x0, 0x5f, 0xc9, 0x99, 0x99, 0xbf, 0x90, 0x0,
    0xb, 0xf3, 0x0, 0x0, 0x1, 0xff, 0x0, 0x1,
    0xfd, 0x0, 0x0, 0x0, 0xb, 0xf6, 0x0, 0x7f,
    0x80, 0x0, 0x0, 0x0, 0x5f, 0xc0, 0xd, 0xf2,
    0x0, 0x0, 0x0, 0x0, 0xef, 0x20,

    /* U+01E1 "ǡ" */
    0x0, 0x38, 0x88, 0x88, 0x50, 0x0, 0x7, 0xff,
    0xff, 0xfa, 0x0, 0x0, 0x0, 0x0, 0x0, 0x0,
    0x0, 0x0, 0x3, 0xf9, 0x0, 0x0, 0x0, 0x0,
    0x3f, 0x90, 0x0, 0x0, 0x0, 0x0, 0x10, 0x0,
    0x0, 0x0, 0x0, 0x0, 0x0, 0x0, 0x0, 0x2,
    0x9d, 0xfe, 0xc5, 0x0, 0x2, 0xff, 0x98, 0x9f,
    0xf5, 0x0, 0xaf, 0x30, 0x0, 0x4f, 0xa0, 0x4,
    0x60, 0x0, 0x0, 0xfb, 0x0, 0x0, 0x14, 0x69,
    0xcf, 0xb0, 0x1, 0xbf, 0xff, 0xe9, 0xfc, 0x0,
    0xcf, 0x94, 0x10, 0xf, 0xc0, 0x2f, 0xb0, 0x0,
    0x3, 0xfc, 0x2, 0xfc, 0x0, 0x0, 0xbf, 0xc0,
    0xc, 0xfb, 0x78, 0xed, 0xed, 0x0, 0x19, 0xef,
    0xd7, 0xa, 0xf1,

    /* U+01E2 "Ǣ" */
    0x0, 0x0, 0x0, 0x8, 0xff, 0xff, 0xf9, 0x0,
    0x0, 0x0, 0x0, 0x0, 0x0, 0x48, 0x88, 0x88,
    0x40, 0x0, 0x0, 0x0, 0x0, 0x0, 0x0, 0x0,
    0x0, 0x0, 0x0, 0x0, 0x0, 0x0, 0x0, 0x5,
    0xff, 0xff, 0xff, 0xff, 0xff, 0xfa, 0x0, 0x0,
    0x0, 0xcf, 0xcd, 0xfd, 0xcc, 0xcc, 0xcc, 0x70,
    0x0, 0x0, 0x3f, 0xc0, 0x7f, 0x70, 0x0, 0x0,
    0x0, 0x0, 0x0, 0xb, 0xf5, 0x7, 0xf7, 0x0,
    0x0, 0x0, 0x0, 0x0, 0x2, 0xfd, 0x0, 0x7f,
    0x70, 0x0, 0x0, 0x0, 0x0, 0x0, 0xaf, 0x60,
    0x7, 0xf7, 0x0, 0x0, 0x0, 0x0, 0x0, 0x1f,
    0xe0, 0x0, 0x7f, 0xdb, 0xbb, 0xbb, 0xb1, 0x0,
    0x8, 0xf8, 0x0, 0x7, 0xff, 0xff, 0xff, 0xff,
    0x20, 0x0, 0xff, 0x10, 0x0, 0x7f, 0x70, 0x0,
    0x0, 0x0, 0x0, 0x7f, 0xff, 0xff, 0xff, 0xf7,
    0x0, 0x0, 0x0, 0x0, 0xe, 0xfc, 0xcc, 0xcc,
    0xdf, 0x70, 0x0, 0x0, 0x0, 0x6, 0xfa, 0x0,
    0x0, 0x7, 0xf7, 0x0, 0x0, 0x0, 0x0, 0xdf,
    0x30, 0x0, 0x0, 0x7f, 0x70, 0x0, 0x0, 0x0,
    0x5f, 0xc0, 0x0, 0x0, 0x7, 0xfd, 0xcc, 0xcc,
    0xcc, 0xac, 0xf4, 0x0, 0x0, 0x0, 0x7f, 0xff,
    0xff, 0xff, 0xfe,

    /* U+01E3 "ǣ" */
    0x0, 0x0, 0x1, 0xff, 0xff, 0xff, 0x0, 0x0,
    0x0, 0x0, 0x0, 0x8, 0x88, 0x88, 0x80, 0x0,
    0x0, 0x0, 0x0, 0x0, 0x0, 0x0, 0x0, 0x0,
    0x0, 0x0, 0x0, 0x0, 0x0, 0x0, 0x0, 0x0,
    0x0, 0x0, 0x0, 0x2a, 0xef, 0xeb, 0x31, 0x9e,
    0xfd, 0x70, 0x0, 0x3f, 0xe9, 0x8a, 0xff, 0xdf,
    0xa8, 0xbf, 0xb0, 0xb, 0xf2, 0x0, 0x7, 0xff,
    0x40, 0x0, 0x8f, 0x50, 0x55, 0x0, 0x0, 0x4f,
    0xb0, 0x0, 0x0, 0xfb, 0x0, 0x0, 0x36, 0x9d,
    0xfc, 0x88, 0x88, 0x8e, 0xe0, 0x1a, 0xff, 0xfe,
    0xbf, 0xff, 0xff, 0xff, 0xff, 0xd, 0xf8, 0x30,
    0x4, 0xf8, 0x0, 0x0, 0x0, 0x3, 0xfa, 0x0,
    0x0, 0x6f, 0xa0, 0x0, 0x0, 0x97, 0x3f, 0xc0,
    0x0, 0x1d, 0xff, 0x30, 0x0, 0x7f, 0x80, 0xcf,
    0xc8, 0xaf, 0xd4, 0xef, 0xb8, 0xbf, 0xd1, 0x1,
    0xae, 0xfd, 0x70, 0x1, 0x9e, 0xfd, 0x81, 0x0,

    /* U+01E4 "Ǥ" */
    0x0, 0x0, 0x5b, 0xef, 0xeb, 0x50, 0x0, 0x0,
    0x0, 0xbf, 0xff, 0xff, 0xff, 0xa0, 0x0, 0x0,
    0xbf, 0xe6, 0x10, 0x16, 0xff, 0x70, 0x0, 0x5f,
    0xf3, 0x0, 0x0, 0x5, 0xff, 0x0, 0xb, 0xf9,
    0x0, 0x0, 0x0, 0x5, 0x51, 0x0, 0xff, 0x40,
    0x0, 0x0, 0x0, 0x0, 0x0, 0x1f, 0xf2, 0x0,
    0x6, 0xaa, 0xaa, 0xa2, 0x1, 0xff, 0x20, 0x0,
    0x9f, 0xff, 0xff, 0x40, 0xf, 0xf4, 0x0, 0x1,
    0x11, 0x1f, 0xf4, 0x0, 0xbf, 0x90, 0x0, 0x9f,
    0xff, 0xff, 0xf5, 0x6, 0xff, 0x20, 0x2, 0x44,
    0xdf, 0xf4, 0x10, 0xc, 0xfe, 0x61, 0x2, 0x9f,
    0xf3, 0x0, 0x0, 0x1c, 0xff, 0xff, 0xff, 0xf6,
    0x0, 0x0, 0x0, 0x6, 0xce, 0xfd, 0xa3, 0x0,
    0x0,

    /* U+01E5 "ǥ" */
    0x0, 0x19, 0xef, 0xc5, 0x6f, 0xa0, 0x1, 0xdf,
    0xfd, 0xef, 0xbf, 0xa0, 0x9, 0xfd, 0x20, 0x7,
    0xff, 0xa0, 0xf, 0xf5, 0x0, 0x0, 0xbf, 0xa0,
    0x1f, 0xf1, 0x8, 0x88, 0xff, 0xf8, 0x1f, 0xf1,
    0xf, 0xff, 0xff, 0xff, 0xf, 0xf5, 0x0, 0x0,
    0xcf, 0xa0, 0x9, 0xfd, 0x20, 0x8, 0xff, 0xa0,
    0x1, 0xdf, 0xfd, 0xff, 0xcf, 0xa0, 0x0, 0x19,
    0xef, 0xd5, 0x7f, 0xa0, 0x3, 0x41, 0x0, 0x0,
    0x9f, 0x90, 0x9, 0xfc, 0x10, 0x3, 0xff, 0x50,
    0x1, 0xdf, 0xfd, 0xdf, 0xfb, 0x0, 0x0, 0x18,
    0xdf, 0xfc, 0x60, 0x0,

    /* U+01E6 "Ǧ" */
    0x0, 0x0, 0x4f, 0x50, 0x9e, 0x10, 0x0, 0x0,
    0x0, 0xa, 0xe4, 0xf6, 0x0, 0x0, 0x0, 0x0,
    0x1, 0xef, 0xc0, 0x0, 0x0, 0x0, 0x0, 0x0,
    0x0, 0x0, 0x0, 0x0, 0x0, 0x0, 0x0, 0x0,
    0x0, 0x0, 0x0, 0x0, 0x0, 0x5b, 0xef, 0xeb,
    0x50, 0x0, 0x0, 0x1b, 0xff, 0xff, 0xff, 0xfa,
    0x0, 0x0, 0xbf, 0xe6, 0x10, 0x17, 0xff, 0x80,
    0x5, 0xff, 0x30, 0x0, 0x0, 0x5f, 0xf0, 0xb,
    0xf9, 0x0, 0x0, 0x0, 0x3, 0x30, 0xf, 0xf4,
    0x0, 0x0, 0x0, 0x0, 0x0, 0x1f, 0xf2, 0x0,
    0x7, 0xdd, 0xdd, 0xd3, 0x1f, 0xf2, 0x0, 0x9,
    0xff, 0xff, 0xf4, 0xf, 0xf4, 0x0, 0x0, 0x0,
    0xd, 0xf4, 0xb, 0xf9, 0x0, 0x0, 0x0, 0x1f,
    0xf4, 0x6, 0xff, 0x20, 0x0, 0x0, 0xaf, 0xf4,
    0x0, 0xcf, 0xe6, 0x10, 0x2a, 0xfe, 0xf4, 0x0,
    0x1c, 0xff, 0xff, 0xff, 0xc5, 0xf4, 0x0, 0x0,
    0x6c, 0xef, 0xd7, 0x3, 0xf4,

    /* U+01E7 "ǧ" */
    0x0, 0xb, 0xd0, 0x3f, 0x60, 0x0, 0x0, 0x1e,
    0xbe, 0xa0, 0x0, 0x0, 0x0, 0x38, 0x71, 0x0,
    0x0, 0x0, 0x0, 0x0, 0x0, 0x0, 0x0, 0x19,
    0xef, 0xc5, 0x6f, 0xa0, 0x1d, 0xff, 0xde, 0xfb,
    0xfa, 0x9, 0xfd, 0x20, 0x7, 0xff, 0xa0, 0xff,
    0x50, 0x0, 0xb, 0xfa, 0x1f, 0xf1, 0x0, 0x0,
    0x8f, 0xa1, 0xff, 0x10, 0x0, 0x9, 0xfa, 0xf,
    0xf5, 0x0, 0x0, 0xcf, 0xa0, 0x9f, 0xd2, 0x0,
    0x8f, 0xfa, 0x1, 0xdf, 0xfd, 0xff, 0xcf, 0xa0,
    0x1, 0x9e, 0xfd, 0x57, 0xfa, 0x3, 0x41, 0x0,
    0x0, 0x9f, 0x90, 0x9f, 0xc1, 0x0, 0x3f, 0xf5,
    0x1, 0xdf, 0xfd, 0xdf, 0xfb, 0x0, 0x1, 0x8d,
    0xff, 0xc6, 0x0,

    /* U+01E8 "Ǩ" */
    0x0, 0x7, 0x40, 0x18, 0x30, 0x0, 0x0, 0xa,
    0xf2, 0xbe, 0x10, 0x0, 0x0, 0x1, 0xff, 0xf6,
    0x0, 0x0, 0x0, 0x0, 0x48, 0x70, 0x0, 0x0,
    0x0, 0x0, 0x0, 0x0, 0x0, 0x0, 0x4f, 0xe0,
    0x0, 0x0, 0x9f, 0xe2, 0x4f, 0xe0, 0x0, 0x7,
    0xff, 0x30, 0x4f, 0xe0, 0x0, 0x6f, 0xf4, 0x0,
    0x4f, 0xe0, 0x4, 0xff, 0x50, 0x0, 0x4f, 0xe0,
    0x3f, 0xf7, 0x0, 0x0, 0x4f, 0xe2, 0xef, 0x90,
    0x0, 0x0, 0x4f, 0xed, 0xff, 0x50, 0x0, 0x0,
    0x4f, 0xff, 0xdf, 0xf2, 0x0, 0x0, 0x4f, 0xfc,
    0xb, 0xfc, 0x0, 0x0, 0x4f, 0xe0, 0x1, 0xef,
    0x80, 0x0, 0x4f, 0xe0, 0x0, 0x4f, 0xf4, 0x0,
    0x4f, 0xe0, 0x0, 0x8, 0xfe, 0x10, 0x4f, 0xe0,
    0x0, 0x0, 0xcf, 0xb0, 0x4f, 0xe0, 0x0, 0x0,
    0x2f, 0xf7,

    /* U+01E9 "ǩ" */
    0x1f, 0x80, 0x6f, 0x30, 0x0, 0x0, 0x0, 0x7f,
    0x4f, 0x90, 0x0, 0x0, 0x0, 0x0, 0xdf, 0xe0,
    0x0, 0x0, 0x0, 0x0, 0x0, 0x0, 0x0, 0x0,
    0x0, 0x0, 0x0, 0x8f, 0xa0, 0x0, 0x0, 0x0,
    0x0, 0x8, 0xfa, 0x0, 0x0, 0x0, 0x0, 0x0,
    0x8f, 0xa0, 0x0, 0x0, 0x0, 0x0, 0x8, 0xfa,
    0x0, 0x2, 0xef, 0x90, 0x0, 0x8f, 0xa0, 0x1,
    0xdf, 0xb0, 0x0, 0x8, 0xfa, 0x0, 0xcf, 0xc0,
    0x0, 0x0, 0x8f, 0xa0, 0xaf, 0xd1, 0x0, 0x0,
    0x8, 0xfa, 0x8f, 0xf2, 0x0, 0x0, 0x0, 0x8f,
    0xef, 0xff, 0x80, 0x0, 0x0, 0x8, 0xff, 0xe5,
    0xff, 0x30, 0x0, 0x0, 0x8f, 0xf3, 0x8, 0xfd,
    0x0, 0x0, 0x8, 0xfa, 0x0, 0xd, 0xf8, 0x0,
    0x0, 0x8f, 0xa0, 0x0, 0x3f, 0xf3, 0x0, 0x8,
    0xfa, 0x0, 0x0, 0x8f, 0xd0,

    /* U+01EA "Ǫ" */
    0x0, 0x0, 0x39, 0xdf, 0xec, 0x70, 0x0, 0x0,
    0x0, 0x8f, 0xfd, 0xbc, 0xff, 0xd2, 0x0, 0x0,
    0x7f, 0xe4, 0x0, 0x1, 0x8f, 0xe1, 0x0, 0x2f,
    0xf2, 0x0, 0x0, 0x0, 0x8f, 0xa0, 0x8, 0xf7,
    0x0, 0x0, 0x0, 0x0, 0xef, 0x20, 0xdf, 0x20,
    0x0, 0x0, 0x0, 0x9, 0xf6, 0xf, 0xf0, 0x0,
    0x0, 0x0, 0x0, 0x6f, 0x80, 0xfe, 0x0, 0x0,
    0x0, 0x0, 0x5, 0xf9, 0xf, 0xf0, 0x0, 0x0,
    0x0, 0x0, 0x6f, 0x90, 0xdf, 0x10, 0x0, 0x0,
    0x0, 0x8, 0xf7, 0x9, 0xf6, 0x0, 0x0, 0x0,
    0x0, 0xdf, 0x30, 0x2f, 0xe1, 0x0, 0x0, 0x0,
    0x6f, 0xc0, 0x0, 0x7f, 0xd2, 0x0, 0x0, 0x6f,
    0xf3, 0x0, 0x0, 0x8f, 0xfc, 0x9a, 0xef, 0xf5,
    0x0, 0x0, 0x0, 0x3a, 0xef, 0xfd, 0x92, 0x0,
    0x0, 0x0, 0x0, 0x0, 0xf2, 0x0, 0x0, 0x0,
    0x0, 0x0, 0x0, 0x3f, 0x10, 0x0, 0x0, 0x0,
    0x0, 0x0, 0x1, 0xfb, 0x69, 0x0, 0x0, 0x0,
    0x0, 0x0, 0x7, 0xee, 0x90, 0x0, 0x0,

    /* U+01EB "ǫ" */
    0x0, 0x19, 0xef, 0xe9, 0x10, 0x0, 0x2e, 0xfa,
    0x8a, 0xfe, 0x20, 0xb, 0xf6, 0x0, 0x5, 0xfb,
    0x1, 0xfd, 0x0, 0x0, 0xc, 0xf1, 0x4f, 0x90,
    0x0, 0x0, 0x8f, 0x45, 0xf8, 0x0, 0x0, 0x7,
    0xf5, 0x4f, 0x90, 0x0, 0x0, 0x8f, 0x41, 0xfd,
    0x0, 0x0, 0xc, 0xf1, 0xb, 0xf5, 0x0, 0x5,
    0xfb, 0x0, 0x2e, 0xfa, 0x7a, 0xfe, 0x20, 0x0,
    0x19, 0xef, 0xd9, 0x10, 0x0, 0x0, 0x3, 0xf0,
    0x0, 0x0, 0x0, 0x0, 0x5e, 0x0, 0x0, 0x0,
    0x0, 0x3, 0xfa, 0x68, 0x0, 0x0, 0x0, 0x9,
    0xfe, 0x80, 0x0,

    /* U+01EC "Ǭ" */
    0x0, 0x0, 0x28, 0x88, 0x88, 0x60, 0x0, 0x0,
    0x0, 0x5, 0xff, 0xff, 0xfc, 0x0, 0x0, 0x0,
    0x0, 0x0, 0x0, 0x0, 0x0, 0x0, 0x0, 0x0,
    0x0, 0x0, 0x0, 0x0, 0x0, 0x0, 0x0, 0x0,
    0x39, 0xdf, 0xec, 0x70, 0x0, 0x0, 0x0, 0x8f,
    0xfd, 0xbc, 0xff, 0xd2, 0x0, 0x0, 0x7f, 0xe4,
    0x0, 0x1, 0x8f, 0xe1, 0x0, 0x2f, 0xf2, 0x0,
    0x0, 0x0, 0x8f, 0xa0, 0x8, 0xf7, 0x0, 0x0,
    0x0, 0x0, 0xef, 0x20, 0xdf, 0x20, 0x0, 0x0,
    0x0, 0x9, 0xf6, 0xf, 0xf0, 0x0, 0x0, 0x0,
    0x0, 0x6f, 0x80, 0xfe, 0x0, 0x0, 0x0, 0x0,
    0x5, 0xf9, 0xf, 0xf0, 0x0, 0x0, 0x0, 0x0,
    0x6f, 0x90, 0xdf, 0x10, 0x0, 0x0, 0x0, 0x8,
    0xf7, 0x9, 0xf6, 0x0, 0x0, 0x0, 0x0, 0xdf,
    0x30, 0x2f, 0xe1, 0x0, 0x0, 0x0, 0x6f, 0xc0,
    0x0, 0x7f, 0xd2, 0x0, 0x0, 0x6f, 0xf3, 0x0,
    0x0, 0x8f, 0xfc, 0x9a, 0xef, 0xf5, 0x0, 0x0,
    0x0, 0x3a, 0xef, 0xfd, 0x92, 0x0, 0x0, 0x0,
    0x0, 0x0, 0xf2, 0x0, 0x0, 0x0, 0x0, 0x0,
    0x0, 0x3f, 0x10, 0x0, 0x0, 0x0, 0x0, 0x0,
    0x1, 0xfb, 0x69, 0x0, 0x0, 0x0, 0x0, 0x0,
    0x7, 0xee, 0x90, 0x0, 0x0,

    /* U+01ED "ǭ" */
    0x0, 0xbf, 0xff, 0xff, 0x60, 0x0, 0x5, 0x88,
    0x88, 0x83, 0x0, 0x0, 0x0, 0x0, 0x0, 0x0,
    0x0, 0x0, 0x0, 0x0, 0x0, 0x0, 0x0, 0x19,
    0xef, 0xe9, 0x10, 0x0, 0x2e, 0xfa, 0x8a, 0xfe,
    0x20, 0xb, 0xf6, 0x0, 0x5, 0xfb, 0x1, 0xfd,
    0x0, 0x0, 0xc, 0xf1, 0x4f, 0x90, 0x0, 0x0,
    0x8f, 0x45, 0xf8, 0x0, 0x0, 0x7, 0xf5, 0x4f,
    0x90, 0x0, 0x0, 0x8f, 0x41, 0xfd, 0x0, 0x0,
    0xc, 0xf1, 0xb, 0xf5, 0x0, 0x5, 0xfb, 0x0,
    0x2e, 0xfa, 0x7a, 0xfe, 0x20, 0x0, 0x19, 0xef,
    0xd9, 0x10, 0x0, 0x0, 0x3, 0xf0, 0x0, 0x0,
    0x0, 0x0, 0x5e, 0x0, 0x0, 0x0, 0x0, 0x3,
    0xfa, 0x68, 0x0, 0x0, 0x0, 0x9, 0xfe, 0x80,
    0x0,

    /* U+01EE "Ǯ" */
    0x0, 0x48, 0x20, 0x68, 0x10, 0x0, 0x2f, 0xc3,
    0xfa, 0x0, 0x0, 0x5, 0xfe, 0xe1, 0x0, 0x0,
    0x0, 0x68, 0x30, 0x0, 0xa, 0xff, 0xff, 0xff,
    0xf7, 0x7, 0xcc, 0xcc, 0xcf, 0xf5, 0x0, 0x0,
    0x0, 0x4f, 0x90, 0x0, 0x0, 0x2, 0xeb, 0x0,
    0x0, 0x0, 0xd, 0xd1, 0x0, 0x0, 0x0, 0xaf,
    0x30, 0x0, 0x0, 0x0, 0xff, 0xf9, 0x0, 0x0,
    0x0, 0x66, 0xcf, 0xc0, 0x0, 0x0, 0x0, 0xa,
    0xf7, 0x0, 0x0, 0x0, 0x2, 0xfc, 0x0, 0x0,
    0x0, 0x0, 0xfd, 0xd, 0xc0, 0x0, 0x3, 0xfa,
    0xa, 0xf3, 0x0, 0xc, 0xf5, 0x1, 0xef, 0x99,
    0xdf, 0x90, 0x0, 0x2a, 0xef, 0xd6, 0x0,

    /* U+01EF "ǯ" */
    0x0, 0x4f, 0x90, 0xde, 0x20, 0x0, 0x7, 0xfc,
    0xf4, 0x0, 0x0, 0x0, 0x7a, 0x50, 0x0, 0x0,
    0x0, 0x0, 0x0, 0x0, 0xa, 0xff, 0xff, 0xff,
    0xf7, 0x7, 0xcc, 0xcc, 0xcf, 0xf5, 0x0, 0x0,
    0x0, 0x4f, 0x90, 0x0, 0x0, 0x2, 0xec, 0x0,
    0x0, 0x0, 0xd, 0xe1, 0x0, 0x0, 0x0, 0xaf,
    0x30, 0x0, 0x0, 0x0, 0xff, 0xf9, 0x0, 0x0,
    0x0, 0x67, 0xcf, 0xc0, 0x0, 0x0, 0x0, 0xa,
    0xf7, 0x0, 0x0, 0x0, 0x2, 0xfc, 0x0, 0x0,
    0x0, 0x0, 0xfd, 0xc, 0xc0, 0x0, 0x3, 0xfa,
    0xa, 0xf3, 0x0, 0xb, 0xf5, 0x1, 0xef, 0x98,
    0xdf, 0x90, 0x0, 0x2a, 0xef, 0xd6, 0x0,

    /* U+01F0 "ǰ" */
    0x8f, 0x52, 0xfc, 0x0, 0xbe, 0xde, 0x10, 0x0,
    0x9a, 0x30, 0x0, 0x0, 0x0, 0x0, 0x0, 0xaf,
    0x10, 0x0, 0xa, 0xf1, 0x0, 0x0, 0xaf, 0x10,
    0x0, 0xa, 0xf1, 0x0, 0x0, 0xaf, 0x10, 0x0,
    0xa, 0xf1, 0x0, 0x0, 0xaf, 0x10, 0x0, 0xa,
    0xf1, 0x0, 0x0, 0xaf, 0x10, 0x0, 0xa, 0xf1,
    0x0, 0x0, 0xaf, 0x10, 0x0, 0xa, 0xf1, 0x0,
    0x0, 0xcf, 0x0, 0x6, 0xaf, 0xc0, 0x0, 0xbf,
    0xc3, 0x0, 0x0,

    /* U+01F1 "Ǳ" */
    0x6f, 0xff, 0xff, 0xfe, 0xa3, 0x0, 0x0, 0x7f,
    0xff, 0xff, 0xff, 0xff, 0xc0, 0x6f, 0xec, 0xcc,
    0xce, 0xff, 0x60, 0x0, 0x5c, 0xcc, 0xcc, 0xcc,
    0xef, 0xb0, 0x6f, 0x80, 0x0, 0x0, 0x6f, 0xf2,
    0x0, 0x0, 0x0, 0x0, 0x2, 0xff, 0x30, 0x6f,
    0x80, 0x0, 0x0, 0x6, 0xfb, 0x0, 0x0, 0x0,
    0x0, 0x1d, 0xf6, 0x0, 0x6f, 0x80, 0x0, 0x0,
    0x0, 0xef, 0x10, 0x0, 0x0, 0x0, 0xbf, 0xa0,
    0x0, 0x6f, 0x80, 0x0, 0x0, 0x0, 0xbf, 0x40,
    0x0, 0x0, 0x7, 0xfd, 0x0, 0x0, 0x6f, 0x80,
    0x0, 0x0, 0x0, 0x9f, 0x60, 0x0, 0x0, 0x3f,
    0xf2, 0x0, 0x0, 0x6f, 0x80, 0x0, 0x0, 0x0,
    0x8f, 0x60, 0x0, 0x1, 0xef, 0x50, 0x0, 0x0,
    0x6f, 0x80, 0x0, 0x0, 0x0, 0x9f, 0x50, 0x0,
    0xb, 0xf8, 0x0, 0x0, 0x0, 0x6f, 0x80, 0x0,
    0x0, 0x0, 0xbf, 0x30, 0x0, 0x8f, 0xc0, 0x0,
    0x0, 0x0, 0x6f, 0x80, 0x0, 0x0, 0x0, 0xff,
    0x0, 0x4, 0xfe, 0x10, 0x0, 0x0, 0x0, 0x6f,
    0x80, 0x0, 0x0, 0x7, 0xfa, 0x0, 0x1e, 0xf4,
    0x0, 0x0, 0x0, 0x0, 0x6f, 0x80, 0x0, 0x0,
    0x6f, 0xf2, 0x0, 0xcf, 0x70, 0x0, 0x0, 0x0,
    0x0, 0x6f, 0xec, 0xcc, 0xdf, 0xff, 0x50, 0x4,
    0xff, 0xcc, 0xcc, 0xcc, 0xcc, 0xc0, 0x6f, 0xff,
    0xff, 0xfd, 0x92, 0x0, 0x4, 0xff, 0xff, 0xff,
    0xff, 0xff, 0xf0,

    /* U+01F2 "ǲ" */
    0x6f, 0xff, 0xff, 0xfe, 0xa3, 0x0, 0x0, 0x0,
    0x0, 0x0, 0x0, 0x6, 0xfe, 0xcc, 0xcc, 0xef,
    0xf6, 0x0, 0x0, 0x0, 0x0, 0x0, 0x0, 0x6f,
    0x80, 0x0, 0x0, 0x6f, 0xf2, 0x0, 0x0, 0x0,
    0x0, 0x0, 0x6, 0xf8, 0x0, 0x0, 0x0, 0x6f,
    0xb0, 0x0, 0x0, 0x0, 0x0, 0x0, 0x6f, 0x80,
    0x0, 0x0, 0x0, 0xef, 0x10, 0xcf, 0xff, 0xff,
    0xff, 0xa6, 0xf8, 0x0, 0x0, 0x0, 0xb, 0xf4,
    0x6, 0x77, 0x77, 0x7e, 0xf6, 0x6f, 0x80, 0x0,
    0x0, 0x0, 0x9f, 0x60, 0x0, 0x0, 0x6, 0xf9,
    0x6, 0xf8, 0x0, 0x0, 0x0, 0x8, 0xf6, 0x0,
    0x0, 0x4, 0xfc, 0x0, 0x6f, 0x80, 0x0, 0x0,
    0x0, 0x9f, 0x50, 0x0, 0x2, 0xee, 0x10, 0x6,
    0xf8, 0x0, 0x0, 0x0, 0xb, 0xf3, 0x0, 0x0,
    0xdf, 0x30, 0x0, 0x6f, 0x80, 0x0, 0x0, 0x0,
    0xff, 0x0, 0x0, 0xbf, 0x50, 0x0, 0x6, 0xf8,
    0x0, 0x0, 0x0, 0x7f, 0xa0, 0x0, 0x8f, 0x80,
    0x0, 0x0, 0x6f, 0x80, 0x0, 0x0, 0x6f, 0xf2,
    0x0, 0x5f, 0xb0, 0x0, 0x0, 0x6, 0xfe, 0xcc,
    0xcd, 0xff, 0xf5, 0x0, 0x1f, 0xfc, 0xcc, 0xcc,
    0xcc, 0x6f, 0xff, 0xff, 0xfd, 0x92, 0x0, 0x3,
    0xff, 0xff, 0xff, 0xff, 0xf0,

    /* U+01F3 "ǳ" */
    0x0, 0x0, 0x0, 0x0, 0xfb, 0x0, 0x0, 0x0,
    0x0, 0x0, 0x0, 0x0, 0x0, 0x0, 0xf, 0xb0,
    0x0, 0x0, 0x0, 0x0, 0x0, 0x0, 0x0, 0x0,
    0x0, 0xfb, 0x0, 0x0, 0x0, 0x0, 0x0, 0x0,
    0x0, 0x0, 0x0, 0xf, 0xb0, 0x0, 0x0, 0x0,
    0x0, 0x0, 0x0, 0x2a, 0xef, 0xb2, 0xfb, 0x2,
    0xff, 0xff, 0xff, 0xff, 0x50, 0x2e, 0xfa, 0x8c,
    0xef, 0xb0, 0x7, 0x77, 0x77, 0x8f, 0xf3, 0xa,
    0xf5, 0x0, 0xb, 0xfb, 0x0, 0x0, 0x0, 0xb,
    0xf7, 0x0, 0xfd, 0x0, 0x0, 0x4f, 0xb0, 0x0,
    0x0, 0x9, 0xfa, 0x0, 0x3f, 0x90, 0x0, 0x0,
    0xfb, 0x0, 0x0, 0x6, 0xfc, 0x0, 0x4, 0xf8,
    0x0, 0x0, 0xe, 0xb0, 0x0, 0x3, 0xfe, 0x10,
    0x0, 0x3f, 0x90, 0x0, 0x0, 0xfb, 0x0, 0x2,
    0xef, 0x30, 0x0, 0x0, 0xfd, 0x0, 0x0, 0x3f,
    0xb0, 0x0, 0xdf, 0x60, 0x0, 0x0, 0x9, 0xf6,
    0x0, 0xb, 0xfb, 0x0, 0xbf, 0x80, 0x0, 0x0,
    0x0, 0x1d, 0xfb, 0x8d, 0xef, 0xb0, 0x6f, 0xf8,
    0x88, 0x88, 0x85, 0x0, 0x19, 0xef, 0xb2, 0xeb,
    0x8, 0xff, 0xff, 0xff, 0xff, 0xa0,

    /* U+01F4 "Ǵ" */
    0x0, 0x0, 0x0, 0x4f, 0xd0, 0x0, 0x0, 0x0,
    0x0, 0x0, 0xbf, 0x20, 0x0, 0x0, 0x0, 0x0,
    0x1, 0xd5, 0x0, 0x0, 0x0, 0x0, 0x0, 0x0,
    0x0, 0x0, 0x0, 0x0, 0x0, 0x1, 0x8c, 0xef,
    0xea, 0x40, 0x0, 0x0, 0x5f, 0xfe, 0xbb, 0xdf,
    0xf8, 0x0, 0x5, 0xfe, 0x50, 0x0, 0x4, 0xef,
    0x50, 0x1e, 0xf3, 0x0, 0x0, 0x0, 0x3f, 0xd0,
    0x6f, 0x90, 0x0, 0x0, 0x0, 0x8, 0x60, 0xbf,
    0x30, 0x0, 0x0, 0x0, 0x0, 0x0, 0xdf, 0x10,
    0x0, 0x0, 0x0, 0x0, 0x0, 0xff, 0x0, 0x0,
    0x9, 0xcc, 0xcc, 0xc3, 0xef, 0x10, 0x0, 0xc,
    0xff, 0xff, 0xf4, 0xcf, 0x40, 0x0, 0x0, 0x0,
    0x9, 0xf4, 0x7f, 0x90, 0x0, 0x0, 0x0, 0x9,
    0xf4, 0x1f, 0xf4, 0x0, 0x0, 0x0, 0x9, 0xf4,
    0x5, 0xff, 0x71, 0x0, 0x3, 0xaf, 0xf3, 0x0,
    0x5f, 0xff, 0xdc, 0xef, 0xfd, 0x40, 0x0, 0x1,
    0x8c, 0xef, 0xeb, 0x60, 0x0,

    /* U+01F5 "ǵ" */
    0x0, 0x0, 0xd, 0xf4, 0x0, 0x0, 0x0, 0x5f,
    0x80, 0x0, 0x0, 0x0, 0xab, 0x0, 0x0, 0x0,
    0x0, 0x0, 0x0, 0x0, 0x0, 0x2a, 0xef, 0xb2,
    0xcd, 0x1, 0xef, 0xa8, 0xcf, 0xed, 0xa, 0xf5,
    0x0, 0xb, 0xfd, 0xf, 0xd0, 0x0, 0x2, 0xfd,
    0x3f, 0x90, 0x0, 0x0, 0xed, 0x4f, 0x80, 0x0,
    0x0, 0xdd, 0x3f, 0x80, 0x0, 0x0, 0xed, 0xf,
    0xc0, 0x0, 0x1, 0xfd, 0xa, 0xf5, 0x0, 0xa,
    0xfd, 0x1, 0xef, 0xa8, 0xde, 0xfd, 0x0, 0x1a,
    0xef, 0xb2, 0xfc, 0x2, 0x0, 0x0, 0x1, 0xfa,
    0xe, 0xe0, 0x0, 0x8, 0xf6, 0x7, 0xfd, 0x88,
    0xbf, 0xc0, 0x0, 0x5c, 0xef, 0xd8, 0x0,

    /* U+01FA "Ǻ" */
    0x0, 0x0, 0x0, 0x8, 0xd8, 0x0, 0x0, 0x0,
    0x0, 0x0, 0x0, 0xfd, 0x10, 0x0, 0x0, 0x0,
    0x0, 0x0, 0x6f, 0x30, 0x0, 0x0, 0x0, 0x0,
    0x0, 0x0, 0x0, 0x0, 0x0, 0x0, 0x0, 0x0,
    0x0, 0x7c, 0x70, 0x0, 0x0, 0x0, 0x0, 0x0,
    0x2a, 0x9, 0x20, 0x0, 0x0, 0x0, 0x0, 0x2,
    0xb0, 0xa2, 0x0, 0x0, 0x0, 0x0, 0x0, 0xc,
    0xfc, 0x0, 0x0, 0x0, 0x0, 0x0, 0x1, 0xff,
    0xf1, 0x0, 0x0, 0x0, 0x0, 0x0, 0x6f, 0x7f,
    0x70, 0x0, 0x0, 0x0, 0x0, 0xc, 0xe0, 0xfd,
    0x0, 0x0, 0x0, 0x0, 0x2, 0xfa, 0xa, 0xf3,
    0x0, 0x0, 0x0, 0x0, 0x8f, 0x50, 0x4f, 0xa0,
    0x0, 0x0, 0x0, 0xe, 0xf0, 0x0, 0xef, 0x10,
    0x0, 0x0, 0x4, 0xfa, 0x0, 0x9, 0xf6, 0x0,
    0x0, 0x0, 0xaf, 0x40, 0x0, 0x3f, 0xd0, 0x0,
    0x0, 0xf, 0xff, 0xff, 0xff, 0xff, 0x30, 0x0,
    0x5, 0xfc, 0x99, 0x99, 0x9b, 0xf9, 0x0, 0x0,
    0xbf, 0x30, 0x0, 0x0, 0x1f, 0xf0, 0x0, 0x1f,
    0xd0, 0x0, 0x0, 0x0, 0xbf, 0x60, 0x7, 0xf8,
    0x0, 0x0, 0x0, 0x5, 0xfc, 0x0, 0xdf, 0x20,
    0x0, 0x0, 0x0, 0xe, 0xf2,

    /* U+01FB "ǻ" */
    0x0, 0x0, 0x5, 0xda, 0x0, 0x0, 0x0, 0x0,
    0xde, 0x20, 0x0, 0x0, 0x0, 0x4f, 0x40, 0x0,
    0x0, 0x0, 0x0, 0x0, 0x0, 0x0, 0x0, 0x0,
    0x6b, 0x80, 0x0, 0x0, 0x0, 0x1a, 0x9, 0x30,
    0x0, 0x0, 0x1, 0xa0, 0x93, 0x0, 0x0, 0x0,
    0x6, 0xb8, 0x0, 0x0, 0x0, 0x0, 0x0, 0x0,
    0x0, 0x0, 0x2, 0x9d, 0xfe, 0xc5, 0x0, 0x2,
    0xff, 0x98, 0x9f, 0xf5, 0x0, 0xaf, 0x30, 0x0,
    0x4f, 0xa0, 0x4, 0x60, 0x0, 0x0, 0xfb, 0x0,
    0x0, 0x14, 0x69, 0xcf, 0xb0, 0x1, 0xbf, 0xff,
    0xe9, 0xfc, 0x0, 0xcf, 0x94, 0x10, 0xf, 0xc0,
    0x2f, 0xb0, 0x0, 0x3, 0xfc, 0x2, 0xfc, 0x0,
    0x0, 0xbf, 0xc0, 0xc, 0xfb, 0x78, 0xed, 0xed,
    0x0, 0x19, 0xef, 0xd7, 0xa, 0xf1,

    /* U+01FC "Ǽ" */
    0x0, 0x0, 0x0, 0x0, 0x0, 0x0, 0xad, 0x40,
    0x0, 0x0, 0x0, 0x0, 0x0, 0x0, 0x0, 0x3f,
    0xa0, 0x0, 0x0, 0x0, 0x0, 0x0, 0x0, 0x0,
    0xb, 0xd0, 0x0, 0x0, 0x0, 0x0, 0x0, 0x0,
    0x0, 0x0, 0x0, 0x0, 0x0, 0x0, 0x0, 0x0,
    0x0, 0x5f, 0xff, 0xff, 0xff, 0xff, 0xff, 0xa0,
    0x0, 0x0, 0xc, 0xfc, 0xdf, 0xdc, 0xcc, 0xcc,
    0xc7, 0x0, 0x0, 0x3, 0xfc, 0x7, 0xf7, 0x0,
    0x0, 0x0, 0x0, 0x0, 0x0, 0xbf, 0x50, 0x7f,
    0x70, 0x0, 0x0, 0x0, 0x0, 0x0, 0x2f, 0xd0,
    0x7, 0xf7, 0x0, 0x0, 0x0, 0x0, 0x0, 0xa,
    0xf6, 0x0, 0x7f, 0x70, 0x0, 0x0, 0x0, 0x0,
    0x1, 0xfe, 0x0, 0x7, 0xfd, 0xbb, 0xbb, 0xbb,
    0x10, 0x0, 0x8f, 0x80, 0x0, 0x7f, 0xff, 0xff,
    0xff, 0xf2, 0x0, 0xf, 0xf1, 0x0, 0x7, 0xf7,
    0x0, 0x0, 0x0, 0x0, 0x7, 0xff, 0xff, 0xff,
    0xff, 0x70, 0x0, 0x0, 0x0, 0x0, 0xef, 0xcc,
    0xcc, 0xcd, 0xf7, 0x0, 0x0, 0x0, 0x0, 0x6f,
    0xa0, 0x0, 0x0, 0x7f, 0x70, 0x0, 0x0, 0x0,
    0xd, 0xf3, 0x0, 0x0, 0x7, 0xf7, 0x0, 0x0,
    0x0, 0x5, 0xfc, 0x0, 0x0, 0x0, 0x7f, 0xdc,
    0xcc, 0xcc, 0xca, 0xcf, 0x40, 0x0, 0x0, 0x7,
    0xff, 0xff, 0xff, 0xff, 0xe0,

    /* U+01FD "ǽ" */
    0x0, 0x0, 0x0, 0x0, 0x7f, 0xa0, 0x0, 0x0,
    0x0, 0x0, 0x0, 0x0, 0xe, 0xd0, 0x0, 0x0,
    0x0, 0x0, 0x0, 0x0, 0x4, 0xd3, 0x0, 0x0,
    0x0, 0x0, 0x0, 0x0, 0x0, 0x0, 0x0, 0x0,
    0x0, 0x0, 0x0, 0x2a, 0xef, 0xeb, 0x31, 0x9e,
    0xfd, 0x70, 0x0, 0x3f, 0xe9, 0x8a, 0xff, 0xdf,
    0xa8, 0xbf, 0xb0, 0xb, 0xf2, 0x0, 0x7, 0xff,
    0x40, 0x0, 0x8f, 0x50, 0x55, 0x0, 0x0, 0x4f,
    0xb0, 0x0, 0x0, 0xfb, 0x0, 0x0, 0x36, 0x9d,
    0xfc, 0x88, 0x88, 0x8e, 0xe0, 0x1a, 0xff, 0xfe,
    0xbf, 0xff, 0xff, 0xff, 0xff, 0xd, 0xf8, 0x30,
    0x4, 0xf8, 0x0, 0x0, 0x0, 0x3, 0xfa, 0x0,
    0x0, 0x6f, 0xa0, 0x0, 0x0, 0x97, 0x3f, 0xc0,
    0x0, 0x1d, 0xff, 0x30, 0x0, 0x7f, 0x80, 0xcf,
    0xc8, 0xaf, 0xd4, 0xef, 0xb8, 0xbf, 0xd1, 0x1,
    0xae, 0xfd, 0x70, 0x1, 0x9e, 0xfd, 0x81, 0x0,

    /* U+01FE "Ǿ" */
    0x0, 0x0, 0x0, 0x2, 0xdb, 0x0, 0x0, 0x0,
    0x0, 0x0, 0x0, 0xaf, 0x40, 0x0, 0x0, 0x0,
    0x0, 0x0, 0x1f, 0x70, 0x0, 0x0, 0x0, 0x0,
    0x0, 0x0, 0x0, 0x0, 0x0, 0x10, 0x0, 0x0,
    0x39, 0xdf, 0xfc, 0x60, 0xd, 0x90, 0x0, 0x8f,
    0xfd, 0xbc, 0xff, 0xdb, 0xe1, 0x0, 0x7f, 0xe4,
    0x0, 0x0, 0x8f, 0xf4, 0x0, 0x2f, 0xe2, 0x0,
    0x0, 0x7, 0xff, 0xb0, 0x9, 0xf7, 0x0, 0x0,
    0x5, 0xf6, 0xef, 0x20, 0xdf, 0x20, 0x0, 0x4,
    0xf7, 0x9, 0xf6, 0xf, 0xf0, 0x0, 0x2, 0xf9,
    0x0, 0x7f, 0x90, 0xfe, 0x0, 0x1, 0xeb, 0x0,
    0x5, 0xf9, 0xf, 0xf0, 0x0, 0xdc, 0x0, 0x0,
    0x6f, 0x90, 0xdf, 0x20, 0xbd, 0x10, 0x0, 0x9,
    0xf6, 0x8, 0xf8, 0xae, 0x20, 0x0, 0x0, 0xef,
    0x20, 0x1f, 0xff, 0x30, 0x0, 0x0, 0x7f, 0xb0,
    0x0, 0xaf, 0xe4, 0x0, 0x0, 0x8f, 0xe2, 0x0,
    0x5f, 0xaf, 0xfd, 0xbc, 0xff, 0xe3, 0x0, 0xe,
    0x80, 0x29, 0xdf, 0xfc, 0x70, 0x0, 0x0, 0x10,
    0x0, 0x0, 0x0, 0x0, 0x0, 0x0,

    /* U+01FF "ǿ" */
    0x0, 0x0, 0xe, 0xf4, 0x0, 0x0, 0x0, 0x5f,
    0x70, 0x0, 0x0, 0x0, 0xaa, 0x0, 0x0, 0x0,
    0x0, 0x0, 0x0, 0x11, 0x0, 0x4b, 0xfe, 0xc5,
    0xb9, 0x6, 0xfe, 0x98, 0xdf, 0xf1, 0x1f, 0xe1,
    0x0, 0x4f, 0xf5, 0x7f, 0x60, 0x1, 0xe9, 0xfb,
    0xaf, 0x20, 0xc, 0xa0, 0xee, 0xbf, 0x10, 0x8d,
    0x0, 0xdf, 0xaf, 0x24, 0xf3, 0x0, 0xfe, 0x7f,
    0x8e, 0x60, 0x2, 0xfb, 0x1f, 0xfa, 0x0, 0xb,
    0xf6, 0xb, 0xff, 0x98, 0xdf, 0xa0, 0x4f, 0x5b,
    0xef, 0xc6, 0x0, 0x4, 0x0, 0x0, 0x0, 0x0,

    /* U+0200 "Ȁ" */
    0x0, 0x2, 0xdc, 0x1b, 0xd4, 0x0, 0x0, 0x0,
    0x0, 0x7, 0xf6, 0x3f, 0xb0, 0x0, 0x0, 0x0,
    0x0, 0xb, 0xd0, 0x6f, 0x20, 0x0, 0x0, 0x0,
    0x0, 0x0, 0x0, 0x0, 0x0, 0x0, 0x0, 0x0,
    0x0, 0xbf, 0xb0, 0x0, 0x0, 0x0, 0x0, 0x0,
    0x1f, 0xff, 0x10, 0x0, 0x0, 0x0, 0x0, 0x6,
    0xf7, 0xf7, 0x0, 0x0, 0x0, 0x0, 0x0, 0xce,
    0xf, 0xd0, 0x0, 0x0, 0x0, 0x0, 0x2f, 0xa0,
    0xaf, 0x40, 0x0, 0x0, 0x0, 0x8, 0xf5, 0x4,
    0xfa, 0x0, 0x0, 0x0, 0x0, 0xef, 0x0, 0xe,
    0xf1, 0x0, 0x0, 0x0, 0x4f, 0xa0, 0x0, 0x9f,
    0x60, 0x0, 0x0, 0xa, 0xf4, 0x0, 0x3, 0xfd,
    0x0, 0x0, 0x0, 0xff, 0xff, 0xff, 0xff, 0xf3,
    0x0, 0x0, 0x5f, 0xc9, 0x99, 0x99, 0xbf, 0x90,
    0x0, 0xb, 0xf3, 0x0, 0x0, 0x1, 0xff, 0x0,
    0x1, 0xfd, 0x0, 0x0, 0x0, 0xb, 0xf6, 0x0,
    0x7f, 0x80, 0x0, 0x0, 0x0, 0x5f, 0xc0, 0xd,
    0xf2, 0x0, 0x0, 0x0, 0x0, 0xef, 0x20,

    /* U+0201 "ȁ" */
    0x0, 0xdf, 0x49, 0xf8, 0x0, 0x0, 0x2, 0xfb,
    0xd, 0xf0, 0x0, 0x0, 0x6, 0xd1, 0x2d, 0x50,
    0x0, 0x0, 0x0, 0x0, 0x0, 0x0, 0x0, 0x29,
    0xdf, 0xec, 0x50, 0x0, 0x2f, 0xf9, 0x89, 0xff,
    0x50, 0xa, 0xf3, 0x0, 0x4, 0xfa, 0x0, 0x46,
    0x0, 0x0, 0xf, 0xb0, 0x0, 0x1, 0x46, 0x9c,
    0xfb, 0x0, 0x1b, 0xff, 0xfe, 0x9f, 0xc0, 0xc,
    0xf9, 0x41, 0x0, 0xfc, 0x2, 0xfb, 0x0, 0x0,
    0x3f, 0xc0, 0x2f, 0xc0, 0x0, 0xb, 0xfc, 0x0,
    0xcf, 0xb7, 0x8e, 0xde, 0xd0, 0x1, 0x9e, 0xfd,
    0x70, 0xaf, 0x10,

    /* U+0202 "Ȃ" */
    0x0, 0x0, 0x0, 0x0, 0x0, 0x0, 0x0, 0x0,
    0x0, 0x0, 0x5d, 0xfd, 0x50, 0x0, 0x0, 0x0,
    0x0, 0x1f, 0x73, 0x7f, 0x20, 0x0, 0x0, 0x0,
    0x1, 0x30, 0x0, 0x31, 0x0, 0x0, 0x0, 0x0,
    0x0, 0xbf, 0xb0, 0x0, 0x0, 0x0, 0x0, 0x0,
    0x1f, 0xff, 0x10, 0x0, 0x0, 0x0, 0x0, 0x6,
    0xf7, 0xf7, 0x0, 0x0, 0x0, 0x0, 0x0, 0xce,
    0xf, 0xd0, 0x0, 0x0, 0x0, 0x0, 0x2f, 0xa0,
    0xaf, 0x40, 0x0, 0x0, 0x0, 0x8, 0xf5, 0x4,
    0xfa, 0x0, 0x0, 0x0, 0x0, 0xef, 0x0, 0xe,
    0xf1, 0x0, 0x0, 0x0, 0x4f, 0xa0, 0x0, 0x9f,
    0x60, 0x0, 0x0, 0xa, 0xf4, 0x0, 0x3, 0xfd,
    0x0, 0x0, 0x0, 0xff, 0xff, 0xff, 0xff, 0xf3,
    0x0, 0x0, 0x5f, 0xc9, 0x99, 0x99, 0xbf, 0x90,
    0x0, 0xb, 0xf3, 0x0, 0x0, 0x1, 0xff, 0x0,
    0x1, 0xfd, 0x0, 0x0, 0x0, 0xb, 0xf6, 0x0,
    0x7f, 0x80, 0x0, 0x0, 0x0, 0x5f, 0xc0, 0xd,
    0xf2, 0x0, 0x0, 0x0, 0x0, 0xef, 0x20,

    /* U+0203 "ȃ" */
    0x0, 0x1, 0xbf, 0xd6, 0x0, 0x0, 0x0, 0xcb,
    0x47, 0xf4, 0x0, 0x0, 0xa, 0x10, 0x6, 0x50,
    0x0, 0x0, 0x0, 0x0, 0x0, 0x0, 0x0, 0x29,
    0xdf, 0xec, 0x50, 0x0, 0x2f, 0xf9, 0x89, 0xff,
    0x50, 0xa, 0xf3, 0x0, 0x4, 0xfa, 0x0, 0x46,
    0x0, 0x0, 0xf, 0xb0, 0x0, 0x1, 0x46, 0x9c,
    0xfb, 0x0, 0x1b, 0xff, 0xfe, 0x9f, 0xc0, 0xc,
    0xf9, 0x41, 0x0, 0xfc, 0x2, 0xfb, 0x0, 0x0,
    0x3f, 0xc0, 0x2f, 0xc0, 0x0, 0xb, 0xfc, 0x0,
    0xcf, 0xb7, 0x8e, 0xde, 0xd0, 0x1, 0x9e, 0xfd,
    0x70, 0xaf, 0x10,

    /* U+0204 "Ȅ" */
    0x0, 0xbd, 0x47, 0xd8, 0x0, 0x0, 0x0, 0x3f,
    0xb0, 0xdf, 0x10, 0x0, 0x0, 0x6, 0xf3, 0x2f,
    0x70, 0x0, 0x0, 0x0, 0x0, 0x0, 0x0, 0x0,
    0x6f, 0xff, 0xff, 0xff, 0xff, 0xf0, 0x6f, 0xec,
    0xcc, 0xcc, 0xcc, 0xb0, 0x6f, 0x70, 0x0, 0x0,
    0x0, 0x0, 0x6f, 0x70, 0x0, 0x0, 0x0, 0x0,
    0x6f, 0x70, 0x0, 0x0, 0x0, 0x0, 0x6f, 0x70,
    0x0, 0x0, 0x0, 0x0, 0x6f, 0xec, 0xcc, 0xcc,
    0xcc, 0x40, 0x6f, 0xff, 0xff, 0xff, 0xff, 0x60,
    0x6f, 0x70, 0x0, 0x0, 0x0, 0x0, 0x6f, 0x70,
    0x0, 0x0, 0x0, 0x0, 0x6f, 0x70, 0x0, 0x0,
    0x0, 0x0, 0x6f, 0x70, 0x0, 0x0, 0x0, 0x0,
    0x6f, 0x70, 0x0, 0x0, 0x0, 0x0, 0x6f, 0xec,
    0xcc, 0xcc, 0xcc, 0xc3, 0x6f, 0xff, 0xff, 0xff,
    0xff, 0xf4,

    /* U+0205 "ȅ" */
    0x0, 0xdf, 0x49, 0xf8, 0x0, 0x0, 0x2, 0xfb,
    0xd, 0xf0, 0x0, 0x0, 0x6, 0xd1, 0x2d, 0x50,
    0x0, 0x0, 0x0, 0x0, 0x0, 0x0, 0x0, 0x8,
    0xdf, 0xe9, 0x10, 0x0, 0xd, 0xfc, 0x8a, 0xfe,
    0x10, 0x8, 0xf8, 0x0, 0x4, 0xfb, 0x0, 0xee,
    0x0, 0x0, 0xb, 0xf1, 0x2f, 0xd8, 0x88, 0x88,
    0xcf, 0x43, 0xff, 0xff, 0xff, 0xff, 0xf5, 0x2f,
    0xa0, 0x0, 0x0, 0x0, 0x0, 0xfe, 0x0, 0x0,
    0x6, 0x71, 0x9, 0xf8, 0x0, 0x3, 0xfe, 0x0,
    0x1d, 0xfc, 0x8a, 0xff, 0x40, 0x0, 0x18, 0xdf,
    0xea, 0x30, 0x0,

    /* U+0206 "Ȇ" */
    0x0, 0x0, 0x0, 0x0, 0x0, 0x0, 0x0, 0x0,
    0xaf, 0xfa, 0x10, 0x0, 0x0, 0x9, 0xd4, 0x4c,
    0xa0, 0x0, 0x0, 0x3, 0x10, 0x1, 0x30, 0x0,
    0x6f, 0xff, 0xff, 0xff, 0xff, 0xf0, 0x6f, 0xec,
    0xcc, 0xcc, 0xcc, 0xb0, 0x6f, 0x70, 0x0, 0x0,
    0x0, 0x0, 0x6f, 0x70, 0x0, 0x0, 0x0, 0x0,
    0x6f, 0x70, 0x0, 0x0, 0x0, 0x0, 0x6f, 0x70,
    0x0, 0x0, 0x0, 0x0, 0x6f, 0xec, 0xcc, 0xcc,
    0xcc, 0x40, 0x6f, 0xff, 0xff, 0xff, 0xff, 0x60,
    0x6f, 0x70, 0x0, 0x0, 0x0, 0x0, 0x6f, 0x70,
    0x0, 0x0, 0x0, 0x0, 0x6f, 0x70, 0x0, 0x0,
    0x0, 0x0, 0x6f, 0x70, 0x0, 0x0, 0x0, 0x0,
    0x6f, 0x70, 0x0, 0x0, 0x0, 0x0, 0x6f, 0xec,
    0xcc, 0xcc, 0xcc, 0xc3, 0x6f, 0xff, 0xff, 0xff,
    0xff, 0xf4,

    /* U+0207 "ȇ" */
    0x0, 0x3, 0xcf, 0xd4, 0x0, 0x0, 0x0, 0xe9,
    0x49, 0xf2, 0x0, 0x0, 0x29, 0x0, 0x8, 0x30,
    0x0, 0x0, 0x0, 0x0, 0x0, 0x0, 0x0, 0x8,
    0xdf, 0xe9, 0x10, 0x0, 0xd, 0xfc, 0x8a, 0xfe,
    0x10, 0x8, 0xf8, 0x0, 0x4, 0xfb, 0x0, 0xee,
    0x0, 0x0, 0xb, 0xf1, 0x2f, 0xd8, 0x88, 0x88,
    0xcf, 0x43, 0xff, 0xff, 0xff, 0xff, 0xf5, 0x2f,
    0xa0, 0x0, 0x0, 0x0, 0x0, 0xfe, 0x0, 0x0,
    0x6, 0x71, 0x9, 0xf8, 0x0, 0x3, 0xfe, 0x0,
    0x1d, 0xfc, 0x8a, 0xff, 0x40, 0x0, 0x18, 0xdf,
    0xea, 0x30, 0x0,

    /* U+0208 "Ȉ" */
    0xa, 0xd5, 0x6d, 0x90, 0x2, 0xfd, 0xc, 0xf2,
    0x0, 0x5f, 0x41, 0xe9, 0x0, 0x0, 0x0, 0x0,
    0x0, 0x2, 0xfb, 0x0, 0x0, 0x2, 0xfb, 0x0,
    0x0, 0x2, 0xfb, 0x0, 0x0, 0x2, 0xfb, 0x0,
    0x0, 0x2, 0xfb, 0x0, 0x0, 0x2, 0xfb, 0x0,
    0x0, 0x2, 0xfb, 0x0, 0x0, 0x2, 0xfb, 0x0,
    0x0, 0x2, 0xfb, 0x0, 0x0, 0x2, 0xfb, 0x0,
    0x0, 0x2, 0xfb, 0x0, 0x0, 0x2, 0xfb, 0x0,
    0x0, 0x2, 0xfb, 0x0, 0x0, 0x2, 0xfb, 0x0,
    0x0, 0x2, 0xfb, 0x0,

    /* U+0209 "ȉ" */
    0xa, 0xf7, 0x6f, 0xc0, 0x0, 0xde, 0x9, 0xf3,
    0x0, 0x3d, 0x40, 0xc8, 0x0, 0x0, 0x0, 0x0,
    0x0, 0x1, 0xfa, 0x0, 0x0, 0x1, 0xfa, 0x0,
    0x0, 0x1, 0xfa, 0x0, 0x0, 0x1, 0xfa, 0x0,
    0x0, 0x1, 0xfa, 0x0, 0x0, 0x1, 0xfa, 0x0,
    0x0, 0x1, 0xfa, 0x0, 0x0, 0x1, 0xfa, 0x0,
    0x0, 0x1, 0xfa, 0x0, 0x0, 0x1, 0xfa, 0x0,
    0x0, 0x1, 0xfa, 0x0,

    /* U+020A "Ȋ" */
    0x0, 0x0, 0x0, 0x0, 0x2b, 0xfe, 0x90, 0xc,
    0xa4, 0x5e, 0x70, 0x40, 0x0, 0x22, 0x0, 0x2f,
    0xb0, 0x0, 0x2, 0xfb, 0x0, 0x0, 0x2f, 0xb0,
    0x0, 0x2, 0xfb, 0x0, 0x0, 0x2f, 0xb0, 0x0,
    0x2, 0xfb, 0x0, 0x0, 0x2f, 0xb0, 0x0, 0x2,
    0xfb, 0x0, 0x0, 0x2f, 0xb0, 0x0, 0x2, 0xfb,
    0x0, 0x0, 0x2f, 0xb0, 0x0, 0x2, 0xfb, 0x0,
    0x0, 0x2f, 0xb0, 0x0, 0x2, 0xfb, 0x0, 0x0,
    0x2f, 0xb0, 0x0,

    /* U+020B "ȋ" */
    0x1, 0xbf, 0xe7, 0x0, 0xcb, 0x46, 0xf5, 0x8,
    0x10, 0x5, 0x50, 0x0, 0x0, 0x0, 0x0, 0x1f,
    0xa0, 0x0, 0x1, 0xfa, 0x0, 0x0, 0x1f, 0xa0,
    0x0, 0x1, 0xfa, 0x0, 0x0, 0x1f, 0xa0, 0x0,
    0x1, 0xfa, 0x0, 0x0, 0x1f, 0xa0, 0x0, 0x1,
    0xfa, 0x0, 0x0, 0x1f, 0xa0, 0x0, 0x1, 0xfa,
    0x0, 0x0, 0x1f, 0xa0, 0x0,

    /* U+020C "Ȍ" */
    0x0, 0x2, 0xdc, 0x1b, 0xd4, 0x0, 0x0, 0x0,
    0x0, 0x7, 0xf7, 0x3f, 0xb0, 0x0, 0x0, 0x0,
    0x0, 0xb, 0xe0, 0x6f, 0x30, 0x0, 0x0, 0x0,
    0x0, 0x0, 0x0, 0x0, 0x0, 0x0, 0x0, 0x0,
    0x39, 0xdf, 0xec, 0x70, 0x0, 0x0, 0x0, 0x8f,
    0xfd, 0xbc, 0xff, 0xe2, 0x0, 0x0, 0x7f, 0xe4,
    0x0, 0x0, 0x8f, 0xe1, 0x0, 0x2f, 0xe1, 0x0,
    0x0, 0x0, 0x8f, 0xb0, 0x9, 0xf7, 0x0, 0x0,
    0x0, 0x0, 0xef, 0x20, 0xdf, 0x20, 0x0, 0x0,
    0x0, 0x9, 0xf6, 0xf, 0xf0, 0x0, 0x0, 0x0,
    0x0, 0x6f, 0x80, 0xfe, 0x0, 0x0, 0x0, 0x0,
    0x5, 0xf9, 0xf, 0xf0, 0x0, 0x0, 0x0, 0x0,
    0x6f, 0x90, 0xdf, 0x10, 0x0, 0x0, 0x0, 0x9,
    0xf6, 0x9, 0xf7, 0x0, 0x0, 0x0, 0x0, 0xef,
    0x20, 0x2f, 0xf2, 0x0, 0x0, 0x0, 0x7f, 0xb0,
    0x0, 0x7f, 0xe4, 0x0, 0x0, 0x8f, 0xe2, 0x0,
    0x0, 0x7f, 0xfd, 0xbc, 0xff, 0xe3, 0x0, 0x0,
    0x0, 0x39, 0xdf, 0xfc, 0x70, 0x0, 0x0,

    /* U+020D "ȍ" */
    0x2, 0xff, 0x1c, 0xf5, 0x0, 0x0, 0x6, 0xf7,
    0x2f, 0xc0, 0x0, 0x0, 0x9, 0xc0, 0x5d, 0x20,
    0x0, 0x0, 0x0, 0x0, 0x0, 0x0, 0x0, 0x18,
    0xef, 0xe9, 0x10, 0x0, 0x1e, 0xfb, 0x8b, 0xfe,
    0x20, 0xa, 0xf6, 0x0, 0x5, 0xfc, 0x0, 0xfd,
    0x0, 0x0, 0xb, 0xf2, 0x3f, 0x90, 0x0, 0x0,
    0x7f, 0x54, 0xf8, 0x0, 0x0, 0x6, 0xf6, 0x3f,
    0xa0, 0x0, 0x0, 0x8f, 0x50, 0xfd, 0x0, 0x0,
    0xc, 0xf2, 0xb, 0xf7, 0x0, 0x4, 0xfc, 0x0,
    0x1e, 0xfc, 0x8a, 0xfe, 0x20, 0x0, 0x18, 0xdf,
    0xe9, 0x10, 0x0,

    /* U+020E "Ȏ" */
    0x0, 0x0, 0x0, 0x0, 0x0, 0x0, 0x0, 0x0,
    0x0, 0x0, 0x1a, 0xfe, 0x50, 0x0, 0x0, 0x0,
    0x0, 0xa, 0xc4, 0x7f, 0x30, 0x0, 0x0, 0x0,
    0x0, 0xf3, 0x0, 0xb8, 0x0, 0x0, 0x0, 0x0,
    0x1, 0x0, 0x0, 0x0, 0x0, 0x0, 0x0, 0x3,
    0x9d, 0xfe, 0xc7, 0x0, 0x0, 0x0, 0x8, 0xff,
    0xdb, 0xcf, 0xfe, 0x20, 0x0, 0x7, 0xfe, 0x40,
    0x0, 0x8, 0xfe, 0x10, 0x2, 0xfe, 0x10, 0x0,
    0x0, 0x8, 0xfb, 0x0, 0x9f, 0x70, 0x0, 0x0,
    0x0, 0xe, 0xf2, 0xd, 0xf2, 0x0, 0x0, 0x0,
    0x0, 0x9f, 0x60, 0xff, 0x0, 0x0, 0x0, 0x0,
    0x6, 0xf8, 0xf, 0xe0, 0x0, 0x0, 0x0, 0x0,
    0x5f, 0x90, 0xff, 0x0, 0x0, 0x0, 0x0, 0x6,
    0xf9, 0xd, 0xf1, 0x0, 0x0, 0x0, 0x0, 0x9f,
    0x60, 0x9f, 0x70, 0x0, 0x0, 0x0, 0xe, 0xf2,
    0x2, 0xff, 0x20, 0x0, 0x0, 0x7, 0xfb, 0x0,
    0x7, 0xfe, 0x40, 0x0, 0x8, 0xfe, 0x20, 0x0,
    0x7, 0xff, 0xdb, 0xcf, 0xfe, 0x30, 0x0, 0x0,
    0x3, 0x9d, 0xff, 0xc7, 0x0, 0x0,

    /* U+020F "ȏ" */
    0x0, 0x3, 0xcf, 0xd4, 0x0, 0x0, 0x0, 0xea,
    0x48, 0xf2, 0x0, 0x0, 0x2a, 0x0, 0x8, 0x40,
    0x0, 0x0, 0x0, 0x0, 0x0, 0x0, 0x0, 0x18,
    0xef, 0xe9, 0x10, 0x0, 0x1e, 0xfb, 0x8b, 0xfe,
    0x20, 0xa, 0xf6, 0x0, 0x5, 0xfc, 0x0, 0xfd,
    0x0, 0x0, 0xb, 0xf2, 0x3f, 0x90, 0x0, 0x0,
    0x7f, 0x54, 0xf8, 0x0, 0x0, 0x6, 0xf6, 0x3f,
    0xa0, 0x0, 0x0, 0x8f, 0x50, 0xfd, 0x0, 0x0,
    0xc, 0xf2, 0xb, 0xf7, 0x0, 0x4, 0xfc, 0x0,
    0x1e, 0xfc, 0x8a, 0xfe, 0x20, 0x0, 0x18, 0xdf,
    0xe9, 0x10, 0x0,

    /* U+0210 "Ȑ" */
    0x0, 0xcd, 0x29, 0xd6, 0x0, 0x0, 0x0, 0x0,
    0x4f, 0x91, 0xee, 0x0, 0x0, 0x0, 0x0, 0x8,
    0xf1, 0x3f, 0x50, 0x0, 0x0, 0x0, 0x0, 0x0,
    0x0, 0x0, 0x0, 0x0, 0x6f, 0xff, 0xff, 0xff,
    0xea, 0x20, 0x0, 0x6f, 0xda, 0xaa, 0xab, 0xef,
    0xf2, 0x0, 0x6f, 0x80, 0x0, 0x0, 0xa, 0xfa,
    0x0, 0x6f, 0x80, 0x0, 0x0, 0x1, 0xff, 0x0,
    0x6f, 0x80, 0x0, 0x0, 0x0, 0xff, 0x0, 0x6f,
    0x80, 0x0, 0x0, 0x3, 0xfd, 0x0, 0x6f, 0x80,
    0x0, 0x0, 0x4d, 0xf7, 0x0, 0x6f, 0xff, 0xff,
    0xff, 0xff, 0x80, 0x0, 0x6f, 0xec, 0xcd, 0xff,
    0x91, 0x0, 0x0, 0x6f, 0x80, 0x0, 0x3e, 0xf5,
    0x0, 0x0, 0x6f, 0x80, 0x0, 0x3, 0xff, 0x40,
    0x0, 0x6f, 0x80, 0x0, 0x0, 0x6f, 0xe0, 0x0,
    0x6f, 0x80, 0x0, 0x0, 0xc, 0xf9, 0x0, 0x6f,
    0x80, 0x0, 0x0, 0x2, 0xff, 0x30, 0x6f, 0x80,
    0x0, 0x0, 0x0, 0x7f, 0xd0,

    /* U+0211 "ȑ" */
    0x5f, 0xc1, 0xef, 0x10, 0x9, 0xf4, 0x4f, 0x80,
    0x0, 0xb9, 0x8, 0xc0, 0x0, 0x0, 0x0, 0x0,
    0xb, 0xe3, 0xdf, 0x90, 0xb, 0xee, 0xcb, 0x80,
    0xb, 0xfa, 0x0, 0x0, 0xb, 0xf3, 0x0, 0x0,
    0xb, 0xf1, 0x0, 0x0, 0xb, 0xf0, 0x0, 0x0,
    0xb, 0xf0, 0x0, 0x0, 0xb, 0xf0, 0x0, 0x0,
    0xb, 0xf0, 0x0, 0x0, 0xb, 0xf0, 0x0, 0x0,
    0xb, 0xf0, 0x0, 0x0,

    /* U+0212 "Ȓ" */
    0x0, 0x0, 0x0, 0x0, 0x0, 0x0, 0x0, 0x0,
    0x3, 0xcf, 0xe8, 0x0, 0x0, 0x0, 0x0, 0xe,
    0x93, 0x5e, 0x50, 0x0, 0x0, 0x0, 0x4, 0x0,
    0x2, 0x20, 0x0, 0x0, 0x6f, 0xff, 0xff, 0xff,
    0xea, 0x20, 0x0, 0x6f, 0xda, 0xaa, 0xab, 0xef,
    0xf2, 0x0, 0x6f, 0x80, 0x0, 0x0, 0xa, 0xfa,
    0x0, 0x6f, 0x80, 0x0, 0x0, 0x1, 0xff, 0x0,
    0x6f, 0x80, 0x0, 0x0, 0x0, 0xff, 0x0, 0x6f,
    0x80, 0x0, 0x0, 0x3, 0xfd, 0x0, 0x6f, 0x80,
    0x0, 0x0, 0x4d, 0xf7, 0x0, 0x6f, 0xff, 0xff,
    0xff, 0xff, 0x80, 0x0, 0x6f, 0xec, 0xcd, 0xff,
    0x91, 0x0, 0x0, 0x6f, 0x80, 0x0, 0x3e, 0xf5,
    0x0, 0x0, 0x6f, 0x80, 0x0, 0x3, 0xff, 0x40,
    0x0, 0x6f, 0x80, 0x0, 0x0, 0x6f, 0xe0, 0x0,
    0x6f, 0x80, 0x0, 0x0, 0xc, 0xf9, 0x0, 0x6f,
    0x80, 0x0, 0x0, 0x2, 0xff, 0x30, 0x6f, 0x80,
    0x0, 0x0, 0x0, 0x7f, 0xd0,

    /* U+0213 "ȓ" */
    0x3, 0xcf, 0xd5, 0x0, 0xea, 0x47, 0xf3, 0x18,
    0x0, 0x6, 0x30, 0x0, 0x0, 0x0, 0xb, 0xe3,
    0xdf, 0x90, 0xbe, 0xec, 0xb8, 0xb, 0xfa, 0x0,
    0x0, 0xbf, 0x30, 0x0, 0xb, 0xf1, 0x0, 0x0,
    0xbf, 0x0, 0x0, 0xb, 0xf0, 0x0, 0x0, 0xbf,
    0x0, 0x0, 0xb, 0xf0, 0x0, 0x0, 0xbf, 0x0,
    0x0, 0xb, 0xf0, 0x0, 0x0,

    /* U+0214 "Ȕ" */
    0x0, 0x5d, 0xa1, 0xdd, 0x10, 0x0, 0x0, 0xb,
    0xf3, 0x6f, 0x80, 0x0, 0x0, 0x1, 0xda, 0xa,
    0xe0, 0x0, 0x0, 0x0, 0x0, 0x0, 0x0, 0x0,
    0x6f, 0x70, 0x0, 0x0, 0x1, 0xfd, 0x6f, 0x70,
    0x0, 0x0, 0x1, 0xfd, 0x6f, 0x70, 0x0, 0x0,
    0x1, 0xfd, 0x6f, 0x70, 0x0, 0x0, 0x1, 0xfd,
    0x6f, 0x70, 0x0, 0x0, 0x1, 0xfd, 0x6f, 0x70,
    0x0, 0x0, 0x1, 0xfd, 0x6f, 0x70, 0x0, 0x0,
    0x1, 0xfd, 0x6f, 0x70, 0x0, 0x0, 0x1, 0xfd,
    0x6f, 0x70, 0x0, 0x0, 0x1, 0xfd, 0x5f, 0x80,
    0x0, 0x0, 0x1, 0xfc, 0x4f, 0x90, 0x0, 0x0,
    0x3, 0xfb, 0x1f, 0xe0, 0x0, 0x0, 0x8, 0xf8,
    0xb, 0xfa, 0x10, 0x0, 0x5f, 0xf2, 0x1, 0xef,
    0xfd, 0xce, 0xff, 0x60, 0x0, 0x18, 0xdf, 0xfe,
    0xa3, 0x0,

    /* U+0215 "ȕ" */
    0xd, 0xf4, 0x9f, 0x80, 0x0, 0x2f, 0xb0, 0xdf,
    0x0, 0x0, 0x6d, 0x12, 0xd5, 0x0, 0x0, 0x0,
    0x0, 0x0, 0xbf, 0x10, 0x0, 0xf, 0xbb, 0xf1,
    0x0, 0x0, 0xfb, 0xbf, 0x10, 0x0, 0xf, 0xbb,
    0xf1, 0x0, 0x0, 0xfb, 0xbf, 0x10, 0x0, 0xf,
    0xbb, 0xf1, 0x0, 0x0, 0xfb, 0xaf, 0x10, 0x0,
    0x1f, 0xba, 0xf2, 0x0, 0x3, 0xfb, 0x7f, 0x70,
    0x0, 0xbf, 0xb2, 0xff, 0xba, 0xec, 0xdb, 0x3,
    0xbf, 0xe9, 0x1d, 0xb0,

    /* U+0216 "Ȗ" */
    0x0, 0x0, 0x0, 0x0, 0x0, 0x0, 0x0, 0x0,
    0x6e, 0xfb, 0x10, 0x0, 0x0, 0x4, 0xf6, 0x4c,
    0xb0, 0x0, 0x0, 0x7, 0x90, 0x2, 0xd0, 0x0,
    0x0, 0x0, 0x0, 0x0, 0x0, 0x0, 0x6f, 0x70,
    0x0, 0x0, 0x1, 0xfd, 0x6f, 0x70, 0x0, 0x0,
    0x1, 0xfd, 0x6f, 0x70, 0x0, 0x0, 0x1, 0xfd,
    0x6f, 0x70, 0x0, 0x0, 0x1, 0xfd, 0x6f, 0x70,
    0x0, 0x0, 0x1, 0xfd, 0x6f, 0x70, 0x0, 0x0,
    0x1, 0xfd, 0x6f, 0x70, 0x0, 0x0, 0x1, 0xfd,
    0x6f, 0x70, 0x0, 0x0, 0x1, 0xfd, 0x6f, 0x70,
    0x0, 0x0, 0x1, 0xfd, 0x5f, 0x80, 0x0, 0x0,
    0x1, 0xfc, 0x4f, 0x90, 0x0, 0x0, 0x3, 0xfb,
    0x1f, 0xe0, 0x0, 0x0, 0x8, 0xf8, 0xb, 0xfa,
    0x10, 0x0, 0x5f, 0xf2, 0x1, 0xef, 0xfd, 0xce,
    0xff, 0x60, 0x0, 0x18, 0xdf, 0xfe, 0xa3, 0x0,

    /* U+0217 "ȗ" */
    0x0, 0x4c, 0xfd, 0x40, 0x0, 0x1f, 0x84, 0x8f,
    0x10, 0x2, 0x70, 0x0, 0x72, 0x0, 0x0, 0x0,
    0x0, 0x0, 0xbf, 0x10, 0x0, 0xf, 0xbb, 0xf1,
    0x0, 0x0, 0xfb, 0xbf, 0x10, 0x0, 0xf, 0xbb,
    0xf1, 0x0, 0x0, 0xfb, 0xbf, 0x10, 0x0, 0xf,
    0xbb, 0xf1, 0x0, 0x0, 0xfb, 0xaf, 0x10, 0x0,
    0x1f, 0xba, 0xf2, 0x0, 0x3, 0xfb, 0x7f, 0x70,
    0x0, 0xbf, 0xb2, 0xff, 0xba, 0xec, 0xdb, 0x3,
    0xbf, 0xe9, 0x1d, 0xb0,

    /* U+0218 "Ș" */
    0x0, 0x6c, 0xef, 0xe9, 0x20, 0x0, 0xbf, 0xff,
    0xff, 0xff, 0x40, 0x5f, 0xf7, 0x10, 0x2b, 0xff,
    0x19, 0xfb, 0x0, 0x0, 0xd, 0xf7, 0x8f, 0xb0,
    0x0, 0x0, 0x47, 0x53, 0xff, 0xb4, 0x0, 0x0,
    0x0, 0x3, 0xcf, 0xff, 0xc7, 0x10, 0x0, 0x0,
    0x27, 0xbf, 0xff, 0x90, 0x0, 0x0, 0x0, 0x6,
    0xef, 0x89, 0xb4, 0x0, 0x0, 0x5, 0xfe, 0xaf,
    0xb0, 0x0, 0x0, 0x4f, 0xf3, 0xff, 0xa2, 0x0,
    0x4d, 0xfb, 0x6, 0xff, 0xff, 0xff, 0xfe, 0x20,
    0x2, 0x9d, 0xff, 0xd8, 0x10, 0x0, 0x0, 0x0,
    0x0, 0x0, 0x0, 0x0, 0x6, 0xfc, 0x0, 0x0,
    0x0, 0x0, 0x6f, 0xc0, 0x0, 0x0, 0x0, 0x0,
    0xe6, 0x0, 0x0, 0x0, 0x0, 0x8d, 0x0, 0x0,
    0x0,

    /* U+0219 "ș" */
    0x0, 0x2a, 0xef, 0xea, 0x20, 0x3, 0xff, 0xed,
    0xff, 0xe2, 0xa, 0xfb, 0x0, 0xb, 0xf9, 0xb,
    0xf8, 0x0, 0x3, 0x87, 0x7, 0xfe, 0x73, 0x0,
    0x0, 0x0, 0x8e, 0xff, 0xfc, 0x50, 0x0, 0x0,
    0x37, 0xbf, 0xf7, 0xa, 0xa1, 0x0, 0x7, 0xfc,
    0xe, 0xf9, 0x0, 0x9, 0xfc, 0x5, 0xff, 0xfd,
    0xef, 0xf5, 0x0, 0x3a, 0xef, 0xeb, 0x40, 0x0,
    0x0, 0x0, 0x0, 0x0, 0x0, 0x0, 0x9f, 0x90,
    0x0, 0x0, 0x0, 0xaf, 0x90, 0x0, 0x0, 0x0,
    0x2f, 0x30, 0x0, 0x0, 0x0, 0xba, 0x0, 0x0,

    /* U+021A "Ț" */
    0xcf, 0xff, 0xff, 0xff, 0xff, 0xf2, 0xcf, 0xff,
    0xff, 0xff, 0xff, 0xf2, 0x0, 0x0, 0x6f, 0xc0,
    0x0, 0x0, 0x0, 0x0, 0x6f, 0xc0, 0x0, 0x0,
    0x0, 0x0, 0x6f, 0xc0, 0x0, 0x0, 0x0, 0x0,
    0x6f, 0xc0, 0x0, 0x0, 0x0, 0x0, 0x6f, 0xc0,
    0x0, 0x0, 0x0, 0x0, 0x6f, 0xc0, 0x0, 0x0,
    0x0, 0x0, 0x6f, 0xc0, 0x0, 0x0, 0x0, 0x0,
    0x6f, 0xc0, 0x0, 0x0, 0x0, 0x0, 0x6f, 0xc0,
    0x0, 0x0, 0x0, 0x0, 0x6f, 0xc0, 0x0, 0x0,
    0x0, 0x0, 0x6f, 0xc0, 0x0, 0x0, 0x0, 0x0,
    0x6f, 0xc0, 0x0, 0x0, 0x0, 0x0, 0x0, 0x0,
    0x0, 0x0, 0x0, 0x0, 0x6f, 0xc0, 0x0, 0x0,
    0x0, 0x0, 0x6f, 0xc0, 0x0, 0x0, 0x0, 0x0,
    0xe, 0x60, 0x0, 0x0, 0x0, 0x0, 0x8d, 0x0,
    0x0, 0x0,

    /* U+021B "ț" */
    0x3, 0x85, 0x0, 0x0, 0x6f, 0xb0, 0x0, 0x6,
    0xfb, 0x0, 0xf, 0xff, 0xff, 0xf9, 0xcf, 0xff,
    0xcc, 0x60, 0x6f, 0xb0, 0x0, 0x6, 0xfb, 0x0,
    0x0, 0x6f, 0xb0, 0x0, 0x6, 0xfb, 0x0, 0x0,
    0x6f, 0xb0, 0x0, 0x6, 0xfb, 0x0, 0x0, 0x5f,
    0xd0, 0x0, 0x1, 0xff, 0xdc, 0x60, 0x5, 0xdf,
    0xf9, 0x0, 0x0, 0x0, 0x0, 0x3, 0xff, 0x0,
    0x0, 0x3f, 0xf0, 0x0, 0x0, 0xc9, 0x0, 0x0,
    0x5f, 0x10, 0x0,

    /* U+0237 "ȷ" */
    0x0, 0xf, 0xf3, 0x0, 0xf, 0xf3, 0x0, 0xf,
    0xf3, 0x0, 0xf, 0xf3, 0x0, 0xf, 0xf3, 0x0,
    0xf, 0xf3, 0x0, 0xf, 0xf3, 0x0, 0xf, 0xf3,
    0x0, 0xf, 0xf3, 0x0, 0xf, 0xf3, 0x0, 0xf,
    0xf3, 0x0, 0xf, 0xf2, 0xc, 0xef, 0xe0, 0x1f,
    0xfc, 0x40,

    /* U+1E00 "Ḁ" */
    0x0, 0x0, 0x0, 0xbf, 0xb0, 0x0, 0x0, 0x0,
    0x0, 0x0, 0x1f, 0xef, 0x10, 0x0, 0x0, 0x0,
    0x0, 0x6, 0xf6, 0xf7, 0x0, 0x0, 0x0, 0x0,
    0x0, 0xce, 0xe, 0xd0, 0x0, 0x0, 0x0, 0x0,
    0x2f, 0x90, 0x8f, 0x40, 0x0, 0x0, 0x0, 0x8,
    0xf3, 0x2, 0xfa, 0x0, 0x0, 0x0, 0x0, 0xed,
    0x0, 0xc, 0xf1, 0x0, 0x0, 0x0, 0x4f, 0x70,
    0x0, 0x6f, 0x60, 0x0, 0x0, 0xa, 0xfa, 0x99,
    0x99, 0xfd, 0x0, 0x0, 0x0, 0xff, 0xff, 0xff,
    0xff, 0xf3, 0x0, 0x0, 0x5f, 0x60, 0x0, 0x0,
    0x4f, 0x90, 0x0, 0xb, 0xf1, 0x0, 0x0, 0x0,
    0xef, 0x0, 0x1, 0xfc, 0x0, 0x0, 0x0, 0x9,
    0xf6, 0x0, 0x7f, 0x70, 0x0, 0x0, 0x0, 0x4f,
    0xc0, 0xd, 0xf2, 0x0, 0x0, 0x0, 0x0, 0xef,
    0x20, 0x0, 0x0, 0x7, 0xb7, 0x0, 0x0, 0x0,
    0x0, 0x0, 0x2, 0xa0, 0xa2, 0x0, 0x0, 0x0,
    0x0, 0x0, 0x29, 0x9, 0x20, 0x0, 0x0, 0x0,
    0x0, 0x0, 0x9c, 0x90, 0x0, 0x0, 0x0,

    /* U+1E01 "ḁ" */
    0x0, 0x29, 0xdf, 0xec, 0x50, 0x0, 0x2f, 0xf9,
    0x89, 0xff, 0x50, 0xa, 0xf3, 0x0, 0x4, 0xfa,
    0x0, 0x46, 0x0, 0x0, 0xf, 0xb0, 0x0, 0x1,
    0x46, 0x9c, 0xfb, 0x0, 0x1b, 0xff, 0xfe, 0x9f,
    0xc0, 0xc, 0xf9, 0x41, 0x0, 0xfc, 0x2, 0xfb,
    0x0, 0x0, 0x3f, 0xc0, 0x2f, 0xc0, 0x0, 0xb,
    0xfc, 0x0, 0xcf, 0xb7, 0x8e, 0xde, 0xd0, 0x1,
    0x9e, 0xfd, 0x70, 0xaf, 0x10, 0x0, 0x1a, 0xb2,
    0x0, 0x0, 0x0, 0x8, 0x41, 0xb0, 0x0, 0x0,
    0x0, 0x83, 0xb, 0x0, 0x0, 0x0, 0x1, 0xbc,
    0x40, 0x0, 0x0,

    /* U+1E02 "Ḃ" */
    0x0, 0x0, 0x1, 0x0, 0x0, 0x0, 0x0, 0x0,
    0x8f, 0x40, 0x0, 0x0, 0x0, 0x0, 0x8f, 0x40,
    0x0, 0x0, 0x0, 0x0, 0x0, 0x0, 0x0, 0x0,
    0x8f, 0xff, 0xff, 0xfd, 0x80, 0x0, 0x8f, 0xdc,
    0xcc, 0xdf, 0xfb, 0x0, 0x8f, 0x60, 0x0, 0x1,
    0xcf, 0x50, 0x8f, 0x60, 0x0, 0x0, 0x5f, 0x90,
    0x8f, 0x60, 0x0, 0x0, 0x5f, 0x80, 0x8f, 0x60,
    0x0, 0x1, 0xcf, 0x20, 0x8f, 0xdc, 0xcc, 0xdf,
    0xf5, 0x0, 0x8f, 0xff, 0xff, 0xff, 0xf8, 0x0,
    0x8f, 0x60, 0x0, 0x3, 0xbf, 0xa0, 0x8f, 0x60,
    0x0, 0x0, 0xe, 0xf1, 0x8f, 0x60, 0x0, 0x0,
    0xb, 0xf4, 0x8f, 0x60, 0x0, 0x0, 0xd, 0xf3,
    0x8f, 0x60, 0x0, 0x0, 0x7f, 0xe0, 0x8f, 0xdc,
    0xcc, 0xce, 0xff, 0x40, 0x8f, 0xff, 0xff, 0xfe,
    0xa2, 0x0,

    /* U+1E03 "ḃ" */
    0x0, 0x0, 0xfc, 0x0, 0x0, 0x0, 0x0, 0xfc,
    0x0, 0x0, 0x0, 0x0, 0x10, 0x0, 0x0, 0x0,
    0x0, 0x0, 0x0, 0x0, 0xaf, 0x10, 0x0, 0x0,
    0x0, 0xaf, 0x10, 0x0, 0x0, 0x0, 0xaf, 0x10,
    0x0, 0x0, 0x0, 0xaf, 0x10, 0x0, 0x0, 0x0,
    0xaf, 0x3a, 0xff, 0xb2, 0x0, 0xaf, 0xed, 0x89,
    0xff, 0x20, 0xaf, 0xd0, 0x0, 0x4f, 0xb0, 0xaf,
    0x50, 0x0, 0xc, 0xf1, 0xaf, 0x10, 0x0, 0x9,
    0xf4, 0xaf, 0x0, 0x0, 0x7, 0xf5, 0xaf, 0x0,
    0x0, 0x9, 0xf4, 0xaf, 0x30, 0x0, 0xd, 0xf1,
    0xaf, 0xc0, 0x0, 0x5f, 0xa0, 0xaf, 0xdd, 0x8a,
    0xfe, 0x10, 0xaf, 0x1b, 0xfe, 0x91, 0x0,

    /* U+1E04 "Ḅ" */
    0x8f, 0xff, 0xff, 0xfd, 0x80, 0x0, 0x8f, 0xdc,
    0xcc, 0xdf, 0xfb, 0x0, 0x8f, 0x60, 0x0, 0x1,
    0xcf, 0x50, 0x8f, 0x60, 0x0, 0x0, 0x5f, 0x90,
    0x8f, 0x60, 0x0, 0x0, 0x5f, 0x80, 0x8f, 0x60,
    0x0, 0x3, 0xdf, 0x20, 0x8f, 0xff, 0xff, 0xff,
    0xf5, 0x0, 0x8f, 0xdc, 0xcc, 0xcf, 0xf8, 0x0,
    0x8f, 0x60, 0x0, 0x0, 0x8f, 0xa0, 0x8f, 0x60,
    0x0, 0x0, 0xd, 0xf1, 0x8f, 0x60, 0x0, 0x0,
    0xb, 0xf4, 0x8f, 0x60, 0x0, 0x0, 0xd, 0xf3,
    0x8f, 0x60, 0x0, 0x0, 0x7f, 0xe0, 0x8f, 0xdc,
    0xcc, 0xce, 0xff, 0x40, 0x8f, 0xff, 0xff, 0xfe,
    0xa2, 0x0, 0x0, 0x0, 0x0, 0x0, 0x0, 0x0,
    0x0, 0x0, 0x1, 0x0, 0x0, 0x0, 0x0, 0x0,
    0x9f, 0x30, 0x0, 0x0, 0x0, 0x0, 0x9f, 0x30,
    0x0, 0x0,

    /* U+1E05 "ḅ" */
    0xaf, 0x10, 0x0, 0x0, 0x0, 0xaf, 0x10, 0x0,
    0x0, 0x0, 0xaf, 0x10, 0x0, 0x0, 0x0, 0xaf,
    0x10, 0x0, 0x0, 0x0, 0xaf, 0x3a, 0xff, 0xb2,
    0x0, 0xaf, 0xed, 0x89, 0xff, 0x20, 0xaf, 0xd0,
    0x0, 0x4f, 0xb0, 0xaf, 0x50, 0x0, 0xc, 0xf1,
    0xaf, 0x10, 0x0, 0x9, 0xf4, 0xaf, 0x0, 0x0,
    0x7, 0xf5, 0xaf, 0x0, 0x0, 0x9, 0xf4, 0xaf,
    0x30, 0x0, 0xd, 0xf1, 0xaf, 0xc0, 0x0, 0x5f,
    0xa0, 0xaf, 0xdd, 0x8a, 0xfe, 0x10, 0xaf, 0x1b,
    0xfe, 0x91, 0x0, 0x0, 0x0, 0x0, 0x0, 0x0,
    0x0, 0x0, 0x10, 0x0, 0x0, 0x0, 0x5, 0xf7,
    0x0, 0x0, 0x0, 0x5, 0xf7, 0x0, 0x0,

    /* U+1E06 "Ḇ" */
    0x8f, 0xff, 0xff, 0xfd, 0x80, 0x0, 0x8f, 0xdc,
    0xcc, 0xdf, 0xfb, 0x0, 0x8f, 0x60, 0x0, 0x1,
    0xdf, 0x50, 0x8f, 0x60, 0x0, 0x0, 0x6f, 0x90,
    0x8f, 0x60, 0x0, 0x0, 0x4f, 0x80, 0x8f, 0x60,
    0x0, 0x0, 0x7f, 0x20, 0x8f, 0x60, 0x0, 0x4,
    0xe5, 0x0, 0x8f, 0xff, 0xff, 0xff, 0xf8, 0x0,
    0x8f, 0xdc, 0xcc, 0xce, 0xff, 0xa0, 0x8f, 0x60,
    0x0, 0x0, 0x6f, 0xf1, 0x8f, 0x60, 0x0, 0x0,
    0xc, 0xf4, 0x8f, 0x60, 0x0, 0x0, 0xc, 0xf3,
    0x8f, 0x60, 0x0, 0x0, 0x5f, 0xe0, 0x8f, 0xdc,
    0xcc, 0xce, 0xff, 0x40, 0x8f, 0xff, 0xff, 0xfe,
    0xa2, 0x0, 0x0, 0x0, 0x0, 0x0, 0x0, 0x0,
    0x0, 0x0, 0x0, 0x0, 0x0, 0x0, 0x0, 0x88,
    0x88, 0x88, 0x0, 0x0, 0x0, 0xff, 0xff, 0xff,
    0x10, 0x0,

    /* U+1E07 "ḇ" */
    0xaf, 0x10, 0x0, 0x0, 0x0, 0xaf, 0x10, 0x0,
    0x0, 0x0, 0xaf, 0x10, 0x0, 0x0, 0x0, 0xaf,
    0x10, 0x0, 0x0, 0x0, 0xaf, 0x3a, 0xff, 0xb2,
    0x0, 0xaf, 0xed, 0x89, 0xff, 0x20, 0xaf, 0xd0,
    0x0, 0x4f, 0xb0, 0xaf, 0x50, 0x0, 0xc, 0xf1,
    0xaf, 0x10, 0x0, 0x9, 0xf4, 0xaf, 0x0, 0x0,
    0x7, 0xf5, 0xaf, 0x0, 0x0, 0x9, 0xf4, 0xaf,
    0x30, 0x0, 0xd, 0xf1, 0xaf, 0xc0, 0x0, 0x5f,
    0xa0, 0xaf, 0xdd, 0x8a, 0xfe, 0x10, 0xaf, 0x1b,
    0xfe, 0x91, 0x0, 0x0, 0x0, 0x0, 0x0, 0x0,
    0x0, 0x0, 0x0, 0x0, 0x0, 0x5, 0x88, 0x88,
    0x83, 0x0, 0xb, 0xff, 0xff, 0xf6, 0x0,

    /* U+1E08 "Ḉ" */
    0x0, 0x0, 0x0, 0x3f, 0xd0, 0x0, 0x0, 0x0,
    0x0, 0xb, 0xf2, 0x0, 0x0, 0x0, 0x0, 0x1,
    0xd5, 0x0, 0x0, 0x0, 0x0, 0x0, 0x0, 0x0,
    0x0, 0x0, 0x0, 0x3, 0xad, 0xff, 0xc6, 0x0,
    0x0, 0x8, 0xff, 0xdb, 0xcf, 0xfb, 0x0, 0x8,
    0xfd, 0x30, 0x0, 0x2c, 0xf9, 0x2, 0xfe, 0x10,
    0x0, 0x0, 0x1e, 0xf2, 0x8f, 0x80, 0x0, 0x0,
    0x0, 0x68, 0x2c, 0xf3, 0x0, 0x0, 0x0, 0x0,
    0x0, 0xef, 0x0, 0x0, 0x0, 0x0, 0x0, 0xf,
    0xf0, 0x0, 0x0, 0x0, 0x0, 0x0, 0xef, 0x0,
    0x0, 0x0, 0x0, 0x0, 0xc, 0xf2, 0x0, 0x0,
    0x0, 0x1, 0x20, 0x8f, 0x70, 0x0, 0x0, 0x0,
    0x8f, 0x82, 0xfe, 0x10, 0x0, 0x0, 0x1e, 0xf3,
    0x9, 0xfc, 0x20, 0x0, 0x2c, 0xfb, 0x0, 0xa,
    0xff, 0xca, 0xcf, 0xfc, 0x10, 0x0, 0x5, 0xbf,
    0xff, 0xd7, 0x0, 0x0, 0x0, 0x0, 0x9f, 0x30,
    0x0, 0x0, 0x0, 0x0, 0x5, 0xbf, 0x40, 0x0,
    0x0, 0x0, 0x3, 0x49, 0xf6, 0x0, 0x0, 0x0,
    0x0, 0xef, 0xe8, 0x0, 0x0, 0x0,

    /* U+1E09 "ḉ" */
    0x0, 0x0, 0x7, 0xfa, 0x0, 0x0, 0x0, 0xe,
    0xd0, 0x0, 0x0, 0x0, 0x4d, 0x30, 0x0, 0x0,
    0x0, 0x0, 0x0, 0x0, 0x0, 0x18, 0xef, 0xd8,
    0x0, 0x0, 0xdf, 0xb8, 0xbf, 0xc0, 0x8, 0xf7,
    0x0, 0x9, 0xf5, 0xe, 0xe0, 0x0, 0x2, 0xa4,
    0x1f, 0xb0, 0x0, 0x0, 0x0, 0x3f, 0x90, 0x0,
    0x0, 0x0, 0x2f, 0xa0, 0x0, 0x0, 0x0, 0xf,
    0xc0, 0x0, 0x0, 0xb7, 0xb, 0xf2, 0x0, 0x4,
    0xf8, 0x4, 0xfd, 0x30, 0x3d, 0xf1, 0x0, 0x6f,
    0xff, 0xfe, 0x40, 0x0, 0x1, 0xbd, 0x40, 0x0,
    0x0, 0x0, 0x9e, 0xb0, 0x0, 0x0, 0x2, 0x3a,
    0xf2, 0x0, 0x0, 0x9, 0xfd, 0x70, 0x0,

    /* U+1E0A "Ḋ" */
    0x0, 0x0, 0x1, 0x0, 0x0, 0x0, 0x0, 0x0,
    0x0, 0xfc, 0x0, 0x0, 0x0, 0x0, 0x0, 0xf,
    0xc0, 0x0, 0x0, 0x0, 0x0, 0x0, 0x0, 0x0,
    0x0, 0x0, 0x6f, 0xff, 0xff, 0xfe, 0xa3, 0x0,
    0x6, 0xfe, 0xcc, 0xcc, 0xef, 0xf6, 0x0, 0x6f,
    0x80, 0x0, 0x0, 0x6f, 0xf2, 0x6, 0xf8, 0x0,
    0x0, 0x0, 0x6f, 0xb0, 0x6f, 0x80, 0x0, 0x0,
    0x0, 0xef, 0x16, 0xf8, 0x0, 0x0, 0x0, 0xb,
    0xf4, 0x6f, 0x80, 0x0, 0x0, 0x0, 0x9f, 0x66,
    0xf8, 0x0, 0x0, 0x0, 0x8, 0xf6, 0x6f, 0x80,
    0x0, 0x0, 0x0, 0x9f, 0x56, 0xf8, 0x0, 0x0,
    0x0, 0xb, 0xf3, 0x6f, 0x80, 0x0, 0x0, 0x0,
    0xff, 0x6, 0xf8, 0x0, 0x0, 0x0, 0x7f, 0xa0,
    0x6f, 0x80, 0x0, 0x0, 0x6f, 0xf2, 0x6, 0xfe,
    0xcc, 0xcd, 0xff, 0xf5, 0x0, 0x6f, 0xff, 0xff,
    0xfd, 0x92, 0x0, 0x0,

    /* U+1E0B "ḋ" */
    0x0, 0x0, 0x8f, 0x40, 0x0, 0x0, 0x0, 0x8f,
    0x40, 0x0, 0x0, 0x0, 0x1, 0x0, 0x0, 0x0,
    0x0, 0x0, 0x0, 0x0, 0x0, 0x0, 0x0, 0x0,
    0xfb, 0x0, 0x0, 0x0, 0x0, 0xfb, 0x0, 0x0,
    0x0, 0x0, 0xfb, 0x0, 0x0, 0x0, 0x0, 0xfb,
    0x0, 0x2a, 0xef, 0xb2, 0xfb, 0x2, 0xef, 0xa8,
    0xce, 0xfb, 0xa, 0xf5, 0x0, 0xb, 0xfb, 0xf,
    0xd0, 0x0, 0x4, 0xfb, 0x3f, 0x90, 0x0, 0x0,
    0xfb, 0x4f, 0x80, 0x0, 0x0, 0xeb, 0x3f, 0x90,
    0x0, 0x0, 0xfb, 0xf, 0xd0, 0x0, 0x3, 0xfb,
    0x9, 0xf6, 0x0, 0xb, 0xfb, 0x1, 0xdf, 0xb8,
    0xdd, 0xfb, 0x0, 0x19, 0xef, 0xb2, 0xeb,

    /* U+1E0C "Ḍ" */
    0x6f, 0xff, 0xff, 0xfe, 0xa3, 0x0, 0x6, 0xfe,
    0xcc, 0xcc, 0xef, 0xf6, 0x0, 0x6f, 0x80, 0x0,
    0x0, 0x6f, 0xf2, 0x6, 0xf8, 0x0, 0x0, 0x0,
    0x6f, 0xb0, 0x6f, 0x80, 0x0, 0x0, 0x0, 0xef,
    0x16, 0xf8, 0x0, 0x0, 0x0, 0xb, 0xf4, 0x6f,
    0x80, 0x0, 0x0, 0x0, 0x9f, 0x66, 0xf8, 0x0,
    0x0, 0x0, 0x8, 0xf6, 0x6f, 0x80, 0x0, 0x0,
    0x0, 0x9f, 0x56, 0xf8, 0x0, 0x0, 0x0, 0xb,
    0xf3, 0x6f, 0x80, 0x0, 0x0, 0x0, 0xff, 0x6,
    0xf8, 0x0, 0x0, 0x0, 0x7f, 0xa0, 0x6f, 0x80,
    0x0, 0x0, 0x6f, 0xf2, 0x6, 0xfe, 0xcc, 0xcd,
    0xff, 0xf5, 0x0, 0x6f, 0xff, 0xff, 0xfd, 0x92,
    0x0, 0x0, 0x0, 0x0, 0x0, 0x0, 0x0, 0x0,
    0x0, 0x0, 0x1, 0x0, 0x0, 0x0, 0x0, 0x0,
    0x3, 0xf9, 0x0, 0x0, 0x0, 0x0, 0x0, 0x3f,
    0x90, 0x0, 0x0, 0x0,

    /* U+1E0D "ḍ" */
    0x0, 0x0, 0x0, 0x0, 0xfb, 0x0, 0x0, 0x0,
    0x0, 0xfb, 0x0, 0x0, 0x0, 0x0, 0xfb, 0x0,
    0x0, 0x0, 0x0, 0xfb, 0x0, 0x2a, 0xef, 0xb2,
    0xfb, 0x2, 0xef, 0xa8, 0xce, 0xfb, 0xa, 0xf5,
    0x0, 0xb, 0xfb, 0xf, 0xd0, 0x0, 0x4, 0xfb,
    0x3f, 0x90, 0x0, 0x0, 0xfb, 0x4f, 0x80, 0x0,
    0x0, 0xeb, 0x3f, 0x90, 0x0, 0x0, 0xfb, 0xf,
    0xd0, 0x0, 0x3, 0xfb, 0x9, 0xf6, 0x0, 0xb,
    0xfb, 0x1, 0xdf, 0xb8, 0xdd, 0xfb, 0x0, 0x19,
    0xef, 0xb2, 0xeb, 0x0, 0x0, 0x0, 0x0, 0x0,
    0x0, 0x0, 0x1, 0x0, 0x0, 0x0, 0x0, 0x6f,
    0x60, 0x0, 0x0, 0x0, 0x6f, 0x60, 0x0,

    /* U+1E0E "Ḏ" */
    0x6f, 0xff, 0xff, 0xfe, 0xa3, 0x0, 0x6, 0xfe,
    0xcc, 0xcc, 0xef, 0xf6, 0x0, 0x6f, 0x80, 0x0,
    0x0, 0x6f, 0xf2, 0x6, 0xf8, 0x0, 0x0, 0x0,
    0x6f, 0xb0, 0x6f, 0x80, 0x0, 0x0, 0x0, 0xef,
    0x16, 0xf8, 0x0, 0x0, 0x0, 0xb, 0xf4, 0x6f,
    0x80, 0x0, 0x0, 0x0, 0x9f, 0x66, 0xf8, 0x0,
    0x0, 0x0, 0x8, 0xf6, 0x6f, 0x80, 0x0, 0x0,
    0x0, 0x9f, 0x56, 0xf8, 0x0, 0x0, 0x0, 0xb,
    0xf3, 0x6f, 0x80, 0x0, 0x0, 0x0, 0xff, 0x6,
    0xf8, 0x0, 0x0, 0x0, 0x7f, 0xa0, 0x6f, 0x80,
    0x0, 0x0, 0x6f, 0xf2, 0x6, 0xfe, 0xcc, 0xcd,
    0xff, 0xf5, 0x0, 0x6f, 0xff, 0xff, 0xfd, 0x92,
    0x0, 0x0, 0x0, 0x0, 0x0, 0x0, 0x0, 0x0,
    0x0, 0x0, 0x0, 0x0, 0x0, 0x0, 0x0, 0x3,
    0x88, 0x88, 0x85, 0x0, 0x0, 0x0, 0x7f, 0xff,
    0xff, 0xa0, 0x0, 0x0,

    /* U+1E0F "ḏ" */
    0x0, 0x0, 0x0, 0x0, 0xfb, 0x0, 0x0, 0x0,
    0x0, 0xfb, 0x0, 0x0, 0x0, 0x0, 0xfb, 0x0,
    0x0, 0x0, 0x0, 0xfb, 0x0, 0x2a, 0xef, 0xb2,
    0xfb, 0x2, 0xef, 0xa8, 0xce, 0xfb, 0xa, 0xf5,
    0x0, 0xb, 0xfb, 0xf, 0xd0, 0x0, 0x4, 0xfb,
    0x3f, 0x90, 0x0, 0x0, 0xfb, 0x4f, 0x80, 0x0,
    0x0, 0xeb, 0x3f, 0x90, 0x0, 0x0, 0xfb, 0xf,
    0xd0, 0x0, 0x3, 0xfb, 0x9, 0xf6, 0x0, 0xb,
    0xfb, 0x1, 0xdf, 0xb8, 0xdd, 0xfb, 0x0, 0x19,
    0xef, 0xb2, 0xeb, 0x0, 0x0, 0x0, 0x0, 0x0,
    0x0, 0x0, 0x0, 0x0, 0x0, 0x0, 0x68, 0x88,
    0x88, 0x20, 0x0, 0xcf, 0xff, 0xff, 0x50,

    /* U+1E10 "Ḑ" */
    0x6f, 0xff, 0xff, 0xfe, 0xa3, 0x0, 0x6, 0xfe,
    0xcc, 0xcc, 0xef, 0xf6, 0x0, 0x6f, 0x80, 0x0,
    0x0, 0x6f, 0xf2, 0x6, 0xf8, 0x0, 0x0, 0x0,
    0x6f, 0xb0, 0x6f, 0x80, 0x0, 0x0, 0x0, 0xef,
    0x16, 0xf8, 0x0, 0x0, 0x0, 0xb, 0xf4, 0x6f,
    0x80, 0x0, 0x0, 0x0, 0x9f, 0x66, 0xf8, 0x0,
    0x0, 0x0, 0x8, 0xf6, 0x6f, 0x80, 0x0, 0x0,
    0x0, 0x9f, 0x56, 0xf8, 0x0, 0x0, 0x0, 0xb,
    0xf4, 0x6f, 0x80, 0x0, 0x0, 0x0, 0xff, 0x6,
    0xf8, 0x0, 0x0, 0x0, 0x7f, 0xa0, 0x6f, 0x80,
    0x0, 0x0, 0x6f, 0xf3, 0x6, 0xfd, 0xbb, 0xbc,
    0xef, 0xf6, 0x0, 0x6f, 0xff, 0xff, 0xfe, 0xa3,
    0x0, 0x0, 0x0, 0x3, 0xf2, 0x0, 0x0, 0x0,
    0x0, 0x0, 0x39, 0xf5, 0x0, 0x0, 0x0, 0x0,
    0x24, 0x6f, 0x80, 0x0, 0x0, 0x0, 0x7, 0xfe,
    0xa1, 0x0, 0x0, 0x0,

    /* U+1E11 "ḑ" */
    0x0, 0x0, 0x0, 0x0, 0xfb, 0x0, 0x0, 0x0,
    0x0, 0xfb, 0x0, 0x0, 0x0, 0x0, 0xfb, 0x0,
    0x0, 0x0, 0x0, 0xfb, 0x0, 0x2a, 0xef, 0xb2,
    0xfb, 0x1, 0xef, 0x98, 0xce, 0xfb, 0xa, 0xf4,
    0x0, 0xb, 0xfb, 0xf, 0xd0, 0x0, 0x3, 0xfb,
    0x3f, 0x90, 0x0, 0x0, 0xfb, 0x4f, 0x80, 0x0,
    0x0, 0xeb, 0x3f, 0xa0, 0x0, 0x0, 0xfb, 0xf,
    0xe0, 0x0, 0x4, 0xfb, 0xa, 0xfa, 0x0, 0x2d,
    0xfb, 0x2, 0xef, 0xfd, 0xfb, 0xeb, 0x0, 0x2c,
    0xff, 0x90, 0xeb, 0x0, 0x0, 0x9d, 0x30, 0x0,
    0x0, 0x0, 0x7, 0xf3, 0x0, 0x0, 0x3, 0x4a,
    0xf3, 0x0, 0x0, 0xc, 0xfe, 0x70, 0x0,

    /* U+1E12 "Ḓ" */
    0x6f, 0xff, 0xff, 0xfe, 0xa3, 0x0, 0x6, 0xfe,
    0xcc, 0xcc, 0xef, 0xf6, 0x0, 0x6f, 0x80, 0x0,
    0x0, 0x6f, 0xf2, 0x6, 0xf8, 0x0, 0x0, 0x0,
    0x6f, 0xb0, 0x6f, 0x80, 0x0, 0x0, 0x0, 0xef,
    0x16, 0xf8, 0x0, 0x0, 0x0, 0xb, 0xf4, 0x6f,
    0x80, 0x0, 0x0, 0x0, 0x9f, 0x66, 0xf8, 0x0,
    0x0, 0x0, 0x8, 0xf6, 0x6f, 0x80, 0x0, 0x0,
    0x0, 0x9f, 0x56, 0xf8, 0x0, 0x0, 0x0, 0xb,
    0xf3, 0x6f, 0x80, 0x0, 0x0, 0x0, 0xff, 0x6,
    0xf8, 0x0, 0x0, 0x0, 0x7f, 0xa0, 0x6f, 0x80,
    0x0, 0x0, 0x6f, 0xf2, 0x6, 0xfe, 0xcc, 0xcd,
    0xff, 0xf5, 0x0, 0x6f, 0xff, 0xff, 0xfd, 0x92,
    0x0, 0x0, 0x0, 0x0, 0x0, 0x0, 0x0, 0x0,
    0x0, 0x0, 0x69, 0x60, 0x0, 0x0, 0x0, 0x0,
    0x5f, 0xcf, 0x50, 0x0, 0x0, 0x0, 0x2f, 0xc0,
    0xbf, 0x30, 0x0, 0x0,

    /* U+1E13 "ḓ" */
    0x0, 0x0, 0x0, 0x0, 0xfb, 0x0, 0x0, 0x0,
    0x0, 0xfb, 0x0, 0x0, 0x0, 0x0, 0xfb, 0x0,
    0x0, 0x0, 0x0, 0xfb, 0x0, 0x2a, 0xef, 0xb2,
    0xfb, 0x2, 0xef, 0xa8, 0xce, 0xfb, 0xa, 0xf5,
    0x0, 0xb, 0xfb, 0xf, 0xd0, 0x0, 0x4, 0xfb,
    0x3f, 0x90, 0x0, 0x0, 0xfb, 0x4f, 0x80, 0x0,
    0x0, 0xeb, 0x3f, 0x90, 0x0, 0x0, 0xfb, 0xf,
    0xd0, 0x0, 0x3, 0xfb, 0x9, 0xf6, 0x0, 0xb,
    0xfb, 0x1, 0xdf, 0xb8, 0xdd, 0xfb, 0x0, 0x19,
    0xef, 0xb2, 0xeb, 0x0, 0x0, 0x0, 0x0, 0x0,
    0x0, 0x0, 0x8c, 0x90, 0x0, 0x0, 0x6, 0xfb,
    0xf7, 0x0, 0x0, 0x2f, 0xc0, 0xaf, 0x40,

    /* U+1E14 "Ḕ" */
    0x0, 0x3, 0xdb, 0x0, 0x0, 0x0, 0x0, 0x0,
    0x9f, 0x50, 0x0, 0x0, 0x0, 0x0, 0xc, 0xc0,
    0x0, 0x0, 0x0, 0x0, 0x0, 0x0, 0x0, 0x0,
    0x0, 0x5f, 0xff, 0xff, 0xb0, 0x0, 0x0, 0x28,
    0x88, 0x88, 0x50, 0x0, 0x0, 0x0, 0x0, 0x0,
    0x0, 0x0, 0x6f, 0xff, 0xff, 0xff, 0xff, 0xf0,
    0x6f, 0xec, 0xcc, 0xcc, 0xcc, 0xb0, 0x6f, 0x70,
    0x0, 0x0, 0x0, 0x0, 0x6f, 0x70, 0x0, 0x0,
    0x0, 0x0, 0x6f, 0x70, 0x0, 0x0, 0x0, 0x0,
    0x6f, 0x70, 0x0, 0x0, 0x0, 0x0, 0x6f, 0xec,
    0xcc, 0xcc, 0xcc, 0x40, 0x6f, 0xff, 0xff, 0xff,
    0xff, 0x60, 0x6f, 0x70, 0x0, 0x0, 0x0, 0x0,
    0x6f, 0x70, 0x0, 0x0, 0x0, 0x0, 0x6f, 0x70,
    0x0, 0x0, 0x0, 0x0, 0x6f, 0x70, 0x0, 0x0,
    0x0, 0x0, 0x6f, 0x70, 0x0, 0x0, 0x0, 0x0,
    0x6f, 0xec, 0xcc, 0xcc, 0xcc, 0xc3, 0x6f, 0xff,
    0xff, 0xff, 0xff, 0xf4,

    /* U+1E15 "ḕ" */
    0x0, 0x8, 0xd7, 0x0, 0x0, 0x0, 0x0, 0xd,
    0xf0, 0x0, 0x0, 0x0, 0x0, 0x3f, 0x70, 0x0,
    0x0, 0x0, 0x0, 0x0, 0x0, 0x0, 0x0, 0x5f,
    0xff, 0xff, 0xc0, 0x0, 0x2, 0x88, 0x88, 0x86,
    0x0, 0x0, 0x0, 0x0, 0x0, 0x0, 0x0, 0x0,
    0x0, 0x0, 0x0, 0x0, 0x0, 0x8, 0xdf, 0xe9,
    0x10, 0x0, 0xd, 0xfc, 0x8a, 0xfe, 0x10, 0x8,
    0xf8, 0x0, 0x4, 0xfb, 0x0, 0xee, 0x0, 0x0,
    0xb, 0xf1, 0x2f, 0xd8, 0x88, 0x88, 0xcf, 0x43,
    0xff, 0xff, 0xff, 0xff, 0xf5, 0x2f, 0xa0, 0x0,
    0x0, 0x0, 0x0, 0xfe, 0x0, 0x0, 0x6, 0x71,
    0x9, 0xf8, 0x0, 0x3, 0xfe, 0x0, 0x1d, 0xfc,
    0x8a, 0xff, 0x40, 0x0, 0x18, 0xdf, 0xea, 0x30,
    0x0,

    /* U+1E16 "Ḗ" */
    0x0, 0x0, 0x4, 0xdb, 0x0, 0x0, 0x0, 0x0,
    0xb, 0xf3, 0x0, 0x0, 0x0, 0x0, 0x3f, 0x60,
    0x0, 0x0, 0x0, 0x0, 0x0, 0x0, 0x0, 0x0,
    0x0, 0x5f, 0xff, 0xff, 0xc0, 0x0, 0x0, 0x28,
    0x88, 0x88, 0x60, 0x0, 0x0, 0x0, 0x0, 0x0,
    0x0, 0x0, 0x6f, 0xff, 0xff, 0xff, 0xff, 0xf0,
    0x6f, 0xec, 0xcc, 0xcc, 0xcc, 0xb0, 0x6f, 0x70,
    0x0, 0x0, 0x0, 0x0, 0x6f, 0x70, 0x0, 0x0,
    0x0, 0x0, 0x6f, 0x70, 0x0, 0x0, 0x0, 0x0,
    0x6f, 0x70, 0x0, 0x0, 0x0, 0x0, 0x6f, 0xec,
    0xcc, 0xcc, 0xcc, 0x40, 0x6f, 0xff, 0xff, 0xff,
    0xff, 0x60, 0x6f, 0x70, 0x0, 0x0, 0x0, 0x0,
    0x6f, 0x70, 0x0, 0x0, 0x0, 0x0, 0x6f, 0x70,
    0x0, 0x0, 0x0, 0x0, 0x6f, 0x70, 0x0, 0x0,
    0x0, 0x0, 0x6f, 0x70, 0x0, 0x0, 0x0, 0x0,
    0x6f, 0xec, 0xcc, 0xcc, 0xcc, 0xc3, 0x6f, 0xff,
    0xff, 0xff, 0xff, 0xf4,

    /* U+1E17 "ḗ" */
    0x0, 0x0, 0x5, 0xda, 0x0, 0x0, 0x0, 0x0,
    0xde, 0x20, 0x0, 0x0, 0x0, 0x4f, 0x40, 0x0,
    0x0, 0x0, 0x0, 0x0, 0x0, 0x0, 0x0, 0x5f,
    0xff, 0xff, 0xc0, 0x0, 0x2, 0x88, 0x88, 0x86,
    0x0, 0x0, 0x0, 0x0, 0x0, 0x0, 0x0, 0x0,
    0x0, 0x0, 0x0, 0x0, 0x0, 0x8, 0xdf, 0xe9,
    0x10, 0x0, 0xd, 0xfc, 0x8a, 0xfe, 0x10, 0x8,
    0xf8, 0x0, 0x4, 0xfb, 0x0, 0xee, 0x0, 0x0,
    0xb, 0xf1, 0x2f, 0xd8, 0x88, 0x88, 0xcf, 0x43,
    0xff, 0xff, 0xff, 0xff, 0xf5, 0x2f, 0xa0, 0x0,
    0x0, 0x0, 0x0, 0xfe, 0x0, 0x0, 0x6, 0x71,
    0x9, 0xf8, 0x0, 0x3, 0xfe, 0x0, 0x1d, 0xfc,
    0x8a, 0xff, 0x40, 0x0, 0x18, 0xdf, 0xea, 0x30,
    0x0,

    /* U+1E18 "Ḙ" */
    0x6f, 0xff, 0xff, 0xff, 0xff, 0xf0, 0x6f, 0xec,
    0xcc, 0xcc, 0xcc, 0xb0, 0x6f, 0x70, 0x0, 0x0,
    0x0, 0x0, 0x6f, 0x70, 0x0, 0x0, 0x0, 0x0,
    0x6f, 0x70, 0x0, 0x0, 0x0, 0x0, 0x6f, 0x70,
    0x0, 0x0, 0x0, 0x0, 0x6f, 0xff, 0xff, 0xff,
    0xff, 0x60, 0x6f, 0xec, 0xcc, 0xcc, 0xcc, 0x40,
    0x6f, 0x70, 0x0, 0x0, 0x0, 0x0, 0x6f, 0x70,
    0x0, 0x0, 0x0, 0x0, 0x6f, 0x70, 0x0, 0x0,
    0x0, 0x0, 0x6f, 0x70, 0x0, 0x0, 0x0, 0x0,
    0x6f, 0x70, 0x0, 0x0, 0x0, 0x0, 0x6f, 0xec,
    0xcc, 0xcc, 0xcc, 0xc3, 0x6f, 0xff, 0xff, 0xff,
    0xff, 0xf4, 0x0, 0x0, 0x0, 0x0, 0x0, 0x0,
    0x0, 0x0, 0x39, 0x80, 0x0, 0x0, 0x0, 0x2,
    0xec, 0xfa, 0x0, 0x0, 0x0, 0xd, 0xf2, 0x6f,
    0x70, 0x0,

    /* U+1E19 "ḙ" */
    0x0, 0x8, 0xdf, 0xea, 0x20, 0x0, 0xd, 0xfb,
    0x8a, 0xff, 0x20, 0x8, 0xf5, 0x0, 0x2, 0xed,
    0x0, 0xed, 0x0, 0x0, 0x9, 0xf2, 0x2f, 0xff,
    0xff, 0xff, 0xff, 0x43, 0xfc, 0x88, 0x88, 0x88,
    0x82, 0x2f, 0xc0, 0x0, 0x0, 0x0, 0x0, 0xff,
    0x10, 0x0, 0xa, 0xc1, 0x9, 0xfa, 0x0, 0x4,
    0xfd, 0x0, 0x1d, 0xfc, 0x8a, 0xff, 0x30, 0x0,
    0x18, 0xdf, 0xea, 0x20, 0x0, 0x0, 0x0, 0x0,
    0x0, 0x0, 0x0, 0x0, 0x5c, 0xb1, 0x0, 0x0,
    0x0, 0x2f, 0xce, 0xb0, 0x0, 0x0, 0xd, 0xf1,
    0x6f, 0x80, 0x0,

    /* U+1E1A "Ḛ" */
    0x6f, 0xff, 0xff, 0xff, 0xff, 0xf0, 0x6f, 0xec,
    0xcc, 0xcc, 0xcc, 0xb0, 0x6f, 0x70, 0x0, 0x0,
    0x0, 0x0, 0x6f, 0x70, 0x0, 0x0, 0x0, 0x0,
    0x6f, 0x70, 0x0, 0x0, 0x0, 0x0, 0x6f, 0x70,
    0x0, 0x0, 0x0, 0x0, 0x6f, 0xec, 0xcc, 0xcc,
    0xcc, 0x40, 0x6f, 0xff, 0xff, 0xff, 0xff, 0x60,
    0x6f, 0x70, 0x0, 0x0, 0x0, 0x0, 0x6f, 0x70,
    0x0, 0x0, 0x0, 0x0, 0x6f, 0x70, 0x0, 0x0,
    0x0, 0x0, 0x6f, 0x70, 0x0, 0x0, 0x0, 0x0,
    0x6f, 0x70, 0x0, 0x0, 0x0, 0x0, 0x6f, 0xec,
    0xcc, 0xcc, 0xcc, 0xc3, 0x6f, 0xff, 0xff, 0xff,
    0xff, 0xf4, 0x0, 0x0, 0x0, 0x0, 0x0, 0x0,
    0x0, 0x0, 0x0, 0x0, 0x10, 0x0, 0x0, 0xa,
    0xfe, 0xa9, 0xf1, 0x0, 0x0, 0x4f, 0x67, 0xdf,
    0x70, 0x0,

    /* U+1E1B "ḛ" */
    0x0, 0x8, 0xdf, 0xe8, 0x0, 0x0, 0xd, 0xfc,
    0x8b, 0xfd, 0x0, 0x8, 0xfa, 0x0, 0x5, 0xf9,
    0x0, 0xef, 0x10, 0x0, 0xc, 0xf0, 0x2f, 0xc0,
    0x0, 0x0, 0x8f, 0x33, 0xff, 0xff, 0xff, 0xff,
    0xf4, 0x2f, 0xd8, 0x88, 0x88, 0x88, 0x20, 0xfd,
    0x0, 0x0, 0x2, 0x30, 0x9, 0xf6, 0x0, 0x2,
    0xef, 0x0, 0x1d, 0xfc, 0x89, 0xff, 0x50, 0x0,
    0x18, 0xdf, 0xeb, 0x40, 0x0, 0x0, 0x0, 0x0,
    0x0, 0x0, 0x0, 0x0, 0x0, 0x0, 0x10, 0x0,
    0x1, 0xcf, 0xe9, 0xbe, 0x0, 0x0, 0x6e, 0x58,
    0xee, 0x50, 0x0,

    /* U+1E1C "Ḝ" */
    0x0, 0xb, 0xa1, 0x1a, 0xc0, 0x0, 0x0, 0x2,
    0xdf, 0xfd, 0x30, 0x0, 0x0, 0x0, 0x2, 0x20,
    0x0, 0x0, 0x0, 0x0, 0x0, 0x0, 0x0, 0x0,
    0x6f, 0xff, 0xff, 0xff, 0xff, 0xf0, 0x6f, 0xec,
    0xcc, 0xcc, 0xcc, 0xb0, 0x6f, 0x70, 0x0, 0x0,
    0x0, 0x0, 0x6f, 0x70, 0x0, 0x0, 0x0, 0x0,
    0x6f, 0x70, 0x0, 0x0, 0x0, 0x0, 0x6f, 0x70,
    0x0, 0x0, 0x0, 0x0, 0x6f, 0xec, 0xcc, 0xcc,
    0xcc, 0x40, 0x6f, 0xff, 0xff, 0xff, 0xff, 0x60,
    0x6f, 0x70, 0x0, 0x0, 0x0, 0x0, 0x6f, 0x70,
    0x0, 0x0, 0x0, 0x0, 0x6f, 0x70, 0x0, 0x0,
    0x0, 0x0, 0x6f, 0x70, 0x0, 0x0, 0x0, 0x0,
    0x6f, 0x70, 0x0, 0x0, 0x0, 0x0, 0x6f, 0xec,
    0xcc, 0xcc, 0xcc, 0xc3, 0x6f, 0xff, 0xff, 0xff,
    0xff, 0xf4, 0x0, 0x0, 0xc, 0x90, 0x0, 0x0,
    0x0, 0x0, 0x7, 0xdb, 0x0, 0x0, 0x0, 0x0,
    0x44, 0xdf, 0x0, 0x0, 0x0, 0x1, 0xff, 0xc4,
    0x0, 0x0,

    /* U+1E1D "ḝ" */
    0x0, 0xf, 0x60, 0x2d, 0x70, 0x0, 0x0, 0x5f,
    0xff, 0xb0, 0x0, 0x0, 0x0, 0x2, 0x10, 0x0,
    0x0, 0x0, 0x0, 0x0, 0x0, 0x0, 0x0, 0x18,
    0xdf, 0xe9, 0x10, 0x0, 0x1d, 0xfc, 0x8a, 0xfe,
    0x10, 0x9, 0xf8, 0x0, 0x4, 0xfb, 0x0, 0xfe,
    0x0, 0x0, 0xb, 0xf1, 0x2f, 0xd8, 0x88, 0x88,
    0xcf, 0x43, 0xff, 0xff, 0xff, 0xff, 0xf5, 0x2f,
    0xa0, 0x0, 0x0, 0x0, 0x0, 0xee, 0x10, 0x0,
    0x8, 0x91, 0x7, 0xfb, 0x10, 0x6, 0xfd, 0x0,
    0x9, 0xff, 0xde, 0xfe, 0x20, 0x0, 0x3, 0x9f,
    0xb7, 0x0, 0x0, 0x0, 0x5, 0xf8, 0x0, 0x0,
    0x0, 0x0, 0x3, 0xf8, 0x0, 0x0, 0x0, 0x24,
    0x7f, 0x70, 0x0, 0x0, 0x7, 0xfe, 0x90, 0x0,
    0x0,

    /* U+1E1E "Ḟ" */
    0x0, 0x0, 0x1, 0x0, 0x0, 0x0, 0x0, 0x8,
    0xf4, 0x0, 0x0, 0x0, 0x0, 0x8f, 0x40, 0x0,
    0x0, 0x0, 0x0, 0x0, 0x0, 0x0, 0x6f, 0xff,
    0xff, 0xff, 0xff, 0x46, 0xfe, 0xcc, 0xcc, 0xcc,
    0xc3, 0x6f, 0x80, 0x0, 0x0, 0x0, 0x6, 0xf8,
    0x0, 0x0, 0x0, 0x0, 0x6f, 0x80, 0x0, 0x0,
    0x0, 0x6, 0xf8, 0x0, 0x0, 0x0, 0x0, 0x6f,
    0xec, 0xcc, 0xcc, 0xc2, 0x6, 0xff, 0xff, 0xff,
    0xff, 0x30, 0x6f, 0x80, 0x0, 0x0, 0x0, 0x6,
    0xf8, 0x0, 0x0, 0x0, 0x0, 0x6f, 0x80, 0x0,
    0x0, 0x0, 0x6, 0xf8, 0x0, 0x0, 0x0, 0x0,
    0x6f, 0x80, 0x0, 0x0, 0x0, 0x6, 0xf8, 0x0,
    0x0, 0x0, 0x0, 0x6f, 0x80, 0x0, 0x0, 0x0,
    0x0,

    /* U+1E1F "ḟ" */
    0x0, 0x1, 0x0, 0x0, 0x1, 0xfb, 0x0, 0x0,
    0x1f, 0xb0, 0x0, 0x0, 0x0, 0x0, 0x0, 0x5d,
    0xfe, 0x10, 0x1f, 0xfc, 0xb0, 0x3, 0xf9, 0x0,
    0x0, 0x4f, 0x70, 0x0, 0xdf, 0xff, 0xf7, 0x5,
    0x9f, 0xb6, 0x30, 0x4, 0xf7, 0x0, 0x0, 0x4f,
    0x70, 0x0, 0x4, 0xf7, 0x0, 0x0, 0x4f, 0x70,
    0x0, 0x4, 0xf7, 0x0, 0x0, 0x4f, 0x70, 0x0,
    0x4, 0xf7, 0x0, 0x0, 0x4f, 0x70, 0x0, 0x4,
    0xf7, 0x0, 0x0,

    /* U+1E20 "Ḡ" */
    0x0, 0x0, 0x6f, 0xff, 0xff, 0x30, 0x0, 0x0,
    0x0, 0x4b, 0xbb, 0xbb, 0x20, 0x0, 0x0, 0x0,
    0x0, 0x0, 0x0, 0x0, 0x0, 0x0, 0x0, 0x0,
    0x0, 0x0, 0x0, 0x0, 0x0, 0x0, 0x5b, 0xef,
    0xeb, 0x50, 0x0, 0x0, 0x1b, 0xff, 0xff, 0xff,
    0xfa, 0x0, 0x0, 0xbf, 0xe6, 0x10, 0x17, 0xff,
    0x80, 0x5, 0xff, 0x30, 0x0, 0x0, 0x5f, 0xf0,
    0xb, 0xf9, 0x0, 0x0, 0x0, 0x3, 0x30, 0xf,
    0xf4, 0x0, 0x0, 0x0, 0x0, 0x0, 0x1f, 0xf2,
    0x0, 0x7, 0xdd, 0xdd, 0xd3, 0x1f, 0xf2, 0x0,
    0x9, 0xff, 0xff, 0xf4, 0xf, 0xf4, 0x0, 0x0,
    0x0, 0xd, 0xf4, 0xb, 0xf9, 0x0, 0x0, 0x0,
    0x1f, 0xf4, 0x6, 0xff, 0x20, 0x0, 0x0, 0xaf,
    0xf4, 0x0, 0xcf, 0xe6, 0x10, 0x2a, 0xfe, 0xf4,
    0x0, 0x1c, 0xff, 0xff, 0xff, 0xc5, 0xf4, 0x0,
    0x0, 0x6c, 0xef, 0xd7, 0x3, 0xf4,

    /* U+1E21 "ḡ" */
    0x0, 0xf, 0xff, 0xff, 0xa0, 0x0, 0x0, 0xab,
    0xbb, 0xb7, 0x0, 0x0, 0x0, 0x0, 0x0, 0x0,
    0x0, 0x1, 0x9e, 0xfc, 0x56, 0xfa, 0x1, 0xdf,
    0xfd, 0xef, 0xbf, 0xa0, 0x9f, 0xd2, 0x0, 0x7f,
    0xfa, 0xf, 0xf5, 0x0, 0x0, 0xbf, 0xa1, 0xff,
    0x10, 0x0, 0x8, 0xfa, 0x1f, 0xf1, 0x0, 0x0,
    0x9f, 0xa0, 0xff, 0x50, 0x0, 0xc, 0xfa, 0x9,
    0xfd, 0x20, 0x8, 0xff, 0xa0, 0x1d, 0xff, 0xdf,
    0xfc, 0xfa, 0x0, 0x19, 0xef, 0xd5, 0x7f, 0xa0,
    0x34, 0x10, 0x0, 0x9, 0xf9, 0x9, 0xfc, 0x10,
    0x3, 0xff, 0x50, 0x1d, 0xff, 0xdd, 0xff, 0xb0,
    0x0, 0x18, 0xdf, 0xfc, 0x60, 0x0,

    /* U+1E22 "Ḣ" */
    0x0, 0x0, 0x0, 0x10, 0x0, 0x0, 0x0, 0x0,
    0x8, 0xf4, 0x0, 0x0, 0x0, 0x0, 0x8, 0xf4,
    0x0, 0x0, 0x0, 0x0, 0x0, 0x0, 0x0, 0x0,
    0x6f, 0x80, 0x0, 0x0, 0x1, 0xfd, 0x6f, 0x80,
    0x0, 0x0, 0x1, 0xfd, 0x6f, 0x80, 0x0, 0x0,
    0x1, 0xfd, 0x6f, 0x80, 0x0, 0x0, 0x1, 0xfd,
    0x6f, 0x80, 0x0, 0x0, 0x1, 0xfd, 0x6f, 0x80,
    0x0, 0x0, 0x1, 0xfd, 0x6f, 0xec, 0xcc, 0xcc,
    0xcc, 0xfd, 0x6f, 0xff, 0xff, 0xff, 0xff, 0xfd,
    0x6f, 0x80, 0x0, 0x0, 0x1, 0xfd, 0x6f, 0x80,
    0x0, 0x0, 0x1, 0xfd, 0x6f, 0x80, 0x0, 0x0,
    0x1, 0xfd, 0x6f, 0x80, 0x0, 0x0, 0x1, 0xfd,
    0x6f, 0x80, 0x0, 0x0, 0x1, 0xfd, 0x6f, 0x80,
    0x0, 0x0, 0x1, 0xfd, 0x6f, 0x80, 0x0, 0x0,
    0x1, 0xfd,

    /* U+1E23 "ḣ" */
    0x1, 0x0, 0x0, 0x0, 0xa, 0xf2, 0x0, 0x0,
    0x0, 0xaf, 0x20, 0x0, 0x0, 0x0, 0x0, 0x0,
    0x0, 0x0, 0xaf, 0x10, 0x0, 0x0, 0xa, 0xf1,
    0x0, 0x0, 0x0, 0xaf, 0x10, 0x0, 0x0, 0xa,
    0xf1, 0x0, 0x0, 0x0, 0xaf, 0x29, 0xef, 0xc5,
    0xa, 0xfe, 0xea, 0xbf, 0xf4, 0xaf, 0xc1, 0x0,
    0x6f, 0xaa, 0xf4, 0x0, 0x0, 0xfc, 0xaf, 0x20,
    0x0, 0xf, 0xca, 0xf1, 0x0, 0x0, 0xfd, 0xaf,
    0x10, 0x0, 0xf, 0xda, 0xf1, 0x0, 0x0, 0xfd,
    0xaf, 0x10, 0x0, 0xf, 0xda, 0xf1, 0x0, 0x0,
    0xfd, 0xaf, 0x10, 0x0, 0xf, 0xd0,

    /* U+1E24 "Ḥ" */
    0x6f, 0x80, 0x0, 0x0, 0x1, 0xfd, 0x6f, 0x80,
    0x0, 0x0, 0x1, 0xfd, 0x6f, 0x80, 0x0, 0x0,
    0x1, 0xfd, 0x6f, 0x80, 0x0, 0x0, 0x1, 0xfd,
    0x6f, 0x80, 0x0, 0x0, 0x1, 0xfd, 0x6f, 0x80,
    0x0, 0x0, 0x1, 0xfd, 0x6f, 0xff, 0xff, 0xff,
    0xff, 0xfd, 0x6f, 0xec, 0xcc, 0xcc, 0xcc, 0xfd,
    0x6f, 0x80, 0x0, 0x0, 0x1, 0xfd, 0x6f, 0x80,
    0x0, 0x0, 0x1, 0xfd, 0x6f, 0x80, 0x0, 0x0,
    0x1, 0xfd, 0x6f, 0x80, 0x0, 0x0, 0x1, 0xfd,
    0x6f, 0x80, 0x0, 0x0, 0x1, 0xfd, 0x6f, 0x80,
    0x0, 0x0, 0x1, 0xfd, 0x6f, 0x80, 0x0, 0x0,
    0x1, 0xfd, 0x0, 0x0, 0x0, 0x0, 0x0, 0x0,
    0x0, 0x0, 0x0, 0x10, 0x0, 0x0, 0x0, 0x0,
    0x8, 0xf4, 0x0, 0x0, 0x0, 0x0, 0x8, 0xf4,
    0x0, 0x0,

    /* U+1E25 "ḥ" */
    0xaf, 0x10, 0x0, 0x0, 0xa, 0xf1, 0x0, 0x0,
    0x0, 0xaf, 0x10, 0x0, 0x0, 0xa, 0xf1, 0x0,
    0x0, 0x0, 0xaf, 0x29, 0xef, 0xc5, 0xa, 0xfe,
    0xea, 0xbf, 0xf4, 0xaf, 0xc1, 0x0, 0x6f, 0xaa,
    0xf4, 0x0, 0x0, 0xfc, 0xaf, 0x20, 0x0, 0xf,
    0xca, 0xf1, 0x0, 0x0, 0xfd, 0xaf, 0x10, 0x0,
    0xf, 0xda, 0xf1, 0x0, 0x0, 0xfd, 0xaf, 0x10,
    0x0, 0xf, 0xda, 0xf1, 0x0, 0x0, 0xfd, 0xaf,
    0x10, 0x0, 0xf, 0xd0, 0x0, 0x0, 0x0, 0x0,
    0x0, 0x0, 0x10, 0x0, 0x0, 0x0, 0x3f, 0x90,
    0x0, 0x0, 0x3, 0xf9, 0x0, 0x0,

    /* U+1E26 "Ḧ" */
    0x0, 0x0, 0x10, 0x1, 0x10, 0x0, 0x0, 0x7,
    0xf5, 0xd, 0xf0, 0x0, 0x0, 0x7, 0xf5, 0xd,
    0xf0, 0x0, 0x0, 0x0, 0x0, 0x0, 0x0, 0x0,
    0x6f, 0x80, 0x0, 0x0, 0x1, 0xfd, 0x6f, 0x80,
    0x0, 0x0, 0x1, 0xfd, 0x6f, 0x80, 0x0, 0x0,
    0x1, 0xfd, 0x6f, 0x80, 0x0, 0x0, 0x1, 0xfd,
    0x6f, 0x80, 0x0, 0x0, 0x1, 0xfd, 0x6f, 0x80,
    0x0, 0x0, 0x1, 0xfd, 0x6f, 0xec, 0xcc, 0xcc,
    0xcc, 0xfd, 0x6f, 0xff, 0xff, 0xff, 0xff, 0xfd,
    0x6f, 0x80, 0x0, 0x0, 0x1, 0xfd, 0x6f, 0x80,
    0x0, 0x0, 0x1, 0xfd, 0x6f, 0x80, 0x0, 0x0,
    0x1, 0xfd, 0x6f, 0x80, 0x0, 0x0, 0x1, 0xfd,
    0x6f, 0x80, 0x0, 0x0, 0x1, 0xfd, 0x6f, 0x80,
    0x0, 0x0, 0x1, 0xfd, 0x6f, 0x80, 0x0, 0x0,
    0x1, 0xfd,

    /* U+1E27 "ḧ" */
    0x0, 0x10, 0x0, 0x10, 0x0, 0x1f, 0xb0, 0x7f,
    0x50, 0x1, 0xfb, 0x7, 0xf5, 0x0, 0x0, 0x0,
    0x0, 0x0, 0xaf, 0x10, 0x0, 0x0, 0xa, 0xf1,
    0x0, 0x0, 0x0, 0xaf, 0x10, 0x0, 0x0, 0xa,
    0xf1, 0x0, 0x0, 0x0, 0xaf, 0x29, 0xef, 0xc5,
    0xa, 0xfe, 0xea, 0xbf, 0xf4, 0xaf, 0xc1, 0x0,
    0x6f, 0xaa, 0xf4, 0x0, 0x0, 0xfc, 0xaf, 0x20,
    0x0, 0xf, 0xca, 0xf1, 0x0, 0x0, 0xfd, 0xaf,
    0x10, 0x0, 0xf, 0xda, 0xf1, 0x0, 0x0, 0xfd,
    0xaf, 0x10, 0x0, 0xf, 0xda, 0xf1, 0x0, 0x0,
    0xfd, 0xaf, 0x10, 0x0, 0xf, 0xd0,

    /* U+1E28 "Ḩ" */
    0x6, 0xf8, 0x0, 0x0, 0x0, 0x1f, 0xd0, 0x6f,
    0x80, 0x0, 0x0, 0x1, 0xfd, 0x6, 0xf8, 0x0,
    0x0, 0x0, 0x1f, 0xd0, 0x6f, 0x80, 0x0, 0x0,
    0x1, 0xfd, 0x6, 0xf8, 0x0, 0x0, 0x0, 0x1f,
    0xd0, 0x6f, 0x80, 0x0, 0x0, 0x1, 0xfd, 0x6,
    0xff, 0xff, 0xff, 0xff, 0xff, 0xd0, 0x6f, 0xec,
    0xcc, 0xcc, 0xcc, 0xfd, 0x6, 0xf8, 0x0, 0x0,
    0x0, 0x1f, 0xd0, 0x6f, 0x80, 0x0, 0x0, 0x1,
    0xfd, 0x6, 0xf8, 0x0, 0x0, 0x0, 0x1f, 0xd0,
    0x6f, 0x80, 0x0, 0x0, 0x1, 0xfd, 0x6, 0xf8,
    0x0, 0x0, 0x0, 0x1f, 0xd0, 0x6f, 0x80, 0x0,
    0x0, 0x1, 0xfd, 0x6, 0xf8, 0x0, 0x0, 0x0,
    0x1f, 0xd0, 0x1f, 0x40, 0x0, 0x0, 0x0, 0x0,
    0x2, 0x8f, 0x70, 0x0, 0x0, 0x0, 0x1, 0x46,
    0xfa, 0x0, 0x0, 0x0, 0x0, 0x6f, 0xfb, 0x10,
    0x0, 0x0, 0x0, 0x0,

    /* U+1E29 "ḩ" */
    0xa, 0xf1, 0x0, 0x0, 0x0, 0xa, 0xf1, 0x0,
    0x0, 0x0, 0xa, 0xf1, 0x0, 0x0, 0x0, 0xa,
    0xf1, 0x0, 0x0, 0x0, 0xa, 0xf2, 0x9e, 0xfc,
    0x50, 0xa, 0xfe, 0xea, 0xaf, 0xf4, 0xa, 0xfc,
    0x10, 0x6, 0xfa, 0xa, 0xf4, 0x0, 0x0, 0xfc,
    0xa, 0xf2, 0x0, 0x0, 0xfc, 0xa, 0xf1, 0x0,
    0x0, 0xfd, 0xa, 0xf1, 0x0, 0x0, 0xfd, 0xa,
    0xf1, 0x0, 0x0, 0xfd, 0xa, 0xf1, 0x0, 0x0,
    0xfd, 0xa, 0xf1, 0x0, 0x0, 0xfd, 0xa, 0xf1,
    0x0, 0x0, 0xfd, 0x9, 0xc0, 0x0, 0x0, 0x0,
    0x6, 0xce, 0x10, 0x0, 0x0, 0x34, 0xbf, 0x20,
    0x0, 0x0, 0xdf, 0xd6, 0x0, 0x0, 0x0,

    /* U+1E2A "Ḫ" */
    0x6f, 0x80, 0x0, 0x0, 0x1, 0xfd, 0x6f, 0x80,
    0x0, 0x0, 0x1, 0xfd, 0x6f, 0x80, 0x0, 0x0,
    0x1, 0xfd, 0x6f, 0x80, 0x0, 0x0, 0x1, 0xfd,
    0x6f, 0x80, 0x0, 0x0, 0x1, 0xfd, 0x6f, 0x80,
    0x0, 0x0, 0x1, 0xfd, 0x6f, 0xff, 0xff, 0xff,
    0xff, 0xfd, 0x6f, 0xec, 0xcc, 0xcc, 0xcc, 0xfd,
    0x6f, 0x80, 0x0, 0x0, 0x1, 0xfd, 0x6f, 0x80,
    0x0, 0x0, 0x1, 0xfd, 0x6f, 0x80, 0x0, 0x0,
    0x1, 0xfd, 0x6f, 0x80, 0x0, 0x0, 0x1, 0xfd,
    0x6f, 0x80, 0x0, 0x0, 0x1, 0xfd, 0x6f, 0x80,
    0x0, 0x0, 0x1, 0xfd, 0x6f, 0x80, 0x0, 0x0,
    0x1, 0xfd, 0x0, 0x0, 0x0, 0x0, 0x0, 0x0,
    0x0, 0x5, 0x50, 0x1, 0x80, 0x0, 0x0, 0x5,
    0xf6, 0x4b, 0xc0, 0x0, 0x0, 0x0, 0x7e, 0xfb,
    0x10, 0x0,

    /* U+1E2B "ḫ" */
    0xaf, 0x10, 0x0, 0x0, 0xa, 0xf1, 0x0, 0x0,
    0x0, 0xaf, 0x10, 0x0, 0x0, 0xa, 0xf1, 0x0,
    0x0, 0x0, 0xaf, 0x29, 0xef, 0xc5, 0xa, 0xfe,
    0xea, 0xbf, 0xf4, 0xaf, 0xc1, 0x0, 0x6f, 0xaa,
    0xf4, 0x0, 0x0, 0xfc, 0xaf, 0x20, 0x0, 0xf,
    0xca, 0xf1, 0x0, 0x0, 0xfd, 0xaf, 0x10, 0x0,
    0xf, 0xda, 0xf1, 0x0, 0x0, 0xfd, 0xaf, 0x10,
    0x0, 0xf, 0xda, 0xf1, 0x0, 0x0, 0xfd, 0xaf,
    0x10, 0x0, 0xf, 0xd0, 0x0, 0x0, 0x0, 0x0,
    0x2, 0x80, 0x0, 0x82, 0x0, 0x1f, 0x84, 0x8f,
    0x10, 0x0, 0x4c, 0xfd, 0x40, 0x0,

    /* U+1E2C "Ḭ" */
    0x0, 0x2f, 0xb0, 0x0, 0x2, 0xfb, 0x0, 0x0,
    0x2f, 0xb0, 0x0, 0x2, 0xfb, 0x0, 0x0, 0x2f,
    0xb0, 0x0, 0x2, 0xfb, 0x0, 0x0, 0x2f, 0xb0,
    0x0, 0x2, 0xfb, 0x0, 0x0, 0x2f, 0xb0, 0x0,
    0x2, 0xfb, 0x0, 0x0, 0x2f, 0xb0, 0x0, 0x2,
    0xfb, 0x0, 0x0, 0x2f, 0xb0, 0x0, 0x2, 0xfb,
    0x0, 0x0, 0x2f, 0xb0, 0x0, 0x0, 0x0, 0x0,
    0x0, 0x0, 0x0, 0x11, 0xdf, 0xd9, 0xbd, 0x7e,
    0x59, 0xee, 0x50,

    /* U+1E2D "ḭ" */
    0x0, 0xa, 0xf1, 0x0, 0x0, 0xa, 0xf1, 0x0,
    0x0, 0x0, 0x10, 0x0, 0x0, 0x0, 0x0, 0x0,
    0x0, 0xa, 0xf1, 0x0, 0x0, 0xa, 0xf1, 0x0,
    0x0, 0xa, 0xf1, 0x0, 0x0, 0xa, 0xf1, 0x0,
    0x0, 0xa, 0xf1, 0x0, 0x0, 0xa, 0xf1, 0x0,
    0x0, 0xa, 0xf1, 0x0, 0x0, 0xa, 0xf1, 0x0,
    0x0, 0xa, 0xf1, 0x0, 0x0, 0xa, 0xf1, 0x0,
    0x0, 0xa, 0xf1, 0x0, 0x0, 0x0, 0x0, 0x0,
    0x0, 0x0, 0x0, 0x10, 0x8, 0xff, 0xb8, 0xf4,
    0x1f, 0x86, 0xcf, 0xa0,

    /* U+1E2E "Ḯ" */
    0x0, 0x4f, 0xd0, 0x0, 0xbf, 0x20, 0x1, 0xd5,
    0x0, 0x11, 0x0, 0x10, 0xfe, 0x5, 0xf7, 0xfe,
    0x5, 0xf7, 0x0, 0x0, 0x0, 0x2, 0xfb, 0x0,
    0x2, 0xfb, 0x0, 0x2, 0xfb, 0x0, 0x2, 0xfb,
    0x0, 0x2, 0xfb, 0x0, 0x2, 0xfb, 0x0, 0x2,
    0xfb, 0x0, 0x2, 0xfb, 0x0, 0x2, 0xfb, 0x0,
    0x2, 0xfb, 0x0, 0x2, 0xfb, 0x0, 0x2, 0xfb,
    0x0, 0x2, 0xfb, 0x0, 0x2, 0xfb, 0x0, 0x2,
    0xfb, 0x0,

    /* U+1E2F "ḯ" */
    0x0, 0x3d, 0xc0, 0x0, 0xaf, 0x40, 0x1, 0xf7,
    0x0, 0x0, 0x0, 0x0, 0xee, 0x4, 0xf8, 0xee,
    0x4, 0xf8, 0x11, 0x0, 0x10, 0x0, 0x0, 0x0,
    0x1, 0xfa, 0x0, 0x1, 0xfa, 0x0, 0x1, 0xfa,
    0x0, 0x1, 0xfa, 0x0, 0x1, 0xfa, 0x0, 0x1,
    0xfa, 0x0, 0x1, 0xfa, 0x0, 0x1, 0xfa, 0x0,
    0x1, 0xfa, 0x0, 0x1, 0xfa, 0x0, 0x1, 0xfa,
    0x0,

    /* U+1E30 "Ḱ" */
    0x0, 0x0, 0xa, 0xd5, 0x0, 0x0, 0x0, 0x0,
    0x2, 0xfb, 0x0, 0x0, 0x0, 0x0, 0x0, 0xae,
    0x10, 0x0, 0x0, 0x0, 0x0, 0x0, 0x0, 0x0,
    0x0, 0x0, 0x8f, 0x50, 0x0, 0x0, 0x1e, 0xf8,
    0x8, 0xf5, 0x0, 0x0, 0x1d, 0xf8, 0x0, 0x8f,
    0x50, 0x0, 0x1d, 0xf9, 0x0, 0x8, 0xf5, 0x0,
    0xc, 0xf9, 0x0, 0x0, 0x8f, 0x50, 0xc, 0xf9,
    0x0, 0x0, 0x8, 0xf5, 0xb, 0xf9, 0x0, 0x0,
    0x0, 0x8f, 0x6b, 0xff, 0x50, 0x0, 0x0, 0x8,
    0xfe, 0xfb, 0xfe, 0x10, 0x0, 0x0, 0x8f, 0xfa,
    0x8, 0xfb, 0x0, 0x0, 0x8, 0xfa, 0x0, 0xd,
    0xf7, 0x0, 0x0, 0x8f, 0x50, 0x0, 0x3f, 0xf2,
    0x0, 0x8, 0xf5, 0x0, 0x0, 0x8f, 0xd0, 0x0,
    0x8f, 0x50, 0x0, 0x0, 0xdf, 0x80, 0x8, 0xf5,
    0x0, 0x0, 0x3, 0xff, 0x40, 0x8f, 0x50, 0x0,
    0x0, 0x8, 0xfe, 0x10,

    /* U+1E31 "ḱ" */
    0x0, 0x4d, 0xb0, 0x0, 0x0, 0xb, 0xf2, 0x0,
    0x0, 0x3, 0xf6, 0x0, 0x0, 0x0, 0x0, 0x0,
    0x0, 0x0, 0xbf, 0x10, 0x0, 0x0, 0xb, 0xf1,
    0x0, 0x0, 0x0, 0xbf, 0x10, 0x0, 0x0, 0xb,
    0xf1, 0x0, 0x0, 0x0, 0xbf, 0x10, 0x4, 0xfe,
    0x2b, 0xf1, 0x3, 0xfe, 0x20, 0xbf, 0x12, 0xee,
    0x20, 0xb, 0xf3, 0xee, 0x30, 0x0, 0xbf, 0xef,
    0xd0, 0x0, 0xb, 0xff, 0xbf, 0x70, 0x0, 0xbf,
    0x41, 0xef, 0x20, 0xb, 0xf1, 0x6, 0xfb, 0x0,
    0xbf, 0x10, 0xc, 0xf5, 0xb, 0xf1, 0x0, 0x2f,
    0xe1, 0xbf, 0x10, 0x0, 0x8f, 0x90,

    /* U+1E32 "Ḳ" */
    0x8f, 0x50, 0x0, 0x0, 0x1e, 0xf8, 0x8, 0xf5,
    0x0, 0x0, 0x1d, 0xf8, 0x0, 0x8f, 0x50, 0x0,
    0x1d, 0xf9, 0x0, 0x8, 0xf5, 0x0, 0xc, 0xf9,
    0x0, 0x0, 0x8f, 0x50, 0xc, 0xf9, 0x0, 0x0,
    0x8, 0xf5, 0xb, 0xf9, 0x0, 0x0, 0x0, 0x8f,
    0x6b, 0xff, 0x50, 0x0, 0x0, 0x8, 0xfe, 0xfb,
    0xfe, 0x10, 0x0, 0x0, 0x8f, 0xfa, 0x8, 0xfb,
    0x0, 0x0, 0x8, 0xfa, 0x0, 0xd, 0xf7, 0x0,
    0x0, 0x8f, 0x50, 0x0, 0x3f, 0xf2, 0x0, 0x8,
    0xf5, 0x0, 0x0, 0x8f, 0xd0, 0x0, 0x8f, 0x50,
    0x0, 0x0, 0xdf, 0x80, 0x8, 0xf5, 0x0, 0x0,
    0x3, 0xff, 0x40, 0x8f, 0x50, 0x0, 0x0, 0x8,
    0xfe, 0x10, 0x0, 0x0, 0x0, 0x0, 0x0, 0x0,
    0x0, 0x0, 0x1, 0x0, 0x0, 0x0, 0x0, 0x0,
    0x6, 0xf6, 0x0, 0x0, 0x0, 0x0, 0x0, 0x6f,
    0x60, 0x0, 0x0, 0x0,

    /* U+1E33 "ḳ" */
    0xbf, 0x10, 0x0, 0x0, 0xb, 0xf1, 0x0, 0x0,
    0x0, 0xbf, 0x10, 0x0, 0x0, 0xb, 0xf1, 0x0,
    0x0, 0x0, 0xbf, 0x10, 0x4, 0xfe, 0x2b, 0xf1,
    0x3, 0xfe, 0x20, 0xbf, 0x12, 0xee, 0x20, 0xb,
    0xf3, 0xee, 0x30, 0x0, 0xbf, 0xef, 0xd0, 0x0,
    0xb, 0xff, 0xbf, 0x70, 0x0, 0xbf, 0x41, 0xef,
    0x20, 0xb, 0xf1, 0x6, 0xfb, 0x0, 0xbf, 0x10,
    0xc, 0xf5, 0xb, 0xf1, 0x0, 0x2f, 0xe1, 0xbf,
    0x10, 0x0, 0x8f, 0x90, 0x0, 0x0, 0x0, 0x0,
    0x0, 0x1, 0x10, 0x0, 0x0, 0x0, 0xdf, 0x0,
    0x0, 0x0, 0xd, 0xf0, 0x0, 0x0,

    /* U+1E34 "Ḵ" */
    0x8f, 0x50, 0x0, 0x0, 0x1e, 0xf8, 0x8, 0xf5,
    0x0, 0x0, 0x1d, 0xf8, 0x0, 0x8f, 0x50, 0x0,
    0x1d, 0xf9, 0x0, 0x8, 0xf5, 0x0, 0xc, 0xf9,
    0x0, 0x0, 0x8f, 0x50, 0xc, 0xf9, 0x0, 0x0,
    0x8, 0xf5, 0xb, 0xf9, 0x0, 0x0, 0x0, 0x8f,
    0x6b, 0xff, 0x50, 0x0, 0x0, 0x8, 0xfe, 0xfb,
    0xfe, 0x10, 0x0, 0x0, 0x8f, 0xfa, 0x8, 0xfb,
    0x0, 0x0, 0x8, 0xfa, 0x0, 0xd, 0xf7, 0x0,
    0x0, 0x8f, 0x50, 0x0, 0x3f, 0xf2, 0x0, 0x8,
    0xf5, 0x0, 0x0, 0x8f, 0xd0, 0x0, 0x8f, 0x50,
    0x0, 0x0, 0xdf, 0x80, 0x8, 0xf5, 0x0, 0x0,
    0x3, 0xff, 0x40, 0x8f, 0x50, 0x0, 0x0, 0x8,
    0xfe, 0x10, 0x0, 0x0, 0x0, 0x0, 0x0, 0x0,
    0x0, 0x0, 0x0, 0x0, 0x0, 0x0, 0x0, 0x1,
    0x88, 0x88, 0x87, 0x0, 0x0, 0x0, 0x3f, 0xff,
    0xff, 0xd0, 0x0, 0x0,

    /* U+1E35 "ḵ" */
    0xbf, 0x10, 0x0, 0x0, 0xb, 0xf1, 0x0, 0x0,
    0x0, 0xbf, 0x10, 0x0, 0x0, 0xb, 0xf1, 0x0,
    0x0, 0x0, 0xbf, 0x10, 0x4, 0xfe, 0x2b, 0xf1,
    0x3, 0xfe, 0x20, 0xbf, 0x12, 0xee, 0x20, 0xb,
    0xf3, 0xee, 0x30, 0x0, 0xbf, 0xef, 0xd0, 0x0,
    0xb, 0xff, 0xbf, 0x70, 0x0, 0xbf, 0x41, 0xef,
    0x20, 0xb, 0xf1, 0x6, 0xfb, 0x0, 0xbf, 0x10,
    0xc, 0xf5, 0xb, 0xf1, 0x0, 0x2f, 0xe1, 0xbf,
    0x10, 0x0, 0x8f, 0x90, 0x0, 0x0, 0x0, 0x0,
    0x0, 0x0, 0x0, 0x0, 0x0, 0x58, 0x88, 0x88,
    0x30, 0xa, 0xff, 0xff, 0xf7, 0x0,

    /* U+1E36 "Ḷ" */
    0x8f, 0x60, 0x0, 0x0, 0x0, 0x8f, 0x60, 0x0,
    0x0, 0x0, 0x8f, 0x60, 0x0, 0x0, 0x0, 0x8f,
    0x60, 0x0, 0x0, 0x0, 0x8f, 0x60, 0x0, 0x0,
    0x0, 0x8f, 0x60, 0x0, 0x0, 0x0, 0x8f, 0x60,
    0x0, 0x0, 0x0, 0x8f, 0x60, 0x0, 0x0, 0x0,
    0x8f, 0x60, 0x0, 0x0, 0x0, 0x8f, 0x60, 0x0,
    0x0, 0x0, 0x8f, 0x60, 0x0, 0x0, 0x0, 0x8f,
    0x60, 0x0, 0x0, 0x0, 0x8f, 0x60, 0x0, 0x0,
    0x0, 0x8f, 0xdc, 0xcc, 0xcc, 0xc5, 0x8f, 0xff,
    0xff, 0xff, 0xf7, 0x0, 0x0, 0x0, 0x0, 0x0,
    0x0, 0x0, 0x10, 0x0, 0x0, 0x0, 0x0, 0xfc,
    0x0, 0x0, 0x0, 0x0, 0xfc, 0x0, 0x0,

    /* U+1E37 "ḷ" */
    0xaf, 0x1a, 0xf1, 0xaf, 0x1a, 0xf1, 0xaf, 0x1a,
    0xf1, 0xaf, 0x1a, 0xf1, 0xaf, 0x1a, 0xf1, 0xaf,
    0x1a, 0xf1, 0xaf, 0x1a, 0xf1, 0xaf, 0x10, 0x0,
    0x1, 0xa, 0xf2, 0xaf, 0x20,

    /* U+1E38 "Ḹ" */
    0x1, 0x88, 0x88, 0x86, 0x0, 0x3, 0xff, 0xff,
    0xfd, 0x0, 0x0, 0x0, 0x0, 0x0, 0x0, 0x0,
    0x0, 0x0, 0x0, 0x0, 0x8f, 0x60, 0x0, 0x0,
    0x0, 0x8f, 0x60, 0x0, 0x0, 0x0, 0x8f, 0x60,
    0x0, 0x0, 0x0, 0x8f, 0x60, 0x0, 0x0, 0x0,
    0x8f, 0x60, 0x0, 0x0, 0x0, 0x8f, 0x60, 0x0,
    0x0, 0x0, 0x8f, 0x60, 0x0, 0x0, 0x0, 0x8f,
    0x60, 0x0, 0x0, 0x0, 0x8f, 0x60, 0x0, 0x0,
    0x0, 0x8f, 0x60, 0x0, 0x0, 0x0, 0x8f, 0x60,
    0x0, 0x0, 0x0, 0x8f, 0x60, 0x0, 0x0, 0x0,
    0x8f, 0x60, 0x0, 0x0, 0x0, 0x8f, 0xdc, 0xcc,
    0xcc, 0xc5, 0x8f, 0xff, 0xff, 0xff, 0xf7, 0x0,
    0x0, 0x0, 0x0, 0x0, 0x0, 0x0, 0x10, 0x0,
    0x0, 0x0, 0x0, 0xfc, 0x0, 0x0, 0x0, 0x0,
    0xfc, 0x0, 0x0,

    /* U+1E39 "ḹ" */
    0x68, 0x88, 0x88, 0x2d, 0xff, 0xff, 0xf4, 0x0,
    0x0, 0x0, 0x0, 0x0, 0x0, 0x0, 0x0, 0xaf,
    0x10, 0x0, 0xa, 0xf1, 0x0, 0x0, 0xaf, 0x10,
    0x0, 0xa, 0xf1, 0x0, 0x0, 0xaf, 0x10, 0x0,
    0xa, 0xf1, 0x0, 0x0, 0xaf, 0x10, 0x0, 0xa,
    0xf1, 0x0, 0x0, 0xaf, 0x10, 0x0, 0xa, 0xf1,
    0x0, 0x0, 0xaf, 0x10, 0x0, 0xa, 0xf1, 0x0,
    0x0, 0xaf, 0x10, 0x0, 0xa, 0xf1, 0x0, 0x0,
    0xaf, 0x10, 0x0, 0x0, 0x0, 0x0, 0x0, 0x1,
    0x0, 0x0, 0xa, 0xf2, 0x0, 0x0, 0xaf, 0x20,
    0x0,

    /* U+1E3A "Ḻ" */
    0x8f, 0x60, 0x0, 0x0, 0x0, 0x8f, 0x60, 0x0,
    0x0, 0x0, 0x8f, 0x60, 0x0, 0x0, 0x0, 0x8f,
    0x60, 0x0, 0x0, 0x0, 0x8f, 0x60, 0x0, 0x0,
    0x0, 0x8f, 0x60, 0x0, 0x0, 0x0, 0x8f, 0x60,
    0x0, 0x0, 0x0, 0x8f, 0x60, 0x0, 0x0, 0x0,
    0x8f, 0x60, 0x0, 0x0, 0x0, 0x8f, 0x60, 0x0,
    0x0, 0x0, 0x8f, 0x60, 0x0, 0x0, 0x0, 0x8f,
    0x60, 0x0, 0x0, 0x0, 0x8f, 0x60, 0x0, 0x0,
    0x0, 0x8f, 0xdc, 0xcc, 0xcc, 0xc5, 0x8f, 0xff,
    0xff, 0xff, 0xf7, 0x0, 0x0, 0x0, 0x0, 0x0,
    0x0, 0x0, 0x0, 0x0, 0x0, 0x1, 0x88, 0x88,
    0x87, 0x0, 0x2, 0xff, 0xff, 0xff, 0x0,

    /* U+1E3B "ḻ" */
    0x0, 0xaf, 0x10, 0x0, 0xa, 0xf1, 0x0, 0x0,
    0xaf, 0x10, 0x0, 0xa, 0xf1, 0x0, 0x0, 0xaf,
    0x10, 0x0, 0xa, 0xf1, 0x0, 0x0, 0xaf, 0x10,
    0x0, 0xa, 0xf1, 0x0, 0x0, 0xaf, 0x10, 0x0,
    0xa, 0xf1, 0x0, 0x0, 0xaf, 0x10, 0x0, 0xa,
    0xf1, 0x0, 0x0, 0xaf, 0x10, 0x0, 0xa, 0xf1,
    0x0, 0x0, 0xaf, 0x10, 0x0, 0x0, 0x0, 0x0,
    0x0, 0x0, 0x0, 0x6, 0x88, 0x88, 0x82, 0xdf,
    0xff, 0xff, 0x40,

    /* U+1E3C "Ḽ" */
    0x8f, 0x60, 0x0, 0x0, 0x0, 0x8f, 0x60, 0x0,
    0x0, 0x0, 0x8f, 0x60, 0x0, 0x0, 0x0, 0x8f,
    0x60, 0x0, 0x0, 0x0, 0x8f, 0x60, 0x0, 0x0,
    0x0, 0x8f, 0x60, 0x0, 0x0, 0x0, 0x8f, 0x60,
    0x0, 0x0, 0x0, 0x8f, 0x60, 0x0, 0x0, 0x0,
    0x8f, 0x60, 0x0, 0x0, 0x0, 0x8f, 0x60, 0x0,
    0x0, 0x0, 0x8f, 0x60, 0x0, 0x0, 0x0, 0x8f,
    0x60, 0x0, 0x0, 0x0, 0x8f, 0x60, 0x0, 0x0,
    0x0, 0x8f, 0xdc, 0xcc, 0xcc, 0xc5, 0x8f, 0xff,
    0xff, 0xff, 0xf7, 0x0, 0x0, 0x0, 0x0, 0x0,
    0x0, 0x1, 0x99, 0x10, 0x0, 0x0, 0xc, 0xed,
    0xc0, 0x0, 0x0, 0xaf, 0x43, 0xfa, 0x0,

    /* U+1E3D "ḽ" */
    0x0, 0xaf, 0x10, 0x0, 0xa, 0xf1, 0x0, 0x0,
    0xaf, 0x10, 0x0, 0xa, 0xf1, 0x0, 0x0, 0xaf,
    0x10, 0x0, 0xa, 0xf1, 0x0, 0x0, 0xaf, 0x10,
    0x0, 0xa, 0xf1, 0x0, 0x0, 0xaf, 0x10, 0x0,
    0xa, 0xf1, 0x0, 0x0, 0xaf, 0x10, 0x0, 0xa,
    0xf1, 0x0, 0x0, 0xaf, 0x10, 0x0, 0xa, 0xf1,
    0x0, 0x0, 0xaf, 0x10, 0x0, 0x0, 0x0, 0x0,
    0x0, 0x89, 0x40, 0x0, 0x8f, 0xcf, 0x20, 0x5f,
    0x90, 0xee, 0x10,

    /* U+1E3E "Ḿ" */
    0x0, 0x0, 0x0, 0x7, 0xd8, 0x0, 0x0, 0x0,
    0x0, 0x0, 0x0, 0xee, 0x10, 0x0, 0x0, 0x0,
    0x0, 0x0, 0x6f, 0x30, 0x0, 0x0, 0x0, 0x0,
    0x0, 0x0, 0x0, 0x0, 0x0, 0x0, 0x7f, 0xf8,
    0x0, 0x0, 0x0, 0x8, 0xff, 0x27, 0xff, 0xd0,
    0x0, 0x0, 0x0, 0xdf, 0xf2, 0x7f, 0xdf, 0x20,
    0x0, 0x0, 0x3f, 0xef, 0x27, 0xf8, 0xf7, 0x0,
    0x0, 0x8, 0xea, 0xf2, 0x7f, 0x5e, 0xc0, 0x0,
    0x0, 0xda, 0xaf, 0x27, 0xf5, 0x9f, 0x10, 0x0,
    0x2f, 0x4a, 0xf2, 0x7f, 0x54, 0xf6, 0x0, 0x8,
    0xf0, 0xaf, 0x27, 0xf5, 0xe, 0xc0, 0x0, 0xda,
    0xa, 0xf2, 0x7f, 0x50, 0x9f, 0x10, 0x2f, 0x50,
    0xaf, 0x27, 0xf5, 0x4, 0xf6, 0x7, 0xf0, 0xa,
    0xf2, 0x7f, 0x50, 0xf, 0xb0, 0xda, 0x0, 0xaf,
    0x27, 0xf5, 0x0, 0xaf, 0x2f, 0x50, 0xa, 0xf2,
    0x7f, 0x50, 0x5, 0xfc, 0xf0, 0x0, 0xaf, 0x27,
    0xf5, 0x0, 0xf, 0xfa, 0x0, 0xa, 0xf2, 0x7f,
    0x50, 0x0, 0xaf, 0x50, 0x0, 0xaf, 0x20,

    /* U+1E3F "ḿ" */
    0x0, 0x0, 0x0, 0x3, 0xfd, 0x0, 0x0, 0x0,
    0x0, 0x0, 0x0, 0xbf, 0x30, 0x0, 0x0, 0x0,
    0x0, 0x0, 0x1d, 0x60, 0x0, 0x0, 0x0, 0x0,
    0x0, 0x0, 0x0, 0x0, 0x0, 0x0, 0xbe, 0x2b,
    0xff, 0xb2, 0x19, 0xef, 0xb2, 0xb, 0xfe, 0xa6,
    0x9f, 0xdd, 0xb6, 0x7f, 0xd0, 0xbf, 0x90, 0x0,
    0xbf, 0xb0, 0x0, 0x9f, 0x3b, 0xf3, 0x0, 0x9,
    0xf5, 0x0, 0x6, 0xf5, 0xbf, 0x10, 0x0, 0x8f,
    0x30, 0x0, 0x6f, 0x6b, 0xf1, 0x0, 0x8, 0xf3,
    0x0, 0x6, 0xf6, 0xbf, 0x10, 0x0, 0x8f, 0x30,
    0x0, 0x6f, 0x6b, 0xf1, 0x0, 0x8, 0xf3, 0x0,
    0x6, 0xf6, 0xbf, 0x10, 0x0, 0x8f, 0x30, 0x0,
    0x6f, 0x6b, 0xf1, 0x0, 0x8, 0xf3, 0x0, 0x6,
    0xf6, 0xbf, 0x10, 0x0, 0x8f, 0x30, 0x0, 0x6f,
    0x60,

    /* U+1E40 "Ṁ" */
    0x0, 0x0, 0x0, 0x1, 0x0, 0x0, 0x0, 0x0,
    0x0, 0x0, 0x8, 0xf4, 0x0, 0x0, 0x0, 0x0,
    0x0, 0x0, 0x8f, 0x40, 0x0, 0x0, 0x0, 0x0,
    0x0, 0x0, 0x0, 0x0, 0x0, 0x0, 0x7f, 0xf8,
    0x0, 0x0, 0x0, 0x8, 0xff, 0x27, 0xff, 0xd0,
    0x0, 0x0, 0x0, 0xdf, 0xf2, 0x7f, 0xdf, 0x20,
    0x0, 0x0, 0x3f, 0xef, 0x27, 0xf8, 0xf7, 0x0,
    0x0, 0x8, 0xea, 0xf2, 0x7f, 0x5e, 0xc0, 0x0,
    0x0, 0xda, 0xaf, 0x27, 0xf5, 0x9f, 0x10, 0x0,
    0x2f, 0x4a, 0xf2, 0x7f, 0x54, 0xf6, 0x0, 0x8,
    0xf0, 0xaf, 0x27, 0xf5, 0xe, 0xc0, 0x0, 0xda,
    0xa, 0xf2, 0x7f, 0x50, 0x9f, 0x10, 0x2f, 0x50,
    0xaf, 0x27, 0xf5, 0x4, 0xf6, 0x7, 0xf0, 0xa,
    0xf2, 0x7f, 0x50, 0xf, 0xb0, 0xda, 0x0, 0xaf,
    0x27, 0xf5, 0x0, 0xaf, 0x2f, 0x50, 0xa, 0xf2,
    0x7f, 0x50, 0x5, 0xfc, 0xf0, 0x0, 0xaf, 0x27,
    0xf5, 0x0, 0xf, 0xfa, 0x0, 0xa, 0xf2, 0x7f,
    0x50, 0x0, 0xaf, 0x50, 0x0, 0xaf, 0x20,

    /* U+1E41 "ṁ" */
    0x0, 0x0, 0x0, 0x6f, 0x60, 0x0, 0x0, 0x0,
    0x0, 0x0, 0x6, 0xf6, 0x0, 0x0, 0x0, 0x0,
    0x0, 0x0, 0x1, 0x0, 0x0, 0x0, 0x0, 0x0,
    0x0, 0x0, 0x0, 0x0, 0x0, 0x0, 0xbe, 0x2b,
    0xff, 0xb2, 0x19, 0xef, 0xb2, 0xb, 0xfe, 0xa6,
    0x9f, 0xdd, 0xb6, 0x7f, 0xd0, 0xbf, 0x90, 0x0,
    0xbf, 0xb0, 0x0, 0x9f, 0x3b, 0xf3, 0x0, 0x9,
    0xf5, 0x0, 0x6, 0xf5, 0xbf, 0x10, 0x0, 0x8f,
    0x30, 0x0, 0x6f, 0x6b, 0xf1, 0x0, 0x8, 0xf3,
    0x0, 0x6, 0xf6, 0xbf, 0x10, 0x0, 0x8f, 0x30,
    0x0, 0x6f, 0x6b, 0xf1, 0x0, 0x8, 0xf3, 0x0,
    0x6, 0xf6, 0xbf, 0x10, 0x0, 0x8f, 0x30, 0x0,
    0x6f, 0x6b, 0xf1, 0x0, 0x8, 0xf3, 0x0, 0x6,
    0xf6, 0xbf, 0x10, 0x0, 0x8f, 0x30, 0x0, 0x6f,
    0x60,

    /* U+1E42 "Ṃ" */
    0x7f, 0xf8, 0x0, 0x0, 0x0, 0x8, 0xff, 0x27,
    0xff, 0xd0, 0x0, 0x0, 0x0, 0xdf, 0xf2, 0x7f,
    0xdf, 0x20, 0x0, 0x0, 0x3f, 0xef, 0x27, 0xf8,
    0xf7, 0x0, 0x0, 0x8, 0xea, 0xf2, 0x7f, 0x5e,
    0xc0, 0x0, 0x0, 0xda, 0xaf, 0x27, 0xf5, 0x9f,
    0x10, 0x0, 0x2f, 0x4a, 0xf2, 0x7f, 0x54, 0xf6,
    0x0, 0x8, 0xf0, 0xaf, 0x27, 0xf5, 0xe, 0xc0,
    0x0, 0xda, 0xa, 0xf2, 0x7f, 0x50, 0x9f, 0x10,
    0x2f, 0x50, 0xaf, 0x27, 0xf5, 0x4, 0xf6, 0x7,
    0xf0, 0xa, 0xf2, 0x7f, 0x50, 0xf, 0xb0, 0xda,
    0x0, 0xaf, 0x27, 0xf5, 0x0, 0xaf, 0x2f, 0x50,
    0xa, 0xf2, 0x7f, 0x50, 0x5, 0xfc, 0xf0, 0x0,
    0xaf, 0x27, 0xf5, 0x0, 0xf, 0xfa, 0x0, 0xa,
    0xf2, 0x7f, 0x50, 0x0, 0xaf, 0x50, 0x0, 0xaf,
    0x20, 0x0, 0x0, 0x0, 0x0, 0x0, 0x0, 0x0,
    0x0, 0x0, 0x0, 0x1, 0x0, 0x0, 0x0, 0x0,
    0x0, 0x0, 0x6, 0xf6, 0x0, 0x0, 0x0, 0x0,
    0x0, 0x0, 0x6f, 0x60, 0x0, 0x0, 0x0,

    /* U+1E43 "ṃ" */
    0xbe, 0x2b, 0xff, 0xb2, 0x19, 0xef, 0xb2, 0xb,
    0xfe, 0xa6, 0x9f, 0xdd, 0xb6, 0x7f, 0xd0, 0xbf,
    0x90, 0x0, 0xbf, 0xb0, 0x0, 0x9f, 0x3b, 0xf3,
    0x0, 0x9, 0xf5, 0x0, 0x6, 0xf5, 0xbf, 0x10,
    0x0, 0x8f, 0x30, 0x0, 0x6f, 0x6b, 0xf1, 0x0,
    0x8, 0xf3, 0x0, 0x6, 0xf6, 0xbf, 0x10, 0x0,
    0x8f, 0x30, 0x0, 0x6f, 0x6b, 0xf1, 0x0, 0x8,
    0xf3, 0x0, 0x6, 0xf6, 0xbf, 0x10, 0x0, 0x8f,
    0x30, 0x0, 0x6f, 0x6b, 0xf1, 0x0, 0x8, 0xf3,
    0x0, 0x6, 0xf6, 0xbf, 0x10, 0x0, 0x8f, 0x30,
    0x0, 0x6f, 0x60, 0x0, 0x0, 0x0, 0x0, 0x0,
    0x0, 0x0, 0x0, 0x0, 0x0, 0x1, 0x0, 0x0,
    0x0, 0x0, 0x0, 0x0, 0x6, 0xf6, 0x0, 0x0,
    0x0, 0x0, 0x0, 0x0, 0x6f, 0x60, 0x0, 0x0,
    0x0,

    /* U+1E44 "Ṅ" */
    0x0, 0x0, 0x0, 0x10, 0x0, 0x0, 0x0, 0x0,
    0x8, 0xf4, 0x0, 0x0, 0x0, 0x0, 0x8, 0xf4,
    0x0, 0x0, 0x0, 0x0, 0x0, 0x0, 0x0, 0x0,
    0x6f, 0xd0, 0x0, 0x0, 0x0, 0xfd, 0x6f, 0xf7,
    0x0, 0x0, 0x0, 0xfd, 0x6f, 0xff, 0x20, 0x0,
    0x0, 0xfd, 0x6f, 0xcf, 0xb0, 0x0, 0x0, 0xfd,
    0x6f, 0x6c, 0xf5, 0x0, 0x0, 0xfd, 0x6f, 0x62,
    0xfe, 0x10, 0x0, 0xfd, 0x6f, 0x60, 0x7f, 0xa0,
    0x0, 0xfd, 0x6f, 0x60, 0xd, 0xf4, 0x0, 0xfd,
    0x6f, 0x60, 0x3, 0xfd, 0x0, 0xfd, 0x6f, 0x60,
    0x0, 0x9f, 0x80, 0xfd, 0x6f, 0x60, 0x0, 0xe,
    0xf3, 0xfd, 0x6f, 0x60, 0x0, 0x5, 0xfc, 0xfd,
    0x6f, 0x60, 0x0, 0x0, 0xaf, 0xfd, 0x6f, 0x60,
    0x0, 0x0, 0x1f, 0xfd, 0x6f, 0x60, 0x0, 0x0,
    0x6, 0xfd,

    /* U+1E45 "ṅ" */
    0x0, 0x0, 0xdf, 0x0, 0x0, 0x0, 0xd, 0xf0,
    0x0, 0x0, 0x0, 0x11, 0x0, 0x0, 0x0, 0x0,
    0x0, 0x0, 0xaf, 0x1a, 0xef, 0xc5, 0xa, 0xfe,
    0xb6, 0x7e, 0xf4, 0xaf, 0xa0, 0x0, 0x4f, 0xaa,
    0xf4, 0x0, 0x0, 0xfc, 0xaf, 0x20, 0x0, 0xf,
    0xca, 0xf1, 0x0, 0x0, 0xfd, 0xaf, 0x10, 0x0,
    0xf, 0xda, 0xf1, 0x0, 0x0, 0xfd, 0xaf, 0x10,
    0x0, 0xf, 0xda, 0xf1, 0x0, 0x0, 0xfd, 0xaf,
    0x10, 0x0, 0xf, 0xd0,

    /* U+1E46 "Ṇ" */
    0x6f, 0xd0, 0x0, 0x0, 0x0, 0xfd, 0x6f, 0xf7,
    0x0, 0x0, 0x0, 0xfd, 0x6f, 0xff, 0x20, 0x0,
    0x0, 0xfd, 0x6f, 0xcf, 0xb0, 0x0, 0x0, 0xfd,
    0x6f, 0x6c, 0xf5, 0x0, 0x0, 0xfd, 0x6f, 0x62,
    0xfe, 0x10, 0x0, 0xfd, 0x6f, 0x60, 0x7f, 0xa0,
    0x0, 0xfd, 0x6f, 0x60, 0xd, 0xf4, 0x0, 0xfd,
    0x6f, 0x60, 0x3, 0xfd, 0x0, 0xfd, 0x6f, 0x60,
    0x0, 0x9f, 0x80, 0xfd, 0x6f, 0x60, 0x0, 0xe,
    0xf3, 0xfd, 0x6f, 0x60, 0x0, 0x5, 0xfc, 0xfd,
    0x6f, 0x60, 0x0, 0x0, 0xaf, 0xfd, 0x6f, 0x60,
    0x0, 0x0, 0x1f, 0xfd, 0x6f, 0x60, 0x0, 0x0,
    0x6, 0xfd, 0x0, 0x0, 0x0, 0x0, 0x0, 0x0,
    0x0, 0x0, 0x0, 0x10, 0x0, 0x0, 0x0, 0x0,
    0x8, 0xf4, 0x0, 0x0, 0x0, 0x0, 0x8, 0xf4,
    0x0, 0x0,

    /* U+1E47 "ṇ" */
    0xaf, 0x1a, 0xef, 0xc5, 0xa, 0xfe, 0xb6, 0x7e,
    0xf4, 0xaf, 0xa0, 0x0, 0x4f, 0xaa, 0xf4, 0x0,
    0x0, 0xfc, 0xaf, 0x20, 0x0, 0xf, 0xca, 0xf1,
    0x0, 0x0, 0xfd, 0xaf, 0x10, 0x0, 0xf, 0xda,
    0xf1, 0x0, 0x0, 0xfd, 0xaf, 0x10, 0x0, 0xf,
    0xda, 0xf1, 0x0, 0x0, 0xfd, 0xaf, 0x10, 0x0,
    0xf, 0xd0, 0x0, 0x0, 0x0, 0x0, 0x0, 0x0,
    0x10, 0x0, 0x0, 0x0, 0x1f, 0xb0, 0x0, 0x0,
    0x1, 0xfb, 0x0, 0x0,

    /* U+1E48 "Ṉ" */
    0x6f, 0xd0, 0x0, 0x0, 0x0, 0xfd, 0x6f, 0xf7,
    0x0, 0x0, 0x0, 0xfd, 0x6f, 0xff, 0x20, 0x0,
    0x0, 0xfd, 0x6f, 0xcf, 0xb0, 0x0, 0x0, 0xfd,
    0x6f, 0x6c, 0xf5, 0x0, 0x0, 0xfd, 0x6f, 0x62,
    0xfe, 0x10, 0x0, 0xfd, 0x6f, 0x60, 0x7f, 0xa0,
    0x0, 0xfd, 0x6f, 0x60, 0xd, 0xf4, 0x0, 0xfd,
    0x6f, 0x60, 0x3, 0xfd, 0x0, 0xfd, 0x6f, 0x60,
    0x0, 0x9f, 0x80, 0xfd, 0x6f, 0x60, 0x0, 0xe,
    0xf3, 0xfd, 0x6f, 0x60, 0x0, 0x5, 0xfc, 0xfd,
    0x6f, 0x60, 0x0, 0x0, 0xaf, 0xfd, 0x6f, 0x60,
    0x0, 0x0, 0x1f, 0xfd, 0x6f, 0x60, 0x0, 0x0,
    0x6, 0xfd, 0x0, 0x0, 0x0, 0x0, 0x0, 0x0,
    0x0, 0x0, 0x0, 0x0, 0x0, 0x0, 0x0, 0x6,
    0x88, 0x88, 0x82, 0x0, 0x0, 0xd, 0xff, 0xff,
    0xf4, 0x0,

    /* U+1E49 "ṉ" */
    0xaf, 0x1a, 0xef, 0xc5, 0xa, 0xfe, 0xb6, 0x7e,
    0xf4, 0xaf, 0xa0, 0x0, 0x4f, 0xaa, 0xf4, 0x0,
    0x0, 0xfc, 0xaf, 0x20, 0x0, 0xf, 0xca, 0xf1,
    0x0, 0x0, 0xfd, 0xaf, 0x10, 0x0, 0xf, 0xda,
    0xf1, 0x0, 0x0, 0xfd, 0xaf, 0x10, 0x0, 0xf,
    0xda, 0xf1, 0x0, 0x0, 0xfd, 0xaf, 0x10, 0x0,
    0xf, 0xd0, 0x0, 0x0, 0x0, 0x0, 0x0, 0x0,
    0x0, 0x0, 0x0, 0x38, 0x88, 0x88, 0x50, 0x6,
    0xff, 0xff, 0xfb, 0x0,

    /* U+1E4A "Ṋ" */
    0x6f, 0xd0, 0x0, 0x0, 0x0, 0xfd, 0x6f, 0xf7,
    0x0, 0x0, 0x0, 0xfd, 0x6f, 0xff, 0x20, 0x0,
    0x0, 0xfd, 0x6f, 0xcf, 0xb0, 0x0, 0x0, 0xfd,
    0x6f, 0x6c, 0xf5, 0x0, 0x0, 0xfd, 0x6f, 0x62,
    0xfe, 0x10, 0x0, 0xfd, 0x6f, 0x60, 0x7f, 0xa0,
    0x0, 0xfd, 0x6f, 0x60, 0xd, 0xf4, 0x0, 0xfd,
    0x6f, 0x60, 0x3, 0xfd, 0x0, 0xfd, 0x6f, 0x60,
    0x0, 0x9f, 0x80, 0xfd, 0x6f, 0x60, 0x0, 0xe,
    0xf3, 0xfd, 0x6f, 0x60, 0x0, 0x5, 0xfc, 0xfd,
    0x6f, 0x60, 0x0, 0x0, 0xaf, 0xfd, 0x6f, 0x60,
    0x0, 0x0, 0x1f, 0xfd, 0x6f, 0x60, 0x0, 0x0,
    0x6, 0xfd, 0x0, 0x0, 0x0, 0x0, 0x0, 0x0,
    0x0, 0x0, 0x6, 0x96, 0x0, 0x0, 0x0, 0x0,
    0x5f, 0xcf, 0x50, 0x0, 0x0, 0x3, 0xfc, 0xb,
    0xf3, 0x0,

    /* U+1E4B "ṋ" */
    0xaf, 0x1a, 0xef, 0xc5, 0xa, 0xfe, 0xb6, 0x7e,
    0xf4, 0xaf, 0xa0, 0x0, 0x4f, 0xaa, 0xf4, 0x0,
    0x0, 0xfc, 0xaf, 0x20, 0x0, 0xf, 0xca, 0xf1,
    0x0, 0x0, 0xfd, 0xaf, 0x10, 0x0, 0xf, 0xda,
    0xf1, 0x0, 0x0, 0xfd, 0xaf, 0x10, 0x0, 0xf,
    0xda, 0xf1, 0x0, 0x0, 0xfd, 0xaf, 0x10, 0x0,
    0xf, 0xd0, 0x0, 0x0, 0x0, 0x0, 0x0, 0x6,
    0x96, 0x0, 0x0, 0x4, 0xfc, 0xf6, 0x0, 0x2,
    0xfc, 0xa, 0xf4, 0x0,

    /* U+1E4C "Ṍ" */
    0x0, 0x0, 0x0, 0x4, 0xfd, 0x0, 0x0, 0x0,
    0x0, 0x0, 0x0, 0xbf, 0x20, 0x0, 0x0, 0x0,
    0x0, 0x0, 0x2d, 0x50, 0x10, 0x0, 0x0, 0x0,
    0x0, 0xbf, 0xc4, 0x6f, 0x0, 0x0, 0x0, 0x0,
    0x5f, 0x59, 0xff, 0x90, 0x0, 0x0, 0x0, 0x1,
    0x30, 0x2, 0x30, 0x0, 0x0, 0x0, 0x0, 0x0,
    0x0, 0x0, 0x0, 0x0, 0x0, 0x0, 0x3, 0x9d,
    0xfe, 0xc7, 0x0, 0x0, 0x0, 0x8, 0xff, 0xdb,
    0xcf, 0xfe, 0x20, 0x0, 0x7, 0xfe, 0x40, 0x0,
    0x8, 0xfe, 0x10, 0x2, 0xfe, 0x10, 0x0, 0x0,
    0x8, 0xfb, 0x0, 0x9f, 0x70, 0x0, 0x0, 0x0,
    0xe, 0xf2, 0xd, 0xf2, 0x0, 0x0, 0x0, 0x0,
    0x9f, 0x60, 0xff, 0x0, 0x0, 0x0, 0x0, 0x6,
    0xf8, 0xf, 0xe0, 0x0, 0x0, 0x0, 0x0, 0x5f,
    0x90, 0xff, 0x0, 0x0, 0x0, 0x0, 0x6, 0xf9,
    0xd, 0xf1, 0x0, 0x0, 0x0, 0x0, 0x9f, 0x60,
    0x9f, 0x70, 0x0, 0x0, 0x0, 0xe, 0xf2, 0x2,
    0xff, 0x20, 0x0, 0x0, 0x7, 0xfb, 0x0, 0x7,
    0xfe, 0x40, 0x0, 0x8, 0xfe, 0x20, 0x0, 0x7,
    0xff, 0xdb, 0xcf, 0xfe, 0x30, 0x0, 0x0, 0x3,
    0x9d, 0xff, 0xc7, 0x0, 0x0,

    /* U+1E4D "ṍ" */
    0x0, 0x0, 0x7, 0xfb, 0x0, 0x0, 0x0, 0x0,
    0xee, 0x10, 0x0, 0x0, 0x0, 0x4d, 0x30, 0x0,
    0x0, 0x0, 0x0, 0x0, 0x0, 0x0, 0x0, 0x1c,
    0xf9, 0x29, 0xc0, 0x0, 0x9, 0xd6, 0xcf, 0xf5,
    0x0, 0x0, 0x22, 0x0, 0x32, 0x0, 0x0, 0x0,
    0x0, 0x0, 0x0, 0x0, 0x0, 0x18, 0xef, 0xe9,
    0x10, 0x0, 0x1e, 0xfb, 0x8b, 0xfe, 0x20, 0xa,
    0xf6, 0x0, 0x5, 0xfc, 0x0, 0xfd, 0x0, 0x0,
    0xb, 0xf2, 0x3f, 0x90, 0x0, 0x0, 0x7f, 0x54,
    0xf8, 0x0, 0x0, 0x6, 0xf6, 0x3f, 0xa0, 0x0,
    0x0, 0x8f, 0x50, 0xfd, 0x0, 0x0, 0xc, 0xf2,
    0xb, 0xf7, 0x0, 0x4, 0xfc, 0x0, 0x1e, 0xfc,
    0x8a, 0xfe, 0x20, 0x0, 0x18, 0xdf, 0xe9, 0x10,
    0x0,

    /* U+1E4E "Ṏ" */
    0x0, 0x0, 0xf, 0xe0, 0x5f, 0x70, 0x0, 0x0,
    0x0, 0x0, 0xfe, 0x5, 0xf7, 0x0, 0x0, 0x0,
    0x0, 0x1, 0x10, 0x1, 0x10, 0x0, 0x0, 0x0,
    0x0, 0xbf, 0xc4, 0x6f, 0x0, 0x0, 0x0, 0x0,
    0x5f, 0x59, 0xff, 0x90, 0x0, 0x0, 0x0, 0x1,
    0x30, 0x2, 0x30, 0x0, 0x0, 0x0, 0x0, 0x0,
    0x0, 0x0, 0x0, 0x0, 0x0, 0x0, 0x3, 0x9d,
    0xfe, 0xc7, 0x0, 0x0, 0x0, 0x8, 0xff, 0xdb,
    0xcf, 0xfe, 0x20, 0x0, 0x7, 0xfe, 0x40, 0x0,
    0x8, 0xfe, 0x10, 0x2, 0xfe, 0x10, 0x0, 0x0,
    0x8, 0xfb, 0x0, 0x9f, 0x70, 0x0, 0x0, 0x0,
    0xe, 0xf2, 0xd, 0xf2, 0x0, 0x0, 0x0, 0x0,
    0x9f, 0x60, 0xff, 0x0, 0x0, 0x0, 0x0, 0x6,
    0xf8, 0xf, 0xe0, 0x0, 0x0, 0x0, 0x0, 0x5f,
    0x90, 0xff, 0x0, 0x0, 0x0, 0x0, 0x6, 0xf9,
    0xd, 0xf1, 0x0, 0x0, 0x0, 0x0, 0x9f, 0x60,
    0x9f, 0x70, 0x0, 0x0, 0x0, 0xe, 0xf2, 0x2,
    0xff, 0x20, 0x0, 0x0, 0x7, 0xfb, 0x0, 0x7,
    0xfe, 0x40, 0x0, 0x8, 0xfe, 0x20, 0x0, 0x7,
    0xff, 0xdb, 0xcf, 0xfe, 0x30, 0x0, 0x0, 0x3,
    0x9d, 0xff, 0xc7, 0x0, 0x0,

    /* U+1E4F "ṏ" */
    0x0, 0x1, 0x0, 0x1, 0x0, 0x0, 0x2, 0xfb,
    0x8, 0xf4, 0x0, 0x0, 0x2f, 0xb0, 0x8f, 0x40,
    0x0, 0x0, 0x0, 0x0, 0x0, 0x0, 0x0, 0x1c,
    0xf9, 0x29, 0xc0, 0x0, 0x9, 0xd6, 0xcf, 0xf5,
    0x0, 0x0, 0x22, 0x0, 0x32, 0x0, 0x0, 0x0,
    0x0, 0x0, 0x0, 0x0, 0x0, 0x18, 0xef, 0xe9,
    0x10, 0x0, 0x1e, 0xfb, 0x8b, 0xfe, 0x20, 0xa,
    0xf6, 0x0, 0x5, 0xfc, 0x0, 0xfd, 0x0, 0x0,
    0xb, 0xf2, 0x3f, 0x90, 0x0, 0x0, 0x7f, 0x54,
    0xf8, 0x0, 0x0, 0x6, 0xf6, 0x3f, 0xa0, 0x0,
    0x0, 0x8f, 0x50, 0xfd, 0x0, 0x0, 0xc, 0xf2,
    0xb, 0xf7, 0x0, 0x4, 0xfc, 0x0, 0x1e, 0xfc,
    0x8a, 0xfe, 0x20, 0x0, 0x18, 0xdf, 0xe9, 0x10,
    0x0,

    /* U+1E50 "Ṑ" */
    0x0, 0x0, 0x2, 0xef, 0x10, 0x0, 0x0, 0x0,
    0x0, 0x0, 0x4, 0xf8, 0x0, 0x0, 0x0, 0x0,
    0x0, 0x0, 0x8, 0xc0, 0x0, 0x0, 0x0, 0x0,
    0x0, 0x0, 0x0, 0x0, 0x0, 0x0, 0x0, 0x0,
    0x2f, 0xff, 0xff, 0xf0, 0x0, 0x0, 0x0, 0x1,
    0x88, 0x88, 0x87, 0x0, 0x0, 0x0, 0x0, 0x0,
    0x0, 0x0, 0x0, 0x0, 0x0, 0x0, 0x3, 0x9d,
    0xfe, 0xc7, 0x0, 0x0, 0x0, 0x8, 0xff, 0xdb,
    0xcf, 0xfe, 0x20, 0x0, 0x7, 0xfe, 0x40, 0x0,
    0x8, 0xfe, 0x10, 0x2, 0xfe, 0x10, 0x0, 0x0,
    0x8, 0xfb, 0x0, 0x9f, 0x70, 0x0, 0x0, 0x0,
    0xe, 0xf2, 0xd, 0xf2, 0x0, 0x0, 0x0, 0x0,
    0x9f, 0x60, 0xff, 0x0, 0x0, 0x0, 0x0, 0x6,
    0xf8, 0xf, 0xe0, 0x0, 0x0, 0x0, 0x0, 0x5f,
    0x90, 0xff, 0x0, 0x0, 0x0, 0x0, 0x6, 0xf9,
    0xd, 0xf1, 0x0, 0x0, 0x0, 0x0, 0x9f, 0x60,
    0x9f, 0x70, 0x0, 0x0, 0x0, 0xe, 0xf2, 0x2,
    0xff, 0x20, 0x0, 0x0, 0x7, 0xfb, 0x0, 0x7,
    0xfe, 0x40, 0x0, 0x8, 0xfe, 0x20, 0x0, 0x7,
    0xff, 0xdb, 0xcf, 0xfe, 0x30, 0x0, 0x0, 0x3,
    0x9d, 0xff, 0xc7, 0x0, 0x0,

    /* U+1E51 "ṑ" */
    0x0, 0x8, 0xd7, 0x0, 0x0, 0x0, 0x0, 0xd,
    0xf0, 0x0, 0x0, 0x0, 0x0, 0x3f, 0x70, 0x0,
    0x0, 0x0, 0x0, 0x0, 0x0, 0x0, 0x0, 0x9f,
    0xff, 0xff, 0x80, 0x0, 0x4, 0x88, 0x88, 0x84,
    0x0, 0x0, 0x0, 0x0, 0x0, 0x0, 0x0, 0x0,
    0x0, 0x0, 0x0, 0x0, 0x0, 0x18, 0xef, 0xe9,
    0x10, 0x0, 0x1e, 0xfb, 0x8b, 0xfe, 0x20, 0xa,
    0xf6, 0x0, 0x5, 0xfc, 0x0, 0xfd, 0x0, 0x0,
    0xb, 0xf2, 0x3f, 0x90, 0x0, 0x0, 0x7f, 0x54,
    0xf8, 0x0, 0x0, 0x6, 0xf6, 0x3f, 0xa0, 0x0,
    0x0, 0x8f, 0x50, 0xfd, 0x0, 0x0, 0xc, 0xf2,
    0xb, 0xf7, 0x0, 0x4, 0xfc, 0x0, 0x1e, 0xfc,
    0x8a, 0xfe, 0x20, 0x0, 0x18, 0xdf, 0xe9, 0x10,
    0x0,

    /* U+1E52 "Ṓ" */
    0x0, 0x0, 0x0, 0x4, 0xfd, 0x0, 0x0, 0x0,
    0x0, 0x0, 0x0, 0xbf, 0x20, 0x0, 0x0, 0x0,
    0x0, 0x0, 0x1d, 0x50, 0x0, 0x0, 0x0, 0x0,
    0x0, 0x0, 0x0, 0x0, 0x0, 0x0, 0x0, 0x0,
    0x2f, 0xff, 0xff, 0xf0, 0x0, 0x0, 0x0, 0x1,
    0x88, 0x88, 0x87, 0x0, 0x0, 0x0, 0x0, 0x0,
    0x0, 0x0, 0x0, 0x0, 0x0, 0x0, 0x3, 0x9d,
    0xfe, 0xc7, 0x0, 0x0, 0x0, 0x8, 0xff, 0xdb,
    0xcf, 0xfe, 0x20, 0x0, 0x7, 0xfe, 0x40, 0x0,
    0x8, 0xfe, 0x10, 0x2, 0xfe, 0x10, 0x0, 0x0,
    0x8, 0xfb, 0x0, 0x9f, 0x70, 0x0, 0x0, 0x0,
    0xe, 0xf2, 0xd, 0xf2, 0x0, 0x0, 0x0, 0x0,
    0x9f, 0x60, 0xff, 0x0, 0x0, 0x0, 0x0, 0x6,
    0xf8, 0xf, 0xe0, 0x0, 0x0, 0x0, 0x0, 0x5f,
    0x90, 0xff, 0x0, 0x0, 0x0, 0x0, 0x6, 0xf9,
    0xd, 0xf1, 0x0, 0x0, 0x0, 0x0, 0x9f, 0x60,
    0x9f, 0x70, 0x0, 0x0, 0x0, 0xe, 0xf2, 0x2,
    0xff, 0x20, 0x0, 0x0, 0x7, 0xfb, 0x0, 0x7,
    0xfe, 0x40, 0x0, 0x8, 0xfe, 0x20, 0x0, 0x7,
    0xff, 0xdb, 0xcf, 0xfe, 0x30, 0x0, 0x0, 0x3,
    0x9d, 0xff, 0xc7, 0x0, 0x0,

    /* U+1E53 "ṓ" */
    0x0, 0x0, 0x5, 0xda, 0x0, 0x0, 0x0, 0x0,
    0xde, 0x20, 0x0, 0x0, 0x0, 0x4f, 0x40, 0x0,
    0x0, 0x0, 0x0, 0x0, 0x0, 0x0, 0x0, 0x9f,
    0xff, 0xff, 0x80, 0x0, 0x4, 0x88, 0x88, 0x84,
    0x0, 0x0, 0x0, 0x0, 0x0, 0x0, 0x0, 0x0,
    0x0, 0x0, 0x0, 0x0, 0x0, 0x18, 0xef, 0xe9,
    0x10, 0x0, 0x1e, 0xfb, 0x8b, 0xfe, 0x20, 0xa,
    0xf6, 0x0, 0x5, 0xfc, 0x0, 0xfd, 0x0, 0x0,
    0xb, 0xf2, 0x3f, 0x90, 0x0, 0x0, 0x7f, 0x54,
    0xf8, 0x0, 0x0, 0x6, 0xf6, 0x3f, 0xa0, 0x0,
    0x0, 0x8f, 0x50, 0xfd, 0x0, 0x0, 0xc, 0xf2,
    0xb, 0xf7, 0x0, 0x4, 0xfc, 0x0, 0x1e, 0xfc,
    0x8a, 0xfe, 0x20, 0x0, 0x18, 0xdf, 0xe9, 0x10,
    0x0,

    /* U+1E54 "Ṕ" */
    0x0, 0x0, 0x7, 0xd8, 0x0, 0x0, 0x0, 0x0,
    0xe, 0xd1, 0x0, 0x0, 0x0, 0x0, 0x6f, 0x30,
    0x0, 0x0, 0x0, 0x0, 0x0, 0x0, 0x0, 0x0,
    0x7f, 0xff, 0xff, 0xfe, 0xc5, 0x0, 0x7f, 0xdc,
    0xcc, 0xcd, 0xff, 0x80, 0x7f, 0x70, 0x0, 0x0,
    0x4f, 0xf1, 0x7f, 0x70, 0x0, 0x0, 0xa, 0xf5,
    0x7f, 0x70, 0x0, 0x0, 0x8, 0xf7, 0x7f, 0x70,
    0x0, 0x0, 0xb, 0xf5, 0x7f, 0x70, 0x0, 0x0,
    0x6f, 0xf1, 0x7f, 0xdc, 0xcc, 0xce, 0xff, 0x50,
    0x7f, 0xff, 0xff, 0xfe, 0xa3, 0x0, 0x7f, 0x70,
    0x0, 0x0, 0x0, 0x0, 0x7f, 0x70, 0x0, 0x0,
    0x0, 0x0, 0x7f, 0x70, 0x0, 0x0, 0x0, 0x0,
    0x7f, 0x70, 0x0, 0x0, 0x0, 0x0, 0x7f, 0x70,
    0x0, 0x0, 0x0, 0x0, 0x7f, 0x70, 0x0, 0x0,
    0x0, 0x0,

    /* U+1E55 "ṕ" */
    0x0, 0x0, 0x7f, 0xb0, 0x0, 0x0, 0x0, 0xee,
    0x10, 0x0, 0x0, 0x4, 0xd3, 0x0, 0x0, 0x0,
    0x0, 0x0, 0x0, 0x0, 0xaf, 0x1a, 0xff, 0xb2,
    0x0, 0xaf, 0xdd, 0x78, 0xff, 0x20, 0xaf, 0xc0,
    0x0, 0x4f, 0xb0, 0xaf, 0x50, 0x0, 0xc, 0xf1,
    0xaf, 0x10, 0x0, 0x8, 0xf4, 0xaf, 0x0, 0x0,
    0x7, 0xf5, 0xaf, 0x0, 0x0, 0x8, 0xf4, 0xaf,
    0x30, 0x0, 0xc, 0xf1, 0xaf, 0xc0, 0x0, 0x4f,
    0xa0, 0xaf, 0xed, 0x8a, 0xfe, 0x10, 0xaf, 0x3b,
    0xfe, 0xa1, 0x0, 0xaf, 0x10, 0x0, 0x0, 0x0,
    0xaf, 0x10, 0x0, 0x0, 0x0, 0xaf, 0x10, 0x0,
    0x0, 0x0, 0xaf, 0x10, 0x0, 0x0, 0x0,

    /* U+1E56 "Ṗ" */
    0x0, 0x0, 0x1, 0x0, 0x0, 0x0, 0x0, 0x0,
    0x8f, 0x40, 0x0, 0x0, 0x0, 0x0, 0x8f, 0x40,
    0x0, 0x0, 0x0, 0x0, 0x0, 0x0, 0x0, 0x0,
    0x7f, 0xff, 0xff, 0xfe, 0xc5, 0x0, 0x7f, 0xdc,
    0xcc, 0xcd, 0xff, 0x80, 0x7f, 0x70, 0x0, 0x0,
    0x4f, 0xf1, 0x7f, 0x70, 0x0, 0x0, 0xa, 0xf5,
    0x7f, 0x70, 0x0, 0x0, 0x8, 0xf7, 0x7f, 0x70,
    0x0, 0x0, 0xb, 0xf5, 0x7f, 0x70, 0x0, 0x0,
    0x6f, 0xf1, 0x7f, 0xdc, 0xcc, 0xce, 0xff, 0x50,
    0x7f, 0xff, 0xff, 0xfe, 0xa3, 0x0, 0x7f, 0x70,
    0x0, 0x0, 0x0, 0x0, 0x7f, 0x70, 0x0, 0x0,
    0x0, 0x0, 0x7f, 0x70, 0x0, 0x0, 0x0, 0x0,
    0x7f, 0x70, 0x0, 0x0, 0x0, 0x0, 0x7f, 0x70,
    0x0, 0x0, 0x0, 0x0, 0x7f, 0x70, 0x0, 0x0,
    0x0, 0x0,

    /* U+1E57 "ṗ" */
    0x0, 0x2, 0xfa, 0x0, 0x0, 0x0, 0x2, 0xfa,
    0x0, 0x0, 0x0, 0x0, 0x10, 0x0, 0x0, 0x0,
    0x0, 0x0, 0x0, 0x0, 0xaf, 0x1a, 0xff, 0xb2,
    0x0, 0xaf, 0xdd, 0x78, 0xff, 0x20, 0xaf, 0xc0,
    0x0, 0x4f, 0xb0, 0xaf, 0x50, 0x0, 0xc, 0xf1,
    0xaf, 0x10, 0x0, 0x8, 0xf4, 0xaf, 0x0, 0x0,
    0x7, 0xf5, 0xaf, 0x0, 0x0, 0x8, 0xf4, 0xaf,
    0x30, 0x0, 0xc, 0xf1, 0xaf, 0xc0, 0x0, 0x4f,
    0xa0, 0xaf, 0xed, 0x8a, 0xfe, 0x10, 0xaf, 0x3b,
    0xfe, 0xa1, 0x0, 0xaf, 0x10, 0x0, 0x0, 0x0,
    0xaf, 0x10, 0x0, 0x0, 0x0, 0xaf, 0x10, 0x0,
    0x0, 0x0, 0xaf, 0x10, 0x0, 0x0, 0x0,

    /* U+1E58 "Ṙ" */
    0x0, 0x0, 0x1, 0x10, 0x0, 0x0, 0x0, 0x0,
    0x0, 0xe, 0xe0, 0x0, 0x0, 0x0, 0x0, 0x0,
    0xe, 0xe0, 0x0, 0x0, 0x0, 0x0, 0x0, 0x0,
    0x0, 0x0, 0x0, 0x0, 0x6f, 0xff, 0xff, 0xff,
    0xea, 0x20, 0x0, 0x6f, 0xda, 0xaa, 0xab, 0xef,
    0xf2, 0x0, 0x6f, 0x80, 0x0, 0x0, 0xa, 0xfa,
    0x0, 0x6f, 0x80, 0x0, 0x0, 0x1, 0xff, 0x0,
    0x6f, 0x80, 0x0, 0x0, 0x0, 0xff, 0x0, 0x6f,
    0x80, 0x0, 0x0, 0x3, 0xfd, 0x0, 0x6f, 0x80,
    0x0, 0x0, 0x4d, 0xf7, 0x0, 0x6f, 0xff, 0xff,
    0xff, 0xff, 0x80, 0x0, 0x6f, 0xec, 0xcd, 0xff,
    0x91, 0x0, 0x0, 0x6f, 0x80, 0x0, 0x3e, 0xf5,
    0x0, 0x0, 0x6f, 0x80, 0x0, 0x3, 0xff, 0x40,
    0x0, 0x6f, 0x80, 0x0, 0x0, 0x6f, 0xe0, 0x0,
    0x6f, 0x80, 0x0, 0x0, 0xc, 0xf9, 0x0, 0x6f,
    0x80, 0x0, 0x0, 0x2, 0xff, 0x30, 0x6f, 0x80,
    0x0, 0x0, 0x0, 0x7f, 0xd0,

    /* U+1E59 "ṙ" */
    0x9, 0xf3, 0x0, 0x9, 0xf3, 0x0, 0x0, 0x10,
    0x0, 0x0, 0x0, 0x0, 0xbe, 0x3d, 0xf9, 0xbe,
    0xec, 0xb8, 0xbf, 0xa0, 0x0, 0xbf, 0x30, 0x0,
    0xbf, 0x10, 0x0, 0xbf, 0x0, 0x0, 0xbf, 0x0,
    0x0, 0xbf, 0x0, 0x0, 0xbf, 0x0, 0x0, 0xbf,
    0x0, 0x0, 0xbf, 0x0, 0x0,

    /* U+1E5A "Ṛ" */
    0x6f, 0xff, 0xff, 0xff, 0xeb, 0x30, 0x0, 0x6f,
    0xda, 0xaa, 0xaa, 0xdf, 0xf3, 0x0, 0x6f, 0x80,
    0x0, 0x0, 0x8, 0xfc, 0x0, 0x6f, 0x80, 0x0,
    0x0, 0x0, 0xff, 0x0, 0x6f, 0x80, 0x0, 0x0,
    0x0, 0xff, 0x0, 0x6f, 0x80, 0x0, 0x0, 0xa,
    0xfb, 0x0, 0x6f, 0xec, 0xcc, 0xcd, 0xff, 0xd1,
    0x0, 0x6f, 0xff, 0xff, 0xff, 0xa6, 0x0, 0x0,
    0x6f, 0x80, 0x1, 0x7f, 0xd2, 0x0, 0x0, 0x6f,
    0x80, 0x0, 0x8, 0xfd, 0x0, 0x0, 0x6f, 0x80,
    0x0, 0x0, 0xcf, 0x90, 0x0, 0x6f, 0x80, 0x0,
    0x0, 0x3f, 0xf3, 0x0, 0x6f, 0x80, 0x0, 0x0,
    0x9, 0xfc, 0x0, 0x6f, 0x80, 0x0, 0x0, 0x1,
    0xff, 0x50, 0x6f, 0x80, 0x0, 0x0, 0x0, 0x7f,
    0xe0, 0x0, 0x0, 0x0, 0x0, 0x0, 0x0, 0x0,
    0x0, 0x0, 0x1, 0x10, 0x0, 0x0, 0x0, 0x0,
    0x0, 0xd, 0xf0, 0x0, 0x0, 0x0, 0x0, 0x0,
    0xd, 0xf0, 0x0, 0x0, 0x0,

    /* U+1E5B "ṛ" */
    0xbe, 0x3d, 0xf9, 0xbe, 0xec, 0xb8, 0xbf, 0xa0,
    0x0, 0xbf, 0x30, 0x0, 0xbf, 0x10, 0x0, 0xbf,
    0x0, 0x0, 0xbf, 0x0, 0x0, 0xbf, 0x0, 0x0,
    0xbf, 0x0, 0x0, 0xbf, 0x0, 0x0, 0xbf, 0x0,
    0x0, 0x0, 0x0, 0x0, 0x0, 0x10, 0x0, 0x8,
    0xf4, 0x0, 0x8, 0xf4, 0x0,

    /* U+1E5C "Ṝ" */
    0x0, 0x18, 0x88, 0x88, 0x70, 0x0, 0x0, 0x0,
    0x2f, 0xff, 0xff, 0xf0, 0x0, 0x0, 0x0, 0x0,
    0x0, 0x0, 0x0, 0x0, 0x0, 0x0, 0x0, 0x0,
    0x0, 0x0, 0x0, 0x0, 0x6f, 0xff, 0xff, 0xff,
    0xeb, 0x30, 0x0, 0x6f, 0xda, 0xaa, 0xaa, 0xdf,
    0xf3, 0x0, 0x6f, 0x80, 0x0, 0x0, 0x8, 0xfc,
    0x0, 0x6f, 0x80, 0x0, 0x0, 0x0, 0xff, 0x0,
    0x6f, 0x80, 0x0, 0x0, 0x0, 0xff, 0x0, 0x6f,
    0x80, 0x0, 0x0, 0xa, 0xfb, 0x0, 0x6f, 0xec,
    0xcc, 0xcd, 0xff, 0xd1, 0x0, 0x6f, 0xff, 0xff,
    0xff, 0xa6, 0x0, 0x0, 0x6f, 0x80, 0x1, 0x7f,
    0xd2, 0x0, 0x0, 0x6f, 0x80, 0x0, 0x8, 0xfd,
    0x0, 0x0, 0x6f, 0x80, 0x0, 0x0, 0xcf, 0x90,
    0x0, 0x6f, 0x80, 0x0, 0x0, 0x3f, 0xf3, 0x0,
    0x6f, 0x80, 0x0, 0x0, 0x9, 0xfc, 0x0, 0x6f,
    0x80, 0x0, 0x0, 0x1, 0xff, 0x50, 0x6f, 0x80,
    0x0, 0x0, 0x0, 0x7f, 0xe0, 0x0, 0x0, 0x0,
    0x0, 0x0, 0x0, 0x0, 0x0, 0x0, 0x1, 0x10,
    0x0, 0x0, 0x0, 0x0, 0x0, 0xd, 0xf0, 0x0,
    0x0, 0x0, 0x0, 0x0, 0xd, 0xf0, 0x0, 0x0,
    0x0,

    /* U+1E5D "ṝ" */
    0xbf, 0xff, 0xff, 0x65, 0x88, 0x88, 0x83, 0x0,
    0x0, 0x0, 0x0, 0x0, 0x0, 0x0, 0xb, 0xe3,
    0xdf, 0x90, 0xbe, 0xec, 0xb8, 0xb, 0xfa, 0x0,
    0x0, 0xbf, 0x30, 0x0, 0xb, 0xf1, 0x0, 0x0,
    0xbf, 0x0, 0x0, 0xb, 0xf0, 0x0, 0x0, 0xbf,
    0x0, 0x0, 0xb, 0xf0, 0x0, 0x0, 0xbf, 0x0,
    0x0, 0xb, 0xf0, 0x0, 0x0, 0x0, 0x0, 0x0,
    0x0, 0x1, 0x0, 0x0, 0x8, 0xf4, 0x0, 0x0,
    0x8f, 0x40, 0x0,

    /* U+1E5E "Ṟ" */
    0x6f, 0xff, 0xff, 0xff, 0xea, 0x20, 0x0, 0x6f,
    0xda, 0xaa, 0xab, 0xef, 0xf2, 0x0, 0x6f, 0x80,
    0x0, 0x0, 0xa, 0xfa, 0x0, 0x6f, 0x80, 0x0,
    0x0, 0x1, 0xff, 0x0, 0x6f, 0x80, 0x0, 0x0,
    0x0, 0xff, 0x0, 0x6f, 0x80, 0x0, 0x0, 0x3,
    0xfd, 0x0, 0x6f, 0x80, 0x0, 0x0, 0x4d, 0xf7,
    0x0, 0x6f, 0xff, 0xff, 0xff, 0xff, 0x80, 0x0,
    0x6f, 0xec, 0xcd, 0xff, 0x91, 0x0, 0x0, 0x6f,
    0x80, 0x0, 0x3e, 0xf5, 0x0, 0x0, 0x6f, 0x80,
    0x0, 0x3, 0xff, 0x40, 0x0, 0x6f, 0x80, 0x0,
    0x0, 0x6f, 0xe0, 0x0, 0x6f, 0x80, 0x0, 0x0,
    0xc, 0xf9, 0x0, 0x6f, 0x80, 0x0, 0x0, 0x2,
    0xff, 0x30, 0x6f, 0x80, 0x0, 0x0, 0x0, 0x7f,
    0xd0, 0x0, 0x0, 0x0, 0x0, 0x0, 0x0, 0x0,
    0x0, 0x0, 0x0, 0x0, 0x0, 0x0, 0x0, 0x0,
    0x5, 0x88, 0x88, 0x83, 0x0, 0x0, 0x0, 0x9,
    0xff, 0xff, 0xf7, 0x0, 0x0,

    /* U+1E5F "ṟ" */
    0xb, 0xe3, 0xdf, 0x90, 0xbe, 0xec, 0xb8, 0xb,
    0xfa, 0x0, 0x0, 0xbf, 0x30, 0x0, 0xb, 0xf1,
    0x0, 0x0, 0xbf, 0x0, 0x0, 0xb, 0xf0, 0x0,
    0x0, 0xbf, 0x0, 0x0, 0xb, 0xf0, 0x0, 0x0,
    0xbf, 0x0, 0x0, 0xb, 0xf0, 0x0, 0x0, 0x0,
    0x0, 0x0, 0x0, 0x0, 0x0, 0x6, 0x88, 0x88,
    0x82, 0xdf, 0xff, 0xff, 0x40,

    /* U+1E60 "Ṡ" */
    0x0, 0x0, 0x8, 0xf4, 0x0, 0x0, 0x0, 0x0,
    0x0, 0x8f, 0x40, 0x0, 0x0, 0x0, 0x0, 0x0,
    0x10, 0x0, 0x0, 0x0, 0x0, 0x0, 0x0, 0x0,
    0x0, 0x0, 0x0, 0x4, 0xbe, 0xfe, 0xb5, 0x0,
    0x0, 0x8, 0xff, 0xec, 0xef, 0xfa, 0x0, 0x3,
    0xfd, 0x30, 0x0, 0x3d, 0xf6, 0x0, 0x7f, 0x50,
    0x0, 0x0, 0x4f, 0xb0, 0x7, 0xf6, 0x0, 0x0,
    0x0, 0x75, 0x0, 0x3f, 0xf6, 0x10, 0x0, 0x0,
    0x0, 0x0, 0x6f, 0xff, 0xc9, 0x40, 0x0, 0x0,
    0x0, 0x28, 0xdf, 0xff, 0xe7, 0x0, 0x0, 0x0,
    0x0, 0x15, 0xaf, 0xf8, 0x0, 0x0, 0x0, 0x0,
    0x0, 0x2e, 0xf1, 0xf, 0xc0, 0x0, 0x0, 0x0,
    0x9f, 0x40, 0xdf, 0x20, 0x0, 0x0, 0xb, 0xf3,
    0x6, 0xfe, 0x50, 0x0, 0x8, 0xfd, 0x0, 0x9,
    0xff, 0xfd, 0xdf, 0xfe, 0x20, 0x0, 0x4, 0xae,
    0xff, 0xd8, 0x10, 0x0,

    /* U+1E61 "ṡ" */
    0x0, 0x0, 0xdf, 0x0, 0x0, 0x0, 0x0, 0xdf,
    0x0, 0x0, 0x0, 0x0, 0x11, 0x0, 0x0, 0x0,
    0x0, 0x0, 0x0, 0x0, 0x0, 0x7d, 0xfe, 0xb4,
    0x0, 0x9, 0xfc, 0x89, 0xef, 0x40, 0xf, 0xb0,
    0x0, 0x2f, 0xb0, 0xf, 0xd1, 0x0, 0x1, 0x0,
    0x9, 0xff, 0xc7, 0x30, 0x0, 0x0, 0x6d, 0xff,
    0xfd, 0x30, 0x0, 0x0, 0x15, 0xbf, 0xe0, 0x28,
    0x40, 0x0, 0xa, 0xf2, 0x1f, 0xc0, 0x0, 0xc,
    0xf1, 0x9, 0xfd, 0x98, 0xdf, 0x80, 0x0, 0x6c,
    0xef, 0xc5, 0x0,

    /* U+1E62 "Ṣ" */
    0x0, 0x4, 0xbe, 0xfe, 0xb5, 0x0, 0x0, 0x8,
    0xff, 0xec, 0xef, 0xfa, 0x0, 0x3, 0xfd, 0x30,
    0x0, 0x3d, 0xf6, 0x0, 0x7f, 0x50, 0x0, 0x0,
    0x4f, 0xb0, 0x7, 0xf6, 0x0, 0x0, 0x0, 0x75,
    0x0, 0x3f, 0xf6, 0x10, 0x0, 0x0, 0x0, 0x0,
    0x6f, 0xff, 0xc9, 0x40, 0x0, 0x0, 0x0, 0x28,
    0xdf, 0xff, 0xe7, 0x0, 0x0, 0x0, 0x0, 0x15,
    0xaf, 0xf8, 0x0, 0x0, 0x0, 0x0, 0x0, 0x2e,
    0xf1, 0xf, 0xc0, 0x0, 0x0, 0x0, 0x9f, 0x40,
    0xdf, 0x20, 0x0, 0x0, 0xb, 0xf3, 0x6, 0xfe,
    0x50, 0x0, 0x8, 0xfd, 0x0, 0x9, 0xff, 0xfd,
    0xdf, 0xfe, 0x20, 0x0, 0x4, 0xae, 0xff, 0xd8,
    0x10, 0x0, 0x0, 0x0, 0x0, 0x0, 0x0, 0x0,
    0x0, 0x0, 0x0, 0x10, 0x0, 0x0, 0x0, 0x0,
    0x0, 0x3f, 0x90, 0x0, 0x0, 0x0, 0x0, 0x3,
    0xf9, 0x0, 0x0, 0x0,

    /* U+1E63 "ṣ" */
    0x0, 0x7d, 0xfe, 0xb4, 0x0, 0x9, 0xfc, 0x89,
    0xef, 0x40, 0xf, 0xb0, 0x0, 0x2f, 0xb0, 0xf,
    0xd1, 0x0, 0x1, 0x0, 0x9, 0xff, 0xc7, 0x30,
    0x0, 0x0, 0x6d, 0xff, 0xfd, 0x30, 0x0, 0x0,
    0x15, 0xbf, 0xe0, 0x28, 0x40, 0x0, 0xa, 0xf2,
    0x1f, 0xc0, 0x0, 0xc, 0xf1, 0x9, 0xfd, 0x98,
    0xdf, 0x80, 0x0, 0x6c, 0xef, 0xc5, 0x0, 0x0,
    0x0, 0x0, 0x0, 0x0, 0x0, 0x0, 0x11, 0x0,
    0x0, 0x0, 0x0, 0xfd, 0x0, 0x0, 0x0, 0x0,
    0xfd, 0x0, 0x0,

    /* U+1E64 "Ṥ" */
    0x0, 0x0, 0xdf, 0x0, 0x0, 0x0, 0x0, 0x0,
    0xd, 0xf0, 0x5d, 0xa0, 0x0, 0x0, 0x0, 0x11,
    0xc, 0xf2, 0x0, 0x0, 0x0, 0x0, 0x4, 0xf5,
    0x0, 0x0, 0x0, 0x0, 0x0, 0x0, 0x0, 0x0,
    0x0, 0x0, 0x4b, 0xef, 0xeb, 0x50, 0x0, 0x0,
    0x8f, 0xfe, 0xce, 0xff, 0xa0, 0x0, 0x3f, 0xd3,
    0x0, 0x3, 0xdf, 0x60, 0x7, 0xf5, 0x0, 0x0,
    0x4, 0xfb, 0x0, 0x7f, 0x60, 0x0, 0x0, 0x7,
    0x50, 0x3, 0xff, 0x61, 0x0, 0x0, 0x0, 0x0,
    0x6, 0xff, 0xfc, 0x94, 0x0, 0x0, 0x0, 0x2,
    0x8d, 0xff, 0xfe, 0x70, 0x0, 0x0, 0x0, 0x1,
    0x5a, 0xff, 0x80, 0x0, 0x0, 0x0, 0x0, 0x2,
    0xef, 0x10, 0xfc, 0x0, 0x0, 0x0, 0x9, 0xf4,
    0xd, 0xf2, 0x0, 0x0, 0x0, 0xbf, 0x30, 0x6f,
    0xe5, 0x0, 0x0, 0x8f, 0xd0, 0x0, 0x9f, 0xff,
    0xdd, 0xff, 0xe2, 0x0, 0x0, 0x4a, 0xef, 0xfd,
    0x81, 0x0,

    /* U+1E65 "ṥ" */
    0x0, 0x1, 0x0, 0x0, 0x0, 0x0, 0xcf, 0x0,
    0x0, 0x0, 0x0, 0xcf, 0x7, 0xfb, 0x0, 0x0,
    0x0, 0xe, 0xe1, 0x0, 0x0, 0x0, 0x4d, 0x30,
    0x0, 0x0, 0x0, 0x0, 0x0, 0x0, 0x0, 0x7d,
    0xfe, 0xb4, 0x0, 0x9, 0xfc, 0x89, 0xef, 0x40,
    0xf, 0xb0, 0x0, 0x2f, 0xb0, 0xf, 0xd1, 0x0,
    0x1, 0x0, 0x9, 0xff, 0xc7, 0x30, 0x0, 0x0,
    0x6d, 0xff, 0xfd, 0x30, 0x0, 0x0, 0x15, 0xbf,
    0xe0, 0x28, 0x40, 0x0, 0xa, 0xf2, 0x1f, 0xc0,
    0x0, 0xc, 0xf1, 0x9, 0xfd, 0x98, 0xdf, 0x80,
    0x0, 0x6c, 0xef, 0xc5, 0x0,

    /* U+1E66 "Ṧ" */
    0x0, 0x0, 0x4, 0xf8, 0x0, 0x0, 0x0, 0x0,
    0x0, 0x4f, 0x80, 0x0, 0x0, 0x0, 0x0, 0x0,
    0x10, 0x0, 0x0, 0x0, 0x0, 0x2c, 0xa0, 0x6d,
    0x50, 0x0, 0x0, 0x0, 0x8f, 0x6f, 0xd0, 0x0,
    0x0, 0x0, 0x0, 0xcf, 0xf2, 0x0, 0x0, 0x0,
    0x0, 0x1, 0x43, 0x0, 0x0, 0x0, 0x0, 0x4b,
    0xef, 0xeb, 0x50, 0x0, 0x0, 0x8f, 0xfe, 0xce,
    0xff, 0xa0, 0x0, 0x3f, 0xd3, 0x0, 0x3, 0xdf,
    0x60, 0x7, 0xf5, 0x0, 0x0, 0x4, 0xfb, 0x0,
    0x7f, 0x60, 0x0, 0x0, 0x7, 0x50, 0x3, 0xff,
    0x61, 0x0, 0x0, 0x0, 0x0, 0x6, 0xff, 0xfc,
    0x94, 0x0, 0x0, 0x0, 0x2, 0x8d, 0xff, 0xfe,
    0x70, 0x0, 0x0, 0x0, 0x1, 0x5a, 0xff, 0x80,
    0x0, 0x0, 0x0, 0x0, 0x2, 0xef, 0x10, 0xfc,
    0x0, 0x0, 0x0, 0x9, 0xf4, 0xd, 0xf2, 0x0,
    0x0, 0x0, 0xbf, 0x30, 0x6f, 0xe5, 0x0, 0x0,
    0x8f, 0xd0, 0x0, 0x9f, 0xff, 0xdd, 0xff, 0xe2,
    0x0, 0x0, 0x4a, 0xef, 0xfd, 0x81, 0x0,

    /* U+1E67 "ṧ" */
    0x0, 0x0, 0x11, 0x0, 0x0, 0x0, 0x0, 0xdf,
    0x0, 0x0, 0x0, 0x0, 0xdf, 0x0, 0x0, 0x0,
    0x0, 0x0, 0x0, 0x0, 0x0, 0xaf, 0x33, 0xfb,
    0x0, 0x0, 0xd, 0xdd, 0xe1, 0x0, 0x0, 0x2,
    0xcc, 0x30, 0x0, 0x0, 0x0, 0x0, 0x0, 0x0,
    0x0, 0x7d, 0xfe, 0xb4, 0x0, 0x9, 0xfc, 0x89,
    0xef, 0x40, 0xf, 0xb0, 0x0, 0x2f, 0xb0, 0xf,
    0xd1, 0x0, 0x1, 0x0, 0x9, 0xff, 0xc7, 0x30,
    0x0, 0x0, 0x6d, 0xff, 0xfd, 0x30, 0x0, 0x0,
    0x15, 0xbf, 0xe0, 0x28, 0x40, 0x0, 0xa, 0xf2,
    0x1f, 0xc0, 0x0, 0xc, 0xf1, 0x9, 0xfd, 0x98,
    0xdf, 0x80, 0x0, 0x6c, 0xef, 0xc5, 0x0,

    /* U+1E68 "Ṩ" */
    0x0, 0x0, 0x3, 0xf9, 0x0, 0x0, 0x0, 0x0,
    0x0, 0x3f, 0x90, 0x0, 0x0, 0x0, 0x0, 0x0,
    0x10, 0x0, 0x0, 0x0, 0x0, 0x0, 0x0, 0x0,
    0x0, 0x0, 0x0, 0x4, 0xbe, 0xfe, 0xb5, 0x0,
    0x0, 0x8, 0xff, 0xec, 0xef, 0xfa, 0x0, 0x3,
    0xfd, 0x30, 0x0, 0x3d, 0xf6, 0x0, 0x7f, 0x50,
    0x0, 0x0, 0x4f, 0xb0, 0x7, 0xf6, 0x0, 0x0,
    0x0, 0x75, 0x0, 0x3f, 0xf6, 0x10, 0x0, 0x0,
    0x0, 0x0, 0x6f, 0xff, 0xc9, 0x40, 0x0, 0x0,
    0x0, 0x28, 0xdf, 0xff, 0xe7, 0x0, 0x0, 0x0,
    0x0, 0x15, 0xaf, 0xf8, 0x0, 0x0, 0x0, 0x0,
    0x0, 0x2e, 0xf1, 0xf, 0xc0, 0x0, 0x0, 0x0,
    0x9f, 0x40, 0xdf, 0x20, 0x0, 0x0, 0xb, 0xf3,
    0x6, 0xfe, 0x50, 0x0, 0x8, 0xfd, 0x0, 0x9,
    0xff, 0xfd, 0xdf, 0xfe, 0x20, 0x0, 0x4, 0xae,
    0xff, 0xd8, 0x10, 0x0, 0x0, 0x0, 0x0, 0x0,
    0x0, 0x0, 0x0, 0x0, 0x0, 0x10, 0x0, 0x0,
    0x0, 0x0, 0x0, 0x3f, 0x90, 0x0, 0x0, 0x0,
    0x0, 0x3, 0xf9, 0x0, 0x0, 0x0,

    /* U+1E69 "ṩ" */
    0x0, 0x0, 0xdf, 0x0, 0x0, 0x0, 0x0, 0xdf,
    0x0, 0x0, 0x0, 0x0, 0x11, 0x0, 0x0, 0x0,
    0x0, 0x0, 0x0, 0x0, 0x0, 0x7d, 0xfe, 0xb4,
    0x0, 0x9, 0xfc, 0x89, 0xef, 0x40, 0xf, 0xb0,
    0x0, 0x2f, 0xb0, 0xf, 0xd1, 0x0, 0x1, 0x0,
    0x9, 0xff, 0xc7, 0x30, 0x0, 0x0, 0x6d, 0xff,
    0xfd, 0x30, 0x0, 0x0, 0x15, 0xbf, 0xe0, 0x28,
    0x40, 0x0, 0xa, 0xf2, 0x1f, 0xc0, 0x0, 0xc,
    0xf1, 0x9, 0xfd, 0x98, 0xdf, 0x80, 0x0, 0x6c,
    0xef, 0xc5, 0x0, 0x0, 0x0, 0x0, 0x0, 0x0,
    0x0, 0x0, 0x11, 0x0, 0x0, 0x0, 0x0, 0xdf,
    0x0, 0x0, 0x0, 0x0, 0xdf, 0x0, 0x0,

    /* U+1E6A "Ṫ" */
    0x0, 0x0, 0x0, 0x10, 0x0, 0x0, 0x0, 0x0,
    0xb, 0xf1, 0x0, 0x0, 0x0, 0x0, 0xb, 0xf1,
    0x0, 0x0, 0x0, 0x0, 0x0, 0x0, 0x0, 0x0,
    0x9f, 0xff, 0xff, 0xff, 0xff, 0xfc, 0x6c, 0xcc,
    0xcf, 0xfc, 0xcc, 0xc9, 0x0, 0x0, 0xd, 0xf0,
    0x0, 0x0, 0x0, 0x0, 0xd, 0xf0, 0x0, 0x0,
    0x0, 0x0, 0xd, 0xf0, 0x0, 0x0, 0x0, 0x0,
    0xd, 0xf0, 0x0, 0x0, 0x0, 0x0, 0xd, 0xf0,
    0x0, 0x0, 0x0, 0x0, 0xd, 0xf0, 0x0, 0x0,
    0x0, 0x0, 0xd, 0xf0, 0x0, 0x0, 0x0, 0x0,
    0xd, 0xf0, 0x0, 0x0, 0x0, 0x0, 0xd, 0xf0,
    0x0, 0x0, 0x0, 0x0, 0xd, 0xf0, 0x0, 0x0,
    0x0, 0x0, 0xd, 0xf0, 0x0, 0x0, 0x0, 0x0,
    0xd, 0xf0, 0x0, 0x0, 0x0, 0x0, 0xd, 0xf0,
    0x0, 0x0,

    /* U+1E6B "ṫ" */
    0x0, 0x10, 0x0, 0x5, 0xf7, 0x0, 0x5, 0xf7,
    0x0, 0x0, 0x0, 0x0, 0x0, 0x2, 0x0, 0x3,
    0xe6, 0x0, 0x6, 0xf6, 0x0, 0x6, 0xf6, 0x0,
    0xaf, 0xff, 0xf2, 0x4a, 0xfa, 0x60, 0x6, 0xf6,
    0x0, 0x6, 0xf6, 0x0, 0x6, 0xf6, 0x0, 0x6,
    0xf6, 0x0, 0x6, 0xf6, 0x0, 0x5, 0xf6, 0x0,
    0x5, 0xf7, 0x0, 0x3, 0xfe, 0xb2, 0x0, 0x9f,
    0xf4,

    /* U+1E6C "Ṭ" */
    0x9f, 0xff, 0xff, 0xff, 0xff, 0xfc, 0x6c, 0xcc,
    0xcf, 0xfc, 0xcc, 0xc9, 0x0, 0x0, 0xd, 0xf0,
    0x0, 0x0, 0x0, 0x0, 0xd, 0xf0, 0x0, 0x0,
    0x0, 0x0, 0xd, 0xf0, 0x0, 0x0, 0x0, 0x0,
    0xd, 0xf0, 0x0, 0x0, 0x0, 0x0, 0xd, 0xf0,
    0x0, 0x0, 0x0, 0x0, 0xd, 0xf0, 0x0, 0x0,
    0x0, 0x0, 0xd, 0xf0, 0x0, 0x0, 0x0, 0x0,
    0xd, 0xf0, 0x0, 0x0, 0x0, 0x0, 0xd, 0xf0,
    0x0, 0x0, 0x0, 0x0, 0xd, 0xf0, 0x0, 0x0,
    0x0, 0x0, 0xd, 0xf0, 0x0, 0x0, 0x0, 0x0,
    0xd, 0xf0, 0x0, 0x0, 0x0, 0x0, 0xd, 0xf0,
    0x0, 0x0, 0x0, 0x0, 0x0, 0x0, 0x0, 0x0,
    0x0, 0x0, 0x1, 0x10, 0x0, 0x0, 0x0, 0x0,
    0xd, 0xf0, 0x0, 0x0, 0x0, 0x0, 0xd, 0xf0,
    0x0, 0x0,

    /* U+1E6D "ṭ" */
    0x0, 0x33, 0x0, 0x4, 0xf6, 0x0, 0x6, 0xf6,
    0x0, 0x6, 0xf6, 0x0, 0xaf, 0xff, 0xf2, 0x4a,
    0xfa, 0x60, 0x6, 0xf6, 0x0, 0x6, 0xf6, 0x0,
    0x6, 0xf6, 0x0, 0x6, 0xf6, 0x0, 0x6, 0xf6,
    0x0, 0x5, 0xf6, 0x0, 0x5, 0xf7, 0x0, 0x3,
    0xfe, 0xb2, 0x0, 0x9f, 0xf4, 0x0, 0x0, 0x0,
    0x0, 0x1, 0x0, 0x0, 0x9f, 0x30, 0x0, 0x9f,
    0x30,

    /* U+1E6E "Ṯ" */
    0x9f, 0xff, 0xff, 0xff, 0xff, 0xfc, 0x6c, 0xcc,
    0xcf, 0xfc, 0xcc, 0xc9, 0x0, 0x0, 0xd, 0xf0,
    0x0, 0x0, 0x0, 0x0, 0xd, 0xf0, 0x0, 0x0,
    0x0, 0x0, 0xd, 0xf0, 0x0, 0x0, 0x0, 0x0,
    0xd, 0xf0, 0x0, 0x0, 0x0, 0x0, 0xd, 0xf0,
    0x0, 0x0, 0x0, 0x0, 0xd, 0xf0, 0x0, 0x0,
    0x0, 0x0, 0xd, 0xf0, 0x0, 0x0, 0x0, 0x0,
    0xd, 0xf0, 0x0, 0x0, 0x0, 0x0, 0xd, 0xf0,
    0x0, 0x0, 0x0, 0x0, 0xd, 0xf0, 0x0, 0x0,
    0x0, 0x0, 0xd, 0xf0, 0x0, 0x0, 0x0, 0x0,
    0xd, 0xf0, 0x0, 0x0, 0x0, 0x0, 0xd, 0xf0,
    0x0, 0x0, 0x0, 0x0, 0x0, 0x0, 0x0, 0x0,
    0x0, 0x0, 0x0, 0x0, 0x0, 0x0, 0x0, 0x8,
    0x88, 0x88, 0x80, 0x0, 0x0, 0xf, 0xff, 0xff,
    0xf1, 0x0,

    /* U+1E6F "ṯ" */
    0x0, 0x3, 0x30, 0x0, 0x4, 0xf6, 0x0, 0x0,
    0x6f, 0x60, 0x0, 0x6, 0xf6, 0x0, 0xa, 0xff,
    0xff, 0x20, 0x4a, 0xfa, 0x60, 0x0, 0x6f, 0x60,
    0x0, 0x6, 0xf6, 0x0, 0x0, 0x6f, 0x60, 0x0,
    0x6, 0xf6, 0x0, 0x0, 0x6f, 0x60, 0x0, 0x5,
    0xf6, 0x0, 0x0, 0x5f, 0x70, 0x0, 0x3, 0xfe,
    0xb2, 0x0, 0x9, 0xff, 0x40, 0x0, 0x0, 0x0,
    0x0, 0x0, 0x0, 0x1, 0x88, 0x88, 0x87, 0x3f,
    0xff, 0xff, 0xe0,

    /* U+1E70 "Ṱ" */
    0x9f, 0xff, 0xff, 0xff, 0xff, 0xfc, 0x6c, 0xcc,
    0xcf, 0xfc, 0xcc, 0xc9, 0x0, 0x0, 0xd, 0xf0,
    0x0, 0x0, 0x0, 0x0, 0xd, 0xf0, 0x0, 0x0,
    0x0, 0x0, 0xd, 0xf0, 0x0, 0x0, 0x0, 0x0,
    0xd, 0xf0, 0x0, 0x0, 0x0, 0x0, 0xd, 0xf0,
    0x0, 0x0, 0x0, 0x0, 0xd, 0xf0, 0x0, 0x0,
    0x0, 0x0, 0xd, 0xf0, 0x0, 0x0, 0x0, 0x0,
    0xd, 0xf0, 0x0, 0x0, 0x0, 0x0, 0xd, 0xf0,
    0x0, 0x0, 0x0, 0x0, 0xd, 0xf0, 0x0, 0x0,
    0x0, 0x0, 0xd, 0xf0, 0x0, 0x0, 0x0, 0x0,
    0xd, 0xf0, 0x0, 0x0, 0x0, 0x0, 0xd, 0xf0,
    0x0, 0x0, 0x0, 0x0, 0x0, 0x0, 0x0, 0x0,
    0x0, 0x0, 0x19, 0x92, 0x0, 0x0, 0x0, 0x0,
    0xbf, 0xdd, 0x10, 0x0, 0x0, 0x9, 0xf5, 0x2f,
    0xb0, 0x0,

    /* U+1E71 "ṱ" */
    0x0, 0x33, 0x0, 0x0, 0x4f, 0x60, 0x0, 0x6,
    0xf6, 0x0, 0x0, 0x6f, 0x60, 0x0, 0xaf, 0xff,
    0xf2, 0x4, 0xaf, 0xa6, 0x0, 0x6, 0xf6, 0x0,
    0x0, 0x6f, 0x60, 0x0, 0x6, 0xf6, 0x0, 0x0,
    0x6f, 0x60, 0x0, 0x6, 0xf6, 0x0, 0x0, 0x5f,
    0x60, 0x0, 0x5, 0xf7, 0x0, 0x0, 0x3f, 0xeb,
    0x20, 0x0, 0x9f, 0xf4, 0x0, 0x0, 0x0, 0x0,
    0x0, 0xab, 0x40, 0x0, 0xbf, 0xce, 0x20, 0x7f,
    0x71, 0xed, 0x0,

    /* U+1E72 "Ṳ" */
    0x6f, 0x70, 0x0, 0x0, 0x1, 0xfd, 0x6f, 0x70,
    0x0, 0x0, 0x1, 0xfd, 0x6f, 0x70, 0x0, 0x0,
    0x1, 0xfd, 0x6f, 0x70, 0x0, 0x0, 0x1, 0xfd,
    0x6f, 0x70, 0x0, 0x0, 0x1, 0xfd, 0x6f, 0x70,
    0x0, 0x0, 0x1, 0xfd, 0x6f, 0x70, 0x0, 0x0,
    0x1, 0xfd, 0x6f, 0x70, 0x0, 0x0, 0x1, 0xfd,
    0x6f, 0x70, 0x0, 0x0, 0x1, 0xfd, 0x5f, 0x80,
    0x0, 0x0, 0x1, 0xfc, 0x4f, 0x90, 0x0, 0x0,
    0x3, 0xfb, 0x1f, 0xe0, 0x0, 0x0, 0x8, 0xf8,
    0xb, 0xfa, 0x10, 0x0, 0x5f, 0xf2, 0x1, 0xef,
    0xfd, 0xce, 0xff, 0x60, 0x0, 0x18, 0xdf, 0xfe,
    0xa3, 0x0, 0x0, 0x0, 0x0, 0x0, 0x0, 0x0,
    0x0, 0x0, 0x10, 0x1, 0x10, 0x0, 0x0, 0x9,
    0xf3, 0xf, 0xd0, 0x0, 0x0, 0x9, 0xf3, 0xf,
    0xd0, 0x0,

    /* U+1E73 "ṳ" */
    0xbf, 0x10, 0x0, 0xf, 0xbb, 0xf1, 0x0, 0x0,
    0xfb, 0xbf, 0x10, 0x0, 0xf, 0xbb, 0xf1, 0x0,
    0x0, 0xfb, 0xbf, 0x10, 0x0, 0xf, 0xbb, 0xf1,
    0x0, 0x0, 0xfb, 0xaf, 0x10, 0x0, 0x1f, 0xba,
    0xf2, 0x0, 0x3, 0xfb, 0x7f, 0x70, 0x0, 0xbf,
    0xb2, 0xff, 0xba, 0xec, 0xdb, 0x3, 0xbf, 0xe9,
    0x1d, 0xb0, 0x0, 0x0, 0x0, 0x0, 0x0, 0x10,
    0x0, 0x10, 0x0, 0x4f, 0x80, 0xaf, 0x20, 0x4,
    0xf8, 0xa, 0xf2, 0x0,

    /* U+1E74 "Ṵ" */
    0x6f, 0x70, 0x0, 0x0, 0x1, 0xfd, 0x6f, 0x70,
    0x0, 0x0, 0x1, 0xfd, 0x6f, 0x70, 0x0, 0x0,
    0x1, 0xfd, 0x6f, 0x70, 0x0, 0x0, 0x1, 0xfd,
    0x6f, 0x70, 0x0, 0x0, 0x1, 0xfd, 0x6f, 0x70,
    0x0, 0x0, 0x1, 0xfd, 0x6f, 0x70, 0x0, 0x0,
    0x1, 0xfd, 0x6f, 0x70, 0x0, 0x0, 0x1, 0xfd,
    0x6f, 0x70, 0x0, 0x0, 0x1, 0xfd, 0x5f, 0x80,
    0x0, 0x0, 0x1, 0xfc, 0x4f, 0x90, 0x0, 0x0,
    0x3, 0xfb, 0x1f, 0xe0, 0x0, 0x0, 0x8, 0xf8,
    0xb, 0xfa, 0x10, 0x0, 0x5f, 0xf2, 0x1, 0xef,
    0xfd, 0xce, 0xff, 0x60, 0x0, 0x18, 0xdf, 0xfe,
    0xa3, 0x0, 0x0, 0x0, 0x0, 0x0, 0x0, 0x0,
    0x0, 0x0, 0x0, 0x0, 0x0, 0x0, 0x0, 0x5,
    0xff, 0xb8, 0xe7, 0x0, 0x0, 0xd, 0xa6, 0xbf,
    0xc1, 0x0,

    /* U+1E75 "ṵ" */
    0xbf, 0x10, 0x0, 0xf, 0xbb, 0xf1, 0x0, 0x0,
    0xfb, 0xbf, 0x10, 0x0, 0xf, 0xbb, 0xf1, 0x0,
    0x0, 0xfb, 0xbf, 0x10, 0x0, 0xf, 0xbb, 0xf1,
    0x0, 0x0, 0xfb, 0xaf, 0x10, 0x0, 0x1f, 0xba,
    0xf2, 0x0, 0x3, 0xfb, 0x7f, 0x70, 0x0, 0xbf,
    0xb2, 0xff, 0xba, 0xec, 0xdb, 0x3, 0xbf, 0xe9,
    0x1d, 0xb0, 0x0, 0x0, 0x0, 0x0, 0x0, 0x0,
    0x0, 0x0, 0x0, 0x3e, 0xfc, 0x8d, 0xa0, 0xa,
    0xc5, 0xae, 0xd2, 0x0,

    /* U+1E76 "Ṷ" */
    0x6f, 0x70, 0x0, 0x0, 0x1, 0xfd, 0x6f, 0x70,
    0x0, 0x0, 0x1, 0xfd, 0x6f, 0x70, 0x0, 0x0,
    0x1, 0xfd, 0x6f, 0x70, 0x0, 0x0, 0x1, 0xfd,
    0x6f, 0x70, 0x0, 0x0, 0x1, 0xfd, 0x6f, 0x70,
    0x0, 0x0, 0x1, 0xfd, 0x6f, 0x70, 0x0, 0x0,
    0x1, 0xfd, 0x6f, 0x70, 0x0, 0x0, 0x1, 0xfd,
    0x6f, 0x70, 0x0, 0x0, 0x1, 0xfd, 0x5f, 0x80,
    0x0, 0x0, 0x1, 0xfc, 0x4f, 0x90, 0x0, 0x0,
    0x3, 0xfb, 0x1f, 0xe0, 0x0, 0x0, 0x8, 0xf8,
    0xb, 0xfa, 0x10, 0x0, 0x5f, 0xf2, 0x1, 0xef,
    0xfd, 0xce, 0xff, 0x60, 0x0, 0x18, 0xdf, 0xfe,
    0xa3, 0x0, 0x0, 0x0, 0x0, 0x0, 0x0, 0x0,
    0x0, 0x0, 0xb, 0xc5, 0x0, 0x0, 0x0, 0x0,
    0xaf, 0xbf, 0x30, 0x0, 0x0, 0x6, 0xf8, 0xe,
    0xe1, 0x0,

    /* U+1E77 "ṷ" */
    0xbf, 0x10, 0x0, 0xf, 0xbb, 0xf1, 0x0, 0x0,
    0xfb, 0xbf, 0x10, 0x0, 0xf, 0xbb, 0xf1, 0x0,
    0x0, 0xfb, 0xbf, 0x10, 0x0, 0xf, 0xbb, 0xf1,
    0x0, 0x0, 0xfb, 0xaf, 0x10, 0x0, 0x1f, 0xba,
    0xf2, 0x0, 0x3, 0xfb, 0x7f, 0x70, 0x0, 0xbf,
    0xb2, 0xff, 0xba, 0xec, 0xdb, 0x3, 0xbf, 0xe9,
    0x1d, 0xb0, 0x0, 0x0, 0x0, 0x0, 0x0, 0x9,
    0xc8, 0x0, 0x0, 0x6, 0xfb, 0xf6, 0x0, 0x3,
    0xfc, 0xb, 0xf3, 0x0,

    /* U+1E78 "Ṹ" */
    0x0, 0x0, 0x0, 0xad, 0x50, 0x0, 0x0, 0x0,
    0x3, 0xfb, 0x0, 0x0, 0x0, 0x0, 0xa, 0xe1,
    0x0, 0x0, 0x0, 0x0, 0x0, 0x0, 0x0, 0x0,
    0x0, 0x3, 0xef, 0x92, 0xb9, 0x0, 0x0, 0xb,
    0xb5, 0xdf, 0xf3, 0x0, 0x0, 0x3, 0x10, 0x3,
    0x10, 0x0, 0x0, 0x0, 0x0, 0x0, 0x0, 0x0,
    0x6f, 0x70, 0x0, 0x0, 0x1, 0xfd, 0x6f, 0x70,
    0x0, 0x0, 0x1, 0xfd, 0x6f, 0x70, 0x0, 0x0,
    0x1, 0xfd, 0x6f, 0x70, 0x0, 0x0, 0x1, 0xfd,
    0x6f, 0x70, 0x0, 0x0, 0x1, 0xfd, 0x6f, 0x70,
    0x0, 0x0, 0x1, 0xfd, 0x6f, 0x70, 0x0, 0x0,
    0x1, 0xfd, 0x6f, 0x70, 0x0, 0x0, 0x1, 0xfd,
    0x6f, 0x70, 0x0, 0x0, 0x1, 0xfd, 0x5f, 0x80,
    0x0, 0x0, 0x1, 0xfc, 0x4f, 0x90, 0x0, 0x0,
    0x3, 0xfb, 0x1f, 0xe0, 0x0, 0x0, 0x8, 0xf8,
    0xb, 0xfa, 0x10, 0x0, 0x5f, 0xf2, 0x1, 0xef,
    0xfd, 0xce, 0xff, 0x60, 0x0, 0x18, 0xdf, 0xfe,
    0xa3, 0x0,

    /* U+1E79 "ṹ" */
    0x0, 0x0, 0x7f, 0xb0, 0x0, 0x0, 0xe, 0xe1,
    0x0, 0x0, 0x4, 0xd3, 0x0, 0x0, 0x0, 0x0,
    0x0, 0x0, 0x1, 0xcf, 0x92, 0x9c, 0x0, 0x9d,
    0x6c, 0xff, 0x50, 0x2, 0x20, 0x3, 0x20, 0x0,
    0x0, 0x0, 0x0, 0x0, 0xbf, 0x10, 0x0, 0xf,
    0xbb, 0xf1, 0x0, 0x0, 0xfb, 0xbf, 0x10, 0x0,
    0xf, 0xbb, 0xf1, 0x0, 0x0, 0xfb, 0xbf, 0x10,
    0x0, 0xf, 0xbb, 0xf1, 0x0, 0x0, 0xfb, 0xaf,
    0x10, 0x0, 0x1f, 0xba, 0xf2, 0x0, 0x3, 0xfb,
    0x7f, 0x70, 0x0, 0xbf, 0xb2, 0xff, 0xba, 0xec,
    0xdb, 0x3, 0xbf, 0xe9, 0x1d, 0xb0,

    /* U+1E7A "Ṻ" */
    0x0, 0x0, 0x10, 0x1, 0x10, 0x0, 0x0, 0x7,
    0xf5, 0xd, 0xf0, 0x0, 0x0, 0x7, 0xf5, 0xd,
    0xf0, 0x0, 0x0, 0x0, 0x0, 0x0, 0x0, 0x0,
    0x0, 0xd, 0xff, 0xff, 0xf4, 0x0, 0x0, 0x6,
    0x88, 0x88, 0x82, 0x0, 0x0, 0x0, 0x0, 0x0,
    0x0, 0x0, 0x6f, 0x70, 0x0, 0x0, 0x1, 0xfd,
    0x6f, 0x70, 0x0, 0x0, 0x1, 0xfd, 0x6f, 0x70,
    0x0, 0x0, 0x1, 0xfd, 0x6f, 0x70, 0x0, 0x0,
    0x1, 0xfd, 0x6f, 0x70, 0x0, 0x0, 0x1, 0xfd,
    0x6f, 0x70, 0x0, 0x0, 0x1, 0xfd, 0x6f, 0x70,
    0x0, 0x0, 0x1, 0xfd, 0x6f, 0x70, 0x0, 0x0,
    0x1, 0xfd, 0x6f, 0x70, 0x0, 0x0, 0x1, 0xfd,
    0x5f, 0x80, 0x0, 0x0, 0x1, 0xfc, 0x4f, 0x90,
    0x0, 0x0, 0x3, 0xfb, 0x1f, 0xe0, 0x0, 0x0,
    0x8, 0xf8, 0xb, 0xfa, 0x10, 0x0, 0x5f, 0xf2,
    0x1, 0xef, 0xfd, 0xce, 0xff, 0x60, 0x0, 0x18,
    0xdf, 0xfe, 0xa3, 0x0,

    /* U+1E7B "ṻ" */
    0x2, 0xfb, 0x8, 0xf4, 0x0, 0x2f, 0xb0, 0x8f,
    0x40, 0x0, 0x10, 0x0, 0x10, 0x0, 0x7f, 0xff,
    0xff, 0x90, 0x3, 0x88, 0x88, 0x85, 0x0, 0x0,
    0x0, 0x0, 0x0, 0x0, 0x0, 0x0, 0x0, 0xb,
    0xf1, 0x0, 0x0, 0xfb, 0xbf, 0x10, 0x0, 0xf,
    0xbb, 0xf1, 0x0, 0x0, 0xfb, 0xbf, 0x10, 0x0,
    0xf, 0xbb, 0xf1, 0x0, 0x0, 0xfb, 0xbf, 0x10,
    0x0, 0xf, 0xba, 0xf1, 0x0, 0x1, 0xfb, 0xaf,
    0x20, 0x0, 0x3f, 0xb7, 0xf7, 0x0, 0xb, 0xfb,
    0x2f, 0xfb, 0xae, 0xcd, 0xb0, 0x3b, 0xfe, 0x91,
    0xdb,

    /* U+1E7C "Ṽ" */
    0x0, 0x0, 0x0, 0x0, 0x1, 0x0, 0x0, 0x0,
    0x1, 0xdf, 0xa3, 0x9c, 0x0, 0x0, 0x0, 0x8,
    0xd5, 0xbf, 0xf6, 0x0, 0x0, 0x0, 0x2, 0x20,
    0x3, 0x20, 0x0, 0x0, 0xbf, 0x50, 0x0, 0x0,
    0x0, 0xe, 0xf0, 0x5f, 0xa0, 0x0, 0x0, 0x0,
    0x4f, 0xa0, 0xe, 0xf0, 0x0, 0x0, 0x0, 0x9f,
    0x40, 0x9, 0xf5, 0x0, 0x0, 0x0, 0xee, 0x0,
    0x3, 0xfb, 0x0, 0x0, 0x5, 0xf8, 0x0, 0x0,
    0xdf, 0x0, 0x0, 0xa, 0xf2, 0x0, 0x0, 0x7f,
    0x50, 0x0, 0xf, 0xc0, 0x0, 0x0, 0x1f, 0xb0,
    0x0, 0x6f, 0x60, 0x0, 0x0, 0xb, 0xf1, 0x0,
    0xbf, 0x0, 0x0, 0x0, 0x5, 0xf6, 0x1, 0xfa,
    0x0, 0x0, 0x0, 0x0, 0xfb, 0x7, 0xf4, 0x0,
    0x0, 0x0, 0x0, 0xaf, 0x1c, 0xe0, 0x0, 0x0,
    0x0, 0x0, 0x4f, 0x7f, 0x80, 0x0, 0x0, 0x0,
    0x0, 0xe, 0xff, 0x20, 0x0, 0x0, 0x0, 0x0,
    0x8, 0xfc, 0x0, 0x0, 0x0,

    /* U+1E7D "ṽ" */
    0x0, 0x5e, 0xd6, 0x2e, 0x50, 0x0, 0xf9, 0x8f,
    0xfe, 0x10, 0x0, 0x40, 0x1, 0x30, 0x0, 0x0,
    0x0, 0x0, 0x0, 0x0, 0x8f, 0x40, 0x0, 0x3,
    0xf9, 0x3f, 0xa0, 0x0, 0x8, 0xf3, 0xd, 0xe0,
    0x0, 0xe, 0xd0, 0x7, 0xf4, 0x0, 0x3f, 0x80,
    0x2, 0xfa, 0x0, 0x9f, 0x20, 0x0, 0xcf, 0x0,
    0xec, 0x0, 0x0, 0x6f, 0x44, 0xf7, 0x0, 0x0,
    0x1f, 0x99, 0xf1, 0x0, 0x0, 0xb, 0xee, 0xb0,
    0x0, 0x0, 0x5, 0xff, 0x50, 0x0, 0x0, 0x0,
    0xff, 0x0, 0x0,

    /* U+1E7E "Ṿ" */
    0xbf, 0x50, 0x0, 0x0, 0x0, 0xe, 0xf0, 0x5f,
    0xa0, 0x0, 0x0, 0x0, 0x4f, 0xa0, 0xe, 0xf0,
    0x0, 0x0, 0x0, 0x9f, 0x40, 0x9, 0xf5, 0x0,
    0x0, 0x0, 0xee, 0x0, 0x3, 0xfb, 0x0, 0x0,
    0x5, 0xf8, 0x0, 0x0, 0xdf, 0x0, 0x0, 0xa,
    0xf2, 0x0, 0x0, 0x7f, 0x50, 0x0, 0xf, 0xc0,
    0x0, 0x0, 0x1f, 0xb0, 0x0, 0x6f, 0x60, 0x0,
    0x0, 0xb, 0xf1, 0x0, 0xbf, 0x0, 0x0, 0x0,
    0x5, 0xf6, 0x1, 0xfa, 0x0, 0x0, 0x0, 0x0,
    0xfb, 0x7, 0xf4, 0x0, 0x0, 0x0, 0x0, 0xaf,
    0x1c, 0xe0, 0x0, 0x0, 0x0, 0x0, 0x4f, 0x7f,
    0x80, 0x0, 0x0, 0x0, 0x0, 0xe, 0xff, 0x20,
    0x0, 0x0, 0x0, 0x0, 0x8, 0xfc, 0x0, 0x0,
    0x0, 0x0, 0x0, 0x0, 0x0, 0x0, 0x0, 0x0,
    0x0, 0x0, 0x0, 0x10, 0x0, 0x0, 0x0, 0x0,
    0x0, 0x3, 0xf9, 0x0, 0x0, 0x0, 0x0, 0x0,
    0x3, 0xf9, 0x0, 0x0, 0x0,

    /* U+1E7F "ṿ" */
    0x8f, 0x40, 0x0, 0x3, 0xf9, 0x3f, 0xa0, 0x0,
    0x8, 0xf3, 0xd, 0xe0, 0x0, 0xe, 0xd0, 0x7,
    0xf4, 0x0, 0x3f, 0x80, 0x2, 0xfa, 0x0, 0x9f,
    0x20, 0x0, 0xcf, 0x0, 0xec, 0x0, 0x0, 0x6f,
    0x44, 0xf7, 0x0, 0x0, 0x1f, 0x99, 0xf1, 0x0,
    0x0, 0xb, 0xee, 0xb0, 0x0, 0x0, 0x5, 0xff,
    0x50, 0x0, 0x0, 0x0, 0xff, 0x0, 0x0, 0x0,
    0x0, 0x0, 0x0, 0x0, 0x0, 0x0, 0x1, 0x0,
    0x0, 0x0, 0x0, 0xcf, 0x0, 0x0, 0x0, 0x0,
    0xcf, 0x0, 0x0,

    /* U+1E80 "Ẁ" */
    0x0, 0x0, 0x0, 0x6, 0xb6, 0x0, 0x0, 0x0,
    0x0, 0x0, 0x0, 0x0, 0x0, 0x1e, 0xe0, 0x0,
    0x0, 0x0, 0x0, 0x0, 0x0, 0x0, 0x0, 0x6f,
    0x60, 0x0, 0x0, 0x0, 0x0, 0x0, 0x0, 0x0,
    0x0, 0x0, 0x0, 0x0, 0x0, 0x0, 0x0, 0x0,
    0x0, 0x0, 0x0, 0x0, 0x0, 0x0, 0x0, 0x1,
    0xff, 0x20, 0x0, 0x8, 0xfe, 0x0, 0x0, 0xd,
    0xf7, 0xd, 0xf6, 0x0, 0x0, 0xcf, 0xf2, 0x0,
    0x1, 0xff, 0x30, 0x9f, 0xa0, 0x0, 0xf, 0xff,
    0x60, 0x0, 0x5f, 0xe0, 0x4, 0xfe, 0x0, 0x4,
    0xff, 0xfa, 0x0, 0x9, 0xfa, 0x0, 0xf, 0xf2,
    0x0, 0x8f, 0xaf, 0xe0, 0x0, 0xdf, 0x60, 0x0,
    0xcf, 0x60, 0xc, 0xf3, 0xdf, 0x20, 0x1f, 0xf2,
    0x0, 0x7, 0xfa, 0x0, 0xff, 0x9, 0xf6, 0x5,
    0xfd, 0x0, 0x0, 0x3f, 0xe0, 0x4f, 0xb0, 0x5f,
    0xa0, 0x9f, 0x90, 0x0, 0x0, 0xff, 0x28, 0xf7,
    0x1, 0xfe, 0xd, 0xf5, 0x0, 0x0, 0xb, 0xf6,
    0xcf, 0x30, 0xd, 0xf3, 0xff, 0x10, 0x0, 0x0,
    0x6f, 0xbf, 0xf0, 0x0, 0x9f, 0xbf, 0xc0, 0x0,
    0x0, 0x2, 0xff, 0xfb, 0x0, 0x5, 0xff, 0xf8,
    0x0, 0x0, 0x0, 0xe, 0xff, 0x60, 0x0, 0x1f,
    0xff, 0x30, 0x0, 0x0, 0x0, 0x9f, 0xf2, 0x0,
    0x0, 0xdf, 0xf0, 0x0, 0x0,

    /* U+1E81 "ẁ" */
    0x0, 0x0, 0x0, 0xdf, 0x30, 0x0, 0x0, 0x0,
    0x0, 0x0, 0x0, 0x3, 0xfb, 0x0, 0x0, 0x0,
    0x0, 0x0, 0x0, 0x0, 0x7, 0xb1, 0x0, 0x0,
    0x0, 0x6, 0xfc, 0x0, 0x0, 0xdf, 0x60, 0x0,
    0x3f, 0xf0, 0x1f, 0xf1, 0x0, 0x2f, 0xfb, 0x0,
    0x7, 0xfb, 0x0, 0xdf, 0x50, 0x6, 0xff, 0xf0,
    0x0, 0xbf, 0x60, 0x8, 0xf9, 0x0, 0xaf, 0xcf,
    0x30, 0xf, 0xf1, 0x0, 0x3f, 0xd0, 0xe, 0xe5,
    0xf8, 0x4, 0xfd, 0x0, 0x0, 0xef, 0x13, 0xf9,
    0x1f, 0xc0, 0x8f, 0x80, 0x0, 0xa, 0xf6, 0x7f,
    0x50, 0xcf, 0x1d, 0xf3, 0x0, 0x0, 0x5f, 0xac,
    0xf0, 0x7, 0xf6, 0xfe, 0x0, 0x0, 0x1, 0xfe,
    0xfc, 0x0, 0x3f, 0xef, 0xa0, 0x0, 0x0, 0xc,
    0xff, 0x70, 0x0, 0xef, 0xf5, 0x0, 0x0, 0x0,
    0x7f, 0xf3, 0x0, 0xa, 0xff, 0x10, 0x0,

    /* U+1E82 "Ẃ" */
    0x0, 0x0, 0x0, 0x0, 0x1, 0xba, 0x0, 0x0,
    0x0, 0x0, 0x0, 0x0, 0x0, 0x0, 0x9f, 0x60,
    0x0, 0x0, 0x0, 0x0, 0x0, 0x0, 0x0, 0x1f,
    0xb0, 0x0, 0x0, 0x0, 0x0, 0x0, 0x0, 0x0,
    0x0, 0x0, 0x0, 0x0, 0x0, 0x0, 0x0, 0x0,
    0x0, 0x0, 0x0, 0x0, 0x0, 0x0, 0x0, 0x1,
    0xff, 0x20, 0x0, 0x8, 0xfe, 0x0, 0x0, 0xd,
    0xf7, 0xd, 0xf6, 0x0, 0x0, 0xcf, 0xf2, 0x0,
    0x1, 0xff, 0x30, 0x9f, 0xa0, 0x0, 0xf, 0xff,
    0x60, 0x0, 0x5f, 0xe0, 0x4, 0xfe, 0x0, 0x4,
    0xff, 0xfa, 0x0, 0x9, 0xfa, 0x0, 0xf, 0xf2,
    0x0, 0x8f, 0xaf, 0xe0, 0x0, 0xdf, 0x60, 0x0,
    0xcf, 0x60, 0xc, 0xf3, 0xdf, 0x20, 0x1f, 0xf2,
    0x0, 0x7, 0xfa, 0x0, 0xff, 0x9, 0xf6, 0x5,
    0xfd, 0x0, 0x0, 0x3f, 0xe0, 0x4f, 0xb0, 0x5f,
    0xa0, 0x9f, 0x90, 0x0, 0x0, 0xff, 0x28, 0xf7,
    0x1, 0xfe, 0xd, 0xf5, 0x0, 0x0, 0xb, 0xf6,
    0xcf, 0x30, 0xd, 0xf3, 0xff, 0x10, 0x0, 0x0,
    0x6f, 0xbf, 0xf0, 0x0, 0x9f, 0xbf, 0xc0, 0x0,
    0x0, 0x2, 0xff, 0xfb, 0x0, 0x5, 0xff, 0xf8,
    0x0, 0x0, 0x0, 0xe, 0xff, 0x60, 0x0, 0x1f,
    0xff, 0x30, 0x0, 0x0, 0x0, 0x9f, 0xf2, 0x0,
    0x0, 0xdf, 0xf0, 0x0, 0x0,

    /* U+1E83 "ẃ" */
    0x0, 0x0, 0x0, 0x0, 0x9f, 0x80, 0x0, 0x0,
    0x0, 0x0, 0x0, 0x0, 0x1f, 0xd0, 0x0, 0x0,
    0x0, 0x0, 0x0, 0x0, 0x5, 0xb3, 0x0, 0x0,
    0x0, 0x6, 0xfc, 0x0, 0x0, 0xdf, 0x60, 0x0,
    0x3f, 0xf0, 0x1f, 0xf1, 0x0, 0x2f, 0xfb, 0x0,
    0x7, 0xfb, 0x0, 0xdf, 0x50, 0x6, 0xff, 0xf0,
    0x0, 0xbf, 0x60, 0x8, 0xf9, 0x0, 0xaf, 0xcf,
    0x30, 0xf, 0xf1, 0x0, 0x3f, 0xd0, 0xe, 0xe5,
    0xf8, 0x4, 0xfd, 0x0, 0x0, 0xef, 0x13, 0xf9,
    0x1f, 0xc0, 0x8f, 0x80, 0x0, 0xa, 0xf6, 0x7f,
    0x50, 0xcf, 0x1d, 0xf3, 0x0, 0x0, 0x5f, 0xac,
    0xf0, 0x7, 0xf6, 0xfe, 0x0, 0x0, 0x1, 0xfe,
    0xfc, 0x0, 0x3f, 0xef, 0xa0, 0x0, 0x0, 0xc,
    0xff, 0x70, 0x0, 0xef, 0xf5, 0x0, 0x0, 0x0,
    0x7f, 0xf3, 0x0, 0xa, 0xff, 0x10, 0x0,

    /* U+1E84 "Ẅ" */
    0x0, 0x0, 0x0, 0x4f, 0xd0, 0x8f, 0xa0, 0x0,
    0x0, 0x0, 0x0, 0x0, 0x4, 0xfd, 0x8, 0xfa,
    0x0, 0x0, 0x0, 0x0, 0x0, 0x0, 0x2, 0x10,
    0x12, 0x10, 0x0, 0x0, 0x0, 0x0, 0x0, 0x0,
    0x0, 0x0, 0x0, 0x0, 0x0, 0x0, 0x1f, 0xf2,
    0x0, 0x0, 0x8f, 0xe0, 0x0, 0x0, 0xdf, 0x70,
    0xdf, 0x60, 0x0, 0xc, 0xff, 0x20, 0x0, 0x1f,
    0xf3, 0x9, 0xfa, 0x0, 0x0, 0xff, 0xf6, 0x0,
    0x5, 0xfe, 0x0, 0x4f, 0xe0, 0x0, 0x4f, 0xff,
    0xa0, 0x0, 0x9f, 0xa0, 0x0, 0xff, 0x20, 0x8,
    0xfa, 0xfe, 0x0, 0xd, 0xf6, 0x0, 0xc, 0xf6,
    0x0, 0xcf, 0x3d, 0xf2, 0x1, 0xff, 0x20, 0x0,
    0x7f, 0xa0, 0xf, 0xf0, 0x9f, 0x60, 0x5f, 0xd0,
    0x0, 0x3, 0xfe, 0x4, 0xfb, 0x5, 0xfa, 0x9,
    0xf9, 0x0, 0x0, 0xf, 0xf2, 0x8f, 0x70, 0x1f,
    0xe0, 0xdf, 0x50, 0x0, 0x0, 0xbf, 0x6c, 0xf3,
    0x0, 0xdf, 0x3f, 0xf1, 0x0, 0x0, 0x6, 0xfb,
    0xff, 0x0, 0x9, 0xfb, 0xfc, 0x0, 0x0, 0x0,
    0x2f, 0xff, 0xb0, 0x0, 0x5f, 0xff, 0x80, 0x0,
    0x0, 0x0, 0xef, 0xf6, 0x0, 0x1, 0xff, 0xf3,
    0x0, 0x0, 0x0, 0x9, 0xff, 0x20, 0x0, 0xd,
    0xff, 0x0, 0x0,

    /* U+1E85 "ẅ" */
    0x0, 0x0, 0xa, 0xf7, 0xe, 0xf3, 0x0, 0x0,
    0x0, 0x0, 0x0, 0xaf, 0x70, 0xef, 0x30, 0x0,
    0x0, 0x0, 0x0, 0x1, 0x21, 0x2, 0x20, 0x0,
    0x0, 0x6, 0xfc, 0x0, 0x0, 0xdf, 0x60, 0x0,
    0x3f, 0xf0, 0x1f, 0xf1, 0x0, 0x2f, 0xfb, 0x0,
    0x7, 0xfb, 0x0, 0xdf, 0x50, 0x6, 0xff, 0xf0,
    0x0, 0xbf, 0x60, 0x8, 0xf9, 0x0, 0xaf, 0xcf,
    0x30, 0xf, 0xf1, 0x0, 0x3f, 0xd0, 0xe, 0xe5,
    0xf8, 0x4, 0xfd, 0x0, 0x0, 0xef, 0x13, 0xf9,
    0x1f, 0xc0, 0x8f, 0x80, 0x0, 0xa, 0xf6, 0x7f,
    0x50, 0xcf, 0x1d, 0xf3, 0x0, 0x0, 0x5f, 0xac,
    0xf0, 0x7, 0xf6, 0xfe, 0x0, 0x0, 0x1, 0xfe,
    0xfc, 0x0, 0x3f, 0xef, 0xa0, 0x0, 0x0, 0xc,
    0xff, 0x70, 0x0, 0xef, 0xf5, 0x0, 0x0, 0x0,
    0x7f, 0xf3, 0x0, 0xa, 0xff, 0x10, 0x0,

    /* U+1E86 "Ẇ" */
    0x0, 0x0, 0x0, 0x0, 0x1, 0x0, 0x0, 0x0,
    0x0, 0x0, 0x0, 0x0, 0x0, 0x6, 0xf6, 0x0,
    0x0, 0x0, 0x0, 0x0, 0x0, 0x0, 0x0, 0x6f,
    0x60, 0x0, 0x0, 0x0, 0x0, 0x0, 0x0, 0x0,
    0x0, 0x0, 0x0, 0x0, 0x0, 0x0, 0xaf, 0x40,
    0x0, 0x0, 0xcf, 0xc0, 0x0, 0x0, 0x5f, 0x85,
    0xf8, 0x0, 0x0, 0x1f, 0xff, 0x0, 0x0, 0x9,
    0xf4, 0x1f, 0xb0, 0x0, 0x5, 0xfa, 0xf4, 0x0,
    0x0, 0xdf, 0x0, 0xdf, 0x0, 0x0, 0x9f, 0x3f,
    0x90, 0x0, 0x1f, 0xb0, 0x9, 0xf3, 0x0, 0xe,
    0xc0, 0xdd, 0x0, 0x4, 0xf7, 0x0, 0x5f, 0x60,
    0x2, 0xf8, 0x9, 0xf1, 0x0, 0x8f, 0x30, 0x1,
    0xfa, 0x0, 0x6f, 0x40, 0x5f, 0x60, 0xc, 0xe0,
    0x0, 0xd, 0xe0, 0xb, 0xf0, 0x1, 0xfa, 0x0,
    0xfa, 0x0, 0x0, 0x9f, 0x10, 0xfb, 0x0, 0xd,
    0xe0, 0x3f, 0x60, 0x0, 0x5, 0xf5, 0x4f, 0x70,
    0x0, 0x8f, 0x27, 0xf2, 0x0, 0x0, 0x1f, 0x88,
    0xf2, 0x0, 0x4, 0xf5, 0xbe, 0x0, 0x0, 0x0,
    0xdc, 0xbe, 0x0, 0x0, 0xf, 0x8e, 0xa0, 0x0,
    0x0, 0x9, 0xee, 0xa0, 0x0, 0x0, 0xcd, 0xf5,
    0x0, 0x0, 0x0, 0x5f, 0xf6, 0x0, 0x0, 0x7,
    0xff, 0x10, 0x0, 0x0, 0x1, 0xff, 0x10, 0x0,
    0x0, 0x3f, 0xd0, 0x0, 0x0,

    /* U+1E87 "ẇ" */
    0x0, 0x0, 0x0, 0x8f, 0x40, 0x0, 0x0, 0x0,
    0x0, 0x0, 0x8, 0xf4, 0x0, 0x0, 0x0, 0x0,
    0x0, 0x0, 0x1, 0x0, 0x0, 0x0, 0x0, 0x0,
    0x0, 0x0, 0x0, 0x0, 0x0, 0x0, 0xcf, 0x10,
    0x0, 0xcf, 0x40, 0x0, 0x8f, 0x37, 0xf4, 0x0,
    0xf, 0xf8, 0x0, 0xc, 0xe0, 0x2f, 0x90, 0x4,
    0xff, 0xc0, 0x1, 0xf9, 0x0, 0xed, 0x0, 0x8f,
    0xaf, 0x0, 0x5f, 0x40, 0x9, 0xf1, 0xc, 0xb6,
    0xf4, 0xa, 0xf0, 0x0, 0x5f, 0x50, 0xf7, 0x2f,
    0x80, 0xeb, 0x0, 0x0, 0xf9, 0x4f, 0x30, 0xec,
    0x3f, 0x60, 0x0, 0xb, 0xd8, 0xf0, 0xa, 0xf7,
    0xf1, 0x0, 0x0, 0x7f, 0xeb, 0x0, 0x5f, 0xed,
    0x0, 0x0, 0x2, 0xff, 0x70, 0x1, 0xff, 0x80,
    0x0, 0x0, 0xd, 0xf3, 0x0, 0xd, 0xf3, 0x0,
    0x0,

    /* U+1E88 "Ẉ" */
    0xaf, 0x40, 0x0, 0x0, 0xcf, 0xc0, 0x0, 0x0,
    0x5f, 0x85, 0xf8, 0x0, 0x0, 0x1f, 0xff, 0x0,
    0x0, 0x9, 0xf4, 0x1f, 0xb0, 0x0, 0x5, 0xfa,
    0xf4, 0x0, 0x0, 0xdf, 0x0, 0xdf, 0x0, 0x0,
    0x9f, 0x3f, 0x90, 0x0, 0x1f, 0xb0, 0x9, 0xf3,
    0x0, 0xe, 0xc0, 0xdd, 0x0, 0x4, 0xf7, 0x0,
    0x5f, 0x60, 0x2, 0xf8, 0x9, 0xf1, 0x0, 0x8f,
    0x30, 0x1, 0xfa, 0x0, 0x6f, 0x40, 0x5f, 0x60,
    0xc, 0xe0, 0x0, 0xd, 0xe0, 0xb, 0xf0, 0x1,
    0xfa, 0x0, 0xfa, 0x0, 0x0, 0x9f, 0x10, 0xfb,
    0x0, 0xd, 0xe0, 0x3f, 0x60, 0x0, 0x5, 0xf5,
    0x4f, 0x70, 0x0, 0x8f, 0x27, 0xf2, 0x0, 0x0,
    0x1f, 0x88, 0xf2, 0x0, 0x4, 0xf5, 0xbe, 0x0,
    0x0, 0x0, 0xdc, 0xbe, 0x0, 0x0, 0xf, 0x8e,
    0xa0, 0x0, 0x0, 0x9, 0xee, 0xa0, 0x0, 0x0,
    0xcd, 0xf5, 0x0, 0x0, 0x0, 0x5f, 0xf6, 0x0,
    0x0, 0x7, 0xff, 0x10, 0x0, 0x0, 0x1, 0xff,
    0x10, 0x0, 0x0, 0x3f, 0xd0, 0x0, 0x0, 0x0,
    0x0, 0x0, 0x0, 0x0, 0x0, 0x0, 0x0, 0x0,
    0x0, 0x0, 0x0, 0x0, 0x1, 0x0, 0x0, 0x0,
    0x0, 0x0, 0x0, 0x0, 0x0, 0x6, 0xf6, 0x0,
    0x0, 0x0, 0x0, 0x0, 0x0, 0x0, 0x0, 0x6f,
    0x60, 0x0, 0x0, 0x0, 0x0,

    /* U+1E89 "ẉ" */
    0xcf, 0x10, 0x0, 0xcf, 0x40, 0x0, 0x8f, 0x37,
    0xf4, 0x0, 0xf, 0xf8, 0x0, 0xc, 0xe0, 0x2f,
    0x90, 0x4, 0xff, 0xc0, 0x1, 0xf9, 0x0, 0xed,
    0x0, 0x8f, 0xaf, 0x0, 0x5f, 0x40, 0x9, 0xf1,
    0xc, 0xb6, 0xf4, 0xa, 0xf0, 0x0, 0x5f, 0x50,
    0xf7, 0x2f, 0x80, 0xeb, 0x0, 0x0, 0xf9, 0x4f,
    0x30, 0xec, 0x3f, 0x60, 0x0, 0xb, 0xd8, 0xf0,
    0xa, 0xf7, 0xf1, 0x0, 0x0, 0x7f, 0xeb, 0x0,
    0x5f, 0xed, 0x0, 0x0, 0x2, 0xff, 0x70, 0x1,
    0xff, 0x80, 0x0, 0x0, 0xd, 0xf3, 0x0, 0xd,
    0xf3, 0x0, 0x0, 0x0, 0x0, 0x0, 0x0, 0x0,
    0x0, 0x0, 0x0, 0x0, 0x0, 0x1, 0x0, 0x0,
    0x0, 0x0, 0x0, 0x0, 0x8, 0xf4, 0x0, 0x0,
    0x0, 0x0, 0x0, 0x0, 0x8f, 0x40, 0x0, 0x0,
    0x0,

    /* U+1E8A "Ẋ" */
    0x0, 0x0, 0x0, 0x11, 0x0, 0x0, 0x0, 0x0,
    0x0, 0x0, 0xee, 0x0, 0x0, 0x0, 0x0, 0x0,
    0x0, 0xee, 0x0, 0x0, 0x0, 0x0, 0x0, 0x0,
    0x0, 0x0, 0x0, 0x0, 0xd, 0xf5, 0x0, 0x0,
    0x0, 0x9f, 0x70, 0x3, 0xfe, 0x10, 0x0, 0x5,
    0xfc, 0x0, 0x0, 0x8f, 0xa0, 0x0, 0x1e, 0xe1,
    0x0, 0x0, 0xd, 0xf5, 0x0, 0xbf, 0x50, 0x0,
    0x0, 0x3, 0xfe, 0x17, 0xf9, 0x0, 0x0, 0x0,
    0x0, 0x8f, 0xbf, 0xd0, 0x0, 0x0, 0x0, 0x0,
    0xc, 0xff, 0x30, 0x0, 0x0, 0x0, 0x0, 0x9,
    0xff, 0x20, 0x0, 0x0, 0x0, 0x0, 0x4f, 0xef,
    0xc0, 0x0, 0x0, 0x0, 0x1, 0xef, 0x2c, 0xf7,
    0x0, 0x0, 0x0, 0xb, 0xf7, 0x2, 0xff, 0x20,
    0x0, 0x0, 0x6f, 0xc0, 0x0, 0x7f, 0xc0, 0x0,
    0x2, 0xff, 0x20, 0x0, 0xc, 0xf8, 0x0, 0xd,
    0xf6, 0x0, 0x0, 0x2, 0xff, 0x30, 0x8f, 0xb0,
    0x0, 0x0, 0x0, 0x7f, 0xd0,

    /* U+1E8B "ẋ" */
    0x0, 0x0, 0xdf, 0x0, 0x0, 0x0, 0x0, 0xdf,
    0x0, 0x0, 0x0, 0x0, 0x11, 0x0, 0x0, 0x0,
    0x0, 0x0, 0x0, 0x0, 0x3f, 0xe0, 0x0, 0xd,
    0xf3, 0x9, 0xf8, 0x0, 0x8f, 0x80, 0x0, 0xdf,
    0x23, 0xfd, 0x0, 0x0, 0x3f, 0xcd, 0xf2, 0x0,
    0x0, 0x9, 0xff, 0x70, 0x0, 0x0, 0x4, 0xff,
    0x30, 0x0, 0x0, 0xd, 0xff, 0xd0, 0x0, 0x0,
    0x8f, 0x77, 0xf8, 0x0, 0x3, 0xfd, 0x0, 0xdf,
    0x30, 0xd, 0xf3, 0x0, 0x3f, 0xd0, 0x8f, 0x90,
    0x0, 0x9, 0xf8,

    /* U+1E8C "Ẍ" */
    0x0, 0x0, 0x10, 0x0, 0x10, 0x0, 0x0, 0x0,
    0x1, 0xfb, 0x7, 0xf5, 0x0, 0x0, 0x0, 0x1,
    0xfb, 0x7, 0xf5, 0x0, 0x0, 0x0, 0x0, 0x0,
    0x0, 0x0, 0x0, 0x0, 0xd, 0xf5, 0x0, 0x0,
    0x0, 0x9f, 0x70, 0x3, 0xfe, 0x10, 0x0, 0x5,
    0xfc, 0x0, 0x0, 0x8f, 0xa0, 0x0, 0x1e, 0xe1,
    0x0, 0x0, 0xd, 0xf5, 0x0, 0xbf, 0x50, 0x0,
    0x0, 0x3, 0xfe, 0x17, 0xf9, 0x0, 0x0, 0x0,
    0x0, 0x8f, 0xbf, 0xd0, 0x0, 0x0, 0x0, 0x0,
    0xc, 0xff, 0x30, 0x0, 0x0, 0x0, 0x0, 0x9,
    0xff, 0x20, 0x0, 0x0, 0x0, 0x0, 0x4f, 0xef,
    0xc0, 0x0, 0x0, 0x0, 0x1, 0xef, 0x2c, 0xf7,
    0x0, 0x0, 0x0, 0xb, 0xf7, 0x2, 0xff, 0x20,
    0x0, 0x0, 0x6f, 0xc0, 0x0, 0x7f, 0xc0, 0x0,
    0x2, 0xff, 0x20, 0x0, 0xc, 0xf8, 0x0, 0xd,
    0xf6, 0x0, 0x0, 0x2, 0xff, 0x30, 0x8f, 0xb0,
    0x0, 0x0, 0x0, 0x7f, 0xd0,

    /* U+1E8D "ẍ" */
    0x0, 0xdf, 0x3, 0xf9, 0x0, 0x0, 0xdf, 0x3,
    0xf9, 0x0, 0x0, 0x11, 0x0, 0x10, 0x0, 0x0,
    0x0, 0x0, 0x0, 0x0, 0x3f, 0xe0, 0x0, 0xd,
    0xf3, 0x9, 0xf8, 0x0, 0x8f, 0x80, 0x0, 0xdf,
    0x23, 0xfd, 0x0, 0x0, 0x3f, 0xcd, 0xf2, 0x0,
    0x0, 0x9, 0xff, 0x70, 0x0, 0x0, 0x4, 0xff,
    0x30, 0x0, 0x0, 0xd, 0xff, 0xd0, 0x0, 0x0,
    0x8f, 0x77, 0xf8, 0x0, 0x3, 0xfd, 0x0, 0xdf,
    0x30, 0xd, 0xf3, 0x0, 0x3f, 0xd0, 0x8f, 0x90,
    0x0, 0x9, 0xf8,

    /* U+1E8E "Ẏ" */
    0x0, 0x0, 0x0, 0x10, 0x0, 0x0, 0x0, 0x0,
    0x0, 0x2, 0xfa, 0x0, 0x0, 0x0, 0x0, 0x0,
    0x2, 0xfa, 0x0, 0x0, 0x0, 0x0, 0x0, 0x0,
    0x0, 0x0, 0x0, 0x0, 0x9f, 0xb0, 0x0, 0x0,
    0x0, 0x4f, 0xd0, 0xe, 0xf5, 0x0, 0x0, 0x0,
    0xef, 0x30, 0x5, 0xfe, 0x0, 0x0, 0x8, 0xf9,
    0x0, 0x0, 0xaf, 0x90, 0x0, 0x3f, 0xd0, 0x0,
    0x0, 0x1e, 0xf3, 0x0, 0xcf, 0x40, 0x0, 0x0,
    0x6, 0xfc, 0x6, 0xf9, 0x0, 0x0, 0x0, 0x0,
    0xcf, 0x7e, 0xe0, 0x0, 0x0, 0x0, 0x0, 0x2f,
    0xff, 0x40, 0x0, 0x0, 0x0, 0x0, 0x8, 0xfa,
    0x0, 0x0, 0x0, 0x0, 0x0, 0x6, 0xf8, 0x0,
    0x0, 0x0, 0x0, 0x0, 0x6, 0xf8, 0x0, 0x0,
    0x0, 0x0, 0x0, 0x6, 0xf8, 0x0, 0x0, 0x0,
    0x0, 0x0, 0x6, 0xf8, 0x0, 0x0, 0x0, 0x0,
    0x0, 0x6, 0xf8, 0x0, 0x0, 0x0, 0x0, 0x0,
    0x6, 0xf8, 0x0, 0x0, 0x0,

    /* U+1E8F "ẏ" */
    0x0, 0x0, 0xbf, 0x10, 0x0, 0x0, 0x0, 0xbf,
    0x10, 0x0, 0x0, 0x0, 0x1, 0x0, 0x0, 0x0,
    0x0, 0x0, 0x0, 0x0, 0x7f, 0x60, 0x0, 0x1,
    0xfa, 0x2f, 0xb0, 0x0, 0x7, 0xf4, 0xc, 0xf1,
    0x0, 0xd, 0xe0, 0x6, 0xf7, 0x0, 0x2f, 0x90,
    0x0, 0xfc, 0x0, 0x8f, 0x30, 0x0, 0xaf, 0x20,
    0xed, 0x0, 0x0, 0x4f, 0x73, 0xf7, 0x0, 0x0,
    0xe, 0xd8, 0xf1, 0x0, 0x0, 0x8, 0xfd, 0xb0,
    0x0, 0x0, 0x2, 0xff, 0x50, 0x0, 0x0, 0x0,
    0xdf, 0x0, 0x0, 0x0, 0x1, 0xfa, 0x0, 0x0,
    0x0, 0x8, 0xf4, 0x0, 0x0, 0xc, 0xdf, 0xb0,
    0x0, 0x0, 0xb, 0xfb, 0x10, 0x0, 0x0,

    /* U+1E90 "Ẑ" */
    0x0, 0x0, 0x6, 0x83, 0x0, 0x0, 0x0, 0x0,
    0x8f, 0xce, 0x20, 0x0, 0x0, 0x5, 0xf9, 0x1e,
    0xd1, 0x0, 0x0, 0x0, 0x0, 0x0, 0x0, 0x0,
    0xd, 0xff, 0xff, 0xff, 0xff, 0xf7, 0x9, 0xcc,
    0xcc, 0xcc, 0xcf, 0xf6, 0x0, 0x0, 0x0, 0x0,
    0x7f, 0xd0, 0x0, 0x0, 0x0, 0x4, 0xff, 0x20,
    0x0, 0x0, 0x0, 0x1e, 0xf5, 0x0, 0x0, 0x0,
    0x0, 0xcf, 0x80, 0x0, 0x0, 0x0, 0x9, 0xfc,
    0x0, 0x0, 0x0, 0x0, 0x5f, 0xe1, 0x0, 0x0,
    0x0, 0x2, 0xff, 0x30, 0x0, 0x0, 0x0, 0xd,
    0xf7, 0x0, 0x0, 0x0, 0x0, 0x9f, 0xa0, 0x0,
    0x0, 0x0, 0x6, 0xfd, 0x0, 0x0, 0x0, 0x0,
    0x2f, 0xf2, 0x0, 0x0, 0x0, 0x0, 0xaf, 0xec,
    0xcc, 0xcc, 0xcc, 0xc8, 0xaf, 0xff, 0xff, 0xff,
    0xff, 0xfb,

    /* U+1E91 "ẑ" */
    0x0, 0x3, 0xff, 0x70, 0x0, 0x0, 0x1e, 0xd8,
    0xf5, 0x0, 0x0, 0x6a, 0x20, 0x99, 0x0, 0x0,
    0x0, 0x0, 0x0, 0x0, 0x3f, 0xff, 0xff, 0xff,
    0xf4, 0x17, 0x77, 0x77, 0x9f, 0xe1, 0x0, 0x0,
    0x0, 0xcf, 0x30, 0x0, 0x0, 0xa, 0xf6, 0x0,
    0x0, 0x0, 0x7f, 0xa0, 0x0, 0x0, 0x4, 0xfc,
    0x0, 0x0, 0x0, 0x2f, 0xe1, 0x0, 0x0, 0x1,
    0xdf, 0x40, 0x0, 0x0, 0xb, 0xf7, 0x0, 0x0,
    0x0, 0x7f, 0xe8, 0x88, 0x88, 0x85, 0x9f, 0xff,
    0xff, 0xff, 0xf9,

    /* U+1E92 "Ẓ" */
    0xd, 0xff, 0xff, 0xff, 0xff, 0xf7, 0x9, 0xcc,
    0xcc, 0xcc, 0xcf, 0xf6, 0x0, 0x0, 0x0, 0x0,
    0x7f, 0xd0, 0x0, 0x0, 0x0, 0x4, 0xff, 0x20,
    0x0, 0x0, 0x0, 0x1e, 0xf5, 0x0, 0x0, 0x0,
    0x0, 0xcf, 0x80, 0x0, 0x0, 0x0, 0x9, 0xfc,
    0x0, 0x0, 0x0, 0x0, 0x5f, 0xe1, 0x0, 0x0,
    0x0, 0x2, 0xff, 0x30, 0x0, 0x0, 0x0, 0xd,
    0xf7, 0x0, 0x0, 0x0, 0x0, 0x9f, 0xa0, 0x0,
    0x0, 0x0, 0x6, 0xfd, 0x0, 0x0, 0x0, 0x0,
    0x2f, 0xf2, 0x0, 0x0, 0x0, 0x0, 0xaf, 0xec,
    0xcc, 0xcc, 0xcc, 0xc8, 0xaf, 0xff, 0xff, 0xff,
    0xff, 0xfb, 0x0, 0x0, 0x0, 0x0, 0x0, 0x0,
    0x0, 0x0, 0x1, 0x0, 0x0, 0x0, 0x0, 0x0,
    0xf, 0xc0, 0x0, 0x0, 0x0, 0x0, 0xf, 0xc0,
    0x0, 0x0,

    /* U+1E93 "ẓ" */
    0x3f, 0xff, 0xff, 0xff, 0xf4, 0x17, 0x77, 0x77,
    0x9f, 0xe1, 0x0, 0x0, 0x0, 0xcf, 0x30, 0x0,
    0x0, 0xa, 0xf6, 0x0, 0x0, 0x0, 0x7f, 0xa0,
    0x0, 0x0, 0x4, 0xfc, 0x0, 0x0, 0x0, 0x2f,
    0xe1, 0x0, 0x0, 0x1, 0xdf, 0x40, 0x0, 0x0,
    0xb, 0xf7, 0x0, 0x0, 0x0, 0x7f, 0xe8, 0x88,
    0x88, 0x85, 0x9f, 0xff, 0xff, 0xff, 0xf9, 0x0,
    0x0, 0x0, 0x0, 0x0, 0x0, 0x0, 0x11, 0x0,
    0x0, 0x0, 0x0, 0xfd, 0x0, 0x0, 0x0, 0x0,
    0xfd, 0x0, 0x0,

    /* U+1E94 "Ẕ" */
    0xd, 0xff, 0xff, 0xff, 0xff, 0xf7, 0x9, 0xcc,
    0xcc, 0xcc, 0xcf, 0xf6, 0x0, 0x0, 0x0, 0x0,
    0x7f, 0xd0, 0x0, 0x0, 0x0, 0x4, 0xff, 0x20,
    0x0, 0x0, 0x0, 0x1e, 0xf5, 0x0, 0x0, 0x0,
    0x0, 0xcf, 0x80, 0x0, 0x0, 0x0, 0x9, 0xfc,
    0x0, 0x0, 0x0, 0x0, 0x5f, 0xe1, 0x0, 0x0,
    0x0, 0x2, 0xff, 0x30, 0x0, 0x0, 0x0, 0xd,
    0xf7, 0x0, 0x0, 0x0, 0x0, 0x9f, 0xa0, 0x0,
    0x0, 0x0, 0x6, 0xfd, 0x0, 0x0, 0x0, 0x0,
    0x2f, 0xf2, 0x0, 0x0, 0x0, 0x0, 0xaf, 0xec,
    0xcc, 0xcc, 0xcc, 0xc8, 0xaf, 0xff, 0xff, 0xff,
    0xff, 0xfb, 0x0, 0x0, 0x0, 0x0, 0x0, 0x0,
    0x0, 0x0, 0x0, 0x0, 0x0, 0x0, 0x0, 0x8,
    0x88, 0x88, 0x80, 0x0, 0x0, 0xf, 0xff, 0xff,
    0xf1, 0x0,

    /* U+1E95 "ẕ" */
    0x3f, 0xff, 0xff, 0xff, 0xf4, 0x17, 0x77, 0x77,
    0x9f, 0xe1, 0x0, 0x0, 0x0, 0xcf, 0x30, 0x0,
    0x0, 0xa, 0xf6, 0x0, 0x0, 0x0, 0x7f, 0xa0,
    0x0, 0x0, 0x4, 0xfc, 0x0, 0x0, 0x0, 0x2f,
    0xe1, 0x0, 0x0, 0x1, 0xdf, 0x40, 0x0, 0x0,
    0xb, 0xf7, 0x0, 0x0, 0x0, 0x7f, 0xe8, 0x88,
    0x88, 0x85, 0x9f, 0xff, 0xff, 0xff, 0xf9, 0x0,
    0x0, 0x0, 0x0, 0x0, 0x0, 0x0, 0x0, 0x0,
    0x0, 0x0, 0x88, 0x88, 0x88, 0x0, 0x0, 0xff,
    0xff, 0xff, 0x10,

    /* U+1E96 "ẖ" */
    0xaf, 0x10, 0x0, 0x0, 0xa, 0xf1, 0x0, 0x0,
    0x0, 0xaf, 0x10, 0x0, 0x0, 0xa, 0xf1, 0x0,
    0x0, 0x0, 0xaf, 0x29, 0xef, 0xc5, 0xa, 0xfe,
    0xea, 0xbf, 0xf4, 0xaf, 0xc1, 0x0, 0x6f, 0xaa,
    0xf4, 0x0, 0x0, 0xfc, 0xaf, 0x20, 0x0, 0xf,
    0xca, 0xf1, 0x0, 0x0, 0xfd, 0xaf, 0x10, 0x0,
    0xf, 0xda, 0xf1, 0x0, 0x0, 0xfd, 0xaf, 0x10,
    0x0, 0xf, 0xda, 0xf1, 0x0, 0x0, 0xfd, 0xaf,
    0x10, 0x0, 0xf, 0xd0, 0x0, 0x0, 0x0, 0x0,
    0x0, 0x0, 0x0, 0x0, 0x0, 0x38, 0x88, 0x88,
    0x50, 0x6, 0xff, 0xff, 0xfb, 0x0,

    /* U+1E97 "ẗ" */
    0x11, 0x0, 0x10, 0xfd, 0x5, 0xf7, 0xfd, 0x5,
    0xf7, 0x0, 0x0, 0x0, 0x0, 0x2, 0x0, 0x3,
    0xe6, 0x0, 0x6, 0xf6, 0x0, 0x6, 0xf6, 0x0,
    0xaf, 0xff, 0xf2, 0x4a, 0xfa, 0x60, 0x6, 0xf6,
    0x0, 0x6, 0xf6, 0x0, 0x6, 0xf6, 0x0, 0x6,
    0xf6, 0x0, 0x6, 0xf6, 0x0, 0x5, 0xf6, 0x0,
    0x5, 0xf7, 0x0, 0x3, 0xfe, 0xb2, 0x0, 0x9f,
    0xf4,

    /* U+1E98 "ẘ" */
    0x0, 0x0, 0x0, 0x8b, 0x50, 0x0, 0x0, 0x0,
    0x0, 0x0, 0x47, 0xb, 0x0, 0x0, 0x0, 0x0,
    0x0, 0x4, 0x70, 0xb0, 0x0, 0x0, 0x0, 0x0,
    0x0, 0x9, 0xb5, 0x0, 0x0, 0x0, 0x0, 0x0,
    0x0, 0x0, 0x0, 0x0, 0x0, 0xc, 0xf1, 0x0,
    0xc, 0xf4, 0x0, 0x8, 0xf3, 0x7f, 0x40, 0x0,
    0xff, 0x80, 0x0, 0xce, 0x2, 0xf9, 0x0, 0x4f,
    0xfc, 0x0, 0x1f, 0x90, 0xe, 0xd0, 0x8, 0xfa,
    0xf0, 0x5, 0xf4, 0x0, 0x9f, 0x10, 0xcb, 0x6f,
    0x40, 0xaf, 0x0, 0x5, 0xf5, 0xf, 0x72, 0xf8,
    0xe, 0xb0, 0x0, 0xf, 0x94, 0xf3, 0xe, 0xc3,
    0xf6, 0x0, 0x0, 0xbd, 0x8f, 0x0, 0xaf, 0x7f,
    0x10, 0x0, 0x7, 0xfe, 0xb0, 0x5, 0xfe, 0xd0,
    0x0, 0x0, 0x2f, 0xf7, 0x0, 0x1f, 0xf8, 0x0,
    0x0, 0x0, 0xdf, 0x30, 0x0, 0xdf, 0x30, 0x0,

    /* U+1E99 "ẙ" */
    0x0, 0x1, 0xab, 0x30, 0x0, 0x0, 0x8, 0x41,
    0xb0, 0x0, 0x0, 0x8, 0x40, 0xb0, 0x0, 0x0,
    0x1, 0xab, 0x30, 0x0, 0x0, 0x0, 0x0, 0x0,
    0x0, 0x7f, 0x60, 0x0, 0x1, 0xfa, 0x2f, 0xb0,
    0x0, 0x7, 0xf4, 0xc, 0xf1, 0x0, 0xd, 0xe0,
    0x6, 0xf7, 0x0, 0x2f, 0x90, 0x0, 0xfc, 0x0,
    0x8f, 0x30, 0x0, 0xaf, 0x20, 0xed, 0x0, 0x0,
    0x4f, 0x73, 0xf7, 0x0, 0x0, 0xe, 0xd8, 0xf1,
    0x0, 0x0, 0x8, 0xfd, 0xb0, 0x0, 0x0, 0x2,
    0xff, 0x50, 0x0, 0x0, 0x0, 0xdf, 0x0, 0x0,
    0x0, 0x1, 0xfa, 0x0, 0x0, 0x0, 0x8, 0xf4,
    0x0, 0x0, 0xc, 0xdf, 0xb0, 0x0, 0x0, 0xb,
    0xfb, 0x10, 0x0, 0x0,

    /* U+1E9A "ẚ" */
    0x0, 0x0, 0x0, 0x0, 0x8c, 0x30, 0x0, 0x0,
    0x0, 0x0, 0x3, 0xd0, 0x0, 0x0, 0x0, 0x0,
    0x0, 0xd1, 0x0, 0x0, 0x0, 0x0, 0x3, 0xd0,
    0x0, 0x0, 0x0, 0x0, 0x8c, 0x30, 0x0, 0x29,
    0xdf, 0xec, 0x50, 0x0, 0x2, 0xff, 0x98, 0x9f,
    0xf5, 0x0, 0xa, 0xf3, 0x0, 0x4, 0xfa, 0x0,
    0x4, 0x60, 0x0, 0x0, 0xfb, 0x0, 0x0, 0x1,
    0x46, 0x9c, 0xfb, 0x0, 0x1, 0xbf, 0xff, 0xe9,
    0xfc, 0x0, 0xc, 0xf9, 0x41, 0x0, 0xfc, 0x0,
    0x2f, 0xb0, 0x0, 0x3, 0xfc, 0x0, 0x2f, 0xc0,
    0x0, 0xb, 0xfc, 0x0, 0xc, 0xfb, 0x78, 0xed,
    0xed, 0x0, 0x1, 0x9e, 0xfd, 0x70, 0xaf, 0x10,

    /* U+1E9B "ẛ" */
    0x0, 0x1, 0x0, 0x0, 0x2, 0xfa, 0x0, 0x0,
    0x2f, 0xa0, 0x0, 0x0, 0x0, 0x0, 0x0, 0x5d,
    0xfe, 0x10, 0x1f, 0xfc, 0xb0, 0x3, 0xfa, 0x0,
    0x0, 0x4f, 0x70, 0x0, 0xdf, 0xf7, 0x0, 0x5,
    0x9f, 0x70, 0x0, 0x4, 0xf7, 0x0, 0x0, 0x4f,
    0x70, 0x0, 0x4, 0xf7, 0x0, 0x0, 0x4f, 0x70,
    0x0, 0x4, 0xf7, 0x0, 0x0, 0x4f, 0x70, 0x0,
    0x4, 0xf7, 0x0, 0x0, 0x4f, 0x70, 0x0, 0x4,
    0xf7, 0x0, 0x0,

    /* U+1E9E "ẞ" */
    0x0, 0x4c, 0xff, 0xff, 0xff, 0xf2, 0x6, 0xff,
    0xff, 0xff, 0xff, 0xf2, 0xe, 0xfa, 0x10, 0x4,
    0xff, 0xa0, 0x3f, 0xf0, 0x0, 0x6f, 0xf7, 0x0,
    0x4f, 0xe0, 0x8, 0xff, 0x50, 0x0, 0x4f, 0xe0,
    0x6f, 0xfe, 0x83, 0x0, 0x4f, 0xe0, 0x6f, 0xff,
    0xff, 0xa0, 0x4f, 0xe0, 0x0, 0x1, 0x7f, 0xf8,
    0x4f, 0xe0, 0x0, 0x0, 0x7, 0xfe, 0x4f, 0xe0,
    0x0, 0x0, 0x4, 0xff, 0x4f, 0xe0, 0x0, 0x0,
    0x7, 0xfd, 0x4f, 0xe0, 0x0, 0x1, 0x6f, 0xf8,
    0x4f, 0xe0, 0xcf, 0xff, 0xff, 0xc0, 0x4f, 0xe0,
    0xcf, 0xff, 0xc7, 0x0,

    /* U+1EA0 "Ạ" */
    0x0, 0x0, 0xa, 0xff, 0x70, 0x0, 0x0, 0x0,
    0x0, 0x1f, 0xff, 0xc0, 0x0, 0x0, 0x0, 0x0,
    0x6f, 0xae, 0xf2, 0x0, 0x0, 0x0, 0x0, 0xcf,
    0x48, 0xf8, 0x0, 0x0, 0x0, 0x2, 0xfe, 0x2,
    0xfe, 0x0, 0x0, 0x0, 0x7, 0xf9, 0x0, 0xdf,
    0x40, 0x0, 0x0, 0xd, 0xf3, 0x0, 0x7f, 0xa0,
    0x0, 0x0, 0x3f, 0xd0, 0x0, 0x1f, 0xf0, 0x0,
    0x0, 0x9f, 0xff, 0xff, 0xff, 0xf5, 0x0, 0x0,
    0xef, 0xff, 0xff, 0xff, 0xfb, 0x0, 0x5, 0xfd,
    0x0, 0x0, 0x1, 0xff, 0x10, 0xa, 0xf8, 0x0,
    0x0, 0x0, 0xbf, 0x70, 0x1f, 0xf2, 0x0, 0x0,
    0x0, 0x6f, 0xd0, 0x6f, 0xd0, 0x0, 0x0, 0x0,
    0x1f, 0xf3, 0x0, 0x0, 0x0, 0x0, 0x0, 0x0,
    0x0, 0x0, 0x0, 0x1, 0xfd, 0x0, 0x0, 0x0,
    0x0, 0x0, 0x2, 0xfe, 0x0, 0x0, 0x0,

    /* U+1EA1 "ạ" */
    0x0, 0x19, 0xdf, 0xea, 0x30, 0x0, 0x1e, 0xff,
    0xdf, 0xff, 0x30, 0xa, 0xfb, 0x0, 0xb, 0xfb,
    0x0, 0x78, 0x20, 0x0, 0x3f, 0xf0, 0x0, 0x0,
    0x25, 0x8b, 0xff, 0x0, 0x7, 0xdf, 0xff, 0xef,
    0xf0, 0xa, 0xfd, 0x73, 0x1, 0xff, 0x0, 0xff,
    0x20, 0x0, 0x5f, 0xf0, 0x1f, 0xf3, 0x0, 0x2d,
    0xff, 0x10, 0xbf, 0xfb, 0xcf, 0xcd, 0xfe, 0x1,
    0x9e, 0xfe, 0x80, 0x5d, 0xd0, 0x0, 0x0, 0x0,
    0x0, 0x0, 0x0, 0x0, 0x7f, 0x70, 0x0, 0x0,
    0x0, 0x8, 0xf8, 0x0, 0x0,

    /* U+1EA2 "Ả" */
    0x0, 0x0, 0x0, 0x0, 0x0, 0x0, 0x0, 0x0,
    0x0, 0xa, 0xfd, 0x20, 0x0, 0x0, 0x0, 0x0,
    0x3, 0x4f, 0x80, 0x0, 0x0, 0x0, 0x0, 0x0,
    0x1f, 0x50, 0x0, 0x0, 0x0, 0x0, 0x0, 0x69,
    0x0, 0x0, 0x0, 0x0, 0x0, 0x0, 0x0, 0x0,
    0x0, 0x0, 0x0, 0x0, 0xa, 0xff, 0x70, 0x0,
    0x0, 0x0, 0x0, 0x1f, 0xff, 0xc0, 0x0, 0x0,
    0x0, 0x0, 0x6f, 0xae, 0xf2, 0x0, 0x0, 0x0,
    0x0, 0xcf, 0x48, 0xf8, 0x0, 0x0, 0x0, 0x2,
    0xfe, 0x2, 0xfe, 0x0, 0x0, 0x0, 0x7, 0xf9,
    0x0, 0xdf, 0x40, 0x0, 0x0, 0xd, 0xf3, 0x0,
    0x7f, 0xa0, 0x0, 0x0, 0x3f, 0xd0, 0x0, 0x1f,
    0xf0, 0x0, 0x0, 0x9f, 0xff, 0xff, 0xff, 0xf5,
    0x0, 0x0, 0xef, 0xff, 0xff, 0xff, 0xfb, 0x0,
    0x5, 0xfd, 0x0, 0x0, 0x1, 0xff, 0x10, 0xa,
    0xf8, 0x0, 0x0, 0x0, 0xbf, 0x70, 0x1f, 0xf2,
    0x0, 0x0, 0x0, 0x6f, 0xd0, 0x6f, 0xd0, 0x0,
    0x0, 0x0, 0x1f, 0xf3,

    /* U+1EA3 "ả" */
    0x0, 0x0, 0x0, 0x0, 0x0, 0x0, 0x0, 0xe,
    0xfc, 0x0, 0x0, 0x0, 0x0, 0x47, 0xf4, 0x0,
    0x0, 0x0, 0x0, 0x4f, 0x30, 0x0, 0x0, 0x0,
    0xa, 0x90, 0x0, 0x0, 0x0, 0x0, 0x0, 0x0,
    0x0, 0x0, 0x19, 0xdf, 0xea, 0x30, 0x0, 0x1e,
    0xff, 0xdf, 0xff, 0x30, 0xa, 0xfb, 0x0, 0xb,
    0xfb, 0x0, 0x78, 0x20, 0x0, 0x3f, 0xf0, 0x0,
    0x0, 0x25, 0x8b, 0xff, 0x0, 0x7, 0xdf, 0xff,
    0xef, 0xf0, 0xa, 0xfd, 0x73, 0x1, 0xff, 0x0,
    0xff, 0x20, 0x0, 0x5f, 0xf0, 0x1f, 0xf3, 0x0,
    0x2d, 0xff, 0x10, 0xbf, 0xfb, 0xcf, 0xcd, 0xfe,
    0x1, 0x9e, 0xfe, 0x80, 0x5d, 0xd0,

    /* U+1EA4 "Ấ" */
    0x0, 0x0, 0x0, 0x0, 0x6, 0xfa, 0x0, 0x0,
    0x0, 0x0, 0x0, 0xc, 0xf1, 0x0, 0x0, 0x0,
    0x6, 0xdd, 0x4a, 0x60, 0x0, 0x0, 0x0, 0x2f,
    0xbd, 0xd0, 0x0, 0x0, 0x0, 0x0, 0xac, 0x2,
    0xd7, 0x0, 0x0, 0x0, 0x0, 0x0, 0x0, 0x0,
    0x0, 0x0, 0x0, 0x0, 0xa, 0xff, 0x70, 0x0,
    0x0, 0x0, 0x0, 0x1f, 0xff, 0xc0, 0x0, 0x0,
    0x0, 0x0, 0x6f, 0xae, 0xf2, 0x0, 0x0, 0x0,
    0x0, 0xcf, 0x48, 0xf8, 0x0, 0x0, 0x0, 0x2,
    0xfe, 0x2, 0xfe, 0x0, 0x0, 0x0, 0x7, 0xf9,
    0x0, 0xdf, 0x40, 0x0, 0x0, 0xd, 0xf3, 0x0,
    0x7f, 0xa0, 0x0, 0x0, 0x3f, 0xd0, 0x0, 0x1f,
    0xf0, 0x0, 0x0, 0x9f, 0xff, 0xff, 0xff, 0xf5,
    0x0, 0x0, 0xef, 0xff, 0xff, 0xff, 0xfb, 0x0,
    0x5, 0xfd, 0x0, 0x0, 0x1, 0xff, 0x10, 0xa,
    0xf8, 0x0, 0x0, 0x0, 0xbf, 0x70, 0x1f, 0xf2,
    0x0, 0x0, 0x0, 0x6f, 0xd0, 0x6f, 0xd0, 0x0,
    0x0, 0x0, 0x1f, 0xf3,

    /* U+1EA5 "ấ" */
    0x0, 0x0, 0x0, 0x0, 0x9f, 0x60, 0x0, 0x0,
    0x0, 0xf, 0xd0, 0x0, 0x0, 0x0, 0x3, 0xb4,
    0x0, 0x0, 0xc, 0xcf, 0x40, 0x0, 0x0, 0xb,
    0xc0, 0x6f, 0x30, 0x0, 0x0, 0x0, 0x0, 0x0,
    0x0, 0x0, 0x19, 0xdf, 0xea, 0x30, 0x0, 0x1e,
    0xff, 0xdf, 0xff, 0x30, 0xa, 0xfb, 0x0, 0xb,
    0xfb, 0x0, 0x78, 0x20, 0x0, 0x3f, 0xf0, 0x0,
    0x0, 0x25, 0x8b, 0xff, 0x0, 0x7, 0xdf, 0xff,
    0xef, 0xf0, 0xa, 0xfd, 0x73, 0x1, 0xff, 0x0,
    0xff, 0x20, 0x0, 0x5f, 0xf0, 0x1f, 0xf3, 0x0,
    0x2d, 0xff, 0x10, 0xbf, 0xfb, 0xcf, 0xcd, 0xfe,
    0x1, 0x9e, 0xfe, 0x80, 0x5d, 0xd0,

    /* U+1EA6 "Ầ" */
    0x0, 0x0, 0x0, 0x0, 0x8f, 0x70, 0x0, 0x0,
    0x0, 0x0, 0x0, 0x1e, 0xd0, 0x0, 0x0, 0x0,
    0x6, 0xdd, 0x35, 0xb1, 0x0, 0x0, 0x0, 0x2f,
    0xbd, 0xd0, 0x0, 0x0, 0x0, 0x0, 0xac, 0x2,
    0xd7, 0x0, 0x0, 0x0, 0x0, 0x0, 0x0, 0x0,
    0x0, 0x0, 0x0, 0x0, 0xa, 0xff, 0x70, 0x0,
    0x0, 0x0, 0x0, 0x1f, 0xff, 0xc0, 0x0, 0x0,
    0x0, 0x0, 0x6f, 0xae, 0xf2, 0x0, 0x0, 0x0,
    0x0, 0xcf, 0x48, 0xf8, 0x0, 0x0, 0x0, 0x2,
    0xfe, 0x2, 0xfe, 0x0, 0x0, 0x0, 0x7, 0xf9,
    0x0, 0xdf, 0x40, 0x0, 0x0, 0xd, 0xf3, 0x0,
    0x7f, 0xa0, 0x0, 0x0, 0x3f, 0xd0, 0x0, 0x1f,
    0xf0, 0x0, 0x0, 0x9f, 0xff, 0xff, 0xff, 0xf5,
    0x0, 0x0, 0xef, 0xff, 0xff, 0xff, 0xfb, 0x0,
    0x5, 0xfd, 0x0, 0x0, 0x1, 0xff, 0x10, 0xa,
    0xf8, 0x0, 0x0, 0x0, 0xbf, 0x70, 0x1f, 0xf2,
    0x0, 0x0, 0x0, 0x6f, 0xd0, 0x6f, 0xd0, 0x0,
    0x0, 0x0, 0x1f, 0xf3,

    /* U+1EA7 "ầ" */
    0x0, 0x0, 0x0, 0xc, 0xf4, 0x0, 0x0, 0x0,
    0x0, 0x3f, 0xa0, 0x0, 0x0, 0x0, 0x0, 0x8b,
    0x0, 0x0, 0xc, 0xcf, 0x40, 0x0, 0x0, 0xb,
    0xc0, 0x6f, 0x30, 0x0, 0x0, 0x0, 0x0, 0x0,
    0x0, 0x0, 0x19, 0xdf, 0xea, 0x30, 0x0, 0x1e,
    0xff, 0xdf, 0xff, 0x30, 0xa, 0xfb, 0x0, 0xb,
    0xfb, 0x0, 0x78, 0x20, 0x0, 0x3f, 0xf0, 0x0,
    0x0, 0x25, 0x8b, 0xff, 0x0, 0x7, 0xdf, 0xff,
    0xef, 0xf0, 0xa, 0xfd, 0x73, 0x1, 0xff, 0x0,
    0xff, 0x20, 0x0, 0x5f, 0xf0, 0x1f, 0xf3, 0x0,
    0x2d, 0xff, 0x10, 0xbf, 0xfb, 0xcf, 0xcd, 0xfe,
    0x1, 0x9e, 0xfe, 0x80, 0x5d, 0xd0,

    /* U+1EA8 "Ẩ" */
    0x0, 0x0, 0x0, 0x1, 0xee, 0x60, 0x0, 0x0,
    0x0, 0x0, 0x0, 0x3b, 0xc0, 0x0, 0x0, 0x0,
    0x1, 0x44, 0xb, 0x90, 0x0, 0x0, 0x0, 0xa,
    0xff, 0x87, 0x10, 0x0, 0x0, 0x0, 0x4f, 0x7b,
    0xf1, 0x0, 0x0, 0x0, 0x0, 0x99, 0x1, 0xb6,
    0x0, 0x0, 0x0, 0x0, 0x0, 0x0, 0x0, 0x0,
    0x0, 0x0, 0x0, 0xa, 0xff, 0x70, 0x0, 0x0,
    0x0, 0x0, 0x1f, 0xff, 0xc0, 0x0, 0x0, 0x0,
    0x0, 0x6f, 0xae, 0xf2, 0x0, 0x0, 0x0, 0x0,
    0xcf, 0x48, 0xf8, 0x0, 0x0, 0x0, 0x2, 0xfe,
    0x2, 0xfe, 0x0, 0x0, 0x0, 0x7, 0xf9, 0x0,
    0xdf, 0x40, 0x0, 0x0, 0xd, 0xf3, 0x0, 0x7f,
    0xa0, 0x0, 0x0, 0x3f, 0xd0, 0x0, 0x1f, 0xf0,
    0x0, 0x0, 0x9f, 0xff, 0xff, 0xff, 0xf5, 0x0,
    0x0, 0xef, 0xff, 0xff, 0xff, 0xfb, 0x0, 0x5,
    0xfd, 0x0, 0x0, 0x1, 0xff, 0x10, 0xa, 0xf8,
    0x0, 0x0, 0x0, 0xbf, 0x70, 0x1f, 0xf2, 0x0,
    0x0, 0x0, 0x6f, 0xd0, 0x6f, 0xd0, 0x0, 0x0,
    0x0, 0x1f, 0xf3,

    /* U+1EA9 "ẩ" */
    0x0, 0x0, 0x0, 0x4f, 0xe4, 0x0, 0x0, 0x0,
    0x1, 0x3d, 0x90, 0x0, 0x0, 0x0, 0x0, 0xe7,
    0x0, 0x0, 0xc, 0xff, 0x67, 0x0, 0x0, 0x9,
    0xe3, 0xbe, 0x10, 0x0, 0x0, 0x41, 0x0, 0x42,
    0x0, 0x0, 0x19, 0xdf, 0xea, 0x30, 0x0, 0x1e,
    0xff, 0xdf, 0xff, 0x30, 0xa, 0xfb, 0x0, 0xb,
    0xfb, 0x0, 0x78, 0x20, 0x0, 0x3f, 0xf0, 0x0,
    0x0, 0x25, 0x8b, 0xff, 0x0, 0x7, 0xdf, 0xff,
    0xef, 0xf0, 0xa, 0xfd, 0x73, 0x1, 0xff, 0x0,
    0xff, 0x20, 0x0, 0x5f, 0xf0, 0x1f, 0xf3, 0x0,
    0x2d, 0xff, 0x10, 0xbf, 0xfb, 0xcf, 0xcd, 0xfe,
    0x1, 0x9e, 0xfe, 0x80, 0x5d, 0xd0,

    /* U+1EAA "Ẫ" */
    0x0, 0x0, 0x0, 0x0, 0x0, 0x0, 0x0, 0x0,
    0x0, 0x7f, 0xd4, 0x6d, 0x0, 0x0, 0x0, 0x0,
    0xf6, 0x8f, 0xf6, 0x0, 0x0, 0x0, 0x0, 0x30,
    0x1, 0x20, 0x0, 0x0, 0x0, 0x0, 0x8, 0xff,
    0x50, 0x0, 0x0, 0x0, 0x0, 0x3f, 0xac, 0xe1,
    0x0, 0x0, 0x0, 0x0, 0xab, 0x1, 0xc7, 0x0,
    0x0, 0x0, 0x0, 0x0, 0x0, 0x0, 0x0, 0x0,
    0x0, 0x0, 0xa, 0xff, 0x70, 0x0, 0x0, 0x0,
    0x0, 0x1f, 0xff, 0xc0, 0x0, 0x0, 0x0, 0x0,
    0x6f, 0xae, 0xf2, 0x0, 0x0, 0x0, 0x0, 0xcf,
    0x48, 0xf8, 0x0, 0x0, 0x0, 0x2, 0xfe, 0x2,
    0xfe, 0x0, 0x0, 0x0, 0x7, 0xf9, 0x0, 0xdf,
    0x40, 0x0, 0x0, 0xd, 0xf3, 0x0, 0x7f, 0xa0,
    0x0, 0x0, 0x3f, 0xd0, 0x0, 0x1f, 0xf0, 0x0,
    0x0, 0x9f, 0xff, 0xff, 0xff, 0xf5, 0x0, 0x0,
    0xef, 0xff, 0xff, 0xff, 0xfb, 0x0, 0x5, 0xfd,
    0x0, 0x0, 0x1, 0xff, 0x10, 0xa, 0xf8, 0x0,
    0x0, 0x0, 0xbf, 0x70, 0x1f, 0xf2, 0x0, 0x0,
    0x0, 0x6f, 0xd0, 0x6f, 0xd0, 0x0, 0x0, 0x0,
    0x1f, 0xf3,

    /* U+1EAB "ẫ" */
    0x0, 0x0, 0x0, 0x0, 0x0, 0x0, 0x0, 0xaf,
    0xc3, 0x9a, 0x0, 0x0, 0x3f, 0x5b, 0xff, 0x40,
    0x0, 0x1, 0x30, 0x2, 0x10, 0x0, 0x0, 0x0,
    0x0, 0x0, 0x0, 0x0, 0x0, 0xc, 0xff, 0x30,
    0x0, 0x0, 0x9, 0xe3, 0xbe, 0x10, 0x0, 0x0,
    0x42, 0x0, 0x42, 0x0, 0x0, 0x19, 0xdf, 0xea,
    0x30, 0x0, 0x1e, 0xff, 0xdf, 0xff, 0x30, 0xa,
    0xfb, 0x0, 0xb, 0xfb, 0x0, 0x78, 0x20, 0x0,
    0x3f, 0xf0, 0x0, 0x0, 0x25, 0x8b, 0xff, 0x0,
    0x7, 0xdf, 0xff, 0xef, 0xf0, 0xa, 0xfd, 0x73,
    0x1, 0xff, 0x0, 0xff, 0x20, 0x0, 0x5f, 0xf0,
    0x1f, 0xf3, 0x0, 0x2d, 0xff, 0x10, 0xbf, 0xfb,
    0xcf, 0xcd, 0xfe, 0x1, 0x9e, 0xfe, 0x80, 0x5d,
    0xd0,

    /* U+1EAC "Ậ" */
    0x0, 0x0, 0x2, 0x87, 0x10, 0x0, 0x0, 0x0,
    0x0, 0xd, 0xde, 0x90, 0x0, 0x0, 0x0, 0x0,
    0x7f, 0x26, 0xf3, 0x0, 0x0, 0x0, 0x0, 0x75,
    0x0, 0x75, 0x0, 0x0, 0x0, 0x0, 0x0, 0x0,
    0x0, 0x0, 0x0, 0x0, 0x0, 0xa, 0xff, 0x70,
    0x0, 0x0, 0x0, 0x0, 0x1f, 0xff, 0xc0, 0x0,
    0x0, 0x0, 0x0, 0x6f, 0xae, 0xf2, 0x0, 0x0,
    0x0, 0x0, 0xcf, 0x48, 0xf8, 0x0, 0x0, 0x0,
    0x2, 0xfe, 0x2, 0xfe, 0x0, 0x0, 0x0, 0x7,
    0xf9, 0x0, 0xdf, 0x40, 0x0, 0x0, 0xd, 0xf3,
    0x0, 0x7f, 0xa0, 0x0, 0x0, 0x3f, 0xd0, 0x0,
    0x1f, 0xf0, 0x0, 0x0, 0x9f, 0xff, 0xff, 0xff,
    0xf5, 0x0, 0x0, 0xef, 0xff, 0xff, 0xff, 0xfb,
    0x0, 0x5, 0xfd, 0x0, 0x0, 0x1, 0xff, 0x10,
    0xa, 0xf8, 0x0, 0x0, 0x0, 0xbf, 0x70, 0x1f,
    0xf2, 0x0, 0x0, 0x0, 0x6f, 0xd0, 0x6f, 0xd0,
    0x0, 0x0, 0x0, 0x1f, 0xf3, 0x0, 0x0, 0x0,
    0x0, 0x0, 0x0, 0x0, 0x0, 0x0, 0x1, 0xfd,
    0x0, 0x0, 0x0, 0x0, 0x0, 0x2, 0xfe, 0x0,
    0x0, 0x0,

    /* U+1EAD "ậ" */
    0x0, 0x0, 0xbf, 0xf2, 0x0, 0x0, 0x0, 0x5f,
    0xaf, 0xb0, 0x0, 0x0, 0xe, 0xb0, 0x5f, 0x50,
    0x0, 0x0, 0x0, 0x0, 0x0, 0x0, 0x0, 0x19,
    0xdf, 0xea, 0x30, 0x0, 0x1e, 0xff, 0xdf, 0xff,
    0x30, 0xa, 0xfb, 0x0, 0xb, 0xfb, 0x0, 0x78,
    0x20, 0x0, 0x3f, 0xf0, 0x0, 0x0, 0x25, 0x8b,
    0xff, 0x0, 0x7, 0xdf, 0xff, 0xef, 0xf0, 0xa,
    0xfd, 0x73, 0x1, 0xff, 0x0, 0xff, 0x20, 0x0,
    0x5f, 0xf0, 0x1f, 0xf3, 0x0, 0x2d, 0xff, 0x10,
    0xbf, 0xfb, 0xcf, 0xcd, 0xfe, 0x1, 0x9e, 0xfe,
    0x80, 0x5d, 0xd0, 0x0, 0x0, 0x0, 0x0, 0x0,
    0x0, 0x0, 0x7f, 0x70, 0x0, 0x0, 0x0, 0x8,
    0xf8, 0x0, 0x0,

    /* U+1EAE "Ắ" */
    0x0, 0x0, 0x0, 0x1f, 0xc0, 0x0, 0x0, 0x0,
    0x0, 0x0, 0x8f, 0x30, 0x0, 0x0, 0x0, 0x0,
    0x62, 0x44, 0x45, 0x0, 0x0, 0x0, 0x0, 0xcc,
    0x23, 0xe8, 0x0, 0x0, 0x0, 0x0, 0x3e, 0xff,
    0xd1, 0x0, 0x0, 0x0, 0x0, 0x0, 0x33, 0x0,
    0x0, 0x0, 0x0, 0x0, 0x0, 0x0, 0x0, 0x0,
    0x0, 0x0, 0x0, 0xa, 0xff, 0x70, 0x0, 0x0,
    0x0, 0x0, 0x1f, 0xff, 0xc0, 0x0, 0x0, 0x0,
    0x0, 0x6f, 0xae, 0xf2, 0x0, 0x0, 0x0, 0x0,
    0xcf, 0x48, 0xf8, 0x0, 0x0, 0x0, 0x2, 0xfe,
    0x2, 0xfe, 0x0, 0x0, 0x0, 0x7, 0xf9, 0x0,
    0xdf, 0x40, 0x0, 0x0, 0xd, 0xf3, 0x0, 0x7f,
    0xa0, 0x0, 0x0, 0x3f, 0xd0, 0x0, 0x1f, 0xf0,
    0x0, 0x0, 0x9f, 0xff, 0xff, 0xff, 0xf5, 0x0,
    0x0, 0xef, 0xff, 0xff, 0xff, 0xfb, 0x0, 0x5,
    0xfd, 0x0, 0x0, 0x1, 0xff, 0x10, 0xa, 0xf8,
    0x0, 0x0, 0x0, 0xbf, 0x70, 0x1f, 0xf2, 0x0,
    0x0, 0x0, 0x6f, 0xd0, 0x6f, 0xd0, 0x0, 0x0,
    0x0, 0x1f, 0xf3,

    /* U+1EAF "ắ" */
    0x0, 0x0, 0x0, 0x54, 0x0, 0x0, 0x0, 0x0,
    0x7f, 0x60, 0x0, 0x0, 0x0, 0xd, 0xc0, 0x0,
    0x0, 0x0, 0x0, 0x0, 0x0, 0x0, 0x0, 0x1f,
    0x82, 0x4f, 0x70, 0x0, 0x0, 0x7f, 0xff, 0xc0,
    0x0, 0x0, 0x0, 0x13, 0x20, 0x0, 0x0, 0x0,
    0x8d, 0xfe, 0xa3, 0x0, 0x0, 0xcf, 0xfd, 0xff,
    0xf3, 0x0, 0x6f, 0xe2, 0x1, 0xcf, 0xb0, 0xc,
    0xf6, 0x0, 0x4, 0xff, 0x0, 0x33, 0x0, 0x0,
    0x3f, 0xf0, 0x0, 0x15, 0x9c, 0xef, 0xff, 0x0,
    0x5e, 0xfc, 0x97, 0x5f, 0xf0, 0xf, 0xf4, 0x0,
    0x3, 0xff, 0x1, 0xff, 0x30, 0x1, 0xcf, 0xf1,
    0xd, 0xff, 0xbc, 0xfc, 0xdf, 0xe0, 0x19, 0xef,
    0xe8, 0x5, 0xdd,

    /* U+1EB0 "Ằ" */
    0x0, 0x0, 0x1e, 0xe0, 0x0, 0x0, 0x0, 0x0,
    0x0, 0x6, 0xf5, 0x0, 0x0, 0x0, 0x0, 0x0,
    0x62, 0x53, 0x45, 0x0, 0x0, 0x0, 0x0, 0xcc,
    0x23, 0xe8, 0x0, 0x0, 0x0, 0x0, 0x3e, 0xff,
    0xd1, 0x0, 0x0, 0x0, 0x0, 0x0, 0x33, 0x0,
    0x0, 0x0, 0x0, 0x0, 0x0, 0x0, 0x0, 0x0,
    0x0, 0x0, 0x0, 0xa, 0xff, 0x70, 0x0, 0x0,
    0x0, 0x0, 0x1f, 0xff, 0xc0, 0x0, 0x0, 0x0,
    0x0, 0x6f, 0xae, 0xf2, 0x0, 0x0, 0x0, 0x0,
    0xcf, 0x48, 0xf8, 0x0, 0x0, 0x0, 0x2, 0xfe,
    0x2, 0xfe, 0x0, 0x0, 0x0, 0x7, 0xf9, 0x0,
    0xdf, 0x40, 0x0, 0x0, 0xd, 0xf3, 0x0, 0x7f,
    0xa0, 0x0, 0x0, 0x3f, 0xd0, 0x0, 0x1f, 0xf0,
    0x0, 0x0, 0x9f, 0xff, 0xff, 0xff, 0xf5, 0x0,
    0x0, 0xef, 0xff, 0xff, 0xff, 0xfb, 0x0, 0x5,
    0xfd, 0x0, 0x0, 0x1, 0xff, 0x10, 0xa, 0xf8,
    0x0, 0x0, 0x0, 0xbf, 0x70, 0x1f, 0xf2, 0x0,
    0x0, 0x0, 0x6f, 0xd0, 0x6f, 0xd0, 0x0, 0x0,
    0x0, 0x1f, 0xf3,

    /* U+1EB1 "ằ" */
    0x0, 0x2, 0x53, 0x0, 0x0, 0x0, 0x0, 0x1e,
    0xd0, 0x0, 0x0, 0x0, 0x0, 0x6f, 0x40, 0x0,
    0x0, 0x0, 0x0, 0x0, 0x0, 0x0, 0x0, 0x1f,
    0x82, 0x4f, 0x70, 0x0, 0x0, 0x7f, 0xff, 0xc0,
    0x0, 0x0, 0x0, 0x13, 0x20, 0x0, 0x0, 0x0,
    0x8d, 0xfe, 0xa3, 0x0, 0x0, 0xcf, 0xfd, 0xff,
    0xf3, 0x0, 0x6f, 0xe2, 0x1, 0xcf, 0xb0, 0xc,
    0xf6, 0x0, 0x4, 0xff, 0x0, 0x33, 0x0, 0x0,
    0x3f, 0xf0, 0x0, 0x15, 0x9c, 0xef, 0xff, 0x0,
    0x5e, 0xfc, 0x97, 0x5f, 0xf0, 0xf, 0xf4, 0x0,
    0x3, 0xff, 0x1, 0xff, 0x30, 0x1, 0xcf, 0xf1,
    0xd, 0xff, 0xbc, 0xfc, 0xdf, 0xe0, 0x19, 0xef,
    0xe8, 0x5, 0xdd,

    /* U+1EB2 "Ẳ" */
    0x0, 0x0, 0x7, 0xfd, 0x20, 0x0, 0x0, 0x0,
    0x0, 0x1, 0x3f, 0x50, 0x0, 0x0, 0x0, 0x0,
    0x31, 0x5b, 0x32, 0x0, 0x0, 0x0, 0x0, 0xdb,
    0x23, 0xd9, 0x0, 0x0, 0x0, 0x0, 0x4e, 0xff,
    0xd1, 0x0, 0x0, 0x0, 0x0, 0x0, 0x33, 0x0,
    0x0, 0x0, 0x0, 0x0, 0x0, 0x0, 0x0, 0x0,
    0x0, 0x0, 0x0, 0xa, 0xff, 0x70, 0x0, 0x0,
    0x0, 0x0, 0x1f, 0xff, 0xc0, 0x0, 0x0, 0x0,
    0x0, 0x6f, 0xae, 0xf2, 0x0, 0x0, 0x0, 0x0,
    0xcf, 0x48, 0xf8, 0x0, 0x0, 0x0, 0x2, 0xfe,
    0x2, 0xfe, 0x0, 0x0, 0x0, 0x7, 0xf9, 0x0,
    0xdf, 0x40, 0x0, 0x0, 0xd, 0xf3, 0x0, 0x7f,
    0xa0, 0x0, 0x0, 0x3f, 0xd0, 0x0, 0x1f, 0xf0,
    0x0, 0x0, 0x9f, 0xff, 0xff, 0xff, 0xf5, 0x0,
    0x0, 0xef, 0xff, 0xff, 0xff, 0xfb, 0x0, 0x5,
    0xfd, 0x0, 0x0, 0x1, 0xff, 0x10, 0xa, 0xf8,
    0x0, 0x0, 0x0, 0xbf, 0x70, 0x1f, 0xf2, 0x0,
    0x0, 0x0, 0x6f, 0xd0, 0x6f, 0xd0, 0x0, 0x0,
    0x0, 0x1f, 0xf3,

    /* U+1EB3 "ẳ" */
    0x0, 0x0, 0xaf, 0xa0, 0x0, 0x0, 0x0, 0x2,
    0x6f, 0x20, 0x0, 0x0, 0x0, 0x4, 0xf1, 0x0,
    0x0, 0x0, 0x0, 0xcb, 0x0, 0x0, 0x0, 0xd,
    0xff, 0xff, 0x40, 0x0, 0x0, 0x2, 0x43, 0x0,
    0x0, 0x0, 0x0, 0x0, 0x0, 0x0, 0x0, 0x0,
    0x8d, 0xfe, 0xa3, 0x0, 0x0, 0xbf, 0xfd, 0xff,
    0xf3, 0x0, 0x6f, 0xe2, 0x1, 0xcf, 0xb0, 0xb,
    0xf7, 0x0, 0x5, 0xff, 0x0, 0x56, 0x10, 0x0,
    0x2f, 0xf0, 0x0, 0x2, 0x69, 0xce, 0xff, 0x0,
    0x3d, 0xfe, 0xb8, 0x7f, 0xf0, 0xe, 0xf5, 0x0,
    0x3, 0xff, 0x1, 0xff, 0x30, 0x1, 0xcf, 0xf1,
    0xd, 0xff, 0xbc, 0xfc, 0xdf, 0xe0, 0x1a, 0xef,
    0xe9, 0x5, 0xdd,

    /* U+1EB4 "Ẵ" */
    0x0, 0x0, 0x0, 0x0, 0x0, 0x0, 0x0, 0x0,
    0x0, 0x7f, 0xd4, 0x6d, 0x0, 0x0, 0x0, 0x1,
    0xf6, 0x9f, 0xf6, 0x0, 0x0, 0x0, 0x0, 0x50,
    0x2, 0x31, 0x0, 0x0, 0x0, 0x0, 0xdb, 0x23,
    0xda, 0x0, 0x0, 0x0, 0x0, 0x4f, 0xff, 0xe2,
    0x0, 0x0, 0x0, 0x0, 0x0, 0x33, 0x0, 0x0,
    0x0, 0x0, 0x0, 0x0, 0x0, 0x0, 0x0, 0x0,
    0x0, 0x0, 0xa, 0xff, 0x70, 0x0, 0x0, 0x0,
    0x0, 0x1f, 0xff, 0xc0, 0x0, 0x0, 0x0, 0x0,
    0x6f, 0xae, 0xf2, 0x0, 0x0, 0x0, 0x0, 0xcf,
    0x48, 0xf8, 0x0, 0x0, 0x0, 0x2, 0xfe, 0x2,
    0xfe, 0x0, 0x0, 0x0, 0x7, 0xf9, 0x0, 0xdf,
    0x40, 0x0, 0x0, 0xd, 0xf3, 0x0, 0x7f, 0xa0,
    0x0, 0x0, 0x3f, 0xd0, 0x0, 0x1f, 0xf0, 0x0,
    0x0, 0x9f, 0xff, 0xff, 0xff, 0xf5, 0x0, 0x0,
    0xef, 0xff, 0xff, 0xff, 0xfb, 0x0, 0x5, 0xfd,
    0x0, 0x0, 0x1, 0xff, 0x10, 0xa, 0xf8, 0x0,
    0x0, 0x0, 0xbf, 0x70, 0x1f, 0xf2, 0x0, 0x0,
    0x0, 0x6f, 0xd0, 0x6f, 0xd0, 0x0, 0x0, 0x0,
    0x1f, 0xf3,

    /* U+1EB5 "ẵ" */
    0x0, 0x0, 0x0, 0x0, 0x0, 0x0, 0x0, 0xaf,
    0xc3, 0x9a, 0x0, 0x0, 0x4f, 0x5b, 0xff, 0x30,
    0x0, 0x1, 0x30, 0x2, 0x10, 0x0, 0x0, 0x0,
    0x0, 0x0, 0x0, 0x0, 0x1, 0xf8, 0x23, 0xe7,
    0x0, 0x0, 0x7, 0xff, 0xfc, 0x10, 0x0, 0x0,
    0x1, 0x32, 0x0, 0x0, 0x0, 0x8, 0xdf, 0xea,
    0x30, 0x0, 0xc, 0xff, 0xdf, 0xff, 0x30, 0x6,
    0xfe, 0x20, 0x1c, 0xfb, 0x0, 0xcf, 0x60, 0x0,
    0x4f, 0xf0, 0x3, 0x30, 0x0, 0x3, 0xff, 0x0,
    0x1, 0x59, 0xce, 0xff, 0xf0, 0x5, 0xef, 0xc9,
    0x75, 0xff, 0x0, 0xff, 0x40, 0x0, 0x3f, 0xf0,
    0x1f, 0xf3, 0x0, 0x1c, 0xff, 0x10, 0xdf, 0xfb,
    0xcf, 0xcd, 0xfe, 0x1, 0x9e, 0xfe, 0x80, 0x5d,
    0xd0,

    /* U+1EB6 "Ặ" */
    0x0, 0x0, 0x73, 0x0, 0x55, 0x0, 0x0, 0x0,
    0x0, 0xcc, 0x23, 0xe8, 0x0, 0x0, 0x0, 0x0,
    0x3e, 0xff, 0xc1, 0x0, 0x0, 0x0, 0x0, 0x0,
    0x32, 0x0, 0x0, 0x0, 0x0, 0x0, 0x0, 0x0,
    0x0, 0x0, 0x0, 0x0, 0x0, 0xa, 0xff, 0x70,
    0x0, 0x0, 0x0, 0x0, 0x1f, 0xff, 0xc0, 0x0,
    0x0, 0x0, 0x0, 0x6f, 0xae, 0xf2, 0x0, 0x0,
    0x0, 0x0, 0xcf, 0x48, 0xf8, 0x0, 0x0, 0x0,
    0x2, 0xfe, 0x2, 0xfe, 0x0, 0x0, 0x0, 0x7,
    0xf9, 0x0, 0xdf, 0x40, 0x0, 0x0, 0xd, 0xf3,
    0x0, 0x7f, 0xa0, 0x0, 0x0, 0x3f, 0xd0, 0x0,
    0x1f, 0xf0, 0x0, 0x0, 0x9f, 0xff, 0xff, 0xff,
    0xf5, 0x0, 0x0, 0xef, 0xff, 0xff, 0xff, 0xfb,
    0x0, 0x5, 0xfd, 0x0, 0x0, 0x1, 0xff, 0x10,
    0xa, 0xf8, 0x0, 0x0, 0x0, 0xbf, 0x70, 0x1f,
    0xf2, 0x0, 0x0, 0x0, 0x6f, 0xd0, 0x6f, 0xd0,
    0x0, 0x0, 0x0, 0x1f, 0xf3, 0x0, 0x0, 0x0,
    0x0, 0x0, 0x0, 0x0, 0x0, 0x0, 0x1, 0xfd,
    0x0, 0x0, 0x0, 0x0, 0x0, 0x2, 0xfe, 0x0,
    0x0, 0x0,

    /* U+1EB7 "ặ" */
    0x0, 0x1f, 0x82, 0x4f, 0x70, 0x0, 0x0, 0x7f,
    0xff, 0xc0, 0x0, 0x0, 0x0, 0x13, 0x20, 0x0,
    0x0, 0x0, 0x8d, 0xfe, 0xa3, 0x0, 0x0, 0xbf,
    0xfd, 0xff, 0xf3, 0x0, 0x6f, 0xe2, 0x1, 0xcf,
    0xb0, 0xb, 0xf7, 0x0, 0x5, 0xff, 0x0, 0x66,
    0x10, 0x0, 0x2f, 0xf0, 0x0, 0x2, 0x69, 0xbe,
    0xff, 0x0, 0x3d, 0xfe, 0xb8, 0x7f, 0xf0, 0xe,
    0xf5, 0x0, 0x3, 0xff, 0x1, 0xff, 0x30, 0x1,
    0xcf, 0xf1, 0xd, 0xff, 0xbc, 0xfc, 0xdf, 0xe0,
    0x1a, 0xef, 0xe9, 0x5, 0xdd, 0x0, 0x0, 0x0,
    0x0, 0x0, 0x0, 0x0, 0x7, 0xf7, 0x0, 0x0,
    0x0, 0x0, 0x8f, 0x80, 0x0, 0x0,

    /* U+1EB8 "Ẹ" */
    0x4f, 0xff, 0xff, 0xff, 0xff, 0x4, 0xff, 0xff,
    0xff, 0xff, 0xf0, 0x4f, 0xe0, 0x0, 0x0, 0x0,
    0x4, 0xfe, 0x0, 0x0, 0x0, 0x0, 0x4f, 0xe0,
    0x0, 0x0, 0x0, 0x4, 0xfe, 0x0, 0x0, 0x0,
    0x0, 0x4f, 0xff, 0xff, 0xff, 0xfb, 0x4, 0xff,
    0xff, 0xff, 0xff, 0xa0, 0x4f, 0xe0, 0x0, 0x0,
    0x0, 0x4, 0xfe, 0x0, 0x0, 0x0, 0x0, 0x4f,
    0xe0, 0x0, 0x0, 0x0, 0x4, 0xfe, 0x0, 0x0,
    0x0, 0x0, 0x4f, 0xff, 0xff, 0xff, 0xff, 0x24,
    0xff, 0xff, 0xff, 0xff, 0xf2, 0x0, 0x0, 0x0,
    0x0, 0x0, 0x0, 0x0, 0x8, 0xf6, 0x0, 0x0,
    0x0, 0x0, 0x9f, 0x60, 0x0, 0x0,

    /* U+1EB9 "ẹ" */
    0x0, 0x7, 0xdf, 0xeb, 0x30, 0x0, 0xb, 0xff,
    0xde, 0xff, 0x50, 0x7, 0xfd, 0x20, 0x6, 0xfe,
    0x10, 0xdf, 0x40, 0x0, 0xc, 0xf6, 0xf, 0xfa,
    0xaa, 0xaa, 0xdf, 0x92, 0xff, 0xff, 0xff, 0xff,
    0xfa, 0xf, 0xf2, 0x0, 0x0, 0x0, 0x0, 0xdf,
    0x60, 0x0, 0x5, 0x62, 0x7, 0xfe, 0x30, 0x5,
    0xff, 0x10, 0xb, 0xff, 0xee, 0xff, 0x60, 0x0,
    0x7, 0xdf, 0xeb, 0x30, 0x0, 0x0, 0x0, 0x0,
    0x0, 0x0, 0x0, 0x0, 0x1f, 0xd0, 0x0, 0x0,
    0x0, 0x2, 0xfe, 0x0, 0x0,

    /* U+1EBA "Ẻ" */
    0x0, 0x0, 0x0, 0x0, 0x0, 0x0, 0x0, 0x3f,
    0xf8, 0x0, 0x0, 0x0, 0x1, 0x4b, 0xf0, 0x0,
    0x0, 0x0, 0x0, 0x9d, 0x0, 0x0, 0x0, 0x0,
    0x1a, 0x30, 0x0, 0x0, 0x0, 0x0, 0x0, 0x0,
    0x0, 0x4f, 0xff, 0xff, 0xff, 0xff, 0x4, 0xff,
    0xff, 0xff, 0xff, 0xf0, 0x4f, 0xe0, 0x0, 0x0,
    0x0, 0x4, 0xfe, 0x0, 0x0, 0x0, 0x0, 0x4f,
    0xe0, 0x0, 0x0, 0x0, 0x4, 0xfe, 0x0, 0x0,
    0x0, 0x0, 0x4f, 0xff, 0xff, 0xff, 0xfb, 0x4,
    0xff, 0xff, 0xff, 0xff, 0xa0, 0x4f, 0xe0, 0x0,
    0x0, 0x0, 0x4, 0xfe, 0x0, 0x0, 0x0, 0x0,
    0x4f, 0xe0, 0x0, 0x0, 0x0, 0x4, 0xfe, 0x0,
    0x0, 0x0, 0x0, 0x4f, 0xff, 0xff, 0xff, 0xff,
    0x24, 0xff, 0xff, 0xff, 0xff, 0xf2,

    /* U+1EBB "ẻ" */
    0x0, 0x0, 0x0, 0x0, 0x0, 0x0, 0x0, 0xa,
    0xfd, 0x20, 0x0, 0x0, 0x0, 0x35, 0xf7, 0x0,
    0x0, 0x0, 0x0, 0xf, 0x60, 0x0, 0x0, 0x0,
    0x8, 0xc0, 0x0, 0x0, 0x0, 0x0, 0x0, 0x0,
    0x0, 0x0, 0x7, 0xdf, 0xeb, 0x30, 0x0, 0xb,
    0xff, 0xde, 0xff, 0x50, 0x7, 0xfd, 0x20, 0x6,
    0xfe, 0x10, 0xdf, 0x40, 0x0, 0xc, 0xf6, 0xf,
    0xfa, 0xaa, 0xaa, 0xdf, 0x92, 0xff, 0xff, 0xff,
    0xff, 0xfa, 0xf, 0xf2, 0x0, 0x0, 0x0, 0x0,
    0xdf, 0x60, 0x0, 0x5, 0x62, 0x7, 0xfe, 0x30,
    0x5, 0xff, 0x10, 0xb, 0xff, 0xee, 0xff, 0x60,
    0x0, 0x7, 0xdf, 0xeb, 0x30, 0x0,

    /* U+1EBC "Ẽ" */
    0x0, 0x0, 0x0, 0x0, 0x0, 0x0, 0x3, 0xef,
    0x92, 0xc7, 0x0, 0x0, 0xba, 0x6e, 0xfe, 0x10,
    0x0, 0x3, 0x10, 0x3, 0x0, 0x0, 0x0, 0x0,
    0x0, 0x0, 0x0, 0x4, 0xff, 0xff, 0xff, 0xff,
    0xf0, 0x4f, 0xff, 0xff, 0xff, 0xff, 0x4, 0xfe,
    0x0, 0x0, 0x0, 0x0, 0x4f, 0xe0, 0x0, 0x0,
    0x0, 0x4, 0xfe, 0x0, 0x0, 0x0, 0x0, 0x4f,
    0xe0, 0x0, 0x0, 0x0, 0x4, 0xff, 0xff, 0xff,
    0xff, 0xb0, 0x4f, 0xff, 0xff, 0xff, 0xfa, 0x4,
    0xfe, 0x0, 0x0, 0x0, 0x0, 0x4f, 0xe0, 0x0,
    0x0, 0x0, 0x4, 0xfe, 0x0, 0x0, 0x0, 0x0,
    0x4f, 0xe0, 0x0, 0x0, 0x0, 0x4, 0xff, 0xff,
    0xff, 0xff, 0xf2, 0x4f, 0xff, 0xff, 0xff, 0xff,
    0x20,

    /* U+1EBD "ẽ" */
    0x0, 0x0, 0x0, 0x0, 0x0, 0x0, 0x1, 0xcf,
    0xff, 0xfd, 0x0, 0x0, 0x14, 0x55, 0x43, 0x0,
    0x0, 0x0, 0x0, 0x0, 0x0, 0x0, 0x0, 0x7,
    0xdf, 0xeb, 0x30, 0x0, 0xb, 0xff, 0xde, 0xff,
    0x50, 0x7, 0xfd, 0x20, 0x6, 0xfe, 0x10, 0xdf,
    0x40, 0x0, 0xc, 0xf6, 0xf, 0xfa, 0xaa, 0xaa,
    0xdf, 0x92, 0xff, 0xff, 0xff, 0xff, 0xfa, 0xf,
    0xf2, 0x0, 0x0, 0x0, 0x0, 0xdf, 0x60, 0x0,
    0x5, 0x62, 0x7, 0xfe, 0x30, 0x5, 0xff, 0x10,
    0xb, 0xff, 0xee, 0xff, 0x60, 0x0, 0x7, 0xdf,
    0xeb, 0x30, 0x0,

    /* U+1EBE "Ế" */
    0x0, 0x0, 0x0, 0x0, 0xef, 0x20, 0x0, 0x0,
    0x0, 0x4f, 0x80, 0x0, 0x0, 0xcd, 0x96, 0xa0,
    0x0, 0x0, 0xaf, 0xaf, 0x50, 0x0, 0x0, 0x3d,
    0x50, 0x9c, 0x10, 0x0, 0x0, 0x0, 0x0, 0x0,
    0x0, 0x4f, 0xff, 0xff, 0xff, 0xff, 0x4, 0xff,
    0xff, 0xff, 0xff, 0xf0, 0x4f, 0xe0, 0x0, 0x0,
    0x0, 0x4, 0xfe, 0x0, 0x0, 0x0, 0x0, 0x4f,
    0xe0, 0x0, 0x0, 0x0, 0x4, 0xfe, 0x0, 0x0,
    0x0, 0x0, 0x4f, 0xff, 0xff, 0xff, 0xfb, 0x4,
    0xff, 0xff, 0xff, 0xff, 0xa0, 0x4f, 0xe0, 0x0,
    0x0, 0x0, 0x4, 0xfe, 0x0, 0x0, 0x0, 0x0,
    0x4f, 0xe0, 0x0, 0x0, 0x0, 0x4, 0xfe, 0x0,
    0x0, 0x0, 0x0, 0x4f, 0xff, 0xff, 0xff, 0xff,
    0x24, 0xff, 0xff, 0xff, 0xff, 0xf2,

    /* U+1EBF "ế" */
    0x0, 0x0, 0x0, 0x0, 0x6f, 0xa0, 0x0, 0x0,
    0x0, 0xc, 0xf1, 0x0, 0x0, 0x0, 0x1, 0xb6,
    0x0, 0x0, 0xa, 0xde, 0x60, 0x0, 0x0, 0x8,
    0xe1, 0x4f, 0x50, 0x0, 0x0, 0x10, 0x0, 0x10,
    0x0, 0x0, 0x7, 0xdf, 0xeb, 0x30, 0x0, 0xb,
    0xff, 0xde, 0xff, 0x50, 0x7, 0xfd, 0x20, 0x6,
    0xfe, 0x10, 0xdf, 0x40, 0x0, 0xc, 0xf6, 0xf,
    0xfa, 0xaa, 0xaa, 0xdf, 0x92, 0xff, 0xff, 0xff,
    0xff, 0xfa, 0xf, 0xf2, 0x0, 0x0, 0x0, 0x0,
    0xdf, 0x60, 0x0, 0x5, 0x62, 0x7, 0xfe, 0x30,
    0x5, 0xff, 0x10, 0xb, 0xff, 0xee, 0xff, 0x60,
    0x0, 0x7, 0xdf, 0xeb, 0x30, 0x0,

    /* U+1EC0 "Ề" */
    0x0, 0x0, 0x0, 0x1f, 0xe0, 0x0, 0x0, 0x0,
    0x0, 0x7f, 0x50, 0x0, 0x0, 0xcd, 0x90, 0xa7,
    0x0, 0x0, 0xaf, 0xaf, 0x50, 0x0, 0x0, 0x3d,
    0x50, 0x9c, 0x10, 0x0, 0x0, 0x0, 0x0, 0x0,
    0x0, 0x4f, 0xff, 0xff, 0xff, 0xff, 0x4, 0xff,
    0xff, 0xff, 0xff, 0xf0, 0x4f, 0xe0, 0x0, 0x0,
    0x0, 0x4, 0xfe, 0x0, 0x0, 0x0, 0x0, 0x4f,
    0xe0, 0x0, 0x0, 0x0, 0x4, 0xfe, 0x0, 0x0,
    0x0, 0x0, 0x4f, 0xff, 0xff, 0xff, 0xfb, 0x4,
    0xff, 0xff, 0xff, 0xff, 0xa0, 0x4f, 0xe0, 0x0,
    0x0, 0x0, 0x4, 0xfe, 0x0, 0x0, 0x0, 0x0,
    0x4f, 0xe0, 0x0, 0x0, 0x0, 0x4, 0xfe, 0x0,
    0x0, 0x0, 0x0, 0x4f, 0xff, 0xff, 0xff, 0xff,
    0x24, 0xff, 0xff, 0xff, 0xff, 0xf2,

    /* U+1EC1 "ề" */
    0x0, 0x0, 0x0, 0x9, 0xf7, 0x0, 0x0, 0x0,
    0x0, 0x1e, 0xd0, 0x0, 0x0, 0x0, 0x0, 0x5b,
    0x20, 0x0, 0xa, 0xde, 0x60, 0x0, 0x0, 0x8,
    0xe1, 0x4f, 0x50, 0x0, 0x0, 0x10, 0x0, 0x10,
    0x0, 0x0, 0x7, 0xdf, 0xeb, 0x30, 0x0, 0xb,
    0xff, 0xde, 0xff, 0x50, 0x7, 0xfd, 0x20, 0x6,
    0xfe, 0x10, 0xdf, 0x40, 0x0, 0xc, 0xf6, 0xf,
    0xfa, 0xaa, 0xaa, 0xdf, 0x92, 0xff, 0xff, 0xff,
    0xff, 0xfa, 0xf, 0xf2, 0x0, 0x0, 0x0, 0x0,
    0xdf, 0x60, 0x0, 0x5, 0x62, 0x7, 0xfe, 0x30,
    0x5, 0xff, 0x10, 0xb, 0xff, 0xee, 0xff, 0x60,
    0x0, 0x7, 0xdf, 0xeb, 0x30, 0x0,

    /* U+1EC2 "Ể" */
    0x0, 0x0, 0x0, 0x9f, 0xc0, 0x0, 0x0, 0x0,
    0x2, 0x4f, 0x40, 0x0, 0x0, 0x34, 0x23, 0xf1,
    0x0, 0x0, 0x3f, 0xfe, 0x54, 0x0, 0x0, 0xc,
    0xe5, 0xf8, 0x0, 0x0, 0x3, 0xb3, 0x7, 0xb1,
    0x0, 0x0, 0x0, 0x0, 0x0, 0x0, 0x4, 0xff,
    0xff, 0xff, 0xff, 0xf0, 0x4f, 0xff, 0xff, 0xff,
    0xff, 0x4, 0xfe, 0x0, 0x0, 0x0, 0x0, 0x4f,
    0xe0, 0x0, 0x0, 0x0, 0x4, 0xfe, 0x0, 0x0,
    0x0, 0x0, 0x4f, 0xe0, 0x0, 0x0, 0x0, 0x4,
    0xff, 0xff, 0xff, 0xff, 0xb0, 0x4f, 0xff, 0xff,
    0xff, 0xfa, 0x4, 0xfe, 0x0, 0x0, 0x0, 0x0,
    0x4f, 0xe0, 0x0, 0x0, 0x0, 0x4, 0xfe, 0x0,
    0x0, 0x0, 0x0, 0x4f, 0xe0, 0x0, 0x0, 0x0,
    0x4, 0xff, 0xff, 0xff, 0xff, 0xf2, 0x4f, 0xff,
    0xff, 0xff, 0xff, 0x20,

    /* U+1EC3 "ể" */
    0x0, 0x0, 0x0, 0x1e, 0xe6, 0x0, 0x0, 0x0,
    0x0, 0x3b, 0xc0, 0x0, 0x0, 0x0, 0x0, 0xba,
    0x0, 0x0, 0x9, 0xff, 0x78, 0x10, 0x0, 0x6,
    0xf5, 0x9f, 0x30, 0x0, 0x0, 0x43, 0x0, 0x43,
    0x0, 0x0, 0x7, 0xdf, 0xeb, 0x30, 0x0, 0xb,
    0xff, 0xde, 0xff, 0x50, 0x7, 0xfd, 0x20, 0x6,
    0xfe, 0x10, 0xdf, 0x40, 0x0, 0xc, 0xf6, 0xf,
    0xfa, 0xaa, 0xaa, 0xdf, 0x92, 0xff, 0xff, 0xff,
    0xff, 0xfa, 0xf, 0xf2, 0x0, 0x0, 0x0, 0x0,
    0xdf, 0x60, 0x0, 0x5, 0x62, 0x7, 0xfe, 0x30,
    0x5, 0xff, 0x10, 0xb, 0xff, 0xee, 0xff, 0x60,
    0x0, 0x7, 0xdf, 0xeb, 0x30, 0x0,

    /* U+1EC4 "Ễ" */
    0x0, 0x0, 0x0, 0x0, 0x0, 0x0, 0x2, 0xdf,
    0x92, 0xd5, 0x0, 0x0, 0x8c, 0x5d, 0xfd, 0x0,
    0x0, 0x2, 0x10, 0x3, 0x0, 0x0, 0x0, 0x1,
    0xff, 0xc0, 0x0, 0x0, 0x0, 0xbf, 0x7f, 0x70,
    0x0, 0x0, 0x3d, 0x50, 0x8c, 0x10, 0x0, 0x0,
    0x0, 0x0, 0x0, 0x0, 0x4f, 0xff, 0xff, 0xff,
    0xff, 0x4, 0xff, 0xff, 0xff, 0xff, 0xf0, 0x4f,
    0xe0, 0x0, 0x0, 0x0, 0x4, 0xfe, 0x0, 0x0,
    0x0, 0x0, 0x4f, 0xe0, 0x0, 0x0, 0x0, 0x4,
    0xfe, 0x0, 0x0, 0x0, 0x0, 0x4f, 0xff, 0xff,
    0xff, 0xfb, 0x4, 0xff, 0xff, 0xff, 0xff, 0xa0,
    0x4f, 0xe0, 0x0, 0x0, 0x0, 0x4, 0xfe, 0x0,
    0x0, 0x0, 0x0, 0x4f, 0xe0, 0x0, 0x0, 0x0,
    0x4, 0xfe, 0x0, 0x0, 0x0, 0x0, 0x4f, 0xff,
    0xff, 0xff, 0xff, 0x24, 0xff, 0xff, 0xff, 0xff,
    0xf2,

    /* U+1EC5 "ễ" */
    0x0, 0x0, 0x0, 0x0, 0x0, 0x0, 0x0, 0x7f,
    0xd4, 0x6d, 0x0, 0x0, 0xf, 0x68, 0xff, 0x60,
    0x0, 0x0, 0x30, 0x1, 0x20, 0x0, 0x0, 0x0,
    0x0, 0x0, 0x0, 0x0, 0x0, 0x9, 0xff, 0x60,
    0x0, 0x0, 0x6, 0xf5, 0x8f, 0x30, 0x0, 0x0,
    0x43, 0x0, 0x43, 0x0, 0x0, 0x7, 0xdf, 0xeb,
    0x30, 0x0, 0xb, 0xff, 0xde, 0xff, 0x50, 0x7,
    0xfd, 0x20, 0x6, 0xfe, 0x10, 0xdf, 0x40, 0x0,
    0xc, 0xf6, 0xf, 0xfa, 0xaa, 0xaa, 0xdf, 0x92,
    0xff, 0xff, 0xff, 0xff, 0xfa, 0xf, 0xf2, 0x0,
    0x0, 0x0, 0x0, 0xdf, 0x60, 0x0, 0x5, 0x62,
    0x7, 0xfe, 0x30, 0x5, 0xff, 0x10, 0xb, 0xff,
    0xee, 0xff, 0x60, 0x0, 0x7, 0xdf, 0xeb, 0x30,
    0x0,

    /* U+1EC6 "Ệ" */
    0x0, 0x0, 0x68, 0x50, 0x0, 0x0, 0x0, 0x5f,
    0xcf, 0x20, 0x0, 0x0, 0xe, 0xa0, 0xdb, 0x0,
    0x0, 0x3, 0x81, 0x3, 0x81, 0x0, 0x0, 0x0,
    0x0, 0x0, 0x0, 0x4, 0xff, 0xff, 0xff, 0xff,
    0xf0, 0x4f, 0xff, 0xff, 0xff, 0xff, 0x4, 0xfe,
    0x0, 0x0, 0x0, 0x0, 0x4f, 0xe0, 0x0, 0x0,
    0x0, 0x4, 0xfe, 0x0, 0x0, 0x0, 0x0, 0x4f,
    0xe0, 0x0, 0x0, 0x0, 0x4, 0xff, 0xff, 0xff,
    0xff, 0xb0, 0x4f, 0xff, 0xff, 0xff, 0xfa, 0x4,
    0xfe, 0x0, 0x0, 0x0, 0x0, 0x4f, 0xe0, 0x0,
    0x0, 0x0, 0x4, 0xfe, 0x0, 0x0, 0x0, 0x0,
    0x4f, 0xe0, 0x0, 0x0, 0x0, 0x4, 0xff, 0xff,
    0xff, 0xff, 0xf2, 0x4f, 0xff, 0xff, 0xff, 0xff,
    0x20, 0x0, 0x0, 0x0, 0x0, 0x0, 0x0, 0x0,
    0x8f, 0x60, 0x0, 0x0, 0x0, 0x9, 0xf6, 0x0,
    0x0,

    /* U+1EC7 "ệ" */
    0x0, 0x0, 0xac, 0xe6, 0x0, 0x0, 0x0, 0x9e,
    0x13, 0xf5, 0x0, 0x0, 0x0, 0x0, 0x0, 0x0,
    0x0, 0x0, 0x7d, 0xfe, 0xb3, 0x0, 0x0, 0xbf,
    0xfd, 0xef, 0xf5, 0x0, 0x7f, 0xd2, 0x0, 0x6f,
    0xe1, 0xd, 0xf4, 0x0, 0x0, 0xcf, 0x60, 0xff,
    0xaa, 0xaa, 0xad, 0xf9, 0x2f, 0xff, 0xff, 0xff,
    0xff, 0xa0, 0xff, 0x20, 0x0, 0x0, 0x0, 0xd,
    0xf6, 0x0, 0x0, 0x56, 0x20, 0x7f, 0xe3, 0x0,
    0x5f, 0xf1, 0x0, 0xbf, 0xfe, 0xef, 0xf6, 0x0,
    0x0, 0x7d, 0xfe, 0xb3, 0x0, 0x0, 0x0, 0x0,
    0x0, 0x0, 0x0, 0x0, 0x1, 0xfd, 0x0, 0x0,
    0x0, 0x0, 0x2f, 0xe0, 0x0, 0x0,

    /* U+1EC8 "Ỉ" */
    0x0, 0x0, 0xbf, 0xd1, 0x35, 0xf6, 0x2, 0xf4,
    0x7, 0x80, 0x0, 0x0, 0x4f, 0xe0, 0x4f, 0xe0,
    0x4f, 0xe0, 0x4f, 0xe0, 0x4f, 0xe0, 0x4f, 0xe0,
    0x4f, 0xe0, 0x4f, 0xe0, 0x4f, 0xe0, 0x4f, 0xe0,
    0x4f, 0xe0, 0x4f, 0xe0, 0x4f, 0xe0, 0x4f, 0xe0,

    /* U+1EC9 "ỉ" */
    0x0, 0x0, 0x0, 0xff, 0xc0, 0x4, 0x8f, 0x20,
    0xa, 0xb0, 0x0, 0x0, 0x0, 0x8f, 0xa0, 0x8,
    0xfa, 0x0, 0x8f, 0xa0, 0x8, 0xfa, 0x0, 0x8f,
    0xa0, 0x8, 0xfa, 0x0, 0x8f, 0xa0, 0x8, 0xfa,
    0x0, 0x8f, 0xa0, 0x8, 0xfa, 0x0, 0x8f, 0xa0,

    /* U+1ECA "Ị" */
    0x4f, 0xe4, 0xfe, 0x4f, 0xe4, 0xfe, 0x4f, 0xe4,
    0xfe, 0x4f, 0xe4, 0xfe, 0x4f, 0xe4, 0xfe, 0x4f,
    0xe4, 0xfe, 0x4f, 0xe4, 0xfe, 0x0, 0x3, 0xfc,
    0x3f, 0xd0,

    /* U+1ECB "ị" */
    0x8f, 0xa8, 0xfa, 0x12, 0x18, 0xfa, 0x8f, 0xa8,
    0xfa, 0x8f, 0xa8, 0xfa, 0x8f, 0xa8, 0xfa, 0x8f,
    0xa8, 0xfa, 0x8f, 0xa8, 0xfa, 0x0, 0x6, 0xf8,
    0x7f, 0x90,

    /* U+1ECC "Ọ" */
    0x0, 0x0, 0x5b, 0xef, 0xeb, 0x50, 0x0, 0x0,
    0x1, 0xcf, 0xff, 0xff, 0xff, 0xc1, 0x0, 0x0,
    0xcf, 0xf7, 0x20, 0x17, 0xff, 0xc0, 0x0, 0x6f,
    0xf3, 0x0, 0x0, 0x3, 0xff, 0x60, 0xc, 0xf9,
    0x0, 0x0, 0x0, 0x9, 0xfc, 0x0, 0xff, 0x40,
    0x0, 0x0, 0x0, 0x4f, 0xf0, 0x1f, 0xf2, 0x0,
    0x0, 0x0, 0x2, 0xff, 0x11, 0xff, 0x20, 0x0,
    0x0, 0x0, 0x2f, 0xf1, 0xf, 0xf4, 0x0, 0x0,
    0x0, 0x4, 0xff, 0x0, 0xcf, 0x90, 0x0, 0x0,
    0x0, 0x9f, 0xc0, 0x6, 0xff, 0x30, 0x0, 0x0,
    0x2f, 0xf6, 0x0, 0xc, 0xff, 0x71, 0x1, 0x6f,
    0xfc, 0x0, 0x0, 0x1c, 0xff, 0xff, 0xff, 0xfc,
    0x10, 0x0, 0x0, 0x5, 0xbe, 0xfe, 0xb6, 0x0,
    0x0, 0x0, 0x0, 0x0, 0x0, 0x0, 0x0, 0x0,
    0x0, 0x0, 0x0, 0x7, 0xf7, 0x0, 0x0, 0x0,
    0x0, 0x0, 0x0, 0x8f, 0x80, 0x0, 0x0, 0x0,

    /* U+1ECD "ọ" */
    0x0, 0x6, 0xcf, 0xeb, 0x40, 0x0, 0xb, 0xff,
    0xef, 0xff, 0x70, 0x7, 0xff, 0x40, 0x7, 0xff,
    0x30, 0xdf, 0x70, 0x0, 0xb, 0xf9, 0xf, 0xf2,
    0x0, 0x0, 0x6f, 0xd2, 0xff, 0x10, 0x0, 0x5,
    0xfe, 0xf, 0xf2, 0x0, 0x0, 0x6f, 0xd0, 0xdf,
    0x70, 0x0, 0xb, 0xf9, 0x7, 0xff, 0x40, 0x7,
    0xff, 0x30, 0xb, 0xff, 0xff, 0xff, 0x70, 0x0,
    0x6, 0xcf, 0xeb, 0x40, 0x0, 0x0, 0x0, 0x0,
    0x0, 0x0, 0x0, 0x0, 0x1f, 0xd0, 0x0, 0x0,
    0x0, 0x2, 0xfe, 0x0, 0x0,

    /* U+1ECE "Ỏ" */
    0x0, 0x0, 0x0, 0x0, 0x0, 0x0, 0x0, 0x0,
    0x0, 0x0, 0x1f, 0xfa, 0x0, 0x0, 0x0, 0x0,
    0x0, 0x0, 0x49, 0xf1, 0x0, 0x0, 0x0, 0x0,
    0x0, 0x0, 0x6f, 0x0, 0x0, 0x0, 0x0, 0x0,
    0x0, 0xd, 0x80, 0x0, 0x0, 0x0, 0x0, 0x0,
    0x0, 0x0, 0x0, 0x0, 0x0, 0x0, 0x0, 0x5b,
    0xef, 0xeb, 0x50, 0x0, 0x0, 0x1, 0xcf, 0xff,
    0xff, 0xff, 0xc1, 0x0, 0x0, 0xcf, 0xf7, 0x20,
    0x17, 0xff, 0xc0, 0x0, 0x6f, 0xf3, 0x0, 0x0,
    0x3, 0xff, 0x60, 0xc, 0xf9, 0x0, 0x0, 0x0,
    0x9, 0xfc, 0x0, 0xff, 0x40, 0x0, 0x0, 0x0,
    0x4f, 0xf0, 0x1f, 0xf2, 0x0, 0x0, 0x0, 0x2,
    0xff, 0x11, 0xff, 0x20, 0x0, 0x0, 0x0, 0x2f,
    0xf1, 0xf, 0xf4, 0x0, 0x0, 0x0, 0x4, 0xff,
    0x0, 0xcf, 0x90, 0x0, 0x0, 0x0, 0x9f, 0xc0,
    0x6, 0xff, 0x30, 0x0, 0x0, 0x2f, 0xf6, 0x0,
    0xc, 0xff, 0x71, 0x1, 0x6f, 0xfc, 0x0, 0x0,
    0x1c, 0xff, 0xff, 0xff, 0xfc, 0x10, 0x0, 0x0,
    0x5, 0xbe, 0xfe, 0xb6, 0x0, 0x0,

    /* U+1ECF "ỏ" */
    0x0, 0x0, 0x0, 0x0, 0x0, 0x0, 0x0, 0xa,
    0xfe, 0x20, 0x0, 0x0, 0x0, 0x35, 0xf8, 0x0,
    0x0, 0x0, 0x0, 0x1f, 0x60, 0x0, 0x0, 0x0,
    0x7, 0xb0, 0x0, 0x0, 0x0, 0x0, 0x0, 0x0,
    0x0, 0x0, 0x6, 0xcf, 0xeb, 0x40, 0x0, 0xb,
    0xff, 0xef, 0xff, 0x70, 0x7, 0xff, 0x40, 0x7,
    0xff, 0x30, 0xdf, 0x70, 0x0, 0xb, 0xf9, 0xf,
    0xf2, 0x0, 0x0, 0x6f, 0xd2, 0xff, 0x10, 0x0,
    0x5, 0xfe, 0xf, 0xf2, 0x0, 0x0, 0x6f, 0xd0,
    0xdf, 0x70, 0x0, 0xb, 0xf9, 0x7, 0xff, 0x40,
    0x7, 0xff, 0x30, 0xb, 0xff, 0xff, 0xff, 0x70,
    0x0, 0x6, 0xcf, 0xeb, 0x40, 0x0,

    /* U+1ED0 "Ố" */
    0x0, 0x0, 0x0, 0x0, 0x0, 0x8b, 0x30, 0x0,
    0x0, 0x0, 0x0, 0x0, 0x1f, 0xd0, 0x0, 0x0,
    0x0, 0x0, 0x58, 0x66, 0xf4, 0x0, 0x0, 0x0,
    0x0, 0x2f, 0xff, 0x20, 0x0, 0x0, 0x0, 0x0,
    0xa, 0xf3, 0xfa, 0x0, 0x0, 0x0, 0x0, 0x2,
    0xe7, 0x7, 0xe2, 0x0, 0x0, 0x0, 0x0, 0x0,
    0x0, 0x0, 0x0, 0x0, 0x0, 0x0, 0x5, 0xbe,
    0xfe, 0xb5, 0x0, 0x0, 0x0, 0x1c, 0xff, 0xff,
    0xff, 0xfc, 0x10, 0x0, 0xc, 0xff, 0x72, 0x1,
    0x7f, 0xfc, 0x0, 0x6, 0xff, 0x30, 0x0, 0x0,
    0x3f, 0xf6, 0x0, 0xcf, 0x90, 0x0, 0x0, 0x0,
    0x9f, 0xc0, 0xf, 0xf4, 0x0, 0x0, 0x0, 0x4,
    0xff, 0x1, 0xff, 0x20, 0x0, 0x0, 0x0, 0x2f,
    0xf1, 0x1f, 0xf2, 0x0, 0x0, 0x0, 0x2, 0xff,
    0x10, 0xff, 0x40, 0x0, 0x0, 0x0, 0x4f, 0xf0,
    0xc, 0xf9, 0x0, 0x0, 0x0, 0x9, 0xfc, 0x0,
    0x6f, 0xf3, 0x0, 0x0, 0x2, 0xff, 0x60, 0x0,
    0xcf, 0xf7, 0x10, 0x16, 0xff, 0xc0, 0x0, 0x1,
    0xcf, 0xff, 0xff, 0xff, 0xc1, 0x0, 0x0, 0x0,
    0x5b, 0xef, 0xeb, 0x60, 0x0, 0x0,

    /* U+1ED1 "ố" */
    0x0, 0x0, 0x0, 0x0, 0x6f, 0xa0, 0x0, 0x0,
    0x0, 0xc, 0xf1, 0x0, 0x0, 0x0, 0x1, 0xb6,
    0x0, 0x0, 0xa, 0xde, 0x60, 0x0, 0x0, 0x8,
    0xe1, 0x3f, 0x50, 0x0, 0x0, 0x0, 0x0, 0x0,
    0x0, 0x0, 0x6, 0xcf, 0xeb, 0x40, 0x0, 0xb,
    0xff, 0xef, 0xff, 0x70, 0x7, 0xff, 0x40, 0x7,
    0xff, 0x30, 0xdf, 0x70, 0x0, 0xb, 0xf9, 0xf,
    0xf2, 0x0, 0x0, 0x6f, 0xd2, 0xff, 0x10, 0x0,
    0x5, 0xfe, 0xf, 0xf2, 0x0, 0x0, 0x6f, 0xd0,
    0xdf, 0x70, 0x0, 0xb, 0xf9, 0x7, 0xff, 0x40,
    0x7, 0xff, 0x30, 0xb, 0xff, 0xff, 0xff, 0x70,
    0x0, 0x6, 0xcf, 0xeb, 0x40, 0x0,

    /* U+1ED2 "Ồ" */
    0x0, 0x0, 0x0, 0x0, 0xb, 0xb0, 0x0, 0x0,
    0x0, 0x0, 0x0, 0x0, 0x8f, 0x50, 0x0, 0x0,
    0x0, 0x0, 0x58, 0x60, 0xeb, 0x0, 0x0, 0x0,
    0x0, 0x2f, 0xff, 0x20, 0x0, 0x0, 0x0, 0x0,
    0xa, 0xf3, 0xfa, 0x0, 0x0, 0x0, 0x0, 0x2,
    0xe7, 0x7, 0xe2, 0x0, 0x0, 0x0, 0x0, 0x0,
    0x0, 0x0, 0x0, 0x0, 0x0, 0x0, 0x5, 0xbe,
    0xfe, 0xb5, 0x0, 0x0, 0x0, 0x1c, 0xff, 0xff,
    0xff, 0xfc, 0x10, 0x0, 0xc, 0xff, 0x72, 0x1,
    0x7f, 0xfc, 0x0, 0x6, 0xff, 0x30, 0x0, 0x0,
    0x3f, 0xf6, 0x0, 0xcf, 0x90, 0x0, 0x0, 0x0,
    0x9f, 0xc0, 0xf, 0xf4, 0x0, 0x0, 0x0, 0x4,
    0xff, 0x1, 0xff, 0x20, 0x0, 0x0, 0x0, 0x2f,
    0xf1, 0x1f, 0xf2, 0x0, 0x0, 0x0, 0x2, 0xff,
    0x10, 0xff, 0x40, 0x0, 0x0, 0x0, 0x4f, 0xf0,
    0xc, 0xf9, 0x0, 0x0, 0x0, 0x9, 0xfc, 0x0,
    0x6f, 0xf3, 0x0, 0x0, 0x2, 0xff, 0x60, 0x0,
    0xcf, 0xf7, 0x10, 0x16, 0xff, 0xc0, 0x0, 0x1,
    0xcf, 0xff, 0xff, 0xff, 0xc1, 0x0, 0x0, 0x0,
    0x5b, 0xef, 0xeb, 0x60, 0x0, 0x0,

    /* U+1ED3 "ồ" */
    0x0, 0x0, 0x0, 0x9, 0xf7, 0x0, 0x0, 0x0,
    0x0, 0x1e, 0xd0, 0x0, 0x0, 0x0, 0x0, 0x5b,
    0x20, 0x0, 0xa, 0xde, 0x60, 0x0, 0x0, 0x8,
    0xe1, 0x3f, 0x50, 0x0, 0x0, 0x0, 0x0, 0x0,
    0x0, 0x0, 0x6, 0xcf, 0xeb, 0x40, 0x0, 0xb,
    0xff, 0xef, 0xff, 0x70, 0x7, 0xff, 0x40, 0x7,
    0xff, 0x30, 0xdf, 0x70, 0x0, 0xb, 0xf9, 0xf,
    0xf2, 0x0, 0x0, 0x6f, 0xd2, 0xff, 0x10, 0x0,
    0x5, 0xfe, 0xf, 0xf2, 0x0, 0x0, 0x6f, 0xd0,
    0xdf, 0x70, 0x0, 0xb, 0xf9, 0x7, 0xff, 0x40,
    0x7, 0xff, 0x30, 0xb, 0xff, 0xff, 0xff, 0x70,
    0x0, 0x6, 0xcf, 0xeb, 0x40, 0x0,

    /* U+1ED4 "Ổ" */
    0x0, 0x0, 0x0, 0x0, 0x6f, 0xd1, 0x0, 0x0,
    0x0, 0x0, 0x0, 0x2, 0x3f, 0x60, 0x0, 0x0,
    0x0, 0x0, 0x12, 0x11, 0xf4, 0x0, 0x0, 0x0,
    0x0, 0xe, 0xfe, 0x57, 0x0, 0x0, 0x0, 0x0,
    0x8, 0xf8, 0xf8, 0x0, 0x0, 0x0, 0x0, 0x2,
    0xf9, 0x9, 0xf2, 0x0, 0x0, 0x0, 0x0, 0x0,
    0x0, 0x0, 0x0, 0x0, 0x0, 0x0, 0x5, 0xbe,
    0xfe, 0xb5, 0x0, 0x0, 0x0, 0x1c, 0xff, 0xff,
    0xff, 0xfc, 0x10, 0x0, 0xc, 0xff, 0x72, 0x1,
    0x7f, 0xfc, 0x0, 0x6, 0xff, 0x30, 0x0, 0x0,
    0x3f, 0xf6, 0x0, 0xcf, 0x90, 0x0, 0x0, 0x0,
    0x9f, 0xc0, 0xf, 0xf4, 0x0, 0x0, 0x0, 0x4,
    0xff, 0x1, 0xff, 0x20, 0x0, 0x0, 0x0, 0x2f,
    0xf1, 0x1f, 0xf2, 0x0, 0x0, 0x0, 0x2, 0xff,
    0x10, 0xff, 0x40, 0x0, 0x0, 0x0, 0x4f, 0xf0,
    0xc, 0xf9, 0x0, 0x0, 0x0, 0x9, 0xfc, 0x0,
    0x6f, 0xf3, 0x0, 0x0, 0x2, 0xff, 0x60, 0x0,
    0xcf, 0xf7, 0x10, 0x16, 0xff, 0xc0, 0x0, 0x1,
    0xcf, 0xff, 0xff, 0xff, 0xc1, 0x0, 0x0, 0x0,
    0x5b, 0xef, 0xeb, 0x60, 0x0, 0x0,

    /* U+1ED5 "ổ" */
    0x0, 0x0, 0x0, 0x1e, 0xe6, 0x0, 0x0, 0x0,
    0x0, 0x3b, 0xc0, 0x0, 0x0, 0x0, 0x0, 0xba,
    0x0, 0x0, 0x9, 0xff, 0x78, 0x10, 0x0, 0x6,
    0xf5, 0x8f, 0x30, 0x0, 0x0, 0x32, 0x0, 0x32,
    0x0, 0x0, 0x6, 0xcf, 0xeb, 0x40, 0x0, 0xb,
    0xff, 0xef, 0xff, 0x70, 0x7, 0xff, 0x40, 0x7,
    0xff, 0x30, 0xdf, 0x70, 0x0, 0xb, 0xf9, 0xf,
    0xf2, 0x0, 0x0, 0x6f, 0xd2, 0xff, 0x10, 0x0,
    0x5, 0xfe, 0xf, 0xf2, 0x0, 0x0, 0x6f, 0xd0,
    0xdf, 0x70, 0x0, 0xb, 0xf9, 0x7, 0xff, 0x40,
    0x7, 0xff, 0x30, 0xb, 0xff, 0xff, 0xff, 0x70,
    0x0, 0x6, 0xcf, 0xeb, 0x40, 0x0,

    /* U+1ED6 "Ỗ" */
    0x0, 0x0, 0x0, 0x0, 0x0, 0x0, 0x0, 0x0,
    0x0, 0x0, 0xcf, 0xb2, 0xc7, 0x0, 0x0, 0x0,
    0x0, 0x6d, 0x5c, 0xfe, 0x20, 0x0, 0x0, 0x0,
    0x1, 0x20, 0x2, 0x0, 0x0, 0x0, 0x0, 0x0,
    0x0, 0xcf, 0xd0, 0x0, 0x0, 0x0, 0x0, 0x0,
    0x7f, 0xbf, 0x70, 0x0, 0x0, 0x0, 0x0, 0x1f,
    0xa0, 0x9f, 0x10, 0x0, 0x0, 0x0, 0x0, 0x20,
    0x0, 0x20, 0x0, 0x0, 0x0, 0x0, 0x5b, 0xef,
    0xeb, 0x50, 0x0, 0x0, 0x1, 0xcf, 0xff, 0xff,
    0xff, 0xc1, 0x0, 0x0, 0xcf, 0xf7, 0x20, 0x17,
    0xff, 0xc0, 0x0, 0x6f, 0xf3, 0x0, 0x0, 0x3,
    0xff, 0x60, 0xc, 0xf9, 0x0, 0x0, 0x0, 0x9,
    0xfc, 0x0, 0xff, 0x40, 0x0, 0x0, 0x0, 0x4f,
    0xf0, 0x1f, 0xf2, 0x0, 0x0, 0x0, 0x2, 0xff,
    0x11, 0xff, 0x20, 0x0, 0x0, 0x0, 0x2f, 0xf1,
    0xf, 0xf4, 0x0, 0x0, 0x0, 0x4, 0xff, 0x0,
    0xcf, 0x90, 0x0, 0x0, 0x0, 0x9f, 0xc0, 0x6,
    0xff, 0x30, 0x0, 0x0, 0x2f, 0xf6, 0x0, 0xc,
    0xff, 0x71, 0x1, 0x6f, 0xfc, 0x0, 0x0, 0x1c,
    0xff, 0xff, 0xff, 0xfc, 0x10, 0x0, 0x0, 0x5,
    0xbe, 0xfe, 0xb6, 0x0, 0x0,

    /* U+1ED7 "ỗ" */
    0x0, 0x0, 0x0, 0x0, 0x0, 0x0, 0x0, 0x7f,
    0xd4, 0x6d, 0x0, 0x0, 0xf, 0x69, 0xff, 0x70,
    0x0, 0x0, 0x30, 0x2, 0x20, 0x0, 0x0, 0x0,
    0x0, 0x0, 0x0, 0x0, 0x0, 0x9, 0xff, 0x60,
    0x0, 0x0, 0x6, 0xf5, 0x8f, 0x30, 0x0, 0x0,
    0x43, 0x0, 0x43, 0x0, 0x0, 0x6, 0xcf, 0xeb,
    0x40, 0x0, 0xb, 0xff, 0xef, 0xff, 0x70, 0x7,
    0xff, 0x40, 0x7, 0xff, 0x30, 0xdf, 0x70, 0x0,
    0xb, 0xf9, 0xf, 0xf2, 0x0, 0x0, 0x6f, 0xd2,
    0xff, 0x10, 0x0, 0x5, 0xfe, 0xf, 0xf2, 0x0,
    0x0, 0x6f, 0xd0, 0xdf, 0x70, 0x0, 0xb, 0xf9,
    0x7, 0xff, 0x40, 0x7, 0xff, 0x30, 0xb, 0xff,
    0xff, 0xff, 0x70, 0x0, 0x6, 0xcf, 0xeb, 0x40,
    0x0,

    /* U+1ED8 "Ộ" */
    0x0, 0x0, 0x0, 0x58, 0x50, 0x0, 0x0, 0x0,
    0x0, 0x0, 0x3f, 0xcf, 0x30, 0x0, 0x0, 0x0,
    0x0, 0xc, 0xc0, 0xcc, 0x0, 0x0, 0x0, 0x0,
    0x2, 0x82, 0x2, 0x82, 0x0, 0x0, 0x0, 0x0,
    0x0, 0x0, 0x0, 0x0, 0x0, 0x0, 0x0, 0x5,
    0xbe, 0xfe, 0xb5, 0x0, 0x0, 0x0, 0x1c, 0xff,
    0xff, 0xff, 0xfc, 0x10, 0x0, 0xc, 0xff, 0x72,
    0x1, 0x7f, 0xfc, 0x0, 0x6, 0xff, 0x30, 0x0,
    0x0, 0x3f, 0xf6, 0x0, 0xcf, 0x90, 0x0, 0x0,
    0x0, 0x9f, 0xc0, 0xf, 0xf4, 0x0, 0x0, 0x0,
    0x4, 0xff, 0x1, 0xff, 0x20, 0x0, 0x0, 0x0,
    0x2f, 0xf1, 0x1f, 0xf2, 0x0, 0x0, 0x0, 0x2,
    0xff, 0x10, 0xff, 0x40, 0x0, 0x0, 0x0, 0x4f,
    0xf0, 0xc, 0xf9, 0x0, 0x0, 0x0, 0x9, 0xfc,
    0x0, 0x6f, 0xf3, 0x0, 0x0, 0x2, 0xff, 0x60,
    0x0, 0xcf, 0xf7, 0x10, 0x16, 0xff, 0xc0, 0x0,
    0x1, 0xcf, 0xff, 0xff, 0xff, 0xc1, 0x0, 0x0,
    0x0, 0x5b, 0xef, 0xeb, 0x60, 0x0, 0x0, 0x0,
    0x0, 0x0, 0x0, 0x0, 0x0, 0x0, 0x0, 0x0,
    0x0, 0x7f, 0x70, 0x0, 0x0, 0x0, 0x0, 0x0,
    0x8, 0xf8, 0x0, 0x0, 0x0,

    /* U+1ED9 "ộ" */
    0x0, 0x0, 0x8f, 0xf4, 0x0, 0x0, 0x0, 0x2f,
    0xcd, 0xd0, 0x0, 0x0, 0xb, 0xd1, 0x3f, 0x80,
    0x0, 0x0, 0x0, 0x0, 0x0, 0x0, 0x0, 0x6,
    0xcf, 0xeb, 0x40, 0x0, 0xb, 0xff, 0xef, 0xff,
    0x70, 0x7, 0xff, 0x40, 0x7, 0xff, 0x30, 0xdf,
    0x70, 0x0, 0xb, 0xf9, 0xf, 0xf2, 0x0, 0x0,
    0x6f, 0xd2, 0xff, 0x10, 0x0, 0x5, 0xfe, 0xf,
    0xf2, 0x0, 0x0, 0x6f, 0xd0, 0xdf, 0x70, 0x0,
    0xb, 0xf9, 0x7, 0xff, 0x40, 0x7, 0xff, 0x30,
    0xb, 0xff, 0xff, 0xff, 0x70, 0x0, 0x6, 0xcf,
    0xeb, 0x40, 0x0, 0x0, 0x0, 0x0, 0x0, 0x0,
    0x0, 0x0, 0x1f, 0xd0, 0x0, 0x0, 0x0, 0x2,
    0xfe, 0x0, 0x0,

    /* U+1EDA "Ớ" */
    0x0, 0x0, 0x0, 0x4, 0xb9, 0x0, 0x0, 0x0,
    0x0, 0x0, 0x0, 0xcf, 0x30, 0x6a, 0x10, 0x0,
    0x0, 0x0, 0x3f, 0x90, 0x8, 0xf4, 0x0, 0x0,
    0x0, 0x0, 0x0, 0x0, 0x7f, 0x50, 0x0, 0x0,
    0x0, 0x0, 0x0, 0xa, 0xf2, 0x0, 0x0, 0x5,
    0xbe, 0xfe, 0xff, 0xf8, 0x0, 0x0, 0x1c, 0xff,
    0xff, 0xff, 0xfc, 0x10, 0x0, 0xc, 0xff, 0x72,
    0x1, 0x7f, 0xfc, 0x0, 0x6, 0xff, 0x30, 0x0,
    0x0, 0x3f, 0xf6, 0x0, 0xcf, 0x90, 0x0, 0x0,
    0x0, 0x9f, 0xc0, 0xf, 0xf4, 0x0, 0x0, 0x0,
    0x4, 0xff, 0x1, 0xff, 0x20, 0x0, 0x0, 0x0,
    0x2f, 0xf1, 0x1f, 0xf2, 0x0, 0x0, 0x0, 0x2,
    0xff, 0x10, 0xff, 0x40, 0x0, 0x0, 0x0, 0x4f,
    0xf0, 0xc, 0xf9, 0x0, 0x0, 0x0, 0x9, 0xfc,
    0x0, 0x6f, 0xf3, 0x0, 0x0, 0x2, 0xff, 0x60,
    0x0, 0xcf, 0xf7, 0x10, 0x16, 0xff, 0xc0, 0x0,
    0x1, 0xcf, 0xff, 0xff, 0xff, 0xc1, 0x0, 0x0,
    0x0, 0x5b, 0xef, 0xeb, 0x60, 0x0, 0x0,

    /* U+1EDB "ớ" */
    0x0, 0x0, 0x4, 0xfd, 0x0, 0x0, 0x0, 0x0,
    0xb, 0xf3, 0xc, 0xc0, 0x0, 0x0, 0x1b, 0x60,
    0xd, 0xf0, 0x0, 0x6, 0xcf, 0xef, 0xff, 0x70,
    0x0, 0xbf, 0xfe, 0xff, 0xf7, 0x0, 0x7, 0xff,
    0x40, 0x7, 0xff, 0x30, 0xd, 0xf7, 0x0, 0x0,
    0xbf, 0x90, 0xf, 0xf2, 0x0, 0x0, 0x6f, 0xd0,
    0x2f, 0xf1, 0x0, 0x0, 0x5f, 0xe0, 0xf, 0xf2,
    0x0, 0x0, 0x6f, 0xd0, 0xd, 0xf7, 0x0, 0x0,
    0xbf, 0x90, 0x7, 0xff, 0x40, 0x7, 0xff, 0x30,
    0x0, 0xbf, 0xff, 0xff, 0xf7, 0x0, 0x0, 0x6,
    0xcf, 0xeb, 0x40, 0x0,

    /* U+1EDC "Ờ" */
    0x0, 0x0, 0x8, 0xb4, 0x0, 0x0, 0x0, 0x0,
    0x0, 0x0, 0x3f, 0xc0, 0x0, 0x6a, 0x10, 0x0,
    0x0, 0x0, 0x8f, 0x30, 0x8, 0xf4, 0x0, 0x0,
    0x0, 0x0, 0x0, 0x0, 0x7f, 0x50, 0x0, 0x0,
    0x0, 0x0, 0x0, 0xa, 0xf2, 0x0, 0x0, 0x5,
    0xbe, 0xfe, 0xff, 0xf8, 0x0, 0x0, 0x1c, 0xff,
    0xff, 0xff, 0xfc, 0x10, 0x0, 0xc, 0xff, 0x72,
    0x1, 0x7f, 0xfc, 0x0, 0x6, 0xff, 0x30, 0x0,
    0x0, 0x3f, 0xf6, 0x0, 0xcf, 0x90, 0x0, 0x0,
    0x0, 0x9f, 0xc0, 0xf, 0xf4, 0x0, 0x0, 0x0,
    0x4, 0xff, 0x1, 0xff, 0x20, 0x0, 0x0, 0x0,
    0x2f, 0xf1, 0x1f, 0xf2, 0x0, 0x0, 0x0, 0x2,
    0xff, 0x10, 0xff, 0x40, 0x0, 0x0, 0x0, 0x4f,
    0xf0, 0xc, 0xf9, 0x0, 0x0, 0x0, 0x9, 0xfc,
    0x0, 0x6f, 0xf3, 0x0, 0x0, 0x2, 0xff, 0x60,
    0x0, 0xcf, 0xf7, 0x10, 0x16, 0xff, 0xc0, 0x0,
    0x1, 0xcf, 0xff, 0xff, 0xff, 0xc1, 0x0, 0x0,
    0x0, 0x5b, 0xef, 0xeb, 0x60, 0x0, 0x0,

    /* U+1EDD "ờ" */
    0x0, 0x8, 0xf9, 0x0, 0x0, 0x0, 0x0, 0x0,
    0xdf, 0x10, 0xc, 0xc0, 0x0, 0x0, 0x3b, 0x40,
    0xd, 0xf0, 0x0, 0x6, 0xcf, 0xef, 0xff, 0x70,
    0x0, 0xbf, 0xfe, 0xff, 0xf7, 0x0, 0x7, 0xff,
    0x40, 0x7, 0xff, 0x30, 0xd, 0xf7, 0x0, 0x0,
    0xbf, 0x90, 0xf, 0xf2, 0x0, 0x0, 0x6f, 0xd0,
    0x2f, 0xf1, 0x0, 0x0, 0x5f, 0xe0, 0xf, 0xf2,
    0x0, 0x0, 0x6f, 0xd0, 0xd, 0xf7, 0x0, 0x0,
    0xbf, 0x90, 0x7, 0xff, 0x40, 0x7, 0xff, 0x30,
    0x0, 0xbf, 0xff, 0xff, 0xf7, 0x0, 0x0, 0x6,
    0xcf, 0xeb, 0x40, 0x0,

    /* U+1EDE "Ở" */
    0x0, 0x0, 0x0, 0x0, 0x0, 0x0, 0x0, 0x0,
    0x0, 0x0, 0x1f, 0xfa, 0x0, 0x0, 0x0, 0x0,
    0x0, 0x0, 0x49, 0xf1, 0x2, 0x40, 0x0, 0x0,
    0x0, 0x0, 0x6f, 0x0, 0x9f, 0x30, 0x0, 0x0,
    0x0, 0xd, 0x80, 0x7, 0xf5, 0x0, 0x0, 0x0,
    0x0, 0x0, 0x0, 0xaf, 0x30, 0x0, 0x0, 0x5b,
    0xef, 0xef, 0xff, 0x80, 0x0, 0x1, 0xcf, 0xff,
    0xff, 0xff, 0xc1, 0x0, 0x0, 0xcf, 0xf7, 0x20,
    0x17, 0xff, 0xc0, 0x0, 0x6f, 0xf3, 0x0, 0x0,
    0x3, 0xff, 0x60, 0xc, 0xf9, 0x0, 0x0, 0x0,
    0x9, 0xfc, 0x0, 0xff, 0x40, 0x0, 0x0, 0x0,
    0x4f, 0xf0, 0x1f, 0xf2, 0x0, 0x0, 0x0, 0x2,
    0xff, 0x11, 0xff, 0x20, 0x0, 0x0, 0x0, 0x2f,
    0xf1, 0xf, 0xf4, 0x0, 0x0, 0x0, 0x4, 0xff,
    0x0, 0xcf, 0x90, 0x0, 0x0, 0x0, 0x9f, 0xc0,
    0x6, 0xff, 0x30, 0x0, 0x0, 0x2f, 0xf6, 0x0,
    0xc, 0xff, 0x71, 0x1, 0x6f, 0xfc, 0x0, 0x0,
    0x1c, 0xff, 0xff, 0xff, 0xfc, 0x10, 0x0, 0x0,
    0x5, 0xbe, 0xfe, 0xb6, 0x0, 0x0,

    /* U+1EDF "ở" */
    0x0, 0x0, 0x0, 0x0, 0x0, 0x0, 0x0, 0x0,
    0xef, 0xc0, 0x0, 0x0, 0x0, 0x0, 0x48, 0xf4,
    0x4, 0x30, 0x0, 0x0, 0x4, 0xf2, 0xe, 0xe0,
    0x0, 0x0, 0xb, 0x90, 0xc, 0xf0, 0x0, 0x0,
    0x0, 0x0, 0x1e, 0xe0, 0x0, 0x6, 0xcf, 0xef,
    0xfe, 0x40, 0x0, 0xbf, 0xfe, 0xff, 0xf7, 0x0,
    0x7, 0xff, 0x40, 0x7, 0xff, 0x30, 0xd, 0xf7,
    0x0, 0x0, 0xbf, 0x90, 0xf, 0xf2, 0x0, 0x0,
    0x6f, 0xd0, 0x2f, 0xf1, 0x0, 0x0, 0x5f, 0xe0,
    0xf, 0xf2, 0x0, 0x0, 0x6f, 0xd0, 0xd, 0xf7,
    0x0, 0x0, 0xbf, 0x90, 0x7, 0xff, 0x40, 0x7,
    0xff, 0x30, 0x0, 0xbf, 0xff, 0xff, 0xf7, 0x0,
    0x0, 0x6, 0xcf, 0xeb, 0x40, 0x0,

    /* U+1EE0 "Ỡ" */
    0x0, 0x0, 0x0, 0x0, 0x0, 0x0, 0x0, 0x0,
    0x0, 0x2, 0xdf, 0xb3, 0xaa, 0x11, 0x0, 0x0,
    0x0, 0x9c, 0x5d, 0xff, 0x39, 0xf2, 0x0, 0x0,
    0x3, 0x20, 0x4, 0x10, 0x7f, 0x40, 0x0, 0x0,
    0x0, 0x0, 0x0, 0x7, 0xf4, 0x0, 0x0, 0x0,
    0x0, 0x0, 0x0, 0xaf, 0x20, 0x0, 0x0, 0x5b,
    0xef, 0xef, 0xff, 0x70, 0x0, 0x1, 0xcf, 0xff,
    0xff, 0xff, 0xc1, 0x0, 0x0, 0xcf, 0xf7, 0x20,
    0x17, 0xff, 0xc0, 0x0, 0x6f, 0xf3, 0x0, 0x0,
    0x3, 0xff, 0x60, 0xc, 0xf9, 0x0, 0x0, 0x0,
    0x9, 0xfc, 0x0, 0xff, 0x40, 0x0, 0x0, 0x0,
    0x4f, 0xf0, 0x1f, 0xf2, 0x0, 0x0, 0x0, 0x2,
    0xff, 0x11, 0xff, 0x20, 0x0, 0x0, 0x0, 0x2f,
    0xf1, 0xf, 0xf4, 0x0, 0x0, 0x0, 0x4, 0xff,
    0x0, 0xcf, 0x90, 0x0, 0x0, 0x0, 0x9f, 0xc0,
    0x6, 0xff, 0x30, 0x0, 0x0, 0x2f, 0xf6, 0x0,
    0xc, 0xff, 0x71, 0x1, 0x6f, 0xfc, 0x0, 0x0,
    0x1c, 0xff, 0xff, 0xff, 0xfc, 0x10, 0x0, 0x0,
    0x5, 0xbe, 0xfe, 0xb6, 0x0, 0x0,

    /* U+1EE1 "ỡ" */
    0x0, 0x0, 0x0, 0x10, 0x1, 0x10, 0x0, 0x3d,
    0xff, 0xff, 0xae, 0xd0, 0x0, 0x24, 0x55, 0x43,
    0xc, 0xf0, 0x0, 0x0, 0x0, 0x0, 0x1d, 0xe0,
    0x0, 0x6, 0xcf, 0xef, 0xfe, 0x50, 0x0, 0xbf,
    0xfe, 0xff, 0xf7, 0x0, 0x7, 0xff, 0x40, 0x7,
    0xff, 0x30, 0xd, 0xf7, 0x0, 0x0, 0xbf, 0x90,
    0xf, 0xf2, 0x0, 0x0, 0x6f, 0xd0, 0x2f, 0xf1,
    0x0, 0x0, 0x5f, 0xe0, 0xf, 0xf2, 0x0, 0x0,
    0x6f, 0xd0, 0xd, 0xf7, 0x0, 0x0, 0xbf, 0x90,
    0x7, 0xff, 0x40, 0x7, 0xff, 0x30, 0x0, 0xbf,
    0xff, 0xff, 0xf7, 0x0, 0x0, 0x6, 0xcf, 0xeb,
    0x40, 0x0,

    /* U+1EE2 "Ợ" */
    0x0, 0x0, 0x0, 0x0, 0x0, 0x5, 0x80, 0x0,
    0x0, 0x0, 0x0, 0x0, 0x0, 0x8f, 0x30, 0x0,
    0x0, 0x0, 0x0, 0x0, 0x7, 0xf5, 0x0, 0x0,
    0x0, 0x0, 0x0, 0x0, 0xaf, 0x30, 0x0, 0x0,
    0x5b, 0xef, 0xef, 0xff, 0x80, 0x0, 0x1, 0xcf,
    0xff, 0xff, 0xff, 0xc1, 0x0, 0x0, 0xcf, 0xf7,
    0x20, 0x17, 0xff, 0xc0, 0x0, 0x6f, 0xf3, 0x0,
    0x0, 0x3, 0xff, 0x60, 0xc, 0xf9, 0x0, 0x0,
    0x0, 0x9, 0xfc, 0x0, 0xff, 0x40, 0x0, 0x0,
    0x0, 0x4f, 0xf0, 0x1f, 0xf2, 0x0, 0x0, 0x0,
    0x2, 0xff, 0x11, 0xff, 0x20, 0x0, 0x0, 0x0,
    0x2f, 0xf1, 0xf, 0xf4, 0x0, 0x0, 0x0, 0x4,
    0xff, 0x0, 0xcf, 0x90, 0x0, 0x0, 0x0, 0x9f,
    0xc0, 0x6, 0xff, 0x30, 0x0, 0x0, 0x2f, 0xf6,
    0x0, 0xc, 0xff, 0x71, 0x1, 0x6f, 0xfc, 0x0,
    0x0, 0x1c, 0xff, 0xff, 0xff, 0xfc, 0x10, 0x0,
    0x0, 0x5, 0xbe, 0xfe, 0xb6, 0x0, 0x0, 0x0,
    0x0, 0x0, 0x0, 0x0, 0x0, 0x0, 0x0, 0x0,
    0x0, 0x7, 0xf7, 0x0, 0x0, 0x0, 0x0, 0x0,
    0x0, 0x8f, 0x80, 0x0, 0x0, 0x0,

    /* U+1EE3 "ợ" */
    0x0, 0x0, 0x0, 0x0, 0xe, 0xd0, 0x0, 0x0,
    0x0, 0x0, 0xc, 0xf0, 0x0, 0x0, 0x0, 0x0,
    0x1d, 0xe0, 0x0, 0x6, 0xcf, 0xef, 0xfe, 0x50,
    0x0, 0xbf, 0xfe, 0xff, 0xf7, 0x0, 0x7, 0xff,
    0x40, 0x7, 0xff, 0x30, 0xd, 0xf7, 0x0, 0x0,
    0xbf, 0x90, 0xf, 0xf2, 0x0, 0x0, 0x6f, 0xd0,
    0x2f, 0xf1, 0x0, 0x0, 0x5f, 0xe0, 0xf, 0xf2,
    0x0, 0x0, 0x6f, 0xd0, 0xd, 0xf7, 0x0, 0x0,
    0xbf, 0x90, 0x7, 0xff, 0x40, 0x7, 0xff, 0x30,
    0x0, 0xbf, 0xff, 0xff, 0xf7, 0x0, 0x0, 0x6,
    0xcf, 0xeb, 0x40, 0x0, 0x0, 0x0, 0x0, 0x0,
    0x0, 0x0, 0x0, 0x0, 0x1f, 0xd0, 0x0, 0x0,
    0x0, 0x0, 0x2f, 0xe0, 0x0, 0x0,

    /* U+1EE4 "Ụ" */
    0x9f, 0x90, 0x0, 0x0, 0xb, 0xf7, 0x9f, 0x90,
    0x0, 0x0, 0xb, 0xf7, 0x9f, 0x90, 0x0, 0x0,
    0xb, 0xf7, 0x9f, 0x90, 0x0, 0x0, 0xb, 0xf7,
    0x9f, 0x90, 0x0, 0x0, 0xb, 0xf7, 0x9f, 0x90,
    0x0, 0x0, 0xb, 0xf7, 0x9f, 0x90, 0x0, 0x0,
    0xb, 0xf7, 0x9f, 0x90, 0x0, 0x0, 0xb, 0xf7,
    0x9f, 0x90, 0x0, 0x0, 0xb, 0xf7, 0x8f, 0xb0,
    0x0, 0x0, 0xd, 0xf6, 0x5f, 0xe1, 0x0, 0x0,
    0x2f, 0xf3, 0xe, 0xfc, 0x41, 0x15, 0xdf, 0xc0,
    0x3, 0xef, 0xff, 0xff, 0xfe, 0x20, 0x0, 0x18,
    0xdf, 0xfd, 0x80, 0x0, 0x0, 0x0, 0x0, 0x0,
    0x0, 0x0, 0x0, 0x0, 0xf, 0xe0, 0x0, 0x0,
    0x0, 0x0, 0x1f, 0xf0, 0x0, 0x0,

    /* U+1EE5 "ụ" */
    0x8f, 0xa0, 0x0, 0xe, 0xf3, 0x8f, 0xa0, 0x0,
    0xe, 0xf3, 0x8f, 0xa0, 0x0, 0xe, 0xf3, 0x8f,
    0xa0, 0x0, 0xe, 0xf3, 0x8f, 0xa0, 0x0, 0xe,
    0xf3, 0x8f, 0xa0, 0x0, 0xe, 0xf3, 0x7f, 0xa0,
    0x0, 0xf, 0xf3, 0x6f, 0xc0, 0x0, 0x1f, 0xf3,
    0x4f, 0xf3, 0x0, 0xaf, 0xf3, 0xc, 0xff, 0xdf,
    0xdd, 0xf3, 0x1, 0xaf, 0xea, 0x1c, 0xf3, 0x0,
    0x0, 0x0, 0x0, 0x0, 0x0, 0x3, 0xfb, 0x0,
    0x0, 0x0, 0x3, 0xfc, 0x0, 0x0,

    /* U+1EE6 "Ủ" */
    0x0, 0x0, 0x0, 0x0, 0x0, 0x0, 0x0, 0x0,
    0x9f, 0xe3, 0x0, 0x0, 0x0, 0x0, 0x34, 0xf8,
    0x0, 0x0, 0x0, 0x0, 0x1, 0xf6, 0x0, 0x0,
    0x0, 0x0, 0x5, 0x90, 0x0, 0x0, 0x0, 0x0,
    0x0, 0x0, 0x0, 0x0, 0x9f, 0x90, 0x0, 0x0,
    0xb, 0xf7, 0x9f, 0x90, 0x0, 0x0, 0xb, 0xf7,
    0x9f, 0x90, 0x0, 0x0, 0xb, 0xf7, 0x9f, 0x90,
    0x0, 0x0, 0xb, 0xf7, 0x9f, 0x90, 0x0, 0x0,
    0xb, 0xf7, 0x9f, 0x90, 0x0, 0x0, 0xb, 0xf7,
    0x9f, 0x90, 0x0, 0x0, 0xb, 0xf7, 0x9f, 0x90,
    0x0, 0x0, 0xb, 0xf7, 0x9f, 0x90, 0x0, 0x0,
    0xb, 0xf7, 0x8f, 0xb0, 0x0, 0x0, 0xd, 0xf6,
    0x5f, 0xe1, 0x0, 0x0, 0x2f, 0xf3, 0xe, 0xfc,
    0x41, 0x15, 0xdf, 0xc0, 0x3, 0xef, 0xff, 0xff,
    0xfe, 0x20, 0x0, 0x18, 0xdf, 0xfd, 0x80, 0x0,

    /* U+1EE7 "ủ" */
    0x0, 0x0, 0x0, 0x0, 0x0, 0x0, 0xc, 0xfd,
    0x10, 0x0, 0x0, 0x4, 0x5f, 0x60, 0x0, 0x0,
    0x0, 0x2f, 0x40, 0x0, 0x0, 0x0, 0x78, 0x0,
    0x0, 0x0, 0x0, 0x0, 0x0, 0x0, 0x8f, 0xa0,
    0x0, 0xe, 0xf3, 0x8f, 0xa0, 0x0, 0xe, 0xf3,
    0x8f, 0xa0, 0x0, 0xe, 0xf3, 0x8f, 0xa0, 0x0,
    0xe, 0xf3, 0x8f, 0xa0, 0x0, 0xe, 0xf3, 0x8f,
    0xa0, 0x0, 0xe, 0xf3, 0x7f, 0xa0, 0x0, 0xf,
    0xf3, 0x6f, 0xc0, 0x0, 0x1f, 0xf3, 0x4f, 0xf3,
    0x0, 0xaf, 0xf3, 0xc, 0xff, 0xdf, 0xdd, 0xf3,
    0x1, 0xaf, 0xea, 0x1c, 0xf3,

    /* U+1EE8 "Ứ" */
    0x0, 0x0, 0x0, 0xab, 0x20, 0x0, 0x0, 0x0,
    0x0, 0x4, 0xfa, 0x0, 0x6, 0xa0, 0x0, 0x0,
    0xc, 0xe1, 0x0, 0x8, 0xf3, 0x0, 0x0, 0x0,
    0x0, 0x0, 0x7, 0xf4, 0x0, 0x0, 0x0, 0x0,
    0x0, 0xa, 0xf2, 0x9f, 0x90, 0x0, 0x0, 0xf,
    0xff, 0x70, 0x9f, 0x90, 0x0, 0x0, 0xb, 0xf7,
    0x0, 0x9f, 0x90, 0x0, 0x0, 0xb, 0xf7, 0x0,
    0x9f, 0x90, 0x0, 0x0, 0xb, 0xf7, 0x0, 0x9f,
    0x90, 0x0, 0x0, 0xb, 0xf7, 0x0, 0x9f, 0x90,
    0x0, 0x0, 0xb, 0xf7, 0x0, 0x9f, 0x90, 0x0,
    0x0, 0xb, 0xf7, 0x0, 0x9f, 0x90, 0x0, 0x0,
    0xb, 0xf7, 0x0, 0x9f, 0x90, 0x0, 0x0, 0xb,
    0xf7, 0x0, 0x8f, 0xb0, 0x0, 0x0, 0xd, 0xf6,
    0x0, 0x5f, 0xe1, 0x0, 0x0, 0x2f, 0xf3, 0x0,
    0xe, 0xfc, 0x41, 0x15, 0xdf, 0xc0, 0x0, 0x3,
    0xef, 0xff, 0xff, 0xfe, 0x20, 0x0, 0x0, 0x18,
    0xdf, 0xfd, 0x80, 0x0, 0x0,

    /* U+1EE9 "ứ" */
    0x0, 0x0, 0x2f, 0xe1, 0x0, 0x0, 0x0, 0x0,
    0xaf, 0x40, 0xc, 0xc0, 0x0, 0x0, 0xa8, 0x0,
    0xd, 0xf0, 0x8f, 0xa0, 0x0, 0xf, 0xff, 0x80,
    0x8f, 0xa0, 0x0, 0xf, 0xf3, 0x0, 0x8f, 0xa0,
    0x0, 0xe, 0xf3, 0x0, 0x8f, 0xa0, 0x0, 0xe,
    0xf3, 0x0, 0x8f, 0xa0, 0x0, 0xe, 0xf3, 0x0,
    0x8f, 0xa0, 0x0, 0xe, 0xf3, 0x0, 0x7f, 0xa0,
    0x0, 0xf, 0xf3, 0x0, 0x6f, 0xc0, 0x0, 0x1f,
    0xf3, 0x0, 0x4f, 0xf3, 0x0, 0xaf, 0xf3, 0x0,
    0xc, 0xff, 0xdf, 0xdd, 0xf3, 0x0, 0x1, 0xaf,
    0xea, 0x1c, 0xf3, 0x0,

    /* U+1EEA "Ừ" */
    0x0, 0x3, 0xb9, 0x0, 0x0, 0x0, 0x0, 0x0,
    0x0, 0xcf, 0x30, 0x0, 0x6, 0xa0, 0x0, 0x0,
    0x2f, 0xa0, 0x0, 0x8, 0xf3, 0x0, 0x0, 0x0,
    0x0, 0x0, 0x7, 0xf4, 0x0, 0x0, 0x0, 0x0,
    0x0, 0xa, 0xf2, 0x9f, 0x90, 0x0, 0x0, 0xf,
    0xff, 0x70, 0x9f, 0x90, 0x0, 0x0, 0xb, 0xf7,
    0x0, 0x9f, 0x90, 0x0, 0x0, 0xb, 0xf7, 0x0,
    0x9f, 0x90, 0x0, 0x0, 0xb, 0xf7, 0x0, 0x9f,
    0x90, 0x0, 0x0, 0xb, 0xf7, 0x0, 0x9f, 0x90,
    0x0, 0x0, 0xb, 0xf7, 0x0, 0x9f, 0x90, 0x0,
    0x0, 0xb, 0xf7, 0x0, 0x9f, 0x90, 0x0, 0x0,
    0xb, 0xf7, 0x0, 0x9f, 0x90, 0x0, 0x0, 0xb,
    0xf7, 0x0, 0x8f, 0xb0, 0x0, 0x0, 0xd, 0xf6,
    0x0, 0x5f, 0xe1, 0x0, 0x0, 0x2f, 0xf3, 0x0,
    0xe, 0xfc, 0x41, 0x15, 0xdf, 0xc0, 0x0, 0x3,
    0xef, 0xff, 0xff, 0xfe, 0x20, 0x0, 0x0, 0x18,
    0xdf, 0xfd, 0x80, 0x0, 0x0,

    /* U+1EEB "ừ" */
    0x0, 0x6f, 0xa0, 0x0, 0x0, 0x0, 0x0, 0xc,
    0xf2, 0x0, 0xc, 0xc0, 0x0, 0x2, 0xb6, 0x0,
    0xd, 0xf0, 0x8f, 0xa0, 0x0, 0xf, 0xff, 0x80,
    0x8f, 0xa0, 0x0, 0xf, 0xf3, 0x0, 0x8f, 0xa0,
    0x0, 0xe, 0xf3, 0x0, 0x8f, 0xa0, 0x0, 0xe,
    0xf3, 0x0, 0x8f, 0xa0, 0x0, 0xe, 0xf3, 0x0,
    0x8f, 0xa0, 0x0, 0xe, 0xf3, 0x0, 0x7f, 0xa0,
    0x0, 0xf, 0xf3, 0x0, 0x6f, 0xc0, 0x0, 0x1f,
    0xf3, 0x0, 0x4f, 0xf3, 0x0, 0xaf, 0xf3, 0x0,
    0xc, 0xff, 0xdf, 0xdd, 0xf3, 0x0, 0x1, 0xaf,
    0xea, 0x1c, 0xf3, 0x0,

    /* U+1EEC "Ử" */
    0x0, 0x0, 0x0, 0x0, 0x0, 0x0, 0x0, 0x0,
    0x0, 0x9f, 0xe3, 0x0, 0x0, 0x0, 0x0, 0x0,
    0x34, 0xf8, 0x0, 0x3, 0x50, 0x0, 0x0, 0x1,
    0xf6, 0x0, 0x9, 0xf2, 0x0, 0x0, 0x5, 0x90,
    0x0, 0x7, 0xf4, 0x0, 0x0, 0x0, 0x0, 0x0,
    0xa, 0xf2, 0x9f, 0x90, 0x0, 0x0, 0xf, 0xff,
    0x80, 0x9f, 0x90, 0x0, 0x0, 0xb, 0xf7, 0x0,
    0x9f, 0x90, 0x0, 0x0, 0xb, 0xf7, 0x0, 0x9f,
    0x90, 0x0, 0x0, 0xb, 0xf7, 0x0, 0x9f, 0x90,
    0x0, 0x0, 0xb, 0xf7, 0x0, 0x9f, 0x90, 0x0,
    0x0, 0xb, 0xf7, 0x0, 0x9f, 0x90, 0x0, 0x0,
    0xb, 0xf7, 0x0, 0x9f, 0x90, 0x0, 0x0, 0xb,
    0xf7, 0x0, 0x9f, 0x90, 0x0, 0x0, 0xb, 0xf7,
    0x0, 0x8f, 0xb0, 0x0, 0x0, 0xd, 0xf6, 0x0,
    0x5f, 0xe1, 0x0, 0x0, 0x2f, 0xf3, 0x0, 0xe,
    0xfc, 0x41, 0x15, 0xdf, 0xc0, 0x0, 0x3, 0xef,
    0xff, 0xff, 0xfe, 0x20, 0x0, 0x0, 0x18, 0xdf,
    0xfd, 0x80, 0x0, 0x0,

    /* U+1EED "ử" */
    0x0, 0x0, 0x0, 0x0, 0x0, 0x0, 0x0, 0xc,
    0xfd, 0x10, 0x0, 0x0, 0x0, 0x4, 0x6f, 0x60,
    0x4, 0x30, 0x0, 0x0, 0x3f, 0x30, 0xd, 0xe0,
    0x0, 0x0, 0x87, 0x0, 0xc, 0xf0, 0x0, 0x0,
    0x0, 0x0, 0x1d, 0xe0, 0x8f, 0xa0, 0x0, 0xf,
    0xff, 0x50, 0x8f, 0xa0, 0x0, 0xf, 0xf3, 0x0,
    0x8f, 0xa0, 0x0, 0xe, 0xf3, 0x0, 0x8f, 0xa0,
    0x0, 0xe, 0xf3, 0x0, 0x8f, 0xa0, 0x0, 0xe,
    0xf3, 0x0, 0x8f, 0xa0, 0x0, 0xe, 0xf3, 0x0,
    0x7f, 0xa0, 0x0, 0xf, 0xf3, 0x0, 0x6f, 0xc0,
    0x0, 0x1f, 0xf3, 0x0, 0x4f, 0xf3, 0x0, 0xaf,
    0xf3, 0x0, 0xc, 0xff, 0xdf, 0xdd, 0xf3, 0x0,
    0x1, 0xaf, 0xea, 0x1c, 0xf3, 0x0,

    /* U+1EEE "Ữ" */
    0x0, 0x0, 0x0, 0x0, 0x10, 0x0, 0x0, 0x0,
    0x9, 0xfe, 0x64, 0xf1, 0x1, 0x10, 0x0, 0x2f,
    0x69, 0xff, 0xa0, 0xa, 0xf2, 0x0, 0x14, 0x0,
    0x23, 0x0, 0x8, 0xf3, 0x0, 0x0, 0x0, 0x0,
    0x0, 0x7, 0xf4, 0x0, 0x0, 0x0, 0x0, 0x0,
    0xb, 0xf1, 0x9f, 0x90, 0x0, 0x0, 0xf, 0xff,
    0x60, 0x9f, 0x90, 0x0, 0x0, 0xb, 0xf7, 0x0,
    0x9f, 0x90, 0x0, 0x0, 0xb, 0xf7, 0x0, 0x9f,
    0x90, 0x0, 0x0, 0xb, 0xf7, 0x0, 0x9f, 0x90,
    0x0, 0x0, 0xb, 0xf7, 0x0, 0x9f, 0x90, 0x0,
    0x0, 0xb, 0xf7, 0x0, 0x9f, 0x90, 0x0, 0x0,
    0xb, 0xf7, 0x0, 0x9f, 0x90, 0x0, 0x0, 0xb,
    0xf7, 0x0, 0x9f, 0x90, 0x0, 0x0, 0xb, 0xf7,
    0x0, 0x8f, 0xb0, 0x0, 0x0, 0xd, 0xf6, 0x0,
    0x5f, 0xe1, 0x0, 0x0, 0x2f, 0xf3, 0x0, 0xe,
    0xfc, 0x41, 0x15, 0xdf, 0xc0, 0x0, 0x3, 0xef,
    0xff, 0xff, 0xfe, 0x20, 0x0, 0x0, 0x18, 0xdf,
    0xfd, 0x80, 0x0, 0x0,

    /* U+1EEF "ữ" */
    0x0, 0x0, 0x1, 0x0, 0x1, 0x10, 0x2, 0xdf,
    0xff, 0xfc, 0xe, 0xe0, 0x2, 0x45, 0x54, 0x30,
    0xc, 0xf0, 0x0, 0x0, 0x0, 0x0, 0x1d, 0xe0,
    0x8f, 0xa0, 0x0, 0xf, 0xff, 0x50, 0x8f, 0xa0,
    0x0, 0xf, 0xf3, 0x0, 0x8f, 0xa0, 0x0, 0xe,
    0xf3, 0x0, 0x8f, 0xa0, 0x0, 0xe, 0xf3, 0x0,
    0x8f, 0xa0, 0x0, 0xe, 0xf3, 0x0, 0x8f, 0xa0,
    0x0, 0xe, 0xf3, 0x0, 0x7f, 0xa0, 0x0, 0xf,
    0xf3, 0x0, 0x6f, 0xc0, 0x0, 0x1f, 0xf3, 0x0,
    0x4f, 0xf3, 0x0, 0xaf, 0xf3, 0x0, 0xc, 0xff,
    0xdf, 0xdd, 0xf3, 0x0, 0x1, 0xaf, 0xea, 0x1c,
    0xf3, 0x0,

    /* U+1EF0 "Ự" */
    0x0, 0x0, 0x0, 0x0, 0x0, 0x5, 0x80, 0x0,
    0x0, 0x0, 0x0, 0x0, 0x9, 0xf3, 0x0, 0x0,
    0x0, 0x0, 0x0, 0x7, 0xf4, 0x0, 0x0, 0x0,
    0x0, 0x0, 0xa, 0xf2, 0x9f, 0x90, 0x0, 0x0,
    0xf, 0xff, 0x80, 0x9f, 0x90, 0x0, 0x0, 0xb,
    0xf7, 0x0, 0x9f, 0x90, 0x0, 0x0, 0xb, 0xf7,
    0x0, 0x9f, 0x90, 0x0, 0x0, 0xb, 0xf7, 0x0,
    0x9f, 0x90, 0x0, 0x0, 0xb, 0xf7, 0x0, 0x9f,
    0x90, 0x0, 0x0, 0xb, 0xf7, 0x0, 0x9f, 0x90,
    0x0, 0x0, 0xb, 0xf7, 0x0, 0x9f, 0x90, 0x0,
    0x0, 0xb, 0xf7, 0x0, 0x9f, 0x90, 0x0, 0x0,
    0xb, 0xf7, 0x0, 0x8f, 0xb0, 0x0, 0x0, 0xd,
    0xf6, 0x0, 0x5f, 0xe1, 0x0, 0x0, 0x2f, 0xf3,
    0x0, 0xe, 0xfc, 0x41, 0x15, 0xdf, 0xc0, 0x0,
    0x3, 0xef, 0xff, 0xff, 0xfe, 0x20, 0x0, 0x0,
    0x18, 0xdf, 0xfd, 0x80, 0x0, 0x0, 0x0, 0x0,
    0x0, 0x0, 0x0, 0x0, 0x0, 0x0, 0x0, 0xf,
    0xe0, 0x0, 0x0, 0x0, 0x0, 0x0, 0x1f, 0xf0,
    0x0, 0x0, 0x0,

    /* U+1EF1 "ự" */
    0x0, 0x0, 0x0, 0x0, 0xe, 0xd0, 0x0, 0x0,
    0x0, 0x0, 0xc, 0xf0, 0x0, 0x0, 0x0, 0x0,
    0x1d, 0xe0, 0x8f, 0xa0, 0x0, 0xf, 0xff, 0x50,
    0x8f, 0xa0, 0x0, 0xf, 0xf3, 0x0, 0x8f, 0xa0,
    0x0, 0xe, 0xf3, 0x0, 0x8f, 0xa0, 0x0, 0xe,
    0xf3, 0x0, 0x8f, 0xa0, 0x0, 0xe, 0xf3, 0x0,
    0x8f, 0xa0, 0x0, 0xe, 0xf3, 0x0, 0x7f, 0xa0,
    0x0, 0xf, 0xf3, 0x0, 0x6f, 0xc0, 0x0, 0x1f,
    0xf3, 0x0, 0x4f, 0xf3, 0x0, 0xaf, 0xf3, 0x0,
    0xc, 0xff, 0xdf, 0xdd, 0xf3, 0x0, 0x1, 0xaf,
    0xea, 0x1c, 0xf3, 0x0, 0x0, 0x0, 0x0, 0x0,
    0x0, 0x0, 0x0, 0x3, 0xfb, 0x0, 0x0, 0x0,
    0x0, 0x3, 0xfc, 0x0, 0x0, 0x0,

    /* U+1EF2 "Ỳ" */
    0x0, 0x0, 0x3b, 0x90, 0x0, 0x0, 0x0, 0x0,
    0x0, 0xc, 0xf3, 0x0, 0x0, 0x0, 0x0, 0x0,
    0x2, 0xfa, 0x0, 0x0, 0x0, 0x0, 0x0, 0x0,
    0x0, 0x0, 0x0, 0x0, 0x0, 0x0, 0x0, 0x0,
    0x0, 0x0, 0x0, 0xd, 0xfa, 0x0, 0x0, 0x0,
    0xbf, 0xb0, 0x3, 0xff, 0x30, 0x0, 0x5, 0xff,
    0x20, 0x0, 0xaf, 0xc0, 0x0, 0xd, 0xf8, 0x0,
    0x0, 0x1f, 0xf5, 0x0, 0x7f, 0xe0, 0x0, 0x0,
    0x7, 0xfe, 0x1, 0xff, 0x50, 0x0, 0x0, 0x0,
    0xdf, 0x8a, 0xfb, 0x0, 0x0, 0x0, 0x0, 0x4f,
    0xff, 0xf2, 0x0, 0x0, 0x0, 0x0, 0xa, 0xff,
    0x80, 0x0, 0x0, 0x0, 0x0, 0x2, 0xff, 0x0,
    0x0, 0x0, 0x0, 0x0, 0x2, 0xff, 0x0, 0x0,
    0x0, 0x0, 0x0, 0x2, 0xff, 0x0, 0x0, 0x0,
    0x0, 0x0, 0x2, 0xff, 0x0, 0x0, 0x0, 0x0,
    0x0, 0x2, 0xff, 0x0, 0x0, 0x0, 0x0, 0x0,
    0x2, 0xff, 0x0, 0x0, 0x0,

    /* U+1EF3 "ỳ" */
    0x0, 0xa, 0xf7, 0x0, 0x0, 0x0, 0x0, 0x1e,
    0xe0, 0x0, 0x0, 0x0, 0x0, 0x4b, 0x30, 0x0,
    0x6, 0xfd, 0x0, 0x0, 0xc, 0xf7, 0x1f, 0xf2,
    0x0, 0x1, 0xff, 0x10, 0xbf, 0x80, 0x0, 0x6f,
    0xc0, 0x5, 0xfd, 0x0, 0xb, 0xf6, 0x0, 0xf,
    0xf2, 0x0, 0xff, 0x10, 0x0, 0xaf, 0x70, 0x5f,
    0xb0, 0x0, 0x4, 0xfc, 0xa, 0xf6, 0x0, 0x0,
    0xe, 0xf2, 0xff, 0x0, 0x0, 0x0, 0x9f, 0xbf,
    0xa0, 0x0, 0x0, 0x3, 0xff, 0xf5, 0x0, 0x0,
    0x0, 0xe, 0xff, 0x0, 0x0, 0x0, 0x0, 0x5f,
    0xa0, 0x0, 0x0, 0xa, 0xcf, 0xf3, 0x0, 0x0,
    0x0, 0xef, 0xe7, 0x0, 0x0, 0x0,

    /* U+1EF4 "Ỵ" */
    0xd, 0xfa, 0x0, 0x0, 0x0, 0xbf, 0xb0, 0x3,
    0xff, 0x30, 0x0, 0x5, 0xff, 0x20, 0x0, 0xaf,
    0xc0, 0x0, 0xd, 0xf8, 0x0, 0x0, 0x1f, 0xf5,
    0x0, 0x7f, 0xe0, 0x0, 0x0, 0x7, 0xfe, 0x1,
    0xff, 0x50, 0x0, 0x0, 0x0, 0xdf, 0x8a, 0xfb,
    0x0, 0x0, 0x0, 0x0, 0x4f, 0xff, 0xf2, 0x0,
    0x0, 0x0, 0x0, 0xa, 0xff, 0x80, 0x0, 0x0,
    0x0, 0x0, 0x2, 0xff, 0x0, 0x0, 0x0, 0x0,
    0x0, 0x2, 0xff, 0x0, 0x0, 0x0, 0x0, 0x0,
    0x2, 0xff, 0x0, 0x0, 0x0, 0x0, 0x0, 0x2,
    0xff, 0x0, 0x0, 0x0, 0x0, 0x0, 0x2, 0xff,
    0x0, 0x0, 0x0, 0x0, 0x0, 0x2, 0xff, 0x0,
    0x0, 0x0, 0x0, 0x0, 0x0, 0x0, 0x0, 0x0,
    0x0, 0x0, 0x0, 0x0, 0xfe, 0x0, 0x0, 0x0,
    0x0, 0x0, 0x1, 0xff, 0x0, 0x0, 0x0,

    /* U+1EF5 "ỵ" */
    0x6f, 0xd0, 0x0, 0x0, 0xcf, 0x71, 0xff, 0x20,
    0x0, 0x1f, 0xf1, 0xb, 0xf8, 0x0, 0x6, 0xfc,
    0x0, 0x5f, 0xd0, 0x0, 0xbf, 0x60, 0x0, 0xff,
    0x20, 0xf, 0xf1, 0x0, 0xa, 0xf7, 0x5, 0xfb,
    0x0, 0x0, 0x4f, 0xc0, 0xaf, 0x60, 0x0, 0x0,
    0xef, 0x2f, 0xf0, 0x0, 0x0, 0x9, 0xfb, 0xfa,
    0x0, 0x0, 0x0, 0x3f, 0xff, 0x50, 0x0, 0x0,
    0x0, 0xef, 0xf0, 0x0, 0x0, 0x0, 0x5, 0xfa,
    0x0, 0x0, 0x0, 0xac, 0xff, 0x38, 0xc3, 0x0,
    0xe, 0xfe, 0x70, 0xbf, 0x50,

    /* U+1EF6 "Ỷ" */
    0x0, 0x0, 0x0, 0x0, 0x0, 0x0, 0x0, 0x0,
    0x0, 0x9, 0xfe, 0x30, 0x0, 0x0, 0x0, 0x0,
    0x3, 0x4f, 0x80, 0x0, 0x0, 0x0, 0x0, 0x0,
    0x1f, 0x60, 0x0, 0x0, 0x0, 0x0, 0x0, 0x59,
    0x0, 0x0, 0x0, 0x0, 0x0, 0x0, 0x0, 0x0,
    0x0, 0x0, 0xd, 0xfa, 0x0, 0x0, 0x0, 0xbf,
    0xb0, 0x3, 0xff, 0x30, 0x0, 0x5, 0xff, 0x20,
    0x0, 0xaf, 0xc0, 0x0, 0xd, 0xf8, 0x0, 0x0,
    0x1f, 0xf5, 0x0, 0x7f, 0xe0, 0x0, 0x0, 0x7,
    0xfe, 0x1, 0xff, 0x50, 0x0, 0x0, 0x0, 0xdf,
    0x8a, 0xfb, 0x0, 0x0, 0x0, 0x0, 0x4f, 0xff,
    0xf2, 0x0, 0x0, 0x0, 0x0, 0xa, 0xff, 0x80,
    0x0, 0x0, 0x0, 0x0, 0x2, 0xff, 0x0, 0x0,
    0x0, 0x0, 0x0, 0x2, 0xff, 0x0, 0x0, 0x0,
    0x0, 0x0, 0x2, 0xff, 0x0, 0x0, 0x0, 0x0,
    0x0, 0x2, 0xff, 0x0, 0x0, 0x0, 0x0, 0x0,
    0x2, 0xff, 0x0, 0x0, 0x0, 0x0, 0x0, 0x2,
    0xff, 0x0, 0x0, 0x0,

    /* U+1EF7 "ỷ" */
    0x0, 0x0, 0x0, 0x0, 0x0, 0x0, 0x0, 0xf,
    0xfc, 0x0, 0x0, 0x0, 0x0, 0x48, 0xf2, 0x0,
    0x0, 0x0, 0x0, 0xab, 0x0, 0x0, 0x0, 0x0,
    0x0, 0x0, 0x0, 0x6, 0xfd, 0x0, 0x0, 0xc,
    0xf7, 0x1f, 0xf2, 0x0, 0x1, 0xff, 0x10, 0xbf,
    0x80, 0x0, 0x6f, 0xc0, 0x5, 0xfd, 0x0, 0xb,
    0xf6, 0x0, 0xf, 0xf2, 0x0, 0xff, 0x10, 0x0,
    0xaf, 0x70, 0x5f, 0xb0, 0x0, 0x4, 0xfc, 0xa,
    0xf6, 0x0, 0x0, 0xe, 0xf2, 0xff, 0x0, 0x0,
    0x0, 0x9f, 0xbf, 0xa0, 0x0, 0x0, 0x3, 0xff,
    0xf5, 0x0, 0x0, 0x0, 0xe, 0xff, 0x0, 0x0,
    0x0, 0x0, 0x5f, 0xa0, 0x0, 0x0, 0xa, 0xcf,
    0xf3, 0x0, 0x0, 0x0, 0xef, 0xe7, 0x0, 0x0,
    0x0,

    /* U+1EF8 "Ỹ" */
    0x0, 0x0, 0x0, 0x0, 0x1, 0x0, 0x0, 0x0,
    0x0, 0x9f, 0xe5, 0x4f, 0x10, 0x0, 0x0, 0x2,
    0xf6, 0x9f, 0xf9, 0x0, 0x0, 0x0, 0x1, 0x30,
    0x2, 0x30, 0x0, 0x0, 0x0, 0x0, 0x0, 0x0,
    0x0, 0x0, 0x0, 0xd, 0xfa, 0x0, 0x0, 0x0,
    0xbf, 0xb0, 0x3, 0xff, 0x30, 0x0, 0x5, 0xff,
    0x20, 0x0, 0xaf, 0xc0, 0x0, 0xd, 0xf8, 0x0,
    0x0, 0x1f, 0xf5, 0x0, 0x7f, 0xe0, 0x0, 0x0,
    0x7, 0xfe, 0x1, 0xff, 0x50, 0x0, 0x0, 0x0,
    0xdf, 0x8a, 0xfb, 0x0, 0x0, 0x0, 0x0, 0x4f,
    0xff, 0xf2, 0x0, 0x0, 0x0, 0x0, 0xa, 0xff,
    0x80, 0x0, 0x0, 0x0, 0x0, 0x2, 0xff, 0x0,
    0x0, 0x0, 0x0, 0x0, 0x2, 0xff, 0x0, 0x0,
    0x0, 0x0, 0x0, 0x2, 0xff, 0x0, 0x0, 0x0,
    0x0, 0x0, 0x2, 0xff, 0x0, 0x0, 0x0, 0x0,
    0x0, 0x2, 0xff, 0x0, 0x0, 0x0, 0x0, 0x0,
    0x2, 0xff, 0x0, 0x0, 0x0,

    /* U+1EF9 "ỹ" */
    0x0, 0x0, 0x0, 0x10, 0x0, 0x0, 0x4, 0xef,
    0xff, 0xf8, 0x0, 0x0, 0x24, 0x54, 0x42, 0x0,
    0x0, 0x0, 0x0, 0x0, 0x0, 0x0, 0x6f, 0xd0,
    0x0, 0x0, 0xcf, 0x71, 0xff, 0x20, 0x0, 0x1f,
    0xf1, 0xb, 0xf8, 0x0, 0x6, 0xfc, 0x0, 0x5f,
    0xd0, 0x0, 0xbf, 0x60, 0x0, 0xff, 0x20, 0xf,
    0xf1, 0x0, 0xa, 0xf7, 0x5, 0xfb, 0x0, 0x0,
    0x4f, 0xc0, 0xaf, 0x60, 0x0, 0x0, 0xef, 0x2f,
    0xf0, 0x0, 0x0, 0x9, 0xfb, 0xfa, 0x0, 0x0,
    0x0, 0x3f, 0xff, 0x50, 0x0, 0x0, 0x0, 0xef,
    0xf0, 0x0, 0x0, 0x0, 0x5, 0xfa, 0x0, 0x0,
    0x0, 0xac, 0xff, 0x30, 0x0, 0x0, 0xe, 0xfe,
    0x70, 0x0, 0x0,

    /* U+2013 "–" */
    0x2e, 0xee, 0xee, 0xee, 0xee, 0xe0, 0x2f, 0xff,
    0xff, 0xff, 0xff, 0xf0,

    /* U+2014 "—" */
    0x2e, 0xee, 0xee, 0xee, 0xee, 0xee, 0xee, 0xee,
    0xe4, 0x2f, 0xff, 0xff, 0xff, 0xff, 0xff, 0xff,
    0xff, 0xf5,

    /* U+2015 "―" */
    0x12, 0x22, 0x22, 0x22, 0x22, 0x17, 0xff, 0xff,
    0xff, 0xff, 0xfc, 0x25, 0x55, 0x55, 0x55, 0x55,
    0x40,

    /* U+2016 "‖" */
    0x2f, 0x50, 0xcb, 0x2f, 0x50, 0xcb, 0x2f, 0x50,
    0xcb, 0x2f, 0x50, 0xcb, 0x2f, 0x50, 0xcb, 0x2f,
    0x50, 0xcb, 0x2f, 0x50, 0xcb, 0x2f, 0x50, 0xcb,
    0x2f, 0x50, 0xcb, 0x2f, 0x50, 0xcb, 0x2f, 0x50,
    0xcb, 0x2f, 0x50, 0xcb, 0x2f, 0x50, 0xcb, 0x2f,
    0x50, 0xcb, 0x2f, 0x50, 0xcb, 0x2f, 0x50, 0xcb,
    0x18, 0x20, 0x65,

    /* U+2017 "‗" */
    0x1e, 0xee, 0xee, 0xee, 0xee, 0xe1, 0x1, 0x11,
    0x11, 0x11, 0x11, 0x10, 0x1e, 0xee, 0xee, 0xee,
    0xee, 0xe1, 0x1, 0x11, 0x11, 0x11, 0x11, 0x10,

    /* U+2018 "‘" */
    0x1, 0xf3, 0x7, 0xd0, 0xd, 0x80, 0x1f, 0xf7,
    0x2f, 0xf7, 0x18, 0x84,

    /* U+2019 "’" */
    0x2f, 0xf7, 0x2f, 0xf7, 0x19, 0xf5, 0x5, 0xf0,
    0xa, 0x90, 0x8, 0x20,

    /* U+201A "‚" */
    0x18, 0x83, 0x2f, 0xf6, 0x2f, 0xf6, 0x3, 0xf1,
    0x9, 0xb0, 0xe, 0x50,

    /* U+201B "‛" */
    0xbf, 0x2b, 0xf2, 0xa5, 0x6, 0xa0, 0x9, 0x10,

    /* U+201C "“" */
    0x1, 0xf3, 0x6, 0xd0, 0x7, 0xd0, 0xc, 0x70,
    0xd, 0x80, 0x2f, 0x20, 0x1f, 0xf7, 0x7f, 0xf1,
    0x2f, 0xf7, 0x7f, 0xf1, 0x18, 0x84, 0x48, 0x80,

    /* U+201D "”" */
    0x2f, 0xf7, 0x7f, 0xf1, 0x2f, 0xf7, 0x7f, 0xf1,
    0x19, 0xf5, 0x4c, 0xf0, 0x5, 0xf0, 0xb, 0x90,
    0xa, 0x90, 0xf, 0x30, 0x8, 0x20, 0x28, 0x0,

    /* U+201E "„" */
    0x19, 0x93, 0x49, 0x90, 0x2f, 0xf6, 0x8f, 0xf1,
    0x2f, 0xf6, 0x8f, 0xf0, 0x3, 0xf1, 0x9, 0xc0,
    0x9, 0xb0, 0xe, 0x50, 0xe, 0x50, 0x4f, 0x0,

    /* U+201F "‟" */
    0x2f, 0xc1, 0xfc, 0x1f, 0xc1, 0xfc, 0x1e, 0x10,
    0xf1, 0xc, 0x30, 0xc4, 0x2, 0x80, 0x28,

    /* U+2020 "†" */
    0x0, 0x2, 0xfd, 0x0, 0x0, 0x0, 0x2f, 0xd0,
    0x0, 0x0, 0x2, 0xfd, 0x0, 0x4, 0xff, 0xff,
    0xff, 0xff, 0x3c, 0xcf, 0xff, 0xcc, 0xc0, 0x0,
    0x2f, 0xd0, 0x0, 0x0, 0x2, 0xfd, 0x0, 0x0,
    0x0, 0x2f, 0xd0, 0x0, 0x0, 0x2, 0xfd, 0x0,
    0x0, 0x0, 0x2f, 0xd0, 0x0, 0x0, 0x2, 0xfd,
    0x0, 0x0, 0x0, 0x2f, 0xd0, 0x0, 0x0, 0x2,
    0xfd, 0x0, 0x0, 0x0, 0x2f, 0xd0, 0x0,

    /* U+2021 "‡" */
    0x0, 0x2, 0xfd, 0x0, 0x0, 0x0, 0x2f, 0xd0,
    0x0, 0x0, 0x2, 0xfd, 0x0, 0x4, 0xff, 0xff,
    0xff, 0xff, 0x3c, 0xcf, 0xff, 0xcc, 0xc0, 0x0,
    0x2f, 0xd0, 0x0, 0x0, 0x2, 0xfd, 0x0, 0x0,
    0x0, 0x2f, 0xd0, 0x0, 0x0, 0x2, 0xfd, 0x0,
    0x4, 0xff, 0xff, 0xff, 0xff, 0x3d, 0xdf, 0xff,
    0xdd, 0xc0, 0x0, 0x2f, 0xd0, 0x0, 0x0, 0x2,
    0xfd, 0x0, 0x0, 0x0, 0x2f, 0xd0, 0x0,

    /* U+2022 "•" */
    0x2, 0xbc, 0x70, 0xd, 0xff, 0xf7, 0x2f, 0xff,
    0xfb, 0xe, 0xff, 0xf8, 0x3, 0xdf, 0xa0,

    /* U+2023 "‣" */
    0x20, 0x0, 0x0, 0xf9, 0x10, 0x0, 0xff, 0xe6,
    0x0, 0xff, 0xff, 0xc1, 0xff, 0xfd, 0x40, 0xff,
    0x70, 0x0, 0x91, 0x0, 0x0,

    /* U+2024 "․" */
    0x1, 0x3, 0xfc, 0x3f, 0xc0,

    /* U+2025 "‥" */
    0x1, 0x0, 0x0, 0x1, 0x3, 0xfc, 0x0, 0xa,
    0xf5, 0x3f, 0xc0, 0x0, 0xaf, 0x50,

    /* U+2026 "…" */
    0x18, 0x83, 0x18, 0x83, 0x18, 0x83, 0x2f, 0xf6,
    0x2f, 0xf6, 0x2f, 0xf6, 0x2f, 0xf6, 0x2f, 0xf6,
    0x2f, 0xf6,

    /* U+203A "›" */
    0x1, 0x10, 0x0, 0x0, 0xaf, 0xc0, 0x0, 0x0,
    0xcf, 0xa0, 0x0, 0x1, 0xef, 0x80, 0x0, 0x2,
    0xff, 0x10, 0x0, 0x3f, 0xf1, 0x0, 0x2e, 0xf7,
    0x0, 0xd, 0xf9, 0x0, 0xb, 0xfb, 0x0, 0x0,

    /* U+2713 "✓" */
    0x0, 0x0, 0x0, 0x0, 0x0, 0x0, 0x0, 0x0,
    0x0, 0x0, 0x0, 0x0, 0x0, 0x6e, 0xe2, 0x0,
    0x0, 0x0, 0x0, 0x0, 0x6f, 0xe2, 0x0, 0x0,
    0x0, 0x0, 0x0, 0x3f, 0xf3, 0x0, 0x0, 0x0,
    0x0, 0x0, 0x1e, 0xf7, 0x0, 0x0, 0x0, 0x0,
    0x0, 0x9, 0xfb, 0x0, 0x0, 0x0, 0x0, 0x0,
    0x4, 0xff, 0x10, 0x0, 0x0, 0x0, 0x0, 0x0,
    0xdf, 0x70, 0x0, 0x0, 0x0, 0x0, 0x0, 0x6f,
    0xd0, 0x0, 0x0, 0x0, 0x21, 0x0, 0xe, 0xf4,
    0x0, 0x0, 0x0, 0x6f, 0xf5, 0x6, 0xfc, 0x0,
    0x0, 0x0, 0x5, 0xff, 0xf3, 0xef, 0x40, 0x0,
    0x0, 0x0, 0x8, 0xff, 0xff, 0xd0, 0x0, 0x0,
    0x0, 0x0, 0xc, 0xff, 0xf6, 0x0, 0x0, 0x0,
    0x0, 0x0, 0x1e, 0xfe, 0x0, 0x0, 0x0, 0x0,
    0x0, 0x0, 0x12, 0x0, 0x0, 0x0, 0x0, 0x0,

    /* U+2717 "✗" */
    0x0, 0x9, 0x40, 0x0, 0x0, 0x30, 0x0, 0xf,
    0xf2, 0x0, 0xb, 0xf3, 0x0, 0xb, 0xfb, 0x0,
    0xaf, 0x70, 0x0, 0x7, 0xff, 0x3a, 0xfb, 0x0,
    0x0, 0x3, 0xff, 0xff, 0xf2, 0x0, 0x0, 0x0,
    0xff, 0xff, 0x70, 0x0, 0x0, 0x0, 0xcf, 0xfc,
    0x0, 0x0, 0x0, 0x3, 0xff, 0xf7, 0x0, 0x0,
    0x0, 0x1e, 0xff, 0xf9, 0x0, 0x0, 0x0, 0xdf,
    0xff, 0xfe, 0x0, 0x0, 0xb, 0xff, 0x87, 0xff,
    0x60, 0x0, 0x8f, 0xf9, 0x0, 0xdf, 0xd0, 0x0,
    0xdf, 0xa0, 0x0, 0x1b, 0xf3, 0x0, 0x3a, 0x0,
    0x0, 0x0, 0x30, 0x0, 0x0, 0x0, 0x0, 0x0,
    0x0, 0x0
};


/*---------------------
 *  GLYPH DESCRIPTION
 *--------------------*/

static const lv_font_fmt_txt_glyph_dsc_t glyph_dsc[] = {
    {.bitmap_index = 0, .adv_w = 0, .box_w = 0, .box_h = 0, .ofs_x = 0, .ofs_y = 0} /* id = 0 reserved */,
    {.bitmap_index = 0, .adv_w = 78, .box_w = 0, .box_h = 0, .ofs_x = 0, .ofs_y = 0},
    {.bitmap_index = 0, .adv_w = 73, .box_w = 4, .box_h = 14, .ofs_x = 0, .ofs_y = 0},
    {.bitmap_index = 28, .adv_w = 116, .box_w = 7, .box_h = 6, .ofs_x = 0, .ofs_y = 8},
    {.bitmap_index = 49, .adv_w = 165, .box_w = 12, .box_h = 14, .ofs_x = -1, .ofs_y = 0},
    {.bitmap_index = 133, .adv_w = 206, .box_w = 11, .box_h = 19, .ofs_x = 1, .ofs_y = -2},
    {.bitmap_index = 238, .adv_w = 259, .box_w = 16, .box_h = 14, .ofs_x = 0, .ofs_y = 0},
    {.bitmap_index = 350, .adv_w = 208, .box_w = 13, .box_h = 14, .ofs_x = 0, .ofs_y = 0},
    {.bitmap_index = 441, .adv_w = 60, .box_w = 3, .box_h = 6, .ofs_x = 0, .ofs_y = 8},
    {.bitmap_index = 450, .adv_w = 93, .box_w = 6, .box_h = 18, .ofs_x = 0, .ofs_y = -2},
    {.bitmap_index = 504, .adv_w = 93, .box_w = 5, .box_h = 18, .ofs_x = 0, .ofs_y = -2},
    {.bitmap_index = 549, .adv_w = 137, .box_w = 8, .box_h = 8, .ofs_x = 0, .ofs_y = 7},
    {.bitmap_index = 581, .adv_w = 180, .box_w = 11, .box_h = 10, .ofs_x = 0, .ofs_y = 1},
    {.bitmap_index = 636, .adv_w = 68, .box_w = 4, .box_h = 6, .ofs_x = 0, .ofs_y = -3},
    {.bitmap_index = 648, .adv_w = 134, .box_w = 8, .box_h = 2, .ofs_x = 0, .ofs_y = 5},
    {.bitmap_index = 656, .adv_w = 68, .box_w = 4, .box_h = 3, .ofs_x = 0, .ofs_y = 0},
    {.bitmap_index = 662, .adv_w = 158, .box_w = 9, .box_h = 18, .ofs_x = 0, .ofs_y = -2},
    {.bitmap_index = 743, .adv_w = 215, .box_w = 13, .box_h = 14, .ofs_x = 0, .ofs_y = 0},
    {.bitmap_index = 834, .adv_w = 130, .box_w = 6, .box_h = 14, .ofs_x = 0, .ofs_y = 0},
    {.bitmap_index = 876, .adv_w = 202, .box_w = 11, .box_h = 14, .ofs_x = 1, .ofs_y = 0},
    {.bitmap_index = 953, .adv_w = 200, .box_w = 12, .box_h = 14, .ofs_x = 0, .ofs_y = 0},
    {.bitmap_index = 1037, .adv_w = 201, .box_w = 12, .box_h = 14, .ofs_x = 0, .ofs_y = 0},
    {.bitmap_index = 1121, .adv_w = 205, .box_w = 11, .box_h = 14, .ofs_x = 1, .ofs_y = 0},
    {.bitmap_index = 1198, .adv_w = 193, .box_w = 12, .box_h = 14, .ofs_x = 0, .ofs_y = 0},
    {.bitmap_index = 1282, .adv_w = 170, .box_w = 11, .box_h = 14, .ofs_x = 0, .ofs_y = 0},
    {.bitmap_index = 1359, .adv_w = 200, .box_w = 12, .box_h = 14, .ofs_x = 0, .ofs_y = 0},
    {.bitmap_index = 1443, .adv_w = 194, .box_w = 12, .box_h = 14, .ofs_x = 0, .ofs_y = 0},
    {.bitmap_index = 1527, .adv_w = 97, .box_w = 4, .box_h = 10, .ofs_x = 1, .ofs_y = 0},
    {.bitmap_index = 1547, .adv_w = 97, .box_w = 4, .box_h = 14, .ofs_x = 1, .ofs_y = -3},
    {.bitmap_index = 1575, .adv_w = 175, .box_w = 10, .box_h = 12, .ofs_x = 0, .ofs_y = 0},
    {.bitmap_index = 1635, .adv_w = 174, .box_w = 11, .box_h = 6, .ofs_x = 0, .ofs_y = 3},
    {.bitmap_index = 1668, .adv_w = 175, .box_w = 10, .box_h = 12, .ofs_x = 1, .ofs_y = 0},
    {.bitmap_index = 1728, .adv_w = 182, .box_w = 11, .box_h = 14, .ofs_x = 0, .ofs_y = 0},
    {.bitmap_index = 1805, .adv_w = 296, .box_w = 18, .box_h = 17, .ofs_x = 0, .ofs_y = -3},
    {.bitmap_index = 1958, .adv_w = 220, .box_w = 14, .box_h = 14, .ofs_x = 0, .ofs_y = 0},
    {.bitmap_index = 2056, .adv_w = 220, .box_w = 12, .box_h = 14, .ofs_x = 1, .ofs_y = 0},
    {.bitmap_index = 2140, .adv_w = 228, .box_w = 14, .box_h = 14, .ofs_x = 0, .ofs_y = 0},
    {.bitmap_index = 2238, .adv_w = 224, .box_w = 13, .box_h = 14, .ofs_x = 1, .ofs_y = 0},
    {.bitmap_index = 2329, .adv_w = 195, .box_w = 11, .box_h = 14, .ofs_x = 1, .ofs_y = 0},
    {.bitmap_index = 2406, .adv_w = 190, .box_w = 10, .box_h = 14, .ofs_x = 1, .ofs_y = 0},
    {.bitmap_index = 2476, .adv_w = 228, .box_w = 14, .box_h = 14, .ofs_x = 0, .ofs_y = 0},
    {.bitmap_index = 2574, .adv_w = 229, .box_w = 12, .box_h = 14, .ofs_x = 1, .ofs_y = 0},
    {.bitmap_index = 2658, .adv_w = 90, .box_w = 3, .box_h = 14, .ofs_x = 1, .ofs_y = 0},
    {.bitmap_index = 2679, .adv_w = 194, .box_w = 10, .box_h = 14, .ofs_x = 1, .ofs_y = 0},
    {.bitmap_index = 2749, .adv_w = 210, .box_w = 12, .box_h = 14, .ofs_x = 1, .ofs_y = 0},
    {.bitmap_index = 2833, .adv_w = 187, .box_w = 10, .box_h = 14, .ofs_x = 1, .ofs_y = 0},
    {.bitmap_index = 2903, .adv_w = 285, .box_w = 16, .box_h = 14, .ofs_x = 1, .ofs_y = 0},
    {.bitmap_index = 3015, .adv_w = 238, .box_w = 13, .box_h = 14, .ofs_x = 1, .ofs_y = 0},
    {.bitmap_index = 3106, .adv_w = 240, .box_w = 15, .box_h = 14, .ofs_x = 0, .ofs_y = 0},
    {.bitmap_index = 3211, .adv_w = 210, .box_w = 12, .box_h = 14, .ofs_x = 1, .ofs_y = 0},
    {.bitmap_index = 3295, .adv_w = 238, .box_w = 15, .box_h = 15, .ofs_x = 0, .ofs_y = -1},
    {.bitmap_index = 3408, .adv_w = 218, .box_w = 12, .box_h = 14, .ofs_x = 1, .ofs_y = 0},
    {.bitmap_index = 3492, .adv_w = 209, .box_w = 11, .box_h = 14, .ofs_x = 1, .ofs_y = 0},
    {.bitmap_index = 3569, .adv_w = 182, .box_w = 12, .box_h = 14, .ofs_x = 0, .ofs_y = 0},
    {.bitmap_index = 3653, .adv_w = 222, .box_w = 12, .box_h = 14, .ofs_x = 1, .ofs_y = 0},
    {.bitmap_index = 3737, .adv_w = 220, .box_w = 14, .box_h = 14, .ofs_x = 0, .ofs_y = 0},
    {.bitmap_index = 3835, .adv_w = 310, .box_w = 19, .box_h = 14, .ofs_x = 0, .ofs_y = 0},
    {.bitmap_index = 3968, .adv_w = 203, .box_w = 13, .box_h = 14, .ofs_x = 0, .ofs_y = 0},
    {.bitmap_index = 4059, .adv_w = 190, .box_w = 14, .box_h = 14, .ofs_x = -1, .ofs_y = 0},
    {.bitmap_index = 4157, .adv_w = 180, .box_w = 11, .box_h = 14, .ofs_x = 0, .ofs_y = 0},
    {.bitmap_index = 4234, .adv_w = 116, .box_w = 6, .box_h = 18, .ofs_x = 1, .ofs_y = -2},
    {.bitmap_index = 4288, .adv_w = 150, .box_w = 9, .box_h = 18, .ofs_x = 0, .ofs_y = -2},
    {.bitmap_index = 4369, .adv_w = 116, .box_w = 6, .box_h = 18, .ofs_x = 0, .ofs_y = -2},
    {.bitmap_index = 4423, .adv_w = 140, .box_w = 8, .box_h = 6, .ofs_x = 0, .ofs_y = 8},
    {.bitmap_index = 4447, .adv_w = 179, .box_w = 11, .box_h = 2, .ofs_x = 0, .ofs_y = -2},
    {.bitmap_index = 4458, .adv_w = 83, .box_w = 5, .box_h = 3, .ofs_x = 0, .ofs_y = 12},
    {.bitmap_index = 4466, .adv_w = 181, .box_w = 11, .box_h = 11, .ofs_x = 0, .ofs_y = 0},
    {.bitmap_index = 4527, .adv_w = 195, .box_w = 11, .box_h = 14, .ofs_x = 1, .ofs_y = 0},
    {.bitmap_index = 4604, .adv_w = 180, .box_w = 11, .box_h = 11, .ofs_x = 0, .ofs_y = 0},
    {.bitmap_index = 4665, .adv_w = 195, .box_w = 11, .box_h = 14, .ofs_x = 0, .ofs_y = 0},
    {.bitmap_index = 4742, .adv_w = 184, .box_w = 11, .box_h = 11, .ofs_x = 0, .ofs_y = 0},
    {.bitmap_index = 4803, .adv_w = 132, .box_w = 7, .box_h = 14, .ofs_x = 1, .ofs_y = 0},
    {.bitmap_index = 4852, .adv_w = 194, .box_w = 11, .box_h = 14, .ofs_x = 0, .ofs_y = -3},
    {.bitmap_index = 4929, .adv_w = 189, .box_w = 10, .box_h = 14, .ofs_x = 1, .ofs_y = 0},
    {.bitmap_index = 4999, .adv_w = 82, .box_w = 3, .box_h = 14, .ofs_x = 1, .ofs_y = 0},
    {.bitmap_index = 5020, .adv_w = 91, .box_w = 6, .box_h = 17, .ofs_x = -1, .ofs_y = -3},
    {.bitmap_index = 5071, .adv_w = 195, .box_w = 11, .box_h = 14, .ofs_x = 1, .ofs_y = 0},
    {.bitmap_index = 5148, .adv_w = 90, .box_w = 5, .box_h = 14, .ofs_x = 1, .ofs_y = 0},
    {.bitmap_index = 5183, .adv_w = 283, .box_w = 16, .box_h = 11, .ofs_x = 1, .ofs_y = 0},
    {.bitmap_index = 5271, .adv_w = 189, .box_w = 10, .box_h = 11, .ofs_x = 1, .ofs_y = 0},
    {.bitmap_index = 5326, .adv_w = 188, .box_w = 11, .box_h = 11, .ofs_x = 0, .ofs_y = 0},
    {.bitmap_index = 5387, .adv_w = 195, .box_w = 11, .box_h = 14, .ofs_x = 1, .ofs_y = -3},
    {.bitmap_index = 5464, .adv_w = 195, .box_w = 11, .box_h = 14, .ofs_x = 0, .ofs_y = -3},
    {.bitmap_index = 5541, .adv_w = 126, .box_w = 7, .box_h = 11, .ofs_x = 1, .ofs_y = 0},
    {.bitmap_index = 5580, .adv_w = 172, .box_w = 10, .box_h = 11, .ofs_x = 0, .ofs_y = 0},
    {.bitmap_index = 5635, .adv_w = 131, .box_w = 7, .box_h = 14, .ofs_x = 1, .ofs_y = 0},
    {.bitmap_index = 5684, .adv_w = 188, .box_w = 10, .box_h = 11, .ofs_x = 1, .ofs_y = 0},
    {.bitmap_index = 5739, .adv_w = 179, .box_w = 11, .box_h = 11, .ofs_x = 0, .ofs_y = 0},
    {.bitmap_index = 5800, .adv_w = 265, .box_w = 17, .box_h = 11, .ofs_x = 0, .ofs_y = 0},
    {.bitmap_index = 5894, .adv_w = 194, .box_w = 12, .box_h = 11, .ofs_x = 0, .ofs_y = 0},
    {.bitmap_index = 5960, .adv_w = 177, .box_w = 11, .box_h = 14, .ofs_x = 0, .ofs_y = -3},
    {.bitmap_index = 6037, .adv_w = 177, .box_w = 10, .box_h = 11, .ofs_x = 1, .ofs_y = 0},
    {.bitmap_index = 6092, .adv_w = 126, .box_w = 8, .box_h = 18, .ofs_x = 0, .ofs_y = -2},
    {.bitmap_index = 6164, .adv_w = 88, .box_w = 3, .box_h = 18, .ofs_x = 1, .ofs_y = -2},
    {.bitmap_index = 6191, .adv_w = 126, .box_w = 8, .box_h = 18, .ofs_x = 0, .ofs_y = -2},
    {.bitmap_index = 6263, .adv_w = 167, .box_w = 10, .box_h = 4, .ofs_x = 0, .ofs_y = 5},
    {.bitmap_index = 6283, .adv_w = 78, .box_w = 0, .box_h = 0, .ofs_x = 0, .ofs_y = 0},
    {.bitmap_index = 6283, .adv_w = 73, .box_w = 4, .box_h = 14, .ofs_x = 0, .ofs_y = -3},
    {.bitmap_index = 6311, .adv_w = 180, .box_w = 11, .box_h = 14, .ofs_x = 0, .ofs_y = 0},
    {.bitmap_index = 6388, .adv_w = 199, .box_w = 11, .box_h = 14, .ofs_x = 1, .ofs_y = 0},
    {.bitmap_index = 6465, .adv_w = 201, .box_w = 12, .box_h = 12, .ofs_x = 0, .ofs_y = 1},
    {.bitmap_index = 6537, .adv_w = 190, .box_w = 14, .box_h = 14, .ofs_x = -1, .ofs_y = 0},
    {.bitmap_index = 6635, .adv_w = 88, .box_w = 3, .box_h = 18, .ofs_x = 1, .ofs_y = -2},
    {.bitmap_index = 6662, .adv_w = 182, .box_w = 10, .box_h = 16, .ofs_x = 1, .ofs_y = -2},
    {.bitmap_index = 6742, .adv_w = 121, .box_w = 7, .box_h = 3, .ofs_x = 0, .ofs_y = 12},
    {.bitmap_index = 6753, .adv_w = 264, .box_w = 16, .box_h = 15, .ofs_x = 0, .ofs_y = 0},
    {.bitmap_index = 6873, .adv_w = 132, .box_w = 8, .box_h = 8, .ofs_x = 0, .ofs_y = 6},
    {.bitmap_index = 6905, .adv_w = 182, .box_w = 11, .box_h = 9, .ofs_x = 0, .ofs_y = 2},
    {.bitmap_index = 6955, .adv_w = 161, .box_w = 10, .box_h = 6, .ofs_x = 0, .ofs_y = 1},
    {.bitmap_index = 6985, .adv_w = 107, .box_w = 7, .box_h = 2, .ofs_x = 0, .ofs_y = 4},
    {.bitmap_index = 6992, .adv_w = 205, .box_w = 12, .box_h = 13, .ofs_x = 0, .ofs_y = 3},
    {.bitmap_index = 7070, .adv_w = 116, .box_w = 7, .box_h = 2, .ofs_x = 0, .ofs_y = 13},
    {.bitmap_index = 7077, .adv_w = 132, .box_w = 8, .box_h = 7, .ofs_x = 0, .ofs_y = 8},
    {.bitmap_index = 7105, .adv_w = 173, .box_w = 11, .box_h = 12, .ofs_x = 0, .ofs_y = 0},
    {.bitmap_index = 7171, .adv_w = 114, .box_w = 7, .box_h = 8, .ofs_x = 0, .ofs_y = 6},
    {.bitmap_index = 7199, .adv_w = 110, .box_w = 7, .box_h = 8, .ofs_x = 0, .ofs_y = 6},
    {.bitmap_index = 7227, .adv_w = 83, .box_w = 5, .box_h = 3, .ofs_x = 0, .ofs_y = 12},
    {.bitmap_index = 7235, .adv_w = 188, .box_w = 10, .box_h = 14, .ofs_x = 1, .ofs_y = -3},
    {.bitmap_index = 7305, .adv_w = 198, .box_w = 11, .box_h = 14, .ofs_x = 0, .ofs_y = 0},
    {.bitmap_index = 7382, .adv_w = 68, .box_w = 4, .box_h = 3, .ofs_x = 0, .ofs_y = 5},
    {.bitmap_index = 7388, .adv_w = 103, .box_w = 6, .box_h = 6, .ofs_x = 0, .ofs_y = -5},
    {.bitmap_index = 7406, .adv_w = 82, .box_w = 4, .box_h = 8, .ofs_x = 0, .ofs_y = 6},
    {.bitmap_index = 7422, .adv_w = 137, .box_w = 8, .box_h = 8, .ofs_x = 0, .ofs_y = 6},
    {.bitmap_index = 7454, .adv_w = 184, .box_w = 11, .box_h = 9, .ofs_x = 0, .ofs_y = 2},
    {.bitmap_index = 7504, .adv_w = 240, .box_w = 15, .box_h = 14, .ofs_x = 0, .ofs_y = 0},
    {.bitmap_index = 7609, .adv_w = 261, .box_w = 16, .box_h = 16, .ofs_x = 0, .ofs_y = -1},
    {.bitmap_index = 7737, .adv_w = 257, .box_w = 16, .box_h = 15, .ofs_x = 0, .ofs_y = 0},
    {.bitmap_index = 7857, .adv_w = 182, .box_w = 11, .box_h = 15, .ofs_x = 0, .ofs_y = -3},
    {.bitmap_index = 7940, .adv_w = 220, .box_w = 14, .box_h = 19, .ofs_x = 0, .ofs_y = 0},
    {.bitmap_index = 8073, .adv_w = 220, .box_w = 14, .box_h = 19, .ofs_x = 0, .ofs_y = 0},
    {.bitmap_index = 8206, .adv_w = 220, .box_w = 14, .box_h = 19, .ofs_x = 0, .ofs_y = 0},
    {.bitmap_index = 8339, .adv_w = 220, .box_w = 14, .box_h = 19, .ofs_x = 0, .ofs_y = 0},
    {.bitmap_index = 8472, .adv_w = 220, .box_w = 14, .box_h = 18, .ofs_x = 0, .ofs_y = 0},
    {.bitmap_index = 8598, .adv_w = 221, .box_w = 14, .box_h = 19, .ofs_x = 0, .ofs_y = 0},
    {.bitmap_index = 8731, .adv_w = 318, .box_w = 19, .box_h = 14, .ofs_x = 0, .ofs_y = 0},
    {.bitmap_index = 8864, .adv_w = 228, .box_w = 14, .box_h = 19, .ofs_x = 0, .ofs_y = -5},
    {.bitmap_index = 8997, .adv_w = 195, .box_w = 11, .box_h = 19, .ofs_x = 1, .ofs_y = 0},
    {.bitmap_index = 9102, .adv_w = 195, .box_w = 11, .box_h = 19, .ofs_x = 1, .ofs_y = 0},
    {.bitmap_index = 9207, .adv_w = 195, .box_w = 11, .box_h = 19, .ofs_x = 1, .ofs_y = 0},
    {.bitmap_index = 9312, .adv_w = 195, .box_w = 11, .box_h = 18, .ofs_x = 1, .ofs_y = 0},
    {.bitmap_index = 9411, .adv_w = 90, .box_w = 4, .box_h = 19, .ofs_x = 0, .ofs_y = 0},
    {.bitmap_index = 9449, .adv_w = 90, .box_w = 5, .box_h = 19, .ofs_x = 1, .ofs_y = 0},
    {.bitmap_index = 9497, .adv_w = 90, .box_w = 7, .box_h = 19, .ofs_x = -1, .ofs_y = 0},
    {.bitmap_index = 9564, .adv_w = 90, .box_w = 7, .box_h = 18, .ofs_x = -1, .ofs_y = 0},
    {.bitmap_index = 9627, .adv_w = 224, .box_w = 14, .box_h = 14, .ofs_x = 0, .ofs_y = 0},
    {.bitmap_index = 9725, .adv_w = 238, .box_w = 13, .box_h = 19, .ofs_x = 1, .ofs_y = 0},
    {.bitmap_index = 9849, .adv_w = 240, .box_w = 15, .box_h = 19, .ofs_x = 0, .ofs_y = 0},
    {.bitmap_index = 9992, .adv_w = 240, .box_w = 15, .box_h = 19, .ofs_x = 0, .ofs_y = 0},
    {.bitmap_index = 10135, .adv_w = 240, .box_w = 15, .box_h = 19, .ofs_x = 0, .ofs_y = 0},
    {.bitmap_index = 10278, .adv_w = 240, .box_w = 15, .box_h = 20, .ofs_x = 0, .ofs_y = 0},
    {.bitmap_index = 10428, .adv_w = 240, .box_w = 15, .box_h = 19, .ofs_x = 0, .ofs_y = 0},
    {.bitmap_index = 10571, .adv_w = 165, .box_w = 10, .box_h = 10, .ofs_x = 0, .ofs_y = 1},
    {.bitmap_index = 10621, .adv_w = 240, .box_w = 15, .box_h = 14, .ofs_x = 0, .ofs_y = 0},
    {.bitmap_index = 10726, .adv_w = 222, .box_w = 12, .box_h = 19, .ofs_x = 1, .ofs_y = 0},
    {.bitmap_index = 10840, .adv_w = 222, .box_w = 12, .box_h = 19, .ofs_x = 1, .ofs_y = 0},
    {.bitmap_index = 10954, .adv_w = 222, .box_w = 12, .box_h = 19, .ofs_x = 1, .ofs_y = 0},
    {.bitmap_index = 11068, .adv_w = 222, .box_w = 12, .box_h = 19, .ofs_x = 1, .ofs_y = 0},
    {.bitmap_index = 11182, .adv_w = 190, .box_w = 14, .box_h = 19, .ofs_x = -1, .ofs_y = 0},
    {.bitmap_index = 11315, .adv_w = 201, .box_w = 11, .box_h = 14, .ofs_x = 1, .ofs_y = 0},
    {.bitmap_index = 11392, .adv_w = 195, .box_w = 11, .box_h = 14, .ofs_x = 1, .ofs_y = 0},
    {.bitmap_index = 11469, .adv_w = 181, .box_w = 11, .box_h = 14, .ofs_x = 0, .ofs_y = 0},
    {.bitmap_index = 11546, .adv_w = 181, .box_w = 11, .box_h = 14, .ofs_x = 0, .ofs_y = 0},
    {.bitmap_index = 11623, .adv_w = 181, .box_w = 11, .box_h = 15, .ofs_x = 0, .ofs_y = 0},
    {.bitmap_index = 11706, .adv_w = 181, .box_w = 11, .box_h = 15, .ofs_x = 0, .ofs_y = 0},
    {.bitmap_index = 11789, .adv_w = 181, .box_w = 11, .box_h = 14, .ofs_x = 0, .ofs_y = 0},
    {.bitmap_index = 11866, .adv_w = 181, .box_w = 11, .box_h = 16, .ofs_x = 0, .ofs_y = 0},
    {.bitmap_index = 11954, .adv_w = 298, .box_w = 18, .box_h = 11, .ofs_x = 0, .ofs_y = 0},
    {.bitmap_index = 12053, .adv_w = 180, .box_w = 11, .box_h = 16, .ofs_x = 0, .ofs_y = -5},
    {.bitmap_index = 12141, .adv_w = 184, .box_w = 11, .box_h = 14, .ofs_x = 0, .ofs_y = 0},
    {.bitmap_index = 12218, .adv_w = 184, .box_w = 11, .box_h = 14, .ofs_x = 0, .ofs_y = 0},
    {.bitmap_index = 12295, .adv_w = 184, .box_w = 11, .box_h = 14, .ofs_x = 0, .ofs_y = 0},
    {.bitmap_index = 12372, .adv_w = 184, .box_w = 11, .box_h = 14, .ofs_x = 0, .ofs_y = 0},
    {.bitmap_index = 12449, .adv_w = 82, .box_w = 4, .box_h = 14, .ofs_x = 0, .ofs_y = 0},
    {.bitmap_index = 12477, .adv_w = 82, .box_w = 5, .box_h = 14, .ofs_x = 1, .ofs_y = 0},
    {.bitmap_index = 12512, .adv_w = 82, .box_w = 7, .box_h = 15, .ofs_x = -1, .ofs_y = 0},
    {.bitmap_index = 12565, .adv_w = 82, .box_w = 5, .box_h = 14, .ofs_x = 0, .ofs_y = 0},
    {.bitmap_index = 12600, .adv_w = 188, .box_w = 12, .box_h = 15, .ofs_x = 0, .ofs_y = 0},
    {.bitmap_index = 12690, .adv_w = 189, .box_w = 10, .box_h = 15, .ofs_x = 1, .ofs_y = 0},
    {.bitmap_index = 12765, .adv_w = 188, .box_w = 11, .box_h = 14, .ofs_x = 0, .ofs_y = 0},
    {.bitmap_index = 12842, .adv_w = 188, .box_w = 11, .box_h = 14, .ofs_x = 0, .ofs_y = 0},
    {.bitmap_index = 12919, .adv_w = 188, .box_w = 11, .box_h = 15, .ofs_x = 0, .ofs_y = 0},
    {.bitmap_index = 13002, .adv_w = 188, .box_w = 11, .box_h = 15, .ofs_x = 0, .ofs_y = 0},
    {.bitmap_index = 13085, .adv_w = 188, .box_w = 11, .box_h = 14, .ofs_x = 0, .ofs_y = 0},
    {.bitmap_index = 13162, .adv_w = 175, .box_w = 11, .box_h = 10, .ofs_x = 0, .ofs_y = 1},
    {.bitmap_index = 13217, .adv_w = 188, .box_w = 11, .box_h = 11, .ofs_x = 0, .ofs_y = 0},
    {.bitmap_index = 13278, .adv_w = 188, .box_w = 10, .box_h = 14, .ofs_x = 1, .ofs_y = 0},
    {.bitmap_index = 13348, .adv_w = 188, .box_w = 10, .box_h = 14, .ofs_x = 1, .ofs_y = 0},
    {.bitmap_index = 13418, .adv_w = 188, .box_w = 10, .box_h = 15, .ofs_x = 1, .ofs_y = 0},
    {.bitmap_index = 13493, .adv_w = 188, .box_w = 10, .box_h = 14, .ofs_x = 1, .ofs_y = 0},
    {.bitmap_index = 13563, .adv_w = 177, .box_w = 11, .box_h = 17, .ofs_x = 0, .ofs_y = -3},
    {.bitmap_index = 13657, .adv_w = 194, .box_w = 11, .box_h = 17, .ofs_x = 1, .ofs_y = -3},
    {.bitmap_index = 13751, .adv_w = 177, .box_w = 11, .box_h = 17, .ofs_x = 0, .ofs_y = -3},
    {.bitmap_index = 13845, .adv_w = 220, .box_w = 14, .box_h = 18, .ofs_x = 0, .ofs_y = 0},
    {.bitmap_index = 13971, .adv_w = 181, .box_w = 11, .box_h = 14, .ofs_x = 0, .ofs_y = 0},
    {.bitmap_index = 14048, .adv_w = 220, .box_w = 14, .box_h = 19, .ofs_x = 0, .ofs_y = 0},
    {.bitmap_index = 14181, .adv_w = 181, .box_w = 11, .box_h = 15, .ofs_x = 0, .ofs_y = 0},
    {.bitmap_index = 14264, .adv_w = 220, .box_w = 15, .box_h = 19, .ofs_x = 0, .ofs_y = -5},
    {.bitmap_index = 14407, .adv_w = 181, .box_w = 12, .box_h = 15, .ofs_x = 0, .ofs_y = -4},
    {.bitmap_index = 14497, .adv_w = 228, .box_w = 14, .box_h = 19, .ofs_x = 0, .ofs_y = 0},
    {.bitmap_index = 14630, .adv_w = 180, .box_w = 11, .box_h = 14, .ofs_x = 0, .ofs_y = 0},
    {.bitmap_index = 14707, .adv_w = 228, .box_w = 14, .box_h = 19, .ofs_x = 0, .ofs_y = 0},
    {.bitmap_index = 14840, .adv_w = 180, .box_w = 11, .box_h = 15, .ofs_x = 0, .ofs_y = 0},
    {.bitmap_index = 14923, .adv_w = 228, .box_w = 14, .box_h = 19, .ofs_x = 0, .ofs_y = 0},
    {.bitmap_index = 15056, .adv_w = 180, .box_w = 11, .box_h = 14, .ofs_x = 0, .ofs_y = 0},
    {.bitmap_index = 15133, .adv_w = 228, .box_w = 14, .box_h = 19, .ofs_x = 0, .ofs_y = 0},
    {.bitmap_index = 15266, .adv_w = 180, .box_w = 11, .box_h = 15, .ofs_x = 0, .ofs_y = 0},
    {.bitmap_index = 15349, .adv_w = 224, .box_w = 13, .box_h = 19, .ofs_x = 1, .ofs_y = 0},
    {.bitmap_index = 15473, .adv_w = 220, .box_w = 15, .box_h = 14, .ofs_x = 0, .ofs_y = 0},
    {.bitmap_index = 15578, .adv_w = 224, .box_w = 14, .box_h = 14, .ofs_x = 0, .ofs_y = 0},
    {.bitmap_index = 15676, .adv_w = 195, .box_w = 12, .box_h = 14, .ofs_x = 0, .ofs_y = 0},
    {.bitmap_index = 15760, .adv_w = 195, .box_w = 11, .box_h = 18, .ofs_x = 1, .ofs_y = 0},
    {.bitmap_index = 15859, .adv_w = 184, .box_w = 11, .box_h = 14, .ofs_x = 0, .ofs_y = 0},
    {.bitmap_index = 15936, .adv_w = 213, .box_w = 12, .box_h = 19, .ofs_x = 1, .ofs_y = 0},
    {.bitmap_index = 16050, .adv_w = 178, .box_w = 11, .box_h = 15, .ofs_x = 0, .ofs_y = 0},
    {.bitmap_index = 16133, .adv_w = 195, .box_w = 11, .box_h = 18, .ofs_x = 1, .ofs_y = 0},
    {.bitmap_index = 16232, .adv_w = 184, .box_w = 11, .box_h = 14, .ofs_x = 0, .ofs_y = 0},
    {.bitmap_index = 16309, .adv_w = 195, .box_w = 11, .box_h = 19, .ofs_x = 1, .ofs_y = -5},
    {.bitmap_index = 16414, .adv_w = 184, .box_w = 11, .box_h = 15, .ofs_x = 0, .ofs_y = -4},
    {.bitmap_index = 16497, .adv_w = 195, .box_w = 11, .box_h = 19, .ofs_x = 1, .ofs_y = 0},
    {.bitmap_index = 16602, .adv_w = 184, .box_w = 11, .box_h = 14, .ofs_x = 0, .ofs_y = 0},
    {.bitmap_index = 16679, .adv_w = 228, .box_w = 14, .box_h = 19, .ofs_x = 0, .ofs_y = 0},
    {.bitmap_index = 16812, .adv_w = 194, .box_w = 11, .box_h = 18, .ofs_x = 0, .ofs_y = -3},
    {.bitmap_index = 16911, .adv_w = 228, .box_w = 14, .box_h = 19, .ofs_x = 0, .ofs_y = 0},
    {.bitmap_index = 17044, .adv_w = 194, .box_w = 11, .box_h = 18, .ofs_x = 0, .ofs_y = -3},
    {.bitmap_index = 17143, .adv_w = 228, .box_w = 14, .box_h = 19, .ofs_x = 0, .ofs_y = 0},
    {.bitmap_index = 17276, .adv_w = 194, .box_w = 11, .box_h = 17, .ofs_x = 0, .ofs_y = -3},
    {.bitmap_index = 17370, .adv_w = 228, .box_w = 14, .box_h = 19, .ofs_x = 0, .ofs_y = -5},
    {.bitmap_index = 17503, .adv_w = 194, .box_w = 11, .box_h = 20, .ofs_x = 0, .ofs_y = -3},
    {.bitmap_index = 17613, .adv_w = 229, .box_w = 12, .box_h = 19, .ofs_x = 1, .ofs_y = 0},
    {.bitmap_index = 17727, .adv_w = 189, .box_w = 12, .box_h = 18, .ofs_x = -1, .ofs_y = 0},
    {.bitmap_index = 17835, .adv_w = 229, .box_w = 15, .box_h = 14, .ofs_x = 0, .ofs_y = 0},
    {.bitmap_index = 17940, .adv_w = 189, .box_w = 11, .box_h = 14, .ofs_x = 0, .ofs_y = 0},
    {.bitmap_index = 18017, .adv_w = 90, .box_w = 8, .box_h = 19, .ofs_x = -1, .ofs_y = 0},
    {.bitmap_index = 18093, .adv_w = 82, .box_w = 7, .box_h = 15, .ofs_x = -1, .ofs_y = 0},
    {.bitmap_index = 18146, .adv_w = 90, .box_w = 6, .box_h = 18, .ofs_x = 0, .ofs_y = 0},
    {.bitmap_index = 18200, .adv_w = 82, .box_w = 7, .box_h = 14, .ofs_x = -1, .ofs_y = 0},
    {.bitmap_index = 18249, .adv_w = 89, .box_w = 7, .box_h = 19, .ofs_x = -1, .ofs_y = 0},
    {.bitmap_index = 18316, .adv_w = 71, .box_w = 7, .box_h = 15, .ofs_x = -1, .ofs_y = 0},
    {.bitmap_index = 18369, .adv_w = 90, .box_w = 5, .box_h = 19, .ofs_x = 0, .ofs_y = -5},
    {.bitmap_index = 18417, .adv_w = 82, .box_w = 5, .box_h = 19, .ofs_x = 0, .ofs_y = -5},
    {.bitmap_index = 18465, .adv_w = 90, .box_w = 3, .box_h = 18, .ofs_x = 1, .ofs_y = 0},
    {.bitmap_index = 18492, .adv_w = 82, .box_w = 3, .box_h = 11, .ofs_x = 1, .ofs_y = 0},
    {.bitmap_index = 18509, .adv_w = 278, .box_w = 15, .box_h = 14, .ofs_x = 1, .ofs_y = 0},
    {.bitmap_index = 18614, .adv_w = 168, .box_w = 9, .box_h = 17, .ofs_x = 1, .ofs_y = -3},
    {.bitmap_index = 18691, .adv_w = 194, .box_w = 12, .box_h = 19, .ofs_x = 1, .ofs_y = 0},
    {.bitmap_index = 18805, .adv_w = 91, .box_w = 8, .box_h = 18, .ofs_x = -1, .ofs_y = -3},
    {.bitmap_index = 18877, .adv_w = 210, .box_w = 12, .box_h = 19, .ofs_x = 1, .ofs_y = -5},
    {.bitmap_index = 18991, .adv_w = 195, .box_w = 11, .box_h = 19, .ofs_x = 1, .ofs_y = -5},
    {.bitmap_index = 19096, .adv_w = 140, .box_w = 8, .box_h = 11, .ofs_x = 1, .ofs_y = 0},
    {.bitmap_index = 19140, .adv_w = 187, .box_w = 10, .box_h = 19, .ofs_x = 1, .ofs_y = 0},
    {.bitmap_index = 19235, .adv_w = 90, .box_w = 5, .box_h = 18, .ofs_x = 1, .ofs_y = 0},
    {.bitmap_index = 19280, .adv_w = 187, .box_w = 10, .box_h = 19, .ofs_x = 1, .ofs_y = -5},
    {.bitmap_index = 19375, .adv_w = 90, .box_w = 5, .box_h = 19, .ofs_x = 1, .ofs_y = -5},
    {.bitmap_index = 19423, .adv_w = 187, .box_w = 10, .box_h = 14, .ofs_x = 1, .ofs_y = 0},
    {.bitmap_index = 19493, .adv_w = 109, .box_w = 7, .box_h = 14, .ofs_x = 1, .ofs_y = 0},
    {.bitmap_index = 19542, .adv_w = 178, .box_w = 10, .box_h = 15, .ofs_x = 1, .ofs_y = 0},
    {.bitmap_index = 19617, .adv_w = 102, .box_w = 6, .box_h = 15, .ofs_x = 1, .ofs_y = 0},
    {.bitmap_index = 19662, .adv_w = 187, .box_w = 11, .box_h = 14, .ofs_x = 0, .ofs_y = 0},
    {.bitmap_index = 19739, .adv_w = 90, .box_w = 6, .box_h = 14, .ofs_x = 0, .ofs_y = 0},
    {.bitmap_index = 19781, .adv_w = 238, .box_w = 13, .box_h = 19, .ofs_x = 1, .ofs_y = 0},
    {.bitmap_index = 19905, .adv_w = 189, .box_w = 10, .box_h = 14, .ofs_x = 1, .ofs_y = 0},
    {.bitmap_index = 19975, .adv_w = 238, .box_w = 13, .box_h = 19, .ofs_x = 1, .ofs_y = -5},
    {.bitmap_index = 20099, .adv_w = 189, .box_w = 10, .box_h = 16, .ofs_x = 1, .ofs_y = -5},
    {.bitmap_index = 20179, .adv_w = 238, .box_w = 13, .box_h = 19, .ofs_x = 1, .ofs_y = 0},
    {.bitmap_index = 20303, .adv_w = 189, .box_w = 10, .box_h = 15, .ofs_x = 1, .ofs_y = 0},
    {.bitmap_index = 20378, .adv_w = 200, .box_w = 13, .box_h = 15, .ofs_x = -1, .ofs_y = 0},
    {.bitmap_index = 20476, .adv_w = 238, .box_w = 13, .box_h = 17, .ofs_x = 1, .ofs_y = -3},
    {.bitmap_index = 20587, .adv_w = 189, .box_w = 10, .box_h = 14, .ofs_x = 1, .ofs_y = -3},
    {.bitmap_index = 20657, .adv_w = 240, .box_w = 15, .box_h = 18, .ofs_x = 0, .ofs_y = 0},
    {.bitmap_index = 20792, .adv_w = 188, .box_w = 11, .box_h = 14, .ofs_x = 0, .ofs_y = 0},
    {.bitmap_index = 20869, .adv_w = 249, .box_w = 15, .box_h = 19, .ofs_x = 0, .ofs_y = 0},
    {.bitmap_index = 21012, .adv_w = 178, .box_w = 11, .box_h = 15, .ofs_x = 0, .ofs_y = 0},
    {.bitmap_index = 21095, .adv_w = 240, .box_w = 15, .box_h = 19, .ofs_x = 0, .ofs_y = 0},
    {.bitmap_index = 21238, .adv_w = 188, .box_w = 11, .box_h = 14, .ofs_x = 0, .ofs_y = 0},
    {.bitmap_index = 21315, .adv_w = 352, .box_w = 21, .box_h = 14, .ofs_x = 0, .ofs_y = 0},
    {.bitmap_index = 21462, .adv_w = 311, .box_w = 19, .box_h = 11, .ofs_x = 0, .ofs_y = 0},
    {.bitmap_index = 21567, .adv_w = 218, .box_w = 12, .box_h = 19, .ofs_x = 1, .ofs_y = 0},
    {.bitmap_index = 21681, .adv_w = 126, .box_w = 7, .box_h = 14, .ofs_x = 1, .ofs_y = 0},
    {.bitmap_index = 21730, .adv_w = 218, .box_w = 12, .box_h = 19, .ofs_x = 1, .ofs_y = -5},
    {.bitmap_index = 21844, .adv_w = 126, .box_w = 7, .box_h = 16, .ofs_x = 1, .ofs_y = -5},
    {.bitmap_index = 21900, .adv_w = 218, .box_w = 12, .box_h = 19, .ofs_x = 1, .ofs_y = 0},
    {.bitmap_index = 22014, .adv_w = 126, .box_w = 7, .box_h = 15, .ofs_x = 1, .ofs_y = 0},
    {.bitmap_index = 22067, .adv_w = 209, .box_w = 11, .box_h = 19, .ofs_x = 1, .ofs_y = 0},
    {.bitmap_index = 22172, .adv_w = 172, .box_w = 10, .box_h = 14, .ofs_x = 0, .ofs_y = 0},
    {.bitmap_index = 22242, .adv_w = 209, .box_w = 11, .box_h = 19, .ofs_x = 1, .ofs_y = 0},
    {.bitmap_index = 22347, .adv_w = 172, .box_w = 10, .box_h = 15, .ofs_x = 0, .ofs_y = 0},
    {.bitmap_index = 22422, .adv_w = 209, .box_w = 11, .box_h = 19, .ofs_x = 1, .ofs_y = -5},
    {.bitmap_index = 22527, .adv_w = 172, .box_w = 10, .box_h = 16, .ofs_x = 0, .ofs_y = -5},
    {.bitmap_index = 22607, .adv_w = 209, .box_w = 11, .box_h = 19, .ofs_x = 1, .ofs_y = 0},
    {.bitmap_index = 22712, .adv_w = 172, .box_w = 10, .box_h = 15, .ofs_x = 0, .ofs_y = 0},
    {.bitmap_index = 22787, .adv_w = 182, .box_w = 12, .box_h = 19, .ofs_x = 0, .ofs_y = -5},
    {.bitmap_index = 22901, .adv_w = 131, .box_w = 7, .box_h = 19, .ofs_x = 1, .ofs_y = -5},
    {.bitmap_index = 22968, .adv_w = 182, .box_w = 12, .box_h = 19, .ofs_x = 0, .ofs_y = 0},
    {.bitmap_index = 23082, .adv_w = 133, .box_w = 8, .box_h = 16, .ofs_x = 1, .ofs_y = 0},
    {.bitmap_index = 23146, .adv_w = 182, .box_w = 12, .box_h = 14, .ofs_x = 0, .ofs_y = 0},
    {.bitmap_index = 23230, .adv_w = 131, .box_w = 7, .box_h = 14, .ofs_x = 1, .ofs_y = 0},
    {.bitmap_index = 23279, .adv_w = 222, .box_w = 12, .box_h = 20, .ofs_x = 1, .ofs_y = 0},
    {.bitmap_index = 23399, .adv_w = 188, .box_w = 10, .box_h = 15, .ofs_x = 1, .ofs_y = 0},
    {.bitmap_index = 23474, .adv_w = 222, .box_w = 12, .box_h = 18, .ofs_x = 1, .ofs_y = 0},
    {.bitmap_index = 23582, .adv_w = 188, .box_w = 10, .box_h = 14, .ofs_x = 1, .ofs_y = 0},
    {.bitmap_index = 23652, .adv_w = 222, .box_w = 12, .box_h = 19, .ofs_x = 1, .ofs_y = 0},
    {.bitmap_index = 23766, .adv_w = 188, .box_w = 10, .box_h = 15, .ofs_x = 1, .ofs_y = 0},
    {.bitmap_index = 23841, .adv_w = 222, .box_w = 12, .box_h = 19, .ofs_x = 1, .ofs_y = 0},
    {.bitmap_index = 23955, .adv_w = 188, .box_w = 10, .box_h = 16, .ofs_x = 1, .ofs_y = 0},
    {.bitmap_index = 24035, .adv_w = 222, .box_w = 12, .box_h = 19, .ofs_x = 1, .ofs_y = 0},
    {.bitmap_index = 24149, .adv_w = 188, .box_w = 10, .box_h = 14, .ofs_x = 1, .ofs_y = 0},
    {.bitmap_index = 24219, .adv_w = 222, .box_w = 12, .box_h = 18, .ofs_x = 1, .ofs_y = -4},
    {.bitmap_index = 24327, .adv_w = 188, .box_w = 10, .box_h = 15, .ofs_x = 1, .ofs_y = -4},
    {.bitmap_index = 24402, .adv_w = 310, .box_w = 19, .box_h = 19, .ofs_x = 0, .ofs_y = 0},
    {.bitmap_index = 24583, .adv_w = 265, .box_w = 17, .box_h = 15, .ofs_x = 0, .ofs_y = 0},
    {.bitmap_index = 24711, .adv_w = 190, .box_w = 14, .box_h = 19, .ofs_x = -1, .ofs_y = 0},
    {.bitmap_index = 24844, .adv_w = 177, .box_w = 11, .box_h = 18, .ofs_x = 0, .ofs_y = -3},
    {.bitmap_index = 24943, .adv_w = 190, .box_w = 14, .box_h = 18, .ofs_x = -1, .ofs_y = 0},
    {.bitmap_index = 25069, .adv_w = 180, .box_w = 11, .box_h = 19, .ofs_x = 0, .ofs_y = 0},
    {.bitmap_index = 25174, .adv_w = 177, .box_w = 10, .box_h = 14, .ofs_x = 1, .ofs_y = 0},
    {.bitmap_index = 25244, .adv_w = 180, .box_w = 11, .box_h = 18, .ofs_x = 0, .ofs_y = 0},
    {.bitmap_index = 25343, .adv_w = 177, .box_w = 10, .box_h = 14, .ofs_x = 1, .ofs_y = 0},
    {.bitmap_index = 25413, .adv_w = 180, .box_w = 11, .box_h = 19, .ofs_x = 0, .ofs_y = 0},
    {.bitmap_index = 25518, .adv_w = 177, .box_w = 10, .box_h = 15, .ofs_x = 1, .ofs_y = 0},
    {.bitmap_index = 25593, .adv_w = 71, .box_w = 5, .box_h = 15, .ofs_x = 1, .ofs_y = 0},
    {.bitmap_index = 25631, .adv_w = 178, .box_w = 12, .box_h = 15, .ofs_x = -1, .ofs_y = 0},
    {.bitmap_index = 25721, .adv_w = 237, .box_w = 14, .box_h = 15, .ofs_x = 0, .ofs_y = 0},
    {.bitmap_index = 25826, .adv_w = 210, .box_w = 12, .box_h = 15, .ofs_x = 1, .ofs_y = 0},
    {.bitmap_index = 25916, .adv_w = 178, .box_w = 10, .box_h = 15, .ofs_x = 1, .ofs_y = 0},
    {.bitmap_index = 25991, .adv_w = 178, .box_w = 10, .box_h = 15, .ofs_x = 1, .ofs_y = 0},
    {.bitmap_index = 26066, .adv_w = 178, .box_w = 10, .box_h = 15, .ofs_x = 1, .ofs_y = 0},
    {.bitmap_index = 26141, .adv_w = 231, .box_w = 14, .box_h = 15, .ofs_x = 0, .ofs_y = 0},
    {.bitmap_index = 26246, .adv_w = 245, .box_w = 15, .box_h = 15, .ofs_x = 1, .ofs_y = 0},
    {.bitmap_index = 26359, .adv_w = 185, .box_w = 12, .box_h = 13, .ofs_x = 0, .ofs_y = 0},
    {.bitmap_index = 26437, .adv_w = 231, .box_w = 14, .box_h = 15, .ofs_x = 0, .ofs_y = 0},
    {.bitmap_index = 26542, .adv_w = 253, .box_w = 15, .box_h = 15, .ofs_x = 0, .ofs_y = 0},
    {.bitmap_index = 26655, .adv_w = 210, .box_w = 12, .box_h = 15, .ofs_x = 0, .ofs_y = 0},
    {.bitmap_index = 26745, .adv_w = 178, .box_w = 10, .box_h = 15, .ofs_x = 0, .ofs_y = 0},
    {.bitmap_index = 26820, .adv_w = 178, .box_w = 11, .box_h = 15, .ofs_x = 0, .ofs_y = -4},
    {.bitmap_index = 26903, .adv_w = 213, .box_w = 11, .box_h = 15, .ofs_x = 1, .ofs_y = 0},
    {.bitmap_index = 26986, .adv_w = 233, .box_w = 14, .box_h = 14, .ofs_x = 0, .ofs_y = 0},
    {.bitmap_index = 27084, .adv_w = 193, .box_w = 12, .box_h = 15, .ofs_x = 0, .ofs_y = 0},
    {.bitmap_index = 27174, .adv_w = 195, .box_w = 13, .box_h = 18, .ofs_x = -1, .ofs_y = -3},
    {.bitmap_index = 27291, .adv_w = 165, .box_w = 9, .box_h = 14, .ofs_x = 1, .ofs_y = 0},
    {.bitmap_index = 27354, .adv_w = 253, .box_w = 15, .box_h = 15, .ofs_x = 1, .ofs_y = 0},
    {.bitmap_index = 27467, .adv_w = 208, .box_w = 13, .box_h = 19, .ofs_x = 0, .ofs_y = -4},
    {.bitmap_index = 27591, .adv_w = 258, .box_w = 15, .box_h = 15, .ofs_x = 1, .ofs_y = 0},
    {.bitmap_index = 27704, .adv_w = 78, .box_w = 4, .box_h = 15, .ofs_x = 1, .ofs_y = 0},
    {.bitmap_index = 27734, .adv_w = 103, .box_w = 7, .box_h = 15, .ofs_x = 0, .ofs_y = 0},
    {.bitmap_index = 27787, .adv_w = 213, .box_w = 13, .box_h = 15, .ofs_x = 1, .ofs_y = 0},
    {.bitmap_index = 27885, .adv_w = 160, .box_w = 9, .box_h = 15, .ofs_x = 1, .ofs_y = 0},
    {.bitmap_index = 27953, .adv_w = 103, .box_w = 7, .box_h = 15, .ofs_x = 0, .ofs_y = 0},
    {.bitmap_index = 28006, .adv_w = 160, .box_w = 10, .box_h = 15, .ofs_x = 0, .ofs_y = 0},
    {.bitmap_index = 28081, .adv_w = 267, .box_w = 15, .box_h = 15, .ofs_x = 1, .ofs_y = 0},
    {.bitmap_index = 28194, .adv_w = 231, .box_w = 14, .box_h = 18, .ofs_x = -1, .ofs_y = -3},
    {.bitmap_index = 28320, .adv_w = 178, .box_w = 9, .box_h = 15, .ofs_x = 1, .ofs_y = -4},
    {.bitmap_index = 28388, .adv_w = 249, .box_w = 15, .box_h = 15, .ofs_x = 0, .ofs_y = 0},
    {.bitmap_index = 28501, .adv_w = 240, .box_w = 15, .box_h = 18, .ofs_x = 0, .ofs_y = 0},
    {.bitmap_index = 28636, .adv_w = 188, .box_w = 12, .box_h = 14, .ofs_x = 0, .ofs_y = 0},
    {.bitmap_index = 28720, .adv_w = 326, .box_w = 19, .box_h = 15, .ofs_x = 0, .ofs_y = 0},
    {.bitmap_index = 28863, .adv_w = 250, .box_w = 15, .box_h = 15, .ofs_x = 0, .ofs_y = -4},
    {.bitmap_index = 28976, .adv_w = 235, .box_w = 14, .box_h = 15, .ofs_x = 0, .ofs_y = 0},
    {.bitmap_index = 29081, .adv_w = 178, .box_w = 10, .box_h = 18, .ofs_x = 1, .ofs_y = -4},
    {.bitmap_index = 29171, .adv_w = 231, .box_w = 14, .box_h = 18, .ofs_x = 1, .ofs_y = -3},
    {.bitmap_index = 29297, .adv_w = 213, .box_w = 12, .box_h = 15, .ofs_x = 1, .ofs_y = 0},
    {.bitmap_index = 29387, .adv_w = 160, .box_w = 10, .box_h = 11, .ofs_x = 0, .ofs_y = 0},
    {.bitmap_index = 29442, .adv_w = 193, .box_w = 12, .box_h = 15, .ofs_x = 0, .ofs_y = 0},
    {.bitmap_index = 29532, .adv_w = 117, .box_w = 9, .box_h = 19, .ofs_x = 0, .ofs_y = -4},
    {.bitmap_index = 29618, .adv_w = 89, .box_w = 6, .box_h = 18, .ofs_x = 0, .ofs_y = -3},
    {.bitmap_index = 29672, .adv_w = 183, .box_w = 11, .box_h = 15, .ofs_x = 0, .ofs_y = 0},
    {.bitmap_index = 29755, .adv_w = 89, .box_w = 6, .box_h = 15, .ofs_x = 0, .ofs_y = 0},
    {.bitmap_index = 29800, .adv_w = 195, .box_w = 12, .box_h = 19, .ofs_x = 0, .ofs_y = -4},
    {.bitmap_index = 29914, .adv_w = 222, .box_w = 14, .box_h = 18, .ofs_x = 1, .ofs_y = 0},
    {.bitmap_index = 30040, .adv_w = 189, .box_w = 12, .box_h = 14, .ofs_x = 1, .ofs_y = 0},
    {.bitmap_index = 30124, .adv_w = 239, .box_w = 13, .box_h = 15, .ofs_x = 1, .ofs_y = 0},
    {.bitmap_index = 30222, .adv_w = 213, .box_w = 13, .box_h = 15, .ofs_x = 0, .ofs_y = 0},
    {.bitmap_index = 30320, .adv_w = 241, .box_w = 15, .box_h = 15, .ofs_x = 0, .ofs_y = 0},
    {.bitmap_index = 30433, .adv_w = 197, .box_w = 13, .box_h = 15, .ofs_x = 0, .ofs_y = -4},
    {.bitmap_index = 30531, .adv_w = 195, .box_w = 12, .box_h = 15, .ofs_x = 0, .ofs_y = 0},
    {.bitmap_index = 30621, .adv_w = 160, .box_w = 10, .box_h = 11, .ofs_x = 0, .ofs_y = 0},
    {.bitmap_index = 30676, .adv_w = 201, .box_w = 12, .box_h = 15, .ofs_x = 0, .ofs_y = 0},
    {.bitmap_index = 30766, .adv_w = 201, .box_w = 12, .box_h = 15, .ofs_x = 0, .ofs_y = 0},
    {.bitmap_index = 30856, .adv_w = 168, .box_w = 10, .box_h = 15, .ofs_x = 0, .ofs_y = -4},
    {.bitmap_index = 30931, .adv_w = 154, .box_w = 9, .box_h = 15, .ofs_x = 0, .ofs_y = -4},
    {.bitmap_index = 30999, .adv_w = 178, .box_w = 11, .box_h = 15, .ofs_x = 0, .ofs_y = 0},
    {.bitmap_index = 31082, .adv_w = 178, .box_w = 11, .box_h = 15, .ofs_x = 0, .ofs_y = 0},
    {.bitmap_index = 31165, .adv_w = 168, .box_w = 10, .box_h = 11, .ofs_x = 0, .ofs_y = 0},
    {.bitmap_index = 31220, .adv_w = 178, .box_w = 11, .box_h = 15, .ofs_x = 0, .ofs_y = 0},
    {.bitmap_index = 31303, .adv_w = 178, .box_w = 9, .box_h = 15, .ofs_x = 1, .ofs_y = -4},
    {.bitmap_index = 31371, .adv_w = 89, .box_w = 3, .box_h = 15, .ofs_x = 1, .ofs_y = 0},
    {.bitmap_index = 31394, .adv_w = 148, .box_w = 7, .box_h = 15, .ofs_x = 1, .ofs_y = 0},
    {.bitmap_index = 31447, .adv_w = 152, .box_w = 9, .box_h = 15, .ofs_x = 0, .ofs_y = 0},
    {.bitmap_index = 31515, .adv_w = 89, .box_w = 3, .box_h = 15, .ofs_x = 1, .ofs_y = 0},
    {.bitmap_index = 31538, .adv_w = 427, .box_w = 26, .box_h = 19, .ofs_x = 1, .ofs_y = 0},
    {.bitmap_index = 31785, .adv_w = 391, .box_w = 24, .box_h = 15, .ofs_x = 1, .ofs_y = 0},
    {.bitmap_index = 31965, .adv_w = 338, .box_w = 21, .box_h = 15, .ofs_x = 0, .ofs_y = 0},
    {.bitmap_index = 32123, .adv_w = 330, .box_w = 18, .box_h = 15, .ofs_x = 1, .ofs_y = 0},
    {.bitmap_index = 32258, .adv_w = 249, .box_w = 14, .box_h = 19, .ofs_x = 1, .ofs_y = -4},
    {.bitmap_index = 32391, .adv_w = 142, .box_w = 7, .box_h = 19, .ofs_x = 1, .ofs_y = -4},
    {.bitmap_index = 32458, .adv_w = 391, .box_w = 22, .box_h = 15, .ofs_x = 1, .ofs_y = 0},
    {.bitmap_index = 32623, .adv_w = 302, .box_w = 17, .box_h = 19, .ofs_x = 1, .ofs_y = -4},
    {.bitmap_index = 32785, .adv_w = 249, .box_w = 14, .box_h = 19, .ofs_x = 1, .ofs_y = -4},
    {.bitmap_index = 32918, .adv_w = 220, .box_w = 14, .box_h = 19, .ofs_x = 0, .ofs_y = 0},
    {.bitmap_index = 33051, .adv_w = 181, .box_w = 11, .box_h = 15, .ofs_x = 0, .ofs_y = 0},
    {.bitmap_index = 33134, .adv_w = 89, .box_w = 7, .box_h = 19, .ofs_x = -1, .ofs_y = 0},
    {.bitmap_index = 33201, .adv_w = 89, .box_w = 7, .box_h = 15, .ofs_x = -1, .ofs_y = 0},
    {.bitmap_index = 33254, .adv_w = 249, .box_w = 15, .box_h = 19, .ofs_x = 0, .ofs_y = 0},
    {.bitmap_index = 33397, .adv_w = 178, .box_w = 11, .box_h = 15, .ofs_x = 0, .ofs_y = 0},
    {.bitmap_index = 33480, .adv_w = 231, .box_w = 12, .box_h = 19, .ofs_x = 1, .ofs_y = 0},
    {.bitmap_index = 33594, .adv_w = 178, .box_w = 9, .box_h = 15, .ofs_x = 1, .ofs_y = 0},
    {.bitmap_index = 33662, .adv_w = 231, .box_w = 12, .box_h = 21, .ofs_x = 1, .ofs_y = 0},
    {.bitmap_index = 33788, .adv_w = 178, .box_w = 9, .box_h = 18, .ofs_x = 1, .ofs_y = 0},
    {.bitmap_index = 33869, .adv_w = 231, .box_w = 12, .box_h = 22, .ofs_x = 1, .ofs_y = 0},
    {.bitmap_index = 34001, .adv_w = 178, .box_w = 9, .box_h = 19, .ofs_x = 1, .ofs_y = 0},
    {.bitmap_index = 34087, .adv_w = 231, .box_w = 12, .box_h = 23, .ofs_x = 1, .ofs_y = 0},
    {.bitmap_index = 34225, .adv_w = 178, .box_w = 9, .box_h = 19, .ofs_x = 1, .ofs_y = 0},
    {.bitmap_index = 34311, .adv_w = 231, .box_w = 12, .box_h = 22, .ofs_x = 1, .ofs_y = 0},
    {.bitmap_index = 34443, .adv_w = 178, .box_w = 9, .box_h = 19, .ofs_x = 1, .ofs_y = 0},
    {.bitmap_index = 34529, .adv_w = 178, .box_w = 11, .box_h = 11, .ofs_x = 0, .ofs_y = 0},
    {.bitmap_index = 34590, .adv_w = 213, .box_w = 15, .box_h = 21, .ofs_x = -1, .ofs_y = 0},
    {.bitmap_index = 34748, .adv_w = 178, .box_w = 11, .box_h = 18, .ofs_x = 0, .ofs_y = 0},
    {.bitmap_index = 34847, .adv_w = 213, .box_w = 15, .box_h = 21, .ofs_x = -1, .ofs_y = 0},
    {.bitmap_index = 35005, .adv_w = 178, .box_w = 11, .box_h = 18, .ofs_x = 0, .ofs_y = 0},
    {.bitmap_index = 35104, .adv_w = 320, .box_w = 19, .box_h = 18, .ofs_x = 0, .ofs_y = 0},
    {.bitmap_index = 35275, .adv_w = 285, .box_w = 17, .box_h = 15, .ofs_x = 0, .ofs_y = 0},
    {.bitmap_index = 35403, .adv_w = 242, .box_w = 15, .box_h = 14, .ofs_x = 0, .ofs_y = 0},
    {.bitmap_index = 35508, .adv_w = 203, .box_w = 12, .box_h = 14, .ofs_x = 0, .ofs_y = -3},
    {.bitmap_index = 35592, .adv_w = 228, .box_w = 14, .box_h = 19, .ofs_x = 0, .ofs_y = 0},
    {.bitmap_index = 35725, .adv_w = 194, .box_w = 11, .box_h = 18, .ofs_x = 0, .ofs_y = -3},
    {.bitmap_index = 35824, .adv_w = 210, .box_w = 12, .box_h = 19, .ofs_x = 1, .ofs_y = 0},
    {.bitmap_index = 35938, .adv_w = 195, .box_w = 13, .box_h = 18, .ofs_x = -1, .ofs_y = 0},
    {.bitmap_index = 36055, .adv_w = 249, .box_w = 15, .box_h = 19, .ofs_x = 0, .ofs_y = -4},
    {.bitmap_index = 36198, .adv_w = 178, .box_w = 11, .box_h = 15, .ofs_x = 0, .ofs_y = -4},
    {.bitmap_index = 36281, .adv_w = 249, .box_w = 15, .box_h = 23, .ofs_x = 0, .ofs_y = -4},
    {.bitmap_index = 36454, .adv_w = 178, .box_w = 11, .box_h = 19, .ofs_x = 0, .ofs_y = -4},
    {.bitmap_index = 36559, .adv_w = 171, .box_w = 10, .box_h = 19, .ofs_x = 0, .ofs_y = 0},
    {.bitmap_index = 36654, .adv_w = 171, .box_w = 10, .box_h = 19, .ofs_x = 0, .ofs_y = -4},
    {.bitmap_index = 36749, .adv_w = 71, .box_w = 7, .box_h = 19, .ofs_x = -1, .ofs_y = -4},
    {.bitmap_index = 36816, .adv_w = 427, .box_w = 26, .box_h = 15, .ofs_x = 1, .ofs_y = 0},
    {.bitmap_index = 37011, .adv_w = 391, .box_w = 23, .box_h = 15, .ofs_x = 1, .ofs_y = 0},
    {.bitmap_index = 37184, .adv_w = 338, .box_w = 21, .box_h = 15, .ofs_x = 0, .ofs_y = 0},
    {.bitmap_index = 37342, .adv_w = 249, .box_w = 14, .box_h = 19, .ofs_x = 1, .ofs_y = 0},
    {.bitmap_index = 37475, .adv_w = 178, .box_w = 10, .box_h = 19, .ofs_x = 0, .ofs_y = -4},
    {.bitmap_index = 37570, .adv_w = 213, .box_w = 15, .box_h = 22, .ofs_x = -1, .ofs_y = 0},
    {.bitmap_index = 37735, .adv_w = 178, .box_w = 11, .box_h = 20, .ofs_x = 0, .ofs_y = 0},
    {.bitmap_index = 37845, .adv_w = 320, .box_w = 19, .box_h = 19, .ofs_x = 0, .ofs_y = 0},
    {.bitmap_index = 38026, .adv_w = 285, .box_w = 17, .box_h = 15, .ofs_x = 0, .ofs_y = 0},
    {.bitmap_index = 38154, .adv_w = 249, .box_w = 15, .box_h = 20, .ofs_x = 0, .ofs_y = -1},
    {.bitmap_index = 38304, .adv_w = 195, .box_w = 10, .box_h = 16, .ofs_x = 1, .ofs_y = -1},
    {.bitmap_index = 38384, .adv_w = 213, .box_w = 15, .box_h = 19, .ofs_x = -1, .ofs_y = 0},
    {.bitmap_index = 38527, .adv_w = 178, .box_w = 11, .box_h = 15, .ofs_x = 0, .ofs_y = 0},
    {.bitmap_index = 38610, .adv_w = 213, .box_w = 15, .box_h = 19, .ofs_x = -1, .ofs_y = 0},
    {.bitmap_index = 38753, .adv_w = 178, .box_w = 11, .box_h = 15, .ofs_x = 0, .ofs_y = 0},
    {.bitmap_index = 38836, .adv_w = 213, .box_w = 12, .box_h = 19, .ofs_x = 1, .ofs_y = 0},
    {.bitmap_index = 38950, .adv_w = 178, .box_w = 11, .box_h = 15, .ofs_x = 0, .ofs_y = 0},
    {.bitmap_index = 39033, .adv_w = 213, .box_w = 12, .box_h = 19, .ofs_x = 1, .ofs_y = 0},
    {.bitmap_index = 39147, .adv_w = 178, .box_w = 11, .box_h = 15, .ofs_x = 0, .ofs_y = 0},
    {.bitmap_index = 39230, .adv_w = 89, .box_w = 8, .box_h = 19, .ofs_x = -2, .ofs_y = 0},
    {.bitmap_index = 39306, .adv_w = 89, .box_w = 8, .box_h = 15, .ofs_x = -2, .ofs_y = 0},
    {.bitmap_index = 39366, .adv_w = 89, .box_w = 7, .box_h = 19, .ofs_x = -1, .ofs_y = 0},
    {.bitmap_index = 39433, .adv_w = 89, .box_w = 7, .box_h = 15, .ofs_x = -1, .ofs_y = 0},
    {.bitmap_index = 39486, .adv_w = 249, .box_w = 15, .box_h = 19, .ofs_x = 0, .ofs_y = 0},
    {.bitmap_index = 39629, .adv_w = 178, .box_w = 11, .box_h = 15, .ofs_x = 0, .ofs_y = 0},
    {.bitmap_index = 39712, .adv_w = 249, .box_w = 15, .box_h = 20, .ofs_x = 0, .ofs_y = 0},
    {.bitmap_index = 39862, .adv_w = 178, .box_w = 11, .box_h = 15, .ofs_x = 0, .ofs_y = 0},
    {.bitmap_index = 39945, .adv_w = 231, .box_w = 14, .box_h = 19, .ofs_x = 1, .ofs_y = 0},
    {.bitmap_index = 40078, .adv_w = 107, .box_w = 8, .box_h = 15, .ofs_x = 0, .ofs_y = 0},
    {.bitmap_index = 40138, .adv_w = 231, .box_w = 14, .box_h = 19, .ofs_x = 1, .ofs_y = 0},
    {.bitmap_index = 40271, .adv_w = 107, .box_w = 7, .box_h = 15, .ofs_x = 0, .ofs_y = 0},
    {.bitmap_index = 40324, .adv_w = 231, .box_w = 12, .box_h = 19, .ofs_x = 1, .ofs_y = 0},
    {.bitmap_index = 40438, .adv_w = 178, .box_w = 9, .box_h = 15, .ofs_x = 1, .ofs_y = 0},
    {.bitmap_index = 40506, .adv_w = 231, .box_w = 12, .box_h = 20, .ofs_x = 1, .ofs_y = 0},
    {.bitmap_index = 40626, .adv_w = 178, .box_w = 9, .box_h = 15, .ofs_x = 1, .ofs_y = 0},
    {.bitmap_index = 40694, .adv_w = 209, .box_w = 11, .box_h = 19, .ofs_x = 1, .ofs_y = -5},
    {.bitmap_index = 40799, .adv_w = 172, .box_w = 10, .box_h = 16, .ofs_x = 0, .ofs_y = -5},
    {.bitmap_index = 40879, .adv_w = 182, .box_w = 12, .box_h = 19, .ofs_x = 0, .ofs_y = -5},
    {.bitmap_index = 40993, .adv_w = 131, .box_w = 7, .box_h = 19, .ofs_x = 1, .ofs_y = -5},
    {.bitmap_index = 41060, .adv_w = 91, .box_w = 6, .box_h = 14, .ofs_x = -1, .ofs_y = -3},
    {.bitmap_index = 41102, .adv_w = 213, .box_w = 15, .box_h = 19, .ofs_x = -1, .ofs_y = -4},
    {.bitmap_index = 41245, .adv_w = 178, .box_w = 11, .box_h = 15, .ofs_x = 0, .ofs_y = -4},
    {.bitmap_index = 41328, .adv_w = 213, .box_w = 12, .box_h = 19, .ofs_x = 1, .ofs_y = 0},
    {.bitmap_index = 41442, .adv_w = 178, .box_w = 10, .box_h = 19, .ofs_x = 1, .ofs_y = 0},
    {.bitmap_index = 41537, .adv_w = 213, .box_w = 12, .box_h = 19, .ofs_x = 1, .ofs_y = -4},
    {.bitmap_index = 41651, .adv_w = 178, .box_w = 10, .box_h = 19, .ofs_x = 1, .ofs_y = -4},
    {.bitmap_index = 41746, .adv_w = 213, .box_w = 12, .box_h = 19, .ofs_x = 1, .ofs_y = -4},
    {.bitmap_index = 41860, .adv_w = 178, .box_w = 10, .box_h = 19, .ofs_x = 1, .ofs_y = -4},
    {.bitmap_index = 41955, .adv_w = 231, .box_w = 13, .box_h = 23, .ofs_x = 1, .ofs_y = -4},
    {.bitmap_index = 42105, .adv_w = 160, .box_w = 10, .box_h = 19, .ofs_x = 0, .ofs_y = -4},
    {.bitmap_index = 42200, .adv_w = 231, .box_w = 13, .box_h = 19, .ofs_x = 1, .ofs_y = 0},
    {.bitmap_index = 42324, .adv_w = 178, .box_w = 10, .box_h = 19, .ofs_x = 0, .ofs_y = 0},
    {.bitmap_index = 42419, .adv_w = 231, .box_w = 13, .box_h = 19, .ofs_x = 1, .ofs_y = -4},
    {.bitmap_index = 42543, .adv_w = 178, .box_w = 10, .box_h = 19, .ofs_x = 0, .ofs_y = -4},
    {.bitmap_index = 42638, .adv_w = 231, .box_w = 13, .box_h = 19, .ofs_x = 1, .ofs_y = -4},
    {.bitmap_index = 42762, .adv_w = 178, .box_w = 10, .box_h = 19, .ofs_x = 0, .ofs_y = -4},
    {.bitmap_index = 42857, .adv_w = 231, .box_w = 13, .box_h = 19, .ofs_x = 1, .ofs_y = -4},
    {.bitmap_index = 42981, .adv_w = 178, .box_w = 10, .box_h = 19, .ofs_x = 0, .ofs_y = -4},
    {.bitmap_index = 43076, .adv_w = 231, .box_w = 13, .box_h = 19, .ofs_x = 1, .ofs_y = -4},
    {.bitmap_index = 43200, .adv_w = 178, .box_w = 10, .box_h = 19, .ofs_x = 0, .ofs_y = -4},
    {.bitmap_index = 43295, .adv_w = 213, .box_w = 12, .box_h = 22, .ofs_x = 1, .ofs_y = 0},
    {.bitmap_index = 43427, .adv_w = 178, .box_w = 11, .box_h = 19, .ofs_x = 0, .ofs_y = 0},
    {.bitmap_index = 43532, .adv_w = 213, .box_w = 12, .box_h = 22, .ofs_x = 1, .ofs_y = 0},
    {.bitmap_index = 43664, .adv_w = 178, .box_w = 11, .box_h = 19, .ofs_x = 0, .ofs_y = 0},
    {.bitmap_index = 43769, .adv_w = 213, .box_w = 12, .box_h = 19, .ofs_x = 1, .ofs_y = -4},
    {.bitmap_index = 43883, .adv_w = 178, .box_w = 11, .box_h = 15, .ofs_x = 0, .ofs_y = -4},
    {.bitmap_index = 43966, .adv_w = 213, .box_w = 12, .box_h = 19, .ofs_x = 1, .ofs_y = -4},
    {.bitmap_index = 44080, .adv_w = 178, .box_w = 11, .box_h = 15, .ofs_x = 0, .ofs_y = -4},
    {.bitmap_index = 44163, .adv_w = 213, .box_w = 12, .box_h = 23, .ofs_x = 1, .ofs_y = -4},
    {.bitmap_index = 44301, .adv_w = 178, .box_w = 11, .box_h = 19, .ofs_x = 0, .ofs_y = -4},
    {.bitmap_index = 44406, .adv_w = 195, .box_w = 11, .box_h = 19, .ofs_x = 1, .ofs_y = 0},
    {.bitmap_index = 44511, .adv_w = 89, .box_w = 7, .box_h = 19, .ofs_x = 0, .ofs_y = 0},
    {.bitmap_index = 44578, .adv_w = 228, .box_w = 14, .box_h = 18, .ofs_x = 0, .ofs_y = 0},
    {.bitmap_index = 44704, .adv_w = 194, .box_w = 11, .box_h = 17, .ofs_x = 0, .ofs_y = -3},
    {.bitmap_index = 44798, .adv_w = 231, .box_w = 12, .box_h = 19, .ofs_x = 1, .ofs_y = 0},
    {.bitmap_index = 44912, .adv_w = 178, .box_w = 9, .box_h = 19, .ofs_x = 1, .ofs_y = 0},
    {.bitmap_index = 44998, .adv_w = 231, .box_w = 12, .box_h = 19, .ofs_x = 1, .ofs_y = -4},
    {.bitmap_index = 45112, .adv_w = 178, .box_w = 9, .box_h = 19, .ofs_x = 1, .ofs_y = -4},
    {.bitmap_index = 45198, .adv_w = 231, .box_w = 12, .box_h = 19, .ofs_x = 1, .ofs_y = 0},
    {.bitmap_index = 45312, .adv_w = 178, .box_w = 9, .box_h = 19, .ofs_x = 1, .ofs_y = 0},
    {.bitmap_index = 45398, .adv_w = 231, .box_w = 13, .box_h = 19, .ofs_x = 0, .ofs_y = -4},
    {.bitmap_index = 45522, .adv_w = 178, .box_w = 10, .box_h = 19, .ofs_x = 0, .ofs_y = -4},
    {.bitmap_index = 45617, .adv_w = 231, .box_w = 12, .box_h = 19, .ofs_x = 1, .ofs_y = -4},
    {.bitmap_index = 45731, .adv_w = 178, .box_w = 9, .box_h = 19, .ofs_x = 1, .ofs_y = -4},
    {.bitmap_index = 45817, .adv_w = 89, .box_w = 7, .box_h = 19, .ofs_x = -1, .ofs_y = -4},
    {.bitmap_index = 45884, .adv_w = 71, .box_w = 8, .box_h = 19, .ofs_x = -2, .ofs_y = -4},
    {.bitmap_index = 45960, .adv_w = 89, .box_w = 6, .box_h = 22, .ofs_x = 0, .ofs_y = 0},
    {.bitmap_index = 46026, .adv_w = 89, .box_w = 6, .box_h = 19, .ofs_x = 0, .ofs_y = 0},
    {.bitmap_index = 46083, .adv_w = 213, .box_w = 13, .box_h = 19, .ofs_x = 1, .ofs_y = 0},
    {.bitmap_index = 46207, .adv_w = 160, .box_w = 9, .box_h = 19, .ofs_x = 1, .ofs_y = 0},
    {.bitmap_index = 46293, .adv_w = 213, .box_w = 13, .box_h = 19, .ofs_x = 1, .ofs_y = -4},
    {.bitmap_index = 46417, .adv_w = 160, .box_w = 9, .box_h = 19, .ofs_x = 1, .ofs_y = -4},
    {.bitmap_index = 46503, .adv_w = 213, .box_w = 13, .box_h = 19, .ofs_x = 1, .ofs_y = -4},
    {.bitmap_index = 46627, .adv_w = 160, .box_w = 9, .box_h = 19, .ofs_x = 1, .ofs_y = -4},
    {.bitmap_index = 46713, .adv_w = 178, .box_w = 10, .box_h = 19, .ofs_x = 1, .ofs_y = -4},
    {.bitmap_index = 46808, .adv_w = 71, .box_w = 3, .box_h = 19, .ofs_x = 1, .ofs_y = -4},
    {.bitmap_index = 46837, .adv_w = 178, .box_w = 10, .box_h = 23, .ofs_x = 1, .ofs_y = -4},
    {.bitmap_index = 46952, .adv_w = 71, .box_w = 7, .box_h = 23, .ofs_x = -1, .ofs_y = -4},
    {.bitmap_index = 47033, .adv_w = 178, .box_w = 10, .box_h = 19, .ofs_x = 1, .ofs_y = -4},
    {.bitmap_index = 47128, .adv_w = 71, .box_w = 7, .box_h = 19, .ofs_x = -1, .ofs_y = -4},
    {.bitmap_index = 47195, .adv_w = 178, .box_w = 10, .box_h = 19, .ofs_x = 1, .ofs_y = -4},
    {.bitmap_index = 47290, .adv_w = 71, .box_w = 7, .box_h = 19, .ofs_x = -1, .ofs_y = -4},
    {.bitmap_index = 47357, .adv_w = 267, .box_w = 15, .box_h = 19, .ofs_x = 1, .ofs_y = 0},
    {.bitmap_index = 47500, .adv_w = 267, .box_w = 15, .box_h = 15, .ofs_x = 1, .ofs_y = 0},
    {.bitmap_index = 47613, .adv_w = 267, .box_w = 15, .box_h = 19, .ofs_x = 1, .ofs_y = 0},
    {.bitmap_index = 47756, .adv_w = 267, .box_w = 15, .box_h = 15, .ofs_x = 1, .ofs_y = 0},
    {.bitmap_index = 47869, .adv_w = 267, .box_w = 15, .box_h = 19, .ofs_x = 1, .ofs_y = -4},
    {.bitmap_index = 48012, .adv_w = 267, .box_w = 15, .box_h = 15, .ofs_x = 1, .ofs_y = -4},
    {.bitmap_index = 48125, .adv_w = 231, .box_w = 12, .box_h = 19, .ofs_x = 1, .ofs_y = 0},
    {.bitmap_index = 48239, .adv_w = 178, .box_w = 9, .box_h = 15, .ofs_x = 1, .ofs_y = 0},
    {.bitmap_index = 48307, .adv_w = 231, .box_w = 12, .box_h = 19, .ofs_x = 1, .ofs_y = -4},
    {.bitmap_index = 48421, .adv_w = 178, .box_w = 9, .box_h = 15, .ofs_x = 1, .ofs_y = -4},
    {.bitmap_index = 48489, .adv_w = 231, .box_w = 12, .box_h = 19, .ofs_x = 1, .ofs_y = -4},
    {.bitmap_index = 48603, .adv_w = 178, .box_w = 9, .box_h = 15, .ofs_x = 1, .ofs_y = -4},
    {.bitmap_index = 48671, .adv_w = 231, .box_w = 12, .box_h = 19, .ofs_x = 1, .ofs_y = -4},
    {.bitmap_index = 48785, .adv_w = 178, .box_w = 9, .box_h = 15, .ofs_x = 1, .ofs_y = -4},
    {.bitmap_index = 48853, .adv_w = 249, .box_w = 15, .box_h = 22, .ofs_x = 0, .ofs_y = 0},
    {.bitmap_index = 49018, .adv_w = 178, .box_w = 11, .box_h = 19, .ofs_x = 0, .ofs_y = 0},
    {.bitmap_index = 49123, .adv_w = 249, .box_w = 15, .box_h = 22, .ofs_x = 0, .ofs_y = 0},
    {.bitmap_index = 49288, .adv_w = 178, .box_w = 11, .box_h = 19, .ofs_x = 0, .ofs_y = 0},
    {.bitmap_index = 49393, .adv_w = 249, .box_w = 15, .box_h = 22, .ofs_x = 0, .ofs_y = 0},
    {.bitmap_index = 49558, .adv_w = 178, .box_w = 11, .box_h = 19, .ofs_x = 0, .ofs_y = 0},
    {.bitmap_index = 49663, .adv_w = 249, .box_w = 15, .box_h = 22, .ofs_x = 0, .ofs_y = 0},
    {.bitmap_index = 49828, .adv_w = 178, .box_w = 11, .box_h = 19, .ofs_x = 0, .ofs_y = 0},
    {.bitmap_index = 49933, .adv_w = 213, .box_w = 12, .box_h = 19, .ofs_x = 1, .ofs_y = 0},
    {.bitmap_index = 50047, .adv_w = 178, .box_w = 10, .box_h = 19, .ofs_x = 1, .ofs_y = -4},
    {.bitmap_index = 50142, .adv_w = 213, .box_w = 12, .box_h = 19, .ofs_x = 1, .ofs_y = 0},
    {.bitmap_index = 50256, .adv_w = 178, .box_w = 10, .box_h = 19, .ofs_x = 1, .ofs_y = -4},
    {.bitmap_index = 50351, .adv_w = 231, .box_w = 14, .box_h = 19, .ofs_x = 1, .ofs_y = 0},
    {.bitmap_index = 50484, .adv_w = 107, .box_w = 6, .box_h = 15, .ofs_x = 1, .ofs_y = 0},
    {.bitmap_index = 50529, .adv_w = 231, .box_w = 14, .box_h = 19, .ofs_x = 1, .ofs_y = -4},
    {.bitmap_index = 50662, .adv_w = 107, .box_w = 6, .box_h = 15, .ofs_x = 1, .ofs_y = -4},
    {.bitmap_index = 50707, .adv_w = 231, .box_w = 14, .box_h = 23, .ofs_x = 1, .ofs_y = -4},
    {.bitmap_index = 50868, .adv_w = 107, .box_w = 7, .box_h = 19, .ofs_x = 0, .ofs_y = -4},
    {.bitmap_index = 50935, .adv_w = 231, .box_w = 14, .box_h = 19, .ofs_x = 1, .ofs_y = -4},
    {.bitmap_index = 51068, .adv_w = 107, .box_w = 7, .box_h = 15, .ofs_x = 0, .ofs_y = -4},
    {.bitmap_index = 51121, .adv_w = 213, .box_w = 13, .box_h = 19, .ofs_x = 0, .ofs_y = 0},
    {.bitmap_index = 51245, .adv_w = 160, .box_w = 10, .box_h = 15, .ofs_x = 0, .ofs_y = 0},
    {.bitmap_index = 51320, .adv_w = 213, .box_w = 13, .box_h = 19, .ofs_x = 0, .ofs_y = -4},
    {.bitmap_index = 51444, .adv_w = 160, .box_w = 10, .box_h = 15, .ofs_x = 0, .ofs_y = -4},
    {.bitmap_index = 51519, .adv_w = 213, .box_w = 13, .box_h = 20, .ofs_x = 0, .ofs_y = 0},
    {.bitmap_index = 51649, .adv_w = 160, .box_w = 10, .box_h = 17, .ofs_x = 0, .ofs_y = 0},
    {.bitmap_index = 51734, .adv_w = 213, .box_w = 13, .box_h = 22, .ofs_x = 0, .ofs_y = 0},
    {.bitmap_index = 51877, .adv_w = 160, .box_w = 10, .box_h = 19, .ofs_x = 0, .ofs_y = 0},
    {.bitmap_index = 51972, .adv_w = 213, .box_w = 13, .box_h = 23, .ofs_x = 0, .ofs_y = -4},
    {.bitmap_index = 52122, .adv_w = 160, .box_w = 10, .box_h = 19, .ofs_x = 0, .ofs_y = -4},
    {.bitmap_index = 52217, .adv_w = 195, .box_w = 12, .box_h = 19, .ofs_x = 0, .ofs_y = 0},
    {.bitmap_index = 52331, .adv_w = 89, .box_w = 6, .box_h = 19, .ofs_x = 0, .ofs_y = 0},
    {.bitmap_index = 52388, .adv_w = 195, .box_w = 12, .box_h = 19, .ofs_x = 0, .ofs_y = -4},
    {.bitmap_index = 52502, .adv_w = 89, .box_w = 6, .box_h = 19, .ofs_x = 0, .ofs_y = -4},
    {.bitmap_index = 52559, .adv_w = 195, .box_w = 12, .box_h = 19, .ofs_x = 0, .ofs_y = -4},
    {.bitmap_index = 52673, .adv_w = 89, .box_w = 7, .box_h = 19, .ofs_x = -1, .ofs_y = -4},
    {.bitmap_index = 52740, .adv_w = 195, .box_w = 12, .box_h = 19, .ofs_x = 0, .ofs_y = -4},
    {.bitmap_index = 52854, .adv_w = 89, .box_w = 7, .box_h = 19, .ofs_x = 0, .ofs_y = -4},
    {.bitmap_index = 52921, .adv_w = 231, .box_w = 12, .box_h = 19, .ofs_x = 1, .ofs_y = -4},
    {.bitmap_index = 53035, .adv_w = 178, .box_w = 9, .box_h = 15, .ofs_x = 1, .ofs_y = -4},
    {.bitmap_index = 53103, .adv_w = 231, .box_w = 12, .box_h = 19, .ofs_x = 1, .ofs_y = -4},
    {.bitmap_index = 53217, .adv_w = 178, .box_w = 9, .box_h = 15, .ofs_x = 1, .ofs_y = -4},
    {.bitmap_index = 53285, .adv_w = 231, .box_w = 12, .box_h = 19, .ofs_x = 1, .ofs_y = -4},
    {.bitmap_index = 53399, .adv_w = 178, .box_w = 9, .box_h = 15, .ofs_x = 1, .ofs_y = -4},
    {.bitmap_index = 53467, .adv_w = 231, .box_w = 12, .box_h = 23, .ofs_x = 1, .ofs_y = 0},
    {.bitmap_index = 53605, .adv_w = 178, .box_w = 9, .box_h = 19, .ofs_x = 1, .ofs_y = 0},
    {.bitmap_index = 53691, .adv_w = 231, .box_w = 12, .box_h = 22, .ofs_x = 1, .ofs_y = 0},
    {.bitmap_index = 53823, .adv_w = 178, .box_w = 9, .box_h = 18, .ofs_x = 1, .ofs_y = 0},
    {.bitmap_index = 53904, .adv_w = 213, .box_w = 14, .box_h = 19, .ofs_x = 0, .ofs_y = 0},
    {.bitmap_index = 54037, .adv_w = 160, .box_w = 10, .box_h = 15, .ofs_x = 0, .ofs_y = 0},
    {.bitmap_index = 54112, .adv_w = 213, .box_w = 14, .box_h = 19, .ofs_x = 0, .ofs_y = -4},
    {.bitmap_index = 54245, .adv_w = 160, .box_w = 10, .box_h = 15, .ofs_x = 0, .ofs_y = -4},
    {.bitmap_index = 54320, .adv_w = 310, .box_w = 19, .box_h = 19, .ofs_x = 0, .ofs_y = 0},
    {.bitmap_index = 54501, .adv_w = 265, .box_w = 17, .box_h = 14, .ofs_x = 0, .ofs_y = 0},
    {.bitmap_index = 54620, .adv_w = 310, .box_w = 19, .box_h = 19, .ofs_x = 0, .ofs_y = 0},
    {.bitmap_index = 54801, .adv_w = 265, .box_w = 17, .box_h = 14, .ofs_x = 0, .ofs_y = 0},
    {.bitmap_index = 54920, .adv_w = 310, .box_w = 19, .box_h = 18, .ofs_x = 0, .ofs_y = 0},
    {.bitmap_index = 55091, .adv_w = 265, .box_w = 17, .box_h = 14, .ofs_x = 0, .ofs_y = 0},
    {.bitmap_index = 55210, .adv_w = 302, .box_w = 19, .box_h = 19, .ofs_x = 0, .ofs_y = 0},
    {.bitmap_index = 55391, .adv_w = 231, .box_w = 15, .box_h = 15, .ofs_x = 0, .ofs_y = 0},
    {.bitmap_index = 55504, .adv_w = 302, .box_w = 19, .box_h = 19, .ofs_x = 0, .ofs_y = -4},
    {.bitmap_index = 55685, .adv_w = 231, .box_w = 15, .box_h = 15, .ofs_x = 0, .ofs_y = -4},
    {.bitmap_index = 55798, .adv_w = 213, .box_w = 14, .box_h = 19, .ofs_x = 0, .ofs_y = 0},
    {.bitmap_index = 55931, .adv_w = 160, .box_w = 10, .box_h = 15, .ofs_x = 0, .ofs_y = 0},
    {.bitmap_index = 56006, .adv_w = 213, .box_w = 14, .box_h = 19, .ofs_x = 0, .ofs_y = 0},
    {.bitmap_index = 56139, .adv_w = 160, .box_w = 10, .box_h = 15, .ofs_x = 0, .ofs_y = 0},
    {.bitmap_index = 56214, .adv_w = 213, .box_w = 14, .box_h = 19, .ofs_x = 0, .ofs_y = 0},
    {.bitmap_index = 56347, .adv_w = 160, .box_w = 10, .box_h = 19, .ofs_x = 0, .ofs_y = -4},
    {.bitmap_index = 56442, .adv_w = 195, .box_w = 12, .box_h = 19, .ofs_x = 0, .ofs_y = 0},
    {.bitmap_index = 56556, .adv_w = 160, .box_w = 10, .box_h = 15, .ofs_x = 0, .ofs_y = 0},
    {.bitmap_index = 56631, .adv_w = 195, .box_w = 12, .box_h = 19, .ofs_x = 0, .ofs_y = -4},
    {.bitmap_index = 56745, .adv_w = 160, .box_w = 10, .box_h = 15, .ofs_x = 0, .ofs_y = -4},
    {.bitmap_index = 56820, .adv_w = 195, .box_w = 12, .box_h = 19, .ofs_x = 0, .ofs_y = -4},
    {.bitmap_index = 56934, .adv_w = 160, .box_w = 10, .box_h = 15, .ofs_x = 0, .ofs_y = -4},
    {.bitmap_index = 57009, .adv_w = 178, .box_w = 9, .box_h = 19, .ofs_x = 1, .ofs_y = -4},
    {.bitmap_index = 57095, .adv_w = 89, .box_w = 6, .box_h = 19, .ofs_x = 0, .ofs_y = 0},
    {.bitmap_index = 57152, .adv_w = 231, .box_w = 15, .box_h = 16, .ofs_x = 0, .ofs_y = 0},
    {.bitmap_index = 57272, .adv_w = 160, .box_w = 10, .box_h = 20, .ofs_x = 0, .ofs_y = -4},
    {.bitmap_index = 57372, .adv_w = 178, .box_w = 12, .box_h = 16, .ofs_x = 0, .ofs_y = 0},
    {.bitmap_index = 57468, .adv_w = 89, .box_w = 7, .box_h = 19, .ofs_x = 0, .ofs_y = 0},
    {.bitmap_index = 57535, .adv_w = 227, .box_w = 12, .box_h = 14, .ofs_x = 1, .ofs_y = 0},
    {.bitmap_index = 57619, .adv_w = 220, .box_w = 14, .box_h = 17, .ofs_x = 0, .ofs_y = -3},
    {.bitmap_index = 57738, .adv_w = 181, .box_w = 11, .box_h = 14, .ofs_x = 0, .ofs_y = -3},
    {.bitmap_index = 57815, .adv_w = 220, .box_w = 14, .box_h = 20, .ofs_x = 0, .ofs_y = 0},
    {.bitmap_index = 57955, .adv_w = 181, .box_w = 11, .box_h = 17, .ofs_x = 0, .ofs_y = 0},
    {.bitmap_index = 58049, .adv_w = 220, .box_w = 14, .box_h = 20, .ofs_x = 0, .ofs_y = 0},
    {.bitmap_index = 58189, .adv_w = 181, .box_w = 11, .box_h = 17, .ofs_x = 0, .ofs_y = 0},
    {.bitmap_index = 58283, .adv_w = 220, .box_w = 14, .box_h = 20, .ofs_x = 0, .ofs_y = 0},
    {.bitmap_index = 58423, .adv_w = 181, .box_w = 11, .box_h = 17, .ofs_x = 0, .ofs_y = 0},
    {.bitmap_index = 58517, .adv_w = 220, .box_w = 14, .box_h = 21, .ofs_x = 0, .ofs_y = 0},
    {.bitmap_index = 58664, .adv_w = 181, .box_w = 11, .box_h = 17, .ofs_x = 0, .ofs_y = 0},
    {.bitmap_index = 58758, .adv_w = 220, .box_w = 14, .box_h = 22, .ofs_x = 0, .ofs_y = 0},
    {.bitmap_index = 58912, .adv_w = 181, .box_w = 11, .box_h = 19, .ofs_x = 0, .ofs_y = 0},
    {.bitmap_index = 59017, .adv_w = 220, .box_w = 14, .box_h = 22, .ofs_x = 0, .ofs_y = -3},
    {.bitmap_index = 59171, .adv_w = 181, .box_w = 11, .box_h = 18, .ofs_x = 0, .ofs_y = -3},
    {.bitmap_index = 59270, .adv_w = 220, .box_w = 14, .box_h = 21, .ofs_x = 0, .ofs_y = 0},
    {.bitmap_index = 59417, .adv_w = 181, .box_w = 11, .box_h = 18, .ofs_x = 0, .ofs_y = 0},
    {.bitmap_index = 59516, .adv_w = 220, .box_w = 14, .box_h = 21, .ofs_x = 0, .ofs_y = 0},
    {.bitmap_index = 59663, .adv_w = 181, .box_w = 11, .box_h = 18, .ofs_x = 0, .ofs_y = 0},
    {.bitmap_index = 59762, .adv_w = 220, .box_w = 14, .box_h = 21, .ofs_x = 0, .ofs_y = 0},
    {.bitmap_index = 59909, .adv_w = 181, .box_w = 11, .box_h = 18, .ofs_x = 0, .ofs_y = 0},
    {.bitmap_index = 60008, .adv_w = 220, .box_w = 14, .box_h = 22, .ofs_x = 0, .ofs_y = 0},
    {.bitmap_index = 60162, .adv_w = 181, .box_w = 11, .box_h = 19, .ofs_x = 0, .ofs_y = 0},
    {.bitmap_index = 60267, .adv_w = 220, .box_w = 14, .box_h = 22, .ofs_x = 0, .ofs_y = -3},
    {.bitmap_index = 60421, .adv_w = 181, .box_w = 11, .box_h = 17, .ofs_x = 0, .ofs_y = -3},
    {.bitmap_index = 60515, .adv_w = 195, .box_w = 11, .box_h = 17, .ofs_x = 1, .ofs_y = -3},
    {.bitmap_index = 60609, .adv_w = 184, .box_w = 11, .box_h = 14, .ofs_x = 0, .ofs_y = -3},
    {.bitmap_index = 60686, .adv_w = 195, .box_w = 11, .box_h = 20, .ofs_x = 1, .ofs_y = 0},
    {.bitmap_index = 60796, .adv_w = 184, .box_w = 11, .box_h = 17, .ofs_x = 0, .ofs_y = 0},
    {.bitmap_index = 60890, .adv_w = 195, .box_w = 11, .box_h = 19, .ofs_x = 1, .ofs_y = 0},
    {.bitmap_index = 60995, .adv_w = 184, .box_w = 11, .box_h = 15, .ofs_x = 0, .ofs_y = 0},
    {.bitmap_index = 61078, .adv_w = 195, .box_w = 11, .box_h = 20, .ofs_x = 1, .ofs_y = 0},
    {.bitmap_index = 61188, .adv_w = 184, .box_w = 11, .box_h = 17, .ofs_x = 0, .ofs_y = 0},
    {.bitmap_index = 61282, .adv_w = 195, .box_w = 11, .box_h = 20, .ofs_x = 1, .ofs_y = 0},
    {.bitmap_index = 61392, .adv_w = 184, .box_w = 11, .box_h = 17, .ofs_x = 0, .ofs_y = 0},
    {.bitmap_index = 61486, .adv_w = 195, .box_w = 11, .box_h = 21, .ofs_x = 1, .ofs_y = 0},
    {.bitmap_index = 61602, .adv_w = 184, .box_w = 11, .box_h = 17, .ofs_x = 0, .ofs_y = 0},
    {.bitmap_index = 61696, .adv_w = 195, .box_w = 11, .box_h = 22, .ofs_x = 1, .ofs_y = 0},
    {.bitmap_index = 61817, .adv_w = 184, .box_w = 11, .box_h = 19, .ofs_x = 0, .ofs_y = 0},
    {.bitmap_index = 61922, .adv_w = 195, .box_w = 11, .box_h = 22, .ofs_x = 1, .ofs_y = -3},
    {.bitmap_index = 62043, .adv_w = 184, .box_w = 11, .box_h = 17, .ofs_x = 0, .ofs_y = -3},
    {.bitmap_index = 62137, .adv_w = 90, .box_w = 4, .box_h = 20, .ofs_x = 1, .ofs_y = 0},
    {.bitmap_index = 62177, .adv_w = 82, .box_w = 5, .box_h = 16, .ofs_x = 0, .ofs_y = 0},
    {.bitmap_index = 62217, .adv_w = 90, .box_w = 3, .box_h = 17, .ofs_x = 1, .ofs_y = -3},
    {.bitmap_index = 62243, .adv_w = 82, .box_w = 3, .box_h = 17, .ofs_x = 1, .ofs_y = -3},
    {.bitmap_index = 62269, .adv_w = 240, .box_w = 15, .box_h = 17, .ofs_x = 0, .ofs_y = -3},
    {.bitmap_index = 62397, .adv_w = 188, .box_w = 11, .box_h = 14, .ofs_x = 0, .ofs_y = -3},
    {.bitmap_index = 62474, .adv_w = 240, .box_w = 15, .box_h = 20, .ofs_x = 0, .ofs_y = 0},
    {.bitmap_index = 62624, .adv_w = 188, .box_w = 11, .box_h = 17, .ofs_x = 0, .ofs_y = 0},
    {.bitmap_index = 62718, .adv_w = 240, .box_w = 15, .box_h = 21, .ofs_x = 0, .ofs_y = 0},
    {.bitmap_index = 62876, .adv_w = 188, .box_w = 11, .box_h = 17, .ofs_x = 0, .ofs_y = 0},
    {.bitmap_index = 62970, .adv_w = 240, .box_w = 15, .box_h = 21, .ofs_x = 0, .ofs_y = 0},
    {.bitmap_index = 63128, .adv_w = 188, .box_w = 11, .box_h = 17, .ofs_x = 0, .ofs_y = 0},
    {.bitmap_index = 63222, .adv_w = 240, .box_w = 15, .box_h = 21, .ofs_x = 0, .ofs_y = 0},
    {.bitmap_index = 63380, .adv_w = 188, .box_w = 11, .box_h = 17, .ofs_x = 0, .ofs_y = 0},
    {.bitmap_index = 63474, .adv_w = 240, .box_w = 15, .box_h = 22, .ofs_x = 0, .ofs_y = 0},
    {.bitmap_index = 63639, .adv_w = 188, .box_w = 11, .box_h = 19, .ofs_x = 0, .ofs_y = 0},
    {.bitmap_index = 63744, .adv_w = 240, .box_w = 15, .box_h = 22, .ofs_x = 0, .ofs_y = -3},
    {.bitmap_index = 63909, .adv_w = 188, .box_w = 11, .box_h = 18, .ofs_x = 0, .ofs_y = -3},
    {.bitmap_index = 64008, .adv_w = 240, .box_w = 15, .box_h = 19, .ofs_x = 0, .ofs_y = 0},
    {.bitmap_index = 64151, .adv_w = 188, .box_w = 12, .box_h = 14, .ofs_x = 0, .ofs_y = 0},
    {.bitmap_index = 64235, .adv_w = 240, .box_w = 15, .box_h = 19, .ofs_x = 0, .ofs_y = 0},
    {.bitmap_index = 64378, .adv_w = 188, .box_w = 12, .box_h = 14, .ofs_x = 0, .ofs_y = 0},
    {.bitmap_index = 64462, .adv_w = 240, .box_w = 15, .box_h = 20, .ofs_x = 0, .ofs_y = 0},
    {.bitmap_index = 64612, .adv_w = 188, .box_w = 12, .box_h = 17, .ofs_x = 0, .ofs_y = 0},
    {.bitmap_index = 64714, .adv_w = 240, .box_w = 15, .box_h = 20, .ofs_x = 0, .ofs_y = 0},
    {.bitmap_index = 64864, .adv_w = 188, .box_w = 12, .box_h = 15, .ofs_x = 0, .ofs_y = 0},
    {.bitmap_index = 64954, .adv_w = 240, .box_w = 15, .box_h = 21, .ofs_x = 0, .ofs_y = -3},
    {.bitmap_index = 65112, .adv_w = 188, .box_w = 12, .box_h = 17, .ofs_x = 0, .ofs_y = -3},
    {.bitmap_index = 65214, .adv_w = 222, .box_w = 12, .box_h = 17, .ofs_x = 1, .ofs_y = -3},
    {.bitmap_index = 65316, .adv_w = 188, .box_w = 10, .box_h = 14, .ofs_x = 1, .ofs_y = -3},
    {.bitmap_index = 65386, .adv_w = 222, .box_w = 12, .box_h = 20, .ofs_x = 1, .ofs_y = 0},
    {.bitmap_index = 65506, .adv_w = 188, .box_w = 10, .box_h = 17, .ofs_x = 1, .ofs_y = 0},
    {.bitmap_index = 65591, .adv_w = 222, .box_w = 14, .box_h = 19, .ofs_x = 1, .ofs_y = 0},
    {.bitmap_index = 65724, .adv_w = 189, .box_w = 12, .box_h = 14, .ofs_x = 1, .ofs_y = 0},
    {.bitmap_index = 65808, .adv_w = 222, .box_w = 14, .box_h = 19, .ofs_x = 1, .ofs_y = 0},
    {.bitmap_index = 65941, .adv_w = 189, .box_w = 12, .box_h = 14, .ofs_x = 1, .ofs_y = 0},
    {.bitmap_index = 66025, .adv_w = 222, .box_w = 14, .box_h = 20, .ofs_x = 1, .ofs_y = 0},
    {.bitmap_index = 66165, .adv_w = 189, .box_w = 12, .box_h = 17, .ofs_x = 1, .ofs_y = 0},
    {.bitmap_index = 66267, .adv_w = 222, .box_w = 14, .box_h = 20, .ofs_x = 1, .ofs_y = 0},
    {.bitmap_index = 66407, .adv_w = 189, .box_w = 12, .box_h = 15, .ofs_x = 1, .ofs_y = 0},
    {.bitmap_index = 66497, .adv_w = 222, .box_w = 14, .box_h = 21, .ofs_x = 1, .ofs_y = -3},
    {.bitmap_index = 66644, .adv_w = 189, .box_w = 12, .box_h = 17, .ofs_x = 1, .ofs_y = -3},
    {.bitmap_index = 66746, .adv_w = 190, .box_w = 14, .box_h = 19, .ofs_x = -1, .ofs_y = 0},
    {.bitmap_index = 66879, .adv_w = 177, .box_w = 11, .box_h = 17, .ofs_x = 0, .ofs_y = -3},
    {.bitmap_index = 66973, .adv_w = 190, .box_w = 14, .box_h = 17, .ofs_x = -1, .ofs_y = -3},
    {.bitmap_index = 67092, .adv_w = 177, .box_w = 11, .box_h = 14, .ofs_x = 0, .ofs_y = -3},
    {.bitmap_index = 67169, .adv_w = 190, .box_w = 14, .box_h = 20, .ofs_x = -1, .ofs_y = 0},
    {.bitmap_index = 67309, .adv_w = 177, .box_w = 11, .box_h = 19, .ofs_x = 0, .ofs_y = -3},
    {.bitmap_index = 67414, .adv_w = 190, .box_w = 14, .box_h = 19, .ofs_x = -1, .ofs_y = 0},
    {.bitmap_index = 67547, .adv_w = 177, .box_w = 11, .box_h = 18, .ofs_x = 0, .ofs_y = -3},
    {.bitmap_index = 67646, .adv_w = 189, .box_w = 12, .box_h = 2, .ofs_x = 0, .ofs_y = 5},
    {.bitmap_index = 67658, .adv_w = 291, .box_w = 18, .box_h = 2, .ofs_x = 0, .ofs_y = 5},
    {.bitmap_index = 67676, .adv_w = 180, .box_w = 11, .box_h = 3, .ofs_x = 0, .ofs_y = 4},
    {.bitmap_index = 67693, .adv_w = 137, .box_w = 6, .box_h = 17, .ofs_x = 1, .ofs_y = -2},
    {.bitmap_index = 67744, .adv_w = 160, .box_w = 12, .box_h = 4, .ofs_x = -1, .ofs_y = -4},
    {.bitmap_index = 67768, .adv_w = 70, .box_w = 4, .box_h = 6, .ofs_x = 0, .ofs_y = 8},
    {.bitmap_index = 67780, .adv_w = 70, .box_w = 4, .box_h = 6, .ofs_x = 0, .ofs_y = 8},
    {.bitmap_index = 67792, .adv_w = 68, .box_w = 4, .box_h = 6, .ofs_x = 0, .ofs_y = -3},
    {.bitmap_index = 67804, .adv_w = 71, .box_w = 3, .box_h = 5, .ofs_x = 1, .ofs_y = 10},
    {.bitmap_index = 67812, .adv_w = 128, .box_w = 8, .box_h = 6, .ofs_x = 0, .ofs_y = 8},
    {.bitmap_index = 67836, .adv_w = 128, .box_w = 8, .box_h = 6, .ofs_x = 0, .ofs_y = 8},
    {.bitmap_index = 67860, .adv_w = 126, .box_w = 8, .box_h = 6, .ofs_x = 0, .ofs_y = -3},
    {.bitmap_index = 67884, .adv_w = 107, .box_w = 6, .box_h = 5, .ofs_x = 0, .ofs_y = 10},
    {.bitmap_index = 67899, .adv_w = 187, .box_w = 9, .box_h = 14, .ofs_x = 1, .ofs_y = 0},
    {.bitmap_index = 67962, .adv_w = 187, .box_w = 9, .box_h = 14, .ofs_x = 1, .ofs_y = 0},
    {.bitmap_index = 68025, .adv_w = 105, .box_w = 6, .box_h = 5, .ofs_x = 0, .ofs_y = 4},
    {.bitmap_index = 68040, .adv_w = 112, .box_w = 6, .box_h = 7, .ofs_x = 1, .ofs_y = 4},
    {.bitmap_index = 68061, .adv_w = 89, .box_w = 3, .box_h = 3, .ofs_x = 1, .ofs_y = 0},
    {.bitmap_index = 68066, .adv_w = 178, .box_w = 9, .box_h = 3, .ofs_x = 1, .ofs_y = 0},
    {.bitmap_index = 68080, .adv_w = 196, .box_w = 12, .box_h = 3, .ofs_x = 0, .ofs_y = 0},
    {.bitmap_index = 68098, .adv_w = 111, .box_w = 7, .box_h = 9, .ofs_x = 0, .ofs_y = 2},
    {.bitmap_index = 68130, .adv_w = 242, .box_w = 15, .box_h = 16, .ofs_x = 0, .ofs_y = -1},
    {.bitmap_index = 68250, .adv_w = 183, .box_w = 12, .box_h = 15, .ofs_x = 0, .ofs_y = -2}
};

/*---------------------
 *  CHARACTER MAPPING
 *--------------------*/

static const uint16_t unicode_list_9[] = {
    0x0, 0x6d9, 0x6dd
};

/*Collect the unicode lists and glyph_id offsets*/
static const lv_font_fmt_txt_cmap_t cmaps[] =
{
    {
        .range_start = 32, .range_length = 95, .glyph_id_start = 1,
        .unicode_list = NULL, .glyph_id_ofs_list = NULL, .list_length = 0, .type = LV_FONT_FMT_TXT_CMAP_FORMAT0_TINY
    },
    {
        .range_start = 160, .range_length = 86, .glyph_id_start = 96,
        .unicode_list = NULL, .glyph_id_ofs_list = NULL, .list_length = 0, .type = LV_FONT_FMT_TXT_CMAP_FORMAT0_TINY
    },
    {
        .range_start = 246, .range_length = 256, .glyph_id_start = 182,
        .unicode_list = NULL, .glyph_id_ofs_list = NULL, .list_length = 0, .type = LV_FONT_FMT_TXT_CMAP_FORMAT0_TINY
    },
    {
        .range_start = 506, .range_length = 34, .glyph_id_start = 438,
        .unicode_list = NULL, .glyph_id_ofs_list = NULL, .list_length = 0, .type = LV_FONT_FMT_TXT_CMAP_FORMAT0_TINY
    },
    {
        .range_start = 567, .range_length = 1, .glyph_id_start = 472,
        .unicode_list = NULL, .glyph_id_ofs_list = NULL, .list_length = 0, .type = LV_FONT_FMT_TXT_CMAP_FORMAT0_TINY
    },
    {
        .range_start = 7680, .range_length = 156, .glyph_id_start = 473,
        .unicode_list = NULL, .glyph_id_ofs_list = NULL, .list_length = 0, .type = LV_FONT_FMT_TXT_CMAP_FORMAT0_TINY
    },
    {
        .range_start = 7838, .range_length = 1, .glyph_id_start = 629,
        .unicode_list = NULL, .glyph_id_ofs_list = NULL, .list_length = 0, .type = LV_FONT_FMT_TXT_CMAP_FORMAT0_TINY
    },
    {
        .range_start = 7840, .range_length = 90, .glyph_id_start = 630,
        .unicode_list = NULL, .glyph_id_ofs_list = NULL, .list_length = 0, .type = LV_FONT_FMT_TXT_CMAP_FORMAT0_TINY
    },
    {
        .range_start = 8211, .range_length = 20, .glyph_id_start = 720,
        .unicode_list = NULL, .glyph_id_ofs_list = NULL, .list_length = 0, .type = LV_FONT_FMT_TXT_CMAP_FORMAT0_TINY
    },
    {
        .range_start = 8250, .range_length = 1758, .glyph_id_start = 740,
        .unicode_list = unicode_list_9, .glyph_id_ofs_list = NULL, .list_length = 3, .type = LV_FONT_FMT_TXT_CMAP_SPARSE_TINY
    }
};

/*-----------------
 *    KERNING
 *----------------*/


/*Map glyph_ids to kern left classes*/
static const uint8_t kern_left_class_mapping[] =
{
    0, 0, 0, 1, 0, 0, 0, 2,
    1, 3, 0, 4, 5, 6, 7, 6,
    8, 9, 10, 11, 12, 13, 14, 15,
    16, 17, 9, 18, 18, 5, 5, 5,
    0, 0, 19, 20, 21, 22, 23, 24,
    25, 26, 26, 27, 28, 29, 26, 26,
    22, 30, 22, 31, 22, 32, 27, 33,
    33, 28, 34, 35, 36, 37, 0, 5,
    0, 0, 38, 39, 39, 26, 39, 40,
    41, 42, 26, 26, 43, 38, 42, 42,
    39, 39, 41, 44, 39, 45, 41, 46,
    46, 47, 46, 48, 49, 0, 0, 5,
    0, 50, 51, 0, 0, 10, 0, 0,
    0, 52, 53, 54, 5, 0, 0, 0,
    0, 5, 0, 0, 0, 0, 0, 0,
    0, 0, 53, 55, 0, 0, 0, 56,
    19, 19, 19, 19, 19, 19, 23, 21,
    23, 23, 23, 23, 26, 26, 26, 26,
    51, 26, 22, 22, 22, 22, 22, 5,
    22, 27, 27, 27, 27, 34, 22, 0,
    38, 38, 38, 38, 38, 38, 39, 39,
    39, 39, 39, 39, 26, 26, 26, 26,
    39, 42, 39, 39, 39, 39, 39, 5,
    39, 41, 41, 41, 41, 46, 39, 46,
    19, 38, 19, 38, 19, 38, 21, 39,
    21, 39, 21, 39, 21, 39, 51, 57,
    22, 0, 23, 39, 0, 0, 23, 39,
    23, 39, 23, 39, 25, 41, 25, 41,
    25, 41, 25, 41, 26, 42, 26, 42,
    26, 26, 26, 26, 0, 0, 26, 26,
    26, 26, 27, 26, 27, 26, 28, 47,
    0, 29, 38, 29, 38, 58, 57, 0,
    0, 29, 38, 26, 42, 26, 42, 26,
    42, 0, 26, 42, 22, 39, 0, 0,
    22, 39, 23, 39, 31, 44, 31, 44,
    31, 44, 22, 39, 22, 39, 22, 39,
    22, 39, 32, 45, 32, 57, 32, 45,
    27, 41, 27, 41, 27, 41, 27, 41,
    27, 41, 27, 41, 33, 46, 34, 46,
    34, 35, 48, 35, 48, 35, 48, 0,
    0, 0, 0, 0, 0, 0, 0, 0,
    0, 0, 0, 0, 0, 0, 0, 22,
    0, 0, 40, 0, 0, 0, 0, 0,
    0, 0, 0, 0, 0, 0, 0, 0,
    22, 39, 0, 0, 0, 0, 0, 0,
    0, 0, 0, 0, 0, 0, 0, 59,
    41, 0, 0, 0, 0, 0, 0, 0,
    0, 0, 0, 0, 0, 0, 0, 0,
    0, 0, 0, 0, 0, 0, 0, 0,
    0, 0, 0, 0, 0, 19, 38, 0,
    0, 0, 0, 0, 0, 0, 0, 0,
    0, 0, 0, 0, 0, 0, 0, 0,
    0, 0, 0, 0, 25, 41, 25, 41,
    28, 47, 0, 0, 0, 0, 0, 0,
    0, 0, 0, 0, 0, 0, 0, 0,
    0, 0, 0, 0, 0, 0, 0, 0,
    0, 0, 0, 0, 0, 0, 0, 0,
    0, 0, 0, 0, 0, 0, 0, 0,
    0, 0, 0, 0, 22, 39, 32, 45,
    26, 0, 0, 0, 0, 0, 0, 0,
    0, 0, 0, 0, 0, 0, 0, 0,
    0, 0, 0, 0, 0, 0, 0, 0,
    0, 0, 0, 0, 0, 0, 0, 0,
    0, 25, 41, 0, 0, 0, 0, 0,
    0, 0, 0, 0, 0, 0, 0, 0,
    0, 0, 0, 0, 0, 0, 0, 0,
    0, 0, 0, 0, 0, 0, 0, 0,
    0, 0, 0, 0, 0, 0, 0, 0,
    0, 0, 0, 0, 0, 0, 0, 0,
    0, 0, 0, 0, 0, 0, 0, 0,
    0, 0, 0, 0, 0, 0, 0, 0,
    0, 0, 0, 0, 0, 0, 0, 0,
    0, 0, 0, 0, 0, 0, 0, 0,
    0, 0, 0, 0, 0, 0, 0, 0,
    0, 0, 0, 0, 0, 0, 0, 0,
    0, 33, 46, 33, 46, 33, 46, 0,
    0, 0, 0, 0, 0, 0, 0, 0,
    0, 0, 0, 0, 0, 0, 0, 0,
    0, 0, 0, 0, 0, 20, 19, 38,
    19, 38, 19, 38, 19, 38, 19, 38,
    19, 38, 19, 38, 19, 38, 19, 38,
    19, 38, 19, 38, 19, 38, 23, 39,
    23, 39, 23, 39, 23, 39, 23, 39,
    23, 39, 23, 39, 23, 39, 23, 26,
    26, 26, 22, 39, 22, 39, 22, 39,
    22, 39, 22, 39, 22, 39, 22, 39,
    22, 39, 22, 39, 22, 39, 22, 39,
    22, 39, 27, 41, 27, 41, 59, 41,
    59, 41, 59, 41, 59, 41, 59, 41,
    34, 46, 34, 46, 34, 46, 34, 46,
    0, 0, 0, 0, 0, 60, 61, 6,
    0, 60, 61, 6, 0, 0, 0, 0,
    0, 0, 0, 6, 62, 0, 0
};

/*Map glyph_ids to kern right classes*/
static const uint8_t kern_right_class_mapping[] =
{
    0, 0, 1, 2, 0, 0, 3, 4,
    2, 0, 5, 6, 7, 8, 9, 8,
    10, 11, 12, 13, 14, 15, 16, 11,
    17, 18, 19, 20, 20, 7, 7, 7,
    21, 0, 22, 23, 24, 23, 25, 23,
    24, 23, 23, 26, 27, 27, 23, 28,
    24, 23, 24, 23, 24, 29, 30, 31,
    31, 32, 33, 34, 0, 35, 36, 7,
    0, 0, 37, 23, 38, 38, 38, 39,
    38, 23, 23, 40, 23, 41, 42, 42,
    38, 42, 38, 42, 38, 43, 44, 45,
    45, 46, 45, 47, 0, 0, 48, 7,
    0, 0, 0, 0, 0, 49, 0, 0,
    0, 50, 51, 52, 7, 0, 0, 0,
    0, 7, 0, 0, 0, 0, 0, 0,
    0, 0, 51, 53, 0, 0, 0, 54,
    22, 22, 22, 22, 22, 22, 22, 24,
    23, 23, 23, 23, 23, 23, 23, 23,
    24, 23, 24, 24, 24, 24, 24, 7,
    24, 30, 30, 30, 30, 33, 23, 23,
    37, 37, 37, 37, 37, 37, 37, 38,
    38, 38, 38, 38, 23, 23, 23, 23,
    38, 42, 38, 38, 38, 38, 38, 7,
    38, 44, 44, 44, 44, 45, 23, 45,
    22, 37, 22, 37, 22, 37, 24, 38,
    24, 38, 24, 38, 24, 38, 23, 38,
    23, 38, 23, 38, 0, 0, 23, 38,
    23, 38, 23, 38, 24, 38, 24, 38,
    24, 38, 24, 38, 23, 23, 23, 23,
    23, 23, 23, 23, 0, 0, 23, 23,
    23, 23, 23, 23, 26, 40, 27, 23,
    0, 27, 41, 23, 41, 27, 41, 0,
    0, 55, 41, 23, 42, 23, 42, 23,
    42, 0, 23, 42, 24, 38, 0, 0,
    24, 38, 24, 38, 23, 42, 23, 42,
    23, 42, 24, 38, 24, 38, 24, 38,
    24, 38, 29, 56, 29, 56, 29, 56,
    30, 44, 30, 44, 30, 44, 30, 44,
    30, 44, 30, 44, 31, 45, 33, 45,
    33, 34, 47, 34, 47, 34, 47, 0,
    0, 0, 0, 0, 0, 0, 0, 0,
    0, 0, 0, 0, 0, 0, 0, 24,
    0, 0, 39, 0, 0, 0, 0, 0,
    0, 0, 0, 0, 0, 0, 0, 0,
    24, 38, 0, 0, 0, 0, 0, 0,
    0, 0, 0, 0, 0, 0, 0, 30,
    44, 0, 0, 0, 0, 0, 0, 0,
    0, 0, 0, 0, 0, 0, 0, 0,
    0, 0, 0, 0, 0, 0, 0, 0,
    0, 0, 0, 0, 0, 22, 37, 0,
    0, 0, 0, 0, 0, 0, 0, 0,
    0, 0, 0, 0, 0, 0, 0, 0,
    0, 0, 0, 0, 24, 38, 24, 38,
    27, 23, 0, 0, 0, 0, 0, 0,
    0, 0, 0, 0, 0, 0, 0, 0,
    0, 0, 0, 0, 0, 0, 0, 0,
    0, 0, 0, 0, 0, 0, 0, 0,
    0, 0, 0, 0, 0, 0, 0, 0,
    0, 0, 0, 0, 24, 38, 29, 56,
    40, 0, 0, 0, 0, 0, 0, 0,
    0, 0, 0, 0, 0, 0, 0, 0,
    0, 0, 0, 0, 0, 0, 0, 0,
    0, 0, 0, 0, 0, 0, 0, 0,
    0, 24, 38, 0, 0, 0, 0, 0,
    0, 0, 0, 0, 0, 0, 0, 0,
    0, 0, 0, 0, 0, 0, 0, 0,
    0, 0, 0, 0, 0, 0, 0, 0,
    0, 0, 0, 0, 0, 0, 0, 0,
    0, 0, 0, 0, 0, 0, 0, 0,
    0, 0, 0, 0, 0, 0, 0, 0,
    0, 0, 0, 0, 0, 0, 0, 0,
    0, 0, 0, 0, 0, 0, 0, 0,
    0, 0, 0, 0, 0, 0, 0, 0,
    0, 0, 0, 0, 0, 0, 0, 0,
    0, 0, 0, 0, 0, 0, 0, 0,
    0, 31, 45, 31, 45, 31, 45, 0,
    0, 0, 0, 0, 0, 0, 0, 0,
    0, 0, 0, 0, 0, 0, 0, 0,
    0, 0, 0, 0, 0, 23, 22, 37,
    22, 37, 22, 37, 22, 37, 22, 37,
    22, 37, 22, 37, 22, 37, 22, 37,
    22, 37, 22, 37, 22, 37, 23, 38,
    23, 38, 23, 38, 23, 38, 23, 38,
    23, 38, 23, 38, 23, 38, 23, 23,
    23, 23, 24, 38, 24, 38, 24, 38,
    24, 38, 24, 38, 24, 38, 24, 38,
    24, 38, 24, 38, 24, 38, 24, 38,
    24, 38, 30, 44, 30, 44, 30, 44,
    30, 44, 30, 44, 30, 44, 30, 44,
    33, 45, 33, 45, 33, 45, 33, 45,
    0, 0, 0, 0, 0, 57, 58, 8,
    0, 57, 59, 8, 0, 0, 0, 0,
    0, 0, 0, 8, 53, 0, 0
};

/*Kern values between classes*/
static const int8_t kern_class_values[] =
{
    0, 0, 0, 0, 0, 0, 0, 0,
    0, -16, 0, 0, 0, 0, -10, 0,
    3, 0, 0, 0, 0, 0, 0, 0,
    0, 0, 0, 0, 0, 0, 0, 0,
    0, 0, 0, 0, 0, 0, 0, 0,
    0, 0, 0, 0, 0, 0, 0, 0,
    0, 0, 0, 0, 0, -13, 0, 0,
    0, 0, 0, 0, 0, 0, 0, 0,
    0, 0, 0, 0, 0, 0, 0, 0,
    0, 0, 0, -19, 0, 0, 0, 0,
    0, 0, 0, 0, 0, 0, 0, 0,
    0, 0, 0, 0, 0, -13, 0, 0,
    0, 0, 0, 0, 0, 0, 0, 0,
    0, 0, 0, 0, 0, 0, 0, 0,
    0, 0, 0, 0, 0, 0, 0, 0,
    0, 0, 0, 0, 0, 0, 0, 0,
    0, 0, -3, -2, -11, 0, 0, -3,
    0, 0, 0, 0, 0, 0, 0, 0,
    0, 0, 0, 0, 0, 0, 0, 0,
    0, 0, 0, 0, 0, 0, 0, 0,
    0, 0, 0, 0, 0, 0, 0, -5,
    0, 0, 0, 0, 0, 0, 0, 0,
    0, 0, 0, 0, 0, 0, 0, 0,
    -13, 0, -23, 0, 0, 0, 0, 0,
    0, 4, 0, 0, 0, 0, 0, 0,
    0, 0, 0, 0, 0, 0, 0, 0,
    0, 0, 0, 0, 0, 0, 0, 0,
    0, 0, 0, 0, 0, 0, 0, 0,
    0, 0, 0, 0, 0, 0, 0, 0,
    0, 0, 0, 0, 0, 0, 0, 0,
    0, 0, 0, 0, 0, 0, 0, 0,
    0, 0, 0, 0, -6, 0, 0, 0,
    0, 0, 0, 0, 0, 0, 0, 0,
    0, 0, 0, 0, 0, 0, 0, 0,
    0, 0, 0, 0, 0, 0, 0, 0,
    0, 0, 0, 0, 0, 0, 0, 0,
    0, 0, 0, 0, 0, 0, 0, 0,
    0, 0, 0, 0, -13, 0, 0, 0,
    0, 0, -24, 0, 0, 0, 0, -19,
    0, 0, 0, 0, 0, 0, 0, 0,
    0, 0, 0, 0, 0, 0, 0, 0,
    0, -25, 0, 0, 0, 0, 0, 0,
    0, 0, 0, 0, 0, 0, 0, 0,
    -6, 0, 0, 0, 0, 0, 0, 0,
    0, 0, 0, 0, 0, 0, 0, 0,
    0, 0, 0, 0, 0, -6, 0, 0,
    3, 0, -13, 0, 0, 0, 0, 0,
    0, 0, 0, 0, 0, 0, 0, 0,
    0, 0, 0, 0, 0, 0, 0, 0,
    0, 0, 0, 0, 0, 0, 0, 0,
    0, 0, 0, 0, 0, 0, 0, 0,
    0, 0, 0, 0, 0, -10, 0, 0,
    -7, 0, 0, 0, -25, 0, -35, -6,
    -6, -13, -13, -24, -3, 1, -6, -6,
    -10, -10, 0, 0, 0, 0, 0, 0,
    0, 0, 0, 0, 0, 0, 0, -3,
    0, 0, 0, 0, 0, 0, 0, 0,
    0, 0, 0, 0, 0, -5, -12, 0,
    -17, -8, 0, 0, 0, 0, 0, 0,
    0, 0, 0, 0, 0, 0, 0, 0,
    0, 0, 3, -3, 0, 0, -2, 0,
    -13, 0, 0, 0, 0, 0, 0, 0,
    0, 0, 0, 0, 0, 0, 0, 0,
    0, 0, 0, 0, 0, 0, 0, 0,
    0, 0, 0, 0, 0, 0, 0, 0,
    0, 0, 0, 0, 0, 0, 0, 0,
    0, 0, 0, 0, 0, 0, 0, 0,
    0, 0, 0, -3, -6, -4, -13, -3,
    0, -6, 0, -7, -6, 0, 0, 0,
    0, 0, 0, 0, 0, 0, 0, 0,
    0, 0, 0, 0, 0, 0, 0, 0,
    0, 0, 0, 0, 0, 0, 0, 0,
    0, 0, 0, -4, -4, 0, 0, 0,
    0, 0, 0, -6, -6, -6, 0, 0,
    0, 0, 0, 0, 0, 0, -10, -3,
    0, -3, 0, -7, -12, 0, -9, 0,
    0, 0, 0, 0, 0, 0, 0, 0,
    0, 0, 0, 0, 0, 0, 0, 0,
    0, 0, 0, 0, 0, 0, 0, 0,
    0, 0, 0, 0, 0, 0, 0, -4,
    0, 0, 0, 0, 0, 0, 0, 0,
    0, 0, 0, 0, 0, -2, 0, 0,
    0, 0, -11, 0, 0, 0, 0, 0,
    0, -6, 0, 0, 0, 0, 0, 0,
    0, 0, 0, 0, 0, 0, 0, 0,
    0, 0, 0, 0, 0, 0, 0, 0,
    0, 0, 0, 0, 0, 0, 0, 0,
    0, 0, 0, 0, 0, 0, 0, 0,
    0, 0, 0, 0, 0, -3, -6, 0,
    0, 0, 0, 0, -3, 0, -3, -6,
    0, -6, 0, 0, -10, 0, 0, -6,
    0, 0, 0, 0, 0, 0, 0, 0,
    0, 0, 0, 0, 0, 0, 0, 0,
    0, 0, 0, 0, 0, 0, 0, 0,
    0, 0, 0, 0, 0, 0, 0, 0,
    0, 0, 0, 0, 0, 0, 0, 0,
    0, 0, 0, -4, 0, 0, 0, 0,
    -6, -6, 0, -3, 0, 0, 0, -16,
    0, 0, 0, 0, 0, 0, 0, 0,
    0, 0, 0, 0, 0, 0, 0, 0,
    0, 0, 0, 0, 0, 0, 0, 0,
    0, 0, 0, 0, 0, 0, 0, 0,
    0, 0, 0, 0, 0, 0, 0, 0,
    0, 0, 0, 0, 0, 0, 0, 0,
    0, 0, 0, -7, 0, -6, -4, 0,
    0, 0, -12, 0, 0, 0, 0, 0,
    0, 0, 0, 0, 0, 0, 0, 0,
    0, 0, 0, 0, 0, 0, 0, 0,
    0, 0, 0, 0, 0, 0, 0, 0,
    0, 0, 0, 0, 0, 0, 0, 0,
    0, 0, 0, 0, 0, 0, 0, 4,
    0, 0, 0, 0, -31, -12, -18, 0,
    3, -3, 0, -17, 0, 6, -3, 0,
    -6, 0, 0, 0, 0, 0, 0, 0,
    0, 0, 0, 0, 0, 0, 0, 0,
    10, 0, 0, 0, 0, 0, 0, 0,
    0, 0, 0, 0, 10, 0, -3, 0,
    0, 0, 0, 0, 0, 0, 0, 0,
    0, 0, 0, 0, -3, 0, 0, 0,
    0, 0, 0, -6, 0, 0, 0, 0,
    -6, 0, 0, 0, 0, 0, 0, 0,
    0, 0, 0, 0, 0, 0, 0, 0,
    0, 0, 0, 0, 0, 0, 0, 0,
    0, 0, 0, 0, 0, 0, 0, 0,
    0, 0, 0, 0, 0, 0, 0, 0,
    0, 0, 0, 0, 0, 0, 0, 0,
    0, 0, 0, 0, -6, 0, 0, 0,
    0, -6, 0, -19, 0, 0, 0, 0,
    0, 0, 0, 0, 0, 0, 0, 0,
    0, 0, 0, 0, 0, -10, 0, 0,
    0, 0, 0, 0, 0, 0, 0, 0,
    0, 0, 0, 0, -3, 0, 0, 0,
    0, 0, 0, 0, 0, 0, -3, -16,
    0, 0, 0, -23, 0, 0, 0, 0,
    0, 0, 0, -11, 0, 0, -30, 0,
    0, -6, -17, 0, -7, -11, -7, -10,
    -5, -7, -30, -6, -35, 0, -24, -3,
    -35, 0, 0, -6, -13, 0, -7, -6,
    -20, -7, -20, -10, -4, 0, -5, -11,
    -23, 0, 0, 0, 0, -20, 0, 0,
    0, 0, 0, 0, 0, 0, 0, 0,
    0, 0, -7, 0, 0, 0, 0, 0,
    0, -12, 0, 0, -6, -9, -7, -3,
    -3, -5, 0, 0, -3, -12, 0, -11,
    0, -14, 0, -11, 0, -3, -1, -6,
    -4, -4, -3, -6, -4, -11, -14, -7,
    0, 0, -3, 0, 0, 0, 0, 0,
    0, 0, 0, 0, 0, 0, 0, 0,
    0, 0, 0, 0, 0, -8, 0, 0,
    0, 0, 0, 0, -5, 0, 0, 0,
    0, -8, -1, 0, -1, 0, -3, -1,
    -5, 0, -7, -6, -7, 0, -7, 0,
    -2, -3, -6, 0, -4, -3, -3, -4,
    -4, -10, -3, 0, -3, 0, 0, 0,
    0, 0, 0, -3, 0, 0, 0, 0,
    0, 0, 0, -6, -3, 0, -6, 0,
    -12, 0, 0, -4, 0, 0, 0, -13,
    0, 0, -3, -6, -12, 3, 0, 3,
    -4, -4, 3, -13, 0, -12, -10, -13,
    -3, -12, 0, 3, 4, -3, -6, 0,
    0, -7, 0, -5, -8, 0, 0, -4,
    0, -3, 0, 0, 0, -3, -7, 0,
    0, 0, 0, 0, 0, 0, 0, 0,
    0, 0, 0, 0, 0, 0, 0, 0,
    0, 0, 0, 0, 0, -3, -6, 0,
    -3, 0, -3, 0, 0, -3, 0, 0,
    4, 0, -6, 0, 4, 0, -3, -6,
    -10, -4, 0, 0, -12, 0, -7, -10,
    -1, 0, 0, 0, 0, 0, 0, 0,
    0, -12, 0, 0, 0, 0, 0, 0,
    0, 0, 0, 0, -26, 0, -26, 0,
    0, 0, 0, 0, 0, 0, 0, 0,
    -10, -6, -26, -6, 0, -6, -19, -9,
    -6, 0, 0, 0, -6, -6, -6, 0,
    0, -7, -9, -3, -10, -6, -9, -12,
    -10, -13, -15, -10, 0, -9, 0, 0,
    0, 0, 0, 0, -12, 0, 0, 0,
    0, 0, 0, 0, 0, 0, 0, 0,
    0, 0, 0, 0, 0, 0, 0, 0,
    -6, 0, 0, 0, 0, 0, 0, 0,
    0, 0, 0, 0, -6, 0, -10, -4,
    -6, 0, -10, 0, 3, 3, -4, 0,
    0, 0, -4, 0, -2, -5, 1, 0,
    0, 0, 0, 0, 0, 0, 0, -4,
    0, 0, 0, 0, 0, 0, 0, 0,
    0, 0, 0, 0, -3, 0, 0, 0,
    0, 0, 0, -12, 0, 0, 0, -3,
    -3, -6, -5, -6, -6, 0, -6, -12,
    5, -7, -3, -6, -1, -7, 0, -3,
    -3, -14, -5, -3, 2, -12, -6, -3,
    -16, -3, 0, 0, -5, 0, 0, 0,
    0, 0, -12, 0, 0, 0, 0, 0,
    0, 0, 0, 0, 0, 0, 0, -6,
    0, 0, 0, 0, 0, 0, 0, 0,
    0, 0, 0, -6, 5, 0, 5, -8,
    0, 5, 0, 1, 0, -6, -6, 0,
    0, 0, 0, -2, -6, -2, 0, 0,
    -6, 0, -6, -10, -6, 0, 0, 0,
    0, 0, 0, 0, 0, -6, 0, 0,
    0, 0, 0, 0, 0, 0, -4, 0,
    0, 0, 0, 0, 0, 0, 0, 0,
    0, -1, 0, 0, -6, -7, 0, -3,
    -13, -3, -10, -6, -3, -1, -6, -3,
    0, 0, -3, -3, 0, -5, -16, -17,
    -3, 0, -6, -16, -10, -10, -10, 0,
    0, -6, -13, -4, 0, 0, 0, 0,
    -16, 0, 0, 0, -6, -31, 0, 0,
    0, -38, 0, -3, 0, -6, 0, 0,
    0, 0, 0, 0, -44, 0, 0, -6,
    -26, -6, -14, -15, -14, -17, -9, -14,
    -44, -15, -49, 0, -51, -6, -49, 0,
    0, -12, -18, -6, -12, 0, -24, -12,
    -26, -15, -6, 0, -9, -15, -38, 0,
    0, 0, 0, -24, 0, 0, 0, -3,
    0, 0, 0, 0, 0, 0, -35, -9,
    -24, 0, 0, 0, 0, 0, 0, 0,
    0, 0, -6, -6, -24, -6, -4, -6,
    -26, 0, -6, 0, 0, -13, -13, -13,
    -7, -13, 0, -7, -9, 0, 0, 0,
    -3, 0, -9, -6, -13, -10, 0, 0,
    -4, 0, 0, 0, 0, 0, 0, 0,
    0, 0, 0, 0, 0, 0, 0, 0,
    0, 0, 0, -3, 0, 0, 0, 0,
    0, 0, -6, 0, 0, -3, -6, -3,
    0, -5, 0, 0, -4, 0, -6, 0,
    -16, 0, -7, 0, -16, 0, -2, -4,
    -9, -4, 0, 0, -10, -3, -7, -8,
    0, 0, -4, -5, 0, 0, 0, 0,
    0, -10, 0, 0, 0, 0, 3, 0,
    -8, 0, 4, 0, -31, -12, -30, 0,
    0, 0, 0, -9, 0, 3, 0, 0,
    -19, -6, -30, -8, -13, -8, -38, -12,
    -8, 3, 0, -3, -1, 3, 0, -3,
    6, -22, -26, -12, -14, -6, -15, -12,
    -20, -14, -18, -15, 0, -12, -13, 4,
    -18, -19, 0, 0, -12, 0, 2, 2,
    -10, 0, 0, -7, 0, 0, 0, -25,
    0, -35, -6, -6, -13, -13, -24, -3,
    1, -6, -6, -10, -10, -35, -8, -12,
    -8, -26, -5, -8, 1, 0, -3, -3,
    0, -4, -3, 0, -16, -14, -16, -15,
    -9, -11, -13, -17, -13, -20, -12, 0,
    -5, -12, 0, -17, -8, 0, 0, -13,
    0, 0, 0, 0, 0, 0, 0, 0,
    0, -6, 0, 0, -24, 0, 0, 0,
    0, 0, 0, 3, 0, 0, 0, 0,
    -24, -6, -13, -6, -40, 0, -6, 3,
    -6, 0, 0, 6, -3, 0, 0, -20,
    -22, -17, -14, -6, -19, -19, -19, -13,
    -19, -23, 0, 0, -13, 0, 0, 0,
    0, -6, -19, 0, 0, 0, 0, 0,
    0, 0, 0, 0, 0, 0, -6, -6,
    0, 0, 0, 0, 0, 0, 0, 0,
    0, 0, -6, -6, -1, -6, -1, -9,
    0, -1, 0, 0, -4, -3, -3, 0,
    -4, 0, -3, -11, -13, -5, -2, -3,
    -10, -6, -10, -13, -6, 0, 0, -6,
    0, 0, 0, 0, 0, -10, 0, 0,
    0, 0, 0, 0, 0, 0, 0, 0,
    0, 0, 0, 0, 0, 0, 0, 0,
    0, 6, 0, 0, 0, 0, 0, 0,
    0, 0, 0, 0, 0, 6, 0, 0,
    0, 0, 0, 0, 0, 0, 0, 0,
    10, 0, 0, 0, 0, 0, 0, 0,
    0, 0, 0, 0, 0, 0, 0, 0,
    0, 0, 0, 0, -3, -16, 0, 0,
    0, -23, 0, 0, 0, 0, 0, 0,
    0, -11, 0, 0, -30, 0, 0, -6,
    -17, 0, 0, 0, 0, 0, 0, 0,
    0, 0, 0, 0, 0, 0, -35, 0,
    0, 0, 0, 0, 0, 0, 0, 0,
    0, 0, 0, 0, -5, -11, 0, 0,
    0, 0, 0, 0, 0, 0, 0, 0,
    0, 0, 0, 0, -7, 0, 6, 0,
    0, 0, 0, 0, 0, 0, 0, 0,
    0, 0, 0, -7, 0, -3, 0, -3,
    0, 0, -3, 0, 0, 0, 0, 0,
    0, 0, 0, 0, -2, -4, 1, -3,
    -1, -15, -3, -9, -9, -3, 0, 0,
    0, -7, 0, 0, 0, 0, -15, 0,
    0, 0, 0, -3, 0, 0, 0, -7,
    0, 0, 0, -3, 0, 0, 0, 0,
    0, 0, -22, 0, 0, 0, -13, -3,
    -3, 0, -3, 0, 0, -3, -22, 0,
    -16, -6, -16, 0, -16, 0, 0, -3,
    -10, -6, -2, -3, -9, -3, -8, -17,
    -8, 0, 0, 0, -7, 0, 0, 0,
    0, -9, 0, 0, 0, 0, 0, 0,
    0, 0, 4, 0, -19, -9, -13, 0,
    0, 0, 0, 0, 0, 0, 0, 0,
    -8, 0, -13, -11, 0, -11, 0, 0,
    -11, 0, 0, 0, 0, 0, 0, 0,
    4, -10, -13, -17, -15, -6, -9, -12,
    0, -12, -13, -4, 0, 0, 0, 4,
    0, 0, 0, 0, -12, 3, 0, 0,
    0, 0, 0, 0, 0, 0, 0, 0,
    0, 0, 0, 0, 0, 0, 0, 0,
    -17, 0, 0, 0, -6, 0, -4, 0,
    -4, 0, 0, -4, -17, 0, -7, 0,
    -6, 0, -7, 0, 0, -3, -6, -1,
    0, 0, -8, 0, -6, -6, -3, 0,
    0, 0, 0, 0, 0, 0, 0, -8,
    0, 0, 0, 0, 0, 0, 0, 0,
    -6, 0, 0, 0, 0, 0, 0, 0,
    0, 0, 0, -13, 0, 0, 0, -6,
    0, -2, 0, -2, 0, 0, -2, -13,
    0, -6, -3, -13, 0, -6, 0, -4,
    -4, -10, -10, -4, -6, -12, -4, -11,
    -16, -6, 0, 0, 0, -6, 0, 0,
    0, 0, -12, 0, 0, 0, -6, 0,
    0, 0, 0, -6, 0, -6, -21, 0,
    0, 0, 0, 0, 0, 0, -6, 0,
    0, -13, -10, 0, -16, -3, -16, 0,
    0, -16, -6, 0, 0, 0, 0, 0,
    0, 0, -15, -18, -19, -9, -13, -13,
    -16, -6, -22, -13, -10, 0, 0, -3,
    -6, 0, 0, 0, 0, -16, 0, 0,
    0, 0, 0, 0, 0, 0, 0, 0,
    -19, -12, -10, 0, 0, 0, 0, 0,
    0, -12, 0, 0, -15, 0, -10, -9,
    0, -9, 0, 0, -9, -12, 0, 0,
    0, 0, 0, 0, 0, -12, -13, -17,
    -15, -9, -12, -14, -6, -8, -22, -10,
    0, 0, 0, 0, -12, 0, 0, 0,
    -14, 0, 0, 0, 0, 0, 0, 0,
    0, 0, 0, 9, -9, 3, 0, 0,
    0, 0, 0, 0, 0, 0, 0, 0,
    0, 3, -4, 0, -4, 0, 0, -4,
    0, 0, -4, 0, 0, 9, -4, 0,
    -3, -5, -9, -3, 0, 2, -11, -1,
    -4, -10, 1, 0, 0, 0, 0, 0,
    0, 0, 0, -11, 0, 0, 0, 0,
    0, 0, 0, 0, 0, 0, -18, -3,
    -16, 0, 0, 0, 0, 0, 0, -12,
    0, 0, -6, 0, -16, -3, -5, -3,
    -12, 0, -3, -12, 0, 0, -1, 0,
    0, 0, 0, -8, -9, -3, -8, -3,
    -7, -7, -6, 0, -15, -8, 0, 0,
    -5, 0, 0, 0, 0, 0, -7, 0,
    0, 0, -6, 0, 0, 0, 0, -6,
    0, -6, -21, 0, 0, 0, 0, 0,
    0, 0, -6, 0, 0, -13, -10, 0,
    -16, -3, -16, 0, 0, -16, -6, 0,
    0, 0, 0, 0, 0, 0, -15, -17,
    -19, -9, -13, -13, -16, -6, -22, -13,
    -10, 0, 0, -3, -6, 0, 0, 0,
    0, -16, 0, 0, 0, 0, 0, 0,
    0, 0, 0, 0, 0, 0, 0, 0,
    0, 0, 0, 0, 0, 0, 0, 0,
    -6, -3, 0, -3, 0, -3, 0, 0,
    -3, 0, 0, -10, -3, 0, 0, -10,
    0, -5, -10, -6, -7, -8, -6, -9,
    -6, -10, -16, -6, 0, 0, 0, 0,
    0, 0, 0, 0, -9, 0, 0, 0,
    0, 0, 0, 0, 0, 0, 0, 0,
    0, 0, 0, 0, 0, 0, 0, 0,
    4, 0, 0, 0, 0, 0, 0, 0,
    0, 0, 0, 0, 4, 0, 0, 0,
    0, 0, 0, 0, 0, 0, 0, 0,
    0, 0, 0, 0, 0, 0, 0, 0,
    0, 0, 0, 0, 0, 0, 0, 0,
    0, 0, 0, 0, 0, 0, 0, 0,
    0, 0, 0, 0, 0, 0, 0, 0,
    0, 0, 0, 0, 0, 0, 0, 0,
    0, 0, 0, 0, 0, 0, 0, 0,
    0, -13, 0, 0, 0, -13, 0, 0,
    0, -3, 0, 0, 0, -4, 0, 0,
    0, 0, 0, 0, 0, 0, 0, 0,
    0, 0, -4, 0, 0, 0, 0, 0,
    0, 0, 0, 0, 0, 0, 0, 0,
    0, 0, 0, 0, 0, 0, -6, 0,
    0, 0, 0, 0, 0, 0, 0, 0,
    0, 0, -6, 0, 0, 0, 0, 0,
    0, 0, 0, 0, 0, 0, 0, 0,
    0, 0, 0, 0, 0, 0, 0, 0,
    0, 0, 0, 0, 0, 0, 0, 0,
    0, 0, 0, 0, 0, -6, -3, 0,
    -6, 0, -12, 0, 0, -4, 0, 0,
    0, -13, 0, 0, -3, -6, 0, 0,
    0, 0, 0, 0, 0, 0, 0, 0,
    0, 0, 0, -12, 0, 0, 0, 0,
    0, 0, 0, 0, 0, 0, 0, 0,
    0, -4, 0, 0, 0, 0, 0, 0,
    0, 0, 0, 0, 0, 0, 0, 0,
    0, 0, 0, -13, 0, -23, 0, 0,
    0, 0, 0, 0, 4, 0, 0, 0,
    0, -23, 0, 0, 0, 0, 0, 0,
    4, 0, 0, 0, 0, 0, 0, 0,
    0, 0, 0, 0, 0, 0, 0, 0,
    0, 0, 0, 0, 0, 0, 0, 0,
    0, 0, 0, 0, 0, 0, 0, 0,
    0, 0, 0, 0, 0, 0, 0, 0,
    0, 0, 0, 0, 0, 0, 0, -18,
    0, 0, 0, 0, 0, 0, 0, 0,
    0, 0, 0, 0, 0, 0, 0, 0,
    0, -13, 0, 0, 0, 0, 0, 0,
    0, 0, 0, 0, 0, 0, 0, 0,
    0, 0, 0, 0, 0, 0, 0, 0,
    0, 0, 0, 0, 0, 0, 0, 0,
    0, 0, 0, 0, 0, 0, 0, 0,
    0, 0, -19, 0, 0, 0, 0, 0,
    0, 0, 0, -1, 0, 0, -19, 0,
    -17, 0, 0, 0, -17, 0, 0, 0,
    0, 0, 0, 0, 0, 0, 0, 0,
    0, 0, 0, 0, 0, 0, 0, 0,
    0, 0, 0, 0, 0, 0, -13, 0,
    0, 0, 0, 0, 0, 0, 0, 0,
    -19, 0, 0, 0, 0, -27, 0, 0,
    0, 0, 0, 0, 0, 0, 0, 0,
    0, 0, 0, 0, 0, 0, 0, -33,
    0, 0, 0, 0, 0, 0, 0, 0,
    0, 0, 0, 0, 0, 0, -17, 0,
    0, 0, 0, 0, 0, 0, 0, 0,
    0, 0, 0, 0, 0, 8, 0, 0,
    0, 0, 0, 0, 0, 0, 0, 0,
    0, 0, 0, 0, 0, 0, 2, 0,
    2, 0, 0, 2, 0, 0, 0, 0,
    0, 0, 0, 0, -3, -6, -4, -4,
    0, 0, -2, 0, -1, -4, 0, 0,
    0, 0, 8, 0, 0, 0, 0, -2,
    0, 0, 12, 0, 0, 0, 0, 0,
    0, 0, 0, 0, 0, 0, 0, 0,
    0, 0, 0, -8, 0, 0, 0, 0,
    0, 0, 0, 0, 0, 0, 0, -8,
    0, -12, 0, -8, 0, -12, 0, 0,
    0, 0, 0, 0, 0, 0, 0, 0,
    0, 0, 0, 0, 0, 0, 0, 0,
    0, 0, 0, 0, 0, 0, 0, 0,
    0, 0, 16, 0, 0, 0, 0, -6,
    0, 0, 0, 0, 0, 0, 9, 0,
    0, 0, 0, -6, 5, 0, 5, -9,
    0, 5, 9, 1, 4, 4, 11, 3,
    4, 17, 0, -3, -6, -2, 0, -3,
    -4, 0, -3, -10, -4, 13, 0, 0,
    0, 0, 0, 0, 0, -4, 0, 0,
    0, 0, 0, 0, 0, 0, 0, 0,
    0, 0, 0, 0, 0, 0, 0, 0,
    0, 0, 0, 0, 0, 0, 0, 0,
    0, 0, -37, 0, 0, 0, 0, 0,
    0, 0, 0, 0, 0, 0, 0, 0,
    0, 0, 0, 0, 0, 0, 0, 0,
    0, 0, 0, 0, 0, 0, 0, 0,
    0, 0, 0, 0, 0, 0, 0, 0,
    0, 0, 0, 0, 0, 0, 0, 3,
    0, 0, 0, 0, 0, 0, 0, 0,
    0, 0, 0, 0, 0, 0, 0, 0,
    0, 0, 0, 0, 0, 0, 0, 0,
    0, 0, 0, 0, 0, 0, 0, 0,
    0, 0, 0, 0, 0, 0, 0, 0,
    0, 0, 0, 0, 0, 0, 0, 0,
    0, 0, 0, 0, 0, 0, 0, 0,
    0, 0, 0, 0, 0, 0, 0, 0,
    0, 0, 0, 0, 0, 0, 0, 0,
    -1, 0, 0, 0, 0, 0, 0, 0,
    0, 0, 0, 0, 0, 0, 0, 0,
    0, 0, 0, 0, 0, 0, 0, 0,
    0, 0, 0, 0, 0, 0, 0, 0,
    0, 0
};


/*Collect the kern class' data in one place*/
static const lv_font_fmt_txt_kern_classes_t kern_classes =
{
    .class_pair_values   = kern_class_values,
    .left_class_mapping  = kern_left_class_mapping,
    .right_class_mapping = kern_right_class_mapping,
    .left_class_cnt      = 62,
    .right_class_cnt     = 59,
};

/*--------------------
 *  ALL CUSTOM DATA
 *--------------------*/

#if LVGL_VERSION_MAJOR == 8
/*Store all the custom data of the font*/
static  lv_font_fmt_txt_glyph_cache_t cache;
#endif

#if LVGL_VERSION_MAJOR >= 8
static const lv_font_fmt_txt_dsc_t font_dsc = {
#else
static lv_font_fmt_txt_dsc_t font_dsc = {
#endif
    .glyph_bitmap = glyph_bitmap,
    .glyph_dsc = glyph_dsc,
    .cmaps = cmaps,
    .kern_dsc = &kern_classes,
    .kern_scale = 16,
    .cmap_num = 10,
    .bpp = 4,
    .kern_classes = 1,
    .bitmap_format = 0,
#if LVGL_VERSION_MAJOR == 8
    .cache = &cache
#endif
};



/*-----------------
 *  PUBLIC FONT
 *----------------*/

/*Initialize a public general font descriptor*/
#if LVGL_VERSION_MAJOR >= 8
const lv_font_t geist_c3_med_20 = {
#else
lv_font_t geist_c3_med_20 = {
#endif
    .get_glyph_dsc = lv_font_get_glyph_dsc_fmt_txt,    /*Function pointer to get glyph's data*/
    .get_glyph_bitmap = lv_font_get_bitmap_fmt_txt,    /*Function pointer to get glyph's bitmap*/
    .line_height = 28,          /*The maximum line height required by the font*/
    .base_line = 5,             /*Baseline measured from the bottom of the line*/
#if !(LVGL_VERSION_MAJOR == 6 && LVGL_VERSION_MINOR == 0)
    .subpx = LV_FONT_SUBPX_NONE,
#endif
#if LV_VERSION_CHECK(7, 4, 0) || LVGL_VERSION_MAJOR >= 8
    .underline_position = -2,
    .underline_thickness = 1,
#endif
    .dsc = &font_dsc,          /*The custom font data. Will be accessed by `get_glyph_bitmap/dsc` */
#if LV_VERSION_CHECK(8, 2, 0) || LVGL_VERSION_MAJOR >= 9
    .fallback = NULL,
#endif
    .user_data = NULL,
};



#endif /*#if GEIST_C3_MED_20*/

