/*******************************************************************************
 * Size: 23 px
 * Bpp: 4
 * Opts: --bpp 4 --size 23 --format lvgl --no-compress --no-prefilter --font fonts/Geist-Medium.ttf --range 0x20-0x7F,0xA0-0x24F,0x1E00-0x1EFF,0x2013-0x2026,0x203A --font /System/Library/Fonts/Supplemental/Arial Unicode.ttf --range 0x00AD,0x0114-0x0115,0x012C-0x012D,0x0138,0x013F-0x0140,0x0149,0x014E-0x014F,0x017F-0x018E,0x0190-0x0191,0x0193-0x019F,0x01A2-0x01AE,0x01B1-0x01CC,0x01CF-0x01E3,0x01EA-0x01F5,0x01FA-0x0217,0x1E00-0x1E1F,0x1E22-0x1E7F,0x1E86-0x1E9B,0x2015-0x2017,0x201B,0x201F,0x2023-0x2025,0x2713,0x2717 -o main/ui/geist_c3_med_23.c --lv-include lvgl.h
 ******************************************************************************/

#ifdef LV_LVGL_H_INCLUDE_SIMPLE
#include "lvgl.h"
#else
#include "lvgl.h"
#endif

#ifndef GEIST_C3_MED_23
#define GEIST_C3_MED_23 1
#endif

#if GEIST_C3_MED_23

/*-----------------
 *    BITMAPS
 *----------------*/

/*Store the image of the glyphs*/
static LV_ATTRIBUTE_LARGE_CONST const uint8_t glyph_bitmap[] = {
    /* U+0020 " " */

    /* U+0021 "!" */
    0x8f, 0xf0, 0x8f, 0xf0, 0x8f, 0xf0, 0x8f, 0xf0,
    0x8f, 0xf0, 0x8f, 0xe0, 0x8f, 0xe0, 0x7f, 0xd0,
    0x6f, 0xc0, 0x5f, 0xb0, 0x3f, 0xa0, 0x2e, 0x80,
    0x0, 0x0, 0x0, 0x0, 0xef, 0xf1, 0xef, 0xf1,
    0xef, 0xf1,

    /* U+0022 "\"" */
    0xff, 0x40, 0xff, 0x4f, 0xf3, 0xf, 0xf4, 0xef,
    0x30, 0xef, 0x3d, 0xf3, 0xe, 0xf2, 0xbf, 0x20,
    0xef, 0xa, 0xf2, 0xd, 0xe0, 0x47, 0x0, 0x66,
    0x0,

    /* U+0023 "#" */
    0x0, 0x0, 0x4f, 0xd0, 0x6, 0xfb, 0x0, 0x0,
    0x7, 0xfb, 0x0, 0x9f, 0x90, 0x0, 0x0, 0xaf,
    0x80, 0xc, 0xf6, 0x0, 0x0, 0xc, 0xf5, 0x0,
    0xef, 0x30, 0x0, 0xff, 0xff, 0xff, 0xff, 0xff,
    0xc0, 0x2f, 0xff, 0xff, 0xff, 0xff, 0xfa, 0x0,
    0x5, 0xfe, 0x0, 0x7f, 0xc0, 0x0, 0x0, 0x7f,
    0xa0, 0x9, 0xf8, 0x0, 0x0, 0xa, 0xf8, 0x0,
    0xcf, 0x60, 0x0, 0x0, 0xcf, 0x50, 0xe, 0xf3,
    0x0, 0x0, 0x1f, 0xf3, 0x12, 0xff, 0x10, 0x0,
    0xef, 0xff, 0xff, 0xff, 0xff, 0xe0, 0xf, 0xff,
    0xff, 0xff, 0xff, 0xfb, 0x0, 0x7, 0xfa, 0x0,
    0x9f, 0x80, 0x0, 0x0, 0xaf, 0x70, 0xc, 0xf5,
    0x0, 0x0, 0xc, 0xf5, 0x0, 0xef, 0x30, 0x0,
    0x0, 0xff, 0x20, 0x1f, 0xf0, 0x0, 0x0,

    /* U+0024 "$" */
    0x0, 0x0, 0x2, 0x83, 0x0, 0x0, 0x0, 0x0,
    0x0, 0x5f, 0x60, 0x0, 0x0, 0x0, 0x0, 0x5,
    0xf6, 0x0, 0x0, 0x0, 0x1, 0x8d, 0xff, 0xf9,
    0x20, 0x0, 0x2, 0xef, 0xff, 0xff, 0xff, 0x50,
    0x0, 0xdf, 0xfa, 0xbf, 0xff, 0xff, 0x30, 0x3f,
    0xf7, 0x5, 0xf6, 0x2e, 0xfb, 0x5, 0xff, 0x20,
    0x5f, 0x60, 0x8f, 0xf0, 0x5f, 0xf4, 0x5, 0xf6,
    0x1, 0x66, 0x11, 0xff, 0xe6, 0x6f, 0x60, 0x0,
    0x0, 0x5, 0xff, 0xff, 0xfe, 0x20, 0x0, 0x0,
    0x2, 0x9e, 0xff, 0xff, 0xc4, 0x0, 0x0, 0x0,
    0x8, 0xff, 0xff, 0xf7, 0x0, 0x0, 0x0, 0x5f,
    0x63, 0xdf, 0xf2, 0x7b, 0x90, 0x5, 0xf6, 0x2,
    0xff, 0x78, 0xff, 0x10, 0x5f, 0x60, 0xf, 0xf8,
    0x2f, 0xfa, 0x5, 0xf6, 0x4, 0xff, 0x50, 0x9f,
    0xfd, 0xcf, 0xc9, 0xff, 0xe0, 0x0, 0xaf, 0xff,
    0xff, 0xff, 0xe3, 0x0, 0x0, 0x4a, 0xff, 0xfc,
    0x81, 0x0, 0x0, 0x0, 0x5, 0xf6, 0x0, 0x0,
    0x0, 0x0, 0x0, 0x5f, 0x60, 0x0, 0x0,

    /* U+0025 "%" */
    0x0, 0x5d, 0xfe, 0x70, 0x0, 0x0, 0x6, 0xf8,
    0x0, 0x5, 0xfe, 0xad, 0xf8, 0x0, 0x0, 0x1f,
    0xd0, 0x0, 0xd, 0xf3, 0x0, 0xef, 0x0, 0x0,
    0xbf, 0x30, 0x0, 0xf, 0xe0, 0x0, 0xbf, 0x20,
    0x6, 0xf8, 0x0, 0x0, 0xf, 0xe0, 0x0, 0xbf,
    0x20, 0x1e, 0xd0, 0x0, 0x0, 0xd, 0xf2, 0x0,
    0xef, 0x0, 0xaf, 0x30, 0x0, 0x0, 0x5, 0xfe,
    0xad, 0xf8, 0x5, 0xf9, 0x0, 0x0, 0x0, 0x0,
    0x5d, 0xfe, 0x70, 0x1e, 0xe0, 0x0, 0x0, 0x0,
    0x0, 0x0, 0x0, 0x0, 0xaf, 0x40, 0x38, 0x84,
    0x0, 0x0, 0x0, 0x0, 0x4, 0xfa, 0x8, 0xff,
    0xff, 0x90, 0x0, 0x0, 0x0, 0x1e, 0xe1, 0x3f,
    0xd2, 0x1d, 0xf3, 0x0, 0x0, 0x0, 0x9f, 0x50,
    0x7f, 0x70, 0x6, 0xf8, 0x0, 0x0, 0x4, 0xfa,
    0x0, 0x9f, 0x40, 0x3, 0xfa, 0x0, 0x0, 0xe,
    0xe1, 0x0, 0x8f, 0x50, 0x4, 0xf9, 0x0, 0x0,
    0x9f, 0x50, 0x0, 0x5f, 0xa0, 0x9, 0xf6, 0x0,
    0x3, 0xfb, 0x0, 0x0, 0xd, 0xfb, 0xbf, 0xd0,
    0x0, 0xd, 0xf1, 0x0, 0x0, 0x1, 0xaf, 0xfb,
    0x20,

    /* U+0026 "&" */
    0x0, 0x0, 0x8d, 0xfe, 0xb4, 0x0, 0x0, 0x0,
    0x0, 0xbf, 0xff, 0xff, 0xf5, 0x0, 0x0, 0x0,
    0x4f, 0xfd, 0x68, 0xff, 0xd0, 0x0, 0x0, 0x7,
    0xff, 0x20, 0xa, 0xff, 0x0, 0x0, 0x0, 0x6f,
    0xf1, 0x0, 0xaf, 0xd0, 0x0, 0x0, 0x3, 0xff,
    0x60, 0x2f, 0xf7, 0x0, 0x0, 0x0, 0xa, 0xfe,
    0x6e, 0xfb, 0x0, 0x0, 0x0, 0x0, 0x1f, 0xff,
    0xf8, 0x0, 0x0, 0x0, 0x0, 0x2d, 0xff, 0xfd,
    0x0, 0x0, 0x0, 0x0, 0x1e, 0xff, 0x9f, 0xf9,
    0x0, 0x4a, 0x80, 0xa, 0xff, 0x30, 0x8f, 0xf6,
    0x7, 0xff, 0x0, 0xff, 0xa0, 0x0, 0xbf, 0xf3,
    0xbf, 0xc0, 0x1f, 0xf7, 0x0, 0x0, 0xdf, 0xef,
    0xf6, 0x0, 0xff, 0xc0, 0x0, 0x2, 0xff, 0xfd,
    0x0, 0xb, 0xff, 0xc6, 0x56, 0xaf, 0xff, 0xb0,
    0x0, 0x2e, 0xff, 0xff, 0xff, 0xff, 0xff, 0x70,
    0x0, 0x18, 0xdf, 0xfe, 0xc8, 0x1b, 0xff, 0x20,

    /* U+0027 "'" */
    0xff, 0x4f, 0xf4, 0xff, 0x3d, 0xf2, 0xcf, 0x1b,
    0xf0, 0x46, 0x0,

    /* U+0028 "(" */
    0x0, 0x8, 0x81, 0x0, 0x6f, 0xd0, 0x0, 0xef,
    0x50, 0x6, 0xfe, 0x0, 0xc, 0xf9, 0x0, 0x2f,
    0xf3, 0x0, 0x6f, 0xf0, 0x0, 0xaf, 0xc0, 0x0,
    0xdf, 0xa0, 0x0, 0xef, 0x80, 0x0, 0xff, 0x70,
    0x0, 0xef, 0x80, 0x0, 0xdf, 0x90, 0x0, 0xbf,
    0xb0, 0x0, 0x8f, 0xe0, 0x0, 0x4f, 0xf1, 0x0,
    0xe, 0xf6, 0x0, 0x9, 0xfc, 0x0, 0x2, 0xff,
    0x20, 0x0, 0xaf, 0x90, 0x0, 0x1f, 0xf1,

    /* U+0029 ")" */
    0x48, 0x50, 0x0, 0x2f, 0xf1, 0x0, 0xa, 0xf9,
    0x0, 0x4, 0xff, 0x10, 0x0, 0xef, 0x70, 0x0,
    0x9f, 0xd0, 0x0, 0x5f, 0xf1, 0x0, 0x1f, 0xf5,
    0x0, 0xf, 0xf7, 0x0, 0xe, 0xf8, 0x0, 0xd,
    0xfa, 0x0, 0xd, 0xf9, 0x0, 0xe, 0xf8, 0x0,
    0xf, 0xf6, 0x0, 0x3f, 0xf3, 0x0, 0x7f, 0xf0,
    0x0, 0xcf, 0xa0, 0x1, 0xff, 0x40, 0x7, 0xfd,
    0x0, 0xe, 0xf4, 0x0, 0x6f, 0xc0, 0x0,

    /* U+002A "*" */
    0x0, 0x0, 0x0, 0x0, 0x0, 0x5, 0xb0, 0xc,
    0x40, 0x0, 0x8f, 0x68, 0xf5, 0x0, 0x0, 0xde,
    0xfb, 0x0, 0xc, 0xce, 0xff, 0xdc, 0xa0, 0xff,
    0xff, 0xff, 0xfe, 0x0, 0xb, 0xff, 0x90, 0x0,
    0x5, 0xf8, 0xaf, 0x30, 0x0, 0x8d, 0x1, 0xe6,
    0x0, 0x0, 0x0, 0x0, 0x0,

    /* U+002B "+" */
    0x0, 0x0, 0x9, 0xf8, 0x0, 0x0, 0x0, 0x0,
    0x9, 0xf8, 0x0, 0x0, 0x0, 0x0, 0x9, 0xf8,
    0x0, 0x0, 0x0, 0x0, 0x9, 0xf8, 0x0, 0x0,
    0x3, 0x33, 0x3c, 0xfb, 0x33, 0x33, 0x1f, 0xff,
    0xff, 0xff, 0xff, 0xff, 0x1f, 0xff, 0xff, 0xff,
    0xff, 0xff, 0x0, 0x0, 0x9, 0xf8, 0x0, 0x0,
    0x0, 0x0, 0x9, 0xf8, 0x0, 0x0, 0x0, 0x0,
    0x9, 0xf8, 0x0, 0x0, 0x0, 0x0, 0x9, 0xf8,
    0x0, 0x0, 0x0, 0x0, 0x4, 0x84, 0x0, 0x0,

    /* U+002C "," */
    0x0, 0x0, 0xf, 0xff, 0xf, 0xff, 0xf, 0xfe,
    0x0, 0xea, 0x3, 0xf5, 0x7, 0xf0, 0xc, 0xa0,

    /* U+002D "-" */
    0x3, 0x33, 0x33, 0x33, 0x20, 0xff, 0xff, 0xff,
    0xfa, 0xf, 0xff, 0xff, 0xff, 0xa0,

    /* U+002E "." */
    0x0, 0x0, 0xf, 0xff, 0xf, 0xff, 0xf, 0xff,

    /* U+002F "/" */
    0x0, 0x0, 0x0, 0x3, 0x87, 0x0, 0x0, 0x0,
    0xa, 0xfa, 0x0, 0x0, 0x0, 0xf, 0xf5, 0x0,
    0x0, 0x0, 0x5f, 0xf0, 0x0, 0x0, 0x0, 0xaf,
    0xa0, 0x0, 0x0, 0x0, 0xff, 0x50, 0x0, 0x0,
    0x5, 0xff, 0x0, 0x0, 0x0, 0xa, 0xfa, 0x0,
    0x0, 0x0, 0xf, 0xf5, 0x0, 0x0, 0x0, 0x5f,
    0xf0, 0x0, 0x0, 0x0, 0xaf, 0xb0, 0x0, 0x0,
    0x0, 0xff, 0x50, 0x0, 0x0, 0x5, 0xff, 0x0,
    0x0, 0x0, 0xa, 0xfb, 0x0, 0x0, 0x0, 0xf,
    0xf5, 0x0, 0x0, 0x0, 0x5f, 0xf1, 0x0, 0x0,
    0x0, 0xaf, 0xb0, 0x0, 0x0, 0x0, 0xff, 0x60,
    0x0, 0x0, 0x5, 0xff, 0x10, 0x0, 0x0, 0xa,
    0xfb, 0x0, 0x0, 0x0, 0xf, 0xf6, 0x0, 0x0,
    0x0,

    /* U+0030 "0" */
    0x0, 0x2, 0x9d, 0xff, 0xc5, 0x0, 0x0, 0x0,
    0x4f, 0xff, 0xff, 0xff, 0xb0, 0x0, 0x3, 0xff,
    0xf9, 0x67, 0xdf, 0xfa, 0x0, 0xc, 0xff, 0x30,
    0x0, 0xa, 0xff, 0x40, 0x3f, 0xf7, 0x0, 0x0,
    0x0, 0xff, 0xb0, 0x8f, 0xf1, 0x0, 0x0, 0x0,
    0x9f, 0xf0, 0xbf, 0xd0, 0x0, 0x0, 0x0, 0x5f,
    0xf3, 0xcf, 0xc0, 0x0, 0x0, 0x0, 0x4f, 0xf4,
    0xdf, 0xb0, 0x0, 0x0, 0x0, 0x3f, 0xf5, 0xdf,
    0xb0, 0x0, 0x0, 0x0, 0x4f, 0xf4, 0xbf, 0xd0,
    0x0, 0x0, 0x0, 0x5f, 0xf3, 0x8f, 0xf1, 0x0,
    0x0, 0x0, 0x9f, 0xf0, 0x4f, 0xf7, 0x0, 0x0,
    0x0, 0xef, 0xb0, 0xd, 0xff, 0x20, 0x0, 0xa,
    0xff, 0x40, 0x3, 0xff, 0xf9, 0x67, 0xcf, 0xfb,
    0x0, 0x0, 0x5f, 0xff, 0xff, 0xff, 0xb0, 0x0,
    0x0, 0x2, 0x9e, 0xff, 0xc6, 0x0, 0x0,

    /* U+0031 "1" */
    0x0, 0x0, 0x2f, 0xd0, 0x0, 0x5, 0xfd, 0x1,
    0x14, 0xdf, 0xd1, 0xff, 0xff, 0xfd, 0x1f, 0xff,
    0xff, 0xd0, 0x0, 0xa, 0xfd, 0x0, 0x0, 0xaf,
    0xd0, 0x0, 0xa, 0xfd, 0x0, 0x0, 0xaf, 0xd0,
    0x0, 0xa, 0xfd, 0x0, 0x0, 0xaf, 0xd0, 0x0,
    0xa, 0xfd, 0x0, 0x0, 0xaf, 0xd0, 0x0, 0xa,
    0xfd, 0x0, 0x0, 0xaf, 0xd0, 0x0, 0xa, 0xfd,
    0x0, 0x0, 0xaf, 0xd0,

    /* U+0032 "2" */
    0x0, 0x4, 0xbe, 0xfe, 0xb6, 0x0, 0x0, 0x9,
    0xff, 0xff, 0xff, 0xfb, 0x0, 0x8, 0xff, 0xe8,
    0x67, 0xdf, 0xf8, 0x1, 0xff, 0xd1, 0x0, 0x0,
    0xdf, 0xe0, 0x5f, 0xf5, 0x0, 0x0, 0x8, 0xff,
    0x14, 0x99, 0x0, 0x0, 0x0, 0x8f, 0xf1, 0x0,
    0x0, 0x0, 0x0, 0xd, 0xfe, 0x0, 0x0, 0x0,
    0x0, 0x2d, 0xff, 0x60, 0x0, 0x0, 0x1, 0x9f,
    0xff, 0x90, 0x0, 0x0, 0x6, 0xff, 0xfe, 0x50,
    0x0, 0x0, 0xa, 0xff, 0xf8, 0x0, 0x0, 0x0,
    0xa, 0xff, 0xc2, 0x0, 0x0, 0x0, 0x7, 0xff,
    0xa0, 0x0, 0x0, 0x0, 0x0, 0xef, 0xd0, 0x0,
    0x0, 0x0, 0x0, 0x5f, 0xfa, 0x55, 0x55, 0x55,
    0x55, 0x8, 0xff, 0xff, 0xff, 0xff, 0xff, 0xf2,
    0x9f, 0xff, 0xff, 0xff, 0xff, 0xff, 0x20,

    /* U+0033 "3" */
    0x0, 0x18, 0xdf, 0xfe, 0xa4, 0x0, 0x0, 0x3e,
    0xff, 0xff, 0xff, 0xf8, 0x0, 0xe, 0xff, 0xa6,
    0x68, 0xef, 0xf4, 0x5, 0xff, 0x60, 0x0, 0x2,
    0xff, 0x90, 0x24, 0x40, 0x0, 0x0, 0xe, 0xfa,
    0x0, 0x0, 0x0, 0x0, 0x2, 0xff, 0x70, 0x0,
    0x0, 0x14, 0x47, 0xef, 0xd0, 0x0, 0x0, 0x4,
    0xff, 0xff, 0x80, 0x0, 0x0, 0x0, 0x4f, 0xff,
    0xff, 0x60, 0x0, 0x0, 0x0, 0x0, 0x3a, 0xff,
    0x70, 0x0, 0x0, 0x0, 0x0, 0xb, 0xff, 0x0,
    0x0, 0x0, 0x0, 0x0, 0x6f, 0xf3, 0xcf, 0xb0,
    0x0, 0x0, 0x6, 0xff, 0x39, 0xff, 0x40, 0x0,
    0x0, 0xdf, 0xf0, 0x2f, 0xff, 0xa6, 0x68, 0xef,
    0xf8, 0x0, 0x5f, 0xff, 0xff, 0xff, 0xfa, 0x0,
    0x0, 0x29, 0xdf, 0xfe, 0xa4, 0x0, 0x0,

    /* U+0034 "4" */
    0x0, 0x0, 0x0, 0x0, 0xcf, 0xf5, 0x0, 0x0,
    0x0, 0x0, 0x7, 0xff, 0xf5, 0x0, 0x0, 0x0,
    0x0, 0x3f, 0xff, 0xf5, 0x0, 0x0, 0x0, 0x0,
    0xdf, 0xef, 0xf5, 0x0, 0x0, 0x0, 0xa, 0xff,
    0x5f, 0xf5, 0x0, 0x0, 0x0, 0x5f, 0xf7, 0x2f,
    0xf5, 0x0, 0x0, 0x1, 0xef, 0xb0, 0x2f, 0xf5,
    0x0, 0x0, 0xc, 0xfe, 0x10, 0x2f, 0xf5, 0x0,
    0x0, 0x7f, 0xf4, 0x0, 0x2f, 0xf5, 0x0, 0x3,
    0xff, 0x80, 0x0, 0x2f, 0xf5, 0x0, 0xd, 0xfc,
    0x0, 0x0, 0x2f, 0xf5, 0x0, 0x5f, 0xff, 0xff,
    0xff, 0xff, 0xff, 0xf5, 0x5f, 0xff, 0xff, 0xff,
    0xff, 0xff, 0xf5, 0x15, 0x55, 0x55, 0x55, 0x6f,
    0xf9, 0x51, 0x0, 0x0, 0x0, 0x0, 0x2f, 0xf5,
    0x0, 0x0, 0x0, 0x0, 0x0, 0x2f, 0xf5, 0x0,
    0x0, 0x0, 0x0, 0x0, 0x2f, 0xf5, 0x0,

    /* U+0035 "5" */
    0x6, 0xff, 0xff, 0xff, 0xff, 0xf4, 0x0, 0x7f,
    0xff, 0xff, 0xff, 0xff, 0x40, 0x9, 0xfe, 0x66,
    0x66, 0x66, 0x61, 0x0, 0xbf, 0xc0, 0x0, 0x0,
    0x0, 0x0, 0xd, 0xf9, 0x0, 0x0, 0x0, 0x0,
    0x0, 0xff, 0x76, 0xcf, 0xec, 0x50, 0x0, 0x1f,
    0xff, 0xff, 0xff, 0xff, 0x90, 0x3, 0xff, 0xfa,
    0x43, 0x6d, 0xff, 0x60, 0x5f, 0xf8, 0x0, 0x0,
    0x1e, 0xfe, 0x0, 0x11, 0x0, 0x0, 0x0, 0x6f,
    0xf3, 0x0, 0x0, 0x0, 0x0, 0x3, 0xff, 0x50,
    0x0, 0x0, 0x0, 0x0, 0x4f, 0xf5, 0x8f, 0xf1,
    0x0, 0x0, 0x7, 0xff, 0x34, 0xff, 0x90, 0x0,
    0x2, 0xef, 0xd0, 0xc, 0xff, 0xc7, 0x69, 0xff,
    0xf5, 0x0, 0x1d, 0xff, 0xff, 0xff, 0xf7, 0x0,
    0x0, 0x7, 0xce, 0xfe, 0xa3, 0x0, 0x0,

    /* U+0036 "6" */
    0x0, 0x2, 0x9d, 0xfe, 0xc5, 0x0, 0x0, 0x5,
    0xff, 0xff, 0xff, 0xfa, 0x0, 0x3, 0xff, 0xe8,
    0x56, 0xcf, 0xf6, 0x0, 0xbf, 0xe1, 0x0, 0x0,
    0x9c, 0x80, 0x2f, 0xf5, 0x0, 0x0, 0x0, 0x0,
    0x7, 0xfe, 0x18, 0xdf, 0xea, 0x30, 0x0, 0xaf,
    0xcd, 0xff, 0xff, 0xff, 0x50, 0xc, 0xff, 0xfa,
    0x43, 0x6e, 0xff, 0x20, 0xdf, 0xf7, 0x0, 0x0,
    0x3f, 0xf9, 0xe, 0xfe, 0x0, 0x0, 0x0, 0xbf,
    0xd0, 0xdf, 0xc0, 0x0, 0x0, 0x8, 0xff, 0xb,
    0xfc, 0x0, 0x0, 0x0, 0x9f, 0xf0, 0x8f, 0xf0,
    0x0, 0x0, 0xd, 0xfd, 0x3, 0xff, 0x90, 0x0,
    0x5, 0xff, 0x80, 0xb, 0xff, 0xb5, 0x59, 0xff,
    0xe1, 0x0, 0x1d, 0xff, 0xff, 0xff, 0xe3, 0x0,
    0x0, 0x7, 0xce, 0xfd, 0x81, 0x0, 0x0,

    /* U+0037 "7" */
    0x8f, 0xff, 0xff, 0xff, 0xff, 0xff, 0x38, 0xff,
    0xff, 0xff, 0xff, 0xff, 0xf3, 0x36, 0x66, 0x66,
    0x66, 0x6c, 0xfe, 0x10, 0x0, 0x0, 0x0, 0x4,
    0xff, 0x30, 0x0, 0x0, 0x0, 0x1, 0xef, 0x70,
    0x0, 0x0, 0x0, 0x0, 0x9f, 0xc0, 0x0, 0x0,
    0x0, 0x0, 0x3f, 0xf3, 0x0, 0x0, 0x0, 0x0,
    0xb, 0xfa, 0x0, 0x0, 0x0, 0x0, 0x2, 0xff,
    0x30, 0x0, 0x0, 0x0, 0x0, 0x9f, 0xc0, 0x0,
    0x0, 0x0, 0x0, 0xe, 0xf7, 0x0, 0x0, 0x0,
    0x0, 0x3, 0xff, 0x20, 0x0, 0x0, 0x0, 0x0,
    0x7f, 0xf0, 0x0, 0x0, 0x0, 0x0, 0xa, 0xfc,
    0x0, 0x0, 0x0, 0x0, 0x0, 0xdf, 0xa0, 0x0,
    0x0, 0x0, 0x0, 0xe, 0xf9, 0x0, 0x0, 0x0,
    0x0, 0x0, 0xff, 0x80, 0x0, 0x0, 0x0,

    /* U+0038 "8" */
    0x0, 0x1, 0x8d, 0xff, 0xea, 0x30, 0x0, 0x0,
    0x2e, 0xff, 0xff, 0xff, 0xf7, 0x0, 0x0, 0xdf,
    0xfb, 0x66, 0x8f, 0xff, 0x30, 0x3, 0xff, 0x90,
    0x0, 0x3, 0xff, 0x90, 0x4, 0xff, 0x40, 0x0,
    0x0, 0xef, 0xa0, 0x2, 0xff, 0x70, 0x0, 0x1,
    0xff, 0x80, 0x0, 0xaf, 0xf7, 0x32, 0x5d, 0xfe,
    0x10, 0x0, 0x8, 0xff, 0xff, 0xff, 0xb1, 0x0,
    0x0, 0x3e, 0xff, 0xff, 0xff, 0xf8, 0x0, 0x4,
    0xff, 0xc4, 0x10, 0x28, 0xff, 0x90, 0xd, 0xfd,
    0x0, 0x0, 0x0, 0x8f, 0xf2, 0x1f, 0xf8, 0x0,
    0x0, 0x0, 0x2f, 0xf6, 0x1f, 0xf9, 0x0, 0x0,
    0x0, 0x2f, 0xf6, 0xe, 0xfe, 0x20, 0x0, 0x0,
    0xaf, 0xf4, 0x7, 0xff, 0xf9, 0x66, 0x8d, 0xff,
    0xd0, 0x0, 0x9f, 0xff, 0xff, 0xff, 0xfd, 0x10,
    0x0, 0x3, 0x9d, 0xff, 0xeb, 0x60, 0x0,

    /* U+0039 "9" */
    0x0, 0x2, 0x9d, 0xfe, 0xc5, 0x0, 0x0, 0x6,
    0xff, 0xff, 0xff, 0xfb, 0x0, 0x3, 0xff, 0xf8,
    0x56, 0xcf, 0xf9, 0x0, 0xbf, 0xf2, 0x0, 0x0,
    0x9f, 0xf1, 0xf, 0xfa, 0x0, 0x0, 0x1, 0xff,
    0x61, 0xff, 0x70, 0x0, 0x0, 0xe, 0xfa, 0xf,
    0xf8, 0x0, 0x0, 0x0, 0xff, 0xb0, 0xdf, 0xd0,
    0x0, 0x0, 0x5f, 0xfc, 0x7, 0xff, 0xb3, 0x1,
    0x7f, 0xff, 0xc0, 0xb, 0xff, 0xff, 0xff, 0xed,
    0xfb, 0x0, 0x7, 0xef, 0xff, 0xb2, 0xef, 0x90,
    0x0, 0x0, 0x22, 0x0, 0x1f, 0xf7, 0x0, 0x0,
    0x0, 0x0, 0x6, 0xff, 0x20, 0x9e, 0xc0, 0x0,
    0x2, 0xef, 0xc0, 0x4, 0xff, 0xc6, 0x58, 0xef,
    0xf4, 0x0, 0x7, 0xff, 0xff, 0xff, 0xf7, 0x0,
    0x0, 0x4, 0xbe, 0xfe, 0xa3, 0x0, 0x0,

    /* U+003A ":" */
    0xf, 0xff, 0xf, 0xff, 0xf, 0xff, 0x0, 0x0,
    0x0, 0x0, 0x0, 0x0, 0x0, 0x0, 0x0, 0x0,
    0x0, 0x0, 0xf, 0xff, 0xf, 0xff, 0xf, 0xff,

    /* U+003B ";" */
    0xf, 0xff, 0xf, 0xff, 0xf, 0xff, 0x0, 0x0,
    0x0, 0x0, 0x0, 0x0, 0x0, 0x0, 0x0, 0x0,
    0x0, 0x0, 0xf, 0xff, 0xf, 0xff, 0xf, 0xfe,
    0x0, 0xea, 0x3, 0xf5, 0x7, 0xf0, 0xc, 0xa0,

    /* U+003C "<" */
    0x0, 0x0, 0x0, 0x0, 0x0, 0x0, 0x0, 0x0,
    0x0, 0x0, 0x4, 0xb6, 0x0, 0x0, 0x0, 0x5,
    0xdf, 0xf6, 0x0, 0x0, 0x7, 0xef, 0xff, 0x91,
    0x0, 0x18, 0xff, 0xfe, 0x81, 0x0, 0x9, 0xff,
    0xfe, 0x70, 0x0, 0x0, 0x1f, 0xfc, 0x50, 0x0,
    0x0, 0x0, 0x1f, 0xfa, 0x30, 0x0, 0x0, 0x0,
    0xc, 0xff, 0xfc, 0x40, 0x0, 0x0, 0x0, 0x3a,
    0xff, 0xfd, 0x60, 0x0, 0x0, 0x0, 0x29, 0xff,
    0xfe, 0x71, 0x0, 0x0, 0x0, 0x18, 0xef, 0xf6,
    0x0, 0x0, 0x0, 0x0, 0x7, 0xe6, 0x0, 0x0,
    0x0, 0x0, 0x0, 0x1,

    /* U+003D "=" */
    0x3, 0x33, 0x33, 0x33, 0x33, 0x31, 0x1f, 0xff,
    0xff, 0xff, 0xff, 0xf9, 0x1f, 0xff, 0xff, 0xff,
    0xff, 0xf9, 0x0, 0x0, 0x0, 0x0, 0x0, 0x0,
    0x0, 0x0, 0x0, 0x0, 0x0, 0x0, 0x3, 0x33,
    0x33, 0x33, 0x33, 0x31, 0x1f, 0xff, 0xff, 0xff,
    0xff, 0xf9, 0x1f, 0xff, 0xff, 0xff, 0xff, 0xf9,

    /* U+003E ">" */
    0x0, 0x0, 0x0, 0x0, 0x0, 0xc, 0x81, 0x0,
    0x0, 0x0, 0x0, 0xdf, 0xf9, 0x20, 0x0, 0x0,
    0x5, 0xdf, 0xff, 0xb4, 0x0, 0x0, 0x0, 0x4b,
    0xff, 0xfc, 0x50, 0x0, 0x0, 0x3, 0xaf, 0xff,
    0xd5, 0x0, 0x0, 0x0, 0x18, 0xff, 0xa0, 0x0,
    0x0, 0x0, 0x6e, 0xfa, 0x0, 0x0, 0x17, 0xef,
    0xff, 0x60, 0x2, 0x9f, 0xff, 0xe7, 0x10, 0x3a,
    0xff, 0xfd, 0x60, 0x0, 0xd, 0xff, 0xc5, 0x0,
    0x0, 0x0, 0xdb, 0x30, 0x0, 0x0, 0x0, 0x1,
    0x0, 0x0, 0x0, 0x0, 0x0,

    /* U+003F "?" */
    0x0, 0x1, 0x8d, 0xfe, 0xc6, 0x0, 0x0, 0x4,
    0xff, 0xff, 0xff, 0xfc, 0x0, 0x1, 0xef, 0xf9,
    0x56, 0xcf, 0xf8, 0x0, 0x9f, 0xf4, 0x0, 0x0,
    0xcf, 0xf0, 0xd, 0xfc, 0x0, 0x0, 0x7, 0xff,
    0x10, 0x56, 0x30, 0x0, 0x0, 0x8f, 0xf1, 0x0,
    0x0, 0x0, 0x0, 0x1d, 0xfc, 0x0, 0x0, 0x0,
    0x0, 0x5e, 0xff, 0x30, 0x0, 0x0, 0x0, 0x8f,
    0xfd, 0x20, 0x0, 0x0, 0x0, 0x4f, 0xfa, 0x0,
    0x0, 0x0, 0x0, 0x9, 0xfe, 0x0, 0x0, 0x0,
    0x0, 0x0, 0xbf, 0xb0, 0x0, 0x0, 0x0, 0x0,
    0x0, 0x10, 0x0, 0x0, 0x0, 0x0, 0x0, 0x0,
    0x0, 0x0, 0x0, 0x0, 0x0, 0x1f, 0xfe, 0x0,
    0x0, 0x0, 0x0, 0x1, 0xff, 0xe0, 0x0, 0x0,
    0x0, 0x0, 0x1f, 0xfe, 0x0, 0x0, 0x0,

    /* U+0040 "@" */
    0x0, 0x0, 0x0, 0x49, 0xde, 0xff, 0xc9, 0x30,
    0x0, 0x0, 0x0, 0x0, 0x3c, 0xff, 0xfe, 0xde,
    0xff, 0xfa, 0x0, 0x0, 0x0, 0x6, 0xff, 0xb5,
    0x0, 0x0, 0x5, 0xcf, 0xd1, 0x0, 0x0, 0x6f,
    0xf4, 0x0, 0x0, 0x0, 0x0, 0x8, 0xfc, 0x0,
    0x3, 0xff, 0x20, 0x0, 0x0, 0x0, 0x0, 0x0,
    0xbf, 0x60, 0xb, 0xf5, 0x0, 0x19, 0xef, 0xd5,
    0xaf, 0x50, 0x2f, 0xc0, 0x2f, 0xd0, 0x1, 0xdf,
    0xfe, 0xff, 0xff, 0x40, 0xd, 0xf1, 0x7f, 0x60,
    0xb, 0xfd, 0x20, 0x9, 0xff, 0x30, 0xb, 0xf3,
    0xbf, 0x20, 0x1f, 0xf3, 0x0, 0x1, 0xff, 0x20,
    0x9, 0xf3, 0xdf, 0x0, 0x5f, 0xe0, 0x0, 0x0,
    0xef, 0x0, 0xa, 0xf2, 0xfe, 0x0, 0x7f, 0xc0,
    0x0, 0x0, 0xff, 0x0, 0xc, 0xf1, 0xfe, 0x0,
    0x6f, 0xe0, 0x0, 0x5, 0xfe, 0x0, 0x1f, 0xc0,
    0xef, 0x0, 0x2f, 0xf6, 0x0, 0x2e, 0xfe, 0x0,
    0x9f, 0x60, 0xbf, 0x30, 0x9, 0xff, 0xdc, 0xfc,
    0xaf, 0xdd, 0xfb, 0x0, 0x7f, 0x80, 0x0, 0x7d,
    0xfe, 0x80, 0x1b, 0xfe, 0x80, 0x0, 0x1f, 0xf2,
    0x0, 0x0, 0x0, 0x0, 0x0, 0x0, 0x0, 0x0,
    0x7, 0xfd, 0x30, 0x0, 0x0, 0x0, 0x0, 0x0,
    0x0, 0x0, 0x0, 0xaf, 0xf9, 0x41, 0x0, 0x25,
    0xb9, 0x0, 0x0, 0x0, 0x0, 0x6, 0xff, 0xff,
    0xff, 0xff, 0xfc, 0x0, 0x0, 0x0, 0x0, 0x0,
    0x16, 0x9c, 0xcc, 0xa8, 0x40, 0x0, 0x0, 0x0,

    /* U+0041 "A" */
    0x0, 0x0, 0x0, 0xdf, 0xfa, 0x0, 0x0, 0x0,
    0x0, 0x0, 0x2, 0xff, 0xff, 0x0, 0x0, 0x0,
    0x0, 0x0, 0x8, 0xfe, 0xff, 0x50, 0x0, 0x0,
    0x0, 0x0, 0xd, 0xf8, 0xbf, 0xb0, 0x0, 0x0,
    0x0, 0x0, 0x3f, 0xf3, 0x6f, 0xf1, 0x0, 0x0,
    0x0, 0x0, 0x9f, 0xd0, 0x1f, 0xf6, 0x0, 0x0,
    0x0, 0x0, 0xef, 0x80, 0xb, 0xfc, 0x0, 0x0,
    0x0, 0x4, 0xff, 0x30, 0x5, 0xff, 0x10, 0x0,
    0x0, 0x9, 0xfd, 0x0, 0x0, 0xff, 0x70, 0x0,
    0x0, 0xe, 0xf8, 0x0, 0x0, 0xaf, 0xc0, 0x0,
    0x0, 0x4f, 0xff, 0xff, 0xff, 0xff, 0xf2, 0x0,
    0x0, 0xaf, 0xff, 0xff, 0xff, 0xff, 0xf7, 0x0,
    0x0, 0xff, 0xa5, 0x55, 0x55, 0x5c, 0xfd, 0x0,
    0x5, 0xff, 0x30, 0x0, 0x0, 0x6, 0xff, 0x20,
    0xa, 0xfe, 0x0, 0x0, 0x0, 0x1, 0xff, 0x80,
    0xf, 0xf9, 0x0, 0x0, 0x0, 0x0, 0xbf, 0xd0,
    0x6f, 0xf4, 0x0, 0x0, 0x0, 0x0, 0x6f, 0xf3,

    /* U+0042 "B" */
    0xf, 0xff, 0xff, 0xff, 0xeb, 0x50, 0x0, 0xf,
    0xff, 0xff, 0xff, 0xff, 0xfb, 0x0, 0xf, 0xfa,
    0x55, 0x56, 0x9e, 0xff, 0x60, 0xf, 0xf7, 0x0,
    0x0, 0x2, 0xff, 0xa0, 0xf, 0xf7, 0x0, 0x0,
    0x0, 0xdf, 0xc0, 0xf, 0xf7, 0x0, 0x0, 0x0,
    0xff, 0x90, 0xf, 0xf7, 0x0, 0x1, 0x4c, 0xff,
    0x20, 0xf, 0xff, 0xff, 0xff, 0xfe, 0xb3, 0x0,
    0xf, 0xff, 0xff, 0xff, 0xff, 0xd7, 0x0, 0xf,
    0xf9, 0x33, 0x33, 0x4a, 0xff, 0x90, 0xf, 0xf7,
    0x0, 0x0, 0x0, 0x8f, 0xf2, 0xf, 0xf7, 0x0,
    0x0, 0x0, 0x2f, 0xf6, 0xf, 0xf7, 0x0, 0x0,
    0x0, 0x3f, 0xf7, 0xf, 0xf7, 0x0, 0x0, 0x0,
    0x9f, 0xf4, 0xf, 0xfa, 0x55, 0x55, 0x6b, 0xff,
    0xe0, 0xf, 0xff, 0xff, 0xff, 0xff, 0xff, 0x40,
    0xf, 0xff, 0xff, 0xff, 0xfd, 0x92, 0x0,

    /* U+0043 "C" */
    0x0, 0x0, 0x6c, 0xef, 0xec, 0x70, 0x0, 0x0,
    0x2, 0xdf, 0xff, 0xff, 0xff, 0xe3, 0x0, 0x1,
    0xef, 0xfd, 0x76, 0x8c, 0xff, 0xe1, 0x0, 0xbf,
    0xf7, 0x0, 0x0, 0x7, 0xff, 0x90, 0x3f, 0xfa,
    0x0, 0x0, 0x0, 0xb, 0xff, 0x8, 0xff, 0x20,
    0x0, 0x0, 0x0, 0x4d, 0xd3, 0xcf, 0xd0, 0x0,
    0x0, 0x0, 0x0, 0x0, 0xe, 0xfa, 0x0, 0x0,
    0x0, 0x0, 0x0, 0x0, 0xff, 0x90, 0x0, 0x0,
    0x0, 0x0, 0x0, 0xe, 0xfa, 0x0, 0x0, 0x0,
    0x0, 0x0, 0x0, 0xcf, 0xc0, 0x0, 0x0, 0x0,
    0x0, 0x22, 0x19, 0xff, 0x10, 0x0, 0x0, 0x0,
    0x4f, 0xf5, 0x3f, 0xf9, 0x0, 0x0, 0x0, 0xa,
    0xff, 0x10, 0xcf, 0xf7, 0x0, 0x0, 0x6, 0xff,
    0x90, 0x2, 0xff, 0xfc, 0x76, 0x8c, 0xff, 0xe1,
    0x0, 0x2, 0xdf, 0xff, 0xff, 0xff, 0xd2, 0x0,
    0x0, 0x0, 0x6c, 0xef, 0xeb, 0x60, 0x0, 0x0,

    /* U+0044 "D" */
    0xf, 0xff, 0xff, 0xfe, 0xb7, 0x0, 0x0, 0x0,
    0xff, 0xff, 0xff, 0xff, 0xfe, 0x50, 0x0, 0xf,
    0xfa, 0x66, 0x67, 0xcf, 0xff, 0x50, 0x0, 0xff,
    0x70, 0x0, 0x0, 0x4e, 0xff, 0x10, 0xf, 0xf7,
    0x0, 0x0, 0x0, 0x5f, 0xf8, 0x0, 0xff, 0x70,
    0x0, 0x0, 0x0, 0xdf, 0xd0, 0xf, 0xf7, 0x0,
    0x0, 0x0, 0x9, 0xff, 0x0, 0xff, 0x70, 0x0,
    0x0, 0x0, 0x7f, 0xf2, 0xf, 0xf7, 0x0, 0x0,
    0x0, 0x6, 0xff, 0x20, 0xff, 0x70, 0x0, 0x0,
    0x0, 0x6f, 0xf2, 0xf, 0xf7, 0x0, 0x0, 0x0,
    0x9, 0xff, 0x0, 0xff, 0x70, 0x0, 0x0, 0x0,
    0xdf, 0xd0, 0xf, 0xf7, 0x0, 0x0, 0x0, 0x4f,
    0xf8, 0x0, 0xff, 0x70, 0x0, 0x0, 0x3e, 0xff,
    0x10, 0xf, 0xfa, 0x55, 0x67, 0xbf, 0xff, 0x50,
    0x0, 0xff, 0xff, 0xff, 0xff, 0xff, 0x50, 0x0,
    0xf, 0xff, 0xff, 0xfe, 0xc7, 0x10, 0x0, 0x0,

    /* U+0045 "E" */
    0xf, 0xff, 0xff, 0xff, 0xff, 0xf9, 0xf, 0xff,
    0xff, 0xff, 0xff, 0xf9, 0xf, 0xfa, 0x66, 0x66,
    0x66, 0x63, 0xf, 0xf7, 0x0, 0x0, 0x0, 0x0,
    0xf, 0xf7, 0x0, 0x0, 0x0, 0x0, 0xf, 0xf7,
    0x0, 0x0, 0x0, 0x0, 0xf, 0xf7, 0x0, 0x0,
    0x0, 0x0, 0xf, 0xff, 0xff, 0xff, 0xff, 0xf5,
    0xf, 0xff, 0xff, 0xff, 0xff, 0xf5, 0xf, 0xfa,
    0x44, 0x44, 0x44, 0x41, 0xf, 0xf7, 0x0, 0x0,
    0x0, 0x0, 0xf, 0xf7, 0x0, 0x0, 0x0, 0x0,
    0xf, 0xf7, 0x0, 0x0, 0x0, 0x0, 0xf, 0xf7,
    0x0, 0x0, 0x0, 0x0, 0xf, 0xfa, 0x55, 0x55,
    0x55, 0x54, 0xf, 0xff, 0xff, 0xff, 0xff, 0xfc,
    0xf, 0xff, 0xff, 0xff, 0xff, 0xfc,

    /* U+0046 "F" */
    0xf, 0xff, 0xff, 0xff, 0xff, 0xf9, 0xf, 0xff,
    0xff, 0xff, 0xff, 0xf9, 0xf, 0xfd, 0x66, 0x66,
    0x66, 0x63, 0xf, 0xf7, 0x0, 0x0, 0x0, 0x0,
    0xf, 0xf7, 0x0, 0x0, 0x0, 0x0, 0xf, 0xf7,
    0x0, 0x0, 0x0, 0x0, 0xf, 0xf7, 0x0, 0x0,
    0x0, 0x0, 0xf, 0xfc, 0x44, 0x44, 0x44, 0x40,
    0xf, 0xff, 0xff, 0xff, 0xff, 0xf2, 0xf, 0xff,
    0xff, 0xff, 0xff, 0xf2, 0xf, 0xf7, 0x0, 0x0,
    0x0, 0x0, 0xf, 0xf7, 0x0, 0x0, 0x0, 0x0,
    0xf, 0xf7, 0x0, 0x0, 0x0, 0x0, 0xf, 0xf7,
    0x0, 0x0, 0x0, 0x0, 0xf, 0xf7, 0x0, 0x0,
    0x0, 0x0, 0xf, 0xf7, 0x0, 0x0, 0x0, 0x0,
    0xf, 0xf7, 0x0, 0x0, 0x0, 0x0,

    /* U+0047 "G" */
    0x0, 0x0, 0x6c, 0xef, 0xec, 0x60, 0x0, 0x0,
    0x2, 0xdf, 0xff, 0xff, 0xff, 0xd2, 0x0, 0x1,
    0xef, 0xfc, 0x76, 0x7b, 0xff, 0xd1, 0x0, 0xbf,
    0xf7, 0x0, 0x0, 0x6, 0xff, 0x80, 0x3f, 0xf9,
    0x0, 0x0, 0x0, 0xb, 0xfe, 0x8, 0xff, 0x10,
    0x0, 0x0, 0x0, 0x26, 0x61, 0xcf, 0xd0, 0x0,
    0x0, 0x0, 0x0, 0x0, 0xe, 0xfa, 0x0, 0x0,
    0x0, 0x0, 0x0, 0x0, 0xff, 0x90, 0x0, 0x7,
    0xff, 0xff, 0xff, 0x4e, 0xfa, 0x0, 0x0, 0x7f,
    0xff, 0xff, 0xf4, 0xcf, 0xc0, 0x0, 0x1, 0x22,
    0x24, 0xff, 0x49, 0xff, 0x10, 0x0, 0x0, 0x0,
    0x5f, 0xf4, 0x3f, 0xf8, 0x0, 0x0, 0x0, 0xc,
    0xff, 0x40, 0xbf, 0xf6, 0x0, 0x0, 0x8, 0xff,
    0xf4, 0x2, 0xef, 0xfc, 0x76, 0x7d, 0xff, 0xaf,
    0x40, 0x2, 0xef, 0xff, 0xff, 0xff, 0x47, 0xf4,
    0x0, 0x0, 0x7c, 0xff, 0xe9, 0x20, 0x7f, 0x40,

    /* U+0048 "H" */
    0xf, 0xf7, 0x0, 0x0, 0x0, 0xf, 0xf7, 0xf,
    0xf7, 0x0, 0x0, 0x0, 0xf, 0xf7, 0xf, 0xf7,
    0x0, 0x0, 0x0, 0xf, 0xf7, 0xf, 0xf7, 0x0,
    0x0, 0x0, 0xf, 0xf7, 0xf, 0xf7, 0x0, 0x0,
    0x0, 0xf, 0xf7, 0xf, 0xf7, 0x0, 0x0, 0x0,
    0xf, 0xf7, 0xf, 0xf7, 0x0, 0x0, 0x0, 0xf,
    0xf7, 0xf, 0xff, 0xff, 0xff, 0xff, 0xff, 0xf7,
    0xf, 0xff, 0xff, 0xff, 0xff, 0xff, 0xf7, 0xf,
    0xfd, 0x55, 0x55, 0x55, 0x5f, 0xf7, 0xf, 0xf7,
    0x0, 0x0, 0x0, 0xf, 0xf7, 0xf, 0xf7, 0x0,
    0x0, 0x0, 0xf, 0xf7, 0xf, 0xf7, 0x0, 0x0,
    0x0, 0xf, 0xf7, 0xf, 0xf7, 0x0, 0x0, 0x0,
    0xf, 0xf7, 0xf, 0xf7, 0x0, 0x0, 0x0, 0xf,
    0xf7, 0xf, 0xf7, 0x0, 0x0, 0x0, 0xf, 0xf7,
    0xf, 0xf7, 0x0, 0x0, 0x0, 0xf, 0xf7,

    /* U+0049 "I" */
    0xf, 0xf7, 0xf, 0xf7, 0xf, 0xf7, 0xf, 0xf7,
    0xf, 0xf7, 0xf, 0xf7, 0xf, 0xf7, 0xf, 0xf7,
    0xf, 0xf7, 0xf, 0xf7, 0xf, 0xf7, 0xf, 0xf7,
    0xf, 0xf7, 0xf, 0xf7, 0xf, 0xf7, 0xf, 0xf7,
    0xf, 0xf7,

    /* U+004A "J" */
    0x0, 0x0, 0x0, 0x0, 0x2f, 0xf5, 0x0, 0x0,
    0x0, 0x0, 0x2f, 0xf5, 0x0, 0x0, 0x0, 0x0,
    0x2f, 0xf5, 0x0, 0x0, 0x0, 0x0, 0x2f, 0xf5,
    0x0, 0x0, 0x0, 0x0, 0x2f, 0xf5, 0x0, 0x0,
    0x0, 0x0, 0x2f, 0xf5, 0x0, 0x0, 0x0, 0x0,
    0x2f, 0xf5, 0x0, 0x0, 0x0, 0x0, 0x2f, 0xf5,
    0x0, 0x0, 0x0, 0x0, 0x2f, 0xf5, 0x0, 0x0,
    0x0, 0x0, 0x2f, 0xf5, 0x1, 0x0, 0x0, 0x0,
    0x2f, 0xf5, 0x8f, 0xf0, 0x0, 0x0, 0x3f, 0xf4,
    0x6f, 0xf2, 0x0, 0x0, 0x6f, 0xf2, 0x1f, 0xfa,
    0x0, 0x0, 0xdf, 0xd0, 0xa, 0xff, 0xb6, 0x7d,
    0xff, 0x50, 0x1, 0xcf, 0xff, 0xff, 0xf9, 0x0,
    0x0, 0x7, 0xdf, 0xec, 0x50, 0x0,

    /* U+004B "K" */
    0xf, 0xf7, 0x0, 0x0, 0x2, 0xef, 0xd1, 0xf,
    0xf7, 0x0, 0x0, 0x1d, 0xfe, 0x20, 0xf, 0xf7,
    0x0, 0x0, 0xcf, 0xf4, 0x0, 0xf, 0xf7, 0x0,
    0x9, 0xff, 0x60, 0x0, 0xf, 0xf7, 0x0, 0x7f,
    0xf8, 0x0, 0x0, 0xf, 0xf7, 0x5, 0xff, 0xb0,
    0x0, 0x0, 0xf, 0xf7, 0x3f, 0xfd, 0x0, 0x0,
    0x0, 0xf, 0xf9, 0xef, 0xf4, 0x0, 0x0, 0x0,
    0xf, 0xff, 0xff, 0xfd, 0x0, 0x0, 0x0, 0xf,
    0xff, 0xf9, 0xff, 0x80, 0x0, 0x0, 0xf, 0xff,
    0x50, 0xbf, 0xf3, 0x0, 0x0, 0xf, 0xf9, 0x0,
    0x1e, 0xfe, 0x0, 0x0, 0xf, 0xf7, 0x0, 0x4,
    0xff, 0xa0, 0x0, 0xf, 0xf7, 0x0, 0x0, 0x9f,
    0xf5, 0x0, 0xf, 0xf7, 0x0, 0x0, 0xd, 0xfe,
    0x10, 0xf, 0xf7, 0x0, 0x0, 0x3, 0xff, 0xb0,
    0xf, 0xf7, 0x0, 0x0, 0x0, 0x8f, 0xf6,

    /* U+004C "L" */
    0xf, 0xf7, 0x0, 0x0, 0x0, 0x0, 0xf, 0xf7,
    0x0, 0x0, 0x0, 0x0, 0xf, 0xf7, 0x0, 0x0,
    0x0, 0x0, 0xf, 0xf7, 0x0, 0x0, 0x0, 0x0,
    0xf, 0xf7, 0x0, 0x0, 0x0, 0x0, 0xf, 0xf7,
    0x0, 0x0, 0x0, 0x0, 0xf, 0xf7, 0x0, 0x0,
    0x0, 0x0, 0xf, 0xf7, 0x0, 0x0, 0x0, 0x0,
    0xf, 0xf7, 0x0, 0x0, 0x0, 0x0, 0xf, 0xf7,
    0x0, 0x0, 0x0, 0x0, 0xf, 0xf7, 0x0, 0x0,
    0x0, 0x0, 0xf, 0xf7, 0x0, 0x0, 0x0, 0x0,
    0xf, 0xf7, 0x0, 0x0, 0x0, 0x0, 0xf, 0xf7,
    0x0, 0x0, 0x0, 0x0, 0xf, 0xfd, 0x55, 0x55,
    0x55, 0x52, 0xf, 0xff, 0xff, 0xff, 0xff, 0xf6,
    0xf, 0xff, 0xff, 0xff, 0xff, 0xf6,

    /* U+004D "M" */
    0xf, 0xff, 0x80, 0x0, 0x0, 0x0, 0x1, 0xff,
    0xf7, 0xf, 0xff, 0xe0, 0x0, 0x0, 0x0, 0x6,
    0xff, 0xf7, 0xf, 0xff, 0xf3, 0x0, 0x0, 0x0,
    0xc, 0xff, 0xf7, 0xf, 0xff, 0xf9, 0x0, 0x0,
    0x0, 0x2f, 0xff, 0xf7, 0xf, 0xff, 0xfe, 0x0,
    0x0, 0x0, 0x7f, 0xff, 0xf7, 0xf, 0xfa, 0xff,
    0x40, 0x0, 0x0, 0xdf, 0xaf, 0xf7, 0xf, 0xf7,
    0xdf, 0xa0, 0x0, 0x2, 0xff, 0x5f, 0xf7, 0xf,
    0xf7, 0x7f, 0xf0, 0x0, 0x8, 0xff, 0xf, 0xf7,
    0xf, 0xf7, 0x2f, 0xf5, 0x0, 0xd, 0xf9, 0xf,
    0xf7, 0xf, 0xf7, 0xc, 0xfa, 0x0, 0x3f, 0xf4,
    0xf, 0xf7, 0xf, 0xf7, 0x6, 0xff, 0x0, 0x9f,
    0xe0, 0xf, 0xf7, 0xf, 0xf7, 0x1, 0xff, 0x60,
    0xef, 0x80, 0xf, 0xf7, 0xf, 0xf7, 0x0, 0xbf,
    0xb4, 0xff, 0x30, 0xf, 0xf7, 0xf, 0xf7, 0x0,
    0x6f, 0xfb, 0xfd, 0x0, 0xf, 0xf7, 0xf, 0xf7,
    0x0, 0xf, 0xff, 0xf7, 0x0, 0xf, 0xf7, 0xf,
    0xf7, 0x0, 0xa, 0xff, 0xf2, 0x0, 0xf, 0xf7,
    0xf, 0xf7, 0x0, 0x5, 0xff, 0xc0, 0x0, 0xf,
    0xf7,

    /* U+004E "N" */
    0xf, 0xff, 0x60, 0x0, 0x0, 0x5, 0xff, 0x20,
    0xff, 0xfe, 0x0, 0x0, 0x0, 0x5f, 0xf2, 0xf,
    0xff, 0xf7, 0x0, 0x0, 0x5, 0xff, 0x20, 0xff,
    0xef, 0xf1, 0x0, 0x0, 0x5f, 0xf2, 0xf, 0xf8,
    0xef, 0x90, 0x0, 0x5, 0xff, 0x20, 0xff, 0x76,
    0xff, 0x20, 0x0, 0x5f, 0xf2, 0xf, 0xf7, 0xd,
    0xfa, 0x0, 0x5, 0xff, 0x20, 0xff, 0x70, 0x5f,
    0xf3, 0x0, 0x5f, 0xf2, 0xf, 0xf7, 0x0, 0xcf,
    0xc0, 0x5, 0xff, 0x20, 0xff, 0x70, 0x3, 0xff,
    0x40, 0x5f, 0xf2, 0xf, 0xf7, 0x0, 0xa, 0xfd,
    0x5, 0xff, 0x20, 0xff, 0x70, 0x0, 0x2f, 0xf6,
    0x5f, 0xf2, 0xf, 0xf7, 0x0, 0x0, 0x9f, 0xe5,
    0xff, 0x20, 0xff, 0x70, 0x0, 0x1, 0xff, 0xcf,
    0xf2, 0xf, 0xf7, 0x0, 0x0, 0x7, 0xff, 0xff,
    0x20, 0xff, 0x70, 0x0, 0x0, 0xe, 0xff, 0xf2,
    0xf, 0xf7, 0x0, 0x0, 0x0, 0x6f, 0xff, 0x20,

    /* U+004F "O" */
    0x0, 0x0, 0x6b, 0xef, 0xfc, 0x81, 0x0, 0x0,
    0x0, 0x2d, 0xff, 0xff, 0xff, 0xff, 0x50, 0x0,
    0x2, 0xef, 0xfd, 0x86, 0x7b, 0xff, 0xf5, 0x0,
    0xb, 0xff, 0x70, 0x0, 0x0, 0x4f, 0xfe, 0x10,
    0x3f, 0xfa, 0x0, 0x0, 0x0, 0x5, 0xff, 0x80,
    0x9f, 0xf1, 0x0, 0x0, 0x0, 0x0, 0xdf, 0xd0,
    0xcf, 0xd0, 0x0, 0x0, 0x0, 0x0, 0x8f, 0xf1,
    0xef, 0xa0, 0x0, 0x0, 0x0, 0x0, 0x6f, 0xf2,
    0xff, 0x90, 0x0, 0x0, 0x0, 0x0, 0x5f, 0xf3,
    0xef, 0xa0, 0x0, 0x0, 0x0, 0x0, 0x6f, 0xf2,
    0xcf, 0xc0, 0x0, 0x0, 0x0, 0x0, 0x8f, 0xf1,
    0x9f, 0xf1, 0x0, 0x0, 0x0, 0x0, 0xdf, 0xd0,
    0x4f, 0xf9, 0x0, 0x0, 0x0, 0x5, 0xff, 0x80,
    0xc, 0xff, 0x70, 0x0, 0x0, 0x3e, 0xff, 0x10,
    0x2, 0xff, 0xfd, 0x86, 0x7b, 0xff, 0xf6, 0x0,
    0x0, 0x2d, 0xff, 0xff, 0xff, 0xff, 0x50, 0x0,
    0x0, 0x0, 0x6b, 0xef, 0xfc, 0x81, 0x0, 0x0,

    /* U+0050 "P" */
    0xf, 0xff, 0xff, 0xff, 0xea, 0x30, 0x0, 0xff,
    0xff, 0xff, 0xff, 0xff, 0x80, 0xf, 0xfa, 0x66,
    0x66, 0x9f, 0xff, 0x50, 0xff, 0x70, 0x0, 0x0,
    0x2f, 0xfc, 0xf, 0xf7, 0x0, 0x0, 0x0, 0xaf,
    0xf0, 0xff, 0x70, 0x0, 0x0, 0xa, 0xff, 0xf,
    0xf7, 0x0, 0x0, 0x0, 0xdf, 0xd0, 0xff, 0x70,
    0x0, 0x3, 0xbf, 0xf7, 0xf, 0xff, 0xff, 0xff,
    0xff, 0xfc, 0x0, 0xff, 0xff, 0xff, 0xff, 0xf9,
    0x0, 0xf, 0xfa, 0x55, 0x54, 0x30, 0x0, 0x0,
    0xff, 0x70, 0x0, 0x0, 0x0, 0x0, 0xf, 0xf7,
    0x0, 0x0, 0x0, 0x0, 0x0, 0xff, 0x70, 0x0,
    0x0, 0x0, 0x0, 0xf, 0xf7, 0x0, 0x0, 0x0,
    0x0, 0x0, 0xff, 0x70, 0x0, 0x0, 0x0, 0x0,
    0xf, 0xf7, 0x0, 0x0, 0x0, 0x0, 0x0,

    /* U+0051 "Q" */
    0x0, 0x0, 0x6b, 0xef, 0xfc, 0x70, 0x0, 0x0,
    0x0, 0x1d, 0xff, 0xff, 0xff, 0xfe, 0x30, 0x0,
    0x1, 0xef, 0xfd, 0x86, 0x7c, 0xff, 0xf3, 0x0,
    0xa, 0xff, 0x80, 0x0, 0x0, 0x6f, 0xfd, 0x0,
    0x3f, 0xfa, 0x0, 0x0, 0x0, 0x8, 0xff, 0x50,
    0x8f, 0xf2, 0x0, 0x0, 0x0, 0x0, 0xff, 0xa0,
    0xcf, 0xd0, 0x0, 0x0, 0x0, 0x0, 0xbf, 0xe0,
    0xef, 0xa0, 0x0, 0x0, 0x0, 0x0, 0x8f, 0xf0,
    0xff, 0x90, 0x0, 0x0, 0x0, 0x0, 0x7f, 0xf1,
    0xef, 0xa0, 0x0, 0x0, 0x0, 0x0, 0x8f, 0xf0,
    0xcf, 0xd0, 0x0, 0x0, 0x0, 0x0, 0xaf, 0xe0,
    0x8f, 0xf2, 0x0, 0x17, 0x71, 0x0, 0xef, 0xa0,
    0x3f, 0xfa, 0x0, 0x9, 0xfb, 0x7, 0xff, 0x50,
    0xa, 0xff, 0x70, 0x0, 0xcf, 0xbf, 0xfc, 0x0,
    0x1, 0xef, 0xfd, 0x86, 0x8f, 0xff, 0xe2, 0x0,
    0x0, 0x1d, 0xff, 0xff, 0xff, 0xff, 0x40, 0x0,
    0x0, 0x0, 0x6b, 0xef, 0xeb, 0xaf, 0xd0, 0x0,
    0x0, 0x0, 0x0, 0x0, 0x0, 0xa, 0xfa, 0x0,

    /* U+0052 "R" */
    0xf, 0xff, 0xff, 0xff, 0xeb, 0x50, 0x0, 0xf,
    0xff, 0xff, 0xff, 0xff, 0xfa, 0x0, 0xf, 0xfa,
    0x66, 0x66, 0x8e, 0xff, 0x70, 0xf, 0xf7, 0x0,
    0x0, 0x1, 0xef, 0xe0, 0xf, 0xf7, 0x0, 0x0,
    0x0, 0x8f, 0xf1, 0xf, 0xf7, 0x0, 0x0, 0x0,
    0x7f, 0xf1, 0xf, 0xf7, 0x0, 0x0, 0x0, 0xcf,
    0xe0, 0xf, 0xf7, 0x0, 0x0, 0x29, 0xff, 0x60,
    0xf, 0xff, 0xff, 0xff, 0xff, 0xf7, 0x0, 0xf,
    0xff, 0xff, 0xff, 0xff, 0xe6, 0x0, 0xf, 0xfa,
    0x55, 0x55, 0x6c, 0xff, 0x60, 0xf, 0xf7, 0x0,
    0x0, 0x0, 0xdf, 0xb0, 0xf, 0xf7, 0x0, 0x0,
    0x0, 0x9f, 0xe0, 0xf, 0xf7, 0x0, 0x0, 0x0,
    0x8f, 0xf0, 0xf, 0xf7, 0x0, 0x0, 0x0, 0x6f,
    0xf1, 0xf, 0xf7, 0x0, 0x0, 0x0, 0x5f, 0xf2,
    0xf, 0xf7, 0x0, 0x0, 0x0, 0x3f, 0xf4,

    /* U+0053 "S" */
    0x0, 0x7, 0xce, 0xfd, 0xa3, 0x0, 0x0, 0x2e,
    0xff, 0xff, 0xff, 0xf7, 0x0, 0xd, 0xff, 0xb6,
    0x68, 0xef, 0xf6, 0x3, 0xff, 0x90, 0x0, 0x1,
    0xdf, 0xe0, 0x5f, 0xf3, 0x0, 0x0, 0x5, 0xff,
    0x45, 0xff, 0x50, 0x0, 0x0, 0x6, 0x62, 0xf,
    0xfe, 0x61, 0x0, 0x0, 0x0, 0x0, 0x4e, 0xff,
    0xfc, 0x83, 0x0, 0x0, 0x0, 0x18, 0xdf, 0xff,
    0xfd, 0x60, 0x0, 0x0, 0x0, 0x26, 0xbf, 0xff,
    0xa0, 0x0, 0x0, 0x0, 0x0, 0x2b, 0xff, 0x68,
    0xba, 0x0, 0x0, 0x0, 0xe, 0xfb, 0x8f, 0xf2,
    0x0, 0x0, 0x0, 0xcf, 0xc2, 0xff, 0xc0, 0x0,
    0x0, 0x2f, 0xf9, 0x9, 0xff, 0xe8, 0x55, 0x8e,
    0xff, 0x30, 0xa, 0xff, 0xff, 0xff, 0xff, 0x60,
    0x0, 0x4, 0xad, 0xff, 0xd9, 0x20, 0x0,

    /* U+0054 "T" */
    0xbf, 0xff, 0xff, 0xff, 0xff, 0xff, 0xcb, 0xff,
    0xff, 0xff, 0xff, 0xff, 0xfc, 0x46, 0x66, 0x6d,
    0xfd, 0x66, 0x66, 0x40, 0x0, 0x0, 0xbf, 0xc0,
    0x0, 0x0, 0x0, 0x0, 0xb, 0xfc, 0x0, 0x0,
    0x0, 0x0, 0x0, 0xbf, 0xc0, 0x0, 0x0, 0x0,
    0x0, 0xb, 0xfc, 0x0, 0x0, 0x0, 0x0, 0x0,
    0xbf, 0xc0, 0x0, 0x0, 0x0, 0x0, 0xb, 0xfc,
    0x0, 0x0, 0x0, 0x0, 0x0, 0xbf, 0xc0, 0x0,
    0x0, 0x0, 0x0, 0xb, 0xfc, 0x0, 0x0, 0x0,
    0x0, 0x0, 0xbf, 0xc0, 0x0, 0x0, 0x0, 0x0,
    0xb, 0xfc, 0x0, 0x0, 0x0, 0x0, 0x0, 0xbf,
    0xc0, 0x0, 0x0, 0x0, 0x0, 0xb, 0xfc, 0x0,
    0x0, 0x0, 0x0, 0x0, 0xbf, 0xc0, 0x0, 0x0,
    0x0, 0x0, 0xb, 0xfc, 0x0, 0x0, 0x0,

    /* U+0055 "U" */
    0x5f, 0xf1, 0x0, 0x0, 0x0, 0x2f, 0xf5, 0x5f,
    0xf1, 0x0, 0x0, 0x0, 0x2f, 0xf5, 0x5f, 0xf1,
    0x0, 0x0, 0x0, 0x2f, 0xf5, 0x5f, 0xf1, 0x0,
    0x0, 0x0, 0x2f, 0xf5, 0x5f, 0xf1, 0x0, 0x0,
    0x0, 0x2f, 0xf5, 0x5f, 0xf1, 0x0, 0x0, 0x0,
    0x2f, 0xf5, 0x5f, 0xf1, 0x0, 0x0, 0x0, 0x2f,
    0xf5, 0x5f, 0xf1, 0x0, 0x0, 0x0, 0x2f, 0xf5,
    0x5f, 0xf1, 0x0, 0x0, 0x0, 0x2f, 0xf5, 0x5f,
    0xf1, 0x0, 0x0, 0x0, 0x2f, 0xf5, 0x5f, 0xf1,
    0x0, 0x0, 0x0, 0x2f, 0xf5, 0x4f, 0xf2, 0x0,
    0x0, 0x0, 0x3f, 0xf3, 0x2f, 0xf6, 0x0, 0x0,
    0x0, 0x7f, 0xf1, 0xd, 0xfe, 0x20, 0x0, 0x2,
    0xef, 0xc0, 0x4, 0xff, 0xf9, 0x66, 0x9f, 0xff,
    0x40, 0x0, 0x6f, 0xff, 0xff, 0xff, 0xf6, 0x0,
    0x0, 0x2, 0x9d, 0xff, 0xd9, 0x20, 0x0,

    /* U+0056 "V" */
    0x6f, 0xf4, 0x0, 0x0, 0x0, 0x0, 0x7f, 0xf2,
    0xf, 0xf9, 0x0, 0x0, 0x0, 0x0, 0xcf, 0xd0,
    0xa, 0xfe, 0x0, 0x0, 0x0, 0x2, 0xff, 0x70,
    0x5, 0xff, 0x40, 0x0, 0x0, 0x7, 0xff, 0x20,
    0x0, 0xff, 0xa0, 0x0, 0x0, 0xd, 0xfc, 0x0,
    0x0, 0xaf, 0xf0, 0x0, 0x0, 0x2f, 0xf7, 0x0,
    0x0, 0x4f, 0xf5, 0x0, 0x0, 0x7f, 0xf1, 0x0,
    0x0, 0xe, 0xfa, 0x0, 0x0, 0xdf, 0xc0, 0x0,
    0x0, 0x9, 0xff, 0x0, 0x2, 0xff, 0x60, 0x0,
    0x0, 0x4, 0xff, 0x50, 0x8, 0xff, 0x10, 0x0,
    0x0, 0x0, 0xef, 0xa0, 0xd, 0xfb, 0x0, 0x0,
    0x0, 0x0, 0x9f, 0xf0, 0x3f, 0xf5, 0x0, 0x0,
    0x0, 0x0, 0x3f, 0xf5, 0x8f, 0xf0, 0x0, 0x0,
    0x0, 0x0, 0xd, 0xfb, 0xef, 0xa0, 0x0, 0x0,
    0x0, 0x0, 0x8, 0xff, 0xff, 0x50, 0x0, 0x0,
    0x0, 0x0, 0x2, 0xff, 0xff, 0x0, 0x0, 0x0,
    0x0, 0x0, 0x0, 0xdf, 0xfa, 0x0, 0x0, 0x0,

    /* U+0057 "W" */
    0xf, 0xfa, 0x0, 0x0, 0x4, 0xff, 0x80, 0x0,
    0x0, 0x6f, 0xf4, 0xb, 0xfd, 0x0, 0x0, 0x7,
    0xff, 0xb0, 0x0, 0x0, 0xaf, 0xf0, 0x7, 0xff,
    0x10, 0x0, 0xb, 0xff, 0xf0, 0x0, 0x0, 0xdf,
    0xc0, 0x3, 0xff, 0x50, 0x0, 0xf, 0xff, 0xf3,
    0x0, 0x1, 0xff, 0x80, 0x0, 0xff, 0x90, 0x0,
    0x3f, 0xff, 0xf7, 0x0, 0x5, 0xff, 0x40, 0x0,
    0xbf, 0xd0, 0x0, 0x7f, 0xea, 0xfb, 0x0, 0x9,
    0xff, 0x0, 0x0, 0x7f, 0xf0, 0x0, 0xaf, 0xa6,
    0xfe, 0x0, 0xc, 0xfb, 0x0, 0x0, 0x3f, 0xf4,
    0x0, 0xef, 0x62, 0xff, 0x20, 0xf, 0xf7, 0x0,
    0x0, 0xf, 0xf8, 0x2, 0xff, 0x20, 0xef, 0x60,
    0x4f, 0xf3, 0x0, 0x0, 0xb, 0xfc, 0x6, 0xfe,
    0x0, 0xaf, 0xa0, 0x8f, 0xf0, 0x0, 0x0, 0x7,
    0xff, 0x9, 0xfa, 0x0, 0x6f, 0xe0, 0xbf, 0xb0,
    0x0, 0x0, 0x3, 0xff, 0x3d, 0xf6, 0x0, 0x2f,
    0xf2, 0xff, 0x70, 0x0, 0x0, 0x0, 0xef, 0x8f,
    0xf3, 0x0, 0xe, 0xf8, 0xff, 0x30, 0x0, 0x0,
    0x0, 0xbf, 0xff, 0xf0, 0x0, 0xb, 0xff, 0xff,
    0x0, 0x0, 0x0, 0x0, 0x6f, 0xff, 0xb0, 0x0,
    0x7, 0xff, 0xfb, 0x0, 0x0, 0x0, 0x0, 0x2f,
    0xff, 0x70, 0x0, 0x3, 0xff, 0xf7, 0x0, 0x0,
    0x0, 0x0, 0xe, 0xff, 0x30, 0x0, 0x0, 0xff,
    0xf3, 0x0, 0x0,

    /* U+0058 "X" */
    0x4f, 0xf9, 0x0, 0x0, 0x0, 0x1f, 0xfd, 0x0,
    0xaf, 0xf3, 0x0, 0x0, 0xa, 0xff, 0x30, 0x1,
    0xff, 0xd0, 0x0, 0x4, 0xff, 0x90, 0x0, 0x6,
    0xff, 0x70, 0x0, 0xdf, 0xe0, 0x0, 0x0, 0xc,
    0xff, 0x20, 0x7f, 0xf4, 0x0, 0x0, 0x0, 0x2f,
    0xfb, 0x2f, 0xfa, 0x0, 0x0, 0x0, 0x0, 0x8f,
    0xfd, 0xfe, 0x10, 0x0, 0x0, 0x0, 0x0, 0xdf,
    0xff, 0x50, 0x0, 0x0, 0x0, 0x0, 0x6, 0xff,
    0xe0, 0x0, 0x0, 0x0, 0x0, 0x0, 0xdf, 0xff,
    0x70, 0x0, 0x0, 0x0, 0x0, 0x8f, 0xfc, 0xff,
    0x20, 0x0, 0x0, 0x0, 0x3f, 0xf9, 0x1f, 0xfb,
    0x0, 0x0, 0x0, 0xc, 0xfe, 0x10, 0x7f, 0xf5,
    0x0, 0x0, 0x7, 0xff, 0x60, 0x0, 0xdf, 0xe1,
    0x0, 0x2, 0xff, 0xc0, 0x0, 0x3, 0xff, 0xa0,
    0x0, 0xbf, 0xf2, 0x0, 0x0, 0x9, 0xff, 0x40,
    0x5f, 0xf8, 0x0, 0x0, 0x0, 0x1e, 0xfd, 0x0,

    /* U+0059 "Y" */
    0xd, 0xfe, 0x0, 0x0, 0x0, 0x4, 0xff, 0x80,
    0x4f, 0xf8, 0x0, 0x0, 0x0, 0xdf, 0xe0, 0x0,
    0xbf, 0xf1, 0x0, 0x0, 0x6f, 0xf6, 0x0, 0x2,
    0xff, 0x90, 0x0, 0xe, 0xfd, 0x0, 0x0, 0x9,
    0xff, 0x20, 0x7, 0xff, 0x40, 0x0, 0x0, 0x1f,
    0xfb, 0x1, 0xff, 0xb0, 0x0, 0x0, 0x0, 0x7f,
    0xf3, 0x9f, 0xf2, 0x0, 0x0, 0x0, 0x0, 0xef,
    0xdf, 0xf9, 0x0, 0x0, 0x0, 0x0, 0x5, 0xff,
    0xff, 0x10, 0x0, 0x0, 0x0, 0x0, 0xc, 0xff,
    0x70, 0x0, 0x0, 0x0, 0x0, 0x0, 0x6f, 0xf1,
    0x0, 0x0, 0x0, 0x0, 0x0, 0x6, 0xff, 0x10,
    0x0, 0x0, 0x0, 0x0, 0x0, 0x6f, 0xf1, 0x0,
    0x0, 0x0, 0x0, 0x0, 0x6, 0xff, 0x10, 0x0,
    0x0, 0x0, 0x0, 0x0, 0x6f, 0xf1, 0x0, 0x0,
    0x0, 0x0, 0x0, 0x6, 0xff, 0x10, 0x0, 0x0,
    0x0, 0x0, 0x0, 0x6f, 0xf1, 0x0, 0x0, 0x0,

    /* U+005A "Z" */
    0xf, 0xff, 0xff, 0xff, 0xff, 0xff, 0x0, 0xff,
    0xff, 0xff, 0xff, 0xff, 0xf0, 0x6, 0x66, 0x66,
    0x66, 0x7f, 0xfe, 0x0, 0x0, 0x0, 0x0, 0xb,
    0xff, 0x40, 0x0, 0x0, 0x0, 0x6, 0xff, 0x80,
    0x0, 0x0, 0x0, 0x2, 0xff, 0xd0, 0x0, 0x0,
    0x0, 0x0, 0xcf, 0xf3, 0x0, 0x0, 0x0, 0x0,
    0x7f, 0xf7, 0x0, 0x0, 0x0, 0x0, 0x2f, 0xfc,
    0x0, 0x0, 0x0, 0x0, 0xd, 0xff, 0x20, 0x0,
    0x0, 0x0, 0x8, 0xff, 0x60, 0x0, 0x0, 0x0,
    0x3, 0xff, 0xb0, 0x0, 0x0, 0x0, 0x0, 0xdf,
    0xe1, 0x0, 0x0, 0x0, 0x0, 0x9f, 0xf5, 0x0,
    0x0, 0x0, 0x0, 0x3f, 0xfd, 0x55, 0x55, 0x55,
    0x55, 0x15, 0xff, 0xff, 0xff, 0xff, 0xff, 0xf4,
    0x5f, 0xff, 0xff, 0xff, 0xff, 0xff, 0x40,

    /* U+005B "[" */
    0xf, 0xff, 0xff, 0xf0, 0xff, 0xff, 0xff, 0xf,
    0xf5, 0x11, 0x0, 0xff, 0x40, 0x0, 0xf, 0xf4,
    0x0, 0x0, 0xff, 0x40, 0x0, 0xf, 0xf4, 0x0,
    0x0, 0xff, 0x40, 0x0, 0xf, 0xf4, 0x0, 0x0,
    0xff, 0x40, 0x0, 0xf, 0xf4, 0x0, 0x0, 0xff,
    0x40, 0x0, 0xf, 0xf4, 0x0, 0x0, 0xff, 0x40,
    0x0, 0xf, 0xf4, 0x0, 0x0, 0xff, 0x40, 0x0,
    0xf, 0xf4, 0x0, 0x0, 0xff, 0x40, 0x0, 0xf,
    0xf5, 0x0, 0x0, 0xff, 0xff, 0xff, 0xf, 0xff,
    0xff, 0xf0,

    /* U+005C "\\" */
    0x8, 0x82, 0x0, 0x0, 0x0, 0xd, 0xf8, 0x0,
    0x0, 0x0, 0x8, 0xfd, 0x0, 0x0, 0x0, 0x2,
    0xff, 0x30, 0x0, 0x0, 0x0, 0xdf, 0x80, 0x0,
    0x0, 0x0, 0x8f, 0xd0, 0x0, 0x0, 0x0, 0x3f,
    0xf2, 0x0, 0x0, 0x0, 0xd, 0xf8, 0x0, 0x0,
    0x0, 0x8, 0xfd, 0x0, 0x0, 0x0, 0x3, 0xff,
    0x20, 0x0, 0x0, 0x0, 0xdf, 0x80, 0x0, 0x0,
    0x0, 0x8f, 0xd0, 0x0, 0x0, 0x0, 0x3f, 0xf2,
    0x0, 0x0, 0x0, 0xd, 0xf8, 0x0, 0x0, 0x0,
    0x8, 0xfd, 0x0, 0x0, 0x0, 0x3, 0xff, 0x20,
    0x0, 0x0, 0x0, 0xef, 0x70, 0x0, 0x0, 0x0,
    0x8f, 0xd0, 0x0, 0x0, 0x0, 0x3f, 0xf2, 0x0,
    0x0, 0x0, 0xe, 0xf7, 0x0, 0x0, 0x0, 0x8,
    0xfd,

    /* U+005D "]" */
    0xaf, 0xff, 0xff, 0x5a, 0xff, 0xff, 0xf5, 0x1,
    0x11, 0xff, 0x50, 0x0, 0xf, 0xf5, 0x0, 0x0,
    0xff, 0x50, 0x0, 0xf, 0xf5, 0x0, 0x0, 0xff,
    0x50, 0x0, 0xf, 0xf5, 0x0, 0x0, 0xff, 0x50,
    0x0, 0xf, 0xf5, 0x0, 0x0, 0xff, 0x50, 0x0,
    0xf, 0xf5, 0x0, 0x0, 0xff, 0x50, 0x0, 0xf,
    0xf5, 0x0, 0x0, 0xff, 0x50, 0x0, 0xf, 0xf5,
    0x0, 0x0, 0xff, 0x50, 0x0, 0xf, 0xf5, 0x0,
    0x0, 0xff, 0x5a, 0xff, 0xff, 0xf5, 0xaf, 0xff,
    0xff, 0x50,

    /* U+005E "^" */
    0x0, 0x8, 0xff, 0x90, 0x0, 0x0, 0xe, 0xff,
    0xf0, 0x0, 0x0, 0x4f, 0xdc, 0xf6, 0x0, 0x0,
    0xbf, 0x65, 0xfc, 0x0, 0x1, 0xff, 0x10, 0xef,
    0x20, 0x7, 0xf9, 0x0, 0x8f, 0x80, 0xd, 0xf3,
    0x0, 0x2f, 0xe0,

    /* U+005F "_" */
    0x3, 0x33, 0x33, 0x33, 0x33, 0x32, 0xf, 0xff,
    0xff, 0xff, 0xff, 0xfe, 0xf, 0xff, 0xff, 0xff,
    0xff, 0xfe,

    /* U+0060 "`" */
    0x3, 0x31, 0x0, 0x9f, 0xd0, 0x0, 0xef, 0x40,
    0x4, 0xfb,

    /* U+0061 "a" */
    0x0, 0x4, 0xbe, 0xfe, 0xa3, 0x0, 0x0, 0x8,
    0xff, 0xff, 0xff, 0xf5, 0x0, 0x3, 0xff, 0xc4,
    0x35, 0xef, 0xe0, 0x0, 0xaf, 0xe0, 0x0, 0x3,
    0xff, 0x50, 0x1, 0x21, 0x0, 0x0, 0xf, 0xf7,
    0x0, 0x0, 0x1, 0x48, 0xbe, 0xff, 0x80, 0x0,
    0x4c, 0xff, 0xff, 0xff, 0xf8, 0x0, 0x5f, 0xfd,
    0x85, 0x20, 0xef, 0x80, 0xd, 0xfc, 0x0, 0x0,
    0xf, 0xf8, 0x0, 0xff, 0x80, 0x0, 0x7, 0xff,
    0x80, 0xe, 0xfe, 0x30, 0x18, 0xff, 0xfb, 0x20,
    0x7f, 0xff, 0xff, 0xfb, 0x9f, 0xf9, 0x0, 0x5c,
    0xef, 0xd7, 0x1, 0xbf, 0x80,

    /* U+0062 "b" */
    0x4f, 0xf2, 0x0, 0x0, 0x0, 0x0, 0x4, 0xff,
    0x20, 0x0, 0x0, 0x0, 0x0, 0x4f, 0xf2, 0x0,
    0x0, 0x0, 0x0, 0x4, 0xff, 0x20, 0x0, 0x0,
    0x0, 0x0, 0x4f, 0xf2, 0x4c, 0xfe, 0xb3, 0x0,
    0x4, 0xff, 0x8f, 0xff, 0xff, 0xf5, 0x0, 0x4f,
    0xff, 0xd5, 0x36, 0xff, 0xf1, 0x4, 0xff, 0xe1,
    0x0, 0x4, 0xff, 0x80, 0x4f, 0xf7, 0x0, 0x0,
    0xd, 0xfc, 0x4, 0xff, 0x30, 0x0, 0x0, 0xaf,
    0xe0, 0x4f, 0xf2, 0x0, 0x0, 0x8, 0xff, 0x4,
    0xff, 0x30, 0x0, 0x0, 0xaf, 0xe0, 0x4f, 0xf7,
    0x0, 0x0, 0xd, 0xfc, 0x4, 0xff, 0xe1, 0x0,
    0x4, 0xff, 0x80, 0x4f, 0xff, 0xd5, 0x36, 0xff,
    0xf1, 0x4, 0xff, 0x7f, 0xff, 0xff, 0xf5, 0x0,
    0x4f, 0xf0, 0x5c, 0xfe, 0xb3, 0x0, 0x0,

    /* U+0063 "c" */
    0x0, 0x1, 0x8d, 0xfe, 0xb5, 0x0, 0x0, 0x3,
    0xef, 0xff, 0xff, 0xfb, 0x0, 0x0, 0xef, 0xf7,
    0x35, 0xbf, 0xf8, 0x0, 0x7f, 0xf5, 0x0, 0x0,
    0xcf, 0xe0, 0xc, 0xfd, 0x0, 0x0, 0x4, 0x99,
    0x10, 0xff, 0x90, 0x0, 0x0, 0x0, 0x0, 0xf,
    0xf8, 0x0, 0x0, 0x0, 0x0, 0x0, 0xff, 0x90,
    0x0, 0x0, 0x0, 0x0, 0xc, 0xfd, 0x0, 0x0,
    0x5, 0xcc, 0x10, 0x7f, 0xf4, 0x0, 0x0, 0xcf,
    0xe0, 0x1, 0xef, 0xf7, 0x34, 0xbf, 0xf6, 0x0,
    0x3, 0xef, 0xff, 0xff, 0xf9, 0x0, 0x0, 0x1,
    0x8d, 0xfe, 0xb5, 0x0, 0x0,

    /* U+0064 "d" */
    0x0, 0x0, 0x0, 0x0, 0x2, 0xff, 0x40, 0x0,
    0x0, 0x0, 0x0, 0x2f, 0xf4, 0x0, 0x0, 0x0,
    0x0, 0x2, 0xff, 0x40, 0x0, 0x0, 0x0, 0x0,
    0x2f, 0xf4, 0x0, 0x3, 0xbe, 0xfc, 0x42, 0xff,
    0x40, 0x6, 0xff, 0xff, 0xff, 0x9f, 0xf4, 0x2,
    0xff, 0xf7, 0x35, 0xcf, 0xff, 0x40, 0x8f, 0xf5,
    0x0, 0x0, 0xef, 0xf4, 0xd, 0xfd, 0x0, 0x0,
    0x7, 0xff, 0x40, 0xff, 0x90, 0x0, 0x0, 0x4f,
    0xf4, 0xf, 0xf8, 0x0, 0x0, 0x3, 0xff, 0x40,
    0xff, 0x90, 0x0, 0x0, 0x4f, 0xf4, 0xd, 0xfd,
    0x0, 0x0, 0x7, 0xff, 0x40, 0x8f, 0xf5, 0x0,
    0x0, 0xef, 0xf4, 0x2, 0xff, 0xf7, 0x35, 0xcf,
    0xff, 0x40, 0x6, 0xff, 0xff, 0xff, 0x7f, 0xf4,
    0x0, 0x4, 0xbe, 0xfc, 0x40, 0xff, 0x40,

    /* U+0065 "e" */
    0x0, 0x1, 0x8d, 0xfe, 0xb4, 0x0, 0x0, 0x3,
    0xef, 0xff, 0xff, 0xf7, 0x0, 0x0, 0xef, 0xe6,
    0x34, 0xbf, 0xf4, 0x0, 0x7f, 0xf2, 0x0, 0x0,
    0xcf, 0xc0, 0xc, 0xfa, 0x0, 0x0, 0x6, 0xff,
    0x10, 0xff, 0xfe, 0xee, 0xee, 0xff, 0xf3, 0xf,
    0xff, 0xff, 0xff, 0xff, 0xff, 0x40, 0xff, 0x90,
    0x0, 0x0, 0x0, 0x0, 0xc, 0xfc, 0x0, 0x0,
    0x0, 0x11, 0x0, 0x7f, 0xf4, 0x0, 0x0, 0xbf,
    0xd0, 0x1, 0xef, 0xf7, 0x34, 0xaf, 0xf5, 0x0,
    0x3, 0xef, 0xff, 0xff, 0xf8, 0x0, 0x0, 0x1,
    0x8d, 0xff, 0xb5, 0x0, 0x0,

    /* U+0066 "f" */
    0x0, 0x8, 0xdf, 0xfa, 0x0, 0x8f, 0xff, 0xfa,
    0x0, 0xef, 0xc2, 0x10, 0x0, 0xff, 0x60, 0x0,
    0xbf, 0xff, 0xff, 0xf7, 0xbf, 0xff, 0xff, 0xf7,
    0x1, 0xff, 0x71, 0x10, 0x0, 0xff, 0x60, 0x0,
    0x0, 0xff, 0x60, 0x0, 0x0, 0xff, 0x60, 0x0,
    0x0, 0xff, 0x60, 0x0, 0x0, 0xff, 0x60, 0x0,
    0x0, 0xff, 0x60, 0x0, 0x0, 0xff, 0x60, 0x0,
    0x0, 0xff, 0x60, 0x0, 0x0, 0xff, 0x60, 0x0,
    0x0, 0xff, 0x60, 0x0,

    /* U+0067 "g" */
    0x0, 0x3, 0xbe, 0xfc, 0x41, 0xff, 0x30, 0x5,
    0xff, 0xff, 0xff, 0x7f, 0xf3, 0x2, 0xff, 0xe5,
    0x24, 0xcf, 0xff, 0x30, 0x9f, 0xf3, 0x0, 0x0,
    0xdf, 0xf3, 0xd, 0xfb, 0x0, 0x0, 0x6, 0xff,
    0x30, 0xff, 0x90, 0x0, 0x0, 0x3f, 0xf3, 0xf,
    0xf8, 0x0, 0x0, 0x4, 0xff, 0x30, 0xef, 0xb0,
    0x0, 0x0, 0x6f, 0xf3, 0xa, 0xff, 0x10, 0x0,
    0xd, 0xff, 0x30, 0x3f, 0xfc, 0x30, 0x2a, 0xff,
    0xf3, 0x0, 0x7f, 0xff, 0xff, 0xfb, 0xff, 0x30,
    0x0, 0x5d, 0xff, 0xe7, 0x3f, 0xf3, 0x0, 0x0,
    0x0, 0x10, 0x4, 0xff, 0x20, 0x8f, 0xe1, 0x0,
    0x0, 0x9f, 0xf0, 0x2, 0xff, 0xc4, 0x23, 0x8f,
    0xfa, 0x0, 0x5, 0xff, 0xff, 0xff, 0xfd, 0x10,
    0x0, 0x2, 0xae, 0xfe, 0xc7, 0x0, 0x0,

    /* U+0068 "h" */
    0x4f, 0xf2, 0x0, 0x0, 0x0, 0x4, 0xff, 0x20,
    0x0, 0x0, 0x0, 0x4f, 0xf2, 0x0, 0x0, 0x0,
    0x4, 0xff, 0x20, 0x0, 0x0, 0x0, 0x4f, 0xf2,
    0x6d, 0xfe, 0x91, 0x4, 0xff, 0x9f, 0xff, 0xff,
    0xd0, 0x4f, 0xff, 0x93, 0x3a, 0xff, 0x64, 0xff,
    0xb0, 0x0, 0xe, 0xfb, 0x4f, 0xf4, 0x0, 0x0,
    0xaf, 0xd4, 0xff, 0x20, 0x0, 0x9, 0xfe, 0x4f,
    0xf2, 0x0, 0x0, 0x9f, 0xe4, 0xff, 0x20, 0x0,
    0x9, 0xfe, 0x4f, 0xf2, 0x0, 0x0, 0x9f, 0xe4,
    0xff, 0x20, 0x0, 0x9, 0xfe, 0x4f, 0xf2, 0x0,
    0x0, 0x9f, 0xe4, 0xff, 0x20, 0x0, 0x9, 0xfe,
    0x4f, 0xf2, 0x0, 0x0, 0x9f, 0xe0,

    /* U+0069 "i" */
    0x5f, 0xf3, 0x5f, 0xf3, 0x28, 0x81, 0x0, 0x0,
    0x4f, 0xf2, 0x4f, 0xf2, 0x4f, 0xf2, 0x4f, 0xf2,
    0x4f, 0xf2, 0x4f, 0xf2, 0x4f, 0xf2, 0x4f, 0xf2,
    0x4f, 0xf2, 0x4f, 0xf2, 0x4f, 0xf2, 0x4f, 0xf2,
    0x4f, 0xf2,

    /* U+006A "j" */
    0x0, 0xa, 0xfd, 0x0, 0xa, 0xfd, 0x0, 0x5,
    0x87, 0x0, 0x0, 0x0, 0x0, 0xa, 0xfd, 0x0,
    0xa, 0xfd, 0x0, 0xa, 0xfd, 0x0, 0xa, 0xfd,
    0x0, 0xa, 0xfd, 0x0, 0xa, 0xfd, 0x0, 0xa,
    0xfd, 0x0, 0xa, 0xfd, 0x0, 0xa, 0xfd, 0x0,
    0xa, 0xfd, 0x0, 0xa, 0xfd, 0x0, 0xa, 0xfd,
    0x0, 0xa, 0xfd, 0x0, 0xa, 0xfc, 0x1, 0x2e,
    0xfb, 0x1f, 0xff, 0xf7, 0x1f, 0xfe, 0x80,

    /* U+006B "k" */
    0x4f, 0xf2, 0x0, 0x0, 0x0, 0x0, 0x4f, 0xf2,
    0x0, 0x0, 0x0, 0x0, 0x4f, 0xf2, 0x0, 0x0,
    0x0, 0x0, 0x4f, 0xf2, 0x0, 0x0, 0x0, 0x0,
    0x4f, 0xf2, 0x0, 0x0, 0xbf, 0xf4, 0x4f, 0xf2,
    0x0, 0xa, 0xff, 0x60, 0x4f, 0xf2, 0x0, 0x7f,
    0xf8, 0x0, 0x4f, 0xf2, 0x5, 0xff, 0xa0, 0x0,
    0x4f, 0xf2, 0x3f, 0xfc, 0x0, 0x0, 0x4f, 0xf4,
    0xef, 0xf2, 0x0, 0x0, 0x4f, 0xfe, 0xff, 0xfa,
    0x0, 0x0, 0x4f, 0xff, 0xd7, 0xff, 0x40, 0x0,
    0x4f, 0xfe, 0x20, 0xcf, 0xe0, 0x0, 0x4f, 0xf4,
    0x0, 0x2f, 0xf9, 0x0, 0x4f, 0xf2, 0x0, 0x7,
    0xff, 0x40, 0x4f, 0xf2, 0x0, 0x0, 0xdf, 0xe0,
    0x4f, 0xf2, 0x0, 0x0, 0x3f, 0xf9,

    /* U+006C "l" */
    0x4f, 0xf2, 0x4, 0xff, 0x20, 0x4f, 0xf2, 0x4,
    0xff, 0x20, 0x4f, 0xf2, 0x4, 0xff, 0x20, 0x4f,
    0xf2, 0x4, 0xff, 0x20, 0x4f, 0xf2, 0x4, 0xff,
    0x20, 0x4f, 0xf2, 0x4, 0xff, 0x20, 0x4f, 0xf2,
    0x4, 0xff, 0x20, 0x3f, 0xf6, 0x11, 0xff, 0xff,
    0x5, 0xdf, 0xf0,

    /* U+006D "m" */
    0x4f, 0xf0, 0x6d, 0xfd, 0x50, 0x6, 0xdf, 0xe8,
    0x0, 0x4f, 0xf7, 0xff, 0xff, 0xf6, 0x6f, 0xff,
    0xff, 0xa0, 0x4f, 0xff, 0x82, 0x5e, 0xfe, 0xe9,
    0x24, 0xdf, 0xf3, 0x4f, 0xfa, 0x0, 0x5, 0xff,
    0xc0, 0x0, 0x2f, 0xf7, 0x4f, 0xf4, 0x0, 0x1,
    0xff, 0x60, 0x0, 0xe, 0xf9, 0x4f, 0xf2, 0x0,
    0x0, 0xff, 0x50, 0x0, 0xd, 0xf9, 0x4f, 0xf2,
    0x0, 0x0, 0xff, 0x50, 0x0, 0xd, 0xf9, 0x4f,
    0xf2, 0x0, 0x0, 0xff, 0x50, 0x0, 0xd, 0xf9,
    0x4f, 0xf2, 0x0, 0x0, 0xff, 0x50, 0x0, 0xd,
    0xf9, 0x4f, 0xf2, 0x0, 0x0, 0xff, 0x50, 0x0,
    0xd, 0xf9, 0x4f, 0xf2, 0x0, 0x0, 0xff, 0x50,
    0x0, 0xd, 0xf9, 0x4f, 0xf2, 0x0, 0x0, 0xff,
    0x50, 0x0, 0xd, 0xf9, 0x4f, 0xf2, 0x0, 0x0,
    0xff, 0x50, 0x0, 0xd, 0xf9,

    /* U+006E "n" */
    0x4f, 0xf0, 0x5c, 0xfe, 0x91, 0x4, 0xff, 0x6f,
    0xff, 0xff, 0xd0, 0x4f, 0xff, 0xa3, 0x3a, 0xff,
    0x64, 0xff, 0xb0, 0x0, 0xe, 0xfb, 0x4f, 0xf4,
    0x0, 0x0, 0xaf, 0xd4, 0xff, 0x20, 0x0, 0x9,
    0xfe, 0x4f, 0xf2, 0x0, 0x0, 0x9f, 0xe4, 0xff,
    0x20, 0x0, 0x9, 0xfe, 0x4f, 0xf2, 0x0, 0x0,
    0x9f, 0xe4, 0xff, 0x20, 0x0, 0x9, 0xfe, 0x4f,
    0xf2, 0x0, 0x0, 0x9f, 0xe4, 0xff, 0x20, 0x0,
    0x9, 0xfe, 0x4f, 0xf2, 0x0, 0x0, 0x9f, 0xe0,

    /* U+006F "o" */
    0x0, 0x1, 0x8d, 0xfe, 0xb5, 0x0, 0x0, 0x3,
    0xef, 0xff, 0xff, 0xf9, 0x0, 0x0, 0xef, 0xf7,
    0x34, 0xbf, 0xf7, 0x0, 0x7f, 0xf5, 0x0, 0x0,
    0xcf, 0xf0, 0xc, 0xfd, 0x0, 0x0, 0x4, 0xff,
    0x50, 0xff, 0x90, 0x0, 0x0, 0x1f, 0xf7, 0xf,
    0xf8, 0x0, 0x0, 0x0, 0xff, 0x80, 0xff, 0x90,
    0x0, 0x0, 0x1f, 0xf7, 0xc, 0xfd, 0x0, 0x0,
    0x4, 0xff, 0x50, 0x7f, 0xf4, 0x0, 0x0, 0xcf,
    0xf0, 0x1, 0xef, 0xf7, 0x34, 0xbf, 0xf7, 0x0,
    0x3, 0xef, 0xff, 0xff, 0xfa, 0x0, 0x0, 0x1,
    0x8d, 0xfe, 0xb5, 0x0, 0x0,

    /* U+0070 "p" */
    0x4f, 0xf0, 0x5c, 0xfe, 0xb3, 0x0, 0x4, 0xff,
    0x7f, 0xff, 0xff, 0xf5, 0x0, 0x4f, 0xff, 0xd5,
    0x37, 0xff, 0xf1, 0x4, 0xff, 0xd0, 0x0, 0x5,
    0xff, 0x80, 0x4f, 0xf7, 0x0, 0x0, 0xd, 0xfc,
    0x4, 0xff, 0x30, 0x0, 0x0, 0xaf, 0xe0, 0x4f,
    0xf2, 0x0, 0x0, 0x8, 0xff, 0x4, 0xff, 0x30,
    0x0, 0x0, 0xaf, 0xe0, 0x4f, 0xf6, 0x0, 0x0,
    0xd, 0xfc, 0x4, 0xff, 0xd0, 0x0, 0x4, 0xff,
    0x80, 0x4f, 0xff, 0xc5, 0x36, 0xff, 0xf1, 0x4,
    0xff, 0xaf, 0xff, 0xff, 0xf5, 0x0, 0x4f, 0xf2,
    0x5c, 0xfe, 0xb3, 0x0, 0x4, 0xff, 0x20, 0x0,
    0x0, 0x0, 0x0, 0x4f, 0xf2, 0x0, 0x0, 0x0,
    0x0, 0x4, 0xff, 0x20, 0x0, 0x0, 0x0, 0x0,
    0x4f, 0xf2, 0x0, 0x0, 0x0, 0x0, 0x0,

    /* U+0071 "q" */
    0x0, 0x3, 0xbe, 0xfc, 0x50, 0xff, 0x40, 0x5,
    0xff, 0xff, 0xff, 0x7f, 0xf4, 0x1, 0xff, 0xf7,
    0x35, 0xdf, 0xff, 0x40, 0x8f, 0xf4, 0x0, 0x0,
    0xef, 0xf4, 0xc, 0xfc, 0x0, 0x0, 0x7, 0xff,
    0x40, 0xff, 0x90, 0x0, 0x0, 0x4f, 0xf4, 0xf,
    0xf8, 0x0, 0x0, 0x3, 0xff, 0x40, 0xff, 0x90,
    0x0, 0x0, 0x4f, 0xf4, 0xc, 0xfc, 0x0, 0x0,
    0x7, 0xff, 0x40, 0x8f, 0xf4, 0x0, 0x0, 0xdf,
    0xf4, 0x1, 0xff, 0xe6, 0x35, 0xcf, 0xff, 0x40,
    0x5, 0xff, 0xff, 0xff, 0xaf, 0xf4, 0x0, 0x3,
    0xbe, 0xfc, 0x52, 0xff, 0x40, 0x0, 0x0, 0x0,
    0x0, 0x2f, 0xf4, 0x0, 0x0, 0x0, 0x0, 0x2,
    0xff, 0x40, 0x0, 0x0, 0x0, 0x0, 0x2f, 0xf4,
    0x0, 0x0, 0x0, 0x0, 0x2, 0xff, 0x40,

    /* U+0072 "r" */
    0x4f, 0xf0, 0x9e, 0xf2, 0x4f, 0xf9, 0xff, 0xf2,
    0x4f, 0xff, 0x94, 0x40, 0x4f, 0xf8, 0x0, 0x0,
    0x4f, 0xf3, 0x0, 0x0, 0x4f, 0xf2, 0x0, 0x0,
    0x4f, 0xf2, 0x0, 0x0, 0x4f, 0xf2, 0x0, 0x0,
    0x4f, 0xf2, 0x0, 0x0, 0x4f, 0xf2, 0x0, 0x0,
    0x4f, 0xf2, 0x0, 0x0, 0x4f, 0xf2, 0x0, 0x0,
    0x4f, 0xf2, 0x0, 0x0,

    /* U+0073 "s" */
    0x0, 0x6, 0xcf, 0xfe, 0x92, 0x0, 0x0, 0xbf,
    0xff, 0xff, 0xff, 0x30, 0x5, 0xff, 0xa3, 0x25,
    0xef, 0xd0, 0x8, 0xff, 0x0, 0x0, 0x4f, 0xf3,
    0x8, 0xff, 0x20, 0x0, 0x3, 0x31, 0x3, 0xff,
    0xe8, 0x51, 0x0, 0x0, 0x0, 0x4d, 0xff, 0xff,
    0xd7, 0x0, 0x0, 0x0, 0x37, 0xbe, 0xff, 0xb0,
    0x4, 0x42, 0x0, 0x0, 0x8f, 0xf3, 0xe, 0xfc,
    0x0, 0x0, 0x4f, 0xf5, 0x8, 0xff, 0xa3, 0x24,
    0xcf, 0xf2, 0x0, 0xcf, 0xff, 0xff, 0xff, 0x80,
    0x0, 0x6, 0xce, 0xfe, 0xb4, 0x0,

    /* U+0074 "t" */
    0x0, 0x78, 0x30, 0x0, 0x0, 0xff, 0x70, 0x0,
    0x0, 0xff, 0x70, 0x0, 0xdf, 0xff, 0xff, 0xfb,
    0xdf, 0xff, 0xff, 0xfb, 0x11, 0xff, 0x81, 0x10,
    0x0, 0xff, 0x70, 0x0, 0x0, 0xff, 0x70, 0x0,
    0x0, 0xff, 0x70, 0x0, 0x0, 0xff, 0x70, 0x0,
    0x0, 0xff, 0x70, 0x0, 0x0, 0xff, 0x70, 0x0,
    0x0, 0xff, 0x70, 0x0, 0x0, 0xdf, 0xc2, 0x10,
    0x0, 0x8f, 0xff, 0xfb, 0x0, 0x8, 0xef, 0xfb,

    /* U+0075 "u" */
    0x4f, 0xf2, 0x0, 0x0, 0xbf, 0xc4, 0xff, 0x20,
    0x0, 0xb, 0xfc, 0x4f, 0xf2, 0x0, 0x0, 0xbf,
    0xc4, 0xff, 0x20, 0x0, 0xb, 0xfc, 0x4f, 0xf2,
    0x0, 0x0, 0xbf, 0xc4, 0xff, 0x20, 0x0, 0xb,
    0xfc, 0x4f, 0xf2, 0x0, 0x0, 0xbf, 0xc4, 0xff,
    0x20, 0x0, 0xb, 0xfc, 0x4f, 0xf3, 0x0, 0x0,
    0xdf, 0xc2, 0xff, 0x70, 0x0, 0x3f, 0xfc, 0xe,
    0xff, 0x62, 0x5e, 0xff, 0xc0, 0x5f, 0xff, 0xff,
    0xd9, 0xfc, 0x0, 0x5c, 0xfe, 0x91, 0x8f, 0xc0,

    /* U+0076 "v" */
    0x5f, 0xf4, 0x0, 0x0, 0x6, 0xff, 0x30, 0xff,
    0x90, 0x0, 0x0, 0xbf, 0xd0, 0xa, 0xfe, 0x0,
    0x0, 0xf, 0xf8, 0x0, 0x4f, 0xf3, 0x0, 0x5,
    0xff, 0x20, 0x0, 0xef, 0x80, 0x0, 0xaf, 0xd0,
    0x0, 0x9, 0xfd, 0x0, 0xf, 0xf7, 0x0, 0x0,
    0x4f, 0xf3, 0x5, 0xff, 0x20, 0x0, 0x0, 0xef,
    0x80, 0xaf, 0xc0, 0x0, 0x0, 0x9, 0xfd, 0xf,
    0xf7, 0x0, 0x0, 0x0, 0x3f, 0xf7, 0xff, 0x10,
    0x0, 0x0, 0x0, 0xef, 0xff, 0xc0, 0x0, 0x0,
    0x0, 0x8, 0xff, 0xf6, 0x0, 0x0, 0x0, 0x0,
    0x3f, 0xff, 0x10, 0x0, 0x0,

    /* U+0077 "w" */
    0x5f, 0xf3, 0x0, 0x0, 0xcf, 0xc0, 0x0, 0x1,
    0xff, 0x61, 0xff, 0x70, 0x0, 0xf, 0xff, 0x10,
    0x0, 0x6f, 0xf2, 0xc, 0xfb, 0x0, 0x4, 0xff,
    0xf5, 0x0, 0xa, 0xfd, 0x0, 0x7f, 0xf0, 0x0,
    0x8f, 0xff, 0x90, 0x0, 0xef, 0x80, 0x3, 0xff,
    0x30, 0xd, 0xf9, 0xfd, 0x0, 0x2f, 0xf4, 0x0,
    0xe, 0xf7, 0x1, 0xff, 0x1f, 0xf1, 0x6, 0xff,
    0x0, 0x0, 0xaf, 0xb0, 0x5f, 0xb0, 0xbf, 0x60,
    0xaf, 0xb0, 0x0, 0x5, 0xff, 0x9, 0xf7, 0x6,
    0xfa, 0xe, 0xf6, 0x0, 0x0, 0x1f, 0xf4, 0xdf,
    0x30, 0x2f, 0xe3, 0xff, 0x10, 0x0, 0x0, 0xcf,
    0xaf, 0xe0, 0x0, 0xef, 0xaf, 0xd0, 0x0, 0x0,
    0x7, 0xff, 0xfa, 0x0, 0x9, 0xff, 0xf8, 0x0,
    0x0, 0x0, 0x3f, 0xff, 0x50, 0x0, 0x5f, 0xff,
    0x40, 0x0, 0x0, 0x0, 0xef, 0xf1, 0x0, 0x0,
    0xff, 0xf0, 0x0, 0x0,

    /* U+0078 "x" */
    0x6f, 0xf4, 0x0, 0x0, 0x6f, 0xf5, 0xb, 0xfe,
    0x0, 0x1, 0xff, 0xb0, 0x1, 0xff, 0x90, 0xa,
    0xff, 0x10, 0x0, 0x6f, 0xf3, 0x4f, 0xf6, 0x0,
    0x0, 0xb, 0xfd, 0xdf, 0xb0, 0x0, 0x0, 0x1,
    0xff, 0xff, 0x20, 0x0, 0x0, 0x0, 0xaf, 0xfa,
    0x0, 0x0, 0x0, 0x4, 0xff, 0xff, 0x30, 0x0,
    0x0, 0xd, 0xfb, 0xbf, 0xd0, 0x0, 0x0, 0x9f,
    0xf2, 0x1f, 0xf8, 0x0, 0x4, 0xff, 0x70, 0x6,
    0xff, 0x30, 0xd, 0xfc, 0x0, 0x0, 0xcf, 0xd0,
    0x9f, 0xf2, 0x0, 0x0, 0x2f, 0xf8,

    /* U+0079 "y" */
    0x5f, 0xf3, 0x0, 0x0, 0x8, 0xff, 0x10, 0xff,
    0x80, 0x0, 0x0, 0xdf, 0xb0, 0xa, 0xfd, 0x0,
    0x0, 0x1f, 0xf6, 0x0, 0x4f, 0xf3, 0x0, 0x6,
    0xff, 0x10, 0x0, 0xff, 0x80, 0x0, 0xbf, 0xc0,
    0x0, 0xa, 0xfd, 0x0, 0xf, 0xf6, 0x0, 0x0,
    0x4f, 0xf2, 0x5, 0xff, 0x10, 0x0, 0x0, 0xef,
    0x70, 0xaf, 0xc0, 0x0, 0x0, 0x9, 0xfc, 0xe,
    0xf6, 0x0, 0x0, 0x0, 0x4f, 0xf5, 0xff, 0x10,
    0x0, 0x0, 0x0, 0xef, 0xef, 0xc0, 0x0, 0x0,
    0x0, 0x9, 0xff, 0xf7, 0x0, 0x0, 0x0, 0x0,
    0x4f, 0xff, 0x10, 0x0, 0x0, 0x0, 0x0, 0x7f,
    0xc0, 0x0, 0x0, 0x0, 0x1, 0x3e, 0xf7, 0x0,
    0x0, 0x0, 0x9, 0xff, 0xff, 0x10, 0x0, 0x0,
    0x0, 0x9f, 0xfc, 0x40, 0x0, 0x0, 0x0,

    /* U+007A "z" */
    0x9f, 0xff, 0xff, 0xff, 0xff, 0x59, 0xff, 0xff,
    0xff, 0xff, 0xf5, 0x1, 0x11, 0x11, 0x1d, 0xff,
    0x20, 0x0, 0x0, 0xa, 0xff, 0x50, 0x0, 0x0,
    0x8, 0xff, 0x70, 0x0, 0x0, 0x5, 0xff, 0x90,
    0x0, 0x0, 0x3, 0xff, 0xb0, 0x0, 0x0, 0x2,
    0xef, 0xc0, 0x0, 0x0, 0x1, 0xdf, 0xe1, 0x0,
    0x0, 0x0, 0xcf, 0xf2, 0x0, 0x0, 0x0, 0x9f,
    0xf5, 0x11, 0x11, 0x11, 0xd, 0xff, 0xff, 0xff,
    0xff, 0xf8, 0xdf, 0xff, 0xff, 0xff, 0xff, 0x80,

    /* U+007B "{" */
    0x0, 0x0, 0x9e, 0xfc, 0x0, 0xc, 0xff, 0xfc,
    0x0, 0x5f, 0xfb, 0x53, 0x0, 0xaf, 0xd0, 0x0,
    0x0, 0xbf, 0xa0, 0x0, 0x0, 0xbf, 0x90, 0x0,
    0x0, 0xbf, 0x90, 0x0, 0x0, 0xcf, 0x80, 0x0,
    0x1, 0xff, 0x50, 0x0, 0x5c, 0xfc, 0x0, 0x0,
    0xff, 0xa1, 0x0, 0x0, 0xff, 0xe4, 0x0, 0x0,
    0x19, 0xff, 0x10, 0x0, 0x0, 0xef, 0x70, 0x0,
    0x0, 0xcf, 0x90, 0x0, 0x0, 0xbf, 0x90, 0x0,
    0x0, 0xbf, 0x90, 0x0, 0x0, 0xaf, 0xc0, 0x0,
    0x0, 0x6f, 0xfa, 0x42, 0x0, 0xd, 0xff, 0xfc,
    0x0, 0x1, 0x9e, 0xfc,

    /* U+007C "|" */
    0x8, 0x82, 0xf, 0xf5, 0xf, 0xf5, 0xf, 0xf5,
    0xf, 0xf5, 0xf, 0xf5, 0xf, 0xf5, 0xf, 0xf5,
    0xf, 0xf5, 0xf, 0xf5, 0xf, 0xf5, 0xf, 0xf5,
    0xf, 0xf5, 0xf, 0xf5, 0xf, 0xf5, 0xf, 0xf5,
    0xf, 0xf5, 0xf, 0xf5, 0xf, 0xf5, 0xf, 0xf5,
    0xf, 0xf5,

    /* U+007D "}" */
    0xaf, 0xe9, 0x10, 0x0, 0xa, 0xff, 0xfd, 0x0,
    0x0, 0x25, 0xbf, 0xf6, 0x0, 0x0, 0x0, 0xcf,
    0xb0, 0x0, 0x0, 0x8, 0xfc, 0x0, 0x0, 0x0,
    0x8f, 0xc0, 0x0, 0x0, 0x8, 0xfc, 0x0, 0x0,
    0x0, 0x7f, 0xe0, 0x0, 0x0, 0x3, 0xff, 0x20,
    0x0, 0x0, 0xb, 0xfd, 0x50, 0x0, 0x0, 0x9,
    0xff, 0x10, 0x0, 0x3, 0xdf, 0xf1, 0x0, 0x0,
    0xef, 0xa1, 0x0, 0x0, 0x5f, 0xf0, 0x0, 0x0,
    0x7, 0xfd, 0x0, 0x0, 0x0, 0x8f, 0xc0, 0x0,
    0x0, 0x8, 0xfc, 0x0, 0x0, 0x0, 0xbf, 0xb0,
    0x0, 0x24, 0x9f, 0xf8, 0x0, 0xa, 0xff, 0xfe,
    0x10, 0x0, 0xaf, 0xea, 0x10, 0x0, 0x0,

    /* U+007E "~" */
    0x0, 0x7e, 0xe6, 0x0, 0xf, 0xf0, 0x4, 0xff,
    0xff, 0x50, 0xf, 0xf0, 0xb, 0xf7, 0x3e, 0xe3,
    0x7f, 0xb0, 0xe, 0xf1, 0x4, 0xff, 0xff, 0x40,
    0xf, 0xf0, 0x0, 0x6e, 0xe7, 0x0,

    /* U+00A0 " " */

    /* U+00A1 "¡" */
    0xef, 0xf1, 0xef, 0xf1, 0xef, 0xf1, 0x0, 0x0,
    0x0, 0x0, 0x2e, 0x80, 0x3f, 0xa0, 0x5f, 0xb0,
    0x6f, 0xc0, 0x7f, 0xd0, 0x8f, 0xe0, 0x8f, 0xe0,
    0x8f, 0xf0, 0x8f, 0xf0, 0x8f, 0xf0, 0x8f, 0xf0,
    0x8f, 0xf0,

    /* U+00A2 "¢" */
    0x0, 0x0, 0x0, 0x8f, 0x20, 0x0, 0x0, 0x0,
    0x0, 0xc, 0xf0, 0x0, 0x0, 0x0, 0x3, 0xbf,
    0xff, 0xe8, 0x0, 0x0, 0x5, 0xff, 0xff, 0xff,
    0xfd, 0x10, 0x1, 0xff, 0xe4, 0xee, 0x8f, 0xf9,
    0x0, 0x8f, 0xf3, 0xf, 0xb0, 0xaf, 0xf0, 0xd,
    0xfc, 0x0, 0xf9, 0x2, 0x77, 0x10, 0xff, 0x90,
    0x2f, 0x80, 0x0, 0x0, 0xf, 0xf8, 0x3, 0xf7,
    0x0, 0x0, 0x0, 0xef, 0xa0, 0x4f, 0x50, 0x0,
    0x0, 0xc, 0xfd, 0x6, 0xf4, 0x5, 0xdd, 0x10,
    0x7f, 0xf5, 0x7f, 0x30, 0xcf, 0xe0, 0x0, 0xef,
    0xff, 0xf6, 0xbf, 0xf6, 0x0, 0x3, 0xef, 0xff,
    0xff, 0xf9, 0x0, 0x0, 0x1, 0x8f, 0xfe, 0xb5,
    0x0, 0x0, 0x0, 0x0, 0xdd, 0x0, 0x0, 0x0,
    0x0, 0x0, 0xe, 0xc0, 0x0, 0x0, 0x0,

    /* U+00A3 "£" */
    0x0, 0x0, 0x7d, 0xfe, 0xc7, 0x0, 0x0, 0x0,
    0xcf, 0xff, 0xff, 0xfd, 0x10, 0x0, 0xaf, 0xfc,
    0x67, 0xdf, 0xfa, 0x0, 0xf, 0xfc, 0x0, 0x1,
    0xdf, 0xf1, 0x2, 0xff, 0x60, 0x0, 0x4, 0x77,
    0x20, 0x2f, 0xf5, 0x0, 0x0, 0x0, 0x0, 0x0,
    0xff, 0x80, 0x0, 0x0, 0x0, 0x0, 0xa, 0xfd,
    0x0, 0x0, 0x0, 0x0, 0xcf, 0xff, 0xff, 0xff,
    0xd0, 0x0, 0x9, 0xdd, 0xff, 0xdd, 0xdb, 0x0,
    0x0, 0x0, 0x1f, 0xf2, 0x0, 0x0, 0x0, 0x0,
    0x2, 0xff, 0x0, 0x0, 0x0, 0x0, 0x0, 0x7f,
    0xb0, 0x0, 0x0, 0x0, 0x0, 0x3f, 0xf2, 0x0,
    0x0, 0x0, 0x0, 0x5f, 0xf9, 0x77, 0x77, 0x77,
    0x77, 0xb, 0xff, 0xff, 0xff, 0xff, 0xff, 0xf1,
    0xbf, 0xff, 0xff, 0xff, 0xff, 0xff, 0x10,

    /* U+00A4 "¤" */
    0x1, 0x0, 0x0, 0x0, 0x0, 0x1, 0x7, 0xe2,
    0x0, 0x0, 0x0, 0xa, 0xd1, 0x8f, 0xe5, 0xae,
    0xfc, 0x6a, 0xfd, 0x10, 0x9f, 0xff, 0xff, 0xff,
    0xfe, 0x10, 0x1, 0xff, 0x81, 0x4, 0xff, 0x90,
    0x0, 0x7f, 0x90, 0x0, 0x2, 0xfe, 0x0, 0xa,
    0xf3, 0x0, 0x0, 0xc, 0xf1, 0x0, 0xaf, 0x30,
    0x0, 0x0, 0xcf, 0x10, 0x7, 0xf9, 0x0, 0x0,
    0x2f, 0xe0, 0x0, 0x1f, 0xf8, 0x10, 0x4f, 0xf8,
    0x0, 0x8, 0xff, 0xff, 0xff, 0xff, 0xd1, 0x8,
    0xfe, 0x5a, 0xef, 0xc6, 0xaf, 0xd1, 0x7e, 0x20,
    0x0, 0x0, 0x0, 0xac, 0x10, 0x10, 0x0, 0x0,
    0x0, 0x0, 0x10,

    /* U+00A5 "¥" */
    0xd, 0xfe, 0x10, 0x0, 0x0, 0x5, 0xff, 0x80,
    0x4f, 0xf8, 0x0, 0x0, 0x0, 0xdf, 0xe0, 0x0,
    0xbf, 0xf2, 0x0, 0x0, 0x6f, 0xf6, 0x0, 0x2,
    0xff, 0xa0, 0x0, 0xe, 0xfc, 0x0, 0x0, 0x9,
    0xff, 0x30, 0x8, 0xff, 0x40, 0x0, 0x0, 0x1e,
    0xfc, 0x1, 0xff, 0xa0, 0x0, 0x0, 0x0, 0x6f,
    0xf4, 0xaf, 0xf2, 0x0, 0x0, 0x0, 0x0, 0xdf,
    0xef, 0xf8, 0x0, 0x0, 0x0, 0xd, 0xff, 0xff,
    0xff, 0xff, 0xfc, 0x0, 0x0, 0xdf, 0xff, 0xff,
    0xff, 0xff, 0xd0, 0x0, 0x0, 0x0, 0x6f, 0xf1,
    0x0, 0x0, 0x0, 0x0, 0x0, 0x6, 0xff, 0x10,
    0x0, 0x0, 0x0, 0xd, 0xff, 0xff, 0xff, 0xff,
    0xfd, 0x0, 0x0, 0xdf, 0xff, 0xff, 0xff, 0xff,
    0xc0, 0x0, 0x0, 0x0, 0x6f, 0xf1, 0x0, 0x0,
    0x0, 0x0, 0x0, 0x6, 0xff, 0x10, 0x0, 0x0,
    0x0, 0x0, 0x0, 0x6f, 0xf1, 0x0, 0x0, 0x0,

    /* U+00A6 "¦" */
    0x7, 0x72, 0xf, 0xf5, 0xf, 0xf5, 0xf, 0xf5,
    0xf, 0xf5, 0xf, 0xf5, 0xf, 0xf5, 0xf, 0xf5,
    0xf, 0xf5, 0x0, 0x0, 0x0, 0x0, 0x0, 0x0,
    0x7, 0x72, 0xf, 0xf5, 0xf, 0xf5, 0xf, 0xf5,
    0xf, 0xf5, 0xf, 0xf5, 0xf, 0xf5, 0xf, 0xf5,
    0xf, 0xf5,

    /* U+00A7 "§" */
    0x0, 0x4a, 0xef, 0xeb, 0x40, 0x0, 0x7f, 0xff,
    0xff, 0xff, 0x80, 0x1f, 0xfd, 0x42, 0x4c, 0xff,
    0x44, 0xff, 0x40, 0x0, 0xe, 0xf9, 0x3f, 0xf8,
    0x0, 0x0, 0x24, 0x30, 0xaf, 0xfd, 0x73, 0x0,
    0x0, 0x0, 0xbf, 0xff, 0xfe, 0x81, 0x0, 0xaf,
    0xfa, 0x9b, 0xff, 0xe1, 0x3f, 0xf3, 0x0, 0x2,
    0xef, 0x95, 0xff, 0x0, 0x0, 0x8, 0xfc, 0x3f,
    0xf8, 0x0, 0x0, 0xcf, 0xa0, 0x9f, 0xfe, 0xba,
    0xef, 0xe2, 0x0, 0x4b, 0xff, 0xff, 0xf5, 0x0,
    0x0, 0x0, 0x38, 0xef, 0xf3, 0x46, 0x40, 0x0,
    0x2, 0xff, 0xa9, 0xff, 0x10, 0x0, 0xd, 0xfb,
    0x2f, 0xfd, 0x52, 0x38, 0xff, 0x80, 0x6f, 0xff,
    0xff, 0xff, 0xd1, 0x0, 0x29, 0xdf, 0xfc, 0x70,
    0x0,

    /* U+00A8 "¨" */
    0x8, 0x83, 0x6, 0x86, 0xf, 0xf6, 0xb, 0xfb,
    0xf, 0xf6, 0xb, 0xfb,

    /* U+00A9 "©" */
    0x0, 0x0, 0x6, 0xbe, 0xfe, 0xb6, 0x0, 0x0,
    0x0, 0x0, 0x4d, 0xff, 0xff, 0xff, 0xfd, 0x40,
    0x0, 0x0, 0x5f, 0xfd, 0x61, 0x1, 0x6d, 0xff,
    0x50, 0x0, 0x3f, 0xf8, 0x0, 0x0, 0x0, 0x8,
    0xff, 0x30, 0xc, 0xf8, 0x0, 0x5b, 0xcb, 0x60,
    0x9, 0xfc, 0x4, 0xfd, 0x0, 0xaf, 0xff, 0xff,
    0xb0, 0xd, 0xf4, 0x9f, 0x60, 0x6f, 0xe4, 0x3,
    0xdf, 0x60, 0x7f, 0x9d, 0xf2, 0xc, 0xf5, 0x0,
    0x5, 0xea, 0x2, 0xfd, 0xff, 0x0, 0xff, 0x0,
    0x0, 0x0, 0x0, 0xf, 0xff, 0xf0, 0xf, 0xf0,
    0x0, 0x0, 0x0, 0x0, 0xfe, 0xdf, 0x20, 0xdf,
    0x40, 0x0, 0x4e, 0xb0, 0x2f, 0xd9, 0xf6, 0x7,
    0xfd, 0x20, 0x1c, 0xf8, 0x7, 0xf9, 0x4f, 0xd0,
    0xc, 0xff, 0xef, 0xfd, 0x0, 0xdf, 0x40, 0xcf,
    0x80, 0x7, 0xdf, 0xe8, 0x0, 0x8f, 0xc0, 0x3,
    0xff, 0x80, 0x0, 0x0, 0x0, 0x8f, 0xf3, 0x0,
    0x5, 0xff, 0xc5, 0x10, 0x15, 0xdf, 0xf5, 0x0,
    0x0, 0x4, 0xdf, 0xff, 0xff, 0xff, 0xd4, 0x0,
    0x0, 0x0, 0x0, 0x6b, 0xef, 0xeb, 0x60, 0x0,
    0x0,

    /* U+00AA "ª" */
    0x0, 0x7d, 0xfe, 0x91, 0x0, 0x7f, 0xe9, 0xdf,
    0xb0, 0x8, 0x94, 0x1, 0xff, 0x0, 0x2, 0x7a,
    0xdf, 0xf2, 0x7, 0xff, 0xb7, 0xff, 0x20, 0xff,
    0x30, 0x3f, 0xf2, 0xe, 0xfc, 0x9f, 0xff, 0x80,
    0x4d, 0xfe, 0x74, 0xec,

    /* U+00AB "«" */
    0x0, 0x0, 0x89, 0x70, 0x8, 0x98, 0x0, 0x0,
    0xaf, 0xf3, 0x9, 0xff, 0x40, 0x0, 0x8f, 0xf5,
    0x6, 0xff, 0x70, 0x0, 0x5f, 0xf7, 0x4, 0xff,
    0xa0, 0x0, 0xf, 0xfa, 0x0, 0xef, 0xc0, 0x0,
    0x0, 0xff, 0x50, 0xe, 0xf7, 0x0, 0x0, 0xb,
    0xff, 0x20, 0x9f, 0xf4, 0x0, 0x0, 0xd, 0xfe,
    0x10, 0xcf, 0xf2, 0x0, 0x0, 0x2e, 0xfc, 0x1,
    0xdf, 0xd1, 0x0, 0x0, 0x3f, 0xf9, 0x2, 0xff,
    0xb0,

    /* U+00AC "¬" */
    0x1f, 0xff, 0xff, 0xff, 0xff, 0xa1, 0xff, 0xff,
    0xff, 0xff, 0xfa, 0x0, 0x0, 0x0, 0x0, 0x3f,
    0xa0, 0x0, 0x0, 0x0, 0x3, 0xfa, 0x0, 0x0,
    0x0, 0x0, 0x3f, 0xa0, 0x0, 0x0, 0x0, 0x3,
    0xfa,

    /* U+00AD "­" */
    0x4f, 0xff, 0xff, 0xe4, 0xff, 0xff, 0xfe,

    /* U+00AE "®" */
    0x0, 0x0, 0x0, 0x10, 0x0, 0x0, 0x0, 0x0,
    0x6c, 0xff, 0xfb, 0x30, 0x0, 0x0, 0xbf, 0xb6,
    0x57, 0xdf, 0x70, 0x0, 0xaf, 0x40, 0x0, 0x0,
    0x8f, 0x50, 0x4f, 0x53, 0xff, 0xfd, 0x40, 0xae,
    0xa, 0xd0, 0x3f, 0x64, 0xbe, 0x2, 0xf5, 0xe8,
    0x3, 0xf4, 0x19, 0xf0, 0xd, 0x9f, 0x60, 0x3f,
    0xff, 0xf6, 0x0, 0xba, 0xe7, 0x3, 0xf6, 0xad,
    0x0, 0xc, 0x9b, 0xc0, 0x3f, 0x42, 0xf6, 0x1,
    0xf6, 0x5f, 0x33, 0xf4, 0xa, 0xe0, 0x8f, 0x10,
    0xce, 0x22, 0x0, 0x2, 0x5f, 0x70, 0x1, 0xdf,
    0x83, 0x24, 0xaf, 0xa0, 0x0, 0x0, 0x9f, 0xff,
    0xfe, 0x60, 0x0, 0x0, 0x0, 0x3, 0x42, 0x0,
    0x0, 0x0,

    /* U+00AF "¯" */
    0x0, 0x0, 0x0, 0x0, 0xf, 0xff, 0xff, 0xf5,
    0xf, 0xff, 0xff, 0xf5,

    /* U+00B0 "°" */
    0x0, 0x2b, 0xed, 0x70, 0x0, 0x3f, 0xff, 0xff,
    0x90, 0xb, 0xf9, 0x13, 0xef, 0x30, 0xff, 0x0,
    0x8, 0xf7, 0xf, 0xf0, 0x0, 0x8f, 0x70, 0xbf,
    0x90, 0x3e, 0xf3, 0x3, 0xff, 0xff, 0xfa, 0x0,
    0x3, 0xbf, 0xe7, 0x0,

    /* U+00B1 "±" */
    0x0, 0x0, 0x6, 0x82, 0x0, 0x0, 0x0, 0x0,
    0xd, 0xf4, 0x0, 0x0, 0x0, 0x0, 0xd, 0xf4,
    0x0, 0x0, 0x0, 0x0, 0xd, 0xf4, 0x0, 0x0,
    0x2, 0x22, 0x2f, 0xf7, 0x22, 0x21, 0x1f, 0xff,
    0xff, 0xff, 0xff, 0xf8, 0x1f, 0xff, 0xff, 0xff,
    0xff, 0xf8, 0x0, 0x0, 0xd, 0xf4, 0x0, 0x0,
    0x0, 0x0, 0xd, 0xf4, 0x0, 0x0, 0x0, 0x0,
    0xd, 0xf4, 0x0, 0x0, 0x0, 0x0, 0xd, 0xf4,
    0x0, 0x0, 0x0, 0x0, 0x2, 0x31, 0x0, 0x0,
    0x1f, 0xff, 0xff, 0xff, 0xff, 0xf8, 0x1f, 0xff,
    0xff, 0xff, 0xff, 0xf8,

    /* U+00B2 "²" */
    0x0, 0x8e, 0xfc, 0x30, 0x9, 0xfa, 0x8e, 0xe0,
    0xe, 0xb0, 0x8, 0xf3, 0x0, 0x0, 0xb, 0xf1,
    0x0, 0x5, 0xdf, 0x60, 0x0, 0xbf, 0xb3, 0x0,
    0x9, 0xf5, 0x0, 0x0, 0xf, 0xf8, 0x88, 0x81,
    0xf, 0xff, 0xff, 0xf3,

    /* U+00B3 "³" */
    0x3, 0xcf, 0xe9, 0x0, 0x1f, 0xe8, 0xbf, 0x80,
    0x39, 0x30, 0xf, 0xc0, 0x0, 0x1, 0x5f, 0x80,
    0x0, 0xe, 0xfc, 0x10, 0x0, 0x4, 0x6e, 0xd0,
    0x36, 0x10, 0x9, 0xf2, 0x5f, 0xd8, 0x9f, 0xe0,
    0x7, 0xdf, 0xeb, 0x20,

    /* U+00B4 "´" */
    0x0, 0x23, 0x20, 0xe, 0xf8, 0x5, 0xfd, 0x0,
    0xcf, 0x30,

    /* U+00B5 "µ" */
    0x4f, 0xf2, 0x0, 0x0, 0xaf, 0xb4, 0xff, 0x20,
    0x0, 0xb, 0xfc, 0x4f, 0xf2, 0x0, 0x0, 0xbf,
    0xc4, 0xff, 0x20, 0x0, 0xb, 0xfc, 0x4f, 0xf2,
    0x0, 0x0, 0xbf, 0xc4, 0xff, 0x20, 0x0, 0xb,
    0xfc, 0x5f, 0xf2, 0x0, 0x0, 0xbf, 0xc8, 0xff,
    0x30, 0x0, 0xc, 0xfc, 0x7f, 0xf6, 0x0, 0x1,
    0xff, 0xc4, 0xff, 0xe3, 0x3, 0xcf, 0xfc, 0x4f,
    0xff, 0xff, 0xfe, 0xaf, 0xc4, 0xff, 0xff, 0xea,
    0x28, 0xfc, 0x4f, 0xf2, 0x0, 0x0, 0x0, 0x4,
    0xff, 0x20, 0x0, 0x0, 0x0, 0x4f, 0xf2, 0x0,
    0x0, 0x0, 0x0,

    /* U+00B6 "¶" */
    0x0, 0x5b, 0xef, 0xff, 0xff, 0xf3, 0xa, 0xff,
    0xff, 0xff, 0xff, 0xf3, 0x6f, 0xff, 0xff, 0xf7,
    0x2f, 0xf3, 0xcf, 0xff, 0xff, 0xf6, 0xf, 0xf3,
    0xff, 0xff, 0xff, 0xf6, 0xf, 0xf3, 0xef, 0xff,
    0xff, 0xf6, 0xf, 0xf3, 0xbf, 0xff, 0xff, 0xf6,
    0xf, 0xf3, 0x3f, 0xff, 0xff, 0xf6, 0xf, 0xf3,
    0x6, 0xff, 0xff, 0xf6, 0xf, 0xf3, 0x0, 0x16,
    0x9f, 0xf6, 0xf, 0xf3, 0x0, 0x0, 0xd, 0xf6,
    0xf, 0xf3, 0x0, 0x0, 0xd, 0xf6, 0xf, 0xf3,
    0x0, 0x0, 0xd, 0xf6, 0xf, 0xf3, 0x0, 0x0,
    0xd, 0xf6, 0xf, 0xf3, 0x0, 0x0, 0xd, 0xf6,
    0xf, 0xf3, 0x0, 0x0, 0xd, 0xf6, 0xf, 0xf3,
    0x0, 0x0, 0xd, 0xf6, 0xf, 0xf3,

    /* U+00B7 "·" */
    0x0, 0x0, 0xf, 0xff, 0xf, 0xff, 0xf, 0xff,

    /* U+00B8 "¸" */
    0x0, 0x2, 0x20, 0x0, 0x2, 0xf8, 0x0, 0x0,
    0x3f, 0xfb, 0x0, 0x0, 0x6, 0xf5, 0xb, 0xa3,
    0x7f, 0x50, 0x6f, 0xff, 0xb0, 0x0, 0x14, 0x30,
    0x0,

    /* U+00B9 "¹" */
    0x0, 0xf, 0x70, 0x29, 0xf7, 0x8f, 0xff, 0x72,
    0x47, 0xf7, 0x0, 0x4f, 0x70, 0x4, 0xf7, 0x0,
    0x4f, 0x70, 0x4, 0xf7, 0x0, 0x4f, 0x70,

    /* U+00BA "º" */
    0x0, 0x4c, 0xff, 0xb3, 0x0, 0x5f, 0xfb, 0xcf,
    0xf2, 0xd, 0xf7, 0x0, 0xaf, 0xa0, 0xff, 0x20,
    0x5, 0xfe, 0xf, 0xf2, 0x0, 0x5f, 0xe0, 0xdf,
    0x70, 0xa, 0xfa, 0x5, 0xff, 0xbc, 0xff, 0x30,
    0x4, 0xcf, 0xfb, 0x30,

    /* U+00BB "»" */
    0x7, 0x98, 0x0, 0x69, 0x81, 0x0, 0x0, 0x3f,
    0xfa, 0x2, 0xef, 0xc0, 0x0, 0x0, 0x5f, 0xf8,
    0x4, 0xff, 0x90, 0x0, 0x0, 0x8f, 0xf5, 0x6,
    0xff, 0x70, 0x0, 0x0, 0xbf, 0xf0, 0x9, 0xff,
    0x10, 0x0, 0x6, 0xff, 0x0, 0x4f, 0xf2, 0x0,
    0x3, 0xff, 0xa0, 0x2e, 0xfc, 0x0, 0x1, 0xef,
    0xd0, 0xd, 0xfe, 0x10, 0x0, 0xcf, 0xe1, 0xb,
    0xff, 0x30, 0x0, 0xaf, 0xf3, 0x8, 0xff, 0x50,
    0x0,

    /* U+00BC "¼" */
    0x0, 0xf, 0x70, 0x0, 0x0, 0x0, 0x2f, 0xc0,
    0x0, 0x29, 0xf7, 0x0, 0x0, 0x0, 0xc, 0xf3,
    0x0, 0x8f, 0xff, 0x70, 0x0, 0x0, 0x6, 0xf8,
    0x0, 0x2, 0x47, 0xf7, 0x0, 0x0, 0x1, 0xfd,
    0x0, 0x0, 0x0, 0x4f, 0x70, 0x0, 0x0, 0xbf,
    0x30, 0x0, 0x0, 0x4, 0xf7, 0x0, 0x0, 0x6f,
    0x80, 0x0, 0x0, 0x0, 0x4f, 0x70, 0x0, 0x1e,
    0xd0, 0x0, 0x0, 0x0, 0x4, 0xf7, 0x0, 0xb,
    0xf4, 0x0, 0x14, 0x20, 0x0, 0x4f, 0x70, 0x5,
    0xf9, 0x0, 0xb, 0xf9, 0x0, 0x1, 0x42, 0x1,
    0xee, 0x0, 0x6, 0xff, 0x90, 0x0, 0x0, 0x0,
    0xaf, 0x40, 0x2, 0xfc, 0xf9, 0x0, 0x0, 0x0,
    0x4f, 0xa0, 0x0, 0xcd, 0x3f, 0x90, 0x0, 0x0,
    0x1e, 0xe1, 0x0, 0x8f, 0x32, 0xf9, 0x0, 0x0,
    0x9, 0xf5, 0x0, 0x2f, 0xd8, 0x9f, 0xd7, 0x0,
    0x4, 0xfa, 0x0, 0x5, 0xff, 0xff, 0xff, 0xd0,
    0x0, 0xee, 0x10, 0x0, 0x0, 0x0, 0x2f, 0x90,
    0x0, 0x9f, 0x50, 0x0, 0x0, 0x0, 0x2, 0xf9,
    0x0,

    /* U+00BD "½" */
    0x0, 0x3, 0x20, 0x0, 0x0, 0x0, 0x3, 0x40,
    0x0, 0x0, 0xf, 0x70, 0x0, 0x0, 0x0, 0x4f,
    0xa0, 0x0, 0x2, 0xaf, 0x70, 0x0, 0x0, 0x0,
    0xde, 0x10, 0x0, 0x8f, 0xff, 0x70, 0x0, 0x0,
    0x9, 0xf5, 0x0, 0x0, 0x24, 0x7f, 0x70, 0x0,
    0x0, 0x3f, 0xb0, 0x0, 0x0, 0x0, 0x4f, 0x70,
    0x0, 0x0, 0xdf, 0x20, 0x0, 0x0, 0x0, 0x4f,
    0x70, 0x0, 0x7, 0xf7, 0x0, 0x0, 0x0, 0x0,
    0x4f, 0x70, 0x0, 0x2f, 0xc0, 0x0, 0x0, 0x0,
    0x0, 0x4f, 0x70, 0x0, 0xcf, 0x20, 0x7, 0xa9,
    0x40, 0x0, 0x4f, 0x70, 0x6, 0xf8, 0x0, 0xcf,
    0xff, 0xf4, 0x0, 0x0, 0x0, 0x1f, 0xd0, 0x4,
    0xf9, 0x3, 0xfb, 0x0, 0x0, 0x0, 0xbf, 0x30,
    0x3, 0x61, 0x0, 0xfb, 0x0, 0x0, 0x5, 0xf9,
    0x0, 0x0, 0x0, 0x8, 0xf7, 0x0, 0x0, 0x1e,
    0xe0, 0x0, 0x0, 0x4, 0xdf, 0x90, 0x0, 0x0,
    0xaf, 0x40, 0x0, 0x0, 0x7f, 0xd4, 0x0, 0x0,
    0x4, 0xfa, 0x0, 0x0, 0x2, 0xfc, 0x0, 0x0,
    0x0, 0xe, 0xe1, 0x0, 0x0, 0x6, 0xfc, 0x99,
    0x97, 0x0, 0x9f, 0x50, 0x0, 0x0, 0x7, 0xff,
    0xff, 0xfc,

    /* U+00BE "¾" */
    0x3, 0xcf, 0xe9, 0x0, 0x0, 0x0, 0x0, 0xdf,
    0x10, 0x1, 0xfe, 0x9c, 0xf8, 0x0, 0x0, 0x0,
    0x8f, 0x60, 0x0, 0x39, 0x30, 0xf, 0xc0, 0x0,
    0x0, 0x3f, 0xb0, 0x0, 0x0, 0x0, 0x25, 0xf8,
    0x0, 0x0, 0xd, 0xf2, 0x0, 0x0, 0x0, 0xe,
    0xfc, 0x0, 0x0, 0x8, 0xf6, 0x0, 0x0, 0x0,
    0x0, 0x47, 0xfc, 0x0, 0x2, 0xfc, 0x0, 0x0,
    0x0, 0x12, 0x0, 0x9, 0xf2, 0x0, 0xcf, 0x20,
    0x0, 0x0, 0x6, 0xf8, 0x1, 0xdf, 0x10, 0x7f,
    0x70, 0x0, 0x0, 0x0, 0x1e, 0xff, 0xff, 0x70,
    0x2f, 0xc0, 0x0, 0x5f, 0xd0, 0x0, 0x5, 0x76,
    0x20, 0xc, 0xf2, 0x0, 0x1e, 0xfd, 0x0, 0x0,
    0x0, 0x0, 0x6, 0xf8, 0x0, 0xc, 0xdf, 0xd0,
    0x0, 0x0, 0x0, 0x2, 0xfd, 0x0, 0x8, 0xf2,
    0xfd, 0x0, 0x0, 0x0, 0x0, 0xbf, 0x30, 0x4,
    0xf6, 0xf, 0xd0, 0x0, 0x0, 0x0, 0x6f, 0x80,
    0x0, 0xef, 0x88, 0xfe, 0x80, 0x0, 0x0, 0x1f,
    0xd0, 0x0, 0x1f, 0xff, 0xff, 0xff, 0x0, 0x0,
    0xb, 0xf3, 0x0, 0x0, 0x0, 0x0, 0xfd, 0x0,
    0x0, 0x5, 0xf9, 0x0, 0x0, 0x0, 0x0, 0xf,
    0xd0, 0x0,

    /* U+00BF "¿" */
    0x0, 0x0, 0xd, 0xff, 0x20, 0x0, 0x0, 0x0,
    0x0, 0xdf, 0xf2, 0x0, 0x0, 0x0, 0x0, 0xd,
    0xff, 0x20, 0x0, 0x0, 0x0, 0x0, 0x0, 0x0,
    0x0, 0x0, 0x0, 0x0, 0x0, 0x11, 0x0, 0x0,
    0x0, 0x0, 0x0, 0xaf, 0xc0, 0x0, 0x0, 0x0,
    0x0, 0xd, 0xfa, 0x0, 0x0, 0x0, 0x0, 0x9,
    0xff, 0x50, 0x0, 0x0, 0x0, 0x2c, 0xff, 0xa0,
    0x0, 0x0, 0x0, 0x2e, 0xff, 0x60, 0x0, 0x0,
    0x0, 0xb, 0xfe, 0x20, 0x0, 0x0, 0x0, 0x0,
    0xff, 0x90, 0x0, 0x0, 0x26, 0x60, 0xf, 0xf9,
    0x0, 0x0, 0xa, 0xff, 0x0, 0xdf, 0xd0, 0x0,
    0x2, 0xff, 0xa0, 0x7, 0xff, 0xd7, 0x58, 0xff,
    0xf3, 0x0, 0xa, 0xff, 0xff, 0xff, 0xf5, 0x0,
    0x0, 0x6, 0xce, 0xfd, 0x92, 0x0, 0x0,

    /* U+00C0 "À" */
    0x0, 0x0, 0xa, 0xfc, 0x0, 0x0, 0x0, 0x0,
    0x0, 0x0, 0x1, 0xef, 0x30, 0x0, 0x0, 0x0,
    0x0, 0x0, 0x0, 0x6f, 0xb0, 0x0, 0x0, 0x0,
    0x0, 0x0, 0x0, 0x3, 0x30, 0x0, 0x0, 0x0,
    0x0, 0x0, 0x0, 0x0, 0x0, 0x0, 0x0, 0x0,
    0x0, 0x0, 0x0, 0xdf, 0xfa, 0x0, 0x0, 0x0,
    0x0, 0x0, 0x2, 0xff, 0xff, 0x0, 0x0, 0x0,
    0x0, 0x0, 0x8, 0xfe, 0xff, 0x50, 0x0, 0x0,
    0x0, 0x0, 0xd, 0xf8, 0xbf, 0xb0, 0x0, 0x0,
    0x0, 0x0, 0x3f, 0xf3, 0x6f, 0xf1, 0x0, 0x0,
    0x0, 0x0, 0x9f, 0xd0, 0x1f, 0xf6, 0x0, 0x0,
    0x0, 0x0, 0xef, 0x80, 0xb, 0xfc, 0x0, 0x0,
    0x0, 0x4, 0xff, 0x30, 0x5, 0xff, 0x10, 0x0,
    0x0, 0x9, 0xfd, 0x0, 0x0, 0xff, 0x70, 0x0,
    0x0, 0xe, 0xf8, 0x0, 0x0, 0xaf, 0xc0, 0x0,
    0x0, 0x4f, 0xff, 0xff, 0xff, 0xff, 0xf2, 0x0,
    0x0, 0xaf, 0xff, 0xff, 0xff, 0xff, 0xf7, 0x0,
    0x0, 0xff, 0xa5, 0x55, 0x55, 0x5c, 0xfd, 0x0,
    0x5, 0xff, 0x30, 0x0, 0x0, 0x6, 0xff, 0x20,
    0xa, 0xfe, 0x0, 0x0, 0x0, 0x1, 0xff, 0x80,
    0xf, 0xf9, 0x0, 0x0, 0x0, 0x0, 0xbf, 0xd0,
    0x6f, 0xf4, 0x0, 0x0, 0x0, 0x0, 0x6f, 0xf3,

    /* U+00C1 "Á" */
    0x0, 0x0, 0x0, 0x0, 0xef, 0x80, 0x0, 0x0,
    0x0, 0x0, 0x0, 0x6, 0xfd, 0x0, 0x0, 0x0,
    0x0, 0x0, 0x0, 0xd, 0xf3, 0x0, 0x0, 0x0,
    0x0, 0x0, 0x0, 0x3, 0x20, 0x0, 0x0, 0x0,
    0x0, 0x0, 0x0, 0x0, 0x0, 0x0, 0x0, 0x0,
    0x0, 0x0, 0x0, 0xdf, 0xfa, 0x0, 0x0, 0x0,
    0x0, 0x0, 0x2, 0xff, 0xff, 0x0, 0x0, 0x0,
    0x0, 0x0, 0x8, 0xfe, 0xff, 0x50, 0x0, 0x0,
    0x0, 0x0, 0xd, 0xf8, 0xbf, 0xb0, 0x0, 0x0,
    0x0, 0x0, 0x3f, 0xf3, 0x6f, 0xf1, 0x0, 0x0,
    0x0, 0x0, 0x9f, 0xd0, 0x1f, 0xf6, 0x0, 0x0,
    0x0, 0x0, 0xef, 0x80, 0xb, 0xfc, 0x0, 0x0,
    0x0, 0x4, 0xff, 0x30, 0x5, 0xff, 0x10, 0x0,
    0x0, 0x9, 0xfd, 0x0, 0x0, 0xff, 0x70, 0x0,
    0x0, 0xe, 0xf8, 0x0, 0x0, 0xaf, 0xc0, 0x0,
    0x0, 0x4f, 0xff, 0xff, 0xff, 0xff, 0xf2, 0x0,
    0x0, 0xaf, 0xff, 0xff, 0xff, 0xff, 0xf7, 0x0,
    0x0, 0xff, 0xa5, 0x55, 0x55, 0x5c, 0xfd, 0x0,
    0x5, 0xff, 0x30, 0x0, 0x0, 0x6, 0xff, 0x20,
    0xa, 0xfe, 0x0, 0x0, 0x0, 0x1, 0xff, 0x80,
    0xf, 0xf9, 0x0, 0x0, 0x0, 0x0, 0xbf, 0xd0,
    0x6f, 0xf4, 0x0, 0x0, 0x0, 0x0, 0x6f, 0xf3,

    /* U+00C2 "Â" */
    0x0, 0x0, 0x0, 0xaf, 0xf7, 0x0, 0x0, 0x0,
    0x0, 0x0, 0x4, 0xfd, 0xef, 0x10, 0x0, 0x0,
    0x0, 0x0, 0xd, 0xf2, 0x4f, 0xb0, 0x0, 0x0,
    0x0, 0x0, 0x28, 0x40, 0x5, 0x71, 0x0, 0x0,
    0x0, 0x0, 0x0, 0x0, 0x0, 0x0, 0x0, 0x0,
    0x0, 0x0, 0x0, 0xdf, 0xfa, 0x0, 0x0, 0x0,
    0x0, 0x0, 0x2, 0xff, 0xff, 0x0, 0x0, 0x0,
    0x0, 0x0, 0x8, 0xfe, 0xff, 0x50, 0x0, 0x0,
    0x0, 0x0, 0xd, 0xf8, 0xbf, 0xb0, 0x0, 0x0,
    0x0, 0x0, 0x3f, 0xf3, 0x6f, 0xf1, 0x0, 0x0,
    0x0, 0x0, 0x9f, 0xd0, 0x1f, 0xf6, 0x0, 0x0,
    0x0, 0x0, 0xef, 0x80, 0xb, 0xfc, 0x0, 0x0,
    0x0, 0x4, 0xff, 0x30, 0x5, 0xff, 0x10, 0x0,
    0x0, 0x9, 0xfd, 0x0, 0x0, 0xff, 0x70, 0x0,
    0x0, 0xe, 0xf8, 0x0, 0x0, 0xaf, 0xc0, 0x0,
    0x0, 0x4f, 0xff, 0xff, 0xff, 0xff, 0xf2, 0x0,
    0x0, 0xaf, 0xff, 0xff, 0xff, 0xff, 0xf7, 0x0,
    0x0, 0xff, 0xa5, 0x55, 0x55, 0x5c, 0xfd, 0x0,
    0x5, 0xff, 0x30, 0x0, 0x0, 0x6, 0xff, 0x20,
    0xa, 0xfe, 0x0, 0x0, 0x0, 0x1, 0xff, 0x80,
    0xf, 0xf9, 0x0, 0x0, 0x0, 0x0, 0xbf, 0xd0,
    0x6f, 0xf4, 0x0, 0x0, 0x0, 0x0, 0x6f, 0xf3,

    /* U+00C3 "Ã" */
    0x0, 0x0, 0x5, 0x85, 0x0, 0x75, 0x0, 0x0,
    0x0, 0x0, 0x6f, 0xff, 0xdb, 0xf5, 0x0, 0x0,
    0x0, 0x0, 0xbb, 0x16, 0xdf, 0x90, 0x0, 0x0,
    0x0, 0x0, 0x0, 0x0, 0x0, 0x0, 0x0, 0x0,
    0x0, 0x0, 0x0, 0x0, 0x0, 0x0, 0x0, 0x0,
    0x0, 0x0, 0x0, 0xdf, 0xfa, 0x0, 0x0, 0x0,
    0x0, 0x0, 0x2, 0xff, 0xff, 0x0, 0x0, 0x0,
    0x0, 0x0, 0x8, 0xfe, 0xff, 0x50, 0x0, 0x0,
    0x0, 0x0, 0xd, 0xf8, 0xbf, 0xb0, 0x0, 0x0,
    0x0, 0x0, 0x3f, 0xf3, 0x6f, 0xf1, 0x0, 0x0,
    0x0, 0x0, 0x9f, 0xd0, 0x1f, 0xf6, 0x0, 0x0,
    0x0, 0x0, 0xef, 0x80, 0xb, 0xfc, 0x0, 0x0,
    0x0, 0x4, 0xff, 0x30, 0x5, 0xff, 0x10, 0x0,
    0x0, 0x9, 0xfd, 0x0, 0x0, 0xff, 0x70, 0x0,
    0x0, 0xe, 0xf8, 0x0, 0x0, 0xaf, 0xc0, 0x0,
    0x0, 0x4f, 0xff, 0xff, 0xff, 0xff, 0xf2, 0x0,
    0x0, 0xaf, 0xff, 0xff, 0xff, 0xff, 0xf7, 0x0,
    0x0, 0xff, 0xa5, 0x55, 0x55, 0x5c, 0xfd, 0x0,
    0x5, 0xff, 0x30, 0x0, 0x0, 0x6, 0xff, 0x20,
    0xa, 0xfe, 0x0, 0x0, 0x0, 0x1, 0xff, 0x80,
    0xf, 0xf9, 0x0, 0x0, 0x0, 0x0, 0xbf, 0xd0,
    0x6f, 0xf4, 0x0, 0x0, 0x0, 0x0, 0x6f, 0xf3,

    /* U+00C4 "Ä" */
    0x0, 0x0, 0x38, 0x80, 0x18, 0x82, 0x0, 0x0,
    0x0, 0x0, 0x7f, 0xf0, 0x2f, 0xf5, 0x0, 0x0,
    0x0, 0x0, 0x7f, 0xf0, 0x2f, 0xf5, 0x0, 0x0,
    0x0, 0x0, 0x0, 0x0, 0x0, 0x0, 0x0, 0x0,
    0x0, 0x0, 0x0, 0x0, 0x0, 0x0, 0x0, 0x0,
    0x0, 0x0, 0x0, 0xdf, 0xfa, 0x0, 0x0, 0x0,
    0x0, 0x0, 0x2, 0xff, 0xff, 0x0, 0x0, 0x0,
    0x0, 0x0, 0x8, 0xfe, 0xff, 0x50, 0x0, 0x0,
    0x0, 0x0, 0xd, 0xf8, 0xbf, 0xb0, 0x0, 0x0,
    0x0, 0x0, 0x3f, 0xf3, 0x6f, 0xf1, 0x0, 0x0,
    0x0, 0x0, 0x9f, 0xd0, 0x1f, 0xf6, 0x0, 0x0,
    0x0, 0x0, 0xef, 0x80, 0xb, 0xfc, 0x0, 0x0,
    0x0, 0x4, 0xff, 0x30, 0x5, 0xff, 0x10, 0x0,
    0x0, 0x9, 0xfd, 0x0, 0x0, 0xff, 0x70, 0x0,
    0x0, 0xe, 0xf8, 0x0, 0x0, 0xaf, 0xc0, 0x0,
    0x0, 0x4f, 0xff, 0xff, 0xff, 0xff, 0xf2, 0x0,
    0x0, 0xaf, 0xff, 0xff, 0xff, 0xff, 0xf7, 0x0,
    0x0, 0xff, 0xa5, 0x55, 0x55, 0x5c, 0xfd, 0x0,
    0x5, 0xff, 0x30, 0x0, 0x0, 0x6, 0xff, 0x20,
    0xa, 0xfe, 0x0, 0x0, 0x0, 0x1, 0xff, 0x80,
    0xf, 0xf9, 0x0, 0x0, 0x0, 0x0, 0xbf, 0xd0,
    0x6f, 0xf4, 0x0, 0x0, 0x0, 0x0, 0x6f, 0xf3,

    /* U+00C5 "Å" */
    0x0, 0x0, 0x0, 0x0, 0x0, 0x0, 0x0, 0x0,
    0x0, 0x0, 0x0, 0x7f, 0xe3, 0x0, 0x0, 0x0,
    0x0, 0x0, 0x2, 0xf7, 0xad, 0x0, 0x0, 0x0,
    0x0, 0x0, 0x4, 0xf0, 0x4f, 0x0, 0x0, 0x0,
    0x0, 0x0, 0x2, 0xf4, 0x8e, 0x0, 0x0, 0x0,
    0x0, 0x0, 0x0, 0x9f, 0xf5, 0x0, 0x0, 0x0,
    0x0, 0x0, 0x0, 0x2, 0x10, 0x0, 0x0, 0x0,
    0x0, 0x0, 0x0, 0xef, 0xf9, 0x0, 0x0, 0x0,
    0x0, 0x0, 0x3, 0xff, 0xfe, 0x0, 0x0, 0x0,
    0x0, 0x0, 0x9, 0xfe, 0xff, 0x40, 0x0, 0x0,
    0x0, 0x0, 0xe, 0xf7, 0xcf, 0xa0, 0x0, 0x0,
    0x0, 0x0, 0x4f, 0xf2, 0x7f, 0xf0, 0x0, 0x0,
    0x0, 0x0, 0xaf, 0xc0, 0x1f, 0xf5, 0x0, 0x0,
    0x0, 0x0, 0xff, 0x70, 0xc, 0xfa, 0x0, 0x0,
    0x0, 0x5, 0xff, 0x20, 0x6, 0xff, 0x0, 0x0,
    0x0, 0xa, 0xfc, 0x0, 0x1, 0xff, 0x50, 0x0,
    0x0, 0xf, 0xf7, 0x0, 0x0, 0xbf, 0xb0, 0x0,
    0x0, 0x5f, 0xff, 0xff, 0xff, 0xff, 0xf1, 0x0,
    0x0, 0xbf, 0xff, 0xff, 0xff, 0xff, 0xf6, 0x0,
    0x1, 0xff, 0x95, 0x55, 0x55, 0x5d, 0xfc, 0x0,
    0x6, 0xff, 0x20, 0x0, 0x0, 0x7, 0xff, 0x10,
    0xb, 0xfd, 0x0, 0x0, 0x0, 0x2, 0xff, 0x70,
    0x1f, 0xf8, 0x0, 0x0, 0x0, 0x0, 0xdf, 0xc0,
    0x7f, 0xf3, 0x0, 0x0, 0x0, 0x0, 0x7f, 0xf2,

    /* U+00C6 "Æ" */
    0x0, 0x0, 0x0, 0x0, 0x1f, 0xff, 0xff, 0xff,
    0xff, 0xff, 0xf7, 0x0, 0x0, 0x0, 0x0, 0x9f,
    0xff, 0xff, 0xff, 0xff, 0xff, 0xf7, 0x0, 0x0,
    0x0, 0x1, 0xff, 0x9a, 0xff, 0x66, 0x66, 0x66,
    0x62, 0x0, 0x0, 0x0, 0x9, 0xfe, 0x7, 0xff,
    0x0, 0x0, 0x0, 0x0, 0x0, 0x0, 0x0, 0x2f,
    0xf6, 0x7, 0xff, 0x0, 0x0, 0x0, 0x0, 0x0,
    0x0, 0x0, 0xaf, 0xe0, 0x7, 0xff, 0x0, 0x0,
    0x0, 0x0, 0x0, 0x0, 0x2, 0xff, 0x60, 0x7,
    0xff, 0x0, 0x0, 0x0, 0x0, 0x0, 0x0, 0xa,
    0xfe, 0x0, 0x7, 0xff, 0xff, 0xff, 0xff, 0xf3,
    0x0, 0x0, 0x2f, 0xf6, 0x0, 0x7, 0xff, 0xff,
    0xff, 0xff, 0xf3, 0x0, 0x0, 0xbf, 0xe0, 0x0,
    0x7, 0xff, 0x54, 0x44, 0x44, 0x40, 0x0, 0x3,
    0xff, 0xff, 0xff, 0xff, 0xff, 0x0, 0x0, 0x0,
    0x0, 0x0, 0xb, 0xff, 0xff, 0xff, 0xff, 0xff,
    0x0, 0x0, 0x0, 0x0, 0x0, 0x3f, 0xfb, 0x55,
    0x55, 0x59, 0xff, 0x0, 0x0, 0x0, 0x0, 0x0,
    0xbf, 0xe0, 0x0, 0x0, 0x7, 0xff, 0x0, 0x0,
    0x0, 0x0, 0x4, 0xff, 0x60, 0x0, 0x0, 0x7,
    0xff, 0x65, 0x55, 0x55, 0x53, 0xc, 0xfe, 0x0,
    0x0, 0x0, 0x7, 0xff, 0xff, 0xff, 0xff, 0xfa,
    0x4f, 0xf6, 0x0, 0x0, 0x0, 0x7, 0xff, 0xff,
    0xff, 0xff, 0xfa,

    /* U+00C7 "Ç" */
    0x0, 0x0, 0x6c, 0xef, 0xec, 0x70, 0x0, 0x0,
    0x2, 0xdf, 0xff, 0xff, 0xff, 0xe3, 0x0, 0x1,
    0xef, 0xfd, 0x76, 0x8c, 0xff, 0xe1, 0x0, 0xbf,
    0xf7, 0x0, 0x0, 0x7, 0xff, 0x90, 0x3f, 0xfa,
    0x0, 0x0, 0x0, 0xb, 0xff, 0x8, 0xff, 0x20,
    0x0, 0x0, 0x0, 0x4d, 0xd3, 0xcf, 0xd0, 0x0,
    0x0, 0x0, 0x0, 0x0, 0xe, 0xfa, 0x0, 0x0,
    0x0, 0x0, 0x0, 0x0, 0xff, 0x90, 0x0, 0x0,
    0x0, 0x0, 0x0, 0xe, 0xfa, 0x0, 0x0, 0x0,
    0x0, 0x0, 0x0, 0xcf, 0xc0, 0x0, 0x0, 0x0,
    0x0, 0x22, 0x19, 0xff, 0x10, 0x0, 0x0, 0x0,
    0x4f, 0xf5, 0x3f, 0xf9, 0x0, 0x0, 0x0, 0xa,
    0xff, 0x10, 0xcf, 0xf7, 0x0, 0x0, 0x6, 0xff,
    0x90, 0x2, 0xff, 0xfc, 0x76, 0x8c, 0xff, 0xe1,
    0x0, 0x2, 0xdf, 0xff, 0xff, 0xff, 0xd2, 0x0,
    0x0, 0x0, 0x6c, 0xff, 0xfb, 0x60, 0x0, 0x0,
    0x0, 0x0, 0xb, 0xf5, 0x0, 0x0, 0x0, 0x0,
    0x0, 0x0, 0x6d, 0xf9, 0x0, 0x0, 0x0, 0x0,
    0x0, 0x0, 0xa, 0xf0, 0x0, 0x0, 0x0, 0x0,
    0x3f, 0x63, 0xce, 0x0, 0x0, 0x0, 0x0, 0x0,
    0xbf, 0xff, 0x40, 0x0, 0x0, 0x0, 0x0, 0x0,
    0x34, 0x10, 0x0, 0x0, 0x0,

    /* U+00C8 "È" */
    0x0, 0x4, 0xff, 0x30, 0x0, 0x0, 0x0, 0x0,
    0x9f, 0xa0, 0x0, 0x0, 0x0, 0x0, 0x1e, 0xf1,
    0x0, 0x0, 0x0, 0x0, 0x1, 0x31, 0x0, 0x0,
    0x0, 0x0, 0x0, 0x0, 0x0, 0x0, 0xf, 0xff,
    0xff, 0xff, 0xff, 0xf9, 0xf, 0xff, 0xff, 0xff,
    0xff, 0xf9, 0xf, 0xfa, 0x66, 0x66, 0x66, 0x63,
    0xf, 0xf7, 0x0, 0x0, 0x0, 0x0, 0xf, 0xf7,
    0x0, 0x0, 0x0, 0x0, 0xf, 0xf7, 0x0, 0x0,
    0x0, 0x0, 0xf, 0xf7, 0x0, 0x0, 0x0, 0x0,
    0xf, 0xff, 0xff, 0xff, 0xff, 0xf5, 0xf, 0xff,
    0xff, 0xff, 0xff, 0xf5, 0xf, 0xfa, 0x44, 0x44,
    0x44, 0x41, 0xf, 0xf7, 0x0, 0x0, 0x0, 0x0,
    0xf, 0xf7, 0x0, 0x0, 0x0, 0x0, 0xf, 0xf7,
    0x0, 0x0, 0x0, 0x0, 0xf, 0xf7, 0x0, 0x0,
    0x0, 0x0, 0xf, 0xfa, 0x55, 0x55, 0x55, 0x54,
    0xf, 0xff, 0xff, 0xff, 0xff, 0xfc, 0xf, 0xff,
    0xff, 0xff, 0xff, 0xfc,

    /* U+00C9 "É" */
    0x0, 0x0, 0x0, 0x8f, 0xe0, 0x0, 0x0, 0x0,
    0x0, 0xef, 0x40, 0x0, 0x0, 0x0, 0x6, 0xfa,
    0x0, 0x0, 0x0, 0x0, 0x2, 0x30, 0x0, 0x0,
    0x0, 0x0, 0x0, 0x0, 0x0, 0x0, 0xf, 0xff,
    0xff, 0xff, 0xff, 0xf9, 0xf, 0xff, 0xff, 0xff,
    0xff, 0xf9, 0xf, 0xfa, 0x66, 0x66, 0x66, 0x63,
    0xf, 0xf7, 0x0, 0x0, 0x0, 0x0, 0xf, 0xf7,
    0x0, 0x0, 0x0, 0x0, 0xf, 0xf7, 0x0, 0x0,
    0x0, 0x0, 0xf, 0xf7, 0x0, 0x0, 0x0, 0x0,
    0xf, 0xff, 0xff, 0xff, 0xff, 0xf5, 0xf, 0xff,
    0xff, 0xff, 0xff, 0xf5, 0xf, 0xfa, 0x44, 0x44,
    0x44, 0x41, 0xf, 0xf7, 0x0, 0x0, 0x0, 0x0,
    0xf, 0xf7, 0x0, 0x0, 0x0, 0x0, 0xf, 0xf7,
    0x0, 0x0, 0x0, 0x0, 0xf, 0xf7, 0x0, 0x0,
    0x0, 0x0, 0xf, 0xfa, 0x55, 0x55, 0x55, 0x54,
    0xf, 0xff, 0xff, 0xff, 0xff, 0xfc, 0xf, 0xff,
    0xff, 0xff, 0xff, 0xfc,

    /* U+00CA "Ê" */
    0x0, 0x0, 0x3f, 0xfd, 0x0, 0x0, 0x0, 0x0,
    0xdf, 0xcf, 0x80, 0x0, 0x0, 0x7, 0xf8, 0xd,
    0xf2, 0x0, 0x0, 0x7, 0x70, 0x2, 0x84, 0x0,
    0x0, 0x0, 0x0, 0x0, 0x0, 0x0, 0xf, 0xff,
    0xff, 0xff, 0xff, 0xf9, 0xf, 0xff, 0xff, 0xff,
    0xff, 0xf9, 0xf, 0xfa, 0x66, 0x66, 0x66, 0x63,
    0xf, 0xf7, 0x0, 0x0, 0x0, 0x0, 0xf, 0xf7,
    0x0, 0x0, 0x0, 0x0, 0xf, 0xf7, 0x0, 0x0,
    0x0, 0x0, 0xf, 0xf7, 0x0, 0x0, 0x0, 0x0,
    0xf, 0xff, 0xff, 0xff, 0xff, 0xf5, 0xf, 0xff,
    0xff, 0xff, 0xff, 0xf5, 0xf, 0xfa, 0x44, 0x44,
    0x44, 0x41, 0xf, 0xf7, 0x0, 0x0, 0x0, 0x0,
    0xf, 0xf7, 0x0, 0x0, 0x0, 0x0, 0xf, 0xf7,
    0x0, 0x0, 0x0, 0x0, 0xf, 0xf7, 0x0, 0x0,
    0x0, 0x0, 0xf, 0xfa, 0x55, 0x55, 0x55, 0x54,
    0xf, 0xff, 0xff, 0xff, 0xff, 0xfc, 0xf, 0xff,
    0xff, 0xff, 0xff, 0xfc,

    /* U+00CB "Ë" */
    0x0, 0x8, 0x83, 0x6, 0x86, 0x0, 0x0, 0xf,
    0xf6, 0xc, 0xfb, 0x0, 0x0, 0xf, 0xf6, 0xc,
    0xfb, 0x0, 0x0, 0x0, 0x0, 0x0, 0x0, 0x0,
    0x0, 0x0, 0x0, 0x0, 0x0, 0x0, 0xf, 0xff,
    0xff, 0xff, 0xff, 0xf9, 0xf, 0xff, 0xff, 0xff,
    0xff, 0xf9, 0xf, 0xfa, 0x66, 0x66, 0x66, 0x63,
    0xf, 0xf7, 0x0, 0x0, 0x0, 0x0, 0xf, 0xf7,
    0x0, 0x0, 0x0, 0x0, 0xf, 0xf7, 0x0, 0x0,
    0x0, 0x0, 0xf, 0xf7, 0x0, 0x0, 0x0, 0x0,
    0xf, 0xff, 0xff, 0xff, 0xff, 0xf5, 0xf, 0xff,
    0xff, 0xff, 0xff, 0xf5, 0xf, 0xfa, 0x44, 0x44,
    0x44, 0x41, 0xf, 0xf7, 0x0, 0x0, 0x0, 0x0,
    0xf, 0xf7, 0x0, 0x0, 0x0, 0x0, 0xf, 0xf7,
    0x0, 0x0, 0x0, 0x0, 0xf, 0xf7, 0x0, 0x0,
    0x0, 0x0, 0xf, 0xfa, 0x55, 0x55, 0x55, 0x54,
    0xf, 0xff, 0xff, 0xff, 0xff, 0xfc, 0xf, 0xff,
    0xff, 0xff, 0xff, 0xfc,

    /* U+00CC "Ì" */
    0x5f, 0xf1, 0x0, 0xbf, 0x80, 0x1, 0xff, 0x0,
    0x2, 0x30, 0x0, 0x0, 0x0, 0xf, 0xf7, 0x0,
    0xff, 0x70, 0xf, 0xf7, 0x0, 0xff, 0x70, 0xf,
    0xf7, 0x0, 0xff, 0x70, 0xf, 0xf7, 0x0, 0xff,
    0x70, 0xf, 0xf7, 0x0, 0xff, 0x70, 0xf, 0xf7,
    0x0, 0xff, 0x70, 0xf, 0xf7, 0x0, 0xff, 0x70,
    0xf, 0xf7, 0x0, 0xff, 0x70, 0xf, 0xf7,

    /* U+00CD "Í" */
    0x0, 0xaf, 0xc0, 0x1, 0xff, 0x30, 0x8, 0xf8,
    0x0, 0x2, 0x30, 0x0, 0x0, 0x0, 0x0, 0xf,
    0xf7, 0x0, 0xf, 0xf7, 0x0, 0xf, 0xf7, 0x0,
    0xf, 0xf7, 0x0, 0xf, 0xf7, 0x0, 0xf, 0xf7,
    0x0, 0xf, 0xf7, 0x0, 0xf, 0xf7, 0x0, 0xf,
    0xf7, 0x0, 0xf, 0xf7, 0x0, 0xf, 0xf7, 0x0,
    0xf, 0xf7, 0x0, 0xf, 0xf7, 0x0, 0xf, 0xf7,
    0x0, 0xf, 0xf7, 0x0, 0xf, 0xf7, 0x0, 0xf,
    0xf7, 0x0,

    /* U+00CE "Î" */
    0x0, 0x5f, 0xfc, 0x0, 0x0, 0xef, 0xcf, 0x60,
    0x8, 0xf6, 0x1e, 0xe1, 0x7, 0x60, 0x3, 0x83,
    0x0, 0x0, 0x0, 0x0, 0x0, 0xf, 0xf7, 0x0,
    0x0, 0xf, 0xf7, 0x0, 0x0, 0xf, 0xf7, 0x0,
    0x0, 0xf, 0xf7, 0x0, 0x0, 0xf, 0xf7, 0x0,
    0x0, 0xf, 0xf7, 0x0, 0x0, 0xf, 0xf7, 0x0,
    0x0, 0xf, 0xf7, 0x0, 0x0, 0xf, 0xf7, 0x0,
    0x0, 0xf, 0xf7, 0x0, 0x0, 0xf, 0xf7, 0x0,
    0x0, 0xf, 0xf7, 0x0, 0x0, 0xf, 0xf7, 0x0,
    0x0, 0xf, 0xf7, 0x0, 0x0, 0xf, 0xf7, 0x0,
    0x0, 0xf, 0xf7, 0x0, 0x0, 0xf, 0xf7, 0x0,

    /* U+00CF "Ï" */
    0x18, 0x82, 0x7, 0x85, 0x2f, 0xf4, 0xd, 0xf9,
    0x2f, 0xf4, 0xd, 0xf9, 0x0, 0x0, 0x0, 0x0,
    0x0, 0x0, 0x0, 0x0, 0x0, 0xf, 0xf7, 0x0,
    0x0, 0xf, 0xf7, 0x0, 0x0, 0xf, 0xf7, 0x0,
    0x0, 0xf, 0xf7, 0x0, 0x0, 0xf, 0xf7, 0x0,
    0x0, 0xf, 0xf7, 0x0, 0x0, 0xf, 0xf7, 0x0,
    0x0, 0xf, 0xf7, 0x0, 0x0, 0xf, 0xf7, 0x0,
    0x0, 0xf, 0xf7, 0x0, 0x0, 0xf, 0xf7, 0x0,
    0x0, 0xf, 0xf7, 0x0, 0x0, 0xf, 0xf7, 0x0,
    0x0, 0xf, 0xf7, 0x0, 0x0, 0xf, 0xf7, 0x0,
    0x0, 0xf, 0xf7, 0x0, 0x0, 0xf, 0xf7, 0x0,

    /* U+00D0 "Ð" */
    0x0, 0xff, 0xff, 0xff, 0xeb, 0x70, 0x0, 0x0,
    0x0, 0xff, 0xff, 0xff, 0xff, 0xfe, 0x50, 0x0,
    0x0, 0xff, 0xa6, 0x66, 0x7c, 0xff, 0xf5, 0x0,
    0x0, 0xff, 0x70, 0x0, 0x0, 0x4e, 0xff, 0x10,
    0x0, 0xff, 0x70, 0x0, 0x0, 0x5, 0xff, 0x80,
    0x0, 0xff, 0x70, 0x0, 0x0, 0x0, 0xdf, 0xd0,
    0x0, 0xff, 0x70, 0x0, 0x0, 0x0, 0x9f, 0xf0,
    0x12, 0xff, 0xa2, 0x22, 0x20, 0x0, 0x7f, 0xf2,
    0xaf, 0xff, 0xff, 0xff, 0xf0, 0x0, 0x6f, 0xf2,
    0xaf, 0xff, 0xff, 0xff, 0xf0, 0x0, 0x6f, 0xf2,
    0x0, 0xff, 0x70, 0x0, 0x0, 0x0, 0x9f, 0xf0,
    0x0, 0xff, 0x70, 0x0, 0x0, 0x0, 0xdf, 0xd0,
    0x0, 0xff, 0x70, 0x0, 0x0, 0x4, 0xff, 0x80,
    0x0, 0xff, 0x70, 0x0, 0x0, 0x3e, 0xff, 0x10,
    0x0, 0xff, 0xa5, 0x56, 0x7b, 0xff, 0xf5, 0x0,
    0x0, 0xff, 0xff, 0xff, 0xff, 0xff, 0x50, 0x0,
    0x0, 0xff, 0xff, 0xff, 0xec, 0x71, 0x0, 0x0,

    /* U+00D1 "Ñ" */
    0x0, 0x0, 0x5, 0x85, 0x0, 0x84, 0x0, 0x0,
    0x0, 0x7, 0xff, 0xfd, 0xbf, 0x40, 0x0, 0x0,
    0x0, 0xda, 0x17, 0xdf, 0x80, 0x0, 0x0, 0x0,
    0x0, 0x0, 0x0, 0x0, 0x0, 0x0, 0x0, 0x0,
    0x0, 0x0, 0x0, 0x0, 0x0, 0x0, 0xff, 0xf6,
    0x0, 0x0, 0x0, 0x5f, 0xf2, 0xf, 0xff, 0xe0,
    0x0, 0x0, 0x5, 0xff, 0x20, 0xff, 0xff, 0x70,
    0x0, 0x0, 0x5f, 0xf2, 0xf, 0xfe, 0xff, 0x10,
    0x0, 0x5, 0xff, 0x20, 0xff, 0x8e, 0xf9, 0x0,
    0x0, 0x5f, 0xf2, 0xf, 0xf7, 0x6f, 0xf2, 0x0,
    0x5, 0xff, 0x20, 0xff, 0x70, 0xdf, 0xa0, 0x0,
    0x5f, 0xf2, 0xf, 0xf7, 0x5, 0xff, 0x30, 0x5,
    0xff, 0x20, 0xff, 0x70, 0xc, 0xfc, 0x0, 0x5f,
    0xf2, 0xf, 0xf7, 0x0, 0x3f, 0xf4, 0x5, 0xff,
    0x20, 0xff, 0x70, 0x0, 0xaf, 0xd0, 0x5f, 0xf2,
    0xf, 0xf7, 0x0, 0x2, 0xff, 0x65, 0xff, 0x20,
    0xff, 0x70, 0x0, 0x9, 0xfe, 0x5f, 0xf2, 0xf,
    0xf7, 0x0, 0x0, 0x1f, 0xfc, 0xff, 0x20, 0xff,
    0x70, 0x0, 0x0, 0x7f, 0xff, 0xf2, 0xf, 0xf7,
    0x0, 0x0, 0x0, 0xef, 0xff, 0x20, 0xff, 0x70,
    0x0, 0x0, 0x6, 0xff, 0xf2,

    /* U+00D2 "Ò" */
    0x0, 0x0, 0xe, 0xf8, 0x0, 0x0, 0x0, 0x0,
    0x0, 0x0, 0x4, 0xfe, 0x0, 0x0, 0x0, 0x0,
    0x0, 0x0, 0x0, 0xaf, 0x60, 0x0, 0x0, 0x0,
    0x0, 0x0, 0x0, 0x3, 0x20, 0x0, 0x0, 0x0,
    0x0, 0x0, 0x0, 0x0, 0x0, 0x0, 0x0, 0x0,
    0x0, 0x0, 0x6b, 0xef, 0xfc, 0x81, 0x0, 0x0,
    0x0, 0x2d, 0xff, 0xff, 0xff, 0xff, 0x50, 0x0,
    0x2, 0xef, 0xfd, 0x86, 0x7b, 0xff, 0xf5, 0x0,
    0xb, 0xff, 0x70, 0x0, 0x0, 0x4f, 0xfe, 0x10,
    0x3f, 0xfa, 0x0, 0x0, 0x0, 0x5, 0xff, 0x80,
    0x9f, 0xf1, 0x0, 0x0, 0x0, 0x0, 0xdf, 0xd0,
    0xcf, 0xd0, 0x0, 0x0, 0x0, 0x0, 0x8f, 0xf1,
    0xef, 0xa0, 0x0, 0x0, 0x0, 0x0, 0x6f, 0xf2,
    0xff, 0x90, 0x0, 0x0, 0x0, 0x0, 0x5f, 0xf3,
    0xef, 0xa0, 0x0, 0x0, 0x0, 0x0, 0x6f, 0xf2,
    0xcf, 0xc0, 0x0, 0x0, 0x0, 0x0, 0x8f, 0xf1,
    0x9f, 0xf1, 0x0, 0x0, 0x0, 0x0, 0xdf, 0xd0,
    0x4f, 0xf9, 0x0, 0x0, 0x0, 0x5, 0xff, 0x80,
    0xc, 0xff, 0x70, 0x0, 0x0, 0x3e, 0xff, 0x10,
    0x2, 0xff, 0xfd, 0x86, 0x7b, 0xff, 0xf6, 0x0,
    0x0, 0x2d, 0xff, 0xff, 0xff, 0xff, 0x50, 0x0,
    0x0, 0x0, 0x6b, 0xef, 0xfc, 0x81, 0x0, 0x0,

    /* U+00D3 "Ó" */
    0x0, 0x0, 0x0, 0x3, 0xff, 0x30, 0x0, 0x0,
    0x0, 0x0, 0x0, 0xa, 0xf9, 0x0, 0x0, 0x0,
    0x0, 0x0, 0x0, 0x2f, 0xe0, 0x0, 0x0, 0x0,
    0x0, 0x0, 0x0, 0x13, 0x10, 0x0, 0x0, 0x0,
    0x0, 0x0, 0x0, 0x0, 0x0, 0x0, 0x0, 0x0,
    0x0, 0x0, 0x6b, 0xef, 0xfc, 0x81, 0x0, 0x0,
    0x0, 0x2d, 0xff, 0xff, 0xff, 0xff, 0x50, 0x0,
    0x2, 0xef, 0xfd, 0x86, 0x7b, 0xff, 0xf5, 0x0,
    0xb, 0xff, 0x70, 0x0, 0x0, 0x4f, 0xfe, 0x10,
    0x3f, 0xfa, 0x0, 0x0, 0x0, 0x5, 0xff, 0x80,
    0x9f, 0xf1, 0x0, 0x0, 0x0, 0x0, 0xdf, 0xd0,
    0xcf, 0xd0, 0x0, 0x0, 0x0, 0x0, 0x8f, 0xf1,
    0xef, 0xa0, 0x0, 0x0, 0x0, 0x0, 0x6f, 0xf2,
    0xff, 0x90, 0x0, 0x0, 0x0, 0x0, 0x5f, 0xf3,
    0xef, 0xa0, 0x0, 0x0, 0x0, 0x0, 0x6f, 0xf2,
    0xcf, 0xc0, 0x0, 0x0, 0x0, 0x0, 0x8f, 0xf1,
    0x9f, 0xf1, 0x0, 0x0, 0x0, 0x0, 0xdf, 0xd0,
    0x4f, 0xf9, 0x0, 0x0, 0x0, 0x5, 0xff, 0x80,
    0xc, 0xff, 0x70, 0x0, 0x0, 0x3e, 0xff, 0x10,
    0x2, 0xff, 0xfd, 0x86, 0x7b, 0xff, 0xf6, 0x0,
    0x0, 0x2d, 0xff, 0xff, 0xff, 0xff, 0x50, 0x0,
    0x0, 0x0, 0x6b, 0xef, 0xfc, 0x81, 0x0, 0x0,

    /* U+00D4 "Ô" */
    0x0, 0x0, 0x1, 0xef, 0xf3, 0x0, 0x0, 0x0,
    0x0, 0x0, 0xb, 0xf3, 0xde, 0x0, 0x0, 0x0,
    0x0, 0x0, 0x6f, 0x70, 0x3f, 0xa0, 0x0, 0x0,
    0x0, 0x0, 0x0, 0x0, 0x0, 0x0, 0x0, 0x0,
    0x0, 0x0, 0x0, 0x0, 0x0, 0x0, 0x0, 0x0,
    0x0, 0x0, 0x6b, 0xef, 0xfc, 0x81, 0x0, 0x0,
    0x0, 0x2d, 0xff, 0xff, 0xff, 0xff, 0x50, 0x0,
    0x2, 0xef, 0xfd, 0x86, 0x7b, 0xff, 0xf5, 0x0,
    0xb, 0xff, 0x70, 0x0, 0x0, 0x4f, 0xfe, 0x10,
    0x3f, 0xfa, 0x0, 0x0, 0x0, 0x5, 0xff, 0x80,
    0x9f, 0xf1, 0x0, 0x0, 0x0, 0x0, 0xdf, 0xd0,
    0xcf, 0xd0, 0x0, 0x0, 0x0, 0x0, 0x8f, 0xf1,
    0xef, 0xa0, 0x0, 0x0, 0x0, 0x0, 0x6f, 0xf2,
    0xff, 0x90, 0x0, 0x0, 0x0, 0x0, 0x5f, 0xf3,
    0xef, 0xa0, 0x0, 0x0, 0x0, 0x0, 0x6f, 0xf2,
    0xcf, 0xc0, 0x0, 0x0, 0x0, 0x0, 0x8f, 0xf1,
    0x9f, 0xf1, 0x0, 0x0, 0x0, 0x0, 0xdf, 0xd0,
    0x4f, 0xf9, 0x0, 0x0, 0x0, 0x5, 0xff, 0x80,
    0xc, 0xff, 0x70, 0x0, 0x0, 0x3e, 0xff, 0x10,
    0x2, 0xff, 0xfd, 0x86, 0x7b, 0xff, 0xf6, 0x0,
    0x0, 0x2d, 0xff, 0xff, 0xff, 0xff, 0x50, 0x0,
    0x0, 0x0, 0x6b, 0xef, 0xfc, 0x81, 0x0, 0x0,

    /* U+00D5 "Õ" */
    0x0, 0x0, 0x3d, 0xe8, 0x1, 0xf4, 0x0, 0x0,
    0x0, 0x0, 0xce, 0xbf, 0xcc, 0xf0, 0x0, 0x0,
    0x0, 0x0, 0xf5, 0x6, 0xee, 0x50, 0x0, 0x0,
    0x0, 0x0, 0x0, 0x0, 0x0, 0x0, 0x0, 0x0,
    0x0, 0x0, 0x0, 0x0, 0x0, 0x0, 0x0, 0x0,
    0x0, 0x0, 0x6b, 0xef, 0xfc, 0x81, 0x0, 0x0,
    0x0, 0x2d, 0xff, 0xff, 0xff, 0xff, 0x50, 0x0,
    0x2, 0xef, 0xfd, 0x86, 0x7b, 0xff, 0xf5, 0x0,
    0xb, 0xff, 0x70, 0x0, 0x0, 0x4f, 0xfe, 0x10,
    0x3f, 0xfa, 0x0, 0x0, 0x0, 0x5, 0xff, 0x80,
    0x9f, 0xf1, 0x0, 0x0, 0x0, 0x0, 0xdf, 0xd0,
    0xcf, 0xd0, 0x0, 0x0, 0x0, 0x0, 0x8f, 0xf1,
    0xef, 0xa0, 0x0, 0x0, 0x0, 0x0, 0x6f, 0xf2,
    0xff, 0x90, 0x0, 0x0, 0x0, 0x0, 0x5f, 0xf3,
    0xef, 0xa0, 0x0, 0x0, 0x0, 0x0, 0x6f, 0xf2,
    0xcf, 0xc0, 0x0, 0x0, 0x0, 0x0, 0x8f, 0xf1,
    0x9f, 0xf1, 0x0, 0x0, 0x0, 0x0, 0xdf, 0xd0,
    0x4f, 0xf9, 0x0, 0x0, 0x0, 0x5, 0xff, 0x80,
    0xc, 0xff, 0x70, 0x0, 0x0, 0x3e, 0xff, 0x10,
    0x2, 0xff, 0xfd, 0x86, 0x7b, 0xff, 0xf6, 0x0,
    0x0, 0x2d, 0xff, 0xff, 0xff, 0xff, 0x50, 0x0,
    0x0, 0x0, 0x6b, 0xef, 0xfc, 0x81, 0x0, 0x0,

    /* U+00D6 "Ö" */
    0x0, 0x0, 0x68, 0x50, 0x38, 0x80, 0x0, 0x0,
    0x0, 0x0, 0xbf, 0xb0, 0x7f, 0xf0, 0x0, 0x0,
    0x0, 0x0, 0xbf, 0xb0, 0x7f, 0xf0, 0x0, 0x0,
    0x0, 0x0, 0x0, 0x0, 0x0, 0x0, 0x0, 0x0,
    0x0, 0x0, 0x0, 0x0, 0x0, 0x0, 0x0, 0x0,
    0x0, 0x0, 0x6b, 0xef, 0xfc, 0x81, 0x0, 0x0,
    0x0, 0x2d, 0xff, 0xff, 0xff, 0xff, 0x50, 0x0,
    0x2, 0xef, 0xfd, 0x86, 0x7b, 0xff, 0xf5, 0x0,
    0xb, 0xff, 0x70, 0x0, 0x0, 0x4f, 0xfe, 0x10,
    0x3f, 0xfa, 0x0, 0x0, 0x0, 0x5, 0xff, 0x80,
    0x9f, 0xf1, 0x0, 0x0, 0x0, 0x0, 0xdf, 0xd0,
    0xcf, 0xd0, 0x0, 0x0, 0x0, 0x0, 0x8f, 0xf1,
    0xef, 0xa0, 0x0, 0x0, 0x0, 0x0, 0x6f, 0xf2,
    0xff, 0x90, 0x0, 0x0, 0x0, 0x0, 0x5f, 0xf3,
    0xef, 0xa0, 0x0, 0x0, 0x0, 0x0, 0x6f, 0xf2,
    0xcf, 0xc0, 0x0, 0x0, 0x0, 0x0, 0x8f, 0xf1,
    0x9f, 0xf1, 0x0, 0x0, 0x0, 0x0, 0xdf, 0xd0,
    0x4f, 0xf9, 0x0, 0x0, 0x0, 0x5, 0xff, 0x80,
    0xc, 0xff, 0x70, 0x0, 0x0, 0x3e, 0xff, 0x10,
    0x2, 0xff, 0xfd, 0x86, 0x7b, 0xff, 0xf6, 0x0,
    0x0, 0x2d, 0xff, 0xff, 0xff, 0xff, 0x50, 0x0,
    0x0, 0x0, 0x6b, 0xef, 0xfc, 0x81, 0x0, 0x0,

    /* U+00D7 "×" */
    0x0, 0x0, 0x0, 0x0, 0x0, 0x0, 0x4e, 0x20,
    0x0, 0x4, 0xe2, 0xd, 0xfe, 0x20, 0x3, 0xff,
    0xa0, 0x1e, 0xfe, 0x13, 0xff, 0xc0, 0x0, 0x2e,
    0xff, 0xff, 0xd1, 0x0, 0x0, 0x2f, 0xff, 0xe1,
    0x0, 0x0, 0x2, 0xff, 0xfe, 0x10, 0x0, 0x1,
    0xef, 0xff, 0xfc, 0x0, 0x1, 0xdf, 0xe2, 0x3f,
    0xfc, 0x0, 0xcf, 0xe2, 0x0, 0x3f, 0xfa, 0x4,
    0xe2, 0x0, 0x0, 0x4e, 0x20, 0x0, 0x0, 0x0,
    0x0, 0x0,

    /* U+00D8 "Ø" */
    0x0, 0x0, 0x6b, 0xef, 0xfc, 0x82, 0xdf, 0x30,
    0x0, 0x2d, 0xff, 0xff, 0xff, 0xff, 0xf8, 0x0,
    0x2, 0xef, 0xfd, 0x86, 0x7b, 0xff, 0xf6, 0x0,
    0xb, 0xff, 0x70, 0x0, 0x1, 0xff, 0xfe, 0x10,
    0x3f, 0xfa, 0x0, 0x0, 0xa, 0xfd, 0xff, 0x80,
    0x9f, 0xf1, 0x0, 0x0, 0x5f, 0xc0, 0xdf, 0xd0,
    0xcf, 0xd0, 0x0, 0x1, 0xef, 0x20, 0x8f, 0xf1,
    0xef, 0xa0, 0x0, 0xb, 0xf6, 0x0, 0x6f, 0xf2,
    0xff, 0x90, 0x0, 0x6f, 0xb0, 0x0, 0x5f, 0xf3,
    0xef, 0xa0, 0x2, 0xfe, 0x10, 0x0, 0x6f, 0xf2,
    0xcf, 0xc0, 0xc, 0xf5, 0x0, 0x0, 0x8f, 0xf1,
    0x9f, 0xf1, 0x8f, 0xa0, 0x0, 0x0, 0xdf, 0xd0,
    0x4f, 0xfd, 0xfe, 0x10, 0x0, 0x5, 0xff, 0x80,
    0xc, 0xff, 0xf4, 0x0, 0x0, 0x3e, 0xff, 0x10,
    0x2, 0xff, 0xfd, 0x86, 0x7b, 0xff, 0xf6, 0x0,
    0x4, 0xff, 0xff, 0xff, 0xff, 0xff, 0x50, 0x0,
    0x1e, 0xf4, 0x6b, 0xef, 0xfc, 0x81, 0x0, 0x0,

    /* U+00D9 "Ù" */
    0x0, 0x0, 0x9f, 0xd0, 0x0, 0x0, 0x0, 0x0,
    0x0, 0xe, 0xf4, 0x0, 0x0, 0x0, 0x0, 0x0,
    0x4, 0xfc, 0x0, 0x0, 0x0, 0x0, 0x0, 0x0,
    0x23, 0x0, 0x0, 0x0, 0x0, 0x0, 0x0, 0x0,
    0x0, 0x0, 0x0, 0x5f, 0xf1, 0x0, 0x0, 0x0,
    0x2f, 0xf5, 0x5f, 0xf1, 0x0, 0x0, 0x0, 0x2f,
    0xf5, 0x5f, 0xf1, 0x0, 0x0, 0x0, 0x2f, 0xf5,
    0x5f, 0xf1, 0x0, 0x0, 0x0, 0x2f, 0xf5, 0x5f,
    0xf1, 0x0, 0x0, 0x0, 0x2f, 0xf5, 0x5f, 0xf1,
    0x0, 0x0, 0x0, 0x2f, 0xf5, 0x5f, 0xf1, 0x0,
    0x0, 0x0, 0x2f, 0xf5, 0x5f, 0xf1, 0x0, 0x0,
    0x0, 0x2f, 0xf5, 0x5f, 0xf1, 0x0, 0x0, 0x0,
    0x2f, 0xf5, 0x5f, 0xf1, 0x0, 0x0, 0x0, 0x2f,
    0xf5, 0x5f, 0xf1, 0x0, 0x0, 0x0, 0x2f, 0xf5,
    0x4f, 0xf2, 0x0, 0x0, 0x0, 0x3f, 0xf3, 0x2f,
    0xf6, 0x0, 0x0, 0x0, 0x7f, 0xf1, 0xd, 0xfe,
    0x20, 0x0, 0x2, 0xef, 0xc0, 0x4, 0xff, 0xf9,
    0x66, 0x9f, 0xff, 0x40, 0x0, 0x6f, 0xff, 0xff,
    0xff, 0xf6, 0x0, 0x0, 0x2, 0x9d, 0xff, 0xd9,
    0x20, 0x0,

    /* U+00DA "Ú" */
    0x0, 0x0, 0x0, 0xd, 0xf9, 0x0, 0x0, 0x0,
    0x0, 0x0, 0x5f, 0xe0, 0x0, 0x0, 0x0, 0x0,
    0x0, 0xcf, 0x40, 0x0, 0x0, 0x0, 0x0, 0x0,
    0x32, 0x0, 0x0, 0x0, 0x0, 0x0, 0x0, 0x0,
    0x0, 0x0, 0x0, 0x5f, 0xf1, 0x0, 0x0, 0x0,
    0x2f, 0xf5, 0x5f, 0xf1, 0x0, 0x0, 0x0, 0x2f,
    0xf5, 0x5f, 0xf1, 0x0, 0x0, 0x0, 0x2f, 0xf5,
    0x5f, 0xf1, 0x0, 0x0, 0x0, 0x2f, 0xf5, 0x5f,
    0xf1, 0x0, 0x0, 0x0, 0x2f, 0xf5, 0x5f, 0xf1,
    0x0, 0x0, 0x0, 0x2f, 0xf5, 0x5f, 0xf1, 0x0,
    0x0, 0x0, 0x2f, 0xf5, 0x5f, 0xf1, 0x0, 0x0,
    0x0, 0x2f, 0xf5, 0x5f, 0xf1, 0x0, 0x0, 0x0,
    0x2f, 0xf5, 0x5f, 0xf1, 0x0, 0x0, 0x0, 0x2f,
    0xf5, 0x5f, 0xf1, 0x0, 0x0, 0x0, 0x2f, 0xf5,
    0x4f, 0xf2, 0x0, 0x0, 0x0, 0x3f, 0xf3, 0x2f,
    0xf6, 0x0, 0x0, 0x0, 0x7f, 0xf1, 0xd, 0xfe,
    0x20, 0x0, 0x2, 0xef, 0xc0, 0x4, 0xff, 0xf9,
    0x66, 0x9f, 0xff, 0x40, 0x0, 0x6f, 0xff, 0xff,
    0xff, 0xf6, 0x0, 0x0, 0x2, 0x9d, 0xff, 0xd9,
    0x20, 0x0,

    /* U+00DB "Û" */
    0x0, 0x0, 0xa, 0xff, 0x90, 0x0, 0x0, 0x0,
    0x0, 0x5f, 0x88, 0xf4, 0x0, 0x0, 0x0, 0x1,
    0xec, 0x0, 0xde, 0x10, 0x0, 0x0, 0x0, 0x0,
    0x0, 0x0, 0x0, 0x0, 0x0, 0x0, 0x0, 0x0,
    0x0, 0x0, 0x0, 0x5f, 0xf1, 0x0, 0x0, 0x0,
    0x2f, 0xf5, 0x5f, 0xf1, 0x0, 0x0, 0x0, 0x2f,
    0xf5, 0x5f, 0xf1, 0x0, 0x0, 0x0, 0x2f, 0xf5,
    0x5f, 0xf1, 0x0, 0x0, 0x0, 0x2f, 0xf5, 0x5f,
    0xf1, 0x0, 0x0, 0x0, 0x2f, 0xf5, 0x5f, 0xf1,
    0x0, 0x0, 0x0, 0x2f, 0xf5, 0x5f, 0xf1, 0x0,
    0x0, 0x0, 0x2f, 0xf5, 0x5f, 0xf1, 0x0, 0x0,
    0x0, 0x2f, 0xf5, 0x5f, 0xf1, 0x0, 0x0, 0x0,
    0x2f, 0xf5, 0x5f, 0xf1, 0x0, 0x0, 0x0, 0x2f,
    0xf5, 0x5f, 0xf1, 0x0, 0x0, 0x0, 0x2f, 0xf5,
    0x4f, 0xf2, 0x0, 0x0, 0x0, 0x3f, 0xf3, 0x2f,
    0xf6, 0x0, 0x0, 0x0, 0x7f, 0xf1, 0xd, 0xfe,
    0x20, 0x0, 0x2, 0xef, 0xc0, 0x4, 0xff, 0xf9,
    0x66, 0x9f, 0xff, 0x40, 0x0, 0x6f, 0xff, 0xff,
    0xff, 0xf6, 0x0, 0x0, 0x2, 0x9d, 0xff, 0xd9,
    0x20, 0x0,

    /* U+00DC "Ü" */
    0x0, 0x3, 0x88, 0x0, 0x88, 0x30, 0x0, 0x0,
    0x6, 0xff, 0x11, 0xff, 0x60, 0x0, 0x0, 0x6,
    0xff, 0x11, 0xff, 0x60, 0x0, 0x0, 0x0, 0x0,
    0x0, 0x0, 0x0, 0x0, 0x0, 0x0, 0x0, 0x0,
    0x0, 0x0, 0x0, 0x5f, 0xf1, 0x0, 0x0, 0x0,
    0x2f, 0xf5, 0x5f, 0xf1, 0x0, 0x0, 0x0, 0x2f,
    0xf5, 0x5f, 0xf1, 0x0, 0x0, 0x0, 0x2f, 0xf5,
    0x5f, 0xf1, 0x0, 0x0, 0x0, 0x2f, 0xf5, 0x5f,
    0xf1, 0x0, 0x0, 0x0, 0x2f, 0xf5, 0x5f, 0xf1,
    0x0, 0x0, 0x0, 0x2f, 0xf5, 0x5f, 0xf1, 0x0,
    0x0, 0x0, 0x2f, 0xf5, 0x5f, 0xf1, 0x0, 0x0,
    0x0, 0x2f, 0xf5, 0x5f, 0xf1, 0x0, 0x0, 0x0,
    0x2f, 0xf5, 0x5f, 0xf1, 0x0, 0x0, 0x0, 0x2f,
    0xf5, 0x5f, 0xf1, 0x0, 0x0, 0x0, 0x2f, 0xf5,
    0x4f, 0xf2, 0x0, 0x0, 0x0, 0x3f, 0xf3, 0x2f,
    0xf6, 0x0, 0x0, 0x0, 0x7f, 0xf1, 0xd, 0xfe,
    0x20, 0x0, 0x2, 0xef, 0xc0, 0x4, 0xff, 0xf9,
    0x66, 0x9f, 0xff, 0x40, 0x0, 0x6f, 0xff, 0xff,
    0xff, 0xf6, 0x0, 0x0, 0x2, 0x9d, 0xff, 0xd9,
    0x20, 0x0,

    /* U+00DD "Ý" */
    0x0, 0x0, 0x0, 0x1, 0xff, 0x60, 0x0, 0x0,
    0x0, 0x0, 0x0, 0x7f, 0xc0, 0x0, 0x0, 0x0,
    0x0, 0x0, 0xe, 0xf2, 0x0, 0x0, 0x0, 0x0,
    0x0, 0x0, 0x32, 0x0, 0x0, 0x0, 0x0, 0x0,
    0x0, 0x0, 0x0, 0x0, 0x0, 0x0, 0xdf, 0xe0,
    0x0, 0x0, 0x0, 0x4f, 0xf8, 0x4, 0xff, 0x80,
    0x0, 0x0, 0xd, 0xfe, 0x0, 0xb, 0xff, 0x10,
    0x0, 0x6, 0xff, 0x60, 0x0, 0x2f, 0xf9, 0x0,
    0x0, 0xef, 0xd0, 0x0, 0x0, 0x9f, 0xf2, 0x0,
    0x7f, 0xf4, 0x0, 0x0, 0x1, 0xff, 0xb0, 0x1f,
    0xfb, 0x0, 0x0, 0x0, 0x7, 0xff, 0x39, 0xff,
    0x20, 0x0, 0x0, 0x0, 0xe, 0xfd, 0xff, 0x90,
    0x0, 0x0, 0x0, 0x0, 0x5f, 0xff, 0xf1, 0x0,
    0x0, 0x0, 0x0, 0x0, 0xcf, 0xf7, 0x0, 0x0,
    0x0, 0x0, 0x0, 0x6, 0xff, 0x10, 0x0, 0x0,
    0x0, 0x0, 0x0, 0x6f, 0xf1, 0x0, 0x0, 0x0,
    0x0, 0x0, 0x6, 0xff, 0x10, 0x0, 0x0, 0x0,
    0x0, 0x0, 0x6f, 0xf1, 0x0, 0x0, 0x0, 0x0,
    0x0, 0x6, 0xff, 0x10, 0x0, 0x0, 0x0, 0x0,
    0x0, 0x6f, 0xf1, 0x0, 0x0, 0x0, 0x0, 0x0,
    0x6, 0xff, 0x10, 0x0, 0x0,

    /* U+00DE "Þ" */
    0xf, 0xf7, 0x0, 0x0, 0x0, 0x0, 0x0, 0xff,
    0x70, 0x0, 0x0, 0x0, 0x0, 0xf, 0xf7, 0x0,
    0x0, 0x0, 0x0, 0x0, 0xff, 0xff, 0xff, 0xeb,
    0x60, 0x0, 0xf, 0xff, 0xff, 0xff, 0xff, 0xc1,
    0x0, 0xff, 0xd6, 0x66, 0x8d, 0xff, 0xa0, 0xf,
    0xf7, 0x0, 0x0, 0xc, 0xff, 0x10, 0xff, 0x70,
    0x0, 0x0, 0x6f, 0xf4, 0xf, 0xf7, 0x0, 0x0,
    0x5, 0xff, 0x40, 0xff, 0x70, 0x0, 0x0, 0x9f,
    0xf2, 0xf, 0xf7, 0x0, 0x2, 0x8f, 0xfd, 0x0,
    0xff, 0xff, 0xff, 0xff, 0xff, 0x30, 0xf, 0xff,
    0xff, 0xff, 0xfc, 0x30, 0x0, 0xff, 0xd5, 0x55,
    0x41, 0x0, 0x0, 0xf, 0xf7, 0x0, 0x0, 0x0,
    0x0, 0x0, 0xff, 0x70, 0x0, 0x0, 0x0, 0x0,
    0xf, 0xf7, 0x0, 0x0, 0x0, 0x0, 0x0,

    /* U+00DF "ß" */
    0x0, 0x6, 0xce, 0xfd, 0x92, 0x0, 0x0, 0xc,
    0xff, 0xff, 0xff, 0xf3, 0x0, 0x9, 0xff, 0xb6,
    0x59, 0xff, 0xc0, 0x0, 0xff, 0xb0, 0x0, 0x9,
    0xff, 0x10, 0x2f, 0xf4, 0x0, 0x0, 0x5f, 0xf2,
    0x4, 0xff, 0x20, 0x0, 0x8, 0xfe, 0x0, 0x4f,
    0xf2, 0x0, 0x16, 0xff, 0x40, 0x4, 0xff, 0x21,
    0xff, 0xff, 0x40, 0x0, 0x4f, 0xf2, 0x1f, 0xff,
    0xff, 0x90, 0x4, 0xff, 0x20, 0x34, 0x6d, 0xff,
    0x70, 0x4f, 0xf2, 0x0, 0x0, 0xc, 0xfe, 0x4,
    0xff, 0x20, 0x0, 0x0, 0x6f, 0xf1, 0x4f, 0xf2,
    0x0, 0x0, 0x6, 0xff, 0x24, 0xff, 0x20, 0x0,
    0x0, 0xcf, 0xf0, 0x4f, 0xf2, 0x14, 0x46, 0xcf,
    0xf8, 0x4, 0xff, 0x24, 0xff, 0xff, 0xfb, 0x0,
    0x4f, 0xf2, 0x4f, 0xfe, 0xb5, 0x0, 0x0,

    /* U+00E0 "à" */
    0x0, 0x1, 0xff, 0x60, 0x0, 0x0, 0x0, 0x0,
    0x6, 0xfd, 0x0, 0x0, 0x0, 0x0, 0x0, 0xb,
    0xf5, 0x0, 0x0, 0x0, 0x0, 0x0, 0x13, 0x10,
    0x0, 0x0, 0x0, 0x4, 0xbe, 0xfe, 0xa3, 0x0,
    0x0, 0x8, 0xff, 0xff, 0xff, 0xf5, 0x0, 0x3,
    0xff, 0xc4, 0x35, 0xef, 0xe0, 0x0, 0xaf, 0xe0,
    0x0, 0x3, 0xff, 0x50, 0x1, 0x21, 0x0, 0x0,
    0xf, 0xf7, 0x0, 0x0, 0x1, 0x48, 0xbe, 0xff,
    0x80, 0x0, 0x4c, 0xff, 0xff, 0xff, 0xf8, 0x0,
    0x5f, 0xfd, 0x85, 0x20, 0xef, 0x80, 0xd, 0xfc,
    0x0, 0x0, 0xf, 0xf8, 0x0, 0xff, 0x80, 0x0,
    0x7, 0xff, 0x80, 0xe, 0xfe, 0x30, 0x18, 0xff,
    0xfb, 0x20, 0x7f, 0xff, 0xff, 0xfb, 0x9f, 0xf9,
    0x0, 0x5c, 0xef, 0xd7, 0x1, 0xbf, 0x80,

    /* U+00E1 "á" */
    0x0, 0x0, 0x0, 0x5f, 0xf2, 0x0, 0x0, 0x0,
    0x0, 0xc, 0xf7, 0x0, 0x0, 0x0, 0x0, 0x3,
    0xfd, 0x0, 0x0, 0x0, 0x0, 0x0, 0x13, 0x10,
    0x0, 0x0, 0x0, 0x4, 0xbe, 0xfe, 0xa3, 0x0,
    0x0, 0x8, 0xff, 0xff, 0xff, 0xf5, 0x0, 0x3,
    0xff, 0xc4, 0x35, 0xef, 0xe0, 0x0, 0xaf, 0xe0,
    0x0, 0x3, 0xff, 0x50, 0x1, 0x21, 0x0, 0x0,
    0xf, 0xf7, 0x0, 0x0, 0x1, 0x48, 0xbe, 0xff,
    0x80, 0x0, 0x4c, 0xff, 0xff, 0xff, 0xf8, 0x0,
    0x5f, 0xfd, 0x85, 0x20, 0xef, 0x80, 0xd, 0xfc,
    0x0, 0x0, 0xf, 0xf8, 0x0, 0xff, 0x80, 0x0,
    0x7, 0xff, 0x80, 0xe, 0xfe, 0x30, 0x18, 0xff,
    0xfb, 0x20, 0x7f, 0xff, 0xff, 0xfb, 0x9f, 0xf9,
    0x0, 0x5c, 0xef, 0xd7, 0x1, 0xbf, 0x80,

    /* U+00E2 "â" */
    0x0, 0x0, 0x1f, 0xff, 0x10, 0x0, 0x0, 0x0,
    0x9, 0xfd, 0xfa, 0x0, 0x0, 0x0, 0x2, 0xfc,
    0xb, 0xf3, 0x0, 0x0, 0x0, 0x7a, 0x20, 0x1a,
    0x70, 0x0, 0x0, 0x0, 0x0, 0x0, 0x0, 0x0,
    0x0, 0x0, 0x4b, 0xef, 0xea, 0x30, 0x0, 0x0,
    0x8f, 0xff, 0xff, 0xff, 0x50, 0x0, 0x3f, 0xfc,
    0x43, 0x5e, 0xfe, 0x0, 0xa, 0xfe, 0x0, 0x0,
    0x3f, 0xf5, 0x0, 0x12, 0x10, 0x0, 0x0, 0xff,
    0x70, 0x0, 0x0, 0x14, 0x8b, 0xef, 0xf8, 0x0,
    0x4, 0xcf, 0xff, 0xff, 0xff, 0x80, 0x5, 0xff,
    0xd8, 0x52, 0xe, 0xf8, 0x0, 0xdf, 0xc0, 0x0,
    0x0, 0xff, 0x80, 0xf, 0xf8, 0x0, 0x0, 0x7f,
    0xf8, 0x0, 0xef, 0xe3, 0x1, 0x8f, 0xff, 0xb2,
    0x7, 0xff, 0xff, 0xff, 0xb9, 0xff, 0x90, 0x5,
    0xce, 0xfd, 0x70, 0x1b, 0xf8,

    /* U+00E3 "ã" */
    0x0, 0x6, 0xef, 0xda, 0xbf, 0x20, 0x0, 0x1,
    0xfc, 0xad, 0xfe, 0x60, 0x0, 0x0, 0x0, 0x0,
    0x0, 0x0, 0x0, 0x0, 0x0, 0x0, 0x0, 0x0,
    0x0, 0x0, 0x0, 0x4, 0xbe, 0xfe, 0xa3, 0x0,
    0x0, 0x8, 0xff, 0xff, 0xff, 0xf5, 0x0, 0x3,
    0xff, 0xc4, 0x35, 0xef, 0xe0, 0x0, 0xaf, 0xe0,
    0x0, 0x3, 0xff, 0x50, 0x1, 0x21, 0x0, 0x0,
    0xf, 0xf7, 0x0, 0x0, 0x1, 0x48, 0xbe, 0xff,
    0x80, 0x0, 0x4c, 0xff, 0xff, 0xff, 0xf8, 0x0,
    0x5f, 0xfd, 0x85, 0x20, 0xef, 0x80, 0xd, 0xfc,
    0x0, 0x0, 0xf, 0xf8, 0x0, 0xff, 0x80, 0x0,
    0x7, 0xff, 0x80, 0xe, 0xfe, 0x30, 0x18, 0xff,
    0xfb, 0x20, 0x7f, 0xff, 0xff, 0xfb, 0x9f, 0xf9,
    0x0, 0x5c, 0xef, 0xd7, 0x1, 0xbf, 0x80,

    /* U+00E4 "ä" */
    0x0, 0xd, 0xf9, 0x8, 0xff, 0x0, 0x0, 0x0,
    0xdf, 0x90, 0x8f, 0xf0, 0x0, 0x0, 0x7, 0x85,
    0x4, 0x87, 0x0, 0x0, 0x0, 0x0, 0x0, 0x0,
    0x0, 0x0, 0x0, 0x4, 0xbe, 0xfe, 0xa3, 0x0,
    0x0, 0x8, 0xff, 0xff, 0xff, 0xf5, 0x0, 0x3,
    0xff, 0xc4, 0x35, 0xef, 0xe0, 0x0, 0xaf, 0xe0,
    0x0, 0x3, 0xff, 0x50, 0x1, 0x21, 0x0, 0x0,
    0xf, 0xf7, 0x0, 0x0, 0x1, 0x48, 0xbe, 0xff,
    0x80, 0x0, 0x4c, 0xff, 0xff, 0xff, 0xf8, 0x0,
    0x5f, 0xfd, 0x85, 0x20, 0xef, 0x80, 0xd, 0xfc,
    0x0, 0x0, 0xf, 0xf8, 0x0, 0xff, 0x80, 0x0,
    0x7, 0xff, 0x80, 0xe, 0xfe, 0x30, 0x18, 0xff,
    0xfb, 0x20, 0x7f, 0xff, 0xff, 0xfb, 0x9f, 0xf9,
    0x0, 0x5c, 0xef, 0xd7, 0x1, 0xbf, 0x80,

    /* U+00E5 "å" */
    0x0, 0x0, 0x0, 0x0, 0x0, 0x0, 0x0, 0x0,
    0x0, 0xbf, 0xb0, 0x0, 0x0, 0x0, 0x0, 0x6e,
    0x5e, 0x80, 0x0, 0x0, 0x0, 0x9, 0xa0, 0x9b,
    0x0, 0x0, 0x0, 0x0, 0x7d, 0x1c, 0x90, 0x0,
    0x0, 0x0, 0x1, 0xdf, 0xe1, 0x0, 0x0, 0x0,
    0x0, 0x0, 0x20, 0x0, 0x0, 0x0, 0x0, 0x4b,
    0xef, 0xea, 0x30, 0x0, 0x0, 0x8f, 0xff, 0xff,
    0xff, 0x50, 0x0, 0x3f, 0xfc, 0x43, 0x5e, 0xfe,
    0x0, 0xa, 0xfe, 0x0, 0x0, 0x3f, 0xf5, 0x0,
    0x12, 0x10, 0x0, 0x0, 0xff, 0x70, 0x0, 0x0,
    0x14, 0x8b, 0xef, 0xf8, 0x0, 0x4, 0xcf, 0xff,
    0xff, 0xff, 0x80, 0x5, 0xff, 0xd8, 0x52, 0xe,
    0xf8, 0x0, 0xdf, 0xc0, 0x0, 0x0, 0xff, 0x80,
    0xf, 0xf8, 0x0, 0x0, 0x7f, 0xf8, 0x0, 0xef,
    0xe3, 0x1, 0x8f, 0xff, 0xb2, 0x7, 0xff, 0xff,
    0xff, 0xb9, 0xff, 0x90, 0x5, 0xce, 0xfd, 0x70,
    0x1b, 0xf8,

    /* U+00E6 "æ" */
    0x0, 0x4, 0xbe, 0xfe, 0xa3, 0x0, 0x7d, 0xfe,
    0xc5, 0x0, 0x0, 0x7, 0xff, 0xff, 0xff, 0xf7,
    0xdf, 0xff, 0xff, 0xfa, 0x0, 0x4, 0xff, 0xb4,
    0x35, 0xdf, 0xff, 0xf7, 0x34, 0x9f, 0xf7, 0x0,
    0xaf, 0xd0, 0x0, 0x3, 0xff, 0xf4, 0x0, 0x0,
    0x9f, 0xf0, 0x0, 0x0, 0x0, 0x0, 0xf, 0xff,
    0x0, 0x0, 0x3, 0xff, 0x40, 0x0, 0x5, 0x8b,
    0xdf, 0xff, 0xfe, 0xee, 0xee, 0xef, 0xf6, 0x0,
    0x8f, 0xff, 0xff, 0xef, 0xff, 0xff, 0xff, 0xff,
    0xff, 0x70, 0x8f, 0xfa, 0x53, 0x0, 0xff, 0xc0,
    0x0, 0x0, 0x0, 0x0, 0xe, 0xfa, 0x0, 0x0,
    0xf, 0xff, 0x0, 0x0, 0x0, 0x11, 0x0, 0xff,
    0x80, 0x0, 0x7, 0xff, 0xf6, 0x0, 0x0, 0x8f,
    0xf1, 0xe, 0xfe, 0x40, 0x17, 0xfe, 0xcf, 0xf6,
    0x10, 0x6f, 0xf9, 0x0, 0x6f, 0xff, 0xff, 0xfe,
    0x31, 0xdf, 0xff, 0xff, 0xfb, 0x0, 0x0, 0x4b,
    0xef, 0xd8, 0x10, 0x0, 0x7d, 0xff, 0xc6, 0x0,
    0x0,

    /* U+00E7 "ç" */
    0x0, 0x1, 0x8d, 0xfe, 0xb5, 0x0, 0x0, 0x3,
    0xef, 0xff, 0xff, 0xfb, 0x0, 0x0, 0xef, 0xf7,
    0x35, 0xbf, 0xf8, 0x0, 0x7f, 0xf5, 0x0, 0x0,
    0xcf, 0xe0, 0xc, 0xfd, 0x0, 0x0, 0x4, 0x99,
    0x10, 0xff, 0x90, 0x0, 0x0, 0x0, 0x0, 0xf,
    0xf8, 0x0, 0x0, 0x0, 0x0, 0x0, 0xff, 0x90,
    0x0, 0x0, 0x0, 0x0, 0xc, 0xfd, 0x0, 0x0,
    0x5, 0xcc, 0x10, 0x7f, 0xf4, 0x0, 0x0, 0xcf,
    0xe0, 0x1, 0xef, 0xf7, 0x34, 0xbf, 0xf6, 0x0,
    0x3, 0xef, 0xff, 0xff, 0xf9, 0x0, 0x0, 0x1,
    0x8d, 0xff, 0xb5, 0x0, 0x0, 0x0, 0x0, 0x7f,
    0x70, 0x0, 0x0, 0x0, 0x0, 0x3, 0xdf, 0xc0,
    0x0, 0x0, 0x0, 0x0, 0x0, 0x6f, 0x30, 0x0,
    0x0, 0x0, 0xe9, 0x3a, 0xf2, 0x0, 0x0, 0x0,
    0x8, 0xff, 0xf8, 0x0, 0x0, 0x0, 0x0, 0x2,
    0x42, 0x0, 0x0, 0x0,

    /* U+00E8 "è" */
    0x0, 0x0, 0xcf, 0xa0, 0x0, 0x0, 0x0, 0x0,
    0x2, 0xff, 0x10, 0x0, 0x0, 0x0, 0x0, 0x8,
    0xf8, 0x0, 0x0, 0x0, 0x0, 0x0, 0x3, 0x20,
    0x0, 0x0, 0x0, 0x1, 0x8d, 0xfe, 0xb4, 0x0,
    0x0, 0x3, 0xef, 0xff, 0xff, 0xf7, 0x0, 0x0,
    0xef, 0xe6, 0x34, 0xbf, 0xf4, 0x0, 0x7f, 0xf2,
    0x0, 0x0, 0xcf, 0xc0, 0xc, 0xfa, 0x0, 0x0,
    0x6, 0xff, 0x10, 0xff, 0xfe, 0xee, 0xee, 0xff,
    0xf3, 0xf, 0xff, 0xff, 0xff, 0xff, 0xff, 0x40,
    0xff, 0x90, 0x0, 0x0, 0x0, 0x0, 0xc, 0xfc,
    0x0, 0x0, 0x0, 0x11, 0x0, 0x7f, 0xf4, 0x0,
    0x0, 0xbf, 0xd0, 0x1, 0xef, 0xf7, 0x34, 0xaf,
    0xf5, 0x0, 0x3, 0xef, 0xff, 0xff, 0xf8, 0x0,
    0x0, 0x1, 0x8d, 0xff, 0xb5, 0x0, 0x0,

    /* U+00E9 "é" */
    0x0, 0x0, 0x0, 0x1f, 0xf5, 0x0, 0x0, 0x0,
    0x0, 0x8, 0xfb, 0x0, 0x0, 0x0, 0x0, 0x0,
    0xff, 0x10, 0x0, 0x0, 0x0, 0x0, 0x3, 0x20,
    0x0, 0x0, 0x0, 0x1, 0x8d, 0xfe, 0xb4, 0x0,
    0x0, 0x3, 0xef, 0xff, 0xff, 0xf7, 0x0, 0x0,
    0xef, 0xe6, 0x34, 0xbf, 0xf4, 0x0, 0x7f, 0xf2,
    0x0, 0x0, 0xcf, 0xc0, 0xc, 0xfa, 0x0, 0x0,
    0x6, 0xff, 0x10, 0xff, 0xfe, 0xee, 0xee, 0xff,
    0xf3, 0xf, 0xff, 0xff, 0xff, 0xff, 0xff, 0x40,
    0xff, 0x90, 0x0, 0x0, 0x0, 0x0, 0xc, 0xfc,
    0x0, 0x0, 0x0, 0x11, 0x0, 0x7f, 0xf4, 0x0,
    0x0, 0xbf, 0xd0, 0x1, 0xef, 0xf7, 0x34, 0xaf,
    0xf5, 0x0, 0x3, 0xef, 0xff, 0xff, 0xf8, 0x0,
    0x0, 0x1, 0x8d, 0xff, 0xb5, 0x0, 0x0,

    /* U+00EA "ê" */
    0x0, 0x0, 0xc, 0xff, 0x50, 0x0, 0x0, 0x0,
    0x5, 0xfd, 0xfd, 0x0, 0x0, 0x0, 0x0, 0xee,
    0x18, 0xf7, 0x0, 0x0, 0x0, 0x4b, 0x50, 0xa,
    0xa0, 0x0, 0x0, 0x0, 0x0, 0x0, 0x0, 0x0,
    0x0, 0x0, 0x18, 0xdf, 0xeb, 0x40, 0x0, 0x0,
    0x3e, 0xff, 0xff, 0xff, 0x70, 0x0, 0xe, 0xfe,
    0x63, 0x4b, 0xff, 0x40, 0x7, 0xff, 0x20, 0x0,
    0xc, 0xfc, 0x0, 0xcf, 0xa0, 0x0, 0x0, 0x6f,
    0xf1, 0xf, 0xff, 0xee, 0xee, 0xef, 0xff, 0x30,
    0xff, 0xff, 0xff, 0xff, 0xff, 0xf4, 0xf, 0xf9,
    0x0, 0x0, 0x0, 0x0, 0x0, 0xcf, 0xc0, 0x0,
    0x0, 0x1, 0x10, 0x7, 0xff, 0x40, 0x0, 0xb,
    0xfd, 0x0, 0x1e, 0xff, 0x73, 0x4a, 0xff, 0x50,
    0x0, 0x3e, 0xff, 0xff, 0xff, 0x80, 0x0, 0x0,
    0x18, 0xdf, 0xfb, 0x50, 0x0,

    /* U+00EB "ë" */
    0x0, 0x9, 0xfd, 0x4, 0xff, 0x20, 0x0, 0x0,
    0x9f, 0xd0, 0x4f, 0xf2, 0x0, 0x0, 0x5, 0x87,
    0x2, 0x88, 0x10, 0x0, 0x0, 0x0, 0x0, 0x0,
    0x0, 0x0, 0x0, 0x1, 0x8d, 0xfe, 0xb4, 0x0,
    0x0, 0x3, 0xef, 0xff, 0xff, 0xf7, 0x0, 0x0,
    0xef, 0xe6, 0x34, 0xbf, 0xf4, 0x0, 0x7f, 0xf2,
    0x0, 0x0, 0xcf, 0xc0, 0xc, 0xfa, 0x0, 0x0,
    0x6, 0xff, 0x10, 0xff, 0xfe, 0xee, 0xee, 0xff,
    0xf3, 0xf, 0xff, 0xff, 0xff, 0xff, 0xff, 0x40,
    0xff, 0x90, 0x0, 0x0, 0x0, 0x0, 0xc, 0xfc,
    0x0, 0x0, 0x0, 0x11, 0x0, 0x7f, 0xf4, 0x0,
    0x0, 0xbf, 0xd0, 0x1, 0xef, 0xf7, 0x34, 0xaf,
    0xf5, 0x0, 0x3, 0xef, 0xff, 0xff, 0xf8, 0x0,
    0x0, 0x1, 0x8d, 0xff, 0xb5, 0x0, 0x0,

    /* U+00EC "ì" */
    0xaf, 0xd0, 0x1, 0xef, 0x40, 0x5, 0xfb, 0x0,
    0x3, 0x30, 0x4, 0xff, 0x20, 0x4f, 0xf2, 0x4,
    0xff, 0x20, 0x4f, 0xf2, 0x4, 0xff, 0x20, 0x4f,
    0xf2, 0x4, 0xff, 0x20, 0x4f, 0xf2, 0x4, 0xff,
    0x20, 0x4f, 0xf2, 0x4, 0xff, 0x20, 0x4f, 0xf2,
    0x4, 0xff, 0x20,

    /* U+00ED "í" */
    0x0, 0xef, 0x80, 0x5f, 0xd0, 0xd, 0xf4, 0x0,
    0x32, 0x0, 0x4f, 0xf2, 0x4, 0xff, 0x20, 0x4f,
    0xf2, 0x4, 0xff, 0x20, 0x4f, 0xf2, 0x4, 0xff,
    0x20, 0x4f, 0xf2, 0x4, 0xff, 0x20, 0x4f, 0xf2,
    0x4, 0xff, 0x20, 0x4f, 0xf2, 0x4, 0xff, 0x20,
    0x4f, 0xf2, 0x0,

    /* U+00EE "î" */
    0x0, 0x48, 0x83, 0x0, 0x1, 0xed, 0xed, 0x0,
    0xb, 0xf2, 0x3f, 0xa0, 0x27, 0x40, 0x5, 0x71,
    0x0, 0x0, 0x0, 0x0, 0x0, 0x4f, 0xf2, 0x0,
    0x0, 0x4f, 0xf2, 0x0, 0x0, 0x4f, 0xf2, 0x0,
    0x0, 0x4f, 0xf2, 0x0, 0x0, 0x4f, 0xf2, 0x0,
    0x0, 0x4f, 0xf2, 0x0, 0x0, 0x4f, 0xf2, 0x0,
    0x0, 0x4f, 0xf2, 0x0, 0x0, 0x4f, 0xf2, 0x0,
    0x0, 0x4f, 0xf2, 0x0, 0x0, 0x4f, 0xf2, 0x0,
    0x0, 0x4f, 0xf2, 0x0, 0x0, 0x4f, 0xf2, 0x0,

    /* U+00EF "ï" */
    0xaf, 0x8a, 0xf9, 0xaf, 0x8a, 0xf9, 0x58, 0x45,
    0x84, 0x0, 0x0, 0x0, 0x4, 0xff, 0x20, 0x4,
    0xff, 0x20, 0x4, 0xff, 0x20, 0x4, 0xff, 0x20,
    0x4, 0xff, 0x20, 0x4, 0xff, 0x20, 0x4, 0xff,
    0x20, 0x4, 0xff, 0x20, 0x4, 0xff, 0x20, 0x4,
    0xff, 0x20, 0x4, 0xff, 0x20, 0x4, 0xff, 0x20,
    0x4, 0xff, 0x20,

    /* U+00F0 "ð" */
    0x0, 0x0, 0x56, 0x20, 0x0, 0x0, 0x0, 0x0,
    0xd, 0xff, 0xc3, 0x17, 0xe5, 0x0, 0x0, 0x8b,
    0xff, 0xff, 0xfe, 0x60, 0x0, 0x0, 0x8f, 0xff,
    0xfa, 0x0, 0x0, 0x0, 0xd, 0xd7, 0x9f, 0xf1,
    0x0, 0x0, 0x0, 0x22, 0x10, 0xdf, 0x80, 0x0,
    0x4, 0xcf, 0xff, 0xdb, 0xfd, 0x0, 0x7, 0xff,
    0xff, 0xff, 0xff, 0xf2, 0x3, 0xff, 0xd3, 0x1,
    0x7f, 0xff, 0x40, 0xaf, 0xf2, 0x0, 0x0, 0x9f,
    0xf8, 0xe, 0xfb, 0x0, 0x0, 0x2, 0xff, 0xe0,
    0xff, 0x80, 0x0, 0x0, 0xf, 0xfc, 0xf, 0xf9,
    0x0, 0x0, 0x0, 0xff, 0x70, 0xdf, 0xb0, 0x0,
    0x0, 0x3f, 0xf5, 0x9, 0xff, 0x30, 0x0, 0xa,
    0xff, 0x10, 0x2f, 0xfe, 0x63, 0x4a, 0xff, 0x90,
    0x0, 0x5f, 0xff, 0xff, 0xff, 0xc0, 0x0, 0x0,
    0x29, 0xdf, 0xfc, 0x60, 0x0,

    /* U+00F1 "ñ" */
    0x0, 0x2c, 0xfb, 0x31, 0xf6, 0x0, 0xb, 0xea,
    0xff, 0xff, 0x10, 0x0, 0x84, 0x1, 0x78, 0x20,
    0x0, 0x0, 0x0, 0x0, 0x0, 0x0, 0x4f, 0xf0,
    0x5c, 0xfe, 0x91, 0x4, 0xff, 0x6f, 0xff, 0xff,
    0xd0, 0x4f, 0xff, 0xa3, 0x3a, 0xff, 0x64, 0xff,
    0xb0, 0x0, 0xe, 0xfb, 0x4f, 0xf4, 0x0, 0x0,
    0xaf, 0xd4, 0xff, 0x20, 0x0, 0x9, 0xfe, 0x4f,
    0xf2, 0x0, 0x0, 0x9f, 0xe4, 0xff, 0x20, 0x0,
    0x9, 0xfe, 0x4f, 0xf2, 0x0, 0x0, 0x9f, 0xe4,
    0xff, 0x20, 0x0, 0x9, 0xfe, 0x4f, 0xf2, 0x0,
    0x0, 0x9f, 0xe4, 0xff, 0x20, 0x0, 0x9, 0xfe,
    0x4f, 0xf2, 0x0, 0x0, 0x9f, 0xe0,

    /* U+00F2 "ò" */
    0x0, 0x0, 0xcf, 0xa0, 0x0, 0x0, 0x0, 0x0,
    0x2, 0xff, 0x10, 0x0, 0x0, 0x0, 0x0, 0x8,
    0xf8, 0x0, 0x0, 0x0, 0x0, 0x0, 0x3, 0x20,
    0x0, 0x0, 0x0, 0x1, 0x8d, 0xfe, 0xb5, 0x0,
    0x0, 0x3, 0xef, 0xff, 0xff, 0xf9, 0x0, 0x0,
    0xef, 0xf7, 0x34, 0xbf, 0xf7, 0x0, 0x7f, 0xf5,
    0x0, 0x0, 0xcf, 0xf0, 0xc, 0xfd, 0x0, 0x0,
    0x4, 0xff, 0x50, 0xff, 0x90, 0x0, 0x0, 0x1f,
    0xf7, 0xf, 0xf8, 0x0, 0x0, 0x0, 0xff, 0x80,
    0xff, 0x90, 0x0, 0x0, 0x1f, 0xf7, 0xc, 0xfd,
    0x0, 0x0, 0x4, 0xff, 0x50, 0x7f, 0xf4, 0x0,
    0x0, 0xcf, 0xf0, 0x1, 0xef, 0xf7, 0x34, 0xbf,
    0xf7, 0x0, 0x3, 0xef, 0xff, 0xff, 0xfa, 0x0,
    0x0, 0x1, 0x8d, 0xfe, 0xb5, 0x0, 0x0,

    /* U+00F3 "ó" */
    0x0, 0x0, 0x0, 0x1f, 0xf5, 0x0, 0x0, 0x0,
    0x0, 0x8, 0xfb, 0x0, 0x0, 0x0, 0x0, 0x0,
    0xff, 0x10, 0x0, 0x0, 0x0, 0x0, 0x3, 0x20,
    0x0, 0x0, 0x0, 0x1, 0x8d, 0xfe, 0xb5, 0x0,
    0x0, 0x3, 0xef, 0xff, 0xff, 0xf9, 0x0, 0x0,
    0xef, 0xf7, 0x34, 0xbf, 0xf7, 0x0, 0x7f, 0xf5,
    0x0, 0x0, 0xcf, 0xf0, 0xc, 0xfd, 0x0, 0x0,
    0x4, 0xff, 0x50, 0xff, 0x90, 0x0, 0x0, 0x1f,
    0xf7, 0xf, 0xf8, 0x0, 0x0, 0x0, 0xff, 0x80,
    0xff, 0x90, 0x0, 0x0, 0x1f, 0xf7, 0xc, 0xfd,
    0x0, 0x0, 0x4, 0xff, 0x50, 0x7f, 0xf4, 0x0,
    0x0, 0xcf, 0xf0, 0x1, 0xef, 0xf7, 0x34, 0xbf,
    0xf7, 0x0, 0x3, 0xef, 0xff, 0xff, 0xfa, 0x0,
    0x0, 0x1, 0x8d, 0xfe, 0xb5, 0x0, 0x0,

    /* U+00F4 "ô" */
    0x0, 0x0, 0xc, 0xff, 0x50, 0x0, 0x0, 0x0,
    0x5, 0xfd, 0xfd, 0x0, 0x0, 0x0, 0x0, 0xee,
    0x17, 0xf7, 0x0, 0x0, 0x0, 0x4a, 0x50, 0x9,
    0x90, 0x0, 0x0, 0x0, 0x0, 0x0, 0x0, 0x0,
    0x0, 0x0, 0x18, 0xdf, 0xeb, 0x50, 0x0, 0x0,
    0x3e, 0xff, 0xff, 0xff, 0x90, 0x0, 0xe, 0xff,
    0x73, 0x4b, 0xff, 0x70, 0x7, 0xff, 0x50, 0x0,
    0xc, 0xff, 0x0, 0xcf, 0xd0, 0x0, 0x0, 0x4f,
    0xf5, 0xf, 0xf9, 0x0, 0x0, 0x1, 0xff, 0x70,
    0xff, 0x80, 0x0, 0x0, 0xf, 0xf8, 0xf, 0xf9,
    0x0, 0x0, 0x1, 0xff, 0x70, 0xcf, 0xd0, 0x0,
    0x0, 0x4f, 0xf5, 0x7, 0xff, 0x40, 0x0, 0xc,
    0xff, 0x0, 0x1e, 0xff, 0x73, 0x4b, 0xff, 0x70,
    0x0, 0x3e, 0xff, 0xff, 0xff, 0xa0, 0x0, 0x0,
    0x18, 0xdf, 0xeb, 0x50, 0x0,

    /* U+00F5 "õ" */
    0x0, 0x4, 0xdf, 0xeb, 0xaf, 0x50, 0x0, 0x0,
    0xdd, 0x9c, 0xff, 0x90, 0x0, 0x0, 0x0, 0x0,
    0x0, 0x0, 0x0, 0x0, 0x0, 0x0, 0x0, 0x0,
    0x0, 0x0, 0x0, 0x1, 0x8d, 0xfe, 0xb5, 0x0,
    0x0, 0x3, 0xef, 0xff, 0xff, 0xf9, 0x0, 0x0,
    0xef, 0xf7, 0x34, 0xbf, 0xf7, 0x0, 0x7f, 0xf5,
    0x0, 0x0, 0xcf, 0xf0, 0xc, 0xfd, 0x0, 0x0,
    0x4, 0xff, 0x50, 0xff, 0x90, 0x0, 0x0, 0x1f,
    0xf7, 0xf, 0xf8, 0x0, 0x0, 0x0, 0xff, 0x80,
    0xff, 0x90, 0x0, 0x0, 0x1f, 0xf7, 0xc, 0xfd,
    0x0, 0x0, 0x4, 0xff, 0x50, 0x7f, 0xf4, 0x0,
    0x0, 0xcf, 0xf0, 0x1, 0xef, 0xf7, 0x34, 0xbf,
    0xf7, 0x0, 0x3, 0xef, 0xff, 0xff, 0xfa, 0x0,
    0x0, 0x1, 0x8d, 0xfe, 0xb5, 0x0, 0x0,

    /* U+00F6 "ö" */
    0x0, 0x9, 0xfd, 0x4, 0xff, 0x20, 0x0, 0x0,
    0x9f, 0xd0, 0x4f, 0xf2, 0x0, 0x0, 0x5, 0x87,
    0x2, 0x88, 0x10, 0x0, 0x0, 0x0, 0x0, 0x0,
    0x0, 0x0, 0x0, 0x1, 0x8d, 0xfe, 0xb5, 0x0,
    0x0, 0x3, 0xef, 0xff, 0xff, 0xf9, 0x0, 0x0,
    0xef, 0xf7, 0x34, 0xbf, 0xf7, 0x0, 0x7f, 0xf5,
    0x0, 0x0, 0xcf, 0xf0, 0xc, 0xfd, 0x0, 0x0,
    0x4, 0xff, 0x50, 0xff, 0x90, 0x0, 0x0, 0x1f,
    0xf7, 0xf, 0xf8, 0x0, 0x0, 0x0, 0xff, 0x80,
    0xff, 0x90, 0x0, 0x0, 0x1f, 0xf7, 0xc, 0xfd,
    0x0, 0x0, 0x4, 0xff, 0x50, 0x7f, 0xf4, 0x0,
    0x0, 0xcf, 0xf0, 0x1, 0xef, 0xf7, 0x34, 0xbf,
    0xf7, 0x0, 0x3, 0xef, 0xff, 0xff, 0xfa, 0x0,
    0x0, 0x1, 0x8d, 0xfe, 0xb5, 0x0, 0x0,

    /* U+00F7 "÷" */
    0x0, 0x0, 0xb, 0xf6, 0x0, 0x0, 0x0, 0x0,
    0x4f, 0xfd, 0x0, 0x0, 0x0, 0x0, 0x1e, 0xf9,
    0x0, 0x0, 0x0, 0x0, 0x1, 0x30, 0x0, 0x0,
    0x0, 0x0, 0x0, 0x0, 0x0, 0x0, 0x1f, 0xff,
    0xff, 0xff, 0xff, 0xfb, 0x1f, 0xff, 0xff, 0xff,
    0xff, 0xfb, 0x2, 0x22, 0x22, 0x22, 0x22, 0x21,
    0x0, 0x0, 0x1, 0x30, 0x0, 0x0, 0x0, 0x0,
    0x1e, 0xf9, 0x0, 0x0, 0x0, 0x0, 0x4f, 0xfd,
    0x0, 0x0, 0x0, 0x0, 0xc, 0xf6, 0x0, 0x0,

    /* U+00F8 "ø" */
    0x0, 0x1, 0x8d, 0xfe, 0xb7, 0xfb, 0x0, 0x3,
    0xef, 0xff, 0xff, 0xff, 0x20, 0x0, 0xef, 0xf7,
    0x34, 0xff, 0xf7, 0x0, 0x7f, 0xf5, 0x0, 0x2f,
    0xff, 0xf0, 0xc, 0xfd, 0x0, 0xc, 0xe6, 0xff,
    0x50, 0xff, 0x90, 0x7, 0xf5, 0x1f, 0xf7, 0xf,
    0xf8, 0x2, 0xfa, 0x0, 0xff, 0x80, 0xff, 0x90,
    0xde, 0x10, 0x1f, 0xf7, 0xc, 0xfd, 0x8f, 0x50,
    0x4, 0xff, 0x50, 0x7f, 0xff, 0xa0, 0x0, 0xcf,
    0xf0, 0x1, 0xef, 0xf8, 0x34, 0xbf, 0xf7, 0x0,
    0xc, 0xff, 0xff, 0xff, 0xfa, 0x0, 0x3, 0xfb,
    0x8d, 0xfe, 0xb5, 0x0, 0x0,

    /* U+00F9 "ù" */
    0x0, 0xd, 0xf8, 0x0, 0x0, 0x0, 0x0, 0x4f,
    0xf0, 0x0, 0x0, 0x0, 0x0, 0x9f, 0x70, 0x0,
    0x0, 0x0, 0x0, 0x32, 0x0, 0x0, 0x4f, 0xf2,
    0x0, 0x0, 0xbf, 0xc4, 0xff, 0x20, 0x0, 0xb,
    0xfc, 0x4f, 0xf2, 0x0, 0x0, 0xbf, 0xc4, 0xff,
    0x20, 0x0, 0xb, 0xfc, 0x4f, 0xf2, 0x0, 0x0,
    0xbf, 0xc4, 0xff, 0x20, 0x0, 0xb, 0xfc, 0x4f,
    0xf2, 0x0, 0x0, 0xbf, 0xc4, 0xff, 0x20, 0x0,
    0xb, 0xfc, 0x4f, 0xf3, 0x0, 0x0, 0xdf, 0xc2,
    0xff, 0x70, 0x0, 0x3f, 0xfc, 0xe, 0xff, 0x62,
    0x5e, 0xff, 0xc0, 0x5f, 0xff, 0xff, 0xd9, 0xfc,
    0x0, 0x5c, 0xfe, 0x91, 0x8f, 0xc0,

    /* U+00FA "ú" */
    0x0, 0x0, 0x3, 0xff, 0x40, 0x0, 0x0, 0x0,
    0xaf, 0x90, 0x0, 0x0, 0x0, 0x1f, 0xe1, 0x0,
    0x0, 0x0, 0x1, 0x31, 0x0, 0x0, 0x4f, 0xf2,
    0x0, 0x0, 0xbf, 0xc4, 0xff, 0x20, 0x0, 0xb,
    0xfc, 0x4f, 0xf2, 0x0, 0x0, 0xbf, 0xc4, 0xff,
    0x20, 0x0, 0xb, 0xfc, 0x4f, 0xf2, 0x0, 0x0,
    0xbf, 0xc4, 0xff, 0x20, 0x0, 0xb, 0xfc, 0x4f,
    0xf2, 0x0, 0x0, 0xbf, 0xc4, 0xff, 0x20, 0x0,
    0xb, 0xfc, 0x4f, 0xf3, 0x0, 0x0, 0xdf, 0xc2,
    0xff, 0x70, 0x0, 0x3f, 0xfc, 0xe, 0xff, 0x62,
    0x5e, 0xff, 0xc0, 0x5f, 0xff, 0xff, 0xd9, 0xfc,
    0x0, 0x5c, 0xfe, 0x91, 0x8f, 0xc0,

    /* U+00FB "û" */
    0x0, 0x0, 0xdf, 0xf3, 0x0, 0x0, 0x0, 0x8f,
    0xcf, 0xd0, 0x0, 0x0, 0x2f, 0xd0, 0x8f, 0x70,
    0x0, 0x4, 0x72, 0x0, 0x76, 0x0, 0x0, 0x0,
    0x0, 0x0, 0x0, 0x4, 0xff, 0x20, 0x0, 0xb,
    0xfc, 0x4f, 0xf2, 0x0, 0x0, 0xbf, 0xc4, 0xff,
    0x20, 0x0, 0xb, 0xfc, 0x4f, 0xf2, 0x0, 0x0,
    0xbf, 0xc4, 0xff, 0x20, 0x0, 0xb, 0xfc, 0x4f,
    0xf2, 0x0, 0x0, 0xbf, 0xc4, 0xff, 0x20, 0x0,
    0xb, 0xfc, 0x4f, 0xf2, 0x0, 0x0, 0xbf, 0xc4,
    0xff, 0x30, 0x0, 0xd, 0xfc, 0x2f, 0xf7, 0x0,
    0x3, 0xff, 0xc0, 0xef, 0xf6, 0x25, 0xef, 0xfc,
    0x5, 0xff, 0xff, 0xfd, 0x9f, 0xc0, 0x5, 0xcf,
    0xe9, 0x18, 0xfc,

    /* U+00FC "ü" */
    0x0, 0xbf, 0xb0, 0x6f, 0xf0, 0x0, 0xb, 0xfb,
    0x6, 0xff, 0x0, 0x0, 0x68, 0x60, 0x38, 0x80,
    0x0, 0x0, 0x0, 0x0, 0x0, 0x0, 0x4f, 0xf2,
    0x0, 0x0, 0xbf, 0xc4, 0xff, 0x20, 0x0, 0xb,
    0xfc, 0x4f, 0xf2, 0x0, 0x0, 0xbf, 0xc4, 0xff,
    0x20, 0x0, 0xb, 0xfc, 0x4f, 0xf2, 0x0, 0x0,
    0xbf, 0xc4, 0xff, 0x20, 0x0, 0xb, 0xfc, 0x4f,
    0xf2, 0x0, 0x0, 0xbf, 0xc4, 0xff, 0x20, 0x0,
    0xb, 0xfc, 0x4f, 0xf3, 0x0, 0x0, 0xdf, 0xc2,
    0xff, 0x70, 0x0, 0x3f, 0xfc, 0xe, 0xff, 0x62,
    0x5e, 0xff, 0xc0, 0x5f, 0xff, 0xff, 0xd9, 0xfc,
    0x0, 0x5c, 0xfe, 0x91, 0x8f, 0xc0,

    /* U+00FD "ý" */
    0x0, 0x0, 0x0, 0x7f, 0xe1, 0x0, 0x0, 0x0,
    0x0, 0xe, 0xf5, 0x0, 0x0, 0x0, 0x0, 0x6,
    0xfa, 0x0, 0x0, 0x0, 0x0, 0x0, 0x23, 0x0,
    0x0, 0x0, 0x5f, 0xf3, 0x0, 0x0, 0x8, 0xff,
    0x10, 0xff, 0x80, 0x0, 0x0, 0xdf, 0xb0, 0xa,
    0xfd, 0x0, 0x0, 0x1f, 0xf6, 0x0, 0x4f, 0xf3,
    0x0, 0x6, 0xff, 0x10, 0x0, 0xff, 0x80, 0x0,
    0xbf, 0xc0, 0x0, 0xa, 0xfd, 0x0, 0xf, 0xf6,
    0x0, 0x0, 0x4f, 0xf2, 0x5, 0xff, 0x10, 0x0,
    0x0, 0xef, 0x70, 0xaf, 0xc0, 0x0, 0x0, 0x9,
    0xfc, 0xe, 0xf6, 0x0, 0x0, 0x0, 0x4f, 0xf5,
    0xff, 0x10, 0x0, 0x0, 0x0, 0xef, 0xef, 0xc0,
    0x0, 0x0, 0x0, 0x9, 0xff, 0xf7, 0x0, 0x0,
    0x0, 0x0, 0x4f, 0xff, 0x10, 0x0, 0x0, 0x0,
    0x0, 0x7f, 0xc0, 0x0, 0x0, 0x0, 0x1, 0x3e,
    0xf7, 0x0, 0x0, 0x0, 0x9, 0xff, 0xff, 0x10,
    0x0, 0x0, 0x0, 0x9f, 0xfc, 0x40, 0x0, 0x0,
    0x0,

    /* U+00FE "þ" */
    0x4f, 0xf3, 0x0, 0x0, 0x0, 0x0, 0x4f, 0xf3,
    0x0, 0x0, 0x0, 0x0, 0x4f, 0xf3, 0x0, 0x0,
    0x0, 0x0, 0x4f, 0xf3, 0x0, 0x0, 0x0, 0x0,
    0x4f, 0xf3, 0x7d, 0xfe, 0xa2, 0x0, 0x4f, 0xfc,
    0xff, 0xff, 0xff, 0x30, 0x4f, 0xff, 0xc5, 0x48,
    0xff, 0xe0, 0x4f, 0xfc, 0x0, 0x0, 0x6f, 0xf6,
    0x4f, 0xf5, 0x0, 0x0, 0xe, 0xfb, 0x4f, 0xf1,
    0x0, 0x0, 0xa, 0xfd, 0x4f, 0xf0, 0x0, 0x0,
    0x9, 0xfe, 0x4f, 0xf1, 0x0, 0x0, 0xa, 0xfd,
    0x4f, 0xf5, 0x0, 0x0, 0xe, 0xfb, 0x4f, 0xfd,
    0x0, 0x0, 0x6f, 0xf6, 0x4f, 0xff, 0xc6, 0x59,
    0xff, 0xe0, 0x4f, 0xfc, 0xff, 0xff, 0xff, 0x40,
    0x4f, 0xf3, 0x7d, 0xfe, 0xa2, 0x0, 0x4f, 0xf3,
    0x0, 0x0, 0x0, 0x0, 0x4f, 0xf3, 0x0, 0x0,
    0x0, 0x0, 0x4f, 0xf3, 0x0, 0x0, 0x0, 0x0,
    0x4f, 0xf3, 0x0, 0x0, 0x0, 0x0,

    /* U+00FF "ÿ" */
    0x0, 0xf, 0xf7, 0xb, 0xfc, 0x0, 0x0, 0x0,
    0xff, 0x70, 0xbf, 0xc0, 0x0, 0x0, 0x8, 0x83,
    0x5, 0x86, 0x0, 0x0, 0x0, 0x0, 0x0, 0x0,
    0x0, 0x0, 0x5f, 0xf3, 0x0, 0x0, 0x8, 0xff,
    0x10, 0xff, 0x80, 0x0, 0x0, 0xdf, 0xb0, 0xa,
    0xfd, 0x0, 0x0, 0x1f, 0xf6, 0x0, 0x4f, 0xf3,
    0x0, 0x6, 0xff, 0x10, 0x0, 0xff, 0x80, 0x0,
    0xbf, 0xc0, 0x0, 0xa, 0xfd, 0x0, 0xf, 0xf6,
    0x0, 0x0, 0x4f, 0xf2, 0x5, 0xff, 0x10, 0x0,
    0x0, 0xef, 0x70, 0xaf, 0xc0, 0x0, 0x0, 0x9,
    0xfc, 0xe, 0xf6, 0x0, 0x0, 0x0, 0x4f, 0xf5,
    0xff, 0x10, 0x0, 0x0, 0x0, 0xef, 0xef, 0xc0,
    0x0, 0x0, 0x0, 0x9, 0xff, 0xf7, 0x0, 0x0,
    0x0, 0x0, 0x4f, 0xff, 0x10, 0x0, 0x0, 0x0,
    0x0, 0x7f, 0xc0, 0x0, 0x0, 0x0, 0x1, 0x3e,
    0xf7, 0x0, 0x0, 0x0, 0x9, 0xff, 0xff, 0x10,
    0x0, 0x0, 0x0, 0x9f, 0xfc, 0x40, 0x0, 0x0,
    0x0,

    /* U+0100 "Ā" */
    0x0, 0x0, 0x0, 0x0, 0x0, 0x0, 0x0, 0x0,
    0x0, 0x0, 0x4f, 0xff, 0xff, 0xf2, 0x0, 0x0,
    0x0, 0x0, 0x4f, 0xff, 0xff, 0xf2, 0x0, 0x0,
    0x0, 0x0, 0x0, 0x0, 0x0, 0x0, 0x0, 0x0,
    0x0, 0x0, 0x0, 0x0, 0x0, 0x0, 0x0, 0x0,
    0x0, 0x0, 0x0, 0xdf, 0xfa, 0x0, 0x0, 0x0,
    0x0, 0x0, 0x2, 0xff, 0xff, 0x0, 0x0, 0x0,
    0x0, 0x0, 0x8, 0xfe, 0xff, 0x50, 0x0, 0x0,
    0x0, 0x0, 0xd, 0xf8, 0xbf, 0xb0, 0x0, 0x0,
    0x0, 0x0, 0x3f, 0xf3, 0x6f, 0xf1, 0x0, 0x0,
    0x0, 0x0, 0x9f, 0xd0, 0x1f, 0xf6, 0x0, 0x0,
    0x0, 0x0, 0xef, 0x80, 0xb, 0xfc, 0x0, 0x0,
    0x0, 0x4, 0xff, 0x30, 0x5, 0xff, 0x10, 0x0,
    0x0, 0x9, 0xfd, 0x0, 0x0, 0xff, 0x70, 0x0,
    0x0, 0xe, 0xf8, 0x0, 0x0, 0xaf, 0xc0, 0x0,
    0x0, 0x4f, 0xff, 0xff, 0xff, 0xff, 0xf2, 0x0,
    0x0, 0xaf, 0xff, 0xff, 0xff, 0xff, 0xf7, 0x0,
    0x0, 0xff, 0xa5, 0x55, 0x55, 0x5c, 0xfd, 0x0,
    0x5, 0xff, 0x30, 0x0, 0x0, 0x6, 0xff, 0x20,
    0xa, 0xfe, 0x0, 0x0, 0x0, 0x1, 0xff, 0x80,
    0xf, 0xf9, 0x0, 0x0, 0x0, 0x0, 0xbf, 0xd0,
    0x6f, 0xf4, 0x0, 0x0, 0x0, 0x0, 0x6f, 0xf3,

    /* U+0101 "ā" */
    0x0, 0xa, 0xff, 0xff, 0xfb, 0x0, 0x0, 0x0,
    0xaf, 0xff, 0xff, 0xb0, 0x0, 0x0, 0x0, 0x0,
    0x0, 0x0, 0x0, 0x0, 0x0, 0x0, 0x0, 0x0,
    0x0, 0x0, 0x0, 0x4, 0xbe, 0xfe, 0xa3, 0x0,
    0x0, 0x8, 0xff, 0xff, 0xff, 0xf5, 0x0, 0x3,
    0xff, 0xc4, 0x35, 0xef, 0xe0, 0x0, 0xaf, 0xe0,
    0x0, 0x3, 0xff, 0x50, 0x1, 0x21, 0x0, 0x0,
    0xf, 0xf7, 0x0, 0x0, 0x1, 0x48, 0xbe, 0xff,
    0x80, 0x0, 0x4c, 0xff, 0xff, 0xff, 0xf8, 0x0,
    0x5f, 0xfd, 0x85, 0x20, 0xef, 0x80, 0xd, 0xfc,
    0x0, 0x0, 0xf, 0xf8, 0x0, 0xff, 0x80, 0x0,
    0x7, 0xff, 0x80, 0xe, 0xfe, 0x30, 0x18, 0xff,
    0xfb, 0x20, 0x7f, 0xff, 0xff, 0xfb, 0x9f, 0xf9,
    0x0, 0x5c, 0xef, 0xd7, 0x1, 0xbf, 0x80,

    /* U+0102 "Ă" */
    0x0, 0x0, 0x5f, 0x30, 0x6, 0xf2, 0x0, 0x0,
    0x0, 0x0, 0x1f, 0xb1, 0x2d, 0xe0, 0x0, 0x0,
    0x0, 0x0, 0x8, 0xff, 0xff, 0x50, 0x0, 0x0,
    0x0, 0x0, 0x0, 0x49, 0x83, 0x0, 0x0, 0x0,
    0x0, 0x0, 0x0, 0x0, 0x0, 0x0, 0x0, 0x0,
    0x0, 0x0, 0x0, 0xdf, 0xfa, 0x0, 0x0, 0x0,
    0x0, 0x0, 0x2, 0xff, 0xff, 0x0, 0x0, 0x0,
    0x0, 0x0, 0x8, 0xfe, 0xff, 0x50, 0x0, 0x0,
    0x0, 0x0, 0xd, 0xf8, 0xbf, 0xb0, 0x0, 0x0,
    0x0, 0x0, 0x3f, 0xf3, 0x6f, 0xf1, 0x0, 0x0,
    0x0, 0x0, 0x9f, 0xd0, 0x1f, 0xf6, 0x0, 0x0,
    0x0, 0x0, 0xef, 0x80, 0xb, 0xfc, 0x0, 0x0,
    0x0, 0x4, 0xff, 0x30, 0x5, 0xff, 0x10, 0x0,
    0x0, 0x9, 0xfd, 0x0, 0x0, 0xff, 0x70, 0x0,
    0x0, 0xe, 0xf8, 0x0, 0x0, 0xaf, 0xc0, 0x0,
    0x0, 0x4f, 0xff, 0xff, 0xff, 0xff, 0xf2, 0x0,
    0x0, 0xaf, 0xff, 0xff, 0xff, 0xff, 0xf7, 0x0,
    0x0, 0xff, 0xa5, 0x55, 0x55, 0x5c, 0xfd, 0x0,
    0x5, 0xff, 0x30, 0x0, 0x0, 0x6, 0xff, 0x20,
    0xa, 0xfe, 0x0, 0x0, 0x0, 0x1, 0xff, 0x80,
    0xf, 0xf9, 0x0, 0x0, 0x0, 0x0, 0xbf, 0xd0,
    0x6f, 0xf4, 0x0, 0x0, 0x0, 0x0, 0x6f, 0xf3,

    /* U+0103 "ă" */
    0x0, 0x8, 0x90, 0x0, 0x99, 0x0, 0x0, 0x0,
    0x8f, 0x50, 0x4f, 0x90, 0x0, 0x0, 0x1, 0xef,
    0xff, 0xe1, 0x0, 0x0, 0x0, 0x0, 0x79, 0x71,
    0x0, 0x0, 0x0, 0x0, 0x0, 0x0, 0x0, 0x0,
    0x0, 0x0, 0x4b, 0xef, 0xea, 0x30, 0x0, 0x0,
    0x8f, 0xff, 0xff, 0xff, 0x50, 0x0, 0x4f, 0xfb,
    0x43, 0x5d, 0xfe, 0x0, 0xb, 0xfe, 0x0, 0x0,
    0x3f, 0xf5, 0x0, 0x0, 0x0, 0x0, 0x0, 0xff,
    0x70, 0x0, 0x0, 0x36, 0x9d, 0xff, 0xf8, 0x0,
    0x6, 0xef, 0xff, 0xfe, 0xff, 0x80, 0x6, 0xff,
    0xc7, 0x41, 0xe, 0xf8, 0x0, 0xdf, 0xb0, 0x0,
    0x1, 0xff, 0x80, 0xf, 0xf8, 0x0, 0x0, 0x7f,
    0xf8, 0x0, 0xef, 0xe3, 0x2, 0x8f, 0xff, 0xb2,
    0x6, 0xff, 0xff, 0xff, 0xb9, 0xff, 0x90, 0x4,
    0xbe, 0xfd, 0x70, 0x1b, 0xf8,

    /* U+0104 "Ą" */
    0x0, 0x0, 0x0, 0xdf, 0xfa, 0x0, 0x0, 0x0,
    0x0, 0x0, 0x0, 0x2f, 0xff, 0xf0, 0x0, 0x0,
    0x0, 0x0, 0x0, 0x8, 0xfe, 0xff, 0x50, 0x0,
    0x0, 0x0, 0x0, 0x0, 0xdf, 0x8b, 0xfb, 0x0,
    0x0, 0x0, 0x0, 0x0, 0x3f, 0xf3, 0x6f, 0xf1,
    0x0, 0x0, 0x0, 0x0, 0x9, 0xfd, 0x1, 0xff,
    0x60, 0x0, 0x0, 0x0, 0x0, 0xef, 0x80, 0xb,
    0xfc, 0x0, 0x0, 0x0, 0x0, 0x4f, 0xf3, 0x0,
    0x5f, 0xf1, 0x0, 0x0, 0x0, 0x9, 0xfd, 0x0,
    0x0, 0xff, 0x70, 0x0, 0x0, 0x0, 0xef, 0x80,
    0x0, 0xa, 0xfc, 0x0, 0x0, 0x0, 0x4f, 0xff,
    0xff, 0xff, 0xff, 0xf2, 0x0, 0x0, 0xa, 0xff,
    0xff, 0xff, 0xff, 0xff, 0x70, 0x0, 0x0, 0xff,
    0xa5, 0x55, 0x55, 0x5c, 0xfd, 0x0, 0x0, 0x5f,
    0xf3, 0x0, 0x0, 0x0, 0x6f, 0xf2, 0x0, 0xa,
    0xfe, 0x0, 0x0, 0x0, 0x1, 0xff, 0x80, 0x0,
    0xff, 0x90, 0x0, 0x0, 0x0, 0xb, 0xfd, 0x0,
    0x6f, 0xf4, 0x0, 0x0, 0x0, 0x0, 0x6f, 0xf3,
    0x0, 0x0, 0x0, 0x0, 0x0, 0x0, 0x1, 0xee,
    0x10, 0x0, 0x0, 0x0, 0x0, 0x0, 0x0, 0x9f,
    0x50, 0x0, 0x0, 0x0, 0x0, 0x0, 0x0, 0x1f,
    0xf0, 0x0, 0x0, 0x0, 0x0, 0x0, 0x0, 0x2,
    0xff, 0xdc, 0x0, 0x0, 0x0, 0x0, 0x0, 0x0,
    0x8, 0xef, 0xb0,

    /* U+0105 "ą" */
    0x0, 0x4, 0xbe, 0xfe, 0xa3, 0x0, 0x0, 0x0,
    0x8f, 0xff, 0xff, 0xff, 0x50, 0x0, 0x3, 0xff,
    0xc4, 0x35, 0xef, 0xe0, 0x0, 0xa, 0xfe, 0x0,
    0x0, 0x3f, 0xf5, 0x0, 0x1, 0x21, 0x0, 0x0,
    0xf, 0xf7, 0x0, 0x0, 0x0, 0x14, 0x8b, 0xef,
    0xf8, 0x0, 0x0, 0x4c, 0xff, 0xff, 0xff, 0xf8,
    0x0, 0x5, 0xff, 0xd8, 0x52, 0xe, 0xf8, 0x0,
    0xd, 0xfc, 0x0, 0x0, 0xf, 0xf8, 0x0, 0xf,
    0xf8, 0x0, 0x0, 0x7f, 0xf8, 0x0, 0xe, 0xfe,
    0x30, 0x18, 0xff, 0xfb, 0x20, 0x7, 0xff, 0xff,
    0xff, 0xb9, 0xff, 0x90, 0x0, 0x5c, 0xef, 0xd7,
    0x1, 0xff, 0xb0, 0x0, 0x0, 0x0, 0x0, 0x0,
    0xdf, 0x10, 0x0, 0x0, 0x0, 0x0, 0x8, 0xf6,
    0x0, 0x0, 0x0, 0x0, 0x0, 0xe, 0xf3, 0x20,
    0x0, 0x0, 0x0, 0x0, 0xd, 0xff, 0xf2, 0x0,
    0x0, 0x0, 0x0, 0x3, 0xac, 0x92,

    /* U+0106 "Ć" */
    0x0, 0x0, 0x0, 0x6, 0xfe, 0x10, 0x0, 0x0,
    0x0, 0x0, 0x0, 0xdf, 0x60, 0x0, 0x0, 0x0,
    0x0, 0x0, 0x5f, 0xb0, 0x0, 0x0, 0x0, 0x0,
    0x0, 0x1, 0x31, 0x0, 0x0, 0x0, 0x0, 0x0,
    0x0, 0x0, 0x0, 0x0, 0x0, 0x0, 0x0, 0x6,
    0xce, 0xfe, 0xc7, 0x0, 0x0, 0x0, 0x2d, 0xff,
    0xff, 0xff, 0xfe, 0x30, 0x0, 0x1e, 0xff, 0xd7,
    0x68, 0xcf, 0xfe, 0x10, 0xb, 0xff, 0x70, 0x0,
    0x0, 0x7f, 0xf9, 0x3, 0xff, 0xa0, 0x0, 0x0,
    0x0, 0xbf, 0xf0, 0x8f, 0xf2, 0x0, 0x0, 0x0,
    0x4, 0xdd, 0x3c, 0xfd, 0x0, 0x0, 0x0, 0x0,
    0x0, 0x0, 0xef, 0xa0, 0x0, 0x0, 0x0, 0x0,
    0x0, 0xf, 0xf9, 0x0, 0x0, 0x0, 0x0, 0x0,
    0x0, 0xef, 0xa0, 0x0, 0x0, 0x0, 0x0, 0x0,
    0xc, 0xfc, 0x0, 0x0, 0x0, 0x0, 0x2, 0x21,
    0x9f, 0xf1, 0x0, 0x0, 0x0, 0x4, 0xff, 0x53,
    0xff, 0x90, 0x0, 0x0, 0x0, 0xaf, 0xf1, 0xc,
    0xff, 0x70, 0x0, 0x0, 0x6f, 0xf9, 0x0, 0x2f,
    0xff, 0xc7, 0x68, 0xcf, 0xfe, 0x10, 0x0, 0x2d,
    0xff, 0xff, 0xff, 0xfd, 0x20, 0x0, 0x0, 0x6,
    0xce, 0xfe, 0xb6, 0x0, 0x0,

    /* U+0107 "ć" */
    0x0, 0x0, 0x0, 0x1f, 0xf5, 0x0, 0x0, 0x0,
    0x0, 0x8, 0xfb, 0x0, 0x0, 0x0, 0x0, 0x0,
    0xff, 0x10, 0x0, 0x0, 0x0, 0x0, 0x3, 0x20,
    0x0, 0x0, 0x0, 0x1, 0x8d, 0xfe, 0xb5, 0x0,
    0x0, 0x3, 0xef, 0xff, 0xff, 0xfb, 0x0, 0x0,
    0xef, 0xf7, 0x35, 0xbf, 0xf8, 0x0, 0x7f, 0xf5,
    0x0, 0x0, 0xcf, 0xe0, 0xc, 0xfd, 0x0, 0x0,
    0x4, 0x99, 0x10, 0xff, 0x90, 0x0, 0x0, 0x0,
    0x0, 0xf, 0xf8, 0x0, 0x0, 0x0, 0x0, 0x0,
    0xff, 0x90, 0x0, 0x0, 0x0, 0x0, 0xc, 0xfd,
    0x0, 0x0, 0x5, 0xcc, 0x10, 0x7f, 0xf4, 0x0,
    0x0, 0xcf, 0xe0, 0x1, 0xef, 0xf7, 0x34, 0xbf,
    0xf6, 0x0, 0x3, 0xef, 0xff, 0xff, 0xf9, 0x0,
    0x0, 0x1, 0x8d, 0xfe, 0xb5, 0x0, 0x0,

    /* U+0108 "Ĉ" */
    0x0, 0x0, 0x3, 0xff, 0xe1, 0x0, 0x0, 0x0,
    0x0, 0x0, 0xde, 0x3f, 0xc0, 0x0, 0x0, 0x0,
    0x0, 0x9f, 0x40, 0x6f, 0x70, 0x0, 0x0, 0x0,
    0x0, 0x0, 0x0, 0x0, 0x0, 0x0, 0x0, 0x0,
    0x0, 0x0, 0x0, 0x0, 0x0, 0x0, 0x0, 0x6,
    0xce, 0xfe, 0xc7, 0x0, 0x0, 0x0, 0x2d, 0xff,
    0xff, 0xff, 0xfe, 0x30, 0x0, 0x1e, 0xff, 0xd7,
    0x68, 0xcf, 0xfe, 0x10, 0xb, 0xff, 0x70, 0x0,
    0x0, 0x7f, 0xf9, 0x3, 0xff, 0xa0, 0x0, 0x0,
    0x0, 0xbf, 0xf0, 0x8f, 0xf2, 0x0, 0x0, 0x0,
    0x4, 0xdd, 0x3c, 0xfd, 0x0, 0x0, 0x0, 0x0,
    0x0, 0x0, 0xef, 0xa0, 0x0, 0x0, 0x0, 0x0,
    0x0, 0xf, 0xf9, 0x0, 0x0, 0x0, 0x0, 0x0,
    0x0, 0xef, 0xa0, 0x0, 0x0, 0x0, 0x0, 0x0,
    0xc, 0xfc, 0x0, 0x0, 0x0, 0x0, 0x2, 0x21,
    0x9f, 0xf1, 0x0, 0x0, 0x0, 0x4, 0xff, 0x53,
    0xff, 0x90, 0x0, 0x0, 0x0, 0xaf, 0xf1, 0xc,
    0xff, 0x70, 0x0, 0x0, 0x6f, 0xf9, 0x0, 0x2f,
    0xff, 0xc7, 0x68, 0xcf, 0xfe, 0x10, 0x0, 0x2d,
    0xff, 0xff, 0xff, 0xfd, 0x20, 0x0, 0x0, 0x6,
    0xce, 0xfe, 0xb6, 0x0, 0x0,

    /* U+0109 "ĉ" */
    0x0, 0x0, 0xc, 0xff, 0x50, 0x0, 0x0, 0x0,
    0x5, 0xfd, 0xfd, 0x0, 0x0, 0x0, 0x0, 0xee,
    0x17, 0xf7, 0x0, 0x0, 0x0, 0x4a, 0x50, 0x9,
    0x90, 0x0, 0x0, 0x0, 0x0, 0x0, 0x0, 0x0,
    0x0, 0x0, 0x18, 0xdf, 0xeb, 0x50, 0x0, 0x0,
    0x3e, 0xff, 0xff, 0xff, 0xb0, 0x0, 0xe, 0xff,
    0x73, 0x5b, 0xff, 0x80, 0x7, 0xff, 0x50, 0x0,
    0xc, 0xfe, 0x0, 0xcf, 0xd0, 0x0, 0x0, 0x49,
    0x91, 0xf, 0xf9, 0x0, 0x0, 0x0, 0x0, 0x0,
    0xff, 0x80, 0x0, 0x0, 0x0, 0x0, 0xf, 0xf9,
    0x0, 0x0, 0x0, 0x0, 0x0, 0xcf, 0xd0, 0x0,
    0x0, 0x5c, 0xc1, 0x7, 0xff, 0x40, 0x0, 0xc,
    0xfe, 0x0, 0x1e, 0xff, 0x73, 0x4b, 0xff, 0x60,
    0x0, 0x3e, 0xff, 0xff, 0xff, 0x90, 0x0, 0x0,
    0x18, 0xdf, 0xeb, 0x50, 0x0,

    /* U+010A "Ċ" */
    0x0, 0x0, 0x0, 0x78, 0x50, 0x0, 0x0, 0x0,
    0x0, 0x0, 0xd, 0xfb, 0x0, 0x0, 0x0, 0x0,
    0x0, 0x0, 0xdf, 0xb0, 0x0, 0x0, 0x0, 0x0,
    0x0, 0x0, 0x0, 0x0, 0x0, 0x0, 0x0, 0x0,
    0x0, 0x0, 0x0, 0x0, 0x0, 0x0, 0x0, 0x6,
    0xce, 0xfe, 0xc7, 0x0, 0x0, 0x0, 0x2d, 0xff,
    0xff, 0xff, 0xfe, 0x30, 0x0, 0x1e, 0xff, 0xd7,
    0x68, 0xcf, 0xfe, 0x10, 0xb, 0xff, 0x70, 0x0,
    0x0, 0x7f, 0xf9, 0x3, 0xff, 0xa0, 0x0, 0x0,
    0x0, 0xbf, 0xf0, 0x8f, 0xf2, 0x0, 0x0, 0x0,
    0x4, 0xdd, 0x3c, 0xfd, 0x0, 0x0, 0x0, 0x0,
    0x0, 0x0, 0xef, 0xa0, 0x0, 0x0, 0x0, 0x0,
    0x0, 0xf, 0xf9, 0x0, 0x0, 0x0, 0x0, 0x0,
    0x0, 0xef, 0xa0, 0x0, 0x0, 0x0, 0x0, 0x0,
    0xc, 0xfc, 0x0, 0x0, 0x0, 0x0, 0x2, 0x21,
    0x9f, 0xf1, 0x0, 0x0, 0x0, 0x4, 0xff, 0x53,
    0xff, 0x90, 0x0, 0x0, 0x0, 0xaf, 0xf1, 0xc,
    0xff, 0x70, 0x0, 0x0, 0x6f, 0xf9, 0x0, 0x2f,
    0xff, 0xc7, 0x68, 0xcf, 0xfe, 0x10, 0x0, 0x2d,
    0xff, 0xff, 0xff, 0xfd, 0x20, 0x0, 0x0, 0x6,
    0xce, 0xfe, 0xb6, 0x0, 0x0,

    /* U+010B "ċ" */
    0x0, 0x0, 0x7, 0xff, 0x0, 0x0, 0x0, 0x0,
    0x0, 0x7f, 0xf0, 0x0, 0x0, 0x0, 0x0, 0x4,
    0x88, 0x0, 0x0, 0x0, 0x0, 0x0, 0x0, 0x0,
    0x0, 0x0, 0x0, 0x1, 0x8d, 0xfe, 0xb5, 0x0,
    0x0, 0x3, 0xef, 0xff, 0xff, 0xfb, 0x0, 0x0,
    0xef, 0xf7, 0x35, 0xbf, 0xf8, 0x0, 0x7f, 0xf5,
    0x0, 0x0, 0xcf, 0xe0, 0xc, 0xfd, 0x0, 0x0,
    0x4, 0x99, 0x10, 0xff, 0x90, 0x0, 0x0, 0x0,
    0x0, 0xf, 0xf8, 0x0, 0x0, 0x0, 0x0, 0x0,
    0xff, 0x90, 0x0, 0x0, 0x0, 0x0, 0xc, 0xfd,
    0x0, 0x0, 0x5, 0xcc, 0x10, 0x7f, 0xf4, 0x0,
    0x0, 0xcf, 0xe0, 0x1, 0xef, 0xf7, 0x34, 0xbf,
    0xf6, 0x0, 0x3, 0xef, 0xff, 0xff, 0xf9, 0x0,
    0x0, 0x1, 0x8d, 0xfe, 0xb5, 0x0, 0x0,

    /* U+010C "Č" */
    0x0, 0x0, 0x9f, 0x40, 0x6f, 0x70, 0x0, 0x0,
    0x0, 0x0, 0xde, 0x3f, 0xc0, 0x0, 0x0, 0x0,
    0x0, 0x3, 0xff, 0xf1, 0x0, 0x0, 0x0, 0x0,
    0x0, 0x0, 0x0, 0x0, 0x0, 0x0, 0x0, 0x0,
    0x0, 0x0, 0x0, 0x0, 0x0, 0x0, 0x0, 0x6,
    0xce, 0xfe, 0xc7, 0x0, 0x0, 0x0, 0x2d, 0xff,
    0xff, 0xff, 0xfe, 0x30, 0x0, 0x1e, 0xff, 0xd7,
    0x68, 0xcf, 0xfe, 0x10, 0xb, 0xff, 0x70, 0x0,
    0x0, 0x7f, 0xf9, 0x3, 0xff, 0xa0, 0x0, 0x0,
    0x0, 0xbf, 0xf0, 0x8f, 0xf2, 0x0, 0x0, 0x0,
    0x4, 0xdd, 0x3c, 0xfd, 0x0, 0x0, 0x0, 0x0,
    0x0, 0x0, 0xef, 0xa0, 0x0, 0x0, 0x0, 0x0,
    0x0, 0xf, 0xf9, 0x0, 0x0, 0x0, 0x0, 0x0,
    0x0, 0xef, 0xa0, 0x0, 0x0, 0x0, 0x0, 0x0,
    0xc, 0xfc, 0x0, 0x0, 0x0, 0x0, 0x2, 0x21,
    0x9f, 0xf1, 0x0, 0x0, 0x0, 0x4, 0xff, 0x53,
    0xff, 0x90, 0x0, 0x0, 0x0, 0xaf, 0xf1, 0xc,
    0xff, 0x70, 0x0, 0x0, 0x6f, 0xf9, 0x0, 0x2f,
    0xff, 0xc7, 0x68, 0xcf, 0xfe, 0x10, 0x0, 0x2d,
    0xff, 0xff, 0xff, 0xfd, 0x20, 0x0, 0x0, 0x6,
    0xce, 0xfe, 0xb6, 0x0, 0x0,

    /* U+010D "č" */
    0x0, 0x5, 0xf9, 0x1, 0xfd, 0x0, 0x0, 0x0,
    0xc, 0xf3, 0xbf, 0x40, 0x0, 0x0, 0x0, 0x2f,
    0xff, 0xb0, 0x0, 0x0, 0x0, 0x0, 0x7a, 0xa2,
    0x0, 0x0, 0x0, 0x0, 0x0, 0x0, 0x0, 0x0,
    0x0, 0x0, 0x18, 0xdf, 0xec, 0x60, 0x0, 0x0,
    0x3e, 0xff, 0xff, 0xff, 0xc0, 0x0, 0xe, 0xff,
    0x73, 0x4a, 0xff, 0x90, 0x7, 0xff, 0x50, 0x0,
    0xa, 0xff, 0x0, 0xcf, 0xd0, 0x0, 0x0, 0x14,
    0x40, 0xf, 0xf9, 0x0, 0x0, 0x0, 0x0, 0x0,
    0xff, 0x80, 0x0, 0x0, 0x0, 0x0, 0xf, 0xf9,
    0x0, 0x0, 0x0, 0x0, 0x0, 0xcf, 0xd0, 0x0,
    0x0, 0x6f, 0xf1, 0x7, 0xff, 0x40, 0x0, 0xc,
    0xfd, 0x0, 0x1e, 0xff, 0x73, 0x4b, 0xff, 0x50,
    0x0, 0x3e, 0xff, 0xff, 0xff, 0x80, 0x0, 0x0,
    0x18, 0xdf, 0xeb, 0x40, 0x0,

    /* U+010E "Ď" */
    0x0, 0x9, 0xf4, 0x6, 0xf8, 0x0, 0x0, 0x0,
    0x0, 0x1e, 0xe3, 0xfe, 0x0, 0x0, 0x0, 0x0,
    0x0, 0x6f, 0xff, 0x50, 0x0, 0x0, 0x0, 0x0,
    0x0, 0x78, 0x60, 0x0, 0x0, 0x0, 0x0, 0x0,
    0x0, 0x0, 0x0, 0x0, 0x0, 0x0, 0xff, 0xff,
    0xff, 0xeb, 0x70, 0x0, 0x0, 0xf, 0xff, 0xff,
    0xff, 0xff, 0xe5, 0x0, 0x0, 0xff, 0xa6, 0x66,
    0x7c, 0xff, 0xf5, 0x0, 0xf, 0xf7, 0x0, 0x0,
    0x4, 0xef, 0xf1, 0x0, 0xff, 0x70, 0x0, 0x0,
    0x5, 0xff, 0x80, 0xf, 0xf7, 0x0, 0x0, 0x0,
    0xd, 0xfd, 0x0, 0xff, 0x70, 0x0, 0x0, 0x0,
    0x9f, 0xf0, 0xf, 0xf7, 0x0, 0x0, 0x0, 0x7,
    0xff, 0x20, 0xff, 0x70, 0x0, 0x0, 0x0, 0x6f,
    0xf2, 0xf, 0xf7, 0x0, 0x0, 0x0, 0x6, 0xff,
    0x20, 0xff, 0x70, 0x0, 0x0, 0x0, 0x9f, 0xf0,
    0xf, 0xf7, 0x0, 0x0, 0x0, 0xd, 0xfd, 0x0,
    0xff, 0x70, 0x0, 0x0, 0x4, 0xff, 0x80, 0xf,
    0xf7, 0x0, 0x0, 0x3, 0xef, 0xf1, 0x0, 0xff,
    0xa5, 0x56, 0x7b, 0xff, 0xf5, 0x0, 0xf, 0xff,
    0xff, 0xff, 0xff, 0xf5, 0x0, 0x0, 0xff, 0xff,
    0xff, 0xec, 0x71, 0x0, 0x0,

    /* U+010F "ď" */
    0x0, 0x0, 0x0, 0x0, 0x2, 0xff, 0x40, 0xff,
    0x40, 0x0, 0x0, 0x0, 0x0, 0x2f, 0xf4, 0x1f,
    0xf1, 0x0, 0x0, 0x0, 0x0, 0x2, 0xff, 0x43,
    0xfe, 0x0, 0x0, 0x0, 0x0, 0x0, 0x2f, 0xf4,
    0x4f, 0xa0, 0x0, 0x3, 0xbe, 0xfc, 0x42, 0xff,
    0x46, 0xf7, 0x0, 0x6, 0xff, 0xff, 0xff, 0x9f,
    0xf4, 0x8f, 0x40, 0x2, 0xff, 0xf7, 0x34, 0xcf,
    0xff, 0x41, 0x20, 0x0, 0x8f, 0xf5, 0x0, 0x0,
    0xdf, 0xf4, 0x0, 0x0, 0xd, 0xfd, 0x0, 0x0,
    0x7, 0xff, 0x40, 0x0, 0x0, 0xff, 0x90, 0x0,
    0x0, 0x4f, 0xf4, 0x0, 0x0, 0xf, 0xf8, 0x0,
    0x0, 0x3, 0xff, 0x40, 0x0, 0x0, 0xff, 0x90,
    0x0, 0x0, 0x4f, 0xf4, 0x0, 0x0, 0xd, 0xfd,
    0x0, 0x0, 0x7, 0xff, 0x40, 0x0, 0x0, 0x8f,
    0xf5, 0x0, 0x0, 0xef, 0xf4, 0x0, 0x0, 0x2,
    0xff, 0xf7, 0x35, 0xcf, 0xff, 0x40, 0x0, 0x0,
    0x6, 0xff, 0xff, 0xff, 0x7f, 0xf4, 0x0, 0x0,
    0x0, 0x4, 0xbe, 0xfc, 0x40, 0xff, 0x40, 0x0,
    0x0,

    /* U+0110 "Đ" */
    0x0, 0xff, 0xff, 0xff, 0xeb, 0x70, 0x0, 0x0,
    0x0, 0xff, 0xff, 0xff, 0xff, 0xfe, 0x50, 0x0,
    0x0, 0xff, 0xa6, 0x66, 0x7c, 0xff, 0xf5, 0x0,
    0x0, 0xff, 0x70, 0x0, 0x0, 0x4e, 0xff, 0x10,
    0x0, 0xff, 0x70, 0x0, 0x0, 0x5, 0xff, 0x80,
    0x0, 0xff, 0x70, 0x0, 0x0, 0x0, 0xdf, 0xd0,
    0x0, 0xff, 0x70, 0x0, 0x0, 0x0, 0x9f, 0xf0,
    0x12, 0xff, 0xa2, 0x22, 0x20, 0x0, 0x7f, 0xf2,
    0xaf, 0xff, 0xff, 0xff, 0xf0, 0x0, 0x6f, 0xf2,
    0xaf, 0xff, 0xff, 0xff, 0xf0, 0x0, 0x6f, 0xf2,
    0x0, 0xff, 0x70, 0x0, 0x0, 0x0, 0x9f, 0xf0,
    0x0, 0xff, 0x70, 0x0, 0x0, 0x0, 0xdf, 0xd0,
    0x0, 0xff, 0x70, 0x0, 0x0, 0x4, 0xff, 0x80,
    0x0, 0xff, 0x70, 0x0, 0x0, 0x3e, 0xff, 0x10,
    0x0, 0xff, 0xa5, 0x56, 0x7b, 0xff, 0xf5, 0x0,
    0x0, 0xff, 0xff, 0xff, 0xff, 0xff, 0x50, 0x0,
    0x0, 0xff, 0xff, 0xff, 0xec, 0x71, 0x0, 0x0,

    /* U+0111 "đ" */
    0x0, 0x0, 0x0, 0x0, 0x2, 0xff, 0x40, 0x0,
    0x0, 0x0, 0x7f, 0xff, 0xff, 0xfc, 0x0, 0x0,
    0x0, 0x6c, 0xcf, 0xff, 0xf9, 0x0, 0x0, 0x0,
    0x0, 0x2, 0xff, 0x40, 0x0, 0x3, 0xbe, 0xfc,
    0x42, 0xff, 0x40, 0x0, 0x6f, 0xff, 0xff, 0xf9,
    0xff, 0x40, 0x2, 0xff, 0xf7, 0x35, 0xcf, 0xff,
    0x40, 0x8, 0xff, 0x50, 0x0, 0xe, 0xff, 0x40,
    0xd, 0xfd, 0x0, 0x0, 0x7, 0xff, 0x40, 0xf,
    0xf9, 0x0, 0x0, 0x4, 0xff, 0x40, 0xf, 0xf8,
    0x0, 0x0, 0x3, 0xff, 0x40, 0xf, 0xf9, 0x0,
    0x0, 0x4, 0xff, 0x40, 0xd, 0xfd, 0x0, 0x0,
    0x7, 0xff, 0x40, 0x8, 0xff, 0x50, 0x0, 0xe,
    0xff, 0x40, 0x2, 0xff, 0xf7, 0x35, 0xcf, 0xff,
    0x40, 0x0, 0x6f, 0xff, 0xff, 0xf7, 0xff, 0x40,
    0x0, 0x4, 0xbe, 0xfc, 0x40, 0xff, 0x40,

    /* U+0112 "Ē" */
    0x0, 0x0, 0x0, 0x0, 0x0, 0x0, 0x0, 0xd,
    0xff, 0xff, 0xf8, 0x0, 0x0, 0xd, 0xff, 0xff,
    0xf8, 0x0, 0x0, 0x0, 0x0, 0x0, 0x0, 0x0,
    0x0, 0x0, 0x0, 0x0, 0x0, 0x0, 0xf, 0xff,
    0xff, 0xff, 0xff, 0xf9, 0xf, 0xff, 0xff, 0xff,
    0xff, 0xf9, 0xf, 0xfa, 0x66, 0x66, 0x66, 0x63,
    0xf, 0xf7, 0x0, 0x0, 0x0, 0x0, 0xf, 0xf7,
    0x0, 0x0, 0x0, 0x0, 0xf, 0xf7, 0x0, 0x0,
    0x0, 0x0, 0xf, 0xf7, 0x0, 0x0, 0x0, 0x0,
    0xf, 0xff, 0xff, 0xff, 0xff, 0xf5, 0xf, 0xff,
    0xff, 0xff, 0xff, 0xf5, 0xf, 0xfa, 0x44, 0x44,
    0x44, 0x41, 0xf, 0xf7, 0x0, 0x0, 0x0, 0x0,
    0xf, 0xf7, 0x0, 0x0, 0x0, 0x0, 0xf, 0xf7,
    0x0, 0x0, 0x0, 0x0, 0xf, 0xf7, 0x0, 0x0,
    0x0, 0x0, 0xf, 0xfa, 0x55, 0x55, 0x55, 0x54,
    0xf, 0xff, 0xff, 0xff, 0xff, 0xfc, 0xf, 0xff,
    0xff, 0xff, 0xff, 0xfc,

    /* U+0113 "ē" */
    0x0, 0x6, 0xff, 0xff, 0xff, 0x0, 0x0, 0x0,
    0x6f, 0xff, 0xff, 0xf0, 0x0, 0x0, 0x0, 0x0,
    0x0, 0x0, 0x0, 0x0, 0x0, 0x0, 0x0, 0x0,
    0x0, 0x0, 0x0, 0x1, 0x8d, 0xfe, 0xb4, 0x0,
    0x0, 0x3, 0xef, 0xff, 0xff, 0xf7, 0x0, 0x0,
    0xef, 0xe6, 0x34, 0xbf, 0xf4, 0x0, 0x7f, 0xf2,
    0x0, 0x0, 0xcf, 0xc0, 0xc, 0xfa, 0x0, 0x0,
    0x6, 0xff, 0x10, 0xff, 0xfe, 0xee, 0xee, 0xff,
    0xf3, 0xf, 0xff, 0xff, 0xff, 0xff, 0xff, 0x40,
    0xff, 0x90, 0x0, 0x0, 0x0, 0x0, 0xc, 0xfc,
    0x0, 0x0, 0x0, 0x11, 0x0, 0x7f, 0xf4, 0x0,
    0x0, 0xbf, 0xd0, 0x1, 0xef, 0xf7, 0x34, 0xaf,
    0xf5, 0x0, 0x3, 0xef, 0xff, 0xff, 0xf8, 0x0,
    0x0, 0x1, 0x8d, 0xff, 0xb5, 0x0, 0x0,

    /* U+0114 "Ĕ" */
    0x0, 0x3, 0x70, 0x0, 0x28, 0x10, 0x0, 0x0,
    0x2, 0xf9, 0x23, 0xce, 0x0, 0x0, 0x0, 0x0,
    0x6f, 0xff, 0xd3, 0x0, 0x0, 0x0, 0x0, 0x0,
    0x33, 0x0, 0x0, 0x0, 0x0, 0x0, 0x0, 0x0,
    0x0, 0x0, 0x0, 0x3f, 0xff, 0xff, 0xff, 0xff,
    0xff, 0xb0, 0x3f, 0xfe, 0xee, 0xee, 0xee, 0xee,
    0xa0, 0x3f, 0xf0, 0x0, 0x0, 0x0, 0x0, 0x0,
    0x3f, 0xf0, 0x0, 0x0, 0x0, 0x0, 0x0, 0x3f,
    0xf0, 0x0, 0x0, 0x0, 0x0, 0x0, 0x3f, 0xf0,
    0x0, 0x0, 0x0, 0x0, 0x0, 0x3f, 0xf0, 0x0,
    0x0, 0x0, 0x0, 0x0, 0x3f, 0xff, 0xff, 0xff,
    0xff, 0xff, 0x10, 0x3f, 0xfe, 0xee, 0xee, 0xee,
    0xee, 0x10, 0x3f, 0xf0, 0x0, 0x0, 0x0, 0x0,
    0x0, 0x3f, 0xf0, 0x0, 0x0, 0x0, 0x0, 0x0,
    0x3f, 0xf0, 0x0, 0x0, 0x0, 0x0, 0x0, 0x3f,
    0xf0, 0x0, 0x0, 0x0, 0x0, 0x0, 0x3f, 0xf0,
    0x0, 0x0, 0x0, 0x0, 0x0, 0x3f, 0xfe, 0xee,
    0xee, 0xee, 0xee, 0xe1, 0x3f, 0xff, 0xff, 0xff,
    0xff, 0xff, 0xf1,

    /* U+0115 "ĕ" */
    0x0, 0x9, 0xe4, 0x13, 0xdb, 0x0, 0x0, 0x1,
    0xbf, 0xff, 0xd2, 0x0, 0x0, 0x0, 0x2, 0x32,
    0x0, 0x0, 0x0, 0x0, 0x0, 0x0, 0x0, 0x0,
    0x0, 0x3, 0xae, 0xfe, 0x92, 0x0, 0x0, 0x6f,
    0xfd, 0xad, 0xff, 0x40, 0x3, 0xff, 0x50, 0x0,
    0x5f, 0xe1, 0xa, 0xf8, 0x0, 0x0, 0x8, 0xf7,
    0xe, 0xf3, 0x0, 0x0, 0x4, 0xfb, 0xf, 0xff,
    0xff, 0xff, 0xff, 0xfd, 0x1f, 0xfa, 0xaa, 0xaa,
    0xaa, 0xa8, 0xf, 0xf2, 0x0, 0x0, 0x0, 0x0,
    0xb, 0xf8, 0x0, 0x0, 0x6, 0xc7, 0x4, 0xff,
    0x50, 0x0, 0x3f, 0xf4, 0x0, 0x7f, 0xfd, 0xac,
    0xff, 0x80, 0x0, 0x3, 0xae, 0xfe, 0xb4, 0x0,

    /* U+0116 "Ė" */
    0x0, 0x0, 0x7, 0x85, 0x0, 0x0, 0x0, 0x0,
    0xe, 0xf9, 0x0, 0x0, 0x0, 0x0, 0xe, 0xf9,
    0x0, 0x0, 0x0, 0x0, 0x0, 0x0, 0x0, 0x0,
    0x0, 0x0, 0x0, 0x0, 0x0, 0x0, 0xf, 0xff,
    0xff, 0xff, 0xff, 0xf9, 0xf, 0xff, 0xff, 0xff,
    0xff, 0xf9, 0xf, 0xfa, 0x66, 0x66, 0x66, 0x63,
    0xf, 0xf7, 0x0, 0x0, 0x0, 0x0, 0xf, 0xf7,
    0x0, 0x0, 0x0, 0x0, 0xf, 0xf7, 0x0, 0x0,
    0x0, 0x0, 0xf, 0xf7, 0x0, 0x0, 0x0, 0x0,
    0xf, 0xff, 0xff, 0xff, 0xff, 0xf5, 0xf, 0xff,
    0xff, 0xff, 0xff, 0xf5, 0xf, 0xfa, 0x44, 0x44,
    0x44, 0x41, 0xf, 0xf7, 0x0, 0x0, 0x0, 0x0,
    0xf, 0xf7, 0x0, 0x0, 0x0, 0x0, 0xf, 0xf7,
    0x0, 0x0, 0x0, 0x0, 0xf, 0xf7, 0x0, 0x0,
    0x0, 0x0, 0xf, 0xfa, 0x55, 0x55, 0x55, 0x54,
    0xf, 0xff, 0xff, 0xff, 0xff, 0xfc, 0xf, 0xff,
    0xff, 0xff, 0xff, 0xfc,

    /* U+0117 "ė" */
    0x0, 0x0, 0x7, 0xff, 0x0, 0x0, 0x0, 0x0,
    0x0, 0x7f, 0xf0, 0x0, 0x0, 0x0, 0x0, 0x4,
    0x88, 0x0, 0x0, 0x0, 0x0, 0x0, 0x0, 0x0,
    0x0, 0x0, 0x0, 0x1, 0x8d, 0xfe, 0xb4, 0x0,
    0x0, 0x3, 0xef, 0xff, 0xff, 0xf7, 0x0, 0x0,
    0xef, 0xe6, 0x34, 0xbf, 0xf4, 0x0, 0x7f, 0xf2,
    0x0, 0x0, 0xcf, 0xc0, 0xc, 0xfa, 0x0, 0x0,
    0x6, 0xff, 0x10, 0xff, 0xfe, 0xee, 0xee, 0xff,
    0xf3, 0xf, 0xff, 0xff, 0xff, 0xff, 0xff, 0x40,
    0xff, 0x90, 0x0, 0x0, 0x0, 0x0, 0xc, 0xfc,
    0x0, 0x0, 0x0, 0x11, 0x0, 0x7f, 0xf4, 0x0,
    0x0, 0xbf, 0xd0, 0x1, 0xef, 0xf7, 0x34, 0xaf,
    0xf5, 0x0, 0x3, 0xef, 0xff, 0xff, 0xf8, 0x0,
    0x0, 0x1, 0x8d, 0xff, 0xb5, 0x0, 0x0,

    /* U+0118 "Ę" */
    0xf, 0xff, 0xff, 0xff, 0xff, 0xf9, 0x0, 0xff,
    0xff, 0xff, 0xff, 0xff, 0x90, 0xf, 0xfa, 0x66,
    0x66, 0x66, 0x63, 0x0, 0xff, 0x70, 0x0, 0x0,
    0x0, 0x0, 0xf, 0xf7, 0x0, 0x0, 0x0, 0x0,
    0x0, 0xff, 0x70, 0x0, 0x0, 0x0, 0x0, 0xf,
    0xf7, 0x0, 0x0, 0x0, 0x0, 0x0, 0xff, 0xff,
    0xff, 0xff, 0xff, 0x50, 0xf, 0xff, 0xff, 0xff,
    0xff, 0xf5, 0x0, 0xff, 0xa4, 0x44, 0x44, 0x44,
    0x10, 0xf, 0xf7, 0x0, 0x0, 0x0, 0x0, 0x0,
    0xff, 0x70, 0x0, 0x0, 0x0, 0x0, 0xf, 0xf7,
    0x0, 0x0, 0x0, 0x0, 0x0, 0xff, 0x70, 0x0,
    0x0, 0x0, 0x0, 0xf, 0xfa, 0x55, 0x55, 0x55,
    0x54, 0x0, 0xff, 0xff, 0xff, 0xff, 0xff, 0xc0,
    0xf, 0xff, 0xff, 0xff, 0xff, 0xfd, 0x0, 0x0,
    0x0, 0x0, 0x0, 0x9f, 0x60, 0x0, 0x0, 0x0,
    0x0, 0x3f, 0xb0, 0x0, 0x0, 0x0, 0x0, 0xa,
    0xf5, 0x0, 0x0, 0x0, 0x0, 0x0, 0xcf, 0xee,
    0x30, 0x0, 0x0, 0x0, 0x4, 0xdf, 0xd4,

    /* U+0119 "ę" */
    0x0, 0x1, 0x8d, 0xfe, 0xb4, 0x0, 0x0, 0x3,
    0xef, 0xff, 0xff, 0xf7, 0x0, 0x0, 0xef, 0xe6,
    0x34, 0xbf, 0xf4, 0x0, 0x7f, 0xf2, 0x0, 0x0,
    0xcf, 0xc0, 0xc, 0xfa, 0x0, 0x0, 0x6, 0xff,
    0x10, 0xff, 0xfe, 0xee, 0xee, 0xff, 0xf3, 0xf,
    0xff, 0xff, 0xff, 0xff, 0xff, 0x40, 0xff, 0x90,
    0x0, 0x0, 0x0, 0x0, 0xc, 0xfc, 0x0, 0x0,
    0x0, 0x11, 0x0, 0x7f, 0xf4, 0x0, 0x0, 0xbf,
    0xd0, 0x1, 0xef, 0xf7, 0x34, 0xaf, 0xf5, 0x0,
    0x3, 0xef, 0xff, 0xff, 0xff, 0x0, 0x0, 0x1,
    0x8d, 0xff, 0xff, 0x10, 0x0, 0x0, 0x0, 0x0,
    0xdf, 0x40, 0x0, 0x0, 0x0, 0x0, 0x6f, 0xa0,
    0x0, 0x0, 0x0, 0x0, 0xa, 0xf8, 0x10, 0x0,
    0x0, 0x0, 0x0, 0x8f, 0xff, 0x60, 0x0, 0x0,
    0x0, 0x0, 0x8c, 0xa4, 0x0,

    /* U+011A "Ě" */
    0x0, 0xb, 0xf2, 0x7, 0xf6, 0x0, 0x0, 0x2,
    0xfd, 0x3f, 0xc0, 0x0, 0x0, 0x0, 0x8f, 0xff,
    0x30, 0x0, 0x0, 0x0, 0x7, 0x86, 0x0, 0x0,
    0x0, 0x0, 0x0, 0x0, 0x0, 0x0, 0xf, 0xff,
    0xff, 0xff, 0xff, 0xf9, 0xf, 0xff, 0xff, 0xff,
    0xff, 0xf9, 0xf, 0xfa, 0x66, 0x66, 0x66, 0x63,
    0xf, 0xf7, 0x0, 0x0, 0x0, 0x0, 0xf, 0xf7,
    0x0, 0x0, 0x0, 0x0, 0xf, 0xf7, 0x0, 0x0,
    0x0, 0x0, 0xf, 0xf7, 0x0, 0x0, 0x0, 0x0,
    0xf, 0xff, 0xff, 0xff, 0xff, 0xf5, 0xf, 0xff,
    0xff, 0xff, 0xff, 0xf5, 0xf, 0xfa, 0x44, 0x44,
    0x44, 0x41, 0xf, 0xf7, 0x0, 0x0, 0x0, 0x0,
    0xf, 0xf7, 0x0, 0x0, 0x0, 0x0, 0xf, 0xf7,
    0x0, 0x0, 0x0, 0x0, 0xf, 0xf7, 0x0, 0x0,
    0x0, 0x0, 0xf, 0xfa, 0x55, 0x55, 0x55, 0x54,
    0xf, 0xff, 0xff, 0xff, 0xff, 0xfc, 0xf, 0xff,
    0xff, 0xff, 0xff, 0xfc,

    /* U+011B "ě" */
    0x0, 0x5, 0xf9, 0x2, 0xfd, 0x0, 0x0, 0x0,
    0xb, 0xf4, 0xcf, 0x30, 0x0, 0x0, 0x0, 0x2f,
    0xff, 0xa0, 0x0, 0x0, 0x0, 0x0, 0x58, 0x81,
    0x0, 0x0, 0x0, 0x0, 0x0, 0x0, 0x0, 0x0,
    0x0, 0x0, 0x18, 0xdf, 0xeb, 0x40, 0x0, 0x0,
    0x3e, 0xff, 0xff, 0xff, 0x70, 0x0, 0xe, 0xfe,
    0x63, 0x4b, 0xff, 0x40, 0x7, 0xff, 0x20, 0x0,
    0xc, 0xfc, 0x0, 0xcf, 0xa0, 0x0, 0x0, 0x6f,
    0xf1, 0xf, 0xff, 0xee, 0xee, 0xef, 0xff, 0x30,
    0xff, 0xff, 0xff, 0xff, 0xff, 0xf4, 0xf, 0xf9,
    0x0, 0x0, 0x0, 0x0, 0x0, 0xcf, 0xc0, 0x0,
    0x0, 0x1, 0x10, 0x7, 0xff, 0x40, 0x0, 0xb,
    0xfd, 0x0, 0x1e, 0xff, 0x73, 0x4a, 0xff, 0x50,
    0x0, 0x3e, 0xff, 0xff, 0xff, 0x80, 0x0, 0x0,
    0x18, 0xdf, 0xfb, 0x50, 0x0,

    /* U+011C "Ĝ" */
    0x0, 0x0, 0x2, 0xff, 0xf2, 0x0, 0x0, 0x0,
    0x0, 0x0, 0xce, 0x3e, 0xc0, 0x0, 0x0, 0x0,
    0x0, 0x8f, 0x50, 0x5f, 0x80, 0x0, 0x0, 0x0,
    0x0, 0x0, 0x0, 0x0, 0x0, 0x0, 0x0, 0x0,
    0x0, 0x0, 0x0, 0x0, 0x0, 0x0, 0x0, 0x6,
    0xce, 0xfe, 0xc6, 0x0, 0x0, 0x0, 0x2d, 0xff,
    0xff, 0xff, 0xfd, 0x20, 0x0, 0x1e, 0xff, 0xc7,
    0x67, 0xbf, 0xfd, 0x10, 0xb, 0xff, 0x70, 0x0,
    0x0, 0x6f, 0xf8, 0x3, 0xff, 0x90, 0x0, 0x0,
    0x0, 0xbf, 0xe0, 0x8f, 0xf1, 0x0, 0x0, 0x0,
    0x2, 0x66, 0x1c, 0xfd, 0x0, 0x0, 0x0, 0x0,
    0x0, 0x0, 0xef, 0xa0, 0x0, 0x0, 0x0, 0x0,
    0x0, 0xf, 0xf9, 0x0, 0x0, 0x7f, 0xff, 0xff,
    0xf4, 0xef, 0xa0, 0x0, 0x7, 0xff, 0xff, 0xff,
    0x4c, 0xfc, 0x0, 0x0, 0x12, 0x22, 0x4f, 0xf4,
    0x9f, 0xf1, 0x0, 0x0, 0x0, 0x5, 0xff, 0x43,
    0xff, 0x80, 0x0, 0x0, 0x0, 0xcf, 0xf4, 0xb,
    0xff, 0x60, 0x0, 0x0, 0x8f, 0xff, 0x40, 0x2e,
    0xff, 0xc7, 0x67, 0xdf, 0xfa, 0xf4, 0x0, 0x2e,
    0xff, 0xff, 0xff, 0xf4, 0x7f, 0x40, 0x0, 0x7,
    0xcf, 0xfe, 0x92, 0x7, 0xf4,

    /* U+011D "ĝ" */
    0x0, 0x0, 0x5, 0x87, 0x10, 0x0, 0x0, 0x0,
    0x3, 0xfd, 0xfa, 0x0, 0x0, 0x0, 0x0, 0xde,
    0x18, 0xf5, 0x0, 0x0, 0x0, 0x4a, 0x40, 0xa,
    0x90, 0x0, 0x0, 0x0, 0x0, 0x0, 0x0, 0x0,
    0x0, 0x0, 0x3b, 0xef, 0xc4, 0x1f, 0xf3, 0x0,
    0x5f, 0xff, 0xff, 0xf7, 0xff, 0x30, 0x2f, 0xfe,
    0x52, 0x4c, 0xff, 0xf3, 0x9, 0xff, 0x30, 0x0,
    0xd, 0xff, 0x30, 0xdf, 0xb0, 0x0, 0x0, 0x6f,
    0xf3, 0xf, 0xf9, 0x0, 0x0, 0x3, 0xff, 0x30,
    0xff, 0x80, 0x0, 0x0, 0x4f, 0xf3, 0xe, 0xfb,
    0x0, 0x0, 0x6, 0xff, 0x30, 0xaf, 0xf1, 0x0,
    0x0, 0xdf, 0xf3, 0x3, 0xff, 0xc3, 0x2, 0xaf,
    0xff, 0x30, 0x7, 0xff, 0xff, 0xff, 0xbf, 0xf3,
    0x0, 0x5, 0xdf, 0xfe, 0x73, 0xff, 0x30, 0x0,
    0x0, 0x1, 0x0, 0x4f, 0xf2, 0x8, 0xfe, 0x10,
    0x0, 0x9, 0xff, 0x0, 0x2f, 0xfc, 0x42, 0x38,
    0xff, 0xa0, 0x0, 0x5f, 0xff, 0xff, 0xff, 0xd1,
    0x0, 0x0, 0x2a, 0xef, 0xec, 0x70, 0x0,

    /* U+011E "Ğ" */
    0x0, 0x0, 0xbd, 0x0, 0xe, 0xb0, 0x0, 0x0,
    0x0, 0x5, 0xfd, 0xad, 0xf5, 0x0, 0x0, 0x0,
    0x0, 0x6, 0xdf, 0xd6, 0x0, 0x0, 0x0, 0x0,
    0x0, 0x0, 0x0, 0x0, 0x0, 0x0, 0x0, 0x0,
    0x0, 0x0, 0x0, 0x0, 0x0, 0x0, 0x0, 0x6,
    0xce, 0xfe, 0xc6, 0x0, 0x0, 0x0, 0x2d, 0xff,
    0xff, 0xff, 0xfd, 0x20, 0x0, 0x1e, 0xff, 0xc7,
    0x67, 0xbf, 0xfd, 0x10, 0xb, 0xff, 0x70, 0x0,
    0x0, 0x6f, 0xf8, 0x3, 0xff, 0x90, 0x0, 0x0,
    0x0, 0xbf, 0xe0, 0x8f, 0xf1, 0x0, 0x0, 0x0,
    0x2, 0x66, 0x1c, 0xfd, 0x0, 0x0, 0x0, 0x0,
    0x0, 0x0, 0xef, 0xa0, 0x0, 0x0, 0x0, 0x0,
    0x0, 0xf, 0xf9, 0x0, 0x0, 0x7f, 0xff, 0xff,
    0xf4, 0xef, 0xa0, 0x0, 0x7, 0xff, 0xff, 0xff,
    0x4c, 0xfc, 0x0, 0x0, 0x12, 0x22, 0x4f, 0xf4,
    0x9f, 0xf1, 0x0, 0x0, 0x0, 0x5, 0xff, 0x43,
    0xff, 0x80, 0x0, 0x0, 0x0, 0xcf, 0xf4, 0xb,
    0xff, 0x60, 0x0, 0x0, 0x8f, 0xff, 0x40, 0x2e,
    0xff, 0xc7, 0x67, 0xdf, 0xfa, 0xf4, 0x0, 0x2e,
    0xff, 0xff, 0xff, 0xf4, 0x7f, 0x40, 0x0, 0x7,
    0xcf, 0xfe, 0x92, 0x7, 0xf4,

    /* U+011F "ğ" */
    0x0, 0x4, 0x70, 0x0, 0x47, 0x0, 0x0, 0x0,
    0x6f, 0x70, 0x2e, 0xd0, 0x0, 0x0, 0x0, 0xcf,
    0xff, 0xf4, 0x0, 0x0, 0x0, 0x0, 0x69, 0x82,
    0x0, 0x0, 0x0, 0x0, 0x0, 0x0, 0x0, 0x0,
    0x0, 0x0, 0x3b, 0xef, 0xc4, 0x1f, 0xf3, 0x0,
    0x5f, 0xff, 0xff, 0xf7, 0xff, 0x30, 0x2f, 0xfe,
    0x52, 0x4c, 0xff, 0xf3, 0x9, 0xff, 0x30, 0x0,
    0xd, 0xff, 0x30, 0xdf, 0xb0, 0x0, 0x0, 0x6f,
    0xf3, 0xf, 0xf9, 0x0, 0x0, 0x3, 0xff, 0x30,
    0xff, 0x80, 0x0, 0x0, 0x4f, 0xf3, 0xe, 0xfb,
    0x0, 0x0, 0x6, 0xff, 0x30, 0xaf, 0xf1, 0x0,
    0x0, 0xdf, 0xf3, 0x3, 0xff, 0xc3, 0x2, 0xaf,
    0xff, 0x30, 0x7, 0xff, 0xff, 0xff, 0xbf, 0xf3,
    0x0, 0x5, 0xdf, 0xfe, 0x73, 0xff, 0x30, 0x0,
    0x0, 0x1, 0x0, 0x4f, 0xf2, 0x8, 0xfe, 0x10,
    0x0, 0x9, 0xff, 0x0, 0x2f, 0xfc, 0x42, 0x38,
    0xff, 0xa0, 0x0, 0x5f, 0xff, 0xff, 0xff, 0xd1,
    0x0, 0x0, 0x2a, 0xef, 0xec, 0x70, 0x0,

    /* U+0120 "Ġ" */
    0x0, 0x0, 0x0, 0x68, 0x60, 0x0, 0x0, 0x0,
    0x0, 0x0, 0xc, 0xfc, 0x0, 0x0, 0x0, 0x0,
    0x0, 0x0, 0xcf, 0xc0, 0x0, 0x0, 0x0, 0x0,
    0x0, 0x0, 0x0, 0x0, 0x0, 0x0, 0x0, 0x0,
    0x0, 0x0, 0x0, 0x0, 0x0, 0x0, 0x0, 0x6,
    0xce, 0xfe, 0xc6, 0x0, 0x0, 0x0, 0x2d, 0xff,
    0xff, 0xff, 0xfd, 0x20, 0x0, 0x1e, 0xff, 0xc7,
    0x67, 0xbf, 0xfd, 0x10, 0xb, 0xff, 0x70, 0x0,
    0x0, 0x6f, 0xf8, 0x3, 0xff, 0x90, 0x0, 0x0,
    0x0, 0xbf, 0xe0, 0x8f, 0xf1, 0x0, 0x0, 0x0,
    0x2, 0x66, 0x1c, 0xfd, 0x0, 0x0, 0x0, 0x0,
    0x0, 0x0, 0xef, 0xa0, 0x0, 0x0, 0x0, 0x0,
    0x0, 0xf, 0xf9, 0x0, 0x0, 0x7f, 0xff, 0xff,
    0xf4, 0xef, 0xa0, 0x0, 0x7, 0xff, 0xff, 0xff,
    0x4c, 0xfc, 0x0, 0x0, 0x12, 0x22, 0x4f, 0xf4,
    0x9f, 0xf1, 0x0, 0x0, 0x0, 0x5, 0xff, 0x43,
    0xff, 0x80, 0x0, 0x0, 0x0, 0xcf, 0xf4, 0xb,
    0xff, 0x60, 0x0, 0x0, 0x8f, 0xff, 0x40, 0x2e,
    0xff, 0xc7, 0x67, 0xdf, 0xfa, 0xf4, 0x0, 0x2e,
    0xff, 0xff, 0xff, 0xf4, 0x7f, 0x40, 0x0, 0x7,
    0xcf, 0xfe, 0x92, 0x7, 0xf4,

    /* U+0121 "ġ" */
    0x0, 0x0, 0x8, 0xff, 0x0, 0x0, 0x0, 0x0,
    0x0, 0x8f, 0xf0, 0x0, 0x0, 0x0, 0x0, 0x4,
    0x88, 0x0, 0x0, 0x0, 0x0, 0x0, 0x0, 0x0,
    0x0, 0x0, 0x0, 0x3, 0xbe, 0xfc, 0x41, 0xff,
    0x30, 0x5, 0xff, 0xff, 0xff, 0x7f, 0xf3, 0x2,
    0xff, 0xe5, 0x24, 0xcf, 0xff, 0x30, 0x9f, 0xf3,
    0x0, 0x0, 0xdf, 0xf3, 0xd, 0xfb, 0x0, 0x0,
    0x6, 0xff, 0x30, 0xff, 0x90, 0x0, 0x0, 0x3f,
    0xf3, 0xf, 0xf8, 0x0, 0x0, 0x4, 0xff, 0x30,
    0xef, 0xb0, 0x0, 0x0, 0x6f, 0xf3, 0xa, 0xff,
    0x10, 0x0, 0xd, 0xff, 0x30, 0x3f, 0xfc, 0x30,
    0x2a, 0xff, 0xf3, 0x0, 0x7f, 0xff, 0xff, 0xfb,
    0xff, 0x30, 0x0, 0x5d, 0xff, 0xe7, 0x3f, 0xf3,
    0x0, 0x0, 0x0, 0x10, 0x4, 0xff, 0x20, 0x8f,
    0xe1, 0x0, 0x0, 0x9f, 0xf0, 0x2, 0xff, 0xc4,
    0x23, 0x8f, 0xfa, 0x0, 0x5, 0xff, 0xff, 0xff,
    0xfd, 0x10, 0x0, 0x2, 0xae, 0xfe, 0xc7, 0x0,
    0x0,

    /* U+0122 "Ģ" */
    0x0, 0x0, 0x6c, 0xef, 0xeb, 0x50, 0x0, 0x0,
    0x2, 0xdf, 0xff, 0xff, 0xff, 0xc1, 0x0, 0x1,
    0xef, 0xfc, 0x76, 0x8c, 0xff, 0xc0, 0x0, 0xbf,
    0xf7, 0x0, 0x0, 0x8, 0xff, 0x60, 0x3f, 0xf9,
    0x0, 0x0, 0x0, 0xd, 0xfd, 0x8, 0xff, 0x10,
    0x0, 0x0, 0x0, 0x6d, 0xd1, 0xcf, 0xd0, 0x0,
    0x0, 0x0, 0x0, 0x0, 0xe, 0xfa, 0x0, 0x0,
    0x0, 0x0, 0x0, 0x0, 0xff, 0x90, 0x0, 0x1,
    0x22, 0x22, 0x22, 0xe, 0xfa, 0x0, 0x0, 0x7f,
    0xff, 0xff, 0xf4, 0xcf, 0xc0, 0x0, 0x7, 0xff,
    0xff, 0xff, 0x49, 0xff, 0x10, 0x0, 0x0, 0x0,
    0x2f, 0xf4, 0x3f, 0xf8, 0x0, 0x0, 0x0, 0x8,
    0xff, 0x40, 0xbf, 0xf6, 0x0, 0x0, 0x5, 0xff,
    0xf4, 0x2, 0xef, 0xfc, 0x76, 0x7b, 0xff, 0xcf,
    0x40, 0x2, 0xef, 0xff, 0xff, 0xff, 0x68, 0xf4,
    0x0, 0x0, 0x7c, 0xff, 0xea, 0x20, 0x7f, 0x40,
    0x0, 0x0, 0x0, 0x0, 0x0, 0x0, 0x0, 0x0,
    0x0, 0x0, 0x35, 0x40, 0x0, 0x0, 0x0, 0x0,
    0x0, 0xb, 0xfd, 0x0, 0x0, 0x0, 0x0, 0x0,
    0x0, 0xbf, 0xd0, 0x0, 0x0, 0x0, 0x0, 0x0,
    0x3, 0xf6, 0x0, 0x0, 0x0, 0x0, 0x0, 0x0,
    0xcb, 0x0, 0x0, 0x0, 0x0,

    /* U+0123 "ģ" */
    0x0, 0x0, 0x0, 0x8f, 0x10, 0x0, 0x0, 0x0,
    0x0, 0x2f, 0x60, 0x0, 0x0, 0x0, 0x0, 0x9,
    0xff, 0x0, 0x0, 0x0, 0x0, 0x0, 0x9f, 0xf0,
    0x0, 0x0, 0x0, 0x0, 0x3, 0x55, 0x0, 0x0,
    0x0, 0x0, 0x0, 0x0, 0x0, 0x0, 0x0, 0x0,
    0x3, 0xbe, 0xfc, 0x41, 0xff, 0x30, 0x5, 0xff,
    0xff, 0xff, 0x7f, 0xf3, 0x2, 0xff, 0xe5, 0x24,
    0xcf, 0xff, 0x30, 0x9f, 0xf3, 0x0, 0x0, 0xdf,
    0xf3, 0xd, 0xfb, 0x0, 0x0, 0x6, 0xff, 0x30,
    0xff, 0x90, 0x0, 0x0, 0x3f, 0xf3, 0xf, 0xf8,
    0x0, 0x0, 0x4, 0xff, 0x30, 0xef, 0xb0, 0x0,
    0x0, 0x6f, 0xf3, 0xa, 0xff, 0x10, 0x0, 0xd,
    0xff, 0x30, 0x3f, 0xfc, 0x30, 0x2a, 0xff, 0xf3,
    0x0, 0x7f, 0xff, 0xff, 0xfb, 0xff, 0x30, 0x0,
    0x5d, 0xff, 0xe7, 0x3f, 0xf3, 0x0, 0x0, 0x0,
    0x10, 0x4, 0xff, 0x20, 0x8f, 0xe1, 0x0, 0x0,
    0x9f, 0xf0, 0x2, 0xff, 0xc4, 0x23, 0x8f, 0xfa,
    0x0, 0x5, 0xff, 0xff, 0xff, 0xfd, 0x10, 0x0,
    0x2, 0xae, 0xfe, 0xc7, 0x0, 0x0,

    /* U+0124 "Ĥ" */
    0x0, 0x0, 0x5, 0xff, 0xc0, 0x0, 0x0, 0x0,
    0x0, 0xe, 0xfc, 0xf6, 0x0, 0x0, 0x0, 0x0,
    0x8f, 0x61, 0xee, 0x10, 0x0, 0x0, 0x0, 0x77,
    0x0, 0x38, 0x30, 0x0, 0x0, 0x0, 0x0, 0x0,
    0x0, 0x0, 0x0, 0xf, 0xf7, 0x0, 0x0, 0x0,
    0xf, 0xf7, 0xf, 0xf7, 0x0, 0x0, 0x0, 0xf,
    0xf7, 0xf, 0xf7, 0x0, 0x0, 0x0, 0xf, 0xf7,
    0xf, 0xf7, 0x0, 0x0, 0x0, 0xf, 0xf7, 0xf,
    0xf7, 0x0, 0x0, 0x0, 0xf, 0xf7, 0xf, 0xf7,
    0x0, 0x0, 0x0, 0xf, 0xf7, 0xf, 0xf7, 0x0,
    0x0, 0x0, 0xf, 0xf7, 0xf, 0xff, 0xff, 0xff,
    0xff, 0xff, 0xf7, 0xf, 0xff, 0xff, 0xff, 0xff,
    0xff, 0xf7, 0xf, 0xfd, 0x55, 0x55, 0x55, 0x5f,
    0xf7, 0xf, 0xf7, 0x0, 0x0, 0x0, 0xf, 0xf7,
    0xf, 0xf7, 0x0, 0x0, 0x0, 0xf, 0xf7, 0xf,
    0xf7, 0x0, 0x0, 0x0, 0xf, 0xf7, 0xf, 0xf7,
    0x0, 0x0, 0x0, 0xf, 0xf7, 0xf, 0xf7, 0x0,
    0x0, 0x0, 0xf, 0xf7, 0xf, 0xf7, 0x0, 0x0,
    0x0, 0xf, 0xf7, 0xf, 0xf7, 0x0, 0x0, 0x0,
    0xf, 0xf7,

    /* U+0125 "ĥ" */
    0x0, 0x38, 0x83, 0x0, 0x0, 0x0, 0x0, 0xd,
    0xff, 0xd0, 0x0, 0x0, 0x0, 0x8, 0xf8, 0x9f,
    0x70, 0x0, 0x0, 0x2, 0xfc, 0x0, 0xdf, 0x10,
    0x0, 0x0, 0x0, 0x0, 0x0, 0x0, 0x0, 0x0,
    0x0, 0x4, 0xff, 0x20, 0x0, 0x0, 0x0, 0x0,
    0x4f, 0xf2, 0x0, 0x0, 0x0, 0x0, 0x4, 0xff,
    0x20, 0x0, 0x0, 0x0, 0x0, 0x4f, 0xf2, 0x0,
    0x0, 0x0, 0x0, 0x4, 0xff, 0x26, 0xdf, 0xe9,
    0x10, 0x0, 0x4f, 0xf9, 0xff, 0xff, 0xfd, 0x0,
    0x4, 0xff, 0xf9, 0x33, 0xaf, 0xf6, 0x0, 0x4f,
    0xfb, 0x0, 0x0, 0xef, 0xb0, 0x4, 0xff, 0x40,
    0x0, 0xa, 0xfd, 0x0, 0x4f, 0xf2, 0x0, 0x0,
    0x9f, 0xe0, 0x4, 0xff, 0x20, 0x0, 0x9, 0xfe,
    0x0, 0x4f, 0xf2, 0x0, 0x0, 0x9f, 0xe0, 0x4,
    0xff, 0x20, 0x0, 0x9, 0xfe, 0x0, 0x4f, 0xf2,
    0x0, 0x0, 0x9f, 0xe0, 0x4, 0xff, 0x20, 0x0,
    0x9, 0xfe, 0x0, 0x4f, 0xf2, 0x0, 0x0, 0x9f,
    0xe0, 0x4, 0xff, 0x20, 0x0, 0x9, 0xfe,

    /* U+0126 "Ħ" */
    0x0, 0xff, 0x70, 0x0, 0x0, 0x0, 0xff, 0x70,
    0x0, 0xf, 0xf7, 0x0, 0x0, 0x0, 0xf, 0xf7,
    0x0, 0xbf, 0xff, 0xff, 0xff, 0xff, 0xff, 0xff,
    0xff, 0x3b, 0xff, 0xff, 0xff, 0xff, 0xff, 0xff,
    0xff, 0xf3, 0x12, 0xff, 0xa2, 0x22, 0x22, 0x22,
    0xff, 0xa2, 0x0, 0xf, 0xf7, 0x0, 0x0, 0x0,
    0xf, 0xf7, 0x0, 0x0, 0xff, 0x70, 0x0, 0x0,
    0x0, 0xff, 0x70, 0x0, 0xf, 0xff, 0xff, 0xff,
    0xff, 0xff, 0xf7, 0x0, 0x0, 0xff, 0xff, 0xff,
    0xff, 0xff, 0xff, 0x70, 0x0, 0xf, 0xfd, 0x55,
    0x55, 0x55, 0x5f, 0xf7, 0x0, 0x0, 0xff, 0x70,
    0x0, 0x0, 0x0, 0xff, 0x70, 0x0, 0xf, 0xf7,
    0x0, 0x0, 0x0, 0xf, 0xf7, 0x0, 0x0, 0xff,
    0x70, 0x0, 0x0, 0x0, 0xff, 0x70, 0x0, 0xf,
    0xf7, 0x0, 0x0, 0x0, 0xf, 0xf7, 0x0, 0x0,
    0xff, 0x70, 0x0, 0x0, 0x0, 0xff, 0x70, 0x0,
    0xf, 0xf7, 0x0, 0x0, 0x0, 0xf, 0xf7, 0x0,
    0x0, 0xff, 0x70, 0x0, 0x0, 0x0, 0xff, 0x70,
    0x0,

    /* U+0127 "ħ" */
    0x4, 0xff, 0x20, 0x0, 0x0, 0x0, 0xaf, 0xff,
    0xfc, 0xc5, 0x0, 0x0, 0xdf, 0xff, 0xff, 0xf6,
    0x0, 0x0, 0x4, 0xff, 0x20, 0x0, 0x0, 0x0,
    0x4, 0xff, 0x26, 0xdf, 0xe9, 0x10, 0x4, 0xff,
    0x9f, 0xff, 0xff, 0xd0, 0x4, 0xff, 0xf9, 0x33,
    0xaf, 0xf6, 0x4, 0xff, 0xb0, 0x0, 0xe, 0xfb,
    0x4, 0xff, 0x40, 0x0, 0xa, 0xfd, 0x4, 0xff,
    0x20, 0x0, 0x9, 0xfe, 0x4, 0xff, 0x20, 0x0,
    0x9, 0xfe, 0x4, 0xff, 0x20, 0x0, 0x9, 0xfe,
    0x4, 0xff, 0x20, 0x0, 0x9, 0xfe, 0x4, 0xff,
    0x20, 0x0, 0x9, 0xfe, 0x4, 0xff, 0x20, 0x0,
    0x9, 0xfe, 0x4, 0xff, 0x20, 0x0, 0x9, 0xfe,
    0x4, 0xff, 0x20, 0x0, 0x9, 0xfe,

    /* U+0128 "Ĩ" */
    0x2, 0x87, 0x10, 0x48, 0x2f, 0xff, 0xfa, 0xea,
    0x6f, 0x13, 0xbf, 0xc2, 0x0, 0x0, 0x0, 0x0,
    0x0, 0x0, 0x0, 0x0, 0x0, 0xf, 0xf7, 0x0,
    0x0, 0xf, 0xf7, 0x0, 0x0, 0xf, 0xf7, 0x0,
    0x0, 0xf, 0xf7, 0x0, 0x0, 0xf, 0xf7, 0x0,
    0x0, 0xf, 0xf7, 0x0, 0x0, 0xf, 0xf7, 0x0,
    0x0, 0xf, 0xf7, 0x0, 0x0, 0xf, 0xf7, 0x0,
    0x0, 0xf, 0xf7, 0x0, 0x0, 0xf, 0xf7, 0x0,
    0x0, 0xf, 0xf7, 0x0, 0x0, 0xf, 0xf7, 0x0,
    0x0, 0xf, 0xf7, 0x0, 0x0, 0xf, 0xf7, 0x0,
    0x0, 0xf, 0xf7, 0x0, 0x0, 0xf, 0xf7, 0x0,

    /* U+0129 "ĩ" */
    0x1b, 0xfc, 0x41, 0xd9, 0x9f, 0xae, 0xff, 0xf3,
    0x76, 0x1, 0x78, 0x30, 0x0, 0x0, 0x0, 0x0,
    0x0, 0x4f, 0xf2, 0x0, 0x0, 0x4f, 0xf2, 0x0,
    0x0, 0x4f, 0xf2, 0x0, 0x0, 0x4f, 0xf2, 0x0,
    0x0, 0x4f, 0xf2, 0x0, 0x0, 0x4f, 0xf2, 0x0,
    0x0, 0x4f, 0xf2, 0x0, 0x0, 0x4f, 0xf2, 0x0,
    0x0, 0x4f, 0xf2, 0x0, 0x0, 0x4f, 0xf2, 0x0,
    0x0, 0x4f, 0xf2, 0x0, 0x0, 0x4f, 0xf2, 0x0,
    0x0, 0x4f, 0xf2, 0x0,

    /* U+012A "Ī" */
    0x0, 0x0, 0x0, 0xf, 0xff, 0xff, 0xf6, 0xff,
    0xff, 0xff, 0x60, 0x0, 0x0, 0x0, 0x0, 0x0,
    0x0, 0x0, 0xf, 0xf7, 0x0, 0x0, 0xff, 0x70,
    0x0, 0xf, 0xf7, 0x0, 0x0, 0xff, 0x70, 0x0,
    0xf, 0xf7, 0x0, 0x0, 0xff, 0x70, 0x0, 0xf,
    0xf7, 0x0, 0x0, 0xff, 0x70, 0x0, 0xf, 0xf7,
    0x0, 0x0, 0xff, 0x70, 0x0, 0xf, 0xf7, 0x0,
    0x0, 0xff, 0x70, 0x0, 0xf, 0xf7, 0x0, 0x0,
    0xff, 0x70, 0x0, 0xf, 0xf7, 0x0, 0x0, 0xff,
    0x70, 0x0, 0xf, 0xf7, 0x0,

    /* U+012B "ī" */
    0x4f, 0xff, 0xff, 0xf2, 0x4f, 0xff, 0xff, 0xf2,
    0x0, 0x0, 0x0, 0x0, 0x0, 0x0, 0x0, 0x0,
    0x0, 0x4f, 0xf2, 0x0, 0x0, 0x4f, 0xf2, 0x0,
    0x0, 0x4f, 0xf2, 0x0, 0x0, 0x4f, 0xf2, 0x0,
    0x0, 0x4f, 0xf2, 0x0, 0x0, 0x4f, 0xf2, 0x0,
    0x0, 0x4f, 0xf2, 0x0, 0x0, 0x4f, 0xf2, 0x0,
    0x0, 0x4f, 0xf2, 0x0, 0x0, 0x4f, 0xf2, 0x0,
    0x0, 0x4f, 0xf2, 0x0, 0x0, 0x4f, 0xf2, 0x0,
    0x0, 0x4f, 0xf2, 0x0,

    /* U+012C "Ĭ" */
    0x7, 0x30, 0x0, 0x74, 0xc, 0xd3, 0x27, 0xf4,
    0x2, 0xdf, 0xff, 0x70, 0x0, 0x2, 0x31, 0x0,
    0x0, 0x0, 0x0, 0x0, 0x0, 0xe, 0xf4, 0x0,
    0x0, 0xe, 0xf4, 0x0, 0x0, 0xe, 0xf4, 0x0,
    0x0, 0xe, 0xf4, 0x0, 0x0, 0xe, 0xf4, 0x0,
    0x0, 0xe, 0xf4, 0x0, 0x0, 0xe, 0xf4, 0x0,
    0x0, 0xe, 0xf4, 0x0, 0x0, 0xe, 0xf4, 0x0,
    0x0, 0xe, 0xf4, 0x0, 0x0, 0xe, 0xf4, 0x0,
    0x0, 0xe, 0xf4, 0x0, 0x0, 0xe, 0xf4, 0x0,
    0x0, 0xe, 0xf4, 0x0, 0x0, 0xe, 0xf4, 0x0,
    0x0, 0xe, 0xf4, 0x0,

    /* U+012D "ĭ" */
    0x9d, 0x31, 0x3d, 0xb1, 0xcf, 0xff, 0xc2, 0x0,
    0x23, 0x20, 0x0, 0x0, 0x0, 0x0, 0x0, 0x7f,
    0x90, 0x0, 0x7, 0xf9, 0x0, 0x0, 0x7f, 0x90,
    0x0, 0x7, 0xf9, 0x0, 0x0, 0x7f, 0x90, 0x0,
    0x7, 0xf9, 0x0, 0x0, 0x7f, 0x90, 0x0, 0x7,
    0xf9, 0x0, 0x0, 0x7f, 0x90, 0x0, 0x7, 0xf9,
    0x0, 0x0, 0x7f, 0x90, 0x0, 0x7, 0xf9, 0x0,

    /* U+012E "Į" */
    0x0, 0xff, 0x70, 0x0, 0xff, 0x70, 0x0, 0xff,
    0x70, 0x0, 0xff, 0x70, 0x0, 0xff, 0x70, 0x0,
    0xff, 0x70, 0x0, 0xff, 0x70, 0x0, 0xff, 0x70,
    0x0, 0xff, 0x70, 0x0, 0xff, 0x70, 0x0, 0xff,
    0x70, 0x0, 0xff, 0x70, 0x0, 0xff, 0x70, 0x0,
    0xff, 0x70, 0x0, 0xff, 0x70, 0x0, 0xff, 0x70,
    0x0, 0xff, 0x80, 0x0, 0xdf, 0x20, 0x8, 0xf6,
    0x0, 0xf, 0xf0, 0x0, 0x1f, 0xfd, 0xd0, 0x8,
    0xef, 0xc1,

    /* U+012F "į" */
    0x5, 0xff, 0x30, 0x5f, 0xf3, 0x2, 0x88, 0x10,
    0x0, 0x0, 0x4, 0xff, 0x20, 0x4f, 0xf2, 0x4,
    0xff, 0x20, 0x4f, 0xf2, 0x4, 0xff, 0x20, 0x4f,
    0xf2, 0x4, 0xff, 0x20, 0x4f, 0xf2, 0x4, 0xff,
    0x20, 0x4f, 0xf2, 0x4, 0xff, 0x20, 0x4f, 0xf2,
    0x4, 0xff, 0x20, 0x3f, 0xc0, 0xc, 0xf2, 0x4,
    0xfc, 0x0, 0x5f, 0xfd, 0xa0, 0xbf, 0xe9,

    /* U+0130 "İ" */
    0x8, 0x84, 0xf, 0xf7, 0xf, 0xf7, 0x0, 0x0,
    0x0, 0x0, 0xf, 0xf7, 0xf, 0xf7, 0xf, 0xf7,
    0xf, 0xf7, 0xf, 0xf7, 0xf, 0xf7, 0xf, 0xf7,
    0xf, 0xf7, 0xf, 0xf7, 0xf, 0xf7, 0xf, 0xf7,
    0xf, 0xf7, 0xf, 0xf7, 0xf, 0xf7, 0xf, 0xf7,
    0xf, 0xf7, 0xf, 0xf7,

    /* U+0131 "ı" */
    0x4f, 0xf2, 0x4f, 0xf2, 0x4f, 0xf2, 0x4f, 0xf2,
    0x4f, 0xf2, 0x4f, 0xf2, 0x4f, 0xf2, 0x4f, 0xf2,
    0x4f, 0xf2, 0x4f, 0xf2, 0x4f, 0xf2, 0x4f, 0xf2,
    0x4f, 0xf2,

    /* U+0132 "Ĳ" */
    0xf, 0xf7, 0x0, 0x0, 0x0, 0x0, 0x0, 0x2f,
    0xf5, 0xf, 0xf7, 0x0, 0x0, 0x0, 0x0, 0x0,
    0x2f, 0xf5, 0xf, 0xf7, 0x0, 0x0, 0x0, 0x0,
    0x0, 0x2f, 0xf5, 0xf, 0xf7, 0x0, 0x0, 0x0,
    0x0, 0x0, 0x2f, 0xf5, 0xf, 0xf7, 0x0, 0x0,
    0x0, 0x0, 0x0, 0x2f, 0xf5, 0xf, 0xf7, 0x0,
    0x0, 0x0, 0x0, 0x0, 0x2f, 0xf5, 0xf, 0xf7,
    0x0, 0x0, 0x0, 0x0, 0x0, 0x2f, 0xf5, 0xf,
    0xf7, 0x0, 0x0, 0x0, 0x0, 0x0, 0x2f, 0xf5,
    0xf, 0xf7, 0x0, 0x0, 0x0, 0x0, 0x0, 0x2f,
    0xf5, 0xf, 0xf7, 0x0, 0x0, 0x0, 0x0, 0x0,
    0x2f, 0xf5, 0xf, 0xf7, 0x0, 0x1, 0x0, 0x0,
    0x0, 0x2f, 0xf5, 0xf, 0xf7, 0x0, 0x8f, 0xf0,
    0x0, 0x0, 0x3f, 0xf4, 0xf, 0xf7, 0x0, 0x6f,
    0xf3, 0x0, 0x0, 0x6f, 0xf2, 0xf, 0xf7, 0x0,
    0x1f, 0xfa, 0x0, 0x0, 0xdf, 0xd0, 0xf, 0xf7,
    0x0, 0x9, 0xff, 0xb6, 0x7d, 0xff, 0x60, 0xf,
    0xf7, 0x0, 0x0, 0xcf, 0xff, 0xff, 0xfa, 0x0,
    0xf, 0xf7, 0x0, 0x0, 0x7, 0xcf, 0xec, 0x50,
    0x0,

    /* U+0133 "ĳ" */
    0x5f, 0xf3, 0x0, 0x2f, 0xf6, 0x5f, 0xf3, 0x0,
    0x2f, 0xf6, 0x28, 0x81, 0x0, 0x18, 0x83, 0x0,
    0x0, 0x0, 0x0, 0x0, 0x4f, 0xf2, 0x0, 0x1f,
    0xf5, 0x4f, 0xf2, 0x0, 0x1f, 0xf5, 0x4f, 0xf2,
    0x0, 0x1f, 0xf5, 0x4f, 0xf2, 0x0, 0x1f, 0xf5,
    0x4f, 0xf2, 0x0, 0x1f, 0xf5, 0x4f, 0xf2, 0x0,
    0x1f, 0xf5, 0x4f, 0xf2, 0x0, 0x1f, 0xf5, 0x4f,
    0xf2, 0x0, 0x1f, 0xf5, 0x4f, 0xf2, 0x0, 0x1f,
    0xf5, 0x4f, 0xf2, 0x0, 0x1f, 0xf5, 0x4f, 0xf2,
    0x0, 0x1f, 0xf5, 0x4f, 0xf2, 0x0, 0x1f, 0xf5,
    0x4f, 0xf2, 0x0, 0x1f, 0xf5, 0x0, 0x0, 0x0,
    0x2f, 0xf5, 0x0, 0x0, 0x1, 0x7f, 0xf3, 0x0,
    0x0, 0x9f, 0xff, 0xe0, 0x0, 0x0, 0x9f, 0xfc,
    0x30,

    /* U+0134 "Ĵ" */
    0x0, 0x0, 0x0, 0x0, 0x8f, 0xfb, 0x0, 0x0,
    0x0, 0x0, 0x3, 0xfa, 0x6f, 0x60, 0x0, 0x0,
    0x0, 0xd, 0xe0, 0xb, 0xf2, 0x0, 0x0, 0x0,
    0x0, 0x0, 0x0, 0x0, 0x0, 0x0, 0x0, 0x0,
    0x0, 0x0, 0x0, 0x0, 0x0, 0x0, 0x0, 0x2f,
    0xf5, 0x0, 0x0, 0x0, 0x0, 0x0, 0x2f, 0xf5,
    0x0, 0x0, 0x0, 0x0, 0x0, 0x2f, 0xf5, 0x0,
    0x0, 0x0, 0x0, 0x0, 0x2f, 0xf5, 0x0, 0x0,
    0x0, 0x0, 0x0, 0x2f, 0xf5, 0x0, 0x0, 0x0,
    0x0, 0x0, 0x2f, 0xf5, 0x0, 0x0, 0x0, 0x0,
    0x0, 0x2f, 0xf5, 0x0, 0x0, 0x0, 0x0, 0x0,
    0x2f, 0xf5, 0x0, 0x0, 0x0, 0x0, 0x0, 0x2f,
    0xf5, 0x0, 0x0, 0x0, 0x0, 0x0, 0x2f, 0xf5,
    0x0, 0x1, 0x0, 0x0, 0x0, 0x2f, 0xf5, 0x0,
    0x8f, 0xf0, 0x0, 0x0, 0x3f, 0xf4, 0x0, 0x6f,
    0xf2, 0x0, 0x0, 0x6f, 0xf2, 0x0, 0x1f, 0xfa,
    0x0, 0x0, 0xdf, 0xd0, 0x0, 0xa, 0xff, 0xb6,
    0x7d, 0xff, 0x50, 0x0, 0x1, 0xcf, 0xff, 0xff,
    0xf9, 0x0, 0x0, 0x0, 0x7, 0xdf, 0xec, 0x50,
    0x0, 0x0,

    /* U+0135 "ĵ" */
    0x0, 0x2f, 0xbf, 0x40, 0x1, 0xdb, 0x9, 0xf3,
    0x4, 0x71, 0x0, 0x75, 0x0, 0x0, 0x0, 0x0,
    0x0, 0xa, 0xfd, 0x0, 0x0, 0xa, 0xfd, 0x0,
    0x0, 0xa, 0xfd, 0x0, 0x0, 0xa, 0xfd, 0x0,
    0x0, 0xa, 0xfd, 0x0, 0x0, 0xa, 0xfd, 0x0,
    0x0, 0xa, 0xfd, 0x0, 0x0, 0xa, 0xfd, 0x0,
    0x0, 0xa, 0xfd, 0x0, 0x0, 0xa, 0xfd, 0x0,
    0x0, 0xa, 0xfd, 0x0, 0x0, 0xa, 0xfd, 0x0,
    0x0, 0xa, 0xfd, 0x0, 0x0, 0xa, 0xfc, 0x0,
    0x1, 0x2e, 0xfb, 0x0, 0x1f, 0xff, 0xf7, 0x0,
    0x1f, 0xfe, 0x80, 0x0,

    /* U+0136 "Ķ" */
    0xf, 0xf7, 0x0, 0x0, 0x2, 0xef, 0xd1, 0xf,
    0xf7, 0x0, 0x0, 0x1d, 0xfe, 0x20, 0xf, 0xf7,
    0x0, 0x0, 0xcf, 0xf4, 0x0, 0xf, 0xf7, 0x0,
    0x9, 0xff, 0x60, 0x0, 0xf, 0xf7, 0x0, 0x7f,
    0xf8, 0x0, 0x0, 0xf, 0xf7, 0x5, 0xff, 0xb0,
    0x0, 0x0, 0xf, 0xf7, 0x3f, 0xfd, 0x0, 0x0,
    0x0, 0xf, 0xf9, 0xef, 0xf4, 0x0, 0x0, 0x0,
    0xf, 0xff, 0xff, 0xfd, 0x0, 0x0, 0x0, 0xf,
    0xff, 0xf9, 0xff, 0x80, 0x0, 0x0, 0xf, 0xff,
    0x50, 0xbf, 0xf3, 0x0, 0x0, 0xf, 0xf9, 0x0,
    0x1e, 0xfe, 0x0, 0x0, 0xf, 0xf7, 0x0, 0x4,
    0xff, 0xa0, 0x0, 0xf, 0xf7, 0x0, 0x0, 0x9f,
    0xf5, 0x0, 0xf, 0xf7, 0x0, 0x0, 0xd, 0xfe,
    0x10, 0xf, 0xf7, 0x0, 0x0, 0x3, 0xff, 0xb0,
    0xf, 0xf7, 0x0, 0x0, 0x0, 0x8f, 0xf6, 0x0,
    0x0, 0x0, 0x0, 0x0, 0x0, 0x0, 0x0, 0x0,
    0x1, 0x55, 0x10, 0x0, 0x0, 0x0, 0x0, 0x3,
    0xff, 0x50, 0x0, 0x0, 0x0, 0x0, 0x3, 0xff,
    0x40, 0x0, 0x0, 0x0, 0x0, 0x0, 0xbd, 0x0,
    0x0, 0x0, 0x0, 0x0, 0x5, 0xf4, 0x0, 0x0,
    0x0,

    /* U+0137 "ķ" */
    0x4f, 0xf2, 0x0, 0x0, 0x0, 0x0, 0x4f, 0xf2,
    0x0, 0x0, 0x0, 0x0, 0x4f, 0xf2, 0x0, 0x0,
    0x0, 0x0, 0x4f, 0xf2, 0x0, 0x0, 0x0, 0x0,
    0x4f, 0xf2, 0x0, 0x0, 0xbf, 0xf4, 0x4f, 0xf2,
    0x0, 0xa, 0xff, 0x60, 0x4f, 0xf2, 0x0, 0x7f,
    0xf8, 0x0, 0x4f, 0xf2, 0x5, 0xff, 0xa0, 0x0,
    0x4f, 0xf2, 0x3f, 0xfc, 0x0, 0x0, 0x4f, 0xf4,
    0xef, 0xf2, 0x0, 0x0, 0x4f, 0xfe, 0xff, 0xfa,
    0x0, 0x0, 0x4f, 0xff, 0xd7, 0xff, 0x40, 0x0,
    0x4f, 0xfe, 0x20, 0xcf, 0xe0, 0x0, 0x4f, 0xf4,
    0x0, 0x2f, 0xf9, 0x0, 0x4f, 0xf2, 0x0, 0x7,
    0xff, 0x40, 0x4f, 0xf2, 0x0, 0x0, 0xdf, 0xe0,
    0x4f, 0xf2, 0x0, 0x0, 0x3f, 0xf9, 0x0, 0x0,
    0x0, 0x0, 0x0, 0x0, 0x0, 0x0, 0x15, 0x51,
    0x0, 0x0, 0x0, 0x0, 0x5f, 0xf3, 0x0, 0x0,
    0x0, 0x0, 0x5f, 0xf3, 0x0, 0x0, 0x0, 0x0,
    0xc, 0xc0, 0x0, 0x0, 0x0, 0x0, 0x6f, 0x20,
    0x0, 0x0,

    /* U+0138 "ĸ" */
    0x7f, 0x80, 0x0, 0xaf, 0xc0, 0x7f, 0x80, 0x7,
    0xfc, 0x80, 0x7f, 0x80, 0xe, 0xd0, 0x0, 0x7f,
    0x80, 0x6f, 0x60, 0x0, 0x7f, 0x83, 0xed, 0x0,
    0x0, 0x7f, 0xff, 0xd1, 0x0, 0x0, 0x7f, 0xa7,
    0xfc, 0x0, 0x0, 0x7f, 0x80, 0x8f, 0xa0, 0x0,
    0x7f, 0x80, 0xe, 0xf4, 0x0, 0x7f, 0x80, 0x5,
    0xfd, 0x0, 0x7f, 0x80, 0x0, 0xcf, 0x60, 0x7f,
    0x80, 0x0, 0x3f, 0xe0,

    /* U+0139 "Ĺ" */
    0x0, 0xaf, 0xc0, 0x0, 0x0, 0x0, 0x1, 0xff,
    0x30, 0x0, 0x0, 0x0, 0x8, 0xf8, 0x0, 0x0,
    0x0, 0x0, 0x2, 0x30, 0x0, 0x0, 0x0, 0x0,
    0x0, 0x0, 0x0, 0x0, 0x0, 0x0, 0xf, 0xf7,
    0x0, 0x0, 0x0, 0x0, 0xf, 0xf7, 0x0, 0x0,
    0x0, 0x0, 0xf, 0xf7, 0x0, 0x0, 0x0, 0x0,
    0xf, 0xf7, 0x0, 0x0, 0x0, 0x0, 0xf, 0xf7,
    0x0, 0x0, 0x0, 0x0, 0xf, 0xf7, 0x0, 0x0,
    0x0, 0x0, 0xf, 0xf7, 0x0, 0x0, 0x0, 0x0,
    0xf, 0xf7, 0x0, 0x0, 0x0, 0x0, 0xf, 0xf7,
    0x0, 0x0, 0x0, 0x0, 0xf, 0xf7, 0x0, 0x0,
    0x0, 0x0, 0xf, 0xf7, 0x0, 0x0, 0x0, 0x0,
    0xf, 0xf7, 0x0, 0x0, 0x0, 0x0, 0xf, 0xf7,
    0x0, 0x0, 0x0, 0x0, 0xf, 0xf7, 0x0, 0x0,
    0x0, 0x0, 0xf, 0xfd, 0x55, 0x55, 0x55, 0x52,
    0xf, 0xff, 0xff, 0xff, 0xff, 0xf6, 0xf, 0xff,
    0xff, 0xff, 0xff, 0xf6,

    /* U+013A "ĺ" */
    0x0, 0xef, 0x80, 0x5f, 0xd0, 0xd, 0xf4, 0x0,
    0x32, 0x0, 0x4f, 0xf2, 0x4, 0xff, 0x20, 0x4f,
    0xf2, 0x4, 0xff, 0x20, 0x4f, 0xf2, 0x4, 0xff,
    0x20, 0x4f, 0xf2, 0x4, 0xff, 0x20, 0x4f, 0xf2,
    0x4, 0xff, 0x20, 0x4f, 0xf2, 0x4, 0xff, 0x20,
    0x4f, 0xf2, 0x4, 0xff, 0x20, 0x3f, 0xf6, 0x11,
    0xff, 0xff, 0x5, 0xdf, 0xf0,

    /* U+013B "Ļ" */
    0xf, 0xf7, 0x0, 0x0, 0x0, 0x0, 0xf, 0xf7,
    0x0, 0x0, 0x0, 0x0, 0xf, 0xf7, 0x0, 0x0,
    0x0, 0x0, 0xf, 0xf7, 0x0, 0x0, 0x0, 0x0,
    0xf, 0xf7, 0x0, 0x0, 0x0, 0x0, 0xf, 0xf7,
    0x0, 0x0, 0x0, 0x0, 0xf, 0xf7, 0x0, 0x0,
    0x0, 0x0, 0xf, 0xf7, 0x0, 0x0, 0x0, 0x0,
    0xf, 0xf7, 0x0, 0x0, 0x0, 0x0, 0xf, 0xf7,
    0x0, 0x0, 0x0, 0x0, 0xf, 0xf7, 0x0, 0x0,
    0x0, 0x0, 0xf, 0xf7, 0x0, 0x0, 0x0, 0x0,
    0xf, 0xf7, 0x0, 0x0, 0x0, 0x0, 0xf, 0xf7,
    0x0, 0x0, 0x0, 0x0, 0xf, 0xfd, 0x55, 0x55,
    0x55, 0x52, 0xf, 0xff, 0xff, 0xff, 0xff, 0xf6,
    0xf, 0xff, 0xff, 0xff, 0xff, 0xf6, 0x0, 0x0,
    0x0, 0x0, 0x0, 0x0, 0x0, 0x0, 0x5, 0x52,
    0x0, 0x0, 0x0, 0x0, 0x1f, 0xf7, 0x0, 0x0,
    0x0, 0x0, 0x1f, 0xf7, 0x0, 0x0, 0x0, 0x0,
    0x8, 0xe1, 0x0, 0x0, 0x0, 0x0, 0x2f, 0x60,
    0x0, 0x0,

    /* U+013C "ļ" */
    0x4f, 0xf2, 0x4, 0xff, 0x20, 0x4f, 0xf2, 0x4,
    0xff, 0x20, 0x4f, 0xf2, 0x4, 0xff, 0x20, 0x4f,
    0xf2, 0x4, 0xff, 0x20, 0x4f, 0xf2, 0x4, 0xff,
    0x20, 0x4f, 0xf2, 0x4, 0xff, 0x20, 0x4f, 0xf2,
    0x4, 0xff, 0x20, 0x3f, 0xf6, 0x11, 0xff, 0xff,
    0x5, 0xdf, 0xf0, 0x0, 0x0, 0x1, 0x55, 0x10,
    0x5f, 0xf3, 0x5, 0xff, 0x30, 0xc, 0xb0, 0x7,
    0xf2, 0x0,

    /* U+013D "Ľ" */
    0xf, 0xf7, 0x0, 0x0, 0x4f, 0xe0, 0xf, 0xf7,
    0x0, 0x0, 0x6f, 0xb0, 0xf, 0xf7, 0x0, 0x0,
    0x8f, 0x80, 0xf, 0xf7, 0x0, 0x0, 0xaf, 0x50,
    0xf, 0xf7, 0x0, 0x0, 0xbf, 0x20, 0xf, 0xf7,
    0x0, 0x0, 0xdf, 0x0, 0xf, 0xf7, 0x0, 0x0,
    0x54, 0x0, 0xf, 0xf7, 0x0, 0x0, 0x0, 0x0,
    0xf, 0xf7, 0x0, 0x0, 0x0, 0x0, 0xf, 0xf7,
    0x0, 0x0, 0x0, 0x0, 0xf, 0xf7, 0x0, 0x0,
    0x0, 0x0, 0xf, 0xf7, 0x0, 0x0, 0x0, 0x0,
    0xf, 0xf7, 0x0, 0x0, 0x0, 0x0, 0xf, 0xf7,
    0x0, 0x0, 0x0, 0x0, 0xf, 0xfd, 0x55, 0x55,
    0x55, 0x52, 0xf, 0xff, 0xff, 0xff, 0xff, 0xf6,
    0xf, 0xff, 0xff, 0xff, 0xff, 0xf6,

    /* U+013E "ľ" */
    0x4f, 0xf2, 0xe, 0xf5, 0x4f, 0xf2, 0xf, 0xf2,
    0x4f, 0xf2, 0x2f, 0xe0, 0x4f, 0xf2, 0x3f, 0xb0,
    0x4f, 0xf2, 0x5f, 0x80, 0x4f, 0xf2, 0x7f, 0x50,
    0x4f, 0xf2, 0x25, 0x10, 0x4f, 0xf2, 0x0, 0x0,
    0x4f, 0xf2, 0x0, 0x0, 0x4f, 0xf2, 0x0, 0x0,
    0x4f, 0xf2, 0x0, 0x0, 0x4f, 0xf2, 0x0, 0x0,
    0x4f, 0xf2, 0x0, 0x0, 0x4f, 0xf2, 0x0, 0x0,
    0x3f, 0xf6, 0x10, 0x0, 0x1f, 0xff, 0xf0, 0x0,
    0x5, 0xdf, 0xf0, 0x0,

    /* U+013F "Ŀ" */
    0x4f, 0xe0, 0x0, 0x0, 0x0, 0x0, 0x4f, 0xe0,
    0x0, 0x0, 0x0, 0x0, 0x4f, 0xe0, 0x0, 0x0,
    0x0, 0x0, 0x4f, 0xe0, 0x0, 0x0, 0x0, 0x0,
    0x4f, 0xe0, 0x0, 0x0, 0x0, 0x0, 0x4f, 0xe0,
    0x0, 0x0, 0x0, 0x0, 0x4f, 0xe0, 0x0, 0x0,
    0x0, 0x0, 0x4f, 0xe0, 0x0, 0xff, 0x0, 0x0,
    0x4f, 0xe0, 0x0, 0xff, 0x0, 0x0, 0x4f, 0xe0,
    0x0, 0x44, 0x0, 0x0, 0x4f, 0xe0, 0x0, 0x0,
    0x0, 0x0, 0x4f, 0xe0, 0x0, 0x0, 0x0, 0x0,
    0x4f, 0xe0, 0x0, 0x0, 0x0, 0x0, 0x4f, 0xe0,
    0x0, 0x0, 0x0, 0x0, 0x4f, 0xfe, 0xee, 0xee,
    0xee, 0xe0, 0x4f, 0xff, 0xff, 0xff, 0xff, 0xf0,

    /* U+0140 "ŀ" */
    0x7f, 0x90, 0x0, 0x7, 0xf9, 0x0, 0x0, 0x7f,
    0x90, 0x0, 0x7, 0xf9, 0x0, 0x0, 0x7f, 0x90,
    0x0, 0x7, 0xf9, 0x0, 0x0, 0x7f, 0x90, 0x0,
    0x7, 0xf9, 0xe, 0xf3, 0x7f, 0x90, 0xef, 0x37,
    0xf9, 0x3, 0x40, 0x7f, 0x90, 0x0, 0x7, 0xf9,
    0x0, 0x0, 0x7f, 0x90, 0x0, 0x7, 0xf9, 0x0,
    0x0, 0x7f, 0x90, 0x0, 0x7, 0xf9, 0x0, 0x0,

    /* U+0141 "Ł" */
    0x0, 0xff, 0x70, 0x0, 0x0, 0x0, 0x0, 0xf,
    0xf7, 0x0, 0x0, 0x0, 0x0, 0x0, 0xff, 0x70,
    0x0, 0x0, 0x0, 0x0, 0xf, 0xf7, 0x0, 0x0,
    0x0, 0x0, 0x0, 0xff, 0x70, 0x0, 0x0, 0x0,
    0x0, 0xf, 0xf7, 0x6, 0xb0, 0x0, 0x0, 0x0,
    0xff, 0xdd, 0xfc, 0x0, 0x0, 0x0, 0xf, 0xff,
    0xfa, 0x20, 0x0, 0x0, 0x3c, 0xff, 0xf2, 0x0,
    0x0, 0x0, 0xa, 0xff, 0xf7, 0x0, 0x0, 0x0,
    0x0, 0x74, 0xff, 0x70, 0x0, 0x0, 0x0, 0x0,
    0xf, 0xf7, 0x0, 0x0, 0x0, 0x0, 0x0, 0xff,
    0x70, 0x0, 0x0, 0x0, 0x0, 0xf, 0xf7, 0x0,
    0x0, 0x0, 0x0, 0x0, 0xff, 0xd5, 0x55, 0x55,
    0x55, 0x20, 0xf, 0xff, 0xff, 0xff, 0xff, 0xf6,
    0x0, 0xff, 0xff, 0xff, 0xff, 0xff, 0x60,

    /* U+0142 "ł" */
    0x4, 0xff, 0x20, 0x4, 0xff, 0x20, 0x4, 0xff,
    0x20, 0x4, 0xff, 0x20, 0x4, 0xff, 0x20, 0x4,
    0xff, 0x5a, 0x4, 0xff, 0xff, 0x3f, 0xff, 0xc2,
    0xef, 0xff, 0x20, 0x86, 0xff, 0x20, 0x4, 0xff,
    0x20, 0x4, 0xff, 0x20, 0x4, 0xff, 0x20, 0x4,
    0xff, 0x20, 0x3, 0xff, 0x61, 0x1, 0xff, 0xff,
    0x0, 0x5d, 0xff,

    /* U+0143 "Ń" */
    0x0, 0x0, 0x0, 0x1, 0xff, 0x60, 0x0, 0x0,
    0x0, 0x0, 0x0, 0x7f, 0xc0, 0x0, 0x0, 0x0,
    0x0, 0x0, 0xe, 0xf2, 0x0, 0x0, 0x0, 0x0,
    0x0, 0x0, 0x32, 0x0, 0x0, 0x0, 0x0, 0x0,
    0x0, 0x0, 0x0, 0x0, 0x0, 0x0, 0xff, 0xf6,
    0x0, 0x0, 0x0, 0x5f, 0xf2, 0xf, 0xff, 0xe0,
    0x0, 0x0, 0x5, 0xff, 0x20, 0xff, 0xff, 0x70,
    0x0, 0x0, 0x5f, 0xf2, 0xf, 0xfe, 0xff, 0x10,
    0x0, 0x5, 0xff, 0x20, 0xff, 0x8e, 0xf9, 0x0,
    0x0, 0x5f, 0xf2, 0xf, 0xf7, 0x6f, 0xf2, 0x0,
    0x5, 0xff, 0x20, 0xff, 0x70, 0xdf, 0xa0, 0x0,
    0x5f, 0xf2, 0xf, 0xf7, 0x5, 0xff, 0x30, 0x5,
    0xff, 0x20, 0xff, 0x70, 0xc, 0xfc, 0x0, 0x5f,
    0xf2, 0xf, 0xf7, 0x0, 0x3f, 0xf4, 0x5, 0xff,
    0x20, 0xff, 0x70, 0x0, 0xaf, 0xd0, 0x5f, 0xf2,
    0xf, 0xf7, 0x0, 0x2, 0xff, 0x65, 0xff, 0x20,
    0xff, 0x70, 0x0, 0x9, 0xfe, 0x5f, 0xf2, 0xf,
    0xf7, 0x0, 0x0, 0x1f, 0xfc, 0xff, 0x20, 0xff,
    0x70, 0x0, 0x0, 0x7f, 0xff, 0xf2, 0xf, 0xf7,
    0x0, 0x0, 0x0, 0xef, 0xff, 0x20, 0xff, 0x70,
    0x0, 0x0, 0x6, 0xff, 0xf2,

    /* U+0144 "ń" */
    0x0, 0x0, 0x1, 0xff, 0x60, 0x0, 0x0, 0x0,
    0x8f, 0xc0, 0x0, 0x0, 0x0, 0xe, 0xf2, 0x0,
    0x0, 0x0, 0x0, 0x32, 0x0, 0x0, 0x4f, 0xf0,
    0x5c, 0xfe, 0x91, 0x4, 0xff, 0x6f, 0xff, 0xff,
    0xd0, 0x4f, 0xff, 0xa3, 0x3a, 0xff, 0x64, 0xff,
    0xb0, 0x0, 0xe, 0xfb, 0x4f, 0xf4, 0x0, 0x0,
    0xaf, 0xd4, 0xff, 0x20, 0x0, 0x9, 0xfe, 0x4f,
    0xf2, 0x0, 0x0, 0x9f, 0xe4, 0xff, 0x20, 0x0,
    0x9, 0xfe, 0x4f, 0xf2, 0x0, 0x0, 0x9f, 0xe4,
    0xff, 0x20, 0x0, 0x9, 0xfe, 0x4f, 0xf2, 0x0,
    0x0, 0x9f, 0xe4, 0xff, 0x20, 0x0, 0x9, 0xfe,
    0x4f, 0xf2, 0x0, 0x0, 0x9f, 0xe0,

    /* U+0145 "Ņ" */
    0xf, 0xff, 0x60, 0x0, 0x0, 0x5, 0xff, 0x20,
    0xff, 0xfe, 0x0, 0x0, 0x0, 0x5f, 0xf2, 0xf,
    0xff, 0xf7, 0x0, 0x0, 0x5, 0xff, 0x20, 0xff,
    0xef, 0xf1, 0x0, 0x0, 0x5f, 0xf2, 0xf, 0xf8,
    0xef, 0x90, 0x0, 0x5, 0xff, 0x20, 0xff, 0x76,
    0xff, 0x20, 0x0, 0x5f, 0xf2, 0xf, 0xf7, 0xd,
    0xfa, 0x0, 0x5, 0xff, 0x20, 0xff, 0x70, 0x5f,
    0xf3, 0x0, 0x5f, 0xf2, 0xf, 0xf7, 0x0, 0xcf,
    0xc0, 0x5, 0xff, 0x20, 0xff, 0x70, 0x3, 0xff,
    0x40, 0x5f, 0xf2, 0xf, 0xf7, 0x0, 0xa, 0xfd,
    0x5, 0xff, 0x20, 0xff, 0x70, 0x0, 0x2f, 0xf6,
    0x5f, 0xf2, 0xf, 0xf7, 0x0, 0x0, 0x9f, 0xe5,
    0xff, 0x20, 0xff, 0x70, 0x0, 0x1, 0xff, 0xcf,
    0xf2, 0xf, 0xf7, 0x0, 0x0, 0x7, 0xff, 0xff,
    0x20, 0xff, 0x70, 0x0, 0x0, 0xe, 0xff, 0xf2,
    0xf, 0xf7, 0x0, 0x0, 0x0, 0x6f, 0xff, 0x20,
    0x0, 0x0, 0x0, 0x0, 0x0, 0x0, 0x0, 0x0,
    0x0, 0x0, 0x35, 0x40, 0x0, 0x0, 0x0, 0x0,
    0x0, 0xb, 0xfd, 0x0, 0x0, 0x0, 0x0, 0x0,
    0x0, 0xbf, 0xd0, 0x0, 0x0, 0x0, 0x0, 0x0,
    0x2, 0xf6, 0x0, 0x0, 0x0, 0x0, 0x0, 0x0,
    0xcc, 0x0, 0x0, 0x0, 0x0,

    /* U+0146 "ņ" */
    0x4f, 0xf0, 0x5c, 0xfe, 0x91, 0x4, 0xff, 0x6f,
    0xff, 0xff, 0xd0, 0x4f, 0xff, 0xa3, 0x3a, 0xff,
    0x64, 0xff, 0xb0, 0x0, 0xe, 0xfb, 0x4f, 0xf4,
    0x0, 0x0, 0xaf, 0xd4, 0xff, 0x20, 0x0, 0x9,
    0xfe, 0x4f, 0xf2, 0x0, 0x0, 0x9f, 0xe4, 0xff,
    0x20, 0x0, 0x9, 0xfe, 0x4f, 0xf2, 0x0, 0x0,
    0x9f, 0xe4, 0xff, 0x20, 0x0, 0x9, 0xfe, 0x4f,
    0xf2, 0x0, 0x0, 0x9f, 0xe4, 0xff, 0x20, 0x0,
    0x9, 0xfe, 0x4f, 0xf2, 0x0, 0x0, 0x9f, 0xe0,
    0x0, 0x0, 0x0, 0x0, 0x0, 0x0, 0x0, 0x25,
    0x50, 0x0, 0x0, 0x0, 0x7, 0xff, 0x10, 0x0,
    0x0, 0x0, 0x7f, 0xf1, 0x0, 0x0, 0x0, 0x0,
    0xea, 0x0, 0x0, 0x0, 0x0, 0x9e, 0x10, 0x0,
    0x0,

    /* U+0147 "Ň" */
    0x0, 0x0, 0x4f, 0xa0, 0x1e, 0xe0, 0x0, 0x0,
    0x0, 0x0, 0xaf, 0x5b, 0xf4, 0x0, 0x0, 0x0,
    0x0, 0x1, 0xff, 0xfb, 0x0, 0x0, 0x0, 0x0,
    0x0, 0x4, 0x88, 0x10, 0x0, 0x0, 0x0, 0x0,
    0x0, 0x0, 0x0, 0x0, 0x0, 0x0, 0xff, 0xf6,
    0x0, 0x0, 0x0, 0x5f, 0xf2, 0xf, 0xff, 0xe0,
    0x0, 0x0, 0x5, 0xff, 0x20, 0xff, 0xff, 0x70,
    0x0, 0x0, 0x5f, 0xf2, 0xf, 0xfe, 0xff, 0x10,
    0x0, 0x5, 0xff, 0x20, 0xff, 0x8e, 0xf9, 0x0,
    0x0, 0x5f, 0xf2, 0xf, 0xf7, 0x6f, 0xf2, 0x0,
    0x5, 0xff, 0x20, 0xff, 0x70, 0xdf, 0xa0, 0x0,
    0x5f, 0xf2, 0xf, 0xf7, 0x5, 0xff, 0x30, 0x5,
    0xff, 0x20, 0xff, 0x70, 0xc, 0xfc, 0x0, 0x5f,
    0xf2, 0xf, 0xf7, 0x0, 0x3f, 0xf4, 0x5, 0xff,
    0x20, 0xff, 0x70, 0x0, 0xaf, 0xd0, 0x5f, 0xf2,
    0xf, 0xf7, 0x0, 0x2, 0xff, 0x65, 0xff, 0x20,
    0xff, 0x70, 0x0, 0x9, 0xfe, 0x5f, 0xf2, 0xf,
    0xf7, 0x0, 0x0, 0x1f, 0xfc, 0xff, 0x20, 0xff,
    0x70, 0x0, 0x0, 0x7f, 0xff, 0xf2, 0xf, 0xf7,
    0x0, 0x0, 0x0, 0xef, 0xff, 0x20, 0xff, 0x70,
    0x0, 0x0, 0x6, 0xff, 0xf2,

    /* U+0148 "ň" */
    0x0, 0x39, 0x40, 0x7, 0x80, 0x0, 0x0, 0xde,
    0x16, 0xf8, 0x0, 0x0, 0x4, 0xfd, 0xfd, 0x0,
    0x0, 0x0, 0x8, 0xcc, 0x30, 0x0, 0x0, 0x0,
    0x0, 0x0, 0x0, 0x4, 0xff, 0x5, 0xcf, 0xe9,
    0x10, 0x4f, 0xf6, 0xff, 0xff, 0xfd, 0x4, 0xff,
    0xfa, 0x33, 0xaf, 0xf6, 0x4f, 0xfb, 0x0, 0x0,
    0xef, 0xb4, 0xff, 0x40, 0x0, 0xa, 0xfd, 0x4f,
    0xf2, 0x0, 0x0, 0x9f, 0xe4, 0xff, 0x20, 0x0,
    0x9, 0xfe, 0x4f, 0xf2, 0x0, 0x0, 0x9f, 0xe4,
    0xff, 0x20, 0x0, 0x9, 0xfe, 0x4f, 0xf2, 0x0,
    0x0, 0x9f, 0xe4, 0xff, 0x20, 0x0, 0x9, 0xfe,
    0x4f, 0xf2, 0x0, 0x0, 0x9f, 0xe4, 0xff, 0x20,
    0x0, 0x9, 0xfe,

    /* U+0149 "ŉ" */
    0xe, 0xf4, 0x0, 0x0, 0x0, 0x0, 0x0, 0xe,
    0xf4, 0x0, 0x0, 0x0, 0x0, 0x0, 0x4, 0xe3,
    0x0, 0x0, 0x0, 0x0, 0x0, 0x5, 0xe0, 0x0,
    0x0, 0x0, 0x0, 0x0, 0x9, 0x20, 0xdf, 0x6,
    0xdf, 0xea, 0x20, 0x0, 0x0, 0xdf, 0xaf, 0xdc,
    0xef, 0xf2, 0x0, 0x0, 0xdf, 0xf4, 0x0, 0x1c,
    0xf9, 0x0, 0x0, 0xdf, 0x70, 0x0, 0x5, 0xfc,
    0x0, 0x0, 0xdf, 0x30, 0x0, 0x3, 0xfd, 0x0,
    0x0, 0xdf, 0x20, 0x0, 0x3, 0xfd, 0x0, 0x0,
    0xdf, 0x20, 0x0, 0x3, 0xfd, 0x0, 0x0, 0xdf,
    0x20, 0x0, 0x3, 0xfd, 0x0, 0x0, 0xdf, 0x20,
    0x0, 0x3, 0xfd, 0x0, 0x0, 0xdf, 0x20, 0x0,
    0x3, 0xfd, 0x0, 0x0, 0xdf, 0x20, 0x0, 0x3,
    0xfd, 0x0, 0x0, 0xdf, 0x20, 0x0, 0x3, 0xfd,

    /* U+014A "Ŋ" */
    0xf, 0xff, 0x60, 0x0, 0x0, 0x5, 0xff, 0x20,
    0xff, 0xfe, 0x0, 0x0, 0x0, 0x5f, 0xf2, 0xf,
    0xff, 0xf7, 0x0, 0x0, 0x5, 0xff, 0x20, 0xff,
    0xef, 0xf1, 0x0, 0x0, 0x5f, 0xf2, 0xf, 0xf8,
    0xef, 0x90, 0x0, 0x5, 0xff, 0x20, 0xff, 0x76,
    0xff, 0x20, 0x0, 0x5f, 0xf2, 0xf, 0xf7, 0xd,
    0xfa, 0x0, 0x5, 0xff, 0x20, 0xff, 0x70, 0x5f,
    0xf3, 0x0, 0x5f, 0xf2, 0xf, 0xf7, 0x0, 0xcf,
    0xc0, 0x5, 0xff, 0x20, 0xff, 0x70, 0x3, 0xff,
    0x40, 0x5f, 0xf2, 0xf, 0xf7, 0x0, 0xa, 0xfd,
    0x5, 0xff, 0x20, 0xff, 0x70, 0x0, 0x2f, 0xf6,
    0x5f, 0xf2, 0xf, 0xf7, 0x0, 0x0, 0x9f, 0xe5,
    0xff, 0x20, 0xff, 0x70, 0x0, 0x1, 0xff, 0xcf,
    0xf2, 0xf, 0xf7, 0x0, 0x0, 0x7, 0xff, 0xff,
    0x30, 0xff, 0x70, 0x0, 0x0, 0xe, 0xff, 0xf5,
    0xf, 0xf7, 0x0, 0x0, 0x0, 0x6f, 0xff, 0x50,
    0x0, 0x0, 0x0, 0x0, 0x0, 0x4f, 0xf1, 0x0,
    0x0, 0x0, 0x0, 0x11, 0x2a, 0xff, 0x0, 0x0,
    0x0, 0x0, 0xf, 0xff, 0xff, 0x80, 0x0, 0x0,
    0x0, 0x0, 0xff, 0xfd, 0x70, 0x0,

    /* U+014B "ŋ" */
    0x4f, 0xf0, 0x5c, 0xfe, 0x91, 0x4, 0xff, 0x6f,
    0xff, 0xff, 0xd0, 0x4f, 0xff, 0xa3, 0x3a, 0xff,
    0x64, 0xff, 0xb0, 0x0, 0xe, 0xfb, 0x4f, 0xf4,
    0x0, 0x0, 0xaf, 0xd4, 0xff, 0x20, 0x0, 0x9,
    0xfe, 0x4f, 0xf2, 0x0, 0x0, 0x9f, 0xe4, 0xff,
    0x20, 0x0, 0x9, 0xfe, 0x4f, 0xf2, 0x0, 0x0,
    0x9f, 0xe4, 0xff, 0x20, 0x0, 0x9, 0xfe, 0x4f,
    0xf2, 0x0, 0x0, 0xcf, 0xf4, 0xff, 0x20, 0x0,
    0xf, 0xff, 0x4f, 0xf2, 0x0, 0x0, 0xff, 0xf0,
    0x0, 0x0, 0x0, 0x9, 0xfd, 0x0, 0x0, 0x0,
    0x2, 0xef, 0xa0, 0x0, 0x0, 0xbf, 0xff, 0xf3,
    0x0, 0x0, 0xc, 0xff, 0xc4, 0x0,

    /* U+014C "Ō" */
    0x0, 0x0, 0x0, 0x0, 0x0, 0x0, 0x0, 0x0,
    0x0, 0x0, 0x9f, 0xff, 0xff, 0xd0, 0x0, 0x0,
    0x0, 0x0, 0x9f, 0xff, 0xff, 0xd0, 0x0, 0x0,
    0x0, 0x0, 0x0, 0x0, 0x0, 0x0, 0x0, 0x0,
    0x0, 0x0, 0x0, 0x0, 0x0, 0x0, 0x0, 0x0,
    0x0, 0x0, 0x6b, 0xef, 0xfc, 0x81, 0x0, 0x0,
    0x0, 0x2d, 0xff, 0xff, 0xff, 0xff, 0x50, 0x0,
    0x2, 0xef, 0xfd, 0x86, 0x7b, 0xff, 0xf5, 0x0,
    0xb, 0xff, 0x70, 0x0, 0x0, 0x4f, 0xfe, 0x10,
    0x3f, 0xfa, 0x0, 0x0, 0x0, 0x5, 0xff, 0x80,
    0x9f, 0xf1, 0x0, 0x0, 0x0, 0x0, 0xdf, 0xd0,
    0xcf, 0xd0, 0x0, 0x0, 0x0, 0x0, 0x8f, 0xf1,
    0xef, 0xa0, 0x0, 0x0, 0x0, 0x0, 0x6f, 0xf2,
    0xff, 0x90, 0x0, 0x0, 0x0, 0x0, 0x5f, 0xf3,
    0xef, 0xa0, 0x0, 0x0, 0x0, 0x0, 0x6f, 0xf2,
    0xcf, 0xc0, 0x0, 0x0, 0x0, 0x0, 0x8f, 0xf1,
    0x9f, 0xf1, 0x0, 0x0, 0x0, 0x0, 0xdf, 0xd0,
    0x4f, 0xf9, 0x0, 0x0, 0x0, 0x5, 0xff, 0x80,
    0xc, 0xff, 0x70, 0x0, 0x0, 0x3e, 0xff, 0x10,
    0x2, 0xff, 0xfd, 0x86, 0x7b, 0xff, 0xf6, 0x0,
    0x0, 0x2d, 0xff, 0xff, 0xff, 0xff, 0x50, 0x0,
    0x0, 0x0, 0x6b, 0xef, 0xfc, 0x81, 0x0, 0x0,

    /* U+014D "ō" */
    0x0, 0x6, 0xff, 0xff, 0xff, 0x0, 0x0, 0x0,
    0x6f, 0xff, 0xff, 0xf0, 0x0, 0x0, 0x0, 0x0,
    0x0, 0x0, 0x0, 0x0, 0x0, 0x0, 0x0, 0x0,
    0x0, 0x0, 0x0, 0x1, 0x8d, 0xfe, 0xb5, 0x0,
    0x0, 0x3, 0xef, 0xff, 0xff, 0xf9, 0x0, 0x0,
    0xef, 0xf7, 0x34, 0xbf, 0xf7, 0x0, 0x7f, 0xf5,
    0x0, 0x0, 0xcf, 0xf0, 0xc, 0xfd, 0x0, 0x0,
    0x4, 0xff, 0x50, 0xff, 0x90, 0x0, 0x0, 0x1f,
    0xf7, 0xf, 0xf8, 0x0, 0x0, 0x0, 0xff, 0x80,
    0xff, 0x90, 0x0, 0x0, 0x1f, 0xf7, 0xc, 0xfd,
    0x0, 0x0, 0x4, 0xff, 0x50, 0x7f, 0xf4, 0x0,
    0x0, 0xcf, 0xf0, 0x1, 0xef, 0xf7, 0x34, 0xbf,
    0xf7, 0x0, 0x3, 0xef, 0xff, 0xff, 0xfa, 0x0,
    0x0, 0x1, 0x8d, 0xfe, 0xb5, 0x0, 0x0,

    /* U+014E "Ŏ" */
    0x0, 0x0, 0x4f, 0x20, 0x4, 0xf2, 0x0, 0x0,
    0x0, 0x0, 0xe, 0xb2, 0x3c, 0xd0, 0x0, 0x0,
    0x0, 0x0, 0x3, 0xef, 0xfd, 0x20, 0x0, 0x0,
    0x0, 0x0, 0x0, 0x3, 0x20, 0x0, 0x0, 0x0,
    0x0, 0x0, 0x0, 0x0, 0x0, 0x0, 0x0, 0x0,
    0x0, 0x0, 0x4a, 0xdf, 0xfd, 0x93, 0x0, 0x0,
    0x0, 0x1c, 0xff, 0xfd, 0xdf, 0xff, 0xa0, 0x0,
    0x1, 0xef, 0xe5, 0x0, 0x0, 0x6e, 0xfc, 0x0,
    0xb, 0xfc, 0x10, 0x0, 0x0, 0x1, 0xef, 0x90,
    0x3f, 0xf2, 0x0, 0x0, 0x0, 0x0, 0x4f, 0xf2,
    0x8f, 0xb0, 0x0, 0x0, 0x0, 0x0, 0xc, 0xf7,
    0xcf, 0x70, 0x0, 0x0, 0x0, 0x0, 0x9, 0xfb,
    0xdf, 0x50, 0x0, 0x0, 0x0, 0x0, 0x7, 0xfc,
    0xef, 0x50, 0x0, 0x0, 0x0, 0x0, 0x7, 0xfc,
    0xcf, 0x70, 0x0, 0x0, 0x0, 0x0, 0x9, 0xfb,
    0x9f, 0xb0, 0x0, 0x0, 0x0, 0x0, 0xd, 0xf7,
    0x3f, 0xf2, 0x0, 0x0, 0x0, 0x0, 0x4f, 0xf2,
    0xb, 0xfd, 0x10, 0x0, 0x0, 0x2, 0xef, 0x90,
    0x1, 0xdf, 0xe5, 0x0, 0x1, 0x6e, 0xfc, 0x0,
    0x0, 0x1b, 0xff, 0xfe, 0xef, 0xff, 0xa0, 0x0,
    0x0, 0x0, 0x4a, 0xdf, 0xfd, 0x93, 0x0, 0x0,

    /* U+014F "ŏ" */
    0x0, 0xc, 0xc3, 0x14, 0xe8, 0x0, 0x0, 0x2,
    0xdf, 0xff, 0xb0, 0x0, 0x0, 0x0, 0x2, 0x31,
    0x0, 0x0, 0x0, 0x0, 0x0, 0x0, 0x0, 0x0,
    0x0, 0x4, 0xbe, 0xfe, 0xa2, 0x0, 0x0, 0x8f,
    0xfc, 0xad, 0xff, 0x50, 0x5, 0xfe, 0x30, 0x0,
    0x6f, 0xf2, 0xc, 0xf5, 0x0, 0x0, 0x9, 0xf9,
    0xf, 0xf0, 0x0, 0x0, 0x3, 0xfd, 0x2f, 0xe0,
    0x0, 0x0, 0x1, 0xff, 0x2f, 0xe0, 0x0, 0x0,
    0x2, 0xfe, 0xf, 0xf0, 0x0, 0x0, 0x4, 0xfd,
    0xc, 0xf6, 0x0, 0x0, 0xa, 0xf9, 0x5, 0xfe,
    0x30, 0x0, 0x5f, 0xf2, 0x0, 0x8f, 0xfc, 0xad,
    0xff, 0x50, 0x0, 0x4, 0xbe, 0xfe, 0x92, 0x0,

    /* U+0150 "Ő" */
    0x0, 0x0, 0x0, 0xdf, 0x97, 0xfe, 0x10, 0x0,
    0x0, 0x0, 0x4, 0xfe, 0x1e, 0xf5, 0x0, 0x0,
    0x0, 0x0, 0xb, 0xf5, 0x6f, 0xa0, 0x0, 0x0,
    0x0, 0x0, 0x3, 0x30, 0x23, 0x0, 0x0, 0x0,
    0x0, 0x0, 0x0, 0x0, 0x0, 0x0, 0x0, 0x0,
    0x0, 0x0, 0x6b, 0xef, 0xfc, 0x81, 0x0, 0x0,
    0x0, 0x2d, 0xff, 0xff, 0xff, 0xff, 0x50, 0x0,
    0x2, 0xef, 0xfd, 0x86, 0x7b, 0xff, 0xf5, 0x0,
    0xb, 0xff, 0x70, 0x0, 0x0, 0x4f, 0xfe, 0x10,
    0x3f, 0xfa, 0x0, 0x0, 0x0, 0x5, 0xff, 0x80,
    0x9f, 0xf1, 0x0, 0x0, 0x0, 0x0, 0xdf, 0xd0,
    0xcf, 0xd0, 0x0, 0x0, 0x0, 0x0, 0x8f, 0xf1,
    0xef, 0xa0, 0x0, 0x0, 0x0, 0x0, 0x6f, 0xf2,
    0xff, 0x90, 0x0, 0x0, 0x0, 0x0, 0x5f, 0xf3,
    0xef, 0xa0, 0x0, 0x0, 0x0, 0x0, 0x6f, 0xf2,
    0xcf, 0xc0, 0x0, 0x0, 0x0, 0x0, 0x8f, 0xf1,
    0x9f, 0xf1, 0x0, 0x0, 0x0, 0x0, 0xdf, 0xd0,
    0x4f, 0xf9, 0x0, 0x0, 0x0, 0x5, 0xff, 0x80,
    0xc, 0xff, 0x70, 0x0, 0x0, 0x3e, 0xff, 0x10,
    0x2, 0xff, 0xfd, 0x86, 0x7b, 0xff, 0xf6, 0x0,
    0x0, 0x2d, 0xff, 0xff, 0xff, 0xff, 0x50, 0x0,
    0x0, 0x0, 0x6b, 0xef, 0xfc, 0x81, 0x0, 0x0,

    /* U+0151 "ő" */
    0x0, 0x0, 0xb, 0xfb, 0x5f, 0xf2, 0x0, 0x0,
    0x2, 0xff, 0x2c, 0xf7, 0x0, 0x0, 0x0, 0x9f,
    0x74, 0xfc, 0x0, 0x0, 0x0, 0x2, 0x30, 0x13,
    0x10, 0x0, 0x0, 0x1, 0x8d, 0xfe, 0xb5, 0x0,
    0x0, 0x3, 0xef, 0xff, 0xff, 0xf9, 0x0, 0x0,
    0xef, 0xf7, 0x34, 0xbf, 0xf7, 0x0, 0x7f, 0xf5,
    0x0, 0x0, 0xcf, 0xf0, 0xc, 0xfd, 0x0, 0x0,
    0x4, 0xff, 0x50, 0xff, 0x90, 0x0, 0x0, 0x1f,
    0xf7, 0xf, 0xf8, 0x0, 0x0, 0x0, 0xff, 0x80,
    0xff, 0x90, 0x0, 0x0, 0x1f, 0xf7, 0xc, 0xfd,
    0x0, 0x0, 0x4, 0xff, 0x50, 0x7f, 0xf4, 0x0,
    0x0, 0xcf, 0xf0, 0x1, 0xef, 0xf7, 0x34, 0xbf,
    0xf7, 0x0, 0x3, 0xef, 0xff, 0xff, 0xfa, 0x0,
    0x0, 0x1, 0x8d, 0xfe, 0xb5, 0x0, 0x0,

    /* U+0152 "Œ" */
    0x0, 0x0, 0x6b, 0xef, 0xec, 0x60, 0x1f, 0xff,
    0xff, 0xff, 0xff, 0xd0, 0x0, 0x2d, 0xff, 0xff,
    0xff, 0xfd, 0x3f, 0xff, 0xff, 0xff, 0xff, 0xd0,
    0x2, 0xef, 0xfd, 0x86, 0x7b, 0xff, 0xef, 0xfa,
    0x66, 0x66, 0x66, 0x50, 0xb, 0xff, 0x70, 0x0,
    0x0, 0x4f, 0xff, 0xf6, 0x0, 0x0, 0x0, 0x0,
    0x3f, 0xf9, 0x0, 0x0, 0x0, 0x5, 0xff, 0xf6,
    0x0, 0x0, 0x0, 0x0, 0x9f, 0xf1, 0x0, 0x0,
    0x0, 0x0, 0xdf, 0xf6, 0x0, 0x0, 0x0, 0x0,
    0xcf, 0xd0, 0x0, 0x0, 0x0, 0x0, 0x8f, 0xf6,
    0x0, 0x0, 0x0, 0x0, 0xef, 0xa0, 0x0, 0x0,
    0x0, 0x0, 0x6f, 0xff, 0xff, 0xff, 0xff, 0x90,
    0xff, 0x90, 0x0, 0x0, 0x0, 0x0, 0x5f, 0xff,
    0xff, 0xff, 0xff, 0x90, 0xef, 0xa0, 0x0, 0x0,
    0x0, 0x0, 0x6f, 0xf9, 0x44, 0x44, 0x44, 0x20,
    0xcf, 0xd0, 0x0, 0x0, 0x0, 0x0, 0x8f, 0xf6,
    0x0, 0x0, 0x0, 0x0, 0x9f, 0xf1, 0x0, 0x0,
    0x0, 0x0, 0xdf, 0xf6, 0x0, 0x0, 0x0, 0x0,
    0x3f, 0xf9, 0x0, 0x0, 0x0, 0x5, 0xff, 0xf6,
    0x0, 0x0, 0x0, 0x0, 0xb, 0xff, 0x70, 0x0,
    0x0, 0x3f, 0xff, 0xf6, 0x0, 0x0, 0x0, 0x0,
    0x2, 0xef, 0xfc, 0x76, 0x7b, 0xff, 0xef, 0xf9,
    0x55, 0x55, 0x55, 0x50, 0x0, 0x2d, 0xff, 0xff,
    0xff, 0xfd, 0x3f, 0xff, 0xff, 0xff, 0xff, 0xf0,
    0x0, 0x0, 0x6b, 0xef, 0xec, 0x60, 0x1f, 0xff,
    0xff, 0xff, 0xff, 0xf0,

    /* U+0153 "œ" */
    0x0, 0x1, 0x8d, 0xfe, 0xb5, 0x0, 0x18, 0xdf,
    0xeb, 0x40, 0x0, 0x0, 0x3e, 0xff, 0xff, 0xff,
    0x92, 0xef, 0xff, 0xff, 0xf8, 0x0, 0x0, 0xef,
    0xf7, 0x34, 0xbf, 0xff, 0xfe, 0x74, 0x5b, 0xff,
    0x50, 0x7, 0xff, 0x50, 0x0, 0xc, 0xff, 0xf3,
    0x0, 0x0, 0xbf, 0xd0, 0xc, 0xfd, 0x0, 0x0,
    0x4, 0xff, 0xf0, 0x0, 0x0, 0x5f, 0xf2, 0xf,
    0xf9, 0x0, 0x0, 0x1, 0xff, 0xfe, 0xee, 0xee,
    0xff, 0xf4, 0xf, 0xf8, 0x0, 0x0, 0x0, 0xff,
    0xff, 0xff, 0xff, 0xff, 0xf5, 0xf, 0xf9, 0x0,
    0x0, 0x1, 0xff, 0xf0, 0x0, 0x0, 0x0, 0x0,
    0xc, 0xfd, 0x0, 0x0, 0x4, 0xff, 0xf0, 0x0,
    0x0, 0x1, 0x10, 0x7, 0xff, 0x40, 0x0, 0xc,
    0xff, 0xf5, 0x0, 0x0, 0xaf, 0xe0, 0x1, 0xef,
    0xf7, 0x34, 0xbf, 0xff, 0xff, 0x84, 0x4a, 0xff,
    0x70, 0x0, 0x3e, 0xff, 0xff, 0xff, 0xa3, 0xef,
    0xff, 0xff, 0xfa, 0x0, 0x0, 0x1, 0x8d, 0xfe,
    0xb5, 0x0, 0x18, 0xdf, 0xfc, 0x50, 0x0,

    /* U+0154 "Ŕ" */
    0x0, 0x0, 0x0, 0x1f, 0xf6, 0x0, 0x0, 0x0,
    0x0, 0x0, 0x7f, 0xc0, 0x0, 0x0, 0x0, 0x0,
    0x0, 0xef, 0x20, 0x0, 0x0, 0x0, 0x0, 0x0,
    0x32, 0x0, 0x0, 0x0, 0x0, 0x0, 0x0, 0x0,
    0x0, 0x0, 0x0, 0xf, 0xff, 0xff, 0xff, 0xeb,
    0x50, 0x0, 0xf, 0xff, 0xff, 0xff, 0xff, 0xfa,
    0x0, 0xf, 0xfa, 0x66, 0x66, 0x8e, 0xff, 0x70,
    0xf, 0xf7, 0x0, 0x0, 0x1, 0xef, 0xe0, 0xf,
    0xf7, 0x0, 0x0, 0x0, 0x8f, 0xf1, 0xf, 0xf7,
    0x0, 0x0, 0x0, 0x7f, 0xf1, 0xf, 0xf7, 0x0,
    0x0, 0x0, 0xcf, 0xe0, 0xf, 0xf7, 0x0, 0x0,
    0x29, 0xff, 0x60, 0xf, 0xff, 0xff, 0xff, 0xff,
    0xf7, 0x0, 0xf, 0xff, 0xff, 0xff, 0xff, 0xe6,
    0x0, 0xf, 0xfa, 0x55, 0x55, 0x6c, 0xff, 0x60,
    0xf, 0xf7, 0x0, 0x0, 0x0, 0xdf, 0xb0, 0xf,
    0xf7, 0x0, 0x0, 0x0, 0x9f, 0xe0, 0xf, 0xf7,
    0x0, 0x0, 0x0, 0x8f, 0xf0, 0xf, 0xf7, 0x0,
    0x0, 0x0, 0x6f, 0xf1, 0xf, 0xf7, 0x0, 0x0,
    0x0, 0x5f, 0xf2, 0xf, 0xf7, 0x0, 0x0, 0x0,
    0x3f, 0xf4,

    /* U+0155 "ŕ" */
    0x0, 0x1, 0xff, 0x60, 0x0, 0x8, 0xfb, 0x0,
    0x0, 0xe, 0xf2, 0x0, 0x0, 0x3, 0x20, 0x0,
    0x4f, 0xf0, 0x9e, 0xf2, 0x4f, 0xf9, 0xff, 0xf2,
    0x4f, 0xff, 0x94, 0x40, 0x4f, 0xf8, 0x0, 0x0,
    0x4f, 0xf3, 0x0, 0x0, 0x4f, 0xf2, 0x0, 0x0,
    0x4f, 0xf2, 0x0, 0x0, 0x4f, 0xf2, 0x0, 0x0,
    0x4f, 0xf2, 0x0, 0x0, 0x4f, 0xf2, 0x0, 0x0,
    0x4f, 0xf2, 0x0, 0x0, 0x4f, 0xf2, 0x0, 0x0,
    0x4f, 0xf2, 0x0, 0x0,

    /* U+0156 "Ŗ" */
    0xf, 0xff, 0xff, 0xff, 0xeb, 0x50, 0x0, 0xf,
    0xff, 0xff, 0xff, 0xff, 0xfa, 0x0, 0xf, 0xfa,
    0x66, 0x66, 0x9f, 0xff, 0x70, 0xf, 0xf7, 0x0,
    0x0, 0x2, 0xff, 0xe0, 0xf, 0xf7, 0x0, 0x0,
    0x0, 0x9f, 0xf1, 0xf, 0xf7, 0x0, 0x0, 0x0,
    0x7f, 0xf1, 0xf, 0xf7, 0x0, 0x0, 0x0, 0x9f,
    0xe0, 0xf, 0xf7, 0x0, 0x0, 0x1, 0xff, 0x60,
    0xf, 0xfa, 0x55, 0x56, 0x8e, 0xf7, 0x0, 0xf,
    0xff, 0xff, 0xff, 0xff, 0xe6, 0x0, 0xf, 0xff,
    0xff, 0xff, 0xff, 0xff, 0x60, 0xf, 0xf7, 0x0,
    0x0, 0x16, 0xff, 0xb0, 0xf, 0xf7, 0x0, 0x0,
    0x0, 0xaf, 0xe0, 0xf, 0xf7, 0x0, 0x0, 0x0,
    0x8f, 0xf0, 0xf, 0xf7, 0x0, 0x0, 0x0, 0x7f,
    0xf1, 0xf, 0xf7, 0x0, 0x0, 0x0, 0x5f, 0xf2,
    0xf, 0xf7, 0x0, 0x0, 0x0, 0x4f, 0xf4, 0x0,
    0x0, 0x0, 0x0, 0x0, 0x0, 0x0, 0x0, 0x0,
    0x0, 0x55, 0x20, 0x0, 0x0, 0x0, 0x0, 0x2,
    0xff, 0x60, 0x0, 0x0, 0x0, 0x0, 0x2, 0xff,
    0x60, 0x0, 0x0, 0x0, 0x0, 0x0, 0xae, 0x0,
    0x0, 0x0, 0x0, 0x0, 0x4, 0xf5, 0x0, 0x0,
    0x0,

    /* U+0157 "ŗ" */
    0x4f, 0xf0, 0x9e, 0xf2, 0x4f, 0xf9, 0xff, 0xf2,
    0x4f, 0xff, 0x94, 0x40, 0x4f, 0xf8, 0x0, 0x0,
    0x4f, 0xf3, 0x0, 0x0, 0x4f, 0xf2, 0x0, 0x0,
    0x4f, 0xf2, 0x0, 0x0, 0x4f, 0xf2, 0x0, 0x0,
    0x4f, 0xf2, 0x0, 0x0, 0x4f, 0xf2, 0x0, 0x0,
    0x4f, 0xf2, 0x0, 0x0, 0x4f, 0xf2, 0x0, 0x0,
    0x4f, 0xf2, 0x0, 0x0, 0x0, 0x0, 0x0, 0x0,
    0x15, 0x51, 0x0, 0x0, 0x5f, 0xf3, 0x0, 0x0,
    0x5f, 0xf3, 0x0, 0x0, 0xc, 0xc0, 0x0, 0x0,
    0x6f, 0x20, 0x0, 0x0,

    /* U+0158 "Ř" */
    0x0, 0x4, 0xfa, 0x1, 0xed, 0x0, 0x0, 0x0,
    0x0, 0xaf, 0x5b, 0xf4, 0x0, 0x0, 0x0, 0x0,
    0x1f, 0xff, 0xa0, 0x0, 0x0, 0x0, 0x0, 0x4,
    0x88, 0x10, 0x0, 0x0, 0x0, 0x0, 0x0, 0x0,
    0x0, 0x0, 0x0, 0xf, 0xff, 0xff, 0xff, 0xeb,
    0x50, 0x0, 0xf, 0xff, 0xff, 0xff, 0xff, 0xfa,
    0x0, 0xf, 0xfa, 0x66, 0x66, 0x8e, 0xff, 0x70,
    0xf, 0xf7, 0x0, 0x0, 0x1, 0xef, 0xe0, 0xf,
    0xf7, 0x0, 0x0, 0x0, 0x8f, 0xf1, 0xf, 0xf7,
    0x0, 0x0, 0x0, 0x7f, 0xf1, 0xf, 0xf7, 0x0,
    0x0, 0x0, 0xcf, 0xe0, 0xf, 0xf7, 0x0, 0x0,
    0x29, 0xff, 0x60, 0xf, 0xff, 0xff, 0xff, 0xff,
    0xf7, 0x0, 0xf, 0xff, 0xff, 0xff, 0xff, 0xe6,
    0x0, 0xf, 0xfa, 0x55, 0x55, 0x6c, 0xff, 0x60,
    0xf, 0xf7, 0x0, 0x0, 0x0, 0xdf, 0xb0, 0xf,
    0xf7, 0x0, 0x0, 0x0, 0x9f, 0xe0, 0xf, 0xf7,
    0x0, 0x0, 0x0, 0x8f, 0xf0, 0xf, 0xf7, 0x0,
    0x0, 0x0, 0x6f, 0xf1, 0xf, 0xf7, 0x0, 0x0,
    0x0, 0x5f, 0xf2, 0xf, 0xf7, 0x0, 0x0, 0x0,
    0x3f, 0xf4,

    /* U+0159 "ř" */
    0x38, 0x30, 0x6, 0x70, 0x1e, 0xe1, 0x6f, 0x90,
    0x6, 0xfc, 0xfe, 0x0, 0x0, 0xcf, 0xf5, 0x0,
    0x0, 0x0, 0x0, 0x0, 0x4f, 0xf0, 0x9e, 0xf2,
    0x4f, 0xf9, 0xff, 0xf2, 0x4f, 0xff, 0x94, 0x40,
    0x4f, 0xf8, 0x0, 0x0, 0x4f, 0xf3, 0x0, 0x0,
    0x4f, 0xf2, 0x0, 0x0, 0x4f, 0xf2, 0x0, 0x0,
    0x4f, 0xf2, 0x0, 0x0, 0x4f, 0xf2, 0x0, 0x0,
    0x4f, 0xf2, 0x0, 0x0, 0x4f, 0xf2, 0x0, 0x0,
    0x4f, 0xf2, 0x0, 0x0, 0x4f, 0xf2, 0x0, 0x0,

    /* U+015A "Ś" */
    0x0, 0x0, 0x0, 0x9f, 0xd0, 0x0, 0x0, 0x0,
    0x0, 0x1f, 0xf3, 0x0, 0x0, 0x0, 0x0, 0x8,
    0xf8, 0x0, 0x0, 0x0, 0x0, 0x0, 0x23, 0x0,
    0x0, 0x0, 0x0, 0x0, 0x0, 0x0, 0x0, 0x0,
    0x0, 0x0, 0x7c, 0xef, 0xda, 0x30, 0x0, 0x2,
    0xef, 0xff, 0xff, 0xff, 0x70, 0x0, 0xdf, 0xfb,
    0x66, 0x8e, 0xff, 0x60, 0x3f, 0xf9, 0x0, 0x0,
    0x1d, 0xfe, 0x5, 0xff, 0x30, 0x0, 0x0, 0x5f,
    0xf4, 0x5f, 0xf5, 0x0, 0x0, 0x0, 0x66, 0x20,
    0xff, 0xe6, 0x10, 0x0, 0x0, 0x0, 0x4, 0xef,
    0xff, 0xc8, 0x30, 0x0, 0x0, 0x1, 0x8d, 0xff,
    0xff, 0xd6, 0x0, 0x0, 0x0, 0x2, 0x6b, 0xff,
    0xfa, 0x0, 0x0, 0x0, 0x0, 0x2, 0xbf, 0xf6,
    0x8b, 0xa0, 0x0, 0x0, 0x0, 0xef, 0xb8, 0xff,
    0x20, 0x0, 0x0, 0xc, 0xfc, 0x2f, 0xfc, 0x0,
    0x0, 0x2, 0xff, 0x90, 0x9f, 0xfe, 0x85, 0x58,
    0xef, 0xf3, 0x0, 0xaf, 0xff, 0xff, 0xff, 0xf6,
    0x0, 0x0, 0x4a, 0xdf, 0xfd, 0x92, 0x0,

    /* U+015B "ś" */
    0x0, 0x0, 0x0, 0xbf, 0xb0, 0x0, 0x0, 0x0,
    0x2, 0xff, 0x20, 0x0, 0x0, 0x0, 0x9, 0xf7,
    0x0, 0x0, 0x0, 0x0, 0x2, 0x30, 0x0, 0x0,
    0x0, 0x6, 0xcf, 0xfe, 0x92, 0x0, 0x0, 0xbf,
    0xff, 0xff, 0xff, 0x30, 0x5, 0xff, 0xa3, 0x25,
    0xef, 0xd0, 0x8, 0xff, 0x0, 0x0, 0x4f, 0xf3,
    0x8, 0xff, 0x20, 0x0, 0x3, 0x31, 0x3, 0xff,
    0xe8, 0x51, 0x0, 0x0, 0x0, 0x4d, 0xff, 0xff,
    0xd7, 0x0, 0x0, 0x0, 0x37, 0xbe, 0xff, 0xb0,
    0x4, 0x42, 0x0, 0x0, 0x8f, 0xf3, 0xe, 0xfc,
    0x0, 0x0, 0x4f, 0xf5, 0x8, 0xff, 0xa3, 0x24,
    0xcf, 0xf2, 0x0, 0xcf, 0xff, 0xff, 0xff, 0x80,
    0x0, 0x6, 0xce, 0xfe, 0xb4, 0x0,

    /* U+015C "Ŝ" */
    0x0, 0x0, 0x5f, 0xfd, 0x0, 0x0, 0x0, 0x0,
    0x2f, 0xc4, 0xf9, 0x0, 0x0, 0x0, 0xc, 0xf2,
    0x9, 0xf4, 0x0, 0x0, 0x0, 0x0, 0x0, 0x0,
    0x0, 0x0, 0x0, 0x0, 0x0, 0x0, 0x0, 0x0,
    0x0, 0x0, 0x7c, 0xef, 0xda, 0x30, 0x0, 0x2,
    0xef, 0xff, 0xff, 0xff, 0x70, 0x0, 0xdf, 0xfb,
    0x66, 0x8e, 0xff, 0x60, 0x3f, 0xf9, 0x0, 0x0,
    0x1d, 0xfe, 0x5, 0xff, 0x30, 0x0, 0x0, 0x5f,
    0xf4, 0x5f, 0xf5, 0x0, 0x0, 0x0, 0x66, 0x20,
    0xff, 0xe6, 0x10, 0x0, 0x0, 0x0, 0x4, 0xef,
    0xff, 0xc8, 0x30, 0x0, 0x0, 0x1, 0x8d, 0xff,
    0xff, 0xd6, 0x0, 0x0, 0x0, 0x2, 0x6b, 0xff,
    0xfa, 0x0, 0x0, 0x0, 0x0, 0x2, 0xbf, 0xf6,
    0x8b, 0xa0, 0x0, 0x0, 0x0, 0xef, 0xb8, 0xff,
    0x20, 0x0, 0x0, 0xc, 0xfc, 0x2f, 0xfc, 0x0,
    0x0, 0x2, 0xff, 0x90, 0x9f, 0xfe, 0x85, 0x58,
    0xef, 0xf3, 0x0, 0xaf, 0xff, 0xff, 0xff, 0xf6,
    0x0, 0x0, 0x4a, 0xdf, 0xfd, 0x92, 0x0,

    /* U+015D "ŝ" */
    0x0, 0x0, 0x6f, 0xfb, 0x0, 0x0, 0x0, 0x1,
    0xef, 0xdf, 0x40, 0x0, 0x0, 0x9, 0xf6, 0x2f,
    0xd0, 0x0, 0x0, 0xa, 0x90, 0x6, 0xa3, 0x0,
    0x0, 0x0, 0x0, 0x0, 0x0, 0x0, 0x0, 0x6,
    0xcf, 0xfe, 0x92, 0x0, 0x0, 0xbf, 0xff, 0xff,
    0xff, 0x30, 0x5, 0xff, 0xa3, 0x25, 0xef, 0xd0,
    0x8, 0xff, 0x0, 0x0, 0x4f, 0xf3, 0x8, 0xff,
    0x20, 0x0, 0x3, 0x31, 0x3, 0xff, 0xe8, 0x51,
    0x0, 0x0, 0x0, 0x4d, 0xff, 0xff, 0xd7, 0x0,
    0x0, 0x0, 0x37, 0xbe, 0xff, 0xb0, 0x4, 0x42,
    0x0, 0x0, 0x8f, 0xf3, 0xe, 0xfc, 0x0, 0x0,
    0x4f, 0xf5, 0x8, 0xff, 0xa3, 0x24, 0xcf, 0xf2,
    0x0, 0xcf, 0xff, 0xff, 0xff, 0x80, 0x0, 0x6,
    0xce, 0xfe, 0xb4, 0x0,

    /* U+015E "Ş" */
    0x0, 0x7, 0xce, 0xfd, 0xa3, 0x0, 0x0, 0x2e,
    0xff, 0xff, 0xff, 0xf7, 0x0, 0xd, 0xff, 0xb6,
    0x68, 0xef, 0xf6, 0x3, 0xff, 0x90, 0x0, 0x1,
    0xdf, 0xe0, 0x5f, 0xf3, 0x0, 0x0, 0x5, 0xff,
    0x45, 0xff, 0x50, 0x0, 0x0, 0x6, 0x62, 0xf,
    0xfe, 0x61, 0x0, 0x0, 0x0, 0x0, 0x4e, 0xff,
    0xfc, 0x83, 0x0, 0x0, 0x0, 0x18, 0xdf, 0xff,
    0xfd, 0x60, 0x0, 0x0, 0x0, 0x26, 0xbf, 0xff,
    0xa0, 0x0, 0x0, 0x0, 0x0, 0x2b, 0xff, 0x68,
    0xba, 0x0, 0x0, 0x0, 0xe, 0xfb, 0x8f, 0xf2,
    0x0, 0x0, 0x0, 0xcf, 0xc2, 0xff, 0xc0, 0x0,
    0x0, 0x2f, 0xf9, 0x9, 0xff, 0xe8, 0x55, 0x8e,
    0xff, 0x30, 0xa, 0xff, 0xff, 0xff, 0xff, 0x60,
    0x0, 0x4, 0xaf, 0xff, 0xd9, 0x20, 0x0, 0x0,
    0x0, 0x9f, 0x70, 0x0, 0x0, 0x0, 0x0, 0x3,
    0xcf, 0xc0, 0x0, 0x0, 0x0, 0x0, 0x0, 0x7f,
    0x10, 0x0, 0x0, 0x1, 0xe8, 0x3a, 0xf1, 0x0,
    0x0, 0x0, 0x9, 0xff, 0xf7, 0x0, 0x0, 0x0,
    0x0, 0x2, 0x42, 0x0, 0x0, 0x0,

    /* U+015F "ş" */
    0x0, 0x6, 0xcf, 0xfe, 0x92, 0x0, 0x0, 0xbf,
    0xff, 0xff, 0xff, 0x30, 0x5, 0xff, 0xa3, 0x25,
    0xef, 0xd0, 0x8, 0xff, 0x0, 0x0, 0x4f, 0xf3,
    0x8, 0xff, 0x20, 0x0, 0x3, 0x31, 0x3, 0xff,
    0xe8, 0x51, 0x0, 0x0, 0x0, 0x4d, 0xff, 0xff,
    0xd7, 0x0, 0x0, 0x0, 0x37, 0xbe, 0xff, 0xb0,
    0x4, 0x42, 0x0, 0x0, 0x8f, 0xf3, 0xe, 0xfc,
    0x0, 0x0, 0x4f, 0xf5, 0x8, 0xff, 0xa3, 0x24,
    0xcf, 0xf2, 0x0, 0xcf, 0xff, 0xff, 0xff, 0x80,
    0x0, 0x6, 0xcf, 0xff, 0xb4, 0x0, 0x0, 0x0,
    0xe, 0xd2, 0x0, 0x0, 0x0, 0x0, 0x9, 0xef,
    0x50, 0x0, 0x0, 0x0, 0x0, 0xd, 0xb0, 0x0,
    0x0, 0x6, 0xe4, 0x3e, 0xa0, 0x0, 0x0, 0x1,
    0xdf, 0xfe, 0x30, 0x0, 0x0, 0x0, 0x3, 0x40,
    0x0, 0x0,

    /* U+0160 "Š" */
    0x0, 0xc, 0xf2, 0x9, 0xf4, 0x0, 0x0, 0x0,
    0x2f, 0xc4, 0xf9, 0x0, 0x0, 0x0, 0x0, 0x5f,
    0xfd, 0x0, 0x0, 0x0, 0x0, 0x0, 0x0, 0x0,
    0x0, 0x0, 0x0, 0x0, 0x0, 0x0, 0x0, 0x0,
    0x0, 0x0, 0x7c, 0xef, 0xda, 0x30, 0x0, 0x2,
    0xef, 0xff, 0xff, 0xff, 0x70, 0x0, 0xdf, 0xfb,
    0x66, 0x8e, 0xff, 0x60, 0x3f, 0xf9, 0x0, 0x0,
    0x1d, 0xfe, 0x5, 0xff, 0x30, 0x0, 0x0, 0x5f,
    0xf4, 0x5f, 0xf5, 0x0, 0x0, 0x0, 0x66, 0x20,
    0xff, 0xe6, 0x10, 0x0, 0x0, 0x0, 0x4, 0xef,
    0xff, 0xc8, 0x30, 0x0, 0x0, 0x1, 0x8d, 0xff,
    0xff, 0xd6, 0x0, 0x0, 0x0, 0x2, 0x6b, 0xff,
    0xfa, 0x0, 0x0, 0x0, 0x0, 0x2, 0xbf, 0xf6,
    0x8b, 0xa0, 0x0, 0x0, 0x0, 0xef, 0xb8, 0xff,
    0x20, 0x0, 0x0, 0xc, 0xfc, 0x2f, 0xfc, 0x0,
    0x0, 0x2, 0xff, 0x90, 0x9f, 0xfe, 0x85, 0x58,
    0xef, 0xf3, 0x0, 0xaf, 0xff, 0xff, 0xff, 0xf6,
    0x0, 0x0, 0x4a, 0xdf, 0xfd, 0x92, 0x0,

    /* U+0161 "š" */
    0x0, 0xc, 0xb0, 0x8, 0xd3, 0x0, 0x0, 0x7,
    0xf8, 0x3f, 0xb0, 0x0, 0x0, 0x0, 0xdf, 0xff,
    0x20, 0x0, 0x0, 0x0, 0x3b, 0xb6, 0x0, 0x0,
    0x0, 0x0, 0x0, 0x0, 0x0, 0x0, 0x0, 0x6,
    0xcf, 0xfe, 0xa2, 0x0, 0x0, 0xbf, 0xff, 0xff,
    0xff, 0x40, 0x5, 0xff, 0xa3, 0x25, 0xef, 0xe0,
    0x8, 0xff, 0x0, 0x0, 0x4f, 0xf4, 0x8, 0xff,
    0x20, 0x0, 0x0, 0x0, 0x3, 0xff, 0xe8, 0x51,
    0x0, 0x0, 0x0, 0x4d, 0xff, 0xff, 0xd7, 0x0,
    0x0, 0x0, 0x37, 0xbe, 0xff, 0xb0, 0x5, 0x52,
    0x0, 0x0, 0x8f, 0xf3, 0xe, 0xfc, 0x0, 0x0,
    0x4f, 0xf5, 0x8, 0xff, 0xa3, 0x24, 0xcf, 0xf2,
    0x0, 0xcf, 0xff, 0xff, 0xff, 0x80, 0x0, 0x6,
    0xce, 0xfe, 0xb4, 0x0,

    /* U+0162 "Ţ" */
    0xbf, 0xff, 0xff, 0xff, 0xff, 0xff, 0xcb, 0xff,
    0xff, 0xff, 0xff, 0xff, 0xfc, 0x46, 0x66, 0x6d,
    0xfd, 0x66, 0x66, 0x40, 0x0, 0x0, 0xbf, 0xc0,
    0x0, 0x0, 0x0, 0x0, 0xb, 0xfc, 0x0, 0x0,
    0x0, 0x0, 0x0, 0xbf, 0xc0, 0x0, 0x0, 0x0,
    0x0, 0xb, 0xfc, 0x0, 0x0, 0x0, 0x0, 0x0,
    0xbf, 0xc0, 0x0, 0x0, 0x0, 0x0, 0xb, 0xfc,
    0x0, 0x0, 0x0, 0x0, 0x0, 0xbf, 0xc0, 0x0,
    0x0, 0x0, 0x0, 0xb, 0xfc, 0x0, 0x0, 0x0,
    0x0, 0x0, 0xbf, 0xc0, 0x0, 0x0, 0x0, 0x0,
    0xb, 0xfc, 0x0, 0x0, 0x0, 0x0, 0x0, 0xbf,
    0xc0, 0x0, 0x0, 0x0, 0x0, 0xb, 0xfc, 0x0,
    0x0, 0x0, 0x0, 0x0, 0xbf, 0xc0, 0x0, 0x0,
    0x0, 0x0, 0xb, 0xfe, 0x0, 0x0, 0x0, 0x0,
    0x0, 0x8f, 0x20, 0x0, 0x0, 0x0, 0x0, 0x9,
    0xff, 0x60, 0x0, 0x0, 0x0, 0x0, 0x0, 0xbe,
    0x0, 0x0, 0x0, 0x3, 0xe6, 0x3c, 0xe0, 0x0,
    0x0, 0x0, 0xb, 0xff, 0xf5, 0x0, 0x0, 0x0,
    0x0, 0x3, 0x41, 0x0, 0x0, 0x0,

    /* U+0163 "ţ" */
    0x0, 0x78, 0x30, 0x0, 0x0, 0xff, 0x70, 0x0,
    0x0, 0xff, 0x70, 0x0, 0xdf, 0xff, 0xff, 0xfb,
    0xdf, 0xff, 0xff, 0xfb, 0x11, 0xff, 0x81, 0x10,
    0x0, 0xff, 0x70, 0x0, 0x0, 0xff, 0x70, 0x0,
    0x0, 0xff, 0x70, 0x0, 0x0, 0xff, 0x70, 0x0,
    0x0, 0xff, 0x70, 0x0, 0x0, 0xff, 0x70, 0x0,
    0x0, 0xff, 0x70, 0x0, 0x0, 0xdf, 0xc2, 0x10,
    0x0, 0x8f, 0xff, 0xfb, 0x0, 0x9, 0xff, 0xfb,
    0x0, 0x7, 0xf2, 0x0, 0x0, 0x8, 0xff, 0x70,
    0x0, 0x0, 0xa, 0xf0, 0x2, 0xe6, 0x3b, 0xf0,
    0x0, 0xaf, 0xff, 0x60, 0x0, 0x2, 0x42, 0x0,

    /* U+0164 "Ť" */
    0x0, 0x8, 0xf5, 0x4, 0xf9, 0x0, 0x0, 0x0,
    0xe, 0xf3, 0xee, 0x10, 0x0, 0x0, 0x0, 0x5f,
    0xff, 0x60, 0x0, 0x0, 0x0, 0x0, 0x78, 0x70,
    0x0, 0x0, 0x0, 0x0, 0x0, 0x0, 0x0, 0x0,
    0xb, 0xff, 0xff, 0xff, 0xff, 0xff, 0xfc, 0xbf,
    0xff, 0xff, 0xff, 0xff, 0xff, 0xc4, 0x66, 0x66,
    0xdf, 0xd6, 0x66, 0x64, 0x0, 0x0, 0xb, 0xfc,
    0x0, 0x0, 0x0, 0x0, 0x0, 0xbf, 0xc0, 0x0,
    0x0, 0x0, 0x0, 0xb, 0xfc, 0x0, 0x0, 0x0,
    0x0, 0x0, 0xbf, 0xc0, 0x0, 0x0, 0x0, 0x0,
    0xb, 0xfc, 0x0, 0x0, 0x0, 0x0, 0x0, 0xbf,
    0xc0, 0x0, 0x0, 0x0, 0x0, 0xb, 0xfc, 0x0,
    0x0, 0x0, 0x0, 0x0, 0xbf, 0xc0, 0x0, 0x0,
    0x0, 0x0, 0xb, 0xfc, 0x0, 0x0, 0x0, 0x0,
    0x0, 0xbf, 0xc0, 0x0, 0x0, 0x0, 0x0, 0xb,
    0xfc, 0x0, 0x0, 0x0, 0x0, 0x0, 0xbf, 0xc0,
    0x0, 0x0, 0x0, 0x0, 0xb, 0xfc, 0x0, 0x0,
    0x0, 0x0, 0x0, 0xbf, 0xc0, 0x0, 0x0,

    /* U+0165 "ť" */
    0x0, 0x0, 0x0, 0x2, 0x10, 0x0, 0x0, 0x6,
    0xfb, 0x0, 0x0, 0x0, 0x8f, 0x80, 0x7, 0x73,
    0xa, 0xf4, 0x0, 0xff, 0x70, 0xcf, 0x0, 0xf,
    0xf7, 0xf, 0xc0, 0xdf, 0xff, 0xff, 0xfb, 0xd,
    0xff, 0xff, 0xff, 0xb0, 0x11, 0xff, 0x81, 0x10,
    0x0, 0xf, 0xf7, 0x0, 0x0, 0x0, 0xff, 0x70,
    0x0, 0x0, 0xf, 0xf7, 0x0, 0x0, 0x0, 0xff,
    0x70, 0x0, 0x0, 0xf, 0xf7, 0x0, 0x0, 0x0,
    0xff, 0x70, 0x0, 0x0, 0xf, 0xf7, 0x0, 0x0,
    0x0, 0xdf, 0xc2, 0x10, 0x0, 0x8, 0xff, 0xff,
    0xb0, 0x0, 0x9, 0xef, 0xfb, 0x0,

    /* U+0166 "Ŧ" */
    0xbf, 0xff, 0xff, 0xff, 0xff, 0xff, 0xcb, 0xff,
    0xff, 0xff, 0xff, 0xff, 0xfc, 0x46, 0x66, 0x6d,
    0xfd, 0x66, 0x66, 0x40, 0x0, 0x0, 0xbf, 0xc0,
    0x0, 0x0, 0x0, 0x0, 0xb, 0xfc, 0x0, 0x0,
    0x0, 0x0, 0x0, 0xbf, 0xc0, 0x0, 0x0, 0x0,
    0x0, 0xb, 0xfc, 0x0, 0x0, 0x0, 0x1, 0x22,
    0xdf, 0xe2, 0x21, 0x0, 0x0, 0xcf, 0xff, 0xff,
    0xff, 0xd0, 0x0, 0xc, 0xff, 0xff, 0xff, 0xfd,
    0x0, 0x0, 0x0, 0xb, 0xfc, 0x0, 0x0, 0x0,
    0x0, 0x0, 0xbf, 0xc0, 0x0, 0x0, 0x0, 0x0,
    0xb, 0xfc, 0x0, 0x0, 0x0, 0x0, 0x0, 0xbf,
    0xc0, 0x0, 0x0, 0x0, 0x0, 0xb, 0xfc, 0x0,
    0x0, 0x0, 0x0, 0x0, 0xbf, 0xc0, 0x0, 0x0,
    0x0, 0x0, 0xb, 0xfc, 0x0, 0x0, 0x0,

    /* U+0167 "ŧ" */
    0x0, 0x78, 0x30, 0x0, 0x0, 0xff, 0x70, 0x0,
    0x0, 0xff, 0x70, 0x0, 0xdf, 0xff, 0xff, 0xfb,
    0xdf, 0xff, 0xff, 0xfb, 0x11, 0xff, 0x81, 0x10,
    0x0, 0xff, 0x70, 0x0, 0x0, 0xff, 0x70, 0x0,
    0xac, 0xff, 0xfc, 0xc6, 0xdf, 0xff, 0xff, 0xf8,
    0x0, 0xff, 0x70, 0x0, 0x0, 0xff, 0x70, 0x0,
    0x0, 0xff, 0x70, 0x0, 0x0, 0xdf, 0xc2, 0x10,
    0x0, 0x8f, 0xff, 0xfb, 0x0, 0x8, 0xef, 0xfb,

    /* U+0168 "Ũ" */
    0x0, 0x0, 0xaf, 0xb2, 0xc, 0x90, 0x0, 0x0,
    0x7, 0xfa, 0xfe, 0xaf, 0x50, 0x0, 0x0, 0xa,
    0xb0, 0x2c, 0xf9, 0x0, 0x0, 0x0, 0x0, 0x0,
    0x0, 0x0, 0x0, 0x0, 0x0, 0x0, 0x0, 0x0,
    0x0, 0x0, 0x0, 0x5f, 0xf1, 0x0, 0x0, 0x0,
    0x2f, 0xf5, 0x5f, 0xf1, 0x0, 0x0, 0x0, 0x2f,
    0xf5, 0x5f, 0xf1, 0x0, 0x0, 0x0, 0x2f, 0xf5,
    0x5f, 0xf1, 0x0, 0x0, 0x0, 0x2f, 0xf5, 0x5f,
    0xf1, 0x0, 0x0, 0x0, 0x2f, 0xf5, 0x5f, 0xf1,
    0x0, 0x0, 0x0, 0x2f, 0xf5, 0x5f, 0xf1, 0x0,
    0x0, 0x0, 0x2f, 0xf5, 0x5f, 0xf1, 0x0, 0x0,
    0x0, 0x2f, 0xf5, 0x5f, 0xf1, 0x0, 0x0, 0x0,
    0x2f, 0xf5, 0x5f, 0xf1, 0x0, 0x0, 0x0, 0x2f,
    0xf5, 0x5f, 0xf1, 0x0, 0x0, 0x0, 0x2f, 0xf5,
    0x4f, 0xf2, 0x0, 0x0, 0x0, 0x3f, 0xf3, 0x2f,
    0xf6, 0x0, 0x0, 0x0, 0x7f, 0xf1, 0xd, 0xfe,
    0x20, 0x0, 0x2, 0xef, 0xc0, 0x4, 0xff, 0xf9,
    0x66, 0x9f, 0xff, 0x40, 0x0, 0x6f, 0xff, 0xff,
    0xff, 0xf6, 0x0, 0x0, 0x2, 0x9d, 0xff, 0xd9,
    0x20, 0x0,

    /* U+0169 "ũ" */
    0x0, 0x8e, 0xfd, 0xac, 0xf0, 0x0, 0x3f, 0xba,
    0xdf, 0xe5, 0x0, 0x0, 0x0, 0x0, 0x0, 0x0,
    0x0, 0x0, 0x0, 0x0, 0x0, 0x0, 0x4f, 0xf2,
    0x0, 0x0, 0xbf, 0xc4, 0xff, 0x20, 0x0, 0xb,
    0xfc, 0x4f, 0xf2, 0x0, 0x0, 0xbf, 0xc4, 0xff,
    0x20, 0x0, 0xb, 0xfc, 0x4f, 0xf2, 0x0, 0x0,
    0xbf, 0xc4, 0xff, 0x20, 0x0, 0xb, 0xfc, 0x4f,
    0xf2, 0x0, 0x0, 0xbf, 0xc4, 0xff, 0x20, 0x0,
    0xb, 0xfc, 0x4f, 0xf3, 0x0, 0x0, 0xdf, 0xc2,
    0xff, 0x70, 0x0, 0x3f, 0xfc, 0xe, 0xff, 0x62,
    0x5e, 0xff, 0xc0, 0x5f, 0xff, 0xff, 0xd9, 0xfc,
    0x0, 0x5c, 0xfe, 0x91, 0x8f, 0xc0,

    /* U+016A "Ū" */
    0x0, 0x0, 0x0, 0x0, 0x0, 0x0, 0x0, 0x0,
    0x3, 0xff, 0xff, 0xff, 0x20, 0x0, 0x0, 0x3,
    0xff, 0xff, 0xff, 0x20, 0x0, 0x0, 0x0, 0x0,
    0x0, 0x0, 0x0, 0x0, 0x0, 0x0, 0x0, 0x0,
    0x0, 0x0, 0x0, 0x5f, 0xf1, 0x0, 0x0, 0x0,
    0x2f, 0xf5, 0x5f, 0xf1, 0x0, 0x0, 0x0, 0x2f,
    0xf5, 0x5f, 0xf1, 0x0, 0x0, 0x0, 0x2f, 0xf5,
    0x5f, 0xf1, 0x0, 0x0, 0x0, 0x2f, 0xf5, 0x5f,
    0xf1, 0x0, 0x0, 0x0, 0x2f, 0xf5, 0x5f, 0xf1,
    0x0, 0x0, 0x0, 0x2f, 0xf5, 0x5f, 0xf1, 0x0,
    0x0, 0x0, 0x2f, 0xf5, 0x5f, 0xf1, 0x0, 0x0,
    0x0, 0x2f, 0xf5, 0x5f, 0xf1, 0x0, 0x0, 0x0,
    0x2f, 0xf5, 0x5f, 0xf1, 0x0, 0x0, 0x0, 0x2f,
    0xf5, 0x5f, 0xf1, 0x0, 0x0, 0x0, 0x2f, 0xf5,
    0x4f, 0xf2, 0x0, 0x0, 0x0, 0x3f, 0xf3, 0x2f,
    0xf6, 0x0, 0x0, 0x0, 0x7f, 0xf1, 0xd, 0xfe,
    0x20, 0x0, 0x2, 0xef, 0xc0, 0x4, 0xff, 0xf9,
    0x66, 0x9f, 0xff, 0x40, 0x0, 0x6f, 0xff, 0xff,
    0xff, 0xf6, 0x0, 0x0, 0x2, 0x9d, 0xff, 0xd9,
    0x20, 0x0,

    /* U+016B "ū" */
    0x0, 0x8f, 0xff, 0xff, 0xd0, 0x0, 0x8, 0xff,
    0xff, 0xfd, 0x0, 0x0, 0x0, 0x0, 0x0, 0x0,
    0x0, 0x0, 0x0, 0x0, 0x0, 0x0, 0x4f, 0xf2,
    0x0, 0x0, 0xbf, 0xc4, 0xff, 0x20, 0x0, 0xb,
    0xfc, 0x4f, 0xf2, 0x0, 0x0, 0xbf, 0xc4, 0xff,
    0x20, 0x0, 0xb, 0xfc, 0x4f, 0xf2, 0x0, 0x0,
    0xbf, 0xc4, 0xff, 0x20, 0x0, 0xb, 0xfc, 0x4f,
    0xf2, 0x0, 0x0, 0xbf, 0xc4, 0xff, 0x20, 0x0,
    0xb, 0xfc, 0x4f, 0xf3, 0x0, 0x0, 0xdf, 0xc2,
    0xff, 0x70, 0x0, 0x3f, 0xfc, 0xe, 0xff, 0x62,
    0x5e, 0xff, 0xc0, 0x5f, 0xff, 0xff, 0xd9, 0xfc,
    0x0, 0x5c, 0xfe, 0x91, 0x8f, 0xc0,

    /* U+016C "Ŭ" */
    0x0, 0x3, 0xf6, 0x0, 0x6f, 0x30, 0x0, 0x0,
    0x0, 0xdf, 0xbb, 0xfd, 0x0, 0x0, 0x0, 0x0,
    0x2a, 0xee, 0xa1, 0x0, 0x0, 0x0, 0x0, 0x0,
    0x0, 0x0, 0x0, 0x0, 0x0, 0x0, 0x0, 0x0,
    0x0, 0x0, 0x0, 0x5f, 0xf1, 0x0, 0x0, 0x0,
    0x2f, 0xf5, 0x5f, 0xf1, 0x0, 0x0, 0x0, 0x2f,
    0xf5, 0x5f, 0xf1, 0x0, 0x0, 0x0, 0x2f, 0xf5,
    0x5f, 0xf1, 0x0, 0x0, 0x0, 0x2f, 0xf5, 0x5f,
    0xf1, 0x0, 0x0, 0x0, 0x2f, 0xf5, 0x5f, 0xf1,
    0x0, 0x0, 0x0, 0x2f, 0xf5, 0x5f, 0xf1, 0x0,
    0x0, 0x0, 0x2f, 0xf5, 0x5f, 0xf1, 0x0, 0x0,
    0x0, 0x2f, 0xf5, 0x5f, 0xf1, 0x0, 0x0, 0x0,
    0x2f, 0xf5, 0x5f, 0xf1, 0x0, 0x0, 0x0, 0x2f,
    0xf5, 0x5f, 0xf1, 0x0, 0x0, 0x0, 0x2f, 0xf5,
    0x4f, 0xf2, 0x0, 0x0, 0x0, 0x3f, 0xf3, 0x2f,
    0xf6, 0x0, 0x0, 0x0, 0x7f, 0xf1, 0xd, 0xfe,
    0x20, 0x0, 0x2, 0xef, 0xc0, 0x4, 0xff, 0xf9,
    0x66, 0x9f, 0xff, 0x40, 0x0, 0x6f, 0xff, 0xff,
    0xff, 0xf6, 0x0, 0x0, 0x2, 0x9d, 0xff, 0xd9,
    0x20, 0x0,

    /* U+016D "ŭ" */
    0x0, 0x9f, 0x0, 0xa, 0xe0, 0x0, 0x5, 0xf8,
    0x3, 0xfa, 0x0, 0x0, 0xb, 0xff, 0xfe, 0x20,
    0x0, 0x0, 0x6, 0x97, 0x10, 0x0, 0x0, 0x0,
    0x0, 0x0, 0x0, 0x4, 0xff, 0x20, 0x0, 0xb,
    0xfc, 0x4f, 0xf2, 0x0, 0x0, 0xbf, 0xc4, 0xff,
    0x20, 0x0, 0xb, 0xfc, 0x4f, 0xf2, 0x0, 0x0,
    0xbf, 0xc4, 0xff, 0x20, 0x0, 0xb, 0xfc, 0x4f,
    0xf2, 0x0, 0x0, 0xbf, 0xc4, 0xff, 0x20, 0x0,
    0xb, 0xfc, 0x4f, 0xf2, 0x0, 0x0, 0xbf, 0xc4,
    0xff, 0x30, 0x0, 0xd, 0xfc, 0x2f, 0xf7, 0x0,
    0x3, 0xff, 0xc0, 0xef, 0xf6, 0x25, 0xef, 0xfc,
    0x5, 0xff, 0xff, 0xfd, 0x9f, 0xc0, 0x5, 0xcf,
    0xe9, 0x18, 0xfc,

    /* U+016E "Ů" */
    0x0, 0x0, 0x0, 0x0, 0x0, 0x0, 0x0, 0x0,
    0x0, 0x6, 0xff, 0x60, 0x0, 0x0, 0x0, 0x0,
    0x1f, 0x78, 0xf1, 0x0, 0x0, 0x0, 0x0, 0x2f,
    0x55, 0xf1, 0x0, 0x0, 0x0, 0x0, 0x9, 0xff,
    0x90, 0x0, 0x0, 0x0, 0x0, 0x0, 0x22, 0x0,
    0x0, 0x0, 0x0, 0x0, 0x0, 0x0, 0x0, 0x0,
    0x0, 0x5f, 0xf1, 0x0, 0x0, 0x0, 0x2f, 0xf5,
    0x5f, 0xf1, 0x0, 0x0, 0x0, 0x2f, 0xf5, 0x5f,
    0xf1, 0x0, 0x0, 0x0, 0x2f, 0xf5, 0x5f, 0xf1,
    0x0, 0x0, 0x0, 0x2f, 0xf5, 0x5f, 0xf1, 0x0,
    0x0, 0x0, 0x2f, 0xf5, 0x5f, 0xf1, 0x0, 0x0,
    0x0, 0x2f, 0xf5, 0x5f, 0xf1, 0x0, 0x0, 0x0,
    0x2f, 0xf5, 0x5f, 0xf1, 0x0, 0x0, 0x0, 0x2f,
    0xf5, 0x5f, 0xf1, 0x0, 0x0, 0x0, 0x2f, 0xf5,
    0x5f, 0xf1, 0x0, 0x0, 0x0, 0x2f, 0xf5, 0x5f,
    0xf1, 0x0, 0x0, 0x0, 0x2f, 0xf5, 0x4f, 0xf2,
    0x0, 0x0, 0x0, 0x3f, 0xf3, 0x2f, 0xf6, 0x0,
    0x0, 0x0, 0x7f, 0xf1, 0xd, 0xfe, 0x20, 0x0,
    0x2, 0xef, 0xc0, 0x4, 0xff, 0xf9, 0x66, 0x9f,
    0xff, 0x40, 0x0, 0x6f, 0xff, 0xff, 0xff, 0xf6,
    0x0, 0x0, 0x2, 0x9d, 0xff, 0xd9, 0x20, 0x0,

    /* U+016F "ů" */
    0x0, 0x0, 0x0, 0x0, 0x0, 0x0, 0x0, 0x9,
    0xfc, 0x10, 0x0, 0x0, 0x4, 0xf5, 0xca, 0x0,
    0x0, 0x0, 0x7c, 0x6, 0xd0, 0x0, 0x0, 0x5,
    0xe2, 0xab, 0x0, 0x0, 0x0, 0xc, 0xfe, 0x30,
    0x0, 0x0, 0x0, 0x2, 0x0, 0x0, 0x4, 0xff,
    0x20, 0x0, 0xb, 0xfc, 0x4f, 0xf2, 0x0, 0x0,
    0xbf, 0xc4, 0xff, 0x20, 0x0, 0xb, 0xfc, 0x4f,
    0xf2, 0x0, 0x0, 0xbf, 0xc4, 0xff, 0x20, 0x0,
    0xb, 0xfc, 0x4f, 0xf2, 0x0, 0x0, 0xbf, 0xc4,
    0xff, 0x20, 0x0, 0xb, 0xfc, 0x4f, 0xf2, 0x0,
    0x0, 0xbf, 0xc4, 0xff, 0x30, 0x0, 0xd, 0xfc,
    0x2f, 0xf7, 0x0, 0x3, 0xff, 0xc0, 0xef, 0xf6,
    0x25, 0xef, 0xfc, 0x5, 0xff, 0xff, 0xfd, 0x9f,
    0xc0, 0x5, 0xcf, 0xe9, 0x18, 0xfc,

    /* U+0170 "Ű" */
    0x0, 0x0, 0x7, 0xfe, 0x3f, 0xf5, 0x0, 0x0,
    0x0, 0xe, 0xf5, 0x9f, 0xa0, 0x0, 0x0, 0x0,
    0x6f, 0xa1, 0xfe, 0x10, 0x0, 0x0, 0x0, 0x23,
    0x1, 0x32, 0x0, 0x0, 0x0, 0x0, 0x0, 0x0,
    0x0, 0x0, 0x0, 0x5f, 0xf1, 0x0, 0x0, 0x0,
    0x2f, 0xf5, 0x5f, 0xf1, 0x0, 0x0, 0x0, 0x2f,
    0xf5, 0x5f, 0xf1, 0x0, 0x0, 0x0, 0x2f, 0xf5,
    0x5f, 0xf1, 0x0, 0x0, 0x0, 0x2f, 0xf5, 0x5f,
    0xf1, 0x0, 0x0, 0x0, 0x2f, 0xf5, 0x5f, 0xf1,
    0x0, 0x0, 0x0, 0x2f, 0xf5, 0x5f, 0xf1, 0x0,
    0x0, 0x0, 0x2f, 0xf5, 0x5f, 0xf1, 0x0, 0x0,
    0x0, 0x2f, 0xf5, 0x5f, 0xf1, 0x0, 0x0, 0x0,
    0x2f, 0xf5, 0x5f, 0xf1, 0x0, 0x0, 0x0, 0x2f,
    0xf5, 0x5f, 0xf1, 0x0, 0x0, 0x0, 0x2f, 0xf5,
    0x4f, 0xf2, 0x0, 0x0, 0x0, 0x3f, 0xf3, 0x2f,
    0xf6, 0x0, 0x0, 0x0, 0x7f, 0xf1, 0xd, 0xfe,
    0x20, 0x0, 0x2, 0xef, 0xc0, 0x4, 0xff, 0xf9,
    0x66, 0x9f, 0xff, 0x40, 0x0, 0x6f, 0xff, 0xff,
    0xff, 0xf6, 0x0, 0x0, 0x2, 0x9d, 0xff, 0xd9,
    0x20, 0x0,

    /* U+0171 "ű" */
    0x0, 0x0, 0xdf, 0xa7, 0xfe, 0x10, 0x0, 0x4f,
    0xe1, 0xef, 0x50, 0x0, 0xb, 0xf5, 0x5f, 0xb0,
    0x0, 0x0, 0x33, 0x1, 0x31, 0x0, 0x4f, 0xf2,
    0x0, 0x0, 0xbf, 0xc4, 0xff, 0x20, 0x0, 0xb,
    0xfc, 0x4f, 0xf2, 0x0, 0x0, 0xbf, 0xc4, 0xff,
    0x20, 0x0, 0xb, 0xfc, 0x4f, 0xf2, 0x0, 0x0,
    0xbf, 0xc4, 0xff, 0x20, 0x0, 0xb, 0xfc, 0x4f,
    0xf2, 0x0, 0x0, 0xbf, 0xc4, 0xff, 0x20, 0x0,
    0xb, 0xfc, 0x4f, 0xf3, 0x0, 0x0, 0xdf, 0xc2,
    0xff, 0x70, 0x0, 0x3f, 0xfc, 0xe, 0xff, 0x62,
    0x5e, 0xff, 0xc0, 0x5f, 0xff, 0xff, 0xd9, 0xfc,
    0x0, 0x5c, 0xfe, 0x91, 0x8f, 0xc0,

    /* U+0172 "Ų" */
    0x5f, 0xf1, 0x0, 0x0, 0x0, 0x2f, 0xf5, 0x5f,
    0xf1, 0x0, 0x0, 0x0, 0x2f, 0xf5, 0x5f, 0xf1,
    0x0, 0x0, 0x0, 0x2f, 0xf5, 0x5f, 0xf1, 0x0,
    0x0, 0x0, 0x2f, 0xf5, 0x5f, 0xf1, 0x0, 0x0,
    0x0, 0x2f, 0xf5, 0x5f, 0xf1, 0x0, 0x0, 0x0,
    0x2f, 0xf5, 0x5f, 0xf1, 0x0, 0x0, 0x0, 0x2f,
    0xf5, 0x5f, 0xf1, 0x0, 0x0, 0x0, 0x2f, 0xf5,
    0x5f, 0xf1, 0x0, 0x0, 0x0, 0x2f, 0xf5, 0x5f,
    0xf1, 0x0, 0x0, 0x0, 0x2f, 0xf5, 0x5f, 0xf1,
    0x0, 0x0, 0x0, 0x2f, 0xf5, 0x4f, 0xf2, 0x0,
    0x0, 0x0, 0x3f, 0xf3, 0x2f, 0xf6, 0x0, 0x0,
    0x0, 0x7f, 0xf1, 0xd, 0xfe, 0x20, 0x0, 0x2,
    0xef, 0xc0, 0x4, 0xff, 0xf9, 0x66, 0x9f, 0xff,
    0x40, 0x0, 0x6f, 0xff, 0xff, 0xff, 0xf6, 0x0,
    0x0, 0x2, 0x9d, 0xff, 0xfc, 0x20, 0x0, 0x0,
    0x0, 0x0, 0x1e, 0xe1, 0x0, 0x0, 0x0, 0x0,
    0x0, 0x9f, 0x60, 0x0, 0x0, 0x0, 0x0, 0x0,
    0xff, 0x32, 0x0, 0x0, 0x0, 0x0, 0x0, 0xef,
    0xff, 0x20, 0x0, 0x0, 0x0, 0x0, 0x3a, 0xc9,
    0x10, 0x0,

    /* U+0173 "ų" */
    0x4f, 0xf2, 0x0, 0x0, 0xbf, 0xc0, 0x4f, 0xf2,
    0x0, 0x0, 0xbf, 0xc0, 0x4f, 0xf2, 0x0, 0x0,
    0xbf, 0xc0, 0x4f, 0xf2, 0x0, 0x0, 0xbf, 0xc0,
    0x4f, 0xf2, 0x0, 0x0, 0xbf, 0xc0, 0x4f, 0xf2,
    0x0, 0x0, 0xbf, 0xc0, 0x4f, 0xf2, 0x0, 0x0,
    0xbf, 0xc0, 0x4f, 0xf2, 0x0, 0x0, 0xbf, 0xc0,
    0x4f, 0xf3, 0x0, 0x0, 0xdf, 0xc0, 0x2f, 0xf7,
    0x0, 0x3, 0xff, 0xc0, 0xe, 0xff, 0x62, 0x5e,
    0xff, 0xc0, 0x5, 0xff, 0xff, 0xfd, 0x9f, 0xc0,
    0x0, 0x5c, 0xfe, 0x91, 0x9f, 0xd0, 0x0, 0x0,
    0x0, 0x0, 0xaf, 0x50, 0x0, 0x0, 0x0, 0x4,
    0xfa, 0x0, 0x0, 0x0, 0x0, 0xc, 0xf6, 0x10,
    0x0, 0x0, 0x0, 0xc, 0xff, 0xf4, 0x0, 0x0,
    0x0, 0x2, 0xac, 0xa3,

    /* U+0174 "Ŵ" */
    0x0, 0x0, 0x0, 0x0, 0x7, 0xff, 0xb0, 0x0,
    0x0, 0x0, 0x0, 0x0, 0x0, 0x0, 0x0, 0x1f,
    0xed, 0xf4, 0x0, 0x0, 0x0, 0x0, 0x0, 0x0,
    0x0, 0x0, 0xaf, 0x41, 0xed, 0x0, 0x0, 0x0,
    0x0, 0x0, 0x0, 0x0, 0x0, 0x76, 0x0, 0x48,
    0x20, 0x0, 0x0, 0x0, 0x0, 0x0, 0x0, 0x0,
    0x0, 0x0, 0x0, 0x0, 0x0, 0x0, 0x0, 0xf,
    0xfa, 0x0, 0x0, 0x4, 0xff, 0x80, 0x0, 0x0,
    0x6f, 0xf4, 0xb, 0xfd, 0x0, 0x0, 0x7, 0xff,
    0xb0, 0x0, 0x0, 0xaf, 0xf0, 0x7, 0xff, 0x10,
    0x0, 0xb, 0xff, 0xf0, 0x0, 0x0, 0xdf, 0xc0,
    0x3, 0xff, 0x50, 0x0, 0xf, 0xff, 0xf3, 0x0,
    0x1, 0xff, 0x80, 0x0, 0xff, 0x90, 0x0, 0x3f,
    0xff, 0xf7, 0x0, 0x5, 0xff, 0x40, 0x0, 0xbf,
    0xd0, 0x0, 0x7f, 0xea, 0xfb, 0x0, 0x9, 0xff,
    0x0, 0x0, 0x7f, 0xf0, 0x0, 0xaf, 0xa6, 0xfe,
    0x0, 0xc, 0xfb, 0x0, 0x0, 0x3f, 0xf4, 0x0,
    0xef, 0x62, 0xff, 0x20, 0xf, 0xf7, 0x0, 0x0,
    0xf, 0xf8, 0x2, 0xff, 0x20, 0xef, 0x60, 0x4f,
    0xf3, 0x0, 0x0, 0xb, 0xfc, 0x6, 0xfe, 0x0,
    0xaf, 0xa0, 0x8f, 0xf0, 0x0, 0x0, 0x7, 0xff,
    0x9, 0xfa, 0x0, 0x6f, 0xe0, 0xbf, 0xb0, 0x0,
    0x0, 0x3, 0xff, 0x3d, 0xf6, 0x0, 0x2f, 0xf2,
    0xff, 0x70, 0x0, 0x0, 0x0, 0xef, 0x8f, 0xf3,
    0x0, 0xe, 0xf8, 0xff, 0x30, 0x0, 0x0, 0x0,
    0xbf, 0xff, 0xf0, 0x0, 0xb, 0xff, 0xff, 0x0,
    0x0, 0x0, 0x0, 0x6f, 0xff, 0xb0, 0x0, 0x7,
    0xff, 0xfb, 0x0, 0x0, 0x0, 0x0, 0x2f, 0xff,
    0x70, 0x0, 0x3, 0xff, 0xf7, 0x0, 0x0, 0x0,
    0x0, 0xe, 0xff, 0x30, 0x0, 0x0, 0xff, 0xf3,
    0x0, 0x0,

    /* U+0175 "ŵ" */
    0x0, 0x0, 0x0, 0x0, 0x78, 0x70, 0x0, 0x0,
    0x0, 0x0, 0x0, 0x0, 0x0, 0x6f, 0xcf, 0x80,
    0x0, 0x0, 0x0, 0x0, 0x0, 0x0, 0x2f, 0xb0,
    0xaf, 0x30, 0x0, 0x0, 0x0, 0x0, 0x0, 0x5,
    0x71, 0x0, 0x75, 0x0, 0x0, 0x0, 0x0, 0x0,
    0x0, 0x0, 0x0, 0x0, 0x0, 0x0, 0x0, 0x5,
    0xff, 0x30, 0x0, 0xc, 0xfc, 0x0, 0x0, 0x1f,
    0xf6, 0x1f, 0xf7, 0x0, 0x0, 0xff, 0xf1, 0x0,
    0x6, 0xff, 0x20, 0xcf, 0xb0, 0x0, 0x4f, 0xff,
    0x50, 0x0, 0xaf, 0xd0, 0x7, 0xff, 0x0, 0x8,
    0xff, 0xf9, 0x0, 0xe, 0xf8, 0x0, 0x3f, 0xf3,
    0x0, 0xdf, 0x9f, 0xd0, 0x2, 0xff, 0x40, 0x0,
    0xef, 0x70, 0x1f, 0xf1, 0xff, 0x10, 0x6f, 0xf0,
    0x0, 0xa, 0xfb, 0x5, 0xfb, 0xb, 0xf6, 0xa,
    0xfb, 0x0, 0x0, 0x5f, 0xf0, 0x9f, 0x70, 0x6f,
    0xa0, 0xef, 0x60, 0x0, 0x1, 0xff, 0x4d, 0xf3,
    0x2, 0xfe, 0x3f, 0xf1, 0x0, 0x0, 0xc, 0xfa,
    0xfe, 0x0, 0xe, 0xfa, 0xfd, 0x0, 0x0, 0x0,
    0x7f, 0xff, 0xa0, 0x0, 0x9f, 0xff, 0x80, 0x0,
    0x0, 0x3, 0xff, 0xf5, 0x0, 0x5, 0xff, 0xf4,
    0x0, 0x0, 0x0, 0xe, 0xff, 0x10, 0x0, 0xf,
    0xff, 0x0, 0x0,

    /* U+0176 "Ŷ" */
    0x0, 0x0, 0x0, 0x9d, 0xd4, 0x0, 0x0, 0x0,
    0x0, 0x0, 0x4f, 0xdf, 0xe0, 0x0, 0x0, 0x0,
    0x0, 0xd, 0xe1, 0x5f, 0x90, 0x0, 0x0, 0x0,
    0x3, 0x83, 0x0, 0x67, 0x0, 0x0, 0x0, 0x0,
    0x0, 0x0, 0x0, 0x0, 0x0, 0x0, 0xdf, 0xe0,
    0x0, 0x0, 0x0, 0x4f, 0xf8, 0x4, 0xff, 0x80,
    0x0, 0x0, 0xd, 0xfe, 0x0, 0xb, 0xff, 0x10,
    0x0, 0x6, 0xff, 0x60, 0x0, 0x2f, 0xf9, 0x0,
    0x0, 0xef, 0xd0, 0x0, 0x0, 0x9f, 0xf2, 0x0,
    0x7f, 0xf4, 0x0, 0x0, 0x1, 0xff, 0xb0, 0x1f,
    0xfb, 0x0, 0x0, 0x0, 0x7, 0xff, 0x39, 0xff,
    0x20, 0x0, 0x0, 0x0, 0xe, 0xfd, 0xff, 0x90,
    0x0, 0x0, 0x0, 0x0, 0x5f, 0xff, 0xf1, 0x0,
    0x0, 0x0, 0x0, 0x0, 0xcf, 0xf7, 0x0, 0x0,
    0x0, 0x0, 0x0, 0x6, 0xff, 0x10, 0x0, 0x0,
    0x0, 0x0, 0x0, 0x6f, 0xf1, 0x0, 0x0, 0x0,
    0x0, 0x0, 0x6, 0xff, 0x10, 0x0, 0x0, 0x0,
    0x0, 0x0, 0x6f, 0xf1, 0x0, 0x0, 0x0, 0x0,
    0x0, 0x6, 0xff, 0x10, 0x0, 0x0, 0x0, 0x0,
    0x0, 0x6f, 0xf1, 0x0, 0x0, 0x0, 0x0, 0x0,
    0x6, 0xff, 0x10, 0x0, 0x0,

    /* U+0177 "ŷ" */
    0x0, 0x0, 0x2, 0x32, 0x0, 0x0, 0x0, 0x0,
    0x7, 0xfc, 0xf3, 0x0, 0x0, 0x0, 0x4, 0xf8,
    0xc, 0xe1, 0x0, 0x0, 0x0, 0x67, 0x0, 0x27,
    0x40, 0x0, 0x0, 0x0, 0x0, 0x0, 0x0, 0x0,
    0x5, 0xff, 0x30, 0x0, 0x0, 0x8f, 0xf1, 0xf,
    0xf8, 0x0, 0x0, 0xd, 0xfb, 0x0, 0xaf, 0xd0,
    0x0, 0x1, 0xff, 0x60, 0x4, 0xff, 0x30, 0x0,
    0x6f, 0xf1, 0x0, 0xf, 0xf8, 0x0, 0xb, 0xfc,
    0x0, 0x0, 0xaf, 0xd0, 0x0, 0xff, 0x60, 0x0,
    0x4, 0xff, 0x20, 0x5f, 0xf1, 0x0, 0x0, 0xe,
    0xf7, 0xa, 0xfc, 0x0, 0x0, 0x0, 0x9f, 0xc0,
    0xef, 0x60, 0x0, 0x0, 0x4, 0xff, 0x5f, 0xf1,
    0x0, 0x0, 0x0, 0xe, 0xfe, 0xfc, 0x0, 0x0,
    0x0, 0x0, 0x9f, 0xff, 0x70, 0x0, 0x0, 0x0,
    0x4, 0xff, 0xf1, 0x0, 0x0, 0x0, 0x0, 0x7,
    0xfc, 0x0, 0x0, 0x0, 0x0, 0x13, 0xef, 0x70,
    0x0, 0x0, 0x0, 0x9f, 0xff, 0xf1, 0x0, 0x0,
    0x0, 0x9, 0xff, 0xc4, 0x0, 0x0, 0x0,

    /* U+0178 "Ÿ" */
    0x0, 0x0, 0x48, 0x70, 0x18, 0x81, 0x0, 0x0,
    0x0, 0x8, 0xfe, 0x3, 0xff, 0x30, 0x0, 0x0,
    0x0, 0x8f, 0xe0, 0x3f, 0xf3, 0x0, 0x0, 0x0,
    0x0, 0x0, 0x0, 0x0, 0x0, 0x0, 0x0, 0x0,
    0x0, 0x0, 0x0, 0x0, 0x0, 0x0, 0xdf, 0xe0,
    0x0, 0x0, 0x0, 0x4f, 0xf8, 0x4, 0xff, 0x80,
    0x0, 0x0, 0xd, 0xfe, 0x0, 0xb, 0xff, 0x10,
    0x0, 0x6, 0xff, 0x60, 0x0, 0x2f, 0xf9, 0x0,
    0x0, 0xef, 0xd0, 0x0, 0x0, 0x9f, 0xf2, 0x0,
    0x7f, 0xf4, 0x0, 0x0, 0x1, 0xff, 0xb0, 0x1f,
    0xfb, 0x0, 0x0, 0x0, 0x7, 0xff, 0x39, 0xff,
    0x20, 0x0, 0x0, 0x0, 0xe, 0xfd, 0xff, 0x90,
    0x0, 0x0, 0x0, 0x0, 0x5f, 0xff, 0xf1, 0x0,
    0x0, 0x0, 0x0, 0x0, 0xcf, 0xf7, 0x0, 0x0,
    0x0, 0x0, 0x0, 0x6, 0xff, 0x10, 0x0, 0x0,
    0x0, 0x0, 0x0, 0x6f, 0xf1, 0x0, 0x0, 0x0,
    0x0, 0x0, 0x6, 0xff, 0x10, 0x0, 0x0, 0x0,
    0x0, 0x0, 0x6f, 0xf1, 0x0, 0x0, 0x0, 0x0,
    0x0, 0x6, 0xff, 0x10, 0x0, 0x0, 0x0, 0x0,
    0x0, 0x6f, 0xf1, 0x0, 0x0, 0x0, 0x0, 0x0,
    0x6, 0xff, 0x10, 0x0, 0x0,

    /* U+0179 "Ź" */
    0x0, 0x0, 0x0, 0x3f, 0xf3, 0x0, 0x0, 0x0,
    0x0, 0xa, 0xf9, 0x0, 0x0, 0x0, 0x0, 0x2,
    0xfe, 0x0, 0x0, 0x0, 0x0, 0x0, 0x13, 0x10,
    0x0, 0x0, 0x0, 0x0, 0x0, 0x0, 0x0, 0x0,
    0x0, 0xff, 0xff, 0xff, 0xff, 0xff, 0xf0, 0xf,
    0xff, 0xff, 0xff, 0xff, 0xff, 0x0, 0x66, 0x66,
    0x66, 0x67, 0xff, 0xe0, 0x0, 0x0, 0x0, 0x0,
    0xbf, 0xf4, 0x0, 0x0, 0x0, 0x0, 0x6f, 0xf8,
    0x0, 0x0, 0x0, 0x0, 0x2f, 0xfd, 0x0, 0x0,
    0x0, 0x0, 0xc, 0xff, 0x30, 0x0, 0x0, 0x0,
    0x7, 0xff, 0x70, 0x0, 0x0, 0x0, 0x2, 0xff,
    0xc0, 0x0, 0x0, 0x0, 0x0, 0xdf, 0xf2, 0x0,
    0x0, 0x0, 0x0, 0x8f, 0xf6, 0x0, 0x0, 0x0,
    0x0, 0x3f, 0xfb, 0x0, 0x0, 0x0, 0x0, 0xd,
    0xfe, 0x10, 0x0, 0x0, 0x0, 0x9, 0xff, 0x50,
    0x0, 0x0, 0x0, 0x3, 0xff, 0xd5, 0x55, 0x55,
    0x55, 0x51, 0x5f, 0xff, 0xff, 0xff, 0xff, 0xff,
    0x45, 0xff, 0xff, 0xff, 0xff, 0xff, 0xf4,

    /* U+017A "ź" */
    0x0, 0x0, 0x7, 0xfe, 0x10, 0x0, 0x0, 0x0,
    0xef, 0x50, 0x0, 0x0, 0x0, 0x5f, 0xb0, 0x0,
    0x0, 0x0, 0x2, 0x31, 0x0, 0x0, 0x9f, 0xff,
    0xff, 0xff, 0xff, 0x59, 0xff, 0xff, 0xff, 0xff,
    0xf5, 0x1, 0x11, 0x11, 0x1d, 0xff, 0x20, 0x0,
    0x0, 0xa, 0xff, 0x50, 0x0, 0x0, 0x8, 0xff,
    0x70, 0x0, 0x0, 0x5, 0xff, 0x90, 0x0, 0x0,
    0x3, 0xff, 0xb0, 0x0, 0x0, 0x2, 0xef, 0xc0,
    0x0, 0x0, 0x1, 0xdf, 0xe1, 0x0, 0x0, 0x0,
    0xcf, 0xf2, 0x0, 0x0, 0x0, 0x9f, 0xf5, 0x11,
    0x11, 0x11, 0xd, 0xff, 0xff, 0xff, 0xff, 0xf8,
    0xdf, 0xff, 0xff, 0xff, 0xff, 0x80,

    /* U+017B "Ż" */
    0x0, 0x0, 0x5, 0x87, 0x0, 0x0, 0x0, 0x0,
    0x0, 0xaf, 0xe0, 0x0, 0x0, 0x0, 0x0, 0xa,
    0xfe, 0x0, 0x0, 0x0, 0x0, 0x0, 0x0, 0x0,
    0x0, 0x0, 0x0, 0x0, 0x0, 0x0, 0x0, 0x0,
    0x0, 0xff, 0xff, 0xff, 0xff, 0xff, 0xf0, 0xf,
    0xff, 0xff, 0xff, 0xff, 0xff, 0x0, 0x66, 0x66,
    0x66, 0x67, 0xff, 0xe0, 0x0, 0x0, 0x0, 0x0,
    0xbf, 0xf4, 0x0, 0x0, 0x0, 0x0, 0x6f, 0xf8,
    0x0, 0x0, 0x0, 0x0, 0x2f, 0xfd, 0x0, 0x0,
    0x0, 0x0, 0xc, 0xff, 0x30, 0x0, 0x0, 0x0,
    0x7, 0xff, 0x70, 0x0, 0x0, 0x0, 0x2, 0xff,
    0xc0, 0x0, 0x0, 0x0, 0x0, 0xdf, 0xf2, 0x0,
    0x0, 0x0, 0x0, 0x8f, 0xf6, 0x0, 0x0, 0x0,
    0x0, 0x3f, 0xfb, 0x0, 0x0, 0x0, 0x0, 0xd,
    0xfe, 0x10, 0x0, 0x0, 0x0, 0x9, 0xff, 0x50,
    0x0, 0x0, 0x0, 0x3, 0xff, 0xd5, 0x55, 0x55,
    0x55, 0x51, 0x5f, 0xff, 0xff, 0xff, 0xff, 0xff,
    0x45, 0xff, 0xff, 0xff, 0xff, 0xff, 0xf4,

    /* U+017C "ż" */
    0x0, 0x0, 0xef, 0xa0, 0x0, 0x0, 0x0, 0xe,
    0xfa, 0x0, 0x0, 0x0, 0x0, 0x78, 0x50, 0x0,
    0x0, 0x0, 0x0, 0x0, 0x0, 0x0, 0x9f, 0xff,
    0xff, 0xff, 0xff, 0x59, 0xff, 0xff, 0xff, 0xff,
    0xf5, 0x1, 0x11, 0x11, 0x1d, 0xff, 0x20, 0x0,
    0x0, 0xa, 0xff, 0x50, 0x0, 0x0, 0x8, 0xff,
    0x70, 0x0, 0x0, 0x5, 0xff, 0x90, 0x0, 0x0,
    0x3, 0xff, 0xb0, 0x0, 0x0, 0x2, 0xef, 0xc0,
    0x0, 0x0, 0x1, 0xdf, 0xe1, 0x0, 0x0, 0x0,
    0xcf, 0xf2, 0x0, 0x0, 0x0, 0x9f, 0xf5, 0x11,
    0x11, 0x11, 0xd, 0xff, 0xff, 0xff, 0xff, 0xf8,
    0xdf, 0xff, 0xff, 0xff, 0xff, 0x80,

    /* U+017D "Ž" */
    0x0, 0x6, 0xf7, 0x3, 0xfb, 0x0, 0x0, 0x0,
    0xd, 0xf3, 0xdf, 0x20, 0x0, 0x0, 0x0, 0x3f,
    0xff, 0x80, 0x0, 0x0, 0x0, 0x0, 0x68, 0x70,
    0x0, 0x0, 0x0, 0x0, 0x0, 0x0, 0x0, 0x0,
    0x0, 0xff, 0xff, 0xff, 0xff, 0xff, 0xf0, 0xf,
    0xff, 0xff, 0xff, 0xff, 0xff, 0x0, 0x66, 0x66,
    0x66, 0x67, 0xff, 0xe0, 0x0, 0x0, 0x0, 0x0,
    0xbf, 0xf4, 0x0, 0x0, 0x0, 0x0, 0x6f, 0xf8,
    0x0, 0x0, 0x0, 0x0, 0x2f, 0xfd, 0x0, 0x0,
    0x0, 0x0, 0xc, 0xff, 0x30, 0x0, 0x0, 0x0,
    0x7, 0xff, 0x70, 0x0, 0x0, 0x0, 0x2, 0xff,
    0xc0, 0x0, 0x0, 0x0, 0x0, 0xdf, 0xf2, 0x0,
    0x0, 0x0, 0x0, 0x8f, 0xf6, 0x0, 0x0, 0x0,
    0x0, 0x3f, 0xfb, 0x0, 0x0, 0x0, 0x0, 0xd,
    0xfe, 0x10, 0x0, 0x0, 0x0, 0x9, 0xff, 0x50,
    0x0, 0x0, 0x0, 0x3, 0xff, 0xd5, 0x55, 0x55,
    0x55, 0x51, 0x5f, 0xff, 0xff, 0xff, 0xff, 0xff,
    0x45, 0xff, 0xff, 0xff, 0xff, 0xff, 0xf4,

    /* U+017E "ž" */
    0x0, 0x67, 0x0, 0x28, 0x50, 0x0, 0x6, 0xf9,
    0xc, 0xf3, 0x0, 0x0, 0xc, 0xfc, 0xf9, 0x0,
    0x0, 0x0, 0x3f, 0xfe, 0x0, 0x0, 0x0, 0x0,
    0x0, 0x0, 0x0, 0x9, 0xff, 0xff, 0xff, 0xff,
    0xf5, 0x9f, 0xff, 0xff, 0xff, 0xff, 0x50, 0x11,
    0x11, 0x11, 0xdf, 0xf2, 0x0, 0x0, 0x0, 0xaf,
    0xf5, 0x0, 0x0, 0x0, 0x8f, 0xf7, 0x0, 0x0,
    0x0, 0x5f, 0xf9, 0x0, 0x0, 0x0, 0x3f, 0xfb,
    0x0, 0x0, 0x0, 0x2e, 0xfc, 0x0, 0x0, 0x0,
    0x1d, 0xfe, 0x10, 0x0, 0x0, 0xc, 0xff, 0x20,
    0x0, 0x0, 0x9, 0xff, 0x51, 0x11, 0x11, 0x10,
    0xdf, 0xff, 0xff, 0xff, 0xff, 0x8d, 0xff, 0xff,
    0xff, 0xff, 0xf8,

    /* U+017F "ſ" */
    0x4, 0xcf, 0xe8, 0x2f, 0xfe, 0xd6, 0x6f, 0xc0,
    0x0, 0x7f, 0x90, 0x0, 0x7f, 0x90, 0x0, 0x7f,
    0x90, 0x0, 0x7f, 0x90, 0x0, 0x7f, 0x90, 0x0,
    0x7f, 0x90, 0x0, 0x7f, 0x90, 0x0, 0x7f, 0x90,
    0x0, 0x7f, 0x90, 0x0, 0x7f, 0x90, 0x0, 0x7f,
    0x90, 0x0, 0x7f, 0x90, 0x0, 0x7f, 0x90, 0x0,

    /* U+0180 "ƀ" */
    0x3a, 0xdf, 0xda, 0xa6, 0x0, 0x0, 0x5, 0xff,
    0xff, 0xff, 0xb0, 0x0, 0x0, 0x0, 0x8f, 0x80,
    0x0, 0x0, 0x0, 0x0, 0x8, 0xf8, 0x0, 0x0,
    0x0, 0x0, 0x0, 0x8f, 0x84, 0xcf, 0xeb, 0x30,
    0x0, 0x8, 0xfd, 0xfd, 0xac, 0xff, 0x50, 0x0,
    0x8f, 0xf9, 0x0, 0x6, 0xff, 0x10, 0x8, 0xfd,
    0x0, 0x0, 0xa, 0xf7, 0x0, 0x8f, 0x80, 0x0,
    0x0, 0x6f, 0xb0, 0x8, 0xf6, 0x0, 0x0, 0x4,
    0xfd, 0x0, 0x8f, 0x60, 0x0, 0x0, 0x4f, 0xc0,
    0x8, 0xf7, 0x0, 0x0, 0x6, 0xfa, 0x0, 0x8f,
    0xc0, 0x0, 0x0, 0xbf, 0x60, 0x8, 0xff, 0x70,
    0x0, 0x7f, 0xe0, 0x0, 0x8f, 0xcf, 0xdb, 0xdf,
    0xe3, 0x0, 0x8, 0xf6, 0x5c, 0xfe, 0xa2, 0x0,

    /* U+0181 "Ɓ" */
    0x2c, 0xff, 0xff, 0xff, 0xff, 0xfc, 0x81, 0x0,
    0xcf, 0xff, 0xff, 0xee, 0xef, 0xff, 0xfd, 0x10,
    0xff, 0x1a, 0xf9, 0x0, 0x0, 0x4, 0xef, 0xa0,
    0xfe, 0xa, 0xf9, 0x0, 0x0, 0x0, 0x5f, 0xf0,
    0x44, 0xa, 0xf9, 0x0, 0x0, 0x0, 0x2f, 0xf0,
    0x0, 0xa, 0xf9, 0x0, 0x0, 0x0, 0x5f, 0xa0,
    0x0, 0xa, 0xf9, 0x0, 0x0, 0x15, 0xee, 0x10,
    0x0, 0xa, 0xff, 0xff, 0xff, 0xff, 0xf4, 0x0,
    0x0, 0xa, 0xff, 0xee, 0xee, 0xff, 0xff, 0x80,
    0x0, 0xa, 0xf9, 0x0, 0x0, 0x2, 0x8f, 0xf5,
    0x0, 0xa, 0xf9, 0x0, 0x0, 0x0, 0xb, 0xfb,
    0x0, 0xa, 0xf9, 0x0, 0x0, 0x0, 0x7, 0xfc,
    0x0, 0xa, 0xf9, 0x0, 0x0, 0x0, 0xb, 0xfa,
    0x0, 0xa, 0xf9, 0x0, 0x0, 0x1, 0x8f, 0xf4,
    0x0, 0xa, 0xff, 0xee, 0xee, 0xff, 0xff, 0x80,
    0x0, 0xa, 0xff, 0xff, 0xff, 0xfd, 0xa4, 0x0,

    /* U+0182 "Ƃ" */
    0x2f, 0xff, 0xff, 0xff, 0xff, 0xf8, 0x0, 0x2f,
    0xfe, 0xee, 0xee, 0xee, 0xe7, 0x0, 0x2f, 0xf0,
    0x0, 0x0, 0x0, 0x0, 0x0, 0x2f, 0xf0, 0x0,
    0x0, 0x0, 0x0, 0x0, 0x2f, 0xf0, 0x0, 0x0,
    0x0, 0x0, 0x0, 0x2f, 0xf0, 0x0, 0x0, 0x0,
    0x0, 0x0, 0x2f, 0xf0, 0x0, 0x0, 0x0, 0x0,
    0x0, 0x2f, 0xff, 0xff, 0xff, 0xec, 0x81, 0x0,
    0x2f, 0xfe, 0xee, 0xef, 0xff, 0xfe, 0x20, 0x2f,
    0xf0, 0x0, 0x0, 0x5, 0xef, 0xc0, 0x2f, 0xf0,
    0x0, 0x0, 0x0, 0x5f, 0xf2, 0x2f, 0xf0, 0x0,
    0x0, 0x0, 0x2f, 0xf3, 0x2f, 0xf0, 0x0, 0x0,
    0x0, 0x4f, 0xf1, 0x2f, 0xf0, 0x0, 0x0, 0x3,
    0xdf, 0xc0, 0x2f, 0xfd, 0xdd, 0xdd, 0xef, 0xfe,
    0x20, 0x2f, 0xff, 0xff, 0xff, 0xfc, 0x81, 0x0,

    /* U+0183 "ƃ" */
    0x8f, 0xff, 0xff, 0xff, 0xff, 0xc8, 0xfd, 0xaa,
    0xaa, 0xaa, 0xa7, 0x8f, 0x80, 0x0, 0x0, 0x0,
    0x8, 0xf8, 0x0, 0x0, 0x0, 0x0, 0x8f, 0x84,
    0xcf, 0xeb, 0x30, 0x8, 0xfd, 0xfd, 0xac, 0xff,
    0x50, 0x8f, 0xf9, 0x0, 0x6, 0xff, 0x18, 0xfd,
    0x0, 0x0, 0xa, 0xf7, 0x8f, 0x80, 0x0, 0x0,
    0x6f, 0xb8, 0xf6, 0x0, 0x0, 0x4, 0xfd, 0x8f,
    0x60, 0x0, 0x0, 0x4f, 0xc8, 0xf7, 0x0, 0x0,
    0x6, 0xfa, 0x8f, 0xc0, 0x0, 0x0, 0xbf, 0x68,
    0xff, 0x70, 0x0, 0x7f, 0xe0, 0x8f, 0xcf, 0xdb,
    0xdf, 0xe3, 0x8, 0xf6, 0x5c, 0xfe, 0xa2, 0x0,

    /* U+0184 "Ƅ" */
    0x7f, 0x90, 0x0, 0x0, 0x0, 0x7, 0xf9, 0x0,
    0x0, 0x0, 0x0, 0x7f, 0x90, 0x0, 0x0, 0x0,
    0x7, 0xf9, 0x0, 0x0, 0x0, 0x0, 0x7f, 0x90,
    0x0, 0x0, 0x0, 0x7, 0xf9, 0x0, 0x0, 0x0,
    0x0, 0x7f, 0xec, 0xcb, 0xb8, 0x30, 0x7, 0xff,
    0xff, 0xff, 0xff, 0x80, 0x7f, 0x90, 0x0, 0x15,
    0xff, 0x57, 0xf9, 0x0, 0x0, 0x7, 0xfb, 0x7f,
    0x90, 0x0, 0x0, 0x4f, 0xd6, 0xfb, 0x0, 0x0,
    0x3, 0xfd, 0x3f, 0xf1, 0x0, 0x0, 0x6f, 0xb0,
    0xcf, 0xa0, 0x0, 0x1d, 0xf6, 0x2, 0xef, 0xda,
    0xbe, 0xfc, 0x0, 0x1, 0x9d, 0xff, 0xd8, 0x0,

    /* U+0185 "ƅ" */
    0x7f, 0x90, 0x0, 0x0, 0x0, 0x7, 0xf9, 0x0,
    0x0, 0x0, 0x0, 0x7f, 0x90, 0x0, 0x0, 0x0,
    0x7, 0xf9, 0x0, 0x0, 0x0, 0x0, 0x7f, 0x94,
    0xcf, 0xeb, 0x30, 0x7, 0xfd, 0xfd, 0xac, 0xff,
    0x50, 0x7f, 0xf9, 0x0, 0x5, 0xff, 0x17, 0xfe,
    0x0, 0x0, 0xb, 0xf8, 0x7f, 0x90, 0x0, 0x0,
    0x5f, 0xc7, 0xf7, 0x0, 0x0, 0x3, 0xfd, 0x7f,
    0x60, 0x0, 0x0, 0x4f, 0xd6, 0xf8, 0x0, 0x0,
    0x6, 0xfb, 0x2f, 0xd0, 0x0, 0x0, 0xbf, 0x70,
    0xcf, 0x80, 0x0, 0x6f, 0xe1, 0x2, 0xef, 0xda,
    0xcf, 0xf4, 0x0, 0x1, 0x9d, 0xfe, 0xa2, 0x0,

    /* U+0186 "Ɔ" */
    0x0, 0x0, 0x5b, 0xef, 0xec, 0x82, 0x0, 0x0,
    0x0, 0x1c, 0xff, 0xfd, 0xef, 0xff, 0x70, 0x0,
    0x0, 0xcf, 0xe5, 0x0, 0x1, 0x7f, 0xf9, 0x0,
    0x6, 0xff, 0x20, 0x0, 0x0, 0x3, 0xff, 0x50,
    0x7, 0xd9, 0x0, 0x0, 0x0, 0x0, 0x8f, 0xd0,
    0x0, 0x0, 0x0, 0x0, 0x0, 0x0, 0x2f, 0xf2,
    0x0, 0x0, 0x0, 0x0, 0x0, 0x0, 0xe, 0xf5,
    0x0, 0x0, 0x0, 0x0, 0x0, 0x0, 0xd, 0xf6,
    0x0, 0x0, 0x0, 0x0, 0x0, 0x0, 0xd, 0xf6,
    0x0, 0x0, 0x0, 0x0, 0x0, 0x0, 0xf, 0xf4,
    0x5, 0x92, 0x0, 0x0, 0x0, 0x0, 0x2f, 0xf1,
    0xd, 0xf8, 0x0, 0x0, 0x0, 0x0, 0x8f, 0xc0,
    0x6, 0xff, 0x30, 0x0, 0x0, 0x4, 0xff, 0x40,
    0x0, 0xcf, 0xe6, 0x0, 0x1, 0x7f, 0xfa, 0x0,
    0x0, 0x1b, 0xff, 0xfe, 0xef, 0xff, 0xa0, 0x0,
    0x0, 0x0, 0x5b, 0xef, 0xfd, 0x93, 0x0, 0x0,

    /* U+0187 "Ƈ" */
    0x0, 0x0, 0x0, 0x0, 0x0, 0x0, 0x9, 0xef,
    0x80, 0x0, 0x4, 0xae, 0xff, 0xda, 0x46, 0xff,
    0xe7, 0x0, 0x1c, 0xff, 0xfd, 0xef, 0xff, 0xff,
    0x90, 0x0, 0x1e, 0xfd, 0x40, 0x0, 0x19, 0xff,
    0xf7, 0x0, 0xb, 0xfc, 0x0, 0x0, 0x0, 0x8,
    0xff, 0x70, 0x3, 0xff, 0x20, 0x0, 0x0, 0x0,
    0xe, 0xc4, 0x0, 0x8f, 0xc0, 0x0, 0x0, 0x0,
    0x0, 0x0, 0x0, 0xb, 0xf8, 0x0, 0x0, 0x0,
    0x0, 0x0, 0x0, 0x0, 0xcf, 0x70, 0x0, 0x0,
    0x0, 0x0, 0x0, 0x0, 0xc, 0xf7, 0x0, 0x0,
    0x0, 0x0, 0x0, 0x0, 0x0, 0xbf, 0x80, 0x0,
    0x0, 0x0, 0x0, 0x0, 0x0, 0x7, 0xfc, 0x0,
    0x0, 0x0, 0x0, 0x6, 0x83, 0x0, 0x2f, 0xf2,
    0x0, 0x0, 0x0, 0x0, 0xef, 0x70, 0x0, 0xbf,
    0xc0, 0x0, 0x0, 0x0, 0x9f, 0xf1, 0x0, 0x1,
    0xef, 0xd4, 0x0, 0x2, 0xaf, 0xf6, 0x0, 0x0,
    0x2, 0xdf, 0xff, 0xdf, 0xff, 0xf6, 0x0, 0x0,
    0x0, 0x0, 0x6b, 0xef, 0xfd, 0x92, 0x0, 0x0,
    0x0,

    /* U+0188 "ƈ" */
    0x0, 0x0, 0x0, 0x0, 0x1, 0xbf, 0xf3, 0x0,
    0x4, 0xbe, 0xfe, 0xab, 0xfd, 0xa1, 0x0, 0x8f,
    0xfc, 0xad, 0xff, 0xf2, 0x0, 0x4, 0xff, 0x30,
    0x0, 0x9f, 0xf1, 0x0, 0xb, 0xf7, 0x0, 0x0,
    0x1d, 0xb0, 0x0, 0xf, 0xf2, 0x0, 0x0, 0x0,
    0x0, 0x0, 0xf, 0xf0, 0x0, 0x0, 0x0, 0x0,
    0x0, 0x1f, 0xf0, 0x0, 0x0, 0x0, 0x0, 0x0,
    0xf, 0xf2, 0x0, 0x0, 0x5, 0x51, 0x0, 0xb,
    0xf7, 0x0, 0x0, 0xf, 0xf1, 0x0, 0x4, 0xfe,
    0x30, 0x0, 0x9f, 0xb0, 0x0, 0x0, 0x8f, 0xfb,
    0xad, 0xfe, 0x10, 0x0, 0x0, 0x4, 0xbe, 0xfd,
    0x81, 0x0, 0x0,

    /* U+0189 "Ɖ" */
    0x2, 0xff, 0xff, 0xff, 0xfe, 0xb6, 0x0, 0x0,
    0x2, 0xff, 0xee, 0xee, 0xff, 0xff, 0xd2, 0x0,
    0x2, 0xff, 0x0, 0x0, 0x1, 0x5e, 0xfd, 0x0,
    0x2, 0xff, 0x0, 0x0, 0x0, 0x2, 0xef, 0x70,
    0x2, 0xff, 0x0, 0x0, 0x0, 0x0, 0x6f, 0xe0,
    0x2, 0xff, 0x0, 0x0, 0x0, 0x0, 0x1f, 0xf3,
    0x2, 0xff, 0x0, 0x0, 0x0, 0x0, 0xe, 0xf5,
    0xff, 0xff, 0xff, 0xff, 0x80, 0x0, 0xd, 0xf6,
    0xee, 0xff, 0xee, 0xee, 0x70, 0x0, 0xd, 0xf6,
    0x2, 0xff, 0x0, 0x0, 0x0, 0x0, 0xe, 0xf5,
    0x2, 0xff, 0x0, 0x0, 0x0, 0x0, 0x1f, 0xf2,
    0x2, 0xff, 0x0, 0x0, 0x0, 0x0, 0x7f, 0xd0,
    0x2, 0xff, 0x0, 0x0, 0x0, 0x2, 0xef, 0x70,
    0x2, 0xff, 0x0, 0x0, 0x1, 0x6e, 0xfc, 0x0,
    0x2, 0xff, 0xee, 0xee, 0xff, 0xff, 0xc1, 0x0,
    0x2, 0xff, 0xff, 0xff, 0xfe, 0xb6, 0x0, 0x0,

    /* U+018A "Ɗ" */
    0x3c, 0xff, 0xff, 0xff, 0xff, 0xfd, 0xa3, 0x0,
    0xc, 0xff, 0xff, 0xfe, 0xee, 0xef, 0xff, 0xf8,
    0x0, 0xff, 0x1a, 0xf9, 0x0, 0x0, 0x2, 0x9f,
    0xf6, 0xf, 0xe0, 0xaf, 0x90, 0x0, 0x0, 0x0,
    0x8f, 0xf1, 0x22, 0xa, 0xf9, 0x0, 0x0, 0x0,
    0x0, 0xdf, 0x70, 0x0, 0xaf, 0x90, 0x0, 0x0,
    0x0, 0x8, 0xfb, 0x0, 0xa, 0xf9, 0x0, 0x0,
    0x0, 0x0, 0x6f, 0xe0, 0x0, 0xaf, 0x90, 0x0,
    0x0, 0x0, 0x4, 0xff, 0x0, 0xa, 0xf9, 0x0,
    0x0, 0x0, 0x0, 0x4f, 0xf0, 0x0, 0xaf, 0x90,
    0x0, 0x0, 0x0, 0x5, 0xfd, 0x0, 0xa, 0xf9,
    0x0, 0x0, 0x0, 0x0, 0x9f, 0xa0, 0x0, 0xaf,
    0x90, 0x0, 0x0, 0x0, 0xe, 0xf6, 0x0, 0xa,
    0xf9, 0x0, 0x0, 0x0, 0x8, 0xfe, 0x0, 0x0,
    0xaf, 0x90, 0x0, 0x0, 0x3a, 0xff, 0x60, 0x0,
    0xa, 0xff, 0xee, 0xef, 0xff, 0xff, 0x70, 0x0,
    0x0, 0xaf, 0xff, 0xff, 0xfe, 0xc8, 0x20, 0x0,

    /* U+018B "Ƌ" */
    0x0, 0x7f, 0xff, 0xff, 0xff, 0xff, 0xf3, 0x0,
    0x6e, 0xee, 0xee, 0xee, 0xef, 0xf3, 0x0, 0x0,
    0x0, 0x0, 0x0, 0xf, 0xf3, 0x0, 0x0, 0x0,
    0x0, 0x0, 0xf, 0xf3, 0x0, 0x0, 0x0, 0x0,
    0x0, 0xf, 0xf3, 0x0, 0x0, 0x0, 0x0, 0x0,
    0xf, 0xf3, 0x0, 0x0, 0x0, 0x0, 0x0, 0xf,
    0xf3, 0x0, 0x17, 0xce, 0xff, 0xff, 0xff, 0xf3,
    0x1, 0xef, 0xff, 0xfe, 0xee, 0xef, 0xf3, 0xb,
    0xff, 0x51, 0x0, 0x0, 0xf, 0xf3, 0x1f, 0xf6,
    0x0, 0x0, 0x0, 0xf, 0xf3, 0x2f, 0xf3, 0x0,
    0x0, 0x0, 0xf, 0xf3, 0x1f, 0xf5, 0x0, 0x0,
    0x0, 0xf, 0xf3, 0xa, 0xfe, 0x30, 0x0, 0x0,
    0xf, 0xf3, 0x1, 0xef, 0xfe, 0xdd, 0xdd, 0xdf,
    0xf3, 0x0, 0x18, 0xcf, 0xff, 0xff, 0xff, 0xf3,

    /* U+018C "ƌ" */
    0xf, 0xff, 0xff, 0xff, 0xff, 0xf4, 0x9, 0xaa,
    0xaa, 0xaa, 0xae, 0xf4, 0x0, 0x0, 0x0, 0x0,
    0xb, 0xf4, 0x0, 0x0, 0x0, 0x0, 0xb, 0xf4,
    0x0, 0x5, 0xcf, 0xfb, 0x2b, 0xf4, 0x0, 0x8f,
    0xfb, 0xae, 0xfe, 0xf4, 0x4, 0xff, 0x30, 0x0,
    0xcf, 0xf4, 0xb, 0xf7, 0x0, 0x0, 0x2f, 0xf4,
    0xf, 0xf2, 0x0, 0x0, 0xc, 0xf4, 0xf, 0xf0,
    0x0, 0x0, 0x9, 0xf4, 0xf, 0xf0, 0x0, 0x0,
    0x9, 0xf4, 0xe, 0xf2, 0x0, 0x0, 0xb, 0xf4,
    0xa, 0xf8, 0x0, 0x0, 0xf, 0xf4, 0x3, 0xff,
    0x40, 0x0, 0xaf, 0xf4, 0x0, 0x6f, 0xfc, 0xbe,
    0xfc, 0xf4, 0x0, 0x3, 0xbf, 0xfb, 0x39, 0xf4,

    /* U+018D "ƍ" */
    0x0, 0x3, 0xbe, 0xfe, 0xa3, 0x0, 0x0, 0x7f,
    0xfc, 0xad, 0xff, 0x50, 0x4, 0xfe, 0x30, 0x0,
    0x6f, 0xf2, 0xb, 0xf7, 0x0, 0x0, 0xa, 0xf9,
    0xf, 0xf1, 0x0, 0x0, 0x4, 0xfd, 0x2f, 0xf0,
    0x0, 0x0, 0x2, 0xff, 0x2f, 0xe0, 0x0, 0x0,
    0x2, 0xff, 0x1f, 0xf1, 0x0, 0x0, 0x4, 0xfd,
    0xd, 0xf7, 0x0, 0x0, 0xa, 0xf9, 0x7, 0xfe,
    0x20, 0x0, 0x5f, 0xf2, 0x0, 0xcf, 0xfb, 0x9c,
    0xff, 0x60, 0x0, 0x1c, 0xff, 0xff, 0xb4, 0x0,
    0x0, 0x0, 0x9f, 0xf8, 0x0, 0x0, 0x0, 0x0,
    0x4, 0xef, 0xb1, 0x0, 0x0, 0x0, 0x0, 0x1b,
    0xfd, 0x30, 0x0, 0x8a, 0xaa, 0xaa, 0xff, 0xf3,
    0x0, 0xdf, 0xff, 0xff, 0xff, 0xf5,

    /* U+018E "Ǝ" */
    0x6f, 0xff, 0xff, 0xff, 0xff, 0xff, 0x85, 0xee,
    0xee, 0xee, 0xee, 0xef, 0xf8, 0x0, 0x0, 0x0,
    0x0, 0x0, 0xaf, 0x80, 0x0, 0x0, 0x0, 0x0,
    0xa, 0xf8, 0x0, 0x0, 0x0, 0x0, 0x0, 0xaf,
    0x80, 0x0, 0x0, 0x0, 0x0, 0xa, 0xf8, 0x0,
    0x0, 0x0, 0x0, 0x0, 0xaf, 0x80, 0xcf, 0xff,
    0xff, 0xff, 0xff, 0xf8, 0xb, 0xee, 0xee, 0xee,
    0xee, 0xff, 0x80, 0x0, 0x0, 0x0, 0x0, 0xa,
    0xf8, 0x0, 0x0, 0x0, 0x0, 0x0, 0xaf, 0x80,
    0x0, 0x0, 0x0, 0x0, 0xa, 0xf8, 0x0, 0x0,
    0x0, 0x0, 0x0, 0xaf, 0x80, 0x0, 0x0, 0x0,
    0x0, 0xa, 0xf8, 0xbe, 0xee, 0xee, 0xee, 0xee,
    0xff, 0x8c, 0xff, 0xff, 0xff, 0xff, 0xff, 0xf8,

    /* U+018F "Ə" */
    0x0, 0x1, 0x7c, 0xef, 0xea, 0x40, 0x0, 0x0,
    0x4, 0xef, 0xff, 0xff, 0xff, 0xb0, 0x0, 0x4,
    0xff, 0xfa, 0x66, 0x9e, 0xff, 0xc0, 0x0, 0xef,
    0xf3, 0x0, 0x0, 0x1b, 0xff, 0x70, 0x4d, 0xe6,
    0x0, 0x0, 0x0, 0xd, 0xff, 0x0, 0x0, 0x0,
    0x0, 0x0, 0x0, 0x5f, 0xf5, 0x0, 0x0, 0x0,
    0x0, 0x0, 0x0, 0xff, 0x8f, 0xff, 0xff, 0xff,
    0xff, 0xff, 0xff, 0xfa, 0xff, 0xff, 0xff, 0xff,
    0xff, 0xff, 0xff, 0xbe, 0xfd, 0x44, 0x44, 0x44,
    0x44, 0x4f, 0xfa, 0xcf, 0xe0, 0x0, 0x0, 0x0,
    0x0, 0xff, 0x88, 0xff, 0x30, 0x0, 0x0, 0x0,
    0x4f, 0xf5, 0x3f, 0xfa, 0x0, 0x0, 0x0, 0xc,
    0xfe, 0x0, 0xbf, 0xf6, 0x0, 0x0, 0xa, 0xff,
    0x70, 0x1, 0xef, 0xfc, 0x76, 0x8e, 0xff, 0xc0,
    0x0, 0x2, 0xdf, 0xff, 0xff, 0xff, 0xb0, 0x0,
    0x0, 0x0, 0x7c, 0xef, 0xea, 0x40, 0x0, 0x0,

    /* U+0190 "Ɛ" */
    0x0, 0x2, 0x9d, 0xff, 0xd8, 0x10, 0x0, 0x5,
    0xff, 0xff, 0xff, 0xff, 0x30, 0x1, 0xff, 0xb2,
    0x0, 0x2b, 0xfe, 0x0, 0x5f, 0xf0, 0x0, 0x0,
    0xc, 0xf6, 0x4, 0xff, 0x0, 0x0, 0x0, 0x48,
    0x30, 0xc, 0xfb, 0x20, 0x0, 0x0, 0x0, 0x0,
    0xa, 0xff, 0xed, 0x20, 0x0, 0x0, 0x4, 0xcf,
    0xff, 0xf2, 0x0, 0x0, 0x3, 0xff, 0xa4, 0x10,
    0x0, 0x0, 0x0, 0xcf, 0xa0, 0x0, 0x0, 0x0,
    0x0, 0xf, 0xf4, 0x0, 0x0, 0x0, 0x5, 0x10,
    0xff, 0x50, 0x0, 0x0, 0x7, 0xfd, 0xc, 0xfa,
    0x0, 0x0, 0x2, 0xef, 0x60, 0x4f, 0xf9, 0x0,
    0x4, 0xdf, 0xd0, 0x0, 0x7f, 0xff, 0xdf, 0xff,
    0xd2, 0x0, 0x0, 0x3a, 0xef, 0xfc, 0x70, 0x0,

    /* U+0191 "Ƒ" */
    0x0, 0x2f, 0xff, 0xff, 0xff, 0xff, 0xff, 0x0,
    0x2f, 0xfe, 0xee, 0xee, 0xee, 0xee, 0x0, 0x2f,
    0xf0, 0x0, 0x0, 0x0, 0x0, 0x0, 0x2f, 0xf0,
    0x0, 0x0, 0x0, 0x0, 0x0, 0x2f, 0xf0, 0x0,
    0x0, 0x0, 0x0, 0x0, 0x2f, 0xf0, 0x0, 0x0,
    0x0, 0x0, 0x0, 0x2f, 0xf0, 0x0, 0x0, 0x0,
    0x0, 0x0, 0x2f, 0xff, 0xff, 0xff, 0xff, 0xc0,
    0x0, 0x2f, 0xfe, 0xee, 0xee, 0xee, 0xb0, 0x0,
    0x2f, 0xf0, 0x0, 0x0, 0x0, 0x0, 0x0, 0x2f,
    0xf0, 0x0, 0x0, 0x0, 0x0, 0x0, 0x2f, 0xf0,
    0x0, 0x0, 0x0, 0x0, 0x0, 0x2f, 0xf0, 0x0,
    0x0, 0x0, 0x0, 0x0, 0x2f, 0xf0, 0x0, 0x0,
    0x0, 0x0, 0x0, 0x2f, 0xf0, 0x0, 0x0, 0x0,
    0x0, 0x0, 0x2f, 0xf0, 0x0, 0x0, 0x0, 0x0,
    0x0, 0x2f, 0xf0, 0x0, 0x0, 0x0, 0x0, 0x0,
    0x5f, 0xf0, 0x0, 0x0, 0x0, 0x0, 0x4f, 0xff,
    0xb0, 0x0, 0x0, 0x0, 0x0, 0x4c, 0xd9, 0x10,
    0x0, 0x0, 0x0, 0x0,

    /* U+0192 "ƒ" */
    0x0, 0x0, 0x4, 0xcf, 0xff, 0x0, 0x0, 0x3,
    0xff, 0xff, 0xf0, 0x0, 0x0, 0x9f, 0xe4, 0x22,
    0x0, 0x0, 0xd, 0xf8, 0x0, 0x0, 0x0, 0xff,
    0xff, 0xff, 0xff, 0x0, 0xf, 0xff, 0xff, 0xff,
    0xf0, 0x0, 0x13, 0xff, 0x41, 0x11, 0x0, 0x0,
    0x4f, 0xf1, 0x0, 0x0, 0x0, 0x5, 0xff, 0x0,
    0x0, 0x0, 0x0, 0x7f, 0xd0, 0x0, 0x0, 0x0,
    0x9, 0xfc, 0x0, 0x0, 0x0, 0x0, 0xaf, 0xa0,
    0x0, 0x0, 0x0, 0xc, 0xf8, 0x0, 0x0, 0x0,
    0x0, 0xef, 0x60, 0x0, 0x0, 0x23, 0x7f, 0xf3,
    0x0, 0x0, 0xb, 0xff, 0xfc, 0x0, 0x0, 0x0,
    0xbf, 0xea, 0x10, 0x0, 0x0, 0x0,

    /* U+0193 "Ɠ" */
    0x0, 0x0, 0x0, 0x0, 0x0, 0x0, 0x3, 0xcf,
    0xe2, 0x0, 0x0, 0x39, 0xdf, 0xfe, 0xc8, 0x1d,
    0xff, 0xe0, 0x0, 0x9, 0xff, 0xfe, 0xdf, 0xff,
    0xff, 0xf1, 0x0, 0x0, 0xcf, 0xe6, 0x10, 0x0,
    0x3c, 0xff, 0xf0, 0x0, 0x8, 0xfe, 0x20, 0x0,
    0x0, 0x0, 0xcf, 0xf0, 0x0, 0x1f, 0xf4, 0x0,
    0x0, 0x0, 0x0, 0x37, 0x40, 0x0, 0x6f, 0xd0,
    0x0, 0x0, 0x0, 0x0, 0x0, 0x0, 0x0, 0xaf,
    0x90, 0x0, 0x0, 0x0, 0x0, 0x0, 0x0, 0x0,
    0xcf, 0x70, 0x0, 0x0, 0x8e, 0xee, 0xee, 0xe6,
    0x0, 0xcf, 0x80, 0x0, 0x0, 0x8f, 0xff, 0xff,
    0xf6, 0x0, 0xaf, 0x90, 0x0, 0x0, 0x0, 0x0,
    0xb, 0xf6, 0x0, 0x7f, 0xe0, 0x0, 0x0, 0x0,
    0x0, 0xb, 0xf6, 0x0, 0x2f, 0xf5, 0x0, 0x0,
    0x0, 0x0, 0xb, 0xf6, 0x0, 0x9, 0xff, 0x30,
    0x0, 0x0, 0x0, 0x3e, 0xf6, 0x0, 0x0, 0xcf,
    0xf9, 0x30, 0x0, 0x4a, 0xff, 0xf3, 0x0, 0x0,
    0x9, 0xff, 0xff, 0xff, 0xff, 0xfb, 0x10, 0x0,
    0x0, 0x0, 0x28, 0xce, 0xfe, 0xc8, 0x30, 0x0,
    0x0,

    /* U+0194 "Ɣ" */
    0xcf, 0x80, 0x0, 0x0, 0x0, 0x0, 0x9f, 0xb5,
    0xff, 0x0, 0x0, 0x0, 0x0, 0x1f, 0xf4, 0xe,
    0xf6, 0x0, 0x0, 0x0, 0x7, 0xfd, 0x0, 0x7f,
    0xd0, 0x0, 0x0, 0x0, 0xef, 0x60, 0x1, 0xff,
    0x40, 0x0, 0x0, 0x5f, 0xe0, 0x0, 0x9, 0xfb,
    0x0, 0x0, 0xc, 0xf8, 0x0, 0x0, 0x2f, 0xf2,
    0x0, 0x3, 0xff, 0x10, 0x0, 0x0, 0xbf, 0x90,
    0x0, 0x9f, 0xa0, 0x0, 0x0, 0x4, 0xff, 0x10,
    0x1f, 0xf3, 0x0, 0x0, 0x0, 0xc, 0xf7, 0x7,
    0xfc, 0x0, 0x0, 0x0, 0x0, 0x5f, 0xe0, 0xef,
    0x50, 0x0, 0x0, 0x0, 0x0, 0xef, 0xbf, 0xd0,
    0x0, 0x0, 0x0, 0x0, 0x7, 0xff, 0xf7, 0x0,
    0x0, 0x0, 0x0, 0x0, 0x1f, 0xff, 0x0, 0x0,
    0x0, 0x0, 0x0, 0x0, 0xbf, 0xb0, 0x0, 0x0,
    0x0, 0x0, 0x0, 0x1f, 0xff, 0x10, 0x0, 0x0,
    0x0, 0x0, 0x7, 0xff, 0xf7, 0x0, 0x0, 0x0,
    0x0, 0x0, 0xdf, 0x8f, 0xd0, 0x0, 0x0, 0x0,
    0x0, 0xf, 0xe0, 0xef, 0x0, 0x0, 0x0, 0x0,
    0x0, 0xdf, 0xaf, 0xd0, 0x0, 0x0, 0x0, 0x0,
    0x3, 0xcf, 0xd3, 0x0, 0x0, 0x0,

    /* U+0195 "ƕ" */
    0x7f, 0x90, 0x0, 0x0, 0x0, 0x0, 0x0, 0x0,
    0x7, 0xf9, 0x0, 0x0, 0x0, 0x0, 0x0, 0x0,
    0x0, 0x7f, 0x90, 0x0, 0x0, 0x0, 0x0, 0x0,
    0x0, 0x7, 0xf9, 0x0, 0x0, 0x0, 0x0, 0x0,
    0x0, 0x0, 0x7f, 0x94, 0xcf, 0xea, 0x20, 0x0,
    0xb, 0xf4, 0x7, 0xfd, 0xfd, 0xcf, 0xff, 0x20,
    0x0, 0x4f, 0xc0, 0x7f, 0xf9, 0x0, 0x1c, 0xf9,
    0x0, 0x0, 0xef, 0x27, 0xfe, 0x0, 0x0, 0x5f,
    0xb0, 0x0, 0x9, 0xf7, 0x7f, 0xb0, 0x0, 0x3,
    0xfc, 0x0, 0x0, 0x5f, 0xa7, 0xf9, 0x0, 0x0,
    0x3f, 0xd0, 0x0, 0x4, 0xfc, 0x7f, 0x90, 0x0,
    0x3, 0xfd, 0x0, 0x0, 0x4f, 0xc7, 0xf9, 0x0,
    0x0, 0x3f, 0xd0, 0x0, 0x5, 0xfb, 0x7f, 0x90,
    0x0, 0x2, 0xff, 0x0, 0x0, 0xaf, 0x87, 0xf9,
    0x0, 0x0, 0xe, 0xf5, 0x0, 0x2f, 0xf2, 0x7f,
    0x90, 0x0, 0x0, 0x6f, 0xfb, 0xaf, 0xf7, 0x7,
    0xf9, 0x0, 0x0, 0x0, 0x4b, 0xff, 0xd6, 0x0,

    /* U+0196 "Ɩ" */
    0x7f, 0x90, 0x7, 0xf9, 0x0, 0x7f, 0x90, 0x7,
    0xf9, 0x0, 0x7f, 0x90, 0x7, 0xf9, 0x0, 0x7f,
    0x90, 0x7, 0xf9, 0x0, 0x7f, 0x90, 0x7, 0xf9,
    0x0, 0x7f, 0x90, 0x7, 0xf9, 0x0, 0x7f, 0x90,
    0x6, 0xfb, 0x0, 0x4f, 0xfe, 0x60, 0x8e, 0xf8,

    /* U+0197 "Ɨ" */
    0x0, 0x6f, 0xd0, 0x0, 0x0, 0x6f, 0xd0, 0x0,
    0x0, 0x6f, 0xd0, 0x0, 0x0, 0x6f, 0xd0, 0x0,
    0x0, 0x6f, 0xd0, 0x0, 0x0, 0x6f, 0xd0, 0x0,
    0x88, 0xbf, 0xe8, 0x83, 0xff, 0xff, 0xff, 0xf6,
    0x0, 0x6f, 0xd0, 0x0, 0x0, 0x6f, 0xd0, 0x0,
    0x0, 0x6f, 0xd0, 0x0, 0x0, 0x6f, 0xd0, 0x0,
    0x0, 0x6f, 0xd0, 0x0, 0x0, 0x6f, 0xd0, 0x0,
    0x0, 0x6f, 0xd0, 0x0, 0x0, 0x6f, 0xd0, 0x0,

    /* U+0198 "Ƙ" */
    0x5f, 0xd0, 0x0, 0x0, 0x1, 0xaf, 0xe9, 0x5,
    0xfd, 0x0, 0x0, 0x2, 0xef, 0xff, 0xf8, 0x5f,
    0xd0, 0x0, 0x1, 0xef, 0xa0, 0x4f, 0xc5, 0xfd,
    0x0, 0x1, 0xdf, 0x90, 0x0, 0x0, 0x5f, 0xd0,
    0x1, 0xcf, 0xa0, 0x0, 0x0, 0x5, 0xfd, 0x0,
    0xcf, 0xb0, 0x0, 0x0, 0x0, 0x5f, 0xd0, 0xbf,
    0xf3, 0x0, 0x0, 0x0, 0x5, 0xfe, 0xbf, 0xff,
    0xd0, 0x0, 0x0, 0x0, 0x5f, 0xff, 0xc2, 0xef,
    0xa0, 0x0, 0x0, 0x5, 0xff, 0xd1, 0x4, 0xff,
    0x60, 0x0, 0x0, 0x5f, 0xe1, 0x0, 0x9, 0xff,
    0x20, 0x0, 0x5, 0xfd, 0x0, 0x0, 0xd, 0xfd,
    0x0, 0x0, 0x5f, 0xd0, 0x0, 0x0, 0x2f, 0xfa,
    0x0, 0x5, 0xfd, 0x0, 0x0, 0x0, 0x6f, 0xf6,
    0x0, 0x5f, 0xd0, 0x0, 0x0, 0x0, 0xaf, 0xf3,
    0x5, 0xfd, 0x0, 0x0, 0x0, 0x1, 0xef, 0xd0,

    /* U+0199 "ƙ" */
    0x7, 0xef, 0xb0, 0x0, 0x0, 0x3, 0xff, 0xa7,
    0x0, 0x0, 0x0, 0x6f, 0x90, 0x0, 0x0, 0x0,
    0x7, 0xf8, 0x0, 0x0, 0x0, 0x0, 0x7f, 0x80,
    0x0, 0x3f, 0xf7, 0x7, 0xf8, 0x0, 0x3f, 0xf6,
    0x0, 0x7f, 0x80, 0x3e, 0xf6, 0x0, 0x7, 0xf8,
    0x3e, 0xf5, 0x0, 0x0, 0x7f, 0xbe, 0xf9, 0x0,
    0x0, 0x7, 0xff, 0xff, 0xf2, 0x0, 0x0, 0x7f,
    0xf5, 0x9f, 0xc0, 0x0, 0x7, 0xf8, 0x1, 0xef,
    0x60, 0x0, 0x7f, 0x80, 0x5, 0xff, 0x20, 0x7,
    0xf8, 0x0, 0xb, 0xfb, 0x0, 0x7f, 0x80, 0x0,
    0x1f, 0xf6, 0x7, 0xf8, 0x0, 0x0, 0x6f, 0xf1,

    /* U+019A "ƚ" */
    0x0, 0x4f, 0xb0, 0x0, 0x0, 0x4f, 0xb0, 0x0,
    0x0, 0x4f, 0xb0, 0x0, 0x0, 0x4f, 0xb0, 0x0,
    0x0, 0x4f, 0xb0, 0x0, 0x0, 0x4f, 0xb0, 0x0,
    0x88, 0xaf, 0xd8, 0x83, 0xff, 0xff, 0xff, 0xf6,
    0x0, 0x4f, 0xb0, 0x0, 0x0, 0x4f, 0xb0, 0x0,
    0x0, 0x4f, 0xb0, 0x0, 0x0, 0x4f, 0xb0, 0x0,
    0x0, 0x4f, 0xb0, 0x0, 0x0, 0x4f, 0xd0, 0x0,
    0x0, 0x1f, 0xfe, 0x80, 0x0, 0x6, 0xef, 0xa0,

    /* U+019B "ƛ" */
    0x0, 0xd, 0xf4, 0x26, 0x0, 0x0, 0x0, 0x8,
    0xfe, 0xff, 0x20, 0x0, 0x3, 0xbf, 0xff, 0x82,
    0x0, 0x0, 0x3, 0xe9, 0xcf, 0x60, 0x0, 0x0,
    0x0, 0x0, 0x6f, 0xc0, 0x0, 0x0, 0x0, 0x0,
    0x9f, 0xf3, 0x0, 0x0, 0x0, 0x0, 0xff, 0xf9,
    0x0, 0x0, 0x0, 0x6, 0xfd, 0xfe, 0x0, 0x0,
    0x0, 0xc, 0xf5, 0xcf, 0x50, 0x0, 0x0, 0x2f,
    0xe0, 0x6f, 0xb0, 0x0, 0x0, 0x9f, 0x80, 0xf,
    0xf1, 0x0, 0x0, 0xef, 0x20, 0xa, 0xf7, 0x0,
    0x5, 0xfc, 0x0, 0x4, 0xfd, 0x0, 0xb, 0xf6,
    0x0, 0x0, 0xdf, 0x40, 0x2f, 0xf0, 0x0, 0x0,
    0x7f, 0xa0, 0x8f, 0xa0, 0x0, 0x0, 0x1f, 0xf0,

    /* U+019C "Ɯ" */
    0x8f, 0x80, 0x0, 0x6, 0xf9, 0x0, 0x0, 0x5f,
    0xb8, 0xf8, 0x0, 0x0, 0x6f, 0x90, 0x0, 0x5,
    0xfb, 0x8f, 0x80, 0x0, 0x6, 0xf9, 0x0, 0x0,
    0x5f, 0xb8, 0xf8, 0x0, 0x0, 0x6f, 0x90, 0x0,
    0x5, 0xfb, 0x8f, 0x80, 0x0, 0x6, 0xf9, 0x0,
    0x0, 0x5f, 0xb8, 0xf8, 0x0, 0x0, 0x6f, 0x90,
    0x0, 0x5, 0xfb, 0x8f, 0x80, 0x0, 0x6, 0xf9,
    0x0, 0x0, 0x5f, 0xb8, 0xf8, 0x0, 0x0, 0x6f,
    0x90, 0x0, 0x5, 0xfb, 0x8f, 0x80, 0x0, 0x6,
    0xf9, 0x0, 0x0, 0x5f, 0xb8, 0xf8, 0x0, 0x0,
    0x6f, 0x90, 0x0, 0x5, 0xfb, 0x8f, 0x80, 0x0,
    0x6, 0xf9, 0x0, 0x0, 0x5f, 0xb8, 0xf8, 0x0,
    0x0, 0x8f, 0x90, 0x0, 0x6, 0xfb, 0x7f, 0x90,
    0x0, 0xb, 0xfb, 0x0, 0x0, 0xaf, 0xb4, 0xfe,
    0x10, 0x6, 0xff, 0xf1, 0x0, 0x5f, 0xfb, 0xd,
    0xff, 0xce, 0xf6, 0xcf, 0xfc, 0xef, 0x9f, 0xb0,
    0x2a, 0xef, 0xc5, 0x1, 0xae, 0xfd, 0x62, 0xfb,

    /* U+019D "Ɲ" */
    0x0, 0x3f, 0xf6, 0x0, 0x0, 0x0, 0x5, 0xfc,
    0x0, 0x3f, 0xff, 0x20, 0x0, 0x0, 0x5, 0xfc,
    0x0, 0x3f, 0xff, 0xb0, 0x0, 0x0, 0x5, 0xfc,
    0x0, 0x3f, 0xfe, 0xf7, 0x0, 0x0, 0x5, 0xfc,
    0x0, 0x3f, 0xe5, 0xff, 0x20, 0x0, 0x5, 0xfc,
    0x0, 0x3f, 0xe0, 0xaf, 0xc0, 0x0, 0x5, 0xfc,
    0x0, 0x3f, 0xe0, 0x1e, 0xf7, 0x0, 0x5, 0xfc,
    0x0, 0x3f, 0xe0, 0x4, 0xff, 0x30, 0x5, 0xfc,
    0x0, 0x3f, 0xe0, 0x0, 0x9f, 0xd0, 0x5, 0xfc,
    0x0, 0x3f, 0xe0, 0x0, 0xd, 0xf8, 0x5, 0xfc,
    0x0, 0x3f, 0xe0, 0x0, 0x3, 0xff, 0x35, 0xfc,
    0x0, 0x3f, 0xe0, 0x0, 0x0, 0x8f, 0xd5, 0xfc,
    0x0, 0x3f, 0xe0, 0x0, 0x0, 0xd, 0xfd, 0xfc,
    0x0, 0x3f, 0xe0, 0x0, 0x0, 0x3, 0xff, 0xfc,
    0x0, 0x3f, 0xe0, 0x0, 0x0, 0x0, 0x7f, 0xfc,
    0x0, 0x3f, 0xe0, 0x0, 0x0, 0x0, 0xc, 0xfc,
    0x0, 0x3f, 0xe0, 0x0, 0x0, 0x0, 0x0, 0x0,
    0x0, 0x6f, 0xd0, 0x0, 0x0, 0x0, 0x0, 0x0,
    0x4f, 0xff, 0x90, 0x0, 0x0, 0x0, 0x0, 0x0,
    0x5d, 0xc8, 0x0, 0x0, 0x0, 0x0, 0x0, 0x0,

    /* U+019E "ƞ" */
    0x7f, 0x63, 0xbe, 0xfc, 0x60, 0x7, 0xf9, 0xff,
    0xcd, 0xff, 0x80, 0x7f, 0xf9, 0x0, 0x7, 0xff,
    0x7, 0xfe, 0x0, 0x0, 0xe, 0xf3, 0x7f, 0xa0,
    0x0, 0x0, 0xcf, 0x47, 0xf9, 0x0, 0x0, 0xc,
    0xf4, 0x7f, 0x90, 0x0, 0x0, 0xcf, 0x47, 0xf9,
    0x0, 0x0, 0xc, 0xf4, 0x7f, 0x90, 0x0, 0x0,
    0xcf, 0x47, 0xf9, 0x0, 0x0, 0xc, 0xf4, 0x7f,
    0x90, 0x0, 0x0, 0xcf, 0x47, 0xf9, 0x0, 0x0,
    0xc, 0xf4, 0x0, 0x0, 0x0, 0x0, 0xcf, 0x40,
    0x0, 0x0, 0x0, 0xc, 0xf4, 0x0, 0x0, 0x0,
    0x0, 0xcf, 0x40, 0x0, 0x0, 0x0, 0xc, 0xf4,
    0x0, 0x0, 0x0, 0x0, 0xcf, 0x40,

    /* U+019F "Ɵ" */
    0x0, 0x0, 0x4a, 0xdf, 0xfd, 0x93, 0x0, 0x0,
    0x0, 0x1c, 0xff, 0xfd, 0xdf, 0xff, 0xa0, 0x0,
    0x1, 0xef, 0xd5, 0x0, 0x0, 0x5e, 0xfc, 0x0,
    0xb, 0xfc, 0x0, 0x0, 0x0, 0x1, 0xdf, 0x90,
    0x3f, 0xf1, 0x0, 0x0, 0x0, 0x0, 0x3f, 0xf2,
    0x8f, 0xa0, 0x0, 0x0, 0x0, 0x0, 0xc, 0xf7,
    0xcf, 0x70, 0x0, 0x0, 0x0, 0x0, 0x8, 0xfb,
    0xdf, 0xff, 0xff, 0xff, 0xff, 0xff, 0xff, 0xfc,
    0xef, 0xca, 0xaa, 0xaa, 0xaa, 0xaa, 0xac, 0xfc,
    0xcf, 0x70, 0x0, 0x0, 0x0, 0x0, 0x9, 0xfb,
    0x9f, 0xc0, 0x0, 0x0, 0x0, 0x0, 0xd, 0xf7,
    0x3f, 0xf3, 0x0, 0x0, 0x0, 0x0, 0x4f, 0xf2,
    0xb, 0xfd, 0x10, 0x0, 0x0, 0x2, 0xef, 0x90,
    0x1, 0xdf, 0xe6, 0x0, 0x1, 0x6e, 0xfc, 0x0,
    0x0, 0x1b, 0xff, 0xfe, 0xef, 0xff, 0xa0, 0x0,
    0x0, 0x0, 0x4a, 0xdf, 0xfd, 0x93, 0x0, 0x0,

    /* U+01A0 "Ơ" */
    0x0, 0x0, 0x0, 0x0, 0x0, 0x0, 0xef, 0x20,
    0x0, 0x0, 0x0, 0x0, 0x0, 0x0, 0xcf, 0x40,
    0x0, 0x0, 0x0, 0x0, 0x0, 0x0, 0xbf, 0x40,
    0x0, 0x0, 0x0, 0x0, 0x0, 0x1, 0xef, 0x20,
    0x0, 0x0, 0x6b, 0xef, 0xfd, 0xff, 0xf9, 0x0,
    0x0, 0x2d, 0xff, 0xff, 0xff, 0xff, 0x70, 0x0,
    0x2, 0xef, 0xfd, 0x86, 0x7b, 0xff, 0xf5, 0x0,
    0xb, 0xff, 0x70, 0x0, 0x0, 0x4f, 0xfe, 0x10,
    0x3f, 0xfa, 0x0, 0x0, 0x0, 0x5, 0xff, 0x80,
    0x9f, 0xf1, 0x0, 0x0, 0x0, 0x0, 0xdf, 0xd0,
    0xcf, 0xd0, 0x0, 0x0, 0x0, 0x0, 0x8f, 0xf1,
    0xef, 0xa0, 0x0, 0x0, 0x0, 0x0, 0x6f, 0xf2,
    0xff, 0x90, 0x0, 0x0, 0x0, 0x0, 0x5f, 0xf3,
    0xef, 0xa0, 0x0, 0x0, 0x0, 0x0, 0x6f, 0xf2,
    0xcf, 0xc0, 0x0, 0x0, 0x0, 0x0, 0x8f, 0xf1,
    0x9f, 0xf1, 0x0, 0x0, 0x0, 0x0, 0xdf, 0xd0,
    0x4f, 0xf9, 0x0, 0x0, 0x0, 0x5, 0xff, 0x80,
    0xc, 0xff, 0x70, 0x0, 0x0, 0x3e, 0xff, 0x10,
    0x2, 0xff, 0xfd, 0x86, 0x7b, 0xff, 0xf6, 0x0,
    0x0, 0x2d, 0xff, 0xff, 0xff, 0xff, 0x50, 0x0,
    0x0, 0x0, 0x6b, 0xef, 0xfc, 0x81, 0x0, 0x0,

    /* U+01A1 "ơ" */
    0x0, 0x0, 0x0, 0x0, 0x0, 0x48, 0x30, 0x0,
    0x0, 0x0, 0x0, 0x7, 0xf8, 0x0, 0x0, 0x0,
    0x0, 0x0, 0x5f, 0xa0, 0x0, 0x0, 0x0, 0x0,
    0x9, 0xf8, 0x0, 0x1, 0x8d, 0xfe, 0xff, 0xfd,
    0x10, 0x3, 0xef, 0xff, 0xff, 0xfc, 0x0, 0x0,
    0xef, 0xf7, 0x34, 0xbf, 0xf7, 0x0, 0x7f, 0xf5,
    0x0, 0x0, 0xcf, 0xf0, 0xc, 0xfd, 0x0, 0x0,
    0x4, 0xff, 0x50, 0xff, 0x90, 0x0, 0x0, 0x1f,
    0xf7, 0xf, 0xf8, 0x0, 0x0, 0x0, 0xff, 0x80,
    0xff, 0x90, 0x0, 0x0, 0x1f, 0xf7, 0xc, 0xfd,
    0x0, 0x0, 0x4, 0xff, 0x50, 0x7f, 0xf4, 0x0,
    0x0, 0xcf, 0xf0, 0x1, 0xef, 0xf7, 0x34, 0xbf,
    0xf7, 0x0, 0x3, 0xef, 0xff, 0xff, 0xfa, 0x0,
    0x0, 0x1, 0x8d, 0xfe, 0xb5, 0x0, 0x0,

    /* U+01A2 "Ƣ" */
    0x0, 0x0, 0x4a, 0xdf, 0xfd, 0x93, 0x4, 0xbf,
    0xfd, 0x80, 0x0, 0x1, 0xcf, 0xff, 0xff, 0xff,
    0xfb, 0xff, 0xff, 0xff, 0xc0, 0x1, 0xef, 0xe7,
    0x10, 0x2, 0x8f, 0xff, 0x90, 0x3, 0xef, 0x60,
    0xbf, 0xd1, 0x0, 0x0, 0x0, 0x2e, 0xf9, 0x0,
    0x8, 0xfa, 0x3f, 0xf3, 0x0, 0x0, 0x0, 0x0,
    0x5f, 0xf1, 0x0, 0x5f, 0xc8, 0xfb, 0x0, 0x0,
    0x0, 0x0, 0x0, 0xdf, 0x70, 0x5, 0xfd, 0xcf,
    0x70, 0x0, 0x0, 0x0, 0x0, 0x9, 0xfb, 0x0,
    0x5f, 0xdd, 0xf6, 0x0, 0x0, 0x0, 0x0, 0x0,
    0x7f, 0xc0, 0x5, 0xfd, 0xef, 0x50, 0x0, 0x0,
    0x0, 0x0, 0x7, 0xfc, 0x0, 0x5f, 0xdc, 0xf7,
    0x0, 0x0, 0x0, 0x0, 0x0, 0x8f, 0xb0, 0x5,
    0xfd, 0x9f, 0xb0, 0x0, 0x0, 0x0, 0x0, 0xc,
    0xf7, 0x0, 0x5f, 0xd3, 0xff, 0x20, 0x0, 0x0,
    0x0, 0x3, 0xff, 0x20, 0x5, 0xfd, 0xb, 0xfd,
    0x10, 0x0, 0x0, 0x1, 0xef, 0xa0, 0x0, 0x5f,
    0xd0, 0x1d, 0xfe, 0x50, 0x0, 0x6, 0xef, 0xd0,
    0x0, 0x5, 0xfd, 0x0, 0x1b, 0xff, 0xfe, 0xef,
    0xff, 0xb1, 0x0, 0x0, 0x5f, 0xd0, 0x0, 0x4,
    0xad, 0xff, 0xd9, 0x40, 0x0, 0x0, 0x5, 0xfd,

    /* U+01A3 "ƣ" */
    0x0, 0x4, 0xbe, 0xfe, 0x92, 0x7d, 0xfe, 0x91,
    0x0, 0x8, 0xff, 0xdb, 0xef, 0xff, 0xfc, 0xff,
    0xc0, 0x5, 0xff, 0x40, 0x0, 0x7f, 0xf4, 0x1,
    0xff, 0x30, 0xcf, 0x60, 0x0, 0x0, 0xaf, 0x90,
    0xa, 0xf6, 0xf, 0xf0, 0x0, 0x0, 0x4, 0xfd,
    0x0, 0x9f, 0x62, 0xfe, 0x0, 0x0, 0x0, 0x1f,
    0xf0, 0x9, 0xf7, 0x2f, 0xe0, 0x0, 0x0, 0x2,
    0xfe, 0x0, 0x9f, 0x70, 0xff, 0x0, 0x0, 0x0,
    0x4f, 0xd0, 0x9, 0xf7, 0xc, 0xf6, 0x0, 0x0,
    0xa, 0xf9, 0x0, 0x9f, 0x70, 0x5f, 0xe3, 0x0,
    0x5, 0xff, 0x20, 0x9, 0xf7, 0x0, 0x8f, 0xfc,
    0xad, 0xff, 0x50, 0x0, 0x9f, 0x70, 0x0, 0x4b,
    0xef, 0xe9, 0x20, 0x0, 0x9, 0xf7, 0x0, 0x0,
    0x0, 0x0, 0x0, 0x0, 0x0, 0x9f, 0x70, 0x0,
    0x0, 0x0, 0x0, 0x0, 0x0, 0x9, 0xf7, 0x0,
    0x0, 0x0, 0x0, 0x0, 0x0, 0x0, 0x9f, 0x70,
    0x0, 0x0, 0x0, 0x0, 0x0, 0x0, 0x9, 0xf7,
    0x0, 0x0, 0x0, 0x0, 0x0, 0x0, 0x0, 0x9f,
    0x70,

    /* U+01A4 "Ƥ" */
    0x3c, 0xff, 0xff, 0xff, 0xff, 0xfe, 0xc6, 0x0,
    0xdf, 0xff, 0xff, 0xee, 0xee, 0xff, 0xff, 0xc0,
    0xff, 0xa, 0xf8, 0x0, 0x0, 0x0, 0x6f, 0xf7,
    0xfd, 0xa, 0xf8, 0x0, 0x0, 0x0, 0x9, 0xfc,
    0x0, 0xa, 0xf8, 0x0, 0x0, 0x0, 0x6, 0xfd,
    0x0, 0xa, 0xf8, 0x0, 0x0, 0x0, 0xa, 0xfb,
    0x0, 0xa, 0xf8, 0x0, 0x0, 0x2, 0x9f, 0xf5,
    0x0, 0xa, 0xff, 0xff, 0xff, 0xff, 0xff, 0x90,
    0x0, 0xa, 0xff, 0xff, 0xff, 0xfd, 0xa4, 0x0,
    0x0, 0xa, 0xf8, 0x0, 0x0, 0x0, 0x0, 0x0,
    0x0, 0xa, 0xf8, 0x0, 0x0, 0x0, 0x0, 0x0,
    0x0, 0xa, 0xf8, 0x0, 0x0, 0x0, 0x0, 0x0,
    0x0, 0xa, 0xf8, 0x0, 0x0, 0x0, 0x0, 0x0,
    0x0, 0xa, 0xf8, 0x0, 0x0, 0x0, 0x0, 0x0,
    0x0, 0xa, 0xf8, 0x0, 0x0, 0x0, 0x0, 0x0,
    0x0, 0xa, 0xf8, 0x0, 0x0, 0x0, 0x0, 0x0,

    /* U+01A5 "ƥ" */
    0x0, 0x0, 0x0, 0x6, 0xef, 0xc0, 0x0, 0x0,
    0x0, 0xff, 0xa7, 0x7f, 0x64, 0xcf, 0xff, 0xb0,
    0x7, 0xfb, 0xfd, 0x9b, 0xff, 0x80, 0x7f, 0xf9,
    0x0, 0x4, 0xff, 0x37, 0xfe, 0x0, 0x0, 0xa,
    0xf9, 0x7f, 0x90, 0x0, 0x0, 0x5f, 0xc7, 0xf7,
    0x0, 0x0, 0x3, 0xfe, 0x7f, 0x60, 0x0, 0x0,
    0x3f, 0xd7, 0xf8, 0x0, 0x0, 0x5, 0xfb, 0x7f,
    0xd0, 0x0, 0x0, 0xaf, 0x77, 0xff, 0x80, 0x0,
    0x5f, 0xe1, 0x7f, 0xdf, 0xda, 0xcf, 0xf3, 0x7,
    0xf9, 0x4c, 0xfe, 0xa2, 0x0, 0x7f, 0x90, 0x0,
    0x0, 0x0, 0x7, 0xf9, 0x0, 0x0, 0x0, 0x0,
    0x7f, 0x90, 0x0, 0x0, 0x0, 0x7, 0xf9, 0x0,
    0x0, 0x0, 0x0, 0x7f, 0x90, 0x0, 0x0, 0x0,
    0x0,

    /* U+01A6 "Ʀ" */
    0x2f, 0xf0, 0x0, 0x0, 0x0, 0x0, 0x0, 0x0,
    0x2f, 0xfc, 0xcc, 0xcc, 0xcb, 0x94, 0x0, 0x0,
    0x2f, 0xff, 0xff, 0xff, 0xff, 0xff, 0x90, 0x0,
    0x2f, 0xf0, 0x0, 0x0, 0x2, 0x9f, 0xf5, 0x0,
    0x2f, 0xf0, 0x0, 0x0, 0x0, 0xa, 0xfc, 0x0,
    0x2f, 0xf0, 0x0, 0x0, 0x0, 0x5, 0xff, 0x0,
    0x2f, 0xf0, 0x0, 0x0, 0x0, 0x5, 0xff, 0x0,
    0x2f, 0xf0, 0x0, 0x0, 0x0, 0xa, 0xfc, 0x0,
    0x2f, 0xf0, 0x0, 0x0, 0x2, 0x9f, 0xf4, 0x0,
    0x2f, 0xff, 0xff, 0xff, 0xff, 0xff, 0x60, 0x0,
    0x2f, 0xfe, 0xee, 0xff, 0xfd, 0x61, 0x0, 0x0,
    0x2f, 0xf0, 0x0, 0x5, 0xef, 0x90, 0x0, 0x0,
    0x2f, 0xf0, 0x0, 0x0, 0x3f, 0xf9, 0x0, 0x0,
    0x2f, 0xf0, 0x0, 0x0, 0x6, 0xff, 0x50, 0x0,
    0x2f, 0xf0, 0x0, 0x0, 0x0, 0xbf, 0xf1, 0x0,
    0x2f, 0xf0, 0x0, 0x0, 0x0, 0x1e, 0xfb, 0x0,
    0x0, 0x0, 0x0, 0x0, 0x0, 0x6, 0xff, 0x50,
    0x0, 0x0, 0x0, 0x0, 0x0, 0x0, 0xbf, 0xe1,
    0x0, 0x0, 0x0, 0x0, 0x0, 0x0, 0x2f, 0xfa,

    /* U+01A7 "Ƨ" */
    0x0, 0x5, 0xbe, 0xff, 0xd9, 0x20, 0x0, 0x1,
    0xcf, 0xff, 0xff, 0xff, 0xf6, 0x0, 0xa, 0xfe,
    0x61, 0x0, 0x28, 0xff, 0x30, 0x1f, 0xf4, 0x0,
    0x0, 0x0, 0x9f, 0x90, 0x2b, 0xb0, 0x0, 0x0,
    0x0, 0x7f, 0x90, 0x0, 0x0, 0x0, 0x0, 0x2,
    0xef, 0x60, 0x0, 0x0, 0x1, 0x48, 0xcf, 0xfc,
    0x0, 0x0, 0x18, 0xdf, 0xff, 0xfe, 0x70, 0x0,
    0x6, 0xff, 0xfe, 0xa7, 0x30, 0x0, 0x0, 0x4f,
    0xfa, 0x30, 0x0, 0x0, 0x0, 0x0, 0xaf, 0x90,
    0x0, 0x0, 0x0, 0x5, 0x51, 0xcf, 0x50, 0x0,
    0x0, 0x0, 0xf, 0xf3, 0xaf, 0x90, 0x0, 0x0,
    0x0, 0x8f, 0xe0, 0x3f, 0xfa, 0x30, 0x1, 0x4b,
    0xff, 0x60, 0x5, 0xff, 0xff, 0xff, 0xff, 0xf7,
    0x0, 0x0, 0x18, 0xdf, 0xfe, 0xc8, 0x20, 0x0,

    /* U+01A8 "ƨ" */
    0x0, 0x18, 0xde, 0xfd, 0x70, 0x0, 0xd, 0xfe,
    0xaa, 0xef, 0xc0, 0x6, 0xfb, 0x0, 0x0, 0xbf,
    0x50, 0x26, 0x20, 0x0, 0xa, 0xf6, 0x0, 0x0,
    0x2, 0x6b, 0xff, 0x20, 0x3, 0x9e, 0xff, 0xfe,
    0x50, 0x6, 0xff, 0xfd, 0x95, 0x0, 0x0, 0xff,
    0x91, 0x0, 0x0, 0x0, 0x1f, 0xf0, 0x0, 0x0,
    0x6e, 0x80, 0xdf, 0x60, 0x0, 0x1d, 0xf6, 0x4,
    0xff, 0xda, 0xbf, 0xfb, 0x0, 0x2, 0xae, 0xfe,
    0xc6, 0x0,

    /* U+01A9 "Ʃ" */
    0xef, 0xff, 0xff, 0xff, 0xff, 0xf4, 0xef, 0xfe,
    0xee, 0xee, 0xee, 0xe4, 0x9f, 0xe2, 0x0, 0x0,
    0x0, 0x0, 0x9, 0xfd, 0x10, 0x0, 0x0, 0x0,
    0x0, 0xaf, 0xd1, 0x0, 0x0, 0x0, 0x0, 0xa,
    0xfd, 0x10, 0x0, 0x0, 0x0, 0x0, 0xaf, 0xd1,
    0x0, 0x0, 0x0, 0x0, 0xc, 0xfc, 0x0, 0x0,
    0x0, 0x0, 0x4f, 0xf5, 0x0, 0x0, 0x0, 0x3,
    0xff, 0x70, 0x0, 0x0, 0x0, 0x1e, 0xf9, 0x0,
    0x0, 0x0, 0x1, 0xdf, 0xb0, 0x0, 0x0, 0x0,
    0xc, 0xfc, 0x0, 0x0, 0x0, 0x0, 0xaf, 0xe1,
    0x0, 0x0, 0x0, 0x0, 0xef, 0xfe, 0xee, 0xee,
    0xee, 0xeb, 0xef, 0xff, 0xff, 0xff, 0xff, 0xfc,

    /* U+01AA "ƪ" */
    0x3, 0xcf, 0xd5, 0x0, 0x0, 0xe, 0x72, 0x9f,
    0x40, 0x0, 0x2e, 0x0, 0x1f, 0xc0, 0x0, 0xe,
    0x50, 0x7f, 0xf0, 0x0, 0x4, 0xef, 0xdf, 0xf0,
    0x0, 0x0, 0x0, 0xf, 0xf0, 0x0, 0x0, 0x0,
    0xf, 0xf0, 0x0, 0x0, 0x0, 0xf, 0xf0, 0x0,
    0x0, 0x0, 0xf, 0xf0, 0x0, 0x0, 0x0, 0xf,
    0xf0, 0x0, 0x0, 0x0, 0xf, 0xf0, 0x0, 0x0,
    0x0, 0xf, 0xf0, 0x0, 0x0, 0x0, 0xf, 0xf0,
    0x0, 0x0, 0x0, 0xf, 0xf0, 0x0, 0x0, 0x0,
    0xf, 0xf0, 0x0, 0x0, 0x0, 0xf, 0xf0, 0x0,
    0x0, 0x0, 0xf, 0xf0, 0x0, 0x0, 0x0, 0xf,
    0xf3, 0x0, 0x0, 0x0, 0xc, 0xff, 0xf2, 0x0,
    0x0, 0x2, 0xad, 0xc2,

    /* U+01AB "ƫ" */
    0x0, 0x0, 0x0, 0x0, 0x4, 0xc0, 0x0, 0x2,
    0xfe, 0x0, 0x0, 0x2f, 0xe0, 0x0, 0x2, 0xfe,
    0x0, 0x9, 0xff, 0xff, 0xe0, 0x59, 0xff, 0x87,
    0x0, 0x2f, 0xe0, 0x0, 0x2, 0xfe, 0x0, 0x0,
    0x2f, 0xe0, 0x0, 0x2, 0xfe, 0x0, 0x0, 0x2f,
    0xe0, 0x0, 0x2, 0xfe, 0x0, 0x0, 0x2f, 0xe0,
    0x0, 0x1, 0xff, 0x0, 0x0, 0xf, 0xfe, 0xd2,
    0x0, 0x5e, 0xff, 0x20, 0x0, 0xa, 0xf2, 0x0,
    0x7a, 0xff, 0x0, 0xc, 0xfe, 0x60,

    /* U+01AC "Ƭ" */
    0x8, 0xef, 0xff, 0xff, 0xff, 0xff, 0xa4, 0xff,
    0xfe, 0xef, 0xfe, 0xee, 0xe9, 0x7f, 0x90, 0x1,
    0xff, 0x10, 0x0, 0x7, 0xf6, 0x0, 0x1f, 0xf1,
    0x0, 0x0, 0x12, 0x10, 0x1, 0xff, 0x10, 0x0,
    0x0, 0x0, 0x0, 0x1f, 0xf1, 0x0, 0x0, 0x0,
    0x0, 0x1, 0xff, 0x10, 0x0, 0x0, 0x0, 0x0,
    0x1f, 0xf1, 0x0, 0x0, 0x0, 0x0, 0x1, 0xff,
    0x10, 0x0, 0x0, 0x0, 0x0, 0x1f, 0xf1, 0x0,
    0x0, 0x0, 0x0, 0x1, 0xff, 0x10, 0x0, 0x0,
    0x0, 0x0, 0x1f, 0xf1, 0x0, 0x0, 0x0, 0x0,
    0x1, 0xff, 0x10, 0x0, 0x0, 0x0, 0x0, 0x1f,
    0xf1, 0x0, 0x0, 0x0, 0x0, 0x1, 0xff, 0x10,
    0x0, 0x0, 0x0, 0x0, 0x1f, 0xf1, 0x0, 0x0,

    /* U+01AD "ƭ" */
    0x0, 0x5d, 0xfe, 0x10, 0xf, 0xfe, 0xd0, 0x1,
    0xff, 0x0, 0x0, 0x2f, 0xe0, 0x0, 0x9f, 0xff,
    0xfe, 0x5, 0x9f, 0xf8, 0x70, 0x2, 0xfe, 0x0,
    0x0, 0x2f, 0xe0, 0x0, 0x2, 0xfe, 0x0, 0x0,
    0x2f, 0xe0, 0x0, 0x2, 0xfe, 0x0, 0x0, 0x2f,
    0xe0, 0x0, 0x2, 0xfe, 0x0, 0x0, 0x1f, 0xf0,
    0x0, 0x0, 0xef, 0xfe, 0x0, 0x4, 0xdf, 0xe1,

    /* U+01AE "Ʈ" */
    0x8f, 0xff, 0xff, 0xff, 0xff, 0xff, 0xf8, 0x7e,
    0xee, 0xee, 0xff, 0xee, 0xee, 0xe8, 0x0, 0x0,
    0x1, 0xff, 0x10, 0x0, 0x0, 0x0, 0x0, 0x1,
    0xff, 0x10, 0x0, 0x0, 0x0, 0x0, 0x1, 0xff,
    0x10, 0x0, 0x0, 0x0, 0x0, 0x1, 0xff, 0x10,
    0x0, 0x0, 0x0, 0x0, 0x1, 0xff, 0x10, 0x0,
    0x0, 0x0, 0x0, 0x1, 0xff, 0x10, 0x0, 0x0,
    0x0, 0x0, 0x1, 0xff, 0x10, 0x0, 0x0, 0x0,
    0x0, 0x1, 0xff, 0x10, 0x0, 0x0, 0x0, 0x0,
    0x1, 0xff, 0x10, 0x0, 0x0, 0x0, 0x0, 0x1,
    0xff, 0x10, 0x0, 0x0, 0x0, 0x0, 0x1, 0xff,
    0x10, 0x0, 0x0, 0x0, 0x0, 0x1, 0xff, 0x10,
    0x0, 0x0, 0x0, 0x0, 0x1, 0xff, 0x10, 0x0,
    0x0, 0x0, 0x0, 0x1, 0xff, 0x10, 0x0, 0x0,
    0x0, 0x0, 0x1, 0xff, 0x10, 0x0, 0x0, 0x0,
    0x0, 0x1, 0xff, 0x10, 0x0, 0x0, 0x0, 0x0,
    0x0, 0xff, 0x40, 0x0, 0x0, 0x0, 0x0, 0x0,
    0xdf, 0xff, 0x30, 0x0, 0x0, 0x0, 0x0, 0x3c,
    0xff, 0x40, 0x0,

    /* U+01AF "Ư" */
    0x0, 0x0, 0x0, 0x0, 0x0, 0x0, 0xd, 0xf3,
    0x0, 0x0, 0x0, 0x0, 0x0, 0x0, 0xa, 0xf5,
    0x0, 0x0, 0x0, 0x0, 0x0, 0x0, 0x9, 0xf6,
    0x0, 0x0, 0x0, 0x0, 0x0, 0x0, 0x1c, 0xf4,
    0x5f, 0xf1, 0x0, 0x0, 0x0, 0x2f, 0xff, 0xa0,
    0x5f, 0xf1, 0x0, 0x0, 0x0, 0x2f, 0xf7, 0x0,
    0x5f, 0xf1, 0x0, 0x0, 0x0, 0x2f, 0xf5, 0x0,
    0x5f, 0xf1, 0x0, 0x0, 0x0, 0x2f, 0xf5, 0x0,
    0x5f, 0xf1, 0x0, 0x0, 0x0, 0x2f, 0xf5, 0x0,
    0x5f, 0xf1, 0x0, 0x0, 0x0, 0x2f, 0xf5, 0x0,
    0x5f, 0xf1, 0x0, 0x0, 0x0, 0x2f, 0xf5, 0x0,
    0x5f, 0xf1, 0x0, 0x0, 0x0, 0x2f, 0xf5, 0x0,
    0x5f, 0xf1, 0x0, 0x0, 0x0, 0x2f, 0xf5, 0x0,
    0x5f, 0xf1, 0x0, 0x0, 0x0, 0x2f, 0xf5, 0x0,
    0x5f, 0xf1, 0x0, 0x0, 0x0, 0x2f, 0xf5, 0x0,
    0x4f, 0xf2, 0x0, 0x0, 0x0, 0x3f, 0xf3, 0x0,
    0x2f, 0xf6, 0x0, 0x0, 0x0, 0x7f, 0xf1, 0x0,
    0xd, 0xfe, 0x20, 0x0, 0x2, 0xef, 0xc0, 0x0,
    0x4, 0xff, 0xf9, 0x66, 0x9f, 0xff, 0x40, 0x0,
    0x0, 0x6f, 0xff, 0xff, 0xff, 0xf6, 0x0, 0x0,
    0x0, 0x2, 0x9d, 0xff, 0xd9, 0x20, 0x0, 0x0,

    /* U+01B0 "ư" */
    0x0, 0x0, 0x0, 0x0, 0x0, 0x38, 0x40, 0x0,
    0x0, 0x0, 0x0, 0x4, 0xfb, 0x0, 0x0, 0x0,
    0x0, 0x0, 0x3f, 0xd0, 0x0, 0x0, 0x0, 0x0,
    0x6, 0xfb, 0x4f, 0xf2, 0x0, 0x0, 0xff, 0xfe,
    0x34, 0xff, 0x20, 0x0, 0xd, 0xff, 0x0, 0x4f,
    0xf2, 0x0, 0x0, 0xbf, 0xc0, 0x4, 0xff, 0x20,
    0x0, 0xb, 0xfc, 0x0, 0x4f, 0xf2, 0x0, 0x0,
    0xbf, 0xc0, 0x4, 0xff, 0x20, 0x0, 0xb, 0xfc,
    0x0, 0x4f, 0xf2, 0x0, 0x0, 0xbf, 0xc0, 0x4,
    0xff, 0x20, 0x0, 0xb, 0xfc, 0x0, 0x4f, 0xf3,
    0x0, 0x0, 0xdf, 0xc0, 0x2, 0xff, 0x70, 0x0,
    0x3f, 0xfc, 0x0, 0xe, 0xff, 0x62, 0x5e, 0xff,
    0xc0, 0x0, 0x5f, 0xff, 0xff, 0xd9, 0xfc, 0x0,
    0x0, 0x5c, 0xfe, 0x91, 0x8f, 0xc0, 0x0,

    /* U+01B1 "Ʊ" */
    0x7f, 0xfe, 0x91, 0x0, 0x0, 0x8d, 0xff, 0xa6,
    0xef, 0xff, 0x70, 0x0, 0x4f, 0xff, 0xe9, 0x0,
    0xd, 0xf5, 0x0, 0x3, 0xff, 0x10, 0x0, 0x0,
    0xff, 0x0, 0x0, 0xd, 0xf2, 0x0, 0x0, 0x7f,
    0x80, 0x0, 0x0, 0x6f, 0xa0, 0x0, 0xe, 0xf1,
    0x0, 0x0, 0x0, 0xef, 0x20, 0x7, 0xfa, 0x0,
    0x0, 0x0, 0x7, 0xfa, 0x0, 0xdf, 0x40, 0x0,
    0x0, 0x0, 0x2f, 0xf1, 0x1f, 0xf1, 0x0, 0x0,
    0x0, 0x0, 0xef, 0x43, 0xff, 0x0, 0x0, 0x0,
    0x0, 0xc, 0xf7, 0x3f, 0xf1, 0x0, 0x0, 0x0,
    0x0, 0xef, 0x60, 0xff, 0x70, 0x0, 0x0, 0x0,
    0x3f, 0xf2, 0x8, 0xff, 0x20, 0x0, 0x0, 0xd,
    0xfb, 0x0, 0xc, 0xfe, 0x50, 0x0, 0x3d, 0xfe,
    0x20, 0x0, 0x1c, 0xff, 0xfd, 0xef, 0xfd, 0x20,
    0x0, 0x0, 0x5, 0xbe, 0xfe, 0xc6, 0x0, 0x0,

    /* U+01B2 "Ʋ" */
    0xaf, 0xa0, 0x0, 0x0, 0x0, 0x5e, 0xfb, 0x4,
    0xff, 0x10, 0x0, 0x0, 0x6, 0xbf, 0xf3, 0xd,
    0xf6, 0x0, 0x0, 0x0, 0x0, 0xcf, 0x20, 0x7f,
    0xc0, 0x0, 0x0, 0x0, 0xe, 0xf0, 0x1, 0xff,
    0x20, 0x0, 0x0, 0x1, 0xfd, 0x0, 0xa, 0xf8,
    0x0, 0x0, 0x0, 0x6f, 0x80, 0x0, 0x4f, 0xd0,
    0x0, 0x0, 0xb, 0xf3, 0x0, 0x0, 0xdf, 0x30,
    0x0, 0x1, 0xfd, 0x0, 0x0, 0x7, 0xf9, 0x0,
    0x0, 0x7f, 0x70, 0x0, 0x0, 0x1f, 0xf0, 0x0,
    0xe, 0xf1, 0x0, 0x0, 0x0, 0xaf, 0x50, 0x6,
    0xf9, 0x0, 0x0, 0x0, 0x4, 0xfb, 0x0, 0xef,
    0x10, 0x0, 0x0, 0x0, 0xd, 0xf1, 0x6f, 0x90,
    0x0, 0x0, 0x0, 0x0, 0x7f, 0x6e, 0xf1, 0x0,
    0x0, 0x0, 0x0, 0x1, 0xff, 0xf8, 0x0, 0x0,
    0x0, 0x0, 0x0, 0xa, 0xfe, 0x10, 0x0, 0x0,

    /* U+01B3 "Ƴ" */
    0x1c, 0xfe, 0x91, 0x0, 0x0, 0x0, 0x0, 0xbf,
    0xc0, 0xb, 0xce, 0xfe, 0x20, 0x0, 0x0, 0x6,
    0xff, 0x20, 0x0, 0x0, 0xaf, 0xd0, 0x0, 0x0,
    0x1f, 0xf6, 0x0, 0x0, 0x0, 0xc, 0xf9, 0x0,
    0x0, 0xbf, 0xb0, 0x0, 0x0, 0x0, 0x2, 0xff,
    0x20, 0x6, 0xfe, 0x10, 0x0, 0x0, 0x0, 0x0,
    0x8f, 0xa0, 0x1e, 0xf5, 0x0, 0x0, 0x0, 0x0,
    0x0, 0xe, 0xf1, 0xaf, 0xa0, 0x0, 0x0, 0x0,
    0x0, 0x0, 0x8, 0xfc, 0xfe, 0x0, 0x0, 0x0,
    0x0, 0x0, 0x0, 0x1, 0xff, 0xf4, 0x0, 0x0,
    0x0, 0x0, 0x0, 0x0, 0x0, 0xaf, 0xa0, 0x0,
    0x0, 0x0, 0x0, 0x0, 0x0, 0x0, 0x9f, 0x90,
    0x0, 0x0, 0x0, 0x0, 0x0, 0x0, 0x0, 0x9f,
    0x90, 0x0, 0x0, 0x0, 0x0, 0x0, 0x0, 0x0,
    0x9f, 0x90, 0x0, 0x0, 0x0, 0x0, 0x0, 0x0,
    0x0, 0x9f, 0x90, 0x0, 0x0, 0x0, 0x0, 0x0,
    0x0, 0x0, 0x9f, 0x90, 0x0, 0x0, 0x0, 0x0,
    0x0, 0x0, 0x0, 0x9f, 0x90, 0x0, 0x0, 0x0,

    /* U+01B4 "ƴ" */
    0x7f, 0xb0, 0x0, 0x0, 0x2, 0xcf, 0xb1, 0x1,
    0xff, 0x10, 0x0, 0x0, 0xdf, 0xcf, 0xb0, 0xb,
    0xf6, 0x0, 0x0, 0x6f, 0x90, 0xcf, 0x10, 0x5f,
    0xc0, 0x0, 0xd, 0xf1, 0x3, 0x61, 0x0, 0xef,
    0x20, 0x4, 0xfb, 0x0, 0x0, 0x0, 0x9, 0xf7,
    0x0, 0xaf, 0x50, 0x0, 0x0, 0x0, 0x3f, 0xd0,
    0xf, 0xe0, 0x0, 0x0, 0x0, 0x0, 0xdf, 0x36,
    0xf9, 0x0, 0x0, 0x0, 0x0, 0x7, 0xf8, 0xbf,
    0x30, 0x0, 0x0, 0x0, 0x0, 0x1f, 0xdf, 0xd0,
    0x0, 0x0, 0x0, 0x0, 0x0, 0xbf, 0xf7, 0x0,
    0x0, 0x0, 0x0, 0x0, 0x5, 0xff, 0x10, 0x0,
    0x0, 0x0, 0x0, 0x0, 0x3f, 0xa0, 0x0, 0x0,
    0x0, 0x0, 0x0, 0x9, 0xf4, 0x0, 0x0, 0x0,
    0x0, 0x0, 0x4, 0xfd, 0x0, 0x0, 0x0, 0x0,
    0x0, 0xbf, 0xff, 0x40, 0x0, 0x0, 0x0, 0x0,
    0x8, 0xfd, 0x50, 0x0, 0x0, 0x0, 0x0, 0x0,

    /* U+01B5 "Ƶ" */
    0xa, 0xff, 0xff, 0xff, 0xff, 0xff, 0xf2, 0x9,
    0xee, 0xee, 0xee, 0xee, 0xff, 0xf2, 0x0, 0x0,
    0x0, 0x0, 0x1, 0xdf, 0xa0, 0x0, 0x0, 0x0,
    0x0, 0xd, 0xfc, 0x0, 0x0, 0x0, 0x0, 0x0,
    0xaf, 0xe1, 0x0, 0x0, 0x0, 0x0, 0x8, 0xff,
    0x30, 0x0, 0x0, 0x0, 0x0, 0x5f, 0xf5, 0x0,
    0x0, 0x0, 0xef, 0xff, 0xff, 0xff, 0xf8, 0x0,
    0x0, 0x89, 0xaf, 0xfc, 0x99, 0x94, 0x0, 0x0,
    0x0, 0xcf, 0xc0, 0x0, 0x0, 0x0, 0x0, 0xa,
    0xfe, 0x10, 0x0, 0x0, 0x0, 0x0, 0x7f, 0xf2,
    0x0, 0x0, 0x0, 0x0, 0x5, 0xff, 0x40, 0x0,
    0x0, 0x0, 0x0, 0x3f, 0xf6, 0x0, 0x0, 0x0,
    0x0, 0x0, 0x9f, 0xfe, 0xee, 0xee, 0xee, 0xee,
    0xe6, 0x9f, 0xff, 0xff, 0xff, 0xff, 0xff, 0xf7,

    /* U+01B6 "ƶ" */
    0x1f, 0xff, 0xff, 0xff, 0xff, 0xa0, 0x9, 0x99,
    0x99, 0x9a, 0xff, 0x70, 0x0, 0x0, 0x0, 0xb,
    0xf9, 0x0, 0x0, 0x0, 0x0, 0xaf, 0xb0, 0x0,
    0x8, 0x99, 0x9b, 0xff, 0x99, 0x40, 0xe, 0xff,
    0xff, 0xff, 0xff, 0x70, 0x0, 0x4, 0xff, 0x30,
    0x0, 0x0, 0x0, 0x2f, 0xf6, 0x0, 0x0, 0x0,
    0x1, 0xdf, 0x80, 0x0, 0x0, 0x0, 0xc, 0xfb,
    0x0, 0x0, 0x0, 0x0, 0x7f, 0xfa, 0xbb, 0xbb,
    0xbb, 0xb0, 0x8f, 0xff, 0xff, 0xff, 0xff, 0xf0,

    /* U+01B7 "Ʒ" */
    0x3, 0xff, 0xff, 0xff, 0xff, 0xff, 0x50, 0x3,
    0xee, 0xee, 0xee, 0xef, 0xff, 0x30, 0x0, 0x0,
    0x0, 0x0, 0x6f, 0xd3, 0x0, 0x0, 0x0, 0x0,
    0x9, 0xfa, 0x0, 0x0, 0x0, 0x0, 0x2, 0xdf,
    0x60, 0x0, 0x0, 0x0, 0x0, 0x1f, 0xfc, 0x84,
    0x0, 0x0, 0x0, 0x0, 0x4f, 0xff, 0xff, 0xd3,
    0x0, 0x0, 0x0, 0x12, 0x0, 0x39, 0xff, 0x30,
    0x0, 0x0, 0x0, 0x0, 0x0, 0x6f, 0xe0, 0x0,
    0x0, 0x0, 0x0, 0x0, 0xd, 0xf3, 0x0, 0x50,
    0x0, 0x0, 0x0, 0xb, 0xf5, 0xf, 0xf3, 0x0,
    0x0, 0x0, 0xd, 0xf4, 0xb, 0xfb, 0x0, 0x0,
    0x0, 0x5f, 0xf0, 0x3, 0xff, 0xb2, 0x0, 0x7,
    0xff, 0x60, 0x0, 0x5f, 0xff, 0xfe, 0xff, 0xf7,
    0x0, 0x0, 0x2, 0x8d, 0xff, 0xea, 0x30, 0x0,

    /* U+01B8 "Ƹ" */
    0xe, 0xff, 0xff, 0xff, 0xff, 0xfa, 0x0, 0xcf,
    0xfe, 0xee, 0xee, 0xee, 0x90, 0x0, 0x9f, 0xb1,
    0x0, 0x0, 0x0, 0x0, 0x0, 0x5e, 0xe3, 0x0,
    0x0, 0x0, 0x0, 0x0, 0x1c, 0xf6, 0x0, 0x0,
    0x0, 0x0, 0x27, 0xaf, 0xf8, 0x0, 0x0, 0x0,
    0x9f, 0xff, 0xff, 0xb0, 0x0, 0x0, 0xbf, 0xd5,
    0x10, 0x12, 0x0, 0x0, 0x7f, 0xd0, 0x0, 0x0,
    0x0, 0x0, 0xc, 0xf5, 0x0, 0x0, 0x0, 0x0,
    0x0, 0xef, 0x20, 0x0, 0x0, 0x0, 0x32, 0xd,
    0xf4, 0x0, 0x0, 0x0, 0xc, 0xf6, 0x8f, 0xc0,
    0x0, 0x0, 0x5, 0xff, 0x21, 0xef, 0xb2, 0x0,
    0x7, 0xff, 0xa0, 0x2, 0xdf, 0xfe, 0xef, 0xff,
    0xb0, 0x0, 0x0, 0x7c, 0xff, 0xeb, 0x50, 0x0,

    /* U+01B9 "ƹ" */
    0xa, 0xff, 0xff, 0xff, 0xff, 0xb0, 0x7, 0xff,
    0xaa, 0xaa, 0xaa, 0x70, 0x0, 0xcf, 0x60, 0x0,
    0x0, 0x0, 0x0, 0x2f, 0xf2, 0x0, 0x0, 0x0,
    0x0, 0x6, 0xfc, 0x0, 0x0, 0x0, 0x0, 0x0,
    0xbf, 0x70, 0x0, 0x0, 0x0, 0x0, 0x1e, 0xf3,
    0x0, 0x0, 0x0, 0x0, 0x5b, 0xf9, 0x0, 0x0,
    0x0, 0x3e, 0xff, 0xfb, 0x0, 0x0, 0x3, 0xff,
    0x92, 0x0, 0x0, 0x0, 0xb, 0xf9, 0x0, 0x0,
    0x0, 0x0, 0xf, 0xf2, 0x0, 0x0, 0x0, 0x0,
    0xf, 0xf1, 0x0, 0x0, 0x2, 0x10, 0xc, 0xf6,
    0x0, 0x0, 0xf, 0xf1, 0x5, 0xfe, 0x30, 0x0,
    0x9f, 0xb0, 0x0, 0x8f, 0xfc, 0xad, 0xfe, 0x10,
    0x0, 0x4, 0xbe, 0xfd, 0x81, 0x0,

    /* U+01BA "ƺ" */
    0x2f, 0xff, 0xff, 0xff, 0xf7, 0x1, 0xaa, 0xaa,
    0xab, 0xff, 0x30, 0x0, 0x0, 0x0, 0xcf, 0x60,
    0x0, 0x0, 0x0, 0xaf, 0x80, 0x0, 0x0, 0x0,
    0x9f, 0xa0, 0x0, 0x0, 0x0, 0x6f, 0xc0, 0x0,
    0x0, 0x0, 0x9, 0xff, 0xec, 0x50, 0x0, 0x0,
    0x8a, 0xac, 0xff, 0x80, 0x0, 0x0, 0x0, 0x5,
    0xff, 0x0, 0x0, 0x0, 0x0, 0x1f, 0xf0, 0x0,
    0x0, 0x0, 0x3c, 0xfa, 0x0, 0x0, 0x28, 0xdf,
    0xf9, 0x0, 0x0, 0x8f, 0xfa, 0x61, 0x0, 0x0,
    0x7f, 0x70, 0x0, 0x0, 0x0, 0xa, 0xf1, 0x0,
    0x0, 0x0, 0x0, 0x6f, 0xea, 0xac, 0x40, 0x0,
    0x0, 0x7d, 0xff, 0xd5, 0x0, 0x0,

    /* U+01BB "ƻ" */
    0x0, 0x3, 0xae, 0xfe, 0xb3, 0x0, 0x0, 0x6f,
    0xff, 0xdf, 0xff, 0x60, 0x3, 0xff, 0x50, 0x0,
    0x9f, 0xf2, 0xa, 0xf7, 0x0, 0x0, 0xd, 0xf7,
    0x8, 0xb2, 0x0, 0x0, 0xb, 0xf8, 0x0, 0x0,
    0x0, 0x0, 0xf, 0xf5, 0x0, 0x0, 0x0, 0x0,
    0x8f, 0xe0, 0x0, 0x0, 0x0, 0x6, 0xff, 0x50,
    0x0, 0x5a, 0xaa, 0xaf, 0xfe, 0xa6, 0x0, 0x9f,
    0xff, 0xff, 0xff, 0xf9, 0x0, 0x0, 0xbf, 0xf5,
    0x0, 0x0, 0x0, 0xc, 0xfe, 0x30, 0x0, 0x0,
    0x0, 0xbf, 0xe2, 0x0, 0x0, 0x0, 0x8, 0xff,
    0x20, 0x0, 0x0, 0x0, 0xf, 0xff, 0xee, 0xee,
    0xee, 0xe8, 0x3f, 0xff, 0xff, 0xff, 0xff, 0xf9,

    /* U+01BC "Ƽ" */
    0xbf, 0xff, 0xff, 0xff, 0xff, 0xf1, 0xae, 0xff,
    0xfe, 0xee, 0xee, 0xe1, 0x0, 0x9f, 0x60, 0x0,
    0x0, 0x0, 0x0, 0xcf, 0x30, 0x0, 0x0, 0x0,
    0x0, 0xff, 0x0, 0x0, 0x0, 0x0, 0x2, 0xfc,
    0x7d, 0xfe, 0xa3, 0x0, 0x5, 0xff, 0xfe, 0xef,
    0xff, 0x60, 0x9, 0xfd, 0x30, 0x1, 0xbf, 0xf2,
    0x1, 0x31, 0x0, 0x0, 0xd, 0xf9, 0x0, 0x0,
    0x0, 0x0, 0x8, 0xfc, 0x0, 0x0, 0x0, 0x0,
    0x6, 0xfd, 0x8, 0xa1, 0x0, 0x0, 0x8, 0xfb,
    0xd, 0xf7, 0x0, 0x0, 0xe, 0xf7, 0x6, 0xff,
    0x30, 0x0, 0x9f, 0xe0, 0x0, 0xaf, 0xfc, 0xae,
    0xfe, 0x20, 0x0, 0x5, 0xbf, 0xfd, 0x81, 0x0,

    /* U+01BD "ƽ" */
    0x2f, 0xff, 0xff, 0xff, 0xff, 0x60, 0x1a, 0xef,
    0xaa, 0xaa, 0xaa, 0x40, 0x0, 0xdc, 0x0, 0x0,
    0x0, 0x0, 0x0, 0xf9, 0x0, 0x0, 0x0, 0x0,
    0x4, 0xfb, 0xcf, 0xed, 0x82, 0x0, 0x8, 0xff,
    0xb9, 0x9c, 0xff, 0x40, 0x3, 0x62, 0x0, 0x0,
    0x6f, 0xe0, 0x0, 0x0, 0x0, 0x0, 0xf, 0xf2,
    0x6, 0x80, 0x0, 0x0, 0xf, 0xf1, 0xd, 0xf7,
    0x0, 0x0, 0x9f, 0xc0, 0x3, 0xff, 0xda, 0xbe,
    0xfe, 0x20, 0x0, 0x29, 0xdf, 0xfd, 0x81, 0x0,

    /* U+01BE "ƾ" */
    0x0, 0x0, 0xaf, 0x40, 0x0, 0x0, 0x0, 0xa,
    0xf4, 0x0, 0x0, 0x0, 0xcf, 0xff, 0xff, 0x80,
    0x0, 0x8, 0xad, 0xfb, 0xa5, 0x0, 0x0, 0x0,
    0x9f, 0x50, 0x0, 0x0, 0x0, 0x5, 0xfa, 0x0,
    0x0, 0x0, 0x0, 0xe, 0xf5, 0x0, 0x0, 0x0,
    0x0, 0x4f, 0xf5, 0x0, 0x0, 0x0, 0x0, 0x4f,
    0xf5, 0x0, 0x0, 0x0, 0x0, 0x4f, 0xf1, 0x0,
    0x0, 0x0, 0x0, 0xaf, 0x79, 0xc3, 0x0, 0x0,
    0x7, 0xfa, 0xbf, 0x90, 0x0, 0x0, 0xaf, 0x94,
    0xff, 0x40, 0x0, 0x6f, 0xf3, 0x8, 0xff, 0xca,
    0xdf, 0xf7, 0x0, 0x4, 0xbe, 0xfe, 0xa3, 0x0,

    /* U+01BF "ƿ" */
    0x7f, 0x62, 0xae, 0xfd, 0x60, 0x7, 0xfb, 0xfe,
    0x9a, 0xff, 0x80, 0x7f, 0xf9, 0x0, 0x3, 0xff,
    0x17, 0xfa, 0x0, 0x0, 0xc, 0xf5, 0x7f, 0x90,
    0x0, 0x0, 0xaf, 0x67, 0xf9, 0x0, 0x0, 0xb,
    0xf5, 0x7f, 0x90, 0x0, 0x0, 0xff, 0x17, 0xf9,
    0x0, 0x0, 0x9f, 0x90, 0x7f, 0x90, 0x0, 0x8f,
    0xd1, 0x7, 0xf9, 0x2, 0xbf, 0xc1, 0x0, 0x7f,
    0xba, 0xff, 0x70, 0x0, 0x7, 0xff, 0xe8, 0x10,
    0x0, 0x0, 0x7f, 0xa0, 0x0, 0x0, 0x0, 0x7,
    0xf9, 0x0, 0x0, 0x0, 0x0, 0x7f, 0x90, 0x0,
    0x0, 0x0, 0x7, 0xf9, 0x0, 0x0, 0x0, 0x0,
    0x7f, 0x90, 0x0, 0x0, 0x0, 0x0,

    /* U+01C0 "ǀ" */
    0xed, 0xed, 0xed, 0xed, 0xed, 0xed, 0xed, 0xed,
    0xed, 0xed, 0xed, 0xed, 0xed, 0xed, 0xed, 0xed,

    /* U+01C1 "ǁ" */
    0xed, 0x0, 0x2f, 0x9e, 0xd0, 0x2, 0xf9, 0xed,
    0x0, 0x2f, 0x9e, 0xd0, 0x2, 0xf9, 0xed, 0x0,
    0x2f, 0x9e, 0xd0, 0x2, 0xf9, 0xed, 0x0, 0x2f,
    0x9e, 0xd0, 0x2, 0xf9, 0xed, 0x0, 0x2f, 0x9e,
    0xd0, 0x2, 0xf9, 0xed, 0x0, 0x2f, 0x9e, 0xd0,
    0x2, 0xf9, 0xed, 0x0, 0x2f, 0x9e, 0xd0, 0x2,
    0xf9, 0xed, 0x0, 0x2f, 0x9e, 0xd0, 0x2, 0xf9,

    /* U+01C2 "ǂ" */
    0x0, 0x0, 0x6f, 0x50, 0x0, 0x0, 0x0, 0x6,
    0xf5, 0x0, 0x0, 0x0, 0x0, 0x6f, 0x50, 0x0,
    0x0, 0x0, 0x6, 0xf5, 0x0, 0x0, 0x6f, 0xff,
    0xff, 0xff, 0xff, 0x53, 0x88, 0x8b, 0xfa, 0x88,
    0x82, 0x0, 0x0, 0x6f, 0x50, 0x0, 0x0, 0x0,
    0x6, 0xf5, 0x0, 0x0, 0x0, 0x0, 0x6f, 0x50,
    0x0, 0x6, 0xff, 0xff, 0xff, 0xff, 0xf5, 0x38,
    0x88, 0xbf, 0xa8, 0x88, 0x20, 0x0, 0x6, 0xf5,
    0x0, 0x0, 0x0, 0x0, 0x6f, 0x50, 0x0, 0x0,
    0x0, 0x6, 0xf5, 0x0, 0x0, 0x0, 0x0, 0x6f,
    0x50, 0x0, 0x0, 0x0, 0x6, 0xf5, 0x0, 0x0,

    /* U+01C3 "ǃ" */
    0xf, 0xf7, 0xf, 0xf7, 0xf, 0xf7, 0xf, 0xf7,
    0xf, 0xf6, 0xe, 0xf5, 0xd, 0xf4, 0xc, 0xf3,
    0xb, 0xf2, 0x9, 0xf1, 0x8, 0xf0, 0x7, 0xe0,
    0x1, 0x20, 0x4, 0x41, 0xf, 0xf5, 0xf, 0xf5,

    /* U+01C4 "Ǆ" */
    0x0, 0x0, 0x0, 0x0, 0x0, 0x0, 0x0, 0x0,
    0x0, 0x6, 0x83, 0x3, 0x86, 0x0, 0x0, 0x0,
    0x0, 0x0, 0x0, 0x0, 0x0, 0x0, 0x0, 0x0,
    0x5f, 0xc0, 0xdf, 0x50, 0x0, 0x0, 0x0, 0x0,
    0x0, 0x0, 0x0, 0x0, 0x0, 0x0, 0x0, 0x9f,
    0xcf, 0xa0, 0x0, 0x0, 0x0, 0x0, 0x0, 0x0,
    0x0, 0x0, 0x0, 0x0, 0x0, 0x0, 0xdf, 0xe1,
    0x0, 0x0, 0x0, 0x0, 0x0, 0x0, 0x0, 0x0,
    0x0, 0x0, 0x0, 0x0, 0x0, 0x0, 0x0, 0x0,
    0x2, 0xff, 0xff, 0xff, 0xfe, 0xb6, 0x0, 0x0,
    0x1, 0xff, 0xff, 0xff, 0xff, 0xff, 0xfb, 0x2f,
    0xfe, 0xee, 0xef, 0xff, 0xfd, 0x20, 0x0, 0x1e,
    0xee, 0xee, 0xee, 0xee, 0xff, 0xa2, 0xff, 0x0,
    0x0, 0x0, 0x5e, 0xfd, 0x0, 0x0, 0x0, 0x0,
    0x0, 0x0, 0x7f, 0xf3, 0x2f, 0xf0, 0x0, 0x0,
    0x0, 0x2e, 0xf7, 0x0, 0x0, 0x0, 0x0, 0x0,
    0x5f, 0xf5, 0x2, 0xff, 0x0, 0x0, 0x0, 0x0,
    0x6f, 0xe0, 0x0, 0x0, 0x0, 0x0, 0x3f, 0xf8,
    0x0, 0x2f, 0xf0, 0x0, 0x0, 0x0, 0x1, 0xff,
    0x30, 0x0, 0x0, 0x0, 0x1e, 0xfa, 0x0, 0x2,
    0xff, 0x0, 0x0, 0x0, 0x0, 0xe, 0xf5, 0x0,
    0x0, 0x0, 0xc, 0xfc, 0x0, 0x0, 0x2f, 0xf0,
    0x0, 0x0, 0x0, 0x0, 0xdf, 0x60, 0x0, 0x0,
    0xa, 0xfe, 0x10, 0x0, 0x2, 0xff, 0x0, 0x0,
    0x0, 0x0, 0xd, 0xf6, 0x0, 0x0, 0x8, 0xff,
    0x30, 0x0, 0x0, 0x2f, 0xf0, 0x0, 0x0, 0x0,
    0x0, 0xef, 0x50, 0x0, 0x5, 0xff, 0x50, 0x0,
    0x0, 0x2, 0xff, 0x0, 0x0, 0x0, 0x0, 0x2f,
    0xf2, 0x0, 0x3, 0xff, 0x70, 0x0, 0x0, 0x0,
    0x2f, 0xf0, 0x0, 0x0, 0x0, 0x7, 0xfd, 0x0,
    0x1, 0xef, 0xa0, 0x0, 0x0, 0x0, 0x2, 0xff,
    0x0, 0x0, 0x0, 0x2, 0xff, 0x70, 0x0, 0xcf,
    0xc0, 0x0, 0x0, 0x0, 0x0, 0x2f, 0xf0, 0x0,
    0x0, 0x16, 0xef, 0xd0, 0x0, 0xaf, 0xd1, 0x0,
    0x0, 0x0, 0x0, 0x2, 0xff, 0xee, 0xee, 0xff,
    0xff, 0xc1, 0x0, 0xf, 0xff, 0xee, 0xee, 0xee,
    0xee, 0xee, 0x2f, 0xff, 0xff, 0xff, 0xda, 0x50,
    0x0, 0x0, 0xff, 0xff, 0xff, 0xff, 0xff, 0xff,
    0xf0,

    /* U+01C5 "ǅ" */
    0x2f, 0xff, 0xff, 0xff, 0xeb, 0x60, 0x0, 0x0,
    0x0, 0xbf, 0x70, 0xcf, 0x60, 0x2, 0xff, 0xee,
    0xee, 0xff, 0xff, 0xd2, 0x0, 0x0, 0x0, 0xcf,
    0xbf, 0x80, 0x0, 0x2f, 0xf0, 0x0, 0x0, 0x5,
    0xef, 0xd0, 0x0, 0x0, 0x0, 0x9a, 0x70, 0x0,
    0x2, 0xff, 0x0, 0x0, 0x0, 0x2, 0xef, 0x70,
    0x0, 0x0, 0x0, 0x0, 0x0, 0x0, 0x2f, 0xf0,
    0x0, 0x0, 0x0, 0x6, 0xfe, 0x0, 0x7f, 0xff,
    0xff, 0xff, 0xff, 0x42, 0xff, 0x0, 0x0, 0x0,
    0x0, 0x1f, 0xf3, 0x4, 0x99, 0x99, 0x99, 0xcf,
    0xe1, 0x2f, 0xf0, 0x0, 0x0, 0x0, 0x0, 0xef,
    0x50, 0x0, 0x0, 0x0, 0x2e, 0xf4, 0x2, 0xff,
    0x0, 0x0, 0x0, 0x0, 0xd, 0xf6, 0x0, 0x0,
    0x0, 0x1d, 0xf6, 0x0, 0x2f, 0xf0, 0x0, 0x0,
    0x0, 0x0, 0xdf, 0x60, 0x0, 0x0, 0xc, 0xf8,
    0x0, 0x2, 0xff, 0x0, 0x0, 0x0, 0x0, 0xe,
    0xf5, 0x0, 0x0, 0xa, 0xfa, 0x0, 0x0, 0x2f,
    0xf0, 0x0, 0x0, 0x0, 0x2, 0xff, 0x20, 0x0,
    0x8, 0xfc, 0x0, 0x0, 0x2, 0xff, 0x0, 0x0,
    0x0, 0x0, 0x7f, 0xd0, 0x0, 0x6, 0xfd, 0x10,
    0x0, 0x0, 0x2f, 0xf0, 0x0, 0x0, 0x0, 0x2f,
    0xf7, 0x0, 0x4, 0xfe, 0x20, 0x0, 0x0, 0x2,
    0xff, 0x0, 0x0, 0x1, 0x6e, 0xfd, 0x0, 0x3,
    0xff, 0x30, 0x0, 0x0, 0x0, 0x2f, 0xfe, 0xee,
    0xef, 0xff, 0xfc, 0x10, 0x0, 0xdf, 0xfe, 0xee,
    0xee, 0xee, 0x92, 0xff, 0xff, 0xff, 0xfd, 0xa5,
    0x0, 0x0, 0xe, 0xff, 0xff, 0xff, 0xff, 0xfa,

    /* U+01C6 "ǆ" */
    0x0, 0x0, 0x0, 0x0, 0xd, 0xf2, 0x0, 0x8,
    0xfb, 0x9, 0xfa, 0x0, 0x0, 0x0, 0x0, 0x0,
    0xd, 0xf2, 0x0, 0x0, 0x9f, 0xcf, 0xb0, 0x0,
    0x0, 0x0, 0x0, 0x0, 0xd, 0xf2, 0x0, 0x0,
    0x8, 0xba, 0x0, 0x0, 0x0, 0x0, 0x0, 0x0,
    0xd, 0xf2, 0x0, 0x0, 0x0, 0x0, 0x0, 0x0,
    0x0, 0x6, 0xcf, 0xea, 0x2d, 0xf2, 0x4, 0xff,
    0xff, 0xff, 0xff, 0xf7, 0x0, 0xaf, 0xfb, 0xae,
    0xee, 0xf2, 0x2, 0xaa, 0xaa, 0xaa, 0xbf, 0xf5,
    0x5, 0xfe, 0x10, 0x1, 0xcf, 0xf2, 0x0, 0x0,
    0x0, 0x1, 0xdf, 0xa0, 0xc, 0xf6, 0x0, 0x0,
    0x3f, 0xf2, 0x0, 0x0, 0x0, 0xc, 0xfb, 0x0,
    0xf, 0xf1, 0x0, 0x0, 0xe, 0xf2, 0x0, 0x0,
    0x0, 0xaf, 0xd1, 0x0, 0x2f, 0xf0, 0x0, 0x0,
    0xb, 0xf2, 0x0, 0x0, 0x8, 0xfe, 0x20, 0x0,
    0x2f, 0xe0, 0x0, 0x0, 0xb, 0xf2, 0x0, 0x0,
    0x6f, 0xf3, 0x0, 0x0, 0xf, 0xf1, 0x0, 0x0,
    0xc, 0xf2, 0x0, 0x4, 0xff, 0x50, 0x0, 0x0,
    0xb, 0xf6, 0x0, 0x0, 0x1f, 0xf2, 0x0, 0x3f,
    0xf7, 0x0, 0x0, 0x0, 0x4, 0xfe, 0x30, 0x0,
    0xcf, 0xf2, 0x1, 0xef, 0x90, 0x0, 0x0, 0x0,
    0x0, 0x8f, 0xfc, 0xae, 0xfd, 0xf2, 0xb, 0xff,
    0xbb, 0xbb, 0xbb, 0xb8, 0x0, 0x5, 0xcf, 0xfb,
    0x2b, 0xf2, 0xb, 0xff, 0xff, 0xff, 0xff, 0xfd,

    /* U+01C7 "Ǉ" */
    0x4f, 0xe0, 0x0, 0x0, 0x0, 0x0, 0x0, 0x0,
    0x0, 0x5f, 0xd4, 0xfe, 0x0, 0x0, 0x0, 0x0,
    0x0, 0x0, 0x0, 0x5, 0xfd, 0x4f, 0xe0, 0x0,
    0x0, 0x0, 0x0, 0x0, 0x0, 0x0, 0x5f, 0xd4,
    0xfe, 0x0, 0x0, 0x0, 0x0, 0x0, 0x0, 0x0,
    0x5, 0xfd, 0x4f, 0xe0, 0x0, 0x0, 0x0, 0x0,
    0x0, 0x0, 0x0, 0x5f, 0xd4, 0xfe, 0x0, 0x0,
    0x0, 0x0, 0x0, 0x0, 0x0, 0x5, 0xfd, 0x4f,
    0xe0, 0x0, 0x0, 0x0, 0x0, 0x0, 0x0, 0x0,
    0x5f, 0xd4, 0xfe, 0x0, 0x0, 0x0, 0x0, 0x0,
    0x0, 0x0, 0x5, 0xfd, 0x4f, 0xe0, 0x0, 0x0,
    0x0, 0x0, 0x0, 0x0, 0x0, 0x5f, 0xd4, 0xfe,
    0x0, 0x0, 0x0, 0x0, 0x0, 0x0, 0x0, 0x5,
    0xfd, 0x4f, 0xe0, 0x0, 0x0, 0x0, 0x0, 0x0,
    0x0, 0x0, 0x5f, 0xd4, 0xfe, 0x0, 0x0, 0x0,
    0x0, 0x1a, 0xa0, 0x0, 0x6, 0xfc, 0x4f, 0xe0,
    0x0, 0x0, 0x0, 0x1, 0xff, 0x0, 0x0, 0x8f,
    0xa4, 0xfe, 0x0, 0x0, 0x0, 0x0, 0xe, 0xf9,
    0x10, 0x4f, 0xf6, 0x4f, 0xfe, 0xee, 0xee, 0xee,
    0xe0, 0x5f, 0xff, 0xff, 0xfc, 0x4, 0xff, 0xff,
    0xff, 0xff, 0xff, 0x0, 0x4c, 0xff, 0xd8, 0x0,

    /* U+01C8 "ǈ" */
    0x4f, 0xe0, 0x0, 0x0, 0x0, 0x0, 0xb, 0xf5,
    0x4f, 0xe0, 0x0, 0x0, 0x0, 0x0, 0xb, 0xf5,
    0x4f, 0xe0, 0x0, 0x0, 0x0, 0x0, 0x2, 0x41,
    0x4f, 0xe0, 0x0, 0x0, 0x0, 0x0, 0x0, 0x0,
    0x4f, 0xe0, 0x0, 0x0, 0x0, 0x0, 0xb, 0xf5,
    0x4f, 0xe0, 0x0, 0x0, 0x0, 0x0, 0xb, 0xf5,
    0x4f, 0xe0, 0x0, 0x0, 0x0, 0x0, 0xb, 0xf5,
    0x4f, 0xe0, 0x0, 0x0, 0x0, 0x0, 0xb, 0xf5,
    0x4f, 0xe0, 0x0, 0x0, 0x0, 0x0, 0xb, 0xf5,
    0x4f, 0xe0, 0x0, 0x0, 0x0, 0x0, 0xb, 0xf5,
    0x4f, 0xe0, 0x0, 0x0, 0x0, 0x0, 0xb, 0xf5,
    0x4f, 0xe0, 0x0, 0x0, 0x0, 0x0, 0xb, 0xf5,
    0x4f, 0xe0, 0x0, 0x0, 0x0, 0x0, 0xb, 0xf5,
    0x4f, 0xe0, 0x0, 0x0, 0x0, 0x0, 0xb, 0xf5,
    0x4f, 0xfe, 0xee, 0xee, 0xee, 0xe0, 0xb, 0xf5,
    0x4f, 0xff, 0xff, 0xff, 0xff, 0xf0, 0xb, 0xf5,
    0x0, 0x0, 0x0, 0x0, 0x0, 0x0, 0xb, 0xf4,
    0x0, 0x0, 0x0, 0x0, 0x0, 0x0, 0xb, 0xf4,
    0x0, 0x0, 0x0, 0x0, 0x0, 0x0, 0xe, 0xf3,
    0x0, 0x0, 0x0, 0x0, 0x0, 0xc, 0xdf, 0xe0,
    0x0, 0x0, 0x0, 0x0, 0x0, 0x2e, 0xfc, 0x30,

    /* U+01C9 "ǉ" */
    0x7f, 0x90, 0x6, 0xfa, 0x7f, 0x90, 0x6, 0xfa,
    0x7f, 0x90, 0x1, 0x42, 0x7f, 0x90, 0x0, 0x0,
    0x7f, 0x90, 0x6, 0xfa, 0x7f, 0x90, 0x6, 0xfa,
    0x7f, 0x90, 0x6, 0xfa, 0x7f, 0x90, 0x6, 0xfa,
    0x7f, 0x90, 0x6, 0xfa, 0x7f, 0x90, 0x6, 0xfa,
    0x7f, 0x90, 0x6, 0xfa, 0x7f, 0x90, 0x6, 0xfa,
    0x7f, 0x90, 0x6, 0xfa, 0x7f, 0x90, 0x6, 0xfa,
    0x7f, 0x90, 0x6, 0xfa, 0x7f, 0x90, 0x6, 0xfa,
    0x0, 0x0, 0x6, 0xfa, 0x0, 0x0, 0x6, 0xf9,
    0x0, 0x0, 0x9, 0xf8, 0x0, 0x9, 0xcf, 0xf3,
    0x0, 0xb, 0xfd, 0x60,

    /* U+01CA "Ǌ" */
    0x3f, 0xf6, 0x0, 0x0, 0x0, 0x5, 0xfc, 0x0,
    0x0, 0x0, 0x0, 0xf, 0xf3, 0x3f, 0xff, 0x20,
    0x0, 0x0, 0x5, 0xfc, 0x0, 0x0, 0x0, 0x0,
    0xf, 0xf3, 0x3f, 0xff, 0xc0, 0x0, 0x0, 0x5,
    0xfc, 0x0, 0x0, 0x0, 0x0, 0xf, 0xf3, 0x3f,
    0xee, 0xf7, 0x0, 0x0, 0x5, 0xfc, 0x0, 0x0,
    0x0, 0x0, 0xf, 0xf3, 0x3f, 0xe4, 0xff, 0x30,
    0x0, 0x5, 0xfc, 0x0, 0x0, 0x0, 0x0, 0xf,
    0xf3, 0x3f, 0xe0, 0x9f, 0xd0, 0x0, 0x5, 0xfc,
    0x0, 0x0, 0x0, 0x0, 0xf, 0xf3, 0x3f, 0xe0,
    0xe, 0xf9, 0x0, 0x5, 0xfc, 0x0, 0x0, 0x0,
    0x0, 0xf, 0xf3, 0x3f, 0xe0, 0x4, 0xff, 0x40,
    0x5, 0xfc, 0x0, 0x0, 0x0, 0x0, 0xf, 0xf3,
    0x3f, 0xe0, 0x0, 0x9f, 0xe1, 0x5, 0xfc, 0x0,
    0x0, 0x0, 0x0, 0xf, 0xf3, 0x3f, 0xe0, 0x0,
    0xd, 0xfa, 0x5, 0xfc, 0x0, 0x0, 0x0, 0x0,
    0xf, 0xf3, 0x3f, 0xe0, 0x0, 0x3, 0xff, 0x65,
    0xfc, 0x0, 0x0, 0x0, 0x0, 0xf, 0xf3, 0x3f,
    0xe0, 0x0, 0x0, 0x8f, 0xf7, 0xfc, 0x0, 0xaf,
    0x30, 0x0, 0xf, 0xf2, 0x3f, 0xe0, 0x0, 0x0,
    0xd, 0xff, 0xfc, 0x0, 0xbf, 0x60, 0x0, 0x1f,
    0xf1, 0x3f, 0xe0, 0x0, 0x0, 0x3, 0xff, 0xfc,
    0x0, 0x7f, 0xe3, 0x1, 0xbf, 0xc0, 0x3f, 0xe0,
    0x0, 0x0, 0x0, 0x7f, 0xfc, 0x0, 0xd, 0xff,
    0xff, 0xff, 0x30, 0x3f, 0xe0, 0x0, 0x0, 0x0,
    0xc, 0xfc, 0x0, 0x1, 0x9e, 0xfe, 0xb3, 0x0,

    /* U+01CB "ǋ" */
    0x3f, 0xf6, 0x0, 0x0, 0x0, 0x5, 0xfc, 0x0,
    0xe, 0xf2, 0x3f, 0xff, 0x20, 0x0, 0x0, 0x5,
    0xfc, 0x0, 0xe, 0xf2, 0x3f, 0xff, 0xc0, 0x0,
    0x0, 0x5, 0xfc, 0x0, 0x3, 0x40, 0x3f, 0xed,
    0xf7, 0x0, 0x0, 0x5, 0xfc, 0x0, 0x0, 0x0,
    0x3f, 0xe3, 0xff, 0x20, 0x0, 0x5, 0xfc, 0x0,
    0xe, 0xf2, 0x3f, 0xe0, 0x8f, 0xd0, 0x0, 0x5,
    0xfc, 0x0, 0xe, 0xf2, 0x3f, 0xe0, 0xd, 0xf8,
    0x0, 0x5, 0xfc, 0x0, 0xe, 0xf2, 0x3f, 0xe0,
    0x3, 0xff, 0x30, 0x5, 0xfc, 0x0, 0xe, 0xf2,
    0x3f, 0xe0, 0x0, 0x8f, 0xd0, 0x5, 0xfc, 0x0,
    0xe, 0xf2, 0x3f, 0xe0, 0x0, 0xd, 0xf9, 0x5,
    0xfc, 0x0, 0xe, 0xf2, 0x3f, 0xe0, 0x0, 0x3,
    0xff, 0x45, 0xfc, 0x0, 0xe, 0xf2, 0x3f, 0xe0,
    0x0, 0x0, 0x7f, 0xe6, 0xfc, 0x0, 0xe, 0xf2,
    0x3f, 0xe0, 0x0, 0x0, 0xc, 0xfe, 0xfc, 0x0,
    0xe, 0xf2, 0x3f, 0xe0, 0x0, 0x0, 0x2, 0xff,
    0xfc, 0x0, 0xe, 0xf2, 0x3f, 0xe0, 0x0, 0x0,
    0x0, 0x7f, 0xfc, 0x0, 0xe, 0xf2, 0x3f, 0xe0,
    0x0, 0x0, 0x0, 0xc, 0xfc, 0x0, 0xe, 0xf2,
    0x0, 0x0, 0x0, 0x0, 0x0, 0x0, 0x0, 0x0,
    0xe, 0xf2, 0x0, 0x0, 0x0, 0x0, 0x0, 0x0,
    0x0, 0x0, 0xe, 0xf1, 0x0, 0x0, 0x0, 0x0,
    0x0, 0x0, 0x0, 0x0, 0x1f, 0xf0, 0x0, 0x0,
    0x0, 0x0, 0x0, 0x0, 0x0, 0x2c, 0xef, 0xb0,
    0x0, 0x0, 0x0, 0x0, 0x0, 0x0, 0x0, 0x4e,
    0xfb, 0x10,

    /* U+01CC "ǌ" */
    0x0, 0x0, 0x0, 0x0, 0x0, 0x0, 0xb, 0xf5,
    0x0, 0x0, 0x0, 0x0, 0x0, 0x0, 0xb, 0xf5,
    0x0, 0x0, 0x0, 0x0, 0x0, 0x0, 0x2, 0x41,
    0x0, 0x0, 0x0, 0x0, 0x0, 0x0, 0x0, 0x0,
    0x7f, 0x63, 0xbe, 0xfc, 0x60, 0x0, 0xb, 0xf5,
    0x7f, 0x9f, 0xfc, 0xdf, 0xf8, 0x0, 0xb, 0xf5,
    0x7f, 0xf9, 0x0, 0x6, 0xff, 0x10, 0xb, 0xf5,
    0x7f, 0xe0, 0x0, 0x0, 0xef, 0x30, 0xb, 0xf5,
    0x7f, 0xa0, 0x0, 0x0, 0xcf, 0x40, 0xb, 0xf5,
    0x7f, 0x90, 0x0, 0x0, 0xcf, 0x40, 0xb, 0xf5,
    0x7f, 0x90, 0x0, 0x0, 0xcf, 0x40, 0xb, 0xf5,
    0x7f, 0x90, 0x0, 0x0, 0xcf, 0x40, 0xb, 0xf5,
    0x7f, 0x90, 0x0, 0x0, 0xcf, 0x40, 0xb, 0xf5,
    0x7f, 0x90, 0x0, 0x0, 0xcf, 0x40, 0xb, 0xf5,
    0x7f, 0x90, 0x0, 0x0, 0xcf, 0x40, 0xb, 0xf5,
    0x7f, 0x90, 0x0, 0x0, 0xcf, 0x40, 0xb, 0xf5,
    0x0, 0x0, 0x0, 0x0, 0x0, 0x0, 0xb, 0xf4,
    0x0, 0x0, 0x0, 0x0, 0x0, 0x0, 0xb, 0xf4,
    0x0, 0x0, 0x0, 0x0, 0x0, 0x0, 0xe, 0xf3,
    0x0, 0x0, 0x0, 0x0, 0x0, 0xc, 0xdf, 0xe0,
    0x0, 0x0, 0x0, 0x0, 0x0, 0x2e, 0xfc, 0x30,

    /* U+01CD "Ǎ" */
    0x0, 0x0, 0x2f, 0xb0, 0xd, 0xe1, 0x0, 0x0,
    0x0, 0x0, 0x9, 0xf7, 0x9f, 0x60, 0x0, 0x0,
    0x0, 0x0, 0x0, 0xef, 0xfc, 0x0, 0x0, 0x0,
    0x0, 0x0, 0x0, 0x48, 0x82, 0x0, 0x0, 0x0,
    0x0, 0x0, 0x0, 0x0, 0x0, 0x0, 0x0, 0x0,
    0x0, 0x0, 0x0, 0xdf, 0xfa, 0x0, 0x0, 0x0,
    0x0, 0x0, 0x2, 0xff, 0xff, 0x0, 0x0, 0x0,
    0x0, 0x0, 0x8, 0xfe, 0xff, 0x50, 0x0, 0x0,
    0x0, 0x0, 0xd, 0xf8, 0xbf, 0xb0, 0x0, 0x0,
    0x0, 0x0, 0x3f, 0xf3, 0x6f, 0xf1, 0x0, 0x0,
    0x0, 0x0, 0x9f, 0xd0, 0x1f, 0xf6, 0x0, 0x0,
    0x0, 0x0, 0xef, 0x80, 0xb, 0xfc, 0x0, 0x0,
    0x0, 0x4, 0xff, 0x30, 0x5, 0xff, 0x10, 0x0,
    0x0, 0x9, 0xfd, 0x0, 0x0, 0xff, 0x70, 0x0,
    0x0, 0xe, 0xf8, 0x0, 0x0, 0xaf, 0xc0, 0x0,
    0x0, 0x4f, 0xff, 0xff, 0xff, 0xff, 0xf2, 0x0,
    0x0, 0xaf, 0xff, 0xff, 0xff, 0xff, 0xf7, 0x0,
    0x0, 0xff, 0xa5, 0x55, 0x55, 0x5c, 0xfd, 0x0,
    0x5, 0xff, 0x30, 0x0, 0x0, 0x6, 0xff, 0x20,
    0xa, 0xfe, 0x0, 0x0, 0x0, 0x1, 0xff, 0x80,
    0xf, 0xf9, 0x0, 0x0, 0x0, 0x0, 0xbf, 0xd0,
    0x6f, 0xf4, 0x0, 0x0, 0x0, 0x0, 0x6f, 0xf3,

    /* U+01CE "ǎ" */
    0x0, 0x7, 0xc3, 0x2, 0xc8, 0x0, 0x0, 0x0,
    0x1f, 0xd0, 0xcf, 0x20, 0x0, 0x0, 0x0, 0x7f,
    0xef, 0x80, 0x0, 0x0, 0x0, 0x0, 0xab, 0xa0,
    0x0, 0x0, 0x0, 0x0, 0x0, 0x0, 0x0, 0x0,
    0x0, 0x0, 0x4b, 0xef, 0xea, 0x30, 0x0, 0x0,
    0x8f, 0xff, 0xff, 0xff, 0x50, 0x0, 0x4f, 0xfb,
    0x43, 0x5d, 0xfe, 0x0, 0xb, 0xfe, 0x0, 0x0,
    0x3f, 0xf5, 0x0, 0x0, 0x0, 0x0, 0x0, 0xff,
    0x70, 0x0, 0x0, 0x36, 0x9d, 0xff, 0xf8, 0x0,
    0x6, 0xef, 0xff, 0xfe, 0xff, 0x80, 0x6, 0xff,
    0xc7, 0x41, 0xe, 0xf8, 0x0, 0xdf, 0xb0, 0x0,
    0x1, 0xff, 0x80, 0xf, 0xf8, 0x0, 0x0, 0x7f,
    0xf8, 0x0, 0xef, 0xe3, 0x2, 0x8f, 0xff, 0xb2,
    0x6, 0xff, 0xff, 0xff, 0xb9, 0xff, 0x90, 0x4,
    0xbe, 0xfd, 0x70, 0x1b, 0xf8,

    /* U+01CF "Ǐ" */
    0x17, 0x70, 0x6, 0x83, 0x8, 0xf9, 0x4f, 0xd0,
    0x0, 0xbf, 0xfe, 0x20, 0x0, 0x7, 0x83, 0x0,
    0x0, 0x0, 0x0, 0x0, 0x0, 0xe, 0xf4, 0x0,
    0x0, 0xe, 0xf4, 0x0, 0x0, 0xe, 0xf4, 0x0,
    0x0, 0xe, 0xf4, 0x0, 0x0, 0xe, 0xf4, 0x0,
    0x0, 0xe, 0xf4, 0x0, 0x0, 0xe, 0xf4, 0x0,
    0x0, 0xe, 0xf4, 0x0, 0x0, 0xe, 0xf4, 0x0,
    0x0, 0xe, 0xf4, 0x0, 0x0, 0xe, 0xf4, 0x0,
    0x0, 0xe, 0xf4, 0x0, 0x0, 0xe, 0xf4, 0x0,
    0x0, 0xe, 0xf4, 0x0, 0x0, 0xe, 0xf4, 0x0,
    0x0, 0xe, 0xf4, 0x0,

    /* U+01D0 "ǐ" */
    0x1d, 0xf4, 0x1e, 0xf4, 0x1, 0xde, 0xcf, 0x40,
    0x0, 0x19, 0xa5, 0x0, 0x0, 0x0, 0x0, 0x0,
    0x0, 0xd, 0xf3, 0x0, 0x0, 0xd, 0xf3, 0x0,
    0x0, 0xd, 0xf3, 0x0, 0x0, 0xd, 0xf3, 0x0,
    0x0, 0xd, 0xf3, 0x0, 0x0, 0xd, 0xf3, 0x0,
    0x0, 0xd, 0xf3, 0x0, 0x0, 0xd, 0xf3, 0x0,
    0x0, 0xd, 0xf3, 0x0, 0x0, 0xd, 0xf3, 0x0,
    0x0, 0xd, 0xf3, 0x0, 0x0, 0xd, 0xf3, 0x0,

    /* U+01D1 "Ǒ" */
    0x0, 0x0, 0x38, 0x60, 0x7, 0x81, 0x0, 0x0,
    0x0, 0x0, 0xc, 0xf4, 0x9f, 0x90, 0x0, 0x0,
    0x0, 0x0, 0x1, 0xee, 0xfc, 0x0, 0x0, 0x0,
    0x0, 0x0, 0x0, 0x28, 0x71, 0x0, 0x0, 0x0,
    0x0, 0x0, 0x0, 0x0, 0x0, 0x0, 0x0, 0x0,
    0x0, 0x0, 0x4a, 0xdf, 0xfd, 0x93, 0x0, 0x0,
    0x0, 0x1c, 0xff, 0xfd, 0xdf, 0xff, 0xa0, 0x0,
    0x1, 0xef, 0xe5, 0x0, 0x0, 0x6e, 0xfc, 0x0,
    0xb, 0xfc, 0x10, 0x0, 0x0, 0x1, 0xef, 0x90,
    0x3f, 0xf2, 0x0, 0x0, 0x0, 0x0, 0x4f, 0xf2,
    0x8f, 0xb0, 0x0, 0x0, 0x0, 0x0, 0xc, 0xf7,
    0xcf, 0x70, 0x0, 0x0, 0x0, 0x0, 0x9, 0xfb,
    0xdf, 0x50, 0x0, 0x0, 0x0, 0x0, 0x7, 0xfc,
    0xef, 0x50, 0x0, 0x0, 0x0, 0x0, 0x7, 0xfc,
    0xcf, 0x70, 0x0, 0x0, 0x0, 0x0, 0x9, 0xfb,
    0x9f, 0xb0, 0x0, 0x0, 0x0, 0x0, 0xd, 0xf7,
    0x3f, 0xf2, 0x0, 0x0, 0x0, 0x0, 0x4f, 0xf2,
    0xb, 0xfd, 0x10, 0x0, 0x0, 0x2, 0xef, 0x90,
    0x1, 0xdf, 0xe5, 0x0, 0x1, 0x6e, 0xfc, 0x0,
    0x0, 0x1b, 0xff, 0xfe, 0xef, 0xff, 0xa0, 0x0,
    0x0, 0x0, 0x4a, 0xdf, 0xfd, 0x93, 0x0, 0x0,

    /* U+01D2 "ǒ" */
    0x0, 0xb, 0xf7, 0xc, 0xf7, 0x0, 0x0, 0x0,
    0xcf, 0xaf, 0x90, 0x0, 0x0, 0x0, 0x1b, 0xc9,
    0x0, 0x0, 0x0, 0x0, 0x0, 0x0, 0x0, 0x0,
    0x0, 0x4, 0xbe, 0xfe, 0xa2, 0x0, 0x0, 0x8f,
    0xfc, 0xad, 0xff, 0x50, 0x5, 0xfe, 0x30, 0x0,
    0x6f, 0xf2, 0xc, 0xf5, 0x0, 0x0, 0x9, 0xf9,
    0xf, 0xf0, 0x0, 0x0, 0x3, 0xfd, 0x2f, 0xe0,
    0x0, 0x0, 0x1, 0xff, 0x2f, 0xe0, 0x0, 0x0,
    0x2, 0xfe, 0xf, 0xf0, 0x0, 0x0, 0x4, 0xfd,
    0xc, 0xf6, 0x0, 0x0, 0xa, 0xf9, 0x5, 0xfe,
    0x30, 0x0, 0x5f, 0xf2, 0x0, 0x8f, 0xfc, 0xad,
    0xff, 0x50, 0x0, 0x4, 0xbe, 0xfe, 0x92, 0x0,

    /* U+01D3 "Ǔ" */
    0x0, 0x0, 0x78, 0x10, 0x58, 0x40, 0x0, 0x0,
    0x0, 0x6f, 0xb3, 0xfe, 0x10, 0x0, 0x0, 0x0,
    0x9, 0xfe, 0xf3, 0x0, 0x0, 0x0, 0x0, 0x0,
    0x78, 0x40, 0x0, 0x0, 0x0, 0x0, 0x0, 0x0,
    0x0, 0x0, 0x0, 0x3f, 0xf0, 0x0, 0x0, 0x0,
    0x6, 0xfc, 0x3f, 0xf0, 0x0, 0x0, 0x0, 0x6,
    0xfc, 0x3f, 0xf0, 0x0, 0x0, 0x0, 0x6, 0xfc,
    0x3f, 0xf0, 0x0, 0x0, 0x0, 0x6, 0xfc, 0x3f,
    0xf0, 0x0, 0x0, 0x0, 0x6, 0xfc, 0x3f, 0xf0,
    0x0, 0x0, 0x0, 0x6, 0xfc, 0x3f, 0xf0, 0x0,
    0x0, 0x0, 0x6, 0xfc, 0x3f, 0xf0, 0x0, 0x0,
    0x0, 0x6, 0xfc, 0x3f, 0xf0, 0x0, 0x0, 0x0,
    0x6, 0xfc, 0x2f, 0xf0, 0x0, 0x0, 0x0, 0x7,
    0xfb, 0x2f, 0xf1, 0x0, 0x0, 0x0, 0x8, 0xfa,
    0xf, 0xf3, 0x0, 0x0, 0x0, 0xa, 0xf9, 0xb,
    0xfb, 0x0, 0x0, 0x0, 0x2f, 0xf4, 0x4, 0xff,
    0xa2, 0x0, 0x15, 0xef, 0xc0, 0x0, 0x7f, 0xff,
    0xff, 0xff, 0xfd, 0x20, 0x0, 0x3, 0x9d, 0xef,
    0xec, 0x60, 0x0,

    /* U+01D4 "ǔ" */
    0x0, 0xaf, 0x80, 0xbf, 0x70, 0x0, 0x0, 0xbf,
    0xbf, 0x80, 0x0, 0x0, 0x0, 0x8a, 0x70, 0x0,
    0x0, 0x0, 0x0, 0x0, 0x0, 0x0, 0x7f, 0x80,
    0x0, 0x0, 0xdf, 0x37, 0xf8, 0x0, 0x0, 0xd,
    0xf3, 0x7f, 0x80, 0x0, 0x0, 0xdf, 0x37, 0xf8,
    0x0, 0x0, 0xd, 0xf3, 0x7f, 0x80, 0x0, 0x0,
    0xdf, 0x37, 0xf8, 0x0, 0x0, 0xd, 0xf3, 0x7f,
    0x80, 0x0, 0x0, 0xdf, 0x37, 0xf8, 0x0, 0x0,
    0xe, 0xf3, 0x6f, 0xa0, 0x0, 0x2, 0xff, 0x33,
    0xff, 0x30, 0x2, 0xcf, 0xf3, 0xb, 0xff, 0xcd,
    0xfd, 0xaf, 0x30, 0x8, 0xdf, 0xe9, 0x9, 0xf3,

    /* U+01D5 "Ǖ" */
    0x0, 0x5, 0xff, 0xff, 0xff, 0xb0, 0x0, 0x0,
    0x3, 0xaa, 0xaa, 0xaa, 0x70, 0x0, 0x0, 0x0,
    0x34, 0x10, 0x24, 0x10, 0x0, 0x0, 0x0, 0xcf,
    0x40, 0xaf, 0x70, 0x0, 0x0, 0x0, 0xcf, 0x40,
    0xaf, 0x70, 0x0, 0x0, 0x0, 0x0, 0x0, 0x0,
    0x0, 0x0, 0x0, 0x0, 0x0, 0x0, 0x0, 0x0,
    0x0, 0x3f, 0xf0, 0x0, 0x0, 0x0, 0x6, 0xfc,
    0x3f, 0xf0, 0x0, 0x0, 0x0, 0x6, 0xfc, 0x3f,
    0xf0, 0x0, 0x0, 0x0, 0x6, 0xfc, 0x3f, 0xf0,
    0x0, 0x0, 0x0, 0x6, 0xfc, 0x3f, 0xf0, 0x0,
    0x0, 0x0, 0x6, 0xfc, 0x3f, 0xf0, 0x0, 0x0,
    0x0, 0x6, 0xfc, 0x3f, 0xf0, 0x0, 0x0, 0x0,
    0x6, 0xfc, 0x3f, 0xf0, 0x0, 0x0, 0x0, 0x6,
    0xfc, 0x3f, 0xf0, 0x0, 0x0, 0x0, 0x6, 0xfc,
    0x2f, 0xf0, 0x0, 0x0, 0x0, 0x7, 0xfb, 0x2f,
    0xf1, 0x0, 0x0, 0x0, 0x8, 0xfa, 0xf, 0xf3,
    0x0, 0x0, 0x0, 0xa, 0xf9, 0xb, 0xfb, 0x0,
    0x0, 0x0, 0x2f, 0xf4, 0x4, 0xff, 0xa2, 0x0,
    0x15, 0xef, 0xc0, 0x0, 0x7f, 0xff, 0xff, 0xff,
    0xfd, 0x20, 0x0, 0x3, 0x9d, 0xef, 0xec, 0x60,
    0x0,

    /* U+01D6 "ǖ" */
    0x2, 0xff, 0xff, 0xff, 0xd0, 0x0, 0x1a, 0xaa,
    0xaa, 0xa8, 0x0, 0x0, 0x0, 0x0, 0x0, 0x0,
    0x0, 0xb, 0xf6, 0x8, 0xf8, 0x0, 0x0, 0xbf,
    0x60, 0x8f, 0x80, 0x0, 0x2, 0x41, 0x2, 0x42,
    0x0, 0x0, 0x0, 0x0, 0x0, 0x0, 0x7, 0xf8,
    0x0, 0x0, 0xd, 0xf3, 0x7f, 0x80, 0x0, 0x0,
    0xdf, 0x37, 0xf8, 0x0, 0x0, 0xd, 0xf3, 0x7f,
    0x80, 0x0, 0x0, 0xdf, 0x37, 0xf8, 0x0, 0x0,
    0xd, 0xf3, 0x7f, 0x80, 0x0, 0x0, 0xdf, 0x37,
    0xf8, 0x0, 0x0, 0xd, 0xf3, 0x7f, 0x80, 0x0,
    0x0, 0xef, 0x36, 0xfa, 0x0, 0x0, 0x2f, 0xf3,
    0x3f, 0xf3, 0x0, 0x2c, 0xff, 0x30, 0xbf, 0xfc,
    0xdf, 0xda, 0xf3, 0x0, 0x8d, 0xfe, 0x90, 0x9f,
    0x30,

    /* U+01D7 "Ǘ" */
    0x0, 0x0, 0x0, 0x0, 0x11, 0x0, 0x0, 0x0,
    0x0, 0x0, 0xc, 0xfb, 0x0, 0x0, 0x0, 0x0,
    0x0, 0x3f, 0xd0, 0x0, 0x0, 0x0, 0x0, 0x0,
    0xbf, 0x20, 0x0, 0x0, 0x0, 0x0, 0x34, 0x10,
    0x24, 0x10, 0x0, 0x0, 0x0, 0xcf, 0x40, 0xaf,
    0x70, 0x0, 0x0, 0x0, 0xcf, 0x40, 0xaf, 0x70,
    0x0, 0x0, 0x0, 0x0, 0x0, 0x0, 0x0, 0x0,
    0x0, 0x0, 0x0, 0x0, 0x0, 0x0, 0x0, 0x3f,
    0xf0, 0x0, 0x0, 0x0, 0x6, 0xfc, 0x3f, 0xf0,
    0x0, 0x0, 0x0, 0x6, 0xfc, 0x3f, 0xf0, 0x0,
    0x0, 0x0, 0x6, 0xfc, 0x3f, 0xf0, 0x0, 0x0,
    0x0, 0x6, 0xfc, 0x3f, 0xf0, 0x0, 0x0, 0x0,
    0x6, 0xfc, 0x3f, 0xf0, 0x0, 0x0, 0x0, 0x6,
    0xfc, 0x3f, 0xf0, 0x0, 0x0, 0x0, 0x6, 0xfc,
    0x3f, 0xf0, 0x0, 0x0, 0x0, 0x6, 0xfc, 0x3f,
    0xf0, 0x0, 0x0, 0x0, 0x6, 0xfc, 0x2f, 0xf0,
    0x0, 0x0, 0x0, 0x7, 0xfb, 0x2f, 0xf1, 0x0,
    0x0, 0x0, 0x8, 0xfa, 0xf, 0xf3, 0x0, 0x0,
    0x0, 0xa, 0xf9, 0xb, 0xfb, 0x0, 0x0, 0x0,
    0x2f, 0xf4, 0x4, 0xff, 0xa2, 0x0, 0x15, 0xef,
    0xc0, 0x0, 0x7f, 0xff, 0xff, 0xff, 0xfd, 0x20,
    0x0, 0x3, 0x9d, 0xef, 0xec, 0x60, 0x0,

    /* U+01D8 "ǘ" */
    0x0, 0x0, 0x9, 0xfd, 0x0, 0x0, 0x0, 0x1,
    0xff, 0x20, 0x0, 0x0, 0x0, 0x8f, 0x40, 0x0,
    0x0, 0x0, 0x1, 0x10, 0x0, 0x0, 0x0, 0x0,
    0x0, 0x0, 0x0, 0x0, 0xb, 0xf6, 0x8, 0xf8,
    0x0, 0x0, 0xbf, 0x60, 0x8f, 0x80, 0x0, 0x2,
    0x41, 0x2, 0x42, 0x0, 0x0, 0x0, 0x0, 0x0,
    0x0, 0x7, 0xf8, 0x0, 0x0, 0xd, 0xf3, 0x7f,
    0x80, 0x0, 0x0, 0xdf, 0x37, 0xf8, 0x0, 0x0,
    0xd, 0xf3, 0x7f, 0x80, 0x0, 0x0, 0xdf, 0x37,
    0xf8, 0x0, 0x0, 0xd, 0xf3, 0x7f, 0x80, 0x0,
    0x0, 0xdf, 0x37, 0xf8, 0x0, 0x0, 0xd, 0xf3,
    0x7f, 0x80, 0x0, 0x0, 0xef, 0x36, 0xfa, 0x0,
    0x0, 0x2f, 0xf3, 0x3f, 0xf3, 0x0, 0x2c, 0xff,
    0x30, 0xbf, 0xfc, 0xdf, 0xda, 0xf3, 0x0, 0x8d,
    0xfe, 0x90, 0x9f, 0x30,

    /* U+01D9 "Ǚ" */
    0x0, 0x0, 0x78, 0x10, 0x48, 0x50, 0x0, 0x0,
    0x0, 0x6f, 0xb2, 0xfe, 0x20, 0x0, 0x0, 0x0,
    0x8, 0xfe, 0xf4, 0x0, 0x0, 0x0, 0x0, 0x0,
    0x78, 0x50, 0x0, 0x0, 0x0, 0x0, 0x34, 0x10,
    0x24, 0x10, 0x0, 0x0, 0x0, 0xcf, 0x40, 0xaf,
    0x70, 0x0, 0x0, 0x0, 0xcf, 0x40, 0xaf, 0x70,
    0x0, 0x0, 0x0, 0x0, 0x0, 0x0, 0x0, 0x0,
    0x0, 0x0, 0x0, 0x0, 0x0, 0x0, 0x0, 0x3f,
    0xf0, 0x0, 0x0, 0x0, 0x6, 0xfc, 0x3f, 0xf0,
    0x0, 0x0, 0x0, 0x6, 0xfc, 0x3f, 0xf0, 0x0,
    0x0, 0x0, 0x6, 0xfc, 0x3f, 0xf0, 0x0, 0x0,
    0x0, 0x6, 0xfc, 0x3f, 0xf0, 0x0, 0x0, 0x0,
    0x6, 0xfc, 0x3f, 0xf0, 0x0, 0x0, 0x0, 0x6,
    0xfc, 0x3f, 0xf0, 0x0, 0x0, 0x0, 0x6, 0xfc,
    0x3f, 0xf0, 0x0, 0x0, 0x0, 0x6, 0xfc, 0x3f,
    0xf0, 0x0, 0x0, 0x0, 0x6, 0xfc, 0x2f, 0xf0,
    0x0, 0x0, 0x0, 0x7, 0xfb, 0x2f, 0xf1, 0x0,
    0x0, 0x0, 0x8, 0xfa, 0xf, 0xf3, 0x0, 0x0,
    0x0, 0xa, 0xf9, 0xb, 0xfb, 0x0, 0x0, 0x0,
    0x2f, 0xf4, 0x4, 0xff, 0xa2, 0x0, 0x15, 0xef,
    0xc0, 0x0, 0x7f, 0xff, 0xff, 0xff, 0xfd, 0x20,
    0x0, 0x3, 0x9d, 0xef, 0xec, 0x60, 0x0,

    /* U+01DA "ǚ" */
    0x0, 0x78, 0x10, 0x48, 0x50, 0x0, 0x6, 0xfb,
    0x2f, 0xe1, 0x0, 0x0, 0x9, 0xfe, 0xf3, 0x0,
    0x0, 0x0, 0x7, 0x84, 0x0, 0x0, 0x0, 0x0,
    0x0, 0x0, 0x0, 0x0, 0xb, 0xf5, 0x9, 0xf8,
    0x0, 0x0, 0xbf, 0x50, 0x9f, 0x80, 0x0, 0x3,
    0x41, 0x2, 0x42, 0x0, 0x0, 0x0, 0x0, 0x0,
    0x0, 0x7, 0xf8, 0x0, 0x0, 0xd, 0xf3, 0x7f,
    0x80, 0x0, 0x0, 0xdf, 0x37, 0xf8, 0x0, 0x0,
    0xd, 0xf3, 0x7f, 0x80, 0x0, 0x0, 0xdf, 0x37,
    0xf8, 0x0, 0x0, 0xd, 0xf3, 0x7f, 0x80, 0x0,
    0x0, 0xdf, 0x37, 0xf8, 0x0, 0x0, 0xd, 0xf3,
    0x7f, 0x80, 0x0, 0x0, 0xef, 0x36, 0xfa, 0x0,
    0x0, 0x2f, 0xf3, 0x3f, 0xf3, 0x0, 0x2c, 0xff,
    0x30, 0xbf, 0xfc, 0xdf, 0xda, 0xf3, 0x0, 0x8d,
    0xfe, 0x90, 0x9f, 0x30,

    /* U+01DB "Ǜ" */
    0x0, 0x0, 0x1, 0x10, 0x0, 0x0, 0x0, 0x0,
    0x0, 0x2e, 0xf6, 0x0, 0x0, 0x0, 0x0, 0x0,
    0x4, 0xfd, 0x0, 0x0, 0x0, 0x0, 0x0, 0x0,
    0x7f, 0x50, 0x0, 0x0, 0x0, 0x0, 0x34, 0x10,
    0x24, 0x10, 0x0, 0x0, 0x0, 0xcf, 0x40, 0xaf,
    0x70, 0x0, 0x0, 0x0, 0xcf, 0x40, 0xaf, 0x70,
    0x0, 0x0, 0x0, 0x0, 0x0, 0x0, 0x0, 0x0,
    0x0, 0x0, 0x0, 0x0, 0x0, 0x0, 0x0, 0x3f,
    0xf0, 0x0, 0x0, 0x0, 0x6, 0xfc, 0x3f, 0xf0,
    0x0, 0x0, 0x0, 0x6, 0xfc, 0x3f, 0xf0, 0x0,
    0x0, 0x0, 0x6, 0xfc, 0x3f, 0xf0, 0x0, 0x0,
    0x0, 0x6, 0xfc, 0x3f, 0xf0, 0x0, 0x0, 0x0,
    0x6, 0xfc, 0x3f, 0xf0, 0x0, 0x0, 0x0, 0x6,
    0xfc, 0x3f, 0xf0, 0x0, 0x0, 0x0, 0x6, 0xfc,
    0x3f, 0xf0, 0x0, 0x0, 0x0, 0x6, 0xfc, 0x3f,
    0xf0, 0x0, 0x0, 0x0, 0x6, 0xfc, 0x2f, 0xf0,
    0x0, 0x0, 0x0, 0x7, 0xfb, 0x2f, 0xf1, 0x0,
    0x0, 0x0, 0x8, 0xfa, 0xf, 0xf3, 0x0, 0x0,
    0x0, 0xa, 0xf9, 0xb, 0xfb, 0x0, 0x0, 0x0,
    0x2f, 0xf4, 0x4, 0xff, 0xa2, 0x0, 0x15, 0xef,
    0xc0, 0x0, 0x7f, 0xff, 0xff, 0xff, 0xfd, 0x20,
    0x0, 0x3, 0x9d, 0xef, 0xec, 0x60, 0x0,

    /* U+01DC "ǜ" */
    0x0, 0x2e, 0xf6, 0x0, 0x0, 0x0, 0x0, 0x4f,
    0xe0, 0x0, 0x0, 0x0, 0x0, 0x7f, 0x60, 0x0,
    0x0, 0x0, 0x0, 0x11, 0x0, 0x0, 0x0, 0x0,
    0x0, 0x0, 0x0, 0x0, 0xb, 0xf5, 0x9, 0xf8,
    0x0, 0x0, 0xbf, 0x50, 0x9f, 0x80, 0x0, 0x3,
    0x41, 0x2, 0x42, 0x0, 0x0, 0x0, 0x0, 0x0,
    0x0, 0x7, 0xf8, 0x0, 0x0, 0xd, 0xf3, 0x7f,
    0x80, 0x0, 0x0, 0xdf, 0x37, 0xf8, 0x0, 0x0,
    0xd, 0xf3, 0x7f, 0x80, 0x0, 0x0, 0xdf, 0x37,
    0xf8, 0x0, 0x0, 0xd, 0xf3, 0x7f, 0x80, 0x0,
    0x0, 0xdf, 0x37, 0xf8, 0x0, 0x0, 0xd, 0xf3,
    0x7f, 0x80, 0x0, 0x0, 0xef, 0x36, 0xfa, 0x0,
    0x0, 0x2f, 0xf3, 0x3f, 0xf3, 0x0, 0x2c, 0xff,
    0x30, 0xbf, 0xfc, 0xdf, 0xda, 0xf3, 0x0, 0x8d,
    0xfe, 0x90, 0x9f, 0x30,

    /* U+01DD "ǝ" */
    0x0, 0x5, 0xce, 0xfd, 0x92, 0x0, 0x0, 0xbf,
    0xfb, 0xae, 0xff, 0x40, 0x8, 0xfd, 0x10, 0x0,
    0x8f, 0xf1, 0x9, 0xc3, 0x0, 0x0, 0xb, 0xf8,
    0x0, 0x0, 0x0, 0x0, 0x6, 0xfc, 0xa, 0xaa,
    0xaa, 0xaa, 0xab, 0xfd, 0xf, 0xff, 0xff, 0xff,
    0xff, 0xfd, 0xe, 0xf2, 0x0, 0x0, 0x6, 0xfb,
    0xa, 0xf6, 0x0, 0x0, 0xb, 0xf7, 0x3, 0xff,
    0x30, 0x0, 0x8f, 0xe0, 0x0, 0x7f, 0xfc, 0xad,
    0xff, 0x30, 0x0, 0x4, 0xbe, 0xfe, 0x91, 0x0,

    /* U+01DE "Ǟ" */
    0x0, 0x0, 0x9, 0xaa, 0xaa, 0xaa, 0x0, 0x0,
    0x0, 0x0, 0x0, 0xff, 0xff, 0xff, 0xf1, 0x0,
    0x0, 0x0, 0x0, 0x0, 0x0, 0x0, 0x0, 0x0,
    0x0, 0x0, 0x0, 0x0, 0x6f, 0xa0, 0x4f, 0xc0,
    0x0, 0x0, 0x0, 0x0, 0x6, 0xfa, 0x4, 0xfc,
    0x0, 0x0, 0x0, 0x0, 0x0, 0x14, 0x20, 0x14,
    0x30, 0x0, 0x0, 0x0, 0x0, 0x0, 0x0, 0x0,
    0x0, 0x0, 0x0, 0x0, 0x0, 0x0, 0x0, 0xef,
    0xd0, 0x0, 0x0, 0x0, 0x0, 0x0, 0x0, 0x4f,
    0xff, 0x40, 0x0, 0x0, 0x0, 0x0, 0x0, 0xb,
    0xf7, 0xfb, 0x0, 0x0, 0x0, 0x0, 0x0, 0x1,
    0xfd, 0xf, 0xf1, 0x0, 0x0, 0x0, 0x0, 0x0,
    0x7f, 0x90, 0x9f, 0x80, 0x0, 0x0, 0x0, 0x0,
    0xd, 0xf3, 0x3, 0xfe, 0x0, 0x0, 0x0, 0x0,
    0x4, 0xfd, 0x0, 0xc, 0xf5, 0x0, 0x0, 0x0,
    0x0, 0xaf, 0x60, 0x0, 0x6f, 0xc0, 0x0, 0x0,
    0x0, 0x1f, 0xf1, 0x0, 0x0, 0xff, 0x30, 0x0,
    0x0, 0x7, 0xfe, 0xbb, 0xbb, 0xbe, 0xfa, 0x0,
    0x0, 0x0, 0xdf, 0xff, 0xff, 0xff, 0xff, 0xf1,
    0x0, 0x0, 0x3f, 0xe0, 0x0, 0x0, 0x0, 0xdf,
    0x70, 0x0, 0xa, 0xf8, 0x0, 0x0, 0x0, 0x7,
    0xfe, 0x0, 0x1, 0xff, 0x20, 0x0, 0x0, 0x0,
    0x1f, 0xf4, 0x0, 0x6f, 0xd0, 0x0, 0x0, 0x0,
    0x0, 0xaf, 0xb0, 0xd, 0xf7, 0x0, 0x0, 0x0,
    0x0, 0x4, 0xff, 0x20,

    /* U+01DF "ǟ" */
    0x0, 0x2f, 0xff, 0xff, 0xfd, 0x0, 0x0, 0x1a,
    0xaa, 0xaa, 0xa8, 0x0, 0x0, 0x0, 0x0, 0x0,
    0x0, 0x0, 0x0, 0xb, 0xf5, 0x9, 0xf8, 0x0,
    0x0, 0xb, 0xf5, 0x9, 0xf8, 0x0, 0x0, 0x3,
    0x41, 0x2, 0x42, 0x0, 0x0, 0x0, 0x0, 0x0,
    0x0, 0x0, 0x0, 0x5, 0xbe, 0xff, 0xd7, 0x0,
    0x0, 0xbf, 0xfb, 0xac, 0xff, 0x90, 0x7, 0xfc,
    0x0, 0x0, 0x4f, 0xf0, 0x6, 0xb4, 0x0, 0x0,
    0xd, 0xf2, 0x0, 0x0, 0x0, 0x2, 0x5e, 0xf3,
    0x0, 0x17, 0xbd, 0xff, 0xff, 0xf3, 0x3, 0xef,
    0xfb, 0x96, 0x2c, 0xf3, 0xd, 0xf8, 0x0, 0x0,
    0xe, 0xf3, 0x1f, 0xf1, 0x0, 0x0, 0x2f, 0xf3,
    0xf, 0xf5, 0x0, 0x2, 0xcf, 0xf4, 0x8, 0xff,
    0xb9, 0xbf, 0xdc, 0xf5, 0x0, 0x6c, 0xff, 0xc6,
    0x6, 0xfa,

    /* U+01E0 "Ǡ" */
    0x0, 0x0, 0xa, 0xaa, 0xaa, 0xa9, 0x0, 0x0,
    0x0, 0x0, 0x0, 0xff, 0xff, 0xff, 0xf0, 0x0,
    0x0, 0x0, 0x0, 0x0, 0x0, 0x0, 0x0, 0x0,
    0x0, 0x0, 0x0, 0x0, 0x0, 0x8f, 0x80, 0x0,
    0x0, 0x0, 0x0, 0x0, 0x0, 0x8, 0xf8, 0x0,
    0x0, 0x0, 0x0, 0x0, 0x0, 0x0, 0x24, 0x20,
    0x0, 0x0, 0x0, 0x0, 0x0, 0x0, 0x0, 0x0,
    0x0, 0x0, 0x0, 0x0, 0x0, 0x0, 0x0, 0xef,
    0xd0, 0x0, 0x0, 0x0, 0x0, 0x0, 0x0, 0x4f,
    0xff, 0x40, 0x0, 0x0, 0x0, 0x0, 0x0, 0xb,
    0xf7, 0xfb, 0x0, 0x0, 0x0, 0x0, 0x0, 0x1,
    0xfd, 0xf, 0xf1, 0x0, 0x0, 0x0, 0x0, 0x0,
    0x7f, 0x90, 0x9f, 0x80, 0x0, 0x0, 0x0, 0x0,
    0xd, 0xf3, 0x3, 0xfe, 0x0, 0x0, 0x0, 0x0,
    0x4, 0xfd, 0x0, 0xc, 0xf5, 0x0, 0x0, 0x0,
    0x0, 0xaf, 0x60, 0x0, 0x6f, 0xc0, 0x0, 0x0,
    0x0, 0x1f, 0xf1, 0x0, 0x0, 0xff, 0x30, 0x0,
    0x0, 0x7, 0xfe, 0xbb, 0xbb, 0xbe, 0xfa, 0x0,
    0x0, 0x0, 0xdf, 0xff, 0xff, 0xff, 0xff, 0xf1,
    0x0, 0x0, 0x3f, 0xe0, 0x0, 0x0, 0x0, 0xdf,
    0x70, 0x0, 0xa, 0xf8, 0x0, 0x0, 0x0, 0x7,
    0xfe, 0x0, 0x1, 0xff, 0x20, 0x0, 0x0, 0x0,
    0x1f, 0xf4, 0x0, 0x6f, 0xd0, 0x0, 0x0, 0x0,
    0x0, 0xaf, 0xb0, 0xd, 0xf7, 0x0, 0x0, 0x0,
    0x0, 0x4, 0xff, 0x20,

    /* U+01E1 "ǡ" */
    0x0, 0x1f, 0xff, 0xff, 0xff, 0x0, 0x0, 0xa,
    0xaa, 0xaa, 0xa9, 0x0, 0x0, 0x0, 0x0, 0x0,
    0x0, 0x0, 0x0, 0x0, 0x7, 0xf9, 0x0, 0x0,
    0x0, 0x0, 0x7, 0xf9, 0x0, 0x0, 0x0, 0x0,
    0x1, 0x42, 0x0, 0x0, 0x0, 0x0, 0x0, 0x0,
    0x0, 0x0, 0x0, 0x5, 0xbe, 0xff, 0xd7, 0x0,
    0x0, 0xbf, 0xfb, 0xac, 0xff, 0x90, 0x7, 0xfc,
    0x0, 0x0, 0x4f, 0xf0, 0x6, 0xb4, 0x0, 0x0,
    0xd, 0xf2, 0x0, 0x0, 0x0, 0x2, 0x5e, 0xf3,
    0x0, 0x17, 0xbd, 0xff, 0xff, 0xf3, 0x3, 0xef,
    0xfb, 0x96, 0x2c, 0xf3, 0xd, 0xf8, 0x0, 0x0,
    0xe, 0xf3, 0x1f, 0xf1, 0x0, 0x0, 0x2f, 0xf3,
    0xf, 0xf5, 0x0, 0x2, 0xcf, 0xf4, 0x8, 0xff,
    0xb9, 0xbf, 0xdc, 0xf5, 0x0, 0x6c, 0xff, 0xc6,
    0x6, 0xfa,

    /* U+01E2 "Ǣ" */
    0x0, 0x0, 0x0, 0x0, 0x4a, 0xaa, 0xaa, 0xa6,
    0x0, 0x0, 0x0, 0x0, 0x0, 0x0, 0x0, 0x6f,
    0xff, 0xff, 0xfa, 0x0, 0x0, 0x0, 0x0, 0x0,
    0x0, 0x0, 0x0, 0x0, 0x0, 0x0, 0x0, 0x0,
    0x0, 0x0, 0x0, 0x0, 0x0, 0x0, 0x0, 0x0,
    0x0, 0x0, 0x0, 0x0, 0x0, 0x0, 0x0, 0x5,
    0xff, 0xff, 0xff, 0xff, 0xff, 0xff, 0xf7, 0x0,
    0x0, 0x0, 0xc, 0xff, 0xef, 0xfe, 0xee, 0xee,
    0xee, 0xe6, 0x0, 0x0, 0x0, 0x4f, 0xf1, 0xf,
    0xf2, 0x0, 0x0, 0x0, 0x0, 0x0, 0x0, 0x0,
    0xcf, 0x70, 0xf, 0xf2, 0x0, 0x0, 0x0, 0x0,
    0x0, 0x0, 0x4, 0xfe, 0x0, 0xf, 0xf2, 0x0,
    0x0, 0x0, 0x0, 0x0, 0x0, 0xc, 0xf7, 0x0,
    0xf, 0xf2, 0x0, 0x0, 0x0, 0x0, 0x0, 0x0,
    0x4f, 0xe0, 0x0, 0xf, 0xf2, 0x0, 0x0, 0x0,
    0x0, 0x0, 0x0, 0xcf, 0x60, 0x0, 0xf, 0xff,
    0xff, 0xff, 0xff, 0xd0, 0x0, 0x4, 0xfd, 0x0,
    0x0, 0xf, 0xfe, 0xee, 0xee, 0xee, 0xc0, 0x0,
    0xc, 0xff, 0xee, 0xee, 0xef, 0xf2, 0x0, 0x0,
    0x0, 0x0, 0x0, 0x4f, 0xff, 0xff, 0xff, 0xff,
    0xf2, 0x0, 0x0, 0x0, 0x0, 0x0, 0xcf, 0x60,
    0x0, 0x0, 0xf, 0xf2, 0x0, 0x0, 0x0, 0x0,
    0x4, 0xfe, 0x0, 0x0, 0x0, 0xf, 0xf2, 0x0,
    0x0, 0x0, 0x0, 0xc, 0xf7, 0x0, 0x0, 0x0,
    0xf, 0xf2, 0x0, 0x0, 0x0, 0x0, 0x4f, 0xf1,
    0x0, 0x0, 0x0, 0xf, 0xfe, 0xee, 0xee, 0xee,
    0xea, 0xcf, 0x90, 0x0, 0x0, 0x0, 0xf, 0xff,
    0xff, 0xff, 0xff, 0xfb,

    /* U+01E3 "ǣ" */
    0x0, 0x0, 0x0, 0x3f, 0xff, 0xff, 0xfd, 0x0,
    0x0, 0x0, 0x0, 0x0, 0x0, 0x1a, 0xaa, 0xaa,
    0xa8, 0x0, 0x0, 0x0, 0x0, 0x0, 0x0, 0x0,
    0x0, 0x0, 0x0, 0x0, 0x0, 0x0, 0x0, 0x0,
    0x0, 0x0, 0x0, 0x0, 0x0, 0x0, 0x0, 0x0,
    0x0, 0x6, 0xce, 0xfe, 0xb4, 0x4, 0xbe, 0xfd,
    0x80, 0x0, 0x0, 0xbf, 0xeb, 0xac, 0xff, 0xaf,
    0xfc, 0xad, 0xfd, 0x10, 0x6, 0xfb, 0x0, 0x0,
    0x8f, 0xfe, 0x20, 0x0, 0x9f, 0xa0, 0x8, 0xd3,
    0x0, 0x0, 0x2f, 0xf5, 0x0, 0x0, 0xe, 0xf1,
    0x0, 0x0, 0x0, 0x1, 0x5f, 0xf0, 0x0, 0x0,
    0xa, 0xf5, 0x0, 0x6, 0x9c, 0xef, 0xff, 0xff,
    0xff, 0xff, 0xff, 0xf7, 0x3, 0xef, 0xfd, 0xa7,
    0x5f, 0xfa, 0xaa, 0xaa, 0xaa, 0xa5, 0xe, 0xf8,
    0x0, 0x0, 0x2f, 0xf0, 0x0, 0x0, 0x0, 0x0,
    0x2f, 0xf0, 0x0, 0x0, 0x6f, 0xf3, 0x0, 0x0,
    0xc, 0xd4, 0x1f, 0xf4, 0x0, 0x4, 0xef, 0xfd,
    0x20, 0x0, 0x7f, 0xe0, 0x9, 0xff, 0xca, 0xdf,
    0xd2, 0x8f, 0xfc, 0xbd, 0xff, 0x30, 0x0, 0x6c,
    0xff, 0xc6, 0x0, 0x4, 0xbe, 0xfd, 0x92, 0x0,

    /* U+01E4 "Ǥ" */
    0x0, 0x0, 0x6b, 0xef, 0xec, 0x70, 0x0, 0x0,
    0x0, 0x1d, 0xff, 0xff, 0xff, 0xfd, 0x20, 0x0,
    0x1, 0xef, 0xfc, 0x86, 0x7b, 0xff, 0xe1, 0x0,
    0xa, 0xff, 0x60, 0x0, 0x0, 0x5f, 0xf9, 0x0,
    0x3f, 0xf9, 0x0, 0x0, 0x0, 0xa, 0xff, 0x0,
    0x8f, 0xf1, 0x0, 0x0, 0x0, 0x2, 0x66, 0x10,
    0xcf, 0xd0, 0x0, 0x0, 0x0, 0x0, 0x0, 0x0,
    0xef, 0xa0, 0x0, 0x0, 0x0, 0x0, 0x0, 0x0,
    0xff, 0x90, 0x0, 0x7, 0xff, 0xff, 0xff, 0x40,
    0xef, 0xa0, 0x0, 0x7, 0xff, 0xff, 0xff, 0x30,
    0xcf, 0xc0, 0x0, 0x0, 0x0, 0x2, 0xff, 0x20,
    0x8f, 0xf1, 0x0, 0x5, 0xaa, 0xaf, 0xff, 0xb5,
    0x3f, 0xf8, 0x0, 0x7, 0xff, 0xff, 0xff, 0xf7,
    0xb, 0xff, 0x50, 0x0, 0x0, 0x8f, 0xf5, 0x0,
    0x2, 0xef, 0xfc, 0x76, 0x7c, 0xff, 0xc0, 0x0,
    0x0, 0x2e, 0xff, 0xff, 0xff, 0xfc, 0x10, 0x0,
    0x0, 0x0, 0x7c, 0xff, 0xeb, 0x50, 0x0, 0x0,

    /* U+01E5 "ǥ" */
    0x0, 0x3, 0xbe, 0xfc, 0x41, 0xff, 0x30, 0x0,
    0x5f, 0xff, 0xff, 0xf7, 0xff, 0x30, 0x2, 0xff,
    0xe5, 0x24, 0xcf, 0xff, 0x30, 0x9, 0xff, 0x30,
    0x0, 0xd, 0xff, 0x30, 0xd, 0xfb, 0x0, 0x0,
    0x6, 0xff, 0x30, 0xf, 0xf9, 0x3, 0xdd, 0xdf,
    0xff, 0xfa, 0xf, 0xf8, 0x4, 0xff, 0xff, 0xff,
    0xfc, 0xe, 0xfb, 0x0, 0x0, 0x6, 0xff, 0x30,
    0xa, 0xff, 0x10, 0x0, 0xd, 0xff, 0x30, 0x3,
    0xff, 0xc3, 0x2, 0xaf, 0xff, 0x30, 0x0, 0x7f,
    0xff, 0xff, 0xfb, 0xff, 0x30, 0x0, 0x5, 0xdf,
    0xfe, 0x73, 0xff, 0x30, 0x0, 0x0, 0x0, 0x10,
    0x4, 0xff, 0x20, 0x8, 0xfe, 0x10, 0x0, 0x9,
    0xff, 0x0, 0x2, 0xff, 0xc4, 0x23, 0x8f, 0xfa,
    0x0, 0x0, 0x5f, 0xff, 0xff, 0xff, 0xd1, 0x0,
    0x0, 0x2, 0xae, 0xfe, 0xc7, 0x0, 0x0,

    /* U+01E6 "Ǧ" */
    0x0, 0x0, 0x8f, 0x50, 0x5f, 0x80, 0x0, 0x0,
    0x0, 0x0, 0xde, 0x3e, 0xc0, 0x0, 0x0, 0x0,
    0x0, 0x2, 0xff, 0xf2, 0x0, 0x0, 0x0, 0x0,
    0x0, 0x0, 0x0, 0x0, 0x0, 0x0, 0x0, 0x0,
    0x0, 0x0, 0x0, 0x0, 0x0, 0x0, 0x0, 0x6,
    0xce, 0xfe, 0xc6, 0x0, 0x0, 0x0, 0x2d, 0xff,
    0xff, 0xff, 0xfd, 0x20, 0x0, 0x1e, 0xff, 0xc7,
    0x67, 0xbf, 0xfd, 0x10, 0xb, 0xff, 0x70, 0x0,
    0x0, 0x6f, 0xf8, 0x3, 0xff, 0x90, 0x0, 0x0,
    0x0, 0xbf, 0xe0, 0x8f, 0xf1, 0x0, 0x0, 0x0,
    0x2, 0x66, 0x1c, 0xfd, 0x0, 0x0, 0x0, 0x0,
    0x0, 0x0, 0xef, 0xa0, 0x0, 0x0, 0x0, 0x0,
    0x0, 0xf, 0xf9, 0x0, 0x0, 0x7f, 0xff, 0xff,
    0xf4, 0xef, 0xa0, 0x0, 0x7, 0xff, 0xff, 0xff,
    0x4c, 0xfc, 0x0, 0x0, 0x12, 0x22, 0x4f, 0xf4,
    0x9f, 0xf1, 0x0, 0x0, 0x0, 0x5, 0xff, 0x43,
    0xff, 0x80, 0x0, 0x0, 0x0, 0xcf, 0xf4, 0xb,
    0xff, 0x60, 0x0, 0x0, 0x8f, 0xff, 0x40, 0x2e,
    0xff, 0xc7, 0x67, 0xdf, 0xfa, 0xf4, 0x0, 0x2e,
    0xff, 0xff, 0xff, 0xf4, 0x7f, 0x40, 0x0, 0x7,
    0xcf, 0xfe, 0x92, 0x7, 0xf4,

    /* U+01E7 "ǧ" */
    0x0, 0x4, 0x83, 0x0, 0x77, 0x0, 0x0, 0x0,
    0x1f, 0xd0, 0x7f, 0x70, 0x0, 0x0, 0x0, 0x7f,
    0xcf, 0xd0, 0x0, 0x0, 0x0, 0x0, 0xdf, 0xf4,
    0x0, 0x0, 0x0, 0x0, 0x0, 0x0, 0x0, 0x0,
    0x0, 0x0, 0x3b, 0xef, 0xc4, 0x1f, 0xf3, 0x0,
    0x5f, 0xff, 0xff, 0xf7, 0xff, 0x30, 0x2f, 0xfe,
    0x52, 0x4c, 0xff, 0xf3, 0x9, 0xff, 0x30, 0x0,
    0xd, 0xff, 0x30, 0xdf, 0xb0, 0x0, 0x0, 0x6f,
    0xf3, 0xf, 0xf9, 0x0, 0x0, 0x3, 0xff, 0x30,
    0xff, 0x80, 0x0, 0x0, 0x4f, 0xf3, 0xe, 0xfb,
    0x0, 0x0, 0x6, 0xff, 0x30, 0xaf, 0xf1, 0x0,
    0x0, 0xdf, 0xf3, 0x3, 0xff, 0xc3, 0x2, 0xaf,
    0xff, 0x30, 0x7, 0xff, 0xff, 0xff, 0xbf, 0xf3,
    0x0, 0x5, 0xdf, 0xfe, 0x73, 0xff, 0x30, 0x0,
    0x0, 0x1, 0x0, 0x4f, 0xf2, 0x8, 0xfe, 0x10,
    0x0, 0x9, 0xff, 0x0, 0x2f, 0xfc, 0x42, 0x38,
    0xff, 0xa0, 0x0, 0x5f, 0xff, 0xff, 0xff, 0xd1,
    0x0, 0x0, 0x2a, 0xef, 0xec, 0x70, 0x0,

    /* U+01E8 "Ǩ" */
    0x0, 0x6, 0xf8, 0x2, 0xfc, 0x0, 0x0, 0x0,
    0x0, 0xcf, 0x3d, 0xf2, 0x0, 0x0, 0x0, 0x0,
    0x3f, 0xff, 0x80, 0x0, 0x0, 0x0, 0x0, 0x5,
    0x87, 0x0, 0x0, 0x0, 0x0, 0x0, 0x0, 0x0,
    0x0, 0x0, 0x0, 0xf, 0xf7, 0x0, 0x0, 0x2,
    0xef, 0xd1, 0xf, 0xf7, 0x0, 0x0, 0x1d, 0xfe,
    0x20, 0xf, 0xf7, 0x0, 0x0, 0xcf, 0xf4, 0x0,
    0xf, 0xf7, 0x0, 0x9, 0xff, 0x60, 0x0, 0xf,
    0xf7, 0x0, 0x7f, 0xf8, 0x0, 0x0, 0xf, 0xf7,
    0x5, 0xff, 0xb0, 0x0, 0x0, 0xf, 0xf7, 0x3f,
    0xfd, 0x0, 0x0, 0x0, 0xf, 0xf9, 0xef, 0xf4,
    0x0, 0x0, 0x0, 0xf, 0xff, 0xff, 0xfd, 0x0,
    0x0, 0x0, 0xf, 0xff, 0xf9, 0xff, 0x80, 0x0,
    0x0, 0xf, 0xff, 0x50, 0xbf, 0xf3, 0x0, 0x0,
    0xf, 0xf9, 0x0, 0x1e, 0xfe, 0x0, 0x0, 0xf,
    0xf7, 0x0, 0x4, 0xff, 0xa0, 0x0, 0xf, 0xf7,
    0x0, 0x0, 0x9f, 0xf5, 0x0, 0xf, 0xf7, 0x0,
    0x0, 0xd, 0xfe, 0x10, 0xf, 0xf7, 0x0, 0x0,
    0x3, 0xff, 0xb0, 0xf, 0xf7, 0x0, 0x0, 0x0,
    0x8f, 0xf6,

    /* U+01E9 "ǩ" */
    0x2f, 0xc0, 0xd, 0xe1, 0x0, 0x0, 0x0, 0x8,
    0xf7, 0x9f, 0x60, 0x0, 0x0, 0x0, 0x0, 0xef,
    0xfc, 0x0, 0x0, 0x0, 0x0, 0x0, 0x38, 0x82,
    0x0, 0x0, 0x0, 0x0, 0x0, 0x4f, 0xf2, 0x0,
    0x0, 0x0, 0x0, 0x0, 0x4f, 0xf2, 0x0, 0x0,
    0x0, 0x0, 0x0, 0x4f, 0xf2, 0x0, 0x0, 0x0,
    0x0, 0x0, 0x4f, 0xf2, 0x0, 0x0, 0x0, 0x0,
    0x0, 0x4f, 0xf2, 0x0, 0x0, 0xbf, 0xf4, 0x0,
    0x4f, 0xf2, 0x0, 0xa, 0xff, 0x60, 0x0, 0x4f,
    0xf2, 0x0, 0x7f, 0xf8, 0x0, 0x0, 0x4f, 0xf2,
    0x5, 0xff, 0xa0, 0x0, 0x0, 0x4f, 0xf2, 0x3f,
    0xfc, 0x0, 0x0, 0x0, 0x4f, 0xf4, 0xef, 0xf2,
    0x0, 0x0, 0x0, 0x4f, 0xfe, 0xff, 0xfa, 0x0,
    0x0, 0x0, 0x4f, 0xff, 0xd7, 0xff, 0x40, 0x0,
    0x0, 0x4f, 0xfe, 0x20, 0xcf, 0xe0, 0x0, 0x0,
    0x4f, 0xf4, 0x0, 0x2f, 0xf9, 0x0, 0x0, 0x4f,
    0xf2, 0x0, 0x7, 0xff, 0x40, 0x0, 0x4f, 0xf2,
    0x0, 0x0, 0xdf, 0xe0, 0x0, 0x4f, 0xf2, 0x0,
    0x0, 0x3f, 0xf9,

    /* U+01EA "Ǫ" */
    0x0, 0x0, 0x4a, 0xdf, 0xfd, 0x93, 0x0, 0x0,
    0x0, 0x1b, 0xff, 0xfd, 0xef, 0xff, 0xa0, 0x0,
    0x0, 0xdf, 0xe5, 0x0, 0x0, 0x6e, 0xfc, 0x0,
    0xa, 0xfd, 0x10, 0x0, 0x0, 0x2, 0xef, 0x90,
    0x2f, 0xf2, 0x0, 0x0, 0x0, 0x0, 0x4f, 0xf2,
    0x8f, 0xb0, 0x0, 0x0, 0x0, 0x0, 0xd, 0xf7,
    0xbf, 0x70, 0x0, 0x0, 0x0, 0x0, 0x9, 0xfa,
    0xdf, 0x60, 0x0, 0x0, 0x0, 0x0, 0x7, 0xfc,
    0xef, 0x50, 0x0, 0x0, 0x0, 0x0, 0x7, 0xfc,
    0xdf, 0x60, 0x0, 0x0, 0x0, 0x0, 0x8, 0xfb,
    0xaf, 0xa0, 0x0, 0x0, 0x0, 0x0, 0xc, 0xf8,
    0x6f, 0xf2, 0x0, 0x0, 0x0, 0x0, 0x3f, 0xf3,
    0xe, 0xfc, 0x0, 0x0, 0x0, 0x1, 0xdf, 0xb0,
    0x5, 0xff, 0xd3, 0x0, 0x0, 0x4d, 0xfe, 0x10,
    0x0, 0x7f, 0xff, 0xec, 0xce, 0xff, 0xd2, 0x0,
    0x0, 0x4, 0xdf, 0xff, 0xfe, 0xb6, 0x0, 0x0,
    0x0, 0x0, 0x3, 0x7f, 0x60, 0x0, 0x0, 0x0,
    0x0, 0x0, 0x0, 0x1f, 0x40, 0x0, 0x0, 0x0,
    0x0, 0x0, 0x0, 0x2f, 0x70, 0x0, 0x0, 0x0,
    0x0, 0x0, 0x0, 0xf, 0xf8, 0x9a, 0x0, 0x0,
    0x0, 0x0, 0x0, 0x4, 0xdf, 0xc5, 0x0, 0x0,

    /* U+01EB "ǫ" */
    0x0, 0x4, 0xbe, 0xfe, 0x92, 0x0, 0x0, 0x8f,
    0xfb, 0xad, 0xff, 0x40, 0x5, 0xfe, 0x30, 0x0,
    0x7f, 0xe1, 0xc, 0xf7, 0x0, 0x0, 0xc, 0xf7,
    0x1f, 0xf1, 0x0, 0x0, 0x5, 0xfc, 0x2f, 0xf0,
    0x0, 0x0, 0x3, 0xfe, 0x3f, 0xe0, 0x0, 0x0,
    0x2, 0xfe, 0x2f, 0xf0, 0x0, 0x0, 0x4, 0xfd,
    0xe, 0xf4, 0x0, 0x0, 0x8, 0xfa, 0x9, 0xfc,
    0x0, 0x0, 0x1f, 0xf4, 0x1, 0xef, 0xb4, 0x36,
    0xdf, 0xb0, 0x0, 0x2c, 0xff, 0xff, 0xf9, 0x0,
    0x0, 0x0, 0x3a, 0xf5, 0x10, 0x0, 0x0, 0x0,
    0x9, 0xc0, 0x0, 0x0, 0x0, 0x0, 0xa, 0xe0,
    0x0, 0x0, 0x0, 0x0, 0x7, 0xfc, 0x8b, 0x30,
    0x0, 0x0, 0x0, 0xaf, 0xe9, 0x10,

    /* U+01EC "Ǭ" */
    0x0, 0x0, 0xaf, 0xff, 0xff, 0xf5, 0x0, 0x0,
    0x0, 0x0, 0x6a, 0xaa, 0xaa, 0xa3, 0x0, 0x0,
    0x0, 0x0, 0x0, 0x0, 0x0, 0x0, 0x0, 0x0,
    0x0, 0x0, 0x4a, 0xdf, 0xfd, 0x93, 0x0, 0x0,
    0x0, 0x1b, 0xff, 0xfd, 0xef, 0xff, 0xa0, 0x0,
    0x0, 0xdf, 0xe5, 0x0, 0x0, 0x6e, 0xfc, 0x0,
    0xa, 0xfd, 0x10, 0x0, 0x0, 0x2, 0xef, 0x90,
    0x2f, 0xf2, 0x0, 0x0, 0x0, 0x0, 0x4f, 0xf2,
    0x8f, 0xb0, 0x0, 0x0, 0x0, 0x0, 0xd, 0xf7,
    0xbf, 0x70, 0x0, 0x0, 0x0, 0x0, 0x9, 0xfa,
    0xdf, 0x60, 0x0, 0x0, 0x0, 0x0, 0x7, 0xfc,
    0xef, 0x50, 0x0, 0x0, 0x0, 0x0, 0x7, 0xfc,
    0xdf, 0x60, 0x0, 0x0, 0x0, 0x0, 0x8, 0xfb,
    0xaf, 0xa0, 0x0, 0x0, 0x0, 0x0, 0xc, 0xf8,
    0x6f, 0xf2, 0x0, 0x0, 0x0, 0x0, 0x3f, 0xf3,
    0xe, 0xfc, 0x0, 0x0, 0x0, 0x1, 0xdf, 0xb0,
    0x5, 0xff, 0xd3, 0x0, 0x0, 0x4d, 0xfe, 0x10,
    0x0, 0x7f, 0xff, 0xec, 0xce, 0xff, 0xd2, 0x0,
    0x0, 0x4, 0xdf, 0xff, 0xfe, 0xb6, 0x0, 0x0,
    0x0, 0x0, 0x3, 0x7f, 0x60, 0x0, 0x0, 0x0,
    0x0, 0x0, 0x0, 0x1f, 0x40, 0x0, 0x0, 0x0,
    0x0, 0x0, 0x0, 0x2f, 0x70, 0x0, 0x0, 0x0,
    0x0, 0x0, 0x0, 0xf, 0xf8, 0x9a, 0x0, 0x0,
    0x0, 0x0, 0x0, 0x4, 0xdf, 0xc5, 0x0, 0x0,

    /* U+01ED "ǭ" */
    0x0, 0x6f, 0xff, 0xff, 0xfa, 0x0, 0x0, 0x4a,
    0xaa, 0xaa, 0xa6, 0x0, 0x0, 0x0, 0x0, 0x0,
    0x0, 0x0, 0x0, 0x0, 0x0, 0x0, 0x0, 0x0,
    0x0, 0x4, 0xbe, 0xfe, 0x92, 0x0, 0x0, 0x8f,
    0xfb, 0xad, 0xff, 0x40, 0x5, 0xfe, 0x30, 0x0,
    0x7f, 0xe1, 0xc, 0xf7, 0x0, 0x0, 0xc, 0xf7,
    0x1f, 0xf1, 0x0, 0x0, 0x5, 0xfc, 0x2f, 0xf0,
    0x0, 0x0, 0x3, 0xfe, 0x3f, 0xe0, 0x0, 0x0,
    0x2, 0xfe, 0x2f, 0xf0, 0x0, 0x0, 0x4, 0xfd,
    0xe, 0xf4, 0x0, 0x0, 0x8, 0xfa, 0x9, 0xfc,
    0x0, 0x0, 0x1f, 0xf4, 0x1, 0xef, 0xb4, 0x36,
    0xdf, 0xb0, 0x0, 0x2c, 0xff, 0xff, 0xf9, 0x0,
    0x0, 0x0, 0x3a, 0xf5, 0x10, 0x0, 0x0, 0x0,
    0x9, 0xc0, 0x0, 0x0, 0x0, 0x0, 0xa, 0xe0,
    0x0, 0x0, 0x0, 0x0, 0x7, 0xfc, 0x8b, 0x30,
    0x0, 0x0, 0x0, 0xaf, 0xe9, 0x10,

    /* U+01EE "Ǯ" */
    0x2, 0xef, 0x21, 0xef, 0x40, 0x0, 0x3, 0xfc,
    0xbf, 0x60, 0x0, 0x0, 0x5, 0xff, 0x90, 0x0,
    0x0, 0x0, 0x0, 0x0, 0x0, 0x0, 0x7f, 0xff,
    0xff, 0xff, 0xfe, 0x6, 0xee, 0xee, 0xee, 0xff,
    0xc0, 0x0, 0x0, 0x0, 0x2f, 0xe2, 0x0, 0x0,
    0x0, 0x1e, 0xf3, 0x0, 0x0, 0x0, 0xc, 0xf4,
    0x0, 0x0, 0x0, 0xa, 0xf6, 0x0, 0x0, 0x0,
    0x4, 0xfe, 0x83, 0x0, 0x0, 0x0, 0x6e, 0xff,
    0xf9, 0x0, 0x0, 0x0, 0x0, 0x5e, 0xf8, 0x0,
    0x0, 0x0, 0x0, 0x3f, 0xf1, 0x0, 0x0, 0x0,
    0x0, 0xdf, 0x41, 0x40, 0x0, 0x0, 0xd, 0xf4,
    0xcf, 0x40, 0x0, 0x2, 0xff, 0x16, 0xfd, 0x10,
    0x1, 0xcf, 0x90, 0xb, 0xff, 0xbb, 0xff, 0xb0,
    0x0, 0x6, 0xcf, 0xfc, 0x60, 0x0,

    /* U+01EF "ǯ" */
    0x1, 0xdf, 0x41, 0xef, 0x40, 0x0, 0x1, 0xde,
    0xcf, 0x50, 0x0, 0x0, 0x1, 0x9a, 0x50, 0x0,
    0x0, 0x0, 0x0, 0x0, 0x0, 0x0, 0x7f, 0xff,
    0xff, 0xff, 0xfe, 0x6, 0xee, 0xee, 0xee, 0xff,
    0xd0, 0x0, 0x0, 0x0, 0x2f, 0xf2, 0x0, 0x0,
    0x0, 0xd, 0xf4, 0x0, 0x0, 0x0, 0xa, 0xf7,
    0x0, 0x0, 0x0, 0x7, 0xfa, 0x0, 0x0, 0x0,
    0x2, 0xfe, 0x30, 0x0, 0x0, 0x0, 0x6f, 0xff,
    0xc2, 0x0, 0x0, 0x3, 0x57, 0xcf, 0xf3, 0x0,
    0x0, 0x0, 0x0, 0xaf, 0xd0, 0x0, 0x0, 0x0,
    0x1, 0xff, 0x20, 0x0, 0x0, 0x0, 0xc, 0xf4,
    0x47, 0x10, 0x0, 0x0, 0xef, 0x3b, 0xf5, 0x0,
    0x0, 0x3f, 0xf0, 0x5f, 0xd1, 0x0, 0x1d, 0xf8,
    0x0, 0xaf, 0xfb, 0xaf, 0xfa, 0x0, 0x0, 0x6c,
    0xff, 0xc6, 0x0, 0x0,

    /* U+01F0 "ǰ" */
    0x9, 0xf9, 0xb, 0xf8, 0x0, 0xa, 0xfb, 0xf9,
    0x0, 0x0, 0x8, 0xa8, 0x0, 0x0, 0x0, 0x0,
    0x0, 0x0, 0x0, 0x7, 0xf9, 0x0, 0x0, 0x0,
    0x7f, 0x90, 0x0, 0x0, 0x7, 0xf9, 0x0, 0x0,
    0x0, 0x7f, 0x90, 0x0, 0x0, 0x7, 0xf9, 0x0,
    0x0, 0x0, 0x7f, 0x90, 0x0, 0x0, 0x7, 0xf9,
    0x0, 0x0, 0x0, 0x7f, 0x90, 0x0, 0x0, 0x7,
    0xf9, 0x0, 0x0, 0x0, 0x7f, 0x90, 0x0, 0x0,
    0x7, 0xf9, 0x0, 0x0, 0x0, 0x7f, 0x90, 0x0,
    0x0, 0x7, 0xf8, 0x0, 0x0, 0x0, 0x7f, 0x80,
    0x0, 0x0, 0xa, 0xf7, 0x0, 0x0, 0xac, 0xff,
    0x20, 0x0, 0xd, 0xfd, 0x50, 0x0, 0x0,

    /* U+01F1 "Ǳ" */
    0x2f, 0xff, 0xff, 0xff, 0xeb, 0x60, 0x0, 0x0,
    0x2f, 0xff, 0xff, 0xff, 0xff, 0xff, 0xa2, 0xff,
    0xee, 0xee, 0xff, 0xff, 0xd2, 0x0, 0x2, 0xee,
    0xee, 0xee, 0xee, 0xef, 0xfa, 0x2f, 0xf0, 0x0,
    0x0, 0x5, 0xef, 0xd0, 0x0, 0x0, 0x0, 0x0,
    0x0, 0x8, 0xff, 0x32, 0xff, 0x0, 0x0, 0x0,
    0x2, 0xef, 0x70, 0x0, 0x0, 0x0, 0x0, 0x6,
    0xff, 0x50, 0x2f, 0xf0, 0x0, 0x0, 0x0, 0x6,
    0xfe, 0x0, 0x0, 0x0, 0x0, 0x3, 0xff, 0x70,
    0x2, 0xff, 0x0, 0x0, 0x0, 0x0, 0x1f, 0xf3,
    0x0, 0x0, 0x0, 0x2, 0xef, 0xa0, 0x0, 0x2f,
    0xf0, 0x0, 0x0, 0x0, 0x0, 0xef, 0x50, 0x0,
    0x0, 0x0, 0xdf, 0xc0, 0x0, 0x2, 0xff, 0x0,
    0x0, 0x0, 0x0, 0xd, 0xf6, 0x0, 0x0, 0x0,
    0xbf, 0xd1, 0x0, 0x0, 0x2f, 0xf0, 0x0, 0x0,
    0x0, 0x0, 0xdf, 0x60, 0x0, 0x0, 0x8f, 0xf2,
    0x0, 0x0, 0x2, 0xff, 0x0, 0x0, 0x0, 0x0,
    0xe, 0xf5, 0x0, 0x0, 0x5f, 0xf4, 0x0, 0x0,
    0x0, 0x2f, 0xf0, 0x0, 0x0, 0x0, 0x2, 0xff,
    0x20, 0x0, 0x3f, 0xf6, 0x0, 0x0, 0x0, 0x2,
    0xff, 0x0, 0x0, 0x0, 0x0, 0x7f, 0xd0, 0x0,
    0x1e, 0xf9, 0x0, 0x0, 0x0, 0x0, 0x2f, 0xf0,
    0x0, 0x0, 0x0, 0x2f, 0xf7, 0x0, 0xd, 0xfb,
    0x0, 0x0, 0x0, 0x0, 0x2, 0xff, 0x0, 0x0,
    0x1, 0x6e, 0xfd, 0x0, 0xa, 0xfd, 0x10, 0x0,
    0x0, 0x0, 0x0, 0x2f, 0xfe, 0xee, 0xef, 0xff,
    0xfc, 0x10, 0x1, 0xff, 0xfe, 0xee, 0xee, 0xee,
    0xee, 0xd2, 0xff, 0xff, 0xff, 0xfd, 0xa5, 0x0,
    0x0, 0x1f, 0xff, 0xff, 0xff, 0xff, 0xff, 0xfe,

    /* U+01F2 "ǲ" */
    0x2f, 0xff, 0xff, 0xff, 0xeb, 0x60, 0x0, 0x0,
    0x0, 0x0, 0x0, 0x0, 0x0, 0x2, 0xff, 0xee,
    0xee, 0xff, 0xff, 0xd2, 0x0, 0x0, 0x0, 0x0,
    0x0, 0x0, 0x0, 0x2f, 0xf0, 0x0, 0x0, 0x5,
    0xef, 0xd0, 0x0, 0x0, 0x0, 0x0, 0x0, 0x0,
    0x2, 0xff, 0x0, 0x0, 0x0, 0x2, 0xef, 0x70,
    0x0, 0x0, 0x0, 0x0, 0x0, 0x0, 0x2f, 0xf0,
    0x0, 0x0, 0x0, 0x6, 0xfe, 0x0, 0x8f, 0xff,
    0xff, 0xff, 0xff, 0x32, 0xff, 0x0, 0x0, 0x0,
    0x0, 0x1f, 0xf3, 0x5, 0x99, 0x99, 0x99, 0xdf,
    0xe1, 0x2f, 0xf0, 0x0, 0x0, 0x0, 0x0, 0xef,
    0x50, 0x0, 0x0, 0x0, 0x3f, 0xf3, 0x2, 0xff,
    0x0, 0x0, 0x0, 0x0, 0xd, 0xf6, 0x0, 0x0,
    0x0, 0x1e, 0xf5, 0x0, 0x2f, 0xf0, 0x0, 0x0,
    0x0, 0x0, 0xdf, 0x60, 0x0, 0x0, 0xd, 0xf7,
    0x0, 0x2, 0xff, 0x0, 0x0, 0x0, 0x0, 0xe,
    0xf5, 0x0, 0x0, 0xb, 0xf9, 0x0, 0x0, 0x2f,
    0xf0, 0x0, 0x0, 0x0, 0x2, 0xff, 0x20, 0x0,
    0x9, 0xfb, 0x0, 0x0, 0x2, 0xff, 0x0, 0x0,
    0x0, 0x0, 0x7f, 0xd0, 0x0, 0x7, 0xfd, 0x0,
    0x0, 0x0, 0x2f, 0xf0, 0x0, 0x0, 0x0, 0x2f,
    0xf7, 0x0, 0x5, 0xfe, 0x20, 0x0, 0x0, 0x2,
    0xff, 0x0, 0x0, 0x1, 0x6e, 0xfd, 0x0, 0x3,
    0xff, 0x30, 0x0, 0x0, 0x0, 0x2f, 0xfe, 0xee,
    0xef, 0xff, 0xfc, 0x10, 0x0, 0xef, 0xfe, 0xee,
    0xee, 0xee, 0x82, 0xff, 0xff, 0xff, 0xfd, 0xa5,
    0x0, 0x0, 0xf, 0xff, 0xff, 0xff, 0xff, 0xf9,

    /* U+01F3 "ǳ" */
    0x0, 0x0, 0x0, 0x0, 0xd, 0xf2, 0x0, 0x0,
    0x0, 0x0, 0x0, 0x0, 0x0, 0x0, 0x0, 0x0,
    0xd, 0xf2, 0x0, 0x0, 0x0, 0x0, 0x0, 0x0,
    0x0, 0x0, 0x0, 0x0, 0xd, 0xf2, 0x0, 0x0,
    0x0, 0x0, 0x0, 0x0, 0x0, 0x0, 0x0, 0x0,
    0xd, 0xf2, 0x0, 0x0, 0x0, 0x0, 0x0, 0x0,
    0x0, 0x6, 0xcf, 0xea, 0x2d, 0xf2, 0x5, 0xff,
    0xff, 0xff, 0xff, 0xf6, 0x0, 0xaf, 0xfb, 0xae,
    0xee, 0xf2, 0x3, 0xaa, 0xaa, 0xaa, 0xcf, 0xf5,
    0x5, 0xfe, 0x10, 0x1, 0xcf, 0xf2, 0x0, 0x0,
    0x0, 0x1, 0xdf, 0x90, 0xc, 0xf6, 0x0, 0x0,
    0x3f, 0xf2, 0x0, 0x0, 0x0, 0xc, 0xfb, 0x0,
    0xf, 0xf1, 0x0, 0x0, 0xe, 0xf2, 0x0, 0x0,
    0x0, 0xaf, 0xd0, 0x0, 0x2f, 0xf0, 0x0, 0x0,
    0xb, 0xf2, 0x0, 0x0, 0x9, 0xfe, 0x10, 0x0,
    0x2f, 0xe0, 0x0, 0x0, 0xb, 0xf2, 0x0, 0x0,
    0x7f, 0xf3, 0x0, 0x0, 0xf, 0xf1, 0x0, 0x0,
    0xc, 0xf2, 0x0, 0x5, 0xff, 0x40, 0x0, 0x0,
    0xb, 0xf6, 0x0, 0x0, 0x1f, 0xf2, 0x0, 0x3f,
    0xf6, 0x0, 0x0, 0x0, 0x4, 0xfe, 0x30, 0x0,
    0xcf, 0xf2, 0x2, 0xef, 0x80, 0x0, 0x0, 0x0,
    0x0, 0x8f, 0xfc, 0xae, 0xfd, 0xf2, 0xb, 0xff,
    0xbb, 0xbb, 0xbb, 0xb8, 0x0, 0x5, 0xcf, 0xfb,
    0x2b, 0xf2, 0xc, 0xff, 0xff, 0xff, 0xff, 0xfc,

    /* U+01F4 "Ǵ" */
    0x0, 0x0, 0x0, 0x1, 0xff, 0x60, 0x0, 0x0,
    0x0, 0x0, 0x0, 0x8, 0xf9, 0x0, 0x0, 0x0,
    0x0, 0x0, 0x0, 0x1f, 0xc0, 0x0, 0x0, 0x0,
    0x0, 0x0, 0x0, 0x1, 0x0, 0x0, 0x0, 0x0,
    0x0, 0x0, 0x0, 0x0, 0x0, 0x0, 0x0, 0x0,
    0x0, 0x0, 0x39, 0xdf, 0xff, 0xc8, 0x20, 0x0,
    0x0, 0x9, 0xff, 0xfe, 0xdf, 0xff, 0xf7, 0x0,
    0x0, 0xcf, 0xe6, 0x10, 0x0, 0x29, 0xff, 0x50,
    0x8, 0xfe, 0x20, 0x0, 0x0, 0x0, 0x7f, 0xe0,
    0x1f, 0xf4, 0x0, 0x0, 0x0, 0x0, 0x9, 0x60,
    0x6f, 0xd0, 0x0, 0x0, 0x0, 0x0, 0x0, 0x0,
    0xaf, 0x90, 0x0, 0x0, 0x0, 0x0, 0x0, 0x0,
    0xcf, 0x70, 0x0, 0x0, 0x8e, 0xee, 0xee, 0xe6,
    0xcf, 0x80, 0x0, 0x0, 0x8f, 0xff, 0xff, 0xf6,
    0xaf, 0x90, 0x0, 0x0, 0x0, 0x0, 0xb, 0xf6,
    0x7f, 0xe0, 0x0, 0x0, 0x0, 0x0, 0xb, 0xf6,
    0x2f, 0xf5, 0x0, 0x0, 0x0, 0x0, 0xb, 0xf6,
    0x9, 0xff, 0x30, 0x0, 0x0, 0x0, 0x3e, 0xf6,
    0x0, 0xcf, 0xf9, 0x30, 0x0, 0x4a, 0xff, 0xf3,
    0x0, 0x9, 0xff, 0xff, 0xff, 0xff, 0xfb, 0x10,
    0x0, 0x0, 0x28, 0xce, 0xfe, 0xc8, 0x30, 0x0,

    /* U+01F5 "ǵ" */
    0x0, 0x0, 0x1, 0xff, 0x60, 0x0, 0x0, 0x0,
    0x9, 0xf9, 0x0, 0x0, 0x0, 0x0, 0x1f, 0xc0,
    0x0, 0x0, 0x0, 0x0, 0x1, 0x0, 0x0, 0x0,
    0x0, 0x6, 0xcf, 0xfb, 0x39, 0xf4, 0x0, 0x9f,
    0xfb, 0xae, 0xfc, 0xf4, 0x5, 0xfe, 0x20, 0x1,
    0xcf, 0xf4, 0xc, 0xf6, 0x0, 0x0, 0x2f, 0xf4,
    0x1f, 0xf0, 0x0, 0x0, 0xc, 0xf4, 0x2f, 0xe0,
    0x0, 0x0, 0xa, 0xf4, 0x2f, 0xe0, 0x0, 0x0,
    0xa, 0xf4, 0x1f, 0xf0, 0x0, 0x0, 0xb, 0xf4,
    0xc, 0xf5, 0x0, 0x0, 0x1f, 0xf4, 0x5, 0xfe,
    0x20, 0x0, 0xbf, 0xf4, 0x0, 0x9f, 0xfb, 0xae,
    0xfe, 0xf4, 0x0, 0x6, 0xcf, 0xfb, 0x2c, 0xf4,
    0x0, 0x0, 0x0, 0x0, 0xd, 0xf2, 0xa, 0xb2,
    0x0, 0x0, 0x1f, 0xf0, 0x9, 0xfa, 0x0, 0x0,
    0xaf, 0xa0, 0x1, 0xef, 0xda, 0xbe, 0xfd, 0x10,
    0x0, 0x18, 0xdf, 0xfc, 0x70, 0x0,

    /* U+01FA "Ǻ" */
    0x0, 0x0, 0x0, 0x0, 0xaf, 0xd0, 0x0, 0x0,
    0x0, 0x0, 0x0, 0x0, 0x1f, 0xf2, 0x0, 0x0,
    0x0, 0x0, 0x0, 0x0, 0x8, 0xf4, 0x0, 0x0,
    0x0, 0x0, 0x0, 0x0, 0x0, 0x11, 0x0, 0x0,
    0x0, 0x0, 0x0, 0x0, 0x0, 0x9, 0xd9, 0x0,
    0x0, 0x0, 0x0, 0x0, 0x0, 0x6, 0x90, 0x95,
    0x0, 0x0, 0x0, 0x0, 0x0, 0x0, 0x75, 0x5,
    0x70, 0x0, 0x0, 0x0, 0x0, 0x0, 0x1, 0xa1,
    0x91, 0x0, 0x0, 0x0, 0x0, 0x0, 0x0, 0x2f,
    0xff, 0x10, 0x0, 0x0, 0x0, 0x0, 0x0, 0x8,
    0xff, 0xf7, 0x0, 0x0, 0x0, 0x0, 0x0, 0x0,
    0xdf, 0x7f, 0xe0, 0x0, 0x0, 0x0, 0x0, 0x0,
    0x4f, 0xd0, 0xff, 0x40, 0x0, 0x0, 0x0, 0x0,
    0xa, 0xf9, 0x9, 0xfb, 0x0, 0x0, 0x0, 0x0,
    0x0, 0xff, 0x30, 0x3f, 0xf1, 0x0, 0x0, 0x0,
    0x0, 0x6f, 0xd0, 0x0, 0xcf, 0x80, 0x0, 0x0,
    0x0, 0xc, 0xf6, 0x0, 0x6, 0xfe, 0x0, 0x0,
    0x0, 0x2, 0xff, 0x10, 0x0, 0xf, 0xf5, 0x0,
    0x0, 0x0, 0x8f, 0xeb, 0xbb, 0xbb, 0xef, 0xb0,
    0x0, 0x0, 0xe, 0xff, 0xff, 0xff, 0xff, 0xff,
    0x20, 0x0, 0x4, 0xfe, 0x0, 0x0, 0x0, 0xd,
    0xf8, 0x0, 0x0, 0xaf, 0x80, 0x0, 0x0, 0x0,
    0x7f, 0xe0, 0x0, 0x1f, 0xf2, 0x0, 0x0, 0x0,
    0x1, 0xff, 0x50, 0x7, 0xfd, 0x0, 0x0, 0x0,
    0x0, 0xa, 0xfc, 0x0, 0xdf, 0x70, 0x0, 0x0,
    0x0, 0x0, 0x4f, 0xf2,

    /* U+01FB "ǻ" */
    0x0, 0x0, 0x0, 0x1, 0x10, 0x0, 0x0, 0x0,
    0x0, 0xaf, 0xc0, 0x0, 0x0, 0x0, 0x2, 0xfe,
    0x10, 0x0, 0x0, 0x0, 0x9, 0xf3, 0x0, 0x0,
    0x0, 0x0, 0x0, 0x0, 0x0, 0x0, 0x0, 0x0,
    0xa, 0xc8, 0x0, 0x0, 0x0, 0x0, 0x86, 0x9,
    0x40, 0x0, 0x0, 0x0, 0x86, 0x9, 0x40, 0x0,
    0x0, 0x0, 0xa, 0xc8, 0x0, 0x0, 0x0, 0x0,
    0x0, 0x0, 0x0, 0x0, 0x0, 0x5, 0xbe, 0xff,
    0xd7, 0x0, 0x0, 0xbf, 0xfb, 0xac, 0xff, 0x90,
    0x7, 0xfc, 0x0, 0x0, 0x4f, 0xf0, 0x6, 0xb4,
    0x0, 0x0, 0xd, 0xf2, 0x0, 0x0, 0x0, 0x2,
    0x5e, 0xf3, 0x0, 0x17, 0xbd, 0xff, 0xff, 0xf3,
    0x3, 0xef, 0xfb, 0x96, 0x2c, 0xf3, 0xd, 0xf8,
    0x0, 0x0, 0xe, 0xf3, 0x1f, 0xf1, 0x0, 0x0,
    0x2f, 0xf3, 0xf, 0xf5, 0x0, 0x2, 0xcf, 0xf4,
    0x8, 0xff, 0xb9, 0xbf, 0xdc, 0xf5, 0x0, 0x6c,
    0xff, 0xc6, 0x6, 0xfa,

    /* U+01FC "Ǽ" */
    0x0, 0x0, 0x0, 0x0, 0x0, 0x0, 0x0, 0x11,
    0x10, 0x0, 0x0, 0x0, 0x0, 0x0, 0x0, 0x0,
    0x0, 0x1, 0xff, 0x60, 0x0, 0x0, 0x0, 0x0,
    0x0, 0x0, 0x0, 0x0, 0x8, 0xf9, 0x0, 0x0,
    0x0, 0x0, 0x0, 0x0, 0x0, 0x0, 0x0, 0x1f,
    0xc0, 0x0, 0x0, 0x0, 0x0, 0x0, 0x0, 0x0,
    0x0, 0x0, 0x0, 0x0, 0x0, 0x0, 0x0, 0x0,
    0x0, 0x0, 0x5, 0xff, 0xff, 0xff, 0xff, 0xff,
    0xff, 0xf7, 0x0, 0x0, 0x0, 0xc, 0xff, 0xef,
    0xfe, 0xee, 0xee, 0xee, 0xe6, 0x0, 0x0, 0x0,
    0x4f, 0xf1, 0xf, 0xf2, 0x0, 0x0, 0x0, 0x0,
    0x0, 0x0, 0x0, 0xcf, 0x70, 0xf, 0xf2, 0x0,
    0x0, 0x0, 0x0, 0x0, 0x0, 0x4, 0xfe, 0x0,
    0xf, 0xf2, 0x0, 0x0, 0x0, 0x0, 0x0, 0x0,
    0xc, 0xf7, 0x0, 0xf, 0xf2, 0x0, 0x0, 0x0,
    0x0, 0x0, 0x0, 0x4f, 0xe0, 0x0, 0xf, 0xf2,
    0x0, 0x0, 0x0, 0x0, 0x0, 0x0, 0xcf, 0x60,
    0x0, 0xf, 0xff, 0xff, 0xff, 0xff, 0xd0, 0x0,
    0x4, 0xfd, 0x0, 0x0, 0xf, 0xfe, 0xee, 0xee,
    0xee, 0xc0, 0x0, 0xc, 0xff, 0xee, 0xee, 0xef,
    0xf2, 0x0, 0x0, 0x0, 0x0, 0x0, 0x4f, 0xff,
    0xff, 0xff, 0xff, 0xf2, 0x0, 0x0, 0x0, 0x0,
    0x0, 0xcf, 0x60, 0x0, 0x0, 0xf, 0xf2, 0x0,
    0x0, 0x0, 0x0, 0x4, 0xfe, 0x0, 0x0, 0x0,
    0xf, 0xf2, 0x0, 0x0, 0x0, 0x0, 0xc, 0xf7,
    0x0, 0x0, 0x0, 0xf, 0xf2, 0x0, 0x0, 0x0,
    0x0, 0x4f, 0xf1, 0x0, 0x0, 0x0, 0xf, 0xfe,
    0xee, 0xee, 0xee, 0xea, 0xcf, 0x90, 0x0, 0x0,
    0x0, 0xf, 0xff, 0xff, 0xff, 0xff, 0xfb,

    /* U+01FD "ǽ" */
    0x0, 0x0, 0x0, 0x0, 0x2, 0xff, 0x50, 0x0,
    0x0, 0x0, 0x0, 0x0, 0x0, 0x0, 0xa, 0xf8,
    0x0, 0x0, 0x0, 0x0, 0x0, 0x0, 0x0, 0x0,
    0x2f, 0xb0, 0x0, 0x0, 0x0, 0x0, 0x0, 0x0,
    0x0, 0x0, 0x1, 0x0, 0x0, 0x0, 0x0, 0x0,
    0x0, 0x6, 0xce, 0xfe, 0xb4, 0x4, 0xbe, 0xfd,
    0x80, 0x0, 0x0, 0xbf, 0xeb, 0xac, 0xff, 0xaf,
    0xfc, 0xad, 0xfd, 0x10, 0x6, 0xfb, 0x0, 0x0,
    0x8f, 0xfe, 0x20, 0x0, 0x9f, 0xa0, 0x8, 0xd3,
    0x0, 0x0, 0x2f, 0xf5, 0x0, 0x0, 0xe, 0xf1,
    0x0, 0x0, 0x0, 0x1, 0x5f, 0xf0, 0x0, 0x0,
    0xa, 0xf5, 0x0, 0x6, 0x9c, 0xef, 0xff, 0xff,
    0xff, 0xff, 0xff, 0xf7, 0x3, 0xef, 0xfd, 0xa7,
    0x5f, 0xfa, 0xaa, 0xaa, 0xaa, 0xa5, 0xe, 0xf8,
    0x0, 0x0, 0x2f, 0xf0, 0x0, 0x0, 0x0, 0x0,
    0x2f, 0xf0, 0x0, 0x0, 0x6f, 0xf3, 0x0, 0x0,
    0xc, 0xd4, 0x1f, 0xf4, 0x0, 0x4, 0xef, 0xfd,
    0x20, 0x0, 0x7f, 0xe0, 0x9, 0xff, 0xca, 0xdf,
    0xd2, 0x8f, 0xfc, 0xbd, 0xff, 0x30, 0x0, 0x6c,
    0xff, 0xc6, 0x0, 0x4, 0xbe, 0xfd, 0x92, 0x0,

    /* U+01FE "Ǿ" */
    0x0, 0x0, 0x0, 0x0, 0x1f, 0xf6, 0x0, 0x0,
    0x0, 0x0, 0x0, 0x0, 0x0, 0x8f, 0x90, 0x0,
    0x0, 0x0, 0x0, 0x0, 0x0, 0x1, 0xfc, 0x0,
    0x0, 0x0, 0x0, 0x0, 0x0, 0x0, 0x0, 0x10,
    0x0, 0x0, 0x0, 0x0, 0x0, 0x0, 0x0, 0x0,
    0x0, 0x0, 0x0, 0x4, 0x40, 0x0, 0x0, 0x4,
    0xad, 0xff, 0xd9, 0x30, 0x1e, 0xc0, 0x0, 0x1,
    0xcf, 0xff, 0xdd, 0xff, 0xf9, 0xce, 0x20, 0x0,
    0x1e, 0xfd, 0x50, 0x0, 0x6, 0xef, 0xf5, 0x0,
    0x0, 0xbf, 0xc1, 0x0, 0x0, 0x0, 0xaf, 0xf9,
    0x0, 0x3, 0xff, 0x20, 0x0, 0x0, 0x9, 0xf9,
    0xff, 0x20, 0x9, 0xfb, 0x0, 0x0, 0x0, 0x8f,
    0x60, 0xdf, 0x70, 0xc, 0xf7, 0x0, 0x0, 0x8,
    0xf7, 0x0, 0x9f, 0xb0, 0xe, 0xf5, 0x0, 0x0,
    0x7f, 0x70, 0x0, 0x7f, 0xc0, 0xe, 0xf5, 0x0,
    0x6, 0xf8, 0x0, 0x0, 0x7f, 0xc0, 0xc, 0xf7,
    0x0, 0x6f, 0x90, 0x0, 0x0, 0x8f, 0xb0, 0x8,
    0xfb, 0x5, 0xf9, 0x0, 0x0, 0x0, 0xcf, 0x70,
    0x2, 0xff, 0x7f, 0xa0, 0x0, 0x0, 0x4, 0xff,
    0x20, 0x0, 0x9f, 0xfa, 0x0, 0x0, 0x0, 0x1e,
    0xfa, 0x0, 0x0, 0x5f, 0xfe, 0x60, 0x0, 0x6,
    0xef, 0xd0, 0x0, 0x3, 0xfb, 0xaf, 0xff, 0xee,
    0xff, 0xfa, 0x0, 0x0, 0xc, 0xc0, 0x3, 0x9d,
    0xff, 0xd9, 0x30, 0x0, 0x0, 0x1, 0x10, 0x0,
    0x0, 0x0, 0x0, 0x0, 0x0, 0x0,

    /* U+01FF "ǿ" */
    0x0, 0x0, 0x0, 0xef, 0x80, 0x0, 0x0, 0x0,
    0x7, 0xfb, 0x0, 0x0, 0x0, 0x0, 0xe, 0xd1,
    0x0, 0x0, 0x0, 0x0, 0x1, 0x0, 0x0, 0x10,
    0x0, 0x7, 0xcf, 0xec, 0x65, 0xf3, 0x1, 0xcf,
    0xfb, 0xbe, 0xff, 0x90, 0xb, 0xfc, 0x10, 0x1,
    0xff, 0xc0, 0x2f, 0xf1, 0x0, 0xb, 0xee, 0xf3,
    0x6f, 0xa0, 0x0, 0x8f, 0x39, 0xf7, 0x8f, 0x80,
    0x5, 0xf5, 0x7, 0xf9, 0x8f, 0x90, 0x2f, 0x80,
    0x7, 0xf9, 0x6f, 0xb1, 0xdb, 0x0, 0x9, 0xf7,
    0x2f, 0xfc, 0xd1, 0x0, 0xe, 0xf3, 0xa, 0xff,
    0x40, 0x0, 0xbf, 0xc0, 0x6, 0xff, 0xfb, 0xbe,
    0xfd, 0x10, 0x2f, 0x96, 0xce, 0xfc, 0x70, 0x0,
    0x5, 0x0, 0x0, 0x0, 0x0, 0x0,

    /* U+0200 "Ȁ" */
    0x0, 0x0, 0x11, 0x0, 0x11, 0x0, 0x0, 0x0,
    0x0, 0x0, 0xa, 0xfd, 0xc, 0xf9, 0x0, 0x0,
    0x0, 0x0, 0x0, 0xc, 0xf4, 0x1e, 0xf1, 0x0,
    0x0, 0x0, 0x0, 0x0, 0x1e, 0xc0, 0x4f, 0x90,
    0x0, 0x0, 0x0, 0x0, 0x0, 0x0, 0x0, 0x0,
    0x0, 0x0, 0x0, 0x0, 0x0, 0x0, 0xef, 0xd0,
    0x0, 0x0, 0x0, 0x0, 0x0, 0x0, 0x4f, 0xff,
    0x40, 0x0, 0x0, 0x0, 0x0, 0x0, 0xb, 0xf7,
    0xfb, 0x0, 0x0, 0x0, 0x0, 0x0, 0x1, 0xfd,
    0xf, 0xf1, 0x0, 0x0, 0x0, 0x0, 0x0, 0x7f,
    0x90, 0x9f, 0x80, 0x0, 0x0, 0x0, 0x0, 0xd,
    0xf3, 0x3, 0xfe, 0x0, 0x0, 0x0, 0x0, 0x4,
    0xfd, 0x0, 0xc, 0xf5, 0x0, 0x0, 0x0, 0x0,
    0xaf, 0x60, 0x0, 0x6f, 0xc0, 0x0, 0x0, 0x0,
    0x1f, 0xf1, 0x0, 0x0, 0xff, 0x30, 0x0, 0x0,
    0x7, 0xfe, 0xbb, 0xbb, 0xbe, 0xfa, 0x0, 0x0,
    0x0, 0xdf, 0xff, 0xff, 0xff, 0xff, 0xf1, 0x0,
    0x0, 0x3f, 0xe0, 0x0, 0x0, 0x0, 0xdf, 0x70,
    0x0, 0xa, 0xf8, 0x0, 0x0, 0x0, 0x7, 0xfe,
    0x0, 0x1, 0xff, 0x20, 0x0, 0x0, 0x0, 0x1f,
    0xf4, 0x0, 0x6f, 0xd0, 0x0, 0x0, 0x0, 0x0,
    0xaf, 0xb0, 0xd, 0xf7, 0x0, 0x0, 0x0, 0x0,
    0x4, 0xff, 0x20,

    /* U+0201 "ȁ" */
    0x0, 0x9f, 0xd0, 0xcf, 0xa0, 0x0, 0x0, 0xc,
    0xf5, 0x1e, 0xf2, 0x0, 0x0, 0x1, 0xed, 0x4,
    0xfa, 0x0, 0x0, 0x0, 0x11, 0x0, 0x11, 0x0,
    0x0, 0x5, 0xbe, 0xff, 0xd7, 0x0, 0x0, 0xbf,
    0xfb, 0xac, 0xff, 0x90, 0x7, 0xfc, 0x0, 0x0,
    0x4f, 0xf0, 0x6, 0xb4, 0x0, 0x0, 0xd, 0xf2,
    0x0, 0x0, 0x0, 0x2, 0x5e, 0xf3, 0x0, 0x17,
    0xbd, 0xff, 0xff, 0xf3, 0x3, 0xef, 0xfb, 0x96,
    0x2c, 0xf3, 0xd, 0xf8, 0x0, 0x0, 0xe, 0xf3,
    0x1f, 0xf1, 0x0, 0x0, 0x2f, 0xf3, 0xf, 0xf5,
    0x0, 0x2, 0xcf, 0xf4, 0x8, 0xff, 0xb9, 0xbf,
    0xdc, 0xf5, 0x0, 0x6c, 0xff, 0xc6, 0x6, 0xfa,

    /* U+0202 "Ȃ" */
    0x0, 0x0, 0x0, 0x0, 0x0, 0x0, 0x0, 0x0,
    0x0, 0x0, 0x0, 0x7, 0xef, 0xe7, 0x0, 0x0,
    0x0, 0x0, 0x0, 0x5, 0xf8, 0x58, 0xf6, 0x0,
    0x0, 0x0, 0x0, 0x0, 0x9a, 0x0, 0xa, 0xa0,
    0x0, 0x0, 0x0, 0x0, 0x0, 0x0, 0x0, 0x0,
    0x0, 0x0, 0x0, 0x0, 0x0, 0x0, 0xef, 0xd0,
    0x0, 0x0, 0x0, 0x0, 0x0, 0x0, 0x4f, 0xff,
    0x40, 0x0, 0x0, 0x0, 0x0, 0x0, 0xb, 0xf7,
    0xfb, 0x0, 0x0, 0x0, 0x0, 0x0, 0x1, 0xfd,
    0xf, 0xf1, 0x0, 0x0, 0x0, 0x0, 0x0, 0x7f,
    0x90, 0x9f, 0x80, 0x0, 0x0, 0x0, 0x0, 0xd,
    0xf3, 0x3, 0xfe, 0x0, 0x0, 0x0, 0x0, 0x4,
    0xfd, 0x0, 0xc, 0xf5, 0x0, 0x0, 0x0, 0x0,
    0xaf, 0x60, 0x0, 0x6f, 0xc0, 0x0, 0x0, 0x0,
    0x1f, 0xf1, 0x0, 0x0, 0xff, 0x30, 0x0, 0x0,
    0x7, 0xfe, 0xbb, 0xbb, 0xbe, 0xfa, 0x0, 0x0,
    0x0, 0xdf, 0xff, 0xff, 0xff, 0xff, 0xf1, 0x0,
    0x0, 0x3f, 0xe0, 0x0, 0x0, 0x0, 0xdf, 0x70,
    0x0, 0xa, 0xf8, 0x0, 0x0, 0x0, 0x7, 0xfe,
    0x0, 0x1, 0xff, 0x20, 0x0, 0x0, 0x0, 0x1f,
    0xf4, 0x0, 0x6f, 0xd0, 0x0, 0x0, 0x0, 0x0,
    0xaf, 0xb0, 0xd, 0xf7, 0x0, 0x0, 0x0, 0x0,
    0x4, 0xff, 0x20,

    /* U+0203 "ȃ" */
    0x0, 0x0, 0x5d, 0xfd, 0x70, 0x0, 0x0, 0x4,
    0xfa, 0x69, 0xf8, 0x0, 0x0, 0x6, 0x80, 0x0,
    0x69, 0x0, 0x0, 0x0, 0x0, 0x0, 0x0, 0x0,
    0x0, 0x5, 0xbe, 0xff, 0xd7, 0x0, 0x0, 0xbf,
    0xfb, 0xac, 0xff, 0x90, 0x7, 0xfc, 0x0, 0x0,
    0x4f, 0xf0, 0x6, 0xb4, 0x0, 0x0, 0xd, 0xf2,
    0x0, 0x0, 0x0, 0x2, 0x5e, 0xf3, 0x0, 0x17,
    0xbd, 0xff, 0xff, 0xf3, 0x3, 0xef, 0xfb, 0x96,
    0x2c, 0xf3, 0xd, 0xf8, 0x0, 0x0, 0xe, 0xf3,
    0x1f, 0xf1, 0x0, 0x0, 0x2f, 0xf3, 0xf, 0xf5,
    0x0, 0x2, 0xcf, 0xf4, 0x8, 0xff, 0xb9, 0xbf,
    0xdc, 0xf5, 0x0, 0x6c, 0xff, 0xc6, 0x6, 0xfa,

    /* U+0204 "Ȅ" */
    0x0, 0x11, 0x10, 0x11, 0x10, 0x0, 0x0, 0x0,
    0x4f, 0xf2, 0x7f, 0xe0, 0x0, 0x0, 0x0, 0x7,
    0xfa, 0xa, 0xf7, 0x0, 0x0, 0x0, 0x0, 0xaf,
    0x20, 0xde, 0x0, 0x0, 0x0, 0x0, 0x0, 0x0,
    0x0, 0x0, 0x0, 0x3f, 0xff, 0xff, 0xff, 0xff,
    0xff, 0xb0, 0x3f, 0xfe, 0xee, 0xee, 0xee, 0xee,
    0xa0, 0x3f, 0xf0, 0x0, 0x0, 0x0, 0x0, 0x0,
    0x3f, 0xf0, 0x0, 0x0, 0x0, 0x0, 0x0, 0x3f,
    0xf0, 0x0, 0x0, 0x0, 0x0, 0x0, 0x3f, 0xf0,
    0x0, 0x0, 0x0, 0x0, 0x0, 0x3f, 0xf0, 0x0,
    0x0, 0x0, 0x0, 0x0, 0x3f, 0xff, 0xff, 0xff,
    0xff, 0xff, 0x10, 0x3f, 0xfe, 0xee, 0xee, 0xee,
    0xee, 0x10, 0x3f, 0xf0, 0x0, 0x0, 0x0, 0x0,
    0x0, 0x3f, 0xf0, 0x0, 0x0, 0x0, 0x0, 0x0,
    0x3f, 0xf0, 0x0, 0x0, 0x0, 0x0, 0x0, 0x3f,
    0xf0, 0x0, 0x0, 0x0, 0x0, 0x0, 0x3f, 0xf0,
    0x0, 0x0, 0x0, 0x0, 0x0, 0x3f, 0xfe, 0xee,
    0xee, 0xee, 0xee, 0xe1, 0x3f, 0xff, 0xff, 0xff,
    0xff, 0xff, 0xf1,

    /* U+0205 "ȅ" */
    0x0, 0x9f, 0xd0, 0xcf, 0xa0, 0x0, 0x0, 0xc,
    0xf5, 0x1e, 0xf2, 0x0, 0x0, 0x1, 0xed, 0x4,
    0xfa, 0x0, 0x0, 0x0, 0x11, 0x0, 0x11, 0x0,
    0x0, 0x3, 0xae, 0xfe, 0x92, 0x0, 0x0, 0x6f,
    0xfd, 0xad, 0xff, 0x40, 0x3, 0xff, 0x50, 0x0,
    0x5f, 0xe1, 0xa, 0xf8, 0x0, 0x0, 0x8, 0xf7,
    0xe, 0xf3, 0x0, 0x0, 0x4, 0xfb, 0xf, 0xff,
    0xff, 0xff, 0xff, 0xfd, 0x1f, 0xfa, 0xaa, 0xaa,
    0xaa, 0xa8, 0xf, 0xf2, 0x0, 0x0, 0x0, 0x0,
    0xb, 0xf8, 0x0, 0x0, 0x6, 0xc7, 0x4, 0xff,
    0x50, 0x0, 0x3f, 0xf4, 0x0, 0x7f, 0xfd, 0xac,
    0xff, 0x80, 0x0, 0x3, 0xae, 0xfe, 0xb4, 0x0,

    /* U+0206 "Ȇ" */
    0x0, 0x0, 0x0, 0x0, 0x0, 0x0, 0x0, 0x0,
    0x0, 0x1b, 0xff, 0xc3, 0x0, 0x0, 0x0, 0x0,
    0xcd, 0x65, 0xce, 0x0, 0x0, 0x0, 0x1, 0xe4,
    0x0, 0x1e, 0x40, 0x0, 0x0, 0x0, 0x0, 0x0,
    0x0, 0x0, 0x0, 0x3f, 0xff, 0xff, 0xff, 0xff,
    0xff, 0xb0, 0x3f, 0xfe, 0xee, 0xee, 0xee, 0xee,
    0xa0, 0x3f, 0xf0, 0x0, 0x0, 0x0, 0x0, 0x0,
    0x3f, 0xf0, 0x0, 0x0, 0x0, 0x0, 0x0, 0x3f,
    0xf0, 0x0, 0x0, 0x0, 0x0, 0x0, 0x3f, 0xf0,
    0x0, 0x0, 0x0, 0x0, 0x0, 0x3f, 0xf0, 0x0,
    0x0, 0x0, 0x0, 0x0, 0x3f, 0xff, 0xff, 0xff,
    0xff, 0xff, 0x10, 0x3f, 0xfe, 0xee, 0xee, 0xee,
    0xee, 0x10, 0x3f, 0xf0, 0x0, 0x0, 0x0, 0x0,
    0x0, 0x3f, 0xf0, 0x0, 0x0, 0x0, 0x0, 0x0,
    0x3f, 0xf0, 0x0, 0x0, 0x0, 0x0, 0x0, 0x3f,
    0xf0, 0x0, 0x0, 0x0, 0x0, 0x0, 0x3f, 0xf0,
    0x0, 0x0, 0x0, 0x0, 0x0, 0x3f, 0xfe, 0xee,
    0xee, 0xee, 0xee, 0xe1, 0x3f, 0xff, 0xff, 0xff,
    0xff, 0xff, 0xf1,

    /* U+0207 "ȇ" */
    0x0, 0x0, 0x7d, 0xfd, 0x50, 0x0, 0x0, 0x8,
    0xf8, 0x6a, 0xf4, 0x0, 0x0, 0x9, 0x60, 0x0,
    0x96, 0x0, 0x0, 0x0, 0x0, 0x0, 0x0, 0x0,
    0x0, 0x3, 0xae, 0xfe, 0x92, 0x0, 0x0, 0x6f,
    0xfd, 0xad, 0xff, 0x40, 0x3, 0xff, 0x50, 0x0,
    0x5f, 0xe1, 0xa, 0xf8, 0x0, 0x0, 0x8, 0xf7,
    0xe, 0xf3, 0x0, 0x0, 0x4, 0xfb, 0xf, 0xff,
    0xff, 0xff, 0xff, 0xfd, 0x1f, 0xfa, 0xaa, 0xaa,
    0xaa, 0xa8, 0xf, 0xf2, 0x0, 0x0, 0x0, 0x0,
    0xb, 0xf8, 0x0, 0x0, 0x6, 0xc7, 0x4, 0xff,
    0x50, 0x0, 0x3f, 0xf4, 0x0, 0x7f, 0xfd, 0xac,
    0xff, 0x80, 0x0, 0x3, 0xae, 0xfe, 0xb4, 0x0,

    /* U+0208 "Ȉ" */
    0x1, 0x10, 0x1, 0x10, 0x0, 0xcf, 0xa1, 0xef,
    0x70, 0x1, 0xef, 0x23, 0xfe, 0x0, 0x3, 0xfa,
    0x6, 0xf7, 0x0, 0x0, 0x0, 0x0, 0x0, 0x0,
    0xe, 0xf4, 0x0, 0x0, 0x0, 0xef, 0x40, 0x0,
    0x0, 0xe, 0xf4, 0x0, 0x0, 0x0, 0xef, 0x40,
    0x0, 0x0, 0xe, 0xf4, 0x0, 0x0, 0x0, 0xef,
    0x40, 0x0, 0x0, 0xe, 0xf4, 0x0, 0x0, 0x0,
    0xef, 0x40, 0x0, 0x0, 0xe, 0xf4, 0x0, 0x0,
    0x0, 0xef, 0x40, 0x0, 0x0, 0xe, 0xf4, 0x0,
    0x0, 0x0, 0xef, 0x40, 0x0, 0x0, 0xe, 0xf4,
    0x0, 0x0, 0x0, 0xef, 0x40, 0x0, 0x0, 0xe,
    0xf4, 0x0, 0x0, 0x0, 0xef, 0x40, 0x0,

    /* U+0209 "ȉ" */
    0xc, 0xfa, 0x1e, 0xf7, 0x0, 0x1e, 0xf2, 0x3f,
    0xe0, 0x0, 0x3f, 0xa0, 0x6f, 0x70, 0x0, 0x11,
    0x0, 0x11, 0x0, 0x0, 0xdf, 0x30, 0x0, 0x0,
    0xd, 0xf3, 0x0, 0x0, 0x0, 0xdf, 0x30, 0x0,
    0x0, 0xd, 0xf3, 0x0, 0x0, 0x0, 0xdf, 0x30,
    0x0, 0x0, 0xd, 0xf3, 0x0, 0x0, 0x0, 0xdf,
    0x30, 0x0, 0x0, 0xd, 0xf3, 0x0, 0x0, 0x0,
    0xdf, 0x30, 0x0, 0x0, 0xd, 0xf3, 0x0, 0x0,
    0x0, 0xdf, 0x30, 0x0, 0x0, 0xd, 0xf3, 0x0,

    /* U+020A "Ȋ" */
    0x0, 0x0, 0x0, 0x0, 0x0, 0x9f, 0xfd, 0x40,
    0xa, 0xe6, 0x5b, 0xf2, 0xd, 0x60, 0x0, 0xd6,
    0x0, 0x0, 0x0, 0x0, 0x0, 0xe, 0xf4, 0x0,
    0x0, 0xe, 0xf4, 0x0, 0x0, 0xe, 0xf4, 0x0,
    0x0, 0xe, 0xf4, 0x0, 0x0, 0xe, 0xf4, 0x0,
    0x0, 0xe, 0xf4, 0x0, 0x0, 0xe, 0xf4, 0x0,
    0x0, 0xe, 0xf4, 0x0, 0x0, 0xe, 0xf4, 0x0,
    0x0, 0xe, 0xf4, 0x0, 0x0, 0xe, 0xf4, 0x0,
    0x0, 0xe, 0xf4, 0x0, 0x0, 0xe, 0xf4, 0x0,
    0x0, 0xe, 0xf4, 0x0, 0x0, 0xe, 0xf4, 0x0,
    0x0, 0xe, 0xf4, 0x0,

    /* U+020B "ȋ" */
    0x1, 0x9e, 0xfc, 0x30, 0xb, 0xe7, 0x6c, 0xf2,
    0x9, 0x30, 0x0, 0x94, 0x0, 0x0, 0x0, 0x0,
    0x0, 0xd, 0xf3, 0x0, 0x0, 0xd, 0xf3, 0x0,
    0x0, 0xd, 0xf3, 0x0, 0x0, 0xd, 0xf3, 0x0,
    0x0, 0xd, 0xf3, 0x0, 0x0, 0xd, 0xf3, 0x0,
    0x0, 0xd, 0xf3, 0x0, 0x0, 0xd, 0xf3, 0x0,
    0x0, 0xd, 0xf3, 0x0, 0x0, 0xd, 0xf3, 0x0,
    0x0, 0xd, 0xf3, 0x0, 0x0, 0xd, 0xf3, 0x0,

    /* U+020C "Ȍ" */
    0x0, 0x1, 0x11, 0x1, 0x10, 0x0, 0x0, 0x0,
    0x0, 0x7, 0xfe, 0xa, 0xfc, 0x0, 0x0, 0x0,
    0x0, 0x0, 0xaf, 0x70, 0xdf, 0x40, 0x0, 0x0,
    0x0, 0x0, 0xd, 0xe0, 0x2e, 0xb0, 0x0, 0x0,
    0x0, 0x0, 0x0, 0x0, 0x0, 0x0, 0x0, 0x0,
    0x0, 0x0, 0x4a, 0xdf, 0xfd, 0x93, 0x0, 0x0,
    0x0, 0x1c, 0xff, 0xfd, 0xdf, 0xff, 0xa0, 0x0,
    0x1, 0xef, 0xe5, 0x0, 0x0, 0x6e, 0xfc, 0x0,
    0xb, 0xfc, 0x10, 0x0, 0x0, 0x1, 0xef, 0x90,
    0x3f, 0xf2, 0x0, 0x0, 0x0, 0x0, 0x4f, 0xf2,
    0x8f, 0xb0, 0x0, 0x0, 0x0, 0x0, 0xc, 0xf7,
    0xcf, 0x70, 0x0, 0x0, 0x0, 0x0, 0x9, 0xfb,
    0xdf, 0x50, 0x0, 0x0, 0x0, 0x0, 0x7, 0xfc,
    0xef, 0x50, 0x0, 0x0, 0x0, 0x0, 0x7, 0xfc,
    0xcf, 0x70, 0x0, 0x0, 0x0, 0x0, 0x9, 0xfb,
    0x9f, 0xb0, 0x0, 0x0, 0x0, 0x0, 0xd, 0xf7,
    0x3f, 0xf2, 0x0, 0x0, 0x0, 0x0, 0x4f, 0xf2,
    0xb, 0xfd, 0x10, 0x0, 0x0, 0x2, 0xef, 0x90,
    0x1, 0xdf, 0xe5, 0x0, 0x1, 0x6e, 0xfc, 0x0,
    0x0, 0x1b, 0xff, 0xfe, 0xef, 0xff, 0xa0, 0x0,
    0x0, 0x0, 0x4a, 0xdf, 0xfd, 0x93, 0x0, 0x0,

    /* U+020D "ȍ" */
    0x0, 0xdf, 0x92, 0xff, 0x60, 0x0, 0x0, 0x2f,
    0xf1, 0x4f, 0xd0, 0x0, 0x0, 0x4, 0xf8, 0x8,
    0xf5, 0x0, 0x0, 0x0, 0x11, 0x0, 0x11, 0x0,
    0x0, 0x4, 0xbe, 0xfe, 0xa2, 0x0, 0x0, 0x8f,
    0xfc, 0xad, 0xff, 0x50, 0x5, 0xfe, 0x30, 0x0,
    0x6f, 0xf2, 0xc, 0xf5, 0x0, 0x0, 0x9, 0xf9,
    0xf, 0xf0, 0x0, 0x0, 0x3, 0xfd, 0x2f, 0xe0,
    0x0, 0x0, 0x1, 0xff, 0x2f, 0xe0, 0x0, 0x0,
    0x2, 0xfe, 0xf, 0xf0, 0x0, 0x0, 0x4, 0xfd,
    0xc, 0xf6, 0x0, 0x0, 0xa, 0xf9, 0x5, 0xfe,
    0x30, 0x0, 0x5f, 0xf2, 0x0, 0x8f, 0xfc, 0xad,
    0xff, 0x50, 0x0, 0x4, 0xbe, 0xfe, 0x92, 0x0,

    /* U+020E "Ȏ" */
    0x0, 0x0, 0x0, 0x0, 0x0, 0x0, 0x0, 0x0,
    0x0, 0x0, 0x2, 0xbf, 0xfb, 0x10, 0x0, 0x0,
    0x0, 0x0, 0xd, 0xd5, 0x6e, 0xc0, 0x0, 0x0,
    0x0, 0x0, 0x3f, 0x30, 0x4, 0xf2, 0x0, 0x0,
    0x0, 0x0, 0x1, 0x0, 0x0, 0x10, 0x0, 0x0,
    0x0, 0x0, 0x4a, 0xdf, 0xfd, 0x93, 0x0, 0x0,
    0x0, 0x1c, 0xff, 0xfd, 0xdf, 0xff, 0xa0, 0x0,
    0x1, 0xef, 0xe5, 0x0, 0x0, 0x6e, 0xfc, 0x0,
    0xb, 0xfc, 0x10, 0x0, 0x0, 0x1, 0xef, 0x90,
    0x3f, 0xf2, 0x0, 0x0, 0x0, 0x0, 0x4f, 0xf2,
    0x8f, 0xb0, 0x0, 0x0, 0x0, 0x0, 0xc, 0xf7,
    0xcf, 0x70, 0x0, 0x0, 0x0, 0x0, 0x9, 0xfb,
    0xdf, 0x50, 0x0, 0x0, 0x0, 0x0, 0x7, 0xfc,
    0xef, 0x50, 0x0, 0x0, 0x0, 0x0, 0x7, 0xfc,
    0xcf, 0x70, 0x0, 0x0, 0x0, 0x0, 0x9, 0xfb,
    0x9f, 0xb0, 0x0, 0x0, 0x0, 0x0, 0xd, 0xf7,
    0x3f, 0xf2, 0x0, 0x0, 0x0, 0x0, 0x4f, 0xf2,
    0xb, 0xfd, 0x10, 0x0, 0x0, 0x2, 0xef, 0x90,
    0x1, 0xdf, 0xe5, 0x0, 0x1, 0x6e, 0xfc, 0x0,
    0x0, 0x1b, 0xff, 0xfe, 0xef, 0xff, 0xa0, 0x0,
    0x0, 0x0, 0x4a, 0xdf, 0xfd, 0x93, 0x0, 0x0,

    /* U+020F "ȏ" */
    0x0, 0x0, 0x7d, 0xfd, 0x50, 0x0, 0x0, 0x7,
    0xf9, 0x6a, 0xf5, 0x0, 0x0, 0x8, 0x70, 0x0,
    0x87, 0x0, 0x0, 0x0, 0x0, 0x0, 0x0, 0x0,
    0x0, 0x4, 0xbe, 0xfe, 0xa2, 0x0, 0x0, 0x8f,
    0xfc, 0xad, 0xff, 0x50, 0x5, 0xfe, 0x30, 0x0,
    0x6f, 0xf2, 0xc, 0xf5, 0x0, 0x0, 0x9, 0xf9,
    0xf, 0xf0, 0x0, 0x0, 0x3, 0xfd, 0x2f, 0xe0,
    0x0, 0x0, 0x1, 0xff, 0x2f, 0xe0, 0x0, 0x0,
    0x2, 0xfe, 0xf, 0xf0, 0x0, 0x0, 0x4, 0xfd,
    0xc, 0xf6, 0x0, 0x0, 0xa, 0xf9, 0x5, 0xfe,
    0x30, 0x0, 0x5f, 0xf2, 0x0, 0x8f, 0xfc, 0xad,
    0xff, 0x50, 0x0, 0x4, 0xbe, 0xfe, 0x92, 0x0,

    /* U+0210 "Ȑ" */
    0x0, 0x11, 0x10, 0x11, 0x10, 0x0, 0x0, 0x0,
    0x0, 0x6f, 0xf1, 0xaf, 0xd0, 0x0, 0x0, 0x0,
    0x0, 0x9, 0xf8, 0xc, 0xf5, 0x0, 0x0, 0x0,
    0x0, 0x0, 0xcf, 0x11, 0xec, 0x0, 0x0, 0x0,
    0x0, 0x0, 0x0, 0x0, 0x0, 0x0, 0x0, 0x0,
    0x2f, 0xff, 0xff, 0xff, 0xff, 0xd8, 0x0, 0x0,
    0x2f, 0xfc, 0xcc, 0xcc, 0xce, 0xff, 0xd1, 0x0,
    0x2f, 0xf0, 0x0, 0x0, 0x0, 0x4f, 0xf8, 0x0,
    0x2f, 0xf0, 0x0, 0x0, 0x0, 0x7, 0xfe, 0x0,
    0x2f, 0xf0, 0x0, 0x0, 0x0, 0x4, 0xff, 0x0,
    0x2f, 0xf0, 0x0, 0x0, 0x0, 0x8, 0xfd, 0x0,
    0x2f, 0xf0, 0x0, 0x0, 0x2, 0x8f, 0xf6, 0x0,
    0x2f, 0xff, 0xff, 0xff, 0xff, 0xff, 0x80, 0x0,
    0x2f, 0xfe, 0xee, 0xff, 0xfd, 0x71, 0x0, 0x0,
    0x2f, 0xf0, 0x0, 0x5, 0xef, 0x90, 0x0, 0x0,
    0x2f, 0xf0, 0x0, 0x0, 0x2f, 0xf9, 0x0, 0x0,
    0x2f, 0xf0, 0x0, 0x0, 0x5, 0xff, 0x60, 0x0,
    0x2f, 0xf0, 0x0, 0x0, 0x0, 0xaf, 0xf1, 0x0,
    0x2f, 0xf0, 0x0, 0x0, 0x0, 0x1e, 0xfb, 0x0,
    0x2f, 0xf0, 0x0, 0x0, 0x0, 0x5, 0xff, 0x50,
    0x2f, 0xf0, 0x0, 0x0, 0x0, 0x0, 0xbf, 0xe1,

    /* U+0211 "ȑ" */
    0x4f, 0xf3, 0x7f, 0xf0, 0x0, 0x7f, 0xa0, 0xbf,
    0x70, 0x0, 0xaf, 0x20, 0xde, 0x0, 0x0, 0x10,
    0x0, 0x10, 0x8, 0xf5, 0x7e, 0xe8, 0x0, 0x8f,
    0xaf, 0xff, 0xa0, 0x8, 0xff, 0x91, 0x22, 0x0,
    0x8f, 0xe0, 0x0, 0x0, 0x8, 0xfa, 0x0, 0x0,
    0x0, 0x8f, 0x80, 0x0, 0x0, 0x8, 0xf8, 0x0,
    0x0, 0x0, 0x8f, 0x80, 0x0, 0x0, 0x8, 0xf8,
    0x0, 0x0, 0x0, 0x8f, 0x80, 0x0, 0x0, 0x8,
    0xf8, 0x0, 0x0, 0x0, 0x8f, 0x80, 0x0, 0x0,

    /* U+0212 "Ȓ" */
    0x0, 0x0, 0x0, 0x0, 0x0, 0x0, 0x0, 0x0,
    0x0, 0x0, 0x4d, 0xff, 0x90, 0x0, 0x0, 0x0,
    0x0, 0x2, 0xfa, 0x57, 0xf9, 0x0, 0x0, 0x0,
    0x0, 0x6, 0xd0, 0x0, 0x6d, 0x0, 0x0, 0x0,
    0x0, 0x0, 0x0, 0x0, 0x0, 0x0, 0x0, 0x0,
    0x2f, 0xff, 0xff, 0xff, 0xff, 0xd8, 0x0, 0x0,
    0x2f, 0xfc, 0xcc, 0xcc, 0xce, 0xff, 0xd1, 0x0,
    0x2f, 0xf0, 0x0, 0x0, 0x0, 0x4f, 0xf8, 0x0,
    0x2f, 0xf0, 0x0, 0x0, 0x0, 0x7, 0xfe, 0x0,
    0x2f, 0xf0, 0x0, 0x0, 0x0, 0x4, 0xff, 0x0,
    0x2f, 0xf0, 0x0, 0x0, 0x0, 0x8, 0xfd, 0x0,
    0x2f, 0xf0, 0x0, 0x0, 0x2, 0x8f, 0xf6, 0x0,
    0x2f, 0xff, 0xff, 0xff, 0xff, 0xff, 0x80, 0x0,
    0x2f, 0xfe, 0xee, 0xff, 0xfd, 0x71, 0x0, 0x0,
    0x2f, 0xf0, 0x0, 0x5, 0xef, 0x90, 0x0, 0x0,
    0x2f, 0xf0, 0x0, 0x0, 0x2f, 0xf9, 0x0, 0x0,
    0x2f, 0xf0, 0x0, 0x0, 0x5, 0xff, 0x60, 0x0,
    0x2f, 0xf0, 0x0, 0x0, 0x0, 0xaf, 0xf1, 0x0,
    0x2f, 0xf0, 0x0, 0x0, 0x0, 0x1e, 0xfb, 0x0,
    0x2f, 0xf0, 0x0, 0x0, 0x0, 0x5, 0xff, 0x50,
    0x2f, 0xf0, 0x0, 0x0, 0x0, 0x0, 0xbf, 0xe1,

    /* U+0213 "ȓ" */
    0x0, 0x9e, 0xfb, 0x30, 0xb, 0xe7, 0x6c, 0xf2,
    0xa, 0x40, 0x0, 0xa4, 0x0, 0x0, 0x0, 0x0,
    0x8, 0xf5, 0x7e, 0xe8, 0x8, 0xfa, 0xff, 0xfa,
    0x8, 0xff, 0x91, 0x22, 0x8, 0xfe, 0x0, 0x0,
    0x8, 0xfa, 0x0, 0x0, 0x8, 0xf8, 0x0, 0x0,
    0x8, 0xf8, 0x0, 0x0, 0x8, 0xf8, 0x0, 0x0,
    0x8, 0xf8, 0x0, 0x0, 0x8, 0xf8, 0x0, 0x0,
    0x8, 0xf8, 0x0, 0x0, 0x8, 0xf8, 0x0, 0x0,

    /* U+0214 "Ȕ" */
    0x0, 0x1, 0x10, 0x1, 0x10, 0x0, 0x0, 0x0,
    0xb, 0xfb, 0x1e, 0xf8, 0x0, 0x0, 0x0, 0x1,
    0xdf, 0x33, 0xfe, 0x0, 0x0, 0x0, 0x0, 0x3f,
    0xa0, 0x5f, 0x70, 0x0, 0x0, 0x0, 0x0, 0x0,
    0x0, 0x0, 0x0, 0x3f, 0xf0, 0x0, 0x0, 0x0,
    0x6, 0xfc, 0x3f, 0xf0, 0x0, 0x0, 0x0, 0x6,
    0xfc, 0x3f, 0xf0, 0x0, 0x0, 0x0, 0x6, 0xfc,
    0x3f, 0xf0, 0x0, 0x0, 0x0, 0x6, 0xfc, 0x3f,
    0xf0, 0x0, 0x0, 0x0, 0x6, 0xfc, 0x3f, 0xf0,
    0x0, 0x0, 0x0, 0x6, 0xfc, 0x3f, 0xf0, 0x0,
    0x0, 0x0, 0x6, 0xfc, 0x3f, 0xf0, 0x0, 0x0,
    0x0, 0x6, 0xfc, 0x3f, 0xf0, 0x0, 0x0, 0x0,
    0x6, 0xfc, 0x2f, 0xf0, 0x0, 0x0, 0x0, 0x7,
    0xfb, 0x2f, 0xf1, 0x0, 0x0, 0x0, 0x8, 0xfa,
    0xf, 0xf3, 0x0, 0x0, 0x0, 0xa, 0xf9, 0xb,
    0xfb, 0x0, 0x0, 0x0, 0x2f, 0xf4, 0x4, 0xff,
    0xa2, 0x0, 0x15, 0xef, 0xc0, 0x0, 0x7f, 0xff,
    0xff, 0xff, 0xfd, 0x20, 0x0, 0x3, 0x9d, 0xef,
    0xec, 0x60, 0x0,

    /* U+0215 "ȕ" */
    0x9, 0xfd, 0xc, 0xfa, 0x0, 0x0, 0xc, 0xf5,
    0x1e, 0xf2, 0x0, 0x0, 0x1e, 0xd0, 0x4f, 0xa0,
    0x0, 0x0, 0x11, 0x0, 0x11, 0x0, 0x7f, 0x80,
    0x0, 0x0, 0xdf, 0x37, 0xf8, 0x0, 0x0, 0xd,
    0xf3, 0x7f, 0x80, 0x0, 0x0, 0xdf, 0x37, 0xf8,
    0x0, 0x0, 0xd, 0xf3, 0x7f, 0x80, 0x0, 0x0,
    0xdf, 0x37, 0xf8, 0x0, 0x0, 0xd, 0xf3, 0x7f,
    0x80, 0x0, 0x0, 0xdf, 0x37, 0xf8, 0x0, 0x0,
    0xe, 0xf3, 0x6f, 0xa0, 0x0, 0x2, 0xff, 0x33,
    0xff, 0x30, 0x2, 0xcf, 0xf3, 0xb, 0xff, 0xcd,
    0xfd, 0xaf, 0x30, 0x8, 0xdf, 0xe9, 0x9, 0xf3,

    /* U+0216 "Ȗ" */
    0x0, 0x0, 0x0, 0x0, 0x0, 0x0, 0x0, 0x0,
    0x0, 0x9, 0xff, 0xd5, 0x0, 0x0, 0x0, 0x0,
    0x8f, 0x75, 0xaf, 0x30, 0x0, 0x0, 0x0, 0xc7,
    0x0, 0xc, 0x70, 0x0, 0x0, 0x0, 0x0, 0x0,
    0x0, 0x0, 0x0, 0x3f, 0xf0, 0x0, 0x0, 0x0,
    0x6, 0xfc, 0x3f, 0xf0, 0x0, 0x0, 0x0, 0x6,
    0xfc, 0x3f, 0xf0, 0x0, 0x0, 0x0, 0x6, 0xfc,
    0x3f, 0xf0, 0x0, 0x0, 0x0, 0x6, 0xfc, 0x3f,
    0xf0, 0x0, 0x0, 0x0, 0x6, 0xfc, 0x3f, 0xf0,
    0x0, 0x0, 0x0, 0x6, 0xfc, 0x3f, 0xf0, 0x0,
    0x0, 0x0, 0x6, 0xfc, 0x3f, 0xf0, 0x0, 0x0,
    0x0, 0x6, 0xfc, 0x3f, 0xf0, 0x0, 0x0, 0x0,
    0x6, 0xfc, 0x2f, 0xf0, 0x0, 0x0, 0x0, 0x7,
    0xfb, 0x2f, 0xf1, 0x0, 0x0, 0x0, 0x8, 0xfa,
    0xf, 0xf3, 0x0, 0x0, 0x0, 0xa, 0xf9, 0xb,
    0xfb, 0x0, 0x0, 0x0, 0x2f, 0xf4, 0x4, 0xff,
    0xa2, 0x0, 0x15, 0xef, 0xc0, 0x0, 0x7f, 0xff,
    0xff, 0xff, 0xfd, 0x20, 0x0, 0x3, 0x9d, 0xef,
    0xec, 0x60, 0x0,

    /* U+0217 "ȗ" */
    0x0, 0x8, 0xef, 0xc5, 0x0, 0x0, 0x9, 0xf8,
    0x6a, 0xf4, 0x0, 0x0, 0x85, 0x0, 0x8, 0x50,
    0x0, 0x0, 0x0, 0x0, 0x0, 0x0, 0x7f, 0x80,
    0x0, 0x0, 0xdf, 0x37, 0xf8, 0x0, 0x0, 0xd,
    0xf3, 0x7f, 0x80, 0x0, 0x0, 0xdf, 0x37, 0xf8,
    0x0, 0x0, 0xd, 0xf3, 0x7f, 0x80, 0x0, 0x0,
    0xdf, 0x37, 0xf8, 0x0, 0x0, 0xd, 0xf3, 0x7f,
    0x80, 0x0, 0x0, 0xdf, 0x37, 0xf8, 0x0, 0x0,
    0xe, 0xf3, 0x6f, 0xa0, 0x0, 0x2, 0xff, 0x33,
    0xff, 0x30, 0x2, 0xcf, 0xf3, 0xb, 0xff, 0xcd,
    0xfd, 0xaf, 0x30, 0x8, 0xdf, 0xe9, 0x9, 0xf3,

    /* U+0218 "Ș" */
    0x0, 0x7, 0xce, 0xfd, 0xa3, 0x0, 0x0, 0x2e,
    0xff, 0xff, 0xff, 0xf7, 0x0, 0xd, 0xff, 0xb6,
    0x68, 0xef, 0xf6, 0x3, 0xff, 0x90, 0x0, 0x1,
    0xdf, 0xe0, 0x5f, 0xf3, 0x0, 0x0, 0x5, 0xff,
    0x45, 0xff, 0x50, 0x0, 0x0, 0x6, 0x62, 0xf,
    0xfe, 0x61, 0x0, 0x0, 0x0, 0x0, 0x4e, 0xff,
    0xfc, 0x83, 0x0, 0x0, 0x0, 0x18, 0xdf, 0xff,
    0xfd, 0x60, 0x0, 0x0, 0x0, 0x26, 0xbf, 0xff,
    0xa0, 0x0, 0x0, 0x0, 0x0, 0x2b, 0xff, 0x68,
    0xba, 0x0, 0x0, 0x0, 0xe, 0xfb, 0x8f, 0xf2,
    0x0, 0x0, 0x0, 0xcf, 0xc2, 0xff, 0xc0, 0x0,
    0x0, 0x2f, 0xf9, 0x9, 0xff, 0xe8, 0x55, 0x8e,
    0xff, 0x30, 0xa, 0xff, 0xff, 0xff, 0xff, 0x60,
    0x0, 0x4, 0xad, 0xff, 0xd9, 0x20, 0x0, 0x0,
    0x0, 0x0, 0x0, 0x0, 0x0, 0x0, 0x0, 0x3,
    0x55, 0x0, 0x0, 0x0, 0x0, 0x0, 0x9f, 0xf0,
    0x0, 0x0, 0x0, 0x0, 0x9, 0xff, 0x0, 0x0,
    0x0, 0x0, 0x0, 0x1f, 0x80, 0x0, 0x0, 0x0,
    0x0, 0xb, 0xd0, 0x0, 0x0, 0x0,

    /* U+0219 "ș" */
    0x0, 0x6, 0xcf, 0xfe, 0x92, 0x0, 0x0, 0xbf,
    0xff, 0xff, 0xff, 0x30, 0x5, 0xff, 0xa3, 0x25,
    0xef, 0xd0, 0x8, 0xff, 0x0, 0x0, 0x4f, 0xf3,
    0x8, 0xff, 0x20, 0x0, 0x3, 0x31, 0x3, 0xff,
    0xe8, 0x51, 0x0, 0x0, 0x0, 0x4d, 0xff, 0xff,
    0xd7, 0x0, 0x0, 0x0, 0x37, 0xbe, 0xff, 0xb0,
    0x4, 0x42, 0x0, 0x0, 0x8f, 0xf3, 0xe, 0xfc,
    0x0, 0x0, 0x4f, 0xf5, 0x8, 0xff, 0xa3, 0x24,
    0xcf, 0xf2, 0x0, 0xcf, 0xff, 0xff, 0xff, 0x80,
    0x0, 0x6, 0xce, 0xfe, 0xb4, 0x0, 0x0, 0x0,
    0x0, 0x0, 0x0, 0x0, 0x0, 0x0, 0x5, 0x52,
    0x0, 0x0, 0x0, 0x0, 0xf, 0xf9, 0x0, 0x0,
    0x0, 0x0, 0xf, 0xf8, 0x0, 0x0, 0x0, 0x0,
    0x7, 0xf2, 0x0, 0x0, 0x0, 0x0, 0x1f, 0x70,
    0x0, 0x0,

    /* U+021A "Ț" */
    0xbf, 0xff, 0xff, 0xff, 0xff, 0xff, 0xcb, 0xff,
    0xff, 0xff, 0xff, 0xff, 0xfc, 0x46, 0x66, 0x6d,
    0xfd, 0x66, 0x66, 0x40, 0x0, 0x0, 0xbf, 0xc0,
    0x0, 0x0, 0x0, 0x0, 0xb, 0xfc, 0x0, 0x0,
    0x0, 0x0, 0x0, 0xbf, 0xc0, 0x0, 0x0, 0x0,
    0x0, 0xb, 0xfc, 0x0, 0x0, 0x0, 0x0, 0x0,
    0xbf, 0xc0, 0x0, 0x0, 0x0, 0x0, 0xb, 0xfc,
    0x0, 0x0, 0x0, 0x0, 0x0, 0xbf, 0xc0, 0x0,
    0x0, 0x0, 0x0, 0xb, 0xfc, 0x0, 0x0, 0x0,
    0x0, 0x0, 0xbf, 0xc0, 0x0, 0x0, 0x0, 0x0,
    0xb, 0xfc, 0x0, 0x0, 0x0, 0x0, 0x0, 0xbf,
    0xc0, 0x0, 0x0, 0x0, 0x0, 0xb, 0xfc, 0x0,
    0x0, 0x0, 0x0, 0x0, 0xbf, 0xc0, 0x0, 0x0,
    0x0, 0x0, 0xb, 0xfc, 0x0, 0x0, 0x0, 0x0,
    0x0, 0x0, 0x0, 0x0, 0x0, 0x0, 0x0, 0x3,
    0x54, 0x0, 0x0, 0x0, 0x0, 0x0, 0xbf, 0xc0,
    0x0, 0x0, 0x0, 0x0, 0xb, 0xfc, 0x0, 0x0,
    0x0, 0x0, 0x0, 0x3f, 0x50, 0x0, 0x0, 0x0,
    0x0, 0xd, 0xb0, 0x0, 0x0, 0x0,

    /* U+021B "ț" */
    0x0, 0x78, 0x30, 0x0, 0x0, 0xff, 0x70, 0x0,
    0x0, 0xff, 0x70, 0x0, 0xdf, 0xff, 0xff, 0xfb,
    0xdf, 0xff, 0xff, 0xfb, 0x11, 0xff, 0x81, 0x10,
    0x0, 0xff, 0x70, 0x0, 0x0, 0xff, 0x70, 0x0,
    0x0, 0xff, 0x70, 0x0, 0x0, 0xff, 0x70, 0x0,
    0x0, 0xff, 0x70, 0x0, 0x0, 0xff, 0x70, 0x0,
    0x0, 0xff, 0x70, 0x0, 0x0, 0xdf, 0xc2, 0x10,
    0x0, 0x8f, 0xff, 0xfb, 0x0, 0x8, 0xef, 0xfb,
    0x0, 0x0, 0x0, 0x0, 0x0, 0x3, 0x54, 0x0,
    0x0, 0xa, 0xfd, 0x0, 0x0, 0xa, 0xfd, 0x0,
    0x0, 0x2, 0xf6, 0x0, 0x0, 0xc, 0xc0, 0x0,

    /* U+0237 "ȷ" */
    0x0, 0xa, 0xfd, 0x0, 0xa, 0xfd, 0x0, 0xa,
    0xfd, 0x0, 0xa, 0xfd, 0x0, 0xa, 0xfd, 0x0,
    0xa, 0xfd, 0x0, 0xa, 0xfd, 0x0, 0xa, 0xfd,
    0x0, 0xa, 0xfd, 0x0, 0xa, 0xfd, 0x0, 0xa,
    0xfd, 0x0, 0xa, 0xfd, 0x0, 0xa, 0xfd, 0x0,
    0xa, 0xfc, 0x1, 0x2e, 0xfb, 0x1f, 0xff, 0xf7,
    0x1f, 0xfe, 0x80,

    /* U+1E00 "Ḁ" */
    0x0, 0x0, 0x0, 0xe, 0xfd, 0x0, 0x0, 0x0,
    0x0, 0x0, 0x0, 0x4, 0xff, 0xf4, 0x0, 0x0,
    0x0, 0x0, 0x0, 0x0, 0xbf, 0x7f, 0xb0, 0x0,
    0x0, 0x0, 0x0, 0x0, 0x1f, 0xd0, 0xff, 0x10,
    0x0, 0x0, 0x0, 0x0, 0x7, 0xf9, 0x9, 0xf8,
    0x0, 0x0, 0x0, 0x0, 0x0, 0xdf, 0x30, 0x3f,
    0xe0, 0x0, 0x0, 0x0, 0x0, 0x4f, 0xd0, 0x0,
    0xcf, 0x50, 0x0, 0x0, 0x0, 0xa, 0xf6, 0x0,
    0x6, 0xfc, 0x0, 0x0, 0x0, 0x1, 0xff, 0x10,
    0x0, 0xf, 0xf3, 0x0, 0x0, 0x0, 0x7f, 0xeb,
    0xbb, 0xbb, 0xef, 0xa0, 0x0, 0x0, 0xd, 0xff,
    0xff, 0xff, 0xff, 0xff, 0x10, 0x0, 0x3, 0xfe,
    0x0, 0x0, 0x0, 0xd, 0xf7, 0x0, 0x0, 0xaf,
    0x80, 0x0, 0x0, 0x0, 0x7f, 0xe0, 0x0, 0x1f,
    0xf2, 0x0, 0x0, 0x0, 0x1, 0xff, 0x40, 0x6,
    0xfd, 0x0, 0x0, 0x0, 0x0, 0xa, 0xfb, 0x0,
    0xdf, 0x70, 0x0, 0x0, 0x0, 0x0, 0x4f, 0xf2,
    0x0, 0x0, 0x0, 0x0, 0x0, 0x0, 0x0, 0x0,
    0x0, 0x0, 0x0, 0x0, 0x9c, 0x80, 0x0, 0x0,
    0x0, 0x0, 0x0, 0x0, 0x68, 0x8, 0x50, 0x0,
    0x0, 0x0, 0x0, 0x0, 0x7, 0x70, 0x76, 0x0,
    0x0, 0x0, 0x0, 0x0, 0x0, 0xb, 0xda, 0x0,
    0x0, 0x0, 0x0,

    /* U+1E01 "ḁ" */
    0x0, 0x5, 0xbe, 0xff, 0xd7, 0x0, 0x0, 0xbf,
    0xfb, 0xac, 0xff, 0x90, 0x7, 0xfc, 0x0, 0x0,
    0x4f, 0xf0, 0x6, 0xb4, 0x0, 0x0, 0xd, 0xf2,
    0x0, 0x0, 0x0, 0x2, 0x5e, 0xf3, 0x0, 0x17,
    0xbd, 0xff, 0xff, 0xf3, 0x3, 0xef, 0xfb, 0x96,
    0x2c, 0xf3, 0xd, 0xf8, 0x0, 0x0, 0xe, 0xf3,
    0x1f, 0xf1, 0x0, 0x0, 0x2f, 0xf3, 0xf, 0xf5,
    0x0, 0x2, 0xcf, 0xf4, 0x8, 0xff, 0xb9, 0xbf,
    0xdc, 0xf5, 0x0, 0x6c, 0xff, 0xc6, 0x6, 0xfa,
    0x0, 0x0, 0x0, 0x0, 0x0, 0x0, 0x0, 0x0,
    0x4c, 0xb2, 0x0, 0x0, 0x0, 0x0, 0xd0, 0x2c,
    0x0, 0x0, 0x0, 0x0, 0xd0, 0x1c, 0x0, 0x0,
    0x0, 0x0, 0x6d, 0xc3, 0x0, 0x0,

    /* U+1E02 "Ḃ" */
    0x0, 0x0, 0xb, 0xf5, 0x0, 0x0, 0x0, 0x0,
    0x0, 0xb, 0xf5, 0x0, 0x0, 0x0, 0x0, 0x0,
    0x2, 0x41, 0x0, 0x0, 0x0, 0x0, 0x0, 0x0,
    0x0, 0x0, 0x0, 0x0, 0x4f, 0xff, 0xff, 0xff,
    0xda, 0x30, 0x0, 0x4f, 0xfe, 0xee, 0xef, 0xff,
    0xf4, 0x0, 0x4f, 0xe0, 0x0, 0x0, 0x2a, 0xfe,
    0x0, 0x4f, 0xe0, 0x0, 0x0, 0x0, 0xff, 0x40,
    0x4f, 0xe0, 0x0, 0x0, 0x0, 0xdf, 0x40, 0x4f,
    0xe0, 0x0, 0x0, 0x0, 0xff, 0x0, 0x4f, 0xe0,
    0x0, 0x0, 0x3b, 0xf5, 0x0, 0x4f, 0xff, 0xff,
    0xff, 0xff, 0x80, 0x0, 0x4f, 0xfe, 0xee, 0xef,
    0xff, 0xfc, 0x10, 0x4f, 0xe0, 0x0, 0x0, 0x15,
    0xff, 0xa0, 0x4f, 0xe0, 0x0, 0x0, 0x0, 0x5f,
    0xf0, 0x4f, 0xe0, 0x0, 0x0, 0x0, 0x2f, 0xf1,
    0x4f, 0xe0, 0x0, 0x0, 0x0, 0x5f, 0xf0, 0x4f,
    0xe0, 0x0, 0x0, 0x5, 0xef, 0x90, 0x4f, 0xfe,
    0xee, 0xef, 0xff, 0xfc, 0x0, 0x4f, 0xff, 0xff,
    0xff, 0xeb, 0x60, 0x0,

    /* U+1E03 "ḃ" */
    0x0, 0x0, 0x14, 0x30, 0x0, 0x0, 0x0, 0x4,
    0xfc, 0x0, 0x0, 0x0, 0x0, 0x4f, 0xc0, 0x0,
    0x0, 0x0, 0x0, 0x0, 0x0, 0x0, 0x0, 0x0,
    0x0, 0x0, 0x0, 0x7, 0xf9, 0x0, 0x0, 0x0,
    0x0, 0x7f, 0x90, 0x0, 0x0, 0x0, 0x7, 0xf9,
    0x0, 0x0, 0x0, 0x0, 0x7f, 0x90, 0x0, 0x0,
    0x0, 0x7, 0xf9, 0x4c, 0xfe, 0xb3, 0x0, 0x7f,
    0xdf, 0xda, 0xcf, 0xf5, 0x7, 0xff, 0x90, 0x0,
    0x5f, 0xf1, 0x7f, 0xe0, 0x0, 0x0, 0xbf, 0x87,
    0xf9, 0x0, 0x0, 0x5, 0xfc, 0x7f, 0x70, 0x0,
    0x0, 0x3f, 0xd7, 0xf6, 0x0, 0x0, 0x4, 0xfd,
    0x7f, 0x80, 0x0, 0x0, 0x6f, 0xb7, 0xfc, 0x0,
    0x0, 0xc, 0xf7, 0x7f, 0xf9, 0x0, 0x6, 0xfe,
    0x17, 0xfb, 0xfe, 0xac, 0xff, 0x40, 0x7f, 0x64,
    0xcf, 0xea, 0x20, 0x0,

    /* U+1E04 "Ḅ" */
    0x4f, 0xff, 0xff, 0xff, 0xda, 0x30, 0x0, 0x4f,
    0xfe, 0xee, 0xef, 0xff, 0xf4, 0x0, 0x4f, 0xe0,
    0x0, 0x0, 0x2a, 0xfe, 0x0, 0x4f, 0xe0, 0x0,
    0x0, 0x0, 0xff, 0x40, 0x4f, 0xe0, 0x0, 0x0,
    0x0, 0xdf, 0x40, 0x4f, 0xe0, 0x0, 0x0, 0x0,
    0xff, 0x0, 0x4f, 0xe0, 0x0, 0x0, 0x3b, 0xf5,
    0x0, 0x4f, 0xff, 0xff, 0xff, 0xff, 0x80, 0x0,
    0x4f, 0xfe, 0xee, 0xef, 0xff, 0xfc, 0x10, 0x4f,
    0xe0, 0x0, 0x0, 0x15, 0xff, 0xa0, 0x4f, 0xe0,
    0x0, 0x0, 0x0, 0x5f, 0xf0, 0x4f, 0xe0, 0x0,
    0x0, 0x0, 0x2f, 0xf1, 0x4f, 0xe0, 0x0, 0x0,
    0x0, 0x5f, 0xf0, 0x4f, 0xe0, 0x0, 0x0, 0x5,
    0xef, 0x90, 0x4f, 0xfe, 0xee, 0xef, 0xff, 0xfc,
    0x0, 0x4f, 0xff, 0xff, 0xff, 0xeb, 0x60, 0x0,
    0x0, 0x0, 0x0, 0x0, 0x0, 0x0, 0x0, 0x0,
    0x0, 0x0, 0x0, 0x0, 0x0, 0x0, 0x0, 0x0,
    0x3, 0x41, 0x0, 0x0, 0x0, 0x0, 0x0, 0xc,
    0xf4, 0x0, 0x0, 0x0, 0x0, 0x0, 0xc, 0xf4,
    0x0, 0x0, 0x0,

    /* U+1E05 "ḅ" */
    0x7f, 0x90, 0x0, 0x0, 0x0, 0x7, 0xf9, 0x0,
    0x0, 0x0, 0x0, 0x7f, 0x90, 0x0, 0x0, 0x0,
    0x7, 0xf9, 0x0, 0x0, 0x0, 0x0, 0x7f, 0x94,
    0xcf, 0xeb, 0x30, 0x7, 0xfd, 0xfd, 0xac, 0xff,
    0x50, 0x7f, 0xf9, 0x0, 0x5, 0xff, 0x17, 0xfe,
    0x0, 0x0, 0xb, 0xf8, 0x7f, 0x90, 0x0, 0x0,
    0x5f, 0xc7, 0xf7, 0x0, 0x0, 0x3, 0xfd, 0x7f,
    0x60, 0x0, 0x0, 0x4f, 0xd7, 0xf8, 0x0, 0x0,
    0x6, 0xfb, 0x7f, 0xc0, 0x0, 0x0, 0xcf, 0x77,
    0xff, 0x90, 0x0, 0x6f, 0xe1, 0x7f, 0xbf, 0xea,
    0xcf, 0xf4, 0x7, 0xf6, 0x4c, 0xfe, 0xa2, 0x0,
    0x0, 0x0, 0x0, 0x0, 0x0, 0x0, 0x0, 0x0,
    0x0, 0x0, 0x0, 0x0, 0x0, 0x24, 0x10, 0x0,
    0x0, 0x0, 0x9, 0xf7, 0x0, 0x0, 0x0, 0x0,
    0x9f, 0x70, 0x0, 0x0,

    /* U+1E06 "Ḇ" */
    0x4f, 0xff, 0xff, 0xff, 0xda, 0x30, 0x0, 0x4f,
    0xfe, 0xee, 0xef, 0xff, 0xf4, 0x0, 0x4f, 0xe0,
    0x0, 0x0, 0x2a, 0xfe, 0x0, 0x4f, 0xe0, 0x0,
    0x0, 0x0, 0xff, 0x40, 0x4f, 0xe0, 0x0, 0x0,
    0x0, 0xdf, 0x40, 0x4f, 0xe0, 0x0, 0x0, 0x0,
    0xff, 0x0, 0x4f, 0xe0, 0x0, 0x0, 0x2a, 0xf5,
    0x0, 0x4f, 0xfe, 0xee, 0xef, 0xff, 0x80, 0x0,
    0x4f, 0xff, 0xff, 0xff, 0xff, 0xfc, 0x10, 0x4f,
    0xe0, 0x0, 0x0, 0x26, 0xff, 0xa0, 0x4f, 0xe0,
    0x0, 0x0, 0x0, 0x6f, 0xf0, 0x4f, 0xe0, 0x0,
    0x0, 0x0, 0x2f, 0xf1, 0x4f, 0xe0, 0x0, 0x0,
    0x0, 0x5f, 0xf0, 0x4f, 0xe0, 0x0, 0x0, 0x5,
    0xef, 0x90, 0x4f, 0xfe, 0xee, 0xef, 0xff, 0xfc,
    0x0, 0x4f, 0xff, 0xff, 0xff, 0xeb, 0x60, 0x0,
    0x0, 0x0, 0x0, 0x0, 0x0, 0x0, 0x0, 0x0,
    0x0, 0x0, 0x0, 0x0, 0x0, 0x0, 0x0, 0x0,
    0x0, 0x0, 0x0, 0x0, 0x0, 0x0, 0x6a, 0xaa,
    0xaa, 0xa4, 0x0, 0x0, 0x0, 0x9f, 0xff, 0xff,
    0xf7, 0x0, 0x0,

    /* U+1E07 "ḇ" */
    0x7f, 0x90, 0x0, 0x0, 0x0, 0x7, 0xf9, 0x0,
    0x0, 0x0, 0x0, 0x7f, 0x90, 0x0, 0x0, 0x0,
    0x7, 0xf9, 0x0, 0x0, 0x0, 0x0, 0x7f, 0x94,
    0xcf, 0xeb, 0x30, 0x7, 0xfd, 0xfd, 0xac, 0xff,
    0x50, 0x7f, 0xf9, 0x0, 0x5, 0xff, 0x17, 0xfe,
    0x0, 0x0, 0xb, 0xf8, 0x7f, 0x90, 0x0, 0x0,
    0x5f, 0xc7, 0xf7, 0x0, 0x0, 0x3, 0xfd, 0x7f,
    0x60, 0x0, 0x0, 0x4f, 0xd7, 0xf8, 0x0, 0x0,
    0x6, 0xfb, 0x7f, 0xc0, 0x0, 0x0, 0xcf, 0x77,
    0xff, 0x90, 0x0, 0x6f, 0xe1, 0x7f, 0xbf, 0xea,
    0xcf, 0xf4, 0x7, 0xf6, 0x4c, 0xfe, 0xa2, 0x0,
    0x0, 0x0, 0x0, 0x0, 0x0, 0x0, 0x0, 0x0,
    0x0, 0x0, 0x0, 0x0, 0x0, 0x0, 0x0, 0x0,
    0x0, 0x4a, 0xaa, 0xaa, 0xa6, 0x0, 0x6, 0xff,
    0xff, 0xff, 0xa0, 0x0,

    /* U+1E08 "Ḉ" */
    0x0, 0x0, 0x0, 0x0, 0x11, 0x10, 0x0, 0x0,
    0x0, 0x0, 0x0, 0x2f, 0xf5, 0x0, 0x0, 0x0,
    0x0, 0x0, 0x9, 0xf8, 0x0, 0x0, 0x0, 0x0,
    0x0, 0x1, 0xfb, 0x0, 0x0, 0x0, 0x0, 0x0,
    0x0, 0x0, 0x0, 0x0, 0x0, 0x0, 0x0, 0x4,
    0xad, 0xff, 0xd9, 0x20, 0x0, 0x0, 0x1c, 0xff,
    0xfd, 0xef, 0xff, 0x70, 0x0, 0x1e, 0xfd, 0x40,
    0x0, 0x19, 0xff, 0x60, 0xb, 0xfc, 0x0, 0x0,
    0x0, 0x8, 0xfe, 0x3, 0xff, 0x20, 0x0, 0x0,
    0x0, 0xe, 0xc3, 0x8f, 0xc0, 0x0, 0x0, 0x0,
    0x0, 0x0, 0xb, 0xf8, 0x0, 0x0, 0x0, 0x0,
    0x0, 0x0, 0xcf, 0x70, 0x0, 0x0, 0x0, 0x0,
    0x0, 0xc, 0xf7, 0x0, 0x0, 0x0, 0x0, 0x0,
    0x0, 0xbf, 0x80, 0x0, 0x0, 0x0, 0x0, 0x0,
    0x8, 0xfb, 0x0, 0x0, 0x0, 0x0, 0x5, 0x72,
    0x3f, 0xf1, 0x0, 0x0, 0x0, 0x0, 0xef, 0x80,
    0xbf, 0xb0, 0x0, 0x0, 0x0, 0x8f, 0xf1, 0x2,
    0xef, 0xc3, 0x0, 0x1, 0x9f, 0xf7, 0x0, 0x3,
    0xdf, 0xfe, 0xce, 0xff, 0xf8, 0x0, 0x0, 0x0,
    0x6c, 0xff, 0xfe, 0xa3, 0x0, 0x0, 0x0, 0x0,
    0x8, 0xf3, 0x0, 0x0, 0x0, 0x0, 0x0, 0x0,
    0xbf, 0xf7, 0x0, 0x0, 0x0, 0x0, 0x0, 0x0,
    0x2f, 0xd0, 0x0, 0x0, 0x0, 0x0, 0x6, 0x5a,
    0xfa, 0x0, 0x0, 0x0, 0x0, 0x2, 0xff, 0xe9,
    0x10, 0x0, 0x0,

    /* U+1E09 "ḉ" */
    0x0, 0x0, 0x0, 0x9f, 0xd0, 0x0, 0x0, 0x0,
    0x1, 0xfe, 0x20, 0x0, 0x0, 0x0, 0x9, 0xf4,
    0x0, 0x0, 0x0, 0x0, 0x1, 0x10, 0x0, 0x0,
    0x0, 0x4, 0xbe, 0xfd, 0x81, 0x0, 0x0, 0x7f,
    0xfc, 0xad, 0xfe, 0x20, 0x3, 0xff, 0x30, 0x0,
    0xaf, 0xa0, 0xa, 0xf8, 0x0, 0x0, 0x1f, 0xe0,
    0xe, 0xf3, 0x0, 0x0, 0x0, 0x0, 0xf, 0xf0,
    0x0, 0x0, 0x0, 0x0, 0x1f, 0xf0, 0x0, 0x0,
    0x0, 0x0, 0xf, 0xf0, 0x0, 0x0, 0x0, 0x0,
    0xd, 0xf3, 0x0, 0x0, 0xd, 0xe2, 0x8, 0xfa,
    0x0, 0x0, 0x3f, 0xe0, 0x1, 0xef, 0x81, 0x4,
    0xdf, 0x60, 0x0, 0x3e, 0xff, 0xff, 0xf8, 0x0,
    0x0, 0x0, 0x5f, 0xc6, 0x20, 0x0, 0x0, 0x0,
    0x1f, 0xd6, 0x0, 0x0, 0x0, 0x0, 0x1, 0xcf,
    0x20, 0x0, 0x0, 0x0, 0x56, 0xef, 0x20, 0x0,
    0x0, 0x2, 0xff, 0xc5, 0x0, 0x0,

    /* U+1E0A "Ḋ" */
    0x0, 0x0, 0x2, 0xff, 0x0, 0x0, 0x0, 0x0,
    0x0, 0x0, 0x2f, 0xf0, 0x0, 0x0, 0x0, 0x0,
    0x0, 0x0, 0x43, 0x0, 0x0, 0x0, 0x0, 0x0,
    0x0, 0x0, 0x0, 0x0, 0x0, 0x0, 0x2f, 0xff,
    0xff, 0xff, 0xeb, 0x60, 0x0, 0x2, 0xff, 0xee,
    0xee, 0xff, 0xff, 0xd2, 0x0, 0x2f, 0xf0, 0x0,
    0x0, 0x5, 0xef, 0xd0, 0x2, 0xff, 0x0, 0x0,
    0x0, 0x2, 0xef, 0x70, 0x2f, 0xf0, 0x0, 0x0,
    0x0, 0x6, 0xfe, 0x2, 0xff, 0x0, 0x0, 0x0,
    0x0, 0x1f, 0xf3, 0x2f, 0xf0, 0x0, 0x0, 0x0,
    0x0, 0xef, 0x52, 0xff, 0x0, 0x0, 0x0, 0x0,
    0xd, 0xf6, 0x2f, 0xf0, 0x0, 0x0, 0x0, 0x0,
    0xdf, 0x62, 0xff, 0x0, 0x0, 0x0, 0x0, 0xe,
    0xf5, 0x2f, 0xf0, 0x0, 0x0, 0x0, 0x2, 0xff,
    0x22, 0xff, 0x0, 0x0, 0x0, 0x0, 0x7f, 0xd0,
    0x2f, 0xf0, 0x0, 0x0, 0x0, 0x2f, 0xf7, 0x2,
    0xff, 0x0, 0x0, 0x1, 0x6e, 0xfd, 0x0, 0x2f,
    0xfe, 0xee, 0xef, 0xff, 0xfc, 0x10, 0x2, 0xff,
    0xff, 0xff, 0xfd, 0xa5, 0x0, 0x0,

    /* U+1E0B "ḋ" */
    0x0, 0x0, 0x3, 0x40, 0x0, 0x0, 0x0, 0x0,
    0xd, 0xf3, 0x0, 0x0, 0x0, 0x0, 0xd, 0xf3,
    0x0, 0x0, 0x0, 0x0, 0x0, 0x0, 0x0, 0x0,
    0x0, 0x0, 0x0, 0x0, 0x0, 0x0, 0x0, 0x0,
    0x0, 0x0, 0xd, 0xf2, 0x0, 0x0, 0x0, 0x0,
    0xd, 0xf2, 0x0, 0x0, 0x0, 0x0, 0xd, 0xf2,
    0x0, 0x0, 0x0, 0x0, 0xd, 0xf2, 0x0, 0x6,
    0xcf, 0xea, 0x2d, 0xf2, 0x0, 0xaf, 0xfb, 0xae,
    0xee, 0xf2, 0x5, 0xfe, 0x10, 0x1, 0xcf, 0xf2,
    0xc, 0xf6, 0x0, 0x0, 0x3f, 0xf2, 0xf, 0xf1,
    0x0, 0x0, 0xe, 0xf2, 0x2f, 0xf0, 0x0, 0x0,
    0xb, 0xf2, 0x2f, 0xe0, 0x0, 0x0, 0xb, 0xf2,
    0xf, 0xf1, 0x0, 0x0, 0xc, 0xf2, 0xb, 0xf6,
    0x0, 0x0, 0x1f, 0xf2, 0x4, 0xfe, 0x30, 0x0,
    0xcf, 0xf2, 0x0, 0x8f, 0xfc, 0xae, 0xed, 0xf2,
    0x0, 0x5, 0xcf, 0xfb, 0x2b, 0xf2,

    /* U+1E0C "Ḍ" */
    0x2f, 0xff, 0xff, 0xff, 0xeb, 0x60, 0x0, 0x2,
    0xff, 0xee, 0xee, 0xff, 0xff, 0xd2, 0x0, 0x2f,
    0xf0, 0x0, 0x0, 0x5, 0xef, 0xd0, 0x2, 0xff,
    0x0, 0x0, 0x0, 0x2, 0xef, 0x70, 0x2f, 0xf0,
    0x0, 0x0, 0x0, 0x6, 0xfe, 0x2, 0xff, 0x0,
    0x0, 0x0, 0x0, 0x1f, 0xf3, 0x2f, 0xf0, 0x0,
    0x0, 0x0, 0x0, 0xef, 0x52, 0xff, 0x0, 0x0,
    0x0, 0x0, 0xd, 0xf6, 0x2f, 0xf0, 0x0, 0x0,
    0x0, 0x0, 0xdf, 0x62, 0xff, 0x0, 0x0, 0x0,
    0x0, 0xe, 0xf5, 0x2f, 0xf0, 0x0, 0x0, 0x0,
    0x2, 0xff, 0x22, 0xff, 0x0, 0x0, 0x0, 0x0,
    0x7f, 0xd0, 0x2f, 0xf0, 0x0, 0x0, 0x0, 0x2f,
    0xf7, 0x2, 0xff, 0x0, 0x0, 0x1, 0x6e, 0xfd,
    0x0, 0x2f, 0xfe, 0xee, 0xef, 0xff, 0xfc, 0x10,
    0x2, 0xff, 0xff, 0xff, 0xfd, 0xa5, 0x0, 0x0,
    0x0, 0x0, 0x0, 0x0, 0x0, 0x0, 0x0, 0x0,
    0x0, 0x0, 0x0, 0x0, 0x0, 0x0, 0x0, 0x0,
    0x0, 0x1, 0x43, 0x0, 0x0, 0x0, 0x0, 0x0,
    0x0, 0x5f, 0xb0, 0x0, 0x0, 0x0, 0x0, 0x0,
    0x5, 0xfb, 0x0, 0x0, 0x0, 0x0,

    /* U+1E0D "ḍ" */
    0x0, 0x0, 0x0, 0x0, 0xd, 0xf2, 0x0, 0x0,
    0x0, 0x0, 0xd, 0xf2, 0x0, 0x0, 0x0, 0x0,
    0xd, 0xf2, 0x0, 0x0, 0x0, 0x0, 0xd, 0xf2,
    0x0, 0x6, 0xcf, 0xea, 0x2d, 0xf2, 0x0, 0xaf,
    0xfb, 0xae, 0xee, 0xf2, 0x5, 0xfe, 0x10, 0x1,
    0xcf, 0xf2, 0xc, 0xf6, 0x0, 0x0, 0x3f, 0xf2,
    0xf, 0xf1, 0x0, 0x0, 0xe, 0xf2, 0x2f, 0xf0,
    0x0, 0x0, 0xb, 0xf2, 0x2f, 0xe0, 0x0, 0x0,
    0xb, 0xf2, 0xf, 0xf1, 0x0, 0x0, 0xc, 0xf2,
    0xb, 0xf6, 0x0, 0x0, 0x1f, 0xf2, 0x4, 0xfe,
    0x30, 0x0, 0xcf, 0xf2, 0x0, 0x8f, 0xfc, 0xae,
    0xed, 0xf2, 0x0, 0x5, 0xcf, 0xfb, 0x2b, 0xf2,
    0x0, 0x0, 0x0, 0x0, 0x0, 0x0, 0x0, 0x0,
    0x0, 0x0, 0x0, 0x0, 0x0, 0x0, 0x3, 0x41,
    0x0, 0x0, 0x0, 0x0, 0xc, 0xf5, 0x0, 0x0,
    0x0, 0x0, 0xc, 0xf5, 0x0, 0x0,

    /* U+1E0E "Ḏ" */
    0x2f, 0xff, 0xff, 0xff, 0xeb, 0x60, 0x0, 0x2,
    0xff, 0xee, 0xee, 0xff, 0xff, 0xd2, 0x0, 0x2f,
    0xf0, 0x0, 0x0, 0x5, 0xef, 0xd0, 0x2, 0xff,
    0x0, 0x0, 0x0, 0x2, 0xef, 0x70, 0x2f, 0xf0,
    0x0, 0x0, 0x0, 0x6, 0xfe, 0x2, 0xff, 0x0,
    0x0, 0x0, 0x0, 0x1f, 0xf3, 0x2f, 0xf0, 0x0,
    0x0, 0x0, 0x0, 0xef, 0x52, 0xff, 0x0, 0x0,
    0x0, 0x0, 0xd, 0xf6, 0x2f, 0xf0, 0x0, 0x0,
    0x0, 0x0, 0xdf, 0x62, 0xff, 0x0, 0x0, 0x0,
    0x0, 0xe, 0xf5, 0x2f, 0xf0, 0x0, 0x0, 0x0,
    0x2, 0xff, 0x22, 0xff, 0x0, 0x0, 0x0, 0x0,
    0x7f, 0xd0, 0x2f, 0xf0, 0x0, 0x0, 0x0, 0x2f,
    0xf7, 0x2, 0xff, 0x0, 0x0, 0x1, 0x6e, 0xfd,
    0x0, 0x2f, 0xfe, 0xee, 0xef, 0xff, 0xfc, 0x10,
    0x2, 0xff, 0xff, 0xff, 0xfd, 0xa5, 0x0, 0x0,
    0x0, 0x0, 0x0, 0x0, 0x0, 0x0, 0x0, 0x0,
    0x0, 0x0, 0x0, 0x0, 0x0, 0x0, 0x0, 0x0,
    0x0, 0x0, 0x0, 0x0, 0x0, 0x0, 0x0, 0x0,
    0x9a, 0xaa, 0xaa, 0xa1, 0x0, 0x0, 0x0, 0xe,
    0xff, 0xff, 0xff, 0x10, 0x0, 0x0,

    /* U+1E0F "ḏ" */
    0x0, 0x0, 0x0, 0x0, 0xd, 0xf2, 0x0, 0x0,
    0x0, 0x0, 0xd, 0xf2, 0x0, 0x0, 0x0, 0x0,
    0xd, 0xf2, 0x0, 0x0, 0x0, 0x0, 0xd, 0xf2,
    0x0, 0x6, 0xcf, 0xea, 0x2d, 0xf2, 0x0, 0xaf,
    0xfb, 0xae, 0xee, 0xf2, 0x5, 0xfe, 0x10, 0x1,
    0xcf, 0xf2, 0xc, 0xf6, 0x0, 0x0, 0x3f, 0xf2,
    0xf, 0xf1, 0x0, 0x0, 0xe, 0xf2, 0x2f, 0xf0,
    0x0, 0x0, 0xb, 0xf2, 0x2f, 0xe0, 0x0, 0x0,
    0xb, 0xf2, 0xf, 0xf1, 0x0, 0x0, 0xc, 0xf2,
    0xb, 0xf6, 0x0, 0x0, 0x1f, 0xf2, 0x4, 0xfe,
    0x30, 0x0, 0xcf, 0xf2, 0x0, 0x8f, 0xfc, 0xae,
    0xed, 0xf2, 0x0, 0x5, 0xcf, 0xfb, 0x2b, 0xf2,
    0x0, 0x0, 0x0, 0x0, 0x0, 0x0, 0x0, 0x0,
    0x0, 0x0, 0x0, 0x0, 0x0, 0x0, 0x0, 0x0,
    0x0, 0x0, 0x0, 0x4a, 0xaa, 0xaa, 0xa6, 0x0,
    0x0, 0x6f, 0xff, 0xff, 0xf9, 0x0,

    /* U+1E10 "Ḑ" */
    0x2f, 0xff, 0xff, 0xff, 0xeb, 0x60, 0x0, 0x2,
    0xff, 0xee, 0xee, 0xff, 0xff, 0xd1, 0x0, 0x2f,
    0xf0, 0x0, 0x0, 0x5, 0xef, 0xd0, 0x2, 0xff,
    0x0, 0x0, 0x0, 0x2, 0xef, 0x70, 0x2f, 0xf0,
    0x0, 0x0, 0x0, 0x6, 0xfe, 0x2, 0xff, 0x0,
    0x0, 0x0, 0x0, 0x1f, 0xf2, 0x2f, 0xf0, 0x0,
    0x0, 0x0, 0x0, 0xef, 0x52, 0xff, 0x0, 0x0,
    0x0, 0x0, 0xd, 0xf6, 0x2f, 0xf0, 0x0, 0x0,
    0x0, 0x0, 0xdf, 0x62, 0xff, 0x0, 0x0, 0x0,
    0x0, 0xe, 0xf5, 0x2f, 0xf0, 0x0, 0x0, 0x0,
    0x1, 0xff, 0x22, 0xff, 0x0, 0x0, 0x0, 0x0,
    0x7f, 0xe0, 0x2f, 0xf0, 0x0, 0x0, 0x0, 0x1e,
    0xf7, 0x2, 0xff, 0x0, 0x0, 0x0, 0x5e, 0xfd,
    0x0, 0x2f, 0xfd, 0xdd, 0xde, 0xff, 0xfd, 0x20,
    0x2, 0xff, 0xff, 0xff, 0xfe, 0xb6, 0x0, 0x0,
    0x0, 0x0, 0x4, 0xf3, 0x0, 0x0, 0x0, 0x0,
    0x0, 0x0, 0x8f, 0xc4, 0x0, 0x0, 0x0, 0x0,
    0x0, 0x0, 0x1f, 0xe0, 0x0, 0x0, 0x0, 0x0,
    0x4, 0x69, 0xfc, 0x0, 0x0, 0x0, 0x0, 0x0,
    0xcf, 0xea, 0x10, 0x0, 0x0, 0x0,

    /* U+1E11 "ḑ" */
    0x0, 0x0, 0x0, 0x0, 0xd, 0xf2, 0x0, 0x0,
    0x0, 0x0, 0xd, 0xf2, 0x0, 0x0, 0x0, 0x0,
    0xd, 0xf2, 0x0, 0x0, 0x0, 0x0, 0xd, 0xf2,
    0x0, 0x6, 0xcf, 0xea, 0x2d, 0xf2, 0x0, 0x9f,
    0xfb, 0xaf, 0xee, 0xf2, 0x5, 0xfe, 0x20, 0x1,
    0xdf, 0xf2, 0xc, 0xf7, 0x0, 0x0, 0x4f, 0xf2,
    0xf, 0xf1, 0x0, 0x0, 0xe, 0xf2, 0x2f, 0xf0,
    0x0, 0x0, 0xc, 0xf2, 0x2f, 0xe0, 0x0, 0x0,
    0xb, 0xf2, 0xf, 0xf0, 0x0, 0x0, 0xb, 0xf2,
    0xd, 0xf3, 0x0, 0x0, 0xe, 0xf2, 0x6, 0xfa,
    0x0, 0x0, 0x5f, 0xf2, 0x0, 0xcf, 0x91, 0x5,
    0xff, 0xf2, 0x0, 0x9, 0xff, 0xff, 0xab, 0xf2,
    0x0, 0x0, 0x1d, 0xd3, 0x0, 0x0, 0x0, 0x0,
    0xf, 0xe8, 0x0, 0x0, 0x0, 0x0, 0x1, 0xaf,
    0x60, 0x0, 0x0, 0x1, 0x56, 0xdf, 0x40, 0x0,
    0x0, 0x5, 0xff, 0xd6, 0x0, 0x0,

    /* U+1E12 "Ḓ" */
    0x2f, 0xff, 0xff, 0xff, 0xeb, 0x60, 0x0, 0x2,
    0xff, 0xee, 0xee, 0xff, 0xff, 0xd2, 0x0, 0x2f,
    0xf0, 0x0, 0x0, 0x5, 0xef, 0xd0, 0x2, 0xff,
    0x0, 0x0, 0x0, 0x2, 0xef, 0x70, 0x2f, 0xf0,
    0x0, 0x0, 0x0, 0x6, 0xfe, 0x2, 0xff, 0x0,
    0x0, 0x0, 0x0, 0x1f, 0xf3, 0x2f, 0xf0, 0x0,
    0x0, 0x0, 0x0, 0xef, 0x52, 0xff, 0x0, 0x0,
    0x0, 0x0, 0xd, 0xf6, 0x2f, 0xf0, 0x0, 0x0,
    0x0, 0x0, 0xdf, 0x62, 0xff, 0x0, 0x0, 0x0,
    0x0, 0xe, 0xf5, 0x2f, 0xf0, 0x0, 0x0, 0x0,
    0x2, 0xff, 0x22, 0xff, 0x0, 0x0, 0x0, 0x0,
    0x7f, 0xd0, 0x2f, 0xf0, 0x0, 0x0, 0x0, 0x2f,
    0xf7, 0x2, 0xff, 0x0, 0x0, 0x1, 0x6e, 0xfd,
    0x0, 0x2f, 0xfe, 0xee, 0xef, 0xff, 0xfc, 0x10,
    0x2, 0xff, 0xff, 0xff, 0xfd, 0xa5, 0x0, 0x0,
    0x0, 0x0, 0x0, 0x0, 0x0, 0x0, 0x0, 0x0,
    0x0, 0x0, 0x24, 0x20, 0x0, 0x0, 0x0, 0x0,
    0x0, 0x3f, 0xff, 0x20, 0x0, 0x0, 0x0, 0x0,
    0xd, 0xf6, 0xfd, 0x0, 0x0, 0x0, 0x0, 0xa,
    0xf9, 0x8, 0xfa, 0x0, 0x0, 0x0,

    /* U+1E13 "ḓ" */
    0x0, 0x0, 0x0, 0x0, 0xd, 0xf2, 0x0, 0x0,
    0x0, 0x0, 0xd, 0xf2, 0x0, 0x0, 0x0, 0x0,
    0xd, 0xf2, 0x0, 0x0, 0x0, 0x0, 0xd, 0xf2,
    0x0, 0x6, 0xcf, 0xea, 0x2d, 0xf2, 0x0, 0xaf,
    0xfb, 0xae, 0xee, 0xf2, 0x5, 0xfe, 0x10, 0x1,
    0xcf, 0xf2, 0xc, 0xf6, 0x0, 0x0, 0x3f, 0xf2,
    0xf, 0xf1, 0x0, 0x0, 0xe, 0xf2, 0x2f, 0xf0,
    0x0, 0x0, 0xb, 0xf2, 0x2f, 0xe0, 0x0, 0x0,
    0xb, 0xf2, 0xf, 0xf1, 0x0, 0x0, 0xc, 0xf2,
    0xb, 0xf6, 0x0, 0x0, 0x1f, 0xf2, 0x4, 0xfe,
    0x30, 0x0, 0xcf, 0xf2, 0x0, 0x8f, 0xfc, 0xae,
    0xed, 0xf2, 0x0, 0x5, 0xcf, 0xfb, 0x2b, 0xf2,
    0x0, 0x0, 0x0, 0x0, 0x0, 0x0, 0x0, 0x0,
    0x6, 0x74, 0x0, 0x0, 0x0, 0x0, 0x6f, 0xff,
    0x20, 0x0, 0x0, 0x2, 0xff, 0x5f, 0xc0, 0x0,
    0x0, 0xc, 0xf6, 0xa, 0xf9, 0x0,

    /* U+1E14 "Ḕ" */
    0x0, 0x0, 0x8f, 0xe0, 0x0, 0x0, 0x0, 0x0,
    0x0, 0xb, 0xf6, 0x0, 0x0, 0x0, 0x0, 0x0,
    0x1, 0xee, 0x0, 0x0, 0x0, 0x0, 0x0, 0x0,
    0x1, 0x0, 0x0, 0x0, 0x0, 0x8, 0xaa, 0xaa,
    0xaa, 0x20, 0x0, 0x0, 0xd, 0xff, 0xff, 0xff,
    0x30, 0x0, 0x0, 0x0, 0x0, 0x0, 0x0, 0x0,
    0x0, 0x0, 0x0, 0x0, 0x0, 0x0, 0x0, 0x0,
    0x3f, 0xff, 0xff, 0xff, 0xff, 0xff, 0xb0, 0x3f,
    0xfe, 0xee, 0xee, 0xee, 0xee, 0xa0, 0x3f, 0xf0,
    0x0, 0x0, 0x0, 0x0, 0x0, 0x3f, 0xf0, 0x0,
    0x0, 0x0, 0x0, 0x0, 0x3f, 0xf0, 0x0, 0x0,
    0x0, 0x0, 0x0, 0x3f, 0xf0, 0x0, 0x0, 0x0,
    0x0, 0x0, 0x3f, 0xf0, 0x0, 0x0, 0x0, 0x0,
    0x0, 0x3f, 0xff, 0xff, 0xff, 0xff, 0xff, 0x10,
    0x3f, 0xfe, 0xee, 0xee, 0xee, 0xee, 0x10, 0x3f,
    0xf0, 0x0, 0x0, 0x0, 0x0, 0x0, 0x3f, 0xf0,
    0x0, 0x0, 0x0, 0x0, 0x0, 0x3f, 0xf0, 0x0,
    0x0, 0x0, 0x0, 0x0, 0x3f, 0xf0, 0x0, 0x0,
    0x0, 0x0, 0x0, 0x3f, 0xf0, 0x0, 0x0, 0x0,
    0x0, 0x0, 0x3f, 0xfe, 0xee, 0xee, 0xee, 0xee,
    0xe1, 0x3f, 0xff, 0xff, 0xff, 0xff, 0xff, 0xf1,

    /* U+1E15 "ḕ" */
    0x0, 0x0, 0x11, 0x0, 0x0, 0x0, 0x0, 0x1,
    0xef, 0x70, 0x0, 0x0, 0x0, 0x0, 0x3f, 0xe0,
    0x0, 0x0, 0x0, 0x0, 0x6, 0xf6, 0x0, 0x0,
    0x0, 0x0, 0x0, 0x0, 0x0, 0x0, 0x0, 0xf,
    0xff, 0xff, 0xff, 0x10, 0x0, 0x9, 0xaa, 0xaa,
    0xaa, 0x0, 0x0, 0x0, 0x0, 0x0, 0x0, 0x0,
    0x0, 0x0, 0x0, 0x0, 0x0, 0x0, 0x0, 0x3,
    0xae, 0xfe, 0x92, 0x0, 0x0, 0x6f, 0xfd, 0xad,
    0xff, 0x40, 0x3, 0xff, 0x50, 0x0, 0x5f, 0xe1,
    0xa, 0xf8, 0x0, 0x0, 0x8, 0xf7, 0xe, 0xf3,
    0x0, 0x0, 0x4, 0xfb, 0xf, 0xff, 0xff, 0xff,
    0xff, 0xfd, 0x1f, 0xfa, 0xaa, 0xaa, 0xaa, 0xa8,
    0xf, 0xf2, 0x0, 0x0, 0x0, 0x0, 0xb, 0xf8,
    0x0, 0x0, 0x6, 0xc7, 0x4, 0xff, 0x50, 0x0,
    0x3f, 0xf4, 0x0, 0x7f, 0xfd, 0xac, 0xff, 0x80,
    0x0, 0x3, 0xae, 0xfe, 0xb4, 0x0,

    /* U+1E16 "Ḗ" */
    0x0, 0x0, 0x0, 0x5f, 0xf3, 0x0, 0x0, 0x0,
    0x0, 0x0, 0xdf, 0x50, 0x0, 0x0, 0x0, 0x0,
    0x4, 0xf9, 0x0, 0x0, 0x0, 0x0, 0x0, 0x0,
    0x10, 0x0, 0x0, 0x0, 0x0, 0x7, 0xaa, 0xaa,
    0xaa, 0x20, 0x0, 0x0, 0xc, 0xff, 0xff, 0xff,
    0x30, 0x0, 0x0, 0x0, 0x0, 0x0, 0x0, 0x0,
    0x0, 0x0, 0x0, 0x0, 0x0, 0x0, 0x0, 0x0,
    0x3f, 0xff, 0xff, 0xff, 0xff, 0xff, 0xb0, 0x3f,
    0xfe, 0xee, 0xee, 0xee, 0xee, 0xa0, 0x3f, 0xf0,
    0x0, 0x0, 0x0, 0x0, 0x0, 0x3f, 0xf0, 0x0,
    0x0, 0x0, 0x0, 0x0, 0x3f, 0xf0, 0x0, 0x0,
    0x0, 0x0, 0x0, 0x3f, 0xf0, 0x0, 0x0, 0x0,
    0x0, 0x0, 0x3f, 0xf0, 0x0, 0x0, 0x0, 0x0,
    0x0, 0x3f, 0xff, 0xff, 0xff, 0xff, 0xff, 0x10,
    0x3f, 0xfe, 0xee, 0xee, 0xee, 0xee, 0x10, 0x3f,
    0xf0, 0x0, 0x0, 0x0, 0x0, 0x0, 0x3f, 0xf0,
    0x0, 0x0, 0x0, 0x0, 0x0, 0x3f, 0xf0, 0x0,
    0x0, 0x0, 0x0, 0x0, 0x3f, 0xf0, 0x0, 0x0,
    0x0, 0x0, 0x0, 0x3f, 0xf0, 0x0, 0x0, 0x0,
    0x0, 0x0, 0x3f, 0xfe, 0xee, 0xee, 0xee, 0xee,
    0xe1, 0x3f, 0xff, 0xff, 0xff, 0xff, 0xff, 0xf1,

    /* U+1E17 "ḗ" */
    0x0, 0x0, 0x0, 0x1, 0x10, 0x0, 0x0, 0x0,
    0x0, 0xaf, 0xc0, 0x0, 0x0, 0x0, 0x2, 0xfe,
    0x10, 0x0, 0x0, 0x0, 0x9, 0xf3, 0x0, 0x0,
    0x0, 0x0, 0x0, 0x0, 0x0, 0x0, 0x0, 0xf,
    0xff, 0xff, 0xff, 0x10, 0x0, 0x9, 0xaa, 0xaa,
    0xaa, 0x0, 0x0, 0x0, 0x0, 0x0, 0x0, 0x0,
    0x0, 0x0, 0x0, 0x0, 0x0, 0x0, 0x0, 0x3,
    0xae, 0xfe, 0x92, 0x0, 0x0, 0x6f, 0xfd, 0xad,
    0xff, 0x40, 0x3, 0xff, 0x50, 0x0, 0x5f, 0xe1,
    0xa, 0xf8, 0x0, 0x0, 0x8, 0xf7, 0xe, 0xf3,
    0x0, 0x0, 0x4, 0xfb, 0xf, 0xff, 0xff, 0xff,
    0xff, 0xfd, 0x1f, 0xfa, 0xaa, 0xaa, 0xaa, 0xa8,
    0xf, 0xf2, 0x0, 0x0, 0x0, 0x0, 0xb, 0xf8,
    0x0, 0x0, 0x6, 0xc7, 0x4, 0xff, 0x50, 0x0,
    0x3f, 0xf4, 0x0, 0x7f, 0xfd, 0xac, 0xff, 0x80,
    0x0, 0x3, 0xae, 0xfe, 0xb4, 0x0,

    /* U+1E18 "Ḙ" */
    0x3f, 0xff, 0xff, 0xff, 0xff, 0xff, 0xb0, 0x3f,
    0xfe, 0xee, 0xee, 0xee, 0xee, 0xa0, 0x3f, 0xf0,
    0x0, 0x0, 0x0, 0x0, 0x0, 0x3f, 0xf0, 0x0,
    0x0, 0x0, 0x0, 0x0, 0x3f, 0xf0, 0x0, 0x0,
    0x0, 0x0, 0x0, 0x3f, 0xf0, 0x0, 0x0, 0x0,
    0x0, 0x0, 0x3f, 0xf0, 0x0, 0x0, 0x0, 0x0,
    0x0, 0x3f, 0xff, 0xff, 0xff, 0xff, 0xff, 0x10,
    0x3f, 0xfe, 0xee, 0xee, 0xee, 0xee, 0x10, 0x3f,
    0xf0, 0x0, 0x0, 0x0, 0x0, 0x0, 0x3f, 0xf0,
    0x0, 0x0, 0x0, 0x0, 0x0, 0x3f, 0xf0, 0x0,
    0x0, 0x0, 0x0, 0x0, 0x3f, 0xf0, 0x0, 0x0,
    0x0, 0x0, 0x0, 0x3f, 0xf0, 0x0, 0x0, 0x0,
    0x0, 0x0, 0x3f, 0xfe, 0xee, 0xee, 0xee, 0xee,
    0xe1, 0x3f, 0xff, 0xff, 0xff, 0xff, 0xff, 0xf1,
    0x0, 0x0, 0x0, 0x0, 0x0, 0x0, 0x0, 0x0,
    0x0, 0x1, 0x43, 0x0, 0x0, 0x0, 0x0, 0x0,
    0xd, 0xff, 0x60, 0x0, 0x0, 0x0, 0x0, 0x9f,
    0x9d, 0xf3, 0x0, 0x0, 0x0, 0x5, 0xfd, 0x3,
    0xfe, 0x10, 0x0,

    /* U+1E19 "ḙ" */
    0x0, 0x3, 0xae, 0xfd, 0x91, 0x0, 0x0, 0x6f,
    0xfc, 0xad, 0xfe, 0x30, 0x3, 0xff, 0x50, 0x0,
    0x6f, 0xe0, 0xa, 0xfa, 0x0, 0x0, 0xa, 0xf6,
    0xe, 0xf4, 0x0, 0x0, 0x5, 0xfa, 0xf, 0xfa,
    0xaa, 0xaa, 0xab, 0xfd, 0x1f, 0xff, 0xff, 0xff,
    0xff, 0xfd, 0xf, 0xf1, 0x0, 0x0, 0x0, 0x0,
    0xb, 0xf6, 0x0, 0x0, 0x4, 0x95, 0x4, 0xff,
    0x40, 0x0, 0x2e, 0xf5, 0x0, 0x7f, 0xfd, 0xac,
    0xff, 0x90, 0x0, 0x3, 0xae, 0xfe, 0xb5, 0x0,
    0x0, 0x0, 0x0, 0x0, 0x0, 0x0, 0x0, 0x0,
    0x4, 0x76, 0x0, 0x0, 0x0, 0x0, 0x2f, 0xff,
    0x60, 0x0, 0x0, 0x0, 0xcf, 0x6e, 0xf3, 0x0,
    0x0, 0x7, 0xfc, 0x5, 0xfd, 0x0,

    /* U+1E1A "Ḛ" */
    0x3f, 0xff, 0xff, 0xff, 0xff, 0xff, 0xb0, 0x3f,
    0xfe, 0xee, 0xee, 0xee, 0xee, 0xa0, 0x3f, 0xf0,
    0x0, 0x0, 0x0, 0x0, 0x0, 0x3f, 0xf0, 0x0,
    0x0, 0x0, 0x0, 0x0, 0x3f, 0xf0, 0x0, 0x0,
    0x0, 0x0, 0x0, 0x3f, 0xf0, 0x0, 0x0, 0x0,
    0x0, 0x0, 0x3f, 0xf0, 0x0, 0x0, 0x0, 0x0,
    0x0, 0x3f, 0xfe, 0xee, 0xee, 0xee, 0xee, 0x10,
    0x3f, 0xff, 0xff, 0xff, 0xff, 0xff, 0x10, 0x3f,
    0xf0, 0x0, 0x0, 0x0, 0x0, 0x0, 0x3f, 0xf0,
    0x0, 0x0, 0x0, 0x0, 0x0, 0x3f, 0xf0, 0x0,
    0x0, 0x0, 0x0, 0x0, 0x3f, 0xf0, 0x0, 0x0,
    0x0, 0x0, 0x0, 0x3f, 0xf0, 0x0, 0x0, 0x0,
    0x0, 0x0, 0x3f, 0xfe, 0xee, 0xee, 0xee, 0xee,
    0xe1, 0x3f, 0xff, 0xff, 0xff, 0xff, 0xff, 0xf1,
    0x0, 0x0, 0x0, 0x0, 0x0, 0x0, 0x0, 0x0,
    0x0, 0x0, 0x0, 0x0, 0x0, 0x0, 0x0, 0x0,
    0x1, 0x0, 0x1, 0x10, 0x0, 0x0, 0x3, 0xef,
    0xfc, 0xaf, 0x90, 0x0, 0x0, 0xb, 0xe6, 0x8d,
    0xfc, 0x10, 0x0,

    /* U+1E1B "ḛ" */
    0x0, 0x3, 0xae, 0xfd, 0x81, 0x0, 0x0, 0x6f,
    0xfd, 0xad, 0xfe, 0x20, 0x3, 0xff, 0x70, 0x0,
    0x8f, 0xc0, 0xa, 0xfc, 0x0, 0x0, 0xc, 0xf4,
    0xe, 0xf5, 0x0, 0x0, 0x6, 0xf9, 0xf, 0xf2,
    0x0, 0x0, 0x3, 0xfc, 0x1f, 0xff, 0xff, 0xff,
    0xff, 0xfd, 0xf, 0xfa, 0xaa, 0xaa, 0xaa, 0xa9,
    0xb, 0xf3, 0x0, 0x0, 0x1, 0x31, 0x4, 0xfd,
    0x20, 0x0, 0x1c, 0xf7, 0x0, 0x7f, 0xfc, 0xab,
    0xff, 0xb0, 0x0, 0x3, 0xae, 0xfe, 0xc6, 0x0,
    0x0, 0x0, 0x0, 0x0, 0x0, 0x0, 0x0, 0x0,
    0x0, 0x0, 0x0, 0x0, 0x0, 0x0, 0x1, 0x0,
    0x2, 0x0, 0x0, 0x7, 0xff, 0xeb, 0xbf, 0x30,
    0x0, 0xf, 0xb6, 0xae, 0xf9, 0x0,

    /* U+1E1C "Ḝ" */
    0x0, 0x2, 0xf4, 0x0, 0x2f, 0x40, 0x0, 0x0,
    0x0, 0xcc, 0x32, 0xbe, 0x0, 0x0, 0x0, 0x0,
    0x2d, 0xff, 0xe4, 0x0, 0x0, 0x0, 0x0, 0x0,
    0x33, 0x0, 0x0, 0x0, 0x3f, 0xff, 0xff, 0xff,
    0xff, 0xff, 0xb0, 0x3f, 0xfe, 0xee, 0xee, 0xee,
    0xee, 0xa0, 0x3f, 0xf0, 0x0, 0x0, 0x0, 0x0,
    0x0, 0x3f, 0xf0, 0x0, 0x0, 0x0, 0x0, 0x0,
    0x3f, 0xf0, 0x0, 0x0, 0x0, 0x0, 0x0, 0x3f,
    0xf0, 0x0, 0x0, 0x0, 0x0, 0x0, 0x3f, 0xf0,
    0x0, 0x0, 0x0, 0x0, 0x0, 0x3f, 0xff, 0xff,
    0xff, 0xff, 0xff, 0x10, 0x3f, 0xfe, 0xee, 0xee,
    0xee, 0xee, 0x10, 0x3f, 0xf0, 0x0, 0x0, 0x0,
    0x0, 0x0, 0x3f, 0xf0, 0x0, 0x0, 0x0, 0x0,
    0x0, 0x3f, 0xf0, 0x0, 0x0, 0x0, 0x0, 0x0,
    0x3f, 0xf0, 0x0, 0x0, 0x0, 0x0, 0x0, 0x3f,
    0xf0, 0x0, 0x0, 0x0, 0x0, 0x0, 0x3f, 0xfe,
    0xee, 0xee, 0xee, 0xee, 0xe1, 0x3f, 0xff, 0xff,
    0xff, 0xff, 0xff, 0xf1, 0x0, 0x0, 0x0, 0xda,
    0x0, 0x0, 0x0, 0x0, 0x0, 0x1, 0xff, 0x90,
    0x0, 0x0, 0x0, 0x0, 0x0, 0x9, 0xf5, 0x0,
    0x0, 0x0, 0x0, 0x25, 0x7d, 0xf3, 0x0, 0x0,
    0x0, 0x0, 0x5f, 0xfc, 0x50, 0x0, 0x0,

    /* U+1E1D "ḝ" */
    0x0, 0x9, 0xc0, 0x0, 0x9c, 0x0, 0x0, 0x4,
    0xf7, 0x15, 0xf7, 0x0, 0x0, 0x0, 0x8f, 0xff,
    0xa0, 0x0, 0x0, 0x0, 0x1, 0x31, 0x0, 0x0,
    0x0, 0x3, 0xae, 0xfd, 0x91, 0x0, 0x0, 0x5f,
    0xfc, 0xad, 0xfe, 0x30, 0x2, 0xff, 0x50, 0x0,
    0x6f, 0xe0, 0x9, 0xfa, 0x0, 0x0, 0xa, 0xf6,
    0xe, 0xf4, 0x0, 0x0, 0x5, 0xfa, 0xf, 0xfa,
    0xaa, 0xaa, 0xab, 0xfd, 0x1f, 0xff, 0xff, 0xff,
    0xff, 0xfd, 0xf, 0xf1, 0x0, 0x0, 0x0, 0x0,
    0xd, 0xf4, 0x0, 0x0, 0x2, 0x52, 0x7, 0xfc,
    0x0, 0x0, 0xb, 0xf8, 0x0, 0xef, 0xb2, 0x2,
    0xaf, 0xe1, 0x0, 0x2d, 0xff, 0xff, 0xfd, 0x30,
    0x0, 0x0, 0x4b, 0xf8, 0x50, 0x0, 0x0, 0x0,
    0xa, 0xf8, 0x10, 0x0, 0x0, 0x0, 0x1, 0x5f,
    0xb0, 0x0, 0x0, 0x0, 0x56, 0xaf, 0xa0, 0x0,
    0x0, 0x0, 0xff, 0xe9, 0x0, 0x0,

    /* U+1E1E "Ḟ" */
    0x0, 0x0, 0xb, 0xf5, 0x0, 0x0, 0x0, 0x0,
    0xb, 0xf5, 0x0, 0x0, 0x0, 0x0, 0x2, 0x41,
    0x0, 0x0, 0x0, 0x0, 0x0, 0x0, 0x0, 0x0,
    0x2f, 0xff, 0xff, 0xff, 0xff, 0xff, 0x2f, 0xfe,
    0xee, 0xee, 0xee, 0xee, 0x2f, 0xf0, 0x0, 0x0,
    0x0, 0x0, 0x2f, 0xf0, 0x0, 0x0, 0x0, 0x0,
    0x2f, 0xf0, 0x0, 0x0, 0x0, 0x0, 0x2f, 0xf0,
    0x0, 0x0, 0x0, 0x0, 0x2f, 0xf0, 0x0, 0x0,
    0x0, 0x0, 0x2f, 0xff, 0xff, 0xff, 0xff, 0xc0,
    0x2f, 0xfe, 0xee, 0xee, 0xee, 0xb0, 0x2f, 0xf0,
    0x0, 0x0, 0x0, 0x0, 0x2f, 0xf0, 0x0, 0x0,
    0x0, 0x0, 0x2f, 0xf0, 0x0, 0x0, 0x0, 0x0,
    0x2f, 0xf0, 0x0, 0x0, 0x0, 0x0, 0x2f, 0xf0,
    0x0, 0x0, 0x0, 0x0, 0x2f, 0xf0, 0x0, 0x0,
    0x0, 0x0, 0x2f, 0xf0, 0x0, 0x0, 0x0, 0x0,

    /* U+1E1F "ḟ" */
    0x0, 0xa, 0xf6, 0x0, 0x0, 0xa, 0xf6, 0x0,
    0x0, 0x2, 0x41, 0x0, 0x0, 0x0, 0x0, 0x0,
    0x0, 0x2b, 0xef, 0xd1, 0x0, 0xcf, 0xfe, 0xd0,
    0x0, 0xff, 0x30, 0x0, 0x0, 0xff, 0x0, 0x0,
    0xdf, 0xff, 0xff, 0x40, 0x78, 0xff, 0x88, 0x20,
    0x0, 0xff, 0x0, 0x0, 0x0, 0xff, 0x0, 0x0,
    0x0, 0xff, 0x0, 0x0, 0x0, 0xff, 0x0, 0x0,
    0x0, 0xff, 0x0, 0x0, 0x0, 0xff, 0x0, 0x0,
    0x0, 0xff, 0x0, 0x0, 0x0, 0xff, 0x0, 0x0,
    0x0, 0xff, 0x0, 0x0, 0x0, 0xff, 0x0, 0x0,

    /* U+1E20 "Ḡ" */
    0x0, 0x0, 0x0, 0x0, 0x0, 0x0, 0x0, 0x0,
    0x0, 0xb, 0xff, 0xff, 0xfb, 0x0, 0x0, 0x0,
    0x0, 0xbf, 0xff, 0xff, 0xb0, 0x0, 0x0, 0x0,
    0x0, 0x0, 0x0, 0x0, 0x0, 0x0, 0x0, 0x0,
    0x0, 0x0, 0x0, 0x0, 0x0, 0x0, 0x0, 0x6,
    0xce, 0xfe, 0xc6, 0x0, 0x0, 0x0, 0x2d, 0xff,
    0xff, 0xff, 0xfd, 0x20, 0x0, 0x1e, 0xff, 0xc7,
    0x67, 0xbf, 0xfd, 0x10, 0xb, 0xff, 0x70, 0x0,
    0x0, 0x6f, 0xf8, 0x3, 0xff, 0x90, 0x0, 0x0,
    0x0, 0xbf, 0xe0, 0x8f, 0xf1, 0x0, 0x0, 0x0,
    0x2, 0x66, 0x1c, 0xfd, 0x0, 0x0, 0x0, 0x0,
    0x0, 0x0, 0xef, 0xa0, 0x0, 0x0, 0x0, 0x0,
    0x0, 0xf, 0xf9, 0x0, 0x0, 0x7f, 0xff, 0xff,
    0xf4, 0xef, 0xa0, 0x0, 0x7, 0xff, 0xff, 0xff,
    0x4c, 0xfc, 0x0, 0x0, 0x12, 0x22, 0x4f, 0xf4,
    0x9f, 0xf1, 0x0, 0x0, 0x0, 0x5, 0xff, 0x43,
    0xff, 0x80, 0x0, 0x0, 0x0, 0xcf, 0xf4, 0xb,
    0xff, 0x60, 0x0, 0x0, 0x8f, 0xff, 0x40, 0x2e,
    0xff, 0xc7, 0x67, 0xdf, 0xfa, 0xf4, 0x0, 0x2e,
    0xff, 0xff, 0xff, 0xf4, 0x7f, 0x40, 0x0, 0x7,
    0xcf, 0xfe, 0x92, 0x7, 0xf4,

    /* U+1E21 "ḡ" */
    0x0, 0x7, 0xff, 0xff, 0xfe, 0x0, 0x0, 0x0,
    0x7f, 0xff, 0xff, 0xe0, 0x0, 0x0, 0x0, 0x0,
    0x0, 0x0, 0x0, 0x0, 0x0, 0x0, 0x0, 0x0,
    0x0, 0x0, 0x0, 0x3, 0xbe, 0xfc, 0x41, 0xff,
    0x30, 0x5, 0xff, 0xff, 0xff, 0x7f, 0xf3, 0x2,
    0xff, 0xe5, 0x24, 0xcf, 0xff, 0x30, 0x9f, 0xf3,
    0x0, 0x0, 0xdf, 0xf3, 0xd, 0xfb, 0x0, 0x0,
    0x6, 0xff, 0x30, 0xff, 0x90, 0x0, 0x0, 0x3f,
    0xf3, 0xf, 0xf8, 0x0, 0x0, 0x4, 0xff, 0x30,
    0xef, 0xb0, 0x0, 0x0, 0x6f, 0xf3, 0xa, 0xff,
    0x10, 0x0, 0xd, 0xff, 0x30, 0x3f, 0xfc, 0x30,
    0x2a, 0xff, 0xf3, 0x0, 0x7f, 0xff, 0xff, 0xfb,
    0xff, 0x30, 0x0, 0x5d, 0xff, 0xe7, 0x3f, 0xf3,
    0x0, 0x0, 0x0, 0x10, 0x4, 0xff, 0x20, 0x8f,
    0xe1, 0x0, 0x0, 0x9f, 0xf0, 0x2, 0xff, 0xc4,
    0x23, 0x8f, 0xfa, 0x0, 0x5, 0xff, 0xff, 0xff,
    0xfd, 0x10, 0x0, 0x2, 0xae, 0xfe, 0xc7, 0x0,
    0x0,

    /* U+1E22 "Ḣ" */
    0x0, 0x0, 0x0, 0x8f, 0x80, 0x0, 0x0, 0x0,
    0x0, 0x0, 0x8f, 0x80, 0x0, 0x0, 0x0, 0x0,
    0x0, 0x24, 0x20, 0x0, 0x0, 0x0, 0x0, 0x0,
    0x0, 0x0, 0x0, 0x0, 0x2f, 0xf0, 0x0, 0x0,
    0x0, 0x6, 0xfc, 0x2f, 0xf0, 0x0, 0x0, 0x0,
    0x6, 0xfc, 0x2f, 0xf0, 0x0, 0x0, 0x0, 0x6,
    0xfc, 0x2f, 0xf0, 0x0, 0x0, 0x0, 0x6, 0xfc,
    0x2f, 0xf0, 0x0, 0x0, 0x0, 0x6, 0xfc, 0x2f,
    0xf0, 0x0, 0x0, 0x0, 0x6, 0xfc, 0x2f, 0xfe,
    0xee, 0xee, 0xee, 0xef, 0xfc, 0x2f, 0xff, 0xff,
    0xff, 0xff, 0xff, 0xfc, 0x2f, 0xf0, 0x0, 0x0,
    0x0, 0x6, 0xfc, 0x2f, 0xf0, 0x0, 0x0, 0x0,
    0x6, 0xfc, 0x2f, 0xf0, 0x0, 0x0, 0x0, 0x6,
    0xfc, 0x2f, 0xf0, 0x0, 0x0, 0x0, 0x6, 0xfc,
    0x2f, 0xf0, 0x0, 0x0, 0x0, 0x6, 0xfc, 0x2f,
    0xf0, 0x0, 0x0, 0x0, 0x6, 0xfc, 0x2f, 0xf0,
    0x0, 0x0, 0x0, 0x6, 0xfc, 0x2f, 0xf0, 0x0,
    0x0, 0x0, 0x6, 0xfc,

    /* U+1E23 "ḣ" */
    0x6f, 0xa0, 0x0, 0x0, 0x0, 0x6, 0xfa, 0x0,
    0x0, 0x0, 0x0, 0x14, 0x20, 0x0, 0x0, 0x0,
    0x0, 0x0, 0x0, 0x0, 0x0, 0x0, 0x7f, 0x90,
    0x0, 0x0, 0x0, 0x7, 0xf9, 0x0, 0x0, 0x0,
    0x0, 0x7f, 0x90, 0x0, 0x0, 0x0, 0x7, 0xf9,
    0x0, 0x0, 0x0, 0x0, 0x7f, 0x93, 0xbe, 0xfc,
    0x60, 0x7, 0xfd, 0xff, 0xcd, 0xff, 0x80, 0x7f,
    0xfa, 0x0, 0x7, 0xff, 0x7, 0xfe, 0x0, 0x0,
    0xe, 0xf3, 0x7f, 0xa0, 0x0, 0x0, 0xcf, 0x47,
    0xf9, 0x0, 0x0, 0xc, 0xf4, 0x7f, 0x90, 0x0,
    0x0, 0xcf, 0x47, 0xf9, 0x0, 0x0, 0xc, 0xf4,
    0x7f, 0x90, 0x0, 0x0, 0xcf, 0x47, 0xf9, 0x0,
    0x0, 0xc, 0xf4, 0x7f, 0x90, 0x0, 0x0, 0xcf,
    0x47, 0xf9, 0x0, 0x0, 0xc, 0xf4,

    /* U+1E24 "Ḥ" */
    0x2f, 0xf0, 0x0, 0x0, 0x0, 0x6, 0xfc, 0x2f,
    0xf0, 0x0, 0x0, 0x0, 0x6, 0xfc, 0x2f, 0xf0,
    0x0, 0x0, 0x0, 0x6, 0xfc, 0x2f, 0xf0, 0x0,
    0x0, 0x0, 0x6, 0xfc, 0x2f, 0xf0, 0x0, 0x0,
    0x0, 0x6, 0xfc, 0x2f, 0xf0, 0x0, 0x0, 0x0,
    0x6, 0xfc, 0x2f, 0xf0, 0x0, 0x0, 0x0, 0x6,
    0xfc, 0x2f, 0xff, 0xff, 0xff, 0xff, 0xff, 0xfc,
    0x2f, 0xfe, 0xee, 0xee, 0xee, 0xef, 0xfc, 0x2f,
    0xf0, 0x0, 0x0, 0x0, 0x6, 0xfc, 0x2f, 0xf0,
    0x0, 0x0, 0x0, 0x6, 0xfc, 0x2f, 0xf0, 0x0,
    0x0, 0x0, 0x6, 0xfc, 0x2f, 0xf0, 0x0, 0x0,
    0x0, 0x6, 0xfc, 0x2f, 0xf0, 0x0, 0x0, 0x0,
    0x6, 0xfc, 0x2f, 0xf0, 0x0, 0x0, 0x0, 0x6,
    0xfc, 0x2f, 0xf0, 0x0, 0x0, 0x0, 0x6, 0xfc,
    0x0, 0x0, 0x0, 0x0, 0x0, 0x0, 0x0, 0x0,
    0x0, 0x0, 0x0, 0x0, 0x0, 0x0, 0x0, 0x0,
    0x0, 0x24, 0x20, 0x0, 0x0, 0x0, 0x0, 0x0,
    0x8f, 0x80, 0x0, 0x0, 0x0, 0x0, 0x0, 0x8f,
    0x80, 0x0, 0x0,

    /* U+1E25 "ḥ" */
    0x7f, 0x90, 0x0, 0x0, 0x0, 0x7, 0xf9, 0x0,
    0x0, 0x0, 0x0, 0x7f, 0x90, 0x0, 0x0, 0x0,
    0x7, 0xf9, 0x0, 0x0, 0x0, 0x0, 0x7f, 0x93,
    0xbe, 0xfc, 0x60, 0x7, 0xfd, 0xff, 0xcd, 0xff,
    0x80, 0x7f, 0xfa, 0x0, 0x7, 0xff, 0x7, 0xfe,
    0x0, 0x0, 0xe, 0xf3, 0x7f, 0xa0, 0x0, 0x0,
    0xcf, 0x47, 0xf9, 0x0, 0x0, 0xc, 0xf4, 0x7f,
    0x90, 0x0, 0x0, 0xcf, 0x47, 0xf9, 0x0, 0x0,
    0xc, 0xf4, 0x7f, 0x90, 0x0, 0x0, 0xcf, 0x47,
    0xf9, 0x0, 0x0, 0xc, 0xf4, 0x7f, 0x90, 0x0,
    0x0, 0xcf, 0x47, 0xf9, 0x0, 0x0, 0xc, 0xf4,
    0x0, 0x0, 0x0, 0x0, 0x0, 0x0, 0x0, 0x0,
    0x0, 0x0, 0x0, 0x0, 0x0, 0x24, 0x20, 0x0,
    0x0, 0x0, 0x8, 0xf8, 0x0, 0x0, 0x0, 0x0,
    0x8f, 0x80, 0x0, 0x0,

    /* U+1E26 "Ḧ" */
    0x0, 0x0, 0xcf, 0x40, 0xaf, 0x70, 0x0, 0x0,
    0x0, 0xcf, 0x40, 0xaf, 0x70, 0x0, 0x0, 0x0,
    0x34, 0x10, 0x24, 0x10, 0x0, 0x0, 0x0, 0x0,
    0x0, 0x0, 0x0, 0x0, 0x2f, 0xf0, 0x0, 0x0,
    0x0, 0x6, 0xfc, 0x2f, 0xf0, 0x0, 0x0, 0x0,
    0x6, 0xfc, 0x2f, 0xf0, 0x0, 0x0, 0x0, 0x6,
    0xfc, 0x2f, 0xf0, 0x0, 0x0, 0x0, 0x6, 0xfc,
    0x2f, 0xf0, 0x0, 0x0, 0x0, 0x6, 0xfc, 0x2f,
    0xf0, 0x0, 0x0, 0x0, 0x6, 0xfc, 0x2f, 0xfe,
    0xee, 0xee, 0xee, 0xef, 0xfc, 0x2f, 0xff, 0xff,
    0xff, 0xff, 0xff, 0xfc, 0x2f, 0xf0, 0x0, 0x0,
    0x0, 0x6, 0xfc, 0x2f, 0xf0, 0x0, 0x0, 0x0,
    0x6, 0xfc, 0x2f, 0xf0, 0x0, 0x0, 0x0, 0x6,
    0xfc, 0x2f, 0xf0, 0x0, 0x0, 0x0, 0x6, 0xfc,
    0x2f, 0xf0, 0x0, 0x0, 0x0, 0x6, 0xfc, 0x2f,
    0xf0, 0x0, 0x0, 0x0, 0x6, 0xfc, 0x2f, 0xf0,
    0x0, 0x0, 0x0, 0x6, 0xfc, 0x2f, 0xf0, 0x0,
    0x0, 0x0, 0x6, 0xfc,

    /* U+1E27 "ḧ" */
    0x0, 0xaf, 0x70, 0x7f, 0x90, 0x0, 0xa, 0xf7,
    0x7, 0xf9, 0x0, 0x0, 0x24, 0x10, 0x14, 0x20,
    0x0, 0x0, 0x0, 0x0, 0x0, 0x0, 0x7f, 0x90,
    0x0, 0x0, 0x0, 0x7, 0xf9, 0x0, 0x0, 0x0,
    0x0, 0x7f, 0x90, 0x0, 0x0, 0x0, 0x7, 0xf9,
    0x0, 0x0, 0x0, 0x0, 0x7f, 0x93, 0xbe, 0xfc,
    0x60, 0x7, 0xfd, 0xff, 0xcd, 0xff, 0x80, 0x7f,
    0xfa, 0x0, 0x7, 0xff, 0x7, 0xfe, 0x0, 0x0,
    0xe, 0xf3, 0x7f, 0xa0, 0x0, 0x0, 0xcf, 0x47,
    0xf9, 0x0, 0x0, 0xc, 0xf4, 0x7f, 0x90, 0x0,
    0x0, 0xcf, 0x47, 0xf9, 0x0, 0x0, 0xc, 0xf4,
    0x7f, 0x90, 0x0, 0x0, 0xcf, 0x47, 0xf9, 0x0,
    0x0, 0xc, 0xf4, 0x7f, 0x90, 0x0, 0x0, 0xcf,
    0x47, 0xf9, 0x0, 0x0, 0xc, 0xf4,

    /* U+1E28 "Ḩ" */
    0x2, 0xff, 0x0, 0x0, 0x0, 0x0, 0x6f, 0xc0,
    0x2f, 0xf0, 0x0, 0x0, 0x0, 0x6, 0xfc, 0x2,
    0xff, 0x0, 0x0, 0x0, 0x0, 0x6f, 0xc0, 0x2f,
    0xf0, 0x0, 0x0, 0x0, 0x6, 0xfc, 0x2, 0xff,
    0x0, 0x0, 0x0, 0x0, 0x6f, 0xc0, 0x2f, 0xf0,
    0x0, 0x0, 0x0, 0x6, 0xfc, 0x2, 0xff, 0x0,
    0x0, 0x0, 0x0, 0x6f, 0xc0, 0x2f, 0xff, 0xff,
    0xff, 0xff, 0xff, 0xfc, 0x2, 0xff, 0xee, 0xee,
    0xee, 0xee, 0xff, 0xc0, 0x2f, 0xf0, 0x0, 0x0,
    0x0, 0x6, 0xfc, 0x2, 0xff, 0x0, 0x0, 0x0,
    0x0, 0x6f, 0xc0, 0x2f, 0xf0, 0x0, 0x0, 0x0,
    0x6, 0xfc, 0x2, 0xff, 0x0, 0x0, 0x0, 0x0,
    0x6f, 0xc0, 0x2f, 0xf0, 0x0, 0x0, 0x0, 0x6,
    0xfc, 0x2, 0xff, 0x0, 0x0, 0x0, 0x0, 0x6f,
    0xc0, 0x2f, 0xf0, 0x0, 0x0, 0x0, 0x6, 0xfc,
    0x0, 0xcb, 0x0, 0x0, 0x0, 0x0, 0x0, 0x0,
    0xe, 0xfa, 0x0, 0x0, 0x0, 0x0, 0x0, 0x0,
    0x8, 0xf6, 0x0, 0x0, 0x0, 0x0, 0x1, 0x56,
    0xdf, 0x40, 0x0, 0x0, 0x0, 0x0, 0x4f, 0xfd,
    0x60, 0x0, 0x0, 0x0, 0x0, 0x0,

    /* U+1E29 "ḩ" */
    0x7, 0xf9, 0x0, 0x0, 0x0, 0x0, 0x7, 0xf9,
    0x0, 0x0, 0x0, 0x0, 0x7, 0xf9, 0x0, 0x0,
    0x0, 0x0, 0x7, 0xf9, 0x0, 0x0, 0x0, 0x0,
    0x7, 0xf9, 0x3b, 0xef, 0xc6, 0x0, 0x7, 0xfd,
    0xff, 0xcd, 0xff, 0x80, 0x7, 0xff, 0xa0, 0x0,
    0x6f, 0xf0, 0x7, 0xfe, 0x0, 0x0, 0xe, 0xf3,
    0x7, 0xfa, 0x0, 0x0, 0xc, 0xf4, 0x7, 0xf9,
    0x0, 0x0, 0xc, 0xf4, 0x7, 0xf9, 0x0, 0x0,
    0xc, 0xf4, 0x7, 0xf9, 0x0, 0x0, 0xc, 0xf4,
    0x7, 0xf9, 0x0, 0x0, 0xc, 0xf4, 0x7, 0xf9,
    0x0, 0x0, 0xc, 0xf4, 0x7, 0xf9, 0x0, 0x0,
    0xc, 0xf4, 0x7, 0xf9, 0x0, 0x0, 0xc, 0xf4,
    0x5, 0xf2, 0x0, 0x0, 0x0, 0x0, 0x8, 0xfd,
    0x30, 0x0, 0x0, 0x0, 0x0, 0x2f, 0xd0, 0x0,
    0x0, 0x0, 0x56, 0x9f, 0xa0, 0x0, 0x0, 0x0,
    0xdf, 0xea, 0x10, 0x0, 0x0, 0x0,

    /* U+1E2A "Ḫ" */
    0x2f, 0xf0, 0x0, 0x0, 0x0, 0x6, 0xfc, 0x2f,
    0xf0, 0x0, 0x0, 0x0, 0x6, 0xfc, 0x2f, 0xf0,
    0x0, 0x0, 0x0, 0x6, 0xfc, 0x2f, 0xf0, 0x0,
    0x0, 0x0, 0x6, 0xfc, 0x2f, 0xf0, 0x0, 0x0,
    0x0, 0x6, 0xfc, 0x2f, 0xf0, 0x0, 0x0, 0x0,
    0x6, 0xfc, 0x2f, 0xf0, 0x0, 0x0, 0x0, 0x6,
    0xfc, 0x2f, 0xff, 0xff, 0xff, 0xff, 0xff, 0xfc,
    0x2f, 0xfe, 0xee, 0xee, 0xee, 0xef, 0xfc, 0x2f,
    0xf0, 0x0, 0x0, 0x0, 0x6, 0xfc, 0x2f, 0xf0,
    0x0, 0x0, 0x0, 0x6, 0xfc, 0x2f, 0xf0, 0x0,
    0x0, 0x0, 0x6, 0xfc, 0x2f, 0xf0, 0x0, 0x0,
    0x0, 0x6, 0xfc, 0x2f, 0xf0, 0x0, 0x0, 0x0,
    0x6, 0xfc, 0x2f, 0xf0, 0x0, 0x0, 0x0, 0x6,
    0xfc, 0x2f, 0xf0, 0x0, 0x0, 0x0, 0x6, 0xfc,
    0x0, 0x0, 0x0, 0x0, 0x0, 0x0, 0x0, 0x0,
    0x0, 0x10, 0x0, 0x1, 0x0, 0x0, 0x0, 0x0,
    0xd9, 0x0, 0xe, 0x70, 0x0, 0x0, 0x0, 0x7f,
    0x86, 0xcf, 0x20, 0x0, 0x0, 0x0, 0x7, 0xdf,
    0xc3, 0x0, 0x0,

    /* U+1E2B "ḫ" */
    0x7f, 0x90, 0x0, 0x0, 0x0, 0x7, 0xf9, 0x0,
    0x0, 0x0, 0x0, 0x7f, 0x90, 0x0, 0x0, 0x0,
    0x7, 0xf9, 0x0, 0x0, 0x0, 0x0, 0x7f, 0x93,
    0xbe, 0xfc, 0x60, 0x7, 0xfd, 0xff, 0xcd, 0xff,
    0x80, 0x7f, 0xfa, 0x0, 0x7, 0xff, 0x7, 0xfe,
    0x0, 0x0, 0xe, 0xf3, 0x7f, 0xa0, 0x0, 0x0,
    0xcf, 0x47, 0xf9, 0x0, 0x0, 0xc, 0xf4, 0x7f,
    0x90, 0x0, 0x0, 0xcf, 0x47, 0xf9, 0x0, 0x0,
    0xc, 0xf4, 0x7f, 0x90, 0x0, 0x0, 0xcf, 0x47,
    0xf9, 0x0, 0x0, 0xc, 0xf4, 0x7f, 0x90, 0x0,
    0x0, 0xcf, 0x47, 0xf9, 0x0, 0x0, 0xc, 0xf4,
    0x0, 0x0, 0x0, 0x0, 0x0, 0x0, 0x1, 0x0,
    0x0, 0x10, 0x0, 0x0, 0xd9, 0x0, 0xe, 0x80,
    0x0, 0x6, 0xf8, 0x6c, 0xf2, 0x0, 0x0, 0x7,
    0xdf, 0xc3, 0x0, 0x0,

    /* U+1E2C "Ḭ" */
    0x0, 0xe, 0xf4, 0x0, 0x0, 0xe, 0xf4, 0x0,
    0x0, 0xe, 0xf4, 0x0, 0x0, 0xe, 0xf4, 0x0,
    0x0, 0xe, 0xf4, 0x0, 0x0, 0xe, 0xf4, 0x0,
    0x0, 0xe, 0xf4, 0x0, 0x0, 0xe, 0xf4, 0x0,
    0x0, 0xe, 0xf4, 0x0, 0x0, 0xe, 0xf4, 0x0,
    0x0, 0xe, 0xf4, 0x0, 0x0, 0xe, 0xf4, 0x0,
    0x0, 0xe, 0xf4, 0x0, 0x0, 0xe, 0xf4, 0x0,
    0x0, 0xe, 0xf4, 0x0, 0x0, 0xe, 0xf4, 0x0,
    0x0, 0x0, 0x0, 0x0, 0x0, 0x0, 0x0, 0x0,
    0x0, 0x10, 0x0, 0x11, 0x1d, 0xff, 0xca, 0xeb,
    0x9f, 0x68, 0xcf, 0xd3,

    /* U+1E2D "ḭ" */
    0x0, 0x7, 0xf9, 0x0, 0x0, 0x0, 0x7f, 0x90,
    0x0, 0x0, 0x1, 0x42, 0x0, 0x0, 0x0, 0x0,
    0x0, 0x0, 0x0, 0x7, 0xf9, 0x0, 0x0, 0x0,
    0x7f, 0x90, 0x0, 0x0, 0x7, 0xf9, 0x0, 0x0,
    0x0, 0x7f, 0x90, 0x0, 0x0, 0x7, 0xf9, 0x0,
    0x0, 0x0, 0x7f, 0x90, 0x0, 0x0, 0x7, 0xf9,
    0x0, 0x0, 0x0, 0x7f, 0x90, 0x0, 0x0, 0x7,
    0xf9, 0x0, 0x0, 0x0, 0x7f, 0x90, 0x0, 0x0,
    0x7, 0xf9, 0x0, 0x0, 0x0, 0x7f, 0x90, 0x0,
    0x0, 0x0, 0x0, 0x0, 0x0, 0x0, 0x0, 0x0,
    0x0, 0x0, 0x11, 0x0, 0x2, 0x0, 0xaf, 0xfe,
    0xac, 0xf1, 0x3f, 0x96, 0xbe, 0xe6, 0x0,

    /* U+1E2E "Ḯ" */
    0x0, 0x1, 0x11, 0x0, 0x0, 0xdf, 0x90, 0x0,
    0x5f, 0xc0, 0x0, 0xd, 0xe1, 0x0, 0x0, 0x0,
    0x0, 0xe, 0xf2, 0xc, 0xf5, 0xef, 0x20, 0xcf,
    0x53, 0x40, 0x3, 0x41, 0x0, 0x0, 0x0, 0x0,
    0xe, 0xf4, 0x0, 0x0, 0xef, 0x40, 0x0, 0xe,
    0xf4, 0x0, 0x0, 0xef, 0x40, 0x0, 0xe, 0xf4,
    0x0, 0x0, 0xef, 0x40, 0x0, 0xe, 0xf4, 0x0,
    0x0, 0xef, 0x40, 0x0, 0xe, 0xf4, 0x0, 0x0,
    0xef, 0x40, 0x0, 0xe, 0xf4, 0x0, 0x0, 0xef,
    0x40, 0x0, 0xe, 0xf4, 0x0, 0x0, 0xef, 0x40,
    0x0, 0xe, 0xf4, 0x0, 0x0, 0xef, 0x40, 0x0,

    /* U+1E2F "ḯ" */
    0x0, 0x1, 0x11, 0x0, 0x0, 0xdf, 0x90, 0x0,
    0x5f, 0xc0, 0x0, 0xd, 0xe1, 0x0, 0x0, 0x0,
    0x0, 0xe, 0xf3, 0xb, 0xf5, 0xef, 0x30, 0xbf,
    0x53, 0x40, 0x2, 0x41, 0x0, 0x0, 0x0, 0x0,
    0xd, 0xf3, 0x0, 0x0, 0xdf, 0x30, 0x0, 0xd,
    0xf3, 0x0, 0x0, 0xdf, 0x30, 0x0, 0xd, 0xf3,
    0x0, 0x0, 0xdf, 0x30, 0x0, 0xd, 0xf3, 0x0,
    0x0, 0xdf, 0x30, 0x0, 0xd, 0xf3, 0x0, 0x0,
    0xdf, 0x30, 0x0, 0xd, 0xf3, 0x0, 0x0, 0xdf,
    0x30, 0x0,

    /* U+1E30 "Ḱ" */
    0x0, 0x0, 0x0, 0x1, 0x10, 0x0, 0x0, 0x0,
    0x0, 0x0, 0xd, 0xf9, 0x0, 0x0, 0x0, 0x0,
    0x0, 0x5, 0xfc, 0x0, 0x0, 0x0, 0x0, 0x0,
    0x0, 0xde, 0x10, 0x0, 0x0, 0x0, 0x0, 0x0,
    0x0, 0x0, 0x0, 0x0, 0x0, 0x5, 0xfd, 0x0,
    0x0, 0x0, 0x7, 0xff, 0x70, 0x5f, 0xd0, 0x0,
    0x0, 0x7, 0xff, 0x60, 0x5, 0xfd, 0x0, 0x0,
    0x8, 0xff, 0x50, 0x0, 0x5f, 0xd0, 0x0, 0x8,
    0xff, 0x40, 0x0, 0x5, 0xfd, 0x0, 0x9, 0xff,
    0x40, 0x0, 0x0, 0x5f, 0xd0, 0x9, 0xfe, 0x30,
    0x0, 0x0, 0x5, 0xfd, 0xa, 0xff, 0x50, 0x0,
    0x0, 0x0, 0x5f, 0xea, 0xff, 0xfd, 0x0, 0x0,
    0x0, 0x5, 0xff, 0xfd, 0x3e, 0xf9, 0x0, 0x0,
    0x0, 0x5f, 0xfc, 0x10, 0x4f, 0xf6, 0x0, 0x0,
    0x5, 0xfe, 0x0, 0x0, 0x8f, 0xf2, 0x0, 0x0,
    0x5f, 0xd0, 0x0, 0x0, 0xcf, 0xd0, 0x0, 0x5,
    0xfd, 0x0, 0x0, 0x2, 0xff, 0xa0, 0x0, 0x5f,
    0xd0, 0x0, 0x0, 0x6, 0xff, 0x60, 0x5, 0xfd,
    0x0, 0x0, 0x0, 0xa, 0xff, 0x30, 0x5f, 0xd0,
    0x0, 0x0, 0x0, 0x1e, 0xfd, 0x0,

    /* U+1E31 "ḱ" */
    0x0, 0x0, 0x11, 0x0, 0x0, 0x0, 0x0, 0xdf,
    0x90, 0x0, 0x0, 0x0, 0x5f, 0xc0, 0x0, 0x0,
    0x0, 0xc, 0xe1, 0x0, 0x0, 0x0, 0x0, 0x0,
    0x0, 0x0, 0x0, 0x7, 0xf8, 0x0, 0x0, 0x0,
    0x0, 0x7f, 0x80, 0x0, 0x0, 0x0, 0x7, 0xf8,
    0x0, 0x0, 0x0, 0x0, 0x7f, 0x80, 0x0, 0x0,
    0x0, 0x7, 0xf8, 0x0, 0x3, 0xff, 0x70, 0x7f,
    0x80, 0x3, 0xff, 0x60, 0x7, 0xf8, 0x3, 0xef,
    0x60, 0x0, 0x7f, 0x83, 0xef, 0x50, 0x0, 0x7,
    0xfb, 0xef, 0x90, 0x0, 0x0, 0x7f, 0xff, 0xff,
    0x20, 0x0, 0x7, 0xff, 0x59, 0xfc, 0x0, 0x0,
    0x7f, 0x80, 0x1e, 0xf6, 0x0, 0x7, 0xf8, 0x0,
    0x5f, 0xf2, 0x0, 0x7f, 0x80, 0x0, 0xbf, 0xb0,
    0x7, 0xf8, 0x0, 0x1, 0xff, 0x60, 0x7f, 0x80,
    0x0, 0x6, 0xff, 0x10,

    /* U+1E32 "Ḳ" */
    0x5f, 0xd0, 0x0, 0x0, 0x0, 0x7f, 0xf7, 0x5,
    0xfd, 0x0, 0x0, 0x0, 0x7f, 0xf6, 0x0, 0x5f,
    0xd0, 0x0, 0x0, 0x8f, 0xf5, 0x0, 0x5, 0xfd,
    0x0, 0x0, 0x8f, 0xf4, 0x0, 0x0, 0x5f, 0xd0,
    0x0, 0x9f, 0xf4, 0x0, 0x0, 0x5, 0xfd, 0x0,
    0x9f, 0xe3, 0x0, 0x0, 0x0, 0x5f, 0xd0, 0xaf,
    0xf5, 0x0, 0x0, 0x0, 0x5, 0xfe, 0xaf, 0xff,
    0xd0, 0x0, 0x0, 0x0, 0x5f, 0xff, 0xd3, 0xef,
    0x90, 0x0, 0x0, 0x5, 0xff, 0xc1, 0x4, 0xff,
    0x60, 0x0, 0x0, 0x5f, 0xe0, 0x0, 0x8, 0xff,
    0x20, 0x0, 0x5, 0xfd, 0x0, 0x0, 0xc, 0xfd,
    0x0, 0x0, 0x5f, 0xd0, 0x0, 0x0, 0x2f, 0xfa,
    0x0, 0x5, 0xfd, 0x0, 0x0, 0x0, 0x6f, 0xf6,
    0x0, 0x5f, 0xd0, 0x0, 0x0, 0x0, 0xaf, 0xf3,
    0x5, 0xfd, 0x0, 0x0, 0x0, 0x1, 0xef, 0xd0,
    0x0, 0x0, 0x0, 0x0, 0x0, 0x0, 0x0, 0x0,
    0x0, 0x0, 0x0, 0x0, 0x0, 0x0, 0x0, 0x0,
    0x0, 0x2, 0x42, 0x0, 0x0, 0x0, 0x0, 0x0,
    0x0, 0x9f, 0x70, 0x0, 0x0, 0x0, 0x0, 0x0,
    0x9, 0xf7, 0x0, 0x0, 0x0, 0x0,

    /* U+1E33 "ḳ" */
    0x7f, 0x80, 0x0, 0x0, 0x0, 0x7, 0xf8, 0x0,
    0x0, 0x0, 0x0, 0x7f, 0x80, 0x0, 0x0, 0x0,
    0x7, 0xf8, 0x0, 0x0, 0x0, 0x0, 0x7f, 0x80,
    0x0, 0x3f, 0xf7, 0x7, 0xf8, 0x0, 0x3f, 0xf6,
    0x0, 0x7f, 0x80, 0x3e, 0xf6, 0x0, 0x7, 0xf8,
    0x3e, 0xf5, 0x0, 0x0, 0x7f, 0xbe, 0xf9, 0x0,
    0x0, 0x7, 0xff, 0xff, 0xf2, 0x0, 0x0, 0x7f,
    0xf5, 0x9f, 0xc0, 0x0, 0x7, 0xf8, 0x1, 0xef,
    0x60, 0x0, 0x7f, 0x80, 0x5, 0xff, 0x20, 0x7,
    0xf8, 0x0, 0xb, 0xfb, 0x0, 0x7f, 0x80, 0x0,
    0x1f, 0xf6, 0x7, 0xf8, 0x0, 0x0, 0x6f, 0xf1,
    0x0, 0x0, 0x0, 0x0, 0x0, 0x0, 0x0, 0x0,
    0x0, 0x0, 0x0, 0x0, 0x0, 0x43, 0x0, 0x0,
    0x0, 0x0, 0x3f, 0xe0, 0x0, 0x0, 0x0, 0x3,
    0xfe, 0x0, 0x0, 0x0,

    /* U+1E34 "Ḵ" */
    0x5f, 0xd0, 0x0, 0x0, 0x0, 0x7f, 0xf7, 0x5,
    0xfd, 0x0, 0x0, 0x0, 0x7f, 0xf6, 0x0, 0x5f,
    0xd0, 0x0, 0x0, 0x8f, 0xf5, 0x0, 0x5, 0xfd,
    0x0, 0x0, 0x8f, 0xf4, 0x0, 0x0, 0x5f, 0xd0,
    0x0, 0x9f, 0xf4, 0x0, 0x0, 0x5, 0xfd, 0x0,
    0x9f, 0xe3, 0x0, 0x0, 0x0, 0x5f, 0xd0, 0xaf,
    0xf5, 0x0, 0x0, 0x0, 0x5, 0xfe, 0xaf, 0xff,
    0xd0, 0x0, 0x0, 0x0, 0x5f, 0xff, 0xd3, 0xef,
    0x90, 0x0, 0x0, 0x5, 0xff, 0xc1, 0x4, 0xff,
    0x60, 0x0, 0x0, 0x5f, 0xe0, 0x0, 0x8, 0xff,
    0x20, 0x0, 0x5, 0xfd, 0x0, 0x0, 0xc, 0xfd,
    0x0, 0x0, 0x5f, 0xd0, 0x0, 0x0, 0x2f, 0xfa,
    0x0, 0x5, 0xfd, 0x0, 0x0, 0x0, 0x6f, 0xf6,
    0x0, 0x5f, 0xd0, 0x0, 0x0, 0x0, 0xaf, 0xf3,
    0x5, 0xfd, 0x0, 0x0, 0x0, 0x1, 0xef, 0xd0,
    0x0, 0x0, 0x0, 0x0, 0x0, 0x0, 0x0, 0x0,
    0x0, 0x0, 0x0, 0x0, 0x0, 0x0, 0x0, 0x0,
    0x0, 0x0, 0x0, 0x0, 0x0, 0x0, 0x0, 0x0,
    0x7a, 0xaa, 0xaa, 0xa3, 0x0, 0x0, 0x0, 0xa,
    0xff, 0xff, 0xff, 0x50, 0x0, 0x0,

    /* U+1E35 "ḵ" */
    0x7f, 0x80, 0x0, 0x0, 0x0, 0x7, 0xf8, 0x0,
    0x0, 0x0, 0x0, 0x7f, 0x80, 0x0, 0x0, 0x0,
    0x7, 0xf8, 0x0, 0x0, 0x0, 0x0, 0x7f, 0x80,
    0x0, 0x3f, 0xf7, 0x7, 0xf8, 0x0, 0x3f, 0xf6,
    0x0, 0x7f, 0x80, 0x3e, 0xf6, 0x0, 0x7, 0xf8,
    0x3e, 0xf5, 0x0, 0x0, 0x7f, 0xbe, 0xf9, 0x0,
    0x0, 0x7, 0xff, 0xff, 0xf2, 0x0, 0x0, 0x7f,
    0xf5, 0x9f, 0xc0, 0x0, 0x7, 0xf8, 0x1, 0xef,
    0x60, 0x0, 0x7f, 0x80, 0x5, 0xff, 0x20, 0x7,
    0xf8, 0x0, 0xb, 0xfb, 0x0, 0x7f, 0x80, 0x0,
    0x1f, 0xf6, 0x7, 0xf8, 0x0, 0x0, 0x6f, 0xf1,
    0x0, 0x0, 0x0, 0x0, 0x0, 0x0, 0x0, 0x0,
    0x0, 0x0, 0x0, 0x0, 0x0, 0x0, 0x0, 0x0,
    0x0, 0x3a, 0xaa, 0xaa, 0xa7, 0x0, 0x4, 0xff,
    0xff, 0xff, 0xb0, 0x0,

    /* U+1E36 "Ḷ" */
    0x4f, 0xe0, 0x0, 0x0, 0x0, 0x0, 0x4f, 0xe0,
    0x0, 0x0, 0x0, 0x0, 0x4f, 0xe0, 0x0, 0x0,
    0x0, 0x0, 0x4f, 0xe0, 0x0, 0x0, 0x0, 0x0,
    0x4f, 0xe0, 0x0, 0x0, 0x0, 0x0, 0x4f, 0xe0,
    0x0, 0x0, 0x0, 0x0, 0x4f, 0xe0, 0x0, 0x0,
    0x0, 0x0, 0x4f, 0xe0, 0x0, 0x0, 0x0, 0x0,
    0x4f, 0xe0, 0x0, 0x0, 0x0, 0x0, 0x4f, 0xe0,
    0x0, 0x0, 0x0, 0x0, 0x4f, 0xe0, 0x0, 0x0,
    0x0, 0x0, 0x4f, 0xe0, 0x0, 0x0, 0x0, 0x0,
    0x4f, 0xe0, 0x0, 0x0, 0x0, 0x0, 0x4f, 0xe0,
    0x0, 0x0, 0x0, 0x0, 0x4f, 0xfe, 0xee, 0xee,
    0xee, 0xe0, 0x4f, 0xff, 0xff, 0xff, 0xff, 0xf0,
    0x0, 0x0, 0x0, 0x0, 0x0, 0x0, 0x0, 0x0,
    0x0, 0x0, 0x0, 0x0, 0x0, 0x0, 0x14, 0x30,
    0x0, 0x0, 0x0, 0x0, 0x4f, 0xc0, 0x0, 0x0,
    0x0, 0x0, 0x4f, 0xc0, 0x0, 0x0,

    /* U+1E37 "ḷ" */
    0x7f, 0x97, 0xf9, 0x7f, 0x97, 0xf9, 0x7f, 0x97,
    0xf9, 0x7f, 0x97, 0xf9, 0x7f, 0x97, 0xf9, 0x7f,
    0x97, 0xf9, 0x7f, 0x97, 0xf9, 0x7f, 0x97, 0xf9,
    0x0, 0x0, 0x0, 0x14, 0x26, 0xfa, 0x6f, 0xa0,

    /* U+1E38 "Ḹ" */
    0x0, 0x8a, 0xaa, 0xaa, 0xa1, 0x0, 0x0, 0xdf,
    0xff, 0xff, 0xf3, 0x0, 0x0, 0x0, 0x0, 0x0,
    0x0, 0x0, 0x0, 0x0, 0x0, 0x0, 0x0, 0x0,
    0x4f, 0xe0, 0x0, 0x0, 0x0, 0x0, 0x4f, 0xe0,
    0x0, 0x0, 0x0, 0x0, 0x4f, 0xe0, 0x0, 0x0,
    0x0, 0x0, 0x4f, 0xe0, 0x0, 0x0, 0x0, 0x0,
    0x4f, 0xe0, 0x0, 0x0, 0x0, 0x0, 0x4f, 0xe0,
    0x0, 0x0, 0x0, 0x0, 0x4f, 0xe0, 0x0, 0x0,
    0x0, 0x0, 0x4f, 0xe0, 0x0, 0x0, 0x0, 0x0,
    0x4f, 0xe0, 0x0, 0x0, 0x0, 0x0, 0x4f, 0xe0,
    0x0, 0x0, 0x0, 0x0, 0x4f, 0xe0, 0x0, 0x0,
    0x0, 0x0, 0x4f, 0xe0, 0x0, 0x0, 0x0, 0x0,
    0x4f, 0xe0, 0x0, 0x0, 0x0, 0x0, 0x4f, 0xe0,
    0x0, 0x0, 0x0, 0x0, 0x4f, 0xfe, 0xee, 0xee,
    0xee, 0xe0, 0x4f, 0xff, 0xff, 0xff, 0xff, 0xf0,
    0x0, 0x0, 0x0, 0x0, 0x0, 0x0, 0x0, 0x0,
    0x0, 0x0, 0x0, 0x0, 0x0, 0x0, 0x14, 0x30,
    0x0, 0x0, 0x0, 0x0, 0x4f, 0xc0, 0x0, 0x0,
    0x0, 0x0, 0x4f, 0xc0, 0x0, 0x0,

    /* U+1E39 "ḹ" */
    0x9a, 0xaa, 0xaa, 0xa0, 0xff, 0xff, 0xff, 0xf1,
    0x0, 0x0, 0x0, 0x0, 0x0, 0x0, 0x0, 0x0,
    0x0, 0x7f, 0x90, 0x0, 0x0, 0x7f, 0x90, 0x0,
    0x0, 0x7f, 0x90, 0x0, 0x0, 0x7f, 0x90, 0x0,
    0x0, 0x7f, 0x90, 0x0, 0x0, 0x7f, 0x90, 0x0,
    0x0, 0x7f, 0x90, 0x0, 0x0, 0x7f, 0x90, 0x0,
    0x0, 0x7f, 0x90, 0x0, 0x0, 0x7f, 0x90, 0x0,
    0x0, 0x7f, 0x90, 0x0, 0x0, 0x7f, 0x90, 0x0,
    0x0, 0x7f, 0x90, 0x0, 0x0, 0x7f, 0x90, 0x0,
    0x0, 0x7f, 0x90, 0x0, 0x0, 0x7f, 0x90, 0x0,
    0x0, 0x0, 0x0, 0x0, 0x0, 0x0, 0x0, 0x0,
    0x0, 0x14, 0x20, 0x0, 0x0, 0x6f, 0xa0, 0x0,
    0x0, 0x6f, 0xa0, 0x0,

    /* U+1E3A "Ḻ" */
    0x4f, 0xe0, 0x0, 0x0, 0x0, 0x0, 0x4f, 0xe0,
    0x0, 0x0, 0x0, 0x0, 0x4f, 0xe0, 0x0, 0x0,
    0x0, 0x0, 0x4f, 0xe0, 0x0, 0x0, 0x0, 0x0,
    0x4f, 0xe0, 0x0, 0x0, 0x0, 0x0, 0x4f, 0xe0,
    0x0, 0x0, 0x0, 0x0, 0x4f, 0xe0, 0x0, 0x0,
    0x0, 0x0, 0x4f, 0xe0, 0x0, 0x0, 0x0, 0x0,
    0x4f, 0xe0, 0x0, 0x0, 0x0, 0x0, 0x4f, 0xe0,
    0x0, 0x0, 0x0, 0x0, 0x4f, 0xe0, 0x0, 0x0,
    0x0, 0x0, 0x4f, 0xe0, 0x0, 0x0, 0x0, 0x0,
    0x4f, 0xe0, 0x0, 0x0, 0x0, 0x0, 0x4f, 0xe0,
    0x0, 0x0, 0x0, 0x0, 0x4f, 0xfe, 0xee, 0xee,
    0xee, 0xe0, 0x4f, 0xff, 0xff, 0xff, 0xff, 0xf0,
    0x0, 0x0, 0x0, 0x0, 0x0, 0x0, 0x0, 0x0,
    0x0, 0x0, 0x0, 0x0, 0x0, 0x0, 0x0, 0x0,
    0x0, 0x0, 0x0, 0x7a, 0xaa, 0xaa, 0xa3, 0x0,
    0x0, 0xbf, 0xff, 0xff, 0xf4, 0x0,

    /* U+1E3B "ḻ" */
    0x0, 0x7f, 0x90, 0x0, 0x0, 0x7f, 0x90, 0x0,
    0x0, 0x7f, 0x90, 0x0, 0x0, 0x7f, 0x90, 0x0,
    0x0, 0x7f, 0x90, 0x0, 0x0, 0x7f, 0x90, 0x0,
    0x0, 0x7f, 0x90, 0x0, 0x0, 0x7f, 0x90, 0x0,
    0x0, 0x7f, 0x90, 0x0, 0x0, 0x7f, 0x90, 0x0,
    0x0, 0x7f, 0x90, 0x0, 0x0, 0x7f, 0x90, 0x0,
    0x0, 0x7f, 0x90, 0x0, 0x0, 0x7f, 0x90, 0x0,
    0x0, 0x7f, 0x90, 0x0, 0x0, 0x7f, 0x90, 0x0,
    0x0, 0x0, 0x0, 0x0, 0x0, 0x0, 0x0, 0x0,
    0x0, 0x0, 0x0, 0x0, 0xaa, 0xaa, 0xaa, 0xa0,
    0xff, 0xff, 0xff, 0xf0,

    /* U+1E3C "Ḽ" */
    0x4f, 0xe0, 0x0, 0x0, 0x0, 0x0, 0x4f, 0xe0,
    0x0, 0x0, 0x0, 0x0, 0x4f, 0xe0, 0x0, 0x0,
    0x0, 0x0, 0x4f, 0xe0, 0x0, 0x0, 0x0, 0x0,
    0x4f, 0xe0, 0x0, 0x0, 0x0, 0x0, 0x4f, 0xe0,
    0x0, 0x0, 0x0, 0x0, 0x4f, 0xe0, 0x0, 0x0,
    0x0, 0x0, 0x4f, 0xe0, 0x0, 0x0, 0x0, 0x0,
    0x4f, 0xe0, 0x0, 0x0, 0x0, 0x0, 0x4f, 0xe0,
    0x0, 0x0, 0x0, 0x0, 0x4f, 0xe0, 0x0, 0x0,
    0x0, 0x0, 0x4f, 0xe0, 0x0, 0x0, 0x0, 0x0,
    0x4f, 0xe0, 0x0, 0x0, 0x0, 0x0, 0x4f, 0xe0,
    0x0, 0x0, 0x0, 0x0, 0x4f, 0xfe, 0xee, 0xee,
    0xee, 0xe0, 0x4f, 0xff, 0xff, 0xff, 0xff, 0xf0,
    0x0, 0x0, 0x0, 0x0, 0x0, 0x0, 0x0, 0x0,
    0x14, 0x30, 0x0, 0x0, 0x0, 0x0, 0xbf, 0xf8,
    0x0, 0x0, 0x0, 0x8, 0xfa, 0xbf, 0x50, 0x0,
    0x0, 0x4f, 0xe1, 0x2f, 0xf2, 0x0,

    /* U+1E3D "ḽ" */
    0x0, 0x7f, 0x90, 0x0, 0x0, 0x7f, 0x90, 0x0,
    0x0, 0x7f, 0x90, 0x0, 0x0, 0x7f, 0x90, 0x0,
    0x0, 0x7f, 0x90, 0x0, 0x0, 0x7f, 0x90, 0x0,
    0x0, 0x7f, 0x90, 0x0, 0x0, 0x7f, 0x90, 0x0,
    0x0, 0x7f, 0x90, 0x0, 0x0, 0x7f, 0x90, 0x0,
    0x0, 0x7f, 0x90, 0x0, 0x0, 0x7f, 0x90, 0x0,
    0x0, 0x7f, 0x90, 0x0, 0x0, 0x7f, 0x90, 0x0,
    0x0, 0x7f, 0x90, 0x0, 0x0, 0x7f, 0x90, 0x0,
    0x0, 0x0, 0x0, 0x0, 0x0, 0x24, 0x30, 0x0,
    0x1, 0xef, 0xf4, 0x0, 0xc, 0xf7, 0xee, 0x10,
    0x8f, 0xb0, 0x6f, 0xc0,

    /* U+1E3E "Ḿ" */
    0x0, 0x0, 0x0, 0x0, 0x1, 0x10, 0x0, 0x0,
    0x0, 0x0, 0x0, 0x0, 0x5, 0xff, 0x30, 0x0,
    0x0, 0x0, 0x0, 0x0, 0x0, 0xcf, 0x50, 0x0,
    0x0, 0x0, 0x0, 0x0, 0x0, 0x4f, 0x80, 0x0,
    0x0, 0x0, 0x0, 0x0, 0x0, 0x0, 0x0, 0x0,
    0x0, 0x0, 0x4, 0xff, 0xf2, 0x0, 0x0, 0x0,
    0x0, 0xaf, 0xf6, 0x4f, 0xff, 0x80, 0x0, 0x0,
    0x0, 0xf, 0xff, 0x64, 0xfe, 0xfd, 0x0, 0x0,
    0x0, 0x5, 0xff, 0xf6, 0x4f, 0xdb, 0xf3, 0x0,
    0x0, 0x0, 0xbf, 0xbf, 0x64, 0xfd, 0x6f, 0x80,
    0x0, 0x0, 0x1f, 0xaa, 0xf6, 0x4f, 0xd0, 0xfe,
    0x0, 0x0, 0x6, 0xf4, 0xaf, 0x64, 0xfd, 0xa,
    0xf3, 0x0, 0x0, 0xce, 0xa, 0xf6, 0x4f, 0xd0,
    0x5f, 0x90, 0x0, 0x2f, 0x90, 0xaf, 0x64, 0xfd,
    0x0, 0xfe, 0x0, 0x7, 0xf3, 0xa, 0xf6, 0x4f,
    0xd0, 0xa, 0xf4, 0x0, 0xdd, 0x0, 0xaf, 0x64,
    0xfd, 0x0, 0x4f, 0x90, 0x3f, 0x80, 0xa, 0xf6,
    0x4f, 0xd0, 0x0, 0xef, 0x8, 0xf2, 0x0, 0xaf,
    0x64, 0xfd, 0x0, 0x9, 0xf4, 0xec, 0x0, 0xa,
    0xf6, 0x4f, 0xd0, 0x0, 0x4f, 0xdf, 0x70, 0x0,
    0xaf, 0x64, 0xfd, 0x0, 0x0, 0xef, 0xf1, 0x0,
    0xa, 0xf6, 0x4f, 0xd0, 0x0, 0x9, 0xfb, 0x0,
    0x0, 0xaf, 0x60,

    /* U+1E3F "ḿ" */
    0x0, 0x0, 0x0, 0x0, 0xe, 0xf9, 0x0, 0x0,
    0x0, 0x0, 0x0, 0x0, 0x6, 0xfc, 0x0, 0x0,
    0x0, 0x0, 0x0, 0x0, 0x0, 0xde, 0x10, 0x0,
    0x0, 0x0, 0x0, 0x0, 0x0, 0x1, 0x0, 0x0,
    0x0, 0x0, 0x8f, 0x54, 0xcf, 0xeb, 0x20, 0x3b,
    0xfe, 0xb3, 0x8, 0xfa, 0xfe, 0xce, 0xfe, 0x5f,
    0xec, 0xef, 0xf1, 0x8f, 0xf8, 0x0, 0xd, 0xff,
    0x90, 0x0, 0xcf, 0x78, 0xfd, 0x0, 0x0, 0x8f,
    0xe0, 0x0, 0x6, 0xfa, 0x8f, 0x90, 0x0, 0x6,
    0xfa, 0x0, 0x0, 0x5f, 0xb8, 0xf8, 0x0, 0x0,
    0x6f, 0x90, 0x0, 0x5, 0xfb, 0x8f, 0x80, 0x0,
    0x6, 0xf9, 0x0, 0x0, 0x5f, 0xb8, 0xf8, 0x0,
    0x0, 0x6f, 0x90, 0x0, 0x5, 0xfb, 0x8f, 0x80,
    0x0, 0x6, 0xf9, 0x0, 0x0, 0x5f, 0xb8, 0xf8,
    0x0, 0x0, 0x6f, 0x90, 0x0, 0x5, 0xfb, 0x8f,
    0x80, 0x0, 0x6, 0xf9, 0x0, 0x0, 0x5f, 0xb8,
    0xf8, 0x0, 0x0, 0x6f, 0x90, 0x0, 0x5, 0xfb,

    /* U+1E40 "Ṁ" */
    0x0, 0x0, 0x0, 0x6, 0xfa, 0x0, 0x0, 0x0,
    0x0, 0x0, 0x0, 0x0, 0x6f, 0xa0, 0x0, 0x0,
    0x0, 0x0, 0x0, 0x0, 0x1, 0x42, 0x0, 0x0,
    0x0, 0x0, 0x0, 0x0, 0x0, 0x0, 0x0, 0x0,
    0x0, 0x0, 0x4f, 0xff, 0x20, 0x0, 0x0, 0x0,
    0xa, 0xff, 0x64, 0xff, 0xf8, 0x0, 0x0, 0x0,
    0x0, 0xff, 0xf6, 0x4f, 0xef, 0xd0, 0x0, 0x0,
    0x0, 0x5f, 0xff, 0x64, 0xfd, 0xbf, 0x30, 0x0,
    0x0, 0xb, 0xfb, 0xf6, 0x4f, 0xd6, 0xf8, 0x0,
    0x0, 0x1, 0xfa, 0xaf, 0x64, 0xfd, 0xf, 0xe0,
    0x0, 0x0, 0x6f, 0x4a, 0xf6, 0x4f, 0xd0, 0xaf,
    0x30, 0x0, 0xc, 0xe0, 0xaf, 0x64, 0xfd, 0x5,
    0xf9, 0x0, 0x2, 0xf9, 0xa, 0xf6, 0x4f, 0xd0,
    0xf, 0xe0, 0x0, 0x7f, 0x30, 0xaf, 0x64, 0xfd,
    0x0, 0xaf, 0x40, 0xd, 0xd0, 0xa, 0xf6, 0x4f,
    0xd0, 0x4, 0xf9, 0x3, 0xf8, 0x0, 0xaf, 0x64,
    0xfd, 0x0, 0xe, 0xf0, 0x8f, 0x20, 0xa, 0xf6,
    0x4f, 0xd0, 0x0, 0x9f, 0x4e, 0xc0, 0x0, 0xaf,
    0x64, 0xfd, 0x0, 0x4, 0xfd, 0xf7, 0x0, 0xa,
    0xf6, 0x4f, 0xd0, 0x0, 0xe, 0xff, 0x10, 0x0,
    0xaf, 0x64, 0xfd, 0x0, 0x0, 0x9f, 0xb0, 0x0,
    0xa, 0xf6,

    /* U+1E41 "ṁ" */
    0x0, 0x0, 0x0, 0x3, 0xfd, 0x0, 0x0, 0x0,
    0x0, 0x0, 0x0, 0x0, 0x3f, 0xd0, 0x0, 0x0,
    0x0, 0x0, 0x0, 0x0, 0x0, 0x43, 0x0, 0x0,
    0x0, 0x0, 0x0, 0x0, 0x0, 0x0, 0x0, 0x0,
    0x0, 0x0, 0x8f, 0x54, 0xcf, 0xeb, 0x20, 0x3b,
    0xfe, 0xb3, 0x8, 0xfa, 0xfe, 0xce, 0xfe, 0x5f,
    0xec, 0xef, 0xf1, 0x8f, 0xf8, 0x0, 0xd, 0xff,
    0x90, 0x0, 0xcf, 0x78, 0xfd, 0x0, 0x0, 0x8f,
    0xe0, 0x0, 0x6, 0xfa, 0x8f, 0x90, 0x0, 0x6,
    0xfa, 0x0, 0x0, 0x5f, 0xb8, 0xf8, 0x0, 0x0,
    0x6f, 0x90, 0x0, 0x5, 0xfb, 0x8f, 0x80, 0x0,
    0x6, 0xf9, 0x0, 0x0, 0x5f, 0xb8, 0xf8, 0x0,
    0x0, 0x6f, 0x90, 0x0, 0x5, 0xfb, 0x8f, 0x80,
    0x0, 0x6, 0xf9, 0x0, 0x0, 0x5f, 0xb8, 0xf8,
    0x0, 0x0, 0x6f, 0x90, 0x0, 0x5, 0xfb, 0x8f,
    0x80, 0x0, 0x6, 0xf9, 0x0, 0x0, 0x5f, 0xb8,
    0xf8, 0x0, 0x0, 0x6f, 0x90, 0x0, 0x5, 0xfb,

    /* U+1E42 "Ṃ" */
    0x4f, 0xff, 0x20, 0x0, 0x0, 0x0, 0xa, 0xff,
    0x64, 0xff, 0xf8, 0x0, 0x0, 0x0, 0x0, 0xff,
    0xf6, 0x4f, 0xef, 0xd0, 0x0, 0x0, 0x0, 0x5f,
    0xff, 0x64, 0xfd, 0xbf, 0x30, 0x0, 0x0, 0xb,
    0xfb, 0xf6, 0x4f, 0xd6, 0xf8, 0x0, 0x0, 0x1,
    0xfa, 0xaf, 0x64, 0xfd, 0xf, 0xe0, 0x0, 0x0,
    0x6f, 0x4a, 0xf6, 0x4f, 0xd0, 0xaf, 0x30, 0x0,
    0xc, 0xe0, 0xaf, 0x64, 0xfd, 0x5, 0xf9, 0x0,
    0x2, 0xf9, 0xa, 0xf6, 0x4f, 0xd0, 0xf, 0xe0,
    0x0, 0x7f, 0x30, 0xaf, 0x64, 0xfd, 0x0, 0xaf,
    0x40, 0xd, 0xd0, 0xa, 0xf6, 0x4f, 0xd0, 0x4,
    0xf9, 0x3, 0xf8, 0x0, 0xaf, 0x64, 0xfd, 0x0,
    0xe, 0xf0, 0x8f, 0x20, 0xa, 0xf6, 0x4f, 0xd0,
    0x0, 0x9f, 0x4e, 0xc0, 0x0, 0xaf, 0x64, 0xfd,
    0x0, 0x4, 0xfd, 0xf7, 0x0, 0xa, 0xf6, 0x4f,
    0xd0, 0x0, 0xe, 0xff, 0x10, 0x0, 0xaf, 0x64,
    0xfd, 0x0, 0x0, 0x9f, 0xb0, 0x0, 0xa, 0xf6,
    0x0, 0x0, 0x0, 0x0, 0x0, 0x0, 0x0, 0x0,
    0x0, 0x0, 0x0, 0x0, 0x0, 0x0, 0x0, 0x0,
    0x0, 0x0, 0x0, 0x0, 0x1, 0x43, 0x0, 0x0,
    0x0, 0x0, 0x0, 0x0, 0x0, 0x4f, 0xc0, 0x0,
    0x0, 0x0, 0x0, 0x0, 0x0, 0x4, 0xfc, 0x0,
    0x0, 0x0, 0x0,

    /* U+1E43 "ṃ" */
    0x8f, 0x54, 0xcf, 0xeb, 0x20, 0x3b, 0xfe, 0xb3,
    0x8, 0xfa, 0xfe, 0xce, 0xfe, 0x5f, 0xec, 0xef,
    0xf1, 0x8f, 0xf8, 0x0, 0xd, 0xff, 0x90, 0x0,
    0xcf, 0x78, 0xfd, 0x0, 0x0, 0x8f, 0xe0, 0x0,
    0x6, 0xfa, 0x8f, 0x90, 0x0, 0x6, 0xfa, 0x0,
    0x0, 0x5f, 0xb8, 0xf8, 0x0, 0x0, 0x6f, 0x90,
    0x0, 0x5, 0xfb, 0x8f, 0x80, 0x0, 0x6, 0xf9,
    0x0, 0x0, 0x5f, 0xb8, 0xf8, 0x0, 0x0, 0x6f,
    0x90, 0x0, 0x5, 0xfb, 0x8f, 0x80, 0x0, 0x6,
    0xf9, 0x0, 0x0, 0x5f, 0xb8, 0xf8, 0x0, 0x0,
    0x6f, 0x90, 0x0, 0x5, 0xfb, 0x8f, 0x80, 0x0,
    0x6, 0xf9, 0x0, 0x0, 0x5f, 0xb8, 0xf8, 0x0,
    0x0, 0x6f, 0x90, 0x0, 0x5, 0xfb, 0x0, 0x0,
    0x0, 0x0, 0x0, 0x0, 0x0, 0x0, 0x0, 0x0,
    0x0, 0x0, 0x0, 0x0, 0x0, 0x0, 0x0, 0x0,
    0x0, 0x0, 0x1, 0x43, 0x0, 0x0, 0x0, 0x0,
    0x0, 0x0, 0x0, 0x4f, 0xc0, 0x0, 0x0, 0x0,
    0x0, 0x0, 0x0, 0x4, 0xfc, 0x0, 0x0, 0x0,
    0x0,

    /* U+1E44 "Ṅ" */
    0x0, 0x0, 0x0, 0x8f, 0x80, 0x0, 0x0, 0x0,
    0x0, 0x0, 0x8f, 0x80, 0x0, 0x0, 0x0, 0x0,
    0x0, 0x24, 0x20, 0x0, 0x0, 0x0, 0x0, 0x0,
    0x0, 0x0, 0x0, 0x0, 0x3f, 0xf6, 0x0, 0x0,
    0x0, 0x5, 0xfc, 0x3f, 0xff, 0x20, 0x0, 0x0,
    0x5, 0xfc, 0x3f, 0xff, 0xb0, 0x0, 0x0, 0x5,
    0xfc, 0x3f, 0xfe, 0xf7, 0x0, 0x0, 0x5, 0xfc,
    0x3f, 0xe5, 0xff, 0x20, 0x0, 0x5, 0xfc, 0x3f,
    0xe0, 0xaf, 0xc0, 0x0, 0x5, 0xfc, 0x3f, 0xe0,
    0x1e, 0xf7, 0x0, 0x5, 0xfc, 0x3f, 0xe0, 0x4,
    0xff, 0x30, 0x5, 0xfc, 0x3f, 0xe0, 0x0, 0x9f,
    0xd0, 0x5, 0xfc, 0x3f, 0xe0, 0x0, 0xd, 0xf8,
    0x5, 0xfc, 0x3f, 0xe0, 0x0, 0x3, 0xff, 0x35,
    0xfc, 0x3f, 0xe0, 0x0, 0x0, 0x8f, 0xd5, 0xfc,
    0x3f, 0xe0, 0x0, 0x0, 0xd, 0xfd, 0xfc, 0x3f,
    0xe0, 0x0, 0x0, 0x3, 0xff, 0xfc, 0x3f, 0xe0,
    0x0, 0x0, 0x0, 0x7f, 0xfc, 0x3f, 0xe0, 0x0,
    0x0, 0x0, 0xc, 0xfc,

    /* U+1E45 "ṅ" */
    0x0, 0x0, 0x1f, 0xf0, 0x0, 0x0, 0x0, 0x1,
    0xff, 0x0, 0x0, 0x0, 0x0, 0x4, 0x40, 0x0,
    0x0, 0x0, 0x0, 0x0, 0x0, 0x0, 0x7f, 0x63,
    0xbe, 0xfc, 0x60, 0x7, 0xf9, 0xff, 0xcd, 0xff,
    0x80, 0x7f, 0xf9, 0x0, 0x6, 0xff, 0x17, 0xfe,
    0x0, 0x0, 0xe, 0xf3, 0x7f, 0xa0, 0x0, 0x0,
    0xcf, 0x47, 0xf9, 0x0, 0x0, 0xc, 0xf4, 0x7f,
    0x90, 0x0, 0x0, 0xcf, 0x47, 0xf9, 0x0, 0x0,
    0xc, 0xf4, 0x7f, 0x90, 0x0, 0x0, 0xcf, 0x47,
    0xf9, 0x0, 0x0, 0xc, 0xf4, 0x7f, 0x90, 0x0,
    0x0, 0xcf, 0x47, 0xf9, 0x0, 0x0, 0xc, 0xf4,

    /* U+1E46 "Ṇ" */
    0x3f, 0xf6, 0x0, 0x0, 0x0, 0x5, 0xfc, 0x3f,
    0xff, 0x20, 0x0, 0x0, 0x5, 0xfc, 0x3f, 0xff,
    0xb0, 0x0, 0x0, 0x5, 0xfc, 0x3f, 0xfe, 0xf7,
    0x0, 0x0, 0x5, 0xfc, 0x3f, 0xe5, 0xff, 0x20,
    0x0, 0x5, 0xfc, 0x3f, 0xe0, 0xaf, 0xc0, 0x0,
    0x5, 0xfc, 0x3f, 0xe0, 0x1e, 0xf7, 0x0, 0x5,
    0xfc, 0x3f, 0xe0, 0x4, 0xff, 0x30, 0x5, 0xfc,
    0x3f, 0xe0, 0x0, 0x9f, 0xd0, 0x5, 0xfc, 0x3f,
    0xe0, 0x0, 0xd, 0xf8, 0x5, 0xfc, 0x3f, 0xe0,
    0x0, 0x3, 0xff, 0x35, 0xfc, 0x3f, 0xe0, 0x0,
    0x0, 0x8f, 0xd5, 0xfc, 0x3f, 0xe0, 0x0, 0x0,
    0xd, 0xfd, 0xfc, 0x3f, 0xe0, 0x0, 0x0, 0x3,
    0xff, 0xfc, 0x3f, 0xe0, 0x0, 0x0, 0x0, 0x7f,
    0xfc, 0x3f, 0xe0, 0x0, 0x0, 0x0, 0xc, 0xfc,
    0x0, 0x0, 0x0, 0x0, 0x0, 0x0, 0x0, 0x0,
    0x0, 0x0, 0x0, 0x0, 0x0, 0x0, 0x0, 0x0,
    0x0, 0x24, 0x20, 0x0, 0x0, 0x0, 0x0, 0x0,
    0x8f, 0x80, 0x0, 0x0, 0x0, 0x0, 0x0, 0x8f,
    0x80, 0x0, 0x0,

    /* U+1E47 "ṇ" */
    0x7f, 0x63, 0xbe, 0xfc, 0x60, 0x7, 0xf9, 0xff,
    0xcd, 0xff, 0x80, 0x7f, 0xf9, 0x0, 0x6, 0xff,
    0x17, 0xfe, 0x0, 0x0, 0xe, 0xf3, 0x7f, 0xa0,
    0x0, 0x0, 0xcf, 0x47, 0xf9, 0x0, 0x0, 0xc,
    0xf4, 0x7f, 0x90, 0x0, 0x0, 0xcf, 0x47, 0xf9,
    0x0, 0x0, 0xc, 0xf4, 0x7f, 0x90, 0x0, 0x0,
    0xcf, 0x47, 0xf9, 0x0, 0x0, 0xc, 0xf4, 0x7f,
    0x90, 0x0, 0x0, 0xcf, 0x47, 0xf9, 0x0, 0x0,
    0xc, 0xf4, 0x0, 0x0, 0x0, 0x0, 0x0, 0x0,
    0x0, 0x0, 0x0, 0x0, 0x0, 0x0, 0x0, 0x14,
    0x20, 0x0, 0x0, 0x0, 0x6, 0xfb, 0x0, 0x0,
    0x0, 0x0, 0x6f, 0xb0, 0x0, 0x0,

    /* U+1E48 "Ṉ" */
    0x3f, 0xf6, 0x0, 0x0, 0x0, 0x5, 0xfc, 0x3f,
    0xff, 0x20, 0x0, 0x0, 0x5, 0xfc, 0x3f, 0xff,
    0xb0, 0x0, 0x0, 0x5, 0xfc, 0x3f, 0xfe, 0xf7,
    0x0, 0x0, 0x5, 0xfc, 0x3f, 0xe5, 0xff, 0x20,
    0x0, 0x5, 0xfc, 0x3f, 0xe0, 0xaf, 0xc0, 0x0,
    0x5, 0xfc, 0x3f, 0xe0, 0x1e, 0xf7, 0x0, 0x5,
    0xfc, 0x3f, 0xe0, 0x4, 0xff, 0x30, 0x5, 0xfc,
    0x3f, 0xe0, 0x0, 0x9f, 0xd0, 0x5, 0xfc, 0x3f,
    0xe0, 0x0, 0xd, 0xf8, 0x5, 0xfc, 0x3f, 0xe0,
    0x0, 0x3, 0xff, 0x35, 0xfc, 0x3f, 0xe0, 0x0,
    0x0, 0x8f, 0xd5, 0xfc, 0x3f, 0xe0, 0x0, 0x0,
    0xd, 0xfd, 0xfc, 0x3f, 0xe0, 0x0, 0x0, 0x3,
    0xff, 0xfc, 0x3f, 0xe0, 0x0, 0x0, 0x0, 0x7f,
    0xfc, 0x3f, 0xe0, 0x0, 0x0, 0x0, 0xc, 0xfc,
    0x0, 0x0, 0x0, 0x0, 0x0, 0x0, 0x0, 0x0,
    0x0, 0x0, 0x0, 0x0, 0x0, 0x0, 0x0, 0x0,
    0x0, 0x0, 0x0, 0x0, 0x0, 0x0, 0x1, 0xaa,
    0xaa, 0xaa, 0x80, 0x0, 0x0, 0x3, 0xff, 0xff,
    0xff, 0xd0, 0x0,

    /* U+1E49 "ṉ" */
    0x7f, 0x63, 0xbe, 0xfc, 0x60, 0x7, 0xf9, 0xff,
    0xcd, 0xff, 0x80, 0x7f, 0xf9, 0x0, 0x6, 0xff,
    0x17, 0xfe, 0x0, 0x0, 0xe, 0xf3, 0x7f, 0xa0,
    0x0, 0x0, 0xcf, 0x47, 0xf9, 0x0, 0x0, 0xc,
    0xf4, 0x7f, 0x90, 0x0, 0x0, 0xcf, 0x47, 0xf9,
    0x0, 0x0, 0xc, 0xf4, 0x7f, 0x90, 0x0, 0x0,
    0xcf, 0x47, 0xf9, 0x0, 0x0, 0xc, 0xf4, 0x7f,
    0x90, 0x0, 0x0, 0xcf, 0x47, 0xf9, 0x0, 0x0,
    0xc, 0xf4, 0x0, 0x0, 0x0, 0x0, 0x0, 0x0,
    0x0, 0x0, 0x0, 0x0, 0x0, 0x0, 0x0, 0x0,
    0x0, 0x0, 0x0, 0xa, 0xaa, 0xaa, 0xaa, 0x0,
    0x0, 0xff, 0xff, 0xff, 0xf0, 0x0,

    /* U+1E4A "Ṋ" */
    0x3f, 0xf6, 0x0, 0x0, 0x0, 0x5, 0xfc, 0x3f,
    0xff, 0x20, 0x0, 0x0, 0x5, 0xfc, 0x3f, 0xff,
    0xb0, 0x0, 0x0, 0x5, 0xfc, 0x3f, 0xfe, 0xf7,
    0x0, 0x0, 0x5, 0xfc, 0x3f, 0xe5, 0xff, 0x20,
    0x0, 0x5, 0xfc, 0x3f, 0xe0, 0xaf, 0xc0, 0x0,
    0x5, 0xfc, 0x3f, 0xe0, 0x1e, 0xf7, 0x0, 0x5,
    0xfc, 0x3f, 0xe0, 0x4, 0xff, 0x30, 0x5, 0xfc,
    0x3f, 0xe0, 0x0, 0x9f, 0xd0, 0x5, 0xfc, 0x3f,
    0xe0, 0x0, 0xd, 0xf8, 0x5, 0xfc, 0x3f, 0xe0,
    0x0, 0x3, 0xff, 0x35, 0xfc, 0x3f, 0xe0, 0x0,
    0x0, 0x8f, 0xd5, 0xfc, 0x3f, 0xe0, 0x0, 0x0,
    0xd, 0xfd, 0xfc, 0x3f, 0xe0, 0x0, 0x0, 0x3,
    0xff, 0xfc, 0x3f, 0xe0, 0x0, 0x0, 0x0, 0x7f,
    0xfc, 0x3f, 0xe0, 0x0, 0x0, 0x0, 0xc, 0xfc,
    0x0, 0x0, 0x0, 0x0, 0x0, 0x0, 0x0, 0x0,
    0x0, 0x0, 0x24, 0x30, 0x0, 0x0, 0x0, 0x0,
    0x1, 0xef, 0xf4, 0x0, 0x0, 0x0, 0x0, 0xc,
    0xf7, 0xfe, 0x10, 0x0, 0x0, 0x0, 0x8f, 0xb0,
    0x6f, 0xc0, 0x0,

    /* U+1E4B "ṋ" */
    0x7f, 0x63, 0xbe, 0xfc, 0x60, 0x7, 0xf9, 0xff,
    0xcd, 0xff, 0x80, 0x7f, 0xf9, 0x0, 0x6, 0xff,
    0x17, 0xfe, 0x0, 0x0, 0xe, 0xf3, 0x7f, 0xa0,
    0x0, 0x0, 0xcf, 0x47, 0xf9, 0x0, 0x0, 0xc,
    0xf4, 0x7f, 0x90, 0x0, 0x0, 0xcf, 0x47, 0xf9,
    0x0, 0x0, 0xc, 0xf4, 0x7f, 0x90, 0x0, 0x0,
    0xcf, 0x47, 0xf9, 0x0, 0x0, 0xc, 0xf4, 0x7f,
    0x90, 0x0, 0x0, 0xcf, 0x47, 0xf9, 0x0, 0x0,
    0xc, 0xf4, 0x0, 0x0, 0x0, 0x0, 0x0, 0x0,
    0x0, 0x3, 0x42, 0x0, 0x0, 0x0, 0x4, 0xff,
    0xe1, 0x0, 0x0, 0x1, 0xef, 0x6f, 0xc0, 0x0,
    0x0, 0xcf, 0x70, 0xaf, 0x90, 0x0,

    /* U+1E4C "Ṍ" */
    0x0, 0x0, 0x0, 0x0, 0x11, 0x10, 0x0, 0x0,
    0x0, 0x0, 0x0, 0x2, 0xff, 0x50, 0x0, 0x0,
    0x0, 0x0, 0x0, 0x9, 0xf8, 0x0, 0x0, 0x0,
    0x0, 0x0, 0x0, 0x1f, 0xb0, 0x0, 0x0, 0x0,
    0x0, 0x0, 0x0, 0x10, 0x0, 0x11, 0x0, 0x0,
    0x0, 0x0, 0x2d, 0xfe, 0x73, 0xda, 0x0, 0x0,
    0x0, 0x0, 0x9e, 0x6a, 0xff, 0xf3, 0x0, 0x0,
    0x0, 0x0, 0x33, 0x0, 0x24, 0x10, 0x0, 0x0,
    0x0, 0x0, 0x0, 0x0, 0x0, 0x0, 0x0, 0x0,
    0x0, 0x0, 0x4a, 0xdf, 0xfd, 0x93, 0x0, 0x0,
    0x0, 0x1c, 0xff, 0xfd, 0xdf, 0xff, 0xa0, 0x0,
    0x1, 0xef, 0xe5, 0x0, 0x0, 0x6e, 0xfc, 0x0,
    0xb, 0xfc, 0x10, 0x0, 0x0, 0x1, 0xef, 0x90,
    0x3f, 0xf2, 0x0, 0x0, 0x0, 0x0, 0x4f, 0xf2,
    0x8f, 0xb0, 0x0, 0x0, 0x0, 0x0, 0xc, 0xf7,
    0xcf, 0x70, 0x0, 0x0, 0x0, 0x0, 0x9, 0xfb,
    0xdf, 0x50, 0x0, 0x0, 0x0, 0x0, 0x7, 0xfc,
    0xef, 0x50, 0x0, 0x0, 0x0, 0x0, 0x7, 0xfc,
    0xcf, 0x70, 0x0, 0x0, 0x0, 0x0, 0x9, 0xfb,
    0x9f, 0xb0, 0x0, 0x0, 0x0, 0x0, 0xd, 0xf7,
    0x3f, 0xf2, 0x0, 0x0, 0x0, 0x0, 0x4f, 0xf2,
    0xb, 0xfd, 0x10, 0x0, 0x0, 0x2, 0xef, 0x90,
    0x1, 0xdf, 0xe5, 0x0, 0x1, 0x6e, 0xfc, 0x0,
    0x0, 0x1b, 0xff, 0xfe, 0xef, 0xff, 0xa0, 0x0,
    0x0, 0x0, 0x4a, 0xdf, 0xfd, 0x93, 0x0, 0x0,

    /* U+1E4D "ṍ" */
    0x0, 0x0, 0x0, 0x9f, 0xd0, 0x0, 0x0, 0x0,
    0x1, 0xff, 0x20, 0x0, 0x0, 0x0, 0x8, 0xf4,
    0x0, 0x0, 0x0, 0x0, 0x1, 0x10, 0x0, 0x0,
    0x0, 0x0, 0x0, 0x0, 0x0, 0x0, 0x0, 0x7,
    0xee, 0x83, 0x8f, 0x10, 0x0, 0x3f, 0xa9, 0xff,
    0xfa, 0x0, 0x0, 0x15, 0x0, 0x4, 0x30, 0x0,
    0x0, 0x0, 0x0, 0x0, 0x0, 0x0, 0x0, 0x4,
    0xbe, 0xfe, 0xa2, 0x0, 0x0, 0x8f, 0xfc, 0xad,
    0xff, 0x50, 0x5, 0xfe, 0x30, 0x0, 0x6f, 0xf2,
    0xc, 0xf5, 0x0, 0x0, 0x9, 0xf9, 0xf, 0xf0,
    0x0, 0x0, 0x3, 0xfd, 0x2f, 0xe0, 0x0, 0x0,
    0x1, 0xff, 0x2f, 0xe0, 0x0, 0x0, 0x2, 0xfe,
    0xf, 0xf0, 0x0, 0x0, 0x4, 0xfd, 0xc, 0xf6,
    0x0, 0x0, 0xa, 0xf9, 0x5, 0xfe, 0x30, 0x0,
    0x5f, 0xf2, 0x0, 0x8f, 0xfc, 0xad, 0xff, 0x50,
    0x0, 0x4, 0xbe, 0xfe, 0x92, 0x0,

    /* U+1E4E "Ṏ" */
    0x0, 0x0, 0x2f, 0xe0, 0xf, 0xf1, 0x0, 0x0,
    0x0, 0x0, 0x2f, 0xe0, 0xf, 0xf1, 0x0, 0x0,
    0x0, 0x0, 0x4, 0x30, 0x4, 0x40, 0x0, 0x0,
    0x0, 0x0, 0x0, 0x10, 0x0, 0x11, 0x0, 0x0,
    0x0, 0x0, 0x2d, 0xfe, 0x73, 0xda, 0x0, 0x0,
    0x0, 0x0, 0x9e, 0x6a, 0xff, 0xf3, 0x0, 0x0,
    0x0, 0x0, 0x33, 0x0, 0x24, 0x10, 0x0, 0x0,
    0x0, 0x0, 0x0, 0x0, 0x0, 0x0, 0x0, 0x0,
    0x0, 0x0, 0x4a, 0xdf, 0xfd, 0x93, 0x0, 0x0,
    0x0, 0x1c, 0xff, 0xfd, 0xdf, 0xff, 0xa0, 0x0,
    0x1, 0xef, 0xe5, 0x0, 0x0, 0x6e, 0xfc, 0x0,
    0xb, 0xfc, 0x10, 0x0, 0x0, 0x1, 0xef, 0x90,
    0x3f, 0xf2, 0x0, 0x0, 0x0, 0x0, 0x4f, 0xf2,
    0x8f, 0xb0, 0x0, 0x0, 0x0, 0x0, 0xc, 0xf7,
    0xcf, 0x70, 0x0, 0x0, 0x0, 0x0, 0x9, 0xfb,
    0xdf, 0x50, 0x0, 0x0, 0x0, 0x0, 0x7, 0xfc,
    0xef, 0x50, 0x0, 0x0, 0x0, 0x0, 0x7, 0xfc,
    0xcf, 0x70, 0x0, 0x0, 0x0, 0x0, 0x9, 0xfb,
    0x9f, 0xb0, 0x0, 0x0, 0x0, 0x0, 0xd, 0xf7,
    0x3f, 0xf2, 0x0, 0x0, 0x0, 0x0, 0x4f, 0xf2,
    0xb, 0xfd, 0x10, 0x0, 0x0, 0x2, 0xef, 0x90,
    0x1, 0xdf, 0xe5, 0x0, 0x1, 0x6e, 0xfc, 0x0,
    0x0, 0x1b, 0xff, 0xfe, 0xef, 0xff, 0xa0, 0x0,
    0x0, 0x0, 0x4a, 0xdf, 0xfd, 0x93, 0x0, 0x0,

    /* U+1E4F "ṏ" */
    0x0, 0xb, 0xf6, 0x8, 0xf8, 0x0, 0x0, 0xb,
    0xf6, 0x8, 0xf8, 0x0, 0x0, 0x2, 0x41, 0x2,
    0x42, 0x0, 0x0, 0x0, 0x0, 0x0, 0x0, 0x0,
    0x0, 0x7, 0xee, 0x83, 0x8f, 0x10, 0x0, 0x3f,
    0xa9, 0xff, 0xfa, 0x0, 0x0, 0x15, 0x0, 0x4,
    0x30, 0x0, 0x0, 0x0, 0x0, 0x0, 0x0, 0x0,
    0x0, 0x4, 0xbe, 0xfe, 0xa2, 0x0, 0x0, 0x8f,
    0xfc, 0xad, 0xff, 0x50, 0x5, 0xfe, 0x30, 0x0,
    0x6f, 0xf2, 0xc, 0xf5, 0x0, 0x0, 0x9, 0xf9,
    0xf, 0xf0, 0x0, 0x0, 0x3, 0xfd, 0x2f, 0xe0,
    0x0, 0x0, 0x1, 0xff, 0x2f, 0xe0, 0x0, 0x0,
    0x2, 0xfe, 0xf, 0xf0, 0x0, 0x0, 0x4, 0xfd,
    0xc, 0xf6, 0x0, 0x0, 0xa, 0xf9, 0x5, 0xfe,
    0x30, 0x0, 0x5f, 0xf2, 0x0, 0x8f, 0xfc, 0xad,
    0xff, 0x50, 0x0, 0x4, 0xbe, 0xfe, 0x92, 0x0,

    /* U+1E50 "Ṑ" */
    0x0, 0x0, 0x0, 0x11, 0x0, 0x0, 0x0, 0x0,
    0x0, 0x0, 0x2, 0xff, 0x50, 0x0, 0x0, 0x0,
    0x0, 0x0, 0x0, 0x5f, 0xd0, 0x0, 0x0, 0x0,
    0x0, 0x0, 0x0, 0x8, 0xf4, 0x0, 0x0, 0x0,
    0x0, 0x0, 0x0, 0x0, 0x0, 0x0, 0x0, 0x0,
    0x0, 0x0, 0x6f, 0xff, 0xff, 0xf9, 0x0, 0x0,
    0x0, 0x0, 0x4a, 0xaa, 0xaa, 0xa6, 0x0, 0x0,
    0x0, 0x0, 0x0, 0x0, 0x0, 0x0, 0x0, 0x0,
    0x0, 0x0, 0x0, 0x0, 0x0, 0x0, 0x0, 0x0,
    0x0, 0x0, 0x4a, 0xdf, 0xfd, 0x93, 0x0, 0x0,
    0x0, 0x1c, 0xff, 0xfd, 0xdf, 0xff, 0xa0, 0x0,
    0x1, 0xef, 0xe5, 0x0, 0x0, 0x6e, 0xfc, 0x0,
    0xb, 0xfc, 0x10, 0x0, 0x0, 0x1, 0xef, 0x90,
    0x3f, 0xf2, 0x0, 0x0, 0x0, 0x0, 0x4f, 0xf2,
    0x8f, 0xb0, 0x0, 0x0, 0x0, 0x0, 0xc, 0xf7,
    0xcf, 0x70, 0x0, 0x0, 0x0, 0x0, 0x9, 0xfb,
    0xdf, 0x50, 0x0, 0x0, 0x0, 0x0, 0x7, 0xfc,
    0xef, 0x50, 0x0, 0x0, 0x0, 0x0, 0x7, 0xfc,
    0xcf, 0x70, 0x0, 0x0, 0x0, 0x0, 0x9, 0xfb,
    0x9f, 0xb0, 0x0, 0x0, 0x0, 0x0, 0xd, 0xf7,
    0x3f, 0xf2, 0x0, 0x0, 0x0, 0x0, 0x4f, 0xf2,
    0xb, 0xfd, 0x10, 0x0, 0x0, 0x2, 0xef, 0x90,
    0x1, 0xdf, 0xe5, 0x0, 0x1, 0x6e, 0xfc, 0x0,
    0x0, 0x1b, 0xff, 0xfe, 0xef, 0xff, 0xa0, 0x0,
    0x0, 0x0, 0x4a, 0xdf, 0xfd, 0x93, 0x0, 0x0,

    /* U+1E51 "ṑ" */
    0x0, 0x0, 0x11, 0x0, 0x0, 0x0, 0x0, 0x1,
    0xef, 0x70, 0x0, 0x0, 0x0, 0x0, 0x3f, 0xe0,
    0x0, 0x0, 0x0, 0x0, 0x6, 0xf6, 0x0, 0x0,
    0x0, 0x0, 0x0, 0x0, 0x0, 0x0, 0x0, 0x3f,
    0xff, 0xff, 0xfc, 0x0, 0x0, 0x2a, 0xaa, 0xaa,
    0xa8, 0x0, 0x0, 0x0, 0x0, 0x0, 0x0, 0x0,
    0x0, 0x0, 0x0, 0x0, 0x0, 0x0, 0x0, 0x4,
    0xbe, 0xfe, 0xa2, 0x0, 0x0, 0x8f, 0xfc, 0xad,
    0xff, 0x50, 0x5, 0xfe, 0x30, 0x0, 0x6f, 0xf2,
    0xc, 0xf5, 0x0, 0x0, 0x9, 0xf9, 0xf, 0xf0,
    0x0, 0x0, 0x3, 0xfd, 0x2f, 0xe0, 0x0, 0x0,
    0x1, 0xff, 0x2f, 0xe0, 0x0, 0x0, 0x2, 0xfe,
    0xf, 0xf0, 0x0, 0x0, 0x4, 0xfd, 0xc, 0xf6,
    0x0, 0x0, 0xa, 0xf9, 0x5, 0xfe, 0x30, 0x0,
    0x5f, 0xf2, 0x0, 0x8f, 0xfc, 0xad, 0xff, 0x50,
    0x0, 0x4, 0xbe, 0xfe, 0x92, 0x0,

    /* U+1E52 "Ṓ" */
    0x0, 0x0, 0x0, 0x0, 0x11, 0x10, 0x0, 0x0,
    0x0, 0x0, 0x0, 0x2, 0xff, 0x50, 0x0, 0x0,
    0x0, 0x0, 0x0, 0x9, 0xf8, 0x0, 0x0, 0x0,
    0x0, 0x0, 0x0, 0x1f, 0xb0, 0x0, 0x0, 0x0,
    0x0, 0x0, 0x0, 0x0, 0x0, 0x0, 0x0, 0x0,
    0x0, 0x0, 0x6f, 0xff, 0xff, 0xf9, 0x0, 0x0,
    0x0, 0x0, 0x4a, 0xaa, 0xaa, 0xa6, 0x0, 0x0,
    0x0, 0x0, 0x0, 0x0, 0x0, 0x0, 0x0, 0x0,
    0x0, 0x0, 0x0, 0x0, 0x0, 0x0, 0x0, 0x0,
    0x0, 0x0, 0x4a, 0xdf, 0xfd, 0x93, 0x0, 0x0,
    0x0, 0x1c, 0xff, 0xfd, 0xdf, 0xff, 0xa0, 0x0,
    0x1, 0xef, 0xe5, 0x0, 0x0, 0x6e, 0xfc, 0x0,
    0xb, 0xfc, 0x10, 0x0, 0x0, 0x1, 0xef, 0x90,
    0x3f, 0xf2, 0x0, 0x0, 0x0, 0x0, 0x4f, 0xf2,
    0x8f, 0xb0, 0x0, 0x0, 0x0, 0x0, 0xc, 0xf7,
    0xcf, 0x70, 0x0, 0x0, 0x0, 0x0, 0x9, 0xfb,
    0xdf, 0x50, 0x0, 0x0, 0x0, 0x0, 0x7, 0xfc,
    0xef, 0x50, 0x0, 0x0, 0x0, 0x0, 0x7, 0xfc,
    0xcf, 0x70, 0x0, 0x0, 0x0, 0x0, 0x9, 0xfb,
    0x9f, 0xb0, 0x0, 0x0, 0x0, 0x0, 0xd, 0xf7,
    0x3f, 0xf2, 0x0, 0x0, 0x0, 0x0, 0x4f, 0xf2,
    0xb, 0xfd, 0x10, 0x0, 0x0, 0x2, 0xef, 0x90,
    0x1, 0xdf, 0xe5, 0x0, 0x1, 0x6e, 0xfc, 0x0,
    0x0, 0x1b, 0xff, 0xfe, 0xef, 0xff, 0xa0, 0x0,
    0x0, 0x0, 0x4a, 0xdf, 0xfd, 0x93, 0x0, 0x0,

    /* U+1E53 "ṓ" */
    0x0, 0x0, 0x0, 0x1, 0x10, 0x0, 0x0, 0x0,
    0x0, 0xaf, 0xc0, 0x0, 0x0, 0x0, 0x2, 0xfe,
    0x10, 0x0, 0x0, 0x0, 0x9, 0xf3, 0x0, 0x0,
    0x0, 0x0, 0x0, 0x0, 0x0, 0x0, 0x0, 0x3f,
    0xff, 0xff, 0xfc, 0x0, 0x0, 0x2a, 0xaa, 0xaa,
    0xa8, 0x0, 0x0, 0x0, 0x0, 0x0, 0x0, 0x0,
    0x0, 0x0, 0x0, 0x0, 0x0, 0x0, 0x0, 0x4,
    0xbe, 0xfe, 0xa2, 0x0, 0x0, 0x8f, 0xfc, 0xad,
    0xff, 0x50, 0x5, 0xfe, 0x30, 0x0, 0x6f, 0xf2,
    0xc, 0xf5, 0x0, 0x0, 0x9, 0xf9, 0xf, 0xf0,
    0x0, 0x0, 0x3, 0xfd, 0x2f, 0xe0, 0x0, 0x0,
    0x1, 0xff, 0x2f, 0xe0, 0x0, 0x0, 0x2, 0xfe,
    0xf, 0xf0, 0x0, 0x0, 0x4, 0xfd, 0xc, 0xf6,
    0x0, 0x0, 0xa, 0xf9, 0x5, 0xfe, 0x30, 0x0,
    0x5f, 0xf2, 0x0, 0x8f, 0xfc, 0xad, 0xff, 0x50,
    0x0, 0x4, 0xbe, 0xfe, 0x92, 0x0,

    /* U+1E54 "Ṕ" */
    0x0, 0x0, 0x0, 0x1, 0x10, 0x0, 0x0, 0x0,
    0x0, 0x0, 0xaf, 0xc0, 0x0, 0x0, 0x0, 0x0,
    0x2, 0xfe, 0x10, 0x0, 0x0, 0x0, 0x0, 0x9,
    0xf3, 0x0, 0x0, 0x0, 0x0, 0x0, 0x0, 0x0,
    0x0, 0x0, 0x0, 0x3f, 0xff, 0xff, 0xff, 0xfd,
    0x92, 0x0, 0x3f, 0xfe, 0xee, 0xee, 0xff, 0xff,
    0x40, 0x3f, 0xf0, 0x0, 0x0, 0x2, 0xcf, 0xe0,
    0x3f, 0xf0, 0x0, 0x0, 0x0, 0x2f, 0xf3, 0x3f,
    0xf0, 0x0, 0x0, 0x0, 0xf, 0xf4, 0x3f, 0xf0,
    0x0, 0x0, 0x0, 0x3f, 0xf2, 0x3f, 0xf0, 0x0,
    0x0, 0x15, 0xef, 0xc0, 0x3f, 0xff, 0xff, 0xff,
    0xff, 0xfe, 0x20, 0x3f, 0xff, 0xff, 0xff, 0xec,
    0x71, 0x0, 0x3f, 0xf0, 0x0, 0x0, 0x0, 0x0,
    0x0, 0x3f, 0xf0, 0x0, 0x0, 0x0, 0x0, 0x0,
    0x3f, 0xf0, 0x0, 0x0, 0x0, 0x0, 0x0, 0x3f,
    0xf0, 0x0, 0x0, 0x0, 0x0, 0x0, 0x3f, 0xf0,
    0x0, 0x0, 0x0, 0x0, 0x0, 0x3f, 0xf0, 0x0,
    0x0, 0x0, 0x0, 0x0, 0x3f, 0xf0, 0x0, 0x0,
    0x0, 0x0, 0x0,

    /* U+1E55 "ṕ" */
    0x0, 0x0, 0x9, 0xfd, 0x0, 0x0, 0x0, 0x1,
    0xff, 0x20, 0x0, 0x0, 0x0, 0x8f, 0x40, 0x0,
    0x0, 0x0, 0x1, 0x10, 0x0, 0x0, 0x7f, 0x64,
    0xcf, 0xeb, 0x40, 0x7, 0xfb, 0xfd, 0x9b, 0xff,
    0x60, 0x7f, 0xf9, 0x0, 0x4, 0xff, 0x27, 0xfe,
    0x0, 0x0, 0xa, 0xf8, 0x7f, 0x90, 0x0, 0x0,
    0x5f, 0xc7, 0xf7, 0x0, 0x0, 0x3, 0xfe, 0x7f,
    0x60, 0x0, 0x0, 0x3f, 0xe7, 0xf8, 0x0, 0x0,
    0x5, 0xfc, 0x7f, 0xd0, 0x0, 0x0, 0xaf, 0x77,
    0xff, 0x80, 0x0, 0x5f, 0xe1, 0x7f, 0xdf, 0xda,
    0xcf, 0xf4, 0x7, 0xf9, 0x4c, 0xfe, 0xa2, 0x0,
    0x7f, 0x90, 0x0, 0x0, 0x0, 0x7, 0xf9, 0x0,
    0x0, 0x0, 0x0, 0x7f, 0x90, 0x0, 0x0, 0x0,
    0x7, 0xf9, 0x0, 0x0, 0x0, 0x0, 0x7f, 0x90,
    0x0, 0x0, 0x0, 0x0,

    /* U+1E56 "Ṗ" */
    0x0, 0x0, 0xb, 0xf5, 0x0, 0x0, 0x0, 0x0,
    0x0, 0xb, 0xf5, 0x0, 0x0, 0x0, 0x0, 0x0,
    0x2, 0x41, 0x0, 0x0, 0x0, 0x0, 0x0, 0x0,
    0x0, 0x0, 0x0, 0x0, 0x3f, 0xff, 0xff, 0xff,
    0xfd, 0x92, 0x0, 0x3f, 0xfe, 0xee, 0xee, 0xff,
    0xff, 0x40, 0x3f, 0xf0, 0x0, 0x0, 0x2, 0xcf,
    0xe0, 0x3f, 0xf0, 0x0, 0x0, 0x0, 0x2f, 0xf3,
    0x3f, 0xf0, 0x0, 0x0, 0x0, 0xf, 0xf4, 0x3f,
    0xf0, 0x0, 0x0, 0x0, 0x3f, 0xf2, 0x3f, 0xf0,
    0x0, 0x0, 0x15, 0xef, 0xc0, 0x3f, 0xff, 0xff,
    0xff, 0xff, 0xfe, 0x20, 0x3f, 0xff, 0xff, 0xff,
    0xec, 0x71, 0x0, 0x3f, 0xf0, 0x0, 0x0, 0x0,
    0x0, 0x0, 0x3f, 0xf0, 0x0, 0x0, 0x0, 0x0,
    0x0, 0x3f, 0xf0, 0x0, 0x0, 0x0, 0x0, 0x0,
    0x3f, 0xf0, 0x0, 0x0, 0x0, 0x0, 0x0, 0x3f,
    0xf0, 0x0, 0x0, 0x0, 0x0, 0x0, 0x3f, 0xf0,
    0x0, 0x0, 0x0, 0x0, 0x0, 0x3f, 0xf0, 0x0,
    0x0, 0x0, 0x0, 0x0,

    /* U+1E57 "ṗ" */
    0x0, 0x0, 0x6f, 0xa0, 0x0, 0x0, 0x0, 0x6,
    0xfa, 0x0, 0x0, 0x0, 0x0, 0x14, 0x20, 0x0,
    0x0, 0x0, 0x0, 0x0, 0x0, 0x0, 0x7f, 0x64,
    0xcf, 0xeb, 0x40, 0x7, 0xfb, 0xfd, 0x9b, 0xff,
    0x60, 0x7f, 0xf9, 0x0, 0x4, 0xff, 0x27, 0xfe,
    0x0, 0x0, 0xa, 0xf8, 0x7f, 0x90, 0x0, 0x0,
    0x5f, 0xc7, 0xf7, 0x0, 0x0, 0x3, 0xfe, 0x7f,
    0x60, 0x0, 0x0, 0x3f, 0xe7, 0xf8, 0x0, 0x0,
    0x5, 0xfc, 0x7f, 0xd0, 0x0, 0x0, 0xaf, 0x77,
    0xff, 0x80, 0x0, 0x5f, 0xe1, 0x7f, 0xdf, 0xda,
    0xcf, 0xf4, 0x7, 0xf9, 0x4c, 0xfe, 0xa2, 0x0,
    0x7f, 0x90, 0x0, 0x0, 0x0, 0x7, 0xf9, 0x0,
    0x0, 0x0, 0x0, 0x7f, 0x90, 0x0, 0x0, 0x0,
    0x7, 0xf9, 0x0, 0x0, 0x0, 0x0, 0x7f, 0x90,
    0x0, 0x0, 0x0, 0x0,

    /* U+1E58 "Ṙ" */
    0x0, 0x0, 0x0, 0xff, 0x10, 0x0, 0x0, 0x0,
    0x0, 0x0, 0x0, 0xff, 0x10, 0x0, 0x0, 0x0,
    0x0, 0x0, 0x0, 0x44, 0x0, 0x0, 0x0, 0x0,
    0x0, 0x0, 0x0, 0x0, 0x0, 0x0, 0x0, 0x0,
    0x2f, 0xff, 0xff, 0xff, 0xff, 0xd8, 0x0, 0x0,
    0x2f, 0xfc, 0xcc, 0xcc, 0xce, 0xff, 0xd1, 0x0,
    0x2f, 0xf0, 0x0, 0x0, 0x0, 0x4f, 0xf8, 0x0,
    0x2f, 0xf0, 0x0, 0x0, 0x0, 0x7, 0xfe, 0x0,
    0x2f, 0xf0, 0x0, 0x0, 0x0, 0x4, 0xff, 0x0,
    0x2f, 0xf0, 0x0, 0x0, 0x0, 0x8, 0xfd, 0x0,
    0x2f, 0xf0, 0x0, 0x0, 0x2, 0x8f, 0xf6, 0x0,
    0x2f, 0xff, 0xff, 0xff, 0xff, 0xff, 0x80, 0x0,
    0x2f, 0xfe, 0xee, 0xff, 0xfd, 0x71, 0x0, 0x0,
    0x2f, 0xf0, 0x0, 0x5, 0xef, 0x90, 0x0, 0x0,
    0x2f, 0xf0, 0x0, 0x0, 0x2f, 0xf9, 0x0, 0x0,
    0x2f, 0xf0, 0x0, 0x0, 0x5, 0xff, 0x60, 0x0,
    0x2f, 0xf0, 0x0, 0x0, 0x0, 0xaf, 0xf1, 0x0,
    0x2f, 0xf0, 0x0, 0x0, 0x0, 0x1e, 0xfb, 0x0,
    0x2f, 0xf0, 0x0, 0x0, 0x0, 0x5, 0xff, 0x50,
    0x2f, 0xf0, 0x0, 0x0, 0x0, 0x0, 0xbf, 0xe1,

    /* U+1E59 "ṙ" */
    0x3, 0xfd, 0x0, 0x0, 0x3f, 0xd0, 0x0, 0x0,
    0x43, 0x0, 0x0, 0x0, 0x0, 0x0, 0x8f, 0x57,
    0xee, 0x88, 0xfa, 0xff, 0xfa, 0x8f, 0xf9, 0x12,
    0x28, 0xfe, 0x0, 0x0, 0x8f, 0xa0, 0x0, 0x8,
    0xf8, 0x0, 0x0, 0x8f, 0x80, 0x0, 0x8, 0xf8,
    0x0, 0x0, 0x8f, 0x80, 0x0, 0x8, 0xf8, 0x0,
    0x0, 0x8f, 0x80, 0x0, 0x8, 0xf8, 0x0, 0x0,

    /* U+1E5A "Ṛ" */
    0x2f, 0xff, 0xff, 0xff, 0xff, 0xd8, 0x0, 0x0,
    0x2f, 0xfc, 0xcc, 0xcc, 0xce, 0xff, 0xd1, 0x0,
    0x2f, 0xf0, 0x0, 0x0, 0x0, 0x4f, 0xf8, 0x0,
    0x2f, 0xf0, 0x0, 0x0, 0x0, 0x7, 0xfe, 0x0,
    0x2f, 0xf0, 0x0, 0x0, 0x0, 0x4, 0xff, 0x0,
    0x2f, 0xf0, 0x0, 0x0, 0x0, 0x8, 0xfd, 0x0,
    0x2f, 0xf0, 0x0, 0x0, 0x1, 0x7f, 0xf7, 0x0,
    0x2f, 0xfe, 0xee, 0xee, 0xff, 0xff, 0x90, 0x0,
    0x2f, 0xff, 0xff, 0xff, 0xfd, 0x82, 0x0, 0x0,
    0x2f, 0xf0, 0x0, 0x16, 0xff, 0x80, 0x0, 0x0,
    0x2f, 0xf0, 0x0, 0x0, 0x3f, 0xf8, 0x0, 0x0,
    0x2f, 0xf0, 0x0, 0x0, 0x6, 0xff, 0x50, 0x0,
    0x2f, 0xf0, 0x0, 0x0, 0x0, 0xbf, 0xe1, 0x0,
    0x2f, 0xf0, 0x0, 0x0, 0x0, 0x1e, 0xfb, 0x0,
    0x2f, 0xf0, 0x0, 0x0, 0x0, 0x6, 0xff, 0x50,
    0x2f, 0xf0, 0x0, 0x0, 0x0, 0x0, 0xbf, 0xe1,
    0x0, 0x0, 0x0, 0x0, 0x0, 0x0, 0x0, 0x0,
    0x0, 0x0, 0x0, 0x0, 0x0, 0x0, 0x0, 0x0,
    0x0, 0x0, 0x0, 0x34, 0x0, 0x0, 0x0, 0x0,
    0x0, 0x0, 0x0, 0xef, 0x20, 0x0, 0x0, 0x0,
    0x0, 0x0, 0x0, 0xef, 0x20, 0x0, 0x0, 0x0,

    /* U+1E5B "ṛ" */
    0x8f, 0x57, 0xee, 0x88, 0xfa, 0xff, 0xfa, 0x8f,
    0xf9, 0x12, 0x28, 0xfe, 0x0, 0x0, 0x8f, 0xa0,
    0x0, 0x8, 0xf8, 0x0, 0x0, 0x8f, 0x80, 0x0,
    0x8, 0xf8, 0x0, 0x0, 0x8f, 0x80, 0x0, 0x8,
    0xf8, 0x0, 0x0, 0x8f, 0x80, 0x0, 0x8, 0xf8,
    0x0, 0x0, 0x0, 0x0, 0x0, 0x0, 0x0, 0x0,
    0x0, 0x0, 0x43, 0x0, 0x0, 0x2f, 0xe0, 0x0,
    0x2, 0xfe, 0x0, 0x0,

    /* U+1E5C "Ṝ" */
    0x0, 0x6, 0xaa, 0xaa, 0xaa, 0x40, 0x0, 0x0,
    0x0, 0x9, 0xff, 0xff, 0xff, 0x60, 0x0, 0x0,
    0x0, 0x0, 0x0, 0x0, 0x0, 0x0, 0x0, 0x0,
    0x0, 0x0, 0x0, 0x0, 0x0, 0x0, 0x0, 0x0,
    0x2f, 0xff, 0xff, 0xff, 0xff, 0xd8, 0x0, 0x0,
    0x2f, 0xfc, 0xcc, 0xcc, 0xce, 0xff, 0xd1, 0x0,
    0x2f, 0xf0, 0x0, 0x0, 0x0, 0x4f, 0xf8, 0x0,
    0x2f, 0xf0, 0x0, 0x0, 0x0, 0x7, 0xfe, 0x0,
    0x2f, 0xf0, 0x0, 0x0, 0x0, 0x4, 0xff, 0x0,
    0x2f, 0xf0, 0x0, 0x0, 0x0, 0x8, 0xfd, 0x0,
    0x2f, 0xf0, 0x0, 0x0, 0x1, 0x7f, 0xf7, 0x0,
    0x2f, 0xfe, 0xee, 0xee, 0xff, 0xff, 0x90, 0x0,
    0x2f, 0xff, 0xff, 0xff, 0xfd, 0x82, 0x0, 0x0,
    0x2f, 0xf0, 0x0, 0x16, 0xff, 0x80, 0x0, 0x0,
    0x2f, 0xf0, 0x0, 0x0, 0x3f, 0xf8, 0x0, 0x0,
    0x2f, 0xf0, 0x0, 0x0, 0x6, 0xff, 0x50, 0x0,
    0x2f, 0xf0, 0x0, 0x0, 0x0, 0xbf, 0xe1, 0x0,
    0x2f, 0xf0, 0x0, 0x0, 0x0, 0x1e, 0xfb, 0x0,
    0x2f, 0xf0, 0x0, 0x0, 0x0, 0x6, 0xff, 0x50,
    0x2f, 0xf0, 0x0, 0x0, 0x0, 0x0, 0xbf, 0xe1,
    0x0, 0x0, 0x0, 0x0, 0x0, 0x0, 0x0, 0x0,
    0x0, 0x0, 0x0, 0x0, 0x0, 0x0, 0x0, 0x0,
    0x0, 0x0, 0x0, 0x34, 0x0, 0x0, 0x0, 0x0,
    0x0, 0x0, 0x0, 0xef, 0x20, 0x0, 0x0, 0x0,
    0x0, 0x0, 0x0, 0xef, 0x20, 0x0, 0x0, 0x0,

    /* U+1E5D "ṝ" */
    0xaf, 0xff, 0xff, 0xf5, 0x7a, 0xaa, 0xaa, 0xa3,
    0x0, 0x0, 0x0, 0x0, 0x0, 0x0, 0x0, 0x0,
    0x8, 0xf5, 0x7e, 0xe8, 0x8, 0xfa, 0xff, 0xfa,
    0x8, 0xff, 0x91, 0x22, 0x8, 0xfe, 0x0, 0x0,
    0x8, 0xfa, 0x0, 0x0, 0x8, 0xf8, 0x0, 0x0,
    0x8, 0xf8, 0x0, 0x0, 0x8, 0xf8, 0x0, 0x0,
    0x8, 0xf8, 0x0, 0x0, 0x8, 0xf8, 0x0, 0x0,
    0x8, 0xf8, 0x0, 0x0, 0x8, 0xf8, 0x0, 0x0,
    0x0, 0x0, 0x0, 0x0, 0x0, 0x0, 0x0, 0x0,
    0x0, 0x4, 0x30, 0x0, 0x0, 0x2f, 0xe0, 0x0,
    0x0, 0x2f, 0xe0, 0x0,

    /* U+1E5E "Ṟ" */
    0x2f, 0xff, 0xff, 0xff, 0xfe, 0xc7, 0x0, 0x0,
    0x2f, 0xfc, 0xcc, 0xcc, 0xce, 0xff, 0xc0, 0x0,
    0x2f, 0xf0, 0x0, 0x0, 0x0, 0x5f, 0xf6, 0x0,
    0x2f, 0xf0, 0x0, 0x0, 0x0, 0x9, 0xfc, 0x0,
    0x2f, 0xf0, 0x0, 0x0, 0x0, 0x5, 0xff, 0x0,
    0x2f, 0xf0, 0x0, 0x0, 0x0, 0x5, 0xff, 0x0,
    0x2f, 0xf0, 0x0, 0x0, 0x0, 0xb, 0xfb, 0x0,
    0x2f, 0xf0, 0x0, 0x0, 0x2, 0x9f, 0xf4, 0x0,
    0x2f, 0xff, 0xff, 0xff, 0xff, 0xff, 0x60, 0x0,
    0x2f, 0xfe, 0xee, 0xff, 0xfd, 0x61, 0x0, 0x0,
    0x2f, 0xf0, 0x0, 0x4, 0xdf, 0xa0, 0x0, 0x0,
    0x2f, 0xf0, 0x0, 0x0, 0x1d, 0xfc, 0x0, 0x0,
    0x2f, 0xf0, 0x0, 0x0, 0x2, 0xef, 0xa0, 0x0,
    0x2f, 0xf0, 0x0, 0x0, 0x0, 0x4f, 0xf7, 0x0,
    0x2f, 0xf0, 0x0, 0x0, 0x0, 0x8, 0xff, 0x30,
    0x2f, 0xf0, 0x0, 0x0, 0x0, 0x0, 0xcf, 0xe1,
    0x0, 0x0, 0x0, 0x0, 0x0, 0x0, 0x0, 0x0,
    0x0, 0x0, 0x0, 0x0, 0x0, 0x0, 0x0, 0x0,
    0x0, 0x0, 0x0, 0x0, 0x0, 0x0, 0x0, 0x0,
    0x0, 0x0, 0xaa, 0xaa, 0xaa, 0xa0, 0x0, 0x0,
    0x0, 0x0, 0xff, 0xff, 0xff, 0xf0, 0x0, 0x0,

    /* U+1E5F "ṟ" */
    0x8, 0xf5, 0x7e, 0xe8, 0x8, 0xfa, 0xff, 0xfa,
    0x8, 0xff, 0x91, 0x22, 0x8, 0xfe, 0x0, 0x0,
    0x8, 0xfa, 0x0, 0x0, 0x8, 0xf8, 0x0, 0x0,
    0x8, 0xf8, 0x0, 0x0, 0x8, 0xf8, 0x0, 0x0,
    0x8, 0xf8, 0x0, 0x0, 0x8, 0xf8, 0x0, 0x0,
    0x8, 0xf8, 0x0, 0x0, 0x8, 0xf8, 0x0, 0x0,
    0x0, 0x0, 0x0, 0x0, 0x0, 0x0, 0x0, 0x0,
    0x0, 0x0, 0x0, 0x0, 0x8a, 0xaa, 0xaa, 0xa2,
    0xdf, 0xff, 0xff, 0xf3,

    /* U+1E60 "Ṡ" */
    0x0, 0x0, 0x2, 0x41, 0x0, 0x0, 0x0, 0x0,
    0x0, 0xb, 0xf5, 0x0, 0x0, 0x0, 0x0, 0x0,
    0xb, 0xf5, 0x0, 0x0, 0x0, 0x0, 0x0, 0x0,
    0x0, 0x0, 0x0, 0x0, 0x0, 0x0, 0x0, 0x0,
    0x0, 0x0, 0x0, 0x0, 0x7, 0xce, 0xfe, 0xc7,
    0x10, 0x0, 0x2, 0xef, 0xff, 0xff, 0xff, 0xe3,
    0x0, 0xd, 0xfb, 0x40, 0x0, 0x4c, 0xfe, 0x10,
    0x3f, 0xe0, 0x0, 0x0, 0x0, 0xdf, 0x60, 0x4f,
    0xd0, 0x0, 0x0, 0x0, 0x7c, 0x60, 0x1f, 0xf6,
    0x0, 0x0, 0x0, 0x0, 0x0, 0x7, 0xff, 0xe9,
    0x52, 0x0, 0x0, 0x0, 0x0, 0x4c, 0xff, 0xff,
    0xe9, 0x30, 0x0, 0x0, 0x0, 0x26, 0x9d, 0xff,
    0xfa, 0x0, 0x0, 0x0, 0x0, 0x0, 0x27, 0xef,
    0x90, 0x46, 0x0, 0x0, 0x0, 0x0, 0x3f, 0xf0,
    0xdf, 0x40, 0x0, 0x0, 0x0, 0xf, 0xf1, 0x9f,
    0xc0, 0x0, 0x0, 0x0, 0x4f, 0xf0, 0x1e, 0xfd,
    0x61, 0x0, 0x17, 0xff, 0x80, 0x3, 0xef, 0xff,
    0xff, 0xff, 0xf9, 0x0, 0x0, 0x6, 0xbe, 0xff,
    0xea, 0x40, 0x0,

    /* U+1E61 "ṡ" */
    0x0, 0x0, 0x3f, 0xd0, 0x0, 0x0, 0x0, 0x3,
    0xfd, 0x0, 0x0, 0x0, 0x0, 0x4, 0x30, 0x0,
    0x0, 0x0, 0x0, 0x0, 0x0, 0x0, 0x0, 0x3a,
    0xef, 0xeb, 0x40, 0x0, 0x5f, 0xfc, 0xac, 0xff,
    0x50, 0xd, 0xf3, 0x0, 0x4, 0xfe, 0x0, 0xef,
    0x20, 0x0, 0x6, 0x50, 0xa, 0xfe, 0x94, 0x0,
    0x0, 0x0, 0x1b, 0xff, 0xff, 0xb6, 0x0, 0x0,
    0x2, 0x7b, 0xff, 0xfd, 0x10, 0x0, 0x0, 0x0,
    0x5e, 0xf7, 0x2d, 0xd0, 0x0, 0x0, 0x8f, 0x90,
    0xef, 0x70, 0x0, 0x1d, 0xf6, 0x4, 0xff, 0xda,
    0xbf, 0xfb, 0x0, 0x2, 0xad, 0xff, 0xc6, 0x0,

    /* U+1E62 "Ṣ" */
    0x0, 0x7, 0xce, 0xfe, 0xc7, 0x10, 0x0, 0x2,
    0xef, 0xff, 0xff, 0xff, 0xe3, 0x0, 0xd, 0xfb,
    0x40, 0x0, 0x4c, 0xfe, 0x10, 0x3f, 0xe0, 0x0,
    0x0, 0x0, 0xdf, 0x60, 0x4f, 0xd0, 0x0, 0x0,
    0x0, 0x7c, 0x60, 0x1f, 0xf6, 0x0, 0x0, 0x0,
    0x0, 0x0, 0x7, 0xff, 0xe9, 0x52, 0x0, 0x0,
    0x0, 0x0, 0x4c, 0xff, 0xff, 0xe9, 0x30, 0x0,
    0x0, 0x0, 0x26, 0x9d, 0xff, 0xfa, 0x0, 0x0,
    0x0, 0x0, 0x0, 0x27, 0xef, 0x90, 0x46, 0x0,
    0x0, 0x0, 0x0, 0x3f, 0xf0, 0xdf, 0x40, 0x0,
    0x0, 0x0, 0xf, 0xf1, 0x9f, 0xc0, 0x0, 0x0,
    0x0, 0x4f, 0xf0, 0x1e, 0xfd, 0x61, 0x0, 0x17,
    0xff, 0x80, 0x3, 0xef, 0xff, 0xff, 0xff, 0xf9,
    0x0, 0x0, 0x6, 0xbe, 0xff, 0xea, 0x40, 0x0,
    0x0, 0x0, 0x0, 0x0, 0x0, 0x0, 0x0, 0x0,
    0x0, 0x0, 0x0, 0x0, 0x0, 0x0, 0x0, 0x0,
    0x1, 0x43, 0x0, 0x0, 0x0, 0x0, 0x0, 0x5,
    0xfb, 0x0, 0x0, 0x0, 0x0, 0x0, 0x5, 0xfb,
    0x0, 0x0, 0x0,

    /* U+1E63 "ṣ" */
    0x0, 0x3a, 0xef, 0xeb, 0x40, 0x0, 0x5f, 0xfc,
    0xac, 0xff, 0x50, 0xd, 0xf3, 0x0, 0x4, 0xfe,
    0x0, 0xef, 0x20, 0x0, 0x6, 0x50, 0xa, 0xfe,
    0x94, 0x0, 0x0, 0x0, 0x1b, 0xff, 0xff, 0xb6,
    0x0, 0x0, 0x2, 0x7b, 0xff, 0xfd, 0x10, 0x0,
    0x0, 0x0, 0x5e, 0xf7, 0x2d, 0xd0, 0x0, 0x0,
    0x8f, 0x90, 0xef, 0x70, 0x0, 0x1d, 0xf6, 0x4,
    0xff, 0xda, 0xbf, 0xfb, 0x0, 0x2, 0xad, 0xff,
    0xc6, 0x0, 0x0, 0x0, 0x0, 0x0, 0x0, 0x0,
    0x0, 0x0, 0x0, 0x0, 0x0, 0x0, 0x0, 0x14,
    0x30, 0x0, 0x0, 0x0, 0x5, 0xfb, 0x0, 0x0,
    0x0, 0x0, 0x5f, 0xb0, 0x0, 0x0,

    /* U+1E64 "Ṥ" */
    0x0, 0x0, 0x43, 0x0, 0x0, 0x0, 0x0, 0x0,
    0x3, 0xfe, 0x4, 0xff, 0x40, 0x0, 0x0, 0x3,
    0xfe, 0xb, 0xf6, 0x0, 0x0, 0x0, 0x0, 0x0,
    0x3f, 0xa0, 0x0, 0x0, 0x0, 0x0, 0x0, 0x1,
    0x0, 0x0, 0x0, 0x0, 0x0, 0x0, 0x0, 0x0,
    0x0, 0x0, 0x0, 0x7, 0xce, 0xfe, 0xc7, 0x10,
    0x0, 0x2, 0xef, 0xff, 0xff, 0xff, 0xe3, 0x0,
    0xd, 0xfb, 0x40, 0x0, 0x4c, 0xfe, 0x10, 0x3f,
    0xe0, 0x0, 0x0, 0x0, 0xdf, 0x60, 0x4f, 0xd0,
    0x0, 0x0, 0x0, 0x7c, 0x60, 0x1f, 0xf6, 0x0,
    0x0, 0x0, 0x0, 0x0, 0x7, 0xff, 0xe9, 0x52,
    0x0, 0x0, 0x0, 0x0, 0x4c, 0xff, 0xff, 0xe9,
    0x30, 0x0, 0x0, 0x0, 0x26, 0x9d, 0xff, 0xfa,
    0x0, 0x0, 0x0, 0x0, 0x0, 0x27, 0xef, 0x90,
    0x46, 0x0, 0x0, 0x0, 0x0, 0x3f, 0xf0, 0xdf,
    0x40, 0x0, 0x0, 0x0, 0xf, 0xf1, 0x9f, 0xc0,
    0x0, 0x0, 0x0, 0x4f, 0xf0, 0x1e, 0xfd, 0x61,
    0x0, 0x17, 0xff, 0x80, 0x3, 0xef, 0xff, 0xff,
    0xff, 0xf9, 0x0, 0x0, 0x6, 0xbe, 0xff, 0xea,
    0x40, 0x0,

    /* U+1E65 "ṥ" */
    0x0, 0x7f, 0xa0, 0x0, 0x0, 0x0, 0x7, 0xfa,
    0x0, 0x0, 0x0, 0x0, 0x14, 0x20, 0x9f, 0xd0,
    0x0, 0x0, 0x0, 0x1f, 0xf2, 0x0, 0x0, 0x0,
    0x8, 0xf4, 0x0, 0x0, 0x0, 0x0, 0x11, 0x0,
    0x0, 0x0, 0x3a, 0xef, 0xeb, 0x40, 0x0, 0x5f,
    0xfc, 0xac, 0xff, 0x50, 0xd, 0xf3, 0x0, 0x4,
    0xfe, 0x0, 0xef, 0x20, 0x0, 0x6, 0x50, 0xa,
    0xfe, 0x94, 0x0, 0x0, 0x0, 0x1b, 0xff, 0xff,
    0xb6, 0x0, 0x0, 0x2, 0x7b, 0xff, 0xfd, 0x10,
    0x0, 0x0, 0x0, 0x5e, 0xf7, 0x2d, 0xd0, 0x0,
    0x0, 0x8f, 0x90, 0xef, 0x70, 0x0, 0x1d, 0xf6,
    0x4, 0xff, 0xda, 0xbf, 0xfb, 0x0, 0x2, 0xad,
    0xff, 0xc6, 0x0,

    /* U+1E66 "Ṧ" */
    0x0, 0x0, 0x7, 0xfa, 0x0, 0x0, 0x0, 0x0,
    0x0, 0x7, 0xfa, 0x0, 0x0, 0x0, 0x0, 0x0,
    0x1, 0x42, 0x0, 0x0, 0x0, 0x0, 0x5, 0x73,
    0x1, 0x77, 0x0, 0x0, 0x0, 0x3, 0xfe, 0xa,
    0xf8, 0x0, 0x0, 0x0, 0x0, 0x8f, 0xbf, 0xd0,
    0x0, 0x0, 0x0, 0x0, 0xc, 0xff, 0x30, 0x0,
    0x0, 0x0, 0x0, 0x0, 0x21, 0x0, 0x0, 0x0,
    0x0, 0x7, 0xce, 0xfe, 0xc7, 0x10, 0x0, 0x2,
    0xef, 0xff, 0xff, 0xff, 0xe3, 0x0, 0xd, 0xfb,
    0x40, 0x0, 0x4c, 0xfe, 0x10, 0x3f, 0xe0, 0x0,
    0x0, 0x0, 0xdf, 0x60, 0x4f, 0xd0, 0x0, 0x0,
    0x0, 0x7c, 0x60, 0x1f, 0xf6, 0x0, 0x0, 0x0,
    0x0, 0x0, 0x7, 0xff, 0xe9, 0x52, 0x0, 0x0,
    0x0, 0x0, 0x4c, 0xff, 0xff, 0xe9, 0x30, 0x0,
    0x0, 0x0, 0x26, 0x9d, 0xff, 0xfa, 0x0, 0x0,
    0x0, 0x0, 0x0, 0x27, 0xef, 0x90, 0x46, 0x0,
    0x0, 0x0, 0x0, 0x3f, 0xf0, 0xdf, 0x40, 0x0,
    0x0, 0x0, 0xf, 0xf1, 0x9f, 0xc0, 0x0, 0x0,
    0x0, 0x4f, 0xf0, 0x1e, 0xfd, 0x61, 0x0, 0x17,
    0xff, 0x80, 0x3, 0xef, 0xff, 0xff, 0xff, 0xf9,
    0x0, 0x0, 0x6, 0xbe, 0xff, 0xea, 0x40, 0x0,

    /* U+1E67 "ṧ" */
    0x0, 0x0, 0x4, 0x30, 0x0, 0x0, 0x0, 0x3,
    0xfd, 0x0, 0x0, 0x0, 0x0, 0x3f, 0xd0, 0x0,
    0x0, 0x0, 0x0, 0x0, 0x0, 0x0, 0x0, 0x0,
    0x0, 0x0, 0x0, 0x0, 0x5, 0xfd, 0x5, 0xfd,
    0x0, 0x0, 0x6, 0xfb, 0xfe, 0x10, 0x0, 0x0,
    0x7, 0xcc, 0x20, 0x0, 0x0, 0x0, 0x0, 0x0,
    0x0, 0x0, 0x3, 0xae, 0xfe, 0xb4, 0x0, 0x5,
    0xff, 0xca, 0xcf, 0xf5, 0x0, 0xdf, 0x30, 0x0,
    0x4f, 0xe0, 0xe, 0xf2, 0x0, 0x0, 0x65, 0x0,
    0xaf, 0xe9, 0x40, 0x0, 0x0, 0x1, 0xbf, 0xff,
    0xfb, 0x60, 0x0, 0x0, 0x27, 0xbf, 0xff, 0xd1,
    0x0, 0x0, 0x0, 0x5, 0xef, 0x72, 0xdd, 0x0,
    0x0, 0x8, 0xf9, 0xe, 0xf7, 0x0, 0x1, 0xdf,
    0x60, 0x4f, 0xfd, 0xab, 0xff, 0xb0, 0x0, 0x2a,
    0xdf, 0xfc, 0x60, 0x0,

    /* U+1E68 "Ṩ" */
    0x0, 0x0, 0x5, 0xfb, 0x0, 0x0, 0x0, 0x0,
    0x0, 0x5, 0xfb, 0x0, 0x0, 0x0, 0x0, 0x0,
    0x1, 0x43, 0x0, 0x0, 0x0, 0x0, 0x0, 0x0,
    0x0, 0x0, 0x0, 0x0, 0x0, 0x7, 0xce, 0xfe,
    0xc7, 0x10, 0x0, 0x2, 0xef, 0xff, 0xff, 0xff,
    0xe3, 0x0, 0xd, 0xfb, 0x40, 0x0, 0x4c, 0xfe,
    0x10, 0x3f, 0xe0, 0x0, 0x0, 0x0, 0xdf, 0x60,
    0x4f, 0xd0, 0x0, 0x0, 0x0, 0x7c, 0x60, 0x1f,
    0xf6, 0x0, 0x0, 0x0, 0x0, 0x0, 0x7, 0xff,
    0xe9, 0x52, 0x0, 0x0, 0x0, 0x0, 0x4c, 0xff,
    0xff, 0xe9, 0x30, 0x0, 0x0, 0x0, 0x26, 0x9d,
    0xff, 0xfa, 0x0, 0x0, 0x0, 0x0, 0x0, 0x27,
    0xef, 0x90, 0x46, 0x0, 0x0, 0x0, 0x0, 0x3f,
    0xf0, 0xdf, 0x40, 0x0, 0x0, 0x0, 0xf, 0xf1,
    0x9f, 0xc0, 0x0, 0x0, 0x0, 0x4f, 0xf0, 0x1e,
    0xfd, 0x61, 0x0, 0x17, 0xff, 0x80, 0x3, 0xef,
    0xff, 0xff, 0xff, 0xf9, 0x0, 0x0, 0x6, 0xbe,
    0xff, 0xea, 0x40, 0x0, 0x0, 0x0, 0x0, 0x0,
    0x0, 0x0, 0x0, 0x0, 0x0, 0x0, 0x0, 0x0,
    0x0, 0x0, 0x0, 0x0, 0x1, 0x43, 0x0, 0x0,
    0x0, 0x0, 0x0, 0x5, 0xfb, 0x0, 0x0, 0x0,
    0x0, 0x0, 0x5, 0xfb, 0x0, 0x0, 0x0,

    /* U+1E69 "ṩ" */
    0x0, 0x0, 0x3f, 0xd0, 0x0, 0x0, 0x0, 0x3,
    0xfd, 0x0, 0x0, 0x0, 0x0, 0x4, 0x30, 0x0,
    0x0, 0x0, 0x0, 0x0, 0x0, 0x0, 0x0, 0x3a,
    0xef, 0xeb, 0x40, 0x0, 0x5f, 0xfc, 0xac, 0xff,
    0x50, 0xd, 0xf3, 0x0, 0x4, 0xfe, 0x0, 0xef,
    0x20, 0x0, 0x6, 0x50, 0xa, 0xfe, 0x94, 0x0,
    0x0, 0x0, 0x1b, 0xff, 0xff, 0xb6, 0x0, 0x0,
    0x2, 0x7b, 0xff, 0xfd, 0x10, 0x0, 0x0, 0x0,
    0x5e, 0xf7, 0x2d, 0xd0, 0x0, 0x0, 0x8f, 0x90,
    0xef, 0x70, 0x0, 0x1d, 0xf6, 0x4, 0xff, 0xda,
    0xbf, 0xfb, 0x0, 0x2, 0xad, 0xff, 0xc6, 0x0,
    0x0, 0x0, 0x0, 0x0, 0x0, 0x0, 0x0, 0x0,
    0x0, 0x0, 0x0, 0x0, 0x0, 0x4, 0x30, 0x0,
    0x0, 0x0, 0x3, 0xfd, 0x0, 0x0, 0x0, 0x0,
    0x3f, 0xd0, 0x0, 0x0,

    /* U+1E6A "Ṫ" */
    0x0, 0x0, 0x0, 0xff, 0x20, 0x0, 0x0, 0x0,
    0x0, 0x0, 0xff, 0x20, 0x0, 0x0, 0x0, 0x0,
    0x0, 0x34, 0x0, 0x0, 0x0, 0x0, 0x0, 0x0,
    0x0, 0x0, 0x0, 0x0, 0x8f, 0xff, 0xff, 0xff,
    0xff, 0xff, 0xf8, 0x7e, 0xee, 0xee, 0xff, 0xee,
    0xee, 0xe8, 0x0, 0x0, 0x1, 0xff, 0x10, 0x0,
    0x0, 0x0, 0x0, 0x1, 0xff, 0x10, 0x0, 0x0,
    0x0, 0x0, 0x1, 0xff, 0x10, 0x0, 0x0, 0x0,
    0x0, 0x1, 0xff, 0x10, 0x0, 0x0, 0x0, 0x0,
    0x1, 0xff, 0x10, 0x0, 0x0, 0x0, 0x0, 0x1,
    0xff, 0x10, 0x0, 0x0, 0x0, 0x0, 0x1, 0xff,
    0x10, 0x0, 0x0, 0x0, 0x0, 0x1, 0xff, 0x10,
    0x0, 0x0, 0x0, 0x0, 0x1, 0xff, 0x10, 0x0,
    0x0, 0x0, 0x0, 0x1, 0xff, 0x10, 0x0, 0x0,
    0x0, 0x0, 0x1, 0xff, 0x10, 0x0, 0x0, 0x0,
    0x0, 0x1, 0xff, 0x10, 0x0, 0x0, 0x0, 0x0,
    0x1, 0xff, 0x10, 0x0, 0x0, 0x0, 0x0, 0x1,
    0xff, 0x10, 0x0, 0x0,

    /* U+1E6B "ṫ" */
    0x1, 0xff, 0x0, 0x0, 0x1f, 0xf0, 0x0, 0x0,
    0x44, 0x0, 0x0, 0x0, 0x0, 0x0, 0x0, 0x2a,
    0x0, 0x0, 0x1f, 0xe0, 0x0, 0x2, 0xfe, 0x0,
    0x0, 0x2f, 0xe0, 0x0, 0x9f, 0xff, 0xfe, 0x5,
    0x9f, 0xf8, 0x70, 0x2, 0xfe, 0x0, 0x0, 0x2f,
    0xe0, 0x0, 0x2, 0xfe, 0x0, 0x0, 0x2f, 0xe0,
    0x0, 0x2, 0xfe, 0x0, 0x0, 0x2f, 0xe0, 0x0,
    0x2, 0xfe, 0x0, 0x0, 0x1f, 0xf0, 0x0, 0x0,
    0xef, 0xfe, 0x0, 0x4, 0xdf, 0xe1,

    /* U+1E6C "Ṭ" */
    0x8f, 0xff, 0xff, 0xff, 0xff, 0xff, 0xf8, 0x7e,
    0xee, 0xee, 0xff, 0xee, 0xee, 0xe8, 0x0, 0x0,
    0x1, 0xff, 0x10, 0x0, 0x0, 0x0, 0x0, 0x1,
    0xff, 0x10, 0x0, 0x0, 0x0, 0x0, 0x1, 0xff,
    0x10, 0x0, 0x0, 0x0, 0x0, 0x1, 0xff, 0x10,
    0x0, 0x0, 0x0, 0x0, 0x1, 0xff, 0x10, 0x0,
    0x0, 0x0, 0x0, 0x1, 0xff, 0x10, 0x0, 0x0,
    0x0, 0x0, 0x1, 0xff, 0x10, 0x0, 0x0, 0x0,
    0x0, 0x1, 0xff, 0x10, 0x0, 0x0, 0x0, 0x0,
    0x1, 0xff, 0x10, 0x0, 0x0, 0x0, 0x0, 0x1,
    0xff, 0x10, 0x0, 0x0, 0x0, 0x0, 0x1, 0xff,
    0x10, 0x0, 0x0, 0x0, 0x0, 0x1, 0xff, 0x10,
    0x0, 0x0, 0x0, 0x0, 0x1, 0xff, 0x10, 0x0,
    0x0, 0x0, 0x0, 0x1, 0xff, 0x10, 0x0, 0x0,
    0x0, 0x0, 0x0, 0x0, 0x0, 0x0, 0x0, 0x0,
    0x0, 0x0, 0x0, 0x0, 0x0, 0x0, 0x0, 0x0,
    0x0, 0x44, 0x0, 0x0, 0x0, 0x0, 0x0, 0x1,
    0xff, 0x0, 0x0, 0x0, 0x0, 0x0, 0x1, 0xff,
    0x0, 0x0, 0x0,

    /* U+1E6D "ṭ" */
    0x0, 0x0, 0x0, 0x0, 0x4, 0xc0, 0x0, 0x2,
    0xfe, 0x0, 0x0, 0x2f, 0xe0, 0x0, 0x2, 0xfe,
    0x0, 0x9, 0xff, 0xff, 0xe0, 0x59, 0xff, 0x87,
    0x0, 0x2f, 0xe0, 0x0, 0x2, 0xfe, 0x0, 0x0,
    0x2f, 0xe0, 0x0, 0x2, 0xfe, 0x0, 0x0, 0x2f,
    0xe0, 0x0, 0x2, 0xfe, 0x0, 0x0, 0x2f, 0xe0,
    0x0, 0x1, 0xff, 0x0, 0x0, 0xe, 0xff, 0xe0,
    0x0, 0x4d, 0xfe, 0x10, 0x0, 0x0, 0x0, 0x0,
    0x0, 0x0, 0x0, 0x0, 0x43, 0x0, 0x0, 0x3f,
    0xd0, 0x0, 0x3, 0xfd, 0x0,

    /* U+1E6E "Ṯ" */
    0x8f, 0xff, 0xff, 0xff, 0xff, 0xff, 0xf8, 0x7e,
    0xee, 0xee, 0xff, 0xee, 0xee, 0xe8, 0x0, 0x0,
    0x1, 0xff, 0x10, 0x0, 0x0, 0x0, 0x0, 0x1,
    0xff, 0x10, 0x0, 0x0, 0x0, 0x0, 0x1, 0xff,
    0x10, 0x0, 0x0, 0x0, 0x0, 0x1, 0xff, 0x10,
    0x0, 0x0, 0x0, 0x0, 0x1, 0xff, 0x10, 0x0,
    0x0, 0x0, 0x0, 0x1, 0xff, 0x10, 0x0, 0x0,
    0x0, 0x0, 0x1, 0xff, 0x10, 0x0, 0x0, 0x0,
    0x0, 0x1, 0xff, 0x10, 0x0, 0x0, 0x0, 0x0,
    0x1, 0xff, 0x10, 0x0, 0x0, 0x0, 0x0, 0x1,
    0xff, 0x10, 0x0, 0x0, 0x0, 0x0, 0x1, 0xff,
    0x10, 0x0, 0x0, 0x0, 0x0, 0x1, 0xff, 0x10,
    0x0, 0x0, 0x0, 0x0, 0x1, 0xff, 0x10, 0x0,
    0x0, 0x0, 0x0, 0x1, 0xff, 0x10, 0x0, 0x0,
    0x0, 0x0, 0x0, 0x0, 0x0, 0x0, 0x0, 0x0,
    0x0, 0x0, 0x0, 0x0, 0x0, 0x0, 0x0, 0x0,
    0x0, 0x0, 0x0, 0x0, 0x0, 0x0, 0x6, 0xaa,
    0xaa, 0xaa, 0x40, 0x0, 0x0, 0x9, 0xff, 0xff,
    0xff, 0x70, 0x0,

    /* U+1E6F "ṯ" */
    0x0, 0x0, 0x0, 0x0, 0x0, 0x4, 0xc0, 0x0,
    0x0, 0x2f, 0xe0, 0x0, 0x0, 0x2f, 0xe0, 0x0,
    0x0, 0x2f, 0xe0, 0x0, 0x9, 0xff, 0xff, 0xe0,
    0x5, 0x9f, 0xf8, 0x70, 0x0, 0x2f, 0xe0, 0x0,
    0x0, 0x2f, 0xe0, 0x0, 0x0, 0x2f, 0xe0, 0x0,
    0x0, 0x2f, 0xe0, 0x0, 0x0, 0x2f, 0xe0, 0x0,
    0x0, 0x2f, 0xe0, 0x0, 0x0, 0x2f, 0xe0, 0x0,
    0x0, 0x1f, 0xf0, 0x0, 0x0, 0xe, 0xff, 0xe0,
    0x0, 0x4, 0xdf, 0xe1, 0x0, 0x0, 0x0, 0x0,
    0x0, 0x0, 0x0, 0x0, 0x0, 0x0, 0x0, 0x0,
    0x2a, 0xaa, 0xaa, 0xa7, 0x4f, 0xff, 0xff, 0xfc,

    /* U+1E70 "Ṱ" */
    0x8f, 0xff, 0xff, 0xff, 0xff, 0xff, 0xf8, 0x7e,
    0xee, 0xee, 0xff, 0xee, 0xee, 0xe8, 0x0, 0x0,
    0x1, 0xff, 0x10, 0x0, 0x0, 0x0, 0x0, 0x1,
    0xff, 0x10, 0x0, 0x0, 0x0, 0x0, 0x1, 0xff,
    0x10, 0x0, 0x0, 0x0, 0x0, 0x1, 0xff, 0x10,
    0x0, 0x0, 0x0, 0x0, 0x1, 0xff, 0x10, 0x0,
    0x0, 0x0, 0x0, 0x1, 0xff, 0x10, 0x0, 0x0,
    0x0, 0x0, 0x1, 0xff, 0x10, 0x0, 0x0, 0x0,
    0x0, 0x1, 0xff, 0x10, 0x0, 0x0, 0x0, 0x0,
    0x1, 0xff, 0x10, 0x0, 0x0, 0x0, 0x0, 0x1,
    0xff, 0x10, 0x0, 0x0, 0x0, 0x0, 0x1, 0xff,
    0x10, 0x0, 0x0, 0x0, 0x0, 0x1, 0xff, 0x10,
    0x0, 0x0, 0x0, 0x0, 0x1, 0xff, 0x10, 0x0,
    0x0, 0x0, 0x0, 0x1, 0xff, 0x10, 0x0, 0x0,
    0x0, 0x0, 0x0, 0x0, 0x0, 0x0, 0x0, 0x0,
    0x0, 0x0, 0x44, 0x0, 0x0, 0x0, 0x0, 0x0,
    0xa, 0xff, 0xa0, 0x0, 0x0, 0x0, 0x0, 0x6f,
    0xba, 0xf6, 0x0, 0x0, 0x0, 0x3, 0xff, 0x21,
    0xef, 0x30, 0x0,

    /* U+1E71 "ṱ" */
    0x0, 0x0, 0x0, 0x0, 0x0, 0x4c, 0x0, 0x0,
    0x2, 0xfe, 0x0, 0x0, 0x2, 0xfe, 0x0, 0x0,
    0x2, 0xfe, 0x0, 0x0, 0x9f, 0xff, 0xfe, 0x0,
    0x59, 0xff, 0x87, 0x0, 0x2, 0xfe, 0x0, 0x0,
    0x2, 0xfe, 0x0, 0x0, 0x2, 0xfe, 0x0, 0x0,
    0x2, 0xfe, 0x0, 0x0, 0x2, 0xfe, 0x0, 0x0,
    0x2, 0xfe, 0x0, 0x0, 0x2, 0xfe, 0x0, 0x0,
    0x1, 0xff, 0x0, 0x0, 0x0, 0xef, 0xfe, 0x0,
    0x0, 0x4d, 0xfe, 0x10, 0x0, 0x0, 0x0, 0x0,
    0x0, 0x36, 0x50, 0x0, 0x1, 0xef, 0xf5, 0x0,
    0xc, 0xf6, 0xef, 0x20, 0x8f, 0xc0, 0x5f, 0xd0,

    /* U+1E72 "Ṳ" */
    0x3f, 0xf0, 0x0, 0x0, 0x0, 0x6, 0xfc, 0x3f,
    0xf0, 0x0, 0x0, 0x0, 0x6, 0xfc, 0x3f, 0xf0,
    0x0, 0x0, 0x0, 0x6, 0xfc, 0x3f, 0xf0, 0x0,
    0x0, 0x0, 0x6, 0xfc, 0x3f, 0xf0, 0x0, 0x0,
    0x0, 0x6, 0xfc, 0x3f, 0xf0, 0x0, 0x0, 0x0,
    0x6, 0xfc, 0x3f, 0xf0, 0x0, 0x0, 0x0, 0x6,
    0xfc, 0x3f, 0xf0, 0x0, 0x0, 0x0, 0x6, 0xfc,
    0x3f, 0xf0, 0x0, 0x0, 0x0, 0x6, 0xfc, 0x2f,
    0xf0, 0x0, 0x0, 0x0, 0x7, 0xfb, 0x2f, 0xf1,
    0x0, 0x0, 0x0, 0x8, 0xfa, 0xf, 0xf3, 0x0,
    0x0, 0x0, 0xa, 0xf9, 0xb, 0xfb, 0x0, 0x0,
    0x0, 0x2f, 0xf4, 0x4, 0xff, 0xa2, 0x0, 0x15,
    0xef, 0xc0, 0x0, 0x7f, 0xff, 0xff, 0xff, 0xfd,
    0x20, 0x0, 0x3, 0x9d, 0xef, 0xec, 0x60, 0x0,
    0x0, 0x0, 0x0, 0x0, 0x0, 0x0, 0x0, 0x0,
    0x0, 0x0, 0x0, 0x0, 0x0, 0x0, 0x0, 0x0,
    0x34, 0x0, 0x34, 0x10, 0x0, 0x0, 0x0, 0xff,
    0x20, 0xcf, 0x40, 0x0, 0x0, 0x0, 0xff, 0x20,
    0xcf, 0x40, 0x0,

    /* U+1E73 "ṳ" */
    0x7f, 0x80, 0x0, 0x0, 0xdf, 0x37, 0xf8, 0x0,
    0x0, 0xd, 0xf3, 0x7f, 0x80, 0x0, 0x0, 0xdf,
    0x37, 0xf8, 0x0, 0x0, 0xd, 0xf3, 0x7f, 0x80,
    0x0, 0x0, 0xdf, 0x37, 0xf8, 0x0, 0x0, 0xd,
    0xf3, 0x7f, 0x80, 0x0, 0x0, 0xdf, 0x37, 0xf8,
    0x0, 0x0, 0xe, 0xf3, 0x6f, 0xa0, 0x0, 0x2,
    0xff, 0x33, 0xff, 0x30, 0x2, 0xcf, 0xf3, 0xb,
    0xff, 0xcd, 0xfd, 0xaf, 0x30, 0x8, 0xdf, 0xe9,
    0x9, 0xf3, 0x0, 0x0, 0x0, 0x0, 0x0, 0x0,
    0x0, 0x0, 0x0, 0x0, 0x0, 0x0, 0x34, 0x0,
    0x24, 0x10, 0x0, 0xd, 0xf3, 0xb, 0xf5, 0x0,
    0x0, 0xdf, 0x30, 0xbf, 0x50, 0x0,

    /* U+1E74 "Ṵ" */
    0x3f, 0xf0, 0x0, 0x0, 0x0, 0x6, 0xfc, 0x3f,
    0xf0, 0x0, 0x0, 0x0, 0x6, 0xfc, 0x3f, 0xf0,
    0x0, 0x0, 0x0, 0x6, 0xfc, 0x3f, 0xf0, 0x0,
    0x0, 0x0, 0x6, 0xfc, 0x3f, 0xf0, 0x0, 0x0,
    0x0, 0x6, 0xfc, 0x3f, 0xf0, 0x0, 0x0, 0x0,
    0x6, 0xfc, 0x3f, 0xf0, 0x0, 0x0, 0x0, 0x6,
    0xfc, 0x3f, 0xf0, 0x0, 0x0, 0x0, 0x6, 0xfc,
    0x3f, 0xf0, 0x0, 0x0, 0x0, 0x6, 0xfc, 0x2f,
    0xf0, 0x0, 0x0, 0x0, 0x7, 0xfb, 0x2f, 0xf1,
    0x0, 0x0, 0x0, 0x8, 0xfa, 0xf, 0xf3, 0x0,
    0x0, 0x0, 0xa, 0xf9, 0xb, 0xfb, 0x0, 0x0,
    0x0, 0x2f, 0xf4, 0x4, 0xff, 0xa2, 0x0, 0x15,
    0xef, 0xc0, 0x0, 0x7f, 0xff, 0xff, 0xff, 0xfd,
    0x20, 0x0, 0x3, 0x9d, 0xef, 0xec, 0x60, 0x0,
    0x0, 0x0, 0x0, 0x0, 0x0, 0x0, 0x0, 0x0,
    0x0, 0x0, 0x0, 0x0, 0x0, 0x0, 0x0, 0x0,
    0x1, 0x10, 0x0, 0x20, 0x0, 0x0, 0x0, 0xaf,
    0xfd, 0xac, 0xf0, 0x0, 0x0, 0x4, 0xf9, 0x6b,
    0xee, 0x60, 0x0,

    /* U+1E75 "ṵ" */
    0x7f, 0x80, 0x0, 0x0, 0xdf, 0x37, 0xf8, 0x0,
    0x0, 0xd, 0xf3, 0x7f, 0x80, 0x0, 0x0, 0xdf,
    0x37, 0xf8, 0x0, 0x0, 0xd, 0xf3, 0x7f, 0x80,
    0x0, 0x0, 0xdf, 0x37, 0xf8, 0x0, 0x0, 0xd,
    0xf3, 0x7f, 0x80, 0x0, 0x0, 0xdf, 0x37, 0xf8,
    0x0, 0x0, 0xe, 0xf3, 0x6f, 0xa0, 0x0, 0x2,
    0xff, 0x33, 0xff, 0x30, 0x2, 0xcf, 0xf3, 0xb,
    0xff, 0xcd, 0xfd, 0xaf, 0x30, 0x8, 0xdf, 0xe9,
    0x9, 0xf3, 0x0, 0x0, 0x0, 0x0, 0x0, 0x0,
    0x0, 0x0, 0x0, 0x0, 0x0, 0x0, 0x1, 0x10,
    0x0, 0x20, 0x0, 0xb, 0xff, 0xda, 0xdf, 0x0,
    0x5, 0xf8, 0x7b, 0xfe, 0x50, 0x0,

    /* U+1E76 "Ṷ" */
    0x3f, 0xf0, 0x0, 0x0, 0x0, 0x6, 0xfc, 0x3f,
    0xf0, 0x0, 0x0, 0x0, 0x6, 0xfc, 0x3f, 0xf0,
    0x0, 0x0, 0x0, 0x6, 0xfc, 0x3f, 0xf0, 0x0,
    0x0, 0x0, 0x6, 0xfc, 0x3f, 0xf0, 0x0, 0x0,
    0x0, 0x6, 0xfc, 0x3f, 0xf0, 0x0, 0x0, 0x0,
    0x6, 0xfc, 0x3f, 0xf0, 0x0, 0x0, 0x0, 0x6,
    0xfc, 0x3f, 0xf0, 0x0, 0x0, 0x0, 0x6, 0xfc,
    0x3f, 0xf0, 0x0, 0x0, 0x0, 0x6, 0xfc, 0x2f,
    0xf0, 0x0, 0x0, 0x0, 0x7, 0xfb, 0x2f, 0xf1,
    0x0, 0x0, 0x0, 0x8, 0xfa, 0xf, 0xf3, 0x0,
    0x0, 0x0, 0xa, 0xf9, 0xb, 0xfb, 0x0, 0x0,
    0x0, 0x2f, 0xf4, 0x4, 0xff, 0xa2, 0x0, 0x15,
    0xef, 0xc0, 0x0, 0x7f, 0xff, 0xff, 0xff, 0xfd,
    0x20, 0x0, 0x3, 0x9d, 0xef, 0xec, 0x60, 0x0,
    0x0, 0x0, 0x0, 0x0, 0x0, 0x0, 0x0, 0x0,
    0x0, 0x0, 0x67, 0x40, 0x0, 0x0, 0x0, 0x0,
    0x6, 0xff, 0xf2, 0x0, 0x0, 0x0, 0x0, 0x2f,
    0xf5, 0xfc, 0x0, 0x0, 0x0, 0x0, 0xcf, 0x60,
    0xaf, 0x80, 0x0,

    /* U+1E77 "ṷ" */
    0x7f, 0x80, 0x0, 0x0, 0xdf, 0x37, 0xf8, 0x0,
    0x0, 0xd, 0xf3, 0x7f, 0x80, 0x0, 0x0, 0xdf,
    0x37, 0xf8, 0x0, 0x0, 0xd, 0xf3, 0x7f, 0x80,
    0x0, 0x0, 0xdf, 0x37, 0xf8, 0x0, 0x0, 0xd,
    0xf3, 0x7f, 0x80, 0x0, 0x0, 0xdf, 0x37, 0xf8,
    0x0, 0x0, 0xe, 0xf3, 0x6f, 0xa0, 0x0, 0x2,
    0xff, 0x33, 0xff, 0x30, 0x2, 0xcf, 0xf3, 0xb,
    0xff, 0xcd, 0xfd, 0xaf, 0x30, 0x8, 0xdf, 0xe9,
    0x9, 0xf3, 0x0, 0x0, 0x0, 0x0, 0x0, 0x0,
    0x0, 0x6, 0x74, 0x0, 0x0, 0x0, 0x7, 0xff,
    0xf2, 0x0, 0x0, 0x2, 0xfe, 0x5f, 0xc0, 0x0,
    0x0, 0xdf, 0x60, 0xaf, 0x80, 0x0,

    /* U+1E78 "Ṹ" */
    0x0, 0x0, 0x0, 0xb, 0xfc, 0x0, 0x0, 0x0,
    0x0, 0x0, 0x3f, 0xe1, 0x0, 0x0, 0x0, 0x0,
    0x0, 0xaf, 0x30, 0x0, 0x0, 0x0, 0x0, 0x0,
    0x11, 0x0, 0x0, 0x0, 0x0, 0x0, 0x0, 0x10,
    0x0, 0x20, 0x0, 0x0, 0x0, 0x7f, 0xfb, 0x47,
    0xf3, 0x0, 0x0, 0x1, 0xfa, 0x6d, 0xff, 0xb0,
    0x0, 0x0, 0x1, 0x51, 0x0, 0x34, 0x0, 0x0,
    0x0, 0x0, 0x0, 0x0, 0x0, 0x0, 0x0, 0x3f,
    0xf0, 0x0, 0x0, 0x0, 0x6, 0xfc, 0x3f, 0xf0,
    0x0, 0x0, 0x0, 0x6, 0xfc, 0x3f, 0xf0, 0x0,
    0x0, 0x0, 0x6, 0xfc, 0x3f, 0xf0, 0x0, 0x0,
    0x0, 0x6, 0xfc, 0x3f, 0xf0, 0x0, 0x0, 0x0,
    0x6, 0xfc, 0x3f, 0xf0, 0x0, 0x0, 0x0, 0x6,
    0xfc, 0x3f, 0xf0, 0x0, 0x0, 0x0, 0x6, 0xfc,
    0x3f, 0xf0, 0x0, 0x0, 0x0, 0x6, 0xfc, 0x3f,
    0xf0, 0x0, 0x0, 0x0, 0x6, 0xfc, 0x2f, 0xf0,
    0x0, 0x0, 0x0, 0x7, 0xfb, 0x2f, 0xf1, 0x0,
    0x0, 0x0, 0x8, 0xfa, 0xf, 0xf3, 0x0, 0x0,
    0x0, 0xa, 0xf9, 0xb, 0xfb, 0x0, 0x0, 0x0,
    0x2f, 0xf4, 0x4, 0xff, 0xa2, 0x0, 0x15, 0xef,
    0xc0, 0x0, 0x7f, 0xff, 0xff, 0xff, 0xfd, 0x20,
    0x0, 0x3, 0x9d, 0xef, 0xec, 0x60, 0x0,

    /* U+1E79 "ṹ" */
    0x0, 0x0, 0x9, 0xfd, 0x0, 0x0, 0x0, 0x1,
    0xff, 0x20, 0x0, 0x0, 0x0, 0x8f, 0x40, 0x0,
    0x0, 0x0, 0x1, 0x10, 0x0, 0x0, 0x0, 0x0,
    0x0, 0x0, 0x0, 0x0, 0x7, 0xee, 0x83, 0x8f,
    0x10, 0x3, 0xfa, 0x9f, 0xff, 0xa0, 0x0, 0x15,
    0x0, 0x4, 0x30, 0x0, 0x0, 0x0, 0x0, 0x0,
    0x0, 0x7, 0xf8, 0x0, 0x0, 0xd, 0xf3, 0x7f,
    0x80, 0x0, 0x0, 0xdf, 0x37, 0xf8, 0x0, 0x0,
    0xd, 0xf3, 0x7f, 0x80, 0x0, 0x0, 0xdf, 0x37,
    0xf8, 0x0, 0x0, 0xd, 0xf3, 0x7f, 0x80, 0x0,
    0x0, 0xdf, 0x37, 0xf8, 0x0, 0x0, 0xd, 0xf3,
    0x7f, 0x80, 0x0, 0x0, 0xef, 0x36, 0xfa, 0x0,
    0x0, 0x2f, 0xf3, 0x3f, 0xf3, 0x0, 0x2c, 0xff,
    0x30, 0xbf, 0xfc, 0xdf, 0xda, 0xf3, 0x0, 0x8d,
    0xfe, 0x90, 0x9f, 0x30,

    /* U+1E7A "Ṻ" */
    0x0, 0x0, 0xcf, 0x40, 0xaf, 0x70, 0x0, 0x0,
    0x0, 0xcf, 0x40, 0xaf, 0x70, 0x0, 0x0, 0x0,
    0x34, 0x10, 0x24, 0x10, 0x0, 0x0, 0x1, 0xaa,
    0xaa, 0xaa, 0x80, 0x0, 0x0, 0x3, 0xff, 0xff,
    0xff, 0xd0, 0x0, 0x0, 0x0, 0x0, 0x0, 0x0,
    0x0, 0x0, 0x0, 0x0, 0x0, 0x0, 0x0, 0x0,
    0x0, 0x3f, 0xf0, 0x0, 0x0, 0x0, 0x6, 0xfc,
    0x3f, 0xf0, 0x0, 0x0, 0x0, 0x6, 0xfc, 0x3f,
    0xf0, 0x0, 0x0, 0x0, 0x6, 0xfc, 0x3f, 0xf0,
    0x0, 0x0, 0x0, 0x6, 0xfc, 0x3f, 0xf0, 0x0,
    0x0, 0x0, 0x6, 0xfc, 0x3f, 0xf0, 0x0, 0x0,
    0x0, 0x6, 0xfc, 0x3f, 0xf0, 0x0, 0x0, 0x0,
    0x6, 0xfc, 0x3f, 0xf0, 0x0, 0x0, 0x0, 0x6,
    0xfc, 0x3f, 0xf0, 0x0, 0x0, 0x0, 0x6, 0xfc,
    0x2f, 0xf0, 0x0, 0x0, 0x0, 0x7, 0xfb, 0x2f,
    0xf1, 0x0, 0x0, 0x0, 0x8, 0xfa, 0xf, 0xf3,
    0x0, 0x0, 0x0, 0xa, 0xf9, 0xb, 0xfb, 0x0,
    0x0, 0x0, 0x2f, 0xf4, 0x4, 0xff, 0xa2, 0x0,
    0x15, 0xef, 0xc0, 0x0, 0x7f, 0xff, 0xff, 0xff,
    0xfd, 0x20, 0x0, 0x3, 0x9d, 0xef, 0xec, 0x60,
    0x0,

    /* U+1E7B "ṻ" */
    0x0, 0x24, 0x10, 0x24, 0x20, 0x0, 0xb, 0xf6,
    0x8, 0xf8, 0x0, 0x0, 0xbf, 0x60, 0x8f, 0x80,
    0x0, 0x0, 0x0, 0x0, 0x0, 0x0, 0x1, 0xff,
    0xff, 0xff, 0xe0, 0x0, 0x1a, 0xaa, 0xaa, 0xa9,
    0x0, 0x0, 0x0, 0x0, 0x0, 0x0, 0x0, 0x0,
    0x0, 0x0, 0x0, 0x0, 0x7f, 0x80, 0x0, 0x0,
    0xdf, 0x37, 0xf8, 0x0, 0x0, 0xd, 0xf3, 0x7f,
    0x80, 0x0, 0x0, 0xdf, 0x37, 0xf8, 0x0, 0x0,
    0xd, 0xf3, 0x7f, 0x80, 0x0, 0x0, 0xdf, 0x37,
    0xf8, 0x0, 0x0, 0xd, 0xf3, 0x7f, 0x80, 0x0,
    0x0, 0xdf, 0x37, 0xf8, 0x0, 0x0, 0xe, 0xf3,
    0x6f, 0xa0, 0x0, 0x2, 0xff, 0x33, 0xff, 0x30,
    0x2, 0xcf, 0xf3, 0xb, 0xff, 0xcd, 0xfd, 0xaf,
    0x30, 0x8, 0xdf, 0xe9, 0x9, 0xf3,

    /* U+1E7C "Ṽ" */
    0x0, 0x0, 0x0, 0x10, 0x0, 0x20, 0x0, 0x0,
    0x0, 0x0, 0x6f, 0xfb, 0x46, 0xf4, 0x0, 0x0,
    0x0, 0x0, 0xfb, 0x6d, 0xff, 0xc0, 0x0, 0x0,
    0x0, 0x0, 0x51, 0x0, 0x34, 0x0, 0x0, 0x0,
    0x0, 0x0, 0x0, 0x0, 0x0, 0x0, 0x0, 0x0,
    0xaf, 0xa0, 0x0, 0x0, 0x0, 0x0, 0x3f, 0xf0,
    0x4f, 0xf1, 0x0, 0x0, 0x0, 0x0, 0x9f, 0x90,
    0xd, 0xf6, 0x0, 0x0, 0x0, 0x0, 0xff, 0x20,
    0x7, 0xfc, 0x0, 0x0, 0x0, 0x6, 0xfc, 0x0,
    0x1, 0xff, 0x20, 0x0, 0x0, 0xc, 0xf5, 0x0,
    0x0, 0xaf, 0x80, 0x0, 0x0, 0x2f, 0xe0, 0x0,
    0x0, 0x4f, 0xd0, 0x0, 0x0, 0x8f, 0x90, 0x0,
    0x0, 0xd, 0xf3, 0x0, 0x0, 0xef, 0x20, 0x0,
    0x0, 0x7, 0xf9, 0x0, 0x4, 0xfc, 0x0, 0x0,
    0x0, 0x1, 0xff, 0x0, 0xa, 0xf5, 0x0, 0x0,
    0x0, 0x0, 0xaf, 0x50, 0x1f, 0xe0, 0x0, 0x0,
    0x0, 0x0, 0x4f, 0xb0, 0x6f, 0x80, 0x0, 0x0,
    0x0, 0x0, 0xd, 0xf1, 0xcf, 0x20, 0x0, 0x0,
    0x0, 0x0, 0x7, 0xf8, 0xfb, 0x0, 0x0, 0x0,
    0x0, 0x0, 0x1, 0xff, 0xf5, 0x0, 0x0, 0x0,
    0x0, 0x0, 0x0, 0xaf, 0xe0, 0x0, 0x0, 0x0,

    /* U+1E7D "ṽ" */
    0x0, 0x2c, 0xfc, 0x63, 0xe9, 0x0, 0x0, 0xae,
    0x8b, 0xff, 0xf3, 0x0, 0x0, 0x43, 0x0, 0x24,
    0x10, 0x0, 0x0, 0x0, 0x0, 0x0, 0x0, 0x0,
    0x8f, 0x90, 0x0, 0x0, 0xf, 0xf1, 0x2f, 0xe0,
    0x0, 0x0, 0x6f, 0xa0, 0xc, 0xf5, 0x0, 0x0,
    0xbf, 0x40, 0x6, 0xfa, 0x0, 0x1, 0xfe, 0x0,
    0x0, 0xff, 0x0, 0x7, 0xf8, 0x0, 0x0, 0xaf,
    0x60, 0xd, 0xf2, 0x0, 0x0, 0x4f, 0xb0, 0x3f,
    0xc0, 0x0, 0x0, 0xd, 0xf1, 0x8f, 0x60, 0x0,
    0x0, 0x7, 0xf6, 0xef, 0x10, 0x0, 0x0, 0x1,
    0xfe, 0xfa, 0x0, 0x0, 0x0, 0x0, 0xbf, 0xf4,
    0x0, 0x0, 0x0, 0x0, 0x5f, 0xe0, 0x0, 0x0,

    /* U+1E7E "Ṿ" */
    0xaf, 0xa0, 0x0, 0x0, 0x0, 0x0, 0x3f, 0xf0,
    0x4f, 0xf1, 0x0, 0x0, 0x0, 0x0, 0x9f, 0x90,
    0xd, 0xf6, 0x0, 0x0, 0x0, 0x0, 0xff, 0x20,
    0x7, 0xfc, 0x0, 0x0, 0x0, 0x6, 0xfc, 0x0,
    0x1, 0xff, 0x20, 0x0, 0x0, 0xc, 0xf5, 0x0,
    0x0, 0xaf, 0x80, 0x0, 0x0, 0x2f, 0xe0, 0x0,
    0x0, 0x4f, 0xd0, 0x0, 0x0, 0x8f, 0x90, 0x0,
    0x0, 0xd, 0xf3, 0x0, 0x0, 0xef, 0x20, 0x0,
    0x0, 0x7, 0xf9, 0x0, 0x4, 0xfc, 0x0, 0x0,
    0x0, 0x1, 0xff, 0x0, 0xa, 0xf5, 0x0, 0x0,
    0x0, 0x0, 0xaf, 0x50, 0x1f, 0xe0, 0x0, 0x0,
    0x0, 0x0, 0x4f, 0xb0, 0x6f, 0x80, 0x0, 0x0,
    0x0, 0x0, 0xd, 0xf1, 0xcf, 0x20, 0x0, 0x0,
    0x0, 0x0, 0x7, 0xf8, 0xfb, 0x0, 0x0, 0x0,
    0x0, 0x0, 0x1, 0xff, 0xf5, 0x0, 0x0, 0x0,
    0x0, 0x0, 0x0, 0xaf, 0xe0, 0x0, 0x0, 0x0,
    0x0, 0x0, 0x0, 0x0, 0x0, 0x0, 0x0, 0x0,
    0x0, 0x0, 0x0, 0x0, 0x0, 0x0, 0x0, 0x0,
    0x0, 0x0, 0x0, 0x14, 0x30, 0x0, 0x0, 0x0,
    0x0, 0x0, 0x0, 0x5f, 0xb0, 0x0, 0x0, 0x0,
    0x0, 0x0, 0x0, 0x5f, 0xb0, 0x0, 0x0, 0x0,

    /* U+1E7F "ṿ" */
    0x8f, 0x90, 0x0, 0x0, 0xf, 0xf1, 0x2f, 0xe0,
    0x0, 0x0, 0x6f, 0xa0, 0xc, 0xf5, 0x0, 0x0,
    0xbf, 0x40, 0x6, 0xfa, 0x0, 0x1, 0xfe, 0x0,
    0x0, 0xff, 0x0, 0x7, 0xf8, 0x0, 0x0, 0xaf,
    0x60, 0xd, 0xf2, 0x0, 0x0, 0x4f, 0xb0, 0x3f,
    0xc0, 0x0, 0x0, 0xd, 0xf1, 0x8f, 0x60, 0x0,
    0x0, 0x7, 0xf6, 0xef, 0x10, 0x0, 0x0, 0x1,
    0xfe, 0xfa, 0x0, 0x0, 0x0, 0x0, 0xbf, 0xf4,
    0x0, 0x0, 0x0, 0x0, 0x5f, 0xe0, 0x0, 0x0,
    0x0, 0x0, 0x0, 0x0, 0x0, 0x0, 0x0, 0x0,
    0x0, 0x0, 0x0, 0x0, 0x0, 0x0, 0x4, 0x30,
    0x0, 0x0, 0x0, 0x0, 0x2f, 0xe0, 0x0, 0x0,
    0x0, 0x0, 0x2f, 0xe0, 0x0, 0x0,

    /* U+1E80 "Ẁ" */
    0x0, 0x0, 0x0, 0x0, 0x7f, 0xf0, 0x0, 0x0,
    0x0, 0x0, 0x0, 0x0, 0x0, 0x0, 0x0, 0xc,
    0xf7, 0x0, 0x0, 0x0, 0x0, 0x0, 0x0, 0x0,
    0x0, 0x0, 0x2, 0xfe, 0x0, 0x0, 0x0, 0x0,
    0x0, 0x0, 0x0, 0x0, 0x0, 0x0, 0x23, 0x0,
    0x0, 0x0, 0x0, 0x0, 0x0, 0x0, 0x0, 0x0,
    0x0, 0x0, 0x0, 0x0, 0x0, 0x0, 0x0, 0xf,
    0xfa, 0x0, 0x0, 0x4, 0xff, 0x80, 0x0, 0x0,
    0x6f, 0xf4, 0xb, 0xfd, 0x0, 0x0, 0x7, 0xff,
    0xb0, 0x0, 0x0, 0xaf, 0xf0, 0x7, 0xff, 0x10,
    0x0, 0xb, 0xff, 0xf0, 0x0, 0x0, 0xdf, 0xc0,
    0x3, 0xff, 0x50, 0x0, 0xf, 0xff, 0xf3, 0x0,
    0x1, 0xff, 0x80, 0x0, 0xff, 0x90, 0x0, 0x3f,
    0xff, 0xf7, 0x0, 0x5, 0xff, 0x40, 0x0, 0xbf,
    0xd0, 0x0, 0x7f, 0xea, 0xfb, 0x0, 0x9, 0xff,
    0x0, 0x0, 0x7f, 0xf0, 0x0, 0xaf, 0xa6, 0xfe,
    0x0, 0xc, 0xfb, 0x0, 0x0, 0x3f, 0xf4, 0x0,
    0xef, 0x62, 0xff, 0x20, 0xf, 0xf7, 0x0, 0x0,
    0xf, 0xf8, 0x2, 0xff, 0x20, 0xef, 0x60, 0x4f,
    0xf3, 0x0, 0x0, 0xb, 0xfc, 0x6, 0xfe, 0x0,
    0xaf, 0xa0, 0x8f, 0xf0, 0x0, 0x0, 0x7, 0xff,
    0x9, 0xfa, 0x0, 0x6f, 0xe0, 0xbf, 0xb0, 0x0,
    0x0, 0x3, 0xff, 0x3d, 0xf6, 0x0, 0x2f, 0xf2,
    0xff, 0x70, 0x0, 0x0, 0x0, 0xef, 0x8f, 0xf3,
    0x0, 0xe, 0xf8, 0xff, 0x30, 0x0, 0x0, 0x0,
    0xbf, 0xff, 0xf0, 0x0, 0xb, 0xff, 0xff, 0x0,
    0x0, 0x0, 0x0, 0x6f, 0xff, 0xb0, 0x0, 0x7,
    0xff, 0xfb, 0x0, 0x0, 0x0, 0x0, 0x2f, 0xff,
    0x70, 0x0, 0x3, 0xff, 0xf7, 0x0, 0x0, 0x0,
    0x0, 0xe, 0xff, 0x30, 0x0, 0x0, 0xff, 0xf3,
    0x0, 0x0,

    /* U+1E81 "ẁ" */
    0x0, 0x0, 0x0, 0x1e, 0xf6, 0x0, 0x0, 0x0,
    0x0, 0x0, 0x0, 0x0, 0x0, 0x6f, 0xd0, 0x0,
    0x0, 0x0, 0x0, 0x0, 0x0, 0x0, 0x0, 0xbf,
    0x50, 0x0, 0x0, 0x0, 0x0, 0x0, 0x0, 0x0,
    0x1, 0x31, 0x0, 0x0, 0x0, 0x0, 0x5f, 0xf3,
    0x0, 0x0, 0xcf, 0xc0, 0x0, 0x1, 0xff, 0x61,
    0xff, 0x70, 0x0, 0xf, 0xff, 0x10, 0x0, 0x6f,
    0xf2, 0xc, 0xfb, 0x0, 0x4, 0xff, 0xf5, 0x0,
    0xa, 0xfd, 0x0, 0x7f, 0xf0, 0x0, 0x8f, 0xff,
    0x90, 0x0, 0xef, 0x80, 0x3, 0xff, 0x30, 0xd,
    0xf9, 0xfd, 0x0, 0x2f, 0xf4, 0x0, 0xe, 0xf7,
    0x1, 0xff, 0x1f, 0xf1, 0x6, 0xff, 0x0, 0x0,
    0xaf, 0xb0, 0x5f, 0xb0, 0xbf, 0x60, 0xaf, 0xb0,
    0x0, 0x5, 0xff, 0x9, 0xf7, 0x6, 0xfa, 0xe,
    0xf6, 0x0, 0x0, 0x1f, 0xf4, 0xdf, 0x30, 0x2f,
    0xe3, 0xff, 0x10, 0x0, 0x0, 0xcf, 0xaf, 0xe0,
    0x0, 0xef, 0xaf, 0xd0, 0x0, 0x0, 0x7, 0xff,
    0xfa, 0x0, 0x9, 0xff, 0xf8, 0x0, 0x0, 0x0,
    0x3f, 0xff, 0x50, 0x0, 0x5f, 0xff, 0x40, 0x0,
    0x0, 0x0, 0xef, 0xf1, 0x0, 0x0, 0xff, 0xf0,
    0x0, 0x0,

    /* U+1E82 "Ẃ" */
    0x0, 0x0, 0x0, 0x0, 0x0, 0xb, 0xfb, 0x0,
    0x0, 0x0, 0x0, 0x0, 0x0, 0x0, 0x0, 0x0,
    0x2f, 0xf2, 0x0, 0x0, 0x0, 0x0, 0x0, 0x0,
    0x0, 0x0, 0x0, 0xaf, 0x60, 0x0, 0x0, 0x0,
    0x0, 0x0, 0x0, 0x0, 0x0, 0x0, 0x23, 0x0,
    0x0, 0x0, 0x0, 0x0, 0x0, 0x0, 0x0, 0x0,
    0x0, 0x0, 0x0, 0x0, 0x0, 0x0, 0x0, 0xf,
    0xfa, 0x0, 0x0, 0x4, 0xff, 0x80, 0x0, 0x0,
    0x6f, 0xf4, 0xb, 0xfd, 0x0, 0x0, 0x7, 0xff,
    0xb0, 0x0, 0x0, 0xaf, 0xf0, 0x7, 0xff, 0x10,
    0x0, 0xb, 0xff, 0xf0, 0x0, 0x0, 0xdf, 0xc0,
    0x3, 0xff, 0x50, 0x0, 0xf, 0xff, 0xf3, 0x0,
    0x1, 0xff, 0x80, 0x0, 0xff, 0x90, 0x0, 0x3f,
    0xff, 0xf7, 0x0, 0x5, 0xff, 0x40, 0x0, 0xbf,
    0xd0, 0x0, 0x7f, 0xea, 0xfb, 0x0, 0x9, 0xff,
    0x0, 0x0, 0x7f, 0xf0, 0x0, 0xaf, 0xa6, 0xfe,
    0x0, 0xc, 0xfb, 0x0, 0x0, 0x3f, 0xf4, 0x0,
    0xef, 0x62, 0xff, 0x20, 0xf, 0xf7, 0x0, 0x0,
    0xf, 0xf8, 0x2, 0xff, 0x20, 0xef, 0x60, 0x4f,
    0xf3, 0x0, 0x0, 0xb, 0xfc, 0x6, 0xfe, 0x0,
    0xaf, 0xa0, 0x8f, 0xf0, 0x0, 0x0, 0x7, 0xff,
    0x9, 0xfa, 0x0, 0x6f, 0xe0, 0xbf, 0xb0, 0x0,
    0x0, 0x3, 0xff, 0x3d, 0xf6, 0x0, 0x2f, 0xf2,
    0xff, 0x70, 0x0, 0x0, 0x0, 0xef, 0x8f, 0xf3,
    0x0, 0xe, 0xf8, 0xff, 0x30, 0x0, 0x0, 0x0,
    0xbf, 0xff, 0xf0, 0x0, 0xb, 0xff, 0xff, 0x0,
    0x0, 0x0, 0x0, 0x6f, 0xff, 0xb0, 0x0, 0x7,
    0xff, 0xfb, 0x0, 0x0, 0x0, 0x0, 0x2f, 0xff,
    0x70, 0x0, 0x3, 0xff, 0xf7, 0x0, 0x0, 0x0,
    0x0, 0xe, 0xff, 0x30, 0x0, 0x0, 0xff, 0xf3,
    0x0, 0x0,

    /* U+1E83 "ẃ" */
    0x0, 0x0, 0x0, 0x0, 0x5, 0xff, 0x20, 0x0,
    0x0, 0x0, 0x0, 0x0, 0x0, 0x0, 0xcf, 0x70,
    0x0, 0x0, 0x0, 0x0, 0x0, 0x0, 0x0, 0x3f,
    0xd0, 0x0, 0x0, 0x0, 0x0, 0x0, 0x0, 0x0,
    0x1, 0x31, 0x0, 0x0, 0x0, 0x0, 0x5f, 0xf3,
    0x0, 0x0, 0xcf, 0xc0, 0x0, 0x1, 0xff, 0x61,
    0xff, 0x70, 0x0, 0xf, 0xff, 0x10, 0x0, 0x6f,
    0xf2, 0xc, 0xfb, 0x0, 0x4, 0xff, 0xf5, 0x0,
    0xa, 0xfd, 0x0, 0x7f, 0xf0, 0x0, 0x8f, 0xff,
    0x90, 0x0, 0xef, 0x80, 0x3, 0xff, 0x30, 0xd,
    0xf9, 0xfd, 0x0, 0x2f, 0xf4, 0x0, 0xe, 0xf7,
    0x1, 0xff, 0x1f, 0xf1, 0x6, 0xff, 0x0, 0x0,
    0xaf, 0xb0, 0x5f, 0xb0, 0xbf, 0x60, 0xaf, 0xb0,
    0x0, 0x5, 0xff, 0x9, 0xf7, 0x6, 0xfa, 0xe,
    0xf6, 0x0, 0x0, 0x1f, 0xf4, 0xdf, 0x30, 0x2f,
    0xe3, 0xff, 0x10, 0x0, 0x0, 0xcf, 0xaf, 0xe0,
    0x0, 0xef, 0xaf, 0xd0, 0x0, 0x0, 0x7, 0xff,
    0xfa, 0x0, 0x9, 0xff, 0xf8, 0x0, 0x0, 0x0,
    0x3f, 0xff, 0x50, 0x0, 0x5f, 0xff, 0x40, 0x0,
    0x0, 0x0, 0xef, 0xf1, 0x0, 0x0, 0xff, 0xf0,
    0x0, 0x0,

    /* U+1E84 "Ẅ" */
    0x0, 0x0, 0x0, 0x2, 0x88, 0x10, 0x88, 0x40,
    0x0, 0x0, 0x0, 0x0, 0x0, 0x0, 0x4, 0xff,
    0x30, 0xff, 0x80, 0x0, 0x0, 0x0, 0x0, 0x0,
    0x0, 0x4, 0xff, 0x30, 0xff, 0x80, 0x0, 0x0,
    0x0, 0x0, 0x0, 0x0, 0x0, 0x0, 0x0, 0x0,
    0x0, 0x0, 0x0, 0x0, 0x0, 0x0, 0x0, 0x0,
    0x0, 0x0, 0x0, 0x0, 0x0, 0x0, 0x0, 0xf,
    0xfa, 0x0, 0x0, 0x4, 0xff, 0x80, 0x0, 0x0,
    0x6f, 0xf4, 0xb, 0xfd, 0x0, 0x0, 0x7, 0xff,
    0xb0, 0x0, 0x0, 0xaf, 0xf0, 0x7, 0xff, 0x10,
    0x0, 0xb, 0xff, 0xf0, 0x0, 0x0, 0xdf, 0xc0,
    0x3, 0xff, 0x50, 0x0, 0xf, 0xff, 0xf3, 0x0,
    0x1, 0xff, 0x80, 0x0, 0xff, 0x90, 0x0, 0x3f,
    0xff, 0xf7, 0x0, 0x5, 0xff, 0x40, 0x0, 0xbf,
    0xd0, 0x0, 0x7f, 0xea, 0xfb, 0x0, 0x9, 0xff,
    0x0, 0x0, 0x7f, 0xf0, 0x0, 0xaf, 0xa6, 0xfe,
    0x0, 0xc, 0xfb, 0x0, 0x0, 0x3f, 0xf4, 0x0,
    0xef, 0x62, 0xff, 0x20, 0xf, 0xf7, 0x0, 0x0,
    0xf, 0xf8, 0x2, 0xff, 0x20, 0xef, 0x60, 0x4f,
    0xf3, 0x0, 0x0, 0xb, 0xfc, 0x6, 0xfe, 0x0,
    0xaf, 0xa0, 0x8f, 0xf0, 0x0, 0x0, 0x7, 0xff,
    0x9, 0xfa, 0x0, 0x6f, 0xe0, 0xbf, 0xb0, 0x0,
    0x0, 0x3, 0xff, 0x3d, 0xf6, 0x0, 0x2f, 0xf2,
    0xff, 0x70, 0x0, 0x0, 0x0, 0xef, 0x8f, 0xf3,
    0x0, 0xe, 0xf8, 0xff, 0x30, 0x0, 0x0, 0x0,
    0xbf, 0xff, 0xf0, 0x0, 0xb, 0xff, 0xff, 0x0,
    0x0, 0x0, 0x0, 0x6f, 0xff, 0xb0, 0x0, 0x7,
    0xff, 0xfb, 0x0, 0x0, 0x0, 0x0, 0x2f, 0xff,
    0x70, 0x0, 0x3, 0xff, 0xf7, 0x0, 0x0, 0x0,
    0x0, 0xe, 0xff, 0x30, 0x0, 0x0, 0xff, 0xf3,
    0x0, 0x0,

    /* U+1E85 "ẅ" */
    0x0, 0x0, 0x0, 0xdf, 0x90, 0x8f, 0xe0, 0x0,
    0x0, 0x0, 0x0, 0x0, 0xd, 0xf9, 0x8, 0xfe,
    0x0, 0x0, 0x0, 0x0, 0x0, 0x0, 0x78, 0x50,
    0x48, 0x70, 0x0, 0x0, 0x0, 0x0, 0x0, 0x0,
    0x0, 0x0, 0x0, 0x0, 0x0, 0x0, 0x5f, 0xf3,
    0x0, 0x0, 0xcf, 0xc0, 0x0, 0x1, 0xff, 0x61,
    0xff, 0x70, 0x0, 0xf, 0xff, 0x10, 0x0, 0x6f,
    0xf2, 0xc, 0xfb, 0x0, 0x4, 0xff, 0xf5, 0x0,
    0xa, 0xfd, 0x0, 0x7f, 0xf0, 0x0, 0x8f, 0xff,
    0x90, 0x0, 0xef, 0x80, 0x3, 0xff, 0x30, 0xd,
    0xf9, 0xfd, 0x0, 0x2f, 0xf4, 0x0, 0xe, 0xf7,
    0x1, 0xff, 0x1f, 0xf1, 0x6, 0xff, 0x0, 0x0,
    0xaf, 0xb0, 0x5f, 0xb0, 0xbf, 0x60, 0xaf, 0xb0,
    0x0, 0x5, 0xff, 0x9, 0xf7, 0x6, 0xfa, 0xe,
    0xf6, 0x0, 0x0, 0x1f, 0xf4, 0xdf, 0x30, 0x2f,
    0xe3, 0xff, 0x10, 0x0, 0x0, 0xcf, 0xaf, 0xe0,
    0x0, 0xef, 0xaf, 0xd0, 0x0, 0x0, 0x7, 0xff,
    0xfa, 0x0, 0x9, 0xff, 0xf8, 0x0, 0x0, 0x0,
    0x3f, 0xff, 0x50, 0x0, 0x5f, 0xff, 0x40, 0x0,
    0x0, 0x0, 0xef, 0xf1, 0x0, 0x0, 0xff, 0xf0,
    0x0, 0x0,

    /* U+1E86 "Ẇ" */
    0x0, 0x0, 0x0, 0x0, 0x1, 0xff, 0x0, 0x0,
    0x0, 0x0, 0x0, 0x0, 0x0, 0x0, 0x0, 0x1,
    0xff, 0x0, 0x0, 0x0, 0x0, 0x0, 0x0, 0x0,
    0x0, 0x0, 0x0, 0x44, 0x0, 0x0, 0x0, 0x0,
    0x0, 0x0, 0x0, 0x0, 0x0, 0x0, 0x0, 0x0,
    0x0, 0x0, 0x0, 0x0, 0x9f, 0x90, 0x0, 0x0,
    0x8, 0xff, 0x60, 0x0, 0x0, 0xd, 0xf5, 0x4f,
    0xd0, 0x0, 0x0, 0xd, 0xff, 0xa0, 0x0, 0x0,
    0x1f, 0xf0, 0xf, 0xf1, 0x0, 0x0, 0x2f, 0xbf,
    0xf0, 0x0, 0x0, 0x5f, 0xc0, 0xc, 0xf5, 0x0,
    0x0, 0x6f, 0x7b, 0xf3, 0x0, 0x0, 0x9f, 0x70,
    0x7, 0xf9, 0x0, 0x0, 0xbf, 0x27, 0xf8, 0x0,
    0x0, 0xdf, 0x30, 0x3, 0xfd, 0x0, 0x0, 0xfe,
    0x2, 0xfd, 0x0, 0x1, 0xfe, 0x0, 0x0, 0xef,
    0x10, 0x4, 0xf9, 0x0, 0xef, 0x10, 0x6, 0xf9,
    0x0, 0x0, 0xaf, 0x40, 0x9, 0xf5, 0x0, 0x9f,
    0x60, 0xa, 0xf5, 0x0, 0x0, 0x6f, 0x80, 0xd,
    0xf0, 0x0, 0x5f, 0xa0, 0xe, 0xf1, 0x0, 0x0,
    0x1f, 0xc0, 0x2f, 0xb0, 0x0, 0xf, 0xe0, 0x2f,
    0xc0, 0x0, 0x0, 0xd, 0xf0, 0x6f, 0x70, 0x0,
    0xb, 0xf3, 0x6f, 0x70, 0x0, 0x0, 0x9, 0xf3,
    0xbf, 0x20, 0x0, 0x7, 0xf6, 0x9f, 0x30, 0x0,
    0x0, 0x4, 0xf7, 0xee, 0x0, 0x0, 0x2, 0xf9,
    0xde, 0x0, 0x0, 0x0, 0x0, 0xfc, 0xf9, 0x0,
    0x0, 0x0, 0xed, 0xfa, 0x0, 0x0, 0x0, 0x0,
    0xbf, 0xf4, 0x0, 0x0, 0x0, 0x9f, 0xf5, 0x0,
    0x0, 0x0, 0x0, 0x7f, 0xf0, 0x0, 0x0, 0x0,
    0x5f, 0xf1, 0x0, 0x0,

    /* U+1E87 "ẇ" */
    0x0, 0x0, 0x0, 0x9, 0xf7, 0x0, 0x0, 0x0,
    0x0, 0x0, 0x0, 0x0, 0x9f, 0x70, 0x0, 0x0,
    0x0, 0x0, 0x0, 0x0, 0x2, 0x42, 0x0, 0x0,
    0x0, 0x0, 0x0, 0x0, 0x0, 0x0, 0x0, 0x0,
    0x0, 0x0, 0xbf, 0x50, 0x0, 0xc, 0xf8, 0x0,
    0x0, 0xaf, 0x56, 0xfa, 0x0, 0x1, 0xff, 0xc0,
    0x0, 0xe, 0xf0, 0x2f, 0xe0, 0x0, 0x5f, 0xff,
    0x0, 0x3, 0xfb, 0x0, 0xdf, 0x20, 0x9, 0xfb,
    0xf4, 0x0, 0x8f, 0x60, 0x8, 0xf7, 0x0, 0xed,
    0x5f, 0x80, 0xc, 0xf1, 0x0, 0x3f, 0xb0, 0x2f,
    0x91, 0xfc, 0x1, 0xfc, 0x0, 0x0, 0xef, 0x6,
    0xf5, 0xd, 0xf1, 0x6f, 0x70, 0x0, 0x9, 0xf4,
    0xaf, 0x10, 0x8f, 0x5b, 0xf2, 0x0, 0x0, 0x4f,
    0x8e, 0xc0, 0x4, 0xf9, 0xfd, 0x0, 0x0, 0x0,
    0xfe, 0xf8, 0x0, 0xf, 0xff, 0x80, 0x0, 0x0,
    0xa, 0xff, 0x40, 0x0, 0xcf, 0xf3, 0x0, 0x0,
    0x0, 0x5f, 0xf0, 0x0, 0x7, 0xfe, 0x0, 0x0,

    /* U+1E88 "Ẉ" */
    0x9f, 0x90, 0x0, 0x0, 0x8, 0xff, 0x60, 0x0,
    0x0, 0xd, 0xf5, 0x4f, 0xd0, 0x0, 0x0, 0xd,
    0xff, 0xa0, 0x0, 0x0, 0x1f, 0xf0, 0xf, 0xf1,
    0x0, 0x0, 0x2f, 0xbf, 0xf0, 0x0, 0x0, 0x5f,
    0xc0, 0xc, 0xf5, 0x0, 0x0, 0x6f, 0x7b, 0xf3,
    0x0, 0x0, 0x9f, 0x70, 0x7, 0xf9, 0x0, 0x0,
    0xbf, 0x27, 0xf8, 0x0, 0x0, 0xdf, 0x30, 0x3,
    0xfd, 0x0, 0x0, 0xfe, 0x2, 0xfd, 0x0, 0x1,
    0xfe, 0x0, 0x0, 0xef, 0x10, 0x4, 0xf9, 0x0,
    0xef, 0x10, 0x6, 0xf9, 0x0, 0x0, 0xaf, 0x40,
    0x9, 0xf5, 0x0, 0x9f, 0x60, 0xa, 0xf5, 0x0,
    0x0, 0x6f, 0x80, 0xd, 0xf0, 0x0, 0x5f, 0xa0,
    0xe, 0xf1, 0x0, 0x0, 0x1f, 0xc0, 0x2f, 0xb0,
    0x0, 0xf, 0xe0, 0x2f, 0xc0, 0x0, 0x0, 0xd,
    0xf0, 0x6f, 0x70, 0x0, 0xb, 0xf3, 0x6f, 0x70,
    0x0, 0x0, 0x9, 0xf3, 0xbf, 0x20, 0x0, 0x7,
    0xf6, 0x9f, 0x30, 0x0, 0x0, 0x4, 0xf7, 0xee,
    0x0, 0x0, 0x2, 0xf9, 0xde, 0x0, 0x0, 0x0,
    0x0, 0xfc, 0xf9, 0x0, 0x0, 0x0, 0xed, 0xfa,
    0x0, 0x0, 0x0, 0x0, 0xbf, 0xf4, 0x0, 0x0,
    0x0, 0x9f, 0xf5, 0x0, 0x0, 0x0, 0x0, 0x7f,
    0xf0, 0x0, 0x0, 0x0, 0x5f, 0xf1, 0x0, 0x0,
    0x0, 0x0, 0x0, 0x0, 0x0, 0x0, 0x0, 0x0,
    0x0, 0x0, 0x0, 0x0, 0x0, 0x0, 0x0, 0x0,
    0x0, 0x0, 0x0, 0x0, 0x0, 0x0, 0x0, 0x0,
    0x0, 0x0, 0x0, 0x44, 0x0, 0x0, 0x0, 0x0,
    0x0, 0x0, 0x0, 0x0, 0x0, 0x1, 0xff, 0x0,
    0x0, 0x0, 0x0, 0x0, 0x0, 0x0, 0x0, 0x0,
    0x1, 0xff, 0x0, 0x0, 0x0, 0x0, 0x0,

    /* U+1E89 "ẉ" */
    0xbf, 0x50, 0x0, 0xc, 0xf8, 0x0, 0x0, 0xaf,
    0x56, 0xfa, 0x0, 0x1, 0xff, 0xc0, 0x0, 0xe,
    0xf0, 0x2f, 0xe0, 0x0, 0x5f, 0xff, 0x0, 0x3,
    0xfb, 0x0, 0xdf, 0x20, 0x9, 0xfb, 0xf4, 0x0,
    0x8f, 0x60, 0x8, 0xf7, 0x0, 0xed, 0x5f, 0x80,
    0xc, 0xf1, 0x0, 0x3f, 0xb0, 0x2f, 0x91, 0xfc,
    0x1, 0xfc, 0x0, 0x0, 0xef, 0x6, 0xf5, 0xd,
    0xf1, 0x6f, 0x70, 0x0, 0x9, 0xf4, 0xaf, 0x10,
    0x8f, 0x5b, 0xf2, 0x0, 0x0, 0x4f, 0x8e, 0xc0,
    0x4, 0xf9, 0xfd, 0x0, 0x0, 0x0, 0xfe, 0xf8,
    0x0, 0xf, 0xff, 0x80, 0x0, 0x0, 0xa, 0xff,
    0x40, 0x0, 0xcf, 0xf3, 0x0, 0x0, 0x0, 0x5f,
    0xf0, 0x0, 0x7, 0xfe, 0x0, 0x0, 0x0, 0x0,
    0x0, 0x0, 0x0, 0x0, 0x0, 0x0, 0x0, 0x0,
    0x0, 0x0, 0x0, 0x0, 0x0, 0x0, 0x0, 0x0,
    0x0, 0x0, 0x2, 0x42, 0x0, 0x0, 0x0, 0x0,
    0x0, 0x0, 0x0, 0x9f, 0x70, 0x0, 0x0, 0x0,
    0x0, 0x0, 0x0, 0x9, 0xf7, 0x0, 0x0, 0x0,
    0x0,

    /* U+1E8A "Ẋ" */
    0x0, 0x0, 0x0, 0xf, 0xf1, 0x0, 0x0, 0x0,
    0x0, 0x0, 0x0, 0xf, 0xf1, 0x0, 0x0, 0x0,
    0x0, 0x0, 0x0, 0x4, 0x40, 0x0, 0x0, 0x0,
    0x0, 0x0, 0x0, 0x0, 0x0, 0x0, 0x0, 0x0,
    0xc, 0xfc, 0x0, 0x0, 0x0, 0x1, 0xef, 0x50,
    0x1, 0xef, 0x80, 0x0, 0x0, 0xc, 0xf9, 0x0,
    0x0, 0x4f, 0xf4, 0x0, 0x0, 0x9f, 0xc0, 0x0,
    0x0, 0x9, 0xfe, 0x10, 0x5, 0xfe, 0x20, 0x0,
    0x0, 0x0, 0xcf, 0xb0, 0x2f, 0xf4, 0x0, 0x0,
    0x0, 0x0, 0x2f, 0xf6, 0xdf, 0x80, 0x0, 0x0,
    0x0, 0x0, 0x5, 0xff, 0xfb, 0x0, 0x0, 0x0,
    0x0, 0x0, 0x0, 0xbf, 0xf2, 0x0, 0x0, 0x0,
    0x0, 0x0, 0x3, 0xff, 0xfa, 0x0, 0x0, 0x0,
    0x0, 0x0, 0xd, 0xf9, 0xff, 0x60, 0x0, 0x0,
    0x0, 0x0, 0xaf, 0xc0, 0x7f, 0xf2, 0x0, 0x0,
    0x0, 0x7, 0xfe, 0x10, 0xc, 0xfd, 0x0, 0x0,
    0x0, 0x3f, 0xf5, 0x0, 0x1, 0xef, 0xa0, 0x0,
    0x1, 0xef, 0x90, 0x0, 0x0, 0x4f, 0xf5, 0x0,
    0xb, 0xfd, 0x0, 0x0, 0x0, 0x9, 0xff, 0x20,
    0x8f, 0xf2, 0x0, 0x0, 0x0, 0x0, 0xdf, 0xc0,

    /* U+1E8B "ẋ" */
    0x0, 0x0, 0x3f, 0xe0, 0x0, 0x0, 0x0, 0x0,
    0x3f, 0xe0, 0x0, 0x0, 0x0, 0x0, 0x4, 0x30,
    0x0, 0x0, 0x0, 0x0, 0x0, 0x0, 0x0, 0x0,
    0x2f, 0xf5, 0x0, 0x0, 0xbf, 0xa0, 0x7, 0xfe,
    0x10, 0x7, 0xfd, 0x0, 0x0, 0xbf, 0xa0, 0x2f,
    0xf3, 0x0, 0x0, 0x1e, 0xf4, 0xdf, 0x70, 0x0,
    0x0, 0x5, 0xff, 0xfb, 0x0, 0x0, 0x0, 0x0,
    0xbf, 0xf1, 0x0, 0x0, 0x0, 0x1, 0xef, 0xf8,
    0x0, 0x0, 0x0, 0xb, 0xfa, 0xff, 0x30, 0x0,
    0x0, 0x6f, 0xd0, 0x7f, 0xd0, 0x0, 0x2, 0xff,
    0x40, 0xc, 0xf9, 0x0, 0xc, 0xf9, 0x0, 0x2,
    0xff, 0x40, 0x7f, 0xe0, 0x0, 0x0, 0x7f, 0xe1,

    /* U+1E8C "Ẍ" */
    0x0, 0x0, 0x8f, 0x90, 0x5f, 0xb0, 0x0, 0x0,
    0x0, 0x0, 0x8f, 0x90, 0x5f, 0xb0, 0x0, 0x0,
    0x0, 0x0, 0x24, 0x20, 0x14, 0x30, 0x0, 0x0,
    0x0, 0x0, 0x0, 0x0, 0x0, 0x0, 0x0, 0x0,
    0xc, 0xfc, 0x0, 0x0, 0x0, 0x1, 0xef, 0x50,
    0x1, 0xef, 0x80, 0x0, 0x0, 0xc, 0xf9, 0x0,
    0x0, 0x4f, 0xf4, 0x0, 0x0, 0x9f, 0xc0, 0x0,
    0x0, 0x9, 0xfe, 0x10, 0x5, 0xfe, 0x20, 0x0,
    0x0, 0x0, 0xcf, 0xb0, 0x2f, 0xf4, 0x0, 0x0,
    0x0, 0x0, 0x2f, 0xf6, 0xdf, 0x80, 0x0, 0x0,
    0x0, 0x0, 0x5, 0xff, 0xfb, 0x0, 0x0, 0x0,
    0x0, 0x0, 0x0, 0xbf, 0xf2, 0x0, 0x0, 0x0,
    0x0, 0x0, 0x3, 0xff, 0xfa, 0x0, 0x0, 0x0,
    0x0, 0x0, 0xd, 0xf9, 0xff, 0x60, 0x0, 0x0,
    0x0, 0x0, 0xaf, 0xc0, 0x7f, 0xf2, 0x0, 0x0,
    0x0, 0x7, 0xfe, 0x10, 0xc, 0xfd, 0x0, 0x0,
    0x0, 0x3f, 0xf5, 0x0, 0x1, 0xef, 0xa0, 0x0,
    0x1, 0xef, 0x90, 0x0, 0x0, 0x4f, 0xf5, 0x0,
    0xb, 0xfd, 0x0, 0x0, 0x0, 0x9, 0xff, 0x20,
    0x8f, 0xf2, 0x0, 0x0, 0x0, 0x0, 0xdf, 0xc0,

    /* U+1E8D "ẍ" */
    0x0, 0x8f, 0x90, 0x5f, 0xb0, 0x0, 0x0, 0x8f,
    0x90, 0x5f, 0xb0, 0x0, 0x0, 0x24, 0x20, 0x14,
    0x30, 0x0, 0x0, 0x0, 0x0, 0x0, 0x0, 0x0,
    0x2f, 0xf5, 0x0, 0x0, 0xbf, 0xa0, 0x7, 0xfe,
    0x10, 0x7, 0xfd, 0x0, 0x0, 0xbf, 0xa0, 0x2f,
    0xf3, 0x0, 0x0, 0x1e, 0xf4, 0xdf, 0x70, 0x0,
    0x0, 0x5, 0xff, 0xfb, 0x0, 0x0, 0x0, 0x0,
    0xbf, 0xf1, 0x0, 0x0, 0x0, 0x1, 0xef, 0xf8,
    0x0, 0x0, 0x0, 0xb, 0xfa, 0xff, 0x30, 0x0,
    0x0, 0x6f, 0xd0, 0x7f, 0xd0, 0x0, 0x2, 0xff,
    0x40, 0xc, 0xf9, 0x0, 0xc, 0xf9, 0x0, 0x2,
    0xff, 0x40, 0x7f, 0xe0, 0x0, 0x0, 0x7f, 0xe1,

    /* U+1E8E "Ẏ" */
    0x0, 0x0, 0x0, 0x5f, 0xc0, 0x0, 0x0, 0x0,
    0x0, 0x0, 0x0, 0x5f, 0xc0, 0x0, 0x0, 0x0,
    0x0, 0x0, 0x0, 0x14, 0x30, 0x0, 0x0, 0x0,
    0x0, 0x0, 0x0, 0x0, 0x0, 0x0, 0x0, 0x0,
    0x8f, 0xf2, 0x0, 0x0, 0x0, 0x0, 0xaf, 0xd0,
    0xd, 0xfc, 0x0, 0x0, 0x0, 0x5, 0xff, 0x20,
    0x3, 0xff, 0x70, 0x0, 0x0, 0x1e, 0xf6, 0x0,
    0x0, 0x7f, 0xf2, 0x0, 0x0, 0xbf, 0xb0, 0x0,
    0x0, 0xc, 0xfc, 0x0, 0x5, 0xfe, 0x10, 0x0,
    0x0, 0x2, 0xff, 0x70, 0x1e, 0xf4, 0x0, 0x0,
    0x0, 0x0, 0x6f, 0xf1, 0xaf, 0x90, 0x0, 0x0,
    0x0, 0x0, 0xb, 0xfd, 0xfd, 0x0, 0x0, 0x0,
    0x0, 0x0, 0x1, 0xef, 0xf2, 0x0, 0x0, 0x0,
    0x0, 0x0, 0x0, 0x9f, 0xa0, 0x0, 0x0, 0x0,
    0x0, 0x0, 0x0, 0x8f, 0xa0, 0x0, 0x0, 0x0,
    0x0, 0x0, 0x0, 0x8f, 0xa0, 0x0, 0x0, 0x0,
    0x0, 0x0, 0x0, 0x8f, 0xa0, 0x0, 0x0, 0x0,
    0x0, 0x0, 0x0, 0x8f, 0xa0, 0x0, 0x0, 0x0,
    0x0, 0x0, 0x0, 0x8f, 0xa0, 0x0, 0x0, 0x0,
    0x0, 0x0, 0x0, 0x8f, 0xa0, 0x0, 0x0, 0x0,

    /* U+1E8F "ẏ" */
    0x0, 0x0, 0x1f, 0xf0, 0x0, 0x0, 0x0, 0x0,
    0x1f, 0xf0, 0x0, 0x0, 0x0, 0x0, 0x4, 0x40,
    0x0, 0x0, 0x0, 0x0, 0x0, 0x0, 0x0, 0x0,
    0x7f, 0xb0, 0x0, 0x0, 0xe, 0xf2, 0x1f, 0xf1,
    0x0, 0x0, 0x4f, 0xc0, 0xb, 0xf6, 0x0, 0x0,
    0xaf, 0x60, 0x5, 0xfc, 0x0, 0x0, 0xff, 0x10,
    0x0, 0xef, 0x20, 0x5, 0xfa, 0x0, 0x0, 0x9f,
    0x70, 0xb, 0xf4, 0x0, 0x0, 0x3f, 0xd0, 0x1f,
    0xe0, 0x0, 0x0, 0xd, 0xf3, 0x6f, 0x80, 0x0,
    0x0, 0x7, 0xf8, 0xaf, 0x20, 0x0, 0x0, 0x1,
    0xfd, 0xfc, 0x0, 0x0, 0x0, 0x0, 0xbf, 0xf6,
    0x0, 0x0, 0x0, 0x0, 0x5f, 0xf1, 0x0, 0x0,
    0x0, 0x0, 0x3f, 0xb0, 0x0, 0x0, 0x0, 0x0,
    0x9f, 0x50, 0x0, 0x0, 0x0, 0x4, 0xfd, 0x0,
    0x0, 0x0, 0xb, 0xff, 0xf5, 0x0, 0x0, 0x0,
    0x8, 0xfe, 0x60, 0x0, 0x0, 0x0,

    /* U+1E90 "Ẑ" */
    0x0, 0x0, 0x0, 0x78, 0x30, 0x0, 0x0, 0x0,
    0x0, 0x9, 0xff, 0xe1, 0x0, 0x0, 0x0, 0x0,
    0x4f, 0xd6, 0xfb, 0x0, 0x0, 0x0, 0x1, 0xef,
    0x40, 0xcf, 0x60, 0x0, 0x0, 0x0, 0x0, 0x0,
    0x0, 0x0, 0x0, 0xa, 0xff, 0xff, 0xff, 0xff,
    0xff, 0xf2, 0x9, 0xee, 0xee, 0xee, 0xee, 0xff,
    0xf2, 0x0, 0x0, 0x0, 0x0, 0x1, 0xef, 0xa0,
    0x0, 0x0, 0x0, 0x0, 0xd, 0xfc, 0x0, 0x0,
    0x0, 0x0, 0x0, 0xbf, 0xe1, 0x0, 0x0, 0x0,
    0x0, 0x8, 0xff, 0x30, 0x0, 0x0, 0x0, 0x0,
    0x6f, 0xf5, 0x0, 0x0, 0x0, 0x0, 0x3, 0xff,
    0x70, 0x0, 0x0, 0x0, 0x0, 0x1e, 0xfa, 0x0,
    0x0, 0x0, 0x0, 0x0, 0xdf, 0xc0, 0x0, 0x0,
    0x0, 0x0, 0xa, 0xfd, 0x10, 0x0, 0x0, 0x0,
    0x0, 0x8f, 0xf2, 0x0, 0x0, 0x0, 0x0, 0x5,
    0xff, 0x40, 0x0, 0x0, 0x0, 0x0, 0x3f, 0xf6,
    0x0, 0x0, 0x0, 0x0, 0x0, 0x9f, 0xfe, 0xee,
    0xee, 0xee, 0xee, 0xe6, 0x9f, 0xff, 0xff, 0xff,
    0xff, 0xff, 0xf7,

    /* U+1E91 "ẑ" */
    0x0, 0x0, 0xaf, 0xf7, 0x0, 0x0, 0x0, 0x9,
    0xf9, 0xaf, 0x60, 0x0, 0x0, 0x3a, 0x90, 0x9,
    0x91, 0x0, 0x0, 0x0, 0x0, 0x0, 0x0, 0x0,
    0x1f, 0xff, 0xff, 0xff, 0xff, 0xa0, 0x9, 0x99,
    0x99, 0x9a, 0xff, 0x60, 0x0, 0x0, 0x0, 0xb,
    0xfa, 0x0, 0x0, 0x0, 0x0, 0x9f, 0xc0, 0x0,
    0x0, 0x0, 0x7, 0xfe, 0x10, 0x0, 0x0, 0x0,
    0x5f, 0xf2, 0x0, 0x0, 0x0, 0x3, 0xff, 0x40,
    0x0, 0x0, 0x0, 0x2e, 0xf7, 0x0, 0x0, 0x0,
    0x1, 0xdf, 0x90, 0x0, 0x0, 0x0, 0xc, 0xfb,
    0x0, 0x0, 0x0, 0x0, 0x7f, 0xfb, 0xbb, 0xbb,
    0xbb, 0xb0, 0x8f, 0xff, 0xff, 0xff, 0xff, 0xf0,

    /* U+1E92 "Ẓ" */
    0xa, 0xff, 0xff, 0xff, 0xff, 0xff, 0xf2, 0x9,
    0xee, 0xee, 0xee, 0xee, 0xff, 0xf2, 0x0, 0x0,
    0x0, 0x0, 0x1, 0xef, 0xa0, 0x0, 0x0, 0x0,
    0x0, 0xd, 0xfc, 0x0, 0x0, 0x0, 0x0, 0x0,
    0xbf, 0xe1, 0x0, 0x0, 0x0, 0x0, 0x8, 0xff,
    0x30, 0x0, 0x0, 0x0, 0x0, 0x6f, 0xf5, 0x0,
    0x0, 0x0, 0x0, 0x3, 0xff, 0x70, 0x0, 0x0,
    0x0, 0x0, 0x1e, 0xfa, 0x0, 0x0, 0x0, 0x0,
    0x0, 0xdf, 0xc0, 0x0, 0x0, 0x0, 0x0, 0xa,
    0xfd, 0x10, 0x0, 0x0, 0x0, 0x0, 0x8f, 0xf2,
    0x0, 0x0, 0x0, 0x0, 0x5, 0xff, 0x40, 0x0,
    0x0, 0x0, 0x0, 0x3f, 0xf6, 0x0, 0x0, 0x0,
    0x0, 0x0, 0x9f, 0xfe, 0xee, 0xee, 0xee, 0xee,
    0xe6, 0x9f, 0xff, 0xff, 0xff, 0xff, 0xff, 0xf7,
    0x0, 0x0, 0x0, 0x0, 0x0, 0x0, 0x0, 0x0,
    0x0, 0x0, 0x0, 0x0, 0x0, 0x0, 0x0, 0x0,
    0x1, 0x43, 0x0, 0x0, 0x0, 0x0, 0x0, 0x4,
    0xfc, 0x0, 0x0, 0x0, 0x0, 0x0, 0x4, 0xfc,
    0x0, 0x0, 0x0,

    /* U+1E93 "ẓ" */
    0x1f, 0xff, 0xff, 0xff, 0xff, 0xa0, 0x9, 0x99,
    0x99, 0x9a, 0xff, 0x60, 0x0, 0x0, 0x0, 0xb,
    0xfa, 0x0, 0x0, 0x0, 0x0, 0x9f, 0xc0, 0x0,
    0x0, 0x0, 0x7, 0xfe, 0x10, 0x0, 0x0, 0x0,
    0x5f, 0xf2, 0x0, 0x0, 0x0, 0x3, 0xff, 0x40,
    0x0, 0x0, 0x0, 0x2e, 0xf7, 0x0, 0x0, 0x0,
    0x1, 0xdf, 0x90, 0x0, 0x0, 0x0, 0xc, 0xfb,
    0x0, 0x0, 0x0, 0x0, 0x7f, 0xfb, 0xbb, 0xbb,
    0xbb, 0xb0, 0x8f, 0xff, 0xff, 0xff, 0xff, 0xf0,
    0x0, 0x0, 0x0, 0x0, 0x0, 0x0, 0x0, 0x0,
    0x0, 0x0, 0x0, 0x0, 0x0, 0x0, 0x14, 0x30,
    0x0, 0x0, 0x0, 0x0, 0x5f, 0xb0, 0x0, 0x0,
    0x0, 0x0, 0x5f, 0xb0, 0x0, 0x0,

    /* U+1E94 "Ẕ" */
    0xa, 0xff, 0xff, 0xff, 0xff, 0xff, 0xf2, 0x9,
    0xee, 0xee, 0xee, 0xee, 0xff, 0xf2, 0x0, 0x0,
    0x0, 0x0, 0x1, 0xef, 0xa0, 0x0, 0x0, 0x0,
    0x0, 0xd, 0xfc, 0x0, 0x0, 0x0, 0x0, 0x0,
    0xbf, 0xe1, 0x0, 0x0, 0x0, 0x0, 0x8, 0xff,
    0x30, 0x0, 0x0, 0x0, 0x0, 0x6f, 0xf5, 0x0,
    0x0, 0x0, 0x0, 0x3, 0xff, 0x70, 0x0, 0x0,
    0x0, 0x0, 0x1e, 0xfa, 0x0, 0x0, 0x0, 0x0,
    0x0, 0xdf, 0xc0, 0x0, 0x0, 0x0, 0x0, 0xa,
    0xfd, 0x10, 0x0, 0x0, 0x0, 0x0, 0x8f, 0xf2,
    0x0, 0x0, 0x0, 0x0, 0x5, 0xff, 0x40, 0x0,
    0x0, 0x0, 0x0, 0x3f, 0xf6, 0x0, 0x0, 0x0,
    0x0, 0x0, 0x9f, 0xfe, 0xee, 0xee, 0xee, 0xee,
    0xe6, 0x9f, 0xff, 0xff, 0xff, 0xff, 0xff, 0xf7,
    0x0, 0x0, 0x0, 0x0, 0x0, 0x0, 0x0, 0x0,
    0x0, 0x0, 0x0, 0x0, 0x0, 0x0, 0x0, 0x0,
    0x0, 0x0, 0x0, 0x0, 0x0, 0x0, 0x6, 0xaa,
    0xaa, 0xaa, 0x40, 0x0, 0x0, 0x9, 0xff, 0xff,
    0xff, 0x70, 0x0,

    /* U+1E95 "ẕ" */
    0x1f, 0xff, 0xff, 0xff, 0xff, 0xa0, 0x9, 0x99,
    0x99, 0x9a, 0xff, 0x60, 0x0, 0x0, 0x0, 0xb,
    0xfa, 0x0, 0x0, 0x0, 0x0, 0x9f, 0xc0, 0x0,
    0x0, 0x0, 0x7, 0xfe, 0x10, 0x0, 0x0, 0x0,
    0x5f, 0xf2, 0x0, 0x0, 0x0, 0x3, 0xff, 0x40,
    0x0, 0x0, 0x0, 0x2e, 0xf7, 0x0, 0x0, 0x0,
    0x1, 0xdf, 0x90, 0x0, 0x0, 0x0, 0xc, 0xfb,
    0x0, 0x0, 0x0, 0x0, 0x7f, 0xfb, 0xbb, 0xbb,
    0xbb, 0xb0, 0x8f, 0xff, 0xff, 0xff, 0xff, 0xf0,
    0x0, 0x0, 0x0, 0x0, 0x0, 0x0, 0x0, 0x0,
    0x0, 0x0, 0x0, 0x0, 0x0, 0x0, 0x0, 0x0,
    0x0, 0x0, 0x0, 0x7a, 0xaa, 0xaa, 0xa3, 0x0,
    0x0, 0xbf, 0xff, 0xff, 0xf5, 0x0,

    /* U+1E96 "ẖ" */
    0x7f, 0x90, 0x0, 0x0, 0x0, 0x7, 0xf9, 0x0,
    0x0, 0x0, 0x0, 0x7f, 0x90, 0x0, 0x0, 0x0,
    0x7, 0xf9, 0x0, 0x0, 0x0, 0x0, 0x7f, 0x93,
    0xbe, 0xfc, 0x60, 0x7, 0xfd, 0xff, 0xcd, 0xff,
    0x80, 0x7f, 0xfa, 0x0, 0x7, 0xff, 0x7, 0xfe,
    0x0, 0x0, 0xe, 0xf3, 0x7f, 0xa0, 0x0, 0x0,
    0xcf, 0x47, 0xf9, 0x0, 0x0, 0xc, 0xf4, 0x7f,
    0x90, 0x0, 0x0, 0xcf, 0x47, 0xf9, 0x0, 0x0,
    0xc, 0xf4, 0x7f, 0x90, 0x0, 0x0, 0xcf, 0x47,
    0xf9, 0x0, 0x0, 0xc, 0xf4, 0x7f, 0x90, 0x0,
    0x0, 0xcf, 0x47, 0xf9, 0x0, 0x0, 0xc, 0xf4,
    0x0, 0x0, 0x0, 0x0, 0x0, 0x0, 0x0, 0x0,
    0x0, 0x0, 0x0, 0x0, 0x0, 0x0, 0x0, 0x0,
    0x0, 0xa, 0xaa, 0xaa, 0xaa, 0x0, 0x0, 0xff,
    0xff, 0xff, 0xf0, 0x0,

    /* U+1E97 "ẗ" */
    0xff, 0x10, 0xcf, 0x4f, 0xf1, 0xc, 0xf4, 0x44,
    0x0, 0x34, 0x10, 0x0, 0x0, 0x0, 0x0, 0x2a,
    0x0, 0x0, 0x1f, 0xe0, 0x0, 0x2, 0xfe, 0x0,
    0x0, 0x2f, 0xe0, 0x0, 0x9f, 0xff, 0xfe, 0x5,
    0x9f, 0xf8, 0x70, 0x2, 0xfe, 0x0, 0x0, 0x2f,
    0xe0, 0x0, 0x2, 0xfe, 0x0, 0x0, 0x2f, 0xe0,
    0x0, 0x2, 0xfe, 0x0, 0x0, 0x2f, 0xe0, 0x0,
    0x2, 0xfe, 0x0, 0x0, 0x1f, 0xf0, 0x0, 0x0,
    0xef, 0xfe, 0x0, 0x4, 0xdf, 0xe1,

    /* U+1E98 "ẘ" */
    0x0, 0x0, 0x0, 0x9, 0xc9, 0x0, 0x0, 0x0,
    0x0, 0x0, 0x0, 0x6, 0x70, 0x85, 0x0, 0x0,
    0x0, 0x0, 0x0, 0x0, 0x67, 0x8, 0x50, 0x0,
    0x0, 0x0, 0x0, 0x0, 0x0, 0xad, 0x90, 0x0,
    0x0, 0x0, 0x0, 0x0, 0x0, 0x0, 0x0, 0x0,
    0x0, 0x0, 0xb, 0xf5, 0x0, 0x0, 0xcf, 0x80,
    0x0, 0xa, 0xf5, 0x6f, 0xa0, 0x0, 0x1f, 0xfc,
    0x0, 0x0, 0xef, 0x2, 0xfe, 0x0, 0x5, 0xff,
    0xf0, 0x0, 0x3f, 0xb0, 0xd, 0xf2, 0x0, 0x9f,
    0xbf, 0x40, 0x8, 0xf6, 0x0, 0x8f, 0x70, 0xe,
    0xd5, 0xf8, 0x0, 0xcf, 0x10, 0x3, 0xfb, 0x2,
    0xf9, 0x1f, 0xc0, 0x1f, 0xc0, 0x0, 0xe, 0xf0,
    0x6f, 0x50, 0xdf, 0x16, 0xf7, 0x0, 0x0, 0x9f,
    0x4a, 0xf1, 0x8, 0xf5, 0xbf, 0x20, 0x0, 0x4,
    0xf8, 0xec, 0x0, 0x4f, 0x9f, 0xd0, 0x0, 0x0,
    0xf, 0xef, 0x80, 0x0, 0xff, 0xf8, 0x0, 0x0,
    0x0, 0xaf, 0xf4, 0x0, 0xc, 0xff, 0x30, 0x0,
    0x0, 0x5, 0xff, 0x0, 0x0, 0x7f, 0xe0, 0x0,
    0x0,

    /* U+1E99 "ẙ" */
    0x0, 0x0, 0x5c, 0xc3, 0x0, 0x0, 0x0, 0x0,
    0xd0, 0x2c, 0x0, 0x0, 0x0, 0x0, 0xd0, 0x2c,
    0x0, 0x0, 0x0, 0x0, 0x5c, 0xc3, 0x0, 0x0,
    0x0, 0x0, 0x0, 0x0, 0x0, 0x0, 0x7f, 0xb0,
    0x0, 0x0, 0xe, 0xf2, 0x1f, 0xf1, 0x0, 0x0,
    0x4f, 0xc0, 0xb, 0xf6, 0x0, 0x0, 0xaf, 0x60,
    0x5, 0xfc, 0x0, 0x0, 0xff, 0x10, 0x0, 0xef,
    0x20, 0x5, 0xfa, 0x0, 0x0, 0x9f, 0x70, 0xb,
    0xf4, 0x0, 0x0, 0x3f, 0xd0, 0x1f, 0xe0, 0x0,
    0x0, 0xd, 0xf3, 0x6f, 0x80, 0x0, 0x0, 0x7,
    0xf8, 0xaf, 0x20, 0x0, 0x0, 0x1, 0xfd, 0xfc,
    0x0, 0x0, 0x0, 0x0, 0xbf, 0xf6, 0x0, 0x0,
    0x0, 0x0, 0x5f, 0xf1, 0x0, 0x0, 0x0, 0x0,
    0x3f, 0xb0, 0x0, 0x0, 0x0, 0x0, 0x9f, 0x50,
    0x0, 0x0, 0x0, 0x4, 0xfd, 0x0, 0x0, 0x0,
    0xb, 0xff, 0xf5, 0x0, 0x0, 0x0, 0x8, 0xfe,
    0x60, 0x0, 0x0, 0x0,

    /* U+1E9A "ẚ" */
    0x0, 0x0, 0x0, 0x0, 0x4, 0xd8, 0x0, 0x0,
    0x0, 0x0, 0x0, 0x3, 0xc8, 0x0, 0x0, 0x0,
    0x0, 0x0, 0x4, 0xc0, 0x0, 0x0, 0x0, 0x0,
    0x0, 0x99, 0x0, 0x0, 0x0, 0x0, 0x4, 0xfb,
    0x10, 0x0, 0x0, 0x0, 0x0, 0x0, 0x0, 0x0,
    0x5, 0xbe, 0xff, 0xd7, 0x0, 0x0, 0xb, 0xff,
    0xba, 0xcf, 0xf9, 0x0, 0x7, 0xfc, 0x0, 0x0,
    0x4f, 0xf0, 0x0, 0x6b, 0x40, 0x0, 0x0, 0xdf,
    0x20, 0x0, 0x0, 0x0, 0x2, 0x5e, 0xf3, 0x0,
    0x1, 0x7b, 0xdf, 0xff, 0xff, 0x30, 0x3, 0xef,
    0xfb, 0x96, 0x2c, 0xf3, 0x0, 0xdf, 0x80, 0x0,
    0x0, 0xef, 0x30, 0x1f, 0xf1, 0x0, 0x0, 0x2f,
    0xf3, 0x0, 0xff, 0x50, 0x0, 0x2c, 0xff, 0x40,
    0x8, 0xff, 0xb9, 0xbf, 0xdc, 0xf5, 0x0, 0x6,
    0xcf, 0xfc, 0x60, 0x6f, 0xa0,

    /* U+1E9B "ẛ" */
    0x0, 0xb, 0xf5, 0x0, 0x0, 0xb, 0xf5, 0x0,
    0x0, 0x2, 0x41, 0x0, 0x0, 0x0, 0x0, 0x0,
    0x0, 0x2b, 0xef, 0xd1, 0x0, 0xcf, 0xfd, 0xd0,
    0x0, 0xff, 0x40, 0x0, 0x0, 0xff, 0x0, 0x0,
    0xdf, 0xff, 0x0, 0x0, 0x78, 0xff, 0x0, 0x0,
    0x0, 0xff, 0x0, 0x0, 0x0, 0xff, 0x0, 0x0,
    0x0, 0xff, 0x0, 0x0, 0x0, 0xff, 0x0, 0x0,
    0x0, 0xff, 0x0, 0x0, 0x0, 0xff, 0x0, 0x0,
    0x0, 0xff, 0x0, 0x0, 0x0, 0xff, 0x0, 0x0,
    0x0, 0xff, 0x0, 0x0, 0x0, 0xff, 0x0, 0x0,

    /* U+1E9E "ẞ" */
    0x0, 0x7, 0xcf, 0xff, 0xff, 0xff, 0xf0, 0x0,
    0xbf, 0xff, 0xff, 0xff, 0xff, 0xf0, 0x6, 0xff,
    0xd7, 0x66, 0x69, 0xff, 0xd0, 0xc, 0xfd, 0x0,
    0x0, 0x3f, 0xfd, 0x10, 0xf, 0xf9, 0x0, 0x3,
    0xff, 0xd1, 0x0, 0xf, 0xf7, 0x0, 0x3f, 0xfd,
    0x10, 0x0, 0xf, 0xf7, 0x3, 0xff, 0xd1, 0x0,
    0x0, 0xf, 0xf7, 0x9, 0xff, 0xfe, 0xa4, 0x0,
    0xf, 0xf7, 0x9, 0xff, 0xff, 0xff, 0x90, 0xf,
    0xf7, 0x0, 0x0, 0x15, 0xdf, 0xf6, 0xf, 0xf7,
    0x0, 0x0, 0x0, 0x1e, 0xfc, 0xf, 0xf7, 0x0,
    0x0, 0x0, 0xb, 0xfe, 0xf, 0xf7, 0x0, 0x0,
    0x0, 0xc, 0xfd, 0xf, 0xf7, 0x0, 0x0, 0x0,
    0x4f, 0xfa, 0xf, 0xf7, 0x5, 0x55, 0x6a, 0xff,
    0xf3, 0xf, 0xf7, 0xf, 0xff, 0xff, 0xff, 0x60,
    0xf, 0xf7, 0xf, 0xff, 0xfd, 0x92, 0x0,

    /* U+1EA0 "Ạ" */
    0x0, 0x0, 0x0, 0xdf, 0xfa, 0x0, 0x0, 0x0,
    0x0, 0x0, 0x2, 0xff, 0xff, 0x0, 0x0, 0x0,
    0x0, 0x0, 0x8, 0xff, 0xff, 0x50, 0x0, 0x0,
    0x0, 0x0, 0xd, 0xf9, 0xcf, 0xb0, 0x0, 0x0,
    0x0, 0x0, 0x3f, 0xf4, 0x7f, 0xf1, 0x0, 0x0,
    0x0, 0x0, 0x9f, 0xf0, 0x2f, 0xf6, 0x0, 0x0,
    0x0, 0x0, 0xef, 0xa0, 0xd, 0xfc, 0x0, 0x0,
    0x0, 0x4, 0xff, 0x50, 0x8, 0xff, 0x10, 0x0,
    0x0, 0x9, 0xff, 0x0, 0x3, 0xff, 0x70, 0x0,
    0x0, 0xe, 0xfb, 0x0, 0x0, 0xef, 0xc0, 0x0,
    0x0, 0x4f, 0xfa, 0x55, 0x55, 0xcf, 0xf2, 0x0,
    0x0, 0xaf, 0xff, 0xff, 0xff, 0xff, 0xf7, 0x0,
    0x0, 0xff, 0xff, 0xff, 0xff, 0xff, 0xfd, 0x0,
    0x5, 0xff, 0x60, 0x0, 0x0, 0x9, 0xff, 0x20,
    0xa, 0xff, 0x0, 0x0, 0x0, 0x3, 0xff, 0x80,
    0xf, 0xfa, 0x0, 0x0, 0x0, 0x0, 0xdf, 0xd0,
    0x6f, 0xf4, 0x0, 0x0, 0x0, 0x0, 0x7f, 0xf3,
    0x0, 0x0, 0x0, 0x0, 0x0, 0x0, 0x0, 0x0,
    0x0, 0x0, 0x0, 0x14, 0x40, 0x0, 0x0, 0x0,
    0x0, 0x0, 0x0, 0x3f, 0xf1, 0x0, 0x0, 0x0,
    0x0, 0x0, 0x0, 0x3f, 0xf1, 0x0, 0x0, 0x0,

    /* U+1EA1 "ạ" */
    0x0, 0x4, 0xbe, 0xfe, 0xa3, 0x0, 0x0, 0x8,
    0xff, 0xff, 0xff, 0xf5, 0x0, 0x3, 0xff, 0xc4,
    0x35, 0xef, 0xe0, 0x0, 0xaf, 0xe0, 0x0, 0x3,
    0xff, 0x50, 0x1, 0x21, 0x0, 0x0, 0xf, 0xf7,
    0x0, 0x0, 0x1, 0x48, 0xbe, 0xff, 0x80, 0x0,
    0x4c, 0xff, 0xff, 0xff, 0xf8, 0x0, 0x5f, 0xfd,
    0x85, 0x20, 0xef, 0x80, 0xd, 0xfc, 0x0, 0x0,
    0xf, 0xf8, 0x0, 0xff, 0x80, 0x0, 0x7, 0xff,
    0x80, 0xe, 0xfe, 0x30, 0x18, 0xff, 0xfb, 0x20,
    0x7f, 0xff, 0xff, 0xfb, 0x9f, 0xf9, 0x0, 0x5c,
    0xef, 0xd7, 0x1, 0xbf, 0x80, 0x0, 0x0, 0x0,
    0x0, 0x0, 0x0, 0x0, 0x0, 0x3, 0x42, 0x0,
    0x0, 0x0, 0x0, 0x0, 0xdf, 0x80, 0x0, 0x0,
    0x0, 0x0, 0xd, 0xf8, 0x0, 0x0, 0x0,

    /* U+1EA2 "Ả" */
    0x0, 0x0, 0x0, 0x67, 0x60, 0x0, 0x0, 0x0,
    0x0, 0x0, 0x0, 0xef, 0xf9, 0x0, 0x0, 0x0,
    0x0, 0x0, 0x0, 0x11, 0xfc, 0x0, 0x0, 0x0,
    0x0, 0x0, 0x0, 0x2, 0xf8, 0x0, 0x0, 0x0,
    0x0, 0x0, 0x0, 0x6, 0x80, 0x0, 0x0, 0x0,
    0x0, 0x0, 0x0, 0x0, 0x0, 0x0, 0x0, 0x0,
    0x0, 0x0, 0x0, 0xdf, 0xfa, 0x0, 0x0, 0x0,
    0x0, 0x0, 0x2, 0xff, 0xff, 0x0, 0x0, 0x0,
    0x0, 0x0, 0x8, 0xfe, 0xff, 0x50, 0x0, 0x0,
    0x0, 0x0, 0xd, 0xf8, 0xbf, 0xb0, 0x0, 0x0,
    0x0, 0x0, 0x3f, 0xf3, 0x6f, 0xf1, 0x0, 0x0,
    0x0, 0x0, 0x9f, 0xd0, 0x1f, 0xf6, 0x0, 0x0,
    0x0, 0x0, 0xef, 0x80, 0xb, 0xfc, 0x0, 0x0,
    0x0, 0x4, 0xff, 0x30, 0x5, 0xff, 0x10, 0x0,
    0x0, 0x9, 0xfd, 0x0, 0x0, 0xff, 0x70, 0x0,
    0x0, 0xe, 0xf8, 0x0, 0x0, 0xaf, 0xc0, 0x0,
    0x0, 0x4f, 0xff, 0xff, 0xff, 0xff, 0xf2, 0x0,
    0x0, 0xaf, 0xff, 0xff, 0xff, 0xff, 0xf7, 0x0,
    0x0, 0xff, 0xa5, 0x55, 0x55, 0x5c, 0xfd, 0x0,
    0x5, 0xff, 0x30, 0x0, 0x0, 0x6, 0xff, 0x20,
    0xa, 0xfe, 0x0, 0x0, 0x0, 0x1, 0xff, 0x80,
    0xf, 0xf9, 0x0, 0x0, 0x0, 0x0, 0xbf, 0xd0,
    0x6f, 0xf4, 0x0, 0x0, 0x0, 0x0, 0x6f, 0xf3,

    /* U+1EA3 "ả" */
    0x0, 0x0, 0x17, 0x73, 0x0, 0x0, 0x0, 0x0,
    0x4, 0xff, 0xf3, 0x0, 0x0, 0x0, 0x0, 0x0,
    0x6f, 0x60, 0x0, 0x0, 0x0, 0x0, 0x7, 0xf3,
    0x0, 0x0, 0x0, 0x0, 0x1, 0xc8, 0x0, 0x0,
    0x0, 0x0, 0x0, 0x0, 0x0, 0x0, 0x0, 0x0,
    0x4, 0xbe, 0xfe, 0xa3, 0x0, 0x0, 0x8, 0xff,
    0xff, 0xff, 0xf5, 0x0, 0x3, 0xff, 0xc4, 0x35,
    0xef, 0xe0, 0x0, 0xaf, 0xe0, 0x0, 0x3, 0xff,
    0x50, 0x1, 0x21, 0x0, 0x0, 0xf, 0xf7, 0x0,
    0x0, 0x1, 0x48, 0xbe, 0xff, 0x80, 0x0, 0x4c,
    0xff, 0xff, 0xff, 0xf8, 0x0, 0x5f, 0xfd, 0x85,
    0x20, 0xef, 0x80, 0xd, 0xfc, 0x0, 0x0, 0xf,
    0xf8, 0x0, 0xff, 0x80, 0x0, 0x7, 0xff, 0x80,
    0xe, 0xfe, 0x30, 0x18, 0xff, 0xfb, 0x20, 0x7f,
    0xff, 0xff, 0xfb, 0x9f, 0xf9, 0x0, 0x5c, 0xef,
    0xd7, 0x1, 0xbf, 0x80,

    /* U+1EA4 "Ấ" */
    0x0, 0x0, 0x0, 0x0, 0x0, 0xe, 0xf6, 0x0,
    0x0, 0x0, 0x0, 0x0, 0x0, 0x4f, 0xd0, 0x0,
    0x0, 0x0, 0x0, 0x26, 0x61, 0xaf, 0x50, 0x0,
    0x0, 0x0, 0x0, 0xef, 0xfc, 0x33, 0x0, 0x0,
    0x0, 0x0, 0xa, 0xf6, 0x9f, 0x70, 0x0, 0x0,
    0x0, 0x0, 0x2b, 0x70, 0x9, 0xa1, 0x0, 0x0,
    0x0, 0x0, 0x0, 0x0, 0x0, 0x0, 0x0, 0x0,
    0x0, 0x0, 0x0, 0xdf, 0xfa, 0x0, 0x0, 0x0,
    0x0, 0x0, 0x2, 0xff, 0xff, 0x0, 0x0, 0x0,
    0x0, 0x0, 0x8, 0xfe, 0xff, 0x50, 0x0, 0x0,
    0x0, 0x0, 0xd, 0xf8, 0xbf, 0xb0, 0x0, 0x0,
    0x0, 0x0, 0x3f, 0xf3, 0x6f, 0xf1, 0x0, 0x0,
    0x0, 0x0, 0x9f, 0xd0, 0x1f, 0xf6, 0x0, 0x0,
    0x0, 0x0, 0xef, 0x80, 0xb, 0xfc, 0x0, 0x0,
    0x0, 0x4, 0xff, 0x30, 0x5, 0xff, 0x10, 0x0,
    0x0, 0x9, 0xfd, 0x0, 0x0, 0xff, 0x70, 0x0,
    0x0, 0xe, 0xf8, 0x0, 0x0, 0xaf, 0xc0, 0x0,
    0x0, 0x4f, 0xff, 0xff, 0xff, 0xff, 0xf2, 0x0,
    0x0, 0xaf, 0xff, 0xff, 0xff, 0xff, 0xf7, 0x0,
    0x0, 0xff, 0xa5, 0x55, 0x55, 0x5c, 0xfd, 0x0,
    0x5, 0xff, 0x30, 0x0, 0x0, 0x6, 0xff, 0x20,
    0xa, 0xfe, 0x0, 0x0, 0x0, 0x1, 0xff, 0x80,
    0xf, 0xf9, 0x0, 0x0, 0x0, 0x0, 0xbf, 0xd0,
    0x6f, 0xf4, 0x0, 0x0, 0x0, 0x0, 0x6f, 0xf3,

    /* U+1EA5 "ấ" */
    0x0, 0x0, 0x0, 0x0, 0x4, 0xff, 0x10, 0x0,
    0x0, 0x0, 0x0, 0xaf, 0x80, 0x0, 0x0, 0x0,
    0x0, 0x1f, 0xe0, 0x0, 0x0, 0x2, 0xff, 0xf3,
    0x32, 0x0, 0x0, 0x0, 0xcf, 0x3e, 0xd0, 0x0,
    0x0, 0x0, 0x7e, 0x50, 0x4e, 0x80, 0x0, 0x0,
    0x0, 0x0, 0x0, 0x0, 0x0, 0x0, 0x0, 0x4b,
    0xef, 0xea, 0x30, 0x0, 0x0, 0x8f, 0xff, 0xff,
    0xff, 0x50, 0x0, 0x3f, 0xfc, 0x43, 0x5e, 0xfe,
    0x0, 0xa, 0xfe, 0x0, 0x0, 0x3f, 0xf5, 0x0,
    0x12, 0x10, 0x0, 0x0, 0xff, 0x70, 0x0, 0x0,
    0x14, 0x8b, 0xef, 0xf8, 0x0, 0x4, 0xcf, 0xff,
    0xff, 0xff, 0x80, 0x5, 0xff, 0xd8, 0x52, 0xe,
    0xf8, 0x0, 0xdf, 0xc0, 0x0, 0x0, 0xff, 0x80,
    0xf, 0xf8, 0x0, 0x0, 0x7f, 0xf8, 0x0, 0xef,
    0xe3, 0x1, 0x8f, 0xff, 0xb2, 0x7, 0xff, 0xff,
    0xff, 0xb9, 0xff, 0x90, 0x5, 0xce, 0xfd, 0x70,
    0x1b, 0xf8,

    /* U+1EA6 "Ầ" */
    0x0, 0x0, 0x0, 0x0, 0x5, 0xff, 0x0, 0x0,
    0x0, 0x0, 0x0, 0x0, 0x0, 0xcf, 0x60, 0x0,
    0x0, 0x0, 0x0, 0x26, 0x61, 0x3f, 0xb0, 0x0,
    0x0, 0x0, 0x0, 0xef, 0xfc, 0x3, 0x30, 0x0,
    0x0, 0x0, 0xa, 0xf6, 0x9f, 0x70, 0x0, 0x0,
    0x0, 0x0, 0x2b, 0x70, 0x9, 0xa1, 0x0, 0x0,
    0x0, 0x0, 0x0, 0x0, 0x0, 0x0, 0x0, 0x0,
    0x0, 0x0, 0x0, 0xdf, 0xfa, 0x0, 0x0, 0x0,
    0x0, 0x0, 0x2, 0xff, 0xff, 0x0, 0x0, 0x0,
    0x0, 0x0, 0x8, 0xfe, 0xff, 0x50, 0x0, 0x0,
    0x0, 0x0, 0xd, 0xf8, 0xbf, 0xb0, 0x0, 0x0,
    0x0, 0x0, 0x3f, 0xf3, 0x6f, 0xf1, 0x0, 0x0,
    0x0, 0x0, 0x9f, 0xd0, 0x1f, 0xf6, 0x0, 0x0,
    0x0, 0x0, 0xef, 0x80, 0xb, 0xfc, 0x0, 0x0,
    0x0, 0x4, 0xff, 0x30, 0x5, 0xff, 0x10, 0x0,
    0x0, 0x9, 0xfd, 0x0, 0x0, 0xff, 0x70, 0x0,
    0x0, 0xe, 0xf8, 0x0, 0x0, 0xaf, 0xc0, 0x0,
    0x0, 0x4f, 0xff, 0xff, 0xff, 0xff, 0xf2, 0x0,
    0x0, 0xaf, 0xff, 0xff, 0xff, 0xff, 0xf7, 0x0,
    0x0, 0xff, 0xa5, 0x55, 0x55, 0x5c, 0xfd, 0x0,
    0x5, 0xff, 0x30, 0x0, 0x0, 0x6, 0xff, 0x20,
    0xa, 0xfe, 0x0, 0x0, 0x0, 0x1, 0xff, 0x80,
    0xf, 0xf9, 0x0, 0x0, 0x0, 0x0, 0xbf, 0xd0,
    0x6f, 0xf4, 0x0, 0x0, 0x0, 0x0, 0x6f, 0xf3,

    /* U+1EA7 "ầ" */
    0x0, 0x0, 0x0, 0x0, 0xbf, 0x90, 0x0, 0x0,
    0x0, 0x0, 0x2, 0xff, 0x0, 0x0, 0x0, 0x0,
    0x0, 0xa, 0xf5, 0x0, 0x0, 0x2, 0xff, 0xf2,
    0x13, 0x20, 0x0, 0x0, 0xcf, 0x3e, 0xd0, 0x0,
    0x0, 0x0, 0x7e, 0x50, 0x4e, 0x80, 0x0, 0x0,
    0x0, 0x0, 0x0, 0x0, 0x0, 0x0, 0x0, 0x4b,
    0xef, 0xea, 0x30, 0x0, 0x0, 0x8f, 0xff, 0xff,
    0xff, 0x50, 0x0, 0x3f, 0xfc, 0x43, 0x5e, 0xfe,
    0x0, 0xa, 0xfe, 0x0, 0x0, 0x3f, 0xf5, 0x0,
    0x12, 0x10, 0x0, 0x0, 0xff, 0x70, 0x0, 0x0,
    0x14, 0x8b, 0xef, 0xf8, 0x0, 0x4, 0xcf, 0xff,
    0xff, 0xff, 0x80, 0x5, 0xff, 0xd8, 0x52, 0xe,
    0xf8, 0x0, 0xdf, 0xc0, 0x0, 0x0, 0xff, 0x80,
    0xf, 0xf8, 0x0, 0x0, 0x7f, 0xf8, 0x0, 0xef,
    0xe3, 0x1, 0x8f, 0xff, 0xb2, 0x7, 0xff, 0xff,
    0xff, 0xb9, 0xff, 0x90, 0x5, 0xce, 0xfd, 0x70,
    0x1b, 0xf8,

    /* U+1EA8 "Ẩ" */
    0x0, 0x0, 0x0, 0x0, 0x0, 0x10, 0x0, 0x0,
    0x0, 0x0, 0x0, 0x0, 0xe, 0xfe, 0x20, 0x0,
    0x0, 0x0, 0x0, 0x0, 0x5, 0x7f, 0x60, 0x0,
    0x0, 0x0, 0x0, 0x13, 0x30, 0x4f, 0x30, 0x0,
    0x0, 0x0, 0x0, 0xcf, 0xfa, 0x65, 0x0, 0x0,
    0x0, 0x0, 0x8, 0xf7, 0xaf, 0x60, 0x0, 0x0,
    0x0, 0x0, 0x2c, 0x90, 0xa, 0xb0, 0x0, 0x0,
    0x0, 0x0, 0x0, 0x0, 0x0, 0x0, 0x0, 0x0,
    0x0, 0x0, 0x0, 0xdf, 0xfa, 0x0, 0x0, 0x0,
    0x0, 0x0, 0x2, 0xff, 0xff, 0x0, 0x0, 0x0,
    0x0, 0x0, 0x8, 0xfe, 0xff, 0x50, 0x0, 0x0,
    0x0, 0x0, 0xd, 0xf8, 0xbf, 0xb0, 0x0, 0x0,
    0x0, 0x0, 0x3f, 0xf3, 0x6f, 0xf1, 0x0, 0x0,
    0x0, 0x0, 0x9f, 0xd0, 0x1f, 0xf6, 0x0, 0x0,
    0x0, 0x0, 0xef, 0x80, 0xb, 0xfc, 0x0, 0x0,
    0x0, 0x4, 0xff, 0x30, 0x5, 0xff, 0x10, 0x0,
    0x0, 0x9, 0xfd, 0x0, 0x0, 0xff, 0x70, 0x0,
    0x0, 0xe, 0xf8, 0x0, 0x0, 0xaf, 0xc0, 0x0,
    0x0, 0x4f, 0xff, 0xff, 0xff, 0xff, 0xf2, 0x0,
    0x0, 0xaf, 0xff, 0xff, 0xff, 0xff, 0xf7, 0x0,
    0x0, 0xff, 0xa5, 0x55, 0x55, 0x5c, 0xfd, 0x0,
    0x5, 0xff, 0x30, 0x0, 0x0, 0x6, 0xff, 0x20,
    0xa, 0xfe, 0x0, 0x0, 0x0, 0x1, 0xff, 0x80,
    0xf, 0xf9, 0x0, 0x0, 0x0, 0x0, 0xbf, 0xd0,
    0x6f, 0xf4, 0x0, 0x0, 0x0, 0x0, 0x6f, 0xf3,

    /* U+1EA9 "ẩ" */
    0x0, 0x0, 0x0, 0x0, 0x0, 0x0, 0x0, 0x0,
    0x0, 0x0, 0x4f, 0xfa, 0x0, 0x0, 0x0, 0x0,
    0x2, 0x5b, 0xf0, 0x0, 0x0, 0x0, 0x0, 0x0,
    0x9e, 0x0, 0x0, 0x0, 0x1f, 0xff, 0x4b, 0x40,
    0x0, 0x0, 0xc, 0xf8, 0xfd, 0x0, 0x0, 0x0,
    0x7, 0xf7, 0x6, 0xf8, 0x0, 0x0, 0x0, 0x0,
    0x0, 0x0, 0x0, 0x0, 0x0, 0x4, 0xbe, 0xfe,
    0xa3, 0x0, 0x0, 0x8, 0xff, 0xff, 0xff, 0xf5,
    0x0, 0x3, 0xff, 0xc4, 0x35, 0xef, 0xe0, 0x0,
    0xaf, 0xe0, 0x0, 0x3, 0xff, 0x50, 0x1, 0x21,
    0x0, 0x0, 0xf, 0xf7, 0x0, 0x0, 0x1, 0x48,
    0xbe, 0xff, 0x80, 0x0, 0x4c, 0xff, 0xff, 0xff,
    0xf8, 0x0, 0x5f, 0xfd, 0x85, 0x20, 0xef, 0x80,
    0xd, 0xfc, 0x0, 0x0, 0xf, 0xf8, 0x0, 0xff,
    0x80, 0x0, 0x7, 0xff, 0x80, 0xe, 0xfe, 0x30,
    0x18, 0xff, 0xfb, 0x20, 0x7f, 0xff, 0xff, 0xfb,
    0x9f, 0xf9, 0x0, 0x5c, 0xef, 0xd7, 0x1, 0xbf,
    0x80,

    /* U+1EAA "Ẫ" */
    0x0, 0x0, 0x9, 0xfb, 0x10, 0xf6, 0x0, 0x0,
    0x0, 0x0, 0x4f, 0xae, 0xea, 0xf2, 0x0, 0x0,
    0x0, 0x0, 0x8d, 0x2, 0xce, 0x70, 0x0, 0x0,
    0x0, 0x0, 0x0, 0x13, 0x30, 0x0, 0x0, 0x0,
    0x0, 0x0, 0x0, 0xcf, 0xfb, 0x0, 0x0, 0x0,
    0x0, 0x0, 0x8, 0xf8, 0xaf, 0x60, 0x0, 0x0,
    0x0, 0x0, 0x2c, 0x90, 0xa, 0xb1, 0x0, 0x0,
    0x0, 0x0, 0x0, 0x0, 0x0, 0x0, 0x0, 0x0,
    0x0, 0x0, 0x0, 0xdf, 0xfa, 0x0, 0x0, 0x0,
    0x0, 0x0, 0x2, 0xff, 0xff, 0x0, 0x0, 0x0,
    0x0, 0x0, 0x8, 0xfe, 0xff, 0x50, 0x0, 0x0,
    0x0, 0x0, 0xd, 0xf8, 0xbf, 0xb0, 0x0, 0x0,
    0x0, 0x0, 0x3f, 0xf3, 0x6f, 0xf1, 0x0, 0x0,
    0x0, 0x0, 0x9f, 0xd0, 0x1f, 0xf6, 0x0, 0x0,
    0x0, 0x0, 0xef, 0x80, 0xb, 0xfc, 0x0, 0x0,
    0x0, 0x4, 0xff, 0x30, 0x5, 0xff, 0x10, 0x0,
    0x0, 0x9, 0xfd, 0x0, 0x0, 0xff, 0x70, 0x0,
    0x0, 0xe, 0xf8, 0x0, 0x0, 0xaf, 0xc0, 0x0,
    0x0, 0x4f, 0xff, 0xff, 0xff, 0xff, 0xf2, 0x0,
    0x0, 0xaf, 0xff, 0xff, 0xff, 0xff, 0xf7, 0x0,
    0x0, 0xff, 0xa5, 0x55, 0x55, 0x5c, 0xfd, 0x0,
    0x5, 0xff, 0x30, 0x0, 0x0, 0x6, 0xff, 0x20,
    0xa, 0xfe, 0x0, 0x0, 0x0, 0x1, 0xff, 0x80,
    0xf, 0xf9, 0x0, 0x0, 0x0, 0x0, 0xbf, 0xd0,
    0x6f, 0xf4, 0x0, 0x0, 0x0, 0x0, 0x6f, 0xf3,

    /* U+1EAB "ẫ" */
    0x0, 0x2, 0xce, 0x80, 0x5f, 0x0, 0x0, 0x0,
    0xae, 0xaf, 0xbd, 0xc0, 0x0, 0x0, 0xe, 0x70,
    0x5e, 0xd3, 0x0, 0x0, 0x0, 0x0, 0x0, 0x0,
    0x0, 0x0, 0x0, 0x0, 0x1f, 0xff, 0x20, 0x0,
    0x0, 0x0, 0xb, 0xf9, 0xfd, 0x0, 0x0, 0x0,
    0x7, 0xf7, 0x6, 0xf8, 0x0, 0x0, 0x0, 0x0,
    0x0, 0x0, 0x0, 0x0, 0x0, 0x4, 0xbe, 0xfe,
    0xa3, 0x0, 0x0, 0x8, 0xff, 0xff, 0xff, 0xf5,
    0x0, 0x3, 0xff, 0xc4, 0x35, 0xef, 0xe0, 0x0,
    0xaf, 0xe0, 0x0, 0x3, 0xff, 0x50, 0x1, 0x21,
    0x0, 0x0, 0xf, 0xf7, 0x0, 0x0, 0x1, 0x48,
    0xbe, 0xff, 0x80, 0x0, 0x4c, 0xff, 0xff, 0xff,
    0xf8, 0x0, 0x5f, 0xfd, 0x85, 0x20, 0xef, 0x80,
    0xd, 0xfc, 0x0, 0x0, 0xf, 0xf8, 0x0, 0xff,
    0x80, 0x0, 0x7, 0xff, 0x80, 0xe, 0xfe, 0x30,
    0x18, 0xff, 0xfb, 0x20, 0x7f, 0xff, 0xff, 0xfb,
    0x9f, 0xf9, 0x0, 0x5c, 0xef, 0xd7, 0x1, 0xbf,
    0x80,

    /* U+1EAC "Ậ" */
    0x0, 0x0, 0x0, 0x48, 0x82, 0x0, 0x0, 0x0,
    0x0, 0x0, 0x0, 0xef, 0xfc, 0x0, 0x0, 0x0,
    0x0, 0x0, 0x9, 0xf7, 0x9f, 0x60, 0x0, 0x0,
    0x0, 0x0, 0x2f, 0xb0, 0xd, 0xe1, 0x0, 0x0,
    0x0, 0x0, 0x0, 0x0, 0x0, 0x0, 0x0, 0x0,
    0x0, 0x0, 0x0, 0xdf, 0xfa, 0x0, 0x0, 0x0,
    0x0, 0x0, 0x2, 0xff, 0xff, 0x0, 0x0, 0x0,
    0x0, 0x0, 0x8, 0xff, 0xff, 0x50, 0x0, 0x0,
    0x0, 0x0, 0xd, 0xf9, 0xcf, 0xb0, 0x0, 0x0,
    0x0, 0x0, 0x3f, 0xf4, 0x7f, 0xf1, 0x0, 0x0,
    0x0, 0x0, 0x9f, 0xf0, 0x2f, 0xf6, 0x0, 0x0,
    0x0, 0x0, 0xef, 0xa0, 0xd, 0xfc, 0x0, 0x0,
    0x0, 0x4, 0xff, 0x50, 0x8, 0xff, 0x10, 0x0,
    0x0, 0x9, 0xff, 0x0, 0x3, 0xff, 0x70, 0x0,
    0x0, 0xe, 0xfb, 0x0, 0x0, 0xef, 0xc0, 0x0,
    0x0, 0x4f, 0xfa, 0x55, 0x55, 0xcf, 0xf2, 0x0,
    0x0, 0xaf, 0xff, 0xff, 0xff, 0xff, 0xf7, 0x0,
    0x0, 0xff, 0xff, 0xff, 0xff, 0xff, 0xfd, 0x0,
    0x5, 0xff, 0x60, 0x0, 0x0, 0x9, 0xff, 0x20,
    0xa, 0xff, 0x0, 0x0, 0x0, 0x3, 0xff, 0x80,
    0xf, 0xfa, 0x0, 0x0, 0x0, 0x0, 0xdf, 0xd0,
    0x6f, 0xf4, 0x0, 0x0, 0x0, 0x0, 0x7f, 0xf3,
    0x0, 0x0, 0x0, 0x0, 0x0, 0x0, 0x0, 0x0,
    0x0, 0x0, 0x0, 0x14, 0x40, 0x0, 0x0, 0x0,
    0x0, 0x0, 0x0, 0x3f, 0xf1, 0x0, 0x0, 0x0,
    0x0, 0x0, 0x0, 0x3f, 0xf1, 0x0, 0x0, 0x0,

    /* U+1EAD "ậ" */
    0x0, 0x0, 0x2f, 0xdf, 0x30, 0x0, 0x0, 0x0,
    0xd, 0xc0, 0xbe, 0x10, 0x0, 0x0, 0x6, 0xa2,
    0x1, 0xa6, 0x0, 0x0, 0x0, 0x0, 0x0, 0x0,
    0x0, 0x0, 0x0, 0x4, 0xbe, 0xfe, 0xa3, 0x0,
    0x0, 0x8, 0xff, 0xff, 0xff, 0xf5, 0x0, 0x3,
    0xff, 0xc4, 0x35, 0xef, 0xe0, 0x0, 0xaf, 0xe0,
    0x0, 0x3, 0xff, 0x50, 0x1, 0x21, 0x0, 0x0,
    0xf, 0xf7, 0x0, 0x0, 0x1, 0x48, 0xbe, 0xff,
    0x80, 0x0, 0x4c, 0xff, 0xff, 0xff, 0xf8, 0x0,
    0x5f, 0xfd, 0x85, 0x20, 0xef, 0x80, 0xd, 0xfc,
    0x0, 0x0, 0xf, 0xf8, 0x0, 0xff, 0x80, 0x0,
    0x7, 0xff, 0x80, 0xe, 0xfe, 0x30, 0x18, 0xff,
    0xfb, 0x20, 0x7f, 0xff, 0xff, 0xfb, 0x9f, 0xf9,
    0x0, 0x5c, 0xef, 0xd7, 0x1, 0xbf, 0x80, 0x0,
    0x0, 0x0, 0x0, 0x0, 0x0, 0x0, 0x0, 0x3,
    0x42, 0x0, 0x0, 0x0, 0x0, 0x0, 0xdf, 0x80,
    0x0, 0x0, 0x0, 0x0, 0xd, 0xf8, 0x0, 0x0,
    0x0,

    /* U+1EAE "Ắ" */
    0x0, 0x0, 0x0, 0x0, 0xbc, 0x30, 0x0, 0x0,
    0x0, 0x0, 0x0, 0x5, 0xfb, 0x0, 0x0, 0x0,
    0x0, 0x0, 0x0, 0xc, 0xf2, 0x0, 0x0, 0x0,
    0x0, 0x0, 0x3b, 0x20, 0x4, 0xb1, 0x0, 0x0,
    0x0, 0x0, 0x2f, 0xa1, 0x1c, 0xf0, 0x0, 0x0,
    0x0, 0x0, 0x9, 0xff, 0xff, 0x60, 0x0, 0x0,
    0x0, 0x0, 0x0, 0x59, 0x84, 0x0, 0x0, 0x0,
    0x0, 0x0, 0x0, 0x0, 0x0, 0x0, 0x0, 0x0,
    0x0, 0x0, 0x0, 0xdf, 0xfa, 0x0, 0x0, 0x0,
    0x0, 0x0, 0x2, 0xff, 0xff, 0x0, 0x0, 0x0,
    0x0, 0x0, 0x8, 0xfe, 0xff, 0x50, 0x0, 0x0,
    0x0, 0x0, 0xd, 0xf8, 0xbf, 0xb0, 0x0, 0x0,
    0x0, 0x0, 0x3f, 0xf3, 0x6f, 0xf1, 0x0, 0x0,
    0x0, 0x0, 0x9f, 0xd0, 0x1f, 0xf6, 0x0, 0x0,
    0x0, 0x0, 0xef, 0x80, 0xb, 0xfc, 0x0, 0x0,
    0x0, 0x4, 0xff, 0x30, 0x5, 0xff, 0x10, 0x0,
    0x0, 0x9, 0xfd, 0x0, 0x0, 0xff, 0x70, 0x0,
    0x0, 0xe, 0xf8, 0x0, 0x0, 0xaf, 0xc0, 0x0,
    0x0, 0x4f, 0xff, 0xff, 0xff, 0xff, 0xf2, 0x0,
    0x0, 0xaf, 0xff, 0xff, 0xff, 0xff, 0xf7, 0x0,
    0x0, 0xff, 0xa5, 0x55, 0x55, 0x5c, 0xfd, 0x0,
    0x5, 0xff, 0x30, 0x0, 0x0, 0x6, 0xff, 0x20,
    0xa, 0xfe, 0x0, 0x0, 0x0, 0x1, 0xff, 0x80,
    0xf, 0xf9, 0x0, 0x0, 0x0, 0x0, 0xbf, 0xd0,
    0x6f, 0xf4, 0x0, 0x0, 0x0, 0x0, 0x6f, 0xf3,

    /* U+1EAF "ắ" */
    0x0, 0x0, 0x0, 0x4c, 0xa0, 0x0, 0x0, 0x0,
    0x0, 0xb, 0xf6, 0x0, 0x0, 0x0, 0x0, 0x2,
    0xfc, 0x0, 0x0, 0x0, 0x0, 0x0, 0x0, 0x0,
    0x0, 0x0, 0x0, 0xa, 0xe3, 0x2, 0xeb, 0x0,
    0x0, 0x0, 0x3f, 0xff, 0xff, 0x40, 0x0, 0x0,
    0x0, 0x28, 0x98, 0x20, 0x0, 0x0, 0x0, 0x0,
    0x0, 0x0, 0x0, 0x0, 0x0, 0x3, 0xbe, 0xfe,
    0xa3, 0x0, 0x0, 0x6, 0xff, 0xff, 0xff, 0xf5,
    0x0, 0x2, 0xff, 0xd5, 0x36, 0xef, 0xe0, 0x0,
    0x9f, 0xf1, 0x0, 0x4, 0xff, 0x50, 0x6, 0x86,
    0x0, 0x0, 0xf, 0xf7, 0x0, 0x0, 0x0, 0x3,
    0x69, 0xff, 0x80, 0x0, 0x18, 0xdf, 0xff, 0xff,
    0xf8, 0x0, 0x3f, 0xff, 0xb8, 0x52, 0xef, 0x80,
    0xc, 0xfd, 0x10, 0x0, 0xf, 0xf8, 0x0, 0xff,
    0x80, 0x0, 0x6, 0xff, 0x80, 0xe, 0xfe, 0x30,
    0x17, 0xff, 0xfb, 0x20, 0x7f, 0xff, 0xff, 0xfc,
    0x9f, 0xf9, 0x0, 0x5c, 0xef, 0xd7, 0x1, 0xbf,
    0x80,

    /* U+1EB0 "Ằ" */
    0x0, 0x0, 0x4, 0xca, 0x0, 0x0, 0x0, 0x0,
    0x0, 0x0, 0x0, 0xdf, 0x40, 0x0, 0x0, 0x0,
    0x0, 0x0, 0x0, 0x4f, 0xa0, 0x0, 0x0, 0x0,
    0x0, 0x0, 0x3b, 0x20, 0x4, 0xb1, 0x0, 0x0,
    0x0, 0x0, 0x2f, 0xa1, 0x1c, 0xf0, 0x0, 0x0,
    0x0, 0x0, 0x9, 0xff, 0xff, 0x60, 0x0, 0x0,
    0x0, 0x0, 0x0, 0x59, 0x84, 0x0, 0x0, 0x0,
    0x0, 0x0, 0x0, 0x0, 0x0, 0x0, 0x0, 0x0,
    0x0, 0x0, 0x0, 0xdf, 0xfa, 0x0, 0x0, 0x0,
    0x0, 0x0, 0x2, 0xff, 0xff, 0x0, 0x0, 0x0,
    0x0, 0x0, 0x8, 0xfe, 0xff, 0x50, 0x0, 0x0,
    0x0, 0x0, 0xd, 0xf8, 0xbf, 0xb0, 0x0, 0x0,
    0x0, 0x0, 0x3f, 0xf3, 0x6f, 0xf1, 0x0, 0x0,
    0x0, 0x0, 0x9f, 0xd0, 0x1f, 0xf6, 0x0, 0x0,
    0x0, 0x0, 0xef, 0x80, 0xb, 0xfc, 0x0, 0x0,
    0x0, 0x4, 0xff, 0x30, 0x5, 0xff, 0x10, 0x0,
    0x0, 0x9, 0xfd, 0x0, 0x0, 0xff, 0x70, 0x0,
    0x0, 0xe, 0xf8, 0x0, 0x0, 0xaf, 0xc0, 0x0,
    0x0, 0x4f, 0xff, 0xff, 0xff, 0xff, 0xf2, 0x0,
    0x0, 0xaf, 0xff, 0xff, 0xff, 0xff, 0xf7, 0x0,
    0x0, 0xff, 0xa5, 0x55, 0x55, 0x5c, 0xfd, 0x0,
    0x5, 0xff, 0x30, 0x0, 0x0, 0x6, 0xff, 0x20,
    0xa, 0xfe, 0x0, 0x0, 0x0, 0x1, 0xff, 0x80,
    0xf, 0xf9, 0x0, 0x0, 0x0, 0x0, 0xbf, 0xd0,
    0x6f, 0xf4, 0x0, 0x0, 0x0, 0x0, 0x6f, 0xf3,

    /* U+1EB1 "ằ" */
    0x0, 0x0, 0x8c, 0x60, 0x0, 0x0, 0x0, 0x0,
    0x3, 0xfd, 0x0, 0x0, 0x0, 0x0, 0x0, 0xa,
    0xf4, 0x0, 0x0, 0x0, 0x0, 0x0, 0x0, 0x0,
    0x0, 0x0, 0x0, 0xa, 0xe3, 0x2, 0xeb, 0x0,
    0x0, 0x0, 0x3f, 0xff, 0xff, 0x40, 0x0, 0x0,
    0x0, 0x28, 0x98, 0x20, 0x0, 0x0, 0x0, 0x0,
    0x0, 0x0, 0x0, 0x0, 0x0, 0x3, 0xbe, 0xfe,
    0xa3, 0x0, 0x0, 0x6, 0xff, 0xff, 0xff, 0xf5,
    0x0, 0x2, 0xff, 0xd5, 0x36, 0xef, 0xe0, 0x0,
    0x9f, 0xf1, 0x0, 0x4, 0xff, 0x50, 0x6, 0x86,
    0x0, 0x0, 0xf, 0xf7, 0x0, 0x0, 0x0, 0x3,
    0x69, 0xff, 0x80, 0x0, 0x18, 0xdf, 0xff, 0xff,
    0xf8, 0x0, 0x3f, 0xff, 0xb8, 0x52, 0xef, 0x80,
    0xc, 0xfd, 0x10, 0x0, 0xf, 0xf8, 0x0, 0xff,
    0x80, 0x0, 0x6, 0xff, 0x80, 0xe, 0xfe, 0x30,
    0x17, 0xff, 0xfb, 0x20, 0x7f, 0xff, 0xff, 0xfc,
    0x9f, 0xf9, 0x0, 0x5c, 0xef, 0xd7, 0x1, 0xbf,
    0x80,

    /* U+1EB2 "Ẳ" */
    0x0, 0x0, 0x0, 0x1, 0x0, 0x0, 0x0, 0x0,
    0x0, 0x0, 0x0, 0xbf, 0xf4, 0x0, 0x0, 0x0,
    0x0, 0x0, 0x0, 0x45, 0xf9, 0x0, 0x0, 0x0,
    0x0, 0x0, 0x0, 0x1, 0xf7, 0x0, 0x0, 0x0,
    0x0, 0x0, 0x39, 0x15, 0x83, 0x91, 0x0, 0x0,
    0x0, 0x0, 0x3f, 0xa1, 0x1c, 0xf0, 0x0, 0x0,
    0x0, 0x0, 0xa, 0xff, 0xff, 0x70, 0x0, 0x0,
    0x0, 0x0, 0x0, 0x59, 0x94, 0x0, 0x0, 0x0,
    0x0, 0x0, 0x0, 0x0, 0x0, 0x0, 0x0, 0x0,
    0x0, 0x0, 0x0, 0xdf, 0xfa, 0x0, 0x0, 0x0,
    0x0, 0x0, 0x2, 0xff, 0xff, 0x0, 0x0, 0x0,
    0x0, 0x0, 0x8, 0xfe, 0xff, 0x50, 0x0, 0x0,
    0x0, 0x0, 0xd, 0xf8, 0xbf, 0xb0, 0x0, 0x0,
    0x0, 0x0, 0x3f, 0xf3, 0x6f, 0xf1, 0x0, 0x0,
    0x0, 0x0, 0x9f, 0xd0, 0x1f, 0xf6, 0x0, 0x0,
    0x0, 0x0, 0xef, 0x80, 0xb, 0xfc, 0x0, 0x0,
    0x0, 0x4, 0xff, 0x30, 0x5, 0xff, 0x10, 0x0,
    0x0, 0x9, 0xfd, 0x0, 0x0, 0xff, 0x70, 0x0,
    0x0, 0xe, 0xf8, 0x0, 0x0, 0xaf, 0xc0, 0x0,
    0x0, 0x4f, 0xff, 0xff, 0xff, 0xff, 0xf2, 0x0,
    0x0, 0xaf, 0xff, 0xff, 0xff, 0xff, 0xf7, 0x0,
    0x0, 0xff, 0xa5, 0x55, 0x55, 0x5c, 0xfd, 0x0,
    0x5, 0xff, 0x30, 0x0, 0x0, 0x6, 0xff, 0x20,
    0xa, 0xfe, 0x0, 0x0, 0x0, 0x1, 0xff, 0x80,
    0xf, 0xf9, 0x0, 0x0, 0x0, 0x0, 0xbf, 0xd0,
    0x6f, 0xf4, 0x0, 0x0, 0x0, 0x0, 0x6f, 0xf3,

    /* U+1EB3 "ẳ" */
    0x0, 0x0, 0x0, 0x0, 0x0, 0x0, 0x0, 0x0,
    0x1, 0xff, 0xc0, 0x0, 0x0, 0x0, 0x0, 0x5,
    0x9f, 0x30, 0x0, 0x0, 0x0, 0x0, 0x7, 0xe1,
    0x0, 0x0, 0x0, 0x8, 0x90, 0x63, 0x89, 0x0,
    0x0, 0x0, 0x8f, 0x50, 0x4f, 0x90, 0x0, 0x0,
    0x1, 0xef, 0xff, 0xe1, 0x0, 0x0, 0x0, 0x1,
    0x79, 0x71, 0x0, 0x0, 0x0, 0x0, 0x0, 0x0,
    0x0, 0x0, 0x0, 0x0, 0x4b, 0xef, 0xea, 0x30,
    0x0, 0x0, 0x8f, 0xff, 0xff, 0xff, 0x50, 0x0,
    0x4f, 0xfb, 0x43, 0x5d, 0xfe, 0x0, 0xb, 0xfe,
    0x0, 0x0, 0x3f, 0xf5, 0x0, 0x0, 0x0, 0x0,
    0x0, 0xff, 0x70, 0x0, 0x0, 0x36, 0x9d, 0xff,
    0xf8, 0x0, 0x6, 0xef, 0xff, 0xfe, 0xff, 0x80,
    0x6, 0xff, 0xc7, 0x41, 0xe, 0xf8, 0x0, 0xdf,
    0xb0, 0x0, 0x1, 0xff, 0x80, 0xf, 0xf8, 0x0,
    0x0, 0x7f, 0xf8, 0x0, 0xef, 0xe3, 0x2, 0x8f,
    0xff, 0xb2, 0x6, 0xff, 0xff, 0xff, 0xb9, 0xff,
    0x90, 0x4, 0xbe, 0xfd, 0x70, 0x1b, 0xf8,

    /* U+1EB4 "Ẵ" */
    0x0, 0x0, 0xa, 0xfc, 0x41, 0xf5, 0x0, 0x0,
    0x0, 0x0, 0x6f, 0x9d, 0xff, 0xe1, 0x0, 0x0,
    0x0, 0x0, 0x46, 0x0, 0x67, 0x20, 0x0, 0x0,
    0x0, 0x0, 0x27, 0x10, 0x2, 0x71, 0x0, 0x0,
    0x0, 0x0, 0x3f, 0x91, 0x1b, 0xf1, 0x0, 0x0,
    0x0, 0x0, 0xa, 0xff, 0xff, 0x80, 0x0, 0x0,
    0x0, 0x0, 0x0, 0x59, 0x94, 0x0, 0x0, 0x0,
    0x0, 0x0, 0x0, 0x0, 0x0, 0x0, 0x0, 0x0,
    0x0, 0x0, 0x0, 0xdf, 0xfa, 0x0, 0x0, 0x0,
    0x0, 0x0, 0x2, 0xff, 0xff, 0x0, 0x0, 0x0,
    0x0, 0x0, 0x8, 0xfe, 0xff, 0x50, 0x0, 0x0,
    0x0, 0x0, 0xd, 0xf8, 0xbf, 0xb0, 0x0, 0x0,
    0x0, 0x0, 0x3f, 0xf3, 0x6f, 0xf1, 0x0, 0x0,
    0x0, 0x0, 0x9f, 0xd0, 0x1f, 0xf6, 0x0, 0x0,
    0x0, 0x0, 0xef, 0x80, 0xb, 0xfc, 0x0, 0x0,
    0x0, 0x4, 0xff, 0x30, 0x5, 0xff, 0x10, 0x0,
    0x0, 0x9, 0xfd, 0x0, 0x0, 0xff, 0x70, 0x0,
    0x0, 0xe, 0xf8, 0x0, 0x0, 0xaf, 0xc0, 0x0,
    0x0, 0x4f, 0xff, 0xff, 0xff, 0xff, 0xf2, 0x0,
    0x0, 0xaf, 0xff, 0xff, 0xff, 0xff, 0xf7, 0x0,
    0x0, 0xff, 0xa5, 0x55, 0x55, 0x5c, 0xfd, 0x0,
    0x5, 0xff, 0x30, 0x0, 0x0, 0x6, 0xff, 0x20,
    0xa, 0xfe, 0x0, 0x0, 0x0, 0x1, 0xff, 0x80,
    0xf, 0xf9, 0x0, 0x0, 0x0, 0x0, 0xbf, 0xd0,
    0x6f, 0xf4, 0x0, 0x0, 0x0, 0x0, 0x6f, 0xf3,

    /* U+1EB5 "ẵ" */
    0x0, 0x3, 0xdf, 0xa2, 0x7f, 0x0, 0x0, 0x0,
    0xcd, 0x9f, 0xff, 0x90, 0x0, 0x0, 0x8, 0x30,
    0x27, 0x60, 0x0, 0x0, 0x0, 0x0, 0x0, 0x0,
    0x0, 0x0, 0x0, 0xa, 0xe3, 0x2, 0xec, 0x0,
    0x0, 0x0, 0x3f, 0xff, 0xff, 0x40, 0x0, 0x0,
    0x0, 0x28, 0x98, 0x20, 0x0, 0x0, 0x0, 0x0,
    0x0, 0x0, 0x0, 0x0, 0x0, 0x3, 0xbe, 0xfe,
    0xa3, 0x0, 0x0, 0x6, 0xff, 0xff, 0xff, 0xf5,
    0x0, 0x2, 0xff, 0xd5, 0x36, 0xef, 0xe0, 0x0,
    0x9f, 0xf1, 0x0, 0x4, 0xff, 0x50, 0x6, 0x86,
    0x0, 0x0, 0xf, 0xf7, 0x0, 0x0, 0x0, 0x3,
    0x69, 0xff, 0x80, 0x0, 0x18, 0xdf, 0xff, 0xff,
    0xf8, 0x0, 0x3f, 0xff, 0xb8, 0x52, 0xef, 0x80,
    0xc, 0xfd, 0x10, 0x0, 0xf, 0xf8, 0x0, 0xff,
    0x80, 0x0, 0x6, 0xff, 0x80, 0xe, 0xfe, 0x30,
    0x17, 0xff, 0xfb, 0x20, 0x7f, 0xff, 0xff, 0xfc,
    0x9f, 0xf9, 0x0, 0x5c, 0xef, 0xd7, 0x1, 0xbf,
    0x80,

    /* U+1EB6 "Ặ" */
    0x0, 0x0, 0x28, 0x10, 0x3, 0x81, 0x0, 0x0,
    0x0, 0x0, 0x3f, 0xa1, 0x1b, 0xf0, 0x0, 0x0,
    0x0, 0x0, 0xa, 0xff, 0xff, 0x70, 0x0, 0x0,
    0x0, 0x0, 0x0, 0x59, 0x94, 0x0, 0x0, 0x0,
    0x0, 0x0, 0x0, 0x0, 0x0, 0x0, 0x0, 0x0,
    0x0, 0x0, 0x0, 0xdf, 0xfa, 0x0, 0x0, 0x0,
    0x0, 0x0, 0x2, 0xff, 0xff, 0x0, 0x0, 0x0,
    0x0, 0x0, 0x8, 0xff, 0xff, 0x50, 0x0, 0x0,
    0x0, 0x0, 0xd, 0xf9, 0xcf, 0xb0, 0x0, 0x0,
    0x0, 0x0, 0x3f, 0xf4, 0x7f, 0xf1, 0x0, 0x0,
    0x0, 0x0, 0x9f, 0xf0, 0x2f, 0xf6, 0x0, 0x0,
    0x0, 0x0, 0xef, 0xa0, 0xd, 0xfc, 0x0, 0x0,
    0x0, 0x4, 0xff, 0x50, 0x8, 0xff, 0x10, 0x0,
    0x0, 0x9, 0xff, 0x0, 0x3, 0xff, 0x70, 0x0,
    0x0, 0xe, 0xfb, 0x0, 0x0, 0xef, 0xc0, 0x0,
    0x0, 0x4f, 0xfa, 0x55, 0x55, 0xcf, 0xf2, 0x0,
    0x0, 0xaf, 0xff, 0xff, 0xff, 0xff, 0xf7, 0x0,
    0x0, 0xff, 0xff, 0xff, 0xff, 0xff, 0xfd, 0x0,
    0x5, 0xff, 0x60, 0x0, 0x0, 0x9, 0xff, 0x20,
    0xa, 0xff, 0x0, 0x0, 0x0, 0x3, 0xff, 0x80,
    0xf, 0xfa, 0x0, 0x0, 0x0, 0x0, 0xdf, 0xd0,
    0x6f, 0xf4, 0x0, 0x0, 0x0, 0x0, 0x7f, 0xf3,
    0x0, 0x0, 0x0, 0x0, 0x0, 0x0, 0x0, 0x0,
    0x0, 0x0, 0x0, 0x14, 0x40, 0x0, 0x0, 0x0,
    0x0, 0x0, 0x0, 0x3f, 0xf1, 0x0, 0x0, 0x0,
    0x0, 0x0, 0x0, 0x3f, 0xf1, 0x0, 0x0, 0x0,

    /* U+1EB7 "ặ" */
    0x0, 0xb, 0xe0, 0x0, 0xdb, 0x0, 0x0, 0x0,
    0x5f, 0xea, 0xdf, 0x60, 0x0, 0x0, 0x0, 0x6d,
    0xfd, 0x60, 0x0, 0x0, 0x0, 0x0, 0x0, 0x0,
    0x0, 0x0, 0x0, 0x3, 0xae, 0xfe, 0xa3, 0x0,
    0x0, 0x5, 0xff, 0xff, 0xff, 0xf5, 0x0, 0x1,
    0xff, 0xd5, 0x36, 0xef, 0xe0, 0x0, 0x8f, 0xf2,
    0x0, 0x5, 0xff, 0x50, 0x8, 0xb9, 0x0, 0x0,
    0xf, 0xf7, 0x0, 0x0, 0x0, 0x0, 0x36, 0xff,
    0x80, 0x0, 0x5, 0xad, 0xff, 0xff, 0xf8, 0x0,
    0x2d, 0xff, 0xda, 0x74, 0xff, 0x80, 0xb, 0xfd,
    0x20, 0x0, 0xf, 0xf8, 0x0, 0xff, 0x80, 0x0,
    0x6, 0xff, 0x80, 0xf, 0xfd, 0x30, 0x17, 0xff,
    0xfb, 0x20, 0x8f, 0xff, 0xff, 0xfc, 0x9f, 0xf9,
    0x0, 0x5c, 0xef, 0xd7, 0x1, 0xcf, 0x80, 0x0,
    0x0, 0x0, 0x0, 0x0, 0x0, 0x0, 0x0, 0x3,
    0x42, 0x0, 0x0, 0x0, 0x0, 0x0, 0xdf, 0x80,
    0x0, 0x0, 0x0, 0x0, 0xd, 0xf8, 0x0, 0x0,
    0x0,

    /* U+1EB8 "Ẹ" */
    0xf, 0xff, 0xff, 0xff, 0xff, 0xf9, 0xf, 0xff,
    0xff, 0xff, 0xff, 0xf9, 0xf, 0xfa, 0x66, 0x66,
    0x66, 0x63, 0xf, 0xf7, 0x0, 0x0, 0x0, 0x0,
    0xf, 0xf7, 0x0, 0x0, 0x0, 0x0, 0xf, 0xf7,
    0x0, 0x0, 0x0, 0x0, 0xf, 0xf7, 0x0, 0x0,
    0x0, 0x0, 0xf, 0xfa, 0x44, 0x44, 0x44, 0x41,
    0xf, 0xff, 0xff, 0xff, 0xff, 0xf5, 0xf, 0xff,
    0xff, 0xff, 0xff, 0xf5, 0xf, 0xf7, 0x0, 0x0,
    0x0, 0x0, 0xf, 0xf7, 0x0, 0x0, 0x0, 0x0,
    0xf, 0xf7, 0x0, 0x0, 0x0, 0x0, 0xf, 0xf7,
    0x0, 0x0, 0x0, 0x0, 0xf, 0xfa, 0x55, 0x55,
    0x55, 0x54, 0xf, 0xff, 0xff, 0xff, 0xff, 0xfc,
    0xf, 0xff, 0xff, 0xff, 0xff, 0xfc, 0x0, 0x0,
    0x0, 0x0, 0x0, 0x0, 0x0, 0x0, 0x3, 0x42,
    0x0, 0x0, 0x0, 0x0, 0xc, 0xf8, 0x0, 0x0,
    0x0, 0x0, 0xc, 0xf8, 0x0, 0x0,

    /* U+1EB9 "ẹ" */
    0x0, 0x1, 0x8d, 0xfe, 0xa2, 0x0, 0x0, 0x3,
    0xef, 0xff, 0xff, 0xf5, 0x0, 0x0, 0xef, 0xf7,
    0x35, 0xdf, 0xf1, 0x0, 0x7f, 0xf5, 0x0, 0x1,
    0xef, 0x90, 0xc, 0xfd, 0x0, 0x0, 0x8, 0xfe,
    0x0, 0xff, 0x90, 0x0, 0x0, 0x5f, 0xf2, 0xf,
    0xff, 0xff, 0xff, 0xff, 0xff, 0x30, 0xff, 0xfe,
    0xee, 0xee, 0xee, 0xe4, 0xc, 0xfa, 0x0, 0x0,
    0x0, 0x0, 0x0, 0x7f, 0xe1, 0x0, 0x0, 0x69,
    0x90, 0x1, 0xef, 0xd6, 0x33, 0x9f, 0xf8, 0x0,
    0x3, 0xef, 0xff, 0xff, 0xfb, 0x0, 0x0, 0x1,
    0x8d, 0xfe, 0xb5, 0x0, 0x0, 0x0, 0x0, 0x0,
    0x0, 0x0, 0x0, 0x0, 0x0, 0x1, 0x44, 0x0,
    0x0, 0x0, 0x0, 0x0, 0x6f, 0xf0, 0x0, 0x0,
    0x0, 0x0, 0x6, 0xff, 0x0, 0x0, 0x0,

    /* U+1EBA "Ẻ" */
    0x0, 0x0, 0x37, 0x72, 0x0, 0x0, 0x0, 0x0,
    0x8f, 0xff, 0x0, 0x0, 0x0, 0x0, 0x10, 0xaf,
    0x20, 0x0, 0x0, 0x0, 0x0, 0xbe, 0x0, 0x0,
    0x0, 0x0, 0x2, 0x93, 0x0, 0x0, 0x0, 0x0,
    0x0, 0x0, 0x0, 0x0, 0xf, 0xff, 0xff, 0xff,
    0xff, 0xf9, 0xf, 0xff, 0xff, 0xff, 0xff, 0xf9,
    0xf, 0xfa, 0x66, 0x66, 0x66, 0x63, 0xf, 0xf7,
    0x0, 0x0, 0x0, 0x0, 0xf, 0xf7, 0x0, 0x0,
    0x0, 0x0, 0xf, 0xf7, 0x0, 0x0, 0x0, 0x0,
    0xf, 0xf7, 0x0, 0x0, 0x0, 0x0, 0xf, 0xff,
    0xff, 0xff, 0xff, 0xf5, 0xf, 0xff, 0xff, 0xff,
    0xff, 0xf5, 0xf, 0xfa, 0x44, 0x44, 0x44, 0x41,
    0xf, 0xf7, 0x0, 0x0, 0x0, 0x0, 0xf, 0xf7,
    0x0, 0x0, 0x0, 0x0, 0xf, 0xf7, 0x0, 0x0,
    0x0, 0x0, 0xf, 0xf7, 0x0, 0x0, 0x0, 0x0,
    0xf, 0xfa, 0x55, 0x55, 0x55, 0x54, 0xf, 0xff,
    0xff, 0xff, 0xff, 0xfc, 0xf, 0xff, 0xff, 0xff,
    0xff, 0xfc,

    /* U+1EBB "ẻ" */
    0x0, 0x0, 0x6, 0x75, 0x0, 0x0, 0x0, 0x0,
    0x1, 0xff, 0xf6, 0x0, 0x0, 0x0, 0x0, 0x1,
    0x3f, 0xa0, 0x0, 0x0, 0x0, 0x0, 0x3, 0xf7,
    0x0, 0x0, 0x0, 0x0, 0x0, 0xab, 0x0, 0x0,
    0x0, 0x0, 0x0, 0x0, 0x0, 0x0, 0x0, 0x0,
    0x1, 0x8d, 0xfe, 0xb4, 0x0, 0x0, 0x3, 0xef,
    0xff, 0xff, 0xf7, 0x0, 0x0, 0xef, 0xe6, 0x34,
    0xbf, 0xf4, 0x0, 0x7f, 0xf2, 0x0, 0x0, 0xcf,
    0xc0, 0xc, 0xfa, 0x0, 0x0, 0x6, 0xff, 0x10,
    0xff, 0xfe, 0xee, 0xee, 0xff, 0xf3, 0xf, 0xff,
    0xff, 0xff, 0xff, 0xff, 0x40, 0xff, 0x90, 0x0,
    0x0, 0x0, 0x0, 0xc, 0xfc, 0x0, 0x0, 0x0,
    0x11, 0x0, 0x7f, 0xf4, 0x0, 0x0, 0xbf, 0xd0,
    0x1, 0xef, 0xf7, 0x34, 0xaf, 0xf5, 0x0, 0x3,
    0xef, 0xff, 0xff, 0xf8, 0x0, 0x0, 0x1, 0x8d,
    0xff, 0xb5, 0x0, 0x0,

    /* U+1EBC "Ẽ" */
    0x0, 0x2, 0x87, 0x20, 0x39, 0x0, 0x0, 0x1e,
    0xff, 0xfa, 0xec, 0x0, 0x0, 0x5f, 0x23, 0xbf,
    0xc2, 0x0, 0x0, 0x0, 0x0, 0x0, 0x0, 0x0,
    0x0, 0x0, 0x0, 0x0, 0x0, 0x0, 0xf, 0xff,
    0xff, 0xff, 0xff, 0xf9, 0xf, 0xff, 0xff, 0xff,
    0xff, 0xf9, 0xf, 0xfa, 0x66, 0x66, 0x66, 0x63,
    0xf, 0xf7, 0x0, 0x0, 0x0, 0x0, 0xf, 0xf7,
    0x0, 0x0, 0x0, 0x0, 0xf, 0xf7, 0x0, 0x0,
    0x0, 0x0, 0xf, 0xf7, 0x0, 0x0, 0x0, 0x0,
    0xf, 0xff, 0xff, 0xff, 0xff, 0xf5, 0xf, 0xff,
    0xff, 0xff, 0xff, 0xf5, 0xf, 0xfa, 0x44, 0x44,
    0x44, 0x41, 0xf, 0xf7, 0x0, 0x0, 0x0, 0x0,
    0xf, 0xf7, 0x0, 0x0, 0x0, 0x0, 0xf, 0xf7,
    0x0, 0x0, 0x0, 0x0, 0xf, 0xf7, 0x0, 0x0,
    0x0, 0x0, 0xf, 0xfa, 0x55, 0x55, 0x55, 0x54,
    0xf, 0xff, 0xff, 0xff, 0xff, 0xfc, 0xf, 0xff,
    0xff, 0xff, 0xff, 0xfc,

    /* U+1EBD "ẽ" */
    0x0, 0x4, 0xdf, 0xea, 0xaf, 0x50, 0x0, 0x0,
    0xdd, 0x9c, 0xff, 0x90, 0x0, 0x0, 0x0, 0x0,
    0x0, 0x0, 0x0, 0x0, 0x0, 0x0, 0x0, 0x0,
    0x0, 0x0, 0x0, 0x1, 0x8d, 0xfe, 0xb4, 0x0,
    0x0, 0x3, 0xef, 0xff, 0xff, 0xf7, 0x0, 0x0,
    0xef, 0xe6, 0x34, 0xbf, 0xf4, 0x0, 0x7f, 0xf2,
    0x0, 0x0, 0xcf, 0xc0, 0xc, 0xfa, 0x0, 0x0,
    0x6, 0xff, 0x10, 0xff, 0xfe, 0xee, 0xee, 0xff,
    0xf3, 0xf, 0xff, 0xff, 0xff, 0xff, 0xff, 0x40,
    0xff, 0x90, 0x0, 0x0, 0x0, 0x0, 0xc, 0xfc,
    0x0, 0x0, 0x0, 0x11, 0x0, 0x7f, 0xf4, 0x0,
    0x0, 0xbf, 0xd0, 0x1, 0xef, 0xf7, 0x34, 0xaf,
    0xf5, 0x0, 0x3, 0xef, 0xff, 0xff, 0xf8, 0x0,
    0x0, 0x1, 0x8d, 0xff, 0xb5, 0x0, 0x0,

    /* U+1EBE "Ế" */
    0x0, 0x0, 0x0, 0x0, 0x8, 0xfd, 0x0, 0x0,
    0x0, 0x0, 0x0, 0xef, 0x40, 0x0, 0x0, 0x6,
    0x64, 0x4f, 0xb0, 0x0, 0x0, 0x8, 0xff, 0xf4,
    0x31, 0x0, 0x0, 0x3, 0xfc, 0x3f, 0xd0, 0x0,
    0x0, 0x0, 0x9a, 0x10, 0x5b, 0x50, 0x0, 0x0,
    0x0, 0x0, 0x0, 0x0, 0x0, 0x0, 0xff, 0xff,
    0xff, 0xff, 0xff, 0x90, 0xf, 0xff, 0xff, 0xff,
    0xff, 0xf9, 0x0, 0xff, 0xa6, 0x66, 0x66, 0x66,
    0x30, 0xf, 0xf7, 0x0, 0x0, 0x0, 0x0, 0x0,
    0xff, 0x70, 0x0, 0x0, 0x0, 0x0, 0xf, 0xf7,
    0x0, 0x0, 0x0, 0x0, 0x0, 0xff, 0x70, 0x0,
    0x0, 0x0, 0x0, 0xf, 0xff, 0xff, 0xff, 0xff,
    0xf5, 0x0, 0xff, 0xff, 0xff, 0xff, 0xff, 0x50,
    0xf, 0xfa, 0x44, 0x44, 0x44, 0x41, 0x0, 0xff,
    0x70, 0x0, 0x0, 0x0, 0x0, 0xf, 0xf7, 0x0,
    0x0, 0x0, 0x0, 0x0, 0xff, 0x70, 0x0, 0x0,
    0x0, 0x0, 0xf, 0xf7, 0x0, 0x0, 0x0, 0x0,
    0x0, 0xff, 0xa5, 0x55, 0x55, 0x55, 0x40, 0xf,
    0xff, 0xff, 0xff, 0xff, 0xfc, 0x0, 0xff, 0xff,
    0xff, 0xff, 0xff, 0xc0,

    /* U+1EBF "ế" */
    0x0, 0x0, 0x0, 0x0, 0x1, 0xff, 0x40, 0x0,
    0x0, 0x0, 0x0, 0x6f, 0xb0, 0x0, 0x0, 0x0,
    0x0, 0xc, 0xf3, 0x0, 0x0, 0x0, 0xdf, 0xf6,
    0x33, 0x0, 0x0, 0x0, 0x8f, 0x5c, 0xf2, 0x0,
    0x0, 0x0, 0x3f, 0x90, 0x2e, 0xb0, 0x0, 0x0,
    0x0, 0x0, 0x0, 0x0, 0x0, 0x0, 0x0, 0x18,
    0xdf, 0xeb, 0x40, 0x0, 0x0, 0x3e, 0xff, 0xff,
    0xff, 0x70, 0x0, 0xe, 0xfe, 0x63, 0x4b, 0xff,
    0x40, 0x7, 0xff, 0x20, 0x0, 0xc, 0xfc, 0x0,
    0xcf, 0xa0, 0x0, 0x0, 0x6f, 0xf1, 0xf, 0xff,
    0xee, 0xee, 0xef, 0xff, 0x30, 0xff, 0xff, 0xff,
    0xff, 0xff, 0xf4, 0xf, 0xf9, 0x0, 0x0, 0x0,
    0x0, 0x0, 0xcf, 0xc0, 0x0, 0x0, 0x1, 0x10,
    0x7, 0xff, 0x40, 0x0, 0xb, 0xfd, 0x0, 0x1e,
    0xff, 0x73, 0x4a, 0xff, 0x50, 0x0, 0x3e, 0xff,
    0xff, 0xff, 0x80, 0x0, 0x0, 0x18, 0xdf, 0xfb,
    0x50, 0x0,

    /* U+1EC0 "Ề" */
    0x0, 0x0, 0x0, 0x0, 0xef, 0x60, 0x0, 0x0,
    0x0, 0x0, 0x6f, 0xc0, 0x0, 0x0, 0x6, 0x64,
    0xd, 0xf2, 0x0, 0x0, 0x8f, 0xff, 0x31, 0x31,
    0x0, 0x3, 0xfc, 0x3f, 0xd0, 0x0, 0x0, 0x9,
    0xa1, 0x5, 0xb5, 0x0, 0x0, 0x0, 0x0, 0x0,
    0x0, 0x0, 0xf, 0xff, 0xff, 0xff, 0xff, 0xf9,
    0xf, 0xff, 0xff, 0xff, 0xff, 0xf9, 0xf, 0xfa,
    0x66, 0x66, 0x66, 0x63, 0xf, 0xf7, 0x0, 0x0,
    0x0, 0x0, 0xf, 0xf7, 0x0, 0x0, 0x0, 0x0,
    0xf, 0xf7, 0x0, 0x0, 0x0, 0x0, 0xf, 0xf7,
    0x0, 0x0, 0x0, 0x0, 0xf, 0xff, 0xff, 0xff,
    0xff, 0xf5, 0xf, 0xff, 0xff, 0xff, 0xff, 0xf5,
    0xf, 0xfa, 0x44, 0x44, 0x44, 0x41, 0xf, 0xf7,
    0x0, 0x0, 0x0, 0x0, 0xf, 0xf7, 0x0, 0x0,
    0x0, 0x0, 0xf, 0xf7, 0x0, 0x0, 0x0, 0x0,
    0xf, 0xf7, 0x0, 0x0, 0x0, 0x0, 0xf, 0xfa,
    0x55, 0x55, 0x55, 0x54, 0xf, 0xff, 0xff, 0xff,
    0xff, 0xfc, 0xf, 0xff, 0xff, 0xff, 0xff, 0xfc,

    /* U+1EC1 "ề" */
    0x0, 0x0, 0x0, 0x0, 0x7f, 0xd0, 0x0, 0x0,
    0x0, 0x0, 0x0, 0xef, 0x30, 0x0, 0x0, 0x0,
    0x0, 0x6, 0xf9, 0x0, 0x0, 0x0, 0xdf, 0xf6,
    0x3, 0x30, 0x0, 0x0, 0x8f, 0x5c, 0xf2, 0x0,
    0x0, 0x0, 0x3f, 0x90, 0x2e, 0xb0, 0x0, 0x0,
    0x0, 0x0, 0x0, 0x0, 0x0, 0x0, 0x0, 0x18,
    0xdf, 0xeb, 0x40, 0x0, 0x0, 0x3e, 0xff, 0xff,
    0xff, 0x70, 0x0, 0xe, 0xfe, 0x63, 0x4b, 0xff,
    0x40, 0x7, 0xff, 0x20, 0x0, 0xc, 0xfc, 0x0,
    0xcf, 0xa0, 0x0, 0x0, 0x6f, 0xf1, 0xf, 0xff,
    0xee, 0xee, 0xef, 0xff, 0x30, 0xff, 0xff, 0xff,
    0xff, 0xff, 0xf4, 0xf, 0xf9, 0x0, 0x0, 0x0,
    0x0, 0x0, 0xcf, 0xc0, 0x0, 0x0, 0x1, 0x10,
    0x7, 0xff, 0x40, 0x0, 0xb, 0xfd, 0x0, 0x1e,
    0xff, 0x73, 0x4a, 0xff, 0x50, 0x0, 0x3e, 0xff,
    0xff, 0xff, 0x80, 0x0, 0x0, 0x18, 0xdf, 0xfb,
    0x50, 0x0,

    /* U+1EC2 "Ể" */
    0x0, 0x0, 0x0, 0x0, 0x10, 0x0, 0x0, 0x0,
    0x0, 0x8, 0xff, 0x70, 0x0, 0x0, 0x0, 0x3,
    0x5d, 0xd0, 0x0, 0x0, 0x3, 0x32, 0xd, 0xa0,
    0x0, 0x0, 0x6f, 0xff, 0x57, 0x0, 0x0, 0x2,
    0xfd, 0x5f, 0xc0, 0x0, 0x0, 0x9, 0xb1, 0x6,
    0xc5, 0x0, 0x0, 0x0, 0x0, 0x0, 0x0, 0x0,
    0xf, 0xff, 0xff, 0xff, 0xff, 0xf9, 0xf, 0xff,
    0xff, 0xff, 0xff, 0xf9, 0xf, 0xfa, 0x66, 0x66,
    0x66, 0x63, 0xf, 0xf7, 0x0, 0x0, 0x0, 0x0,
    0xf, 0xf7, 0x0, 0x0, 0x0, 0x0, 0xf, 0xf7,
    0x0, 0x0, 0x0, 0x0, 0xf, 0xf7, 0x0, 0x0,
    0x0, 0x0, 0xf, 0xff, 0xff, 0xff, 0xff, 0xf5,
    0xf, 0xff, 0xff, 0xff, 0xff, 0xf5, 0xf, 0xfa,
    0x44, 0x44, 0x44, 0x41, 0xf, 0xf7, 0x0, 0x0,
    0x0, 0x0, 0xf, 0xf7, 0x0, 0x0, 0x0, 0x0,
    0xf, 0xf7, 0x0, 0x0, 0x0, 0x0, 0xf, 0xf7,
    0x0, 0x0, 0x0, 0x0, 0xf, 0xfa, 0x55, 0x55,
    0x55, 0x54, 0xf, 0xff, 0xff, 0xff, 0xff, 0xfc,
    0xf, 0xff, 0xff, 0xff, 0xff, 0xfc,

    /* U+1EC3 "ể" */
    0x0, 0x0, 0x0, 0x0, 0x0, 0x0, 0x0, 0x0,
    0x0, 0x0, 0xf, 0xfc, 0x0, 0x0, 0x0, 0x0,
    0x0, 0x59, 0xf4, 0x0, 0x0, 0x0, 0x0, 0x0,
    0x5f, 0x20, 0x0, 0x0, 0xc, 0xff, 0x69, 0x60,
    0x0, 0x0, 0x8, 0xfa, 0xef, 0x10, 0x0, 0x0,
    0x3, 0xfb, 0x3, 0xfc, 0x0, 0x0, 0x0, 0x0,
    0x0, 0x0, 0x0, 0x0, 0x0, 0x1, 0x8d, 0xfe,
    0xb4, 0x0, 0x0, 0x3, 0xef, 0xff, 0xff, 0xf7,
    0x0, 0x0, 0xef, 0xe6, 0x34, 0xbf, 0xf4, 0x0,
    0x7f, 0xf2, 0x0, 0x0, 0xcf, 0xc0, 0xc, 0xfa,
    0x0, 0x0, 0x6, 0xff, 0x10, 0xff, 0xfe, 0xee,
    0xee, 0xff, 0xf3, 0xf, 0xff, 0xff, 0xff, 0xff,
    0xff, 0x40, 0xff, 0x90, 0x0, 0x0, 0x0, 0x0,
    0xc, 0xfc, 0x0, 0x0, 0x0, 0x11, 0x0, 0x7f,
    0xf4, 0x0, 0x0, 0xbf, 0xd0, 0x1, 0xef, 0xf7,
    0x34, 0xaf, 0xf5, 0x0, 0x3, 0xef, 0xff, 0xff,
    0xf8, 0x0, 0x0, 0x1, 0x8d, 0xff, 0xb5, 0x0,
    0x0,

    /* U+1EC4 "Ễ" */
    0x0, 0x4, 0xee, 0x50, 0x9c, 0x0, 0x0, 0xe,
    0xcb, 0xfa, 0xe8, 0x0, 0x0, 0x1f, 0x30, 0x8f,
    0xb1, 0x0, 0x0, 0x0, 0x3, 0x32, 0x0, 0x0,
    0x0, 0x0, 0x6f, 0xff, 0x20, 0x0, 0x0, 0x2,
    0xfd, 0x5f, 0xc0, 0x0, 0x0, 0x9, 0xc2, 0x5,
    0xc5, 0x0, 0x0, 0x0, 0x0, 0x0, 0x0, 0x0,
    0xf, 0xff, 0xff, 0xff, 0xff, 0xf9, 0xf, 0xff,
    0xff, 0xff, 0xff, 0xf9, 0xf, 0xfa, 0x66, 0x66,
    0x66, 0x63, 0xf, 0xf7, 0x0, 0x0, 0x0, 0x0,
    0xf, 0xf7, 0x0, 0x0, 0x0, 0x0, 0xf, 0xf7,
    0x0, 0x0, 0x0, 0x0, 0xf, 0xf7, 0x0, 0x0,
    0x0, 0x0, 0xf, 0xff, 0xff, 0xff, 0xff, 0xf5,
    0xf, 0xff, 0xff, 0xff, 0xff, 0xf5, 0xf, 0xfa,
    0x44, 0x44, 0x44, 0x41, 0xf, 0xf7, 0x0, 0x0,
    0x0, 0x0, 0xf, 0xf7, 0x0, 0x0, 0x0, 0x0,
    0xf, 0xf7, 0x0, 0x0, 0x0, 0x0, 0xf, 0xf7,
    0x0, 0x0, 0x0, 0x0, 0xf, 0xfa, 0x55, 0x55,
    0x55, 0x54, 0xf, 0xff, 0xff, 0xff, 0xff, 0xfc,
    0xf, 0xff, 0xff, 0xff, 0xff, 0xfc,

    /* U+1EC5 "ễ" */
    0x0, 0x0, 0xaf, 0xa0, 0x2f, 0x30, 0x0, 0x0,
    0x7f, 0x9f, 0xdb, 0xf0, 0x0, 0x0, 0xa, 0xb0,
    0x3d, 0xe5, 0x0, 0x0, 0x0, 0x0, 0x0, 0x0,
    0x0, 0x0, 0x0, 0x0, 0xc, 0xff, 0x60, 0x0,
    0x0, 0x0, 0x8, 0xfa, 0xef, 0x20, 0x0, 0x0,
    0x3, 0xfb, 0x3, 0xfc, 0x0, 0x0, 0x0, 0x1,
    0x0, 0x0, 0x10, 0x0, 0x0, 0x1, 0x8d, 0xfe,
    0xb4, 0x0, 0x0, 0x3, 0xef, 0xff, 0xff, 0xf7,
    0x0, 0x0, 0xef, 0xe6, 0x34, 0xbf, 0xf4, 0x0,
    0x7f, 0xf2, 0x0, 0x0, 0xcf, 0xc0, 0xc, 0xfa,
    0x0, 0x0, 0x6, 0xff, 0x10, 0xff, 0xfe, 0xee,
    0xee, 0xff, 0xf3, 0xf, 0xff, 0xff, 0xff, 0xff,
    0xff, 0x40, 0xff, 0x90, 0x0, 0x0, 0x0, 0x0,
    0xc, 0xfc, 0x0, 0x0, 0x0, 0x11, 0x0, 0x7f,
    0xf4, 0x0, 0x0, 0xbf, 0xd0, 0x1, 0xef, 0xf7,
    0x34, 0xaf, 0xf5, 0x0, 0x3, 0xef, 0xff, 0xff,
    0xf8, 0x0, 0x0, 0x1, 0x8d, 0xff, 0xb5, 0x0,
    0x0,

    /* U+1EC6 "Ệ" */
    0x0, 0x0, 0x7, 0x86, 0x0, 0x0, 0x0, 0x0,
    0x8f, 0xff, 0x30, 0x0, 0x0, 0x2, 0xfd, 0x3f,
    0xc0, 0x0, 0x0, 0xb, 0xf3, 0x7, 0xf6, 0x0,
    0x0, 0x0, 0x0, 0x0, 0x0, 0x0, 0xf, 0xff,
    0xff, 0xff, 0xff, 0xf9, 0xf, 0xff, 0xff, 0xff,
    0xff, 0xf9, 0xf, 0xfa, 0x66, 0x66, 0x66, 0x63,
    0xf, 0xf7, 0x0, 0x0, 0x0, 0x0, 0xf, 0xf7,
    0x0, 0x0, 0x0, 0x0, 0xf, 0xf7, 0x0, 0x0,
    0x0, 0x0, 0xf, 0xf7, 0x0, 0x0, 0x0, 0x0,
    0xf, 0xfa, 0x44, 0x44, 0x44, 0x41, 0xf, 0xff,
    0xff, 0xff, 0xff, 0xf5, 0xf, 0xff, 0xff, 0xff,
    0xff, 0xf5, 0xf, 0xf7, 0x0, 0x0, 0x0, 0x0,
    0xf, 0xf7, 0x0, 0x0, 0x0, 0x0, 0xf, 0xf7,
    0x0, 0x0, 0x0, 0x0, 0xf, 0xf7, 0x0, 0x0,
    0x0, 0x0, 0xf, 0xfa, 0x55, 0x55, 0x55, 0x54,
    0xf, 0xff, 0xff, 0xff, 0xff, 0xfc, 0xf, 0xff,
    0xff, 0xff, 0xff, 0xfc, 0x0, 0x0, 0x0, 0x0,
    0x0, 0x0, 0x0, 0x0, 0x3, 0x42, 0x0, 0x0,
    0x0, 0x0, 0xc, 0xf8, 0x0, 0x0, 0x0, 0x0,
    0xc, 0xf8, 0x0, 0x0,

    /* U+1EC7 "ệ" */
    0x0, 0x0, 0xd, 0xdf, 0x60, 0x0, 0x0, 0x0,
    0xa, 0xe1, 0x8f, 0x30, 0x0, 0x0, 0x3, 0xb5,
    0x0, 0xa9, 0x0, 0x0, 0x0, 0x0, 0x0, 0x0,
    0x0, 0x0, 0x0, 0x1, 0x8d, 0xfe, 0xa2, 0x0,
    0x0, 0x3, 0xef, 0xff, 0xff, 0xf5, 0x0, 0x0,
    0xef, 0xf7, 0x35, 0xdf, 0xf1, 0x0, 0x7f, 0xf5,
    0x0, 0x1, 0xef, 0x90, 0xc, 0xfd, 0x0, 0x0,
    0x8, 0xfe, 0x0, 0xff, 0x90, 0x0, 0x0, 0x5f,
    0xf2, 0xf, 0xff, 0xff, 0xff, 0xff, 0xff, 0x30,
    0xff, 0xfe, 0xee, 0xee, 0xee, 0xe4, 0xc, 0xfa,
    0x0, 0x0, 0x0, 0x0, 0x0, 0x7f, 0xe1, 0x0,
    0x0, 0x69, 0x90, 0x1, 0xef, 0xd6, 0x33, 0x9f,
    0xf8, 0x0, 0x3, 0xef, 0xff, 0xff, 0xfb, 0x0,
    0x0, 0x1, 0x8d, 0xfe, 0xb5, 0x0, 0x0, 0x0,
    0x0, 0x0, 0x0, 0x0, 0x0, 0x0, 0x0, 0x1,
    0x44, 0x0, 0x0, 0x0, 0x0, 0x0, 0x6f, 0xf0,
    0x0, 0x0, 0x0, 0x0, 0x6, 0xff, 0x0, 0x0,
    0x0,

    /* U+1EC8 "Ỉ" */
    0x37, 0x71, 0x9, 0xff, 0xe0, 0x10, 0xbf, 0x10,
    0xc, 0xd0, 0x3, 0x92, 0x0, 0x0, 0x0, 0xf,
    0xf7, 0x0, 0xff, 0x70, 0xf, 0xf7, 0x0, 0xff,
    0x70, 0xf, 0xf7, 0x0, 0xff, 0x70, 0xf, 0xf7,
    0x0, 0xff, 0x70, 0xf, 0xf7, 0x0, 0xff, 0x70,
    0xf, 0xf7, 0x0, 0xff, 0x70, 0xf, 0xf7, 0x0,
    0xff, 0x70, 0xf, 0xf7, 0x0, 0xff, 0x70, 0xf,
    0xf7, 0x0,

    /* U+1EC9 "ỉ" */
    0xcf, 0xe5, 0x88, 0xfc, 0x0, 0xea, 0x6, 0xb1,
    0x0, 0x0, 0x4f, 0xf2, 0x4f, 0xf2, 0x4f, 0xf2,
    0x4f, 0xf2, 0x4f, 0xf2, 0x4f, 0xf2, 0x4f, 0xf2,
    0x4f, 0xf2, 0x4f, 0xf2, 0x4f, 0xf2, 0x4f, 0xf2,
    0x4f, 0xf2, 0x4f, 0xf2,

    /* U+1ECA "Ị" */
    0xf, 0xf7, 0xf, 0xf7, 0xf, 0xf7, 0xf, 0xf7,
    0xf, 0xf7, 0xf, 0xf7, 0xf, 0xf7, 0xf, 0xf7,
    0xf, 0xf7, 0xf, 0xf7, 0xf, 0xf7, 0xf, 0xf7,
    0xf, 0xf7, 0xf, 0xf7, 0xf, 0xf7, 0xf, 0xf7,
    0xf, 0xf7, 0x0, 0x0, 0x4, 0x41, 0xf, 0xf6,
    0xf, 0xf6,

    /* U+1ECB "ị" */
    0x5f, 0xf3, 0x5f, 0xf3, 0x28, 0x81, 0x0, 0x0,
    0x4f, 0xf2, 0x4f, 0xf2, 0x4f, 0xf2, 0x4f, 0xf2,
    0x4f, 0xf2, 0x4f, 0xf2, 0x4f, 0xf2, 0x4f, 0xf2,
    0x4f, 0xf2, 0x4f, 0xf2, 0x4f, 0xf2, 0x4f, 0xf2,
    0x4f, 0xf2, 0x0, 0x0, 0x4, 0x40, 0x3f, 0xf1,
    0x3f, 0xf1,

    /* U+1ECC "Ọ" */
    0x0, 0x0, 0x6b, 0xef, 0xfc, 0x81, 0x0, 0x0,
    0x0, 0x2d, 0xff, 0xff, 0xff, 0xff, 0x50, 0x0,
    0x2, 0xef, 0xfd, 0x86, 0x7b, 0xff, 0xf5, 0x0,
    0xb, 0xff, 0x70, 0x0, 0x0, 0x4f, 0xfe, 0x10,
    0x3f, 0xfa, 0x0, 0x0, 0x0, 0x5, 0xff, 0x80,
    0x9f, 0xf1, 0x0, 0x0, 0x0, 0x0, 0xdf, 0xd0,
    0xcf, 0xd0, 0x0, 0x0, 0x0, 0x0, 0x8f, 0xf1,
    0xef, 0xa0, 0x0, 0x0, 0x0, 0x0, 0x6f, 0xf2,
    0xff, 0x90, 0x0, 0x0, 0x0, 0x0, 0x5f, 0xf3,
    0xef, 0xa0, 0x0, 0x0, 0x0, 0x0, 0x6f, 0xf2,
    0xcf, 0xc0, 0x0, 0x0, 0x0, 0x0, 0x8f, 0xf1,
    0x9f, 0xf1, 0x0, 0x0, 0x0, 0x0, 0xdf, 0xd0,
    0x4f, 0xf9, 0x0, 0x0, 0x0, 0x5, 0xff, 0x80,
    0xc, 0xff, 0x70, 0x0, 0x0, 0x3e, 0xff, 0x10,
    0x2, 0xff, 0xfd, 0x86, 0x7b, 0xff, 0xf6, 0x0,
    0x0, 0x2d, 0xff, 0xff, 0xff, 0xff, 0x50, 0x0,
    0x0, 0x0, 0x6b, 0xef, 0xfc, 0x81, 0x0, 0x0,
    0x0, 0x0, 0x0, 0x0, 0x0, 0x0, 0x0, 0x0,
    0x0, 0x0, 0x0, 0x24, 0x30, 0x0, 0x0, 0x0,
    0x0, 0x0, 0x0, 0x8f, 0xc0, 0x0, 0x0, 0x0,
    0x0, 0x0, 0x0, 0x8f, 0xc0, 0x0, 0x0, 0x0,

    /* U+1ECD "ọ" */
    0x0, 0x1, 0x8d, 0xfe, 0xb5, 0x0, 0x0, 0x3,
    0xef, 0xff, 0xff, 0xf9, 0x0, 0x0, 0xef, 0xf7,
    0x34, 0xbf, 0xf7, 0x0, 0x7f, 0xf5, 0x0, 0x0,
    0xcf, 0xf0, 0xc, 0xfd, 0x0, 0x0, 0x4, 0xff,
    0x50, 0xff, 0x90, 0x0, 0x0, 0x1f, 0xf7, 0xf,
    0xf8, 0x0, 0x0, 0x0, 0xff, 0x80, 0xff, 0x90,
    0x0, 0x0, 0x1f, 0xf7, 0xc, 0xfd, 0x0, 0x0,
    0x4, 0xff, 0x50, 0x7f, 0xf4, 0x0, 0x0, 0xcf,
    0xf0, 0x1, 0xef, 0xf7, 0x34, 0xbf, 0xf7, 0x0,
    0x3, 0xef, 0xff, 0xff, 0xfa, 0x0, 0x0, 0x1,
    0x8d, 0xfe, 0xb5, 0x0, 0x0, 0x0, 0x0, 0x0,
    0x0, 0x0, 0x0, 0x0, 0x0, 0x1, 0x44, 0x0,
    0x0, 0x0, 0x0, 0x0, 0x6f, 0xf0, 0x0, 0x0,
    0x0, 0x0, 0x6, 0xff, 0x0, 0x0, 0x0,

    /* U+1ECE "Ỏ" */
    0x0, 0x0, 0x2, 0xff, 0xb1, 0x0, 0x0, 0x0,
    0x0, 0x0, 0x2, 0x9b, 0xf6, 0x0, 0x0, 0x0,
    0x0, 0x0, 0x0, 0x3, 0xf7, 0x0, 0x0, 0x0,
    0x0, 0x0, 0x0, 0x7, 0xf3, 0x0, 0x0, 0x0,
    0x0, 0x0, 0x0, 0xb, 0x80, 0x0, 0x0, 0x0,
    0x0, 0x0, 0x0, 0x0, 0x0, 0x0, 0x0, 0x0,
    0x0, 0x0, 0x6b, 0xef, 0xfc, 0x81, 0x0, 0x0,
    0x0, 0x2d, 0xff, 0xff, 0xff, 0xff, 0x50, 0x0,
    0x2, 0xef, 0xfd, 0x86, 0x7b, 0xff, 0xf5, 0x0,
    0xb, 0xff, 0x70, 0x0, 0x0, 0x4f, 0xfe, 0x10,
    0x3f, 0xfa, 0x0, 0x0, 0x0, 0x5, 0xff, 0x80,
    0x9f, 0xf1, 0x0, 0x0, 0x0, 0x0, 0xdf, 0xd0,
    0xcf, 0xd0, 0x0, 0x0, 0x0, 0x0, 0x8f, 0xf1,
    0xef, 0xa0, 0x0, 0x0, 0x0, 0x0, 0x6f, 0xf2,
    0xff, 0x90, 0x0, 0x0, 0x0, 0x0, 0x5f, 0xf3,
    0xef, 0xa0, 0x0, 0x0, 0x0, 0x0, 0x6f, 0xf2,
    0xcf, 0xc0, 0x0, 0x0, 0x0, 0x0, 0x8f, 0xf1,
    0x9f, 0xf1, 0x0, 0x0, 0x0, 0x0, 0xdf, 0xd0,
    0x4f, 0xf9, 0x0, 0x0, 0x0, 0x5, 0xff, 0x80,
    0xc, 0xff, 0x70, 0x0, 0x0, 0x3e, 0xff, 0x10,
    0x2, 0xff, 0xfd, 0x86, 0x7b, 0xff, 0xf6, 0x0,
    0x0, 0x2d, 0xff, 0xff, 0xff, 0xff, 0x50, 0x0,
    0x0, 0x0, 0x6b, 0xef, 0xfc, 0x81, 0x0, 0x0,

    /* U+1ECF "ỏ" */
    0x0, 0x0, 0x6, 0x75, 0x0, 0x0, 0x0, 0x0,
    0x1, 0xff, 0xf6, 0x0, 0x0, 0x0, 0x0, 0x1,
    0x3f, 0xa0, 0x0, 0x0, 0x0, 0x0, 0x3, 0xf7,
    0x0, 0x0, 0x0, 0x0, 0x0, 0xaa, 0x0, 0x0,
    0x0, 0x0, 0x0, 0x0, 0x0, 0x0, 0x0, 0x0,
    0x1, 0x8d, 0xfe, 0xb5, 0x0, 0x0, 0x3, 0xef,
    0xff, 0xff, 0xf9, 0x0, 0x0, 0xef, 0xf7, 0x34,
    0xbf, 0xf7, 0x0, 0x7f, 0xf5, 0x0, 0x0, 0xcf,
    0xf0, 0xc, 0xfd, 0x0, 0x0, 0x4, 0xff, 0x50,
    0xff, 0x90, 0x0, 0x0, 0x1f, 0xf7, 0xf, 0xf8,
    0x0, 0x0, 0x0, 0xff, 0x80, 0xff, 0x90, 0x0,
    0x0, 0x1f, 0xf7, 0xc, 0xfd, 0x0, 0x0, 0x4,
    0xff, 0x50, 0x7f, 0xf4, 0x0, 0x0, 0xcf, 0xf0,
    0x1, 0xef, 0xf7, 0x34, 0xbf, 0xf7, 0x0, 0x3,
    0xef, 0xff, 0xff, 0xfa, 0x0, 0x0, 0x1, 0x8d,
    0xfe, 0xb5, 0x0, 0x0,

    /* U+1ED0 "Ố" */
    0x0, 0x0, 0x0, 0x0, 0x0, 0x3, 0x31, 0x0,
    0x0, 0x0, 0x0, 0x0, 0x0, 0x4f, 0xf1, 0x0,
    0x0, 0x0, 0x0, 0x0, 0x0, 0xaf, 0x70, 0x0,
    0x0, 0x0, 0x0, 0x79, 0x91, 0xfe, 0x0, 0x0,
    0x0, 0x0, 0x4, 0xff, 0xf8, 0x0, 0x0, 0x0,
    0x0, 0x0, 0xd, 0xf2, 0xdf, 0x20, 0x0, 0x0,
    0x0, 0x0, 0x6e, 0x60, 0x3e, 0xa0, 0x0, 0x0,
    0x0, 0x0, 0x0, 0x0, 0x0, 0x0, 0x0, 0x0,
    0x0, 0x0, 0x6b, 0xef, 0xfc, 0x81, 0x0, 0x0,
    0x0, 0x2d, 0xff, 0xff, 0xff, 0xff, 0x50, 0x0,
    0x2, 0xef, 0xfd, 0x86, 0x7b, 0xff, 0xf5, 0x0,
    0xb, 0xff, 0x70, 0x0, 0x0, 0x4f, 0xfe, 0x10,
    0x3f, 0xfa, 0x0, 0x0, 0x0, 0x5, 0xff, 0x80,
    0x9f, 0xf1, 0x0, 0x0, 0x0, 0x0, 0xdf, 0xd0,
    0xcf, 0xd0, 0x0, 0x0, 0x0, 0x0, 0x8f, 0xf1,
    0xef, 0xa0, 0x0, 0x0, 0x0, 0x0, 0x6f, 0xf2,
    0xff, 0x90, 0x0, 0x0, 0x0, 0x0, 0x5f, 0xf3,
    0xef, 0xa0, 0x0, 0x0, 0x0, 0x0, 0x6f, 0xf2,
    0xcf, 0xc0, 0x0, 0x0, 0x0, 0x0, 0x8f, 0xf1,
    0x9f, 0xf1, 0x0, 0x0, 0x0, 0x0, 0xdf, 0xd0,
    0x4f, 0xf9, 0x0, 0x0, 0x0, 0x5, 0xff, 0x80,
    0xc, 0xff, 0x70, 0x0, 0x0, 0x3e, 0xff, 0x10,
    0x2, 0xff, 0xfd, 0x86, 0x7b, 0xff, 0xf6, 0x0,
    0x0, 0x2d, 0xff, 0xff, 0xff, 0xff, 0x50, 0x0,
    0x0, 0x0, 0x6b, 0xef, 0xfc, 0x81, 0x0, 0x0,

    /* U+1ED1 "ố" */
    0x0, 0x0, 0x0, 0x0, 0x1, 0xff, 0x40, 0x0,
    0x0, 0x0, 0x0, 0x6f, 0xb0, 0x0, 0x0, 0x0,
    0x0, 0xc, 0xf3, 0x0, 0x0, 0x0, 0xdf, 0xf6,
    0x33, 0x0, 0x0, 0x0, 0x9f, 0x5c, 0xf2, 0x0,
    0x0, 0x0, 0x3e, 0x80, 0x1d, 0xb0, 0x0, 0x0,
    0x0, 0x0, 0x0, 0x0, 0x0, 0x0, 0x0, 0x18,
    0xdf, 0xeb, 0x50, 0x0, 0x0, 0x3e, 0xff, 0xff,
    0xff, 0x90, 0x0, 0xe, 0xff, 0x73, 0x4b, 0xff,
    0x70, 0x7, 0xff, 0x50, 0x0, 0xc, 0xff, 0x0,
    0xcf, 0xd0, 0x0, 0x0, 0x4f, 0xf5, 0xf, 0xf9,
    0x0, 0x0, 0x1, 0xff, 0x70, 0xff, 0x80, 0x0,
    0x0, 0xf, 0xf8, 0xf, 0xf9, 0x0, 0x0, 0x1,
    0xff, 0x70, 0xcf, 0xd0, 0x0, 0x0, 0x4f, 0xf5,
    0x7, 0xff, 0x40, 0x0, 0xc, 0xff, 0x0, 0x1e,
    0xff, 0x73, 0x4b, 0xff, 0x70, 0x0, 0x3e, 0xff,
    0xff, 0xff, 0xa0, 0x0, 0x0, 0x18, 0xdf, 0xeb,
    0x50, 0x0,

    /* U+1ED2 "Ồ" */
    0x0, 0x0, 0x0, 0x0, 0x2, 0x31, 0x0, 0x0,
    0x0, 0x0, 0x0, 0x0, 0x8, 0xfc, 0x0, 0x0,
    0x0, 0x0, 0x0, 0x0, 0x0, 0xef, 0x20, 0x0,
    0x0, 0x0, 0x0, 0x79, 0x90, 0x6f, 0x80, 0x0,
    0x0, 0x0, 0x4, 0xff, 0xf8, 0x0, 0x0, 0x0,
    0x0, 0x0, 0xd, 0xf2, 0xdf, 0x20, 0x0, 0x0,
    0x0, 0x0, 0x6e, 0x60, 0x3e, 0xa0, 0x0, 0x0,
    0x0, 0x0, 0x0, 0x0, 0x0, 0x0, 0x0, 0x0,
    0x0, 0x0, 0x6b, 0xef, 0xfc, 0x81, 0x0, 0x0,
    0x0, 0x2d, 0xff, 0xff, 0xff, 0xff, 0x50, 0x0,
    0x2, 0xef, 0xfd, 0x86, 0x7b, 0xff, 0xf5, 0x0,
    0xb, 0xff, 0x70, 0x0, 0x0, 0x4f, 0xfe, 0x10,
    0x3f, 0xfa, 0x0, 0x0, 0x0, 0x5, 0xff, 0x80,
    0x9f, 0xf1, 0x0, 0x0, 0x0, 0x0, 0xdf, 0xd0,
    0xcf, 0xd0, 0x0, 0x0, 0x0, 0x0, 0x8f, 0xf1,
    0xef, 0xa0, 0x0, 0x0, 0x0, 0x0, 0x6f, 0xf2,
    0xff, 0x90, 0x0, 0x0, 0x0, 0x0, 0x5f, 0xf3,
    0xef, 0xa0, 0x0, 0x0, 0x0, 0x0, 0x6f, 0xf2,
    0xcf, 0xc0, 0x0, 0x0, 0x0, 0x0, 0x8f, 0xf1,
    0x9f, 0xf1, 0x0, 0x0, 0x0, 0x0, 0xdf, 0xd0,
    0x4f, 0xf9, 0x0, 0x0, 0x0, 0x5, 0xff, 0x80,
    0xc, 0xff, 0x70, 0x0, 0x0, 0x3e, 0xff, 0x10,
    0x2, 0xff, 0xfd, 0x86, 0x7b, 0xff, 0xf6, 0x0,
    0x0, 0x2d, 0xff, 0xff, 0xff, 0xff, 0x50, 0x0,
    0x0, 0x0, 0x6b, 0xef, 0xfc, 0x81, 0x0, 0x0,

    /* U+1ED3 "ồ" */
    0x0, 0x0, 0x0, 0x0, 0x7f, 0xd0, 0x0, 0x0,
    0x0, 0x0, 0x0, 0xef, 0x30, 0x0, 0x0, 0x0,
    0x0, 0x6, 0xf9, 0x0, 0x0, 0x0, 0xdf, 0xf6,
    0x3, 0x30, 0x0, 0x0, 0x9f, 0x5c, 0xf2, 0x0,
    0x0, 0x0, 0x3e, 0x80, 0x1d, 0xb0, 0x0, 0x0,
    0x0, 0x0, 0x0, 0x0, 0x0, 0x0, 0x0, 0x18,
    0xdf, 0xeb, 0x50, 0x0, 0x0, 0x3e, 0xff, 0xff,
    0xff, 0x90, 0x0, 0xe, 0xff, 0x73, 0x4b, 0xff,
    0x70, 0x7, 0xff, 0x50, 0x0, 0xc, 0xff, 0x0,
    0xcf, 0xd0, 0x0, 0x0, 0x4f, 0xf5, 0xf, 0xf9,
    0x0, 0x0, 0x1, 0xff, 0x70, 0xff, 0x80, 0x0,
    0x0, 0xf, 0xf8, 0xf, 0xf9, 0x0, 0x0, 0x1,
    0xff, 0x70, 0xcf, 0xd0, 0x0, 0x0, 0x4f, 0xf5,
    0x7, 0xff, 0x40, 0x0, 0xc, 0xff, 0x0, 0x1e,
    0xff, 0x73, 0x4b, 0xff, 0x70, 0x0, 0x3e, 0xff,
    0xff, 0xff, 0xa0, 0x0, 0x0, 0x18, 0xdf, 0xeb,
    0x50, 0x0,

    /* U+1ED4 "Ổ" */
    0x0, 0x0, 0x0, 0x0, 0x0, 0x0, 0x0, 0x0,
    0x0, 0x0, 0x0, 0x0, 0x3f, 0xfb, 0x0, 0x0,
    0x0, 0x0, 0x0, 0x0, 0x15, 0xaf, 0x10, 0x0,
    0x0, 0x0, 0x0, 0x0, 0x0, 0x7f, 0x10, 0x0,
    0x0, 0x0, 0x0, 0xad, 0xc2, 0xd9, 0x0, 0x0,
    0x0, 0x0, 0x5, 0xff, 0xfa, 0x10, 0x0, 0x0,
    0x0, 0x0, 0xe, 0xf2, 0xcf, 0x30, 0x0, 0x0,
    0x0, 0x0, 0x6e, 0x60, 0x2e, 0xa0, 0x0, 0x0,
    0x0, 0x0, 0x0, 0x0, 0x0, 0x0, 0x0, 0x0,
    0x0, 0x0, 0x6b, 0xef, 0xfc, 0x81, 0x0, 0x0,
    0x0, 0x2d, 0xff, 0xff, 0xff, 0xff, 0x50, 0x0,
    0x2, 0xef, 0xfd, 0x86, 0x7b, 0xff, 0xf5, 0x0,
    0xb, 0xff, 0x70, 0x0, 0x0, 0x4f, 0xfe, 0x10,
    0x3f, 0xfa, 0x0, 0x0, 0x0, 0x5, 0xff, 0x80,
    0x9f, 0xf1, 0x0, 0x0, 0x0, 0x0, 0xdf, 0xd0,
    0xcf, 0xd0, 0x0, 0x0, 0x0, 0x0, 0x8f, 0xf1,
    0xef, 0xa0, 0x0, 0x0, 0x0, 0x0, 0x6f, 0xf2,
    0xff, 0x90, 0x0, 0x0, 0x0, 0x0, 0x5f, 0xf3,
    0xef, 0xa0, 0x0, 0x0, 0x0, 0x0, 0x6f, 0xf2,
    0xcf, 0xc0, 0x0, 0x0, 0x0, 0x0, 0x8f, 0xf1,
    0x9f, 0xf1, 0x0, 0x0, 0x0, 0x0, 0xdf, 0xd0,
    0x4f, 0xf9, 0x0, 0x0, 0x0, 0x5, 0xff, 0x80,
    0xc, 0xff, 0x70, 0x0, 0x0, 0x3e, 0xff, 0x10,
    0x2, 0xff, 0xfd, 0x86, 0x7b, 0xff, 0xf6, 0x0,
    0x0, 0x2d, 0xff, 0xff, 0xff, 0xff, 0x50, 0x0,
    0x0, 0x0, 0x6b, 0xef, 0xfc, 0x81, 0x0, 0x0,

    /* U+1ED5 "ổ" */
    0x0, 0x0, 0x0, 0x0, 0x0, 0x0, 0x0, 0x0,
    0x0, 0x0, 0xf, 0xfc, 0x0, 0x0, 0x0, 0x0,
    0x0, 0x59, 0xf4, 0x0, 0x0, 0x0, 0x0, 0x0,
    0x5f, 0x20, 0x0, 0x0, 0xc, 0xff, 0x69, 0x60,
    0x0, 0x0, 0x8, 0xfa, 0xef, 0x20, 0x0, 0x0,
    0x3, 0xfb, 0x3, 0xfc, 0x0, 0x0, 0x0, 0x0,
    0x0, 0x0, 0x0, 0x0, 0x0, 0x1, 0x8d, 0xfe,
    0xb5, 0x0, 0x0, 0x3, 0xef, 0xff, 0xff, 0xf9,
    0x0, 0x0, 0xef, 0xf7, 0x34, 0xbf, 0xf7, 0x0,
    0x7f, 0xf5, 0x0, 0x0, 0xcf, 0xf0, 0xc, 0xfd,
    0x0, 0x0, 0x4, 0xff, 0x50, 0xff, 0x90, 0x0,
    0x0, 0x1f, 0xf7, 0xf, 0xf8, 0x0, 0x0, 0x0,
    0xff, 0x80, 0xff, 0x90, 0x0, 0x0, 0x1f, 0xf7,
    0xc, 0xfd, 0x0, 0x0, 0x4, 0xff, 0x50, 0x7f,
    0xf4, 0x0, 0x0, 0xcf, 0xf0, 0x1, 0xef, 0xf7,
    0x34, 0xbf, 0xf7, 0x0, 0x3, 0xef, 0xff, 0xff,
    0xfa, 0x0, 0x0, 0x1, 0x8d, 0xfe, 0xb5, 0x0,
    0x0,

    /* U+1ED6 "Ỗ" */
    0x0, 0x0, 0x2c, 0xfb, 0x25, 0xf1, 0x0, 0x0,
    0x0, 0x0, 0xae, 0x9f, 0xff, 0xb0, 0x0, 0x0,
    0x0, 0x0, 0x74, 0x1, 0x76, 0x0, 0x0, 0x0,
    0x0, 0x0, 0x0, 0x68, 0x80, 0x0, 0x0, 0x0,
    0x0, 0x0, 0x3, 0xff, 0xf8, 0x0, 0x0, 0x0,
    0x0, 0x0, 0xd, 0xf4, 0xdf, 0x20, 0x0, 0x0,
    0x0, 0x0, 0x6f, 0x70, 0x3f, 0xb0, 0x0, 0x0,
    0x0, 0x0, 0x0, 0x0, 0x0, 0x0, 0x0, 0x0,
    0x0, 0x0, 0x6b, 0xef, 0xfc, 0x81, 0x0, 0x0,
    0x0, 0x2d, 0xff, 0xff, 0xff, 0xff, 0x50, 0x0,
    0x2, 0xef, 0xfd, 0x86, 0x7b, 0xff, 0xf5, 0x0,
    0xb, 0xff, 0x70, 0x0, 0x0, 0x4f, 0xfe, 0x10,
    0x3f, 0xfa, 0x0, 0x0, 0x0, 0x5, 0xff, 0x80,
    0x9f, 0xf1, 0x0, 0x0, 0x0, 0x0, 0xdf, 0xd0,
    0xcf, 0xd0, 0x0, 0x0, 0x0, 0x0, 0x8f, 0xf1,
    0xef, 0xa0, 0x0, 0x0, 0x0, 0x0, 0x6f, 0xf2,
    0xff, 0x90, 0x0, 0x0, 0x0, 0x0, 0x5f, 0xf3,
    0xef, 0xa0, 0x0, 0x0, 0x0, 0x0, 0x6f, 0xf2,
    0xcf, 0xc0, 0x0, 0x0, 0x0, 0x0, 0x8f, 0xf1,
    0x9f, 0xf1, 0x0, 0x0, 0x0, 0x0, 0xdf, 0xd0,
    0x4f, 0xf9, 0x0, 0x0, 0x0, 0x5, 0xff, 0x80,
    0xc, 0xff, 0x70, 0x0, 0x0, 0x3e, 0xff, 0x10,
    0x2, 0xff, 0xfd, 0x86, 0x7b, 0xff, 0xf6, 0x0,
    0x0, 0x2d, 0xff, 0xff, 0xff, 0xff, 0x50, 0x0,
    0x0, 0x0, 0x6b, 0xef, 0xfc, 0x81, 0x0, 0x0,

    /* U+1ED7 "ỗ" */
    0x0, 0x0, 0xaf, 0xa0, 0x2f, 0x30, 0x0, 0x0,
    0x7f, 0x9f, 0xdb, 0xf0, 0x0, 0x0, 0xa, 0xb0,
    0x3d, 0xe5, 0x0, 0x0, 0x0, 0x0, 0x0, 0x0,
    0x0, 0x0, 0x0, 0x0, 0xc, 0xff, 0x60, 0x0,
    0x0, 0x0, 0x8, 0xfa, 0xef, 0x20, 0x0, 0x0,
    0x3, 0xfb, 0x3, 0xfc, 0x0, 0x0, 0x0, 0x0,
    0x0, 0x0, 0x0, 0x0, 0x0, 0x1, 0x8d, 0xfe,
    0xb5, 0x0, 0x0, 0x3, 0xef, 0xff, 0xff, 0xf9,
    0x0, 0x0, 0xef, 0xf7, 0x34, 0xbf, 0xf7, 0x0,
    0x7f, 0xf5, 0x0, 0x0, 0xcf, 0xf0, 0xc, 0xfd,
    0x0, 0x0, 0x4, 0xff, 0x50, 0xff, 0x90, 0x0,
    0x0, 0x1f, 0xf7, 0xf, 0xf8, 0x0, 0x0, 0x0,
    0xff, 0x80, 0xff, 0x90, 0x0, 0x0, 0x1f, 0xf7,
    0xc, 0xfd, 0x0, 0x0, 0x4, 0xff, 0x50, 0x7f,
    0xf4, 0x0, 0x0, 0xcf, 0xf0, 0x1, 0xef, 0xf7,
    0x34, 0xbf, 0xf7, 0x0, 0x3, 0xef, 0xff, 0xff,
    0xfa, 0x0, 0x0, 0x1, 0x8d, 0xfe, 0xb5, 0x0,
    0x0,

    /* U+1ED8 "Ộ" */
    0x0, 0x0, 0x0, 0x68, 0x70, 0x0, 0x0, 0x0,
    0x0, 0x0, 0x3, 0xff, 0xf7, 0x0, 0x0, 0x0,
    0x0, 0x0, 0xd, 0xf3, 0xdf, 0x20, 0x0, 0x0,
    0x0, 0x0, 0x7f, 0x70, 0x3f, 0xb0, 0x0, 0x0,
    0x0, 0x0, 0x0, 0x0, 0x0, 0x0, 0x0, 0x0,
    0x0, 0x0, 0x6b, 0xef, 0xfc, 0x81, 0x0, 0x0,
    0x0, 0x2d, 0xff, 0xff, 0xff, 0xff, 0x50, 0x0,
    0x2, 0xef, 0xfd, 0x86, 0x7b, 0xff, 0xf5, 0x0,
    0xb, 0xff, 0x70, 0x0, 0x0, 0x4f, 0xfe, 0x10,
    0x3f, 0xfa, 0x0, 0x0, 0x0, 0x5, 0xff, 0x80,
    0x9f, 0xf1, 0x0, 0x0, 0x0, 0x0, 0xdf, 0xd0,
    0xcf, 0xd0, 0x0, 0x0, 0x0, 0x0, 0x8f, 0xf1,
    0xef, 0xa0, 0x0, 0x0, 0x0, 0x0, 0x6f, 0xf2,
    0xff, 0x90, 0x0, 0x0, 0x0, 0x0, 0x5f, 0xf3,
    0xef, 0xa0, 0x0, 0x0, 0x0, 0x0, 0x6f, 0xf2,
    0xcf, 0xc0, 0x0, 0x0, 0x0, 0x0, 0x8f, 0xf1,
    0x9f, 0xf1, 0x0, 0x0, 0x0, 0x0, 0xdf, 0xd0,
    0x4f, 0xf9, 0x0, 0x0, 0x0, 0x5, 0xff, 0x80,
    0xc, 0xff, 0x70, 0x0, 0x0, 0x3e, 0xff, 0x10,
    0x2, 0xff, 0xfd, 0x86, 0x7b, 0xff, 0xf6, 0x0,
    0x0, 0x2d, 0xff, 0xff, 0xff, 0xff, 0x50, 0x0,
    0x0, 0x0, 0x6b, 0xef, 0xfc, 0x81, 0x0, 0x0,
    0x0, 0x0, 0x0, 0x0, 0x0, 0x0, 0x0, 0x0,
    0x0, 0x0, 0x0, 0x24, 0x30, 0x0, 0x0, 0x0,
    0x0, 0x0, 0x0, 0x8f, 0xc0, 0x0, 0x0, 0x0,
    0x0, 0x0, 0x0, 0x8f, 0xc0, 0x0, 0x0, 0x0,

    /* U+1ED9 "ộ" */
    0x0, 0x0, 0xd, 0xdf, 0x60, 0x0, 0x0, 0x0,
    0xb, 0xe1, 0x7f, 0x30, 0x0, 0x0, 0x3, 0xa5,
    0x0, 0x99, 0x0, 0x0, 0x0, 0x0, 0x0, 0x0,
    0x0, 0x0, 0x0, 0x1, 0x8d, 0xfe, 0xb5, 0x0,
    0x0, 0x3, 0xef, 0xff, 0xff, 0xf9, 0x0, 0x0,
    0xef, 0xf7, 0x34, 0xbf, 0xf7, 0x0, 0x7f, 0xf5,
    0x0, 0x0, 0xcf, 0xf0, 0xc, 0xfd, 0x0, 0x0,
    0x4, 0xff, 0x50, 0xff, 0x90, 0x0, 0x0, 0x1f,
    0xf7, 0xf, 0xf8, 0x0, 0x0, 0x0, 0xff, 0x80,
    0xff, 0x90, 0x0, 0x0, 0x1f, 0xf7, 0xc, 0xfd,
    0x0, 0x0, 0x4, 0xff, 0x50, 0x7f, 0xf4, 0x0,
    0x0, 0xcf, 0xf0, 0x1, 0xef, 0xf7, 0x34, 0xbf,
    0xf7, 0x0, 0x3, 0xef, 0xff, 0xff, 0xfa, 0x0,
    0x0, 0x1, 0x8d, 0xfe, 0xb5, 0x0, 0x0, 0x0,
    0x0, 0x0, 0x0, 0x0, 0x0, 0x0, 0x0, 0x1,
    0x44, 0x0, 0x0, 0x0, 0x0, 0x0, 0x6f, 0xf0,
    0x0, 0x0, 0x0, 0x0, 0x6, 0xff, 0x0, 0x0,
    0x0,

    /* U+1EDA "Ớ" */
    0x0, 0x0, 0x0, 0x3, 0xff, 0x30, 0x0, 0x0,
    0x0, 0x0, 0x0, 0xa, 0xf9, 0x0, 0xab, 0x10,
    0x0, 0x0, 0x0, 0x2f, 0xe0, 0x0, 0xcf, 0x30,
    0x0, 0x0, 0x0, 0x13, 0x10, 0x0, 0xbf, 0x50,
    0x0, 0x0, 0x0, 0x0, 0x0, 0x1, 0xef, 0x20,
    0x0, 0x0, 0x6b, 0xef, 0xfd, 0xff, 0xf9, 0x0,
    0x0, 0x2d, 0xff, 0xff, 0xff, 0xff, 0x70, 0x0,
    0x2, 0xef, 0xfd, 0x86, 0x7b, 0xff, 0xf5, 0x0,
    0xb, 0xff, 0x70, 0x0, 0x0, 0x4f, 0xfe, 0x10,
    0x3f, 0xfa, 0x0, 0x0, 0x0, 0x5, 0xff, 0x80,
    0x9f, 0xf1, 0x0, 0x0, 0x0, 0x0, 0xdf, 0xd0,
    0xcf, 0xd0, 0x0, 0x0, 0x0, 0x0, 0x8f, 0xf1,
    0xef, 0xa0, 0x0, 0x0, 0x0, 0x0, 0x6f, 0xf2,
    0xff, 0x90, 0x0, 0x0, 0x0, 0x0, 0x5f, 0xf3,
    0xef, 0xa0, 0x0, 0x0, 0x0, 0x0, 0x6f, 0xf2,
    0xcf, 0xc0, 0x0, 0x0, 0x0, 0x0, 0x8f, 0xf1,
    0x9f, 0xf1, 0x0, 0x0, 0x0, 0x0, 0xdf, 0xd0,
    0x4f, 0xf9, 0x0, 0x0, 0x0, 0x5, 0xff, 0x80,
    0xc, 0xff, 0x70, 0x0, 0x0, 0x3e, 0xff, 0x10,
    0x2, 0xff, 0xfd, 0x86, 0x7b, 0xff, 0xf6, 0x0,
    0x0, 0x2d, 0xff, 0xff, 0xff, 0xff, 0x50, 0x0,
    0x0, 0x0, 0x6b, 0xef, 0xfc, 0x81, 0x0, 0x0,

    /* U+1EDB "ớ" */
    0x0, 0x0, 0x0, 0x5f, 0xf2, 0x0, 0x0, 0x0,
    0x0, 0xd, 0xf7, 0x6, 0xb5, 0x0, 0x0, 0x4,
    0xfc, 0x0, 0x6f, 0x90, 0x0, 0x0, 0x13, 0x10,
    0x8, 0xf9, 0x0, 0x1, 0x8d, 0xfe, 0xff, 0xfe,
    0x20, 0x3, 0xef, 0xff, 0xff, 0xfd, 0x0, 0x0,
    0xef, 0xf7, 0x34, 0xbf, 0xf7, 0x0, 0x7f, 0xf5,
    0x0, 0x0, 0xcf, 0xf0, 0xc, 0xfd, 0x0, 0x0,
    0x4, 0xff, 0x50, 0xff, 0x90, 0x0, 0x0, 0x1f,
    0xf7, 0xf, 0xf8, 0x0, 0x0, 0x0, 0xff, 0x80,
    0xff, 0x90, 0x0, 0x0, 0x1f, 0xf7, 0xc, 0xfd,
    0x0, 0x0, 0x4, 0xff, 0x50, 0x7f, 0xf4, 0x0,
    0x0, 0xcf, 0xf0, 0x1, 0xef, 0xf7, 0x34, 0xbf,
    0xf7, 0x0, 0x3, 0xef, 0xff, 0xff, 0xfa, 0x0,
    0x0, 0x1, 0x8d, 0xfe, 0xb5, 0x0, 0x0,

    /* U+1EDC "Ờ" */
    0x0, 0x0, 0xe, 0xf8, 0x0, 0x0, 0x0, 0x0,
    0x0, 0x0, 0x4, 0xfe, 0x0, 0x0, 0xab, 0x10,
    0x0, 0x0, 0x0, 0xaf, 0x60, 0x0, 0xcf, 0x30,
    0x0, 0x0, 0x0, 0x3, 0x20, 0x0, 0xbf, 0x50,
    0x0, 0x0, 0x0, 0x0, 0x0, 0x1, 0xef, 0x20,
    0x0, 0x0, 0x6b, 0xef, 0xfd, 0xff, 0xf9, 0x0,
    0x0, 0x2d, 0xff, 0xff, 0xff, 0xff, 0x70, 0x0,
    0x2, 0xef, 0xfd, 0x86, 0x7b, 0xff, 0xf5, 0x0,
    0xb, 0xff, 0x70, 0x0, 0x0, 0x4f, 0xfe, 0x10,
    0x3f, 0xfa, 0x0, 0x0, 0x0, 0x5, 0xff, 0x80,
    0x9f, 0xf1, 0x0, 0x0, 0x0, 0x0, 0xdf, 0xd0,
    0xcf, 0xd0, 0x0, 0x0, 0x0, 0x0, 0x8f, 0xf1,
    0xef, 0xa0, 0x0, 0x0, 0x0, 0x0, 0x6f, 0xf2,
    0xff, 0x90, 0x0, 0x0, 0x0, 0x0, 0x5f, 0xf3,
    0xef, 0xa0, 0x0, 0x0, 0x0, 0x0, 0x6f, 0xf2,
    0xcf, 0xc0, 0x0, 0x0, 0x0, 0x0, 0x8f, 0xf1,
    0x9f, 0xf1, 0x0, 0x0, 0x0, 0x0, 0xdf, 0xd0,
    0x4f, 0xf9, 0x0, 0x0, 0x0, 0x5, 0xff, 0x80,
    0xc, 0xff, 0x70, 0x0, 0x0, 0x3e, 0xff, 0x10,
    0x2, 0xff, 0xfd, 0x86, 0x7b, 0xff, 0xf6, 0x0,
    0x0, 0x2d, 0xff, 0xff, 0xff, 0xff, 0x50, 0x0,
    0x0, 0x0, 0x6b, 0xef, 0xfc, 0x81, 0x0, 0x0,

    /* U+1EDD "ờ" */
    0x0, 0x2, 0xff, 0x50, 0x0, 0x0, 0x0, 0x0,
    0x7, 0xfd, 0x0, 0x6, 0xb5, 0x0, 0x0, 0xc,
    0xf4, 0x0, 0x6f, 0x90, 0x0, 0x0, 0x13, 0x10,
    0x8, 0xf9, 0x0, 0x1, 0x8d, 0xfe, 0xff, 0xfe,
    0x20, 0x3, 0xef, 0xff, 0xff, 0xfd, 0x0, 0x0,
    0xef, 0xf7, 0x34, 0xbf, 0xf7, 0x0, 0x7f, 0xf5,
    0x0, 0x0, 0xcf, 0xf0, 0xc, 0xfd, 0x0, 0x0,
    0x4, 0xff, 0x50, 0xff, 0x90, 0x0, 0x0, 0x1f,
    0xf7, 0xf, 0xf8, 0x0, 0x0, 0x0, 0xff, 0x80,
    0xff, 0x90, 0x0, 0x0, 0x1f, 0xf7, 0xc, 0xfd,
    0x0, 0x0, 0x4, 0xff, 0x50, 0x7f, 0xf4, 0x0,
    0x0, 0xcf, 0xf0, 0x1, 0xef, 0xf7, 0x34, 0xbf,
    0xf7, 0x0, 0x3, 0xef, 0xff, 0xff, 0xfa, 0x0,
    0x0, 0x1, 0x8d, 0xfe, 0xb5, 0x0, 0x0,

    /* U+1EDE "Ở" */
    0x0, 0x0, 0x2, 0xff, 0xb1, 0x0, 0x0, 0x0,
    0x0, 0x0, 0x2, 0x9b, 0xf6, 0x0, 0x0, 0x0,
    0x0, 0x0, 0x0, 0x3, 0xf7, 0x0, 0xde, 0x10,
    0x0, 0x0, 0x0, 0x7, 0xf3, 0x0, 0xcf, 0x40,
    0x0, 0x0, 0x0, 0xb, 0x80, 0x0, 0xbf, 0x40,
    0x0, 0x0, 0x0, 0x0, 0x0, 0x1, 0xef, 0x20,
    0x0, 0x0, 0x6b, 0xef, 0xfd, 0xff, 0xf9, 0x0,
    0x0, 0x2d, 0xff, 0xff, 0xff, 0xff, 0x70, 0x0,
    0x2, 0xef, 0xfd, 0x86, 0x7b, 0xff, 0xf5, 0x0,
    0xb, 0xff, 0x70, 0x0, 0x0, 0x4f, 0xfe, 0x10,
    0x3f, 0xfa, 0x0, 0x0, 0x0, 0x5, 0xff, 0x80,
    0x9f, 0xf1, 0x0, 0x0, 0x0, 0x0, 0xdf, 0xd0,
    0xcf, 0xd0, 0x0, 0x0, 0x0, 0x0, 0x8f, 0xf1,
    0xef, 0xa0, 0x0, 0x0, 0x0, 0x0, 0x6f, 0xf2,
    0xff, 0x90, 0x0, 0x0, 0x0, 0x0, 0x5f, 0xf3,
    0xef, 0xa0, 0x0, 0x0, 0x0, 0x0, 0x6f, 0xf2,
    0xcf, 0xc0, 0x0, 0x0, 0x0, 0x0, 0x8f, 0xf1,
    0x9f, 0xf1, 0x0, 0x0, 0x0, 0x0, 0xdf, 0xd0,
    0x4f, 0xf9, 0x0, 0x0, 0x0, 0x5, 0xff, 0x80,
    0xc, 0xff, 0x70, 0x0, 0x0, 0x3e, 0xff, 0x10,
    0x2, 0xff, 0xfd, 0x86, 0x7b, 0xff, 0xf6, 0x0,
    0x0, 0x2d, 0xff, 0xff, 0xff, 0xff, 0x50, 0x0,
    0x0, 0x0, 0x6b, 0xef, 0xfc, 0x81, 0x0, 0x0,

    /* U+1EDF "ở" */
    0x0, 0x0, 0x17, 0x73, 0x0, 0x0, 0x0, 0x0,
    0x5, 0xff, 0xf2, 0x0, 0x0, 0x0, 0x0, 0x0,
    0x7f, 0x50, 0x47, 0x30, 0x0, 0x0, 0x7, 0xf2,
    0x7, 0xf8, 0x0, 0x0, 0x1, 0xc7, 0x0, 0x6f,
    0xa0, 0x0, 0x0, 0x0, 0x0, 0x9, 0xf8, 0x0,
    0x1, 0x8d, 0xfe, 0xff, 0xfd, 0x10, 0x3, 0xef,
    0xff, 0xff, 0xfc, 0x0, 0x0, 0xef, 0xf7, 0x34,
    0xbf, 0xf7, 0x0, 0x7f, 0xf5, 0x0, 0x0, 0xcf,
    0xf0, 0xc, 0xfd, 0x0, 0x0, 0x4, 0xff, 0x50,
    0xff, 0x90, 0x0, 0x0, 0x1f, 0xf7, 0xf, 0xf8,
    0x0, 0x0, 0x0, 0xff, 0x80, 0xff, 0x90, 0x0,
    0x0, 0x1f, 0xf7, 0xc, 0xfd, 0x0, 0x0, 0x4,
    0xff, 0x50, 0x7f, 0xf4, 0x0, 0x0, 0xcf, 0xf0,
    0x1, 0xef, 0xf7, 0x34, 0xbf, 0xf7, 0x0, 0x3,
    0xef, 0xff, 0xff, 0xfa, 0x0, 0x0, 0x1, 0x8d,
    0xfe, 0xb5, 0x0, 0x0,

    /* U+1EE0 "Ỡ" */
    0x0, 0x0, 0x3d, 0xe8, 0x1, 0xf4, 0x0, 0x0,
    0x0, 0x0, 0xce, 0xbf, 0xdd, 0xf0, 0x9a, 0x10,
    0x0, 0x0, 0xf5, 0x6, 0xee, 0x50, 0xcf, 0x30,
    0x0, 0x0, 0x0, 0x0, 0x0, 0x0, 0xbf, 0x50,
    0x0, 0x0, 0x0, 0x0, 0x0, 0x1, 0xdf, 0x30,
    0x0, 0x0, 0x6b, 0xef, 0xfd, 0xff, 0xf9, 0x0,
    0x0, 0x2d, 0xff, 0xff, 0xff, 0xff, 0x70, 0x0,
    0x2, 0xef, 0xfd, 0x86, 0x7b, 0xff, 0xf5, 0x0,
    0xb, 0xff, 0x70, 0x0, 0x0, 0x4f, 0xfe, 0x10,
    0x3f, 0xfa, 0x0, 0x0, 0x0, 0x5, 0xff, 0x80,
    0x9f, 0xf1, 0x0, 0x0, 0x0, 0x0, 0xdf, 0xd0,
    0xcf, 0xd0, 0x0, 0x0, 0x0, 0x0, 0x8f, 0xf1,
    0xef, 0xa0, 0x0, 0x0, 0x0, 0x0, 0x6f, 0xf2,
    0xff, 0x90, 0x0, 0x0, 0x0, 0x0, 0x5f, 0xf3,
    0xef, 0xa0, 0x0, 0x0, 0x0, 0x0, 0x6f, 0xf2,
    0xcf, 0xc0, 0x0, 0x0, 0x0, 0x0, 0x8f, 0xf1,
    0x9f, 0xf1, 0x0, 0x0, 0x0, 0x0, 0xdf, 0xd0,
    0x4f, 0xf9, 0x0, 0x0, 0x0, 0x5, 0xff, 0x80,
    0xc, 0xff, 0x70, 0x0, 0x0, 0x3e, 0xff, 0x10,
    0x2, 0xff, 0xfd, 0x86, 0x7b, 0xff, 0xf6, 0x0,
    0x0, 0x2d, 0xff, 0xff, 0xff, 0xff, 0x50, 0x0,
    0x0, 0x0, 0x6b, 0xef, 0xfc, 0x81, 0x0, 0x0,

    /* U+1EE1 "ỡ" */
    0x0, 0x7, 0xef, 0xdb, 0xcf, 0x7a, 0x40, 0x2,
    0xfb, 0xad, 0xfe, 0x67, 0xf9, 0x0, 0x0, 0x0,
    0x0, 0x0, 0x5f, 0xa0, 0x0, 0x0, 0x0, 0x0,
    0x9, 0xf8, 0x0, 0x1, 0x8d, 0xfe, 0xff, 0xfd,
    0x10, 0x3, 0xef, 0xff, 0xff, 0xfc, 0x0, 0x0,
    0xef, 0xf7, 0x34, 0xbf, 0xf7, 0x0, 0x7f, 0xf5,
    0x0, 0x0, 0xcf, 0xf0, 0xc, 0xfd, 0x0, 0x0,
    0x4, 0xff, 0x50, 0xff, 0x90, 0x0, 0x0, 0x1f,
    0xf7, 0xf, 0xf8, 0x0, 0x0, 0x0, 0xff, 0x80,
    0xff, 0x90, 0x0, 0x0, 0x1f, 0xf7, 0xc, 0xfd,
    0x0, 0x0, 0x4, 0xff, 0x50, 0x7f, 0xf4, 0x0,
    0x0, 0xcf, 0xf0, 0x1, 0xef, 0xf7, 0x34, 0xbf,
    0xf7, 0x0, 0x3, 0xef, 0xff, 0xff, 0xfa, 0x0,
    0x0, 0x1, 0x8d, 0xfe, 0xb5, 0x0, 0x0,

    /* U+1EE2 "Ợ" */
    0x0, 0x0, 0x0, 0x0, 0x0, 0x0, 0xef, 0x20,
    0x0, 0x0, 0x0, 0x0, 0x0, 0x0, 0xbf, 0x40,
    0x0, 0x0, 0x0, 0x0, 0x0, 0x1, 0xdf, 0x30,
    0x0, 0x0, 0x6b, 0xef, 0xfd, 0xff, 0xfb, 0x0,
    0x0, 0x2d, 0xff, 0xff, 0xff, 0xff, 0x70, 0x0,
    0x2, 0xef, 0xfd, 0x86, 0x7b, 0xff, 0xf5, 0x0,
    0xb, 0xff, 0x70, 0x0, 0x0, 0x4f, 0xfe, 0x10,
    0x3f, 0xfa, 0x0, 0x0, 0x0, 0x5, 0xff, 0x80,
    0x9f, 0xf1, 0x0, 0x0, 0x0, 0x0, 0xdf, 0xd0,
    0xcf, 0xd0, 0x0, 0x0, 0x0, 0x0, 0x8f, 0xf1,
    0xef, 0xa0, 0x0, 0x0, 0x0, 0x0, 0x6f, 0xf2,
    0xff, 0x90, 0x0, 0x0, 0x0, 0x0, 0x5f, 0xf3,
    0xef, 0xa0, 0x0, 0x0, 0x0, 0x0, 0x6f, 0xf2,
    0xcf, 0xc0, 0x0, 0x0, 0x0, 0x0, 0x8f, 0xf1,
    0x9f, 0xf1, 0x0, 0x0, 0x0, 0x0, 0xdf, 0xd0,
    0x4f, 0xf9, 0x0, 0x0, 0x0, 0x5, 0xff, 0x80,
    0xc, 0xff, 0x70, 0x0, 0x0, 0x3e, 0xff, 0x10,
    0x2, 0xff, 0xfd, 0x86, 0x7b, 0xff, 0xf6, 0x0,
    0x0, 0x2d, 0xff, 0xff, 0xff, 0xff, 0x50, 0x0,
    0x0, 0x0, 0x6b, 0xef, 0xfc, 0x81, 0x0, 0x0,
    0x0, 0x0, 0x0, 0x0, 0x0, 0x0, 0x0, 0x0,
    0x0, 0x0, 0x0, 0x24, 0x30, 0x0, 0x0, 0x0,
    0x0, 0x0, 0x0, 0x8f, 0xc0, 0x0, 0x0, 0x0,
    0x0, 0x0, 0x0, 0x8f, 0xc0, 0x0, 0x0, 0x0,

    /* U+1EE3 "ợ" */
    0x0, 0x0, 0x0, 0x0, 0x0, 0x8f, 0x70, 0x0,
    0x0, 0x0, 0x0, 0x6, 0xf9, 0x0, 0x0, 0x0,
    0x0, 0x0, 0x9f, 0x90, 0x0, 0x18, 0xdf, 0xef,
    0xff, 0xe2, 0x0, 0x3e, 0xff, 0xff, 0xff, 0xc0,
    0x0, 0xe, 0xff, 0x73, 0x4b, 0xff, 0x70, 0x7,
    0xff, 0x50, 0x0, 0xc, 0xff, 0x0, 0xcf, 0xd0,
    0x0, 0x0, 0x4f, 0xf5, 0xf, 0xf9, 0x0, 0x0,
    0x1, 0xff, 0x70, 0xff, 0x80, 0x0, 0x0, 0xf,
    0xf8, 0xf, 0xf9, 0x0, 0x0, 0x1, 0xff, 0x70,
    0xcf, 0xd0, 0x0, 0x0, 0x4f, 0xf5, 0x7, 0xff,
    0x40, 0x0, 0xc, 0xff, 0x0, 0x1e, 0xff, 0x73,
    0x4b, 0xff, 0x70, 0x0, 0x3e, 0xff, 0xff, 0xff,
    0xa0, 0x0, 0x0, 0x18, 0xdf, 0xeb, 0x50, 0x0,
    0x0, 0x0, 0x0, 0x0, 0x0, 0x0, 0x0, 0x0,
    0x0, 0x14, 0x40, 0x0, 0x0, 0x0, 0x0, 0x6,
    0xff, 0x0, 0x0, 0x0, 0x0, 0x0, 0x6f, 0xf0,
    0x0, 0x0,

    /* U+1EE4 "Ụ" */
    0x5f, 0xf1, 0x0, 0x0, 0x0, 0x2f, 0xf5, 0x5f,
    0xf1, 0x0, 0x0, 0x0, 0x2f, 0xf5, 0x5f, 0xf1,
    0x0, 0x0, 0x0, 0x2f, 0xf5, 0x5f, 0xf1, 0x0,
    0x0, 0x0, 0x2f, 0xf5, 0x5f, 0xf1, 0x0, 0x0,
    0x0, 0x2f, 0xf5, 0x5f, 0xf1, 0x0, 0x0, 0x0,
    0x2f, 0xf5, 0x5f, 0xf1, 0x0, 0x0, 0x0, 0x2f,
    0xf5, 0x5f, 0xf1, 0x0, 0x0, 0x0, 0x2f, 0xf5,
    0x5f, 0xf1, 0x0, 0x0, 0x0, 0x2f, 0xf5, 0x5f,
    0xf1, 0x0, 0x0, 0x0, 0x2f, 0xf5, 0x5f, 0xf1,
    0x0, 0x0, 0x0, 0x2f, 0xf5, 0x4f, 0xf2, 0x0,
    0x0, 0x0, 0x3f, 0xf3, 0x2f, 0xf6, 0x0, 0x0,
    0x0, 0x7f, 0xf1, 0xd, 0xfe, 0x20, 0x0, 0x2,
    0xef, 0xc0, 0x4, 0xff, 0xf9, 0x66, 0x9f, 0xff,
    0x40, 0x0, 0x6f, 0xff, 0xff, 0xff, 0xf6, 0x0,
    0x0, 0x2, 0x9d, 0xff, 0xd9, 0x20, 0x0, 0x0,
    0x0, 0x0, 0x0, 0x0, 0x0, 0x0, 0x0, 0x0,
    0x0, 0x44, 0x0, 0x0, 0x0, 0x0, 0x0, 0x2,
    0xff, 0x20, 0x0, 0x0, 0x0, 0x0, 0x2, 0xff,
    0x20, 0x0, 0x0,

    /* U+1EE5 "ụ" */
    0x4f, 0xf2, 0x0, 0x0, 0xbf, 0xc4, 0xff, 0x20,
    0x0, 0xb, 0xfc, 0x4f, 0xf2, 0x0, 0x0, 0xbf,
    0xc4, 0xff, 0x20, 0x0, 0xb, 0xfc, 0x4f, 0xf2,
    0x0, 0x0, 0xbf, 0xc4, 0xff, 0x20, 0x0, 0xb,
    0xfc, 0x4f, 0xf2, 0x0, 0x0, 0xbf, 0xc4, 0xff,
    0x20, 0x0, 0xb, 0xfc, 0x4f, 0xf3, 0x0, 0x0,
    0xdf, 0xc2, 0xff, 0x70, 0x0, 0x3f, 0xfc, 0xe,
    0xff, 0x62, 0x5e, 0xff, 0xc0, 0x5f, 0xff, 0xff,
    0xd9, 0xfc, 0x0, 0x5c, 0xfe, 0x91, 0x8f, 0xc0,
    0x0, 0x0, 0x0, 0x0, 0x0, 0x0, 0x0, 0x24,
    0x30, 0x0, 0x0, 0x0, 0x8, 0xfd, 0x0, 0x0,
    0x0, 0x0, 0x8f, 0xd0, 0x0, 0x0,

    /* U+1EE6 "Ủ" */
    0x0, 0x0, 0xc, 0xfd, 0x40, 0x0, 0x0, 0x0,
    0x0, 0x8, 0x9f, 0xc0, 0x0, 0x0, 0x0, 0x0,
    0x0, 0xd, 0xd0, 0x0, 0x0, 0x0, 0x0, 0x0,
    0x3f, 0x70, 0x0, 0x0, 0x0, 0x0, 0x0, 0x56,
    0x0, 0x0, 0x0, 0x0, 0x0, 0x0, 0x0, 0x0,
    0x0, 0x0, 0x5f, 0xf1, 0x0, 0x0, 0x0, 0x2f,
    0xf5, 0x5f, 0xf1, 0x0, 0x0, 0x0, 0x2f, 0xf5,
    0x5f, 0xf1, 0x0, 0x0, 0x0, 0x2f, 0xf5, 0x5f,
    0xf1, 0x0, 0x0, 0x0, 0x2f, 0xf5, 0x5f, 0xf1,
    0x0, 0x0, 0x0, 0x2f, 0xf5, 0x5f, 0xf1, 0x0,
    0x0, 0x0, 0x2f, 0xf5, 0x5f, 0xf1, 0x0, 0x0,
    0x0, 0x2f, 0xf5, 0x5f, 0xf1, 0x0, 0x0, 0x0,
    0x2f, 0xf5, 0x5f, 0xf1, 0x0, 0x0, 0x0, 0x2f,
    0xf5, 0x5f, 0xf1, 0x0, 0x0, 0x0, 0x2f, 0xf5,
    0x5f, 0xf1, 0x0, 0x0, 0x0, 0x2f, 0xf5, 0x4f,
    0xf2, 0x0, 0x0, 0x0, 0x3f, 0xf3, 0x2f, 0xf6,
    0x0, 0x0, 0x0, 0x7f, 0xf1, 0xd, 0xfe, 0x20,
    0x0, 0x2, 0xef, 0xc0, 0x4, 0xff, 0xf9, 0x66,
    0x9f, 0xff, 0x40, 0x0, 0x6f, 0xff, 0xff, 0xff,
    0xf6, 0x0, 0x0, 0x2, 0x9d, 0xff, 0xd9, 0x20,
    0x0,

    /* U+1EE7 "ủ" */
    0x0, 0x0, 0x67, 0x40, 0x0, 0x0, 0x0, 0x2f,
    0xff, 0x50, 0x0, 0x0, 0x0, 0x4, 0xf8, 0x0,
    0x0, 0x0, 0x0, 0x6f, 0x40, 0x0, 0x0, 0x0,
    0x8, 0x60, 0x0, 0x0, 0x0, 0x0, 0x0, 0x0,
    0x0, 0x4f, 0xf2, 0x0, 0x0, 0xbf, 0xc4, 0xff,
    0x20, 0x0, 0xb, 0xfc, 0x4f, 0xf2, 0x0, 0x0,
    0xbf, 0xc4, 0xff, 0x20, 0x0, 0xb, 0xfc, 0x4f,
    0xf2, 0x0, 0x0, 0xbf, 0xc4, 0xff, 0x20, 0x0,
    0xb, 0xfc, 0x4f, 0xf2, 0x0, 0x0, 0xbf, 0xc4,
    0xff, 0x20, 0x0, 0xb, 0xfc, 0x4f, 0xf3, 0x0,
    0x0, 0xdf, 0xc2, 0xff, 0x70, 0x0, 0x3f, 0xfc,
    0xe, 0xff, 0x62, 0x5e, 0xff, 0xc0, 0x5f, 0xff,
    0xff, 0xd9, 0xfc, 0x0, 0x5c, 0xfe, 0x91, 0x8f,
    0xc0,

    /* U+1EE8 "Ứ" */
    0x0, 0x0, 0x0, 0xd, 0xf9, 0x0, 0x0, 0x0,
    0x0, 0x0, 0x0, 0x5f, 0xe0, 0x0, 0x9, 0xb2,
    0x0, 0x0, 0x0, 0xcf, 0x40, 0x0, 0xb, 0xf5,
    0x0, 0x0, 0x0, 0x32, 0x0, 0x0, 0x9, 0xf6,
    0x0, 0x0, 0x0, 0x0, 0x0, 0x0, 0xc, 0xf4,
    0x5f, 0xf1, 0x0, 0x0, 0x0, 0x2f, 0xff, 0xa0,
    0x5f, 0xf1, 0x0, 0x0, 0x0, 0x2f, 0xf7, 0x0,
    0x5f, 0xf1, 0x0, 0x0, 0x0, 0x2f, 0xf5, 0x0,
    0x5f, 0xf1, 0x0, 0x0, 0x0, 0x2f, 0xf5, 0x0,
    0x5f, 0xf1, 0x0, 0x0, 0x0, 0x2f, 0xf5, 0x0,
    0x5f, 0xf1, 0x0, 0x0, 0x0, 0x2f, 0xf5, 0x0,
    0x5f, 0xf1, 0x0, 0x0, 0x0, 0x2f, 0xf5, 0x0,
    0x5f, 0xf1, 0x0, 0x0, 0x0, 0x2f, 0xf5, 0x0,
    0x5f, 0xf1, 0x0, 0x0, 0x0, 0x2f, 0xf5, 0x0,
    0x5f, 0xf1, 0x0, 0x0, 0x0, 0x2f, 0xf5, 0x0,
    0x5f, 0xf1, 0x0, 0x0, 0x0, 0x2f, 0xf5, 0x0,
    0x4f, 0xf2, 0x0, 0x0, 0x0, 0x3f, 0xf3, 0x0,
    0x2f, 0xf6, 0x0, 0x0, 0x0, 0x7f, 0xf1, 0x0,
    0xd, 0xfe, 0x20, 0x0, 0x2, 0xef, 0xc0, 0x0,
    0x4, 0xff, 0xf9, 0x66, 0x9f, 0xff, 0x40, 0x0,
    0x0, 0x6f, 0xff, 0xff, 0xff, 0xf6, 0x0, 0x0,
    0x0, 0x2, 0x9d, 0xff, 0xd9, 0x20, 0x0, 0x0,

    /* U+1EE9 "ứ" */
    0x0, 0x0, 0x3, 0xff, 0x30, 0x0, 0x0, 0x0,
    0x0, 0xbf, 0x90, 0x4, 0xb7, 0x0, 0x0, 0x2f,
    0xe0, 0x0, 0x3f, 0xc0, 0x0, 0x1, 0x31, 0x0,
    0x6, 0xfc, 0x4f, 0xf2, 0x0, 0x0, 0xff, 0xff,
    0x44, 0xff, 0x20, 0x0, 0xd, 0xff, 0x0, 0x4f,
    0xf2, 0x0, 0x0, 0xbf, 0xc0, 0x4, 0xff, 0x20,
    0x0, 0xb, 0xfc, 0x0, 0x4f, 0xf2, 0x0, 0x0,
    0xbf, 0xc0, 0x4, 0xff, 0x20, 0x0, 0xb, 0xfc,
    0x0, 0x4f, 0xf2, 0x0, 0x0, 0xbf, 0xc0, 0x4,
    0xff, 0x20, 0x0, 0xb, 0xfc, 0x0, 0x4f, 0xf3,
    0x0, 0x0, 0xdf, 0xc0, 0x2, 0xff, 0x70, 0x0,
    0x3f, 0xfc, 0x0, 0xe, 0xff, 0x62, 0x5e, 0xff,
    0xc0, 0x0, 0x5f, 0xff, 0xff, 0xd9, 0xfc, 0x0,
    0x0, 0x5c, 0xfe, 0x91, 0x8f, 0xc0, 0x0,

    /* U+1EEA "Ừ" */
    0x0, 0x0, 0x9f, 0xd0, 0x0, 0x0, 0x0, 0x0,
    0x0, 0x0, 0xe, 0xf4, 0x0, 0x0, 0x9, 0xb2,
    0x0, 0x0, 0x4, 0xfc, 0x0, 0x0, 0xb, 0xf5,
    0x0, 0x0, 0x0, 0x23, 0x0, 0x0, 0x9, 0xf6,
    0x0, 0x0, 0x0, 0x0, 0x0, 0x0, 0xc, 0xf4,
    0x5f, 0xf1, 0x0, 0x0, 0x0, 0x2f, 0xff, 0xa0,
    0x5f, 0xf1, 0x0, 0x0, 0x0, 0x2f, 0xf7, 0x0,
    0x5f, 0xf1, 0x0, 0x0, 0x0, 0x2f, 0xf5, 0x0,
    0x5f, 0xf1, 0x0, 0x0, 0x0, 0x2f, 0xf5, 0x0,
    0x5f, 0xf1, 0x0, 0x0, 0x0, 0x2f, 0xf5, 0x0,
    0x5f, 0xf1, 0x0, 0x0, 0x0, 0x2f, 0xf5, 0x0,
    0x5f, 0xf1, 0x0, 0x0, 0x0, 0x2f, 0xf5, 0x0,
    0x5f, 0xf1, 0x0, 0x0, 0x0, 0x2f, 0xf5, 0x0,
    0x5f, 0xf1, 0x0, 0x0, 0x0, 0x2f, 0xf5, 0x0,
    0x5f, 0xf1, 0x0, 0x0, 0x0, 0x2f, 0xf5, 0x0,
    0x5f, 0xf1, 0x0, 0x0, 0x0, 0x2f, 0xf5, 0x0,
    0x4f, 0xf2, 0x0, 0x0, 0x0, 0x3f, 0xf3, 0x0,
    0x2f, 0xf6, 0x0, 0x0, 0x0, 0x7f, 0xf1, 0x0,
    0xd, 0xfe, 0x20, 0x0, 0x2, 0xef, 0xc0, 0x0,
    0x4, 0xff, 0xf9, 0x66, 0x9f, 0xff, 0x40, 0x0,
    0x0, 0x6f, 0xff, 0xff, 0xff, 0xf6, 0x0, 0x0,
    0x0, 0x2, 0x9d, 0xff, 0xd9, 0x20, 0x0, 0x0,

    /* U+1EEB "ừ" */
    0x0, 0xe, 0xf8, 0x0, 0x0, 0x0, 0x0, 0x0,
    0x4f, 0xe0, 0x0, 0x4, 0xb7, 0x0, 0x0, 0xaf,
    0x60, 0x0, 0x3f, 0xc0, 0x0, 0x0, 0x32, 0x0,
    0x6, 0xfc, 0x4f, 0xf2, 0x0, 0x0, 0xff, 0xff,
    0x44, 0xff, 0x20, 0x0, 0xd, 0xff, 0x0, 0x4f,
    0xf2, 0x0, 0x0, 0xbf, 0xc0, 0x4, 0xff, 0x20,
    0x0, 0xb, 0xfc, 0x0, 0x4f, 0xf2, 0x0, 0x0,
    0xbf, 0xc0, 0x4, 0xff, 0x20, 0x0, 0xb, 0xfc,
    0x0, 0x4f, 0xf2, 0x0, 0x0, 0xbf, 0xc0, 0x4,
    0xff, 0x20, 0x0, 0xb, 0xfc, 0x0, 0x4f, 0xf3,
    0x0, 0x0, 0xdf, 0xc0, 0x2, 0xff, 0x70, 0x0,
    0x3f, 0xfc, 0x0, 0xe, 0xff, 0x62, 0x5e, 0xff,
    0xc0, 0x0, 0x5f, 0xff, 0xff, 0xd9, 0xfc, 0x0,
    0x0, 0x5c, 0xfe, 0x91, 0x8f, 0xc0, 0x0,

    /* U+1EEC "Ử" */
    0x0, 0x0, 0xc, 0xfd, 0x40, 0x0, 0x0, 0x0,
    0x0, 0x0, 0x8, 0x9f, 0xc0, 0x0, 0x0, 0x0,
    0x0, 0x0, 0x0, 0xd, 0xd0, 0x0, 0xc, 0xf3,
    0x0, 0x0, 0x0, 0x3f, 0x70, 0x0, 0xa, 0xf5,
    0x0, 0x0, 0x0, 0x56, 0x0, 0x0, 0x9, 0xf6,
    0x0, 0x0, 0x0, 0x0, 0x0, 0x0, 0x1c, 0xf4,
    0x5f, 0xf1, 0x0, 0x0, 0x0, 0x2f, 0xff, 0xa0,
    0x5f, 0xf1, 0x0, 0x0, 0x0, 0x2f, 0xf7, 0x0,
    0x5f, 0xf1, 0x0, 0x0, 0x0, 0x2f, 0xf5, 0x0,
    0x5f, 0xf1, 0x0, 0x0, 0x0, 0x2f, 0xf5, 0x0,
    0x5f, 0xf1, 0x0, 0x0, 0x0, 0x2f, 0xf5, 0x0,
    0x5f, 0xf1, 0x0, 0x0, 0x0, 0x2f, 0xf5, 0x0,
    0x5f, 0xf1, 0x0, 0x0, 0x0, 0x2f, 0xf5, 0x0,
    0x5f, 0xf1, 0x0, 0x0, 0x0, 0x2f, 0xf5, 0x0,
    0x5f, 0xf1, 0x0, 0x0, 0x0, 0x2f, 0xf5, 0x0,
    0x5f, 0xf1, 0x0, 0x0, 0x0, 0x2f, 0xf5, 0x0,
    0x5f, 0xf1, 0x0, 0x0, 0x0, 0x2f, 0xf5, 0x0,
    0x4f, 0xf2, 0x0, 0x0, 0x0, 0x3f, 0xf3, 0x0,
    0x2f, 0xf6, 0x0, 0x0, 0x0, 0x7f, 0xf1, 0x0,
    0xd, 0xfe, 0x20, 0x0, 0x2, 0xef, 0xc0, 0x0,
    0x4, 0xff, 0xf9, 0x66, 0x9f, 0xff, 0x40, 0x0,
    0x0, 0x6f, 0xff, 0xff, 0xff, 0xf6, 0x0, 0x0,
    0x0, 0x2, 0x9d, 0xff, 0xd9, 0x20, 0x0, 0x0,

    /* U+1EED "ử" */
    0x0, 0x1, 0x67, 0x40, 0x0, 0x0, 0x0, 0x0,
    0x3f, 0xff, 0x50, 0x0, 0x0, 0x0, 0x0, 0x5,
    0xf7, 0x0, 0x38, 0x40, 0x0, 0x0, 0x6f, 0x30,
    0x4, 0xfb, 0x0, 0x0, 0x8, 0x60, 0x0, 0x3f,
    0xd0, 0x0, 0x0, 0x0, 0x0, 0x6, 0xfb, 0x4f,
    0xf2, 0x0, 0x0, 0xff, 0xfe, 0x34, 0xff, 0x20,
    0x0, 0xd, 0xff, 0x0, 0x4f, 0xf2, 0x0, 0x0,
    0xbf, 0xc0, 0x4, 0xff, 0x20, 0x0, 0xb, 0xfc,
    0x0, 0x4f, 0xf2, 0x0, 0x0, 0xbf, 0xc0, 0x4,
    0xff, 0x20, 0x0, 0xb, 0xfc, 0x0, 0x4f, 0xf2,
    0x0, 0x0, 0xbf, 0xc0, 0x4, 0xff, 0x20, 0x0,
    0xb, 0xfc, 0x0, 0x4f, 0xf3, 0x0, 0x0, 0xdf,
    0xc0, 0x2, 0xff, 0x70, 0x0, 0x3f, 0xfc, 0x0,
    0xe, 0xff, 0x62, 0x5e, 0xff, 0xc0, 0x0, 0x5f,
    0xff, 0xff, 0xd9, 0xfc, 0x0, 0x0, 0x5c, 0xfe,
    0x91, 0x8f, 0xc0, 0x0,

    /* U+1EEE "Ữ" */
    0x0, 0x0, 0xaf, 0xb2, 0xc, 0x90, 0x0, 0x0,
    0x0, 0x7, 0xfa, 0xff, 0xbf, 0x50, 0x8, 0xa2,
    0x0, 0xa, 0xb0, 0x2c, 0xf9, 0x0, 0xb, 0xf5,
    0x0, 0x0, 0x0, 0x0, 0x0, 0x0, 0x9, 0xf6,
    0x0, 0x0, 0x0, 0x0, 0x0, 0x0, 0xc, 0xf4,
    0x5f, 0xf1, 0x0, 0x0, 0x0, 0x2f, 0xff, 0xa0,
    0x5f, 0xf1, 0x0, 0x0, 0x0, 0x2f, 0xf7, 0x0,
    0x5f, 0xf1, 0x0, 0x0, 0x0, 0x2f, 0xf5, 0x0,
    0x5f, 0xf1, 0x0, 0x0, 0x0, 0x2f, 0xf5, 0x0,
    0x5f, 0xf1, 0x0, 0x0, 0x0, 0x2f, 0xf5, 0x0,
    0x5f, 0xf1, 0x0, 0x0, 0x0, 0x2f, 0xf5, 0x0,
    0x5f, 0xf1, 0x0, 0x0, 0x0, 0x2f, 0xf5, 0x0,
    0x5f, 0xf1, 0x0, 0x0, 0x0, 0x2f, 0xf5, 0x0,
    0x5f, 0xf1, 0x0, 0x0, 0x0, 0x2f, 0xf5, 0x0,
    0x5f, 0xf1, 0x0, 0x0, 0x0, 0x2f, 0xf5, 0x0,
    0x5f, 0xf1, 0x0, 0x0, 0x0, 0x2f, 0xf5, 0x0,
    0x4f, 0xf2, 0x0, 0x0, 0x0, 0x3f, 0xf3, 0x0,
    0x2f, 0xf6, 0x0, 0x0, 0x0, 0x7f, 0xf1, 0x0,
    0xd, 0xfe, 0x20, 0x0, 0x2, 0xef, 0xc0, 0x0,
    0x4, 0xff, 0xf9, 0x66, 0x9f, 0xff, 0x40, 0x0,
    0x0, 0x6f, 0xff, 0xff, 0xff, 0xf6, 0x0, 0x0,
    0x0, 0x2, 0x9d, 0xff, 0xd9, 0x20, 0x0, 0x0,

    /* U+1EEF "ữ" */
    0x0, 0x5e, 0xfe, 0xbb, 0xf3, 0x4a, 0x60, 0xf,
    0xca, 0xdf, 0xe8, 0x4, 0xfb, 0x0, 0x0, 0x0,
    0x0, 0x0, 0x3f, 0xd0, 0x0, 0x0, 0x0, 0x0,
    0x7, 0xfb, 0x4f, 0xf2, 0x0, 0x0, 0xff, 0xfe,
    0x34, 0xff, 0x20, 0x0, 0xd, 0xff, 0x0, 0x4f,
    0xf2, 0x0, 0x0, 0xbf, 0xc0, 0x4, 0xff, 0x20,
    0x0, 0xb, 0xfc, 0x0, 0x4f, 0xf2, 0x0, 0x0,
    0xbf, 0xc0, 0x4, 0xff, 0x20, 0x0, 0xb, 0xfc,
    0x0, 0x4f, 0xf2, 0x0, 0x0, 0xbf, 0xc0, 0x4,
    0xff, 0x20, 0x0, 0xb, 0xfc, 0x0, 0x4f, 0xf3,
    0x0, 0x0, 0xdf, 0xc0, 0x2, 0xff, 0x70, 0x0,
    0x3f, 0xfc, 0x0, 0xe, 0xff, 0x62, 0x5e, 0xff,
    0xc0, 0x0, 0x5f, 0xff, 0xff, 0xd9, 0xfc, 0x0,
    0x0, 0x5c, 0xfe, 0x91, 0x8f, 0xc0, 0x0,

    /* U+1EF0 "Ự" */
    0x0, 0x0, 0x0, 0x0, 0x0, 0x0, 0xc, 0xf3,
    0x0, 0x0, 0x0, 0x0, 0x0, 0x0, 0xa, 0xf6,
    0x0, 0x0, 0x0, 0x0, 0x0, 0x0, 0x1c, 0xf5,
    0x5f, 0xf1, 0x0, 0x0, 0x0, 0x2f, 0xff, 0xc0,
    0x5f, 0xf1, 0x0, 0x0, 0x0, 0x2f, 0xf8, 0x0,
    0x5f, 0xf1, 0x0, 0x0, 0x0, 0x2f, 0xf5, 0x0,
    0x5f, 0xf1, 0x0, 0x0, 0x0, 0x2f, 0xf5, 0x0,
    0x5f, 0xf1, 0x0, 0x0, 0x0, 0x2f, 0xf5, 0x0,
    0x5f, 0xf1, 0x0, 0x0, 0x0, 0x2f, 0xf5, 0x0,
    0x5f, 0xf1, 0x0, 0x0, 0x0, 0x2f, 0xf5, 0x0,
    0x5f, 0xf1, 0x0, 0x0, 0x0, 0x2f, 0xf5, 0x0,
    0x5f, 0xf1, 0x0, 0x0, 0x0, 0x2f, 0xf5, 0x0,
    0x5f, 0xf1, 0x0, 0x0, 0x0, 0x2f, 0xf5, 0x0,
    0x5f, 0xf1, 0x0, 0x0, 0x0, 0x2f, 0xf5, 0x0,
    0x4f, 0xf2, 0x0, 0x0, 0x0, 0x3f, 0xf3, 0x0,
    0x2f, 0xf6, 0x0, 0x0, 0x0, 0x7f, 0xf1, 0x0,
    0xd, 0xfe, 0x20, 0x0, 0x2, 0xef, 0xc0, 0x0,
    0x4, 0xff, 0xf9, 0x66, 0x9f, 0xff, 0x40, 0x0,
    0x0, 0x6f, 0xff, 0xff, 0xff, 0xf6, 0x0, 0x0,
    0x0, 0x2, 0x9d, 0xff, 0xd9, 0x20, 0x0, 0x0,
    0x0, 0x0, 0x0, 0x0, 0x0, 0x0, 0x0, 0x0,
    0x0, 0x0, 0x0, 0x44, 0x0, 0x0, 0x0, 0x0,
    0x0, 0x0, 0x2, 0xff, 0x20, 0x0, 0x0, 0x0,
    0x0, 0x0, 0x2, 0xff, 0x20, 0x0, 0x0, 0x0,

    /* U+1EF1 "ự" */
    0x0, 0x0, 0x0, 0x0, 0x0, 0x6f, 0xa0, 0x0,
    0x0, 0x0, 0x0, 0x3, 0xfc, 0x0, 0x0, 0x0,
    0x0, 0x0, 0x6f, 0xb4, 0xff, 0x20, 0x0, 0xf,
    0xff, 0xf4, 0x4f, 0xf2, 0x0, 0x0, 0xdf, 0xf0,
    0x4, 0xff, 0x20, 0x0, 0xb, 0xfc, 0x0, 0x4f,
    0xf2, 0x0, 0x0, 0xbf, 0xc0, 0x4, 0xff, 0x20,
    0x0, 0xb, 0xfc, 0x0, 0x4f, 0xf2, 0x0, 0x0,
    0xbf, 0xc0, 0x4, 0xff, 0x20, 0x0, 0xb, 0xfc,
    0x0, 0x4f, 0xf2, 0x0, 0x0, 0xbf, 0xc0, 0x4,
    0xff, 0x30, 0x0, 0xd, 0xfc, 0x0, 0x2f, 0xf7,
    0x0, 0x3, 0xff, 0xc0, 0x0, 0xef, 0xf6, 0x25,
    0xef, 0xfc, 0x0, 0x5, 0xff, 0xff, 0xfd, 0x9f,
    0xc0, 0x0, 0x5, 0xcf, 0xe9, 0x18, 0xfc, 0x0,
    0x0, 0x0, 0x0, 0x0, 0x0, 0x0, 0x0, 0x0,
    0x2, 0x43, 0x0, 0x0, 0x0, 0x0, 0x0, 0x8f,
    0xd0, 0x0, 0x0, 0x0, 0x0, 0x8, 0xfd, 0x0,
    0x0, 0x0,

    /* U+1EF2 "Ỳ" */
    0x0, 0x0, 0xb, 0xfb, 0x0, 0x0, 0x0, 0x0,
    0x0, 0x0, 0x2f, 0xf2, 0x0, 0x0, 0x0, 0x0,
    0x0, 0x0, 0x7f, 0x90, 0x0, 0x0, 0x0, 0x0,
    0x0, 0x0, 0x32, 0x0, 0x0, 0x0, 0x0, 0x0,
    0x0, 0x0, 0x0, 0x0, 0x0, 0x0, 0xdf, 0xe0,
    0x0, 0x0, 0x0, 0x4f, 0xf8, 0x4, 0xff, 0x80,
    0x0, 0x0, 0xd, 0xfe, 0x0, 0xb, 0xff, 0x10,
    0x0, 0x6, 0xff, 0x60, 0x0, 0x2f, 0xf9, 0x0,
    0x0, 0xef, 0xd0, 0x0, 0x0, 0x9f, 0xf2, 0x0,
    0x7f, 0xf4, 0x0, 0x0, 0x1, 0xff, 0xb0, 0x1f,
    0xfb, 0x0, 0x0, 0x0, 0x7, 0xff, 0x39, 0xff,
    0x20, 0x0, 0x0, 0x0, 0xe, 0xfd, 0xff, 0x90,
    0x0, 0x0, 0x0, 0x0, 0x5f, 0xff, 0xf1, 0x0,
    0x0, 0x0, 0x0, 0x0, 0xcf, 0xf7, 0x0, 0x0,
    0x0, 0x0, 0x0, 0x6, 0xff, 0x10, 0x0, 0x0,
    0x0, 0x0, 0x0, 0x6f, 0xf1, 0x0, 0x0, 0x0,
    0x0, 0x0, 0x6, 0xff, 0x10, 0x0, 0x0, 0x0,
    0x0, 0x0, 0x6f, 0xf1, 0x0, 0x0, 0x0, 0x0,
    0x0, 0x6, 0xff, 0x10, 0x0, 0x0, 0x0, 0x0,
    0x0, 0x6f, 0xf1, 0x0, 0x0, 0x0, 0x0, 0x0,
    0x6, 0xff, 0x10, 0x0, 0x0,

    /* U+1EF3 "ỳ" */
    0x0, 0x3, 0xff, 0x40, 0x0, 0x0, 0x0, 0x0,
    0x8, 0xfb, 0x0, 0x0, 0x0, 0x0, 0x0, 0xd,
    0xf2, 0x0, 0x0, 0x0, 0x0, 0x0, 0x13, 0x10,
    0x0, 0x0, 0x5f, 0xf3, 0x0, 0x0, 0x8, 0xff,
    0x10, 0xff, 0x80, 0x0, 0x0, 0xdf, 0xb0, 0xa,
    0xfd, 0x0, 0x0, 0x1f, 0xf6, 0x0, 0x4f, 0xf3,
    0x0, 0x6, 0xff, 0x10, 0x0, 0xff, 0x80, 0x0,
    0xbf, 0xc0, 0x0, 0xa, 0xfd, 0x0, 0xf, 0xf6,
    0x0, 0x0, 0x4f, 0xf2, 0x5, 0xff, 0x10, 0x0,
    0x0, 0xef, 0x70, 0xaf, 0xc0, 0x0, 0x0, 0x9,
    0xfc, 0xe, 0xf6, 0x0, 0x0, 0x0, 0x4f, 0xf5,
    0xff, 0x10, 0x0, 0x0, 0x0, 0xef, 0xef, 0xc0,
    0x0, 0x0, 0x0, 0x9, 0xff, 0xf7, 0x0, 0x0,
    0x0, 0x0, 0x4f, 0xff, 0x10, 0x0, 0x0, 0x0,
    0x0, 0x7f, 0xc0, 0x0, 0x0, 0x0, 0x1, 0x3e,
    0xf7, 0x0, 0x0, 0x0, 0x9, 0xff, 0xff, 0x10,
    0x0, 0x0, 0x0, 0x9f, 0xfc, 0x40, 0x0, 0x0,
    0x0,

    /* U+1EF4 "Ỵ" */
    0xd, 0xfe, 0x0, 0x0, 0x0, 0x4, 0xff, 0x80,
    0x4f, 0xf8, 0x0, 0x0, 0x0, 0xdf, 0xe0, 0x0,
    0xbf, 0xf1, 0x0, 0x0, 0x6f, 0xf6, 0x0, 0x2,
    0xff, 0x90, 0x0, 0xe, 0xfd, 0x0, 0x0, 0x9,
    0xff, 0x20, 0x7, 0xff, 0x40, 0x0, 0x0, 0x1f,
    0xfb, 0x1, 0xff, 0xb0, 0x0, 0x0, 0x0, 0x7f,
    0xf3, 0x9f, 0xf2, 0x0, 0x0, 0x0, 0x0, 0xef,
    0xdf, 0xf9, 0x0, 0x0, 0x0, 0x0, 0x5, 0xff,
    0xff, 0x10, 0x0, 0x0, 0x0, 0x0, 0xc, 0xff,
    0x70, 0x0, 0x0, 0x0, 0x0, 0x0, 0x6f, 0xf1,
    0x0, 0x0, 0x0, 0x0, 0x0, 0x6, 0xff, 0x10,
    0x0, 0x0, 0x0, 0x0, 0x0, 0x6f, 0xf1, 0x0,
    0x0, 0x0, 0x0, 0x0, 0x6, 0xff, 0x10, 0x0,
    0x0, 0x0, 0x0, 0x0, 0x6f, 0xf1, 0x0, 0x0,
    0x0, 0x0, 0x0, 0x6, 0xff, 0x10, 0x0, 0x0,
    0x0, 0x0, 0x0, 0x6f, 0xf1, 0x0, 0x0, 0x0,
    0x0, 0x0, 0x0, 0x0, 0x0, 0x0, 0x0, 0x0,
    0x0, 0x0, 0x14, 0x40, 0x0, 0x0, 0x0, 0x0,
    0x0, 0x5, 0xff, 0x0, 0x0, 0x0, 0x0, 0x0,
    0x0, 0x5f, 0xf0, 0x0, 0x0, 0x0,

    /* U+1EF5 "ỵ" */
    0x5f, 0xf3, 0x0, 0x0, 0x8, 0xff, 0x10, 0xff,
    0x80, 0x0, 0x0, 0xdf, 0xb0, 0xa, 0xfd, 0x0,
    0x0, 0x1f, 0xf6, 0x0, 0x4f, 0xf3, 0x0, 0x6,
    0xff, 0x10, 0x0, 0xff, 0x80, 0x0, 0xbf, 0xc0,
    0x0, 0xa, 0xfd, 0x0, 0xf, 0xf6, 0x0, 0x0,
    0x4f, 0xf2, 0x5, 0xff, 0x10, 0x0, 0x0, 0xef,
    0x70, 0xaf, 0xc0, 0x0, 0x0, 0x9, 0xfc, 0xe,
    0xf6, 0x0, 0x0, 0x0, 0x4f, 0xf5, 0xff, 0x10,
    0x0, 0x0, 0x0, 0xef, 0xef, 0xc0, 0x0, 0x0,
    0x0, 0x9, 0xff, 0xf7, 0x0, 0x0, 0x0, 0x0,
    0x4f, 0xff, 0x10, 0x0, 0x0, 0x0, 0x0, 0x7f,
    0xc0, 0x0, 0x0, 0x0, 0x1, 0x3e, 0xf7, 0x1,
    0x0, 0x0, 0x9, 0xff, 0xff, 0x19, 0xfb, 0x0,
    0x0, 0x9f, 0xfc, 0x40, 0x9f, 0xb0, 0x0,

    /* U+1EF6 "Ỷ" */
    0x0, 0x0, 0x0, 0x67, 0x50, 0x0, 0x0, 0x0,
    0x0, 0x0, 0xf, 0xff, 0x80, 0x0, 0x0, 0x0,
    0x0, 0x0, 0x12, 0xfb, 0x0, 0x0, 0x0, 0x0,
    0x0, 0x0, 0x3f, 0x70, 0x0, 0x0, 0x0, 0x0,
    0x0, 0x7, 0x80, 0x0, 0x0, 0x0, 0x0, 0x0,
    0x0, 0x0, 0x0, 0x0, 0x0, 0xd, 0xfe, 0x0,
    0x0, 0x0, 0x4, 0xff, 0x80, 0x4f, 0xf8, 0x0,
    0x0, 0x0, 0xdf, 0xe0, 0x0, 0xbf, 0xf1, 0x0,
    0x0, 0x6f, 0xf6, 0x0, 0x2, 0xff, 0x90, 0x0,
    0xe, 0xfd, 0x0, 0x0, 0x9, 0xff, 0x20, 0x7,
    0xff, 0x40, 0x0, 0x0, 0x1f, 0xfb, 0x1, 0xff,
    0xb0, 0x0, 0x0, 0x0, 0x7f, 0xf3, 0x9f, 0xf2,
    0x0, 0x0, 0x0, 0x0, 0xef, 0xdf, 0xf9, 0x0,
    0x0, 0x0, 0x0, 0x5, 0xff, 0xff, 0x10, 0x0,
    0x0, 0x0, 0x0, 0xc, 0xff, 0x70, 0x0, 0x0,
    0x0, 0x0, 0x0, 0x6f, 0xf1, 0x0, 0x0, 0x0,
    0x0, 0x0, 0x6, 0xff, 0x10, 0x0, 0x0, 0x0,
    0x0, 0x0, 0x6f, 0xf1, 0x0, 0x0, 0x0, 0x0,
    0x0, 0x6, 0xff, 0x10, 0x0, 0x0, 0x0, 0x0,
    0x0, 0x6f, 0xf1, 0x0, 0x0, 0x0, 0x0, 0x0,
    0x6, 0xff, 0x10, 0x0, 0x0, 0x0, 0x0, 0x0,
    0x6f, 0xf1, 0x0, 0x0, 0x0,

    /* U+1EF7 "ỷ" */
    0x0, 0x0, 0x27, 0x73, 0x0, 0x0, 0x0, 0x0,
    0x7, 0xff, 0xf2, 0x0, 0x0, 0x0, 0x0, 0x0,
    0x8f, 0x30, 0x0, 0x0, 0x0, 0x0, 0x1d, 0x90,
    0x0, 0x0, 0x0, 0x0, 0x0, 0x0, 0x0, 0x0,
    0x5, 0xff, 0x30, 0x0, 0x0, 0x8f, 0xf1, 0xf,
    0xf8, 0x0, 0x0, 0xd, 0xfb, 0x0, 0xaf, 0xd0,
    0x0, 0x1, 0xff, 0x60, 0x4, 0xff, 0x30, 0x0,
    0x6f, 0xf1, 0x0, 0xf, 0xf8, 0x0, 0xb, 0xfc,
    0x0, 0x0, 0xaf, 0xd0, 0x0, 0xff, 0x60, 0x0,
    0x4, 0xff, 0x20, 0x5f, 0xf1, 0x0, 0x0, 0xe,
    0xf7, 0xa, 0xfc, 0x0, 0x0, 0x0, 0x9f, 0xc0,
    0xef, 0x60, 0x0, 0x0, 0x4, 0xff, 0x5f, 0xf1,
    0x0, 0x0, 0x0, 0xe, 0xfe, 0xfc, 0x0, 0x0,
    0x0, 0x0, 0x9f, 0xff, 0x70, 0x0, 0x0, 0x0,
    0x4, 0xff, 0xf1, 0x0, 0x0, 0x0, 0x0, 0x7,
    0xfc, 0x0, 0x0, 0x0, 0x0, 0x13, 0xef, 0x70,
    0x0, 0x0, 0x0, 0x9f, 0xff, 0xf1, 0x0, 0x0,
    0x0, 0x9, 0xff, 0xc4, 0x0, 0x0, 0x0,

    /* U+1EF8 "Ỹ" */
    0x0, 0x0, 0x5, 0x85, 0x0, 0x84, 0x0, 0x0,
    0x0, 0x7, 0xff, 0xfd, 0xbf, 0x40, 0x0, 0x0,
    0x0, 0xda, 0x17, 0xdf, 0x80, 0x0, 0x0, 0x0,
    0x0, 0x0, 0x0, 0x0, 0x0, 0x0, 0x0, 0x0,
    0x0, 0x0, 0x0, 0x0, 0x0, 0x0, 0xdf, 0xe0,
    0x0, 0x0, 0x0, 0x4f, 0xf8, 0x4, 0xff, 0x80,
    0x0, 0x0, 0xd, 0xfe, 0x0, 0xb, 0xff, 0x10,
    0x0, 0x6, 0xff, 0x60, 0x0, 0x2f, 0xf9, 0x0,
    0x0, 0xef, 0xd0, 0x0, 0x0, 0x9f, 0xf2, 0x0,
    0x7f, 0xf4, 0x0, 0x0, 0x1, 0xff, 0xb0, 0x1f,
    0xfb, 0x0, 0x0, 0x0, 0x7, 0xff, 0x39, 0xff,
    0x20, 0x0, 0x0, 0x0, 0xe, 0xfd, 0xff, 0x90,
    0x0, 0x0, 0x0, 0x0, 0x5f, 0xff, 0xf1, 0x0,
    0x0, 0x0, 0x0, 0x0, 0xcf, 0xf7, 0x0, 0x0,
    0x0, 0x0, 0x0, 0x6, 0xff, 0x10, 0x0, 0x0,
    0x0, 0x0, 0x0, 0x6f, 0xf1, 0x0, 0x0, 0x0,
    0x0, 0x0, 0x6, 0xff, 0x10, 0x0, 0x0, 0x0,
    0x0, 0x0, 0x6f, 0xf1, 0x0, 0x0, 0x0, 0x0,
    0x0, 0x6, 0xff, 0x10, 0x0, 0x0, 0x0, 0x0,
    0x0, 0x6f, 0xf1, 0x0, 0x0, 0x0, 0x0, 0x0,
    0x6, 0xff, 0x10, 0x0, 0x0,

    /* U+1EF9 "ỹ" */
    0x0, 0x5, 0xed, 0x50, 0x5f, 0x0, 0x0, 0x1,
    0xfc, 0xcf, 0xbe, 0xc0, 0x0, 0x0, 0x4f, 0x10,
    0x8f, 0xc2, 0x0, 0x0, 0x0, 0x0, 0x0, 0x0,
    0x0, 0x0, 0x5f, 0xf3, 0x0, 0x0, 0x8, 0xff,
    0x10, 0xff, 0x80, 0x0, 0x0, 0xdf, 0xb0, 0xa,
    0xfd, 0x0, 0x0, 0x1f, 0xf6, 0x0, 0x4f, 0xf3,
    0x0, 0x6, 0xff, 0x10, 0x0, 0xff, 0x80, 0x0,
    0xbf, 0xc0, 0x0, 0xa, 0xfd, 0x0, 0xf, 0xf6,
    0x0, 0x0, 0x4f, 0xf2, 0x5, 0xff, 0x10, 0x0,
    0x0, 0xef, 0x70, 0xaf, 0xc0, 0x0, 0x0, 0x9,
    0xfc, 0xe, 0xf6, 0x0, 0x0, 0x0, 0x4f, 0xf5,
    0xff, 0x10, 0x0, 0x0, 0x0, 0xef, 0xef, 0xc0,
    0x0, 0x0, 0x0, 0x9, 0xff, 0xf7, 0x0, 0x0,
    0x0, 0x0, 0x4f, 0xff, 0x10, 0x0, 0x0, 0x0,
    0x0, 0x7f, 0xc0, 0x0, 0x0, 0x0, 0x1, 0x3e,
    0xf7, 0x0, 0x0, 0x0, 0x9, 0xff, 0xff, 0x10,
    0x0, 0x0, 0x0, 0x9f, 0xfc, 0x40, 0x0, 0x0,
    0x0,

    /* U+2013 "–" */
    0x3, 0x33, 0x33, 0x33, 0x33, 0x33, 0x20, 0xff,
    0xff, 0xff, 0xff, 0xff, 0xfa, 0xf, 0xff, 0xff,
    0xff, 0xff, 0xff, 0xa0,

    /* U+2014 "—" */
    0x3, 0x33, 0x33, 0x33, 0x33, 0x33, 0x33, 0x33,
    0x33, 0x33, 0xf, 0xff, 0xff, 0xff, 0xff, 0xff,
    0xff, 0xff, 0xff, 0xff, 0xf, 0xff, 0xff, 0xff,
    0xff, 0xff, 0xff, 0xff, 0xff, 0xff,

    /* U+2015 "―" */
    0x4a, 0xaa, 0xaa, 0xaa, 0xaa, 0xaa, 0x36, 0xff,
    0xff, 0xff, 0xff, 0xff, 0xf6,

    /* U+2016 "‖" */
    0xed, 0x0, 0xfb, 0xed, 0x0, 0xfb, 0xed, 0x0,
    0xfb, 0xed, 0x0, 0xfb, 0xed, 0x0, 0xfb, 0xed,
    0x0, 0xfb, 0xed, 0x0, 0xfb, 0xed, 0x0, 0xfb,
    0xed, 0x0, 0xfb, 0xed, 0x0, 0xfb, 0xed, 0x0,
    0xfb, 0xed, 0x0, 0xfb, 0xed, 0x0, 0xfb, 0xed,
    0x0, 0xfb, 0xed, 0x0, 0xfb, 0xed, 0x0, 0xfb,
    0xed, 0x0, 0xfb, 0xed, 0x0, 0xfb,

    /* U+2017 "‗" */
    0x2f, 0xff, 0xff, 0xff, 0xff, 0xff, 0x90, 0x22,
    0x22, 0x22, 0x22, 0x22, 0x21, 0x2f, 0xff, 0xff,
    0xff, 0xff, 0xff, 0x90, 0x22, 0x22, 0x22, 0x22,
    0x22, 0x21,

    /* U+2018 "‘" */
    0xb, 0xb0, 0xf6, 0x5f, 0x2b, 0xd0, 0xff, 0xff,
    0xff, 0xff, 0xf0,

    /* U+2019 "’" */
    0xff, 0xff, 0xff, 0xff, 0xf0, 0xea, 0x3f, 0x48,
    0xe0, 0x65, 0x0,

    /* U+201A "‚" */
    0x0, 0x0, 0xf, 0xff, 0xf, 0xff, 0xf, 0xfe,
    0x0, 0xea, 0x3, 0xf5, 0x7, 0xf0, 0xc, 0xa0,

    /* U+201B "‛" */
    0x8f, 0xa8, 0xfa, 0x7b, 0x35, 0xd0, 0xb, 0x80,
    0x1,

    /* U+201C "“" */
    0xb, 0xb0, 0x8, 0xe0, 0xf, 0x60, 0xd, 0x90,
    0x5f, 0x20, 0x3f, 0x50, 0xbd, 0x0, 0x8f, 0x10,
    0xff, 0xf0, 0xcf, 0xf2, 0xff, 0xf0, 0xcf, 0xf2,
    0xff, 0xf0, 0xcf, 0xf2,

    /* U+201D "”" */
    0xff, 0xf0, 0xcf, 0xf2, 0xff, 0xf0, 0xcf, 0xf2,
    0xff, 0xf0, 0xcf, 0xf2, 0xe, 0xa0, 0xb, 0xd0,
    0x3f, 0x40, 0xf, 0x70, 0x8e, 0x0, 0x5f, 0x10,
    0x65, 0x0, 0x46, 0x0,

    /* U+201E "„" */
    0x0, 0x0, 0x0, 0x0, 0x0, 0xff, 0xf0, 0xdf,
    0xf2, 0xf, 0xff, 0xd, 0xff, 0x20, 0xff, 0xe0,
    0xdf, 0xf1, 0x0, 0xea, 0x0, 0xbd, 0x0, 0x3f,
    0x50, 0xf, 0x80, 0x7, 0xf0, 0x4, 0xf2, 0x0,
    0xca, 0x0, 0x9d, 0x0,

    /* U+201F "‟" */
    0xff, 0x28, 0xfa, 0xff, 0x27, 0xfa, 0xf6, 0x7,
    0xc3, 0xc5, 0x4, 0xd0, 0x3e, 0x20, 0xb8, 0x1,
    0x0, 0x1,

    /* U+2020 "†" */
    0x0, 0x0, 0x7f, 0xd0, 0x0, 0x0, 0x0, 0x7,
    0xfd, 0x0, 0x0, 0x0, 0x0, 0x7f, 0xd0, 0x0,
    0x0, 0x0, 0x7, 0xfd, 0x0, 0x0, 0xf, 0xff,
    0xff, 0xff, 0xff, 0x70, 0xff, 0xff, 0xff, 0xff,
    0xf7, 0x2, 0x22, 0x9f, 0xf2, 0x22, 0x0, 0x0,
    0x7, 0xfd, 0x0, 0x0, 0x0, 0x0, 0x7f, 0xd0,
    0x0, 0x0, 0x0, 0x7, 0xfd, 0x0, 0x0, 0x0,
    0x0, 0x7f, 0xd0, 0x0, 0x0, 0x0, 0x7, 0xfd,
    0x0, 0x0, 0x0, 0x0, 0x7f, 0xd0, 0x0, 0x0,
    0x0, 0x7, 0xfd, 0x0, 0x0, 0x0, 0x0, 0x7f,
    0xd0, 0x0, 0x0, 0x0, 0x7, 0xfd, 0x0, 0x0,
    0x0, 0x0, 0x7f, 0xd0, 0x0, 0x0,

    /* U+2021 "‡" */
    0x0, 0x0, 0x7f, 0xd0, 0x0, 0x0, 0x0, 0x7,
    0xfd, 0x0, 0x0, 0x0, 0x0, 0x7f, 0xd0, 0x0,
    0x0, 0x0, 0x7, 0xfd, 0x0, 0x0, 0xf, 0xff,
    0xff, 0xff, 0xff, 0x70, 0xff, 0xff, 0xff, 0xff,
    0xf7, 0x2, 0x22, 0x9f, 0xf2, 0x22, 0x0, 0x0,
    0x7, 0xfd, 0x0, 0x0, 0x0, 0x0, 0x7f, 0xd0,
    0x0, 0x0, 0x0, 0x7, 0xfd, 0x0, 0x0, 0x2,
    0x22, 0x9f, 0xf2, 0x22, 0x10, 0xff, 0xff, 0xff,
    0xff, 0xf7, 0xf, 0xff, 0xff, 0xff, 0xff, 0x70,
    0x0, 0x7, 0xfd, 0x0, 0x0, 0x0, 0x0, 0x7f,
    0xd0, 0x0, 0x0, 0x0, 0x7, 0xfd, 0x0, 0x0,
    0x0, 0x0, 0x7f, 0xd0, 0x0, 0x0,

    /* U+2022 "•" */
    0x0, 0x6a, 0x92, 0x0, 0x8f, 0xff, 0xf2, 0xf,
    0xff, 0xff, 0x80, 0xff, 0xff, 0xf8, 0xb, 0xff,
    0xff, 0x40, 0x1b, 0xfe, 0x60,

    /* U+2023 "‣" */
    0x20, 0x0, 0x0, 0xc, 0xa2, 0x0, 0x0, 0xdf,
    0xf8, 0x0, 0xd, 0xff, 0xfe, 0x60, 0xdf, 0xff,
    0xf9, 0x1d, 0xff, 0xb2, 0x0, 0xdc, 0x40, 0x0,
    0x4, 0x0, 0x0, 0x0,

    /* U+2024 "․" */
    0x44, 0x1f, 0xf5, 0xff, 0x50,

    /* U+2025 "‥" */
    0x44, 0x10, 0x0, 0x24, 0x3f, 0xf5, 0x0, 0x8,
    0xfb, 0xff, 0x50, 0x0, 0x8f, 0xb0,

    /* U+2026 "…" */
    0x0, 0x0, 0x0, 0x0, 0x0, 0x0, 0x0, 0xf,
    0xff, 0x7, 0xff, 0x80, 0xdf, 0xf2, 0xf, 0xff,
    0x7, 0xff, 0x80, 0xdf, 0xf2, 0xf, 0xff, 0x7,
    0xff, 0x80, 0xdf, 0xf2,

    /* U+203A "›" */
    0x7, 0x98, 0x0, 0x0, 0x3, 0xff, 0xa0, 0x0,
    0x0, 0x5f, 0xf8, 0x0, 0x0, 0x8, 0xff, 0x50,
    0x0, 0x0, 0xaf, 0xf0, 0x0, 0x0, 0x5f, 0xf0,
    0x0, 0x3, 0xff, 0xb0, 0x0, 0x1e, 0xfd, 0x0,
    0x0, 0xcf, 0xe2, 0x0, 0x9, 0xff, 0x30, 0x0,

    /* U+2713 "✓" */
    0x0, 0x0, 0x0, 0x0, 0x0, 0x0, 0x0, 0x2,
    0x10, 0x0, 0x0, 0x0, 0x0, 0x0, 0x0, 0xaf,
    0xf3, 0x0, 0x0, 0x0, 0x0, 0x0, 0x0, 0xbf,
    0xf3, 0x0, 0x0, 0x0, 0x0, 0x0, 0x0, 0x8f,
    0xf4, 0x0, 0x0, 0x0, 0x0, 0x0, 0x0, 0x4f,
    0xf7, 0x0, 0x0, 0x0, 0x0, 0x0, 0x0, 0x1e,
    0xfb, 0x0, 0x0, 0x0, 0x0, 0x0, 0x0, 0xa,
    0xfe, 0x10, 0x0, 0x0, 0x0, 0x0, 0x0, 0x4,
    0xff, 0x60, 0x0, 0x0, 0x0, 0x0, 0x0, 0x0,
    0xdf, 0xc0, 0x0, 0x0, 0x0, 0x0, 0x0, 0x0,
    0x7f, 0xf3, 0x0, 0x0, 0x0, 0x0, 0x0, 0x0,
    0xe, 0xf9, 0x0, 0x0, 0x0, 0x2, 0xdf, 0x60,
    0x6, 0xff, 0x10, 0x0, 0x0, 0x0, 0x7f, 0xff,
    0x60, 0xef, 0x90, 0x0, 0x0, 0x0, 0x0, 0xcf,
    0xff, 0x8f, 0xf2, 0x0, 0x0, 0x0, 0x0, 0x1,
    0xef, 0xff, 0xfb, 0x0, 0x0, 0x0, 0x0, 0x0,
    0x3, 0xff, 0xff, 0x40, 0x0, 0x0, 0x0, 0x0,
    0x0, 0x8, 0xff, 0xc0, 0x0, 0x0, 0x0, 0x0,
    0x0, 0x0, 0x2, 0x30, 0x0, 0x0, 0x0, 0x0,
    0x0,

    /* U+2717 "✗" */
    0x0, 0x3, 0x80, 0x0, 0x0, 0x0, 0x0, 0x0,
    0x8, 0xfb, 0x0, 0x0, 0x2e, 0xc0, 0x0, 0x5,
    0xff, 0x50, 0x2, 0xef, 0x70, 0x0, 0x1, 0xff,
    0xd0, 0x2e, 0xf9, 0x0, 0x0, 0x0, 0xef, 0xf6,
    0xef, 0xe0, 0x0, 0x0, 0x0, 0xaf, 0xff, 0xff,
    0x40, 0x0, 0x0, 0x0, 0x6f, 0xff, 0xfa, 0x0,
    0x0, 0x0, 0x0, 0x2f, 0xff, 0xe1, 0x0, 0x0,
    0x0, 0x0, 0x7f, 0xff, 0x90, 0x0, 0x0, 0x0,
    0x4, 0xff, 0xff, 0xa0, 0x0, 0x0, 0x0, 0x2f,
    0xff, 0xff, 0xe0, 0x0, 0x0, 0x1, 0xef, 0xfd,
    0xef, 0xf5, 0x0, 0x0, 0xd, 0xff, 0xc1, 0x6f,
    0xfd, 0x0, 0x0, 0xaf, 0xfd, 0x10, 0xc, 0xff,
    0x50, 0x0, 0xdf, 0xd1, 0x0, 0x0, 0x9f, 0x80,
    0x0, 0x2d, 0x20, 0x0, 0x0, 0x5, 0x0, 0x0,
    0x0, 0x0, 0x0, 0x0, 0x0, 0x0, 0x0
};


/*---------------------
 *  GLYPH DESCRIPTION
 *--------------------*/

static const lv_font_fmt_txt_glyph_dsc_t glyph_dsc[] = {
    {.bitmap_index = 0, .adv_w = 0, .box_w = 0, .box_h = 0, .ofs_x = 0, .ofs_y = 0} /* id = 0 reserved */,
    {.bitmap_index = 0, .adv_w = 89, .box_w = 0, .box_h = 0, .ofs_x = 0, .ofs_y = 0},
    {.bitmap_index = 0, .adv_w = 84, .box_w = 4, .box_h = 17, .ofs_x = 1, .ofs_y = 0},
    {.bitmap_index = 34, .adv_w = 133, .box_w = 7, .box_h = 7, .ofs_x = 1, .ofs_y = 10},
    {.bitmap_index = 59, .adv_w = 190, .box_w = 13, .box_h = 17, .ofs_x = -1, .ofs_y = 0},
    {.bitmap_index = 170, .adv_w = 237, .box_w = 13, .box_h = 22, .ofs_x = 1, .ofs_y = -2},
    {.bitmap_index = 313, .adv_w = 298, .box_w = 18, .box_h = 17, .ofs_x = 0, .ofs_y = 0},
    {.bitmap_index = 466, .adv_w = 239, .box_w = 15, .box_h = 17, .ofs_x = 0, .ofs_y = 0},
    {.bitmap_index = 594, .adv_w = 68, .box_w = 3, .box_h = 7, .ofs_x = 1, .ofs_y = 10},
    {.bitmap_index = 605, .adv_w = 107, .box_w = 6, .box_h = 21, .ofs_x = 1, .ofs_y = -3},
    {.bitmap_index = 668, .adv_w = 107, .box_w = 6, .box_h = 21, .ofs_x = 0, .ofs_y = -3},
    {.bitmap_index = 731, .adv_w = 157, .box_w = 9, .box_h = 10, .ofs_x = 0, .ofs_y = 8},
    {.bitmap_index = 776, .adv_w = 207, .box_w = 12, .box_h = 12, .ofs_x = 0, .ofs_y = 1},
    {.bitmap_index = 848, .adv_w = 78, .box_w = 4, .box_h = 8, .ofs_x = 0, .ofs_y = -4},
    {.bitmap_index = 864, .adv_w = 154, .box_w = 9, .box_h = 3, .ofs_x = 0, .ofs_y = 6},
    {.bitmap_index = 878, .adv_w = 78, .box_w = 4, .box_h = 4, .ofs_x = 0, .ofs_y = 0},
    {.bitmap_index = 886, .adv_w = 182, .box_w = 10, .box_h = 21, .ofs_x = 0, .ofs_y = -3},
    {.bitmap_index = 991, .adv_w = 248, .box_w = 14, .box_h = 17, .ofs_x = 1, .ofs_y = 0},
    {.bitmap_index = 1110, .adv_w = 149, .box_w = 7, .box_h = 17, .ofs_x = 0, .ofs_y = 0},
    {.bitmap_index = 1170, .adv_w = 232, .box_w = 13, .box_h = 17, .ofs_x = 1, .ofs_y = 0},
    {.bitmap_index = 1281, .adv_w = 230, .box_w = 13, .box_h = 17, .ofs_x = 1, .ofs_y = 0},
    {.bitmap_index = 1392, .adv_w = 231, .box_w = 14, .box_h = 17, .ofs_x = 0, .ofs_y = 0},
    {.bitmap_index = 1511, .adv_w = 236, .box_w = 13, .box_h = 17, .ofs_x = 1, .ofs_y = 0},
    {.bitmap_index = 1622, .adv_w = 222, .box_w = 13, .box_h = 17, .ofs_x = 1, .ofs_y = 0},
    {.bitmap_index = 1733, .adv_w = 195, .box_w = 13, .box_h = 17, .ofs_x = 0, .ofs_y = 0},
    {.bitmap_index = 1844, .adv_w = 230, .box_w = 14, .box_h = 17, .ofs_x = 0, .ofs_y = 0},
    {.bitmap_index = 1963, .adv_w = 223, .box_w = 13, .box_h = 17, .ofs_x = 0, .ofs_y = 0},
    {.bitmap_index = 2074, .adv_w = 111, .box_w = 4, .box_h = 12, .ofs_x = 1, .ofs_y = 0},
    {.bitmap_index = 2098, .adv_w = 111, .box_w = 4, .box_h = 16, .ofs_x = 1, .ofs_y = -4},
    {.bitmap_index = 2130, .adv_w = 201, .box_w = 12, .box_h = 14, .ofs_x = 0, .ofs_y = 0},
    {.bitmap_index = 2214, .adv_w = 200, .box_w = 12, .box_h = 8, .ofs_x = 0, .ofs_y = 3},
    {.bitmap_index = 2262, .adv_w = 201, .box_w = 11, .box_h = 14, .ofs_x = 1, .ofs_y = 0},
    {.bitmap_index = 2339, .adv_w = 210, .box_w = 13, .box_h = 17, .ofs_x = 0, .ofs_y = 0},
    {.bitmap_index = 2450, .adv_w = 340, .box_w = 20, .box_h = 20, .ofs_x = 1, .ofs_y = -3},
    {.bitmap_index = 2650, .adv_w = 254, .box_w = 16, .box_h = 17, .ofs_x = 0, .ofs_y = 0},
    {.bitmap_index = 2786, .adv_w = 253, .box_w = 14, .box_h = 17, .ofs_x = 1, .ofs_y = 0},
    {.bitmap_index = 2905, .adv_w = 262, .box_w = 15, .box_h = 17, .ofs_x = 1, .ofs_y = 0},
    {.bitmap_index = 3033, .adv_w = 258, .box_w = 15, .box_h = 17, .ofs_x = 1, .ofs_y = 0},
    {.bitmap_index = 3161, .adv_w = 224, .box_w = 12, .box_h = 17, .ofs_x = 1, .ofs_y = 0},
    {.bitmap_index = 3263, .adv_w = 219, .box_w = 12, .box_h = 17, .ofs_x = 1, .ofs_y = 0},
    {.bitmap_index = 3365, .adv_w = 262, .box_w = 15, .box_h = 17, .ofs_x = 1, .ofs_y = 0},
    {.bitmap_index = 3493, .adv_w = 263, .box_w = 14, .box_h = 17, .ofs_x = 1, .ofs_y = 0},
    {.bitmap_index = 3612, .adv_w = 103, .box_w = 4, .box_h = 17, .ofs_x = 1, .ofs_y = 0},
    {.bitmap_index = 3646, .adv_w = 223, .box_w = 12, .box_h = 17, .ofs_x = 1, .ofs_y = 0},
    {.bitmap_index = 3748, .adv_w = 241, .box_w = 14, .box_h = 17, .ofs_x = 1, .ofs_y = 0},
    {.bitmap_index = 3867, .adv_w = 215, .box_w = 12, .box_h = 17, .ofs_x = 1, .ofs_y = 0},
    {.bitmap_index = 3969, .adv_w = 328, .box_w = 18, .box_h = 17, .ofs_x = 1, .ofs_y = 0},
    {.bitmap_index = 4122, .adv_w = 274, .box_w = 15, .box_h = 17, .ofs_x = 1, .ofs_y = 0},
    {.bitmap_index = 4250, .adv_w = 276, .box_w = 16, .box_h = 17, .ofs_x = 1, .ofs_y = 0},
    {.bitmap_index = 4386, .adv_w = 242, .box_w = 13, .box_h = 17, .ofs_x = 1, .ofs_y = 0},
    {.bitmap_index = 4497, .adv_w = 274, .box_w = 16, .box_h = 18, .ofs_x = 1, .ofs_y = -1},
    {.bitmap_index = 4641, .adv_w = 250, .box_w = 14, .box_h = 17, .ofs_x = 1, .ofs_y = 0},
    {.bitmap_index = 4760, .adv_w = 241, .box_w = 13, .box_h = 17, .ofs_x = 1, .ofs_y = 0},
    {.bitmap_index = 4871, .adv_w = 209, .box_w = 13, .box_h = 17, .ofs_x = 0, .ofs_y = 0},
    {.bitmap_index = 4982, .adv_w = 255, .box_w = 14, .box_h = 17, .ofs_x = 1, .ofs_y = 0},
    {.bitmap_index = 5101, .adv_w = 253, .box_w = 16, .box_h = 17, .ofs_x = 0, .ofs_y = 0},
    {.bitmap_index = 5237, .adv_w = 356, .box_w = 22, .box_h = 17, .ofs_x = 0, .ofs_y = 0},
    {.bitmap_index = 5424, .adv_w = 233, .box_w = 15, .box_h = 17, .ofs_x = 0, .ofs_y = 0},
    {.bitmap_index = 5552, .adv_w = 219, .box_w = 15, .box_h = 17, .ofs_x = -1, .ofs_y = 0},
    {.bitmap_index = 5680, .adv_w = 206, .box_w = 13, .box_h = 17, .ofs_x = 0, .ofs_y = 0},
    {.bitmap_index = 5791, .adv_w = 133, .box_w = 7, .box_h = 21, .ofs_x = 1, .ofs_y = -3},
    {.bitmap_index = 5865, .adv_w = 173, .box_w = 10, .box_h = 21, .ofs_x = 0, .ofs_y = -3},
    {.bitmap_index = 5970, .adv_w = 133, .box_w = 7, .box_h = 21, .ofs_x = 0, .ofs_y = -3},
    {.bitmap_index = 6044, .adv_w = 161, .box_w = 10, .box_h = 7, .ofs_x = 0, .ofs_y = 9},
    {.bitmap_index = 6079, .adv_w = 205, .box_w = 12, .box_h = 3, .ofs_x = 0, .ofs_y = -2},
    {.bitmap_index = 6097, .adv_w = 95, .box_w = 5, .box_h = 4, .ofs_x = 0, .ofs_y = 14},
    {.bitmap_index = 6107, .adv_w = 208, .box_w = 13, .box_h = 13, .ofs_x = 0, .ofs_y = 0},
    {.bitmap_index = 6192, .adv_w = 224, .box_w = 13, .box_h = 17, .ofs_x = 1, .ofs_y = 0},
    {.bitmap_index = 6303, .adv_w = 207, .box_w = 13, .box_h = 13, .ofs_x = 0, .ofs_y = 0},
    {.bitmap_index = 6388, .adv_w = 224, .box_w = 13, .box_h = 17, .ofs_x = 0, .ofs_y = 0},
    {.bitmap_index = 6499, .adv_w = 212, .box_w = 13, .box_h = 13, .ofs_x = 0, .ofs_y = 0},
    {.bitmap_index = 6584, .adv_w = 152, .box_w = 8, .box_h = 17, .ofs_x = 1, .ofs_y = 0},
    {.bitmap_index = 6652, .adv_w = 223, .box_w = 13, .box_h = 17, .ofs_x = 0, .ofs_y = -4},
    {.bitmap_index = 6763, .adv_w = 217, .box_w = 11, .box_h = 17, .ofs_x = 1, .ofs_y = 0},
    {.bitmap_index = 6857, .adv_w = 94, .box_w = 4, .box_h = 17, .ofs_x = 1, .ofs_y = 0},
    {.bitmap_index = 6891, .adv_w = 105, .box_w = 6, .box_h = 21, .ofs_x = -1, .ofs_y = -4},
    {.bitmap_index = 6954, .adv_w = 224, .box_w = 12, .box_h = 17, .ofs_x = 1, .ofs_y = 0},
    {.bitmap_index = 7056, .adv_w = 104, .box_w = 5, .box_h = 17, .ofs_x = 1, .ofs_y = 0},
    {.bitmap_index = 7099, .adv_w = 326, .box_w = 18, .box_h = 13, .ofs_x = 1, .ofs_y = 0},
    {.bitmap_index = 7216, .adv_w = 217, .box_w = 11, .box_h = 13, .ofs_x = 1, .ofs_y = 0},
    {.bitmap_index = 7288, .adv_w = 216, .box_w = 13, .box_h = 13, .ofs_x = 0, .ofs_y = 0},
    {.bitmap_index = 7373, .adv_w = 224, .box_w = 13, .box_h = 17, .ofs_x = 1, .ofs_y = -4},
    {.bitmap_index = 7484, .adv_w = 224, .box_w = 13, .box_h = 17, .ofs_x = 0, .ofs_y = -4},
    {.bitmap_index = 7595, .adv_w = 145, .box_w = 8, .box_h = 13, .ofs_x = 1, .ofs_y = 0},
    {.bitmap_index = 7647, .adv_w = 198, .box_w = 12, .box_h = 13, .ofs_x = 0, .ofs_y = 0},
    {.bitmap_index = 7725, .adv_w = 151, .box_w = 8, .box_h = 16, .ofs_x = 1, .ofs_y = 0},
    {.bitmap_index = 7789, .adv_w = 216, .box_w = 11, .box_h = 13, .ofs_x = 1, .ofs_y = 0},
    {.bitmap_index = 7861, .adv_w = 206, .box_w = 13, .box_h = 13, .ofs_x = 0, .ofs_y = 0},
    {.bitmap_index = 7946, .adv_w = 305, .box_w = 19, .box_h = 13, .ofs_x = 0, .ofs_y = 0},
    {.bitmap_index = 8070, .adv_w = 223, .box_w = 12, .box_h = 13, .ofs_x = 1, .ofs_y = 0},
    {.bitmap_index = 8148, .adv_w = 204, .box_w = 13, .box_h = 17, .ofs_x = 0, .ofs_y = -4},
    {.bitmap_index = 8259, .adv_w = 203, .box_w = 11, .box_h = 13, .ofs_x = 1, .ofs_y = 0},
    {.bitmap_index = 8331, .adv_w = 145, .box_w = 8, .box_h = 21, .ofs_x = 1, .ofs_y = -3},
    {.bitmap_index = 8415, .adv_w = 101, .box_w = 4, .box_h = 21, .ofs_x = 1, .ofs_y = -3},
    {.bitmap_index = 8457, .adv_w = 145, .box_w = 9, .box_h = 21, .ofs_x = 0, .ofs_y = -3},
    {.bitmap_index = 8552, .adv_w = 192, .box_w = 12, .box_h = 5, .ofs_x = 0, .ofs_y = 6},
    {.bitmap_index = 8582, .adv_w = 89, .box_w = 0, .box_h = 0, .ofs_x = 0, .ofs_y = 0},
    {.bitmap_index = 8582, .adv_w = 84, .box_w = 4, .box_h = 17, .ofs_x = 1, .ofs_y = -4},
    {.bitmap_index = 8616, .adv_w = 207, .box_w = 13, .box_h = 17, .ofs_x = 0, .ofs_y = 0},
    {.bitmap_index = 8727, .adv_w = 229, .box_w = 13, .box_h = 17, .ofs_x = 1, .ofs_y = 0},
    {.bitmap_index = 8838, .adv_w = 231, .box_w = 13, .box_h = 14, .ofs_x = 1, .ofs_y = 1},
    {.bitmap_index = 8929, .adv_w = 219, .box_w = 15, .box_h = 17, .ofs_x = -1, .ofs_y = 0},
    {.bitmap_index = 9057, .adv_w = 101, .box_w = 4, .box_h = 21, .ofs_x = 1, .ofs_y = -3},
    {.bitmap_index = 9099, .adv_w = 209, .box_w = 11, .box_h = 19, .ofs_x = 1, .ofs_y = -2},
    {.bitmap_index = 9204, .adv_w = 139, .box_w = 8, .box_h = 3, .ofs_x = 0, .ofs_y = 15},
    {.bitmap_index = 9216, .adv_w = 304, .box_w = 17, .box_h = 18, .ofs_x = 1, .ofs_y = 0},
    {.bitmap_index = 9369, .adv_w = 151, .box_w = 9, .box_h = 8, .ofs_x = 0, .ofs_y = 8},
    {.bitmap_index = 9405, .adv_w = 210, .box_w = 13, .box_h = 10, .ofs_x = 0, .ofs_y = 2},
    {.bitmap_index = 9470, .adv_w = 185, .box_w = 11, .box_h = 6, .ofs_x = 0, .ofs_y = 2},
    {.bitmap_index = 9503, .adv_w = 123, .box_w = 7, .box_h = 2, .ofs_x = 0, .ofs_y = 5},
    {.bitmap_index = 9510, .adv_w = 236, .box_w = 13, .box_h = 15, .ofs_x = 1, .ofs_y = 3},
    {.bitmap_index = 9608, .adv_w = 133, .box_w = 8, .box_h = 3, .ofs_x = 0, .ofs_y = 15},
    {.bitmap_index = 9620, .adv_w = 152, .box_w = 9, .box_h = 8, .ofs_x = 0, .ofs_y = 9},
    {.bitmap_index = 9656, .adv_w = 199, .box_w = 12, .box_h = 14, .ofs_x = 0, .ofs_y = 0},
    {.bitmap_index = 9740, .adv_w = 131, .box_w = 8, .box_h = 9, .ofs_x = 0, .ofs_y = 7},
    {.bitmap_index = 9776, .adv_w = 127, .box_w = 8, .box_h = 9, .ofs_x = 0, .ofs_y = 7},
    {.bitmap_index = 9812, .adv_w = 95, .box_w = 5, .box_h = 4, .ofs_x = 0, .ofs_y = 14},
    {.bitmap_index = 9822, .adv_w = 216, .box_w = 11, .box_h = 15, .ofs_x = 1, .ofs_y = -3},
    {.bitmap_index = 9905, .adv_w = 227, .box_w = 12, .box_h = 17, .ofs_x = 1, .ofs_y = 0},
    {.bitmap_index = 10007, .adv_w = 78, .box_w = 4, .box_h = 4, .ofs_x = 0, .ofs_y = 6},
    {.bitmap_index = 10015, .adv_w = 118, .box_w = 7, .box_h = 7, .ofs_x = 0, .ofs_y = -6},
    {.bitmap_index = 10040, .adv_w = 94, .box_w = 5, .box_h = 9, .ofs_x = 0, .ofs_y = 7},
    {.bitmap_index = 10063, .adv_w = 158, .box_w = 9, .box_h = 8, .ofs_x = 0, .ofs_y = 8},
    {.bitmap_index = 10099, .adv_w = 212, .box_w = 13, .box_h = 10, .ofs_x = 0, .ofs_y = 2},
    {.bitmap_index = 10164, .adv_w = 276, .box_w = 17, .box_h = 17, .ofs_x = 0, .ofs_y = 0},
    {.bitmap_index = 10309, .adv_w = 300, .box_w = 18, .box_h = 18, .ofs_x = 0, .ofs_y = 0},
    {.bitmap_index = 10471, .adv_w = 296, .box_w = 19, .box_h = 17, .ofs_x = 0, .ofs_y = 0},
    {.bitmap_index = 10633, .adv_w = 210, .box_w = 13, .box_h = 17, .ofs_x = 0, .ofs_y = -4},
    {.bitmap_index = 10744, .adv_w = 254, .box_w = 16, .box_h = 22, .ofs_x = 0, .ofs_y = 0},
    {.bitmap_index = 10920, .adv_w = 254, .box_w = 16, .box_h = 22, .ofs_x = 0, .ofs_y = 0},
    {.bitmap_index = 11096, .adv_w = 254, .box_w = 16, .box_h = 22, .ofs_x = 0, .ofs_y = 0},
    {.bitmap_index = 11272, .adv_w = 254, .box_w = 16, .box_h = 22, .ofs_x = 0, .ofs_y = 0},
    {.bitmap_index = 11448, .adv_w = 254, .box_w = 16, .box_h = 22, .ofs_x = 0, .ofs_y = 0},
    {.bitmap_index = 11624, .adv_w = 254, .box_w = 16, .box_h = 24, .ofs_x = 0, .ofs_y = 0},
    {.bitmap_index = 11816, .adv_w = 366, .box_w = 22, .box_h = 17, .ofs_x = 0, .ofs_y = 0},
    {.bitmap_index = 12003, .adv_w = 262, .box_w = 15, .box_h = 23, .ofs_x = 1, .ofs_y = -6},
    {.bitmap_index = 12176, .adv_w = 224, .box_w = 12, .box_h = 22, .ofs_x = 1, .ofs_y = 0},
    {.bitmap_index = 12308, .adv_w = 224, .box_w = 12, .box_h = 22, .ofs_x = 1, .ofs_y = 0},
    {.bitmap_index = 12440, .adv_w = 224, .box_w = 12, .box_h = 22, .ofs_x = 1, .ofs_y = 0},
    {.bitmap_index = 12572, .adv_w = 224, .box_w = 12, .box_h = 22, .ofs_x = 1, .ofs_y = 0},
    {.bitmap_index = 12704, .adv_w = 103, .box_w = 5, .box_h = 22, .ofs_x = 0, .ofs_y = 0},
    {.bitmap_index = 12759, .adv_w = 103, .box_w = 6, .box_h = 22, .ofs_x = 1, .ofs_y = 0},
    {.bitmap_index = 12825, .adv_w = 103, .box_w = 8, .box_h = 22, .ofs_x = -1, .ofs_y = 0},
    {.bitmap_index = 12913, .adv_w = 103, .box_w = 8, .box_h = 22, .ofs_x = -1, .ofs_y = 0},
    {.bitmap_index = 13001, .adv_w = 258, .box_w = 16, .box_h = 17, .ofs_x = 0, .ofs_y = 0},
    {.bitmap_index = 13137, .adv_w = 274, .box_w = 15, .box_h = 22, .ofs_x = 1, .ofs_y = 0},
    {.bitmap_index = 13302, .adv_w = 276, .box_w = 16, .box_h = 22, .ofs_x = 1, .ofs_y = 0},
    {.bitmap_index = 13478, .adv_w = 276, .box_w = 16, .box_h = 22, .ofs_x = 1, .ofs_y = 0},
    {.bitmap_index = 13654, .adv_w = 276, .box_w = 16, .box_h = 22, .ofs_x = 1, .ofs_y = 0},
    {.bitmap_index = 13830, .adv_w = 276, .box_w = 16, .box_h = 22, .ofs_x = 1, .ofs_y = 0},
    {.bitmap_index = 14006, .adv_w = 276, .box_w = 16, .box_h = 22, .ofs_x = 1, .ofs_y = 0},
    {.bitmap_index = 14182, .adv_w = 190, .box_w = 11, .box_h = 12, .ofs_x = 0, .ofs_y = 1},
    {.bitmap_index = 14248, .adv_w = 276, .box_w = 16, .box_h = 17, .ofs_x = 1, .ofs_y = 0},
    {.bitmap_index = 14384, .adv_w = 255, .box_w = 14, .box_h = 22, .ofs_x = 1, .ofs_y = 0},
    {.bitmap_index = 14538, .adv_w = 255, .box_w = 14, .box_h = 22, .ofs_x = 1, .ofs_y = 0},
    {.bitmap_index = 14692, .adv_w = 255, .box_w = 14, .box_h = 22, .ofs_x = 1, .ofs_y = 0},
    {.bitmap_index = 14846, .adv_w = 255, .box_w = 14, .box_h = 22, .ofs_x = 1, .ofs_y = 0},
    {.bitmap_index = 15000, .adv_w = 219, .box_w = 15, .box_h = 22, .ofs_x = -1, .ofs_y = 0},
    {.bitmap_index = 15165, .adv_w = 231, .box_w = 13, .box_h = 17, .ofs_x = 1, .ofs_y = 0},
    {.bitmap_index = 15276, .adv_w = 224, .box_w = 13, .box_h = 17, .ofs_x = 1, .ofs_y = 0},
    {.bitmap_index = 15387, .adv_w = 208, .box_w = 13, .box_h = 17, .ofs_x = 0, .ofs_y = 0},
    {.bitmap_index = 15498, .adv_w = 208, .box_w = 13, .box_h = 17, .ofs_x = 0, .ofs_y = 0},
    {.bitmap_index = 15609, .adv_w = 208, .box_w = 13, .box_h = 18, .ofs_x = 0, .ofs_y = 0},
    {.bitmap_index = 15726, .adv_w = 208, .box_w = 13, .box_h = 17, .ofs_x = 0, .ofs_y = 0},
    {.bitmap_index = 15837, .adv_w = 208, .box_w = 13, .box_h = 17, .ofs_x = 0, .ofs_y = 0},
    {.bitmap_index = 15948, .adv_w = 208, .box_w = 13, .box_h = 20, .ofs_x = 0, .ofs_y = 0},
    {.bitmap_index = 16078, .adv_w = 343, .box_w = 21, .box_h = 13, .ofs_x = 0, .ofs_y = 0},
    {.bitmap_index = 16215, .adv_w = 207, .box_w = 13, .box_h = 19, .ofs_x = 0, .ofs_y = -6},
    {.bitmap_index = 16339, .adv_w = 212, .box_w = 13, .box_h = 17, .ofs_x = 0, .ofs_y = 0},
    {.bitmap_index = 16450, .adv_w = 212, .box_w = 13, .box_h = 17, .ofs_x = 0, .ofs_y = 0},
    {.bitmap_index = 16561, .adv_w = 212, .box_w = 13, .box_h = 18, .ofs_x = 0, .ofs_y = 0},
    {.bitmap_index = 16678, .adv_w = 212, .box_w = 13, .box_h = 17, .ofs_x = 0, .ofs_y = 0},
    {.bitmap_index = 16789, .adv_w = 94, .box_w = 5, .box_h = 17, .ofs_x = 0, .ofs_y = 0},
    {.bitmap_index = 16832, .adv_w = 94, .box_w = 5, .box_h = 17, .ofs_x = 1, .ofs_y = 0},
    {.bitmap_index = 16875, .adv_w = 94, .box_w = 8, .box_h = 18, .ofs_x = -1, .ofs_y = 0},
    {.bitmap_index = 16947, .adv_w = 94, .box_w = 6, .box_h = 17, .ofs_x = 0, .ofs_y = 0},
    {.bitmap_index = 16998, .adv_w = 216, .box_w = 13, .box_h = 18, .ofs_x = 0, .ofs_y = 0},
    {.bitmap_index = 17115, .adv_w = 217, .box_w = 11, .box_h = 17, .ofs_x = 1, .ofs_y = 0},
    {.bitmap_index = 17209, .adv_w = 216, .box_w = 13, .box_h = 17, .ofs_x = 0, .ofs_y = 0},
    {.bitmap_index = 17320, .adv_w = 216, .box_w = 13, .box_h = 17, .ofs_x = 0, .ofs_y = 0},
    {.bitmap_index = 17431, .adv_w = 216, .box_w = 13, .box_h = 18, .ofs_x = 0, .ofs_y = 0},
    {.bitmap_index = 17548, .adv_w = 216, .box_w = 13, .box_h = 17, .ofs_x = 0, .ofs_y = 0},
    {.bitmap_index = 17659, .adv_w = 216, .box_w = 13, .box_h = 17, .ofs_x = 0, .ofs_y = 0},
    {.bitmap_index = 17770, .adv_w = 202, .box_w = 12, .box_h = 12, .ofs_x = 0, .ofs_y = 1},
    {.bitmap_index = 17842, .adv_w = 216, .box_w = 13, .box_h = 13, .ofs_x = 0, .ofs_y = 0},
    {.bitmap_index = 17927, .adv_w = 216, .box_w = 11, .box_h = 17, .ofs_x = 1, .ofs_y = 0},
    {.bitmap_index = 18021, .adv_w = 216, .box_w = 11, .box_h = 17, .ofs_x = 1, .ofs_y = 0},
    {.bitmap_index = 18115, .adv_w = 216, .box_w = 11, .box_h = 18, .ofs_x = 1, .ofs_y = 0},
    {.bitmap_index = 18214, .adv_w = 216, .box_w = 11, .box_h = 17, .ofs_x = 1, .ofs_y = 0},
    {.bitmap_index = 18308, .adv_w = 204, .box_w = 13, .box_h = 21, .ofs_x = 0, .ofs_y = -4},
    {.bitmap_index = 18445, .adv_w = 223, .box_w = 12, .box_h = 21, .ofs_x = 1, .ofs_y = -4},
    {.bitmap_index = 18571, .adv_w = 204, .box_w = 13, .box_h = 21, .ofs_x = 0, .ofs_y = -4},
    {.bitmap_index = 18708, .adv_w = 254, .box_w = 16, .box_h = 22, .ofs_x = 0, .ofs_y = 0},
    {.bitmap_index = 18884, .adv_w = 208, .box_w = 13, .box_h = 17, .ofs_x = 0, .ofs_y = 0},
    {.bitmap_index = 18995, .adv_w = 254, .box_w = 16, .box_h = 22, .ofs_x = 0, .ofs_y = 0},
    {.bitmap_index = 19171, .adv_w = 208, .box_w = 13, .box_h = 18, .ofs_x = 0, .ofs_y = 0},
    {.bitmap_index = 19288, .adv_w = 254, .box_w = 17, .box_h = 22, .ofs_x = 0, .ofs_y = -5},
    {.bitmap_index = 19475, .adv_w = 208, .box_w = 14, .box_h = 18, .ofs_x = 0, .ofs_y = -5},
    {.bitmap_index = 19601, .adv_w = 262, .box_w = 15, .box_h = 22, .ofs_x = 1, .ofs_y = 0},
    {.bitmap_index = 19766, .adv_w = 207, .box_w = 13, .box_h = 17, .ofs_x = 0, .ofs_y = 0},
    {.bitmap_index = 19877, .adv_w = 262, .box_w = 15, .box_h = 22, .ofs_x = 1, .ofs_y = 0},
    {.bitmap_index = 20042, .adv_w = 207, .box_w = 13, .box_h = 18, .ofs_x = 0, .ofs_y = 0},
    {.bitmap_index = 20159, .adv_w = 262, .box_w = 15, .box_h = 22, .ofs_x = 1, .ofs_y = 0},
    {.bitmap_index = 20324, .adv_w = 207, .box_w = 13, .box_h = 17, .ofs_x = 0, .ofs_y = 0},
    {.bitmap_index = 20435, .adv_w = 262, .box_w = 15, .box_h = 22, .ofs_x = 1, .ofs_y = 0},
    {.bitmap_index = 20600, .adv_w = 207, .box_w = 13, .box_h = 18, .ofs_x = 0, .ofs_y = 0},
    {.bitmap_index = 20717, .adv_w = 258, .box_w = 15, .box_h = 22, .ofs_x = 1, .ofs_y = 0},
    {.bitmap_index = 20882, .adv_w = 253, .box_w = 17, .box_h = 17, .ofs_x = 0, .ofs_y = 0},
    {.bitmap_index = 21027, .adv_w = 258, .box_w = 16, .box_h = 17, .ofs_x = 0, .ofs_y = 0},
    {.bitmap_index = 21163, .adv_w = 224, .box_w = 14, .box_h = 17, .ofs_x = 0, .ofs_y = 0},
    {.bitmap_index = 21282, .adv_w = 224, .box_w = 12, .box_h = 22, .ofs_x = 1, .ofs_y = 0},
    {.bitmap_index = 21414, .adv_w = 212, .box_w = 13, .box_h = 17, .ofs_x = 0, .ofs_y = 0},
    {.bitmap_index = 21525, .adv_w = 245, .box_w = 14, .box_h = 21, .ofs_x = 1, .ofs_y = 0},
    {.bitmap_index = 21672, .adv_w = 205, .box_w = 12, .box_h = 16, .ofs_x = 0, .ofs_y = 0},
    {.bitmap_index = 21768, .adv_w = 224, .box_w = 12, .box_h = 22, .ofs_x = 1, .ofs_y = 0},
    {.bitmap_index = 21900, .adv_w = 212, .box_w = 13, .box_h = 17, .ofs_x = 0, .ofs_y = 0},
    {.bitmap_index = 22011, .adv_w = 224, .box_w = 13, .box_h = 22, .ofs_x = 1, .ofs_y = -5},
    {.bitmap_index = 22154, .adv_w = 212, .box_w = 13, .box_h = 18, .ofs_x = 0, .ofs_y = -5},
    {.bitmap_index = 22271, .adv_w = 224, .box_w = 12, .box_h = 22, .ofs_x = 1, .ofs_y = 0},
    {.bitmap_index = 22403, .adv_w = 212, .box_w = 13, .box_h = 18, .ofs_x = 0, .ofs_y = 0},
    {.bitmap_index = 22520, .adv_w = 262, .box_w = 15, .box_h = 22, .ofs_x = 1, .ofs_y = 0},
    {.bitmap_index = 22685, .adv_w = 223, .box_w = 13, .box_h = 22, .ofs_x = 0, .ofs_y = -4},
    {.bitmap_index = 22828, .adv_w = 262, .box_w = 15, .box_h = 22, .ofs_x = 1, .ofs_y = 0},
    {.bitmap_index = 22993, .adv_w = 223, .box_w = 13, .box_h = 22, .ofs_x = 0, .ofs_y = -4},
    {.bitmap_index = 23136, .adv_w = 262, .box_w = 15, .box_h = 22, .ofs_x = 1, .ofs_y = 0},
    {.bitmap_index = 23301, .adv_w = 223, .box_w = 13, .box_h = 21, .ofs_x = 0, .ofs_y = -4},
    {.bitmap_index = 23438, .adv_w = 262, .box_w = 15, .box_h = 23, .ofs_x = 1, .ofs_y = -6},
    {.bitmap_index = 23611, .adv_w = 223, .box_w = 13, .box_h = 23, .ofs_x = 0, .ofs_y = -4},
    {.bitmap_index = 23761, .adv_w = 263, .box_w = 14, .box_h = 22, .ofs_x = 1, .ofs_y = 0},
    {.bitmap_index = 23915, .adv_w = 217, .box_w = 13, .box_h = 22, .ofs_x = -1, .ofs_y = 0},
    {.bitmap_index = 24058, .adv_w = 263, .box_w = 17, .box_h = 17, .ofs_x = 0, .ofs_y = 0},
    {.bitmap_index = 24203, .adv_w = 217, .box_w = 12, .box_h = 17, .ofs_x = 0, .ofs_y = 0},
    {.bitmap_index = 24305, .adv_w = 103, .box_w = 8, .box_h = 22, .ofs_x = -1, .ofs_y = 0},
    {.bitmap_index = 24393, .adv_w = 94, .box_w = 8, .box_h = 17, .ofs_x = -1, .ofs_y = 0},
    {.bitmap_index = 24461, .adv_w = 103, .box_w = 7, .box_h = 22, .ofs_x = 0, .ofs_y = 0},
    {.bitmap_index = 24538, .adv_w = 94, .box_w = 8, .box_h = 17, .ofs_x = -1, .ofs_y = 0},
    {.bitmap_index = 24606, .adv_w = 102, .box_w = 8, .box_h = 21, .ofs_x = -1, .ofs_y = 0},
    {.bitmap_index = 24690, .adv_w = 82, .box_w = 7, .box_h = 16, .ofs_x = -1, .ofs_y = 0},
    {.bitmap_index = 24746, .adv_w = 103, .box_w = 6, .box_h = 22, .ofs_x = 0, .ofs_y = -5},
    {.bitmap_index = 24812, .adv_w = 94, .box_w = 5, .box_h = 22, .ofs_x = 0, .ofs_y = -5},
    {.bitmap_index = 24867, .adv_w = 103, .box_w = 4, .box_h = 22, .ofs_x = 1, .ofs_y = 0},
    {.bitmap_index = 24911, .adv_w = 94, .box_w = 4, .box_h = 13, .ofs_x = 1, .ofs_y = 0},
    {.bitmap_index = 24937, .adv_w = 320, .box_w = 18, .box_h = 17, .ofs_x = 1, .ofs_y = 0},
    {.bitmap_index = 25090, .adv_w = 193, .box_w = 10, .box_h = 21, .ofs_x = 1, .ofs_y = -4},
    {.bitmap_index = 25195, .adv_w = 223, .box_w = 14, .box_h = 22, .ofs_x = 1, .ofs_y = 0},
    {.bitmap_index = 25349, .adv_w = 105, .box_w = 8, .box_h = 21, .ofs_x = -1, .ofs_y = -4},
    {.bitmap_index = 25433, .adv_w = 241, .box_w = 14, .box_h = 23, .ofs_x = 1, .ofs_y = -6},
    {.bitmap_index = 25594, .adv_w = 224, .box_w = 12, .box_h = 23, .ofs_x = 1, .ofs_y = -6},
    {.bitmap_index = 25732, .adv_w = 161, .box_w = 10, .box_h = 12, .ofs_x = 1, .ofs_y = 0},
    {.bitmap_index = 25792, .adv_w = 215, .box_w = 12, .box_h = 22, .ofs_x = 1, .ofs_y = 0},
    {.bitmap_index = 25924, .adv_w = 104, .box_w = 5, .box_h = 21, .ofs_x = 1, .ofs_y = 0},
    {.bitmap_index = 25977, .adv_w = 215, .box_w = 12, .box_h = 23, .ofs_x = 1, .ofs_y = -6},
    {.bitmap_index = 26115, .adv_w = 104, .box_w = 5, .box_h = 23, .ofs_x = 1, .ofs_y = -6},
    {.bitmap_index = 26173, .adv_w = 215, .box_w = 12, .box_h = 17, .ofs_x = 1, .ofs_y = 0},
    {.bitmap_index = 26275, .adv_w = 126, .box_w = 8, .box_h = 17, .ofs_x = 1, .ofs_y = 0},
    {.bitmap_index = 26343, .adv_w = 205, .box_w = 12, .box_h = 16, .ofs_x = 1, .ofs_y = 0},
    {.bitmap_index = 26439, .adv_w = 117, .box_w = 7, .box_h = 16, .ofs_x = 1, .ofs_y = 0},
    {.bitmap_index = 26495, .adv_w = 215, .box_w = 13, .box_h = 17, .ofs_x = 0, .ofs_y = 0},
    {.bitmap_index = 26606, .adv_w = 104, .box_w = 6, .box_h = 17, .ofs_x = 0, .ofs_y = 0},
    {.bitmap_index = 26657, .adv_w = 274, .box_w = 15, .box_h = 22, .ofs_x = 1, .ofs_y = 0},
    {.bitmap_index = 26822, .adv_w = 217, .box_w = 11, .box_h = 17, .ofs_x = 1, .ofs_y = 0},
    {.bitmap_index = 26916, .adv_w = 274, .box_w = 15, .box_h = 23, .ofs_x = 1, .ofs_y = -6},
    {.bitmap_index = 27089, .adv_w = 217, .box_w = 11, .box_h = 19, .ofs_x = 1, .ofs_y = -6},
    {.bitmap_index = 27194, .adv_w = 274, .box_w = 15, .box_h = 22, .ofs_x = 1, .ofs_y = 0},
    {.bitmap_index = 27359, .adv_w = 217, .box_w = 11, .box_h = 18, .ofs_x = 1, .ofs_y = 0},
    {.bitmap_index = 27458, .adv_w = 230, .box_w = 14, .box_h = 16, .ofs_x = -1, .ofs_y = 0},
    {.bitmap_index = 27570, .adv_w = 274, .box_w = 15, .box_h = 21, .ofs_x = 1, .ofs_y = -4},
    {.bitmap_index = 27728, .adv_w = 217, .box_w = 11, .box_h = 17, .ofs_x = 1, .ofs_y = -4},
    {.bitmap_index = 27822, .adv_w = 276, .box_w = 16, .box_h = 22, .ofs_x = 1, .ofs_y = 0},
    {.bitmap_index = 27998, .adv_w = 216, .box_w = 13, .box_h = 17, .ofs_x = 0, .ofs_y = 0},
    {.bitmap_index = 28109, .adv_w = 286, .box_w = 16, .box_h = 21, .ofs_x = 1, .ofs_y = 0},
    {.bitmap_index = 28277, .adv_w = 205, .box_w = 12, .box_h = 16, .ofs_x = 0, .ofs_y = 0},
    {.bitmap_index = 28373, .adv_w = 276, .box_w = 16, .box_h = 22, .ofs_x = 1, .ofs_y = 0},
    {.bitmap_index = 28549, .adv_w = 216, .box_w = 13, .box_h = 17, .ofs_x = 0, .ofs_y = 0},
    {.bitmap_index = 28660, .adv_w = 404, .box_w = 24, .box_h = 17, .ofs_x = 1, .ofs_y = 0},
    {.bitmap_index = 28864, .adv_w = 357, .box_w = 22, .box_h = 13, .ofs_x = 0, .ofs_y = 0},
    {.bitmap_index = 29007, .adv_w = 250, .box_w = 14, .box_h = 22, .ofs_x = 1, .ofs_y = 0},
    {.bitmap_index = 29161, .adv_w = 145, .box_w = 8, .box_h = 17, .ofs_x = 1, .ofs_y = 0},
    {.bitmap_index = 29229, .adv_w = 250, .box_w = 14, .box_h = 23, .ofs_x = 1, .ofs_y = -6},
    {.bitmap_index = 29390, .adv_w = 145, .box_w = 8, .box_h = 19, .ofs_x = 1, .ofs_y = -6},
    {.bitmap_index = 29466, .adv_w = 250, .box_w = 14, .box_h = 22, .ofs_x = 1, .ofs_y = 0},
    {.bitmap_index = 29620, .adv_w = 145, .box_w = 8, .box_h = 18, .ofs_x = 1, .ofs_y = 0},
    {.bitmap_index = 29692, .adv_w = 241, .box_w = 13, .box_h = 22, .ofs_x = 1, .ofs_y = 0},
    {.bitmap_index = 29835, .adv_w = 198, .box_w = 12, .box_h = 17, .ofs_x = 0, .ofs_y = 0},
    {.bitmap_index = 29937, .adv_w = 241, .box_w = 13, .box_h = 22, .ofs_x = 1, .ofs_y = 0},
    {.bitmap_index = 30080, .adv_w = 198, .box_w = 12, .box_h = 18, .ofs_x = 0, .ofs_y = 0},
    {.bitmap_index = 30188, .adv_w = 241, .box_w = 13, .box_h = 23, .ofs_x = 1, .ofs_y = -6},
    {.bitmap_index = 30338, .adv_w = 198, .box_w = 12, .box_h = 19, .ofs_x = 0, .ofs_y = -6},
    {.bitmap_index = 30452, .adv_w = 241, .box_w = 13, .box_h = 22, .ofs_x = 1, .ofs_y = 0},
    {.bitmap_index = 30595, .adv_w = 198, .box_w = 12, .box_h = 18, .ofs_x = 0, .ofs_y = 0},
    {.bitmap_index = 30703, .adv_w = 209, .box_w = 13, .box_h = 23, .ofs_x = 0, .ofs_y = -6},
    {.bitmap_index = 30853, .adv_w = 151, .box_w = 8, .box_h = 22, .ofs_x = 1, .ofs_y = -6},
    {.bitmap_index = 30941, .adv_w = 209, .box_w = 13, .box_h = 22, .ofs_x = 0, .ofs_y = 0},
    {.bitmap_index = 31084, .adv_w = 153, .box_w = 9, .box_h = 19, .ofs_x = 1, .ofs_y = 0},
    {.bitmap_index = 31170, .adv_w = 209, .box_w = 13, .box_h = 17, .ofs_x = 0, .ofs_y = 0},
    {.bitmap_index = 31281, .adv_w = 151, .box_w = 8, .box_h = 16, .ofs_x = 1, .ofs_y = 0},
    {.bitmap_index = 31345, .adv_w = 255, .box_w = 14, .box_h = 22, .ofs_x = 1, .ofs_y = 0},
    {.bitmap_index = 31499, .adv_w = 216, .box_w = 11, .box_h = 17, .ofs_x = 1, .ofs_y = 0},
    {.bitmap_index = 31593, .adv_w = 255, .box_w = 14, .box_h = 22, .ofs_x = 1, .ofs_y = 0},
    {.bitmap_index = 31747, .adv_w = 216, .box_w = 11, .box_h = 17, .ofs_x = 1, .ofs_y = 0},
    {.bitmap_index = 31841, .adv_w = 255, .box_w = 14, .box_h = 22, .ofs_x = 1, .ofs_y = 0},
    {.bitmap_index = 31995, .adv_w = 216, .box_w = 11, .box_h = 18, .ofs_x = 1, .ofs_y = 0},
    {.bitmap_index = 32094, .adv_w = 255, .box_w = 14, .box_h = 24, .ofs_x = 1, .ofs_y = 0},
    {.bitmap_index = 32262, .adv_w = 216, .box_w = 11, .box_h = 20, .ofs_x = 1, .ofs_y = 0},
    {.bitmap_index = 32372, .adv_w = 255, .box_w = 14, .box_h = 22, .ofs_x = 1, .ofs_y = 0},
    {.bitmap_index = 32526, .adv_w = 216, .box_w = 11, .box_h = 17, .ofs_x = 1, .ofs_y = 0},
    {.bitmap_index = 32620, .adv_w = 255, .box_w = 14, .box_h = 22, .ofs_x = 1, .ofs_y = -5},
    {.bitmap_index = 32774, .adv_w = 216, .box_w = 12, .box_h = 18, .ofs_x = 1, .ofs_y = -5},
    {.bitmap_index = 32882, .adv_w = 356, .box_w = 22, .box_h = 22, .ofs_x = 0, .ofs_y = 0},
    {.bitmap_index = 33124, .adv_w = 305, .box_w = 19, .box_h = 18, .ofs_x = 0, .ofs_y = 0},
    {.bitmap_index = 33295, .adv_w = 219, .box_w = 15, .box_h = 22, .ofs_x = -1, .ofs_y = 0},
    {.bitmap_index = 33460, .adv_w = 204, .box_w = 13, .box_h = 22, .ofs_x = 0, .ofs_y = -4},
    {.bitmap_index = 33603, .adv_w = 219, .box_w = 15, .box_h = 22, .ofs_x = -1, .ofs_y = 0},
    {.bitmap_index = 33768, .adv_w = 206, .box_w = 13, .box_h = 22, .ofs_x = 0, .ofs_y = 0},
    {.bitmap_index = 33911, .adv_w = 203, .box_w = 11, .box_h = 17, .ofs_x = 1, .ofs_y = 0},
    {.bitmap_index = 34005, .adv_w = 206, .box_w = 13, .box_h = 22, .ofs_x = 0, .ofs_y = 0},
    {.bitmap_index = 34148, .adv_w = 203, .box_w = 11, .box_h = 17, .ofs_x = 1, .ofs_y = 0},
    {.bitmap_index = 34242, .adv_w = 206, .box_w = 13, .box_h = 22, .ofs_x = 0, .ofs_y = 0},
    {.bitmap_index = 34385, .adv_w = 203, .box_w = 11, .box_h = 18, .ofs_x = 1, .ofs_y = 0},
    {.bitmap_index = 34484, .adv_w = 82, .box_w = 6, .box_h = 16, .ofs_x = 1, .ofs_y = 0},
    {.bitmap_index = 34532, .adv_w = 205, .box_w = 13, .box_h = 16, .ofs_x = -1, .ofs_y = 0},
    {.bitmap_index = 34636, .adv_w = 272, .box_w = 16, .box_h = 16, .ofs_x = 0, .ofs_y = 0},
    {.bitmap_index = 34764, .adv_w = 241, .box_w = 14, .box_h = 16, .ofs_x = 1, .ofs_y = 0},
    {.bitmap_index = 34876, .adv_w = 205, .box_w = 11, .box_h = 16, .ofs_x = 1, .ofs_y = 0},
    {.bitmap_index = 34964, .adv_w = 205, .box_w = 11, .box_h = 16, .ofs_x = 1, .ofs_y = 0},
    {.bitmap_index = 35052, .adv_w = 205, .box_w = 11, .box_h = 16, .ofs_x = 1, .ofs_y = 0},
    {.bitmap_index = 35140, .adv_w = 266, .box_w = 16, .box_h = 16, .ofs_x = 0, .ofs_y = 0},
    {.bitmap_index = 35268, .adv_w = 282, .box_w = 17, .box_h = 17, .ofs_x = 1, .ofs_y = 0},
    {.bitmap_index = 35413, .adv_w = 213, .box_w = 14, .box_h = 13, .ofs_x = 0, .ofs_y = 0},
    {.bitmap_index = 35504, .adv_w = 266, .box_w = 16, .box_h = 16, .ofs_x = 0, .ofs_y = 0},
    {.bitmap_index = 35632, .adv_w = 290, .box_w = 17, .box_h = 16, .ofs_x = 0, .ofs_y = 0},
    {.bitmap_index = 35768, .adv_w = 241, .box_w = 14, .box_h = 16, .ofs_x = 0, .ofs_y = 0},
    {.bitmap_index = 35880, .adv_w = 205, .box_w = 12, .box_h = 16, .ofs_x = 0, .ofs_y = 0},
    {.bitmap_index = 35976, .adv_w = 205, .box_w = 12, .box_h = 17, .ofs_x = 0, .ofs_y = -5},
    {.bitmap_index = 36078, .adv_w = 245, .box_w = 13, .box_h = 16, .ofs_x = 1, .ofs_y = 0},
    {.bitmap_index = 36182, .adv_w = 268, .box_w = 15, .box_h = 17, .ofs_x = 1, .ofs_y = 0},
    {.bitmap_index = 36310, .adv_w = 222, .box_w = 13, .box_h = 16, .ofs_x = 0, .ofs_y = 0},
    {.bitmap_index = 36414, .adv_w = 225, .box_w = 14, .box_h = 20, .ofs_x = -1, .ofs_y = -4},
    {.bitmap_index = 36554, .adv_w = 190, .box_w = 11, .box_h = 17, .ofs_x = 1, .ofs_y = 0},
    {.bitmap_index = 36648, .adv_w = 291, .box_w = 18, .box_h = 17, .ofs_x = 1, .ofs_y = 0},
    {.bitmap_index = 36801, .adv_w = 239, .box_w = 15, .box_h = 21, .ofs_x = 0, .ofs_y = -5},
    {.bitmap_index = 36959, .adv_w = 297, .box_w = 17, .box_h = 16, .ofs_x = 1, .ofs_y = 0},
    {.bitmap_index = 37095, .adv_w = 90, .box_w = 5, .box_h = 16, .ofs_x = 1, .ofs_y = 0},
    {.bitmap_index = 37135, .adv_w = 118, .box_w = 8, .box_h = 16, .ofs_x = 0, .ofs_y = 0},
    {.bitmap_index = 37199, .adv_w = 245, .box_w = 15, .box_h = 16, .ofs_x = 1, .ofs_y = 0},
    {.bitmap_index = 37319, .adv_w = 184, .box_w = 11, .box_h = 16, .ofs_x = 1, .ofs_y = 0},
    {.bitmap_index = 37407, .adv_w = 118, .box_w = 8, .box_h = 16, .ofs_x = 0, .ofs_y = 0},
    {.bitmap_index = 37471, .adv_w = 184, .box_w = 12, .box_h = 16, .ofs_x = 0, .ofs_y = 0},
    {.bitmap_index = 37567, .adv_w = 307, .box_w = 17, .box_h = 16, .ofs_x = 1, .ofs_y = 0},
    {.bitmap_index = 37703, .adv_w = 266, .box_w = 16, .box_h = 20, .ofs_x = -1, .ofs_y = -4},
    {.bitmap_index = 37863, .adv_w = 205, .box_w = 11, .box_h = 17, .ofs_x = 1, .ofs_y = -5},
    {.bitmap_index = 37957, .adv_w = 286, .box_w = 16, .box_h = 16, .ofs_x = 1, .ofs_y = 0},
    {.bitmap_index = 38085, .adv_w = 276, .box_w = 16, .box_h = 21, .ofs_x = 1, .ofs_y = 0},
    {.bitmap_index = 38253, .adv_w = 216, .box_w = 13, .box_h = 17, .ofs_x = 0, .ofs_y = 0},
    {.bitmap_index = 38364, .adv_w = 375, .box_w = 21, .box_h = 16, .ofs_x = 1, .ofs_y = 0},
    {.bitmap_index = 38532, .adv_w = 288, .box_w = 17, .box_h = 17, .ofs_x = 0, .ofs_y = -5},
    {.bitmap_index = 38677, .adv_w = 270, .box_w = 16, .box_h = 16, .ofs_x = 0, .ofs_y = 0},
    {.bitmap_index = 38805, .adv_w = 205, .box_w = 11, .box_h = 19, .ofs_x = 1, .ofs_y = -5},
    {.bitmap_index = 38910, .adv_w = 266, .box_w = 16, .box_h = 19, .ofs_x = 1, .ofs_y = -3},
    {.bitmap_index = 39062, .adv_w = 245, .box_w = 14, .box_h = 16, .ofs_x = 1, .ofs_y = 0},
    {.bitmap_index = 39174, .adv_w = 184, .box_w = 11, .box_h = 12, .ofs_x = 0, .ofs_y = 0},
    {.bitmap_index = 39240, .adv_w = 222, .box_w = 12, .box_h = 16, .ofs_x = 1, .ofs_y = 0},
    {.bitmap_index = 39336, .adv_w = 135, .box_w = 10, .box_h = 20, .ofs_x = 0, .ofs_y = -4},
    {.bitmap_index = 39436, .adv_w = 102, .box_w = 7, .box_h = 20, .ofs_x = 0, .ofs_y = -3},
    {.bitmap_index = 39506, .adv_w = 210, .box_w = 13, .box_h = 16, .ofs_x = 0, .ofs_y = 0},
    {.bitmap_index = 39610, .adv_w = 102, .box_w = 7, .box_h = 16, .ofs_x = 0, .ofs_y = 0},
    {.bitmap_index = 39666, .adv_w = 225, .box_w = 14, .box_h = 21, .ofs_x = 0, .ofs_y = -5},
    {.bitmap_index = 39813, .adv_w = 255, .box_w = 16, .box_h = 21, .ofs_x = 1, .ofs_y = 0},
    {.bitmap_index = 39981, .adv_w = 218, .box_w = 13, .box_h = 17, .ofs_x = 1, .ofs_y = 0},
    {.bitmap_index = 40092, .adv_w = 275, .box_w = 15, .box_h = 16, .ofs_x = 1, .ofs_y = 0},
    {.bitmap_index = 40212, .adv_w = 245, .box_w = 15, .box_h = 16, .ofs_x = 0, .ofs_y = 0},
    {.bitmap_index = 40332, .adv_w = 277, .box_w = 18, .box_h = 16, .ofs_x = 0, .ofs_y = 0},
    {.bitmap_index = 40476, .adv_w = 226, .box_w = 15, .box_h = 17, .ofs_x = 0, .ofs_y = -5},
    {.bitmap_index = 40604, .adv_w = 225, .box_w = 14, .box_h = 16, .ofs_x = 0, .ofs_y = 0},
    {.bitmap_index = 40716, .adv_w = 184, .box_w = 12, .box_h = 12, .ofs_x = 0, .ofs_y = 0},
    {.bitmap_index = 40788, .adv_w = 231, .box_w = 14, .box_h = 16, .ofs_x = 0, .ofs_y = 0},
    {.bitmap_index = 40900, .adv_w = 231, .box_w = 13, .box_h = 16, .ofs_x = 1, .ofs_y = 0},
    {.bitmap_index = 41004, .adv_w = 194, .box_w = 12, .box_h = 17, .ofs_x = 0, .ofs_y = -5},
    {.bitmap_index = 41106, .adv_w = 177, .box_w = 11, .box_h = 17, .ofs_x = 0, .ofs_y = -5},
    {.bitmap_index = 41200, .adv_w = 205, .box_w = 12, .box_h = 16, .ofs_x = 0, .ofs_y = 0},
    {.bitmap_index = 41296, .adv_w = 205, .box_w = 12, .box_h = 16, .ofs_x = 0, .ofs_y = 0},
    {.bitmap_index = 41392, .adv_w = 194, .box_w = 12, .box_h = 12, .ofs_x = 0, .ofs_y = 0},
    {.bitmap_index = 41464, .adv_w = 205, .box_w = 11, .box_h = 16, .ofs_x = 1, .ofs_y = 0},
    {.bitmap_index = 41552, .adv_w = 205, .box_w = 11, .box_h = 17, .ofs_x = 1, .ofs_y = -5},
    {.bitmap_index = 41646, .adv_w = 102, .box_w = 2, .box_h = 16, .ofs_x = 2, .ofs_y = 0},
    {.bitmap_index = 41662, .adv_w = 171, .box_w = 7, .box_h = 16, .ofs_x = 2, .ofs_y = 0},
    {.bitmap_index = 41718, .adv_w = 174, .box_w = 11, .box_h = 16, .ofs_x = 0, .ofs_y = 0},
    {.bitmap_index = 41806, .adv_w = 102, .box_w = 4, .box_h = 16, .ofs_x = 1, .ofs_y = 0},
    {.bitmap_index = 41838, .adv_w = 491, .box_w = 29, .box_h = 21, .ofs_x = 1, .ofs_y = 0},
    {.bitmap_index = 42143, .adv_w = 450, .box_w = 27, .box_h = 16, .ofs_x = 1, .ofs_y = 0},
    {.bitmap_index = 42359, .adv_w = 389, .box_w = 24, .box_h = 16, .ofs_x = 0, .ofs_y = 0},
    {.bitmap_index = 42551, .adv_w = 379, .box_w = 21, .box_h = 16, .ofs_x = 1, .ofs_y = 0},
    {.bitmap_index = 42719, .adv_w = 286, .box_w = 16, .box_h = 21, .ofs_x = 1, .ofs_y = -5},
    {.bitmap_index = 42887, .adv_w = 163, .box_w = 8, .box_h = 21, .ofs_x = 1, .ofs_y = -5},
    {.bitmap_index = 42971, .adv_w = 450, .box_w = 26, .box_h = 16, .ofs_x = 1, .ofs_y = 0},
    {.bitmap_index = 43179, .adv_w = 347, .box_w = 20, .box_h = 21, .ofs_x = 1, .ofs_y = -5},
    {.bitmap_index = 43389, .adv_w = 286, .box_w = 16, .box_h = 21, .ofs_x = 1, .ofs_y = -5},
    {.bitmap_index = 43557, .adv_w = 254, .box_w = 16, .box_h = 22, .ofs_x = 0, .ofs_y = 0},
    {.bitmap_index = 43733, .adv_w = 208, .box_w = 13, .box_h = 18, .ofs_x = 0, .ofs_y = 0},
    {.bitmap_index = 43850, .adv_w = 102, .box_w = 8, .box_h = 21, .ofs_x = -1, .ofs_y = 0},
    {.bitmap_index = 43934, .adv_w = 102, .box_w = 8, .box_h = 16, .ofs_x = -1, .ofs_y = 0},
    {.bitmap_index = 43998, .adv_w = 286, .box_w = 16, .box_h = 21, .ofs_x = 1, .ofs_y = 0},
    {.bitmap_index = 44166, .adv_w = 205, .box_w = 12, .box_h = 16, .ofs_x = 0, .ofs_y = 0},
    {.bitmap_index = 44262, .adv_w = 266, .box_w = 14, .box_h = 21, .ofs_x = 1, .ofs_y = 0},
    {.bitmap_index = 44409, .adv_w = 205, .box_w = 11, .box_h = 16, .ofs_x = 1, .ofs_y = 0},
    {.bitmap_index = 44497, .adv_w = 266, .box_w = 14, .box_h = 23, .ofs_x = 1, .ofs_y = 0},
    {.bitmap_index = 44658, .adv_w = 205, .box_w = 11, .box_h = 19, .ofs_x = 1, .ofs_y = 0},
    {.bitmap_index = 44763, .adv_w = 266, .box_w = 14, .box_h = 25, .ofs_x = 1, .ofs_y = 0},
    {.bitmap_index = 44938, .adv_w = 205, .box_w = 11, .box_h = 21, .ofs_x = 1, .ofs_y = 0},
    {.bitmap_index = 45054, .adv_w = 266, .box_w = 14, .box_h = 25, .ofs_x = 1, .ofs_y = 0},
    {.bitmap_index = 45229, .adv_w = 205, .box_w = 11, .box_h = 21, .ofs_x = 1, .ofs_y = 0},
    {.bitmap_index = 45345, .adv_w = 266, .box_w = 14, .box_h = 25, .ofs_x = 1, .ofs_y = 0},
    {.bitmap_index = 45520, .adv_w = 205, .box_w = 11, .box_h = 21, .ofs_x = 1, .ofs_y = 0},
    {.bitmap_index = 45636, .adv_w = 205, .box_w = 12, .box_h = 12, .ofs_x = 0, .ofs_y = 0},
    {.bitmap_index = 45708, .adv_w = 245, .box_w = 17, .box_h = 23, .ofs_x = -1, .ofs_y = 0},
    {.bitmap_index = 45904, .adv_w = 205, .box_w = 12, .box_h = 19, .ofs_x = 0, .ofs_y = 0},
    {.bitmap_index = 46018, .adv_w = 245, .box_w = 17, .box_h = 23, .ofs_x = -1, .ofs_y = 0},
    {.bitmap_index = 46214, .adv_w = 205, .box_w = 12, .box_h = 19, .ofs_x = 0, .ofs_y = 0},
    {.bitmap_index = 46328, .adv_w = 368, .box_w = 22, .box_h = 20, .ofs_x = 0, .ofs_y = 0},
    {.bitmap_index = 46548, .adv_w = 327, .box_w = 20, .box_h = 16, .ofs_x = 0, .ofs_y = 0},
    {.bitmap_index = 46708, .adv_w = 278, .box_w = 16, .box_h = 17, .ofs_x = 1, .ofs_y = 0},
    {.bitmap_index = 46844, .adv_w = 234, .box_w = 14, .box_h = 17, .ofs_x = 0, .ofs_y = -4},
    {.bitmap_index = 46963, .adv_w = 262, .box_w = 15, .box_h = 22, .ofs_x = 1, .ofs_y = 0},
    {.bitmap_index = 47128, .adv_w = 223, .box_w = 13, .box_h = 22, .ofs_x = 0, .ofs_y = -4},
    {.bitmap_index = 47271, .adv_w = 241, .box_w = 14, .box_h = 22, .ofs_x = 1, .ofs_y = 0},
    {.bitmap_index = 47425, .adv_w = 224, .box_w = 14, .box_h = 21, .ofs_x = -1, .ofs_y = 0},
    {.bitmap_index = 47572, .adv_w = 286, .box_w = 16, .box_h = 21, .ofs_x = 1, .ofs_y = -5},
    {.bitmap_index = 47740, .adv_w = 205, .box_w = 12, .box_h = 17, .ofs_x = 0, .ofs_y = -5},
    {.bitmap_index = 47842, .adv_w = 286, .box_w = 16, .box_h = 24, .ofs_x = 1, .ofs_y = -5},
    {.bitmap_index = 48034, .adv_w = 205, .box_w = 12, .box_h = 21, .ofs_x = 0, .ofs_y = -5},
    {.bitmap_index = 48160, .adv_w = 197, .box_w = 11, .box_h = 20, .ofs_x = 1, .ofs_y = 0},
    {.bitmap_index = 48270, .adv_w = 197, .box_w = 11, .box_h = 21, .ofs_x = 1, .ofs_y = -5},
    {.bitmap_index = 48386, .adv_w = 82, .box_w = 9, .box_h = 21, .ofs_x = -2, .ofs_y = -5},
    {.bitmap_index = 48481, .adv_w = 491, .box_w = 29, .box_h = 16, .ofs_x = 1, .ofs_y = 0},
    {.bitmap_index = 48713, .adv_w = 450, .box_w = 27, .box_h = 16, .ofs_x = 1, .ofs_y = 0},
    {.bitmap_index = 48929, .adv_w = 389, .box_w = 24, .box_h = 16, .ofs_x = 0, .ofs_y = 0},
    {.bitmap_index = 49121, .adv_w = 286, .box_w = 16, .box_h = 21, .ofs_x = 1, .ofs_y = 0},
    {.bitmap_index = 49289, .adv_w = 205, .box_w = 12, .box_h = 21, .ofs_x = 0, .ofs_y = -5},
    {.bitmap_index = 49415, .adv_w = 245, .box_w = 17, .box_h = 24, .ofs_x = -1, .ofs_y = 0},
    {.bitmap_index = 49619, .adv_w = 205, .box_w = 12, .box_h = 22, .ofs_x = 0, .ofs_y = 0},
    {.bitmap_index = 49751, .adv_w = 368, .box_w = 22, .box_h = 21, .ofs_x = 0, .ofs_y = 0},
    {.bitmap_index = 49982, .adv_w = 327, .box_w = 20, .box_h = 16, .ofs_x = 0, .ofs_y = 0},
    {.bitmap_index = 50142, .adv_w = 286, .box_w = 18, .box_h = 22, .ofs_x = 0, .ofs_y = -1},
    {.bitmap_index = 50340, .adv_w = 225, .box_w = 12, .box_h = 17, .ofs_x = 1, .ofs_y = -1},
    {.bitmap_index = 50442, .adv_w = 245, .box_w = 17, .box_h = 21, .ofs_x = -1, .ofs_y = 0},
    {.bitmap_index = 50621, .adv_w = 205, .box_w = 12, .box_h = 16, .ofs_x = 0, .ofs_y = 0},
    {.bitmap_index = 50717, .adv_w = 245, .box_w = 17, .box_h = 21, .ofs_x = -1, .ofs_y = 0},
    {.bitmap_index = 50896, .adv_w = 205, .box_w = 12, .box_h = 16, .ofs_x = 0, .ofs_y = 0},
    {.bitmap_index = 50992, .adv_w = 245, .box_w = 14, .box_h = 21, .ofs_x = 1, .ofs_y = 0},
    {.bitmap_index = 51139, .adv_w = 205, .box_w = 12, .box_h = 16, .ofs_x = 0, .ofs_y = 0},
    {.bitmap_index = 51235, .adv_w = 245, .box_w = 14, .box_h = 21, .ofs_x = 1, .ofs_y = 0},
    {.bitmap_index = 51382, .adv_w = 205, .box_w = 12, .box_h = 16, .ofs_x = 0, .ofs_y = 0},
    {.bitmap_index = 51478, .adv_w = 102, .box_w = 9, .box_h = 21, .ofs_x = -2, .ofs_y = 0},
    {.bitmap_index = 51573, .adv_w = 102, .box_w = 9, .box_h = 16, .ofs_x = -2, .ofs_y = 0},
    {.bitmap_index = 51645, .adv_w = 102, .box_w = 8, .box_h = 21, .ofs_x = -1, .ofs_y = 0},
    {.bitmap_index = 51729, .adv_w = 102, .box_w = 8, .box_h = 16, .ofs_x = -1, .ofs_y = 0},
    {.bitmap_index = 51793, .adv_w = 286, .box_w = 16, .box_h = 21, .ofs_x = 1, .ofs_y = 0},
    {.bitmap_index = 51961, .adv_w = 205, .box_w = 12, .box_h = 16, .ofs_x = 0, .ofs_y = 0},
    {.bitmap_index = 52057, .adv_w = 286, .box_w = 16, .box_h = 21, .ofs_x = 1, .ofs_y = 0},
    {.bitmap_index = 52225, .adv_w = 205, .box_w = 12, .box_h = 16, .ofs_x = 0, .ofs_y = 0},
    {.bitmap_index = 52321, .adv_w = 266, .box_w = 16, .box_h = 21, .ofs_x = 1, .ofs_y = 0},
    {.bitmap_index = 52489, .adv_w = 123, .box_w = 9, .box_h = 16, .ofs_x = 0, .ofs_y = 0},
    {.bitmap_index = 52561, .adv_w = 266, .box_w = 16, .box_h = 21, .ofs_x = 1, .ofs_y = 0},
    {.bitmap_index = 52729, .adv_w = 123, .box_w = 8, .box_h = 16, .ofs_x = 0, .ofs_y = 0},
    {.bitmap_index = 52793, .adv_w = 266, .box_w = 14, .box_h = 21, .ofs_x = 1, .ofs_y = 0},
    {.bitmap_index = 52940, .adv_w = 205, .box_w = 11, .box_h = 16, .ofs_x = 1, .ofs_y = 0},
    {.bitmap_index = 53028, .adv_w = 266, .box_w = 14, .box_h = 21, .ofs_x = 1, .ofs_y = 0},
    {.bitmap_index = 53175, .adv_w = 205, .box_w = 11, .box_h = 16, .ofs_x = 1, .ofs_y = 0},
    {.bitmap_index = 53263, .adv_w = 241, .box_w = 13, .box_h = 23, .ofs_x = 1, .ofs_y = -6},
    {.bitmap_index = 53413, .adv_w = 198, .box_w = 12, .box_h = 19, .ofs_x = 0, .ofs_y = -6},
    {.bitmap_index = 53527, .adv_w = 209, .box_w = 13, .box_h = 23, .ofs_x = 0, .ofs_y = -6},
    {.bitmap_index = 53677, .adv_w = 151, .box_w = 8, .box_h = 22, .ofs_x = 1, .ofs_y = -6},
    {.bitmap_index = 53765, .adv_w = 105, .box_w = 6, .box_h = 17, .ofs_x = -1, .ofs_y = -4},
    {.bitmap_index = 53816, .adv_w = 245, .box_w = 17, .box_h = 21, .ofs_x = -1, .ofs_y = -5},
    {.bitmap_index = 53995, .adv_w = 205, .box_w = 12, .box_h = 17, .ofs_x = 0, .ofs_y = -5},
    {.bitmap_index = 54097, .adv_w = 245, .box_w = 14, .box_h = 20, .ofs_x = 1, .ofs_y = 0},
    {.bitmap_index = 54237, .adv_w = 205, .box_w = 11, .box_h = 21, .ofs_x = 1, .ofs_y = 0},
    {.bitmap_index = 54353, .adv_w = 245, .box_w = 14, .box_h = 21, .ofs_x = 1, .ofs_y = -5},
    {.bitmap_index = 54500, .adv_w = 205, .box_w = 11, .box_h = 21, .ofs_x = 1, .ofs_y = -5},
    {.bitmap_index = 54616, .adv_w = 245, .box_w = 14, .box_h = 21, .ofs_x = 1, .ofs_y = -5},
    {.bitmap_index = 54763, .adv_w = 205, .box_w = 11, .box_h = 21, .ofs_x = 1, .ofs_y = -5},
    {.bitmap_index = 54879, .adv_w = 266, .box_w = 15, .box_h = 26, .ofs_x = 1, .ofs_y = -5},
    {.bitmap_index = 55074, .adv_w = 184, .box_w = 12, .box_h = 21, .ofs_x = 0, .ofs_y = -5},
    {.bitmap_index = 55200, .adv_w = 266, .box_w = 15, .box_h = 20, .ofs_x = 1, .ofs_y = 0},
    {.bitmap_index = 55350, .adv_w = 205, .box_w = 12, .box_h = 21, .ofs_x = 0, .ofs_y = 0},
    {.bitmap_index = 55476, .adv_w = 266, .box_w = 15, .box_h = 21, .ofs_x = 1, .ofs_y = -5},
    {.bitmap_index = 55634, .adv_w = 205, .box_w = 12, .box_h = 21, .ofs_x = 0, .ofs_y = -5},
    {.bitmap_index = 55760, .adv_w = 266, .box_w = 15, .box_h = 21, .ofs_x = 1, .ofs_y = -5},
    {.bitmap_index = 55918, .adv_w = 205, .box_w = 12, .box_h = 21, .ofs_x = 0, .ofs_y = -5},
    {.bitmap_index = 56044, .adv_w = 266, .box_w = 15, .box_h = 21, .ofs_x = 1, .ofs_y = -5},
    {.bitmap_index = 56202, .adv_w = 205, .box_w = 12, .box_h = 21, .ofs_x = 0, .ofs_y = -5},
    {.bitmap_index = 56328, .adv_w = 266, .box_w = 15, .box_h = 21, .ofs_x = 1, .ofs_y = -5},
    {.bitmap_index = 56486, .adv_w = 205, .box_w = 12, .box_h = 21, .ofs_x = 0, .ofs_y = -5},
    {.bitmap_index = 56612, .adv_w = 245, .box_w = 14, .box_h = 24, .ofs_x = 1, .ofs_y = 0},
    {.bitmap_index = 56780, .adv_w = 205, .box_w = 12, .box_h = 21, .ofs_x = 0, .ofs_y = 0},
    {.bitmap_index = 56906, .adv_w = 245, .box_w = 14, .box_h = 24, .ofs_x = 1, .ofs_y = 0},
    {.bitmap_index = 57074, .adv_w = 205, .box_w = 12, .box_h = 21, .ofs_x = 0, .ofs_y = 0},
    {.bitmap_index = 57200, .adv_w = 245, .box_w = 14, .box_h = 21, .ofs_x = 1, .ofs_y = -5},
    {.bitmap_index = 57347, .adv_w = 205, .box_w = 12, .box_h = 17, .ofs_x = 0, .ofs_y = -5},
    {.bitmap_index = 57449, .adv_w = 245, .box_w = 14, .box_h = 21, .ofs_x = 1, .ofs_y = -5},
    {.bitmap_index = 57596, .adv_w = 205, .box_w = 12, .box_h = 17, .ofs_x = 0, .ofs_y = -5},
    {.bitmap_index = 57698, .adv_w = 245, .box_w = 14, .box_h = 25, .ofs_x = 1, .ofs_y = -5},
    {.bitmap_index = 57873, .adv_w = 205, .box_w = 12, .box_h = 21, .ofs_x = 0, .ofs_y = -5},
    {.bitmap_index = 57999, .adv_w = 225, .box_w = 12, .box_h = 20, .ofs_x = 1, .ofs_y = 0},
    {.bitmap_index = 58119, .adv_w = 102, .box_w = 8, .box_h = 20, .ofs_x = 0, .ofs_y = 0},
    {.bitmap_index = 58199, .adv_w = 262, .box_w = 15, .box_h = 22, .ofs_x = 1, .ofs_y = 0},
    {.bitmap_index = 58364, .adv_w = 223, .box_w = 13, .box_h = 21, .ofs_x = 0, .ofs_y = -4},
    {.bitmap_index = 58501, .adv_w = 266, .box_w = 14, .box_h = 20, .ofs_x = 1, .ofs_y = 0},
    {.bitmap_index = 58641, .adv_w = 205, .box_w = 11, .box_h = 20, .ofs_x = 1, .ofs_y = 0},
    {.bitmap_index = 58751, .adv_w = 266, .box_w = 14, .box_h = 21, .ofs_x = 1, .ofs_y = -5},
    {.bitmap_index = 58898, .adv_w = 205, .box_w = 11, .box_h = 21, .ofs_x = 1, .ofs_y = -5},
    {.bitmap_index = 59014, .adv_w = 266, .box_w = 14, .box_h = 20, .ofs_x = 1, .ofs_y = 0},
    {.bitmap_index = 59154, .adv_w = 205, .box_w = 11, .box_h = 20, .ofs_x = 1, .ofs_y = 0},
    {.bitmap_index = 59264, .adv_w = 266, .box_w = 15, .box_h = 21, .ofs_x = 0, .ofs_y = -5},
    {.bitmap_index = 59422, .adv_w = 205, .box_w = 12, .box_h = 21, .ofs_x = 0, .ofs_y = -5},
    {.bitmap_index = 59548, .adv_w = 266, .box_w = 14, .box_h = 21, .ofs_x = 1, .ofs_y = -5},
    {.bitmap_index = 59695, .adv_w = 205, .box_w = 11, .box_h = 21, .ofs_x = 1, .ofs_y = -5},
    {.bitmap_index = 59811, .adv_w = 102, .box_w = 8, .box_h = 21, .ofs_x = -1, .ofs_y = -5},
    {.bitmap_index = 59895, .adv_w = 82, .box_w = 9, .box_h = 21, .ofs_x = -2, .ofs_y = -5},
    {.bitmap_index = 59990, .adv_w = 102, .box_w = 7, .box_h = 25, .ofs_x = 0, .ofs_y = 0},
    {.bitmap_index = 60078, .adv_w = 102, .box_w = 7, .box_h = 21, .ofs_x = 0, .ofs_y = 0},
    {.bitmap_index = 60152, .adv_w = 245, .box_w = 15, .box_h = 21, .ofs_x = 1, .ofs_y = 0},
    {.bitmap_index = 60310, .adv_w = 184, .box_w = 11, .box_h = 21, .ofs_x = 1, .ofs_y = 0},
    {.bitmap_index = 60426, .adv_w = 245, .box_w = 15, .box_h = 21, .ofs_x = 1, .ofs_y = -5},
    {.bitmap_index = 60584, .adv_w = 184, .box_w = 11, .box_h = 21, .ofs_x = 1, .ofs_y = -5},
    {.bitmap_index = 60700, .adv_w = 245, .box_w = 15, .box_h = 21, .ofs_x = 1, .ofs_y = -5},
    {.bitmap_index = 60858, .adv_w = 184, .box_w = 11, .box_h = 21, .ofs_x = 1, .ofs_y = -5},
    {.bitmap_index = 60974, .adv_w = 205, .box_w = 12, .box_h = 21, .ofs_x = 1, .ofs_y = -5},
    {.bitmap_index = 61100, .adv_w = 82, .box_w = 3, .box_h = 21, .ofs_x = 1, .ofs_y = -5},
    {.bitmap_index = 61132, .adv_w = 205, .box_w = 12, .box_h = 25, .ofs_x = 1, .ofs_y = -5},
    {.bitmap_index = 61282, .adv_w = 82, .box_w = 8, .box_h = 25, .ofs_x = -1, .ofs_y = -5},
    {.bitmap_index = 61382, .adv_w = 205, .box_w = 12, .box_h = 21, .ofs_x = 1, .ofs_y = -5},
    {.bitmap_index = 61508, .adv_w = 82, .box_w = 8, .box_h = 21, .ofs_x = -1, .ofs_y = -5},
    {.bitmap_index = 61592, .adv_w = 205, .box_w = 12, .box_h = 21, .ofs_x = 1, .ofs_y = -5},
    {.bitmap_index = 61718, .adv_w = 82, .box_w = 8, .box_h = 21, .ofs_x = -1, .ofs_y = -5},
    {.bitmap_index = 61802, .adv_w = 307, .box_w = 17, .box_h = 21, .ofs_x = 1, .ofs_y = 0},
    {.bitmap_index = 61981, .adv_w = 307, .box_w = 17, .box_h = 16, .ofs_x = 1, .ofs_y = 0},
    {.bitmap_index = 62117, .adv_w = 307, .box_w = 17, .box_h = 20, .ofs_x = 1, .ofs_y = 0},
    {.bitmap_index = 62287, .adv_w = 307, .box_w = 17, .box_h = 16, .ofs_x = 1, .ofs_y = 0},
    {.bitmap_index = 62423, .adv_w = 307, .box_w = 17, .box_h = 21, .ofs_x = 1, .ofs_y = -5},
    {.bitmap_index = 62602, .adv_w = 307, .box_w = 17, .box_h = 17, .ofs_x = 1, .ofs_y = -5},
    {.bitmap_index = 62747, .adv_w = 266, .box_w = 14, .box_h = 20, .ofs_x = 1, .ofs_y = 0},
    {.bitmap_index = 62887, .adv_w = 205, .box_w = 11, .box_h = 16, .ofs_x = 1, .ofs_y = 0},
    {.bitmap_index = 62975, .adv_w = 266, .box_w = 14, .box_h = 21, .ofs_x = 1, .ofs_y = -5},
    {.bitmap_index = 63122, .adv_w = 205, .box_w = 11, .box_h = 17, .ofs_x = 1, .ofs_y = -5},
    {.bitmap_index = 63216, .adv_w = 266, .box_w = 14, .box_h = 21, .ofs_x = 1, .ofs_y = -5},
    {.bitmap_index = 63363, .adv_w = 205, .box_w = 11, .box_h = 17, .ofs_x = 1, .ofs_y = -5},
    {.bitmap_index = 63457, .adv_w = 266, .box_w = 14, .box_h = 21, .ofs_x = 1, .ofs_y = -5},
    {.bitmap_index = 63604, .adv_w = 205, .box_w = 11, .box_h = 17, .ofs_x = 1, .ofs_y = -5},
    {.bitmap_index = 63698, .adv_w = 286, .box_w = 16, .box_h = 25, .ofs_x = 1, .ofs_y = 0},
    {.bitmap_index = 63898, .adv_w = 205, .box_w = 12, .box_h = 21, .ofs_x = 0, .ofs_y = 0},
    {.bitmap_index = 64024, .adv_w = 286, .box_w = 16, .box_h = 24, .ofs_x = 1, .ofs_y = 0},
    {.bitmap_index = 64216, .adv_w = 205, .box_w = 12, .box_h = 20, .ofs_x = 0, .ofs_y = 0},
    {.bitmap_index = 64336, .adv_w = 286, .box_w = 16, .box_h = 25, .ofs_x = 1, .ofs_y = 0},
    {.bitmap_index = 64536, .adv_w = 205, .box_w = 12, .box_h = 21, .ofs_x = 0, .ofs_y = 0},
    {.bitmap_index = 64662, .adv_w = 286, .box_w = 16, .box_h = 25, .ofs_x = 1, .ofs_y = 0},
    {.bitmap_index = 64862, .adv_w = 205, .box_w = 12, .box_h = 21, .ofs_x = 0, .ofs_y = 0},
    {.bitmap_index = 64988, .adv_w = 245, .box_w = 14, .box_h = 21, .ofs_x = 1, .ofs_y = 0},
    {.bitmap_index = 65135, .adv_w = 205, .box_w = 11, .box_h = 21, .ofs_x = 1, .ofs_y = -5},
    {.bitmap_index = 65251, .adv_w = 245, .box_w = 14, .box_h = 20, .ofs_x = 1, .ofs_y = 0},
    {.bitmap_index = 65391, .adv_w = 205, .box_w = 11, .box_h = 21, .ofs_x = 1, .ofs_y = -5},
    {.bitmap_index = 65507, .adv_w = 266, .box_w = 16, .box_h = 20, .ofs_x = 1, .ofs_y = 0},
    {.bitmap_index = 65667, .adv_w = 123, .box_w = 7, .box_h = 16, .ofs_x = 1, .ofs_y = 0},
    {.bitmap_index = 65723, .adv_w = 266, .box_w = 16, .box_h = 21, .ofs_x = 1, .ofs_y = -5},
    {.bitmap_index = 65891, .adv_w = 123, .box_w = 7, .box_h = 17, .ofs_x = 1, .ofs_y = -5},
    {.bitmap_index = 65951, .adv_w = 266, .box_w = 16, .box_h = 25, .ofs_x = 1, .ofs_y = -5},
    {.bitmap_index = 66151, .adv_w = 123, .box_w = 8, .box_h = 21, .ofs_x = 0, .ofs_y = -5},
    {.bitmap_index = 66235, .adv_w = 266, .box_w = 16, .box_h = 21, .ofs_x = 1, .ofs_y = -5},
    {.bitmap_index = 66403, .adv_w = 123, .box_w = 8, .box_h = 17, .ofs_x = 0, .ofs_y = -5},
    {.bitmap_index = 66471, .adv_w = 245, .box_w = 14, .box_h = 21, .ofs_x = 1, .ofs_y = 0},
    {.bitmap_index = 66618, .adv_w = 184, .box_w = 11, .box_h = 16, .ofs_x = 0, .ofs_y = 0},
    {.bitmap_index = 66706, .adv_w = 245, .box_w = 14, .box_h = 21, .ofs_x = 1, .ofs_y = -5},
    {.bitmap_index = 66853, .adv_w = 184, .box_w = 11, .box_h = 17, .ofs_x = 0, .ofs_y = -5},
    {.bitmap_index = 66947, .adv_w = 245, .box_w = 14, .box_h = 22, .ofs_x = 1, .ofs_y = 0},
    {.bitmap_index = 67101, .adv_w = 184, .box_w = 11, .box_h = 18, .ofs_x = 0, .ofs_y = 0},
    {.bitmap_index = 67200, .adv_w = 245, .box_w = 14, .box_h = 24, .ofs_x = 1, .ofs_y = 0},
    {.bitmap_index = 67368, .adv_w = 184, .box_w = 11, .box_h = 21, .ofs_x = 0, .ofs_y = 0},
    {.bitmap_index = 67484, .adv_w = 245, .box_w = 14, .box_h = 25, .ofs_x = 1, .ofs_y = -5},
    {.bitmap_index = 67659, .adv_w = 184, .box_w = 11, .box_h = 21, .ofs_x = 0, .ofs_y = -5},
    {.bitmap_index = 67775, .adv_w = 225, .box_w = 14, .box_h = 20, .ofs_x = 0, .ofs_y = 0},
    {.bitmap_index = 67915, .adv_w = 102, .box_w = 7, .box_h = 20, .ofs_x = 0, .ofs_y = 0},
    {.bitmap_index = 67985, .adv_w = 225, .box_w = 14, .box_h = 21, .ofs_x = 0, .ofs_y = -5},
    {.bitmap_index = 68132, .adv_w = 102, .box_w = 7, .box_h = 22, .ofs_x = 0, .ofs_y = -5},
    {.bitmap_index = 68209, .adv_w = 225, .box_w = 14, .box_h = 21, .ofs_x = 0, .ofs_y = -5},
    {.bitmap_index = 68356, .adv_w = 102, .box_w = 8, .box_h = 22, .ofs_x = -1, .ofs_y = -5},
    {.bitmap_index = 68444, .adv_w = 225, .box_w = 14, .box_h = 21, .ofs_x = 0, .ofs_y = -5},
    {.bitmap_index = 68591, .adv_w = 102, .box_w = 8, .box_h = 22, .ofs_x = 0, .ofs_y = -5},
    {.bitmap_index = 68679, .adv_w = 266, .box_w = 14, .box_h = 21, .ofs_x = 1, .ofs_y = -5},
    {.bitmap_index = 68826, .adv_w = 205, .box_w = 11, .box_h = 17, .ofs_x = 1, .ofs_y = -5},
    {.bitmap_index = 68920, .adv_w = 266, .box_w = 14, .box_h = 21, .ofs_x = 1, .ofs_y = -5},
    {.bitmap_index = 69067, .adv_w = 205, .box_w = 11, .box_h = 17, .ofs_x = 1, .ofs_y = -5},
    {.bitmap_index = 69161, .adv_w = 266, .box_w = 14, .box_h = 21, .ofs_x = 1, .ofs_y = -5},
    {.bitmap_index = 69308, .adv_w = 205, .box_w = 11, .box_h = 17, .ofs_x = 1, .ofs_y = -5},
    {.bitmap_index = 69402, .adv_w = 266, .box_w = 14, .box_h = 25, .ofs_x = 1, .ofs_y = 0},
    {.bitmap_index = 69577, .adv_w = 205, .box_w = 11, .box_h = 21, .ofs_x = 1, .ofs_y = 0},
    {.bitmap_index = 69693, .adv_w = 266, .box_w = 14, .box_h = 23, .ofs_x = 1, .ofs_y = 0},
    {.bitmap_index = 69854, .adv_w = 205, .box_w = 11, .box_h = 20, .ofs_x = 1, .ofs_y = 0},
    {.bitmap_index = 69964, .adv_w = 245, .box_w = 16, .box_h = 21, .ofs_x = 0, .ofs_y = 0},
    {.bitmap_index = 70132, .adv_w = 184, .box_w = 12, .box_h = 16, .ofs_x = 0, .ofs_y = 0},
    {.bitmap_index = 70228, .adv_w = 245, .box_w = 16, .box_h = 21, .ofs_x = 0, .ofs_y = -5},
    {.bitmap_index = 70396, .adv_w = 184, .box_w = 12, .box_h = 17, .ofs_x = 0, .ofs_y = -5},
    {.bitmap_index = 70498, .adv_w = 356, .box_w = 22, .box_h = 22, .ofs_x = 0, .ofs_y = 0},
    {.bitmap_index = 70740, .adv_w = 305, .box_w = 19, .box_h = 17, .ofs_x = 0, .ofs_y = 0},
    {.bitmap_index = 70902, .adv_w = 356, .box_w = 22, .box_h = 22, .ofs_x = 0, .ofs_y = 0},
    {.bitmap_index = 71144, .adv_w = 305, .box_w = 19, .box_h = 17, .ofs_x = 0, .ofs_y = 0},
    {.bitmap_index = 71306, .adv_w = 356, .box_w = 22, .box_h = 22, .ofs_x = 0, .ofs_y = 0},
    {.bitmap_index = 71548, .adv_w = 305, .box_w = 19, .box_h = 17, .ofs_x = 0, .ofs_y = 0},
    {.bitmap_index = 71710, .adv_w = 347, .box_w = 22, .box_h = 20, .ofs_x = 0, .ofs_y = 0},
    {.bitmap_index = 71930, .adv_w = 266, .box_w = 17, .box_h = 16, .ofs_x = 0, .ofs_y = 0},
    {.bitmap_index = 72066, .adv_w = 347, .box_w = 22, .box_h = 21, .ofs_x = 0, .ofs_y = -5},
    {.bitmap_index = 72297, .adv_w = 266, .box_w = 17, .box_h = 17, .ofs_x = 0, .ofs_y = -5},
    {.bitmap_index = 72442, .adv_w = 245, .box_w = 16, .box_h = 20, .ofs_x = 0, .ofs_y = 0},
    {.bitmap_index = 72602, .adv_w = 184, .box_w = 12, .box_h = 16, .ofs_x = 0, .ofs_y = 0},
    {.bitmap_index = 72698, .adv_w = 245, .box_w = 16, .box_h = 20, .ofs_x = 0, .ofs_y = 0},
    {.bitmap_index = 72858, .adv_w = 184, .box_w = 12, .box_h = 16, .ofs_x = 0, .ofs_y = 0},
    {.bitmap_index = 72954, .adv_w = 245, .box_w = 16, .box_h = 20, .ofs_x = 0, .ofs_y = 0},
    {.bitmap_index = 73114, .adv_w = 184, .box_w = 12, .box_h = 21, .ofs_x = 0, .ofs_y = -5},
    {.bitmap_index = 73240, .adv_w = 225, .box_w = 14, .box_h = 21, .ofs_x = 0, .ofs_y = 0},
    {.bitmap_index = 73387, .adv_w = 184, .box_w = 12, .box_h = 16, .ofs_x = 0, .ofs_y = 0},
    {.bitmap_index = 73483, .adv_w = 225, .box_w = 14, .box_h = 21, .ofs_x = 0, .ofs_y = -5},
    {.bitmap_index = 73630, .adv_w = 184, .box_w = 12, .box_h = 17, .ofs_x = 0, .ofs_y = -5},
    {.bitmap_index = 73732, .adv_w = 225, .box_w = 14, .box_h = 21, .ofs_x = 0, .ofs_y = -5},
    {.bitmap_index = 73879, .adv_w = 184, .box_w = 12, .box_h = 17, .ofs_x = 0, .ofs_y = -5},
    {.bitmap_index = 73981, .adv_w = 205, .box_w = 11, .box_h = 21, .ofs_x = 1, .ofs_y = -5},
    {.bitmap_index = 74097, .adv_w = 102, .box_w = 7, .box_h = 20, .ofs_x = 0, .ofs_y = 0},
    {.bitmap_index = 74167, .adv_w = 266, .box_w = 17, .box_h = 17, .ofs_x = 0, .ofs_y = 0},
    {.bitmap_index = 74312, .adv_w = 184, .box_w = 12, .box_h = 22, .ofs_x = 0, .ofs_y = -5},
    {.bitmap_index = 74444, .adv_w = 205, .box_w = 13, .box_h = 18, .ofs_x = 0, .ofs_y = 0},
    {.bitmap_index = 74561, .adv_w = 102, .box_w = 8, .box_h = 20, .ofs_x = 0, .ofs_y = 0},
    {.bitmap_index = 74641, .adv_w = 261, .box_w = 14, .box_h = 17, .ofs_x = 1, .ofs_y = 0},
    {.bitmap_index = 74760, .adv_w = 254, .box_w = 16, .box_h = 21, .ofs_x = 0, .ofs_y = -4},
    {.bitmap_index = 74928, .adv_w = 208, .box_w = 13, .box_h = 17, .ofs_x = 0, .ofs_y = -4},
    {.bitmap_index = 75039, .adv_w = 254, .box_w = 16, .box_h = 23, .ofs_x = 0, .ofs_y = 0},
    {.bitmap_index = 75223, .adv_w = 208, .box_w = 13, .box_h = 19, .ofs_x = 0, .ofs_y = 0},
    {.bitmap_index = 75347, .adv_w = 254, .box_w = 16, .box_h = 24, .ofs_x = 0, .ofs_y = 0},
    {.bitmap_index = 75539, .adv_w = 208, .box_w = 13, .box_h = 20, .ofs_x = 0, .ofs_y = 0},
    {.bitmap_index = 75669, .adv_w = 254, .box_w = 16, .box_h = 24, .ofs_x = 0, .ofs_y = 0},
    {.bitmap_index = 75861, .adv_w = 208, .box_w = 13, .box_h = 20, .ofs_x = 0, .ofs_y = 0},
    {.bitmap_index = 75991, .adv_w = 254, .box_w = 16, .box_h = 25, .ofs_x = 0, .ofs_y = 0},
    {.bitmap_index = 76191, .adv_w = 208, .box_w = 13, .box_h = 21, .ofs_x = 0, .ofs_y = 0},
    {.bitmap_index = 76328, .adv_w = 254, .box_w = 16, .box_h = 25, .ofs_x = 0, .ofs_y = 0},
    {.bitmap_index = 76528, .adv_w = 208, .box_w = 13, .box_h = 21, .ofs_x = 0, .ofs_y = 0},
    {.bitmap_index = 76665, .adv_w = 254, .box_w = 16, .box_h = 26, .ofs_x = 0, .ofs_y = -4},
    {.bitmap_index = 76873, .adv_w = 208, .box_w = 13, .box_h = 21, .ofs_x = 0, .ofs_y = -4},
    {.bitmap_index = 77010, .adv_w = 254, .box_w = 16, .box_h = 25, .ofs_x = 0, .ofs_y = 0},
    {.bitmap_index = 77210, .adv_w = 208, .box_w = 13, .box_h = 21, .ofs_x = 0, .ofs_y = 0},
    {.bitmap_index = 77347, .adv_w = 254, .box_w = 16, .box_h = 25, .ofs_x = 0, .ofs_y = 0},
    {.bitmap_index = 77547, .adv_w = 208, .box_w = 13, .box_h = 21, .ofs_x = 0, .ofs_y = 0},
    {.bitmap_index = 77684, .adv_w = 254, .box_w = 16, .box_h = 26, .ofs_x = 0, .ofs_y = 0},
    {.bitmap_index = 77892, .adv_w = 208, .box_w = 13, .box_h = 22, .ofs_x = 0, .ofs_y = 0},
    {.bitmap_index = 78035, .adv_w = 254, .box_w = 16, .box_h = 25, .ofs_x = 0, .ofs_y = 0},
    {.bitmap_index = 78235, .adv_w = 208, .box_w = 13, .box_h = 21, .ofs_x = 0, .ofs_y = 0},
    {.bitmap_index = 78372, .adv_w = 254, .box_w = 16, .box_h = 26, .ofs_x = 0, .ofs_y = -4},
    {.bitmap_index = 78580, .adv_w = 208, .box_w = 13, .box_h = 21, .ofs_x = 0, .ofs_y = -4},
    {.bitmap_index = 78717, .adv_w = 224, .box_w = 12, .box_h = 21, .ofs_x = 1, .ofs_y = -4},
    {.bitmap_index = 78843, .adv_w = 212, .box_w = 13, .box_h = 17, .ofs_x = 0, .ofs_y = -4},
    {.bitmap_index = 78954, .adv_w = 224, .box_w = 12, .box_h = 23, .ofs_x = 1, .ofs_y = 0},
    {.bitmap_index = 79092, .adv_w = 212, .box_w = 13, .box_h = 19, .ofs_x = 0, .ofs_y = 0},
    {.bitmap_index = 79216, .adv_w = 224, .box_w = 12, .box_h = 22, .ofs_x = 1, .ofs_y = 0},
    {.bitmap_index = 79348, .adv_w = 212, .box_w = 13, .box_h = 17, .ofs_x = 0, .ofs_y = 0},
    {.bitmap_index = 79459, .adv_w = 224, .box_w = 13, .box_h = 24, .ofs_x = 1, .ofs_y = 0},
    {.bitmap_index = 79615, .adv_w = 212, .box_w = 13, .box_h = 20, .ofs_x = 0, .ofs_y = 0},
    {.bitmap_index = 79745, .adv_w = 224, .box_w = 12, .box_h = 24, .ofs_x = 1, .ofs_y = 0},
    {.bitmap_index = 79889, .adv_w = 212, .box_w = 13, .box_h = 20, .ofs_x = 0, .ofs_y = 0},
    {.bitmap_index = 80019, .adv_w = 224, .box_w = 12, .box_h = 25, .ofs_x = 1, .ofs_y = 0},
    {.bitmap_index = 80169, .adv_w = 212, .box_w = 13, .box_h = 21, .ofs_x = 0, .ofs_y = 0},
    {.bitmap_index = 80306, .adv_w = 224, .box_w = 12, .box_h = 25, .ofs_x = 1, .ofs_y = 0},
    {.bitmap_index = 80456, .adv_w = 212, .box_w = 13, .box_h = 21, .ofs_x = 0, .ofs_y = 0},
    {.bitmap_index = 80593, .adv_w = 224, .box_w = 12, .box_h = 26, .ofs_x = 1, .ofs_y = -4},
    {.bitmap_index = 80749, .adv_w = 212, .box_w = 13, .box_h = 21, .ofs_x = 0, .ofs_y = -4},
    {.bitmap_index = 80886, .adv_w = 103, .box_w = 5, .box_h = 23, .ofs_x = 1, .ofs_y = 0},
    {.bitmap_index = 80944, .adv_w = 94, .box_w = 4, .box_h = 18, .ofs_x = 1, .ofs_y = 0},
    {.bitmap_index = 80980, .adv_w = 103, .box_w = 4, .box_h = 21, .ofs_x = 1, .ofs_y = -4},
    {.bitmap_index = 81022, .adv_w = 94, .box_w = 4, .box_h = 21, .ofs_x = 1, .ofs_y = -4},
    {.bitmap_index = 81064, .adv_w = 276, .box_w = 16, .box_h = 21, .ofs_x = 1, .ofs_y = -4},
    {.bitmap_index = 81232, .adv_w = 216, .box_w = 13, .box_h = 17, .ofs_x = 0, .ofs_y = -4},
    {.bitmap_index = 81343, .adv_w = 276, .box_w = 16, .box_h = 23, .ofs_x = 1, .ofs_y = 0},
    {.bitmap_index = 81527, .adv_w = 216, .box_w = 13, .box_h = 19, .ofs_x = 0, .ofs_y = 0},
    {.bitmap_index = 81651, .adv_w = 276, .box_w = 16, .box_h = 25, .ofs_x = 1, .ofs_y = 0},
    {.bitmap_index = 81851, .adv_w = 216, .box_w = 13, .box_h = 20, .ofs_x = 0, .ofs_y = 0},
    {.bitmap_index = 81981, .adv_w = 276, .box_w = 16, .box_h = 25, .ofs_x = 1, .ofs_y = 0},
    {.bitmap_index = 82181, .adv_w = 216, .box_w = 13, .box_h = 20, .ofs_x = 0, .ofs_y = 0},
    {.bitmap_index = 82311, .adv_w = 276, .box_w = 16, .box_h = 26, .ofs_x = 1, .ofs_y = 0},
    {.bitmap_index = 82519, .adv_w = 216, .box_w = 13, .box_h = 21, .ofs_x = 0, .ofs_y = 0},
    {.bitmap_index = 82656, .adv_w = 276, .box_w = 16, .box_h = 25, .ofs_x = 1, .ofs_y = 0},
    {.bitmap_index = 82856, .adv_w = 216, .box_w = 13, .box_h = 21, .ofs_x = 0, .ofs_y = 0},
    {.bitmap_index = 82993, .adv_w = 276, .box_w = 16, .box_h = 26, .ofs_x = 1, .ofs_y = -4},
    {.bitmap_index = 83201, .adv_w = 216, .box_w = 13, .box_h = 21, .ofs_x = 0, .ofs_y = -4},
    {.bitmap_index = 83338, .adv_w = 276, .box_w = 16, .box_h = 22, .ofs_x = 1, .ofs_y = 0},
    {.bitmap_index = 83514, .adv_w = 216, .box_w = 13, .box_h = 17, .ofs_x = 0, .ofs_y = 0},
    {.bitmap_index = 83625, .adv_w = 276, .box_w = 16, .box_h = 22, .ofs_x = 1, .ofs_y = 0},
    {.bitmap_index = 83801, .adv_w = 216, .box_w = 13, .box_h = 17, .ofs_x = 0, .ofs_y = 0},
    {.bitmap_index = 83912, .adv_w = 276, .box_w = 16, .box_h = 23, .ofs_x = 1, .ofs_y = 0},
    {.bitmap_index = 84096, .adv_w = 216, .box_w = 13, .box_h = 19, .ofs_x = 0, .ofs_y = 0},
    {.bitmap_index = 84220, .adv_w = 276, .box_w = 16, .box_h = 22, .ofs_x = 1, .ofs_y = 0},
    {.bitmap_index = 84396, .adv_w = 216, .box_w = 13, .box_h = 17, .ofs_x = 0, .ofs_y = 0},
    {.bitmap_index = 84507, .adv_w = 276, .box_w = 16, .box_h = 24, .ofs_x = 1, .ofs_y = -4},
    {.bitmap_index = 84699, .adv_w = 216, .box_w = 13, .box_h = 20, .ofs_x = 0, .ofs_y = -4},
    {.bitmap_index = 84829, .adv_w = 255, .box_w = 14, .box_h = 21, .ofs_x = 1, .ofs_y = -4},
    {.bitmap_index = 84976, .adv_w = 216, .box_w = 11, .box_h = 17, .ofs_x = 1, .ofs_y = -4},
    {.bitmap_index = 85070, .adv_w = 255, .box_w = 14, .box_h = 23, .ofs_x = 1, .ofs_y = 0},
    {.bitmap_index = 85231, .adv_w = 216, .box_w = 11, .box_h = 19, .ofs_x = 1, .ofs_y = 0},
    {.bitmap_index = 85336, .adv_w = 255, .box_w = 16, .box_h = 22, .ofs_x = 1, .ofs_y = 0},
    {.bitmap_index = 85512, .adv_w = 218, .box_w = 13, .box_h = 17, .ofs_x = 1, .ofs_y = 0},
    {.bitmap_index = 85623, .adv_w = 255, .box_w = 16, .box_h = 22, .ofs_x = 1, .ofs_y = 0},
    {.bitmap_index = 85799, .adv_w = 218, .box_w = 13, .box_h = 17, .ofs_x = 1, .ofs_y = 0},
    {.bitmap_index = 85910, .adv_w = 255, .box_w = 16, .box_h = 23, .ofs_x = 1, .ofs_y = 0},
    {.bitmap_index = 86094, .adv_w = 218, .box_w = 13, .box_h = 19, .ofs_x = 1, .ofs_y = 0},
    {.bitmap_index = 86218, .adv_w = 255, .box_w = 16, .box_h = 22, .ofs_x = 1, .ofs_y = 0},
    {.bitmap_index = 86394, .adv_w = 218, .box_w = 13, .box_h = 17, .ofs_x = 1, .ofs_y = 0},
    {.bitmap_index = 86505, .adv_w = 255, .box_w = 16, .box_h = 24, .ofs_x = 1, .ofs_y = -4},
    {.bitmap_index = 86697, .adv_w = 218, .box_w = 13, .box_h = 20, .ofs_x = 1, .ofs_y = -4},
    {.bitmap_index = 86827, .adv_w = 219, .box_w = 15, .box_h = 22, .ofs_x = -1, .ofs_y = 0},
    {.bitmap_index = 86992, .adv_w = 204, .box_w = 13, .box_h = 21, .ofs_x = 0, .ofs_y = -4},
    {.bitmap_index = 87129, .adv_w = 219, .box_w = 15, .box_h = 21, .ofs_x = -1, .ofs_y = -4},
    {.bitmap_index = 87287, .adv_w = 204, .box_w = 13, .box_h = 17, .ofs_x = 0, .ofs_y = -4},
    {.bitmap_index = 87398, .adv_w = 219, .box_w = 15, .box_h = 23, .ofs_x = -1, .ofs_y = 0},
    {.bitmap_index = 87571, .adv_w = 204, .box_w = 13, .box_h = 22, .ofs_x = 0, .ofs_y = -4},
    {.bitmap_index = 87714, .adv_w = 219, .box_w = 15, .box_h = 22, .ofs_x = -1, .ofs_y = 0},
    {.bitmap_index = 87879, .adv_w = 204, .box_w = 13, .box_h = 21, .ofs_x = 0, .ofs_y = -4},
    {.bitmap_index = 88016, .adv_w = 218, .box_w = 13, .box_h = 3, .ofs_x = 0, .ofs_y = 6},
    {.bitmap_index = 88036, .adv_w = 334, .box_w = 20, .box_h = 3, .ofs_x = 0, .ofs_y = 6},
    {.bitmap_index = 88066, .adv_w = 208, .box_w = 13, .box_h = 2, .ofs_x = 0, .ofs_y = 5},
    {.bitmap_index = 88079, .adv_w = 158, .box_w = 6, .box_h = 18, .ofs_x = 2, .ofs_y = -2},
    {.bitmap_index = 88133, .adv_w = 184, .box_w = 13, .box_h = 4, .ofs_x = -1, .ofs_y = -5},
    {.bitmap_index = 88159, .adv_w = 80, .box_w = 3, .box_h = 7, .ofs_x = 1, .ofs_y = 10},
    {.bitmap_index = 88170, .adv_w = 80, .box_w = 3, .box_h = 7, .ofs_x = 1, .ofs_y = 10},
    {.bitmap_index = 88181, .adv_w = 78, .box_w = 4, .box_h = 8, .ofs_x = 0, .ofs_y = -4},
    {.bitmap_index = 88197, .adv_w = 82, .box_w = 3, .box_h = 6, .ofs_x = 1, .ofs_y = 10},
    {.bitmap_index = 88206, .adv_w = 147, .box_w = 8, .box_h = 7, .ofs_x = 1, .ofs_y = 10},
    {.bitmap_index = 88234, .adv_w = 147, .box_w = 8, .box_h = 7, .ofs_x = 1, .ofs_y = 10},
    {.bitmap_index = 88262, .adv_w = 145, .box_w = 9, .box_h = 8, .ofs_x = 0, .ofs_y = -4},
    {.bitmap_index = 88298, .adv_w = 123, .box_w = 6, .box_h = 6, .ofs_x = 1, .ofs_y = 10},
    {.bitmap_index = 88316, .adv_w = 215, .box_w = 11, .box_h = 17, .ofs_x = 1, .ofs_y = 0},
    {.bitmap_index = 88410, .adv_w = 215, .box_w = 11, .box_h = 17, .ofs_x = 1, .ofs_y = 0},
    {.bitmap_index = 88504, .adv_w = 121, .box_w = 7, .box_h = 6, .ofs_x = 0, .ofs_y = 5},
    {.bitmap_index = 88525, .adv_w = 129, .box_w = 7, .box_h = 8, .ofs_x = 1, .ofs_y = 4},
    {.bitmap_index = 88553, .adv_w = 102, .box_w = 3, .box_h = 3, .ofs_x = 2, .ofs_y = 0},
    {.bitmap_index = 88558, .adv_w = 205, .box_w = 9, .box_h = 3, .ofs_x = 2, .ofs_y = 0},
    {.bitmap_index = 88572, .adv_w = 225, .box_w = 14, .box_h = 4, .ofs_x = 0, .ofs_y = 0},
    {.bitmap_index = 88600, .adv_w = 128, .box_w = 8, .box_h = 10, .ofs_x = 0, .ofs_y = 2},
    {.bitmap_index = 88640, .adv_w = 278, .box_w = 17, .box_h = 18, .ofs_x = 0, .ofs_y = -1},
    {.bitmap_index = 88793, .adv_w = 210, .box_w = 14, .box_h = 17, .ofs_x = 0, .ofs_y = -2}
};

/*---------------------
 *  CHARACTER MAPPING
 *--------------------*/

static const uint16_t unicode_list_9[] = {
    0x0, 0x6d9, 0x6dd
};

/*Collect the unicode lists and glyph_id offsets*/
static const lv_font_fmt_txt_cmap_t cmaps[] =
{
    {
        .range_start = 32, .range_length = 95, .glyph_id_start = 1,
        .unicode_list = NULL, .glyph_id_ofs_list = NULL, .list_length = 0, .type = LV_FONT_FMT_TXT_CMAP_FORMAT0_TINY
    },
    {
        .range_start = 160, .range_length = 86, .glyph_id_start = 96,
        .unicode_list = NULL, .glyph_id_ofs_list = NULL, .list_length = 0, .type = LV_FONT_FMT_TXT_CMAP_FORMAT0_TINY
    },
    {
        .range_start = 246, .range_length = 256, .glyph_id_start = 182,
        .unicode_list = NULL, .glyph_id_ofs_list = NULL, .list_length = 0, .type = LV_FONT_FMT_TXT_CMAP_FORMAT0_TINY
    },
    {
        .range_start = 506, .range_length = 34, .glyph_id_start = 438,
        .unicode_list = NULL, .glyph_id_ofs_list = NULL, .list_length = 0, .type = LV_FONT_FMT_TXT_CMAP_FORMAT0_TINY
    },
    {
        .range_start = 567, .range_length = 1, .glyph_id_start = 472,
        .unicode_list = NULL, .glyph_id_ofs_list = NULL, .list_length = 0, .type = LV_FONT_FMT_TXT_CMAP_FORMAT0_TINY
    },
    {
        .range_start = 7680, .range_length = 156, .glyph_id_start = 473,
        .unicode_list = NULL, .glyph_id_ofs_list = NULL, .list_length = 0, .type = LV_FONT_FMT_TXT_CMAP_FORMAT0_TINY
    },
    {
        .range_start = 7838, .range_length = 1, .glyph_id_start = 629,
        .unicode_list = NULL, .glyph_id_ofs_list = NULL, .list_length = 0, .type = LV_FONT_FMT_TXT_CMAP_FORMAT0_TINY
    },
    {
        .range_start = 7840, .range_length = 90, .glyph_id_start = 630,
        .unicode_list = NULL, .glyph_id_ofs_list = NULL, .list_length = 0, .type = LV_FONT_FMT_TXT_CMAP_FORMAT0_TINY
    },
    {
        .range_start = 8211, .range_length = 20, .glyph_id_start = 720,
        .unicode_list = NULL, .glyph_id_ofs_list = NULL, .list_length = 0, .type = LV_FONT_FMT_TXT_CMAP_FORMAT0_TINY
    },
    {
        .range_start = 8250, .range_length = 1758, .glyph_id_start = 740,
        .unicode_list = unicode_list_9, .glyph_id_ofs_list = NULL, .list_length = 3, .type = LV_FONT_FMT_TXT_CMAP_SPARSE_TINY
    }
};

/*-----------------
 *    KERNING
 *----------------*/


/*Map glyph_ids to kern left classes*/
static const uint8_t kern_left_class_mapping[] =
{
    0, 0, 0, 1, 0, 0, 0, 2,
    1, 3, 0, 4, 5, 6, 7, 6,
    8, 9, 10, 11, 12, 13, 14, 15,
    16, 17, 9, 18, 18, 5, 5, 5,
    0, 0, 19, 20, 21, 22, 23, 24,
    25, 26, 26, 27, 28, 29, 26, 26,
    22, 30, 22, 31, 22, 32, 27, 33,
    33, 28, 34, 35, 36, 37, 0, 5,
    0, 0, 38, 39, 39, 26, 39, 40,
    41, 42, 26, 26, 43, 38, 42, 42,
    39, 39, 41, 44, 39, 45, 41, 46,
    46, 47, 46, 48, 49, 0, 0, 5,
    0, 50, 51, 0, 0, 10, 0, 0,
    0, 52, 53, 54, 5, 0, 0, 0,
    0, 5, 0, 0, 0, 0, 0, 0,
    0, 0, 53, 55, 0, 0, 0, 56,
    19, 19, 19, 19, 19, 19, 23, 21,
    23, 23, 23, 23, 26, 26, 26, 26,
    51, 26, 22, 22, 22, 22, 22, 5,
    22, 27, 27, 27, 27, 34, 22, 0,
    38, 38, 38, 38, 38, 38, 39, 39,
    39, 39, 39, 39, 26, 26, 26, 26,
    39, 42, 39, 39, 39, 39, 39, 5,
    39, 41, 41, 41, 41, 46, 39, 46,
    19, 38, 19, 38, 19, 38, 21, 39,
    21, 39, 21, 39, 21, 39, 51, 57,
    22, 0, 23, 39, 0, 0, 23, 39,
    23, 39, 23, 39, 25, 41, 25, 41,
    25, 41, 25, 41, 26, 42, 26, 42,
    26, 26, 26, 26, 0, 0, 26, 26,
    26, 26, 27, 26, 27, 26, 28, 47,
    0, 29, 38, 29, 38, 58, 57, 0,
    0, 29, 38, 26, 42, 26, 42, 26,
    42, 0, 26, 42, 22, 39, 0, 0,
    22, 39, 23, 39, 31, 44, 31, 44,
    31, 44, 22, 39, 22, 39, 22, 39,
    22, 39, 32, 45, 32, 57, 32, 45,
    27, 41, 27, 41, 27, 41, 27, 41,
    27, 41, 27, 41, 33, 46, 34, 46,
    34, 35, 48, 35, 48, 35, 48, 0,
    0, 0, 0, 0, 0, 0, 0, 0,
    0, 0, 0, 0, 0, 0, 0, 22,
    0, 0, 40, 0, 0, 0, 0, 0,
    0, 0, 0, 0, 0, 0, 0, 0,
    22, 39, 0, 0, 0, 0, 0, 0,
    0, 0, 0, 0, 0, 0, 0, 59,
    41, 0, 0, 0, 0, 0, 0, 0,
    0, 0, 0, 0, 0, 0, 0, 0,
    0, 0, 0, 0, 0, 0, 0, 0,
    0, 0, 0, 0, 0, 19, 38, 0,
    0, 0, 0, 0, 0, 0, 0, 0,
    0, 0, 0, 0, 0, 0, 0, 0,
    0, 0, 0, 0, 25, 41, 25, 41,
    28, 47, 0, 0, 0, 0, 0, 0,
    0, 0, 0, 0, 0, 0, 0, 0,
    0, 0, 0, 0, 0, 0, 0, 0,
    0, 0, 0, 0, 0, 0, 0, 0,
    0, 0, 0, 0, 0, 0, 0, 0,
    0, 0, 0, 0, 22, 39, 32, 45,
    26, 0, 0, 0, 0, 0, 0, 0,
    0, 0, 0, 0, 0, 0, 0, 0,
    0, 0, 0, 0, 0, 0, 0, 0,
    0, 0, 0, 0, 0, 0, 0, 0,
    0, 25, 41, 0, 0, 0, 0, 0,
    0, 0, 0, 0, 0, 0, 0, 0,
    0, 0, 0, 0, 0, 0, 0, 0,
    0, 0, 0, 0, 0, 0, 0, 0,
    0, 0, 0, 0, 0, 0, 0, 0,
    0, 0, 0, 0, 0, 0, 0, 0,
    0, 0, 0, 0, 0, 0, 0, 0,
    0, 0, 0, 0, 0, 0, 0, 0,
    0, 0, 0, 0, 0, 0, 0, 0,
    0, 0, 0, 0, 0, 0, 0, 0,
    0, 0, 0, 0, 0, 0, 0, 0,
    0, 0, 0, 0, 0, 0, 0, 0,
    0, 33, 46, 33, 46, 33, 46, 0,
    0, 0, 0, 0, 0, 0, 0, 0,
    0, 0, 0, 0, 0, 0, 0, 0,
    0, 0, 0, 0, 0, 20, 19, 38,
    19, 38, 19, 38, 19, 38, 19, 38,
    19, 38, 19, 38, 19, 38, 19, 38,
    19, 38, 19, 38, 19, 38, 23, 39,
    23, 39, 23, 39, 23, 39, 23, 39,
    23, 39, 23, 39, 23, 39, 23, 26,
    26, 26, 22, 39, 22, 39, 22, 39,
    22, 39, 22, 39, 22, 39, 22, 39,
    22, 39, 22, 39, 22, 39, 22, 39,
    22, 39, 27, 41, 27, 41, 59, 41,
    59, 41, 59, 41, 59, 41, 59, 41,
    34, 46, 34, 46, 34, 46, 34, 46,
    0, 0, 0, 0, 0, 60, 61, 6,
    0, 60, 61, 6, 0, 0, 0, 0,
    0, 0, 0, 6, 62, 0, 0
};

/*Map glyph_ids to kern right classes*/
static const uint8_t kern_right_class_mapping[] =
{
    0, 0, 1, 2, 0, 0, 3, 4,
    2, 0, 5, 6, 7, 8, 9, 8,
    10, 11, 12, 13, 14, 15, 16, 11,
    17, 18, 19, 20, 20, 7, 7, 7,
    21, 0, 22, 23, 24, 23, 25, 23,
    24, 23, 23, 26, 27, 27, 23, 28,
    24, 23, 24, 23, 24, 29, 30, 31,
    31, 32, 33, 34, 0, 35, 36, 7,
    0, 0, 37, 23, 38, 38, 38, 39,
    38, 23, 23, 40, 23, 41, 42, 42,
    38, 42, 38, 42, 38, 43, 44, 45,
    45, 46, 45, 47, 0, 0, 48, 7,
    0, 0, 0, 0, 0, 49, 0, 0,
    0, 50, 51, 52, 7, 0, 0, 0,
    0, 7, 0, 0, 0, 0, 0, 0,
    0, 0, 51, 53, 0, 0, 0, 54,
    22, 22, 22, 22, 22, 22, 22, 24,
    23, 23, 23, 23, 23, 23, 23, 23,
    24, 23, 24, 24, 24, 24, 24, 7,
    24, 30, 30, 30, 30, 33, 23, 23,
    37, 37, 37, 37, 37, 37, 37, 38,
    38, 38, 38, 38, 23, 23, 23, 23,
    38, 42, 38, 38, 38, 38, 38, 7,
    38, 44, 44, 44, 44, 45, 23, 45,
    22, 37, 22, 37, 22, 37, 24, 38,
    24, 38, 24, 38, 24, 38, 23, 38,
    23, 38, 23, 38, 0, 0, 23, 38,
    23, 38, 23, 38, 24, 38, 24, 38,
    24, 38, 24, 38, 23, 23, 23, 23,
    23, 23, 23, 23, 0, 0, 23, 23,
    23, 23, 23, 23, 26, 40, 27, 23,
    0, 27, 41, 23, 41, 27, 41, 0,
    0, 55, 41, 23, 42, 23, 42, 23,
    42, 0, 23, 42, 24, 38, 0, 0,
    24, 38, 24, 38, 23, 42, 23, 42,
    23, 42, 24, 38, 24, 38, 24, 38,
    24, 38, 29, 56, 29, 56, 29, 56,
    30, 44, 30, 44, 30, 44, 30, 44,
    30, 44, 30, 44, 31, 45, 33, 45,
    33, 34, 47, 34, 47, 34, 47, 0,
    0, 0, 0, 0, 0, 0, 0, 0,
    0, 0, 0, 0, 0, 0, 0, 24,
    0, 0, 39, 0, 0, 0, 0, 0,
    0, 0, 0, 0, 0, 0, 0, 0,
    24, 38, 0, 0, 0, 0, 0, 0,
    0, 0, 0, 0, 0, 0, 0, 30,
    44, 0, 0, 0, 0, 0, 0, 0,
    0, 0, 0, 0, 0, 0, 0, 0,
    0, 0, 0, 0, 0, 0, 0, 0,
    0, 0, 0, 0, 0, 22, 37, 0,
    0, 0, 0, 0, 0, 0, 0, 0,
    0, 0, 0, 0, 0, 0, 0, 0,
    0, 0, 0, 0, 24, 38, 24, 38,
    27, 23, 0, 0, 0, 0, 0, 0,
    0, 0, 0, 0, 0, 0, 0, 0,
    0, 0, 0, 0, 0, 0, 0, 0,
    0, 0, 0, 0, 0, 0, 0, 0,
    0, 0, 0, 0, 0, 0, 0, 0,
    0, 0, 0, 0, 24, 38, 29, 56,
    40, 0, 0, 0, 0, 0, 0, 0,
    0, 0, 0, 0, 0, 0, 0, 0,
    0, 0, 0, 0, 0, 0, 0, 0,
    0, 0, 0, 0, 0, 0, 0, 0,
    0, 24, 38, 0, 0, 0, 0, 0,
    0, 0, 0, 0, 0, 0, 0, 0,
    0, 0, 0, 0, 0, 0, 0, 0,
    0, 0, 0, 0, 0, 0, 0, 0,
    0, 0, 0, 0, 0, 0, 0, 0,
    0, 0, 0, 0, 0, 0, 0, 0,
    0, 0, 0, 0, 0, 0, 0, 0,
    0, 0, 0, 0, 0, 0, 0, 0,
    0, 0, 0, 0, 0, 0, 0, 0,
    0, 0, 0, 0, 0, 0, 0, 0,
    0, 0, 0, 0, 0, 0, 0, 0,
    0, 0, 0, 0, 0, 0, 0, 0,
    0, 31, 45, 31, 45, 31, 45, 0,
    0, 0, 0, 0, 0, 0, 0, 0,
    0, 0, 0, 0, 0, 0, 0, 0,
    0, 0, 0, 0, 0, 23, 22, 37,
    22, 37, 22, 37, 22, 37, 22, 37,
    22, 37, 22, 37, 22, 37, 22, 37,
    22, 37, 22, 37, 22, 37, 23, 38,
    23, 38, 23, 38, 23, 38, 23, 38,
    23, 38, 23, 38, 23, 38, 23, 23,
    23, 23, 24, 38, 24, 38, 24, 38,
    24, 38, 24, 38, 24, 38, 24, 38,
    24, 38, 24, 38, 24, 38, 24, 38,
    24, 38, 30, 44, 30, 44, 30, 44,
    30, 44, 30, 44, 30, 44, 30, 44,
    33, 45, 33, 45, 33, 45, 33, 45,
    0, 0, 0, 0, 0, 57, 58, 8,
    0, 57, 59, 8, 0, 0, 0, 0,
    0, 0, 0, 8, 53, 0, 0
};

/*Kern values between classes*/
static const int8_t kern_class_values[] =
{
    0, 0, 0, 0, 0, 0, 0, 0,
    0, -18, 0, 0, 0, 0, -11, 0,
    4, 0, 0, 0, 0, 0, 0, 0,
    0, 0, 0, 0, 0, 0, 0, 0,
    0, 0, 0, 0, 0, 0, 0, 0,
    0, 0, 0, 0, 0, 0, 0, 0,
    0, 0, 0, 0, 0, -15, 0, 0,
    0, 0, 0, 0, 0, 0, 0, 0,
    0, 0, 0, 0, 0, 0, 0, 0,
    0, 0, 0, -21, 0, 0, 0, 0,
    0, 0, 0, 0, 0, 0, 0, 0,
    0, 0, 0, 0, 0, -15, 0, 0,
    0, 0, 0, 0, 0, 0, 0, 0,
    0, 0, 0, 0, 0, 0, 0, 0,
    0, 0, 0, 0, 0, 0, 0, 0,
    0, 0, 0, 0, 0, 0, 0, 0,
    0, 0, -3, -2, -13, 0, 0, -3,
    0, 0, 0, 0, 0, 0, 0, 0,
    0, 0, 0, 0, 0, 0, 0, 0,
    0, 0, 0, 0, 0, 0, 0, 0,
    0, 0, 0, 0, 0, 0, 0, -6,
    0, 0, 0, 0, 0, 0, 0, 0,
    0, 0, 0, 0, 0, 0, 0, 0,
    -15, 0, -26, 0, 0, 0, 0, 0,
    0, 4, 0, 0, 0, 0, 0, 0,
    0, 0, 0, 0, 0, 0, 0, 0,
    0, 0, 0, 0, 0, 0, 0, 0,
    0, 0, 0, 0, 0, 0, 0, 0,
    0, 0, 0, 0, 0, 0, 0, 0,
    0, 0, 0, 0, 0, 0, 0, 0,
    0, 0, 0, 0, 0, 0, 0, 0,
    0, 0, 0, 0, -7, 0, 0, 0,
    0, 0, 0, 0, 0, 0, 0, 0,
    0, 0, 0, 0, 0, 0, 0, 0,
    0, 0, 0, 0, 0, 0, 0, 0,
    0, 0, 0, 0, 0, 0, 0, 0,
    0, 0, 0, 0, 0, 0, 0, 0,
    0, 0, 0, 0, -15, 0, 0, 0,
    0, 0, -28, 0, 0, 0, 0, -22,
    0, 0, 0, 0, 0, 0, 0, 0,
    0, 0, 0, 0, 0, 0, 0, 0,
    0, -28, 0, 0, 0, 0, 0, 0,
    0, 0, 0, 0, 0, 0, 0, 0,
    -7, 0, 0, 0, 0, 0, 0, 0,
    0, 0, 0, 0, 0, 0, 0, 0,
    0, 0, 0, 0, 0, -7, 0, 0,
    4, 0, -15, 0, 0, 0, 0, 0,
    0, 0, 0, 0, 0, 0, 0, 0,
    0, 0, 0, 0, 0, 0, 0, 0,
    0, 0, 0, 0, 0, 0, 0, 0,
    0, 0, 0, 0, 0, 0, 0, 0,
    0, 0, 0, 0, 0, -12, 0, 0,
    -8, 0, 0, 0, -28, 0, -40, -7,
    -7, -15, -15, -28, -4, 1, -7, -7,
    -12, -12, 0, 0, 0, 0, 0, 0,
    0, 0, 0, 0, 0, 0, 0, -4,
    0, 0, 0, 0, 0, 0, 0, 0,
    0, 0, 0, 0, 0, -6, -13, 0,
    -19, -9, 0, 0, 0, 0, 0, 0,
    0, 0, 0, 0, 0, 0, 0, 0,
    0, 0, 4, -4, 0, 0, -3, 0,
    -15, 0, 0, 0, 0, 0, 0, 0,
    0, 0, 0, 0, 0, 0, 0, 0,
    0, 0, 0, 0, 0, 0, 0, 0,
    0, 0, 0, 0, 0, 0, 0, 0,
    0, 0, 0, 0, 0, 0, 0, 0,
    0, 0, 0, 0, 0, 0, 0, 0,
    0, 0, 0, -4, -7, -4, -15, -4,
    0, -7, 0, -8, -7, 0, 0, 0,
    0, 0, 0, 0, 0, 0, 0, 0,
    0, 0, 0, 0, 0, 0, 0, 0,
    0, 0, 0, 0, 0, 0, 0, 0,
    0, 0, 0, -5, -4, 0, 0, 0,
    0, 0, 0, -7, -7, -7, 0, 0,
    0, 0, 0, 0, 0, 0, -11, -4,
    0, -4, 0, -8, -13, 0, -10, 0,
    0, 0, 0, 0, 0, 0, 0, 0,
    0, 0, 0, 0, 0, 0, 0, 0,
    0, 0, 0, 0, 0, 0, 0, 0,
    0, 0, 0, 0, 0, 0, 0, -4,
    0, 0, 0, 0, 0, 0, 0, 0,
    0, 0, 0, 0, 0, -2, 0, 0,
    0, 0, -12, 0, 0, 0, 0, 0,
    0, -7, 0, 0, 0, 0, 0, 0,
    0, 0, 0, 0, 0, 0, 0, 0,
    0, 0, 0, 0, 0, 0, 0, 0,
    0, 0, 0, 0, 0, 0, 0, 0,
    0, 0, 0, 0, 0, 0, 0, 0,
    0, 0, 0, 0, 0, -4, -7, 0,
    0, 0, 0, 0, -4, 0, -4, -7,
    0, -7, 0, 0, -11, 0, 0, -7,
    0, 0, 0, 0, 0, 0, 0, 0,
    0, 0, 0, 0, 0, 0, 0, 0,
    0, 0, 0, 0, 0, 0, 0, 0,
    0, 0, 0, 0, 0, 0, 0, 0,
    0, 0, 0, 0, 0, 0, 0, 0,
    0, 0, 0, -4, 0, 0, 0, 0,
    -7, -7, 0, -4, 0, 0, 0, -18,
    0, 0, 0, 0, 0, 0, 0, 0,
    0, 0, 0, 0, 0, 0, 0, 0,
    0, 0, 0, 0, 0, 0, 0, 0,
    0, 0, 0, 0, 0, 0, 0, 0,
    0, 0, 0, 0, 0, 0, 0, 0,
    0, 0, 0, 0, 0, 0, 0, 0,
    0, 0, 0, -8, 0, -7, -4, 0,
    0, 0, -14, 0, 0, 0, 0, 0,
    0, 0, 0, 0, 0, 0, 0, 0,
    0, 0, 0, 0, 0, 0, 0, 0,
    0, 0, 0, 0, 0, 0, 0, 0,
    0, 0, 0, 0, 0, 0, 0, 0,
    0, 0, 0, 0, 0, 0, 0, 4,
    0, 0, 0, 0, -35, -13, -21, 0,
    4, -4, 0, -20, 0, 7, -3, 0,
    -7, 0, 0, 0, 0, 0, 0, 0,
    0, 0, 0, 0, 0, 0, 0, 0,
    11, 0, 0, 0, 0, 0, 0, 0,
    0, 0, 0, 0, 11, 0, -4, 0,
    0, 0, 0, 0, 0, 0, 0, 0,
    0, 0, 0, 0, -3, 0, 0, 0,
    0, 0, 0, -7, 0, 0, 0, 0,
    -7, 0, 0, 0, 0, 0, 0, 0,
    0, 0, 0, 0, 0, 0, 0, 0,
    0, 0, 0, 0, 0, 0, 0, 0,
    0, 0, 0, 0, 0, 0, 0, 0,
    0, 0, 0, 0, 0, 0, 0, 0,
    0, 0, 0, 0, 0, 0, 0, 0,
    0, 0, 0, 0, -7, 0, 0, 0,
    0, -7, 0, -21, 0, 0, 0, 0,
    0, 0, 0, 0, 0, 0, 0, 0,
    0, 0, 0, 0, 0, -12, 0, 0,
    0, 0, 0, 0, 0, 0, 0, 0,
    0, 0, 0, 0, -4, 0, 0, 0,
    0, 0, 0, 0, 0, 0, -4, -18,
    0, 0, 0, -26, 0, 0, 0, 0,
    0, 0, 0, -13, 0, 0, -34, 0,
    0, -7, -19, 0, -8, -13, -8, -11,
    -6, -8, -34, -7, -40, 0, -27, -4,
    -40, 0, 0, -7, -15, 0, -8, -7,
    -24, -8, -23, -11, -4, 0, -6, -13,
    -26, 0, 0, 0, 0, -24, 0, 0,
    0, 0, 0, 0, 0, 0, 0, 0,
    0, 0, -8, 0, 0, 0, 0, 0,
    0, -14, 0, 0, -7, -10, -8, -3,
    -4, -6, 0, 0, -3, -14, 0, -13,
    0, -16, 0, -13, 0, -3, -1, -7,
    -5, -5, -4, -7, -4, -13, -16, -8,
    0, 0, -4, 0, 0, 0, 0, 0,
    0, 0, 0, 0, 0, 0, 0, 0,
    0, 0, 0, 0, 0, -10, 0, 0,
    0, 0, 0, 0, -6, 0, 0, 0,
    0, -10, -1, 0, -1, 0, -3, -1,
    -6, 0, -8, -7, -8, 0, -8, 0,
    -2, -3, -7, 0, -4, -3, -4, -4,
    -4, -12, -4, 0, -3, 0, 0, 0,
    0, 0, 0, -4, 0, 0, 0, 0,
    0, 0, 0, -7, -4, 0, -7, 0,
    -13, 0, 0, -4, 0, 0, 0, -15,
    0, 0, -4, -7, -13, 4, 0, 4,
    -4, -4, 4, -15, 0, -13, -12, -15,
    -4, -13, 0, 3, 4, -4, -7, 0,
    0, -8, 0, -6, -9, 0, 0, -4,
    0, -4, 0, 0, 0, -3, -8, 0,
    0, 0, 0, 0, 0, 0, 0, 0,
    0, 0, 0, 0, 0, 0, 0, 0,
    0, 0, 0, 0, 0, -4, -7, 0,
    -3, 0, -3, 0, 0, -3, 0, 0,
    5, 0, -7, 0, 5, 0, -4, -7,
    -12, -4, 0, 0, -14, 0, -8, -11,
    -1, 0, 0, 0, 0, 0, 0, 0,
    0, -14, 0, 0, 0, 0, 0, 0,
    0, 0, 0, 0, -29, 0, -30, 0,
    0, 0, 0, 0, 0, 0, 0, 0,
    -11, -7, -30, -7, 0, -7, -22, -10,
    -7, 0, 0, 0, -7, -7, -7, 0,
    0, -8, -10, -4, -12, -7, -10, -13,
    -11, -15, -18, -11, 0, -10, 0, 0,
    0, 0, 0, 0, -13, 0, 0, 0,
    0, 0, 0, 0, 0, 0, 0, 0,
    0, 0, 0, 0, 0, 0, 0, 0,
    -7, 0, 0, 0, 0, 0, 0, 0,
    0, 0, 0, 0, -7, 0, -12, -4,
    -7, 0, -12, 0, 4, 4, -5, 0,
    0, 0, -4, 0, -3, -6, 1, 0,
    0, 0, 0, 0, 0, 0, 0, -4,
    0, 0, 0, 0, 0, 0, 0, 0,
    0, 0, 0, 0, -4, 0, 0, 0,
    0, 0, 0, -13, 0, 0, 0, -4,
    -4, -7, -6, -7, -7, 0, -7, -13,
    6, -8, -4, -7, -1, -8, 0, -4,
    -4, -16, -6, -3, 2, -13, -7, -4,
    -18, -4, 0, 0, -6, 0, 0, 0,
    0, 0, -13, 0, 0, 0, 0, 0,
    0, 0, 0, 0, 0, 0, 0, -7,
    0, 0, 0, 0, 0, 0, 0, 0,
    0, 0, 0, -7, 6, 0, 6, -10,
    0, 6, 0, 1, 0, -7, -7, 0,
    0, 0, 0, -2, -7, -3, 0, 0,
    -7, 0, -7, -11, -7, 0, 0, 0,
    0, 0, 0, 0, 0, -7, 0, 0,
    0, 0, 0, 0, 0, 0, -4, 0,
    0, 0, 0, 0, 0, 0, 0, 0,
    0, -1, 0, 0, -7, -8, 0, -4,
    -15, -4, -11, -7, -4, -1, -7, -4,
    0, 0, -4, -4, 0, -6, -18, -19,
    -4, 0, -7, -18, -11, -12, -12, 0,
    0, -7, -15, -4, 0, 0, 0, 0,
    -18, 0, 0, 0, -7, -35, 0, 0,
    0, -44, 0, -3, 0, -7, 0, 0,
    0, 0, 0, 0, -50, 0, 0, -7,
    -29, -7, -16, -18, -16, -19, -10, -16,
    -50, -17, -56, 0, -59, -7, -56, 0,
    0, -13, -21, -7, -13, 0, -28, -13,
    -29, -18, -7, 0, -10, -18, -44, 0,
    0, 0, 0, -28, 0, 0, 0, -4,
    0, 0, 0, 0, 0, 0, -40, -10,
    -27, 0, 0, 0, 0, 0, 0, 0,
    0, 0, -7, -7, -27, -7, -4, -7,
    -29, 0, -7, 0, 0, -15, -15, -15,
    -8, -15, 0, -8, -10, 0, 0, 0,
    -3, 0, -10, -7, -15, -11, 0, 0,
    -4, 0, 0, 0, 0, 0, 0, 0,
    0, 0, 0, 0, 0, 0, 0, 0,
    0, 0, 0, -4, 0, 0, 0, 0,
    0, 0, -7, 0, 0, -3, -7, -4,
    0, -6, 0, 0, -5, 0, -7, 0,
    -18, 0, -8, 0, -18, 0, -2, -5,
    -10, -4, 0, 0, -11, -4, -8, -9,
    0, 0, -5, -6, 0, 0, 0, 0,
    0, -11, 0, 0, 0, 0, 4, 0,
    -9, 0, 4, 0, -35, -14, -34, 0,
    0, 0, 0, -11, 0, 4, 0, 0,
    -21, -7, -34, -10, -15, -10, -44, -13,
    -10, 4, 0, -4, -1, 3, 0, -4,
    7, -26, -29, -14, -16, -7, -18, -13,
    -24, -16, -21, -18, 0, -13, -15, 4,
    -21, -22, 0, 0, -13, 0, 3, 3,
    -12, 0, 0, -8, 0, 0, 0, -28,
    0, -40, -7, -7, -15, -15, -28, -4,
    1, -7, -7, -12, -12, -40, -9, -13,
    -9, -29, -6, -9, 1, 0, -4, -4,
    0, -4, -4, 0, -18, -16, -18, -18,
    -10, -13, -15, -19, -15, -24, -14, 0,
    -6, -13, 0, -19, -9, 0, 0, -15,
    0, 0, 0, 0, 0, 0, 0, 0,
    0, -7, 0, 0, -27, 0, 0, 0,
    0, 0, 0, 3, 0, 0, 0, 0,
    -27, -7, -15, -7, -46, 0, -7, 3,
    -7, 0, 0, 7, -4, 0, 0, -24,
    -26, -20, -16, -7, -22, -22, -22, -15,
    -22, -26, 0, 0, -15, 0, 0, 0,
    0, -7, -22, 0, 0, 0, 0, 0,
    0, 0, 0, 0, 0, 0, -7, -7,
    0, 0, 0, 0, 0, 0, 0, 0,
    0, 0, -7, -7, -1, -7, -1, -10,
    0, -1, 0, 0, -4, -4, -4, 0,
    -4, 0, -4, -12, -15, -6, -2, -4,
    -11, -7, -12, -15, -7, 0, 0, -7,
    0, 0, 0, 0, 0, -11, 0, 0,
    0, 0, 0, 0, 0, 0, 0, 0,
    0, 0, 0, 0, 0, 0, 0, 0,
    0, 7, 0, 0, 0, 0, 0, 0,
    0, 0, 0, 0, 0, 7, 0, 0,
    0, 0, 0, 0, 0, 0, 0, 0,
    11, 0, 0, 0, 0, 0, 0, 0,
    0, 0, 0, 0, 0, 0, 0, 0,
    0, 0, 0, 0, -4, -18, 0, 0,
    0, -26, 0, 0, 0, 0, 0, 0,
    0, -13, 0, 0, -34, 0, 0, -7,
    -19, 0, 0, 0, 0, 0, 0, 0,
    0, 0, 0, 0, 0, 0, -40, 0,
    0, 0, 0, 0, 0, 0, 0, 0,
    0, 0, 0, 0, -6, -13, 0, 0,
    0, 0, 0, 0, 0, 0, 0, 0,
    0, 0, 0, 0, -8, 0, 7, 0,
    0, 0, 0, 0, 0, 0, 0, 0,
    0, 0, 0, -8, 0, -3, 0, -3,
    0, 0, -3, 0, 0, 0, 0, 0,
    0, 0, 0, 0, -3, -5, 1, -4,
    -1, -18, -3, -10, -10, -3, 0, 0,
    0, -8, 0, 0, 0, 0, -18, 0,
    0, 0, 0, -4, 0, 0, 0, -8,
    0, 0, 0, -4, 0, 0, 0, 0,
    0, 0, -26, 0, 0, 0, -15, -4,
    -4, 0, -4, 0, 0, -4, -26, 0,
    -18, -7, -18, 0, -18, 0, 0, -4,
    -11, -7, -2, -4, -11, -4, -10, -20,
    -9, 0, 0, 0, -8, 0, 0, 0,
    0, -11, 0, 0, 0, 0, 0, 0,
    0, 0, 4, 0, -22, -10, -15, 0,
    0, 0, 0, 0, 0, 0, 0, 0,
    -10, 0, -15, -13, 0, -13, 0, 0,
    -13, 0, 0, 0, 0, 0, 0, 0,
    5, -11, -15, -19, -17, -7, -10, -13,
    0, -14, -15, -4, 0, 0, 0, 4,
    0, 0, 0, 0, -13, 4, 0, 0,
    0, 0, 0, 0, 0, 0, 0, 0,
    0, 0, 0, 0, 0, 0, 0, 0,
    -19, 0, 0, 0, -7, 0, -5, 0,
    -5, 0, 0, -5, -19, 0, -8, 0,
    -7, 0, -8, 0, 0, -4, -7, -1,
    0, 0, -10, 0, -7, -7, -4, 0,
    0, 0, 0, 0, 0, 0, 0, -10,
    0, 0, 0, 0, 0, 0, 0, 0,
    -7, 0, 0, 0, 0, 0, 0, 0,
    0, 0, 0, -15, 0, 0, 0, -7,
    0, -2, 0, -2, 0, 0, -2, -15,
    0, -7, -4, -15, 0, -7, 0, -4,
    -4, -11, -12, -5, -7, -14, -5, -12,
    -18, -7, 0, 0, 0, -7, 0, 0,
    0, 0, -14, 0, 0, 0, -7, 0,
    0, 0, 0, -7, 0, -7, -24, 0,
    0, 0, 0, 0, 0, 0, -7, 0,
    0, -15, -11, 0, -18, -4, -18, 0,
    0, -18, -7, 0, 0, 0, 0, 0,
    0, 0, -18, -21, -21, -11, -15, -15,
    -19, -7, -26, -15, -12, 0, 0, -4,
    -7, 0, 0, 0, 0, -19, 0, 0,
    0, 0, 0, 0, 0, 0, 0, 0,
    -21, -13, -11, 0, 0, 0, 0, 0,
    0, -13, 0, 0, -17, 0, -11, -10,
    0, -10, 0, 0, -10, -13, 0, 0,
    0, 0, 0, 0, 0, -14, -15, -20,
    -18, -10, -13, -16, -7, -9, -25, -11,
    0, 0, 0, 0, -13, 0, 0, 0,
    -16, 0, 0, 0, 0, 0, 0, 0,
    0, 0, 0, 10, -10, 4, 0, 0,
    0, 0, 0, 0, 0, 0, 0, 0,
    0, 4, -5, 0, -5, 0, 0, -5,
    0, 0, -4, 0, 0, 10, -4, 0,
    -3, -6, -11, -4, 0, 2, -13, -1,
    -4, -12, 1, 0, 0, 0, 0, 0,
    0, 0, 0, -13, 0, 0, 0, 0,
    0, 0, 0, 0, 0, 0, -21, -4,
    -18, 0, 0, 0, 0, 0, 0, -13,
    0, 0, -7, 0, -18, -4, -6, -4,
    -14, 0, -4, -13, 0, 0, -1, 0,
    0, 0, 0, -9, -10, -4, -10, -4,
    -8, -8, -7, 0, -17, -10, 0, 0,
    -6, 0, 0, 0, 0, 0, -8, 0,
    0, 0, -7, 0, 0, 0, 0, -7,
    0, -7, -24, 0, 0, 0, 0, 0,
    0, 0, -7, 0, 0, -15, -11, 0,
    -18, -4, -18, 0, 0, -18, -7, 0,
    0, 0, 0, 0, 0, 0, -18, -20,
    -21, -11, -15, -15, -19, -7, -26, -15,
    -12, 0, 0, -4, -7, 0, 0, 0,
    0, -19, 0, 0, 0, 0, 0, 0,
    0, 0, 0, 0, 0, 0, 0, 0,
    0, 0, 0, 0, 0, 0, 0, 0,
    -7, -4, 0, -4, 0, -4, 0, 0,
    -4, 0, 0, -11, -4, 0, 0, -11,
    0, -6, -11, -7, -8, -10, -7, -10,
    -7, -11, -18, -7, 0, 0, 0, 0,
    0, 0, 0, 0, -10, 0, 0, 0,
    0, 0, 0, 0, 0, 0, 0, 0,
    0, 0, 0, 0, 0, 0, 0, 0,
    4, 0, 0, 0, 0, 0, 0, 0,
    0, 0, 0, 0, 4, 0, 0, 0,
    0, 0, 0, 0, 0, 0, 0, 0,
    0, 0, 0, 0, 0, 0, 0, 0,
    0, 0, 0, 0, 0, 0, 0, 0,
    0, 0, 0, 0, 0, 0, 0, 0,
    0, 0, 0, 0, 0, 0, 0, 0,
    0, 0, 0, 0, 0, 0, 0, 0,
    0, 0, 0, 0, 0, 0, 0, 0,
    0, -15, 0, 0, 0, -15, 0, 0,
    0, -4, 0, 0, 0, -5, 0, 0,
    0, 0, 0, 0, 0, 0, 0, 0,
    0, 0, -5, 0, 0, 0, 0, 0,
    0, 0, 0, 0, 0, 0, 0, 0,
    0, 0, 0, 0, 0, 0, -7, 0,
    0, 0, 0, 0, 0, 0, 0, 0,
    0, 0, -7, 0, 0, 0, 0, 0,
    0, 0, 0, 0, 0, 0, 0, 0,
    0, 0, 0, 0, 0, 0, 0, 0,
    0, 0, 0, 0, 0, 0, 0, 0,
    0, 0, 0, 0, 0, -7, -4, 0,
    -7, 0, -13, 0, 0, -4, 0, 0,
    0, -15, 0, 0, -4, -7, 0, 0,
    0, 0, 0, 0, 0, 0, 0, 0,
    0, 0, 0, -13, 0, 0, 0, 0,
    0, 0, 0, 0, 0, 0, 0, 0,
    0, -4, 0, 0, 0, 0, 0, 0,
    0, 0, 0, 0, 0, 0, 0, 0,
    0, 0, 0, -15, 0, -26, 0, 0,
    0, 0, 0, 0, 4, 0, 0, 0,
    0, -26, 0, 0, 0, 0, 0, 0,
    4, 0, 0, 0, 0, 0, 0, 0,
    0, 0, 0, 0, 0, 0, 0, 0,
    0, 0, 0, 0, 0, 0, 0, 0,
    0, 0, 0, 0, 0, 0, 0, 0,
    0, 0, 0, 0, 0, 0, 0, 0,
    0, 0, 0, 0, 0, 0, 0, -21,
    0, 0, 0, 0, 0, 0, 0, 0,
    0, 0, 0, 0, 0, 0, 0, 0,
    0, -15, 0, 0, 0, 0, 0, 0,
    0, 0, 0, 0, 0, 0, 0, 0,
    0, 0, 0, 0, 0, 0, 0, 0,
    0, 0, 0, 0, 0, 0, 0, 0,
    0, 0, 0, 0, 0, 0, 0, 0,
    0, 0, -22, 0, 0, 0, 0, 0,
    0, 0, 0, -1, 0, 0, -22, 0,
    -19, 0, 0, 0, -19, 0, 0, 0,
    0, 0, 0, 0, 0, 0, 0, 0,
    0, 0, 0, 0, 0, 0, 0, 0,
    0, 0, 0, 0, 0, 0, -15, 0,
    0, 0, 0, 0, 0, 0, 0, 0,
    -22, 0, 0, 0, 0, -31, 0, 0,
    0, 0, 0, 0, 0, 0, 0, 0,
    0, 0, 0, 0, 0, 0, 0, -38,
    0, 0, 0, 0, 0, 0, 0, 0,
    0, 0, 0, 0, 0, 0, -19, 0,
    0, 0, 0, 0, 0, 0, 0, 0,
    0, 0, 0, 0, 0, 9, 0, 0,
    0, 0, 0, 0, 0, 0, 0, 0,
    0, 0, 0, 0, 0, 0, 2, 0,
    2, 0, 0, 2, 0, 0, 0, 0,
    0, 0, 0, 0, -4, -7, -4, -4,
    0, 0, -2, 0, -1, -4, 0, 0,
    0, 0, 9, 0, 0, 0, 0, -2,
    0, 0, 13, 0, 0, 0, 0, 0,
    0, 0, 0, 0, 0, 0, 0, 0,
    0, 0, 0, -10, 0, 0, 0, 0,
    0, 0, 0, 0, 0, 0, 0, -10,
    0, -13, 0, -10, 0, -13, 0, 0,
    0, 0, 0, 0, 0, 0, 0, 0,
    0, 0, 0, 0, 0, 0, 0, 0,
    0, 0, 0, 0, 0, 0, 0, 0,
    0, 0, 18, 0, 0, 0, 0, -7,
    0, 0, 0, 0, 0, 0, 10, 0,
    0, 0, 0, -7, 6, 0, 6, -10,
    0, 6, 10, 1, 4, 5, 13, 4,
    4, 19, 0, -4, -7, -2, 0, -3,
    -5, 0, -4, -11, -5, 15, 0, 0,
    0, 0, 0, 0, 0, -5, 0, 0,
    0, 0, 0, 0, 0, 0, 0, 0,
    0, 0, 0, 0, 0, 0, 0, 0,
    0, 0, 0, 0, 0, 0, 0, 0,
    0, 0, -43, 0, 0, 0, 0, 0,
    0, 0, 0, 0, 0, 0, 0, 0,
    0, 0, 0, 0, 0, 0, 0, 0,
    0, 0, 0, 0, 0, 0, 0, 0,
    0, 0, 0, 0, 0, 0, 0, 0,
    0, 0, 0, 0, 0, 0, 0, 3,
    0, 0, 0, 0, 0, 0, 0, 0,
    0, 0, 0, 0, 0, 0, 0, 0,
    0, 0, 0, 0, 0, 0, 0, 0,
    0, 0, 0, 0, 0, 0, 0, 0,
    0, 0, 0, 0, 0, 0, 0, 0,
    0, 0, 0, 0, 0, 0, 0, 0,
    0, 0, 0, 0, 0, 0, 0, 0,
    0, 0, 0, 0, 0, 0, 0, 0,
    0, 0, 0, 0, 0, 0, 0, 0,
    -1, 0, 0, 0, 0, 0, 0, 0,
    0, 0, 0, 0, 0, 0, 0, 0,
    0, 0, 0, 0, 0, 0, 0, 0,
    0, 0, 0, 0, 0, 0, 0, 0,
    0, 0
};


/*Collect the kern class' data in one place*/
static const lv_font_fmt_txt_kern_classes_t kern_classes =
{
    .class_pair_values   = kern_class_values,
    .left_class_mapping  = kern_left_class_mapping,
    .right_class_mapping = kern_right_class_mapping,
    .left_class_cnt      = 62,
    .right_class_cnt     = 59,
};

/*--------------------
 *  ALL CUSTOM DATA
 *--------------------*/

#if LVGL_VERSION_MAJOR == 8
/*Store all the custom data of the font*/
static  lv_font_fmt_txt_glyph_cache_t cache;
#endif

#if LVGL_VERSION_MAJOR >= 8
static const lv_font_fmt_txt_dsc_t font_dsc = {
#else
static lv_font_fmt_txt_dsc_t font_dsc = {
#endif
    .glyph_bitmap = glyph_bitmap,
    .glyph_dsc = glyph_dsc,
    .cmaps = cmaps,
    .kern_dsc = &kern_classes,
    .kern_scale = 16,
    .cmap_num = 10,
    .bpp = 4,
    .kern_classes = 1,
    .bitmap_format = 0,
#if LVGL_VERSION_MAJOR == 8
    .cache = &cache
#endif
};



/*-----------------
 *  PUBLIC FONT
 *----------------*/

/*Initialize a public general font descriptor*/
#if LVGL_VERSION_MAJOR >= 8
const lv_font_t geist_c3_med_23 = {
#else
lv_font_t geist_c3_med_23 = {
#endif
    .get_glyph_dsc = lv_font_get_glyph_dsc_fmt_txt,    /*Function pointer to get glyph's data*/
    .get_glyph_bitmap = lv_font_get_bitmap_fmt_txt,    /*Function pointer to get glyph's bitmap*/
    .line_height = 32,          /*The maximum line height required by the font*/
    .base_line = 6,             /*Baseline measured from the bottom of the line*/
#if !(LVGL_VERSION_MAJOR == 6 && LVGL_VERSION_MINOR == 0)
    .subpx = LV_FONT_SUBPX_NONE,
#endif
#if LV_VERSION_CHECK(7, 4, 0) || LVGL_VERSION_MAJOR >= 8
    .underline_position = -2,
    .underline_thickness = 1,
#endif
    .dsc = &font_dsc,          /*The custom font data. Will be accessed by `get_glyph_bitmap/dsc` */
#if LV_VERSION_CHECK(8, 2, 0) || LVGL_VERSION_MAJOR >= 9
    .fallback = NULL,
#endif
    .user_data = NULL,
};



#endif /*#if GEIST_C3_MED_23*/

