/*******************************************************************************
 * Size: 15 px
 * Bpp: 4
 * Opts: --bpp 4 --size 15 --format lvgl --no-compress --no-prefilter --font fonts/Geist-SemiBold.ttf --range 0x20-0x7F,0xA0-0x24F,0x1E00-0x1EFF,0x2013-0x2026,0x203A --font /System/Library/Fonts/Supplemental/Arial Unicode.ttf --range 0x00AD,0x0114-0x0115,0x012C-0x012D,0x0138,0x013F-0x0140,0x0149,0x014E-0x014F,0x017F-0x018E,0x0190-0x0191,0x0193-0x019F,0x01A2-0x01AE,0x01B1-0x01CC,0x01CF-0x01E3,0x01EA-0x01F5,0x01FA-0x0217,0x1E00-0x1E1F,0x1E22-0x1E7F,0x1E86-0x1E9B,0x2015-0x2017,0x201B,0x201F,0x2023-0x2025,0x2713,0x2717 -o main/ui/geist_c3_sem_15.c --lv-include lvgl.h
 ******************************************************************************/

#ifdef LV_LVGL_H_INCLUDE_SIMPLE
#include "lvgl.h"
#else
#include "lvgl.h"
#endif

#ifndef GEIST_C3_SEM_15
#define GEIST_C3_SEM_15 1
#endif

#if GEIST_C3_SEM_15

/*-----------------
 *    BITMAPS
 *----------------*/

/*Store the image of the glyphs*/
static LV_ATTRIBUTE_LARGE_CONST const uint8_t glyph_bitmap[] = {
    /* U+0020 " " */

    /* U+0021 "!" */
    0x1f, 0xd1, 0xfd, 0x1f, 0xd1, 0xfd, 0xf, 0xc0,
    0xfb, 0xd, 0x90, 0x32, 0x4f, 0xe4, 0xfe,

    /* U+0022 "\"" */
    0x5f, 0x4a, 0xf5, 0xf3, 0x9f, 0x3f, 0x39, 0xd1,
    0xf2, 0x8b, 0x0, 0x0, 0x0,

    /* U+0023 "#" */
    0x0, 0xa, 0xf1, 0x4f, 0x70, 0x0, 0xd, 0xe0,
    0x7f, 0x40, 0x4, 0xff, 0xff, 0xff, 0xf2, 0x3,
    0xaf, 0xf8, 0xff, 0x80, 0x0, 0x5f, 0x60, 0xfc,
    0x0, 0x0, 0x8f, 0x32, 0xf9, 0x0, 0xd, 0xff,
    0xff, 0xff, 0x90, 0x7, 0xff, 0x8f, 0xfb, 0x30,
    0x0, 0xfa, 0xa, 0xf1, 0x0, 0x3, 0xf8, 0xd,
    0xe0, 0x0,

    /* U+0024 "$" */
    0x0, 0x0, 0x99, 0x0, 0x0, 0x0, 0x0, 0x99,
    0x0, 0x0, 0x0, 0x7d, 0xff, 0xb3, 0x0, 0x9,
    0xfe, 0xff, 0xff, 0x20, 0xf, 0xf1, 0x99, 0x7f,
    0xa0, 0xd, 0xf5, 0x99, 0x4, 0x30, 0x4, 0xef,
    0xff, 0x60, 0x0, 0x0, 0x4, 0xff, 0xfe, 0x40,
    0x17, 0x50, 0x99, 0x3f, 0xe0, 0xf, 0xf3, 0x99,
    0x1f, 0xf0, 0x6, 0xff, 0xff, 0xef, 0x90, 0x0,
    0x5c, 0xff, 0xd7, 0x0, 0x0, 0x0, 0x99, 0x0,
    0x0, 0x0, 0x0, 0x11, 0x0, 0x0,

    /* U+0025 "%" */
    0x9, 0xee, 0x90, 0x0, 0x4e, 0x10, 0x4f, 0x33,
    0xf5, 0x1, 0xe4, 0x0, 0x5f, 0x21, 0xf5, 0xb,
    0x90, 0x0, 0xb, 0xff, 0xb0, 0x7d, 0x0, 0x0,
    0x0, 0x0, 0x3, 0xf2, 0x0, 0x0, 0x0, 0x0,
    0xd, 0x64, 0xce, 0x90, 0x0, 0x0, 0x9b, 0xe,
    0x93, 0xe7, 0x0, 0x5, 0xe1, 0x2f, 0x30, 0xba,
    0x0, 0x1e, 0x40, 0xf, 0x82, 0xe7, 0x0, 0xb8,
    0x0, 0x4, 0xdf, 0xa0,

    /* U+0026 "&" */
    0x0, 0x5d, 0xfe, 0x90, 0x0, 0x2, 0xff, 0xbe,
    0xf7, 0x0, 0x5, 0xfa, 0x7, 0xf9, 0x0, 0x1,
    0xfd, 0x1c, 0xf2, 0x0, 0x0, 0x9f, 0xfc, 0x20,
    0x0, 0x9, 0xfd, 0xfd, 0x12, 0x84, 0x4f, 0xc0,
    0x6f, 0xc9, 0xf6, 0x6f, 0xa0, 0x7, 0xff, 0xe1,
    0x2f, 0xfc, 0xbd, 0xff, 0xc0, 0x4, 0xce, 0xfd,
    0x9b, 0xf8,

    /* U+0027 "'" */
    0x5f, 0x45, 0xf4, 0x4f, 0x22, 0xf1, 0x0, 0x0,

    /* U+0028 "(" */
    0x0, 0x49, 0x20, 0xe, 0xd0, 0x6, 0xf6, 0x0,
    0xdf, 0x0, 0x1f, 0xc0, 0x4, 0xfa, 0x0, 0x5f,
    0x90, 0x4, 0xf9, 0x0, 0x2f, 0xb0, 0x0, 0xee,
    0x0, 0x9, 0xf4, 0x0, 0x2f, 0xa0, 0x0, 0x9f,
    0x20,

    /* U+0029 ")" */
    0x69, 0x0, 0x3f, 0x80, 0xc, 0xf0, 0x7, 0xf6,
    0x3, 0xfa, 0x0, 0xfd, 0x0, 0xfe, 0x0, 0xfd,
    0x2, 0xfc, 0x5, 0xf8, 0xa, 0xf2, 0x1f, 0xb0,
    0x8f, 0x30,

    /* U+002A "*" */
    0x5, 0x94, 0xb0, 0x2, 0xfe, 0x80, 0x6f, 0xff,
    0xfc, 0x14, 0xff, 0x82, 0x6, 0xb5, 0xc0, 0x0,
    0x0, 0x0,

    /* U+002B "+" */
    0x0, 0x8, 0xf0, 0x0, 0x0, 0x8, 0xf0, 0x0,
    0x0, 0x8, 0xf0, 0x0, 0x6f, 0xff, 0xff, 0xfe,
    0x39, 0x9f, 0xfa, 0x98, 0x0, 0x8, 0xf0, 0x0,
    0x0, 0x8, 0xf0, 0x0,

    /* U+002C "," */
    0x0, 0x6, 0xfc, 0x6f, 0xc0, 0xb7, 0x1e, 0x0,

    /* U+002D "-" */
    0x49, 0x99, 0x96, 0x6f, 0xff, 0xfb,

    /* U+002E "." */
    0x0, 0x6, 0xfc, 0x6f, 0xc0,

    /* U+002F "/" */
    0x0, 0x0, 0x18, 0x60, 0x0, 0x6, 0xf7, 0x0,
    0x0, 0xcf, 0x20, 0x0, 0x1f, 0xc0, 0x0, 0x7,
    0xf6, 0x0, 0x0, 0xdf, 0x10, 0x0, 0x2f, 0xb0,
    0x0, 0x8, 0xf5, 0x0, 0x0, 0xef, 0x0, 0x0,
    0x3f, 0xa0, 0x0, 0x9, 0xf4, 0x0, 0x0, 0xee,
    0x0, 0x0, 0x4f, 0x90, 0x0, 0x0,

    /* U+0030 "0" */
    0x0, 0x3b, 0xef, 0xc5, 0x0, 0x3, 0xff, 0xcb,
    0xff, 0x60, 0xc, 0xf6, 0x0, 0x3f, 0xf1, 0x2f,
    0xe0, 0x0, 0xa, 0xf6, 0x4f, 0xb0, 0x0, 0x7,
    0xf8, 0x4f, 0xc0, 0x0, 0x8, 0xf8, 0x2f, 0xe0,
    0x0, 0xa, 0xf6, 0xd, 0xf6, 0x0, 0x3f, 0xf1,
    0x3, 0xff, 0xcb, 0xff, 0x70, 0x0, 0x3b, 0xef,
    0xc5, 0x0,

    /* U+0031 "1" */
    0x0, 0xc, 0xc0, 0x26, 0xfc, 0x7f, 0xff, 0xc2,
    0x56, 0xfc, 0x0, 0x2f, 0xc0, 0x2, 0xfc, 0x0,
    0x2f, 0xc0, 0x2, 0xfc, 0x0, 0x2f, 0xc0, 0x2,
    0xfc,

    /* U+0032 "2" */
    0x0, 0x4c, 0xef, 0xc5, 0x0, 0x5f, 0xfb, 0xbf,
    0xf5, 0xd, 0xf4, 0x0, 0x7f, 0xb0, 0x55, 0x0,
    0x6, 0xfa, 0x0, 0x0, 0x7, 0xff, 0x30, 0x0,
    0x5e, 0xfc, 0x30, 0x0, 0xaf, 0xd4, 0x0, 0x0,
    0x7f, 0xb0, 0x0, 0x0, 0xe, 0xfc, 0xaa, 0xaa,
    0x81, 0xff, 0xff, 0xff, 0xfc,

    /* U+0033 "3" */
    0x0, 0x8d, 0xff, 0xc5, 0x0, 0xbf, 0xea, 0xbf,
    0xf4, 0x7, 0x70, 0x0, 0x9f, 0x70, 0x0, 0x18,
    0xaf, 0xd1, 0x0, 0x3, 0xff, 0xf7, 0x0, 0x0,
    0x0, 0x2b, 0xf7, 0x13, 0x20, 0x0, 0x3f, 0xc2,
    0xfe, 0x10, 0x7, 0xfb, 0xa, 0xfe, 0xbc, 0xff,
    0x40, 0x7, 0xdf, 0xfb, 0x40,

    /* U+0034 "4" */
    0x0, 0x0, 0x1e, 0xfb, 0x0, 0x0, 0xb, 0xff,
    0xb0, 0x0, 0x8, 0xfd, 0xfb, 0x0, 0x4, 0xfc,
    0x4f, 0xb0, 0x2, 0xfe, 0x14, 0xfb, 0x0, 0xdf,
    0x30, 0x4f, 0xb0, 0x8f, 0xea, 0xab, 0xfe, 0xa9,
    0xff, 0xff, 0xff, 0xff, 0x0, 0x0, 0x4, 0xfb,
    0x0, 0x0, 0x0, 0x4f, 0xb0,

    /* U+0035 "5" */
    0x5, 0xff, 0xff, 0xff, 0x40, 0x7f, 0xca, 0xaa,
    0xa2, 0x9, 0xf4, 0x0, 0x0, 0x0, 0xcf, 0x9d,
    0xfd, 0x50, 0xe, 0xfe, 0x8a, 0xff, 0x50, 0x77,
    0x10, 0x5, 0xfd, 0x0, 0x0, 0x0, 0x1f, 0xe0,
    0xff, 0x20, 0x6, 0xfc, 0x9, 0xff, 0xbc, 0xff,
    0x40, 0x7, 0xdf, 0xfb, 0x40,

    /* U+0036 "6" */
    0x0, 0x3b, 0xff, 0xc4, 0x0, 0x3f, 0xfb, 0xae,
    0xf4, 0xb, 0xf4, 0x1, 0x14, 0x20, 0xfd, 0xbf,
    0xfe, 0x50, 0x2f, 0xfc, 0x68, 0xff, 0x34, 0xfd,
    0x0, 0x7, 0xf9, 0x3f, 0xb0, 0x0, 0x5f, 0xa0,
    0xff, 0x20, 0x9, 0xf7, 0x8, 0xfe, 0xac, 0xfe,
    0x10, 0x7, 0xdf, 0xea, 0x20,

    /* U+0037 "7" */
    0xbf, 0xff, 0xff, 0xff, 0x17, 0xaa, 0xaa, 0xbf,
    0xf0, 0x0, 0x0, 0xa, 0xf4, 0x0, 0x0, 0x6,
    0xf7, 0x0, 0x0, 0x0, 0xed, 0x0, 0x0, 0x0,
    0x7f, 0x50, 0x0, 0x0, 0xd, 0xf0, 0x0, 0x0,
    0x2, 0xfc, 0x0, 0x0, 0x0, 0x5f, 0x90, 0x0,
    0x0, 0x6, 0xf8, 0x0, 0x0,

    /* U+0038 "8" */
    0x0, 0x8d, 0xff, 0xc4, 0x0, 0xa, 0xfe, 0xbb,
    0xff, 0x40, 0xe, 0xf2, 0x0, 0x8f, 0x90, 0xa,
    0xf8, 0x23, 0xcf, 0x50, 0x0, 0xdf, 0xff, 0xf8,
    0x0, 0xc, 0xf9, 0x56, 0xcf, 0x70, 0x5f, 0xa0,
    0x0, 0xf, 0xf0, 0x6f, 0xc0, 0x0, 0x2f, 0xf1,
    0x1e, 0xfe, 0xbb, 0xff, 0xa0, 0x2, 0x9e, 0xff,
    0xc7, 0x0,

    /* U+0039 "9" */
    0x1, 0x9e, 0xfd, 0x80, 0x0, 0xdf, 0xda, 0xdf,
    0xb0, 0x5f, 0xc0, 0x0, 0xcf, 0x36, 0xf9, 0x0,
    0x8, 0xf7, 0x2f, 0xf6, 0x26, 0xff, 0x80, 0x6f,
    0xff, 0xfb, 0xf7, 0x0, 0x4, 0x41, 0x9f, 0x51,
    0x87, 0x0, 0x2e, 0xf1, 0xc, 0xfd, 0xbf, 0xf8,
    0x0, 0x19, 0xef, 0xd7, 0x0,

    /* U+003A ":" */
    0x0, 0xc, 0xf6, 0xcf, 0x60, 0x0, 0x0, 0x0,
    0x0, 0xcf, 0x6c, 0xf6,

    /* U+003B ";" */
    0xcf, 0x6c, 0xf6, 0x0, 0x0, 0x0, 0x0, 0x0,
    0x0, 0xcf, 0x6c, 0xf6, 0x1f, 0x17, 0xa0,

    /* U+003C "<" */
    0x0, 0x0, 0x0, 0x0, 0x0, 0x0, 0x5, 0xb7,
    0x0, 0x17, 0xef, 0xe4, 0x2a, 0xff, 0xc5, 0x0,
    0x6f, 0xc3, 0x0, 0x0, 0x5f, 0xfb, 0x40, 0x0,
    0x2, 0x8e, 0xfd, 0x71, 0x0, 0x0, 0x6c, 0xf7,
    0x0, 0x0, 0x0, 0x33,

    /* U+003D "=" */
    0x6f, 0xff, 0xff, 0xfa, 0x39, 0x99, 0x99, 0x95,
    0x0, 0x0, 0x0, 0x0, 0x39, 0x99, 0x99, 0x95,
    0x6f, 0xff, 0xff, 0xfa,

    /* U+003E ">" */
    0x0, 0x0, 0x0, 0x0, 0x4d, 0x60, 0x0, 0x0,
    0x2d, 0xff, 0x92, 0x0, 0x0, 0x4a, 0xff, 0xb3,
    0x0, 0x0, 0x19, 0xfa, 0x0, 0x3, 0xaf, 0xf8,
    0x5, 0xcf, 0xfa, 0x30, 0x4f, 0xe7, 0x10, 0x0,
    0x25, 0x0, 0x0, 0x0,

    /* U+003F "?" */
    0x0, 0x8e, 0xfe, 0x90, 0x0, 0xcf, 0xda, 0xdf,
    0xb0, 0x4f, 0xd0, 0x0, 0xff, 0x1, 0x32, 0x0,
    0x1f, 0xf0, 0x0, 0x0, 0x6e, 0xf5, 0x0, 0x0,
    0x5f, 0xc2, 0x0, 0x0, 0x9, 0xe4, 0x0, 0x0,
    0x0, 0x0, 0x0, 0x0, 0x0, 0xd, 0xf6, 0x0,
    0x0, 0x0, 0xdf, 0x60, 0x0,

    /* U+0040 "@" */
    0x0, 0x0, 0x5b, 0xef, 0xeb, 0x60, 0x0, 0x0,
    0x2c, 0xe8, 0x43, 0x47, 0xec, 0x10, 0x1, 0xdb,
    0x10, 0x0, 0x0, 0x1c, 0xb0, 0x9, 0xd0, 0x1b,
    0xfe, 0xaf, 0x32, 0xf3, 0xf, 0x60, 0xcf, 0x65,
    0xff, 0x20, 0xe6, 0x3f, 0x13, 0xf9, 0x0, 0x8f,
    0x0, 0xd7, 0x5f, 0x4, 0xf6, 0x0, 0x9f, 0x0,
    0xf5, 0x4f, 0x2, 0xfb, 0x3, 0xff, 0x17, 0xe1,
    0x2f, 0x40, 0x8f, 0xfe, 0x5e, 0xfe, 0x40, 0xb,
    0xc0, 0x1, 0x20, 0x0, 0x20, 0x0, 0x2, 0xed,
    0x51, 0x1, 0x46, 0x0, 0x0, 0x0, 0x19, 0xef,
    0xff, 0xe9, 0x0, 0x0, 0x0, 0x0, 0x1, 0x21,
    0x0, 0x0, 0x0,

    /* U+0041 "A" */
    0x0, 0x1, 0xff, 0xb0, 0x0, 0x0, 0x0, 0x7f,
    0xff, 0x10, 0x0, 0x0, 0xd, 0xf8, 0xf7, 0x0,
    0x0, 0x3, 0xfb, 0x1f, 0xd0, 0x0, 0x0, 0x9f,
    0x50, 0xbf, 0x30, 0x0, 0xf, 0xe0, 0x5, 0xf9,
    0x0, 0x6, 0xff, 0xff, 0xff, 0xf0, 0x0, 0xcf,
    0xaa, 0xaa, 0xdf, 0x60, 0x2f, 0xe0, 0x0, 0x4,
    0xfc, 0x8, 0xf8, 0x0, 0x0, 0xd, 0xf2,

    /* U+0042 "B" */
    0xcf, 0xff, 0xfe, 0xa2, 0xc, 0xfa, 0x9a, 0xdf,
    0xe0, 0xcf, 0x20, 0x0, 0xef, 0x2c, 0xf4, 0x22,
    0x6f, 0xd0, 0xcf, 0xff, 0xff, 0xb1, 0xc, 0xf6,
    0x55, 0x7f, 0xe1, 0xcf, 0x20, 0x0, 0x7f, 0x8c,
    0xf2, 0x0, 0x9, 0xf8, 0xcf, 0xa9, 0x9c, 0xff,
    0x3c, 0xff, 0xff, 0xeb, 0x40,

    /* U+0043 "C" */
    0x0, 0x19, 0xef, 0xea, 0x30, 0x0, 0x2e, 0xfd,
    0xbc, 0xff, 0x30, 0xc, 0xf9, 0x0, 0x6, 0xfd,
    0x2, 0xfe, 0x0, 0x0, 0x8, 0x91, 0x4f, 0xb0,
    0x0, 0x0, 0x0, 0x4, 0xfb, 0x0, 0x0, 0x0,
    0x0, 0x2f, 0xe0, 0x0, 0x0, 0xab, 0x20, 0xcf,
    0x80, 0x0, 0x6f, 0xd0, 0x2, 0xef, 0xda, 0xcf,
    0xf4, 0x0, 0x1, 0x9e, 0xfe, 0xa2, 0x0,

    /* U+0044 "D" */
    0xcf, 0xff, 0xfc, 0x70, 0x0, 0xcf, 0xba, 0xcf,
    0xfc, 0x0, 0xcf, 0x20, 0x1, 0xcf, 0x70, 0xcf,
    0x20, 0x0, 0x3f, 0xd0, 0xcf, 0x20, 0x0, 0xf,
    0xf0, 0xcf, 0x20, 0x0, 0xf, 0xf0, 0xcf, 0x20,
    0x0, 0x3f, 0xd0, 0xcf, 0x20, 0x1, 0xcf, 0x80,
    0xcf, 0xba, 0xcf, 0xfc, 0x0, 0xcf, 0xff, 0xfc,
    0x70, 0x0,

    /* U+0045 "E" */
    0xcf, 0xff, 0xff, 0xf6, 0xcf, 0xba, 0xaa, 0xa3,
    0xcf, 0x20, 0x0, 0x0, 0xcf, 0x20, 0x0, 0x0,
    0xcf, 0xff, 0xff, 0xf3, 0xcf, 0xba, 0xaa, 0xa1,
    0xcf, 0x20, 0x0, 0x0, 0xcf, 0x20, 0x0, 0x0,
    0xcf, 0xba, 0xaa, 0xa5, 0xcf, 0xff, 0xff, 0xf7,

    /* U+0046 "F" */
    0xcf, 0xff, 0xff, 0xf5, 0xcf, 0xda, 0xaa, 0xa3,
    0xcf, 0x20, 0x0, 0x0, 0xcf, 0x20, 0x0, 0x0,
    0xcf, 0xff, 0xff, 0xf1, 0xcf, 0xca, 0xaa, 0xa0,
    0xcf, 0x20, 0x0, 0x0, 0xcf, 0x20, 0x0, 0x0,
    0xcf, 0x20, 0x0, 0x0, 0xcf, 0x20, 0x0, 0x0,

    /* U+0047 "G" */
    0x0, 0x19, 0xdf, 0xea, 0x30, 0x0, 0x2e, 0xfd,
    0xbc, 0xff, 0x30, 0xb, 0xf8, 0x0, 0x5, 0xfd,
    0x2, 0xfe, 0x0, 0x0, 0x6, 0x60, 0x4f, 0xb0,
    0x0, 0x22, 0x22, 0x4, 0xfb, 0x0, 0x5f, 0xff,
    0xf2, 0x2f, 0xe0, 0x1, 0x55, 0xdf, 0x20, 0xcf,
    0x80, 0x0, 0x5f, 0xf2, 0x2, 0xef, 0xdb, 0xcf,
    0xdf, 0x20, 0x1, 0x9e, 0xfe, 0x72, 0xf2,

    /* U+0048 "H" */
    0xcf, 0x20, 0x0, 0x5f, 0x9c, 0xf2, 0x0, 0x5,
    0xf9, 0xcf, 0x20, 0x0, 0x5f, 0x9c, 0xf2, 0x0,
    0x5, 0xf9, 0xcf, 0xff, 0xff, 0xff, 0x9c, 0xfc,
    0xaa, 0xaf, 0xf9, 0xcf, 0x20, 0x0, 0x5f, 0x9c,
    0xf2, 0x0, 0x5, 0xf9, 0xcf, 0x20, 0x0, 0x5f,
    0x9c, 0xf2, 0x0, 0x5, 0xf9,

    /* U+0049 "I" */
    0xcf, 0x2c, 0xf2, 0xcf, 0x2c, 0xf2, 0xcf, 0x2c,
    0xf2, 0xcf, 0x2c, 0xf2, 0xcf, 0x2c, 0xf2,

    /* U+004A "J" */
    0x0, 0x0, 0x0, 0xaf, 0x40, 0x0, 0x0, 0xa,
    0xf4, 0x0, 0x0, 0x0, 0xaf, 0x40, 0x0, 0x0,
    0xa, 0xf4, 0x0, 0x0, 0x0, 0xaf, 0x40, 0x0,
    0x0, 0xa, 0xf4, 0x1b, 0x90, 0x0, 0xbf, 0x40,
    0xff, 0x20, 0x1e, 0xf1, 0x7, 0xfe, 0xbe, 0xf9,
    0x0, 0x7, 0xdf, 0xe8, 0x0,

    /* U+004B "K" */
    0xcf, 0x20, 0x3, 0xff, 0x3c, 0xf2, 0x2, 0xef,
    0x40, 0xcf, 0x21, 0xdf, 0x50, 0xc, 0xf3, 0xdf,
    0x70, 0x0, 0xcf, 0xdf, 0xd0, 0x0, 0xc, 0xff,
    0xef, 0x70, 0x0, 0xcf, 0x81, 0xef, 0x40, 0xc,
    0xf2, 0x4, 0xfe, 0x10, 0xcf, 0x20, 0x7, 0xfb,
    0xc, 0xf2, 0x0, 0xb, 0xf8,

    /* U+004C "L" */
    0xcf, 0x20, 0x0, 0x0, 0xcf, 0x20, 0x0, 0x0,
    0xcf, 0x20, 0x0, 0x0, 0xcf, 0x20, 0x0, 0x0,
    0xcf, 0x20, 0x0, 0x0, 0xcf, 0x20, 0x0, 0x0,
    0xcf, 0x20, 0x0, 0x0, 0xcf, 0x20, 0x0, 0x0,
    0xcf, 0xda, 0xaa, 0xa2, 0xcf, 0xff, 0xff, 0xf3,

    /* U+004D "M" */
    0xcf, 0xf0, 0x0, 0x0, 0x7f, 0xf5, 0xcf, 0xf6,
    0x0, 0x0, 0xdf, 0xf5, 0xcf, 0xfc, 0x0, 0x3,
    0xff, 0xf5, 0xcf, 0xdf, 0x20, 0xa, 0xfd, 0xf5,
    0xcf, 0x7f, 0x80, 0xf, 0xda, 0xf5, 0xcf, 0x2e,
    0xe0, 0x6f, 0x7a, 0xf5, 0xcf, 0x28, 0xf4, 0xcf,
    0x1a, 0xf5, 0xcf, 0x22, 0xfc, 0xfa, 0xa, 0xf5,
    0xcf, 0x20, 0xcf, 0xf4, 0xa, 0xf5, 0xcf, 0x20,
    0x5f, 0xd0, 0xa, 0xf5,

    /* U+004E "N" */
    0xcf, 0xc0, 0x0, 0xf, 0xf0, 0xcf, 0xf6, 0x0,
    0xf, 0xf0, 0xcf, 0xfe, 0x10, 0xf, 0xf0, 0xcf,
    0x7f, 0x90, 0xf, 0xf0, 0xcf, 0x2b, 0xf3, 0xf,
    0xf0, 0xcf, 0x22, 0xfd, 0xf, 0xf0, 0xcf, 0x20,
    0x7f, 0x7f, 0xf0, 0xcf, 0x20, 0xd, 0xff, 0xf0,
    0xcf, 0x20, 0x3, 0xff, 0xf0, 0xcf, 0x20, 0x0,
    0x9f, 0xf0,

    /* U+004F "O" */
    0x0, 0x19, 0xdf, 0xeb, 0x40, 0x0, 0x2e, 0xfe,
    0xbc, 0xff, 0x80, 0xc, 0xf9, 0x0, 0x3, 0xff,
    0x32, 0xfe, 0x0, 0x0, 0x7, 0xf9, 0x4f, 0xb0,
    0x0, 0x0, 0x4f, 0xb4, 0xfb, 0x0, 0x0, 0x3,
    0xfb, 0x2f, 0xe0, 0x0, 0x0, 0x7f, 0x90, 0xcf,
    0x80, 0x0, 0x2e, 0xf3, 0x2, 0xef, 0xeb, 0xcf,
    0xf8, 0x0, 0x1, 0x9d, 0xfe, 0xb5, 0x0,

    /* U+0050 "P" */
    0xcf, 0xff, 0xfd, 0x81, 0xc, 0xfb, 0xaa, 0xef,
    0xd0, 0xcf, 0x20, 0x0, 0xdf, 0x3c, 0xf2, 0x0,
    0xd, 0xf3, 0xcf, 0xba, 0xae, 0xfd, 0xc, 0xff,
    0xff, 0xe9, 0x10, 0xcf, 0x20, 0x0, 0x0, 0xc,
    0xf2, 0x0, 0x0, 0x0, 0xcf, 0x20, 0x0, 0x0,
    0xc, 0xf2, 0x0, 0x0, 0x0,

    /* U+0051 "Q" */
    0x0, 0x18, 0xdf, 0xeb, 0x30, 0x0, 0x2e, 0xfe,
    0xbc, 0xff, 0x60, 0xc, 0xf9, 0x0, 0x4, 0xff,
    0x22, 0xfe, 0x0, 0x0, 0x9, 0xf7, 0x4f, 0xb0,
    0x0, 0x0, 0x5f, 0xa4, 0xfb, 0x0, 0x0, 0x5,
    0xfa, 0x2f, 0xe0, 0x5, 0x50, 0x9f, 0x70, 0xbf,
    0x90, 0x3f, 0xaf, 0xf1, 0x2, 0xef, 0xea, 0xef,
    0xf5, 0x0, 0x1, 0x9d, 0xfe, 0xcf, 0x30, 0x0,
    0x0, 0x0, 0x0, 0x67, 0x0,

    /* U+0052 "R" */
    0xcf, 0xff, 0xfe, 0xa2, 0xc, 0xfb, 0xaa, 0xdf,
    0xe1, 0xcf, 0x20, 0x0, 0xcf, 0x5c, 0xf2, 0x0,
    0xc, 0xf4, 0xcf, 0xba, 0xad, 0xfa, 0xc, 0xff,
    0xff, 0xfe, 0x60, 0xcf, 0x20, 0x2, 0xef, 0x1c,
    0xf2, 0x0, 0xa, 0xf4, 0xcf, 0x20, 0x0, 0x9f,
    0x5c, 0xf2, 0x0, 0x8, 0xf7,

    /* U+0053 "S" */
    0x0, 0x7d, 0xff, 0xb4, 0x0, 0x9, 0xfe, 0xac,
    0xff, 0x40, 0xf, 0xf2, 0x0, 0x5f, 0xd0, 0xd,
    0xf5, 0x0, 0x4, 0x40, 0x3, 0xef, 0xea, 0x61,
    0x0, 0x0, 0x3, 0x7b, 0xff, 0x60, 0x17, 0x60,
    0x0, 0x2f, 0xf1, 0xf, 0xf4, 0x0, 0xe, 0xf2,
    0x6, 0xff, 0xca, 0xef, 0xc0, 0x0, 0x4b, 0xff,
    0xd9, 0x10,

    /* U+0054 "T" */
    0xdf, 0xff, 0xff, 0xff, 0x98, 0xaa, 0xdf, 0xca,
    0xa6, 0x0, 0x9, 0xf5, 0x0, 0x0, 0x0, 0x9f,
    0x50, 0x0, 0x0, 0x9, 0xf5, 0x0, 0x0, 0x0,
    0x9f, 0x50, 0x0, 0x0, 0x9, 0xf5, 0x0, 0x0,
    0x0, 0x9f, 0x50, 0x0, 0x0, 0x9, 0xf5, 0x0,
    0x0, 0x0, 0x9f, 0x50, 0x0,

    /* U+0055 "U" */
    0xf, 0xe0, 0x0, 0x7, 0xf8, 0xf, 0xe0, 0x0,
    0x7, 0xf8, 0xf, 0xe0, 0x0, 0x7, 0xf8, 0xf,
    0xe0, 0x0, 0x7, 0xf8, 0xf, 0xe0, 0x0, 0x7,
    0xf8, 0xf, 0xe0, 0x0, 0x7, 0xf8, 0xf, 0xf0,
    0x0, 0x7, 0xf7, 0xd, 0xf5, 0x0, 0xd, 0xf4,
    0x4, 0xff, 0xcb, 0xef, 0xc0, 0x0, 0x4b, 0xef,
    0xd8, 0x0,

    /* U+0056 "V" */
    0x8f, 0x80, 0x0, 0x0, 0xef, 0x22, 0xfe, 0x0,
    0x0, 0x4f, 0xc0, 0xc, 0xf4, 0x0, 0xa, 0xf6,
    0x0, 0x5f, 0xa0, 0x0, 0xff, 0x0, 0x0, 0xff,
    0x10, 0x6f, 0x90, 0x0, 0x9, 0xf6, 0xc, 0xf3,
    0x0, 0x0, 0x3f, 0xc2, 0xfd, 0x0, 0x0, 0x0,
    0xdf, 0xaf, 0x70, 0x0, 0x0, 0x7, 0xff, 0xf1,
    0x0, 0x0, 0x0, 0x1f, 0xfa, 0x0, 0x0,

    /* U+0057 "W" */
    0x4f, 0xb0, 0x0, 0x9f, 0x70, 0x0, 0xef, 0x20,
    0xff, 0x0, 0xd, 0xfb, 0x0, 0x2f, 0xe0, 0xb,
    0xf4, 0x2, 0xff, 0xf0, 0x6, 0xf9, 0x0, 0x7f,
    0x80, 0x6f, 0xcf, 0x40, 0xaf, 0x40, 0x2, 0xfc,
    0xa, 0xf4, 0xf8, 0xe, 0xf0, 0x0, 0xd, 0xf1,
    0xec, 0xe, 0xc2, 0xfb, 0x0, 0x0, 0x9f, 0x7f,
    0x80, 0xaf, 0x8f, 0x70, 0x0, 0x4, 0xff, 0xf4,
    0x6, 0xff, 0xf2, 0x0, 0x0, 0xf, 0xff, 0x0,
    0x1f, 0xfe, 0x0, 0x0, 0x0, 0xbf, 0xb0, 0x0,
    0xdf, 0x90, 0x0,

    /* U+0058 "X" */
    0x6f, 0xd0, 0x0, 0xe, 0xf4, 0xb, 0xf8, 0x0,
    0x9f, 0x90, 0x1, 0xef, 0x34, 0xfd, 0x0, 0x0,
    0x4f, 0xde, 0xf2, 0x0, 0x0, 0x9, 0xff, 0x70,
    0x0, 0x0, 0x9, 0xff, 0x80, 0x0, 0x0, 0x4f,
    0xde, 0xf3, 0x0, 0x1, 0xef, 0x34, 0xfd, 0x0,
    0xb, 0xf7, 0x0, 0x9f, 0xa0, 0x7f, 0xc0, 0x0,
    0xd, 0xf5,

    /* U+0059 "Y" */
    0xc, 0xf5, 0x0, 0x3, 0xfe, 0x10, 0x3f, 0xe0,
    0x0, 0xcf, 0x50, 0x0, 0x9f, 0x90, 0x5f, 0xc0,
    0x0, 0x0, 0xef, 0x3e, 0xf2, 0x0, 0x0, 0x5,
    0xff, 0xf8, 0x0, 0x0, 0x0, 0xb, 0xfe, 0x0,
    0x0, 0x0, 0x0, 0x6f, 0x90, 0x0, 0x0, 0x0,
    0x6, 0xf9, 0x0, 0x0, 0x0, 0x0, 0x6f, 0x90,
    0x0, 0x0, 0x0, 0x6, 0xf9, 0x0, 0x0,

    /* U+005A "Z" */
    0x6f, 0xff, 0xff, 0xff, 0x13, 0xaa, 0xaa, 0xcf,
    0xf0, 0x0, 0x0, 0x1e, 0xf6, 0x0, 0x0, 0xb,
    0xf9, 0x0, 0x0, 0x8, 0xfc, 0x0, 0x0, 0x5,
    0xfe, 0x10, 0x0, 0x2, 0xff, 0x30, 0x0, 0x0,
    0xdf, 0x60, 0x0, 0x0, 0x8f, 0xfa, 0xaa, 0xaa,
    0x29, 0xff, 0xff, 0xff, 0xf4,

    /* U+005B "[" */
    0x68, 0x88, 0x3c, 0xff, 0xf7, 0xcf, 0x0, 0xc,
    0xf0, 0x0, 0xcf, 0x0, 0xc, 0xf0, 0x0, 0xcf,
    0x0, 0xc, 0xf0, 0x0, 0xcf, 0x0, 0xc, 0xf0,
    0x0, 0xcf, 0x0, 0xc, 0xf2, 0x21, 0xcf, 0xff,
    0x74, 0x55, 0x52,

    /* U+005C "\\" */
    0x38, 0x30, 0x0, 0x2, 0xfb, 0x0, 0x0, 0xc,
    0xf1, 0x0, 0x0, 0x7f, 0x60, 0x0, 0x1, 0xfc,
    0x0, 0x0, 0xb, 0xf2, 0x0, 0x0, 0x6f, 0x70,
    0x0, 0x0, 0xfd, 0x0, 0x0, 0xa, 0xf3, 0x0,
    0x0, 0x5f, 0x80, 0x0, 0x0, 0xee, 0x0, 0x0,
    0x9, 0xf4, 0x0, 0x0, 0x4f, 0x90,

    /* U+005D "]" */
    0x68, 0x88, 0x3d, 0xff, 0xf6, 0x0, 0x6f, 0x60,
    0x6, 0xf6, 0x0, 0x6f, 0x60, 0x6, 0xf6, 0x0,
    0x6f, 0x60, 0x6, 0xf6, 0x0, 0x6f, 0x60, 0x6,
    0xf6, 0x0, 0x6f, 0x62, 0x27, 0xf6, 0xdf, 0xff,
    0x64, 0x55, 0x52,

    /* U+005E "^" */
    0x0, 0x58, 0x30, 0x0, 0xf, 0xfb, 0x0, 0x6,
    0xf8, 0xf2, 0x0, 0xcb, 0xe, 0x80, 0x3f, 0x40,
    0x8e, 0x0,

    /* U+005F "_" */
    0x39, 0x99, 0x99, 0x97, 0x6f, 0xff, 0xff, 0xfd,

    /* U+0060 "`" */
    0x1, 0x0, 0x1f, 0xc0, 0x6, 0xf3,

    /* U+0061 "a" */
    0x1, 0x9e, 0xfd, 0x60, 0x0, 0xcf, 0xa7, 0xdf,
    0x50, 0x19, 0x70, 0x4, 0xfa, 0x0, 0x3, 0x7a,
    0xdf, 0xc0, 0xc, 0xfc, 0x87, 0xfc, 0x5, 0xfa,
    0x0, 0x6f, 0xc0, 0x4f, 0xf9, 0xaf, 0xfe, 0x40,
    0x7e, 0xfc, 0x47, 0xf6,

    /* U+0062 "b" */
    0xff, 0x0, 0x0, 0x0, 0xff, 0x0, 0x0, 0x0,
    0xff, 0x4d, 0xfc, 0x30, 0xff, 0xe9, 0xaf, 0xf1,
    0xff, 0x50, 0x9, 0xf8, 0xff, 0x0, 0x5, 0xfb,
    0xff, 0x0, 0x5, 0xfa, 0xff, 0x50, 0x9, 0xf8,
    0xff, 0xf9, 0xaf, 0xf1, 0xfe, 0x5d, 0xfc, 0x30,

    /* U+0063 "c" */
    0x0, 0x7d, 0xfe, 0x80, 0x0, 0xaf, 0xd8, 0xcf,
    0xb0, 0x2f, 0xe0, 0x0, 0xdf, 0x25, 0xfa, 0x0,
    0x0, 0x0, 0x5f, 0xa0, 0x0, 0x1, 0x2, 0xfe,
    0x0, 0xe, 0xf1, 0xa, 0xfd, 0x8c, 0xfa, 0x0,
    0x8, 0xdf, 0xe8, 0x0,

    /* U+0064 "d" */
    0x0, 0x0, 0x0, 0xaf, 0x40, 0x0, 0x0, 0xa,
    0xf4, 0x1, 0xaf, 0xe8, 0xaf, 0x40, 0xcf, 0xd8,
    0xdf, 0xf4, 0x3f, 0xe0, 0x0, 0xef, 0x46, 0xfa,
    0x0, 0xb, 0xf4, 0x6f, 0xa0, 0x0, 0xbf, 0x43,
    0xfe, 0x0, 0x1e, 0xf4, 0xc, 0xfd, 0x8d, 0xff,
    0x40, 0x1a, 0xfe, 0x89, 0xf4,

    /* U+0065 "e" */
    0x0, 0x7d, 0xfd, 0x70, 0x0, 0xaf, 0xb8, 0xcf,
    0x90, 0x2f, 0xc0, 0x0, 0xdf, 0x15, 0xff, 0xff,
    0xff, 0xf3, 0x5f, 0xb3, 0x33, 0x33, 0x2, 0xfe,
    0x0, 0x9, 0x90, 0xa, 0xfc, 0x8c, 0xf9, 0x0,
    0x8, 0xdf, 0xd7, 0x0,

    /* U+0066 "f" */
    0x0, 0x5d, 0xfe, 0x0, 0xff, 0x86, 0x3f, 0xff,
    0xfd, 0x18, 0xff, 0x75, 0x1, 0xfd, 0x0, 0x1,
    0xfd, 0x0, 0x1, 0xfd, 0x0, 0x1, 0xfd, 0x0,
    0x1, 0xfd, 0x0, 0x1, 0xfd, 0x0,

    /* U+0067 "g" */
    0x1, 0xaf, 0xe8, 0xaf, 0x40, 0xcf, 0xc8, 0xcf,
    0xf4, 0x3f, 0xd0, 0x0, 0xef, 0x46, 0xf9, 0x0,
    0xb, 0xf4, 0x5f, 0xb0, 0x0, 0xdf, 0x40, 0xef,
    0x73, 0x8f, 0xf4, 0x4, 0xef, 0xfd, 0xcf, 0x40,
    0x34, 0x44, 0xc, 0xf2, 0xd, 0xf9, 0x7a, 0xfd,
    0x0, 0x19, 0xef, 0xe9, 0x10,

    /* U+0068 "h" */
    0xff, 0x0, 0x0, 0xf, 0xf0, 0x0, 0x0, 0xff,
    0x4d, 0xfb, 0x1f, 0xfd, 0x9c, 0xfa, 0xff, 0x30,
    0x1f, 0xef, 0xf0, 0x0, 0xff, 0xff, 0x0, 0xf,
    0xff, 0xf0, 0x0, 0xff, 0xff, 0x0, 0xf, 0xff,
    0xf0, 0x0, 0xff,

    /* U+0069 "i" */
    0xff, 0xa, 0xa0, 0xff, 0xf, 0xf0, 0xff, 0xf,
    0xf0, 0xff, 0xf, 0xf0, 0xff, 0xf, 0xf0,

    /* U+006A "j" */
    0x0, 0x6f, 0x90, 0x4, 0xa6, 0x0, 0x5f, 0x90,
    0x5, 0xf9, 0x0, 0x5f, 0x90, 0x5, 0xf9, 0x0,
    0x5f, 0x90, 0x5, 0xf9, 0x0, 0x5f, 0x90, 0x5,
    0xf8, 0x7, 0xcf, 0x70, 0xff, 0xb1,

    /* U+006B "k" */
    0xff, 0x0, 0x0, 0x0, 0xff, 0x0, 0x0, 0x0,
    0xff, 0x0, 0x3f, 0xf3, 0xff, 0x2, 0xef, 0x30,
    0xff, 0x2e, 0xf4, 0x0, 0xff, 0xdf, 0xb0, 0x0,
    0xff, 0xfc, 0xf4, 0x0, 0xff, 0x42, 0xfe, 0x10,
    0xff, 0x0, 0x6f, 0xb0, 0xff, 0x0, 0xc, 0xf6,

    /* U+006C "l" */
    0xff, 0x0, 0xff, 0x0, 0xff, 0x0, 0xff, 0x0,
    0xff, 0x0, 0xff, 0x0, 0xff, 0x0, 0xff, 0x0,
    0xef, 0x81, 0x6e, 0xf2,

    /* U+006D "m" */
    0xfc, 0x6e, 0xe8, 0x1a, 0xfd, 0x40, 0xff, 0xc6,
    0xdf, 0xe8, 0x7f, 0xf1, 0xff, 0x20, 0x5f, 0xb0,
    0xb, 0xf4, 0xff, 0x0, 0x3f, 0x90, 0x9, 0xf5,
    0xff, 0x0, 0x3f, 0x90, 0x9, 0xf5, 0xff, 0x0,
    0x3f, 0x90, 0x9, 0xf5, 0xff, 0x0, 0x3f, 0x90,
    0x9, 0xf5, 0xff, 0x0, 0x3f, 0x90, 0x9, 0xf5,

    /* U+006E "n" */
    0xfc, 0x5d, 0xfb, 0x1f, 0xfc, 0x6b, 0xfa, 0xff,
    0x20, 0x1f, 0xef, 0xf0, 0x0, 0xff, 0xff, 0x0,
    0xf, 0xff, 0xf0, 0x0, 0xff, 0xff, 0x0, 0xf,
    0xff, 0xf0, 0x0, 0xff,

    /* U+006F "o" */
    0x0, 0x7d, 0xfd, 0x80, 0x0, 0xaf, 0xd9, 0xdf,
    0xa0, 0x2f, 0xe0, 0x0, 0xdf, 0x35, 0xfa, 0x0,
    0x9, 0xf6, 0x5f, 0xa0, 0x0, 0x9f, 0x62, 0xfe,
    0x0, 0xd, 0xf3, 0xa, 0xfd, 0x9d, 0xfa, 0x0,
    0x7, 0xdf, 0xe8, 0x0,

    /* U+0070 "p" */
    0xfe, 0x6d, 0xfc, 0x30, 0xff, 0xd6, 0x8f, 0xf1,
    0xff, 0x30, 0x8, 0xf8, 0xff, 0x0, 0x5, 0xfb,
    0xff, 0x0, 0x5, 0xfa, 0xff, 0x40, 0xa, 0xf8,
    0xff, 0xe9, 0xbf, 0xf1, 0xff, 0x5d, 0xfc, 0x30,
    0xff, 0x0, 0x0, 0x0, 0xff, 0x0, 0x0, 0x0,

    /* U+0071 "q" */
    0x1, 0xae, 0xe8, 0x9f, 0x40, 0xbf, 0xd8, 0xdf,
    0xf4, 0x3f, 0xe0, 0x0, 0xef, 0x46, 0xfa, 0x0,
    0xb, 0xf4, 0x6f, 0xa0, 0x0, 0xbf, 0x43, 0xfe,
    0x0, 0xe, 0xf4, 0xb, 0xfd, 0x8d, 0xff, 0x40,
    0x1a, 0xee, 0x8a, 0xf4, 0x0, 0x0, 0x0, 0xaf,
    0x40, 0x0, 0x0, 0xa, 0xf4,

    /* U+0072 "r" */
    0xfd, 0x7f, 0x8f, 0xfe, 0xa5, 0xff, 0x30, 0xf,
    0xf0, 0x0, 0xff, 0x0, 0xf, 0xf0, 0x0, 0xff,
    0x0, 0xf, 0xf0, 0x0,

    /* U+0073 "s" */
    0x2, 0xbe, 0xfd, 0x60, 0xe, 0xf9, 0x7d, 0xf5,
    0x1f, 0xe0, 0x3, 0xa6, 0xc, 0xfd, 0x95, 0x10,
    0x0, 0x59, 0xdf, 0xf3, 0x3a, 0x60, 0x7, 0xfa,
    0x1f, 0xf9, 0x7c, 0xf7, 0x3, 0xbf, 0xfd, 0x80,

    /* U+0074 "t" */
    0x0, 0x86, 0x0, 0x1, 0xfd, 0x0, 0x5f, 0xff,
    0xff, 0x28, 0xff, 0x77, 0x1, 0xfd, 0x0, 0x1,
    0xfd, 0x0, 0x1, 0xfd, 0x0, 0x0, 0xfd, 0x0,
    0x0, 0xff, 0x87, 0x0, 0x5e, 0xff,

    /* U+0075 "u" */
    0xff, 0x0, 0xf, 0xef, 0xf0, 0x0, 0xfe, 0xff,
    0x0, 0xf, 0xef, 0xf0, 0x0, 0xfe, 0xff, 0x0,
    0xf, 0xee, 0xf1, 0x3, 0xfe, 0xaf, 0xc9, 0xef,
    0xe1, 0xbf, 0xd5, 0xde,

    /* U+0076 "v" */
    0x8f, 0x80, 0x0, 0xcf, 0x42, 0xfd, 0x0, 0x1f,
    0xe0, 0xc, 0xf2, 0x6, 0xf8, 0x0, 0x6f, 0x80,
    0xcf, 0x20, 0x1, 0xfd, 0x1f, 0xc0, 0x0, 0xa,
    0xf9, 0xf6, 0x0, 0x0, 0x5f, 0xff, 0x10, 0x0,
    0x0, 0xef, 0xb0, 0x0,

    /* U+0077 "w" */
    0x8f, 0x60, 0xb, 0xf4, 0x0, 0xdf, 0x13, 0xfa,
    0x0, 0xff, 0x80, 0x1f, 0xc0, 0xe, 0xe0, 0x4f,
    0xfd, 0x5, 0xf8, 0x0, 0xaf, 0x38, 0xf8, 0xf1,
    0xaf, 0x30, 0x5, 0xf7, 0xcb, 0x2f, 0x6e, 0xe0,
    0x0, 0xf, 0xdf, 0x70, 0xdc, 0xf9, 0x0, 0x0,
    0xbf, 0xf2, 0x9, 0xff, 0x40, 0x0, 0x6, 0xfd,
    0x0, 0x4f, 0xf0, 0x0,

    /* U+0078 "x" */
    0xd, 0xf3, 0x0, 0xcf, 0x40, 0x2f, 0xd0, 0x7f,
    0x90, 0x0, 0x7f, 0xaf, 0xd0, 0x0, 0x0, 0xbf,
    0xf3, 0x0, 0x0, 0xd, 0xff, 0x40, 0x0, 0x8,
    0xf9, 0xee, 0x10, 0x4, 0xfc, 0x5, 0xfa, 0x1,
    0xef, 0x20, 0xb, 0xf6,

    /* U+0079 "y" */
    0x8f, 0x70, 0x0, 0xef, 0x12, 0xfc, 0x0, 0x3f,
    0xa0, 0xc, 0xf2, 0x8, 0xf5, 0x0, 0x6f, 0x70,
    0xde, 0x0, 0x1, 0xfc, 0x2f, 0x90, 0x0, 0xb,
    0xf9, 0xf3, 0x0, 0x0, 0x5f, 0xfd, 0x0, 0x0,
    0x0, 0xff, 0x80, 0x0, 0x2, 0x7b, 0xf2, 0x0,
    0x0, 0x6f, 0xf7, 0x0, 0x0,

    /* U+007A "z" */
    0x1f, 0xff, 0xff, 0xfa, 0x7, 0x77, 0x7e, 0xf9,
    0x0, 0x0, 0x9f, 0xb0, 0x0, 0x8, 0xfc, 0x0,
    0x0, 0x7f, 0xd1, 0x0, 0x6, 0xfd, 0x10, 0x0,
    0x2f, 0xf9, 0x77, 0x75, 0x4f, 0xff, 0xff, 0xfc,

    /* U+007B "{" */
    0x0, 0x1a, 0xed, 0x0, 0x9f, 0xe8, 0x0, 0xef,
    0x10, 0x0, 0xfe, 0x0, 0x0, 0xfd, 0x0, 0x5,
    0xf9, 0x0, 0x5f, 0xb0, 0x0, 0x3d, 0xf5, 0x0,
    0x1, 0xfd, 0x0, 0x0, 0xfe, 0x0, 0x0, 0xef,
    0x0, 0x0, 0xaf, 0xd8, 0x0, 0x1a, 0xed,

    /* U+007C "|" */
    0x79, 0xc, 0xf1, 0xcf, 0x1c, 0xf1, 0xcf, 0x1c,
    0xf1, 0xcf, 0x1c, 0xf1, 0xcf, 0x1c, 0xf1, 0xcf,
    0x1c, 0xf1, 0xcf, 0x10,

    /* U+007D "}" */
    0xde, 0xa1, 0x0, 0x8d, 0xf9, 0x0, 0x0, 0xfe,
    0x0, 0x0, 0xef, 0x0, 0x0, 0xdf, 0x0, 0x0,
    0x9f, 0x60, 0x0, 0xa, 0xf6, 0x0, 0x5f, 0xd3,
    0x0, 0xcf, 0x10, 0x0, 0xdf, 0x0, 0x0, 0xfe,
    0x0, 0x8d, 0xfa, 0x0, 0xdf, 0xa1, 0x0,

    /* U+007E "~" */
    0x0, 0x0, 0x0, 0x10, 0xa, 0xfe, 0x57, 0xf2,
    0x4f, 0x35, 0xff, 0xb0, 0x14, 0x0, 0x13, 0x0,

    /* U+00A0 " " */

    /* U+00A1 "¡" */
    0x4f, 0xe4, 0xfe, 0x3, 0x20, 0xd9, 0xf, 0xb0,
    0xfc, 0x1f, 0xd1, 0xfd, 0x1f, 0xd1, 0xfd,

    /* U+00A2 "¢" */
    0x0, 0x16, 0xfd, 0x10, 0x0, 0x4e, 0xff, 0xff,
    0x50, 0xe, 0xf5, 0xe8, 0xfe, 0x4, 0xfb, 0xf,
    0x25, 0x71, 0x6f, 0x90, 0xf0, 0x0, 0x4, 0xfb,
    0x2f, 0x6, 0x81, 0xe, 0xf9, 0xe4, 0xfe, 0x0,
    0x4e, 0xff, 0xff, 0x40, 0x0, 0x1c, 0xf6, 0x10,
    0x0, 0x0, 0x89, 0x0, 0x0,

    /* U+00A3 "£" */
    0x0, 0x2a, 0xef, 0xd7, 0x0, 0xe, 0xfd, 0xbf,
    0xf8, 0x2, 0xfd, 0x0, 0x38, 0x70, 0xe, 0xf0,
    0x0, 0x0, 0x3f, 0xff, 0xff, 0x90, 0x0, 0x28,
    0xf6, 0x21, 0x0, 0x0, 0x9f, 0x20, 0x0, 0x0,
    0x1e, 0xb0, 0x0, 0x0, 0x1e, 0xfb, 0xbb, 0xbb,
    0x83, 0xff, 0xff, 0xff, 0xfc,

    /* U+00A4 "¤" */
    0x8, 0x0, 0x0, 0x5, 0x41, 0xcf, 0xcf, 0xed,
    0xf5, 0x2, 0xff, 0x69, 0xfc, 0x0, 0x7f, 0x0,
    0x9, 0xe0, 0x7, 0xe0, 0x0, 0x7f, 0x0, 0x3f,
    0xa2, 0x5f, 0xc0, 0x9, 0xff, 0xff, 0xff, 0x21,
    0xc2, 0x3, 0x20, 0x97, 0x0, 0x0, 0x0, 0x0,
    0x0,

    /* U+00A5 "¥" */
    0xc, 0xf5, 0x0, 0x2, 0xfe, 0x10, 0x3f, 0xe0,
    0x0, 0xbf, 0x60, 0x0, 0x9f, 0x80, 0x5f, 0xc0,
    0x0, 0x1, 0xef, 0x2d, 0xf3, 0x0, 0x0, 0x7,
    0xff, 0xfa, 0x0, 0x0, 0x8, 0xff, 0xff, 0xff,
    0xa0, 0x0, 0x24, 0xaf, 0xd4, 0x42, 0x0, 0x8,
    0xff, 0xff, 0xff, 0xa0, 0x0, 0x13, 0xaf, 0xd3,
    0x32, 0x0, 0x0, 0x6, 0xf9, 0x0, 0x0,

    /* U+00A6 "¦" */
    0xcf, 0x1c, 0xf1, 0xcf, 0x1c, 0xf1, 0xcf, 0x12,
    0x30, 0x0, 0x2, 0x30, 0xcf, 0x1c, 0xf1, 0xcf,
    0x1c, 0xf1, 0xcf, 0x10,

    /* U+00A7 "§" */
    0x1, 0xae, 0xfe, 0x80, 0xc, 0xfb, 0x7c, 0xf9,
    0xe, 0xf2, 0x0, 0x98, 0x5, 0xff, 0xb7, 0x20,
    0x7, 0xfc, 0xad, 0xf7, 0xe, 0xe0, 0x0, 0xee,
    0xb, 0xf9, 0x57, 0xfc, 0x0, 0x6b, 0xff, 0xf3,
    0x5, 0x40, 0x6, 0xfd, 0xe, 0xf6, 0x26, 0xfe,
    0x3, 0xef, 0xff, 0xe4, 0x0, 0x3, 0x43, 0x0,

    /* U+00A8 "¨" */
    0x4a, 0x44, 0xa4, 0x6f, 0x76, 0xf7,

    /* U+00A9 "©" */
    0x0, 0x0, 0x0, 0x0, 0x0, 0x0, 0x0, 0x5,
    0xcf, 0xfd, 0x80, 0x0, 0x0, 0x9f, 0xa5, 0x47,
    0xed, 0x10, 0x6, 0xf4, 0x0, 0x0, 0x1d, 0xc0,
    0xe, 0x90, 0x6e, 0xfa, 0x13, 0xf4, 0x3f, 0x25,
    0xf7, 0x4d, 0xb0, 0xc9, 0x5f, 0xa, 0xd0, 0x3,
    0x60, 0xab, 0x4f, 0x1b, 0xc0, 0x2, 0x40, 0xc9,
    0xf, 0x76, 0xf5, 0x1c, 0xd2, 0xf5, 0x8, 0xf3,
    0xaf, 0xfd, 0x3c, 0xd0, 0x0, 0xcf, 0x73, 0x35,
    0xde, 0x30, 0x0, 0x8, 0xef, 0xff, 0xb2, 0x0,
    0x0, 0x0, 0x2, 0x31, 0x0, 0x0,

    /* U+00AA "ª" */
    0x8, 0xef, 0xa0, 0x2b, 0x65, 0xf5, 0x7, 0xce,
    0xf7, 0x5f, 0x54, 0xf7, 0x2e, 0xfd, 0xcd, 0x0,
    0x10, 0x1,

    /* U+00AB "«" */
    0x0, 0x9d, 0x61, 0xcd, 0x20, 0x8f, 0xa0, 0xcf,
    0x50, 0x4f, 0xc0, 0xaf, 0x70, 0x5, 0xfb, 0xb,
    0xf5, 0x0, 0xa, 0xf9, 0x1e, 0xf3, 0x0, 0xb,
    0xf7, 0x2f, 0xe2,

    /* U+00AC "¬" */
    0x1, 0x11, 0x11, 0x10, 0x6f, 0xff, 0xff, 0xf0,
    0x14, 0x44, 0x48, 0xf0, 0x0, 0x0, 0x5, 0xf0,
    0x0, 0x0, 0x4, 0xc0,

    /* U+00AD "­" */
    0x1, 0x11, 0x8, 0xff, 0xf8, 0x24, 0x44, 0x20,

    /* U+00AE "®" */
    0x0, 0x3b, 0xee, 0x91, 0x0, 0x5, 0xd3, 0x0,
    0x6d, 0x20, 0x1e, 0x1c, 0xdc, 0x36, 0xa0, 0x4a,
    0xe, 0x28, 0x90, 0xf0, 0x4a, 0xe, 0xdf, 0x30,
    0xf0, 0x1e, 0x1e, 0x3d, 0x46, 0xa0, 0x5, 0xd6,
    0x2, 0x9d, 0x20, 0x0, 0x3b, 0xee, 0x91, 0x0,

    /* U+00AF "¯" */
    0x2, 0x22, 0x16, 0xff, 0xfe, 0x24, 0x44, 0x40,

    /* U+00B0 "°" */
    0x0, 0x0, 0x0, 0x6, 0xff, 0xa0, 0x2f, 0x96,
    0xf7, 0x6f, 0x0, 0xba, 0x3f, 0x63, 0xe8, 0x8,
    0xff, 0xc0, 0x0, 0x23, 0x0,

    /* U+00B1 "±" */
    0x0, 0x5, 0x70, 0x0, 0x0, 0xb, 0xe0, 0x0,
    0x0, 0xb, 0xe0, 0x0, 0x6f, 0xff, 0xff, 0xf9,
    0x38, 0x8f, 0xf8, 0x84, 0x0, 0xb, 0xe0, 0x0,
    0x0, 0xb, 0xe0, 0x0, 0x26, 0x67, 0x76, 0x63,
    0x6f, 0xff, 0xff, 0xf9,

    /* U+00B2 "²" */
    0x9, 0xfe, 0x44, 0xe2, 0x9c, 0x0, 0x1b, 0xa0,
    0x6f, 0x90, 0x2f, 0x62, 0x15, 0xff, 0xfd,

    /* U+00B3 "³" */
    0x2c, 0xfd, 0x45, 0x92, 0xd9, 0x0, 0xee, 0x30,
    0x0, 0x9c, 0x8b, 0x1a, 0xc2, 0xdf, 0xd3,

    /* U+00B4 "´" */
    0x0, 0x10, 0xc, 0xf1, 0x3f, 0x60,

    /* U+00B5 "µ" */
    0x44, 0x0, 0x4, 0x3f, 0xf0, 0x0, 0xfe, 0xff,
    0x0, 0xf, 0xef, 0xf0, 0x0, 0xfe, 0xff, 0x0,
    0xf, 0xef, 0xf0, 0x0, 0xfe, 0xff, 0x20, 0x4f,
    0xef, 0xfd, 0xae, 0xfe, 0xff, 0xfd, 0x5d, 0xef,
    0xf0, 0x0, 0x0, 0xff, 0x0, 0x0, 0x0,

    /* U+00B6 "¶" */
    0x2, 0xbf, 0xff, 0xff, 0x60, 0xef, 0xff, 0xda,
    0xf6, 0x4f, 0xff, 0xfa, 0x5f, 0x64, 0xff, 0xff,
    0xa5, 0xf6, 0xc, 0xff, 0xfa, 0x5f, 0x60, 0x7,
    0xaf, 0xa5, 0xf6, 0x0, 0x1, 0xfa, 0x5f, 0x60,
    0x0, 0x1f, 0xa5, 0xf6, 0x0, 0x1, 0xfa, 0x5f,
    0x60, 0x0, 0x1f, 0xa5, 0xf6,

    /* U+00B7 "·" */
    0x0, 0x6, 0xfc, 0x6f, 0xc0,

    /* U+00B8 "¸" */
    0x0, 0x10, 0x0, 0x3f, 0x50, 0x14, 0x5f, 0x31,
    0xcf, 0xb0,

    /* U+00B9 "¹" */
    0x0, 0xf2, 0x6, 0xf2, 0xaf, 0xf2, 0x3, 0xf2,
    0x3, 0xf2, 0x3, 0xf2,

    /* U+00BA "º" */
    0x6, 0xdf, 0xb1, 0x2f, 0x93, 0xeb, 0x5f, 0x30,
    0xae, 0x3f, 0x70, 0xdc, 0x8, 0xff, 0xe3, 0x0,
    0x1, 0x0,

    /* U+00BB "»" */
    0x1c, 0xd2, 0x4d, 0xb0, 0x0, 0x3f, 0xe1, 0x8f,
    0xa0, 0x0, 0x5f, 0xc0, 0xaf, 0x60, 0x3, 0xfd,
    0x8, 0xf7, 0x2, 0xef, 0x26, 0xfb, 0x1, 0xdf,
    0x44, 0xfd, 0x0,

    /* U+00BC "¼" */
    0x2, 0xf2, 0x0, 0x0, 0xaa, 0x0, 0xaf, 0xf2,
    0x0, 0x6, 0xd0, 0x0, 0x3, 0xf2, 0x0, 0x2f,
    0x30, 0x0, 0x3, 0xf2, 0x0, 0xc8, 0x0, 0x0,
    0x3, 0xf2, 0x8, 0xc0, 0x5, 0x20, 0x2, 0xb1,
    0x3e, 0x20, 0x8f, 0x70, 0x0, 0x0, 0xe5, 0x4,
    0xee, 0x70, 0x0, 0xa, 0xa0, 0x1e, 0x3d, 0x70,
    0x0, 0x5e, 0x10, 0x8f, 0xff, 0xf3, 0x2, 0xe4,
    0x0, 0x1, 0x1d, 0x80, 0x0, 0x10, 0x0, 0x0,
    0x1, 0x0,

    /* U+00BD "½" */
    0x0, 0x81, 0x0, 0x0, 0x47, 0x0, 0x4, 0xf2,
    0x0, 0x1, 0xe4, 0x0, 0xaf, 0xf2, 0x0, 0xb,
    0x90, 0x0, 0x3, 0xf2, 0x0, 0x6e, 0x0, 0x0,
    0x3, 0xf2, 0x1, 0xe4, 0x0, 0x0, 0x3, 0xf2,
    0xb, 0x90, 0x8e, 0xc3, 0x0, 0x20, 0x6d, 0x4,
    0xf3, 0xab, 0x0, 0x1, 0xf4, 0x0, 0x0, 0xba,
    0x0, 0xb, 0x90, 0x0, 0x5e, 0xc1, 0x0, 0x6d,
    0x0, 0x1, 0xf6, 0x0, 0x1, 0xf3, 0x0, 0x5,
    0xff, 0xfc, 0x1, 0x10, 0x0, 0x0, 0x22, 0x21,

    /* U+00BE "¾" */
    0x1b, 0xec, 0x30, 0x0, 0xb, 0x70, 0x6, 0xa2,
    0xd9, 0x0, 0x7, 0xc0, 0x0, 0x0, 0xde, 0x30,
    0x3, 0xf2, 0x0, 0x0, 0x0, 0xac, 0x0, 0xd6,
    0x0, 0x0, 0x79, 0x9, 0xd0, 0xaa, 0x0, 0x0,
    0x3, 0xef, 0xe4, 0x5e, 0x10, 0x6e, 0x50, 0x0,
    0x10, 0x1e, 0x40, 0x4e, 0xf5, 0x0, 0x0, 0xc,
    0x80, 0x2e, 0x3f, 0x50, 0x0, 0x7, 0xc0, 0xa,
    0xff, 0xff, 0x10, 0x3, 0xf2, 0x0, 0x11, 0x1f,
    0x60, 0x0, 0x11, 0x0, 0x0, 0x0, 0x10, 0x0,

    /* U+00BF "¿" */
    0x0, 0xa, 0xf8, 0x0, 0x0, 0x0, 0xaf, 0x80,
    0x0, 0x0, 0x0, 0x0, 0x0, 0x0, 0x0, 0x6c,
    0x40, 0x0, 0x0, 0xd, 0xf3, 0x0, 0x0, 0x3d,
    0xfa, 0x0, 0x0, 0x1e, 0xf7, 0x0, 0x0, 0x5,
    0xfa, 0x0, 0x6, 0x70, 0x5f, 0xb0, 0x3, 0xfe,
    0x0, 0xef, 0xca, 0xff, 0x60, 0x2, 0xae, 0xfc,
    0x50, 0x0,

    /* U+00C0 "À" */
    0x0, 0x0, 0x10, 0x0, 0x0, 0x0, 0x0, 0x4f,
    0x80, 0x0, 0x0, 0x0, 0x0, 0xae, 0x0, 0x0,
    0x0, 0x0, 0x0, 0x0, 0x0, 0x0, 0x0, 0x1,
    0xff, 0xb0, 0x0, 0x0, 0x0, 0x7f, 0xff, 0x10,
    0x0, 0x0, 0xd, 0xf8, 0xf7, 0x0, 0x0, 0x3,
    0xfb, 0x1f, 0xd0, 0x0, 0x0, 0x9f, 0x50, 0xbf,
    0x30, 0x0, 0xf, 0xe0, 0x5, 0xf9, 0x0, 0x6,
    0xff, 0xff, 0xff, 0xf0, 0x0, 0xcf, 0xaa, 0xaa,
    0xdf, 0x60, 0x2f, 0xe0, 0x0, 0x4, 0xfc, 0x8,
    0xf8, 0x0, 0x0, 0xd, 0xf2,

    /* U+00C1 "Á" */
    0x0, 0x0, 0x0, 0x10, 0x0, 0x0, 0x0, 0x0,
    0xde, 0x0, 0x0, 0x0, 0x0, 0x5f, 0x40, 0x0,
    0x0, 0x0, 0x0, 0x0, 0x0, 0x0, 0x0, 0x1,
    0xff, 0xb0, 0x0, 0x0, 0x0, 0x7f, 0xff, 0x10,
    0x0, 0x0, 0xd, 0xf8, 0xf7, 0x0, 0x0, 0x3,
    0xfb, 0x1f, 0xd0, 0x0, 0x0, 0x9f, 0x50, 0xbf,
    0x30, 0x0, 0xf, 0xe0, 0x5, 0xf9, 0x0, 0x6,
    0xff, 0xff, 0xff, 0xf0, 0x0, 0xcf, 0xaa, 0xaa,
    0xdf, 0x60, 0x2f, 0xe0, 0x0, 0x4, 0xfc, 0x8,
    0xf8, 0x0, 0x0, 0xd, 0xf2,

    /* U+00C2 "Â" */
    0x0, 0x0, 0x68, 0x30, 0x0, 0x0, 0x0, 0x5f,
    0xae, 0x10, 0x0, 0x0, 0x6, 0x40, 0x74, 0x0,
    0x0, 0x0, 0x0, 0x0, 0x0, 0x0, 0x0, 0x1,
    0xff, 0xb0, 0x0, 0x0, 0x0, 0x7f, 0xff, 0x10,
    0x0, 0x0, 0xd, 0xf8, 0xf7, 0x0, 0x0, 0x3,
    0xfb, 0x1f, 0xd0, 0x0, 0x0, 0x9f, 0x50, 0xbf,
    0x30, 0x0, 0xf, 0xe0, 0x5, 0xf9, 0x0, 0x6,
    0xff, 0xff, 0xff, 0xf0, 0x0, 0xcf, 0xaa, 0xaa,
    0xdf, 0x60, 0x2f, 0xe0, 0x0, 0x4, 0xfc, 0x8,
    0xf8, 0x0, 0x0, 0xd, 0xf2,

    /* U+00C3 "Ã" */
    0x0, 0xc, 0xff, 0xf9, 0x0, 0x0, 0x0, 0x22,
    0x21, 0x0, 0x0, 0x0, 0x0, 0x0, 0x0, 0x0,
    0x0, 0x0, 0x1f, 0xfb, 0x0, 0x0, 0x0, 0x7,
    0xff, 0xf1, 0x0, 0x0, 0x0, 0xdf, 0x8f, 0x70,
    0x0, 0x0, 0x3f, 0xb1, 0xfd, 0x0, 0x0, 0x9,
    0xf5, 0xb, 0xf3, 0x0, 0x0, 0xfe, 0x0, 0x5f,
    0x90, 0x0, 0x6f, 0xff, 0xff, 0xff, 0x0, 0xc,
    0xfa, 0xaa, 0xad, 0xf6, 0x2, 0xfe, 0x0, 0x0,
    0x4f, 0xc0, 0x8f, 0x80, 0x0, 0x0, 0xdf, 0x20,

    /* U+00C4 "Ä" */
    0x0, 0x2f, 0xc1, 0xfc, 0x0, 0x0, 0x1, 0xa8,
    0x1a, 0x80, 0x0, 0x0, 0x0, 0x0, 0x0, 0x0,
    0x0, 0x0, 0x1f, 0xfb, 0x0, 0x0, 0x0, 0x7,
    0xff, 0xf1, 0x0, 0x0, 0x0, 0xdf, 0x8f, 0x70,
    0x0, 0x0, 0x3f, 0xb1, 0xfd, 0x0, 0x0, 0x9,
    0xf5, 0xb, 0xf3, 0x0, 0x0, 0xfe, 0x0, 0x5f,
    0x90, 0x0, 0x6f, 0xff, 0xff, 0xff, 0x0, 0xc,
    0xfa, 0xaa, 0xad, 0xf6, 0x2, 0xfe, 0x0, 0x0,
    0x4f, 0xc0, 0x8f, 0x80, 0x0, 0x0, 0xdf, 0x20,

    /* U+00C5 "Å" */
    0x0, 0x0, 0xad, 0x40, 0x0, 0x0, 0x0, 0x2d,
    0x4b, 0x0, 0x0, 0x0, 0x0, 0xad, 0x40, 0x0,
    0x0, 0x0, 0x0, 0x0, 0x0, 0x0, 0x0, 0x2,
    0xff, 0xa0, 0x0, 0x0, 0x0, 0x8f, 0xff, 0x10,
    0x0, 0x0, 0xe, 0xf8, 0xf6, 0x0, 0x0, 0x4,
    0xfa, 0x2f, 0xc0, 0x0, 0x0, 0xaf, 0x40, 0xcf,
    0x20, 0x0, 0x1f, 0xe0, 0x6, 0xf9, 0x0, 0x7,
    0xff, 0xff, 0xff, 0xe0, 0x0, 0xdf, 0xaa, 0xaa,
    0xdf, 0x50, 0x3f, 0xd0, 0x0, 0x5, 0xfb, 0x9,
    0xf7, 0x0, 0x0, 0xe, 0xf1,

    /* U+00C6 "Æ" */
    0x0, 0x0, 0x4, 0xff, 0xff, 0xff, 0xff, 0x60,
    0x0, 0x0, 0xdf, 0xcf, 0xea, 0xaa, 0xa4, 0x0,
    0x0, 0x7f, 0x84, 0xfa, 0x0, 0x0, 0x0, 0x0,
    0x1e, 0xe1, 0x4f, 0xa0, 0x0, 0x0, 0x0, 0x9,
    0xf6, 0x4, 0xff, 0xff, 0xff, 0x30, 0x2, 0xfd,
    0x0, 0x4f, 0xea, 0xaa, 0xa2, 0x0, 0xbf, 0xff,
    0xff, 0xfa, 0x0, 0x0, 0x0, 0x4f, 0xfa, 0xaa,
    0xbf, 0xa0, 0x0, 0x0, 0xd, 0xf3, 0x0, 0x4,
    0xfe, 0xaa, 0xaa, 0x56, 0xfa, 0x0, 0x0, 0x4f,
    0xff, 0xff, 0xf8,

    /* U+00C7 "Ç" */
    0x0, 0x19, 0xef, 0xea, 0x30, 0x0, 0x2e, 0xfd,
    0xbc, 0xff, 0x30, 0xc, 0xf9, 0x0, 0x6, 0xfd,
    0x2, 0xfe, 0x0, 0x0, 0x8, 0x91, 0x4f, 0xb0,
    0x0, 0x0, 0x0, 0x4, 0xfb, 0x0, 0x0, 0x0,
    0x0, 0x2f, 0xe0, 0x0, 0x0, 0xab, 0x20, 0xcf,
    0x80, 0x0, 0x6f, 0xd0, 0x2, 0xef, 0xda, 0xcf,
    0xf4, 0x0, 0x1, 0x9e, 0xff, 0xa2, 0x0, 0x0,
    0x0, 0x2f, 0x90, 0x0, 0x0, 0x0, 0x15, 0xe,
    0x40, 0x0, 0x0, 0x0, 0xbf, 0xb0, 0x0, 0x0,

    /* U+00C8 "È" */
    0x0, 0x10, 0x0, 0x0, 0x0, 0xcf, 0x0, 0x0,
    0x0, 0x2f, 0x70, 0x0, 0x0, 0x0, 0x0, 0x0,
    0xcf, 0xff, 0xff, 0xf6, 0xcf, 0xba, 0xaa, 0xa3,
    0xcf, 0x20, 0x0, 0x0, 0xcf, 0x20, 0x0, 0x0,
    0xcf, 0xff, 0xff, 0xf3, 0xcf, 0xba, 0xaa, 0xa1,
    0xcf, 0x20, 0x0, 0x0, 0xcf, 0x20, 0x0, 0x0,
    0xcf, 0xba, 0xaa, 0xa5, 0xcf, 0xff, 0xff, 0xf7,

    /* U+00C9 "É" */
    0x0, 0x0, 0x10, 0x0, 0x0, 0x6, 0xf6, 0x0,
    0x0, 0xd, 0xc0, 0x0, 0x0, 0x0, 0x0, 0x0,
    0xcf, 0xff, 0xff, 0xf6, 0xcf, 0xba, 0xaa, 0xa3,
    0xcf, 0x20, 0x0, 0x0, 0xcf, 0x20, 0x0, 0x0,
    0xcf, 0xff, 0xff, 0xf3, 0xcf, 0xba, 0xaa, 0xa1,
    0xcf, 0x20, 0x0, 0x0, 0xcf, 0x20, 0x0, 0x0,
    0xcf, 0xba, 0xaa, 0xa5, 0xcf, 0xff, 0xff, 0xf7,

    /* U+00CA "Ê" */
    0x0, 0x28, 0x70, 0x0, 0x0, 0xdb, 0xe7, 0x0,
    0x3, 0x70, 0x37, 0x0, 0x0, 0x0, 0x0, 0x0,
    0xcf, 0xff, 0xff, 0xf6, 0xcf, 0xba, 0xaa, 0xa3,
    0xcf, 0x20, 0x0, 0x0, 0xcf, 0x20, 0x0, 0x0,
    0xcf, 0xff, 0xff, 0xf3, 0xcf, 0xba, 0xaa, 0xa1,
    0xcf, 0x20, 0x0, 0x0, 0xcf, 0x20, 0x0, 0x0,
    0xcf, 0xba, 0xaa, 0xa5, 0xcf, 0xff, 0xff, 0xf7,

    /* U+00CB "Ë" */
    0xa, 0xf3, 0xaf, 0x40, 0x6, 0xa2, 0x6a, 0x20,
    0x0, 0x0, 0x0, 0x0, 0xcf, 0xff, 0xff, 0xf6,
    0xcf, 0xba, 0xaa, 0xa3, 0xcf, 0x20, 0x0, 0x0,
    0xcf, 0x20, 0x0, 0x0, 0xcf, 0xff, 0xff, 0xf3,
    0xcf, 0xba, 0xaa, 0xa1, 0xcf, 0x20, 0x0, 0x0,
    0xcf, 0x20, 0x0, 0x0, 0xcf, 0xba, 0xaa, 0xa5,
    0xcf, 0xff, 0xff, 0xf7,

    /* U+00CC "Ì" */
    0x1, 0x0, 0x6f, 0x60, 0xc, 0xd0, 0x0, 0x0,
    0xc, 0xf2, 0xc, 0xf2, 0xc, 0xf2, 0xc, 0xf2,
    0xc, 0xf2, 0xc, 0xf2, 0xc, 0xf2, 0xc, 0xf2,
    0xc, 0xf2, 0xc, 0xf2,

    /* U+00CD "Í" */
    0x0, 0x10, 0x1f, 0xc0, 0x7f, 0x20, 0x0, 0x0,
    0xcf, 0x20, 0xcf, 0x20, 0xcf, 0x20, 0xcf, 0x20,
    0xcf, 0x20, 0xcf, 0x20, 0xcf, 0x20, 0xcf, 0x20,
    0xcf, 0x20, 0xcf, 0x20,

    /* U+00CE "Î" */
    0x0, 0x78, 0x20, 0x7, 0xeb, 0xd0, 0x7, 0x30,
    0x72, 0x0, 0x0, 0x0, 0x0, 0xcf, 0x20, 0x0,
    0xcf, 0x20, 0x0, 0xcf, 0x20, 0x0, 0xcf, 0x20,
    0x0, 0xcf, 0x20, 0x0, 0xcf, 0x20, 0x0, 0xcf,
    0x20, 0x0, 0xcf, 0x20, 0x0, 0xcf, 0x20, 0x0,
    0xcf, 0x20,

    /* U+00CF "Ï" */
    0x4f, 0x94, 0xfa, 0x2a, 0x62, 0xa6, 0x0, 0x0,
    0x0, 0x0, 0xcf, 0x20, 0x0, 0xcf, 0x20, 0x0,
    0xcf, 0x20, 0x0, 0xcf, 0x20, 0x0, 0xcf, 0x20,
    0x0, 0xcf, 0x20, 0x0, 0xcf, 0x20, 0x0, 0xcf,
    0x20, 0x0, 0xcf, 0x20, 0x0, 0xcf, 0x20,

    /* U+00D0 "Ð" */
    0xc, 0xff, 0xff, 0xc7, 0x0, 0x0, 0xcf, 0xba,
    0xcf, 0xfc, 0x0, 0xc, 0xf2, 0x0, 0x1c, 0xf7,
    0x0, 0xcf, 0x20, 0x0, 0x3f, 0xd0, 0xdf, 0xff,
    0xff, 0x0, 0xff, 0x6, 0xff, 0xa8, 0x80, 0xf,
    0xf0, 0xc, 0xf2, 0x0, 0x3, 0xfd, 0x0, 0xcf,
    0x20, 0x1, 0xcf, 0x80, 0xc, 0xfb, 0xac, 0xff,
    0xc0, 0x0, 0xcf, 0xff, 0xfc, 0x70, 0x0,

    /* U+00D1 "Ñ" */
    0x0, 0x6e, 0xff, 0xe1, 0x0, 0x0, 0x12, 0x22,
    0x0, 0x0, 0x0, 0x0, 0x0, 0x0, 0x0, 0xcf,
    0xc0, 0x0, 0xf, 0xf0, 0xcf, 0xf6, 0x0, 0xf,
    0xf0, 0xcf, 0xfe, 0x10, 0xf, 0xf0, 0xcf, 0x7f,
    0x90, 0xf, 0xf0, 0xcf, 0x2b, 0xf3, 0xf, 0xf0,
    0xcf, 0x22, 0xfd, 0xf, 0xf0, 0xcf, 0x20, 0x7f,
    0x7f, 0xf0, 0xcf, 0x20, 0xd, 0xff, 0xf0, 0xcf,
    0x20, 0x3, 0xff, 0xf0, 0xcf, 0x20, 0x0, 0x9f,
    0xf0,

    /* U+00D2 "Ò" */
    0x0, 0x0, 0xed, 0x0, 0x0, 0x0, 0x0, 0x4,
    0xf5, 0x0, 0x0, 0x0, 0x0, 0x1, 0x0, 0x0,
    0x0, 0x0, 0x0, 0x0, 0x0, 0x0, 0x0, 0x19,
    0xdf, 0xeb, 0x40, 0x0, 0x2e, 0xfe, 0xbc, 0xff,
    0x80, 0xc, 0xf9, 0x0, 0x3, 0xff, 0x32, 0xfe,
    0x0, 0x0, 0x7, 0xf9, 0x4f, 0xb0, 0x0, 0x0,
    0x4f, 0xb4, 0xfb, 0x0, 0x0, 0x3, 0xfb, 0x2f,
    0xe0, 0x0, 0x0, 0x7f, 0x90, 0xcf, 0x80, 0x0,
    0x2e, 0xf3, 0x2, 0xef, 0xeb, 0xcf, 0xf8, 0x0,
    0x1, 0x9d, 0xfe, 0xb5, 0x0,

    /* U+00D3 "Ó" */
    0x0, 0x0, 0x7, 0xf5, 0x0, 0x0, 0x0, 0x0,
    0xeb, 0x0, 0x0, 0x0, 0x0, 0x1, 0x0, 0x0,
    0x0, 0x0, 0x0, 0x0, 0x0, 0x0, 0x0, 0x19,
    0xdf, 0xeb, 0x40, 0x0, 0x2e, 0xfe, 0xbc, 0xff,
    0x80, 0xc, 0xf9, 0x0, 0x3, 0xff, 0x32, 0xfe,
    0x0, 0x0, 0x7, 0xf9, 0x4f, 0xb0, 0x0, 0x0,
    0x4f, 0xb4, 0xfb, 0x0, 0x0, 0x3, 0xfb, 0x2f,
    0xe0, 0x0, 0x0, 0x7f, 0x90, 0xcf, 0x80, 0x0,
    0x2e, 0xf3, 0x2, 0xef, 0xeb, 0xcf, 0xf8, 0x0,
    0x1, 0x9d, 0xfe, 0xb5, 0x0,

    /* U+00D4 "Ô" */
    0x0, 0x0, 0x38, 0x60, 0x0, 0x0, 0x0, 0x1e,
    0xaf, 0x50, 0x0, 0x0, 0x3, 0x70, 0x47, 0x0,
    0x0, 0x0, 0x0, 0x0, 0x0, 0x0, 0x0, 0x19,
    0xdf, 0xeb, 0x40, 0x0, 0x2e, 0xfe, 0xbc, 0xff,
    0x80, 0xc, 0xf9, 0x0, 0x3, 0xff, 0x32, 0xfe,
    0x0, 0x0, 0x7, 0xf9, 0x4f, 0xb0, 0x0, 0x0,
    0x4f, 0xb4, 0xfb, 0x0, 0x0, 0x3, 0xfb, 0x2f,
    0xe0, 0x0, 0x0, 0x7f, 0x90, 0xcf, 0x80, 0x0,
    0x2e, 0xf3, 0x2, 0xef, 0xeb, 0xcf, 0xf8, 0x0,
    0x1, 0x9d, 0xfe, 0xb5, 0x0,

    /* U+00D5 "Õ" */
    0x0, 0x3, 0xeb, 0x1d, 0x20, 0x0, 0x0, 0xb7,
    0x9f, 0xb0, 0x0, 0x0, 0x1, 0x0, 0x10, 0x0,
    0x0, 0x0, 0x0, 0x0, 0x0, 0x0, 0x0, 0x19,
    0xdf, 0xeb, 0x40, 0x0, 0x2e, 0xfe, 0xbc, 0xff,
    0x80, 0xc, 0xf9, 0x0, 0x3, 0xff, 0x32, 0xfe,
    0x0, 0x0, 0x7, 0xf9, 0x4f, 0xb0, 0x0, 0x0,
    0x4f, 0xb4, 0xfb, 0x0, 0x0, 0x3, 0xfb, 0x2f,
    0xe0, 0x0, 0x0, 0x7f, 0x90, 0xcf, 0x80, 0x0,
    0x2e, 0xf3, 0x2, 0xef, 0xeb, 0xcf, 0xf8, 0x0,
    0x1, 0x9d, 0xfe, 0xb5, 0x0,

    /* U+00D6 "Ö" */
    0x0, 0x7, 0xa1, 0x7a, 0x10, 0x0, 0x0, 0xbf,
    0x2b, 0xf2, 0x0, 0x0, 0x0, 0x0, 0x0, 0x0,
    0x0, 0x0, 0x0, 0x0, 0x0, 0x0, 0x0, 0x19,
    0xdf, 0xeb, 0x40, 0x0, 0x2e, 0xfe, 0xbc, 0xff,
    0x80, 0xc, 0xf9, 0x0, 0x3, 0xff, 0x32, 0xfe,
    0x0, 0x0, 0x7, 0xf9, 0x4f, 0xb0, 0x0, 0x0,
    0x4f, 0xb4, 0xfb, 0x0, 0x0, 0x3, 0xfb, 0x2f,
    0xe0, 0x0, 0x0, 0x7f, 0x90, 0xcf, 0x80, 0x0,
    0x2e, 0xf3, 0x2, 0xef, 0xeb, 0xcf, 0xf8, 0x0,
    0x1, 0x9d, 0xfe, 0xb5, 0x0,

    /* U+00D7 "×" */
    0x3, 0x0, 0x0, 0x30, 0x2f, 0xb0, 0x1c, 0xf1,
    0x7, 0xfd, 0xdf, 0x60, 0x0, 0x8f, 0xf6, 0x0,
    0x1, 0xdf, 0xfc, 0x0, 0x1d, 0xf5, 0x6f, 0xc1,
    0xb, 0x40, 0x5, 0xb0, 0x0, 0x0, 0x0, 0x0,

    /* U+00D8 "Ø" */
    0x0, 0x19, 0xdf, 0xeb, 0xee, 0x10, 0x2e, 0xfe,
    0xbc, 0xff, 0xb0, 0xc, 0xf9, 0x0, 0x2f, 0xff,
    0x32, 0xfe, 0x0, 0xd, 0xa7, 0xf9, 0x4f, 0xb0,
    0xa, 0xd0, 0x4f, 0xb4, 0xfb, 0x6, 0xf2, 0x3,
    0xfb, 0x2f, 0xe3, 0xf5, 0x0, 0x7f, 0x90, 0xcf,
    0xf8, 0x0, 0x2e, 0xf3, 0x3, 0xff, 0xeb, 0xcf,
    0xf8, 0x0, 0x8f, 0xbd, 0xfe, 0xb5, 0x0,

    /* U+00D9 "Ù" */
    0x0, 0x6, 0xf6, 0x0, 0x0, 0x0, 0x0, 0xcd,
    0x0, 0x0, 0x0, 0x0, 0x1, 0x0, 0x0, 0x0,
    0x0, 0x0, 0x0, 0x0, 0xf, 0xe0, 0x0, 0x7,
    0xf8, 0xf, 0xe0, 0x0, 0x7, 0xf8, 0xf, 0xe0,
    0x0, 0x7, 0xf8, 0xf, 0xe0, 0x0, 0x7, 0xf8,
    0xf, 0xe0, 0x0, 0x7, 0xf8, 0xf, 0xe0, 0x0,
    0x7, 0xf8, 0xf, 0xf0, 0x0, 0x7, 0xf7, 0xd,
    0xf5, 0x0, 0xd, 0xf4, 0x4, 0xff, 0xcb, 0xef,
    0xc0, 0x0, 0x4b, 0xef, 0xd8, 0x0,

    /* U+00DA "Ú" */
    0x0, 0x0, 0xe, 0xd0, 0x0, 0x0, 0x0, 0x6f,
    0x30, 0x0, 0x0, 0x0, 0x0, 0x0, 0x0, 0x0,
    0x0, 0x0, 0x0, 0x0, 0xf, 0xe0, 0x0, 0x7,
    0xf8, 0xf, 0xe0, 0x0, 0x7, 0xf8, 0xf, 0xe0,
    0x0, 0x7, 0xf8, 0xf, 0xe0, 0x0, 0x7, 0xf8,
    0xf, 0xe0, 0x0, 0x7, 0xf8, 0xf, 0xe0, 0x0,
    0x7, 0xf8, 0xf, 0xf0, 0x0, 0x7, 0xf7, 0xd,
    0xf5, 0x0, 0xd, 0xf4, 0x4, 0xff, 0xcb, 0xef,
    0xc0, 0x0, 0x4b, 0xef, 0xd8, 0x0,

    /* U+00DB "Û" */
    0x0, 0x0, 0x78, 0x20, 0x0, 0x0, 0x6, 0xea,
    0xd0, 0x0, 0x0, 0x7, 0x30, 0x73, 0x0, 0x0,
    0x0, 0x0, 0x0, 0x0, 0xf, 0xe0, 0x0, 0x7,
    0xf8, 0xf, 0xe0, 0x0, 0x7, 0xf8, 0xf, 0xe0,
    0x0, 0x7, 0xf8, 0xf, 0xe0, 0x0, 0x7, 0xf8,
    0xf, 0xe0, 0x0, 0x7, 0xf8, 0xf, 0xe0, 0x0,
    0x7, 0xf8, 0xf, 0xf0, 0x0, 0x7, 0xf7, 0xd,
    0xf5, 0x0, 0xd, 0xf4, 0x4, 0xff, 0xcb, 0xef,
    0xc0, 0x0, 0x4b, 0xef, 0xd8, 0x0,

    /* U+00DC "Ü" */
    0x0, 0x2a, 0x72, 0xa7, 0x0, 0x0, 0x3f, 0xa3,
    0xfb, 0x0, 0x0, 0x0, 0x0, 0x0, 0x0, 0x0,
    0x0, 0x0, 0x0, 0x0, 0xf, 0xe0, 0x0, 0x7,
    0xf8, 0xf, 0xe0, 0x0, 0x7, 0xf8, 0xf, 0xe0,
    0x0, 0x7, 0xf8, 0xf, 0xe0, 0x0, 0x7, 0xf8,
    0xf, 0xe0, 0x0, 0x7, 0xf8, 0xf, 0xe0, 0x0,
    0x7, 0xf8, 0xf, 0xf0, 0x0, 0x7, 0xf7, 0xd,
    0xf5, 0x0, 0xd, 0xf4, 0x4, 0xff, 0xcb, 0xef,
    0xc0, 0x0, 0x4b, 0xef, 0xd8, 0x0,

    /* U+00DD "Ý" */
    0x0, 0x0, 0x0, 0x10, 0x0, 0x0, 0x0, 0x0,
    0x9f, 0x30, 0x0, 0x0, 0x0, 0x1f, 0x80, 0x0,
    0x0, 0x0, 0x0, 0x0, 0x0, 0x0, 0xc, 0xf5,
    0x0, 0x3, 0xfe, 0x10, 0x3f, 0xe0, 0x0, 0xcf,
    0x50, 0x0, 0x9f, 0x90, 0x5f, 0xc0, 0x0, 0x0,
    0xef, 0x3e, 0xf2, 0x0, 0x0, 0x5, 0xff, 0xf8,
    0x0, 0x0, 0x0, 0xb, 0xfe, 0x0, 0x0, 0x0,
    0x0, 0x6f, 0x90, 0x0, 0x0, 0x0, 0x6, 0xf9,
    0x0, 0x0, 0x0, 0x0, 0x6f, 0x90, 0x0, 0x0,
    0x0, 0x6, 0xf9, 0x0, 0x0,

    /* U+00DE "Þ" */
    0xcf, 0x20, 0x0, 0x0, 0xef, 0xda, 0x96, 0x0,
    0xff, 0xff, 0xff, 0xe2, 0xcf, 0x20, 0x19, 0xfa,
    0xcf, 0x20, 0x3, 0xfd, 0xcf, 0x20, 0x19, 0xfa,
    0xff, 0xff, 0xff, 0xe2, 0xef, 0xda, 0x97, 0x10,
    0xcf, 0x20, 0x0, 0x0, 0xcf, 0x20, 0x0, 0x0,

    /* U+00DF "ß" */
    0x6, 0xdf, 0xeb, 0x30, 0x6f, 0xfa, 0xbf, 0xe1,
    0xdf, 0x30, 0xb, 0xf4, 0xff, 0x0, 0x2e, 0xf1,
    0xff, 0xe, 0xff, 0x40, 0xff, 0x8, 0xae, 0xe3,
    0xff, 0x0, 0x2, 0xfd, 0xff, 0x0, 0x2, 0xff,
    0xff, 0x9, 0xae, 0xf9, 0xff, 0x1f, 0xfd, 0x70,

    /* U+00E0 "à" */
    0x0, 0x4f, 0x80, 0x0, 0x0, 0x0, 0xae, 0x0,
    0x0, 0x0, 0x0, 0x10, 0x0, 0x0, 0x19, 0xef,
    0xd6, 0x0, 0xc, 0xfa, 0x7d, 0xf5, 0x1, 0x97,
    0x0, 0x4f, 0xa0, 0x0, 0x37, 0xad, 0xfc, 0x0,
    0xcf, 0xc8, 0x7f, 0xc0, 0x5f, 0xa0, 0x6, 0xfc,
    0x4, 0xff, 0x9a, 0xff, 0xe4, 0x7, 0xef, 0xc4,
    0x7f, 0x60,

    /* U+00E1 "á" */
    0x0, 0x0, 0xde, 0x10, 0x0, 0x0, 0x4f, 0x50,
    0x0, 0x0, 0x0, 0x0, 0x0, 0x0, 0x19, 0xef,
    0xd6, 0x0, 0xc, 0xfa, 0x7d, 0xf5, 0x1, 0x97,
    0x0, 0x4f, 0xa0, 0x0, 0x37, 0xad, 0xfc, 0x0,
    0xcf, 0xc8, 0x7f, 0xc0, 0x5f, 0xa0, 0x6, 0xfc,
    0x4, 0xff, 0x9a, 0xff, 0xe4, 0x7, 0xef, 0xc4,
    0x7f, 0x60,

    /* U+00E2 "â" */
    0x0, 0xd, 0xf9, 0x0, 0x0, 0x8, 0xf9, 0xf3,
    0x0, 0x0, 0x53, 0x4, 0x30, 0x0, 0x19, 0xef,
    0xd6, 0x0, 0xc, 0xfa, 0x7d, 0xf5, 0x1, 0x97,
    0x0, 0x4f, 0xa0, 0x0, 0x37, 0xad, 0xfc, 0x0,
    0xcf, 0xc8, 0x7f, 0xc0, 0x5f, 0xa0, 0x6, 0xfc,
    0x4, 0xff, 0x9a, 0xff, 0xe4, 0x7, 0xef, 0xc4,
    0x7f, 0x60,

    /* U+00E3 "ã" */
    0x0, 0xcf, 0xff, 0xa0, 0x0, 0x2, 0x22, 0x10,
    0x0, 0x1, 0x9e, 0xfd, 0x60, 0x0, 0xcf, 0xa7,
    0xdf, 0x50, 0x19, 0x70, 0x4, 0xfa, 0x0, 0x3,
    0x7a, 0xdf, 0xc0, 0xc, 0xfc, 0x87, 0xfc, 0x5,
    0xfa, 0x0, 0x6f, 0xc0, 0x4f, 0xf9, 0xaf, 0xfe,
    0x40, 0x7e, 0xfc, 0x47, 0xf6,

    /* U+00E4 "ä" */
    0x1, 0xfc, 0x1f, 0xc0, 0x0, 0xa, 0x80, 0xa8,
    0x0, 0x1, 0x9e, 0xfd, 0x60, 0x0, 0xcf, 0xa7,
    0xdf, 0x50, 0x19, 0x70, 0x4, 0xfa, 0x0, 0x3,
    0x7a, 0xdf, 0xc0, 0xc, 0xfc, 0x87, 0xfc, 0x5,
    0xfa, 0x0, 0x6f, 0xc0, 0x4f, 0xf9, 0xaf, 0xfe,
    0x40, 0x7e, 0xfc, 0x47, 0xf6,

    /* U+00E5 "å" */
    0x0, 0x9, 0xe6, 0x0, 0x0, 0x1, 0xe3, 0xc0,
    0x0, 0x0, 0x9, 0xe5, 0x0, 0x0, 0x0, 0x0,
    0x0, 0x0, 0x1, 0x9e, 0xfd, 0x60, 0x0, 0xcf,
    0xa7, 0xdf, 0x50, 0x19, 0x70, 0x4, 0xfa, 0x0,
    0x3, 0x7a, 0xdf, 0xc0, 0xc, 0xfc, 0x87, 0xfc,
    0x5, 0xfa, 0x0, 0x6f, 0xc0, 0x4f, 0xf9, 0xaf,
    0xfe, 0x40, 0x7e, 0xfc, 0x47, 0xf6,

    /* U+00E6 "æ" */
    0x1, 0xae, 0xfd, 0x74, 0xcf, 0xea, 0x10, 0xd,
    0xf9, 0x7d, 0xff, 0xd8, 0x9f, 0xd0, 0x16, 0x40,
    0x4, 0xff, 0x20, 0x9, 0xf6, 0x1, 0x7c, 0xef,
    0xff, 0xff, 0xff, 0xf8, 0x1e, 0xf8, 0x55, 0xff,
    0x33, 0x33, 0x32, 0x6f, 0xa0, 0x6, 0xff, 0x30,
    0x6, 0xa3, 0x4f, 0xe6, 0x7f, 0xcf, 0xd6, 0x7f,
    0xd0, 0x7, 0xef, 0xd6, 0x5, 0xcf, 0xea, 0x10,

    /* U+00E7 "ç" */
    0x0, 0x7d, 0xfe, 0x80, 0x0, 0xaf, 0xd8, 0xcf,
    0xb0, 0x2f, 0xe0, 0x0, 0xdf, 0x25, 0xfa, 0x0,
    0x0, 0x0, 0x5f, 0xa0, 0x0, 0x1, 0x2, 0xfe,
    0x0, 0xe, 0xf1, 0xa, 0xfd, 0x8c, 0xfa, 0x0,
    0x8, 0xef, 0xe8, 0x0, 0x0, 0x3, 0xf7, 0x0,
    0x0, 0x1, 0x42, 0xf2, 0x0, 0x0, 0x1c, 0xfa,
    0x0, 0x0,

    /* U+00E8 "è" */
    0x0, 0x2f, 0xb0, 0x0, 0x0, 0x0, 0x7f, 0x20,
    0x0, 0x0, 0x7e, 0xfe, 0x70, 0x0, 0xaf, 0xb8,
    0xcf, 0x90, 0x2f, 0xc0, 0x0, 0xdf, 0x15, 0xff,
    0xff, 0xff, 0xf3, 0x5f, 0xb3, 0x33, 0x33, 0x2,
    0xfe, 0x0, 0x9, 0x90, 0xa, 0xfc, 0x8c, 0xf9,
    0x0, 0x8, 0xdf, 0xd7, 0x0,

    /* U+00E9 "é" */
    0x0, 0x0, 0xaf, 0x30, 0x0, 0x0, 0x1f, 0x80,
    0x0, 0x0, 0x7e, 0xfd, 0x70, 0x0, 0xaf, 0xb8,
    0xcf, 0x90, 0x2f, 0xc0, 0x0, 0xdf, 0x15, 0xff,
    0xff, 0xff, 0xf3, 0x5f, 0xb3, 0x33, 0x33, 0x2,
    0xfe, 0x0, 0x9, 0x90, 0xa, 0xfc, 0x8c, 0xf9,
    0x0, 0x8, 0xdf, 0xd7, 0x0,

    /* U+00EA "ê" */
    0x0, 0xb, 0xfc, 0x0, 0x0, 0x5, 0xf9, 0xf5,
    0x0, 0x0, 0x44, 0x4, 0x50, 0x0, 0x7, 0xdf,
    0xd7, 0x0, 0xa, 0xfb, 0x8c, 0xf9, 0x2, 0xfc,
    0x0, 0xd, 0xf1, 0x5f, 0xff, 0xff, 0xff, 0x35,
    0xfb, 0x33, 0x33, 0x30, 0x2f, 0xe0, 0x0, 0x99,
    0x0, 0xaf, 0xc8, 0xcf, 0x90, 0x0, 0x8d, 0xfd,
    0x70, 0x0,

    /* U+00EB "ë" */
    0x0, 0xef, 0xe, 0xf0, 0x0, 0x9, 0xa0, 0x9a,
    0x0, 0x0, 0x7d, 0xfd, 0x70, 0x0, 0xaf, 0xb8,
    0xcf, 0x90, 0x2f, 0xc0, 0x0, 0xdf, 0x15, 0xff,
    0xff, 0xff, 0xf3, 0x5f, 0xb3, 0x33, 0x33, 0x2,
    0xfe, 0x0, 0x9, 0x90, 0xa, 0xfc, 0x8c, 0xf9,
    0x0, 0x8, 0xdf, 0xd7, 0x0,

    /* U+00EC "ì" */
    0xaf, 0x21, 0xe9, 0x0, 0x10, 0xff, 0xf, 0xf0,
    0xff, 0xf, 0xf0, 0xff, 0xf, 0xf0, 0xff, 0xf,
    0xf0,

    /* U+00ED "í" */
    0x2f, 0xa9, 0xe1, 0x0, 0xf, 0xf0, 0xff, 0xf,
    0xf0, 0xff, 0xf, 0xf0, 0xff, 0xf, 0xf0, 0xff,
    0x0,

    /* U+00EE "î" */
    0x4, 0xff, 0x40, 0xd, 0xbb, 0xd0, 0x14, 0x0,
    0x41, 0x0, 0xff, 0x0, 0x0, 0xff, 0x0, 0x0,
    0xff, 0x0, 0x0, 0xff, 0x0, 0x0, 0xff, 0x0,
    0x0, 0xff, 0x0, 0x0, 0xff, 0x0, 0x0, 0xff,
    0x0,

    /* U+00EF "ï" */
    0xdb, 0xbd, 0x87, 0x78, 0xf, 0xf0, 0xf, 0xf0,
    0xf, 0xf0, 0xf, 0xf0, 0xf, 0xf0, 0xf, 0xf0,
    0xf, 0xf0, 0xf, 0xf0,

    /* U+00F0 "ð" */
    0x0, 0x1d, 0x93, 0x28, 0x10, 0x2, 0x9f, 0xff,
    0xa2, 0x0, 0xb, 0xdf, 0xf5, 0x0, 0x1, 0x67,
    0x5e, 0xd0, 0x5, 0xff, 0xff, 0xff, 0x21, 0xff,
    0x50, 0x4f, 0xf6, 0x5f, 0xb0, 0x0, 0xcf, 0xb6,
    0xf9, 0x0, 0x9, 0xf6, 0x3f, 0xd0, 0x0, 0xdf,
    0x30, 0xcf, 0xc8, 0xcf, 0xc0, 0x0, 0x9e, 0xfe,
    0x90, 0x0,

    /* U+00F1 "ñ" */
    0xa, 0xff, 0xfc, 0x0, 0x22, 0x22, 0x0, 0xfc,
    0x5d, 0xfb, 0x1f, 0xfc, 0x6b, 0xfa, 0xff, 0x20,
    0x1f, 0xef, 0xf0, 0x0, 0xff, 0xff, 0x0, 0xf,
    0xff, 0xf0, 0x0, 0xff, 0xff, 0x0, 0xf, 0xff,
    0xf0, 0x0, 0xff,

    /* U+00F2 "ò" */
    0x0, 0x2f, 0xb0, 0x0, 0x0, 0x0, 0x7f, 0x20,
    0x0, 0x0, 0x0, 0x10, 0x0, 0x0, 0x7, 0xdf,
    0xd8, 0x0, 0xa, 0xfd, 0x9d, 0xfa, 0x2, 0xfe,
    0x0, 0xd, 0xf3, 0x5f, 0xa0, 0x0, 0x9f, 0x65,
    0xfa, 0x0, 0x9, 0xf6, 0x2f, 0xe0, 0x0, 0xdf,
    0x30, 0xaf, 0xd9, 0xdf, 0xa0, 0x0, 0x7d, 0xfe,
    0x80, 0x0,

    /* U+00F3 "ó" */
    0x0, 0x0, 0xaf, 0x30, 0x0, 0x0, 0x1f, 0x80,
    0x0, 0x0, 0x0, 0x10, 0x0, 0x0, 0x7, 0xdf,
    0xd8, 0x0, 0xa, 0xfd, 0x9d, 0xfa, 0x2, 0xfe,
    0x0, 0xd, 0xf3, 0x5f, 0xa0, 0x0, 0x9f, 0x65,
    0xfa, 0x0, 0x9, 0xf6, 0x2f, 0xe0, 0x0, 0xdf,
    0x30, 0xaf, 0xd9, 0xdf, 0xa0, 0x0, 0x7d, 0xfe,
    0x80, 0x0,

    /* U+00F4 "ô" */
    0x0, 0xb, 0xfc, 0x0, 0x0, 0x5, 0xf8, 0xf6,
    0x0, 0x0, 0x44, 0x3, 0x40, 0x0, 0x7, 0xdf,
    0xd8, 0x0, 0xa, 0xfd, 0x9d, 0xfa, 0x2, 0xfe,
    0x0, 0xd, 0xf3, 0x5f, 0xa0, 0x0, 0x9f, 0x65,
    0xfa, 0x0, 0x9, 0xf6, 0x2f, 0xe0, 0x0, 0xdf,
    0x30, 0xaf, 0xd9, 0xdf, 0xa0, 0x0, 0x7d, 0xfe,
    0x80, 0x0,

    /* U+00F5 "õ" */
    0x0, 0x9f, 0xff, 0xc0, 0x0, 0x2, 0x22, 0x20,
    0x0, 0x0, 0x7d, 0xfd, 0x80, 0x0, 0xaf, 0xd9,
    0xdf, 0xa0, 0x2f, 0xe0, 0x0, 0xdf, 0x35, 0xfa,
    0x0, 0x9, 0xf6, 0x5f, 0xa0, 0x0, 0x9f, 0x62,
    0xfe, 0x0, 0xd, 0xf3, 0xa, 0xfd, 0x9d, 0xfa,
    0x0, 0x7, 0xdf, 0xe8, 0x0,

    /* U+00F6 "ö" */
    0x0, 0xef, 0xe, 0xf0, 0x0, 0x9, 0xa0, 0x9a,
    0x0, 0x0, 0x7d, 0xfd, 0x80, 0x0, 0xaf, 0xd9,
    0xdf, 0xa0, 0x2f, 0xe0, 0x0, 0xdf, 0x35, 0xfa,
    0x0, 0x9, 0xf6, 0x5f, 0xa0, 0x0, 0x9f, 0x62,
    0xfe, 0x0, 0xd, 0xf3, 0xa, 0xfd, 0x9d, 0xfa,
    0x0, 0x7, 0xdf, 0xe8, 0x0,

    /* U+00F7 "÷" */
    0x0, 0xb, 0xe2, 0x0, 0x0, 0xd, 0xf2, 0x0,
    0x0, 0x0, 0x10, 0x0, 0x6f, 0xff, 0xff, 0xfb,
    0x38, 0x88, 0x88, 0x85, 0x0, 0x0, 0x10, 0x0,
    0x0, 0xd, 0xf2, 0x0, 0x0, 0xb, 0xe2, 0x0,

    /* U+00F8 "ø" */
    0x0, 0x7d, 0xfd, 0xfc, 0x0, 0xaf, 0xd9, 0xff,
    0xc0, 0x2f, 0xe0, 0x1f, 0xff, 0x35, 0xfa, 0xb,
    0x89, 0xf6, 0x5f, 0xa7, 0xc0, 0x9f, 0x62, 0xff,
    0xf2, 0xd, 0xf3, 0xb, 0xff, 0x9d, 0xfa, 0x0,
    0xbf, 0xdf, 0xe8, 0x0,

    /* U+00F9 "ù" */
    0x3, 0xf9, 0x0, 0x0, 0x9, 0xf1, 0x0, 0x0,
    0x1, 0x0, 0xf, 0xf0, 0x0, 0xfe, 0xff, 0x0,
    0xf, 0xef, 0xf0, 0x0, 0xfe, 0xff, 0x0, 0xf,
    0xef, 0xf0, 0x0, 0xfe, 0xef, 0x10, 0x3f, 0xea,
    0xfc, 0x9e, 0xfe, 0x1b, 0xfd, 0x5d, 0xe0,

    /* U+00FA "ú" */
    0x0, 0xb, 0xf2, 0x0, 0x2, 0xf6, 0x0, 0x0,
    0x1, 0x0, 0xf, 0xf0, 0x0, 0xfe, 0xff, 0x0,
    0xf, 0xef, 0xf0, 0x0, 0xfe, 0xff, 0x0, 0xf,
    0xef, 0xf0, 0x0, 0xfe, 0xef, 0x10, 0x3f, 0xea,
    0xfc, 0x9e, 0xfe, 0x1b, 0xfd, 0x5d, 0xe0,

    /* U+00FB "û" */
    0x0, 0xdf, 0xb0, 0x0, 0x7f, 0x8f, 0x50, 0x3,
    0x20, 0x33, 0xf, 0xf0, 0x0, 0xfe, 0xff, 0x0,
    0xf, 0xef, 0xf0, 0x0, 0xfe, 0xff, 0x0, 0xf,
    0xef, 0xf0, 0x0, 0xfe, 0xef, 0x10, 0x3f, 0xea,
    0xfc, 0x9e, 0xfe, 0x1b, 0xfd, 0x5d, 0xe0,

    /* U+00FC "ü" */
    0xf, 0xd0, 0xfe, 0x0, 0xa9, 0xa, 0x90, 0xff,
    0x0, 0xf, 0xef, 0xf0, 0x0, 0xfe, 0xff, 0x0,
    0xf, 0xef, 0xf0, 0x0, 0xfe, 0xff, 0x0, 0xf,
    0xee, 0xf1, 0x3, 0xfe, 0xaf, 0xc9, 0xef, 0xe1,
    0xbf, 0xd5, 0xde,

    /* U+00FD "ý" */
    0x0, 0x0, 0xee, 0x0, 0x0, 0x0, 0x5f, 0x40,
    0x0, 0x0, 0x0, 0x0, 0x0, 0x8, 0xf7, 0x0,
    0xe, 0xf1, 0x2f, 0xc0, 0x3, 0xfa, 0x0, 0xcf,
    0x20, 0x8f, 0x50, 0x6, 0xf7, 0xd, 0xe0, 0x0,
    0x1f, 0xc2, 0xf9, 0x0, 0x0, 0xbf, 0x9f, 0x30,
    0x0, 0x5, 0xff, 0xd0, 0x0, 0x0, 0xf, 0xf8,
    0x0, 0x0, 0x27, 0xbf, 0x20, 0x0, 0x6, 0xff,
    0x70, 0x0, 0x0,

    /* U+00FE "þ" */
    0xff, 0x0, 0x0, 0x0, 0xff, 0x0, 0x0, 0x0,
    0xff, 0x7e, 0xfb, 0x20, 0xff, 0xfa, 0xcf, 0xe0,
    0xff, 0x40, 0xc, 0xf6, 0xfe, 0x0, 0x7, 0xf9,
    0xfe, 0x0, 0x7, 0xf9, 0xff, 0x40, 0xc, 0xf6,
    0xff, 0xfa, 0xcf, 0xe0, 0xff, 0x7e, 0xfb, 0x20,
    0xff, 0x0, 0x0, 0x0, 0xff, 0x0, 0x0, 0x0,

    /* U+00FF "ÿ" */
    0x2, 0xfb, 0x2f, 0xb0, 0x0, 0x1a, 0x71, 0xa7,
    0x0, 0x8f, 0x70, 0x0, 0xef, 0x12, 0xfc, 0x0,
    0x3f, 0xa0, 0xc, 0xf2, 0x8, 0xf5, 0x0, 0x6f,
    0x70, 0xde, 0x0, 0x1, 0xfc, 0x2f, 0x90, 0x0,
    0xb, 0xf9, 0xf3, 0x0, 0x0, 0x5f, 0xfd, 0x0,
    0x0, 0x0, 0xff, 0x80, 0x0, 0x2, 0x7b, 0xf2,
    0x0, 0x0, 0x6f, 0xf7, 0x0, 0x0,

    /* U+0100 "Ā" */
    0x0, 0x1, 0x11, 0x10, 0x0, 0x0, 0x0, 0xdf,
    0xff, 0x70, 0x0, 0x0, 0x4, 0x44, 0x42, 0x0,
    0x0, 0x0, 0x0, 0x0, 0x0, 0x0, 0x0, 0x1,
    0xff, 0xb0, 0x0, 0x0, 0x0, 0x7f, 0xff, 0x10,
    0x0, 0x0, 0xd, 0xf8, 0xf7, 0x0, 0x0, 0x3,
    0xfb, 0x1f, 0xd0, 0x0, 0x0, 0x9f, 0x50, 0xbf,
    0x30, 0x0, 0xf, 0xe0, 0x5, 0xf9, 0x0, 0x6,
    0xff, 0xff, 0xff, 0xf0, 0x0, 0xcf, 0xaa, 0xaa,
    0xdf, 0x60, 0x2f, 0xe0, 0x0, 0x4, 0xfc, 0x8,
    0xf8, 0x0, 0x0, 0xd, 0xf2,

    /* U+0101 "ā" */
    0x0, 0xdf, 0xff, 0x80, 0x0, 0x5, 0x66, 0x63,
    0x0, 0x1, 0x9e, 0xfd, 0x60, 0x0, 0xcf, 0xa7,
    0xdf, 0x50, 0x19, 0x70, 0x4, 0xfa, 0x0, 0x3,
    0x7a, 0xdf, 0xc0, 0xc, 0xfc, 0x87, 0xfc, 0x5,
    0xfa, 0x0, 0x6f, 0xc0, 0x4f, 0xf9, 0xaf, 0xfe,
    0x40, 0x7e, 0xfc, 0x47, 0xf6,

    /* U+0102 "Ă" */
    0x0, 0x7, 0x10, 0x44, 0x0, 0x0, 0x0, 0xc8,
    0xd, 0x60, 0x0, 0x0, 0x3, 0xef, 0xc0, 0x0,
    0x0, 0x0, 0x0, 0x10, 0x0, 0x0, 0x0, 0x1,
    0xff, 0xb0, 0x0, 0x0, 0x0, 0x7f, 0xff, 0x10,
    0x0, 0x0, 0xd, 0xf8, 0xf7, 0x0, 0x0, 0x3,
    0xfb, 0x1f, 0xd0, 0x0, 0x0, 0x9f, 0x50, 0xbf,
    0x30, 0x0, 0xf, 0xe0, 0x5, 0xf9, 0x0, 0x6,
    0xff, 0xff, 0xff, 0xf0, 0x0, 0xcf, 0xaa, 0xaa,
    0xdf, 0x60, 0x2f, 0xe0, 0x0, 0x4, 0xfc, 0x8,
    0xf8, 0x0, 0x0, 0xd, 0xf2,

    /* U+0103 "ă" */
    0x0, 0xd7, 0xb, 0x80, 0x0, 0x4, 0xff, 0xd1,
    0x0, 0x0, 0x0, 0x10, 0x0, 0x0, 0x1a, 0xef,
    0xd6, 0x0, 0xd, 0xf9, 0x7d, 0xf5, 0x1, 0x65,
    0x0, 0x4f, 0xa0, 0x0, 0x6a, 0xdf, 0xfc, 0x1,
    0xdf, 0xa7, 0x6f, 0xc0, 0x5f, 0xa0, 0x7, 0xfc,
    0x4, 0xff, 0x9b, 0xff, 0xe4, 0x7, 0xef, 0xc4,
    0x7f, 0x60,

    /* U+0104 "Ą" */
    0x0, 0x1, 0xff, 0xb0, 0x0, 0x0, 0x0, 0x7f,
    0xff, 0x10, 0x0, 0x0, 0xd, 0xf8, 0xf7, 0x0,
    0x0, 0x3, 0xfb, 0x1f, 0xd0, 0x0, 0x0, 0x9f,
    0x50, 0xbf, 0x30, 0x0, 0xf, 0xe0, 0x5, 0xf9,
    0x0, 0x6, 0xff, 0xff, 0xff, 0xf0, 0x0, 0xcf,
    0xaa, 0xaa, 0xdf, 0x60, 0x2f, 0xe0, 0x0, 0x4,
    0xfc, 0x8, 0xf8, 0x0, 0x0, 0xe, 0xf2, 0x0,
    0x0, 0x0, 0x0, 0x8e, 0x10, 0x0, 0x0, 0x0,
    0x1f, 0x81, 0x0, 0x0, 0x0, 0x1, 0xef, 0xb0,
    0x0, 0x0, 0x0, 0x0, 0x20,

    /* U+0105 "ą" */
    0x1, 0x9e, 0xfd, 0x60, 0x0, 0xc, 0xfa, 0x7d,
    0xf5, 0x0, 0x19, 0x70, 0x4, 0xfa, 0x0, 0x0,
    0x37, 0xad, 0xfc, 0x0, 0xc, 0xfc, 0x87, 0xfc,
    0x0, 0x5f, 0xa0, 0x6, 0xfc, 0x0, 0x4f, 0xf9,
    0xaf, 0xfe, 0x40, 0x7, 0xef, 0xc4, 0x7f, 0x80,
    0x0, 0x0, 0x0, 0x8e, 0x10, 0x0, 0x0, 0x0,
    0xf9, 0x10, 0x0, 0x0, 0x0, 0xdf, 0xd0, 0x0,
    0x0, 0x0, 0x2, 0x0,

    /* U+0106 "Ć" */
    0x0, 0x0, 0x9, 0xf3, 0x0, 0x0, 0x0, 0x1,
    0xf9, 0x0, 0x0, 0x0, 0x0, 0x1, 0x0, 0x0,
    0x0, 0x0, 0x0, 0x0, 0x0, 0x0, 0x0, 0x19,
    0xef, 0xea, 0x30, 0x0, 0x2e, 0xfd, 0xbc, 0xff,
    0x30, 0xc, 0xf9, 0x0, 0x6, 0xfd, 0x2, 0xfe,
    0x0, 0x0, 0x8, 0x91, 0x4f, 0xb0, 0x0, 0x0,
    0x0, 0x4, 0xfb, 0x0, 0x0, 0x0, 0x0, 0x2f,
    0xe0, 0x0, 0x0, 0xab, 0x20, 0xcf, 0x80, 0x0,
    0x6f, 0xd0, 0x2, 0xef, 0xda, 0xcf, 0xf4, 0x0,
    0x1, 0x9e, 0xfe, 0xa2, 0x0,

    /* U+0107 "ć" */
    0x0, 0x0, 0xaf, 0x30, 0x0, 0x0, 0x1f, 0x80,
    0x0, 0x0, 0x0, 0x10, 0x0, 0x0, 0x7, 0xdf,
    0xe8, 0x0, 0xa, 0xfd, 0x8c, 0xfb, 0x2, 0xfe,
    0x0, 0xd, 0xf2, 0x5f, 0xa0, 0x0, 0x0, 0x5,
    0xfa, 0x0, 0x0, 0x10, 0x2f, 0xe0, 0x0, 0xef,
    0x10, 0xaf, 0xd8, 0xcf, 0xa0, 0x0, 0x8d, 0xfe,
    0x80, 0x0,

    /* U+0108 "Ĉ" */
    0x0, 0x0, 0x48, 0x50, 0x0, 0x0, 0x0, 0x2f,
    0x9f, 0x40, 0x0, 0x0, 0x4, 0x60, 0x56, 0x0,
    0x0, 0x0, 0x0, 0x0, 0x0, 0x0, 0x0, 0x19,
    0xef, 0xea, 0x30, 0x0, 0x2e, 0xfd, 0xbc, 0xff,
    0x30, 0xc, 0xf9, 0x0, 0x6, 0xfd, 0x2, 0xfe,
    0x0, 0x0, 0x8, 0x91, 0x4f, 0xb0, 0x0, 0x0,
    0x0, 0x4, 0xfb, 0x0, 0x0, 0x0, 0x0, 0x2f,
    0xe0, 0x0, 0x0, 0xab, 0x20, 0xcf, 0x80, 0x0,
    0x6f, 0xd0, 0x2, 0xef, 0xda, 0xcf, 0xf4, 0x0,
    0x1, 0x9e, 0xfe, 0xa2, 0x0,

    /* U+0109 "ĉ" */
    0x0, 0xb, 0xfc, 0x0, 0x0, 0x5, 0xf8, 0xf6,
    0x0, 0x0, 0x44, 0x3, 0x40, 0x0, 0x7, 0xdf,
    0xe8, 0x0, 0xa, 0xfd, 0x8c, 0xfb, 0x2, 0xfe,
    0x0, 0xd, 0xf2, 0x5f, 0xa0, 0x0, 0x0, 0x5,
    0xfa, 0x0, 0x0, 0x10, 0x2f, 0xe0, 0x0, 0xef,
    0x10, 0xaf, 0xd8, 0xcf, 0xa0, 0x0, 0x8d, 0xfe,
    0x80, 0x0,

    /* U+010A "Ċ" */
    0x0, 0x0, 0x4a, 0x60, 0x0, 0x0, 0x0, 0x6,
    0xf9, 0x0, 0x0, 0x0, 0x0, 0x0, 0x0, 0x0,
    0x0, 0x0, 0x0, 0x0, 0x0, 0x0, 0x0, 0x19,
    0xef, 0xea, 0x30, 0x0, 0x2e, 0xfd, 0xbc, 0xff,
    0x30, 0xc, 0xf9, 0x0, 0x6, 0xfd, 0x2, 0xfe,
    0x0, 0x0, 0x8, 0x91, 0x4f, 0xb0, 0x0, 0x0,
    0x0, 0x4, 0xfb, 0x0, 0x0, 0x0, 0x0, 0x2f,
    0xe0, 0x0, 0x0, 0xab, 0x20, 0xcf, 0x80, 0x0,
    0x6f, 0xd0, 0x2, 0xef, 0xda, 0xcf, 0xf4, 0x0,
    0x1, 0x9e, 0xfe, 0xa2, 0x0,

    /* U+010B "ċ" */
    0x0, 0x7, 0xf8, 0x0, 0x0, 0x0, 0x4a, 0x50,
    0x0, 0x0, 0x7d, 0xfe, 0x80, 0x0, 0xaf, 0xd8,
    0xcf, 0xb0, 0x2f, 0xe0, 0x0, 0xdf, 0x25, 0xfa,
    0x0, 0x0, 0x0, 0x5f, 0xa0, 0x0, 0x1, 0x2,
    0xfe, 0x0, 0xe, 0xf1, 0xa, 0xfd, 0x8c, 0xfa,
    0x0, 0x8, 0xdf, 0xe8, 0x0,

    /* U+010C "Č" */
    0x0, 0x4, 0x60, 0x56, 0x0, 0x0, 0x0, 0x2f,
    0x9f, 0x40, 0x0, 0x0, 0x0, 0x48, 0x50, 0x0,
    0x0, 0x0, 0x0, 0x0, 0x0, 0x0, 0x0, 0x19,
    0xef, 0xea, 0x30, 0x0, 0x2e, 0xfd, 0xbc, 0xff,
    0x30, 0xc, 0xf9, 0x0, 0x6, 0xfd, 0x2, 0xfe,
    0x0, 0x0, 0x8, 0x91, 0x4f, 0xb0, 0x0, 0x0,
    0x0, 0x4, 0xfb, 0x0, 0x0, 0x0, 0x0, 0x2f,
    0xe0, 0x0, 0x0, 0xab, 0x20, 0xcf, 0x80, 0x0,
    0x6f, 0xd0, 0x2, 0xef, 0xda, 0xcf, 0xf4, 0x0,
    0x1, 0x9e, 0xfe, 0xa2, 0x0,

    /* U+010D "č" */
    0x0, 0x8d, 0x1d, 0x90, 0x0, 0x0, 0xde, 0xe0,
    0x0, 0x0, 0x2, 0x42, 0x0, 0x0, 0x7, 0xdf,
    0xe8, 0x0, 0xa, 0xfd, 0x8c, 0xfb, 0x2, 0xfe,
    0x0, 0xb, 0xd2, 0x5f, 0xa0, 0x0, 0x0, 0x5,
    0xfa, 0x0, 0x1, 0x10, 0x2f, 0xe0, 0x0, 0xef,
    0x10, 0xaf, 0xd8, 0xcf, 0x90, 0x0, 0x8d, 0xfe,
    0x80, 0x0,

    /* U+010E "Ď" */
    0x2, 0x70, 0x27, 0x0, 0x0, 0x0, 0xcb, 0xd8,
    0x0, 0x0, 0x0, 0x28, 0x70, 0x0, 0x0, 0x0,
    0x0, 0x0, 0x0, 0x0, 0xcf, 0xff, 0xfc, 0x70,
    0x0, 0xcf, 0xba, 0xcf, 0xfc, 0x0, 0xcf, 0x20,
    0x1, 0xcf, 0x70, 0xcf, 0x20, 0x0, 0x3f, 0xd0,
    0xcf, 0x20, 0x0, 0xf, 0xf0, 0xcf, 0x20, 0x0,
    0xf, 0xf0, 0xcf, 0x20, 0x0, 0x3f, 0xd0, 0xcf,
    0x20, 0x1, 0xcf, 0x80, 0xcf, 0xba, 0xcf, 0xfc,
    0x0, 0xcf, 0xff, 0xfc, 0x70, 0x0,

    /* U+010F "ď" */
    0x0, 0x0, 0x0, 0xaf, 0x4a, 0xf0, 0x0, 0x0,
    0x0, 0xaf, 0x4b, 0xd0, 0x1, 0xaf, 0xe6, 0xaf,
    0x4d, 0x90, 0xc, 0xff, 0xff, 0xef, 0x4e, 0x60,
    0x3f, 0xf4, 0x4, 0xff, 0x40, 0x0, 0x6f, 0xa0,
    0x0, 0xcf, 0x40, 0x0, 0x6f, 0x90, 0x0, 0xbf,
    0x40, 0x0, 0x3f, 0xd0, 0x1, 0xef, 0x40, 0x0,
    0xc, 0xfd, 0x8d, 0xff, 0x40, 0x0, 0x1, 0xaf,
    0xe8, 0x9f, 0x40, 0x0,

    /* U+0110 "Đ" */
    0xc, 0xff, 0xff, 0xc7, 0x0, 0x0, 0xcf, 0xba,
    0xcf, 0xfc, 0x0, 0xc, 0xf2, 0x0, 0x1c, 0xf7,
    0x0, 0xcf, 0x20, 0x0, 0x3f, 0xd0, 0xdf, 0xff,
    0xff, 0x0, 0xff, 0x6, 0xff, 0xa8, 0x80, 0xf,
    0xf0, 0xc, 0xf2, 0x0, 0x3, 0xfd, 0x0, 0xcf,
    0x20, 0x1, 0xcf, 0x80, 0xc, 0xfb, 0xac, 0xff,
    0xc0, 0x0, 0xcf, 0xff, 0xfc, 0x70, 0x0,

    /* U+0111 "đ" */
    0x0, 0x0, 0xbf, 0xff, 0xf4, 0x0, 0x0, 0x23,
    0xdf, 0x70, 0x1, 0xaf, 0xe8, 0xaf, 0x40, 0xc,
    0xfd, 0x8d, 0xff, 0x40, 0x3f, 0xe0, 0x0, 0xef,
    0x40, 0x6f, 0xa0, 0x0, 0xbf, 0x40, 0x6f, 0xa0,
    0x0, 0xbf, 0x40, 0x3f, 0xe0, 0x1, 0xef, 0x40,
    0xc, 0xfd, 0x8d, 0xff, 0x40, 0x1, 0xaf, 0xe8,
    0x9f, 0x40,

    /* U+0112 "Ē" */
    0x0, 0x11, 0x11, 0x0, 0x5, 0xff, 0xff, 0x0,
    0x1, 0x44, 0x44, 0x0, 0x0, 0x0, 0x0, 0x0,
    0xcf, 0xff, 0xff, 0xf6, 0xcf, 0xba, 0xaa, 0xa3,
    0xcf, 0x20, 0x0, 0x0, 0xcf, 0x20, 0x0, 0x0,
    0xcf, 0xff, 0xff, 0xf3, 0xcf, 0xba, 0xaa, 0xa1,
    0xcf, 0x20, 0x0, 0x0, 0xcf, 0x20, 0x0, 0x0,
    0xcf, 0xba, 0xaa, 0xa5, 0xcf, 0xff, 0xff, 0xf7,

    /* U+0113 "ē" */
    0x0, 0xaf, 0xff, 0xb0, 0x0, 0x4, 0x66, 0x64,
    0x0, 0x0, 0x7d, 0xfd, 0x70, 0x0, 0xaf, 0xb8,
    0xcf, 0x90, 0x2f, 0xc0, 0x0, 0xdf, 0x15, 0xff,
    0xff, 0xff, 0xf3, 0x5f, 0xb3, 0x33, 0x33, 0x2,
    0xfe, 0x0, 0x9, 0x90, 0xa, 0xfc, 0x8c, 0xf9,
    0x0, 0x8, 0xdf, 0xd7, 0x0,

    /* U+0114 "Ĕ" */
    0x0, 0x71, 0x6, 0x10, 0x0, 0x6, 0xde, 0x90,
    0x0, 0x0, 0x0, 0x0, 0x0, 0xd, 0xff, 0xff,
    0xff, 0xf0, 0xdb, 0x44, 0x44, 0x44, 0xd, 0x90,
    0x0, 0x0, 0x0, 0xd9, 0x0, 0x0, 0x0, 0xd,
    0xa0, 0x0, 0x0, 0x0, 0xdf, 0xff, 0xff, 0xf8,
    0xd, 0xb3, 0x33, 0x33, 0x20, 0xd9, 0x0, 0x0,
    0x0, 0xd, 0x90, 0x0, 0x0, 0x0, 0xdb, 0x44,
    0x44, 0x44, 0xd, 0xff, 0xff, 0xff, 0xf3,

    /* U+0115 "ĕ" */
    0x0, 0xc4, 0xb, 0x50, 0x0, 0x2c, 0xe9, 0x0,
    0x0, 0x0, 0x0, 0x0, 0x0, 0x9e, 0xfc, 0x30,
    0xa, 0xd3, 0x28, 0xf2, 0x2f, 0x20, 0x0, 0xb8,
    0x5f, 0xff, 0xff, 0xfb, 0x5f, 0x22, 0x22, 0x21,
    0x2f, 0x40, 0x0, 0x96, 0xb, 0xe4, 0x28, 0xf3,
    0x0, 0x9e, 0xfc, 0x40,

    /* U+0116 "Ė" */
    0x0, 0x3f, 0xd0, 0x0, 0x0, 0x2a, 0x80, 0x0,
    0x0, 0x0, 0x0, 0x0, 0xcf, 0xff, 0xff, 0xf6,
    0xcf, 0xba, 0xaa, 0xa3, 0xcf, 0x20, 0x0, 0x0,
    0xcf, 0x20, 0x0, 0x0, 0xcf, 0xff, 0xff, 0xf3,
    0xcf, 0xba, 0xaa, 0xa1, 0xcf, 0x20, 0x0, 0x0,
    0xcf, 0x20, 0x0, 0x0, 0xcf, 0xba, 0xaa, 0xa5,
    0xcf, 0xff, 0xff, 0xf7,

    /* U+0117 "ė" */
    0x0, 0x7, 0xf8, 0x0, 0x0, 0x0, 0x5a, 0x50,
    0x0, 0x0, 0x7d, 0xfd, 0x70, 0x0, 0xaf, 0xb8,
    0xcf, 0x90, 0x2f, 0xc0, 0x0, 0xdf, 0x15, 0xff,
    0xff, 0xff, 0xf3, 0x5f, 0xb3, 0x33, 0x33, 0x2,
    0xfe, 0x0, 0x9, 0x90, 0xa, 0xfc, 0x8c, 0xf9,
    0x0, 0x8, 0xdf, 0xd7, 0x0,

    /* U+0118 "Ę" */
    0xcf, 0xff, 0xff, 0xf6, 0xc, 0xfb, 0xaa, 0xaa,
    0x30, 0xcf, 0x20, 0x0, 0x0, 0xc, 0xf2, 0x0,
    0x0, 0x0, 0xcf, 0xff, 0xff, 0xf3, 0xc, 0xfb,
    0xaa, 0xaa, 0x10, 0xcf, 0x20, 0x0, 0x0, 0xc,
    0xf2, 0x0, 0x0, 0x0, 0xcf, 0xba, 0xaa, 0xa5,
    0xc, 0xff, 0xff, 0xff, 0x80, 0x0, 0x0, 0x6,
    0xf2, 0x0, 0x0, 0x0, 0xea, 0x10, 0x0, 0x0,
    0xd, 0xfd, 0x0, 0x0, 0x0, 0x2, 0x0,

    /* U+0119 "ę" */
    0x0, 0x7d, 0xfd, 0x70, 0x0, 0xaf, 0xb8, 0xcf,
    0x90, 0x2f, 0xc0, 0x0, 0xdf, 0x15, 0xff, 0xff,
    0xff, 0xf3, 0x5f, 0xb3, 0x33, 0x33, 0x2, 0xfe,
    0x0, 0x9, 0x90, 0xa, 0xfc, 0x8c, 0xfa, 0x0,
    0x8, 0xdf, 0xff, 0x10, 0x0, 0x0, 0x6f, 0x30,
    0x0, 0x0, 0xc, 0xd1, 0x0, 0x0, 0x0, 0xaf,
    0xf1, 0x0, 0x0, 0x0, 0x21, 0x0,

    /* U+011A "Ě" */
    0x3, 0x70, 0x37, 0x0, 0x0, 0xdb, 0xe7, 0x0,
    0x0, 0x28, 0x70, 0x0, 0x0, 0x0, 0x0, 0x0,
    0xcf, 0xff, 0xff, 0xf6, 0xcf, 0xba, 0xaa, 0xa3,
    0xcf, 0x20, 0x0, 0x0, 0xcf, 0x20, 0x0, 0x0,
    0xcf, 0xff, 0xff, 0xf3, 0xcf, 0xba, 0xaa, 0xa1,
    0xcf, 0x20, 0x0, 0x0, 0xcf, 0x20, 0x0, 0x0,
    0xcf, 0xba, 0xaa, 0xa5, 0xcf, 0xff, 0xff, 0xf7,

    /* U+011B "ě" */
    0x0, 0x7d, 0x1d, 0x80, 0x0, 0x0, 0xcf, 0xd0,
    0x0, 0x0, 0x0, 0x0, 0x0, 0x0, 0x7, 0xdf,
    0xd7, 0x0, 0xa, 0xfb, 0x8c, 0xf9, 0x2, 0xfc,
    0x0, 0xd, 0xf1, 0x5f, 0xff, 0xff, 0xff, 0x35,
    0xfb, 0x33, 0x33, 0x30, 0x2f, 0xe0, 0x0, 0x99,
    0x0, 0xaf, 0xc8, 0xcf, 0x90, 0x0, 0x8d, 0xfd,
    0x70, 0x0,

    /* U+011C "Ĝ" */
    0x0, 0x0, 0x48, 0x60, 0x0, 0x0, 0x0, 0x1e,
    0xaf, 0x40, 0x0, 0x0, 0x4, 0x60, 0x46, 0x0,
    0x0, 0x0, 0x0, 0x0, 0x0, 0x0, 0x0, 0x19,
    0xdf, 0xea, 0x30, 0x0, 0x2e, 0xfd, 0xbc, 0xff,
    0x30, 0xb, 0xf8, 0x0, 0x5, 0xfd, 0x2, 0xfe,
    0x0, 0x0, 0x6, 0x60, 0x4f, 0xb0, 0x0, 0x22,
    0x22, 0x4, 0xfb, 0x0, 0x5f, 0xff, 0xf2, 0x2f,
    0xe0, 0x1, 0x55, 0xdf, 0x20, 0xcf, 0x80, 0x0,
    0x5f, 0xf2, 0x2, 0xef, 0xdb, 0xcf, 0xdf, 0x20,
    0x1, 0x9e, 0xfe, 0x72, 0xf2,

    /* U+011D "ĝ" */
    0x0, 0xb, 0xfc, 0x0, 0x0, 0x5, 0xf8, 0xf5,
    0x0, 0x0, 0x44, 0x4, 0x40, 0x0, 0x1a, 0xfe,
    0x8a, 0xf4, 0xc, 0xfc, 0x8c, 0xff, 0x43, 0xfd,
    0x0, 0xe, 0xf4, 0x6f, 0x90, 0x0, 0xbf, 0x45,
    0xfb, 0x0, 0xd, 0xf4, 0xe, 0xf7, 0x38, 0xff,
    0x40, 0x4e, 0xff, 0xdc, 0xf4, 0x3, 0x44, 0x40,
    0xcf, 0x20, 0xdf, 0x97, 0xaf, 0xd0, 0x1, 0x9e,
    0xfe, 0x91, 0x0,

    /* U+011E "Ğ" */
    0x0, 0x4, 0x50, 0x46, 0x0, 0x0, 0x0, 0x3e,
    0xff, 0x60, 0x0, 0x0, 0x0, 0x1, 0x0, 0x0,
    0x0, 0x0, 0x0, 0x0, 0x0, 0x0, 0x0, 0x19,
    0xdf, 0xea, 0x30, 0x0, 0x2e, 0xfd, 0xbc, 0xff,
    0x30, 0xb, 0xf8, 0x0, 0x5, 0xfd, 0x2, 0xfe,
    0x0, 0x0, 0x6, 0x60, 0x4f, 0xb0, 0x0, 0x22,
    0x22, 0x4, 0xfb, 0x0, 0x5f, 0xff, 0xf2, 0x2f,
    0xe0, 0x1, 0x55, 0xdf, 0x20, 0xcf, 0x80, 0x0,
    0x5f, 0xf2, 0x2, 0xef, 0xdb, 0xcf, 0xdf, 0x20,
    0x1, 0x9e, 0xfe, 0x72, 0xf2,

    /* U+011F "ğ" */
    0x0, 0xa9, 0x9, 0xa0, 0x0, 0x2, 0xef, 0xe2,
    0x0, 0x0, 0x0, 0x10, 0x0, 0x0, 0x1a, 0xfe,
    0x8a, 0xf4, 0xc, 0xfc, 0x8c, 0xff, 0x43, 0xfd,
    0x0, 0xe, 0xf4, 0x6f, 0x90, 0x0, 0xbf, 0x45,
    0xfb, 0x0, 0xd, 0xf4, 0xe, 0xf7, 0x38, 0xff,
    0x40, 0x4e, 0xff, 0xdc, 0xf4, 0x3, 0x44, 0x40,
    0xcf, 0x20, 0xdf, 0x97, 0xaf, 0xd0, 0x1, 0x9e,
    0xfe, 0x91, 0x0,

    /* U+0120 "Ġ" */
    0x0, 0x0, 0x4a, 0x60, 0x0, 0x0, 0x0, 0x6,
    0xf9, 0x0, 0x0, 0x0, 0x0, 0x0, 0x0, 0x0,
    0x0, 0x0, 0x0, 0x0, 0x0, 0x0, 0x0, 0x19,
    0xdf, 0xea, 0x30, 0x0, 0x2e, 0xfd, 0xbc, 0xff,
    0x30, 0xb, 0xf8, 0x0, 0x5, 0xfd, 0x2, 0xfe,
    0x0, 0x0, 0x6, 0x60, 0x4f, 0xb0, 0x0, 0x22,
    0x22, 0x4, 0xfb, 0x0, 0x5f, 0xff, 0xf2, 0x2f,
    0xe0, 0x1, 0x55, 0xdf, 0x20, 0xcf, 0x80, 0x0,
    0x5f, 0xf2, 0x2, 0xef, 0xdb, 0xcf, 0xdf, 0x20,
    0x1, 0x9e, 0xfe, 0x72, 0xf2,

    /* U+0121 "ġ" */
    0x0, 0x7, 0xf8, 0x0, 0x0, 0x0, 0x5a, 0x50,
    0x0, 0x1, 0xaf, 0xe8, 0xaf, 0x40, 0xcf, 0xc8,
    0xcf, 0xf4, 0x3f, 0xd0, 0x0, 0xef, 0x46, 0xf9,
    0x0, 0xb, 0xf4, 0x5f, 0xb0, 0x0, 0xdf, 0x40,
    0xef, 0x73, 0x8f, 0xf4, 0x4, 0xef, 0xfd, 0xcf,
    0x40, 0x34, 0x44, 0xc, 0xf2, 0xd, 0xf9, 0x7a,
    0xfd, 0x0, 0x19, 0xef, 0xe9, 0x10,

    /* U+0122 "Ģ" */
    0x0, 0x19, 0xdf, 0xeb, 0x40, 0x0, 0x2e, 0xfd,
    0xab, 0xff, 0x60, 0xb, 0xf8, 0x0, 0x2, 0xdc,
    0x2, 0xfe, 0x0, 0x2, 0x22, 0x20, 0x4f, 0xb0,
    0x5, 0xff, 0xff, 0x24, 0xfb, 0x0, 0x15, 0x5d,
    0xf2, 0x2f, 0xe0, 0x0, 0x0, 0xff, 0x20, 0xcf,
    0x80, 0x0, 0x8f, 0xf2, 0x2, 0xef, 0xdb, 0xdf,
    0xbf, 0x20, 0x1, 0x9e, 0xfd, 0x61, 0xf2, 0x0,
    0x0, 0x29, 0x50, 0x0, 0x0, 0x0, 0x3, 0xf8,
    0x0, 0x0, 0x0, 0x0, 0xe, 0x30, 0x0, 0x0,
    0x0, 0x2, 0x60, 0x0, 0x0,

    /* U+0123 "ģ" */
    0x0, 0x0, 0xb7, 0x0, 0x0, 0x0, 0x2f, 0x10,
    0x0, 0x0, 0x6, 0xf6, 0x0, 0x0, 0x0, 0x39,
    0x30, 0x0, 0x1, 0xaf, 0xe8, 0xaf, 0x40, 0xcf,
    0xc8, 0xcf, 0xf4, 0x3f, 0xd0, 0x0, 0xef, 0x46,
    0xf9, 0x0, 0xb, 0xf4, 0x5f, 0xb0, 0x0, 0xdf,
    0x40, 0xef, 0x73, 0x8f, 0xf4, 0x4, 0xef, 0xfd,
    0xcf, 0x40, 0x34, 0x44, 0xc, 0xf2, 0xd, 0xf9,
    0x7a, 0xfd, 0x0, 0x19, 0xef, 0xe9, 0x10,

    /* U+0124 "Ĥ" */
    0x0, 0x6, 0x84, 0x0, 0x0, 0x4, 0xf9, 0xe1,
    0x0, 0x0, 0x64, 0x6, 0x40, 0x0, 0x0, 0x0,
    0x0, 0x0, 0xcf, 0x20, 0x0, 0x5f, 0x9c, 0xf2,
    0x0, 0x5, 0xf9, 0xcf, 0x20, 0x0, 0x5f, 0x9c,
    0xf2, 0x0, 0x5, 0xf9, 0xcf, 0xff, 0xff, 0xff,
    0x9c, 0xfc, 0xaa, 0xaf, 0xf9, 0xcf, 0x20, 0x0,
    0x5f, 0x9c, 0xf2, 0x0, 0x5, 0xf9, 0xcf, 0x20,
    0x0, 0x5f, 0x9c, 0xf2, 0x0, 0x5, 0xf9,

    /* U+0125 "ĥ" */
    0x4, 0xff, 0x50, 0x0, 0x1, 0xe7, 0x5e, 0x10,
    0x0, 0x0, 0x0, 0x0, 0x0, 0x0, 0xf, 0xf0,
    0x0, 0x0, 0x0, 0xff, 0x0, 0x0, 0x0, 0xf,
    0xf4, 0xdf, 0xb1, 0x0, 0xff, 0xd9, 0xcf, 0xa0,
    0xf, 0xf3, 0x1, 0xfe, 0x0, 0xff, 0x0, 0xf,
    0xf0, 0xf, 0xf0, 0x0, 0xff, 0x0, 0xff, 0x0,
    0xf, 0xf0, 0xf, 0xf0, 0x0, 0xff, 0x0, 0xff,
    0x0, 0xf, 0xf0,

    /* U+0126 "Ħ" */
    0x2f, 0xf4, 0x22, 0x28, 0xfb, 0x1e, 0xff, 0xff,
    0xff, 0xff, 0xfa, 0x4f, 0xf7, 0x55, 0x5b, 0xfe,
    0x30, 0xcf, 0x20, 0x0, 0x5f, 0x90, 0xc, 0xff,
    0xff, 0xff, 0xf9, 0x0, 0xcf, 0xca, 0xaa, 0xff,
    0x90, 0xc, 0xf2, 0x0, 0x5, 0xf9, 0x0, 0xcf,
    0x20, 0x0, 0x5f, 0x90, 0xc, 0xf2, 0x0, 0x5,
    0xf9, 0x0, 0xcf, 0x20, 0x0, 0x5f, 0x90,

    /* U+0127 "ħ" */
    0xff, 0xff, 0xf0, 0x0, 0x2f, 0xf3, 0x30, 0x0,
    0xf, 0xf5, 0xdf, 0xb1, 0xf, 0xfe, 0x9c, 0xfa,
    0xf, 0xf3, 0x1, 0xfe, 0xf, 0xf0, 0x0, 0xff,
    0xf, 0xf0, 0x0, 0xff, 0xf, 0xf0, 0x0, 0xff,
    0xf, 0xf0, 0x0, 0xff, 0xf, 0xf0, 0x0, 0xff,

    /* U+0128 "Ĩ" */
    0x1d, 0xff, 0xf7, 0x2, 0x22, 0x10, 0x0, 0x0,
    0x0, 0x0, 0xcf, 0x20, 0x0, 0xcf, 0x20, 0x0,
    0xcf, 0x20, 0x0, 0xcf, 0x20, 0x0, 0xcf, 0x20,
    0x0, 0xcf, 0x20, 0x0, 0xcf, 0x20, 0x0, 0xcf,
    0x20, 0x0, 0xcf, 0x20, 0x0, 0xcf, 0x20,

    /* U+0129 "ĩ" */
    0x3e, 0xff, 0xf4, 0x12, 0x22, 0x10, 0x0, 0xff,
    0x0, 0x0, 0xff, 0x0, 0x0, 0xff, 0x0, 0x0,
    0xff, 0x0, 0x0, 0xff, 0x0, 0x0, 0xff, 0x0,
    0x0, 0xff, 0x0, 0x0, 0xff, 0x0,

    /* U+012A "Ī" */
    0x11, 0x11, 0xf, 0xff, 0xf5, 0x44, 0x44, 0x10,
    0x0, 0x0, 0xc, 0xf2, 0x0, 0xcf, 0x20, 0xc,
    0xf2, 0x0, 0xcf, 0x20, 0xc, 0xf2, 0x0, 0xcf,
    0x20, 0xc, 0xf2, 0x0, 0xcf, 0x20, 0xc, 0xf2,
    0x0, 0xcf, 0x20,

    /* U+012B "ī" */
    0x2f, 0xff, 0xf3, 0x16, 0x66, 0x61, 0x0, 0xff,
    0x0, 0x0, 0xff, 0x0, 0x0, 0xff, 0x0, 0x0,
    0xff, 0x0, 0x0, 0xff, 0x0, 0x0, 0xff, 0x0,
    0x0, 0xff, 0x0, 0x0, 0xff, 0x0,

    /* U+012C "Ĭ" */
    0x7, 0x10, 0x61, 0x6, 0xde, 0x90, 0x0, 0x0,
    0x0, 0x0, 0xad, 0x0, 0x0, 0xad, 0x0, 0x0,
    0xad, 0x0, 0x0, 0xad, 0x0, 0x0, 0xad, 0x0,
    0x0, 0xad, 0x0, 0x0, 0xad, 0x0, 0x0, 0xad,
    0x0, 0x0, 0xad, 0x0, 0x0, 0xad, 0x0, 0x0,
    0xad, 0x0,

    /* U+012D "ĭ" */
    0x6a, 0x5, 0xa0, 0x9e, 0xc2, 0x0, 0x0, 0x0,
    0xf, 0x50, 0x0, 0xf5, 0x0, 0xf, 0x50, 0x0,
    0xf5, 0x0, 0xf, 0x50, 0x0, 0xf5, 0x0, 0xf,
    0x50, 0x0, 0xf5, 0x0,

    /* U+012E "Į" */
    0xc, 0xf2, 0xc, 0xf2, 0xc, 0xf2, 0xc, 0xf2,
    0xc, 0xf2, 0xc, 0xf2, 0xc, 0xf2, 0xc, 0xf2,
    0xc, 0xf2, 0xd, 0xf2, 0xb, 0xc0, 0x4f, 0x50,
    0x3f, 0xf8, 0x1, 0x20,

    /* U+012F "į" */
    0xf, 0xf0, 0xa, 0xa0, 0xf, 0xf0, 0xf, 0xf0,
    0xf, 0xf0, 0xf, 0xf0, 0xf, 0xf0, 0xf, 0xf0,
    0xf, 0xf0, 0xf, 0xf0, 0xd, 0x90, 0x6f, 0x20,
    0x6f, 0xf5, 0x1, 0x20,

    /* U+0130 "İ" */
    0xdf, 0x28, 0xa1, 0x0, 0xc, 0xf2, 0xcf, 0x2c,
    0xf2, 0xcf, 0x2c, 0xf2, 0xcf, 0x2c, 0xf2, 0xcf,
    0x2c, 0xf2, 0xcf, 0x20,

    /* U+0131 "ı" */
    0xff, 0xff, 0xff, 0xff, 0xff, 0xff, 0xff, 0xff,

    /* U+0132 "Ĳ" */
    0xcf, 0x20, 0x0, 0x0, 0x9, 0xf6, 0xcf, 0x20,
    0x0, 0x0, 0x9, 0xf6, 0xcf, 0x20, 0x0, 0x0,
    0x9, 0xf6, 0xcf, 0x20, 0x0, 0x0, 0x9, 0xf6,
    0xcf, 0x20, 0x0, 0x0, 0x9, 0xf6, 0xcf, 0x20,
    0x0, 0x0, 0x9, 0xf6, 0xcf, 0x20, 0x88, 0x0,
    0x9, 0xf5, 0xcf, 0x20, 0xef, 0x20, 0xc, 0xf3,
    0xcf, 0x20, 0x7f, 0xd7, 0xaf, 0xb0, 0xcf, 0x20,
    0x6, 0xdf, 0xe9, 0x0,

    /* U+0133 "ĳ" */
    0xff, 0x0, 0xbf, 0x4a, 0xa0, 0x7, 0xa3, 0xff,
    0x0, 0xaf, 0x4f, 0xf0, 0xa, 0xf4, 0xff, 0x0,
    0xaf, 0x4f, 0xf0, 0xa, 0xf4, 0xff, 0x0, 0xaf,
    0x4f, 0xf0, 0xa, 0xf4, 0xff, 0x0, 0xaf, 0x4f,
    0xf0, 0xa, 0xf4, 0x0, 0x27, 0xef, 0x20, 0x5,
    0xfe, 0x80,

    /* U+0134 "Ĵ" */
    0x0, 0x0, 0x0, 0x68, 0x30, 0x0, 0x0, 0x5,
    0xfa, 0xe1, 0x0, 0x0, 0x6, 0x40, 0x74, 0x0,
    0x0, 0x0, 0x0, 0x0, 0x0, 0x0, 0x0, 0xaf,
    0x40, 0x0, 0x0, 0x0, 0xaf, 0x40, 0x0, 0x0,
    0x0, 0xaf, 0x40, 0x0, 0x0, 0x0, 0xaf, 0x40,
    0x0, 0x0, 0x0, 0xaf, 0x40, 0x0, 0x0, 0x0,
    0xaf, 0x40, 0x1b, 0x90, 0x0, 0xbf, 0x40, 0xf,
    0xf2, 0x1, 0xef, 0x10, 0x7, 0xfe, 0xbe, 0xf9,
    0x0, 0x0, 0x7d, 0xfe, 0x80, 0x0,

    /* U+0135 "ĵ" */
    0x0, 0xaf, 0xd0, 0x4, 0xf8, 0xf7, 0x3, 0x30,
    0x23, 0x0, 0x5f, 0x90, 0x0, 0x5f, 0x90, 0x0,
    0x5f, 0x90, 0x0, 0x5f, 0x90, 0x0, 0x5f, 0x90,
    0x0, 0x5f, 0x90, 0x0, 0x5f, 0x90, 0x0, 0x5f,
    0x80, 0x7, 0xcf, 0x70, 0xf, 0xfb, 0x10,

    /* U+0136 "Ķ" */
    0xcf, 0x20, 0x3, 0xff, 0x3c, 0xf2, 0x2, 0xef,
    0x40, 0xcf, 0x21, 0xdf, 0x50, 0xc, 0xf3, 0xdf,
    0x70, 0x0, 0xcf, 0xdf, 0xd0, 0x0, 0xc, 0xff,
    0xef, 0x70, 0x0, 0xcf, 0x81, 0xef, 0x40, 0xc,
    0xf2, 0x4, 0xfe, 0x10, 0xcf, 0x20, 0x7, 0xfb,
    0xc, 0xf2, 0x0, 0xb, 0xf8, 0x0, 0x5, 0x91,
    0x0, 0x0, 0x0, 0x9f, 0x30, 0x0, 0x0, 0x5,
    0xd0, 0x0, 0x0, 0x0, 0x53, 0x0, 0x0,

    /* U+0137 "ķ" */
    0xff, 0x0, 0x0, 0x0, 0xff, 0x0, 0x0, 0x0,
    0xff, 0x0, 0x3f, 0xf3, 0xff, 0x2, 0xef, 0x30,
    0xff, 0x2e, 0xf4, 0x0, 0xff, 0xdf, 0xb0, 0x0,
    0xff, 0xfc, 0xf4, 0x0, 0xff, 0x42, 0xfe, 0x10,
    0xff, 0x0, 0x6f, 0xb0, 0xff, 0x0, 0xc, 0xf6,
    0x0, 0x29, 0x40, 0x0, 0x0, 0x4f, 0x80, 0x0,
    0x0, 0x1e, 0x20, 0x0, 0x0, 0x36, 0x0, 0x0,

    /* U+0138 "ĸ" */
    0xf, 0x50, 0x6f, 0x60, 0xf5, 0x1f, 0x40, 0xf,
    0x59, 0xa0, 0x0, 0xfe, 0xe1, 0x0, 0xf, 0x5a,
    0xb0, 0x0, 0xf5, 0x1f, 0x50, 0xf, 0x50, 0x8d,
    0x0, 0xf5, 0x1, 0xf6,

    /* U+0139 "Ĺ" */
    0x0, 0x10, 0x0, 0x0, 0x1f, 0xc0, 0x0, 0x0,
    0x7f, 0x20, 0x0, 0x0, 0x0, 0x0, 0x0, 0x0,
    0xcf, 0x20, 0x0, 0x0, 0xcf, 0x20, 0x0, 0x0,
    0xcf, 0x20, 0x0, 0x0, 0xcf, 0x20, 0x0, 0x0,
    0xcf, 0x20, 0x0, 0x0, 0xcf, 0x20, 0x0, 0x0,
    0xcf, 0x20, 0x0, 0x0, 0xcf, 0x20, 0x0, 0x0,
    0xcf, 0xda, 0xaa, 0xa2, 0xcf, 0xff, 0xff, 0xf3,

    /* U+013A "ĺ" */
    0x2f, 0xa0, 0x9e, 0x10, 0x0, 0x0, 0xff, 0x0,
    0xff, 0x0, 0xff, 0x0, 0xff, 0x0, 0xff, 0x0,
    0xff, 0x0, 0xff, 0x0, 0xff, 0x0, 0xef, 0x81,
    0x6e, 0xf2,

    /* U+013B "Ļ" */
    0xcf, 0x20, 0x0, 0x0, 0xcf, 0x20, 0x0, 0x0,
    0xcf, 0x20, 0x0, 0x0, 0xcf, 0x20, 0x0, 0x0,
    0xcf, 0x20, 0x0, 0x0, 0xcf, 0x20, 0x0, 0x0,
    0xcf, 0x20, 0x0, 0x0, 0xcf, 0x20, 0x0, 0x0,
    0xcf, 0xda, 0xaa, 0xa2, 0xcf, 0xff, 0xff, 0xf3,
    0x0, 0x19, 0x50, 0x0, 0x0, 0x3f, 0x90, 0x0,
    0x0, 0xe, 0x30, 0x0, 0x0, 0x26, 0x0, 0x0,

    /* U+013C "ļ" */
    0xff, 0x0, 0xff, 0x0, 0xff, 0x0, 0xff, 0x0,
    0xff, 0x0, 0xff, 0x0, 0xff, 0x0, 0xff, 0x0,
    0xef, 0x81, 0x6e, 0xf2, 0x29, 0x50, 0x4f, 0x80,
    0xe, 0x30, 0x36, 0x0,

    /* U+013D "Ľ" */
    0xcf, 0x20, 0xc, 0xe0, 0xcf, 0x20, 0xe, 0xa0,
    0xcf, 0x20, 0xf, 0x70, 0xcf, 0x20, 0x2f, 0x40,
    0xcf, 0x20, 0x0, 0x0, 0xcf, 0x20, 0x0, 0x0,
    0xcf, 0x20, 0x0, 0x0, 0xcf, 0x20, 0x0, 0x0,
    0xcf, 0xda, 0xaa, 0xa2, 0xcf, 0xff, 0xff, 0xf3,

    /* U+013E "ľ" */
    0xff, 0xd, 0xcf, 0xf0, 0xf9, 0xff, 0x1f, 0x6f,
    0xf3, 0xf3, 0xff, 0x0, 0xf, 0xf0, 0x0, 0xff,
    0x0, 0xf, 0xf0, 0x0, 0xef, 0x81, 0x6, 0xef,
    0x20,

    /* U+013F "Ŀ" */
    0xe8, 0x0, 0x0, 0xe, 0x80, 0x0, 0x0, 0xe8,
    0x0, 0x0, 0xe, 0x80, 0x0, 0x0, 0xe8, 0x0,
    0x0, 0xe, 0x80, 0x7e, 0x0, 0xe8, 0x3, 0x70,
    0xe, 0x80, 0x0, 0x0, 0xe8, 0x0, 0x0, 0xe,
    0xa4, 0x44, 0x43, 0xef, 0xff, 0xff, 0xd0,

    /* U+0140 "ŀ" */
    0xf5, 0x0, 0xf5, 0x0, 0xf5, 0x0, 0xf5, 0x0,
    0xf5, 0x0, 0xf5, 0xab, 0xf5, 0x55, 0xf5, 0x0,
    0xf5, 0x0, 0xf5, 0x0, 0xf5, 0x0,

    /* U+0141 "Ł" */
    0xc, 0xf2, 0x0, 0x0, 0x0, 0xcf, 0x20, 0x0,
    0x0, 0xc, 0xf2, 0x0, 0x0, 0x0, 0xcf, 0x9d,
    0x40, 0x0, 0x1f, 0xff, 0x60, 0x0, 0xd, 0xff,
    0x20, 0x0, 0x0, 0x3c, 0xf2, 0x0, 0x0, 0x0,
    0xcf, 0x20, 0x0, 0x0, 0xc, 0xfd, 0xaa, 0xaa,
    0x20, 0xcf, 0xff, 0xff, 0xf3,

    /* U+0142 "ł" */
    0xf, 0xf0, 0x0, 0xff, 0x0, 0xf, 0xf0, 0x0,
    0xff, 0xb4, 0x8f, 0xf7, 0x1a, 0xff, 0x0, 0xf,
    0xf0, 0x0, 0xff, 0x0, 0xe, 0xf8, 0x10, 0x6e,
    0xf2,

    /* U+0143 "Ń" */
    0x0, 0x0, 0x1, 0x0, 0x0, 0x0, 0x0, 0x7f,
    0x50, 0x0, 0x0, 0x0, 0xeb, 0x0, 0x0, 0x0,
    0x0, 0x0, 0x0, 0x0, 0xcf, 0xc0, 0x0, 0xf,
    0xf0, 0xcf, 0xf6, 0x0, 0xf, 0xf0, 0xcf, 0xfe,
    0x10, 0xf, 0xf0, 0xcf, 0x7f, 0x90, 0xf, 0xf0,
    0xcf, 0x2b, 0xf3, 0xf, 0xf0, 0xcf, 0x22, 0xfd,
    0xf, 0xf0, 0xcf, 0x20, 0x7f, 0x7f, 0xf0, 0xcf,
    0x20, 0xd, 0xff, 0xf0, 0xcf, 0x20, 0x3, 0xff,
    0xf0, 0xcf, 0x20, 0x0, 0x9f, 0xf0,

    /* U+0144 "ń" */
    0x0, 0xa, 0xf3, 0x0, 0x1, 0xf8, 0x0, 0x0,
    0x1, 0x0, 0xf, 0xc5, 0xdf, 0xb1, 0xff, 0xc6,
    0xbf, 0xaf, 0xf2, 0x1, 0xfe, 0xff, 0x0, 0xf,
    0xff, 0xf0, 0x0, 0xff, 0xff, 0x0, 0xf, 0xff,
    0xf0, 0x0, 0xff, 0xff, 0x0, 0xf, 0xf0,

    /* U+0145 "Ņ" */
    0xcf, 0xc0, 0x0, 0xf, 0xf0, 0xcf, 0xf6, 0x0,
    0xf, 0xf0, 0xcf, 0xfe, 0x10, 0xf, 0xf0, 0xcf,
    0x7f, 0x90, 0xf, 0xf0, 0xcf, 0x2b, 0xf3, 0xf,
    0xf0, 0xcf, 0x22, 0xfd, 0xf, 0xf0, 0xcf, 0x20,
    0x7f, 0x7f, 0xf0, 0xcf, 0x20, 0xd, 0xff, 0xf0,
    0xcf, 0x20, 0x3, 0xff, 0xf0, 0xcf, 0x20, 0x0,
    0x9f, 0xf0, 0x0, 0x2, 0x94, 0x0, 0x0, 0x0,
    0x5, 0xf7, 0x0, 0x0, 0x0, 0x1, 0xf2, 0x0,
    0x0, 0x0, 0x3, 0x50, 0x0, 0x0,

    /* U+0146 "ņ" */
    0xfc, 0x5d, 0xfb, 0x1f, 0xfc, 0x6b, 0xfa, 0xff,
    0x20, 0x1f, 0xef, 0xf0, 0x0, 0xff, 0xff, 0x0,
    0xf, 0xff, 0xf0, 0x0, 0xff, 0xff, 0x0, 0xf,
    0xff, 0xf0, 0x0, 0xff, 0x0, 0x39, 0x30, 0x0,
    0x6, 0xf6, 0x0, 0x0, 0x2f, 0x10, 0x0, 0x4,
    0x50, 0x0,

    /* U+0147 "Ň" */
    0x0, 0x37, 0x3, 0x70, 0x0, 0x0, 0xd, 0xae,
    0x60, 0x0, 0x0, 0x3, 0x86, 0x0, 0x0, 0x0,
    0x0, 0x0, 0x0, 0x0, 0xcf, 0xc0, 0x0, 0xf,
    0xf0, 0xcf, 0xf6, 0x0, 0xf, 0xf0, 0xcf, 0xfe,
    0x10, 0xf, 0xf0, 0xcf, 0x7f, 0x90, 0xf, 0xf0,
    0xcf, 0x2b, 0xf3, 0xf, 0xf0, 0xcf, 0x22, 0xfd,
    0xf, 0xf0, 0xcf, 0x20, 0x7f, 0x7f, 0xf0, 0xcf,
    0x20, 0xd, 0xff, 0xf0, 0xcf, 0x20, 0x3, 0xff,
    0xf0, 0xcf, 0x20, 0x0, 0x9f, 0xf0,

    /* U+0148 "ň" */
    0x9, 0xd1, 0xd9, 0x0, 0x1e, 0xff, 0x10, 0x0,
    0x48, 0x40, 0xf, 0xc5, 0xdf, 0xb1, 0xff, 0xc6,
    0xbf, 0xaf, 0xf2, 0x1, 0xfe, 0xff, 0x0, 0xf,
    0xff, 0xf0, 0x0, 0xff, 0xff, 0x0, 0xf, 0xff,
    0xf0, 0x0, 0xff, 0xff, 0x0, 0xf, 0xf0,

    /* U+0149 "ŉ" */
    0xe, 0x80, 0x0, 0x0, 0x0, 0xa, 0x70, 0x0,
    0x0, 0x0, 0x9, 0x30, 0x0, 0x0, 0x0, 0x3,
    0xf, 0x6c, 0xfd, 0x50, 0x0, 0xf, 0xe3, 0x6,
    0xf2, 0x0, 0xf, 0x70, 0x0, 0xf5, 0x0, 0xf,
    0x50, 0x0, 0xf5, 0x0, 0xf, 0x50, 0x0, 0xf6,
    0x0, 0xf, 0x50, 0x0, 0xf6, 0x0, 0xf, 0x50,
    0x0, 0xf6, 0x0, 0xf, 0x50, 0x0, 0xf6,

    /* U+014A "Ŋ" */
    0xcf, 0xc0, 0x0, 0xf, 0xf0, 0xcf, 0xf6, 0x0,
    0xf, 0xf0, 0xcf, 0xfe, 0x10, 0xf, 0xf0, 0xcf,
    0x7f, 0xa0, 0xf, 0xf0, 0xcf, 0x2b, 0xf3, 0xf,
    0xf0, 0xcf, 0x22, 0xfd, 0xf, 0xf0, 0xcf, 0x20,
    0x7f, 0x7f, 0xf0, 0xcf, 0x20, 0xd, 0xff, 0xf0,
    0xcf, 0x20, 0x3, 0xff, 0xf0, 0xcf, 0x20, 0x0,
    0x9f, 0xf0, 0x0, 0x0, 0x16, 0x7f, 0xe0, 0x0,
    0x0, 0x2f, 0xfd, 0x40,

    /* U+014B "ŋ" */
    0xfc, 0x5d, 0xfb, 0x1f, 0xfc, 0x6b, 0xfa, 0xff,
    0x20, 0x1f, 0xef, 0xf0, 0x0, 0xff, 0xff, 0x0,
    0xf, 0xff, 0xf0, 0x0, 0xff, 0xff, 0x0, 0xf,
    0xff, 0xf0, 0x0, 0xff, 0x0, 0x5, 0x8f, 0xd0,
    0x0, 0xef, 0xc3,

    /* U+014C "Ō" */
    0x0, 0x0, 0x11, 0x11, 0x0, 0x0, 0x0, 0x7f,
    0xff, 0xe0, 0x0, 0x0, 0x2, 0x44, 0x44, 0x0,
    0x0, 0x0, 0x0, 0x0, 0x0, 0x0, 0x0, 0x19,
    0xdf, 0xeb, 0x40, 0x0, 0x2e, 0xfe, 0xbc, 0xff,
    0x80, 0xc, 0xf9, 0x0, 0x3, 0xff, 0x32, 0xfe,
    0x0, 0x0, 0x7, 0xf9, 0x4f, 0xb0, 0x0, 0x0,
    0x4f, 0xb4, 0xfb, 0x0, 0x0, 0x3, 0xfb, 0x2f,
    0xe0, 0x0, 0x0, 0x7f, 0x90, 0xcf, 0x80, 0x0,
    0x2e, 0xf3, 0x2, 0xef, 0xeb, 0xcf, 0xf8, 0x0,
    0x1, 0x9d, 0xfe, 0xb5, 0x0,

    /* U+014D "ō" */
    0x0, 0xaf, 0xff, 0xb0, 0x0, 0x4, 0x66, 0x64,
    0x0, 0x0, 0x7d, 0xfd, 0x80, 0x0, 0xaf, 0xd9,
    0xdf, 0xa0, 0x2f, 0xe0, 0x0, 0xdf, 0x35, 0xfa,
    0x0, 0x9, 0xf6, 0x5f, 0xa0, 0x0, 0x9f, 0x62,
    0xfe, 0x0, 0xd, 0xf3, 0xa, 0xfd, 0x9d, 0xfa,
    0x0, 0x7, 0xdf, 0xe8, 0x0,

    /* U+014E "Ŏ" */
    0x0, 0x3, 0xd0, 0x3d, 0x0, 0x0, 0x0, 0x7,
    0xed, 0x40, 0x0, 0x0, 0x0, 0x0, 0x0, 0x0,
    0x0, 0x0, 0x7d, 0xff, 0xb4, 0x0, 0x0, 0xce,
    0x74, 0x49, 0xf7, 0x0, 0x8f, 0x20, 0x0, 0x6,
    0xf3, 0xf, 0x80, 0x0, 0x0, 0xd, 0xa3, 0xf4,
    0x0, 0x0, 0x0, 0x9e, 0x4f, 0x20, 0x0, 0x0,
    0x8, 0xf3, 0xf3, 0x0, 0x0, 0x0, 0x9e, 0xf,
    0x80, 0x0, 0x0, 0xd, 0xa0, 0x8f, 0x20, 0x0,
    0x6, 0xf3, 0x0, 0xce, 0x74, 0x49, 0xf7, 0x0,
    0x0, 0x7d, 0xff, 0xb4, 0x0,

    /* U+014F "ŏ" */
    0x0, 0xd3, 0xd, 0x30, 0x0, 0x3d, 0xe7, 0x0,
    0x0, 0x0, 0x0, 0x0, 0x0, 0x9e, 0xfc, 0x30,
    0xc, 0xd3, 0x29, 0xf2, 0x4f, 0x20, 0x0, 0xd9,
    0x6f, 0x0, 0x0, 0x9c, 0x6f, 0x0, 0x0, 0x9c,
    0x4f, 0x20, 0x0, 0xd9, 0xc, 0xd3, 0x29, 0xf2,
    0x1, 0x9e, 0xfb, 0x30,

    /* U+0150 "Ő" */
    0x0, 0x0, 0x9f, 0x6f, 0xb0, 0x0, 0x0, 0x1f,
    0x99, 0xe1, 0x0, 0x0, 0x0, 0x10, 0x0, 0x0,
    0x0, 0x0, 0x0, 0x0, 0x0, 0x0, 0x0, 0x19,
    0xdf, 0xeb, 0x40, 0x0, 0x2e, 0xfe, 0xbc, 0xff,
    0x80, 0xc, 0xf9, 0x0, 0x3, 0xff, 0x32, 0xfe,
    0x0, 0x0, 0x7, 0xf9, 0x4f, 0xb0, 0x0, 0x0,
    0x4f, 0xb4, 0xfb, 0x0, 0x0, 0x3, 0xfb, 0x2f,
    0xe0, 0x0, 0x0, 0x7f, 0x90, 0xcf, 0x80, 0x0,
    0x2e, 0xf3, 0x2, 0xef, 0xeb, 0xcf, 0xf8, 0x0,
    0x1, 0x9d, 0xfe, 0xb5, 0x0,

    /* U+0151 "ő" */
    0x0, 0xc, 0xf7, 0xf7, 0x0, 0x3, 0xf6, 0xcd,
    0x0, 0x0, 0x1, 0x1, 0x0, 0x0, 0x7, 0xdf,
    0xd8, 0x0, 0xa, 0xfd, 0x9d, 0xfa, 0x2, 0xfe,
    0x0, 0xd, 0xf3, 0x5f, 0xa0, 0x0, 0x9f, 0x65,
    0xfa, 0x0, 0x9, 0xf6, 0x2f, 0xe0, 0x0, 0xdf,
    0x30, 0xaf, 0xd9, 0xdf, 0xa0, 0x0, 0x7d, 0xfe,
    0x80, 0x0,

    /* U+0152 "Œ" */
    0x0, 0x19, 0xdf, 0xea, 0x2f, 0xff, 0xff, 0xfc,
    0x2, 0xef, 0xfe, 0xff, 0xef, 0xfe, 0xee, 0xeb,
    0xc, 0xfb, 0x10, 0x6, 0xff, 0xf0, 0x0, 0x0,
    0x2f, 0xe0, 0x0, 0x0, 0x9f, 0xf0, 0x0, 0x0,
    0x4f, 0xb0, 0x0, 0x0, 0x4f, 0xff, 0xff, 0xf9,
    0x4f, 0xb0, 0x0, 0x0, 0x4f, 0xfa, 0xaa, 0xa6,
    0x2f, 0xe0, 0x0, 0x0, 0x8f, 0xf0, 0x0, 0x0,
    0xc, 0xfb, 0x10, 0x6, 0xff, 0xf0, 0x0, 0x0,
    0x2, 0xef, 0xfe, 0xff, 0xef, 0xfe, 0xee, 0xec,
    0x0, 0x19, 0xdf, 0xea, 0x2f, 0xff, 0xff, 0xfe,

    /* U+0153 "œ" */
    0x0, 0x7d, 0xfd, 0x80, 0x8e, 0xfd, 0x60, 0x0,
    0xaf, 0xd9, 0xdf, 0xff, 0xb8, 0xdf, 0x70, 0x2f,
    0xe0, 0x0, 0xff, 0xe0, 0x1, 0xef, 0x5, 0xfa,
    0x0, 0xf, 0xff, 0xff, 0xff, 0xf2, 0x5f, 0xa0,
    0x0, 0xff, 0xf3, 0x33, 0x33, 0x2, 0xfe, 0x0,
    0xf, 0xff, 0x0, 0x9, 0x90, 0xa, 0xfd, 0x9d,
    0xff, 0xfc, 0x8d, 0xf7, 0x0, 0x7, 0xdf, 0xe8,
    0x18, 0xef, 0xd6, 0x0,

    /* U+0154 "Ŕ" */
    0x0, 0x0, 0x1, 0x0, 0x0, 0x0, 0x1f, 0xb0,
    0x0, 0x0, 0x8, 0xf2, 0x0, 0x0, 0x0, 0x0,
    0x0, 0x0, 0xcf, 0xff, 0xfe, 0xa2, 0xc, 0xfb,
    0xaa, 0xdf, 0xe1, 0xcf, 0x20, 0x0, 0xcf, 0x5c,
    0xf2, 0x0, 0xc, 0xf4, 0xcf, 0xba, 0xad, 0xfa,
    0xc, 0xff, 0xff, 0xfe, 0x60, 0xcf, 0x20, 0x2,
    0xef, 0x1c, 0xf2, 0x0, 0xa, 0xf4, 0xcf, 0x20,
    0x0, 0x9f, 0x5c, 0xf2, 0x0, 0x8, 0xf7,

    /* U+0155 "ŕ" */
    0x0, 0xde, 0x0, 0x5f, 0x40, 0x0, 0x0, 0xf,
    0xd7, 0xf8, 0xff, 0xea, 0x5f, 0xf3, 0x0, 0xff,
    0x0, 0xf, 0xf0, 0x0, 0xff, 0x0, 0xf, 0xf0,
    0x0, 0xff, 0x0, 0x0,

    /* U+0156 "Ŗ" */
    0xcf, 0xff, 0xfe, 0xa2, 0xc, 0xfb, 0xaa, 0xdf,
    0xe1, 0xcf, 0x20, 0x0, 0xbf, 0x5c, 0xf2, 0x0,
    0x2d, 0xf4, 0xcf, 0xff, 0xff, 0xfa, 0xc, 0xfb,
    0xaa, 0xde, 0x60, 0xcf, 0x20, 0x0, 0xdf, 0x1c,
    0xf2, 0x0, 0xa, 0xf4, 0xcf, 0x20, 0x0, 0x9f,
    0x5c, 0xf2, 0x0, 0x8, 0xf7, 0x0, 0x5, 0x92,
    0x0, 0x0, 0x0, 0x8f, 0x30, 0x0, 0x0, 0x4,
    0xd0, 0x0, 0x0, 0x0, 0x53, 0x0, 0x0,

    /* U+0157 "ŗ" */
    0xf, 0xd7, 0xf8, 0xf, 0xfe, 0xa5, 0xf, 0xf3,
    0x0, 0xf, 0xf0, 0x0, 0xf, 0xf0, 0x0, 0xf,
    0xf0, 0x0, 0xf, 0xf0, 0x0, 0xf, 0xf0, 0x0,
    0x8, 0x80, 0x0, 0xe, 0xe0, 0x0, 0xa, 0x80,
    0x0, 0x7, 0x10, 0x0,

    /* U+0158 "Ř" */
    0x0, 0x72, 0x7, 0x20, 0x0, 0x8, 0xdb, 0xc0,
    0x0, 0x0, 0x7, 0x82, 0x0, 0x0, 0x0, 0x0,
    0x0, 0x0, 0xcf, 0xff, 0xfe, 0xa2, 0xc, 0xfb,
    0xaa, 0xdf, 0xe1, 0xcf, 0x20, 0x0, 0xcf, 0x5c,
    0xf2, 0x0, 0xc, 0xf4, 0xcf, 0xba, 0xad, 0xfa,
    0xc, 0xff, 0xff, 0xfe, 0x60, 0xcf, 0x20, 0x2,
    0xef, 0x1c, 0xf2, 0x0, 0xa, 0xf4, 0xcf, 0x20,
    0x0, 0x9f, 0x5c, 0xf2, 0x0, 0x8, 0xf7,

    /* U+0159 "ř" */
    0xc, 0xb2, 0xf6, 0x3, 0xff, 0xd0, 0x0, 0x68,
    0x30, 0xf, 0xd7, 0xf8, 0xf, 0xfe, 0xa5, 0xf,
    0xf3, 0x0, 0xf, 0xf0, 0x0, 0xf, 0xf0, 0x0,
    0xf, 0xf0, 0x0, 0xf, 0xf0, 0x0, 0xf, 0xf0,
    0x0,

    /* U+015A "Ś" */
    0x0, 0x0, 0x5f, 0x80, 0x0, 0x0, 0x0, 0xcd,
    0x0, 0x0, 0x0, 0x0, 0x0, 0x0, 0x0, 0x0,
    0x0, 0x0, 0x0, 0x0, 0x0, 0x7d, 0xff, 0xb4,
    0x0, 0x9, 0xfe, 0xac, 0xff, 0x40, 0xf, 0xf2,
    0x0, 0x5f, 0xd0, 0xd, 0xf5, 0x0, 0x4, 0x40,
    0x3, 0xef, 0xea, 0x61, 0x0, 0x0, 0x3, 0x7b,
    0xff, 0x60, 0x17, 0x60, 0x0, 0x2f, 0xf1, 0xf,
    0xf4, 0x0, 0xe, 0xf2, 0x6, 0xff, 0xca, 0xef,
    0xc0, 0x0, 0x4b, 0xff, 0xd9, 0x10,

    /* U+015B "ś" */
    0x0, 0x1, 0xfc, 0x0, 0x0, 0x7, 0xf2, 0x0,
    0x0, 0x0, 0x0, 0x0, 0x2, 0xbe, 0xfd, 0x60,
    0xe, 0xf9, 0x7d, 0xf5, 0x1f, 0xe0, 0x3, 0xa6,
    0xc, 0xfd, 0x95, 0x10, 0x0, 0x59, 0xdf, 0xf3,
    0x3a, 0x60, 0x7, 0xfa, 0x1f, 0xf9, 0x7c, 0xf7,
    0x3, 0xbf, 0xfd, 0x80,

    /* U+015C "Ŝ" */
    0x0, 0x2, 0x87, 0x0, 0x0, 0x0, 0xc, 0xbd,
    0x80, 0x0, 0x0, 0x27, 0x2, 0x70, 0x0, 0x0,
    0x0, 0x0, 0x0, 0x0, 0x0, 0x7d, 0xff, 0xb4,
    0x0, 0x9, 0xfe, 0xac, 0xff, 0x40, 0xf, 0xf2,
    0x0, 0x5f, 0xd0, 0xd, 0xf5, 0x0, 0x4, 0x40,
    0x3, 0xef, 0xea, 0x61, 0x0, 0x0, 0x3, 0x7b,
    0xff, 0x60, 0x17, 0x60, 0x0, 0x2f, 0xf1, 0xf,
    0xf4, 0x0, 0xe, 0xf2, 0x6, 0xff, 0xca, 0xef,
    0xc0, 0x0, 0x4b, 0xff, 0xd9, 0x10,

    /* U+015D "ŝ" */
    0x0, 0x2f, 0xf6, 0x0, 0x0, 0xbd, 0xae, 0x10,
    0x0, 0x62, 0x5, 0x20, 0x2, 0xbe, 0xfd, 0x60,
    0xe, 0xf9, 0x7d, 0xf5, 0x1f, 0xe0, 0x3, 0xa6,
    0xc, 0xfd, 0x95, 0x10, 0x0, 0x59, 0xdf, 0xf3,
    0x3a, 0x60, 0x7, 0xfa, 0x1f, 0xf9, 0x7c, 0xf7,
    0x3, 0xbf, 0xfd, 0x80,

    /* U+015E "Ş" */
    0x0, 0x7d, 0xff, 0xb4, 0x0, 0x9, 0xfe, 0xac,
    0xff, 0x40, 0xf, 0xf2, 0x0, 0x5f, 0xd0, 0xd,
    0xf5, 0x0, 0x4, 0x40, 0x3, 0xef, 0xea, 0x61,
    0x0, 0x0, 0x3, 0x7b, 0xff, 0x60, 0x17, 0x60,
    0x0, 0x2f, 0xf1, 0xf, 0xf4, 0x0, 0xe, 0xf2,
    0x6, 0xff, 0xca, 0xef, 0xc0, 0x0, 0x4b, 0xff,
    0xd9, 0x10, 0x0, 0x0, 0x9d, 0x40, 0x0, 0x0,
    0x4, 0x27, 0xc0, 0x0, 0x0, 0x5, 0xee, 0x50,
    0x0,

    /* U+015F "ş" */
    0x2, 0xbe, 0xfd, 0x60, 0xe, 0xf9, 0x7d, 0xf5,
    0x1f, 0xe0, 0x3, 0xa6, 0xc, 0xfd, 0x95, 0x10,
    0x0, 0x59, 0xdf, 0xf3, 0x3a, 0x60, 0x7, 0xfa,
    0x1f, 0xf9, 0x7c, 0xf7, 0x3, 0xbf, 0xfd, 0x80,
    0x0, 0x8, 0xd5, 0x0, 0x0, 0x33, 0x5e, 0x0,
    0x0, 0x4e, 0xe7, 0x0,

    /* U+0160 "Š" */
    0x0, 0x4f, 0x26, 0xf0, 0x0, 0x0, 0xd, 0xbe,
    0x80, 0x0, 0x0, 0x5, 0xff, 0x10, 0x0, 0x0,
    0x0, 0x11, 0x0, 0x0, 0x0, 0x7d, 0xff, 0xd7,
    0x0, 0x9, 0xfe, 0xab, 0xef, 0xa0, 0xf, 0xf2,
    0x0, 0x4, 0x40, 0xd, 0xf5, 0x0, 0x0, 0x0,
    0x3, 0xef, 0xea, 0x61, 0x0, 0x0, 0x3, 0x7b,
    0xff, 0x60, 0x1c, 0xb0, 0x0, 0x2f, 0xf1, 0xe,
    0xf5, 0x0, 0xe, 0xf2, 0x4, 0xff, 0xca, 0xef,
    0xc0, 0x0, 0x3b, 0xef, 0xd9, 0x10,

    /* U+0161 "š" */
    0x0, 0xd8, 0x3f, 0x30, 0x0, 0x4f, 0xf9, 0x0,
    0x0, 0x3, 0x40, 0x0, 0x2, 0xbe, 0xfd, 0x60,
    0xe, 0xf9, 0x7d, 0xf6, 0x1f, 0xe0, 0x2, 0x85,
    0xc, 0xfd, 0x95, 0x10, 0x0, 0x59, 0xdf, 0xf3,
    0x3a, 0x70, 0x7, 0xfa, 0x1f, 0xf9, 0x7c, 0xf7,
    0x3, 0xbe, 0xfd, 0x80,

    /* U+0162 "Ţ" */
    0xdf, 0xff, 0xff, 0xff, 0x98, 0xaa, 0xdf, 0xca,
    0xa6, 0x0, 0x9, 0xf5, 0x0, 0x0, 0x0, 0x9f,
    0x50, 0x0, 0x0, 0x9, 0xf5, 0x0, 0x0, 0x0,
    0x9f, 0x50, 0x0, 0x0, 0x9, 0xf5, 0x0, 0x0,
    0x0, 0x9f, 0x50, 0x0, 0x0, 0x9, 0xf5, 0x0,
    0x0, 0x0, 0x9f, 0x50, 0x0, 0x0, 0x6, 0xe4,
    0x0, 0x0, 0x1, 0x35, 0xf0, 0x0, 0x0, 0x2d,
    0xe9, 0x0, 0x0,

    /* U+0163 "ţ" */
    0x0, 0x86, 0x0, 0x1, 0xfd, 0x0, 0x5f, 0xff,
    0xff, 0x28, 0xff, 0x77, 0x1, 0xfd, 0x0, 0x1,
    0xfd, 0x0, 0x1, 0xfd, 0x0, 0x0, 0xfd, 0x0,
    0x0, 0xff, 0x87, 0x0, 0x5f, 0xff, 0x0, 0xf,
    0x80, 0x0, 0x43, 0xd6, 0x0, 0x9f, 0xc2,

    /* U+0164 "Ť" */
    0x0, 0x64, 0x6, 0x40, 0x0, 0x4, 0xf9, 0xe1,
    0x0, 0x0, 0x6, 0x84, 0x0, 0x0, 0x0, 0x0,
    0x0, 0x0, 0xdf, 0xff, 0xff, 0xff, 0x98, 0xaa,
    0xdf, 0xca, 0xa6, 0x0, 0x9, 0xf5, 0x0, 0x0,
    0x0, 0x9f, 0x50, 0x0, 0x0, 0x9, 0xf5, 0x0,
    0x0, 0x0, 0x9f, 0x50, 0x0, 0x0, 0x9, 0xf5,
    0x0, 0x0, 0x0, 0x9f, 0x50, 0x0, 0x0, 0x9,
    0xf5, 0x0, 0x0, 0x0, 0x9f, 0x50, 0x0,

    /* U+0165 "ť" */
    0x0, 0x0, 0x4, 0x30, 0x0, 0x0, 0xf9, 0x0,
    0x86, 0x1f, 0x50, 0x1f, 0xd3, 0xf1, 0x5f, 0xff,
    0xff, 0x2, 0x8f, 0xf7, 0x70, 0x1, 0xfd, 0x0,
    0x0, 0x1f, 0xd0, 0x0, 0x1, 0xfd, 0x0, 0x0,
    0xf, 0xd0, 0x0, 0x0, 0xff, 0x87, 0x0, 0x5,
    0xef, 0xf0,

    /* U+0166 "Ŧ" */
    0xdf, 0xff, 0xff, 0xff, 0x98, 0xaa, 0xdf, 0xca,
    0xa6, 0x0, 0x9, 0xf5, 0x0, 0x0, 0x0, 0x9f,
    0x50, 0x0, 0x4, 0x8f, 0xfd, 0x82, 0x0, 0x8f,
    0xff, 0xff, 0x40, 0x0, 0x9, 0xf5, 0x0, 0x0,
    0x0, 0x9f, 0x50, 0x0, 0x0, 0x9, 0xf5, 0x0,
    0x0, 0x0, 0x9f, 0x50, 0x0,

    /* U+0167 "ŧ" */
    0x0, 0x86, 0x0, 0x1, 0xfd, 0x0, 0x5f, 0xff,
    0xff, 0x28, 0xff, 0x77, 0x1, 0xfd, 0x0, 0x4f,
    0xff, 0xfc, 0x4, 0xff, 0x32, 0x0, 0xfd, 0x0,
    0x0, 0xff, 0x87, 0x0, 0x5e, 0xff,

    /* U+0168 "Ũ" */
    0x0, 0xa, 0xe5, 0x6a, 0x0, 0x0, 0x2e, 0x4e,
    0xf4, 0x0, 0x0, 0x1, 0x0, 0x10, 0x0, 0x0,
    0x0, 0x0, 0x0, 0x0, 0xf, 0xe0, 0x0, 0x7,
    0xf8, 0xf, 0xe0, 0x0, 0x7, 0xf8, 0xf, 0xe0,
    0x0, 0x7, 0xf8, 0xf, 0xe0, 0x0, 0x7, 0xf8,
    0xf, 0xe0, 0x0, 0x7, 0xf8, 0xf, 0xe0, 0x0,
    0x7, 0xf8, 0xf, 0xf0, 0x0, 0x7, 0xf7, 0xd,
    0xf5, 0x0, 0xd, 0xf4, 0x4, 0xff, 0xcb, 0xef,
    0xc0, 0x0, 0x4b, 0xef, 0xd8, 0x0,

    /* U+0169 "ũ" */
    0xc, 0xff, 0xf9, 0x0, 0x22, 0x21, 0x0, 0xff,
    0x0, 0xf, 0xef, 0xf0, 0x0, 0xfe, 0xff, 0x0,
    0xf, 0xef, 0xf0, 0x0, 0xfe, 0xff, 0x0, 0xf,
    0xee, 0xf1, 0x3, 0xfe, 0xaf, 0xc9, 0xef, 0xe1,
    0xbf, 0xd5, 0xde,

    /* U+016A "Ū" */
    0x0, 0x1, 0x11, 0x10, 0x0, 0x0, 0xe, 0xff,
    0xf6, 0x0, 0x0, 0x4, 0x44, 0x41, 0x0, 0x0,
    0x0, 0x0, 0x0, 0x0, 0xf, 0xe0, 0x0, 0x7,
    0xf8, 0xf, 0xe0, 0x0, 0x7, 0xf8, 0xf, 0xe0,
    0x0, 0x7, 0xf8, 0xf, 0xe0, 0x0, 0x7, 0xf8,
    0xf, 0xe0, 0x0, 0x7, 0xf8, 0xf, 0xe0, 0x0,
    0x7, 0xf8, 0xf, 0xf0, 0x0, 0x7, 0xf7, 0xd,
    0xf5, 0x0, 0xd, 0xf4, 0x4, 0xff, 0xcb, 0xef,
    0xc0, 0x0, 0x4b, 0xef, 0xd8, 0x0,

    /* U+016B "ū" */
    0xb, 0xff, 0xf9, 0x0, 0x46, 0x66, 0x40, 0xff,
    0x0, 0xf, 0xef, 0xf0, 0x0, 0xfe, 0xff, 0x0,
    0xf, 0xef, 0xf0, 0x0, 0xfe, 0xff, 0x0, 0xf,
    0xee, 0xf1, 0x3, 0xfe, 0xaf, 0xc9, 0xef, 0xe1,
    0xbf, 0xd5, 0xde,

    /* U+016C "Ŭ" */
    0x0, 0x7, 0x30, 0x63, 0x0, 0x0, 0x8, 0xff,
    0xd1, 0x0, 0x0, 0x0, 0x1, 0x0, 0x0, 0x0,
    0x0, 0x0, 0x0, 0x0, 0xf, 0xe0, 0x0, 0x7,
    0xf8, 0xf, 0xe0, 0x0, 0x7, 0xf8, 0xf, 0xe0,
    0x0, 0x7, 0xf8, 0xf, 0xe0, 0x0, 0x7, 0xf8,
    0xf, 0xe0, 0x0, 0x7, 0xf8, 0xf, 0xe0, 0x0,
    0x7, 0xf8, 0xf, 0xf0, 0x0, 0x7, 0xf7, 0xd,
    0xf5, 0x0, 0xd, 0xf4, 0x4, 0xff, 0xcb, 0xef,
    0xc0, 0x0, 0x4b, 0xef, 0xd8, 0x0,

    /* U+016D "ŭ" */
    0xb, 0x80, 0xa9, 0x0, 0x3e, 0xfd, 0x20, 0x0,
    0x1, 0x0, 0xf, 0xf0, 0x0, 0xfe, 0xff, 0x0,
    0xf, 0xef, 0xf0, 0x0, 0xfe, 0xff, 0x0, 0xf,
    0xef, 0xf0, 0x0, 0xfe, 0xef, 0x10, 0x3f, 0xea,
    0xfc, 0x9e, 0xfe, 0x1b, 0xfd, 0x5d, 0xe0,

    /* U+016E "Ů" */
    0x0, 0x0, 0xbd, 0x40, 0x0, 0x0, 0x3, 0xc5,
    0xa0, 0x0, 0x0, 0x0, 0xad, 0x40, 0x0, 0x0,
    0x0, 0x0, 0x0, 0x0, 0xf, 0xe0, 0x0, 0x7,
    0xf8, 0xf, 0xe0, 0x0, 0x7, 0xf8, 0xf, 0xe0,
    0x0, 0x7, 0xf8, 0xf, 0xe0, 0x0, 0x7, 0xf8,
    0xf, 0xe0, 0x0, 0x7, 0xf8, 0xf, 0xe0, 0x0,
    0x7, 0xf8, 0xf, 0xf0, 0x0, 0x7, 0xf7, 0xd,
    0xf5, 0x0, 0xd, 0xf4, 0x4, 0xff, 0xcb, 0xef,
    0xc0, 0x0, 0x4b, 0xef, 0xd8, 0x0,

    /* U+016F "ů" */
    0x0, 0x8e, 0x60, 0x0, 0xf, 0x2d, 0x0, 0x0,
    0x8e, 0x60, 0x0, 0x0, 0x0, 0x0, 0xff, 0x0,
    0xf, 0xef, 0xf0, 0x0, 0xfe, 0xff, 0x0, 0xf,
    0xef, 0xf0, 0x0, 0xfe, 0xff, 0x0, 0xf, 0xee,
    0xf1, 0x3, 0xfe, 0xaf, 0xc9, 0xef, 0xe1, 0xbf,
    0xd5, 0xde,

    /* U+0170 "Ű" */
    0x0, 0x1, 0xfc, 0xaf, 0x30, 0x0, 0x8, 0xf3,
    0xf8, 0x0, 0x0, 0x0, 0x0, 0x10, 0x0, 0x0,
    0x0, 0x0, 0x0, 0x0, 0xf, 0xe0, 0x0, 0x7,
    0xf8, 0xf, 0xe0, 0x0, 0x7, 0xf8, 0xf, 0xe0,
    0x0, 0x7, 0xf8, 0xf, 0xe0, 0x0, 0x7, 0xf8,
    0xf, 0xe0, 0x0, 0x7, 0xf8, 0xf, 0xe0, 0x0,
    0x7, 0xf8, 0xf, 0xf0, 0x0, 0x7, 0xf7, 0xd,
    0xf5, 0x0, 0xd, 0xf4, 0x4, 0xff, 0xcb, 0xef,
    0xc0, 0x0, 0x4b, 0xef, 0xd8, 0x0,

    /* U+0171 "ű" */
    0x0, 0xde, 0x7f, 0x60, 0x5f, 0x5d, 0xb0, 0x0,
    0x0, 0x10, 0xf, 0xf0, 0x0, 0xfe, 0xff, 0x0,
    0xf, 0xef, 0xf0, 0x0, 0xfe, 0xff, 0x0, 0xf,
    0xef, 0xf0, 0x0, 0xfe, 0xef, 0x10, 0x3f, 0xea,
    0xfc, 0x9e, 0xfe, 0x1b, 0xfd, 0x5d, 0xe0,

    /* U+0172 "Ų" */
    0xf, 0xe0, 0x0, 0x7, 0xf8, 0xf, 0xe0, 0x0,
    0x7, 0xf8, 0xf, 0xe0, 0x0, 0x7, 0xf8, 0xf,
    0xe0, 0x0, 0x7, 0xf8, 0xf, 0xe0, 0x0, 0x7,
    0xf8, 0xf, 0xe0, 0x0, 0x7, 0xf8, 0xf, 0xf0,
    0x0, 0x7, 0xf7, 0xd, 0xf5, 0x0, 0xd, 0xf4,
    0x4, 0xff, 0xcb, 0xef, 0xc0, 0x0, 0x4b, 0xef,
    0xf8, 0x0, 0x0, 0x0, 0x1f, 0x70, 0x0, 0x0,
    0x0, 0x8f, 0x20, 0x0, 0x0, 0x0, 0x6f, 0xf5,
    0x0, 0x0, 0x0, 0x1, 0x20, 0x0,

    /* U+0173 "ų" */
    0xff, 0x0, 0xf, 0xe0, 0xff, 0x0, 0xf, 0xe0,
    0xff, 0x0, 0xf, 0xe0, 0xff, 0x0, 0xf, 0xe0,
    0xff, 0x0, 0xf, 0xe0, 0xef, 0x10, 0x3f, 0xe0,
    0xaf, 0xc9, 0xef, 0xe0, 0x1b, 0xfd, 0x5f, 0xf0,
    0x0, 0x0, 0x2f, 0x60, 0x0, 0x0, 0x8f, 0x10,
    0x0, 0x0, 0x7f, 0xf4, 0x0, 0x0, 0x2, 0x20,

    /* U+0174 "Ŵ" */
    0x0, 0x0, 0x0, 0x58, 0x40, 0x0, 0x0, 0x0,
    0x0, 0x0, 0x3f, 0x9f, 0x20, 0x0, 0x0, 0x0,
    0x0, 0x6, 0x50, 0x65, 0x0, 0x0, 0x0, 0x0,
    0x0, 0x0, 0x0, 0x0, 0x0, 0x0, 0x4f, 0xb0,
    0x0, 0x9f, 0x70, 0x0, 0xef, 0x20, 0xff, 0x0,
    0xd, 0xfb, 0x0, 0x2f, 0xe0, 0xb, 0xf4, 0x2,
    0xff, 0xf0, 0x6, 0xf9, 0x0, 0x7f, 0x80, 0x6f,
    0xcf, 0x40, 0xaf, 0x40, 0x2, 0xfc, 0xa, 0xf4,
    0xf8, 0xe, 0xf0, 0x0, 0xd, 0xf1, 0xec, 0xe,
    0xc2, 0xfb, 0x0, 0x0, 0x9f, 0x7f, 0x80, 0xaf,
    0x8f, 0x70, 0x0, 0x4, 0xff, 0xf4, 0x6, 0xff,
    0xf2, 0x0, 0x0, 0xf, 0xff, 0x0, 0x1f, 0xfe,
    0x0, 0x0, 0x0, 0xbf, 0xb0, 0x0, 0xdf, 0x90,
    0x0,

    /* U+0175 "ŵ" */
    0x0, 0x0, 0xe, 0xf9, 0x0, 0x0, 0x0, 0x0,
    0x9, 0xe8, 0xf3, 0x0, 0x0, 0x0, 0x0, 0x42,
    0x3, 0x20, 0x0, 0x8, 0xf6, 0x0, 0xbf, 0x40,
    0xd, 0xf1, 0x3f, 0xa0, 0xf, 0xf8, 0x1, 0xfc,
    0x0, 0xee, 0x4, 0xff, 0xd0, 0x5f, 0x80, 0xa,
    0xf3, 0x8f, 0x8f, 0x1a, 0xf3, 0x0, 0x5f, 0x7c,
    0xb2, 0xf6, 0xee, 0x0, 0x0, 0xfd, 0xf7, 0xd,
    0xcf, 0x90, 0x0, 0xb, 0xff, 0x20, 0x9f, 0xf4,
    0x0, 0x0, 0x6f, 0xd0, 0x4, 0xff, 0x0, 0x0,

    /* U+0176 "Ŷ" */
    0x0, 0x0, 0x36, 0x40, 0x0, 0x0, 0x0, 0xd,
    0xdf, 0x20, 0x0, 0x0, 0x7, 0xd0, 0xba, 0x0,
    0x0, 0x0, 0x0, 0x0, 0x0, 0x0, 0xc, 0xf5,
    0x0, 0x3, 0xfe, 0x10, 0x3f, 0xe0, 0x0, 0xcf,
    0x50, 0x0, 0x9f, 0x90, 0x5f, 0xc0, 0x0, 0x0,
    0xef, 0x3e, 0xf2, 0x0, 0x0, 0x5, 0xff, 0xf8,
    0x0, 0x0, 0x0, 0xb, 0xfe, 0x0, 0x0, 0x0,
    0x0, 0x6f, 0x90, 0x0, 0x0, 0x0, 0x6, 0xf9,
    0x0, 0x0, 0x0, 0x0, 0x6f, 0x90, 0x0, 0x0,
    0x0, 0x6, 0xf9, 0x0, 0x0,

    /* U+0177 "ŷ" */
    0x0, 0x7, 0x83, 0x0, 0x0, 0x7, 0xe9, 0xe1,
    0x0, 0x0, 0x41, 0x3, 0x20, 0x8, 0xf7, 0x0,
    0xe, 0xf1, 0x2f, 0xc0, 0x3, 0xfa, 0x0, 0xcf,
    0x20, 0x8f, 0x50, 0x6, 0xf7, 0xd, 0xe0, 0x0,
    0x1f, 0xc2, 0xf9, 0x0, 0x0, 0xbf, 0x9f, 0x30,
    0x0, 0x5, 0xff, 0xd0, 0x0, 0x0, 0xf, 0xf8,
    0x0, 0x0, 0x27, 0xbf, 0x20, 0x0, 0x6, 0xff,
    0x70, 0x0, 0x0,

    /* U+0178 "Ÿ" */
    0x0, 0xd, 0xf0, 0xdf, 0x0, 0x0, 0x0, 0x9a,
    0x8, 0xa0, 0x0, 0x0, 0x0, 0x0, 0x0, 0x0,
    0x0, 0xcf, 0x50, 0x0, 0x3f, 0xe1, 0x3, 0xfe,
    0x0, 0xc, 0xf5, 0x0, 0x9, 0xf9, 0x5, 0xfc,
    0x0, 0x0, 0xe, 0xf3, 0xef, 0x20, 0x0, 0x0,
    0x5f, 0xff, 0x80, 0x0, 0x0, 0x0, 0xbf, 0xe0,
    0x0, 0x0, 0x0, 0x6, 0xf9, 0x0, 0x0, 0x0,
    0x0, 0x6f, 0x90, 0x0, 0x0, 0x0, 0x6, 0xf9,
    0x0, 0x0, 0x0, 0x0, 0x6f, 0x90, 0x0, 0x0,

    /* U+0179 "Ź" */
    0x0, 0x0, 0x1, 0x0, 0x0, 0x0, 0xc, 0xf1,
    0x0, 0x0, 0x3, 0xf6, 0x0, 0x0, 0x0, 0x0,
    0x0, 0x0, 0x6f, 0xff, 0xff, 0xff, 0x13, 0xaa,
    0xaa, 0xcf, 0xf0, 0x0, 0x0, 0x1e, 0xf6, 0x0,
    0x0, 0xb, 0xf9, 0x0, 0x0, 0x8, 0xfc, 0x0,
    0x0, 0x5, 0xfe, 0x10, 0x0, 0x2, 0xff, 0x30,
    0x0, 0x0, 0xdf, 0x60, 0x0, 0x0, 0x8f, 0xfa,
    0xaa, 0xaa, 0x29, 0xff, 0xff, 0xff, 0xf4,

    /* U+017A "ź" */
    0x0, 0x0, 0xee, 0x0, 0x0, 0x5, 0xf4, 0x0,
    0x0, 0x0, 0x0, 0x0, 0x1f, 0xff, 0xff, 0xfa,
    0x7, 0x77, 0x7e, 0xf9, 0x0, 0x0, 0x9f, 0xb0,
    0x0, 0x8, 0xfc, 0x0, 0x0, 0x7f, 0xd1, 0x0,
    0x6, 0xfd, 0x10, 0x0, 0x2f, 0xf9, 0x77, 0x75,
    0x4f, 0xff, 0xff, 0xfc,

    /* U+017B "Ż" */
    0x0, 0x8, 0xf7, 0x0, 0x0, 0x0, 0x5a, 0x40,
    0x0, 0x0, 0x0, 0x0, 0x0, 0x6, 0xff, 0xff,
    0xff, 0xf1, 0x3a, 0xaa, 0xac, 0xff, 0x0, 0x0,
    0x1, 0xef, 0x60, 0x0, 0x0, 0xbf, 0x90, 0x0,
    0x0, 0x8f, 0xc0, 0x0, 0x0, 0x5f, 0xe1, 0x0,
    0x0, 0x2f, 0xf3, 0x0, 0x0, 0xd, 0xf6, 0x0,
    0x0, 0x8, 0xff, 0xaa, 0xaa, 0xa2, 0x9f, 0xff,
    0xff, 0xff, 0x40,

    /* U+017C "ż" */
    0x0, 0xb, 0xf4, 0x0, 0x0, 0x7, 0xa3, 0x0,
    0x1f, 0xff, 0xff, 0xfa, 0x7, 0x77, 0x7e, 0xf9,
    0x0, 0x0, 0x9f, 0xb0, 0x0, 0x8, 0xfc, 0x0,
    0x0, 0x7f, 0xd1, 0x0, 0x6, 0xfd, 0x10, 0x0,
    0x2f, 0xf9, 0x77, 0x75, 0x4f, 0xff, 0xff, 0xfc,

    /* U+017D "Ž" */
    0x0, 0x55, 0x6, 0x50, 0x0, 0x3, 0xf9, 0xf2,
    0x0, 0x0, 0x5, 0x84, 0x0, 0x0, 0x0, 0x0,
    0x0, 0x0, 0x6f, 0xff, 0xff, 0xff, 0x13, 0xaa,
    0xaa, 0xcf, 0xf0, 0x0, 0x0, 0x1e, 0xf6, 0x0,
    0x0, 0xb, 0xf9, 0x0, 0x0, 0x8, 0xfc, 0x0,
    0x0, 0x5, 0xfe, 0x10, 0x0, 0x2, 0xff, 0x30,
    0x0, 0x0, 0xdf, 0x60, 0x0, 0x0, 0x8f, 0xfa,
    0xaa, 0xaa, 0x29, 0xff, 0xff, 0xff, 0xf4,

    /* U+017E "ž" */
    0x0, 0xcb, 0x2f, 0x50, 0x0, 0x3f, 0xfc, 0x0,
    0x0, 0x6, 0x83, 0x0, 0x1f, 0xff, 0xff, 0xfa,
    0x7, 0x77, 0x7e, 0xf9, 0x0, 0x0, 0x9f, 0xb0,
    0x0, 0x8, 0xfc, 0x0, 0x0, 0x7f, 0xd1, 0x0,
    0x6, 0xfd, 0x10, 0x0, 0x2f, 0xf9, 0x77, 0x75,
    0x4f, 0xff, 0xff, 0xfc,

    /* U+017F "ſ" */
    0x5e, 0xf4, 0xea, 0x30, 0xf5, 0x0, 0xf5, 0x0,
    0xf5, 0x0, 0xf5, 0x0, 0xf5, 0x0, 0xf5, 0x0,
    0xf5, 0x0, 0xf5, 0x0, 0xf5, 0x0,

    /* U+0180 "ƀ" */
    0x0, 0xf4, 0x0, 0x0, 0x3, 0xff, 0xff, 0x50,
    0x0, 0x2, 0xf6, 0x20, 0x0, 0x0, 0xf, 0x8c,
    0xfc, 0x30, 0x0, 0xff, 0x52, 0x9f, 0x10, 0xf,
    0x70, 0x0, 0xe8, 0x0, 0xf3, 0x0, 0xa, 0xa0,
    0xf, 0x30, 0x0, 0xba, 0x0, 0xf6, 0x0, 0xe,
    0x70, 0xf, 0xe4, 0x2a, 0xe1, 0x0, 0xf6, 0xdf,
    0xc2, 0x0,

    /* U+0181 "Ɓ" */
    0x7e, 0xff, 0xff, 0xfd, 0x70, 0xf, 0x8d, 0xb4,
    0x45, 0x8f, 0x60, 0xf3, 0xca, 0x0, 0x0, 0xbb,
    0x0, 0xc, 0xa0, 0x0, 0xa, 0xa0, 0x0, 0xca,
    0x0, 0x14, 0xd2, 0x0, 0xc, 0xff, 0xff, 0xfc,
    0x30, 0x0, 0xcb, 0x33, 0x46, 0xee, 0x0, 0xc,
    0xa0, 0x0, 0x4, 0xf4, 0x0, 0xca, 0x0, 0x0,
    0x4f, 0x30, 0xc, 0xb4, 0x44, 0x6e, 0xc0, 0x0,
    0xcf, 0xff, 0xfe, 0xa1, 0x0,

    /* U+0182 "Ƃ" */
    0xcf, 0xff, 0xff, 0xf2, 0xc, 0xb4, 0x44, 0x44,
    0x0, 0xca, 0x0, 0x0, 0x0, 0xc, 0xa0, 0x0,
    0x0, 0x0, 0xca, 0x0, 0x0, 0x0, 0xc, 0xff,
    0xff, 0xfb, 0x20, 0xcb, 0x33, 0x46, 0xed, 0xc,
    0xa0, 0x0, 0x5, 0xf3, 0xca, 0x0, 0x0, 0x5f,
    0x3c, 0xb3, 0x33, 0x5e, 0xd0, 0xcf, 0xff, 0xfe,
    0xa2, 0x0,

    /* U+0183 "ƃ" */
    0xf, 0xff, 0xff, 0xfa, 0xf, 0x51, 0x11, 0x10,
    0xf, 0x40, 0x0, 0x0, 0xf, 0x8c, 0xfc, 0x30,
    0xf, 0xf5, 0x29, 0xf1, 0xf, 0x70, 0x0, 0xe8,
    0xf, 0x30, 0x0, 0xaa, 0xf, 0x30, 0x0, 0xba,
    0xf, 0x60, 0x0, 0xe7, 0xf, 0xe4, 0x2a, 0xe1,
    0xf, 0x6d, 0xfc, 0x20,

    /* U+0184 "Ƅ" */
    0xf5, 0x0, 0x0, 0xf, 0x50, 0x0, 0x0, 0xf5,
    0x0, 0x0, 0xf, 0x50, 0x0, 0x0, 0xff, 0xff,
    0xd5, 0xf, 0x72, 0x37, 0xf4, 0xf5, 0x0, 0xb,
    0x9f, 0x60, 0x0, 0x9b, 0xd9, 0x0, 0xb, 0x96,
    0xf6, 0x25, 0xf4, 0x6, 0xdf, 0xe7, 0x0,

    /* U+0185 "ƅ" */
    0xf5, 0x0, 0x0, 0xf, 0x50, 0x0, 0x0, 0xf5,
    0x0, 0x0, 0xf, 0x8c, 0xfd, 0x40, 0xff, 0x52,
    0x9f, 0x1f, 0x80, 0x0, 0xd8, 0xf4, 0x0, 0xa,
    0xbf, 0x40, 0x0, 0xaa, 0xc7, 0x0, 0xd, 0x75,
    0xe5, 0x29, 0xe1, 0x7, 0xef, 0xc3, 0x0,

    /* U+0186 "Ɔ" */
    0x0, 0x4b, 0xef, 0xc6, 0x0, 0x0, 0x5f, 0xa4,
    0x48, 0xfa, 0x0, 0xe, 0xa0, 0x0, 0x4, 0xf6,
    0x0, 0x41, 0x0, 0x0, 0xc, 0xc0, 0x0, 0x0,
    0x0, 0x0, 0x8f, 0x0, 0x0, 0x0, 0x0, 0x6,
    0xf0, 0x0, 0x0, 0x0, 0x0, 0x7f, 0x2, 0xc2,
    0x0, 0x0, 0xb, 0xc0, 0xe, 0xa0, 0x0, 0x3,
    0xf5, 0x0, 0x5f, 0xa5, 0x48, 0xfb, 0x0, 0x0,
    0x3b, 0xef, 0xd7, 0x0, 0x0,

    /* U+0187 "Ƈ" */
    0x0, 0x7, 0xdf, 0xea, 0x2c, 0xf6, 0x0, 0xce,
    0x74, 0x5b, 0xff, 0x61, 0x9, 0xf2, 0x0, 0x0,
    0xcf, 0x10, 0xf, 0x90, 0x0, 0x0, 0x23, 0x0,
    0x2f, 0x50, 0x0, 0x0, 0x0, 0x0, 0x3f, 0x40,
    0x0, 0x0, 0x0, 0x0, 0x2f, 0x50, 0x0, 0x0,
    0x0, 0x0, 0xe, 0x80, 0x0, 0x0, 0x4c, 0x10,
    0x8, 0xe2, 0x0, 0x0, 0xcc, 0x0, 0x0, 0xde,
    0x63, 0x5c, 0xf3, 0x0, 0x0, 0x18, 0xdf, 0xea,
    0x20, 0x0,

    /* U+0188 "ƈ" */
    0x0, 0x0, 0x0, 0x7e, 0x80, 0x19, 0xef, 0xef,
    0x71, 0xc, 0xd3, 0x2b, 0xf3, 0x3, 0xf3, 0x0,
    0x18, 0x10, 0x5f, 0x0, 0x0, 0x0, 0x5, 0xf0,
    0x0, 0x0, 0x0, 0x2f, 0x30, 0x1, 0xe3, 0x0,
    0xbc, 0x32, 0xad, 0x0, 0x1, 0xaf, 0xfa, 0x10,
    0x0,

    /* U+0189 "Ɖ" */
    0xc, 0xff, 0xff, 0xe9, 0x10, 0x0, 0xcb, 0x44,
    0x47, 0xed, 0x0, 0xc, 0xa0, 0x0, 0x2, 0xf6,
    0x0, 0xca, 0x0, 0x0, 0xa, 0xd0, 0xc, 0xa0,
    0x0, 0x0, 0x7f, 0xf, 0xff, 0xff, 0x80, 0x6,
    0xf0, 0x3d, 0xb3, 0x32, 0x0, 0x7f, 0x0, 0xca,
    0x0, 0x0, 0xa, 0xc0, 0xc, 0xa0, 0x0, 0x2,
    0xf6, 0x0, 0xcb, 0x44, 0x57, 0xed, 0x0, 0xc,
    0xff, 0xff, 0xd9, 0x10, 0x0,

    /* U+018A "Ɗ" */
    0x8e, 0xff, 0xff, 0xfe, 0x91, 0x0, 0xf8, 0xdb,
    0x44, 0x47, 0xed, 0x0, 0xd3, 0xca, 0x0, 0x0,
    0x2f, 0x70, 0x0, 0xca, 0x0, 0x0, 0xa, 0xd0,
    0x0, 0xca, 0x0, 0x0, 0x7, 0xf0, 0x0, 0xca,
    0x0, 0x0, 0x6, 0xf0, 0x0, 0xca, 0x0, 0x0,
    0x7, 0xf0, 0x0, 0xca, 0x0, 0x0, 0xa, 0xd0,
    0x0, 0xca, 0x0, 0x0, 0x2f, 0x70, 0x0, 0xcb,
    0x44, 0x57, 0xed, 0x0, 0x0, 0xcf, 0xff, 0xfd,
    0x81, 0x0,

    /* U+018B "Ƌ" */
    0x5, 0xff, 0xff, 0xff, 0xa0, 0x14, 0x44, 0x44,
    0xda, 0x0, 0x0, 0x0, 0xc, 0xa0, 0x0, 0x0,
    0x0, 0xca, 0x0, 0x0, 0x0, 0xc, 0xa0, 0x3c,
    0xff, 0xff, 0xfa, 0x1f, 0xc5, 0x33, 0x3d, 0xa6,
    0xf2, 0x0, 0x0, 0xca, 0x5f, 0x20, 0x0, 0xc,
    0xa1, 0xec, 0x53, 0x33, 0xda, 0x3, 0xbf, 0xff,
    0xff, 0xa0,

    /* U+018C "ƌ" */
    0x5f, 0xff, 0xff, 0xf6, 0x1, 0x11, 0x11, 0xf6,
    0x0, 0x0, 0x0, 0xf6, 0x1, 0xaf, 0xe7, 0xf6,
    0xb, 0xd3, 0x3c, 0xf6, 0x2f, 0x30, 0x2, 0xf6,
    0x5f, 0x0, 0x0, 0xe6, 0x4f, 0x0, 0x0, 0xd6,
    0x2f, 0x30, 0x0, 0xf6, 0xa, 0xc1, 0x9, 0xf6,
    0x0, 0x9e, 0xe8, 0xd6,

    /* U+018D "ƍ" */
    0x1, 0x9e, 0xfc, 0x30, 0xb, 0xd3, 0x29, 0xf1,
    0x3f, 0x20, 0x0, 0xd9, 0x6e, 0x0, 0x0, 0x9b,
    0x6e, 0x0, 0x0, 0x9c, 0x3f, 0x20, 0x0, 0xd9,
    0xc, 0xc3, 0x29, 0xf2, 0x1, 0xcf, 0xfd, 0x40,
    0x0, 0x8, 0xe4, 0x0, 0x0, 0x11, 0x5e, 0x90,
    0x9, 0xff, 0xff, 0xf6,

    /* U+018E "Ǝ" */
    0xf, 0xff, 0xff, 0xff, 0xd0, 0x44, 0x44, 0x44,
    0xbd, 0x0, 0x0, 0x0, 0x9, 0xd0, 0x0, 0x0,
    0x0, 0x9d, 0x0, 0x0, 0x0, 0xa, 0xd0, 0x8f,
    0xff, 0xff, 0xfd, 0x2, 0x33, 0x33, 0x3b, 0xd0,
    0x0, 0x0, 0x0, 0x9d, 0x0, 0x0, 0x0, 0x9,
    0xd0, 0x44, 0x44, 0x44, 0xbd, 0x3f, 0xff, 0xff,
    0xff, 0xd0,

    /* U+018F "Ə" */
    0x0, 0x2a, 0xef, 0xe9, 0x20, 0x0, 0x3f, 0xfd,
    0xbd, 0xff, 0x30, 0xb, 0xe6, 0x0, 0x7, 0xfe,
    0x0, 0x0, 0x0, 0x0, 0xc, 0xf4, 0x5f, 0xff,
    0xff, 0xff, 0xff, 0x74, 0xfe, 0x99, 0x99, 0x9e,
    0xf7, 0x1f, 0xf0, 0x0, 0x0, 0xcf, 0x40, 0xbf,
    0x80, 0x0, 0x6f, 0xe0, 0x2, 0xef, 0xda, 0xdf,
    0xf3, 0x0, 0x1, 0x9e, 0xfe, 0xa2, 0x0,

    /* U+0190 "Ɛ" */
    0x0, 0x6d, 0xfd, 0x60, 0x0, 0x6f, 0x85, 0x8f,
    0x70, 0xd, 0xa0, 0x0, 0x7f, 0x0, 0xe9, 0x0,
    0x1, 0x81, 0x7, 0xf5, 0x0, 0x0, 0x0, 0xc,
    0xff, 0x50, 0x0, 0xd, 0xd6, 0x31, 0x0, 0x4,
    0xf3, 0x0, 0x0, 0x30, 0x4f, 0x40, 0x0, 0x5f,
    0x30, 0xde, 0x64, 0x7f, 0xa0, 0x1, 0x9d, 0xfd,
    0x80, 0x0,

    /* U+0191 "Ƒ" */
    0x0, 0xcf, 0xff, 0xff, 0xf7, 0x0, 0xcb, 0x44,
    0x44, 0x41, 0x0, 0xca, 0x0, 0x0, 0x0, 0x0,
    0xca, 0x0, 0x0, 0x0, 0x0, 0xca, 0x0, 0x0,
    0x0, 0x0, 0xcf, 0xff, 0xff, 0xa0, 0x0, 0xcb,
    0x33, 0x33, 0x20, 0x0, 0xca, 0x0, 0x0, 0x0,
    0x0, 0xca, 0x0, 0x0, 0x0, 0x0, 0xca, 0x0,
    0x0, 0x0, 0x0, 0xca, 0x0, 0x0, 0x0, 0x1,
    0xd9, 0x0, 0x0, 0x0, 0x3f, 0xf4, 0x0, 0x0,
    0x0, 0x2, 0x10, 0x0, 0x0, 0x0,

    /* U+0192 "ƒ" */
    0x0, 0x1, 0xbf, 0xf5, 0x0, 0x9, 0xfc, 0x82,
    0x4, 0xff, 0xff, 0xf5, 0x1, 0x7f, 0xf7, 0x72,
    0x0, 0x1f, 0xc0, 0x0, 0x0, 0x2f, 0xa0, 0x0,
    0x0, 0x4f, 0x80, 0x0, 0x0, 0x6f, 0x60, 0x0,
    0x29, 0xef, 0x30, 0x0, 0x4f, 0xe8, 0x0, 0x0,

    /* U+0193 "Ɠ" */
    0x0, 0x6, 0xce, 0xfc, 0x47, 0xfc, 0x0, 0xaf,
    0x84, 0x48, 0xff, 0xa2, 0x7, 0xf3, 0x0, 0x0,
    0x5f, 0x60, 0xd, 0xa0, 0x0, 0x0, 0x1, 0x0,
    0x1f, 0x60, 0x0, 0x0, 0x0, 0x0, 0x3f, 0x40,
    0x0, 0xdf, 0xff, 0xb0, 0x2f, 0x50, 0x0, 0x33,
    0x3b, 0xb0, 0xe, 0x90, 0x0, 0x0, 0xa, 0xb0,
    0x7, 0xf4, 0x0, 0x0, 0xc, 0xb0, 0x0, 0xaf,
    0xa5, 0x58, 0xef, 0x50, 0x0, 0x5, 0xcf, 0xfd,
    0x91, 0x0,

    /* U+0194 "Ɣ" */
    0xcb, 0x0, 0x0, 0x0, 0xe8, 0x5f, 0x20, 0x0,
    0x6, 0xf1, 0xe, 0x90, 0x0, 0xd, 0xa0, 0x7,
    0xf1, 0x0, 0x3f, 0x30, 0x1, 0xf7, 0x0, 0xac,
    0x0, 0x0, 0xad, 0x1, 0xf6, 0x0, 0x0, 0x3f,
    0x48, 0xe0, 0x0, 0x0, 0xc, 0xbe, 0x80, 0x0,
    0x0, 0x5, 0xff, 0x10, 0x0, 0x0, 0x0, 0xeb,
    0x0, 0x0, 0x0, 0x3, 0xfe, 0x0, 0x0, 0x0,
    0x9, 0xdf, 0x50, 0x0, 0x0, 0xb, 0x9c, 0x70,
    0x0, 0x0, 0x5, 0xed, 0x20, 0x0,

    /* U+0195 "ƕ" */
    0xf5, 0x0, 0x0, 0x0, 0x0, 0xf, 0x50, 0x0,
    0x0, 0x0, 0x0, 0xf5, 0x0, 0x0, 0x0, 0x0,
    0xf, 0x7c, 0xfc, 0x30, 0xa, 0xb0, 0xff, 0x53,
    0xcd, 0x0, 0x3f, 0x2f, 0x80, 0x5, 0xf0, 0x0,
    0xe6, 0xf5, 0x0, 0x4f, 0x0, 0xc, 0x9f, 0x50,
    0x4, 0xf0, 0x0, 0xb9, 0xf5, 0x0, 0x3f, 0x20,
    0xe, 0x6f, 0x50, 0x0, 0xe9, 0x18, 0xf1, 0xf5,
    0x0, 0x3, 0xcf, 0xd4, 0x0,

    /* U+0196 "Ɩ" */
    0xf5, 0xf, 0x50, 0xf5, 0xf, 0x50, 0xf5, 0xf,
    0x50, 0xf5, 0xf, 0x50, 0xf5, 0xf, 0x92, 0x8f,
    0x90,

    /* U+0197 "Ɨ" */
    0x4, 0xf2, 0x0, 0x4f, 0x20, 0x4, 0xf2, 0x0,
    0x4f, 0x20, 0x4, 0xf2, 0xe, 0xef, 0xec, 0x15,
    0xf3, 0x10, 0x4f, 0x20, 0x4, 0xf2, 0x0, 0x4f,
    0x20, 0x4, 0xf2, 0x0,

    /* U+0198 "Ƙ" */
    0xe8, 0x0, 0x1, 0xbf, 0xa0, 0xe8, 0x0, 0x1d,
    0xc6, 0xf4, 0xe8, 0x0, 0xcc, 0x0, 0x0, 0xe8,
    0xb, 0xd0, 0x0, 0x0, 0xe8, 0xaf, 0x60, 0x0,
    0x0, 0xee, 0xeb, 0xf1, 0x0, 0x0, 0xef, 0x31,
    0xec, 0x0, 0x0, 0xe8, 0x0, 0x4f, 0x70, 0x0,
    0xe8, 0x0, 0x9, 0xf3, 0x0, 0xe8, 0x0, 0x0,
    0xed, 0x0, 0xe8, 0x0, 0x0, 0x4f, 0x90,

    /* U+0199 "ƙ" */
    0x7, 0xfa, 0x0, 0x0, 0xe, 0x71, 0x0, 0x0,
    0xf, 0x50, 0x0, 0x0, 0xf, 0x50, 0x2e, 0xa0,
    0xf, 0x52, 0xea, 0x0, 0xf, 0x6d, 0xa0, 0x0,
    0xf, 0xff, 0x80, 0x0, 0xf, 0xa6, 0xf2, 0x0,
    0xf, 0x50, 0xcc, 0x0, 0xf, 0x50, 0x2f, 0x70,
    0xf, 0x50, 0x7, 0xf2,

    /* U+019A "ƚ" */
    0x3, 0xf1, 0x0, 0x3f, 0x10, 0x3, 0xf1, 0x0,
    0x3f, 0x10, 0xee, 0xfe, 0xc1, 0x4f, 0x21, 0x3,
    0xf1, 0x0, 0x3f, 0x10, 0x3, 0xf1, 0x0, 0x2f,
    0x61, 0x0, 0xbf, 0x50,

    /* U+019B "ƛ" */
    0x0, 0xe9, 0x72, 0x0, 0x5, 0xdf, 0xa2, 0x0,
    0x9, 0x7f, 0x30, 0x0, 0x0, 0x1f, 0x90, 0x0,
    0x0, 0x6f, 0xe0, 0x0, 0x0, 0xca, 0xf5, 0x0,
    0x2, 0xf3, 0xba, 0x0, 0x8, 0xd0, 0x5f, 0x10,
    0xd, 0x80, 0xf, 0x60, 0x3f, 0x20, 0x9, 0xc0,
    0x9c, 0x0, 0x4, 0xf2,

    /* U+019C "Ɯ" */
    0xf, 0x40, 0x6, 0xe0, 0x0, 0xc8, 0xf, 0x40,
    0x6, 0xe0, 0x0, 0xc8, 0xf, 0x40, 0x6, 0xe0,
    0x0, 0xc8, 0xf, 0x40, 0x6, 0xe0, 0x0, 0xc8,
    0xf, 0x40, 0x6, 0xe0, 0x0, 0xc8, 0xf, 0x40,
    0x6, 0xe0, 0x0, 0xc8, 0xf, 0x40, 0x6, 0xe0,
    0x0, 0xc8, 0xf, 0x40, 0x6, 0xe0, 0x0, 0xc8,
    0xf, 0x50, 0x8, 0xf0, 0x0, 0xe8, 0xd, 0xa0,
    0x3e, 0xf4, 0x7, 0xf8, 0x3, 0xdf, 0xc3, 0x9f,
    0xf9, 0xa8,

    /* U+019D "Ɲ" */
    0x0, 0xde, 0x10, 0x0, 0xb, 0xa0, 0xd, 0xf9,
    0x0, 0x0, 0xba, 0x0, 0xdd, 0xf4, 0x0, 0xb,
    0xa0, 0xd, 0x8b, 0xd0, 0x0, 0xba, 0x0, 0xd8,
    0x1f, 0x80, 0xb, 0xa0, 0xd, 0x80, 0x6f, 0x30,
    0xba, 0x0, 0xd8, 0x0, 0xbd, 0xb, 0xa0, 0xd,
    0x80, 0x2, 0xf8, 0xba, 0x0, 0xd8, 0x0, 0x7,
    0xfd, 0xa0, 0xd, 0x80, 0x0, 0xc, 0xfa, 0x0,
    0xd8, 0x0, 0x0, 0x2f, 0xa0, 0x1e, 0x70, 0x0,
    0x0, 0x0, 0x3f, 0xf3, 0x0, 0x0, 0x0, 0x0,
    0x21, 0x0, 0x0, 0x0, 0x0,

    /* U+019E "ƞ" */
    0xf6, 0xcf, 0xd6, 0xf, 0xe3, 0x7, 0xf1, 0xf7,
    0x0, 0xf, 0x5f, 0x50, 0x0, 0xf5, 0xf5, 0x0,
    0xf, 0x5f, 0x50, 0x0, 0xf5, 0xf5, 0x0, 0xf,
    0x5f, 0x50, 0x0, 0xf5, 0x0, 0x0, 0xf, 0x50,
    0x0, 0x0, 0xf5, 0x0, 0x0, 0xf, 0x50,

    /* U+019F "Ɵ" */
    0x0, 0x7, 0xdf, 0xfb, 0x40, 0x0, 0xc, 0xf8,
    0x45, 0xaf, 0x70, 0x8, 0xf2, 0x0, 0x0, 0x7f,
    0x30, 0xf8, 0x0, 0x0, 0x0, 0xda, 0x3f, 0x40,
    0x0, 0x0, 0xa, 0xe4, 0xff, 0xff, 0xff, 0xff,
    0xff, 0x3f, 0x62, 0x22, 0x22, 0x2a, 0xe0, 0xf8,
    0x0, 0x0, 0x0, 0xda, 0x8, 0xf2, 0x0, 0x0,
    0x7f, 0x30, 0xc, 0xf8, 0x45, 0xaf, 0x70, 0x0,
    0x7, 0xdf, 0xfb, 0x40, 0x0,

    /* U+01A0 "Ơ" */
    0x0, 0x0, 0x0, 0x0, 0x5f, 0x20, 0x0, 0x0,
    0x0, 0x4, 0xf4, 0x0, 0x0, 0x0, 0x0, 0x6f,
    0x30, 0x1, 0x9d, 0xfe, 0xff, 0xb0, 0x2, 0xef,
    0xeb, 0xcf, 0xf8, 0x0, 0xcf, 0x90, 0x0, 0x3f,
    0xf3, 0x2f, 0xe0, 0x0, 0x0, 0x7f, 0x94, 0xfb,
    0x0, 0x0, 0x4, 0xfb, 0x4f, 0xb0, 0x0, 0x0,
    0x3f, 0xb2, 0xfe, 0x0, 0x0, 0x7, 0xf9, 0xc,
    0xf8, 0x0, 0x2, 0xef, 0x30, 0x2e, 0xfe, 0xbc,
    0xff, 0x80, 0x0, 0x19, 0xdf, 0xeb, 0x50, 0x0,

    /* U+01A1 "ơ" */
    0x0, 0x0, 0x0, 0xf, 0x80, 0x0, 0x0, 0x1,
    0xf9, 0x0, 0x7d, 0xff, 0xfe, 0x30, 0xaf, 0xd9,
    0xdf, 0xa0, 0x2f, 0xe0, 0x0, 0xdf, 0x35, 0xfa,
    0x0, 0x9, 0xf6, 0x5f, 0xa0, 0x0, 0x9f, 0x62,
    0xfe, 0x0, 0xd, 0xf3, 0xa, 0xfd, 0x9d, 0xfa,
    0x0, 0x7, 0xdf, 0xe8, 0x0,

    /* U+01A2 "Ƣ" */
    0x0, 0x7, 0xdf, 0xeb, 0x37, 0xdf, 0xb2, 0x0,
    0xc, 0xf8, 0x55, 0xbf, 0xf8, 0x5c, 0xd0, 0x8,
    0xf3, 0x0, 0x0, 0x8f, 0x30, 0x4f, 0x20, 0xf8,
    0x0, 0x0, 0x0, 0xea, 0x2, 0xf3, 0x3f, 0x40,
    0x0, 0x0, 0x9, 0xe0, 0x2f, 0x44, 0xf3, 0x0,
    0x0, 0x0, 0x8f, 0x2, 0xf4, 0x3f, 0x30, 0x0,
    0x0, 0x9, 0xe0, 0x2f, 0x40, 0xf7, 0x0, 0x0,
    0x0, 0xca, 0x2, 0xf4, 0x8, 0xe1, 0x0, 0x0,
    0x4f, 0x30, 0x2f, 0x40, 0xc, 0xd4, 0x11, 0x6f,
    0x70, 0x2, 0xf4, 0x0, 0x7, 0xdf, 0xfb, 0x40,
    0x0, 0x2f, 0x40,

    /* U+01A3 "ƣ" */
    0x0, 0x9e, 0xfb, 0x8e, 0xfa, 0x0, 0xcd, 0x43,
    0xaf, 0x83, 0xe7, 0x4f, 0x20, 0x0, 0xd9, 0xa,
    0xa6, 0xf0, 0x0, 0x9, 0xc0, 0x9b, 0x6f, 0x0,
    0x0, 0x9c, 0x9, 0xb4, 0xf2, 0x0, 0xd, 0x90,
    0x9b, 0xc, 0xd3, 0x29, 0xf2, 0x9, 0xb0, 0x19,
    0xef, 0xb3, 0x0, 0x9b, 0x0, 0x0, 0x0, 0x0,
    0x9, 0xb0, 0x0, 0x0, 0x0, 0x0, 0x9b, 0x0,
    0x0, 0x0, 0x0, 0x9, 0xb0,

    /* U+01A4 "Ƥ" */
    0x8f, 0xff, 0xff, 0xff, 0xb2, 0xf, 0x8e, 0xb4,
    0x44, 0x5d, 0xe0, 0xb2, 0xd9, 0x0, 0x0, 0x3f,
    0x40, 0xd, 0x90, 0x0, 0x3, 0xf4, 0x0, 0xda,
    0x0, 0x13, 0xce, 0x0, 0xd, 0xff, 0xff, 0xfd,
    0x30, 0x0, 0xdb, 0x33, 0x32, 0x0, 0x0, 0xd,
    0x90, 0x0, 0x0, 0x0, 0x0, 0xd9, 0x0, 0x0,
    0x0, 0x0, 0xd, 0x90, 0x0, 0x0, 0x0, 0x0,
    0xd9, 0x0, 0x0, 0x0, 0x0,

    /* U+01A5 "ƥ" */
    0x0, 0x0, 0x5e, 0x90, 0x0, 0xd, 0x71, 0xf7,
    0xce, 0xf7, 0xf, 0xe2, 0x5, 0xf3, 0xf7, 0x0,
    0xc, 0x9f, 0x40, 0x0, 0x9b, 0xf4, 0x0, 0xa,
    0xaf, 0x70, 0x0, 0xd7, 0xff, 0x52, 0x9e, 0x1f,
    0x8c, 0xfc, 0x30, 0xf5, 0x0, 0x0, 0xf, 0x50,
    0x0, 0x0, 0xf5, 0x0, 0x0, 0x0,

    /* U+01A6 "Ʀ" */
    0xca, 0x0, 0x0, 0x0, 0x0, 0xc, 0xff, 0xff,
    0xfd, 0x70, 0x0, 0xcb, 0x33, 0x34, 0x9f, 0x50,
    0xc, 0xa0, 0x0, 0x0, 0xdb, 0x0, 0xca, 0x0,
    0x0, 0xc, 0xb0, 0xc, 0xa0, 0x0, 0x17, 0xf6,
    0x0, 0xcf, 0xff, 0xff, 0xd6, 0x0, 0xc, 0xb3,
    0x48, 0xf6, 0x0, 0x0, 0xca, 0x0, 0x8, 0xf5,
    0x0, 0xc, 0xa0, 0x0, 0xc, 0xe1, 0x0, 0xca,
    0x0, 0x0, 0x3f, 0x90, 0x0, 0x0, 0x0, 0x0,
    0x9f, 0x20, 0x0, 0x0, 0x0, 0x1, 0xec, 0x0,

    /* U+01A7 "Ƨ" */
    0x0, 0x4b, 0xef, 0xc5, 0x0, 0x5, 0xfa, 0x55,
    0x8f, 0x70, 0xc, 0xb0, 0x0, 0x8, 0xd0, 0x3,
    0x20, 0x0, 0xa, 0xc0, 0x0, 0x1, 0x59, 0xdf,
    0x40, 0x1, 0xaf, 0xfd, 0x92, 0x0, 0xd, 0xe6,
    0x10, 0x0, 0x0, 0x2f, 0x30, 0x0, 0x1, 0xa2,
    0x1f, 0x50, 0x0, 0x7, 0xf1, 0xa, 0xf8, 0x56,
    0xaf, 0x90, 0x0, 0x6d, 0xff, 0xc6, 0x0,

    /* U+01A8 "ƨ" */
    0x3, 0xcf, 0xea, 0x10, 0xe, 0xa2, 0x2c, 0xa0,
    0x3, 0x10, 0xa, 0xc0, 0x1, 0x7c, 0xff, 0x40,
    0x2f, 0xe9, 0x50, 0x0, 0x5f, 0x10, 0x3, 0x80,
    0x2f, 0x72, 0x3d, 0xa0, 0x4, 0xcf, 0xe9, 0x10,

    /* U+01A9 "Ʃ" */
    0x4f, 0xff, 0xff, 0xff, 0x2, 0xfb, 0x44, 0x44,
    0x40, 0x5, 0xf5, 0x0, 0x0, 0x0, 0x6, 0xf4,
    0x0, 0x0, 0x0, 0x8, 0xf3, 0x0, 0x0, 0x0,
    0x1f, 0xa0, 0x0, 0x0, 0xc, 0xd0, 0x0, 0x0,
    0x9, 0xe2, 0x0, 0x0, 0x7, 0xf4, 0x0, 0x0,
    0x3, 0xfa, 0x44, 0x44, 0x41, 0x4f, 0xff, 0xff,
    0xff, 0x50,

    /* U+01AA "ƪ" */
    0xb, 0xc9, 0x0, 0x6, 0x50, 0xd5, 0x0, 0x57,
    0x1e, 0x90, 0x0, 0x7a, 0xd9, 0x0, 0x0, 0xc,
    0x90, 0x0, 0x0, 0xc9, 0x0, 0x0, 0xc, 0x90,
    0x0, 0x0, 0xc9, 0x0, 0x0, 0xc, 0x90, 0x0,
    0x0, 0xc9, 0x0, 0x0, 0xc, 0x90, 0x0, 0x0,
    0xba, 0x0, 0x0, 0x7, 0xff, 0x0, 0x0, 0x2,
    0x20,

    /* U+01AB "ƫ" */
    0x2, 0x40, 0x0, 0xc8, 0x0, 0xc, 0x80, 0xc,
    0xff, 0xd0, 0xc, 0x80, 0x0, 0xc8, 0x0, 0xc,
    0x80, 0x0, 0xc8, 0x0, 0xc, 0x80, 0x0, 0xbb,
    0x40, 0x5, 0xff, 0x0, 0x3, 0xf0, 0x8, 0xfb,
    0x0, 0x1, 0x0,

    /* U+01AC "Ƭ" */
    0x3e, 0xff, 0xff, 0xff, 0x39, 0xc4, 0x6f, 0x74,
    0x41, 0x87, 0x2, 0xf4, 0x0, 0x0, 0x0, 0x2f,
    0x40, 0x0, 0x0, 0x2, 0xf4, 0x0, 0x0, 0x0,
    0x2f, 0x40, 0x0, 0x0, 0x2, 0xf4, 0x0, 0x0,
    0x0, 0x2f, 0x40, 0x0, 0x0, 0x2, 0xf4, 0x0,
    0x0, 0x0, 0x2f, 0x40, 0x0, 0x0, 0x2, 0xf4,
    0x0, 0x0,

    /* U+01AD "ƭ" */
    0x5, 0xee, 0x0, 0xbb, 0x30, 0xc, 0x80, 0xc,
    0xff, 0xd0, 0xc, 0x80, 0x0, 0xc8, 0x0, 0xc,
    0x80, 0x0, 0xc8, 0x0, 0xc, 0x80, 0x0, 0xbb,
    0x30, 0x5, 0xee, 0x0,

    /* U+01AE "Ʈ" */
    0xaf, 0xff, 0xff, 0xff, 0xd3, 0x44, 0x6f, 0x74,
    0x43, 0x0, 0x2, 0xf4, 0x0, 0x0, 0x0, 0x2f,
    0x40, 0x0, 0x0, 0x2, 0xf4, 0x0, 0x0, 0x0,
    0x2f, 0x40, 0x0, 0x0, 0x2, 0xf4, 0x0, 0x0,
    0x0, 0x2f, 0x40, 0x0, 0x0, 0x2, 0xf4, 0x0,
    0x0, 0x0, 0x2f, 0x40, 0x0, 0x0, 0x2, 0xf4,
    0x0, 0x0, 0x0, 0x2f, 0x40, 0x0, 0x0, 0x1,
    0xf9, 0x30, 0x0, 0x0, 0x9, 0xfa, 0x0,

    /* U+01AF "Ư" */
    0x0, 0x0, 0x0, 0x0, 0xd, 0xa0, 0x0, 0x0,
    0x0, 0x0, 0xbc, 0x0, 0x0, 0x0, 0x0, 0xd,
    0xa0, 0xfe, 0x0, 0x0, 0xbf, 0xf2, 0xf, 0xe0,
    0x0, 0x7, 0xf8, 0x0, 0xfe, 0x0, 0x0, 0x7f,
    0x80, 0xf, 0xe0, 0x0, 0x7, 0xf8, 0x0, 0xfe,
    0x0, 0x0, 0x7f, 0x80, 0xf, 0xe0, 0x0, 0x7,
    0xf8, 0x0, 0xff, 0x0, 0x0, 0x7f, 0x70, 0xd,
    0xf5, 0x0, 0xd, 0xf4, 0x0, 0x4f, 0xfc, 0xbe,
    0xfc, 0x0, 0x0, 0x4b, 0xef, 0xd8, 0x0, 0x0,

    /* U+01B0 "ư" */
    0x0, 0x0, 0x0, 0x6f, 0x10, 0x0, 0x0, 0x7,
    0xf2, 0xff, 0x0, 0xf, 0xf8, 0xf, 0xf0, 0x0,
    0xfe, 0x0, 0xff, 0x0, 0xf, 0xe0, 0xf, 0xf0,
    0x0, 0xfe, 0x0, 0xff, 0x0, 0xf, 0xe0, 0xe,
    0xf1, 0x3, 0xfe, 0x0, 0xaf, 0xc9, 0xef, 0xe0,
    0x1, 0xbf, 0xd5, 0xde, 0x0,

    /* U+01B1 "Ʊ" */
    0xff, 0xc1, 0x0, 0xaf, 0xf3, 0x48, 0xf2, 0x0,
    0xfb, 0x40, 0x7, 0xe0, 0x0, 0xba, 0x0, 0xe,
    0x70, 0x0, 0x4f, 0x20, 0x6f, 0x10, 0x0, 0xd,
    0x90, 0xbb, 0x0, 0x0, 0x8, 0xe0, 0xd9, 0x0,
    0x0, 0x6, 0xf0, 0xcc, 0x0, 0x0, 0x8, 0xf0,
    0x7f, 0x40, 0x0, 0x1f, 0xa0, 0xb, 0xf7, 0x46,
    0xed, 0x10, 0x0, 0x7d, 0xfe, 0x91, 0x0,

    /* U+01B2 "Ʋ" */
    0xbc, 0x0, 0x0, 0x1e, 0xe2, 0x5f, 0x20, 0x0,
    0x3, 0xf3, 0xe, 0x70, 0x0, 0x2, 0xf1, 0x9,
    0xd0, 0x0, 0x5, 0xe0, 0x3, 0xf2, 0x0, 0xa,
    0x90, 0x0, 0xd8, 0x0, 0x1f, 0x30, 0x0, 0x7d,
    0x0, 0x6d, 0x0, 0x0, 0x1f, 0x30, 0xe6, 0x0,
    0x0, 0xb, 0x95, 0xe0, 0x0, 0x0, 0x5, 0xed,
    0x70, 0x0, 0x0, 0x0, 0xee, 0x0, 0x0,

    /* U+01B3 "Ƴ" */
    0x4e, 0xe5, 0x0, 0x0, 0xc, 0xd0, 0x4, 0x7f,
    0x50, 0x0, 0x6f, 0x30, 0x0, 0x8, 0xe1, 0x1,
    0xf8, 0x0, 0x0, 0x0, 0xd8, 0xa, 0xd0, 0x0,
    0x0, 0x0, 0x6e, 0x5f, 0x30, 0x0, 0x0, 0x0,
    0xe, 0xf8, 0x0, 0x0, 0x0, 0x0, 0x9, 0xf0,
    0x0, 0x0, 0x0, 0x0, 0x8, 0xe0, 0x0, 0x0,
    0x0, 0x0, 0x8, 0xe0, 0x0, 0x0, 0x0, 0x0,
    0x8, 0xe0, 0x0, 0x0, 0x0, 0x0, 0x8, 0xe0,
    0x0, 0x0,

    /* U+01B4 "ƴ" */
    0x9d, 0x0, 0x0, 0x9e, 0x80, 0x3f, 0x30, 0x5,
    0xe3, 0xf2, 0xd, 0x80, 0xc, 0x70, 0x30, 0x7,
    0xe0, 0x2f, 0x10, 0x0, 0x1, 0xf4, 0x8b, 0x0,
    0x0, 0x0, 0xb9, 0xe5, 0x0, 0x0, 0x0, 0x5f,
    0xe0, 0x0, 0x0, 0x0, 0xe, 0x90, 0x0, 0x0,
    0x0, 0x1f, 0x30, 0x0, 0x0, 0x15, 0xbb, 0x0,
    0x0, 0x0, 0x1f, 0xd1, 0x0, 0x0, 0x0,

    /* U+01B5 "Ƶ" */
    0x1f, 0xff, 0xff, 0xff, 0x90, 0x44, 0x44, 0x49,
    0xf6, 0x0, 0x0, 0x2, 0xfb, 0x0, 0x0, 0x0,
    0xce, 0x10, 0x0, 0x0, 0x8f, 0x40, 0x0, 0x9e,
    0xef, 0xfe, 0x70, 0x1, 0x4f, 0xa1, 0x10, 0x0,
    0x1d, 0xc0, 0x0, 0x0, 0xb, 0xd1, 0x0, 0x0,
    0x8, 0xf7, 0x44, 0x44, 0x43, 0xbf, 0xff, 0xff,
    0xff, 0xc0,

    /* U+01B6 "ƶ" */
    0x6f, 0xff, 0xff, 0xe0, 0x1, 0x11, 0x3f, 0x70,
    0x0, 0x1, 0xda, 0x0, 0x4e, 0xef, 0xff, 0xc0,
    0x1, 0xbe, 0x21, 0x10, 0x7, 0xf2, 0x0, 0x0,
    0x5f, 0x62, 0x22, 0x20, 0xbf, 0xff, 0xff, 0xf3,

    /* U+01B7 "Ʒ" */
    0xd, 0xff, 0xff, 0xff, 0x10, 0x34, 0x44, 0x7f,
    0x80, 0x0, 0x0, 0x4f, 0x60, 0x0, 0x0, 0x6f,
    0x50, 0x0, 0x0, 0xe, 0xfd, 0x81, 0x0, 0x0,
    0x32, 0x4c, 0xe1, 0x0, 0x0, 0x0, 0xd, 0x81,
    0x60, 0x0, 0x0, 0xab, 0x3f, 0x50, 0x0, 0x1e,
    0x80, 0xaf, 0x74, 0x6d, 0xe1, 0x0, 0x7d, 0xfe,
    0xa1, 0x0,

    /* U+01B8 "Ƹ" */
    0xa, 0xff, 0xff, 0xff, 0x40, 0x3e, 0xc4, 0x44,
    0x41, 0x0, 0x2d, 0xa0, 0x0, 0x0, 0x0, 0x1c,
    0xb0, 0x0, 0x0, 0x5c, 0xef, 0x50, 0x0, 0x9e,
    0x73, 0x31, 0x0, 0x2f, 0x50, 0x0, 0x0, 0x4,
    0xf1, 0x0, 0x0, 0x43, 0x2f, 0x60, 0x0, 0xd,
    0x90, 0x8f, 0x84, 0x5c, 0xe2, 0x0, 0x6d, 0xfe,
    0xa2, 0x0,

    /* U+01B9 "ƹ" */
    0x1f, 0xff, 0xff, 0xf0, 0x8, 0xd2, 0x11, 0x10,
    0x0, 0xaa, 0x0, 0x0, 0x0, 0xc, 0x70, 0x0,
    0x0, 0x9e, 0xf0, 0x0, 0xb, 0xd4, 0x20, 0x0,
    0x3f, 0x30, 0x0, 0x0, 0x5f, 0x0, 0x0, 0x0,
    0x3f, 0x30, 0x2, 0xf2, 0xb, 0xd3, 0x2b, 0xc0,
    0x0, 0x9e, 0xea, 0x10,

    /* U+01BA "ƺ" */
    0x7f, 0xff, 0xff, 0x20, 0x11, 0x3d, 0x60, 0x0,
    0x2c, 0x40, 0x0, 0xc, 0xfd, 0x70, 0x0, 0x22,
    0x6f, 0x50, 0x0, 0x0, 0xd8, 0x0, 0x4, 0xbf,
    0x30, 0x3d, 0xfa, 0x20, 0xf, 0x60, 0x0, 0x1,
    0xf4, 0x23, 0x0, 0x7, 0xef, 0xb0, 0x0,

    /* U+01BB "ƻ" */
    0x0, 0x8e, 0xfc, 0x30, 0x9, 0xd5, 0x4b, 0xf1,
    0x1f, 0x40, 0x1, 0xf7, 0x15, 0x0, 0x0, 0xf7,
    0x0, 0x0, 0x6, 0xf3, 0x0, 0x0, 0x2f, 0xa0,
    0x6, 0xff, 0xff, 0xf8, 0x0, 0x7f, 0xa2, 0x21,
    0x5, 0xf8, 0x0, 0x0, 0x1f, 0xc4, 0x44, 0x42,
    0x7f, 0xff, 0xff, 0xf9,

    /* U+01BC "Ƽ" */
    0xcf, 0xff, 0xff, 0xf3, 0x39, 0xe4, 0x44, 0x41,
    0x8, 0xb0, 0x0, 0x0, 0xb, 0x90, 0x0, 0x0,
    0xe, 0xbd, 0xfc, 0x40, 0xf, 0xc5, 0x4b, 0xf3,
    0x1, 0x0, 0x0, 0xe9, 0x0, 0x0, 0x0, 0xcb,
    0x3f, 0x20, 0x0, 0xe8, 0xd, 0xc3, 0x2a, 0xe1,
    0x1, 0xae, 0xfb, 0x20,

    /* U+01BD "ƽ" */
    0x7f, 0xff, 0xff, 0xc0, 0x9, 0x91, 0x11, 0x10,
    0xb, 0x50, 0x0, 0x0, 0xe, 0xbe, 0xda, 0x20,
    0x9, 0x52, 0x29, 0xe1, 0x2, 0x0, 0x1, 0xf3,
    0x2f, 0x62, 0x2a, 0xe0, 0x5, 0xcf, 0xeb, 0x20,

    /* U+01BE "ƾ" */
    0x0, 0x8, 0xc0, 0x0, 0x0, 0xdf, 0xff, 0x30,
    0x0, 0x28, 0xd2, 0x0, 0x0, 0x5, 0xf1, 0x0,
    0x0, 0x0, 0xdb, 0x0, 0x0, 0x0, 0x2e, 0xa0,
    0x0, 0x0, 0x3, 0xf4, 0x15, 0x0, 0x0, 0xc9,
    0x1f, 0x40, 0x0, 0xe8, 0xa, 0xd3, 0x29, 0xf2,
    0x0, 0x9e, 0xfb, 0x30,

    /* U+01BF "ƿ" */
    0xf5, 0xbf, 0xd5, 0xf, 0xe5, 0x17, 0xf2, 0xf5,
    0x0, 0xe, 0x6f, 0x50, 0x0, 0xf6, 0xf5, 0x0,
    0x5f, 0x2f, 0x50, 0x3e, 0x70, 0xf7, 0x9e, 0x60,
    0xf, 0xe8, 0x10, 0x0, 0xf5, 0x0, 0x0, 0xf,
    0x50, 0x0, 0x0, 0xf5, 0x0, 0x0, 0x0,

    /* U+01C0 "ǀ" */
    0xa8, 0xa8, 0xa8, 0xa8, 0xa8, 0xa8, 0xa8, 0xa8,
    0xa8, 0xa8, 0xa8,

    /* U+01C1 "ǁ" */
    0xa8, 0x8, 0x9a, 0x80, 0x89, 0xa8, 0x8, 0x9a,
    0x80, 0x89, 0xa8, 0x8, 0x9a, 0x80, 0x89, 0xa8,
    0x8, 0x9a, 0x80, 0x89, 0xa8, 0x8, 0x9a, 0x80,
    0x89, 0xa8, 0x8, 0x90,

    /* U+01C2 "ǂ" */
    0x0, 0xf, 0x20, 0x0, 0x0, 0xf2, 0x0, 0x0,
    0xf, 0x20, 0xa, 0xff, 0xff, 0xfb, 0x0, 0xf,
    0x20, 0x0, 0x0, 0xf2, 0x0, 0x9e, 0xef, 0xee,
    0xa0, 0x11, 0xf3, 0x11, 0x0, 0xf, 0x20, 0x0,
    0x0, 0xf2, 0x0, 0x0, 0xf, 0x20, 0x0,

    /* U+01C3 "ǃ" */
    0xbe, 0xbe, 0xbe, 0xad, 0x9c, 0x8b, 0x7a, 0x59,
    0x0, 0x56, 0xad,

    /* U+01C4 "Ǆ" */
    0x0, 0x0, 0x0, 0x0, 0x0, 0x0, 0x65, 0x7,
    0x30, 0x0, 0x0, 0x0, 0x0, 0x0, 0x0, 0x3,
    0xfa, 0xc0, 0x0, 0x0, 0x0, 0x0, 0x0, 0x0,
    0x0, 0x4, 0x82, 0x0, 0xc, 0xff, 0xff, 0xe9,
    0x10, 0x5, 0xff, 0xff, 0xff, 0xf5, 0xcb, 0x44,
    0x47, 0xed, 0x0, 0x14, 0x44, 0x44, 0xcf, 0x2c,
    0xa0, 0x0, 0x2, 0xf6, 0x0, 0x0, 0x0, 0x6f,
    0x60, 0xca, 0x0, 0x0, 0xa, 0xd0, 0x0, 0x0,
    0x3f, 0x90, 0xc, 0xa0, 0x0, 0x0, 0x7f, 0x0,
    0x0, 0x1d, 0xc0, 0x0, 0xca, 0x0, 0x0, 0x6,
    0xf0, 0x0, 0xb, 0xe1, 0x0, 0xc, 0xa0, 0x0,
    0x0, 0x7f, 0x0, 0x7, 0xf4, 0x0, 0x0, 0xca,
    0x0, 0x0, 0xa, 0xd0, 0x4, 0xf7, 0x0, 0x0,
    0xc, 0xa0, 0x0, 0x2, 0xf7, 0x2, 0xea, 0x0,
    0x0, 0x0, 0xcb, 0x44, 0x57, 0xed, 0x0, 0xcf,
    0x54, 0x44, 0x44, 0x2c, 0xff, 0xff, 0xd8, 0x10,
    0xf, 0xff, 0xff, 0xff, 0xf8,

    /* U+01C5 "ǅ" */
    0xcf, 0xff, 0xfe, 0x91, 0x0, 0x5, 0xf4, 0xe7,
    0x0, 0xcb, 0x44, 0x47, 0xed, 0x0, 0x0, 0x6d,
    0x90, 0x0, 0xca, 0x0, 0x0, 0x2f, 0x60, 0x0,
    0x0, 0x0, 0x0, 0xca, 0x0, 0x0, 0xa, 0xd0,
    0x9f, 0xff, 0xff, 0xc0, 0xca, 0x0, 0x0, 0x7,
    0xf0, 0x1, 0x11, 0x5f, 0x40, 0xca, 0x0, 0x0,
    0x6, 0xf0, 0x0, 0x2, 0xf6, 0x0, 0xca, 0x0,
    0x0, 0x7, 0xf0, 0x0, 0x1e, 0x80, 0x0, 0xca,
    0x0, 0x0, 0xa, 0xd0, 0x0, 0xcb, 0x0, 0x0,
    0xca, 0x0, 0x0, 0x2f, 0x70, 0xa, 0xd0, 0x0,
    0x0, 0xcb, 0x44, 0x57, 0xed, 0x0, 0x7f, 0x64,
    0x44, 0x40, 0xcf, 0xff, 0xfd, 0x81, 0x0, 0xdf,
    0xff, 0xff, 0xf0,

    /* U+01C6 "ǆ" */
    0x0, 0x0, 0x0, 0xf4, 0x0, 0xca, 0x7e, 0x10,
    0x0, 0x0, 0x0, 0xf4, 0x0, 0x1e, 0xf4, 0x0,
    0x0, 0x0, 0x0, 0xf4, 0x0, 0x0, 0x0, 0x0,
    0x1, 0xbf, 0xe6, 0xf4, 0x1f, 0xff, 0xff, 0xf4,
    0xc, 0xc3, 0x3d, 0xf4, 0x1, 0x11, 0x1c, 0xd1,
    0x3f, 0x20, 0x3, 0xf4, 0x0, 0x0, 0x9f, 0x20,
    0x6f, 0x0, 0x0, 0xf4, 0x0, 0x7, 0xf4, 0x0,
    0x6e, 0x0, 0x0, 0xf4, 0x0, 0x4f, 0x70, 0x0,
    0x3f, 0x10, 0x1, 0xf4, 0x2, 0xfa, 0x0, 0x0,
    0xb, 0xa0, 0xa, 0xf4, 0x1e, 0xc0, 0x0, 0x0,
    0x1, 0xae, 0xd7, 0xf4, 0x5f, 0xee, 0xee, 0xe7,

    /* U+01C7 "Ǉ" */
    0xe8, 0x0, 0x0, 0x0, 0x0, 0x3, 0xf3, 0xe8,
    0x0, 0x0, 0x0, 0x0, 0x3, 0xf3, 0xe8, 0x0,
    0x0, 0x0, 0x0, 0x3, 0xf3, 0xe8, 0x0, 0x0,
    0x0, 0x0, 0x3, 0xf3, 0xe8, 0x0, 0x0, 0x0,
    0x0, 0x3, 0xf3, 0xe8, 0x0, 0x0, 0x0, 0x0,
    0x3, 0xf3, 0xe8, 0x0, 0x0, 0x0, 0x0, 0x3,
    0xf3, 0xe8, 0x0, 0x0, 0x1, 0x20, 0x3, 0xf3,
    0xe8, 0x0, 0x0, 0x9, 0xb0, 0x4, 0xf2, 0xea,
    0x44, 0x44, 0x35, 0xf7, 0x5c, 0xd0, 0xef, 0xff,
    0xff, 0xd0, 0x8e, 0xfb, 0x20,

    /* U+01C8 "ǈ" */
    0xe8, 0x0, 0x0, 0x0, 0xaa, 0xe8, 0x0, 0x0,
    0x0, 0x55, 0xe8, 0x0, 0x0, 0x0, 0x0, 0xe8,
    0x0, 0x0, 0x0, 0xaa, 0xe8, 0x0, 0x0, 0x0,
    0xaa, 0xe8, 0x0, 0x0, 0x0, 0xaa, 0xe8, 0x0,
    0x0, 0x0, 0xaa, 0xe8, 0x0, 0x0, 0x0, 0xaa,
    0xe8, 0x0, 0x0, 0x0, 0xaa, 0xea, 0x44, 0x44,
    0x30, 0xaa, 0xef, 0xff, 0xff, 0xd0, 0xaa, 0x0,
    0x0, 0x0, 0x0, 0xb9, 0x0, 0x0, 0x0, 0x3,
    0xd8, 0x0, 0x0, 0x0, 0x3f, 0xd2,

    /* U+01C9 "ǉ" */
    0xf5, 0xb, 0xaf, 0x50, 0x55, 0xf5, 0x0, 0xf,
    0x50, 0xba, 0xf5, 0xb, 0xaf, 0x50, 0xba, 0xf5,
    0xb, 0xaf, 0x50, 0xba, 0xf5, 0xb, 0xaf, 0x50,
    0xba, 0xf5, 0xb, 0xa0, 0x0, 0xb9, 0x0, 0x3e,
    0x80, 0x3f, 0xd1,

    /* U+01CA "Ǌ" */
    0xde, 0x10, 0x0, 0xb, 0xa0, 0x0, 0x0, 0x5f,
    0x1d, 0xf9, 0x0, 0x0, 0xba, 0x0, 0x0, 0x5,
    0xf1, 0xdd, 0xf4, 0x0, 0xb, 0xa0, 0x0, 0x0,
    0x5f, 0x1d, 0x8b, 0xd0, 0x0, 0xba, 0x0, 0x0,
    0x5, 0xf1, 0xd8, 0x1f, 0x80, 0xb, 0xa0, 0x0,
    0x0, 0x5f, 0x1d, 0x80, 0x6f, 0x30, 0xba, 0x0,
    0x0, 0x5, 0xf1, 0xd8, 0x0, 0xcd, 0xb, 0xa0,
    0x0, 0x0, 0x5f, 0x1d, 0x80, 0x2, 0xf8, 0xba,
    0x2, 0x20, 0x5, 0xf1, 0xd8, 0x0, 0x7, 0xfd,
    0xa0, 0xb9, 0x0, 0x6f, 0xd, 0x80, 0x0, 0xc,
    0xfa, 0x7, 0xe4, 0x2c, 0xb0, 0xd8, 0x0, 0x0,
    0x2f, 0xa0, 0x9, 0xee, 0xa1, 0x0,

    /* U+01CB "ǋ" */
    0xde, 0x10, 0x0, 0xb, 0xa0, 0x3f, 0x2d, 0xf9,
    0x0, 0x0, 0xba, 0x1, 0x81, 0xdd, 0xf4, 0x0,
    0xb, 0xa0, 0x0, 0xd, 0x8a, 0xd0, 0x0, 0xba,
    0x3, 0xf2, 0xd8, 0x1e, 0x90, 0xb, 0xa0, 0x3f,
    0x2d, 0x80, 0x6f, 0x30, 0xba, 0x3, 0xf2, 0xd8,
    0x0, 0xbd, 0xb, 0xa0, 0x3f, 0x2d, 0x80, 0x2,
    0xf8, 0xba, 0x3, 0xf2, 0xd8, 0x0, 0x7, 0xfd,
    0xa0, 0x3f, 0x2d, 0x80, 0x0, 0xc, 0xfa, 0x3,
    0xf2, 0xd8, 0x0, 0x0, 0x2f, 0xa0, 0x3f, 0x20,
    0x0, 0x0, 0x0, 0x0, 0x3, 0xf1, 0x0, 0x0,
    0x0, 0x0, 0x2, 0x7f, 0x0, 0x0, 0x0, 0x0,
    0x0, 0xbf, 0x70,

    /* U+01CC "ǌ" */
    0x0, 0x0, 0x0, 0x0, 0xaa, 0x0, 0x0, 0x0,
    0x0, 0x55, 0x0, 0x0, 0x0, 0x0, 0x0, 0xf6,
    0xcf, 0xd6, 0x0, 0xaa, 0xfe, 0x30, 0x7f, 0x10,
    0xaa, 0xf7, 0x0, 0xf, 0x50, 0xaa, 0xf5, 0x0,
    0xf, 0x50, 0xaa, 0xf5, 0x0, 0xf, 0x50, 0xaa,
    0xf5, 0x0, 0xf, 0x50, 0xaa, 0xf5, 0x0, 0xf,
    0x50, 0xaa, 0xf5, 0x0, 0xf, 0x50, 0xaa, 0x0,
    0x0, 0x0, 0x0, 0xb9, 0x0, 0x0, 0x0, 0x3,
    0xd8, 0x0, 0x0, 0x0, 0x3f, 0xd2,

    /* U+01CD "Ǎ" */
    0x0, 0x6, 0x40, 0x74, 0x0, 0x0, 0x0, 0x5f,
    0xae, 0x10, 0x0, 0x0, 0x0, 0x68, 0x30, 0x0,
    0x0, 0x0, 0x0, 0x0, 0x0, 0x0, 0x0, 0x1,
    0xff, 0xb0, 0x0, 0x0, 0x0, 0x7f, 0xff, 0x10,
    0x0, 0x0, 0xd, 0xf8, 0xf7, 0x0, 0x0, 0x3,
    0xfb, 0x1f, 0xd0, 0x0, 0x0, 0x9f, 0x50, 0xbf,
    0x30, 0x0, 0xf, 0xe0, 0x5, 0xf9, 0x0, 0x6,
    0xff, 0xff, 0xff, 0xf0, 0x0, 0xcf, 0xaa, 0xaa,
    0xdf, 0x60, 0x2f, 0xe0, 0x0, 0x4, 0xfc, 0x8,
    0xf8, 0x0, 0x0, 0xd, 0xf2,

    /* U+01CE "ǎ" */
    0x0, 0xbb, 0x1e, 0x60, 0x0, 0x2, 0xfe, 0xc0,
    0x0, 0x0, 0x2, 0x41, 0x0, 0x0, 0x1a, 0xef,
    0xd6, 0x0, 0xd, 0xfa, 0x7d, 0xf5, 0x1, 0x76,
    0x0, 0x3f, 0xa0, 0x0, 0x59, 0xcf, 0xfc, 0x0,
    0xdf, 0xb7, 0x7f, 0xc0, 0x5f, 0xa0, 0x7, 0xfc,
    0x4, 0xff, 0x9b, 0xff, 0xe4, 0x7, 0xef, 0xc4,
    0x7f, 0x60,

    /* U+01CF "Ǐ" */
    0x7, 0x32, 0x71, 0x6, 0xdc, 0x90, 0x0, 0x67,
    0x0, 0x0, 0xad, 0x0, 0x0, 0xad, 0x0, 0x0,
    0xad, 0x0, 0x0, 0xad, 0x0, 0x0, 0xad, 0x0,
    0x0, 0xad, 0x0, 0x0, 0xad, 0x0, 0x0, 0xad,
    0x0, 0x0, 0xad, 0x0, 0x0, 0xad, 0x0, 0x0,
    0xad, 0x0,

    /* U+01D0 "ǐ" */
    0xc, 0x97, 0xe1, 0x1, 0xde, 0x30, 0x0, 0x0,
    0x0, 0x0, 0x9b, 0x0, 0x0, 0x9b, 0x0, 0x0,
    0x9b, 0x0, 0x0, 0x9b, 0x0, 0x0, 0x9b, 0x0,
    0x0, 0x9b, 0x0, 0x0, 0x9b, 0x0, 0x0, 0x9b,
    0x0,

    /* U+01D1 "Ǒ" */
    0x0, 0x3, 0xf3, 0xbc, 0x0, 0x0, 0x0, 0x8,
    0xdf, 0x20, 0x0, 0x0, 0x0, 0x7, 0x50, 0x0,
    0x0, 0x0, 0x7d, 0xff, 0xb4, 0x0, 0x0, 0xce,
    0x74, 0x49, 0xf7, 0x0, 0x8f, 0x20, 0x0, 0x6,
    0xf3, 0xf, 0x80, 0x0, 0x0, 0xd, 0xa3, 0xf4,
    0x0, 0x0, 0x0, 0x9e, 0x4f, 0x20, 0x0, 0x0,
    0x8, 0xf3, 0xf3, 0x0, 0x0, 0x0, 0x9e, 0xf,
    0x80, 0x0, 0x0, 0xd, 0xa0, 0x8f, 0x20, 0x0,
    0x6, 0xf3, 0x0, 0xce, 0x74, 0x49, 0xf7, 0x0,
    0x0, 0x7d, 0xff, 0xb4, 0x0,

    /* U+01D2 "ǒ" */
    0x0, 0xca, 0x6e, 0x20, 0x0, 0x1e, 0xf4, 0x0,
    0x0, 0x0, 0x10, 0x0, 0x0, 0x9e, 0xfc, 0x30,
    0xc, 0xd3, 0x29, 0xf2, 0x4f, 0x20, 0x0, 0xd9,
    0x6f, 0x0, 0x0, 0x9c, 0x6f, 0x0, 0x0, 0x9c,
    0x4f, 0x20, 0x0, 0xd9, 0xc, 0xd3, 0x29, 0xf2,
    0x1, 0x9e, 0xfb, 0x30,

    /* U+01D3 "Ǔ" */
    0x0, 0x9d, 0x1f, 0x60, 0x0, 0x0, 0xed, 0xc0,
    0x0, 0x0, 0x3, 0x82, 0x0, 0xd, 0x90, 0x0,
    0x0, 0xca, 0xd9, 0x0, 0x0, 0xc, 0xad, 0x90,
    0x0, 0x0, 0xca, 0xd9, 0x0, 0x0, 0xc, 0xad,
    0x90, 0x0, 0x0, 0xca, 0xd9, 0x0, 0x0, 0xc,
    0xac, 0x90, 0x0, 0x0, 0xc9, 0xbb, 0x0, 0x0,
    0xe, 0x88, 0xf1, 0x0, 0x2, 0xf5, 0x2f, 0xd6,
    0x57, 0xed, 0x0, 0x2a, 0xef, 0xe9, 0x10,

    /* U+01D4 "ǔ" */
    0x0, 0xba, 0x5e, 0x20, 0x0, 0xc, 0xe4, 0x0,
    0x0, 0x0, 0x0, 0x0, 0xf, 0x50, 0x0, 0xf4,
    0xf, 0x50, 0x0, 0xf4, 0xf, 0x50, 0x0, 0xf4,
    0xf, 0x50, 0x0, 0xf4, 0xf, 0x50, 0x0, 0xf4,
    0xf, 0x50, 0x2, 0xf4, 0xc, 0xb0, 0x1b, 0xf4,
    0x2, 0xcf, 0xd6, 0xe4,

    /* U+01D5 "Ǖ" */
    0x0, 0xef, 0xff, 0x90, 0x0, 0x7, 0x82, 0x95,
    0x0, 0x0, 0x9c, 0xe, 0x70, 0x0, 0x0, 0x0,
    0x0, 0x0, 0xd9, 0x0, 0x0, 0xc, 0xad, 0x90,
    0x0, 0x0, 0xca, 0xd9, 0x0, 0x0, 0xc, 0xad,
    0x90, 0x0, 0x0, 0xca, 0xd9, 0x0, 0x0, 0xc,
    0xad, 0x90, 0x0, 0x0, 0xca, 0xc9, 0x0, 0x0,
    0xc, 0x9b, 0xb0, 0x0, 0x0, 0xe8, 0x8f, 0x10,
    0x0, 0x2f, 0x52, 0xfd, 0x65, 0x7e, 0xd0, 0x2,
    0xae, 0xfe, 0x91, 0x0,

    /* U+01D6 "ǖ" */
    0x2, 0xff, 0xff, 0x60, 0x0, 0x22, 0x22, 0x0,
    0x0, 0xd8, 0x2f, 0x30, 0x0, 0x64, 0x18, 0x10,
    0x0, 0x0, 0x0, 0x0, 0xf, 0x50, 0x0, 0xf4,
    0xf, 0x50, 0x0, 0xf4, 0xf, 0x50, 0x0, 0xf4,
    0xf, 0x50, 0x0, 0xf4, 0xf, 0x50, 0x0, 0xf4,
    0xf, 0x50, 0x2, 0xf4, 0xc, 0xb0, 0x1b, 0xf4,
    0x2, 0xcf, 0xd6, 0xe4,

    /* U+01D7 "Ǘ" */
    0x0, 0x0, 0x1, 0x0, 0x0, 0x0, 0xb, 0xd0,
    0x0, 0x0, 0x2, 0xe2, 0x0, 0x0, 0x5, 0x60,
    0x73, 0x0, 0x0, 0x9c, 0xe, 0x70, 0x0, 0x0,
    0x0, 0x0, 0x0, 0xd9, 0x0, 0x0, 0xc, 0xad,
    0x90, 0x0, 0x0, 0xca, 0xd9, 0x0, 0x0, 0xc,
    0xad, 0x90, 0x0, 0x0, 0xca, 0xd9, 0x0, 0x0,
    0xc, 0xad, 0x90, 0x0, 0x0, 0xca, 0xc9, 0x0,
    0x0, 0xc, 0x9b, 0xb0, 0x0, 0x0, 0xe8, 0x8f,
    0x10, 0x0, 0x2f, 0x52, 0xfd, 0x65, 0x7e, 0xd0,
    0x2, 0xae, 0xfe, 0x91, 0x0,

    /* U+01D8 "ǘ" */
    0x0, 0x0, 0x1, 0x0, 0x0, 0x0, 0xe9, 0x0,
    0x0, 0x6, 0xc0, 0x0, 0x0, 0xd8, 0x2f, 0x30,
    0x0, 0x64, 0x18, 0x10, 0x0, 0x0, 0x0, 0x0,
    0xf, 0x50, 0x0, 0xf4, 0xf, 0x50, 0x0, 0xf4,
    0xf, 0x50, 0x0, 0xf4, 0xf, 0x50, 0x0, 0xf4,
    0xf, 0x50, 0x0, 0xf4, 0xf, 0x50, 0x2, 0xf4,
    0xc, 0xb0, 0x1b, 0xf4, 0x2, 0xcf, 0xd6, 0xe4,

    /* U+01D9 "Ǚ" */
    0x0, 0x55, 0x7, 0x40, 0x0, 0x3, 0xf7, 0xf2,
    0x0, 0x0, 0x9, 0xf7, 0x0, 0x0, 0x5, 0x60,
    0x73, 0x0, 0x0, 0x9c, 0xe, 0x70, 0x0, 0x0,
    0x0, 0x0, 0x0, 0xd9, 0x0, 0x0, 0xc, 0xad,
    0x90, 0x0, 0x0, 0xca, 0xd9, 0x0, 0x0, 0xc,
    0xad, 0x90, 0x0, 0x0, 0xca, 0xd9, 0x0, 0x0,
    0xc, 0xad, 0x90, 0x0, 0x0, 0xca, 0xc9, 0x0,
    0x0, 0xc, 0x9b, 0xb0, 0x0, 0x0, 0xe8, 0x8f,
    0x10, 0x0, 0x2f, 0x52, 0xfd, 0x65, 0x7e, 0xd0,
    0x2, 0xae, 0xfe, 0x91, 0x0,

    /* U+01DA "ǚ" */
    0x0, 0x73, 0x28, 0x10, 0x0, 0x6e, 0xc9, 0x0,
    0x0, 0x6, 0x70, 0x0, 0x0, 0xe7, 0x2f, 0x30,
    0x0, 0x73, 0x18, 0x10, 0x0, 0x0, 0x0, 0x0,
    0xf, 0x50, 0x0, 0xf4, 0xf, 0x50, 0x0, 0xf4,
    0xf, 0x50, 0x0, 0xf4, 0xf, 0x50, 0x0, 0xf4,
    0xf, 0x50, 0x0, 0xf4, 0xf, 0x50, 0x2, 0xf4,
    0xc, 0xb0, 0x1b, 0xf4, 0x2, 0xcf, 0xd6, 0xe4,

    /* U+01DB "Ǜ" */
    0x0, 0x1, 0x0, 0x0, 0x0, 0x1, 0xe8, 0x0,
    0x0, 0x0, 0x3, 0xe1, 0x0, 0x0, 0x5, 0x60,
    0x73, 0x0, 0x0, 0x9c, 0xe, 0x70, 0x0, 0x0,
    0x0, 0x0, 0x0, 0xd9, 0x0, 0x0, 0xc, 0xad,
    0x90, 0x0, 0x0, 0xca, 0xd9, 0x0, 0x0, 0xc,
    0xad, 0x90, 0x0, 0x0, 0xca, 0xd9, 0x0, 0x0,
    0xc, 0xad, 0x90, 0x0, 0x0, 0xca, 0xc9, 0x0,
    0x0, 0xc, 0x9b, 0xb0, 0x0, 0x0, 0xe8, 0x8f,
    0x10, 0x0, 0x2f, 0x52, 0xfd, 0x65, 0x7e, 0xd0,
    0x2, 0xae, 0xfe, 0x91, 0x0,

    /* U+01DC "ǜ" */
    0x0, 0x1, 0x0, 0x0, 0x0, 0x4f, 0x40, 0x0,
    0x0, 0x7, 0xc0, 0x0, 0x0, 0xe7, 0x2f, 0x30,
    0x0, 0x73, 0x18, 0x10, 0x0, 0x0, 0x0, 0x0,
    0xf, 0x50, 0x0, 0xf4, 0xf, 0x50, 0x0, 0xf4,
    0xf, 0x50, 0x0, 0xf4, 0xf, 0x50, 0x0, 0xf4,
    0xf, 0x50, 0x0, 0xf4, 0xf, 0x50, 0x2, 0xf4,
    0xc, 0xb0, 0x1b, 0xf4, 0x2, 0xcf, 0xd6, 0xe4,

    /* U+01DD "ǝ" */
    0x1, 0xae, 0xfb, 0x30, 0xc, 0xc3, 0x3b, 0xf1,
    0x2d, 0x20, 0x0, 0xe8, 0x0, 0x0, 0x0, 0xba,
    0x5f, 0xff, 0xff, 0xfa, 0x3f, 0x32, 0x22, 0xd7,
    0xc, 0xb3, 0x28, 0xe1, 0x1, 0x9e, 0xfb, 0x20,

    /* U+01DE "Ǟ" */
    0x0, 0x5, 0xff, 0xff, 0x30, 0x0, 0x0, 0x0,
    0xa5, 0x4a, 0x0, 0x0, 0x0, 0x0, 0xf5, 0x4f,
    0x0, 0x0, 0x0, 0x0, 0x0, 0x0, 0x0, 0x0,
    0x0, 0x0, 0x1f, 0xd0, 0x0, 0x0, 0x0, 0x0,
    0x7d, 0xf3, 0x0, 0x0, 0x0, 0x0, 0xd8, 0xca,
    0x0, 0x0, 0x0, 0x3, 0xf4, 0x7f, 0x10, 0x0,
    0x0, 0x9, 0xe0, 0x2f, 0x60, 0x0, 0x0, 0xe,
    0x90, 0xc, 0xd0, 0x0, 0x0, 0x5f, 0x40, 0x7,
    0xf3, 0x0, 0x0, 0xbf, 0xff, 0xff, 0xf9, 0x0,
    0x1, 0xf9, 0x22, 0x22, 0xbf, 0x0, 0x7, 0xf1,
    0x0, 0x0, 0x3f, 0x60, 0xd, 0xb0, 0x0, 0x0,
    0xc, 0xd0,

    /* U+01DF "ǟ" */
    0x2, 0xff, 0xff, 0x60, 0x0, 0x22, 0x22, 0x0,
    0x0, 0xe7, 0x2f, 0x30, 0x0, 0x73, 0x18, 0x10,
    0x0, 0x0, 0x0, 0x0, 0x1, 0xae, 0xfd, 0x60,
    0xd, 0xb2, 0x28, 0xf2, 0x8, 0x10, 0x0, 0xf4,
    0x0, 0x48, 0xad, 0xf5, 0xd, 0xea, 0x73, 0xf5,
    0x5f, 0x10, 0x2, 0xf5, 0x4f, 0x30, 0x1b, 0xf5,
    0x7, 0xed, 0xc5, 0xc9,

    /* U+01E0 "Ǡ" */
    0x0, 0x6, 0xff, 0xff, 0x20, 0x0, 0x0, 0x0,
    0x28, 0x62, 0x0, 0x0, 0x0, 0x0, 0xc, 0x90,
    0x0, 0x0, 0x0, 0x0, 0x0, 0x0, 0x0, 0x0,
    0x0, 0x0, 0x1f, 0xd0, 0x0, 0x0, 0x0, 0x0,
    0x7d, 0xf3, 0x0, 0x0, 0x0, 0x0, 0xd8, 0xca,
    0x0, 0x0, 0x0, 0x3, 0xf4, 0x7f, 0x10, 0x0,
    0x0, 0x9, 0xe0, 0x2f, 0x60, 0x0, 0x0, 0xe,
    0x90, 0xc, 0xd0, 0x0, 0x0, 0x5f, 0x40, 0x7,
    0xf3, 0x0, 0x0, 0xbf, 0xff, 0xff, 0xf9, 0x0,
    0x1, 0xf9, 0x22, 0x22, 0xbf, 0x0, 0x7, 0xf1,
    0x0, 0x0, 0x3f, 0x60, 0xd, 0xb0, 0x0, 0x0,
    0xc, 0xd0,

    /* U+01E1 "ǡ" */
    0x1, 0xff, 0xff, 0x70, 0x0, 0x22, 0x22, 0x10,
    0x0, 0x6, 0xf0, 0x0, 0x0, 0x3, 0x70, 0x0,
    0x0, 0x0, 0x0, 0x0, 0x1, 0xae, 0xfd, 0x60,
    0xd, 0xb2, 0x28, 0xf2, 0x8, 0x10, 0x0, 0xf4,
    0x0, 0x48, 0xad, 0xf5, 0xd, 0xea, 0x73, 0xf5,
    0x5f, 0x10, 0x2, 0xf5, 0x4f, 0x30, 0x1b, 0xf5,
    0x7, 0xed, 0xc5, 0xc9,

    /* U+01E2 "Ǣ" */
    0x0, 0x0, 0x5, 0xff, 0xff, 0x20, 0x0, 0x0,
    0x0, 0x0, 0x2, 0x22, 0x20, 0x0, 0x0, 0x0,
    0x0, 0x1f, 0xff, 0xff, 0xff, 0xff, 0x0, 0x0,
    0x8, 0xf4, 0xeb, 0x44, 0x44, 0x40, 0x0, 0x0,
    0xf9, 0xd, 0x90, 0x0, 0x0, 0x0, 0x0, 0x7f,
    0x20, 0xd9, 0x0, 0x0, 0x0, 0x0, 0xe, 0xb0,
    0xd, 0x90, 0x0, 0x0, 0x0, 0x6, 0xf4, 0x0,
    0xdf, 0xff, 0xff, 0x90, 0x0, 0xdd, 0x0, 0xd,
    0xa3, 0x33, 0x32, 0x0, 0x5f, 0xff, 0xff, 0xf9,
    0x0, 0x0, 0x0, 0xd, 0xd3, 0x33, 0x3e, 0x90,
    0x0, 0x0, 0x4, 0xf5, 0x0, 0x0, 0xdb, 0x44,
    0x44, 0x40, 0xcc, 0x0, 0x0, 0xd, 0xff, 0xff,
    0xff, 0x20,

    /* U+01E3 "ǣ" */
    0x0, 0x0, 0x9f, 0xff, 0xf0, 0x0, 0x0, 0x0,
    0x0, 0x11, 0x11, 0x0, 0x0, 0x0, 0x0, 0x0,
    0x0, 0x0, 0x0, 0x0, 0x2b, 0xef, 0xd4, 0x7e,
    0xfc, 0x30, 0xe, 0x92, 0x29, 0xfd, 0x42, 0x7f,
    0x21, 0x50, 0x0, 0x4f, 0x40, 0x0, 0xc8, 0x1,
    0x8b, 0xee, 0xff, 0xff, 0xff, 0xb1, 0xea, 0x52,
    0x3f, 0x42, 0x22, 0x21, 0x6f, 0x0, 0x6, 0xf5,
    0x0, 0xa, 0x64, 0xf6, 0x25, 0xec, 0xe4, 0x28,
    0xf3, 0x7, 0xef, 0xc4, 0x8, 0xef, 0xc4, 0x0,

    /* U+01E4 "Ǥ" */
    0x0, 0x18, 0xdf, 0xeb, 0x40, 0x0, 0x2e, 0xfd,
    0xab, 0xff, 0x50, 0xc, 0xf8, 0x0, 0x3, 0xed,
    0x2, 0xfe, 0x0, 0x0, 0x0, 0x0, 0x4f, 0xb0,
    0x5, 0xff, 0xff, 0x24, 0xfb, 0x0, 0x13, 0x3d,
    0xf1, 0x2f, 0xe0, 0x5, 0xef, 0xff, 0xe0, 0xcf,
    0x80, 0x1, 0x9f, 0xb1, 0x2, 0xef, 0xda, 0xdf,
    0xe1, 0x0, 0x1, 0x9e, 0xfe, 0xa1, 0x0,

    /* U+01E5 "ǥ" */
    0x1, 0xaf, 0xe8, 0xaf, 0x40, 0xc, 0xfc, 0x8c,
    0xff, 0x40, 0x3f, 0xd0, 0x0, 0xef, 0x40, 0x6f,
    0x90, 0xff, 0xff, 0xf3, 0x5f, 0xb0, 0x33, 0xff,
    0x70, 0xe, 0xf7, 0x38, 0xff, 0x40, 0x4, 0xef,
    0xfd, 0xcf, 0x40, 0x3, 0x44, 0x40, 0xcf, 0x20,
    0xd, 0xf9, 0x7a, 0xfd, 0x0, 0x1, 0x9e, 0xfe,
    0x91, 0x0,

    /* U+01E6 "Ǧ" */
    0x0, 0x4, 0x60, 0x46, 0x0, 0x0, 0x0, 0x1e,
    0xaf, 0x40, 0x0, 0x0, 0x0, 0x48, 0x60, 0x0,
    0x0, 0x0, 0x0, 0x0, 0x0, 0x0, 0x0, 0x19,
    0xdf, 0xea, 0x30, 0x0, 0x2e, 0xfd, 0xbc, 0xff,
    0x30, 0xb, 0xf8, 0x0, 0x5, 0xfd, 0x2, 0xfe,
    0x0, 0x0, 0x6, 0x60, 0x4f, 0xb0, 0x0, 0x22,
    0x22, 0x4, 0xfb, 0x0, 0x5f, 0xff, 0xf2, 0x2f,
    0xe0, 0x1, 0x55, 0xdf, 0x20, 0xcf, 0x80, 0x0,
    0x5f, 0xf2, 0x2, 0xef, 0xdb, 0xcf, 0xdf, 0x20,
    0x1, 0x9e, 0xfe, 0x72, 0xf2,

    /* U+01E7 "ǧ" */
    0x0, 0x8d, 0x1d, 0x80, 0x0, 0x0, 0xcf, 0xc0,
    0x0, 0x0, 0x0, 0x0, 0x0, 0x0, 0x1a, 0xfe,
    0x8a, 0xf4, 0xc, 0xfc, 0x8c, 0xff, 0x43, 0xfd,
    0x0, 0xe, 0xf4, 0x6f, 0x90, 0x0, 0xbf, 0x45,
    0xfb, 0x0, 0xd, 0xf4, 0xe, 0xf7, 0x38, 0xff,
    0x40, 0x4e, 0xff, 0xdc, 0xf4, 0x3, 0x44, 0x40,
    0xcf, 0x20, 0xdf, 0x97, 0xaf, 0xd0, 0x1, 0x9e,
    0xfe, 0x91, 0x0,

    /* U+01E8 "Ǩ" */
    0x0, 0x72, 0x7, 0x20, 0x0, 0x9, 0xdb, 0xc0,
    0x0, 0x0, 0x7, 0x81, 0x0, 0x0, 0x0, 0x0,
    0x0, 0x0, 0xcf, 0x20, 0x3, 0xff, 0x3c, 0xf2,
    0x2, 0xef, 0x40, 0xcf, 0x21, 0xdf, 0x50, 0xc,
    0xf3, 0xdf, 0x70, 0x0, 0xcf, 0xdf, 0xd0, 0x0,
    0xc, 0xff, 0xef, 0x70, 0x0, 0xcf, 0x81, 0xef,
    0x40, 0xc, 0xf2, 0x4, 0xfe, 0x10, 0xcf, 0x20,
    0x7, 0xfb, 0xc, 0xf2, 0x0, 0xb, 0xf8,

    /* U+01E9 "ǩ" */
    0x1e, 0x66, 0xe1, 0x0, 0x0, 0x4, 0xff, 0x50,
    0x0, 0x0, 0x0, 0x0, 0x0, 0x0, 0x0, 0x0,
    0xff, 0x0, 0x0, 0x0, 0x0, 0xff, 0x0, 0x0,
    0x0, 0x0, 0xff, 0x0, 0x3f, 0xf3, 0x0, 0xff,
    0x2, 0xef, 0x30, 0x0, 0xff, 0x2e, 0xf4, 0x0,
    0x0, 0xff, 0xdf, 0xb0, 0x0, 0x0, 0xff, 0xfc,
    0xf4, 0x0, 0x0, 0xff, 0x42, 0xfe, 0x10, 0x0,
    0xff, 0x0, 0x6f, 0xb0, 0x0, 0xff, 0x0, 0xc,
    0xf6,

    /* U+01EA "Ǫ" */
    0x0, 0x7, 0xdf, 0xfb, 0x40, 0x0, 0xc, 0xe7,
    0x44, 0xaf, 0x70, 0x8, 0xf2, 0x0, 0x0, 0x7f,
    0x30, 0xf8, 0x0, 0x0, 0x0, 0xda, 0x3f, 0x40,
    0x0, 0x0, 0x9, 0xe4, 0xf3, 0x0, 0x0, 0x0,
    0x8f, 0x3f, 0x30, 0x0, 0x0, 0x9, 0xe0, 0xf7,
    0x0, 0x0, 0x0, 0xdb, 0x9, 0xe1, 0x0, 0x0,
    0x6f, 0x40, 0xc, 0xe6, 0x23, 0x8f, 0x90, 0x0,
    0x8, 0xef, 0xfd, 0x60, 0x0, 0x0, 0x0, 0xc1,
    0x0, 0x0, 0x0, 0x0, 0xe, 0x41, 0x10, 0x0,
    0x0, 0x0, 0x7f, 0xd2, 0x0,

    /* U+01EB "ǫ" */
    0x1, 0xae, 0xfc, 0x30, 0xc, 0xd3, 0x2a, 0xf1,
    0x4f, 0x20, 0x0, 0xd8, 0x6e, 0x0, 0x0, 0xab,
    0x7e, 0x0, 0x0, 0xab, 0x4f, 0x20, 0x0, 0xd8,
    0xd, 0xc2, 0x18, 0xf2, 0x1, 0xbf, 0xfc, 0x30,
    0x0, 0x6, 0x70, 0x0, 0x0, 0x7, 0x90, 0x20,
    0x0, 0x2, 0xde, 0x70,

    /* U+01EC "Ǭ" */
    0x0, 0x7, 0xff, 0xff, 0x0, 0x0, 0x0, 0x12,
    0x22, 0x20, 0x0, 0x0, 0x7, 0xdf, 0xfb, 0x40,
    0x0, 0xc, 0xe7, 0x44, 0xaf, 0x70, 0x8, 0xf2,
    0x0, 0x0, 0x7f, 0x30, 0xf8, 0x0, 0x0, 0x0,
    0xda, 0x3f, 0x40, 0x0, 0x0, 0x9, 0xe4, 0xf3,
    0x0, 0x0, 0x0, 0x8f, 0x3f, 0x30, 0x0, 0x0,
    0x9, 0xe0, 0xf7, 0x0, 0x0, 0x0, 0xdb, 0x9,
    0xe1, 0x0, 0x0, 0x6f, 0x40, 0xc, 0xe6, 0x23,
    0x8f, 0x90, 0x0, 0x8, 0xef, 0xfd, 0x60, 0x0,
    0x0, 0x0, 0xc1, 0x0, 0x0, 0x0, 0x0, 0xe,
    0x41, 0x10, 0x0, 0x0, 0x0, 0x7f, 0xd2, 0x0,

    /* U+01ED "ǭ" */
    0x4, 0xff, 0xff, 0x40, 0x0, 0x11, 0x11, 0x0,
    0x0, 0x0, 0x0, 0x0, 0x1, 0xae, 0xfc, 0x30,
    0xc, 0xd3, 0x2a, 0xf1, 0x4f, 0x20, 0x0, 0xd8,
    0x6e, 0x0, 0x0, 0xab, 0x7e, 0x0, 0x0, 0xab,
    0x4f, 0x20, 0x0, 0xd8, 0xd, 0xc2, 0x18, 0xf2,
    0x1, 0xbf, 0xfc, 0x30, 0x0, 0x6, 0x70, 0x0,
    0x0, 0x7, 0x90, 0x20, 0x0, 0x2, 0xde, 0x70,

    /* U+01EE "Ǯ" */
    0x1, 0x72, 0x37, 0x0, 0x0, 0x8c, 0xd7, 0x0,
    0x0, 0x7, 0x70, 0x0, 0xf, 0xff, 0xff, 0xf1,
    0x4, 0x44, 0x4d, 0xb0, 0x0, 0x0, 0x8d, 0x0,
    0x0, 0x5, 0xe2, 0x0, 0x0, 0xe, 0xc5, 0x0,
    0x0, 0x6, 0x8f, 0x80, 0x0, 0x0, 0x5, 0xf2,
    0x0, 0x0, 0x0, 0xf5, 0x2e, 0x20, 0x2, 0xf3,
    0xc, 0xb2, 0x3d, 0xc0, 0x1, 0xae, 0xe9, 0x0,

    /* U+01EF "ǯ" */
    0x0, 0xd8, 0x8d, 0x10, 0x0, 0x1d, 0xe2, 0x0,
    0x0, 0x0, 0x0, 0x0, 0xf, 0xff, 0xff, 0xf1,
    0x4, 0x44, 0x4d, 0xb0, 0x0, 0x0, 0x8d, 0x0,
    0x0, 0x5, 0xe2, 0x0, 0x0, 0xe, 0xc5, 0x0,
    0x0, 0x6, 0x8f, 0x80, 0x0, 0x0, 0x5, 0xf2,
    0x0, 0x0, 0x0, 0xf5, 0x2e, 0x10, 0x2, 0xf3,
    0xc, 0xb2, 0x3d, 0xc0, 0x1, 0xae, 0xe9, 0x0,

    /* U+01F0 "ǰ" */
    0x4f, 0x3e, 0x80, 0x7e, 0xa0, 0x0, 0x0, 0x0,
    0xf, 0x50, 0x0, 0xf5, 0x0, 0xf, 0x50, 0x0,
    0xf5, 0x0, 0xf, 0x50, 0x0, 0xf5, 0x0, 0xf,
    0x50, 0x0, 0xf5, 0x0, 0xf, 0x40, 0x15, 0xf3,
    0x8, 0xfa, 0x0,

    /* U+01F1 "Ǳ" */
    0xcf, 0xff, 0xfe, 0x91, 0x0, 0x5f, 0xff, 0xff,
    0xff, 0x5c, 0xb4, 0x44, 0x7e, 0xd0, 0x1, 0x44,
    0x44, 0x4c, 0xf2, 0xca, 0x0, 0x0, 0x2f, 0x60,
    0x0, 0x0, 0x6, 0xf5, 0xc, 0xa0, 0x0, 0x0,
    0xad, 0x0, 0x0, 0x3, 0xf9, 0x0, 0xca, 0x0,
    0x0, 0x7, 0xf0, 0x0, 0x1, 0xec, 0x0, 0xc,
    0xa0, 0x0, 0x0, 0x6f, 0x0, 0x0, 0xbe, 0x10,
    0x0, 0xca, 0x0, 0x0, 0x7, 0xf0, 0x0, 0x8f,
    0x30, 0x0, 0xc, 0xa0, 0x0, 0x0, 0xad, 0x0,
    0x4f, 0x60, 0x0, 0x0, 0xca, 0x0, 0x0, 0x2f,
    0x70, 0x2f, 0xa0, 0x0, 0x0, 0xc, 0xb4, 0x45,
    0x7e, 0xd0, 0xd, 0xe5, 0x44, 0x44, 0x42, 0xcf,
    0xff, 0xfd, 0x81, 0x0, 0xff, 0xff, 0xff, 0xff,
    0x80,

    /* U+01F2 "ǲ" */
    0xcf, 0xff, 0xfe, 0x91, 0x0, 0x0, 0x0, 0x0,
    0xc, 0xb4, 0x44, 0x7e, 0xd0, 0x0, 0x0, 0x0,
    0x0, 0xca, 0x0, 0x0, 0x2f, 0x60, 0x0, 0x0,
    0x0, 0xc, 0xa0, 0x0, 0x0, 0xad, 0x9, 0xff,
    0xff, 0xfb, 0xca, 0x0, 0x0, 0x7, 0xf0, 0x1,
    0x11, 0x6f, 0x3c, 0xa0, 0x0, 0x0, 0x6f, 0x0,
    0x0, 0x3f, 0x50, 0xca, 0x0, 0x0, 0x7, 0xf0,
    0x0, 0x1e, 0x80, 0xc, 0xa0, 0x0, 0x0, 0xad,
    0x0, 0xc, 0xa0, 0x0, 0xca, 0x0, 0x0, 0x2f,
    0x70, 0xa, 0xc0, 0x0, 0xc, 0xb4, 0x45, 0x7e,
    0xd0, 0x8, 0xf6, 0x44, 0x44, 0xcf, 0xff, 0xfd,
    0x81, 0x0, 0xef, 0xff, 0xff, 0xf0,

    /* U+01F3 "ǳ" */
    0x0, 0x0, 0x0, 0xf4, 0x0, 0x0, 0x0, 0x0,
    0x0, 0x0, 0x0, 0xf4, 0x0, 0x0, 0x0, 0x0,
    0x0, 0x0, 0x0, 0xf4, 0x0, 0x0, 0x0, 0x0,
    0x1, 0xbf, 0xe6, 0xf4, 0x1f, 0xff, 0xff, 0xf4,
    0xc, 0xc3, 0x3d, 0xf4, 0x1, 0x11, 0x1c, 0xd0,
    0x3f, 0x20, 0x3, 0xf4, 0x0, 0x0, 0x9e, 0x20,
    0x6f, 0x0, 0x0, 0xf4, 0x0, 0x7, 0xf4, 0x0,
    0x6e, 0x0, 0x0, 0xf4, 0x0, 0x5f, 0x70, 0x0,
    0x3f, 0x10, 0x1, 0xf4, 0x3, 0xfa, 0x0, 0x0,
    0xb, 0xa0, 0xa, 0xf4, 0x1e, 0xc0, 0x0, 0x0,
    0x1, 0xae, 0xd7, 0xf4, 0x6f, 0xee, 0xee, 0xe7,

    /* U+01F4 "Ǵ" */
    0x0, 0x0, 0x4, 0xf5, 0x0, 0x0, 0x0, 0x0,
    0xb8, 0x0, 0x0, 0x0, 0x0, 0x0, 0x0, 0x0,
    0x0, 0x0, 0x6c, 0xef, 0xd8, 0x0, 0x0, 0xaf,
    0x84, 0x47, 0xec, 0x0, 0x7f, 0x30, 0x0, 0x2,
    0xf5, 0xd, 0xa0, 0x0, 0x0, 0x2, 0x1, 0xf6,
    0x0, 0x0, 0x0, 0x0, 0x3f, 0x40, 0x0, 0xdf,
    0xff, 0xb2, 0xf5, 0x0, 0x3, 0x33, 0xbb, 0xe,
    0x90, 0x0, 0x0, 0xa, 0xb0, 0x7f, 0x40, 0x0,
    0x0, 0xcb, 0x0, 0xaf, 0xa5, 0x58, 0xef, 0x50,
    0x0, 0x5c, 0xff, 0xd9, 0x10,

    /* U+01F5 "ǵ" */
    0x0, 0x3, 0xf5, 0x0, 0x0, 0xb, 0x90, 0x0,
    0x0, 0x0, 0x0, 0x0, 0x1, 0xaf, 0xe7, 0xd6,
    0xc, 0xc3, 0x3c, 0xf6, 0x3f, 0x20, 0x2, 0xf6,
    0x6e, 0x0, 0x0, 0xe6, 0x6e, 0x0, 0x0, 0xe6,
    0x3f, 0x20, 0x2, 0xf6, 0xc, 0xc3, 0x3c, 0xf5,
    0x1, 0xaf, 0xe7, 0xf5, 0x14, 0x0, 0x1, 0xf3,
    0xf, 0x82, 0x2a, 0xd0, 0x4, 0xcf, 0xea, 0x10,

    /* U+01FA "Ǻ" */
    0x0, 0x0, 0x4, 0xf5, 0x0, 0x0, 0x0, 0x0,
    0xb, 0x80, 0x0, 0x0, 0x0, 0x0, 0x0, 0x0,
    0x0, 0x0, 0x0, 0x0, 0x18, 0x70, 0x0, 0x0,
    0x0, 0x0, 0x64, 0x82, 0x0, 0x0, 0x0, 0x0,
    0x2f, 0xe0, 0x0, 0x0, 0x0, 0x0, 0x5d, 0xf2,
    0x0, 0x0, 0x0, 0x0, 0xb8, 0xc8, 0x0, 0x0,
    0x0, 0x2, 0xf4, 0x7e, 0x0, 0x0, 0x0, 0x8,
    0xe0, 0x2f, 0x50, 0x0, 0x0, 0xe, 0x90, 0xc,
    0xc0, 0x0, 0x0, 0x4f, 0x40, 0x7, 0xf2, 0x0,
    0x0, 0xaf, 0xff, 0xff, 0xf9, 0x0, 0x1, 0xf9,
    0x22, 0x22, 0xbf, 0x0, 0x7, 0xf1, 0x0, 0x0,
    0x3f, 0x60, 0xd, 0xb0, 0x0, 0x0, 0xc, 0xc0,

    /* U+01FB "ǻ" */
    0x0, 0x0, 0x1, 0x0, 0x0, 0x0, 0xe9, 0x0,
    0x0, 0x6, 0xc0, 0x0, 0x0, 0x0, 0x0, 0x0,
    0x0, 0x9, 0xa2, 0x0, 0x0, 0x17, 0x27, 0x0,
    0x0, 0x7, 0x91, 0x0, 0x1, 0xae, 0xfd, 0x60,
    0xd, 0xb2, 0x28, 0xf2, 0x8, 0x10, 0x0, 0xf4,
    0x0, 0x48, 0xad, 0xf5, 0xd, 0xea, 0x73, 0xf5,
    0x5f, 0x10, 0x2, 0xf5, 0x4f, 0x30, 0x1b, 0xf5,
    0x7, 0xed, 0xc5, 0xc9,

    /* U+01FC "Ǽ" */
    0x0, 0x0, 0x0, 0x0, 0xe, 0x90, 0x0, 0x0,
    0x0, 0x0, 0x0, 0x6, 0xc0, 0x0, 0x0, 0x0,
    0x0, 0x0, 0x0, 0x0, 0x0, 0x0, 0x0, 0x0,
    0x1, 0xff, 0xff, 0xff, 0xff, 0xf0, 0x0, 0x0,
    0x8f, 0x4e, 0xb4, 0x44, 0x44, 0x0, 0x0, 0xf,
    0x90, 0xd9, 0x0, 0x0, 0x0, 0x0, 0x7, 0xf2,
    0xd, 0x90, 0x0, 0x0, 0x0, 0x0, 0xeb, 0x0,
    0xd9, 0x0, 0x0, 0x0, 0x0, 0x6f, 0x40, 0xd,
    0xff, 0xff, 0xf9, 0x0, 0xd, 0xd0, 0x0, 0xda,
    0x33, 0x33, 0x20, 0x5, 0xff, 0xff, 0xff, 0x90,
    0x0, 0x0, 0x0, 0xdd, 0x33, 0x33, 0xe9, 0x0,
    0x0, 0x0, 0x4f, 0x50, 0x0, 0xd, 0xb4, 0x44,
    0x44, 0xc, 0xc0, 0x0, 0x0, 0xdf, 0xff, 0xff,
    0xf2,

    /* U+01FD "ǽ" */
    0x0, 0x0, 0x0, 0xad, 0x0, 0x0, 0x0, 0x0,
    0x0, 0x2f, 0x20, 0x0, 0x0, 0x0, 0x0, 0x0,
    0x0, 0x0, 0x0, 0x0, 0x2b, 0xef, 0xd4, 0x7e,
    0xfc, 0x30, 0xe, 0x92, 0x29, 0xfd, 0x42, 0x7f,
    0x21, 0x50, 0x0, 0x4f, 0x40, 0x0, 0xc8, 0x1,
    0x8b, 0xee, 0xff, 0xff, 0xff, 0xb1, 0xea, 0x52,
    0x3f, 0x42, 0x22, 0x21, 0x6f, 0x0, 0x6, 0xf5,
    0x0, 0xa, 0x64, 0xf6, 0x25, 0xec, 0xe4, 0x28,
    0xf3, 0x7, 0xef, 0xc4, 0x8, 0xef, 0xc4, 0x0,

    /* U+01FE "Ǿ" */
    0x0, 0x0, 0x4, 0xf5, 0x0, 0x0, 0x0, 0x0,
    0xb, 0x80, 0x0, 0x0, 0x0, 0x0, 0x0, 0x0,
    0x0, 0x20, 0x0, 0x7, 0xdf, 0xfb, 0x45, 0xd0,
    0x0, 0xce, 0x74, 0x5a, 0xff, 0x20, 0x8, 0xe2,
    0x0, 0x2, 0xef, 0x30, 0xf, 0x80, 0x0, 0x1d,
    0x5e, 0xa0, 0x3f, 0x40, 0x0, 0xc6, 0x9, 0xd0,
    0x4f, 0x30, 0xb, 0x80, 0x8, 0xf0, 0x2f, 0x40,
    0xa9, 0x0, 0x9, 0xe0, 0xf, 0x88, 0xb0, 0x0,
    0xd, 0xa0, 0x8, 0xfc, 0x0, 0x0, 0x7f, 0x30,
    0x6, 0xff, 0x84, 0x49, 0xf7, 0x0, 0x2e, 0x27,
    0xdf, 0xfb, 0x40, 0x0, 0x1, 0x0, 0x0, 0x0,
    0x0, 0x0,

    /* U+01FF "ǿ" */
    0x0, 0x0, 0x8e, 0x20, 0x0, 0x0, 0xe, 0x40,
    0x0, 0x0, 0x0, 0x0, 0x1, 0x0, 0x6, 0xdf,
    0xd8, 0xd0, 0x6, 0xf7, 0x26, 0xf9, 0x0, 0xd9,
    0x0, 0xbb, 0xf0, 0xf, 0x50, 0x89, 0x2f, 0x20,
    0xf5, 0x4c, 0x2, 0xf3, 0xd, 0xbd, 0x10, 0x6f,
    0x0, 0x5f, 0x92, 0x5e, 0x90, 0xa, 0x9d, 0xfd,
    0x70, 0x0, 0x20, 0x0, 0x0, 0x0,

    /* U+0200 "Ȁ" */
    0x0, 0x1, 0x0, 0x10, 0x0, 0x0, 0x0, 0xa,
    0xd3, 0xf5, 0x0, 0x0, 0x0, 0x0, 0xd5, 0x6c,
    0x0, 0x0, 0x0, 0x0, 0x1f, 0xd0, 0x0, 0x0,
    0x0, 0x0, 0x7d, 0xf3, 0x0, 0x0, 0x0, 0x0,
    0xd8, 0xca, 0x0, 0x0, 0x0, 0x3, 0xf4, 0x7f,
    0x10, 0x0, 0x0, 0x9, 0xe0, 0x2f, 0x60, 0x0,
    0x0, 0xe, 0x90, 0xc, 0xd0, 0x0, 0x0, 0x5f,
    0x40, 0x7, 0xf3, 0x0, 0x0, 0xbf, 0xff, 0xff,
    0xf9, 0x0, 0x1, 0xf9, 0x22, 0x22, 0xbf, 0x0,
    0x7, 0xf1, 0x0, 0x0, 0x3f, 0x60, 0xd, 0xb0,
    0x0, 0x0, 0xc, 0xd0,

    /* U+0201 "ȁ" */
    0x5, 0xf4, 0xcb, 0x0, 0x0, 0x8b, 0x2e, 0x30,
    0x0, 0x0, 0x0, 0x0, 0x1, 0xae, 0xfd, 0x60,
    0xd, 0xb2, 0x28, 0xf2, 0x8, 0x10, 0x0, 0xf4,
    0x0, 0x48, 0xad, 0xf5, 0xd, 0xea, 0x73, 0xf5,
    0x5f, 0x10, 0x2, 0xf5, 0x4f, 0x30, 0x1b, 0xf5,
    0x7, 0xed, 0xc5, 0xc9,

    /* U+0202 "Ȃ" */
    0x0, 0x0, 0x8e, 0xd6, 0x0, 0x0, 0x0, 0x1,
    0x80, 0x18, 0x0, 0x0, 0x0, 0x0, 0x1f, 0xd0,
    0x0, 0x0, 0x0, 0x0, 0x7d, 0xf3, 0x0, 0x0,
    0x0, 0x0, 0xd8, 0xca, 0x0, 0x0, 0x0, 0x3,
    0xf4, 0x7f, 0x10, 0x0, 0x0, 0x9, 0xe0, 0x2f,
    0x60, 0x0, 0x0, 0xe, 0x90, 0xc, 0xd0, 0x0,
    0x0, 0x5f, 0x40, 0x7, 0xf3, 0x0, 0x0, 0xbf,
    0xff, 0xff, 0xf9, 0x0, 0x1, 0xf9, 0x22, 0x22,
    0xbf, 0x0, 0x7, 0xf1, 0x0, 0x0, 0x3f, 0x60,
    0xd, 0xb0, 0x0, 0x0, 0xc, 0xd0,

    /* U+0203 "ȃ" */
    0x0, 0x3d, 0xea, 0x0, 0x0, 0xb4, 0xa, 0x50,
    0x0, 0x0, 0x0, 0x0, 0x1, 0xae, 0xfd, 0x60,
    0xd, 0xb2, 0x28, 0xf2, 0x8, 0x10, 0x0, 0xf4,
    0x0, 0x48, 0xad, 0xf5, 0xd, 0xea, 0x73, 0xf5,
    0x5f, 0x10, 0x2, 0xf5, 0x4f, 0x30, 0x1b, 0xf5,
    0x7, 0xed, 0xc5, 0xc9,

    /* U+0204 "Ȅ" */
    0x0, 0x0, 0x10, 0x0, 0x0, 0x7f, 0x3e, 0x90,
    0x0, 0x0, 0xa9, 0x3e, 0x10, 0xd, 0xff, 0xff,
    0xff, 0xf0, 0xdb, 0x44, 0x44, 0x44, 0xd, 0x90,
    0x0, 0x0, 0x0, 0xd9, 0x0, 0x0, 0x0, 0xd,
    0xa0, 0x0, 0x0, 0x0, 0xdf, 0xff, 0xff, 0xf8,
    0xd, 0xb3, 0x33, 0x33, 0x20, 0xd9, 0x0, 0x0,
    0x0, 0xd, 0x90, 0x0, 0x0, 0x0, 0xdb, 0x44,
    0x44, 0x44, 0xd, 0xff, 0xff, 0xff, 0xf3,

    /* U+0205 "ȅ" */
    0x5, 0xf4, 0xcb, 0x0, 0x0, 0x8b, 0x2e, 0x30,
    0x0, 0x0, 0x0, 0x0, 0x0, 0x9e, 0xfc, 0x30,
    0xa, 0xd3, 0x28, 0xf2, 0x2f, 0x20, 0x0, 0xb8,
    0x5f, 0xff, 0xff, 0xfb, 0x5f, 0x22, 0x22, 0x21,
    0x2f, 0x40, 0x0, 0x96, 0xb, 0xe4, 0x28, 0xf3,
    0x0, 0x9e, 0xfc, 0x40,

    /* U+0206 "Ȇ" */
    0x0, 0x4d, 0xea, 0x0, 0x0, 0x7, 0x20, 0x63,
    0x0, 0xdf, 0xff, 0xff, 0xff, 0xd, 0xb4, 0x44,
    0x44, 0x40, 0xd9, 0x0, 0x0, 0x0, 0xd, 0x90,
    0x0, 0x0, 0x0, 0xda, 0x0, 0x0, 0x0, 0xd,
    0xff, 0xff, 0xff, 0x80, 0xdb, 0x33, 0x33, 0x32,
    0xd, 0x90, 0x0, 0x0, 0x0, 0xd9, 0x0, 0x0,
    0x0, 0xd, 0xb4, 0x44, 0x44, 0x40, 0xdf, 0xff,
    0xff, 0xff, 0x30,

    /* U+0207 "ȇ" */
    0x0, 0x4d, 0xe8, 0x0, 0x0, 0xd2, 0xc, 0x30,
    0x0, 0x0, 0x0, 0x0, 0x0, 0x9e, 0xfc, 0x30,
    0xa, 0xd3, 0x28, 0xf2, 0x2f, 0x20, 0x0, 0xb8,
    0x5f, 0xff, 0xff, 0xfb, 0x5f, 0x22, 0x22, 0x21,
    0x2f, 0x40, 0x0, 0x96, 0xb, 0xe4, 0x28, 0xf3,
    0x0, 0x9e, 0xfc, 0x40,

    /* U+0208 "Ȉ" */
    0x0, 0x1, 0x0, 0x6f, 0x3d, 0xa0, 0x9, 0xa2,
    0xe2, 0x0, 0xad, 0x0, 0x0, 0xad, 0x0, 0x0,
    0xad, 0x0, 0x0, 0xad, 0x0, 0x0, 0xad, 0x0,
    0x0, 0xad, 0x0, 0x0, 0xad, 0x0, 0x0, 0xad,
    0x0, 0x0, 0xad, 0x0, 0x0, 0xad, 0x0, 0x0,
    0xad, 0x0,

    /* U+0209 "ȉ" */
    0x6f, 0x3d, 0xa0, 0x9, 0xa2, 0xf2, 0x0, 0x0,
    0x0, 0x0, 0x9b, 0x0, 0x0, 0x9b, 0x0, 0x0,
    0x9b, 0x0, 0x0, 0x9b, 0x0, 0x0, 0x9b, 0x0,
    0x0, 0x9b, 0x0, 0x0, 0x9b, 0x0, 0x0, 0x9b,
    0x0,

    /* U+020A "Ȋ" */
    0x6, 0xde, 0x80, 0x8, 0x10, 0x71, 0x0, 0xad,
    0x0, 0x0, 0xad, 0x0, 0x0, 0xad, 0x0, 0x0,
    0xad, 0x0, 0x0, 0xad, 0x0, 0x0, 0xad, 0x0,
    0x0, 0xad, 0x0, 0x0, 0xad, 0x0, 0x0, 0xad,
    0x0, 0x0, 0xad, 0x0, 0x0, 0xad, 0x0,

    /* U+020B "ȋ" */
    0x5, 0xee, 0x70, 0xc, 0x21, 0xc1, 0x0, 0x0,
    0x0, 0x0, 0x9b, 0x0, 0x0, 0x9b, 0x0, 0x0,
    0x9b, 0x0, 0x0, 0x9b, 0x0, 0x0, 0x9b, 0x0,
    0x0, 0x9b, 0x0, 0x0, 0x9b, 0x0, 0x0, 0x9b,
    0x0,

    /* U+020C "Ȍ" */
    0x0, 0x1e, 0x98, 0xf1, 0x0, 0x0, 0x0, 0x3f,
    0x1b, 0x80, 0x0, 0x0, 0x0, 0x0, 0x0, 0x0,
    0x0, 0x0, 0x7d, 0xff, 0xb4, 0x0, 0x0, 0xce,
    0x74, 0x49, 0xf7, 0x0, 0x8f, 0x20, 0x0, 0x6,
    0xf3, 0xf, 0x80, 0x0, 0x0, 0xd, 0xa3, 0xf4,
    0x0, 0x0, 0x0, 0x9e, 0x4f, 0x20, 0x0, 0x0,
    0x8, 0xf3, 0xf3, 0x0, 0x0, 0x0, 0x9e, 0xf,
    0x80, 0x0, 0x0, 0xd, 0xa0, 0x8f, 0x20, 0x0,
    0x6, 0xf3, 0x0, 0xce, 0x74, 0x49, 0xf7, 0x0,
    0x0, 0x7d, 0xff, 0xb4, 0x0,

    /* U+020D "ȍ" */
    0x8, 0xf3, 0xe8, 0x0, 0x0, 0xb8, 0x4f, 0x10,
    0x0, 0x0, 0x0, 0x0, 0x0, 0x9e, 0xfc, 0x30,
    0xc, 0xd3, 0x29, 0xf2, 0x4f, 0x20, 0x0, 0xd9,
    0x6f, 0x0, 0x0, 0x9c, 0x6f, 0x0, 0x0, 0x9c,
    0x4f, 0x20, 0x0, 0xd9, 0xc, 0xd3, 0x29, 0xf2,
    0x1, 0x9e, 0xfb, 0x30,

    /* U+020E "Ȏ" */
    0x0, 0x0, 0x6e, 0xc2, 0x0, 0x0, 0x0, 0x2d,
    0x4, 0xc0, 0x0, 0x0, 0x1, 0x30, 0x4, 0x0,
    0x0, 0x0, 0x7d, 0xff, 0xb4, 0x0, 0x0, 0xce,
    0x74, 0x49, 0xf7, 0x0, 0x8f, 0x20, 0x0, 0x6,
    0xf3, 0xf, 0x80, 0x0, 0x0, 0xd, 0xa3, 0xf4,
    0x0, 0x0, 0x0, 0x9e, 0x4f, 0x20, 0x0, 0x0,
    0x8, 0xf3, 0xf3, 0x0, 0x0, 0x0, 0x9e, 0xf,
    0x80, 0x0, 0x0, 0xd, 0xa0, 0x8f, 0x20, 0x0,
    0x6, 0xf3, 0x0, 0xce, 0x74, 0x49, 0xf7, 0x0,
    0x0, 0x7d, 0xff, 0xb4, 0x0,

    /* U+020F "ȏ" */
    0x0, 0x4d, 0xe8, 0x0, 0x0, 0xc3, 0xc, 0x30,
    0x0, 0x0, 0x0, 0x0, 0x0, 0x9e, 0xfc, 0x30,
    0xc, 0xd3, 0x29, 0xf2, 0x4f, 0x20, 0x0, 0xd9,
    0x6f, 0x0, 0x0, 0x9c, 0x6f, 0x0, 0x0, 0x9c,
    0x4f, 0x20, 0x0, 0xd9, 0xc, 0xd3, 0x29, 0xf2,
    0x1, 0x9e, 0xfb, 0x30,

    /* U+0210 "Ȑ" */
    0x0, 0x0, 0x10, 0x0, 0x0, 0x8, 0xf3, 0xe7,
    0x0, 0x0, 0x0, 0xb7, 0x4e, 0x0, 0x0, 0xcf,
    0xff, 0xff, 0xd7, 0x0, 0xcb, 0x33, 0x34, 0x9f,
    0x50, 0xca, 0x0, 0x0, 0xd, 0xb0, 0xca, 0x0,
    0x0, 0xc, 0xb0, 0xca, 0x0, 0x1, 0x7f, 0x60,
    0xcf, 0xff, 0xff, 0xd6, 0x0, 0xcb, 0x34, 0x7f,
    0x60, 0x0, 0xca, 0x0, 0x6, 0xf5, 0x0, 0xca,
    0x0, 0x0, 0xbf, 0x10, 0xca, 0x0, 0x0, 0x1f,
    0xb0, 0xca, 0x0, 0x0, 0x7, 0xf5,

    /* U+0211 "ȑ" */
    0x6f, 0x3d, 0xa0, 0x9, 0xa2, 0xf2, 0x0, 0x0,
    0x0, 0xf, 0x7e, 0xd0, 0xf, 0xd4, 0x40, 0xf,
    0x70, 0x0, 0xf, 0x40, 0x0, 0xf, 0x40, 0x0,
    0xf, 0x40, 0x0, 0xf, 0x40, 0x0, 0xf, 0x40,
    0x0,

    /* U+0212 "Ȓ" */
    0x0, 0x7d, 0xe7, 0x0, 0x0, 0x0, 0x81, 0x8,
    0x10, 0x0, 0xcf, 0xff, 0xff, 0xd7, 0x0, 0xcb,
    0x33, 0x34, 0x9f, 0x50, 0xca, 0x0, 0x0, 0xd,
    0xb0, 0xca, 0x0, 0x0, 0xc, 0xb0, 0xca, 0x0,
    0x1, 0x7f, 0x60, 0xcf, 0xff, 0xff, 0xd6, 0x0,
    0xcb, 0x34, 0x7f, 0x60, 0x0, 0xca, 0x0, 0x6,
    0xf5, 0x0, 0xca, 0x0, 0x0, 0xbf, 0x10, 0xca,
    0x0, 0x0, 0x1f, 0xb0, 0xca, 0x0, 0x0, 0x7,
    0xf5,

    /* U+0213 "ȓ" */
    0xa, 0xed, 0x30, 0x4a, 0x4, 0xa0, 0x0, 0x0,
    0x0, 0xf, 0x7e, 0xd0, 0xf, 0xd4, 0x40, 0xf,
    0x70, 0x0, 0xf, 0x40, 0x0, 0xf, 0x40, 0x0,
    0xf, 0x40, 0x0, 0xf, 0x40, 0x0, 0xf, 0x40,
    0x0,

    /* U+0214 "Ȕ" */
    0x2, 0xf6, 0xae, 0x0, 0x0, 0x5, 0xd1, 0xd6,
    0x0, 0x0, 0x0, 0x0, 0x0, 0xd, 0x90, 0x0,
    0x0, 0xca, 0xd9, 0x0, 0x0, 0xc, 0xad, 0x90,
    0x0, 0x0, 0xca, 0xd9, 0x0, 0x0, 0xc, 0xad,
    0x90, 0x0, 0x0, 0xca, 0xd9, 0x0, 0x0, 0xc,
    0xac, 0x90, 0x0, 0x0, 0xc9, 0xbb, 0x0, 0x0,
    0xe, 0x88, 0xf1, 0x0, 0x2, 0xf5, 0x2f, 0xd6,
    0x57, 0xed, 0x0, 0x2a, 0xef, 0xe9, 0x10,

    /* U+0215 "ȕ" */
    0x5, 0xf4, 0xcb, 0x0, 0x0, 0x8b, 0x2e, 0x30,
    0x0, 0x0, 0x0, 0x0, 0xf, 0x50, 0x0, 0xf4,
    0xf, 0x50, 0x0, 0xf4, 0xf, 0x50, 0x0, 0xf4,
    0xf, 0x50, 0x0, 0xf4, 0xf, 0x50, 0x0, 0xf4,
    0xf, 0x50, 0x2, 0xf4, 0xc, 0xb0, 0x1b, 0xf4,
    0x2, 0xcf, 0xd6, 0xe4,

    /* U+0216 "Ȗ" */
    0x0, 0x1b, 0xe9, 0x0, 0x0, 0x8, 0x70, 0x96,
    0x0, 0x0, 0x10, 0x0, 0x10, 0xd, 0x90, 0x0,
    0x0, 0xca, 0xd9, 0x0, 0x0, 0xc, 0xad, 0x90,
    0x0, 0x0, 0xca, 0xd9, 0x0, 0x0, 0xc, 0xad,
    0x90, 0x0, 0x0, 0xca, 0xd9, 0x0, 0x0, 0xc,
    0xac, 0x90, 0x0, 0x0, 0xc9, 0xbb, 0x0, 0x0,
    0xe, 0x88, 0xf1, 0x0, 0x2, 0xf5, 0x2f, 0xd6,
    0x57, 0xed, 0x0, 0x2a, 0xef, 0xe9, 0x10,

    /* U+0217 "ȗ" */
    0x0, 0x5e, 0xe8, 0x0, 0x0, 0xc2, 0xb, 0x20,
    0x0, 0x0, 0x0, 0x0, 0xf, 0x50, 0x0, 0xf4,
    0xf, 0x50, 0x0, 0xf4, 0xf, 0x50, 0x0, 0xf4,
    0xf, 0x50, 0x0, 0xf4, 0xf, 0x50, 0x0, 0xf4,
    0xf, 0x50, 0x2, 0xf4, 0xc, 0xb0, 0x1b, 0xf4,
    0x2, 0xcf, 0xd6, 0xe4,

    /* U+0218 "Ș" */
    0x0, 0x7d, 0xff, 0xb4, 0x0, 0x9, 0xfe, 0xac,
    0xff, 0x40, 0xf, 0xf2, 0x0, 0x5f, 0xd0, 0xd,
    0xf5, 0x0, 0x4, 0x40, 0x3, 0xef, 0xea, 0x61,
    0x0, 0x0, 0x3, 0x7b, 0xff, 0x60, 0x17, 0x60,
    0x0, 0x2f, 0xf1, 0xf, 0xf4, 0x0, 0xe, 0xf2,
    0x6, 0xff, 0xca, 0xef, 0xc0, 0x0, 0x4b, 0xff,
    0xd9, 0x10, 0x0, 0x0, 0x79, 0x0, 0x0, 0x0,
    0x0, 0xcf, 0x0, 0x0, 0x0, 0x0, 0x8a, 0x0,
    0x0, 0x0, 0x0, 0x72, 0x0, 0x0,

    /* U+0219 "ș" */
    0x2, 0xbe, 0xfd, 0x60, 0xe, 0xf9, 0x7d, 0xf5,
    0x1f, 0xe0, 0x3, 0xa6, 0xc, 0xfd, 0x95, 0x10,
    0x0, 0x59, 0xdf, 0xf3, 0x3a, 0x60, 0x7, 0xfa,
    0x1f, 0xf9, 0x7c, 0xf7, 0x3, 0xbf, 0xfd, 0x80,
    0x0, 0x6, 0x91, 0x0, 0x0, 0xa, 0xf2, 0x0,
    0x0, 0x6, 0xc0, 0x0, 0x0, 0x6, 0x30, 0x0,

    /* U+021A "Ț" */
    0xdf, 0xff, 0xff, 0xff, 0x98, 0xaa, 0xdf, 0xca,
    0xa6, 0x0, 0x9, 0xf5, 0x0, 0x0, 0x0, 0x9f,
    0x50, 0x0, 0x0, 0x9, 0xf5, 0x0, 0x0, 0x0,
    0x9f, 0x50, 0x0, 0x0, 0x9, 0xf5, 0x0, 0x0,
    0x0, 0x9f, 0x50, 0x0, 0x0, 0x9, 0xf5, 0x0,
    0x0, 0x0, 0x9f, 0x50, 0x0, 0x0, 0x4, 0x92,
    0x0, 0x0, 0x0, 0x8f, 0x40, 0x0, 0x0, 0x4,
    0xe0, 0x0, 0x0, 0x0, 0x54, 0x0, 0x0,

    /* U+021B "ț" */
    0x1, 0xfd, 0x0, 0x1, 0xfd, 0x0, 0x5f, 0xff,
    0xff, 0x28, 0xff, 0x77, 0x1, 0xfd, 0x0, 0x1,
    0xfd, 0x0, 0x1, 0xfd, 0x0, 0x0, 0xfd, 0x0,
    0x0, 0xef, 0x87, 0x0, 0x5e, 0xff, 0x0, 0x19,
    0x60, 0x0, 0x2f, 0xa0, 0x0, 0xd, 0x50, 0x0,
    0x27, 0x0,

    /* U+0237 "ȷ" */
    0x0, 0x5f, 0x90, 0x5, 0xf9, 0x0, 0x5f, 0x90,
    0x5, 0xf9, 0x0, 0x5f, 0x90, 0x5, 0xf9, 0x0,
    0x5f, 0x90, 0x5, 0xf8, 0x7, 0xcf, 0x70, 0xff,
    0xb1,

    /* U+1E00 "Ḁ" */
    0x0, 0x0, 0x1f, 0xd0, 0x0, 0x0, 0x0, 0x0,
    0x7b, 0xf3, 0x0, 0x0, 0x0, 0x0, 0xd6, 0xaa,
    0x0, 0x0, 0x0, 0x3, 0xf1, 0x4f, 0x10, 0x0,
    0x0, 0x9, 0xa0, 0xe, 0x60, 0x0, 0x0, 0xe,
    0x40, 0x7, 0xd0, 0x0, 0x0, 0x5f, 0xff, 0xff,
    0xf3, 0x0, 0x0, 0xb9, 0x22, 0x22, 0xc9, 0x0,
    0x1, 0xf4, 0x0, 0x0, 0x6f, 0x0, 0x7, 0xe0,
    0x0, 0x0, 0x1f, 0x60, 0xd, 0xa0, 0x0, 0x0,
    0xb, 0xd0, 0x0, 0x0, 0x19, 0x70, 0x0, 0x0,
    0x0, 0x0, 0x63, 0x72, 0x0, 0x0, 0x0, 0x0,
    0x2a, 0x90, 0x0, 0x0,

    /* U+1E01 "ḁ" */
    0x1, 0xae, 0xfd, 0x60, 0xd, 0xb2, 0x28, 0xf2,
    0x8, 0x10, 0x0, 0xf4, 0x0, 0x48, 0xad, 0xf5,
    0xd, 0xea, 0x73, 0xf5, 0x5f, 0x10, 0x2, 0xf5,
    0x4f, 0x30, 0x1b, 0xf5, 0x7, 0xed, 0xc5, 0xc9,
    0x0, 0x19, 0x70, 0x0, 0x0, 0x62, 0x71, 0x0,
    0x0, 0x2a, 0x90, 0x0,

    /* U+1E02 "Ḃ" */
    0x0, 0x7, 0x30, 0x0, 0x0, 0x0, 0xe7, 0x0,
    0x0, 0x0, 0x0, 0x0, 0x0, 0xe, 0xff, 0xff,
    0xd6, 0x0, 0xea, 0x44, 0x59, 0xf4, 0xe, 0x80,
    0x0, 0xd, 0xa0, 0xe8, 0x0, 0x0, 0xc9, 0xe,
    0x80, 0x1, 0x5d, 0x10, 0xef, 0xff, 0xff, 0xc2,
    0xe, 0xa3, 0x34, 0x7e, 0xd0, 0xe8, 0x0, 0x0,
    0x5f, 0x2e, 0x80, 0x0, 0x6, 0xf2, 0xea, 0x44,
    0x47, 0xeb, 0xe, 0xff, 0xff, 0xe9, 0x10,

    /* U+1E03 "ḃ" */
    0x0, 0x28, 0x0, 0x0, 0x4, 0xf1, 0x0, 0x0,
    0x0, 0x0, 0xf, 0x50, 0x0, 0x0, 0xf5, 0x0,
    0x0, 0xf, 0x50, 0x0, 0x0, 0xf8, 0xcf, 0xd4,
    0xf, 0xf5, 0x29, 0xf1, 0xf8, 0x0, 0xd, 0x8f,
    0x40, 0x0, 0xab, 0xf3, 0x0, 0xa, 0xaf, 0x70,
    0x0, 0xe7, 0xff, 0x52, 0x9e, 0x1f, 0x6d, 0xfc,
    0x30,

    /* U+1E04 "Ḅ" */
    0xef, 0xff, 0xfd, 0x60, 0xe, 0xa4, 0x45, 0x9f,
    0x40, 0xe8, 0x0, 0x0, 0xda, 0xe, 0x80, 0x0,
    0xc, 0x90, 0xe8, 0x0, 0x15, 0xd1, 0xe, 0xff,
    0xff, 0xfc, 0x20, 0xea, 0x33, 0x47, 0xed, 0xe,
    0x80, 0x0, 0x5, 0xf2, 0xe8, 0x0, 0x0, 0x6f,
    0x2e, 0xa4, 0x44, 0x7e, 0xb0, 0xef, 0xff, 0xfe,
    0x91, 0x0, 0x0, 0x0, 0x0, 0x0, 0x0, 0x7,
    0x30, 0x0, 0x0, 0x0, 0xf6, 0x0, 0x0,

    /* U+1E05 "ḅ" */
    0xf5, 0x0, 0x0, 0xf, 0x50, 0x0, 0x0, 0xf5,
    0x0, 0x0, 0xf, 0x8c, 0xfd, 0x40, 0xff, 0x52,
    0x9f, 0x1f, 0x80, 0x0, 0xd8, 0xf4, 0x0, 0xa,
    0xbf, 0x30, 0x0, 0xaa, 0xf7, 0x0, 0xe, 0x7f,
    0xf5, 0x29, 0xe1, 0xf6, 0xdf, 0xc3, 0x0, 0x0,
    0x0, 0x0, 0x0, 0x37, 0x0, 0x0, 0x7, 0xd0,
    0x0,

    /* U+1E06 "Ḇ" */
    0xef, 0xff, 0xfd, 0x60, 0xe, 0xa4, 0x45, 0x9f,
    0x40, 0xe8, 0x0, 0x0, 0xda, 0xe, 0x80, 0x0,
    0xc, 0x90, 0xe8, 0x0, 0x15, 0xd1, 0xe, 0xff,
    0xff, 0xfc, 0x20, 0xea, 0x33, 0x47, 0xed, 0xe,
    0x80, 0x0, 0x5, 0xf2, 0xe8, 0x0, 0x0, 0x6f,
    0x2e, 0xa4, 0x44, 0x7e, 0xb0, 0xef, 0xff, 0xfe,
    0x91, 0x0, 0x0, 0x0, 0x0, 0x0, 0x1, 0x11,
    0x11, 0x0, 0x0, 0xcf, 0xff, 0xc0, 0x0,

    /* U+1E07 "ḇ" */
    0xf5, 0x0, 0x0, 0xf, 0x50, 0x0, 0x0, 0xf5,
    0x0, 0x0, 0xf, 0x8c, 0xfd, 0x40, 0xff, 0x52,
    0x9f, 0x1f, 0x80, 0x0, 0xd8, 0xf4, 0x0, 0xa,
    0xbf, 0x30, 0x0, 0xaa, 0xf7, 0x0, 0xe, 0x7f,
    0xf5, 0x29, 0xe1, 0xf6, 0xdf, 0xc3, 0x0, 0x0,
    0x0, 0x0, 0x1, 0x11, 0x10, 0x4, 0xff, 0xff,
    0x40,

    /* U+1E08 "Ḉ" */
    0x0, 0x0, 0x4, 0xf5, 0x0, 0x0, 0x0, 0x0,
    0xb8, 0x0, 0x0, 0x0, 0x0, 0x0, 0x0, 0x0,
    0x0, 0x0, 0x7d, 0xfe, 0xa2, 0x0, 0x0, 0xce,
    0x74, 0x5b, 0xf3, 0x0, 0x8f, 0x20, 0x0, 0xc,
    0xc0, 0xf, 0x90, 0x0, 0x0, 0x24, 0x2, 0xf5,
    0x0, 0x0, 0x0, 0x0, 0x3f, 0x40, 0x0, 0x0,
    0x0, 0x2, 0xf4, 0x0, 0x0, 0x0, 0x0, 0xf,
    0x80, 0x0, 0x0, 0x4b, 0x10, 0x9e, 0x10, 0x0,
    0xc, 0xd0, 0x1, 0xde, 0x63, 0x4c, 0xf3, 0x0,
    0x1, 0x9e, 0xfe, 0xb3, 0x0, 0x0, 0x0, 0x3f,
    0x50, 0x0, 0x0, 0x0, 0x0, 0x5f, 0x0, 0x0,
    0x0, 0x2, 0xee, 0x90, 0x0, 0x0,

    /* U+1E09 "ḉ" */
    0x0, 0x0, 0xea, 0x0, 0x0, 0x6, 0xd0, 0x0,
    0x0, 0x0, 0x0, 0x0, 0x1, 0x9e, 0xfb, 0x20,
    0xc, 0xd3, 0x2b, 0xd0, 0x3f, 0x30, 0x1, 0x91,
    0x5f, 0x0, 0x0, 0x0, 0x5f, 0x0, 0x0, 0x0,
    0x3f, 0x20, 0x0, 0xd3, 0xc, 0xb1, 0x9, 0xe0,
    0x1, 0xbf, 0xfc, 0x20, 0x0, 0xc, 0x90, 0x0,
    0x0, 0x0, 0xe5, 0x0, 0x0, 0x6e, 0xc1, 0x0,

    /* U+1E0A "Ḋ" */
    0x0, 0x4, 0x60, 0x0, 0x0, 0x0, 0x8, 0xd0,
    0x0, 0x0, 0x0, 0x0, 0x0, 0x0, 0x0, 0xcf,
    0xff, 0xfe, 0x91, 0x0, 0xcb, 0x44, 0x47, 0xed,
    0x0, 0xca, 0x0, 0x0, 0x2f, 0x60, 0xca, 0x0,
    0x0, 0xa, 0xd0, 0xca, 0x0, 0x0, 0x7, 0xf0,
    0xca, 0x0, 0x0, 0x6, 0xf0, 0xca, 0x0, 0x0,
    0x7, 0xf0, 0xca, 0x0, 0x0, 0xa, 0xd0, 0xca,
    0x0, 0x0, 0x2f, 0x70, 0xcb, 0x44, 0x57, 0xed,
    0x0, 0xcf, 0xff, 0xfd, 0x81, 0x0,

    /* U+1E0B "ḋ" */
    0x0, 0x5, 0x50, 0x0, 0x0, 0xa, 0xb0, 0x0,
    0x0, 0x0, 0x0, 0x0, 0x0, 0x0, 0x0, 0xf4,
    0x0, 0x0, 0x0, 0xf4, 0x0, 0x0, 0x0, 0xf4,
    0x1, 0xbf, 0xe6, 0xf4, 0xc, 0xc3, 0x3d, 0xf4,
    0x3f, 0x20, 0x3, 0xf4, 0x6f, 0x0, 0x0, 0xf4,
    0x6e, 0x0, 0x0, 0xf4, 0x3f, 0x10, 0x1, 0xf4,
    0xb, 0xa0, 0xa, 0xf4, 0x1, 0xae, 0xd7, 0xf4,

    /* U+1E0C "Ḍ" */
    0xcf, 0xff, 0xfe, 0x91, 0x0, 0xcb, 0x44, 0x47,
    0xed, 0x0, 0xca, 0x0, 0x0, 0x2f, 0x60, 0xca,
    0x0, 0x0, 0xa, 0xd0, 0xca, 0x0, 0x0, 0x7,
    0xf0, 0xca, 0x0, 0x0, 0x6, 0xf0, 0xca, 0x0,
    0x0, 0x7, 0xf0, 0xca, 0x0, 0x0, 0xa, 0xd0,
    0xca, 0x0, 0x0, 0x2f, 0x70, 0xcb, 0x44, 0x57,
    0xed, 0x0, 0xcf, 0xff, 0xfd, 0x81, 0x0, 0x0,
    0x0, 0x0, 0x0, 0x0, 0x0, 0x5, 0x50, 0x0,
    0x0, 0x0, 0xa, 0xb0, 0x0, 0x0,

    /* U+1E0D "ḍ" */
    0x0, 0x0, 0x0, 0xf4, 0x0, 0x0, 0x0, 0xf4,
    0x0, 0x0, 0x0, 0xf4, 0x1, 0xbf, 0xe6, 0xf4,
    0xc, 0xc3, 0x3d, 0xf4, 0x3f, 0x20, 0x3, 0xf4,
    0x6f, 0x0, 0x0, 0xf4, 0x6e, 0x0, 0x0, 0xf4,
    0x3f, 0x10, 0x1, 0xf4, 0xb, 0xa0, 0xa, 0xf4,
    0x1, 0xae, 0xd7, 0xf4, 0x0, 0x0, 0x0, 0x0,
    0x0, 0x4, 0x60, 0x0, 0x0, 0x9, 0xc0, 0x0,

    /* U+1E0E "Ḏ" */
    0xcf, 0xff, 0xfe, 0x91, 0x0, 0xcb, 0x44, 0x47,
    0xed, 0x0, 0xca, 0x0, 0x0, 0x2f, 0x60, 0xca,
    0x0, 0x0, 0xa, 0xd0, 0xca, 0x0, 0x0, 0x7,
    0xf0, 0xca, 0x0, 0x0, 0x6, 0xf0, 0xca, 0x0,
    0x0, 0x7, 0xf0, 0xca, 0x0, 0x0, 0xa, 0xd0,
    0xca, 0x0, 0x0, 0x2f, 0x70, 0xcb, 0x44, 0x57,
    0xed, 0x0, 0xcf, 0xff, 0xfd, 0x81, 0x0, 0x0,
    0x0, 0x0, 0x0, 0x0, 0x0, 0x11, 0x11, 0x0,
    0x0, 0x5, 0xff, 0xff, 0x40, 0x0,

    /* U+1E0F "ḏ" */
    0x0, 0x0, 0x0, 0xf4, 0x0, 0x0, 0x0, 0xf4,
    0x0, 0x0, 0x0, 0xf4, 0x1, 0xbf, 0xe6, 0xf4,
    0xc, 0xc3, 0x3d, 0xf4, 0x3f, 0x20, 0x3, 0xf4,
    0x6f, 0x0, 0x0, 0xf4, 0x6e, 0x0, 0x0, 0xf4,
    0x3f, 0x10, 0x1, 0xf4, 0xb, 0xa0, 0xa, 0xf4,
    0x1, 0xae, 0xd7, 0xf4, 0x0, 0x0, 0x0, 0x0,
    0x0, 0x11, 0x11, 0x0, 0x5, 0xff, 0xff, 0x40,

    /* U+1E10 "Ḑ" */
    0xcf, 0xff, 0xfe, 0x91, 0x0, 0xcb, 0x44, 0x47,
    0xed, 0x0, 0xca, 0x0, 0x0, 0x2f, 0x60, 0xca,
    0x0, 0x0, 0xa, 0xd0, 0xca, 0x0, 0x0, 0x7,
    0xf0, 0xca, 0x0, 0x0, 0x6, 0xf0, 0xca, 0x0,
    0x0, 0x7, 0xf0, 0xca, 0x0, 0x0, 0xa, 0xd0,
    0xca, 0x0, 0x0, 0x2f, 0x70, 0xcb, 0x44, 0x47,
    0xed, 0x0, 0xcf, 0xff, 0xfe, 0x91, 0x0, 0x0,
    0xa, 0x70, 0x0, 0x0, 0x0, 0x2, 0xd6, 0x0,
    0x0, 0x0, 0x8e, 0xc2, 0x0, 0x0,

    /* U+1E11 "ḑ" */
    0x0, 0x0, 0x0, 0xf4, 0x0, 0x0, 0x0, 0xf4,
    0x0, 0x0, 0x0, 0xf4, 0x1, 0xbf, 0xe6, 0xf4,
    0xc, 0xc3, 0x3d, 0xf4, 0x3f, 0x20, 0x3, 0xf4,
    0x6f, 0x0, 0x0, 0xf4, 0x6e, 0x0, 0x0, 0xf4,
    0x3f, 0x20, 0x2, 0xf4, 0xd, 0xb1, 0x1b, 0xf4,
    0x1, 0xcf, 0xf7, 0xf4, 0x0, 0xb, 0x80, 0x0,
    0x0, 0x1, 0xd6, 0x0, 0x0, 0x8e, 0xc2, 0x0,

    /* U+1E12 "Ḓ" */
    0xcf, 0xff, 0xfe, 0x91, 0x0, 0xcb, 0x44, 0x47,
    0xed, 0x0, 0xca, 0x0, 0x0, 0x2f, 0x60, 0xca,
    0x0, 0x0, 0xa, 0xd0, 0xca, 0x0, 0x0, 0x7,
    0xf0, 0xca, 0x0, 0x0, 0x6, 0xf0, 0xca, 0x0,
    0x0, 0x7, 0xf0, 0xca, 0x0, 0x0, 0xa, 0xd0,
    0xca, 0x0, 0x0, 0x2f, 0x70, 0xcb, 0x44, 0x57,
    0xed, 0x0, 0xcf, 0xff, 0xfd, 0x81, 0x0, 0x0,
    0x0, 0x0, 0x0, 0x0, 0x0, 0x3e, 0xd1, 0x0,
    0x0, 0x1, 0xe6, 0x9c, 0x0, 0x0,

    /* U+1E13 "ḓ" */
    0x0, 0x0, 0x0, 0xf4, 0x0, 0x0, 0x0, 0xf4,
    0x0, 0x0, 0x0, 0xf4, 0x1, 0xbf, 0xe6, 0xf4,
    0xc, 0xc3, 0x3d, 0xf4, 0x3f, 0x20, 0x3, 0xf4,
    0x6f, 0x0, 0x0, 0xf4, 0x6e, 0x0, 0x0, 0xf4,
    0x3f, 0x10, 0x1, 0xf4, 0xb, 0xa0, 0xa, 0xf4,
    0x1, 0xae, 0xd7, 0xf4, 0x0, 0x0, 0x0, 0x0,
    0x0, 0x1d, 0xe3, 0x0, 0x0, 0xbb, 0x5e, 0x20,

    /* U+1E14 "Ḕ" */
    0x0, 0x5f, 0x40, 0x0, 0x0, 0x0, 0x8b, 0x0,
    0x0, 0x0, 0x0, 0x0, 0x0, 0x0, 0x4f, 0xff,
    0xf4, 0x0, 0x0, 0x22, 0x22, 0x0, 0xd, 0xff,
    0xff, 0xff, 0xf0, 0xdb, 0x44, 0x44, 0x44, 0xd,
    0x90, 0x0, 0x0, 0x0, 0xd9, 0x0, 0x0, 0x0,
    0xd, 0xa0, 0x0, 0x0, 0x0, 0xdf, 0xff, 0xff,
    0xf8, 0xd, 0xb3, 0x33, 0x33, 0x20, 0xd9, 0x0,
    0x0, 0x0, 0xd, 0x90, 0x0, 0x0, 0x0, 0xdb,
    0x44, 0x44, 0x44, 0xd, 0xff, 0xff, 0xff, 0xf3,

    /* U+1E15 "ḕ" */
    0x0, 0x1, 0x0, 0x0, 0x0, 0x4f, 0x40, 0x0,
    0x0, 0x7, 0xc0, 0x0, 0x0, 0xff, 0xff, 0x90,
    0x0, 0x11, 0x11, 0x0, 0x0, 0x0, 0x0, 0x0,
    0x0, 0x9e, 0xfc, 0x30, 0xa, 0xd3, 0x28, 0xf2,
    0x2f, 0x20, 0x0, 0xb8, 0x5f, 0xff, 0xff, 0xfb,
    0x5f, 0x22, 0x22, 0x21, 0x2f, 0x40, 0x0, 0x96,
    0xb, 0xe4, 0x28, 0xf3, 0x0, 0x9e, 0xfc, 0x40,

    /* U+1E16 "Ḗ" */
    0x0, 0x1, 0xf7, 0x0, 0x0, 0x0, 0x8b, 0x0,
    0x0, 0x0, 0x0, 0x0, 0x0, 0x0, 0x3f, 0xff,
    0xf5, 0x0, 0x0, 0x22, 0x22, 0x0, 0xd, 0xff,
    0xff, 0xff, 0xf0, 0xdb, 0x44, 0x44, 0x44, 0xd,
    0x90, 0x0, 0x0, 0x0, 0xd9, 0x0, 0x0, 0x0,
    0xd, 0xa0, 0x0, 0x0, 0x0, 0xdf, 0xff, 0xff,
    0xf8, 0xd, 0xb3, 0x33, 0x33, 0x20, 0xd9, 0x0,
    0x0, 0x0, 0xd, 0x90, 0x0, 0x0, 0x0, 0xdb,
    0x44, 0x44, 0x44, 0xd, 0xff, 0xff, 0xff, 0xf3,

    /* U+1E17 "ḗ" */
    0x0, 0x0, 0x1, 0x0, 0x0, 0x0, 0xe9, 0x0,
    0x0, 0x6, 0xc0, 0x0, 0x0, 0xff, 0xff, 0x90,
    0x0, 0x11, 0x11, 0x0, 0x0, 0x0, 0x0, 0x0,
    0x0, 0x9e, 0xfc, 0x30, 0xa, 0xd3, 0x28, 0xf2,
    0x2f, 0x20, 0x0, 0xb8, 0x5f, 0xff, 0xff, 0xfb,
    0x5f, 0x22, 0x22, 0x21, 0x2f, 0x40, 0x0, 0x96,
    0xb, 0xe4, 0x28, 0xf3, 0x0, 0x9e, 0xfc, 0x40,

    /* U+1E18 "Ḙ" */
    0xdf, 0xff, 0xff, 0xff, 0xd, 0xb4, 0x44, 0x44,
    0x40, 0xd9, 0x0, 0x0, 0x0, 0xd, 0x90, 0x0,
    0x0, 0x0, 0xda, 0x0, 0x0, 0x0, 0xd, 0xff,
    0xff, 0xff, 0x80, 0xdb, 0x33, 0x33, 0x32, 0xd,
    0x90, 0x0, 0x0, 0x0, 0xd9, 0x0, 0x0, 0x0,
    0xd, 0xb4, 0x44, 0x44, 0x40, 0xdf, 0xff, 0xff,
    0xff, 0x30, 0x0, 0x0, 0x0, 0x0, 0x0, 0x1d,
    0xe3, 0x0, 0x0, 0xc, 0xa6, 0xe1, 0x0,

    /* U+1E19 "ḙ" */
    0x0, 0x9e, 0xfc, 0x30, 0xa, 0xd3, 0x28, 0xf2,
    0x2f, 0x20, 0x0, 0xb8, 0x5f, 0xff, 0xff, 0xfb,
    0x5f, 0x22, 0x22, 0x21, 0x2f, 0x40, 0x0, 0x96,
    0xb, 0xe4, 0x28, 0xf3, 0x0, 0x9e, 0xfc, 0x40,
    0x0, 0x0, 0x10, 0x0, 0x0, 0xc, 0xf8, 0x0,
    0x0, 0x8d, 0x3f, 0x40,

    /* U+1E1A "Ḛ" */
    0xdf, 0xff, 0xff, 0xff, 0xd, 0xb4, 0x44, 0x44,
    0x40, 0xd9, 0x0, 0x0, 0x0, 0xd, 0x90, 0x0,
    0x0, 0x0, 0xda, 0x0, 0x0, 0x0, 0xd, 0xff,
    0xff, 0xff, 0x80, 0xdb, 0x33, 0x33, 0x32, 0xd,
    0x90, 0x0, 0x0, 0x0, 0xd9, 0x0, 0x0, 0x0,
    0xd, 0xb4, 0x44, 0x44, 0x40, 0xdf, 0xff, 0xff,
    0xff, 0x30, 0x0, 0x0, 0x0, 0x0, 0x0, 0xae,
    0x67, 0x80, 0x0, 0x3d, 0x1b, 0xe2, 0x0,

    /* U+1E1B "ḛ" */
    0x0, 0x9e, 0xfb, 0x10, 0xa, 0xe5, 0x2a, 0xd0,
    0x2f, 0x60, 0x0, 0xe6, 0x5f, 0x10, 0x0, 0xba,
    0x5f, 0xff, 0xff, 0xfb, 0x2f, 0x32, 0x22, 0x32,
    0xb, 0xb3, 0x15, 0xf6, 0x0, 0x9e, 0xfd, 0x60,
    0x0, 0x0, 0x0, 0x0, 0x0, 0x9e, 0x76, 0xa0,
    0x1, 0xe1, 0xae, 0x40,

    /* U+1E1C "Ḝ" */
    0x0, 0x62, 0x5, 0x20, 0x0, 0x4, 0xde, 0xa0,
    0x0, 0x0, 0x0, 0x0, 0x0, 0xd, 0xff, 0xff,
    0xff, 0xf0, 0xdb, 0x44, 0x44, 0x44, 0xd, 0x90,
    0x0, 0x0, 0x0, 0xd9, 0x0, 0x0, 0x0, 0xd,
    0xa0, 0x0, 0x0, 0x0, 0xdf, 0xff, 0xff, 0xf8,
    0xd, 0xb3, 0x33, 0x33, 0x20, 0xd9, 0x0, 0x0,
    0x0, 0xd, 0x90, 0x0, 0x0, 0x0, 0xdb, 0x44,
    0x44, 0x44, 0xd, 0xff, 0xff, 0xff, 0xf3, 0x0,
    0x6, 0xb0, 0x0, 0x0, 0x0, 0x1a, 0xb0, 0x0,
    0x0, 0x4e, 0xe5, 0x0, 0x0,

    /* U+1E1D "ḝ" */
    0x0, 0xb4, 0xa, 0x50, 0x0, 0x2c, 0xe9, 0x0,
    0x0, 0x0, 0x0, 0x0, 0x0, 0x9e, 0xfc, 0x30,
    0xa, 0xd3, 0x28, 0xf2, 0x2f, 0x20, 0x0, 0xb8,
    0x5f, 0xff, 0xff, 0xfb, 0x5f, 0x22, 0x22, 0x21,
    0x3f, 0x40, 0x0, 0x95, 0xc, 0xd3, 0x7, 0xf3,
    0x1, 0xaf, 0xfd, 0x50, 0x0, 0x7, 0xb1, 0x0,
    0x0, 0x0, 0xaa, 0x0, 0x0, 0x5e, 0xd4, 0x0,

    /* U+1E1E "Ḟ" */
    0x0, 0x7, 0x30, 0x0, 0x0, 0xe, 0x70, 0x0,
    0x0, 0x0, 0x0, 0x0, 0xcf, 0xff, 0xff, 0xf7,
    0xcb, 0x44, 0x44, 0x41, 0xca, 0x0, 0x0, 0x0,
    0xca, 0x0, 0x0, 0x0, 0xca, 0x0, 0x0, 0x0,
    0xcf, 0xff, 0xff, 0xa0, 0xcb, 0x33, 0x33, 0x20,
    0xca, 0x0, 0x0, 0x0, 0xca, 0x0, 0x0, 0x0,
    0xca, 0x0, 0x0, 0x0, 0xca, 0x0, 0x0, 0x0,

    /* U+1E1F "ḟ" */
    0x0, 0x64, 0x0, 0xd, 0x80, 0x0, 0x0, 0x0,
    0x3d, 0xf8, 0x9, 0xd4, 0x20, 0xb9, 0x0, 0xef,
    0xff, 0x10, 0xb9, 0x0, 0xb, 0x90, 0x0, 0xb9,
    0x0, 0xb, 0x90, 0x0, 0xb9, 0x0, 0xb, 0x90,
    0x0, 0xb9, 0x0,

    /* U+1E20 "Ḡ" */
    0x0, 0x0, 0x11, 0x11, 0x0, 0x0, 0x0, 0x8f,
    0xff, 0xc0, 0x0, 0x0, 0x2, 0x44, 0x43, 0x0,
    0x0, 0x0, 0x0, 0x0, 0x0, 0x0, 0x0, 0x19,
    0xdf, 0xea, 0x30, 0x0, 0x2e, 0xfd, 0xbc, 0xff,
    0x30, 0xb, 0xf8, 0x0, 0x5, 0xfd, 0x2, 0xfe,
    0x0, 0x0, 0x6, 0x60, 0x4f, 0xb0, 0x0, 0x22,
    0x22, 0x4, 0xfb, 0x0, 0x5f, 0xff, 0xf2, 0x2f,
    0xe0, 0x1, 0x55, 0xdf, 0x20, 0xcf, 0x80, 0x0,
    0x5f, 0xf2, 0x2, 0xef, 0xdb, 0xcf, 0xdf, 0x20,
    0x1, 0x9e, 0xfe, 0x72, 0xf2,

    /* U+1E21 "ḡ" */
    0x0, 0xaf, 0xff, 0xa0, 0x0, 0x4, 0x66, 0x64,
    0x0, 0x1, 0xaf, 0xe8, 0xaf, 0x40, 0xcf, 0xc8,
    0xcf, 0xf4, 0x3f, 0xd0, 0x0, 0xef, 0x46, 0xf9,
    0x0, 0xb, 0xf4, 0x5f, 0xb0, 0x0, 0xdf, 0x40,
    0xef, 0x73, 0x8f, 0xf4, 0x4, 0xef, 0xfd, 0xcf,
    0x40, 0x34, 0x44, 0xc, 0xf2, 0xd, 0xf9, 0x7a,
    0xfd, 0x0, 0x19, 0xef, 0xe9, 0x10,

    /* U+1E22 "Ḣ" */
    0x0, 0x1, 0x81, 0x0, 0x0, 0x0, 0x2f, 0x30,
    0x0, 0x0, 0x0, 0x0, 0x0, 0xc, 0xa0, 0x0,
    0x0, 0xca, 0xca, 0x0, 0x0, 0xc, 0xac, 0xa0,
    0x0, 0x0, 0xca, 0xca, 0x0, 0x0, 0xc, 0xac,
    0xa0, 0x0, 0x0, 0xca, 0xcf, 0xff, 0xff, 0xff,
    0xac, 0xb3, 0x33, 0x33, 0xda, 0xca, 0x0, 0x0,
    0xc, 0xac, 0xa0, 0x0, 0x0, 0xca, 0xca, 0x0,
    0x0, 0xc, 0xac, 0xa0, 0x0, 0x0, 0xca,

    /* U+1E23 "ḣ" */
    0x73, 0x0, 0x0, 0xf, 0x60, 0x0, 0x0, 0x0,
    0x0, 0x0, 0xf, 0x50, 0x0, 0x0, 0xf5, 0x0,
    0x0, 0xf, 0x50, 0x0, 0x0, 0xf7, 0xcf, 0xd6,
    0xf, 0xf6, 0x39, 0xf2, 0xf8, 0x0, 0xf, 0x5f,
    0x50, 0x0, 0xf5, 0xf5, 0x0, 0xf, 0x5f, 0x50,
    0x0, 0xf5, 0xf5, 0x0, 0xf, 0x5f, 0x50, 0x0,
    0xf5,

    /* U+1E24 "Ḥ" */
    0xca, 0x0, 0x0, 0xc, 0xac, 0xa0, 0x0, 0x0,
    0xca, 0xca, 0x0, 0x0, 0xc, 0xac, 0xa0, 0x0,
    0x0, 0xca, 0xca, 0x0, 0x0, 0xc, 0xac, 0xff,
    0xff, 0xff, 0xfa, 0xcb, 0x33, 0x33, 0x3d, 0xac,
    0xa0, 0x0, 0x0, 0xca, 0xca, 0x0, 0x0, 0xc,
    0xac, 0xa0, 0x0, 0x0, 0xca, 0xca, 0x0, 0x0,
    0xc, 0xa0, 0x0, 0x0, 0x0, 0x0, 0x0, 0x1,
    0x81, 0x0, 0x0, 0x0, 0x2f, 0x30, 0x0,

    /* U+1E25 "ḥ" */
    0xf5, 0x0, 0x0, 0xf, 0x50, 0x0, 0x0, 0xf5,
    0x0, 0x0, 0xf, 0x7c, 0xfd, 0x60, 0xff, 0x63,
    0x9f, 0x2f, 0x80, 0x0, 0xf5, 0xf5, 0x0, 0xf,
    0x5f, 0x50, 0x0, 0xf5, 0xf5, 0x0, 0xf, 0x5f,
    0x50, 0x0, 0xf5, 0xf5, 0x0, 0xf, 0x50, 0x0,
    0x0, 0x0, 0x0, 0x37, 0x0, 0x0, 0x6, 0xe0,
    0x0,

    /* U+1E26 "Ḧ" */
    0x0, 0x56, 0x7, 0x30, 0x0, 0x9, 0xc0, 0xe7,
    0x0, 0x0, 0x0, 0x0, 0x0, 0xc, 0xa0, 0x0,
    0x0, 0xca, 0xca, 0x0, 0x0, 0xc, 0xac, 0xa0,
    0x0, 0x0, 0xca, 0xca, 0x0, 0x0, 0xc, 0xac,
    0xa0, 0x0, 0x0, 0xca, 0xcf, 0xff, 0xff, 0xff,
    0xac, 0xb3, 0x33, 0x33, 0xda, 0xca, 0x0, 0x0,
    0xc, 0xac, 0xa0, 0x0, 0x0, 0xca, 0xca, 0x0,
    0x0, 0xc, 0xac, 0xa0, 0x0, 0x0, 0xca,

    /* U+1E27 "ḧ" */
    0x6, 0x40, 0x82, 0x0, 0xd8, 0x1f, 0x40, 0x0,
    0x0, 0x0, 0xf, 0x50, 0x0, 0x0, 0xf5, 0x0,
    0x0, 0xf, 0x50, 0x0, 0x0, 0xf7, 0xcf, 0xd6,
    0xf, 0xf6, 0x39, 0xf2, 0xf8, 0x0, 0xf, 0x5f,
    0x50, 0x0, 0xf5, 0xf5, 0x0, 0xf, 0x5f, 0x50,
    0x0, 0xf5, 0xf5, 0x0, 0xf, 0x5f, 0x50, 0x0,
    0xf5,

    /* U+1E28 "Ḩ" */
    0xc, 0xa0, 0x0, 0x0, 0xca, 0xc, 0xa0, 0x0,
    0x0, 0xca, 0xc, 0xa0, 0x0, 0x0, 0xca, 0xc,
    0xa0, 0x0, 0x0, 0xca, 0xc, 0xa0, 0x0, 0x0,
    0xca, 0xc, 0xff, 0xff, 0xff, 0xfa, 0xc, 0xb3,
    0x33, 0x33, 0xda, 0xc, 0xa0, 0x0, 0x0, 0xca,
    0xc, 0xa0, 0x0, 0x0, 0xca, 0xc, 0xa0, 0x0,
    0x0, 0xca, 0xc, 0xa0, 0x0, 0x0, 0xca, 0x9,
    0x90, 0x0, 0x0, 0x0, 0x1, 0xc7, 0x0, 0x0,
    0x0, 0x7e, 0xd2, 0x0, 0x0, 0x0,

    /* U+1E29 "ḩ" */
    0xf, 0x50, 0x0, 0x0, 0xf, 0x50, 0x0, 0x0,
    0xf, 0x50, 0x0, 0x0, 0xf, 0x7c, 0xfd, 0x60,
    0xf, 0xf6, 0x39, 0xf2, 0xf, 0x80, 0x0, 0xf5,
    0xf, 0x50, 0x0, 0xf5, 0xf, 0x50, 0x0, 0xf5,
    0xf, 0x50, 0x0, 0xf5, 0xf, 0x50, 0x0, 0xf5,
    0xf, 0x50, 0x0, 0xf5, 0xf, 0x30, 0x0, 0x0,
    0x4, 0xf1, 0x0, 0x0, 0xde, 0xa0, 0x0, 0x0,

    /* U+1E2A "Ḫ" */
    0xca, 0x0, 0x0, 0xc, 0xac, 0xa0, 0x0, 0x0,
    0xca, 0xca, 0x0, 0x0, 0xc, 0xac, 0xa0, 0x0,
    0x0, 0xca, 0xca, 0x0, 0x0, 0xc, 0xac, 0xff,
    0xff, 0xff, 0xfa, 0xcb, 0x33, 0x33, 0x3d, 0xac,
    0xa0, 0x0, 0x0, 0xca, 0xca, 0x0, 0x0, 0xc,
    0xac, 0xa0, 0x0, 0x0, 0xca, 0xca, 0x0, 0x0,
    0xc, 0xa0, 0x0, 0x0, 0x0, 0x0, 0x0, 0x86,
    0x8, 0x60, 0x0, 0x2, 0xcf, 0xb0, 0x0,

    /* U+1E2B "ḫ" */
    0xf5, 0x0, 0x0, 0xf, 0x50, 0x0, 0x0, 0xf5,
    0x0, 0x0, 0xf, 0x7c, 0xfd, 0x60, 0xff, 0x63,
    0x9f, 0x2f, 0x80, 0x0, 0xf5, 0xf5, 0x0, 0xf,
    0x5f, 0x50, 0x0, 0xf5, 0xf5, 0x0, 0xf, 0x5f,
    0x50, 0x0, 0xf5, 0xf5, 0x0, 0xf, 0x50, 0x0,
    0x0, 0x0, 0xc, 0x20, 0xc2, 0x0, 0x5e, 0xe8,
    0x0,

    /* U+1E2C "Ḭ" */
    0x0, 0xad, 0x0, 0x0, 0xad, 0x0, 0x0, 0xad,
    0x0, 0x0, 0xad, 0x0, 0x0, 0xad, 0x0, 0x0,
    0xad, 0x0, 0x0, 0xad, 0x0, 0x0, 0xad, 0x0,
    0x0, 0xad, 0x0, 0x0, 0xad, 0x0, 0x0, 0xad,
    0x0, 0x0, 0x0, 0x0, 0xc, 0xd4, 0xa6, 0x5a,
    0x2c, 0xd1,

    /* U+1E2D "ḭ" */
    0x0, 0xf5, 0x0, 0x0, 0x82, 0x0, 0x0, 0x0,
    0x0, 0x0, 0xf5, 0x0, 0x0, 0xf5, 0x0, 0x0,
    0xf5, 0x0, 0x0, 0xf5, 0x0, 0x0, 0xf5, 0x0,
    0x0, 0xf5, 0x0, 0x0, 0xf5, 0x0, 0x0, 0xf5,
    0x0, 0x0, 0x0, 0x0, 0x5e, 0x93, 0xe0, 0xc3,
    0x7e, 0x80,

    /* U+1E2E "Ḯ" */
    0x0, 0x0, 0x0, 0x1f, 0x80, 0x8, 0xb0, 0x7,
    0x31, 0x80, 0xf6, 0x3f, 0x10, 0x0, 0x0, 0xa,
    0xd0, 0x0, 0xad, 0x0, 0xa, 0xd0, 0x0, 0xad,
    0x0, 0xa, 0xd0, 0x0, 0xad, 0x0, 0xa, 0xd0,
    0x0, 0xad, 0x0, 0xa, 0xd0, 0x0, 0xad, 0x0,
    0xa, 0xd0, 0x0,

    /* U+1E2F "ḯ" */
    0x0, 0x0, 0x0, 0x1f, 0x80, 0x8, 0xb0, 0xe,
    0x73, 0xf2, 0x73, 0x18, 0x10, 0x0, 0x0, 0x9,
    0xb0, 0x0, 0x9b, 0x0, 0x9, 0xb0, 0x0, 0x9b,
    0x0, 0x9, 0xb0, 0x0, 0x9b, 0x0, 0x9, 0xb0,
    0x0, 0x9b, 0x0,

    /* U+1E30 "Ḱ" */
    0x0, 0x6, 0xf3, 0x0, 0x0, 0x0, 0xd6, 0x0,
    0x0, 0x0, 0x0, 0x0, 0x0, 0xe, 0x80, 0x0,
    0x9, 0xf4, 0xe8, 0x0, 0x9, 0xf4, 0xe, 0x80,
    0x9, 0xf4, 0x0, 0xe8, 0x9, 0xf4, 0x0, 0xe,
    0x88, 0xf7, 0x0, 0x0, 0xee, 0xfc, 0xe1, 0x0,
    0xe, 0xf4, 0x1e, 0xb0, 0x0, 0xe8, 0x0, 0x4f,
    0x70, 0xe, 0x80, 0x0, 0x9f, 0x30, 0xe8, 0x0,
    0x0, 0xed, 0xe, 0x80, 0x0, 0x4, 0xf9,

    /* U+1E31 "ḱ" */
    0x0, 0x5f, 0x30, 0x0, 0x0, 0xc7, 0x0, 0x0,
    0x0, 0x10, 0x0, 0x0, 0xf, 0x50, 0x0, 0x0,
    0xf, 0x50, 0x0, 0x0, 0xf, 0x50, 0x0, 0x0,
    0xf, 0x50, 0x2e, 0xa0, 0xf, 0x52, 0xea, 0x0,
    0xf, 0x6d, 0xa0, 0x0, 0xf, 0xff, 0x80, 0x0,
    0xf, 0xa6, 0xf2, 0x0, 0xf, 0x50, 0xcc, 0x0,
    0xf, 0x50, 0x2f, 0x70, 0xf, 0x50, 0x7, 0xf2,

    /* U+1E32 "Ḳ" */
    0xe8, 0x0, 0x0, 0x9f, 0x4e, 0x80, 0x0, 0x9f,
    0x40, 0xe8, 0x0, 0x9f, 0x40, 0xe, 0x80, 0x9f,
    0x40, 0x0, 0xe8, 0x8f, 0x70, 0x0, 0xe, 0xef,
    0xce, 0x10, 0x0, 0xef, 0x41, 0xeb, 0x0, 0xe,
    0x80, 0x4, 0xf7, 0x0, 0xe8, 0x0, 0x9, 0xf3,
    0xe, 0x80, 0x0, 0xe, 0xd0, 0xe8, 0x0, 0x0,
    0x4f, 0x90, 0x0, 0x0, 0x0, 0x0, 0x0, 0x6,
    0x40, 0x0, 0x0, 0x0, 0xd8, 0x0, 0x0,

    /* U+1E33 "ḳ" */
    0xf, 0x50, 0x0, 0x0, 0xf, 0x50, 0x0, 0x0,
    0xf, 0x50, 0x0, 0x0, 0xf, 0x50, 0x2e, 0xa0,
    0xf, 0x52, 0xea, 0x0, 0xf, 0x6d, 0xa0, 0x0,
    0xf, 0xff, 0x80, 0x0, 0xf, 0xa6, 0xf2, 0x0,
    0xf, 0x50, 0xcc, 0x0, 0xf, 0x50, 0x2f, 0x70,
    0xf, 0x50, 0x7, 0xf2, 0x0, 0x0, 0x0, 0x0,
    0x0, 0x7, 0x30, 0x0, 0x0, 0xd, 0x70, 0x0,

    /* U+1E34 "Ḵ" */
    0xe8, 0x0, 0x0, 0x9f, 0x4e, 0x80, 0x0, 0x9f,
    0x40, 0xe8, 0x0, 0x9f, 0x40, 0xe, 0x80, 0x9f,
    0x40, 0x0, 0xe8, 0x8f, 0x70, 0x0, 0xe, 0xef,
    0xce, 0x10, 0x0, 0xef, 0x41, 0xeb, 0x0, 0xe,
    0x80, 0x4, 0xf7, 0x0, 0xe8, 0x0, 0x9, 0xf3,
    0xe, 0x80, 0x0, 0xe, 0xd0, 0xe8, 0x0, 0x0,
    0x4f, 0x90, 0x0, 0x0, 0x0, 0x0, 0x0, 0x11,
    0x11, 0x0, 0x0, 0x3f, 0xff, 0xf6, 0x0,

    /* U+1E35 "ḵ" */
    0xf, 0x50, 0x0, 0x0, 0xf, 0x50, 0x0, 0x0,
    0xf, 0x50, 0x0, 0x0, 0xf, 0x50, 0x2e, 0xa0,
    0xf, 0x52, 0xea, 0x0, 0xf, 0x6d, 0xa0, 0x0,
    0xf, 0xff, 0x80, 0x0, 0xf, 0xa6, 0xf2, 0x0,
    0xf, 0x50, 0xcc, 0x0, 0xf, 0x50, 0x2f, 0x70,
    0xf, 0x50, 0x7, 0xf2, 0x0, 0x0, 0x0, 0x0,
    0x0, 0x11, 0x11, 0x0, 0x3, 0xff, 0xff, 0x50,

    /* U+1E36 "Ḷ" */
    0xe8, 0x0, 0x0, 0xe, 0x80, 0x0, 0x0, 0xe8,
    0x0, 0x0, 0xe, 0x80, 0x0, 0x0, 0xe8, 0x0,
    0x0, 0xe, 0x80, 0x0, 0x0, 0xe8, 0x0, 0x0,
    0xe, 0x80, 0x0, 0x0, 0xe8, 0x0, 0x0, 0xe,
    0xa4, 0x44, 0x43, 0xef, 0xff, 0xff, 0xd0, 0x0,
    0x0, 0x0, 0x0, 0x28, 0x0, 0x0, 0x4, 0xf1,
    0x0,

    /* U+1E37 "ḷ" */
    0xf5, 0xf5, 0xf5, 0xf5, 0xf5, 0xf5, 0xf5, 0xf5,
    0xf5, 0xf5, 0xf5, 0x0, 0x73, 0xf6,

    /* U+1E38 "Ḹ" */
    0xe, 0xff, 0xf9, 0x0, 0x22, 0x22, 0x10, 0xe8,
    0x0, 0x0, 0xe, 0x80, 0x0, 0x0, 0xe8, 0x0,
    0x0, 0xe, 0x80, 0x0, 0x0, 0xe8, 0x0, 0x0,
    0xe, 0x80, 0x0, 0x0, 0xe8, 0x0, 0x0, 0xe,
    0x80, 0x0, 0x0, 0xe8, 0x0, 0x0, 0xe, 0xa4,
    0x44, 0x43, 0xef, 0xff, 0xff, 0xd0, 0x0, 0x0,
    0x0, 0x0, 0x28, 0x0, 0x0, 0x4, 0xf1, 0x0,

    /* U+1E39 "ḹ" */
    0x9f, 0xff, 0xe1, 0x22, 0x22, 0x0, 0xf5, 0x0,
    0xf, 0x50, 0x0, 0xf5, 0x0, 0xf, 0x50, 0x0,
    0xf5, 0x0, 0xf, 0x50, 0x0, 0xf5, 0x0, 0xf,
    0x50, 0x0, 0xf5, 0x0, 0xf, 0x50, 0x0, 0xf5,
    0x0, 0x0, 0x0, 0x0, 0x73, 0x0, 0xf, 0x60,

    /* U+1E3A "Ḻ" */
    0xe8, 0x0, 0x0, 0xe, 0x80, 0x0, 0x0, 0xe8,
    0x0, 0x0, 0xe, 0x80, 0x0, 0x0, 0xe8, 0x0,
    0x0, 0xe, 0x80, 0x0, 0x0, 0xe8, 0x0, 0x0,
    0xe, 0x80, 0x0, 0x0, 0xe8, 0x0, 0x0, 0xe,
    0xa4, 0x44, 0x43, 0xef, 0xff, 0xff, 0xd0, 0x0,
    0x0, 0x0, 0x1, 0x11, 0x11, 0x0, 0xdf, 0xff,
    0xb0,

    /* U+1E3B "ḻ" */
    0x0, 0xf5, 0x0, 0xf, 0x50, 0x0, 0xf5, 0x0,
    0xf, 0x50, 0x0, 0xf5, 0x0, 0xf, 0x50, 0x0,
    0xf5, 0x0, 0xf, 0x50, 0x0, 0xf5, 0x0, 0xf,
    0x50, 0x0, 0xf5, 0x0, 0x0, 0x0, 0x11, 0x11,
    0x1a, 0xff, 0xff,

    /* U+1E3C "Ḽ" */
    0xe8, 0x0, 0x0, 0xe, 0x80, 0x0, 0x0, 0xe8,
    0x0, 0x0, 0xe, 0x80, 0x0, 0x0, 0xe8, 0x0,
    0x0, 0xe, 0x80, 0x0, 0x0, 0xe8, 0x0, 0x0,
    0xe, 0x80, 0x0, 0x0, 0xe8, 0x0, 0x0, 0xe,
    0xa4, 0x44, 0x43, 0xef, 0xff, 0xff, 0xd0, 0x0,
    0x0, 0x0, 0x0, 0x9e, 0x80, 0x0, 0x6f, 0x3e,
    0x60,

    /* U+1E3D "ḽ" */
    0x0, 0xf5, 0x0, 0x0, 0xf5, 0x0, 0x0, 0xf5,
    0x0, 0x0, 0xf5, 0x0, 0x0, 0xf5, 0x0, 0x0,
    0xf5, 0x0, 0x0, 0xf5, 0x0, 0x0, 0xf5, 0x0,
    0x0, 0xf5, 0x0, 0x0, 0xf5, 0x0, 0x0, 0xf5,
    0x0, 0x0, 0x0, 0x0, 0x5, 0xeb, 0x0, 0x3f,
    0x4c, 0x90,

    /* U+1E3E "Ḿ" */
    0x0, 0x0, 0xb, 0xc0, 0x0, 0x0, 0x0, 0x3,
    0xe2, 0x0, 0x0, 0x0, 0x0, 0x0, 0x0, 0x0,
    0xd, 0xf6, 0x0, 0x0, 0xb, 0xf5, 0xdf, 0xc0,
    0x0, 0x0, 0xff, 0x5d, 0xaf, 0x10, 0x0, 0x5b,
    0xf5, 0xd7, 0xd6, 0x0, 0xb, 0x6f, 0x5d, 0x78,
    0xb0, 0x1, 0xf1, 0xf5, 0xd7, 0x3f, 0x10, 0x6b,
    0xf, 0x5d, 0x70, 0xd6, 0xb, 0x60, 0xf5, 0xd7,
    0x8, 0xb1, 0xf1, 0xf, 0x5d, 0x70, 0x3f, 0x6b,
    0x0, 0xf5, 0xd7, 0x0, 0xee, 0x60, 0xf, 0x5d,
    0x70, 0x8, 0xf1, 0x0, 0xf5,

    /* U+1E3F "ḿ" */
    0x0, 0x0, 0x0, 0x8e, 0x20, 0x0, 0x0, 0x0,
    0x0, 0xe4, 0x0, 0x0, 0x0, 0x0, 0x0, 0x0,
    0x0, 0x0, 0xf, 0x6d, 0xfd, 0x38, 0xef, 0x90,
    0xf, 0xd2, 0xb, 0xf9, 0x2, 0xf5, 0xf, 0x60,
    0x7, 0xf0, 0x0, 0xd8, 0xf, 0x40, 0x6, 0xe0,
    0x0, 0xc8, 0xf, 0x40, 0x6, 0xe0, 0x0, 0xc8,
    0xf, 0x40, 0x6, 0xe0, 0x0, 0xc8, 0xf, 0x40,
    0x6, 0xe0, 0x0, 0xc8, 0xf, 0x40, 0x6, 0xe0,
    0x0, 0xc8,

    /* U+1E40 "Ṁ" */
    0x0, 0x0, 0x37, 0x0, 0x0, 0x0, 0x0, 0x6,
    0xf0, 0x0, 0x0, 0x0, 0x0, 0x0, 0x0, 0x0,
    0xd, 0xf6, 0x0, 0x0, 0xb, 0xf5, 0xdf, 0xc0,
    0x0, 0x0, 0xff, 0x5d, 0xaf, 0x10, 0x0, 0x5b,
    0xf5, 0xd7, 0xd6, 0x0, 0xb, 0x6f, 0x5d, 0x78,
    0xb0, 0x1, 0xf1, 0xf5, 0xd7, 0x3f, 0x10, 0x6b,
    0xf, 0x5d, 0x70, 0xd6, 0xb, 0x60, 0xf5, 0xd7,
    0x8, 0xb1, 0xf1, 0xf, 0x5d, 0x70, 0x3f, 0x6b,
    0x0, 0xf5, 0xd7, 0x0, 0xee, 0x60, 0xf, 0x5d,
    0x70, 0x8, 0xf1, 0x0, 0xf5,

    /* U+1E41 "ṁ" */
    0x0, 0x0, 0x4, 0xf1, 0x0, 0x0, 0x0, 0x0,
    0x2, 0x80, 0x0, 0x0, 0x0, 0x0, 0x0, 0x0,
    0x0, 0x0, 0xf, 0x6d, 0xfd, 0x38, 0xef, 0x90,
    0xf, 0xd2, 0xb, 0xf9, 0x2, 0xf5, 0xf, 0x60,
    0x7, 0xf0, 0x0, 0xd8, 0xf, 0x40, 0x6, 0xe0,
    0x0, 0xc8, 0xf, 0x40, 0x6, 0xe0, 0x0, 0xc8,
    0xf, 0x40, 0x6, 0xe0, 0x0, 0xc8, 0xf, 0x40,
    0x6, 0xe0, 0x0, 0xc8, 0xf, 0x40, 0x6, 0xe0,
    0x0, 0xc8,

    /* U+1E42 "Ṃ" */
    0xdf, 0x60, 0x0, 0x0, 0xbf, 0x5d, 0xfc, 0x0,
    0x0, 0xf, 0xf5, 0xda, 0xf1, 0x0, 0x5, 0xbf,
    0x5d, 0x7d, 0x60, 0x0, 0xb6, 0xf5, 0xd7, 0x8b,
    0x0, 0x1f, 0x1f, 0x5d, 0x73, 0xf1, 0x6, 0xb0,
    0xf5, 0xd7, 0xd, 0x60, 0xb6, 0xf, 0x5d, 0x70,
    0x8b, 0x1f, 0x10, 0xf5, 0xd7, 0x3, 0xf6, 0xb0,
    0xf, 0x5d, 0x70, 0xe, 0xe6, 0x0, 0xf5, 0xd7,
    0x0, 0x8f, 0x10, 0xf, 0x50, 0x0, 0x0, 0x0,
    0x0, 0x0, 0x0, 0x0, 0x28, 0x0, 0x0, 0x0,
    0x0, 0x5, 0xf0, 0x0, 0x0,

    /* U+1E43 "ṃ" */
    0xf, 0x6d, 0xfd, 0x38, 0xef, 0x90, 0xf, 0xd2,
    0xb, 0xf9, 0x2, 0xf5, 0xf, 0x60, 0x7, 0xf0,
    0x0, 0xd8, 0xf, 0x40, 0x6, 0xe0, 0x0, 0xc8,
    0xf, 0x40, 0x6, 0xe0, 0x0, 0xc8, 0xf, 0x40,
    0x6, 0xe0, 0x0, 0xc8, 0xf, 0x40, 0x6, 0xe0,
    0x0, 0xc8, 0xf, 0x40, 0x6, 0xe0, 0x0, 0xc8,
    0x0, 0x0, 0x0, 0x0, 0x0, 0x0, 0x0, 0x0,
    0x2, 0x80, 0x0, 0x0, 0x0, 0x0, 0x5, 0xf0,
    0x0, 0x0,

    /* U+1E44 "Ṅ" */
    0x0, 0x1, 0x81, 0x0, 0x0, 0x0, 0x2f, 0x30,
    0x0, 0x0, 0x0, 0x0, 0x0, 0xd, 0xe1, 0x0,
    0x0, 0xba, 0xdf, 0x90, 0x0, 0xb, 0xad, 0xdf,
    0x40, 0x0, 0xba, 0xd8, 0xbd, 0x0, 0xb, 0xad,
    0x81, 0xf8, 0x0, 0xba, 0xd8, 0x6, 0xf3, 0xb,
    0xad, 0x80, 0xb, 0xd0, 0xba, 0xd8, 0x0, 0x2f,
    0x8b, 0xad, 0x80, 0x0, 0x7f, 0xda, 0xd8, 0x0,
    0x0, 0xcf, 0xad, 0x80, 0x0, 0x2, 0xfa,

    /* U+1E45 "ṅ" */
    0x0, 0x2f, 0x30, 0x0, 0x1, 0x81, 0x0, 0x0,
    0x0, 0x0, 0xf, 0x6c, 0xfd, 0x60, 0xfe, 0x30,
    0x7f, 0x1f, 0x70, 0x0, 0xf5, 0xf5, 0x0, 0xf,
    0x5f, 0x50, 0x0, 0xf5, 0xf5, 0x0, 0xf, 0x5f,
    0x50, 0x0, 0xf5, 0xf5, 0x0, 0xf, 0x50,

    /* U+1E46 "Ṇ" */
    0xde, 0x10, 0x0, 0xb, 0xad, 0xf9, 0x0, 0x0,
    0xba, 0xdd, 0xf4, 0x0, 0xb, 0xad, 0x8b, 0xd0,
    0x0, 0xba, 0xd8, 0x1f, 0x80, 0xb, 0xad, 0x80,
    0x6f, 0x30, 0xba, 0xd8, 0x0, 0xbd, 0xb, 0xad,
    0x80, 0x2, 0xf8, 0xba, 0xd8, 0x0, 0x7, 0xfd,
    0xad, 0x80, 0x0, 0xc, 0xfa, 0xd8, 0x0, 0x0,
    0x2f, 0xa0, 0x0, 0x0, 0x0, 0x0, 0x0, 0x1,
    0x81, 0x0, 0x0, 0x0, 0x2f, 0x30, 0x0,

    /* U+1E47 "ṇ" */
    0xf6, 0xcf, 0xd6, 0xf, 0xe3, 0x7, 0xf1, 0xf7,
    0x0, 0xf, 0x5f, 0x50, 0x0, 0xf5, 0xf5, 0x0,
    0xf, 0x5f, 0x50, 0x0, 0xf5, 0xf5, 0x0, 0xf,
    0x5f, 0x50, 0x0, 0xf5, 0x0, 0x0, 0x0, 0x0,
    0x2, 0x80, 0x0, 0x0, 0x5f, 0x0, 0x0,

    /* U+1E48 "Ṉ" */
    0xde, 0x10, 0x0, 0xb, 0xad, 0xf9, 0x0, 0x0,
    0xba, 0xdd, 0xf4, 0x0, 0xb, 0xad, 0x8b, 0xd0,
    0x0, 0xba, 0xd8, 0x1f, 0x80, 0xb, 0xad, 0x80,
    0x6f, 0x30, 0xba, 0xd8, 0x0, 0xbd, 0xb, 0xad,
    0x80, 0x2, 0xf8, 0xba, 0xd8, 0x0, 0x7, 0xfd,
    0xad, 0x80, 0x0, 0xc, 0xfa, 0xd8, 0x0, 0x0,
    0x2f, 0xa0, 0x0, 0x0, 0x0, 0x0, 0x0, 0x11,
    0x11, 0x10, 0x0, 0xd, 0xff, 0xfb, 0x0,

    /* U+1E49 "ṉ" */
    0xf6, 0xcf, 0xd6, 0xf, 0xe3, 0x7, 0xf1, 0xf7,
    0x0, 0xf, 0x5f, 0x50, 0x0, 0xf5, 0xf5, 0x0,
    0xf, 0x5f, 0x50, 0x0, 0xf5, 0xf5, 0x0, 0xf,
    0x5f, 0x50, 0x0, 0xf5, 0x0, 0x0, 0x0, 0x0,
    0x11, 0x11, 0x0, 0x1f, 0xff, 0xf8, 0x0,

    /* U+1E4A "Ṋ" */
    0xde, 0x10, 0x0, 0xb, 0xad, 0xf9, 0x0, 0x0,
    0xba, 0xdd, 0xf4, 0x0, 0xb, 0xad, 0x8b, 0xd0,
    0x0, 0xba, 0xd8, 0x1f, 0x80, 0xb, 0xad, 0x80,
    0x6f, 0x30, 0xba, 0xd8, 0x0, 0xbd, 0xb, 0xad,
    0x80, 0x2, 0xf8, 0xba, 0xd8, 0x0, 0x7, 0xfd,
    0xad, 0x80, 0x0, 0xc, 0xfa, 0xd8, 0x0, 0x0,
    0x2f, 0xa0, 0x0, 0x0, 0x0, 0x0, 0x0, 0x7,
    0xea, 0x0, 0x0, 0x4, 0xf3, 0xd8, 0x0,

    /* U+1E4B "ṋ" */
    0xf6, 0xcf, 0xd6, 0xf, 0xe3, 0x7, 0xf1, 0xf7,
    0x0, 0xf, 0x5f, 0x50, 0x0, 0xf5, 0xf5, 0x0,
    0xf, 0x5f, 0x50, 0x0, 0xf5, 0xf5, 0x0, 0xf,
    0x5f, 0x50, 0x0, 0xf5, 0x0, 0x0, 0x0, 0x0,
    0x1d, 0xe3, 0x0, 0xb, 0xb5, 0xe2, 0x0,

    /* U+1E4C "Ṍ" */
    0x0, 0x0, 0x0, 0x10, 0x0, 0x0, 0x0, 0x0,
    0x4f, 0x40, 0x0, 0x0, 0x0, 0xc, 0x70, 0x0,
    0x0, 0x0, 0x2d, 0xb2, 0xb4, 0x0, 0x0, 0x8,
    0x74, 0xeb, 0x0, 0x0, 0x0, 0x0, 0x0, 0x0,
    0x0, 0x0, 0x7, 0xdf, 0xfb, 0x40, 0x0, 0xc,
    0xe7, 0x44, 0x9f, 0x70, 0x8, 0xf2, 0x0, 0x0,
    0x6f, 0x30, 0xf8, 0x0, 0x0, 0x0, 0xda, 0x3f,
    0x40, 0x0, 0x0, 0x9, 0xe4, 0xf2, 0x0, 0x0,
    0x0, 0x8f, 0x3f, 0x30, 0x0, 0x0, 0x9, 0xe0,
    0xf8, 0x0, 0x0, 0x0, 0xda, 0x8, 0xf2, 0x0,
    0x0, 0x6f, 0x30, 0xc, 0xe7, 0x44, 0x9f, 0x70,
    0x0, 0x7, 0xdf, 0xfb, 0x40, 0x0,

    /* U+1E4D "ṍ" */
    0x0, 0x0, 0xea, 0x0, 0x0, 0x5, 0xd0, 0x0,
    0x0, 0x0, 0x0, 0x0, 0x0, 0xbe, 0x46, 0x80,
    0x3, 0xb1, 0xbe, 0x20, 0x0, 0x0, 0x0, 0x0,
    0x0, 0x9e, 0xfc, 0x30, 0xc, 0xd3, 0x29, 0xf2,
    0x4f, 0x20, 0x0, 0xd9, 0x6f, 0x0, 0x0, 0x9c,
    0x6f, 0x0, 0x0, 0x9c, 0x4f, 0x20, 0x0, 0xd9,
    0xc, 0xd3, 0x29, 0xf2, 0x1, 0x9e, 0xfb, 0x30,

    /* U+1E4E "Ṏ" */
    0x0, 0x3, 0xf2, 0x7d, 0x0, 0x0, 0x0, 0x18,
    0x13, 0x70, 0x0, 0x0, 0x2, 0xdb, 0x2b, 0x40,
    0x0, 0x0, 0x87, 0x4e, 0xb0, 0x0, 0x0, 0x0,
    0x0, 0x0, 0x0, 0x0, 0x0, 0x7d, 0xff, 0xb4,
    0x0, 0x0, 0xce, 0x74, 0x49, 0xf7, 0x0, 0x8f,
    0x20, 0x0, 0x6, 0xf3, 0xf, 0x80, 0x0, 0x0,
    0xd, 0xa3, 0xf4, 0x0, 0x0, 0x0, 0x9e, 0x4f,
    0x20, 0x0, 0x0, 0x8, 0xf3, 0xf3, 0x0, 0x0,
    0x0, 0x9e, 0xf, 0x80, 0x0, 0x0, 0xd, 0xa0,
    0x8f, 0x20, 0x0, 0x6, 0xf3, 0x0, 0xce, 0x74,
    0x49, 0xf7, 0x0, 0x0, 0x7d, 0xff, 0xb4, 0x0,

    /* U+1E4F "ṏ" */
    0x0, 0xd8, 0x2f, 0x30, 0x0, 0x64, 0x18, 0x10,
    0x0, 0xbe, 0x46, 0x80, 0x3, 0xb1, 0xbe, 0x20,
    0x0, 0x0, 0x0, 0x0, 0x0, 0x9e, 0xfc, 0x30,
    0xc, 0xd3, 0x29, 0xf2, 0x4f, 0x20, 0x0, 0xd9,
    0x6f, 0x0, 0x0, 0x9c, 0x6f, 0x0, 0x0, 0x9c,
    0x4f, 0x20, 0x0, 0xd9, 0xc, 0xd3, 0x29, 0xf2,
    0x1, 0x9e, 0xfb, 0x30,

    /* U+1E50 "Ṑ" */
    0x0, 0x0, 0x7f, 0x20, 0x0, 0x0, 0x0, 0x0,
    0xa9, 0x0, 0x0, 0x0, 0x0, 0x0, 0x0, 0x0,
    0x0, 0x0, 0x5f, 0xff, 0xf3, 0x0, 0x0, 0x0,
    0x22, 0x22, 0x0, 0x0, 0x0, 0x7d, 0xff, 0xb4,
    0x0, 0x0, 0xce, 0x74, 0x49, 0xf7, 0x0, 0x8f,
    0x20, 0x0, 0x6, 0xf3, 0xf, 0x80, 0x0, 0x0,
    0xd, 0xa3, 0xf4, 0x0, 0x0, 0x0, 0x9e, 0x4f,
    0x20, 0x0, 0x0, 0x8, 0xf3, 0xf3, 0x0, 0x0,
    0x0, 0x9e, 0xf, 0x80, 0x0, 0x0, 0xd, 0xa0,
    0x8f, 0x20, 0x0, 0x6, 0xf3, 0x0, 0xce, 0x74,
    0x49, 0xf7, 0x0, 0x0, 0x7d, 0xff, 0xb4, 0x0,

    /* U+1E51 "ṑ" */
    0x0, 0x1, 0x0, 0x0, 0x0, 0x4f, 0x40, 0x0,
    0x0, 0x7, 0xc0, 0x0, 0x2, 0xff, 0xff, 0x60,
    0x0, 0x11, 0x11, 0x0, 0x0, 0x0, 0x0, 0x0,
    0x0, 0x9e, 0xfc, 0x30, 0xc, 0xd3, 0x29, 0xf2,
    0x4f, 0x20, 0x0, 0xd9, 0x6f, 0x0, 0x0, 0x9c,
    0x6f, 0x0, 0x0, 0x9c, 0x4f, 0x20, 0x0, 0xd9,
    0xc, 0xd3, 0x29, 0xf2, 0x1, 0x9e, 0xfb, 0x30,

    /* U+1E52 "Ṓ" */
    0x0, 0x0, 0x4, 0xf5, 0x0, 0x0, 0x0, 0x0,
    0xb8, 0x0, 0x0, 0x0, 0x0, 0x0, 0x0, 0x0,
    0x0, 0x0, 0x5f, 0xff, 0xf3, 0x0, 0x0, 0x0,
    0x22, 0x22, 0x0, 0x0, 0x0, 0x7d, 0xff, 0xb4,
    0x0, 0x0, 0xce, 0x74, 0x49, 0xf7, 0x0, 0x8f,
    0x20, 0x0, 0x6, 0xf3, 0xf, 0x80, 0x0, 0x0,
    0xd, 0xa3, 0xf4, 0x0, 0x0, 0x0, 0x9e, 0x4f,
    0x20, 0x0, 0x0, 0x8, 0xf3, 0xf3, 0x0, 0x0,
    0x0, 0x9e, 0xf, 0x80, 0x0, 0x0, 0xd, 0xa0,
    0x8f, 0x20, 0x0, 0x6, 0xf3, 0x0, 0xce, 0x74,
    0x49, 0xf7, 0x0, 0x0, 0x7d, 0xff, 0xb4, 0x0,

    /* U+1E53 "ṓ" */
    0x0, 0x0, 0x1, 0x0, 0x0, 0x0, 0xe9, 0x0,
    0x0, 0x6, 0xc0, 0x0, 0x2, 0xff, 0xff, 0x60,
    0x0, 0x11, 0x11, 0x0, 0x0, 0x0, 0x0, 0x0,
    0x0, 0x9e, 0xfc, 0x30, 0xc, 0xd3, 0x29, 0xf2,
    0x4f, 0x20, 0x0, 0xd9, 0x6f, 0x0, 0x0, 0x9c,
    0x6f, 0x0, 0x0, 0x9c, 0x4f, 0x20, 0x0, 0xd9,
    0xc, 0xd3, 0x29, 0xf2, 0x1, 0x9e, 0xfb, 0x30,

    /* U+1E54 "Ṕ" */
    0x0, 0x4, 0xf5, 0x0, 0x0, 0x0, 0xb8, 0x0,
    0x0, 0x0, 0x0, 0x0, 0x0, 0xd, 0xff, 0xff,
    0xeb, 0x20, 0xdb, 0x44, 0x45, 0xde, 0xd, 0x90,
    0x0, 0x3, 0xf4, 0xd9, 0x0, 0x0, 0x3f, 0x4d,
    0x90, 0x1, 0x3c, 0xe0, 0xdf, 0xff, 0xff, 0xd3,
    0xd, 0xa3, 0x33, 0x20, 0x0, 0xd9, 0x0, 0x0,
    0x0, 0xd, 0x90, 0x0, 0x0, 0x0, 0xd9, 0x0,
    0x0, 0x0, 0xd, 0x90, 0x0, 0x0, 0x0,

    /* U+1E55 "ṕ" */
    0x0, 0xe, 0xa0, 0x0, 0x6, 0xd0, 0x0, 0x0,
    0x0, 0x0, 0xf, 0x6c, 0xfd, 0x40, 0xfe, 0x51,
    0x8f, 0x1f, 0x80, 0x0, 0xd8, 0xf4, 0x0, 0xa,
    0xbf, 0x40, 0x0, 0xaa, 0xf7, 0x0, 0xd, 0x8f,
    0xe5, 0x29, 0xe1, 0xf8, 0xcf, 0xc3, 0xf, 0x50,
    0x0, 0x0, 0xf5, 0x0, 0x0, 0xf, 0x50, 0x0,
    0x0,

    /* U+1E56 "Ṗ" */
    0x0, 0x7, 0x30, 0x0, 0x0, 0x0, 0xe7, 0x0,
    0x0, 0x0, 0x0, 0x0, 0x0, 0xd, 0xff, 0xff,
    0xeb, 0x20, 0xdb, 0x44, 0x45, 0xde, 0xd, 0x90,
    0x0, 0x3, 0xf4, 0xd9, 0x0, 0x0, 0x3f, 0x4d,
    0x90, 0x1, 0x3c, 0xe0, 0xdf, 0xff, 0xff, 0xd3,
    0xd, 0xa3, 0x33, 0x20, 0x0, 0xd9, 0x0, 0x0,
    0x0, 0xd, 0x90, 0x0, 0x0, 0x0, 0xd9, 0x0,
    0x0, 0x0, 0xd, 0x90, 0x0, 0x0, 0x0,

    /* U+1E57 "ṗ" */
    0x0, 0x5f, 0x0, 0x0, 0x2, 0x80, 0x0, 0x0,
    0x0, 0x0, 0xf, 0x6c, 0xfd, 0x40, 0xfe, 0x51,
    0x8f, 0x1f, 0x80, 0x0, 0xd8, 0xf4, 0x0, 0xa,
    0xbf, 0x40, 0x0, 0xaa, 0xf7, 0x0, 0xd, 0x8f,
    0xe5, 0x29, 0xe1, 0xf8, 0xcf, 0xc3, 0xf, 0x50,
    0x0, 0x0, 0xf5, 0x0, 0x0, 0xf, 0x50, 0x0,
    0x0,

    /* U+1E58 "Ṙ" */
    0x0, 0x3, 0x70, 0x0, 0x0, 0x0, 0x6, 0xe0,
    0x0, 0x0, 0x0, 0x0, 0x0, 0x0, 0x0, 0xcf,
    0xff, 0xff, 0xd7, 0x0, 0xcb, 0x33, 0x34, 0x9f,
    0x50, 0xca, 0x0, 0x0, 0xd, 0xb0, 0xca, 0x0,
    0x0, 0xc, 0xb0, 0xca, 0x0, 0x1, 0x7f, 0x60,
    0xcf, 0xff, 0xff, 0xd6, 0x0, 0xcb, 0x34, 0x7f,
    0x60, 0x0, 0xca, 0x0, 0x6, 0xf5, 0x0, 0xca,
    0x0, 0x0, 0xbf, 0x10, 0xca, 0x0, 0x0, 0x1f,
    0xb0, 0xca, 0x0, 0x0, 0x7, 0xf5,

    /* U+1E59 "ṙ" */
    0x3, 0xf2, 0x0, 0x1, 0x81, 0x0, 0x0, 0x0,
    0x0, 0xf, 0x7e, 0xd0, 0xf, 0xd4, 0x40, 0xf,
    0x70, 0x0, 0xf, 0x40, 0x0, 0xf, 0x40, 0x0,
    0xf, 0x40, 0x0, 0xf, 0x40, 0x0, 0xf, 0x40,
    0x0,

    /* U+1E5A "Ṛ" */
    0xcf, 0xff, 0xff, 0xd7, 0x0, 0xcb, 0x33, 0x34,
    0x9f, 0x50, 0xca, 0x0, 0x0, 0xd, 0xb0, 0xca,
    0x0, 0x0, 0xc, 0xb0, 0xca, 0x0, 0x1, 0x7f,
    0x60, 0xcf, 0xff, 0xff, 0xd6, 0x0, 0xcb, 0x34,
    0x7f, 0x60, 0x0, 0xca, 0x0, 0x6, 0xf5, 0x0,
    0xca, 0x0, 0x0, 0xbf, 0x10, 0xca, 0x0, 0x0,
    0x1f, 0xb0, 0xca, 0x0, 0x0, 0x7, 0xf5, 0x0,
    0x0, 0x0, 0x0, 0x0, 0x0, 0x3, 0x80, 0x0,
    0x0, 0x0, 0x6, 0xf0, 0x0, 0x0,

    /* U+1E5B "ṛ" */
    0xf, 0x7e, 0xd0, 0xf, 0xd4, 0x40, 0xf, 0x70,
    0x0, 0xf, 0x40, 0x0, 0xf, 0x40, 0x0, 0xf,
    0x40, 0x0, 0xf, 0x40, 0x0, 0xf, 0x40, 0x0,
    0x0, 0x0, 0x0, 0x1, 0x81, 0x0, 0x2, 0xf3,
    0x0,

    /* U+1E5C "Ṝ" */
    0x1, 0xff, 0xff, 0x60, 0x0, 0x0, 0x22, 0x22,
    0x10, 0x0, 0xcf, 0xff, 0xff, 0xd7, 0x0, 0xcb,
    0x33, 0x34, 0x9f, 0x50, 0xca, 0x0, 0x0, 0xd,
    0xb0, 0xca, 0x0, 0x0, 0xc, 0xb0, 0xca, 0x0,
    0x1, 0x7f, 0x60, 0xcf, 0xff, 0xff, 0xd6, 0x0,
    0xcb, 0x34, 0x7f, 0x60, 0x0, 0xca, 0x0, 0x6,
    0xf5, 0x0, 0xca, 0x0, 0x0, 0xbf, 0x10, 0xca,
    0x0, 0x0, 0x1f, 0xb0, 0xca, 0x0, 0x0, 0x7,
    0xf5, 0x0, 0x0, 0x0, 0x0, 0x0, 0x0, 0x3,
    0x80, 0x0, 0x0, 0x0, 0x6, 0xf0, 0x0, 0x0,

    /* U+1E5D "ṝ" */
    0xcf, 0xff, 0xc0, 0x11, 0x11, 0x10, 0x0, 0x0,
    0x0, 0xf, 0x7e, 0xd0, 0xf, 0xd4, 0x40, 0xf,
    0x70, 0x0, 0xf, 0x40, 0x0, 0xf, 0x40, 0x0,
    0xf, 0x40, 0x0, 0xf, 0x40, 0x0, 0xf, 0x40,
    0x0, 0x0, 0x0, 0x0, 0x1, 0x81, 0x0, 0x2,
    0xf3, 0x0,

    /* U+1E5E "Ṟ" */
    0xcf, 0xff, 0xff, 0xd7, 0x0, 0xcb, 0x33, 0x34,
    0x9f, 0x50, 0xca, 0x0, 0x0, 0xd, 0xb0, 0xca,
    0x0, 0x0, 0xc, 0xb0, 0xca, 0x0, 0x1, 0x7f,
    0x60, 0xcf, 0xff, 0xff, 0xd6, 0x0, 0xcb, 0x34,
    0x7f, 0x60, 0x0, 0xca, 0x0, 0x6, 0xf5, 0x0,
    0xca, 0x0, 0x0, 0xbf, 0x10, 0xca, 0x0, 0x0,
    0x1f, 0xb0, 0xca, 0x0, 0x0, 0x7, 0xf5, 0x0,
    0x0, 0x0, 0x0, 0x0, 0x0, 0x11, 0x11, 0x10,
    0x0, 0x0, 0xbf, 0xff, 0xd0, 0x0,

    /* U+1E5F "ṟ" */
    0xf, 0x7e, 0xd0, 0xf, 0xd4, 0x40, 0xf, 0x70,
    0x0, 0xf, 0x40, 0x0, 0xf, 0x40, 0x0, 0xf,
    0x40, 0x0, 0xf, 0x40, 0x0, 0xf, 0x40, 0x0,
    0x0, 0x0, 0x0, 0x11, 0x11, 0x10, 0xef, 0xff,
    0xb0,

    /* U+1E60 "Ṡ" */
    0x0, 0x0, 0x73, 0x0, 0x0, 0x0, 0x0, 0xe7,
    0x0, 0x0, 0x0, 0x0, 0x0, 0x0, 0x0, 0x0,
    0x5c, 0xfe, 0xb4, 0x0, 0x7, 0xf8, 0x55, 0xaf,
    0x50, 0xd, 0x80, 0x0, 0xb, 0xc0, 0xc, 0xb0,
    0x0, 0x2, 0x30, 0x4, 0xfe, 0x95, 0x10, 0x0,
    0x0, 0x28, 0xdf, 0xfa, 0x10, 0x0, 0x0, 0x1,
    0x6e, 0xd0, 0x2a, 0x10, 0x0, 0x4, 0xf2, 0x1f,
    0x70, 0x0, 0x5, 0xf2, 0x9, 0xfa, 0x65, 0x8f,
    0xa0, 0x0, 0x6c, 0xff, 0xd6, 0x0,

    /* U+1E61 "ṡ" */
    0x0, 0xe, 0x70, 0x0, 0x0, 0x73, 0x0, 0x0,
    0x0, 0x0, 0x0, 0x5d, 0xfe, 0x80, 0x2f, 0x51,
    0x4f, 0x64, 0xf3, 0x0, 0x31, 0xb, 0xfe, 0x94,
    0x0, 0x3, 0x7b, 0xf9, 0x38, 0x0, 0x8, 0xe3,
    0xf7, 0x23, 0xda, 0x5, 0xcf, 0xe9, 0x0,

    /* U+1E62 "Ṣ" */
    0x0, 0x5c, 0xfe, 0xb4, 0x0, 0x7, 0xf8, 0x55,
    0xaf, 0x50, 0xd, 0x80, 0x0, 0xb, 0xc0, 0xc,
    0xb0, 0x0, 0x2, 0x30, 0x4, 0xfe, 0x95, 0x10,
    0x0, 0x0, 0x28, 0xdf, 0xfa, 0x10, 0x0, 0x0,
    0x1, 0x6e, 0xd0, 0x2a, 0x10, 0x0, 0x4, 0xf2,
    0x1f, 0x70, 0x0, 0x5, 0xf2, 0x9, 0xfa, 0x65,
    0x8f, 0xa0, 0x0, 0x6c, 0xff, 0xd6, 0x0, 0x0,
    0x0, 0x0, 0x0, 0x0, 0x0, 0x0, 0x55, 0x0,
    0x0, 0x0, 0x0, 0xab, 0x0, 0x0,

    /* U+1E63 "ṣ" */
    0x5, 0xdf, 0xe8, 0x2, 0xf5, 0x14, 0xf6, 0x4f,
    0x30, 0x3, 0x10, 0xbf, 0xe9, 0x40, 0x0, 0x37,
    0xbf, 0x93, 0x80, 0x0, 0x8e, 0x3f, 0x72, 0x3d,
    0xa0, 0x5c, 0xfe, 0x90, 0x0, 0x0, 0x0, 0x0,
    0x0, 0x73, 0x0, 0x0, 0xf, 0x60, 0x0,

    /* U+1E64 "Ṥ" */
    0x0, 0x6, 0x30, 0x0, 0x0, 0x0, 0xd, 0x76,
    0xf3, 0x0, 0x0, 0x0, 0xd, 0x60, 0x0, 0x0,
    0x0, 0x0, 0x0, 0x0, 0x0, 0x5c, 0xfe, 0xb4,
    0x0, 0x7, 0xf8, 0x55, 0xaf, 0x50, 0xd, 0x80,
    0x0, 0xb, 0xc0, 0xc, 0xb0, 0x0, 0x2, 0x30,
    0x4, 0xfe, 0x95, 0x10, 0x0, 0x0, 0x28, 0xdf,
    0xfa, 0x10, 0x0, 0x0, 0x1, 0x6e, 0xd0, 0x2a,
    0x10, 0x0, 0x4, 0xf2, 0x1f, 0x70, 0x0, 0x5,
    0xf2, 0x9, 0xfa, 0x65, 0x8f, 0xa0, 0x0, 0x6c,
    0xff, 0xd6, 0x0,

    /* U+1E65 "ṥ" */
    0x5, 0xf0, 0x0, 0x0, 0x28, 0xe, 0xa0, 0x0,
    0x6, 0xd0, 0x0, 0x0, 0x0, 0x0, 0x5, 0xdf,
    0xe8, 0x2, 0xf5, 0x14, 0xf6, 0x4f, 0x30, 0x3,
    0x10, 0xbf, 0xe9, 0x40, 0x0, 0x37, 0xbf, 0x93,
    0x80, 0x0, 0x8e, 0x3f, 0x72, 0x3d, 0xa0, 0x5c,
    0xfe, 0x90,

    /* U+1E66 "Ṧ" */
    0x0, 0x0, 0xba, 0x0, 0x0, 0x0, 0x0, 0x55,
    0x0, 0x0, 0x0, 0x1a, 0x44, 0xa0, 0x0, 0x0,
    0x6, 0xde, 0x60, 0x0, 0x0, 0x0, 0x66, 0x0,
    0x0, 0x0, 0x5c, 0xfe, 0xb4, 0x0, 0x7, 0xf8,
    0x55, 0xaf, 0x50, 0xd, 0x80, 0x0, 0xb, 0xc0,
    0xc, 0xb0, 0x0, 0x2, 0x30, 0x4, 0xfe, 0x95,
    0x10, 0x0, 0x0, 0x28, 0xdf, 0xfa, 0x10, 0x0,
    0x0, 0x1, 0x6e, 0xd0, 0x2a, 0x10, 0x0, 0x4,
    0xf2, 0x1f, 0x70, 0x0, 0x5, 0xf2, 0x9, 0xfa,
    0x65, 0x8f, 0xa0, 0x0, 0x6c, 0xff, 0xd6, 0x0,

    /* U+1E67 "ṧ" */
    0x0, 0x7, 0x30, 0x0, 0x0, 0xe7, 0x0, 0x0,
    0x0, 0x0, 0x0, 0x3f, 0x4c, 0xb0, 0x0, 0x5f,
    0xd1, 0x0, 0x0, 0x10, 0x0, 0x5, 0xdf, 0xe8,
    0x2, 0xf5, 0x14, 0xf6, 0x4f, 0x30, 0x3, 0x10,
    0xbf, 0xe9, 0x40, 0x0, 0x37, 0xbf, 0x93, 0x80,
    0x0, 0x8e, 0x3f, 0x72, 0x3d, 0xa0, 0x5c, 0xfe,
    0x90,

    /* U+1E68 "Ṩ" */
    0x0, 0x0, 0x55, 0x0, 0x0, 0x0, 0x0, 0xab,
    0x0, 0x0, 0x0, 0x0, 0x0, 0x0, 0x0, 0x0,
    0x5c, 0xfe, 0xb4, 0x0, 0x7, 0xf8, 0x55, 0xaf,
    0x50, 0xd, 0x80, 0x0, 0xb, 0xc0, 0xc, 0xb0,
    0x0, 0x2, 0x30, 0x4, 0xfe, 0x95, 0x10, 0x0,
    0x0, 0x28, 0xdf, 0xfa, 0x10, 0x0, 0x0, 0x1,
    0x6e, 0xd0, 0x2a, 0x10, 0x0, 0x4, 0xf2, 0x1f,
    0x70, 0x0, 0x5, 0xf2, 0x9, 0xfa, 0x65, 0x8f,
    0xa0, 0x0, 0x6c, 0xff, 0xd6, 0x0, 0x0, 0x0,
    0x0, 0x0, 0x0, 0x0, 0x0, 0x55, 0x0, 0x0,
    0x0, 0x0, 0xab, 0x0, 0x0,

    /* U+1E69 "ṩ" */
    0x0, 0xe, 0x70, 0x0, 0x0, 0x73, 0x0, 0x0,
    0x0, 0x0, 0x0, 0x5d, 0xfe, 0x80, 0x2f, 0x51,
    0x4f, 0x64, 0xf3, 0x0, 0x31, 0xb, 0xfe, 0x94,
    0x0, 0x3, 0x7b, 0xf9, 0x38, 0x0, 0x8, 0xe3,
    0xf7, 0x23, 0xda, 0x5, 0xcf, 0xe9, 0x0, 0x0,
    0x0, 0x0, 0x0, 0x7, 0x30, 0x0, 0x0, 0xe7,
    0x0,

    /* U+1E6A "Ṫ" */
    0x0, 0x0, 0x82, 0x0, 0x0, 0x0, 0xf, 0x40,
    0x0, 0x0, 0x0, 0x0, 0x0, 0xa, 0xff, 0xff,
    0xff, 0xfd, 0x34, 0x46, 0xf7, 0x44, 0x30, 0x0,
    0x2f, 0x40, 0x0, 0x0, 0x2, 0xf4, 0x0, 0x0,
    0x0, 0x2f, 0x40, 0x0, 0x0, 0x2, 0xf4, 0x0,
    0x0, 0x0, 0x2f, 0x40, 0x0, 0x0, 0x2, 0xf4,
    0x0, 0x0, 0x0, 0x2f, 0x40, 0x0, 0x0, 0x2,
    0xf4, 0x0, 0x0, 0x0, 0x2f, 0x40, 0x0,

    /* U+1E6B "ṫ" */
    0x6, 0x40, 0x0, 0xc9, 0x0, 0x0, 0x0, 0x0,
    0x25, 0x0, 0xc, 0x80, 0x0, 0xc8, 0x0, 0xcf,
    0xfd, 0x0, 0xc8, 0x0, 0xc, 0x80, 0x0, 0xc8,
    0x0, 0xc, 0x80, 0x0, 0xc8, 0x0, 0xb, 0xb3,
    0x0, 0x5e, 0xe0,

    /* U+1E6C "Ṭ" */
    0xaf, 0xff, 0xff, 0xff, 0xd3, 0x44, 0x6f, 0x74,
    0x43, 0x0, 0x2, 0xf4, 0x0, 0x0, 0x0, 0x2f,
    0x40, 0x0, 0x0, 0x2, 0xf4, 0x0, 0x0, 0x0,
    0x2f, 0x40, 0x0, 0x0, 0x2, 0xf4, 0x0, 0x0,
    0x0, 0x2f, 0x40, 0x0, 0x0, 0x2, 0xf4, 0x0,
    0x0, 0x0, 0x2f, 0x40, 0x0, 0x0, 0x2, 0xf4,
    0x0, 0x0, 0x0, 0x0, 0x0, 0x0, 0x0, 0x1,
    0x81, 0x0, 0x0, 0x0, 0x2f, 0x30, 0x0,

    /* U+1E6D "ṭ" */
    0x2, 0x40, 0x0, 0xc8, 0x0, 0xc, 0x80, 0xc,
    0xff, 0xd0, 0xc, 0x80, 0x0, 0xc8, 0x0, 0xc,
    0x80, 0x0, 0xc8, 0x0, 0xc, 0x80, 0x0, 0xbb,
    0x30, 0x5, 0xee, 0x0, 0x0, 0x0, 0x1, 0x81,
    0x0, 0x3f, 0x20,

    /* U+1E6E "Ṯ" */
    0xaf, 0xff, 0xff, 0xff, 0xd3, 0x44, 0x6f, 0x74,
    0x43, 0x0, 0x2, 0xf4, 0x0, 0x0, 0x0, 0x2f,
    0x40, 0x0, 0x0, 0x2, 0xf4, 0x0, 0x0, 0x0,
    0x2f, 0x40, 0x0, 0x0, 0x2, 0xf4, 0x0, 0x0,
    0x0, 0x2f, 0x40, 0x0, 0x0, 0x2, 0xf4, 0x0,
    0x0, 0x0, 0x2f, 0x40, 0x0, 0x0, 0x2, 0xf4,
    0x0, 0x0, 0x0, 0x0, 0x0, 0x0, 0x0, 0x11,
    0x11, 0x10, 0x0, 0xc, 0xff, 0xfc, 0x0,

    /* U+1E6F "ṯ" */
    0x0, 0x24, 0x0, 0x0, 0xc8, 0x0, 0x0, 0xc8,
    0x0, 0xc, 0xff, 0xd0, 0x0, 0xc8, 0x0, 0x0,
    0xc8, 0x0, 0x0, 0xc8, 0x0, 0x0, 0xc8, 0x0,
    0x0, 0xc8, 0x0, 0x0, 0xbb, 0x30, 0x0, 0x5e,
    0xe0, 0x0, 0x0, 0x0, 0x1, 0x11, 0x10, 0x2f,
    0xff, 0xf6,

    /* U+1E70 "Ṱ" */
    0xaf, 0xff, 0xff, 0xff, 0xd3, 0x44, 0x6f, 0x74,
    0x43, 0x0, 0x2, 0xf4, 0x0, 0x0, 0x0, 0x2f,
    0x40, 0x0, 0x0, 0x2, 0xf4, 0x0, 0x0, 0x0,
    0x2f, 0x40, 0x0, 0x0, 0x2, 0xf4, 0x0, 0x0,
    0x0, 0x2f, 0x40, 0x0, 0x0, 0x2, 0xf4, 0x0,
    0x0, 0x0, 0x2f, 0x40, 0x0, 0x0, 0x2, 0xf4,
    0x0, 0x0, 0x0, 0x0, 0x0, 0x0, 0x0, 0x8,
    0xe9, 0x0, 0x0, 0x5, 0xf3, 0xe7, 0x0,

    /* U+1E71 "ṱ" */
    0x2, 0x40, 0x0, 0xc8, 0x0, 0xc, 0x80, 0xc,
    0xff, 0xd0, 0xc, 0x80, 0x0, 0xc8, 0x0, 0xc,
    0x80, 0x0, 0xc8, 0x0, 0xc, 0x80, 0x0, 0xbb,
    0x30, 0x5, 0xee, 0x0, 0x0, 0x0, 0xb, 0xf7,
    0x8, 0xe3, 0xf5,

    /* U+1E72 "Ṳ" */
    0xd9, 0x0, 0x0, 0xc, 0xad, 0x90, 0x0, 0x0,
    0xca, 0xd9, 0x0, 0x0, 0xc, 0xad, 0x90, 0x0,
    0x0, 0xca, 0xd9, 0x0, 0x0, 0xc, 0xad, 0x90,
    0x0, 0x0, 0xca, 0xc9, 0x0, 0x0, 0xc, 0x9b,
    0xb0, 0x0, 0x0, 0xe8, 0x8f, 0x10, 0x0, 0x2f,
    0x52, 0xfd, 0x65, 0x7e, 0xd0, 0x2, 0xae, 0xfe,
    0x91, 0x0, 0x0, 0x0, 0x0, 0x0, 0x0, 0x55,
    0x8, 0x30, 0x0, 0xb, 0xa0, 0xf6, 0x0,

    /* U+1E73 "ṳ" */
    0xf, 0x50, 0x0, 0xf4, 0xf, 0x50, 0x0, 0xf4,
    0xf, 0x50, 0x0, 0xf4, 0xf, 0x50, 0x0, 0xf4,
    0xf, 0x50, 0x0, 0xf4, 0xf, 0x50, 0x2, 0xf4,
    0xc, 0xb0, 0x1b, 0xf4, 0x2, 0xcf, 0xd6, 0xe4,
    0x0, 0x0, 0x0, 0x0, 0x0, 0x73, 0x18, 0x0,
    0x0, 0xf6, 0x3f, 0x10,

    /* U+1E74 "Ṵ" */
    0xd9, 0x0, 0x0, 0xc, 0xad, 0x90, 0x0, 0x0,
    0xca, 0xd9, 0x0, 0x0, 0xc, 0xad, 0x90, 0x0,
    0x0, 0xca, 0xd9, 0x0, 0x0, 0xc, 0xad, 0x90,
    0x0, 0x0, 0xca, 0xc9, 0x0, 0x0, 0xc, 0x9b,
    0xb0, 0x0, 0x0, 0xe8, 0x8f, 0x10, 0x0, 0x2f,
    0x52, 0xfd, 0x65, 0x7e, 0xd0, 0x2, 0xae, 0xfe,
    0x91, 0x0, 0x0, 0x0, 0x0, 0x0, 0x0, 0x6e,
    0x83, 0xd0, 0x0, 0xe, 0x28, 0xe6, 0x0,

    /* U+1E75 "ṵ" */
    0xf, 0x50, 0x0, 0xf4, 0xf, 0x50, 0x0, 0xf4,
    0xf, 0x50, 0x0, 0xf4, 0xf, 0x50, 0x0, 0xf4,
    0xf, 0x50, 0x0, 0xf4, 0xf, 0x50, 0x2, 0xf4,
    0xc, 0xb0, 0x1b, 0xf4, 0x2, 0xcf, 0xd6, 0xe4,
    0x0, 0x0, 0x0, 0x0, 0x0, 0xbd, 0x58, 0x80,
    0x3, 0xc2, 0xbe, 0x20,

    /* U+1E76 "Ṷ" */
    0xd9, 0x0, 0x0, 0xc, 0xad, 0x90, 0x0, 0x0,
    0xca, 0xd9, 0x0, 0x0, 0xc, 0xad, 0x90, 0x0,
    0x0, 0xca, 0xd9, 0x0, 0x0, 0xc, 0xad, 0x90,
    0x0, 0x0, 0xca, 0xc9, 0x0, 0x0, 0xc, 0x9b,
    0xb0, 0x0, 0x0, 0xe8, 0x8f, 0x10, 0x0, 0x2f,
    0x52, 0xfd, 0x65, 0x7e, 0xd0, 0x2, 0xae, 0xfe,
    0x91, 0x0, 0x0, 0x1, 0x0, 0x0, 0x0, 0xb,
    0xf9, 0x0, 0x0, 0x7, 0xe2, 0xe5, 0x0,

    /* U+1E77 "ṷ" */
    0xf, 0x50, 0x0, 0xf4, 0xf, 0x50, 0x0, 0xf4,
    0xf, 0x50, 0x0, 0xf4, 0xf, 0x50, 0x0, 0xf4,
    0xf, 0x50, 0x0, 0xf4, 0xf, 0x50, 0x2, 0xf4,
    0xc, 0xb0, 0x1b, 0xf4, 0x2, 0xcf, 0xd6, 0xe4,
    0x0, 0x0, 0x0, 0x0, 0x0, 0x1d, 0xe3, 0x0,
    0x0, 0xca, 0x6e, 0x10,

    /* U+1E78 "Ṹ" */
    0x0, 0x0, 0x1, 0x0, 0x0, 0x0, 0xb, 0xc0,
    0x0, 0x0, 0x2, 0xe2, 0x0, 0x0, 0x5, 0xe9,
    0x1e, 0x0, 0x0, 0xc3, 0x7e, 0x70, 0x0, 0x0,
    0x0, 0x0, 0x0, 0xd9, 0x0, 0x0, 0xc, 0xad,
    0x90, 0x0, 0x0, 0xca, 0xd9, 0x0, 0x0, 0xc,
    0xad, 0x90, 0x0, 0x0, 0xca, 0xd9, 0x0, 0x0,
    0xc, 0xad, 0x90, 0x0, 0x0, 0xca, 0xc9, 0x0,
    0x0, 0xc, 0x9b, 0xb0, 0x0, 0x0, 0xe8, 0x8f,
    0x10, 0x0, 0x2f, 0x52, 0xfd, 0x65, 0x7e, 0xd0,
    0x2, 0xae, 0xfe, 0x91, 0x0,

    /* U+1E79 "ṹ" */
    0x0, 0x0, 0xea, 0x0, 0x0, 0x5, 0xd0, 0x0,
    0x0, 0x0, 0x0, 0x0, 0x0, 0xbe, 0x46, 0x80,
    0x3, 0xb1, 0xbe, 0x20, 0x0, 0x0, 0x0, 0x0,
    0xf, 0x50, 0x0, 0xf4, 0xf, 0x50, 0x0, 0xf4,
    0xf, 0x50, 0x0, 0xf4, 0xf, 0x50, 0x0, 0xf4,
    0xf, 0x50, 0x0, 0xf4, 0xf, 0x50, 0x2, 0xf4,
    0xc, 0xb0, 0x1b, 0xf4, 0x2, 0xcf, 0xd6, 0xe4,

    /* U+1E7A "Ṻ" */
    0x0, 0x56, 0x7, 0x30, 0x0, 0x9, 0xc0, 0xe7,
    0x0, 0x0, 0x0, 0x0, 0x0, 0x0, 0xd, 0xff,
    0xfa, 0x0, 0x0, 0x12, 0x22, 0x10, 0xd, 0x90,
    0x0, 0x0, 0xca, 0xd9, 0x0, 0x0, 0xc, 0xad,
    0x90, 0x0, 0x0, 0xca, 0xd9, 0x0, 0x0, 0xc,
    0xad, 0x90, 0x0, 0x0, 0xca, 0xd9, 0x0, 0x0,
    0xc, 0xac, 0x90, 0x0, 0x0, 0xc9, 0xbb, 0x0,
    0x0, 0xe, 0x88, 0xf1, 0x0, 0x2, 0xf5, 0x2f,
    0xd6, 0x57, 0xed, 0x0, 0x2a, 0xef, 0xe9, 0x10,

    /* U+1E7B "ṻ" */
    0x0, 0xd8, 0x2f, 0x30, 0x0, 0x64, 0x18, 0x10,
    0x2, 0xff, 0xff, 0x70, 0x0, 0x11, 0x11, 0x0,
    0x0, 0x0, 0x0, 0x0, 0xf, 0x50, 0x0, 0xf4,
    0xf, 0x50, 0x0, 0xf4, 0xf, 0x50, 0x0, 0xf4,
    0xf, 0x50, 0x0, 0xf4, 0xf, 0x50, 0x0, 0xf4,
    0xf, 0x50, 0x2, 0xf4, 0xc, 0xb0, 0x1b, 0xf4,
    0x2, 0xcf, 0xd6, 0xe4,

    /* U+1E7C "Ṽ" */
    0x0, 0x4d, 0xff, 0xd3, 0x0, 0x0, 0x0, 0x0,
    0x0, 0x0, 0xbc, 0x0, 0x0, 0x0, 0xbb, 0x5f,
    0x20, 0x0, 0x1, 0xf5, 0xe, 0x70, 0x0, 0x7,
    0xe0, 0x9, 0xd0, 0x0, 0xd, 0x90, 0x3, 0xf3,
    0x0, 0x2f, 0x20, 0x0, 0xd8, 0x0, 0x8c, 0x0,
    0x0, 0x7e, 0x0, 0xe6, 0x0, 0x0, 0x1f, 0x34,
    0xf1, 0x0, 0x0, 0xb, 0x99, 0xa0, 0x0, 0x0,
    0x5, 0xee, 0x40, 0x0, 0x0, 0x0, 0xee, 0x0,
    0x0,

    /* U+1E7D "ṽ" */
    0x2, 0xdc, 0x2b, 0x40, 0x8, 0x64, 0xec, 0x0,
    0x0, 0x0, 0x0, 0x0, 0x9c, 0x0, 0x3, 0xf2,
    0x3f, 0x10, 0x9, 0xc0, 0xd, 0x70, 0xe, 0x60,
    0x8, 0xc0, 0x4f, 0x0, 0x2, 0xf2, 0x9a, 0x0,
    0x0, 0xc8, 0xf4, 0x0, 0x0, 0x6f, 0xe0, 0x0,
    0x0, 0xf, 0x80, 0x0,

    /* U+1E7E "Ṿ" */
    0xbc, 0x0, 0x0, 0x0, 0xbb, 0x5f, 0x20, 0x0,
    0x1, 0xf5, 0xe, 0x70, 0x0, 0x7, 0xe0, 0x9,
    0xd0, 0x0, 0xd, 0x90, 0x3, 0xf3, 0x0, 0x2f,
    0x20, 0x0, 0xd8, 0x0, 0x8c, 0x0, 0x0, 0x7e,
    0x0, 0xe6, 0x0, 0x0, 0x1f, 0x34, 0xf1, 0x0,
    0x0, 0xb, 0x99, 0xa0, 0x0, 0x0, 0x5, 0xee,
    0x40, 0x0, 0x0, 0x0, 0xee, 0x0, 0x0, 0x0,
    0x0, 0x0, 0x0, 0x0, 0x0, 0x0, 0x55, 0x0,
    0x0, 0x0, 0x0, 0xab, 0x0, 0x0,

    /* U+1E7F "ṿ" */
    0x9c, 0x0, 0x3, 0xf2, 0x3f, 0x10, 0x9, 0xc0,
    0xd, 0x70, 0xe, 0x60, 0x8, 0xc0, 0x4f, 0x0,
    0x2, 0xf2, 0x9a, 0x0, 0x0, 0xc8, 0xf4, 0x0,
    0x0, 0x6f, 0xe0, 0x0, 0x0, 0xf, 0x80, 0x0,
    0x0, 0x0, 0x0, 0x0, 0x0, 0x6, 0x40, 0x0,
    0x0, 0xd, 0x80, 0x0,

    /* U+1E80 "Ẁ" */
    0x0, 0x0, 0x0, 0x10, 0x0, 0x0, 0x0, 0x0,
    0x0, 0x0, 0x3f, 0xa0, 0x0, 0x0, 0x0, 0x0,
    0x0, 0x0, 0x8f, 0x10, 0x0, 0x0, 0x0, 0x0,
    0x0, 0x0, 0x0, 0x0, 0x0, 0x0, 0x4f, 0xb0,
    0x0, 0x9f, 0x70, 0x0, 0xef, 0x20, 0xff, 0x0,
    0xd, 0xfb, 0x0, 0x2f, 0xe0, 0xb, 0xf4, 0x2,
    0xff, 0xf0, 0x6, 0xf9, 0x0, 0x7f, 0x80, 0x6f,
    0xcf, 0x40, 0xaf, 0x40, 0x2, 0xfc, 0xa, 0xf4,
    0xf8, 0xe, 0xf0, 0x0, 0xd, 0xf1, 0xec, 0xe,
    0xc2, 0xfb, 0x0, 0x0, 0x9f, 0x7f, 0x80, 0xaf,
    0x8f, 0x70, 0x0, 0x4, 0xff, 0xf4, 0x6, 0xff,
    0xf2, 0x0, 0x0, 0xf, 0xff, 0x0, 0x1f, 0xfe,
    0x0, 0x0, 0x0, 0xbf, 0xb0, 0x0, 0xdf, 0x90,
    0x0,

    /* U+1E81 "ẁ" */
    0x0, 0x0, 0x5f, 0x70, 0x0, 0x0, 0x0, 0x0,
    0x0, 0xbe, 0x0, 0x0, 0x0, 0x0, 0x0, 0x0,
    0x10, 0x0, 0x0, 0x8, 0xf6, 0x0, 0xbf, 0x40,
    0xd, 0xf1, 0x3f, 0xa0, 0xf, 0xf8, 0x1, 0xfc,
    0x0, 0xee, 0x4, 0xff, 0xd0, 0x5f, 0x80, 0xa,
    0xf3, 0x8f, 0x8f, 0x1a, 0xf3, 0x0, 0x5f, 0x7c,
    0xb2, 0xf6, 0xee, 0x0, 0x0, 0xfd, 0xf7, 0xd,
    0xcf, 0x90, 0x0, 0xb, 0xff, 0x20, 0x9f, 0xf4,
    0x0, 0x0, 0x6f, 0xd0, 0x4, 0xff, 0x0, 0x0,

    /* U+1E82 "Ẃ" */
    0x0, 0x0, 0x0, 0x0, 0x10, 0x0, 0x0, 0x0,
    0x0, 0x0, 0x0, 0xcf, 0x10, 0x0, 0x0, 0x0,
    0x0, 0x0, 0x3f, 0x60, 0x0, 0x0, 0x0, 0x0,
    0x0, 0x0, 0x0, 0x0, 0x0, 0x0, 0x4f, 0xb0,
    0x0, 0x9f, 0x70, 0x0, 0xef, 0x20, 0xff, 0x0,
    0xd, 0xfb, 0x0, 0x2f, 0xe0, 0xb, 0xf4, 0x2,
    0xff, 0xf0, 0x6, 0xf9, 0x0, 0x7f, 0x80, 0x6f,
    0xcf, 0x40, 0xaf, 0x40, 0x2, 0xfc, 0xa, 0xf4,
    0xf8, 0xe, 0xf0, 0x0, 0xd, 0xf1, 0xec, 0xe,
    0xc2, 0xfb, 0x0, 0x0, 0x9f, 0x7f, 0x80, 0xaf,
    0x8f, 0x70, 0x0, 0x4, 0xff, 0xf4, 0x6, 0xff,
    0xf2, 0x0, 0x0, 0xf, 0xff, 0x0, 0x1f, 0xfe,
    0x0, 0x0, 0x0, 0xbf, 0xb0, 0x0, 0xdf, 0x90,
    0x0,

    /* U+1E83 "ẃ" */
    0x0, 0x0, 0x0, 0xde, 0x0, 0x0, 0x0, 0x0,
    0x0, 0x5f, 0x40, 0x0, 0x0, 0x0, 0x0, 0x0,
    0x0, 0x0, 0x0, 0x8, 0xf6, 0x0, 0xbf, 0x40,
    0xd, 0xf1, 0x3f, 0xa0, 0xf, 0xf8, 0x1, 0xfc,
    0x0, 0xee, 0x4, 0xff, 0xd0, 0x5f, 0x80, 0xa,
    0xf3, 0x8f, 0x8f, 0x1a, 0xf3, 0x0, 0x5f, 0x7c,
    0xb2, 0xf6, 0xee, 0x0, 0x0, 0xfd, 0xf7, 0xd,
    0xcf, 0x90, 0x0, 0xb, 0xff, 0x20, 0x9f, 0xf4,
    0x0, 0x0, 0x6f, 0xd0, 0x4, 0xff, 0x0, 0x0,

    /* U+1E84 "Ẅ" */
    0x0, 0x0, 0xf, 0xd0, 0xfe, 0x0, 0x0, 0x0,
    0x0, 0x0, 0xa9, 0xa, 0x90, 0x0, 0x0, 0x0,
    0x0, 0x0, 0x0, 0x0, 0x0, 0x0, 0x4, 0xfb,
    0x0, 0x9, 0xf7, 0x0, 0xe, 0xf2, 0xf, 0xf0,
    0x0, 0xdf, 0xb0, 0x2, 0xfe, 0x0, 0xbf, 0x40,
    0x2f, 0xff, 0x0, 0x6f, 0x90, 0x7, 0xf8, 0x6,
    0xfc, 0xf4, 0xa, 0xf4, 0x0, 0x2f, 0xc0, 0xaf,
    0x4f, 0x80, 0xef, 0x0, 0x0, 0xdf, 0x1e, 0xc0,
    0xec, 0x2f, 0xb0, 0x0, 0x9, 0xf7, 0xf8, 0xa,
    0xf8, 0xf7, 0x0, 0x0, 0x4f, 0xff, 0x40, 0x6f,
    0xff, 0x20, 0x0, 0x0, 0xff, 0xf0, 0x1, 0xff,
    0xe0, 0x0, 0x0, 0xb, 0xfb, 0x0, 0xd, 0xf9,
    0x0, 0x0,

    /* U+1E85 "ẅ" */
    0x0, 0x2, 0xfb, 0x2f, 0xc0, 0x0, 0x0, 0x0,
    0x1a, 0x71, 0xa7, 0x0, 0x0, 0x8f, 0x60, 0xb,
    0xf4, 0x0, 0xdf, 0x13, 0xfa, 0x0, 0xff, 0x80,
    0x1f, 0xc0, 0xe, 0xe0, 0x4f, 0xfd, 0x5, 0xf8,
    0x0, 0xaf, 0x38, 0xf8, 0xf1, 0xaf, 0x30, 0x5,
    0xf7, 0xcb, 0x2f, 0x6e, 0xe0, 0x0, 0xf, 0xdf,
    0x70, 0xdc, 0xf9, 0x0, 0x0, 0xbf, 0xf2, 0x9,
    0xff, 0x40, 0x0, 0x6, 0xfd, 0x0, 0x4f, 0xf0,
    0x0,

    /* U+1E86 "Ẇ" */
    0x0, 0x0, 0x0, 0x46, 0x0, 0x0, 0x0, 0x0,
    0x0, 0x0, 0x8c, 0x0, 0x0, 0x0, 0x0, 0x0,
    0x0, 0x0, 0x0, 0x0, 0x0, 0xac, 0x0, 0x0,
    0xef, 0x10, 0x0, 0x8d, 0x6f, 0x0, 0x2, 0xfe,
    0x60, 0x0, 0xc9, 0x2f, 0x30, 0x7, 0xc9, 0xa0,
    0x0, 0xf5, 0xe, 0x70, 0xb, 0x85, 0xe0, 0x4,
    0xf1, 0xa, 0xa0, 0xf, 0x41, 0xf3, 0x8, 0xc0,
    0x6, 0xe0, 0x4f, 0x0, 0xd7, 0xc, 0x80, 0x1,
    0xf2, 0x9b, 0x0, 0x8b, 0xf, 0x30, 0x0, 0xd6,
    0xd6, 0x0, 0x4f, 0x3f, 0x0, 0x0, 0x9a, 0xf2,
    0x0, 0xf, 0x9b, 0x0, 0x0, 0x5f, 0xe0, 0x0,
    0xb, 0xf6, 0x0, 0x0, 0x1f, 0x90, 0x0, 0x7,
    0xf2, 0x0,

    /* U+1E87 "ẇ" */
    0x0, 0x0, 0x2f, 0x30, 0x0, 0x0, 0x0, 0x1,
    0x81, 0x0, 0x0, 0x0, 0x0, 0x0, 0x0, 0x0,
    0xc, 0x90, 0x5, 0xf4, 0x0, 0xa9, 0x7d, 0x0,
    0x9f, 0x80, 0xf, 0x42, 0xf1, 0xe, 0xbc, 0x4,
    0xf0, 0xe, 0x62, 0xf4, 0xf0, 0x8a, 0x0, 0x9a,
    0x6b, 0xf, 0x4d, 0x60, 0x4, 0xea, 0x70, 0xb9,
    0xf1, 0x0, 0xf, 0xf3, 0x7, 0xfc, 0x0, 0x0,
    0xaf, 0x0, 0x3f, 0x70, 0x0,

    /* U+1E88 "Ẉ" */
    0xac, 0x0, 0x0, 0xef, 0x10, 0x0, 0x8d, 0x6f,
    0x0, 0x2, 0xfe, 0x60, 0x0, 0xc9, 0x2f, 0x30,
    0x7, 0xc9, 0xa0, 0x0, 0xf5, 0xe, 0x70, 0xb,
    0x85, 0xe0, 0x4, 0xf1, 0xa, 0xa0, 0xf, 0x41,
    0xf3, 0x8, 0xc0, 0x6, 0xe0, 0x4f, 0x0, 0xd7,
    0xc, 0x80, 0x1, 0xf2, 0x9b, 0x0, 0x8b, 0xf,
    0x30, 0x0, 0xd6, 0xd6, 0x0, 0x4f, 0x3f, 0x0,
    0x0, 0x9a, 0xf2, 0x0, 0xf, 0x9b, 0x0, 0x0,
    0x5f, 0xe0, 0x0, 0xb, 0xf6, 0x0, 0x0, 0x1f,
    0x90, 0x0, 0x7, 0xf2, 0x0, 0x0, 0x0, 0x0,
    0x0, 0x0, 0x0, 0x0, 0x0, 0x0, 0x0, 0x46,
    0x0, 0x0, 0x0, 0x0, 0x0, 0x0, 0x8c, 0x0,
    0x0, 0x0,

    /* U+1E89 "ẉ" */
    0xc9, 0x0, 0x5f, 0x40, 0xa, 0x97, 0xd0, 0x9,
    0xf8, 0x0, 0xf4, 0x2f, 0x10, 0xeb, 0xc0, 0x4f,
    0x0, 0xe6, 0x2f, 0x4f, 0x8, 0xa0, 0x9, 0xa6,
    0xb0, 0xf4, 0xd6, 0x0, 0x4e, 0xa7, 0xb, 0x9f,
    0x10, 0x0, 0xff, 0x30, 0x7f, 0xc0, 0x0, 0xa,
    0xf0, 0x3, 0xf7, 0x0, 0x0, 0x0, 0x0, 0x0,
    0x0, 0x0, 0x0, 0x1, 0x81, 0x0, 0x0, 0x0,
    0x0, 0x2f, 0x30, 0x0, 0x0,

    /* U+1E8A "Ẋ" */
    0x0, 0x0, 0x37, 0x0, 0x0, 0x0, 0x0, 0x6e,
    0x0, 0x0, 0x0, 0x0, 0x0, 0x0, 0x0, 0x2f,
    0x90, 0x0, 0x4, 0xf4, 0x6, 0xf4, 0x0, 0x1e,
    0x80, 0x0, 0xbe, 0x10, 0xcc, 0x0, 0x0, 0x1e,
    0xa7, 0xf2, 0x0, 0x0, 0x4, 0xff, 0x50, 0x0,
    0x0, 0x0, 0xef, 0x20, 0x0, 0x0, 0xa, 0xdd,
    0xc0, 0x0, 0x0, 0x6f, 0x34, 0xf7, 0x0, 0x2,
    0xf8, 0x0, 0x9f, 0x30, 0xc, 0xd0, 0x0, 0xd,
    0xd0, 0x8f, 0x20, 0x0, 0x3, 0xf9,

    /* U+1E8B "ẋ" */
    0x0, 0xd, 0x70, 0x0, 0x0, 0x7, 0x30, 0x0,
    0x0, 0x0, 0x0, 0x0, 0x5f, 0x40, 0xb, 0xc0,
    0xa, 0xe0, 0x6f, 0x20, 0x1, 0xea, 0xf6, 0x0,
    0x0, 0x4f, 0xb0, 0x0, 0x0, 0x8f, 0xe1, 0x0,
    0x3, 0xf5, 0xcb, 0x0, 0xd, 0xa0, 0x3f, 0x50,
    0x8e, 0x10, 0x8, 0xf1,

    /* U+1E8C "Ẍ" */
    0x0, 0x8, 0x22, 0x80, 0x0, 0x0, 0x1f, 0x45,
    0xf0, 0x0, 0x0, 0x0, 0x0, 0x0, 0x0, 0x2f,
    0x90, 0x0, 0x4, 0xf4, 0x6, 0xf4, 0x0, 0x1e,
    0x80, 0x0, 0xbe, 0x10, 0xcc, 0x0, 0x0, 0x1e,
    0xa7, 0xf2, 0x0, 0x0, 0x4, 0xff, 0x50, 0x0,
    0x0, 0x0, 0xef, 0x20, 0x0, 0x0, 0xa, 0xdd,
    0xc0, 0x0, 0x0, 0x6f, 0x34, 0xf7, 0x0, 0x2,
    0xf8, 0x0, 0x9f, 0x30, 0xc, 0xd0, 0x0, 0xd,
    0xd0, 0x8f, 0x20, 0x0, 0x3, 0xf9,

    /* U+1E8D "ẍ" */
    0x5, 0xf0, 0xab, 0x0, 0x2, 0x80, 0x55, 0x0,
    0x0, 0x0, 0x0, 0x0, 0x5f, 0x40, 0xb, 0xc0,
    0xa, 0xe0, 0x6f, 0x20, 0x1, 0xea, 0xf6, 0x0,
    0x0, 0x4f, 0xb0, 0x0, 0x0, 0x8f, 0xe1, 0x0,
    0x3, 0xf5, 0xcb, 0x0, 0xd, 0xa0, 0x3f, 0x50,
    0x8e, 0x10, 0x8, 0xf1,

    /* U+1E8E "Ẏ" */
    0x0, 0x0, 0x55, 0x0, 0x0, 0x0, 0x0, 0xab,
    0x0, 0x0, 0x0, 0x0, 0x0, 0x0, 0x0, 0x9f,
    0x20, 0x0, 0x1, 0xf9, 0xe, 0xb0, 0x0, 0xb,
    0xd0, 0x4, 0xf6, 0x0, 0x5f, 0x30, 0x0, 0xae,
    0x11, 0xe8, 0x0, 0x0, 0x1e, 0xa9, 0xd0, 0x0,
    0x0, 0x5, 0xff, 0x30, 0x0, 0x0, 0x0, 0xda,
    0x0, 0x0, 0x0, 0x0, 0xca, 0x0, 0x0, 0x0,
    0x0, 0xca, 0x0, 0x0, 0x0, 0x0, 0xca, 0x0,
    0x0, 0x0, 0x0, 0xca, 0x0, 0x0,

    /* U+1E8F "ẏ" */
    0x0, 0xc, 0x90, 0x0, 0x0, 0x6, 0x40, 0x0,
    0x0, 0x0, 0x0, 0x0, 0x9d, 0x0, 0x2, 0xf3,
    0x3f, 0x30, 0x7, 0xd0, 0xd, 0x80, 0xd, 0x70,
    0x7, 0xe0, 0x3f, 0x10, 0x1, 0xf4, 0x9b, 0x0,
    0x0, 0xb9, 0xe5, 0x0, 0x0, 0x5f, 0xe0, 0x0,
    0x0, 0xe, 0x90, 0x0, 0x0, 0x1f, 0x30, 0x0,
    0x15, 0xac, 0x0, 0x0, 0x1f, 0xc2, 0x0, 0x0,

    /* U+1E90 "Ẑ" */
    0x0, 0x1, 0x84, 0x0, 0x0, 0x0, 0xcb, 0xf3,
    0x0, 0x0, 0x37, 0x4, 0x60, 0x1, 0xff, 0xff,
    0xff, 0xf9, 0x4, 0x44, 0x44, 0x9f, 0x50, 0x0,
    0x0, 0x3f, 0x90, 0x0, 0x0, 0x1d, 0xc0, 0x0,
    0x0, 0xb, 0xe1, 0x0, 0x0, 0x8, 0xf4, 0x0,
    0x0, 0x4, 0xf7, 0x0, 0x0, 0x2, 0xea, 0x0,
    0x0, 0x0, 0xcd, 0x0, 0x0, 0x0, 0x9f, 0x64,
    0x44, 0x44, 0x3b, 0xff, 0xff, 0xff, 0xfc,

    /* U+1E91 "ẑ" */
    0x0, 0x4f, 0xd1, 0x0, 0x1, 0xe5, 0x9b, 0x0,
    0x0, 0x0, 0x0, 0x0, 0x6f, 0xff, 0xff, 0xe0,
    0x1, 0x11, 0x3f, 0x60, 0x0, 0x1, 0xe9, 0x0,
    0x0, 0xc, 0xc0, 0x0, 0x0, 0xae, 0x10, 0x0,
    0x8, 0xf2, 0x0, 0x0, 0x5f, 0x72, 0x22, 0x20,
    0xbf, 0xff, 0xff, 0xf3,

    /* U+1E92 "Ẓ" */
    0x1f, 0xff, 0xff, 0xff, 0x90, 0x44, 0x44, 0x49,
    0xf5, 0x0, 0x0, 0x3, 0xf9, 0x0, 0x0, 0x1,
    0xdc, 0x0, 0x0, 0x0, 0xbe, 0x10, 0x0, 0x0,
    0x8f, 0x40, 0x0, 0x0, 0x4f, 0x70, 0x0, 0x0,
    0x2e, 0xa0, 0x0, 0x0, 0xc, 0xd0, 0x0, 0x0,
    0x9, 0xf6, 0x44, 0x44, 0x43, 0xbf, 0xff, 0xff,
    0xff, 0xc0, 0x0, 0x0, 0x0, 0x0, 0x0, 0x2,
    0x80, 0x0, 0x0, 0x0, 0x4f, 0x10, 0x0,

    /* U+1E93 "ẓ" */
    0x6f, 0xff, 0xff, 0xe0, 0x1, 0x11, 0x3f, 0x60,
    0x0, 0x1, 0xe9, 0x0, 0x0, 0xc, 0xc0, 0x0,
    0x0, 0xae, 0x10, 0x0, 0x8, 0xf2, 0x0, 0x0,
    0x5f, 0x72, 0x22, 0x20, 0xbf, 0xff, 0xff, 0xf3,
    0x0, 0x0, 0x0, 0x0, 0x0, 0x7, 0x30, 0x0,
    0x0, 0xf, 0x60, 0x0,

    /* U+1E94 "Ẕ" */
    0x1f, 0xff, 0xff, 0xff, 0x90, 0x44, 0x44, 0x49,
    0xf5, 0x0, 0x0, 0x3, 0xf9, 0x0, 0x0, 0x1,
    0xdc, 0x0, 0x0, 0x0, 0xbe, 0x10, 0x0, 0x0,
    0x8f, 0x40, 0x0, 0x0, 0x4f, 0x70, 0x0, 0x0,
    0x2e, 0xa0, 0x0, 0x0, 0xc, 0xd0, 0x0, 0x0,
    0x9, 0xf6, 0x44, 0x44, 0x43, 0xbf, 0xff, 0xff,
    0xff, 0xc0, 0x0, 0x0, 0x0, 0x0, 0x0, 0x11,
    0x11, 0x10, 0x0, 0xc, 0xff, 0xfc, 0x0,

    /* U+1E95 "ẕ" */
    0x6f, 0xff, 0xff, 0xe0, 0x1, 0x11, 0x3f, 0x60,
    0x0, 0x1, 0xe9, 0x0, 0x0, 0xc, 0xc0, 0x0,
    0x0, 0xae, 0x10, 0x0, 0x8, 0xf2, 0x0, 0x0,
    0x5f, 0x72, 0x22, 0x20, 0xbf, 0xff, 0xff, 0xf3,
    0x0, 0x0, 0x0, 0x0, 0x0, 0x11, 0x11, 0x0,
    0x8, 0xff, 0xff, 0x10,

    /* U+1E96 "ẖ" */
    0xf5, 0x0, 0x0, 0xf, 0x50, 0x0, 0x0, 0xf5,
    0x0, 0x0, 0xf, 0x7c, 0xfd, 0x60, 0xff, 0x63,
    0x9f, 0x2f, 0x80, 0x0, 0xf5, 0xf5, 0x0, 0xf,
    0x5f, 0x50, 0x0, 0xf5, 0xf5, 0x0, 0xf, 0x5f,
    0x50, 0x0, 0xf5, 0xf5, 0x0, 0xf, 0x50, 0x0,
    0x0, 0x0, 0x1, 0x11, 0x10, 0x1, 0xff, 0xff,
    0x80,

    /* U+1E97 "ẗ" */
    0x83, 0x28, 0xf, 0x64, 0xf1, 0x0, 0x0, 0x0,
    0x25, 0x0, 0xc, 0x80, 0x0, 0xc8, 0x0, 0xcf,
    0xfd, 0x0, 0xc8, 0x0, 0xc, 0x80, 0x0, 0xc8,
    0x0, 0xc, 0x80, 0x0, 0xc8, 0x0, 0xb, 0xb3,
    0x0, 0x5e, 0xe0,

    /* U+1E98 "ẘ" */
    0x0, 0x0, 0x69, 0x60, 0x0, 0x0, 0x0, 0x9,
    0x9, 0x0, 0x0, 0x0, 0x0, 0x49, 0x40, 0x0,
    0xc, 0x90, 0x5, 0xf4, 0x0, 0xa9, 0x7d, 0x0,
    0x9f, 0x80, 0xf, 0x42, 0xf1, 0xe, 0xbc, 0x4,
    0xf0, 0xe, 0x62, 0xf4, 0xf0, 0x8a, 0x0, 0x9a,
    0x6b, 0xf, 0x4d, 0x60, 0x4, 0xea, 0x70, 0xb9,
    0xf1, 0x0, 0xf, 0xf3, 0x7, 0xfc, 0x0, 0x0,
    0xaf, 0x0, 0x3f, 0x70, 0x0,

    /* U+1E99 "ẙ" */
    0x0, 0x49, 0x90, 0x0, 0x0, 0x28, 0x70, 0x0,
    0x0, 0x0, 0x0, 0x0, 0x9d, 0x0, 0x2, 0xf3,
    0x3f, 0x30, 0x7, 0xd0, 0xd, 0x80, 0xd, 0x70,
    0x7, 0xe0, 0x3f, 0x10, 0x1, 0xf4, 0x9b, 0x0,
    0x0, 0xb9, 0xe5, 0x0, 0x0, 0x5f, 0xe0, 0x0,
    0x0, 0xe, 0x90, 0x0, 0x0, 0x1f, 0x30, 0x0,
    0x15, 0xac, 0x0, 0x0, 0x1f, 0xc2, 0x0, 0x0,

    /* U+1E9A "ẚ" */
    0x0, 0x0, 0x0, 0x78, 0x0, 0x0, 0x0, 0x0,
    0x84, 0x0, 0x0, 0x0, 0x7, 0x40, 0x0, 0x0,
    0x7, 0x80, 0x1, 0xae, 0xfd, 0x60, 0x0, 0xdb,
    0x22, 0x8f, 0x20, 0x8, 0x10, 0x0, 0xf4, 0x0,
    0x4, 0x8a, 0xdf, 0x50, 0xd, 0xea, 0x73, 0xf5,
    0x5, 0xf1, 0x0, 0x2f, 0x50, 0x4f, 0x30, 0x1b,
    0xf5, 0x0, 0x7e, 0xdc, 0x5c, 0x90,

    /* U+1E9B "ẛ" */
    0x0, 0x74, 0x0, 0xd, 0x80, 0x0, 0x0, 0x0,
    0x3d, 0xf8, 0x9, 0xd4, 0x20, 0xb9, 0x0, 0xef,
    0x90, 0x0, 0xb9, 0x0, 0xb, 0x90, 0x0, 0xb9,
    0x0, 0xb, 0x90, 0x0, 0xb9, 0x0, 0xb, 0x90,
    0x0, 0xb9, 0x0,

    /* U+1E9E "ẞ" */
    0x5, 0xcf, 0xff, 0xff, 0x70, 0x4f, 0xfb, 0xab,
    0xff, 0x60, 0xaf, 0x50, 0x1c, 0xf8, 0x0, 0xcf,
    0x23, 0xef, 0x50, 0x0, 0xcf, 0x29, 0xff, 0xe9,
    0x0, 0xcf, 0x22, 0x45, 0xcf, 0xa0, 0xcf, 0x20,
    0x0, 0xf, 0xf0, 0xcf, 0x20, 0x0, 0x2f, 0xf0,
    0xcf, 0x28, 0xab, 0xff, 0x80, 0xcf, 0x2d, 0xff,
    0xd6, 0x0,

    /* U+1EA0 "Ạ" */
    0x0, 0x1, 0xff, 0xb0, 0x0, 0x0, 0x0, 0x7f,
    0xff, 0x10, 0x0, 0x0, 0xd, 0xe5, 0xf7, 0x0,
    0x0, 0x3, 0xf8, 0xe, 0xd0, 0x0, 0x0, 0x9f,
    0x20, 0x8f, 0x30, 0x0, 0xf, 0xfa, 0xab, 0xf9,
    0x0, 0x6, 0xff, 0xff, 0xff, 0xf0, 0x0, 0xcf,
    0x10, 0x0, 0x6f, 0x60, 0x2f, 0xc0, 0x0, 0x2,
    0xfc, 0x8, 0xf7, 0x0, 0x0, 0xd, 0xf2, 0x0,
    0x0, 0x48, 0x10, 0x0, 0x0, 0x0, 0x8, 0xf3,
    0x0, 0x0,

    /* U+1EA1 "ạ" */
    0x1, 0x9e, 0xfd, 0x60, 0x0, 0xcf, 0xa7, 0xdf,
    0x50, 0x19, 0x70, 0x4, 0xfa, 0x0, 0x3, 0x7a,
    0xdf, 0xc0, 0xc, 0xfc, 0x87, 0xfc, 0x5, 0xfa,
    0x0, 0x6f, 0xc0, 0x4f, 0xf9, 0xaf, 0xfe, 0x40,
    0x7e, 0xfc, 0x47, 0xf6, 0x0, 0x4, 0x80, 0x0,
    0x0, 0x0, 0x9f, 0x10, 0x0,

    /* U+1EA2 "Ả" */
    0x0, 0x0, 0xdd, 0x30, 0x0, 0x0, 0x0, 0x2,
    0xc8, 0x0, 0x0, 0x0, 0x0, 0x1e, 0x30, 0x0,
    0x0, 0x0, 0x0, 0x0, 0x0, 0x0, 0x0, 0x1,
    0xff, 0xb0, 0x0, 0x0, 0x0, 0x7f, 0xff, 0x10,
    0x0, 0x0, 0xd, 0xf8, 0xf7, 0x0, 0x0, 0x3,
    0xfb, 0x1f, 0xd0, 0x0, 0x0, 0x9f, 0x50, 0xbf,
    0x30, 0x0, 0xf, 0xe0, 0x5, 0xf9, 0x0, 0x6,
    0xff, 0xff, 0xff, 0xf0, 0x0, 0xcf, 0xaa, 0xaa,
    0xdf, 0x60, 0x2f, 0xe0, 0x0, 0x4, 0xfc, 0x8,
    0xf8, 0x0, 0x0, 0xd, 0xf2,

    /* U+1EA3 "ả" */
    0x0, 0xc, 0xd5, 0x0, 0x0, 0x0, 0x1c, 0x80,
    0x0, 0x0, 0x0, 0x60, 0x0, 0x0, 0x19, 0xef,
    0xd6, 0x0, 0xc, 0xfa, 0x7d, 0xf5, 0x1, 0x97,
    0x0, 0x4f, 0xa0, 0x0, 0x37, 0xad, 0xfc, 0x0,
    0xcf, 0xc8, 0x7f, 0xc0, 0x5f, 0xa0, 0x6, 0xfc,
    0x4, 0xff, 0x9a, 0xff, 0xe4, 0x7, 0xef, 0xc4,
    0x7f, 0x60,

    /* U+1EA4 "Ấ" */
    0x0, 0x0, 0x0, 0x8, 0xf2, 0x0, 0x0, 0x4,
    0x62, 0xe9, 0x0, 0x0, 0x2, 0xff, 0xc1, 0x0,
    0x0, 0x0, 0xbb, 0x2f, 0x50, 0x0, 0x0, 0x0,
    0x0, 0x0, 0x0, 0x0, 0x0, 0x1f, 0xfb, 0x0,
    0x0, 0x0, 0x7, 0xff, 0xf1, 0x0, 0x0, 0x0,
    0xdf, 0x8f, 0x70, 0x0, 0x0, 0x3f, 0xb1, 0xfd,
    0x0, 0x0, 0x9, 0xf5, 0xb, 0xf3, 0x0, 0x0,
    0xfe, 0x0, 0x5f, 0x90, 0x0, 0x6f, 0xff, 0xff,
    0xff, 0x0, 0xc, 0xfa, 0xaa, 0xad, 0xf6, 0x2,
    0xfe, 0x0, 0x0, 0x4f, 0xc0, 0x8f, 0x80, 0x0,
    0x0, 0xdf, 0x20,

    /* U+1EA5 "ấ" */
    0x0, 0x0, 0x0, 0x1, 0x0, 0x0, 0x0, 0x8,
    0xf2, 0x0, 0x0, 0x0, 0xe9, 0x0, 0x2, 0xeb,
    0xb0, 0x0, 0x0, 0x54, 0x6, 0x30, 0x0, 0x19,
    0xef, 0xd6, 0x0, 0xc, 0xfa, 0x7d, 0xf5, 0x1,
    0x97, 0x0, 0x4f, 0xa0, 0x0, 0x37, 0xad, 0xfc,
    0x0, 0xcf, 0xc8, 0x7f, 0xc0, 0x5f, 0xa0, 0x6,
    0xfc, 0x4, 0xff, 0x9a, 0xff, 0xe4, 0x7, 0xef,
    0xc4, 0x7f, 0x60,

    /* U+1EA6 "Ầ" */
    0x0, 0x0, 0x0, 0x5f, 0x50, 0x0, 0x0, 0x4,
    0x62, 0xcb, 0x0, 0x0, 0x2, 0xff, 0xc0, 0x10,
    0x0, 0x0, 0xbb, 0x2f, 0x50, 0x0, 0x0, 0x0,
    0x0, 0x0, 0x0, 0x0, 0x0, 0x1f, 0xfb, 0x0,
    0x0, 0x0, 0x7, 0xff, 0xf1, 0x0, 0x0, 0x0,
    0xdf, 0x8f, 0x70, 0x0, 0x0, 0x3f, 0xb1, 0xfd,
    0x0, 0x0, 0x9, 0xf5, 0xb, 0xf3, 0x0, 0x0,
    0xfe, 0x0, 0x5f, 0x90, 0x0, 0x6f, 0xff, 0xff,
    0xff, 0x0, 0xc, 0xfa, 0xaa, 0xad, 0xf6, 0x2,
    0xfe, 0x0, 0x0, 0x4f, 0xc0, 0x8f, 0x80, 0x0,
    0x0, 0xdf, 0x20,

    /* U+1EA7 "ầ" */
    0x0, 0x0, 0x0, 0x10, 0x0, 0x0, 0x0, 0x3f,
    0x70, 0x0, 0x0, 0x0, 0xad, 0x0, 0x2, 0xeb,
    0xb0, 0x0, 0x0, 0x54, 0x6, 0x30, 0x0, 0x19,
    0xef, 0xd6, 0x0, 0xc, 0xfa, 0x7d, 0xf5, 0x1,
    0x97, 0x0, 0x4f, 0xa0, 0x0, 0x37, 0xad, 0xfc,
    0x0, 0xcf, 0xc8, 0x7f, 0xc0, 0x5f, 0xa0, 0x6,
    0xfc, 0x4, 0xff, 0x9a, 0xff, 0xe4, 0x7, 0xef,
    0xc4, 0x7f, 0x60,

    /* U+1EA8 "Ẩ" */
    0x0, 0x0, 0x0, 0xbe, 0x40, 0x0, 0x0, 0x0,
    0x0, 0xb7, 0x0, 0x0, 0x1, 0xef, 0x98, 0x10,
    0x0, 0x0, 0x9d, 0x5f, 0x30, 0x0, 0x0, 0x2,
    0x10, 0x21, 0x0, 0x0, 0x0, 0x1f, 0xfb, 0x0,
    0x0, 0x0, 0x7, 0xff, 0xf1, 0x0, 0x0, 0x0,
    0xdf, 0x8f, 0x70, 0x0, 0x0, 0x3f, 0xb1, 0xfd,
    0x0, 0x0, 0x9, 0xf5, 0xb, 0xf3, 0x0, 0x0,
    0xfe, 0x0, 0x5f, 0x90, 0x0, 0x6f, 0xff, 0xff,
    0xff, 0x0, 0xc, 0xfa, 0xaa, 0xad, 0xf6, 0x2,
    0xfe, 0x0, 0x0, 0x4f, 0xc0, 0x8f, 0x80, 0x0,
    0x0, 0xdf, 0x20,

    /* U+1EA9 "ẩ" */
    0x0, 0x0, 0xa, 0xe4, 0x0, 0x0, 0x0, 0xa,
    0x80, 0x0, 0x0, 0x0, 0xc6, 0x0, 0x2, 0xee,
    0xb6, 0x0, 0x0, 0x66, 0x8, 0x40, 0x0, 0x19,
    0xef, 0xd6, 0x0, 0xc, 0xfa, 0x7d, 0xf5, 0x1,
    0x97, 0x0, 0x4f, 0xa0, 0x0, 0x37, 0xad, 0xfc,
    0x0, 0xcf, 0xc8, 0x7f, 0xc0, 0x5f, 0xa0, 0x6,
    0xfc, 0x4, 0xff, 0x9a, 0xff, 0xe4, 0x7, 0xef,
    0xc4, 0x7f, 0x60,

    /* U+1EAA "Ẫ" */
    0x0, 0xa, 0xef, 0xe7, 0x0, 0x0, 0x0, 0x14,
    0x62, 0x0, 0x0, 0x0, 0x1, 0xff, 0xb0, 0x0,
    0x0, 0x0, 0xac, 0x3f, 0x40, 0x0, 0x0, 0x1,
    0x0, 0x11, 0x0, 0x0, 0x0, 0x1f, 0xfb, 0x0,
    0x0, 0x0, 0x7, 0xff, 0xf1, 0x0, 0x0, 0x0,
    0xdf, 0x8f, 0x70, 0x0, 0x0, 0x3f, 0xb1, 0xfd,
    0x0, 0x0, 0x9, 0xf5, 0xb, 0xf3, 0x0, 0x0,
    0xfe, 0x0, 0x5f, 0x90, 0x0, 0x6f, 0xff, 0xff,
    0xff, 0x0, 0xc, 0xfa, 0xaa, 0xad, 0xf6, 0x2,
    0xfe, 0x0, 0x0, 0x4f, 0xc0, 0x8f, 0x80, 0x0,
    0x0, 0xdf, 0x20,

    /* U+1EAB "ẫ" */
    0x0, 0x6e, 0x75, 0x90, 0x0, 0xe, 0x4c, 0xf4,
    0x0, 0x0, 0x10, 0x0, 0x0, 0x0, 0x2, 0xee,
    0xb0, 0x0, 0x0, 0x66, 0x8, 0x40, 0x0, 0x19,
    0xef, 0xd6, 0x0, 0xc, 0xfa, 0x7d, 0xf5, 0x1,
    0x97, 0x0, 0x4f, 0xa0, 0x0, 0x37, 0xad, 0xfc,
    0x0, 0xcf, 0xc8, 0x7f, 0xc0, 0x5f, 0xa0, 0x6,
    0xfc, 0x4, 0xff, 0x9a, 0xff, 0xe4, 0x7, 0xef,
    0xc4, 0x7f, 0x60,

    /* U+1EAC "Ậ" */
    0x0, 0x0, 0x68, 0x30, 0x0, 0x0, 0x0, 0x5f,
    0xae, 0x10, 0x0, 0x0, 0x6, 0x40, 0x74, 0x0,
    0x0, 0x0, 0x0, 0x0, 0x0, 0x0, 0x0, 0x1,
    0xff, 0xb0, 0x0, 0x0, 0x0, 0x7f, 0xff, 0x10,
    0x0, 0x0, 0xd, 0xe5, 0xf7, 0x0, 0x0, 0x3,
    0xf8, 0xe, 0xd0, 0x0, 0x0, 0x9f, 0x20, 0x8f,
    0x30, 0x0, 0xf, 0xfa, 0xab, 0xf9, 0x0, 0x6,
    0xff, 0xff, 0xff, 0xf0, 0x0, 0xcf, 0x10, 0x0,
    0x6f, 0x60, 0x2f, 0xc0, 0x0, 0x2, 0xfc, 0x8,
    0xf7, 0x0, 0x0, 0xd, 0xf2, 0x0, 0x0, 0x48,
    0x10, 0x0, 0x0, 0x0, 0x8, 0xf3, 0x0, 0x0,

    /* U+1EAD "ậ" */
    0x0, 0xd, 0xf9, 0x0, 0x0, 0x8, 0xf9, 0xf3,
    0x0, 0x0, 0x53, 0x4, 0x30, 0x0, 0x19, 0xef,
    0xd6, 0x0, 0xc, 0xfa, 0x7d, 0xf5, 0x1, 0x97,
    0x0, 0x4f, 0xa0, 0x0, 0x37, 0xad, 0xfc, 0x0,
    0xcf, 0xc8, 0x7f, 0xc0, 0x5f, 0xa0, 0x6, 0xfc,
    0x4, 0xff, 0x9a, 0xff, 0xe4, 0x7, 0xef, 0xc4,
    0x7f, 0x60, 0x0, 0x48, 0x0, 0x0, 0x0, 0x9,
    0xf1, 0x0, 0x0,

    /* U+1EAE "Ắ" */
    0x0, 0x0, 0xc, 0xc0, 0x0, 0x0, 0x0, 0x2,
    0xc3, 0x0, 0x0, 0x0, 0xd, 0x70, 0xc7, 0x0,
    0x0, 0x0, 0x4f, 0xfd, 0x10, 0x0, 0x0, 0x0,
    0x1, 0x0, 0x0, 0x0, 0x0, 0x1f, 0xfb, 0x0,
    0x0, 0x0, 0x7, 0xff, 0xf1, 0x0, 0x0, 0x0,
    0xdf, 0x8f, 0x70, 0x0, 0x0, 0x3f, 0xb1, 0xfd,
    0x0, 0x0, 0x9, 0xf5, 0xb, 0xf3, 0x0, 0x0,
    0xfe, 0x0, 0x5f, 0x90, 0x0, 0x6f, 0xff, 0xff,
    0xff, 0x0, 0xc, 0xfa, 0xaa, 0xad, 0xf6, 0x2,
    0xfe, 0x0, 0x0, 0x4f, 0xc0, 0x8f, 0x80, 0x0,
    0x0, 0xdf, 0x20,

    /* U+1EAF "ắ" */
    0x0, 0x0, 0x8b, 0x0, 0x0, 0x0, 0x1f, 0x60,
    0x0, 0x0, 0x0, 0x0, 0x0, 0x0, 0x9, 0xff,
    0xf5, 0x0, 0x0, 0x0, 0x10, 0x0, 0x0, 0x8,
    0xdf, 0xd6, 0x0, 0x9, 0xfb, 0x8e, 0xf5, 0x1,
    0xfe, 0x0, 0x5f, 0xa0, 0x14, 0x30, 0x16, 0xfc,
    0x0, 0x4b, 0xee, 0xcf, 0xc0, 0x3f, 0xc1, 0x5,
    0xfc, 0x5, 0xfe, 0x9a, 0xff, 0xe4, 0x8, 0xef,
    0xd4, 0x7f, 0x60,

    /* U+1EB0 "Ằ" */
    0x0, 0x2, 0xf7, 0x0, 0x0, 0x0, 0x0, 0x7,
    0xa0, 0x0, 0x0, 0x0, 0xd, 0x70, 0xc7, 0x0,
    0x0, 0x0, 0x4f, 0xfd, 0x10, 0x0, 0x0, 0x0,
    0x1, 0x0, 0x0, 0x0, 0x0, 0x1f, 0xfb, 0x0,
    0x0, 0x0, 0x7, 0xff, 0xf1, 0x0, 0x0, 0x0,
    0xdf, 0x8f, 0x70, 0x0, 0x0, 0x3f, 0xb1, 0xfd,
    0x0, 0x0, 0x9, 0xf5, 0xb, 0xf3, 0x0, 0x0,
    0xfe, 0x0, 0x5f, 0x90, 0x0, 0x6f, 0xff, 0xff,
    0xff, 0x0, 0xc, 0xfa, 0xaa, 0xad, 0xf6, 0x2,
    0xfe, 0x0, 0x0, 0x4f, 0xc0, 0x8f, 0x80, 0x0,
    0x0, 0xdf, 0x20,

    /* U+1EB1 "ằ" */
    0x0, 0x2c, 0x50, 0x0, 0x0, 0x0, 0xad, 0x0,
    0x0, 0x0, 0x0, 0x0, 0x0, 0x0, 0x9, 0xff,
    0xf5, 0x0, 0x0, 0x0, 0x10, 0x0, 0x0, 0x8,
    0xdf, 0xd6, 0x0, 0x9, 0xfb, 0x8e, 0xf5, 0x1,
    0xfe, 0x0, 0x5f, 0xa0, 0x14, 0x30, 0x16, 0xfc,
    0x0, 0x4b, 0xee, 0xcf, 0xc0, 0x3f, 0xc1, 0x5,
    0xfc, 0x5, 0xfe, 0x9a, 0xff, 0xe4, 0x8, 0xef,
    0xd4, 0x7f, 0x60,

    /* U+1EB2 "Ẳ" */
    0x0, 0x0, 0x23, 0x0, 0x0, 0x0, 0x0, 0x8,
    0xe6, 0x0, 0x0, 0x0, 0x1, 0xd, 0x40, 0x0,
    0x0, 0x0, 0xd7, 0xc, 0x70, 0x0, 0x0, 0x4,
    0xff, 0xc1, 0x0, 0x0, 0x0, 0x0, 0x10, 0x0,
    0x0, 0x0, 0x1, 0xff, 0xb0, 0x0, 0x0, 0x0,
    0x7f, 0xff, 0x10, 0x0, 0x0, 0xd, 0xf8, 0xf7,
    0x0, 0x0, 0x3, 0xfb, 0x1f, 0xd0, 0x0, 0x0,
    0x9f, 0x50, 0xbf, 0x30, 0x0, 0xf, 0xe0, 0x5,
    0xf9, 0x0, 0x6, 0xff, 0xff, 0xff, 0xf0, 0x0,
    0xcf, 0xaa, 0xaa, 0xdf, 0x60, 0x2f, 0xe0, 0x0,
    0x4, 0xfc, 0x8, 0xf8, 0x0, 0x0, 0xd, 0xf2,

    /* U+1EB3 "ẳ" */
    0x0, 0x2, 0x30, 0x0, 0x0, 0x0, 0x8e, 0x60,
    0x0, 0x0, 0x0, 0xc3, 0x0, 0x0, 0xd, 0x70,
    0xb8, 0x0, 0x0, 0x4f, 0xfd, 0x10, 0x0, 0x0,
    0x1, 0x0, 0x0, 0x1, 0xae, 0xfd, 0x60, 0x0,
    0xdf, 0x97, 0xdf, 0x50, 0x16, 0x50, 0x4, 0xfa,
    0x0, 0x6, 0xad, 0xff, 0xc0, 0x1d, 0xfa, 0x76,
    0xfc, 0x5, 0xfa, 0x0, 0x7f, 0xc0, 0x4f, 0xf9,
    0xbf, 0xfe, 0x40, 0x7e, 0xfc, 0x47, 0xf6,

    /* U+1EB4 "Ẵ" */
    0x0, 0x6, 0xe6, 0x69, 0x0, 0x0, 0x0, 0xe4,
    0xdf, 0x40, 0x0, 0x0, 0x3, 0x0, 0x21, 0x0,
    0x0, 0x0, 0xc7, 0xc, 0x70, 0x0, 0x0, 0x4,
    0xff, 0xc1, 0x0, 0x0, 0x0, 0x0, 0x10, 0x0,
    0x0, 0x0, 0x1, 0xff, 0xb0, 0x0, 0x0, 0x0,
    0x7f, 0xff, 0x10, 0x0, 0x0, 0xd, 0xf8, 0xf7,
    0x0, 0x0, 0x3, 0xfb, 0x1f, 0xd0, 0x0, 0x0,
    0x9f, 0x50, 0xbf, 0x30, 0x0, 0xf, 0xe0, 0x5,
    0xf9, 0x0, 0x6, 0xff, 0xff, 0xff, 0xf0, 0x0,
    0xcf, 0xaa, 0xaa, 0xdf, 0x60, 0x2f, 0xe0, 0x0,
    0x4, 0xfc, 0x8, 0xf8, 0x0, 0x0, 0xd, 0xf2,

    /* U+1EB5 "ẵ" */
    0x0, 0x9e, 0xfe, 0x70, 0x0, 0x1, 0x22, 0x10,
    0x0, 0x0, 0x0, 0x0, 0x0, 0x0, 0x9, 0xff,
    0xf5, 0x0, 0x0, 0x0, 0x10, 0x0, 0x0, 0x8,
    0xdf, 0xd6, 0x0, 0x9, 0xfb, 0x8e, 0xf5, 0x1,
    0xfe, 0x0, 0x5f, 0xa0, 0x14, 0x30, 0x16, 0xfc,
    0x0, 0x4b, 0xee, 0xcf, 0xc0, 0x3f, 0xc1, 0x5,
    0xfc, 0x5, 0xfe, 0x9a, 0xff, 0xe4, 0x8, 0xef,
    0xd4, 0x7f, 0x60,

    /* U+1EB6 "Ặ" */
    0x0, 0x7, 0x30, 0x64, 0x0, 0x0, 0x0, 0x7f,
    0xfe, 0x20, 0x0, 0x0, 0x0, 0x1, 0x0, 0x0,
    0x0, 0x0, 0x0, 0x0, 0x0, 0x0, 0x0, 0x1,
    0xff, 0xb0, 0x0, 0x0, 0x0, 0x7f, 0xff, 0x10,
    0x0, 0x0, 0xd, 0xe5, 0xf7, 0x0, 0x0, 0x3,
    0xf8, 0xe, 0xd0, 0x0, 0x0, 0x9f, 0x20, 0x8f,
    0x30, 0x0, 0xf, 0xfa, 0xab, 0xf9, 0x0, 0x6,
    0xff, 0xff, 0xff, 0xf0, 0x0, 0xcf, 0x10, 0x0,
    0x6f, 0x60, 0x2f, 0xc0, 0x0, 0x2, 0xfc, 0x8,
    0xf7, 0x0, 0x0, 0xd, 0xf2, 0x0, 0x0, 0x48,
    0x10, 0x0, 0x0, 0x0, 0x8, 0xf3, 0x0, 0x0,

    /* U+1EB7 "ặ" */
    0x0, 0xd7, 0xb, 0x80, 0x0, 0x4, 0xff, 0xd1,
    0x0, 0x0, 0x0, 0x10, 0x0, 0x0, 0x1a, 0xef,
    0xd6, 0x0, 0xd, 0xf9, 0x7d, 0xf5, 0x1, 0x65,
    0x0, 0x4f, 0xa0, 0x0, 0x6a, 0xdf, 0xfc, 0x1,
    0xdf, 0xa7, 0x6f, 0xc0, 0x5f, 0xa0, 0x7, 0xfc,
    0x4, 0xff, 0x9b, 0xff, 0xe4, 0x7, 0xef, 0xc4,
    0x7f, 0x60, 0x0, 0x48, 0x0, 0x0, 0x0, 0x9,
    0xf1, 0x0, 0x0,

    /* U+1EB8 "Ẹ" */
    0xcf, 0xff, 0xff, 0xf6, 0xcf, 0xba, 0xaa, 0xa3,
    0xcf, 0x20, 0x0, 0x0, 0xcf, 0x20, 0x0, 0x0,
    0xcf, 0xff, 0xff, 0xf3, 0xcf, 0xba, 0xaa, 0xa1,
    0xcf, 0x20, 0x0, 0x0, 0xcf, 0x20, 0x0, 0x0,
    0xcf, 0xba, 0xaa, 0xa5, 0xcf, 0xff, 0xff, 0xf7,
    0x0, 0x8, 0x50, 0x0, 0x0, 0xf, 0xb0, 0x0,

    /* U+1EB9 "ẹ" */
    0x0, 0x7d, 0xfd, 0x70, 0x0, 0xaf, 0xb8, 0xcf,
    0x90, 0x2f, 0xc0, 0x0, 0xdf, 0x15, 0xff, 0xff,
    0xff, 0xf3, 0x5f, 0xb3, 0x33, 0x33, 0x2, 0xfe,
    0x0, 0x9, 0x90, 0xa, 0xfc, 0x8c, 0xf9, 0x0,
    0x8, 0xdf, 0xd7, 0x0, 0x0, 0x2, 0x83, 0x0,
    0x0, 0x0, 0x5f, 0x60, 0x0,

    /* U+1EBA "Ẻ" */
    0x0, 0x5e, 0xa0, 0x0, 0x0, 0x15, 0xf0, 0x0,
    0x0, 0x7, 0xb0, 0x0, 0x0, 0x0, 0x0, 0x0,
    0xcf, 0xff, 0xff, 0xf6, 0xcf, 0xba, 0xaa, 0xa3,
    0xcf, 0x20, 0x0, 0x0, 0xcf, 0x20, 0x0, 0x0,
    0xcf, 0xff, 0xff, 0xf3, 0xcf, 0xba, 0xaa, 0xa1,
    0xcf, 0x20, 0x0, 0x0, 0xcf, 0x20, 0x0, 0x0,
    0xcf, 0xba, 0xaa, 0xa5, 0xcf, 0xff, 0xff, 0xf7,

    /* U+1EBB "ẻ" */
    0x0, 0xa, 0xe7, 0x0, 0x0, 0x0, 0x19, 0xb0,
    0x0, 0x0, 0x0, 0x62, 0x0, 0x0, 0x7, 0xdf,
    0xd7, 0x0, 0xa, 0xfb, 0x8c, 0xf9, 0x2, 0xfc,
    0x0, 0xd, 0xf1, 0x5f, 0xff, 0xff, 0xff, 0x35,
    0xfb, 0x33, 0x33, 0x30, 0x2f, 0xe0, 0x0, 0x99,
    0x0, 0xaf, 0xc8, 0xcf, 0x90, 0x0, 0x8d, 0xfd,
    0x70, 0x0,

    /* U+1EBC "Ẽ" */
    0x5, 0xef, 0xfe, 0x20, 0x1, 0x22, 0x20, 0x0,
    0x0, 0x0, 0x0, 0x0, 0xcf, 0xff, 0xff, 0xf6,
    0xcf, 0xba, 0xaa, 0xa3, 0xcf, 0x20, 0x0, 0x0,
    0xcf, 0x20, 0x0, 0x0, 0xcf, 0xff, 0xff, 0xf3,
    0xcf, 0xba, 0xaa, 0xa1, 0xcf, 0x20, 0x0, 0x0,
    0xcf, 0x20, 0x0, 0x0, 0xcf, 0xba, 0xaa, 0xa5,
    0xcf, 0xff, 0xff, 0xf7,

    /* U+1EBD "ẽ" */
    0x0, 0x9f, 0xff, 0xc0, 0x0, 0x2, 0x22, 0x20,
    0x0, 0x0, 0x7d, 0xfd, 0x70, 0x0, 0xaf, 0xb8,
    0xcf, 0x90, 0x2f, 0xc0, 0x0, 0xdf, 0x15, 0xff,
    0xff, 0xff, 0xf3, 0x5f, 0xb3, 0x33, 0x33, 0x2,
    0xfe, 0x0, 0x9, 0x90, 0xa, 0xfc, 0x8c, 0xf9,
    0x0, 0x8, 0xdf, 0xd7, 0x0,

    /* U+1EBE "Ế" */
    0x0, 0x0, 0x1, 0xf9, 0x0, 0x16, 0x57, 0xf1,
    0x0, 0xaf, 0xf5, 0x0, 0x3, 0xf3, 0x9d, 0x0,
    0x0, 0x0, 0x0, 0x0, 0xcf, 0xff, 0xff, 0xf6,
    0xcf, 0xba, 0xaa, 0xa3, 0xcf, 0x20, 0x0, 0x0,
    0xcf, 0x20, 0x0, 0x0, 0xcf, 0xff, 0xff, 0xf3,
    0xcf, 0xba, 0xaa, 0xa1, 0xcf, 0x20, 0x0, 0x0,
    0xcf, 0x20, 0x0, 0x0, 0xcf, 0xba, 0xaa, 0xa5,
    0xcf, 0xff, 0xff, 0xf7,

    /* U+1EBF "ế" */
    0x0, 0x0, 0x0, 0x1, 0x0, 0x0, 0x0, 0x6,
    0xf4, 0x0, 0x0, 0x0, 0xcb, 0x0, 0x1, 0xdb,
    0xd1, 0x0, 0x0, 0x45, 0x5, 0x40, 0x0, 0x7,
    0xdf, 0xd7, 0x0, 0xa, 0xfb, 0x8c, 0xf9, 0x2,
    0xfc, 0x0, 0xd, 0xf1, 0x5f, 0xff, 0xff, 0xff,
    0x35, 0xfb, 0x33, 0x33, 0x30, 0x2f, 0xe0, 0x0,
    0x99, 0x0, 0xaf, 0xc8, 0xcf, 0x90, 0x0, 0x8d,
    0xfd, 0x70, 0x0,

    /* U+1EC0 "Ề" */
    0x0, 0x0, 0xd, 0xd0, 0x0, 0x16, 0x54, 0xf3,
    0x0, 0xaf, 0xf4, 0x10, 0x3, 0xf3, 0x9d, 0x0,
    0x0, 0x0, 0x0, 0x0, 0xcf, 0xff, 0xff, 0xf6,
    0xcf, 0xba, 0xaa, 0xa3, 0xcf, 0x20, 0x0, 0x0,
    0xcf, 0x20, 0x0, 0x0, 0xcf, 0xff, 0xff, 0xf3,
    0xcf, 0xba, 0xaa, 0xa1, 0xcf, 0x20, 0x0, 0x0,
    0xcf, 0x20, 0x0, 0x0, 0xcf, 0xba, 0xaa, 0xa5,
    0xcf, 0xff, 0xff, 0xf7,

    /* U+1EC1 "ề" */
    0x0, 0x0, 0x0, 0x10, 0x0, 0x0, 0x0, 0x1f,
    0x90, 0x0, 0x0, 0x0, 0x8f, 0x0, 0x1, 0xdb,
    0xd1, 0x0, 0x0, 0x45, 0x5, 0x40, 0x0, 0x7,
    0xdf, 0xd7, 0x0, 0xa, 0xfb, 0x8c, 0xf9, 0x2,
    0xfc, 0x0, 0xd, 0xf1, 0x5f, 0xff, 0xff, 0xff,
    0x35, 0xfb, 0x33, 0x33, 0x30, 0x2f, 0xe0, 0x0,
    0x99, 0x0, 0xaf, 0xc8, 0xcf, 0x90, 0x0, 0x8d,
    0xfd, 0x70, 0x0,

    /* U+1EC2 "Ể" */
    0x0, 0x0, 0x4f, 0xb0, 0x0, 0x0, 0x3, 0xf0,
    0x0, 0x7f, 0xf6, 0x50, 0x2, 0xf6, 0xcb, 0x0,
    0x1, 0x20, 0x3, 0x0, 0xcf, 0xff, 0xff, 0xf6,
    0xcf, 0xba, 0xaa, 0xa3, 0xcf, 0x20, 0x0, 0x0,
    0xcf, 0x20, 0x0, 0x0, 0xcf, 0xff, 0xff, 0xf3,
    0xcf, 0xba, 0xaa, 0xa1, 0xcf, 0x20, 0x0, 0x0,
    0xcf, 0x20, 0x0, 0x0, 0xcf, 0xba, 0xaa, 0xa5,
    0xcf, 0xff, 0xff, 0xf7,

    /* U+1EC3 "ể" */
    0x0, 0x0, 0x8, 0xe6, 0x0, 0x0, 0x0, 0x8,
    0xb0, 0x0, 0x0, 0x0, 0x98, 0x0, 0x0, 0xde,
    0xd6, 0x10, 0x0, 0x57, 0x7, 0x50, 0x0, 0x7,
    0xdf, 0xd7, 0x0, 0xa, 0xfb, 0x8c, 0xf9, 0x2,
    0xfc, 0x0, 0xd, 0xf1, 0x5f, 0xff, 0xff, 0xff,
    0x35, 0xfb, 0x33, 0x33, 0x30, 0x2f, 0xe0, 0x0,
    0x99, 0x0, 0xaf, 0xc8, 0xcf, 0x90, 0x0, 0x8d,
    0xfd, 0x70, 0x0,

    /* U+1EC4 "Ễ" */
    0x3, 0xdf, 0xfd, 0x0, 0x1, 0x26, 0x50, 0x0,
    0x0, 0x9f, 0xf3, 0x0, 0x3, 0xf4, 0xac, 0x0,
    0x1, 0x10, 0x2, 0x0, 0xcf, 0xff, 0xff, 0xf6,
    0xcf, 0xba, 0xaa, 0xa3, 0xcf, 0x20, 0x0, 0x0,
    0xcf, 0x20, 0x0, 0x0, 0xcf, 0xff, 0xff, 0xf3,
    0xcf, 0xba, 0xaa, 0xa1, 0xcf, 0x20, 0x0, 0x0,
    0xcf, 0x20, 0x0, 0x0, 0xcf, 0xba, 0xaa, 0xa5,
    0xcf, 0xff, 0xff, 0xf7,

    /* U+1EC5 "ễ" */
    0x0, 0x4d, 0x93, 0xc0, 0x0, 0xb, 0x6b, 0xf7,
    0x0, 0x0, 0x10, 0x1, 0x0, 0x0, 0x0, 0xcf,
    0xd1, 0x0, 0x0, 0x58, 0x7, 0x60, 0x0, 0x7,
    0xdf, 0xd7, 0x0, 0xa, 0xfb, 0x8c, 0xf9, 0x2,
    0xfc, 0x0, 0xd, 0xf1, 0x5f, 0xff, 0xff, 0xff,
    0x35, 0xfb, 0x33, 0x33, 0x30, 0x2f, 0xe0, 0x0,
    0x99, 0x0, 0xaf, 0xc8, 0xcf, 0x90, 0x0, 0x8d,
    0xfd, 0x70, 0x0,

    /* U+1EC6 "Ệ" */
    0x0, 0x28, 0x70, 0x0, 0x0, 0xdb, 0xe7, 0x0,
    0x3, 0x70, 0x37, 0x0, 0x0, 0x0, 0x0, 0x0,
    0xcf, 0xff, 0xff, 0xf6, 0xcf, 0xba, 0xaa, 0xa3,
    0xcf, 0x20, 0x0, 0x0, 0xcf, 0x20, 0x0, 0x0,
    0xcf, 0xff, 0xff, 0xf3, 0xcf, 0xba, 0xaa, 0xa1,
    0xcf, 0x20, 0x0, 0x0, 0xcf, 0x20, 0x0, 0x0,
    0xcf, 0xba, 0xaa, 0xa5, 0xcf, 0xff, 0xff, 0xf7,
    0x0, 0x8, 0x50, 0x0, 0x0, 0xf, 0xb0, 0x0,

    /* U+1EC7 "ệ" */
    0x0, 0xb, 0xfc, 0x0, 0x0, 0x5, 0xf9, 0xf5,
    0x0, 0x0, 0x44, 0x4, 0x50, 0x0, 0x7, 0xdf,
    0xd7, 0x0, 0xa, 0xfb, 0x8c, 0xf9, 0x2, 0xfc,
    0x0, 0xd, 0xf1, 0x5f, 0xff, 0xff, 0xff, 0x35,
    0xfb, 0x33, 0x33, 0x30, 0x2f, 0xe0, 0x0, 0x99,
    0x0, 0xaf, 0xc8, 0xcf, 0x90, 0x0, 0x8d, 0xfd,
    0x70, 0x0, 0x0, 0x28, 0x30, 0x0, 0x0, 0x5,
    0xf6, 0x0, 0x0,

    /* U+1EC8 "Ỉ" */
    0xe, 0xc2, 0x2, 0xe6, 0x2, 0xe2, 0x0, 0x0,
    0xc, 0xf2, 0xc, 0xf2, 0xc, 0xf2, 0xc, 0xf2,
    0xc, 0xf2, 0xc, 0xf2, 0xc, 0xf2, 0xc, 0xf2,
    0xc, 0xf2, 0xc, 0xf2,

    /* U+1EC9 "ỉ" */
    0x3e, 0xc1, 0x3, 0xf2, 0x2, 0x40, 0xf, 0xf0,
    0xf, 0xf0, 0xf, 0xf0, 0xf, 0xf0, 0xf, 0xf0,
    0xf, 0xf0, 0xf, 0xf0, 0xf, 0xf0,

    /* U+1ECA "Ị" */
    0xcf, 0x2c, 0xf2, 0xcf, 0x2c, 0xf2, 0xcf, 0x2c,
    0xf2, 0xcf, 0x2c, 0xf2, 0xcf, 0x2c, 0xf2, 0x58,
    0xb, 0xf0,

    /* U+1ECB "ị" */
    0xff, 0xa, 0xa0, 0xff, 0xf, 0xf0, 0xff, 0xf,
    0xf0, 0xff, 0xf, 0xf0, 0xff, 0xf, 0xf0, 0x67,
    0xd, 0xe0,

    /* U+1ECC "Ọ" */
    0x0, 0x19, 0xdf, 0xeb, 0x40, 0x0, 0x2e, 0xfe,
    0xbc, 0xff, 0x80, 0xc, 0xf9, 0x0, 0x3, 0xff,
    0x32, 0xfe, 0x0, 0x0, 0x7, 0xf9, 0x4f, 0xb0,
    0x0, 0x0, 0x4f, 0xb4, 0xfb, 0x0, 0x0, 0x3,
    0xfb, 0x2f, 0xe0, 0x0, 0x0, 0x7f, 0x90, 0xcf,
    0x80, 0x0, 0x2e, 0xf3, 0x2, 0xef, 0xeb, 0xcf,
    0xf8, 0x0, 0x1, 0x9d, 0xfe, 0xb5, 0x0, 0x0,
    0x0, 0x18, 0x40, 0x0, 0x0, 0x0, 0x2, 0xf9,
    0x0, 0x0,

    /* U+1ECD "ọ" */
    0x0, 0x7d, 0xfd, 0x80, 0x0, 0xaf, 0xd9, 0xdf,
    0xa0, 0x2f, 0xe0, 0x0, 0xdf, 0x35, 0xfa, 0x0,
    0x9, 0xf6, 0x5f, 0xa0, 0x0, 0x9f, 0x62, 0xfe,
    0x0, 0xd, 0xf3, 0xa, 0xfd, 0x9d, 0xfa, 0x0,
    0x7, 0xdf, 0xe8, 0x0, 0x0, 0x2, 0x83, 0x0,
    0x0, 0x0, 0x5f, 0x60, 0x0,

    /* U+1ECE "Ỏ" */
    0x0, 0x0, 0x7e, 0x80, 0x0, 0x0, 0x0, 0x1,
    0x6f, 0x0, 0x0, 0x0, 0x0, 0x8, 0xb0, 0x0,
    0x0, 0x0, 0x0, 0x21, 0x0, 0x0, 0x0, 0x19,
    0xdf, 0xeb, 0x40, 0x0, 0x2e, 0xfe, 0xbc, 0xff,
    0x80, 0xc, 0xf9, 0x0, 0x3, 0xff, 0x32, 0xfe,
    0x0, 0x0, 0x7, 0xf9, 0x4f, 0xb0, 0x0, 0x0,
    0x4f, 0xb4, 0xfb, 0x0, 0x0, 0x3, 0xfb, 0x2f,
    0xe0, 0x0, 0x0, 0x7f, 0x90, 0xcf, 0x80, 0x0,
    0x2e, 0xf3, 0x2, 0xef, 0xeb, 0xcf, 0xf8, 0x0,
    0x1, 0x9d, 0xfe, 0xb5, 0x0,

    /* U+1ECF "ỏ" */
    0x0, 0xa, 0xe7, 0x0, 0x0, 0x0, 0x19, 0xb0,
    0x0, 0x0, 0x0, 0x62, 0x0, 0x0, 0x7, 0xdf,
    0xd8, 0x0, 0xa, 0xfd, 0x9d, 0xfa, 0x2, 0xfe,
    0x0, 0xd, 0xf3, 0x5f, 0xa0, 0x0, 0x9f, 0x65,
    0xfa, 0x0, 0x9, 0xf6, 0x2f, 0xe0, 0x0, 0xdf,
    0x30, 0xaf, 0xd9, 0xdf, 0xa0, 0x0, 0x7d, 0xfe,
    0x80, 0x0,

    /* U+1ED0 "Ố" */
    0x0, 0x0, 0x0, 0x2, 0xf8, 0x0, 0x0, 0x2,
    0x64, 0x8e, 0x0, 0x0, 0x0, 0xbf, 0xf3, 0x0,
    0x0, 0x0, 0x3f, 0x3c, 0xa0, 0x0, 0x0, 0x2,
    0x30, 0x14, 0x0, 0x0, 0x1, 0x9d, 0xfe, 0xb4,
    0x0, 0x2, 0xef, 0xeb, 0xcf, 0xf8, 0x0, 0xcf,
    0x90, 0x0, 0x3f, 0xf3, 0x2f, 0xe0, 0x0, 0x0,
    0x7f, 0x94, 0xfb, 0x0, 0x0, 0x4, 0xfb, 0x4f,
    0xb0, 0x0, 0x0, 0x3f, 0xb2, 0xfe, 0x0, 0x0,
    0x7, 0xf9, 0xc, 0xf8, 0x0, 0x2, 0xef, 0x30,
    0x2e, 0xfe, 0xbc, 0xff, 0x80, 0x0, 0x19, 0xdf,
    0xeb, 0x50, 0x0,

    /* U+1ED1 "ố" */
    0x0, 0x0, 0x0, 0x1, 0x0, 0x0, 0x0, 0x6,
    0xf4, 0x0, 0x0, 0x0, 0xcb, 0x0, 0x1, 0xdb,
    0xd1, 0x0, 0x0, 0x45, 0x5, 0x40, 0x0, 0x7,
    0xdf, 0xd8, 0x0, 0xa, 0xfd, 0x9d, 0xfa, 0x2,
    0xfe, 0x0, 0xd, 0xf3, 0x5f, 0xa0, 0x0, 0x9f,
    0x65, 0xfa, 0x0, 0x9, 0xf6, 0x2f, 0xe0, 0x0,
    0xdf, 0x30, 0xaf, 0xd9, 0xdf, 0xa0, 0x0, 0x7d,
    0xfe, 0x80, 0x0,

    /* U+1ED2 "Ồ" */
    0x0, 0x0, 0x0, 0xe, 0xc0, 0x0, 0x0, 0x2,
    0x64, 0x5f, 0x20, 0x0, 0x0, 0xbf, 0xf2, 0x10,
    0x0, 0x0, 0x3f, 0x3c, 0xa0, 0x0, 0x0, 0x2,
    0x30, 0x14, 0x0, 0x0, 0x1, 0x9d, 0xfe, 0xb4,
    0x0, 0x2, 0xef, 0xeb, 0xcf, 0xf8, 0x0, 0xcf,
    0x90, 0x0, 0x3f, 0xf3, 0x2f, 0xe0, 0x0, 0x0,
    0x7f, 0x94, 0xfb, 0x0, 0x0, 0x4, 0xfb, 0x4f,
    0xb0, 0x0, 0x0, 0x3f, 0xb2, 0xfe, 0x0, 0x0,
    0x7, 0xf9, 0xc, 0xf8, 0x0, 0x2, 0xef, 0x30,
    0x2e, 0xfe, 0xbc, 0xff, 0x80, 0x0, 0x19, 0xdf,
    0xeb, 0x50, 0x0,

    /* U+1ED3 "ồ" */
    0x0, 0x0, 0x0, 0x10, 0x0, 0x0, 0x0, 0x1f,
    0x90, 0x0, 0x0, 0x0, 0x8f, 0x0, 0x1, 0xdb,
    0xd1, 0x0, 0x0, 0x45, 0x5, 0x40, 0x0, 0x7,
    0xdf, 0xd8, 0x0, 0xa, 0xfd, 0x9d, 0xfa, 0x2,
    0xfe, 0x0, 0xd, 0xf3, 0x5f, 0xa0, 0x0, 0x9f,
    0x65, 0xfa, 0x0, 0x9, 0xf6, 0x2f, 0xe0, 0x0,
    0xdf, 0x30, 0xaf, 0xd9, 0xdf, 0xa0, 0x0, 0x7d,
    0xfe, 0x80, 0x0,

    /* U+1ED4 "Ổ" */
    0x0, 0x0, 0x0, 0x5f, 0xa0, 0x0, 0x0, 0x0,
    0x0, 0x4d, 0x0, 0x0, 0x0, 0x7f, 0xd6, 0x50,
    0x0, 0x0, 0x2f, 0x7e, 0x80, 0x0, 0x0, 0x3,
    0x50, 0x36, 0x0, 0x0, 0x1, 0x9d, 0xfe, 0xb4,
    0x0, 0x2, 0xef, 0xeb, 0xcf, 0xf8, 0x0, 0xcf,
    0x90, 0x0, 0x3f, 0xf3, 0x2f, 0xe0, 0x0, 0x0,
    0x7f, 0x94, 0xfb, 0x0, 0x0, 0x4, 0xfb, 0x4f,
    0xb0, 0x0, 0x0, 0x3f, 0xb2, 0xfe, 0x0, 0x0,
    0x7, 0xf9, 0xc, 0xf8, 0x0, 0x2, 0xef, 0x30,
    0x2e, 0xfe, 0xbc, 0xff, 0x80, 0x0, 0x19, 0xdf,
    0xeb, 0x50, 0x0,

    /* U+1ED5 "ổ" */
    0x0, 0x0, 0x8, 0xe6, 0x0, 0x0, 0x0, 0x7,
    0xb0, 0x0, 0x0, 0x0, 0x98, 0x0, 0x0, 0xde,
    0xd6, 0x10, 0x0, 0x57, 0x7, 0x50, 0x0, 0x7,
    0xdf, 0xd8, 0x0, 0xa, 0xfd, 0x9d, 0xfa, 0x2,
    0xfe, 0x0, 0xd, 0xf3, 0x5f, 0xa0, 0x0, 0x9f,
    0x65, 0xfa, 0x0, 0x9, 0xf6, 0x2f, 0xe0, 0x0,
    0xdf, 0x30, 0xaf, 0xd9, 0xdf, 0xa0, 0x0, 0x7d,
    0xfe, 0x80, 0x0,

    /* U+1ED6 "Ỗ" */
    0x0, 0x2, 0xdb, 0x1e, 0x0, 0x0, 0x0, 0x88,
    0x8f, 0xa0, 0x0, 0x0, 0x1, 0x13, 0x30, 0x0,
    0x0, 0x0, 0x9, 0xff, 0x10, 0x0, 0x0, 0x2,
    0xf5, 0xd9, 0x0, 0x0, 0x0, 0x35, 0x2, 0x50,
    0x0, 0x0, 0x19, 0xdf, 0xeb, 0x40, 0x0, 0x2e,
    0xfe, 0xbc, 0xff, 0x80, 0xc, 0xf9, 0x0, 0x3,
    0xff, 0x32, 0xfe, 0x0, 0x0, 0x7, 0xf9, 0x4f,
    0xb0, 0x0, 0x0, 0x4f, 0xb4, 0xfb, 0x0, 0x0,
    0x3, 0xfb, 0x2f, 0xe0, 0x0, 0x0, 0x7f, 0x90,
    0xcf, 0x80, 0x0, 0x2e, 0xf3, 0x2, 0xef, 0xeb,
    0xcf, 0xf8, 0x0, 0x1, 0x9d, 0xfe, 0xb5, 0x0,

    /* U+1ED7 "ỗ" */
    0x0, 0x4d, 0x93, 0xc0, 0x0, 0xb, 0x6b, 0xf7,
    0x0, 0x0, 0x10, 0x1, 0x0, 0x0, 0x0, 0xce,
    0xd1, 0x0, 0x0, 0x57, 0x7, 0x50, 0x0, 0x7,
    0xdf, 0xd8, 0x0, 0xa, 0xfd, 0x9d, 0xfa, 0x2,
    0xfe, 0x0, 0xd, 0xf3, 0x5f, 0xa0, 0x0, 0x9f,
    0x65, 0xfa, 0x0, 0x9, 0xf6, 0x2f, 0xe0, 0x0,
    0xdf, 0x30, 0xaf, 0xd9, 0xdf, 0xa0, 0x0, 0x7d,
    0xfe, 0x80, 0x0,

    /* U+1ED8 "Ộ" */
    0x0, 0x0, 0x38, 0x60, 0x0, 0x0, 0x0, 0x1e,
    0xaf, 0x50, 0x0, 0x0, 0x3, 0x70, 0x47, 0x0,
    0x0, 0x0, 0x0, 0x0, 0x0, 0x0, 0x0, 0x19,
    0xdf, 0xeb, 0x40, 0x0, 0x2e, 0xfe, 0xbc, 0xff,
    0x80, 0xc, 0xf9, 0x0, 0x3, 0xff, 0x32, 0xfe,
    0x0, 0x0, 0x7, 0xf9, 0x4f, 0xb0, 0x0, 0x0,
    0x4f, 0xb4, 0xfb, 0x0, 0x0, 0x3, 0xfb, 0x2f,
    0xe0, 0x0, 0x0, 0x7f, 0x90, 0xcf, 0x80, 0x0,
    0x2e, 0xf3, 0x2, 0xef, 0xeb, 0xcf, 0xf8, 0x0,
    0x1, 0x9d, 0xfe, 0xb5, 0x0, 0x0, 0x0, 0x18,
    0x40, 0x0, 0x0, 0x0, 0x2, 0xf9, 0x0, 0x0,

    /* U+1ED9 "ộ" */
    0x0, 0xb, 0xfc, 0x0, 0x0, 0x5, 0xf8, 0xf6,
    0x0, 0x0, 0x44, 0x3, 0x40, 0x0, 0x7, 0xdf,
    0xd8, 0x0, 0xa, 0xfd, 0x9d, 0xfa, 0x2, 0xfe,
    0x0, 0xd, 0xf3, 0x5f, 0xa0, 0x0, 0x9f, 0x65,
    0xfa, 0x0, 0x9, 0xf6, 0x2f, 0xe0, 0x0, 0xdf,
    0x30, 0xaf, 0xd9, 0xdf, 0xa0, 0x0, 0x7d, 0xfe,
    0x80, 0x0, 0x0, 0x28, 0x30, 0x0, 0x0, 0x5,
    0xf6, 0x0, 0x0,

    /* U+1EDA "Ớ" */
    0x0, 0x0, 0x7, 0xf5, 0x13, 0x0, 0x0, 0x0,
    0xeb, 0x5, 0xf3, 0x0, 0x0, 0x1, 0x0, 0x3f,
    0x40, 0x0, 0x0, 0x0, 0x6, 0xf3, 0x0, 0x19,
    0xdf, 0xef, 0xfa, 0x0, 0x2e, 0xfe, 0xbc, 0xff,
    0x80, 0xc, 0xf9, 0x0, 0x3, 0xff, 0x32, 0xfe,
    0x0, 0x0, 0x7, 0xf9, 0x4f, 0xb0, 0x0, 0x0,
    0x4f, 0xb4, 0xfb, 0x0, 0x0, 0x3, 0xfb, 0x2f,
    0xe0, 0x0, 0x0, 0x7f, 0x90, 0xcf, 0x80, 0x0,
    0x2e, 0xf3, 0x2, 0xef, 0xeb, 0xcf, 0xf8, 0x0,
    0x1, 0x9d, 0xfe, 0xb5, 0x0,

    /* U+1EDB "ớ" */
    0x0, 0x0, 0xde, 0x13, 0x10, 0x0, 0x4f, 0x50,
    0xf8, 0x0, 0x0, 0x0, 0x1f, 0x90, 0x7, 0xdf,
    0xff, 0xe3, 0xa, 0xfd, 0x9d, 0xfa, 0x2, 0xfe,
    0x0, 0xd, 0xf3, 0x5f, 0xa0, 0x0, 0x9f, 0x65,
    0xfa, 0x0, 0x9, 0xf6, 0x2f, 0xe0, 0x0, 0xdf,
    0x30, 0xaf, 0xd9, 0xdf, 0xa0, 0x0, 0x7d, 0xfe,
    0x80, 0x0,

    /* U+1EDC "Ờ" */
    0x0, 0x0, 0xed, 0x0, 0x13, 0x0, 0x0, 0x4,
    0xf5, 0x5, 0xf3, 0x0, 0x0, 0x1, 0x0, 0x3f,
    0x40, 0x0, 0x0, 0x0, 0x6, 0xf3, 0x0, 0x19,
    0xdf, 0xef, 0xfa, 0x0, 0x2e, 0xfe, 0xbc, 0xff,
    0x80, 0xc, 0xf9, 0x0, 0x3, 0xff, 0x32, 0xfe,
    0x0, 0x0, 0x7, 0xf9, 0x4f, 0xb0, 0x0, 0x0,
    0x4f, 0xb4, 0xfb, 0x0, 0x0, 0x3, 0xfb, 0x2f,
    0xe0, 0x0, 0x0, 0x7f, 0x90, 0xcf, 0x80, 0x0,
    0x2e, 0xf3, 0x2, 0xef, 0xeb, 0xcf, 0xf8, 0x0,
    0x1, 0x9d, 0xfe, 0xb5, 0x0,

    /* U+1EDD "ờ" */
    0x0, 0x5f, 0x70, 0x3, 0x10, 0x0, 0xbe, 0x0,
    0xf8, 0x0, 0x0, 0x10, 0x1f, 0x90, 0x7, 0xdf,
    0xff, 0xe3, 0xa, 0xfd, 0x9d, 0xfa, 0x2, 0xfe,
    0x0, 0xd, 0xf3, 0x5f, 0xa0, 0x0, 0x9f, 0x65,
    0xfa, 0x0, 0x9, 0xf6, 0x2f, 0xe0, 0x0, 0xdf,
    0x30, 0xaf, 0xd9, 0xdf, 0xa0, 0x0, 0x7d, 0xfe,
    0x80, 0x0,

    /* U+1EDE "Ở" */
    0x0, 0x0, 0x7e, 0x80, 0x0, 0x0, 0x0, 0x1,
    0x6f, 0x4, 0xb1, 0x0, 0x0, 0x8, 0xb0, 0x4f,
    0x40, 0x0, 0x0, 0x21, 0x6, 0xf3, 0x0, 0x19,
    0xdf, 0xef, 0xfb, 0x0, 0x2e, 0xfe, 0xbc, 0xff,
    0x80, 0xc, 0xf9, 0x0, 0x3, 0xff, 0x32, 0xfe,
    0x0, 0x0, 0x7, 0xf9, 0x4f, 0xb0, 0x0, 0x0,
    0x4f, 0xb4, 0xfb, 0x0, 0x0, 0x3, 0xfb, 0x2f,
    0xe0, 0x0, 0x0, 0x7f, 0x90, 0xcf, 0x80, 0x0,
    0x2e, 0xf3, 0x2, 0xef, 0xeb, 0xcf, 0xf8, 0x0,
    0x1, 0x9d, 0xfe, 0xb5, 0x0,

    /* U+1EDF "ở" */
    0x0, 0xd, 0xd4, 0x0, 0x0, 0x0, 0xc, 0x70,
    0xd6, 0x0, 0x0, 0x60, 0x1f, 0x90, 0x7, 0xdf,
    0xff, 0xe3, 0xa, 0xfd, 0x9d, 0xfa, 0x2, 0xfe,
    0x0, 0xd, 0xf3, 0x5f, 0xa0, 0x0, 0x9f, 0x65,
    0xfa, 0x0, 0x9, 0xf6, 0x2f, 0xe0, 0x0, 0xdf,
    0x30, 0xaf, 0xd9, 0xdf, 0xa0, 0x0, 0x7d, 0xfe,
    0x80, 0x0,

    /* U+1EE0 "Ỡ" */
    0x0, 0x3, 0xeb, 0x1d, 0x20, 0x0, 0x0, 0xb7,
    0x9f, 0xb5, 0xf2, 0x0, 0x1, 0x0, 0x10, 0x4f,
    0x40, 0x0, 0x0, 0x0, 0x6, 0xf3, 0x0, 0x19,
    0xdf, 0xef, 0xfb, 0x0, 0x2e, 0xfe, 0xbc, 0xff,
    0x80, 0xc, 0xf9, 0x0, 0x3, 0xff, 0x32, 0xfe,
    0x0, 0x0, 0x7, 0xf9, 0x4f, 0xb0, 0x0, 0x0,
    0x4f, 0xb4, 0xfb, 0x0, 0x0, 0x3, 0xfb, 0x2f,
    0xe0, 0x0, 0x0, 0x7f, 0x90, 0xcf, 0x80, 0x0,
    0x2e, 0xf3, 0x2, 0xef, 0xeb, 0xcf, 0xf8, 0x0,
    0x1, 0x9d, 0xfe, 0xb5, 0x0,

    /* U+1EE1 "ỡ" */
    0x0, 0xcf, 0xff, 0x9f, 0x80, 0x2, 0x22, 0x11,
    0xf9, 0x0, 0x7d, 0xff, 0xfe, 0x30, 0xaf, 0xd9,
    0xdf, 0xa0, 0x2f, 0xe0, 0x0, 0xdf, 0x35, 0xfa,
    0x0, 0x9, 0xf6, 0x5f, 0xa0, 0x0, 0x9f, 0x62,
    0xfe, 0x0, 0xd, 0xf3, 0xa, 0xfd, 0x9d, 0xfa,
    0x0, 0x7, 0xdf, 0xe8, 0x0,

    /* U+1EE2 "Ợ" */
    0x0, 0x0, 0x0, 0x0, 0x5f, 0x20, 0x0, 0x0,
    0x0, 0x4, 0xf4, 0x0, 0x0, 0x0, 0x0, 0x6f,
    0x30, 0x1, 0x9d, 0xfe, 0xff, 0xb0, 0x2, 0xef,
    0xeb, 0xcf, 0xf8, 0x0, 0xcf, 0x90, 0x0, 0x3f,
    0xf3, 0x2f, 0xe0, 0x0, 0x0, 0x7f, 0x94, 0xfb,
    0x0, 0x0, 0x4, 0xfb, 0x4f, 0xb0, 0x0, 0x0,
    0x3f, 0xb2, 0xfe, 0x0, 0x0, 0x7, 0xf9, 0xc,
    0xf8, 0x0, 0x2, 0xef, 0x30, 0x2e, 0xfe, 0xbc,
    0xff, 0x80, 0x0, 0x19, 0xdf, 0xeb, 0x50, 0x0,
    0x0, 0x1, 0x84, 0x0, 0x0, 0x0, 0x0, 0x2f,
    0x90, 0x0, 0x0,

    /* U+1EE3 "ợ" */
    0x0, 0x0, 0x0, 0xf, 0x80, 0x0, 0x0, 0x1,
    0xf9, 0x0, 0x7d, 0xff, 0xfe, 0x30, 0xaf, 0xd9,
    0xdf, 0xa0, 0x2f, 0xe0, 0x0, 0xdf, 0x35, 0xfa,
    0x0, 0x9, 0xf6, 0x5f, 0xa0, 0x0, 0x9f, 0x62,
    0xfe, 0x0, 0xd, 0xf3, 0xa, 0xfd, 0x9d, 0xfa,
    0x0, 0x7, 0xdf, 0xe8, 0x0, 0x0, 0x2, 0x83,
    0x0, 0x0, 0x0, 0x5f, 0x60, 0x0,

    /* U+1EE4 "Ụ" */
    0xf, 0xe0, 0x0, 0x7, 0xf8, 0xf, 0xe0, 0x0,
    0x7, 0xf8, 0xf, 0xe0, 0x0, 0x7, 0xf8, 0xf,
    0xe0, 0x0, 0x7, 0xf8, 0xf, 0xe0, 0x0, 0x7,
    0xf8, 0xf, 0xe0, 0x0, 0x7, 0xf8, 0xf, 0xf0,
    0x0, 0x7, 0xf7, 0xd, 0xf5, 0x0, 0xd, 0xf4,
    0x4, 0xff, 0xcb, 0xef, 0xc0, 0x0, 0x4b, 0xef,
    0xd8, 0x0, 0x0, 0x0, 0x58, 0x0, 0x0, 0x0,
    0x0, 0xaf, 0x10, 0x0,

    /* U+1EE5 "ụ" */
    0xff, 0x0, 0xf, 0xef, 0xf0, 0x0, 0xfe, 0xff,
    0x0, 0xf, 0xef, 0xf0, 0x0, 0xfe, 0xff, 0x0,
    0xf, 0xee, 0xf1, 0x3, 0xfe, 0xaf, 0xc9, 0xef,
    0xe1, 0xbf, 0xd5, 0xde, 0x0, 0x38, 0x20, 0x0,
    0x7, 0xf4, 0x0,

    /* U+1EE6 "Ủ" */
    0x0, 0x0, 0xdd, 0x30, 0x0, 0x0, 0x0, 0x2d,
    0x70, 0x0, 0x0, 0x0, 0x1e, 0x20, 0x0, 0x0,
    0x0, 0x0, 0x0, 0x0, 0xf, 0xe0, 0x0, 0x7,
    0xf8, 0xf, 0xe0, 0x0, 0x7, 0xf8, 0xf, 0xe0,
    0x0, 0x7, 0xf8, 0xf, 0xe0, 0x0, 0x7, 0xf8,
    0xf, 0xe0, 0x0, 0x7, 0xf8, 0xf, 0xe0, 0x0,
    0x7, 0xf8, 0xf, 0xf0, 0x0, 0x7, 0xf7, 0xd,
    0xf5, 0x0, 0xd, 0xf4, 0x4, 0xff, 0xcb, 0xef,
    0xc0, 0x0, 0x4b, 0xef, 0xd8, 0x0,

    /* U+1EE7 "ủ" */
    0x0, 0xbd, 0x60, 0x0, 0x1, 0xb9, 0x0, 0x0,
    0x5, 0x0, 0xf, 0xf0, 0x0, 0xfe, 0xff, 0x0,
    0xf, 0xef, 0xf0, 0x0, 0xfe, 0xff, 0x0, 0xf,
    0xef, 0xf0, 0x0, 0xfe, 0xef, 0x10, 0x3f, 0xea,
    0xfc, 0x9e, 0xfe, 0x1b, 0xfd, 0x5d, 0xe0,

    /* U+1EE8 "Ứ" */
    0x0, 0x0, 0xe, 0xd0, 0x3, 0x20, 0x0, 0x6,
    0xf3, 0x0, 0xdb, 0x0, 0x0, 0x0, 0x0, 0xb,
    0xc0, 0x0, 0x0, 0x0, 0x0, 0xda, 0xf, 0xe0,
    0x0, 0xb, 0xff, 0x20, 0xfe, 0x0, 0x0, 0x7f,
    0x80, 0xf, 0xe0, 0x0, 0x7, 0xf8, 0x0, 0xfe,
    0x0, 0x0, 0x7f, 0x80, 0xf, 0xe0, 0x0, 0x7,
    0xf8, 0x0, 0xfe, 0x0, 0x0, 0x7f, 0x80, 0xf,
    0xf0, 0x0, 0x7, 0xf7, 0x0, 0xdf, 0x50, 0x0,
    0xdf, 0x40, 0x4, 0xff, 0xcb, 0xef, 0xc0, 0x0,
    0x4, 0xbe, 0xfd, 0x80, 0x0,

    /* U+1EE9 "ứ" */
    0x0, 0xc, 0xe1, 0x13, 0x0, 0x3, 0xf6, 0x5,
    0xf2, 0x0, 0x1, 0x0, 0x7f, 0x2f, 0xf0, 0x0,
    0xff, 0x80, 0xff, 0x0, 0xf, 0xe0, 0xf, 0xf0,
    0x0, 0xfe, 0x0, 0xff, 0x0, 0xf, 0xe0, 0xf,
    0xf0, 0x0, 0xfe, 0x0, 0xef, 0x10, 0x3f, 0xe0,
    0xa, 0xfc, 0x9e, 0xfe, 0x0, 0x1b, 0xfd, 0x5d,
    0xe0, 0x0,

    /* U+1EEA "Ừ" */
    0x0, 0x6, 0xf6, 0x0, 0x3, 0x20, 0x0, 0xc,
    0xd0, 0x0, 0xdb, 0x0, 0x0, 0x1, 0x0, 0xb,
    0xc0, 0x0, 0x0, 0x0, 0x0, 0xda, 0xf, 0xe0,
    0x0, 0xb, 0xff, 0x20, 0xfe, 0x0, 0x0, 0x7f,
    0x80, 0xf, 0xe0, 0x0, 0x7, 0xf8, 0x0, 0xfe,
    0x0, 0x0, 0x7f, 0x80, 0xf, 0xe0, 0x0, 0x7,
    0xf8, 0x0, 0xfe, 0x0, 0x0, 0x7f, 0x80, 0xf,
    0xf0, 0x0, 0x7, 0xf7, 0x0, 0xdf, 0x50, 0x0,
    0xdf, 0x40, 0x4, 0xff, 0xcb, 0xef, 0xc0, 0x0,
    0x4, 0xbe, 0xfd, 0x80, 0x0,

    /* U+1EEB "ừ" */
    0x4, 0xf8, 0x0, 0x13, 0x0, 0xa, 0xe0, 0x5,
    0xf2, 0x0, 0x1, 0x0, 0x7f, 0x2f, 0xf0, 0x0,
    0xff, 0x80, 0xff, 0x0, 0xf, 0xe0, 0xf, 0xf0,
    0x0, 0xfe, 0x0, 0xff, 0x0, 0xf, 0xe0, 0xf,
    0xf0, 0x0, 0xfe, 0x0, 0xef, 0x10, 0x3f, 0xe0,
    0xa, 0xfc, 0x9e, 0xfe, 0x0, 0x1b, 0xfd, 0x5d,
    0xe0, 0x0,

    /* U+1EEC "Ử" */
    0x0, 0x0, 0xdd, 0x30, 0x0, 0x0, 0x0, 0x2,
    0xd7, 0x0, 0x97, 0x0, 0x0, 0x1e, 0x20, 0xc,
    0xc0, 0x0, 0x0, 0x0, 0x0, 0xdb, 0xf, 0xe0,
    0x0, 0xb, 0xff, 0x20, 0xfe, 0x0, 0x0, 0x7f,
    0x80, 0xf, 0xe0, 0x0, 0x7, 0xf8, 0x0, 0xfe,
    0x0, 0x0, 0x7f, 0x80, 0xf, 0xe0, 0x0, 0x7,
    0xf8, 0x0, 0xfe, 0x0, 0x0, 0x7f, 0x80, 0xf,
    0xf0, 0x0, 0x7, 0xf7, 0x0, 0xdf, 0x50, 0x0,
    0xdf, 0x40, 0x4, 0xff, 0xcb, 0xef, 0xc0, 0x0,
    0x4, 0xbe, 0xfd, 0x80, 0x0,

    /* U+1EED "ử" */
    0x0, 0xcd, 0x50, 0x0, 0x0, 0x0, 0xb8, 0x5,
    0xd1, 0x0, 0x4, 0x0, 0x6f, 0x2f, 0xf0, 0x0,
    0xff, 0x90, 0xff, 0x0, 0xf, 0xe0, 0xf, 0xf0,
    0x0, 0xfe, 0x0, 0xff, 0x0, 0xf, 0xe0, 0xf,
    0xf0, 0x0, 0xfe, 0x0, 0xef, 0x10, 0x3f, 0xe0,
    0xa, 0xfc, 0x9e, 0xfe, 0x0, 0x1b, 0xfd, 0x5d,
    0xe0, 0x0,

    /* U+1EEE "Ữ" */
    0x0, 0xa, 0xe5, 0x6a, 0x0, 0x0, 0x2, 0xe4,
    0xef, 0x40, 0xda, 0x0, 0x1, 0x0, 0x10, 0xb,
    0xc0, 0x0, 0x0, 0x0, 0x0, 0xda, 0xf, 0xe0,
    0x0, 0xb, 0xff, 0x20, 0xfe, 0x0, 0x0, 0x7f,
    0x80, 0xf, 0xe0, 0x0, 0x7, 0xf8, 0x0, 0xfe,
    0x0, 0x0, 0x7f, 0x80, 0xf, 0xe0, 0x0, 0x7,
    0xf8, 0x0, 0xfe, 0x0, 0x0, 0x7f, 0x80, 0xf,
    0xf0, 0x0, 0x7, 0xf7, 0x0, 0xdf, 0x50, 0x0,
    0xdf, 0x40, 0x4, 0xff, 0xcb, 0xef, 0xc0, 0x0,
    0x4, 0xbe, 0xfd, 0x80, 0x0,

    /* U+1EEF "ữ" */
    0xb, 0xff, 0xfa, 0x6f, 0x10, 0x22, 0x21, 0x7,
    0xf2, 0xff, 0x0, 0xf, 0xf8, 0xf, 0xf0, 0x0,
    0xfe, 0x0, 0xff, 0x0, 0xf, 0xe0, 0xf, 0xf0,
    0x0, 0xfe, 0x0, 0xff, 0x0, 0xf, 0xe0, 0xe,
    0xf1, 0x3, 0xfe, 0x0, 0xaf, 0xc9, 0xef, 0xe0,
    0x1, 0xbf, 0xd5, 0xde, 0x0,

    /* U+1EF0 "Ự" */
    0x0, 0x0, 0x0, 0x0, 0xd, 0xa0, 0x0, 0x0,
    0x0, 0x0, 0xbc, 0x0, 0x0, 0x0, 0x0, 0xd,
    0xa0, 0xfe, 0x0, 0x0, 0xbf, 0xf2, 0xf, 0xe0,
    0x0, 0x7, 0xf8, 0x0, 0xfe, 0x0, 0x0, 0x7f,
    0x80, 0xf, 0xe0, 0x0, 0x7, 0xf8, 0x0, 0xfe,
    0x0, 0x0, 0x7f, 0x80, 0xf, 0xe0, 0x0, 0x7,
    0xf8, 0x0, 0xff, 0x0, 0x0, 0x7f, 0x70, 0xd,
    0xf5, 0x0, 0xd, 0xf4, 0x0, 0x4f, 0xfc, 0xbe,
    0xfc, 0x0, 0x0, 0x4b, 0xef, 0xd8, 0x0, 0x0,
    0x0, 0x5, 0x80, 0x0, 0x0, 0x0, 0x0, 0xaf,
    0x10, 0x0, 0x0,

    /* U+1EF1 "ự" */
    0x0, 0x0, 0x0, 0x6f, 0x10, 0x0, 0x0, 0x7,
    0xf2, 0xff, 0x0, 0xf, 0xf8, 0xf, 0xf0, 0x0,
    0xfe, 0x0, 0xff, 0x0, 0xf, 0xe0, 0xf, 0xf0,
    0x0, 0xfe, 0x0, 0xff, 0x0, 0xf, 0xe0, 0xe,
    0xf1, 0x3, 0xfe, 0x0, 0xaf, 0xc9, 0xef, 0xe0,
    0x1, 0xbf, 0xd5, 0xde, 0x0, 0x0, 0x38, 0x20,
    0x0, 0x0, 0x7, 0xf4, 0x0, 0x0,

    /* U+1EF2 "Ỳ" */
    0x0, 0x0, 0x10, 0x0, 0x0, 0x0, 0x0, 0x1e,
    0xc0, 0x0, 0x0, 0x0, 0x0, 0x5f, 0x30, 0x0,
    0x0, 0x0, 0x0, 0x0, 0x0, 0x0, 0xc, 0xf5,
    0x0, 0x3, 0xfe, 0x10, 0x3f, 0xe0, 0x0, 0xcf,
    0x50, 0x0, 0x9f, 0x90, 0x5f, 0xc0, 0x0, 0x0,
    0xef, 0x3e, 0xf2, 0x0, 0x0, 0x5, 0xff, 0xf8,
    0x0, 0x0, 0x0, 0xb, 0xfe, 0x0, 0x0, 0x0,
    0x0, 0x6f, 0x90, 0x0, 0x0, 0x0, 0x6, 0xf9,
    0x0, 0x0, 0x0, 0x0, 0x6f, 0x90, 0x0, 0x0,
    0x0, 0x6, 0xf9, 0x0, 0x0,

    /* U+1EF3 "ỳ" */
    0x0, 0x6f, 0x70, 0x0, 0x0, 0x0, 0xbd, 0x0,
    0x0, 0x0, 0x0, 0x10, 0x0, 0x8, 0xf7, 0x0,
    0xe, 0xf1, 0x2f, 0xc0, 0x3, 0xfa, 0x0, 0xcf,
    0x20, 0x8f, 0x50, 0x6, 0xf7, 0xd, 0xe0, 0x0,
    0x1f, 0xc2, 0xf9, 0x0, 0x0, 0xbf, 0x9f, 0x30,
    0x0, 0x5, 0xff, 0xd0, 0x0, 0x0, 0xf, 0xf8,
    0x0, 0x0, 0x27, 0xbf, 0x20, 0x0, 0x6, 0xff,
    0x70, 0x0, 0x0,

    /* U+1EF4 "Ỵ" */
    0xc, 0xf5, 0x0, 0x3, 0xfe, 0x10, 0x3f, 0xe0,
    0x0, 0xcf, 0x50, 0x0, 0x9f, 0x90, 0x5f, 0xc0,
    0x0, 0x0, 0xef, 0x3e, 0xf2, 0x0, 0x0, 0x5,
    0xff, 0xf8, 0x0, 0x0, 0x0, 0xb, 0xfe, 0x0,
    0x0, 0x0, 0x0, 0x6f, 0x90, 0x0, 0x0, 0x0,
    0x6, 0xf9, 0x0, 0x0, 0x0, 0x0, 0x6f, 0x90,
    0x0, 0x0, 0x0, 0x6, 0xf9, 0x0, 0x0, 0x0,
    0x0, 0x28, 0x30, 0x0, 0x0, 0x0, 0x4, 0xf7,
    0x0, 0x0,

    /* U+1EF5 "ỵ" */
    0x8f, 0x70, 0x0, 0xef, 0x12, 0xfc, 0x0, 0x3f,
    0xa0, 0xc, 0xf2, 0x8, 0xf5, 0x0, 0x6f, 0x70,
    0xde, 0x0, 0x1, 0xfc, 0x2f, 0x90, 0x0, 0xb,
    0xf9, 0xf3, 0x0, 0x0, 0x5f, 0xfd, 0x0, 0x0,
    0x0, 0xff, 0x80, 0x0, 0x2, 0x7b, 0xf4, 0x73,
    0x0, 0x6f, 0xf7, 0x4f, 0x60,

    /* U+1EF6 "Ỷ" */
    0x0, 0x0, 0x9e, 0x70, 0x0, 0x0, 0x0, 0x1,
    0x8c, 0x0, 0x0, 0x0, 0x0, 0xb, 0x70, 0x0,
    0x0, 0x0, 0x0, 0x0, 0x0, 0x0, 0xc, 0xf5,
    0x0, 0x3, 0xfe, 0x10, 0x3f, 0xe0, 0x0, 0xcf,
    0x50, 0x0, 0x9f, 0x90, 0x5f, 0xc0, 0x0, 0x0,
    0xef, 0x3e, 0xf2, 0x0, 0x0, 0x5, 0xff, 0xf8,
    0x0, 0x0, 0x0, 0xb, 0xfe, 0x0, 0x0, 0x0,
    0x0, 0x6f, 0x90, 0x0, 0x0, 0x0, 0x6, 0xf9,
    0x0, 0x0, 0x0, 0x0, 0x6f, 0x90, 0x0, 0x0,
    0x0, 0x6, 0xf9, 0x0, 0x0,

    /* U+1EF7 "ỷ" */
    0x0, 0xd, 0xd4, 0x0, 0x0, 0x0, 0x2d, 0x60,
    0x0, 0x0, 0x0, 0x50, 0x0, 0x8, 0xf7, 0x0,
    0xe, 0xf1, 0x2f, 0xc0, 0x3, 0xfa, 0x0, 0xcf,
    0x20, 0x8f, 0x50, 0x6, 0xf7, 0xd, 0xe0, 0x0,
    0x1f, 0xc2, 0xf9, 0x0, 0x0, 0xbf, 0x9f, 0x30,
    0x0, 0x5, 0xff, 0xd0, 0x0, 0x0, 0xf, 0xf8,
    0x0, 0x0, 0x27, 0xbf, 0x20, 0x0, 0x6, 0xff,
    0x70, 0x0, 0x0,

    /* U+1EF8 "Ỹ" */
    0x0, 0x8, 0xff, 0xfd, 0x0, 0x0, 0x0, 0x22,
    0x22, 0x0, 0x0, 0x0, 0x0, 0x0, 0x0, 0x0,
    0x0, 0xcf, 0x50, 0x0, 0x3f, 0xe1, 0x3, 0xfe,
    0x0, 0xc, 0xf5, 0x0, 0x9, 0xf9, 0x5, 0xfc,
    0x0, 0x0, 0xe, 0xf3, 0xef, 0x20, 0x0, 0x0,
    0x5f, 0xff, 0x80, 0x0, 0x0, 0x0, 0xbf, 0xe0,
    0x0, 0x0, 0x0, 0x6, 0xf9, 0x0, 0x0, 0x0,
    0x0, 0x6f, 0x90, 0x0, 0x0, 0x0, 0x6, 0xf9,
    0x0, 0x0, 0x0, 0x0, 0x6f, 0x90, 0x0, 0x0,

    /* U+1EF9 "ỹ" */
    0x0, 0xcf, 0xff, 0x80, 0x0, 0x2, 0x22, 0x10,
    0x0, 0x8f, 0x70, 0x0, 0xef, 0x12, 0xfc, 0x0,
    0x3f, 0xa0, 0xc, 0xf2, 0x8, 0xf5, 0x0, 0x6f,
    0x70, 0xde, 0x0, 0x1, 0xfc, 0x2f, 0x90, 0x0,
    0xb, 0xf9, 0xf3, 0x0, 0x0, 0x5f, 0xfd, 0x0,
    0x0, 0x0, 0xff, 0x80, 0x0, 0x2, 0x7b, 0xf2,
    0x0, 0x0, 0x6f, 0xf7, 0x0, 0x0,

    /* U+2013 "–" */
    0x49, 0x99, 0x99, 0x99, 0x36, 0xff, 0xff, 0xff,
    0xf5,

    /* U+2014 "—" */
    0x49, 0x99, 0x99, 0x99, 0x99, 0x99, 0x90, 0x6f,
    0xff, 0xff, 0xff, 0xff, 0xff, 0xf1,

    /* U+2015 "―" */
    0x9f, 0xff, 0xff, 0xff, 0x11, 0x22, 0x22, 0x22,
    0x20,

    /* U+2016 "‖" */
    0xa8, 0x1f, 0xa, 0x81, 0xf0, 0xa8, 0x1f, 0xa,
    0x81, 0xf0, 0xa8, 0x1f, 0xa, 0x81, 0xf0, 0xa8,
    0x1f, 0xa, 0x81, 0xf0, 0xa8, 0x1f, 0xa, 0x81,
    0xf0, 0xa8, 0x1f, 0xa, 0x81, 0xf0,

    /* U+2017 "‗" */
    0x1c, 0xcc, 0xcc, 0xcc, 0x71, 0xcc, 0xcc, 0xcc,
    0xc7,

    /* U+2018 "‘" */
    0x9, 0x81, 0xf2, 0x5f, 0xd5, 0xfd, 0x0, 0x0,

    /* U+2019 "’" */
    0x5f, 0xd5, 0xfd, 0x9, 0x90, 0xe3, 0x18, 0x0,

    /* U+201A "‚" */
    0x0, 0x6, 0xfc, 0x6f, 0xc0, 0xb7, 0x1e, 0x0,

    /* U+201B "‛" */
    0xf, 0x60, 0xd3, 0xb, 0x10, 0x22,

    /* U+201C "“" */
    0x9, 0x80, 0x97, 0x1f, 0x21, 0xf1, 0x5f, 0xd5,
    0xfd, 0x5f, 0xd6, 0xfd, 0x0, 0x0, 0x0,

    /* U+201D "”" */
    0x5f, 0xd6, 0xfd, 0x5f, 0xd6, 0xfc, 0x9, 0x90,
    0xa8, 0xe, 0x30, 0xe3, 0x18, 0x1, 0x70,

    /* U+201E "„" */
    0x1, 0x0, 0x10, 0x6f, 0xc7, 0xfc, 0x6f, 0xc7,
    0xfc, 0xb, 0x70, 0xb6, 0x1e, 0x1, 0xe0,

    /* U+201F "‟" */
    0x5f, 0x2f, 0x55, 0xb1, 0xd2, 0x2b, 0xb, 0x10,
    0x40, 0x22,

    /* U+2020 "†" */
    0x0, 0x8f, 0x40, 0x0, 0x8, 0xf4, 0x0, 0xcf,
    0xff, 0xff, 0x96, 0x8f, 0xfc, 0x84, 0x0, 0x8f,
    0x40, 0x0, 0x8, 0xf4, 0x0, 0x0, 0x8f, 0x40,
    0x0, 0x8, 0xf4, 0x0, 0x0, 0x8f, 0x40, 0x0,
    0x8, 0xf4, 0x0,

    /* U+2021 "‡" */
    0x0, 0x8f, 0x40, 0x0, 0x8, 0xf4, 0x0, 0xcf,
    0xff, 0xff, 0x96, 0x8f, 0xfc, 0x84, 0x0, 0x8f,
    0x40, 0x0, 0x8, 0xf4, 0x0, 0xcf, 0xff, 0xff,
    0x96, 0x8f, 0xfc, 0x84, 0x0, 0x8f, 0x40, 0x0,
    0x8, 0xf4, 0x0,

    /* U+2022 "•" */
    0x7, 0xb8, 0x4, 0xff, 0xf6, 0x5f, 0xff, 0x70,
    0xaf, 0xb1,

    /* U+2023 "‣" */
    0x13, 0x0, 0x3, 0xf9, 0x10, 0x3f, 0xff, 0x53,
    0xff, 0x70, 0x39, 0x10, 0x0, 0x0, 0x0,

    /* U+2024 "․" */
    0x56, 0xad,

    /* U+2025 "‥" */
    0x56, 0x0, 0x38, 0xad, 0x0, 0x7f,

    /* U+2026 "…" */
    0x0, 0x0, 0x0, 0x0, 0x0, 0x6f, 0xc3, 0xff,
    0xf, 0xf3, 0x6f, 0xc3, 0xff, 0xf, 0xf3,

    /* U+203A "›" */
    0x1c, 0xd2, 0x0, 0x4f, 0xd1, 0x0, 0x5f, 0xc0,
    0x4, 0xfc, 0x2, 0xee, 0x21, 0xef, 0x30,

    /* U+2713 "✓" */
    0x0, 0x0, 0x0, 0x0, 0x16, 0x60, 0x0, 0x0,
    0x0, 0x1d, 0xd1, 0x0, 0x0, 0x0, 0xb, 0xe2,
    0x0, 0x0, 0x0, 0x7, 0xf4, 0x0, 0x0, 0x0,
    0x2, 0xf9, 0x0, 0x0, 0x0, 0x0, 0xbe, 0x10,
    0x0, 0x0, 0x0, 0x4f, 0x60, 0x0, 0x6, 0xe5,
    0xc, 0xd0, 0x0, 0x0, 0x6f, 0xf7, 0xf6, 0x0,
    0x0, 0x0, 0x9f, 0xfe, 0x0, 0x0, 0x0, 0x0,
    0xdf, 0x70, 0x0, 0x0, 0x0, 0x0, 0x10, 0x0,
    0x0, 0x0,

    /* U+2717 "✗" */
    0x0, 0x52, 0x0, 0x1, 0x0, 0xb, 0xd0, 0x3,
    0xf4, 0x0, 0x7f, 0x73, 0xf9, 0x0, 0x3, 0xfe,
    0xfd, 0x0, 0x0, 0xf, 0xff, 0x40, 0x0, 0x0,
    0xef, 0xa0, 0x0, 0x0, 0xaf, 0xfa, 0x0, 0x0,
    0x8f, 0xef, 0xe0, 0x0, 0x5f, 0xe2, 0xaf, 0x70,
    0xe, 0xe2, 0x0, 0xbd, 0x0, 0x43, 0x0, 0x0,
    0x20, 0x0
};


/*---------------------
 *  GLYPH DESCRIPTION
 *--------------------*/

static const lv_font_fmt_txt_glyph_dsc_t glyph_dsc[] = {
    {.bitmap_index = 0, .adv_w = 0, .box_w = 0, .box_h = 0, .ofs_x = 0, .ofs_y = 0} /* id = 0 reserved */,
    {.bitmap_index = 0, .adv_w = 57, .box_w = 0, .box_h = 0, .ofs_x = 0, .ofs_y = 0},
    {.bitmap_index = 0, .adv_w = 58, .box_w = 3, .box_h = 10, .ofs_x = 0, .ofs_y = 0},
    {.bitmap_index = 15, .adv_w = 90, .box_w = 5, .box_h = 5, .ofs_x = 0, .ofs_y = 5},
    {.bitmap_index = 28, .adv_w = 132, .box_w = 10, .box_h = 10, .ofs_x = -1, .ofs_y = 0},
    {.bitmap_index = 78, .adv_w = 157, .box_w = 10, .box_h = 14, .ofs_x = 0, .ofs_y = -2},
    {.bitmap_index = 148, .adv_w = 196, .box_w = 12, .box_h = 10, .ofs_x = 0, .ofs_y = 0},
    {.bitmap_index = 208, .adv_w = 162, .box_w = 10, .box_h = 10, .ofs_x = 0, .ofs_y = 0},
    {.bitmap_index = 258, .adv_w = 47, .box_w = 3, .box_h = 5, .ofs_x = 0, .ofs_y = 5},
    {.bitmap_index = 266, .adv_w = 73, .box_w = 5, .box_h = 13, .ofs_x = 0, .ofs_y = -2},
    {.bitmap_index = 299, .adv_w = 73, .box_w = 4, .box_h = 13, .ofs_x = 0, .ofs_y = -2},
    {.bitmap_index = 325, .adv_w = 102, .box_w = 6, .box_h = 6, .ofs_x = 0, .ofs_y = 5},
    {.bitmap_index = 343, .adv_w = 136, .box_w = 8, .box_h = 7, .ofs_x = 0, .ofs_y = 1},
    {.bitmap_index = 371, .adv_w = 54, .box_w = 3, .box_h = 5, .ofs_x = 0, .ofs_y = -2},
    {.bitmap_index = 379, .adv_w = 100, .box_w = 6, .box_h = 2, .ofs_x = 0, .ofs_y = 3},
    {.bitmap_index = 385, .adv_w = 54, .box_w = 3, .box_h = 3, .ofs_x = 0, .ofs_y = 0},
    {.bitmap_index = 390, .adv_w = 122, .box_w = 7, .box_h = 13, .ofs_x = 0, .ofs_y = -2},
    {.bitmap_index = 436, .adv_w = 164, .box_w = 10, .box_h = 10, .ofs_x = 0, .ofs_y = 0},
    {.bitmap_index = 486, .adv_w = 102, .box_w = 5, .box_h = 10, .ofs_x = 0, .ofs_y = 0},
    {.bitmap_index = 511, .adv_w = 154, .box_w = 9, .box_h = 10, .ofs_x = 0, .ofs_y = 0},
    {.bitmap_index = 556, .adv_w = 153, .box_w = 9, .box_h = 10, .ofs_x = 0, .ofs_y = 0},
    {.bitmap_index = 601, .adv_w = 154, .box_w = 9, .box_h = 10, .ofs_x = 0, .ofs_y = 0},
    {.bitmap_index = 646, .adv_w = 157, .box_w = 9, .box_h = 10, .ofs_x = 0, .ofs_y = 0},
    {.bitmap_index = 691, .adv_w = 148, .box_w = 9, .box_h = 10, .ofs_x = 0, .ofs_y = 0},
    {.bitmap_index = 736, .adv_w = 129, .box_w = 9, .box_h = 10, .ofs_x = 0, .ofs_y = 0},
    {.bitmap_index = 781, .adv_w = 155, .box_w = 10, .box_h = 10, .ofs_x = 0, .ofs_y = 0},
    {.bitmap_index = 831, .adv_w = 148, .box_w = 9, .box_h = 10, .ofs_x = 0, .ofs_y = 0},
    {.bitmap_index = 876, .adv_w = 73, .box_w = 3, .box_h = 8, .ofs_x = 1, .ofs_y = 0},
    {.bitmap_index = 888, .adv_w = 73, .box_w = 3, .box_h = 10, .ofs_x = 1, .ofs_y = -2},
    {.bitmap_index = 903, .adv_w = 132, .box_w = 8, .box_h = 9, .ofs_x = 0, .ofs_y = 0},
    {.bitmap_index = 939, .adv_w = 132, .box_w = 8, .box_h = 5, .ofs_x = 0, .ofs_y = 2},
    {.bitmap_index = 959, .adv_w = 132, .box_w = 8, .box_h = 9, .ofs_x = 0, .ofs_y = 0},
    {.bitmap_index = 995, .adv_w = 139, .box_w = 9, .box_h = 10, .ofs_x = 0, .ofs_y = 0},
    {.bitmap_index = 1040, .adv_w = 227, .box_w = 14, .box_h = 13, .ofs_x = 0, .ofs_y = -3},
    {.bitmap_index = 1131, .adv_w = 170, .box_w = 11, .box_h = 10, .ofs_x = 0, .ofs_y = 0},
    {.bitmap_index = 1186, .adv_w = 167, .box_w = 9, .box_h = 10, .ofs_x = 1, .ofs_y = 0},
    {.bitmap_index = 1231, .adv_w = 174, .box_w = 11, .box_h = 10, .ofs_x = 0, .ofs_y = 0},
    {.bitmap_index = 1286, .adv_w = 170, .box_w = 10, .box_h = 10, .ofs_x = 1, .ofs_y = 0},
    {.bitmap_index = 1336, .adv_w = 148, .box_w = 8, .box_h = 10, .ofs_x = 1, .ofs_y = 0},
    {.bitmap_index = 1376, .adv_w = 144, .box_w = 8, .box_h = 10, .ofs_x = 1, .ofs_y = 0},
    {.bitmap_index = 1416, .adv_w = 174, .box_w = 11, .box_h = 10, .ofs_x = 0, .ofs_y = 0},
    {.bitmap_index = 1471, .adv_w = 173, .box_w = 9, .box_h = 10, .ofs_x = 1, .ofs_y = 0},
    {.bitmap_index = 1516, .adv_w = 70, .box_w = 3, .box_h = 10, .ofs_x = 1, .ofs_y = 0},
    {.bitmap_index = 1531, .adv_w = 148, .box_w = 9, .box_h = 10, .ofs_x = 0, .ofs_y = 0},
    {.bitmap_index = 1576, .adv_w = 161, .box_w = 9, .box_h = 10, .ofs_x = 1, .ofs_y = 0},
    {.bitmap_index = 1621, .adv_w = 141, .box_w = 8, .box_h = 10, .ofs_x = 1, .ofs_y = 0},
    {.bitmap_index = 1661, .adv_w = 216, .box_w = 12, .box_h = 10, .ofs_x = 1, .ofs_y = 0},
    {.bitmap_index = 1721, .adv_w = 180, .box_w = 10, .box_h = 10, .ofs_x = 1, .ofs_y = 0},
    {.bitmap_index = 1771, .adv_w = 183, .box_w = 11, .box_h = 10, .ofs_x = 0, .ofs_y = 0},
    {.bitmap_index = 1826, .adv_w = 159, .box_w = 9, .box_h = 10, .ofs_x = 1, .ofs_y = 0},
    {.bitmap_index = 1871, .adv_w = 182, .box_w = 11, .box_h = 11, .ofs_x = 0, .ofs_y = -1},
    {.bitmap_index = 1932, .adv_w = 165, .box_w = 9, .box_h = 10, .ofs_x = 1, .ofs_y = 0},
    {.bitmap_index = 1977, .adv_w = 160, .box_w = 10, .box_h = 10, .ofs_x = 0, .ofs_y = 0},
    {.bitmap_index = 2027, .adv_w = 140, .box_w = 9, .box_h = 10, .ofs_x = 0, .ofs_y = 0},
    {.bitmap_index = 2072, .adv_w = 168, .box_w = 10, .box_h = 10, .ofs_x = 0, .ofs_y = 0},
    {.bitmap_index = 2122, .adv_w = 170, .box_w = 11, .box_h = 10, .ofs_x = 0, .ofs_y = 0},
    {.bitmap_index = 2177, .adv_w = 238, .box_w = 15, .box_h = 10, .ofs_x = 0, .ofs_y = 0},
    {.bitmap_index = 2252, .adv_w = 158, .box_w = 10, .box_h = 10, .ofs_x = 0, .ofs_y = 0},
    {.bitmap_index = 2302, .adv_w = 147, .box_w = 11, .box_h = 10, .ofs_x = -1, .ofs_y = 0},
    {.bitmap_index = 2357, .adv_w = 138, .box_w = 9, .box_h = 10, .ofs_x = 0, .ofs_y = 0},
    {.bitmap_index = 2402, .adv_w = 90, .box_w = 5, .box_h = 14, .ofs_x = 1, .ofs_y = -2},
    {.bitmap_index = 2437, .adv_w = 116, .box_w = 7, .box_h = 13, .ofs_x = 0, .ofs_y = -2},
    {.bitmap_index = 2483, .adv_w = 90, .box_w = 5, .box_h = 14, .ofs_x = 0, .ofs_y = -2},
    {.bitmap_index = 2518, .adv_w = 108, .box_w = 7, .box_h = 5, .ofs_x = 0, .ofs_y = 6},
    {.bitmap_index = 2536, .adv_w = 134, .box_w = 8, .box_h = 2, .ofs_x = 0, .ofs_y = -2},
    {.bitmap_index = 2544, .adv_w = 64, .box_w = 4, .box_h = 3, .ofs_x = 0, .ofs_y = 9},
    {.bitmap_index = 2550, .adv_w = 139, .box_w = 9, .box_h = 8, .ofs_x = 0, .ofs_y = 0},
    {.bitmap_index = 2586, .adv_w = 149, .box_w = 8, .box_h = 10, .ofs_x = 1, .ofs_y = 0},
    {.bitmap_index = 2626, .adv_w = 139, .box_w = 9, .box_h = 8, .ofs_x = 0, .ofs_y = 0},
    {.bitmap_index = 2662, .adv_w = 149, .box_w = 9, .box_h = 10, .ofs_x = 0, .ofs_y = 0},
    {.bitmap_index = 2707, .adv_w = 142, .box_w = 9, .box_h = 8, .ofs_x = 0, .ofs_y = 0},
    {.bitmap_index = 2743, .adv_w = 103, .box_w = 6, .box_h = 10, .ofs_x = 0, .ofs_y = 0},
    {.bitmap_index = 2773, .adv_w = 149, .box_w = 9, .box_h = 10, .ofs_x = 0, .ofs_y = -2},
    {.bitmap_index = 2818, .adv_w = 144, .box_w = 7, .box_h = 10, .ofs_x = 1, .ofs_y = 0},
    {.bitmap_index = 2853, .adv_w = 65, .box_w = 3, .box_h = 10, .ofs_x = 1, .ofs_y = 0},
    {.bitmap_index = 2868, .adv_w = 74, .box_w = 5, .box_h = 12, .ofs_x = -1, .ofs_y = -2},
    {.bitmap_index = 2898, .adv_w = 151, .box_w = 8, .box_h = 10, .ofs_x = 1, .ofs_y = 0},
    {.bitmap_index = 2938, .adv_w = 71, .box_w = 4, .box_h = 10, .ofs_x = 1, .ofs_y = 0},
    {.bitmap_index = 2958, .adv_w = 214, .box_w = 12, .box_h = 8, .ofs_x = 1, .ofs_y = 0},
    {.bitmap_index = 3006, .adv_w = 144, .box_w = 7, .box_h = 8, .ofs_x = 1, .ofs_y = 0},
    {.bitmap_index = 3034, .adv_w = 145, .box_w = 9, .box_h = 8, .ofs_x = 0, .ofs_y = 0},
    {.bitmap_index = 3070, .adv_w = 149, .box_w = 8, .box_h = 10, .ofs_x = 1, .ofs_y = -2},
    {.bitmap_index = 3110, .adv_w = 149, .box_w = 9, .box_h = 10, .ofs_x = 0, .ofs_y = -2},
    {.bitmap_index = 3155, .adv_w = 98, .box_w = 5, .box_h = 8, .ofs_x = 1, .ofs_y = 0},
    {.bitmap_index = 3175, .adv_w = 133, .box_w = 8, .box_h = 8, .ofs_x = 0, .ofs_y = 0},
    {.bitmap_index = 3207, .adv_w = 102, .box_w = 6, .box_h = 10, .ofs_x = 0, .ofs_y = 0},
    {.bitmap_index = 3237, .adv_w = 143, .box_w = 7, .box_h = 8, .ofs_x = 1, .ofs_y = 0},
    {.bitmap_index = 3265, .adv_w = 140, .box_w = 9, .box_h = 8, .ofs_x = 0, .ofs_y = 0},
    {.bitmap_index = 3301, .adv_w = 201, .box_w = 13, .box_h = 8, .ofs_x = 0, .ofs_y = 0},
    {.bitmap_index = 3353, .adv_w = 151, .box_w = 9, .box_h = 8, .ofs_x = 0, .ofs_y = 0},
    {.bitmap_index = 3389, .adv_w = 137, .box_w = 9, .box_h = 10, .ofs_x = 0, .ofs_y = -2},
    {.bitmap_index = 3434, .adv_w = 136, .box_w = 8, .box_h = 8, .ofs_x = 0, .ofs_y = 0},
    {.bitmap_index = 3466, .adv_w = 96, .box_w = 6, .box_h = 13, .ofs_x = 0, .ofs_y = -2},
    {.bitmap_index = 3505, .adv_w = 68, .box_w = 3, .box_h = 13, .ofs_x = 1, .ofs_y = -2},
    {.bitmap_index = 3525, .adv_w = 96, .box_w = 6, .box_h = 13, .ofs_x = 0, .ofs_y = -2},
    {.bitmap_index = 3564, .adv_w = 126, .box_w = 8, .box_h = 4, .ofs_x = 0, .ofs_y = 3},
    {.bitmap_index = 3580, .adv_w = 57, .box_w = 0, .box_h = 0, .ofs_x = 0, .ofs_y = 0},
    {.bitmap_index = 3580, .adv_w = 58, .box_w = 3, .box_h = 10, .ofs_x = 0, .ofs_y = -2},
    {.bitmap_index = 3595, .adv_w = 139, .box_w = 9, .box_h = 10, .ofs_x = 0, .ofs_y = 0},
    {.bitmap_index = 3640, .adv_w = 152, .box_w = 9, .box_h = 10, .ofs_x = 0, .ofs_y = 0},
    {.bitmap_index = 3685, .adv_w = 151, .box_w = 9, .box_h = 9, .ofs_x = 0, .ofs_y = 0},
    {.bitmap_index = 3726, .adv_w = 147, .box_w = 11, .box_h = 10, .ofs_x = -1, .ofs_y = 0},
    {.bitmap_index = 3781, .adv_w = 68, .box_w = 3, .box_h = 13, .ofs_x = 1, .ofs_y = -2},
    {.bitmap_index = 3801, .adv_w = 141, .box_w = 8, .box_h = 12, .ofs_x = 0, .ofs_y = -2},
    {.bitmap_index = 3849, .adv_w = 97, .box_w = 6, .box_h = 2, .ofs_x = 0, .ofs_y = 9},
    {.bitmap_index = 3855, .adv_w = 198, .box_w = 12, .box_h = 13, .ofs_x = 0, .ofs_y = -1},
    {.bitmap_index = 3933, .adv_w = 101, .box_w = 6, .box_h = 6, .ofs_x = 0, .ofs_y = 5},
    {.bitmap_index = 3951, .adv_w = 146, .box_w = 9, .box_h = 6, .ofs_x = 0, .ofs_y = 1},
    {.bitmap_index = 3978, .adv_w = 122, .box_w = 8, .box_h = 5, .ofs_x = 0, .ofs_y = 1},
    {.bitmap_index = 3998, .adv_w = 80, .box_w = 5, .box_h = 3, .ofs_x = 0, .ofs_y = 3},
    {.bitmap_index = 4006, .adv_w = 155, .box_w = 10, .box_h = 8, .ofs_x = 0, .ofs_y = 2},
    {.bitmap_index = 4046, .adv_w = 88, .box_w = 5, .box_h = 3, .ofs_x = 0, .ofs_y = 8},
    {.bitmap_index = 4054, .adv_w = 101, .box_w = 6, .box_h = 7, .ofs_x = 0, .ofs_y = 5},
    {.bitmap_index = 4075, .adv_w = 131, .box_w = 8, .box_h = 9, .ofs_x = 0, .ofs_y = 0},
    {.bitmap_index = 4111, .adv_w = 87, .box_w = 5, .box_h = 6, .ofs_x = 0, .ofs_y = 5},
    {.bitmap_index = 4126, .adv_w = 86, .box_w = 5, .box_h = 6, .ofs_x = 0, .ofs_y = 5},
    {.bitmap_index = 4141, .adv_w = 64, .box_w = 4, .box_h = 3, .ofs_x = 0, .ofs_y = 9},
    {.bitmap_index = 4147, .adv_w = 143, .box_w = 7, .box_h = 11, .ofs_x = 1, .ofs_y = -2},
    {.bitmap_index = 4186, .adv_w = 154, .box_w = 9, .box_h = 10, .ofs_x = 0, .ofs_y = 0},
    {.bitmap_index = 4231, .adv_w = 54, .box_w = 3, .box_h = 3, .ofs_x = 0, .ofs_y = 3},
    {.bitmap_index = 4236, .adv_w = 78, .box_w = 5, .box_h = 4, .ofs_x = 0, .ofs_y = -3},
    {.bitmap_index = 4246, .adv_w = 64, .box_w = 4, .box_h = 6, .ofs_x = 0, .ofs_y = 5},
    {.bitmap_index = 4258, .adv_w = 105, .box_w = 6, .box_h = 6, .ofs_x = 0, .ofs_y = 5},
    {.bitmap_index = 4276, .adv_w = 148, .box_w = 9, .box_h = 6, .ofs_x = 0, .ofs_y = 1},
    {.bitmap_index = 4303, .adv_w = 185, .box_w = 12, .box_h = 11, .ofs_x = 0, .ofs_y = -1},
    {.bitmap_index = 4369, .adv_w = 199, .box_w = 12, .box_h = 12, .ofs_x = 0, .ofs_y = -1},
    {.bitmap_index = 4441, .adv_w = 198, .box_w = 13, .box_h = 11, .ofs_x = 0, .ofs_y = -1},
    {.bitmap_index = 4513, .adv_w = 139, .box_w = 9, .box_h = 11, .ofs_x = 0, .ofs_y = -2},
    {.bitmap_index = 4563, .adv_w = 170, .box_w = 11, .box_h = 14, .ofs_x = 0, .ofs_y = 0},
    {.bitmap_index = 4640, .adv_w = 170, .box_w = 11, .box_h = 14, .ofs_x = 0, .ofs_y = 0},
    {.bitmap_index = 4717, .adv_w = 170, .box_w = 11, .box_h = 14, .ofs_x = 0, .ofs_y = 0},
    {.bitmap_index = 4794, .adv_w = 170, .box_w = 11, .box_h = 13, .ofs_x = 0, .ofs_y = 0},
    {.bitmap_index = 4866, .adv_w = 170, .box_w = 11, .box_h = 13, .ofs_x = 0, .ofs_y = 0},
    {.bitmap_index = 4938, .adv_w = 171, .box_w = 11, .box_h = 14, .ofs_x = 0, .ofs_y = 0},
    {.bitmap_index = 5015, .adv_w = 245, .box_w = 15, .box_h = 10, .ofs_x = 0, .ofs_y = 0},
    {.bitmap_index = 5090, .adv_w = 174, .box_w = 11, .box_h = 13, .ofs_x = 0, .ofs_y = -3},
    {.bitmap_index = 5162, .adv_w = 148, .box_w = 8, .box_h = 14, .ofs_x = 1, .ofs_y = 0},
    {.bitmap_index = 5218, .adv_w = 148, .box_w = 8, .box_h = 14, .ofs_x = 1, .ofs_y = 0},
    {.bitmap_index = 5274, .adv_w = 148, .box_w = 8, .box_h = 14, .ofs_x = 1, .ofs_y = 0},
    {.bitmap_index = 5330, .adv_w = 148, .box_w = 8, .box_h = 13, .ofs_x = 1, .ofs_y = 0},
    {.bitmap_index = 5382, .adv_w = 70, .box_w = 4, .box_h = 14, .ofs_x = 0, .ofs_y = 0},
    {.bitmap_index = 5410, .adv_w = 70, .box_w = 4, .box_h = 14, .ofs_x = 1, .ofs_y = 0},
    {.bitmap_index = 5438, .adv_w = 70, .box_w = 6, .box_h = 14, .ofs_x = -1, .ofs_y = 0},
    {.bitmap_index = 5480, .adv_w = 70, .box_w = 6, .box_h = 13, .ofs_x = -1, .ofs_y = 0},
    {.bitmap_index = 5519, .adv_w = 170, .box_w = 11, .box_h = 10, .ofs_x = 0, .ofs_y = 0},
    {.bitmap_index = 5574, .adv_w = 180, .box_w = 10, .box_h = 13, .ofs_x = 1, .ofs_y = 0},
    {.bitmap_index = 5639, .adv_w = 183, .box_w = 11, .box_h = 14, .ofs_x = 0, .ofs_y = 0},
    {.bitmap_index = 5716, .adv_w = 183, .box_w = 11, .box_h = 14, .ofs_x = 0, .ofs_y = 0},
    {.bitmap_index = 5793, .adv_w = 183, .box_w = 11, .box_h = 14, .ofs_x = 0, .ofs_y = 0},
    {.bitmap_index = 5870, .adv_w = 183, .box_w = 11, .box_h = 14, .ofs_x = 0, .ofs_y = 0},
    {.bitmap_index = 5947, .adv_w = 183, .box_w = 11, .box_h = 14, .ofs_x = 0, .ofs_y = 0},
    {.bitmap_index = 6024, .adv_w = 127, .box_w = 8, .box_h = 8, .ofs_x = 0, .ofs_y = 0},
    {.bitmap_index = 6056, .adv_w = 183, .box_w = 11, .box_h = 10, .ofs_x = 0, .ofs_y = 0},
    {.bitmap_index = 6111, .adv_w = 168, .box_w = 10, .box_h = 14, .ofs_x = 0, .ofs_y = 0},
    {.bitmap_index = 6181, .adv_w = 168, .box_w = 10, .box_h = 14, .ofs_x = 0, .ofs_y = 0},
    {.bitmap_index = 6251, .adv_w = 168, .box_w = 10, .box_h = 14, .ofs_x = 0, .ofs_y = 0},
    {.bitmap_index = 6321, .adv_w = 168, .box_w = 10, .box_h = 14, .ofs_x = 0, .ofs_y = 0},
    {.bitmap_index = 6391, .adv_w = 147, .box_w = 11, .box_h = 14, .ofs_x = -1, .ofs_y = 0},
    {.bitmap_index = 6468, .adv_w = 152, .box_w = 8, .box_h = 10, .ofs_x = 1, .ofs_y = 0},
    {.bitmap_index = 6508, .adv_w = 152, .box_w = 8, .box_h = 10, .ofs_x = 1, .ofs_y = 0},
    {.bitmap_index = 6548, .adv_w = 139, .box_w = 9, .box_h = 11, .ofs_x = 0, .ofs_y = 0},
    {.bitmap_index = 6598, .adv_w = 139, .box_w = 9, .box_h = 11, .ofs_x = 0, .ofs_y = 0},
    {.bitmap_index = 6648, .adv_w = 139, .box_w = 9, .box_h = 11, .ofs_x = 0, .ofs_y = 0},
    {.bitmap_index = 6698, .adv_w = 139, .box_w = 9, .box_h = 10, .ofs_x = 0, .ofs_y = 0},
    {.bitmap_index = 6743, .adv_w = 139, .box_w = 9, .box_h = 10, .ofs_x = 0, .ofs_y = 0},
    {.bitmap_index = 6788, .adv_w = 139, .box_w = 9, .box_h = 12, .ofs_x = 0, .ofs_y = 0},
    {.bitmap_index = 6842, .adv_w = 227, .box_w = 14, .box_h = 8, .ofs_x = 0, .ofs_y = 0},
    {.bitmap_index = 6898, .adv_w = 139, .box_w = 9, .box_h = 11, .ofs_x = 0, .ofs_y = -3},
    {.bitmap_index = 6948, .adv_w = 142, .box_w = 9, .box_h = 10, .ofs_x = 0, .ofs_y = 0},
    {.bitmap_index = 6993, .adv_w = 142, .box_w = 9, .box_h = 10, .ofs_x = 0, .ofs_y = 0},
    {.bitmap_index = 7038, .adv_w = 142, .box_w = 9, .box_h = 11, .ofs_x = 0, .ofs_y = 0},
    {.bitmap_index = 7088, .adv_w = 142, .box_w = 9, .box_h = 10, .ofs_x = 0, .ofs_y = 0},
    {.bitmap_index = 7133, .adv_w = 65, .box_w = 3, .box_h = 11, .ofs_x = 0, .ofs_y = 0},
    {.bitmap_index = 7150, .adv_w = 65, .box_w = 3, .box_h = 11, .ofs_x = 1, .ofs_y = 0},
    {.bitmap_index = 7167, .adv_w = 65, .box_w = 6, .box_h = 11, .ofs_x = -1, .ofs_y = 0},
    {.bitmap_index = 7200, .adv_w = 65, .box_w = 4, .box_h = 10, .ofs_x = 0, .ofs_y = 0},
    {.bitmap_index = 7220, .adv_w = 145, .box_w = 9, .box_h = 11, .ofs_x = 0, .ofs_y = 0},
    {.bitmap_index = 7270, .adv_w = 144, .box_w = 7, .box_h = 10, .ofs_x = 1, .ofs_y = 0},
    {.bitmap_index = 7305, .adv_w = 145, .box_w = 9, .box_h = 11, .ofs_x = 0, .ofs_y = 0},
    {.bitmap_index = 7355, .adv_w = 145, .box_w = 9, .box_h = 11, .ofs_x = 0, .ofs_y = 0},
    {.bitmap_index = 7405, .adv_w = 145, .box_w = 9, .box_h = 11, .ofs_x = 0, .ofs_y = 0},
    {.bitmap_index = 7455, .adv_w = 145, .box_w = 9, .box_h = 10, .ofs_x = 0, .ofs_y = 0},
    {.bitmap_index = 7500, .adv_w = 145, .box_w = 9, .box_h = 10, .ofs_x = 0, .ofs_y = 0},
    {.bitmap_index = 7545, .adv_w = 133, .box_w = 8, .box_h = 8, .ofs_x = 0, .ofs_y = 0},
    {.bitmap_index = 7577, .adv_w = 145, .box_w = 9, .box_h = 8, .ofs_x = 0, .ofs_y = 0},
    {.bitmap_index = 7613, .adv_w = 143, .box_w = 7, .box_h = 11, .ofs_x = 1, .ofs_y = 0},
    {.bitmap_index = 7652, .adv_w = 143, .box_w = 7, .box_h = 11, .ofs_x = 1, .ofs_y = 0},
    {.bitmap_index = 7691, .adv_w = 143, .box_w = 7, .box_h = 11, .ofs_x = 1, .ofs_y = 0},
    {.bitmap_index = 7730, .adv_w = 143, .box_w = 7, .box_h = 10, .ofs_x = 1, .ofs_y = 0},
    {.bitmap_index = 7765, .adv_w = 137, .box_w = 9, .box_h = 13, .ofs_x = 0, .ofs_y = -2},
    {.bitmap_index = 7824, .adv_w = 147, .box_w = 8, .box_h = 12, .ofs_x = 1, .ofs_y = -2},
    {.bitmap_index = 7872, .adv_w = 137, .box_w = 9, .box_h = 12, .ofs_x = 0, .ofs_y = -2},
    {.bitmap_index = 7926, .adv_w = 170, .box_w = 11, .box_h = 14, .ofs_x = 0, .ofs_y = 0},
    {.bitmap_index = 8003, .adv_w = 139, .box_w = 9, .box_h = 10, .ofs_x = 0, .ofs_y = 0},
    {.bitmap_index = 8048, .adv_w = 170, .box_w = 11, .box_h = 14, .ofs_x = 0, .ofs_y = 0},
    {.bitmap_index = 8125, .adv_w = 139, .box_w = 9, .box_h = 11, .ofs_x = 0, .ofs_y = 0},
    {.bitmap_index = 8175, .adv_w = 170, .box_w = 11, .box_h = 14, .ofs_x = 0, .ofs_y = -4},
    {.bitmap_index = 8252, .adv_w = 139, .box_w = 10, .box_h = 12, .ofs_x = 0, .ofs_y = -4},
    {.bitmap_index = 8312, .adv_w = 174, .box_w = 11, .box_h = 14, .ofs_x = 0, .ofs_y = 0},
    {.bitmap_index = 8389, .adv_w = 139, .box_w = 9, .box_h = 11, .ofs_x = 0, .ofs_y = 0},
    {.bitmap_index = 8439, .adv_w = 174, .box_w = 11, .box_h = 14, .ofs_x = 0, .ofs_y = 0},
    {.bitmap_index = 8516, .adv_w = 139, .box_w = 9, .box_h = 11, .ofs_x = 0, .ofs_y = 0},
    {.bitmap_index = 8566, .adv_w = 174, .box_w = 11, .box_h = 14, .ofs_x = 0, .ofs_y = 0},
    {.bitmap_index = 8643, .adv_w = 139, .box_w = 9, .box_h = 10, .ofs_x = 0, .ofs_y = 0},
    {.bitmap_index = 8688, .adv_w = 174, .box_w = 11, .box_h = 14, .ofs_x = 0, .ofs_y = 0},
    {.bitmap_index = 8765, .adv_w = 139, .box_w = 9, .box_h = 11, .ofs_x = 0, .ofs_y = 0},
    {.bitmap_index = 8815, .adv_w = 170, .box_w = 10, .box_h = 14, .ofs_x = 1, .ofs_y = 0},
    {.bitmap_index = 8885, .adv_w = 171, .box_w = 12, .box_h = 10, .ofs_x = 0, .ofs_y = 0},
    {.bitmap_index = 8945, .adv_w = 170, .box_w = 11, .box_h = 10, .ofs_x = 0, .ofs_y = 0},
    {.bitmap_index = 9000, .adv_w = 149, .box_w = 10, .box_h = 10, .ofs_x = 0, .ofs_y = 0},
    {.bitmap_index = 9050, .adv_w = 148, .box_w = 8, .box_h = 14, .ofs_x = 1, .ofs_y = 0},
    {.bitmap_index = 9106, .adv_w = 142, .box_w = 9, .box_h = 10, .ofs_x = 0, .ofs_y = 0},
    {.bitmap_index = 9151, .adv_w = 160, .box_w = 9, .box_h = 14, .ofs_x = 1, .ofs_y = 0},
    {.bitmap_index = 9214, .adv_w = 133, .box_w = 8, .box_h = 11, .ofs_x = 0, .ofs_y = 0},
    {.bitmap_index = 9258, .adv_w = 148, .box_w = 8, .box_h = 13, .ofs_x = 1, .ofs_y = 0},
    {.bitmap_index = 9310, .adv_w = 142, .box_w = 9, .box_h = 10, .ofs_x = 0, .ofs_y = 0},
    {.bitmap_index = 9355, .adv_w = 148, .box_w = 9, .box_h = 14, .ofs_x = 1, .ofs_y = -4},
    {.bitmap_index = 9418, .adv_w = 142, .box_w = 9, .box_h = 12, .ofs_x = 0, .ofs_y = -4},
    {.bitmap_index = 9472, .adv_w = 148, .box_w = 8, .box_h = 14, .ofs_x = 1, .ofs_y = 0},
    {.bitmap_index = 9528, .adv_w = 142, .box_w = 9, .box_h = 11, .ofs_x = 0, .ofs_y = 0},
    {.bitmap_index = 9578, .adv_w = 174, .box_w = 11, .box_h = 14, .ofs_x = 0, .ofs_y = 0},
    {.bitmap_index = 9655, .adv_w = 149, .box_w = 9, .box_h = 13, .ofs_x = 0, .ofs_y = -2},
    {.bitmap_index = 9714, .adv_w = 174, .box_w = 11, .box_h = 14, .ofs_x = 0, .ofs_y = 0},
    {.bitmap_index = 9791, .adv_w = 149, .box_w = 9, .box_h = 13, .ofs_x = 0, .ofs_y = -2},
    {.bitmap_index = 9850, .adv_w = 174, .box_w = 11, .box_h = 14, .ofs_x = 0, .ofs_y = 0},
    {.bitmap_index = 9927, .adv_w = 149, .box_w = 9, .box_h = 12, .ofs_x = 0, .ofs_y = -2},
    {.bitmap_index = 9981, .adv_w = 174, .box_w = 11, .box_h = 14, .ofs_x = 0, .ofs_y = -4},
    {.bitmap_index = 10058, .adv_w = 149, .box_w = 9, .box_h = 14, .ofs_x = 0, .ofs_y = -2},
    {.bitmap_index = 10121, .adv_w = 173, .box_w = 9, .box_h = 14, .ofs_x = 1, .ofs_y = 0},
    {.bitmap_index = 10184, .adv_w = 144, .box_w = 9, .box_h = 13, .ofs_x = -1, .ofs_y = 0},
    {.bitmap_index = 10243, .adv_w = 173, .box_w = 11, .box_h = 10, .ofs_x = 0, .ofs_y = 0},
    {.bitmap_index = 10298, .adv_w = 144, .box_w = 8, .box_h = 10, .ofs_x = 0, .ofs_y = 0},
    {.bitmap_index = 10338, .adv_w = 70, .box_w = 6, .box_h = 13, .ofs_x = -1, .ofs_y = 0},
    {.bitmap_index = 10377, .adv_w = 65, .box_w = 6, .box_h = 10, .ofs_x = -1, .ofs_y = 0},
    {.bitmap_index = 10407, .adv_w = 70, .box_w = 5, .box_h = 14, .ofs_x = 0, .ofs_y = 0},
    {.bitmap_index = 10442, .adv_w = 65, .box_w = 6, .box_h = 10, .ofs_x = -1, .ofs_y = 0},
    {.bitmap_index = 10472, .adv_w = 67, .box_w = 6, .box_h = 14, .ofs_x = -1, .ofs_y = 0},
    {.bitmap_index = 10514, .adv_w = 53, .box_w = 5, .box_h = 11, .ofs_x = -1, .ofs_y = 0},
    {.bitmap_index = 10542, .adv_w = 70, .box_w = 4, .box_h = 14, .ofs_x = 0, .ofs_y = -4},
    {.bitmap_index = 10570, .adv_w = 65, .box_w = 4, .box_h = 14, .ofs_x = 0, .ofs_y = -4},
    {.bitmap_index = 10598, .adv_w = 70, .box_w = 3, .box_h = 13, .ofs_x = 1, .ofs_y = 0},
    {.bitmap_index = 10618, .adv_w = 65, .box_w = 2, .box_h = 8, .ofs_x = 1, .ofs_y = 0},
    {.bitmap_index = 10626, .adv_w = 214, .box_w = 12, .box_h = 10, .ofs_x = 1, .ofs_y = 0},
    {.bitmap_index = 10686, .adv_w = 133, .box_w = 7, .box_h = 12, .ofs_x = 1, .ofs_y = -2},
    {.bitmap_index = 10728, .adv_w = 148, .box_w = 10, .box_h = 14, .ofs_x = 0, .ofs_y = 0},
    {.bitmap_index = 10798, .adv_w = 74, .box_w = 6, .box_h = 13, .ofs_x = -1, .ofs_y = -2},
    {.bitmap_index = 10837, .adv_w = 161, .box_w = 9, .box_h = 14, .ofs_x = 1, .ofs_y = -4},
    {.bitmap_index = 10900, .adv_w = 151, .box_w = 8, .box_h = 14, .ofs_x = 1, .ofs_y = -4},
    {.bitmap_index = 10956, .adv_w = 105, .box_w = 7, .box_h = 8, .ofs_x = 0, .ofs_y = 0},
    {.bitmap_index = 10984, .adv_w = 141, .box_w = 8, .box_h = 14, .ofs_x = 1, .ofs_y = 0},
    {.bitmap_index = 11040, .adv_w = 71, .box_w = 4, .box_h = 13, .ofs_x = 1, .ofs_y = 0},
    {.bitmap_index = 11066, .adv_w = 141, .box_w = 8, .box_h = 14, .ofs_x = 1, .ofs_y = -4},
    {.bitmap_index = 11122, .adv_w = 71, .box_w = 4, .box_h = 14, .ofs_x = 1, .ofs_y = -4},
    {.bitmap_index = 11150, .adv_w = 141, .box_w = 8, .box_h = 10, .ofs_x = 1, .ofs_y = 0},
    {.bitmap_index = 11190, .adv_w = 88, .box_w = 5, .box_h = 10, .ofs_x = 1, .ofs_y = 0},
    {.bitmap_index = 11215, .adv_w = 133, .box_w = 7, .box_h = 11, .ofs_x = 1, .ofs_y = 0},
    {.bitmap_index = 11254, .adv_w = 76, .box_w = 4, .box_h = 11, .ofs_x = 1, .ofs_y = 0},
    {.bitmap_index = 11276, .adv_w = 141, .box_w = 9, .box_h = 10, .ofs_x = 0, .ofs_y = 0},
    {.bitmap_index = 11321, .adv_w = 71, .box_w = 5, .box_h = 10, .ofs_x = 0, .ofs_y = 0},
    {.bitmap_index = 11346, .adv_w = 180, .box_w = 10, .box_h = 14, .ofs_x = 1, .ofs_y = 0},
    {.bitmap_index = 11416, .adv_w = 144, .box_w = 7, .box_h = 11, .ofs_x = 1, .ofs_y = 0},
    {.bitmap_index = 11455, .adv_w = 180, .box_w = 10, .box_h = 14, .ofs_x = 1, .ofs_y = -4},
    {.bitmap_index = 11525, .adv_w = 144, .box_w = 7, .box_h = 12, .ofs_x = 1, .ofs_y = -4},
    {.bitmap_index = 11567, .adv_w = 180, .box_w = 10, .box_h = 14, .ofs_x = 1, .ofs_y = 0},
    {.bitmap_index = 11637, .adv_w = 144, .box_w = 7, .box_h = 11, .ofs_x = 1, .ofs_y = 0},
    {.bitmap_index = 11676, .adv_w = 150, .box_w = 10, .box_h = 11, .ofs_x = -1, .ofs_y = 0},
    {.bitmap_index = 11731, .adv_w = 180, .box_w = 10, .box_h = 12, .ofs_x = 1, .ofs_y = -2},
    {.bitmap_index = 11791, .adv_w = 144, .box_w = 7, .box_h = 10, .ofs_x = 1, .ofs_y = -2},
    {.bitmap_index = 11826, .adv_w = 183, .box_w = 11, .box_h = 14, .ofs_x = 0, .ofs_y = 0},
    {.bitmap_index = 11903, .adv_w = 145, .box_w = 9, .box_h = 10, .ofs_x = 0, .ofs_y = 0},
    {.bitmap_index = 11948, .adv_w = 187, .box_w = 11, .box_h = 14, .ofs_x = 0, .ofs_y = 0},
    {.bitmap_index = 12025, .adv_w = 133, .box_w = 8, .box_h = 11, .ofs_x = 0, .ofs_y = 0},
    {.bitmap_index = 12069, .adv_w = 183, .box_w = 11, .box_h = 14, .ofs_x = 0, .ofs_y = 0},
    {.bitmap_index = 12146, .adv_w = 145, .box_w = 9, .box_h = 11, .ofs_x = 0, .ofs_y = 0},
    {.bitmap_index = 12196, .adv_w = 266, .box_w = 16, .box_h = 10, .ofs_x = 0, .ofs_y = 0},
    {.bitmap_index = 12276, .adv_w = 236, .box_w = 15, .box_h = 8, .ofs_x = 0, .ofs_y = 0},
    {.bitmap_index = 12336, .adv_w = 165, .box_w = 9, .box_h = 14, .ofs_x = 1, .ofs_y = 0},
    {.bitmap_index = 12399, .adv_w = 98, .box_w = 5, .box_h = 11, .ofs_x = 1, .ofs_y = 0},
    {.bitmap_index = 12427, .adv_w = 165, .box_w = 9, .box_h = 14, .ofs_x = 1, .ofs_y = -4},
    {.bitmap_index = 12490, .adv_w = 98, .box_w = 6, .box_h = 12, .ofs_x = 0, .ofs_y = -4},
    {.bitmap_index = 12526, .adv_w = 165, .box_w = 9, .box_h = 14, .ofs_x = 1, .ofs_y = 0},
    {.bitmap_index = 12589, .adv_w = 98, .box_w = 6, .box_h = 11, .ofs_x = 0, .ofs_y = 0},
    {.bitmap_index = 12622, .adv_w = 160, .box_w = 10, .box_h = 14, .ofs_x = 0, .ofs_y = 0},
    {.bitmap_index = 12692, .adv_w = 133, .box_w = 8, .box_h = 11, .ofs_x = 0, .ofs_y = 0},
    {.bitmap_index = 12736, .adv_w = 160, .box_w = 10, .box_h = 14, .ofs_x = 0, .ofs_y = 0},
    {.bitmap_index = 12806, .adv_w = 133, .box_w = 8, .box_h = 11, .ofs_x = 0, .ofs_y = 0},
    {.bitmap_index = 12850, .adv_w = 160, .box_w = 10, .box_h = 13, .ofs_x = 0, .ofs_y = -3},
    {.bitmap_index = 12915, .adv_w = 133, .box_w = 8, .box_h = 11, .ofs_x = 0, .ofs_y = -3},
    {.bitmap_index = 12959, .adv_w = 160, .box_w = 10, .box_h = 14, .ofs_x = 0, .ofs_y = 0},
    {.bitmap_index = 13029, .adv_w = 133, .box_w = 8, .box_h = 11, .ofs_x = 0, .ofs_y = 0},
    {.bitmap_index = 13073, .adv_w = 140, .box_w = 9, .box_h = 13, .ofs_x = 0, .ofs_y = -3},
    {.bitmap_index = 13132, .adv_w = 102, .box_w = 6, .box_h = 13, .ofs_x = 0, .ofs_y = -3},
    {.bitmap_index = 13171, .adv_w = 140, .box_w = 9, .box_h = 14, .ofs_x = 0, .ofs_y = 0},
    {.bitmap_index = 13234, .adv_w = 104, .box_w = 7, .box_h = 12, .ofs_x = 0, .ofs_y = 0},
    {.bitmap_index = 13276, .adv_w = 140, .box_w = 9, .box_h = 10, .ofs_x = 0, .ofs_y = 0},
    {.bitmap_index = 13321, .adv_w = 102, .box_w = 6, .box_h = 10, .ofs_x = 0, .ofs_y = 0},
    {.bitmap_index = 13351, .adv_w = 168, .box_w = 10, .box_h = 14, .ofs_x = 0, .ofs_y = 0},
    {.bitmap_index = 13421, .adv_w = 143, .box_w = 7, .box_h = 10, .ofs_x = 1, .ofs_y = 0},
    {.bitmap_index = 13456, .adv_w = 168, .box_w = 10, .box_h = 14, .ofs_x = 0, .ofs_y = 0},
    {.bitmap_index = 13526, .adv_w = 143, .box_w = 7, .box_h = 10, .ofs_x = 1, .ofs_y = 0},
    {.bitmap_index = 13561, .adv_w = 168, .box_w = 10, .box_h = 14, .ofs_x = 0, .ofs_y = 0},
    {.bitmap_index = 13631, .adv_w = 143, .box_w = 7, .box_h = 11, .ofs_x = 1, .ofs_y = 0},
    {.bitmap_index = 13670, .adv_w = 168, .box_w = 10, .box_h = 14, .ofs_x = 0, .ofs_y = 0},
    {.bitmap_index = 13740, .adv_w = 143, .box_w = 7, .box_h = 12, .ofs_x = 1, .ofs_y = 0},
    {.bitmap_index = 13782, .adv_w = 168, .box_w = 10, .box_h = 14, .ofs_x = 0, .ofs_y = 0},
    {.bitmap_index = 13852, .adv_w = 143, .box_w = 7, .box_h = 11, .ofs_x = 1, .ofs_y = 0},
    {.bitmap_index = 13891, .adv_w = 168, .box_w = 10, .box_h = 14, .ofs_x = 0, .ofs_y = -4},
    {.bitmap_index = 13961, .adv_w = 143, .box_w = 8, .box_h = 12, .ofs_x = 1, .ofs_y = -4},
    {.bitmap_index = 14009, .adv_w = 238, .box_w = 15, .box_h = 14, .ofs_x = 0, .ofs_y = 0},
    {.bitmap_index = 14114, .adv_w = 201, .box_w = 13, .box_h = 11, .ofs_x = 0, .ofs_y = 0},
    {.bitmap_index = 14186, .adv_w = 147, .box_w = 11, .box_h = 14, .ofs_x = -1, .ofs_y = 0},
    {.bitmap_index = 14263, .adv_w = 137, .box_w = 9, .box_h = 13, .ofs_x = 0, .ofs_y = -2},
    {.bitmap_index = 14322, .adv_w = 147, .box_w = 11, .box_h = 13, .ofs_x = -1, .ofs_y = 0},
    {.bitmap_index = 14394, .adv_w = 138, .box_w = 9, .box_h = 14, .ofs_x = 0, .ofs_y = 0},
    {.bitmap_index = 14457, .adv_w = 136, .box_w = 8, .box_h = 11, .ofs_x = 0, .ofs_y = 0},
    {.bitmap_index = 14501, .adv_w = 138, .box_w = 9, .box_h = 13, .ofs_x = 0, .ofs_y = 0},
    {.bitmap_index = 14560, .adv_w = 136, .box_w = 8, .box_h = 10, .ofs_x = 0, .ofs_y = 0},
    {.bitmap_index = 14600, .adv_w = 138, .box_w = 9, .box_h = 14, .ofs_x = 0, .ofs_y = 0},
    {.bitmap_index = 14663, .adv_w = 136, .box_w = 8, .box_h = 11, .ofs_x = 0, .ofs_y = 0},
    {.bitmap_index = 14707, .adv_w = 53, .box_w = 4, .box_h = 11, .ofs_x = 1, .ofs_y = 0},
    {.bitmap_index = 14729, .adv_w = 133, .box_w = 9, .box_h = 11, .ofs_x = -1, .ofs_y = 0},
    {.bitmap_index = 14779, .adv_w = 178, .box_w = 11, .box_h = 11, .ofs_x = 0, .ofs_y = 0},
    {.bitmap_index = 14840, .adv_w = 157, .box_w = 9, .box_h = 11, .ofs_x = 1, .ofs_y = 0},
    {.bitmap_index = 14890, .adv_w = 133, .box_w = 8, .box_h = 11, .ofs_x = 0, .ofs_y = 0},
    {.bitmap_index = 14934, .adv_w = 133, .box_w = 7, .box_h = 11, .ofs_x = 1, .ofs_y = 0},
    {.bitmap_index = 14973, .adv_w = 133, .box_w = 7, .box_h = 11, .ofs_x = 1, .ofs_y = 0},
    {.bitmap_index = 15012, .adv_w = 173, .box_w = 11, .box_h = 11, .ofs_x = 0, .ofs_y = 0},
    {.bitmap_index = 15073, .adv_w = 184, .box_w = 12, .box_h = 11, .ofs_x = 0, .ofs_y = 0},
    {.bitmap_index = 15139, .adv_w = 139, .box_w = 9, .box_h = 9, .ofs_x = 0, .ofs_y = 0},
    {.bitmap_index = 15180, .adv_w = 173, .box_w = 11, .box_h = 11, .ofs_x = 0, .ofs_y = 0},
    {.bitmap_index = 15241, .adv_w = 189, .box_w = 12, .box_h = 11, .ofs_x = 0, .ofs_y = 0},
    {.bitmap_index = 15307, .adv_w = 157, .box_w = 9, .box_h = 11, .ofs_x = 0, .ofs_y = 0},
    {.bitmap_index = 15357, .adv_w = 133, .box_w = 8, .box_h = 11, .ofs_x = 0, .ofs_y = 0},
    {.bitmap_index = 15401, .adv_w = 134, .box_w = 8, .box_h = 11, .ofs_x = 0, .ofs_y = -3},
    {.bitmap_index = 15445, .adv_w = 160, .box_w = 9, .box_h = 11, .ofs_x = 0, .ofs_y = 0},
    {.bitmap_index = 15495, .adv_w = 178, .box_w = 11, .box_h = 10, .ofs_x = 0, .ofs_y = 0},
    {.bitmap_index = 15550, .adv_w = 145, .box_w = 9, .box_h = 11, .ofs_x = 0, .ofs_y = 0},
    {.bitmap_index = 15600, .adv_w = 147, .box_w = 10, .box_h = 14, .ofs_x = -1, .ofs_y = -3},
    {.bitmap_index = 15670, .adv_w = 125, .box_w = 8, .box_h = 10, .ofs_x = 0, .ofs_y = 0},
    {.bitmap_index = 15710, .adv_w = 190, .box_w = 12, .box_h = 11, .ofs_x = 0, .ofs_y = 0},
    {.bitmap_index = 15776, .adv_w = 156, .box_w = 10, .box_h = 14, .ofs_x = 0, .ofs_y = -3},
    {.bitmap_index = 15846, .adv_w = 193, .box_w = 11, .box_h = 11, .ofs_x = 1, .ofs_y = 0},
    {.bitmap_index = 15907, .adv_w = 59, .box_w = 3, .box_h = 11, .ofs_x = 1, .ofs_y = 0},
    {.bitmap_index = 15924, .adv_w = 77, .box_w = 5, .box_h = 11, .ofs_x = 0, .ofs_y = 0},
    {.bitmap_index = 15952, .adv_w = 160, .box_w = 10, .box_h = 11, .ofs_x = 1, .ofs_y = 0},
    {.bitmap_index = 16007, .adv_w = 120, .box_w = 8, .box_h = 11, .ofs_x = 0, .ofs_y = 0},
    {.bitmap_index = 16051, .adv_w = 77, .box_w = 5, .box_h = 11, .ofs_x = 0, .ofs_y = 0},
    {.bitmap_index = 16079, .adv_w = 120, .box_w = 8, .box_h = 11, .ofs_x = 0, .ofs_y = 0},
    {.bitmap_index = 16123, .adv_w = 200, .box_w = 12, .box_h = 11, .ofs_x = 0, .ofs_y = 0},
    {.bitmap_index = 16189, .adv_w = 173, .box_w = 11, .box_h = 14, .ofs_x = -1, .ofs_y = -3},
    {.bitmap_index = 16266, .adv_w = 133, .box_w = 7, .box_h = 11, .ofs_x = 1, .ofs_y = -3},
    {.bitmap_index = 16305, .adv_w = 187, .box_w = 11, .box_h = 11, .ofs_x = 0, .ofs_y = 0},
    {.bitmap_index = 16366, .adv_w = 183, .box_w = 11, .box_h = 13, .ofs_x = 0, .ofs_y = 0},
    {.bitmap_index = 16438, .adv_w = 145, .box_w = 9, .box_h = 10, .ofs_x = 0, .ofs_y = 0},
    {.bitmap_index = 16483, .adv_w = 245, .box_w = 15, .box_h = 11, .ofs_x = 0, .ofs_y = 0},
    {.bitmap_index = 16566, .adv_w = 188, .box_w = 11, .box_h = 11, .ofs_x = 0, .ofs_y = -3},
    {.bitmap_index = 16627, .adv_w = 176, .box_w = 11, .box_h = 11, .ofs_x = 0, .ofs_y = 0},
    {.bitmap_index = 16688, .adv_w = 133, .box_w = 7, .box_h = 13, .ofs_x = 1, .ofs_y = -3},
    {.bitmap_index = 16734, .adv_w = 173, .box_w = 11, .box_h = 13, .ofs_x = 1, .ofs_y = -2},
    {.bitmap_index = 16806, .adv_w = 160, .box_w = 10, .box_h = 11, .ofs_x = 0, .ofs_y = 0},
    {.bitmap_index = 16861, .adv_w = 120, .box_w = 8, .box_h = 8, .ofs_x = 0, .ofs_y = 0},
    {.bitmap_index = 16893, .adv_w = 144, .box_w = 9, .box_h = 11, .ofs_x = 0, .ofs_y = 0},
    {.bitmap_index = 16943, .adv_w = 88, .box_w = 7, .box_h = 14, .ofs_x = 0, .ofs_y = -3},
    {.bitmap_index = 16992, .adv_w = 67, .box_w = 5, .box_h = 14, .ofs_x = 0, .ofs_y = -3},
    {.bitmap_index = 17027, .adv_w = 137, .box_w = 9, .box_h = 11, .ofs_x = 0, .ofs_y = 0},
    {.bitmap_index = 17077, .adv_w = 67, .box_w = 5, .box_h = 11, .ofs_x = 0, .ofs_y = 0},
    {.bitmap_index = 17105, .adv_w = 147, .box_w = 9, .box_h = 14, .ofs_x = 0, .ofs_y = -3},
    {.bitmap_index = 17168, .adv_w = 168, .box_w = 11, .box_h = 13, .ofs_x = 0, .ofs_y = 0},
    {.bitmap_index = 17240, .adv_w = 145, .box_w = 9, .box_h = 10, .ofs_x = 1, .ofs_y = 0},
    {.bitmap_index = 17285, .adv_w = 180, .box_w = 10, .box_h = 11, .ofs_x = 1, .ofs_y = 0},
    {.bitmap_index = 17340, .adv_w = 160, .box_w = 10, .box_h = 11, .ofs_x = 0, .ofs_y = 0},
    {.bitmap_index = 17395, .adv_w = 180, .box_w = 12, .box_h = 11, .ofs_x = 0, .ofs_y = 0},
    {.bitmap_index = 17461, .adv_w = 148, .box_w = 10, .box_h = 11, .ofs_x = 0, .ofs_y = -3},
    {.bitmap_index = 17516, .adv_w = 147, .box_w = 9, .box_h = 11, .ofs_x = 0, .ofs_y = 0},
    {.bitmap_index = 17566, .adv_w = 120, .box_w = 8, .box_h = 8, .ofs_x = 0, .ofs_y = 0},
    {.bitmap_index = 17598, .adv_w = 151, .box_w = 9, .box_h = 11, .ofs_x = 0, .ofs_y = 0},
    {.bitmap_index = 17648, .adv_w = 151, .box_w = 9, .box_h = 11, .ofs_x = 0, .ofs_y = 0},
    {.bitmap_index = 17698, .adv_w = 126, .box_w = 8, .box_h = 11, .ofs_x = 0, .ofs_y = -3},
    {.bitmap_index = 17742, .adv_w = 115, .box_w = 7, .box_h = 11, .ofs_x = 0, .ofs_y = -3},
    {.bitmap_index = 17781, .adv_w = 133, .box_w = 8, .box_h = 11, .ofs_x = 0, .ofs_y = 0},
    {.bitmap_index = 17825, .adv_w = 133, .box_w = 8, .box_h = 11, .ofs_x = 0, .ofs_y = 0},
    {.bitmap_index = 17869, .adv_w = 126, .box_w = 8, .box_h = 8, .ofs_x = 0, .ofs_y = 0},
    {.bitmap_index = 17901, .adv_w = 133, .box_w = 8, .box_h = 11, .ofs_x = 0, .ofs_y = 0},
    {.bitmap_index = 17945, .adv_w = 133, .box_w = 7, .box_h = 11, .ofs_x = 1, .ofs_y = -3},
    {.bitmap_index = 17984, .adv_w = 67, .box_w = 2, .box_h = 11, .ofs_x = 1, .ofs_y = 0},
    {.bitmap_index = 17995, .adv_w = 111, .box_w = 5, .box_h = 11, .ofs_x = 1, .ofs_y = 0},
    {.bitmap_index = 18023, .adv_w = 114, .box_w = 7, .box_h = 11, .ofs_x = 0, .ofs_y = 0},
    {.bitmap_index = 18062, .adv_w = 67, .box_w = 2, .box_h = 11, .ofs_x = 1, .ofs_y = 0},
    {.bitmap_index = 18073, .adv_w = 320, .box_w = 19, .box_h = 14, .ofs_x = 1, .ofs_y = 0},
    {.bitmap_index = 18206, .adv_w = 293, .box_w = 18, .box_h = 11, .ofs_x = 1, .ofs_y = 0},
    {.bitmap_index = 18305, .adv_w = 253, .box_w = 16, .box_h = 11, .ofs_x = 0, .ofs_y = 0},
    {.bitmap_index = 18393, .adv_w = 247, .box_w = 14, .box_h = 11, .ofs_x = 1, .ofs_y = 0},
    {.bitmap_index = 18470, .adv_w = 187, .box_w = 10, .box_h = 14, .ofs_x = 1, .ofs_y = -3},
    {.bitmap_index = 18540, .adv_w = 107, .box_w = 5, .box_h = 14, .ofs_x = 1, .ofs_y = -3},
    {.bitmap_index = 18575, .adv_w = 293, .box_w = 17, .box_h = 11, .ofs_x = 1, .ofs_y = 0},
    {.bitmap_index = 18669, .adv_w = 227, .box_w = 13, .box_h = 14, .ofs_x = 1, .ofs_y = -3},
    {.bitmap_index = 18760, .adv_w = 187, .box_w = 10, .box_h = 14, .ofs_x = 1, .ofs_y = -3},
    {.bitmap_index = 18830, .adv_w = 170, .box_w = 11, .box_h = 14, .ofs_x = 0, .ofs_y = 0},
    {.bitmap_index = 18907, .adv_w = 139, .box_w = 9, .box_h = 11, .ofs_x = 0, .ofs_y = 0},
    {.bitmap_index = 18957, .adv_w = 67, .box_w = 6, .box_h = 14, .ofs_x = -1, .ofs_y = 0},
    {.bitmap_index = 18999, .adv_w = 67, .box_w = 6, .box_h = 11, .ofs_x = -1, .ofs_y = 0},
    {.bitmap_index = 19032, .adv_w = 187, .box_w = 11, .box_h = 14, .ofs_x = 0, .ofs_y = 0},
    {.bitmap_index = 19109, .adv_w = 133, .box_w = 8, .box_h = 11, .ofs_x = 0, .ofs_y = 0},
    {.bitmap_index = 19153, .adv_w = 173, .box_w = 9, .box_h = 14, .ofs_x = 1, .ofs_y = 0},
    {.bitmap_index = 19216, .adv_w = 133, .box_w = 8, .box_h = 11, .ofs_x = 0, .ofs_y = 0},
    {.bitmap_index = 19260, .adv_w = 173, .box_w = 9, .box_h = 15, .ofs_x = 1, .ofs_y = 0},
    {.bitmap_index = 19328, .adv_w = 133, .box_w = 8, .box_h = 13, .ofs_x = 0, .ofs_y = 0},
    {.bitmap_index = 19380, .adv_w = 173, .box_w = 9, .box_h = 17, .ofs_x = 1, .ofs_y = 0},
    {.bitmap_index = 19457, .adv_w = 133, .box_w = 8, .box_h = 14, .ofs_x = 0, .ofs_y = 0},
    {.bitmap_index = 19513, .adv_w = 173, .box_w = 9, .box_h = 17, .ofs_x = 1, .ofs_y = 0},
    {.bitmap_index = 19590, .adv_w = 133, .box_w = 8, .box_h = 14, .ofs_x = 0, .ofs_y = 0},
    {.bitmap_index = 19646, .adv_w = 173, .box_w = 9, .box_h = 17, .ofs_x = 1, .ofs_y = 0},
    {.bitmap_index = 19723, .adv_w = 133, .box_w = 8, .box_h = 14, .ofs_x = 0, .ofs_y = 0},
    {.bitmap_index = 19779, .adv_w = 133, .box_w = 8, .box_h = 8, .ofs_x = 0, .ofs_y = 0},
    {.bitmap_index = 19811, .adv_w = 160, .box_w = 12, .box_h = 15, .ofs_x = -1, .ofs_y = 0},
    {.bitmap_index = 19901, .adv_w = 133, .box_w = 8, .box_h = 13, .ofs_x = 0, .ofs_y = 0},
    {.bitmap_index = 19953, .adv_w = 160, .box_w = 12, .box_h = 15, .ofs_x = -1, .ofs_y = 0},
    {.bitmap_index = 20043, .adv_w = 133, .box_w = 8, .box_h = 13, .ofs_x = 0, .ofs_y = 0},
    {.bitmap_index = 20095, .adv_w = 240, .box_w = 15, .box_h = 13, .ofs_x = 0, .ofs_y = 0},
    {.bitmap_index = 20193, .adv_w = 213, .box_w = 13, .box_h = 11, .ofs_x = 0, .ofs_y = 0},
    {.bitmap_index = 20265, .adv_w = 184, .box_w = 11, .box_h = 10, .ofs_x = 0, .ofs_y = 0},
    {.bitmap_index = 20320, .adv_w = 155, .box_w = 10, .box_h = 10, .ofs_x = 0, .ofs_y = -2},
    {.bitmap_index = 20370, .adv_w = 174, .box_w = 11, .box_h = 14, .ofs_x = 0, .ofs_y = 0},
    {.bitmap_index = 20447, .adv_w = 149, .box_w = 9, .box_h = 13, .ofs_x = 0, .ofs_y = -2},
    {.bitmap_index = 20506, .adv_w = 161, .box_w = 9, .box_h = 14, .ofs_x = 1, .ofs_y = 0},
    {.bitmap_index = 20569, .adv_w = 151, .box_w = 10, .box_h = 13, .ofs_x = -1, .ofs_y = 0},
    {.bitmap_index = 20634, .adv_w = 187, .box_w = 11, .box_h = 14, .ofs_x = 0, .ofs_y = -3},
    {.bitmap_index = 20711, .adv_w = 133, .box_w = 8, .box_h = 11, .ofs_x = 0, .ofs_y = -3},
    {.bitmap_index = 20755, .adv_w = 187, .box_w = 11, .box_h = 16, .ofs_x = 0, .ofs_y = -3},
    {.bitmap_index = 20843, .adv_w = 133, .box_w = 8, .box_h = 14, .ofs_x = 0, .ofs_y = -3},
    {.bitmap_index = 20899, .adv_w = 128, .box_w = 8, .box_h = 14, .ofs_x = 0, .ofs_y = 0},
    {.bitmap_index = 20955, .adv_w = 128, .box_w = 8, .box_h = 14, .ofs_x = 0, .ofs_y = -3},
    {.bitmap_index = 21011, .adv_w = 53, .box_w = 5, .box_h = 14, .ofs_x = -1, .ofs_y = -3},
    {.bitmap_index = 21046, .adv_w = 320, .box_w = 19, .box_h = 11, .ofs_x = 1, .ofs_y = 0},
    {.bitmap_index = 21151, .adv_w = 293, .box_w = 17, .box_h = 11, .ofs_x = 1, .ofs_y = 0},
    {.bitmap_index = 21245, .adv_w = 253, .box_w = 16, .box_h = 11, .ofs_x = 0, .ofs_y = 0},
    {.bitmap_index = 21333, .adv_w = 187, .box_w = 11, .box_h = 14, .ofs_x = 0, .ofs_y = 0},
    {.bitmap_index = 21410, .adv_w = 133, .box_w = 8, .box_h = 14, .ofs_x = 0, .ofs_y = -3},
    {.bitmap_index = 21466, .adv_w = 160, .box_w = 12, .box_h = 16, .ofs_x = -1, .ofs_y = 0},
    {.bitmap_index = 21562, .adv_w = 133, .box_w = 8, .box_h = 15, .ofs_x = 0, .ofs_y = 0},
    {.bitmap_index = 21622, .adv_w = 240, .box_w = 15, .box_h = 14, .ofs_x = 0, .ofs_y = 0},
    {.bitmap_index = 21727, .adv_w = 213, .box_w = 13, .box_h = 11, .ofs_x = 0, .ofs_y = 0},
    {.bitmap_index = 21799, .adv_w = 187, .box_w = 12, .box_h = 15, .ofs_x = 0, .ofs_y = -1},
    {.bitmap_index = 21889, .adv_w = 147, .box_w = 9, .box_h = 12, .ofs_x = 0, .ofs_y = -1},
    {.bitmap_index = 21943, .adv_w = 160, .box_w = 12, .box_h = 14, .ofs_x = -1, .ofs_y = 0},
    {.bitmap_index = 22027, .adv_w = 133, .box_w = 8, .box_h = 11, .ofs_x = 0, .ofs_y = 0},
    {.bitmap_index = 22071, .adv_w = 160, .box_w = 12, .box_h = 13, .ofs_x = -1, .ofs_y = 0},
    {.bitmap_index = 22149, .adv_w = 133, .box_w = 8, .box_h = 11, .ofs_x = 0, .ofs_y = 0},
    {.bitmap_index = 22193, .adv_w = 160, .box_w = 9, .box_h = 14, .ofs_x = 1, .ofs_y = 0},
    {.bitmap_index = 22256, .adv_w = 133, .box_w = 8, .box_h = 11, .ofs_x = 0, .ofs_y = 0},
    {.bitmap_index = 22300, .adv_w = 160, .box_w = 9, .box_h = 13, .ofs_x = 1, .ofs_y = 0},
    {.bitmap_index = 22359, .adv_w = 133, .box_w = 8, .box_h = 11, .ofs_x = 0, .ofs_y = 0},
    {.bitmap_index = 22403, .adv_w = 67, .box_w = 6, .box_h = 14, .ofs_x = -1, .ofs_y = 0},
    {.bitmap_index = 22445, .adv_w = 67, .box_w = 6, .box_h = 11, .ofs_x = -1, .ofs_y = 0},
    {.bitmap_index = 22478, .adv_w = 67, .box_w = 6, .box_h = 13, .ofs_x = -1, .ofs_y = 0},
    {.bitmap_index = 22517, .adv_w = 67, .box_w = 6, .box_h = 11, .ofs_x = -1, .ofs_y = 0},
    {.bitmap_index = 22550, .adv_w = 187, .box_w = 11, .box_h = 14, .ofs_x = 0, .ofs_y = 0},
    {.bitmap_index = 22627, .adv_w = 133, .box_w = 8, .box_h = 11, .ofs_x = 0, .ofs_y = 0},
    {.bitmap_index = 22671, .adv_w = 187, .box_w = 11, .box_h = 14, .ofs_x = 0, .ofs_y = 0},
    {.bitmap_index = 22748, .adv_w = 133, .box_w = 8, .box_h = 11, .ofs_x = 0, .ofs_y = 0},
    {.bitmap_index = 22792, .adv_w = 173, .box_w = 10, .box_h = 14, .ofs_x = 1, .ofs_y = 0},
    {.bitmap_index = 22862, .adv_w = 80, .box_w = 6, .box_h = 11, .ofs_x = 0, .ofs_y = 0},
    {.bitmap_index = 22895, .adv_w = 173, .box_w = 10, .box_h = 13, .ofs_x = 1, .ofs_y = 0},
    {.bitmap_index = 22960, .adv_w = 80, .box_w = 6, .box_h = 11, .ofs_x = 0, .ofs_y = 0},
    {.bitmap_index = 22993, .adv_w = 173, .box_w = 9, .box_h = 14, .ofs_x = 1, .ofs_y = 0},
    {.bitmap_index = 23056, .adv_w = 133, .box_w = 8, .box_h = 11, .ofs_x = 0, .ofs_y = 0},
    {.bitmap_index = 23100, .adv_w = 173, .box_w = 9, .box_h = 14, .ofs_x = 1, .ofs_y = 0},
    {.bitmap_index = 23163, .adv_w = 133, .box_w = 8, .box_h = 11, .ofs_x = 0, .ofs_y = 0},
    {.bitmap_index = 23207, .adv_w = 160, .box_w = 10, .box_h = 14, .ofs_x = 0, .ofs_y = -4},
    {.bitmap_index = 23277, .adv_w = 133, .box_w = 8, .box_h = 12, .ofs_x = 0, .ofs_y = -4},
    {.bitmap_index = 23325, .adv_w = 140, .box_w = 9, .box_h = 14, .ofs_x = 0, .ofs_y = -4},
    {.bitmap_index = 23388, .adv_w = 102, .box_w = 6, .box_h = 14, .ofs_x = 0, .ofs_y = -4},
    {.bitmap_index = 23430, .adv_w = 74, .box_w = 5, .box_h = 10, .ofs_x = -1, .ofs_y = -2},
    {.bitmap_index = 23455, .adv_w = 160, .box_w = 12, .box_h = 14, .ofs_x = -1, .ofs_y = -3},
    {.bitmap_index = 23539, .adv_w = 133, .box_w = 8, .box_h = 11, .ofs_x = 0, .ofs_y = -3},
    {.bitmap_index = 23583, .adv_w = 160, .box_w = 9, .box_h = 14, .ofs_x = 1, .ofs_y = 0},
    {.bitmap_index = 23646, .adv_w = 133, .box_w = 7, .box_h = 14, .ofs_x = 1, .ofs_y = 0},
    {.bitmap_index = 23695, .adv_w = 160, .box_w = 9, .box_h = 14, .ofs_x = 1, .ofs_y = -3},
    {.bitmap_index = 23758, .adv_w = 133, .box_w = 7, .box_h = 14, .ofs_x = 1, .ofs_y = -3},
    {.bitmap_index = 23807, .adv_w = 160, .box_w = 9, .box_h = 14, .ofs_x = 1, .ofs_y = -3},
    {.bitmap_index = 23870, .adv_w = 133, .box_w = 7, .box_h = 14, .ofs_x = 1, .ofs_y = -3},
    {.bitmap_index = 23919, .adv_w = 173, .box_w = 11, .box_h = 17, .ofs_x = 0, .ofs_y = -3},
    {.bitmap_index = 24013, .adv_w = 120, .box_w = 8, .box_h = 14, .ofs_x = 0, .ofs_y = -3},
    {.bitmap_index = 24069, .adv_w = 173, .box_w = 10, .box_h = 14, .ofs_x = 1, .ofs_y = 0},
    {.bitmap_index = 24139, .adv_w = 133, .box_w = 8, .box_h = 14, .ofs_x = 0, .ofs_y = 0},
    {.bitmap_index = 24195, .adv_w = 173, .box_w = 10, .box_h = 14, .ofs_x = 1, .ofs_y = -3},
    {.bitmap_index = 24265, .adv_w = 133, .box_w = 8, .box_h = 14, .ofs_x = 0, .ofs_y = -3},
    {.bitmap_index = 24321, .adv_w = 173, .box_w = 10, .box_h = 14, .ofs_x = 1, .ofs_y = -3},
    {.bitmap_index = 24391, .adv_w = 133, .box_w = 8, .box_h = 14, .ofs_x = 0, .ofs_y = -3},
    {.bitmap_index = 24447, .adv_w = 173, .box_w = 10, .box_h = 14, .ofs_x = 1, .ofs_y = -3},
    {.bitmap_index = 24517, .adv_w = 133, .box_w = 8, .box_h = 14, .ofs_x = 0, .ofs_y = -3},
    {.bitmap_index = 24573, .adv_w = 173, .box_w = 10, .box_h = 14, .ofs_x = 1, .ofs_y = -3},
    {.bitmap_index = 24643, .adv_w = 133, .box_w = 8, .box_h = 14, .ofs_x = 0, .ofs_y = -3},
    {.bitmap_index = 24699, .adv_w = 160, .box_w = 9, .box_h = 16, .ofs_x = 1, .ofs_y = 0},
    {.bitmap_index = 24771, .adv_w = 133, .box_w = 8, .box_h = 14, .ofs_x = 0, .ofs_y = 0},
    {.bitmap_index = 24827, .adv_w = 160, .box_w = 9, .box_h = 16, .ofs_x = 1, .ofs_y = 0},
    {.bitmap_index = 24899, .adv_w = 133, .box_w = 8, .box_h = 14, .ofs_x = 0, .ofs_y = 0},
    {.bitmap_index = 24955, .adv_w = 160, .box_w = 9, .box_h = 14, .ofs_x = 1, .ofs_y = -3},
    {.bitmap_index = 25018, .adv_w = 133, .box_w = 8, .box_h = 11, .ofs_x = 0, .ofs_y = -3},
    {.bitmap_index = 25062, .adv_w = 160, .box_w = 9, .box_h = 14, .ofs_x = 1, .ofs_y = -3},
    {.bitmap_index = 25125, .adv_w = 133, .box_w = 8, .box_h = 11, .ofs_x = 0, .ofs_y = -3},
    {.bitmap_index = 25169, .adv_w = 160, .box_w = 9, .box_h = 17, .ofs_x = 1, .ofs_y = -3},
    {.bitmap_index = 25246, .adv_w = 133, .box_w = 8, .box_h = 14, .ofs_x = 0, .ofs_y = -3},
    {.bitmap_index = 25302, .adv_w = 147, .box_w = 8, .box_h = 14, .ofs_x = 1, .ofs_y = 0},
    {.bitmap_index = 25358, .adv_w = 67, .box_w = 5, .box_h = 14, .ofs_x = 0, .ofs_y = 0},
    {.bitmap_index = 25393, .adv_w = 174, .box_w = 11, .box_h = 14, .ofs_x = 0, .ofs_y = 0},
    {.bitmap_index = 25470, .adv_w = 149, .box_w = 9, .box_h = 12, .ofs_x = 0, .ofs_y = -2},
    {.bitmap_index = 25524, .adv_w = 173, .box_w = 9, .box_h = 14, .ofs_x = 1, .ofs_y = 0},
    {.bitmap_index = 25587, .adv_w = 133, .box_w = 7, .box_h = 14, .ofs_x = 1, .ofs_y = 0},
    {.bitmap_index = 25636, .adv_w = 173, .box_w = 9, .box_h = 14, .ofs_x = 1, .ofs_y = -3},
    {.bitmap_index = 25699, .adv_w = 133, .box_w = 7, .box_h = 14, .ofs_x = 1, .ofs_y = -3},
    {.bitmap_index = 25748, .adv_w = 173, .box_w = 9, .box_h = 14, .ofs_x = 1, .ofs_y = 0},
    {.bitmap_index = 25811, .adv_w = 133, .box_w = 7, .box_h = 14, .ofs_x = 1, .ofs_y = 0},
    {.bitmap_index = 25860, .adv_w = 173, .box_w = 10, .box_h = 14, .ofs_x = 0, .ofs_y = -3},
    {.bitmap_index = 25930, .adv_w = 133, .box_w = 8, .box_h = 14, .ofs_x = 0, .ofs_y = -3},
    {.bitmap_index = 25986, .adv_w = 173, .box_w = 9, .box_h = 14, .ofs_x = 1, .ofs_y = -3},
    {.bitmap_index = 26049, .adv_w = 133, .box_w = 7, .box_h = 14, .ofs_x = 1, .ofs_y = -3},
    {.bitmap_index = 26098, .adv_w = 67, .box_w = 6, .box_h = 14, .ofs_x = -1, .ofs_y = -3},
    {.bitmap_index = 26140, .adv_w = 53, .box_w = 6, .box_h = 14, .ofs_x = -1, .ofs_y = -3},
    {.bitmap_index = 26182, .adv_w = 67, .box_w = 5, .box_h = 17, .ofs_x = 0, .ofs_y = 0},
    {.bitmap_index = 26225, .adv_w = 67, .box_w = 5, .box_h = 14, .ofs_x = 0, .ofs_y = 0},
    {.bitmap_index = 26260, .adv_w = 160, .box_w = 9, .box_h = 14, .ofs_x = 1, .ofs_y = 0},
    {.bitmap_index = 26323, .adv_w = 120, .box_w = 8, .box_h = 14, .ofs_x = 0, .ofs_y = 0},
    {.bitmap_index = 26379, .adv_w = 160, .box_w = 9, .box_h = 14, .ofs_x = 1, .ofs_y = -3},
    {.bitmap_index = 26442, .adv_w = 120, .box_w = 8, .box_h = 14, .ofs_x = 0, .ofs_y = -3},
    {.bitmap_index = 26498, .adv_w = 160, .box_w = 9, .box_h = 14, .ofs_x = 1, .ofs_y = -3},
    {.bitmap_index = 26561, .adv_w = 120, .box_w = 8, .box_h = 14, .ofs_x = 0, .ofs_y = -3},
    {.bitmap_index = 26617, .adv_w = 133, .box_w = 7, .box_h = 14, .ofs_x = 1, .ofs_y = -3},
    {.bitmap_index = 26666, .adv_w = 53, .box_w = 2, .box_h = 14, .ofs_x = 1, .ofs_y = -3},
    {.bitmap_index = 26680, .adv_w = 133, .box_w = 7, .box_h = 16, .ofs_x = 1, .ofs_y = -3},
    {.bitmap_index = 26736, .adv_w = 53, .box_w = 5, .box_h = 16, .ofs_x = -1, .ofs_y = -3},
    {.bitmap_index = 26776, .adv_w = 133, .box_w = 7, .box_h = 14, .ofs_x = 1, .ofs_y = -3},
    {.bitmap_index = 26825, .adv_w = 53, .box_w = 5, .box_h = 14, .ofs_x = -1, .ofs_y = -3},
    {.bitmap_index = 26860, .adv_w = 133, .box_w = 7, .box_h = 14, .ofs_x = 1, .ofs_y = -3},
    {.bitmap_index = 26909, .adv_w = 53, .box_w = 6, .box_h = 14, .ofs_x = -1, .ofs_y = -3},
    {.bitmap_index = 26951, .adv_w = 200, .box_w = 11, .box_h = 14, .ofs_x = 1, .ofs_y = 0},
    {.bitmap_index = 27028, .adv_w = 200, .box_w = 12, .box_h = 11, .ofs_x = 0, .ofs_y = 0},
    {.bitmap_index = 27094, .adv_w = 200, .box_w = 11, .box_h = 14, .ofs_x = 1, .ofs_y = 0},
    {.bitmap_index = 27171, .adv_w = 200, .box_w = 12, .box_h = 11, .ofs_x = 0, .ofs_y = 0},
    {.bitmap_index = 27237, .adv_w = 200, .box_w = 11, .box_h = 14, .ofs_x = 1, .ofs_y = -3},
    {.bitmap_index = 27314, .adv_w = 200, .box_w = 12, .box_h = 11, .ofs_x = 0, .ofs_y = -3},
    {.bitmap_index = 27380, .adv_w = 173, .box_w = 9, .box_h = 14, .ofs_x = 1, .ofs_y = 0},
    {.bitmap_index = 27443, .adv_w = 133, .box_w = 7, .box_h = 11, .ofs_x = 1, .ofs_y = 0},
    {.bitmap_index = 27482, .adv_w = 173, .box_w = 9, .box_h = 14, .ofs_x = 1, .ofs_y = -3},
    {.bitmap_index = 27545, .adv_w = 133, .box_w = 7, .box_h = 11, .ofs_x = 1, .ofs_y = -3},
    {.bitmap_index = 27584, .adv_w = 173, .box_w = 9, .box_h = 14, .ofs_x = 1, .ofs_y = -3},
    {.bitmap_index = 27647, .adv_w = 133, .box_w = 7, .box_h = 11, .ofs_x = 1, .ofs_y = -3},
    {.bitmap_index = 27686, .adv_w = 173, .box_w = 9, .box_h = 14, .ofs_x = 1, .ofs_y = -3},
    {.bitmap_index = 27749, .adv_w = 133, .box_w = 7, .box_h = 11, .ofs_x = 1, .ofs_y = -3},
    {.bitmap_index = 27788, .adv_w = 187, .box_w = 11, .box_h = 17, .ofs_x = 0, .ofs_y = 0},
    {.bitmap_index = 27882, .adv_w = 133, .box_w = 8, .box_h = 14, .ofs_x = 0, .ofs_y = 0},
    {.bitmap_index = 27938, .adv_w = 187, .box_w = 11, .box_h = 16, .ofs_x = 0, .ofs_y = 0},
    {.bitmap_index = 28026, .adv_w = 133, .box_w = 8, .box_h = 13, .ofs_x = 0, .ofs_y = 0},
    {.bitmap_index = 28078, .adv_w = 187, .box_w = 11, .box_h = 16, .ofs_x = 0, .ofs_y = 0},
    {.bitmap_index = 28166, .adv_w = 133, .box_w = 8, .box_h = 14, .ofs_x = 0, .ofs_y = 0},
    {.bitmap_index = 28222, .adv_w = 187, .box_w = 11, .box_h = 16, .ofs_x = 0, .ofs_y = 0},
    {.bitmap_index = 28310, .adv_w = 133, .box_w = 8, .box_h = 14, .ofs_x = 0, .ofs_y = 0},
    {.bitmap_index = 28366, .adv_w = 160, .box_w = 9, .box_h = 14, .ofs_x = 1, .ofs_y = 0},
    {.bitmap_index = 28429, .adv_w = 133, .box_w = 7, .box_h = 14, .ofs_x = 1, .ofs_y = -3},
    {.bitmap_index = 28478, .adv_w = 160, .box_w = 9, .box_h = 14, .ofs_x = 1, .ofs_y = 0},
    {.bitmap_index = 28541, .adv_w = 133, .box_w = 7, .box_h = 14, .ofs_x = 1, .ofs_y = -3},
    {.bitmap_index = 28590, .adv_w = 173, .box_w = 10, .box_h = 14, .ofs_x = 1, .ofs_y = 0},
    {.bitmap_index = 28660, .adv_w = 80, .box_w = 6, .box_h = 11, .ofs_x = 0, .ofs_y = 0},
    {.bitmap_index = 28693, .adv_w = 173, .box_w = 10, .box_h = 14, .ofs_x = 1, .ofs_y = -3},
    {.bitmap_index = 28763, .adv_w = 80, .box_w = 6, .box_h = 11, .ofs_x = 0, .ofs_y = -3},
    {.bitmap_index = 28796, .adv_w = 173, .box_w = 10, .box_h = 16, .ofs_x = 1, .ofs_y = -3},
    {.bitmap_index = 28876, .adv_w = 80, .box_w = 6, .box_h = 14, .ofs_x = 0, .ofs_y = -3},
    {.bitmap_index = 28918, .adv_w = 173, .box_w = 10, .box_h = 14, .ofs_x = 1, .ofs_y = -3},
    {.bitmap_index = 28988, .adv_w = 80, .box_w = 6, .box_h = 11, .ofs_x = 0, .ofs_y = -3},
    {.bitmap_index = 29021, .adv_w = 160, .box_w = 10, .box_h = 14, .ofs_x = 0, .ofs_y = 0},
    {.bitmap_index = 29091, .adv_w = 120, .box_w = 7, .box_h = 11, .ofs_x = 0, .ofs_y = 0},
    {.bitmap_index = 29130, .adv_w = 160, .box_w = 10, .box_h = 14, .ofs_x = 0, .ofs_y = -3},
    {.bitmap_index = 29200, .adv_w = 120, .box_w = 7, .box_h = 11, .ofs_x = 0, .ofs_y = -3},
    {.bitmap_index = 29239, .adv_w = 160, .box_w = 10, .box_h = 15, .ofs_x = 0, .ofs_y = 0},
    {.bitmap_index = 29314, .adv_w = 120, .box_w = 7, .box_h = 12, .ofs_x = 0, .ofs_y = 0},
    {.bitmap_index = 29356, .adv_w = 160, .box_w = 10, .box_h = 16, .ofs_x = 0, .ofs_y = 0},
    {.bitmap_index = 29436, .adv_w = 120, .box_w = 7, .box_h = 14, .ofs_x = 0, .ofs_y = 0},
    {.bitmap_index = 29485, .adv_w = 160, .box_w = 10, .box_h = 17, .ofs_x = 0, .ofs_y = -3},
    {.bitmap_index = 29570, .adv_w = 120, .box_w = 7, .box_h = 14, .ofs_x = 0, .ofs_y = -3},
    {.bitmap_index = 29619, .adv_w = 147, .box_w = 9, .box_h = 14, .ofs_x = 0, .ofs_y = 0},
    {.bitmap_index = 29682, .adv_w = 67, .box_w = 5, .box_h = 14, .ofs_x = 0, .ofs_y = 0},
    {.bitmap_index = 29717, .adv_w = 147, .box_w = 9, .box_h = 14, .ofs_x = 0, .ofs_y = -3},
    {.bitmap_index = 29780, .adv_w = 67, .box_w = 5, .box_h = 14, .ofs_x = 0, .ofs_y = -3},
    {.bitmap_index = 29815, .adv_w = 147, .box_w = 9, .box_h = 14, .ofs_x = 0, .ofs_y = -3},
    {.bitmap_index = 29878, .adv_w = 67, .box_w = 6, .box_h = 14, .ofs_x = -1, .ofs_y = -3},
    {.bitmap_index = 29920, .adv_w = 147, .box_w = 9, .box_h = 14, .ofs_x = 0, .ofs_y = -3},
    {.bitmap_index = 29983, .adv_w = 67, .box_w = 5, .box_h = 14, .ofs_x = 0, .ofs_y = -3},
    {.bitmap_index = 30018, .adv_w = 173, .box_w = 9, .box_h = 14, .ofs_x = 1, .ofs_y = -3},
    {.bitmap_index = 30081, .adv_w = 133, .box_w = 8, .box_h = 11, .ofs_x = 0, .ofs_y = -3},
    {.bitmap_index = 30125, .adv_w = 173, .box_w = 9, .box_h = 14, .ofs_x = 1, .ofs_y = -3},
    {.bitmap_index = 30188, .adv_w = 133, .box_w = 8, .box_h = 11, .ofs_x = 0, .ofs_y = -3},
    {.bitmap_index = 30232, .adv_w = 173, .box_w = 9, .box_h = 14, .ofs_x = 1, .ofs_y = -3},
    {.bitmap_index = 30295, .adv_w = 133, .box_w = 8, .box_h = 11, .ofs_x = 0, .ofs_y = -3},
    {.bitmap_index = 30339, .adv_w = 173, .box_w = 9, .box_h = 17, .ofs_x = 1, .ofs_y = 0},
    {.bitmap_index = 30416, .adv_w = 133, .box_w = 8, .box_h = 14, .ofs_x = 0, .ofs_y = 0},
    {.bitmap_index = 30472, .adv_w = 173, .box_w = 9, .box_h = 16, .ofs_x = 1, .ofs_y = 0},
    {.bitmap_index = 30544, .adv_w = 133, .box_w = 8, .box_h = 13, .ofs_x = 0, .ofs_y = 0},
    {.bitmap_index = 30596, .adv_w = 160, .box_w = 10, .box_h = 13, .ofs_x = 0, .ofs_y = 0},
    {.bitmap_index = 30661, .adv_w = 120, .box_w = 8, .box_h = 11, .ofs_x = 0, .ofs_y = 0},
    {.bitmap_index = 30705, .adv_w = 160, .box_w = 10, .box_h = 14, .ofs_x = 0, .ofs_y = -3},
    {.bitmap_index = 30775, .adv_w = 120, .box_w = 8, .box_h = 11, .ofs_x = 0, .ofs_y = -3},
    {.bitmap_index = 30819, .adv_w = 238, .box_w = 15, .box_h = 14, .ofs_x = 0, .ofs_y = 0},
    {.bitmap_index = 30924, .adv_w = 201, .box_w = 13, .box_h = 11, .ofs_x = 0, .ofs_y = 0},
    {.bitmap_index = 30996, .adv_w = 238, .box_w = 15, .box_h = 14, .ofs_x = 0, .ofs_y = 0},
    {.bitmap_index = 31101, .adv_w = 201, .box_w = 13, .box_h = 11, .ofs_x = 0, .ofs_y = 0},
    {.bitmap_index = 31173, .adv_w = 238, .box_w = 15, .box_h = 13, .ofs_x = 0, .ofs_y = 0},
    {.bitmap_index = 31271, .adv_w = 201, .box_w = 13, .box_h = 10, .ofs_x = 0, .ofs_y = 0},
    {.bitmap_index = 31336, .adv_w = 227, .box_w = 14, .box_h = 14, .ofs_x = 0, .ofs_y = 0},
    {.bitmap_index = 31434, .adv_w = 173, .box_w = 11, .box_h = 11, .ofs_x = 0, .ofs_y = 0},
    {.bitmap_index = 31495, .adv_w = 227, .box_w = 14, .box_h = 14, .ofs_x = 0, .ofs_y = -3},
    {.bitmap_index = 31593, .adv_w = 173, .box_w = 11, .box_h = 11, .ofs_x = 0, .ofs_y = -3},
    {.bitmap_index = 31654, .adv_w = 160, .box_w = 10, .box_h = 14, .ofs_x = 0, .ofs_y = 0},
    {.bitmap_index = 31724, .adv_w = 120, .box_w = 8, .box_h = 11, .ofs_x = 0, .ofs_y = 0},
    {.bitmap_index = 31768, .adv_w = 160, .box_w = 10, .box_h = 14, .ofs_x = 0, .ofs_y = 0},
    {.bitmap_index = 31838, .adv_w = 120, .box_w = 8, .box_h = 11, .ofs_x = 0, .ofs_y = 0},
    {.bitmap_index = 31882, .adv_w = 160, .box_w = 10, .box_h = 14, .ofs_x = 0, .ofs_y = 0},
    {.bitmap_index = 31952, .adv_w = 120, .box_w = 8, .box_h = 14, .ofs_x = 0, .ofs_y = -3},
    {.bitmap_index = 32008, .adv_w = 147, .box_w = 9, .box_h = 14, .ofs_x = 0, .ofs_y = 0},
    {.bitmap_index = 32071, .adv_w = 120, .box_w = 8, .box_h = 11, .ofs_x = 0, .ofs_y = 0},
    {.bitmap_index = 32115, .adv_w = 147, .box_w = 9, .box_h = 14, .ofs_x = 0, .ofs_y = -3},
    {.bitmap_index = 32178, .adv_w = 120, .box_w = 8, .box_h = 11, .ofs_x = 0, .ofs_y = -3},
    {.bitmap_index = 32222, .adv_w = 147, .box_w = 9, .box_h = 14, .ofs_x = 0, .ofs_y = -3},
    {.bitmap_index = 32285, .adv_w = 120, .box_w = 8, .box_h = 11, .ofs_x = 0, .ofs_y = -3},
    {.bitmap_index = 32329, .adv_w = 133, .box_w = 7, .box_h = 14, .ofs_x = 1, .ofs_y = -3},
    {.bitmap_index = 32378, .adv_w = 67, .box_w = 5, .box_h = 14, .ofs_x = 0, .ofs_y = 0},
    {.bitmap_index = 32413, .adv_w = 173, .box_w = 11, .box_h = 11, .ofs_x = 0, .ofs_y = 0},
    {.bitmap_index = 32474, .adv_w = 120, .box_w = 8, .box_h = 14, .ofs_x = 0, .ofs_y = -3},
    {.bitmap_index = 32530, .adv_w = 133, .box_w = 9, .box_h = 12, .ofs_x = 0, .ofs_y = 0},
    {.bitmap_index = 32584, .adv_w = 67, .box_w = 5, .box_h = 14, .ofs_x = 0, .ofs_y = 0},
    {.bitmap_index = 32619, .adv_w = 174, .box_w = 10, .box_h = 10, .ofs_x = 1, .ofs_y = 0},
    {.bitmap_index = 32669, .adv_w = 170, .box_w = 11, .box_h = 12, .ofs_x = 0, .ofs_y = -2},
    {.bitmap_index = 32735, .adv_w = 139, .box_w = 9, .box_h = 10, .ofs_x = 0, .ofs_y = -2},
    {.bitmap_index = 32780, .adv_w = 170, .box_w = 11, .box_h = 14, .ofs_x = 0, .ofs_y = 0},
    {.bitmap_index = 32857, .adv_w = 139, .box_w = 9, .box_h = 11, .ofs_x = 0, .ofs_y = 0},
    {.bitmap_index = 32907, .adv_w = 170, .box_w = 11, .box_h = 15, .ofs_x = 0, .ofs_y = 0},
    {.bitmap_index = 32990, .adv_w = 139, .box_w = 9, .box_h = 13, .ofs_x = 0, .ofs_y = 0},
    {.bitmap_index = 33049, .adv_w = 170, .box_w = 11, .box_h = 15, .ofs_x = 0, .ofs_y = 0},
    {.bitmap_index = 33132, .adv_w = 139, .box_w = 9, .box_h = 13, .ofs_x = 0, .ofs_y = 0},
    {.bitmap_index = 33191, .adv_w = 170, .box_w = 11, .box_h = 15, .ofs_x = 0, .ofs_y = 0},
    {.bitmap_index = 33274, .adv_w = 139, .box_w = 9, .box_h = 13, .ofs_x = 0, .ofs_y = 0},
    {.bitmap_index = 33333, .adv_w = 170, .box_w = 11, .box_h = 15, .ofs_x = 0, .ofs_y = 0},
    {.bitmap_index = 33416, .adv_w = 139, .box_w = 9, .box_h = 13, .ofs_x = 0, .ofs_y = 0},
    {.bitmap_index = 33475, .adv_w = 170, .box_w = 11, .box_h = 16, .ofs_x = 0, .ofs_y = -2},
    {.bitmap_index = 33563, .adv_w = 139, .box_w = 9, .box_h = 13, .ofs_x = 0, .ofs_y = -2},
    {.bitmap_index = 33622, .adv_w = 170, .box_w = 11, .box_h = 15, .ofs_x = 0, .ofs_y = 0},
    {.bitmap_index = 33705, .adv_w = 139, .box_w = 9, .box_h = 13, .ofs_x = 0, .ofs_y = 0},
    {.bitmap_index = 33764, .adv_w = 170, .box_w = 11, .box_h = 15, .ofs_x = 0, .ofs_y = 0},
    {.bitmap_index = 33847, .adv_w = 139, .box_w = 9, .box_h = 13, .ofs_x = 0, .ofs_y = 0},
    {.bitmap_index = 33906, .adv_w = 170, .box_w = 11, .box_h = 16, .ofs_x = 0, .ofs_y = 0},
    {.bitmap_index = 33994, .adv_w = 139, .box_w = 9, .box_h = 14, .ofs_x = 0, .ofs_y = 0},
    {.bitmap_index = 34057, .adv_w = 170, .box_w = 11, .box_h = 16, .ofs_x = 0, .ofs_y = 0},
    {.bitmap_index = 34145, .adv_w = 139, .box_w = 9, .box_h = 13, .ofs_x = 0, .ofs_y = 0},
    {.bitmap_index = 34204, .adv_w = 170, .box_w = 11, .box_h = 16, .ofs_x = 0, .ofs_y = -2},
    {.bitmap_index = 34292, .adv_w = 139, .box_w = 9, .box_h = 13, .ofs_x = 0, .ofs_y = -2},
    {.bitmap_index = 34351, .adv_w = 148, .box_w = 8, .box_h = 12, .ofs_x = 1, .ofs_y = -2},
    {.bitmap_index = 34399, .adv_w = 142, .box_w = 9, .box_h = 10, .ofs_x = 0, .ofs_y = -2},
    {.bitmap_index = 34444, .adv_w = 148, .box_w = 8, .box_h = 14, .ofs_x = 1, .ofs_y = 0},
    {.bitmap_index = 34500, .adv_w = 142, .box_w = 9, .box_h = 11, .ofs_x = 0, .ofs_y = 0},
    {.bitmap_index = 34550, .adv_w = 148, .box_w = 8, .box_h = 13, .ofs_x = 1, .ofs_y = 0},
    {.bitmap_index = 34602, .adv_w = 142, .box_w = 9, .box_h = 10, .ofs_x = 0, .ofs_y = 0},
    {.bitmap_index = 34647, .adv_w = 148, .box_w = 8, .box_h = 15, .ofs_x = 1, .ofs_y = 0},
    {.bitmap_index = 34707, .adv_w = 142, .box_w = 9, .box_h = 13, .ofs_x = 0, .ofs_y = 0},
    {.bitmap_index = 34766, .adv_w = 148, .box_w = 8, .box_h = 15, .ofs_x = 1, .ofs_y = 0},
    {.bitmap_index = 34826, .adv_w = 142, .box_w = 9, .box_h = 13, .ofs_x = 0, .ofs_y = 0},
    {.bitmap_index = 34885, .adv_w = 148, .box_w = 8, .box_h = 15, .ofs_x = 1, .ofs_y = 0},
    {.bitmap_index = 34945, .adv_w = 142, .box_w = 9, .box_h = 13, .ofs_x = 0, .ofs_y = 0},
    {.bitmap_index = 35004, .adv_w = 148, .box_w = 8, .box_h = 15, .ofs_x = 1, .ofs_y = 0},
    {.bitmap_index = 35064, .adv_w = 142, .box_w = 9, .box_h = 13, .ofs_x = 0, .ofs_y = 0},
    {.bitmap_index = 35123, .adv_w = 148, .box_w = 8, .box_h = 16, .ofs_x = 1, .ofs_y = -2},
    {.bitmap_index = 35187, .adv_w = 142, .box_w = 9, .box_h = 13, .ofs_x = 0, .ofs_y = -2},
    {.bitmap_index = 35246, .adv_w = 70, .box_w = 4, .box_h = 14, .ofs_x = 0, .ofs_y = 0},
    {.bitmap_index = 35274, .adv_w = 65, .box_w = 4, .box_h = 11, .ofs_x = 0, .ofs_y = 0},
    {.bitmap_index = 35296, .adv_w = 70, .box_w = 3, .box_h = 12, .ofs_x = 1, .ofs_y = -2},
    {.bitmap_index = 35314, .adv_w = 65, .box_w = 3, .box_h = 12, .ofs_x = 1, .ofs_y = -2},
    {.bitmap_index = 35332, .adv_w = 183, .box_w = 11, .box_h = 12, .ofs_x = 0, .ofs_y = -2},
    {.bitmap_index = 35398, .adv_w = 145, .box_w = 9, .box_h = 10, .ofs_x = 0, .ofs_y = -2},
    {.bitmap_index = 35443, .adv_w = 183, .box_w = 11, .box_h = 14, .ofs_x = 0, .ofs_y = 0},
    {.bitmap_index = 35520, .adv_w = 145, .box_w = 9, .box_h = 11, .ofs_x = 0, .ofs_y = 0},
    {.bitmap_index = 35570, .adv_w = 183, .box_w = 11, .box_h = 15, .ofs_x = 0, .ofs_y = 0},
    {.bitmap_index = 35653, .adv_w = 145, .box_w = 9, .box_h = 13, .ofs_x = 0, .ofs_y = 0},
    {.bitmap_index = 35712, .adv_w = 183, .box_w = 11, .box_h = 15, .ofs_x = 0, .ofs_y = 0},
    {.bitmap_index = 35795, .adv_w = 145, .box_w = 9, .box_h = 13, .ofs_x = 0, .ofs_y = 0},
    {.bitmap_index = 35854, .adv_w = 183, .box_w = 11, .box_h = 15, .ofs_x = 0, .ofs_y = 0},
    {.bitmap_index = 35937, .adv_w = 145, .box_w = 9, .box_h = 13, .ofs_x = 0, .ofs_y = 0},
    {.bitmap_index = 35996, .adv_w = 183, .box_w = 11, .box_h = 16, .ofs_x = 0, .ofs_y = 0},
    {.bitmap_index = 36084, .adv_w = 145, .box_w = 9, .box_h = 13, .ofs_x = 0, .ofs_y = 0},
    {.bitmap_index = 36143, .adv_w = 183, .box_w = 11, .box_h = 16, .ofs_x = 0, .ofs_y = -2},
    {.bitmap_index = 36231, .adv_w = 145, .box_w = 9, .box_h = 13, .ofs_x = 0, .ofs_y = -2},
    {.bitmap_index = 36290, .adv_w = 183, .box_w = 11, .box_h = 14, .ofs_x = 0, .ofs_y = 0},
    {.bitmap_index = 36367, .adv_w = 145, .box_w = 9, .box_h = 11, .ofs_x = 0, .ofs_y = 0},
    {.bitmap_index = 36417, .adv_w = 183, .box_w = 11, .box_h = 14, .ofs_x = 0, .ofs_y = 0},
    {.bitmap_index = 36494, .adv_w = 145, .box_w = 9, .box_h = 11, .ofs_x = 0, .ofs_y = 0},
    {.bitmap_index = 36544, .adv_w = 183, .box_w = 11, .box_h = 14, .ofs_x = 0, .ofs_y = 0},
    {.bitmap_index = 36621, .adv_w = 145, .box_w = 9, .box_h = 11, .ofs_x = 0, .ofs_y = 0},
    {.bitmap_index = 36671, .adv_w = 183, .box_w = 11, .box_h = 14, .ofs_x = 0, .ofs_y = 0},
    {.bitmap_index = 36748, .adv_w = 145, .box_w = 9, .box_h = 10, .ofs_x = 0, .ofs_y = 0},
    {.bitmap_index = 36793, .adv_w = 183, .box_w = 11, .box_h = 15, .ofs_x = 0, .ofs_y = -2},
    {.bitmap_index = 36876, .adv_w = 145, .box_w = 9, .box_h = 12, .ofs_x = 0, .ofs_y = -2},
    {.bitmap_index = 36930, .adv_w = 168, .box_w = 10, .box_h = 12, .ofs_x = 0, .ofs_y = -2},
    {.bitmap_index = 36990, .adv_w = 143, .box_w = 7, .box_h = 10, .ofs_x = 1, .ofs_y = -2},
    {.bitmap_index = 37025, .adv_w = 168, .box_w = 10, .box_h = 14, .ofs_x = 0, .ofs_y = 0},
    {.bitmap_index = 37095, .adv_w = 143, .box_w = 7, .box_h = 11, .ofs_x = 1, .ofs_y = 0},
    {.bitmap_index = 37134, .adv_w = 168, .box_w = 11, .box_h = 14, .ofs_x = 0, .ofs_y = 0},
    {.bitmap_index = 37211, .adv_w = 145, .box_w = 9, .box_h = 11, .ofs_x = 1, .ofs_y = 0},
    {.bitmap_index = 37261, .adv_w = 168, .box_w = 11, .box_h = 14, .ofs_x = 0, .ofs_y = 0},
    {.bitmap_index = 37338, .adv_w = 145, .box_w = 9, .box_h = 11, .ofs_x = 1, .ofs_y = 0},
    {.bitmap_index = 37388, .adv_w = 168, .box_w = 11, .box_h = 14, .ofs_x = 0, .ofs_y = 0},
    {.bitmap_index = 37465, .adv_w = 145, .box_w = 9, .box_h = 11, .ofs_x = 1, .ofs_y = 0},
    {.bitmap_index = 37515, .adv_w = 168, .box_w = 11, .box_h = 14, .ofs_x = 0, .ofs_y = 0},
    {.bitmap_index = 37592, .adv_w = 145, .box_w = 9, .box_h = 10, .ofs_x = 1, .ofs_y = 0},
    {.bitmap_index = 37637, .adv_w = 168, .box_w = 11, .box_h = 15, .ofs_x = 0, .ofs_y = -2},
    {.bitmap_index = 37720, .adv_w = 145, .box_w = 9, .box_h = 12, .ofs_x = 1, .ofs_y = -2},
    {.bitmap_index = 37774, .adv_w = 147, .box_w = 11, .box_h = 14, .ofs_x = -1, .ofs_y = 0},
    {.bitmap_index = 37851, .adv_w = 137, .box_w = 9, .box_h = 13, .ofs_x = 0, .ofs_y = -2},
    {.bitmap_index = 37910, .adv_w = 147, .box_w = 11, .box_h = 12, .ofs_x = -1, .ofs_y = -2},
    {.bitmap_index = 37976, .adv_w = 137, .box_w = 9, .box_h = 10, .ofs_x = 0, .ofs_y = -2},
    {.bitmap_index = 38021, .adv_w = 147, .box_w = 11, .box_h = 14, .ofs_x = -1, .ofs_y = 0},
    {.bitmap_index = 38098, .adv_w = 137, .box_w = 9, .box_h = 13, .ofs_x = 0, .ofs_y = -2},
    {.bitmap_index = 38157, .adv_w = 147, .box_w = 11, .box_h = 13, .ofs_x = -1, .ofs_y = 0},
    {.bitmap_index = 38229, .adv_w = 137, .box_w = 9, .box_h = 12, .ofs_x = 0, .ofs_y = -2},
    {.bitmap_index = 38283, .adv_w = 143, .box_w = 9, .box_h = 2, .ofs_x = 0, .ofs_y = 3},
    {.bitmap_index = 38292, .adv_w = 218, .box_w = 14, .box_h = 2, .ofs_x = 0, .ofs_y = 3},
    {.bitmap_index = 38306, .adv_w = 135, .box_w = 9, .box_h = 2, .ofs_x = 0, .ofs_y = 3},
    {.bitmap_index = 38315, .adv_w = 103, .box_w = 5, .box_h = 12, .ofs_x = 1, .ofs_y = -1},
    {.bitmap_index = 38345, .adv_w = 120, .box_w = 9, .box_h = 2, .ofs_x = -1, .ofs_y = -3},
    {.bitmap_index = 38354, .adv_w = 56, .box_w = 3, .box_h = 5, .ofs_x = 0, .ofs_y = 5},
    {.bitmap_index = 38362, .adv_w = 56, .box_w = 3, .box_h = 5, .ofs_x = 0, .ofs_y = 5},
    {.bitmap_index = 38370, .adv_w = 54, .box_w = 3, .box_h = 5, .ofs_x = 0, .ofs_y = -2},
    {.bitmap_index = 38378, .adv_w = 53, .box_w = 3, .box_h = 4, .ofs_x = 0, .ofs_y = 7},
    {.bitmap_index = 38384, .adv_w = 103, .box_w = 6, .box_h = 5, .ofs_x = 0, .ofs_y = 5},
    {.bitmap_index = 38399, .adv_w = 103, .box_w = 6, .box_h = 5, .ofs_x = 0, .ofs_y = 5},
    {.bitmap_index = 38414, .adv_w = 102, .box_w = 6, .box_h = 5, .ofs_x = 0, .ofs_y = -2},
    {.bitmap_index = 38429, .adv_w = 80, .box_w = 5, .box_h = 4, .ofs_x = 0, .ofs_y = 7},
    {.bitmap_index = 38439, .adv_w = 141, .box_w = 7, .box_h = 10, .ofs_x = 1, .ofs_y = 0},
    {.bitmap_index = 38474, .adv_w = 141, .box_w = 7, .box_h = 10, .ofs_x = 1, .ofs_y = 0},
    {.bitmap_index = 38509, .adv_w = 83, .box_w = 5, .box_h = 4, .ofs_x = 0, .ofs_y = 3},
    {.bitmap_index = 38519, .adv_w = 84, .box_w = 5, .box_h = 6, .ofs_x = 0, .ofs_y = 2},
    {.bitmap_index = 38534, .adv_w = 67, .box_w = 2, .box_h = 2, .ofs_x = 1, .ofs_y = 0},
    {.bitmap_index = 38536, .adv_w = 133, .box_w = 6, .box_h = 2, .ofs_x = 1, .ofs_y = 0},
    {.bitmap_index = 38542, .adv_w = 157, .box_w = 10, .box_h = 3, .ofs_x = 0, .ofs_y = 0},
    {.bitmap_index = 38557, .adv_w = 87, .box_w = 5, .box_h = 6, .ofs_x = 0, .ofs_y = 1},
    {.bitmap_index = 38572, .adv_w = 181, .box_w = 11, .box_h = 12, .ofs_x = 0, .ofs_y = -1},
    {.bitmap_index = 38638, .adv_w = 137, .box_w = 9, .box_h = 11, .ofs_x = 0, .ofs_y = -1}
};

/*---------------------
 *  CHARACTER MAPPING
 *--------------------*/

static const uint16_t unicode_list_9[] = {
    0x0, 0x6d9, 0x6dd
};

/*Collect the unicode lists and glyph_id offsets*/
static const lv_font_fmt_txt_cmap_t cmaps[] =
{
    {
        .range_start = 32, .range_length = 95, .glyph_id_start = 1,
        .unicode_list = NULL, .glyph_id_ofs_list = NULL, .list_length = 0, .type = LV_FONT_FMT_TXT_CMAP_FORMAT0_TINY
    },
    {
        .range_start = 160, .range_length = 86, .glyph_id_start = 96,
        .unicode_list = NULL, .glyph_id_ofs_list = NULL, .list_length = 0, .type = LV_FONT_FMT_TXT_CMAP_FORMAT0_TINY
    },
    {
        .range_start = 246, .range_length = 256, .glyph_id_start = 182,
        .unicode_list = NULL, .glyph_id_ofs_list = NULL, .list_length = 0, .type = LV_FONT_FMT_TXT_CMAP_FORMAT0_TINY
    },
    {
        .range_start = 506, .range_length = 34, .glyph_id_start = 438,
        .unicode_list = NULL, .glyph_id_ofs_list = NULL, .list_length = 0, .type = LV_FONT_FMT_TXT_CMAP_FORMAT0_TINY
    },
    {
        .range_start = 567, .range_length = 1, .glyph_id_start = 472,
        .unicode_list = NULL, .glyph_id_ofs_list = NULL, .list_length = 0, .type = LV_FONT_FMT_TXT_CMAP_FORMAT0_TINY
    },
    {
        .range_start = 7680, .range_length = 156, .glyph_id_start = 473,
        .unicode_list = NULL, .glyph_id_ofs_list = NULL, .list_length = 0, .type = LV_FONT_FMT_TXT_CMAP_FORMAT0_TINY
    },
    {
        .range_start = 7838, .range_length = 1, .glyph_id_start = 629,
        .unicode_list = NULL, .glyph_id_ofs_list = NULL, .list_length = 0, .type = LV_FONT_FMT_TXT_CMAP_FORMAT0_TINY
    },
    {
        .range_start = 7840, .range_length = 90, .glyph_id_start = 630,
        .unicode_list = NULL, .glyph_id_ofs_list = NULL, .list_length = 0, .type = LV_FONT_FMT_TXT_CMAP_FORMAT0_TINY
    },
    {
        .range_start = 8211, .range_length = 20, .glyph_id_start = 720,
        .unicode_list = NULL, .glyph_id_ofs_list = NULL, .list_length = 0, .type = LV_FONT_FMT_TXT_CMAP_FORMAT0_TINY
    },
    {
        .range_start = 8250, .range_length = 1758, .glyph_id_start = 740,
        .unicode_list = unicode_list_9, .glyph_id_ofs_list = NULL, .list_length = 3, .type = LV_FONT_FMT_TXT_CMAP_SPARSE_TINY
    }
};

/*-----------------
 *    KERNING
 *----------------*/


/*Map glyph_ids to kern left classes*/
static const uint8_t kern_left_class_mapping[] =
{
    0, 0, 0, 1, 0, 0, 0, 2,
    1, 3, 0, 4, 5, 6, 7, 6,
    8, 9, 10, 11, 12, 13, 14, 15,
    16, 17, 9, 18, 18, 5, 5, 5,
    0, 0, 19, 20, 21, 22, 23, 24,
    25, 26, 26, 27, 28, 29, 26, 26,
    22, 30, 22, 31, 22, 32, 27, 33,
    33, 28, 34, 35, 36, 37, 0, 5,
    0, 0, 38, 39, 39, 26, 39, 40,
    41, 42, 26, 26, 43, 38, 42, 42,
    39, 39, 41, 44, 39, 45, 41, 46,
    46, 47, 46, 48, 49, 0, 0, 5,
    0, 50, 51, 0, 0, 10, 0, 0,
    0, 52, 53, 54, 5, 0, 0, 0,
    0, 5, 0, 0, 0, 0, 0, 0,
    0, 0, 53, 55, 0, 0, 0, 56,
    19, 19, 19, 19, 19, 19, 23, 21,
    23, 23, 23, 23, 26, 26, 26, 26,
    51, 26, 22, 22, 22, 22, 22, 5,
    22, 27, 27, 27, 27, 34, 22, 0,
    38, 38, 38, 38, 38, 38, 39, 39,
    39, 39, 39, 39, 26, 26, 26, 26,
    39, 42, 39, 39, 39, 39, 39, 5,
    39, 41, 41, 41, 41, 46, 39, 46,
    19, 38, 19, 38, 19, 38, 21, 39,
    21, 39, 21, 39, 21, 39, 51, 57,
    22, 0, 23, 39, 0, 0, 23, 39,
    23, 39, 23, 39, 25, 41, 25, 41,
    25, 41, 25, 41, 26, 42, 26, 42,
    26, 26, 26, 26, 0, 0, 26, 26,
    26, 26, 27, 26, 27, 26, 28, 47,
    0, 29, 38, 29, 38, 58, 57, 0,
    0, 29, 38, 26, 42, 26, 42, 26,
    42, 0, 26, 42, 22, 39, 0, 0,
    22, 39, 23, 39, 31, 44, 31, 44,
    31, 44, 22, 39, 22, 39, 22, 39,
    22, 39, 32, 45, 32, 57, 32, 45,
    27, 41, 27, 41, 27, 41, 27, 41,
    27, 41, 27, 41, 33, 46, 34, 46,
    34, 35, 48, 35, 48, 35, 48, 0,
    0, 0, 0, 0, 0, 0, 0, 0,
    0, 0, 0, 0, 0, 0, 0, 22,
    0, 0, 40, 0, 0, 0, 0, 0,
    0, 0, 0, 0, 0, 0, 0, 0,
    22, 39, 0, 0, 0, 0, 0, 0,
    0, 0, 0, 0, 0, 0, 0, 59,
    41, 0, 0, 0, 0, 0, 0, 0,
    0, 0, 0, 0, 0, 0, 0, 0,
    0, 0, 0, 0, 0, 0, 0, 0,
    0, 0, 0, 0, 0, 19, 38, 0,
    0, 0, 0, 0, 0, 0, 0, 0,
    0, 0, 0, 0, 0, 0, 0, 0,
    0, 0, 0, 0, 25, 41, 25, 41,
    28, 47, 0, 0, 0, 0, 0, 0,
    0, 0, 0, 0, 0, 0, 0, 0,
    0, 0, 0, 0, 0, 0, 0, 0,
    0, 0, 0, 0, 0, 0, 0, 0,
    0, 0, 0, 0, 0, 0, 0, 0,
    0, 0, 0, 0, 22, 39, 32, 45,
    26, 0, 0, 0, 0, 0, 0, 0,
    0, 0, 0, 0, 0, 0, 0, 0,
    0, 0, 0, 0, 0, 0, 0, 0,
    0, 0, 0, 0, 0, 0, 0, 0,
    0, 25, 41, 0, 0, 0, 0, 0,
    0, 0, 0, 0, 0, 0, 0, 0,
    0, 0, 0, 0, 0, 0, 0, 0,
    0, 0, 0, 0, 0, 0, 0, 0,
    0, 0, 0, 0, 0, 0, 0, 0,
    0, 0, 0, 0, 0, 0, 0, 0,
    0, 0, 0, 0, 0, 0, 0, 0,
    0, 0, 0, 0, 0, 0, 0, 0,
    0, 0, 0, 0, 0, 0, 0, 0,
    0, 0, 0, 0, 0, 0, 0, 0,
    0, 0, 0, 0, 0, 0, 0, 0,
    0, 0, 0, 0, 0, 0, 0, 0,
    0, 33, 46, 33, 46, 33, 46, 0,
    0, 0, 0, 0, 0, 0, 0, 0,
    0, 0, 0, 0, 0, 0, 0, 0,
    0, 0, 0, 0, 0, 20, 19, 38,
    19, 38, 19, 38, 19, 38, 19, 38,
    19, 38, 19, 38, 19, 38, 19, 38,
    19, 38, 19, 38, 19, 38, 23, 39,
    23, 39, 23, 39, 23, 39, 23, 39,
    23, 39, 23, 39, 23, 39, 23, 26,
    26, 26, 22, 39, 22, 39, 22, 39,
    22, 39, 22, 39, 22, 39, 22, 39,
    22, 39, 22, 39, 22, 39, 22, 39,
    22, 39, 27, 41, 27, 41, 59, 41,
    59, 41, 59, 41, 59, 41, 59, 41,
    34, 46, 34, 46, 34, 46, 34, 46,
    0, 0, 0, 0, 0, 60, 61, 6,
    0, 60, 61, 6, 0, 0, 0, 0,
    0, 0, 0, 6, 62, 0, 0
};

/*Map glyph_ids to kern right classes*/
static const uint8_t kern_right_class_mapping[] =
{
    0, 0, 1, 2, 0, 0, 3, 4,
    2, 0, 5, 6, 7, 8, 9, 8,
    10, 11, 12, 13, 14, 15, 16, 11,
    17, 18, 19, 20, 20, 7, 7, 7,
    21, 0, 22, 23, 24, 23, 25, 23,
    24, 23, 23, 26, 27, 27, 23, 28,
    24, 23, 24, 23, 24, 29, 30, 31,
    31, 32, 33, 34, 0, 35, 36, 7,
    0, 0, 37, 23, 38, 38, 38, 39,
    38, 23, 23, 40, 23, 41, 42, 42,
    38, 42, 38, 42, 38, 43, 44, 45,
    45, 46, 45, 47, 0, 0, 48, 7,
    0, 0, 0, 0, 0, 49, 0, 0,
    0, 50, 51, 52, 7, 0, 0, 0,
    0, 7, 0, 0, 0, 0, 0, 0,
    0, 0, 51, 53, 0, 0, 0, 54,
    22, 22, 22, 22, 22, 22, 22, 24,
    23, 23, 23, 23, 23, 23, 23, 23,
    24, 23, 24, 24, 24, 24, 24, 7,
    24, 30, 30, 30, 30, 33, 23, 23,
    37, 37, 37, 37, 37, 37, 37, 38,
    38, 38, 38, 38, 23, 23, 23, 23,
    38, 42, 38, 38, 38, 38, 38, 7,
    38, 44, 44, 44, 44, 45, 23, 45,
    22, 37, 22, 37, 22, 37, 24, 38,
    24, 38, 24, 38, 24, 38, 23, 38,
    23, 38, 23, 38, 0, 0, 23, 38,
    23, 38, 23, 38, 24, 38, 24, 38,
    24, 38, 24, 38, 23, 23, 23, 23,
    23, 23, 23, 23, 0, 0, 23, 23,
    23, 23, 23, 23, 26, 40, 27, 23,
    0, 27, 41, 23, 41, 27, 41, 0,
    0, 55, 41, 23, 42, 23, 42, 23,
    42, 0, 23, 42, 24, 38, 0, 0,
    24, 38, 24, 38, 23, 42, 23, 42,
    23, 42, 24, 38, 24, 38, 24, 38,
    24, 38, 29, 56, 29, 56, 29, 56,
    30, 44, 30, 44, 30, 44, 30, 44,
    30, 44, 30, 44, 31, 45, 33, 45,
    33, 34, 47, 34, 47, 34, 47, 0,
    0, 0, 0, 0, 0, 0, 0, 0,
    0, 0, 0, 0, 0, 0, 0, 24,
    0, 0, 39, 0, 0, 0, 0, 0,
    0, 0, 0, 0, 0, 0, 0, 0,
    24, 38, 0, 0, 0, 0, 0, 0,
    0, 0, 0, 0, 0, 0, 0, 30,
    44, 0, 0, 0, 0, 0, 0, 0,
    0, 0, 0, 0, 0, 0, 0, 0,
    0, 0, 0, 0, 0, 0, 0, 0,
    0, 0, 0, 0, 0, 22, 37, 0,
    0, 0, 0, 0, 0, 0, 0, 0,
    0, 0, 0, 0, 0, 0, 0, 0,
    0, 0, 0, 0, 24, 38, 24, 38,
    27, 23, 0, 0, 0, 0, 0, 0,
    0, 0, 0, 0, 0, 0, 0, 0,
    0, 0, 0, 0, 0, 0, 0, 0,
    0, 0, 0, 0, 0, 0, 0, 0,
    0, 0, 0, 0, 0, 0, 0, 0,
    0, 0, 0, 0, 24, 38, 29, 56,
    40, 0, 0, 0, 0, 0, 0, 0,
    0, 0, 0, 0, 0, 0, 0, 0,
    0, 0, 0, 0, 0, 0, 0, 0,
    0, 0, 0, 0, 0, 0, 0, 0,
    0, 24, 38, 0, 0, 0, 0, 0,
    0, 0, 0, 0, 0, 0, 0, 0,
    0, 0, 0, 0, 0, 0, 0, 0,
    0, 0, 0, 0, 0, 0, 0, 0,
    0, 0, 0, 0, 0, 0, 0, 0,
    0, 0, 0, 0, 0, 0, 0, 0,
    0, 0, 0, 0, 0, 0, 0, 0,
    0, 0, 0, 0, 0, 0, 0, 0,
    0, 0, 0, 0, 0, 0, 0, 0,
    0, 0, 0, 0, 0, 0, 0, 0,
    0, 0, 0, 0, 0, 0, 0, 0,
    0, 0, 0, 0, 0, 0, 0, 0,
    0, 31, 45, 31, 45, 31, 45, 0,
    0, 0, 0, 0, 0, 0, 0, 0,
    0, 0, 0, 0, 0, 0, 0, 0,
    0, 0, 0, 0, 0, 23, 22, 37,
    22, 37, 22, 37, 22, 37, 22, 37,
    22, 37, 22, 37, 22, 37, 22, 37,
    22, 37, 22, 37, 22, 37, 23, 38,
    23, 38, 23, 38, 23, 38, 23, 38,
    23, 38, 23, 38, 23, 38, 23, 23,
    23, 23, 24, 38, 24, 38, 24, 38,
    24, 38, 24, 38, 24, 38, 24, 38,
    24, 38, 24, 38, 24, 38, 24, 38,
    24, 38, 30, 44, 30, 44, 30, 44,
    30, 44, 30, 44, 30, 44, 30, 44,
    33, 45, 33, 45, 33, 45, 33, 45,
    0, 0, 0, 0, 0, 57, 58, 8,
    0, 57, 59, 8, 0, 0, 0, 0,
    0, 0, 0, 8, 53, 0, 0
};

/*Kern values between classes*/
static const int8_t kern_class_values[] =
{
    0, 0, 0, 0, 0, 0, 0, 0,
    0, -12, 0, 0, 0, 0, -7, 0,
    2, 0, 0, 0, 0, 0, 0, 0,
    0, 0, 0, 0, 0, 0, 0, 0,
    0, 0, 0, 0, 0, 0, 0, 0,
    0, 0, 0, 0, 0, 0, 0, 0,
    0, 0, 0, 0, 0, -10, 0, 0,
    0, 0, 0, 0, 0, 0, 0, 0,
    0, 0, 0, 0, 0, 0, 0, 0,
    0, 0, 0, -12, 0, 0, 0, 0,
    0, 0, 0, 0, 0, 0, 0, 0,
    0, 0, 0, 0, 0, -8, 0, 0,
    0, 0, 0, 0, 0, 0, 0, 0,
    0, 0, 0, 0, 0, 0, 0, 0,
    0, 0, 0, 0, 0, 0, 0, 0,
    0, 0, 0, 0, 0, 0, 0, 0,
    0, 0, -1, -2, -7, 0, 0, -2,
    0, 0, 0, 0, 0, 0, 0, 0,
    0, 0, 0, 0, 0, 0, 0, 0,
    0, 0, 0, 0, 0, 0, 0, 0,
    0, 0, 0, 0, 0, 0, 0, -4,
    0, 0, 0, 0, 0, 0, 0, 0,
    0, 0, 0, 0, 0, 0, 0, 0,
    -10, 0, -18, 0, 0, 0, 0, 0,
    0, 3, 0, 0, 0, 0, 0, 0,
    0, 0, 0, 0, 0, 0, 0, 0,
    0, 0, 0, 0, 0, 0, 0, 0,
    0, 0, 0, 0, 0, 0, 0, 0,
    0, 0, 0, 0, 0, 0, 0, 0,
    0, 0, 0, 0, 0, 0, 0, 0,
    0, 0, 0, 0, 0, 0, 0, 0,
    0, 0, 0, 0, -5, 0, 0, 0,
    0, 0, 0, 0, 0, 0, 0, 0,
    0, 0, 0, 0, 0, 0, 0, 0,
    0, 0, 0, 0, 0, 0, 0, 0,
    0, 0, 0, 0, 0, 0, 0, 0,
    0, 0, 0, 0, 0, 0, 0, 0,
    0, 0, 0, 0, -10, 0, 0, 0,
    0, 0, -17, 0, 0, 0, 0, -14,
    0, 0, 0, 0, 0, 0, 0, 0,
    0, 0, 0, 0, 0, 0, 0, 0,
    0, -18, 0, 0, 0, 0, 0, 0,
    0, 0, 0, 0, 0, 0, 0, 0,
    -5, 0, 0, 0, 0, 0, 0, 0,
    0, 0, 0, 0, 0, 0, 0, 0,
    0, 0, 0, 0, 0, -5, 0, 0,
    2, 0, -10, 0, 0, 0, 0, 0,
    0, 0, 0, 0, 0, 0, 0, 0,
    0, 0, 0, 0, 0, 0, 0, 0,
    0, 0, 0, 0, 0, 0, 0, 0,
    0, 0, 0, 0, 0, 0, 0, 0,
    0, 0, 0, 0, 0, -8, 0, 0,
    -4, 0, 0, 0, -18, 0, -27, -5,
    -5, -10, -10, -17, -2, 1, -5, -5,
    -8, -8, 0, 0, 0, 0, 0, 0,
    0, 0, 0, 0, 0, 0, 0, -2,
    0, 0, 0, 0, 0, 0, 0, 0,
    0, 0, 0, 0, 0, -4, -10, 0,
    -13, -7, 0, 0, 0, 0, 0, 0,
    0, 0, 0, 0, 0, 0, 0, 0,
    0, 0, 2, -2, 0, 0, -1, 0,
    -10, 0, 0, 0, 0, 0, 0, 0,
    0, 0, 0, 0, 0, 0, 0, 0,
    0, 0, 0, 0, 0, 0, 0, 0,
    0, 0, 0, 0, 0, 0, 0, 0,
    0, 0, 0, 0, 0, 0, 0, 0,
    0, 0, 0, 0, 0, 0, 0, 0,
    0, 0, 0, -2, -5, -3, -10, -2,
    0, -5, 0, -6, -5, 0, 0, 0,
    0, 0, 0, 0, 0, 0, 0, 0,
    0, 0, 0, 0, 0, 0, 0, 0,
    0, 0, 0, 0, 0, 0, 0, 0,
    0, 0, 0, -3, -3, 0, 0, 0,
    0, 0, 0, -5, -5, -5, 0, 0,
    0, 0, 0, 0, 0, 0, -7, -2,
    0, -2, 0, -5, -8, 0, -6, 0,
    0, 0, 0, 0, 0, 0, 0, 0,
    0, 0, 0, 0, 0, 0, 0, 0,
    0, 0, 0, 0, 0, 0, 0, 0,
    0, 0, 0, 0, 0, 0, 0, -3,
    0, 0, 0, 0, 0, 0, 0, 0,
    0, 0, 0, 0, 0, -2, 0, 0,
    0, 0, -9, 0, 0, 0, 0, 0,
    0, -5, 0, 0, 0, 0, 0, 0,
    0, 0, 0, 0, 0, 0, 0, 0,
    0, 0, 0, 0, 0, 0, 0, 0,
    0, 0, 0, 0, 0, 0, 0, 0,
    0, 0, 0, 0, 0, 0, 0, 0,
    0, 0, 0, 0, 0, -2, -5, 0,
    0, 0, 0, 0, -2, 0, -2, -5,
    0, -5, 0, 0, -7, 0, 0, -5,
    0, 0, 0, 0, 0, 0, 0, 0,
    0, 0, 0, 0, 0, 0, 0, 0,
    0, 0, 0, 0, 0, 0, 0, 0,
    0, 0, 0, 0, 0, 0, 0, 0,
    0, 0, 0, 0, 0, 0, 0, 0,
    0, 0, 0, -3, 0, 0, 0, 0,
    -5, -5, 0, -2, 0, 0, 0, -12,
    0, 0, 0, 0, 0, 0, 0, 0,
    0, 0, 0, 0, 0, 0, 0, 0,
    0, 0, 0, 0, 0, 0, 0, 0,
    0, 0, 0, 0, 0, 0, 0, 0,
    0, 0, 0, 0, 0, 0, 0, 0,
    0, 0, 0, 0, 0, 0, 0, 0,
    0, 0, 0, -6, 0, -5, -3, 0,
    0, 0, -9, 0, 0, 0, 0, 0,
    0, 0, 0, 0, 0, 0, 0, 0,
    0, 0, 0, 0, 0, 0, 0, 0,
    0, 0, 0, 0, 0, 0, 0, 0,
    0, 0, 0, 0, 0, 0, 0, 0,
    0, 0, 0, 0, 0, 0, 0, 3,
    0, 0, 0, 0, -22, -8, -12, 0,
    2, -2, 0, -12, 0, 5, -2, 0,
    -5, 0, 0, 0, 0, 0, 0, 0,
    0, 0, 0, 0, 0, 0, 0, 0,
    7, 0, 0, 0, 0, 0, 0, 0,
    0, 0, 0, 0, 7, 0, -2, 0,
    0, 0, 0, 0, 0, 0, 0, 0,
    0, 0, 0, 0, -2, 0, 0, 0,
    0, 0, 0, -4, 0, 0, 0, 0,
    -5, 0, 0, 0, 0, 0, 0, 0,
    0, 0, 0, 0, 0, 0, 0, 0,
    0, 0, 0, 0, 0, 0, 0, 0,
    0, 0, 0, 0, 0, 0, 0, 0,
    0, 0, 0, 0, 0, 0, 0, 0,
    0, 0, 0, 0, 0, 0, 0, 0,
    0, 0, 0, 0, -5, 0, 0, 0,
    0, -5, 0, -13, 0, 0, 0, 0,
    0, 0, 0, 0, 0, 0, 0, 0,
    0, 0, 0, 0, 0, -8, 0, 0,
    0, 0, 0, 0, 0, 0, 0, 0,
    0, 0, 0, 0, -2, 0, 0, 0,
    0, 0, 0, 0, 0, 0, -2, -12,
    0, 0, 0, -18, 0, 0, 0, 0,
    0, 0, 0, -9, 0, 0, -23, 0,
    0, -5, -13, 0, -6, -9, -6, -7,
    -4, -6, -23, -5, -27, 0, -19, -2,
    -27, 0, 0, -6, -11, 0, -6, -5,
    -16, -5, -15, -7, -3, 0, -4, -9,
    -18, 0, 0, 0, 0, -16, 0, 0,
    0, 0, 0, 0, 0, 0, 0, 0,
    0, 0, -6, 0, 0, 0, 0, 0,
    0, -9, 0, 0, -5, -6, -6, -2,
    -2, -3, 0, 0, -2, -9, 0, -9,
    0, -12, 0, -9, 0, -2, -1, -5,
    -4, -4, -2, -5, -3, -9, -11, -6,
    0, 0, -2, 0, 0, 0, 0, 0,
    0, 0, 0, 0, 0, 0, 0, 0,
    0, 0, 0, 0, 0, -7, 0, 0,
    0, 0, 0, 0, -4, 0, 0, 0,
    0, -7, -2, 0, -2, 0, -2, -2,
    -4, 0, -6, -5, -6, 0, -6, 0,
    -2, -2, -5, 0, -3, -2, -2, -3,
    -3, -8, -2, 0, -2, 0, 0, 0,
    0, 0, 0, -2, 0, 0, 0, 0,
    0, 0, 0, -4, -2, 0, -5, 0,
    -10, 0, 0, -3, 0, 0, 0, -10,
    0, 0, -2, -5, -10, 2, 0, 2,
    -2, -3, 2, -10, 0, -10, -8, -11,
    -2, -10, 0, 1, 2, -2, -5, 0,
    0, -5, 0, -5, -7, 0, 0, -3,
    0, -2, 0, 0, 0, -1, -5, 0,
    0, 0, 0, 0, 0, 0, 0, 0,
    0, 0, 0, 0, 0, 0, 0, 0,
    0, 0, 0, 0, 0, -2, -5, 0,
    -1, 0, -1, 0, 0, -2, 0, 0,
    3, 0, -5, 0, 3, 0, -3, -4,
    -8, -3, 0, 0, -9, 0, -6, -7,
    -2, 0, 0, 0, 0, 0, 0, 0,
    0, -9, 0, 0, 0, 0, 0, 0,
    0, 0, 0, 0, -19, 0, -20, 0,
    0, 0, 0, 0, 0, 0, 0, 0,
    -7, -4, -20, -4, 0, -4, -14, -6,
    -4, 0, 0, 0, -5, -4, -4, 0,
    0, -6, -6, -2, -8, -5, -6, -8,
    -7, -10, -11, -7, 0, -6, 0, 0,
    0, 0, 0, 0, -8, 0, 0, 0,
    0, 0, 0, 0, 0, 0, 0, 0,
    0, 0, 0, 0, 0, 0, 0, 0,
    -5, 0, 0, 0, 0, 0, 0, 0,
    0, 0, 0, 0, -5, 0, -8, -3,
    -5, 0, -8, 0, 2, 2, -4, 0,
    0, 0, -3, 0, -2, -5, 0, 0,
    0, 0, 0, 0, 0, 0, 0, -3,
    0, 0, 0, 0, 0, 0, 0, 0,
    0, 0, 0, 0, -2, 0, 0, 0,
    0, 0, 0, -8, 0, 0, 0, -2,
    -2, -4, -4, -4, -4, 0, -4, -8,
    4, -6, -2, -5, -1, -6, 0, -2,
    -2, -10, -5, -2, 1, -8, -4, -2,
    -12, -2, 0, 0, -4, 0, 0, 0,
    0, 0, -8, 0, 0, 0, 0, 0,
    0, 0, 0, 0, 0, 0, 0, -5,
    0, 0, 0, 0, 0, 0, 0, 0,
    0, 0, 0, -5, 4, 0, 4, -5,
    0, 4, 0, 1, 0, -5, -4, 0,
    0, 0, 0, -1, -4, -2, 0, 0,
    -4, 0, -5, -7, -5, 0, 0, 0,
    0, 0, 0, 0, 0, -4, 0, 0,
    0, 0, 0, 0, 0, 0, -3, 0,
    0, 0, 0, 0, 0, 0, 0, 0,
    0, -1, 0, 0, -5, -6, 0, -2,
    -10, -2, -7, -4, -2, -1, -5, -2,
    0, 0, -2, -2, 0, -5, -12, -13,
    -2, 0, -4, -12, -7, -8, -8, 0,
    0, -4, -10, -3, 0, 0, 0, 0,
    -12, 0, 0, 0, -4, -22, 0, 0,
    0, -29, 0, -1, 0, -5, 0, 0,
    0, 0, 0, 0, -32, 0, 0, -4,
    -19, -5, -9, -11, -9, -10, -6, -9,
    -32, -10, -35, 0, -38, -4, -35, 0,
    0, -8, -12, -4, -8, 0, -17, -8,
    -19, -11, -5, 0, -6, -11, -29, 0,
    0, 0, 0, -17, 0, 0, 0, -2,
    0, 0, 0, 0, 0, 0, -25, -6,
    -19, 0, 0, 0, 0, 0, 0, 0,
    0, 0, -5, -4, -19, -5, -3, -5,
    -19, 0, -5, 0, 0, -11, -10, -10,
    -6, -11, 0, -5, -7, 0, 0, 0,
    -2, 0, -6, -5, -10, -7, 0, 0,
    -3, 0, 0, 0, 0, 0, 0, 0,
    0, 0, 0, 0, 0, 0, 0, 0,
    0, 0, 0, -2, 0, 0, 0, 0,
    0, 0, -4, 0, 0, -2, -5, -2,
    0, -4, 0, 0, -3, 0, -4, 0,
    -12, 0, -6, 0, -12, 0, -1, -4,
    -6, -4, 0, 0, -7, -2, -6, -7,
    0, 0, -3, -4, 0, 0, 0, 0,
    0, -7, 0, 0, 0, 0, 2, 0,
    -5, 0, 3, 0, -22, -9, -23, 0,
    0, 0, 0, -6, 0, 2, 0, 0,
    -13, -5, -23, -5, -10, -5, -29, -8,
    -5, 2, 0, -2, -1, 2, 0, -2,
    5, -17, -19, -9, -12, -4, -11, -8,
    -14, -9, -12, -11, 0, -8, -10, 3,
    -12, -14, 0, 0, -8, 0, 2, 2,
    -8, 0, 0, -4, 0, 0, 0, -18,
    0, -27, -5, -5, -10, -10, -17, -2,
    1, -5, -5, -8, -8, -27, -6, -10,
    -6, -19, -4, -6, 1, 0, -2, -2,
    0, -3, -2, 0, -13, -12, -12, -13,
    -6, -9, -10, -13, -11, -16, -10, 0,
    -4, -10, 0, -13, -7, 0, 0, -10,
    0, 0, 0, 0, 0, 0, 0, 0,
    0, -5, 0, 0, -19, 0, 0, 0,
    0, 0, 0, 2, 0, 0, 0, 0,
    -19, -5, -11, -5, -31, 0, -5, 2,
    -4, 0, 0, 5, -2, 0, 0, -16,
    -17, -14, -12, -4, -14, -14, -14, -10,
    -14, -18, 0, 0, -11, 0, 0, 0,
    0, -5, -14, 0, 0, 0, 0, 0,
    0, 0, 0, 0, 0, 0, -4, -5,
    0, 0, 0, 0, 0, 0, 0, 0,
    0, 0, -5, -5, -1, -5, -1, -6,
    0, -1, 0, 0, -3, -2, -2, 0,
    -3, 0, -2, -8, -11, -4, -2, -2,
    -7, -4, -8, -10, -5, 0, 0, -5,
    0, 0, 0, 0, 0, -7, 0, 0,
    0, 0, 0, 0, 0, 0, 0, 0,
    0, 0, 0, 0, 0, 0, 0, 0,
    0, 5, 0, 0, 0, 0, 0, 0,
    0, 0, 0, 0, 0, 5, 0, 0,
    0, 0, 0, 0, 0, 0, 0, 0,
    7, 0, 0, 0, 0, 0, 0, 0,
    0, 0, 0, 0, 0, 0, 0, 0,
    0, 0, 0, 0, -2, -12, 0, 0,
    0, -18, 0, 0, 0, 0, 0, 0,
    0, -9, 0, 0, -23, 0, 0, -5,
    -13, 0, 0, 0, 0, 0, 0, 0,
    0, 0, 0, 0, 0, 0, -27, 0,
    0, 0, 0, 0, 0, 0, 0, 0,
    0, 0, 0, 0, -4, -9, 0, 0,
    0, 0, 0, 0, 0, 0, 0, 0,
    0, 0, 0, 0, -6, 0, 5, 0,
    0, 0, 0, 0, 0, 0, 0, 0,
    0, 0, 0, -6, 0, -2, 0, -2,
    0, 0, -2, 0, 0, 0, 0, 0,
    0, 0, 0, 0, -2, -3, 0, -2,
    0, -11, -2, -7, -7, -2, 0, 0,
    0, -6, 0, 0, 0, 0, -11, 0,
    0, 0, 0, -2, 0, 0, 0, -6,
    0, 0, 0, -2, 0, 0, 0, 0,
    0, 0, -17, 0, 0, 0, -10, -2,
    -2, 0, -2, 0, 0, -2, -17, 0,
    -12, -5, -12, 0, -12, 0, 0, -2,
    -7, -6, -1, -2, -7, -2, -7, -14,
    -6, 0, 0, 0, -6, 0, 0, 0,
    0, -7, 0, 0, 0, 0, 0, 0,
    0, 0, 3, 0, -14, -6, -10, 0,
    0, 0, 0, 0, 0, 0, 0, 0,
    -5, 0, -10, -7, 0, -7, 0, 0,
    -7, 0, 0, 0, 0, 0, 0, 0,
    4, -7, -10, -12, -12, -4, -6, -8,
    0, -9, -10, -3, 0, 0, 0, 3,
    0, 0, 0, 0, -8, 2, 0, 0,
    0, 0, 0, 0, 0, 0, 0, 0,
    0, 0, 0, 0, 0, 0, 0, 0,
    -11, 0, 0, 0, -5, 0, -3, 0,
    -3, 0, 0, -3, -11, 0, -6, 0,
    -5, 0, -6, 0, 0, -2, -4, -2,
    0, 0, -6, 0, -5, -5, -2, 0,
    0, 0, 0, 0, 0, 0, 0, -6,
    0, 0, 0, 0, 0, 0, 0, 0,
    -4, 0, 0, 0, 0, 0, 0, 0,
    0, 0, 0, -10, 0, 0, 0, -5,
    0, -1, 0, -1, 0, 0, -1, -10,
    0, -5, -2, -10, 0, -5, 0, -3,
    -3, -7, -8, -3, -4, -9, -3, -8,
    -12, -5, 0, 0, 0, -4, 0, 0,
    0, 0, -9, 0, 0, 0, -5, 0,
    0, 0, 0, -4, 0, -5, -15, 0,
    0, 0, 0, 0, 0, 0, -5, 0,
    0, -11, -7, 0, -12, -2, -12, 0,
    0, -12, -5, 0, 0, 0, 0, 0,
    0, 0, -12, -15, -13, -8, -11, -10,
    -12, -5, -17, -11, -8, 0, 0, -2,
    -4, 0, 0, 0, 0, -12, 0, 0,
    0, 0, 0, 0, 0, 0, 0, 0,
    -13, -8, -7, 0, 0, 0, 0, 0,
    0, -8, 0, 0, -10, 0, -7, -6,
    0, -6, 0, 0, -6, -8, 0, 0,
    0, 0, 0, 0, 0, -9, -10, -12,
    -13, -6, -8, -9, -4, -6, -16, -7,
    0, 0, 0, 0, -8, 0, 0, 0,
    -9, 0, 0, 0, 0, 0, 0, 0,
    0, 0, 0, 7, -6, 2, 0, 0,
    0, 0, 0, 0, 0, 0, 0, 0,
    0, 2, -3, 0, -3, 0, 0, -3,
    0, 0, -3, 0, 0, 6, -3, 0,
    -2, -3, -6, -2, 0, 1, -7, -1,
    -3, -8, 0, 0, 0, 0, 0, 0,
    0, 0, 0, -7, 0, 0, 0, 0,
    0, 0, 0, 0, 0, 0, -13, -2,
    -12, 0, 0, 0, 0, 0, 0, -8,
    0, 0, -5, 0, -12, -2, -4, -2,
    -9, 0, -2, -8, 0, 0, -2, 0,
    0, 0, 0, -6, -7, -2, -9, -2,
    -5, -5, -5, 0, -11, -7, 0, 0,
    -4, 0, 0, 0, 0, 0, -5, 0,
    0, 0, -5, 0, 0, 0, 0, -4,
    0, -5, -15, 0, 0, 0, 0, 0,
    0, 0, -5, 0, 0, -11, -7, 0,
    -12, -2, -12, 0, 0, -12, -5, 0,
    0, 0, 0, 0, 0, 0, -12, -14,
    -13, -8, -11, -10, -12, -5, -17, -11,
    -8, 0, 0, -2, -4, 0, 0, 0,
    0, -12, 0, 0, 0, 0, 0, 0,
    0, 0, 0, 0, 0, 0, 0, 0,
    0, 0, 0, 0, 0, 0, 0, 0,
    -5, -2, 0, -2, 0, -2, 0, 0,
    -2, 0, 0, -7, -2, 0, 0, -7,
    0, -4, -7, -5, -6, -6, -5, -6,
    -4, -8, -12, -5, 0, 0, 0, 0,
    0, 0, 0, 0, -6, 0, 0, 0,
    0, 0, 0, 0, 0, 0, 0, 0,
    0, 0, 0, 0, 0, 0, 0, 0,
    3, 0, 0, 0, 0, 0, 0, 0,
    0, 0, 0, 0, 3, 0, 0, 0,
    0, 0, 0, 0, 0, 0, 0, 0,
    0, 0, 0, 0, 0, 0, 0, 0,
    0, 0, 0, 0, 0, 0, 0, 0,
    0, 0, 0, 0, 0, 0, 0, 0,
    0, 0, 0, 0, 0, 0, 0, 0,
    0, 0, 0, 0, 0, 0, 0, 0,
    0, 0, 0, 0, 0, 0, 0, 0,
    0, -10, 0, 0, 0, -10, 0, 0,
    0, -2, 0, 0, 0, -3, 0, 0,
    0, 0, 0, 0, 0, 0, 0, 0,
    0, 0, -3, 0, 0, 0, 0, 0,
    0, 0, 0, 0, 0, 0, 0, 0,
    0, 0, 0, 0, 0, 0, -5, 0,
    0, 0, 0, 0, 0, 0, 0, 0,
    0, 0, -5, 0, 0, 0, 0, 0,
    0, 0, 0, 0, 0, 0, 0, 0,
    0, 0, 0, 0, 0, 0, 0, 0,
    0, 0, 0, 0, 0, 0, 0, 0,
    0, 0, 0, 0, 0, -4, -2, 0,
    -5, 0, -10, 0, 0, -3, 0, 0,
    0, -10, 0, 0, -2, -5, 0, 0,
    0, 0, 0, 0, 0, 0, 0, 0,
    0, 0, 0, -10, 0, 0, 0, 0,
    0, 0, 0, 0, 0, 0, 0, 0,
    0, -3, 0, 0, 0, 0, 0, 0,
    0, 0, 0, 0, 0, 0, 0, 0,
    0, 0, 0, -10, 0, -18, 0, 0,
    0, 0, 0, 0, 3, 0, 0, 0,
    0, -18, 0, 0, 0, 0, 0, 0,
    3, 0, 0, 0, 0, 0, 0, 0,
    0, 0, 0, 0, 0, 0, 0, 0,
    0, 0, 0, 0, 0, 0, 0, 0,
    0, 0, 0, 0, 0, 0, 0, 0,
    0, 0, 0, 0, 0, 0, 0, 0,
    0, 0, 0, 0, 0, 0, 0, -12,
    0, 0, 0, 0, 0, 0, 0, 0,
    0, 0, 0, 0, 0, 0, 0, 0,
    0, -11, 0, 0, 0, 0, 0, 0,
    0, 0, 0, 0, 0, 0, 0, 0,
    0, 0, 0, 0, 0, 0, 0, 0,
    0, 0, 0, 0, 0, 0, 0, 0,
    0, 0, 0, 0, 0, 0, 0, 0,
    0, 0, -14, 0, 0, 0, 0, 0,
    0, 0, 0, 0, 0, 0, -14, 0,
    -13, 0, 0, 0, -13, 0, 0, 0,
    0, 0, 0, 0, 0, 0, 0, 0,
    0, 0, 0, 0, 0, 0, 0, 0,
    0, 0, 0, 0, 0, 0, -10, 0,
    0, 0, 0, 0, 0, 0, 0, 0,
    -14, 0, 0, 0, 0, -21, 0, 0,
    0, 0, 0, 0, 0, 0, 0, 0,
    0, 0, 0, 0, 0, 0, 0, -26,
    0, 0, 0, 0, 0, 0, 0, 0,
    0, 0, 0, 0, 0, 0, -13, 0,
    0, 0, 0, 0, 0, 0, 0, 0,
    0, 0, 0, 0, 0, 7, 0, 0,
    0, 0, 0, 0, 0, 0, 0, 0,
    0, 0, 0, 0, 0, 0, 2, 0,
    2, 0, 0, 2, 0, 0, 0, 0,
    0, 0, 0, 0, -2, -5, -2, -3,
    1, 0, 0, 0, 0, -2, 0, 0,
    0, 0, 7, 0, 0, 0, 0, 0,
    0, 0, 10, 0, 0, 0, 0, 0,
    0, 0, 0, 0, 0, 0, 0, 0,
    0, 0, 0, -5, 0, 0, 0, 0,
    0, 0, 0, 0, 0, 0, 0, -5,
    0, -8, 0, -5, 0, -8, 0, 0,
    0, 0, 0, 0, 0, 0, 0, 0,
    0, 0, 0, 0, 0, 0, 0, 0,
    0, 0, 0, 0, 0, 0, 0, 0,
    0, 0, 12, 0, 0, 0, 0, -5,
    0, 0, 0, 0, 0, 0, 7, 0,
    0, 0, 0, -5, 4, 0, 4, -6,
    0, 4, 7, 2, 3, 4, 9, 3,
    3, 13, 0, -2, -4, -2, 1, -2,
    -3, 0, -2, -7, -3, 11, 0, 0,
    0, 0, 0, 0, 0, -3, 0, 0,
    0, 0, 0, 0, 0, 0, 0, 0,
    0, 0, 0, 0, 0, 0, 0, 0,
    0, 0, 0, 0, 0, 0, 0, 0,
    0, 0, -27, 0, 0, 0, 0, 0,
    0, 0, 0, 0, 0, 0, 0, 0,
    0, 0, 0, 0, 0, 0, 0, 0,
    0, 0, 0, 0, 0, 0, 0, 0,
    0, 0, 0, 0, 0, 0, 0, 0,
    0, 0, 0, 0, 0, 0, 0, 2,
    0, 0, 0, 0, 0, 0, 0, 0,
    0, 0, 0, 0, 0, 0, 0, 0,
    0, 0, 0, 0, 0, 0, 0, 0,
    0, 0, 0, 0, 0, 0, 0, 0,
    0, 0, 0, 0, 0, 0, 0, 0,
    0, 0, 0, 0, 0, 0, 0, 0,
    0, 0, 0, 0, 0, 0, 0, 0,
    0, 0, 0, 0, 0, 0, 0, 0,
    0, 0, 0, 0, 0, 0, 0, 0,
    0, 0, 0, 0, 0, 0, 0, 0,
    0, 0, 0, 0, 0, 0, 0, 0,
    0, 0, 0, 0, 0, 0, 0, 0,
    0, 0, 0, 0, 0, 0, 0, 0,
    0, 0
};


/*Collect the kern class' data in one place*/
static const lv_font_fmt_txt_kern_classes_t kern_classes =
{
    .class_pair_values   = kern_class_values,
    .left_class_mapping  = kern_left_class_mapping,
    .right_class_mapping = kern_right_class_mapping,
    .left_class_cnt      = 62,
    .right_class_cnt     = 59,
};

/*--------------------
 *  ALL CUSTOM DATA
 *--------------------*/

#if LVGL_VERSION_MAJOR == 8
/*Store all the custom data of the font*/
static  lv_font_fmt_txt_glyph_cache_t cache;
#endif

#if LVGL_VERSION_MAJOR >= 8
static const lv_font_fmt_txt_dsc_t font_dsc = {
#else
static lv_font_fmt_txt_dsc_t font_dsc = {
#endif
    .glyph_bitmap = glyph_bitmap,
    .glyph_dsc = glyph_dsc,
    .cmaps = cmaps,
    .kern_dsc = &kern_classes,
    .kern_scale = 16,
    .cmap_num = 10,
    .bpp = 4,
    .kern_classes = 1,
    .bitmap_format = 0,
#if LVGL_VERSION_MAJOR == 8
    .cache = &cache
#endif
};



/*-----------------
 *  PUBLIC FONT
 *----------------*/

/*Initialize a public general font descriptor*/
#if LVGL_VERSION_MAJOR >= 8
const lv_font_t geist_c3_sem_15 = {
#else
lv_font_t geist_c3_sem_15 = {
#endif
    .get_glyph_dsc = lv_font_get_glyph_dsc_fmt_txt,    /*Function pointer to get glyph's data*/
    .get_glyph_bitmap = lv_font_get_bitmap_fmt_txt,    /*Function pointer to get glyph's bitmap*/
    .line_height = 21,          /*The maximum line height required by the font*/
    .base_line = 4,             /*Baseline measured from the bottom of the line*/
#if !(LVGL_VERSION_MAJOR == 6 && LVGL_VERSION_MINOR == 0)
    .subpx = LV_FONT_SUBPX_NONE,
#endif
#if LV_VERSION_CHECK(7, 4, 0) || LVGL_VERSION_MAJOR >= 8
    .underline_position = -1,
    .underline_thickness = 1,
#endif
    .dsc = &font_dsc,          /*The custom font data. Will be accessed by `get_glyph_bitmap/dsc` */
#if LV_VERSION_CHECK(8, 2, 0) || LVGL_VERSION_MAJOR >= 9
    .fallback = NULL,
#endif
    .user_data = NULL,
};



#endif /*#if GEIST_C3_SEM_15*/

