/*******************************************************************************
 * Size: 29 px
 * Bpp: 4
 * Opts: --bpp 4 --size 29 --format lvgl --no-compress --no-prefilter --font fonts/Geist-Medium.ttf --range 0x20-0x7F,0xA0-0x24F,0x1E00-0x1EFF,0x2013-0x2026,0x203A --font /System/Library/Fonts/Supplemental/Arial Unicode.ttf --range 0x00AD,0x0114-0x0115,0x012C-0x012D,0x0138,0x013F-0x0140,0x0149,0x014E-0x014F,0x017F-0x018E,0x0190-0x0191,0x0193-0x019F,0x01A2-0x01AE,0x01B1-0x01CC,0x01CF-0x01E3,0x01EA-0x01F5,0x01FA-0x0217,0x1E00-0x1E1F,0x1E22-0x1E7F,0x1E86-0x1E9B,0x2015-0x2017,0x201B,0x201F,0x2023-0x2025,0x2713,0x2717 -o main/ui/geist_c3_med_29.c --lv-include lvgl.h
 ******************************************************************************/

#ifdef LV_LVGL_H_INCLUDE_SIMPLE
#include "lvgl.h"
#else
#include "lvgl.h"
#endif

#ifndef GEIST_C3_MED_29
#define GEIST_C3_MED_29 1
#endif

#if GEIST_C3_MED_29

/*-----------------
 *    BITMAPS
 *----------------*/

/*Store the image of the glyphs*/
static LV_ATTRIBUTE_LARGE_CONST const uint8_t glyph_bitmap[] = {
    /* U+0020 " " */

    /* U+0021 "!" */
    0x2f, 0xff, 0x2, 0xff, 0xf0, 0x2f, 0xff, 0x2,
    0xff, 0xf0, 0x2f, 0xff, 0x2, 0xff, 0xf0, 0x2f,
    0xff, 0x2, 0xff, 0xe0, 0x1f, 0xfe, 0x0, 0xff,
    0xd0, 0xf, 0xfc, 0x0, 0xef, 0xb0, 0xd, 0xfa,
    0x0, 0xbf, 0x80, 0x6, 0xa4, 0x0, 0x0, 0x0,
    0x0, 0x0, 0x6, 0xbb, 0xb2, 0x9f, 0xff, 0x39,
    0xff, 0xf3, 0x9f, 0xff, 0x30,

    /* U+0022 "\"" */
    0xbf, 0xf1, 0xa, 0xff, 0x3b, 0xff, 0x10, 0xaf,
    0xf3, 0xbf, 0xf1, 0x9, 0xff, 0x29, 0xff, 0x0,
    0x9f, 0xf1, 0x8f, 0xf0, 0x8, 0xff, 0x6, 0xff,
    0x0, 0x8f, 0xd0, 0x4f, 0xf0, 0x8, 0xfb, 0x2,
    0xfe, 0x0, 0x7f, 0x90,

    /* U+0023 "#" */
    0x0, 0x0, 0x4, 0xff, 0x60, 0x2, 0xff, 0x90,
    0x0, 0x0, 0x7, 0xff, 0x40, 0x5, 0xff, 0x60,
    0x0, 0x0, 0xa, 0xff, 0x10, 0x7, 0xff, 0x30,
    0x0, 0x0, 0xd, 0xfe, 0x0, 0xa, 0xff, 0x0,
    0x0, 0x0, 0xf, 0xfb, 0x0, 0xd, 0xfe, 0x0,
    0x0, 0xbf, 0xff, 0xff, 0xff, 0xff, 0xff, 0xfe,
    0x0, 0xdf, 0xff, 0xff, 0xff, 0xff, 0xff, 0xfb,
    0x0, 0x88, 0xff, 0xfb, 0x88, 0xdf, 0xfe, 0x85,
    0x0, 0x0, 0xaf, 0xf0, 0x0, 0x8f, 0xf3, 0x0,
    0x0, 0x0, 0xdf, 0xe0, 0x0, 0xbf, 0xf0, 0x0,
    0x0, 0x0, 0xff, 0xb0, 0x0, 0xdf, 0xd0, 0x0,
    0x0, 0x3, 0xff, 0x80, 0x0, 0xff, 0xa0, 0x0,
    0x0, 0x5, 0xff, 0x50, 0x3, 0xff, 0x70, 0x0,
    0xd, 0xff, 0xff, 0xff, 0xff, 0xff, 0xff, 0xc0,
    0xf, 0xff, 0xff, 0xff, 0xff, 0xff, 0xff, 0x90,
    0x18, 0x8f, 0xff, 0x88, 0x8f, 0xff, 0x88, 0x40,
    0x0, 0xf, 0xfa, 0x0, 0xe, 0xfc, 0x0, 0x0,
    0x0, 0x3f, 0xf7, 0x0, 0xf, 0xfa, 0x0, 0x0,
    0x0, 0x6f, 0xf5, 0x0, 0x3f, 0xf7, 0x0, 0x0,
    0x0, 0x8f, 0xf2, 0x0, 0x6f, 0xf4, 0x0, 0x0,
    0x0, 0xbf, 0xf0, 0x0, 0x9f, 0xf1, 0x0, 0x0,

    /* U+0024 "$" */
    0x0, 0x0, 0x0, 0x9, 0xf9, 0x0, 0x0, 0x0,
    0x0, 0x0, 0x0, 0x0, 0x9f, 0x90, 0x0, 0x0,
    0x0, 0x0, 0x0, 0x0, 0x9, 0xf9, 0x0, 0x0,
    0x0, 0x0, 0x0, 0x5, 0xad, 0xff, 0xfa, 0x40,
    0x0, 0x0, 0x0, 0x1c, 0xff, 0xff, 0xff, 0xff,
    0xb1, 0x0, 0x0, 0xd, 0xff, 0xff, 0xff, 0xff,
    0xff, 0xd1, 0x0, 0x7, 0xff, 0xf7, 0x9, 0xfb,
    0x7f, 0xff, 0xa0, 0x0, 0xdf, 0xf8, 0x0, 0x9f,
    0x90, 0x5f, 0xff, 0x20, 0xf, 0xff, 0x30, 0x9,
    0xf9, 0x0, 0xcf, 0xf7, 0x0, 0xef, 0xf4, 0x0,
    0x9f, 0x90, 0x5, 0xaa, 0x60, 0xb, 0xff, 0xc1,
    0x9, 0xf9, 0x0, 0x0, 0x0, 0x0, 0x4f, 0xff,
    0xf9, 0xef, 0x90, 0x0, 0x0, 0x0, 0x0, 0x6f,
    0xff, 0xff, 0xff, 0x82, 0x0, 0x0, 0x0, 0x0,
    0x18, 0xef, 0xff, 0xff, 0xfc, 0x30, 0x0, 0x0,
    0x0, 0x0, 0x3f, 0xff, 0xff, 0xff, 0x70, 0x0,
    0x0, 0x0, 0x0, 0x9f, 0xa6, 0xef, 0xff, 0x40,
    0x0, 0x0, 0x0, 0x9, 0xf9, 0x0, 0xbf, 0xfc,
    0x5, 0xff, 0xd0, 0x0, 0x9f, 0x90, 0x3, 0xff,
    0xf0, 0x2f, 0xff, 0x20, 0x9, 0xf9, 0x0, 0x1f,
    0xff, 0x0, 0xcf, 0xfb, 0x0, 0x9f, 0x90, 0x5,
    0xff, 0xe0, 0x4, 0xff, 0xfc, 0x39, 0xf9, 0x6,
    0xff, 0xf8, 0x0, 0x7, 0xff, 0xff, 0xff, 0xff,
    0xff, 0xfd, 0x10, 0x0, 0x6, 0xff, 0xff, 0xff,
    0xff, 0xfc, 0x10, 0x0, 0x0, 0x1, 0x6b, 0xff,
    0xfd, 0x94, 0x0, 0x0, 0x0, 0x0, 0x0, 0x9,
    0xf9, 0x0, 0x0, 0x0, 0x0, 0x0, 0x0, 0x0,
    0x9f, 0x90, 0x0, 0x0, 0x0,

    /* U+0025 "%" */
    0x0, 0x6d, 0xfe, 0xb3, 0x0, 0x0, 0x0, 0x0,
    0xcf, 0xa0, 0x0, 0xa, 0xff, 0xff, 0xff, 0x40,
    0x0, 0x0, 0x7, 0xfe, 0x10, 0x0, 0x4f, 0xf7,
    0x2, 0xcf, 0xd0, 0x0, 0x0, 0x2f, 0xf4, 0x0,
    0x0, 0x9f, 0xd0, 0x0, 0x3f, 0xf3, 0x0, 0x0,
    0xcf, 0xa0, 0x0, 0x0, 0xbf, 0xa0, 0x0, 0xf,
    0xf5, 0x0, 0x7, 0xfe, 0x10, 0x0, 0x0, 0xcf,
    0xa0, 0x0, 0xf, 0xf5, 0x0, 0x2f, 0xf4, 0x0,
    0x0, 0x0, 0x9f, 0xd0, 0x0, 0x3f, 0xf3, 0x0,
    0xcf, 0xa0, 0x0, 0x0, 0x0, 0x4f, 0xf7, 0x1,
    0xcf, 0xd0, 0x7, 0xfe, 0x10, 0x0, 0x0, 0x0,
    0xa, 0xff, 0xff, 0xff, 0x40, 0x2f, 0xf4, 0x0,
    0x0, 0x0, 0x0, 0x0, 0x7d, 0xfe, 0xb3, 0x0,
    0xcf, 0xa0, 0x0, 0x0, 0x0, 0x0, 0x0, 0x0,
    0x0, 0x0, 0x7, 0xfe, 0x10, 0x0, 0x0, 0x0,
    0x0, 0x0, 0x0, 0x0, 0x0, 0x2f, 0xf4, 0x0,
    0x7d, 0xfe, 0xa2, 0x0, 0x0, 0x0, 0x0, 0x0,
    0xcf, 0x90, 0xb, 0xff, 0xff, 0xff, 0x30, 0x0,
    0x0, 0x0, 0x7, 0xfe, 0x0, 0x6f, 0xf6, 0x2,
    0xdf, 0xc0, 0x0, 0x0, 0x0, 0x2f, 0xf4, 0x0,
    0xbf, 0xb0, 0x0, 0x5f, 0xf1, 0x0, 0x0, 0x0,
    0xcf, 0x90, 0x0, 0xdf, 0x80, 0x0, 0x2f, 0xf3,
    0x0, 0x0, 0x7, 0xfe, 0x0, 0x0, 0xdf, 0x80,
    0x0, 0x2f, 0xf3, 0x0, 0x0, 0x2f, 0xf4, 0x0,
    0x0, 0xbf, 0xb0, 0x0, 0x5f, 0xf1, 0x0, 0x0,
    0xcf, 0x90, 0x0, 0x0, 0x6f, 0xf6, 0x2, 0xdf,
    0xc0, 0x0, 0x7, 0xfe, 0x0, 0x0, 0x0, 0xb,
    0xff, 0xff, 0xff, 0x30, 0x0, 0x2f, 0xf4, 0x0,
    0x0, 0x0, 0x0, 0x7d, 0xfe, 0xa2, 0x0,

    /* U+0026 "&" */
    0x0, 0x0, 0x5b, 0xef, 0xec, 0x60, 0x0, 0x0,
    0x0, 0x0, 0x9, 0xff, 0xff, 0xff, 0xfb, 0x0,
    0x0, 0x0, 0x0, 0x5f, 0xff, 0xff, 0xff, 0xff,
    0x60, 0x0, 0x0, 0x0, 0xbf, 0xfe, 0x20, 0x1d,
    0xff, 0xb0, 0x0, 0x0, 0x0, 0xdf, 0xf7, 0x0,
    0x6, 0xff, 0xd0, 0x0, 0x0, 0x0, 0xcf, 0xf6,
    0x0, 0x7, 0xff, 0xb0, 0x0, 0x0, 0x0, 0x9f,
    0xfa, 0x0, 0xd, 0xff, 0x60, 0x0, 0x0, 0x0,
    0x2f, 0xff, 0x31, 0xbf, 0xfb, 0x0, 0x0, 0x0,
    0x0, 0x7, 0xff, 0xee, 0xff, 0xb0, 0x0, 0x0,
    0x0, 0x0, 0x1, 0xef, 0xff, 0xf7, 0x0, 0x0,
    0x0, 0x0, 0x0, 0x4e, 0xff, 0xff, 0xd0, 0x0,
    0x0, 0x0, 0x0, 0x4, 0xff, 0xfd, 0xef, 0xfa,
    0x0, 0x2, 0x76, 0x30, 0x1f, 0xff, 0xb0, 0x4f,
    0xff, 0x70, 0x6, 0xff, 0xb0, 0x8f, 0xfd, 0x0,
    0x6, 0xff, 0xf5, 0x8, 0xff, 0x80, 0xcf, 0xf7,
    0x0, 0x0, 0x9f, 0xff, 0x3d, 0xff, 0x40, 0xdf,
    0xf6, 0x0, 0x0, 0xb, 0xff, 0xff, 0xfe, 0x0,
    0xcf, 0xfa, 0x0, 0x0, 0x1, 0xdf, 0xff, 0xf6,
    0x0, 0x9f, 0xff, 0x81, 0x0, 0x3, 0xcf, 0xff,
    0xe0, 0x0, 0x2f, 0xff, 0xff, 0xed, 0xff, 0xff,
    0xff, 0xf7, 0x0, 0x4, 0xef, 0xff, 0xff, 0xff,
    0xff, 0xcf, 0xff, 0x30, 0x0, 0x17, 0xce, 0xff,
    0xec, 0x83, 0xb, 0xff, 0xd0,

    /* U+0027 "'" */
    0xbf, 0xf2, 0xbf, 0xf2, 0xbf, 0xf1, 0xaf, 0xf0,
    0x8f, 0xf0, 0x7f, 0xe0, 0x6f, 0xc0, 0x4f, 0xa0,

    /* U+0028 "(" */
    0x0, 0x0, 0x34, 0x40, 0x0, 0x2f, 0xf9, 0x0,
    0xb, 0xff, 0x20, 0x4, 0xff, 0x90, 0x0, 0xbf,
    0xf3, 0x0, 0x2f, 0xfd, 0x0, 0x8, 0xff, 0x70,
    0x0, 0xdf, 0xf2, 0x0, 0x1f, 0xff, 0x0, 0x5,
    0xff, 0xc0, 0x0, 0x7f, 0xf9, 0x0, 0x9, 0xff,
    0x80, 0x0, 0xaf, 0xf6, 0x0, 0xb, 0xff, 0x60,
    0x0, 0xaf, 0xf7, 0x0, 0x8, 0xff, 0x80, 0x0,
    0x7f, 0xf9, 0x0, 0x4, 0xff, 0xd0, 0x0, 0xf,
    0xff, 0x0, 0x0, 0xcf, 0xf4, 0x0, 0x6, 0xff,
    0x90, 0x0, 0x1f, 0xfe, 0x0, 0x0, 0xaf, 0xf4,
    0x0, 0x2, 0xff, 0xc0, 0x0, 0x9, 0xff, 0x40,
    0x0, 0x1e, 0xfc,

    /* U+0029 ")" */
    0x24, 0x40, 0x0, 0x0, 0x3f, 0xf9, 0x0, 0x0,
    0xb, 0xff, 0x20, 0x0, 0x3, 0xff, 0xb0, 0x0,
    0x0, 0xcf, 0xf2, 0x0, 0x0, 0x6f, 0xf8, 0x0,
    0x0, 0x1f, 0xfe, 0x0, 0x0, 0xc, 0xff, 0x40,
    0x0, 0x9, 0xff, 0x80, 0x0, 0x5, 0xff, 0xb0,
    0x0, 0x2, 0xff, 0xe0, 0x0, 0x1, 0xff, 0xf0,
    0x0, 0x0, 0xff, 0xf1, 0x0, 0x0, 0xff, 0xf1,
    0x0, 0x0, 0xff, 0xf0, 0x0, 0x2, 0xff, 0xf0,
    0x0, 0x3, 0xff, 0xe0, 0x0, 0x6, 0xff, 0xa0,
    0x0, 0xa, 0xff, 0x60, 0x0, 0xd, 0xff, 0x30,
    0x0, 0x3f, 0xfd, 0x0, 0x0, 0x8f, 0xf6, 0x0,
    0x0, 0xef, 0xf1, 0x0, 0x5, 0xff, 0x80, 0x0,
    0xd, 0xfe, 0x0, 0x0, 0x5f, 0xf6, 0x0, 0x0,

    /* U+002A "*" */
    0x0, 0x0, 0x0, 0x0, 0x0, 0x0, 0x9, 0xc0,
    0x6, 0xd3, 0x0, 0x1, 0xef, 0x61, 0xef, 0x60,
    0x0, 0x5, 0xfe, 0xaf, 0xb0, 0x0, 0x23, 0x3c,
    0xff, 0xf5, 0x33, 0xc, 0xff, 0xff, 0xff, 0xff,
    0xf3, 0xcf, 0xff, 0xff, 0xff, 0xff, 0x30, 0x0,
    0xcf, 0xff, 0x30, 0x0, 0x0, 0x7f, 0xd8, 0xfd,
    0x0, 0x0, 0x1f, 0xf4, 0xd, 0xf7, 0x0, 0x0,
    0x59, 0x0, 0x4a, 0x10, 0x0,

    /* U+002B "+" */
    0x0, 0x0, 0x3, 0xff, 0x70, 0x0, 0x0, 0x0,
    0x0, 0x0, 0x3f, 0xf7, 0x0, 0x0, 0x0, 0x0,
    0x0, 0x3, 0xff, 0x70, 0x0, 0x0, 0x0, 0x0,
    0x0, 0x3f, 0xf7, 0x0, 0x0, 0x0, 0x0, 0x0,
    0x3, 0xff, 0x70, 0x0, 0x0, 0x0, 0x0, 0x0,
    0x3f, 0xf7, 0x0, 0x0, 0x0, 0xdf, 0xff, 0xff,
    0xff, 0xff, 0xff, 0xff, 0x2d, 0xff, 0xff, 0xff,
    0xff, 0xff, 0xff, 0xf2, 0x9b, 0xbb, 0xbe, 0xff,
    0xfb, 0xbb, 0xbb, 0x10, 0x0, 0x0, 0x3f, 0xf7,
    0x0, 0x0, 0x0, 0x0, 0x0, 0x3, 0xff, 0x70,
    0x0, 0x0, 0x0, 0x0, 0x0, 0x3f, 0xf7, 0x0,
    0x0, 0x0, 0x0, 0x0, 0x3, 0xff, 0x70, 0x0,
    0x0, 0x0, 0x0, 0x0, 0x3f, 0xf7, 0x0, 0x0,
    0x0,

    /* U+002C "," */
    0x8b, 0xba, 0xcf, 0xff, 0xcf, 0xff, 0xcf, 0xfe,
    0x5, 0xf9, 0xb, 0xf2, 0x1f, 0xb0, 0x7f, 0x50,

    /* U+002D "-" */
    0x9b, 0xbb, 0xbb, 0xbb, 0xbb, 0xcf, 0xff, 0xff,
    0xff, 0xff, 0xcf, 0xff, 0xff, 0xff, 0xff,

    /* U+002E "." */
    0x8b, 0xba, 0xcf, 0xff, 0xcf, 0xff, 0xcf, 0xff,

    /* U+002F "/" */
    0x0, 0x0, 0x0, 0x0, 0x38, 0x84, 0x0, 0x0,
    0x0, 0x0, 0xaf, 0xf4, 0x0, 0x0, 0x0, 0x0,
    0xff, 0xe0, 0x0, 0x0, 0x0, 0x5, 0xff, 0x90,
    0x0, 0x0, 0x0, 0xb, 0xff, 0x40, 0x0, 0x0,
    0x0, 0xf, 0xfe, 0x0, 0x0, 0x0, 0x0, 0x5f,
    0xf9, 0x0, 0x0, 0x0, 0x0, 0xbf, 0xf4, 0x0,
    0x0, 0x0, 0x0, 0xff, 0xe0, 0x0, 0x0, 0x0,
    0x6, 0xff, 0x90, 0x0, 0x0, 0x0, 0xb, 0xff,
    0x40, 0x0, 0x0, 0x0, 0x1f, 0xfe, 0x0, 0x0,
    0x0, 0x0, 0x6f, 0xf9, 0x0, 0x0, 0x0, 0x0,
    0xbf, 0xf4, 0x0, 0x0, 0x0, 0x1, 0xff, 0xe0,
    0x0, 0x0, 0x0, 0x6, 0xff, 0x90, 0x0, 0x0,
    0x0, 0xb, 0xff, 0x30, 0x0, 0x0, 0x0, 0x1f,
    0xfe, 0x0, 0x0, 0x0, 0x0, 0x6f, 0xf9, 0x0,
    0x0, 0x0, 0x0, 0xbf, 0xf3, 0x0, 0x0, 0x0,
    0x1, 0xff, 0xe0, 0x0, 0x0, 0x0, 0x6, 0xff,
    0x90, 0x0, 0x0, 0x0, 0xb, 0xff, 0x30, 0x0,
    0x0, 0x0, 0x1f, 0xfe, 0x0, 0x0, 0x0, 0x0,
    0x6f, 0xf9, 0x0, 0x0, 0x0, 0x0, 0xcf, 0xf3,
    0x0, 0x0, 0x0, 0x0,

    /* U+0030 "0" */
    0x0, 0x0, 0x5, 0xbe, 0xff, 0xc8, 0x20, 0x0,
    0x0, 0x0, 0x2, 0xcf, 0xff, 0xff, 0xff, 0xf7,
    0x0, 0x0, 0x0, 0x1e, 0xff, 0xff, 0xff, 0xff,
    0xff, 0x80, 0x0, 0x0, 0xcf, 0xff, 0x81, 0x0,
    0x4c, 0xff, 0xf4, 0x0, 0x5, 0xff, 0xf5, 0x0,
    0x0, 0x0, 0xcf, 0xfd, 0x0, 0xc, 0xff, 0xa0,
    0x0, 0x0, 0x0, 0x2f, 0xff, 0x40, 0x1f, 0xff,
    0x30, 0x0, 0x0, 0x0, 0xb, 0xff, 0x90, 0x5f,
    0xff, 0x0, 0x0, 0x0, 0x0, 0x7, 0xff, 0xd0,
    0x7f, 0xfc, 0x0, 0x0, 0x0, 0x0, 0x4, 0xff,
    0xf0, 0x9f, 0xfb, 0x0, 0x0, 0x0, 0x0, 0x3,
    0xff, 0xf1, 0x9f, 0xfa, 0x0, 0x0, 0x0, 0x0,
    0x2, 0xff, 0xf1, 0x9f, 0xfa, 0x0, 0x0, 0x0,
    0x0, 0x2, 0xff, 0xf1, 0x7f, 0xfc, 0x0, 0x0,
    0x0, 0x0, 0x4, 0xff, 0xf0, 0x5f, 0xfe, 0x0,
    0x0, 0x0, 0x0, 0x6, 0xff, 0xd0, 0x2f, 0xff,
    0x30, 0x0, 0x0, 0x0, 0xb, 0xff, 0xa0, 0xd,
    0xff, 0x90, 0x0, 0x0, 0x0, 0x2f, 0xff, 0x50,
    0x6, 0xff, 0xf4, 0x0, 0x0, 0x0, 0xcf, 0xfe,
    0x0, 0x0, 0xdf, 0xff, 0x71, 0x0, 0x3c, 0xff,
    0xf5, 0x0, 0x0, 0x2e, 0xff, 0xff, 0xff, 0xff,
    0xff, 0x90, 0x0, 0x0, 0x2, 0xdf, 0xff, 0xff,
    0xff, 0xf7, 0x0, 0x0, 0x0, 0x0, 0x5, 0xbe,
    0xff, 0xd8, 0x20, 0x0, 0x0,

    /* U+0031 "1" */
    0x0, 0x0, 0xe, 0xf9, 0x0, 0x0, 0xf, 0xf9,
    0x0, 0x0, 0x7f, 0xf9, 0x79, 0x9c, 0xff, 0xf9,
    0xef, 0xff, 0xff, 0xf9, 0xef, 0xff, 0xff, 0xf9,
    0x0, 0x0, 0x8f, 0xf9, 0x0, 0x0, 0x8f, 0xf9,
    0x0, 0x0, 0x8f, 0xf9, 0x0, 0x0, 0x8f, 0xf9,
    0x0, 0x0, 0x8f, 0xf9, 0x0, 0x0, 0x8f, 0xf9,
    0x0, 0x0, 0x8f, 0xf9, 0x0, 0x0, 0x8f, 0xf9,
    0x0, 0x0, 0x8f, 0xf9, 0x0, 0x0, 0x8f, 0xf9,
    0x0, 0x0, 0x8f, 0xf9, 0x0, 0x0, 0x8f, 0xf9,
    0x0, 0x0, 0x8f, 0xf9, 0x0, 0x0, 0x8f, 0xf9,
    0x0, 0x0, 0x8f, 0xf9,

    /* U+0032 "2" */
    0x0, 0x0, 0x17, 0xce, 0xfe, 0xc8, 0x20, 0x0,
    0x0, 0x6, 0xff, 0xff, 0xff, 0xff, 0xf7, 0x0,
    0x0, 0x6f, 0xff, 0xff, 0xef, 0xff, 0xff, 0x60,
    0x2, 0xff, 0xfd, 0x50, 0x0, 0x4d, 0xff, 0xf0,
    0x9, 0xff, 0xe2, 0x0, 0x0, 0x2, 0xff, 0xf5,
    0xe, 0xff, 0x70, 0x0, 0x0, 0x0, 0xcf, 0xf7,
    0x1e, 0xee, 0x20, 0x0, 0x0, 0x0, 0xbf, 0xf8,
    0x0, 0x0, 0x0, 0x0, 0x0, 0x0, 0xef, 0xf6,
    0x0, 0x0, 0x0, 0x0, 0x0, 0xa, 0xff, 0xf1,
    0x0, 0x0, 0x0, 0x0, 0x3, 0xcf, 0xff, 0x80,
    0x0, 0x0, 0x0, 0x2, 0xaf, 0xff, 0xf9, 0x0,
    0x0, 0x0, 0x0, 0x8f, 0xff, 0xfe, 0x50, 0x0,
    0x0, 0x0, 0x2d, 0xff, 0xff, 0x91, 0x0, 0x0,
    0x0, 0x3, 0xff, 0xff, 0xb2, 0x0, 0x0, 0x0,
    0x0, 0x2e, 0xff, 0xf6, 0x0, 0x0, 0x0, 0x0,
    0x0, 0xdf, 0xfe, 0x30, 0x0, 0x0, 0x0, 0x0,
    0x6, 0xff, 0xf3, 0x0, 0x0, 0x0, 0x0, 0x0,
    0xc, 0xff, 0xa0, 0x0, 0x0, 0x0, 0x0, 0x0,
    0xf, 0xff, 0xfe, 0xee, 0xee, 0xee, 0xee, 0xe8,
    0x2f, 0xff, 0xff, 0xff, 0xff, 0xff, 0xff, 0xf9,
    0x3f, 0xff, 0xff, 0xff, 0xff, 0xff, 0xff, 0xf9,

    /* U+0033 "3" */
    0x0, 0x0, 0x6b, 0xef, 0xfe, 0xb6, 0x0, 0x0,
    0x0, 0x2d, 0xff, 0xff, 0xff, 0xff, 0xe4, 0x0,
    0x1, 0xef, 0xff, 0xff, 0xff, 0xff, 0xff, 0x20,
    0xa, 0xff, 0xf6, 0x10, 0x1, 0x7f, 0xff, 0xa0,
    0xf, 0xff, 0x60, 0x0, 0x0, 0x7, 0xff, 0xe0,
    0x3, 0x33, 0x0, 0x0, 0x0, 0x4, 0xff, 0xf0,
    0x0, 0x0, 0x0, 0x0, 0x0, 0x6, 0xff, 0xd0,
    0x0, 0x0, 0x0, 0x0, 0x0, 0x5e, 0xff, 0x60,
    0x0, 0x0, 0x0, 0x9c, 0xdf, 0xff, 0xf7, 0x0,
    0x0, 0x0, 0x0, 0xcf, 0xff, 0xff, 0x40, 0x0,
    0x0, 0x0, 0x0, 0xcf, 0xff, 0xff, 0xf9, 0x0,
    0x0, 0x0, 0x0, 0x0, 0x13, 0x8f, 0xff, 0xa0,
    0x0, 0x0, 0x0, 0x0, 0x0, 0x3, 0xff, 0xf4,
    0x0, 0x0, 0x0, 0x0, 0x0, 0x0, 0xaf, 0xf9,
    0x12, 0x21, 0x0, 0x0, 0x0, 0x0, 0x8f, 0xfb,
    0x8f, 0xfc, 0x0, 0x0, 0x0, 0x0, 0xaf, 0xfa,
    0x5f, 0xff, 0x30, 0x0, 0x0, 0x2, 0xff, 0xf7,
    0xe, 0xff, 0xe6, 0x10, 0x1, 0x6e, 0xff, 0xf1,
    0x4, 0xff, 0xff, 0xff, 0xff, 0xff, 0xff, 0x60,
    0x0, 0x5e, 0xff, 0xff, 0xff, 0xff, 0xe6, 0x0,
    0x0, 0x1, 0x7b, 0xef, 0xfe, 0xb6, 0x10, 0x0,

    /* U+0034 "4" */
    0x0, 0x0, 0x0, 0x0, 0x0, 0x8f, 0xff, 0x50,
    0x0, 0x0, 0x0, 0x0, 0x0, 0x4f, 0xff, 0xf5,
    0x0, 0x0, 0x0, 0x0, 0x0, 0x1e, 0xff, 0xff,
    0x50, 0x0, 0x0, 0x0, 0x0, 0xa, 0xff, 0xff,
    0xf5, 0x0, 0x0, 0x0, 0x0, 0x5, 0xff, 0xfe,
    0xff, 0x50, 0x0, 0x0, 0x0, 0x2, 0xff, 0xf7,
    0xdf, 0xf5, 0x0, 0x0, 0x0, 0x0, 0xcf, 0xfc,
    0xd, 0xff, 0x50, 0x0, 0x0, 0x0, 0x7f, 0xfe,
    0x10, 0xdf, 0xf5, 0x0, 0x0, 0x0, 0x3f, 0xff,
    0x50, 0xd, 0xff, 0x50, 0x0, 0x0, 0xd, 0xff,
    0x90, 0x0, 0xdf, 0xf5, 0x0, 0x0, 0x9, 0xff,
    0xd0, 0x0, 0xd, 0xff, 0x50, 0x0, 0x4, 0xff,
    0xf3, 0x0, 0x0, 0xdf, 0xf5, 0x0, 0x1, 0xef,
    0xf7, 0x0, 0x0, 0xd, 0xff, 0x50, 0x0, 0xbf,
    0xfb, 0x0, 0x0, 0x0, 0xdf, 0xf5, 0x0, 0x2f,
    0xff, 0xff, 0xff, 0xff, 0xff, 0xff, 0xff, 0xd3,
    0xff, 0xff, 0xff, 0xff, 0xff, 0xff, 0xff, 0xfd,
    0x2e, 0xee, 0xee, 0xee, 0xee, 0xef, 0xff, 0xee,
    0xc0, 0x0, 0x0, 0x0, 0x0, 0x0, 0xdf, 0xf5,
    0x0, 0x0, 0x0, 0x0, 0x0, 0x0, 0xd, 0xff,
    0x50, 0x0, 0x0, 0x0, 0x0, 0x0, 0x0, 0xdf,
    0xf5, 0x0, 0x0, 0x0, 0x0, 0x0, 0x0, 0xd,
    0xff, 0x50, 0x0,

    /* U+0035 "5" */
    0x0, 0xaf, 0xff, 0xff, 0xff, 0xff, 0xff, 0x70,
    0x0, 0xcf, 0xff, 0xff, 0xff, 0xff, 0xff, 0x70,
    0x0, 0xef, 0xfe, 0xee, 0xee, 0xee, 0xee, 0x60,
    0x0, 0xff, 0xf1, 0x0, 0x0, 0x0, 0x0, 0x0,
    0x2, 0xff, 0xf0, 0x0, 0x0, 0x0, 0x0, 0x0,
    0x4, 0xff, 0xd0, 0x0, 0x0, 0x0, 0x0, 0x0,
    0x6, 0xff, 0xb0, 0x48, 0xaa, 0x83, 0x0, 0x0,
    0x8, 0xff, 0xac, 0xff, 0xff, 0xff, 0xc1, 0x0,
    0xa, 0xff, 0xff, 0xff, 0xff, 0xff, 0xfe, 0x10,
    0xc, 0xff, 0xfc, 0x51, 0x2, 0x9f, 0xff, 0xc0,
    0xe, 0xff, 0xc0, 0x0, 0x0, 0x6, 0xff, 0xf4,
    0x4, 0x44, 0x10, 0x0, 0x0, 0x0, 0xcf, 0xf9,
    0x0, 0x0, 0x0, 0x0, 0x0, 0x0, 0x7f, 0xfc,
    0x0, 0x0, 0x0, 0x0, 0x0, 0x0, 0x6f, 0xfd,
    0x3, 0x32, 0x0, 0x0, 0x0, 0x0, 0x7f, 0xfc,
    0x2f, 0xff, 0x20, 0x0, 0x0, 0x0, 0xbf, 0xfa,
    0xe, 0xff, 0x90, 0x0, 0x0, 0x3, 0xff, 0xf4,
    0x7, 0xff, 0xfa, 0x20, 0x1, 0x6f, 0xff, 0xd0,
    0x0, 0xcf, 0xff, 0xff, 0xef, 0xff, 0xff, 0x20,
    0x0, 0x1a, 0xff, 0xff, 0xff, 0xff, 0xd2, 0x0,
    0x0, 0x0, 0x49, 0xde, 0xfd, 0xb5, 0x0, 0x0,

    /* U+0036 "6" */
    0x0, 0x0, 0x5, 0xbd, 0xff, 0xd9, 0x20, 0x0,
    0x0, 0x1, 0xcf, 0xff, 0xff, 0xff, 0xf5, 0x0,
    0x0, 0x1e, 0xff, 0xff, 0xef, 0xff, 0xff, 0x40,
    0x0, 0xbf, 0xff, 0x60, 0x0, 0x2b, 0xff, 0xd0,
    0x3, 0xff, 0xf3, 0x0, 0x0, 0x0, 0xbb, 0xa1,
    0xa, 0xff, 0x70, 0x0, 0x0, 0x0, 0x0, 0x0,
    0xe, 0xff, 0x10, 0x59, 0xa8, 0x61, 0x0, 0x0,
    0x3f, 0xfd, 0x3d, 0xff, 0xff, 0xff, 0x70, 0x0,
    0x5f, 0xfd, 0xff, 0xff, 0xff, 0xff, 0xfa, 0x0,
    0x7f, 0xff, 0xfc, 0x41, 0x3, 0xbf, 0xff, 0x60,
    0x8f, 0xff, 0xb0, 0x0, 0x0, 0xb, 0xff, 0xd0,
    0x9f, 0xff, 0x20, 0x0, 0x0, 0x2, 0xff, 0xf2,
    0x9f, 0xfd, 0x0, 0x0, 0x0, 0x0, 0xef, 0xf4,
    0x7f, 0xfb, 0x0, 0x0, 0x0, 0x0, 0xcf, 0xf6,
    0x6f, 0xfc, 0x0, 0x0, 0x0, 0x0, 0xef, 0xf4,
    0x2f, 0xff, 0x10, 0x0, 0x0, 0x2, 0xff, 0xf2,
    0xd, 0xff, 0x90, 0x0, 0x0, 0xa, 0xff, 0xd0,
    0x5, 0xff, 0xf9, 0x10, 0x1, 0xaf, 0xff, 0x60,
    0x0, 0xbf, 0xff, 0xfe, 0xef, 0xff, 0xfb, 0x0,
    0x0, 0xa, 0xff, 0xff, 0xff, 0xff, 0xa0, 0x0,
    0x0, 0x0, 0x4a, 0xef, 0xfd, 0x93, 0x0, 0x0,

    /* U+0037 "7" */
    0x6f, 0xff, 0xff, 0xff, 0xff, 0xff, 0xff, 0xf6,
    0x6f, 0xff, 0xff, 0xff, 0xff, 0xff, 0xff, 0xf6,
    0x6e, 0xee, 0xee, 0xee, 0xee, 0xee, 0xff, 0xf5,
    0x0, 0x0, 0x0, 0x0, 0x0, 0x5, 0xff, 0xc0,
    0x0, 0x0, 0x0, 0x0, 0x0, 0x2f, 0xfe, 0x10,
    0x0, 0x0, 0x0, 0x0, 0x0, 0xdf, 0xf3, 0x0,
    0x0, 0x0, 0x0, 0x0, 0x8, 0xff, 0x80, 0x0,
    0x0, 0x0, 0x0, 0x0, 0x2f, 0xfe, 0x0, 0x0,
    0x0, 0x0, 0x0, 0x0, 0xbf, 0xf4, 0x0, 0x0,
    0x0, 0x0, 0x0, 0x2, 0xff, 0xc0, 0x0, 0x0,
    0x0, 0x0, 0x0, 0xa, 0xff, 0x50, 0x0, 0x0,
    0x0, 0x0, 0x0, 0x1f, 0xfe, 0x0, 0x0, 0x0,
    0x0, 0x0, 0x0, 0x7f, 0xf8, 0x0, 0x0, 0x0,
    0x0, 0x0, 0x0, 0xcf, 0xf3, 0x0, 0x0, 0x0,
    0x0, 0x0, 0x1, 0xff, 0xe0, 0x0, 0x0, 0x0,
    0x0, 0x0, 0x5, 0xff, 0xc0, 0x0, 0x0, 0x0,
    0x0, 0x0, 0x8, 0xff, 0x90, 0x0, 0x0, 0x0,
    0x0, 0x0, 0xb, 0xff, 0x60, 0x0, 0x0, 0x0,
    0x0, 0x0, 0xd, 0xff, 0x50, 0x0, 0x0, 0x0,
    0x0, 0x0, 0xe, 0xff, 0x40, 0x0, 0x0, 0x0,
    0x0, 0x0, 0xf, 0xff, 0x30, 0x0, 0x0, 0x0,

    /* U+0038 "8" */
    0x0, 0x0, 0x5a, 0xdf, 0xfe, 0xb6, 0x0, 0x0,
    0x0, 0x2d, 0xff, 0xff, 0xff, 0xff, 0xd3, 0x0,
    0x1, 0xef, 0xff, 0xff, 0xef, 0xff, 0xff, 0x20,
    0x8, 0xff, 0xf8, 0x10, 0x0, 0x7f, 0xff, 0xa0,
    0xc, 0xff, 0x90, 0x0, 0x0, 0x7, 0xff, 0xe0,
    0xe, 0xff, 0x60, 0x0, 0x0, 0x4, 0xff, 0xf0,
    0xb, 0xff, 0xa0, 0x0, 0x0, 0x8, 0xff, 0xc0,
    0x3, 0xff, 0xf9, 0x30, 0x2, 0x8f, 0xff, 0x40,
    0x0, 0x3d, 0xff, 0xff, 0xff, 0xff, 0xe4, 0x0,
    0x0, 0x8, 0xff, 0xff, 0xff, 0xff, 0x91, 0x0,
    0x2, 0xef, 0xff, 0xca, 0xab, 0xff, 0xfe, 0x30,
    0xe, 0xff, 0xb1, 0x0, 0x0, 0x1a, 0xff, 0xe1,
    0x7f, 0xfd, 0x0, 0x0, 0x0, 0x0, 0xcf, 0xf9,
    0xcf, 0xf7, 0x0, 0x0, 0x0, 0x0, 0x5f, 0xfd,
    0xdf, 0xf5, 0x0, 0x0, 0x0, 0x0, 0x4f, 0xff,
    0xcf, 0xf7, 0x0, 0x0, 0x0, 0x0, 0x6f, 0xfe,
    0xaf, 0xfe, 0x10, 0x0, 0x0, 0x0, 0xdf, 0xfb,
    0x3f, 0xff, 0xe6, 0x10, 0x1, 0x5d, 0xff, 0xf5,
    0x9, 0xff, 0xff, 0xff, 0xff, 0xff, 0xff, 0xa0,
    0x0, 0x7f, 0xff, 0xff, 0xff, 0xff, 0xf9, 0x0,
    0x0, 0x1, 0x7b, 0xef, 0xfe, 0xc7, 0x20, 0x0,

    /* U+0039 "9" */
    0x0, 0x1, 0x7c, 0xef, 0xec, 0x71, 0x0, 0x0,
    0x0, 0x5e, 0xff, 0xff, 0xff, 0xfe, 0x30, 0x0,
    0x5, 0xff, 0xff, 0xfd, 0xff, 0xff, 0xf3, 0x0,
    0x1f, 0xff, 0xe4, 0x0, 0x4, 0xdf, 0xfd, 0x0,
    0x7f, 0xff, 0x20, 0x0, 0x0, 0x1e, 0xff, 0x50,
    0xbf, 0xf9, 0x0, 0x0, 0x0, 0x7, 0xff, 0xa0,
    0xdf, 0xf6, 0x0, 0x0, 0x0, 0x4, 0xff, 0xe0,
    0xdf, 0xf6, 0x0, 0x0, 0x0, 0x4, 0xff, 0xf0,
    0xbf, 0xf9, 0x0, 0x0, 0x0, 0x8, 0xff, 0xf1,
    0x6f, 0xff, 0x20, 0x0, 0x0, 0x2e, 0xff, 0xf2,
    0x1e, 0xff, 0xe6, 0x10, 0x16, 0xef, 0xff, 0xf2,
    0x4, 0xff, 0xff, 0xff, 0xff, 0xfc, 0xff, 0xf1,
    0x0, 0x3e, 0xff, 0xff, 0xff, 0xa3, 0xff, 0xf0,
    0x0, 0x0, 0x59, 0xaa, 0x83, 0x5, 0xff, 0xd0,
    0x0, 0x0, 0x0, 0x0, 0x0, 0x9, 0xff, 0xa0,
    0x0, 0x0, 0x0, 0x0, 0x0, 0xe, 0xff, 0x50,
    0x6d, 0xda, 0x0, 0x0, 0x0, 0x9f, 0xfe, 0x0,
    0x1f, 0xff, 0x91, 0x0, 0x29, 0xff, 0xf7, 0x0,
    0x6, 0xff, 0xff, 0xee, 0xff, 0xff, 0xb0, 0x0,
    0x0, 0x7f, 0xff, 0xff, 0xff, 0xfa, 0x10, 0x0,
    0x0, 0x3, 0x9d, 0xff, 0xda, 0x40, 0x0, 0x0,

    /* U+003A ":" */
    0x8f, 0xff, 0x38, 0xff, 0xf3, 0x8f, 0xff, 0x35,
    0xbb, 0xb2, 0x0, 0x0, 0x0, 0x0, 0x0, 0x0,
    0x0, 0x0, 0x0, 0x0, 0x0, 0x0, 0x0, 0x0,
    0x0, 0x0, 0x0, 0x5, 0xbb, 0xb2, 0x8f, 0xff,
    0x38, 0xff, 0xf3, 0x8f, 0xff, 0x30,

    /* U+003B ";" */
    0x5b, 0xbb, 0x28, 0xff, 0xf3, 0x8f, 0xff, 0x38,
    0xff, 0xf3, 0x0, 0x0, 0x0, 0x0, 0x0, 0x0,
    0x0, 0x0, 0x0, 0x0, 0x0, 0x0, 0x0, 0x0,
    0x0, 0x0, 0x0, 0x0, 0x0, 0x0, 0x5b, 0xbb,
    0x28, 0xff, 0xf3, 0x8f, 0xff, 0x38, 0xff, 0xf3,
    0x1, 0xfd, 0x0, 0x7f, 0x60, 0xd, 0xf1, 0x2,
    0xf9, 0x0,

    /* U+003C "<" */
    0x0, 0x0, 0x0, 0x0, 0x0, 0x0, 0x0, 0x0,
    0x0, 0x0, 0x0, 0x0, 0x5, 0xc6, 0x0, 0x0,
    0x0, 0x0, 0x17, 0xef, 0xf6, 0x0, 0x0, 0x0,
    0x29, 0xff, 0xff, 0xf4, 0x0, 0x0, 0x3a, 0xff,
    0xff, 0xf8, 0x10, 0x0, 0x5c, 0xff, 0xff, 0xd7,
    0x0, 0x0, 0x6e, 0xff, 0xff, 0xc5, 0x0, 0x0,
    0x0, 0xdf, 0xff, 0xa3, 0x0, 0x0, 0x0, 0x0,
    0xdf, 0xf4, 0x0, 0x0, 0x0, 0x0, 0x0, 0xdf,
    0xff, 0xb4, 0x0, 0x0, 0x0, 0x0, 0x5d, 0xff,
    0xff, 0xd6, 0x0, 0x0, 0x0, 0x0, 0x4b, 0xff,
    0xff, 0xe7, 0x10, 0x0, 0x0, 0x0, 0x29, 0xff,
    0xff, 0xf9, 0x20, 0x0, 0x0, 0x0, 0x18, 0xef,
    0xff, 0xf5, 0x0, 0x0, 0x0, 0x0, 0x6, 0xdf,
    0xf6, 0x0, 0x0, 0x0, 0x0, 0x0, 0x4, 0xb6,
    0x0, 0x0, 0x0, 0x0, 0x0, 0x0, 0x0,

    /* U+003D "=" */
    0xdf, 0xff, 0xff, 0xff, 0xff, 0xff, 0xf9, 0xdf,
    0xff, 0xff, 0xff, 0xff, 0xff, 0xf9, 0x9b, 0xbb,
    0xbb, 0xbb, 0xbb, 0xbb, 0xb6, 0x0, 0x0, 0x0,
    0x0, 0x0, 0x0, 0x0, 0x0, 0x0, 0x0, 0x0,
    0x0, 0x0, 0x0, 0x0, 0x0, 0x0, 0x0, 0x0,
    0x0, 0x0, 0x9b, 0xbb, 0xbb, 0xbb, 0xbb, 0xbb,
    0xb6, 0xdf, 0xff, 0xff, 0xff, 0xff, 0xff, 0xf9,
    0xdf, 0xff, 0xff, 0xff, 0xff, 0xff, 0xf9,

    /* U+003E ">" */
    0x0, 0x0, 0x0, 0x0, 0x0, 0x0, 0x0, 0x8b,
    0x40, 0x0, 0x0, 0x0, 0x0, 0x0, 0x8f, 0xfd,
    0x60, 0x0, 0x0, 0x0, 0x0, 0x7f, 0xff, 0xfe,
    0x81, 0x0, 0x0, 0x0, 0x2, 0x9f, 0xff, 0xff,
    0x92, 0x0, 0x0, 0x0, 0x1, 0x8e, 0xff, 0xff,
    0xb4, 0x0, 0x0, 0x0, 0x0, 0x6d, 0xff, 0xff,
    0xd4, 0x0, 0x0, 0x0, 0x0, 0x4c, 0xff, 0xfa,
    0x0, 0x0, 0x0, 0x0, 0x0, 0x7f, 0xfa, 0x0,
    0x0, 0x0, 0x0, 0x5c, 0xff, 0xfa, 0x0, 0x0,
    0x1, 0x7e, 0xff, 0xff, 0xc4, 0x0, 0x2, 0x9f,
    0xff, 0xff, 0xa3, 0x0, 0x3, 0xaf, 0xff, 0xff,
    0x81, 0x0, 0x0, 0x7f, 0xff, 0xfd, 0x70, 0x0,
    0x0, 0x0, 0x8f, 0xfc, 0x50, 0x0, 0x0, 0x0,
    0x0, 0x8a, 0x30, 0x0, 0x0, 0x0, 0x0, 0x0,
    0x0, 0x0, 0x0, 0x0, 0x0, 0x0, 0x0,

    /* U+003F "?" */
    0x0, 0x0, 0x6b, 0xef, 0xec, 0x71, 0x0, 0x0,
    0x3, 0xdf, 0xff, 0xff, 0xff, 0xe4, 0x0, 0x2,
    0xff, 0xff, 0xfe, 0xff, 0xff, 0xf3, 0x0, 0xcf,
    0xfe, 0x50, 0x0, 0x4e, 0xff, 0xc0, 0x4f, 0xff,
    0x30, 0x0, 0x0, 0x4f, 0xff, 0x18, 0xff, 0xc0,
    0x0, 0x0, 0x0, 0xff, 0xf4, 0x7a, 0xa5, 0x0,
    0x0, 0x0, 0xf, 0xff, 0x40, 0x0, 0x0, 0x0,
    0x0, 0x3, 0xff, 0xf1, 0x0, 0x0, 0x0, 0x0,
    0x3, 0xef, 0xfa, 0x0, 0x0, 0x0, 0x0, 0x8,
    0xff, 0xfc, 0x10, 0x0, 0x0, 0x0, 0x1c, 0xff,
    0xf9, 0x0, 0x0, 0x0, 0x0, 0xa, 0xff, 0xf5,
    0x0, 0x0, 0x0, 0x0, 0x1, 0xff, 0xf4, 0x0,
    0x0, 0x0, 0x0, 0x0, 0x4f, 0xfe, 0x0, 0x0,
    0x0, 0x0, 0x0, 0x5, 0xee, 0xb0, 0x0, 0x0,
    0x0, 0x0, 0x0, 0x0, 0x0, 0x0, 0x0, 0x0,
    0x0, 0x0, 0x0, 0x0, 0x0, 0x0, 0x0, 0x0,
    0x0, 0x0, 0x8b, 0xba, 0x0, 0x0, 0x0, 0x0,
    0x0, 0xc, 0xff, 0xf0, 0x0, 0x0, 0x0, 0x0,
    0x0, 0xcf, 0xff, 0x0, 0x0, 0x0, 0x0, 0x0,
    0xc, 0xff, 0xf0, 0x0, 0x0, 0x0,

    /* U+0040 "@" */
    0x0, 0x0, 0x0, 0x0, 0x26, 0xbd, 0xef, 0xfd,
    0xa6, 0x10, 0x0, 0x0, 0x0, 0x0, 0x0, 0x2,
    0xbf, 0xff, 0xff, 0xff, 0xff, 0xff, 0x91, 0x0,
    0x0, 0x0, 0x0, 0x8, 0xff, 0xfe, 0x96, 0x44,
    0x56, 0xae, 0xff, 0xe3, 0x0, 0x0, 0x0, 0xb,
    0xff, 0xc4, 0x0, 0x0, 0x0, 0x0, 0x6, 0xef,
    0xf3, 0x0, 0x0, 0xa, 0xff, 0x80, 0x0, 0x0,
    0x0, 0x0, 0x0, 0x1, 0xdf, 0xd0, 0x0, 0x6,
    0xff, 0x70, 0x0, 0x0, 0x0, 0x0, 0x0, 0x0,
    0x2, 0xff, 0x70, 0x1, 0xff, 0xa0, 0x0, 0x6,
    0xce, 0xfc, 0x52, 0xff, 0x60, 0x8, 0xfe, 0x0,
    0x8f, 0xf1, 0x0, 0x1b, 0xff, 0xff, 0xff, 0xbf,
    0xf4, 0x0, 0x2f, 0xf3, 0xe, 0xf8, 0x0, 0xb,
    0xff, 0xd6, 0x46, 0xdf, 0xff, 0x30, 0x0, 0xef,
    0x62, 0xff, 0x30, 0x4, 0xff, 0xc0, 0x0, 0x1,
    0xff, 0xf2, 0x0, 0xd, 0xf8, 0x6f, 0xe0, 0x0,
    0xaf, 0xf3, 0x0, 0x0, 0x9, 0xff, 0x10, 0x0,
    0xcf, 0x88, 0xfb, 0x0, 0xe, 0xfe, 0x0, 0x0,
    0x0, 0x7f, 0xf0, 0x0, 0xd, 0xf7, 0xaf, 0xa0,
    0x0, 0xff, 0xc0, 0x0, 0x0, 0x9, 0xfe, 0x0,
    0x0, 0xef, 0x5b, 0xf9, 0x0, 0xf, 0xfd, 0x0,
    0x0, 0x0, 0xdf, 0xd0, 0x0, 0x2f, 0xf1, 0xaf,
    0xb0, 0x0, 0xdf, 0xf2, 0x0, 0x0, 0x5f, 0xfc,
    0x0, 0x9, 0xfb, 0x9, 0xfc, 0x0, 0x7, 0xff,
    0xd3, 0x1, 0x7f, 0xff, 0xf2, 0x7, 0xff, 0x30,
    0x6f, 0xf0, 0x0, 0xc, 0xff, 0xff, 0xff, 0xe3,
    0xff, 0xff, 0xff, 0x70, 0x2, 0xff, 0x60, 0x0,
    0x8, 0xef, 0xff, 0x91, 0x4, 0xef, 0xfd, 0x50,
    0x0, 0xc, 0xfd, 0x0, 0x0, 0x0, 0x11, 0x0,
    0x0, 0x0, 0x10, 0x0, 0x0, 0x0, 0x4f, 0xfa,
    0x0, 0x0, 0x0, 0x0, 0x0, 0x0, 0x0, 0x0,
    0x0, 0x0, 0x0, 0xaf, 0xfb, 0x10, 0x0, 0x0,
    0x0, 0x0, 0x11, 0x0, 0x0, 0x0, 0x0, 0x0,
    0xbf, 0xff, 0xa5, 0x21, 0x1, 0x36, 0xaf, 0x70,
    0x0, 0x0, 0x0, 0x0, 0x0, 0x7f, 0xff, 0xff,
    0xff, 0xff, 0xff, 0xfa, 0x0, 0x0, 0x0, 0x0,
    0x0, 0x0, 0x17, 0xcf, 0xff, 0xff, 0xfe, 0xa6,
    0x0, 0x0, 0x0, 0x0, 0x0, 0x0, 0x0, 0x0,
    0x2, 0x33, 0x21, 0x0, 0x0, 0x0, 0x0, 0x0,
    0x0,

    /* U+0041 "A" */
    0x0, 0x0, 0x0, 0x2, 0xff, 0xff, 0x20, 0x0,
    0x0, 0x0, 0x0, 0x0, 0x0, 0x8, 0xff, 0xff,
    0x80, 0x0, 0x0, 0x0, 0x0, 0x0, 0x0, 0xe,
    0xff, 0xff, 0xd0, 0x0, 0x0, 0x0, 0x0, 0x0,
    0x0, 0x3f, 0xfd, 0xef, 0xf3, 0x0, 0x0, 0x0,
    0x0, 0x0, 0x0, 0x9f, 0xf8, 0x9f, 0xf9, 0x0,
    0x0, 0x0, 0x0, 0x0, 0x0, 0xef, 0xf3, 0x4f,
    0xfe, 0x0, 0x0, 0x0, 0x0, 0x0, 0x4, 0xff,
    0xd0, 0xe, 0xff, 0x40, 0x0, 0x0, 0x0, 0x0,
    0xa, 0xff, 0x80, 0x9, 0xff, 0xa0, 0x0, 0x0,
    0x0, 0x0, 0xf, 0xff, 0x30, 0x4, 0xff, 0xf0,
    0x0, 0x0, 0x0, 0x0, 0x5f, 0xfe, 0x0, 0x0,
    0xef, 0xf5, 0x0, 0x0, 0x0, 0x0, 0xbf, 0xf9,
    0x0, 0x0, 0x9f, 0xfb, 0x0, 0x0, 0x0, 0x1,
    0xff, 0xf3, 0x0, 0x0, 0x4f, 0xff, 0x10, 0x0,
    0x0, 0x6, 0xff, 0xe0, 0x0, 0x0, 0xe, 0xff,
    0x60, 0x0, 0x0, 0xc, 0xff, 0xff, 0xff, 0xff,
    0xff, 0xff, 0xc0, 0x0, 0x0, 0x2f, 0xff, 0xff,
    0xff, 0xff, 0xff, 0xff, 0xf1, 0x0, 0x0, 0x7f,
    0xff, 0xee, 0xee, 0xee, 0xee, 0xff, 0xf7, 0x0,
    0x0, 0xdf, 0xf8, 0x0, 0x0, 0x0, 0x0, 0x9f,
    0xfd, 0x0, 0x3, 0xff, 0xf2, 0x0, 0x0, 0x0,
    0x0, 0x3f, 0xff, 0x20, 0x8, 0xff, 0xd0, 0x0,
    0x0, 0x0, 0x0, 0xd, 0xff, 0x80, 0xe, 0xff,
    0x70, 0x0, 0x0, 0x0, 0x0, 0x7, 0xff, 0xd0,
    0x3f, 0xff, 0x10, 0x0, 0x0, 0x0, 0x0, 0x2,
    0xff, 0xf3,

    /* U+0042 "B" */
    0x8f, 0xff, 0xff, 0xff, 0xfe, 0xc8, 0x20, 0x0,
    0x8, 0xff, 0xff, 0xff, 0xff, 0xff, 0xff, 0x90,
    0x0, 0x8f, 0xff, 0xdd, 0xdd, 0xef, 0xff, 0xff,
    0x80, 0x8, 0xff, 0xa0, 0x0, 0x0, 0x5, 0xef,
    0xff, 0x0, 0x8f, 0xfa, 0x0, 0x0, 0x0, 0x3,
    0xff, 0xf4, 0x8, 0xff, 0xa0, 0x0, 0x0, 0x0,
    0xe, 0xff, 0x50, 0x8f, 0xfa, 0x0, 0x0, 0x0,
    0x0, 0xef, 0xf4, 0x8, 0xff, 0xa0, 0x0, 0x0,
    0x0, 0x5f, 0xff, 0x0, 0x8f, 0xfa, 0x0, 0x0,
    0x13, 0x9f, 0xff, 0x60, 0x8, 0xff, 0xff, 0xff,
    0xff, 0xff, 0xfd, 0x50, 0x0, 0x8f, 0xff, 0xff,
    0xff, 0xff, 0xfd, 0x94, 0x0, 0x8, 0xff, 0xeb,
    0xbb, 0xbb, 0xce, 0xff, 0xf9, 0x0, 0x8f, 0xfa,
    0x0, 0x0, 0x0, 0x5, 0xef, 0xf7, 0x8, 0xff,
    0xa0, 0x0, 0x0, 0x0, 0x5, 0xff, 0xe0, 0x8f,
    0xfa, 0x0, 0x0, 0x0, 0x0, 0xf, 0xff, 0x28,
    0xff, 0xa0, 0x0, 0x0, 0x0, 0x0, 0xff, 0xf3,
    0x8f, 0xfa, 0x0, 0x0, 0x0, 0x0, 0x6f, 0xff,
    0x18, 0xff, 0xa0, 0x0, 0x0, 0x1, 0x7f, 0xff,
    0xd0, 0x8f, 0xff, 0xdd, 0xdd, 0xde, 0xff, 0xff,
    0xf4, 0x8, 0xff, 0xff, 0xff, 0xff, 0xff, 0xff,
    0xf6, 0x0, 0x8f, 0xff, 0xff, 0xff, 0xff, 0xec,
    0x71, 0x0, 0x0,

    /* U+0043 "C" */
    0x0, 0x0, 0x1, 0x7c, 0xef, 0xfd, 0xa5, 0x0,
    0x0, 0x0, 0x0, 0x8, 0xff, 0xff, 0xff, 0xff,
    0xfd, 0x30, 0x0, 0x0, 0xb, 0xff, 0xff, 0xff,
    0xff, 0xff, 0xff, 0x30, 0x0, 0xa, 0xff, 0xfd,
    0x51, 0x0, 0x28, 0xff, 0xfe, 0x10, 0x4, 0xff,
    0xfa, 0x0, 0x0, 0x0, 0x4, 0xff, 0xf8, 0x0,
    0xcf, 0xfd, 0x0, 0x0, 0x0, 0x0, 0x8, 0xff,
    0xe0, 0x2f, 0xff, 0x50, 0x0, 0x0, 0x0, 0x0,
    0x1f, 0xff, 0x36, 0xff, 0xf0, 0x0, 0x0, 0x0,
    0x0, 0x0, 0x22, 0x21, 0x9f, 0xfb, 0x0, 0x0,
    0x0, 0x0, 0x0, 0x0, 0x0, 0xa, 0xff, 0x90,
    0x0, 0x0, 0x0, 0x0, 0x0, 0x0, 0x0, 0xbf,
    0xf8, 0x0, 0x0, 0x0, 0x0, 0x0, 0x0, 0x0,
    0xa, 0xff, 0x90, 0x0, 0x0, 0x0, 0x0, 0x0,
    0x0, 0x0, 0x9f, 0xfb, 0x0, 0x0, 0x0, 0x0,
    0x0, 0x0, 0x0, 0x6, 0xff, 0xe0, 0x0, 0x0,
    0x0, 0x0, 0x0, 0x79, 0x94, 0x2f, 0xff, 0x40,
    0x0, 0x0, 0x0, 0x0, 0xf, 0xff, 0x40, 0xcf,
    0xfd, 0x0, 0x0, 0x0, 0x0, 0x6, 0xff, 0xf0,
    0x5, 0xff, 0xfa, 0x0, 0x0, 0x0, 0x3, 0xff,
    0xf8, 0x0, 0xa, 0xff, 0xfc, 0x50, 0x0, 0x27,
    0xff, 0xfe, 0x10, 0x0, 0xc, 0xff, 0xff, 0xff,
    0xff, 0xff, 0xff, 0x20, 0x0, 0x0, 0x8, 0xff,
    0xff, 0xff, 0xff, 0xfc, 0x20, 0x0, 0x0, 0x0,
    0x2, 0x8c, 0xef, 0xed, 0x94, 0x0, 0x0, 0x0,

    /* U+0044 "D" */
    0x8f, 0xff, 0xff, 0xff, 0xec, 0x83, 0x0, 0x0,
    0x0, 0x8f, 0xff, 0xff, 0xff, 0xff, 0xff, 0xc2,
    0x0, 0x0, 0x8f, 0xff, 0xee, 0xef, 0xff, 0xff,
    0xff, 0x40, 0x0, 0x8f, 0xfa, 0x0, 0x0, 0x3,
    0x9f, 0xff, 0xf2, 0x0, 0x8f, 0xfa, 0x0, 0x0,
    0x0, 0x3, 0xef, 0xfc, 0x0, 0x8f, 0xfa, 0x0,
    0x0, 0x0, 0x0, 0x4f, 0xff, 0x40, 0x8f, 0xfa,
    0x0, 0x0, 0x0, 0x0, 0xc, 0xff, 0x90, 0x8f,
    0xfa, 0x0, 0x0, 0x0, 0x0, 0x7, 0xff, 0xd0,
    0x8f, 0xfa, 0x0, 0x0, 0x0, 0x0, 0x3, 0xff,
    0xf0, 0x8f, 0xfa, 0x0, 0x0, 0x0, 0x0, 0x2,
    0xff, 0xf1, 0x8f, 0xfa, 0x0, 0x0, 0x0, 0x0,
    0x1, 0xff, 0xf2, 0x8f, 0xfa, 0x0, 0x0, 0x0,
    0x0, 0x2, 0xff, 0xf1, 0x8f, 0xfa, 0x0, 0x0,
    0x0, 0x0, 0x3, 0xff, 0xf0, 0x8f, 0xfa, 0x0,
    0x0, 0x0, 0x0, 0x6, 0xff, 0xd0, 0x8f, 0xfa,
    0x0, 0x0, 0x0, 0x0, 0xc, 0xff, 0xa0, 0x8f,
    0xfa, 0x0, 0x0, 0x0, 0x0, 0x4f, 0xff, 0x40,
    0x8f, 0xfa, 0x0, 0x0, 0x0, 0x3, 0xef, 0xfd,
    0x0, 0x8f, 0xfa, 0x0, 0x0, 0x3, 0x9f, 0xff,
    0xf3, 0x0, 0x8f, 0xff, 0xee, 0xee, 0xff, 0xff,
    0xff, 0x50, 0x0, 0x8f, 0xff, 0xff, 0xff, 0xff,
    0xff, 0xc3, 0x0, 0x0, 0x8f, 0xff, 0xff, 0xff,
    0xec, 0x94, 0x0, 0x0, 0x0,

    /* U+0045 "E" */
    0x8f, 0xff, 0xff, 0xff, 0xff, 0xff, 0xfe, 0x8,
    0xff, 0xff, 0xff, 0xff, 0xff, 0xff, 0xe0, 0x8f,
    0xff, 0xee, 0xee, 0xee, 0xee, 0xec, 0x8, 0xff,
    0xa0, 0x0, 0x0, 0x0, 0x0, 0x0, 0x8f, 0xfa,
    0x0, 0x0, 0x0, 0x0, 0x0, 0x8, 0xff, 0xa0,
    0x0, 0x0, 0x0, 0x0, 0x0, 0x8f, 0xfa, 0x0,
    0x0, 0x0, 0x0, 0x0, 0x8, 0xff, 0xa0, 0x0,
    0x0, 0x0, 0x0, 0x0, 0x8f, 0xfa, 0x0, 0x0,
    0x0, 0x0, 0x0, 0x8, 0xff, 0xed, 0xdd, 0xdd,
    0xdd, 0xdd, 0x70, 0x8f, 0xff, 0xff, 0xff, 0xff,
    0xff, 0xf8, 0x8, 0xff, 0xff, 0xff, 0xff, 0xff,
    0xff, 0x80, 0x8f, 0xfa, 0x0, 0x0, 0x0, 0x0,
    0x0, 0x8, 0xff, 0xa0, 0x0, 0x0, 0x0, 0x0,
    0x0, 0x8f, 0xfa, 0x0, 0x0, 0x0, 0x0, 0x0,
    0x8, 0xff, 0xa0, 0x0, 0x0, 0x0, 0x0, 0x0,
    0x8f, 0xfa, 0x0, 0x0, 0x0, 0x0, 0x0, 0x8,
    0xff, 0xa0, 0x0, 0x0, 0x0, 0x0, 0x0, 0x8f,
    0xff, 0xee, 0xee, 0xee, 0xee, 0xee, 0x18, 0xff,
    0xff, 0xff, 0xff, 0xff, 0xff, 0xf2, 0x8f, 0xff,
    0xff, 0xff, 0xff, 0xff, 0xff, 0x20,

    /* U+0046 "F" */
    0x8f, 0xff, 0xff, 0xff, 0xff, 0xff, 0xfd, 0x8f,
    0xff, 0xff, 0xff, 0xff, 0xff, 0xfd, 0x8f, 0xff,
    0xee, 0xee, 0xee, 0xee, 0xec, 0x8f, 0xfa, 0x0,
    0x0, 0x0, 0x0, 0x0, 0x8f, 0xfa, 0x0, 0x0,
    0x0, 0x0, 0x0, 0x8f, 0xfa, 0x0, 0x0, 0x0,
    0x0, 0x0, 0x8f, 0xfa, 0x0, 0x0, 0x0, 0x0,
    0x0, 0x8f, 0xfa, 0x0, 0x0, 0x0, 0x0, 0x0,
    0x8f, 0xfa, 0x0, 0x0, 0x0, 0x0, 0x0, 0x8f,
    0xff, 0xdd, 0xdd, 0xdd, 0xdd, 0xd4, 0x8f, 0xff,
    0xff, 0xff, 0xff, 0xff, 0xf5, 0x8f, 0xff, 0xff,
    0xff, 0xff, 0xff, 0xf5, 0x8f, 0xfa, 0x0, 0x0,
    0x0, 0x0, 0x0, 0x8f, 0xfa, 0x0, 0x0, 0x0,
    0x0, 0x0, 0x8f, 0xfa, 0x0, 0x0, 0x0, 0x0,
    0x0, 0x8f, 0xfa, 0x0, 0x0, 0x0, 0x0, 0x0,
    0x8f, 0xfa, 0x0, 0x0, 0x0, 0x0, 0x0, 0x8f,
    0xfa, 0x0, 0x0, 0x0, 0x0, 0x0, 0x8f, 0xfa,
    0x0, 0x0, 0x0, 0x0, 0x0, 0x8f, 0xfa, 0x0,
    0x0, 0x0, 0x0, 0x0, 0x8f, 0xfa, 0x0, 0x0,
    0x0, 0x0, 0x0,

    /* U+0047 "G" */
    0x0, 0x0, 0x1, 0x7c, 0xef, 0xed, 0x94, 0x0,
    0x0, 0x0, 0x0, 0x8, 0xff, 0xff, 0xff, 0xff,
    0xfc, 0x20, 0x0, 0x0, 0xb, 0xff, 0xff, 0xfe,
    0xff, 0xff, 0xfe, 0x20, 0x0, 0x9, 0xff, 0xfb,
    0x40, 0x0, 0x17, 0xff, 0xfd, 0x0, 0x4, 0xff,
    0xfa, 0x0, 0x0, 0x0, 0x3, 0xff, 0xf6, 0x0,
    0xcf, 0xfc, 0x0, 0x0, 0x0, 0x0, 0x8, 0xff,
    0xd0, 0x2f, 0xff, 0x40, 0x0, 0x0, 0x0, 0x0,
    0x2b, 0xbb, 0x16, 0xff, 0xf0, 0x0, 0x0, 0x0,
    0x0, 0x0, 0x0, 0x0, 0x9f, 0xfb, 0x0, 0x0,
    0x0, 0x0, 0x0, 0x0, 0x0, 0xa, 0xff, 0x90,
    0x0, 0x0, 0x0, 0x0, 0x0, 0x0, 0x0, 0xbf,
    0xf8, 0x0, 0x0, 0x3, 0xff, 0xff, 0xff, 0xff,
    0x4a, 0xff, 0x90, 0x0, 0x0, 0x3f, 0xff, 0xff,
    0xff, 0xf4, 0x9f, 0xfb, 0x0, 0x0, 0x2, 0xaa,
    0xaa, 0xae, 0xff, 0x46, 0xff, 0xe0, 0x0, 0x0,
    0x0, 0x0, 0x0, 0xdf, 0xf4, 0x2f, 0xff, 0x30,
    0x0, 0x0, 0x0, 0x0, 0x1f, 0xff, 0x40, 0xcf,
    0xfc, 0x0, 0x0, 0x0, 0x0, 0x8, 0xff, 0xf4,
    0x5, 0xff, 0xf9, 0x0, 0x0, 0x0, 0x5, 0xff,
    0xff, 0x40, 0xb, 0xff, 0xfc, 0x40, 0x0, 0x29,
    0xff, 0xdf, 0xf4, 0x0, 0xc, 0xff, 0xff, 0xff,
    0xff, 0xff, 0xf2, 0xff, 0x40, 0x0, 0x9, 0xff,
    0xff, 0xff, 0xff, 0xd3, 0xf, 0xf4, 0x0, 0x0,
    0x2, 0x8c, 0xef, 0xeb, 0x60, 0x0, 0xef, 0x40,

    /* U+0048 "H" */
    0x8f, 0xfa, 0x0, 0x0, 0x0, 0x0, 0xd, 0xff,
    0x48, 0xff, 0xa0, 0x0, 0x0, 0x0, 0x0, 0xdf,
    0xf4, 0x8f, 0xfa, 0x0, 0x0, 0x0, 0x0, 0xd,
    0xff, 0x48, 0xff, 0xa0, 0x0, 0x0, 0x0, 0x0,
    0xdf, 0xf4, 0x8f, 0xfa, 0x0, 0x0, 0x0, 0x0,
    0xd, 0xff, 0x48, 0xff, 0xa0, 0x0, 0x0, 0x0,
    0x0, 0xdf, 0xf4, 0x8f, 0xfa, 0x0, 0x0, 0x0,
    0x0, 0xd, 0xff, 0x48, 0xff, 0xa0, 0x0, 0x0,
    0x0, 0x0, 0xdf, 0xf4, 0x8f, 0xfa, 0x0, 0x0,
    0x0, 0x0, 0xd, 0xff, 0x48, 0xff, 0xff, 0xff,
    0xff, 0xff, 0xff, 0xff, 0xf4, 0x8f, 0xff, 0xff,
    0xff, 0xff, 0xff, 0xff, 0xff, 0x48, 0xff, 0xfe,
    0xee, 0xee, 0xee, 0xee, 0xff, 0xf4, 0x8f, 0xfa,
    0x0, 0x0, 0x0, 0x0, 0xd, 0xff, 0x48, 0xff,
    0xa0, 0x0, 0x0, 0x0, 0x0, 0xdf, 0xf4, 0x8f,
    0xfa, 0x0, 0x0, 0x0, 0x0, 0xd, 0xff, 0x48,
    0xff, 0xa0, 0x0, 0x0, 0x0, 0x0, 0xdf, 0xf4,
    0x8f, 0xfa, 0x0, 0x0, 0x0, 0x0, 0xd, 0xff,
    0x48, 0xff, 0xa0, 0x0, 0x0, 0x0, 0x0, 0xdf,
    0xf4, 0x8f, 0xfa, 0x0, 0x0, 0x0, 0x0, 0xd,
    0xff, 0x48, 0xff, 0xa0, 0x0, 0x0, 0x0, 0x0,
    0xdf, 0xf4, 0x8f, 0xfa, 0x0, 0x0, 0x0, 0x0,
    0xd, 0xff, 0x40,

    /* U+0049 "I" */
    0x8f, 0xfa, 0x8f, 0xfa, 0x8f, 0xfa, 0x8f, 0xfa,
    0x8f, 0xfa, 0x8f, 0xfa, 0x8f, 0xfa, 0x8f, 0xfa,
    0x8f, 0xfa, 0x8f, 0xfa, 0x8f, 0xfa, 0x8f, 0xfa,
    0x8f, 0xfa, 0x8f, 0xfa, 0x8f, 0xfa, 0x8f, 0xfa,
    0x8f, 0xfa, 0x8f, 0xfa, 0x8f, 0xfa, 0x8f, 0xfa,
    0x8f, 0xfa,

    /* U+004A "J" */
    0x0, 0x0, 0x0, 0x0, 0x0, 0x9, 0xff, 0x80,
    0x0, 0x0, 0x0, 0x0, 0x0, 0x9f, 0xf8, 0x0,
    0x0, 0x0, 0x0, 0x0, 0x9, 0xff, 0x80, 0x0,
    0x0, 0x0, 0x0, 0x0, 0x9f, 0xf8, 0x0, 0x0,
    0x0, 0x0, 0x0, 0x9, 0xff, 0x80, 0x0, 0x0,
    0x0, 0x0, 0x0, 0x9f, 0xf8, 0x0, 0x0, 0x0,
    0x0, 0x0, 0x9, 0xff, 0x80, 0x0, 0x0, 0x0,
    0x0, 0x0, 0x9f, 0xf8, 0x0, 0x0, 0x0, 0x0,
    0x0, 0x9, 0xff, 0x80, 0x0, 0x0, 0x0, 0x0,
    0x0, 0x9f, 0xf8, 0x0, 0x0, 0x0, 0x0, 0x0,
    0x9, 0xff, 0x80, 0x0, 0x0, 0x0, 0x0, 0x0,
    0x9f, 0xf8, 0x0, 0x0, 0x0, 0x0, 0x0, 0x9,
    0xff, 0x81, 0x77, 0x70, 0x0, 0x0, 0x0, 0x9f,
    0xf8, 0x2f, 0xff, 0x0, 0x0, 0x0, 0xb, 0xff,
    0x60, 0xff, 0xf3, 0x0, 0x0, 0x0, 0xef, 0xf4,
    0xa, 0xff, 0xa0, 0x0, 0x0, 0x5f, 0xff, 0x0,
    0x4f, 0xff, 0x91, 0x0, 0x5f, 0xff, 0x90, 0x0,
    0x9f, 0xff, 0xfe, 0xff, 0xff, 0xe0, 0x0, 0x0,
    0x9f, 0xff, 0xff, 0xff, 0xd2, 0x0, 0x0, 0x0,
    0x3a, 0xdf, 0xec, 0x60, 0x0, 0x0,

    /* U+004B "K" */
    0x8f, 0xfa, 0x0, 0x0, 0x0, 0x2, 0xff, 0xfa,
    0x8, 0xff, 0xa0, 0x0, 0x0, 0x1, 0xef, 0xfc,
    0x0, 0x8f, 0xfa, 0x0, 0x0, 0x0, 0xdf, 0xfd,
    0x10, 0x8, 0xff, 0xa0, 0x0, 0x0, 0xbf, 0xfe,
    0x20, 0x0, 0x8f, 0xfa, 0x0, 0x0, 0x9f, 0xff,
    0x30, 0x0, 0x8, 0xff, 0xa0, 0x0, 0x7f, 0xff,
    0x50, 0x0, 0x0, 0x8f, 0xfa, 0x0, 0x5f, 0xff,
    0x80, 0x0, 0x0, 0x8, 0xff, 0xa0, 0x3f, 0xff,
    0xa0, 0x0, 0x0, 0x0, 0x8f, 0xfa, 0x2e, 0xff,
    0xc0, 0x0, 0x0, 0x0, 0x8, 0xff, 0xbd, 0xff,
    0xf7, 0x0, 0x0, 0x0, 0x0, 0x8f, 0xff, 0xff,
    0xff, 0xf2, 0x0, 0x0, 0x0, 0x8, 0xff, 0xff,
    0xed, 0xff, 0xd0, 0x0, 0x0, 0x0, 0x8f, 0xff,
    0xf3, 0x2f, 0xff, 0x90, 0x0, 0x0, 0x8, 0xff,
    0xf4, 0x0, 0x6f, 0xff, 0x40, 0x0, 0x0, 0x8f,
    0xfa, 0x0, 0x0, 0xaf, 0xfe, 0x10, 0x0, 0x8,
    0xff, 0xa0, 0x0, 0x1, 0xef, 0xfb, 0x0, 0x0,
    0x8f, 0xfa, 0x0, 0x0, 0x4, 0xff, 0xf6, 0x0,
    0x8, 0xff, 0xa0, 0x0, 0x0, 0x8, 0xff, 0xf2,
    0x0, 0x8f, 0xfa, 0x0, 0x0, 0x0, 0xd, 0xff,
    0xd0, 0x8, 0xff, 0xa0, 0x0, 0x0, 0x0, 0x2f,
    0xff, 0x80, 0x8f, 0xfa, 0x0, 0x0, 0x0, 0x0,
    0x6f, 0xff, 0x40,

    /* U+004C "L" */
    0x8f, 0xfa, 0x0, 0x0, 0x0, 0x0, 0x0, 0x8f,
    0xfa, 0x0, 0x0, 0x0, 0x0, 0x0, 0x8f, 0xfa,
    0x0, 0x0, 0x0, 0x0, 0x0, 0x8f, 0xfa, 0x0,
    0x0, 0x0, 0x0, 0x0, 0x8f, 0xfa, 0x0, 0x0,
    0x0, 0x0, 0x0, 0x8f, 0xfa, 0x0, 0x0, 0x0,
    0x0, 0x0, 0x8f, 0xfa, 0x0, 0x0, 0x0, 0x0,
    0x0, 0x8f, 0xfa, 0x0, 0x0, 0x0, 0x0, 0x0,
    0x8f, 0xfa, 0x0, 0x0, 0x0, 0x0, 0x0, 0x8f,
    0xfa, 0x0, 0x0, 0x0, 0x0, 0x0, 0x8f, 0xfa,
    0x0, 0x0, 0x0, 0x0, 0x0, 0x8f, 0xfa, 0x0,
    0x0, 0x0, 0x0, 0x0, 0x8f, 0xfa, 0x0, 0x0,
    0x0, 0x0, 0x0, 0x8f, 0xfa, 0x0, 0x0, 0x0,
    0x0, 0x0, 0x8f, 0xfa, 0x0, 0x0, 0x0, 0x0,
    0x0, 0x8f, 0xfa, 0x0, 0x0, 0x0, 0x0, 0x0,
    0x8f, 0xfa, 0x0, 0x0, 0x0, 0x0, 0x0, 0x8f,
    0xfa, 0x0, 0x0, 0x0, 0x0, 0x0, 0x8f, 0xff,
    0xee, 0xee, 0xee, 0xee, 0xe9, 0x8f, 0xff, 0xff,
    0xff, 0xff, 0xff, 0xfa, 0x8f, 0xff, 0xff, 0xff,
    0xff, 0xff, 0xfa,

    /* U+004D "M" */
    0x8f, 0xff, 0xe0, 0x0, 0x0, 0x0, 0x0, 0x0,
    0x2f, 0xff, 0xf5, 0x8f, 0xff, 0xf4, 0x0, 0x0,
    0x0, 0x0, 0x0, 0x8f, 0xff, 0xf5, 0x8f, 0xff,
    0xfa, 0x0, 0x0, 0x0, 0x0, 0x0, 0xdf, 0xff,
    0xf5, 0x8f, 0xff, 0xff, 0x0, 0x0, 0x0, 0x0,
    0x3, 0xff, 0xff, 0xf5, 0x8f, 0xff, 0xff, 0x60,
    0x0, 0x0, 0x0, 0x9, 0xff, 0xff, 0xf5, 0x8f,
    0xff, 0xff, 0xb0, 0x0, 0x0, 0x0, 0xe, 0xff,
    0xff, 0xf5, 0x8f, 0xfb, 0xff, 0xf1, 0x0, 0x0,
    0x0, 0x4f, 0xfd, 0xdf, 0xf5, 0x8f, 0xfa, 0xbf,
    0xf7, 0x0, 0x0, 0x0, 0xaf, 0xf8, 0xdf, 0xf5,
    0x8f, 0xfa, 0x5f, 0xfc, 0x0, 0x0, 0x0, 0xff,
    0xf2, 0xdf, 0xf5, 0x8f, 0xfa, 0xf, 0xff, 0x20,
    0x0, 0x5, 0xff, 0xc0, 0xdf, 0xf5, 0x8f, 0xfa,
    0x9, 0xff, 0x80, 0x0, 0xb, 0xff, 0x60, 0xdf,
    0xf5, 0x8f, 0xfa, 0x4, 0xff, 0xd0, 0x0, 0x1f,
    0xff, 0x10, 0xdf, 0xf5, 0x8f, 0xfa, 0x0, 0xef,
    0xf3, 0x0, 0x6f, 0xfb, 0x0, 0xdf, 0xf5, 0x8f,
    0xfa, 0x0, 0x8f, 0xf9, 0x0, 0xcf, 0xf5, 0x0,
    0xdf, 0xf5, 0x8f, 0xfa, 0x0, 0x2f, 0xfe, 0x1,
    0xff, 0xf0, 0x0, 0xdf, 0xf5, 0x8f, 0xfa, 0x0,
    0xd, 0xff, 0x47, 0xff, 0x90, 0x0, 0xdf, 0xf5,
    0x8f, 0xfa, 0x0, 0x7, 0xff, 0xad, 0xff, 0x40,
    0x0, 0xdf, 0xf5, 0x8f, 0xfa, 0x0, 0x1, 0xff,
    0xff, 0xfe, 0x0, 0x0, 0xdf, 0xf5, 0x8f, 0xfa,
    0x0, 0x0, 0xbf, 0xff, 0xf8, 0x0, 0x0, 0xdf,
    0xf5, 0x8f, 0xfa, 0x0, 0x0, 0x5f, 0xff, 0xf2,
    0x0, 0x0, 0xdf, 0xf5, 0x8f, 0xfa, 0x0, 0x0,
    0xf, 0xff, 0xd0, 0x0, 0x0, 0xdf, 0xf5,

    /* U+004E "N" */
    0x8f, 0xff, 0xb0, 0x0, 0x0, 0x0, 0x0, 0xff,
    0xf1, 0x8f, 0xff, 0xf4, 0x0, 0x0, 0x0, 0x0,
    0xff, 0xf1, 0x8f, 0xff, 0xfd, 0x0, 0x0, 0x0,
    0x0, 0xff, 0xf1, 0x8f, 0xff, 0xff, 0x60, 0x0,
    0x0, 0x0, 0xff, 0xf1, 0x8f, 0xfd, 0xff, 0xe0,
    0x0, 0x0, 0x0, 0xff, 0xf1, 0x8f, 0xfa, 0xaf,
    0xf8, 0x0, 0x0, 0x0, 0xff, 0xf1, 0x8f, 0xfa,
    0x2f, 0xff, 0x10, 0x0, 0x0, 0xff, 0xf1, 0x8f,
    0xfa, 0x9, 0xff, 0xa0, 0x0, 0x0, 0xff, 0xf1,
    0x8f, 0xfa, 0x1, 0xef, 0xf3, 0x0, 0x0, 0xff,
    0xf1, 0x8f, 0xfa, 0x0, 0x7f, 0xfb, 0x0, 0x0,
    0xff, 0xf1, 0x8f, 0xfa, 0x0, 0xd, 0xff, 0x40,
    0x0, 0xff, 0xf1, 0x8f, 0xfa, 0x0, 0x5, 0xff,
    0xd0, 0x0, 0xff, 0xf1, 0x8f, 0xfa, 0x0, 0x0,
    0xcf, 0xf6, 0x0, 0xff, 0xf1, 0x8f, 0xfa, 0x0,
    0x0, 0x3f, 0xfe, 0x0, 0xff, 0xf1, 0x8f, 0xfa,
    0x0, 0x0, 0xa, 0xff, 0x80, 0xff, 0xf1, 0x8f,
    0xfa, 0x0, 0x0, 0x1, 0xff, 0xf2, 0xff, 0xf1,
    0x8f, 0xfa, 0x0, 0x0, 0x0, 0x8f, 0xfa, 0xff,
    0xf1, 0x8f, 0xfa, 0x0, 0x0, 0x0, 0xe, 0xff,
    0xff, 0xf1, 0x8f, 0xfa, 0x0, 0x0, 0x0, 0x6,
    0xff, 0xff, 0xf1, 0x8f, 0xfa, 0x0, 0x0, 0x0,
    0x0, 0xdf, 0xff, 0xf1, 0x8f, 0xfa, 0x0, 0x0,
    0x0, 0x0, 0x4f, 0xff, 0xf1,

    /* U+004F "O" */
    0x0, 0x0, 0x1, 0x7c, 0xef, 0xfe, 0xb6, 0x0,
    0x0, 0x0, 0x0, 0x0, 0x8f, 0xff, 0xff, 0xff,
    0xff, 0xe6, 0x0, 0x0, 0x0, 0xc, 0xff, 0xff,
    0xff, 0xff, 0xff, 0xff, 0x90, 0x0, 0x0, 0xbf,
    0xff, 0xd5, 0x10, 0x1, 0x7e, 0xff, 0xf7, 0x0,
    0x5, 0xff, 0xfa, 0x0, 0x0, 0x0, 0x1, 0xcf,
    0xff, 0x20, 0xc, 0xff, 0xd0, 0x0, 0x0, 0x0,
    0x0, 0x1f, 0xff, 0x90, 0x2f, 0xff, 0x40, 0x0,
    0x0, 0x0, 0x0, 0x8, 0xff, 0xe0, 0x6f, 0xff,
    0x0, 0x0, 0x0, 0x0, 0x0, 0x2, 0xff, 0xf3,
    0x9f, 0xfb, 0x0, 0x0, 0x0, 0x0, 0x0, 0x0,
    0xef, 0xf5, 0xaf, 0xf9, 0x0, 0x0, 0x0, 0x0,
    0x0, 0x0, 0xdf, 0xf7, 0xbf, 0xf8, 0x0, 0x0,
    0x0, 0x0, 0x0, 0x0, 0xcf, 0xf7, 0xaf, 0xf9,
    0x0, 0x0, 0x0, 0x0, 0x0, 0x0, 0xdf, 0xf7,
    0x9f, 0xfb, 0x0, 0x0, 0x0, 0x0, 0x0, 0x0,
    0xef, 0xf5, 0x6f, 0xfe, 0x0, 0x0, 0x0, 0x0,
    0x0, 0x2, 0xff, 0xf3, 0x2f, 0xff, 0x40, 0x0,
    0x0, 0x0, 0x0, 0x7, 0xff, 0xf0, 0xd, 0xff,
    0xd0, 0x0, 0x0, 0x0, 0x0, 0x1f, 0xff, 0x90,
    0x5, 0xff, 0xfa, 0x0, 0x0, 0x0, 0x1, 0xcf,
    0xff, 0x20, 0x0, 0xbf, 0xff, 0xd5, 0x10, 0x1,
    0x7e, 0xff, 0xf8, 0x0, 0x0, 0x1c, 0xff, 0xff,
    0xff, 0xff, 0xff, 0xff, 0xa0, 0x0, 0x0, 0x0,
    0x9f, 0xff, 0xff, 0xff, 0xff, 0xf7, 0x0, 0x0,
    0x0, 0x0, 0x2, 0x8c, 0xef, 0xfe, 0xb6, 0x10,
    0x0, 0x0,

    /* U+0050 "P" */
    0x8f, 0xff, 0xff, 0xff, 0xfe, 0xb7, 0x10, 0x0,
    0x8f, 0xff, 0xff, 0xff, 0xff, 0xff, 0xf6, 0x0,
    0x8f, 0xff, 0xee, 0xee, 0xef, 0xff, 0xff, 0x60,
    0x8f, 0xfa, 0x0, 0x0, 0x0, 0x5e, 0xff, 0xf1,
    0x8f, 0xfa, 0x0, 0x0, 0x0, 0x2, 0xff, 0xf6,
    0x8f, 0xfa, 0x0, 0x0, 0x0, 0x0, 0xbf, 0xf9,
    0x8f, 0xfa, 0x0, 0x0, 0x0, 0x0, 0x9f, 0xfa,
    0x8f, 0xfa, 0x0, 0x0, 0x0, 0x0, 0xbf, 0xf8,
    0x8f, 0xfa, 0x0, 0x0, 0x0, 0x2, 0xff, 0xf5,
    0x8f, 0xfa, 0x0, 0x0, 0x0, 0x5e, 0xff, 0xe0,
    0x8f, 0xff, 0xee, 0xee, 0xef, 0xff, 0xff, 0x50,
    0x8f, 0xff, 0xff, 0xff, 0xff, 0xff, 0xe5, 0x0,
    0x8f, 0xff, 0xff, 0xff, 0xfe, 0xb7, 0x10, 0x0,
    0x8f, 0xfa, 0x0, 0x0, 0x0, 0x0, 0x0, 0x0,
    0x8f, 0xfa, 0x0, 0x0, 0x0, 0x0, 0x0, 0x0,
    0x8f, 0xfa, 0x0, 0x0, 0x0, 0x0, 0x0, 0x0,
    0x8f, 0xfa, 0x0, 0x0, 0x0, 0x0, 0x0, 0x0,
    0x8f, 0xfa, 0x0, 0x0, 0x0, 0x0, 0x0, 0x0,
    0x8f, 0xfa, 0x0, 0x0, 0x0, 0x0, 0x0, 0x0,
    0x8f, 0xfa, 0x0, 0x0, 0x0, 0x0, 0x0, 0x0,
    0x8f, 0xfa, 0x0, 0x0, 0x0, 0x0, 0x0, 0x0,

    /* U+0051 "Q" */
    0x0, 0x0, 0x1, 0x7c, 0xef, 0xfd, 0xa5, 0x0,
    0x0, 0x0, 0x0, 0x0, 0x7f, 0xff, 0xff, 0xff,
    0xff, 0xd3, 0x0, 0x0, 0x0, 0xb, 0xff, 0xff,
    0xfe, 0xff, 0xff, 0xff, 0x50, 0x0, 0x0, 0x9f,
    0xff, 0xc4, 0x0, 0x1, 0x7f, 0xff, 0xf3, 0x0,
    0x4, 0xff, 0xfb, 0x0, 0x0, 0x0, 0x3, 0xef,
    0xfd, 0x0, 0xc, 0xff, 0xd0, 0x0, 0x0, 0x0,
    0x0, 0x4f, 0xff, 0x50, 0x2f, 0xff, 0x50, 0x0,
    0x0, 0x0, 0x0, 0xb, 0xff, 0xb0, 0x6f, 0xff,
    0x0, 0x0, 0x0, 0x0, 0x0, 0x6, 0xff, 0xf0,
    0x9f, 0xfb, 0x0, 0x0, 0x0, 0x0, 0x0, 0x2,
    0xff, 0xf2, 0xaf, 0xf9, 0x0, 0x0, 0x0, 0x0,
    0x0, 0x0, 0xff, 0xf4, 0xbf, 0xf8, 0x0, 0x0,
    0x0, 0x0, 0x0, 0x0, 0xff, 0xf4, 0xaf, 0xf9,
    0x0, 0x0, 0x0, 0x0, 0x0, 0x0, 0xff, 0xf3,
    0x9f, 0xfb, 0x0, 0x0, 0x0, 0x0, 0x0, 0x1,
    0xff, 0xf2, 0x6f, 0xff, 0x0, 0x0, 0x0, 0x0,
    0x0, 0x5, 0xff, 0xf0, 0x1f, 0xff, 0x50, 0x0,
    0x1a, 0xb9, 0x0, 0xa, 0xff, 0xa0, 0xb, 0xff,
    0xd0, 0x0, 0x6, 0xff, 0x80, 0x3f, 0xff, 0x40,
    0x3, 0xff, 0xfb, 0x0, 0x0, 0x8f, 0xf7, 0xef,
    0xfb, 0x0, 0x0, 0x8f, 0xff, 0xc4, 0x0, 0xc,
    0xff, 0xff, 0xf2, 0x0, 0x0, 0x9, 0xff, 0xff,
    0xfe, 0xff, 0xff, 0xfe, 0x30, 0x0, 0x0, 0x0,
    0x7f, 0xff, 0xff, 0xff, 0xff, 0xfb, 0x0, 0x0,
    0x0, 0x0, 0x1, 0x7c, 0xef, 0xed, 0x99, 0xff,
    0x70, 0x0, 0x0, 0x0, 0x0, 0x0, 0x0, 0x0,
    0x0, 0xbf, 0xf4, 0x0, 0x0, 0x0, 0x0, 0x0,
    0x0, 0x0, 0x0, 0x17, 0x86, 0x0,

    /* U+0052 "R" */
    0x8f, 0xff, 0xff, 0xff, 0xfe, 0xd8, 0x20, 0x0,
    0x8, 0xff, 0xff, 0xff, 0xff, 0xff, 0xff, 0x80,
    0x0, 0x8f, 0xff, 0xee, 0xee, 0xef, 0xff, 0xff,
    0x90, 0x8, 0xff, 0xa0, 0x0, 0x0, 0x4, 0xdf,
    0xff, 0x20, 0x8f, 0xfa, 0x0, 0x0, 0x0, 0x0,
    0xef, 0xf8, 0x8, 0xff, 0xa0, 0x0, 0x0, 0x0,
    0x8, 0xff, 0xb0, 0x8f, 0xfa, 0x0, 0x0, 0x0,
    0x0, 0x6f, 0xfc, 0x8, 0xff, 0xa0, 0x0, 0x0,
    0x0, 0x8, 0xff, 0xa0, 0x8f, 0xfa, 0x0, 0x0,
    0x0, 0x1, 0xef, 0xf5, 0x8, 0xff, 0xa0, 0x0,
    0x0, 0x15, 0xdf, 0xfc, 0x0, 0x8f, 0xff, 0xff,
    0xff, 0xff, 0xff, 0xfb, 0x10, 0x8, 0xff, 0xff,
    0xff, 0xff, 0xff, 0xfd, 0x40, 0x0, 0x8f, 0xff,
    0xee, 0xee, 0xef, 0xff, 0xff, 0x90, 0x8, 0xff,
    0xa0, 0x0, 0x0, 0x1, 0x9f, 0xff, 0x20, 0x8f,
    0xfa, 0x0, 0x0, 0x0, 0x0, 0xdf, 0xf6, 0x8,
    0xff, 0xa0, 0x0, 0x0, 0x0, 0x9, 0xff, 0x80,
    0x8f, 0xfa, 0x0, 0x0, 0x0, 0x0, 0x8f, 0xfa,
    0x8, 0xff, 0xa0, 0x0, 0x0, 0x0, 0x6, 0xff,
    0xb0, 0x8f, 0xfa, 0x0, 0x0, 0x0, 0x0, 0x5f,
    0xfc, 0x8, 0xff, 0xa0, 0x0, 0x0, 0x0, 0x4,
    0xff, 0xe0, 0x8f, 0xfa, 0x0, 0x0, 0x0, 0x0,
    0x2f, 0xff, 0x0,

    /* U+0053 "S" */
    0x0, 0x0, 0x4a, 0xdf, 0xfd, 0xb5, 0x0, 0x0,
    0x0, 0x1, 0xcf, 0xff, 0xff, 0xff, 0xfd, 0x30,
    0x0, 0x0, 0xdf, 0xff, 0xff, 0xef, 0xff, 0xff,
    0x30, 0x0, 0x7f, 0xff, 0x91, 0x0, 0x6, 0xef,
    0xfe, 0x0, 0xd, 0xff, 0x90, 0x0, 0x0, 0x2,
    0xff, 0xf6, 0x0, 0xff, 0xf4, 0x0, 0x0, 0x0,
    0x9, 0xff, 0xb0, 0xe, 0xff, 0x50, 0x0, 0x0,
    0x0, 0x3a, 0xa9, 0x0, 0xbf, 0xfd, 0x20, 0x0,
    0x0, 0x0, 0x0, 0x0, 0x3, 0xff, 0xff, 0xa5,
    0x10, 0x0, 0x0, 0x0, 0x0, 0x5, 0xef, 0xff,
    0xff, 0xc8, 0x30, 0x0, 0x0, 0x0, 0x1, 0x7d,
    0xff, 0xff, 0xff, 0xd6, 0x0, 0x0, 0x0, 0x0,
    0x1, 0x6a, 0xef, 0xff, 0xfb, 0x0, 0x0, 0x0,
    0x0, 0x0, 0x0, 0x4b, 0xff, 0xf9, 0x0, 0x11,
    0x0, 0x0, 0x0, 0x0, 0x7, 0xff, 0xf1, 0x5f,
    0xfe, 0x0, 0x0, 0x0, 0x0, 0xe, 0xff, 0x52,
    0xff, 0xf4, 0x0, 0x0, 0x0, 0x0, 0xdf, 0xf5,
    0xc, 0xff, 0xd0, 0x0, 0x0, 0x0, 0x2f, 0xff,
    0x30, 0x4f, 0xff, 0xd5, 0x0, 0x0, 0x5e, 0xff,
    0xd0, 0x0, 0x7f, 0xff, 0xff, 0xee, 0xff, 0xff,
    0xf4, 0x0, 0x0, 0x5e, 0xff, 0xff, 0xff, 0xff,
    0xe4, 0x0, 0x0, 0x0, 0x16, 0xbd, 0xff, 0xda,
    0x60, 0x0, 0x0,

    /* U+0054 "T" */
    0xaf, 0xff, 0xff, 0xff, 0xff, 0xff, 0xff, 0xff,
    0x2a, 0xff, 0xff, 0xff, 0xff, 0xff, 0xff, 0xff,
    0xf2, 0x9e, 0xee, 0xee, 0xef, 0xff, 0xee, 0xee,
    0xee, 0x10, 0x0, 0x0, 0x5, 0xff, 0xc0, 0x0,
    0x0, 0x0, 0x0, 0x0, 0x0, 0x5f, 0xfc, 0x0,
    0x0, 0x0, 0x0, 0x0, 0x0, 0x5, 0xff, 0xc0,
    0x0, 0x0, 0x0, 0x0, 0x0, 0x0, 0x5f, 0xfc,
    0x0, 0x0, 0x0, 0x0, 0x0, 0x0, 0x5, 0xff,
    0xc0, 0x0, 0x0, 0x0, 0x0, 0x0, 0x0, 0x5f,
    0xfc, 0x0, 0x0, 0x0, 0x0, 0x0, 0x0, 0x5,
    0xff, 0xc0, 0x0, 0x0, 0x0, 0x0, 0x0, 0x0,
    0x5f, 0xfc, 0x0, 0x0, 0x0, 0x0, 0x0, 0x0,
    0x5, 0xff, 0xc0, 0x0, 0x0, 0x0, 0x0, 0x0,
    0x0, 0x5f, 0xfc, 0x0, 0x0, 0x0, 0x0, 0x0,
    0x0, 0x5, 0xff, 0xc0, 0x0, 0x0, 0x0, 0x0,
    0x0, 0x0, 0x5f, 0xfc, 0x0, 0x0, 0x0, 0x0,
    0x0, 0x0, 0x5, 0xff, 0xc0, 0x0, 0x0, 0x0,
    0x0, 0x0, 0x0, 0x5f, 0xfc, 0x0, 0x0, 0x0,
    0x0, 0x0, 0x0, 0x5, 0xff, 0xc0, 0x0, 0x0,
    0x0, 0x0, 0x0, 0x0, 0x5f, 0xfc, 0x0, 0x0,
    0x0, 0x0, 0x0, 0x0, 0x5, 0xff, 0xc0, 0x0,
    0x0, 0x0, 0x0, 0x0, 0x0, 0x5f, 0xfc, 0x0,
    0x0, 0x0, 0x0,

    /* U+0055 "U" */
    0xff, 0xf3, 0x0, 0x0, 0x0, 0x0, 0x1f, 0xff,
    0x1f, 0xff, 0x30, 0x0, 0x0, 0x0, 0x1, 0xff,
    0xf1, 0xff, 0xf3, 0x0, 0x0, 0x0, 0x0, 0x1f,
    0xff, 0x1f, 0xff, 0x30, 0x0, 0x0, 0x0, 0x1,
    0xff, 0xf1, 0xff, 0xf3, 0x0, 0x0, 0x0, 0x0,
    0x1f, 0xff, 0x1f, 0xff, 0x30, 0x0, 0x0, 0x0,
    0x1, 0xff, 0xf1, 0xff, 0xf3, 0x0, 0x0, 0x0,
    0x0, 0x1f, 0xff, 0x1f, 0xff, 0x30, 0x0, 0x0,
    0x0, 0x1, 0xff, 0xf1, 0xff, 0xf3, 0x0, 0x0,
    0x0, 0x0, 0x1f, 0xff, 0x1f, 0xff, 0x30, 0x0,
    0x0, 0x0, 0x1, 0xff, 0xf1, 0xff, 0xf3, 0x0,
    0x0, 0x0, 0x0, 0x1f, 0xff, 0x1f, 0xff, 0x30,
    0x0, 0x0, 0x0, 0x1, 0xff, 0xf1, 0xff, 0xf3,
    0x0, 0x0, 0x0, 0x0, 0x1f, 0xff, 0x1e, 0xff,
    0x30, 0x0, 0x0, 0x0, 0x1, 0xff, 0xf0, 0xcf,
    0xf5, 0x0, 0x0, 0x0, 0x0, 0x3f, 0xfe, 0xa,
    0xff, 0x90, 0x0, 0x0, 0x0, 0x7, 0xff, 0xc0,
    0x5f, 0xff, 0x30, 0x0, 0x0, 0x2, 0xef, 0xf6,
    0x0, 0xdf, 0xff, 0x71, 0x0, 0x16, 0xef, 0xfe,
    0x10, 0x2, 0xff, 0xff, 0xff, 0xff, 0xff, 0xff,
    0x40, 0x0, 0x2, 0xdf, 0xff, 0xff, 0xff, 0xfe,
    0x30, 0x0, 0x0, 0x0, 0x4a, 0xdf, 0xfd, 0xb5,
    0x0, 0x0, 0x0,

    /* U+0056 "V" */
    0x3f, 0xff, 0x10, 0x0, 0x0, 0x0, 0x0, 0x2,
    0xff, 0xf3, 0xe, 0xff, 0x70, 0x0, 0x0, 0x0,
    0x0, 0x7, 0xff, 0xd0, 0x8, 0xff, 0xc0, 0x0,
    0x0, 0x0, 0x0, 0xd, 0xff, 0x70, 0x3, 0xff,
    0xf2, 0x0, 0x0, 0x0, 0x0, 0x2f, 0xff, 0x20,
    0x0, 0xdf, 0xf7, 0x0, 0x0, 0x0, 0x0, 0x8f,
    0xfc, 0x0, 0x0, 0x7f, 0xfd, 0x0, 0x0, 0x0,
    0x0, 0xef, 0xf6, 0x0, 0x0, 0x2f, 0xff, 0x20,
    0x0, 0x0, 0x3, 0xff, 0xf1, 0x0, 0x0, 0xc,
    0xff, 0x80, 0x0, 0x0, 0x9, 0xff, 0xb0, 0x0,
    0x0, 0x6, 0xff, 0xd0, 0x0, 0x0, 0xe, 0xff,
    0x50, 0x0, 0x0, 0x1, 0xff, 0xf3, 0x0, 0x0,
    0x4f, 0xff, 0x0, 0x0, 0x0, 0x0, 0xbf, 0xf8,
    0x0, 0x0, 0x9f, 0xfa, 0x0, 0x0, 0x0, 0x0,
    0x5f, 0xfe, 0x0, 0x0, 0xef, 0xf4, 0x0, 0x0,
    0x0, 0x0, 0xf, 0xff, 0x40, 0x5, 0xff, 0xe0,
    0x0, 0x0, 0x0, 0x0, 0xa, 0xff, 0x90, 0xa,
    0xff, 0x90, 0x0, 0x0, 0x0, 0x0, 0x4, 0xff,
    0xe0, 0xf, 0xff, 0x30, 0x0, 0x0, 0x0, 0x0,
    0x0, 0xef, 0xf4, 0x5f, 0xfd, 0x0, 0x0, 0x0,
    0x0, 0x0, 0x0, 0x9f, 0xfa, 0xbf, 0xf8, 0x0,
    0x0, 0x0, 0x0, 0x0, 0x0, 0x3f, 0xff, 0xff,
    0xf2, 0x0, 0x0, 0x0, 0x0, 0x0, 0x0, 0xe,
    0xff, 0xff, 0xc0, 0x0, 0x0, 0x0, 0x0, 0x0,
    0x0, 0x8, 0xff, 0xff, 0x70, 0x0, 0x0, 0x0,
    0x0, 0x0, 0x0, 0x2, 0xff, 0xff, 0x10, 0x0,
    0x0, 0x0,

    /* U+0057 "W" */
    0xcf, 0xf8, 0x0, 0x0, 0x0, 0xa, 0xff, 0xb0,
    0x0, 0x0, 0x0, 0x8f, 0xfd, 0x8f, 0xfc, 0x0,
    0x0, 0x0, 0xe, 0xff, 0xf0, 0x0, 0x0, 0x0,
    0xcf, 0xf9, 0x3f, 0xff, 0x0, 0x0, 0x0, 0x2f,
    0xff, 0xf3, 0x0, 0x0, 0x0, 0xff, 0xf5, 0xf,
    0xff, 0x40, 0x0, 0x0, 0x6f, 0xff, 0xf7, 0x0,
    0x0, 0x3, 0xff, 0xf1, 0xb, 0xff, 0x80, 0x0,
    0x0, 0xaf, 0xff, 0xfb, 0x0, 0x0, 0x7, 0xff,
    0xd0, 0x7, 0xff, 0xc0, 0x0, 0x0, 0xef, 0xff,
    0xff, 0x0, 0x0, 0xb, 0xff, 0x80, 0x3, 0xff,
    0xf0, 0x0, 0x2, 0xff, 0xdc, 0xff, 0x30, 0x0,
    0xe, 0xff, 0x40, 0x0, 0xff, 0xf3, 0x0, 0x5,
    0xff, 0x98, 0xff, 0x70, 0x0, 0x2f, 0xff, 0x0,
    0x0, 0xbf, 0xf7, 0x0, 0x9, 0xff, 0x54, 0xff,
    0xa0, 0x0, 0x6f, 0xfc, 0x0, 0x0, 0x6f, 0xfb,
    0x0, 0xd, 0xff, 0x10, 0xff, 0xe0, 0x0, 0xaf,
    0xf8, 0x0, 0x0, 0x2f, 0xff, 0x0, 0x1f, 0xfd,
    0x0, 0xcf, 0xf2, 0x0, 0xef, 0xf4, 0x0, 0x0,
    0xe, 0xff, 0x30, 0x5f, 0xf9, 0x0, 0x8f, 0xf6,
    0x2, 0xff, 0xf0, 0x0, 0x0, 0xa, 0xff, 0x70,
    0x9f, 0xf5, 0x0, 0x4f, 0xfa, 0x6, 0xff, 0xb0,
    0x0, 0x0, 0x6, 0xff, 0xb0, 0xdf, 0xf1, 0x0,
    0xf, 0xfe, 0x9, 0xff, 0x70, 0x0, 0x0, 0x2,
    0xff, 0xe1, 0xff, 0xd0, 0x0, 0xc, 0xff, 0x2d,
    0xff, 0x30, 0x0, 0x0, 0x0, 0xef, 0xf7, 0xff,
    0x90, 0x0, 0x8, 0xff, 0x7f, 0xff, 0x0, 0x0,
    0x0, 0x0, 0x9f, 0xfe, 0xff, 0x50, 0x0, 0x4,
    0xff, 0xef, 0xfb, 0x0, 0x0, 0x0, 0x0, 0x5f,
    0xff, 0xff, 0x10, 0x0, 0x0, 0xff, 0xff, 0xf6,
    0x0, 0x0, 0x0, 0x0, 0x1f, 0xff, 0xfd, 0x0,
    0x0, 0x0, 0xcf, 0xff, 0xf2, 0x0, 0x0, 0x0,
    0x0, 0xd, 0xff, 0xf9, 0x0, 0x0, 0x0, 0x8f,
    0xff, 0xe0, 0x0, 0x0, 0x0, 0x0, 0x9, 0xff,
    0xf5, 0x0, 0x0, 0x0, 0x4f, 0xff, 0xa0, 0x0,
    0x0,

    /* U+0058 "X" */
    0x3f, 0xff, 0x70, 0x0, 0x0, 0x0, 0x2, 0xff,
    0xf8, 0x9, 0xff, 0xf2, 0x0, 0x0, 0x0, 0xb,
    0xff, 0xd0, 0x0, 0xdf, 0xfb, 0x0, 0x0, 0x0,
    0x5f, 0xff, 0x30, 0x0, 0x4f, 0xff, 0x50, 0x0,
    0x1, 0xef, 0xf9, 0x0, 0x0, 0x9, 0xff, 0xe1,
    0x0, 0x9, 0xff, 0xe0, 0x0, 0x0, 0x1, 0xef,
    0xfa, 0x0, 0x3f, 0xff, 0x40, 0x0, 0x0, 0x0,
    0x5f, 0xff, 0x40, 0xdf, 0xf9, 0x0, 0x0, 0x0,
    0x0, 0xa, 0xff, 0xd8, 0xff, 0xe1, 0x0, 0x0,
    0x0, 0x0, 0x1, 0xef, 0xff, 0xff, 0x50, 0x0,
    0x0, 0x0, 0x0, 0x0, 0x6f, 0xff, 0xfa, 0x0,
    0x0, 0x0, 0x0, 0x0, 0x0, 0xe, 0xff, 0xf3,
    0x0, 0x0, 0x0, 0x0, 0x0, 0x0, 0x6f, 0xff,
    0xfc, 0x0, 0x0, 0x0, 0x0, 0x0, 0x1, 0xff,
    0xff, 0xff, 0x60, 0x0, 0x0, 0x0, 0x0, 0xb,
    0xff, 0xc7, 0xff, 0xf2, 0x0, 0x0, 0x0, 0x0,
    0x5f, 0xff, 0x20, 0xdf, 0xfb, 0x0, 0x0, 0x0,
    0x1, 0xef, 0xf8, 0x0, 0x3f, 0xff, 0x60, 0x0,
    0x0, 0xa, 0xff, 0xd0, 0x0, 0x9, 0xff, 0xe1,
    0x0, 0x0, 0x5f, 0xff, 0x40, 0x0, 0x0, 0xef,
    0xfa, 0x0, 0x1, 0xef, 0xfa, 0x0, 0x0, 0x0,
    0x4f, 0xff, 0x50, 0x9, 0xff, 0xe1, 0x0, 0x0,
    0x0, 0xa, 0xff, 0xe1, 0x4f, 0xff, 0x60, 0x0,
    0x0, 0x0, 0x1, 0xff, 0xfa,

    /* U+0059 "Y" */
    0xd, 0xff, 0xb0, 0x0, 0x0, 0x0, 0x0, 0x7f,
    0xff, 0x20, 0x5f, 0xff, 0x40, 0x0, 0x0, 0x0,
    0x1e, 0xff, 0x80, 0x0, 0xbf, 0xfc, 0x0, 0x0,
    0x0, 0x9, 0xff, 0xe0, 0x0, 0x2, 0xff, 0xf5,
    0x0, 0x0, 0x2, 0xff, 0xf6, 0x0, 0x0, 0x9,
    0xff, 0xe0, 0x0, 0x0, 0xaf, 0xfd, 0x0, 0x0,
    0x0, 0x1e, 0xff, 0x70, 0x0, 0x3f, 0xff, 0x40,
    0x0, 0x0, 0x0, 0x7f, 0xff, 0x10, 0xc, 0xff,
    0xa0, 0x0, 0x0, 0x0, 0x0, 0xdf, 0xf9, 0x5,
    0xff, 0xf2, 0x0, 0x0, 0x0, 0x0, 0x4, 0xff,
    0xf2, 0xdf, 0xf8, 0x0, 0x0, 0x0, 0x0, 0x0,
    0xb, 0xff, 0xef, 0xfe, 0x0, 0x0, 0x0, 0x0,
    0x0, 0x0, 0x2f, 0xff, 0xff, 0x50, 0x0, 0x0,
    0x0, 0x0, 0x0, 0x0, 0x9f, 0xff, 0xc0, 0x0,
    0x0, 0x0, 0x0, 0x0, 0x0, 0x1, 0xff, 0xf4,
    0x0, 0x0, 0x0, 0x0, 0x0, 0x0, 0x0, 0xf,
    0xff, 0x20, 0x0, 0x0, 0x0, 0x0, 0x0, 0x0,
    0x0, 0xff, 0xf2, 0x0, 0x0, 0x0, 0x0, 0x0,
    0x0, 0x0, 0xf, 0xff, 0x20, 0x0, 0x0, 0x0,
    0x0, 0x0, 0x0, 0x0, 0xff, 0xf2, 0x0, 0x0,
    0x0, 0x0, 0x0, 0x0, 0x0, 0xf, 0xff, 0x20,
    0x0, 0x0, 0x0, 0x0, 0x0, 0x0, 0x0, 0xff,
    0xf2, 0x0, 0x0, 0x0, 0x0, 0x0, 0x0, 0x0,
    0xf, 0xff, 0x20, 0x0, 0x0, 0x0, 0x0, 0x0,
    0x0, 0x0, 0xff, 0xf2, 0x0, 0x0, 0x0, 0x0,

    /* U+005A "Z" */
    0xc, 0xff, 0xff, 0xff, 0xff, 0xff, 0xff, 0xf2,
    0xc, 0xff, 0xff, 0xff, 0xff, 0xff, 0xff, 0xf2,
    0xb, 0xee, 0xee, 0xee, 0xee, 0xef, 0xff, 0xf2,
    0x0, 0x0, 0x0, 0x0, 0x0, 0x1e, 0xff, 0xb0,
    0x0, 0x0, 0x0, 0x0, 0x0, 0xbf, 0xfe, 0x10,
    0x0, 0x0, 0x0, 0x0, 0x6, 0xff, 0xf5, 0x0,
    0x0, 0x0, 0x0, 0x0, 0x2f, 0xff, 0xa0, 0x0,
    0x0, 0x0, 0x0, 0x0, 0xcf, 0xfd, 0x0, 0x0,
    0x0, 0x0, 0x0, 0x7, 0xff, 0xf3, 0x0, 0x0,
    0x0, 0x0, 0x0, 0x3f, 0xff, 0x80, 0x0, 0x0,
    0x0, 0x0, 0x0, 0xdf, 0xfc, 0x0, 0x0, 0x0,
    0x0, 0x0, 0x9, 0xff, 0xf2, 0x0, 0x0, 0x0,
    0x0, 0x0, 0x4f, 0xff, 0x60, 0x0, 0x0, 0x0,
    0x0, 0x1, 0xef, 0xfb, 0x0, 0x0, 0x0, 0x0,
    0x0, 0xb, 0xff, 0xe1, 0x0, 0x0, 0x0, 0x0,
    0x0, 0x6f, 0xff, 0x40, 0x0, 0x0, 0x0, 0x0,
    0x2, 0xff, 0xf9, 0x0, 0x0, 0x0, 0x0, 0x0,
    0xc, 0xff, 0xd0, 0x0, 0x0, 0x0, 0x0, 0x0,
    0x2f, 0xff, 0xfe, 0xee, 0xee, 0xee, 0xee, 0xe6,
    0x3f, 0xff, 0xff, 0xff, 0xff, 0xff, 0xff, 0xf7,
    0x3f, 0xff, 0xff, 0xff, 0xff, 0xff, 0xff, 0xf7,

    /* U+005B "[" */
    0x48, 0x88, 0x88, 0x88, 0x8, 0xff, 0xff, 0xff,
    0xf1, 0x8f, 0xff, 0xff, 0xff, 0x18, 0xff, 0x60,
    0x0, 0x0, 0x8f, 0xf6, 0x0, 0x0, 0x8, 0xff,
    0x60, 0x0, 0x0, 0x8f, 0xf6, 0x0, 0x0, 0x8,
    0xff, 0x60, 0x0, 0x0, 0x8f, 0xf6, 0x0, 0x0,
    0x8, 0xff, 0x60, 0x0, 0x0, 0x8f, 0xf6, 0x0,
    0x0, 0x8, 0xff, 0x60, 0x0, 0x0, 0x8f, 0xf6,
    0x0, 0x0, 0x8, 0xff, 0x60, 0x0, 0x0, 0x8f,
    0xf6, 0x0, 0x0, 0x8, 0xff, 0x60, 0x0, 0x0,
    0x8f, 0xf6, 0x0, 0x0, 0x8, 0xff, 0x60, 0x0,
    0x0, 0x8f, 0xf6, 0x0, 0x0, 0x8, 0xff, 0x60,
    0x0, 0x0, 0x8f, 0xf6, 0x0, 0x0, 0x8, 0xff,
    0x60, 0x0, 0x0, 0x8f, 0xf6, 0x0, 0x0, 0x8,
    0xff, 0xb8, 0x88, 0x80, 0x8f, 0xff, 0xff, 0xff,
    0x18, 0xff, 0xff, 0xff, 0xf1,

    /* U+005C "\\" */
    0x68, 0x80, 0x0, 0x0, 0x0, 0x0, 0x9f, 0xf5,
    0x0, 0x0, 0x0, 0x0, 0x4f, 0xfb, 0x0, 0x0,
    0x0, 0x0, 0xe, 0xff, 0x0, 0x0, 0x0, 0x0,
    0x9, 0xff, 0x50, 0x0, 0x0, 0x0, 0x4, 0xff,
    0xb0, 0x0, 0x0, 0x0, 0x0, 0xef, 0xf1, 0x0,
    0x0, 0x0, 0x0, 0x9f, 0xf6, 0x0, 0x0, 0x0,
    0x0, 0x4f, 0xfb, 0x0, 0x0, 0x0, 0x0, 0xe,
    0xff, 0x10, 0x0, 0x0, 0x0, 0x9, 0xff, 0x60,
    0x0, 0x0, 0x0, 0x4, 0xff, 0xb0, 0x0, 0x0,
    0x0, 0x0, 0xef, 0xf1, 0x0, 0x0, 0x0, 0x0,
    0x9f, 0xf6, 0x0, 0x0, 0x0, 0x0, 0x4f, 0xfb,
    0x0, 0x0, 0x0, 0x0, 0xe, 0xff, 0x10, 0x0,
    0x0, 0x0, 0x9, 0xff, 0x60, 0x0, 0x0, 0x0,
    0x4, 0xff, 0xb0, 0x0, 0x0, 0x0, 0x0, 0xef,
    0xf1, 0x0, 0x0, 0x0, 0x0, 0x9f, 0xf6, 0x0,
    0x0, 0x0, 0x0, 0x4f, 0xfb, 0x0, 0x0, 0x0,
    0x0, 0xe, 0xff, 0x10, 0x0, 0x0, 0x0, 0x9,
    0xff, 0x60, 0x0, 0x0, 0x0, 0x3, 0xff, 0xc0,
    0x0, 0x0, 0x0, 0x0, 0xef, 0xf1, 0x0, 0x0,
    0x0, 0x0, 0x9f, 0xf6,

    /* U+005D "]" */
    0x58, 0x88, 0x88, 0x88, 0x9f, 0xff, 0xff, 0xff,
    0x9f, 0xff, 0xff, 0xff, 0x0, 0x0, 0xf, 0xff,
    0x0, 0x0, 0xf, 0xff, 0x0, 0x0, 0xf, 0xff,
    0x0, 0x0, 0xf, 0xff, 0x0, 0x0, 0xf, 0xff,
    0x0, 0x0, 0xf, 0xff, 0x0, 0x0, 0xf, 0xff,
    0x0, 0x0, 0xf, 0xff, 0x0, 0x0, 0xf, 0xff,
    0x0, 0x0, 0xf, 0xff, 0x0, 0x0, 0xf, 0xff,
    0x0, 0x0, 0xf, 0xff, 0x0, 0x0, 0xf, 0xff,
    0x0, 0x0, 0xf, 0xff, 0x0, 0x0, 0xf, 0xff,
    0x0, 0x0, 0xf, 0xff, 0x0, 0x0, 0xf, 0xff,
    0x0, 0x0, 0xf, 0xff, 0x0, 0x0, 0xf, 0xff,
    0x0, 0x0, 0xf, 0xff, 0x58, 0x88, 0x8f, 0xff,
    0x9f, 0xff, 0xff, 0xff, 0x9f, 0xff, 0xff, 0xff,

    /* U+005E "^" */
    0x0, 0x3, 0x88, 0x81, 0x0, 0x0, 0x0, 0xcf,
    0xff, 0x70, 0x0, 0x0, 0x2f, 0xff, 0xfd, 0x0,
    0x0, 0x9, 0xff, 0xaf, 0xf4, 0x0, 0x0, 0xff,
    0xb1, 0xff, 0xb0, 0x0, 0x6f, 0xf4, 0x9, 0xff,
    0x10, 0xd, 0xfd, 0x0, 0x2f, 0xf8, 0x3, 0xff,
    0x70, 0x0, 0xbf, 0xe0, 0xaf, 0xf0, 0x0, 0x4,
    0xff, 0x50,

    /* U+005F "_" */
    0x8b, 0xbb, 0xbb, 0xbb, 0xbb, 0xbb, 0xbb, 0xcf,
    0xff, 0xff, 0xff, 0xff, 0xff, 0xff, 0xcf, 0xff,
    0xff, 0xff, 0xff, 0xff, 0xff,

    /* U+0060 "`" */
    0x7f, 0xf9, 0x0, 0xc, 0xff, 0x10, 0x3, 0xff,
    0x90, 0x0, 0x8f, 0xf1,

    /* U+0061 "a" */
    0x0, 0x2, 0x9d, 0xff, 0xea, 0x40, 0x0, 0x0,
    0x7, 0xff, 0xff, 0xff, 0xff, 0x90, 0x0, 0x6,
    0xff, 0xfe, 0xbb, 0xef, 0xff, 0x70, 0x0, 0xef,
    0xf9, 0x0, 0x0, 0x8f, 0xff, 0x0, 0x5f, 0xfe,
    0x0, 0x0, 0x0, 0xdf, 0xf5, 0x1, 0x22, 0x10,
    0x0, 0x0, 0xa, 0xff, 0x70, 0x0, 0x0, 0x0,
    0x3, 0x69, 0xdf, 0xf8, 0x0, 0x0, 0x49, 0xdf,
    0xff, 0xff, 0xff, 0x80, 0x3, 0xdf, 0xff, 0xff,
    0xec, 0xdf, 0xf8, 0x2, 0xff, 0xfd, 0x84, 0x10,
    0x8, 0xff, 0x80, 0x9f, 0xfc, 0x0, 0x0, 0x0,
    0xbf, 0xf8, 0xb, 0xff, 0x70, 0x0, 0x0, 0x1f,
    0xff, 0x80, 0xbf, 0xfb, 0x0, 0x0, 0x2d, 0xff,
    0xf8, 0x7, 0xff, 0xfc, 0x88, 0xaf, 0xfe, 0xff,
    0xe8, 0xb, 0xff, 0xff, 0xff, 0xfc, 0x1f, 0xff,
    0xe0, 0x6, 0xce, 0xfe, 0xb5, 0x0, 0x4c, 0xfd,

    /* U+0062 "b" */
    0xdf, 0xf4, 0x0, 0x0, 0x0, 0x0, 0x0, 0xd,
    0xff, 0x40, 0x0, 0x0, 0x0, 0x0, 0x0, 0xdf,
    0xf4, 0x0, 0x0, 0x0, 0x0, 0x0, 0xd, 0xff,
    0x40, 0x0, 0x0, 0x0, 0x0, 0x0, 0xdf, 0xf4,
    0x0, 0x0, 0x0, 0x0, 0x0, 0xd, 0xff, 0x40,
    0x6c, 0xfe, 0xc6, 0x0, 0x0, 0xdf, 0xf4, 0xcf,
    0xff, 0xff, 0xfc, 0x10, 0xd, 0xff, 0xef, 0xfd,
    0xbe, 0xff, 0xfd, 0x0, 0xdf, 0xff, 0xd2, 0x0,
    0x7, 0xff, 0xf7, 0xd, 0xff, 0xf2, 0x0, 0x0,
    0x9, 0xff, 0xd0, 0xdf, 0xfa, 0x0, 0x0, 0x0,
    0x2f, 0xff, 0x2d, 0xff, 0x60, 0x0, 0x0, 0x0,
    0xef, 0xf4, 0xdf, 0xf4, 0x0, 0x0, 0x0, 0xc,
    0xff, 0x5d, 0xff, 0x40, 0x0, 0x0, 0x0, 0xdf,
    0xf5, 0xdf, 0xf6, 0x0, 0x0, 0x0, 0xe, 0xff,
    0x4d, 0xff, 0xa0, 0x0, 0x0, 0x2, 0xff, 0xf2,
    0xdf, 0xff, 0x20, 0x0, 0x0, 0x9f, 0xfd, 0xd,
    0xff, 0xfd, 0x30, 0x0, 0x7f, 0xff, 0x70, 0xdf,
    0xfc, 0xff, 0xdb, 0xef, 0xff, 0xd0, 0xd, 0xff,
    0x2d, 0xff, 0xff, 0xff, 0xd1, 0x0, 0xdf, 0xf1,
    0x7, 0xdf, 0xec, 0x60, 0x0, 0x0,

    /* U+0063 "c" */
    0x0, 0x0, 0x5b, 0xdf, 0xec, 0x70, 0x0, 0x0,
    0x2, 0xdf, 0xff, 0xff, 0xff, 0xe3, 0x0, 0x1,
    0xef, 0xff, 0xdb, 0xdf, 0xff, 0xf2, 0x0, 0xbf,
    0xfe, 0x30, 0x0, 0x3e, 0xff, 0xb0, 0x2f, 0xff,
    0x40, 0x0, 0x0, 0x3f, 0xff, 0x27, 0xff, 0xc0,
    0x0, 0x0, 0x0, 0x9a, 0xa3, 0xaf, 0xf8, 0x0,
    0x0, 0x0, 0x0, 0x0, 0xb, 0xff, 0x60, 0x0,
    0x0, 0x0, 0x0, 0x0, 0xbf, 0xf6, 0x0, 0x0,
    0x0, 0x0, 0x0, 0xa, 0xff, 0x80, 0x0, 0x0,
    0x0, 0x0, 0x0, 0x7f, 0xfc, 0x0, 0x0, 0x0,
    0xd, 0xee, 0x42, 0xff, 0xf4, 0x0, 0x0, 0x4,
    0xff, 0xf1, 0xb, 0xff, 0xe4, 0x0, 0x3, 0xef,
    0xfa, 0x0, 0x1e, 0xff, 0xfd, 0xbd, 0xff, 0xfe,
    0x10, 0x0, 0x2d, 0xff, 0xff, 0xff, 0xfd, 0x20,
    0x0, 0x0, 0x5, 0xbe, 0xfe, 0xb6, 0x0, 0x0,

    /* U+0064 "d" */
    0x0, 0x0, 0x0, 0x0, 0x0, 0x9, 0xff, 0x70,
    0x0, 0x0, 0x0, 0x0, 0x0, 0x9f, 0xf7, 0x0,
    0x0, 0x0, 0x0, 0x0, 0x9, 0xff, 0x70, 0x0,
    0x0, 0x0, 0x0, 0x0, 0x9f, 0xf7, 0x0, 0x0,
    0x0, 0x0, 0x0, 0x9, 0xff, 0x70, 0x0, 0x29,
    0xdf, 0xeb, 0x40, 0x9f, 0xf7, 0x0, 0x5f, 0xff,
    0xff, 0xff, 0x89, 0xff, 0x70, 0x4f, 0xff, 0xfd,
    0xbd, 0xff, 0xef, 0xf7, 0xd, 0xff, 0xe4, 0x0,
    0x5, 0xff, 0xff, 0x73, 0xff, 0xf4, 0x0, 0x0,
    0x6, 0xff, 0xf7, 0x8f, 0xfc, 0x0, 0x0, 0x0,
    0xf, 0xff, 0x7a, 0xff, 0x80, 0x0, 0x0, 0x0,
    0xbf, 0xf7, 0xbf, 0xf6, 0x0, 0x0, 0x0, 0xa,
    0xff, 0x7b, 0xff, 0x60, 0x0, 0x0, 0x0, 0xaf,
    0xf7, 0xaf, 0xf8, 0x0, 0x0, 0x0, 0xb, 0xff,
    0x78, 0xff, 0xc0, 0x0, 0x0, 0x0, 0xff, 0xf7,
    0x3f, 0xff, 0x40, 0x0, 0x0, 0x6f, 0xff, 0x70,
    0xdf, 0xfe, 0x40, 0x0, 0x5f, 0xff, 0xf7, 0x4,
    0xff, 0xff, 0xdb, 0xef, 0xfc, 0xff, 0x70, 0x6,
    0xff, 0xff, 0xff, 0xf8, 0x7f, 0xf7, 0x0, 0x2,
    0x9d, 0xfe, 0xb4, 0x6, 0xff, 0x70,

    /* U+0065 "e" */
    0x0, 0x0, 0x6b, 0xef, 0xda, 0x40, 0x0, 0x0,
    0x2, 0xdf, 0xff, 0xff, 0xff, 0xb0, 0x0, 0x1,
    0xef, 0xff, 0xcb, 0xdf, 0xff, 0xb0, 0x0, 0xbf,
    0xfd, 0x20, 0x0, 0x4e, 0xff, 0x60, 0x2f, 0xff,
    0x20, 0x0, 0x0, 0x5f, 0xfd, 0x7, 0xff, 0xb0,
    0x0, 0x0, 0x0, 0xff, 0xf2, 0xaf, 0xfa, 0x55,
    0x55, 0x55, 0x5e, 0xff, 0x5b, 0xff, 0xff, 0xff,
    0xff, 0xff, 0xff, 0xf6, 0xbf, 0xff, 0xff, 0xff,
    0xff, 0xff, 0xff, 0x7a, 0xff, 0x70, 0x0, 0x0,
    0x0, 0x0, 0x0, 0x7f, 0xfa, 0x0, 0x0, 0x0,
    0x0, 0x0, 0x2, 0xff, 0xf1, 0x0, 0x0, 0x2,
    0xdd, 0xd1, 0xb, 0xff, 0xd2, 0x0, 0x2, 0xdf,
    0xfb, 0x0, 0x1e, 0xff, 0xfc, 0xbc, 0xff, 0xfe,
    0x10, 0x0, 0x2d, 0xff, 0xff, 0xff, 0xfd, 0x20,
    0x0, 0x0, 0x6, 0xbe, 0xfe, 0xc6, 0x0, 0x0,

    /* U+0066 "f" */
    0x0, 0x0, 0x5c, 0xff, 0xfe, 0x0, 0x6, 0xff,
    0xff, 0xfe, 0x0, 0xf, 0xff, 0xd9, 0x98, 0x0,
    0x3f, 0xff, 0x10, 0x0, 0x0, 0x4f, 0xfd, 0x0,
    0x0, 0x6f, 0xff, 0xff, 0xff, 0xfa, 0x6f, 0xff,
    0xff, 0xff, 0xfa, 0x39, 0xdf, 0xff, 0x99, 0x96,
    0x0, 0x4f, 0xfd, 0x0, 0x0, 0x0, 0x4f, 0xfd,
    0x0, 0x0, 0x0, 0x4f, 0xfd, 0x0, 0x0, 0x0,
    0x4f, 0xfd, 0x0, 0x0, 0x0, 0x4f, 0xfd, 0x0,
    0x0, 0x0, 0x4f, 0xfd, 0x0, 0x0, 0x0, 0x4f,
    0xfd, 0x0, 0x0, 0x0, 0x4f, 0xfd, 0x0, 0x0,
    0x0, 0x4f, 0xfd, 0x0, 0x0, 0x0, 0x4f, 0xfd,
    0x0, 0x0, 0x0, 0x4f, 0xfd, 0x0, 0x0, 0x0,
    0x4f, 0xfd, 0x0, 0x0, 0x0, 0x4f, 0xfd, 0x0,
    0x0,

    /* U+0067 "g" */
    0x0, 0x2, 0x9d, 0xfe, 0xb4, 0x8, 0xff, 0x60,
    0x5, 0xff, 0xff, 0xff, 0xf8, 0x8f, 0xf6, 0x4,
    0xff, 0xff, 0xcb, 0xdf, 0xfc, 0xff, 0x60, 0xef,
    0xfc, 0x10, 0x0, 0x4f, 0xff, 0xf6, 0x4f, 0xff,
    0x10, 0x0, 0x0, 0x5f, 0xff, 0x69, 0xff, 0xa0,
    0x0, 0x0, 0x0, 0xef, 0xf6, 0xbf, 0xf7, 0x0,
    0x0, 0x0, 0xb, 0xff, 0x6c, 0xff, 0x60, 0x0,
    0x0, 0x0, 0xaf, 0xf6, 0xaf, 0xf8, 0x0, 0x0,
    0x0, 0xc, 0xff, 0x68, 0xff, 0xc0, 0x0, 0x0,
    0x1, 0xff, 0xf6, 0x2f, 0xff, 0x40, 0x0, 0x0,
    0x9f, 0xff, 0x60, 0xbf, 0xff, 0x71, 0x2, 0xaf,
    0xff, 0xf6, 0x1, 0xef, 0xff, 0xff, 0xff, 0xeb,
    0xff, 0x60, 0x1, 0xbf, 0xff, 0xff, 0xe3, 0xaf,
    0xf6, 0x0, 0x0, 0x37, 0x99, 0x50, 0xa, 0xff,
    0x51, 0x77, 0x60, 0x0, 0x0, 0x0, 0xdf, 0xf3,
    0xf, 0xff, 0x80, 0x0, 0x0, 0x9f, 0xfe, 0x0,
    0x6f, 0xff, 0xea, 0x9b, 0xef, 0xff, 0x60, 0x0,
    0x7f, 0xff, 0xff, 0xff, 0xff, 0x70, 0x0, 0x0,
    0x28, 0xce, 0xfe, 0xc8, 0x20, 0x0,

    /* U+0068 "h" */
    0xdf, 0xf4, 0x0, 0x0, 0x0, 0x0, 0xd, 0xff,
    0x40, 0x0, 0x0, 0x0, 0x0, 0xdf, 0xf4, 0x0,
    0x0, 0x0, 0x0, 0xd, 0xff, 0x40, 0x0, 0x0,
    0x0, 0x0, 0xdf, 0xf4, 0x0, 0x0, 0x0, 0x0,
    0xd, 0xff, 0x41, 0x8d, 0xfe, 0xb4, 0x0, 0xdf,
    0xf5, 0xdf, 0xff, 0xff, 0xf6, 0xd, 0xff, 0xef,
    0xea, 0xbf, 0xff, 0xf2, 0xdf, 0xff, 0x80, 0x0,
    0x1e, 0xff, 0x9d, 0xff, 0xb0, 0x0, 0x0, 0x6f,
    0xfd, 0xdf, 0xf6, 0x0, 0x0, 0x3, 0xff, 0xed,
    0xff, 0x40, 0x0, 0x0, 0x1f, 0xff, 0xdf, 0xf4,
    0x0, 0x0, 0x1, 0xff, 0xfd, 0xff, 0x40, 0x0,
    0x0, 0x1f, 0xff, 0xdf, 0xf4, 0x0, 0x0, 0x1,
    0xff, 0xfd, 0xff, 0x40, 0x0, 0x0, 0x1f, 0xff,
    0xdf, 0xf4, 0x0, 0x0, 0x1, 0xff, 0xfd, 0xff,
    0x40, 0x0, 0x0, 0x1f, 0xff, 0xdf, 0xf4, 0x0,
    0x0, 0x1, 0xff, 0xfd, 0xff, 0x40, 0x0, 0x0,
    0x1f, 0xff, 0xdf, 0xf4, 0x0, 0x0, 0x1, 0xff,
    0xf0,

    /* U+0069 "i" */
    0xef, 0xf5, 0xef, 0xf5, 0xef, 0xf5, 0x11, 0x10,
    0x0, 0x0, 0xdf, 0xf4, 0xdf, 0xf4, 0xdf, 0xf4,
    0xdf, 0xf4, 0xdf, 0xf4, 0xdf, 0xf4, 0xdf, 0xf4,
    0xdf, 0xf4, 0xdf, 0xf4, 0xdf, 0xf4, 0xdf, 0xf4,
    0xdf, 0xf4, 0xdf, 0xf4, 0xdf, 0xf4, 0xdf, 0xf4,
    0xdf, 0xf4,

    /* U+006A "j" */
    0x0, 0x1, 0xff, 0xf2, 0x0, 0x1, 0xff, 0xf2,
    0x0, 0x1, 0xff, 0xf2, 0x0, 0x0, 0x11, 0x10,
    0x0, 0x0, 0x0, 0x0, 0x0, 0x0, 0xff, 0xf1,
    0x0, 0x0, 0xff, 0xf1, 0x0, 0x0, 0xff, 0xf1,
    0x0, 0x0, 0xff, 0xf1, 0x0, 0x0, 0xff, 0xf1,
    0x0, 0x0, 0xff, 0xf1, 0x0, 0x0, 0xff, 0xf1,
    0x0, 0x0, 0xff, 0xf1, 0x0, 0x0, 0xff, 0xf1,
    0x0, 0x0, 0xff, 0xf1, 0x0, 0x0, 0xff, 0xf1,
    0x0, 0x0, 0xff, 0xf1, 0x0, 0x0, 0xff, 0xf1,
    0x0, 0x0, 0xff, 0xf1, 0x0, 0x0, 0xff, 0xf1,
    0x0, 0x0, 0xff, 0xf0, 0x0, 0x2, 0xff, 0xf0,
    0x8, 0x9e, 0xff, 0xd0, 0x1f, 0xff, 0xff, 0x70,
    0x1f, 0xff, 0xc6, 0x0,

    /* U+006B "k" */
    0xdf, 0xf4, 0x0, 0x0, 0x0, 0x0, 0x0, 0xd,
    0xff, 0x40, 0x0, 0x0, 0x0, 0x0, 0x0, 0xdf,
    0xf4, 0x0, 0x0, 0x0, 0x0, 0x0, 0xd, 0xff,
    0x40, 0x0, 0x0, 0x0, 0x0, 0x0, 0xdf, 0xf4,
    0x0, 0x0, 0x0, 0x0, 0x0, 0xd, 0xff, 0x40,
    0x0, 0x0, 0x4f, 0xff, 0x90, 0xdf, 0xf4, 0x0,
    0x0, 0x2f, 0xff, 0xb0, 0xd, 0xff, 0x40, 0x0,
    0x1e, 0xff, 0xc0, 0x0, 0xdf, 0xf4, 0x0, 0xd,
    0xff, 0xd1, 0x0, 0xd, 0xff, 0x40, 0xb, 0xff,
    0xe2, 0x0, 0x0, 0xdf, 0xf4, 0xa, 0xff, 0xf3,
    0x0, 0x0, 0xd, 0xff, 0x48, 0xff, 0xf4, 0x0,
    0x0, 0x0, 0xdf, 0xfa, 0xff, 0xff, 0x80, 0x0,
    0x0, 0xd, 0xff, 0xff, 0xff, 0xff, 0x30, 0x0,
    0x0, 0xdf, 0xff, 0xf4, 0x8f, 0xfd, 0x0, 0x0,
    0xd, 0xff, 0xf5, 0x0, 0xdf, 0xf9, 0x0, 0x0,
    0xdf, 0xf7, 0x0, 0x3, 0xff, 0xf4, 0x0, 0xd,
    0xff, 0x40, 0x0, 0x8, 0xff, 0xe0, 0x0, 0xdf,
    0xf4, 0x0, 0x0, 0xd, 0xff, 0x90, 0xd, 0xff,
    0x40, 0x0, 0x0, 0x3f, 0xff, 0x40, 0xdf, 0xf4,
    0x0, 0x0, 0x0, 0x9f, 0xfe, 0x10,

    /* U+006C "l" */
    0xdf, 0xf4, 0x0, 0xdf, 0xf4, 0x0, 0xdf, 0xf4,
    0x0, 0xdf, 0xf4, 0x0, 0xdf, 0xf4, 0x0, 0xdf,
    0xf4, 0x0, 0xdf, 0xf4, 0x0, 0xdf, 0xf4, 0x0,
    0xdf, 0xf4, 0x0, 0xdf, 0xf4, 0x0, 0xdf, 0xf4,
    0x0, 0xdf, 0xf4, 0x0, 0xdf, 0xf4, 0x0, 0xdf,
    0xf4, 0x0, 0xdf, 0xf4, 0x0, 0xdf, 0xf4, 0x0,
    0xdf, 0xf4, 0x0, 0xdf, 0xf4, 0x0, 0xbf, 0xfd,
    0x94, 0x5f, 0xff, 0xf8, 0x6, 0xdf, 0xf8,

    /* U+006D "m" */
    0xdf, 0xf0, 0x19, 0xef, 0xd8, 0x0, 0x2, 0xae,
    0xfd, 0x81, 0x0, 0xdf, 0xf1, 0xef, 0xff, 0xff,
    0xc0, 0x2e, 0xff, 0xff, 0xfe, 0x20, 0xdf, 0xfb,
    0xfc, 0xac, 0xff, 0xf8, 0xcf, 0xca, 0xdf, 0xff,
    0xb0, 0xdf, 0xff, 0x60, 0x0, 0x8f, 0xff, 0xf6,
    0x0, 0x8, 0xff, 0xf1, 0xdf, 0xfb, 0x0, 0x0,
    0xf, 0xff, 0xb0, 0x0, 0x0, 0xef, 0xf5, 0xdf,
    0xf6, 0x0, 0x0, 0xc, 0xff, 0x60, 0x0, 0x0,
    0xbf, 0xf6, 0xdf, 0xf4, 0x0, 0x0, 0xb, 0xff,
    0x40, 0x0, 0x0, 0xaf, 0xf7, 0xdf, 0xf4, 0x0,
    0x0, 0xa, 0xff, 0x40, 0x0, 0x0, 0x9f, 0xf7,
    0xdf, 0xf4, 0x0, 0x0, 0xa, 0xff, 0x40, 0x0,
    0x0, 0x9f, 0xf7, 0xdf, 0xf4, 0x0, 0x0, 0xa,
    0xff, 0x40, 0x0, 0x0, 0x9f, 0xf7, 0xdf, 0xf4,
    0x0, 0x0, 0xa, 0xff, 0x40, 0x0, 0x0, 0x9f,
    0xf7, 0xdf, 0xf4, 0x0, 0x0, 0xa, 0xff, 0x40,
    0x0, 0x0, 0x9f, 0xf7, 0xdf, 0xf4, 0x0, 0x0,
    0xa, 0xff, 0x40, 0x0, 0x0, 0x9f, 0xf7, 0xdf,
    0xf4, 0x0, 0x0, 0xa, 0xff, 0x40, 0x0, 0x0,
    0x9f, 0xf7, 0xdf, 0xf4, 0x0, 0x0, 0xa, 0xff,
    0x40, 0x0, 0x0, 0x9f, 0xf7, 0xdf, 0xf4, 0x0,
    0x0, 0xa, 0xff, 0x40, 0x0, 0x0, 0x9f, 0xf7,

    /* U+006E "n" */
    0xdf, 0xf0, 0x8, 0xdf, 0xeb, 0x40, 0xd, 0xff,
    0x1d, 0xff, 0xff, 0xff, 0x60, 0xdf, 0xfb, 0xfe,
    0xab, 0xff, 0xff, 0x2d, 0xff, 0xf8, 0x0, 0x2,
    0xef, 0xf8, 0xdf, 0xfc, 0x0, 0x0, 0x7, 0xff,
    0xdd, 0xff, 0x60, 0x0, 0x0, 0x3f, 0xfe, 0xdf,
    0xf4, 0x0, 0x0, 0x2, 0xff, 0xfd, 0xff, 0x40,
    0x0, 0x0, 0x1f, 0xff, 0xdf, 0xf4, 0x0, 0x0,
    0x1, 0xff, 0xfd, 0xff, 0x40, 0x0, 0x0, 0x1f,
    0xff, 0xdf, 0xf4, 0x0, 0x0, 0x1, 0xff, 0xfd,
    0xff, 0x40, 0x0, 0x0, 0x1f, 0xff, 0xdf, 0xf4,
    0x0, 0x0, 0x1, 0xff, 0xfd, 0xff, 0x40, 0x0,
    0x0, 0x1f, 0xff, 0xdf, 0xf4, 0x0, 0x0, 0x1,
    0xff, 0xfd, 0xff, 0x40, 0x0, 0x0, 0x1f, 0xff,

    /* U+006F "o" */
    0x0, 0x0, 0x5b, 0xdf, 0xeb, 0x50, 0x0, 0x0,
    0x2, 0xdf, 0xff, 0xff, 0xff, 0xd2, 0x0, 0x1,
    0xef, 0xff, 0xdb, 0xdf, 0xff, 0xe1, 0x0, 0xbf,
    0xfe, 0x30, 0x0, 0x3e, 0xff, 0xb0, 0x2f, 0xff,
    0x40, 0x0, 0x0, 0x3f, 0xff, 0x27, 0xff, 0xc0,
    0x0, 0x0, 0x0, 0xbf, 0xf8, 0xaf, 0xf8, 0x0,
    0x0, 0x0, 0x7, 0xff, 0xab, 0xff, 0x60, 0x0,
    0x0, 0x0, 0x6f, 0xfc, 0xbf, 0xf6, 0x0, 0x0,
    0x0, 0x6, 0xff, 0xca, 0xff, 0x80, 0x0, 0x0,
    0x0, 0x7f, 0xfa, 0x7f, 0xfc, 0x0, 0x0, 0x0,
    0xb, 0xff, 0x82, 0xff, 0xf4, 0x0, 0x0, 0x3,
    0xff, 0xf2, 0xb, 0xff, 0xe4, 0x0, 0x3, 0xef,
    0xfb, 0x0, 0x1e, 0xff, 0xfd, 0xbd, 0xff, 0xff,
    0x10, 0x0, 0x2d, 0xff, 0xff, 0xff, 0xfd, 0x20,
    0x0, 0x0, 0x5, 0xbe, 0xfe, 0xb6, 0x0, 0x0,

    /* U+0070 "p" */
    0xdf, 0xf1, 0x7, 0xdf, 0xfc, 0x70, 0x0, 0xd,
    0xff, 0x3d, 0xff, 0xff, 0xff, 0xd1, 0x0, 0xdf,
    0xfd, 0xff, 0xcb, 0xef, 0xff, 0xd0, 0xd, 0xff,
    0xfd, 0x20, 0x0, 0x7f, 0xff, 0x60, 0xdf, 0xff,
    0x10, 0x0, 0x0, 0x9f, 0xfd, 0xd, 0xff, 0x90,
    0x0, 0x0, 0x2, 0xff, 0xf1, 0xdf, 0xf6, 0x0,
    0x0, 0x0, 0xe, 0xff, 0x4d, 0xff, 0x40, 0x0,
    0x0, 0x0, 0xcf, 0xf5, 0xdf, 0xf4, 0x0, 0x0,
    0x0, 0xd, 0xff, 0x5d, 0xff, 0x50, 0x0, 0x0,
    0x0, 0xef, 0xf4, 0xdf, 0xf9, 0x0, 0x0, 0x0,
    0x2f, 0xff, 0x1d, 0xff, 0xf1, 0x0, 0x0, 0x9,
    0xff, 0xd0, 0xdf, 0xff, 0xc2, 0x0, 0x7, 0xff,
    0xf6, 0xd, 0xff, 0xff, 0xfd, 0xbe, 0xff, 0xfd,
    0x0, 0xdf, 0xf5, 0xdf, 0xff, 0xff, 0xfd, 0x10,
    0xd, 0xff, 0x40, 0x8d, 0xff, 0xc7, 0x0, 0x0,
    0xdf, 0xf4, 0x0, 0x0, 0x0, 0x0, 0x0, 0xd,
    0xff, 0x40, 0x0, 0x0, 0x0, 0x0, 0x0, 0xdf,
    0xf4, 0x0, 0x0, 0x0, 0x0, 0x0, 0xd, 0xff,
    0x40, 0x0, 0x0, 0x0, 0x0, 0x0,

    /* U+0071 "q" */
    0x0, 0x2, 0x9d, 0xfe, 0xb4, 0x7, 0xff, 0x70,
    0x5, 0xff, 0xff, 0xff, 0xf8, 0x7f, 0xf7, 0x3,
    0xff, 0xff, 0xdb, 0xef, 0xfd, 0xff, 0x70, 0xcf,
    0xfe, 0x30, 0x0, 0x5f, 0xff, 0xf7, 0x3f, 0xff,
    0x30, 0x0, 0x0, 0x7f, 0xff, 0x77, 0xff, 0xc0,
    0x0, 0x0, 0x0, 0xff, 0xf7, 0xaf, 0xf8, 0x0,
    0x0, 0x0, 0xb, 0xff, 0x7b, 0xff, 0x60, 0x0,
    0x0, 0x0, 0xaf, 0xf7, 0xbf, 0xf6, 0x0, 0x0,
    0x0, 0xa, 0xff, 0x7a, 0xff, 0x80, 0x0, 0x0,
    0x0, 0xbf, 0xf7, 0x7f, 0xfc, 0x0, 0x0, 0x0,
    0xf, 0xff, 0x73, 0xff, 0xf3, 0x0, 0x0, 0x6,
    0xff, 0xf7, 0xc, 0xff, 0xe3, 0x0, 0x5, 0xff,
    0xff, 0x70, 0x3f, 0xff, 0xfd, 0xbe, 0xff, 0xff,
    0xf7, 0x0, 0x5f, 0xff, 0xff, 0xff, 0x99, 0xff,
    0x70, 0x0, 0x29, 0xef, 0xfb, 0x50, 0x9f, 0xf7,
    0x0, 0x0, 0x0, 0x0, 0x0, 0x9, 0xff, 0x70,
    0x0, 0x0, 0x0, 0x0, 0x0, 0x9f, 0xf7, 0x0,
    0x0, 0x0, 0x0, 0x0, 0x9, 0xff, 0x70, 0x0,
    0x0, 0x0, 0x0, 0x0, 0x9f, 0xf7,

    /* U+0072 "r" */
    0xdf, 0xf0, 0x4c, 0xff, 0x3d, 0xff, 0x4f, 0xff,
    0xf3, 0xdf, 0xfd, 0xff, 0xdc, 0x2d, 0xff, 0xf6,
    0x0, 0x0, 0xdf, 0xfa, 0x0, 0x0, 0xd, 0xff,
    0x50, 0x0, 0x0, 0xdf, 0xf4, 0x0, 0x0, 0xd,
    0xff, 0x40, 0x0, 0x0, 0xdf, 0xf4, 0x0, 0x0,
    0xd, 0xff, 0x40, 0x0, 0x0, 0xdf, 0xf4, 0x0,
    0x0, 0xd, 0xff, 0x40, 0x0, 0x0, 0xdf, 0xf4,
    0x0, 0x0, 0xd, 0xff, 0x40, 0x0, 0x0, 0xdf,
    0xf4, 0x0, 0x0, 0xd, 0xff, 0x40, 0x0, 0x0,

    /* U+0073 "s" */
    0x0, 0x5, 0xbe, 0xff, 0xd9, 0x30, 0x0, 0x0,
    0xbf, 0xff, 0xff, 0xff, 0xf7, 0x0, 0xa, 0xff,
    0xfd, 0xaa, 0xef, 0xff, 0x50, 0x1f, 0xff, 0x70,
    0x0, 0x9, 0xff, 0xe0, 0x3f, 0xff, 0x0, 0x0,
    0x0, 0xef, 0xf3, 0x2f, 0xff, 0x20, 0x0, 0x0,
    0x22, 0x20, 0xd, 0xff, 0xd6, 0x20, 0x0, 0x0,
    0x0, 0x3, 0xef, 0xff, 0xff, 0xc8, 0x30, 0x0,
    0x0, 0x17, 0xdf, 0xff, 0xff, 0xfb, 0x10, 0x0,
    0x0, 0x1, 0x58, 0xcf, 0xff, 0xc0, 0x34, 0x41,
    0x0, 0x0, 0x4, 0xff, 0xf2, 0xaf, 0xfa, 0x0,
    0x0, 0x0, 0xef, 0xf4, 0x5f, 0xff, 0x60, 0x0,
    0x4, 0xff, 0xf2, 0xc, 0xff, 0xfd, 0xba, 0xcf,
    0xff, 0xc0, 0x1, 0xcf, 0xff, 0xff, 0xff, 0xfd,
    0x10, 0x0, 0x5, 0xad, 0xff, 0xeb, 0x60, 0x0,

    /* U+0074 "t" */
    0x0, 0x18, 0x87, 0x0, 0x0, 0x0, 0x3f, 0xfe,
    0x0, 0x0, 0x0, 0x3f, 0xfe, 0x0, 0x0, 0x0,
    0x3f, 0xfe, 0x0, 0x0, 0x8f, 0xff, 0xff, 0xff,
    0xff, 0x8f, 0xff, 0xff, 0xff, 0xff, 0x49, 0xcf,
    0xff, 0x99, 0x98, 0x0, 0x3f, 0xfe, 0x0, 0x0,
    0x0, 0x3f, 0xfe, 0x0, 0x0, 0x0, 0x3f, 0xfe,
    0x0, 0x0, 0x0, 0x3f, 0xfe, 0x0, 0x0, 0x0,
    0x3f, 0xfe, 0x0, 0x0, 0x0, 0x3f, 0xfe, 0x0,
    0x0, 0x0, 0x3f, 0xfe, 0x0, 0x0, 0x0, 0x3f,
    0xfe, 0x0, 0x0, 0x0, 0x3f, 0xfe, 0x0, 0x0,
    0x0, 0x2f, 0xff, 0x10, 0x0, 0x0, 0xf, 0xff,
    0xd9, 0x98, 0x0, 0x7, 0xff, 0xff, 0xff, 0x0,
    0x0, 0x6c, 0xff, 0xff,

    /* U+0075 "u" */
    0xdf, 0xf4, 0x0, 0x0, 0x4, 0xff, 0xdd, 0xff,
    0x40, 0x0, 0x0, 0x4f, 0xfd, 0xdf, 0xf4, 0x0,
    0x0, 0x4, 0xff, 0xdd, 0xff, 0x40, 0x0, 0x0,
    0x4f, 0xfd, 0xdf, 0xf4, 0x0, 0x0, 0x4, 0xff,
    0xdd, 0xff, 0x40, 0x0, 0x0, 0x4f, 0xfd, 0xdf,
    0xf4, 0x0, 0x0, 0x4, 0xff, 0xdd, 0xff, 0x40,
    0x0, 0x0, 0x4f, 0xfd, 0xdf, 0xf4, 0x0, 0x0,
    0x4, 0xff, 0xdd, 0xff, 0x40, 0x0, 0x0, 0x4f,
    0xfd, 0xcf, 0xf5, 0x0, 0x0, 0x6, 0xff, 0xdb,
    0xff, 0x80, 0x0, 0x0, 0xdf, 0xfd, 0x7f, 0xff,
    0x30, 0x0, 0x7f, 0xff, 0xd1, 0xff, 0xff, 0xca,
    0xdf, 0xbf, 0xfd, 0x5, 0xff, 0xff, 0xff, 0xd2,
    0xff, 0xd0, 0x3, 0xbe, 0xfd, 0x81, 0xf, 0xfd,

    /* U+0076 "v" */
    0x3f, 0xff, 0x10, 0x0, 0x0, 0x0, 0xdf, 0xf7,
    0xd, 0xff, 0x60, 0x0, 0x0, 0x2, 0xff, 0xf1,
    0x7, 0xff, 0xb0, 0x0, 0x0, 0x7, 0xff, 0xb0,
    0x2, 0xff, 0xf1, 0x0, 0x0, 0xd, 0xff, 0x60,
    0x0, 0xcf, 0xf6, 0x0, 0x0, 0x2f, 0xff, 0x0,
    0x0, 0x6f, 0xfb, 0x0, 0x0, 0x7f, 0xfa, 0x0,
    0x0, 0x1f, 0xff, 0x10, 0x0, 0xdf, 0xf5, 0x0,
    0x0, 0xb, 0xff, 0x60, 0x2, 0xff, 0xf0, 0x0,
    0x0, 0x6, 0xff, 0xb0, 0x7, 0xff, 0x90, 0x0,
    0x0, 0x0, 0xff, 0xf1, 0xc, 0xff, 0x40, 0x0,
    0x0, 0x0, 0xaf, 0xf6, 0x2f, 0xfe, 0x0, 0x0,
    0x0, 0x0, 0x5f, 0xfb, 0x7f, 0xf8, 0x0, 0x0,
    0x0, 0x0, 0xf, 0xff, 0xdf, 0xf3, 0x0, 0x0,
    0x0, 0x0, 0x9, 0xff, 0xff, 0xd0, 0x0, 0x0,
    0x0, 0x0, 0x4, 0xff, 0xff, 0x70, 0x0, 0x0,
    0x0, 0x0, 0x0, 0xef, 0xff, 0x20, 0x0, 0x0,

    /* U+0077 "w" */
    0x3f, 0xff, 0x0, 0x0, 0x0, 0x9f, 0xf9, 0x0,
    0x0, 0x0, 0xef, 0xf4, 0xe, 0xff, 0x40, 0x0,
    0x0, 0xdf, 0xfd, 0x0, 0x0, 0x3, 0xff, 0xf0,
    0xa, 0xff, 0x80, 0x0, 0x1, 0xff, 0xff, 0x20,
    0x0, 0x7, 0xff, 0xa0, 0x5, 0xff, 0xc0, 0x0,
    0x6, 0xff, 0xff, 0x60, 0x0, 0xc, 0xff, 0x60,
    0x0, 0xff, 0xf0, 0x0, 0xa, 0xff, 0xff, 0xa0,
    0x0, 0xf, 0xff, 0x10, 0x0, 0xbf, 0xf4, 0x0,
    0xe, 0xfb, 0xbf, 0xe0, 0x0, 0x4f, 0xfc, 0x0,
    0x0, 0x7f, 0xf9, 0x0, 0x3f, 0xf7, 0x7f, 0xf3,
    0x0, 0x8f, 0xf7, 0x0, 0x0, 0x2f, 0xfd, 0x0,
    0x7f, 0xf2, 0x2f, 0xf7, 0x0, 0xdf, 0xf3, 0x0,
    0x0, 0xd, 0xff, 0x10, 0xcf, 0xe0, 0xe, 0xfc,
    0x1, 0xff, 0xe0, 0x0, 0x0, 0x9, 0xff, 0x50,
    0xff, 0x90, 0x9, 0xff, 0x5, 0xff, 0x90, 0x0,
    0x0, 0x4, 0xff, 0x94, 0xff, 0x50, 0x5, 0xff,
    0x49, 0xff, 0x50, 0x0, 0x0, 0x0, 0xff, 0xe9,
    0xff, 0x0, 0x0, 0xff, 0x9e, 0xff, 0x0, 0x0,
    0x0, 0x0, 0xbf, 0xfe, 0xfc, 0x0, 0x0, 0xbf,
    0xef, 0xfb, 0x0, 0x0, 0x0, 0x0, 0x6f, 0xff,
    0xf7, 0x0, 0x0, 0x7f, 0xff, 0xf6, 0x0, 0x0,
    0x0, 0x0, 0x1f, 0xff, 0xf3, 0x0, 0x0, 0x2f,
    0xff, 0xf2, 0x0, 0x0, 0x0, 0x0, 0xc, 0xff,
    0xe0, 0x0, 0x0, 0xe, 0xff, 0xd0, 0x0, 0x0,

    /* U+0078 "x" */
    0x1f, 0xff, 0x50, 0x0, 0x0, 0xc, 0xff, 0xa0,
    0x6, 0xff, 0xe1, 0x0, 0x0, 0x7f, 0xfe, 0x10,
    0x0, 0xbf, 0xfa, 0x0, 0x2, 0xff, 0xf5, 0x0,
    0x0, 0x1e, 0xff, 0x50, 0xb, 0xff, 0xa0, 0x0,
    0x0, 0x5, 0xff, 0xe1, 0x6f, 0xfe, 0x10, 0x0,
    0x0, 0x0, 0xaf, 0xfb, 0xef, 0xf4, 0x0, 0x0,
    0x0, 0x0, 0xe, 0xff, 0xff, 0xa0, 0x0, 0x0,
    0x0, 0x0, 0x4, 0xff, 0xfe, 0x10, 0x0, 0x0,
    0x0, 0x0, 0x8, 0xff, 0xff, 0x20, 0x0, 0x0,
    0x0, 0x0, 0x3f, 0xff, 0xff, 0xc0, 0x0, 0x0,
    0x0, 0x0, 0xdf, 0xf7, 0xcf, 0xf7, 0x0, 0x0,
    0x0, 0x9, 0xff, 0xc0, 0x2f, 0xff, 0x30, 0x0,
    0x0, 0x4f, 0xff, 0x20, 0x7, 0xff, 0xd0, 0x0,
    0x0, 0xef, 0xf7, 0x0, 0x0, 0xcf, 0xf8, 0x0,
    0x9, 0xff, 0xc0, 0x0, 0x0, 0x2f, 0xff, 0x30,
    0x4f, 0xff, 0x30, 0x0, 0x0, 0x8, 0xff, 0xd0,

    /* U+0079 "y" */
    0x3f, 0xff, 0x10, 0x0, 0x0, 0x0, 0xff, 0xf3,
    0xd, 0xff, 0x60, 0x0, 0x0, 0x5, 0xff, 0xe0,
    0x7, 0xff, 0xb0, 0x0, 0x0, 0x9, 0xff, 0x80,
    0x2, 0xff, 0xf0, 0x0, 0x0, 0xe, 0xff, 0x30,
    0x0, 0xcf, 0xf5, 0x0, 0x0, 0x3f, 0xfd, 0x0,
    0x0, 0x7f, 0xfa, 0x0, 0x0, 0x8f, 0xf7, 0x0,
    0x0, 0x1f, 0xff, 0x0, 0x0, 0xdf, 0xf2, 0x0,
    0x0, 0xc, 0xff, 0x50, 0x2, 0xff, 0xc0, 0x0,
    0x0, 0x6, 0xff, 0xa0, 0x7, 0xff, 0x60, 0x0,
    0x0, 0x1, 0xff, 0xf0, 0xc, 0xff, 0x10, 0x0,
    0x0, 0x0, 0xbf, 0xf5, 0x1f, 0xfb, 0x0, 0x0,
    0x0, 0x0, 0x5f, 0xfa, 0x6f, 0xf5, 0x0, 0x0,
    0x0, 0x0, 0xf, 0xff, 0xcf, 0xf0, 0x0, 0x0,
    0x0, 0x0, 0xa, 0xff, 0xff, 0xa0, 0x0, 0x0,
    0x0, 0x0, 0x5, 0xff, 0xff, 0x40, 0x0, 0x0,
    0x0, 0x0, 0x0, 0xff, 0xfe, 0x0, 0x0, 0x0,
    0x0, 0x0, 0x0, 0x2f, 0xf9, 0x0, 0x0, 0x0,
    0x0, 0x8, 0x89, 0xef, 0xf3, 0x0, 0x0, 0x0,
    0x0, 0xf, 0xff, 0xff, 0xb0, 0x0, 0x0, 0x0,
    0x0, 0xf, 0xff, 0xd8, 0x0, 0x0, 0x0, 0x0,

    /* U+007A "z" */
    0x3f, 0xff, 0xff, 0xff, 0xff, 0xff, 0xf5, 0x3f,
    0xff, 0xff, 0xff, 0xff, 0xff, 0xf5, 0x29, 0x99,
    0x99, 0x99, 0x9b, 0xff, 0xf4, 0x0, 0x0, 0x0,
    0x0, 0x2e, 0xff, 0xb0, 0x0, 0x0, 0x0, 0x1,
    0xdf, 0xfc, 0x0, 0x0, 0x0, 0x0, 0xc, 0xff,
    0xd1, 0x0, 0x0, 0x0, 0x0, 0xaf, 0xfe, 0x20,
    0x0, 0x0, 0x0, 0x8, 0xff, 0xf3, 0x0, 0x0,
    0x0, 0x0, 0x6f, 0xff, 0x50, 0x0, 0x0, 0x0,
    0x4, 0xff, 0xf6, 0x0, 0x0, 0x0, 0x0, 0x3f,
    0xff, 0x80, 0x0, 0x0, 0x0, 0x2, 0xef, 0xfa,
    0x0, 0x0, 0x0, 0x0, 0x1d, 0xff, 0xb0, 0x0,
    0x0, 0x0, 0x0, 0x8f, 0xff, 0x99, 0x99, 0x99,
    0x99, 0x95, 0x8f, 0xff, 0xff, 0xff, 0xff, 0xff,
    0xf9, 0x8f, 0xff, 0xff, 0xff, 0xff, 0xff, 0xf9,

    /* U+007B "{" */
    0x0, 0x0, 0x1, 0x7b, 0xcc, 0x0, 0x0, 0x3,
    0xef, 0xff, 0xf0, 0x0, 0x1, 0xef, 0xff, 0xff,
    0x0, 0x0, 0x7f, 0xff, 0x62, 0x0, 0x0, 0xc,
    0xff, 0x60, 0x0, 0x0, 0x0, 0xdf, 0xf2, 0x0,
    0x0, 0x0, 0xd, 0xff, 0x10, 0x0, 0x0, 0x0,
    0xdf, 0xf1, 0x0, 0x0, 0x0, 0xe, 0xff, 0x0,
    0x0, 0x0, 0x0, 0xff, 0xe0, 0x0, 0x0, 0x0,
    0x5f, 0xfb, 0x0, 0x0, 0x0, 0x4e, 0xff, 0x40,
    0x0, 0x0, 0xbf, 0xff, 0x60, 0x0, 0x0, 0xb,
    0xff, 0x60, 0x0, 0x0, 0x0, 0x9f, 0xff, 0xa0,
    0x0, 0x0, 0x0, 0x1c, 0xff, 0x60, 0x0, 0x0,
    0x0, 0x3f, 0xfd, 0x0, 0x0, 0x0, 0x0, 0xff,
    0xf0, 0x0, 0x0, 0x0, 0xd, 0xff, 0x10, 0x0,
    0x0, 0x0, 0xdf, 0xf1, 0x0, 0x0, 0x0, 0xd,
    0xff, 0x10, 0x0, 0x0, 0x0, 0xcf, 0xf3, 0x0,
    0x0, 0x0, 0xa, 0xff, 0xc1, 0x0, 0x0, 0x0,
    0x3f, 0xff, 0xfd, 0xb0, 0x0, 0x0, 0x7f, 0xff,
    0xff, 0x0, 0x0, 0x0, 0x4b, 0xef, 0xf0,

    /* U+007C "|" */
    0x24, 0x42, 0x8f, 0xf7, 0x8f, 0xf7, 0x8f, 0xf7,
    0x8f, 0xf7, 0x8f, 0xf7, 0x8f, 0xf7, 0x8f, 0xf7,
    0x8f, 0xf7, 0x8f, 0xf7, 0x8f, 0xf7, 0x8f, 0xf7,
    0x8f, 0xf7, 0x8f, 0xf7, 0x8f, 0xf7, 0x8f, 0xf7,
    0x8f, 0xf7, 0x8f, 0xf7, 0x8f, 0xf7, 0x8f, 0xf7,
    0x8f, 0xf7, 0x8f, 0xf7, 0x8f, 0xf7, 0x8f, 0xf7,
    0x8f, 0xf7, 0x8f, 0xf7,

    /* U+007D "}" */
    0x7c, 0xb9, 0x40, 0x0, 0x0, 0x9, 0xff, 0xff,
    0xa0, 0x0, 0x0, 0x9f, 0xff, 0xff, 0x70, 0x0,
    0x0, 0x13, 0xbf, 0xfe, 0x0, 0x0, 0x0, 0x0,
    0xef, 0xf3, 0x0, 0x0, 0x0, 0xa, 0xff, 0x40,
    0x0, 0x0, 0x0, 0xaf, 0xf5, 0x0, 0x0, 0x0,
    0xa, 0xff, 0x50, 0x0, 0x0, 0x0, 0x9f, 0xf5,
    0x0, 0x0, 0x0, 0x7, 0xff, 0x70, 0x0, 0x0,
    0x0, 0x4f, 0xfc, 0x0, 0x0, 0x0, 0x0, 0xcf,
    0xf9, 0x10, 0x0, 0x0, 0x1, 0xcf, 0xff, 0x20,
    0x0, 0x0, 0x2, 0xcf, 0xf2, 0x0, 0x0, 0x4,
    0xff, 0xfe, 0x20, 0x0, 0x0, 0xef, 0xf5, 0x0,
    0x0, 0x0, 0x6f, 0xfa, 0x0, 0x0, 0x0, 0x8,
    0xff, 0x60, 0x0, 0x0, 0x0, 0x9f, 0xf5, 0x0,
    0x0, 0x0, 0xa, 0xff, 0x50, 0x0, 0x0, 0x0,
    0xaf, 0xf4, 0x0, 0x0, 0x0, 0xc, 0xff, 0x40,
    0x0, 0x0, 0x7, 0xff, 0xf1, 0x0, 0x6, 0xce,
    0xff, 0xfa, 0x0, 0x0, 0x9f, 0xff, 0xfd, 0x10,
    0x0, 0x9, 0xff, 0xd8, 0x10, 0x0, 0x0,

    /* U+007E "~" */
    0x0, 0x26, 0x72, 0x0, 0x0, 0x23, 0x30, 0x5f,
    0xff, 0xf7, 0x0, 0x9, 0xff, 0x2f, 0xff, 0xff,
    0xf6, 0x0, 0xdf, 0xc8, 0xff, 0x51, 0xbf, 0xfa,
    0xaf, 0xf8, 0xbf, 0xd0, 0x0, 0xcf, 0xff, 0xfe,
    0x9, 0xb8, 0x0, 0x0, 0x9e, 0xfb, 0x20,

    /* U+00A0 " " */

    /* U+00A1 "¡" */
    0x9f, 0xff, 0x39, 0xff, 0xf3, 0x9f, 0xff, 0x36,
    0xbb, 0xb2, 0x0, 0x0, 0x0, 0x6a, 0x40, 0xb,
    0xf8, 0x0, 0xdf, 0xa0, 0xe, 0xfb, 0x0, 0xff,
    0xc0, 0xf, 0xfd, 0x1, 0xff, 0xe0, 0x2f, 0xfe,
    0x2, 0xff, 0xf0, 0x2f, 0xff, 0x2, 0xff, 0xf0,
    0x2f, 0xff, 0x2, 0xff, 0xf0, 0x2f, 0xff, 0x2,
    0xff, 0xf0,

    /* U+00A2 "¢" */
    0x0, 0x0, 0x0, 0xd, 0xf4, 0x0, 0x0, 0x0,
    0x0, 0x0, 0x0, 0xef, 0x20, 0x0, 0x0, 0x0,
    0x0, 0x5b, 0xef, 0xfd, 0x60, 0x0, 0x0, 0x2,
    0xdf, 0xff, 0xff, 0xff, 0xe3, 0x0, 0x1, 0xef,
    0xff, 0xff, 0xff, 0xff, 0xf2, 0x0, 0xbf, 0xfe,
    0x34, 0xfd, 0x3e, 0xff, 0xb0, 0x2f, 0xff, 0x40,
    0x5f, 0xb0, 0x3f, 0xff, 0x27, 0xff, 0xc0, 0x7,
    0xfa, 0x0, 0x9a, 0xa3, 0xaf, 0xf8, 0x0, 0x8f,
    0x80, 0x0, 0x0, 0xb, 0xff, 0x60, 0xa, 0xf7,
    0x0, 0x0, 0x0, 0xbf, 0xf6, 0x0, 0xbf, 0x60,
    0x0, 0x0, 0xa, 0xff, 0x80, 0xc, 0xf4, 0x0,
    0x0, 0x0, 0x7f, 0xfc, 0x0, 0xef, 0x30, 0xd,
    0xee, 0x42, 0xff, 0xf3, 0xf, 0xf1, 0x4, 0xff,
    0xf1, 0xb, 0xff, 0xe4, 0xff, 0x3, 0xef, 0xfa,
    0x0, 0x1e, 0xff, 0xff, 0xfd, 0xff, 0xfe, 0x10,
    0x0, 0x2d, 0xff, 0xff, 0xff, 0xfd, 0x20, 0x0,
    0x0, 0x5, 0xff, 0xfe, 0xb6, 0x0, 0x0, 0x0,
    0x0, 0x6, 0xfa, 0x0, 0x0, 0x0, 0x0, 0x0,
    0x0, 0x7f, 0x90, 0x0, 0x0, 0x0, 0x0, 0x0,
    0x9, 0xf8, 0x0, 0x0, 0x0, 0x0,

    /* U+00A3 "£" */
    0x0, 0x0, 0x2, 0x9d, 0xff, 0xd9, 0x30, 0x0,
    0x0, 0x0, 0x7f, 0xff, 0xff, 0xff, 0xf9, 0x0,
    0x0, 0x6, 0xff, 0xff, 0xff, 0xff, 0xff, 0x90,
    0x0, 0xe, 0xff, 0xd3, 0x0, 0x4e, 0xff, 0xf3,
    0x0, 0x4f, 0xff, 0x20, 0x0, 0x2, 0xff, 0xf9,
    0x0, 0x7f, 0xfc, 0x0, 0x0, 0x0, 0x67, 0x75,
    0x0, 0x6f, 0xfb, 0x0, 0x0, 0x0, 0x0, 0x0,
    0x0, 0x4f, 0xfe, 0x0, 0x0, 0x0, 0x0, 0x0,
    0x0, 0xf, 0xff, 0x20, 0x0, 0x0, 0x0, 0x0,
    0x13, 0x3c, 0xff, 0x83, 0x33, 0x31, 0x0, 0x0,
    0x7f, 0xff, 0xff, 0xff, 0xff, 0xf7, 0x0, 0x0,
    0x7f, 0xff, 0xff, 0xff, 0xff, 0xf7, 0x0, 0x0,
    0x0, 0x1, 0xff, 0xc0, 0x0, 0x0, 0x0, 0x0,
    0x0, 0x1, 0xff, 0xb0, 0x0, 0x0, 0x0, 0x0,
    0x0, 0x3, 0xff, 0x80, 0x0, 0x0, 0x0, 0x0,
    0x0, 0x9, 0xff, 0x30, 0x0, 0x0, 0x0, 0x0,
    0x0, 0x4f, 0xfa, 0x0, 0x0, 0x0, 0x0, 0x0,
    0x5, 0xff, 0x80, 0x0, 0x0, 0x0, 0x0, 0x0,
    0x5f, 0xff, 0xff, 0xff, 0xff, 0xff, 0xff, 0xf7,
    0x6f, 0xff, 0xff, 0xff, 0xff, 0xff, 0xff, 0xf7,
    0x6f, 0xff, 0xff, 0xff, 0xff, 0xff, 0xff, 0xf7,

    /* U+00A4 "¤" */
    0x0, 0x0, 0x0, 0x0, 0x0, 0x0, 0x0, 0x0,
    0x9, 0x70, 0x0, 0x0, 0x0, 0x0, 0x4, 0xb0,
    0x7f, 0xf6, 0x0, 0x35, 0x53, 0x0, 0x4f, 0xfa,
    0xc, 0xff, 0xac, 0xff, 0xff, 0xda, 0xff, 0xe2,
    0x1, 0xcf, 0xff, 0xff, 0xff, 0xff, 0xfe, 0x20,
    0x0, 0x3f, 0xff, 0x51, 0x4, 0xff, 0xf7, 0x0,
    0x0, 0xaf, 0xf2, 0x0, 0x0, 0xf, 0xfd, 0x0,
    0x0, 0xff, 0x70, 0x0, 0x0, 0x4, 0xff, 0x20,
    0x1, 0xff, 0x40, 0x0, 0x0, 0x1, 0xff, 0x40,
    0x0, 0xff, 0x50, 0x0, 0x0, 0x2, 0xff, 0x30,
    0x0, 0xdf, 0xa0, 0x0, 0x0, 0x8, 0xff, 0x10,
    0x0, 0x7f, 0xf7, 0x0, 0x0, 0x4f, 0xfa, 0x0,
    0x0, 0x5f, 0xff, 0xc7, 0x7b, 0xff, 0xf9, 0x0,
    0x4, 0xff, 0xff, 0xff, 0xff, 0xff, 0xff, 0x70,
    0x4f, 0xfd, 0x26, 0xce, 0xfc, 0x71, 0xcf, 0xf7,
    0x3f, 0xd1, 0x0, 0x0, 0x0, 0x0, 0xc, 0xf5,
    0x3, 0x10, 0x0, 0x0, 0x0, 0x0, 0x0, 0x40,

    /* U+00A5 "¥" */
    0xd, 0xff, 0xb0, 0x0, 0x0, 0x0, 0x0, 0x7f,
    0xff, 0x20, 0x4f, 0xff, 0x40, 0x0, 0x0, 0x0,
    0x1f, 0xff, 0x80, 0x0, 0xbf, 0xfc, 0x0, 0x0,
    0x0, 0x9, 0xff, 0xe0, 0x0, 0x2, 0xff, 0xf6,
    0x0, 0x0, 0x2, 0xff, 0xf6, 0x0, 0x0, 0x9,
    0xff, 0xe0, 0x0, 0x0, 0xbf, 0xfc, 0x0, 0x0,
    0x0, 0x1e, 0xff, 0x70, 0x0, 0x4f, 0xff, 0x30,
    0x0, 0x0, 0x0, 0x6f, 0xff, 0x10, 0xd, 0xff,
    0xa0, 0x0, 0x0, 0x0, 0x0, 0xcf, 0xf9, 0x6,
    0xff, 0xf1, 0x0, 0x0, 0x0, 0x0, 0x3, 0xff,
    0xf3, 0xef, 0xf7, 0x0, 0x0, 0x0, 0x0, 0x0,
    0xa, 0xff, 0xff, 0xfd, 0x0, 0x0, 0x0, 0x0,
    0x4, 0xff, 0xff, 0xff, 0xff, 0xff, 0xff, 0xf3,
    0x0, 0x0, 0x4f, 0xff, 0xff, 0xff, 0xff, 0xff,
    0xff, 0x30, 0x0, 0x1, 0x66, 0x67, 0xff, 0xfa,
    0x66, 0x66, 0x61, 0x0, 0x0, 0x0, 0x0, 0xf,
    0xff, 0x20, 0x0, 0x0, 0x0, 0x0, 0x1, 0x66,
    0x66, 0xff, 0xf9, 0x66, 0x66, 0x61, 0x0, 0x0,
    0x4f, 0xff, 0xff, 0xff, 0xff, 0xff, 0xff, 0x30,
    0x0, 0x4, 0xff, 0xff, 0xff, 0xff, 0xff, 0xff,
    0xf3, 0x0, 0x0, 0x0, 0x0, 0xf, 0xff, 0x20,
    0x0, 0x0, 0x0, 0x0, 0x0, 0x0, 0x0, 0xff,
    0xf2, 0x0, 0x0, 0x0, 0x0, 0x0, 0x0, 0x0,
    0xf, 0xff, 0x20, 0x0, 0x0, 0x0, 0x0, 0x0,
    0x0, 0x0, 0xff, 0xf2, 0x0, 0x0, 0x0, 0x0,

    /* U+00A6 "¦" */
    0x37, 0x73, 0x8f, 0xf7, 0x8f, 0xf7, 0x8f, 0xf7,
    0x8f, 0xf7, 0x8f, 0xf7, 0x8f, 0xf7, 0x8f, 0xf7,
    0x8f, 0xf7, 0x8f, 0xf7, 0x8f, 0xf7, 0x0, 0x0,
    0x0, 0x0, 0x0, 0x0, 0x0, 0x0, 0x37, 0x73,
    0x8f, 0xf7, 0x8f, 0xf7, 0x8f, 0xf7, 0x8f, 0xf7,
    0x8f, 0xf7, 0x8f, 0xf7, 0x8f, 0xf7, 0x8f, 0xf7,
    0x8f, 0xf7, 0x8f, 0xf7,

    /* U+00A7 "§" */
    0x0, 0x2, 0x9d, 0xef, 0xeb, 0x60, 0x0, 0x0,
    0x7f, 0xff, 0xff, 0xff, 0xfd, 0x10, 0x4, 0xff,
    0xfe, 0xba, 0xdf, 0xff, 0xd0, 0xb, 0xff, 0xb0,
    0x0, 0x4, 0xff, 0xf6, 0xd, 0xff, 0x50, 0x0,
    0x0, 0x7f, 0xfb, 0xb, 0xff, 0xb0, 0x0, 0x0,
    0x2, 0x22, 0x3, 0xff, 0xfe, 0x83, 0x0, 0x0,
    0x0, 0x0, 0x2c, 0xff, 0xff, 0xfb, 0x50, 0x0,
    0x0, 0x7f, 0xff, 0xff, 0xff, 0xfe, 0x40, 0x5,
    0xff, 0xe5, 0x22, 0x5b, 0xff, 0xf3, 0xc, 0xff,
    0x20, 0x0, 0x0, 0x7f, 0xfa, 0xe, 0xff, 0x0,
    0x0, 0x0, 0xf, 0xfd, 0xc, 0xff, 0x70, 0x0,
    0x0, 0x4f, 0xfc, 0x5, 0xff, 0xfb, 0x64, 0x48,
    0xff, 0xf5, 0x0, 0x5e, 0xff, 0xff, 0xff, 0xfe,
    0x50, 0x0, 0x0, 0x49, 0xdf, 0xff, 0xfe, 0x50,
    0x0, 0x0, 0x0, 0x1, 0x6c, 0xff, 0xf4, 0x25,
    0x54, 0x0, 0x0, 0x0, 0xbf, 0xfb, 0x3f, 0xff,
    0x10, 0x0, 0x0, 0x5f, 0xfc, 0xe, 0xff, 0xb1,
    0x0, 0x0, 0xbf, 0xfa, 0x4, 0xff, 0xff, 0xca,
    0xbe, 0xff, 0xf4, 0x0, 0x5e, 0xff, 0xff, 0xff,
    0xff, 0x60, 0x0, 0x1, 0x7c, 0xef, 0xec, 0x81,
    0x0,

    /* U+00A8 "¨" */
    0x11, 0x10, 0x0, 0x11, 0x1c, 0xff, 0x40, 0x5f,
    0xfc, 0xcf, 0xf4, 0x5, 0xff, 0xcc, 0xff, 0x40,
    0x5f, 0xfc,

    /* U+00A9 "©" */
    0x0, 0x0, 0x0, 0x0, 0x25, 0x66, 0x52, 0x0,
    0x0, 0x0, 0x0, 0x0, 0x0, 0x0, 0x7d, 0xff,
    0xff, 0xff, 0xd6, 0x0, 0x0, 0x0, 0x0, 0x0,
    0x4e, 0xff, 0xff, 0xff, 0xff, 0xff, 0xd3, 0x0,
    0x0, 0x0, 0x6, 0xff, 0xfc, 0x62, 0x0, 0x27,
    0xdf, 0xff, 0x50, 0x0, 0x0, 0x4f, 0xff, 0x60,
    0x0, 0x0, 0x0, 0x6, 0xff, 0xf3, 0x0, 0x1,
    0xff, 0xf3, 0x0, 0x6c, 0xef, 0xd7, 0x0, 0x4f,
    0xfe, 0x0, 0x9, 0xff, 0x40, 0x1c, 0xff, 0xff,
    0xff, 0xd1, 0x5, 0xff, 0x80, 0xf, 0xfb, 0x0,
    0xaf, 0xfb, 0x55, 0xaf, 0xfb, 0x0, 0xcf, 0xf0,
    0x5f, 0xf4, 0x3, 0xff, 0xa0, 0x0, 0x9, 0xff,
    0x20, 0x5f, 0xf4, 0x8f, 0xf0, 0x8, 0xff, 0x10,
    0x0, 0x2, 0xaa, 0x30, 0xf, 0xf8, 0xaf, 0xd0,
    0xa, 0xfd, 0x0, 0x0, 0x0, 0x0, 0x0, 0xe,
    0xf9, 0xbf, 0xc0, 0xb, 0xfd, 0x0, 0x0, 0x0,
    0x0, 0x0, 0xd, 0xfa, 0x9f, 0xe0, 0x9, 0xff,
    0x0, 0x0, 0x0, 0x99, 0x40, 0xe, 0xf8, 0x7f,
    0xf1, 0x4, 0xff, 0x70, 0x0, 0x6, 0xff, 0x40,
    0x2f, 0xf6, 0x3f, 0xf7, 0x0, 0xdf, 0xf7, 0x10,
    0x6f, 0xfd, 0x0, 0x7f, 0xf2, 0xd, 0xfe, 0x0,
    0x2e, 0xff, 0xff, 0xff, 0xf3, 0x1, 0xef, 0xc0,
    0x5, 0xff, 0xa0, 0x1, 0xaf, 0xff, 0xfb, 0x20,
    0xb, 0xff, 0x40, 0x0, 0xbf, 0xf9, 0x0, 0x0,
    0x33, 0x10, 0x0, 0xaf, 0xfa, 0x0, 0x0, 0xd,
    0xff, 0xd4, 0x0, 0x0, 0x0, 0x5d, 0xff, 0xc0,
    0x0, 0x0, 0x1, 0xbf, 0xff, 0xea, 0x88, 0xae,
    0xff, 0xfb, 0x0, 0x0, 0x0, 0x0, 0x7, 0xef,
    0xff, 0xff, 0xff, 0xfe, 0x60, 0x0, 0x0, 0x0,
    0x0, 0x0, 0x6, 0xad, 0xff, 0xda, 0x50, 0x0,
    0x0, 0x0,

    /* U+00AA "ª" */
    0x1, 0x8d, 0xff, 0xc6, 0x0, 0x0, 0xcf, 0xff,
    0xff, 0xf8, 0x0, 0x6f, 0xf8, 0x1, 0xdf, 0xf1,
    0x2, 0x33, 0x0, 0x9, 0xff, 0x30, 0x0, 0x59,
    0xdf, 0xff, 0xf4, 0x2, 0xdf, 0xfe, 0xab, 0xff,
    0x40, 0xaf, 0xf4, 0x0, 0x8f, 0xf4, 0xc, 0xff,
    0x10, 0x4f, 0xff, 0x50, 0x8f, 0xff, 0xff, 0xcf,
    0xff, 0x0, 0x8d, 0xfe, 0x90, 0x6e, 0xf0,

    /* U+00AB "«" */
    0x0, 0x1, 0xbc, 0xc6, 0x0, 0x7c, 0xcb, 0x10,
    0x0, 0xcf, 0xfc, 0x0, 0x5f, 0xff, 0x40, 0x0,
    0xaf, 0xfd, 0x10, 0x3f, 0xff, 0x60, 0x0, 0x7f,
    0xff, 0x20, 0x2e, 0xff, 0x90, 0x0, 0x5f, 0xff,
    0x40, 0xd, 0xff, 0xb0, 0x0, 0xc, 0xff, 0x60,
    0x5, 0xff, 0xd0, 0x0, 0x0, 0xcf, 0xf3, 0x0,
    0x5f, 0xfb, 0x0, 0x0, 0x8, 0xff, 0xe2, 0x2,
    0xef, 0xf8, 0x0, 0x0, 0xa, 0xff, 0xd1, 0x4,
    0xff, 0xf6, 0x0, 0x0, 0xc, 0xff, 0xb0, 0x6,
    0xff, 0xf3, 0x0, 0x0, 0x1e, 0xff, 0x90, 0x8,
    0xff, 0xe2, 0x0, 0x0, 0x3f, 0xff, 0x70, 0xb,
    0xff, 0xd1,

    /* U+00AC "¬" */
    0x57, 0x77, 0x77, 0x77, 0x77, 0x77, 0x3d, 0xff,
    0xff, 0xff, 0xff, 0xff, 0xf7, 0xdf, 0xff, 0xff,
    0xff, 0xff, 0xff, 0x70, 0x0, 0x0, 0x0, 0x0,
    0xf, 0xf7, 0x0, 0x0, 0x0, 0x0, 0x0, 0xff,
    0x70, 0x0, 0x0, 0x0, 0x0, 0xf, 0xf7, 0x0,
    0x0, 0x0, 0x0, 0x0, 0xff, 0x70, 0x0, 0x0,
    0x0, 0x0, 0xf, 0xf7,

    /* U+00AD "­" */
    0x8, 0x88, 0x88, 0x88, 0x51, 0xff, 0xff, 0xff,
    0xfb, 0x1f, 0xff, 0xff, 0xff, 0xb0,

    /* U+00AE "®" */
    0x0, 0x0, 0x17, 0xce, 0xfe, 0xa4, 0x0, 0x0,
    0x0, 0x0, 0x6f, 0xff, 0xdc, 0xef, 0xfc, 0x10,
    0x0, 0x0, 0x7f, 0xe6, 0x0, 0x0, 0x3a, 0xfe,
    0x20, 0x0, 0x5f, 0xd2, 0x89, 0x98, 0x50, 0x6,
    0xfd, 0x0, 0xe, 0xf2, 0xf, 0xff, 0xff, 0xd1,
    0x9, 0xf7, 0x4, 0xf9, 0x0, 0xfe, 0x0, 0x7f,
    0x80, 0x1f, 0xd0, 0x9f, 0x30, 0xf, 0xe0, 0x3,
    0xfa, 0x0, 0xaf, 0x1a, 0xf1, 0x0, 0xff, 0x88,
    0xdf, 0x50, 0x8, 0xf3, 0xaf, 0x10, 0xf, 0xff,
    0xff, 0x60, 0x0, 0x8f, 0x38, 0xf3, 0x0, 0xfe,
    0xa, 0xf5, 0x0, 0xb, 0xf1, 0x4f, 0x90, 0xf,
    0xe0, 0x1f, 0xe0, 0x1, 0xfd, 0x0, 0xdf, 0x20,
    0xfe, 0x0, 0x7f, 0x80, 0x8f, 0x70, 0x5, 0xfd,
    0x14, 0x40, 0x0, 0x44, 0x6f, 0xd0, 0x0, 0x8,
    0xfe, 0x60, 0x0, 0x2, 0xaf, 0xe2, 0x0, 0x0,
    0x6, 0xff, 0xfd, 0xce, 0xff, 0xc1, 0x0, 0x0,
    0x0, 0x1, 0x7c, 0xef, 0xea, 0x50, 0x0, 0x0,

    /* U+00AF "¯" */
    0x68, 0x88, 0x88, 0x88, 0x2c, 0xff, 0xff, 0xff,
    0xf4, 0xcf, 0xff, 0xff, 0xff, 0x40,

    /* U+00B0 "°" */
    0x0, 0x2, 0x55, 0x20, 0x0, 0x1, 0xbf, 0xff,
    0xfa, 0x0, 0xc, 0xff, 0xff, 0xff, 0xc0, 0x6f,
    0xf9, 0x11, 0x9f, 0xf5, 0xaf, 0xd0, 0x0, 0xd,
    0xfa, 0xbf, 0xb0, 0x0, 0xc, 0xfb, 0x9f, 0xf1,
    0x0, 0x2f, 0xf8, 0x3f, 0xfe, 0x89, 0xef, 0xf2,
    0x7, 0xff, 0xff, 0xff, 0x60, 0x0, 0x4b, 0xff,
    0xb4, 0x0,

    /* U+00B1 "±" */
    0x0, 0x0, 0x7, 0xff, 0x30, 0x0, 0x0, 0x0,
    0x0, 0x7, 0xff, 0x30, 0x0, 0x0, 0x0, 0x0,
    0x7, 0xff, 0x30, 0x0, 0x0, 0x0, 0x0, 0x7,
    0xff, 0x30, 0x0, 0x0, 0x0, 0x0, 0x7, 0xff,
    0x30, 0x0, 0x0, 0x9b, 0xbb, 0xbf, 0xff, 0xeb,
    0xbb, 0xb6, 0xdf, 0xff, 0xff, 0xff, 0xff, 0xff,
    0xf9, 0xdf, 0xff, 0xff, 0xff, 0xff, 0xff, 0xf9,
    0x0, 0x0, 0x7, 0xff, 0x30, 0x0, 0x0, 0x0,
    0x0, 0x7, 0xff, 0x30, 0x0, 0x0, 0x0, 0x0,
    0x7, 0xff, 0x30, 0x0, 0x0, 0x0, 0x0, 0x7,
    0xff, 0x30, 0x0, 0x0, 0x0, 0x0, 0x7, 0xff,
    0x30, 0x0, 0x0, 0x0, 0x0, 0x3, 0x77, 0x10,
    0x0, 0x0, 0x68, 0x88, 0x88, 0x88, 0x88, 0x88,
    0x84, 0xdf, 0xff, 0xff, 0xff, 0xff, 0xff, 0xf9,
    0xdf, 0xff, 0xff, 0xff, 0xff, 0xff, 0xf9,

    /* U+00B2 "²" */
    0x1, 0xae, 0xfd, 0x60, 0x0, 0xdf, 0xfe, 0xff,
    0x70, 0x7f, 0xc1, 0x6, 0xff, 0x9, 0xe5, 0x0,
    0xf, 0xf1, 0x0, 0x0, 0x4, 0xff, 0x0, 0x0,
    0x7, 0xff, 0x80, 0x0, 0x4d, 0xff, 0x90, 0x0,
    0x6f, 0xfc, 0x40, 0x0, 0x3f, 0xf7, 0x0, 0x0,
    0x9, 0xfc, 0x0, 0x0, 0x0, 0xbf, 0xfe, 0xee,
    0xee, 0x1c, 0xff, 0xff, 0xff, 0xf1,

    /* U+00B3 "³" */
    0x0, 0x6d, 0xff, 0xb3, 0x0, 0x8, 0xff, 0xef,
    0xfe, 0x10, 0xf, 0xf5, 0x1, 0xef, 0x70, 0x15,
    0x40, 0x0, 0xaf, 0x80, 0x0, 0x0, 0x2, 0xef,
    0x40, 0x0, 0x1, 0xff, 0xe5, 0x0, 0x0, 0x0,
    0xce, 0xfe, 0x30, 0x0, 0x0, 0x0, 0x7f, 0xd0,
    0x14, 0x30, 0x0, 0x2f, 0xf1, 0x4f, 0xf2, 0x0,
    0x8f, 0xf0, 0xd, 0xff, 0xee, 0xff, 0x70, 0x1,
    0xae, 0xfe, 0xb4, 0x0,

    /* U+00B4 "´" */
    0x2, 0xef, 0xd0, 0x9, 0xff, 0x40, 0x1f, 0xfa,
    0x0, 0x8f, 0xe1, 0x0,

    /* U+00B5 "µ" */
    0x9b, 0xb2, 0x0, 0x0, 0x2, 0xbb, 0x9d, 0xff,
    0x40, 0x0, 0x0, 0x4f, 0xfd, 0xdf, 0xf4, 0x0,
    0x0, 0x4, 0xff, 0xdd, 0xff, 0x40, 0x0, 0x0,
    0x4f, 0xfd, 0xdf, 0xf4, 0x0, 0x0, 0x4, 0xff,
    0xdd, 0xff, 0x40, 0x0, 0x0, 0x4f, 0xfd, 0xdf,
    0xf4, 0x0, 0x0, 0x4, 0xff, 0xdd, 0xff, 0x40,
    0x0, 0x0, 0x4f, 0xfd, 0xdf, 0xf4, 0x0, 0x0,
    0x4, 0xff, 0xdf, 0xff, 0x40, 0x0, 0x0, 0x4f,
    0xfd, 0xff, 0xf5, 0x0, 0x0, 0x6, 0xff, 0xdf,
    0xff, 0x80, 0x0, 0x0, 0xdf, 0xfd, 0xff, 0xff,
    0x30, 0x0, 0x7f, 0xff, 0xdf, 0xff, 0xff, 0xca,
    0xdf, 0xcf, 0xfd, 0xdf, 0xff, 0xff, 0xff, 0xd2,
    0xff, 0xdd, 0xff, 0xfe, 0xfd, 0x81, 0xf, 0xfd,
    0xdf, 0xf4, 0x0, 0x0, 0x0, 0x0, 0xd, 0xff,
    0x40, 0x0, 0x0, 0x0, 0x0, 0xdf, 0xf4, 0x0,
    0x0, 0x0, 0x0, 0xd, 0xff, 0x40, 0x0, 0x0,
    0x0, 0x0,

    /* U+00B6 "¶" */
    0x0, 0x4, 0x9d, 0xff, 0xff, 0xff, 0xff, 0x60,
    0xa, 0xff, 0xff, 0xff, 0xff, 0xff, 0xf6, 0xa,
    0xff, 0xff, 0xff, 0xfd, 0x9c, 0xff, 0x63, 0xff,
    0xff, 0xff, 0xff, 0x90, 0x6f, 0xf6, 0x8f, 0xff,
    0xff, 0xff, 0xf9, 0x6, 0xff, 0x6a, 0xff, 0xff,
    0xff, 0xff, 0x90, 0x6f, 0xf6, 0xaf, 0xff, 0xff,
    0xff, 0xf9, 0x6, 0xff, 0x68, 0xff, 0xff, 0xff,
    0xff, 0x90, 0x6f, 0xf6, 0x2f, 0xff, 0xff, 0xff,
    0xf9, 0x6, 0xff, 0x60, 0x9f, 0xff, 0xff, 0xff,
    0x90, 0x6f, 0xf6, 0x0, 0x9f, 0xff, 0xff, 0xf9,
    0x6, 0xff, 0x60, 0x0, 0x39, 0xce, 0xff, 0x90,
    0x6f, 0xf6, 0x0, 0x0, 0x0, 0x4f, 0xf9, 0x6,
    0xff, 0x60, 0x0, 0x0, 0x4, 0xff, 0x90, 0x6f,
    0xf6, 0x0, 0x0, 0x0, 0x4f, 0xf9, 0x6, 0xff,
    0x60, 0x0, 0x0, 0x4, 0xff, 0x90, 0x6f, 0xf6,
    0x0, 0x0, 0x0, 0x4f, 0xf9, 0x6, 0xff, 0x60,
    0x0, 0x0, 0x4, 0xff, 0x90, 0x6f, 0xf6, 0x0,
    0x0, 0x0, 0x4f, 0xf9, 0x6, 0xff, 0x60, 0x0,
    0x0, 0x4, 0xff, 0x90, 0x6f, 0xf6, 0x0, 0x0,
    0x0, 0x4f, 0xf9, 0x6, 0xff, 0x60,

    /* U+00B7 "·" */
    0x8b, 0xba, 0xcf, 0xff, 0xcf, 0xff, 0xcf, 0xff,

    /* U+00B8 "¸" */
    0x0, 0x2f, 0xd0, 0x0, 0x0, 0xbf, 0xc6, 0x0,
    0x0, 0x2b, 0xef, 0xa0, 0x0, 0x0, 0xf, 0xf0,
    0x6e, 0x30, 0x1f, 0xf0, 0x5f, 0xfd, 0xff, 0xa0,
    0x5, 0xcf, 0xe9, 0x0,

    /* U+00B9 "¹" */
    0x0, 0x2, 0xfa, 0x0, 0x5, 0xfa, 0x0, 0x1c,
    0xfa, 0x4b, 0xef, 0xfa, 0x6f, 0xff, 0xfa, 0x0,
    0x9, 0xfa, 0x0, 0x9, 0xfa, 0x0, 0x9, 0xfa,
    0x0, 0x9, 0xfa, 0x0, 0x9, 0xfa, 0x0, 0x9,
    0xfa, 0x0, 0x9, 0xfa,

    /* U+00BA "º" */
    0x0, 0x5c, 0xff, 0xd8, 0x10, 0x0, 0x9f, 0xff,
    0xff, 0xfd, 0x10, 0x4f, 0xfc, 0x21, 0x7f, 0xfa,
    0xa, 0xff, 0x30, 0x0, 0xcf, 0xf0, 0xcf, 0xf0,
    0x0, 0x8, 0xff, 0x3c, 0xff, 0x0, 0x0, 0x8f,
    0xf3, 0xaf, 0xf3, 0x0, 0xc, 0xff, 0x14, 0xff,
    0xc2, 0x17, 0xff, 0xb0, 0x9, 0xff, 0xff, 0xff,
    0xe1, 0x0, 0x6, 0xcf, 0xfe, 0x91, 0x0, 0x0,
    0x0, 0x0, 0x0, 0x0, 0x0,

    /* U+00BB "»" */
    0x6c, 0xcb, 0x10, 0x1b, 0xcc, 0x60, 0x0, 0x0,
    0xbf, 0xfc, 0x0, 0x5f, 0xff, 0x40, 0x0, 0x1,
    0xdf, 0xfb, 0x0, 0x7f, 0xff, 0x20, 0x0, 0x2,
    0xef, 0xf8, 0x0, 0x9f, 0xfe, 0x10, 0x0, 0x3,
    0xff, 0xf6, 0x0, 0xbf, 0xfc, 0x0, 0x0, 0x6,
    0xff, 0xd0, 0x1, 0xdf, 0xf4, 0x0, 0x0, 0x3f,
    0xfd, 0x0, 0xb, 0xff, 0x40, 0x0, 0x1e, 0xff,
    0x90, 0x9, 0xff, 0xe1, 0x0, 0xd, 0xff, 0xb0,
    0x6, 0xff, 0xf3, 0x0, 0xb, 0xff, 0xd0, 0x4,
    0xff, 0xf5, 0x0, 0x8, 0xff, 0xe2, 0x2, 0xff,
    0xf7, 0x0, 0x6, 0xff, 0xf3, 0x1, 0xdf, 0xfa,
    0x0, 0x0,

    /* U+00BC "¼" */
    0x0, 0x2, 0xfa, 0x0, 0x0, 0x0, 0x0, 0x0,
    0xaf, 0xc0, 0x0, 0x0, 0x6, 0xfa, 0x0, 0x0,
    0x0, 0x0, 0x5, 0xff, 0x20, 0x0, 0x0, 0x4e,
    0xfa, 0x0, 0x0, 0x0, 0x0, 0x1e, 0xf6, 0x0,
    0x0, 0x6f, 0xff, 0xfa, 0x0, 0x0, 0x0, 0x0,
    0xaf, 0xc0, 0x0, 0x0, 0x4b, 0xbd, 0xfa, 0x0,
    0x0, 0x0, 0x5, 0xff, 0x20, 0x0, 0x0, 0x0,
    0x9, 0xfa, 0x0, 0x0, 0x0, 0x1e, 0xf6, 0x0,
    0x0, 0x0, 0x0, 0x9, 0xfa, 0x0, 0x0, 0x0,
    0xaf, 0xc0, 0x0, 0x0, 0x0, 0x0, 0x9, 0xfa,
    0x0, 0x0, 0x5, 0xff, 0x20, 0x0, 0x0, 0x0,
    0x0, 0x9, 0xfa, 0x0, 0x0, 0x1e, 0xf6, 0x0,
    0x0, 0x0, 0x0, 0x0, 0x9, 0xfa, 0x0, 0x0,
    0xaf, 0xc0, 0x0, 0x4, 0x64, 0x0, 0x0, 0x9,
    0xfa, 0x0, 0x5, 0xff, 0x20, 0x0, 0x3f, 0xfb,
    0x0, 0x0, 0x3, 0x64, 0x0, 0x1e, 0xf6, 0x0,
    0x0, 0xdf, 0xfb, 0x0, 0x0, 0x0, 0x0, 0x0,
    0xaf, 0xc0, 0x0, 0x8, 0xff, 0xfb, 0x0, 0x0,
    0x0, 0x0, 0x5, 0xff, 0x20, 0x0, 0x4f, 0xd9,
    0xfb, 0x0, 0x0, 0x0, 0x0, 0x1e, 0xf6, 0x0,
    0x0, 0xef, 0x38, 0xfb, 0x0, 0x0, 0x0, 0x0,
    0xaf, 0xb0, 0x0, 0xa, 0xf8, 0x8, 0xfb, 0x0,
    0x0, 0x0, 0x5, 0xff, 0x20, 0x0, 0x5f, 0xc0,
    0x8, 0xfb, 0x0, 0x0, 0x0, 0x1e, 0xf6, 0x0,
    0x0, 0xcf, 0xff, 0xff, 0xff, 0xf3, 0x0, 0x0,
    0xbf, 0xb0, 0x0, 0x0, 0xbe, 0xee, 0xef, 0xff,
    0xe2, 0x0, 0x5, 0xff, 0x20, 0x0, 0x0, 0x0,
    0x0, 0x8, 0xfb, 0x0, 0x0, 0x1e, 0xf6, 0x0,
    0x0, 0x0, 0x0, 0x0, 0x8, 0xfb, 0x0,

    /* U+00BD "½" */
    0x0, 0x0, 0x43, 0x0, 0x0, 0x0, 0x0, 0x0,
    0x24, 0x40, 0x0, 0x0, 0x0, 0x2f, 0xa0, 0x0,
    0x0, 0x0, 0x0, 0xd, 0xf9, 0x0, 0x0, 0x0,
    0x6, 0xfa, 0x0, 0x0, 0x0, 0x0, 0x8, 0xfe,
    0x0, 0x0, 0x0, 0x5, 0xef, 0xa0, 0x0, 0x0,
    0x0, 0x3, 0xff, 0x40, 0x0, 0x0, 0x6f, 0xff,
    0xfa, 0x0, 0x0, 0x0, 0x0, 0xcf, 0x90, 0x0,
    0x0, 0x4, 0xbb, 0xdf, 0xa0, 0x0, 0x0, 0x0,
    0x7f, 0xe0, 0x0, 0x0, 0x0, 0x0, 0x9, 0xfa,
    0x0, 0x0, 0x0, 0x2f, 0xf4, 0x0, 0x0, 0x0,
    0x0, 0x0, 0x9f, 0xa0, 0x0, 0x0, 0xc, 0xfa,
    0x0, 0x0, 0x0, 0x0, 0x0, 0x9, 0xfa, 0x0,
    0x0, 0x7, 0xfe, 0x10, 0x0, 0x0, 0x0, 0x0,
    0x0, 0x9f, 0xa0, 0x0, 0x2, 0xff, 0x50, 0x0,
    0x0, 0x0, 0x0, 0x0, 0x9, 0xfa, 0x0, 0x0,
    0xcf, 0xa0, 0x0, 0x7d, 0xfd, 0x91, 0x0, 0x0,
    0x9f, 0xa0, 0x0, 0x7f, 0xe1, 0x0, 0x9f, 0xff,
    0xff, 0xc0, 0x0, 0x1, 0x11, 0x0, 0x2f, 0xf5,
    0x0, 0x2f, 0xf6, 0x25, 0xff, 0x40, 0x0, 0x0,
    0x0, 0xc, 0xfa, 0x0, 0x5, 0xea, 0x0, 0xc,
    0xf6, 0x0, 0x0, 0x0, 0x6, 0xfe, 0x10, 0x0,
    0x0, 0x0, 0x0, 0xef, 0x40, 0x0, 0x0, 0x2,
    0xff, 0x50, 0x0, 0x0, 0x0, 0x2, 0xbf, 0xd0,
    0x0, 0x0, 0x0, 0xbf, 0xb0, 0x0, 0x0, 0x0,
    0x8, 0xff, 0xc1, 0x0, 0x0, 0x0, 0x6f, 0xe1,
    0x0, 0x0, 0x0, 0x2d, 0xfe, 0x60, 0x0, 0x0,
    0x0, 0x1f, 0xf6, 0x0, 0x0, 0x0, 0xc, 0xfb,
    0x10, 0x0, 0x0, 0x0, 0xb, 0xfb, 0x0, 0x0,
    0x0, 0x3, 0xff, 0x10, 0x0, 0x0, 0x0, 0x5,
    0xff, 0x10, 0x0, 0x0, 0x0, 0x6f, 0xff, 0xff,
    0xff, 0x60, 0x1, 0xef, 0x60, 0x0, 0x0, 0x0,
    0x7, 0xff, 0xff, 0xff, 0xf6,

    /* U+00BE "¾" */
    0x0, 0x6d, 0xff, 0xb3, 0x0, 0x0, 0x0, 0x0,
    0x2, 0xff, 0x40, 0x0, 0x8f, 0xff, 0xff, 0xe1,
    0x0, 0x0, 0x0, 0x0, 0xcf, 0xa0, 0x0, 0xf,
    0xf5, 0x1, 0xef, 0x70, 0x0, 0x0, 0x0, 0x7f,
    0xe1, 0x0, 0x1, 0x54, 0x0, 0xa, 0xf8, 0x0,
    0x0, 0x0, 0x2f, 0xf4, 0x0, 0x0, 0x0, 0x0,
    0x2, 0xef, 0x40, 0x0, 0x0, 0xc, 0xfa, 0x0,
    0x0, 0x0, 0x0, 0x1f, 0xfe, 0x50, 0x0, 0x0,
    0x7, 0xfe, 0x10, 0x0, 0x0, 0x0, 0x0, 0xce,
    0xfe, 0x30, 0x0, 0x2, 0xff, 0x40, 0x0, 0x0,
    0x0, 0x0, 0x0, 0x7, 0xfe, 0x0, 0x0, 0xcf,
    0xa0, 0x0, 0x0, 0x0, 0x25, 0x40, 0x0, 0x2f,
    0xf1, 0x0, 0x7f, 0xe1, 0x0, 0x0, 0x0, 0x4,
    0xff, 0x40, 0x1a, 0xfe, 0x0, 0x2f, 0xf4, 0x0,
    0x0, 0x0, 0x0, 0xc, 0xff, 0xff, 0xff, 0x60,
    0xc, 0xf9, 0x0, 0x0, 0x6f, 0xf3, 0x0, 0x8,
    0xcd, 0xca, 0x30, 0x7, 0xfe, 0x10, 0x0, 0x2f,
    0xff, 0x30, 0x0, 0x0, 0x0, 0x0, 0x2, 0xff,
    0x40, 0x0, 0xd, 0xff, 0xf3, 0x0, 0x0, 0x0,
    0x0, 0x0, 0xcf, 0x90, 0x0, 0x9, 0xf8, 0xff,
    0x30, 0x0, 0x0, 0x0, 0x0, 0x7f, 0xe0, 0x0,
    0x4, 0xfc, 0xf, 0xf3, 0x0, 0x0, 0x0, 0x0,
    0x2f, 0xf4, 0x0, 0x1, 0xef, 0x20, 0xff, 0x30,
    0x0, 0x0, 0x0, 0xc, 0xf9, 0x0, 0x0, 0xbf,
    0x50, 0xf, 0xf3, 0x0, 0x0, 0x0, 0x7, 0xfe,
    0x0, 0x0, 0x3f, 0xff, 0xff, 0xff, 0xfb, 0x0,
    0x0, 0x2, 0xff, 0x40, 0x0, 0x3, 0xee, 0xee,
    0xef, 0xfe, 0xa0, 0x0, 0x0, 0xcf, 0x90, 0x0,
    0x0, 0x0, 0x0, 0x0, 0xff, 0x30, 0x0, 0x0,
    0x7f, 0xe0, 0x0, 0x0, 0x0, 0x0, 0x0, 0xf,
    0xf3, 0x0,

    /* U+00BF "¿" */
    0x0, 0x0, 0x7, 0xff, 0xf4, 0x0, 0x0, 0x0,
    0x0, 0x0, 0x7f, 0xff, 0x40, 0x0, 0x0, 0x0,
    0x0, 0x7, 0xff, 0xf4, 0x0, 0x0, 0x0, 0x0,
    0x0, 0x5b, 0xbb, 0x30, 0x0, 0x0, 0x0, 0x0,
    0x0, 0x0, 0x0, 0x0, 0x0, 0x0, 0x0, 0x0,
    0x0, 0x0, 0x0, 0x0, 0x0, 0x0, 0x0, 0x3,
    0xee, 0xc0, 0x0, 0x0, 0x0, 0x0, 0x0, 0x5f,
    0xfc, 0x0, 0x0, 0x0, 0x0, 0x0, 0xb, 0xff,
    0x80, 0x0, 0x0, 0x0, 0x0, 0xa, 0xff, 0xf2,
    0x0, 0x0, 0x0, 0x0, 0x4e, 0xff, 0xf6, 0x0,
    0x0, 0x0, 0x0, 0x5f, 0xff, 0xd3, 0x0, 0x0,
    0x0, 0x0, 0x2f, 0xff, 0x90, 0x0, 0x0, 0x0,
    0x0, 0x8, 0xff, 0xc0, 0x0, 0x0, 0x0, 0x0,
    0x0, 0xbf, 0xf7, 0x0, 0x0, 0x0, 0xa, 0xaa,
    0x2b, 0xff, 0x80, 0x0, 0x0, 0x3, 0xff, 0xf1,
    0x9f, 0xfc, 0x0, 0x0, 0x0, 0xbf, 0xfc, 0x3,
    0xff, 0xfa, 0x10, 0x2, 0xaf, 0xff, 0x50, 0xa,
    0xff, 0xff, 0xef, 0xff, 0xff, 0xa0, 0x0, 0xa,
    0xff, 0xff, 0xff, 0xff, 0x90, 0x0, 0x0, 0x4,
    0xad, 0xff, 0xd9, 0x30, 0x0, 0x0,

    /* U+00C0 "À" */
    0x0, 0x0, 0x0, 0x5f, 0xfb, 0x0, 0x0, 0x0,
    0x0, 0x0, 0x0, 0x0, 0x0, 0xb, 0xff, 0x30,
    0x0, 0x0, 0x0, 0x0, 0x0, 0x0, 0x0, 0x1,
    0xff, 0xa0, 0x0, 0x0, 0x0, 0x0, 0x0, 0x0,
    0x0, 0x0, 0x6f, 0xf2, 0x0, 0x0, 0x0, 0x0,
    0x0, 0x0, 0x0, 0x0, 0x0, 0x0, 0x0, 0x0,
    0x0, 0x0, 0x0, 0x0, 0x0, 0x0, 0x0, 0x0,
    0x0, 0x0, 0x0, 0x0, 0x0, 0x0, 0x0, 0x2,
    0xff, 0xff, 0x20, 0x0, 0x0, 0x0, 0x0, 0x0,
    0x0, 0x8, 0xff, 0xff, 0x80, 0x0, 0x0, 0x0,
    0x0, 0x0, 0x0, 0xe, 0xff, 0xff, 0xd0, 0x0,
    0x0, 0x0, 0x0, 0x0, 0x0, 0x3f, 0xfd, 0xef,
    0xf3, 0x0, 0x0, 0x0, 0x0, 0x0, 0x0, 0x9f,
    0xf8, 0x9f, 0xf9, 0x0, 0x0, 0x0, 0x0, 0x0,
    0x0, 0xef, 0xf3, 0x4f, 0xfe, 0x0, 0x0, 0x0,
    0x0, 0x0, 0x4, 0xff, 0xd0, 0xe, 0xff, 0x40,
    0x0, 0x0, 0x0, 0x0, 0xa, 0xff, 0x80, 0x9,
    0xff, 0xa0, 0x0, 0x0, 0x0, 0x0, 0xf, 0xff,
    0x30, 0x4, 0xff, 0xf0, 0x0, 0x0, 0x0, 0x0,
    0x5f, 0xfe, 0x0, 0x0, 0xef, 0xf5, 0x0, 0x0,
    0x0, 0x0, 0xbf, 0xf9, 0x0, 0x0, 0x9f, 0xfb,
    0x0, 0x0, 0x0, 0x1, 0xff, 0xf3, 0x0, 0x0,
    0x4f, 0xff, 0x10, 0x0, 0x0, 0x6, 0xff, 0xe0,
    0x0, 0x0, 0xe, 0xff, 0x60, 0x0, 0x0, 0xc,
    0xff, 0xff, 0xff, 0xff, 0xff, 0xff, 0xc0, 0x0,
    0x0, 0x2f, 0xff, 0xff, 0xff, 0xff, 0xff, 0xff,
    0xf1, 0x0, 0x0, 0x7f, 0xff, 0xee, 0xee, 0xee,
    0xee, 0xff, 0xf7, 0x0, 0x0, 0xdf, 0xf8, 0x0,
    0x0, 0x0, 0x0, 0x9f, 0xfd, 0x0, 0x3, 0xff,
    0xf2, 0x0, 0x0, 0x0, 0x0, 0x3f, 0xff, 0x20,
    0x8, 0xff, 0xd0, 0x0, 0x0, 0x0, 0x0, 0xd,
    0xff, 0x80, 0xe, 0xff, 0x70, 0x0, 0x0, 0x0,
    0x0, 0x7, 0xff, 0xd0, 0x3f, 0xff, 0x10, 0x0,
    0x0, 0x0, 0x0, 0x2, 0xff, 0xf3,

    /* U+00C1 "Á" */
    0x0, 0x0, 0x0, 0x0, 0x0, 0xbf, 0xf5, 0x0,
    0x0, 0x0, 0x0, 0x0, 0x0, 0x0, 0x3, 0xff,
    0xb0, 0x0, 0x0, 0x0, 0x0, 0x0, 0x0, 0x0,
    0xb, 0xfe, 0x10, 0x0, 0x0, 0x0, 0x0, 0x0,
    0x0, 0x0, 0x2f, 0xf6, 0x0, 0x0, 0x0, 0x0,
    0x0, 0x0, 0x0, 0x0, 0x0, 0x0, 0x0, 0x0,
    0x0, 0x0, 0x0, 0x0, 0x0, 0x0, 0x0, 0x0,
    0x0, 0x0, 0x0, 0x0, 0x0, 0x0, 0x0, 0x2,
    0xff, 0xff, 0x20, 0x0, 0x0, 0x0, 0x0, 0x0,
    0x0, 0x8, 0xff, 0xff, 0x80, 0x0, 0x0, 0x0,
    0x0, 0x0, 0x0, 0xe, 0xff, 0xff, 0xd0, 0x0,
    0x0, 0x0, 0x0, 0x0, 0x0, 0x3f, 0xfd, 0xef,
    0xf3, 0x0, 0x0, 0x0, 0x0, 0x0, 0x0, 0x9f,
    0xf8, 0x9f, 0xf9, 0x0, 0x0, 0x0, 0x0, 0x0,
    0x0, 0xef, 0xf3, 0x4f, 0xfe, 0x0, 0x0, 0x0,
    0x0, 0x0, 0x4, 0xff, 0xd0, 0xe, 0xff, 0x40,
    0x0, 0x0, 0x0, 0x0, 0xa, 0xff, 0x80, 0x9,
    0xff, 0xa0, 0x0, 0x0, 0x0, 0x0, 0xf, 0xff,
    0x30, 0x4, 0xff, 0xf0, 0x0, 0x0, 0x0, 0x0,
    0x5f, 0xfe, 0x0, 0x0, 0xef, 0xf5, 0x0, 0x0,
    0x0, 0x0, 0xbf, 0xf9, 0x0, 0x0, 0x9f, 0xfb,
    0x0, 0x0, 0x0, 0x1, 0xff, 0xf3, 0x0, 0x0,
    0x4f, 0xff, 0x10, 0x0, 0x0, 0x6, 0xff, 0xe0,
    0x0, 0x0, 0xe, 0xff, 0x60, 0x0, 0x0, 0xc,
    0xff, 0xff, 0xff, 0xff, 0xff, 0xff, 0xc0, 0x0,
    0x0, 0x2f, 0xff, 0xff, 0xff, 0xff, 0xff, 0xff,
    0xf1, 0x0, 0x0, 0x7f, 0xff, 0xee, 0xee, 0xee,
    0xee, 0xff, 0xf7, 0x0, 0x0, 0xdf, 0xf8, 0x0,
    0x0, 0x0, 0x0, 0x9f, 0xfd, 0x0, 0x3, 0xff,
    0xf2, 0x0, 0x0, 0x0, 0x0, 0x3f, 0xff, 0x20,
    0x8, 0xff, 0xd0, 0x0, 0x0, 0x0, 0x0, 0xd,
    0xff, 0x80, 0xe, 0xff, 0x70, 0x0, 0x0, 0x0,
    0x0, 0x7, 0xff, 0xd0, 0x3f, 0xff, 0x10, 0x0,
    0x0, 0x0, 0x0, 0x2, 0xff, 0xf3,

    /* U+00C2 "Â" */
    0x0, 0x0, 0x0, 0x1, 0xef, 0xfd, 0x0, 0x0,
    0x0, 0x0, 0x0, 0x0, 0x0, 0xa, 0xfe, 0xef,
    0x90, 0x0, 0x0, 0x0, 0x0, 0x0, 0x0, 0x4f,
    0xf3, 0x3f, 0xf3, 0x0, 0x0, 0x0, 0x0, 0x0,
    0x0, 0xef, 0x60, 0x7, 0xfd, 0x0, 0x0, 0x0,
    0x0, 0x0, 0x0, 0x0, 0x0, 0x0, 0x0, 0x0,
    0x0, 0x0, 0x0, 0x0, 0x0, 0x0, 0x0, 0x0,
    0x0, 0x0, 0x0, 0x0, 0x0, 0x0, 0x0, 0x2,
    0xff, 0xff, 0x20, 0x0, 0x0, 0x0, 0x0, 0x0,
    0x0, 0x8, 0xff, 0xff, 0x80, 0x0, 0x0, 0x0,
    0x0, 0x0, 0x0, 0xe, 0xff, 0xff, 0xd0, 0x0,
    0x0, 0x0, 0x0, 0x0, 0x0, 0x3f, 0xfd, 0xef,
    0xf3, 0x0, 0x0, 0x0, 0x0, 0x0, 0x0, 0x9f,
    0xf8, 0x9f, 0xf9, 0x0, 0x0, 0x0, 0x0, 0x0,
    0x0, 0xef, 0xf3, 0x4f, 0xfe, 0x0, 0x0, 0x0,
    0x0, 0x0, 0x4, 0xff, 0xd0, 0xe, 0xff, 0x40,
    0x0, 0x0, 0x0, 0x0, 0xa, 0xff, 0x80, 0x9,
    0xff, 0xa0, 0x0, 0x0, 0x0, 0x0, 0xf, 0xff,
    0x30, 0x4, 0xff, 0xf0, 0x0, 0x0, 0x0, 0x0,
    0x5f, 0xfe, 0x0, 0x0, 0xef, 0xf5, 0x0, 0x0,
    0x0, 0x0, 0xbf, 0xf9, 0x0, 0x0, 0x9f, 0xfb,
    0x0, 0x0, 0x0, 0x1, 0xff, 0xf3, 0x0, 0x0,
    0x4f, 0xff, 0x10, 0x0, 0x0, 0x6, 0xff, 0xe0,
    0x0, 0x0, 0xe, 0xff, 0x60, 0x0, 0x0, 0xc,
    0xff, 0xff, 0xff, 0xff, 0xff, 0xff, 0xc0, 0x0,
    0x0, 0x2f, 0xff, 0xff, 0xff, 0xff, 0xff, 0xff,
    0xf1, 0x0, 0x0, 0x7f, 0xff, 0xee, 0xee, 0xee,
    0xee, 0xff, 0xf7, 0x0, 0x0, 0xdf, 0xf8, 0x0,
    0x0, 0x0, 0x0, 0x9f, 0xfd, 0x0, 0x3, 0xff,
    0xf2, 0x0, 0x0, 0x0, 0x0, 0x3f, 0xff, 0x20,
    0x8, 0xff, 0xd0, 0x0, 0x0, 0x0, 0x0, 0xd,
    0xff, 0x80, 0xe, 0xff, 0x70, 0x0, 0x0, 0x0,
    0x0, 0x7, 0xff, 0xd0, 0x3f, 0xff, 0x10, 0x0,
    0x0, 0x0, 0x0, 0x2, 0xff, 0xf3,

    /* U+00C3 "Ã" */
    0x0, 0x0, 0x0, 0x5d, 0xe8, 0x0, 0x2f, 0x90,
    0x0, 0x0, 0x0, 0x0, 0x2, 0xff, 0xff, 0xb1,
    0x7f, 0x60, 0x0, 0x0, 0x0, 0x0, 0x8, 0xf6,
    0x1c, 0xff, 0xff, 0x0, 0x0, 0x0, 0x0, 0x0,
    0xa, 0xf0, 0x0, 0x9e, 0xd4, 0x0, 0x0, 0x0,
    0x0, 0x0, 0x0, 0x0, 0x0, 0x0, 0x0, 0x0,
    0x0, 0x0, 0x0, 0x0, 0x0, 0x0, 0x0, 0x0,
    0x0, 0x0, 0x0, 0x0, 0x0, 0x0, 0x0, 0x2,
    0xff, 0xff, 0x20, 0x0, 0x0, 0x0, 0x0, 0x0,
    0x0, 0x8, 0xff, 0xff, 0x80, 0x0, 0x0, 0x0,
    0x0, 0x0, 0x0, 0xe, 0xff, 0xff, 0xd0, 0x0,
    0x0, 0x0, 0x0, 0x0, 0x0, 0x3f, 0xfd, 0xef,
    0xf3, 0x0, 0x0, 0x0, 0x0, 0x0, 0x0, 0x9f,
    0xf8, 0x9f, 0xf9, 0x0, 0x0, 0x0, 0x0, 0x0,
    0x0, 0xef, 0xf3, 0x4f, 0xfe, 0x0, 0x0, 0x0,
    0x0, 0x0, 0x4, 0xff, 0xd0, 0xe, 0xff, 0x40,
    0x0, 0x0, 0x0, 0x0, 0xa, 0xff, 0x80, 0x9,
    0xff, 0xa0, 0x0, 0x0, 0x0, 0x0, 0xf, 0xff,
    0x30, 0x4, 0xff, 0xf0, 0x0, 0x0, 0x0, 0x0,
    0x5f, 0xfe, 0x0, 0x0, 0xef, 0xf5, 0x0, 0x0,
    0x0, 0x0, 0xbf, 0xf9, 0x0, 0x0, 0x9f, 0xfb,
    0x0, 0x0, 0x0, 0x1, 0xff, 0xf3, 0x0, 0x0,
    0x4f, 0xff, 0x10, 0x0, 0x0, 0x6, 0xff, 0xe0,
    0x0, 0x0, 0xe, 0xff, 0x60, 0x0, 0x0, 0xc,
    0xff, 0xff, 0xff, 0xff, 0xff, 0xff, 0xc0, 0x0,
    0x0, 0x2f, 0xff, 0xff, 0xff, 0xff, 0xff, 0xff,
    0xf1, 0x0, 0x0, 0x7f, 0xff, 0xee, 0xee, 0xee,
    0xee, 0xff, 0xf7, 0x0, 0x0, 0xdf, 0xf8, 0x0,
    0x0, 0x0, 0x0, 0x9f, 0xfd, 0x0, 0x3, 0xff,
    0xf2, 0x0, 0x0, 0x0, 0x0, 0x3f, 0xff, 0x20,
    0x8, 0xff, 0xd0, 0x0, 0x0, 0x0, 0x0, 0xd,
    0xff, 0x80, 0xe, 0xff, 0x70, 0x0, 0x0, 0x0,
    0x0, 0x7, 0xff, 0xd0, 0x3f, 0xff, 0x10, 0x0,
    0x0, 0x0, 0x0, 0x2, 0xff, 0xf3,

    /* U+00C4 "Ä" */
    0x0, 0x0, 0x0, 0x11, 0x10, 0x1, 0x11, 0x0,
    0x0, 0x0, 0x0, 0x0, 0x4, 0xff, 0xd0, 0xd,
    0xff, 0x40, 0x0, 0x0, 0x0, 0x0, 0x4, 0xff,
    0xd0, 0xd, 0xff, 0x40, 0x0, 0x0, 0x0, 0x0,
    0x4, 0xff, 0xd0, 0xd, 0xff, 0x40, 0x0, 0x0,
    0x0, 0x0, 0x0, 0x0, 0x0, 0x0, 0x0, 0x0,
    0x0, 0x0, 0x0, 0x0, 0x0, 0x0, 0x0, 0x0,
    0x0, 0x0, 0x0, 0x0, 0x0, 0x0, 0x0, 0x2,
    0xff, 0xff, 0x20, 0x0, 0x0, 0x0, 0x0, 0x0,
    0x0, 0x8, 0xff, 0xff, 0x80, 0x0, 0x0, 0x0,
    0x0, 0x0, 0x0, 0xe, 0xff, 0xff, 0xd0, 0x0,
    0x0, 0x0, 0x0, 0x0, 0x0, 0x3f, 0xfd, 0xef,
    0xf3, 0x0, 0x0, 0x0, 0x0, 0x0, 0x0, 0x9f,
    0xf8, 0x9f, 0xf9, 0x0, 0x0, 0x0, 0x0, 0x0,
    0x0, 0xef, 0xf3, 0x4f, 0xfe, 0x0, 0x0, 0x0,
    0x0, 0x0, 0x4, 0xff, 0xd0, 0xe, 0xff, 0x40,
    0x0, 0x0, 0x0, 0x0, 0xa, 0xff, 0x80, 0x9,
    0xff, 0xa0, 0x0, 0x0, 0x0, 0x0, 0xf, 0xff,
    0x30, 0x4, 0xff, 0xf0, 0x0, 0x0, 0x0, 0x0,
    0x5f, 0xfe, 0x0, 0x0, 0xef, 0xf5, 0x0, 0x0,
    0x0, 0x0, 0xbf, 0xf9, 0x0, 0x0, 0x9f, 0xfb,
    0x0, 0x0, 0x0, 0x1, 0xff, 0xf3, 0x0, 0x0,
    0x4f, 0xff, 0x10, 0x0, 0x0, 0x6, 0xff, 0xe0,
    0x0, 0x0, 0xe, 0xff, 0x60, 0x0, 0x0, 0xc,
    0xff, 0xff, 0xff, 0xff, 0xff, 0xff, 0xc0, 0x0,
    0x0, 0x2f, 0xff, 0xff, 0xff, 0xff, 0xff, 0xff,
    0xf1, 0x0, 0x0, 0x7f, 0xff, 0xee, 0xee, 0xee,
    0xee, 0xff, 0xf7, 0x0, 0x0, 0xdf, 0xf8, 0x0,
    0x0, 0x0, 0x0, 0x9f, 0xfd, 0x0, 0x3, 0xff,
    0xf2, 0x0, 0x0, 0x0, 0x0, 0x3f, 0xff, 0x20,
    0x8, 0xff, 0xd0, 0x0, 0x0, 0x0, 0x0, 0xd,
    0xff, 0x80, 0xe, 0xff, 0x70, 0x0, 0x0, 0x0,
    0x0, 0x7, 0xff, 0xd0, 0x3f, 0xff, 0x10, 0x0,
    0x0, 0x0, 0x0, 0x2, 0xff, 0xf3,

    /* U+00C5 "Å" */
    0x0, 0x0, 0x0, 0x0, 0x9e, 0xe6, 0x0, 0x0,
    0x0, 0x0, 0x0, 0x0, 0x0, 0x8, 0xfb, 0xdf,
    0x50, 0x0, 0x0, 0x0, 0x0, 0x0, 0x0, 0xc,
    0xd0, 0xf, 0x90, 0x0, 0x0, 0x0, 0x0, 0x0,
    0x0, 0xb, 0xe1, 0x3f, 0x80, 0x0, 0x0, 0x0,
    0x0, 0x0, 0x0, 0x4, 0xff, 0xfe, 0x10, 0x0,
    0x0, 0x0, 0x0, 0x0, 0x0, 0x0, 0x28, 0x71,
    0x0, 0x0, 0x0, 0x0, 0x0, 0x0, 0x0, 0x0,
    0x0, 0x0, 0x0, 0x0, 0x0, 0x0, 0x0, 0x0,
    0x0, 0x4, 0xff, 0xff, 0x10, 0x0, 0x0, 0x0,
    0x0, 0x0, 0x0, 0x9, 0xff, 0xff, 0x60, 0x0,
    0x0, 0x0, 0x0, 0x0, 0x0, 0xe, 0xff, 0xff,
    0xc0, 0x0, 0x0, 0x0, 0x0, 0x0, 0x0, 0x5f,
    0xfc, 0xff, 0xf2, 0x0, 0x0, 0x0, 0x0, 0x0,
    0x0, 0xaf, 0xf7, 0xaf, 0xf7, 0x0, 0x0, 0x0,
    0x0, 0x0, 0x0, 0xff, 0xf1, 0x5f, 0xfd, 0x0,
    0x0, 0x0, 0x0, 0x0, 0x6, 0xff, 0xc0, 0xf,
    0xff, 0x20, 0x0, 0x0, 0x0, 0x0, 0xb, 0xff,
    0x70, 0xa, 0xff, 0x80, 0x0, 0x0, 0x0, 0x0,
    0x1f, 0xff, 0x20, 0x5, 0xff, 0xe0, 0x0, 0x0,
    0x0, 0x0, 0x7f, 0xfd, 0x0, 0x0, 0xff, 0xf3,
    0x0, 0x0, 0x0, 0x0, 0xcf, 0xf7, 0x0, 0x0,
    0xaf, 0xf9, 0x0, 0x0, 0x0, 0x2, 0xff, 0xf2,
    0x0, 0x0, 0x5f, 0xfe, 0x0, 0x0, 0x0, 0x7,
    0xff, 0xd0, 0x0, 0x0, 0xf, 0xff, 0x40, 0x0,
    0x0, 0xd, 0xff, 0xff, 0xff, 0xff, 0xff, 0xff,
    0xa0, 0x0, 0x0, 0x3f, 0xff, 0xff, 0xff, 0xff,
    0xff, 0xff, 0xf0, 0x0, 0x0, 0x8f, 0xff, 0xee,
    0xee, 0xee, 0xee, 0xff, 0xf5, 0x0, 0x0, 0xef,
    0xf7, 0x0, 0x0, 0x0, 0x0, 0xaf, 0xfb, 0x0,
    0x4, 0xff, 0xf1, 0x0, 0x0, 0x0, 0x0, 0x5f,
    0xff, 0x10, 0x9, 0xff, 0xb0, 0x0, 0x0, 0x0,
    0x0, 0xe, 0xff, 0x60, 0xf, 0xff, 0x50, 0x0,
    0x0, 0x0, 0x0, 0x9, 0xff, 0xc0, 0x5f, 0xff,
    0x0, 0x0, 0x0, 0x0, 0x0, 0x3, 0xff, 0xf2,

    /* U+00C6 "Æ" */
    0x0, 0x0, 0x0, 0x0, 0x0, 0xa, 0xff, 0xff,
    0xff, 0xff, 0xff, 0xff, 0xff, 0xf1, 0x0, 0x0,
    0x0, 0x0, 0x0, 0x3f, 0xff, 0xff, 0xff, 0xff,
    0xff, 0xff, 0xff, 0xf1, 0x0, 0x0, 0x0, 0x0,
    0x0, 0xbf, 0xfe, 0xff, 0xff, 0xee, 0xee, 0xee,
    0xee, 0xe1, 0x0, 0x0, 0x0, 0x0, 0x3, 0xff,
    0xd0, 0x6f, 0xfb, 0x0, 0x0, 0x0, 0x0, 0x0,
    0x0, 0x0, 0x0, 0x0, 0xc, 0xff, 0x60, 0x6f,
    0xfb, 0x0, 0x0, 0x0, 0x0, 0x0, 0x0, 0x0,
    0x0, 0x0, 0x4f, 0xfd, 0x0, 0x6f, 0xfb, 0x0,
    0x0, 0x0, 0x0, 0x0, 0x0, 0x0, 0x0, 0x0,
    0xcf, 0xf5, 0x0, 0x6f, 0xfb, 0x0, 0x0, 0x0,
    0x0, 0x0, 0x0, 0x0, 0x0, 0x5, 0xff, 0xd0,
    0x0, 0x6f, 0xfb, 0x0, 0x0, 0x0, 0x0, 0x0,
    0x0, 0x0, 0x0, 0xd, 0xff, 0x50, 0x0, 0x6f,
    0xfb, 0x0, 0x0, 0x0, 0x0, 0x0, 0x0, 0x0,
    0x0, 0x6f, 0xfd, 0x0, 0x0, 0x6f, 0xff, 0xdd,
    0xdd, 0xdd, 0xdd, 0x90, 0x0, 0x0, 0x0, 0xef,
    0xf5, 0x0, 0x0, 0x6f, 0xff, 0xff, 0xff, 0xff,
    0xff, 0xb0, 0x0, 0x0, 0x7, 0xff, 0xd0, 0x0,
    0x0, 0x6f, 0xff, 0xff, 0xff, 0xff, 0xff, 0xb0,
    0x0, 0x0, 0xe, 0xff, 0x50, 0x0, 0x0, 0x6f,
    0xfb, 0x0, 0x0, 0x0, 0x0, 0x0, 0x0, 0x0,
    0x7f, 0xff, 0xff, 0xff, 0xff, 0xff, 0xfb, 0x0,
    0x0, 0x0, 0x0, 0x0, 0x0, 0x1, 0xff, 0xff,
    0xff, 0xff, 0xff, 0xff, 0xfb, 0x0, 0x0, 0x0,
    0x0, 0x0, 0x0, 0x8, 0xff, 0xfd, 0xdd, 0xdd,
    0xdd, 0xef, 0xfb, 0x0, 0x0, 0x0, 0x0, 0x0,
    0x0, 0x1f, 0xff, 0x40, 0x0, 0x0, 0x0, 0x6f,
    0xfb, 0x0, 0x0, 0x0, 0x0, 0x0, 0x0, 0x9f,
    0xfc, 0x0, 0x0, 0x0, 0x0, 0x6f, 0xfb, 0x0,
    0x0, 0x0, 0x0, 0x0, 0x2, 0xff, 0xf4, 0x0,
    0x0, 0x0, 0x0, 0x6f, 0xff, 0xee, 0xee, 0xee,
    0xee, 0xe4, 0xa, 0xff, 0xc0, 0x0, 0x0, 0x0,
    0x0, 0x6f, 0xff, 0xff, 0xff, 0xff, 0xff, 0xf5,
    0x2f, 0xff, 0x40, 0x0, 0x0, 0x0, 0x0, 0x6f,
    0xff, 0xff, 0xff, 0xff, 0xff, 0xf5,

    /* U+00C7 "Ç" */
    0x0, 0x0, 0x1, 0x7c, 0xef, 0xfd, 0xa5, 0x0,
    0x0, 0x0, 0x0, 0x8, 0xff, 0xff, 0xff, 0xff,
    0xfd, 0x30, 0x0, 0x0, 0xb, 0xff, 0xff, 0xff,
    0xff, 0xff, 0xff, 0x30, 0x0, 0xa, 0xff, 0xfd,
    0x51, 0x0, 0x28, 0xff, 0xfe, 0x10, 0x4, 0xff,
    0xfa, 0x0, 0x0, 0x0, 0x4, 0xff, 0xf8, 0x0,
    0xcf, 0xfd, 0x0, 0x0, 0x0, 0x0, 0x8, 0xff,
    0xe0, 0x2f, 0xff, 0x50, 0x0, 0x0, 0x0, 0x0,
    0x1f, 0xff, 0x36, 0xff, 0xf0, 0x0, 0x0, 0x0,
    0x0, 0x0, 0x22, 0x21, 0x9f, 0xfb, 0x0, 0x0,
    0x0, 0x0, 0x0, 0x0, 0x0, 0xa, 0xff, 0x90,
    0x0, 0x0, 0x0, 0x0, 0x0, 0x0, 0x0, 0xbf,
    0xf8, 0x0, 0x0, 0x0, 0x0, 0x0, 0x0, 0x0,
    0xa, 0xff, 0x90, 0x0, 0x0, 0x0, 0x0, 0x0,
    0x0, 0x0, 0x9f, 0xfb, 0x0, 0x0, 0x0, 0x0,
    0x0, 0x0, 0x0, 0x6, 0xff, 0xe0, 0x0, 0x0,
    0x0, 0x0, 0x0, 0x79, 0x94, 0x2f, 0xff, 0x40,
    0x0, 0x0, 0x0, 0x0, 0xf, 0xff, 0x40, 0xcf,
    0xfd, 0x0, 0x0, 0x0, 0x0, 0x6, 0xff, 0xf0,
    0x5, 0xff, 0xfa, 0x0, 0x0, 0x0, 0x3, 0xff,
    0xf8, 0x0, 0xa, 0xff, 0xfc, 0x50, 0x0, 0x27,
    0xff, 0xfe, 0x10, 0x0, 0xc, 0xff, 0xff, 0xff,
    0xff, 0xff, 0xff, 0x20, 0x0, 0x0, 0x8, 0xff,
    0xff, 0xff, 0xff, 0xfc, 0x20, 0x0, 0x0, 0x0,
    0x2, 0x8c, 0xff, 0xfd, 0x94, 0x0, 0x0, 0x0,
    0x0, 0x0, 0x0, 0xd, 0xf8, 0x20, 0x0, 0x0,
    0x0, 0x0, 0x0, 0x0, 0x0, 0x8e, 0xff, 0x40,
    0x0, 0x0, 0x0, 0x0, 0x0, 0x0, 0x0, 0x5,
    0xfb, 0x0, 0x0, 0x0, 0x0, 0x0, 0x0, 0x8c,
    0x10, 0x3f, 0xc0, 0x0, 0x0, 0x0, 0x0, 0x0,
    0x8, 0xff, 0xdf, 0xf7, 0x0, 0x0, 0x0, 0x0,
    0x0, 0x0, 0x7, 0xdf, 0xd7, 0x0, 0x0, 0x0,
    0x0,

    /* U+00C8 "È" */
    0x0, 0x2, 0xef, 0xe0, 0x0, 0x0, 0x0, 0x0,
    0x0, 0x7, 0xff, 0x70, 0x0, 0x0, 0x0, 0x0,
    0x0, 0xc, 0xfe, 0x0, 0x0, 0x0, 0x0, 0x0,
    0x0, 0x2f, 0xf6, 0x0, 0x0, 0x0, 0x0, 0x0,
    0x0, 0x0, 0x0, 0x0, 0x0, 0x0, 0x0, 0x0,
    0x0, 0x0, 0x0, 0x0, 0x0, 0x8f, 0xff, 0xff,
    0xff, 0xff, 0xff, 0xfe, 0x8, 0xff, 0xff, 0xff,
    0xff, 0xff, 0xff, 0xe0, 0x8f, 0xff, 0xee, 0xee,
    0xee, 0xee, 0xec, 0x8, 0xff, 0xa0, 0x0, 0x0,
    0x0, 0x0, 0x0, 0x8f, 0xfa, 0x0, 0x0, 0x0,
    0x0, 0x0, 0x8, 0xff, 0xa0, 0x0, 0x0, 0x0,
    0x0, 0x0, 0x8f, 0xfa, 0x0, 0x0, 0x0, 0x0,
    0x0, 0x8, 0xff, 0xa0, 0x0, 0x0, 0x0, 0x0,
    0x0, 0x8f, 0xfa, 0x0, 0x0, 0x0, 0x0, 0x0,
    0x8, 0xff, 0xed, 0xdd, 0xdd, 0xdd, 0xdd, 0x70,
    0x8f, 0xff, 0xff, 0xff, 0xff, 0xff, 0xf8, 0x8,
    0xff, 0xff, 0xff, 0xff, 0xff, 0xff, 0x80, 0x8f,
    0xfa, 0x0, 0x0, 0x0, 0x0, 0x0, 0x8, 0xff,
    0xa0, 0x0, 0x0, 0x0, 0x0, 0x0, 0x8f, 0xfa,
    0x0, 0x0, 0x0, 0x0, 0x0, 0x8, 0xff, 0xa0,
    0x0, 0x0, 0x0, 0x0, 0x0, 0x8f, 0xfa, 0x0,
    0x0, 0x0, 0x0, 0x0, 0x8, 0xff, 0xa0, 0x0,
    0x0, 0x0, 0x0, 0x0, 0x8f, 0xff, 0xee, 0xee,
    0xee, 0xee, 0xee, 0x18, 0xff, 0xff, 0xff, 0xff,
    0xff, 0xff, 0xf2, 0x8f, 0xff, 0xff, 0xff, 0xff,
    0xff, 0xff, 0x20,

    /* U+00C9 "É" */
    0x0, 0x0, 0x0, 0x7, 0xff, 0x90, 0x0, 0x0,
    0x0, 0x0, 0x0, 0xef, 0xe1, 0x0, 0x0, 0x0,
    0x0, 0x0, 0x6f, 0xf5, 0x0, 0x0, 0x0, 0x0,
    0x0, 0xd, 0xfa, 0x0, 0x0, 0x0, 0x0, 0x0,
    0x0, 0x0, 0x0, 0x0, 0x0, 0x0, 0x0, 0x0,
    0x0, 0x0, 0x0, 0x0, 0x0, 0x8f, 0xff, 0xff,
    0xff, 0xff, 0xff, 0xfe, 0x8, 0xff, 0xff, 0xff,
    0xff, 0xff, 0xff, 0xe0, 0x8f, 0xff, 0xee, 0xee,
    0xee, 0xee, 0xec, 0x8, 0xff, 0xa0, 0x0, 0x0,
    0x0, 0x0, 0x0, 0x8f, 0xfa, 0x0, 0x0, 0x0,
    0x0, 0x0, 0x8, 0xff, 0xa0, 0x0, 0x0, 0x0,
    0x0, 0x0, 0x8f, 0xfa, 0x0, 0x0, 0x0, 0x0,
    0x0, 0x8, 0xff, 0xa0, 0x0, 0x0, 0x0, 0x0,
    0x0, 0x8f, 0xfa, 0x0, 0x0, 0x0, 0x0, 0x0,
    0x8, 0xff, 0xed, 0xdd, 0xdd, 0xdd, 0xdd, 0x70,
    0x8f, 0xff, 0xff, 0xff, 0xff, 0xff, 0xf8, 0x8,
    0xff, 0xff, 0xff, 0xff, 0xff, 0xff, 0x80, 0x8f,
    0xfa, 0x0, 0x0, 0x0, 0x0, 0x0, 0x8, 0xff,
    0xa0, 0x0, 0x0, 0x0, 0x0, 0x0, 0x8f, 0xfa,
    0x0, 0x0, 0x0, 0x0, 0x0, 0x8, 0xff, 0xa0,
    0x0, 0x0, 0x0, 0x0, 0x0, 0x8f, 0xfa, 0x0,
    0x0, 0x0, 0x0, 0x0, 0x8, 0xff, 0xa0, 0x0,
    0x0, 0x0, 0x0, 0x0, 0x8f, 0xff, 0xee, 0xee,
    0xee, 0xee, 0xee, 0x18, 0xff, 0xff, 0xff, 0xff,
    0xff, 0xff, 0xf2, 0x8f, 0xff, 0xff, 0xff, 0xff,
    0xff, 0xff, 0x20,

    /* U+00CA "Ê" */
    0x0, 0x0, 0xa, 0xff, 0xf3, 0x0, 0x0, 0x0,
    0x0, 0x5, 0xff, 0xdf, 0xd0, 0x0, 0x0, 0x0,
    0x1, 0xef, 0x70, 0xdf, 0x80, 0x0, 0x0, 0x0,
    0xaf, 0xb0, 0x3, 0xff, 0x30, 0x0, 0x0, 0x0,
    0x0, 0x0, 0x0, 0x0, 0x0, 0x0, 0x0, 0x0,
    0x0, 0x0, 0x0, 0x0, 0x0, 0x8f, 0xff, 0xff,
    0xff, 0xff, 0xff, 0xfe, 0x8, 0xff, 0xff, 0xff,
    0xff, 0xff, 0xff, 0xe0, 0x8f, 0xff, 0xee, 0xee,
    0xee, 0xee, 0xec, 0x8, 0xff, 0xa0, 0x0, 0x0,
    0x0, 0x0, 0x0, 0x8f, 0xfa, 0x0, 0x0, 0x0,
    0x0, 0x0, 0x8, 0xff, 0xa0, 0x0, 0x0, 0x0,
    0x0, 0x0, 0x8f, 0xfa, 0x0, 0x0, 0x0, 0x0,
    0x0, 0x8, 0xff, 0xa0, 0x0, 0x0, 0x0, 0x0,
    0x0, 0x8f, 0xfa, 0x0, 0x0, 0x0, 0x0, 0x0,
    0x8, 0xff, 0xed, 0xdd, 0xdd, 0xdd, 0xdd, 0x70,
    0x8f, 0xff, 0xff, 0xff, 0xff, 0xff, 0xf8, 0x8,
    0xff, 0xff, 0xff, 0xff, 0xff, 0xff, 0x80, 0x8f,
    0xfa, 0x0, 0x0, 0x0, 0x0, 0x0, 0x8, 0xff,
    0xa0, 0x0, 0x0, 0x0, 0x0, 0x0, 0x8f, 0xfa,
    0x0, 0x0, 0x0, 0x0, 0x0, 0x8, 0xff, 0xa0,
    0x0, 0x0, 0x0, 0x0, 0x0, 0x8f, 0xfa, 0x0,
    0x0, 0x0, 0x0, 0x0, 0x8, 0xff, 0xa0, 0x0,
    0x0, 0x0, 0x0, 0x0, 0x8f, 0xff, 0xee, 0xee,
    0xee, 0xee, 0xee, 0x18, 0xff, 0xff, 0xff, 0xff,
    0xff, 0xff, 0xf2, 0x8f, 0xff, 0xff, 0xff, 0xff,
    0xff, 0xff, 0x20,

    /* U+00CB "Ë" */
    0x0, 0x1, 0x11, 0x0, 0x11, 0x10, 0x0, 0x0,
    0x0, 0xff, 0xf1, 0x9, 0xff, 0x80, 0x0, 0x0,
    0xf, 0xff, 0x10, 0x9f, 0xf8, 0x0, 0x0, 0x0,
    0xff, 0xf1, 0x9, 0xff, 0x80, 0x0, 0x0, 0x0,
    0x0, 0x0, 0x0, 0x0, 0x0, 0x0, 0x0, 0x0,
    0x0, 0x0, 0x0, 0x0, 0x0, 0x8f, 0xff, 0xff,
    0xff, 0xff, 0xff, 0xfe, 0x8, 0xff, 0xff, 0xff,
    0xff, 0xff, 0xff, 0xe0, 0x8f, 0xff, 0xee, 0xee,
    0xee, 0xee, 0xec, 0x8, 0xff, 0xa0, 0x0, 0x0,
    0x0, 0x0, 0x0, 0x8f, 0xfa, 0x0, 0x0, 0x0,
    0x0, 0x0, 0x8, 0xff, 0xa0, 0x0, 0x0, 0x0,
    0x0, 0x0, 0x8f, 0xfa, 0x0, 0x0, 0x0, 0x0,
    0x0, 0x8, 0xff, 0xa0, 0x0, 0x0, 0x0, 0x0,
    0x0, 0x8f, 0xfa, 0x0, 0x0, 0x0, 0x0, 0x0,
    0x8, 0xff, 0xed, 0xdd, 0xdd, 0xdd, 0xdd, 0x70,
    0x8f, 0xff, 0xff, 0xff, 0xff, 0xff, 0xf8, 0x8,
    0xff, 0xff, 0xff, 0xff, 0xff, 0xff, 0x80, 0x8f,
    0xfa, 0x0, 0x0, 0x0, 0x0, 0x0, 0x8, 0xff,
    0xa0, 0x0, 0x0, 0x0, 0x0, 0x0, 0x8f, 0xfa,
    0x0, 0x0, 0x0, 0x0, 0x0, 0x8, 0xff, 0xa0,
    0x0, 0x0, 0x0, 0x0, 0x0, 0x8f, 0xfa, 0x0,
    0x0, 0x0, 0x0, 0x0, 0x8, 0xff, 0xa0, 0x0,
    0x0, 0x0, 0x0, 0x0, 0x8f, 0xff, 0xee, 0xee,
    0xee, 0xee, 0xee, 0x18, 0xff, 0xff, 0xff, 0xff,
    0xff, 0xff, 0xf2, 0x8f, 0xff, 0xff, 0xff, 0xff,
    0xff, 0xff, 0x20,

    /* U+00CC "Ì" */
    0x4f, 0xfc, 0x0, 0xa, 0xff, 0x40, 0x1, 0xef,
    0xc0, 0x0, 0x5f, 0xf3, 0x0, 0x0, 0x0, 0x0,
    0x0, 0x0, 0x0, 0x8f, 0xfa, 0x0, 0x8f, 0xfa,
    0x0, 0x8f, 0xfa, 0x0, 0x8f, 0xfa, 0x0, 0x8f,
    0xfa, 0x0, 0x8f, 0xfa, 0x0, 0x8f, 0xfa, 0x0,
    0x8f, 0xfa, 0x0, 0x8f, 0xfa, 0x0, 0x8f, 0xfa,
    0x0, 0x8f, 0xfa, 0x0, 0x8f, 0xfa, 0x0, 0x8f,
    0xfa, 0x0, 0x8f, 0xfa, 0x0, 0x8f, 0xfa, 0x0,
    0x8f, 0xfa, 0x0, 0x8f, 0xfa, 0x0, 0x8f, 0xfa,
    0x0, 0x8f, 0xfa, 0x0, 0x8f, 0xfa, 0x0, 0x8f,
    0xfa,

    /* U+00CD "Í" */
    0x0, 0xaf, 0xf6, 0x2, 0xff, 0xc0, 0x9, 0xff,
    0x20, 0x1f, 0xf7, 0x0, 0x0, 0x0, 0x0, 0x0,
    0x0, 0x0, 0x8f, 0xfa, 0x0, 0x8f, 0xfa, 0x0,
    0x8f, 0xfa, 0x0, 0x8f, 0xfa, 0x0, 0x8f, 0xfa,
    0x0, 0x8f, 0xfa, 0x0, 0x8f, 0xfa, 0x0, 0x8f,
    0xfa, 0x0, 0x8f, 0xfa, 0x0, 0x8f, 0xfa, 0x0,
    0x8f, 0xfa, 0x0, 0x8f, 0xfa, 0x0, 0x8f, 0xfa,
    0x0, 0x8f, 0xfa, 0x0, 0x8f, 0xfa, 0x0, 0x8f,
    0xfa, 0x0, 0x8f, 0xfa, 0x0, 0x8f, 0xfa, 0x0,
    0x8f, 0xfa, 0x0, 0x8f, 0xfa, 0x0, 0x8f, 0xfa,
    0x0,

    /* U+00CE "Î" */
    0x0, 0xd, 0xff, 0xe1, 0x0, 0x0, 0x8f, 0xee,
    0xfa, 0x0, 0x3, 0xff, 0x42, 0xff, 0x50, 0xd,
    0xf8, 0x0, 0x6f, 0xe1, 0x0, 0x0, 0x0, 0x0,
    0x0, 0x0, 0x0, 0x0, 0x0, 0x0, 0x0, 0x8,
    0xff, 0xa0, 0x0, 0x0, 0x8, 0xff, 0xa0, 0x0,
    0x0, 0x8, 0xff, 0xa0, 0x0, 0x0, 0x8, 0xff,
    0xa0, 0x0, 0x0, 0x8, 0xff, 0xa0, 0x0, 0x0,
    0x8, 0xff, 0xa0, 0x0, 0x0, 0x8, 0xff, 0xa0,
    0x0, 0x0, 0x8, 0xff, 0xa0, 0x0, 0x0, 0x8,
    0xff, 0xa0, 0x0, 0x0, 0x8, 0xff, 0xa0, 0x0,
    0x0, 0x8, 0xff, 0xa0, 0x0, 0x0, 0x8, 0xff,
    0xa0, 0x0, 0x0, 0x8, 0xff, 0xa0, 0x0, 0x0,
    0x8, 0xff, 0xa0, 0x0, 0x0, 0x8, 0xff, 0xa0,
    0x0, 0x0, 0x8, 0xff, 0xa0, 0x0, 0x0, 0x8,
    0xff, 0xa0, 0x0, 0x0, 0x8, 0xff, 0xa0, 0x0,
    0x0, 0x8, 0xff, 0xa0, 0x0, 0x0, 0x8, 0xff,
    0xa0, 0x0, 0x0, 0x8, 0xff, 0xa0, 0x0,

    /* U+00CF "Ï" */
    0x1, 0x11, 0x0, 0x11, 0x10, 0x3f, 0xfe, 0x0,
    0xcf, 0xf5, 0x3f, 0xfe, 0x0, 0xcf, 0xf5, 0x3f,
    0xfe, 0x0, 0xcf, 0xf5, 0x0, 0x0, 0x0, 0x0,
    0x0, 0x0, 0x0, 0x0, 0x0, 0x0, 0x0, 0x8,
    0xff, 0xa0, 0x0, 0x0, 0x8, 0xff, 0xa0, 0x0,
    0x0, 0x8, 0xff, 0xa0, 0x0, 0x0, 0x8, 0xff,
    0xa0, 0x0, 0x0, 0x8, 0xff, 0xa0, 0x0, 0x0,
    0x8, 0xff, 0xa0, 0x0, 0x0, 0x8, 0xff, 0xa0,
    0x0, 0x0, 0x8, 0xff, 0xa0, 0x0, 0x0, 0x8,
    0xff, 0xa0, 0x0, 0x0, 0x8, 0xff, 0xa0, 0x0,
    0x0, 0x8, 0xff, 0xa0, 0x0, 0x0, 0x8, 0xff,
    0xa0, 0x0, 0x0, 0x8, 0xff, 0xa0, 0x0, 0x0,
    0x8, 0xff, 0xa0, 0x0, 0x0, 0x8, 0xff, 0xa0,
    0x0, 0x0, 0x8, 0xff, 0xa0, 0x0, 0x0, 0x8,
    0xff, 0xa0, 0x0, 0x0, 0x8, 0xff, 0xa0, 0x0,
    0x0, 0x8, 0xff, 0xa0, 0x0, 0x0, 0x8, 0xff,
    0xa0, 0x0, 0x0, 0x8, 0xff, 0xa0, 0x0,

    /* U+00D0 "Ð" */
    0x0, 0x8f, 0xff, 0xff, 0xff, 0xec, 0x83, 0x0,
    0x0, 0x0, 0x0, 0x8f, 0xff, 0xff, 0xff, 0xff,
    0xff, 0xc2, 0x0, 0x0, 0x0, 0x8f, 0xff, 0xee,
    0xef, 0xff, 0xff, 0xff, 0x40, 0x0, 0x0, 0x8f,
    0xfa, 0x0, 0x0, 0x3, 0x9f, 0xff, 0xf2, 0x0,
    0x0, 0x8f, 0xfa, 0x0, 0x0, 0x0, 0x3, 0xef,
    0xfc, 0x0, 0x0, 0x8f, 0xfa, 0x0, 0x0, 0x0,
    0x0, 0x4f, 0xff, 0x40, 0x0, 0x8f, 0xfa, 0x0,
    0x0, 0x0, 0x0, 0xc, 0xff, 0x90, 0x0, 0x8f,
    0xfa, 0x0, 0x0, 0x0, 0x0, 0x7, 0xff, 0xd0,
    0x0, 0x8f, 0xfa, 0x0, 0x0, 0x0, 0x0, 0x3,
    0xff, 0xf0, 0x5a, 0xff, 0xff, 0xaa, 0xaa, 0xa3,
    0x0, 0x2, 0xff, 0xf1, 0x8f, 0xff, 0xff, 0xff,
    0xff, 0xf5, 0x0, 0x1, 0xff, 0xf2, 0x8f, 0xff,
    0xff, 0xff, 0xff, 0xf5, 0x0, 0x2, 0xff, 0xf1,
    0x0, 0x8f, 0xfa, 0x0, 0x0, 0x0, 0x0, 0x3,
    0xff, 0xf0, 0x0, 0x8f, 0xfa, 0x0, 0x0, 0x0,
    0x0, 0x6, 0xff, 0xd0, 0x0, 0x8f, 0xfa, 0x0,
    0x0, 0x0, 0x0, 0xc, 0xff, 0xa0, 0x0, 0x8f,
    0xfa, 0x0, 0x0, 0x0, 0x0, 0x4f, 0xff, 0x40,
    0x0, 0x8f, 0xfa, 0x0, 0x0, 0x0, 0x3, 0xef,
    0xfd, 0x0, 0x0, 0x8f, 0xfa, 0x0, 0x0, 0x3,
    0x9f, 0xff, 0xf3, 0x0, 0x0, 0x8f, 0xff, 0xee,
    0xee, 0xff, 0xff, 0xff, 0x50, 0x0, 0x0, 0x8f,
    0xff, 0xff, 0xff, 0xff, 0xff, 0xc3, 0x0, 0x0,
    0x0, 0x8f, 0xff, 0xff, 0xff, 0xec, 0x94, 0x0,
    0x0, 0x0,

    /* U+00D1 "Ñ" */
    0x0, 0x0, 0x3, 0xce, 0xa0, 0x0, 0xfb, 0x0,
    0x0, 0x0, 0x0, 0xe, 0xff, 0xfd, 0x24, 0xf9,
    0x0, 0x0, 0x0, 0x0, 0x5f, 0x81, 0xaf, 0xff,
    0xf2, 0x0, 0x0, 0x0, 0x0, 0x7f, 0x30, 0x8,
    0xed, 0x50, 0x0, 0x0, 0x0, 0x0, 0x0, 0x0,
    0x0, 0x0, 0x0, 0x0, 0x0, 0x0, 0x0, 0x0,
    0x0, 0x0, 0x0, 0x0, 0x0, 0x0, 0x8f, 0xff,
    0xb0, 0x0, 0x0, 0x0, 0x0, 0xff, 0xf1, 0x8f,
    0xff, 0xf4, 0x0, 0x0, 0x0, 0x0, 0xff, 0xf1,
    0x8f, 0xff, 0xfd, 0x0, 0x0, 0x0, 0x0, 0xff,
    0xf1, 0x8f, 0xff, 0xff, 0x60, 0x0, 0x0, 0x0,
    0xff, 0xf1, 0x8f, 0xfd, 0xff, 0xe0, 0x0, 0x0,
    0x0, 0xff, 0xf1, 0x8f, 0xfa, 0xaf, 0xf8, 0x0,
    0x0, 0x0, 0xff, 0xf1, 0x8f, 0xfa, 0x2f, 0xff,
    0x10, 0x0, 0x0, 0xff, 0xf1, 0x8f, 0xfa, 0x9,
    0xff, 0xa0, 0x0, 0x0, 0xff, 0xf1, 0x8f, 0xfa,
    0x1, 0xef, 0xf3, 0x0, 0x0, 0xff, 0xf1, 0x8f,
    0xfa, 0x0, 0x7f, 0xfb, 0x0, 0x0, 0xff, 0xf1,
    0x8f, 0xfa, 0x0, 0xd, 0xff, 0x40, 0x0, 0xff,
    0xf1, 0x8f, 0xfa, 0x0, 0x5, 0xff, 0xd0, 0x0,
    0xff, 0xf1, 0x8f, 0xfa, 0x0, 0x0, 0xcf, 0xf6,
    0x0, 0xff, 0xf1, 0x8f, 0xfa, 0x0, 0x0, 0x3f,
    0xfe, 0x0, 0xff, 0xf1, 0x8f, 0xfa, 0x0, 0x0,
    0xa, 0xff, 0x80, 0xff, 0xf1, 0x8f, 0xfa, 0x0,
    0x0, 0x1, 0xff, 0xf2, 0xff, 0xf1, 0x8f, 0xfa,
    0x0, 0x0, 0x0, 0x8f, 0xfa, 0xff, 0xf1, 0x8f,
    0xfa, 0x0, 0x0, 0x0, 0xe, 0xff, 0xff, 0xf1,
    0x8f, 0xfa, 0x0, 0x0, 0x0, 0x6, 0xff, 0xff,
    0xf1, 0x8f, 0xfa, 0x0, 0x0, 0x0, 0x0, 0xdf,
    0xff, 0xf1, 0x8f, 0xfa, 0x0, 0x0, 0x0, 0x0,
    0x4f, 0xff, 0xf1,

    /* U+00D2 "Ò" */
    0x0, 0x0, 0x0, 0x7f, 0xfa, 0x0, 0x0, 0x0,
    0x0, 0x0, 0x0, 0x0, 0x0, 0xc, 0xff, 0x20,
    0x0, 0x0, 0x0, 0x0, 0x0, 0x0, 0x0, 0x2,
    0xff, 0x90, 0x0, 0x0, 0x0, 0x0, 0x0, 0x0,
    0x0, 0x0, 0x7f, 0xe1, 0x0, 0x0, 0x0, 0x0,
    0x0, 0x0, 0x0, 0x0, 0x0, 0x0, 0x0, 0x0,
    0x0, 0x0, 0x0, 0x0, 0x0, 0x0, 0x0, 0x0,
    0x0, 0x0, 0x0, 0x0, 0x0, 0x0, 0x1, 0x7c,
    0xef, 0xfe, 0xb6, 0x0, 0x0, 0x0, 0x0, 0x0,
    0x8f, 0xff, 0xff, 0xff, 0xff, 0xe6, 0x0, 0x0,
    0x0, 0xc, 0xff, 0xff, 0xff, 0xff, 0xff, 0xff,
    0x90, 0x0, 0x0, 0xbf, 0xff, 0xd5, 0x10, 0x1,
    0x7e, 0xff, 0xf7, 0x0, 0x5, 0xff, 0xfa, 0x0,
    0x0, 0x0, 0x1, 0xcf, 0xff, 0x20, 0xc, 0xff,
    0xd0, 0x0, 0x0, 0x0, 0x0, 0x1f, 0xff, 0x90,
    0x2f, 0xff, 0x40, 0x0, 0x0, 0x0, 0x0, 0x8,
    0xff, 0xe0, 0x6f, 0xff, 0x0, 0x0, 0x0, 0x0,
    0x0, 0x2, 0xff, 0xf3, 0x9f, 0xfb, 0x0, 0x0,
    0x0, 0x0, 0x0, 0x0, 0xef, 0xf5, 0xaf, 0xf9,
    0x0, 0x0, 0x0, 0x0, 0x0, 0x0, 0xdf, 0xf7,
    0xbf, 0xf8, 0x0, 0x0, 0x0, 0x0, 0x0, 0x0,
    0xcf, 0xf7, 0xaf, 0xf9, 0x0, 0x0, 0x0, 0x0,
    0x0, 0x0, 0xdf, 0xf7, 0x9f, 0xfb, 0x0, 0x0,
    0x0, 0x0, 0x0, 0x0, 0xef, 0xf5, 0x6f, 0xfe,
    0x0, 0x0, 0x0, 0x0, 0x0, 0x2, 0xff, 0xf3,
    0x2f, 0xff, 0x40, 0x0, 0x0, 0x0, 0x0, 0x7,
    0xff, 0xf0, 0xd, 0xff, 0xd0, 0x0, 0x0, 0x0,
    0x0, 0x1f, 0xff, 0x90, 0x5, 0xff, 0xfa, 0x0,
    0x0, 0x0, 0x1, 0xcf, 0xff, 0x20, 0x0, 0xbf,
    0xff, 0xd5, 0x10, 0x1, 0x7e, 0xff, 0xf8, 0x0,
    0x0, 0x1c, 0xff, 0xff, 0xff, 0xff, 0xff, 0xff,
    0xa0, 0x0, 0x0, 0x0, 0x9f, 0xff, 0xff, 0xff,
    0xff, 0xf7, 0x0, 0x0, 0x0, 0x0, 0x2, 0x8c,
    0xef, 0xfe, 0xb6, 0x10, 0x0, 0x0,

    /* U+00D3 "Ó" */
    0x0, 0x0, 0x0, 0x0, 0x0, 0xdf, 0xf3, 0x0,
    0x0, 0x0, 0x0, 0x0, 0x0, 0x0, 0x5, 0xff,
    0x90, 0x0, 0x0, 0x0, 0x0, 0x0, 0x0, 0x0,
    0xc, 0xfd, 0x0, 0x0, 0x0, 0x0, 0x0, 0x0,
    0x0, 0x0, 0x4f, 0xf4, 0x0, 0x0, 0x0, 0x0,
    0x0, 0x0, 0x0, 0x0, 0x0, 0x0, 0x0, 0x0,
    0x0, 0x0, 0x0, 0x0, 0x0, 0x0, 0x0, 0x0,
    0x0, 0x0, 0x0, 0x0, 0x0, 0x0, 0x1, 0x7c,
    0xef, 0xfe, 0xb6, 0x0, 0x0, 0x0, 0x0, 0x0,
    0x8f, 0xff, 0xff, 0xff, 0xff, 0xe6, 0x0, 0x0,
    0x0, 0xc, 0xff, 0xff, 0xff, 0xff, 0xff, 0xff,
    0x90, 0x0, 0x0, 0xbf, 0xff, 0xd5, 0x10, 0x1,
    0x7e, 0xff, 0xf7, 0x0, 0x5, 0xff, 0xfa, 0x0,
    0x0, 0x0, 0x1, 0xcf, 0xff, 0x20, 0xc, 0xff,
    0xd0, 0x0, 0x0, 0x0, 0x0, 0x1f, 0xff, 0x90,
    0x2f, 0xff, 0x40, 0x0, 0x0, 0x0, 0x0, 0x8,
    0xff, 0xe0, 0x6f, 0xff, 0x0, 0x0, 0x0, 0x0,
    0x0, 0x2, 0xff, 0xf3, 0x9f, 0xfb, 0x0, 0x0,
    0x0, 0x0, 0x0, 0x0, 0xef, 0xf5, 0xaf, 0xf9,
    0x0, 0x0, 0x0, 0x0, 0x0, 0x0, 0xdf, 0xf7,
    0xbf, 0xf8, 0x0, 0x0, 0x0, 0x0, 0x0, 0x0,
    0xcf, 0xf7, 0xaf, 0xf9, 0x0, 0x0, 0x0, 0x0,
    0x0, 0x0, 0xdf, 0xf7, 0x9f, 0xfb, 0x0, 0x0,
    0x0, 0x0, 0x0, 0x0, 0xef, 0xf5, 0x6f, 0xfe,
    0x0, 0x0, 0x0, 0x0, 0x0, 0x2, 0xff, 0xf3,
    0x2f, 0xff, 0x40, 0x0, 0x0, 0x0, 0x0, 0x7,
    0xff, 0xf0, 0xd, 0xff, 0xd0, 0x0, 0x0, 0x0,
    0x0, 0x1f, 0xff, 0x90, 0x5, 0xff, 0xfa, 0x0,
    0x0, 0x0, 0x1, 0xcf, 0xff, 0x20, 0x0, 0xbf,
    0xff, 0xd5, 0x10, 0x1, 0x7e, 0xff, 0xf8, 0x0,
    0x0, 0x1c, 0xff, 0xff, 0xff, 0xff, 0xff, 0xff,
    0xa0, 0x0, 0x0, 0x0, 0x9f, 0xff, 0xff, 0xff,
    0xff, 0xf7, 0x0, 0x0, 0x0, 0x0, 0x2, 0x8c,
    0xef, 0xfe, 0xb6, 0x10, 0x0, 0x0,

    /* U+00D4 "Ô" */
    0x0, 0x0, 0x0, 0x0, 0x68, 0x84, 0x0, 0x0,
    0x0, 0x0, 0x0, 0x0, 0x0, 0x5, 0xff, 0xff,
    0x10, 0x0, 0x0, 0x0, 0x0, 0x0, 0x0, 0xd,
    0xf8, 0xcf, 0xa0, 0x0, 0x0, 0x0, 0x0, 0x0,
    0x0, 0x8f, 0xd0, 0x2f, 0xf3, 0x0, 0x0, 0x0,
    0x0, 0x0, 0x2, 0xff, 0x40, 0x8, 0xfd, 0x0,
    0x0, 0x0, 0x0, 0x0, 0x0, 0x0, 0x0, 0x0,
    0x0, 0x0, 0x0, 0x0, 0x0, 0x0, 0x0, 0x0,
    0x0, 0x0, 0x0, 0x0, 0x0, 0x0, 0x0, 0x0,
    0x1, 0x7c, 0xef, 0xfe, 0xb6, 0x0, 0x0, 0x0,
    0x0, 0x0, 0x8f, 0xff, 0xff, 0xff, 0xff, 0xe6,
    0x0, 0x0, 0x0, 0xc, 0xff, 0xff, 0xff, 0xff,
    0xff, 0xff, 0x90, 0x0, 0x0, 0xbf, 0xff, 0xd5,
    0x10, 0x1, 0x7e, 0xff, 0xf7, 0x0, 0x5, 0xff,
    0xfa, 0x0, 0x0, 0x0, 0x1, 0xcf, 0xff, 0x20,
    0xc, 0xff, 0xd0, 0x0, 0x0, 0x0, 0x0, 0x1f,
    0xff, 0x90, 0x2f, 0xff, 0x40, 0x0, 0x0, 0x0,
    0x0, 0x8, 0xff, 0xe0, 0x6f, 0xff, 0x0, 0x0,
    0x0, 0x0, 0x0, 0x2, 0xff, 0xf3, 0x9f, 0xfb,
    0x0, 0x0, 0x0, 0x0, 0x0, 0x0, 0xef, 0xf5,
    0xaf, 0xf9, 0x0, 0x0, 0x0, 0x0, 0x0, 0x0,
    0xdf, 0xf7, 0xbf, 0xf8, 0x0, 0x0, 0x0, 0x0,
    0x0, 0x0, 0xcf, 0xf7, 0xaf, 0xf9, 0x0, 0x0,
    0x0, 0x0, 0x0, 0x0, 0xdf, 0xf7, 0x9f, 0xfb,
    0x0, 0x0, 0x0, 0x0, 0x0, 0x0, 0xef, 0xf5,
    0x6f, 0xfe, 0x0, 0x0, 0x0, 0x0, 0x0, 0x2,
    0xff, 0xf3, 0x2f, 0xff, 0x40, 0x0, 0x0, 0x0,
    0x0, 0x7, 0xff, 0xf0, 0xd, 0xff, 0xd0, 0x0,
    0x0, 0x0, 0x0, 0x1f, 0xff, 0x90, 0x5, 0xff,
    0xfa, 0x0, 0x0, 0x0, 0x1, 0xcf, 0xff, 0x20,
    0x0, 0xbf, 0xff, 0xd5, 0x10, 0x1, 0x7e, 0xff,
    0xf8, 0x0, 0x0, 0x1c, 0xff, 0xff, 0xff, 0xff,
    0xff, 0xff, 0xa0, 0x0, 0x0, 0x0, 0x9f, 0xff,
    0xff, 0xff, 0xff, 0xf7, 0x0, 0x0, 0x0, 0x0,
    0x2, 0x8c, 0xef, 0xfe, 0xb6, 0x10, 0x0, 0x0,

    /* U+00D5 "Õ" */
    0x0, 0x0, 0x0, 0x0, 0x0, 0x0, 0x18, 0x40,
    0x0, 0x0, 0x0, 0x0, 0x0, 0x8e, 0xfb, 0x50,
    0x7f, 0x60, 0x0, 0x0, 0x0, 0x0, 0x7, 0xff,
    0xff, 0xff, 0xff, 0x10, 0x0, 0x0, 0x0, 0x0,
    0xb, 0xf2, 0x7, 0xdf, 0xc3, 0x0, 0x0, 0x0,
    0x0, 0x0, 0x0, 0x0, 0x0, 0x0, 0x0, 0x0,
    0x0, 0x0, 0x0, 0x0, 0x0, 0x0, 0x0, 0x0,
    0x0, 0x0, 0x0, 0x0, 0x0, 0x0, 0x0, 0x0,
    0x0, 0x0, 0x0, 0x0, 0x0, 0x0, 0x0, 0x0,
    0x1, 0x7c, 0xef, 0xfe, 0xb6, 0x0, 0x0, 0x0,
    0x0, 0x0, 0x8f, 0xff, 0xff, 0xff, 0xff, 0xe6,
    0x0, 0x0, 0x0, 0xc, 0xff, 0xff, 0xff, 0xff,
    0xff, 0xff, 0x90, 0x0, 0x0, 0xbf, 0xff, 0xd5,
    0x10, 0x1, 0x7e, 0xff, 0xf7, 0x0, 0x5, 0xff,
    0xfa, 0x0, 0x0, 0x0, 0x1, 0xcf, 0xff, 0x20,
    0xc, 0xff, 0xd0, 0x0, 0x0, 0x0, 0x0, 0x1f,
    0xff, 0x90, 0x2f, 0xff, 0x40, 0x0, 0x0, 0x0,
    0x0, 0x8, 0xff, 0xe0, 0x6f, 0xff, 0x0, 0x0,
    0x0, 0x0, 0x0, 0x2, 0xff, 0xf3, 0x9f, 0xfb,
    0x0, 0x0, 0x0, 0x0, 0x0, 0x0, 0xef, 0xf5,
    0xaf, 0xf9, 0x0, 0x0, 0x0, 0x0, 0x0, 0x0,
    0xdf, 0xf7, 0xbf, 0xf8, 0x0, 0x0, 0x0, 0x0,
    0x0, 0x0, 0xcf, 0xf7, 0xaf, 0xf9, 0x0, 0x0,
    0x0, 0x0, 0x0, 0x0, 0xdf, 0xf7, 0x9f, 0xfb,
    0x0, 0x0, 0x0, 0x0, 0x0, 0x0, 0xef, 0xf5,
    0x6f, 0xfe, 0x0, 0x0, 0x0, 0x0, 0x0, 0x2,
    0xff, 0xf3, 0x2f, 0xff, 0x40, 0x0, 0x0, 0x0,
    0x0, 0x7, 0xff, 0xf0, 0xd, 0xff, 0xd0, 0x0,
    0x0, 0x0, 0x0, 0x1f, 0xff, 0x90, 0x5, 0xff,
    0xfa, 0x0, 0x0, 0x0, 0x1, 0xcf, 0xff, 0x20,
    0x0, 0xbf, 0xff, 0xd5, 0x10, 0x1, 0x7e, 0xff,
    0xf8, 0x0, 0x0, 0x1c, 0xff, 0xff, 0xff, 0xff,
    0xff, 0xff, 0xa0, 0x0, 0x0, 0x0, 0x9f, 0xff,
    0xff, 0xff, 0xff, 0xf7, 0x0, 0x0, 0x0, 0x0,
    0x2, 0x8c, 0xef, 0xfe, 0xb6, 0x10, 0x0, 0x0,

    /* U+00D6 "Ö" */
    0x0, 0x0, 0x5, 0xff, 0xb0, 0xf, 0xff, 0x20,
    0x0, 0x0, 0x0, 0x0, 0x5, 0xff, 0xb0, 0xf,
    0xff, 0x20, 0x0, 0x0, 0x0, 0x0, 0x5, 0xff,
    0xb0, 0xf, 0xff, 0x20, 0x0, 0x0, 0x0, 0x0,
    0x0, 0x11, 0x10, 0x1, 0x11, 0x0, 0x0, 0x0,
    0x0, 0x0, 0x0, 0x0, 0x0, 0x0, 0x0, 0x0,
    0x0, 0x0, 0x0, 0x0, 0x0, 0x0, 0x0, 0x0,
    0x0, 0x0, 0x0, 0x0, 0x0, 0x0, 0x1, 0x7c,
    0xef, 0xfe, 0xb6, 0x0, 0x0, 0x0, 0x0, 0x0,
    0x8f, 0xff, 0xff, 0xff, 0xff, 0xe6, 0x0, 0x0,
    0x0, 0xc, 0xff, 0xff, 0xff, 0xff, 0xff, 0xff,
    0x90, 0x0, 0x0, 0xbf, 0xff, 0xd5, 0x10, 0x1,
    0x7e, 0xff, 0xf7, 0x0, 0x5, 0xff, 0xfa, 0x0,
    0x0, 0x0, 0x1, 0xcf, 0xff, 0x20, 0xc, 0xff,
    0xd0, 0x0, 0x0, 0x0, 0x0, 0x1f, 0xff, 0x90,
    0x2f, 0xff, 0x40, 0x0, 0x0, 0x0, 0x0, 0x8,
    0xff, 0xe0, 0x6f, 0xff, 0x0, 0x0, 0x0, 0x0,
    0x0, 0x2, 0xff, 0xf3, 0x9f, 0xfb, 0x0, 0x0,
    0x0, 0x0, 0x0, 0x0, 0xef, 0xf5, 0xaf, 0xf9,
    0x0, 0x0, 0x0, 0x0, 0x0, 0x0, 0xdf, 0xf7,
    0xbf, 0xf8, 0x0, 0x0, 0x0, 0x0, 0x0, 0x0,
    0xcf, 0xf7, 0xaf, 0xf9, 0x0, 0x0, 0x0, 0x0,
    0x0, 0x0, 0xdf, 0xf7, 0x9f, 0xfb, 0x0, 0x0,
    0x0, 0x0, 0x0, 0x0, 0xef, 0xf5, 0x6f, 0xfe,
    0x0, 0x0, 0x0, 0x0, 0x0, 0x2, 0xff, 0xf3,
    0x2f, 0xff, 0x40, 0x0, 0x0, 0x0, 0x0, 0x7,
    0xff, 0xf0, 0xd, 0xff, 0xd0, 0x0, 0x0, 0x0,
    0x0, 0x1f, 0xff, 0x90, 0x5, 0xff, 0xfa, 0x0,
    0x0, 0x0, 0x1, 0xcf, 0xff, 0x20, 0x0, 0xbf,
    0xff, 0xd5, 0x10, 0x1, 0x7e, 0xff, 0xf8, 0x0,
    0x0, 0x1c, 0xff, 0xff, 0xff, 0xff, 0xff, 0xff,
    0xa0, 0x0, 0x0, 0x0, 0x9f, 0xff, 0xff, 0xff,
    0xff, 0xf7, 0x0, 0x0, 0x0, 0x0, 0x2, 0x8c,
    0xef, 0xfe, 0xb6, 0x10, 0x0, 0x0,

    /* U+00D7 "×" */
    0x7, 0x80, 0x0, 0x0, 0x0, 0x96, 0x6, 0xff,
    0x80, 0x0, 0x0, 0x9f, 0xf5, 0x5f, 0xff, 0x80,
    0x0, 0x9f, 0xff, 0x40, 0x5f, 0xff, 0x70, 0x8f,
    0xff, 0x40, 0x0, 0x5f, 0xff, 0xff, 0xff, 0x40,
    0x0, 0x0, 0x5f, 0xff, 0xff, 0x40, 0x0, 0x0,
    0x0, 0xdf, 0xff, 0xc0, 0x0, 0x0, 0x0, 0x8f,
    0xff, 0xff, 0x70, 0x0, 0x0, 0x7f, 0xff, 0xbf,
    0xff, 0x60, 0x0, 0x7f, 0xff, 0x50, 0x6f, 0xff,
    0x60, 0x7f, 0xff, 0x50, 0x0, 0x6f, 0xff, 0x64,
    0xff, 0x50, 0x0, 0x0, 0x6f, 0xf3, 0x4, 0x50,
    0x0, 0x0, 0x0, 0x63, 0x0,

    /* U+00D8 "Ø" */
    0x0, 0x0, 0x1, 0x7c, 0xef, 0xfe, 0xb6, 0x6,
    0xff, 0x40, 0x0, 0x0, 0x8f, 0xff, 0xff, 0xff,
    0xff, 0xff, 0xf9, 0x0, 0x0, 0xc, 0xff, 0xff,
    0xff, 0xff, 0xff, 0xff, 0xf0, 0x0, 0x0, 0xbf,
    0xff, 0xd5, 0x10, 0x1, 0x7f, 0xff, 0xf7, 0x0,
    0x5, 0xff, 0xfa, 0x0, 0x0, 0x0, 0x3f, 0xff,
    0xff, 0x20, 0xc, 0xff, 0xd0, 0x0, 0x0, 0x0,
    0xef, 0xdf, 0xff, 0x90, 0x2f, 0xff, 0x40, 0x0,
    0x0, 0xa, 0xff, 0x18, 0xff, 0xe0, 0x6f, 0xff,
    0x0, 0x0, 0x0, 0x5f, 0xf5, 0x2, 0xff, 0xf3,
    0x9f, 0xfb, 0x0, 0x0, 0x1, 0xef, 0xa0, 0x0,
    0xef, 0xf5, 0xaf, 0xf9, 0x0, 0x0, 0xb, 0xfe,
    0x10, 0x0, 0xdf, 0xf7, 0xbf, 0xf8, 0x0, 0x0,
    0x7f, 0xf4, 0x0, 0x0, 0xcf, 0xf7, 0xaf, 0xf9,
    0x0, 0x3, 0xff, 0x80, 0x0, 0x0, 0xdf, 0xf7,
    0x9f, 0xfb, 0x0, 0xd, 0xfc, 0x0, 0x0, 0x0,
    0xef, 0xf5, 0x6f, 0xfe, 0x0, 0x9f, 0xf2, 0x0,
    0x0, 0x2, 0xff, 0xf3, 0x2f, 0xff, 0x44, 0xff,
    0x60, 0x0, 0x0, 0x7, 0xff, 0xf0, 0xd, 0xff,
    0xee, 0xfb, 0x0, 0x0, 0x0, 0x1f, 0xff, 0x90,
    0x5, 0xff, 0xff, 0xf1, 0x0, 0x0, 0x1, 0xcf,
    0xff, 0x20, 0x0, 0xbf, 0xff, 0xf5, 0x10, 0x1,
    0x7e, 0xff, 0xf8, 0x0, 0x0, 0x3f, 0xff, 0xff,
    0xff, 0xff, 0xff, 0xff, 0xa0, 0x0, 0x0, 0xcf,
    0xff, 0xff, 0xff, 0xff, 0xff, 0xf7, 0x0, 0x0,
    0x8, 0xff, 0x32, 0x8c, 0xef, 0xfe, 0xb6, 0x10,
    0x0, 0x0,

    /* U+00D9 "Ù" */
    0x0, 0x0, 0x4f, 0xfd, 0x0, 0x0, 0x0, 0x0,
    0x0, 0x0, 0x0, 0x9f, 0xf5, 0x0, 0x0, 0x0,
    0x0, 0x0, 0x0, 0x0, 0xef, 0xc0, 0x0, 0x0,
    0x0, 0x0, 0x0, 0x0, 0x4, 0xff, 0x30, 0x0,
    0x0, 0x0, 0x0, 0x0, 0x0, 0x0, 0x0, 0x0,
    0x0, 0x0, 0x0, 0x0, 0x0, 0x0, 0x0, 0x0,
    0x0, 0x0, 0x0, 0xff, 0xf3, 0x0, 0x0, 0x0,
    0x0, 0x1f, 0xff, 0x1f, 0xff, 0x30, 0x0, 0x0,
    0x0, 0x1, 0xff, 0xf1, 0xff, 0xf3, 0x0, 0x0,
    0x0, 0x0, 0x1f, 0xff, 0x1f, 0xff, 0x30, 0x0,
    0x0, 0x0, 0x1, 0xff, 0xf1, 0xff, 0xf3, 0x0,
    0x0, 0x0, 0x0, 0x1f, 0xff, 0x1f, 0xff, 0x30,
    0x0, 0x0, 0x0, 0x1, 0xff, 0xf1, 0xff, 0xf3,
    0x0, 0x0, 0x0, 0x0, 0x1f, 0xff, 0x1f, 0xff,
    0x30, 0x0, 0x0, 0x0, 0x1, 0xff, 0xf1, 0xff,
    0xf3, 0x0, 0x0, 0x0, 0x0, 0x1f, 0xff, 0x1f,
    0xff, 0x30, 0x0, 0x0, 0x0, 0x1, 0xff, 0xf1,
    0xff, 0xf3, 0x0, 0x0, 0x0, 0x0, 0x1f, 0xff,
    0x1f, 0xff, 0x30, 0x0, 0x0, 0x0, 0x1, 0xff,
    0xf1, 0xff, 0xf3, 0x0, 0x0, 0x0, 0x0, 0x1f,
    0xff, 0x1e, 0xff, 0x30, 0x0, 0x0, 0x0, 0x1,
    0xff, 0xf0, 0xcf, 0xf5, 0x0, 0x0, 0x0, 0x0,
    0x3f, 0xfe, 0xa, 0xff, 0x90, 0x0, 0x0, 0x0,
    0x7, 0xff, 0xc0, 0x5f, 0xff, 0x30, 0x0, 0x0,
    0x2, 0xef, 0xf6, 0x0, 0xdf, 0xff, 0x71, 0x0,
    0x16, 0xef, 0xfe, 0x10, 0x2, 0xff, 0xff, 0xff,
    0xff, 0xff, 0xff, 0x40, 0x0, 0x2, 0xdf, 0xff,
    0xff, 0xff, 0xfe, 0x30, 0x0, 0x0, 0x0, 0x4a,
    0xdf, 0xfd, 0xb5, 0x0, 0x0, 0x0,

    /* U+00DA "Ú" */
    0x0, 0x0, 0x0, 0x0, 0xbf, 0xf6, 0x0, 0x0,
    0x0, 0x0, 0x0, 0x0, 0x2f, 0xfc, 0x0, 0x0,
    0x0, 0x0, 0x0, 0x0, 0xa, 0xff, 0x20, 0x0,
    0x0, 0x0, 0x0, 0x0, 0x1, 0xef, 0x60, 0x0,
    0x0, 0x0, 0x0, 0x0, 0x0, 0x0, 0x0, 0x0,
    0x0, 0x0, 0x0, 0x0, 0x0, 0x0, 0x0, 0x0,
    0x0, 0x0, 0x0, 0xff, 0xf3, 0x0, 0x0, 0x0,
    0x0, 0x1f, 0xff, 0x1f, 0xff, 0x30, 0x0, 0x0,
    0x0, 0x1, 0xff, 0xf1, 0xff, 0xf3, 0x0, 0x0,
    0x0, 0x0, 0x1f, 0xff, 0x1f, 0xff, 0x30, 0x0,
    0x0, 0x0, 0x1, 0xff, 0xf1, 0xff, 0xf3, 0x0,
    0x0, 0x0, 0x0, 0x1f, 0xff, 0x1f, 0xff, 0x30,
    0x0, 0x0, 0x0, 0x1, 0xff, 0xf1, 0xff, 0xf3,
    0x0, 0x0, 0x0, 0x0, 0x1f, 0xff, 0x1f, 0xff,
    0x30, 0x0, 0x0, 0x0, 0x1, 0xff, 0xf1, 0xff,
    0xf3, 0x0, 0x0, 0x0, 0x0, 0x1f, 0xff, 0x1f,
    0xff, 0x30, 0x0, 0x0, 0x0, 0x1, 0xff, 0xf1,
    0xff, 0xf3, 0x0, 0x0, 0x0, 0x0, 0x1f, 0xff,
    0x1f, 0xff, 0x30, 0x0, 0x0, 0x0, 0x1, 0xff,
    0xf1, 0xff, 0xf3, 0x0, 0x0, 0x0, 0x0, 0x1f,
    0xff, 0x1e, 0xff, 0x30, 0x0, 0x0, 0x0, 0x1,
    0xff, 0xf0, 0xcf, 0xf5, 0x0, 0x0, 0x0, 0x0,
    0x3f, 0xfe, 0xa, 0xff, 0x90, 0x0, 0x0, 0x0,
    0x7, 0xff, 0xc0, 0x5f, 0xff, 0x30, 0x0, 0x0,
    0x2, 0xef, 0xf6, 0x0, 0xdf, 0xff, 0x71, 0x0,
    0x16, 0xef, 0xfe, 0x10, 0x2, 0xff, 0xff, 0xff,
    0xff, 0xff, 0xff, 0x40, 0x0, 0x2, 0xdf, 0xff,
    0xff, 0xff, 0xfe, 0x30, 0x0, 0x0, 0x0, 0x4a,
    0xdf, 0xfd, 0xb5, 0x0, 0x0, 0x0,

    /* U+00DB "Û" */
    0x0, 0x0, 0x0, 0x58, 0x86, 0x0, 0x0, 0x0,
    0x0, 0x0, 0x0, 0x2f, 0xff, 0xf3, 0x0, 0x0,
    0x0, 0x0, 0x0, 0xb, 0xfb, 0x9f, 0xd0, 0x0,
    0x0, 0x0, 0x0, 0x5, 0xff, 0x21, 0xef, 0x60,
    0x0, 0x0, 0x0, 0x0, 0xdf, 0x70, 0x5, 0xff,
    0x10, 0x0, 0x0, 0x0, 0x0, 0x0, 0x0, 0x0,
    0x0, 0x0, 0x0, 0x0, 0x0, 0x0, 0x0, 0x0,
    0x0, 0x0, 0x0, 0xf, 0xff, 0x30, 0x0, 0x0,
    0x0, 0x1, 0xff, 0xf1, 0xff, 0xf3, 0x0, 0x0,
    0x0, 0x0, 0x1f, 0xff, 0x1f, 0xff, 0x30, 0x0,
    0x0, 0x0, 0x1, 0xff, 0xf1, 0xff, 0xf3, 0x0,
    0x0, 0x0, 0x0, 0x1f, 0xff, 0x1f, 0xff, 0x30,
    0x0, 0x0, 0x0, 0x1, 0xff, 0xf1, 0xff, 0xf3,
    0x0, 0x0, 0x0, 0x0, 0x1f, 0xff, 0x1f, 0xff,
    0x30, 0x0, 0x0, 0x0, 0x1, 0xff, 0xf1, 0xff,
    0xf3, 0x0, 0x0, 0x0, 0x0, 0x1f, 0xff, 0x1f,
    0xff, 0x30, 0x0, 0x0, 0x0, 0x1, 0xff, 0xf1,
    0xff, 0xf3, 0x0, 0x0, 0x0, 0x0, 0x1f, 0xff,
    0x1f, 0xff, 0x30, 0x0, 0x0, 0x0, 0x1, 0xff,
    0xf1, 0xff, 0xf3, 0x0, 0x0, 0x0, 0x0, 0x1f,
    0xff, 0x1f, 0xff, 0x30, 0x0, 0x0, 0x0, 0x1,
    0xff, 0xf1, 0xef, 0xf3, 0x0, 0x0, 0x0, 0x0,
    0x1f, 0xff, 0xc, 0xff, 0x50, 0x0, 0x0, 0x0,
    0x3, 0xff, 0xe0, 0xaf, 0xf9, 0x0, 0x0, 0x0,
    0x0, 0x7f, 0xfc, 0x5, 0xff, 0xf3, 0x0, 0x0,
    0x0, 0x2e, 0xff, 0x60, 0xd, 0xff, 0xf7, 0x10,
    0x1, 0x6e, 0xff, 0xe1, 0x0, 0x2f, 0xff, 0xff,
    0xff, 0xff, 0xff, 0xf4, 0x0, 0x0, 0x2d, 0xff,
    0xff, 0xff, 0xff, 0xe3, 0x0, 0x0, 0x0, 0x4,
    0xad, 0xff, 0xdb, 0x50, 0x0, 0x0,

    /* U+00DC "Ü" */
    0x0, 0x2, 0xff, 0xe0, 0xc, 0xff, 0x50, 0x0,
    0x0, 0x0, 0x2f, 0xfe, 0x0, 0xcf, 0xf5, 0x0,
    0x0, 0x0, 0x2, 0xff, 0xe0, 0xc, 0xff, 0x50,
    0x0, 0x0, 0x0, 0x1, 0x11, 0x0, 0x11, 0x10,
    0x0, 0x0, 0x0, 0x0, 0x0, 0x0, 0x0, 0x0,
    0x0, 0x0, 0x0, 0x0, 0x0, 0x0, 0x0, 0x0,
    0x0, 0x0, 0x0, 0xff, 0xf3, 0x0, 0x0, 0x0,
    0x0, 0x1f, 0xff, 0x1f, 0xff, 0x30, 0x0, 0x0,
    0x0, 0x1, 0xff, 0xf1, 0xff, 0xf3, 0x0, 0x0,
    0x0, 0x0, 0x1f, 0xff, 0x1f, 0xff, 0x30, 0x0,
    0x0, 0x0, 0x1, 0xff, 0xf1, 0xff, 0xf3, 0x0,
    0x0, 0x0, 0x0, 0x1f, 0xff, 0x1f, 0xff, 0x30,
    0x0, 0x0, 0x0, 0x1, 0xff, 0xf1, 0xff, 0xf3,
    0x0, 0x0, 0x0, 0x0, 0x1f, 0xff, 0x1f, 0xff,
    0x30, 0x0, 0x0, 0x0, 0x1, 0xff, 0xf1, 0xff,
    0xf3, 0x0, 0x0, 0x0, 0x0, 0x1f, 0xff, 0x1f,
    0xff, 0x30, 0x0, 0x0, 0x0, 0x1, 0xff, 0xf1,
    0xff, 0xf3, 0x0, 0x0, 0x0, 0x0, 0x1f, 0xff,
    0x1f, 0xff, 0x30, 0x0, 0x0, 0x0, 0x1, 0xff,
    0xf1, 0xff, 0xf3, 0x0, 0x0, 0x0, 0x0, 0x1f,
    0xff, 0x1e, 0xff, 0x30, 0x0, 0x0, 0x0, 0x1,
    0xff, 0xf0, 0xcf, 0xf5, 0x0, 0x0, 0x0, 0x0,
    0x3f, 0xfe, 0xa, 0xff, 0x90, 0x0, 0x0, 0x0,
    0x7, 0xff, 0xc0, 0x5f, 0xff, 0x30, 0x0, 0x0,
    0x2, 0xef, 0xf6, 0x0, 0xdf, 0xff, 0x71, 0x0,
    0x16, 0xef, 0xfe, 0x10, 0x2, 0xff, 0xff, 0xff,
    0xff, 0xff, 0xff, 0x40, 0x0, 0x2, 0xdf, 0xff,
    0xff, 0xff, 0xfe, 0x30, 0x0, 0x0, 0x0, 0x4a,
    0xdf, 0xfd, 0xb5, 0x0, 0x0, 0x0,

    /* U+00DD "Ý" */
    0x0, 0x0, 0x0, 0x0, 0x2, 0xff, 0xd1, 0x0,
    0x0, 0x0, 0x0, 0x0, 0x0, 0x0, 0x9f, 0xf5,
    0x0, 0x0, 0x0, 0x0, 0x0, 0x0, 0x0, 0x1f,
    0xfa, 0x0, 0x0, 0x0, 0x0, 0x0, 0x0, 0x0,
    0x8, 0xfe, 0x10, 0x0, 0x0, 0x0, 0x0, 0x0,
    0x0, 0x0, 0x0, 0x0, 0x0, 0x0, 0x0, 0x0,
    0x0, 0x0, 0x0, 0x0, 0x0, 0x0, 0x0, 0x0,
    0x0, 0xd, 0xff, 0xb0, 0x0, 0x0, 0x0, 0x0,
    0x7f, 0xff, 0x20, 0x5f, 0xff, 0x40, 0x0, 0x0,
    0x0, 0x1e, 0xff, 0x80, 0x0, 0xbf, 0xfc, 0x0,
    0x0, 0x0, 0x9, 0xff, 0xe0, 0x0, 0x2, 0xff,
    0xf5, 0x0, 0x0, 0x2, 0xff, 0xf6, 0x0, 0x0,
    0x9, 0xff, 0xe0, 0x0, 0x0, 0xaf, 0xfd, 0x0,
    0x0, 0x0, 0x1e, 0xff, 0x70, 0x0, 0x3f, 0xff,
    0x40, 0x0, 0x0, 0x0, 0x7f, 0xff, 0x10, 0xc,
    0xff, 0xa0, 0x0, 0x0, 0x0, 0x0, 0xdf, 0xf9,
    0x5, 0xff, 0xf2, 0x0, 0x0, 0x0, 0x0, 0x4,
    0xff, 0xf2, 0xdf, 0xf8, 0x0, 0x0, 0x0, 0x0,
    0x0, 0xb, 0xff, 0xef, 0xfe, 0x0, 0x0, 0x0,
    0x0, 0x0, 0x0, 0x2f, 0xff, 0xff, 0x50, 0x0,
    0x0, 0x0, 0x0, 0x0, 0x0, 0x9f, 0xff, 0xc0,
    0x0, 0x0, 0x0, 0x0, 0x0, 0x0, 0x1, 0xff,
    0xf4, 0x0, 0x0, 0x0, 0x0, 0x0, 0x0, 0x0,
    0xf, 0xff, 0x20, 0x0, 0x0, 0x0, 0x0, 0x0,
    0x0, 0x0, 0xff, 0xf2, 0x0, 0x0, 0x0, 0x0,
    0x0, 0x0, 0x0, 0xf, 0xff, 0x20, 0x0, 0x0,
    0x0, 0x0, 0x0, 0x0, 0x0, 0xff, 0xf2, 0x0,
    0x0, 0x0, 0x0, 0x0, 0x0, 0x0, 0xf, 0xff,
    0x20, 0x0, 0x0, 0x0, 0x0, 0x0, 0x0, 0x0,
    0xff, 0xf2, 0x0, 0x0, 0x0, 0x0, 0x0, 0x0,
    0x0, 0xf, 0xff, 0x20, 0x0, 0x0, 0x0, 0x0,
    0x0, 0x0, 0x0, 0xff, 0xf2, 0x0, 0x0, 0x0,
    0x0,

    /* U+00DE "Þ" */
    0x8f, 0xfa, 0x0, 0x0, 0x0, 0x0, 0x0, 0x8,
    0xff, 0xa0, 0x0, 0x0, 0x0, 0x0, 0x0, 0x8f,
    0xfa, 0x0, 0x0, 0x0, 0x0, 0x0, 0x8, 0xff,
    0xa0, 0x0, 0x0, 0x0, 0x0, 0x0, 0x8f, 0xff,
    0xff, 0xff, 0xec, 0x82, 0x0, 0x8, 0xff, 0xff,
    0xff, 0xff, 0xff, 0xf8, 0x0, 0x8f, 0xff, 0xee,
    0xee, 0xff, 0xff, 0xf8, 0x8, 0xff, 0xa0, 0x0,
    0x0, 0x4c, 0xff, 0xf2, 0x8f, 0xfa, 0x0, 0x0,
    0x0, 0xe, 0xff, 0x88, 0xff, 0xa0, 0x0, 0x0,
    0x0, 0x9f, 0xfb, 0x8f, 0xfa, 0x0, 0x0, 0x0,
    0x7, 0xff, 0xc8, 0xff, 0xa0, 0x0, 0x0, 0x0,
    0x9f, 0xfb, 0x8f, 0xfa, 0x0, 0x0, 0x0, 0x1e,
    0xff, 0x78, 0xff, 0xa0, 0x0, 0x1, 0x5d, 0xff,
    0xf2, 0x8f, 0xff, 0xff, 0xff, 0xff, 0xff, 0xf7,
    0x8, 0xff, 0xff, 0xff, 0xff, 0xff, 0xf6, 0x0,
    0x8f, 0xff, 0xee, 0xee, 0xda, 0x61, 0x0, 0x8,
    0xff, 0xa0, 0x0, 0x0, 0x0, 0x0, 0x0, 0x8f,
    0xfa, 0x0, 0x0, 0x0, 0x0, 0x0, 0x8, 0xff,
    0xa0, 0x0, 0x0, 0x0, 0x0, 0x0, 0x8f, 0xfa,
    0x0, 0x0, 0x0, 0x0, 0x0, 0x0,

    /* U+00DF "ß" */
    0x0, 0x3, 0x9d, 0xff, 0xda, 0x40, 0x0, 0x0,
    0x9, 0xff, 0xff, 0xff, 0xff, 0xa0, 0x0, 0x8,
    0xff, 0xff, 0xdd, 0xff, 0xff, 0x80, 0x2, 0xff,
    0xfa, 0x10, 0x1, 0xaf, 0xff, 0x0, 0x8f, 0xfd,
    0x0, 0x0, 0x0, 0xff, 0xf4, 0xb, 0xff, 0x70,
    0x0, 0x0, 0xd, 0xff, 0x50, 0xcf, 0xf4, 0x0,
    0x0, 0x1, 0xff, 0xf2, 0xd, 0xff, 0x40, 0x0,
    0x2, 0xbf, 0xfc, 0x0, 0xdf, 0xf4, 0x6, 0xcd,
    0xff, 0xfd, 0x10, 0xd, 0xff, 0x40, 0x8f, 0xff,
    0xfc, 0x10, 0x0, 0xdf, 0xf4, 0x8, 0xff, 0xff,
    0xff, 0x60, 0xd, 0xff, 0x40, 0x0, 0x3, 0x8f,
    0xff, 0x60, 0xdf, 0xf4, 0x0, 0x0, 0x0, 0x4f,
    0xff, 0x1d, 0xff, 0x40, 0x0, 0x0, 0x0, 0xcf,
    0xf6, 0xdf, 0xf4, 0x0, 0x0, 0x0, 0x9, 0xff,
    0x8d, 0xff, 0x40, 0x0, 0x0, 0x0, 0xaf, 0xf8,
    0xdf, 0xf4, 0x0, 0x0, 0x0, 0x1f, 0xff, 0x6d,
    0xff, 0x40, 0x0, 0x0, 0x4d, 0xff, 0xf1, 0xdf,
    0xf4, 0xa, 0xcd, 0xff, 0xff, 0xf7, 0xd, 0xff,
    0x40, 0xdf, 0xff, 0xff, 0xf7, 0x0, 0xdf, 0xf4,
    0xd, 0xff, 0xec, 0x71, 0x0, 0x0,

    /* U+00E0 "à" */
    0x0, 0x2, 0xef, 0xe0, 0x0, 0x0, 0x0, 0x0,
    0x0, 0x7, 0xff, 0x70, 0x0, 0x0, 0x0, 0x0,
    0x0, 0xc, 0xfe, 0x0, 0x0, 0x0, 0x0, 0x0,
    0x0, 0x2f, 0xf6, 0x0, 0x0, 0x0, 0x0, 0x0,
    0x0, 0x0, 0x0, 0x0, 0x0, 0x0, 0x0, 0x0,
    0x0, 0x0, 0x0, 0x0, 0x0, 0x0, 0x2, 0x9d,
    0xff, 0xea, 0x40, 0x0, 0x0, 0x7, 0xff, 0xff,
    0xff, 0xff, 0x90, 0x0, 0x6, 0xff, 0xfe, 0xbb,
    0xef, 0xff, 0x70, 0x0, 0xef, 0xf9, 0x0, 0x0,
    0x8f, 0xff, 0x0, 0x5f, 0xfe, 0x0, 0x0, 0x0,
    0xdf, 0xf5, 0x1, 0x22, 0x10, 0x0, 0x0, 0xa,
    0xff, 0x70, 0x0, 0x0, 0x0, 0x3, 0x69, 0xdf,
    0xf8, 0x0, 0x0, 0x49, 0xdf, 0xff, 0xff, 0xff,
    0x80, 0x3, 0xdf, 0xff, 0xff, 0xec, 0xdf, 0xf8,
    0x2, 0xff, 0xfd, 0x84, 0x10, 0x8, 0xff, 0x80,
    0x9f, 0xfc, 0x0, 0x0, 0x0, 0xbf, 0xf8, 0xb,
    0xff, 0x70, 0x0, 0x0, 0x1f, 0xff, 0x80, 0xbf,
    0xfb, 0x0, 0x0, 0x2d, 0xff, 0xf8, 0x7, 0xff,
    0xfc, 0x88, 0xaf, 0xfe, 0xff, 0xe8, 0xb, 0xff,
    0xff, 0xff, 0xfc, 0x1f, 0xff, 0xe0, 0x6, 0xce,
    0xfe, 0xb5, 0x0, 0x4c, 0xfd,

    /* U+00E1 "á" */
    0x0, 0x0, 0x0, 0x7, 0xff, 0x90, 0x0, 0x0,
    0x0, 0x0, 0x0, 0xef, 0xe1, 0x0, 0x0, 0x0,
    0x0, 0x0, 0x6f, 0xf4, 0x0, 0x0, 0x0, 0x0,
    0x0, 0xe, 0xfa, 0x0, 0x0, 0x0, 0x0, 0x0,
    0x0, 0x0, 0x0, 0x0, 0x0, 0x0, 0x0, 0x0,
    0x0, 0x0, 0x0, 0x0, 0x0, 0x0, 0x2, 0x9d,
    0xff, 0xea, 0x40, 0x0, 0x0, 0x7, 0xff, 0xff,
    0xff, 0xff, 0x90, 0x0, 0x6, 0xff, 0xfe, 0xbb,
    0xef, 0xff, 0x70, 0x0, 0xef, 0xf9, 0x0, 0x0,
    0x8f, 0xff, 0x0, 0x5f, 0xfe, 0x0, 0x0, 0x0,
    0xdf, 0xf5, 0x1, 0x22, 0x10, 0x0, 0x0, 0xa,
    0xff, 0x70, 0x0, 0x0, 0x0, 0x3, 0x69, 0xdf,
    0xf8, 0x0, 0x0, 0x49, 0xdf, 0xff, 0xff, 0xff,
    0x80, 0x3, 0xdf, 0xff, 0xff, 0xec, 0xdf, 0xf8,
    0x2, 0xff, 0xfd, 0x84, 0x10, 0x8, 0xff, 0x80,
    0x9f, 0xfc, 0x0, 0x0, 0x0, 0xbf, 0xf8, 0xb,
    0xff, 0x70, 0x0, 0x0, 0x1f, 0xff, 0x80, 0xbf,
    0xfb, 0x0, 0x0, 0x2d, 0xff, 0xf8, 0x7, 0xff,
    0xfc, 0x88, 0xaf, 0xfe, 0xff, 0xe8, 0xb, 0xff,
    0xff, 0xff, 0xfc, 0x1f, 0xff, 0xe0, 0x6, 0xce,
    0xfe, 0xb5, 0x0, 0x4c, 0xfd,

    /* U+00E2 "â" */
    0x0, 0x0, 0xa, 0xff, 0xf2, 0x0, 0x0, 0x0,
    0x0, 0x4, 0xff, 0xef, 0xc0, 0x0, 0x0, 0x0,
    0x0, 0xdf, 0x81, 0xff, 0x60, 0x0, 0x0, 0x0,
    0x8f, 0xd0, 0x6, 0xfe, 0x10, 0x0, 0x0, 0x4,
    0x52, 0x0, 0x4, 0x52, 0x0, 0x0, 0x0, 0x0,
    0x0, 0x0, 0x0, 0x0, 0x0, 0x0, 0x2, 0x9d,
    0xff, 0xea, 0x40, 0x0, 0x0, 0x7, 0xff, 0xff,
    0xff, 0xff, 0x90, 0x0, 0x6, 0xff, 0xfe, 0xbb,
    0xef, 0xff, 0x70, 0x0, 0xef, 0xf9, 0x0, 0x0,
    0x8f, 0xff, 0x0, 0x5f, 0xfe, 0x0, 0x0, 0x0,
    0xdf, 0xf5, 0x1, 0x22, 0x10, 0x0, 0x0, 0xa,
    0xff, 0x70, 0x0, 0x0, 0x0, 0x3, 0x69, 0xdf,
    0xf8, 0x0, 0x0, 0x49, 0xdf, 0xff, 0xff, 0xff,
    0x80, 0x3, 0xdf, 0xff, 0xff, 0xec, 0xdf, 0xf8,
    0x2, 0xff, 0xfd, 0x84, 0x10, 0x8, 0xff, 0x80,
    0x9f, 0xfc, 0x0, 0x0, 0x0, 0xbf, 0xf8, 0xb,
    0xff, 0x70, 0x0, 0x0, 0x1f, 0xff, 0x80, 0xbf,
    0xfb, 0x0, 0x0, 0x2d, 0xff, 0xf8, 0x7, 0xff,
    0xfc, 0x88, 0xaf, 0xfe, 0xff, 0xe8, 0xb, 0xff,
    0xff, 0xff, 0xfc, 0x1f, 0xff, 0xe0, 0x6, 0xce,
    0xfe, 0xb5, 0x0, 0x4c, 0xfd,

    /* U+00E3 "ã" */
    0x0, 0x0, 0x0, 0x0, 0x0, 0xdd, 0x0, 0x0,
    0x0, 0x4d, 0xfd, 0x71, 0x3f, 0xa0, 0x0, 0x0,
    0x2f, 0xff, 0xff, 0xff, 0xf4, 0x0, 0x0, 0x5,
    0xf7, 0x4, 0xbe, 0xe7, 0x0, 0x0, 0x0, 0x0,
    0x0, 0x0, 0x0, 0x0, 0x0, 0x0, 0x0, 0x0,
    0x0, 0x0, 0x0, 0x0, 0x0, 0x0, 0x2, 0x9d,
    0xff, 0xea, 0x40, 0x0, 0x0, 0x7, 0xff, 0xff,
    0xff, 0xff, 0x90, 0x0, 0x6, 0xff, 0xfe, 0xbb,
    0xef, 0xff, 0x70, 0x0, 0xef, 0xf9, 0x0, 0x0,
    0x8f, 0xff, 0x0, 0x5f, 0xfe, 0x0, 0x0, 0x0,
    0xdf, 0xf5, 0x1, 0x22, 0x10, 0x0, 0x0, 0xa,
    0xff, 0x70, 0x0, 0x0, 0x0, 0x3, 0x69, 0xdf,
    0xf8, 0x0, 0x0, 0x49, 0xdf, 0xff, 0xff, 0xff,
    0x80, 0x3, 0xdf, 0xff, 0xff, 0xec, 0xdf, 0xf8,
    0x2, 0xff, 0xfd, 0x84, 0x10, 0x8, 0xff, 0x80,
    0x9f, 0xfc, 0x0, 0x0, 0x0, 0xbf, 0xf8, 0xb,
    0xff, 0x70, 0x0, 0x0, 0x1f, 0xff, 0x80, 0xbf,
    0xfb, 0x0, 0x0, 0x2d, 0xff, 0xf8, 0x7, 0xff,
    0xfc, 0x88, 0xaf, 0xfe, 0xff, 0xe8, 0xb, 0xff,
    0xff, 0xff, 0xfc, 0x1f, 0xff, 0xe0, 0x6, 0xce,
    0xfe, 0xb5, 0x0, 0x4c, 0xfd,

    /* U+00E4 "ä" */
    0x0, 0xf, 0xff, 0x10, 0x9f, 0xf8, 0x0, 0x0,
    0x0, 0xff, 0xf1, 0x9, 0xff, 0x80, 0x0, 0x0,
    0xf, 0xff, 0x10, 0x9f, 0xf8, 0x0, 0x0, 0x0,
    0x11, 0x10, 0x1, 0x11, 0x0, 0x0, 0x0, 0x0,
    0x0, 0x0, 0x0, 0x0, 0x0, 0x0, 0x0, 0x29,
    0xdf, 0xfe, 0xa4, 0x0, 0x0, 0x0, 0x7f, 0xff,
    0xff, 0xff, 0xf9, 0x0, 0x0, 0x6f, 0xff, 0xeb,
    0xbe, 0xff, 0xf7, 0x0, 0xe, 0xff, 0x90, 0x0,
    0x8, 0xff, 0xf0, 0x5, 0xff, 0xe0, 0x0, 0x0,
    0xd, 0xff, 0x50, 0x12, 0x21, 0x0, 0x0, 0x0,
    0xaf, 0xf7, 0x0, 0x0, 0x0, 0x0, 0x36, 0x9d,
    0xff, 0x80, 0x0, 0x4, 0x9d, 0xff, 0xff, 0xff,
    0xf8, 0x0, 0x3d, 0xff, 0xff, 0xfe, 0xcd, 0xff,
    0x80, 0x2f, 0xff, 0xd8, 0x41, 0x0, 0x8f, 0xf8,
    0x9, 0xff, 0xc0, 0x0, 0x0, 0xb, 0xff, 0x80,
    0xbf, 0xf7, 0x0, 0x0, 0x1, 0xff, 0xf8, 0xb,
    0xff, 0xb0, 0x0, 0x2, 0xdf, 0xff, 0x80, 0x7f,
    0xff, 0xc8, 0x8a, 0xff, 0xef, 0xfe, 0x80, 0xbf,
    0xff, 0xff, 0xff, 0xc1, 0xff, 0xfe, 0x0, 0x6c,
    0xef, 0xeb, 0x50, 0x4, 0xcf, 0xd0,

    /* U+00E5 "å" */
    0x0, 0x0, 0x5, 0xdf, 0xa1, 0x0, 0x0, 0x0,
    0x0, 0x2, 0xfd, 0xbf, 0xa0, 0x0, 0x0, 0x0,
    0x0, 0x7f, 0x20, 0xaf, 0x0, 0x0, 0x0, 0x0,
    0x6, 0xf6, 0x1d, 0xe0, 0x0, 0x0, 0x0, 0x0,
    0xd, 0xff, 0xf6, 0x0, 0x0, 0x0, 0x0, 0x0,
    0x7, 0x83, 0x0, 0x0, 0x0, 0x0, 0x0, 0x0,
    0x0, 0x0, 0x0, 0x0, 0x0, 0x0, 0x29, 0xdf,
    0xfe, 0xa4, 0x0, 0x0, 0x0, 0x7f, 0xff, 0xff,
    0xff, 0xf9, 0x0, 0x0, 0x6f, 0xff, 0xeb, 0xbe,
    0xff, 0xf7, 0x0, 0xe, 0xff, 0x90, 0x0, 0x8,
    0xff, 0xf0, 0x5, 0xff, 0xe0, 0x0, 0x0, 0xd,
    0xff, 0x50, 0x12, 0x21, 0x0, 0x0, 0x0, 0xaf,
    0xf7, 0x0, 0x0, 0x0, 0x0, 0x36, 0x9d, 0xff,
    0x80, 0x0, 0x4, 0x9d, 0xff, 0xff, 0xff, 0xf8,
    0x0, 0x3d, 0xff, 0xff, 0xfe, 0xcd, 0xff, 0x80,
    0x2f, 0xff, 0xd8, 0x41, 0x0, 0x8f, 0xf8, 0x9,
    0xff, 0xc0, 0x0, 0x0, 0xb, 0xff, 0x80, 0xbf,
    0xf7, 0x0, 0x0, 0x1, 0xff, 0xf8, 0xb, 0xff,
    0xb0, 0x0, 0x2, 0xdf, 0xff, 0x80, 0x7f, 0xff,
    0xc8, 0x8a, 0xff, 0xef, 0xfe, 0x80, 0xbf, 0xff,
    0xff, 0xff, 0xc1, 0xff, 0xfe, 0x0, 0x6c, 0xef,
    0xeb, 0x50, 0x4, 0xcf, 0xd0,

    /* U+00E6 "æ" */
    0x0, 0x2, 0x9d, 0xff, 0xea, 0x40, 0x0, 0x3a,
    0xdf, 0xec, 0x60, 0x0, 0x0, 0x7, 0xff, 0xff,
    0xff, 0xff, 0xa0, 0x9f, 0xff, 0xff, 0xff, 0xe3,
    0x0, 0x6, 0xff, 0xfe, 0xbb, 0xef, 0xff, 0xff,
    0xff, 0xda, 0xcf, 0xff, 0xf2, 0x0, 0xef, 0xf9,
    0x0, 0x0, 0x8f, 0xff, 0xff, 0x50, 0x0, 0x2c,
    0xff, 0xc0, 0x5f, 0xfe, 0x0, 0x0, 0x0, 0xdf,
    0xff, 0x80, 0x0, 0x0, 0x1e, 0xff, 0x21, 0x22,
    0x10, 0x0, 0x0, 0xc, 0xff, 0xf1, 0x0, 0x0,
    0x0, 0xaf, 0xf8, 0x0, 0x0, 0x0, 0x2, 0x47,
    0xff, 0xff, 0x55, 0x55, 0x55, 0x5a, 0xff, 0xa0,
    0x1, 0x6a, 0xdf, 0xff, 0xff, 0xff, 0xff, 0xff,
    0xff, 0xff, 0xff, 0xfc, 0x4, 0xef, 0xff, 0xff,
    0xfe, 0xff, 0xff, 0xff, 0xff, 0xff, 0xff, 0xff,
    0xd2, 0xff, 0xfc, 0x74, 0x20, 0xd, 0xff, 0xc0,
    0x0, 0x0, 0x0, 0x0, 0x0, 0x9f, 0xfb, 0x0,
    0x0, 0x0, 0xdf, 0xff, 0x0, 0x0, 0x0, 0x0,
    0x0, 0xb, 0xff, 0x70, 0x0, 0x0, 0x1f, 0xff,
    0xf5, 0x0, 0x0, 0x0, 0xad, 0xd5, 0xbf, 0xfb,
    0x0, 0x0, 0x1b, 0xff, 0xff, 0xe2, 0x0, 0x0,
    0x7f, 0xff, 0x16, 0xff, 0xfd, 0x87, 0x9e, 0xff,
    0x3b, 0xff, 0xfa, 0x78, 0xcf, 0xff, 0x60, 0xb,
    0xff, 0xff, 0xff, 0xfe, 0x40, 0xa, 0xff, 0xff,
    0xff, 0xff, 0x60, 0x0, 0x6, 0xbe, 0xfe, 0xc7,
    0x0, 0x0, 0x4, 0xad, 0xff, 0xd8, 0x20, 0x0,

    /* U+00E7 "ç" */
    0x0, 0x0, 0x5b, 0xdf, 0xec, 0x70, 0x0, 0x0,
    0x2, 0xdf, 0xff, 0xff, 0xff, 0xe3, 0x0, 0x1,
    0xef, 0xff, 0xdb, 0xdf, 0xff, 0xf2, 0x0, 0xbf,
    0xfe, 0x30, 0x0, 0x3e, 0xff, 0xb0, 0x2f, 0xff,
    0x40, 0x0, 0x0, 0x3f, 0xff, 0x27, 0xff, 0xc0,
    0x0, 0x0, 0x0, 0x9a, 0xa3, 0xaf, 0xf8, 0x0,
    0x0, 0x0, 0x0, 0x0, 0xb, 0xff, 0x60, 0x0,
    0x0, 0x0, 0x0, 0x0, 0xbf, 0xf6, 0x0, 0x0,
    0x0, 0x0, 0x0, 0xa, 0xff, 0x80, 0x0, 0x0,
    0x0, 0x0, 0x0, 0x7f, 0xfc, 0x0, 0x0, 0x0,
    0xd, 0xee, 0x42, 0xff, 0xf4, 0x0, 0x0, 0x4,
    0xff, 0xf1, 0xb, 0xff, 0xe4, 0x0, 0x3, 0xef,
    0xfa, 0x0, 0x1e, 0xff, 0xfd, 0xbd, 0xff, 0xfe,
    0x10, 0x0, 0x2d, 0xff, 0xff, 0xff, 0xfd, 0x20,
    0x0, 0x0, 0x5, 0xbf, 0xff, 0xb6, 0x0, 0x0,
    0x0, 0x0, 0x1, 0xef, 0x50, 0x0, 0x0, 0x0,
    0x0, 0x0, 0xb, 0xff, 0xd1, 0x0, 0x0, 0x0,
    0x0, 0x0, 0x0, 0x8f, 0x80, 0x0, 0x0, 0x0,
    0x9, 0xa0, 0x7, 0xf9, 0x0, 0x0, 0x0, 0x0,
    0xcf, 0xed, 0xff, 0x40, 0x0, 0x0, 0x0, 0x1,
    0x9e, 0xfd, 0x50, 0x0, 0x0,

    /* U+00E8 "è" */
    0x0, 0x0, 0xcf, 0xf4, 0x0, 0x0, 0x0, 0x0,
    0x0, 0x3, 0xff, 0xc0, 0x0, 0x0, 0x0, 0x0,
    0x0, 0x8, 0xff, 0x30, 0x0, 0x0, 0x0, 0x0,
    0x0, 0xd, 0xfb, 0x0, 0x0, 0x0, 0x0, 0x0,
    0x0, 0x0, 0x0, 0x0, 0x0, 0x0, 0x0, 0x0,
    0x0, 0x0, 0x0, 0x0, 0x0, 0x0, 0x0, 0x6b,
    0xef, 0xda, 0x40, 0x0, 0x0, 0x2, 0xdf, 0xff,
    0xff, 0xff, 0xb0, 0x0, 0x1, 0xef, 0xff, 0xcb,
    0xdf, 0xff, 0xb0, 0x0, 0xbf, 0xfd, 0x20, 0x0,
    0x4e, 0xff, 0x60, 0x2f, 0xff, 0x20, 0x0, 0x0,
    0x5f, 0xfd, 0x7, 0xff, 0xb0, 0x0, 0x0, 0x0,
    0xff, 0xf2, 0xaf, 0xfa, 0x55, 0x55, 0x55, 0x5e,
    0xff, 0x5b, 0xff, 0xff, 0xff, 0xff, 0xff, 0xff,
    0xf6, 0xbf, 0xff, 0xff, 0xff, 0xff, 0xff, 0xff,
    0x7a, 0xff, 0x70, 0x0, 0x0, 0x0, 0x0, 0x0,
    0x7f, 0xfa, 0x0, 0x0, 0x0, 0x0, 0x0, 0x2,
    0xff, 0xf1, 0x0, 0x0, 0x2, 0xdd, 0xd1, 0xb,
    0xff, 0xd2, 0x0, 0x2, 0xdf, 0xfb, 0x0, 0x1e,
    0xff, 0xfc, 0xbc, 0xff, 0xfe, 0x10, 0x0, 0x2d,
    0xff, 0xff, 0xff, 0xfd, 0x20, 0x0, 0x0, 0x6,
    0xbe, 0xfe, 0xc6, 0x0, 0x0,

    /* U+00E9 "é" */
    0x0, 0x0, 0x0, 0x3, 0xff, 0xc0, 0x0, 0x0,
    0x0, 0x0, 0x0, 0xaf, 0xf4, 0x0, 0x0, 0x0,
    0x0, 0x0, 0x2f, 0xf9, 0x0, 0x0, 0x0, 0x0,
    0x0, 0x9, 0xfe, 0x0, 0x0, 0x0, 0x0, 0x0,
    0x0, 0x0, 0x0, 0x0, 0x0, 0x0, 0x0, 0x0,
    0x0, 0x0, 0x0, 0x0, 0x0, 0x0, 0x0, 0x6b,
    0xef, 0xda, 0x40, 0x0, 0x0, 0x2, 0xdf, 0xff,
    0xff, 0xff, 0xb0, 0x0, 0x1, 0xef, 0xff, 0xcb,
    0xdf, 0xff, 0xb0, 0x0, 0xbf, 0xfd, 0x20, 0x0,
    0x4e, 0xff, 0x60, 0x2f, 0xff, 0x20, 0x0, 0x0,
    0x5f, 0xfd, 0x7, 0xff, 0xb0, 0x0, 0x0, 0x0,
    0xff, 0xf2, 0xaf, 0xfa, 0x55, 0x55, 0x55, 0x5e,
    0xff, 0x5b, 0xff, 0xff, 0xff, 0xff, 0xff, 0xff,
    0xf6, 0xbf, 0xff, 0xff, 0xff, 0xff, 0xff, 0xff,
    0x7a, 0xff, 0x70, 0x0, 0x0, 0x0, 0x0, 0x0,
    0x7f, 0xfa, 0x0, 0x0, 0x0, 0x0, 0x0, 0x2,
    0xff, 0xf1, 0x0, 0x0, 0x2, 0xdd, 0xd1, 0xb,
    0xff, 0xd2, 0x0, 0x2, 0xdf, 0xfb, 0x0, 0x1e,
    0xff, 0xfc, 0xbc, 0xff, 0xfe, 0x10, 0x0, 0x2d,
    0xff, 0xff, 0xff, 0xfd, 0x20, 0x0, 0x0, 0x6,
    0xbe, 0xfe, 0xc6, 0x0, 0x0,

    /* U+00EA "ê" */
    0x0, 0x0, 0x5, 0xff, 0xf6, 0x0, 0x0, 0x0,
    0x0, 0x1, 0xef, 0xef, 0xf1, 0x0, 0x0, 0x0,
    0x0, 0x9f, 0xd0, 0xcf, 0xa0, 0x0, 0x0, 0x0,
    0x3f, 0xf3, 0x2, 0xff, 0x40, 0x0, 0x0, 0x3,
    0x64, 0x0, 0x4, 0x63, 0x0, 0x0, 0x0, 0x0,
    0x0, 0x0, 0x0, 0x0, 0x0, 0x0, 0x0, 0x6b,
    0xef, 0xda, 0x40, 0x0, 0x0, 0x2, 0xdf, 0xff,
    0xff, 0xff, 0xb0, 0x0, 0x1, 0xef, 0xff, 0xcb,
    0xdf, 0xff, 0xb0, 0x0, 0xbf, 0xfd, 0x20, 0x0,
    0x4e, 0xff, 0x60, 0x2f, 0xff, 0x20, 0x0, 0x0,
    0x5f, 0xfd, 0x7, 0xff, 0xb0, 0x0, 0x0, 0x0,
    0xff, 0xf2, 0xaf, 0xfa, 0x55, 0x55, 0x55, 0x5e,
    0xff, 0x5b, 0xff, 0xff, 0xff, 0xff, 0xff, 0xff,
    0xf6, 0xbf, 0xff, 0xff, 0xff, 0xff, 0xff, 0xff,
    0x7a, 0xff, 0x70, 0x0, 0x0, 0x0, 0x0, 0x0,
    0x7f, 0xfa, 0x0, 0x0, 0x0, 0x0, 0x0, 0x2,
    0xff, 0xf1, 0x0, 0x0, 0x2, 0xdd, 0xd1, 0xb,
    0xff, 0xd2, 0x0, 0x2, 0xdf, 0xfb, 0x0, 0x1e,
    0xff, 0xfc, 0xbc, 0xff, 0xfe, 0x10, 0x0, 0x2d,
    0xff, 0xff, 0xff, 0xfd, 0x20, 0x0, 0x0, 0x6,
    0xbe, 0xfe, 0xc6, 0x0, 0x0,

    /* U+00EB "ë" */
    0x0, 0xb, 0xff, 0x50, 0x4f, 0xfd, 0x0, 0x0,
    0x0, 0xbf, 0xf5, 0x4, 0xff, 0xd0, 0x0, 0x0,
    0xb, 0xff, 0x50, 0x4f, 0xfd, 0x0, 0x0, 0x0,
    0x12, 0x20, 0x0, 0x22, 0x10, 0x0, 0x0, 0x0,
    0x0, 0x0, 0x0, 0x0, 0x0, 0x0, 0x0, 0x6,
    0xbe, 0xfd, 0xa4, 0x0, 0x0, 0x0, 0x2d, 0xff,
    0xff, 0xff, 0xfb, 0x0, 0x0, 0x1e, 0xff, 0xfc,
    0xbd, 0xff, 0xfb, 0x0, 0xb, 0xff, 0xd2, 0x0,
    0x4, 0xef, 0xf6, 0x2, 0xff, 0xf2, 0x0, 0x0,
    0x5, 0xff, 0xd0, 0x7f, 0xfb, 0x0, 0x0, 0x0,
    0xf, 0xff, 0x2a, 0xff, 0xa5, 0x55, 0x55, 0x55,
    0xef, 0xf5, 0xbf, 0xff, 0xff, 0xff, 0xff, 0xff,
    0xff, 0x6b, 0xff, 0xff, 0xff, 0xff, 0xff, 0xff,
    0xf7, 0xaf, 0xf7, 0x0, 0x0, 0x0, 0x0, 0x0,
    0x7, 0xff, 0xa0, 0x0, 0x0, 0x0, 0x0, 0x0,
    0x2f, 0xff, 0x10, 0x0, 0x0, 0x2d, 0xdd, 0x10,
    0xbf, 0xfd, 0x20, 0x0, 0x2d, 0xff, 0xb0, 0x1,
    0xef, 0xff, 0xcb, 0xcf, 0xff, 0xe1, 0x0, 0x2,
    0xdf, 0xff, 0xff, 0xff, 0xd2, 0x0, 0x0, 0x0,
    0x6b, 0xef, 0xec, 0x60, 0x0, 0x0,

    /* U+00EC "ì" */
    0x9f, 0xf8, 0x0, 0xe, 0xfe, 0x0, 0x4, 0xff,
    0x70, 0x0, 0x9f, 0xd0, 0x0, 0x0, 0x0, 0x0,
    0xdf, 0xf4, 0x0, 0xdf, 0xf4, 0x0, 0xdf, 0xf4,
    0x0, 0xdf, 0xf4, 0x0, 0xdf, 0xf4, 0x0, 0xdf,
    0xf4, 0x0, 0xdf, 0xf4, 0x0, 0xdf, 0xf4, 0x0,
    0xdf, 0xf4, 0x0, 0xdf, 0xf4, 0x0, 0xdf, 0xf4,
    0x0, 0xdf, 0xf4, 0x0, 0xdf, 0xf4, 0x0, 0xdf,
    0xf4, 0x0, 0xdf, 0xf4, 0x0, 0xdf, 0xf4,

    /* U+00ED "í" */
    0x1, 0xff, 0xf1, 0x8, 0xff, 0x60, 0xe, 0xfb,
    0x0, 0x6f, 0xe1, 0x0, 0x0, 0x0, 0x0, 0xdf,
    0xf4, 0x0, 0xdf, 0xf4, 0x0, 0xdf, 0xf4, 0x0,
    0xdf, 0xf4, 0x0, 0xdf, 0xf4, 0x0, 0xdf, 0xf4,
    0x0, 0xdf, 0xf4, 0x0, 0xdf, 0xf4, 0x0, 0xdf,
    0xf4, 0x0, 0xdf, 0xf4, 0x0, 0xdf, 0xf4, 0x0,
    0xdf, 0xf4, 0x0, 0xdf, 0xf4, 0x0, 0xdf, 0xf4,
    0x0, 0xdf, 0xf4, 0x0, 0xdf, 0xf4, 0x0,

    /* U+00EE "î" */
    0x0, 0x7, 0x88, 0x30, 0x0, 0xa, 0xfd, 0xfe,
    0x10, 0x6, 0xfd, 0x8, 0xfc, 0x2, 0xff, 0x30,
    0xc, 0xf8, 0x1, 0x10, 0x0, 0x1, 0x10, 0x0,
    0x0, 0x0, 0x0, 0x0, 0xd, 0xff, 0x40, 0x0,
    0x0, 0xdf, 0xf4, 0x0, 0x0, 0xd, 0xff, 0x40,
    0x0, 0x0, 0xdf, 0xf4, 0x0, 0x0, 0xd, 0xff,
    0x40, 0x0, 0x0, 0xdf, 0xf4, 0x0, 0x0, 0xd,
    0xff, 0x40, 0x0, 0x0, 0xdf, 0xf4, 0x0, 0x0,
    0xd, 0xff, 0x40, 0x0, 0x0, 0xdf, 0xf4, 0x0,
    0x0, 0xd, 0xff, 0x40, 0x0, 0x0, 0xdf, 0xf4,
    0x0, 0x0, 0xd, 0xff, 0x40, 0x0, 0x0, 0xdf,
    0xf4, 0x0, 0x0, 0xd, 0xff, 0x40, 0x0, 0x0,
    0xdf, 0xf4, 0x0,

    /* U+00EF "ï" */
    0x9f, 0xf2, 0xbf, 0xf0, 0x9f, 0xf2, 0xbf, 0xf0,
    0x9f, 0xf2, 0xbf, 0xf0, 0x11, 0x10, 0x11, 0x10,
    0x0, 0x0, 0x0, 0x0, 0x0, 0xdf, 0xf4, 0x0,
    0x0, 0xdf, 0xf4, 0x0, 0x0, 0xdf, 0xf4, 0x0,
    0x0, 0xdf, 0xf4, 0x0, 0x0, 0xdf, 0xf4, 0x0,
    0x0, 0xdf, 0xf4, 0x0, 0x0, 0xdf, 0xf4, 0x0,
    0x0, 0xdf, 0xf4, 0x0, 0x0, 0xdf, 0xf4, 0x0,
    0x0, 0xdf, 0xf4, 0x0, 0x0, 0xdf, 0xf4, 0x0,
    0x0, 0xdf, 0xf4, 0x0, 0x0, 0xdf, 0xf4, 0x0,
    0x0, 0xdf, 0xf4, 0x0, 0x0, 0xdf, 0xf4, 0x0,
    0x0, 0xdf, 0xf4, 0x0,

    /* U+00F0 "ð" */
    0x0, 0x0, 0x48, 0x51, 0x0, 0x0, 0x0, 0x0,
    0x0, 0x0, 0xbf, 0xff, 0xa2, 0x1, 0x6c, 0x80,
    0x0, 0x0, 0xdf, 0xff, 0xff, 0xff, 0xff, 0xd0,
    0x0, 0x0, 0x0, 0x6f, 0xff, 0xff, 0xc6, 0x0,
    0x0, 0x0, 0x9, 0xff, 0xff, 0xff, 0x50, 0x0,
    0x0, 0x0, 0x7, 0xfa, 0x42, 0xff, 0xe0, 0x0,
    0x0, 0x0, 0x1, 0x10, 0x0, 0x6f, 0xf7, 0x0,
    0x0, 0x1, 0x6c, 0xef, 0xea, 0x4e, 0xfd, 0x0,
    0x0, 0x4e, 0xff, 0xff, 0xff, 0xff, 0xff, 0x20,
    0x3, 0xff, 0xff, 0xcb, 0xcf, 0xff, 0xff, 0x60,
    0xe, 0xff, 0xd2, 0x0, 0x2, 0xcf, 0xff, 0x80,
    0x4f, 0xff, 0x20, 0x0, 0x0, 0x1f, 0xff, 0xe0,
    0x9f, 0xfa, 0x0, 0x0, 0x0, 0xa, 0xff, 0xf0,
    0xaf, 0xf7, 0x0, 0x0, 0x0, 0x6, 0xff, 0xf0,
    0xcf, 0xf6, 0x0, 0x0, 0x0, 0x6, 0xff, 0xc0,
    0xaf, 0xf7, 0x0, 0x0, 0x0, 0x7, 0xff, 0xb0,
    0x9f, 0xfb, 0x0, 0x0, 0x0, 0xa, 0xff, 0x80,
    0x4f, 0xff, 0x20, 0x0, 0x0, 0x2f, 0xff, 0x40,
    0xd, 0xff, 0xd2, 0x0, 0x2, 0xdf, 0xfd, 0x0,
    0x3, 0xff, 0xff, 0xcb, 0xcf, 0xff, 0xf3, 0x0,
    0x0, 0x4e, 0xff, 0xff, 0xff, 0xfe, 0x40, 0x0,
    0x0, 0x1, 0x6c, 0xef, 0xec, 0x71, 0x0, 0x0,

    /* U+00F1 "ñ" */
    0x0, 0x0, 0x0, 0x0, 0x3, 0x81, 0x0, 0x1,
    0xaf, 0xea, 0x30, 0xbf, 0x10, 0x0, 0xbf, 0xff,
    0xff, 0xff, 0xb0, 0x0, 0xf, 0xc1, 0x29, 0xef,
    0xb1, 0x0, 0x0, 0x0, 0x0, 0x0, 0x0, 0x0,
    0x0, 0x0, 0x0, 0x0, 0x0, 0x0, 0x0, 0xdf,
    0xf0, 0x8, 0xdf, 0xeb, 0x40, 0xd, 0xff, 0x1d,
    0xff, 0xff, 0xff, 0x60, 0xdf, 0xfb, 0xfe, 0xab,
    0xff, 0xff, 0x2d, 0xff, 0xf8, 0x0, 0x2, 0xef,
    0xf8, 0xdf, 0xfc, 0x0, 0x0, 0x7, 0xff, 0xdd,
    0xff, 0x60, 0x0, 0x0, 0x3f, 0xfe, 0xdf, 0xf4,
    0x0, 0x0, 0x2, 0xff, 0xfd, 0xff, 0x40, 0x0,
    0x0, 0x1f, 0xff, 0xdf, 0xf4, 0x0, 0x0, 0x1,
    0xff, 0xfd, 0xff, 0x40, 0x0, 0x0, 0x1f, 0xff,
    0xdf, 0xf4, 0x0, 0x0, 0x1, 0xff, 0xfd, 0xff,
    0x40, 0x0, 0x0, 0x1f, 0xff, 0xdf, 0xf4, 0x0,
    0x0, 0x1, 0xff, 0xfd, 0xff, 0x40, 0x0, 0x0,
    0x1f, 0xff, 0xdf, 0xf4, 0x0, 0x0, 0x1, 0xff,
    0xfd, 0xff, 0x40, 0x0, 0x0, 0x1f, 0xff,

    /* U+00F2 "ò" */
    0x0, 0x0, 0xcf, 0xf4, 0x0, 0x0, 0x0, 0x0,
    0x0, 0x3, 0xff, 0xc0, 0x0, 0x0, 0x0, 0x0,
    0x0, 0x8, 0xff, 0x30, 0x0, 0x0, 0x0, 0x0,
    0x0, 0xd, 0xfb, 0x0, 0x0, 0x0, 0x0, 0x0,
    0x0, 0x0, 0x0, 0x0, 0x0, 0x0, 0x0, 0x0,
    0x0, 0x0, 0x0, 0x0, 0x0, 0x0, 0x0, 0x5b,
    0xdf, 0xeb, 0x50, 0x0, 0x0, 0x2, 0xdf, 0xff,
    0xff, 0xff, 0xd2, 0x0, 0x1, 0xef, 0xff, 0xdb,
    0xdf, 0xff, 0xe1, 0x0, 0xbf, 0xfe, 0x30, 0x0,
    0x3e, 0xff, 0xb0, 0x2f, 0xff, 0x40, 0x0, 0x0,
    0x3f, 0xff, 0x27, 0xff, 0xc0, 0x0, 0x0, 0x0,
    0xbf, 0xf8, 0xaf, 0xf8, 0x0, 0x0, 0x0, 0x7,
    0xff, 0xab, 0xff, 0x60, 0x0, 0x0, 0x0, 0x6f,
    0xfc, 0xbf, 0xf6, 0x0, 0x0, 0x0, 0x6, 0xff,
    0xca, 0xff, 0x80, 0x0, 0x0, 0x0, 0x7f, 0xfa,
    0x7f, 0xfc, 0x0, 0x0, 0x0, 0xb, 0xff, 0x82,
    0xff, 0xf4, 0x0, 0x0, 0x3, 0xff, 0xf2, 0xb,
    0xff, 0xe4, 0x0, 0x3, 0xef, 0xfb, 0x0, 0x1e,
    0xff, 0xfd, 0xbd, 0xff, 0xff, 0x10, 0x0, 0x2d,
    0xff, 0xff, 0xff, 0xfd, 0x20, 0x0, 0x0, 0x5,
    0xbe, 0xfe, 0xb6, 0x0, 0x0,

    /* U+00F3 "ó" */
    0x0, 0x0, 0x0, 0x3, 0xff, 0xc0, 0x0, 0x0,
    0x0, 0x0, 0x0, 0xaf, 0xf4, 0x0, 0x0, 0x0,
    0x0, 0x0, 0x2f, 0xf9, 0x0, 0x0, 0x0, 0x0,
    0x0, 0x9, 0xfe, 0x0, 0x0, 0x0, 0x0, 0x0,
    0x0, 0x0, 0x0, 0x0, 0x0, 0x0, 0x0, 0x0,
    0x0, 0x0, 0x0, 0x0, 0x0, 0x0, 0x0, 0x5b,
    0xdf, 0xeb, 0x50, 0x0, 0x0, 0x2, 0xdf, 0xff,
    0xff, 0xff, 0xd2, 0x0, 0x1, 0xef, 0xff, 0xdb,
    0xdf, 0xff, 0xe1, 0x0, 0xbf, 0xfe, 0x30, 0x0,
    0x3e, 0xff, 0xb0, 0x2f, 0xff, 0x40, 0x0, 0x0,
    0x3f, 0xff, 0x27, 0xff, 0xc0, 0x0, 0x0, 0x0,
    0xbf, 0xf8, 0xaf, 0xf8, 0x0, 0x0, 0x0, 0x7,
    0xff, 0xab, 0xff, 0x60, 0x0, 0x0, 0x0, 0x6f,
    0xfc, 0xbf, 0xf6, 0x0, 0x0, 0x0, 0x6, 0xff,
    0xca, 0xff, 0x80, 0x0, 0x0, 0x0, 0x7f, 0xfa,
    0x7f, 0xfc, 0x0, 0x0, 0x0, 0xb, 0xff, 0x82,
    0xff, 0xf4, 0x0, 0x0, 0x3, 0xff, 0xf2, 0xb,
    0xff, 0xe4, 0x0, 0x3, 0xef, 0xfb, 0x0, 0x1e,
    0xff, 0xfd, 0xbd, 0xff, 0xff, 0x10, 0x0, 0x2d,
    0xff, 0xff, 0xff, 0xfd, 0x20, 0x0, 0x0, 0x5,
    0xbe, 0xfe, 0xb6, 0x0, 0x0,

    /* U+00F4 "ô" */
    0x0, 0x0, 0x6, 0xff, 0xf6, 0x0, 0x0, 0x0,
    0x0, 0x1, 0xef, 0xef, 0xf1, 0x0, 0x0, 0x0,
    0x0, 0x9f, 0xc0, 0xcf, 0xa0, 0x0, 0x0, 0x0,
    0x3f, 0xf2, 0x2, 0xff, 0x40, 0x0, 0x0, 0x3,
    0x53, 0x0, 0x3, 0x53, 0x0, 0x0, 0x0, 0x0,
    0x0, 0x0, 0x0, 0x0, 0x0, 0x0, 0x0, 0x5b,
    0xdf, 0xeb, 0x50, 0x0, 0x0, 0x2, 0xdf, 0xff,
    0xff, 0xff, 0xd2, 0x0, 0x1, 0xef, 0xff, 0xdb,
    0xdf, 0xff, 0xe1, 0x0, 0xbf, 0xfe, 0x30, 0x0,
    0x3e, 0xff, 0xb0, 0x2f, 0xff, 0x40, 0x0, 0x0,
    0x3f, 0xff, 0x27, 0xff, 0xc0, 0x0, 0x0, 0x0,
    0xbf, 0xf8, 0xaf, 0xf8, 0x0, 0x0, 0x0, 0x7,
    0xff, 0xab, 0xff, 0x60, 0x0, 0x0, 0x0, 0x6f,
    0xfc, 0xbf, 0xf6, 0x0, 0x0, 0x0, 0x6, 0xff,
    0xca, 0xff, 0x80, 0x0, 0x0, 0x0, 0x7f, 0xfa,
    0x7f, 0xfc, 0x0, 0x0, 0x0, 0xb, 0xff, 0x82,
    0xff, 0xf4, 0x0, 0x0, 0x3, 0xff, 0xf2, 0xb,
    0xff, 0xe4, 0x0, 0x3, 0xef, 0xfb, 0x0, 0x1e,
    0xff, 0xfd, 0xbd, 0xff, 0xff, 0x10, 0x0, 0x2d,
    0xff, 0xff, 0xff, 0xfd, 0x20, 0x0, 0x0, 0x5,
    0xbe, 0xfe, 0xb6, 0x0, 0x0,

    /* U+00F5 "õ" */
    0x0, 0x0, 0x0, 0x0, 0x0, 0x9f, 0x20, 0x0,
    0x0, 0x2b, 0xfe, 0x93, 0x1d, 0xf0, 0x0, 0x0,
    0xc, 0xff, 0xff, 0xff, 0xf8, 0x0, 0x0, 0x1,
    0xfb, 0x2, 0x9e, 0xea, 0x0, 0x0, 0x0, 0x0,
    0x0, 0x0, 0x0, 0x0, 0x0, 0x0, 0x0, 0x0,
    0x0, 0x0, 0x0, 0x0, 0x0, 0x0, 0x0, 0x5b,
    0xdf, 0xeb, 0x50, 0x0, 0x0, 0x2, 0xdf, 0xff,
    0xff, 0xff, 0xd2, 0x0, 0x1, 0xef, 0xff, 0xdb,
    0xdf, 0xff, 0xe1, 0x0, 0xbf, 0xfe, 0x30, 0x0,
    0x3e, 0xff, 0xb0, 0x2f, 0xff, 0x40, 0x0, 0x0,
    0x3f, 0xff, 0x27, 0xff, 0xc0, 0x0, 0x0, 0x0,
    0xbf, 0xf8, 0xaf, 0xf8, 0x0, 0x0, 0x0, 0x7,
    0xff, 0xab, 0xff, 0x60, 0x0, 0x0, 0x0, 0x6f,
    0xfc, 0xbf, 0xf6, 0x0, 0x0, 0x0, 0x6, 0xff,
    0xca, 0xff, 0x80, 0x0, 0x0, 0x0, 0x7f, 0xfa,
    0x7f, 0xfc, 0x0, 0x0, 0x0, 0xb, 0xff, 0x82,
    0xff, 0xf4, 0x0, 0x0, 0x3, 0xff, 0xf2, 0xb,
    0xff, 0xe4, 0x0, 0x3, 0xef, 0xfb, 0x0, 0x1e,
    0xff, 0xfd, 0xbd, 0xff, 0xff, 0x10, 0x0, 0x2d,
    0xff, 0xff, 0xff, 0xfd, 0x20, 0x0, 0x0, 0x5,
    0xbe, 0xfe, 0xb6, 0x0, 0x0,

    /* U+00F6 "ö" */
    0x0, 0xb, 0xff, 0x50, 0x4f, 0xfd, 0x0, 0x0,
    0x0, 0xbf, 0xf5, 0x4, 0xff, 0xd0, 0x0, 0x0,
    0xb, 0xff, 0x50, 0x4f, 0xfd, 0x0, 0x0, 0x0,
    0x11, 0x10, 0x0, 0x11, 0x10, 0x0, 0x0, 0x0,
    0x0, 0x0, 0x0, 0x0, 0x0, 0x0, 0x0, 0x5,
    0xbd, 0xfe, 0xb5, 0x0, 0x0, 0x0, 0x2d, 0xff,
    0xff, 0xff, 0xfd, 0x20, 0x0, 0x1e, 0xff, 0xfd,
    0xbd, 0xff, 0xfe, 0x10, 0xb, 0xff, 0xe3, 0x0,
    0x3, 0xef, 0xfb, 0x2, 0xff, 0xf4, 0x0, 0x0,
    0x3, 0xff, 0xf2, 0x7f, 0xfc, 0x0, 0x0, 0x0,
    0xb, 0xff, 0x8a, 0xff, 0x80, 0x0, 0x0, 0x0,
    0x7f, 0xfa, 0xbf, 0xf6, 0x0, 0x0, 0x0, 0x6,
    0xff, 0xcb, 0xff, 0x60, 0x0, 0x0, 0x0, 0x6f,
    0xfc, 0xaf, 0xf8, 0x0, 0x0, 0x0, 0x7, 0xff,
    0xa7, 0xff, 0xc0, 0x0, 0x0, 0x0, 0xbf, 0xf8,
    0x2f, 0xff, 0x40, 0x0, 0x0, 0x3f, 0xff, 0x20,
    0xbf, 0xfe, 0x40, 0x0, 0x3e, 0xff, 0xb0, 0x1,
    0xef, 0xff, 0xdb, 0xdf, 0xff, 0xf1, 0x0, 0x2,
    0xdf, 0xff, 0xff, 0xff, 0xd2, 0x0, 0x0, 0x0,
    0x5b, 0xef, 0xeb, 0x60, 0x0, 0x0,

    /* U+00F7 "÷" */
    0x0, 0x0, 0x6, 0xee, 0x40, 0x0, 0x0, 0x0,
    0x0, 0xf, 0xff, 0xd0, 0x0, 0x0, 0x0, 0x0,
    0xf, 0xff, 0xd0, 0x0, 0x0, 0x0, 0x0, 0x6,
    0xee, 0x50, 0x0, 0x0, 0x0, 0x0, 0x0, 0x0,
    0x0, 0x0, 0x0, 0x0, 0x0, 0x0, 0x0, 0x0,
    0x0, 0x0, 0xdf, 0xff, 0xff, 0xff, 0xff, 0xff,
    0xfb, 0xdf, 0xff, 0xff, 0xff, 0xff, 0xff, 0xfb,
    0x8a, 0xaa, 0xaa, 0xaa, 0xaa, 0xaa, 0xa7, 0x0,
    0x0, 0x0, 0x0, 0x0, 0x0, 0x0, 0x0, 0x0,
    0x0, 0x0, 0x0, 0x0, 0x0, 0x0, 0x0, 0x6,
    0xee, 0x40, 0x0, 0x0, 0x0, 0x0, 0xf, 0xff,
    0xd0, 0x0, 0x0, 0x0, 0x0, 0xf, 0xff, 0xd0,
    0x0, 0x0, 0x0, 0x0, 0x6, 0xee, 0x40, 0x0,
    0x0,

    /* U+00F8 "ø" */
    0x0, 0x0, 0x5b, 0xdf, 0xeb, 0x57, 0xfd, 0x0,
    0x2, 0xdf, 0xff, 0xff, 0xff, 0xff, 0x30, 0x1,
    0xef, 0xff, 0xdb, 0xdf, 0xff, 0xf1, 0x0, 0xbf,
    0xfe, 0x30, 0x0, 0xbf, 0xff, 0xb0, 0x2f, 0xff,
    0x40, 0x0, 0x3f, 0xff, 0xff, 0x27, 0xff, 0xc0,
    0x0, 0xd, 0xf6, 0xbf, 0xf8, 0xaf, 0xf8, 0x0,
    0x9, 0xfb, 0x7, 0xff, 0xab, 0xff, 0x60, 0x4,
    0xfe, 0x10, 0x6f, 0xfc, 0xbf, 0xf6, 0x1, 0xef,
    0x50, 0x6, 0xff, 0xca, 0xff, 0x80, 0xaf, 0xa0,
    0x0, 0x7f, 0xfa, 0x7f, 0xfc, 0x6f, 0xe1, 0x0,
    0xb, 0xff, 0x82, 0xff, 0xff, 0xf4, 0x0, 0x3,
    0xff, 0xf2, 0xb, 0xff, 0xfc, 0x0, 0x3, 0xef,
    0xfb, 0x0, 0x1f, 0xff, 0xfd, 0xbd, 0xff, 0xff,
    0x10, 0x2, 0xff, 0xff, 0xff, 0xff, 0xfd, 0x20,
    0x0, 0xdf, 0x85, 0xbe, 0xfe, 0xb6, 0x0, 0x0,

    /* U+00F9 "ù" */
    0x0, 0xd, 0xfe, 0x20, 0x0, 0x0, 0x0, 0x0,
    0x4f, 0xfa, 0x0, 0x0, 0x0, 0x0, 0x0, 0xaf,
    0xf1, 0x0, 0x0, 0x0, 0x0, 0x1, 0xef, 0x90,
    0x0, 0x0, 0x0, 0x0, 0x0, 0x0, 0x0, 0x0,
    0x0, 0x0, 0x0, 0x0, 0x0, 0x0, 0x0, 0xdf,
    0xf4, 0x0, 0x0, 0x4, 0xff, 0xdd, 0xff, 0x40,
    0x0, 0x0, 0x4f, 0xfd, 0xdf, 0xf4, 0x0, 0x0,
    0x4, 0xff, 0xdd, 0xff, 0x40, 0x0, 0x0, 0x4f,
    0xfd, 0xdf, 0xf4, 0x0, 0x0, 0x4, 0xff, 0xdd,
    0xff, 0x40, 0x0, 0x0, 0x4f, 0xfd, 0xdf, 0xf4,
    0x0, 0x0, 0x4, 0xff, 0xdd, 0xff, 0x40, 0x0,
    0x0, 0x4f, 0xfd, 0xdf, 0xf4, 0x0, 0x0, 0x4,
    0xff, 0xdd, 0xff, 0x40, 0x0, 0x0, 0x4f, 0xfd,
    0xcf, 0xf5, 0x0, 0x0, 0x6, 0xff, 0xdb, 0xff,
    0x80, 0x0, 0x0, 0xdf, 0xfd, 0x7f, 0xff, 0x30,
    0x0, 0x7f, 0xff, 0xd1, 0xff, 0xff, 0xca, 0xdf,
    0xbf, 0xfd, 0x5, 0xff, 0xff, 0xff, 0xd2, 0xff,
    0xd0, 0x3, 0xbe, 0xfd, 0x81, 0xf, 0xfd,

    /* U+00FA "ú" */
    0x0, 0x0, 0x0, 0x5f, 0xfb, 0x0, 0x0, 0x0,
    0x0, 0xc, 0xff, 0x20, 0x0, 0x0, 0x0, 0x4,
    0xff, 0x70, 0x0, 0x0, 0x0, 0x0, 0xbf, 0xc0,
    0x0, 0x0, 0x0, 0x0, 0x0, 0x0, 0x0, 0x0,
    0x0, 0x0, 0x0, 0x0, 0x0, 0x0, 0x0, 0xdf,
    0xf4, 0x0, 0x0, 0x4, 0xff, 0xdd, 0xff, 0x40,
    0x0, 0x0, 0x4f, 0xfd, 0xdf, 0xf4, 0x0, 0x0,
    0x4, 0xff, 0xdd, 0xff, 0x40, 0x0, 0x0, 0x4f,
    0xfd, 0xdf, 0xf4, 0x0, 0x0, 0x4, 0xff, 0xdd,
    0xff, 0x40, 0x0, 0x0, 0x4f, 0xfd, 0xdf, 0xf4,
    0x0, 0x0, 0x4, 0xff, 0xdd, 0xff, 0x40, 0x0,
    0x0, 0x4f, 0xfd, 0xdf, 0xf4, 0x0, 0x0, 0x4,
    0xff, 0xdd, 0xff, 0x40, 0x0, 0x0, 0x4f, 0xfd,
    0xcf, 0xf5, 0x0, 0x0, 0x6, 0xff, 0xdb, 0xff,
    0x80, 0x0, 0x0, 0xdf, 0xfd, 0x7f, 0xff, 0x30,
    0x0, 0x7f, 0xff, 0xd1, 0xff, 0xff, 0xca, 0xdf,
    0xbf, 0xfd, 0x5, 0xff, 0xff, 0xff, 0xd2, 0xff,
    0xd0, 0x3, 0xbe, 0xfd, 0x81, 0xf, 0xfd,

    /* U+00FB "û" */
    0x0, 0x0, 0x8f, 0xff, 0x50, 0x0, 0x0, 0x0,
    0x3f, 0xfd, 0xfe, 0x10, 0x0, 0x0, 0xc, 0xfa,
    0xc, 0xfa, 0x0, 0x0, 0x7, 0xfd, 0x0, 0x2f,
    0xf4, 0x0, 0x0, 0x11, 0x0, 0x0, 0x1, 0x0,
    0x0, 0x0, 0x0, 0x0, 0x0, 0x0, 0x0, 0xdf,
    0xf4, 0x0, 0x0, 0x4, 0xff, 0xdd, 0xff, 0x40,
    0x0, 0x0, 0x4f, 0xfd, 0xdf, 0xf4, 0x0, 0x0,
    0x4, 0xff, 0xdd, 0xff, 0x40, 0x0, 0x0, 0x4f,
    0xfd, 0xdf, 0xf4, 0x0, 0x0, 0x4, 0xff, 0xdd,
    0xff, 0x40, 0x0, 0x0, 0x4f, 0xfd, 0xdf, 0xf4,
    0x0, 0x0, 0x4, 0xff, 0xdd, 0xff, 0x40, 0x0,
    0x0, 0x4f, 0xfd, 0xdf, 0xf4, 0x0, 0x0, 0x4,
    0xff, 0xdd, 0xff, 0x40, 0x0, 0x0, 0x4f, 0xfd,
    0xcf, 0xf5, 0x0, 0x0, 0x6, 0xff, 0xdb, 0xff,
    0x80, 0x0, 0x0, 0xdf, 0xfd, 0x7f, 0xff, 0x30,
    0x0, 0x7f, 0xff, 0xd1, 0xff, 0xff, 0xca, 0xdf,
    0xbf, 0xfd, 0x5, 0xff, 0xff, 0xff, 0xd2, 0xff,
    0xd0, 0x3, 0xbe, 0xfd, 0x81, 0xf, 0xfd,

    /* U+00FC "ü" */
    0x0, 0xdf, 0xf3, 0x7, 0xff, 0xa0, 0x0, 0xd,
    0xff, 0x30, 0x7f, 0xfa, 0x0, 0x0, 0xdf, 0xf3,
    0x7, 0xff, 0xa0, 0x0, 0x1, 0x11, 0x0, 0x1,
    0x11, 0x0, 0x0, 0x0, 0x0, 0x0, 0x0, 0x0,
    0xd, 0xff, 0x40, 0x0, 0x0, 0x4f, 0xfd, 0xdf,
    0xf4, 0x0, 0x0, 0x4, 0xff, 0xdd, 0xff, 0x40,
    0x0, 0x0, 0x4f, 0xfd, 0xdf, 0xf4, 0x0, 0x0,
    0x4, 0xff, 0xdd, 0xff, 0x40, 0x0, 0x0, 0x4f,
    0xfd, 0xdf, 0xf4, 0x0, 0x0, 0x4, 0xff, 0xdd,
    0xff, 0x40, 0x0, 0x0, 0x4f, 0xfd, 0xdf, 0xf4,
    0x0, 0x0, 0x4, 0xff, 0xdd, 0xff, 0x40, 0x0,
    0x0, 0x4f, 0xfd, 0xdf, 0xf4, 0x0, 0x0, 0x4,
    0xff, 0xdc, 0xff, 0x50, 0x0, 0x0, 0x6f, 0xfd,
    0xbf, 0xf8, 0x0, 0x0, 0xd, 0xff, 0xd7, 0xff,
    0xf3, 0x0, 0x7, 0xff, 0xfd, 0x1f, 0xff, 0xfc,
    0xad, 0xfb, 0xff, 0xd0, 0x5f, 0xff, 0xff, 0xfd,
    0x2f, 0xfd, 0x0, 0x3b, 0xef, 0xd8, 0x10, 0xff,
    0xd0,

    /* U+00FD "ý" */
    0x0, 0x0, 0x0, 0x0, 0xaf, 0xf6, 0x0, 0x0,
    0x0, 0x0, 0x0, 0x2, 0xff, 0xc0, 0x0, 0x0,
    0x0, 0x0, 0x0, 0xa, 0xff, 0x20, 0x0, 0x0,
    0x0, 0x0, 0x0, 0x1f, 0xf7, 0x0, 0x0, 0x0,
    0x0, 0x0, 0x0, 0x0, 0x0, 0x0, 0x0, 0x0,
    0x0, 0x0, 0x0, 0x0, 0x0, 0x0, 0x0, 0x0,
    0x3f, 0xff, 0x10, 0x0, 0x0, 0x0, 0xff, 0xf3,
    0xd, 0xff, 0x60, 0x0, 0x0, 0x5, 0xff, 0xe0,
    0x7, 0xff, 0xb0, 0x0, 0x0, 0x9, 0xff, 0x80,
    0x2, 0xff, 0xf0, 0x0, 0x0, 0xe, 0xff, 0x30,
    0x0, 0xcf, 0xf5, 0x0, 0x0, 0x3f, 0xfd, 0x0,
    0x0, 0x7f, 0xfa, 0x0, 0x0, 0x8f, 0xf7, 0x0,
    0x0, 0x1f, 0xff, 0x0, 0x0, 0xdf, 0xf2, 0x0,
    0x0, 0xc, 0xff, 0x50, 0x2, 0xff, 0xc0, 0x0,
    0x0, 0x6, 0xff, 0xa0, 0x7, 0xff, 0x60, 0x0,
    0x0, 0x1, 0xff, 0xf0, 0xc, 0xff, 0x10, 0x0,
    0x0, 0x0, 0xbf, 0xf5, 0x1f, 0xfb, 0x0, 0x0,
    0x0, 0x0, 0x5f, 0xfa, 0x6f, 0xf5, 0x0, 0x0,
    0x0, 0x0, 0xf, 0xff, 0xcf, 0xf0, 0x0, 0x0,
    0x0, 0x0, 0xa, 0xff, 0xff, 0xa0, 0x0, 0x0,
    0x0, 0x0, 0x5, 0xff, 0xff, 0x40, 0x0, 0x0,
    0x0, 0x0, 0x0, 0xff, 0xfe, 0x0, 0x0, 0x0,
    0x0, 0x0, 0x0, 0x2f, 0xf9, 0x0, 0x0, 0x0,
    0x0, 0x8, 0x89, 0xef, 0xf3, 0x0, 0x0, 0x0,
    0x0, 0xf, 0xff, 0xff, 0xb0, 0x0, 0x0, 0x0,
    0x0, 0xf, 0xff, 0xd8, 0x0, 0x0, 0x0, 0x0,

    /* U+00FE "þ" */
    0xdf, 0xf5, 0x0, 0x0, 0x0, 0x0, 0x0, 0xd,
    0xff, 0x50, 0x0, 0x0, 0x0, 0x0, 0x0, 0xdf,
    0xf5, 0x0, 0x0, 0x0, 0x0, 0x0, 0xd, 0xff,
    0x50, 0x0, 0x0, 0x0, 0x0, 0x0, 0xdf, 0xf5,
    0x0, 0x0, 0x0, 0x0, 0x0, 0xd, 0xff, 0x51,
    0x9d, 0xff, 0xc6, 0x0, 0x0, 0xdf, 0xf8, 0xff,
    0xff, 0xff, 0xfb, 0x0, 0xd, 0xff, 0xff, 0xfc,
    0xce, 0xff, 0xfb, 0x0, 0xdf, 0xff, 0xb1, 0x0,
    0x9, 0xff, 0xf4, 0xd, 0xff, 0xe0, 0x0, 0x0,
    0xb, 0xff, 0xb0, 0xdf, 0xf7, 0x0, 0x0, 0x0,
    0x4f, 0xff, 0xd, 0xff, 0x30, 0x0, 0x0, 0x0,
    0xff, 0xf3, 0xdf, 0xf1, 0x0, 0x0, 0x0, 0xe,
    0xff, 0x4d, 0xff, 0x10, 0x0, 0x0, 0x0, 0xef,
    0xf4, 0xdf, 0xf3, 0x0, 0x0, 0x0, 0xf, 0xff,
    0x3d, 0xff, 0x70, 0x0, 0x0, 0x4, 0xff, 0xf0,
    0xdf, 0xfe, 0x10, 0x0, 0x0, 0xcf, 0xfb, 0xd,
    0xff, 0xfc, 0x20, 0x1, 0xaf, 0xff, 0x40, 0xdf,
    0xff, 0xff, 0xed, 0xff, 0xff, 0xb0, 0xd, 0xff,
    0x8f, 0xff, 0xff, 0xff, 0xb0, 0x0, 0xdf, 0xf5,
    0x19, 0xdf, 0xfc, 0x60, 0x0, 0xd, 0xff, 0x50,
    0x0, 0x0, 0x0, 0x0, 0x0, 0xdf, 0xf5, 0x0,
    0x0, 0x0, 0x0, 0x0, 0xd, 0xff, 0x50, 0x0,
    0x0, 0x0, 0x0, 0x0, 0xdf, 0xf5, 0x0, 0x0,
    0x0, 0x0, 0x0, 0x0,

    /* U+00FF "ÿ" */
    0x0, 0x3, 0xff, 0xe0, 0xc, 0xff, 0x50, 0x0,
    0x0, 0x3, 0xff, 0xe0, 0xc, 0xff, 0x50, 0x0,
    0x0, 0x3, 0xff, 0xe0, 0xc, 0xff, 0x50, 0x0,
    0x0, 0x0, 0x11, 0x10, 0x1, 0x11, 0x0, 0x0,
    0x0, 0x0, 0x0, 0x0, 0x0, 0x0, 0x0, 0x0,
    0x3f, 0xff, 0x10, 0x0, 0x0, 0x0, 0xff, 0xf3,
    0xd, 0xff, 0x60, 0x0, 0x0, 0x5, 0xff, 0xe0,
    0x7, 0xff, 0xb0, 0x0, 0x0, 0x9, 0xff, 0x80,
    0x2, 0xff, 0xf0, 0x0, 0x0, 0xe, 0xff, 0x30,
    0x0, 0xcf, 0xf5, 0x0, 0x0, 0x3f, 0xfd, 0x0,
    0x0, 0x7f, 0xfa, 0x0, 0x0, 0x8f, 0xf7, 0x0,
    0x0, 0x1f, 0xff, 0x0, 0x0, 0xdf, 0xf2, 0x0,
    0x0, 0xc, 0xff, 0x50, 0x2, 0xff, 0xc0, 0x0,
    0x0, 0x6, 0xff, 0xa0, 0x7, 0xff, 0x60, 0x0,
    0x0, 0x1, 0xff, 0xf0, 0xc, 0xff, 0x10, 0x0,
    0x0, 0x0, 0xbf, 0xf5, 0x1f, 0xfb, 0x0, 0x0,
    0x0, 0x0, 0x5f, 0xfa, 0x6f, 0xf5, 0x0, 0x0,
    0x0, 0x0, 0xf, 0xff, 0xcf, 0xf0, 0x0, 0x0,
    0x0, 0x0, 0xa, 0xff, 0xff, 0xa0, 0x0, 0x0,
    0x0, 0x0, 0x5, 0xff, 0xff, 0x40, 0x0, 0x0,
    0x0, 0x0, 0x0, 0xff, 0xfe, 0x0, 0x0, 0x0,
    0x0, 0x0, 0x0, 0x2f, 0xf9, 0x0, 0x0, 0x0,
    0x0, 0x8, 0x89, 0xef, 0xf3, 0x0, 0x0, 0x0,
    0x0, 0xf, 0xff, 0xff, 0xb0, 0x0, 0x0, 0x0,
    0x0, 0xf, 0xff, 0xd8, 0x0, 0x0, 0x0, 0x0,

    /* U+0100 "Ā" */
    0x0, 0x0, 0x0, 0xff, 0xff, 0xff, 0xff, 0x0,
    0x0, 0x0, 0x0, 0x0, 0x0, 0xff, 0xff, 0xff,
    0xff, 0x0, 0x0, 0x0, 0x0, 0x0, 0x0, 0x88,
    0x88, 0x88, 0x88, 0x0, 0x0, 0x0, 0x0, 0x0,
    0x0, 0x0, 0x0, 0x0, 0x0, 0x0, 0x0, 0x0,
    0x0, 0x0, 0x0, 0x0, 0x0, 0x0, 0x0, 0x0,
    0x0, 0x0, 0x0, 0x0, 0x0, 0x2, 0xff, 0xff,
    0x20, 0x0, 0x0, 0x0, 0x0, 0x0, 0x0, 0x8,
    0xff, 0xff, 0x80, 0x0, 0x0, 0x0, 0x0, 0x0,
    0x0, 0xe, 0xff, 0xff, 0xd0, 0x0, 0x0, 0x0,
    0x0, 0x0, 0x0, 0x3f, 0xfd, 0xef, 0xf3, 0x0,
    0x0, 0x0, 0x0, 0x0, 0x0, 0x9f, 0xf8, 0x9f,
    0xf9, 0x0, 0x0, 0x0, 0x0, 0x0, 0x0, 0xef,
    0xf3, 0x4f, 0xfe, 0x0, 0x0, 0x0, 0x0, 0x0,
    0x4, 0xff, 0xd0, 0xe, 0xff, 0x40, 0x0, 0x0,
    0x0, 0x0, 0xa, 0xff, 0x80, 0x9, 0xff, 0xa0,
    0x0, 0x0, 0x0, 0x0, 0xf, 0xff, 0x30, 0x4,
    0xff, 0xf0, 0x0, 0x0, 0x0, 0x0, 0x5f, 0xfe,
    0x0, 0x0, 0xef, 0xf5, 0x0, 0x0, 0x0, 0x0,
    0xbf, 0xf9, 0x0, 0x0, 0x9f, 0xfb, 0x0, 0x0,
    0x0, 0x1, 0xff, 0xf3, 0x0, 0x0, 0x4f, 0xff,
    0x10, 0x0, 0x0, 0x6, 0xff, 0xe0, 0x0, 0x0,
    0xe, 0xff, 0x60, 0x0, 0x0, 0xc, 0xff, 0xff,
    0xff, 0xff, 0xff, 0xff, 0xc0, 0x0, 0x0, 0x2f,
    0xff, 0xff, 0xff, 0xff, 0xff, 0xff, 0xf1, 0x0,
    0x0, 0x7f, 0xff, 0xee, 0xee, 0xee, 0xee, 0xff,
    0xf7, 0x0, 0x0, 0xdf, 0xf8, 0x0, 0x0, 0x0,
    0x0, 0x9f, 0xfd, 0x0, 0x3, 0xff, 0xf2, 0x0,
    0x0, 0x0, 0x0, 0x3f, 0xff, 0x20, 0x8, 0xff,
    0xd0, 0x0, 0x0, 0x0, 0x0, 0xd, 0xff, 0x80,
    0xe, 0xff, 0x70, 0x0, 0x0, 0x0, 0x0, 0x7,
    0xff, 0xd0, 0x3f, 0xff, 0x10, 0x0, 0x0, 0x0,
    0x0, 0x2, 0xff, 0xf3,

    /* U+0101 "ā" */
    0x0, 0xc, 0xff, 0xff, 0xff, 0xf4, 0x0, 0x0,
    0x0, 0xcf, 0xff, 0xff, 0xff, 0x40, 0x0, 0x0,
    0x6, 0x88, 0x88, 0x88, 0x82, 0x0, 0x0, 0x0,
    0x0, 0x0, 0x0, 0x0, 0x0, 0x0, 0x0, 0x0,
    0x0, 0x0, 0x0, 0x0, 0x0, 0x0, 0x0, 0x29,
    0xdf, 0xfe, 0xa4, 0x0, 0x0, 0x0, 0x7f, 0xff,
    0xff, 0xff, 0xf9, 0x0, 0x0, 0x6f, 0xff, 0xeb,
    0xbe, 0xff, 0xf7, 0x0, 0xe, 0xff, 0x90, 0x0,
    0x8, 0xff, 0xf0, 0x5, 0xff, 0xe0, 0x0, 0x0,
    0xd, 0xff, 0x50, 0x12, 0x21, 0x0, 0x0, 0x0,
    0xaf, 0xf7, 0x0, 0x0, 0x0, 0x0, 0x36, 0x9d,
    0xff, 0x80, 0x0, 0x4, 0x9d, 0xff, 0xff, 0xff,
    0xf8, 0x0, 0x3d, 0xff, 0xff, 0xfe, 0xcd, 0xff,
    0x80, 0x2f, 0xff, 0xd8, 0x41, 0x0, 0x8f, 0xf8,
    0x9, 0xff, 0xc0, 0x0, 0x0, 0xb, 0xff, 0x80,
    0xbf, 0xf7, 0x0, 0x0, 0x1, 0xff, 0xf8, 0xb,
    0xff, 0xb0, 0x0, 0x2, 0xdf, 0xff, 0x80, 0x7f,
    0xff, 0xc8, 0x8a, 0xff, 0xef, 0xfe, 0x80, 0xbf,
    0xff, 0xff, 0xff, 0xc1, 0xff, 0xfe, 0x0, 0x6c,
    0xef, 0xeb, 0x50, 0x4, 0xcf, 0xd0,

    /* U+0102 "Ă" */
    0x0, 0x0, 0x2, 0xfd, 0x0, 0x0, 0xef, 0x10,
    0x0, 0x0, 0x0, 0x0, 0x0, 0xef, 0x81, 0x18,
    0xfd, 0x0, 0x0, 0x0, 0x0, 0x0, 0x0, 0x6f,
    0xff, 0xff, 0xf5, 0x0, 0x0, 0x0, 0x0, 0x0,
    0x0, 0x5, 0xcf, 0xfc, 0x40, 0x0, 0x0, 0x0,
    0x0, 0x0, 0x0, 0x0, 0x0, 0x0, 0x0, 0x0,
    0x0, 0x0, 0x0, 0x0, 0x0, 0x0, 0x0, 0x0,
    0x0, 0x0, 0x0, 0x0, 0x0, 0x0, 0x0, 0x2,
    0xff, 0xff, 0x20, 0x0, 0x0, 0x0, 0x0, 0x0,
    0x0, 0x8, 0xff, 0xff, 0x80, 0x0, 0x0, 0x0,
    0x0, 0x0, 0x0, 0xe, 0xff, 0xff, 0xd0, 0x0,
    0x0, 0x0, 0x0, 0x0, 0x0, 0x3f, 0xfd, 0xef,
    0xf3, 0x0, 0x0, 0x0, 0x0, 0x0, 0x0, 0x9f,
    0xf8, 0x9f, 0xf9, 0x0, 0x0, 0x0, 0x0, 0x0,
    0x0, 0xef, 0xf3, 0x4f, 0xfe, 0x0, 0x0, 0x0,
    0x0, 0x0, 0x4, 0xff, 0xd0, 0xe, 0xff, 0x40,
    0x0, 0x0, 0x0, 0x0, 0xa, 0xff, 0x80, 0x9,
    0xff, 0xa0, 0x0, 0x0, 0x0, 0x0, 0xf, 0xff,
    0x30, 0x4, 0xff, 0xf0, 0x0, 0x0, 0x0, 0x0,
    0x5f, 0xfe, 0x0, 0x0, 0xef, 0xf5, 0x0, 0x0,
    0x0, 0x0, 0xbf, 0xf9, 0x0, 0x0, 0x9f, 0xfb,
    0x0, 0x0, 0x0, 0x1, 0xff, 0xf3, 0x0, 0x0,
    0x4f, 0xff, 0x10, 0x0, 0x0, 0x6, 0xff, 0xe0,
    0x0, 0x0, 0xe, 0xff, 0x60, 0x0, 0x0, 0xc,
    0xff, 0xff, 0xff, 0xff, 0xff, 0xff, 0xc0, 0x0,
    0x0, 0x2f, 0xff, 0xff, 0xff, 0xff, 0xff, 0xff,
    0xf1, 0x0, 0x0, 0x7f, 0xff, 0xee, 0xee, 0xee,
    0xee, 0xff, 0xf7, 0x0, 0x0, 0xdf, 0xf8, 0x0,
    0x0, 0x0, 0x0, 0x9f, 0xfd, 0x0, 0x3, 0xff,
    0xf2, 0x0, 0x0, 0x0, 0x0, 0x3f, 0xff, 0x20,
    0x8, 0xff, 0xd0, 0x0, 0x0, 0x0, 0x0, 0xd,
    0xff, 0x80, 0xe, 0xff, 0x70, 0x0, 0x0, 0x0,
    0x0, 0x7, 0xff, 0xd0, 0x3f, 0xff, 0x10, 0x0,
    0x0, 0x0, 0x0, 0x2, 0xff, 0xf3,

    /* U+0103 "ă" */
    0x0, 0xe, 0xf1, 0x0, 0xa, 0xf5, 0x0, 0x0,
    0x0, 0xaf, 0xb2, 0x5, 0xff, 0x20, 0x0, 0x0,
    0x2, 0xff, 0xff, 0xff, 0x90, 0x0, 0x0, 0x0,
    0x2, 0xbf, 0xfd, 0x70, 0x0, 0x0, 0x0, 0x0,
    0x0, 0x0, 0x0, 0x0, 0x0, 0x0, 0x0, 0x0,
    0x0, 0x0, 0x0, 0x0, 0x0, 0x0, 0x3, 0x9d,
    0xff, 0xea, 0x40, 0x0, 0x0, 0x9, 0xff, 0xff,
    0xff, 0xff, 0x90, 0x0, 0x8, 0xff, 0xfe, 0xbb,
    0xef, 0xff, 0x70, 0x2, 0xff, 0xf7, 0x0, 0x0,
    0x7f, 0xff, 0x0, 0x5c, 0xca, 0x0, 0x0, 0x0,
    0xcf, 0xf5, 0x0, 0x0, 0x0, 0x0, 0x0, 0xa,
    0xff, 0x70, 0x0, 0x0, 0x2, 0x58, 0xbe, 0xff,
    0xf8, 0x0, 0x2, 0x9e, 0xff, 0xff, 0xff, 0xff,
    0x80, 0x7, 0xff, 0xff, 0xfe, 0xb8, 0xbf, 0xf8,
    0x4, 0xff, 0xfb, 0x51, 0x0, 0x9, 0xff, 0x80,
    0xaf, 0xfa, 0x0, 0x0, 0x0, 0xbf, 0xf8, 0xc,
    0xff, 0x70, 0x0, 0x0, 0x2f, 0xff, 0x80, 0xbf,
    0xfb, 0x0, 0x0, 0x2d, 0xff, 0xf8, 0x6, 0xff,
    0xfc, 0x88, 0xbf, 0xfe, 0xff, 0xe8, 0xb, 0xff,
    0xff, 0xff, 0xfb, 0x1f, 0xff, 0xe0, 0x6, 0xbe,
    0xfe, 0xb5, 0x0, 0x4c, 0xfd,

    /* U+0104 "Ą" */
    0x0, 0x0, 0x0, 0x2, 0xff, 0xff, 0x20, 0x0,
    0x0, 0x0, 0x0, 0x0, 0x0, 0x0, 0x8f, 0xff,
    0xf8, 0x0, 0x0, 0x0, 0x0, 0x0, 0x0, 0x0,
    0xe, 0xff, 0xff, 0xd0, 0x0, 0x0, 0x0, 0x0,
    0x0, 0x0, 0x3, 0xff, 0xde, 0xff, 0x30, 0x0,
    0x0, 0x0, 0x0, 0x0, 0x0, 0x9f, 0xf8, 0x9f,
    0xf9, 0x0, 0x0, 0x0, 0x0, 0x0, 0x0, 0xe,
    0xff, 0x34, 0xff, 0xe0, 0x0, 0x0, 0x0, 0x0,
    0x0, 0x4, 0xff, 0xd0, 0xe, 0xff, 0x40, 0x0,
    0x0, 0x0, 0x0, 0x0, 0xaf, 0xf8, 0x0, 0x9f,
    0xfa, 0x0, 0x0, 0x0, 0x0, 0x0, 0xf, 0xff,
    0x30, 0x4, 0xff, 0xf0, 0x0, 0x0, 0x0, 0x0,
    0x5, 0xff, 0xe0, 0x0, 0xe, 0xff, 0x50, 0x0,
    0x0, 0x0, 0x0, 0xbf, 0xf9, 0x0, 0x0, 0x9f,
    0xfb, 0x0, 0x0, 0x0, 0x0, 0x1f, 0xff, 0x30,
    0x0, 0x4, 0xff, 0xf1, 0x0, 0x0, 0x0, 0x6,
    0xff, 0xe0, 0x0, 0x0, 0xe, 0xff, 0x60, 0x0,
    0x0, 0x0, 0xcf, 0xff, 0xff, 0xff, 0xff, 0xff,
    0xfc, 0x0, 0x0, 0x0, 0x2f, 0xff, 0xff, 0xff,
    0xff, 0xff, 0xff, 0xf1, 0x0, 0x0, 0x7, 0xff,
    0xfe, 0xee, 0xee, 0xee, 0xef, 0xff, 0x70, 0x0,
    0x0, 0xdf, 0xf8, 0x0, 0x0, 0x0, 0x0, 0x9f,
    0xfd, 0x0, 0x0, 0x3f, 0xff, 0x20, 0x0, 0x0,
    0x0, 0x3, 0xff, 0xf2, 0x0, 0x8, 0xff, 0xd0,
    0x0, 0x0, 0x0, 0x0, 0xd, 0xff, 0x80, 0x0,
    0xef, 0xf7, 0x0, 0x0, 0x0, 0x0, 0x0, 0x7f,
    0xfd, 0x0, 0x3f, 0xff, 0x10, 0x0, 0x0, 0x0,
    0x0, 0x2, 0xff, 0xf3, 0x0, 0x0, 0x0, 0x0,
    0x0, 0x0, 0x0, 0x0, 0x7, 0xfe, 0x10, 0x0,
    0x0, 0x0, 0x0, 0x0, 0x0, 0x0, 0x2, 0xff,
    0x40, 0x0, 0x0, 0x0, 0x0, 0x0, 0x0, 0x0,
    0x0, 0xbf, 0xb0, 0x0, 0x0, 0x0, 0x0, 0x0,
    0x0, 0x0, 0x0, 0x1f, 0xfa, 0x2, 0x0, 0x0,
    0x0, 0x0, 0x0, 0x0, 0x0, 0x1, 0xff, 0xff,
    0xf1, 0x0, 0x0, 0x0, 0x0, 0x0, 0x0, 0x0,
    0x7, 0xff, 0xfe, 0x30, 0x0, 0x0, 0x0, 0x0,
    0x0, 0x0, 0x0, 0x0, 0x21, 0x0,

    /* U+0105 "ą" */
    0x0, 0x2, 0x9d, 0xff, 0xea, 0x40, 0x0, 0x0,
    0x0, 0x7f, 0xff, 0xff, 0xff, 0xf9, 0x0, 0x0,
    0x6, 0xff, 0xfe, 0xbb, 0xef, 0xff, 0x70, 0x0,
    0xe, 0xff, 0x90, 0x0, 0x8, 0xff, 0xf0, 0x0,
    0x5f, 0xfe, 0x0, 0x0, 0x0, 0xdf, 0xf5, 0x0,
    0x12, 0x21, 0x0, 0x0, 0x0, 0xaf, 0xf7, 0x0,
    0x0, 0x0, 0x0, 0x3, 0x69, 0xdf, 0xf8, 0x0,
    0x0, 0x4, 0x9d, 0xff, 0xff, 0xff, 0xf8, 0x0,
    0x3, 0xdf, 0xff, 0xff, 0xec, 0xdf, 0xf8, 0x0,
    0x2f, 0xff, 0xd8, 0x41, 0x0, 0x8f, 0xf8, 0x0,
    0x9f, 0xfc, 0x0, 0x0, 0x0, 0xbf, 0xf8, 0x0,
    0xbf, 0xf7, 0x0, 0x0, 0x1, 0xff, 0xf8, 0x0,
    0xbf, 0xfb, 0x0, 0x0, 0x2d, 0xff, 0xf8, 0x0,
    0x7f, 0xff, 0xc8, 0x8a, 0xff, 0xef, 0xfe, 0x80,
    0xb, 0xff, 0xff, 0xff, 0xfc, 0x1f, 0xff, 0xe0,
    0x0, 0x6c, 0xef, 0xeb, 0x50, 0x4, 0xff, 0xf0,
    0x0, 0x0, 0x0, 0x0, 0x0, 0x2, 0xff, 0x70,
    0x0, 0x0, 0x0, 0x0, 0x0, 0xb, 0xfb, 0x0,
    0x0, 0x0, 0x0, 0x0, 0x0, 0x4f, 0xf3, 0x0,
    0x0, 0x0, 0x0, 0x0, 0x0, 0x9f, 0xf6, 0x52,
    0x0, 0x0, 0x0, 0x0, 0x0, 0x7f, 0xff, 0xfa,
    0x0, 0x0, 0x0, 0x0, 0x0, 0x9, 0xef, 0xd7,

    /* U+0106 "Ć" */
    0x0, 0x0, 0x0, 0x0, 0x2, 0xff, 0xe1, 0x0,
    0x0, 0x0, 0x0, 0x0, 0x0, 0x0, 0x9f, 0xf5,
    0x0, 0x0, 0x0, 0x0, 0x0, 0x0, 0x0, 0x1f,
    0xfa, 0x0, 0x0, 0x0, 0x0, 0x0, 0x0, 0x0,
    0x7, 0xfe, 0x10, 0x0, 0x0, 0x0, 0x0, 0x0,
    0x0, 0x0, 0x0, 0x0, 0x0, 0x0, 0x0, 0x0,
    0x0, 0x0, 0x0, 0x0, 0x0, 0x0, 0x0, 0x0,
    0x0, 0x0, 0x0, 0x1, 0x7c, 0xef, 0xfd, 0xa5,
    0x0, 0x0, 0x0, 0x0, 0x8, 0xff, 0xff, 0xff,
    0xff, 0xfd, 0x30, 0x0, 0x0, 0xb, 0xff, 0xff,
    0xff, 0xff, 0xff, 0xff, 0x30, 0x0, 0xa, 0xff,
    0xfd, 0x51, 0x0, 0x28, 0xff, 0xfe, 0x10, 0x4,
    0xff, 0xfa, 0x0, 0x0, 0x0, 0x4, 0xff, 0xf8,
    0x0, 0xcf, 0xfd, 0x0, 0x0, 0x0, 0x0, 0x8,
    0xff, 0xe0, 0x2f, 0xff, 0x50, 0x0, 0x0, 0x0,
    0x0, 0x1f, 0xff, 0x36, 0xff, 0xf0, 0x0, 0x0,
    0x0, 0x0, 0x0, 0x22, 0x21, 0x9f, 0xfb, 0x0,
    0x0, 0x0, 0x0, 0x0, 0x0, 0x0, 0xa, 0xff,
    0x90, 0x0, 0x0, 0x0, 0x0, 0x0, 0x0, 0x0,
    0xbf, 0xf8, 0x0, 0x0, 0x0, 0x0, 0x0, 0x0,
    0x0, 0xa, 0xff, 0x90, 0x0, 0x0, 0x0, 0x0,
    0x0, 0x0, 0x0, 0x9f, 0xfb, 0x0, 0x0, 0x0,
    0x0, 0x0, 0x0, 0x0, 0x6, 0xff, 0xe0, 0x0,
    0x0, 0x0, 0x0, 0x0, 0x79, 0x94, 0x2f, 0xff,
    0x40, 0x0, 0x0, 0x0, 0x0, 0xf, 0xff, 0x40,
    0xcf, 0xfd, 0x0, 0x0, 0x0, 0x0, 0x6, 0xff,
    0xf0, 0x5, 0xff, 0xfa, 0x0, 0x0, 0x0, 0x3,
    0xff, 0xf8, 0x0, 0xa, 0xff, 0xfc, 0x50, 0x0,
    0x27, 0xff, 0xfe, 0x10, 0x0, 0xc, 0xff, 0xff,
    0xff, 0xff, 0xff, 0xff, 0x20, 0x0, 0x0, 0x8,
    0xff, 0xff, 0xff, 0xff, 0xfc, 0x20, 0x0, 0x0,
    0x0, 0x2, 0x8c, 0xef, 0xed, 0x94, 0x0, 0x0,
    0x0,

    /* U+0107 "ć" */
    0x0, 0x0, 0x0, 0x3, 0xff, 0xc0, 0x0, 0x0,
    0x0, 0x0, 0x0, 0xaf, 0xf4, 0x0, 0x0, 0x0,
    0x0, 0x0, 0x2f, 0xf9, 0x0, 0x0, 0x0, 0x0,
    0x0, 0x9, 0xfe, 0x0, 0x0, 0x0, 0x0, 0x0,
    0x0, 0x0, 0x0, 0x0, 0x0, 0x0, 0x0, 0x0,
    0x0, 0x0, 0x0, 0x0, 0x0, 0x0, 0x0, 0x5b,
    0xdf, 0xec, 0x70, 0x0, 0x0, 0x2, 0xdf, 0xff,
    0xff, 0xff, 0xe3, 0x0, 0x1, 0xef, 0xff, 0xdb,
    0xdf, 0xff, 0xf2, 0x0, 0xbf, 0xfe, 0x30, 0x0,
    0x3e, 0xff, 0xb0, 0x2f, 0xff, 0x40, 0x0, 0x0,
    0x3f, 0xff, 0x27, 0xff, 0xc0, 0x0, 0x0, 0x0,
    0x9a, 0xa3, 0xaf, 0xf8, 0x0, 0x0, 0x0, 0x0,
    0x0, 0xb, 0xff, 0x60, 0x0, 0x0, 0x0, 0x0,
    0x0, 0xbf, 0xf6, 0x0, 0x0, 0x0, 0x0, 0x0,
    0xa, 0xff, 0x80, 0x0, 0x0, 0x0, 0x0, 0x0,
    0x7f, 0xfc, 0x0, 0x0, 0x0, 0xd, 0xee, 0x42,
    0xff, 0xf4, 0x0, 0x0, 0x4, 0xff, 0xf1, 0xb,
    0xff, 0xe4, 0x0, 0x3, 0xef, 0xfa, 0x0, 0x1e,
    0xff, 0xfd, 0xbd, 0xff, 0xfe, 0x10, 0x0, 0x2d,
    0xff, 0xff, 0xff, 0xfd, 0x20, 0x0, 0x0, 0x5,
    0xbe, 0xfe, 0xb6, 0x0, 0x0,

    /* U+0108 "Ĉ" */
    0x0, 0x0, 0x0, 0x0, 0x78, 0x83, 0x0, 0x0,
    0x0, 0x0, 0x0, 0x0, 0x0, 0x8f, 0xff, 0xd0,
    0x0, 0x0, 0x0, 0x0, 0x0, 0x0, 0x2f, 0xf6,
    0xef, 0x60, 0x0, 0x0, 0x0, 0x0, 0x0, 0xb,
    0xfa, 0x6, 0xfe, 0x10, 0x0, 0x0, 0x0, 0x0,
    0x5, 0xff, 0x10, 0xb, 0xf9, 0x0, 0x0, 0x0,
    0x0, 0x0, 0x0, 0x0, 0x0, 0x0, 0x0, 0x0,
    0x0, 0x0, 0x0, 0x0, 0x0, 0x0, 0x0, 0x0,
    0x0, 0x0, 0x0, 0x0, 0x0, 0x17, 0xce, 0xff,
    0xda, 0x50, 0x0, 0x0, 0x0, 0x0, 0x8f, 0xff,
    0xff, 0xff, 0xff, 0xd3, 0x0, 0x0, 0x0, 0xbf,
    0xff, 0xff, 0xff, 0xff, 0xff, 0xf3, 0x0, 0x0,
    0xaf, 0xff, 0xd5, 0x10, 0x2, 0x8f, 0xff, 0xe1,
    0x0, 0x4f, 0xff, 0xa0, 0x0, 0x0, 0x0, 0x4f,
    0xff, 0x80, 0xc, 0xff, 0xd0, 0x0, 0x0, 0x0,
    0x0, 0x8f, 0xfe, 0x2, 0xff, 0xf5, 0x0, 0x0,
    0x0, 0x0, 0x1, 0xff, 0xf3, 0x6f, 0xff, 0x0,
    0x0, 0x0, 0x0, 0x0, 0x2, 0x22, 0x19, 0xff,
    0xb0, 0x0, 0x0, 0x0, 0x0, 0x0, 0x0, 0x0,
    0xaf, 0xf9, 0x0, 0x0, 0x0, 0x0, 0x0, 0x0,
    0x0, 0xb, 0xff, 0x80, 0x0, 0x0, 0x0, 0x0,
    0x0, 0x0, 0x0, 0xaf, 0xf9, 0x0, 0x0, 0x0,
    0x0, 0x0, 0x0, 0x0, 0x9, 0xff, 0xb0, 0x0,
    0x0, 0x0, 0x0, 0x0, 0x0, 0x0, 0x6f, 0xfe,
    0x0, 0x0, 0x0, 0x0, 0x0, 0x7, 0x99, 0x42,
    0xff, 0xf4, 0x0, 0x0, 0x0, 0x0, 0x0, 0xff,
    0xf4, 0xc, 0xff, 0xd0, 0x0, 0x0, 0x0, 0x0,
    0x6f, 0xff, 0x0, 0x5f, 0xff, 0xa0, 0x0, 0x0,
    0x0, 0x3f, 0xff, 0x80, 0x0, 0xaf, 0xff, 0xc5,
    0x0, 0x2, 0x7f, 0xff, 0xe1, 0x0, 0x0, 0xcf,
    0xff, 0xff, 0xff, 0xff, 0xff, 0xf2, 0x0, 0x0,
    0x0, 0x8f, 0xff, 0xff, 0xff, 0xff, 0xc2, 0x0,
    0x0, 0x0, 0x0, 0x28, 0xce, 0xfe, 0xd9, 0x40,
    0x0, 0x0,

    /* U+0109 "ĉ" */
    0x0, 0x0, 0x6, 0xff, 0xf6, 0x0, 0x0, 0x0,
    0x0, 0x1, 0xef, 0xef, 0xf1, 0x0, 0x0, 0x0,
    0x0, 0x9f, 0xc0, 0xcf, 0xa0, 0x0, 0x0, 0x0,
    0x3f, 0xf2, 0x2, 0xff, 0x40, 0x0, 0x0, 0x3,
    0x53, 0x0, 0x3, 0x53, 0x0, 0x0, 0x0, 0x0,
    0x0, 0x0, 0x0, 0x0, 0x0, 0x0, 0x0, 0x5b,
    0xdf, 0xec, 0x70, 0x0, 0x0, 0x2, 0xdf, 0xff,
    0xff, 0xff, 0xe3, 0x0, 0x1, 0xef, 0xff, 0xdb,
    0xdf, 0xff, 0xf2, 0x0, 0xbf, 0xfe, 0x30, 0x0,
    0x3e, 0xff, 0xb0, 0x2f, 0xff, 0x40, 0x0, 0x0,
    0x3f, 0xff, 0x27, 0xff, 0xc0, 0x0, 0x0, 0x0,
    0x9a, 0xa3, 0xaf, 0xf8, 0x0, 0x0, 0x0, 0x0,
    0x0, 0xb, 0xff, 0x60, 0x0, 0x0, 0x0, 0x0,
    0x0, 0xbf, 0xf6, 0x0, 0x0, 0x0, 0x0, 0x0,
    0xa, 0xff, 0x80, 0x0, 0x0, 0x0, 0x0, 0x0,
    0x7f, 0xfc, 0x0, 0x0, 0x0, 0xd, 0xee, 0x42,
    0xff, 0xf4, 0x0, 0x0, 0x4, 0xff, 0xf1, 0xb,
    0xff, 0xe4, 0x0, 0x3, 0xef, 0xfa, 0x0, 0x1e,
    0xff, 0xfd, 0xbd, 0xff, 0xfe, 0x10, 0x0, 0x2d,
    0xff, 0xff, 0xff, 0xfd, 0x20, 0x0, 0x0, 0x5,
    0xbe, 0xfe, 0xb6, 0x0, 0x0,

    /* U+010A "Ċ" */
    0x0, 0x0, 0x0, 0x0, 0xff, 0xf3, 0x0, 0x0,
    0x0, 0x0, 0x0, 0x0, 0x0, 0xf, 0xff, 0x30,
    0x0, 0x0, 0x0, 0x0, 0x0, 0x0, 0x0, 0xff,
    0xf3, 0x0, 0x0, 0x0, 0x0, 0x0, 0x0, 0x0,
    0x1, 0x11, 0x0, 0x0, 0x0, 0x0, 0x0, 0x0,
    0x0, 0x0, 0x0, 0x0, 0x0, 0x0, 0x0, 0x0,
    0x0, 0x0, 0x0, 0x0, 0x0, 0x0, 0x0, 0x0,
    0x0, 0x0, 0x0, 0x1, 0x7c, 0xef, 0xfd, 0xa5,
    0x0, 0x0, 0x0, 0x0, 0x8, 0xff, 0xff, 0xff,
    0xff, 0xfd, 0x30, 0x0, 0x0, 0xb, 0xff, 0xff,
    0xff, 0xff, 0xff, 0xff, 0x30, 0x0, 0xa, 0xff,
    0xfd, 0x51, 0x0, 0x28, 0xff, 0xfe, 0x10, 0x4,
    0xff, 0xfa, 0x0, 0x0, 0x0, 0x4, 0xff, 0xf8,
    0x0, 0xcf, 0xfd, 0x0, 0x0, 0x0, 0x0, 0x8,
    0xff, 0xe0, 0x2f, 0xff, 0x50, 0x0, 0x0, 0x0,
    0x0, 0x1f, 0xff, 0x36, 0xff, 0xf0, 0x0, 0x0,
    0x0, 0x0, 0x0, 0x22, 0x21, 0x9f, 0xfb, 0x0,
    0x0, 0x0, 0x0, 0x0, 0x0, 0x0, 0xa, 0xff,
    0x90, 0x0, 0x0, 0x0, 0x0, 0x0, 0x0, 0x0,
    0xbf, 0xf8, 0x0, 0x0, 0x0, 0x0, 0x0, 0x0,
    0x0, 0xa, 0xff, 0x90, 0x0, 0x0, 0x0, 0x0,
    0x0, 0x0, 0x0, 0x9f, 0xfb, 0x0, 0x0, 0x0,
    0x0, 0x0, 0x0, 0x0, 0x6, 0xff, 0xe0, 0x0,
    0x0, 0x0, 0x0, 0x0, 0x79, 0x94, 0x2f, 0xff,
    0x40, 0x0, 0x0, 0x0, 0x0, 0xf, 0xff, 0x40,
    0xcf, 0xfd, 0x0, 0x0, 0x0, 0x0, 0x6, 0xff,
    0xf0, 0x5, 0xff, 0xfa, 0x0, 0x0, 0x0, 0x3,
    0xff, 0xf8, 0x0, 0xa, 0xff, 0xfc, 0x50, 0x0,
    0x27, 0xff, 0xfe, 0x10, 0x0, 0xc, 0xff, 0xff,
    0xff, 0xff, 0xff, 0xff, 0x20, 0x0, 0x0, 0x8,
    0xff, 0xff, 0xff, 0xff, 0xfc, 0x20, 0x0, 0x0,
    0x0, 0x2, 0x8c, 0xef, 0xed, 0x94, 0x0, 0x0,
    0x0,

    /* U+010B "ċ" */
    0x0, 0x0, 0x0, 0xff, 0xf2, 0x0, 0x0, 0x0,
    0x0, 0x0, 0xf, 0xff, 0x20, 0x0, 0x0, 0x0,
    0x0, 0x0, 0xff, 0xf2, 0x0, 0x0, 0x0, 0x0,
    0x0, 0x1, 0x11, 0x0, 0x0, 0x0, 0x0, 0x0,
    0x0, 0x0, 0x0, 0x0, 0x0, 0x0, 0x0, 0x5,
    0xbd, 0xfe, 0xc7, 0x0, 0x0, 0x0, 0x2d, 0xff,
    0xff, 0xff, 0xfe, 0x30, 0x0, 0x1e, 0xff, 0xfd,
    0xbd, 0xff, 0xff, 0x20, 0xb, 0xff, 0xe3, 0x0,
    0x3, 0xef, 0xfb, 0x2, 0xff, 0xf4, 0x0, 0x0,
    0x3, 0xff, 0xf2, 0x7f, 0xfc, 0x0, 0x0, 0x0,
    0x9, 0xaa, 0x3a, 0xff, 0x80, 0x0, 0x0, 0x0,
    0x0, 0x0, 0xbf, 0xf6, 0x0, 0x0, 0x0, 0x0,
    0x0, 0xb, 0xff, 0x60, 0x0, 0x0, 0x0, 0x0,
    0x0, 0xaf, 0xf8, 0x0, 0x0, 0x0, 0x0, 0x0,
    0x7, 0xff, 0xc0, 0x0, 0x0, 0x0, 0xde, 0xe4,
    0x2f, 0xff, 0x40, 0x0, 0x0, 0x4f, 0xff, 0x10,
    0xbf, 0xfe, 0x40, 0x0, 0x3e, 0xff, 0xa0, 0x1,
    0xef, 0xff, 0xdb, 0xdf, 0xff, 0xe1, 0x0, 0x2,
    0xdf, 0xff, 0xff, 0xff, 0xd2, 0x0, 0x0, 0x0,
    0x5b, 0xef, 0xeb, 0x60, 0x0, 0x0,

    /* U+010C "Č" */
    0x0, 0x0, 0x3, 0x87, 0x0, 0x4, 0x86, 0x0,
    0x0, 0x0, 0x0, 0x0, 0x1f, 0xf7, 0x3, 0xff,
    0x40, 0x0, 0x0, 0x0, 0x0, 0x0, 0x7f, 0xf4,
    0xdf, 0xb0, 0x0, 0x0, 0x0, 0x0, 0x0, 0x0,
    0xdf, 0xff, 0xf2, 0x0, 0x0, 0x0, 0x0, 0x0,
    0x0, 0x4, 0xff, 0xf8, 0x0, 0x0, 0x0, 0x0,
    0x0, 0x0, 0x0, 0x0, 0x0, 0x0, 0x0, 0x0,
    0x0, 0x0, 0x0, 0x0, 0x0, 0x0, 0x0, 0x0,
    0x0, 0x0, 0x0, 0x0, 0x0, 0x17, 0xce, 0xff,
    0xda, 0x50, 0x0, 0x0, 0x0, 0x0, 0x8f, 0xff,
    0xff, 0xff, 0xff, 0xd3, 0x0, 0x0, 0x0, 0xbf,
    0xff, 0xff, 0xff, 0xff, 0xff, 0xf3, 0x0, 0x0,
    0xaf, 0xff, 0xd5, 0x10, 0x2, 0x8f, 0xff, 0xe1,
    0x0, 0x4f, 0xff, 0xa0, 0x0, 0x0, 0x0, 0x4f,
    0xff, 0x80, 0xc, 0xff, 0xd0, 0x0, 0x0, 0x0,
    0x0, 0x8f, 0xfe, 0x2, 0xff, 0xf5, 0x0, 0x0,
    0x0, 0x0, 0x1, 0xff, 0xf3, 0x6f, 0xff, 0x0,
    0x0, 0x0, 0x0, 0x0, 0x2, 0x22, 0x19, 0xff,
    0xb0, 0x0, 0x0, 0x0, 0x0, 0x0, 0x0, 0x0,
    0xaf, 0xf9, 0x0, 0x0, 0x0, 0x0, 0x0, 0x0,
    0x0, 0xb, 0xff, 0x80, 0x0, 0x0, 0x0, 0x0,
    0x0, 0x0, 0x0, 0xaf, 0xf9, 0x0, 0x0, 0x0,
    0x0, 0x0, 0x0, 0x0, 0x9, 0xff, 0xb0, 0x0,
    0x0, 0x0, 0x0, 0x0, 0x0, 0x0, 0x6f, 0xfe,
    0x0, 0x0, 0x0, 0x0, 0x0, 0x7, 0x99, 0x42,
    0xff, 0xf4, 0x0, 0x0, 0x0, 0x0, 0x0, 0xff,
    0xf4, 0xc, 0xff, 0xd0, 0x0, 0x0, 0x0, 0x0,
    0x6f, 0xff, 0x0, 0x5f, 0xff, 0xa0, 0x0, 0x0,
    0x0, 0x3f, 0xff, 0x80, 0x0, 0xaf, 0xff, 0xc5,
    0x0, 0x2, 0x7f, 0xff, 0xe1, 0x0, 0x0, 0xcf,
    0xff, 0xff, 0xff, 0xff, 0xff, 0xf2, 0x0, 0x0,
    0x0, 0x8f, 0xff, 0xff, 0xff, 0xff, 0xc2, 0x0,
    0x0, 0x0, 0x0, 0x28, 0xce, 0xfe, 0xd9, 0x40,
    0x0, 0x0,

    /* U+010D "č" */
    0x0, 0x6, 0xfe, 0x0, 0xd, 0xf7, 0x0, 0x0,
    0x0, 0xc, 0xfa, 0x9, 0xfd, 0x0, 0x0, 0x0,
    0x0, 0x3f, 0xf9, 0xff, 0x40, 0x0, 0x0, 0x0,
    0x0, 0x9f, 0xff, 0xa0, 0x0, 0x0, 0x0, 0x0,
    0x0, 0x55, 0x51, 0x0, 0x0, 0x0, 0x0, 0x0,
    0x0, 0x0, 0x0, 0x0, 0x0, 0x0, 0x0, 0x5b,
    0xdf, 0xec, 0x71, 0x0, 0x0, 0x2, 0xdf, 0xff,
    0xff, 0xff, 0xe5, 0x0, 0x1, 0xef, 0xff, 0xdb,
    0xdf, 0xff, 0xf4, 0x0, 0xbf, 0xfe, 0x30, 0x0,
    0x2d, 0xff, 0xd0, 0x2f, 0xff, 0x40, 0x0, 0x0,
    0x2f, 0xff, 0x37, 0xff, 0xc0, 0x0, 0x0, 0x0,
    0x56, 0x62, 0xaf, 0xf8, 0x0, 0x0, 0x0, 0x0,
    0x0, 0xb, 0xff, 0x60, 0x0, 0x0, 0x0, 0x0,
    0x0, 0xbf, 0xf6, 0x0, 0x0, 0x0, 0x0, 0x0,
    0xa, 0xff, 0x80, 0x0, 0x0, 0x0, 0x0, 0x0,
    0x7f, 0xfc, 0x0, 0x0, 0x0, 0xe, 0xff, 0x42,
    0xff, 0xf4, 0x0, 0x0, 0x4, 0xff, 0xf0, 0xb,
    0xff, 0xe4, 0x0, 0x4, 0xef, 0xf9, 0x0, 0x1e,
    0xff, 0xfd, 0xbd, 0xff, 0xfd, 0x10, 0x0, 0x2d,
    0xff, 0xff, 0xff, 0xfc, 0x20, 0x0, 0x0, 0x5,
    0xbe, 0xfe, 0xb6, 0x0, 0x0,

    /* U+010E "Ď" */
    0x0, 0x8, 0xfd, 0x0, 0x1e, 0xf5, 0x0, 0x0,
    0x0, 0x0, 0x0, 0xdf, 0x90, 0xcf, 0xa0, 0x0,
    0x0, 0x0, 0x0, 0x0, 0x3f, 0xfd, 0xfe, 0x10,
    0x0, 0x0, 0x0, 0x0, 0x0, 0x8, 0xff, 0xf5,
    0x0, 0x0, 0x0, 0x0, 0x0, 0x0, 0x0, 0x0,
    0x0, 0x0, 0x0, 0x0, 0x0, 0x0, 0x0, 0x0,
    0x0, 0x0, 0x0, 0x0, 0x0, 0x0, 0x8f, 0xff,
    0xff, 0xff, 0xec, 0x83, 0x0, 0x0, 0x0, 0x8f,
    0xff, 0xff, 0xff, 0xff, 0xff, 0xc2, 0x0, 0x0,
    0x8f, 0xff, 0xee, 0xef, 0xff, 0xff, 0xff, 0x40,
    0x0, 0x8f, 0xfa, 0x0, 0x0, 0x3, 0x9f, 0xff,
    0xf2, 0x0, 0x8f, 0xfa, 0x0, 0x0, 0x0, 0x3,
    0xef, 0xfc, 0x0, 0x8f, 0xfa, 0x0, 0x0, 0x0,
    0x0, 0x4f, 0xff, 0x40, 0x8f, 0xfa, 0x0, 0x0,
    0x0, 0x0, 0xc, 0xff, 0x90, 0x8f, 0xfa, 0x0,
    0x0, 0x0, 0x0, 0x7, 0xff, 0xd0, 0x8f, 0xfa,
    0x0, 0x0, 0x0, 0x0, 0x3, 0xff, 0xf0, 0x8f,
    0xfa, 0x0, 0x0, 0x0, 0x0, 0x2, 0xff, 0xf1,
    0x8f, 0xfa, 0x0, 0x0, 0x0, 0x0, 0x1, 0xff,
    0xf2, 0x8f, 0xfa, 0x0, 0x0, 0x0, 0x0, 0x2,
    0xff, 0xf1, 0x8f, 0xfa, 0x0, 0x0, 0x0, 0x0,
    0x3, 0xff, 0xf0, 0x8f, 0xfa, 0x0, 0x0, 0x0,
    0x0, 0x6, 0xff, 0xd0, 0x8f, 0xfa, 0x0, 0x0,
    0x0, 0x0, 0xc, 0xff, 0xa0, 0x8f, 0xfa, 0x0,
    0x0, 0x0, 0x0, 0x4f, 0xff, 0x40, 0x8f, 0xfa,
    0x0, 0x0, 0x0, 0x3, 0xef, 0xfd, 0x0, 0x8f,
    0xfa, 0x0, 0x0, 0x3, 0x9f, 0xff, 0xf3, 0x0,
    0x8f, 0xff, 0xee, 0xee, 0xff, 0xff, 0xff, 0x50,
    0x0, 0x8f, 0xff, 0xff, 0xff, 0xff, 0xff, 0xc3,
    0x0, 0x0, 0x8f, 0xff, 0xff, 0xff, 0xec, 0x94,
    0x0, 0x0, 0x0,

    /* U+010F "ď" */
    0x0, 0x0, 0x0, 0x0, 0x0, 0x9, 0xff, 0x70,
    0x4f, 0xf8, 0x0, 0x0, 0x0, 0x0, 0x0, 0x9,
    0xff, 0x70, 0x6f, 0xf5, 0x0, 0x0, 0x0, 0x0,
    0x0, 0x9, 0xff, 0x70, 0x8f, 0xf2, 0x0, 0x0,
    0x0, 0x0, 0x0, 0x9, 0xff, 0x70, 0xaf, 0xe0,
    0x0, 0x0, 0x0, 0x0, 0x0, 0x9, 0xff, 0x70,
    0xbf, 0xb0, 0x0, 0x2, 0x9d, 0xfe, 0xb4, 0x9,
    0xff, 0x70, 0xdf, 0x80, 0x0, 0x5f, 0xff, 0xff,
    0xff, 0x99, 0xff, 0x70, 0xff, 0x50, 0x4, 0xff,
    0xff, 0xb9, 0xbf, 0xfe, 0xff, 0x70, 0x99, 0x10,
    0xd, 0xff, 0xe2, 0x0, 0x3, 0xef, 0xff, 0x70,
    0x0, 0x0, 0x3f, 0xff, 0x30, 0x0, 0x0, 0x5f,
    0xff, 0x70, 0x0, 0x0, 0x8f, 0xfc, 0x0, 0x0,
    0x0, 0xf, 0xff, 0x70, 0x0, 0x0, 0xaf, 0xf8,
    0x0, 0x0, 0x0, 0xb, 0xff, 0x70, 0x0, 0x0,
    0xbf, 0xf6, 0x0, 0x0, 0x0, 0xa, 0xff, 0x70,
    0x0, 0x0, 0xbf, 0xf7, 0x0, 0x0, 0x0, 0xa,
    0xff, 0x70, 0x0, 0x0, 0xaf, 0xf8, 0x0, 0x0,
    0x0, 0xc, 0xff, 0x70, 0x0, 0x0, 0x8f, 0xfd,
    0x0, 0x0, 0x0, 0xf, 0xff, 0x70, 0x0, 0x0,
    0x3f, 0xff, 0x40, 0x0, 0x0, 0x7f, 0xff, 0x70,
    0x0, 0x0, 0xd, 0xff, 0xe4, 0x0, 0x5, 0xff,
    0xff, 0x70, 0x0, 0x0, 0x4, 0xff, 0xff, 0xdb,
    0xef, 0xfc, 0xff, 0x70, 0x0, 0x0, 0x0, 0x6f,
    0xff, 0xff, 0xff, 0x87, 0xff, 0x70, 0x0, 0x0,
    0x0, 0x2, 0x9d, 0xfe, 0xb4, 0x6, 0xff, 0x70,
    0x0, 0x0,

    /* U+0110 "Đ" */
    0x0, 0x8f, 0xff, 0xff, 0xff, 0xec, 0x83, 0x0,
    0x0, 0x0, 0x0, 0x8f, 0xff, 0xff, 0xff, 0xff,
    0xff, 0xc2, 0x0, 0x0, 0x0, 0x8f, 0xff, 0xee,
    0xef, 0xff, 0xff, 0xff, 0x40, 0x0, 0x0, 0x8f,
    0xfa, 0x0, 0x0, 0x3, 0x9f, 0xff, 0xf2, 0x0,
    0x0, 0x8f, 0xfa, 0x0, 0x0, 0x0, 0x3, 0xef,
    0xfc, 0x0, 0x0, 0x8f, 0xfa, 0x0, 0x0, 0x0,
    0x0, 0x4f, 0xff, 0x40, 0x0, 0x8f, 0xfa, 0x0,
    0x0, 0x0, 0x0, 0xc, 0xff, 0x90, 0x0, 0x8f,
    0xfa, 0x0, 0x0, 0x0, 0x0, 0x7, 0xff, 0xd0,
    0x0, 0x8f, 0xfa, 0x0, 0x0, 0x0, 0x0, 0x3,
    0xff, 0xf0, 0x5a, 0xff, 0xff, 0xaa, 0xaa, 0xa3,
    0x0, 0x2, 0xff, 0xf1, 0x8f, 0xff, 0xff, 0xff,
    0xff, 0xf5, 0x0, 0x1, 0xff, 0xf2, 0x8f, 0xff,
    0xff, 0xff, 0xff, 0xf5, 0x0, 0x2, 0xff, 0xf1,
    0x0, 0x8f, 0xfa, 0x0, 0x0, 0x0, 0x0, 0x3,
    0xff, 0xf0, 0x0, 0x8f, 0xfa, 0x0, 0x0, 0x0,
    0x0, 0x6, 0xff, 0xd0, 0x0, 0x8f, 0xfa, 0x0,
    0x0, 0x0, 0x0, 0xc, 0xff, 0xa0, 0x0, 0x8f,
    0xfa, 0x0, 0x0, 0x0, 0x0, 0x4f, 0xff, 0x40,
    0x0, 0x8f, 0xfa, 0x0, 0x0, 0x0, 0x3, 0xef,
    0xfd, 0x0, 0x0, 0x8f, 0xfa, 0x0, 0x0, 0x3,
    0x9f, 0xff, 0xf3, 0x0, 0x0, 0x8f, 0xff, 0xee,
    0xee, 0xff, 0xff, 0xff, 0x50, 0x0, 0x0, 0x8f,
    0xff, 0xff, 0xff, 0xff, 0xff, 0xc3, 0x0, 0x0,
    0x0, 0x8f, 0xff, 0xff, 0xff, 0xec, 0x94, 0x0,
    0x0, 0x0,

    /* U+0111 "đ" */
    0x0, 0x0, 0x0, 0x0, 0x0, 0x9, 0xff, 0x70,
    0x0, 0x0, 0x0, 0x0, 0xcf, 0xff, 0xff, 0xff,
    0xf6, 0x0, 0x0, 0x0, 0xc, 0xff, 0xff, 0xff,
    0xff, 0x60, 0x0, 0x0, 0x0, 0x23, 0x33, 0xdf,
    0xfa, 0x31, 0x0, 0x0, 0x0, 0x0, 0x0, 0x9,
    0xff, 0x70, 0x0, 0x0, 0x29, 0xdf, 0xeb, 0x40,
    0x9f, 0xf7, 0x0, 0x0, 0x5f, 0xff, 0xff, 0xff,
    0x89, 0xff, 0x70, 0x0, 0x4f, 0xff, 0xfd, 0xbd,
    0xff, 0xef, 0xf7, 0x0, 0xd, 0xff, 0xe4, 0x0,
    0x5, 0xff, 0xff, 0x70, 0x3, 0xff, 0xf4, 0x0,
    0x0, 0x6, 0xff, 0xf7, 0x0, 0x8f, 0xfc, 0x0,
    0x0, 0x0, 0xf, 0xff, 0x70, 0xa, 0xff, 0x80,
    0x0, 0x0, 0x0, 0xbf, 0xf7, 0x0, 0xbf, 0xf6,
    0x0, 0x0, 0x0, 0xa, 0xff, 0x70, 0xb, 0xff,
    0x60, 0x0, 0x0, 0x0, 0xaf, 0xf7, 0x0, 0xaf,
    0xf8, 0x0, 0x0, 0x0, 0xb, 0xff, 0x70, 0x8,
    0xff, 0xc0, 0x0, 0x0, 0x0, 0xff, 0xf7, 0x0,
    0x3f, 0xff, 0x40, 0x0, 0x0, 0x6f, 0xff, 0x70,
    0x0, 0xdf, 0xfe, 0x40, 0x0, 0x5f, 0xff, 0xf7,
    0x0, 0x4, 0xff, 0xff, 0xdb, 0xef, 0xfc, 0xff,
    0x70, 0x0, 0x6, 0xff, 0xff, 0xff, 0xf8, 0x7f,
    0xf7, 0x0, 0x0, 0x2, 0x9d, 0xfe, 0xb4, 0x6,
    0xff, 0x70, 0x0,

    /* U+0112 "Ē" */
    0x0, 0xc, 0xff, 0xff, 0xff, 0xf4, 0x0, 0x0,
    0x0, 0xcf, 0xff, 0xff, 0xff, 0x40, 0x0, 0x0,
    0x6, 0x88, 0x88, 0x88, 0x82, 0x0, 0x0, 0x0,
    0x0, 0x0, 0x0, 0x0, 0x0, 0x0, 0x0, 0x0,
    0x0, 0x0, 0x0, 0x0, 0x0, 0x8, 0xff, 0xff,
    0xff, 0xff, 0xff, 0xff, 0xe0, 0x8f, 0xff, 0xff,
    0xff, 0xff, 0xff, 0xfe, 0x8, 0xff, 0xfe, 0xee,
    0xee, 0xee, 0xee, 0xc0, 0x8f, 0xfa, 0x0, 0x0,
    0x0, 0x0, 0x0, 0x8, 0xff, 0xa0, 0x0, 0x0,
    0x0, 0x0, 0x0, 0x8f, 0xfa, 0x0, 0x0, 0x0,
    0x0, 0x0, 0x8, 0xff, 0xa0, 0x0, 0x0, 0x0,
    0x0, 0x0, 0x8f, 0xfa, 0x0, 0x0, 0x0, 0x0,
    0x0, 0x8, 0xff, 0xa0, 0x0, 0x0, 0x0, 0x0,
    0x0, 0x8f, 0xfe, 0xdd, 0xdd, 0xdd, 0xdd, 0xd7,
    0x8, 0xff, 0xff, 0xff, 0xff, 0xff, 0xff, 0x80,
    0x8f, 0xff, 0xff, 0xff, 0xff, 0xff, 0xf8, 0x8,
    0xff, 0xa0, 0x0, 0x0, 0x0, 0x0, 0x0, 0x8f,
    0xfa, 0x0, 0x0, 0x0, 0x0, 0x0, 0x8, 0xff,
    0xa0, 0x0, 0x0, 0x0, 0x0, 0x0, 0x8f, 0xfa,
    0x0, 0x0, 0x0, 0x0, 0x0, 0x8, 0xff, 0xa0,
    0x0, 0x0, 0x0, 0x0, 0x0, 0x8f, 0xfa, 0x0,
    0x0, 0x0, 0x0, 0x0, 0x8, 0xff, 0xfe, 0xee,
    0xee, 0xee, 0xee, 0xe1, 0x8f, 0xff, 0xff, 0xff,
    0xff, 0xff, 0xff, 0x28, 0xff, 0xff, 0xff, 0xff,
    0xff, 0xff, 0xf2,

    /* U+0113 "ē" */
    0x0, 0x7, 0xff, 0xff, 0xff, 0xf9, 0x0, 0x0,
    0x0, 0x7f, 0xff, 0xff, 0xff, 0x90, 0x0, 0x0,
    0x3, 0x88, 0x88, 0x88, 0x84, 0x0, 0x0, 0x0,
    0x0, 0x0, 0x0, 0x0, 0x0, 0x0, 0x0, 0x0,
    0x0, 0x0, 0x0, 0x0, 0x0, 0x0, 0x0, 0x6,
    0xbe, 0xfd, 0xa4, 0x0, 0x0, 0x0, 0x2d, 0xff,
    0xff, 0xff, 0xfb, 0x0, 0x0, 0x1e, 0xff, 0xfc,
    0xbd, 0xff, 0xfb, 0x0, 0xb, 0xff, 0xd2, 0x0,
    0x4, 0xef, 0xf6, 0x2, 0xff, 0xf2, 0x0, 0x0,
    0x5, 0xff, 0xd0, 0x7f, 0xfb, 0x0, 0x0, 0x0,
    0xf, 0xff, 0x2a, 0xff, 0xa5, 0x55, 0x55, 0x55,
    0xef, 0xf5, 0xbf, 0xff, 0xff, 0xff, 0xff, 0xff,
    0xff, 0x6b, 0xff, 0xff, 0xff, 0xff, 0xff, 0xff,
    0xf7, 0xaf, 0xf7, 0x0, 0x0, 0x0, 0x0, 0x0,
    0x7, 0xff, 0xa0, 0x0, 0x0, 0x0, 0x0, 0x0,
    0x2f, 0xff, 0x10, 0x0, 0x0, 0x2d, 0xdd, 0x10,
    0xbf, 0xfd, 0x20, 0x0, 0x2d, 0xff, 0xb0, 0x1,
    0xef, 0xff, 0xcb, 0xcf, 0xff, 0xe1, 0x0, 0x2,
    0xdf, 0xff, 0xff, 0xff, 0xd2, 0x0, 0x0, 0x0,
    0x6b, 0xef, 0xec, 0x60, 0x0, 0x0,

    /* U+0114 "Ĕ" */
    0x0, 0x1, 0x84, 0x0, 0x0, 0x58, 0x0, 0x0,
    0x0, 0x1, 0xfe, 0x10, 0x3, 0xfe, 0x0, 0x0,
    0x0, 0x0, 0x7f, 0xfc, 0xcf, 0xf5, 0x0, 0x0,
    0x0, 0x0, 0x5, 0xcf, 0xeb, 0x30, 0x0, 0x0,
    0x0, 0x0, 0x0, 0x0, 0x0, 0x0, 0x0, 0x0,
    0x0, 0x0, 0x0, 0x0, 0x0, 0x0, 0x0, 0x0,
    0xbf, 0xff, 0xff, 0xff, 0xff, 0xff, 0xff, 0xf5,
    0xbf, 0xff, 0xff, 0xff, 0xff, 0xff, 0xff, 0xf5,
    0xbf, 0xf6, 0x66, 0x66, 0x66, 0x66, 0x66, 0x62,
    0xbf, 0xf0, 0x0, 0x0, 0x0, 0x0, 0x0, 0x0,
    0xbf, 0xf0, 0x0, 0x0, 0x0, 0x0, 0x0, 0x0,
    0xbf, 0xf0, 0x0, 0x0, 0x0, 0x0, 0x0, 0x0,
    0xbf, 0xf0, 0x0, 0x0, 0x0, 0x0, 0x0, 0x0,
    0xbf, 0xf0, 0x0, 0x0, 0x0, 0x0, 0x0, 0x0,
    0xbf, 0xf6, 0x66, 0x66, 0x66, 0x66, 0x66, 0x30,
    0xbf, 0xff, 0xff, 0xff, 0xff, 0xff, 0xff, 0x80,
    0xbf, 0xff, 0xff, 0xff, 0xff, 0xff, 0xff, 0x80,
    0xbf, 0xf0, 0x0, 0x0, 0x0, 0x0, 0x0, 0x0,
    0xbf, 0xf0, 0x0, 0x0, 0x0, 0x0, 0x0, 0x0,
    0xbf, 0xf0, 0x0, 0x0, 0x0, 0x0, 0x0, 0x0,
    0xbf, 0xf0, 0x0, 0x0, 0x0, 0x0, 0x0, 0x0,
    0xbf, 0xf0, 0x0, 0x0, 0x0, 0x0, 0x0, 0x0,
    0xbf, 0xf0, 0x0, 0x0, 0x0, 0x0, 0x0, 0x0,
    0xbf, 0xf6, 0x66, 0x66, 0x66, 0x66, 0x66, 0x65,
    0xbf, 0xff, 0xff, 0xff, 0xff, 0xff, 0xff, 0xfc,
    0xbf, 0xff, 0xff, 0xff, 0xff, 0xff, 0xff, 0xfc,

    /* U+0115 "ĕ" */
    0x0, 0xc, 0xf5, 0x0, 0x2b, 0xf5, 0x0, 0x0,
    0x3, 0xff, 0xff, 0xff, 0xb0, 0x0, 0x0, 0x0,
    0x17, 0xaa, 0x94, 0x0, 0x0, 0x0, 0x0, 0x0,
    0x0, 0x0, 0x0, 0x0, 0x0, 0x0, 0x0, 0x0,
    0x0, 0x0, 0x0, 0x0, 0x1, 0x8d, 0xff, 0xd9,
    0x30, 0x0, 0x0, 0x5f, 0xff, 0xff, 0xff, 0xf8,
    0x0, 0x4, 0xff, 0xd5, 0x11, 0x4b, 0xff, 0x80,
    0xe, 0xfe, 0x10, 0x0, 0x0, 0x8f, 0xf3, 0x5f,
    0xf4, 0x0, 0x0, 0x0, 0xe, 0xf9, 0xaf, 0xf1,
    0x0, 0x0, 0x0, 0xb, 0xfc, 0xcf, 0xff, 0xff,
    0xff, 0xff, 0xff, 0xfe, 0xdf, 0xff, 0xff, 0xff,
    0xff, 0xff, 0xff, 0xcf, 0xc0, 0x0, 0x0, 0x0,
    0x0, 0x0, 0xaf, 0xf0, 0x0, 0x0, 0x0, 0x0,
    0x0, 0x6f, 0xf5, 0x0, 0x0, 0x0, 0xe, 0xe9,
    0xf, 0xfe, 0x10, 0x0, 0x0, 0x9f, 0xf6, 0x6,
    0xff, 0xe6, 0x21, 0x3a, 0xff, 0xc0, 0x0, 0x6f,
    0xff, 0xff, 0xff, 0xfc, 0x10, 0x0, 0x2, 0x8d,
    0xff, 0xeb, 0x50, 0x0,

    /* U+0116 "Ė" */
    0x0, 0x0, 0x0, 0x11, 0x10, 0x0, 0x0, 0x0,
    0x0, 0x0, 0x5f, 0xfd, 0x0, 0x0, 0x0, 0x0,
    0x0, 0x5, 0xff, 0xd0, 0x0, 0x0, 0x0, 0x0,
    0x0, 0x5f, 0xfd, 0x0, 0x0, 0x0, 0x0, 0x0,
    0x0, 0x0, 0x0, 0x0, 0x0, 0x0, 0x0, 0x0,
    0x0, 0x0, 0x0, 0x0, 0x0, 0x8f, 0xff, 0xff,
    0xff, 0xff, 0xff, 0xfe, 0x8, 0xff, 0xff, 0xff,
    0xff, 0xff, 0xff, 0xe0, 0x8f, 0xff, 0xee, 0xee,
    0xee, 0xee, 0xec, 0x8, 0xff, 0xa0, 0x0, 0x0,
    0x0, 0x0, 0x0, 0x8f, 0xfa, 0x0, 0x0, 0x0,
    0x0, 0x0, 0x8, 0xff, 0xa0, 0x0, 0x0, 0x0,
    0x0, 0x0, 0x8f, 0xfa, 0x0, 0x0, 0x0, 0x0,
    0x0, 0x8, 0xff, 0xa0, 0x0, 0x0, 0x0, 0x0,
    0x0, 0x8f, 0xfa, 0x0, 0x0, 0x0, 0x0, 0x0,
    0x8, 0xff, 0xed, 0xdd, 0xdd, 0xdd, 0xdd, 0x70,
    0x8f, 0xff, 0xff, 0xff, 0xff, 0xff, 0xf8, 0x8,
    0xff, 0xff, 0xff, 0xff, 0xff, 0xff, 0x80, 0x8f,
    0xfa, 0x0, 0x0, 0x0, 0x0, 0x0, 0x8, 0xff,
    0xa0, 0x0, 0x0, 0x0, 0x0, 0x0, 0x8f, 0xfa,
    0x0, 0x0, 0x0, 0x0, 0x0, 0x8, 0xff, 0xa0,
    0x0, 0x0, 0x0, 0x0, 0x0, 0x8f, 0xfa, 0x0,
    0x0, 0x0, 0x0, 0x0, 0x8, 0xff, 0xa0, 0x0,
    0x0, 0x0, 0x0, 0x0, 0x8f, 0xff, 0xee, 0xee,
    0xee, 0xee, 0xee, 0x18, 0xff, 0xff, 0xff, 0xff,
    0xff, 0xff, 0xf2, 0x8f, 0xff, 0xff, 0xff, 0xff,
    0xff, 0xff, 0x20,

    /* U+0117 "ė" */
    0x0, 0x0, 0x0, 0xff, 0xf2, 0x0, 0x0, 0x0,
    0x0, 0x0, 0xf, 0xff, 0x20, 0x0, 0x0, 0x0,
    0x0, 0x0, 0xff, 0xf2, 0x0, 0x0, 0x0, 0x0,
    0x0, 0x2, 0x22, 0x0, 0x0, 0x0, 0x0, 0x0,
    0x0, 0x0, 0x0, 0x0, 0x0, 0x0, 0x0, 0x6,
    0xbe, 0xfd, 0xa4, 0x0, 0x0, 0x0, 0x2d, 0xff,
    0xff, 0xff, 0xfb, 0x0, 0x0, 0x1e, 0xff, 0xfc,
    0xbd, 0xff, 0xfb, 0x0, 0xb, 0xff, 0xd2, 0x0,
    0x4, 0xef, 0xf6, 0x2, 0xff, 0xf2, 0x0, 0x0,
    0x5, 0xff, 0xd0, 0x7f, 0xfb, 0x0, 0x0, 0x0,
    0xf, 0xff, 0x2a, 0xff, 0xa5, 0x55, 0x55, 0x55,
    0xef, 0xf5, 0xbf, 0xff, 0xff, 0xff, 0xff, 0xff,
    0xff, 0x6b, 0xff, 0xff, 0xff, 0xff, 0xff, 0xff,
    0xf7, 0xaf, 0xf7, 0x0, 0x0, 0x0, 0x0, 0x0,
    0x7, 0xff, 0xa0, 0x0, 0x0, 0x0, 0x0, 0x0,
    0x2f, 0xff, 0x10, 0x0, 0x0, 0x2d, 0xdd, 0x10,
    0xbf, 0xfd, 0x20, 0x0, 0x2d, 0xff, 0xb0, 0x1,
    0xef, 0xff, 0xcb, 0xcf, 0xff, 0xe1, 0x0, 0x2,
    0xdf, 0xff, 0xff, 0xff, 0xd2, 0x0, 0x0, 0x0,
    0x6b, 0xef, 0xec, 0x60, 0x0, 0x0,

    /* U+0118 "Ę" */
    0x8f, 0xff, 0xff, 0xff, 0xff, 0xff, 0xfe, 0x0,
    0x8f, 0xff, 0xff, 0xff, 0xff, 0xff, 0xfe, 0x0,
    0x8f, 0xff, 0xee, 0xee, 0xee, 0xee, 0xec, 0x0,
    0x8f, 0xfa, 0x0, 0x0, 0x0, 0x0, 0x0, 0x0,
    0x8f, 0xfa, 0x0, 0x0, 0x0, 0x0, 0x0, 0x0,
    0x8f, 0xfa, 0x0, 0x0, 0x0, 0x0, 0x0, 0x0,
    0x8f, 0xfa, 0x0, 0x0, 0x0, 0x0, 0x0, 0x0,
    0x8f, 0xfa, 0x0, 0x0, 0x0, 0x0, 0x0, 0x0,
    0x8f, 0xfa, 0x0, 0x0, 0x0, 0x0, 0x0, 0x0,
    0x8f, 0xfe, 0xdd, 0xdd, 0xdd, 0xdd, 0xd7, 0x0,
    0x8f, 0xff, 0xff, 0xff, 0xff, 0xff, 0xf8, 0x0,
    0x8f, 0xff, 0xff, 0xff, 0xff, 0xff, 0xf8, 0x0,
    0x8f, 0xfa, 0x0, 0x0, 0x0, 0x0, 0x0, 0x0,
    0x8f, 0xfa, 0x0, 0x0, 0x0, 0x0, 0x0, 0x0,
    0x8f, 0xfa, 0x0, 0x0, 0x0, 0x0, 0x0, 0x0,
    0x8f, 0xfa, 0x0, 0x0, 0x0, 0x0, 0x0, 0x0,
    0x8f, 0xfa, 0x0, 0x0, 0x0, 0x0, 0x0, 0x0,
    0x8f, 0xfa, 0x0, 0x0, 0x0, 0x0, 0x0, 0x0,
    0x8f, 0xff, 0xee, 0xee, 0xee, 0xee, 0xee, 0x10,
    0x8f, 0xff, 0xff, 0xff, 0xff, 0xff, 0xff, 0x20,
    0x8f, 0xff, 0xff, 0xff, 0xff, 0xff, 0xff, 0x20,
    0x0, 0x0, 0x0, 0x0, 0x0, 0xc, 0xfb, 0x0,
    0x0, 0x0, 0x0, 0x0, 0x0, 0x6f, 0xe1, 0x0,
    0x0, 0x0, 0x0, 0x0, 0x1, 0xff, 0x70, 0x0,
    0x0, 0x0, 0x0, 0x0, 0x5, 0xff, 0x61, 0x20,
    0x0, 0x0, 0x0, 0x0, 0x5, 0xff, 0xff, 0xc0,
    0x0, 0x0, 0x0, 0x0, 0x0, 0xaf, 0xff, 0xc0,
    0x0, 0x0, 0x0, 0x0, 0x0, 0x1, 0x20, 0x0,

    /* U+0119 "ę" */
    0x0, 0x0, 0x6b, 0xef, 0xda, 0x40, 0x0, 0x0,
    0x2, 0xdf, 0xff, 0xff, 0xff, 0xb0, 0x0, 0x1,
    0xef, 0xff, 0xcb, 0xdf, 0xff, 0xb0, 0x0, 0xbf,
    0xfd, 0x20, 0x0, 0x4e, 0xff, 0x60, 0x2f, 0xff,
    0x20, 0x0, 0x0, 0x5f, 0xfd, 0x7, 0xff, 0xb0,
    0x0, 0x0, 0x0, 0xff, 0xf2, 0xaf, 0xfa, 0x55,
    0x55, 0x55, 0x5e, 0xff, 0x5b, 0xff, 0xff, 0xff,
    0xff, 0xff, 0xff, 0xf6, 0xbf, 0xff, 0xff, 0xff,
    0xff, 0xff, 0xff, 0x7a, 0xff, 0x70, 0x0, 0x0,
    0x0, 0x0, 0x0, 0x7f, 0xfa, 0x0, 0x0, 0x0,
    0x0, 0x0, 0x2, 0xff, 0xf1, 0x0, 0x0, 0x2,
    0xdd, 0xd1, 0xb, 0xff, 0xd2, 0x0, 0x2, 0xdf,
    0xfb, 0x0, 0x1e, 0xff, 0xfc, 0xbc, 0xff, 0xff,
    0x10, 0x0, 0x2d, 0xff, 0xff, 0xff, 0xff, 0x80,
    0x0, 0x0, 0x6, 0xbe, 0xff, 0xff, 0x90, 0x0,
    0x0, 0x0, 0x0, 0x0, 0xdf, 0xb0, 0x0, 0x0,
    0x0, 0x0, 0x0, 0x9f, 0xf1, 0x0, 0x0, 0x0,
    0x0, 0x0, 0xe, 0xfa, 0x0, 0x0, 0x0, 0x0,
    0x0, 0x0, 0xff, 0xd4, 0x60, 0x0, 0x0, 0x0,
    0x0, 0xc, 0xff, 0xff, 0x30, 0x0, 0x0, 0x0,
    0x0, 0x2b, 0xfe, 0xb2, 0x0,

    /* U+011A "Ě" */
    0x0, 0xa, 0xfb, 0x0, 0x3f, 0xf3, 0x0, 0x0,
    0x0, 0x1e, 0xf7, 0xd, 0xf8, 0x0, 0x0, 0x0,
    0x0, 0x5f, 0xfd, 0xfd, 0x0, 0x0, 0x0, 0x0,
    0x0, 0xaf, 0xff, 0x30, 0x0, 0x0, 0x0, 0x0,
    0x0, 0x0, 0x0, 0x0, 0x0, 0x0, 0x0, 0x0,
    0x0, 0x0, 0x0, 0x0, 0x0, 0x8f, 0xff, 0xff,
    0xff, 0xff, 0xff, 0xfe, 0x8, 0xff, 0xff, 0xff,
    0xff, 0xff, 0xff, 0xe0, 0x8f, 0xff, 0xee, 0xee,
    0xee, 0xee, 0xec, 0x8, 0xff, 0xa0, 0x0, 0x0,
    0x0, 0x0, 0x0, 0x8f, 0xfa, 0x0, 0x0, 0x0,
    0x0, 0x0, 0x8, 0xff, 0xa0, 0x0, 0x0, 0x0,
    0x0, 0x0, 0x8f, 0xfa, 0x0, 0x0, 0x0, 0x0,
    0x0, 0x8, 0xff, 0xa0, 0x0, 0x0, 0x0, 0x0,
    0x0, 0x8f, 0xfa, 0x0, 0x0, 0x0, 0x0, 0x0,
    0x8, 0xff, 0xed, 0xdd, 0xdd, 0xdd, 0xdd, 0x70,
    0x8f, 0xff, 0xff, 0xff, 0xff, 0xff, 0xf8, 0x8,
    0xff, 0xff, 0xff, 0xff, 0xff, 0xff, 0x80, 0x8f,
    0xfa, 0x0, 0x0, 0x0, 0x0, 0x0, 0x8, 0xff,
    0xa0, 0x0, 0x0, 0x0, 0x0, 0x0, 0x8f, 0xfa,
    0x0, 0x0, 0x0, 0x0, 0x0, 0x8, 0xff, 0xa0,
    0x0, 0x0, 0x0, 0x0, 0x0, 0x8f, 0xfa, 0x0,
    0x0, 0x0, 0x0, 0x0, 0x8, 0xff, 0xa0, 0x0,
    0x0, 0x0, 0x0, 0x0, 0x8f, 0xff, 0xee, 0xee,
    0xee, 0xee, 0xee, 0x18, 0xff, 0xff, 0xff, 0xff,
    0xff, 0xff, 0xf2, 0x8f, 0xff, 0xff, 0xff, 0xff,
    0xff, 0xff, 0x20,

    /* U+011B "ě" */
    0x0, 0x6, 0xfe, 0x10, 0xd, 0xf7, 0x0, 0x0,
    0x0, 0xb, 0xfb, 0xa, 0xfc, 0x0, 0x0, 0x0,
    0x0, 0x1f, 0xfd, 0xff, 0x20, 0x0, 0x0, 0x0,
    0x0, 0x6f, 0xff, 0x70, 0x0, 0x0, 0x0, 0x0,
    0x0, 0x0, 0x0, 0x0, 0x0, 0x0, 0x0, 0x0,
    0x0, 0x0, 0x0, 0x0, 0x0, 0x0, 0x0, 0x6b,
    0xef, 0xda, 0x40, 0x0, 0x0, 0x2, 0xdf, 0xff,
    0xff, 0xff, 0xb0, 0x0, 0x1, 0xef, 0xff, 0xcb,
    0xdf, 0xff, 0xb0, 0x0, 0xbf, 0xfd, 0x20, 0x0,
    0x4e, 0xff, 0x60, 0x2f, 0xff, 0x20, 0x0, 0x0,
    0x5f, 0xfd, 0x7, 0xff, 0xb0, 0x0, 0x0, 0x0,
    0xff, 0xf2, 0xaf, 0xfa, 0x55, 0x55, 0x55, 0x5e,
    0xff, 0x5b, 0xff, 0xff, 0xff, 0xff, 0xff, 0xff,
    0xf6, 0xbf, 0xff, 0xff, 0xff, 0xff, 0xff, 0xff,
    0x7a, 0xff, 0x70, 0x0, 0x0, 0x0, 0x0, 0x0,
    0x7f, 0xfa, 0x0, 0x0, 0x0, 0x0, 0x0, 0x2,
    0xff, 0xf1, 0x0, 0x0, 0x2, 0xdd, 0xd1, 0xb,
    0xff, 0xd2, 0x0, 0x2, 0xdf, 0xfb, 0x0, 0x1e,
    0xff, 0xfc, 0xbc, 0xff, 0xfe, 0x10, 0x0, 0x2d,
    0xff, 0xff, 0xff, 0xfd, 0x20, 0x0, 0x0, 0x6,
    0xbe, 0xfe, 0xc6, 0x0, 0x0,

    /* U+011C "Ĝ" */
    0x0, 0x0, 0x0, 0x0, 0x78, 0x83, 0x0, 0x0,
    0x0, 0x0, 0x0, 0x0, 0x0, 0x7f, 0xff, 0xd0,
    0x0, 0x0, 0x0, 0x0, 0x0, 0x0, 0x1f, 0xf6,
    0xef, 0x70, 0x0, 0x0, 0x0, 0x0, 0x0, 0xa,
    0xfb, 0x5, 0xff, 0x10, 0x0, 0x0, 0x0, 0x0,
    0x4, 0xff, 0x20, 0xb, 0xfa, 0x0, 0x0, 0x0,
    0x0, 0x0, 0x0, 0x0, 0x0, 0x0, 0x0, 0x0,
    0x0, 0x0, 0x0, 0x0, 0x0, 0x0, 0x0, 0x0,
    0x0, 0x0, 0x0, 0x0, 0x0, 0x17, 0xce, 0xfe,
    0xd9, 0x40, 0x0, 0x0, 0x0, 0x0, 0x8f, 0xff,
    0xff, 0xff, 0xff, 0xc2, 0x0, 0x0, 0x0, 0xbf,
    0xff, 0xff, 0xef, 0xff, 0xff, 0xe2, 0x0, 0x0,
    0x9f, 0xff, 0xb4, 0x0, 0x1, 0x7f, 0xff, 0xd0,
    0x0, 0x4f, 0xff, 0xa0, 0x0, 0x0, 0x0, 0x3f,
    0xff, 0x60, 0xc, 0xff, 0xc0, 0x0, 0x0, 0x0,
    0x0, 0x8f, 0xfd, 0x2, 0xff, 0xf4, 0x0, 0x0,
    0x0, 0x0, 0x2, 0xbb, 0xb1, 0x6f, 0xff, 0x0,
    0x0, 0x0, 0x0, 0x0, 0x0, 0x0, 0x9, 0xff,
    0xb0, 0x0, 0x0, 0x0, 0x0, 0x0, 0x0, 0x0,
    0xaf, 0xf9, 0x0, 0x0, 0x0, 0x0, 0x0, 0x0,
    0x0, 0xb, 0xff, 0x80, 0x0, 0x0, 0x3f, 0xff,
    0xff, 0xff, 0xf4, 0xaf, 0xf9, 0x0, 0x0, 0x3,
    0xff, 0xff, 0xff, 0xff, 0x49, 0xff, 0xb0, 0x0,
    0x0, 0x2a, 0xaa, 0xaa, 0xef, 0xf4, 0x6f, 0xfe,
    0x0, 0x0, 0x0, 0x0, 0x0, 0xd, 0xff, 0x42,
    0xff, 0xf3, 0x0, 0x0, 0x0, 0x0, 0x1, 0xff,
    0xf4, 0xc, 0xff, 0xc0, 0x0, 0x0, 0x0, 0x0,
    0x8f, 0xff, 0x40, 0x5f, 0xff, 0x90, 0x0, 0x0,
    0x0, 0x5f, 0xff, 0xf4, 0x0, 0xbf, 0xff, 0xc4,
    0x0, 0x2, 0x9f, 0xfd, 0xff, 0x40, 0x0, 0xcf,
    0xff, 0xff, 0xff, 0xff, 0xff, 0x2f, 0xf4, 0x0,
    0x0, 0x9f, 0xff, 0xff, 0xff, 0xfd, 0x30, 0xff,
    0x40, 0x0, 0x0, 0x28, 0xce, 0xfe, 0xb6, 0x0,
    0xe, 0xf4,

    /* U+011D "ĝ" */
    0x0, 0x0, 0x2, 0x88, 0x81, 0x0, 0x0, 0x0,
    0x0, 0x0, 0xaf, 0xff, 0x90, 0x0, 0x0, 0x0,
    0x0, 0x3f, 0xfe, 0xff, 0x20, 0x0, 0x0, 0x0,
    0xc, 0xfc, 0xc, 0xfb, 0x0, 0x0, 0x0, 0x5,
    0xff, 0x20, 0x3f, 0xf4, 0x0, 0x0, 0x0, 0x35,
    0x30, 0x0, 0x35, 0x30, 0x0, 0x0, 0x0, 0x0,
    0x0, 0x0, 0x0, 0x0, 0x0, 0x0, 0x29, 0xdf,
    0xeb, 0x40, 0x8f, 0xf6, 0x0, 0x5f, 0xff, 0xff,
    0xff, 0x88, 0xff, 0x60, 0x4f, 0xff, 0xfc, 0xbd,
    0xff, 0xcf, 0xf6, 0xe, 0xff, 0xc1, 0x0, 0x4,
    0xff, 0xff, 0x64, 0xff, 0xf1, 0x0, 0x0, 0x5,
    0xff, 0xf6, 0x9f, 0xfa, 0x0, 0x0, 0x0, 0xe,
    0xff, 0x6b, 0xff, 0x70, 0x0, 0x0, 0x0, 0xbf,
    0xf6, 0xcf, 0xf6, 0x0, 0x0, 0x0, 0xa, 0xff,
    0x6a, 0xff, 0x80, 0x0, 0x0, 0x0, 0xcf, 0xf6,
    0x8f, 0xfc, 0x0, 0x0, 0x0, 0x1f, 0xff, 0x62,
    0xff, 0xf4, 0x0, 0x0, 0x9, 0xff, 0xf6, 0xb,
    0xff, 0xf7, 0x10, 0x2a, 0xff, 0xff, 0x60, 0x1e,
    0xff, 0xff, 0xff, 0xfe, 0xbf, 0xf6, 0x0, 0x1b,
    0xff, 0xff, 0xfe, 0x3a, 0xff, 0x60, 0x0, 0x3,
    0x79, 0x95, 0x0, 0xaf, 0xf5, 0x17, 0x76, 0x0,
    0x0, 0x0, 0xd, 0xff, 0x30, 0xff, 0xf8, 0x0,
    0x0, 0x9, 0xff, 0xe0, 0x6, 0xff, 0xfe, 0xa9,
    0xbe, 0xff, 0xf6, 0x0, 0x7, 0xff, 0xff, 0xff,
    0xff, 0xf7, 0x0, 0x0, 0x2, 0x8c, 0xef, 0xec,
    0x82, 0x0, 0x0,

    /* U+011E "Ğ" */
    0x0, 0x0, 0x3, 0x83, 0x0, 0x0, 0x87, 0x0,
    0x0, 0x0, 0x0, 0x0, 0x6f, 0xb0, 0x0, 0x4f,
    0xc0, 0x0, 0x0, 0x0, 0x0, 0x1, 0xff, 0x61,
    0x3d, 0xf7, 0x0, 0x0, 0x0, 0x0, 0x0, 0x8,
    0xff, 0xff, 0xfd, 0x0, 0x0, 0x0, 0x0, 0x0,
    0x0, 0x6, 0xdf, 0xea, 0x10, 0x0, 0x0, 0x0,
    0x0, 0x0, 0x0, 0x0, 0x0, 0x0, 0x0, 0x0,
    0x0, 0x0, 0x0, 0x0, 0x0, 0x0, 0x0, 0x0,
    0x0, 0x0, 0x0, 0x0, 0x0, 0x17, 0xce, 0xfe,
    0xd9, 0x40, 0x0, 0x0, 0x0, 0x0, 0x8f, 0xff,
    0xff, 0xff, 0xff, 0xc2, 0x0, 0x0, 0x0, 0xbf,
    0xff, 0xff, 0xef, 0xff, 0xff, 0xe2, 0x0, 0x0,
    0x9f, 0xff, 0xb4, 0x0, 0x1, 0x7f, 0xff, 0xd0,
    0x0, 0x4f, 0xff, 0xa0, 0x0, 0x0, 0x0, 0x3f,
    0xff, 0x60, 0xc, 0xff, 0xc0, 0x0, 0x0, 0x0,
    0x0, 0x8f, 0xfd, 0x2, 0xff, 0xf4, 0x0, 0x0,
    0x0, 0x0, 0x2, 0xbb, 0xb1, 0x6f, 0xff, 0x0,
    0x0, 0x0, 0x0, 0x0, 0x0, 0x0, 0x9, 0xff,
    0xb0, 0x0, 0x0, 0x0, 0x0, 0x0, 0x0, 0x0,
    0xaf, 0xf9, 0x0, 0x0, 0x0, 0x0, 0x0, 0x0,
    0x0, 0xb, 0xff, 0x80, 0x0, 0x0, 0x3f, 0xff,
    0xff, 0xff, 0xf4, 0xaf, 0xf9, 0x0, 0x0, 0x3,
    0xff, 0xff, 0xff, 0xff, 0x49, 0xff, 0xb0, 0x0,
    0x0, 0x2a, 0xaa, 0xaa, 0xef, 0xf4, 0x6f, 0xfe,
    0x0, 0x0, 0x0, 0x0, 0x0, 0xd, 0xff, 0x42,
    0xff, 0xf3, 0x0, 0x0, 0x0, 0x0, 0x1, 0xff,
    0xf4, 0xc, 0xff, 0xc0, 0x0, 0x0, 0x0, 0x0,
    0x8f, 0xff, 0x40, 0x5f, 0xff, 0x90, 0x0, 0x0,
    0x0, 0x5f, 0xff, 0xf4, 0x0, 0xbf, 0xff, 0xc4,
    0x0, 0x2, 0x9f, 0xfd, 0xff, 0x40, 0x0, 0xcf,
    0xff, 0xff, 0xff, 0xff, 0xff, 0x2f, 0xf4, 0x0,
    0x0, 0x9f, 0xff, 0xff, 0xff, 0xfd, 0x30, 0xff,
    0x40, 0x0, 0x0, 0x28, 0xce, 0xfe, 0xb6, 0x0,
    0xe, 0xf4,

    /* U+011F "ğ" */
    0x0, 0x5, 0x82, 0x0, 0x2, 0x85, 0x0, 0x0,
    0x0, 0x9f, 0x70, 0x0, 0x8f, 0x80, 0x0, 0x0,
    0x5, 0xfe, 0x41, 0x4f, 0xf3, 0x0, 0x0, 0x0,
    0xb, 0xff, 0xff, 0xfa, 0x0, 0x0, 0x0, 0x0,
    0x8, 0xef, 0xd8, 0x0, 0x0, 0x0, 0x0, 0x0,
    0x0, 0x0, 0x0, 0x0, 0x0, 0x0, 0x0, 0x0,
    0x0, 0x0, 0x0, 0x0, 0x0, 0x0, 0x29, 0xdf,
    0xeb, 0x40, 0x8f, 0xf6, 0x0, 0x5f, 0xff, 0xff,
    0xff, 0x88, 0xff, 0x60, 0x4f, 0xff, 0xfc, 0xbd,
    0xff, 0xcf, 0xf6, 0xe, 0xff, 0xc1, 0x0, 0x4,
    0xff, 0xff, 0x64, 0xff, 0xf1, 0x0, 0x0, 0x5,
    0xff, 0xf6, 0x9f, 0xfa, 0x0, 0x0, 0x0, 0xe,
    0xff, 0x6b, 0xff, 0x70, 0x0, 0x0, 0x0, 0xbf,
    0xf6, 0xcf, 0xf6, 0x0, 0x0, 0x0, 0xa, 0xff,
    0x6a, 0xff, 0x80, 0x0, 0x0, 0x0, 0xcf, 0xf6,
    0x8f, 0xfc, 0x0, 0x0, 0x0, 0x1f, 0xff, 0x62,
    0xff, 0xf4, 0x0, 0x0, 0x9, 0xff, 0xf6, 0xb,
    0xff, 0xf7, 0x10, 0x2a, 0xff, 0xff, 0x60, 0x1e,
    0xff, 0xff, 0xff, 0xfe, 0xbf, 0xf6, 0x0, 0x1b,
    0xff, 0xff, 0xfe, 0x3a, 0xff, 0x60, 0x0, 0x3,
    0x79, 0x95, 0x0, 0xaf, 0xf5, 0x17, 0x76, 0x0,
    0x0, 0x0, 0xd, 0xff, 0x30, 0xff, 0xf8, 0x0,
    0x0, 0x9, 0xff, 0xe0, 0x6, 0xff, 0xfe, 0xa9,
    0xbe, 0xff, 0xf6, 0x0, 0x7, 0xff, 0xff, 0xff,
    0xff, 0xf7, 0x0, 0x0, 0x2, 0x8c, 0xef, 0xec,
    0x82, 0x0, 0x0,

    /* U+0120 "Ġ" */
    0x0, 0x0, 0x0, 0x0, 0xdf, 0xf5, 0x0, 0x0,
    0x0, 0x0, 0x0, 0x0, 0x0, 0xd, 0xff, 0x50,
    0x0, 0x0, 0x0, 0x0, 0x0, 0x0, 0x0, 0xdf,
    0xf5, 0x0, 0x0, 0x0, 0x0, 0x0, 0x0, 0x0,
    0x1, 0x11, 0x0, 0x0, 0x0, 0x0, 0x0, 0x0,
    0x0, 0x0, 0x0, 0x0, 0x0, 0x0, 0x0, 0x0,
    0x0, 0x0, 0x0, 0x0, 0x0, 0x0, 0x0, 0x0,
    0x0, 0x0, 0x0, 0x1, 0x7c, 0xef, 0xed, 0x94,
    0x0, 0x0, 0x0, 0x0, 0x8, 0xff, 0xff, 0xff,
    0xff, 0xfc, 0x20, 0x0, 0x0, 0xb, 0xff, 0xff,
    0xfe, 0xff, 0xff, 0xfe, 0x20, 0x0, 0x9, 0xff,
    0xfb, 0x40, 0x0, 0x17, 0xff, 0xfd, 0x0, 0x4,
    0xff, 0xfa, 0x0, 0x0, 0x0, 0x3, 0xff, 0xf6,
    0x0, 0xcf, 0xfc, 0x0, 0x0, 0x0, 0x0, 0x8,
    0xff, 0xd0, 0x2f, 0xff, 0x40, 0x0, 0x0, 0x0,
    0x0, 0x2b, 0xbb, 0x16, 0xff, 0xf0, 0x0, 0x0,
    0x0, 0x0, 0x0, 0x0, 0x0, 0x9f, 0xfb, 0x0,
    0x0, 0x0, 0x0, 0x0, 0x0, 0x0, 0xa, 0xff,
    0x90, 0x0, 0x0, 0x0, 0x0, 0x0, 0x0, 0x0,
    0xbf, 0xf8, 0x0, 0x0, 0x3, 0xff, 0xff, 0xff,
    0xff, 0x4a, 0xff, 0x90, 0x0, 0x0, 0x3f, 0xff,
    0xff, 0xff, 0xf4, 0x9f, 0xfb, 0x0, 0x0, 0x2,
    0xaa, 0xaa, 0xae, 0xff, 0x46, 0xff, 0xe0, 0x0,
    0x0, 0x0, 0x0, 0x0, 0xdf, 0xf4, 0x2f, 0xff,
    0x30, 0x0, 0x0, 0x0, 0x0, 0x1f, 0xff, 0x40,
    0xcf, 0xfc, 0x0, 0x0, 0x0, 0x0, 0x8, 0xff,
    0xf4, 0x5, 0xff, 0xf9, 0x0, 0x0, 0x0, 0x5,
    0xff, 0xff, 0x40, 0xb, 0xff, 0xfc, 0x40, 0x0,
    0x29, 0xff, 0xdf, 0xf4, 0x0, 0xc, 0xff, 0xff,
    0xff, 0xff, 0xff, 0xf2, 0xff, 0x40, 0x0, 0x9,
    0xff, 0xff, 0xff, 0xff, 0xd3, 0xf, 0xf4, 0x0,
    0x0, 0x2, 0x8c, 0xef, 0xeb, 0x60, 0x0, 0xef,
    0x40,

    /* U+0121 "ġ" */
    0x0, 0x0, 0x2, 0xff, 0xf1, 0x0, 0x0, 0x0,
    0x0, 0x0, 0x2f, 0xff, 0x10, 0x0, 0x0, 0x0,
    0x0, 0x2, 0xff, 0xf1, 0x0, 0x0, 0x0, 0x0,
    0x0, 0x1, 0x11, 0x0, 0x0, 0x0, 0x0, 0x0,
    0x0, 0x0, 0x0, 0x0, 0x0, 0x0, 0x0, 0x29,
    0xdf, 0xeb, 0x40, 0x8f, 0xf6, 0x0, 0x5f, 0xff,
    0xff, 0xff, 0x88, 0xff, 0x60, 0x4f, 0xff, 0xfc,
    0xbd, 0xff, 0xcf, 0xf6, 0xe, 0xff, 0xc1, 0x0,
    0x4, 0xff, 0xff, 0x64, 0xff, 0xf1, 0x0, 0x0,
    0x5, 0xff, 0xf6, 0x9f, 0xfa, 0x0, 0x0, 0x0,
    0xe, 0xff, 0x6b, 0xff, 0x70, 0x0, 0x0, 0x0,
    0xbf, 0xf6, 0xcf, 0xf6, 0x0, 0x0, 0x0, 0xa,
    0xff, 0x6a, 0xff, 0x80, 0x0, 0x0, 0x0, 0xcf,
    0xf6, 0x8f, 0xfc, 0x0, 0x0, 0x0, 0x1f, 0xff,
    0x62, 0xff, 0xf4, 0x0, 0x0, 0x9, 0xff, 0xf6,
    0xb, 0xff, 0xf7, 0x10, 0x2a, 0xff, 0xff, 0x60,
    0x1e, 0xff, 0xff, 0xff, 0xfe, 0xbf, 0xf6, 0x0,
    0x1b, 0xff, 0xff, 0xfe, 0x3a, 0xff, 0x60, 0x0,
    0x3, 0x79, 0x95, 0x0, 0xaf, 0xf5, 0x17, 0x76,
    0x0, 0x0, 0x0, 0xd, 0xff, 0x30, 0xff, 0xf8,
    0x0, 0x0, 0x9, 0xff, 0xe0, 0x6, 0xff, 0xfe,
    0xa9, 0xbe, 0xff, 0xf6, 0x0, 0x7, 0xff, 0xff,
    0xff, 0xff, 0xf7, 0x0, 0x0, 0x2, 0x8c, 0xef,
    0xec, 0x82, 0x0, 0x0,

    /* U+0122 "Ģ" */
    0x0, 0x0, 0x1, 0x7c, 0xef, 0xed, 0x94, 0x0,
    0x0, 0x0, 0x0, 0x8, 0xff, 0xff, 0xff, 0xff,
    0xfc, 0x20, 0x0, 0x0, 0xb, 0xff, 0xff, 0xfe,
    0xff, 0xff, 0xfe, 0x20, 0x0, 0x9, 0xff, 0xfb,
    0x40, 0x0, 0x17, 0xff, 0xfd, 0x0, 0x4, 0xff,
    0xfa, 0x0, 0x0, 0x0, 0x3, 0xff, 0xf6, 0x0,
    0xcf, 0xfc, 0x0, 0x0, 0x0, 0x0, 0x8, 0xff,
    0xd0, 0x2f, 0xff, 0x40, 0x0, 0x0, 0x0, 0x0,
    0x2b, 0xbb, 0x16, 0xff, 0xf0, 0x0, 0x0, 0x0,
    0x0, 0x0, 0x0, 0x0, 0x9f, 0xfb, 0x0, 0x0,
    0x0, 0x0, 0x0, 0x0, 0x0, 0xa, 0xff, 0x90,
    0x0, 0x0, 0x0, 0x0, 0x0, 0x0, 0x0, 0xbf,
    0xf8, 0x0, 0x0, 0x3, 0xff, 0xff, 0xff, 0xff,
    0x4a, 0xff, 0x90, 0x0, 0x0, 0x3f, 0xff, 0xff,
    0xff, 0xf4, 0x9f, 0xfb, 0x0, 0x0, 0x2, 0xaa,
    0xaa, 0xae, 0xff, 0x46, 0xff, 0xe0, 0x0, 0x0,
    0x0, 0x0, 0x0, 0xdf, 0xf4, 0x2f, 0xff, 0x30,
    0x0, 0x0, 0x0, 0x0, 0x1f, 0xff, 0x40, 0xcf,
    0xfc, 0x0, 0x0, 0x0, 0x0, 0x8, 0xff, 0xf4,
    0x5, 0xff, 0xf9, 0x0, 0x0, 0x0, 0x5, 0xff,
    0xff, 0x40, 0xb, 0xff, 0xfc, 0x40, 0x0, 0x29,
    0xff, 0xdf, 0xf4, 0x0, 0xc, 0xff, 0xff, 0xff,
    0xff, 0xff, 0xf2, 0xff, 0x40, 0x0, 0x9, 0xff,
    0xff, 0xff, 0xff, 0xd3, 0xf, 0xf4, 0x0, 0x0,
    0x2, 0x8c, 0xef, 0xeb, 0x60, 0x0, 0xef, 0x40,
    0x0, 0x0, 0x0, 0x0, 0x0, 0x0, 0x0, 0x0,
    0x0, 0x0, 0x0, 0x0, 0x0, 0xbe, 0xe5, 0x0,
    0x0, 0x0, 0x0, 0x0, 0x0, 0x0, 0xd, 0xff,
    0x60, 0x0, 0x0, 0x0, 0x0, 0x0, 0x0, 0x0,
    0xdf, 0xf5, 0x0, 0x0, 0x0, 0x0, 0x0, 0x0,
    0x0, 0x1, 0xfe, 0x0, 0x0, 0x0, 0x0, 0x0,
    0x0, 0x0, 0x0, 0x8f, 0x70, 0x0, 0x0, 0x0,
    0x0, 0x0, 0x0, 0x0, 0x1f, 0xe0, 0x0, 0x0,
    0x0, 0x0,

    /* U+0123 "ģ" */
    0x0, 0x0, 0x0, 0xb, 0xf4, 0x0, 0x0, 0x0,
    0x0, 0x0, 0x3, 0xfc, 0x0, 0x0, 0x0, 0x0,
    0x0, 0x0, 0xbf, 0x30, 0x0, 0x0, 0x0, 0x0,
    0x0, 0x2f, 0xff, 0x0, 0x0, 0x0, 0x0, 0x0,
    0x2, 0xff, 0xf0, 0x0, 0x0, 0x0, 0x0, 0x0,
    0x2e, 0xee, 0x0, 0x0, 0x0, 0x0, 0x0, 0x0,
    0x0, 0x0, 0x0, 0x0, 0x0, 0x0, 0x0, 0x0,
    0x0, 0x0, 0x0, 0x0, 0x0, 0x2, 0x9d, 0xfe,
    0xb4, 0x8, 0xff, 0x60, 0x5, 0xff, 0xff, 0xff,
    0xf8, 0x8f, 0xf6, 0x4, 0xff, 0xff, 0xcb, 0xdf,
    0xfc, 0xff, 0x60, 0xef, 0xfc, 0x10, 0x0, 0x4f,
    0xff, 0xf6, 0x4f, 0xff, 0x10, 0x0, 0x0, 0x5f,
    0xff, 0x69, 0xff, 0xa0, 0x0, 0x0, 0x0, 0xef,
    0xf6, 0xbf, 0xf7, 0x0, 0x0, 0x0, 0xb, 0xff,
    0x6c, 0xff, 0x60, 0x0, 0x0, 0x0, 0xaf, 0xf6,
    0xaf, 0xf8, 0x0, 0x0, 0x0, 0xc, 0xff, 0x68,
    0xff, 0xc0, 0x0, 0x0, 0x1, 0xff, 0xf6, 0x2f,
    0xff, 0x40, 0x0, 0x0, 0x9f, 0xff, 0x60, 0xbf,
    0xff, 0x71, 0x2, 0xaf, 0xff, 0xf6, 0x1, 0xef,
    0xff, 0xff, 0xff, 0xeb, 0xff, 0x60, 0x1, 0xbf,
    0xff, 0xff, 0xe3, 0xaf, 0xf6, 0x0, 0x0, 0x37,
    0x99, 0x50, 0xa, 0xff, 0x51, 0x77, 0x60, 0x0,
    0x0, 0x0, 0xdf, 0xf3, 0xf, 0xff, 0x80, 0x0,
    0x0, 0x9f, 0xfe, 0x0, 0x6f, 0xff, 0xea, 0x9b,
    0xef, 0xff, 0x60, 0x0, 0x7f, 0xff, 0xff, 0xff,
    0xff, 0x70, 0x0, 0x0, 0x28, 0xce, 0xfe, 0xc8,
    0x20, 0x0,

    /* U+0124 "Ĥ" */
    0x0, 0x0, 0x0, 0x8f, 0xff, 0x50, 0x0, 0x0,
    0x0, 0x0, 0x0, 0x3f, 0xfd, 0xfe, 0x10, 0x0,
    0x0, 0x0, 0x0, 0xd, 0xf9, 0xc, 0xfa, 0x0,
    0x0, 0x0, 0x0, 0x8, 0xfc, 0x0, 0x2f, 0xf4,
    0x0, 0x0, 0x0, 0x0, 0x0, 0x0, 0x0, 0x0,
    0x0, 0x0, 0x0, 0x0, 0x0, 0x0, 0x0, 0x0,
    0x0, 0x0, 0x0, 0x8f, 0xfa, 0x0, 0x0, 0x0,
    0x0, 0xd, 0xff, 0x48, 0xff, 0xa0, 0x0, 0x0,
    0x0, 0x0, 0xdf, 0xf4, 0x8f, 0xfa, 0x0, 0x0,
    0x0, 0x0, 0xd, 0xff, 0x48, 0xff, 0xa0, 0x0,
    0x0, 0x0, 0x0, 0xdf, 0xf4, 0x8f, 0xfa, 0x0,
    0x0, 0x0, 0x0, 0xd, 0xff, 0x48, 0xff, 0xa0,
    0x0, 0x0, 0x0, 0x0, 0xdf, 0xf4, 0x8f, 0xfa,
    0x0, 0x0, 0x0, 0x0, 0xd, 0xff, 0x48, 0xff,
    0xa0, 0x0, 0x0, 0x0, 0x0, 0xdf, 0xf4, 0x8f,
    0xfa, 0x0, 0x0, 0x0, 0x0, 0xd, 0xff, 0x48,
    0xff, 0xff, 0xff, 0xff, 0xff, 0xff, 0xff, 0xf4,
    0x8f, 0xff, 0xff, 0xff, 0xff, 0xff, 0xff, 0xff,
    0x48, 0xff, 0xfe, 0xee, 0xee, 0xee, 0xee, 0xff,
    0xf4, 0x8f, 0xfa, 0x0, 0x0, 0x0, 0x0, 0xd,
    0xff, 0x48, 0xff, 0xa0, 0x0, 0x0, 0x0, 0x0,
    0xdf, 0xf4, 0x8f, 0xfa, 0x0, 0x0, 0x0, 0x0,
    0xd, 0xff, 0x48, 0xff, 0xa0, 0x0, 0x0, 0x0,
    0x0, 0xdf, 0xf4, 0x8f, 0xfa, 0x0, 0x0, 0x0,
    0x0, 0xd, 0xff, 0x48, 0xff, 0xa0, 0x0, 0x0,
    0x0, 0x0, 0xdf, 0xf4, 0x8f, 0xfa, 0x0, 0x0,
    0x0, 0x0, 0xd, 0xff, 0x48, 0xff, 0xa0, 0x0,
    0x0, 0x0, 0x0, 0xdf, 0xf4, 0x8f, 0xfa, 0x0,
    0x0, 0x0, 0x0, 0xd, 0xff, 0x40,

    /* U+0125 "ĥ" */
    0x0, 0x7, 0x88, 0x30, 0x0, 0x0, 0x0, 0x0,
    0x0, 0x7f, 0xff, 0xe0, 0x0, 0x0, 0x0, 0x0,
    0x1, 0xff, 0xdf, 0xf8, 0x0, 0x0, 0x0, 0x0,
    0xa, 0xfd, 0x7, 0xff, 0x20, 0x0, 0x0, 0x0,
    0x3f, 0xf3, 0x0, 0xbf, 0xb0, 0x0, 0x0, 0x0,
    0x0, 0x0, 0x0, 0x0, 0x0, 0x0, 0x0, 0x0,
    0x0, 0xd, 0xff, 0x40, 0x0, 0x0, 0x0, 0x0,
    0x0, 0xd, 0xff, 0x40, 0x0, 0x0, 0x0, 0x0,
    0x0, 0xd, 0xff, 0x40, 0x0, 0x0, 0x0, 0x0,
    0x0, 0xd, 0xff, 0x40, 0x0, 0x0, 0x0, 0x0,
    0x0, 0xd, 0xff, 0x40, 0x0, 0x0, 0x0, 0x0,
    0x0, 0xd, 0xff, 0x41, 0x8d, 0xfe, 0xb4, 0x0,
    0x0, 0xd, 0xff, 0x5d, 0xff, 0xff, 0xff, 0x60,
    0x0, 0xd, 0xff, 0xef, 0xea, 0xbf, 0xff, 0xf2,
    0x0, 0xd, 0xff, 0xf8, 0x0, 0x1, 0xef, 0xf9,
    0x0, 0xd, 0xff, 0xb0, 0x0, 0x0, 0x6f, 0xfd,
    0x0, 0xd, 0xff, 0x60, 0x0, 0x0, 0x3f, 0xfe,
    0x0, 0xd, 0xff, 0x40, 0x0, 0x0, 0x1f, 0xff,
    0x0, 0xd, 0xff, 0x40, 0x0, 0x0, 0x1f, 0xff,
    0x0, 0xd, 0xff, 0x40, 0x0, 0x0, 0x1f, 0xff,
    0x0, 0xd, 0xff, 0x40, 0x0, 0x0, 0x1f, 0xff,
    0x0, 0xd, 0xff, 0x40, 0x0, 0x0, 0x1f, 0xff,
    0x0, 0xd, 0xff, 0x40, 0x0, 0x0, 0x1f, 0xff,
    0x0, 0xd, 0xff, 0x40, 0x0, 0x0, 0x1f, 0xff,
    0x0, 0xd, 0xff, 0x40, 0x0, 0x0, 0x1f, 0xff,
    0x0, 0xd, 0xff, 0x40, 0x0, 0x0, 0x1f, 0xff,
    0x0, 0xd, 0xff, 0x40, 0x0, 0x0, 0x1f, 0xff,

    /* U+0126 "Ħ" */
    0x0, 0x8f, 0xfa, 0x0, 0x0, 0x0, 0x0, 0xd,
    0xff, 0x40, 0x0, 0x8, 0xff, 0xa0, 0x0, 0x0,
    0x0, 0x0, 0xdf, 0xf4, 0x0, 0x0, 0x8f, 0xfa,
    0x0, 0x0, 0x0, 0x0, 0xd, 0xff, 0x40, 0xa,
    0xff, 0xff, 0xff, 0xff, 0xff, 0xff, 0xff, 0xff,
    0xff, 0xf6, 0xaf, 0xff, 0xff, 0xff, 0xff, 0xff,
    0xff, 0xff, 0xff, 0xff, 0x66, 0xaf, 0xff, 0xfa,
    0xaa, 0xaa, 0xaa, 0xaa, 0xff, 0xfe, 0xa4, 0x0,
    0x8f, 0xfa, 0x0, 0x0, 0x0, 0x0, 0xd, 0xff,
    0x40, 0x0, 0x8, 0xff, 0xa0, 0x0, 0x0, 0x0,
    0x0, 0xdf, 0xf4, 0x0, 0x0, 0x8f, 0xfa, 0x0,
    0x0, 0x0, 0x0, 0xd, 0xff, 0x40, 0x0, 0x8,
    0xff, 0xff, 0xff, 0xff, 0xff, 0xff, 0xff, 0xf4,
    0x0, 0x0, 0x8f, 0xff, 0xff, 0xff, 0xff, 0xff,
    0xff, 0xff, 0x40, 0x0, 0x8, 0xff, 0xfe, 0xee,
    0xee, 0xee, 0xee, 0xff, 0xf4, 0x0, 0x0, 0x8f,
    0xfa, 0x0, 0x0, 0x0, 0x0, 0xd, 0xff, 0x40,
    0x0, 0x8, 0xff, 0xa0, 0x0, 0x0, 0x0, 0x0,
    0xdf, 0xf4, 0x0, 0x0, 0x8f, 0xfa, 0x0, 0x0,
    0x0, 0x0, 0xd, 0xff, 0x40, 0x0, 0x8, 0xff,
    0xa0, 0x0, 0x0, 0x0, 0x0, 0xdf, 0xf4, 0x0,
    0x0, 0x8f, 0xfa, 0x0, 0x0, 0x0, 0x0, 0xd,
    0xff, 0x40, 0x0, 0x8, 0xff, 0xa0, 0x0, 0x0,
    0x0, 0x0, 0xdf, 0xf4, 0x0, 0x0, 0x8f, 0xfa,
    0x0, 0x0, 0x0, 0x0, 0xd, 0xff, 0x40, 0x0,
    0x8, 0xff, 0xa0, 0x0, 0x0, 0x0, 0x0, 0xdf,
    0xf4, 0x0, 0x0, 0x8f, 0xfa, 0x0, 0x0, 0x0,
    0x0, 0xd, 0xff, 0x40, 0x0,

    /* U+0127 "ħ" */
    0x0, 0xdf, 0xf4, 0x0, 0x0, 0x0, 0x0, 0x2,
    0x3f, 0xff, 0x73, 0x33, 0x10, 0x0, 0x0, 0xdf,
    0xff, 0xff, 0xff, 0xf5, 0x0, 0x0, 0xd, 0xff,
    0xff, 0xff, 0xff, 0x50, 0x0, 0x0, 0x0, 0xdf,
    0xf4, 0x0, 0x0, 0x0, 0x0, 0x0, 0xd, 0xff,
    0x41, 0x8d, 0xfe, 0xb4, 0x0, 0x0, 0xdf, 0xf5,
    0xdf, 0xff, 0xff, 0xf6, 0x0, 0xd, 0xff, 0xef,
    0xea, 0xbf, 0xff, 0xf2, 0x0, 0xdf, 0xff, 0x80,
    0x0, 0x1e, 0xff, 0x90, 0xd, 0xff, 0xb0, 0x0,
    0x0, 0x6f, 0xfd, 0x0, 0xdf, 0xf6, 0x0, 0x0,
    0x3, 0xff, 0xe0, 0xd, 0xff, 0x40, 0x0, 0x0,
    0x1f, 0xff, 0x0, 0xdf, 0xf4, 0x0, 0x0, 0x1,
    0xff, 0xf0, 0xd, 0xff, 0x40, 0x0, 0x0, 0x1f,
    0xff, 0x0, 0xdf, 0xf4, 0x0, 0x0, 0x1, 0xff,
    0xf0, 0xd, 0xff, 0x40, 0x0, 0x0, 0x1f, 0xff,
    0x0, 0xdf, 0xf4, 0x0, 0x0, 0x1, 0xff, 0xf0,
    0xd, 0xff, 0x40, 0x0, 0x0, 0x1f, 0xff, 0x0,
    0xdf, 0xf4, 0x0, 0x0, 0x1, 0xff, 0xf0, 0xd,
    0xff, 0x40, 0x0, 0x0, 0x1f, 0xff, 0x0, 0xdf,
    0xf4, 0x0, 0x0, 0x1, 0xff, 0xf0,

    /* U+0128 "Ĩ" */
    0x4, 0xde, 0x90, 0x0, 0xfa, 0x1f, 0xff, 0xfc,
    0x26, 0xf8, 0x6f, 0x71, 0xbf, 0xff, 0xf1, 0x8f,
    0x20, 0x8, 0xed, 0x50, 0x0, 0x0, 0x0, 0x0,
    0x0, 0x0, 0x0, 0x0, 0x0, 0x0, 0x0, 0x8,
    0xff, 0xa0, 0x0, 0x0, 0x8, 0xff, 0xa0, 0x0,
    0x0, 0x8, 0xff, 0xa0, 0x0, 0x0, 0x8, 0xff,
    0xa0, 0x0, 0x0, 0x8, 0xff, 0xa0, 0x0, 0x0,
    0x8, 0xff, 0xa0, 0x0, 0x0, 0x8, 0xff, 0xa0,
    0x0, 0x0, 0x8, 0xff, 0xa0, 0x0, 0x0, 0x8,
    0xff, 0xa0, 0x0, 0x0, 0x8, 0xff, 0xa0, 0x0,
    0x0, 0x8, 0xff, 0xa0, 0x0, 0x0, 0x8, 0xff,
    0xa0, 0x0, 0x0, 0x8, 0xff, 0xa0, 0x0, 0x0,
    0x8, 0xff, 0xa0, 0x0, 0x0, 0x8, 0xff, 0xa0,
    0x0, 0x0, 0x8, 0xff, 0xa0, 0x0, 0x0, 0x8,
    0xff, 0xa0, 0x0, 0x0, 0x8, 0xff, 0xa0, 0x0,
    0x0, 0x8, 0xff, 0xa0, 0x0, 0x0, 0x8, 0xff,
    0xa0, 0x0, 0x0, 0x8, 0xff, 0xa0, 0x0,

    /* U+0129 "ĩ" */
    0x0, 0x0, 0x0, 0x2, 0x82, 0x9, 0xee, 0xa3,
    0x9, 0xf3, 0x9f, 0xff, 0xff, 0xff, 0xd0, 0xee,
    0x11, 0x8d, 0xfb, 0x20, 0x0, 0x0, 0x0, 0x0,
    0x0, 0x0, 0x0, 0x0, 0x0, 0x0, 0x0, 0xd,
    0xff, 0x40, 0x0, 0x0, 0xd, 0xff, 0x40, 0x0,
    0x0, 0xd, 0xff, 0x40, 0x0, 0x0, 0xd, 0xff,
    0x40, 0x0, 0x0, 0xd, 0xff, 0x40, 0x0, 0x0,
    0xd, 0xff, 0x40, 0x0, 0x0, 0xd, 0xff, 0x40,
    0x0, 0x0, 0xd, 0xff, 0x40, 0x0, 0x0, 0xd,
    0xff, 0x40, 0x0, 0x0, 0xd, 0xff, 0x40, 0x0,
    0x0, 0xd, 0xff, 0x40, 0x0, 0x0, 0xd, 0xff,
    0x40, 0x0, 0x0, 0xd, 0xff, 0x40, 0x0, 0x0,
    0xd, 0xff, 0x40, 0x0, 0x0, 0xd, 0xff, 0x40,
    0x0, 0x0, 0xd, 0xff, 0x40, 0x0,

    /* U+012A "Ī" */
    0xff, 0xff, 0xff, 0xff, 0x1f, 0xff, 0xff, 0xff,
    0xf1, 0x78, 0x88, 0x88, 0x88, 0x0, 0x0, 0x0,
    0x0, 0x0, 0x0, 0x0, 0x0, 0x0, 0x0, 0x8,
    0xff, 0xa0, 0x0, 0x0, 0x8f, 0xfa, 0x0, 0x0,
    0x8, 0xff, 0xa0, 0x0, 0x0, 0x8f, 0xfa, 0x0,
    0x0, 0x8, 0xff, 0xa0, 0x0, 0x0, 0x8f, 0xfa,
    0x0, 0x0, 0x8, 0xff, 0xa0, 0x0, 0x0, 0x8f,
    0xfa, 0x0, 0x0, 0x8, 0xff, 0xa0, 0x0, 0x0,
    0x8f, 0xfa, 0x0, 0x0, 0x8, 0xff, 0xa0, 0x0,
    0x0, 0x8f, 0xfa, 0x0, 0x0, 0x8, 0xff, 0xa0,
    0x0, 0x0, 0x8f, 0xfa, 0x0, 0x0, 0x8, 0xff,
    0xa0, 0x0, 0x0, 0x8f, 0xfa, 0x0, 0x0, 0x8,
    0xff, 0xa0, 0x0, 0x0, 0x8f, 0xfa, 0x0, 0x0,
    0x8, 0xff, 0xa0, 0x0, 0x0, 0x8f, 0xfa, 0x0,
    0x0, 0x8, 0xff, 0xa0, 0x0,

    /* U+012B "ī" */
    0x5f, 0xff, 0xff, 0xff, 0xc5, 0xff, 0xff, 0xff,
    0xfc, 0x28, 0x88, 0x88, 0x88, 0x60, 0x0, 0x0,
    0x0, 0x0, 0x0, 0x0, 0x0, 0x0, 0x0, 0x0,
    0xdf, 0xf4, 0x0, 0x0, 0xd, 0xff, 0x40, 0x0,
    0x0, 0xdf, 0xf4, 0x0, 0x0, 0xd, 0xff, 0x40,
    0x0, 0x0, 0xdf, 0xf4, 0x0, 0x0, 0xd, 0xff,
    0x40, 0x0, 0x0, 0xdf, 0xf4, 0x0, 0x0, 0xd,
    0xff, 0x40, 0x0, 0x0, 0xdf, 0xf4, 0x0, 0x0,
    0xd, 0xff, 0x40, 0x0, 0x0, 0xdf, 0xf4, 0x0,
    0x0, 0xd, 0xff, 0x40, 0x0, 0x0, 0xdf, 0xf4,
    0x0, 0x0, 0xd, 0xff, 0x40, 0x0, 0x0, 0xdf,
    0xf4, 0x0, 0x0, 0xd, 0xff, 0x40, 0x0,

    /* U+012C "Ĭ" */
    0x8, 0x50, 0x0, 0x4, 0x81, 0xe, 0xf3, 0x0,
    0x1e, 0xf1, 0x5, 0xff, 0xcc, 0xff, 0x80, 0x0,
    0x3b, 0xee, 0xc5, 0x0, 0x0, 0x0, 0x0, 0x0,
    0x0, 0x0, 0x0, 0x0, 0x0, 0x0, 0x0, 0x5,
    0xff, 0x60, 0x0, 0x0, 0x5, 0xff, 0x60, 0x0,
    0x0, 0x5, 0xff, 0x60, 0x0, 0x0, 0x5, 0xff,
    0x60, 0x0, 0x0, 0x5, 0xff, 0x60, 0x0, 0x0,
    0x5, 0xff, 0x60, 0x0, 0x0, 0x5, 0xff, 0x60,
    0x0, 0x0, 0x5, 0xff, 0x60, 0x0, 0x0, 0x5,
    0xff, 0x60, 0x0, 0x0, 0x5, 0xff, 0x60, 0x0,
    0x0, 0x5, 0xff, 0x60, 0x0, 0x0, 0x5, 0xff,
    0x60, 0x0, 0x0, 0x5, 0xff, 0x60, 0x0, 0x0,
    0x5, 0xff, 0x60, 0x0, 0x0, 0x5, 0xff, 0x60,
    0x0, 0x0, 0x5, 0xff, 0x60, 0x0, 0x0, 0x5,
    0xff, 0x60, 0x0, 0x0, 0x5, 0xff, 0x60, 0x0,
    0x0, 0x5, 0xff, 0x60, 0x0, 0x0, 0x5, 0xff,
    0x60, 0x0,

    /* U+012D "ĭ" */
    0xdf, 0x20, 0x0, 0xaf, 0x45, 0xff, 0xcc, 0xef,
    0xc0, 0x4, 0xbe, 0xfd, 0x70, 0x0, 0x0, 0x0,
    0x0, 0x0, 0x0, 0x0, 0x0, 0x0, 0x0, 0x1,
    0xff, 0x70, 0x0, 0x0, 0x1f, 0xf7, 0x0, 0x0,
    0x1, 0xff, 0x70, 0x0, 0x0, 0x1f, 0xf7, 0x0,
    0x0, 0x1, 0xff, 0x70, 0x0, 0x0, 0x1f, 0xf7,
    0x0, 0x0, 0x1, 0xff, 0x70, 0x0, 0x0, 0x1f,
    0xf7, 0x0, 0x0, 0x1, 0xff, 0x70, 0x0, 0x0,
    0x1f, 0xf7, 0x0, 0x0, 0x1, 0xff, 0x70, 0x0,
    0x0, 0x1f, 0xf7, 0x0, 0x0, 0x1, 0xff, 0x70,
    0x0, 0x0, 0x1f, 0xf7, 0x0, 0x0, 0x1, 0xff,
    0x70, 0x0,

    /* U+012E "Į" */
    0x8, 0xff, 0xa0, 0x8, 0xff, 0xa0, 0x8, 0xff,
    0xa0, 0x8, 0xff, 0xa0, 0x8, 0xff, 0xa0, 0x8,
    0xff, 0xa0, 0x8, 0xff, 0xa0, 0x8, 0xff, 0xa0,
    0x8, 0xff, 0xa0, 0x8, 0xff, 0xa0, 0x8, 0xff,
    0xa0, 0x8, 0xff, 0xa0, 0x8, 0xff, 0xa0, 0x8,
    0xff, 0xa0, 0x8, 0xff, 0xa0, 0x8, 0xff, 0xa0,
    0x8, 0xff, 0xa0, 0x8, 0xff, 0xa0, 0x8, 0xff,
    0xa0, 0x8, 0xff, 0xa0, 0x8, 0xff, 0xa0, 0x4,
    0xff, 0x40, 0xe, 0xf8, 0x0, 0x8f, 0xe0, 0x0,
    0xdf, 0xd0, 0x30, 0xdf, 0xff, 0xf4, 0x4e, 0xff,
    0xf5, 0x0, 0x22, 0x0,

    /* U+012F "į" */
    0x0, 0xef, 0xf5, 0x0, 0xe, 0xff, 0x50, 0x0,
    0xef, 0xf5, 0x0, 0x1, 0x11, 0x0, 0x0, 0x0,
    0x0, 0x0, 0xd, 0xff, 0x40, 0x0, 0xdf, 0xf4,
    0x0, 0xd, 0xff, 0x40, 0x0, 0xdf, 0xf4, 0x0,
    0xd, 0xff, 0x40, 0x0, 0xdf, 0xf4, 0x0, 0xd,
    0xff, 0x40, 0x0, 0xdf, 0xf4, 0x0, 0xd, 0xff,
    0x40, 0x0, 0xdf, 0xf4, 0x0, 0xd, 0xff, 0x40,
    0x0, 0xdf, 0xf4, 0x0, 0xd, 0xff, 0x40, 0x0,
    0xdf, 0xf4, 0x0, 0xd, 0xff, 0x40, 0x0, 0xdf,
    0xf4, 0x0, 0x9, 0xfd, 0x0, 0x4, 0xff, 0x30,
    0x0, 0xdf, 0x90, 0x0, 0x3f, 0xf8, 0x2, 0x2,
    0xff, 0xff, 0xe0, 0x8, 0xff, 0xfd, 0x10, 0x1,
    0x21, 0x0,

    /* U+0130 "İ" */
    0x1, 0x11, 0x8f, 0xfa, 0x8f, 0xfa, 0x8f, 0xfa,
    0x0, 0x0, 0x0, 0x0, 0x8f, 0xfa, 0x8f, 0xfa,
    0x8f, 0xfa, 0x8f, 0xfa, 0x8f, 0xfa, 0x8f, 0xfa,
    0x8f, 0xfa, 0x8f, 0xfa, 0x8f, 0xfa, 0x8f, 0xfa,
    0x8f, 0xfa, 0x8f, 0xfa, 0x8f, 0xfa, 0x8f, 0xfa,
    0x8f, 0xfa, 0x8f, 0xfa, 0x8f, 0xfa, 0x8f, 0xfa,
    0x8f, 0xfa, 0x8f, 0xfa, 0x8f, 0xfa,

    /* U+0131 "ı" */
    0xdf, 0xf4, 0xdf, 0xf4, 0xdf, 0xf4, 0xdf, 0xf4,
    0xdf, 0xf4, 0xdf, 0xf4, 0xdf, 0xf4, 0xdf, 0xf4,
    0xdf, 0xf4, 0xdf, 0xf4, 0xdf, 0xf4, 0xdf, 0xf4,
    0xdf, 0xf4, 0xdf, 0xf4, 0xdf, 0xf4, 0xdf, 0xf4,

    /* U+0132 "Ĳ" */
    0x8f, 0xfa, 0x0, 0x0, 0x0, 0x0, 0x0, 0x0,
    0x0, 0xff, 0xf2, 0x8f, 0xfa, 0x0, 0x0, 0x0,
    0x0, 0x0, 0x0, 0x0, 0xff, 0xf2, 0x8f, 0xfa,
    0x0, 0x0, 0x0, 0x0, 0x0, 0x0, 0x0, 0xff,
    0xf2, 0x8f, 0xfa, 0x0, 0x0, 0x0, 0x0, 0x0,
    0x0, 0x0, 0xff, 0xf2, 0x8f, 0xfa, 0x0, 0x0,
    0x0, 0x0, 0x0, 0x0, 0x0, 0xff, 0xf2, 0x8f,
    0xfa, 0x0, 0x0, 0x0, 0x0, 0x0, 0x0, 0x0,
    0xff, 0xf2, 0x8f, 0xfa, 0x0, 0x0, 0x0, 0x0,
    0x0, 0x0, 0x0, 0xff, 0xf2, 0x8f, 0xfa, 0x0,
    0x0, 0x0, 0x0, 0x0, 0x0, 0x0, 0xff, 0xf2,
    0x8f, 0xfa, 0x0, 0x0, 0x0, 0x0, 0x0, 0x0,
    0x0, 0xff, 0xf2, 0x8f, 0xfa, 0x0, 0x0, 0x0,
    0x0, 0x0, 0x0, 0x0, 0xff, 0xf2, 0x8f, 0xfa,
    0x0, 0x0, 0x0, 0x0, 0x0, 0x0, 0x0, 0xff,
    0xf2, 0x8f, 0xfa, 0x0, 0x0, 0x0, 0x0, 0x0,
    0x0, 0x0, 0xff, 0xf2, 0x8f, 0xfa, 0x0, 0x0,
    0x0, 0x0, 0x0, 0x0, 0x0, 0xff, 0xf2, 0x8f,
    0xfa, 0x0, 0x4, 0x77, 0x40, 0x0, 0x0, 0x0,
    0xff, 0xf1, 0x8f, 0xfa, 0x0, 0x8, 0xff, 0xa0,
    0x0, 0x0, 0x1, 0xff, 0xf0, 0x8f, 0xfa, 0x0,
    0x6, 0xff, 0xd0, 0x0, 0x0, 0x4, 0xff, 0xe0,
    0x8f, 0xfa, 0x0, 0x1, 0xff, 0xf4, 0x0, 0x0,
    0xb, 0xff, 0x90, 0x8f, 0xfa, 0x0, 0x0, 0xaf,
    0xfe, 0x50, 0x1, 0xaf, 0xff, 0x30, 0x8f, 0xfa,
    0x0, 0x0, 0x1e, 0xff, 0xff, 0xef, 0xff, 0xf8,
    0x0, 0x8f, 0xfa, 0x0, 0x0, 0x2, 0xdf, 0xff,
    0xff, 0xff, 0x80, 0x0, 0x8f, 0xfa, 0x0, 0x0,
    0x0, 0x6, 0xce, 0xfd, 0xa3, 0x0, 0x0,

    /* U+0133 "ĳ" */
    0xef, 0xf5, 0x0, 0x1, 0xff, 0xf1, 0xef, 0xf5,
    0x0, 0x1, 0xff, 0xf1, 0xef, 0xf5, 0x0, 0x1,
    0xff, 0xf1, 0x11, 0x10, 0x0, 0x0, 0x11, 0x10,
    0x0, 0x0, 0x0, 0x0, 0x0, 0x0, 0xdf, 0xf4,
    0x0, 0x0, 0xff, 0xf0, 0xdf, 0xf4, 0x0, 0x0,
    0xff, 0xf0, 0xdf, 0xf4, 0x0, 0x0, 0xff, 0xf0,
    0xdf, 0xf4, 0x0, 0x0, 0xff, 0xf0, 0xdf, 0xf4,
    0x0, 0x0, 0xff, 0xf0, 0xdf, 0xf4, 0x0, 0x0,
    0xff, 0xf0, 0xdf, 0xf4, 0x0, 0x0, 0xff, 0xf0,
    0xdf, 0xf4, 0x0, 0x0, 0xff, 0xf0, 0xdf, 0xf4,
    0x0, 0x0, 0xff, 0xf0, 0xdf, 0xf4, 0x0, 0x0,
    0xff, 0xf0, 0xdf, 0xf4, 0x0, 0x0, 0xff, 0xf0,
    0xdf, 0xf4, 0x0, 0x0, 0xff, 0xf0, 0xdf, 0xf4,
    0x0, 0x0, 0xff, 0xf0, 0xdf, 0xf4, 0x0, 0x0,
    0xff, 0xf0, 0xdf, 0xf4, 0x0, 0x0, 0xff, 0xf0,
    0xdf, 0xf4, 0x0, 0x0, 0xff, 0xf0, 0x0, 0x0,
    0x0, 0x3, 0xff, 0xf0, 0x0, 0x0, 0x18, 0x9e,
    0xff, 0xd0, 0x0, 0x0, 0x2f, 0xff, 0xff, 0x60,
    0x0, 0x0, 0x2f, 0xff, 0xc6, 0x0,

    /* U+0134 "Ĵ" */
    0x0, 0x0, 0x0, 0x0, 0x0, 0x5, 0x88, 0x60,
    0x0, 0x0, 0x0, 0x0, 0x0, 0x0, 0x3f, 0xff,
    0xf3, 0x0, 0x0, 0x0, 0x0, 0x0, 0x0, 0xcf,
    0xaa, 0xfc, 0x0, 0x0, 0x0, 0x0, 0x0, 0x5,
    0xff, 0x11, 0xef, 0x60, 0x0, 0x0, 0x0, 0x0,
    0xe, 0xf6, 0x0, 0x6f, 0xe0, 0x0, 0x0, 0x0,
    0x0, 0x0, 0x0, 0x0, 0x0, 0x0, 0x0, 0x0,
    0x0, 0x0, 0x0, 0x0, 0x0, 0x0, 0x0, 0x0,
    0x0, 0x0, 0x0, 0x0, 0x9, 0xff, 0x80, 0x0,
    0x0, 0x0, 0x0, 0x0, 0x0, 0x9, 0xff, 0x80,
    0x0, 0x0, 0x0, 0x0, 0x0, 0x0, 0x9, 0xff,
    0x80, 0x0, 0x0, 0x0, 0x0, 0x0, 0x0, 0x9,
    0xff, 0x80, 0x0, 0x0, 0x0, 0x0, 0x0, 0x0,
    0x9, 0xff, 0x80, 0x0, 0x0, 0x0, 0x0, 0x0,
    0x0, 0x9, 0xff, 0x80, 0x0, 0x0, 0x0, 0x0,
    0x0, 0x0, 0x9, 0xff, 0x80, 0x0, 0x0, 0x0,
    0x0, 0x0, 0x0, 0x9, 0xff, 0x80, 0x0, 0x0,
    0x0, 0x0, 0x0, 0x0, 0x9, 0xff, 0x80, 0x0,
    0x0, 0x0, 0x0, 0x0, 0x0, 0x9, 0xff, 0x80,
    0x0, 0x0, 0x0, 0x0, 0x0, 0x0, 0x9, 0xff,
    0x80, 0x0, 0x0, 0x0, 0x0, 0x0, 0x0, 0x9,
    0xff, 0x80, 0x0, 0x0, 0x0, 0x0, 0x0, 0x0,
    0x9, 0xff, 0x80, 0x0, 0x17, 0x77, 0x0, 0x0,
    0x0, 0x9, 0xff, 0x80, 0x0, 0x2f, 0xff, 0x0,
    0x0, 0x0, 0xb, 0xff, 0x60, 0x0, 0xf, 0xff,
    0x30, 0x0, 0x0, 0xe, 0xff, 0x40, 0x0, 0xa,
    0xff, 0xa0, 0x0, 0x0, 0x5f, 0xff, 0x0, 0x0,
    0x4, 0xff, 0xf9, 0x10, 0x5, 0xff, 0xf9, 0x0,
    0x0, 0x0, 0x9f, 0xff, 0xfe, 0xff, 0xff, 0xe0,
    0x0, 0x0, 0x0, 0x9, 0xff, 0xff, 0xff, 0xfd,
    0x20, 0x0, 0x0, 0x0, 0x0, 0x3a, 0xdf, 0xec,
    0x60, 0x0, 0x0, 0x0,

    /* U+0135 "ĵ" */
    0x0, 0x6, 0xff, 0xf7, 0x0, 0x0, 0x1f, 0xfd,
    0xff, 0x20, 0x0, 0xbf, 0xb0, 0xbf, 0xb0, 0x5,
    0xfe, 0x10, 0x1e, 0xf6, 0x0, 0x10, 0x0, 0x0,
    0x10, 0x0, 0x0, 0x0, 0x0, 0x0, 0x0, 0x0,
    0xff, 0xf1, 0x0, 0x0, 0x0, 0xff, 0xf1, 0x0,
    0x0, 0x0, 0xff, 0xf1, 0x0, 0x0, 0x0, 0xff,
    0xf1, 0x0, 0x0, 0x0, 0xff, 0xf1, 0x0, 0x0,
    0x0, 0xff, 0xf1, 0x0, 0x0, 0x0, 0xff, 0xf1,
    0x0, 0x0, 0x0, 0xff, 0xf1, 0x0, 0x0, 0x0,
    0xff, 0xf1, 0x0, 0x0, 0x0, 0xff, 0xf1, 0x0,
    0x0, 0x0, 0xff, 0xf1, 0x0, 0x0, 0x0, 0xff,
    0xf1, 0x0, 0x0, 0x0, 0xff, 0xf1, 0x0, 0x0,
    0x0, 0xff, 0xf1, 0x0, 0x0, 0x0, 0xff, 0xf1,
    0x0, 0x0, 0x0, 0xff, 0xf0, 0x0, 0x0, 0x2,
    0xff, 0xf0, 0x0, 0x8, 0x9e, 0xff, 0xd0, 0x0,
    0x1f, 0xff, 0xff, 0x70, 0x0, 0x1f, 0xff, 0xc6,
    0x0, 0x0,

    /* U+0136 "Ķ" */
    0x8f, 0xfa, 0x0, 0x0, 0x0, 0x2, 0xff, 0xfa,
    0x8, 0xff, 0xa0, 0x0, 0x0, 0x1, 0xef, 0xfc,
    0x0, 0x8f, 0xfa, 0x0, 0x0, 0x0, 0xdf, 0xfd,
    0x10, 0x8, 0xff, 0xa0, 0x0, 0x0, 0xbf, 0xfe,
    0x20, 0x0, 0x8f, 0xfa, 0x0, 0x0, 0x9f, 0xff,
    0x30, 0x0, 0x8, 0xff, 0xa0, 0x0, 0x7f, 0xff,
    0x50, 0x0, 0x0, 0x8f, 0xfa, 0x0, 0x5f, 0xff,
    0x80, 0x0, 0x0, 0x8, 0xff, 0xa0, 0x3f, 0xff,
    0xa0, 0x0, 0x0, 0x0, 0x8f, 0xfa, 0x2e, 0xff,
    0xc0, 0x0, 0x0, 0x0, 0x8, 0xff, 0xbd, 0xff,
    0xf7, 0x0, 0x0, 0x0, 0x0, 0x8f, 0xff, 0xff,
    0xff, 0xf2, 0x0, 0x0, 0x0, 0x8, 0xff, 0xff,
    0xed, 0xff, 0xd0, 0x0, 0x0, 0x0, 0x8f, 0xff,
    0xf3, 0x2f, 0xff, 0x90, 0x0, 0x0, 0x8, 0xff,
    0xf4, 0x0, 0x6f, 0xff, 0x40, 0x0, 0x0, 0x8f,
    0xfa, 0x0, 0x0, 0xaf, 0xfe, 0x10, 0x0, 0x8,
    0xff, 0xa0, 0x0, 0x1, 0xef, 0xfb, 0x0, 0x0,
    0x8f, 0xfa, 0x0, 0x0, 0x4, 0xff, 0xf6, 0x0,
    0x8, 0xff, 0xa0, 0x0, 0x0, 0x8, 0xff, 0xf2,
    0x0, 0x8f, 0xfa, 0x0, 0x0, 0x0, 0xd, 0xff,
    0xd0, 0x8, 0xff, 0xa0, 0x0, 0x0, 0x0, 0x2f,
    0xff, 0x80, 0x8f, 0xfa, 0x0, 0x0, 0x0, 0x0,
    0x6f, 0xff, 0x40, 0x0, 0x0, 0x0, 0x0, 0x0,
    0x0, 0x0, 0x0, 0x0, 0x0, 0x0, 0x6e, 0xea,
    0x0, 0x0, 0x0, 0x0, 0x0, 0x0, 0x7, 0xff,
    0xc0, 0x0, 0x0, 0x0, 0x0, 0x0, 0x0, 0x7f,
    0xfb, 0x0, 0x0, 0x0, 0x0, 0x0, 0x0, 0x0,
    0xaf, 0x50, 0x0, 0x0, 0x0, 0x0, 0x0, 0x0,
    0x3f, 0xc0, 0x0, 0x0, 0x0, 0x0, 0x0, 0x0,
    0xb, 0xf4, 0x0, 0x0, 0x0, 0x0,

    /* U+0137 "ķ" */
    0xdf, 0xf4, 0x0, 0x0, 0x0, 0x0, 0x0, 0xd,
    0xff, 0x40, 0x0, 0x0, 0x0, 0x0, 0x0, 0xdf,
    0xf4, 0x0, 0x0, 0x0, 0x0, 0x0, 0xd, 0xff,
    0x40, 0x0, 0x0, 0x0, 0x0, 0x0, 0xdf, 0xf4,
    0x0, 0x0, 0x0, 0x0, 0x0, 0xd, 0xff, 0x40,
    0x0, 0x0, 0x4f, 0xff, 0x90, 0xdf, 0xf4, 0x0,
    0x0, 0x2f, 0xff, 0xb0, 0xd, 0xff, 0x40, 0x0,
    0x1e, 0xff, 0xc0, 0x0, 0xdf, 0xf4, 0x0, 0xd,
    0xff, 0xd1, 0x0, 0xd, 0xff, 0x40, 0xb, 0xff,
    0xe2, 0x0, 0x0, 0xdf, 0xf4, 0xa, 0xff, 0xf3,
    0x0, 0x0, 0xd, 0xff, 0x48, 0xff, 0xf4, 0x0,
    0x0, 0x0, 0xdf, 0xfa, 0xff, 0xff, 0x80, 0x0,
    0x0, 0xd, 0xff, 0xff, 0xff, 0xff, 0x30, 0x0,
    0x0, 0xdf, 0xff, 0xf4, 0x8f, 0xfd, 0x0, 0x0,
    0xd, 0xff, 0xf5, 0x0, 0xdf, 0xf9, 0x0, 0x0,
    0xdf, 0xf7, 0x0, 0x3, 0xff, 0xf4, 0x0, 0xd,
    0xff, 0x40, 0x0, 0x8, 0xff, 0xe0, 0x0, 0xdf,
    0xf4, 0x0, 0x0, 0xd, 0xff, 0x90, 0xd, 0xff,
    0x40, 0x0, 0x0, 0x3f, 0xff, 0x40, 0xdf, 0xf4,
    0x0, 0x0, 0x0, 0x9f, 0xfe, 0x10, 0x0, 0x0,
    0x0, 0x0, 0x0, 0x0, 0x0, 0x0, 0x0, 0xb,
    0xee, 0x50, 0x0, 0x0, 0x0, 0x0, 0x0, 0xdf,
    0xf5, 0x0, 0x0, 0x0, 0x0, 0x0, 0xd, 0xff,
    0x50, 0x0, 0x0, 0x0, 0x0, 0x0, 0x1f, 0xe0,
    0x0, 0x0, 0x0, 0x0, 0x0, 0x9, 0xf6, 0x0,
    0x0, 0x0, 0x0, 0x0, 0x1, 0xfd, 0x0, 0x0,
    0x0, 0x0,

    /* U+0138 "ĸ" */
    0x1f, 0xf7, 0x0, 0x0, 0x9e, 0xf5, 0x1f, 0xf7,
    0x0, 0x8, 0xff, 0xf5, 0x1f, 0xf7, 0x0, 0x1f,
    0xf5, 0x10, 0x1f, 0xf7, 0x0, 0x7f, 0xb0, 0x0,
    0x1f, 0xf7, 0x0, 0xef, 0x50, 0x0, 0x1f, 0xf7,
    0x7, 0xfd, 0x0, 0x0, 0x1f, 0xfc, 0xbf, 0xe2,
    0x0, 0x0, 0x1f, 0xff, 0xff, 0x80, 0x0, 0x0,
    0x1f, 0xf7, 0x3d, 0xfc, 0x0, 0x0, 0x1f, 0xf7,
    0x2, 0xff, 0x90, 0x0, 0x1f, 0xf7, 0x0, 0x8f,
    0xf4, 0x0, 0x1f, 0xf7, 0x0, 0xd, 0xfd, 0x0,
    0x1f, 0xf7, 0x0, 0x5, 0xff, 0x70, 0x1f, 0xf7,
    0x0, 0x0, 0xbf, 0xf1, 0x1f, 0xf7, 0x0, 0x0,
    0x2f, 0xfa,

    /* U+0139 "Ĺ" */
    0x0, 0xaf, 0xf6, 0x0, 0x0, 0x0, 0x0, 0x2,
    0xff, 0xc0, 0x0, 0x0, 0x0, 0x0, 0x9, 0xff,
    0x20, 0x0, 0x0, 0x0, 0x0, 0x1f, 0xf7, 0x0,
    0x0, 0x0, 0x0, 0x0, 0x0, 0x0, 0x0, 0x0,
    0x0, 0x0, 0x0, 0x0, 0x0, 0x0, 0x0, 0x0,
    0x0, 0x0, 0x8f, 0xfa, 0x0, 0x0, 0x0, 0x0,
    0x0, 0x8f, 0xfa, 0x0, 0x0, 0x0, 0x0, 0x0,
    0x8f, 0xfa, 0x0, 0x0, 0x0, 0x0, 0x0, 0x8f,
    0xfa, 0x0, 0x0, 0x0, 0x0, 0x0, 0x8f, 0xfa,
    0x0, 0x0, 0x0, 0x0, 0x0, 0x8f, 0xfa, 0x0,
    0x0, 0x0, 0x0, 0x0, 0x8f, 0xfa, 0x0, 0x0,
    0x0, 0x0, 0x0, 0x8f, 0xfa, 0x0, 0x0, 0x0,
    0x0, 0x0, 0x8f, 0xfa, 0x0, 0x0, 0x0, 0x0,
    0x0, 0x8f, 0xfa, 0x0, 0x0, 0x0, 0x0, 0x0,
    0x8f, 0xfa, 0x0, 0x0, 0x0, 0x0, 0x0, 0x8f,
    0xfa, 0x0, 0x0, 0x0, 0x0, 0x0, 0x8f, 0xfa,
    0x0, 0x0, 0x0, 0x0, 0x0, 0x8f, 0xfa, 0x0,
    0x0, 0x0, 0x0, 0x0, 0x8f, 0xfa, 0x0, 0x0,
    0x0, 0x0, 0x0, 0x8f, 0xfa, 0x0, 0x0, 0x0,
    0x0, 0x0, 0x8f, 0xfa, 0x0, 0x0, 0x0, 0x0,
    0x0, 0x8f, 0xfa, 0x0, 0x0, 0x0, 0x0, 0x0,
    0x8f, 0xff, 0xee, 0xee, 0xee, 0xee, 0xe9, 0x8f,
    0xff, 0xff, 0xff, 0xff, 0xff, 0xfa, 0x8f, 0xff,
    0xff, 0xff, 0xff, 0xff, 0xfa,

    /* U+013A "ĺ" */
    0x1, 0xef, 0xe1, 0x8, 0xff, 0x60, 0xe, 0xfc,
    0x0, 0x6f, 0xf2, 0x0, 0x0, 0x0, 0x0, 0xdf,
    0xf4, 0x0, 0xdf, 0xf4, 0x0, 0xdf, 0xf4, 0x0,
    0xdf, 0xf4, 0x0, 0xdf, 0xf4, 0x0, 0xdf, 0xf4,
    0x0, 0xdf, 0xf4, 0x0, 0xdf, 0xf4, 0x0, 0xdf,
    0xf4, 0x0, 0xdf, 0xf4, 0x0, 0xdf, 0xf4, 0x0,
    0xdf, 0xf4, 0x0, 0xdf, 0xf4, 0x0, 0xdf, 0xf4,
    0x0, 0xdf, 0xf4, 0x0, 0xdf, 0xf4, 0x0, 0xdf,
    0xf4, 0x0, 0xdf, 0xf4, 0x0, 0xbf, 0xfd, 0x94,
    0x5f, 0xff, 0xf8, 0x6, 0xdf, 0xf8,

    /* U+013B "Ļ" */
    0x8f, 0xfa, 0x0, 0x0, 0x0, 0x0, 0x0, 0x8f,
    0xfa, 0x0, 0x0, 0x0, 0x0, 0x0, 0x8f, 0xfa,
    0x0, 0x0, 0x0, 0x0, 0x0, 0x8f, 0xfa, 0x0,
    0x0, 0x0, 0x0, 0x0, 0x8f, 0xfa, 0x0, 0x0,
    0x0, 0x0, 0x0, 0x8f, 0xfa, 0x0, 0x0, 0x0,
    0x0, 0x0, 0x8f, 0xfa, 0x0, 0x0, 0x0, 0x0,
    0x0, 0x8f, 0xfa, 0x0, 0x0, 0x0, 0x0, 0x0,
    0x8f, 0xfa, 0x0, 0x0, 0x0, 0x0, 0x0, 0x8f,
    0xfa, 0x0, 0x0, 0x0, 0x0, 0x0, 0x8f, 0xfa,
    0x0, 0x0, 0x0, 0x0, 0x0, 0x8f, 0xfa, 0x0,
    0x0, 0x0, 0x0, 0x0, 0x8f, 0xfa, 0x0, 0x0,
    0x0, 0x0, 0x0, 0x8f, 0xfa, 0x0, 0x0, 0x0,
    0x0, 0x0, 0x8f, 0xfa, 0x0, 0x0, 0x0, 0x0,
    0x0, 0x8f, 0xfa, 0x0, 0x0, 0x0, 0x0, 0x0,
    0x8f, 0xfa, 0x0, 0x0, 0x0, 0x0, 0x0, 0x8f,
    0xfa, 0x0, 0x0, 0x0, 0x0, 0x0, 0x8f, 0xff,
    0xee, 0xee, 0xee, 0xee, 0xe9, 0x8f, 0xff, 0xff,
    0xff, 0xff, 0xff, 0xfa, 0x8f, 0xff, 0xff, 0xff,
    0xff, 0xff, 0xfa, 0x0, 0x0, 0x0, 0x0, 0x0,
    0x0, 0x0, 0x0, 0x0, 0x7, 0xee, 0x90, 0x0,
    0x0, 0x0, 0x0, 0x8, 0xff, 0xa0, 0x0, 0x0,
    0x0, 0x0, 0x8, 0xff, 0xa0, 0x0, 0x0, 0x0,
    0x0, 0x0, 0xbf, 0x40, 0x0, 0x0, 0x0, 0x0,
    0x4, 0xfb, 0x0, 0x0, 0x0, 0x0, 0x0, 0xc,
    0xf3, 0x0, 0x0, 0x0,

    /* U+013C "ļ" */
    0xdf, 0xf4, 0x0, 0xdf, 0xf4, 0x0, 0xdf, 0xf4,
    0x0, 0xdf, 0xf4, 0x0, 0xdf, 0xf4, 0x0, 0xdf,
    0xf4, 0x0, 0xdf, 0xf4, 0x0, 0xdf, 0xf4, 0x0,
    0xdf, 0xf4, 0x0, 0xdf, 0xf4, 0x0, 0xdf, 0xf4,
    0x0, 0xdf, 0xf4, 0x0, 0xdf, 0xf4, 0x0, 0xdf,
    0xf4, 0x0, 0xdf, 0xf4, 0x0, 0xdf, 0xf4, 0x0,
    0xdf, 0xf4, 0x0, 0xdf, 0xf4, 0x0, 0xbf, 0xfd,
    0x94, 0x5f, 0xff, 0xf8, 0x6, 0xdf, 0xf8, 0x0,
    0x0, 0x0, 0x8, 0xee, 0x70, 0xa, 0xff, 0x80,
    0xa, 0xff, 0x80, 0x0, 0xdf, 0x20, 0x6, 0xf9,
    0x0, 0xd, 0xf1, 0x0,

    /* U+013D "Ľ" */
    0x8f, 0xfa, 0x0, 0x0, 0x0, 0xcf, 0xf1, 0x8f,
    0xfa, 0x0, 0x0, 0x0, 0xdf, 0xd0, 0x8f, 0xfa,
    0x0, 0x0, 0x0, 0xff, 0xa0, 0x8f, 0xfa, 0x0,
    0x0, 0x1, 0xff, 0x70, 0x8f, 0xfa, 0x0, 0x0,
    0x3, 0xff, 0x40, 0x8f, 0xfa, 0x0, 0x0, 0x5,
    0xff, 0x10, 0x8f, 0xfa, 0x0, 0x0, 0x6, 0xfe,
    0x0, 0x8f, 0xfa, 0x0, 0x0, 0x6, 0xc8, 0x0,
    0x8f, 0xfa, 0x0, 0x0, 0x0, 0x0, 0x0, 0x8f,
    0xfa, 0x0, 0x0, 0x0, 0x0, 0x0, 0x8f, 0xfa,
    0x0, 0x0, 0x0, 0x0, 0x0, 0x8f, 0xfa, 0x0,
    0x0, 0x0, 0x0, 0x0, 0x8f, 0xfa, 0x0, 0x0,
    0x0, 0x0, 0x0, 0x8f, 0xfa, 0x0, 0x0, 0x0,
    0x0, 0x0, 0x8f, 0xfa, 0x0, 0x0, 0x0, 0x0,
    0x0, 0x8f, 0xfa, 0x0, 0x0, 0x0, 0x0, 0x0,
    0x8f, 0xfa, 0x0, 0x0, 0x0, 0x0, 0x0, 0x8f,
    0xfa, 0x0, 0x0, 0x0, 0x0, 0x0, 0x8f, 0xff,
    0xee, 0xee, 0xee, 0xee, 0xe9, 0x8f, 0xff, 0xff,
    0xff, 0xff, 0xff, 0xfa, 0x8f, 0xff, 0xff, 0xff,
    0xff, 0xff, 0xfa,

    /* U+013E "ľ" */
    0xdf, 0xf4, 0x4, 0xff, 0x8d, 0xff, 0x40, 0x6f,
    0xf5, 0xdf, 0xf4, 0x8, 0xff, 0x1d, 0xff, 0x40,
    0xaf, 0xe0, 0xdf, 0xf4, 0xc, 0xfb, 0xd, 0xff,
    0x40, 0xdf, 0x80, 0xdf, 0xf4, 0xf, 0xf5, 0xd,
    0xff, 0x41, 0xcc, 0x10, 0xdf, 0xf4, 0x0, 0x0,
    0xd, 0xff, 0x40, 0x0, 0x0, 0xdf, 0xf4, 0x0,
    0x0, 0xd, 0xff, 0x40, 0x0, 0x0, 0xdf, 0xf4,
    0x0, 0x0, 0xd, 0xff, 0x40, 0x0, 0x0, 0xdf,
    0xf4, 0x0, 0x0, 0xd, 0xff, 0x40, 0x0, 0x0,
    0xdf, 0xf4, 0x0, 0x0, 0xd, 0xff, 0x40, 0x0,
    0x0, 0xbf, 0xfd, 0x94, 0x0, 0x5, 0xff, 0xff,
    0x80, 0x0, 0x6, 0xdf, 0xf8, 0x0, 0x0,

    /* U+013F "Ŀ" */
    0xdf, 0xe0, 0x0, 0x0, 0x0, 0x0, 0x0, 0xdf,
    0xe0, 0x0, 0x0, 0x0, 0x0, 0x0, 0xdf, 0xe0,
    0x0, 0x0, 0x0, 0x0, 0x0, 0xdf, 0xe0, 0x0,
    0x0, 0x0, 0x0, 0x0, 0xdf, 0xe0, 0x0, 0x0,
    0x0, 0x0, 0x0, 0xdf, 0xe0, 0x0, 0x0, 0x0,
    0x0, 0x0, 0xdf, 0xe0, 0x0, 0x0, 0x0, 0x0,
    0x0, 0xdf, 0xe0, 0x0, 0x0, 0x0, 0x0, 0x0,
    0xdf, 0xe0, 0x0, 0x0, 0x0, 0x0, 0x0, 0xdf,
    0xe0, 0x0, 0x3f, 0xf6, 0x0, 0x0, 0xdf, 0xe0,
    0x0, 0x3f, 0xf6, 0x0, 0x0, 0xdf, 0xe0, 0x0,
    0x2d, 0xd5, 0x0, 0x0, 0xdf, 0xe0, 0x0, 0x0,
    0x0, 0x0, 0x0, 0xdf, 0xe0, 0x0, 0x0, 0x0,
    0x0, 0x0, 0xdf, 0xe0, 0x0, 0x0, 0x0, 0x0,
    0x0, 0xdf, 0xe0, 0x0, 0x0, 0x0, 0x0, 0x0,
    0xdf, 0xe0, 0x0, 0x0, 0x0, 0x0, 0x0, 0xdf,
    0xf6, 0x66, 0x66, 0x66, 0x66, 0x61, 0xdf, 0xff,
    0xff, 0xff, 0xff, 0xff, 0xf2, 0xdf, 0xff, 0xff,
    0xff, 0xff, 0xff, 0xf2,

    /* U+0140 "ŀ" */
    0x1f, 0xf7, 0x0, 0x0, 0x1, 0xff, 0x70, 0x0,
    0x0, 0x1f, 0xf7, 0x0, 0x0, 0x1, 0xff, 0x70,
    0x0, 0x0, 0x1f, 0xf7, 0x0, 0x0, 0x1, 0xff,
    0x70, 0x0, 0x0, 0x1f, 0xf7, 0x0, 0x0, 0x1,
    0xff, 0x70, 0x0, 0x0, 0x1f, 0xf7, 0x0, 0x0,
    0x1, 0xff, 0x70, 0x8f, 0xf1, 0x1f, 0xf7, 0x8,
    0xff, 0x11, 0xff, 0x70, 0x7d, 0xd0, 0x1f, 0xf7,
    0x0, 0x0, 0x1, 0xff, 0x70, 0x0, 0x0, 0x1f,
    0xf7, 0x0, 0x0, 0x1, 0xff, 0x70, 0x0, 0x0,
    0x1f, 0xf7, 0x0, 0x0, 0x1, 0xff, 0x70, 0x0,
    0x0, 0x1f, 0xf7, 0x0, 0x0, 0x1, 0xff, 0x70,
    0x0, 0x0,

    /* U+0141 "Ł" */
    0x0, 0x8f, 0xfa, 0x0, 0x0, 0x0, 0x0, 0x0,
    0x0, 0x8f, 0xfa, 0x0, 0x0, 0x0, 0x0, 0x0,
    0x0, 0x8f, 0xfa, 0x0, 0x0, 0x0, 0x0, 0x0,
    0x0, 0x8f, 0xfa, 0x0, 0x0, 0x0, 0x0, 0x0,
    0x0, 0x8f, 0xfa, 0x0, 0x0, 0x0, 0x0, 0x0,
    0x0, 0x8f, 0xfa, 0x0, 0x0, 0x0, 0x0, 0x0,
    0x0, 0x8f, 0xfa, 0x0, 0x39, 0x0, 0x0, 0x0,
    0x0, 0x8f, 0xfa, 0x3b, 0xfd, 0x0, 0x0, 0x0,
    0x0, 0x8f, 0xff, 0xff, 0xfa, 0x0, 0x0, 0x0,
    0x0, 0xaf, 0xff, 0xfc, 0x40, 0x0, 0x0, 0x0,
    0x19, 0xff, 0xff, 0x50, 0x0, 0x0, 0x0, 0x0,
    0x9f, 0xff, 0xfa, 0x0, 0x0, 0x0, 0x0, 0x0,
    0x9d, 0xef, 0xfa, 0x0, 0x0, 0x0, 0x0, 0x0,
    0x20, 0x8f, 0xfa, 0x0, 0x0, 0x0, 0x0, 0x0,
    0x0, 0x8f, 0xfa, 0x0, 0x0, 0x0, 0x0, 0x0,
    0x0, 0x8f, 0xfa, 0x0, 0x0, 0x0, 0x0, 0x0,
    0x0, 0x8f, 0xfa, 0x0, 0x0, 0x0, 0x0, 0x0,
    0x0, 0x8f, 0xfa, 0x0, 0x0, 0x0, 0x0, 0x0,
    0x0, 0x8f, 0xff, 0xee, 0xee, 0xee, 0xee, 0xe9,
    0x0, 0x8f, 0xff, 0xff, 0xff, 0xff, 0xff, 0xfa,
    0x0, 0x8f, 0xff, 0xff, 0xff, 0xff, 0xff, 0xfa,

    /* U+0142 "ł" */
    0x0, 0xdf, 0xf4, 0x0, 0x0, 0xdf, 0xf4, 0x0,
    0x0, 0xdf, 0xf4, 0x0, 0x0, 0xdf, 0xf4, 0x0,
    0x0, 0xdf, 0xf4, 0x0, 0x0, 0xdf, 0xf4, 0x0,
    0x0, 0xdf, 0xf4, 0x35, 0x0, 0xdf, 0xff, 0xf8,
    0x0, 0xff, 0xff, 0xf5, 0x5d, 0xff, 0xfc, 0x10,
    0xdf, 0xff, 0xf4, 0x0, 0xc7, 0xef, 0xf4, 0x0,
    0x0, 0xdf, 0xf4, 0x0, 0x0, 0xdf, 0xf4, 0x0,
    0x0, 0xdf, 0xf4, 0x0, 0x0, 0xdf, 0xf4, 0x0,
    0x0, 0xdf, 0xf4, 0x0, 0x0, 0xdf, 0xf4, 0x0,
    0x0, 0xbf, 0xfd, 0x94, 0x0, 0x5f, 0xff, 0xf8,
    0x0, 0x6, 0xdf, 0xf8,

    /* U+0143 "Ń" */
    0x0, 0x0, 0x0, 0x0, 0x9, 0xff, 0x70, 0x0,
    0x0, 0x0, 0x0, 0x0, 0x0, 0x1f, 0xfd, 0x0,
    0x0, 0x0, 0x0, 0x0, 0x0, 0x0, 0x8f, 0xf3,
    0x0, 0x0, 0x0, 0x0, 0x0, 0x0, 0x0, 0xff,
    0x80, 0x0, 0x0, 0x0, 0x0, 0x0, 0x0, 0x0,
    0x0, 0x0, 0x0, 0x0, 0x0, 0x0, 0x0, 0x0,
    0x0, 0x0, 0x0, 0x0, 0x0, 0x0, 0x8f, 0xff,
    0xb0, 0x0, 0x0, 0x0, 0x0, 0xff, 0xf1, 0x8f,
    0xff, 0xf4, 0x0, 0x0, 0x0, 0x0, 0xff, 0xf1,
    0x8f, 0xff, 0xfd, 0x0, 0x0, 0x0, 0x0, 0xff,
    0xf1, 0x8f, 0xff, 0xff, 0x60, 0x0, 0x0, 0x0,
    0xff, 0xf1, 0x8f, 0xfd, 0xff, 0xe0, 0x0, 0x0,
    0x0, 0xff, 0xf1, 0x8f, 0xfa, 0xaf, 0xf8, 0x0,
    0x0, 0x0, 0xff, 0xf1, 0x8f, 0xfa, 0x2f, 0xff,
    0x10, 0x0, 0x0, 0xff, 0xf1, 0x8f, 0xfa, 0x9,
    0xff, 0xa0, 0x0, 0x0, 0xff, 0xf1, 0x8f, 0xfa,
    0x1, 0xef, 0xf3, 0x0, 0x0, 0xff, 0xf1, 0x8f,
    0xfa, 0x0, 0x7f, 0xfb, 0x0, 0x0, 0xff, 0xf1,
    0x8f, 0xfa, 0x0, 0xd, 0xff, 0x40, 0x0, 0xff,
    0xf1, 0x8f, 0xfa, 0x0, 0x5, 0xff, 0xd0, 0x0,
    0xff, 0xf1, 0x8f, 0xfa, 0x0, 0x0, 0xcf, 0xf6,
    0x0, 0xff, 0xf1, 0x8f, 0xfa, 0x0, 0x0, 0x3f,
    0xfe, 0x0, 0xff, 0xf1, 0x8f, 0xfa, 0x0, 0x0,
    0xa, 0xff, 0x80, 0xff, 0xf1, 0x8f, 0xfa, 0x0,
    0x0, 0x1, 0xff, 0xf2, 0xff, 0xf1, 0x8f, 0xfa,
    0x0, 0x0, 0x0, 0x8f, 0xfa, 0xff, 0xf1, 0x8f,
    0xfa, 0x0, 0x0, 0x0, 0xe, 0xff, 0xff, 0xf1,
    0x8f, 0xfa, 0x0, 0x0, 0x0, 0x6, 0xff, 0xff,
    0xf1, 0x8f, 0xfa, 0x0, 0x0, 0x0, 0x0, 0xdf,
    0xff, 0xf1, 0x8f, 0xfa, 0x0, 0x0, 0x0, 0x0,
    0x4f, 0xff, 0xf1,

    /* U+0144 "ń" */
    0x0, 0x0, 0x0, 0x3f, 0xfe, 0x0, 0x0, 0x0,
    0x0, 0xa, 0xff, 0x40, 0x0, 0x0, 0x0, 0x2,
    0xff, 0x90, 0x0, 0x0, 0x0, 0x0, 0x8f, 0xd0,
    0x0, 0x0, 0x0, 0x0, 0x0, 0x0, 0x0, 0x0,
    0xd, 0xff, 0x0, 0x8d, 0xfe, 0xb4, 0x0, 0xdf,
    0xf1, 0xdf, 0xff, 0xff, 0xf6, 0xd, 0xff, 0xbf,
    0xea, 0xbf, 0xff, 0xf2, 0xdf, 0xff, 0x80, 0x0,
    0x2e, 0xff, 0x8d, 0xff, 0xc0, 0x0, 0x0, 0x7f,
    0xfd, 0xdf, 0xf6, 0x0, 0x0, 0x3, 0xff, 0xed,
    0xff, 0x40, 0x0, 0x0, 0x2f, 0xff, 0xdf, 0xf4,
    0x0, 0x0, 0x1, 0xff, 0xfd, 0xff, 0x40, 0x0,
    0x0, 0x1f, 0xff, 0xdf, 0xf4, 0x0, 0x0, 0x1,
    0xff, 0xfd, 0xff, 0x40, 0x0, 0x0, 0x1f, 0xff,
    0xdf, 0xf4, 0x0, 0x0, 0x1, 0xff, 0xfd, 0xff,
    0x40, 0x0, 0x0, 0x1f, 0xff, 0xdf, 0xf4, 0x0,
    0x0, 0x1, 0xff, 0xfd, 0xff, 0x40, 0x0, 0x0,
    0x1f, 0xff, 0xdf, 0xf4, 0x0, 0x0, 0x1, 0xff,
    0xf0,

    /* U+0145 "Ņ" */
    0x8f, 0xff, 0xb0, 0x0, 0x0, 0x0, 0x0, 0xff,
    0xf1, 0x8f, 0xff, 0xf4, 0x0, 0x0, 0x0, 0x0,
    0xff, 0xf1, 0x8f, 0xff, 0xfd, 0x0, 0x0, 0x0,
    0x0, 0xff, 0xf1, 0x8f, 0xff, 0xff, 0x60, 0x0,
    0x0, 0x0, 0xff, 0xf1, 0x8f, 0xfd, 0xff, 0xe0,
    0x0, 0x0, 0x0, 0xff, 0xf1, 0x8f, 0xfa, 0xaf,
    0xf8, 0x0, 0x0, 0x0, 0xff, 0xf1, 0x8f, 0xfa,
    0x2f, 0xff, 0x10, 0x0, 0x0, 0xff, 0xf1, 0x8f,
    0xfa, 0x9, 0xff, 0xa0, 0x0, 0x0, 0xff, 0xf1,
    0x8f, 0xfa, 0x1, 0xef, 0xf3, 0x0, 0x0, 0xff,
    0xf1, 0x8f, 0xfa, 0x0, 0x7f, 0xfb, 0x0, 0x0,
    0xff, 0xf1, 0x8f, 0xfa, 0x0, 0xd, 0xff, 0x40,
    0x0, 0xff, 0xf1, 0x8f, 0xfa, 0x0, 0x5, 0xff,
    0xd0, 0x0, 0xff, 0xf1, 0x8f, 0xfa, 0x0, 0x0,
    0xcf, 0xf6, 0x0, 0xff, 0xf1, 0x8f, 0xfa, 0x0,
    0x0, 0x3f, 0xfe, 0x0, 0xff, 0xf1, 0x8f, 0xfa,
    0x0, 0x0, 0xa, 0xff, 0x80, 0xff, 0xf1, 0x8f,
    0xfa, 0x0, 0x0, 0x1, 0xff, 0xf2, 0xff, 0xf1,
    0x8f, 0xfa, 0x0, 0x0, 0x0, 0x8f, 0xfa, 0xff,
    0xf1, 0x8f, 0xfa, 0x0, 0x0, 0x0, 0xe, 0xff,
    0xff, 0xf1, 0x8f, 0xfa, 0x0, 0x0, 0x0, 0x6,
    0xff, 0xff, 0xf1, 0x8f, 0xfa, 0x0, 0x0, 0x0,
    0x0, 0xdf, 0xff, 0xf1, 0x8f, 0xfa, 0x0, 0x0,
    0x0, 0x0, 0x4f, 0xff, 0xf1, 0x0, 0x0, 0x0,
    0x0, 0x0, 0x0, 0x0, 0x0, 0x0, 0x0, 0x0,
    0x0, 0xa, 0xee, 0x50, 0x0, 0x0, 0x0, 0x0,
    0x0, 0x0, 0xc, 0xff, 0x60, 0x0, 0x0, 0x0,
    0x0, 0x0, 0x0, 0xc, 0xff, 0x60, 0x0, 0x0,
    0x0, 0x0, 0x0, 0x0, 0x1, 0xee, 0x10, 0x0,
    0x0, 0x0, 0x0, 0x0, 0x0, 0x8, 0xf7, 0x0,
    0x0, 0x0, 0x0, 0x0, 0x0, 0x0, 0x1f, 0xe0,
    0x0, 0x0, 0x0, 0x0,

    /* U+0146 "ņ" */
    0xdf, 0xf0, 0x8, 0xdf, 0xeb, 0x40, 0xd, 0xff,
    0x1d, 0xff, 0xff, 0xff, 0x60, 0xdf, 0xfb, 0xfe,
    0xab, 0xff, 0xff, 0x2d, 0xff, 0xf8, 0x0, 0x2,
    0xef, 0xf8, 0xdf, 0xfc, 0x0, 0x0, 0x7, 0xff,
    0xdd, 0xff, 0x60, 0x0, 0x0, 0x3f, 0xfe, 0xdf,
    0xf4, 0x0, 0x0, 0x2, 0xff, 0xfd, 0xff, 0x40,
    0x0, 0x0, 0x1f, 0xff, 0xdf, 0xf4, 0x0, 0x0,
    0x1, 0xff, 0xfd, 0xff, 0x40, 0x0, 0x0, 0x1f,
    0xff, 0xdf, 0xf4, 0x0, 0x0, 0x1, 0xff, 0xfd,
    0xff, 0x40, 0x0, 0x0, 0x1f, 0xff, 0xdf, 0xf4,
    0x0, 0x0, 0x1, 0xff, 0xfd, 0xff, 0x40, 0x0,
    0x0, 0x1f, 0xff, 0xdf, 0xf4, 0x0, 0x0, 0x1,
    0xff, 0xfd, 0xff, 0x40, 0x0, 0x0, 0x1f, 0xff,
    0x0, 0x0, 0x0, 0x0, 0x0, 0x0, 0x0, 0x0,
    0x0, 0xee, 0xe2, 0x0, 0x0, 0x0, 0x0, 0xf,
    0xff, 0x20, 0x0, 0x0, 0x0, 0x0, 0xff, 0xf2,
    0x0, 0x0, 0x0, 0x0, 0x3, 0xfc, 0x0, 0x0,
    0x0, 0x0, 0x0, 0xcf, 0x30, 0x0, 0x0, 0x0,
    0x0, 0x4f, 0xb0, 0x0, 0x0, 0x0,

    /* U+0147 "Ň" */
    0x0, 0x0, 0xc, 0xf9, 0x0, 0x5f, 0xf1, 0x0,
    0x0, 0x0, 0x0, 0x2, 0xff, 0x51, 0xef, 0x60,
    0x0, 0x0, 0x0, 0x0, 0x0, 0x7f, 0xfe, 0xfb,
    0x0, 0x0, 0x0, 0x0, 0x0, 0x0, 0xc, 0xff,
    0xf1, 0x0, 0x0, 0x0, 0x0, 0x0, 0x0, 0x0,
    0x0, 0x0, 0x0, 0x0, 0x0, 0x0, 0x0, 0x0,
    0x0, 0x0, 0x0, 0x0, 0x0, 0x0, 0x8f, 0xff,
    0xb0, 0x0, 0x0, 0x0, 0x0, 0xff, 0xf1, 0x8f,
    0xff, 0xf4, 0x0, 0x0, 0x0, 0x0, 0xff, 0xf1,
    0x8f, 0xff, 0xfd, 0x0, 0x0, 0x0, 0x0, 0xff,
    0xf1, 0x8f, 0xff, 0xff, 0x60, 0x0, 0x0, 0x0,
    0xff, 0xf1, 0x8f, 0xfd, 0xff, 0xe0, 0x0, 0x0,
    0x0, 0xff, 0xf1, 0x8f, 0xfa, 0xaf, 0xf8, 0x0,
    0x0, 0x0, 0xff, 0xf1, 0x8f, 0xfa, 0x2f, 0xff,
    0x10, 0x0, 0x0, 0xff, 0xf1, 0x8f, 0xfa, 0x9,
    0xff, 0xa0, 0x0, 0x0, 0xff, 0xf1, 0x8f, 0xfa,
    0x1, 0xef, 0xf3, 0x0, 0x0, 0xff, 0xf1, 0x8f,
    0xfa, 0x0, 0x7f, 0xfb, 0x0, 0x0, 0xff, 0xf1,
    0x8f, 0xfa, 0x0, 0xd, 0xff, 0x40, 0x0, 0xff,
    0xf1, 0x8f, 0xfa, 0x0, 0x5, 0xff, 0xd0, 0x0,
    0xff, 0xf1, 0x8f, 0xfa, 0x0, 0x0, 0xcf, 0xf6,
    0x0, 0xff, 0xf1, 0x8f, 0xfa, 0x0, 0x0, 0x3f,
    0xfe, 0x0, 0xff, 0xf1, 0x8f, 0xfa, 0x0, 0x0,
    0xa, 0xff, 0x80, 0xff, 0xf1, 0x8f, 0xfa, 0x0,
    0x0, 0x1, 0xff, 0xf2, 0xff, 0xf1, 0x8f, 0xfa,
    0x0, 0x0, 0x0, 0x8f, 0xfa, 0xff, 0xf1, 0x8f,
    0xfa, 0x0, 0x0, 0x0, 0xe, 0xff, 0xff, 0xf1,
    0x8f, 0xfa, 0x0, 0x0, 0x0, 0x6, 0xff, 0xff,
    0xf1, 0x8f, 0xfa, 0x0, 0x0, 0x0, 0x0, 0xdf,
    0xff, 0xf1, 0x8f, 0xfa, 0x0, 0x0, 0x0, 0x0,
    0x4f, 0xff, 0xf1,

    /* U+0148 "ň" */
    0x0, 0x49, 0x80, 0x0, 0x79, 0x60, 0x0, 0x0,
    0xef, 0x70, 0x4f, 0xf2, 0x0, 0x0, 0x4, 0xff,
    0x5e, 0xf7, 0x0, 0x0, 0x0, 0xa, 0xff, 0xfc,
    0x0, 0x0, 0x0, 0x0, 0x17, 0x77, 0x20, 0x0,
    0x0, 0x0, 0x0, 0x0, 0x0, 0x0, 0x0, 0xdf,
    0xf0, 0x8, 0xdf, 0xeb, 0x40, 0xd, 0xff, 0x1d,
    0xff, 0xff, 0xff, 0x60, 0xdf, 0xfb, 0xfe, 0xab,
    0xff, 0xff, 0x2d, 0xff, 0xf8, 0x0, 0x2, 0xef,
    0xf8, 0xdf, 0xfc, 0x0, 0x0, 0x7, 0xff, 0xdd,
    0xff, 0x60, 0x0, 0x0, 0x3f, 0xfe, 0xdf, 0xf4,
    0x0, 0x0, 0x2, 0xff, 0xfd, 0xff, 0x40, 0x0,
    0x0, 0x1f, 0xff, 0xdf, 0xf4, 0x0, 0x0, 0x1,
    0xff, 0xfd, 0xff, 0x40, 0x0, 0x0, 0x1f, 0xff,
    0xdf, 0xf4, 0x0, 0x0, 0x1, 0xff, 0xfd, 0xff,
    0x40, 0x0, 0x0, 0x1f, 0xff, 0xdf, 0xf4, 0x0,
    0x0, 0x1, 0xff, 0xfd, 0xff, 0x40, 0x0, 0x0,
    0x1f, 0xff, 0xdf, 0xf4, 0x0, 0x0, 0x1, 0xff,
    0xfd, 0xff, 0x40, 0x0, 0x0, 0x1f, 0xff,

    /* U+0149 "ŉ" */
    0xd, 0xfe, 0x0, 0x0, 0x0, 0x0, 0x0, 0x0,
    0x0, 0xd, 0xfe, 0x0, 0x0, 0x0, 0x0, 0x0,
    0x0, 0x0, 0xc, 0xfd, 0x0, 0x0, 0x0, 0x0,
    0x0, 0x0, 0x0, 0x0, 0xac, 0x0, 0x0, 0x0,
    0x0, 0x0, 0x0, 0x0, 0x4, 0xf6, 0x0, 0x0,
    0x0, 0x0, 0x0, 0x0, 0x0, 0xb, 0x70, 0xf,
    0xf4, 0x7, 0xcf, 0xfc, 0x81, 0x0, 0x0, 0x0,
    0xf, 0xf5, 0xdf, 0xff, 0xff, 0xfe, 0x20, 0x0,
    0x0, 0xf, 0xfe, 0xfa, 0x42, 0x4c, 0xff, 0xb0,
    0x0, 0x0, 0xf, 0xff, 0x60, 0x0, 0x0, 0xdf,
    0xf0, 0x0, 0x0, 0xf, 0xfd, 0x0, 0x0, 0x0,
    0x8f, 0xf2, 0x0, 0x0, 0xf, 0xf9, 0x0, 0x0,
    0x0, 0x6f, 0xf3, 0x0, 0x0, 0xf, 0xf8, 0x0,
    0x0, 0x0, 0x5f, 0xf3, 0x0, 0x0, 0xf, 0xf8,
    0x0, 0x0, 0x0, 0x5f, 0xf3, 0x0, 0x0, 0xf,
    0xf8, 0x0, 0x0, 0x0, 0x5f, 0xf3, 0x0, 0x0,
    0xf, 0xf8, 0x0, 0x0, 0x0, 0x5f, 0xf3, 0x0,
    0x0, 0xf, 0xf8, 0x0, 0x0, 0x0, 0x5f, 0xf3,
    0x0, 0x0, 0xf, 0xf8, 0x0, 0x0, 0x0, 0x5f,
    0xf3, 0x0, 0x0, 0xf, 0xf8, 0x0, 0x0, 0x0,
    0x5f, 0xf3, 0x0, 0x0, 0xf, 0xf8, 0x0, 0x0,
    0x0, 0x5f, 0xf3, 0x0, 0x0, 0xf, 0xf8, 0x0,
    0x0, 0x0, 0x5f, 0xf3,

    /* U+014A "Ŋ" */
    0x8f, 0xff, 0xb0, 0x0, 0x0, 0x0, 0x0, 0xff,
    0xf1, 0x8f, 0xff, 0xf4, 0x0, 0x0, 0x0, 0x0,
    0xff, 0xf1, 0x8f, 0xff, 0xfd, 0x0, 0x0, 0x0,
    0x0, 0xff, 0xf1, 0x8f, 0xff, 0xff, 0x60, 0x0,
    0x0, 0x0, 0xff, 0xf1, 0x8f, 0xfd, 0xff, 0xe0,
    0x0, 0x0, 0x0, 0xff, 0xf1, 0x8f, 0xfa, 0xbf,
    0xf8, 0x0, 0x0, 0x0, 0xff, 0xf1, 0x8f, 0xfa,
    0x2f, 0xff, 0x10, 0x0, 0x0, 0xff, 0xf1, 0x8f,
    0xfa, 0x9, 0xff, 0xa0, 0x0, 0x0, 0xff, 0xf1,
    0x8f, 0xfa, 0x1, 0xff, 0xf3, 0x0, 0x0, 0xff,
    0xf1, 0x8f, 0xfa, 0x0, 0x7f, 0xfb, 0x0, 0x0,
    0xff, 0xf1, 0x8f, 0xfa, 0x0, 0xd, 0xff, 0x40,
    0x0, 0xff, 0xf1, 0x8f, 0xfa, 0x0, 0x5, 0xff,
    0xd0, 0x0, 0xff, 0xf1, 0x8f, 0xfa, 0x0, 0x0,
    0xcf, 0xf6, 0x0, 0xff, 0xf1, 0x8f, 0xfa, 0x0,
    0x0, 0x3f, 0xfe, 0x0, 0xff, 0xf1, 0x8f, 0xfa,
    0x0, 0x0, 0xa, 0xff, 0x80, 0xff, 0xf1, 0x8f,
    0xfa, 0x0, 0x0, 0x1, 0xff, 0xf2, 0xff, 0xf1,
    0x8f, 0xfa, 0x0, 0x0, 0x0, 0x8f, 0xfa, 0xff,
    0xf1, 0x8f, 0xfa, 0x0, 0x0, 0x0, 0xe, 0xff,
    0xff, 0xf1, 0x8f, 0xfa, 0x0, 0x0, 0x0, 0x6,
    0xff, 0xff, 0xf2, 0x8f, 0xfa, 0x0, 0x0, 0x0,
    0x0, 0xdf, 0xff, 0xf3, 0x8f, 0xfa, 0x0, 0x0,
    0x0, 0x0, 0x4f, 0xff, 0xf3, 0x0, 0x0, 0x0,
    0x0, 0x0, 0x0, 0x1, 0xff, 0xf0, 0x0, 0x0,
    0x0, 0x0, 0x5, 0x99, 0x9e, 0xff, 0xd0, 0x0,
    0x0, 0x0, 0x0, 0x9, 0xff, 0xff, 0xff, 0x40,
    0x0, 0x0, 0x0, 0x0, 0x9, 0xff, 0xfe, 0xb3,
    0x0,

    /* U+014B "ŋ" */
    0xdf, 0xf0, 0x8, 0xdf, 0xeb, 0x40, 0xd, 0xff,
    0x1d, 0xff, 0xff, 0xff, 0x60, 0xdf, 0xfb, 0xfe,
    0xab, 0xff, 0xff, 0x2d, 0xff, 0xf8, 0x0, 0x2,
    0xef, 0xf8, 0xdf, 0xfc, 0x0, 0x0, 0x7, 0xff,
    0xdd, 0xff, 0x60, 0x0, 0x0, 0x3f, 0xfe, 0xdf,
    0xf4, 0x0, 0x0, 0x2, 0xff, 0xfd, 0xff, 0x40,
    0x0, 0x0, 0x1f, 0xff, 0xdf, 0xf4, 0x0, 0x0,
    0x1, 0xff, 0xfd, 0xff, 0x40, 0x0, 0x0, 0x1f,
    0xff, 0xdf, 0xf4, 0x0, 0x0, 0x1, 0xff, 0xfd,
    0xff, 0x40, 0x0, 0x0, 0x1f, 0xff, 0xdf, 0xf4,
    0x0, 0x0, 0x1, 0xff, 0xfd, 0xff, 0x40, 0x0,
    0x0, 0x3f, 0xff, 0xdf, 0xf4, 0x0, 0x0, 0x3,
    0xff, 0xfd, 0xff, 0x40, 0x0, 0x0, 0x3f, 0xff,
    0x0, 0x0, 0x0, 0x0, 0x4, 0xff, 0xe0, 0x0,
    0x0, 0x7, 0x78, 0xef, 0xfa, 0x0, 0x0, 0x1,
    0xff, 0xff, 0xfe, 0x20, 0x0, 0x0, 0x1f, 0xff,
    0xe9, 0x10,

    /* U+014C "Ō" */
    0x0, 0x0, 0x1, 0x88, 0x88, 0x88, 0x87, 0x0,
    0x0, 0x0, 0x0, 0x0, 0x2, 0xff, 0xff, 0xff,
    0xfe, 0x0, 0x0, 0x0, 0x0, 0x0, 0x2, 0xff,
    0xff, 0xff, 0xfe, 0x0, 0x0, 0x0, 0x0, 0x0,
    0x0, 0x0, 0x0, 0x0, 0x0, 0x0, 0x0, 0x0,
    0x0, 0x0, 0x0, 0x0, 0x0, 0x0, 0x0, 0x0,
    0x0, 0x0, 0x0, 0x0, 0x0, 0x0, 0x0, 0x0,
    0x0, 0x0, 0x0, 0x0, 0x0, 0x0, 0x1, 0x7c,
    0xef, 0xfe, 0xb6, 0x0, 0x0, 0x0, 0x0, 0x0,
    0x8f, 0xff, 0xff, 0xff, 0xff, 0xe6, 0x0, 0x0,
    0x0, 0xc, 0xff, 0xff, 0xff, 0xff, 0xff, 0xff,
    0x90, 0x0, 0x0, 0xbf, 0xff, 0xd5, 0x10, 0x1,
    0x7e, 0xff, 0xf7, 0x0, 0x5, 0xff, 0xfa, 0x0,
    0x0, 0x0, 0x1, 0xcf, 0xff, 0x20, 0xc, 0xff,
    0xd0, 0x0, 0x0, 0x0, 0x0, 0x1f, 0xff, 0x90,
    0x2f, 0xff, 0x40, 0x0, 0x0, 0x0, 0x0, 0x8,
    0xff, 0xe0, 0x6f, 0xff, 0x0, 0x0, 0x0, 0x0,
    0x0, 0x2, 0xff, 0xf3, 0x9f, 0xfb, 0x0, 0x0,
    0x0, 0x0, 0x0, 0x0, 0xef, 0xf5, 0xaf, 0xf9,
    0x0, 0x0, 0x0, 0x0, 0x0, 0x0, 0xdf, 0xf7,
    0xbf, 0xf8, 0x0, 0x0, 0x0, 0x0, 0x0, 0x0,
    0xcf, 0xf7, 0xaf, 0xf9, 0x0, 0x0, 0x0, 0x0,
    0x0, 0x0, 0xdf, 0xf7, 0x9f, 0xfb, 0x0, 0x0,
    0x0, 0x0, 0x0, 0x0, 0xef, 0xf5, 0x6f, 0xfe,
    0x0, 0x0, 0x0, 0x0, 0x0, 0x2, 0xff, 0xf3,
    0x2f, 0xff, 0x40, 0x0, 0x0, 0x0, 0x0, 0x7,
    0xff, 0xf0, 0xd, 0xff, 0xd0, 0x0, 0x0, 0x0,
    0x0, 0x1f, 0xff, 0x90, 0x5, 0xff, 0xfa, 0x0,
    0x0, 0x0, 0x1, 0xcf, 0xff, 0x20, 0x0, 0xbf,
    0xff, 0xd5, 0x10, 0x1, 0x7e, 0xff, 0xf8, 0x0,
    0x0, 0x1c, 0xff, 0xff, 0xff, 0xff, 0xff, 0xff,
    0xa0, 0x0, 0x0, 0x0, 0x9f, 0xff, 0xff, 0xff,
    0xff, 0xf7, 0x0, 0x0, 0x0, 0x0, 0x2, 0x8c,
    0xef, 0xfe, 0xb6, 0x10, 0x0, 0x0,

    /* U+014D "ō" */
    0x0, 0x7, 0xff, 0xff, 0xff, 0xf9, 0x0, 0x0,
    0x0, 0x7f, 0xff, 0xff, 0xff, 0x90, 0x0, 0x0,
    0x3, 0x88, 0x88, 0x88, 0x84, 0x0, 0x0, 0x0,
    0x0, 0x0, 0x0, 0x0, 0x0, 0x0, 0x0, 0x0,
    0x0, 0x0, 0x0, 0x0, 0x0, 0x0, 0x0, 0x5,
    0xbd, 0xfe, 0xb5, 0x0, 0x0, 0x0, 0x2d, 0xff,
    0xff, 0xff, 0xfd, 0x20, 0x0, 0x1e, 0xff, 0xfd,
    0xbd, 0xff, 0xfe, 0x10, 0xb, 0xff, 0xe3, 0x0,
    0x3, 0xef, 0xfb, 0x2, 0xff, 0xf4, 0x0, 0x0,
    0x3, 0xff, 0xf2, 0x7f, 0xfc, 0x0, 0x0, 0x0,
    0xb, 0xff, 0x8a, 0xff, 0x80, 0x0, 0x0, 0x0,
    0x7f, 0xfa, 0xbf, 0xf6, 0x0, 0x0, 0x0, 0x6,
    0xff, 0xcb, 0xff, 0x60, 0x0, 0x0, 0x0, 0x6f,
    0xfc, 0xaf, 0xf8, 0x0, 0x0, 0x0, 0x7, 0xff,
    0xa7, 0xff, 0xc0, 0x0, 0x0, 0x0, 0xbf, 0xf8,
    0x2f, 0xff, 0x40, 0x0, 0x0, 0x3f, 0xff, 0x20,
    0xbf, 0xfe, 0x40, 0x0, 0x3e, 0xff, 0xb0, 0x1,
    0xef, 0xff, 0xdb, 0xdf, 0xff, 0xf1, 0x0, 0x2,
    0xdf, 0xff, 0xff, 0xff, 0xd2, 0x0, 0x0, 0x0,
    0x5b, 0xef, 0xeb, 0x60, 0x0, 0x0,

    /* U+014E "Ŏ" */
    0x0, 0x0, 0x0, 0xdf, 0x0, 0x0, 0x7f, 0x60,
    0x0, 0x0, 0x0, 0x0, 0x0, 0x8, 0xfa, 0x20,
    0x4e, 0xf1, 0x0, 0x0, 0x0, 0x0, 0x0, 0x0,
    0xc, 0xff, 0xff, 0xf6, 0x0, 0x0, 0x0, 0x0,
    0x0, 0x0, 0x0, 0x6, 0xab, 0x82, 0x0, 0x0,
    0x0, 0x0, 0x0, 0x0, 0x0, 0x0, 0x0, 0x0,
    0x0, 0x0, 0x0, 0x0, 0x0, 0x0, 0x0, 0x0,
    0x0, 0x0, 0x0, 0x0, 0x0, 0x0, 0x0, 0x0,
    0x0, 0x0, 0x5a, 0xde, 0xfe, 0xc8, 0x20, 0x0,
    0x0, 0x0, 0x0, 0x5, 0xef, 0xff, 0xff, 0xff,
    0xff, 0xa1, 0x0, 0x0, 0x0, 0x8, 0xff, 0xfd,
    0x85, 0x56, 0xae, 0xff, 0xe3, 0x0, 0x0, 0x7,
    0xff, 0xe5, 0x0, 0x0, 0x0, 0x19, 0xff, 0xe1,
    0x0, 0x3, 0xff, 0xe2, 0x0, 0x0, 0x0, 0x0,
    0x7, 0xff, 0xc0, 0x0, 0xbf, 0xf4, 0x0, 0x0,
    0x0, 0x0, 0x0, 0xb, 0xff, 0x40, 0x1f, 0xfd,
    0x0, 0x0, 0x0, 0x0, 0x0, 0x0, 0x3f, 0xfa,
    0x5, 0xff, 0x80, 0x0, 0x0, 0x0, 0x0, 0x0,
    0x0, 0xef, 0xe0, 0x8f, 0xf5, 0x0, 0x0, 0x0,
    0x0, 0x0, 0x0, 0xb, 0xff, 0x19, 0xff, 0x40,
    0x0, 0x0, 0x0, 0x0, 0x0, 0x0, 0xaf, 0xf2,
    0x9f, 0xf3, 0x0, 0x0, 0x0, 0x0, 0x0, 0x0,
    0xa, 0xff, 0x28, 0xff, 0x40, 0x0, 0x0, 0x0,
    0x0, 0x0, 0x0, 0xbf, 0xf1, 0x6f, 0xf7, 0x0,
    0x0, 0x0, 0x0, 0x0, 0x0, 0xe, 0xff, 0x1,
    0xff, 0xc0, 0x0, 0x0, 0x0, 0x0, 0x0, 0x4,
    0xff, 0xa0, 0xb, 0xff, 0x40, 0x0, 0x0, 0x0,
    0x0, 0x0, 0xbf, 0xf4, 0x0, 0x3f, 0xfe, 0x20,
    0x0, 0x0, 0x0, 0x0, 0x8f, 0xfc, 0x0, 0x0,
    0x7f, 0xfe, 0x40, 0x0, 0x0, 0x1, 0x9f, 0xfe,
    0x20, 0x0, 0x0, 0x8f, 0xff, 0xc8, 0x55, 0x69,
    0xef, 0xfe, 0x30, 0x0, 0x0, 0x0, 0x5d, 0xff,
    0xff, 0xff, 0xff, 0xfa, 0x10, 0x0, 0x0, 0x0,
    0x0, 0x5, 0xad, 0xef, 0xec, 0x83, 0x0, 0x0,
    0x0,

    /* U+014F "ŏ" */
    0x0, 0xf, 0xe4, 0x0, 0x3d, 0xf2, 0x0, 0x0,
    0x0, 0x6f, 0xff, 0xff, 0xf8, 0x0, 0x0, 0x0,
    0x0, 0x28, 0xaa, 0x82, 0x0, 0x0, 0x0, 0x0,
    0x0, 0x0, 0x0, 0x0, 0x0, 0x0, 0x0, 0x0,
    0x0, 0x0, 0x0, 0x0, 0x0, 0x0, 0x0, 0x29,
    0xdf, 0xfd, 0x93, 0x0, 0x0, 0x0, 0x7f, 0xff,
    0xff, 0xff, 0xf9, 0x0, 0x0, 0x8f, 0xfd, 0x51,
    0x14, 0xcf, 0xf9, 0x0, 0x2f, 0xfc, 0x0, 0x0,
    0x0, 0xbf, 0xf4, 0x8, 0xff, 0x30, 0x0, 0x0,
    0x1, 0xff, 0xa0, 0xcf, 0xd0, 0x0, 0x0, 0x0,
    0xb, 0xfe, 0xe, 0xfb, 0x0, 0x0, 0x0, 0x0,
    0x8f, 0xf0, 0xff, 0xa0, 0x0, 0x0, 0x0, 0x8,
    0xff, 0x1e, 0xfb, 0x0, 0x0, 0x0, 0x0, 0x9f,
    0xf0, 0xcf, 0xd0, 0x0, 0x0, 0x0, 0xc, 0xfe,
    0x8, 0xff, 0x30, 0x0, 0x0, 0x2, 0xff, 0xa0,
    0x2f, 0xfc, 0x0, 0x0, 0x0, 0xbf, 0xf4, 0x0,
    0x8f, 0xfd, 0x51, 0x14, 0xcf, 0xf9, 0x0, 0x0,
    0x7f, 0xff, 0xff, 0xff, 0xf8, 0x0, 0x0, 0x0,
    0x28, 0xdf, 0xfd, 0x92, 0x0, 0x0,

    /* U+0150 "Ő" */
    0x0, 0x0, 0x0, 0x0, 0xef, 0xf3, 0xbf, 0xf6,
    0x0, 0x0, 0x0, 0x0, 0x0, 0x6, 0xff, 0x82,
    0xff, 0xc0, 0x0, 0x0, 0x0, 0x0, 0x0, 0xd,
    0xfd, 0x9, 0xff, 0x20, 0x0, 0x0, 0x0, 0x0,
    0x0, 0x4f, 0xf3, 0x1e, 0xf7, 0x0, 0x0, 0x0,
    0x0, 0x0, 0x0, 0x0, 0x0, 0x0, 0x0, 0x0,
    0x0, 0x0, 0x0, 0x0, 0x0, 0x0, 0x0, 0x0,
    0x0, 0x0, 0x0, 0x0, 0x0, 0x0, 0x1, 0x7c,
    0xef, 0xfe, 0xb6, 0x0, 0x0, 0x0, 0x0, 0x0,
    0x8f, 0xff, 0xff, 0xff, 0xff, 0xe6, 0x0, 0x0,
    0x0, 0xc, 0xff, 0xff, 0xff, 0xff, 0xff, 0xff,
    0x90, 0x0, 0x0, 0xbf, 0xff, 0xd5, 0x10, 0x1,
    0x7e, 0xff, 0xf7, 0x0, 0x5, 0xff, 0xfa, 0x0,
    0x0, 0x0, 0x1, 0xcf, 0xff, 0x20, 0xc, 0xff,
    0xd0, 0x0, 0x0, 0x0, 0x0, 0x1f, 0xff, 0x90,
    0x2f, 0xff, 0x40, 0x0, 0x0, 0x0, 0x0, 0x8,
    0xff, 0xe0, 0x6f, 0xff, 0x0, 0x0, 0x0, 0x0,
    0x0, 0x2, 0xff, 0xf3, 0x9f, 0xfb, 0x0, 0x0,
    0x0, 0x0, 0x0, 0x0, 0xef, 0xf5, 0xaf, 0xf9,
    0x0, 0x0, 0x0, 0x0, 0x0, 0x0, 0xdf, 0xf7,
    0xbf, 0xf8, 0x0, 0x0, 0x0, 0x0, 0x0, 0x0,
    0xcf, 0xf7, 0xaf, 0xf9, 0x0, 0x0, 0x0, 0x0,
    0x0, 0x0, 0xdf, 0xf7, 0x9f, 0xfb, 0x0, 0x0,
    0x0, 0x0, 0x0, 0x0, 0xef, 0xf5, 0x6f, 0xfe,
    0x0, 0x0, 0x0, 0x0, 0x0, 0x2, 0xff, 0xf3,
    0x2f, 0xff, 0x40, 0x0, 0x0, 0x0, 0x0, 0x7,
    0xff, 0xf0, 0xd, 0xff, 0xd0, 0x0, 0x0, 0x0,
    0x0, 0x1f, 0xff, 0x90, 0x5, 0xff, 0xfa, 0x0,
    0x0, 0x0, 0x1, 0xcf, 0xff, 0x20, 0x0, 0xbf,
    0xff, 0xd5, 0x10, 0x1, 0x7e, 0xff, 0xf8, 0x0,
    0x0, 0x1c, 0xff, 0xff, 0xff, 0xff, 0xff, 0xff,
    0xa0, 0x0, 0x0, 0x0, 0x9f, 0xff, 0xff, 0xff,
    0xff, 0xf7, 0x0, 0x0, 0x0, 0x0, 0x2, 0x8c,
    0xef, 0xfe, 0xb6, 0x10, 0x0, 0x0,

    /* U+0151 "ő" */
    0x0, 0x0, 0x3, 0xff, 0xc1, 0xef, 0xe1, 0x0,
    0x0, 0x0, 0xbf, 0xf3, 0x7f, 0xf7, 0x0, 0x0,
    0x0, 0x2f, 0xf8, 0xe, 0xfc, 0x0, 0x0, 0x0,
    0xa, 0xfd, 0x6, 0xff, 0x20, 0x0, 0x0, 0x0,
    0x0, 0x0, 0x0, 0x0, 0x0, 0x0, 0x0, 0x0,
    0x0, 0x0, 0x0, 0x0, 0x0, 0x0, 0x0, 0x5b,
    0xdf, 0xeb, 0x50, 0x0, 0x0, 0x2, 0xdf, 0xff,
    0xff, 0xff, 0xd2, 0x0, 0x1, 0xef, 0xff, 0xdb,
    0xdf, 0xff, 0xe1, 0x0, 0xbf, 0xfe, 0x30, 0x0,
    0x3e, 0xff, 0xb0, 0x2f, 0xff, 0x40, 0x0, 0x0,
    0x3f, 0xff, 0x27, 0xff, 0xc0, 0x0, 0x0, 0x0,
    0xbf, 0xf8, 0xaf, 0xf8, 0x0, 0x0, 0x0, 0x7,
    0xff, 0xab, 0xff, 0x60, 0x0, 0x0, 0x0, 0x6f,
    0xfc, 0xbf, 0xf6, 0x0, 0x0, 0x0, 0x6, 0xff,
    0xca, 0xff, 0x80, 0x0, 0x0, 0x0, 0x7f, 0xfa,
    0x7f, 0xfc, 0x0, 0x0, 0x0, 0xb, 0xff, 0x82,
    0xff, 0xf4, 0x0, 0x0, 0x3, 0xff, 0xf2, 0xb,
    0xff, 0xe4, 0x0, 0x3, 0xef, 0xfb, 0x0, 0x1e,
    0xff, 0xfd, 0xbd, 0xff, 0xff, 0x10, 0x0, 0x2d,
    0xff, 0xff, 0xff, 0xfd, 0x20, 0x0, 0x0, 0x5,
    0xbe, 0xfe, 0xb6, 0x0, 0x0,

    /* U+0152 "Œ" */
    0x0, 0x0, 0x1, 0x7c, 0xef, 0xfd, 0xa4, 0x0,
    0x7f, 0xff, 0xff, 0xff, 0xff, 0xff, 0xf1, 0x0,
    0x0, 0x8f, 0xff, 0xff, 0xff, 0xff, 0xc2, 0x7f,
    0xff, 0xff, 0xff, 0xff, 0xff, 0xf1, 0x0, 0xc,
    0xff, 0xff, 0xff, 0xff, 0xff, 0xfe, 0xaf, 0xff,
    0xee, 0xee, 0xee, 0xee, 0xe1, 0x0, 0xaf, 0xff,
    0xd5, 0x10, 0x1, 0x7e, 0xff, 0xff, 0xfa, 0x0,
    0x0, 0x0, 0x0, 0x0, 0x5, 0xff, 0xfa, 0x0,
    0x0, 0x0, 0x1, 0xdf, 0xff, 0xfa, 0x0, 0x0,
    0x0, 0x0, 0x0, 0xc, 0xff, 0xd0, 0x0, 0x0,
    0x0, 0x0, 0x1f, 0xff, 0xfa, 0x0, 0x0, 0x0,
    0x0, 0x0, 0x2f, 0xff, 0x40, 0x0, 0x0, 0x0,
    0x0, 0x8, 0xff, 0xfa, 0x0, 0x0, 0x0, 0x0,
    0x0, 0x6f, 0xff, 0x0, 0x0, 0x0, 0x0, 0x0,
    0x3, 0xff, 0xfa, 0x0, 0x0, 0x0, 0x0, 0x0,
    0x9f, 0xfb, 0x0, 0x0, 0x0, 0x0, 0x0, 0x0,
    0xef, 0xfa, 0x0, 0x0, 0x0, 0x0, 0x0, 0xaf,
    0xf9, 0x0, 0x0, 0x0, 0x0, 0x0, 0x0, 0xdf,
    0xff, 0xff, 0xff, 0xff, 0xff, 0xb0, 0xbf, 0xf8,
    0x0, 0x0, 0x0, 0x0, 0x0, 0x0, 0xcf, 0xff,
    0xff, 0xff, 0xff, 0xff, 0xb0, 0xaf, 0xf9, 0x0,
    0x0, 0x0, 0x0, 0x0, 0x0, 0xdf, 0xff, 0xdd,
    0xdd, 0xdd, 0xdd, 0x90, 0x9f, 0xfb, 0x0, 0x0,
    0x0, 0x0, 0x0, 0x0, 0xef, 0xfa, 0x0, 0x0,
    0x0, 0x0, 0x0, 0x6f, 0xff, 0x0, 0x0, 0x0,
    0x0, 0x0, 0x3, 0xff, 0xfa, 0x0, 0x0, 0x0,
    0x0, 0x0, 0x2f, 0xff, 0x40, 0x0, 0x0, 0x0,
    0x0, 0x8, 0xff, 0xfa, 0x0, 0x0, 0x0, 0x0,
    0x0, 0xc, 0xff, 0xd0, 0x0, 0x0, 0x0, 0x0,
    0x1f, 0xff, 0xfa, 0x0, 0x0, 0x0, 0x0, 0x0,
    0x4, 0xff, 0xfa, 0x0, 0x0, 0x0, 0x1, 0xcf,
    0xff, 0xfa, 0x0, 0x0, 0x0, 0x0, 0x0, 0x0,
    0xaf, 0xff, 0xc5, 0x10, 0x1, 0x7e, 0xff, 0xff,
    0xfa, 0x0, 0x0, 0x0, 0x0, 0x0, 0x0, 0xb,
    0xff, 0xff, 0xff, 0xff, 0xff, 0xfe, 0xaf, 0xff,
    0xee, 0xee, 0xee, 0xee, 0xe4, 0x0, 0x0, 0x8f,
    0xff, 0xff, 0xff, 0xff, 0xc2, 0x7f, 0xff, 0xff,
    0xff, 0xff, 0xff, 0xf5, 0x0, 0x0, 0x1, 0x7c,
    0xef, 0xfd, 0xa4, 0x0, 0x7f, 0xff, 0xff, 0xff,
    0xff, 0xff, 0xf5,

    /* U+0153 "œ" */
    0x0, 0x0, 0x5b, 0xdf, 0xeb, 0x50, 0x0, 0x2,
    0x9d, 0xfe, 0xc7, 0x10, 0x0, 0x0, 0x2d, 0xff,
    0xff, 0xff, 0xfd, 0x20, 0x8f, 0xff, 0xff, 0xff,
    0xe4, 0x0, 0x1, 0xef, 0xff, 0xdb, 0xdf, 0xff,
    0xeb, 0xff, 0xff, 0xcc, 0xff, 0xff, 0x30, 0xb,
    0xff, 0xe3, 0x0, 0x3, 0xef, 0xff, 0xff, 0x80,
    0x0, 0x1b, 0xff, 0xd0, 0x2f, 0xff, 0x40, 0x0,
    0x0, 0x3f, 0xff, 0xf9, 0x0, 0x0, 0x0, 0xdf,
    0xf4, 0x7f, 0xfc, 0x0, 0x0, 0x0, 0xc, 0xff,
    0xf2, 0x0, 0x0, 0x0, 0x8f, 0xf9, 0xaf, 0xf8,
    0x0, 0x0, 0x0, 0xa, 0xff, 0xf5, 0x55, 0x55,
    0x55, 0x9f, 0xfc, 0xbf, 0xf6, 0x0, 0x0, 0x0,
    0xa, 0xff, 0xff, 0xff, 0xff, 0xff, 0xff, 0xfd,
    0xbf, 0xf6, 0x0, 0x0, 0x0, 0xa, 0xff, 0xff,
    0xff, 0xff, 0xff, 0xff, 0xfe, 0xaf, 0xf8, 0x0,
    0x0, 0x0, 0xa, 0xff, 0xf0, 0x0, 0x0, 0x0,
    0x0, 0x0, 0x7f, 0xfc, 0x0, 0x0, 0x0, 0xc,
    0xff, 0xf1, 0x0, 0x0, 0x0, 0x0, 0x0, 0x2f,
    0xff, 0x40, 0x0, 0x0, 0x3f, 0xff, 0xf8, 0x0,
    0x0, 0x0, 0x9d, 0xd7, 0xb, 0xff, 0xe4, 0x0,
    0x3, 0xef, 0xff, 0xff, 0x70, 0x0, 0x8, 0xff,
    0xf2, 0x1, 0xef, 0xff, 0xdb, 0xdf, 0xff, 0xfb,
    0xff, 0xfe, 0xcc, 0xef, 0xff, 0x70, 0x0, 0x2d,
    0xff, 0xff, 0xff, 0xfd, 0x20, 0x8f, 0xff, 0xff,
    0xff, 0xf7, 0x0, 0x0, 0x0, 0x5b, 0xef, 0xeb,
    0x60, 0x0, 0x3, 0x9d, 0xff, 0xd9, 0x20, 0x0,

    /* U+0154 "Ŕ" */
    0x0, 0x0, 0x0, 0x0, 0xdf, 0xf3, 0x0, 0x0,
    0x0, 0x0, 0x0, 0x0, 0x5f, 0xf9, 0x0, 0x0,
    0x0, 0x0, 0x0, 0x0, 0xc, 0xfe, 0x0, 0x0,
    0x0, 0x0, 0x0, 0x0, 0x4, 0xff, 0x40, 0x0,
    0x0, 0x0, 0x0, 0x0, 0x0, 0x0, 0x0, 0x0,
    0x0, 0x0, 0x0, 0x0, 0x0, 0x0, 0x0, 0x0,
    0x0, 0x0, 0x0, 0x8f, 0xff, 0xff, 0xff, 0xfe,
    0xd8, 0x20, 0x0, 0x8, 0xff, 0xff, 0xff, 0xff,
    0xff, 0xff, 0x80, 0x0, 0x8f, 0xff, 0xee, 0xee,
    0xef, 0xff, 0xff, 0x90, 0x8, 0xff, 0xa0, 0x0,
    0x0, 0x4, 0xdf, 0xff, 0x20, 0x8f, 0xfa, 0x0,
    0x0, 0x0, 0x0, 0xef, 0xf8, 0x8, 0xff, 0xa0,
    0x0, 0x0, 0x0, 0x8, 0xff, 0xb0, 0x8f, 0xfa,
    0x0, 0x0, 0x0, 0x0, 0x6f, 0xfc, 0x8, 0xff,
    0xa0, 0x0, 0x0, 0x0, 0x8, 0xff, 0xa0, 0x8f,
    0xfa, 0x0, 0x0, 0x0, 0x1, 0xef, 0xf5, 0x8,
    0xff, 0xa0, 0x0, 0x0, 0x15, 0xdf, 0xfc, 0x0,
    0x8f, 0xff, 0xff, 0xff, 0xff, 0xff, 0xfb, 0x10,
    0x8, 0xff, 0xff, 0xff, 0xff, 0xff, 0xfd, 0x40,
    0x0, 0x8f, 0xff, 0xee, 0xee, 0xef, 0xff, 0xff,
    0x90, 0x8, 0xff, 0xa0, 0x0, 0x0, 0x1, 0x9f,
    0xff, 0x20, 0x8f, 0xfa, 0x0, 0x0, 0x0, 0x0,
    0xdf, 0xf6, 0x8, 0xff, 0xa0, 0x0, 0x0, 0x0,
    0x9, 0xff, 0x80, 0x8f, 0xfa, 0x0, 0x0, 0x0,
    0x0, 0x8f, 0xfa, 0x8, 0xff, 0xa0, 0x0, 0x0,
    0x0, 0x6, 0xff, 0xb0, 0x8f, 0xfa, 0x0, 0x0,
    0x0, 0x0, 0x5f, 0xfc, 0x8, 0xff, 0xa0, 0x0,
    0x0, 0x0, 0x4, 0xff, 0xe0, 0x8f, 0xfa, 0x0,
    0x0, 0x0, 0x0, 0x2f, 0xff, 0x0,

    /* U+0155 "ŕ" */
    0x0, 0x0, 0xbf, 0xf6, 0x0, 0x0, 0x3f, 0xfb,
    0x0, 0x0, 0xa, 0xff, 0x10, 0x0, 0x1, 0xef,
    0x60, 0x0, 0x0, 0x0, 0x0, 0x0, 0xd, 0xff,
    0x4, 0xcf, 0xf3, 0xdf, 0xf4, 0xff, 0xff, 0x3d,
    0xff, 0xdf, 0xfd, 0xc2, 0xdf, 0xff, 0x60, 0x0,
    0xd, 0xff, 0xa0, 0x0, 0x0, 0xdf, 0xf5, 0x0,
    0x0, 0xd, 0xff, 0x40, 0x0, 0x0, 0xdf, 0xf4,
    0x0, 0x0, 0xd, 0xff, 0x40, 0x0, 0x0, 0xdf,
    0xf4, 0x0, 0x0, 0xd, 0xff, 0x40, 0x0, 0x0,
    0xdf, 0xf4, 0x0, 0x0, 0xd, 0xff, 0x40, 0x0,
    0x0, 0xdf, 0xf4, 0x0, 0x0, 0xd, 0xff, 0x40,
    0x0, 0x0, 0xdf, 0xf4, 0x0, 0x0, 0x0,

    /* U+0156 "Ŗ" */
    0x8f, 0xff, 0xff, 0xff, 0xfe, 0xd8, 0x20, 0x0,
    0x8, 0xff, 0xff, 0xff, 0xff, 0xff, 0xff, 0x80,
    0x0, 0x8f, 0xff, 0xee, 0xee, 0xef, 0xff, 0xff,
    0x90, 0x8, 0xff, 0xa0, 0x0, 0x0, 0x3, 0xbf,
    0xff, 0x20, 0x8f, 0xfa, 0x0, 0x0, 0x0, 0x0,
    0xcf, 0xf8, 0x8, 0xff, 0xa0, 0x0, 0x0, 0x0,
    0x7, 0xff, 0xb0, 0x8f, 0xfa, 0x0, 0x0, 0x0,
    0x0, 0x7f, 0xfc, 0x8, 0xff, 0xa0, 0x0, 0x0,
    0x0, 0xc, 0xff, 0xa0, 0x8f, 0xfa, 0x0, 0x0,
    0x0, 0x3b, 0xff, 0xf5, 0x8, 0xff, 0xfe, 0xee,
    0xee, 0xff, 0xff, 0xfc, 0x0, 0x8f, 0xff, 0xff,
    0xff, 0xff, 0xff, 0xfb, 0x10, 0x8, 0xff, 0xff,
    0xff, 0xff, 0xff, 0xfd, 0x40, 0x0, 0x8f, 0xfa,
    0x0, 0x0, 0x0, 0x3b, 0xff, 0x90, 0x8, 0xff,
    0xa0, 0x0, 0x0, 0x0, 0xe, 0xff, 0x20, 0x8f,
    0xfa, 0x0, 0x0, 0x0, 0x0, 0xaf, 0xf6, 0x8,
    0xff, 0xa0, 0x0, 0x0, 0x0, 0x8, 0xff, 0x80,
    0x8f, 0xfa, 0x0, 0x0, 0x0, 0x0, 0x7f, 0xfa,
    0x8, 0xff, 0xa0, 0x0, 0x0, 0x0, 0x6, 0xff,
    0xb0, 0x8f, 0xfa, 0x0, 0x0, 0x0, 0x0, 0x5f,
    0xfc, 0x8, 0xff, 0xa0, 0x0, 0x0, 0x0, 0x3,
    0xff, 0xe0, 0x8f, 0xfa, 0x0, 0x0, 0x0, 0x0,
    0x2f, 0xff, 0x0, 0x0, 0x0, 0x0, 0x0, 0x0,
    0x0, 0x0, 0x0, 0x0, 0x0, 0x0, 0x5e, 0xeb,
    0x0, 0x0, 0x0, 0x0, 0x0, 0x0, 0x5, 0xff,
    0xd0, 0x0, 0x0, 0x0, 0x0, 0x0, 0x0, 0x5f,
    0xfc, 0x0, 0x0, 0x0, 0x0, 0x0, 0x0, 0x0,
    0x9f, 0x60, 0x0, 0x0, 0x0, 0x0, 0x0, 0x0,
    0x1f, 0xd0, 0x0, 0x0, 0x0, 0x0, 0x0, 0x0,
    0x9, 0xf5, 0x0, 0x0, 0x0, 0x0,

    /* U+0157 "ŗ" */
    0xd, 0xff, 0x4, 0xcf, 0xf3, 0xd, 0xff, 0x4f,
    0xff, 0xf3, 0xd, 0xff, 0xdf, 0xfd, 0xc2, 0xd,
    0xff, 0xf6, 0x0, 0x0, 0xd, 0xff, 0xa0, 0x0,
    0x0, 0xd, 0xff, 0x50, 0x0, 0x0, 0xd, 0xff,
    0x40, 0x0, 0x0, 0xd, 0xff, 0x40, 0x0, 0x0,
    0xd, 0xff, 0x40, 0x0, 0x0, 0xd, 0xff, 0x40,
    0x0, 0x0, 0xd, 0xff, 0x40, 0x0, 0x0, 0xd,
    0xff, 0x40, 0x0, 0x0, 0xd, 0xff, 0x40, 0x0,
    0x0, 0xd, 0xff, 0x40, 0x0, 0x0, 0xd, 0xff,
    0x40, 0x0, 0x0, 0xd, 0xff, 0x40, 0x0, 0x0,
    0x0, 0x0, 0x0, 0x0, 0x0, 0xc, 0xee, 0x40,
    0x0, 0x0, 0xe, 0xff, 0x50, 0x0, 0x0, 0xe,
    0xff, 0x40, 0x0, 0x0, 0x2, 0xfe, 0x0, 0x0,
    0x0, 0xa, 0xf5, 0x0, 0x0, 0x0, 0x2f, 0xd0,
    0x0, 0x0, 0x0,

    /* U+0158 "Ř" */
    0x0, 0x1, 0xff, 0x50, 0x9, 0xfc, 0x0, 0x0,
    0x0, 0x0, 0x6, 0xfe, 0x15, 0xff, 0x20, 0x0,
    0x0, 0x0, 0x0, 0xb, 0xfe, 0xff, 0x70, 0x0,
    0x0, 0x0, 0x0, 0x0, 0x1f, 0xff, 0xc0, 0x0,
    0x0, 0x0, 0x0, 0x0, 0x0, 0x0, 0x0, 0x0,
    0x0, 0x0, 0x0, 0x0, 0x0, 0x0, 0x0, 0x0,
    0x0, 0x0, 0x0, 0x8f, 0xff, 0xff, 0xff, 0xfe,
    0xd8, 0x20, 0x0, 0x8, 0xff, 0xff, 0xff, 0xff,
    0xff, 0xff, 0x80, 0x0, 0x8f, 0xff, 0xee, 0xee,
    0xef, 0xff, 0xff, 0x90, 0x8, 0xff, 0xa0, 0x0,
    0x0, 0x4, 0xdf, 0xff, 0x20, 0x8f, 0xfa, 0x0,
    0x0, 0x0, 0x0, 0xef, 0xf8, 0x8, 0xff, 0xa0,
    0x0, 0x0, 0x0, 0x8, 0xff, 0xb0, 0x8f, 0xfa,
    0x0, 0x0, 0x0, 0x0, 0x6f, 0xfc, 0x8, 0xff,
    0xa0, 0x0, 0x0, 0x0, 0x8, 0xff, 0xa0, 0x8f,
    0xfa, 0x0, 0x0, 0x0, 0x1, 0xef, 0xf5, 0x8,
    0xff, 0xa0, 0x0, 0x0, 0x15, 0xdf, 0xfc, 0x0,
    0x8f, 0xff, 0xff, 0xff, 0xff, 0xff, 0xfb, 0x10,
    0x8, 0xff, 0xff, 0xff, 0xff, 0xff, 0xfd, 0x40,
    0x0, 0x8f, 0xff, 0xee, 0xee, 0xef, 0xff, 0xff,
    0x90, 0x8, 0xff, 0xa0, 0x0, 0x0, 0x1, 0x9f,
    0xff, 0x20, 0x8f, 0xfa, 0x0, 0x0, 0x0, 0x0,
    0xdf, 0xf6, 0x8, 0xff, 0xa0, 0x0, 0x0, 0x0,
    0x9, 0xff, 0x80, 0x8f, 0xfa, 0x0, 0x0, 0x0,
    0x0, 0x8f, 0xfa, 0x8, 0xff, 0xa0, 0x0, 0x0,
    0x0, 0x6, 0xff, 0xb0, 0x8f, 0xfa, 0x0, 0x0,
    0x0, 0x0, 0x5f, 0xfc, 0x8, 0xff, 0xa0, 0x0,
    0x0, 0x0, 0x4, 0xff, 0xe0, 0x8f, 0xfa, 0x0,
    0x0, 0x0, 0x0, 0x2f, 0xff, 0x0,

    /* U+0159 "ř" */
    0x7, 0x82, 0x0, 0x18, 0x71, 0x9, 0xfd, 0x0,
    0xcf, 0xa0, 0x0, 0xdf, 0x98, 0xfe, 0x10, 0x0,
    0x3f, 0xff, 0xf4, 0x0, 0x0, 0x5, 0x88, 0x60,
    0x0, 0x0, 0x0, 0x0, 0x0, 0x0, 0xd, 0xff,
    0x4, 0xcf, 0xf3, 0xd, 0xff, 0x4f, 0xff, 0xf3,
    0xd, 0xff, 0xdf, 0xfd, 0xc2, 0xd, 0xff, 0xf6,
    0x0, 0x0, 0xd, 0xff, 0xa0, 0x0, 0x0, 0xd,
    0xff, 0x50, 0x0, 0x0, 0xd, 0xff, 0x40, 0x0,
    0x0, 0xd, 0xff, 0x40, 0x0, 0x0, 0xd, 0xff,
    0x40, 0x0, 0x0, 0xd, 0xff, 0x40, 0x0, 0x0,
    0xd, 0xff, 0x40, 0x0, 0x0, 0xd, 0xff, 0x40,
    0x0, 0x0, 0xd, 0xff, 0x40, 0x0, 0x0, 0xd,
    0xff, 0x40, 0x0, 0x0, 0xd, 0xff, 0x40, 0x0,
    0x0, 0xd, 0xff, 0x40, 0x0, 0x0,

    /* U+015A "Ś" */
    0x0, 0x0, 0x0, 0x0, 0xaf, 0xf7, 0x0, 0x0,
    0x0, 0x0, 0x0, 0x0, 0x1f, 0xfc, 0x0, 0x0,
    0x0, 0x0, 0x0, 0x0, 0x9, 0xff, 0x20, 0x0,
    0x0, 0x0, 0x0, 0x0, 0x0, 0xef, 0x70, 0x0,
    0x0, 0x0, 0x0, 0x0, 0x0, 0x0, 0x0, 0x0,
    0x0, 0x0, 0x0, 0x0, 0x0, 0x0, 0x0, 0x0,
    0x0, 0x0, 0x0, 0x0, 0x0, 0x4a, 0xdf, 0xfd,
    0xb5, 0x0, 0x0, 0x0, 0x1, 0xcf, 0xff, 0xff,
    0xff, 0xfd, 0x30, 0x0, 0x0, 0xdf, 0xff, 0xff,
    0xef, 0xff, 0xff, 0x30, 0x0, 0x7f, 0xff, 0x91,
    0x0, 0x6, 0xef, 0xfe, 0x0, 0xd, 0xff, 0x90,
    0x0, 0x0, 0x2, 0xff, 0xf6, 0x0, 0xff, 0xf4,
    0x0, 0x0, 0x0, 0x9, 0xff, 0xb0, 0xe, 0xff,
    0x50, 0x0, 0x0, 0x0, 0x3a, 0xa9, 0x0, 0xbf,
    0xfd, 0x20, 0x0, 0x0, 0x0, 0x0, 0x0, 0x3,
    0xff, 0xff, 0xa5, 0x10, 0x0, 0x0, 0x0, 0x0,
    0x5, 0xef, 0xff, 0xff, 0xc8, 0x30, 0x0, 0x0,
    0x0, 0x1, 0x7d, 0xff, 0xff, 0xff, 0xd6, 0x0,
    0x0, 0x0, 0x0, 0x1, 0x6a, 0xef, 0xff, 0xfb,
    0x0, 0x0, 0x0, 0x0, 0x0, 0x0, 0x4b, 0xff,
    0xf9, 0x0, 0x11, 0x0, 0x0, 0x0, 0x0, 0x7,
    0xff, 0xf1, 0x5f, 0xfe, 0x0, 0x0, 0x0, 0x0,
    0xe, 0xff, 0x52, 0xff, 0xf4, 0x0, 0x0, 0x0,
    0x0, 0xdf, 0xf5, 0xc, 0xff, 0xd0, 0x0, 0x0,
    0x0, 0x2f, 0xff, 0x30, 0x4f, 0xff, 0xd5, 0x0,
    0x0, 0x5e, 0xff, 0xd0, 0x0, 0x7f, 0xff, 0xff,
    0xee, 0xff, 0xff, 0xf4, 0x0, 0x0, 0x5e, 0xff,
    0xff, 0xff, 0xff, 0xe4, 0x0, 0x0, 0x0, 0x16,
    0xbd, 0xff, 0xda, 0x60, 0x0, 0x0,

    /* U+015B "ś" */
    0x0, 0x0, 0x0, 0xe, 0xfe, 0x20, 0x0, 0x0,
    0x0, 0x0, 0x7f, 0xf7, 0x0, 0x0, 0x0, 0x0,
    0x0, 0xef, 0xc0, 0x0, 0x0, 0x0, 0x0, 0x6,
    0xff, 0x20, 0x0, 0x0, 0x0, 0x0, 0x0, 0x0,
    0x0, 0x0, 0x0, 0x0, 0x0, 0x0, 0x0, 0x0,
    0x0, 0x0, 0x0, 0x5, 0xbe, 0xff, 0xd9, 0x30,
    0x0, 0x0, 0xbf, 0xff, 0xff, 0xff, 0xf7, 0x0,
    0xa, 0xff, 0xfd, 0xaa, 0xef, 0xff, 0x50, 0x1f,
    0xff, 0x70, 0x0, 0x9, 0xff, 0xe0, 0x3f, 0xff,
    0x0, 0x0, 0x0, 0xef, 0xf3, 0x2f, 0xff, 0x20,
    0x0, 0x0, 0x22, 0x20, 0xd, 0xff, 0xd6, 0x20,
    0x0, 0x0, 0x0, 0x3, 0xef, 0xff, 0xff, 0xc8,
    0x30, 0x0, 0x0, 0x17, 0xdf, 0xff, 0xff, 0xfb,
    0x10, 0x0, 0x0, 0x1, 0x58, 0xcf, 0xff, 0xc0,
    0x34, 0x41, 0x0, 0x0, 0x4, 0xff, 0xf2, 0xaf,
    0xfa, 0x0, 0x0, 0x0, 0xef, 0xf4, 0x5f, 0xff,
    0x60, 0x0, 0x4, 0xff, 0xf2, 0xc, 0xff, 0xfd,
    0xba, 0xcf, 0xff, 0xc0, 0x1, 0xcf, 0xff, 0xff,
    0xff, 0xfd, 0x10, 0x0, 0x5, 0xad, 0xff, 0xeb,
    0x60, 0x0,

    /* U+015C "Ŝ" */
    0x0, 0x0, 0x0, 0x48, 0x87, 0x0, 0x0, 0x0,
    0x0, 0x0, 0x0, 0x1f, 0xff, 0xf5, 0x0, 0x0,
    0x0, 0x0, 0x0, 0xa, 0xfc, 0x8f, 0xe0, 0x0,
    0x0, 0x0, 0x0, 0x3, 0xff, 0x20, 0xdf, 0x80,
    0x0, 0x0, 0x0, 0x0, 0xdf, 0x80, 0x4, 0xff,
    0x20, 0x0, 0x0, 0x0, 0x0, 0x0, 0x0, 0x0,
    0x0, 0x0, 0x0, 0x0, 0x0, 0x0, 0x0, 0x0,
    0x0, 0x0, 0x0, 0x0, 0x0, 0x4, 0xad, 0xff,
    0xdb, 0x50, 0x0, 0x0, 0x0, 0x1c, 0xff, 0xff,
    0xff, 0xff, 0xd3, 0x0, 0x0, 0xd, 0xff, 0xff,
    0xfe, 0xff, 0xff, 0xf3, 0x0, 0x7, 0xff, 0xf9,
    0x10, 0x0, 0x6e, 0xff, 0xe0, 0x0, 0xdf, 0xf9,
    0x0, 0x0, 0x0, 0x2f, 0xff, 0x60, 0xf, 0xff,
    0x40, 0x0, 0x0, 0x0, 0x9f, 0xfb, 0x0, 0xef,
    0xf5, 0x0, 0x0, 0x0, 0x3, 0xaa, 0x90, 0xb,
    0xff, 0xd2, 0x0, 0x0, 0x0, 0x0, 0x0, 0x0,
    0x3f, 0xff, 0xfa, 0x51, 0x0, 0x0, 0x0, 0x0,
    0x0, 0x5e, 0xff, 0xff, 0xfc, 0x83, 0x0, 0x0,
    0x0, 0x0, 0x17, 0xdf, 0xff, 0xff, 0xfd, 0x60,
    0x0, 0x0, 0x0, 0x0, 0x16, 0xae, 0xff, 0xff,
    0xb0, 0x0, 0x0, 0x0, 0x0, 0x0, 0x4, 0xbf,
    0xff, 0x90, 0x1, 0x10, 0x0, 0x0, 0x0, 0x0,
    0x7f, 0xff, 0x15, 0xff, 0xe0, 0x0, 0x0, 0x0,
    0x0, 0xef, 0xf5, 0x2f, 0xff, 0x40, 0x0, 0x0,
    0x0, 0xd, 0xff, 0x50, 0xcf, 0xfd, 0x0, 0x0,
    0x0, 0x2, 0xff, 0xf3, 0x4, 0xff, 0xfd, 0x50,
    0x0, 0x5, 0xef, 0xfd, 0x0, 0x7, 0xff, 0xff,
    0xfe, 0xef, 0xff, 0xff, 0x40, 0x0, 0x5, 0xef,
    0xff, 0xff, 0xff, 0xfe, 0x40, 0x0, 0x0, 0x1,
    0x6b, 0xdf, 0xfd, 0xa6, 0x0, 0x0,

    /* U+015D "ŝ" */
    0x0, 0x0, 0x2f, 0xff, 0xa0, 0x0, 0x0, 0x0,
    0x0, 0xcf, 0xef, 0xf4, 0x0, 0x0, 0x0, 0x6,
    0xfe, 0x18, 0xfd, 0x0, 0x0, 0x0, 0x1e, 0xf5,
    0x0, 0xdf, 0x70, 0x0, 0x0, 0x25, 0x40, 0x0,
    0x25, 0x40, 0x0, 0x0, 0x0, 0x0, 0x0, 0x0,
    0x0, 0x0, 0x0, 0x5, 0xbe, 0xff, 0xd9, 0x30,
    0x0, 0x0, 0xbf, 0xff, 0xff, 0xff, 0xf7, 0x0,
    0xa, 0xff, 0xfd, 0xaa, 0xef, 0xff, 0x50, 0x1f,
    0xff, 0x70, 0x0, 0x9, 0xff, 0xe0, 0x3f, 0xff,
    0x0, 0x0, 0x0, 0xef, 0xf3, 0x2f, 0xff, 0x20,
    0x0, 0x0, 0x22, 0x20, 0xd, 0xff, 0xd6, 0x20,
    0x0, 0x0, 0x0, 0x3, 0xef, 0xff, 0xff, 0xc8,
    0x30, 0x0, 0x0, 0x17, 0xdf, 0xff, 0xff, 0xfb,
    0x10, 0x0, 0x0, 0x1, 0x58, 0xcf, 0xff, 0xc0,
    0x34, 0x41, 0x0, 0x0, 0x4, 0xff, 0xf2, 0xaf,
    0xfa, 0x0, 0x0, 0x0, 0xef, 0xf4, 0x5f, 0xff,
    0x60, 0x0, 0x4, 0xff, 0xf2, 0xc, 0xff, 0xfd,
    0xba, 0xcf, 0xff, 0xc0, 0x1, 0xcf, 0xff, 0xff,
    0xff, 0xfd, 0x10, 0x0, 0x5, 0xad, 0xff, 0xeb,
    0x60, 0x0,

    /* U+015E "Ş" */
    0x0, 0x0, 0x4a, 0xdf, 0xfd, 0xb5, 0x0, 0x0,
    0x0, 0x1, 0xcf, 0xff, 0xff, 0xff, 0xfd, 0x30,
    0x0, 0x0, 0xdf, 0xff, 0xff, 0xef, 0xff, 0xff,
    0x30, 0x0, 0x7f, 0xff, 0x91, 0x0, 0x6, 0xef,
    0xfe, 0x0, 0xd, 0xff, 0x90, 0x0, 0x0, 0x2,
    0xff, 0xf6, 0x0, 0xff, 0xf4, 0x0, 0x0, 0x0,
    0x9, 0xff, 0xb0, 0xe, 0xff, 0x50, 0x0, 0x0,
    0x0, 0x3a, 0xa9, 0x0, 0xbf, 0xfd, 0x20, 0x0,
    0x0, 0x0, 0x0, 0x0, 0x3, 0xff, 0xff, 0xa5,
    0x10, 0x0, 0x0, 0x0, 0x0, 0x5, 0xef, 0xff,
    0xff, 0xc8, 0x30, 0x0, 0x0, 0x0, 0x1, 0x7d,
    0xff, 0xff, 0xff, 0xd6, 0x0, 0x0, 0x0, 0x0,
    0x1, 0x6a, 0xef, 0xff, 0xfb, 0x0, 0x0, 0x0,
    0x0, 0x0, 0x0, 0x4b, 0xff, 0xf9, 0x0, 0x11,
    0x0, 0x0, 0x0, 0x0, 0x7, 0xff, 0xf1, 0x5f,
    0xfe, 0x0, 0x0, 0x0, 0x0, 0xe, 0xff, 0x52,
    0xff, 0xf4, 0x0, 0x0, 0x0, 0x0, 0xdf, 0xf5,
    0xc, 0xff, 0xd0, 0x0, 0x0, 0x0, 0x2f, 0xff,
    0x30, 0x4f, 0xff, 0xd5, 0x0, 0x0, 0x5e, 0xff,
    0xd0, 0x0, 0x7f, 0xff, 0xff, 0xee, 0xff, 0xff,
    0xf4, 0x0, 0x0, 0x5e, 0xff, 0xff, 0xff, 0xff,
    0xe4, 0x0, 0x0, 0x0, 0x16, 0xbf, 0xff, 0xda,
    0x60, 0x0, 0x0, 0x0, 0x0, 0x0, 0xdf, 0x71,
    0x0, 0x0, 0x0, 0x0, 0x0, 0x0, 0x8, 0xef,
    0xf3, 0x0, 0x0, 0x0, 0x0, 0x0, 0x0, 0x0,
    0x5f, 0xb0, 0x0, 0x0, 0x0, 0x0, 0x8, 0xc1,
    0x4, 0xfc, 0x0, 0x0, 0x0, 0x0, 0x0, 0x9f,
    0xfd, 0xff, 0x60, 0x0, 0x0, 0x0, 0x0, 0x0,
    0x8e, 0xfd, 0x60, 0x0, 0x0, 0x0,

    /* U+015F "ş" */
    0x0, 0x5, 0xbe, 0xff, 0xd9, 0x30, 0x0, 0x0,
    0xbf, 0xff, 0xff, 0xff, 0xf7, 0x0, 0xa, 0xff,
    0xfd, 0xaa, 0xef, 0xff, 0x50, 0x1f, 0xff, 0x70,
    0x0, 0x9, 0xff, 0xe0, 0x3f, 0xff, 0x0, 0x0,
    0x0, 0xef, 0xf3, 0x2f, 0xff, 0x20, 0x0, 0x0,
    0x22, 0x20, 0xd, 0xff, 0xd6, 0x20, 0x0, 0x0,
    0x0, 0x3, 0xef, 0xff, 0xff, 0xc8, 0x30, 0x0,
    0x0, 0x17, 0xdf, 0xff, 0xff, 0xfb, 0x10, 0x0,
    0x0, 0x1, 0x58, 0xcf, 0xff, 0xc0, 0x34, 0x41,
    0x0, 0x0, 0x4, 0xff, 0xf2, 0xaf, 0xfa, 0x0,
    0x0, 0x0, 0xef, 0xf4, 0x5f, 0xff, 0x60, 0x0,
    0x4, 0xff, 0xf2, 0xc, 0xff, 0xfd, 0xba, 0xcf,
    0xff, 0xc0, 0x1, 0xcf, 0xff, 0xff, 0xff, 0xfd,
    0x10, 0x0, 0x5, 0xae, 0xff, 0xfb, 0x60, 0x0,
    0x0, 0x0, 0x9, 0xfa, 0x10, 0x0, 0x0, 0x0,
    0x0, 0x6, 0xff, 0xf6, 0x0, 0x0, 0x0, 0x0,
    0x0, 0x2, 0xff, 0x0, 0x0, 0x0, 0x5, 0xc2,
    0x1, 0xff, 0x0, 0x0, 0x0, 0x5, 0xff, 0xdf,
    0xfb, 0x0, 0x0, 0x0, 0x0, 0x5d, 0xfe, 0x90,
    0x0, 0x0,

    /* U+0160 "Š" */
    0x0, 0x0, 0x78, 0x30, 0x1, 0x78, 0x10, 0x0,
    0x0, 0x0, 0x8, 0xfe, 0x10, 0xaf, 0xc0, 0x0,
    0x0, 0x0, 0x0, 0xe, 0xfa, 0x6f, 0xf3, 0x0,
    0x0, 0x0, 0x0, 0x0, 0x5f, 0xff, 0xf9, 0x0,
    0x0, 0x0, 0x0, 0x0, 0x0, 0xbf, 0xff, 0x10,
    0x0, 0x0, 0x0, 0x0, 0x0, 0x0, 0x0, 0x0,
    0x0, 0x0, 0x0, 0x0, 0x0, 0x0, 0x0, 0x0,
    0x0, 0x0, 0x0, 0x0, 0x0, 0x4, 0xad, 0xff,
    0xdb, 0x50, 0x0, 0x0, 0x0, 0x1c, 0xff, 0xff,
    0xff, 0xff, 0xd3, 0x0, 0x0, 0xd, 0xff, 0xff,
    0xfe, 0xff, 0xff, 0xf3, 0x0, 0x7, 0xff, 0xf9,
    0x10, 0x0, 0x6e, 0xff, 0xe0, 0x0, 0xdf, 0xf9,
    0x0, 0x0, 0x0, 0x2f, 0xff, 0x60, 0xf, 0xff,
    0x40, 0x0, 0x0, 0x0, 0x9f, 0xfb, 0x0, 0xef,
    0xf5, 0x0, 0x0, 0x0, 0x3, 0xaa, 0x90, 0xb,
    0xff, 0xd2, 0x0, 0x0, 0x0, 0x0, 0x0, 0x0,
    0x3f, 0xff, 0xfa, 0x51, 0x0, 0x0, 0x0, 0x0,
    0x0, 0x5e, 0xff, 0xff, 0xfc, 0x83, 0x0, 0x0,
    0x0, 0x0, 0x17, 0xdf, 0xff, 0xff, 0xfd, 0x60,
    0x0, 0x0, 0x0, 0x0, 0x16, 0xae, 0xff, 0xff,
    0xb0, 0x0, 0x0, 0x0, 0x0, 0x0, 0x4, 0xbf,
    0xff, 0x90, 0x1, 0x10, 0x0, 0x0, 0x0, 0x0,
    0x7f, 0xff, 0x15, 0xff, 0xe0, 0x0, 0x0, 0x0,
    0x0, 0xef, 0xf5, 0x2f, 0xff, 0x40, 0x0, 0x0,
    0x0, 0xd, 0xff, 0x50, 0xcf, 0xfd, 0x0, 0x0,
    0x0, 0x2, 0xff, 0xf3, 0x4, 0xff, 0xfd, 0x50,
    0x0, 0x5, 0xef, 0xfd, 0x0, 0x7, 0xff, 0xff,
    0xfe, 0xef, 0xff, 0xff, 0x40, 0x0, 0x5, 0xef,
    0xff, 0xff, 0xff, 0xfe, 0x40, 0x0, 0x0, 0x1,
    0x6b, 0xdf, 0xfd, 0xa6, 0x0, 0x0,

    /* U+0161 "š" */
    0x0, 0x3f, 0xf3, 0x0, 0xaf, 0xb0, 0x0, 0x0,
    0x9, 0xfd, 0x5, 0xff, 0x20, 0x0, 0x0, 0x1,
    0xef, 0xae, 0xf7, 0x0, 0x0, 0x0, 0x0, 0x6f,
    0xff, 0xd0, 0x0, 0x0, 0x0, 0x0, 0x5, 0x55,
    0x20, 0x0, 0x0, 0x0, 0x0, 0x0, 0x0, 0x0,
    0x0, 0x0, 0x0, 0x5, 0xbe, 0xff, 0xda, 0x30,
    0x0, 0x0, 0xbf, 0xff, 0xff, 0xff, 0xf9, 0x0,
    0xa, 0xff, 0xfd, 0xaa, 0xdf, 0xff, 0x70, 0x1f,
    0xff, 0x70, 0x0, 0x7, 0xff, 0xf0, 0x3f, 0xff,
    0x0, 0x0, 0x0, 0xcd, 0xd3, 0x2f, 0xff, 0x20,
    0x0, 0x0, 0x0, 0x0, 0xd, 0xff, 0xd6, 0x20,
    0x0, 0x0, 0x0, 0x3, 0xef, 0xff, 0xff, 0xc8,
    0x30, 0x0, 0x0, 0x17, 0xdf, 0xff, 0xff, 0xfb,
    0x10, 0x0, 0x0, 0x1, 0x58, 0xcf, 0xff, 0xc0,
    0x46, 0x62, 0x0, 0x0, 0x4, 0xff, 0xf2, 0x9f,
    0xfa, 0x0, 0x0, 0x0, 0xef, 0xf4, 0x5f, 0xff,
    0x60, 0x0, 0x4, 0xff, 0xf2, 0xc, 0xff, 0xfd,
    0xba, 0xcf, 0xff, 0xc0, 0x1, 0xcf, 0xff, 0xff,
    0xff, 0xfd, 0x10, 0x0, 0x5, 0xad, 0xff, 0xeb,
    0x60, 0x0,

    /* U+0162 "Ţ" */
    0xaf, 0xff, 0xff, 0xff, 0xff, 0xff, 0xff, 0xff,
    0x2a, 0xff, 0xff, 0xff, 0xff, 0xff, 0xff, 0xff,
    0xf2, 0x9e, 0xee, 0xee, 0xef, 0xff, 0xee, 0xee,
    0xee, 0x10, 0x0, 0x0, 0x5, 0xff, 0xc0, 0x0,
    0x0, 0x0, 0x0, 0x0, 0x0, 0x5f, 0xfc, 0x0,
    0x0, 0x0, 0x0, 0x0, 0x0, 0x5, 0xff, 0xc0,
    0x0, 0x0, 0x0, 0x0, 0x0, 0x0, 0x5f, 0xfc,
    0x0, 0x0, 0x0, 0x0, 0x0, 0x0, 0x5, 0xff,
    0xc0, 0x0, 0x0, 0x0, 0x0, 0x0, 0x0, 0x5f,
    0xfc, 0x0, 0x0, 0x0, 0x0, 0x0, 0x0, 0x5,
    0xff, 0xc0, 0x0, 0x0, 0x0, 0x0, 0x0, 0x0,
    0x5f, 0xfc, 0x0, 0x0, 0x0, 0x0, 0x0, 0x0,
    0x5, 0xff, 0xc0, 0x0, 0x0, 0x0, 0x0, 0x0,
    0x0, 0x5f, 0xfc, 0x0, 0x0, 0x0, 0x0, 0x0,
    0x0, 0x5, 0xff, 0xc0, 0x0, 0x0, 0x0, 0x0,
    0x0, 0x0, 0x5f, 0xfc, 0x0, 0x0, 0x0, 0x0,
    0x0, 0x0, 0x5, 0xff, 0xc0, 0x0, 0x0, 0x0,
    0x0, 0x0, 0x0, 0x5f, 0xfc, 0x0, 0x0, 0x0,
    0x0, 0x0, 0x0, 0x5, 0xff, 0xc0, 0x0, 0x0,
    0x0, 0x0, 0x0, 0x0, 0x5f, 0xfc, 0x0, 0x0,
    0x0, 0x0, 0x0, 0x0, 0x5, 0xff, 0xc0, 0x0,
    0x0, 0x0, 0x0, 0x0, 0x0, 0x5f, 0xfe, 0x0,
    0x0, 0x0, 0x0, 0x0, 0x0, 0x1, 0xfe, 0x10,
    0x0, 0x0, 0x0, 0x0, 0x0, 0x0, 0x6f, 0xfb,
    0x30, 0x0, 0x0, 0x0, 0x0, 0x0, 0x0, 0x7a,
    0xff, 0x10, 0x0, 0x0, 0x0, 0x0, 0x0, 0x0,
    0xa, 0xf5, 0x0, 0x0, 0x0, 0x0, 0x4, 0xf9,
    0x11, 0xdf, 0x40, 0x0, 0x0, 0x0, 0x0, 0xd,
    0xff, 0xff, 0xc0, 0x0, 0x0, 0x0, 0x0, 0x0,
    0x18, 0xcc, 0x80, 0x0, 0x0, 0x0,

    /* U+0163 "ţ" */
    0x0, 0x18, 0x87, 0x0, 0x0, 0x0, 0x3f, 0xfe,
    0x0, 0x0, 0x0, 0x3f, 0xfe, 0x0, 0x0, 0x0,
    0x3f, 0xfe, 0x0, 0x0, 0x8f, 0xff, 0xff, 0xff,
    0xff, 0x8f, 0xff, 0xff, 0xff, 0xff, 0x49, 0xcf,
    0xff, 0x99, 0x98, 0x0, 0x3f, 0xfe, 0x0, 0x0,
    0x0, 0x3f, 0xfe, 0x0, 0x0, 0x0, 0x3f, 0xfe,
    0x0, 0x0, 0x0, 0x3f, 0xfe, 0x0, 0x0, 0x0,
    0x3f, 0xfe, 0x0, 0x0, 0x0, 0x3f, 0xfe, 0x0,
    0x0, 0x0, 0x3f, 0xfe, 0x0, 0x0, 0x0, 0x3f,
    0xfe, 0x0, 0x0, 0x0, 0x3f, 0xfe, 0x0, 0x0,
    0x0, 0x2f, 0xff, 0x10, 0x0, 0x0, 0xf, 0xff,
    0xd9, 0x98, 0x0, 0x7, 0xff, 0xff, 0xff, 0x0,
    0x0, 0x6f, 0xff, 0xff, 0x0, 0x0, 0x3f, 0xc0,
    0x0, 0x0, 0x0, 0x9f, 0xea, 0x20, 0x0, 0x0,
    0x8, 0xbf, 0xd0, 0x0, 0x1, 0x0, 0xd, 0xf1,
    0x0, 0x6f, 0x70, 0x2e, 0xf1, 0x0, 0x2e, 0xff,
    0xff, 0x90, 0x0, 0x2, 0x9c, 0xb6, 0x0,

    /* U+0164 "Ť" */
    0x0, 0x0, 0xbf, 0xb0, 0x3, 0xff, 0x20, 0x0,
    0x0, 0x0, 0x1, 0xef, 0x61, 0xef, 0x70, 0x0,
    0x0, 0x0, 0x0, 0x5, 0xff, 0xdf, 0xc0, 0x0,
    0x0, 0x0, 0x0, 0x0, 0xb, 0xff, 0xf2, 0x0,
    0x0, 0x0, 0x0, 0x0, 0x0, 0x0, 0x0, 0x0,
    0x0, 0x0, 0x0, 0x0, 0x0, 0x0, 0x0, 0x0,
    0x0, 0x0, 0x0, 0xaf, 0xff, 0xff, 0xff, 0xff,
    0xff, 0xff, 0xff, 0x2a, 0xff, 0xff, 0xff, 0xff,
    0xff, 0xff, 0xff, 0xf2, 0x9e, 0xee, 0xee, 0xef,
    0xff, 0xee, 0xee, 0xee, 0x10, 0x0, 0x0, 0x5,
    0xff, 0xc0, 0x0, 0x0, 0x0, 0x0, 0x0, 0x0,
    0x5f, 0xfc, 0x0, 0x0, 0x0, 0x0, 0x0, 0x0,
    0x5, 0xff, 0xc0, 0x0, 0x0, 0x0, 0x0, 0x0,
    0x0, 0x5f, 0xfc, 0x0, 0x0, 0x0, 0x0, 0x0,
    0x0, 0x5, 0xff, 0xc0, 0x0, 0x0, 0x0, 0x0,
    0x0, 0x0, 0x5f, 0xfc, 0x0, 0x0, 0x0, 0x0,
    0x0, 0x0, 0x5, 0xff, 0xc0, 0x0, 0x0, 0x0,
    0x0, 0x0, 0x0, 0x5f, 0xfc, 0x0, 0x0, 0x0,
    0x0, 0x0, 0x0, 0x5, 0xff, 0xc0, 0x0, 0x0,
    0x0, 0x0, 0x0, 0x0, 0x5f, 0xfc, 0x0, 0x0,
    0x0, 0x0, 0x0, 0x0, 0x5, 0xff, 0xc0, 0x0,
    0x0, 0x0, 0x0, 0x0, 0x0, 0x5f, 0xfc, 0x0,
    0x0, 0x0, 0x0, 0x0, 0x0, 0x5, 0xff, 0xc0,
    0x0, 0x0, 0x0, 0x0, 0x0, 0x0, 0x5f, 0xfc,
    0x0, 0x0, 0x0, 0x0, 0x0, 0x0, 0x5, 0xff,
    0xc0, 0x0, 0x0, 0x0, 0x0, 0x0, 0x0, 0x5f,
    0xfc, 0x0, 0x0, 0x0, 0x0, 0x0, 0x0, 0x5,
    0xff, 0xc0, 0x0, 0x0, 0x0, 0x0, 0x0, 0x0,
    0x5f, 0xfc, 0x0, 0x0, 0x0, 0x0,

    /* U+0165 "ť" */
    0x0, 0x0, 0x0, 0x0, 0x15, 0x52, 0x0, 0x0,
    0x0, 0x0, 0x6f, 0xf4, 0x0, 0x0, 0x0, 0x0,
    0x9f, 0xf0, 0x0, 0x0, 0x0, 0x0, 0xbf, 0xc0,
    0x0, 0x3f, 0xfe, 0x0, 0xdf, 0x80, 0x0, 0x3f,
    0xfe, 0x0, 0xff, 0x40, 0x0, 0x3f, 0xfe, 0x1,
    0xff, 0x10, 0x8f, 0xff, 0xff, 0xff, 0xff, 0x0,
    0x8f, 0xff, 0xff, 0xff, 0xff, 0x0, 0x49, 0xcf,
    0xff, 0x99, 0x98, 0x0, 0x0, 0x3f, 0xfe, 0x0,
    0x0, 0x0, 0x0, 0x3f, 0xfe, 0x0, 0x0, 0x0,
    0x0, 0x3f, 0xfe, 0x0, 0x0, 0x0, 0x0, 0x3f,
    0xfe, 0x0, 0x0, 0x0, 0x0, 0x3f, 0xfe, 0x0,
    0x0, 0x0, 0x0, 0x3f, 0xfe, 0x0, 0x0, 0x0,
    0x0, 0x3f, 0xfe, 0x0, 0x0, 0x0, 0x0, 0x3f,
    0xfe, 0x0, 0x0, 0x0, 0x0, 0x3f, 0xfe, 0x0,
    0x0, 0x0, 0x0, 0x2f, 0xff, 0x10, 0x0, 0x0,
    0x0, 0xf, 0xff, 0xd9, 0x98, 0x0, 0x0, 0x8,
    0xff, 0xff, 0xff, 0x0, 0x0, 0x0, 0x6d, 0xff,
    0xff, 0x0,

    /* U+0166 "Ŧ" */
    0xaf, 0xff, 0xff, 0xff, 0xff, 0xff, 0xff, 0xff,
    0x2a, 0xff, 0xff, 0xff, 0xff, 0xff, 0xff, 0xff,
    0xf2, 0x9e, 0xee, 0xee, 0xef, 0xff, 0xee, 0xee,
    0xee, 0x10, 0x0, 0x0, 0x5, 0xff, 0xc0, 0x0,
    0x0, 0x0, 0x0, 0x0, 0x0, 0x5f, 0xfc, 0x0,
    0x0, 0x0, 0x0, 0x0, 0x0, 0x5, 0xff, 0xc0,
    0x0, 0x0, 0x0, 0x0, 0x0, 0x0, 0x5f, 0xfc,
    0x0, 0x0, 0x0, 0x0, 0x0, 0x0, 0x5, 0xff,
    0xc0, 0x0, 0x0, 0x0, 0x0, 0x0, 0x0, 0x5f,
    0xfc, 0x0, 0x0, 0x0, 0x0, 0x1, 0xaa, 0xaf,
    0xff, 0xfa, 0xaa, 0x60, 0x0, 0x0, 0x3f, 0xff,
    0xff, 0xff, 0xff, 0xfa, 0x0, 0x0, 0x3, 0xff,
    0xff, 0xff, 0xff, 0xff, 0xa0, 0x0, 0x0, 0x0,
    0x0, 0x5f, 0xfc, 0x0, 0x0, 0x0, 0x0, 0x0,
    0x0, 0x5, 0xff, 0xc0, 0x0, 0x0, 0x0, 0x0,
    0x0, 0x0, 0x5f, 0xfc, 0x0, 0x0, 0x0, 0x0,
    0x0, 0x0, 0x5, 0xff, 0xc0, 0x0, 0x0, 0x0,
    0x0, 0x0, 0x0, 0x5f, 0xfc, 0x0, 0x0, 0x0,
    0x0, 0x0, 0x0, 0x5, 0xff, 0xc0, 0x0, 0x0,
    0x0, 0x0, 0x0, 0x0, 0x5f, 0xfc, 0x0, 0x0,
    0x0, 0x0, 0x0, 0x0, 0x5, 0xff, 0xc0, 0x0,
    0x0, 0x0, 0x0, 0x0, 0x0, 0x5f, 0xfc, 0x0,
    0x0, 0x0, 0x0,

    /* U+0167 "ŧ" */
    0x0, 0x18, 0x87, 0x0, 0x0, 0x0, 0x3f, 0xfe,
    0x0, 0x0, 0x0, 0x3f, 0xfe, 0x0, 0x0, 0x0,
    0x3f, 0xfe, 0x0, 0x0, 0x8f, 0xff, 0xff, 0xff,
    0xff, 0x8f, 0xff, 0xff, 0xff, 0xff, 0x49, 0xcf,
    0xff, 0x99, 0x98, 0x0, 0x3f, 0xfe, 0x0, 0x0,
    0x0, 0x3f, 0xfe, 0x0, 0x0, 0x0, 0x3f, 0xfe,
    0x0, 0x0, 0x13, 0x6f, 0xff, 0x33, 0x32, 0x8f,
    0xff, 0xff, 0xff, 0xfb, 0x8f, 0xff, 0xff, 0xff,
    0xfb, 0x0, 0x3f, 0xfe, 0x0, 0x0, 0x0, 0x3f,
    0xfe, 0x0, 0x0, 0x0, 0x3f, 0xfe, 0x0, 0x0,
    0x0, 0x2f, 0xff, 0x10, 0x0, 0x0, 0xf, 0xff,
    0xd9, 0x98, 0x0, 0x7, 0xff, 0xff, 0xff, 0x0,
    0x0, 0x6c, 0xff, 0xff,

    /* U+0168 "Ũ" */
    0x0, 0x0, 0x0, 0x0, 0x0, 0x7, 0x50, 0x0,
    0x0, 0x0, 0x6, 0xdf, 0xc6, 0x4, 0xf9, 0x0,
    0x0, 0x0, 0x4, 0xff, 0xff, 0xff, 0xff, 0x30,
    0x0, 0x0, 0x0, 0x8f, 0x50, 0x5c, 0xfd, 0x50,
    0x0, 0x0, 0x0, 0x0, 0x0, 0x0, 0x0, 0x0,
    0x0, 0x0, 0x0, 0x0, 0x0, 0x0, 0x0, 0x0,
    0x0, 0x0, 0x0, 0x0, 0x0, 0x0, 0x0, 0x0,
    0x0, 0x0, 0x0, 0xf, 0xff, 0x30, 0x0, 0x0,
    0x0, 0x1, 0xff, 0xf1, 0xff, 0xf3, 0x0, 0x0,
    0x0, 0x0, 0x1f, 0xff, 0x1f, 0xff, 0x30, 0x0,
    0x0, 0x0, 0x1, 0xff, 0xf1, 0xff, 0xf3, 0x0,
    0x0, 0x0, 0x0, 0x1f, 0xff, 0x1f, 0xff, 0x30,
    0x0, 0x0, 0x0, 0x1, 0xff, 0xf1, 0xff, 0xf3,
    0x0, 0x0, 0x0, 0x0, 0x1f, 0xff, 0x1f, 0xff,
    0x30, 0x0, 0x0, 0x0, 0x1, 0xff, 0xf1, 0xff,
    0xf3, 0x0, 0x0, 0x0, 0x0, 0x1f, 0xff, 0x1f,
    0xff, 0x30, 0x0, 0x0, 0x0, 0x1, 0xff, 0xf1,
    0xff, 0xf3, 0x0, 0x0, 0x0, 0x0, 0x1f, 0xff,
    0x1f, 0xff, 0x30, 0x0, 0x0, 0x0, 0x1, 0xff,
    0xf1, 0xff, 0xf3, 0x0, 0x0, 0x0, 0x0, 0x1f,
    0xff, 0x1f, 0xff, 0x30, 0x0, 0x0, 0x0, 0x1,
    0xff, 0xf1, 0xef, 0xf3, 0x0, 0x0, 0x0, 0x0,
    0x1f, 0xff, 0xc, 0xff, 0x50, 0x0, 0x0, 0x0,
    0x3, 0xff, 0xe0, 0xaf, 0xf9, 0x0, 0x0, 0x0,
    0x0, 0x7f, 0xfc, 0x5, 0xff, 0xf3, 0x0, 0x0,
    0x0, 0x2e, 0xff, 0x60, 0xd, 0xff, 0xf7, 0x10,
    0x1, 0x6e, 0xff, 0xe1, 0x0, 0x2f, 0xff, 0xff,
    0xff, 0xff, 0xff, 0xf4, 0x0, 0x0, 0x2d, 0xff,
    0xff, 0xff, 0xff, 0xe3, 0x0, 0x0, 0x0, 0x4,
    0xad, 0xff, 0xdb, 0x50, 0x0, 0x0,

    /* U+0169 "ũ" */
    0x0, 0x0, 0x0, 0x0, 0xf, 0xb0, 0x0, 0x6,
    0xdf, 0xc7, 0x15, 0xf8, 0x0, 0x3, 0xff, 0xff,
    0xff, 0xff, 0x20, 0x0, 0x8f, 0x50, 0x5b, 0xed,
    0x50, 0x0, 0x0, 0x0, 0x0, 0x0, 0x0, 0x0,
    0x0, 0x0, 0x0, 0x0, 0x0, 0x0, 0x0, 0xdf,
    0xf4, 0x0, 0x0, 0x4, 0xff, 0xdd, 0xff, 0x40,
    0x0, 0x0, 0x4f, 0xfd, 0xdf, 0xf4, 0x0, 0x0,
    0x4, 0xff, 0xdd, 0xff, 0x40, 0x0, 0x0, 0x4f,
    0xfd, 0xdf, 0xf4, 0x0, 0x0, 0x4, 0xff, 0xdd,
    0xff, 0x40, 0x0, 0x0, 0x4f, 0xfd, 0xdf, 0xf4,
    0x0, 0x0, 0x4, 0xff, 0xdd, 0xff, 0x40, 0x0,
    0x0, 0x4f, 0xfd, 0xdf, 0xf4, 0x0, 0x0, 0x4,
    0xff, 0xdd, 0xff, 0x40, 0x0, 0x0, 0x4f, 0xfd,
    0xcf, 0xf5, 0x0, 0x0, 0x6, 0xff, 0xdb, 0xff,
    0x80, 0x0, 0x0, 0xdf, 0xfd, 0x7f, 0xff, 0x30,
    0x0, 0x7f, 0xff, 0xd1, 0xff, 0xff, 0xca, 0xdf,
    0xbf, 0xfd, 0x5, 0xff, 0xff, 0xff, 0xd2, 0xff,
    0xd0, 0x3, 0xbe, 0xfd, 0x81, 0xf, 0xfd,

    /* U+016A "Ū" */
    0x0, 0x0, 0x78, 0x88, 0x88, 0x88, 0x0, 0x0,
    0x0, 0x0, 0xf, 0xff, 0xff, 0xff, 0xf1, 0x0,
    0x0, 0x0, 0x0, 0xff, 0xff, 0xff, 0xff, 0x10,
    0x0, 0x0, 0x0, 0x0, 0x0, 0x0, 0x0, 0x0,
    0x0, 0x0, 0x0, 0x0, 0x0, 0x0, 0x0, 0x0,
    0x0, 0x0, 0x0, 0x0, 0x0, 0x0, 0x0, 0x0,
    0x0, 0x0, 0x0, 0xff, 0xf3, 0x0, 0x0, 0x0,
    0x0, 0x1f, 0xff, 0x1f, 0xff, 0x30, 0x0, 0x0,
    0x0, 0x1, 0xff, 0xf1, 0xff, 0xf3, 0x0, 0x0,
    0x0, 0x0, 0x1f, 0xff, 0x1f, 0xff, 0x30, 0x0,
    0x0, 0x0, 0x1, 0xff, 0xf1, 0xff, 0xf3, 0x0,
    0x0, 0x0, 0x0, 0x1f, 0xff, 0x1f, 0xff, 0x30,
    0x0, 0x0, 0x0, 0x1, 0xff, 0xf1, 0xff, 0xf3,
    0x0, 0x0, 0x0, 0x0, 0x1f, 0xff, 0x1f, 0xff,
    0x30, 0x0, 0x0, 0x0, 0x1, 0xff, 0xf1, 0xff,
    0xf3, 0x0, 0x0, 0x0, 0x0, 0x1f, 0xff, 0x1f,
    0xff, 0x30, 0x0, 0x0, 0x0, 0x1, 0xff, 0xf1,
    0xff, 0xf3, 0x0, 0x0, 0x0, 0x0, 0x1f, 0xff,
    0x1f, 0xff, 0x30, 0x0, 0x0, 0x0, 0x1, 0xff,
    0xf1, 0xff, 0xf3, 0x0, 0x0, 0x0, 0x0, 0x1f,
    0xff, 0x1e, 0xff, 0x30, 0x0, 0x0, 0x0, 0x1,
    0xff, 0xf0, 0xcf, 0xf5, 0x0, 0x0, 0x0, 0x0,
    0x3f, 0xfe, 0xa, 0xff, 0x90, 0x0, 0x0, 0x0,
    0x7, 0xff, 0xc0, 0x5f, 0xff, 0x30, 0x0, 0x0,
    0x2, 0xef, 0xf6, 0x0, 0xdf, 0xff, 0x71, 0x0,
    0x16, 0xef, 0xfe, 0x10, 0x2, 0xff, 0xff, 0xff,
    0xff, 0xff, 0xff, 0x40, 0x0, 0x2, 0xdf, 0xff,
    0xff, 0xff, 0xfe, 0x30, 0x0, 0x0, 0x0, 0x4a,
    0xdf, 0xfd, 0xb5, 0x0, 0x0, 0x0,

    /* U+016B "ū" */
    0x0, 0xaf, 0xff, 0xff, 0xff, 0x70, 0x0, 0xa,
    0xff, 0xff, 0xff, 0xf7, 0x0, 0x0, 0x58, 0x88,
    0x88, 0x88, 0x30, 0x0, 0x0, 0x0, 0x0, 0x0,
    0x0, 0x0, 0x0, 0x0, 0x0, 0x0, 0x0, 0x0,
    0xd, 0xff, 0x40, 0x0, 0x0, 0x4f, 0xfd, 0xdf,
    0xf4, 0x0, 0x0, 0x4, 0xff, 0xdd, 0xff, 0x40,
    0x0, 0x0, 0x4f, 0xfd, 0xdf, 0xf4, 0x0, 0x0,
    0x4, 0xff, 0xdd, 0xff, 0x40, 0x0, 0x0, 0x4f,
    0xfd, 0xdf, 0xf4, 0x0, 0x0, 0x4, 0xff, 0xdd,
    0xff, 0x40, 0x0, 0x0, 0x4f, 0xfd, 0xdf, 0xf4,
    0x0, 0x0, 0x4, 0xff, 0xdd, 0xff, 0x40, 0x0,
    0x0, 0x4f, 0xfd, 0xdf, 0xf4, 0x0, 0x0, 0x4,
    0xff, 0xdc, 0xff, 0x50, 0x0, 0x0, 0x6f, 0xfd,
    0xbf, 0xf8, 0x0, 0x0, 0xd, 0xff, 0xd7, 0xff,
    0xf3, 0x0, 0x7, 0xff, 0xfd, 0x1f, 0xff, 0xfc,
    0xad, 0xfb, 0xff, 0xd0, 0x5f, 0xff, 0xff, 0xfd,
    0x2f, 0xfd, 0x0, 0x3b, 0xef, 0xd8, 0x10, 0xff,
    0xd0,

    /* U+016C "Ŭ" */
    0x0, 0x0, 0x86, 0x0, 0x0, 0x68, 0x10, 0x0,
    0x0, 0x0, 0xf, 0xf1, 0x0, 0xe, 0xf2, 0x0,
    0x0, 0x0, 0x0, 0xbf, 0xb2, 0x19, 0xfd, 0x0,
    0x0, 0x0, 0x0, 0x3, 0xff, 0xff, 0xff, 0x40,
    0x0, 0x0, 0x0, 0x0, 0x3, 0xbf, 0xfc, 0x40,
    0x0, 0x0, 0x0, 0x0, 0x0, 0x0, 0x0, 0x0,
    0x0, 0x0, 0x0, 0x0, 0x0, 0x0, 0x0, 0x0,
    0x0, 0x0, 0x0, 0xf, 0xff, 0x30, 0x0, 0x0,
    0x0, 0x1, 0xff, 0xf1, 0xff, 0xf3, 0x0, 0x0,
    0x0, 0x0, 0x1f, 0xff, 0x1f, 0xff, 0x30, 0x0,
    0x0, 0x0, 0x1, 0xff, 0xf1, 0xff, 0xf3, 0x0,
    0x0, 0x0, 0x0, 0x1f, 0xff, 0x1f, 0xff, 0x30,
    0x0, 0x0, 0x0, 0x1, 0xff, 0xf1, 0xff, 0xf3,
    0x0, 0x0, 0x0, 0x0, 0x1f, 0xff, 0x1f, 0xff,
    0x30, 0x0, 0x0, 0x0, 0x1, 0xff, 0xf1, 0xff,
    0xf3, 0x0, 0x0, 0x0, 0x0, 0x1f, 0xff, 0x1f,
    0xff, 0x30, 0x0, 0x0, 0x0, 0x1, 0xff, 0xf1,
    0xff, 0xf3, 0x0, 0x0, 0x0, 0x0, 0x1f, 0xff,
    0x1f, 0xff, 0x30, 0x0, 0x0, 0x0, 0x1, 0xff,
    0xf1, 0xff, 0xf3, 0x0, 0x0, 0x0, 0x0, 0x1f,
    0xff, 0x1f, 0xff, 0x30, 0x0, 0x0, 0x0, 0x1,
    0xff, 0xf1, 0xef, 0xf3, 0x0, 0x0, 0x0, 0x0,
    0x1f, 0xff, 0xc, 0xff, 0x50, 0x0, 0x0, 0x0,
    0x3, 0xff, 0xe0, 0xaf, 0xf9, 0x0, 0x0, 0x0,
    0x0, 0x7f, 0xfc, 0x5, 0xff, 0xf3, 0x0, 0x0,
    0x0, 0x2e, 0xff, 0x60, 0xd, 0xff, 0xf7, 0x10,
    0x1, 0x6e, 0xff, 0xe1, 0x0, 0x2f, 0xff, 0xff,
    0xff, 0xff, 0xff, 0xf4, 0x0, 0x0, 0x2d, 0xff,
    0xff, 0xff, 0xff, 0xe3, 0x0, 0x0, 0x0, 0x4,
    0xad, 0xff, 0xdb, 0x50, 0x0, 0x0,

    /* U+016D "ŭ" */
    0x0, 0xbf, 0x40, 0x0, 0x7f, 0x80, 0x0, 0x7,
    0xfd, 0x30, 0x4e, 0xf4, 0x0, 0x0, 0x1d, 0xff,
    0xff, 0xfb, 0x0, 0x0, 0x0, 0x1a, 0xff, 0xe8,
    0x0, 0x0, 0x0, 0x0, 0x0, 0x0, 0x0, 0x0,
    0x0, 0x0, 0x0, 0x0, 0x0, 0x0, 0x0, 0xdf,
    0xf4, 0x0, 0x0, 0x4, 0xff, 0xdd, 0xff, 0x40,
    0x0, 0x0, 0x4f, 0xfd, 0xdf, 0xf4, 0x0, 0x0,
    0x4, 0xff, 0xdd, 0xff, 0x40, 0x0, 0x0, 0x4f,
    0xfd, 0xdf, 0xf4, 0x0, 0x0, 0x4, 0xff, 0xdd,
    0xff, 0x40, 0x0, 0x0, 0x4f, 0xfd, 0xdf, 0xf4,
    0x0, 0x0, 0x4, 0xff, 0xdd, 0xff, 0x40, 0x0,
    0x0, 0x4f, 0xfd, 0xdf, 0xf4, 0x0, 0x0, 0x4,
    0xff, 0xdd, 0xff, 0x40, 0x0, 0x0, 0x4f, 0xfd,
    0xcf, 0xf5, 0x0, 0x0, 0x6, 0xff, 0xdb, 0xff,
    0x80, 0x0, 0x0, 0xdf, 0xfd, 0x7f, 0xff, 0x30,
    0x0, 0x7f, 0xff, 0xd1, 0xff, 0xff, 0xca, 0xdf,
    0xbf, 0xfd, 0x5, 0xff, 0xff, 0xff, 0xd2, 0xff,
    0xd0, 0x3, 0xbe, 0xfd, 0x81, 0xf, 0xfd,

    /* U+016E "Ů" */
    0x0, 0x0, 0x0, 0x7e, 0xe8, 0x0, 0x0, 0x0,
    0x0, 0x0, 0x0, 0x5f, 0xcb, 0xf7, 0x0, 0x0,
    0x0, 0x0, 0x0, 0xa, 0xf0, 0xd, 0xc0, 0x0,
    0x0, 0x0, 0x0, 0x0, 0x8f, 0x32, 0xeb, 0x0,
    0x0, 0x0, 0x0, 0x0, 0x2, 0xff, 0xff, 0x30,
    0x0, 0x0, 0x0, 0x0, 0x0, 0x1, 0x77, 0x20,
    0x0, 0x0, 0x0, 0x0, 0x0, 0x0, 0x0, 0x0,
    0x0, 0x0, 0x0, 0xf, 0xff, 0x30, 0x0, 0x0,
    0x0, 0x1, 0xff, 0xf1, 0xff, 0xf3, 0x0, 0x0,
    0x0, 0x0, 0x1f, 0xff, 0x1f, 0xff, 0x30, 0x0,
    0x0, 0x0, 0x1, 0xff, 0xf1, 0xff, 0xf3, 0x0,
    0x0, 0x0, 0x0, 0x1f, 0xff, 0x1f, 0xff, 0x30,
    0x0, 0x0, 0x0, 0x1, 0xff, 0xf1, 0xff, 0xf3,
    0x0, 0x0, 0x0, 0x0, 0x1f, 0xff, 0x1f, 0xff,
    0x30, 0x0, 0x0, 0x0, 0x1, 0xff, 0xf1, 0xff,
    0xf3, 0x0, 0x0, 0x0, 0x0, 0x1f, 0xff, 0x1f,
    0xff, 0x30, 0x0, 0x0, 0x0, 0x1, 0xff, 0xf1,
    0xff, 0xf3, 0x0, 0x0, 0x0, 0x0, 0x1f, 0xff,
    0x1f, 0xff, 0x30, 0x0, 0x0, 0x0, 0x1, 0xff,
    0xf1, 0xff, 0xf3, 0x0, 0x0, 0x0, 0x0, 0x1f,
    0xff, 0x1f, 0xff, 0x30, 0x0, 0x0, 0x0, 0x1,
    0xff, 0xf1, 0xef, 0xf3, 0x0, 0x0, 0x0, 0x0,
    0x1f, 0xff, 0xc, 0xff, 0x50, 0x0, 0x0, 0x0,
    0x3, 0xff, 0xe0, 0xaf, 0xf9, 0x0, 0x0, 0x0,
    0x0, 0x7f, 0xfc, 0x5, 0xff, 0xf3, 0x0, 0x0,
    0x0, 0x2e, 0xff, 0x60, 0xd, 0xff, 0xf7, 0x10,
    0x1, 0x6e, 0xff, 0xe1, 0x0, 0x2f, 0xff, 0xff,
    0xff, 0xff, 0xff, 0xf4, 0x0, 0x0, 0x2d, 0xff,
    0xff, 0xff, 0xff, 0xe3, 0x0, 0x0, 0x0, 0x4,
    0xad, 0xff, 0xdb, 0x50, 0x0, 0x0,

    /* U+016F "ů" */
    0x0, 0x0, 0x3c, 0xfb, 0x20, 0x0, 0x0, 0x0,
    0x1e, 0xea, 0xfd, 0x0, 0x0, 0x0, 0x4, 0xf5,
    0x7, 0xf2, 0x0, 0x0, 0x0, 0x3f, 0x80, 0xaf,
    0x0, 0x0, 0x0, 0x0, 0xbf, 0xff, 0x90, 0x0,
    0x0, 0x0, 0x0, 0x68, 0x50, 0x0, 0x0, 0x0,
    0x0, 0x0, 0x0, 0x0, 0x0, 0xd, 0xff, 0x40,
    0x0, 0x0, 0x4f, 0xfd, 0xdf, 0xf4, 0x0, 0x0,
    0x4, 0xff, 0xdd, 0xff, 0x40, 0x0, 0x0, 0x4f,
    0xfd, 0xdf, 0xf4, 0x0, 0x0, 0x4, 0xff, 0xdd,
    0xff, 0x40, 0x0, 0x0, 0x4f, 0xfd, 0xdf, 0xf4,
    0x0, 0x0, 0x4, 0xff, 0xdd, 0xff, 0x40, 0x0,
    0x0, 0x4f, 0xfd, 0xdf, 0xf4, 0x0, 0x0, 0x4,
    0xff, 0xdd, 0xff, 0x40, 0x0, 0x0, 0x4f, 0xfd,
    0xdf, 0xf4, 0x0, 0x0, 0x4, 0xff, 0xdc, 0xff,
    0x50, 0x0, 0x0, 0x6f, 0xfd, 0xbf, 0xf8, 0x0,
    0x0, 0xd, 0xff, 0xd7, 0xff, 0xf3, 0x0, 0x7,
    0xff, 0xfd, 0x1f, 0xff, 0xfc, 0xad, 0xfb, 0xff,
    0xd0, 0x5f, 0xff, 0xff, 0xfd, 0x2f, 0xfd, 0x0,
    0x3b, 0xef, 0xd8, 0x10, 0xff, 0xd0,

    /* U+0170 "Ű" */
    0x0, 0x0, 0x0, 0xbf, 0xf6, 0x8f, 0xf9, 0x0,
    0x0, 0x0, 0x0, 0x3f, 0xfb, 0xe, 0xfe, 0x10,
    0x0, 0x0, 0x0, 0xa, 0xff, 0x16, 0xff, 0x40,
    0x0, 0x0, 0x0, 0x1, 0xff, 0x60, 0xdf, 0xa0,
    0x0, 0x0, 0x0, 0x0, 0x0, 0x0, 0x0, 0x0,
    0x0, 0x0, 0x0, 0x0, 0x0, 0x0, 0x0, 0x0,
    0x0, 0x0, 0x0, 0xff, 0xf3, 0x0, 0x0, 0x0,
    0x0, 0x1f, 0xff, 0x1f, 0xff, 0x30, 0x0, 0x0,
    0x0, 0x1, 0xff, 0xf1, 0xff, 0xf3, 0x0, 0x0,
    0x0, 0x0, 0x1f, 0xff, 0x1f, 0xff, 0x30, 0x0,
    0x0, 0x0, 0x1, 0xff, 0xf1, 0xff, 0xf3, 0x0,
    0x0, 0x0, 0x0, 0x1f, 0xff, 0x1f, 0xff, 0x30,
    0x0, 0x0, 0x0, 0x1, 0xff, 0xf1, 0xff, 0xf3,
    0x0, 0x0, 0x0, 0x0, 0x1f, 0xff, 0x1f, 0xff,
    0x30, 0x0, 0x0, 0x0, 0x1, 0xff, 0xf1, 0xff,
    0xf3, 0x0, 0x0, 0x0, 0x0, 0x1f, 0xff, 0x1f,
    0xff, 0x30, 0x0, 0x0, 0x0, 0x1, 0xff, 0xf1,
    0xff, 0xf3, 0x0, 0x0, 0x0, 0x0, 0x1f, 0xff,
    0x1f, 0xff, 0x30, 0x0, 0x0, 0x0, 0x1, 0xff,
    0xf1, 0xff, 0xf3, 0x0, 0x0, 0x0, 0x0, 0x1f,
    0xff, 0x1e, 0xff, 0x30, 0x0, 0x0, 0x0, 0x1,
    0xff, 0xf0, 0xcf, 0xf5, 0x0, 0x0, 0x0, 0x0,
    0x3f, 0xfe, 0xa, 0xff, 0x90, 0x0, 0x0, 0x0,
    0x7, 0xff, 0xc0, 0x5f, 0xff, 0x30, 0x0, 0x0,
    0x2, 0xef, 0xf6, 0x0, 0xdf, 0xff, 0x71, 0x0,
    0x16, 0xef, 0xfe, 0x10, 0x2, 0xff, 0xff, 0xff,
    0xff, 0xff, 0xff, 0x40, 0x0, 0x2, 0xdf, 0xff,
    0xff, 0xff, 0xfe, 0x30, 0x0, 0x0, 0x0, 0x4a,
    0xdf, 0xfd, 0xb5, 0x0, 0x0, 0x0,

    /* U+0171 "ű" */
    0x0, 0x0, 0x6f, 0xfa, 0x2e, 0xfd, 0x10, 0x0,
    0xd, 0xff, 0x29, 0xff, 0x50, 0x0, 0x5, 0xff,
    0x61, 0xff, 0xa0, 0x0, 0x0, 0xcf, 0xb0, 0x8f,
    0xe1, 0x0, 0x0, 0x0, 0x0, 0x0, 0x0, 0x0,
    0x0, 0x0, 0x0, 0x0, 0x0, 0x0, 0x0, 0xdf,
    0xf4, 0x0, 0x0, 0x4, 0xff, 0xdd, 0xff, 0x40,
    0x0, 0x0, 0x4f, 0xfd, 0xdf, 0xf4, 0x0, 0x0,
    0x4, 0xff, 0xdd, 0xff, 0x40, 0x0, 0x0, 0x4f,
    0xfd, 0xdf, 0xf4, 0x0, 0x0, 0x4, 0xff, 0xdd,
    0xff, 0x40, 0x0, 0x0, 0x4f, 0xfd, 0xdf, 0xf4,
    0x0, 0x0, 0x4, 0xff, 0xdd, 0xff, 0x40, 0x0,
    0x0, 0x4f, 0xfd, 0xdf, 0xf4, 0x0, 0x0, 0x4,
    0xff, 0xdd, 0xff, 0x40, 0x0, 0x0, 0x4f, 0xfd,
    0xcf, 0xf5, 0x0, 0x0, 0x6, 0xff, 0xdb, 0xff,
    0x80, 0x0, 0x0, 0xdf, 0xfd, 0x7f, 0xff, 0x30,
    0x0, 0x7f, 0xff, 0xd1, 0xff, 0xff, 0xca, 0xdf,
    0xbf, 0xfd, 0x5, 0xff, 0xff, 0xff, 0xd2, 0xff,
    0xd0, 0x3, 0xbe, 0xfd, 0x81, 0xf, 0xfd,

    /* U+0172 "Ų" */
    0xff, 0xf3, 0x0, 0x0, 0x0, 0x0, 0x1f, 0xff,
    0x1f, 0xff, 0x30, 0x0, 0x0, 0x0, 0x1, 0xff,
    0xf1, 0xff, 0xf3, 0x0, 0x0, 0x0, 0x0, 0x1f,
    0xff, 0x1f, 0xff, 0x30, 0x0, 0x0, 0x0, 0x1,
    0xff, 0xf1, 0xff, 0xf3, 0x0, 0x0, 0x0, 0x0,
    0x1f, 0xff, 0x1f, 0xff, 0x30, 0x0, 0x0, 0x0,
    0x1, 0xff, 0xf1, 0xff, 0xf3, 0x0, 0x0, 0x0,
    0x0, 0x1f, 0xff, 0x1f, 0xff, 0x30, 0x0, 0x0,
    0x0, 0x1, 0xff, 0xf1, 0xff, 0xf3, 0x0, 0x0,
    0x0, 0x0, 0x1f, 0xff, 0x1f, 0xff, 0x30, 0x0,
    0x0, 0x0, 0x1, 0xff, 0xf1, 0xff, 0xf3, 0x0,
    0x0, 0x0, 0x0, 0x1f, 0xff, 0x1f, 0xff, 0x30,
    0x0, 0x0, 0x0, 0x1, 0xff, 0xf1, 0xff, 0xf3,
    0x0, 0x0, 0x0, 0x0, 0x1f, 0xff, 0x1e, 0xff,
    0x30, 0x0, 0x0, 0x0, 0x1, 0xff, 0xf0, 0xcf,
    0xf5, 0x0, 0x0, 0x0, 0x0, 0x3f, 0xfe, 0xa,
    0xff, 0x90, 0x0, 0x0, 0x0, 0x7, 0xff, 0xc0,
    0x5f, 0xff, 0x30, 0x0, 0x0, 0x2, 0xef, 0xf6,
    0x0, 0xdf, 0xff, 0x71, 0x0, 0x16, 0xef, 0xfe,
    0x10, 0x2, 0xff, 0xff, 0xff, 0xff, 0xff, 0xff,
    0x40, 0x0, 0x2, 0xdf, 0xff, 0xff, 0xff, 0xfe,
    0x30, 0x0, 0x0, 0x0, 0x4a, 0xdf, 0xff, 0xf7,
    0x0, 0x0, 0x0, 0x0, 0x0, 0x0, 0xd, 0xfa,
    0x0, 0x0, 0x0, 0x0, 0x0, 0x0, 0x7, 0xff,
    0x10, 0x0, 0x0, 0x0, 0x0, 0x0, 0x0, 0xef,
    0x90, 0x0, 0x0, 0x0, 0x0, 0x0, 0x0, 0x2f,
    0xfb, 0x46, 0x0, 0x0, 0x0, 0x0, 0x0, 0x0,
    0xff, 0xff, 0xf1, 0x0, 0x0, 0x0, 0x0, 0x0,
    0x4, 0xdf, 0xea, 0x20, 0x0, 0x0,

    /* U+0173 "ų" */
    0xdf, 0xf4, 0x0, 0x0, 0x4, 0xff, 0xd0, 0xdf,
    0xf4, 0x0, 0x0, 0x4, 0xff, 0xd0, 0xdf, 0xf4,
    0x0, 0x0, 0x4, 0xff, 0xd0, 0xdf, 0xf4, 0x0,
    0x0, 0x4, 0xff, 0xd0, 0xdf, 0xf4, 0x0, 0x0,
    0x4, 0xff, 0xd0, 0xdf, 0xf4, 0x0, 0x0, 0x4,
    0xff, 0xd0, 0xdf, 0xf4, 0x0, 0x0, 0x4, 0xff,
    0xd0, 0xdf, 0xf4, 0x0, 0x0, 0x4, 0xff, 0xd0,
    0xdf, 0xf4, 0x0, 0x0, 0x4, 0xff, 0xd0, 0xdf,
    0xf4, 0x0, 0x0, 0x4, 0xff, 0xd0, 0xcf, 0xf5,
    0x0, 0x0, 0x6, 0xff, 0xd0, 0xbf, 0xf8, 0x0,
    0x0, 0xd, 0xff, 0xd0, 0x7f, 0xff, 0x30, 0x0,
    0x7f, 0xff, 0xd0, 0x1f, 0xff, 0xfc, 0xad, 0xfb,
    0xff, 0xd0, 0x5, 0xff, 0xff, 0xff, 0xd2, 0xff,
    0xd0, 0x0, 0x3b, 0xef, 0xd8, 0x10, 0xff, 0xe0,
    0x0, 0x0, 0x0, 0x0, 0x2, 0xff, 0x60, 0x0,
    0x0, 0x0, 0x0, 0xc, 0xfa, 0x0, 0x0, 0x0,
    0x0, 0x0, 0x6f, 0xf1, 0x0, 0x0, 0x0, 0x0,
    0x0, 0xaf, 0xf5, 0x52, 0x0, 0x0, 0x0, 0x0,
    0x9f, 0xff, 0xf8, 0x0, 0x0, 0x0, 0x0, 0x1a,
    0xef, 0xc6,

    /* U+0174 "Ŵ" */
    0x0, 0x0, 0x0, 0x0, 0x0, 0xd, 0xff, 0xe1,
    0x0, 0x0, 0x0, 0x0, 0x0, 0x0, 0x0, 0x0,
    0x0, 0x0, 0x9f, 0xee, 0xf9, 0x0, 0x0, 0x0,
    0x0, 0x0, 0x0, 0x0, 0x0, 0x0, 0x3, 0xff,
    0x32, 0xff, 0x40, 0x0, 0x0, 0x0, 0x0, 0x0,
    0x0, 0x0, 0x0, 0xd, 0xf7, 0x0, 0x6f, 0xe1,
    0x0, 0x0, 0x0, 0x0, 0x0, 0x0, 0x0, 0x0,
    0x0, 0x0, 0x0, 0x0, 0x0, 0x0, 0x0, 0x0,
    0x0, 0x0, 0x0, 0x0, 0x0, 0x0, 0x0, 0x0,
    0x0, 0x0, 0x0, 0x0, 0x0, 0x0, 0xcf, 0xf8,
    0x0, 0x0, 0x0, 0xa, 0xff, 0xb0, 0x0, 0x0,
    0x0, 0x8f, 0xfd, 0x8f, 0xfc, 0x0, 0x0, 0x0,
    0xe, 0xff, 0xf0, 0x0, 0x0, 0x0, 0xcf, 0xf9,
    0x3f, 0xff, 0x0, 0x0, 0x0, 0x2f, 0xff, 0xf3,
    0x0, 0x0, 0x0, 0xff, 0xf5, 0xf, 0xff, 0x40,
    0x0, 0x0, 0x6f, 0xff, 0xf7, 0x0, 0x0, 0x3,
    0xff, 0xf1, 0xb, 0xff, 0x80, 0x0, 0x0, 0xaf,
    0xff, 0xfb, 0x0, 0x0, 0x7, 0xff, 0xd0, 0x7,
    0xff, 0xc0, 0x0, 0x0, 0xef, 0xff, 0xff, 0x0,
    0x0, 0xb, 0xff, 0x80, 0x3, 0xff, 0xf0, 0x0,
    0x2, 0xff, 0xdc, 0xff, 0x30, 0x0, 0xe, 0xff,
    0x40, 0x0, 0xff, 0xf3, 0x0, 0x5, 0xff, 0x98,
    0xff, 0x70, 0x0, 0x2f, 0xff, 0x0, 0x0, 0xbf,
    0xf7, 0x0, 0x9, 0xff, 0x54, 0xff, 0xa0, 0x0,
    0x6f, 0xfc, 0x0, 0x0, 0x6f, 0xfb, 0x0, 0xd,
    0xff, 0x10, 0xff, 0xe0, 0x0, 0xaf, 0xf8, 0x0,
    0x0, 0x2f, 0xff, 0x0, 0x1f, 0xfd, 0x0, 0xcf,
    0xf2, 0x0, 0xef, 0xf4, 0x0, 0x0, 0xe, 0xff,
    0x30, 0x5f, 0xf9, 0x0, 0x8f, 0xf6, 0x2, 0xff,
    0xf0, 0x0, 0x0, 0xa, 0xff, 0x70, 0x9f, 0xf5,
    0x0, 0x4f, 0xfa, 0x6, 0xff, 0xb0, 0x0, 0x0,
    0x6, 0xff, 0xb0, 0xdf, 0xf1, 0x0, 0xf, 0xfe,
    0x9, 0xff, 0x70, 0x0, 0x0, 0x2, 0xff, 0xe1,
    0xff, 0xd0, 0x0, 0xc, 0xff, 0x2d, 0xff, 0x30,
    0x0, 0x0, 0x0, 0xef, 0xf7, 0xff, 0x90, 0x0,
    0x8, 0xff, 0x7f, 0xff, 0x0, 0x0, 0x0, 0x0,
    0x9f, 0xfe, 0xff, 0x50, 0x0, 0x4, 0xff, 0xef,
    0xfb, 0x0, 0x0, 0x0, 0x0, 0x5f, 0xff, 0xff,
    0x10, 0x0, 0x0, 0xff, 0xff, 0xf6, 0x0, 0x0,
    0x0, 0x0, 0x1f, 0xff, 0xfd, 0x0, 0x0, 0x0,
    0xcf, 0xff, 0xf2, 0x0, 0x0, 0x0, 0x0, 0xd,
    0xff, 0xf9, 0x0, 0x0, 0x0, 0x8f, 0xff, 0xe0,
    0x0, 0x0, 0x0, 0x0, 0x9, 0xff, 0xf5, 0x0,
    0x0, 0x0, 0x4f, 0xff, 0xa0, 0x0, 0x0,

    /* U+0175 "ŵ" */
    0x0, 0x0, 0x0, 0x0, 0x0, 0x68, 0x86, 0x0,
    0x0, 0x0, 0x0, 0x0, 0x0, 0x0, 0x0, 0x0,
    0x4, 0xff, 0xef, 0x50, 0x0, 0x0, 0x0, 0x0,
    0x0, 0x0, 0x0, 0x0, 0x1e, 0xf4, 0x3f, 0xf2,
    0x0, 0x0, 0x0, 0x0, 0x0, 0x0, 0x0, 0x0,
    0xcf, 0x80, 0x7, 0xfd, 0x0, 0x0, 0x0, 0x0,
    0x0, 0x0, 0x0, 0x0, 0x11, 0x0, 0x0, 0x11,
    0x0, 0x0, 0x0, 0x0, 0x0, 0x0, 0x0, 0x0,
    0x0, 0x0, 0x0, 0x0, 0x0, 0x0, 0x0, 0x0,
    0x3f, 0xff, 0x0, 0x0, 0x0, 0x9f, 0xf9, 0x0,
    0x0, 0x0, 0xef, 0xf4, 0xe, 0xff, 0x40, 0x0,
    0x0, 0xdf, 0xfd, 0x0, 0x0, 0x3, 0xff, 0xf0,
    0xa, 0xff, 0x80, 0x0, 0x1, 0xff, 0xff, 0x20,
    0x0, 0x7, 0xff, 0xa0, 0x5, 0xff, 0xc0, 0x0,
    0x6, 0xff, 0xff, 0x60, 0x0, 0xc, 0xff, 0x60,
    0x0, 0xff, 0xf0, 0x0, 0xa, 0xff, 0xff, 0xa0,
    0x0, 0xf, 0xff, 0x10, 0x0, 0xbf, 0xf4, 0x0,
    0xe, 0xfb, 0xbf, 0xe0, 0x0, 0x4f, 0xfc, 0x0,
    0x0, 0x7f, 0xf9, 0x0, 0x3f, 0xf7, 0x7f, 0xf3,
    0x0, 0x8f, 0xf7, 0x0, 0x0, 0x2f, 0xfd, 0x0,
    0x7f, 0xf2, 0x2f, 0xf7, 0x0, 0xdf, 0xf3, 0x0,
    0x0, 0xd, 0xff, 0x10, 0xcf, 0xe0, 0xe, 0xfc,
    0x1, 0xff, 0xe0, 0x0, 0x0, 0x9, 0xff, 0x50,
    0xff, 0x90, 0x9, 0xff, 0x5, 0xff, 0x90, 0x0,
    0x0, 0x4, 0xff, 0x94, 0xff, 0x50, 0x5, 0xff,
    0x49, 0xff, 0x50, 0x0, 0x0, 0x0, 0xff, 0xe9,
    0xff, 0x0, 0x0, 0xff, 0x9e, 0xff, 0x0, 0x0,
    0x0, 0x0, 0xbf, 0xfe, 0xfc, 0x0, 0x0, 0xbf,
    0xef, 0xfb, 0x0, 0x0, 0x0, 0x0, 0x6f, 0xff,
    0xf7, 0x0, 0x0, 0x7f, 0xff, 0xf6, 0x0, 0x0,
    0x0, 0x0, 0x1f, 0xff, 0xf3, 0x0, 0x0, 0x2f,
    0xff, 0xf2, 0x0, 0x0, 0x0, 0x0, 0xc, 0xff,
    0xe0, 0x0, 0x0, 0xe, 0xff, 0xd0, 0x0, 0x0,

    /* U+0176 "Ŷ" */
    0x0, 0x0, 0x0, 0x3, 0xdd, 0xd6, 0x0, 0x0,
    0x0, 0x0, 0x0, 0x0, 0x0, 0xdf, 0xff, 0xf2,
    0x0, 0x0, 0x0, 0x0, 0x0, 0x0, 0x8f, 0xe1,
    0xbf, 0xc0, 0x0, 0x0, 0x0, 0x0, 0x0, 0x3f,
    0xf3, 0x1, 0xef, 0x60, 0x0, 0x0, 0x0, 0x0,
    0x1, 0x22, 0x0, 0x1, 0x22, 0x0, 0x0, 0x0,
    0x0, 0x0, 0x0, 0x0, 0x0, 0x0, 0x0, 0x0,
    0x0, 0xd, 0xff, 0xb0, 0x0, 0x0, 0x0, 0x0,
    0x7f, 0xff, 0x20, 0x5f, 0xff, 0x40, 0x0, 0x0,
    0x0, 0x1e, 0xff, 0x80, 0x0, 0xbf, 0xfc, 0x0,
    0x0, 0x0, 0x9, 0xff, 0xe0, 0x0, 0x2, 0xff,
    0xf5, 0x0, 0x0, 0x2, 0xff, 0xf6, 0x0, 0x0,
    0x9, 0xff, 0xe0, 0x0, 0x0, 0xaf, 0xfd, 0x0,
    0x0, 0x0, 0x1e, 0xff, 0x70, 0x0, 0x3f, 0xff,
    0x40, 0x0, 0x0, 0x0, 0x7f, 0xff, 0x10, 0xc,
    0xff, 0xa0, 0x0, 0x0, 0x0, 0x0, 0xdf, 0xf9,
    0x5, 0xff, 0xf2, 0x0, 0x0, 0x0, 0x0, 0x4,
    0xff, 0xf2, 0xdf, 0xf8, 0x0, 0x0, 0x0, 0x0,
    0x0, 0xb, 0xff, 0xef, 0xfe, 0x0, 0x0, 0x0,
    0x0, 0x0, 0x0, 0x2f, 0xff, 0xff, 0x50, 0x0,
    0x0, 0x0, 0x0, 0x0, 0x0, 0x9f, 0xff, 0xc0,
    0x0, 0x0, 0x0, 0x0, 0x0, 0x0, 0x1, 0xff,
    0xf4, 0x0, 0x0, 0x0, 0x0, 0x0, 0x0, 0x0,
    0xf, 0xff, 0x20, 0x0, 0x0, 0x0, 0x0, 0x0,
    0x0, 0x0, 0xff, 0xf2, 0x0, 0x0, 0x0, 0x0,
    0x0, 0x0, 0x0, 0xf, 0xff, 0x20, 0x0, 0x0,
    0x0, 0x0, 0x0, 0x0, 0x0, 0xff, 0xf2, 0x0,
    0x0, 0x0, 0x0, 0x0, 0x0, 0x0, 0xf, 0xff,
    0x20, 0x0, 0x0, 0x0, 0x0, 0x0, 0x0, 0x0,
    0xff, 0xf2, 0x0, 0x0, 0x0, 0x0, 0x0, 0x0,
    0x0, 0xf, 0xff, 0x20, 0x0, 0x0, 0x0, 0x0,
    0x0, 0x0, 0x0, 0xff, 0xf2, 0x0, 0x0, 0x0,
    0x0,

    /* U+0177 "ŷ" */
    0x0, 0x0, 0x0, 0x12, 0x21, 0x0, 0x0, 0x0,
    0x0, 0x0, 0x2, 0xff, 0xef, 0x30, 0x0, 0x0,
    0x0, 0x0, 0x1d, 0xf4, 0x3f, 0xe1, 0x0, 0x0,
    0x0, 0x0, 0xbf, 0x80, 0x7, 0xfc, 0x0, 0x0,
    0x0, 0x0, 0x11, 0x0, 0x0, 0x11, 0x0, 0x0,
    0x0, 0x0, 0x0, 0x0, 0x0, 0x0, 0x0, 0x0,
    0x3f, 0xff, 0x10, 0x0, 0x0, 0x0, 0xff, 0xf3,
    0xd, 0xff, 0x60, 0x0, 0x0, 0x5, 0xff, 0xe0,
    0x7, 0xff, 0xb0, 0x0, 0x0, 0x9, 0xff, 0x80,
    0x2, 0xff, 0xf0, 0x0, 0x0, 0xe, 0xff, 0x30,
    0x0, 0xcf, 0xf5, 0x0, 0x0, 0x3f, 0xfd, 0x0,
    0x0, 0x7f, 0xfa, 0x0, 0x0, 0x8f, 0xf7, 0x0,
    0x0, 0x1f, 0xff, 0x0, 0x0, 0xdf, 0xf2, 0x0,
    0x0, 0xc, 0xff, 0x50, 0x2, 0xff, 0xc0, 0x0,
    0x0, 0x6, 0xff, 0xa0, 0x7, 0xff, 0x60, 0x0,
    0x0, 0x1, 0xff, 0xf0, 0xc, 0xff, 0x10, 0x0,
    0x0, 0x0, 0xbf, 0xf5, 0x1f, 0xfb, 0x0, 0x0,
    0x0, 0x0, 0x5f, 0xfa, 0x6f, 0xf5, 0x0, 0x0,
    0x0, 0x0, 0xf, 0xff, 0xcf, 0xf0, 0x0, 0x0,
    0x0, 0x0, 0xa, 0xff, 0xff, 0xa0, 0x0, 0x0,
    0x0, 0x0, 0x5, 0xff, 0xff, 0x40, 0x0, 0x0,
    0x0, 0x0, 0x0, 0xff, 0xfe, 0x0, 0x0, 0x0,
    0x0, 0x0, 0x0, 0x2f, 0xf9, 0x0, 0x0, 0x0,
    0x0, 0x8, 0x89, 0xef, 0xf3, 0x0, 0x0, 0x0,
    0x0, 0xf, 0xff, 0xff, 0xb0, 0x0, 0x0, 0x0,
    0x0, 0xf, 0xff, 0xd8, 0x0, 0x0, 0x0, 0x0,

    /* U+0178 "Ÿ" */
    0x0, 0x0, 0x1, 0x11, 0x0, 0x1, 0x11, 0x0,
    0x0, 0x0, 0x0, 0x0, 0xaf, 0xf7, 0x3, 0xff,
    0xe0, 0x0, 0x0, 0x0, 0x0, 0xa, 0xff, 0x70,
    0x3f, 0xfe, 0x0, 0x0, 0x0, 0x0, 0x0, 0xaf,
    0xf7, 0x3, 0xff, 0xe0, 0x0, 0x0, 0x0, 0x0,
    0x0, 0x0, 0x0, 0x0, 0x0, 0x0, 0x0, 0x0,
    0x0, 0x0, 0x0, 0x0, 0x0, 0x0, 0x0, 0x0,
    0x0, 0xd, 0xff, 0xb0, 0x0, 0x0, 0x0, 0x0,
    0x7f, 0xff, 0x20, 0x5f, 0xff, 0x40, 0x0, 0x0,
    0x0, 0x1e, 0xff, 0x80, 0x0, 0xbf, 0xfc, 0x0,
    0x0, 0x0, 0x9, 0xff, 0xe0, 0x0, 0x2, 0xff,
    0xf5, 0x0, 0x0, 0x2, 0xff, 0xf6, 0x0, 0x0,
    0x9, 0xff, 0xe0, 0x0, 0x0, 0xaf, 0xfd, 0x0,
    0x0, 0x0, 0x1e, 0xff, 0x70, 0x0, 0x3f, 0xff,
    0x40, 0x0, 0x0, 0x0, 0x7f, 0xff, 0x10, 0xc,
    0xff, 0xa0, 0x0, 0x0, 0x0, 0x0, 0xdf, 0xf9,
    0x5, 0xff, 0xf2, 0x0, 0x0, 0x0, 0x0, 0x4,
    0xff, 0xf2, 0xdf, 0xf8, 0x0, 0x0, 0x0, 0x0,
    0x0, 0xb, 0xff, 0xef, 0xfe, 0x0, 0x0, 0x0,
    0x0, 0x0, 0x0, 0x2f, 0xff, 0xff, 0x50, 0x0,
    0x0, 0x0, 0x0, 0x0, 0x0, 0x9f, 0xff, 0xc0,
    0x0, 0x0, 0x0, 0x0, 0x0, 0x0, 0x1, 0xff,
    0xf4, 0x0, 0x0, 0x0, 0x0, 0x0, 0x0, 0x0,
    0xf, 0xff, 0x20, 0x0, 0x0, 0x0, 0x0, 0x0,
    0x0, 0x0, 0xff, 0xf2, 0x0, 0x0, 0x0, 0x0,
    0x0, 0x0, 0x0, 0xf, 0xff, 0x20, 0x0, 0x0,
    0x0, 0x0, 0x0, 0x0, 0x0, 0xff, 0xf2, 0x0,
    0x0, 0x0, 0x0, 0x0, 0x0, 0x0, 0xf, 0xff,
    0x20, 0x0, 0x0, 0x0, 0x0, 0x0, 0x0, 0x0,
    0xff, 0xf2, 0x0, 0x0, 0x0, 0x0, 0x0, 0x0,
    0x0, 0xf, 0xff, 0x20, 0x0, 0x0, 0x0, 0x0,
    0x0, 0x0, 0x0, 0xff, 0xf2, 0x0, 0x0, 0x0,
    0x0,

    /* U+0179 "Ź" */
    0x0, 0x0, 0x0, 0x0, 0x5f, 0xfb, 0x0, 0x0,
    0x0, 0x0, 0x0, 0x0, 0xdf, 0xf2, 0x0, 0x0,
    0x0, 0x0, 0x0, 0x4, 0xff, 0x70, 0x0, 0x0,
    0x0, 0x0, 0x0, 0xc, 0xfc, 0x0, 0x0, 0x0,
    0x0, 0x0, 0x0, 0x0, 0x0, 0x0, 0x0, 0x0,
    0x0, 0x0, 0x0, 0x0, 0x0, 0x0, 0x0, 0x0,
    0xc, 0xff, 0xff, 0xff, 0xff, 0xff, 0xff, 0xf2,
    0xc, 0xff, 0xff, 0xff, 0xff, 0xff, 0xff, 0xf2,
    0xb, 0xee, 0xee, 0xee, 0xee, 0xef, 0xff, 0xf2,
    0x0, 0x0, 0x0, 0x0, 0x0, 0x1e, 0xff, 0xb0,
    0x0, 0x0, 0x0, 0x0, 0x0, 0xbf, 0xfe, 0x10,
    0x0, 0x0, 0x0, 0x0, 0x6, 0xff, 0xf5, 0x0,
    0x0, 0x0, 0x0, 0x0, 0x2f, 0xff, 0xa0, 0x0,
    0x0, 0x0, 0x0, 0x0, 0xcf, 0xfd, 0x0, 0x0,
    0x0, 0x0, 0x0, 0x7, 0xff, 0xf3, 0x0, 0x0,
    0x0, 0x0, 0x0, 0x3f, 0xff, 0x80, 0x0, 0x0,
    0x0, 0x0, 0x0, 0xdf, 0xfc, 0x0, 0x0, 0x0,
    0x0, 0x0, 0x9, 0xff, 0xf2, 0x0, 0x0, 0x0,
    0x0, 0x0, 0x4f, 0xff, 0x60, 0x0, 0x0, 0x0,
    0x0, 0x1, 0xef, 0xfb, 0x0, 0x0, 0x0, 0x0,
    0x0, 0xb, 0xff, 0xe1, 0x0, 0x0, 0x0, 0x0,
    0x0, 0x6f, 0xff, 0x40, 0x0, 0x0, 0x0, 0x0,
    0x2, 0xff, 0xf9, 0x0, 0x0, 0x0, 0x0, 0x0,
    0xc, 0xff, 0xd0, 0x0, 0x0, 0x0, 0x0, 0x0,
    0x2f, 0xff, 0xfe, 0xee, 0xee, 0xee, 0xee, 0xe6,
    0x3f, 0xff, 0xff, 0xff, 0xff, 0xff, 0xff, 0xf7,
    0x3f, 0xff, 0xff, 0xff, 0xff, 0xff, 0xff, 0xf7,

    /* U+017A "ź" */
    0x0, 0x0, 0x0, 0xb, 0xff, 0x60, 0x0, 0x0,
    0x0, 0x0, 0x2f, 0xfb, 0x0, 0x0, 0x0, 0x0,
    0x0, 0xaf, 0xf2, 0x0, 0x0, 0x0, 0x0, 0x1,
    0xef, 0x60, 0x0, 0x0, 0x0, 0x0, 0x0, 0x0,
    0x0, 0x0, 0x0, 0x3f, 0xff, 0xff, 0xff, 0xff,
    0xff, 0xf5, 0x3f, 0xff, 0xff, 0xff, 0xff, 0xff,
    0xf5, 0x29, 0x99, 0x99, 0x99, 0x9b, 0xff, 0xf4,
    0x0, 0x0, 0x0, 0x0, 0x2e, 0xff, 0xb0, 0x0,
    0x0, 0x0, 0x1, 0xdf, 0xfc, 0x0, 0x0, 0x0,
    0x0, 0xc, 0xff, 0xd1, 0x0, 0x0, 0x0, 0x0,
    0xaf, 0xfe, 0x20, 0x0, 0x0, 0x0, 0x8, 0xff,
    0xf3, 0x0, 0x0, 0x0, 0x0, 0x6f, 0xff, 0x50,
    0x0, 0x0, 0x0, 0x4, 0xff, 0xf6, 0x0, 0x0,
    0x0, 0x0, 0x3f, 0xff, 0x80, 0x0, 0x0, 0x0,
    0x2, 0xef, 0xfa, 0x0, 0x0, 0x0, 0x0, 0x1d,
    0xff, 0xb0, 0x0, 0x0, 0x0, 0x0, 0x8f, 0xff,
    0x99, 0x99, 0x99, 0x99, 0x95, 0x8f, 0xff, 0xff,
    0xff, 0xff, 0xff, 0xf9, 0x8f, 0xff, 0xff, 0xff,
    0xff, 0xff, 0xf9,

    /* U+017B "Ż" */
    0x0, 0x0, 0x0, 0x1, 0x11, 0x0, 0x0, 0x0,
    0x0, 0x0, 0x0, 0x3f, 0xff, 0x0, 0x0, 0x0,
    0x0, 0x0, 0x0, 0x3f, 0xff, 0x0, 0x0, 0x0,
    0x0, 0x0, 0x0, 0x3f, 0xff, 0x0, 0x0, 0x0,
    0x0, 0x0, 0x0, 0x0, 0x0, 0x0, 0x0, 0x0,
    0x0, 0x0, 0x0, 0x0, 0x0, 0x0, 0x0, 0x0,
    0xc, 0xff, 0xff, 0xff, 0xff, 0xff, 0xff, 0xf2,
    0xc, 0xff, 0xff, 0xff, 0xff, 0xff, 0xff, 0xf2,
    0xb, 0xee, 0xee, 0xee, 0xee, 0xef, 0xff, 0xf2,
    0x0, 0x0, 0x0, 0x0, 0x0, 0x1e, 0xff, 0xb0,
    0x0, 0x0, 0x0, 0x0, 0x0, 0xbf, 0xfe, 0x10,
    0x0, 0x0, 0x0, 0x0, 0x6, 0xff, 0xf5, 0x0,
    0x0, 0x0, 0x0, 0x0, 0x2f, 0xff, 0xa0, 0x0,
    0x0, 0x0, 0x0, 0x0, 0xcf, 0xfd, 0x0, 0x0,
    0x0, 0x0, 0x0, 0x7, 0xff, 0xf3, 0x0, 0x0,
    0x0, 0x0, 0x0, 0x3f, 0xff, 0x80, 0x0, 0x0,
    0x0, 0x0, 0x0, 0xdf, 0xfc, 0x0, 0x0, 0x0,
    0x0, 0x0, 0x9, 0xff, 0xf2, 0x0, 0x0, 0x0,
    0x0, 0x0, 0x4f, 0xff, 0x60, 0x0, 0x0, 0x0,
    0x0, 0x1, 0xef, 0xfb, 0x0, 0x0, 0x0, 0x0,
    0x0, 0xb, 0xff, 0xe1, 0x0, 0x0, 0x0, 0x0,
    0x0, 0x6f, 0xff, 0x40, 0x0, 0x0, 0x0, 0x0,
    0x2, 0xff, 0xf9, 0x0, 0x0, 0x0, 0x0, 0x0,
    0xc, 0xff, 0xd0, 0x0, 0x0, 0x0, 0x0, 0x0,
    0x2f, 0xff, 0xfe, 0xee, 0xee, 0xee, 0xee, 0xe6,
    0x3f, 0xff, 0xff, 0xff, 0xff, 0xff, 0xff, 0xf7,
    0x3f, 0xff, 0xff, 0xff, 0xff, 0xff, 0xff, 0xf7,

    /* U+017C "ż" */
    0x0, 0x0, 0x8, 0xff, 0xa0, 0x0, 0x0, 0x0,
    0x0, 0x8, 0xff, 0xa0, 0x0, 0x0, 0x0, 0x0,
    0x8, 0xff, 0xa0, 0x0, 0x0, 0x0, 0x0, 0x0,
    0x11, 0x10, 0x0, 0x0, 0x0, 0x0, 0x0, 0x0,
    0x0, 0x0, 0x0, 0x3f, 0xff, 0xff, 0xff, 0xff,
    0xff, 0xf5, 0x3f, 0xff, 0xff, 0xff, 0xff, 0xff,
    0xf5, 0x29, 0x99, 0x99, 0x99, 0x9b, 0xff, 0xf4,
    0x0, 0x0, 0x0, 0x0, 0x2e, 0xff, 0xb0, 0x0,
    0x0, 0x0, 0x1, 0xdf, 0xfc, 0x0, 0x0, 0x0,
    0x0, 0xc, 0xff, 0xd1, 0x0, 0x0, 0x0, 0x0,
    0xaf, 0xfe, 0x20, 0x0, 0x0, 0x0, 0x8, 0xff,
    0xf3, 0x0, 0x0, 0x0, 0x0, 0x6f, 0xff, 0x50,
    0x0, 0x0, 0x0, 0x4, 0xff, 0xf6, 0x0, 0x0,
    0x0, 0x0, 0x3f, 0xff, 0x80, 0x0, 0x0, 0x0,
    0x2, 0xef, 0xfa, 0x0, 0x0, 0x0, 0x0, 0x1d,
    0xff, 0xb0, 0x0, 0x0, 0x0, 0x0, 0x8f, 0xff,
    0x99, 0x99, 0x99, 0x99, 0x95, 0x8f, 0xff, 0xff,
    0xff, 0xff, 0xff, 0xf9, 0x8f, 0xff, 0xff, 0xff,
    0xff, 0xff, 0xf9,

    /* U+017D "Ž" */
    0x0, 0x0, 0x8f, 0xc0, 0x2, 0xff, 0x40, 0x0,
    0x0, 0x0, 0xd, 0xf9, 0xc, 0xfa, 0x0, 0x0,
    0x0, 0x0, 0x3, 0xff, 0xdf, 0xe1, 0x0, 0x0,
    0x0, 0x0, 0x0, 0x8f, 0xff, 0x40, 0x0, 0x0,
    0x0, 0x0, 0x0, 0x0, 0x0, 0x0, 0x0, 0x0,
    0x0, 0x0, 0x0, 0x0, 0x0, 0x0, 0x0, 0x0,
    0xc, 0xff, 0xff, 0xff, 0xff, 0xff, 0xff, 0xf2,
    0xc, 0xff, 0xff, 0xff, 0xff, 0xff, 0xff, 0xf2,
    0xb, 0xee, 0xee, 0xee, 0xee, 0xef, 0xff, 0xf2,
    0x0, 0x0, 0x0, 0x0, 0x0, 0x1e, 0xff, 0xb0,
    0x0, 0x0, 0x0, 0x0, 0x0, 0xbf, 0xfe, 0x10,
    0x0, 0x0, 0x0, 0x0, 0x6, 0xff, 0xf5, 0x0,
    0x0, 0x0, 0x0, 0x0, 0x2f, 0xff, 0xa0, 0x0,
    0x0, 0x0, 0x0, 0x0, 0xcf, 0xfd, 0x0, 0x0,
    0x0, 0x0, 0x0, 0x7, 0xff, 0xf3, 0x0, 0x0,
    0x0, 0x0, 0x0, 0x3f, 0xff, 0x80, 0x0, 0x0,
    0x0, 0x0, 0x0, 0xdf, 0xfc, 0x0, 0x0, 0x0,
    0x0, 0x0, 0x9, 0xff, 0xf2, 0x0, 0x0, 0x0,
    0x0, 0x0, 0x4f, 0xff, 0x60, 0x0, 0x0, 0x0,
    0x0, 0x1, 0xef, 0xfb, 0x0, 0x0, 0x0, 0x0,
    0x0, 0xb, 0xff, 0xe1, 0x0, 0x0, 0x0, 0x0,
    0x0, 0x6f, 0xff, 0x40, 0x0, 0x0, 0x0, 0x0,
    0x2, 0xff, 0xf9, 0x0, 0x0, 0x0, 0x0, 0x0,
    0xc, 0xff, 0xd0, 0x0, 0x0, 0x0, 0x0, 0x0,
    0x2f, 0xff, 0xfe, 0xee, 0xee, 0xee, 0xee, 0xe6,
    0x3f, 0xff, 0xff, 0xff, 0xff, 0xff, 0xff, 0xf7,
    0x3f, 0xff, 0xff, 0xff, 0xff, 0xff, 0xff, 0xf7,

    /* U+017E "ž" */
    0x0, 0x7, 0x82, 0x0, 0x18, 0x71, 0x0, 0x0,
    0x8, 0xfd, 0x0, 0xcf, 0xa0, 0x0, 0x0, 0x0,
    0xdf, 0x98, 0xfe, 0x10, 0x0, 0x0, 0x0, 0x3f,
    0xff, 0xf5, 0x0, 0x0, 0x0, 0x0, 0x5, 0x88,
    0x60, 0x0, 0x0, 0x0, 0x0, 0x0, 0x0, 0x0,
    0x0, 0x0, 0x3f, 0xff, 0xff, 0xff, 0xff, 0xff,
    0xf5, 0x3f, 0xff, 0xff, 0xff, 0xff, 0xff, 0xf5,
    0x29, 0x99, 0x99, 0x99, 0x9b, 0xff, 0xf4, 0x0,
    0x0, 0x0, 0x0, 0x2e, 0xff, 0xb0, 0x0, 0x0,
    0x0, 0x1, 0xdf, 0xfc, 0x0, 0x0, 0x0, 0x0,
    0xc, 0xff, 0xd1, 0x0, 0x0, 0x0, 0x0, 0xaf,
    0xfe, 0x20, 0x0, 0x0, 0x0, 0x8, 0xff, 0xf3,
    0x0, 0x0, 0x0, 0x0, 0x6f, 0xff, 0x50, 0x0,
    0x0, 0x0, 0x4, 0xff, 0xf6, 0x0, 0x0, 0x0,
    0x0, 0x3f, 0xff, 0x80, 0x0, 0x0, 0x0, 0x2,
    0xef, 0xfa, 0x0, 0x0, 0x0, 0x0, 0x1d, 0xff,
    0xb0, 0x0, 0x0, 0x0, 0x0, 0x8f, 0xff, 0x99,
    0x99, 0x99, 0x99, 0x95, 0x8f, 0xff, 0xff, 0xff,
    0xff, 0xff, 0xf9, 0x8f, 0xff, 0xff, 0xff, 0xff,
    0xff, 0xf9,

    /* U+017F "ſ" */
    0x0, 0x5c, 0xff, 0xd4, 0x6, 0xff, 0xff, 0xf3,
    0xd, 0xff, 0x85, 0x50, 0xf, 0xfa, 0x0, 0x0,
    0xf, 0xf7, 0x0, 0x0, 0x1f, 0xf7, 0x0, 0x0,
    0x1f, 0xf7, 0x0, 0x0, 0x1f, 0xf7, 0x0, 0x0,
    0x1f, 0xf7, 0x0, 0x0, 0x1f, 0xf7, 0x0, 0x0,
    0x1f, 0xf7, 0x0, 0x0, 0x1f, 0xf7, 0x0, 0x0,
    0x1f, 0xf7, 0x0, 0x0, 0x1f, 0xf7, 0x0, 0x0,
    0x1f, 0xf7, 0x0, 0x0, 0x1f, 0xf7, 0x0, 0x0,
    0x1f, 0xf7, 0x0, 0x0, 0x1f, 0xf7, 0x0, 0x0,
    0x1f, 0xf7, 0x0, 0x0, 0x1f, 0xf7, 0x0, 0x0,

    /* U+0180 "ƀ" */
    0x0, 0x2f, 0xf7, 0x0, 0x0, 0x0, 0x0, 0x0,
    0x6f, 0xff, 0xff, 0xff, 0xf7, 0x0, 0x0, 0x0,
    0x6f, 0xff, 0xff, 0xff, 0xf7, 0x0, 0x0, 0x0,
    0x0, 0x1f, 0xf7, 0x0, 0x0, 0x0, 0x0, 0x0,
    0x0, 0x1f, 0xf7, 0x0, 0x0, 0x0, 0x0, 0x0,
    0x0, 0x1f, 0xf7, 0x19, 0xef, 0xeb, 0x40, 0x0,
    0x0, 0x1f, 0xf9, 0xef, 0xff, 0xff, 0xfa, 0x0,
    0x0, 0x1f, 0xff, 0xf9, 0x20, 0x3c, 0xff, 0x80,
    0x0, 0x1f, 0xff, 0x60, 0x0, 0x0, 0xcf, 0xf2,
    0x0, 0x1f, 0xfc, 0x0, 0x0, 0x0, 0x3f, 0xf8,
    0x0, 0x1f, 0xf7, 0x0, 0x0, 0x0, 0xe, 0xfc,
    0x0, 0x1f, 0xf4, 0x0, 0x0, 0x0, 0xb, 0xfe,
    0x0, 0x1f, 0xf3, 0x0, 0x0, 0x0, 0xb, 0xfe,
    0x0, 0x1f, 0xf4, 0x0, 0x0, 0x0, 0xc, 0xfd,
    0x0, 0x1f, 0xf6, 0x0, 0x0, 0x0, 0xe, 0xfb,
    0x0, 0x1f, 0xfb, 0x0, 0x0, 0x0, 0x4f, 0xf7,
    0x0, 0x1f, 0xff, 0x40, 0x0, 0x0, 0xdf, 0xf1,
    0x0, 0x1f, 0xff, 0xf8, 0x31, 0x5d, 0xff, 0x60,
    0x0, 0x1f, 0xf7, 0xef, 0xff, 0xff, 0xf6, 0x0,
    0x0, 0x1f, 0xf4, 0x19, 0xef, 0xe9, 0x20, 0x0,

    /* U+0181 "Ɓ" */
    0x9, 0xef, 0xff, 0xff, 0xff, 0xff, 0xfe, 0xc8,
    0x10, 0x0, 0xaf, 0xff, 0xff, 0xff, 0xff, 0xff,
    0xff, 0xff, 0xf4, 0x0, 0xef, 0xd7, 0xdf, 0xf6,
    0x66, 0x66, 0x78, 0xcf, 0xff, 0x20, 0xff, 0x60,
    0xbf, 0xf0, 0x0, 0x0, 0x0, 0x6, 0xff, 0x90,
    0xff, 0x60, 0xbf, 0xf0, 0x0, 0x0, 0x0, 0x0,
    0xef, 0xd0, 0x0, 0x0, 0xbf, 0xf0, 0x0, 0x0,
    0x0, 0x0, 0xdf, 0xe0, 0x0, 0x0, 0xbf, 0xf0,
    0x0, 0x0, 0x0, 0x1, 0xff, 0xa0, 0x0, 0x0,
    0xbf, 0xf0, 0x0, 0x0, 0x1, 0x5d, 0xff, 0x30,
    0x0, 0x0, 0xbf, 0xff, 0xff, 0xff, 0xff, 0xff,
    0xf5, 0x0, 0x0, 0x0, 0xbf, 0xff, 0xff, 0xff,
    0xff, 0xff, 0x90, 0x0, 0x0, 0x0, 0xbf, 0xf6,
    0x66, 0x66, 0x78, 0xbf, 0xfe, 0x40, 0x0, 0x0,
    0xbf, 0xf0, 0x0, 0x0, 0x0, 0x1, 0xdf, 0xf2,
    0x0, 0x0, 0xbf, 0xf0, 0x0, 0x0, 0x0, 0x0,
    0x3f, 0xfa, 0x0, 0x0, 0xbf, 0xf0, 0x0, 0x0,
    0x0, 0x0, 0xf, 0xfd, 0x0, 0x0, 0xbf, 0xf0,
    0x0, 0x0, 0x0, 0x0, 0xf, 0xfe, 0x0, 0x0,
    0xbf, 0xf0, 0x0, 0x0, 0x0, 0x0, 0x3f, 0xfc,
    0x0, 0x0, 0xbf, 0xf0, 0x0, 0x0, 0x0, 0x1,
    0xcf, 0xf6, 0x0, 0x0, 0xbf, 0xf6, 0x66, 0x66,
    0x67, 0xaf, 0xff, 0xd0, 0x0, 0x0, 0xbf, 0xff,
    0xff, 0xff, 0xff, 0xff, 0xfc, 0x10, 0x0, 0x0,
    0xbf, 0xff, 0xff, 0xff, 0xff, 0xda, 0x50, 0x0,

    /* U+0182 "Ƃ" */
    0xaf, 0xff, 0xff, 0xff, 0xff, 0xff, 0xfc, 0x0,
    0xaf, 0xff, 0xff, 0xff, 0xff, 0xff, 0xfc, 0x0,
    0xaf, 0xf6, 0x66, 0x66, 0x66, 0x66, 0x64, 0x0,
    0xaf, 0xf1, 0x0, 0x0, 0x0, 0x0, 0x0, 0x0,
    0xaf, 0xf1, 0x0, 0x0, 0x0, 0x0, 0x0, 0x0,
    0xaf, 0xf1, 0x0, 0x0, 0x0, 0x0, 0x0, 0x0,
    0xaf, 0xf1, 0x0, 0x0, 0x0, 0x0, 0x0, 0x0,
    0xaf, 0xf1, 0x0, 0x0, 0x0, 0x0, 0x0, 0x0,
    0xaf, 0xf6, 0x66, 0x66, 0x55, 0x30, 0x0, 0x0,
    0xaf, 0xff, 0xff, 0xff, 0xff, 0xff, 0xc4, 0x0,
    0xaf, 0xff, 0xff, 0xff, 0xff, 0xff, 0xff, 0x70,
    0xaf, 0xf1, 0x0, 0x0, 0x2, 0x4a, 0xff, 0xf3,
    0xaf, 0xf1, 0x0, 0x0, 0x0, 0x0, 0x8f, 0xfa,
    0xaf, 0xf1, 0x0, 0x0, 0x0, 0x0, 0x1f, 0xfe,
    0xaf, 0xf1, 0x0, 0x0, 0x0, 0x0, 0xf, 0xff,
    0xaf, 0xf1, 0x0, 0x0, 0x0, 0x0, 0x2f, 0xfd,
    0xaf, 0xf1, 0x0, 0x0, 0x0, 0x0, 0xbf, 0xf8,
    0xaf, 0xf5, 0x44, 0x44, 0x45, 0x8e, 0xff, 0xe1,
    0xaf, 0xff, 0xff, 0xff, 0xff, 0xff, 0xfe, 0x30,
    0xaf, 0xff, 0xff, 0xff, 0xff, 0xeb, 0x60, 0x0,

    /* U+0183 "ƃ" */
    0x1f, 0xff, 0xff, 0xff, 0xff, 0xff, 0xfd, 0x1f,
    0xff, 0xff, 0xff, 0xff, 0xff, 0xfd, 0x1f, 0xf7,
    0x0, 0x0, 0x0, 0x0, 0x0, 0x1f, 0xf7, 0x0,
    0x0, 0x0, 0x0, 0x0, 0x1f, 0xf7, 0x0, 0x0,
    0x0, 0x0, 0x0, 0x1f, 0xf7, 0x19, 0xef, 0xeb,
    0x40, 0x0, 0x1f, 0xf9, 0xef, 0xff, 0xff, 0xfa,
    0x0, 0x1f, 0xff, 0xf9, 0x20, 0x3c, 0xff, 0x80,
    0x1f, 0xff, 0x60, 0x0, 0x0, 0xcf, 0xf2, 0x1f,
    0xfc, 0x0, 0x0, 0x0, 0x3f, 0xf8, 0x1f, 0xf7,
    0x0, 0x0, 0x0, 0xe, 0xfc, 0x1f, 0xf4, 0x0,
    0x0, 0x0, 0xb, 0xfe, 0x1f, 0xf3, 0x0, 0x0,
    0x0, 0xb, 0xfe, 0x1f, 0xf4, 0x0, 0x0, 0x0,
    0xc, 0xfd, 0x1f, 0xf6, 0x0, 0x0, 0x0, 0xe,
    0xfb, 0x1f, 0xfb, 0x0, 0x0, 0x0, 0x4f, 0xf7,
    0x1f, 0xff, 0x40, 0x0, 0x0, 0xdf, 0xf1, 0x1f,
    0xff, 0xf8, 0x31, 0x5d, 0xff, 0x60, 0x1f, 0xf7,
    0xef, 0xff, 0xff, 0xf6, 0x0, 0x1f, 0xf4, 0x19,
    0xef, 0xe9, 0x20, 0x0,

    /* U+0184 "Ƅ" */
    0x1f, 0xf7, 0x0, 0x0, 0x0, 0x0, 0x0, 0x1f,
    0xf7, 0x0, 0x0, 0x0, 0x0, 0x0, 0x1f, 0xf7,
    0x0, 0x0, 0x0, 0x0, 0x0, 0x1f, 0xf7, 0x0,
    0x0, 0x0, 0x0, 0x0, 0x1f, 0xf7, 0x0, 0x0,
    0x0, 0x0, 0x0, 0x1f, 0xf7, 0x0, 0x0, 0x0,
    0x0, 0x0, 0x1f, 0xf7, 0x0, 0x0, 0x0, 0x0,
    0x0, 0x1f, 0xf9, 0x33, 0x32, 0x20, 0x0, 0x0,
    0x1f, 0xff, 0xff, 0xff, 0xff, 0xb4, 0x0, 0x1f,
    0xff, 0xff, 0xff, 0xff, 0xff, 0x70, 0x1f, 0xf7,
    0x0, 0x0, 0x15, 0xdf, 0xf4, 0x1f, 0xf7, 0x0,
    0x0, 0x0, 0x3f, 0xfa, 0x1f, 0xf7, 0x0, 0x0,
    0x0, 0xc, 0xfe, 0xf, 0xf8, 0x0, 0x0, 0x0,
    0xa, 0xff, 0xf, 0xfa, 0x0, 0x0, 0x0, 0xb,
    0xff, 0xc, 0xfe, 0x0, 0x0, 0x0, 0xd, 0xfc,
    0x6, 0xff, 0x80, 0x0, 0x0, 0x3f, 0xf8, 0x0,
    0xdf, 0xf9, 0x21, 0x26, 0xef, 0xf2, 0x0, 0x1d,
    0xff, 0xff, 0xff, 0xff, 0x50, 0x0, 0x0, 0x6b,
    0xef, 0xfd, 0x92, 0x0,

    /* U+0185 "ƅ" */
    0x1f, 0xf7, 0x0, 0x0, 0x0, 0x0, 0x0, 0x1f,
    0xf7, 0x0, 0x0, 0x0, 0x0, 0x0, 0x1f, 0xf7,
    0x0, 0x0, 0x0, 0x0, 0x0, 0x1f, 0xf7, 0x0,
    0x0, 0x0, 0x0, 0x0, 0x1f, 0xf7, 0x0, 0x0,
    0x0, 0x0, 0x0, 0x1f, 0xf7, 0x19, 0xdf, 0xeb,
    0x50, 0x0, 0x1f, 0xf9, 0xef, 0xff, 0xff, 0xfa,
    0x0, 0x1f, 0xff, 0xf9, 0x20, 0x3b, 0xff, 0x90,
    0x1f, 0xff, 0x70, 0x0, 0x0, 0xbf, 0xf3, 0x1f,
    0xfd, 0x0, 0x0, 0x0, 0x2f, 0xf9, 0x1f, 0xf8,
    0x0, 0x0, 0x0, 0xd, 0xfd, 0x1f, 0xf5, 0x0,
    0x0, 0x0, 0xa, 0xff, 0x1f, 0xf4, 0x0, 0x0,
    0x0, 0xa, 0xff, 0xf, 0xf5, 0x0, 0x0, 0x0,
    0xb, 0xfe, 0xf, 0xf8, 0x0, 0x0, 0x0, 0xd,
    0xfc, 0xb, 0xfd, 0x0, 0x0, 0x0, 0x2f, 0xf8,
    0x6, 0xff, 0x60, 0x0, 0x0, 0xbf, 0xf1, 0x0,
    0xcf, 0xf8, 0x21, 0x3b, 0xff, 0x70, 0x0, 0x1d,
    0xff, 0xff, 0xff, 0xf8, 0x0, 0x0, 0x0, 0x6b,
    0xef, 0xea, 0x30, 0x0,

    /* U+0186 "Ɔ" */
    0x0, 0x0, 0x18, 0xce, 0xfe, 0xda, 0x50, 0x0,
    0x0, 0x0, 0x0, 0x8f, 0xff, 0xff, 0xff, 0xff,
    0xd4, 0x0, 0x0, 0x0, 0xaf, 0xff, 0xb7, 0x55,
    0x7c, 0xff, 0xf8, 0x0, 0x0, 0x7f, 0xfe, 0x30,
    0x0, 0x0, 0x3, 0xef, 0xf6, 0x0, 0x1f, 0xff,
    0x20, 0x0, 0x0, 0x0, 0x2, 0xef, 0xf2, 0x4,
    0xef, 0x80, 0x0, 0x0, 0x0, 0x0, 0x6, 0xff,
    0xa0, 0x0, 0x21, 0x0, 0x0, 0x0, 0x0, 0x0,
    0xe, 0xff, 0x0, 0x0, 0x0, 0x0, 0x0, 0x0,
    0x0, 0x0, 0xaf, 0xf3, 0x0, 0x0, 0x0, 0x0,
    0x0, 0x0, 0x0, 0x7, 0xff, 0x50, 0x0, 0x0,
    0x0, 0x0, 0x0, 0x0, 0x0, 0x6f, 0xf6, 0x0,
    0x0, 0x0, 0x0, 0x0, 0x0, 0x0, 0x6, 0xff,
    0x60, 0x0, 0x0, 0x0, 0x0, 0x0, 0x0, 0x0,
    0x7f, 0xf5, 0x0, 0x0, 0x0, 0x0, 0x0, 0x0,
    0x0, 0xa, 0xff, 0x27, 0xdf, 0x10, 0x0, 0x0,
    0x0, 0x0, 0x0, 0xef, 0xe0, 0x8f, 0xf7, 0x0,
    0x0, 0x0, 0x0, 0x0, 0x5f, 0xf8, 0x1, 0xff,
    0xe1, 0x0, 0x0, 0x0, 0x0, 0x1e, 0xff, 0x20,
    0x7, 0xff, 0xd2, 0x0, 0x0, 0x0, 0x4e, 0xff,
    0x70, 0x0, 0xa, 0xff, 0xfb, 0x65, 0x57, 0xcf,
    0xff, 0xa0, 0x0, 0x0, 0x8, 0xff, 0xff, 0xff,
    0xff, 0xff, 0x70, 0x0, 0x0, 0x0, 0x1, 0x7c,
    0xef, 0xfd, 0xb6, 0x10, 0x0, 0x0,

    /* U+0187 "Ƈ" */
    0x0, 0x0, 0x0, 0x0, 0x0, 0x0, 0x0, 0x0,
    0x0, 0x34, 0x30, 0x0, 0x0, 0x0, 0x0, 0x0,
    0x0, 0x0, 0x0, 0x3e, 0xff, 0xf3, 0x0, 0x0,
    0x0, 0x5a, 0xdf, 0xfe, 0xc9, 0x40, 0xcf, 0xff,
    0xf0, 0x0, 0x0, 0x5e, 0xff, 0xff, 0xff, 0xff,
    0xfc, 0xff, 0xc1, 0x20, 0x0, 0x9, 0xff, 0xfb,
    0x75, 0x57, 0xbf, 0xff, 0xff, 0x70, 0x0, 0x0,
    0x8f, 0xfd, 0x30, 0x0, 0x0, 0x3, 0xef, 0xff,
    0x70, 0x0, 0x3, 0xff, 0xe1, 0x0, 0x0, 0x0,
    0x0, 0x3f, 0xff, 0x70, 0x0, 0xb, 0xff, 0x40,
    0x0, 0x0, 0x0, 0x0, 0xa, 0xfe, 0x50, 0x0,
    0xf, 0xfd, 0x0, 0x0, 0x0, 0x0, 0x0, 0x1,
    0x20, 0x0, 0x0, 0x4f, 0xf9, 0x0, 0x0, 0x0,
    0x0, 0x0, 0x0, 0x0, 0x0, 0x0, 0x6f, 0xf6,
    0x0, 0x0, 0x0, 0x0, 0x0, 0x0, 0x0, 0x0,
    0x0, 0x8f, 0xf5, 0x0, 0x0, 0x0, 0x0, 0x0,
    0x0, 0x0, 0x0, 0x0, 0x7f, 0xf5, 0x0, 0x0,
    0x0, 0x0, 0x0, 0x0, 0x0, 0x0, 0x0, 0x6f,
    0xf6, 0x0, 0x0, 0x0, 0x0, 0x0, 0x0, 0x0,
    0x0, 0x0, 0x3f, 0xf9, 0x0, 0x0, 0x0, 0x0,
    0x0, 0x0, 0x0, 0x0, 0x0, 0xf, 0xfd, 0x0,
    0x0, 0x0, 0x0, 0x0, 0x2, 0xfd, 0x70, 0x0,
    0xa, 0xff, 0x40, 0x0, 0x0, 0x0, 0x0, 0x8,
    0xff, 0x70, 0x0, 0x3, 0xff, 0xe1, 0x0, 0x0,
    0x0, 0x0, 0x2f, 0xff, 0x10, 0x0, 0x0, 0x8f,
    0xfd, 0x30, 0x0, 0x0, 0x3, 0xef, 0xf6, 0x0,
    0x0, 0x0, 0xb, 0xff, 0xfb, 0x75, 0x57, 0xbf,
    0xff, 0x90, 0x0, 0x0, 0x0, 0x0, 0x8f, 0xff,
    0xff, 0xff, 0xff, 0xf7, 0x0, 0x0, 0x0, 0x0,
    0x0, 0x1, 0x7b, 0xdf, 0xfe, 0xb7, 0x10, 0x0,
    0x0, 0x0,

    /* U+0188 "ƈ" */
    0x0, 0x0, 0x0, 0x0, 0x0, 0x0, 0x0, 0x0,
    0x0, 0x0, 0x0, 0x0, 0x0, 0x4, 0xdf, 0xfa,
    0x0, 0x3, 0x9d, 0xff, 0xd9, 0x3f, 0xff, 0xf8,
    0x0, 0x8f, 0xff, 0xff, 0xff, 0xff, 0xf4, 0x0,
    0x7, 0xff, 0xd4, 0x11, 0x5e, 0xff, 0xf0, 0x0,
    0x1f, 0xfd, 0x0, 0x0, 0x2, 0xff, 0xf0, 0x0,
    0x7f, 0xf4, 0x0, 0x0, 0x0, 0x9c, 0x90, 0x0,
    0xaf, 0xf0, 0x0, 0x0, 0x0, 0x0, 0x0, 0x0,
    0xcf, 0xc0, 0x0, 0x0, 0x0, 0x0, 0x0, 0x0,
    0xdf, 0xb0, 0x0, 0x0, 0x0, 0x0, 0x0, 0x0,
    0xcf, 0xc0, 0x0, 0x0, 0x0, 0x0, 0x0, 0x0,
    0xaf, 0xf0, 0x0, 0x0, 0x0, 0x38, 0x61, 0x0,
    0x6f, 0xf4, 0x0, 0x0, 0x0, 0x9f, 0xf0, 0x0,
    0xf, 0xfc, 0x0, 0x0, 0x2, 0xff, 0xa0, 0x0,
    0x6, 0xff, 0xc4, 0x12, 0x5e, 0xff, 0x20, 0x0,
    0x0, 0x7f, 0xff, 0xff, 0xff, 0xe4, 0x0, 0x0,
    0x0, 0x2, 0x9d, 0xff, 0xd8, 0x10, 0x0, 0x0,

    /* U+0189 "Ɖ" */
    0x0, 0xaf, 0xff, 0xff, 0xff, 0xfe, 0xda, 0x40,
    0x0, 0x0, 0x0, 0xaf, 0xff, 0xff, 0xff, 0xff,
    0xff, 0xfc, 0x20, 0x0, 0x0, 0xaf, 0xf7, 0x66,
    0x66, 0x78, 0xbf, 0xff, 0xe1, 0x0, 0x0, 0xaf,
    0xf1, 0x0, 0x0, 0x0, 0x1, 0xbf, 0xfc, 0x0,
    0x0, 0xaf, 0xf1, 0x0, 0x0, 0x0, 0x0, 0xc,
    0xff, 0x50, 0x0, 0xaf, 0xf1, 0x0, 0x0, 0x0,
    0x0, 0x3, 0xff, 0xc0, 0x0, 0xaf, 0xf1, 0x0,
    0x0, 0x0, 0x0, 0x0, 0xcf, 0xf1, 0x0, 0xaf,
    0xf1, 0x0, 0x0, 0x0, 0x0, 0x0, 0x8f, 0xf4,
    0x66, 0xcf, 0xf7, 0x66, 0x66, 0x40, 0x0, 0x0,
    0x6f, 0xf6, 0xff, 0xff, 0xff, 0xff, 0xff, 0xb0,
    0x0, 0x0, 0x5f, 0xf7, 0xff, 0xff, 0xff, 0xff,
    0xff, 0xb0, 0x0, 0x0, 0x5f, 0xf7, 0x0, 0xaf,
    0xf1, 0x0, 0x0, 0x0, 0x0, 0x0, 0x6f, 0xf6,
    0x0, 0xaf, 0xf1, 0x0, 0x0, 0x0, 0x0, 0x0,
    0x9f, 0xf3, 0x0, 0xaf, 0xf1, 0x0, 0x0, 0x0,
    0x0, 0x0, 0xdf, 0xf0, 0x0, 0xaf, 0xf1, 0x0,
    0x0, 0x0, 0x0, 0x3, 0xff, 0xb0, 0x0, 0xaf,
    0xf1, 0x0, 0x0, 0x0, 0x0, 0xc, 0xff, 0x40,
    0x0, 0xaf, 0xf1, 0x0, 0x0, 0x0, 0x2, 0xcf,
    0xfb, 0x0, 0x0, 0xaf, 0xf7, 0x66, 0x66, 0x68,
    0xbf, 0xff, 0xd1, 0x0, 0x0, 0xaf, 0xff, 0xff,
    0xff, 0xff, 0xff, 0xfb, 0x10, 0x0, 0x0, 0xaf,
    0xff, 0xff, 0xff, 0xfe, 0xc9, 0x30, 0x0, 0x0,

    /* U+018A "Ɗ" */
    0x9, 0xef, 0xff, 0xff, 0xff, 0xff, 0xfe, 0xd9,
    0x40, 0x0, 0x0, 0x9f, 0xff, 0xff, 0xff, 0xff,
    0xff, 0xff, 0xff, 0xfb, 0x10, 0x0, 0xef, 0xd7,
    0xdf, 0xf6, 0x66, 0x66, 0x68, 0xbf, 0xff, 0xd1,
    0x0, 0xff, 0x60, 0xbf, 0xf0, 0x0, 0x0, 0x0,
    0x2, 0xcf, 0xfb, 0x0, 0xff, 0x60, 0xbf, 0xf0,
    0x0, 0x0, 0x0, 0x0, 0xd, 0xff, 0x40, 0x33,
    0x10, 0xbf, 0xf0, 0x0, 0x0, 0x0, 0x0, 0x3,
    0xff, 0xb0, 0x0, 0x0, 0xbf, 0xf0, 0x0, 0x0,
    0x0, 0x0, 0x0, 0xdf, 0xf0, 0x0, 0x0, 0xbf,
    0xf0, 0x0, 0x0, 0x0, 0x0, 0x0, 0x9f, 0xf3,
    0x0, 0x0, 0xbf, 0xf0, 0x0, 0x0, 0x0, 0x0,
    0x0, 0x7f, 0xf5, 0x0, 0x0, 0xbf, 0xf0, 0x0,
    0x0, 0x0, 0x0, 0x0, 0x6f, 0xf6, 0x0, 0x0,
    0xbf, 0xf0, 0x0, 0x0, 0x0, 0x0, 0x0, 0x6f,
    0xf6, 0x0, 0x0, 0xbf, 0xf0, 0x0, 0x0, 0x0,
    0x0, 0x0, 0x7f, 0xf5, 0x0, 0x0, 0xbf, 0xf0,
    0x0, 0x0, 0x0, 0x0, 0x0, 0xaf, 0xf2, 0x0,
    0x0, 0xbf, 0xf0, 0x0, 0x0, 0x0, 0x0, 0x0,
    0xef, 0xf0, 0x0, 0x0, 0xbf, 0xf0, 0x0, 0x0,
    0x0, 0x0, 0x5, 0xff, 0xa0, 0x0, 0x0, 0xbf,
    0xf0, 0x0, 0x0, 0x0, 0x0, 0x1d, 0xff, 0x30,
    0x0, 0x0, 0xbf, 0xf0, 0x0, 0x0, 0x0, 0x2,
    0xdf, 0xfa, 0x0, 0x0, 0x0, 0xbf, 0xf6, 0x66,
    0x66, 0x78, 0xbf, 0xff, 0xc1, 0x0, 0x0, 0x0,
    0xbf, 0xff, 0xff, 0xff, 0xff, 0xff, 0xfa, 0x10,
    0x0, 0x0, 0x0, 0xbf, 0xff, 0xff, 0xff, 0xfe,
    0xb7, 0x20, 0x0, 0x0,

    /* U+018B "Ƌ" */
    0x0, 0xcf, 0xff, 0xff, 0xff, 0xff, 0xff, 0xfb,
    0x0, 0xcf, 0xff, 0xff, 0xff, 0xff, 0xff, 0xfb,
    0x0, 0x46, 0x66, 0x66, 0x66, 0x66, 0x6f, 0xfb,
    0x0, 0x0, 0x0, 0x0, 0x0, 0x0, 0x1f, 0xfb,
    0x0, 0x0, 0x0, 0x0, 0x0, 0x0, 0x1f, 0xfb,
    0x0, 0x0, 0x0, 0x0, 0x0, 0x0, 0x1f, 0xfb,
    0x0, 0x0, 0x0, 0x0, 0x0, 0x0, 0x1f, 0xfb,
    0x0, 0x0, 0x0, 0x0, 0x0, 0x0, 0x1f, 0xfb,
    0x0, 0x0, 0x13, 0x55, 0x66, 0x66, 0x6f, 0xfb,
    0x0, 0x5c, 0xff, 0xff, 0xff, 0xff, 0xff, 0xfb,
    0x7, 0xff, 0xff, 0xff, 0xff, 0xff, 0xff, 0xfb,
    0x3f, 0xff, 0xa4, 0x20, 0x0, 0x0, 0x1f, 0xfb,
    0xaf, 0xf8, 0x0, 0x0, 0x0, 0x0, 0x1f, 0xfb,
    0xef, 0xf1, 0x0, 0x0, 0x0, 0x0, 0x1f, 0xfb,
    0xff, 0xf0, 0x0, 0x0, 0x0, 0x0, 0x1f, 0xfb,
    0xdf, 0xf2, 0x0, 0x0, 0x0, 0x0, 0x1f, 0xfb,
    0x8f, 0xfb, 0x0, 0x0, 0x0, 0x0, 0x1f, 0xfb,
    0x1e, 0xff, 0xe8, 0x54, 0x44, 0x44, 0x5f, 0xfb,
    0x3, 0xef, 0xff, 0xff, 0xff, 0xff, 0xff, 0xfb,
    0x0, 0x6, 0xbe, 0xff, 0xff, 0xff, 0xff, 0xfb,

    /* U+018C "ƌ" */
    0xbf, 0xff, 0xff, 0xff, 0xff, 0xff, 0xf4, 0xbf,
    0xff, 0xff, 0xff, 0xff, 0xff, 0xf4, 0x0, 0x0,
    0x0, 0x0, 0x0, 0x5f, 0xf4, 0x0, 0x0, 0x0,
    0x0, 0x0, 0x5f, 0xf4, 0x0, 0x0, 0x0, 0x0,
    0x0, 0x5f, 0xf4, 0x0, 0x3, 0xae, 0xfe, 0x92,
    0x5f, 0xf4, 0x0, 0x8f, 0xff, 0xff, 0xff, 0x9f,
    0xf4, 0x6, 0xff, 0xd4, 0x12, 0x7f, 0xff, 0xf4,
    0x1f, 0xfd, 0x0, 0x0, 0x4, 0xff, 0xf4, 0x6f,
    0xf4, 0x0, 0x0, 0x0, 0xaf, 0xf4, 0xaf, 0xf0,
    0x0, 0x0, 0x0, 0x5f, 0xf4, 0xcf, 0xd0, 0x0,
    0x0, 0x0, 0x2f, 0xf4, 0xcf, 0xc0, 0x0, 0x0,
    0x0, 0x2f, 0xf4, 0xbf, 0xd0, 0x0, 0x0, 0x0,
    0x2f, 0xf4, 0x9f, 0xf0, 0x0, 0x0, 0x0, 0x5f,
    0xf4, 0x5f, 0xf5, 0x0, 0x0, 0x0, 0x9f, 0xf4,
    0xe, 0xfe, 0x10, 0x0, 0x3, 0xff, 0xf4, 0x4,
    0xff, 0xe6, 0x12, 0x7f, 0xff, 0xf4, 0x0, 0x5f,
    0xff, 0xff, 0xff, 0x6f, 0xf4, 0x0, 0x1, 0x9d,
    0xfe, 0xa2, 0x2f, 0xf4,

    /* U+018D "ƍ" */
    0x0, 0x2, 0x9d, 0xff, 0xea, 0x30, 0x0, 0x0,
    0x7, 0xff, 0xff, 0xff, 0xff, 0x90, 0x0, 0x6,
    0xff, 0xd5, 0x11, 0x4c, 0xff, 0x90, 0x1, 0xff,
    0xc0, 0x0, 0x0, 0xb, 0xff, 0x30, 0x7f, 0xf3,
    0x0, 0x0, 0x0, 0x1f, 0xfa, 0xc, 0xfd, 0x0,
    0x0, 0x0, 0x0, 0xbf, 0xe0, 0xef, 0xb0, 0x0,
    0x0, 0x0, 0x8, 0xff, 0xf, 0xfa, 0x0, 0x0,
    0x0, 0x0, 0x7f, 0xf1, 0xef, 0xb0, 0x0, 0x0,
    0x0, 0x8, 0xff, 0x1c, 0xfd, 0x0, 0x0, 0x0,
    0x0, 0xbf, 0xe0, 0x9f, 0xf3, 0x0, 0x0, 0x0,
    0x1f, 0xfb, 0x3, 0xff, 0xc0, 0x0, 0x0, 0xa,
    0xff, 0x40, 0x9, 0xff, 0xc4, 0x0, 0x3b, 0xff,
    0xa0, 0x0, 0xc, 0xff, 0xff, 0xff, 0xff, 0xb0,
    0x0, 0x0, 0xa, 0xff, 0xff, 0xeb, 0x50, 0x0,
    0x0, 0x0, 0x6, 0xff, 0xf6, 0x0, 0x0, 0x0,
    0x0, 0x0, 0x2, 0xcf, 0xfa, 0x10, 0x0, 0x0,
    0x0, 0x0, 0x0, 0x8f, 0xfe, 0x30, 0x0, 0x0,
    0x0, 0x0, 0x0, 0x4e, 0xff, 0x70, 0x0, 0x3f,
    0xff, 0xff, 0xff, 0xff, 0xff, 0x50, 0x3, 0xff,
    0xff, 0xff, 0xff, 0xff, 0xf5, 0x0,

    /* U+018E "Ǝ" */
    0xf, 0xff, 0xff, 0xff, 0xff, 0xff, 0xff, 0xff,
    0x0, 0xff, 0xff, 0xff, 0xff, 0xff, 0xff, 0xff,
    0xf0, 0x6, 0x66, 0x66, 0x66, 0x66, 0x66, 0x6d,
    0xff, 0x0, 0x0, 0x0, 0x0, 0x0, 0x0, 0x0,
    0xbf, 0xf0, 0x0, 0x0, 0x0, 0x0, 0x0, 0x0,
    0xb, 0xff, 0x0, 0x0, 0x0, 0x0, 0x0, 0x0,
    0x0, 0xbf, 0xf0, 0x0, 0x0, 0x0, 0x0, 0x0,
    0x0, 0xb, 0xff, 0x0, 0x0, 0x0, 0x0, 0x0,
    0x0, 0x0, 0xbf, 0xf0, 0x1, 0x66, 0x66, 0x66,
    0x66, 0x66, 0x6d, 0xff, 0x0, 0x3f, 0xff, 0xff,
    0xff, 0xff, 0xff, 0xff, 0xf0, 0x3, 0xff, 0xff,
    0xff, 0xff, 0xff, 0xff, 0xff, 0x0, 0x0, 0x0,
    0x0, 0x0, 0x0, 0x0, 0xbf, 0xf0, 0x0, 0x0,
    0x0, 0x0, 0x0, 0x0, 0xb, 0xff, 0x0, 0x0,
    0x0, 0x0, 0x0, 0x0, 0x0, 0xbf, 0xf0, 0x0,
    0x0, 0x0, 0x0, 0x0, 0x0, 0xb, 0xff, 0x0,
    0x0, 0x0, 0x0, 0x0, 0x0, 0x0, 0xbf, 0xf0,
    0x0, 0x0, 0x0, 0x0, 0x0, 0x0, 0xb, 0xff,
    0x2, 0x66, 0x66, 0x66, 0x66, 0x66, 0x66, 0xdf,
    0xf0, 0x7f, 0xff, 0xff, 0xff, 0xff, 0xff, 0xff,
    0xff, 0x7, 0xff, 0xff, 0xff, 0xff, 0xff, 0xff,
    0xff, 0xf0,

    /* U+018F "Ə" */
    0x0, 0x0, 0x2, 0x8c, 0xef, 0xec, 0x82, 0x0,
    0x0, 0x0, 0x0, 0x9, 0xff, 0xff, 0xff, 0xff,
    0xf9, 0x0, 0x0, 0x0, 0x1d, 0xff, 0xff, 0xff,
    0xff, 0xff, 0xfc, 0x10, 0x0, 0xc, 0xff, 0xfa,
    0x30, 0x0, 0x5c, 0xff, 0xfc, 0x0, 0x6, 0xff,
    0xf6, 0x0, 0x0, 0x0, 0x9, 0xff, 0xf6, 0x0,
    0xdf, 0xfa, 0x0, 0x0, 0x0, 0x0, 0xc, 0xff,
    0xe0, 0x1, 0x34, 0x10, 0x0, 0x0, 0x0, 0x0,
    0x2f, 0xff, 0x40, 0x0, 0x0, 0x0, 0x0, 0x0,
    0x0, 0x0, 0xdf, 0xf8, 0x0, 0x0, 0x0, 0x0,
    0x0, 0x0, 0x0, 0x9, 0xff, 0xbb, 0xff, 0xff,
    0xff, 0xff, 0xff, 0xff, 0xff, 0xff, 0xfc, 0xbf,
    0xff, 0xff, 0xff, 0xff, 0xff, 0xff, 0xff, 0xff,
    0xda, 0xff, 0xed, 0xdd, 0xdd, 0xdd, 0xdd, 0xdd,
    0xff, 0xfc, 0x9f, 0xfc, 0x0, 0x0, 0x0, 0x0,
    0x0, 0x8, 0xff, 0xa6, 0xff, 0xf0, 0x0, 0x0,
    0x0, 0x0, 0x0, 0xbf, 0xf7, 0x2f, 0xff, 0x50,
    0x0, 0x0, 0x0, 0x0, 0x1f, 0xff, 0x30, 0xcf,
    0xfc, 0x0, 0x0, 0x0, 0x0, 0xa, 0xff, 0xd0,
    0x4, 0xff, 0xf9, 0x0, 0x0, 0x0, 0x7, 0xff,
    0xf5, 0x0, 0xa, 0xff, 0xfb, 0x30, 0x0, 0x4b,
    0xff, 0xfb, 0x0, 0x0, 0xb, 0xff, 0xff, 0xfe,
    0xff, 0xff, 0xfc, 0x0, 0x0, 0x0, 0x8, 0xff,
    0xff, 0xff, 0xff, 0xf8, 0x0, 0x0, 0x0, 0x0,
    0x2, 0x8c, 0xef, 0xec, 0x72, 0x0, 0x0, 0x0,

    /* U+0190 "Ɛ" */
    0x0, 0x0, 0x6b, 0xef, 0xfd, 0x93, 0x0, 0x0,
    0x0, 0x3e, 0xff, 0xff, 0xff, 0xff, 0x90, 0x0,
    0x2, 0xff, 0xfe, 0x87, 0x8a, 0xff, 0xf9, 0x0,
    0xa, 0xff, 0x90, 0x0, 0x0, 0x1d, 0xff, 0x40,
    0xe, 0xff, 0x0, 0x0, 0x0, 0x2, 0xff, 0xa0,
    0xe, 0xfe, 0x0, 0x0, 0x0, 0x0, 0xbc, 0x90,
    0x9, 0xff, 0x50, 0x0, 0x0, 0x0, 0x0, 0x0,
    0x1, 0xdf, 0xf9, 0x31, 0x0, 0x0, 0x0, 0x0,
    0x0, 0x19, 0xff, 0xff, 0xf4, 0x0, 0x0, 0x0,
    0x0, 0x4c, 0xff, 0xff, 0xf4, 0x0, 0x0, 0x0,
    0x7, 0xff, 0xfa, 0x65, 0x41, 0x0, 0x0, 0x0,
    0x2f, 0xfe, 0x20, 0x0, 0x0, 0x0, 0x0, 0x0,
    0x9f, 0xf5, 0x0, 0x0, 0x0, 0x0, 0x0, 0x0,
    0xbf, 0xf1, 0x0, 0x0, 0x0, 0x0, 0x39, 0x40,
    0xbf, 0xf2, 0x0, 0x0, 0x0, 0x0, 0xaf, 0xf2,
    0x8f, 0xf7, 0x0, 0x0, 0x0, 0x4, 0xff, 0xc0,
    0x2f, 0xff, 0x40, 0x0, 0x0, 0x4f, 0xff, 0x40,
    0x7, 0xff, 0xfa, 0x65, 0x6b, 0xff, 0xf8, 0x0,
    0x0, 0x6f, 0xff, 0xff, 0xff, 0xff, 0x70, 0x0,
    0x0, 0x1, 0x8c, 0xef, 0xfc, 0x82, 0x0, 0x0,

    /* U+0191 "Ƒ" */
    0x0, 0xa, 0xff, 0xff, 0xff, 0xff, 0xff, 0xff,
    0xf5, 0x0, 0xa, 0xff, 0xff, 0xff, 0xff, 0xff,
    0xff, 0xf5, 0x0, 0xa, 0xff, 0x76, 0x66, 0x66,
    0x66, 0x66, 0x62, 0x0, 0xa, 0xff, 0x10, 0x0,
    0x0, 0x0, 0x0, 0x0, 0x0, 0xa, 0xff, 0x10,
    0x0, 0x0, 0x0, 0x0, 0x0, 0x0, 0xa, 0xff,
    0x10, 0x0, 0x0, 0x0, 0x0, 0x0, 0x0, 0xa,
    0xff, 0x10, 0x0, 0x0, 0x0, 0x0, 0x0, 0x0,
    0xa, 0xff, 0x10, 0x0, 0x0, 0x0, 0x0, 0x0,
    0x0, 0xa, 0xff, 0x76, 0x66, 0x66, 0x66, 0x65,
    0x0, 0x0, 0xa, 0xff, 0xff, 0xff, 0xff, 0xff,
    0xfd, 0x0, 0x0, 0xa, 0xff, 0xff, 0xff, 0xff,
    0xff, 0xfd, 0x0, 0x0, 0xa, 0xff, 0x10, 0x0,
    0x0, 0x0, 0x0, 0x0, 0x0, 0xa, 0xff, 0x10,
    0x0, 0x0, 0x0, 0x0, 0x0, 0x0, 0xa, 0xff,
    0x10, 0x0, 0x0, 0x0, 0x0, 0x0, 0x0, 0xa,
    0xff, 0x10, 0x0, 0x0, 0x0, 0x0, 0x0, 0x0,
    0xa, 0xff, 0x10, 0x0, 0x0, 0x0, 0x0, 0x0,
    0x0, 0xa, 0xff, 0x10, 0x0, 0x0, 0x0, 0x0,
    0x0, 0x0, 0xa, 0xff, 0x10, 0x0, 0x0, 0x0,
    0x0, 0x0, 0x0, 0xa, 0xff, 0x10, 0x0, 0x0,
    0x0, 0x0, 0x0, 0x0, 0xa, 0xff, 0x10, 0x0,
    0x0, 0x0, 0x0, 0x0, 0x0, 0xb, 0xff, 0x0,
    0x0, 0x0, 0x0, 0x0, 0x0, 0x0, 0x1e, 0xff,
    0x0, 0x0, 0x0, 0x0, 0x0, 0x0, 0x5f, 0xff,
    0xfc, 0x0, 0x0, 0x0, 0x0, 0x0, 0x0, 0x7f,
    0xff, 0xe3, 0x0, 0x0, 0x0, 0x0, 0x0, 0x0,
    0x13, 0x43, 0x0, 0x0, 0x0, 0x0, 0x0, 0x0,
    0x0,

    /* U+0192 "ƒ" */
    0x0, 0x0, 0x0, 0x5, 0xcf, 0xff, 0xe0, 0x0,
    0x0, 0x6, 0xff, 0xff, 0xfe, 0x0, 0x0, 0x0,
    0xff, 0xfd, 0xaa, 0x90, 0x0, 0x0, 0x4f, 0xfc,
    0x0, 0x0, 0x0, 0x0, 0x7, 0xff, 0x70, 0x0,
    0x0, 0x3, 0xff, 0xff, 0xff, 0xff, 0xfe, 0x0,
    0x3f, 0xff, 0xff, 0xff, 0xff, 0xe0, 0x2, 0x99,
    0xff, 0xfb, 0x99, 0x98, 0x0, 0x0, 0xe, 0xff,
    0x0, 0x0, 0x0, 0x0, 0x0, 0xff, 0xe0, 0x0,
    0x0, 0x0, 0x0, 0x2f, 0xfc, 0x0, 0x0, 0x0,
    0x0, 0x4, 0xff, 0xb0, 0x0, 0x0, 0x0, 0x0,
    0x5f, 0xf9, 0x0, 0x0, 0x0, 0x0, 0x7, 0xff,
    0x70, 0x0, 0x0, 0x0, 0x0, 0x9f, 0xf5, 0x0,
    0x0, 0x0, 0x0, 0xa, 0xff, 0x30, 0x0, 0x0,
    0x0, 0x0, 0xcf, 0xf2, 0x0, 0x0, 0x0, 0x0,
    0x1f, 0xfe, 0x0, 0x0, 0x0, 0x4a, 0xbe, 0xff,
    0xa0, 0x0, 0x0, 0x6, 0xff, 0xff, 0xe1, 0x0,
    0x0, 0x0, 0x6f, 0xfe, 0xa2, 0x0, 0x0, 0x0,
    0x0,

    /* U+0193 "Ɠ" */
    0x0, 0x0, 0x0, 0x0, 0x0, 0x0, 0x0, 0x0,
    0x0, 0x13, 0x42, 0x0, 0x0, 0x0, 0x0, 0x0,
    0x0, 0x0, 0x0, 0x7, 0xff, 0xfe, 0x0, 0x0,
    0x0, 0x49, 0xce, 0xff, 0xeb, 0x82, 0x2f, 0xff,
    0xfb, 0x0, 0x0, 0x3c, 0xff, 0xff, 0xff, 0xff,
    0xff, 0xdf, 0xf7, 0x1, 0x0, 0x6, 0xff, 0xfe,
    0x96, 0x56, 0x8d, 0xff, 0xff, 0xf2, 0x0, 0x0,
    0x5f, 0xff, 0x60, 0x0, 0x0, 0x0, 0x6f, 0xff,
    0xf2, 0x0, 0x1, 0xff, 0xf3, 0x0, 0x0, 0x0,
    0x0, 0x7, 0xff, 0xf2, 0x0, 0x8, 0xff, 0x70,
    0x0, 0x0, 0x0, 0x0, 0x0, 0xef, 0xb1, 0x0,
    0xe, 0xfe, 0x0, 0x0, 0x0, 0x0, 0x0, 0x0,
    0x10, 0x0, 0x0, 0x3f, 0xfa, 0x0, 0x0, 0x0,
    0x0, 0x0, 0x0, 0x0, 0x0, 0x0, 0x6f, 0xf7,
    0x0, 0x0, 0x0, 0x0, 0x0, 0x0, 0x0, 0x0,
    0x0, 0x7f, 0xf5, 0x0, 0x0, 0x0, 0x6, 0x66,
    0x66, 0x66, 0x64, 0x0, 0x7f, 0xf6, 0x0, 0x0,
    0x0, 0x1f, 0xff, 0xff, 0xff, 0xfb, 0x0, 0x6f,
    0xf7, 0x0, 0x0, 0x0, 0x1f, 0xff, 0xff, 0xff,
    0xfb, 0x0, 0x3f, 0xfa, 0x0, 0x0, 0x0, 0x0,
    0x0, 0x0, 0xf, 0xfb, 0x0, 0xf, 0xff, 0x0,
    0x0, 0x0, 0x0, 0x0, 0x0, 0xf, 0xfb, 0x0,
    0x9, 0xff, 0x80, 0x0, 0x0, 0x0, 0x0, 0x0,
    0xf, 0xfb, 0x0, 0x1, 0xff, 0xf5, 0x0, 0x0,
    0x0, 0x0, 0x0, 0x1f, 0xfb, 0x0, 0x0, 0x4f,
    0xff, 0x91, 0x0, 0x0, 0x0, 0x18, 0xff, 0xfb,
    0x0, 0x0, 0x5, 0xff, 0xff, 0xc9, 0x77, 0x8c,
    0xff, 0xff, 0xa1, 0x0, 0x0, 0x0, 0x2b, 0xff,
    0xff, 0xff, 0xff, 0xff, 0xc5, 0x0, 0x0, 0x0,
    0x0, 0x0, 0x27, 0xbe, 0xff, 0xec, 0x83, 0x0,
    0x0, 0x0,

    /* U+0194 "Ɣ" */
    0xcf, 0xf2, 0x0, 0x0, 0x0, 0x0, 0x0, 0x4,
    0xff, 0x95, 0xff, 0x90, 0x0, 0x0, 0x0, 0x0,
    0x0, 0xbf, 0xf2, 0xd, 0xff, 0x10, 0x0, 0x0,
    0x0, 0x0, 0x2f, 0xfb, 0x0, 0x6f, 0xf8, 0x0,
    0x0, 0x0, 0x0, 0x9, 0xff, 0x40, 0x0, 0xef,
    0xe0, 0x0, 0x0, 0x0, 0x1, 0xff, 0xc0, 0x0,
    0x8, 0xff, 0x60, 0x0, 0x0, 0x0, 0x8f, 0xf5,
    0x0, 0x0, 0x1f, 0xfd, 0x0, 0x0, 0x0, 0xe,
    0xfe, 0x0, 0x0, 0x0, 0xaf, 0xf4, 0x0, 0x0,
    0x6, 0xff, 0x70, 0x0, 0x0, 0x2, 0xff, 0xb0,
    0x0, 0x0, 0xdf, 0xf1, 0x0, 0x0, 0x0, 0xb,
    0xff, 0x20, 0x0, 0x4f, 0xf9, 0x0, 0x0, 0x0,
    0x0, 0x4f, 0xf9, 0x0, 0xb, 0xff, 0x20, 0x0,
    0x0, 0x0, 0x0, 0xdf, 0xf1, 0x2, 0xff, 0xa0,
    0x0, 0x0, 0x0, 0x0, 0x6, 0xff, 0x70, 0x9f,
    0xf3, 0x0, 0x0, 0x0, 0x0, 0x0, 0xe, 0xfe,
    0x1f, 0xfc, 0x0, 0x0, 0x0, 0x0, 0x0, 0x0,
    0x7f, 0xfc, 0xff, 0x50, 0x0, 0x0, 0x0, 0x0,
    0x0, 0x1, 0xff, 0xff, 0xe0, 0x0, 0x0, 0x0,
    0x0, 0x0, 0x0, 0x9, 0xff, 0xf7, 0x0, 0x0,
    0x0, 0x0, 0x0, 0x0, 0x0, 0x2f, 0xff, 0x0,
    0x0, 0x0, 0x0, 0x0, 0x0, 0x0, 0x3, 0xff,
    0xf2, 0x0, 0x0, 0x0, 0x0, 0x0, 0x0, 0x0,
    0xaf, 0xff, 0x90, 0x0, 0x0, 0x0, 0x0, 0x0,
    0x0, 0x1f, 0xff, 0xff, 0x0, 0x0, 0x0, 0x0,
    0x0, 0x0, 0x6, 0xff, 0x9f, 0xf5, 0x0, 0x0,
    0x0, 0x0, 0x0, 0x0, 0xaf, 0xd0, 0xef, 0x90,
    0x0, 0x0, 0x0, 0x0, 0x0, 0xa, 0xfb, 0xd,
    0xf8, 0x0, 0x0, 0x0, 0x0, 0x0, 0x0, 0x5f,
    0xff, 0xff, 0x40, 0x0, 0x0, 0x0, 0x0, 0x0,
    0x0, 0x6d, 0xfd, 0x60, 0x0, 0x0, 0x0,

    /* U+0195 "ƕ" */
    0x1f, 0xf7, 0x0, 0x0, 0x0, 0x0, 0x0, 0x0,
    0x0, 0x0, 0x0, 0x1f, 0xf7, 0x0, 0x0, 0x0,
    0x0, 0x0, 0x0, 0x0, 0x0, 0x0, 0x1f, 0xf7,
    0x0, 0x0, 0x0, 0x0, 0x0, 0x0, 0x0, 0x0,
    0x0, 0x1f, 0xf7, 0x0, 0x0, 0x0, 0x0, 0x0,
    0x0, 0x0, 0x0, 0x0, 0x1f, 0xf7, 0x0, 0x0,
    0x0, 0x0, 0x0, 0x0, 0x0, 0x0, 0x0, 0x1f,
    0xf7, 0x19, 0xef, 0xea, 0x40, 0x0, 0x0, 0x1f,
    0xf7, 0x0, 0x1f, 0xf9, 0xef, 0xff, 0xff, 0xf7,
    0x0, 0x0, 0x9, 0xfe, 0x0, 0x1f, 0xff, 0xf8,
    0x33, 0x8f, 0xff, 0x20, 0x0, 0x3, 0xff, 0x60,
    0x1f, 0xff, 0x70, 0x0, 0x7, 0xff, 0x60, 0x0,
    0x0, 0xdf, 0xc0, 0x1f, 0xfe, 0x0, 0x0, 0x1,
    0xff, 0x80, 0x0, 0x0, 0x8f, 0xf0, 0x1f, 0xfa,
    0x0, 0x0, 0x0, 0xff, 0xa0, 0x0, 0x0, 0x5f,
    0xf4, 0x1f, 0xf8, 0x0, 0x0, 0x0, 0xef, 0xa0,
    0x0, 0x0, 0x3f, 0xf6, 0x1f, 0xf7, 0x0, 0x0,
    0x0, 0xef, 0xa0, 0x0, 0x0, 0x2f, 0xf7, 0x1f,
    0xf7, 0x0, 0x0, 0x0, 0xef, 0xa0, 0x0, 0x0,
    0x3f, 0xf6, 0x1f, 0xf7, 0x0, 0x0, 0x0, 0xef,
    0xa0, 0x0, 0x0, 0x4f, 0xf5, 0x1f, 0xf7, 0x0,
    0x0, 0x0, 0xdf, 0xc0, 0x0, 0x0, 0x9f, 0xf1,
    0x1f, 0xf7, 0x0, 0x0, 0x0, 0xaf, 0xf1, 0x0,
    0x1, 0xff, 0xc0, 0x1f, 0xf7, 0x0, 0x0, 0x0,
    0x4f, 0xfc, 0x30, 0x2c, 0xff, 0x30, 0x1f, 0xf7,
    0x0, 0x0, 0x0, 0x8, 0xff, 0xff, 0xff, 0xf7,
    0x0, 0x1f, 0xf7, 0x0, 0x0, 0x0, 0x0, 0x4b,
    0xef, 0xeb, 0x40, 0x0,

    /* U+0196 "Ɩ" */
    0x1f, 0xf7, 0x0, 0x1, 0xff, 0x70, 0x0, 0x1f,
    0xf7, 0x0, 0x1, 0xff, 0x70, 0x0, 0x1f, 0xf7,
    0x0, 0x1, 0xff, 0x70, 0x0, 0x1f, 0xf7, 0x0,
    0x1, 0xff, 0x70, 0x0, 0x1f, 0xf7, 0x0, 0x1,
    0xff, 0x70, 0x0, 0x1f, 0xf7, 0x0, 0x1, 0xff,
    0x70, 0x0, 0x1f, 0xf7, 0x0, 0x1, 0xff, 0x70,
    0x0, 0x1f, 0xf7, 0x0, 0x0, 0xff, 0x70, 0x0,
    0xf, 0xf8, 0x0, 0x0, 0xff, 0xe6, 0x50, 0xa,
    0xff, 0xfe, 0x0, 0x19, 0xef, 0xe0,

    /* U+0197 "Ɨ" */
    0x0, 0xb, 0xff, 0x10, 0x0, 0x0, 0xb, 0xff,
    0x10, 0x0, 0x0, 0xb, 0xff, 0x10, 0x0, 0x0,
    0xb, 0xff, 0x10, 0x0, 0x0, 0xb, 0xff, 0x10,
    0x0, 0x0, 0xb, 0xff, 0x10, 0x0, 0x0, 0xb,
    0xff, 0x10, 0x0, 0x0, 0xb, 0xff, 0x10, 0x0,
    0xee, 0xef, 0xff, 0xee, 0xe4, 0xff, 0xff, 0xff,
    0xff, 0xf5, 0x0, 0xb, 0xff, 0x10, 0x0, 0x0,
    0xb, 0xff, 0x10, 0x0, 0x0, 0xb, 0xff, 0x10,
    0x0, 0x0, 0xb, 0xff, 0x10, 0x0, 0x0, 0xb,
    0xff, 0x10, 0x0, 0x0, 0xb, 0xff, 0x10, 0x0,
    0x0, 0xb, 0xff, 0x10, 0x0, 0x0, 0xb, 0xff,
    0x10, 0x0, 0x0, 0xb, 0xff, 0x10, 0x0, 0x0,
    0xb, 0xff, 0x10, 0x0,

    /* U+0198 "Ƙ" */
    0xef, 0xe0, 0x0, 0x0, 0x0, 0x0, 0x8e, 0xfd,
    0x60, 0xe, 0xfe, 0x0, 0x0, 0x0, 0x2, 0xdf,
    0xff, 0xff, 0x50, 0xef, 0xe0, 0x0, 0x0, 0x2,
    0xef, 0xfa, 0x7e, 0xfd, 0xe, 0xfe, 0x0, 0x0,
    0x1, 0xef, 0xf4, 0x0, 0x6b, 0xb0, 0xef, 0xe0,
    0x0, 0x1, 0xdf, 0xf4, 0x0, 0x0, 0x0, 0xe,
    0xfe, 0x0, 0x1, 0xdf, 0xf4, 0x0, 0x0, 0x0,
    0x0, 0xef, 0xe0, 0x0, 0xcf, 0xf5, 0x0, 0x0,
    0x0, 0x0, 0xe, 0xfe, 0x0, 0xcf, 0xf6, 0x0,
    0x0, 0x0, 0x0, 0x0, 0xef, 0xe0, 0xbf, 0xff,
    0x80, 0x0, 0x0, 0x0, 0x0, 0xe, 0xfe, 0xbf,
    0xff, 0xff, 0x50, 0x0, 0x0, 0x0, 0x0, 0xef,
    0xff, 0xf8, 0x4f, 0xfe, 0x20, 0x0, 0x0, 0x0,
    0xe, 0xff, 0xf8, 0x0, 0x8f, 0xfc, 0x0, 0x0,
    0x0, 0x0, 0xef, 0xf9, 0x0, 0x0, 0xcf, 0xf9,
    0x0, 0x0, 0x0, 0xe, 0xfe, 0x0, 0x0, 0x2,
    0xff, 0xf5, 0x0, 0x0, 0x0, 0xef, 0xe0, 0x0,
    0x0, 0x5, 0xff, 0xf2, 0x0, 0x0, 0xe, 0xfe,
    0x0, 0x0, 0x0, 0xa, 0xff, 0xd0, 0x0, 0x0,
    0xef, 0xe0, 0x0, 0x0, 0x0, 0xd, 0xff, 0x90,
    0x0, 0xe, 0xfe, 0x0, 0x0, 0x0, 0x0, 0x3f,
    0xff, 0x60, 0x0, 0xef, 0xe0, 0x0, 0x0, 0x0,
    0x0, 0x7f, 0xff, 0x20, 0xe, 0xfe, 0x0, 0x0,
    0x0, 0x0, 0x0, 0xbf, 0xfd, 0x0,

    /* U+0199 "ƙ" */
    0x0, 0x8d, 0xfe, 0x30, 0x0, 0x0, 0x0, 0x9,
    0xff, 0xff, 0x20, 0x0, 0x0, 0x0, 0xf, 0xfc,
    0x11, 0x0, 0x0, 0x0, 0x0, 0x1f, 0xf7, 0x0,
    0x0, 0x0, 0x0, 0x0, 0x1f, 0xf7, 0x0, 0x0,
    0x0, 0x0, 0x0, 0x1f, 0xf7, 0x0, 0x0, 0x1e,
    0xff, 0x50, 0x1f, 0xf7, 0x0, 0x1, 0xdf, 0xf4,
    0x0, 0x1f, 0xf7, 0x0, 0x1d, 0xff, 0x40, 0x0,
    0x1f, 0xf7, 0x1, 0xdf, 0xf3, 0x0, 0x0, 0x1f,
    0xf7, 0x1d, 0xff, 0x30, 0x0, 0x0, 0x1f, 0xf9,
    0xdf, 0xf4, 0x0, 0x0, 0x0, 0x1f, 0xff, 0xff,
    0xfb, 0x0, 0x0, 0x0, 0x1f, 0xff, 0xeb, 0xff,
    0x50, 0x0, 0x0, 0x1f, 0xfe, 0x21, 0xef, 0xe1,
    0x0, 0x0, 0x1f, 0xf7, 0x0, 0x5f, 0xfb, 0x0,
    0x0, 0x1f, 0xf7, 0x0, 0xa, 0xff, 0x50, 0x0,
    0x1f, 0xf7, 0x0, 0x1, 0xef, 0xe1, 0x0, 0x1f,
    0xf7, 0x0, 0x0, 0x6f, 0xfb, 0x0, 0x1f, 0xf7,
    0x0, 0x0, 0xb, 0xff, 0x60, 0x1f, 0xf7, 0x0,
    0x0, 0x1, 0xff, 0xf1,

    /* U+019A "ƚ" */
    0x0, 0x9, 0xff, 0x0, 0x0, 0x0, 0x9, 0xff,
    0x0, 0x0, 0x0, 0x9, 0xff, 0x0, 0x0, 0x0,
    0x9, 0xff, 0x0, 0x0, 0x0, 0x9, 0xff, 0x0,
    0x0, 0x0, 0x9, 0xff, 0x0, 0x0, 0x0, 0x9,
    0xff, 0x0, 0x0, 0x0, 0x9, 0xff, 0x0, 0x0,
    0xff, 0xff, 0xff, 0xff, 0xf5, 0xee, 0xef, 0xff,
    0xee, 0xe4, 0x0, 0x9, 0xff, 0x0, 0x0, 0x0,
    0x9, 0xff, 0x0, 0x0, 0x0, 0x9, 0xff, 0x0,
    0x0, 0x0, 0x9, 0xff, 0x0, 0x0, 0x0, 0x9,
    0xff, 0x0, 0x0, 0x0, 0x9, 0xff, 0x0, 0x0,
    0x0, 0x9, 0xff, 0x0, 0x0, 0x0, 0x7, 0xff,
    0x95, 0x10, 0x0, 0x3, 0xff, 0xff, 0x50, 0x0,
    0x0, 0x5d, 0xff, 0x60,

    /* U+019B "ƛ" */
    0x0, 0x1, 0xff, 0x90, 0x4, 0x0, 0x0, 0x0,
    0x0, 0xb, 0xff, 0xaf, 0xf2, 0x0, 0x0, 0x0,
    0x4, 0xbf, 0xff, 0xfb, 0x30, 0x0, 0x0, 0xe,
    0xff, 0xff, 0xd1, 0x0, 0x0, 0x0, 0x0, 0xbc,
    0x79, 0xff, 0x20, 0x0, 0x0, 0x0, 0x0, 0x0,
    0x2f, 0xf8, 0x0, 0x0, 0x0, 0x0, 0x0, 0x5,
    0xff, 0xe0, 0x0, 0x0, 0x0, 0x0, 0x0, 0xbf,
    0xff, 0x40, 0x0, 0x0, 0x0, 0x0, 0x1f, 0xff,
    0xfb, 0x0, 0x0, 0x0, 0x0, 0x8, 0xff, 0xbf,
    0xf1, 0x0, 0x0, 0x0, 0x0, 0xef, 0xc3, 0xff,
    0x70, 0x0, 0x0, 0x0, 0x4f, 0xf6, 0xd, 0xfd,
    0x0, 0x0, 0x0, 0xa, 0xff, 0x0, 0x7f, 0xf3,
    0x0, 0x0, 0x1, 0xff, 0x90, 0x1, 0xff, 0xa0,
    0x0, 0x0, 0x7f, 0xf3, 0x0, 0xa, 0xff, 0x0,
    0x0, 0xd, 0xfd, 0x0, 0x0, 0x4f, 0xf6, 0x0,
    0x4, 0xff, 0x70, 0x0, 0x0, 0xef, 0xc0, 0x0,
    0xaf, 0xf1, 0x0, 0x0, 0x8, 0xff, 0x20, 0x1f,
    0xfa, 0x0, 0x0, 0x0, 0x2f, 0xf8, 0x6, 0xff,
    0x40, 0x0, 0x0, 0x0, 0xbf, 0xe0,

    /* U+019C "Ɯ" */
    0x1f, 0xf7, 0x0, 0x0, 0x3, 0xff, 0x60, 0x0,
    0x0, 0x4f, 0xf4, 0x1f, 0xf7, 0x0, 0x0, 0x3,
    0xff, 0x60, 0x0, 0x0, 0x4f, 0xf4, 0x1f, 0xf7,
    0x0, 0x0, 0x3, 0xff, 0x60, 0x0, 0x0, 0x4f,
    0xf4, 0x1f, 0xf7, 0x0, 0x0, 0x3, 0xff, 0x60,
    0x0, 0x0, 0x4f, 0xf4, 0x1f, 0xf7, 0x0, 0x0,
    0x3, 0xff, 0x60, 0x0, 0x0, 0x4f, 0xf4, 0x1f,
    0xf7, 0x0, 0x0, 0x3, 0xff, 0x60, 0x0, 0x0,
    0x4f, 0xf4, 0x1f, 0xf7, 0x0, 0x0, 0x3, 0xff,
    0x60, 0x0, 0x0, 0x4f, 0xf4, 0x1f, 0xf7, 0x0,
    0x0, 0x3, 0xff, 0x60, 0x0, 0x0, 0x4f, 0xf4,
    0x1f, 0xf7, 0x0, 0x0, 0x3, 0xff, 0x60, 0x0,
    0x0, 0x4f, 0xf4, 0x1f, 0xf7, 0x0, 0x0, 0x3,
    0xff, 0x60, 0x0, 0x0, 0x4f, 0xf4, 0x1f, 0xf7,
    0x0, 0x0, 0x3, 0xff, 0x60, 0x0, 0x0, 0x4f,
    0xf4, 0x1f, 0xf7, 0x0, 0x0, 0x3, 0xff, 0x60,
    0x0, 0x0, 0x4f, 0xf4, 0x1f, 0xf7, 0x0, 0x0,
    0x3, 0xff, 0x60, 0x0, 0x0, 0x4f, 0xf4, 0x1f,
    0xf7, 0x0, 0x0, 0x3, 0xff, 0x60, 0x0, 0x0,
    0x4f, 0xf4, 0x1f, 0xf7, 0x0, 0x0, 0x4, 0xff,
    0x60, 0x0, 0x0, 0x6f, 0xf4, 0x1f, 0xf8, 0x0,
    0x0, 0x7, 0xff, 0x60, 0x0, 0x0, 0x9f, 0xf4,
    0xf, 0xfc, 0x0, 0x0, 0x1e, 0xff, 0xa0, 0x0,
    0x2, 0xff, 0xf4, 0xb, 0xff, 0xa4, 0x37, 0xef,
    0xdf, 0xf8, 0x33, 0x7e, 0xef, 0xf4, 0x3, 0xff,
    0xff, 0xff, 0xf4, 0x3f, 0xff, 0xff, 0xff, 0x3f,
    0xf4, 0x0, 0x2a, 0xef, 0xea, 0x20, 0x2, 0xae,
    0xfe, 0x92, 0xf, 0xf4,

    /* U+019D "Ɲ" */
    0x0, 0xb, 0xff, 0x60, 0x0, 0x0, 0x0, 0x0,
    0xf, 0xfa, 0x0, 0xb, 0xff, 0xf2, 0x0, 0x0,
    0x0, 0x0, 0xf, 0xfa, 0x0, 0xb, 0xff, 0xfc,
    0x0, 0x0, 0x0, 0x0, 0xf, 0xfa, 0x0, 0xb,
    0xff, 0xff, 0x80, 0x0, 0x0, 0x0, 0xf, 0xfa,
    0x0, 0xb, 0xfe, 0xdf, 0xf3, 0x0, 0x0, 0x0,
    0xf, 0xfa, 0x0, 0xb, 0xfe, 0x3f, 0xfd, 0x0,
    0x0, 0x0, 0xf, 0xfa, 0x0, 0xb, 0xfe, 0x8,
    0xff, 0x90, 0x0, 0x0, 0xf, 0xfa, 0x0, 0xb,
    0xfe, 0x0, 0xdf, 0xf4, 0x0, 0x0, 0xf, 0xfa,
    0x0, 0xb, 0xfe, 0x0, 0x2f, 0xfe, 0x10, 0x0,
    0xf, 0xfa, 0x0, 0xb, 0xfe, 0x0, 0x7, 0xff,
    0xa0, 0x0, 0xf, 0xfa, 0x0, 0xb, 0xfe, 0x0,
    0x0, 0xcf, 0xf5, 0x0, 0xf, 0xfa, 0x0, 0xb,
    0xfe, 0x0, 0x0, 0x2f, 0xfe, 0x10, 0xf, 0xfa,
    0x0, 0xb, 0xfe, 0x0, 0x0, 0x6, 0xff, 0xb0,
    0xf, 0xfa, 0x0, 0xb, 0xfe, 0x0, 0x0, 0x0,
    0xbf, 0xf6, 0xf, 0xfa, 0x0, 0xb, 0xfe, 0x0,
    0x0, 0x0, 0x1e, 0xff, 0x2f, 0xfa, 0x0, 0xb,
    0xfe, 0x0, 0x0, 0x0, 0x5, 0xff, 0xcf, 0xfa,
    0x0, 0xb, 0xfe, 0x0, 0x0, 0x0, 0x0, 0x9f,
    0xff, 0xfa, 0x0, 0xb, 0xfe, 0x0, 0x0, 0x0,
    0x0, 0xe, 0xff, 0xfa, 0x0, 0xb, 0xfe, 0x0,
    0x0, 0x0, 0x0, 0x3, 0xff, 0xfa, 0x0, 0xb,
    0xfe, 0x0, 0x0, 0x0, 0x0, 0x0, 0x8f, 0xfa,
    0x0, 0xb, 0xfe, 0x0, 0x0, 0x0, 0x0, 0x0,
    0x0, 0x0, 0x0, 0x1e, 0xfd, 0x0, 0x0, 0x0,
    0x0, 0x0, 0x0, 0x0, 0x5f, 0xff, 0xf9, 0x0,
    0x0, 0x0, 0x0, 0x0, 0x0, 0x0, 0x8f, 0xff,
    0xc1, 0x0, 0x0, 0x0, 0x0, 0x0, 0x0, 0x0,
    0x14, 0x42, 0x0, 0x0, 0x0, 0x0, 0x0, 0x0,
    0x0, 0x0,

    /* U+019E "ƞ" */
    0xf, 0xf4, 0x7, 0xcf, 0xfd, 0x81, 0x0, 0xf,
    0xf5, 0xcf, 0xff, 0xff, 0xfe, 0x10, 0xf, 0xfe,
    0xfa, 0x42, 0x4c, 0xff, 0xb0, 0xf, 0xff, 0x60,
    0x0, 0x0, 0xdf, 0xf0, 0xf, 0xfd, 0x0, 0x0,
    0x0, 0x8f, 0xf2, 0xf, 0xfa, 0x0, 0x0, 0x0,
    0x6f, 0xf3, 0xf, 0xf8, 0x0, 0x0, 0x0, 0x5f,
    0xf3, 0xf, 0xf8, 0x0, 0x0, 0x0, 0x5f, 0xf3,
    0xf, 0xf8, 0x0, 0x0, 0x0, 0x5f, 0xf3, 0xf,
    0xf8, 0x0, 0x0, 0x0, 0x5f, 0xf3, 0xf, 0xf8,
    0x0, 0x0, 0x0, 0x5f, 0xf3, 0xf, 0xf8, 0x0,
    0x0, 0x0, 0x5f, 0xf3, 0xf, 0xf8, 0x0, 0x0,
    0x0, 0x5f, 0xf3, 0xf, 0xf8, 0x0, 0x0, 0x0,
    0x5f, 0xf3, 0xf, 0xf8, 0x0, 0x0, 0x0, 0x5f,
    0xf3, 0x0, 0x0, 0x0, 0x0, 0x0, 0x5f, 0xf3,
    0x0, 0x0, 0x0, 0x0, 0x0, 0x5f, 0xf3, 0x0,
    0x0, 0x0, 0x0, 0x0, 0x5f, 0xf3, 0x0, 0x0,
    0x0, 0x0, 0x0, 0x5f, 0xf3, 0x0, 0x0, 0x0,
    0x0, 0x0, 0x5f, 0xf3, 0x0, 0x0, 0x0, 0x0,
    0x0, 0x5f, 0xf3,

    /* U+019F "Ɵ" */
    0x0, 0x0, 0x0, 0x5a, 0xde, 0xfe, 0xc8, 0x20,
    0x0, 0x0, 0x0, 0x0, 0x5, 0xef, 0xff, 0xff,
    0xff, 0xff, 0xa1, 0x0, 0x0, 0x0, 0x8, 0xff,
    0xfc, 0x85, 0x56, 0x9f, 0xff, 0xe3, 0x0, 0x0,
    0x7, 0xff, 0xe4, 0x0, 0x0, 0x0, 0x9, 0xff,
    0xe1, 0x0, 0x3, 0xff, 0xd1, 0x0, 0x0, 0x0,
    0x0, 0x7, 0xff, 0xc0, 0x0, 0xbf, 0xf4, 0x0,
    0x0, 0x0, 0x0, 0x0, 0xb, 0xff, 0x40, 0x1f,
    0xfc, 0x0, 0x0, 0x0, 0x0, 0x0, 0x0, 0x3f,
    0xfa, 0x5, 0xff, 0x80, 0x0, 0x0, 0x0, 0x0,
    0x0, 0x0, 0xef, 0xe0, 0x8f, 0xf5, 0x0, 0x0,
    0x0, 0x0, 0x0, 0x0, 0xb, 0xff, 0x19, 0xff,
    0xff, 0xff, 0xff, 0xff, 0xff, 0xff, 0xff, 0xff,
    0xf2, 0x9f, 0xff, 0xff, 0xff, 0xff, 0xff, 0xff,
    0xff, 0xff, 0xff, 0x28, 0xff, 0x40, 0x0, 0x0,
    0x0, 0x0, 0x0, 0x0, 0xbf, 0xf1, 0x6f, 0xf7,
    0x0, 0x0, 0x0, 0x0, 0x0, 0x0, 0xe, 0xff,
    0x1, 0xff, 0xd0, 0x0, 0x0, 0x0, 0x0, 0x0,
    0x3, 0xff, 0xa0, 0xb, 0xff, 0x50, 0x0, 0x0,
    0x0, 0x0, 0x0, 0xbf, 0xf4, 0x0, 0x3f, 0xfe,
    0x20, 0x0, 0x0, 0x0, 0x0, 0x7f, 0xfc, 0x0,
    0x0, 0x7f, 0xfe, 0x50, 0x0, 0x0, 0x0, 0x9f,
    0xfe, 0x20, 0x0, 0x0, 0x8f, 0xff, 0xd8, 0x55,
    0x69, 0xff, 0xfe, 0x30, 0x0, 0x0, 0x0, 0x5d,
    0xff, 0xff, 0xff, 0xff, 0xfa, 0x10, 0x0, 0x0,
    0x0, 0x0, 0x5, 0xad, 0xef, 0xec, 0x83, 0x0,
    0x0, 0x0,

    /* U+01A0 "Ơ" */
    0x0, 0x0, 0x0, 0x0, 0x0, 0x0, 0x0, 0x4,
    0x87, 0x0, 0x0, 0x0, 0x0, 0x0, 0x0, 0x0,
    0x0, 0x6, 0xff, 0x20, 0x0, 0x0, 0x0, 0x0,
    0x0, 0x0, 0x0, 0x4, 0xff, 0x40, 0x0, 0x0,
    0x0, 0x0, 0x0, 0x0, 0x0, 0x3, 0xff, 0x40,
    0x0, 0x0, 0x0, 0x0, 0x0, 0x0, 0x0, 0x9,
    0xff, 0x20, 0x0, 0x0, 0x1, 0x7c, 0xef, 0xfe,
    0xef, 0xff, 0xf9, 0x0, 0x0, 0x0, 0x8f, 0xff,
    0xff, 0xff, 0xff, 0xfe, 0x30, 0x0, 0x0, 0xc,
    0xff, 0xff, 0xff, 0xff, 0xff, 0xff, 0x90, 0x0,
    0x0, 0xbf, 0xff, 0xd5, 0x10, 0x1, 0x7e, 0xff,
    0xf7, 0x0, 0x5, 0xff, 0xfa, 0x0, 0x0, 0x0,
    0x1, 0xcf, 0xff, 0x20, 0xc, 0xff, 0xd0, 0x0,
    0x0, 0x0, 0x0, 0x1f, 0xff, 0x90, 0x2f, 0xff,
    0x40, 0x0, 0x0, 0x0, 0x0, 0x8, 0xff, 0xe0,
    0x6f, 0xff, 0x0, 0x0, 0x0, 0x0, 0x0, 0x2,
    0xff, 0xf3, 0x9f, 0xfb, 0x0, 0x0, 0x0, 0x0,
    0x0, 0x0, 0xef, 0xf5, 0xaf, 0xf9, 0x0, 0x0,
    0x0, 0x0, 0x0, 0x0, 0xdf, 0xf7, 0xbf, 0xf8,
    0x0, 0x0, 0x0, 0x0, 0x0, 0x0, 0xcf, 0xf7,
    0xaf, 0xf9, 0x0, 0x0, 0x0, 0x0, 0x0, 0x0,
    0xdf, 0xf7, 0x9f, 0xfb, 0x0, 0x0, 0x0, 0x0,
    0x0, 0x0, 0xef, 0xf5, 0x6f, 0xfe, 0x0, 0x0,
    0x0, 0x0, 0x0, 0x2, 0xff, 0xf3, 0x2f, 0xff,
    0x40, 0x0, 0x0, 0x0, 0x0, 0x7, 0xff, 0xf0,
    0xd, 0xff, 0xd0, 0x0, 0x0, 0x0, 0x0, 0x1f,
    0xff, 0x90, 0x5, 0xff, 0xfa, 0x0, 0x0, 0x0,
    0x1, 0xcf, 0xff, 0x20, 0x0, 0xbf, 0xff, 0xd5,
    0x10, 0x1, 0x7e, 0xff, 0xf8, 0x0, 0x0, 0x1c,
    0xff, 0xff, 0xff, 0xff, 0xff, 0xff, 0xa0, 0x0,
    0x0, 0x0, 0x9f, 0xff, 0xff, 0xff, 0xff, 0xf7,
    0x0, 0x0, 0x0, 0x0, 0x2, 0x8c, 0xef, 0xfe,
    0xb6, 0x10, 0x0, 0x0,

    /* U+01A1 "ơ" */
    0x0, 0x0, 0x0, 0x0, 0x0, 0x0, 0xdf, 0xb0,
    0x0, 0x0, 0x0, 0x0, 0x0, 0xa, 0xfe, 0x0,
    0x0, 0x0, 0x0, 0x0, 0x0, 0x9f, 0xf0, 0x0,
    0x0, 0x0, 0x0, 0x0, 0x1d, 0xfd, 0x0, 0x0,
    0x5b, 0xdf, 0xef, 0xff, 0xff, 0x40, 0x2, 0xdf,
    0xff, 0xff, 0xff, 0xf9, 0x10, 0x1, 0xef, 0xff,
    0xdb, 0xdf, 0xff, 0xe1, 0x0, 0xbf, 0xfe, 0x30,
    0x0, 0x3e, 0xff, 0xb0, 0x2f, 0xff, 0x40, 0x0,
    0x0, 0x3f, 0xff, 0x27, 0xff, 0xc0, 0x0, 0x0,
    0x0, 0xbf, 0xf8, 0xaf, 0xf8, 0x0, 0x0, 0x0,
    0x7, 0xff, 0xab, 0xff, 0x60, 0x0, 0x0, 0x0,
    0x6f, 0xfc, 0xbf, 0xf6, 0x0, 0x0, 0x0, 0x6,
    0xff, 0xca, 0xff, 0x80, 0x0, 0x0, 0x0, 0x7f,
    0xfa, 0x7f, 0xfc, 0x0, 0x0, 0x0, 0xb, 0xff,
    0x82, 0xff, 0xf4, 0x0, 0x0, 0x3, 0xff, 0xf2,
    0xb, 0xff, 0xe4, 0x0, 0x3, 0xef, 0xfb, 0x0,
    0x1e, 0xff, 0xfd, 0xbd, 0xff, 0xff, 0x10, 0x0,
    0x2d, 0xff, 0xff, 0xff, 0xfd, 0x20, 0x0, 0x0,
    0x5, 0xbe, 0xfe, 0xb6, 0x0, 0x0,

    /* U+01A2 "Ƣ" */
    0x0, 0x0, 0x0, 0x5a, 0xde, 0xfe, 0xc8, 0x20,
    0x3, 0xae, 0xff, 0xc7, 0x0, 0x0, 0x0, 0x5,
    0xef, 0xff, 0xff, 0xff, 0xff, 0xa6, 0xff, 0xff,
    0xff, 0xfd, 0x10, 0x0, 0x8, 0xff, 0xfe, 0xa7,
    0x78, 0xbf, 0xff, 0xff, 0xf9, 0x68, 0xdf, 0xfb,
    0x0, 0x7, 0xff, 0xf6, 0x0, 0x0, 0x0, 0x2b,
    0xff, 0xf5, 0x0, 0x0, 0xcf, 0xf2, 0x3, 0xff,
    0xf3, 0x0, 0x0, 0x0, 0x0, 0x9, 0xff, 0xb0,
    0x0, 0x6, 0xff, 0x50, 0xbf, 0xf5, 0x0, 0x0,
    0x0, 0x0, 0x0, 0xd, 0xff, 0x40, 0x0, 0x3f,
    0xf7, 0x1f, 0xfd, 0x0, 0x0, 0x0, 0x0, 0x0,
    0x0, 0x5f, 0xfa, 0x0, 0x3, 0xff, 0x85, 0xff,
    0x80, 0x0, 0x0, 0x0, 0x0, 0x0, 0x0, 0xff,
    0xe0, 0x0, 0x3f, 0xf9, 0x8f, 0xf5, 0x0, 0x0,
    0x0, 0x0, 0x0, 0x0, 0xc, 0xff, 0x10, 0x3,
    0xff, 0x99, 0xff, 0x40, 0x0, 0x0, 0x0, 0x0,
    0x0, 0x0, 0xaf, 0xf2, 0x0, 0x3f, 0xf9, 0x9f,
    0xf3, 0x0, 0x0, 0x0, 0x0, 0x0, 0x0, 0xa,
    0xff, 0x20, 0x3, 0xff, 0x98, 0xff, 0x40, 0x0,
    0x0, 0x0, 0x0, 0x0, 0x0, 0xbf, 0xf1, 0x0,
    0x3f, 0xf9, 0x6f, 0xf7, 0x0, 0x0, 0x0, 0x0,
    0x0, 0x0, 0xe, 0xff, 0x0, 0x3, 0xff, 0x91,
    0xff, 0xc0, 0x0, 0x0, 0x0, 0x0, 0x0, 0x3,
    0xff, 0xb0, 0x0, 0x3f, 0xf9, 0xb, 0xff, 0x40,
    0x0, 0x0, 0x0, 0x0, 0x0, 0xbf, 0xf5, 0x0,
    0x3, 0xff, 0x90, 0x3f, 0xfe, 0x20, 0x0, 0x0,
    0x0, 0x0, 0x7f, 0xfc, 0x0, 0x0, 0x3f, 0xf9,
    0x0, 0x7f, 0xfe, 0x40, 0x0, 0x0, 0x0, 0x9f,
    0xfe, 0x20, 0x0, 0x3, 0xff, 0x90, 0x0, 0x8f,
    0xff, 0xc8, 0x55, 0x69, 0xef, 0xfe, 0x30, 0x0,
    0x0, 0x3f, 0xf9, 0x0, 0x0, 0x5d, 0xff, 0xff,
    0xff, 0xff, 0xfb, 0x10, 0x0, 0x0, 0x3, 0xff,
    0x90, 0x0, 0x0, 0x5, 0xad, 0xef, 0xec, 0x83,
    0x0, 0x0, 0x0, 0x0, 0x3f, 0xf9,

    /* U+01A3 "ƣ" */
    0x0, 0x2, 0x9d, 0xff, 0xd9, 0x30, 0x8d, 0xff,
    0xc6, 0x0, 0x0, 0x7f, 0xff, 0xff, 0xff, 0xfe,
    0xff, 0xff, 0xff, 0xa0, 0x8, 0xff, 0xe6, 0x32,
    0x6d, 0xff, 0xf9, 0x34, 0xdf, 0xf4, 0x2f, 0xfd,
    0x10, 0x0, 0x0, 0xcf, 0xf4, 0x0, 0x2f, 0xf8,
    0x8f, 0xf3, 0x0, 0x0, 0x0, 0x2f, 0xfa, 0x0,
    0xe, 0xfb, 0xcf, 0xd0, 0x0, 0x0, 0x0, 0xb,
    0xfe, 0x0, 0xd, 0xfb, 0xef, 0xb0, 0x0, 0x0,
    0x0, 0x9, 0xff, 0x0, 0xd, 0xfb, 0xff, 0xa0,
    0x0, 0x0, 0x0, 0x8, 0xff, 0x10, 0xd, 0xfb,
    0xef, 0xa0, 0x0, 0x0, 0x0, 0x9, 0xff, 0x0,
    0xd, 0xfb, 0xcf, 0xd0, 0x0, 0x0, 0x0, 0xc,
    0xfe, 0x0, 0xd, 0xfb, 0x8f, 0xf3, 0x0, 0x0,
    0x0, 0x2f, 0xfa, 0x0, 0xd, 0xfb, 0x2f, 0xfc,
    0x0, 0x0, 0x0, 0xbf, 0xf4, 0x0, 0xd, 0xfb,
    0x8, 0xff, 0xd5, 0x11, 0x4c, 0xff, 0xa0, 0x0,
    0xd, 0xfb, 0x0, 0x7f, 0xff, 0xff, 0xff, 0xf9,
    0x0, 0x0, 0xd, 0xfb, 0x0, 0x2, 0x8d, 0xff,
    0xd9, 0x20, 0x0, 0x0, 0xd, 0xfb, 0x0, 0x0,
    0x0, 0x0, 0x0, 0x0, 0x0, 0x0, 0xd, 0xfb,
    0x0, 0x0, 0x0, 0x0, 0x0, 0x0, 0x0, 0x0,
    0xd, 0xfb, 0x0, 0x0, 0x0, 0x0, 0x0, 0x0,
    0x0, 0x0, 0xd, 0xfb, 0x0, 0x0, 0x0, 0x0,
    0x0, 0x0, 0x0, 0x0, 0xd, 0xfb, 0x0, 0x0,
    0x0, 0x0, 0x0, 0x0, 0x0, 0x0, 0xd, 0xfb,
    0x0, 0x0, 0x0, 0x0, 0x0, 0x0, 0x0, 0x0,
    0xd, 0xfb,

    /* U+01A4 "Ƥ" */
    0x8, 0xdf, 0xff, 0xff, 0xff, 0xff, 0xff, 0xeb,
    0x71, 0x0, 0x9, 0xff, 0xff, 0xff, 0xff, 0xff,
    0xff, 0xff, 0xff, 0xe3, 0x0, 0xef, 0xd7, 0xef,
    0xf6, 0x66, 0x66, 0x67, 0x9d, 0xff, 0xe1, 0xf,
    0xf6, 0xc, 0xff, 0x0, 0x0, 0x0, 0x0, 0xb,
    0xff, 0x80, 0xff, 0x60, 0xcf, 0xf0, 0x0, 0x0,
    0x0, 0x0, 0x2f, 0xfd, 0x3, 0x31, 0xc, 0xff,
    0x0, 0x0, 0x0, 0x0, 0x0, 0xdf, 0xf0, 0x0,
    0x0, 0xcf, 0xf0, 0x0, 0x0, 0x0, 0x0, 0xd,
    0xff, 0x0, 0x0, 0xc, 0xff, 0x0, 0x0, 0x0,
    0x0, 0x2, 0xff, 0xd0, 0x0, 0x0, 0xcf, 0xf0,
    0x0, 0x0, 0x0, 0x1, 0xcf, 0xf7, 0x0, 0x0,
    0xc, 0xff, 0x66, 0x66, 0x66, 0x7a, 0xff, 0xfd,
    0x0, 0x0, 0x0, 0xcf, 0xff, 0xff, 0xff, 0xff,
    0xff, 0xfc, 0x10, 0x0, 0x0, 0xc, 0xff, 0xff,
    0xff, 0xff, 0xed, 0xa4, 0x0, 0x0, 0x0, 0x0,
    0xcf, 0xf0, 0x0, 0x0, 0x0, 0x0, 0x0, 0x0,
    0x0, 0x0, 0xc, 0xff, 0x0, 0x0, 0x0, 0x0,
    0x0, 0x0, 0x0, 0x0, 0x0, 0xcf, 0xf0, 0x0,
    0x0, 0x0, 0x0, 0x0, 0x0, 0x0, 0x0, 0xc,
    0xff, 0x0, 0x0, 0x0, 0x0, 0x0, 0x0, 0x0,
    0x0, 0x0, 0xcf, 0xf0, 0x0, 0x0, 0x0, 0x0,
    0x0, 0x0, 0x0, 0x0, 0xc, 0xff, 0x0, 0x0,
    0x0, 0x0, 0x0, 0x0, 0x0, 0x0, 0x0, 0xcf,
    0xf0, 0x0, 0x0, 0x0, 0x0, 0x0, 0x0, 0x0,
    0x0, 0xc, 0xff, 0x0, 0x0, 0x0, 0x0, 0x0,
    0x0, 0x0,

    /* U+01A5 "ƥ" */
    0x0, 0x0, 0x0, 0x0, 0x2, 0xbe, 0xfd, 0x0,
    0x0, 0x0, 0x0, 0x0, 0xbf, 0xff, 0xd0, 0x0,
    0x0, 0x0, 0x0, 0xf, 0xf7, 0x11, 0x0, 0xff,
    0x41, 0x9d, 0xff, 0xff, 0x30, 0x0, 0xf, 0xf6,
    0xef, 0xff, 0xff, 0xfc, 0x10, 0x0, 0xff, 0xff,
    0x81, 0x2, 0xaf, 0xfb, 0x0, 0xf, 0xff, 0x70,
    0x0, 0x0, 0xaf, 0xf4, 0x0, 0xff, 0xd0, 0x0,
    0x0, 0x1, 0xff, 0xa0, 0xf, 0xf8, 0x0, 0x0,
    0x0, 0xc, 0xfd, 0x0, 0xff, 0x50, 0x0, 0x0,
    0x0, 0xaf, 0xf0, 0xf, 0xf4, 0x0, 0x0, 0x0,
    0x9, 0xff, 0x0, 0xff, 0x50, 0x0, 0x0, 0x0,
    0xaf, 0xf0, 0xf, 0xf7, 0x0, 0x0, 0x0, 0xd,
    0xfc, 0x0, 0xff, 0xc0, 0x0, 0x0, 0x2, 0xff,
    0x80, 0xf, 0xff, 0x50, 0x0, 0x0, 0xbf, 0xf1,
    0x0, 0xff, 0xff, 0x82, 0x14, 0xcf, 0xf6, 0x0,
    0xf, 0xfa, 0xef, 0xff, 0xff, 0xf7, 0x0, 0x0,
    0xff, 0x81, 0x9e, 0xfe, 0xa3, 0x0, 0x0, 0xf,
    0xf8, 0x0, 0x0, 0x0, 0x0, 0x0, 0x0, 0xff,
    0x80, 0x0, 0x0, 0x0, 0x0, 0x0, 0xf, 0xf8,
    0x0, 0x0, 0x0, 0x0, 0x0, 0x0, 0xff, 0x80,
    0x0, 0x0, 0x0, 0x0, 0x0, 0xf, 0xf8, 0x0,
    0x0, 0x0, 0x0, 0x0, 0x0, 0xff, 0x80, 0x0,
    0x0, 0x0, 0x0, 0x0,

    /* U+01A6 "Ʀ" */
    0xaf, 0xf1, 0x0, 0x0, 0x0, 0x0, 0x0, 0x0,
    0x0, 0x0, 0xaf, 0xf1, 0x0, 0x0, 0x0, 0x0,
    0x0, 0x0, 0x0, 0x0, 0xaf, 0xff, 0xff, 0xff,
    0xff, 0xfe, 0xc7, 0x10, 0x0, 0x0, 0xaf, 0xff,
    0xff, 0xff, 0xff, 0xff, 0xff, 0xe3, 0x0, 0x0,
    0xaf, 0xf4, 0x33, 0x33, 0x33, 0x47, 0xdf, 0xfe,
    0x10, 0x0, 0xaf, 0xf1, 0x0, 0x0, 0x0, 0x0,
    0xb, 0xff, 0x70, 0x0, 0xaf, 0xf1, 0x0, 0x0,
    0x0, 0x0, 0x2, 0xff, 0xc0, 0x0, 0xaf, 0xf1,
    0x0, 0x0, 0x0, 0x0, 0x0, 0xff, 0xe0, 0x0,
    0xaf, 0xf1, 0x0, 0x0, 0x0, 0x0, 0x1, 0xff,
    0xd0, 0x0, 0xaf, 0xf1, 0x0, 0x0, 0x0, 0x0,
    0x9, 0xff, 0x90, 0x0, 0xaf, 0xf1, 0x0, 0x0,
    0x0, 0x14, 0xaf, 0xff, 0x10, 0x0, 0xaf, 0xff,
    0xff, 0xff, 0xff, 0xff, 0xff, 0xe3, 0x0, 0x0,
    0xaf, 0xff, 0xff, 0xff, 0xff, 0xff, 0xc7, 0x10,
    0x0, 0x0, 0xaf, 0xf7, 0x66, 0x67, 0xcf, 0xfa,
    0x10, 0x0, 0x0, 0x0, 0xaf, 0xf1, 0x0, 0x0,
    0x6, 0xff, 0xe2, 0x0, 0x0, 0x0, 0xaf, 0xf1,
    0x0, 0x0, 0x0, 0x8f, 0xfe, 0x10, 0x0, 0x0,
    0xaf, 0xf1, 0x0, 0x0, 0x0, 0xb, 0xff, 0xc0,
    0x0, 0x0, 0xaf, 0xf1, 0x0, 0x0, 0x0, 0x1,
    0xef, 0xf7, 0x0, 0x0, 0xaf, 0xf1, 0x0, 0x0,
    0x0, 0x0, 0x5f, 0xff, 0x20, 0x0, 0xaf, 0xf1,
    0x0, 0x0, 0x0, 0x0, 0xa, 0xff, 0xc0, 0x0,
    0x0, 0x0, 0x0, 0x0, 0x0, 0x0, 0x1, 0xef,
    0xf6, 0x0, 0x0, 0x0, 0x0, 0x0, 0x0, 0x0,
    0x0, 0x5f, 0xff, 0x10, 0x0, 0x0, 0x0, 0x0,
    0x0, 0x0, 0x0, 0xb, 0xff, 0xb0, 0x0, 0x0,
    0x0, 0x0, 0x0, 0x0, 0x0, 0x1, 0x88, 0x81,

    /* U+01A7 "Ƨ" */
    0x0, 0x0, 0x27, 0xbe, 0xff, 0xeb, 0x60, 0x0,
    0x0, 0x0, 0x8, 0xff, 0xff, 0xff, 0xff, 0xfe,
    0x40, 0x0, 0x0, 0x9f, 0xff, 0xb8, 0x67, 0x9d,
    0xff, 0xf4, 0x0, 0x4, 0xff, 0xd2, 0x0, 0x0,
    0x0, 0x5f, 0xfd, 0x0, 0x9, 0xff, 0x30, 0x0,
    0x0, 0x0, 0x8, 0xff, 0x20, 0xb, 0xfe, 0x0,
    0x0, 0x0, 0x0, 0x6, 0xff, 0x30, 0x0, 0x0,
    0x0, 0x0, 0x0, 0x0, 0xc, 0xff, 0x10, 0x0,
    0x0, 0x0, 0x0, 0x0, 0x16, 0xdf, 0xfa, 0x0,
    0x0, 0x0, 0x0, 0x26, 0x9d, 0xff, 0xff, 0xb0,
    0x0, 0x0, 0x2, 0x9e, 0xff, 0xff, 0xff, 0xc5,
    0x0, 0x0, 0x0, 0x8f, 0xff, 0xff, 0xd9, 0x51,
    0x0, 0x0, 0x0, 0x9, 0xff, 0xfa, 0x51, 0x0,
    0x0, 0x0, 0x0, 0x0, 0x2f, 0xfd, 0x20, 0x0,
    0x0, 0x0, 0x0, 0x0, 0x0, 0x6f, 0xf5, 0x0,
    0x0, 0x0, 0x0, 0x0, 0x7b, 0xa0, 0x7f, 0xf3,
    0x0, 0x0, 0x0, 0x0, 0x0, 0xdf, 0xe0, 0x5f,
    0xf7, 0x0, 0x0, 0x0, 0x0, 0x6, 0xff, 0x90,
    0xe, 0xff, 0x60, 0x0, 0x0, 0x0, 0x7f, 0xff,
    0x20, 0x4, 0xff, 0xfe, 0x98, 0x78, 0xaf, 0xff,
    0xf6, 0x0, 0x0, 0x4e, 0xff, 0xff, 0xff, 0xff,
    0xfe, 0x50, 0x0, 0x0, 0x0, 0x5a, 0xdf, 0xfe,
    0xda, 0x50, 0x0, 0x0,

    /* U+01A8 "ƨ" */
    0x0, 0x17, 0xce, 0xff, 0xc7, 0x0, 0x0, 0x2e,
    0xff, 0xff, 0xff, 0xfe, 0x20, 0xc, 0xff, 0x72,
    0x2, 0x6e, 0xfc, 0x2, 0xff, 0x70, 0x0, 0x0,
    0x6f, 0xf2, 0x2, 0x41, 0x0, 0x0, 0x7, 0xff,
    0x20, 0x0, 0x0, 0x1, 0x6b, 0xff, 0xe0, 0x0,
    0x4, 0x9d, 0xff, 0xff, 0xf4, 0x0, 0x5e, 0xff,
    0xff, 0xfe, 0x91, 0x0, 0x5f, 0xff, 0xea, 0x73,
    0x0, 0x0, 0xb, 0xff, 0x70, 0x0, 0x0, 0x0,
    0x0, 0xdf, 0xc0, 0x0, 0x0, 0x1, 0xfd, 0x5b,
    0xfe, 0x10, 0x0, 0x0, 0x8f, 0xf4, 0x4f, 0xfd,
    0x41, 0x13, 0x9f, 0xfd, 0x0, 0x6f, 0xff, 0xff,
    0xff, 0xfd, 0x20, 0x0, 0x29, 0xdf, 0xfe, 0xb6,
    0x0, 0x0,

    /* U+01A9 "Ʃ" */
    0xaf, 0xff, 0xff, 0xff, 0xff, 0xff, 0xff, 0x70,
    0xaf, 0xff, 0xff, 0xff, 0xff, 0xff, 0xff, 0x70,
    0x9f, 0xfc, 0x66, 0x66, 0x66, 0x66, 0x66, 0x30,
    0x1c, 0xff, 0x60, 0x0, 0x0, 0x0, 0x0, 0x0,
    0x1, 0xcf, 0xf6, 0x0, 0x0, 0x0, 0x0, 0x0,
    0x0, 0x1d, 0xff, 0x60, 0x0, 0x0, 0x0, 0x0,
    0x0, 0x1, 0xdf, 0xf5, 0x0, 0x0, 0x0, 0x0,
    0x0, 0x0, 0x1d, 0xff, 0x50, 0x0, 0x0, 0x0,
    0x0, 0x0, 0x1, 0xdf, 0xf5, 0x0, 0x0, 0x0,
    0x0, 0x0, 0x0, 0x2f, 0xff, 0x20, 0x0, 0x0,
    0x0, 0x0, 0x0, 0xaf, 0xfa, 0x0, 0x0, 0x0,
    0x0, 0x0, 0x8, 0xff, 0xb0, 0x0, 0x0, 0x0,
    0x0, 0x0, 0x6f, 0xfd, 0x0, 0x0, 0x0, 0x0,
    0x0, 0x5, 0xff, 0xe1, 0x0, 0x0, 0x0, 0x0,
    0x0, 0x3f, 0xfe, 0x20, 0x0, 0x0, 0x0, 0x0,
    0x2, 0xef, 0xf4, 0x0, 0x0, 0x0, 0x0, 0x0,
    0x1e, 0xff, 0x50, 0x0, 0x0, 0x0, 0x0, 0x0,
    0x9f, 0xfc, 0x66, 0x66, 0x66, 0x66, 0x66, 0x60,
    0xaf, 0xff, 0xff, 0xff, 0xff, 0xff, 0xff, 0xf1,
    0xaf, 0xff, 0xff, 0xff, 0xff, 0xff, 0xff, 0xf1,

    /* U+01AA "ƪ" */
    0x0, 0x6d, 0xfd, 0x70, 0x0, 0x0, 0x7, 0xf9,
    0x6c, 0xfa, 0x0, 0x0, 0xe, 0x80, 0x0, 0xef,
    0x50, 0x0, 0xe, 0x60, 0x0, 0xcf, 0xb0, 0x0,
    0x9, 0xe4, 0x17, 0xff, 0xd0, 0x0, 0x0, 0xbf,
    0xff, 0xef, 0xd0, 0x0, 0x0, 0x1, 0x30, 0xbf,
    0xd0, 0x0, 0x0, 0x0, 0x0, 0xbf, 0xd0, 0x0,
    0x0, 0x0, 0x0, 0xbf, 0xd0, 0x0, 0x0, 0x0,
    0x0, 0xbf, 0xd0, 0x0, 0x0, 0x0, 0x0, 0xbf,
    0xd0, 0x0, 0x0, 0x0, 0x0, 0xbf, 0xd0, 0x0,
    0x0, 0x0, 0x0, 0xbf, 0xd0, 0x0, 0x0, 0x0,
    0x0, 0xbf, 0xd0, 0x0, 0x0, 0x0, 0x0, 0xbf,
    0xd0, 0x0, 0x0, 0x0, 0x0, 0xbf, 0xd0, 0x0,
    0x0, 0x0, 0x0, 0xbf, 0xd0, 0x0, 0x0, 0x0,
    0x0, 0xbf, 0xd0, 0x0, 0x0, 0x0, 0x0, 0xbf,
    0xd0, 0x0, 0x0, 0x0, 0x0, 0xbf, 0xd0, 0x0,
    0x0, 0x0, 0x0, 0xbf, 0xd0, 0x0, 0x0, 0x0,
    0x0, 0xaf, 0xe0, 0x0, 0x0, 0x0, 0x0, 0x9f,
    0xf8, 0x52, 0x0, 0x0, 0x0, 0x5f, 0xff, 0xf8,
    0x0, 0x0, 0x0, 0x6, 0xdf, 0xf9,

    /* U+01AB "ƫ" */
    0x0, 0x0, 0x0, 0x0, 0x0, 0x5, 0xc0, 0x0,
    0x0, 0x8f, 0xe0, 0x0, 0x0, 0xaf, 0xe0, 0x0,
    0x0, 0xaf, 0xe0, 0x0, 0x0, 0xaf, 0xe0, 0x0,
    0x8f, 0xff, 0xff, 0xf7, 0x7e, 0xff, 0xfe, 0xe6,
    0x0, 0xaf, 0xe0, 0x0, 0x0, 0xaf, 0xe0, 0x0,
    0x0, 0xaf, 0xe0, 0x0, 0x0, 0xaf, 0xe0, 0x0,
    0x0, 0xaf, 0xe0, 0x0, 0x0, 0xaf, 0xe0, 0x0,
    0x0, 0xaf, 0xe0, 0x0, 0x0, 0xaf, 0xe0, 0x0,
    0x0, 0xaf, 0xe0, 0x0, 0x0, 0xaf, 0xf0, 0x0,
    0x0, 0x8f, 0xf8, 0x54, 0x0, 0x4f, 0xff, 0xfc,
    0x0, 0x8, 0xef, 0xfc, 0x0, 0x0, 0x8, 0xfc,
    0x0, 0x0, 0xc, 0xfb, 0x0, 0x2f, 0xff, 0xf7,
    0x0, 0x3f, 0xfe, 0x90, 0x0, 0x0, 0x0, 0x0,

    /* U+01AC "Ƭ" */
    0x2, 0xbe, 0xff, 0xff, 0xff, 0xff, 0xff, 0xfe,
    0xe, 0xff, 0xff, 0xff, 0xff, 0xff, 0xff, 0xfe,
    0x3f, 0xfb, 0x76, 0x6b, 0xff, 0x86, 0x66, 0x65,
    0x5f, 0xf1, 0x0, 0x8, 0xff, 0x30, 0x0, 0x0,
    0x5f, 0xf0, 0x0, 0x8, 0xff, 0x30, 0x0, 0x0,
    0x3, 0x30, 0x0, 0x8, 0xff, 0x30, 0x0, 0x0,
    0x0, 0x0, 0x0, 0x8, 0xff, 0x30, 0x0, 0x0,
    0x0, 0x0, 0x0, 0x8, 0xff, 0x30, 0x0, 0x0,
    0x0, 0x0, 0x0, 0x8, 0xff, 0x30, 0x0, 0x0,
    0x0, 0x0, 0x0, 0x8, 0xff, 0x30, 0x0, 0x0,
    0x0, 0x0, 0x0, 0x8, 0xff, 0x30, 0x0, 0x0,
    0x0, 0x0, 0x0, 0x8, 0xff, 0x30, 0x0, 0x0,
    0x0, 0x0, 0x0, 0x8, 0xff, 0x30, 0x0, 0x0,
    0x0, 0x0, 0x0, 0x8, 0xff, 0x30, 0x0, 0x0,
    0x0, 0x0, 0x0, 0x8, 0xff, 0x30, 0x0, 0x0,
    0x0, 0x0, 0x0, 0x8, 0xff, 0x30, 0x0, 0x0,
    0x0, 0x0, 0x0, 0x8, 0xff, 0x30, 0x0, 0x0,
    0x0, 0x0, 0x0, 0x8, 0xff, 0x30, 0x0, 0x0,
    0x0, 0x0, 0x0, 0x8, 0xff, 0x30, 0x0, 0x0,
    0x0, 0x0, 0x0, 0x8, 0xff, 0x30, 0x0, 0x0,

    /* U+01AD "ƭ" */
    0x0, 0x7, 0xdf, 0xf9, 0x0, 0x5f, 0xff, 0xf9,
    0x0, 0x9f, 0xf8, 0x53, 0x0, 0xaf, 0xf0, 0x0,
    0x0, 0xaf, 0xe0, 0x0, 0x8f, 0xff, 0xff, 0xf7,
    0x7e, 0xff, 0xfe, 0xe6, 0x0, 0xaf, 0xe0, 0x0,
    0x0, 0xaf, 0xe0, 0x0, 0x0, 0xaf, 0xe0, 0x0,
    0x0, 0xaf, 0xe0, 0x0, 0x0, 0xaf, 0xe0, 0x0,
    0x0, 0xaf, 0xe0, 0x0, 0x0, 0xaf, 0xe0, 0x0,
    0x0, 0xaf, 0xe0, 0x0, 0x0, 0xaf, 0xe0, 0x0,
    0x0, 0x9f, 0xf0, 0x0, 0x0, 0x8f, 0xf8, 0x53,
    0x0, 0x4f, 0xff, 0xf9, 0x0, 0x6, 0xdf, 0xfa,

    /* U+01AE "Ʈ" */
    0x5f, 0xff, 0xff, 0xff, 0xff, 0xff, 0xff, 0xff,
    0xf1, 0x5f, 0xff, 0xff, 0xff, 0xff, 0xff, 0xff,
    0xff, 0xf1, 0x26, 0x66, 0x66, 0x6b, 0xff, 0x86,
    0x66, 0x66, 0x60, 0x0, 0x0, 0x0, 0x8, 0xff,
    0x30, 0x0, 0x0, 0x0, 0x0, 0x0, 0x0, 0x8,
    0xff, 0x30, 0x0, 0x0, 0x0, 0x0, 0x0, 0x0,
    0x8, 0xff, 0x30, 0x0, 0x0, 0x0, 0x0, 0x0,
    0x0, 0x8, 0xff, 0x30, 0x0, 0x0, 0x0, 0x0,
    0x0, 0x0, 0x8, 0xff, 0x30, 0x0, 0x0, 0x0,
    0x0, 0x0, 0x0, 0x8, 0xff, 0x30, 0x0, 0x0,
    0x0, 0x0, 0x0, 0x0, 0x8, 0xff, 0x30, 0x0,
    0x0, 0x0, 0x0, 0x0, 0x0, 0x8, 0xff, 0x30,
    0x0, 0x0, 0x0, 0x0, 0x0, 0x0, 0x8, 0xff,
    0x30, 0x0, 0x0, 0x0, 0x0, 0x0, 0x0, 0x8,
    0xff, 0x30, 0x0, 0x0, 0x0, 0x0, 0x0, 0x0,
    0x8, 0xff, 0x30, 0x0, 0x0, 0x0, 0x0, 0x0,
    0x0, 0x8, 0xff, 0x30, 0x0, 0x0, 0x0, 0x0,
    0x0, 0x0, 0x8, 0xff, 0x30, 0x0, 0x0, 0x0,
    0x0, 0x0, 0x0, 0x8, 0xff, 0x30, 0x0, 0x0,
    0x0, 0x0, 0x0, 0x0, 0x8, 0xff, 0x30, 0x0,
    0x0, 0x0, 0x0, 0x0, 0x0, 0x8, 0xff, 0x30,
    0x0, 0x0, 0x0, 0x0, 0x0, 0x0, 0x8, 0xff,
    0x30, 0x0, 0x0, 0x0, 0x0, 0x0, 0x0, 0x8,
    0xff, 0x30, 0x0, 0x0, 0x0, 0x0, 0x0, 0x0,
    0x8, 0xff, 0x30, 0x0, 0x0, 0x0, 0x0, 0x0,
    0x0, 0x8, 0xff, 0x40, 0x0, 0x0, 0x0, 0x0,
    0x0, 0x0, 0x6, 0xff, 0xc7, 0x60, 0x0, 0x0,
    0x0, 0x0, 0x0, 0x1, 0xff, 0xff, 0xe0, 0x0,
    0x0, 0x0, 0x0, 0x0, 0x0, 0x3b, 0xef, 0xe0,
    0x0, 0x0,

    /* U+01AF "Ư" */
    0x0, 0x0, 0x0, 0x0, 0x0, 0x0, 0x0, 0x1,
    0x88, 0x30, 0x0, 0x0, 0x0, 0x0, 0x0, 0x0,
    0x0, 0xf, 0xf8, 0x0, 0x0, 0x0, 0x0, 0x0,
    0x0, 0x0, 0x0, 0xef, 0xa0, 0x0, 0x0, 0x0,
    0x0, 0x0, 0x0, 0x0, 0xd, 0xfb, 0x0, 0x0,
    0x0, 0x0, 0x0, 0x0, 0x0, 0x3, 0xff, 0x8f,
    0xff, 0x30, 0x0, 0x0, 0x0, 0x1, 0xff, 0xff,
    0xe1, 0xff, 0xf3, 0x0, 0x0, 0x0, 0x0, 0x1f,
    0xff, 0x60, 0xf, 0xff, 0x30, 0x0, 0x0, 0x0,
    0x1, 0xff, 0xf1, 0x0, 0xff, 0xf3, 0x0, 0x0,
    0x0, 0x0, 0x1f, 0xff, 0x10, 0xf, 0xff, 0x30,
    0x0, 0x0, 0x0, 0x1, 0xff, 0xf1, 0x0, 0xff,
    0xf3, 0x0, 0x0, 0x0, 0x0, 0x1f, 0xff, 0x10,
    0xf, 0xff, 0x30, 0x0, 0x0, 0x0, 0x1, 0xff,
    0xf1, 0x0, 0xff, 0xf3, 0x0, 0x0, 0x0, 0x0,
    0x1f, 0xff, 0x10, 0xf, 0xff, 0x30, 0x0, 0x0,
    0x0, 0x1, 0xff, 0xf1, 0x0, 0xff, 0xf3, 0x0,
    0x0, 0x0, 0x0, 0x1f, 0xff, 0x10, 0xf, 0xff,
    0x30, 0x0, 0x0, 0x0, 0x1, 0xff, 0xf1, 0x0,
    0xff, 0xf3, 0x0, 0x0, 0x0, 0x0, 0x1f, 0xff,
    0x10, 0xf, 0xff, 0x30, 0x0, 0x0, 0x0, 0x1,
    0xff, 0xf1, 0x0, 0xef, 0xf3, 0x0, 0x0, 0x0,
    0x0, 0x1f, 0xff, 0x0, 0xc, 0xff, 0x50, 0x0,
    0x0, 0x0, 0x3, 0xff, 0xe0, 0x0, 0xaf, 0xf9,
    0x0, 0x0, 0x0, 0x0, 0x7f, 0xfc, 0x0, 0x5,
    0xff, 0xf3, 0x0, 0x0, 0x0, 0x2e, 0xff, 0x60,
    0x0, 0xd, 0xff, 0xf7, 0x10, 0x1, 0x6e, 0xff,
    0xe1, 0x0, 0x0, 0x2f, 0xff, 0xff, 0xff, 0xff,
    0xff, 0xf4, 0x0, 0x0, 0x0, 0x2d, 0xff, 0xff,
    0xff, 0xff, 0xe3, 0x0, 0x0, 0x0, 0x0, 0x4,
    0xad, 0xff, 0xdb, 0x50, 0x0, 0x0, 0x0,

    /* U+01B0 "ư" */
    0x0, 0x0, 0x0, 0x0, 0x0, 0x0, 0x6f, 0xf2,
    0x0, 0x0, 0x0, 0x0, 0x0, 0x0, 0x3f, 0xf5,
    0x0, 0x0, 0x0, 0x0, 0x0, 0x0, 0x2f, 0xf6,
    0x0, 0x0, 0x0, 0x0, 0x0, 0x0, 0x6f, 0xf4,
    0xdf, 0xf4, 0x0, 0x0, 0x5, 0xff, 0xff, 0xb0,
    0xdf, 0xf4, 0x0, 0x0, 0x4, 0xff, 0xf4, 0x0,
    0xdf, 0xf4, 0x0, 0x0, 0x4, 0xff, 0xd0, 0x0,
    0xdf, 0xf4, 0x0, 0x0, 0x4, 0xff, 0xd0, 0x0,
    0xdf, 0xf4, 0x0, 0x0, 0x4, 0xff, 0xd0, 0x0,
    0xdf, 0xf4, 0x0, 0x0, 0x4, 0xff, 0xd0, 0x0,
    0xdf, 0xf4, 0x0, 0x0, 0x4, 0xff, 0xd0, 0x0,
    0xdf, 0xf4, 0x0, 0x0, 0x4, 0xff, 0xd0, 0x0,
    0xdf, 0xf4, 0x0, 0x0, 0x4, 0xff, 0xd0, 0x0,
    0xdf, 0xf4, 0x0, 0x0, 0x4, 0xff, 0xd0, 0x0,
    0xcf, 0xf5, 0x0, 0x0, 0x6, 0xff, 0xd0, 0x0,
    0xbf, 0xf8, 0x0, 0x0, 0xd, 0xff, 0xd0, 0x0,
    0x7f, 0xff, 0x30, 0x0, 0x7f, 0xff, 0xd0, 0x0,
    0x1f, 0xff, 0xfc, 0xad, 0xfb, 0xff, 0xd0, 0x0,
    0x5, 0xff, 0xff, 0xff, 0xd2, 0xff, 0xd0, 0x0,
    0x0, 0x3b, 0xef, 0xd8, 0x10, 0xff, 0xd0, 0x0,

    /* U+01B1 "Ʊ" */
    0x1f, 0xff, 0xeb, 0x40, 0x0, 0x0, 0x7, 0xce,
    0xff, 0xc1, 0xff, 0xff, 0xff, 0x10, 0x0, 0x7,
    0xff, 0xff, 0xfc, 0x6, 0x68, 0xff, 0xf1, 0x0,
    0x0, 0x8f, 0xfd, 0x76, 0x40, 0x0, 0xb, 0xfe,
    0x0, 0x0, 0x5, 0xff, 0x50, 0x0, 0x0, 0x0,
    0xff, 0x80, 0x0, 0x0, 0xe, 0xf9, 0x0, 0x0,
    0x0, 0x7f, 0xf1, 0x0, 0x0, 0x0, 0x7f, 0xf2,
    0x0, 0x0, 0x1f, 0xf9, 0x0, 0x0, 0x0, 0x0,
    0xef, 0xa0, 0x0, 0x8, 0xff, 0x20, 0x0, 0x0,
    0x0, 0x8, 0xff, 0x20, 0x0, 0xef, 0xb0, 0x0,
    0x0, 0x0, 0x0, 0x1f, 0xfa, 0x0, 0x5f, 0xf5,
    0x0, 0x0, 0x0, 0x0, 0x0, 0xbf, 0xf0, 0x9,
    0xff, 0x20, 0x0, 0x0, 0x0, 0x0, 0x7, 0xff,
    0x40, 0xcf, 0xf0, 0x0, 0x0, 0x0, 0x0, 0x0,
    0x5f, 0xf7, 0xc, 0xff, 0x0, 0x0, 0x0, 0x0,
    0x0, 0x5, 0xff, 0x70, 0xaf, 0xf3, 0x0, 0x0,
    0x0, 0x0, 0x0, 0x9f, 0xf6, 0x6, 0xff, 0xa0,
    0x0, 0x0, 0x0, 0x0, 0xe, 0xff, 0x10, 0xe,
    0xff, 0x50, 0x0, 0x0, 0x0, 0x9, 0xff, 0xa0,
    0x0, 0x5f, 0xff, 0x50, 0x0, 0x0, 0x9, 0xff,
    0xe1, 0x0, 0x0, 0x7f, 0xff, 0xc7, 0x55, 0x8e,
    0xff, 0xf3, 0x0, 0x0, 0x0, 0x5e, 0xff, 0xff,
    0xff, 0xff, 0xc2, 0x0, 0x0, 0x0, 0x0, 0x6,
    0xbe, 0xff, 0xda, 0x40, 0x0, 0x0,

    /* U+01B2 "Ʋ" */
    0xaf, 0xf4, 0x0, 0x0, 0x0, 0x0, 0x8, 0xef,
    0xd4, 0x3f, 0xfa, 0x0, 0x0, 0x0, 0x0, 0xc,
    0xff, 0xfe, 0xd, 0xff, 0x10, 0x0, 0x0, 0x0,
    0x2, 0x2b, 0xff, 0x6, 0xff, 0x60, 0x0, 0x0,
    0x0, 0x0, 0xa, 0xfd, 0x0, 0xff, 0xc0, 0x0,
    0x0, 0x0, 0x0, 0xb, 0xfa, 0x0, 0x9f, 0xf2,
    0x0, 0x0, 0x0, 0x0, 0xf, 0xf7, 0x0, 0x3f,
    0xf8, 0x0, 0x0, 0x0, 0x0, 0x3f, 0xf2, 0x0,
    0xd, 0xfe, 0x0, 0x0, 0x0, 0x0, 0x8f, 0xe0,
    0x0, 0x6, 0xff, 0x40, 0x0, 0x0, 0x0, 0xef,
    0x80, 0x0, 0x0, 0xff, 0xa0, 0x0, 0x0, 0x4,
    0xff, 0x20, 0x0, 0x0, 0x9f, 0xf0, 0x0, 0x0,
    0xb, 0xfc, 0x0, 0x0, 0x0, 0x3f, 0xf6, 0x0,
    0x0, 0x2f, 0xf5, 0x0, 0x0, 0x0, 0xc, 0xfc,
    0x0, 0x0, 0x9f, 0xd0, 0x0, 0x0, 0x0, 0x6,
    0xff, 0x20, 0x1, 0xff, 0x60, 0x0, 0x0, 0x0,
    0x0, 0xff, 0x80, 0x9, 0xfe, 0x0, 0x0, 0x0,
    0x0, 0x0, 0x9f, 0xe0, 0x2f, 0xf6, 0x0, 0x0,
    0x0, 0x0, 0x0, 0x3f, 0xf3, 0xaf, 0xe0, 0x0,
    0x0, 0x0, 0x0, 0x0, 0xc, 0xfa, 0xff, 0x60,
    0x0, 0x0, 0x0, 0x0, 0x0, 0x6, 0xff, 0xfd,
    0x0, 0x0, 0x0, 0x0, 0x0, 0x0, 0x0, 0xff,
    0xf4, 0x0, 0x0, 0x0,

    /* U+01B3 "Ƴ" */
    0x9, 0xdf, 0xe9, 0x10, 0x0, 0x0, 0x0, 0x0,
    0x0, 0xef, 0xf4, 0x9, 0xff, 0xff, 0xf4, 0x0,
    0x0, 0x0, 0x0, 0x9, 0xff, 0x80, 0x1, 0x64,
    0x7f, 0xff, 0x40, 0x0, 0x0, 0x0, 0x4f, 0xfd,
    0x0, 0x0, 0x0, 0x3, 0xff, 0xe1, 0x0, 0x0,
    0x0, 0xef, 0xf3, 0x0, 0x0, 0x0, 0x0, 0x5f,
    0xfa, 0x0, 0x0, 0x9, 0xff, 0x70, 0x0, 0x0,
    0x0, 0x0, 0xa, 0xff, 0x30, 0x0, 0x4f, 0xfc,
    0x0, 0x0, 0x0, 0x0, 0x0, 0x1, 0xff, 0xb0,
    0x0, 0xdf, 0xf2, 0x0, 0x0, 0x0, 0x0, 0x0,
    0x0, 0x7f, 0xf3, 0x8, 0xff, 0x50, 0x0, 0x0,
    0x0, 0x0, 0x0, 0x0, 0xe, 0xfa, 0x3f, 0xfa,
    0x0, 0x0, 0x0, 0x0, 0x0, 0x0, 0x0, 0x7,
    0xff, 0xdf, 0xe1, 0x0, 0x0, 0x0, 0x0, 0x0,
    0x0, 0x0, 0x1, 0xff, 0xff, 0x40, 0x0, 0x0,
    0x0, 0x0, 0x0, 0x0, 0x0, 0x0, 0x9f, 0xf9,
    0x0, 0x0, 0x0, 0x0, 0x0, 0x0, 0x0, 0x0,
    0x0, 0x6f, 0xf5, 0x0, 0x0, 0x0, 0x0, 0x0,
    0x0, 0x0, 0x0, 0x0, 0x6f, 0xf5, 0x0, 0x0,
    0x0, 0x0, 0x0, 0x0, 0x0, 0x0, 0x0, 0x6f,
    0xf5, 0x0, 0x0, 0x0, 0x0, 0x0, 0x0, 0x0,
    0x0, 0x0, 0x6f, 0xf5, 0x0, 0x0, 0x0, 0x0,
    0x0, 0x0, 0x0, 0x0, 0x0, 0x6f, 0xf5, 0x0,
    0x0, 0x0, 0x0, 0x0, 0x0, 0x0, 0x0, 0x0,
    0x6f, 0xf5, 0x0, 0x0, 0x0, 0x0, 0x0, 0x0,
    0x0, 0x0, 0x0, 0x6f, 0xf5, 0x0, 0x0, 0x0,
    0x0, 0x0, 0x0, 0x0, 0x0, 0x0, 0x6f, 0xf5,
    0x0, 0x0, 0x0, 0x0,

    /* U+01B4 "ƴ" */
    0x5f, 0xf6, 0x0, 0x0, 0x0, 0x0, 0x4d, 0xfc,
    0x30, 0xe, 0xfc, 0x0, 0x0, 0x0, 0x4, 0xff,
    0xff, 0xf1, 0x9, 0xff, 0x10, 0x0, 0x0, 0xd,
    0xfe, 0x7e, 0xf8, 0x3, 0xff, 0x70, 0x0, 0x0,
    0x6f, 0xf3, 0x8, 0xfc, 0x0, 0xdf, 0xd0, 0x0,
    0x0, 0xcf, 0xc0, 0x2, 0x76, 0x0, 0x7f, 0xf2,
    0x0, 0x3, 0xff, 0x50, 0x0, 0x0, 0x0, 0x1f,
    0xf8, 0x0, 0x9, 0xfe, 0x0, 0x0, 0x0, 0x0,
    0xb, 0xfe, 0x0, 0xe, 0xf9, 0x0, 0x0, 0x0,
    0x0, 0x5, 0xff, 0x40, 0x5f, 0xf2, 0x0, 0x0,
    0x0, 0x0, 0x0, 0xef, 0x90, 0xbf, 0xc0, 0x0,
    0x0, 0x0, 0x0, 0x0, 0x8f, 0xe1, 0xff, 0x60,
    0x0, 0x0, 0x0, 0x0, 0x0, 0x2f, 0xf8, 0xff,
    0x0, 0x0, 0x0, 0x0, 0x0, 0x0, 0xc, 0xff,
    0xf9, 0x0, 0x0, 0x0, 0x0, 0x0, 0x0, 0x6,
    0xff, 0xf3, 0x0, 0x0, 0x0, 0x0, 0x0, 0x0,
    0x1, 0xff, 0xd0, 0x0, 0x0, 0x0, 0x0, 0x0,
    0x0, 0x0, 0xff, 0x60, 0x0, 0x0, 0x0, 0x0,
    0x0, 0x0, 0x6, 0xff, 0x10, 0x0, 0x0, 0x0,
    0x0, 0x0, 0x0, 0xd, 0xf9, 0x0, 0x0, 0x0,
    0x0, 0x0, 0x3, 0x77, 0xdf, 0xf2, 0x0, 0x0,
    0x0, 0x0, 0x0, 0x5, 0xff, 0xff, 0x60, 0x0,
    0x0, 0x0, 0x0, 0x0, 0x2, 0xef, 0xd5, 0x0,
    0x0, 0x0, 0x0, 0x0, 0x0,

    /* U+01B5 "Ƶ" */
    0x4, 0xff, 0xff, 0xff, 0xff, 0xff, 0xff, 0xff,
    0x90, 0x4f, 0xff, 0xff, 0xff, 0xff, 0xff, 0xff,
    0xf9, 0x1, 0x66, 0x66, 0x66, 0x66, 0x66, 0x7f,
    0xff, 0x60, 0x0, 0x0, 0x0, 0x0, 0x0, 0x1c,
    0xff, 0x80, 0x0, 0x0, 0x0, 0x0, 0x0, 0xc,
    0xff, 0x90, 0x0, 0x0, 0x0, 0x0, 0x0, 0xb,
    0xff, 0xa0, 0x0, 0x0, 0x0, 0x0, 0x0, 0xa,
    0xff, 0xb0, 0x0, 0x0, 0x0, 0x0, 0x0, 0x9,
    0xff, 0xc0, 0x0, 0x0, 0x0, 0x5f, 0xff, 0xff,
    0xff, 0xff, 0xff, 0x70, 0x0, 0x5, 0xff, 0xff,
    0xff, 0xff, 0xff, 0xf8, 0x0, 0x0, 0x0, 0x2,
    0xff, 0xf4, 0x0, 0x0, 0x0, 0x0, 0x0, 0x0,
    0xdf, 0xf7, 0x0, 0x0, 0x0, 0x0, 0x0, 0x0,
    0xaf, 0xfa, 0x0, 0x0, 0x0, 0x0, 0x0, 0x0,
    0x6f, 0xfd, 0x0, 0x0, 0x0, 0x0, 0x0, 0x0,
    0x3f, 0xff, 0x20, 0x0, 0x0, 0x0, 0x0, 0x0,
    0x1e, 0xff, 0x50, 0x0, 0x0, 0x0, 0x0, 0x0,
    0xb, 0xff, 0x80, 0x0, 0x0, 0x0, 0x0, 0x0,
    0x6, 0xff, 0xf6, 0x66, 0x66, 0x66, 0x66, 0x66,
    0x66, 0x7f, 0xff, 0xff, 0xff, 0xff, 0xff, 0xff,
    0xff, 0xf7, 0xff, 0xff, 0xff, 0xff, 0xff, 0xff,
    0xff, 0xff,

    /* U+01B6 "ƶ" */
    0xd, 0xff, 0xff, 0xff, 0xff, 0xff, 0xf6, 0xd,
    0xff, 0xff, 0xff, 0xff, 0xff, 0xf6, 0x0, 0x0,
    0x0, 0x0, 0x4, 0xff, 0xc0, 0x0, 0x0, 0x0,
    0x0, 0x2e, 0xfe, 0x10, 0x0, 0x0, 0x0, 0x0,
    0xdf, 0xf3, 0x0, 0x0, 0x0, 0x0, 0xa, 0xff,
    0x60, 0x0, 0xa, 0xff, 0xff, 0xff, 0xff, 0xff,
    0xf3, 0x9, 0xff, 0xff, 0xff, 0xff, 0xff, 0xf3,
    0x0, 0x0, 0x4f, 0xfc, 0x0, 0x0, 0x0, 0x0,
    0x3, 0xff, 0xd1, 0x0, 0x0, 0x0, 0x0, 0x2f,
    0xfe, 0x20, 0x0, 0x0, 0x0, 0x2, 0xef, 0xe2,
    0x0, 0x0, 0x0, 0x0, 0x1d, 0xff, 0x41, 0x22,
    0x22, 0x22, 0x22, 0x6f, 0xff, 0xff, 0xff, 0xff,
    0xff, 0xfe, 0x6f, 0xff, 0xff, 0xff, 0xff, 0xff,
    0xfe,

    /* U+01B7 "Ʒ" */
    0xc, 0xff, 0xff, 0xff, 0xff, 0xff, 0xff, 0x90,
    0xc, 0xff, 0xff, 0xff, 0xff, 0xff, 0xff, 0x90,
    0x4, 0x66, 0x66, 0x66, 0x66, 0xbf, 0xfb, 0x10,
    0x0, 0x0, 0x0, 0x0, 0x8, 0xff, 0x80, 0x0,
    0x0, 0x0, 0x0, 0x1, 0xbf, 0xe4, 0x0, 0x0,
    0x0, 0x0, 0x0, 0x3d, 0xfc, 0x20, 0x0, 0x0,
    0x0, 0x0, 0x5, 0xff, 0xa0, 0x0, 0x0, 0x0,
    0x0, 0x0, 0xf, 0xff, 0xff, 0xc7, 0x0, 0x0,
    0x0, 0x0, 0x1f, 0xff, 0xff, 0xff, 0xe4, 0x0,
    0x0, 0x0, 0x3, 0x10, 0x3, 0x7e, 0xff, 0x50,
    0x0, 0x0, 0x0, 0x0, 0x0, 0x1, 0xdf, 0xf2,
    0x0, 0x0, 0x0, 0x0, 0x0, 0x0, 0x3f, 0xf8,
    0x0, 0x0, 0x0, 0x0, 0x0, 0x0, 0xd, 0xfc,
    0x15, 0x70, 0x0, 0x0, 0x0, 0x0, 0xb, 0xfd,
    0xbf, 0xf0, 0x0, 0x0, 0x0, 0x0, 0xe, 0xfb,
    0x7f, 0xf8, 0x0, 0x0, 0x0, 0x0, 0x6f, 0xf7,
    0x1e, 0xff, 0x70, 0x0, 0x0, 0x6, 0xff, 0xe0,
    0x4, 0xff, 0xfd, 0x85, 0x57, 0xdf, 0xff, 0x30,
    0x0, 0x4e, 0xff, 0xff, 0xff, 0xff, 0xd3, 0x0,
    0x0, 0x0, 0x6b, 0xef, 0xfe, 0xa5, 0x0, 0x0,

    /* U+01B8 "Ƹ" */
    0x5, 0xff, 0xff, 0xff, 0xff, 0xff, 0xff, 0xf0,
    0x0, 0x5f, 0xff, 0xff, 0xff, 0xff, 0xff, 0xff,
    0x0, 0x0, 0x9f, 0xfd, 0x66, 0x66, 0x66, 0x66,
    0x60, 0x0, 0x0, 0x5f, 0xfb, 0x0, 0x0, 0x0,
    0x0, 0x0, 0x0, 0x0, 0x2d, 0xfd, 0x20, 0x0,
    0x0, 0x0, 0x0, 0x0, 0x0, 0xa, 0xff, 0x50,
    0x0, 0x0, 0x0, 0x0, 0x0, 0x0, 0x7, 0xff,
    0x80, 0x0, 0x0, 0x0, 0x0, 0x5, 0xbf, 0xff,
    0xff, 0x20, 0x0, 0x0, 0x0, 0x2d, 0xff, 0xff,
    0xff, 0xf4, 0x0, 0x0, 0x0, 0x3f, 0xff, 0x93,
    0x10, 0x2, 0x10, 0x0, 0x0, 0xd, 0xff, 0x30,
    0x0, 0x0, 0x0, 0x0, 0x0, 0x5, 0xff, 0x60,
    0x0, 0x0, 0x0, 0x0, 0x0, 0x0, 0x9f, 0xf1,
    0x0, 0x0, 0x0, 0x0, 0x0, 0x0, 0xa, 0xff,
    0x0, 0x0, 0x0, 0x0, 0x0, 0x56, 0x10, 0x8f,
    0xf2, 0x0, 0x0, 0x0, 0x0, 0xd, 0xfe, 0x3,
    0xff, 0xa0, 0x0, 0x0, 0x0, 0x5, 0xff, 0xa0,
    0xb, 0xff, 0x90, 0x0, 0x0, 0x4, 0xff, 0xf3,
    0x0, 0x1d, 0xff, 0xe8, 0x55, 0x7c, 0xff, 0xf8,
    0x0, 0x0, 0x1b, 0xff, 0xff, 0xff, 0xff, 0xf7,
    0x0, 0x0, 0x0, 0x4, 0xad, 0xff, 0xeb, 0x71,
    0x0, 0x0,

    /* U+01B9 "ƹ" */
    0x4f, 0xff, 0xff, 0xff, 0xff, 0xff, 0x80, 0x3f,
    0xff, 0xff, 0xff, 0xff, 0xff, 0x80, 0xa, 0xff,
    0x30, 0x0, 0x0, 0x0, 0x0, 0x0, 0xdf, 0xd0,
    0x0, 0x0, 0x0, 0x0, 0x0, 0x3f, 0xf9, 0x0,
    0x0, 0x0, 0x0, 0x0, 0x7, 0xff, 0x50, 0x0,
    0x0, 0x0, 0x0, 0x0, 0xbf, 0xe1, 0x0, 0x0,
    0x0, 0x0, 0x0, 0x1e, 0xfc, 0x0, 0x0, 0x0,
    0x0, 0x0, 0x4, 0xff, 0x70, 0x0, 0x0, 0x0,
    0x4, 0xbe, 0xff, 0xa0, 0x0, 0x0, 0x0, 0xaf,
    0xff, 0xff, 0xc0, 0x0, 0x0, 0xa, 0xff, 0xb3,
    0x0, 0x0, 0x0, 0x0, 0x3f, 0xfa, 0x0, 0x0,
    0x0, 0x0, 0x0, 0x9f, 0xf1, 0x0, 0x0, 0x0,
    0x0, 0x0, 0xbf, 0xd0, 0x0, 0x0, 0x0, 0x0,
    0x0, 0xbf, 0xe0, 0x0, 0x0, 0x0, 0x24, 0x10,
    0x8f, 0xf2, 0x0, 0x0, 0x0, 0xaf, 0xf0, 0x2f,
    0xfc, 0x0, 0x0, 0x2, 0xff, 0xa0, 0x7, 0xff,
    0xc4, 0x11, 0x5e, 0xff, 0x20, 0x0, 0x7f, 0xff,
    0xff, 0xff, 0xf4, 0x0, 0x0, 0x2, 0x9d, 0xff,
    0xd8, 0x10, 0x0,

    /* U+01BA "ƺ" */
    0xff, 0xff, 0xff, 0xff, 0xff, 0xe0, 0xff, 0xff,
    0xff, 0xff, 0xff, 0xd0, 0x0, 0x0, 0x0, 0xb,
    0xfe, 0x10, 0x0, 0x0, 0x0, 0x9f, 0xe2, 0x0,
    0x0, 0x0, 0x8, 0xff, 0x30, 0x0, 0x0, 0x0,
    0x7f, 0xf3, 0x0, 0x0, 0x0, 0x6, 0xff, 0x40,
    0x0, 0x0, 0x0, 0xb, 0xff, 0xfd, 0xa5, 0x0,
    0x0, 0xd, 0xff, 0xff, 0xff, 0xa0, 0x0, 0x2,
    0x0, 0x14, 0xcf, 0xf5, 0x0, 0x0, 0x0, 0x0,
    0xf, 0xf9, 0x0, 0x0, 0x0, 0x0, 0x1f, 0xf9,
    0x0, 0x0, 0x0, 0x1, 0xbf, 0xf4, 0x0, 0x0,
    0x5, 0xaf, 0xff, 0x90, 0x0, 0x29, 0xff, 0xff,
    0xb4, 0x0, 0x6, 0xff, 0xfa, 0x51, 0x0, 0x0,
    0x2f, 0xf7, 0x0, 0x0, 0x0, 0x0, 0x5f, 0xc0,
    0x0, 0x0, 0x0, 0x0, 0x4f, 0xf6, 0x11, 0x25,
    0x0, 0x0, 0xc, 0xff, 0xff, 0xff, 0x50, 0x0,
    0x0, 0x7d, 0xff, 0xeb, 0x40, 0x0,

    /* U+01BB "ƻ" */
    0x0, 0x0, 0x18, 0xdf, 0xfe, 0xb5, 0x0, 0x0,
    0x0, 0x6f, 0xff, 0xff, 0xff, 0xfc, 0x10, 0x0,
    0x6f, 0xfe, 0x85, 0x58, 0xff, 0xfb, 0x0, 0x1f,
    0xfc, 0x0, 0x0, 0x1, 0xdf, 0xf4, 0x6, 0xff,
    0x30, 0x0, 0x0, 0x6, 0xff, 0x80, 0x5a, 0xb0,
    0x0, 0x0, 0x0, 0x5f, 0xf8, 0x0, 0x0, 0x0,
    0x0, 0x0, 0x9, 0xff, 0x50, 0x0, 0x0, 0x0,
    0x0, 0x2, 0xff, 0xe0, 0x0, 0x0, 0x0, 0x0,
    0x1, 0xdf, 0xf5, 0x0, 0x0, 0x0, 0x0, 0x2,
    0xdf, 0xf8, 0x0, 0x0, 0xf, 0xff, 0xff, 0xff,
    0xff, 0xff, 0xa0, 0x0, 0xff, 0xff, 0xff, 0xff,
    0xff, 0xfa, 0x0, 0x0, 0x7, 0xff, 0xf7, 0x0,
    0x0, 0x0, 0x0, 0x8, 0xff, 0xf6, 0x0, 0x0,
    0x0, 0x0, 0x8, 0xff, 0xf5, 0x0, 0x0, 0x0,
    0x0, 0x5, 0xff, 0xf4, 0x0, 0x0, 0x0, 0x0,
    0x1, 0xff, 0xf6, 0x0, 0x0, 0x0, 0x0, 0x0,
    0x9f, 0xfe, 0x66, 0x66, 0x66, 0x66, 0x64, 0xe,
    0xff, 0xff, 0xff, 0xff, 0xff, 0xff, 0xa1, 0xff,
    0xff, 0xff, 0xff, 0xff, 0xff, 0xfa,

    /* U+01BC "Ƽ" */
    0xaf, 0xff, 0xff, 0xff, 0xff, 0xff, 0xff, 0xa,
    0xff, 0xff, 0xff, 0xff, 0xff, 0xff, 0xf0, 0x46,
    0x6e, 0xfc, 0x66, 0x66, 0x66, 0x66, 0x0, 0x0,
    0xff, 0x70, 0x0, 0x0, 0x0, 0x0, 0x0, 0x3f,
    0xf3, 0x0, 0x0, 0x0, 0x0, 0x0, 0x6, 0xff,
    0x0, 0x0, 0x0, 0x0, 0x0, 0x0, 0xaf, 0xc3,
    0xae, 0xfe, 0xa4, 0x0, 0x0, 0xd, 0xff, 0xff,
    0xff, 0xff, 0xf9, 0x0, 0x0, 0xff, 0xfd, 0x75,
    0x59, 0xff, 0xf9, 0x0, 0x3f, 0xfa, 0x0, 0x0,
    0x2, 0xef, 0xf4, 0x0, 0x2, 0x0, 0x0, 0x0,
    0x6, 0xff, 0xa0, 0x0, 0x0, 0x0, 0x0, 0x0,
    0xf, 0xfd, 0x0, 0x0, 0x0, 0x0, 0x0, 0x0,
    0xef, 0xf0, 0x0, 0x0, 0x0, 0x0, 0x0, 0xe,
    0xfe, 0x8, 0xde, 0x0, 0x0, 0x0, 0x1, 0xff,
    0xb0, 0x8f, 0xf4, 0x0, 0x0, 0x0, 0x6f, 0xf7,
    0x3, 0xff, 0xd0, 0x0, 0x0, 0x2e, 0xfe, 0x0,
    0x9, 0xff, 0xd5, 0x11, 0x6e, 0xff, 0x40, 0x0,
    0x9, 0xff, 0xff, 0xff, 0xff, 0x50, 0x0, 0x0,
    0x3, 0x9d, 0xff, 0xd8, 0x10, 0x0,

    /* U+01BD "ƽ" */
    0xef, 0xff, 0xff, 0xff, 0xff, 0xff, 0x10, 0xef,
    0xff, 0xff, 0xff, 0xff, 0xff, 0x10, 0x2, 0xff,
    0x0, 0x0, 0x0, 0x0, 0x0, 0x5, 0xfb, 0x0,
    0x0, 0x0, 0x0, 0x0, 0x9, 0xf7, 0x0, 0x0,
    0x0, 0x0, 0x0, 0xc, 0xf9, 0xbe, 0xff, 0xc9,
    0x30, 0x0, 0xf, 0xff, 0xff, 0xff, 0xff, 0xf8,
    0x0, 0x3f, 0xf8, 0x20, 0x0, 0x4b, 0xff, 0x70,
    0x0, 0x0, 0x0, 0x0, 0x0, 0xdf, 0xe0, 0x0,
    0x0, 0x0, 0x0, 0x0, 0x8f, 0xf0, 0x24, 0x40,
    0x0, 0x0, 0x0, 0x9f, 0xf0, 0xaf, 0xf1, 0x0,
    0x0, 0x1, 0xff, 0xc0, 0x3f, 0xfd, 0x52, 0x12,
    0x7e, 0xff, 0x40, 0x6, 0xff, 0xff, 0xff, 0xff,
    0xf5, 0x0, 0x0, 0x28, 0xdf, 0xfe, 0xc7, 0x10,
    0x0,

    /* U+01BE "ƾ" */
    0x0, 0x0, 0x4, 0xff, 0x30, 0x0, 0x0, 0x0,
    0x0, 0x4, 0xff, 0x30, 0x0, 0x0, 0x0, 0xf,
    0xff, 0xff, 0xff, 0xf0, 0x0, 0x0, 0xf, 0xff,
    0xff, 0xff, 0xf0, 0x0, 0x0, 0x0, 0x3, 0xff,
    0x40, 0x0, 0x0, 0x0, 0x0, 0x1, 0xff, 0x50,
    0x0, 0x0, 0x0, 0x0, 0x0, 0xef, 0xa0, 0x0,
    0x0, 0x0, 0x0, 0x0, 0x8f, 0xf4, 0x0, 0x0,
    0x0, 0x0, 0x0, 0x1e, 0xff, 0x40, 0x0, 0x0,
    0x0, 0x0, 0x3, 0xef, 0xf4, 0x0, 0x0, 0x0,
    0x0, 0x0, 0x2e, 0xff, 0x30, 0x0, 0x0, 0x0,
    0x0, 0x2, 0xff, 0xe0, 0x0, 0x0, 0x0, 0x0,
    0x0, 0x6f, 0xf5, 0x0, 0x20, 0x0, 0x0, 0x0,
    0xf, 0xf9, 0x9f, 0xf1, 0x0, 0x0, 0x0, 0xe,
    0xfb, 0x5f, 0xf7, 0x0, 0x0, 0x0, 0x2f, 0xf9,
    0xf, 0xfe, 0x10, 0x0, 0x0, 0xbf, 0xf4, 0x6,
    0xff, 0xd5, 0x11, 0x4c, 0xff, 0xa0, 0x0, 0x7f,
    0xff, 0xff, 0xff, 0xfa, 0x0, 0x0, 0x2, 0x9d,
    0xff, 0xda, 0x40, 0x0,

    /* U+01BF "ƿ" */
    0xf, 0xf4, 0x5, 0xbe, 0xfd, 0x81, 0x0, 0xf,
    0xf6, 0xcf, 0xff, 0xff, 0xfd, 0x10, 0xf, 0xff,
    0xfa, 0x20, 0x18, 0xff, 0xb0, 0xf, 0xff, 0x50,
    0x0, 0x0, 0xaf, 0xf2, 0xf, 0xf8, 0x0, 0x0,
    0x0, 0x4f, 0xf5, 0xf, 0xf8, 0x0, 0x0, 0x0,
    0x3f, 0xf6, 0xf, 0xf8, 0x0, 0x0, 0x0, 0x3f,
    0xf5, 0xf, 0xf8, 0x0, 0x0, 0x0, 0x7f, 0xf2,
    0xf, 0xf8, 0x0, 0x0, 0x0, 0xdf, 0xc0, 0xf,
    0xf8, 0x0, 0x0, 0x8, 0xff, 0x40, 0xf, 0xf8,
    0x0, 0x0, 0x8f, 0xf8, 0x0, 0xf, 0xf8, 0x0,
    0x2b, 0xff, 0x80, 0x0, 0xf, 0xf8, 0x29, 0xff,
    0xe4, 0x0, 0x0, 0xf, 0xfe, 0xff, 0xf8, 0x0,
    0x0, 0x0, 0xf, 0xff, 0xd7, 0x10, 0x0, 0x0,
    0x0, 0xf, 0xf9, 0x0, 0x0, 0x0, 0x0, 0x0,
    0xf, 0xf8, 0x0, 0x0, 0x0, 0x0, 0x0, 0xf,
    0xf8, 0x0, 0x0, 0x0, 0x0, 0x0, 0xf, 0xf8,
    0x0, 0x0, 0x0, 0x0, 0x0, 0xf, 0xf8, 0x0,
    0x0, 0x0, 0x0, 0x0, 0xf, 0xf8, 0x0, 0x0,
    0x0, 0x0, 0x0,

    /* U+01C0 "ǀ" */
    0x5f, 0xe5, 0xfe, 0x5f, 0xe5, 0xfe, 0x5f, 0xe5,
    0xfe, 0x5f, 0xe5, 0xfe, 0x5f, 0xe5, 0xfe, 0x5f,
    0xe5, 0xfe, 0x5f, 0xe5, 0xfe, 0x5f, 0xe5, 0xfe,
    0x5f, 0xe5, 0xfe, 0x5f, 0xe5, 0xfe,

    /* U+01C1 "ǁ" */
    0x5f, 0xd0, 0x0, 0x6f, 0xc5, 0xfd, 0x0, 0x6,
    0xfc, 0x5f, 0xd0, 0x0, 0x6f, 0xc5, 0xfd, 0x0,
    0x6, 0xfc, 0x5f, 0xd0, 0x0, 0x6f, 0xc5, 0xfd,
    0x0, 0x6, 0xfc, 0x5f, 0xd0, 0x0, 0x6f, 0xc5,
    0xfd, 0x0, 0x6, 0xfc, 0x5f, 0xd0, 0x0, 0x6f,
    0xc5, 0xfd, 0x0, 0x6, 0xfc, 0x5f, 0xd0, 0x0,
    0x6f, 0xc5, 0xfd, 0x0, 0x6, 0xfc, 0x5f, 0xd0,
    0x0, 0x6f, 0xc5, 0xfd, 0x0, 0x6, 0xfc, 0x5f,
    0xd0, 0x0, 0x6f, 0xc5, 0xfd, 0x0, 0x6, 0xfc,
    0x5f, 0xd0, 0x0, 0x6f, 0xc5, 0xfd, 0x0, 0x6,
    0xfc, 0x5f, 0xd0, 0x0, 0x6f, 0xc5, 0xfd, 0x0,
    0x6, 0xfc,

    /* U+01C2 "ǂ" */
    0x0, 0x0, 0x3, 0xff, 0x0, 0x0, 0x0, 0x0,
    0x0, 0x3, 0xff, 0x0, 0x0, 0x0, 0x0, 0x0,
    0x3, 0xff, 0x0, 0x0, 0x0, 0x0, 0x0, 0x3,
    0xff, 0x0, 0x0, 0x0, 0x0, 0x0, 0x3, 0xff,
    0x0, 0x0, 0x0, 0x0, 0x0, 0x3, 0xff, 0x0,
    0x0, 0x0, 0x4f, 0xff, 0xff, 0xff, 0xff, 0xff,
    0xf0, 0x4e, 0xee, 0xee, 0xff, 0xee, 0xee, 0xe0,
    0x0, 0x0, 0x3, 0xff, 0x0, 0x0, 0x0, 0x0,
    0x0, 0x3, 0xff, 0x0, 0x0, 0x0, 0x0, 0x0,
    0x3, 0xff, 0x0, 0x0, 0x0, 0x4e, 0xee, 0xee,
    0xff, 0xee, 0xee, 0xe0, 0x4f, 0xff, 0xff, 0xff,
    0xff, 0xff, 0xf0, 0x0, 0x0, 0x3, 0xff, 0x0,
    0x0, 0x0, 0x0, 0x0, 0x3, 0xff, 0x0, 0x0,
    0x0, 0x0, 0x0, 0x3, 0xff, 0x0, 0x0, 0x0,
    0x0, 0x0, 0x3, 0xff, 0x0, 0x0, 0x0, 0x0,
    0x0, 0x3, 0xff, 0x0, 0x0, 0x0, 0x0, 0x0,
    0x3, 0xff, 0x0, 0x0, 0x0, 0x0, 0x0, 0x3,
    0xff, 0x0, 0x0, 0x0,

    /* U+01C3 "ǃ" */
    0x8f, 0xfa, 0x8f, 0xfa, 0x8f, 0xfa, 0x8f, 0xfa,
    0x8f, 0xf9, 0x7f, 0xf8, 0x6f, 0xf7, 0x5f, 0xf6,
    0x3f, 0xf5, 0x2f, 0xf4, 0x1f, 0xf3, 0xf, 0xf2,
    0xf, 0xf1, 0xe, 0xf0, 0xc, 0xf0, 0x2, 0x30,
    0x0, 0x0, 0x5d, 0xd6, 0x6f, 0xf7, 0x6f, 0xf7,

    /* U+01C4 "Ǆ" */
    0x0, 0x0, 0x0, 0x0, 0x0, 0x0, 0x0, 0x0,
    0x0, 0x0, 0x0, 0x5, 0x88, 0x10, 0x7, 0x87,
    0x0, 0x0, 0x0, 0x0, 0x0, 0x0, 0x0, 0x0,
    0x0, 0x0, 0x0, 0x0, 0x0, 0x2, 0xef, 0xa0,
    0x7f, 0xf5, 0x0, 0x0, 0x0, 0x0, 0x0, 0x0,
    0x0, 0x0, 0x0, 0x0, 0x0, 0x0, 0x0, 0x0,
    0x4f, 0xf7, 0xff, 0x90, 0x0, 0x0, 0x0, 0x0,
    0x0, 0x0, 0x0, 0x0, 0x0, 0x0, 0x0, 0x0,
    0x0, 0x0, 0x7, 0xff, 0xfc, 0x0, 0x0, 0x0,
    0x0, 0x0, 0x0, 0x0, 0x0, 0x0, 0x0, 0x0,
    0x0, 0x0, 0x0, 0x0, 0x0, 0x68, 0x81, 0x0,
    0x0, 0x0, 0x0, 0x0, 0x0, 0x0, 0x0, 0x0,
    0x0, 0x0, 0x0, 0x0, 0x0, 0x0, 0x0, 0x0,
    0x0, 0x0, 0x0, 0x0, 0xaf, 0xff, 0xff, 0xff,
    0xfe, 0xda, 0x40, 0x0, 0x0, 0x0, 0x7f, 0xff,
    0xff, 0xff, 0xff, 0xff, 0xff, 0xf6, 0xaf, 0xff,
    0xff, 0xff, 0xff, 0xff, 0xfc, 0x20, 0x0, 0x0,
    0x7f, 0xff, 0xff, 0xff, 0xff, 0xff, 0xff, 0xf6,
    0xaf, 0xf7, 0x66, 0x66, 0x67, 0xbf, 0xff, 0xe1,
    0x0, 0x0, 0x26, 0x66, 0x66, 0x66, 0x66, 0x67,
    0xff, 0xf4, 0xaf, 0xf1, 0x0, 0x0, 0x0, 0x1,
    0xbf, 0xfc, 0x0, 0x0, 0x0, 0x0, 0x0, 0x0,
    0x0, 0x1d, 0xff, 0x70, 0xaf, 0xf1, 0x0, 0x0,
    0x0, 0x0, 0xc, 0xff, 0x50, 0x0, 0x0, 0x0,
    0x0, 0x0, 0x0, 0xcf, 0xfa, 0x0, 0xaf, 0xf1,
    0x0, 0x0, 0x0, 0x0, 0x3, 0xff, 0xc0, 0x0,
    0x0, 0x0, 0x0, 0x0, 0x9, 0xff, 0xc0, 0x0,
    0xaf, 0xf1, 0x0, 0x0, 0x0, 0x0, 0x0, 0xcf,
    0xf1, 0x0, 0x0, 0x0, 0x0, 0x0, 0x7f, 0xfd,
    0x10, 0x0, 0xaf, 0xf1, 0x0, 0x0, 0x0, 0x0,
    0x0, 0x8f, 0xf4, 0x0, 0x0, 0x0, 0x0, 0x4,
    0xff, 0xf2, 0x0, 0x0, 0xaf, 0xf1, 0x0, 0x0,
    0x0, 0x0, 0x0, 0x6f, 0xf6, 0x0, 0x0, 0x0,
    0x0, 0x2f, 0xff, 0x40, 0x0, 0x0, 0xaf, 0xf1,
    0x0, 0x0, 0x0, 0x0, 0x0, 0x5f, 0xf7, 0x0,
    0x0, 0x0, 0x1, 0xdf, 0xf6, 0x0, 0x0, 0x0,
    0xaf, 0xf1, 0x0, 0x0, 0x0, 0x0, 0x0, 0x5f,
    0xf7, 0x0, 0x0, 0x0, 0xc, 0xff, 0x90, 0x0,
    0x0, 0x0, 0xaf, 0xf1, 0x0, 0x0, 0x0, 0x0,
    0x0, 0x6f, 0xf6, 0x0, 0x0, 0x0, 0xaf, 0xfb,
    0x0, 0x0, 0x0, 0x0, 0xaf, 0xf1, 0x0, 0x0,
    0x0, 0x0, 0x0, 0x9f, 0xf3, 0x0, 0x0, 0x7,
    0xff, 0xd0, 0x0, 0x0, 0x0, 0x0, 0xaf, 0xf1,
    0x0, 0x0, 0x0, 0x0, 0x0, 0xdf, 0xf0, 0x0,
    0x0, 0x4f, 0xfe, 0x10, 0x0, 0x0, 0x0, 0x0,
    0xaf, 0xf1, 0x0, 0x0, 0x0, 0x0, 0x4, 0xff,
    0xb0, 0x0, 0x2, 0xff, 0xf3, 0x0, 0x0, 0x0,
    0x0, 0x0, 0xaf, 0xf1, 0x0, 0x0, 0x0, 0x0,
    0xd, 0xff, 0x40, 0x0, 0x1e, 0xff, 0x50, 0x0,
    0x0, 0x0, 0x0, 0x0, 0xaf, 0xf1, 0x0, 0x0,
    0x0, 0x2, 0xcf, 0xfb, 0x0, 0x0, 0xcf, 0xf7,
    0x0, 0x0, 0x0, 0x0, 0x0, 0x0, 0xaf, 0xf7,
    0x66, 0x66, 0x68, 0xbf, 0xff, 0xd1, 0x0, 0x8,
    0xff, 0xd6, 0x66, 0x66, 0x66, 0x66, 0x66, 0x65,
    0xaf, 0xff, 0xff, 0xff, 0xff, 0xff, 0xfa, 0x10,
    0x0, 0xa, 0xff, 0xff, 0xff, 0xff, 0xff, 0xff,
    0xff, 0xfc, 0xaf, 0xff, 0xff, 0xff, 0xfe, 0xc8,
    0x30, 0x0, 0x0, 0xa, 0xff, 0xff, 0xff, 0xff,
    0xff, 0xff, 0xff, 0xfc,

    /* U+01C5 "ǅ" */
    0xaf, 0xff, 0xff, 0xff, 0xfe, 0xda, 0x40, 0x0,
    0x0, 0x0, 0x0, 0xcf, 0xe1, 0xa, 0xff, 0x30,
    0xa, 0xff, 0xff, 0xff, 0xff, 0xff, 0xff, 0xc2,
    0x0, 0x0, 0x0, 0x1, 0xcf, 0xb7, 0xff, 0x40,
    0x0, 0xaf, 0xf7, 0x66, 0x66, 0x67, 0xbf, 0xff,
    0xe1, 0x0, 0x0, 0x0, 0x1, 0xdf, 0xff, 0x50,
    0x0, 0xa, 0xff, 0x10, 0x0, 0x0, 0x0, 0x1b,
    0xff, 0xc0, 0x0, 0x0, 0x0, 0x1, 0x55, 0x30,
    0x0, 0x0, 0xaf, 0xf1, 0x0, 0x0, 0x0, 0x0,
    0xc, 0xff, 0x50, 0x0, 0x0, 0x0, 0x0, 0x0,
    0x0, 0x0, 0xa, 0xff, 0x10, 0x0, 0x0, 0x0,
    0x0, 0x3f, 0xfc, 0x0, 0xe, 0xff, 0xff, 0xff,
    0xff, 0xff, 0xf6, 0xaf, 0xf1, 0x0, 0x0, 0x0,
    0x0, 0x0, 0xcf, 0xf1, 0x0, 0xef, 0xff, 0xff,
    0xff, 0xff, 0xff, 0x4a, 0xff, 0x10, 0x0, 0x0,
    0x0, 0x0, 0x8, 0xff, 0x40, 0x0, 0x0, 0x0,
    0x0, 0x5, 0xff, 0x90, 0xaf, 0xf1, 0x0, 0x0,
    0x0, 0x0, 0x0, 0x6f, 0xf6, 0x0, 0x0, 0x0,
    0x0, 0x3, 0xff, 0xc0, 0xa, 0xff, 0x10, 0x0,
    0x0, 0x0, 0x0, 0x5, 0xff, 0x70, 0x0, 0x0,
    0x0, 0x2, 0xef, 0xd1, 0x0, 0xaf, 0xf1, 0x0,
    0x0, 0x0, 0x0, 0x0, 0x5f, 0xf7, 0x0, 0x0,
    0x0, 0x1, 0xdf, 0xe2, 0x0, 0xa, 0xff, 0x10,
    0x0, 0x0, 0x0, 0x0, 0x6, 0xff, 0x60, 0x0,
    0x0, 0x0, 0xcf, 0xf4, 0x0, 0x0, 0xaf, 0xf1,
    0x0, 0x0, 0x0, 0x0, 0x0, 0x9f, 0xf3, 0x0,
    0x0, 0x0, 0xaf, 0xf6, 0x0, 0x0, 0xa, 0xff,
    0x10, 0x0, 0x0, 0x0, 0x0, 0xd, 0xff, 0x0,
    0x0, 0x0, 0x8f, 0xf8, 0x0, 0x0, 0x0, 0xaf,
    0xf1, 0x0, 0x0, 0x0, 0x0, 0x4, 0xff, 0xb0,
    0x0, 0x0, 0x6f, 0xfb, 0x0, 0x0, 0x0, 0xa,
    0xff, 0x10, 0x0, 0x0, 0x0, 0x0, 0xdf, 0xf4,
    0x0, 0x0, 0x5f, 0xfd, 0x0, 0x0, 0x0, 0x0,
    0xaf, 0xf1, 0x0, 0x0, 0x0, 0x2, 0xcf, 0xfb,
    0x0, 0x0, 0x3f, 0xfe, 0x10, 0x0, 0x0, 0x0,
    0xa, 0xff, 0x76, 0x66, 0x66, 0x8b, 0xff, 0xfd,
    0x10, 0x0, 0x2e, 0xff, 0x41, 0x11, 0x11, 0x11,
    0x11, 0xaf, 0xff, 0xff, 0xff, 0xff, 0xff, 0xfa,
    0x10, 0x0, 0x7, 0xff, 0xff, 0xff, 0xff, 0xff,
    0xff, 0xda, 0xff, 0xff, 0xff, 0xff, 0xec, 0x83,
    0x0, 0x0, 0x0, 0x7f, 0xff, 0xff, 0xff, 0xff,
    0xff, 0xfd,

    /* U+01C6 "ǆ" */
    0x0, 0x0, 0x0, 0x0, 0x0, 0x7f, 0xf1, 0x0,
    0x0, 0x9f, 0xf3, 0x6, 0xff, 0x60, 0x0, 0x0,
    0x0, 0x0, 0x0, 0x0, 0x7f, 0xf1, 0x0, 0x0,
    0xa, 0xfe, 0x6f, 0xf8, 0x0, 0x0, 0x0, 0x0,
    0x0, 0x0, 0x0, 0x7f, 0xf1, 0x0, 0x0, 0x0,
    0xaf, 0xff, 0x90, 0x0, 0x0, 0x0, 0x0, 0x0,
    0x0, 0x0, 0x7f, 0xf1, 0x0, 0x0, 0x0, 0x5,
    0x55, 0x0, 0x0, 0x0, 0x0, 0x0, 0x0, 0x0,
    0x0, 0x7f, 0xf1, 0x0, 0x0, 0x0, 0x0, 0x0,
    0x0, 0x0, 0x0, 0x0, 0x4, 0xbe, 0xfd, 0x91,
    0x7f, 0xf1, 0x0, 0xbf, 0xff, 0xff, 0xff, 0xff,
    0xff, 0x90, 0x0, 0xaf, 0xff, 0xff, 0xfe, 0x9f,
    0xf1, 0x0, 0xbf, 0xff, 0xff, 0xff, 0xff, 0xff,
    0x80, 0x8, 0xff, 0xb3, 0x2, 0x8f, 0xff, 0xf1,
    0x0, 0x0, 0x0, 0x0, 0x0, 0x3f, 0xfe, 0x20,
    0x2f, 0xfb, 0x0, 0x0, 0x6, 0xff, 0xf1, 0x0,
    0x0, 0x0, 0x0, 0x1, 0xef, 0xf3, 0x0, 0x8f,
    0xf3, 0x0, 0x0, 0x0, 0xdf, 0xf1, 0x0, 0x0,
    0x0, 0x0, 0x1d, 0xff, 0x50, 0x0, 0xcf, 0xe0,
    0x0, 0x0, 0x0, 0x7f, 0xf1, 0x0, 0x0, 0x0,
    0x0, 0xbf, 0xf7, 0x0, 0x0, 0xef, 0xc0, 0x0,
    0x0, 0x0, 0x5f, 0xf1, 0x0, 0x0, 0x0, 0xa,
    0xff, 0x90, 0x0, 0x0, 0xef, 0xa0, 0x0, 0x0,
    0x0, 0x4f, 0xf1, 0x0, 0x0, 0x0, 0x8f, 0xfb,
    0x0, 0x0, 0x0, 0xef, 0xb0, 0x0, 0x0, 0x0,
    0x4f, 0xf1, 0x0, 0x0, 0x6, 0xff, 0xc0, 0x0,
    0x0, 0x0, 0xbf, 0xe0, 0x0, 0x0, 0x0, 0x6f,
    0xf1, 0x0, 0x0, 0x4f, 0xfe, 0x10, 0x0, 0x0,
    0x0, 0x7f, 0xf3, 0x0, 0x0, 0x0, 0xbf, 0xf1,
    0x0, 0x3, 0xff, 0xf2, 0x0, 0x0, 0x0, 0x0,
    0x1f, 0xfc, 0x0, 0x0, 0x5, 0xff, 0xf1, 0x0,
    0x2e, 0xff, 0x40, 0x0, 0x0, 0x0, 0x0, 0x6,
    0xff, 0xd5, 0x12, 0x7f, 0xff, 0xf1, 0x1, 0xdf,
    0xf7, 0x11, 0x11, 0x11, 0x11, 0x10, 0x0, 0x7f,
    0xff, 0xff, 0xff, 0x7f, 0xf1, 0x4, 0xff, 0xff,
    0xff, 0xff, 0xff, 0xff, 0xf0, 0x0, 0x3, 0xae,
    0xfe, 0xa2, 0x4f, 0xf1, 0x4, 0xff, 0xff, 0xff,
    0xff, 0xff, 0xff, 0xf0,

    /* U+01C7 "Ǉ" */
    0xdf, 0xe0, 0x0, 0x0, 0x0, 0x0, 0x0, 0x0,
    0x0, 0x0, 0x0, 0x3f, 0xf8, 0xdf, 0xe0, 0x0,
    0x0, 0x0, 0x0, 0x0, 0x0, 0x0, 0x0, 0x0,
    0x3f, 0xf8, 0xdf, 0xe0, 0x0, 0x0, 0x0, 0x0,
    0x0, 0x0, 0x0, 0x0, 0x0, 0x3f, 0xf8, 0xdf,
    0xe0, 0x0, 0x0, 0x0, 0x0, 0x0, 0x0, 0x0,
    0x0, 0x0, 0x3f, 0xf8, 0xdf, 0xe0, 0x0, 0x0,
    0x0, 0x0, 0x0, 0x0, 0x0, 0x0, 0x0, 0x3f,
    0xf8, 0xdf, 0xe0, 0x0, 0x0, 0x0, 0x0, 0x0,
    0x0, 0x0, 0x0, 0x0, 0x3f, 0xf8, 0xdf, 0xe0,
    0x0, 0x0, 0x0, 0x0, 0x0, 0x0, 0x0, 0x0,
    0x0, 0x3f, 0xf8, 0xdf, 0xe0, 0x0, 0x0, 0x0,
    0x0, 0x0, 0x0, 0x0, 0x0, 0x0, 0x3f, 0xf8,
    0xdf, 0xe0, 0x0, 0x0, 0x0, 0x0, 0x0, 0x0,
    0x0, 0x0, 0x0, 0x3f, 0xf8, 0xdf, 0xe0, 0x0,
    0x0, 0x0, 0x0, 0x0, 0x0, 0x0, 0x0, 0x0,
    0x3f, 0xf8, 0xdf, 0xe0, 0x0, 0x0, 0x0, 0x0,
    0x0, 0x0, 0x0, 0x0, 0x0, 0x3f, 0xf8, 0xdf,
    0xe0, 0x0, 0x0, 0x0, 0x0, 0x0, 0x0, 0x0,
    0x0, 0x0, 0x3f, 0xf8, 0xdf, 0xe0, 0x0, 0x0,
    0x0, 0x0, 0x0, 0x0, 0x0, 0x0, 0x0, 0x3f,
    0xf8, 0xdf, 0xe0, 0x0, 0x0, 0x0, 0x0, 0x0,
    0x0, 0x0, 0x0, 0x0, 0x3f, 0xf8, 0xdf, 0xe0,
    0x0, 0x0, 0x0, 0x0, 0x0, 0xae, 0xa0, 0x0,
    0x0, 0x4f, 0xf7, 0xdf, 0xe0, 0x0, 0x0, 0x0,
    0x0, 0x0, 0xcf, 0xd0, 0x0, 0x0, 0x6f, 0xf5,
    0xdf, 0xe0, 0x0, 0x0, 0x0, 0x0, 0x0, 0x9f,
    0xf5, 0x0, 0x0, 0xdf, 0xf1, 0xdf, 0xf6, 0x66,
    0x66, 0x66, 0x66, 0x61, 0x3f, 0xff, 0xa7, 0x8d,
    0xff, 0xa0, 0xdf, 0xff, 0xff, 0xff, 0xff, 0xff,
    0xf2, 0x8, 0xff, 0xff, 0xff, 0xfd, 0x10, 0xdf,
    0xff, 0xff, 0xff, 0xff, 0xff, 0xf2, 0x0, 0x4b,
    0xef, 0xfc, 0x70, 0x0,

    /* U+01C8 "ǈ" */
    0xdf, 0xe0, 0x0, 0x0, 0x0, 0x0, 0x0, 0x0,
    0xff, 0x9d, 0xfe, 0x0, 0x0, 0x0, 0x0, 0x0,
    0x0, 0xf, 0xf9, 0xdf, 0xe0, 0x0, 0x0, 0x0,
    0x0, 0x0, 0x0, 0xcd, 0x7d, 0xfe, 0x0, 0x0,
    0x0, 0x0, 0x0, 0x0, 0x0, 0x0, 0xdf, 0xe0,
    0x0, 0x0, 0x0, 0x0, 0x0, 0x0, 0x0, 0xd,
    0xfe, 0x0, 0x0, 0x0, 0x0, 0x0, 0x0, 0xf,
    0xf9, 0xdf, 0xe0, 0x0, 0x0, 0x0, 0x0, 0x0,
    0x0, 0xff, 0x9d, 0xfe, 0x0, 0x0, 0x0, 0x0,
    0x0, 0x0, 0xf, 0xf9, 0xdf, 0xe0, 0x0, 0x0,
    0x0, 0x0, 0x0, 0x0, 0xff, 0x9d, 0xfe, 0x0,
    0x0, 0x0, 0x0, 0x0, 0x0, 0xf, 0xf9, 0xdf,
    0xe0, 0x0, 0x0, 0x0, 0x0, 0x0, 0x0, 0xff,
    0x9d, 0xfe, 0x0, 0x0, 0x0, 0x0, 0x0, 0x0,
    0xf, 0xf9, 0xdf, 0xe0, 0x0, 0x0, 0x0, 0x0,
    0x0, 0x0, 0xff, 0x9d, 0xfe, 0x0, 0x0, 0x0,
    0x0, 0x0, 0x0, 0xf, 0xf9, 0xdf, 0xe0, 0x0,
    0x0, 0x0, 0x0, 0x0, 0x0, 0xff, 0x9d, 0xfe,
    0x0, 0x0, 0x0, 0x0, 0x0, 0x0, 0xf, 0xf9,
    0xdf, 0xe0, 0x0, 0x0, 0x0, 0x0, 0x0, 0x0,
    0xff, 0x9d, 0xff, 0x66, 0x66, 0x66, 0x66, 0x66,
    0x10, 0xf, 0xf9, 0xdf, 0xff, 0xff, 0xff, 0xff,
    0xff, 0xf2, 0x0, 0xff, 0x9d, 0xff, 0xff, 0xff,
    0xff, 0xff, 0xff, 0x20, 0xf, 0xf9, 0x0, 0x0,
    0x0, 0x0, 0x0, 0x0, 0x0, 0x0, 0xff, 0x90,
    0x0, 0x0, 0x0, 0x0, 0x0, 0x0, 0x0, 0xf,
    0xf8, 0x0, 0x0, 0x0, 0x0, 0x0, 0x0, 0x0,
    0x1, 0xff, 0x70, 0x0, 0x0, 0x0, 0x0, 0x0,
    0x0, 0x33, 0x9f, 0xf4, 0x0, 0x0, 0x0, 0x0,
    0x0, 0x0, 0xe, 0xff, 0xfd, 0x0, 0x0, 0x0,
    0x0, 0x0, 0x0, 0x1, 0xdf, 0xea, 0x10,

    /* U+01C9 "ǉ" */
    0x1f, 0xf7, 0x0, 0xa, 0xfe, 0x1f, 0xf7, 0x0,
    0xa, 0xfe, 0x1f, 0xf7, 0x0, 0x8, 0xdb, 0x1f,
    0xf7, 0x0, 0x0, 0x0, 0x1f, 0xf7, 0x0, 0x0,
    0x0, 0x1f, 0xf7, 0x0, 0xa, 0xfe, 0x1f, 0xf7,
    0x0, 0xa, 0xfe, 0x1f, 0xf7, 0x0, 0xa, 0xfe,
    0x1f, 0xf7, 0x0, 0xa, 0xfe, 0x1f, 0xf7, 0x0,
    0xa, 0xfe, 0x1f, 0xf7, 0x0, 0xa, 0xfe, 0x1f,
    0xf7, 0x0, 0xa, 0xfe, 0x1f, 0xf7, 0x0, 0xa,
    0xfe, 0x1f, 0xf7, 0x0, 0xa, 0xfe, 0x1f, 0xf7,
    0x0, 0xa, 0xfe, 0x1f, 0xf7, 0x0, 0xa, 0xfe,
    0x1f, 0xf7, 0x0, 0xa, 0xfe, 0x1f, 0xf7, 0x0,
    0xa, 0xfe, 0x1f, 0xf7, 0x0, 0xa, 0xfe, 0x1f,
    0xf7, 0x0, 0xa, 0xfe, 0x0, 0x0, 0x0, 0xa,
    0xfe, 0x0, 0x0, 0x0, 0xa, 0xfd, 0x0, 0x0,
    0x0, 0xc, 0xfc, 0x0, 0x0, 0x23, 0x6f, 0xf9,
    0x0, 0x0, 0x9f, 0xff, 0xf3, 0x0, 0x0, 0xae,
    0xfc, 0x40,

    /* U+01CA "Ǌ" */
    0xbf, 0xf7, 0x0, 0x0, 0x0, 0x0, 0x0, 0xff,
    0xa0, 0x0, 0x0, 0x0, 0x0, 0x0, 0xaf, 0xf1,
    0xbf, 0xff, 0x20, 0x0, 0x0, 0x0, 0x0, 0xff,
    0xa0, 0x0, 0x0, 0x0, 0x0, 0x0, 0xaf, 0xf1,
    0xbf, 0xff, 0xd0, 0x0, 0x0, 0x0, 0x0, 0xff,
    0xa0, 0x0, 0x0, 0x0, 0x0, 0x0, 0xaf, 0xf1,
    0xbf, 0xff, 0xf8, 0x0, 0x0, 0x0, 0x0, 0xff,
    0xa0, 0x0, 0x0, 0x0, 0x0, 0x0, 0xaf, 0xf1,
    0xbf, 0xed, 0xff, 0x40, 0x0, 0x0, 0x0, 0xff,
    0xa0, 0x0, 0x0, 0x0, 0x0, 0x0, 0xaf, 0xf1,
    0xbf, 0xe2, 0xff, 0xe1, 0x0, 0x0, 0x0, 0xff,
    0xa0, 0x0, 0x0, 0x0, 0x0, 0x0, 0xaf, 0xf1,
    0xbf, 0xe0, 0x7f, 0xfa, 0x0, 0x0, 0x0, 0xff,
    0xa0, 0x0, 0x0, 0x0, 0x0, 0x0, 0xaf, 0xf1,
    0xbf, 0xe0, 0xc, 0xff, 0x60, 0x0, 0x0, 0xff,
    0xa0, 0x0, 0x0, 0x0, 0x0, 0x0, 0xaf, 0xf1,
    0xbf, 0xe0, 0x2, 0xff, 0xf2, 0x0, 0x0, 0xff,
    0xa0, 0x0, 0x0, 0x0, 0x0, 0x0, 0xaf, 0xf1,
    0xbf, 0xe0, 0x0, 0x6f, 0xfc, 0x0, 0x0, 0xff,
    0xa0, 0x0, 0x0, 0x0, 0x0, 0x0, 0xaf, 0xf1,
    0xbf, 0xe0, 0x0, 0xb, 0xff, 0x70, 0x0, 0xff,
    0xa0, 0x0, 0x0, 0x0, 0x0, 0x0, 0xaf, 0xf1,
    0xbf, 0xe0, 0x0, 0x1, 0xef, 0xf3, 0x0, 0xff,
    0xa0, 0x0, 0x0, 0x0, 0x0, 0x0, 0xaf, 0xf1,
    0xbf, 0xe0, 0x0, 0x0, 0x5f, 0xfd, 0x0, 0xff,
    0xa0, 0x0, 0x0, 0x0, 0x0, 0x0, 0xaf, 0xf1,
    0xbf, 0xe0, 0x0, 0x0, 0xa, 0xff, 0x90, 0xff,
    0xa0, 0x0, 0x13, 0x0, 0x0, 0x0, 0xaf, 0xf1,
    0xbf, 0xe0, 0x0, 0x0, 0x1, 0xef, 0xf5, 0xff,
    0xa0, 0x4, 0xff, 0x30, 0x0, 0x0, 0xbf, 0xf0,
    0xbf, 0xe0, 0x0, 0x0, 0x0, 0x4f, 0xfe, 0xff,
    0xa0, 0x3, 0xff, 0x70, 0x0, 0x0, 0xdf, 0xe0,
    0xbf, 0xe0, 0x0, 0x0, 0x0, 0x9, 0xff, 0xff,
    0xa0, 0x0, 0xff, 0xe1, 0x0, 0x5, 0xff, 0xa0,
    0xbf, 0xe0, 0x0, 0x0, 0x0, 0x0, 0xdf, 0xff,
    0xa0, 0x0, 0x9f, 0xfe, 0x87, 0xaf, 0xff, 0x30,
    0xbf, 0xe0, 0x0, 0x0, 0x0, 0x0, 0x3f, 0xff,
    0xa0, 0x0, 0x1d, 0xff, 0xff, 0xff, 0xf7, 0x0,
    0xbf, 0xe0, 0x0, 0x0, 0x0, 0x0, 0x8, 0xff,
    0xa0, 0x0, 0x0, 0x7c, 0xff, 0xea, 0x30, 0x0,

    /* U+01CB "ǋ" */
    0xbf, 0xf7, 0x0, 0x0, 0x0, 0x0, 0x0, 0xff,
    0xa0, 0x0, 0x2f, 0xf6, 0xbf, 0xff, 0x20, 0x0,
    0x0, 0x0, 0x0, 0xff, 0xa0, 0x0, 0x2f, 0xf6,
    0xbf, 0xff, 0xc0, 0x0, 0x0, 0x0, 0x0, 0xff,
    0xa0, 0x0, 0x2d, 0xd5, 0xbf, 0xff, 0xf8, 0x0,
    0x0, 0x0, 0x0, 0xff, 0xa0, 0x0, 0x0, 0x0,
    0xbf, 0xeb, 0xff, 0x30, 0x0, 0x0, 0x0, 0xff,
    0xa0, 0x0, 0x0, 0x0, 0xbf, 0xe1, 0xef, 0xd0,
    0x0, 0x0, 0x0, 0xff, 0xa0, 0x0, 0x2f, 0xf6,
    0xbf, 0xe0, 0x5f, 0xfa, 0x0, 0x0, 0x0, 0xff,
    0xa0, 0x0, 0x2f, 0xf6, 0xbf, 0xe0, 0xa, 0xff,
    0x50, 0x0, 0x0, 0xff, 0xa0, 0x0, 0x2f, 0xf6,
    0xbf, 0xe0, 0x1, 0xef, 0xe1, 0x0, 0x0, 0xff,
    0xa0, 0x0, 0x2f, 0xf6, 0xbf, 0xe0, 0x0, 0x5f,
    0xfb, 0x0, 0x0, 0xff, 0xa0, 0x0, 0x2f, 0xf6,
    0xbf, 0xe0, 0x0, 0xa, 0xff, 0x60, 0x0, 0xff,
    0xa0, 0x0, 0x2f, 0xf6, 0xbf, 0xe0, 0x0, 0x1,
    0xef, 0xf2, 0x0, 0xff, 0xa0, 0x0, 0x2f, 0xf6,
    0xbf, 0xe0, 0x0, 0x0, 0x4f, 0xfc, 0x0, 0xff,
    0xa0, 0x0, 0x2f, 0xf6, 0xbf, 0xe0, 0x0, 0x0,
    0x9, 0xff, 0x80, 0xff, 0xa0, 0x0, 0x2f, 0xf6,
    0xbf, 0xe0, 0x0, 0x0, 0x0, 0xef, 0xf3, 0xff,
    0xa0, 0x0, 0x2f, 0xf6, 0xbf, 0xe0, 0x0, 0x0,
    0x0, 0x4f, 0xfd, 0xff, 0xa0, 0x0, 0x2f, 0xf6,
    0xbf, 0xe0, 0x0, 0x0, 0x0, 0x9, 0xff, 0xff,
    0xa0, 0x0, 0x2f, 0xf6, 0xbf, 0xe0, 0x0, 0x0,
    0x0, 0x0, 0xdf, 0xff, 0xa0, 0x0, 0x2f, 0xf6,
    0xbf, 0xe0, 0x0, 0x0, 0x0, 0x0, 0x3f, 0xff,
    0xa0, 0x0, 0x2f, 0xf6, 0xbf, 0xe0, 0x0, 0x0,
    0x0, 0x0, 0x8, 0xff, 0xa0, 0x0, 0x2f, 0xf6,
    0x0, 0x0, 0x0, 0x0, 0x0, 0x0, 0x0, 0x0,
    0x0, 0x0, 0x2f, 0xf6, 0x0, 0x0, 0x0, 0x0,
    0x0, 0x0, 0x0, 0x0, 0x0, 0x0, 0x2f, 0xf5,
    0x0, 0x0, 0x0, 0x0, 0x0, 0x0, 0x0, 0x0,
    0x0, 0x0, 0x4f, 0xf4, 0x0, 0x0, 0x0, 0x0,
    0x0, 0x0, 0x0, 0x0, 0x0, 0x43, 0xbf, 0xf1,
    0x0, 0x0, 0x0, 0x0, 0x0, 0x0, 0x0, 0x0,
    0x1, 0xff, 0xff, 0xa0, 0x0, 0x0, 0x0, 0x0,
    0x0, 0x0, 0x0, 0x0, 0x3, 0xdf, 0xe9, 0x0,

    /* U+01CC "ǌ" */
    0x0, 0x0, 0x0, 0x0, 0x0, 0x0, 0x0, 0x0,
    0xf, 0xf9, 0x0, 0x0, 0x0, 0x0, 0x0, 0x0,
    0x0, 0x0, 0xf, 0xf9, 0x0, 0x0, 0x0, 0x0,
    0x0, 0x0, 0x0, 0x0, 0xc, 0xd7, 0x0, 0x0,
    0x0, 0x0, 0x0, 0x0, 0x0, 0x0, 0x0, 0x0,
    0x0, 0x0, 0x0, 0x0, 0x0, 0x0, 0x0, 0x0,
    0x0, 0x0, 0xf, 0xf4, 0x7, 0xcf, 0xfd, 0x81,
    0x0, 0x0, 0xf, 0xf9, 0xf, 0xf5, 0xcf, 0xff,
    0xff, 0xfe, 0x20, 0x0, 0xf, 0xf9, 0xf, 0xfe,
    0xfa, 0x42, 0x4c, 0xff, 0xb0, 0x0, 0xf, 0xf9,
    0xf, 0xff, 0x60, 0x0, 0x0, 0xdf, 0xf0, 0x0,
    0xf, 0xf9, 0xf, 0xfd, 0x0, 0x0, 0x0, 0x7f,
    0xf2, 0x0, 0xf, 0xf9, 0xf, 0xfa, 0x0, 0x0,
    0x0, 0x6f, 0xf3, 0x0, 0xf, 0xf9, 0xf, 0xf8,
    0x0, 0x0, 0x0, 0x5f, 0xf3, 0x0, 0xf, 0xf9,
    0xf, 0xf8, 0x0, 0x0, 0x0, 0x5f, 0xf3, 0x0,
    0xf, 0xf9, 0xf, 0xf8, 0x0, 0x0, 0x0, 0x5f,
    0xf3, 0x0, 0xf, 0xf9, 0xf, 0xf8, 0x0, 0x0,
    0x0, 0x5f, 0xf3, 0x0, 0xf, 0xf9, 0xf, 0xf8,
    0x0, 0x0, 0x0, 0x5f, 0xf3, 0x0, 0xf, 0xf9,
    0xf, 0xf8, 0x0, 0x0, 0x0, 0x5f, 0xf3, 0x0,
    0xf, 0xf9, 0xf, 0xf8, 0x0, 0x0, 0x0, 0x5f,
    0xf3, 0x0, 0xf, 0xf9, 0xf, 0xf8, 0x0, 0x0,
    0x0, 0x5f, 0xf3, 0x0, 0xf, 0xf9, 0xf, 0xf8,
    0x0, 0x0, 0x0, 0x5f, 0xf3, 0x0, 0xf, 0xf9,
    0x0, 0x0, 0x0, 0x0, 0x0, 0x0, 0x0, 0x0,
    0xf, 0xf9, 0x0, 0x0, 0x0, 0x0, 0x0, 0x0,
    0x0, 0x0, 0xf, 0xf8, 0x0, 0x0, 0x0, 0x0,
    0x0, 0x0, 0x0, 0x0, 0x1f, 0xf7, 0x0, 0x0,
    0x0, 0x0, 0x0, 0x0, 0x0, 0x33, 0x9f, 0xf4,
    0x0, 0x0, 0x0, 0x0, 0x0, 0x0, 0x0, 0xef,
    0xff, 0xd0, 0x0, 0x0, 0x0, 0x0, 0x0, 0x0,
    0x1, 0xdf, 0xea, 0x10,

    /* U+01CD "Ǎ" */
    0x0, 0x0, 0x0, 0xef, 0x60, 0x7, 0xfd, 0x0,
    0x0, 0x0, 0x0, 0x0, 0x0, 0x4f, 0xf3, 0x3f,
    0xf3, 0x0, 0x0, 0x0, 0x0, 0x0, 0x0, 0xa,
    0xfe, 0xef, 0x90, 0x0, 0x0, 0x0, 0x0, 0x0,
    0x0, 0x1, 0xef, 0xfd, 0x0, 0x0, 0x0, 0x0,
    0x0, 0x0, 0x0, 0x0, 0x0, 0x0, 0x0, 0x0,
    0x0, 0x0, 0x0, 0x0, 0x0, 0x0, 0x0, 0x0,
    0x0, 0x0, 0x0, 0x0, 0x0, 0x0, 0x0, 0x2,
    0xff, 0xff, 0x20, 0x0, 0x0, 0x0, 0x0, 0x0,
    0x0, 0x8, 0xff, 0xff, 0x80, 0x0, 0x0, 0x0,
    0x0, 0x0, 0x0, 0xe, 0xff, 0xff, 0xd0, 0x0,
    0x0, 0x0, 0x0, 0x0, 0x0, 0x3f, 0xfd, 0xef,
    0xf3, 0x0, 0x0, 0x0, 0x0, 0x0, 0x0, 0x9f,
    0xf8, 0x9f, 0xf9, 0x0, 0x0, 0x0, 0x0, 0x0,
    0x0, 0xef, 0xf3, 0x4f, 0xfe, 0x0, 0x0, 0x0,
    0x0, 0x0, 0x4, 0xff, 0xd0, 0xe, 0xff, 0x40,
    0x0, 0x0, 0x0, 0x0, 0xa, 0xff, 0x80, 0x9,
    0xff, 0xa0, 0x0, 0x0, 0x0, 0x0, 0xf, 0xff,
    0x30, 0x4, 0xff, 0xf0, 0x0, 0x0, 0x0, 0x0,
    0x5f, 0xfe, 0x0, 0x0, 0xef, 0xf5, 0x0, 0x0,
    0x0, 0x0, 0xbf, 0xf9, 0x0, 0x0, 0x9f, 0xfb,
    0x0, 0x0, 0x0, 0x1, 0xff, 0xf3, 0x0, 0x0,
    0x4f, 0xff, 0x10, 0x0, 0x0, 0x6, 0xff, 0xe0,
    0x0, 0x0, 0xe, 0xff, 0x60, 0x0, 0x0, 0xc,
    0xff, 0xff, 0xff, 0xff, 0xff, 0xff, 0xc0, 0x0,
    0x0, 0x2f, 0xff, 0xff, 0xff, 0xff, 0xff, 0xff,
    0xf1, 0x0, 0x0, 0x7f, 0xff, 0xee, 0xee, 0xee,
    0xee, 0xff, 0xf7, 0x0, 0x0, 0xdf, 0xf8, 0x0,
    0x0, 0x0, 0x0, 0x9f, 0xfd, 0x0, 0x3, 0xff,
    0xf2, 0x0, 0x0, 0x0, 0x0, 0x3f, 0xff, 0x20,
    0x8, 0xff, 0xd0, 0x0, 0x0, 0x0, 0x0, 0xd,
    0xff, 0x80, 0xe, 0xff, 0x70, 0x0, 0x0, 0x0,
    0x0, 0x7, 0xff, 0xd0, 0x3f, 0xff, 0x10, 0x0,
    0x0, 0x0, 0x0, 0x2, 0xff, 0xf3,

    /* U+01CE "ǎ" */
    0x0, 0xb, 0xfa, 0x0, 0x3f, 0xf3, 0x0, 0x0,
    0x0, 0x2f, 0xf5, 0xd, 0xf9, 0x0, 0x0, 0x0,
    0x0, 0x8f, 0xea, 0xfe, 0x0, 0x0, 0x0, 0x0,
    0x0, 0xdf, 0xff, 0x50, 0x0, 0x0, 0x0, 0x0,
    0x2, 0x55, 0x50, 0x0, 0x0, 0x0, 0x0, 0x0,
    0x0, 0x0, 0x0, 0x0, 0x0, 0x0, 0x3, 0x9d,
    0xff, 0xea, 0x40, 0x0, 0x0, 0x9, 0xff, 0xff,
    0xff, 0xff, 0x90, 0x0, 0x8, 0xff, 0xfe, 0xbb,
    0xef, 0xff, 0x70, 0x1, 0xff, 0xf7, 0x0, 0x0,
    0x7f, 0xff, 0x0, 0x5c, 0xca, 0x0, 0x0, 0x0,
    0xcf, 0xf5, 0x0, 0x0, 0x0, 0x0, 0x0, 0xa,
    0xff, 0x70, 0x0, 0x0, 0x1, 0x48, 0xbe, 0xff,
    0xf8, 0x0, 0x2, 0x9e, 0xff, 0xff, 0xff, 0xff,
    0x80, 0x6, 0xff, 0xff, 0xfe, 0xb8, 0xbf, 0xf8,
    0x3, 0xff, 0xfb, 0x51, 0x0, 0x9, 0xff, 0x80,
    0xaf, 0xfb, 0x0, 0x0, 0x0, 0xbf, 0xf8, 0xc,
    0xff, 0x70, 0x0, 0x0, 0x2f, 0xff, 0x80, 0xbf,
    0xfb, 0x0, 0x0, 0x2d, 0xff, 0xf8, 0x6, 0xff,
    0xfc, 0x88, 0xbf, 0xfe, 0xff, 0xe8, 0xb, 0xff,
    0xff, 0xff, 0xfb, 0x1f, 0xff, 0xe0, 0x6, 0xbe,
    0xfe, 0xb5, 0x0, 0x4c, 0xfd,

    /* U+01CF "Ǐ" */
    0x28, 0x84, 0x0, 0x48, 0x82, 0xb, 0xfe, 0x12,
    0xff, 0xa0, 0x0, 0xdf, 0xac, 0xfd, 0x0, 0x0,
    0x2f, 0xff, 0xf2, 0x0, 0x0, 0x4, 0x88, 0x40,
    0x0, 0x0, 0x0, 0x0, 0x0, 0x0, 0x0, 0x5,
    0xff, 0x60, 0x0, 0x0, 0x5, 0xff, 0x60, 0x0,
    0x0, 0x5, 0xff, 0x60, 0x0, 0x0, 0x5, 0xff,
    0x60, 0x0, 0x0, 0x5, 0xff, 0x60, 0x0, 0x0,
    0x5, 0xff, 0x60, 0x0, 0x0, 0x5, 0xff, 0x60,
    0x0, 0x0, 0x5, 0xff, 0x60, 0x0, 0x0, 0x5,
    0xff, 0x60, 0x0, 0x0, 0x5, 0xff, 0x60, 0x0,
    0x0, 0x5, 0xff, 0x60, 0x0, 0x0, 0x5, 0xff,
    0x60, 0x0, 0x0, 0x5, 0xff, 0x60, 0x0, 0x0,
    0x5, 0xff, 0x60, 0x0, 0x0, 0x5, 0xff, 0x60,
    0x0, 0x0, 0x5, 0xff, 0x60, 0x0, 0x0, 0x5,
    0xff, 0x60, 0x0, 0x0, 0x5, 0xff, 0x60, 0x0,
    0x0, 0x5, 0xff, 0x60, 0x0, 0x0, 0x5, 0xff,
    0x60, 0x0,

    /* U+01D0 "ǐ" */
    0x2e, 0xfb, 0x0, 0xdf, 0xd1, 0x2, 0xef, 0x8a,
    0xfe, 0x20, 0x0, 0x2e, 0xff, 0xe2, 0x0, 0x0,
    0x1, 0x44, 0x20, 0x0, 0x0, 0x0, 0x0, 0x0,
    0x0, 0x0, 0x4, 0xff, 0x40, 0x0, 0x0, 0x4,
    0xff, 0x40, 0x0, 0x0, 0x4, 0xff, 0x40, 0x0,
    0x0, 0x4, 0xff, 0x40, 0x0, 0x0, 0x4, 0xff,
    0x40, 0x0, 0x0, 0x4, 0xff, 0x40, 0x0, 0x0,
    0x4, 0xff, 0x40, 0x0, 0x0, 0x4, 0xff, 0x40,
    0x0, 0x0, 0x4, 0xff, 0x40, 0x0, 0x0, 0x4,
    0xff, 0x40, 0x0, 0x0, 0x4, 0xff, 0x40, 0x0,
    0x0, 0x4, 0xff, 0x40, 0x0, 0x0, 0x4, 0xff,
    0x40, 0x0, 0x0, 0x4, 0xff, 0x40, 0x0, 0x0,
    0x4, 0xff, 0x40, 0x0,

    /* U+01D1 "Ǒ" */
    0x0, 0x0, 0x0, 0xdf, 0xd0, 0x9, 0xff, 0x40,
    0x0, 0x0, 0x0, 0x0, 0x0, 0x2, 0xff, 0x84,
    0xff, 0x70, 0x0, 0x0, 0x0, 0x0, 0x0, 0x0,
    0x4, 0xff, 0xef, 0xb0, 0x0, 0x0, 0x0, 0x0,
    0x0, 0x0, 0x0, 0x8, 0xff, 0xe1, 0x0, 0x0,
    0x0, 0x0, 0x0, 0x0, 0x0, 0x0, 0x0, 0x0,
    0x0, 0x0, 0x0, 0x0, 0x0, 0x0, 0x0, 0x0,
    0x0, 0x0, 0x0, 0x0, 0x0, 0x0, 0x0, 0x0,
    0x0, 0x0, 0x5a, 0xde, 0xfe, 0xc8, 0x20, 0x0,
    0x0, 0x0, 0x0, 0x5, 0xef, 0xff, 0xff, 0xff,
    0xff, 0xa1, 0x0, 0x0, 0x0, 0x8, 0xff, 0xfd,
    0x85, 0x56, 0xae, 0xff, 0xe3, 0x0, 0x0, 0x7,
    0xff, 0xe5, 0x0, 0x0, 0x0, 0x19, 0xff, 0xe1,
    0x0, 0x3, 0xff, 0xe2, 0x0, 0x0, 0x0, 0x0,
    0x7, 0xff, 0xc0, 0x0, 0xbf, 0xf4, 0x0, 0x0,
    0x0, 0x0, 0x0, 0xb, 0xff, 0x40, 0x1f, 0xfd,
    0x0, 0x0, 0x0, 0x0, 0x0, 0x0, 0x3f, 0xfa,
    0x5, 0xff, 0x80, 0x0, 0x0, 0x0, 0x0, 0x0,
    0x0, 0xef, 0xe0, 0x8f, 0xf5, 0x0, 0x0, 0x0,
    0x0, 0x0, 0x0, 0xb, 0xff, 0x19, 0xff, 0x40,
    0x0, 0x0, 0x0, 0x0, 0x0, 0x0, 0xaf, 0xf2,
    0x9f, 0xf3, 0x0, 0x0, 0x0, 0x0, 0x0, 0x0,
    0xa, 0xff, 0x28, 0xff, 0x40, 0x0, 0x0, 0x0,
    0x0, 0x0, 0x0, 0xbf, 0xf1, 0x6f, 0xf7, 0x0,
    0x0, 0x0, 0x0, 0x0, 0x0, 0xe, 0xff, 0x1,
    0xff, 0xc0, 0x0, 0x0, 0x0, 0x0, 0x0, 0x4,
    0xff, 0xa0, 0xb, 0xff, 0x40, 0x0, 0x0, 0x0,
    0x0, 0x0, 0xbf, 0xf4, 0x0, 0x3f, 0xfe, 0x20,
    0x0, 0x0, 0x0, 0x0, 0x8f, 0xfc, 0x0, 0x0,
    0x7f, 0xfe, 0x40, 0x0, 0x0, 0x1, 0x9f, 0xfe,
    0x20, 0x0, 0x0, 0x8f, 0xff, 0xc8, 0x55, 0x69,
    0xef, 0xfe, 0x30, 0x0, 0x0, 0x0, 0x5d, 0xff,
    0xff, 0xff, 0xff, 0xfa, 0x10, 0x0, 0x0, 0x0,
    0x0, 0x5, 0xad, 0xef, 0xec, 0x83, 0x0, 0x0,
    0x0,

    /* U+01D2 "ǒ" */
    0x0, 0x1e, 0xfc, 0x0, 0xcf, 0xe1, 0x0, 0x0,
    0x0, 0x2e, 0xf8, 0x9f, 0xf3, 0x0, 0x0, 0x0,
    0x0, 0x3f, 0xff, 0xf4, 0x0, 0x0, 0x0, 0x0,
    0x0, 0x37, 0x74, 0x0, 0x0, 0x0, 0x0, 0x0,
    0x0, 0x0, 0x0, 0x0, 0x0, 0x0, 0x0, 0x29,
    0xdf, 0xfd, 0x93, 0x0, 0x0, 0x0, 0x7f, 0xff,
    0xff, 0xff, 0xf9, 0x0, 0x0, 0x8f, 0xfd, 0x51,
    0x14, 0xcf, 0xf9, 0x0, 0x2f, 0xfc, 0x0, 0x0,
    0x0, 0xbf, 0xf4, 0x8, 0xff, 0x30, 0x0, 0x0,
    0x1, 0xff, 0xa0, 0xcf, 0xd0, 0x0, 0x0, 0x0,
    0xb, 0xfe, 0xe, 0xfb, 0x0, 0x0, 0x0, 0x0,
    0x8f, 0xf0, 0xff, 0xa0, 0x0, 0x0, 0x0, 0x8,
    0xff, 0x1e, 0xfb, 0x0, 0x0, 0x0, 0x0, 0x9f,
    0xf0, 0xcf, 0xd0, 0x0, 0x0, 0x0, 0xc, 0xfe,
    0x8, 0xff, 0x30, 0x0, 0x0, 0x2, 0xff, 0xa0,
    0x2f, 0xfc, 0x0, 0x0, 0x0, 0xbf, 0xf4, 0x0,
    0x8f, 0xfd, 0x51, 0x14, 0xcf, 0xf9, 0x0, 0x0,
    0x7f, 0xff, 0xff, 0xff, 0xf8, 0x0, 0x0, 0x0,
    0x28, 0xdf, 0xfd, 0x92, 0x0, 0x0,

    /* U+01D3 "Ǔ" */
    0x0, 0x0, 0xaf, 0xf2, 0x5, 0xff, 0x80, 0x0,
    0x0, 0x0, 0x0, 0xcf, 0xc1, 0xef, 0xb0, 0x0,
    0x0, 0x0, 0x0, 0x2, 0xef, 0xef, 0xe1, 0x0,
    0x0, 0x0, 0x0, 0x0, 0x4, 0xff, 0xf3, 0x0,
    0x0, 0x0, 0x0, 0x0, 0x0, 0x0, 0x0, 0x0,
    0x0, 0x0, 0x0, 0x0, 0x0, 0x0, 0x0, 0x0,
    0x0, 0x0, 0x0, 0xbf, 0xf0, 0x0, 0x0, 0x0,
    0x0, 0x2, 0xff, 0xab, 0xff, 0x0, 0x0, 0x0,
    0x0, 0x0, 0x2f, 0xfa, 0xbf, 0xf0, 0x0, 0x0,
    0x0, 0x0, 0x2, 0xff, 0xab, 0xff, 0x0, 0x0,
    0x0, 0x0, 0x0, 0x2f, 0xfa, 0xbf, 0xf0, 0x0,
    0x0, 0x0, 0x0, 0x2, 0xff, 0xab, 0xff, 0x0,
    0x0, 0x0, 0x0, 0x0, 0x2f, 0xfa, 0xbf, 0xf0,
    0x0, 0x0, 0x0, 0x0, 0x2, 0xff, 0xab, 0xff,
    0x0, 0x0, 0x0, 0x0, 0x0, 0x2f, 0xfa, 0xbf,
    0xf0, 0x0, 0x0, 0x0, 0x0, 0x2, 0xff, 0xab,
    0xff, 0x0, 0x0, 0x0, 0x0, 0x0, 0x2f, 0xfa,
    0xbf, 0xf0, 0x0, 0x0, 0x0, 0x0, 0x2, 0xff,
    0xab, 0xff, 0x0, 0x0, 0x0, 0x0, 0x0, 0x2f,
    0xf9, 0xaf, 0xf1, 0x0, 0x0, 0x0, 0x0, 0x3,
    0xff, 0x89, 0xff, 0x30, 0x0, 0x0, 0x0, 0x0,
    0x4f, 0xf7, 0x7f, 0xf6, 0x0, 0x0, 0x0, 0x0,
    0x7, 0xff, 0x53, 0xff, 0xc0, 0x0, 0x0, 0x0,
    0x0, 0xef, 0xf1, 0xc, 0xff, 0xa0, 0x0, 0x0,
    0x1, 0xbf, 0xfa, 0x0, 0x3f, 0xff, 0xe9, 0x76,
    0x7a, 0xff, 0xfe, 0x10, 0x0, 0x3d, 0xff, 0xff,
    0xff, 0xff, 0xfc, 0x20, 0x0, 0x0, 0x6, 0xad,
    0xff, 0xfd, 0xa5, 0x0, 0x0,

    /* U+01D4 "ǔ" */
    0x0, 0x1d, 0xfd, 0x0, 0xcf, 0xe2, 0x0, 0x0,
    0x1, 0xdf, 0xa9, 0xfe, 0x20, 0x0, 0x0, 0x0,
    0x1d, 0xff, 0xf3, 0x0, 0x0, 0x0, 0x0, 0x1,
    0x44, 0x20, 0x0, 0x0, 0x0, 0x0, 0x0, 0x0,
    0x0, 0x0, 0x0, 0x1f, 0xf7, 0x0, 0x0, 0x0,
    0x7f, 0xf2, 0x1f, 0xf7, 0x0, 0x0, 0x0, 0x7f,
    0xf2, 0x1f, 0xf7, 0x0, 0x0, 0x0, 0x7f, 0xf2,
    0x1f, 0xf7, 0x0, 0x0, 0x0, 0x7f, 0xf2, 0x1f,
    0xf7, 0x0, 0x0, 0x0, 0x7f, 0xf2, 0x1f, 0xf7,
    0x0, 0x0, 0x0, 0x7f, 0xf2, 0x1f, 0xf7, 0x0,
    0x0, 0x0, 0x7f, 0xf2, 0x1f, 0xf7, 0x0, 0x0,
    0x0, 0x7f, 0xf2, 0x1f, 0xf7, 0x0, 0x0, 0x0,
    0x7f, 0xf2, 0x1f, 0xf7, 0x0, 0x0, 0x0, 0x9f,
    0xf2, 0xf, 0xf9, 0x0, 0x0, 0x0, 0xdf, 0xf2,
    0xd, 0xfe, 0x0, 0x0, 0x6, 0xff, 0xf2, 0x8,
    0xff, 0xd5, 0x35, 0xbf, 0xdf, 0xf2, 0x0, 0xcf,
    0xff, 0xff, 0xfc, 0x3f, 0xf2, 0x0, 0x6, 0xcf,
    0xfc, 0x70, 0x2f, 0xf2,

    /* U+01D5 "Ǖ" */
    0x0, 0x1, 0xff, 0xff, 0xff, 0xff, 0xb0, 0x0,
    0x0, 0x0, 0x1f, 0xff, 0xff, 0xff, 0xfb, 0x0,
    0x0, 0x0, 0x0, 0x11, 0x11, 0x11, 0x11, 0x0,
    0x0, 0x0, 0x0, 0x0, 0x0, 0x0, 0x0, 0x0,
    0x0, 0x0, 0x0, 0x0, 0x7f, 0xf2, 0x3, 0xff,
    0x60, 0x0, 0x0, 0x0, 0x7, 0xff, 0x20, 0x3f,
    0xf6, 0x0, 0x0, 0x0, 0x0, 0x5d, 0xd2, 0x2,
    0xdd, 0x50, 0x0, 0x0, 0x0, 0x0, 0x0, 0x0,
    0x0, 0x0, 0x0, 0x0, 0x0, 0x0, 0x0, 0x0,
    0x0, 0x0, 0x0, 0x0, 0xb, 0xff, 0x0, 0x0,
    0x0, 0x0, 0x0, 0x2f, 0xfa, 0xbf, 0xf0, 0x0,
    0x0, 0x0, 0x0, 0x2, 0xff, 0xab, 0xff, 0x0,
    0x0, 0x0, 0x0, 0x0, 0x2f, 0xfa, 0xbf, 0xf0,
    0x0, 0x0, 0x0, 0x0, 0x2, 0xff, 0xab, 0xff,
    0x0, 0x0, 0x0, 0x0, 0x0, 0x2f, 0xfa, 0xbf,
    0xf0, 0x0, 0x0, 0x0, 0x0, 0x2, 0xff, 0xab,
    0xff, 0x0, 0x0, 0x0, 0x0, 0x0, 0x2f, 0xfa,
    0xbf, 0xf0, 0x0, 0x0, 0x0, 0x0, 0x2, 0xff,
    0xab, 0xff, 0x0, 0x0, 0x0, 0x0, 0x0, 0x2f,
    0xfa, 0xbf, 0xf0, 0x0, 0x0, 0x0, 0x0, 0x2,
    0xff, 0xab, 0xff, 0x0, 0x0, 0x0, 0x0, 0x0,
    0x2f, 0xfa, 0xbf, 0xf0, 0x0, 0x0, 0x0, 0x0,
    0x2, 0xff, 0x9a, 0xff, 0x10, 0x0, 0x0, 0x0,
    0x0, 0x3f, 0xf8, 0x9f, 0xf3, 0x0, 0x0, 0x0,
    0x0, 0x4, 0xff, 0x77, 0xff, 0x60, 0x0, 0x0,
    0x0, 0x0, 0x7f, 0xf5, 0x3f, 0xfc, 0x0, 0x0,
    0x0, 0x0, 0xe, 0xff, 0x10, 0xcf, 0xfa, 0x0,
    0x0, 0x0, 0x1b, 0xff, 0xa0, 0x3, 0xff, 0xfe,
    0x97, 0x67, 0xaf, 0xff, 0xe1, 0x0, 0x3, 0xdf,
    0xff, 0xff, 0xff, 0xff, 0xc2, 0x0, 0x0, 0x0,
    0x6a, 0xdf, 0xff, 0xda, 0x50, 0x0, 0x0,

    /* U+01D6 "ǖ" */
    0x0, 0x6f, 0xff, 0xff, 0xff, 0xf6, 0x0, 0x0,
    0x6f, 0xff, 0xff, 0xff, 0xf6, 0x0, 0x0, 0x1,
    0x11, 0x11, 0x11, 0x10, 0x0, 0x0, 0x0, 0x0,
    0x0, 0x0, 0x0, 0x0, 0x0, 0xd, 0xfc, 0x0,
    0x9f, 0xf0, 0x0, 0x0, 0xd, 0xfc, 0x0, 0x9f,
    0xf0, 0x0, 0x0, 0xb, 0xda, 0x0, 0x7d, 0xd0,
    0x0, 0x0, 0x0, 0x0, 0x0, 0x0, 0x0, 0x0,
    0x0, 0x0, 0x0, 0x0, 0x0, 0x0, 0x0, 0x1f,
    0xf7, 0x0, 0x0, 0x0, 0x7f, 0xf2, 0x1f, 0xf7,
    0x0, 0x0, 0x0, 0x7f, 0xf2, 0x1f, 0xf7, 0x0,
    0x0, 0x0, 0x7f, 0xf2, 0x1f, 0xf7, 0x0, 0x0,
    0x0, 0x7f, 0xf2, 0x1f, 0xf7, 0x0, 0x0, 0x0,
    0x7f, 0xf2, 0x1f, 0xf7, 0x0, 0x0, 0x0, 0x7f,
    0xf2, 0x1f, 0xf7, 0x0, 0x0, 0x0, 0x7f, 0xf2,
    0x1f, 0xf7, 0x0, 0x0, 0x0, 0x7f, 0xf2, 0x1f,
    0xf7, 0x0, 0x0, 0x0, 0x7f, 0xf2, 0x1f, 0xf7,
    0x0, 0x0, 0x0, 0x9f, 0xf2, 0xf, 0xf9, 0x0,
    0x0, 0x0, 0xdf, 0xf2, 0xd, 0xfe, 0x0, 0x0,
    0x6, 0xff, 0xf2, 0x8, 0xff, 0xd5, 0x35, 0xbf,
    0xdf, 0xf2, 0x0, 0xcf, 0xff, 0xff, 0xfc, 0x3f,
    0xf2, 0x0, 0x6, 0xcf, 0xfc, 0x70, 0x2f, 0xf2,

    /* U+01D7 "Ǘ" */
    0x0, 0x0, 0x0, 0x0, 0x6e, 0xea, 0x0, 0x0,
    0x0, 0x0, 0x0, 0x0, 0xe, 0xfe, 0x10, 0x0,
    0x0, 0x0, 0x0, 0x0, 0x6, 0xff, 0x30, 0x0,
    0x0, 0x0, 0x0, 0x0, 0x0, 0xdf, 0x50, 0x0,
    0x0, 0x0, 0x0, 0x0, 0x0, 0x0, 0x0, 0x0,
    0x0, 0x0, 0x0, 0x0, 0x0, 0x0, 0x0, 0x0,
    0x0, 0x0, 0x0, 0x0, 0x0, 0x7f, 0xf2, 0x3,
    0xff, 0x60, 0x0, 0x0, 0x0, 0x7, 0xff, 0x20,
    0x3f, 0xf6, 0x0, 0x0, 0x0, 0x0, 0x5d, 0xd2,
    0x2, 0xdd, 0x50, 0x0, 0x0, 0x0, 0x0, 0x0,
    0x0, 0x0, 0x0, 0x0, 0x0, 0x0, 0x0, 0x0,
    0x0, 0x0, 0x0, 0x0, 0x0, 0xb, 0xff, 0x0,
    0x0, 0x0, 0x0, 0x0, 0x2f, 0xfa, 0xbf, 0xf0,
    0x0, 0x0, 0x0, 0x0, 0x2, 0xff, 0xab, 0xff,
    0x0, 0x0, 0x0, 0x0, 0x0, 0x2f, 0xfa, 0xbf,
    0xf0, 0x0, 0x0, 0x0, 0x0, 0x2, 0xff, 0xab,
    0xff, 0x0, 0x0, 0x0, 0x0, 0x0, 0x2f, 0xfa,
    0xbf, 0xf0, 0x0, 0x0, 0x0, 0x0, 0x2, 0xff,
    0xab, 0xff, 0x0, 0x0, 0x0, 0x0, 0x0, 0x2f,
    0xfa, 0xbf, 0xf0, 0x0, 0x0, 0x0, 0x0, 0x2,
    0xff, 0xab, 0xff, 0x0, 0x0, 0x0, 0x0, 0x0,
    0x2f, 0xfa, 0xbf, 0xf0, 0x0, 0x0, 0x0, 0x0,
    0x2, 0xff, 0xab, 0xff, 0x0, 0x0, 0x0, 0x0,
    0x0, 0x2f, 0xfa, 0xbf, 0xf0, 0x0, 0x0, 0x0,
    0x0, 0x2, 0xff, 0x9a, 0xff, 0x10, 0x0, 0x0,
    0x0, 0x0, 0x3f, 0xf8, 0x9f, 0xf3, 0x0, 0x0,
    0x0, 0x0, 0x4, 0xff, 0x77, 0xff, 0x60, 0x0,
    0x0, 0x0, 0x0, 0x7f, 0xf5, 0x3f, 0xfc, 0x0,
    0x0, 0x0, 0x0, 0xe, 0xff, 0x10, 0xcf, 0xfa,
    0x0, 0x0, 0x0, 0x1b, 0xff, 0xa0, 0x3, 0xff,
    0xfe, 0x97, 0x67, 0xaf, 0xff, 0xe1, 0x0, 0x3,
    0xdf, 0xff, 0xff, 0xff, 0xff, 0xc2, 0x0, 0x0,
    0x0, 0x6a, 0xdf, 0xff, 0xda, 0x50, 0x0, 0x0,

    /* U+01D8 "ǘ" */
    0x0, 0x0, 0x0, 0xb, 0xee, 0x50, 0x0, 0x0,
    0x0, 0x0, 0x4f, 0xf9, 0x0, 0x0, 0x0, 0x0,
    0x0, 0xcf, 0xc0, 0x0, 0x0, 0x0, 0x0, 0x4,
    0xfe, 0x10, 0x0, 0x0, 0x0, 0x0, 0x0, 0x0,
    0x0, 0x0, 0x0, 0x0, 0x0, 0x0, 0x0, 0x0,
    0x0, 0x0, 0x0, 0xd, 0xfc, 0x0, 0x9f, 0xf0,
    0x0, 0x0, 0xd, 0xfc, 0x0, 0x9f, 0xf0, 0x0,
    0x0, 0xb, 0xda, 0x0, 0x7d, 0xd0, 0x0, 0x0,
    0x0, 0x0, 0x0, 0x0, 0x0, 0x0, 0x0, 0x0,
    0x0, 0x0, 0x0, 0x0, 0x0, 0x1f, 0xf7, 0x0,
    0x0, 0x0, 0x7f, 0xf2, 0x1f, 0xf7, 0x0, 0x0,
    0x0, 0x7f, 0xf2, 0x1f, 0xf7, 0x0, 0x0, 0x0,
    0x7f, 0xf2, 0x1f, 0xf7, 0x0, 0x0, 0x0, 0x7f,
    0xf2, 0x1f, 0xf7, 0x0, 0x0, 0x0, 0x7f, 0xf2,
    0x1f, 0xf7, 0x0, 0x0, 0x0, 0x7f, 0xf2, 0x1f,
    0xf7, 0x0, 0x0, 0x0, 0x7f, 0xf2, 0x1f, 0xf7,
    0x0, 0x0, 0x0, 0x7f, 0xf2, 0x1f, 0xf7, 0x0,
    0x0, 0x0, 0x7f, 0xf2, 0x1f, 0xf7, 0x0, 0x0,
    0x0, 0x9f, 0xf2, 0xf, 0xf9, 0x0, 0x0, 0x0,
    0xdf, 0xf2, 0xd, 0xfe, 0x0, 0x0, 0x6, 0xff,
    0xf2, 0x8, 0xff, 0xd5, 0x35, 0xbf, 0xdf, 0xf2,
    0x0, 0xcf, 0xff, 0xff, 0xfc, 0x3f, 0xf2, 0x0,
    0x6, 0xcf, 0xfc, 0x70, 0x2f, 0xf2,

    /* U+01D9 "Ǚ" */
    0x0, 0x0, 0x68, 0x70, 0x0, 0x78, 0x60, 0x0,
    0x0, 0x0, 0x3, 0xff, 0x80, 0x9f, 0xf3, 0x0,
    0x0, 0x0, 0x0, 0x6, 0xff, 0x7f, 0xf6, 0x0,
    0x0, 0x0, 0x0, 0x0, 0x9, 0xff, 0xfa, 0x0,
    0x0, 0x0, 0x0, 0x0, 0x0, 0x7, 0x87, 0x0,
    0x0, 0x0, 0x0, 0x0, 0x0, 0x0, 0x0, 0x0,
    0x0, 0x0, 0x0, 0x0, 0x0, 0x7f, 0xf2, 0x3,
    0xff, 0x60, 0x0, 0x0, 0x0, 0x7, 0xff, 0x20,
    0x3f, 0xf6, 0x0, 0x0, 0x0, 0x0, 0x5d, 0xd2,
    0x2, 0xdd, 0x50, 0x0, 0x0, 0x0, 0x0, 0x0,
    0x0, 0x0, 0x0, 0x0, 0x0, 0x0, 0x0, 0x0,
    0x0, 0x0, 0x0, 0x0, 0x0, 0xb, 0xff, 0x0,
    0x0, 0x0, 0x0, 0x0, 0x2f, 0xfa, 0xbf, 0xf0,
    0x0, 0x0, 0x0, 0x0, 0x2, 0xff, 0xab, 0xff,
    0x0, 0x0, 0x0, 0x0, 0x0, 0x2f, 0xfa, 0xbf,
    0xf0, 0x0, 0x0, 0x0, 0x0, 0x2, 0xff, 0xab,
    0xff, 0x0, 0x0, 0x0, 0x0, 0x0, 0x2f, 0xfa,
    0xbf, 0xf0, 0x0, 0x0, 0x0, 0x0, 0x2, 0xff,
    0xab, 0xff, 0x0, 0x0, 0x0, 0x0, 0x0, 0x2f,
    0xfa, 0xbf, 0xf0, 0x0, 0x0, 0x0, 0x0, 0x2,
    0xff, 0xab, 0xff, 0x0, 0x0, 0x0, 0x0, 0x0,
    0x2f, 0xfa, 0xbf, 0xf0, 0x0, 0x0, 0x0, 0x0,
    0x2, 0xff, 0xab, 0xff, 0x0, 0x0, 0x0, 0x0,
    0x0, 0x2f, 0xfa, 0xbf, 0xf0, 0x0, 0x0, 0x0,
    0x0, 0x2, 0xff, 0x9a, 0xff, 0x10, 0x0, 0x0,
    0x0, 0x0, 0x3f, 0xf8, 0x9f, 0xf3, 0x0, 0x0,
    0x0, 0x0, 0x4, 0xff, 0x77, 0xff, 0x60, 0x0,
    0x0, 0x0, 0x0, 0x7f, 0xf5, 0x3f, 0xfc, 0x0,
    0x0, 0x0, 0x0, 0xe, 0xff, 0x10, 0xcf, 0xfa,
    0x0, 0x0, 0x0, 0x1b, 0xff, 0xa0, 0x3, 0xff,
    0xfe, 0x97, 0x67, 0xaf, 0xff, 0xe1, 0x0, 0x3,
    0xdf, 0xff, 0xff, 0xff, 0xff, 0xc2, 0x0, 0x0,
    0x0, 0x6a, 0xdf, 0xff, 0xda, 0x50, 0x0, 0x0,

    /* U+01DA "ǚ" */
    0x0, 0x28, 0x84, 0x0, 0x58, 0x71, 0x0, 0x0,
    0x9, 0xff, 0x23, 0xff, 0x80, 0x0, 0x0, 0x0,
    0xbf, 0xce, 0xfa, 0x0, 0x0, 0x0, 0x0, 0xc,
    0xff, 0xc0, 0x0, 0x0, 0x0, 0x0, 0x0, 0x0,
    0x0, 0x0, 0x0, 0x0, 0x0, 0x0, 0x0, 0x0,
    0x0, 0x0, 0x0, 0xe, 0xfb, 0x0, 0xaf, 0xf0,
    0x0, 0x0, 0xe, 0xfb, 0x0, 0xaf, 0xf0, 0x0,
    0x0, 0xb, 0xd9, 0x0, 0x8d, 0xd0, 0x0, 0x0,
    0x0, 0x0, 0x0, 0x0, 0x0, 0x0, 0x0, 0x0,
    0x0, 0x0, 0x0, 0x0, 0x0, 0x1f, 0xf7, 0x0,
    0x0, 0x0, 0x7f, 0xf2, 0x1f, 0xf7, 0x0, 0x0,
    0x0, 0x7f, 0xf2, 0x1f, 0xf7, 0x0, 0x0, 0x0,
    0x7f, 0xf2, 0x1f, 0xf7, 0x0, 0x0, 0x0, 0x7f,
    0xf2, 0x1f, 0xf7, 0x0, 0x0, 0x0, 0x7f, 0xf2,
    0x1f, 0xf7, 0x0, 0x0, 0x0, 0x7f, 0xf2, 0x1f,
    0xf7, 0x0, 0x0, 0x0, 0x7f, 0xf2, 0x1f, 0xf7,
    0x0, 0x0, 0x0, 0x7f, 0xf2, 0x1f, 0xf7, 0x0,
    0x0, 0x0, 0x7f, 0xf2, 0x1f, 0xf7, 0x0, 0x0,
    0x0, 0x9f, 0xf2, 0xf, 0xf9, 0x0, 0x0, 0x0,
    0xdf, 0xf2, 0xd, 0xfe, 0x0, 0x0, 0x6, 0xff,
    0xf2, 0x8, 0xff, 0xd5, 0x35, 0xbf, 0xdf, 0xf2,
    0x0, 0xcf, 0xff, 0xff, 0xfc, 0x3f, 0xf2, 0x0,
    0x6, 0xcf, 0xfc, 0x70, 0x2f, 0xf2,

    /* U+01DB "Ǜ" */
    0x0, 0x0, 0xa, 0xee, 0x60, 0x0, 0x0, 0x0,
    0x0, 0x0, 0x0, 0x1e, 0xfd, 0x0, 0x0, 0x0,
    0x0, 0x0, 0x0, 0x0, 0x3f, 0xf6, 0x0, 0x0,
    0x0, 0x0, 0x0, 0x0, 0x0, 0x6f, 0xd0, 0x0,
    0x0, 0x0, 0x0, 0x0, 0x0, 0x0, 0x0, 0x0,
    0x0, 0x0, 0x0, 0x0, 0x0, 0x0, 0x0, 0x0,
    0x0, 0x0, 0x0, 0x0, 0x0, 0x7f, 0xf2, 0x3,
    0xff, 0x60, 0x0, 0x0, 0x0, 0x7, 0xff, 0x20,
    0x3f, 0xf6, 0x0, 0x0, 0x0, 0x0, 0x5d, 0xd2,
    0x2, 0xdd, 0x50, 0x0, 0x0, 0x0, 0x0, 0x0,
    0x0, 0x0, 0x0, 0x0, 0x0, 0x0, 0x0, 0x0,
    0x0, 0x0, 0x0, 0x0, 0x0, 0xb, 0xff, 0x0,
    0x0, 0x0, 0x0, 0x0, 0x2f, 0xfa, 0xbf, 0xf0,
    0x0, 0x0, 0x0, 0x0, 0x2, 0xff, 0xab, 0xff,
    0x0, 0x0, 0x0, 0x0, 0x0, 0x2f, 0xfa, 0xbf,
    0xf0, 0x0, 0x0, 0x0, 0x0, 0x2, 0xff, 0xab,
    0xff, 0x0, 0x0, 0x0, 0x0, 0x0, 0x2f, 0xfa,
    0xbf, 0xf0, 0x0, 0x0, 0x0, 0x0, 0x2, 0xff,
    0xab, 0xff, 0x0, 0x0, 0x0, 0x0, 0x0, 0x2f,
    0xfa, 0xbf, 0xf0, 0x0, 0x0, 0x0, 0x0, 0x2,
    0xff, 0xab, 0xff, 0x0, 0x0, 0x0, 0x0, 0x0,
    0x2f, 0xfa, 0xbf, 0xf0, 0x0, 0x0, 0x0, 0x0,
    0x2, 0xff, 0xab, 0xff, 0x0, 0x0, 0x0, 0x0,
    0x0, 0x2f, 0xfa, 0xbf, 0xf0, 0x0, 0x0, 0x0,
    0x0, 0x2, 0xff, 0x9a, 0xff, 0x10, 0x0, 0x0,
    0x0, 0x0, 0x3f, 0xf8, 0x9f, 0xf3, 0x0, 0x0,
    0x0, 0x0, 0x4, 0xff, 0x77, 0xff, 0x60, 0x0,
    0x0, 0x0, 0x0, 0x7f, 0xf5, 0x3f, 0xfc, 0x0,
    0x0, 0x0, 0x0, 0xe, 0xff, 0x10, 0xcf, 0xfa,
    0x0, 0x0, 0x0, 0x1b, 0xff, 0xa0, 0x3, 0xff,
    0xfe, 0x97, 0x67, 0xaf, 0xff, 0xe1, 0x0, 0x3,
    0xdf, 0xff, 0xff, 0xff, 0xff, 0xc2, 0x0, 0x0,
    0x0, 0x6a, 0xdf, 0xff, 0xda, 0x50, 0x0, 0x0,

    /* U+01DC "ǜ" */
    0x0, 0x2, 0xde, 0xd0, 0x0, 0x0, 0x0, 0x0,
    0x0, 0x6f, 0xf7, 0x0, 0x0, 0x0, 0x0, 0x0,
    0xa, 0xfe, 0x0, 0x0, 0x0, 0x0, 0x0, 0x0,
    0xcf, 0x60, 0x0, 0x0, 0x0, 0x0, 0x0, 0x0,
    0x0, 0x0, 0x0, 0x0, 0x0, 0x0, 0x0, 0x0,
    0x0, 0x0, 0x0, 0xe, 0xfb, 0x0, 0xaf, 0xf0,
    0x0, 0x0, 0xe, 0xfb, 0x0, 0xaf, 0xf0, 0x0,
    0x0, 0xb, 0xd9, 0x0, 0x8d, 0xd0, 0x0, 0x0,
    0x0, 0x0, 0x0, 0x0, 0x0, 0x0, 0x0, 0x0,
    0x0, 0x0, 0x0, 0x0, 0x0, 0x1f, 0xf7, 0x0,
    0x0, 0x0, 0x7f, 0xf2, 0x1f, 0xf7, 0x0, 0x0,
    0x0, 0x7f, 0xf2, 0x1f, 0xf7, 0x0, 0x0, 0x0,
    0x7f, 0xf2, 0x1f, 0xf7, 0x0, 0x0, 0x0, 0x7f,
    0xf2, 0x1f, 0xf7, 0x0, 0x0, 0x0, 0x7f, 0xf2,
    0x1f, 0xf7, 0x0, 0x0, 0x0, 0x7f, 0xf2, 0x1f,
    0xf7, 0x0, 0x0, 0x0, 0x7f, 0xf2, 0x1f, 0xf7,
    0x0, 0x0, 0x0, 0x7f, 0xf2, 0x1f, 0xf7, 0x0,
    0x0, 0x0, 0x7f, 0xf2, 0x1f, 0xf7, 0x0, 0x0,
    0x0, 0x9f, 0xf2, 0xf, 0xf9, 0x0, 0x0, 0x0,
    0xdf, 0xf2, 0xd, 0xfe, 0x0, 0x0, 0x6, 0xff,
    0xf2, 0x8, 0xff, 0xd5, 0x35, 0xbf, 0xdf, 0xf2,
    0x0, 0xcf, 0xff, 0xff, 0xfc, 0x3f, 0xf2, 0x0,
    0x6, 0xcf, 0xfc, 0x70, 0x2f, 0xf2,

    /* U+01DD "ǝ" */
    0x0, 0x4, 0xae, 0xff, 0xd9, 0x20, 0x0, 0x0,
    0xbf, 0xff, 0xff, 0xff, 0xf8, 0x0, 0xb, 0xff,
    0xb4, 0x11, 0x5d, 0xff, 0x70, 0x5f, 0xfb, 0x0,
    0x0, 0x1, 0xdf, 0xf2, 0x7d, 0xe1, 0x0, 0x0,
    0x0, 0x3f, 0xf8, 0x0, 0x0, 0x0, 0x0, 0x0,
    0xe, 0xfd, 0x11, 0x11, 0x11, 0x11, 0x11, 0x1b,
    0xfe, 0xdf, 0xff, 0xff, 0xff, 0xff, 0xff, 0xff,
    0xcf, 0xff, 0xff, 0xff, 0xff, 0xff, 0xfe, 0xaf,
    0xe0, 0x0, 0x0, 0x0, 0xd, 0xfc, 0x6f, 0xf2,
    0x0, 0x0, 0x0, 0x2f, 0xf7, 0xf, 0xfb, 0x0,
    0x0, 0x0, 0xcf, 0xf1, 0x6, 0xff, 0xc5, 0x11,
    0x5d, 0xff, 0x60, 0x0, 0x6f, 0xff, 0xff, 0xff,
    0xf7, 0x0, 0x0, 0x2, 0x9d, 0xff, 0xd9, 0x20,
    0x0,

    /* U+01DE "Ǟ" */
    0x0, 0x0, 0x0, 0x1, 0x11, 0x11, 0x11, 0x0,
    0x0, 0x0, 0x0, 0x0, 0x0, 0xe, 0xff, 0xff,
    0xff, 0xff, 0x0, 0x0, 0x0, 0x0, 0x0, 0x0,
    0xef, 0xff, 0xff, 0xff, 0xf0, 0x0, 0x0, 0x0,
    0x0, 0x0, 0x0, 0x0, 0x0, 0x0, 0x0, 0x0,
    0x0, 0x0, 0x0, 0x0, 0x0, 0x3f, 0xf6, 0x0,
    0xff, 0xa0, 0x0, 0x0, 0x0, 0x0, 0x0, 0x3,
    0xff, 0x60, 0xf, 0xfa, 0x0, 0x0, 0x0, 0x0,
    0x0, 0x0, 0x3d, 0xd5, 0x0, 0xdd, 0x80, 0x0,
    0x0, 0x0, 0x0, 0x0, 0x0, 0x0, 0x0, 0x0,
    0x0, 0x0, 0x0, 0x0, 0x0, 0x0, 0x0, 0x0,
    0x0, 0x0, 0x0, 0x0, 0x0, 0x0, 0x0, 0x0,
    0x0, 0x0, 0x4, 0xff, 0xf2, 0x0, 0x0, 0x0,
    0x0, 0x0, 0x0, 0x0, 0x0, 0xaf, 0xff, 0x80,
    0x0, 0x0, 0x0, 0x0, 0x0, 0x0, 0x0, 0x1f,
    0xfb, 0xfe, 0x0, 0x0, 0x0, 0x0, 0x0, 0x0,
    0x0, 0x7, 0xff, 0x3f, 0xf6, 0x0, 0x0, 0x0,
    0x0, 0x0, 0x0, 0x0, 0xdf, 0xb0, 0xdf, 0xc0,
    0x0, 0x0, 0x0, 0x0, 0x0, 0x0, 0x4f, 0xf6,
    0x7, 0xff, 0x30, 0x0, 0x0, 0x0, 0x0, 0x0,
    0xa, 0xff, 0x0, 0x1f, 0xfa, 0x0, 0x0, 0x0,
    0x0, 0x0, 0x1, 0xff, 0xa0, 0x0, 0xbf, 0xf1,
    0x0, 0x0, 0x0, 0x0, 0x0, 0x7f, 0xf3, 0x0,
    0x5, 0xff, 0x80, 0x0, 0x0, 0x0, 0x0, 0xd,
    0xfd, 0x0, 0x0, 0xe, 0xfe, 0x0, 0x0, 0x0,
    0x0, 0x4, 0xff, 0x70, 0x0, 0x0, 0x8f, 0xf5,
    0x0, 0x0, 0x0, 0x0, 0xaf, 0xf3, 0x22, 0x22,
    0x24, 0xff, 0xc0, 0x0, 0x0, 0x0, 0x1f, 0xff,
    0xff, 0xff, 0xff, 0xff, 0xff, 0x30, 0x0, 0x0,
    0x7, 0xff, 0xff, 0xff, 0xff, 0xff, 0xff, 0xf9,
    0x0, 0x0, 0x0, 0xdf, 0xf0, 0x0, 0x0, 0x0,
    0x0, 0xef, 0xf1, 0x0, 0x0, 0x3f, 0xf9, 0x0,
    0x0, 0x0, 0x0, 0x9, 0xff, 0x70, 0x0, 0xa,
    0xff, 0x30, 0x0, 0x0, 0x0, 0x0, 0x2f, 0xfe,
    0x0, 0x1, 0xff, 0xd0, 0x0, 0x0, 0x0, 0x0,
    0x0, 0xcf, 0xf5, 0x0, 0x7f, 0xf7, 0x0, 0x0,
    0x0, 0x0, 0x0, 0x5, 0xff, 0xb0, 0xd, 0xff,
    0x10, 0x0, 0x0, 0x0, 0x0, 0x0, 0xe, 0xff,
    0x20,

    /* U+01DF "ǟ" */
    0x0, 0x6f, 0xff, 0xff, 0xff, 0xf6, 0x0, 0x0,
    0x6f, 0xff, 0xff, 0xff, 0xf6, 0x0, 0x0, 0x1,
    0x11, 0x11, 0x11, 0x10, 0x0, 0x0, 0x0, 0x0,
    0x0, 0x0, 0x0, 0x0, 0x0, 0xe, 0xfb, 0x0,
    0xaf, 0xf0, 0x0, 0x0, 0xe, 0xfb, 0x0, 0xaf,
    0xf0, 0x0, 0x0, 0xb, 0xd9, 0x0, 0x8d, 0xd0,
    0x0, 0x0, 0x0, 0x0, 0x0, 0x0, 0x0, 0x0,
    0x0, 0x0, 0x0, 0x0, 0x0, 0x0, 0x0, 0x0,
    0x4, 0xad, 0xff, 0xfd, 0x81, 0x0, 0x1, 0xbf,
    0xff, 0xff, 0xff, 0xfe, 0x20, 0xb, 0xff, 0x93,
    0x11, 0x39, 0xff, 0xb0, 0x2f, 0xf9, 0x0, 0x0,
    0x0, 0xbf, 0xf0, 0x28, 0xa2, 0x0, 0x0, 0x0,
    0x7f, 0xf1, 0x0, 0x0, 0x0, 0x0, 0x2, 0x9f,
    0xf2, 0x0, 0x1, 0x58, 0xac, 0xff, 0xff, 0xf2,
    0x2, 0xbf, 0xff, 0xff, 0xfc, 0xbf, 0xf2, 0x2e,
    0xff, 0xc8, 0x52, 0x0, 0x6f, 0xf2, 0xaf, 0xf5,
    0x0, 0x0, 0x0, 0x8f, 0xf2, 0xdf, 0xe0, 0x0,
    0x0, 0x0, 0xcf, 0xf2, 0xdf, 0xf0, 0x0, 0x0,
    0x6, 0xff, 0xf2, 0x8f, 0xfb, 0x20, 0x3, 0xaf,
    0xff, 0xf3, 0xc, 0xff, 0xff, 0xff, 0xfb, 0x3f,
    0xf6, 0x0, 0x7c, 0xff, 0xea, 0x40, 0xd, 0xfb,

    /* U+01E0 "Ǡ" */
    0x0, 0x0, 0x0, 0x11, 0x11, 0x11, 0x11, 0x0,
    0x0, 0x0, 0x0, 0x0, 0x0, 0xf, 0xff, 0xff,
    0xff, 0xfd, 0x0, 0x0, 0x0, 0x0, 0x0, 0x0,
    0xff, 0xff, 0xff, 0xff, 0xd0, 0x0, 0x0, 0x0,
    0x0, 0x0, 0x0, 0x0, 0x0, 0x0, 0x0, 0x0,
    0x0, 0x0, 0x0, 0x0, 0x0, 0x0, 0xd, 0xfc,
    0x0, 0x0, 0x0, 0x0, 0x0, 0x0, 0x0, 0x0,
    0x0, 0xdf, 0xc0, 0x0, 0x0, 0x0, 0x0, 0x0,
    0x0, 0x0, 0x0, 0xb, 0xda, 0x0, 0x0, 0x0,
    0x0, 0x0, 0x0, 0x0, 0x0, 0x0, 0x0, 0x0,
    0x0, 0x0, 0x0, 0x0, 0x0, 0x0, 0x0, 0x0,
    0x0, 0x0, 0x0, 0x0, 0x0, 0x0, 0x0, 0x0,
    0x0, 0x0, 0x4, 0xff, 0xf2, 0x0, 0x0, 0x0,
    0x0, 0x0, 0x0, 0x0, 0x0, 0xaf, 0xff, 0x80,
    0x0, 0x0, 0x0, 0x0, 0x0, 0x0, 0x0, 0x1f,
    0xfb, 0xfe, 0x0, 0x0, 0x0, 0x0, 0x0, 0x0,
    0x0, 0x7, 0xff, 0x3f, 0xf6, 0x0, 0x0, 0x0,
    0x0, 0x0, 0x0, 0x0, 0xdf, 0xb0, 0xdf, 0xc0,
    0x0, 0x0, 0x0, 0x0, 0x0, 0x0, 0x4f, 0xf6,
    0x7, 0xff, 0x30, 0x0, 0x0, 0x0, 0x0, 0x0,
    0xa, 0xff, 0x0, 0x1f, 0xfa, 0x0, 0x0, 0x0,
    0x0, 0x0, 0x1, 0xff, 0xa0, 0x0, 0xbf, 0xf1,
    0x0, 0x0, 0x0, 0x0, 0x0, 0x7f, 0xf3, 0x0,
    0x5, 0xff, 0x80, 0x0, 0x0, 0x0, 0x0, 0xd,
    0xfd, 0x0, 0x0, 0xe, 0xfe, 0x0, 0x0, 0x0,
    0x0, 0x4, 0xff, 0x70, 0x0, 0x0, 0x8f, 0xf5,
    0x0, 0x0, 0x0, 0x0, 0xaf, 0xf3, 0x22, 0x22,
    0x24, 0xff, 0xc0, 0x0, 0x0, 0x0, 0x1f, 0xff,
    0xff, 0xff, 0xff, 0xff, 0xff, 0x30, 0x0, 0x0,
    0x7, 0xff, 0xff, 0xff, 0xff, 0xff, 0xff, 0xf9,
    0x0, 0x0, 0x0, 0xdf, 0xf0, 0x0, 0x0, 0x0,
    0x0, 0xef, 0xf1, 0x0, 0x0, 0x3f, 0xf9, 0x0,
    0x0, 0x0, 0x0, 0x9, 0xff, 0x70, 0x0, 0xa,
    0xff, 0x30, 0x0, 0x0, 0x0, 0x0, 0x2f, 0xfe,
    0x0, 0x1, 0xff, 0xd0, 0x0, 0x0, 0x0, 0x0,
    0x0, 0xcf, 0xf5, 0x0, 0x7f, 0xf7, 0x0, 0x0,
    0x0, 0x0, 0x0, 0x5, 0xff, 0xb0, 0xd, 0xff,
    0x10, 0x0, 0x0, 0x0, 0x0, 0x0, 0xe, 0xff,
    0x20,

    /* U+01E1 "ǡ" */
    0x0, 0x4f, 0xff, 0xff, 0xff, 0xf8, 0x0, 0x0,
    0x4f, 0xff, 0xff, 0xff, 0xf8, 0x0, 0x0, 0x1,
    0x11, 0x11, 0x11, 0x10, 0x0, 0x0, 0x0, 0x0,
    0x0, 0x0, 0x0, 0x0, 0x0, 0x0, 0x0, 0xff,
    0x90, 0x0, 0x0, 0x0, 0x0, 0x0, 0xff, 0x90,
    0x0, 0x0, 0x0, 0x0, 0x0, 0xdd, 0x70, 0x0,
    0x0, 0x0, 0x0, 0x0, 0x0, 0x0, 0x0, 0x0,
    0x0, 0x0, 0x0, 0x0, 0x0, 0x0, 0x0, 0x0,
    0x4, 0xad, 0xff, 0xfd, 0x81, 0x0, 0x1, 0xbf,
    0xff, 0xff, 0xff, 0xfe, 0x20, 0xb, 0xff, 0x93,
    0x11, 0x39, 0xff, 0xb0, 0x2f, 0xf9, 0x0, 0x0,
    0x0, 0xbf, 0xf0, 0x28, 0xa2, 0x0, 0x0, 0x0,
    0x7f, 0xf1, 0x0, 0x0, 0x0, 0x0, 0x2, 0x9f,
    0xf2, 0x0, 0x1, 0x58, 0xac, 0xff, 0xff, 0xf2,
    0x2, 0xbf, 0xff, 0xff, 0xfc, 0xbf, 0xf2, 0x2e,
    0xff, 0xc8, 0x52, 0x0, 0x6f, 0xf2, 0xaf, 0xf5,
    0x0, 0x0, 0x0, 0x8f, 0xf2, 0xdf, 0xe0, 0x0,
    0x0, 0x0, 0xcf, 0xf2, 0xdf, 0xf0, 0x0, 0x0,
    0x6, 0xff, 0xf2, 0x8f, 0xfb, 0x20, 0x3, 0xaf,
    0xff, 0xf3, 0xc, 0xff, 0xff, 0xff, 0xfb, 0x3f,
    0xf6, 0x0, 0x7c, 0xff, 0xea, 0x40, 0xd, 0xfb,

    /* U+01E2 "Ǣ" */
    0x0, 0x0, 0x0, 0x0, 0x0, 0x1, 0x11, 0x11,
    0x11, 0x10, 0x0, 0x0, 0x0, 0x0, 0x0, 0x0,
    0x0, 0x0, 0x0, 0x2f, 0xff, 0xff, 0xff, 0xfb,
    0x0, 0x0, 0x0, 0x0, 0x0, 0x0, 0x0, 0x0,
    0x0, 0x2f, 0xff, 0xff, 0xff, 0xfb, 0x0, 0x0,
    0x0, 0x0, 0x0, 0x0, 0x0, 0x0, 0x0, 0x0,
    0x0, 0x0, 0x0, 0x0, 0x0, 0x0, 0x0, 0x0,
    0x0, 0x0, 0x0, 0x0, 0x0, 0x0, 0x0, 0x0,
    0x0, 0x0, 0x0, 0x0, 0x0, 0x0, 0x0, 0x0,
    0x0, 0x0, 0x3, 0xff, 0xff, 0xff, 0xff, 0xff,
    0xff, 0xff, 0xff, 0xf0, 0x0, 0x0, 0x0, 0x0,
    0xb, 0xff, 0xff, 0xff, 0xff, 0xff, 0xff, 0xff,
    0xff, 0xf0, 0x0, 0x0, 0x0, 0x0, 0x3f, 0xfc,
    0x68, 0xff, 0xb6, 0x66, 0x66, 0x66, 0x66, 0x60,
    0x0, 0x0, 0x0, 0x0, 0xbf, 0xf3, 0x2, 0xff,
    0x90, 0x0, 0x0, 0x0, 0x0, 0x0, 0x0, 0x0,
    0x0, 0x3, 0xff, 0xa0, 0x2, 0xff, 0x90, 0x0,
    0x0, 0x0, 0x0, 0x0, 0x0, 0x0, 0x0, 0xb,
    0xff, 0x20, 0x2, 0xff, 0x90, 0x0, 0x0, 0x0,
    0x0, 0x0, 0x0, 0x0, 0x0, 0x3f, 0xfa, 0x0,
    0x2, 0xff, 0x90, 0x0, 0x0, 0x0, 0x0, 0x0,
    0x0, 0x0, 0x0, 0xbf, 0xf2, 0x0, 0x2, 0xff,
    0x90, 0x0, 0x0, 0x0, 0x0, 0x0, 0x0, 0x0,
    0x3, 0xff, 0x90, 0x0, 0x2, 0xff, 0xb6, 0x66,
    0x66, 0x66, 0x66, 0x10, 0x0, 0x0, 0xb, 0xff,
    0x10, 0x0, 0x2, 0xff, 0xff, 0xff, 0xff, 0xff,
    0xff, 0x50, 0x0, 0x0, 0x3f, 0xf9, 0x0, 0x0,
    0x2, 0xff, 0xff, 0xff, 0xff, 0xff, 0xff, 0x50,
    0x0, 0x0, 0xbf, 0xf7, 0x66, 0x66, 0x67, 0xff,
    0x90, 0x0, 0x0, 0x0, 0x0, 0x0, 0x0, 0x3,
    0xff, 0xff, 0xff, 0xff, 0xff, 0xff, 0x90, 0x0,
    0x0, 0x0, 0x0, 0x0, 0x0, 0xb, 0xff, 0xff,
    0xff, 0xff, 0xff, 0xff, 0x90, 0x0, 0x0, 0x0,
    0x0, 0x0, 0x0, 0x3f, 0xf9, 0x0, 0x0, 0x0,
    0x2, 0xff, 0x90, 0x0, 0x0, 0x0, 0x0, 0x0,
    0x0, 0xcf, 0xf2, 0x0, 0x0, 0x0, 0x2, 0xff,
    0x90, 0x0, 0x0, 0x0, 0x0, 0x0, 0x3, 0xff,
    0xa0, 0x0, 0x0, 0x0, 0x2, 0xff, 0x90, 0x0,
    0x0, 0x0, 0x0, 0x0, 0xc, 0xff, 0x20, 0x0,
    0x0, 0x0, 0x2, 0xff, 0xb6, 0x66, 0x66, 0x66,
    0x66, 0x62, 0x3f, 0xfb, 0x0, 0x0, 0x0, 0x0,
    0x2, 0xff, 0xff, 0xff, 0xff, 0xff, 0xff, 0xf6,
    0xcf, 0xf3, 0x0, 0x0, 0x0, 0x0, 0x2, 0xff,
    0xff, 0xff, 0xff, 0xff, 0xff, 0xf6,

    /* U+01E3 "ǣ" */
    0x0, 0x0, 0x0, 0x0, 0x1, 0x11, 0x11, 0x11,
    0x10, 0x0, 0x0, 0x0, 0x0, 0x0, 0x0, 0x0,
    0x6, 0xff, 0xff, 0xff, 0xff, 0x70, 0x0, 0x0,
    0x0, 0x0, 0x0, 0x0, 0x0, 0x6f, 0xff, 0xff,
    0xff, 0xf7, 0x0, 0x0, 0x0, 0x0, 0x0, 0x0,
    0x0, 0x0, 0x0, 0x0, 0x0, 0x0, 0x0, 0x0,
    0x0, 0x0, 0x0, 0x0, 0x0, 0x0, 0x0, 0x0,
    0x0, 0x0, 0x0, 0x0, 0x0, 0x0, 0x0, 0x0,
    0x0, 0x0, 0x0, 0x0, 0x0, 0x0, 0x0, 0x0,
    0x0, 0x0, 0x0, 0x0, 0x0, 0x6b, 0xef, 0xfe,
    0xb6, 0x0, 0x19, 0xdf, 0xfd, 0x81, 0x0, 0x0,
    0x1, 0xdf, 0xff, 0xff, 0xff, 0xfb, 0x5f, 0xff,
    0xff, 0xff, 0xf5, 0x0, 0x0, 0xcf, 0xf7, 0x21,
    0x13, 0xbf, 0xff, 0xfb, 0x41, 0x14, 0xdf, 0xf3,
    0x0, 0x4f, 0xf5, 0x0, 0x0, 0x0, 0xff, 0xfb,
    0x0, 0x0, 0x0, 0xdf, 0xc0, 0x3, 0x89, 0x0,
    0x0, 0x0, 0xd, 0xff, 0x20, 0x0, 0x0, 0x5,
    0xff, 0x30, 0x0, 0x0, 0x0, 0x0, 0x15, 0xef,
    0xe0, 0x0, 0x0, 0x0, 0x2f, 0xf6, 0x0, 0x0,
    0x37, 0xad, 0xff, 0xff, 0xff, 0xff, 0xff, 0xff,
    0xff, 0xff, 0x80, 0x3, 0xdf, 0xff, 0xff, 0xd9,
    0xdf, 0xff, 0xff, 0xff, 0xff, 0xff, 0xf9, 0x3,
    0xff, 0xf9, 0x53, 0x0, 0xc, 0xfd, 0x0, 0x0,
    0x0, 0x0, 0x0, 0x0, 0xbf, 0xf2, 0x0, 0x0,
    0x0, 0xdf, 0xe0, 0x0, 0x0, 0x0, 0x1, 0x0,
    0xf, 0xfc, 0x0, 0x0, 0x0, 0x1f, 0xff, 0x20,
    0x0, 0x0, 0x5, 0xff, 0x60, 0xef, 0xe0, 0x0,
    0x0, 0xb, 0xff, 0xfb, 0x0, 0x0, 0x0, 0xdf,
    0xf1, 0x9, 0xff, 0xb4, 0x12, 0x6d, 0xfe, 0x8f,
    0xfd, 0x52, 0x25, 0xdf, 0xf7, 0x0, 0x1d, 0xff,
    0xff, 0xff, 0xfb, 0x10, 0x6f, 0xff, 0xff, 0xff,
    0xf8, 0x0, 0x0, 0x8, 0xdf, 0xfd, 0x94, 0x0,
    0x0, 0x28, 0xdf, 0xfd, 0x93, 0x0, 0x0,

    /* U+01E4 "Ǥ" */
    0x0, 0x0, 0x1, 0x7b, 0xef, 0xfd, 0xa5, 0x0,
    0x0, 0x0, 0x0, 0x0, 0x7f, 0xff, 0xff, 0xff,
    0xff, 0xd2, 0x0, 0x0, 0x0, 0x9, 0xff, 0xff,
    0xfe, 0xff, 0xff, 0xfe, 0x30, 0x0, 0x0, 0x8f,
    0xff, 0xb4, 0x0, 0x1, 0x7f, 0xff, 0xd0, 0x0,
    0x3, 0xff, 0xf9, 0x0, 0x0, 0x0, 0x3, 0xff,
    0xf7, 0x0, 0xb, 0xff, 0xc0, 0x0, 0x0, 0x0,
    0x0, 0x8f, 0xfd, 0x0, 0x1f, 0xff, 0x40, 0x0,
    0x0, 0x0, 0x0, 0x2b, 0xbb, 0x10, 0x6f, 0xff,
    0x0, 0x0, 0x0, 0x0, 0x0, 0x0, 0x0, 0x0,
    0x9f, 0xfb, 0x0, 0x0, 0x0, 0x0, 0x0, 0x0,
    0x0, 0x0, 0xaf, 0xf9, 0x0, 0x0, 0x0, 0x0,
    0x0, 0x0, 0x0, 0x0, 0xbf, 0xf8, 0x0, 0x0,
    0x3, 0xff, 0xff, 0xff, 0xff, 0x40, 0xaf, 0xf9,
    0x0, 0x0, 0x3, 0xff, 0xff, 0xff, 0xff, 0x30,
    0x9f, 0xfb, 0x0, 0x0, 0x1, 0x66, 0x66, 0x6d,
    0xff, 0x20, 0x6f, 0xfe, 0x0, 0x0, 0x0, 0x0,
    0x0, 0xe, 0xff, 0x10, 0x2f, 0xff, 0x30, 0x0,
    0x3, 0xff, 0xff, 0xff, 0xff, 0xfc, 0xc, 0xff,
    0xc0, 0x0, 0x3, 0xff, 0xff, 0xff, 0xff, 0xfc,
    0x4, 0xff, 0xf8, 0x0, 0x0, 0x0, 0x4, 0xff,
    0xf3, 0x0, 0x0, 0xaf, 0xff, 0xb4, 0x0, 0x2,
    0x8f, 0xff, 0xb0, 0x0, 0x0, 0xb, 0xff, 0xff,
    0xff, 0xff, 0xff, 0xfd, 0x10, 0x0, 0x0, 0x0,
    0x9f, 0xff, 0xff, 0xff, 0xff, 0xb1, 0x0, 0x0,
    0x0, 0x0, 0x2, 0x8c, 0xef, 0xfd, 0x94, 0x0,
    0x0, 0x0,

    /* U+01E5 "ǥ" */
    0x0, 0x2, 0x9d, 0xfe, 0xb4, 0x8, 0xff, 0x60,
    0x0, 0x5, 0xff, 0xff, 0xff, 0xf8, 0x8f, 0xf6,
    0x0, 0x4, 0xff, 0xff, 0xcb, 0xdf, 0xfc, 0xff,
    0x60, 0x0, 0xef, 0xfc, 0x10, 0x0, 0x4f, 0xff,
    0xf6, 0x0, 0x4f, 0xff, 0x10, 0x0, 0x0, 0x5f,
    0xff, 0x60, 0x9, 0xff, 0xa0, 0x2, 0x33, 0x33,
    0xff, 0xfa, 0x31, 0xbf, 0xf7, 0x0, 0xcf, 0xff,
    0xff, 0xff, 0xff, 0x6c, 0xff, 0x60, 0xc, 0xff,
    0xff, 0xff, 0xff, 0xf6, 0xaf, 0xf8, 0x0, 0x0,
    0x0, 0xc, 0xff, 0x60, 0x8, 0xff, 0xc0, 0x0,
    0x0, 0x1, 0xff, 0xf6, 0x0, 0x2f, 0xff, 0x40,
    0x0, 0x0, 0x9f, 0xff, 0x60, 0x0, 0xbf, 0xff,
    0x71, 0x2, 0xaf, 0xff, 0xf6, 0x0, 0x1, 0xef,
    0xff, 0xff, 0xff, 0xeb, 0xff, 0x60, 0x0, 0x1,
    0xbf, 0xff, 0xff, 0xe3, 0xaf, 0xf6, 0x0, 0x0,
    0x0, 0x37, 0x99, 0x50, 0xa, 0xff, 0x50, 0x1,
    0x77, 0x60, 0x0, 0x0, 0x0, 0xdf, 0xf3, 0x0,
    0xf, 0xff, 0x80, 0x0, 0x0, 0x9f, 0xfe, 0x0,
    0x0, 0x6f, 0xff, 0xea, 0x9b, 0xef, 0xff, 0x60,
    0x0, 0x0, 0x7f, 0xff, 0xff, 0xff, 0xff, 0x70,
    0x0, 0x0, 0x0, 0x28, 0xce, 0xfe, 0xc8, 0x20,
    0x0, 0x0,

    /* U+01E6 "Ǧ" */
    0x0, 0x0, 0x3, 0x87, 0x0, 0x4, 0x86, 0x0,
    0x0, 0x0, 0x0, 0x0, 0xe, 0xf8, 0x2, 0xff,
    0x50, 0x0, 0x0, 0x0, 0x0, 0x0, 0x6f, 0xf4,
    0xdf, 0xc0, 0x0, 0x0, 0x0, 0x0, 0x0, 0x0,
    0xcf, 0xff, 0xf3, 0x0, 0x0, 0x0, 0x0, 0x0,
    0x0, 0x3, 0xff, 0xf9, 0x0, 0x0, 0x0, 0x0,
    0x0, 0x0, 0x0, 0x0, 0x0, 0x0, 0x0, 0x0,
    0x0, 0x0, 0x0, 0x0, 0x0, 0x0, 0x0, 0x0,
    0x0, 0x0, 0x0, 0x0, 0x0, 0x17, 0xce, 0xfe,
    0xd9, 0x40, 0x0, 0x0, 0x0, 0x0, 0x8f, 0xff,
    0xff, 0xff, 0xff, 0xc2, 0x0, 0x0, 0x0, 0xbf,
    0xff, 0xff, 0xef, 0xff, 0xff, 0xe2, 0x0, 0x0,
    0x9f, 0xff, 0xb4, 0x0, 0x1, 0x7f, 0xff, 0xd0,
    0x0, 0x4f, 0xff, 0xa0, 0x0, 0x0, 0x0, 0x3f,
    0xff, 0x60, 0xc, 0xff, 0xc0, 0x0, 0x0, 0x0,
    0x0, 0x8f, 0xfd, 0x2, 0xff, 0xf4, 0x0, 0x0,
    0x0, 0x0, 0x2, 0xbb, 0xb1, 0x6f, 0xff, 0x0,
    0x0, 0x0, 0x0, 0x0, 0x0, 0x0, 0x9, 0xff,
    0xb0, 0x0, 0x0, 0x0, 0x0, 0x0, 0x0, 0x0,
    0xaf, 0xf9, 0x0, 0x0, 0x0, 0x0, 0x0, 0x0,
    0x0, 0xb, 0xff, 0x80, 0x0, 0x0, 0x3f, 0xff,
    0xff, 0xff, 0xf4, 0xaf, 0xf9, 0x0, 0x0, 0x3,
    0xff, 0xff, 0xff, 0xff, 0x49, 0xff, 0xb0, 0x0,
    0x0, 0x2a, 0xaa, 0xaa, 0xef, 0xf4, 0x6f, 0xfe,
    0x0, 0x0, 0x0, 0x0, 0x0, 0xd, 0xff, 0x42,
    0xff, 0xf3, 0x0, 0x0, 0x0, 0x0, 0x1, 0xff,
    0xf4, 0xc, 0xff, 0xc0, 0x0, 0x0, 0x0, 0x0,
    0x8f, 0xff, 0x40, 0x5f, 0xff, 0x90, 0x0, 0x0,
    0x0, 0x5f, 0xff, 0xf4, 0x0, 0xbf, 0xff, 0xc4,
    0x0, 0x2, 0x9f, 0xfd, 0xff, 0x40, 0x0, 0xcf,
    0xff, 0xff, 0xff, 0xff, 0xff, 0x2f, 0xf4, 0x0,
    0x0, 0x9f, 0xff, 0xff, 0xff, 0xfd, 0x30, 0xff,
    0x40, 0x0, 0x0, 0x28, 0xce, 0xfe, 0xb6, 0x0,
    0xe, 0xf4,

    /* U+01E7 "ǧ" */
    0x0, 0x5, 0x85, 0x0, 0x6, 0x84, 0x0, 0x0,
    0x0, 0x2f, 0xf4, 0x5, 0xff, 0x10, 0x0, 0x0,
    0x0, 0x7f, 0xe4, 0xff, 0x60, 0x0, 0x0, 0x0,
    0x0, 0xcf, 0xff, 0xb0, 0x0, 0x0, 0x0, 0x0,
    0x2, 0x88, 0x81, 0x0, 0x0, 0x0, 0x0, 0x0,
    0x0, 0x0, 0x0, 0x0, 0x0, 0x0, 0x0, 0x0,
    0x0, 0x0, 0x0, 0x0, 0x0, 0x0, 0x29, 0xdf,
    0xeb, 0x40, 0x8f, 0xf6, 0x0, 0x5f, 0xff, 0xff,
    0xff, 0x88, 0xff, 0x60, 0x4f, 0xff, 0xfc, 0xbd,
    0xff, 0xcf, 0xf6, 0xe, 0xff, 0xc1, 0x0, 0x4,
    0xff, 0xff, 0x64, 0xff, 0xf1, 0x0, 0x0, 0x5,
    0xff, 0xf6, 0x9f, 0xfa, 0x0, 0x0, 0x0, 0xe,
    0xff, 0x6b, 0xff, 0x70, 0x0, 0x0, 0x0, 0xbf,
    0xf6, 0xcf, 0xf6, 0x0, 0x0, 0x0, 0xa, 0xff,
    0x6a, 0xff, 0x80, 0x0, 0x0, 0x0, 0xcf, 0xf6,
    0x8f, 0xfc, 0x0, 0x0, 0x0, 0x1f, 0xff, 0x62,
    0xff, 0xf4, 0x0, 0x0, 0x9, 0xff, 0xf6, 0xb,
    0xff, 0xf7, 0x10, 0x2a, 0xff, 0xff, 0x60, 0x1e,
    0xff, 0xff, 0xff, 0xfe, 0xbf, 0xf6, 0x0, 0x1b,
    0xff, 0xff, 0xfe, 0x3a, 0xff, 0x60, 0x0, 0x3,
    0x79, 0x95, 0x0, 0xaf, 0xf5, 0x17, 0x76, 0x0,
    0x0, 0x0, 0xd, 0xff, 0x30, 0xff, 0xf8, 0x0,
    0x0, 0x9, 0xff, 0xe0, 0x6, 0xff, 0xfe, 0xa9,
    0xbe, 0xff, 0xf6, 0x0, 0x7, 0xff, 0xff, 0xff,
    0xff, 0xf7, 0x0, 0x0, 0x2, 0x8c, 0xef, 0xec,
    0x82, 0x0, 0x0,

    /* U+01E8 "Ǩ" */
    0x0, 0x4, 0xff, 0x20, 0xc, 0xf9, 0x0, 0x0,
    0x0, 0x0, 0x9, 0xfd, 0x8, 0xfe, 0x0, 0x0,
    0x0, 0x0, 0x0, 0xd, 0xfd, 0xff, 0x40, 0x0,
    0x0, 0x0, 0x0, 0x0, 0x3f, 0xff, 0x90, 0x0,
    0x0, 0x0, 0x0, 0x0, 0x0, 0x0, 0x0, 0x0,
    0x0, 0x0, 0x0, 0x0, 0x0, 0x0, 0x0, 0x0,
    0x0, 0x0, 0x0, 0x8f, 0xfa, 0x0, 0x0, 0x0,
    0x2, 0xff, 0xfa, 0x8, 0xff, 0xa0, 0x0, 0x0,
    0x1, 0xef, 0xfc, 0x0, 0x8f, 0xfa, 0x0, 0x0,
    0x0, 0xdf, 0xfd, 0x10, 0x8, 0xff, 0xa0, 0x0,
    0x0, 0xbf, 0xfe, 0x20, 0x0, 0x8f, 0xfa, 0x0,
    0x0, 0x9f, 0xff, 0x30, 0x0, 0x8, 0xff, 0xa0,
    0x0, 0x7f, 0xff, 0x50, 0x0, 0x0, 0x8f, 0xfa,
    0x0, 0x5f, 0xff, 0x80, 0x0, 0x0, 0x8, 0xff,
    0xa0, 0x3f, 0xff, 0xa0, 0x0, 0x0, 0x0, 0x8f,
    0xfa, 0x2e, 0xff, 0xc0, 0x0, 0x0, 0x0, 0x8,
    0xff, 0xbd, 0xff, 0xf7, 0x0, 0x0, 0x0, 0x0,
    0x8f, 0xff, 0xff, 0xff, 0xf2, 0x0, 0x0, 0x0,
    0x8, 0xff, 0xff, 0xed, 0xff, 0xd0, 0x0, 0x0,
    0x0, 0x8f, 0xff, 0xf3, 0x2f, 0xff, 0x90, 0x0,
    0x0, 0x8, 0xff, 0xf4, 0x0, 0x6f, 0xff, 0x40,
    0x0, 0x0, 0x8f, 0xfa, 0x0, 0x0, 0xaf, 0xfe,
    0x10, 0x0, 0x8, 0xff, 0xa0, 0x0, 0x1, 0xef,
    0xfb, 0x0, 0x0, 0x8f, 0xfa, 0x0, 0x0, 0x4,
    0xff, 0xf6, 0x0, 0x8, 0xff, 0xa0, 0x0, 0x0,
    0x8, 0xff, 0xf2, 0x0, 0x8f, 0xfa, 0x0, 0x0,
    0x0, 0xd, 0xff, 0xd0, 0x8, 0xff, 0xa0, 0x0,
    0x0, 0x0, 0x2f, 0xff, 0x80, 0x8f, 0xfa, 0x0,
    0x0, 0x0, 0x0, 0x6f, 0xff, 0x40,

    /* U+01E9 "ǩ" */
    0x3f, 0xf3, 0x0, 0xbf, 0xa0, 0x0, 0x0, 0x0,
    0x0, 0x8, 0xfd, 0x7, 0xfe, 0x10, 0x0, 0x0,
    0x0, 0x0, 0x0, 0xdf, 0xdf, 0xf4, 0x0, 0x0,
    0x0, 0x0, 0x0, 0x0, 0x3f, 0xff, 0xa0, 0x0,
    0x0, 0x0, 0x0, 0x0, 0x0, 0x0, 0x0, 0x0,
    0x0, 0x0, 0x0, 0x0, 0x0, 0x0, 0xd, 0xff,
    0x40, 0x0, 0x0, 0x0, 0x0, 0x0, 0x0, 0xd,
    0xff, 0x40, 0x0, 0x0, 0x0, 0x0, 0x0, 0x0,
    0xd, 0xff, 0x40, 0x0, 0x0, 0x0, 0x0, 0x0,
    0x0, 0xd, 0xff, 0x40, 0x0, 0x0, 0x0, 0x0,
    0x0, 0x0, 0xd, 0xff, 0x40, 0x0, 0x0, 0x0,
    0x0, 0x0, 0x0, 0xd, 0xff, 0x40, 0x0, 0x0,
    0x4f, 0xff, 0x90, 0x0, 0xd, 0xff, 0x40, 0x0,
    0x2, 0xff, 0xfb, 0x0, 0x0, 0xd, 0xff, 0x40,
    0x0, 0x1e, 0xff, 0xc0, 0x0, 0x0, 0xd, 0xff,
    0x40, 0x0, 0xdf, 0xfd, 0x10, 0x0, 0x0, 0xd,
    0xff, 0x40, 0xb, 0xff, 0xe2, 0x0, 0x0, 0x0,
    0xd, 0xff, 0x40, 0xaf, 0xff, 0x30, 0x0, 0x0,
    0x0, 0xd, 0xff, 0x48, 0xff, 0xf4, 0x0, 0x0,
    0x0, 0x0, 0xd, 0xff, 0xaf, 0xff, 0xf8, 0x0,
    0x0, 0x0, 0x0, 0xd, 0xff, 0xff, 0xff, 0xff,
    0x30, 0x0, 0x0, 0x0, 0xd, 0xff, 0xff, 0x48,
    0xff, 0xd0, 0x0, 0x0, 0x0, 0xd, 0xff, 0xf5,
    0x0, 0xdf, 0xf9, 0x0, 0x0, 0x0, 0xd, 0xff,
    0x70, 0x0, 0x3f, 0xff, 0x40, 0x0, 0x0, 0xd,
    0xff, 0x40, 0x0, 0x8, 0xff, 0xe0, 0x0, 0x0,
    0xd, 0xff, 0x40, 0x0, 0x0, 0xdf, 0xf9, 0x0,
    0x0, 0xd, 0xff, 0x40, 0x0, 0x0, 0x3f, 0xff,
    0x40, 0x0, 0xd, 0xff, 0x40, 0x0, 0x0, 0x9,
    0xff, 0xe1,

    /* U+01EA "Ǫ" */
    0x0, 0x0, 0x0, 0x59, 0xde, 0xfe, 0xc8, 0x20,
    0x0, 0x0, 0x0, 0x0, 0x4, 0xdf, 0xff, 0xff,
    0xff, 0xff, 0xa1, 0x0, 0x0, 0x0, 0x7, 0xff,
    0xfd, 0x85, 0x57, 0xaf, 0xff, 0xe2, 0x0, 0x0,
    0x6, 0xff, 0xe5, 0x0, 0x0, 0x0, 0x1a, 0xff,
    0xe1, 0x0, 0x2, 0xff, 0xe2, 0x0, 0x0, 0x0,
    0x0, 0x8, 0xff, 0xb0, 0x0, 0xaf, 0xf5, 0x0,
    0x0, 0x0, 0x0, 0x0, 0xc, 0xff, 0x40, 0xf,
    0xfd, 0x0, 0x0, 0x0, 0x0, 0x0, 0x0, 0x5f,
    0xfa, 0x4, 0xff, 0x80, 0x0, 0x0, 0x0, 0x0,
    0x0, 0x0, 0xff, 0xe0, 0x7f, 0xf5, 0x0, 0x0,
    0x0, 0x0, 0x0, 0x0, 0xc, 0xff, 0x19, 0xff,
    0x40, 0x0, 0x0, 0x0, 0x0, 0x0, 0x0, 0xaf,
    0xf2, 0x9f, 0xf3, 0x0, 0x0, 0x0, 0x0, 0x0,
    0x0, 0xa, 0xff, 0x39, 0xff, 0x40, 0x0, 0x0,
    0x0, 0x0, 0x0, 0x0, 0xbf, 0xf1, 0x7f, 0xf7,
    0x0, 0x0, 0x0, 0x0, 0x0, 0x0, 0xe, 0xff,
    0x3, 0xff, 0xc0, 0x0, 0x0, 0x0, 0x0, 0x0,
    0x3, 0xff, 0xb0, 0xd, 0xff, 0x30, 0x0, 0x0,
    0x0, 0x0, 0x0, 0xaf, 0xf6, 0x0, 0x6f, 0xfd,
    0x10, 0x0, 0x0, 0x0, 0x0, 0x5f, 0xfd, 0x0,
    0x0, 0xcf, 0xfd, 0x20, 0x0, 0x0, 0x0, 0x6f,
    0xff, 0x30, 0x0, 0x2, 0xef, 0xff, 0xa5, 0x32,
    0x37, 0xdf, 0xff, 0x60, 0x0, 0x0, 0x2, 0xcf,
    0xff, 0xff, 0xff, 0xff, 0xfd, 0x40, 0x0, 0x0,
    0x0, 0x0, 0x6d, 0xff, 0xff, 0xfd, 0xa5, 0x0,
    0x0, 0x0, 0x0, 0x0, 0x0, 0x2, 0x5e, 0xc0,
    0x0, 0x0, 0x0, 0x0, 0x0, 0x0, 0x0, 0x0,
    0x0, 0xfa, 0x0, 0x0, 0x0, 0x0, 0x0, 0x0,
    0x0, 0x0, 0x0, 0x2f, 0xb0, 0x0, 0x0, 0x0,
    0x0, 0x0, 0x0, 0x0, 0x0, 0x1, 0xff, 0x40,
    0x5, 0x0, 0x0, 0x0, 0x0, 0x0, 0x0, 0x0,
    0xc, 0xff, 0xef, 0xf0, 0x0, 0x0, 0x0, 0x0,
    0x0, 0x0, 0x0, 0x1a, 0xee, 0xb5, 0x0, 0x0,
    0x0,

    /* U+01EB "ǫ" */
    0x0, 0x0, 0x39, 0xdf, 0xfd, 0x92, 0x0, 0x0,
    0x0, 0x8, 0xff, 0xff, 0xff, 0xff, 0x70, 0x0,
    0x0, 0x7f, 0xfc, 0x41, 0x14, 0xcf, 0xf7, 0x0,
    0x2, 0xff, 0xc0, 0x0, 0x0, 0xc, 0xff, 0x20,
    0x8, 0xff, 0x30, 0x0, 0x0, 0x3, 0xff, 0x80,
    0xc, 0xfd, 0x0, 0x0, 0x0, 0x0, 0xdf, 0xd0,
    0xf, 0xfa, 0x0, 0x0, 0x0, 0x0, 0xaf, 0xf0,
    0xf, 0xf9, 0x0, 0x0, 0x0, 0x0, 0x9f, 0xf0,
    0xf, 0xfa, 0x0, 0x0, 0x0, 0x0, 0x9f, 0xf0,
    0xe, 0xfc, 0x0, 0x0, 0x0, 0x0, 0xbf, 0xe0,
    0xa, 0xff, 0x10, 0x0, 0x0, 0x1, 0xff, 0xa0,
    0x4, 0xff, 0x80, 0x0, 0x0, 0x8, 0xff, 0x50,
    0x0, 0xcf, 0xf7, 0x0, 0x0, 0x7f, 0xfc, 0x0,
    0x0, 0x1d, 0xff, 0xeb, 0xbe, 0xff, 0xe2, 0x0,
    0x0, 0x1, 0x9f, 0xff, 0xff, 0xf9, 0x10, 0x0,
    0x0, 0x0, 0x0, 0x3f, 0xd3, 0x0, 0x0, 0x0,
    0x0, 0x0, 0x0, 0x1f, 0x80, 0x0, 0x0, 0x0,
    0x0, 0x0, 0x0, 0x3f, 0x90, 0x0, 0x0, 0x0,
    0x0, 0x0, 0x0, 0x3f, 0xe2, 0x0, 0x40, 0x0,
    0x0, 0x0, 0x0, 0xd, 0xff, 0xef, 0xe0, 0x0,
    0x0, 0x0, 0x0, 0x2, 0xbf, 0xeb, 0x40, 0x0,

    /* U+01EC "Ǭ" */
    0x0, 0x0, 0x0, 0x0, 0x0, 0x0, 0x0, 0x0,
    0x0, 0x0, 0x0, 0x0, 0x0, 0x4f, 0xff, 0xff,
    0xff, 0xf9, 0x0, 0x0, 0x0, 0x0, 0x0, 0x4,
    0xff, 0xff, 0xff, 0xff, 0x90, 0x0, 0x0, 0x0,
    0x0, 0x0, 0x0, 0x0, 0x0, 0x0, 0x0, 0x0,
    0x0, 0x0, 0x0, 0x0, 0x0, 0x0, 0x0, 0x0,
    0x0, 0x0, 0x0, 0x0, 0x0, 0x0, 0x0, 0x5,
    0x9d, 0xef, 0xec, 0x82, 0x0, 0x0, 0x0, 0x0,
    0x0, 0x4d, 0xff, 0xff, 0xff, 0xff, 0xfa, 0x10,
    0x0, 0x0, 0x0, 0x7f, 0xff, 0xd8, 0x55, 0x7a,
    0xff, 0xfe, 0x20, 0x0, 0x0, 0x6f, 0xfe, 0x50,
    0x0, 0x0, 0x1, 0xaf, 0xfe, 0x10, 0x0, 0x2f,
    0xfe, 0x20, 0x0, 0x0, 0x0, 0x0, 0x8f, 0xfb,
    0x0, 0xa, 0xff, 0x50, 0x0, 0x0, 0x0, 0x0,
    0x0, 0xcf, 0xf4, 0x0, 0xff, 0xd0, 0x0, 0x0,
    0x0, 0x0, 0x0, 0x5, 0xff, 0xa0, 0x4f, 0xf8,
    0x0, 0x0, 0x0, 0x0, 0x0, 0x0, 0xf, 0xfe,
    0x7, 0xff, 0x50, 0x0, 0x0, 0x0, 0x0, 0x0,
    0x0, 0xcf, 0xf1, 0x9f, 0xf4, 0x0, 0x0, 0x0,
    0x0, 0x0, 0x0, 0xa, 0xff, 0x29, 0xff, 0x30,
    0x0, 0x0, 0x0, 0x0, 0x0, 0x0, 0xaf, 0xf3,
    0x9f, 0xf4, 0x0, 0x0, 0x0, 0x0, 0x0, 0x0,
    0xb, 0xff, 0x17, 0xff, 0x70, 0x0, 0x0, 0x0,
    0x0, 0x0, 0x0, 0xef, 0xf0, 0x3f, 0xfc, 0x0,
    0x0, 0x0, 0x0, 0x0, 0x0, 0x3f, 0xfb, 0x0,
    0xdf, 0xf3, 0x0, 0x0, 0x0, 0x0, 0x0, 0xa,
    0xff, 0x60, 0x6, 0xff, 0xd1, 0x0, 0x0, 0x0,
    0x0, 0x5, 0xff, 0xd0, 0x0, 0xc, 0xff, 0xd2,
    0x0, 0x0, 0x0, 0x6, 0xff, 0xf3, 0x0, 0x0,
    0x2e, 0xff, 0xfa, 0x53, 0x23, 0x7d, 0xff, 0xf6,
    0x0, 0x0, 0x0, 0x2c, 0xff, 0xff, 0xff, 0xff,
    0xff, 0xd4, 0x0, 0x0, 0x0, 0x0, 0x6, 0xdf,
    0xff, 0xff, 0xda, 0x50, 0x0, 0x0, 0x0, 0x0,
    0x0, 0x0, 0x25, 0xec, 0x0, 0x0, 0x0, 0x0,
    0x0, 0x0, 0x0, 0x0, 0x0, 0xf, 0xa0, 0x0,
    0x0, 0x0, 0x0, 0x0, 0x0, 0x0, 0x0, 0x2,
    0xfb, 0x0, 0x0, 0x0, 0x0, 0x0, 0x0, 0x0,
    0x0, 0x0, 0x1f, 0xf4, 0x0, 0x50, 0x0, 0x0,
    0x0, 0x0, 0x0, 0x0, 0x0, 0xcf, 0xfe, 0xff,
    0x0, 0x0, 0x0, 0x0, 0x0, 0x0, 0x0, 0x1,
    0xae, 0xeb, 0x50, 0x0, 0x0, 0x0,

    /* U+01ED "ǭ" */
    0x0, 0xb, 0xff, 0xff, 0xff, 0xff, 0x20, 0x0,
    0x0, 0xb, 0xff, 0xff, 0xff, 0xff, 0x20, 0x0,
    0x0, 0x0, 0x11, 0x11, 0x11, 0x11, 0x0, 0x0,
    0x0, 0x0, 0x0, 0x0, 0x0, 0x0, 0x0, 0x0,
    0x0, 0x0, 0x0, 0x0, 0x0, 0x0, 0x0, 0x0,
    0x0, 0x0, 0x39, 0xdf, 0xfd, 0x92, 0x0, 0x0,
    0x0, 0x8, 0xff, 0xff, 0xff, 0xff, 0x70, 0x0,
    0x0, 0x7f, 0xfc, 0x41, 0x14, 0xcf, 0xf7, 0x0,
    0x2, 0xff, 0xc0, 0x0, 0x0, 0xc, 0xff, 0x20,
    0x8, 0xff, 0x30, 0x0, 0x0, 0x3, 0xff, 0x80,
    0xc, 0xfd, 0x0, 0x0, 0x0, 0x0, 0xdf, 0xd0,
    0xf, 0xfa, 0x0, 0x0, 0x0, 0x0, 0xaf, 0xf0,
    0xf, 0xf9, 0x0, 0x0, 0x0, 0x0, 0x9f, 0xf0,
    0xf, 0xfa, 0x0, 0x0, 0x0, 0x0, 0x9f, 0xf0,
    0xe, 0xfc, 0x0, 0x0, 0x0, 0x0, 0xbf, 0xe0,
    0xa, 0xff, 0x10, 0x0, 0x0, 0x1, 0xff, 0xa0,
    0x4, 0xff, 0x80, 0x0, 0x0, 0x8, 0xff, 0x50,
    0x0, 0xcf, 0xf7, 0x0, 0x0, 0x7f, 0xfc, 0x0,
    0x0, 0x1d, 0xff, 0xeb, 0xbe, 0xff, 0xe2, 0x0,
    0x0, 0x1, 0x9f, 0xff, 0xff, 0xf9, 0x10, 0x0,
    0x0, 0x0, 0x0, 0x3f, 0xd3, 0x0, 0x0, 0x0,
    0x0, 0x0, 0x0, 0x1f, 0x80, 0x0, 0x0, 0x0,
    0x0, 0x0, 0x0, 0x3f, 0x90, 0x0, 0x0, 0x0,
    0x0, 0x0, 0x0, 0x3f, 0xe2, 0x0, 0x40, 0x0,
    0x0, 0x0, 0x0, 0xd, 0xff, 0xef, 0xe0, 0x0,
    0x0, 0x0, 0x0, 0x2, 0xbf, 0xeb, 0x40, 0x0,

    /* U+01EE "Ǯ" */
    0x0, 0x48, 0x82, 0x0, 0x78, 0x70, 0x0, 0x0,
    0x1e, 0xfb, 0x6, 0xff, 0x60, 0x0, 0x0, 0x3,
    0xff, 0x7f, 0xf9, 0x0, 0x0, 0x0, 0x0, 0x6f,
    0xff, 0xd0, 0x0, 0x0, 0x0, 0x0, 0x6, 0x88,
    0x20, 0x0, 0x0, 0x0, 0x0, 0x0, 0x0, 0x0,
    0x0, 0x0, 0xf, 0xff, 0xff, 0xff, 0xff, 0xff,
    0xc0, 0xf, 0xff, 0xff, 0xff, 0xff, 0xff, 0xb0,
    0x6, 0x66, 0x66, 0x66, 0x6d, 0xff, 0x40, 0x0,
    0x0, 0x0, 0x0, 0x6f, 0xf5, 0x0, 0x0, 0x0,
    0x0, 0x4, 0xff, 0x70, 0x0, 0x0, 0x0, 0x0,
    0x2e, 0xf8, 0x0, 0x0, 0x0, 0x0, 0x1, 0xdf,
    0xa0, 0x0, 0x0, 0x0, 0x0, 0xc, 0xfc, 0x0,
    0x0, 0x0, 0x0, 0x0, 0x2f, 0xff, 0xf9, 0x20,
    0x0, 0x0, 0x0, 0x4d, 0xdf, 0xff, 0xf4, 0x0,
    0x0, 0x0, 0x0, 0x0, 0x5e, 0xff, 0x30, 0x0,
    0x0, 0x0, 0x0, 0x2, 0xff, 0xc0, 0x0, 0x0,
    0x0, 0x0, 0x0, 0x9f, 0xf2, 0x0, 0x0, 0x0,
    0x0, 0x0, 0x6f, 0xf4, 0x13, 0x50, 0x0, 0x0,
    0x0, 0x6f, 0xf3, 0x7f, 0xf1, 0x0, 0x0, 0x0,
    0xbf, 0xf0, 0x2f, 0xf9, 0x0, 0x0, 0x5, 0xff,
    0x90, 0xa, 0xff, 0xa3, 0x12, 0x8f, 0xfd, 0x10,
    0x0, 0xbf, 0xff, 0xff, 0xff, 0xc1, 0x0, 0x0,
    0x5, 0xbe, 0xfe, 0xb6, 0x0, 0x0,

    /* U+01EF "ǯ" */
    0x0, 0x4f, 0xf9, 0x1, 0xef, 0xc0, 0x0, 0x0,
    0x4, 0xff, 0x6d, 0xfc, 0x0, 0x0, 0x0, 0x0,
    0x4f, 0xff, 0xd1, 0x0, 0x0, 0x0, 0x0, 0x2,
    0x44, 0x10, 0x0, 0x0, 0x0, 0x0, 0x0, 0x0,
    0x0, 0x0, 0x0, 0xf, 0xff, 0xff, 0xff, 0xff,
    0xff, 0xc0, 0xf, 0xff, 0xff, 0xff, 0xff, 0xff,
    0xb0, 0x6, 0x66, 0x66, 0x66, 0x6d, 0xff, 0x40,
    0x0, 0x0, 0x0, 0x0, 0x5f, 0xf6, 0x0, 0x0,
    0x0, 0x0, 0x2, 0xff, 0x90, 0x0, 0x0, 0x0,
    0x0, 0x1d, 0xfb, 0x0, 0x0, 0x0, 0x0, 0x0,
    0xbf, 0xd0, 0x0, 0x0, 0x0, 0x0, 0x8, 0xfe,
    0x20, 0x0, 0x0, 0x0, 0x0, 0x1f, 0xfd, 0x93,
    0x0, 0x0, 0x0, 0x0, 0x3f, 0xff, 0xff, 0xa0,
    0x0, 0x0, 0x0, 0x25, 0x57, 0xdf, 0xfc, 0x0,
    0x0, 0x0, 0x0, 0x0, 0xa, 0xff, 0x80, 0x0,
    0x0, 0x0, 0x0, 0x0, 0xdf, 0xf0, 0x0, 0x0,
    0x0, 0x0, 0x0, 0x7f, 0xf3, 0x0, 0x0, 0x0,
    0x0, 0x0, 0x5f, 0xf4, 0x26, 0x80, 0x0, 0x0,
    0x0, 0x7f, 0xf2, 0x7f, 0xf2, 0x0, 0x0, 0x0,
    0xcf, 0xe0, 0x1f, 0xfa, 0x0, 0x0, 0x6, 0xff,
    0x80, 0x9, 0xff, 0xa3, 0x12, 0x9f, 0xfc, 0x0,
    0x0, 0xaf, 0xff, 0xff, 0xff, 0xb1, 0x0, 0x0,
    0x4, 0xbe, 0xfe, 0xb5, 0x0, 0x0,

    /* U+01F0 "ǰ" */
    0x1d, 0xfd, 0x0, 0xbf, 0xe2, 0x1, 0xdf, 0xa9,
    0xff, 0x30, 0x0, 0x1d, 0xff, 0xf3, 0x0, 0x0,
    0x1, 0x44, 0x20, 0x0, 0x0, 0x0, 0x0, 0x0,
    0x0, 0x0, 0x1, 0xff, 0x70, 0x0, 0x0, 0x1,
    0xff, 0x70, 0x0, 0x0, 0x1, 0xff, 0x70, 0x0,
    0x0, 0x1, 0xff, 0x70, 0x0, 0x0, 0x1, 0xff,
    0x70, 0x0, 0x0, 0x1, 0xff, 0x70, 0x0, 0x0,
    0x1, 0xff, 0x70, 0x0, 0x0, 0x1, 0xff, 0x70,
    0x0, 0x0, 0x1, 0xff, 0x70, 0x0, 0x0, 0x1,
    0xff, 0x70, 0x0, 0x0, 0x1, 0xff, 0x70, 0x0,
    0x0, 0x1, 0xff, 0x70, 0x0, 0x0, 0x1, 0xff,
    0x70, 0x0, 0x0, 0x1, 0xff, 0x70, 0x0, 0x0,
    0x1, 0xff, 0x70, 0x0, 0x0, 0x1, 0xff, 0x70,
    0x0, 0x0, 0x1, 0xff, 0x70, 0x0, 0x0, 0x3,
    0xff, 0x60, 0x0, 0x4, 0x3a, 0xff, 0x30, 0x0,
    0xf, 0xff, 0xfc, 0x0, 0x0, 0x2d, 0xfe, 0x91,
    0x0, 0x0,

    /* U+01F1 "Ǳ" */
    0xaf, 0xff, 0xff, 0xff, 0xfe, 0xda, 0x40, 0x0,
    0x0, 0x0, 0x8f, 0xff, 0xff, 0xff, 0xff, 0xff,
    0xff, 0xf6, 0xaf, 0xff, 0xff, 0xff, 0xff, 0xff,
    0xfc, 0x20, 0x0, 0x0, 0x8f, 0xff, 0xff, 0xff,
    0xff, 0xff, 0xff, 0xf6, 0xaf, 0xf7, 0x66, 0x66,
    0x67, 0xbf, 0xff, 0xe1, 0x0, 0x0, 0x36, 0x66,
    0x66, 0x66, 0x66, 0x68, 0xff, 0xf3, 0xaf, 0xf1,
    0x0, 0x0, 0x0, 0x1, 0xbf, 0xfc, 0x0, 0x0,
    0x0, 0x0, 0x0, 0x0, 0x0, 0x1d, 0xff, 0x70,
    0xaf, 0xf1, 0x0, 0x0, 0x0, 0x0, 0xc, 0xff,
    0x50, 0x0, 0x0, 0x0, 0x0, 0x0, 0x0, 0xcf,
    0xf9, 0x0, 0xaf, 0xf1, 0x0, 0x0, 0x0, 0x0,
    0x3, 0xff, 0xc0, 0x0, 0x0, 0x0, 0x0, 0x0,
    0xa, 0xff, 0xb0, 0x0, 0xaf, 0xf1, 0x0, 0x0,
    0x0, 0x0, 0x0, 0xcf, 0xf1, 0x0, 0x0, 0x0,
    0x0, 0x0, 0x8f, 0xfd, 0x10, 0x0, 0xaf, 0xf1,
    0x0, 0x0, 0x0, 0x0, 0x0, 0x8f, 0xf4, 0x0,
    0x0, 0x0, 0x0, 0x5, 0xff, 0xe2, 0x0, 0x0,
    0xaf, 0xf1, 0x0, 0x0, 0x0, 0x0, 0x0, 0x6f,
    0xf6, 0x0, 0x0, 0x0, 0x0, 0x3f, 0xff, 0x30,
    0x0, 0x0, 0xaf, 0xf1, 0x0, 0x0, 0x0, 0x0,
    0x0, 0x5f, 0xf7, 0x0, 0x0, 0x0, 0x1, 0xef,
    0xf5, 0x0, 0x0, 0x0, 0xaf, 0xf1, 0x0, 0x0,
    0x0, 0x0, 0x0, 0x5f, 0xf7, 0x0, 0x0, 0x0,
    0xc, 0xff, 0x80, 0x0, 0x0, 0x0, 0xaf, 0xf1,
    0x0, 0x0, 0x0, 0x0, 0x0, 0x6f, 0xf6, 0x0,
    0x0, 0x0, 0xaf, 0xfa, 0x0, 0x0, 0x0, 0x0,
    0xaf, 0xf1, 0x0, 0x0, 0x0, 0x0, 0x0, 0x9f,
    0xf3, 0x0, 0x0, 0x8, 0xff, 0xc0, 0x0, 0x0,
    0x0, 0x0, 0xaf, 0xf1, 0x0, 0x0, 0x0, 0x0,
    0x0, 0xdf, 0xf0, 0x0, 0x0, 0x5f, 0xfe, 0x10,
    0x0, 0x0, 0x0, 0x0, 0xaf, 0xf1, 0x0, 0x0,
    0x0, 0x0, 0x4, 0xff, 0xb0, 0x0, 0x3, 0xff,
    0xf2, 0x0, 0x0, 0x0, 0x0, 0x0, 0xaf, 0xf1,
    0x0, 0x0, 0x0, 0x0, 0xd, 0xff, 0x40, 0x0,
    0x1e, 0xff, 0x40, 0x0, 0x0, 0x0, 0x0, 0x0,
    0xaf, 0xf1, 0x0, 0x0, 0x0, 0x2, 0xcf, 0xfb,
    0x0, 0x0, 0xdf, 0xf6, 0x0, 0x0, 0x0, 0x0,
    0x0, 0x0, 0xaf, 0xf7, 0x66, 0x66, 0x68, 0xbf,
    0xff, 0xd1, 0x0, 0x9, 0xff, 0xd6, 0x66, 0x66,
    0x66, 0x66, 0x66, 0x64, 0xaf, 0xff, 0xff, 0xff,
    0xff, 0xff, 0xfa, 0x10, 0x0, 0xb, 0xff, 0xff,
    0xff, 0xff, 0xff, 0xff, 0xff, 0xfb, 0xaf, 0xff,
    0xff, 0xff, 0xfe, 0xc8, 0x30, 0x0, 0x0, 0xb,
    0xff, 0xff, 0xff, 0xff, 0xff, 0xff, 0xff, 0xfb,

    /* U+01F2 "ǲ" */
    0xaf, 0xff, 0xff, 0xff, 0xfe, 0xda, 0x40, 0x0,
    0x0, 0x0, 0x0, 0x0, 0x0, 0x0, 0x0, 0x0,
    0xa, 0xff, 0xff, 0xff, 0xff, 0xff, 0xff, 0xc2,
    0x0, 0x0, 0x0, 0x0, 0x0, 0x0, 0x0, 0x0,
    0x0, 0xaf, 0xf7, 0x66, 0x66, 0x67, 0xbf, 0xff,
    0xe1, 0x0, 0x0, 0x0, 0x0, 0x0, 0x0, 0x0,
    0x0, 0xa, 0xff, 0x10, 0x0, 0x0, 0x0, 0x1b,
    0xff, 0xc0, 0x0, 0x0, 0x0, 0x0, 0x0, 0x0,
    0x0, 0x0, 0xaf, 0xf1, 0x0, 0x0, 0x0, 0x0,
    0xc, 0xff, 0x50, 0x0, 0x0, 0x0, 0x0, 0x0,
    0x0, 0x0, 0xa, 0xff, 0x10, 0x0, 0x0, 0x0,
    0x0, 0x3f, 0xfc, 0x0, 0xf, 0xff, 0xff, 0xff,
    0xff, 0xff, 0xf5, 0xaf, 0xf1, 0x0, 0x0, 0x0,
    0x0, 0x0, 0xcf, 0xf1, 0x0, 0xff, 0xff, 0xff,
    0xff, 0xff, 0xff, 0x4a, 0xff, 0x10, 0x0, 0x0,
    0x0, 0x0, 0x8, 0xff, 0x40, 0x0, 0x0, 0x0,
    0x0, 0x6, 0xff, 0x90, 0xaf, 0xf1, 0x0, 0x0,
    0x0, 0x0, 0x0, 0x6f, 0xf6, 0x0, 0x0, 0x0,
    0x0, 0x4, 0xff, 0xb0, 0xa, 0xff, 0x10, 0x0,
    0x0, 0x0, 0x0, 0x5, 0xff, 0x70, 0x0, 0x0,
    0x0, 0x2, 0xff, 0xd0, 0x0, 0xaf, 0xf1, 0x0,
    0x0, 0x0, 0x0, 0x0, 0x5f, 0xf7, 0x0, 0x0,
    0x0, 0x1, 0xef, 0xe2, 0x0, 0xa, 0xff, 0x10,
    0x0, 0x0, 0x0, 0x0, 0x6, 0xff, 0x60, 0x0,
    0x0, 0x0, 0xdf, 0xf3, 0x0, 0x0, 0xaf, 0xf1,
    0x0, 0x0, 0x0, 0x0, 0x0, 0x9f, 0xf3, 0x0,
    0x0, 0x0, 0xbf, 0xf5, 0x0, 0x0, 0xa, 0xff,
    0x10, 0x0, 0x0, 0x0, 0x0, 0xd, 0xff, 0x0,
    0x0, 0x0, 0x9f, 0xf8, 0x0, 0x0, 0x0, 0xaf,
    0xf1, 0x0, 0x0, 0x0, 0x0, 0x4, 0xff, 0xb0,
    0x0, 0x0, 0x7f, 0xfa, 0x0, 0x0, 0x0, 0xa,
    0xff, 0x10, 0x0, 0x0, 0x0, 0x0, 0xdf, 0xf4,
    0x0, 0x0, 0x5f, 0xfc, 0x0, 0x0, 0x0, 0x0,
    0xaf, 0xf1, 0x0, 0x0, 0x0, 0x2, 0xcf, 0xfb,
    0x0, 0x0, 0x3f, 0xfe, 0x10, 0x0, 0x0, 0x0,
    0xa, 0xff, 0x76, 0x66, 0x66, 0x8b, 0xff, 0xfd,
    0x10, 0x0, 0x2e, 0xff, 0x41, 0x11, 0x11, 0x11,
    0x11, 0xaf, 0xff, 0xff, 0xff, 0xff, 0xff, 0xfa,
    0x10, 0x0, 0x8, 0xff, 0xff, 0xff, 0xff, 0xff,
    0xff, 0xca, 0xff, 0xff, 0xff, 0xff, 0xec, 0x83,
    0x0, 0x0, 0x0, 0x8f, 0xff, 0xff, 0xff, 0xff,
    0xff, 0xfc,

    /* U+01F3 "ǳ" */
    0x0, 0x0, 0x0, 0x0, 0x0, 0x7f, 0xf1, 0x0,
    0x0, 0x0, 0x0, 0x0, 0x0, 0x0, 0x0, 0x0,
    0x0, 0x0, 0x0, 0x7, 0xff, 0x10, 0x0, 0x0,
    0x0, 0x0, 0x0, 0x0, 0x0, 0x0, 0x0, 0x0,
    0x0, 0x0, 0x7f, 0xf1, 0x0, 0x0, 0x0, 0x0,
    0x0, 0x0, 0x0, 0x0, 0x0, 0x0, 0x0, 0x0,
    0x7, 0xff, 0x10, 0x0, 0x0, 0x0, 0x0, 0x0,
    0x0, 0x0, 0x0, 0x0, 0x0, 0x0, 0x0, 0x7f,
    0xf1, 0x0, 0x0, 0x0, 0x0, 0x0, 0x0, 0x0,
    0x0, 0x0, 0x4b, 0xef, 0xd9, 0x17, 0xff, 0x10,
    0xc, 0xff, 0xff, 0xff, 0xff, 0xff, 0xf8, 0x0,
    0xaf, 0xff, 0xff, 0xfe, 0x9f, 0xf1, 0x0, 0xcf,
    0xff, 0xff, 0xff, 0xff, 0xff, 0x80, 0x8f, 0xfb,
    0x30, 0x28, 0xff, 0xff, 0x10, 0x0, 0x0, 0x0,
    0x0, 0x3, 0xff, 0xe1, 0x2f, 0xfb, 0x0, 0x0,
    0x6, 0xff, 0xf1, 0x0, 0x0, 0x0, 0x0, 0x2,
    0xef, 0xf3, 0x8, 0xff, 0x30, 0x0, 0x0, 0xd,
    0xff, 0x10, 0x0, 0x0, 0x0, 0x1, 0xdf, 0xf4,
    0x0, 0xcf, 0xe0, 0x0, 0x0, 0x0, 0x7f, 0xf1,
    0x0, 0x0, 0x0, 0x0, 0xcf, 0xf6, 0x0, 0xe,
    0xfc, 0x0, 0x0, 0x0, 0x5, 0xff, 0x10, 0x0,
    0x0, 0x0, 0xbf, 0xf8, 0x0, 0x0, 0xef, 0xa0,
    0x0, 0x0, 0x0, 0x4f, 0xf1, 0x0, 0x0, 0x0,
    0x9f, 0xfa, 0x0, 0x0, 0xe, 0xfb, 0x0, 0x0,
    0x0, 0x4, 0xff, 0x10, 0x0, 0x0, 0x7f, 0xfc,
    0x0, 0x0, 0x0, 0xbf, 0xe0, 0x0, 0x0, 0x0,
    0x6f, 0xf1, 0x0, 0x0, 0x5f, 0xfd, 0x10, 0x0,
    0x0, 0x7, 0xff, 0x30, 0x0, 0x0, 0xb, 0xff,
    0x10, 0x0, 0x3f, 0xfe, 0x20, 0x0, 0x0, 0x0,
    0x1f, 0xfc, 0x0, 0x0, 0x5, 0xff, 0xf1, 0x0,
    0x2e, 0xff, 0x30, 0x0, 0x0, 0x0, 0x0, 0x6f,
    0xfd, 0x51, 0x27, 0xff, 0xff, 0x10, 0x1e, 0xff,
    0x61, 0x11, 0x11, 0x11, 0x11, 0x0, 0x7f, 0xff,
    0xff, 0xff, 0x7f, 0xf1, 0x5, 0xff, 0xff, 0xff,
    0xff, 0xff, 0xff, 0xf0, 0x0, 0x3a, 0xef, 0xea,
    0x24, 0xff, 0x10, 0x5f, 0xff, 0xff, 0xff, 0xff,
    0xff, 0xff,

    /* U+01F4 "Ǵ" */
    0x0, 0x0, 0x0, 0x0, 0x0, 0x9e, 0xe7, 0x0,
    0x0, 0x0, 0x0, 0x0, 0x0, 0x0, 0x2, 0xff,
    0xc0, 0x0, 0x0, 0x0, 0x0, 0x0, 0x0, 0x0,
    0x9, 0xfe, 0x10, 0x0, 0x0, 0x0, 0x0, 0x0,
    0x0, 0x0, 0x1f, 0xf3, 0x0, 0x0, 0x0, 0x0,
    0x0, 0x0, 0x0, 0x0, 0x0, 0x0, 0x0, 0x0,
    0x0, 0x0, 0x0, 0x0, 0x0, 0x0, 0x0, 0x0,
    0x0, 0x0, 0x0, 0x0, 0x0, 0x0, 0x0, 0x49,
    0xce, 0xff, 0xeb, 0x72, 0x0, 0x0, 0x0, 0x0,
    0x3c, 0xff, 0xff, 0xff, 0xff, 0xff, 0x90, 0x0,
    0x0, 0x6, 0xff, 0xfe, 0x96, 0x55, 0x7b, 0xff,
    0xfb, 0x0, 0x0, 0x5f, 0xff, 0x60, 0x0, 0x0,
    0x0, 0x2d, 0xff, 0x70, 0x1, 0xff, 0xf3, 0x0,
    0x0, 0x0, 0x0, 0x1, 0xef, 0xf0, 0x8, 0xff,
    0x70, 0x0, 0x0, 0x0, 0x0, 0x0, 0x7f, 0xe3,
    0xe, 0xfe, 0x0, 0x0, 0x0, 0x0, 0x0, 0x0,
    0x2, 0x0, 0x3f, 0xfa, 0x0, 0x0, 0x0, 0x0,
    0x0, 0x0, 0x0, 0x0, 0x6f, 0xf7, 0x0, 0x0,
    0x0, 0x0, 0x0, 0x0, 0x0, 0x0, 0x7f, 0xf5,
    0x0, 0x0, 0x0, 0x6, 0x66, 0x66, 0x66, 0x64,
    0x7f, 0xf6, 0x0, 0x0, 0x0, 0x1f, 0xff, 0xff,
    0xff, 0xfb, 0x6f, 0xf7, 0x0, 0x0, 0x0, 0x1f,
    0xff, 0xff, 0xff, 0xfb, 0x3f, 0xfa, 0x0, 0x0,
    0x0, 0x0, 0x0, 0x0, 0xf, 0xfb, 0xf, 0xff,
    0x0, 0x0, 0x0, 0x0, 0x0, 0x0, 0xf, 0xfb,
    0x9, 0xff, 0x80, 0x0, 0x0, 0x0, 0x0, 0x0,
    0xf, 0xfb, 0x1, 0xff, 0xf5, 0x0, 0x0, 0x0,
    0x0, 0x0, 0x1f, 0xfb, 0x0, 0x4f, 0xff, 0x91,
    0x0, 0x0, 0x0, 0x18, 0xff, 0xfb, 0x0, 0x5,
    0xff, 0xff, 0xc9, 0x77, 0x8c, 0xff, 0xff, 0xa1,
    0x0, 0x0, 0x2b, 0xff, 0xff, 0xff, 0xff, 0xff,
    0xc5, 0x0, 0x0, 0x0, 0x0, 0x27, 0xbe, 0xff,
    0xec, 0x83, 0x0, 0x0,

    /* U+01F5 "ǵ" */
    0x0, 0x0, 0x0, 0x7, 0xff, 0xb0, 0x0, 0x0,
    0x0, 0x0, 0x0, 0xef, 0xd0, 0x0, 0x0, 0x0,
    0x0, 0x0, 0x7f, 0xf2, 0x0, 0x0, 0x0, 0x0,
    0x0, 0xc, 0xe4, 0x0, 0x0, 0x0, 0x0, 0x0,
    0x0, 0x0, 0x0, 0x0, 0x0, 0x0, 0x0, 0x4,
    0xae, 0xfe, 0x92, 0x1f, 0xf4, 0x0, 0x9, 0xff,
    0xff, 0xff, 0xf6, 0xff, 0x40, 0x8, 0xff, 0xb3,
    0x2, 0x8f, 0xff, 0xf4, 0x2, 0xff, 0xb0, 0x0,
    0x0, 0x5f, 0xff, 0x40, 0x8f, 0xf2, 0x0, 0x0,
    0x0, 0xbf, 0xf4, 0xc, 0xfd, 0x0, 0x0, 0x0,
    0x5, 0xff, 0x40, 0xff, 0xa0, 0x0, 0x0, 0x0,
    0x3f, 0xf4, 0xf, 0xf9, 0x0, 0x0, 0x0, 0x2,
    0xff, 0x40, 0xff, 0xa0, 0x0, 0x0, 0x0, 0x3f,
    0xf4, 0xc, 0xfc, 0x0, 0x0, 0x0, 0x5, 0xff,
    0x40, 0x8f, 0xf2, 0x0, 0x0, 0x0, 0xaf, 0xf4,
    0x2, 0xff, 0xb0, 0x0, 0x0, 0x4f, 0xff, 0x40,
    0x8, 0xff, 0xb3, 0x2, 0x7f, 0xff, 0xf3, 0x0,
    0x9, 0xff, 0xff, 0xff, 0xf9, 0xff, 0x30, 0x0,
    0x4, 0xae, 0xfe, 0x92, 0x6f, 0xf3, 0x0, 0x0,
    0x0, 0x0, 0x0, 0x7, 0xff, 0x10, 0x59, 0x70,
    0x0, 0x0, 0x0, 0xaf, 0xe0, 0x5, 0xff, 0x40,
    0x0, 0x0, 0x2f, 0xfa, 0x0, 0x1e, 0xfe, 0x62,
    0x12, 0x6e, 0xff, 0x20, 0x0, 0x4f, 0xff, 0xff,
    0xff, 0xfe, 0x40, 0x0, 0x0, 0x18, 0xcf, 0xfe,
    0xc7, 0x10, 0x0,

    /* U+01FA "Ǻ" */
    0x0, 0x0, 0x0, 0x0, 0x0, 0x9e, 0xe9, 0x0,
    0x0, 0x0, 0x0, 0x0, 0x0, 0x0, 0x0, 0x1f,
    0xfd, 0x0, 0x0, 0x0, 0x0, 0x0, 0x0, 0x0,
    0x0, 0x8, 0xfe, 0x20, 0x0, 0x0, 0x0, 0x0,
    0x0, 0x0, 0x0, 0x0, 0xff, 0x40, 0x0, 0x0,
    0x0, 0x0, 0x0, 0x0, 0x0, 0x0, 0x0, 0x0,
    0x0, 0x0, 0x0, 0x0, 0x0, 0x0, 0x0, 0x0,
    0x0, 0x0, 0x0, 0x0, 0x0, 0x0, 0x0, 0x0,
    0x0, 0x0, 0x0, 0x2a, 0xd9, 0x10, 0x0, 0x0,
    0x0, 0x0, 0x0, 0x0, 0x0, 0xd, 0x82, 0x9b,
    0x0, 0x0, 0x0, 0x0, 0x0, 0x0, 0x0, 0x0,
    0xf0, 0x1, 0xf0, 0x0, 0x0, 0x0, 0x0, 0x0,
    0x0, 0x0, 0xd, 0x60, 0x8c, 0x0, 0x0, 0x0,
    0x0, 0x0, 0x0, 0x0, 0x0, 0x5f, 0xff, 0x30,
    0x0, 0x0, 0x0, 0x0, 0x0, 0x0, 0x0, 0xa,
    0xff, 0xf8, 0x0, 0x0, 0x0, 0x0, 0x0, 0x0,
    0x0, 0x1, 0xff, 0xbf, 0xe0, 0x0, 0x0, 0x0,
    0x0, 0x0, 0x0, 0x0, 0x7f, 0xf3, 0xff, 0x50,
    0x0, 0x0, 0x0, 0x0, 0x0, 0x0, 0xd, 0xfb,
    0xd, 0xfc, 0x0, 0x0, 0x0, 0x0, 0x0, 0x0,
    0x3, 0xff, 0x60, 0x7f, 0xf3, 0x0, 0x0, 0x0,
    0x0, 0x0, 0x0, 0xaf, 0xf0, 0x1, 0xff, 0xa0,
    0x0, 0x0, 0x0, 0x0, 0x0, 0x1f, 0xfa, 0x0,
    0xb, 0xff, 0x10, 0x0, 0x0, 0x0, 0x0, 0x7,
    0xff, 0x30, 0x0, 0x5f, 0xf7, 0x0, 0x0, 0x0,
    0x0, 0x0, 0xdf, 0xd0, 0x0, 0x0, 0xef, 0xe0,
    0x0, 0x0, 0x0, 0x0, 0x3f, 0xf7, 0x0, 0x0,
    0x8, 0xff, 0x50, 0x0, 0x0, 0x0, 0xa, 0xff,
    0x32, 0x22, 0x22, 0x4f, 0xfc, 0x0, 0x0, 0x0,
    0x1, 0xff, 0xff, 0xff, 0xff, 0xff, 0xff, 0xf3,
    0x0, 0x0, 0x0, 0x6f, 0xff, 0xff, 0xff, 0xff,
    0xff, 0xff, 0x90, 0x0, 0x0, 0xd, 0xff, 0x0,
    0x0, 0x0, 0x0, 0xe, 0xff, 0x10, 0x0, 0x3,
    0xff, 0x90, 0x0, 0x0, 0x0, 0x0, 0x9f, 0xf7,
    0x0, 0x0, 0xaf, 0xf3, 0x0, 0x0, 0x0, 0x0,
    0x2, 0xff, 0xe0, 0x0, 0x1f, 0xfd, 0x0, 0x0,
    0x0, 0x0, 0x0, 0xc, 0xff, 0x50, 0x6, 0xff,
    0x70, 0x0, 0x0, 0x0, 0x0, 0x0, 0x5f, 0xfb,
    0x0, 0xdf, 0xf1, 0x0, 0x0, 0x0, 0x0, 0x0,
    0x0, 0xef, 0xf2,

    /* U+01FB "ǻ" */
    0x0, 0x0, 0x0, 0xb, 0xee, 0x50, 0x0, 0x0,
    0x0, 0x0, 0x4f, 0xf9, 0x0, 0x0, 0x0, 0x0,
    0x0, 0xcf, 0xc0, 0x0, 0x0, 0x0, 0x0, 0x4,
    0xfe, 0x10, 0x0, 0x0, 0x0, 0x0, 0x0, 0x0,
    0x0, 0x0, 0x0, 0x0, 0x0, 0x5, 0xcd, 0x60,
    0x0, 0x0, 0x0, 0x0, 0x2e, 0x43, 0xd4, 0x0,
    0x0, 0x0, 0x0, 0x69, 0x0, 0x79, 0x0, 0x0,
    0x0, 0x0, 0x4d, 0x10, 0xc6, 0x0, 0x0, 0x0,
    0x0, 0x8, 0xff, 0x90, 0x0, 0x0, 0x0, 0x0,
    0x0, 0x0, 0x0, 0x0, 0x0, 0x0, 0x0, 0x0,
    0x0, 0x0, 0x0, 0x0, 0x0, 0x4, 0xad, 0xff,
    0xfd, 0x81, 0x0, 0x1, 0xbf, 0xff, 0xff, 0xff,
    0xfe, 0x20, 0xb, 0xff, 0x93, 0x11, 0x39, 0xff,
    0xb0, 0x2f, 0xf9, 0x0, 0x0, 0x0, 0xbf, 0xf0,
    0x28, 0xa2, 0x0, 0x0, 0x0, 0x7f, 0xf1, 0x0,
    0x0, 0x0, 0x0, 0x2, 0x9f, 0xf2, 0x0, 0x1,
    0x58, 0xac, 0xff, 0xff, 0xf2, 0x2, 0xbf, 0xff,
    0xff, 0xfc, 0xbf, 0xf2, 0x2e, 0xff, 0xc8, 0x52,
    0x0, 0x6f, 0xf2, 0xaf, 0xf5, 0x0, 0x0, 0x0,
    0x8f, 0xf2, 0xdf, 0xe0, 0x0, 0x0, 0x0, 0xcf,
    0xf2, 0xdf, 0xf0, 0x0, 0x0, 0x6, 0xff, 0xf2,
    0x8f, 0xfb, 0x20, 0x3, 0xaf, 0xff, 0xf3, 0xc,
    0xff, 0xff, 0xff, 0xfb, 0x3f, 0xf6, 0x0, 0x7c,
    0xff, 0xea, 0x40, 0xd, 0xfb,

    /* U+01FC "Ǽ" */
    0x0, 0x0, 0x0, 0x0, 0x0, 0x0, 0x0, 0x0,
    0x4, 0xff, 0xd0, 0x0, 0x0, 0x0, 0x0, 0x0,
    0x0, 0x0, 0x0, 0x0, 0x0, 0x0, 0xc, 0xfe,
    0x20, 0x0, 0x0, 0x0, 0x0, 0x0, 0x0, 0x0,
    0x0, 0x0, 0x0, 0x0, 0x4f, 0xf4, 0x0, 0x0,
    0x0, 0x0, 0x0, 0x0, 0x0, 0x0, 0x0, 0x0,
    0x0, 0x0, 0x9e, 0x70, 0x0, 0x0, 0x0, 0x0,
    0x0, 0x0, 0x0, 0x0, 0x0, 0x0, 0x0, 0x0,
    0x0, 0x0, 0x0, 0x0, 0x0, 0x0, 0x0, 0x0,
    0x0, 0x0, 0x3, 0xff, 0xff, 0xff, 0xff, 0xff,
    0xff, 0xff, 0xff, 0xf0, 0x0, 0x0, 0x0, 0x0,
    0xb, 0xff, 0xff, 0xff, 0xff, 0xff, 0xff, 0xff,
    0xff, 0xf0, 0x0, 0x0, 0x0, 0x0, 0x3f, 0xfc,
    0x68, 0xff, 0xb6, 0x66, 0x66, 0x66, 0x66, 0x60,
    0x0, 0x0, 0x0, 0x0, 0xbf, 0xf3, 0x2, 0xff,
    0x90, 0x0, 0x0, 0x0, 0x0, 0x0, 0x0, 0x0,
    0x0, 0x3, 0xff, 0xa0, 0x2, 0xff, 0x90, 0x0,
    0x0, 0x0, 0x0, 0x0, 0x0, 0x0, 0x0, 0xb,
    0xff, 0x20, 0x2, 0xff, 0x90, 0x0, 0x0, 0x0,
    0x0, 0x0, 0x0, 0x0, 0x0, 0x3f, 0xfa, 0x0,
    0x2, 0xff, 0x90, 0x0, 0x0, 0x0, 0x0, 0x0,
    0x0, 0x0, 0x0, 0xbf, 0xf2, 0x0, 0x2, 0xff,
    0x90, 0x0, 0x0, 0x0, 0x0, 0x0, 0x0, 0x0,
    0x3, 0xff, 0x90, 0x0, 0x2, 0xff, 0xb6, 0x66,
    0x66, 0x66, 0x66, 0x10, 0x0, 0x0, 0xb, 0xff,
    0x10, 0x0, 0x2, 0xff, 0xff, 0xff, 0xff, 0xff,
    0xff, 0x50, 0x0, 0x0, 0x3f, 0xf9, 0x0, 0x0,
    0x2, 0xff, 0xff, 0xff, 0xff, 0xff, 0xff, 0x50,
    0x0, 0x0, 0xbf, 0xf7, 0x66, 0x66, 0x67, 0xff,
    0x90, 0x0, 0x0, 0x0, 0x0, 0x0, 0x0, 0x3,
    0xff, 0xff, 0xff, 0xff, 0xff, 0xff, 0x90, 0x0,
    0x0, 0x0, 0x0, 0x0, 0x0, 0xb, 0xff, 0xff,
    0xff, 0xff, 0xff, 0xff, 0x90, 0x0, 0x0, 0x0,
    0x0, 0x0, 0x0, 0x3f, 0xf9, 0x0, 0x0, 0x0,
    0x2, 0xff, 0x90, 0x0, 0x0, 0x0, 0x0, 0x0,
    0x0, 0xcf, 0xf2, 0x0, 0x0, 0x0, 0x2, 0xff,
    0x90, 0x0, 0x0, 0x0, 0x0, 0x0, 0x3, 0xff,
    0xa0, 0x0, 0x0, 0x0, 0x2, 0xff, 0x90, 0x0,
    0x0, 0x0, 0x0, 0x0, 0xc, 0xff, 0x20, 0x0,
    0x0, 0x0, 0x2, 0xff, 0xb6, 0x66, 0x66, 0x66,
    0x66, 0x62, 0x3f, 0xfb, 0x0, 0x0, 0x0, 0x0,
    0x2, 0xff, 0xff, 0xff, 0xff, 0xff, 0xff, 0xf6,
    0xcf, 0xf3, 0x0, 0x0, 0x0, 0x0, 0x2, 0xff,
    0xff, 0xff, 0xff, 0xff, 0xff, 0xf6,

    /* U+01FD "ǽ" */
    0x0, 0x0, 0x0, 0x0, 0x0, 0x0, 0x8f, 0xfa,
    0x0, 0x0, 0x0, 0x0, 0x0, 0x0, 0x0, 0x0,
    0x0, 0x0, 0x1f, 0xfc, 0x0, 0x0, 0x0, 0x0,
    0x0, 0x0, 0x0, 0x0, 0x0, 0x0, 0x8, 0xfe,
    0x10, 0x0, 0x0, 0x0, 0x0, 0x0, 0x0, 0x0,
    0x0, 0x0, 0x0, 0xde, 0x30, 0x0, 0x0, 0x0,
    0x0, 0x0, 0x0, 0x0, 0x0, 0x0, 0x0, 0x0,
    0x0, 0x0, 0x0, 0x0, 0x0, 0x0, 0x0, 0x0,
    0x6, 0xbe, 0xff, 0xeb, 0x60, 0x1, 0x9d, 0xff,
    0xd8, 0x10, 0x0, 0x0, 0x1d, 0xff, 0xff, 0xff,
    0xff, 0xb5, 0xff, 0xff, 0xff, 0xff, 0x50, 0x0,
    0xc, 0xff, 0x72, 0x11, 0x3b, 0xff, 0xff, 0xb4,
    0x11, 0x4d, 0xff, 0x30, 0x4, 0xff, 0x50, 0x0,
    0x0, 0xf, 0xff, 0xb0, 0x0, 0x0, 0xd, 0xfc,
    0x0, 0x38, 0x90, 0x0, 0x0, 0x0, 0xdf, 0xf2,
    0x0, 0x0, 0x0, 0x5f, 0xf3, 0x0, 0x0, 0x0,
    0x0, 0x1, 0x5e, 0xfe, 0x0, 0x0, 0x0, 0x2,
    0xff, 0x60, 0x0, 0x3, 0x7a, 0xdf, 0xff, 0xff,
    0xff, 0xff, 0xff, 0xff, 0xff, 0xf8, 0x0, 0x3d,
    0xff, 0xff, 0xfd, 0x9d, 0xff, 0xff, 0xff, 0xff,
    0xff, 0xff, 0x90, 0x3f, 0xff, 0x95, 0x30, 0x0,
    0xcf, 0xd0, 0x0, 0x0, 0x0, 0x0, 0x0, 0xb,
    0xff, 0x20, 0x0, 0x0, 0xd, 0xfe, 0x0, 0x0,
    0x0, 0x0, 0x10, 0x0, 0xff, 0xc0, 0x0, 0x0,
    0x1, 0xff, 0xf2, 0x0, 0x0, 0x0, 0x5f, 0xf6,
    0xe, 0xfe, 0x0, 0x0, 0x0, 0xbf, 0xff, 0xb0,
    0x0, 0x0, 0xd, 0xff, 0x10, 0x9f, 0xfb, 0x41,
    0x26, 0xdf, 0xe8, 0xff, 0xd5, 0x22, 0x5d, 0xff,
    0x70, 0x1, 0xdf, 0xff, 0xff, 0xff, 0xb1, 0x6,
    0xff, 0xff, 0xff, 0xff, 0x80, 0x0, 0x0, 0x8d,
    0xff, 0xd9, 0x40, 0x0, 0x2, 0x8d, 0xff, 0xd9,
    0x30, 0x0,

    /* U+01FE "Ǿ" */
    0x0, 0x0, 0x0, 0x0, 0x0, 0x9e, 0xe7, 0x0,
    0x0, 0x0, 0x0, 0x0, 0x0, 0x0, 0x0, 0x1f,
    0xfc, 0x0, 0x0, 0x0, 0x0, 0x0, 0x0, 0x0,
    0x0, 0x9, 0xfe, 0x10, 0x0, 0x0, 0x0, 0x0,
    0x0, 0x0, 0x0, 0x1, 0xff, 0x30, 0x0, 0x0,
    0x0, 0x0, 0x0, 0x0, 0x0, 0x0, 0x0, 0x0,
    0x0, 0x0, 0x0, 0x0, 0x0, 0x0, 0x0, 0x0,
    0x0, 0x0, 0x0, 0x0, 0x0, 0x3, 0x70, 0x0,
    0x0, 0x0, 0x5a, 0xde, 0xfe, 0xc8, 0x10, 0x1,
    0xef, 0x40, 0x0, 0x5, 0xef, 0xff, 0xff, 0xff,
    0xff, 0x90, 0xbf, 0xa0, 0x0, 0x8, 0xff, 0xfd,
    0x85, 0x56, 0x9f, 0xff, 0xff, 0xc0, 0x0, 0x7,
    0xff, 0xe4, 0x0, 0x0, 0x0, 0x19, 0xff, 0xf3,
    0x0, 0x3, 0xff, 0xe1, 0x0, 0x0, 0x0, 0x0,
    0x8f, 0xff, 0xb0, 0x0, 0xbf, 0xf4, 0x0, 0x0,
    0x0, 0x0, 0x7f, 0xdc, 0xff, 0x40, 0x1f, 0xfc,
    0x0, 0x0, 0x0, 0x0, 0x7f, 0xe2, 0x4f, 0xfa,
    0x5, 0xff, 0x80, 0x0, 0x0, 0x0, 0x6f, 0xe2,
    0x0, 0xef, 0xe0, 0x8f, 0xf5, 0x0, 0x0, 0x0,
    0x6f, 0xe2, 0x0, 0xc, 0xff, 0x19, 0xff, 0x30,
    0x0, 0x0, 0x5f, 0xe2, 0x0, 0x0, 0xaf, 0xf2,
    0x9f, 0xf3, 0x0, 0x0, 0x5f, 0xe3, 0x0, 0x0,
    0xa, 0xff, 0x28, 0xff, 0x50, 0x0, 0x5f, 0xf3,
    0x0, 0x0, 0x0, 0xbf, 0xf1, 0x5f, 0xf8, 0x0,
    0x4f, 0xf3, 0x0, 0x0, 0x0, 0xe, 0xff, 0x1,
    0xff, 0xd0, 0x4f, 0xf4, 0x0, 0x0, 0x0, 0x3,
    0xff, 0xb0, 0xa, 0xff, 0x8f, 0xf4, 0x0, 0x0,
    0x0, 0x0, 0xbf, 0xf5, 0x0, 0x1f, 0xff, 0xf4,
    0x0, 0x0, 0x0, 0x0, 0x7f, 0xfc, 0x0, 0x0,
    0x8f, 0xfe, 0x50, 0x0, 0x0, 0x0, 0x9f, 0xfe,
    0x20, 0x0, 0x2e, 0xff, 0xff, 0xd8, 0x55, 0x69,
    0xef, 0xfe, 0x30, 0x0, 0x2e, 0xf6, 0x3d, 0xff,
    0xff, 0xff, 0xff, 0xfb, 0x10, 0x0, 0x7, 0xf7,
    0x0, 0x4, 0x9d, 0xef, 0xec, 0x83, 0x0, 0x0,
    0x0, 0x3, 0x0, 0x0, 0x0, 0x0, 0x0, 0x0,
    0x0, 0x0, 0x0, 0x0,

    /* U+01FF "ǿ" */
    0x0, 0x0, 0x0, 0x1, 0xff, 0xf2, 0x0, 0x0,
    0x0, 0x0, 0x0, 0x9f, 0xf4, 0x0, 0x0, 0x0,
    0x0, 0x0, 0x1f, 0xf7, 0x0, 0x0, 0x0, 0x0,
    0x0, 0x7, 0xea, 0x0, 0x0, 0x0, 0x0, 0x0,
    0x0, 0x0, 0x0, 0x0, 0x2, 0x0, 0x0, 0x3,
    0xad, 0xff, 0xc8, 0x15, 0xf7, 0x0, 0xa, 0xff,
    0xff, 0xff, 0xff, 0xfd, 0x0, 0xa, 0xff, 0xc4,
    0x12, 0x6e, 0xff, 0x70, 0x4, 0xff, 0xa0, 0x0,
    0x0, 0xcf, 0xff, 0x10, 0xbf, 0xf1, 0x0, 0x0,
    0xaf, 0xbf, 0xf7, 0xf, 0xfa, 0x0, 0x0, 0x7f,
    0xa0, 0xef, 0xb1, 0xff, 0x80, 0x0, 0x4f, 0xc0,
    0xc, 0xfd, 0x2f, 0xf7, 0x0, 0x2e, 0xe1, 0x0,
    0xbf, 0xe1, 0xff, 0x80, 0xd, 0xf3, 0x0, 0xc,
    0xfd, 0xf, 0xfb, 0xb, 0xf6, 0x0, 0x0, 0xef,
    0xb0, 0xbf, 0xf9, 0xf9, 0x0, 0x0, 0x4f, 0xf7,
    0x4, 0xff, 0xfc, 0x0, 0x0, 0x1d, 0xff, 0x10,
    0xa, 0xff, 0xc4, 0x11, 0x6e, 0xff, 0x70, 0x1,
    0xef, 0xff, 0xff, 0xff, 0xff, 0x70, 0x0, 0xaf,
    0x63, 0xae, 0xff, 0xd8, 0x20, 0x0, 0x2, 0x70,
    0x0, 0x0, 0x0, 0x0, 0x0, 0x0,

    /* U+0200 "Ȁ" */
    0x0, 0x0, 0x1e, 0xff, 0x33, 0xff, 0xe0, 0x0,
    0x0, 0x0, 0x0, 0x0, 0x0, 0x3f, 0xfb, 0x6,
    0xff, 0x70, 0x0, 0x0, 0x0, 0x0, 0x0, 0x0,
    0x5f, 0xf2, 0x9, 0xfe, 0x0, 0x0, 0x0, 0x0,
    0x0, 0x0, 0x0, 0x8e, 0x80, 0xb, 0xe6, 0x0,
    0x0, 0x0, 0x0, 0x0, 0x0, 0x0, 0x0, 0x0,
    0x0, 0x0, 0x0, 0x0, 0x0, 0x0, 0x0, 0x0,
    0x4, 0xff, 0xf2, 0x0, 0x0, 0x0, 0x0, 0x0,
    0x0, 0x0, 0x0, 0xaf, 0xff, 0x80, 0x0, 0x0,
    0x0, 0x0, 0x0, 0x0, 0x0, 0x1f, 0xfb, 0xfe,
    0x0, 0x0, 0x0, 0x0, 0x0, 0x0, 0x0, 0x7,
    0xff, 0x3f, 0xf6, 0x0, 0x0, 0x0, 0x0, 0x0,
    0x0, 0x0, 0xdf, 0xb0, 0xdf, 0xc0, 0x0, 0x0,
    0x0, 0x0, 0x0, 0x0, 0x4f, 0xf6, 0x7, 0xff,
    0x30, 0x0, 0x0, 0x0, 0x0, 0x0, 0xa, 0xff,
    0x0, 0x1f, 0xfa, 0x0, 0x0, 0x0, 0x0, 0x0,
    0x1, 0xff, 0xa0, 0x0, 0xbf, 0xf1, 0x0, 0x0,
    0x0, 0x0, 0x0, 0x7f, 0xf3, 0x0, 0x5, 0xff,
    0x80, 0x0, 0x0, 0x0, 0x0, 0xd, 0xfd, 0x0,
    0x0, 0xe, 0xfe, 0x0, 0x0, 0x0, 0x0, 0x4,
    0xff, 0x70, 0x0, 0x0, 0x8f, 0xf5, 0x0, 0x0,
    0x0, 0x0, 0xaf, 0xf3, 0x22, 0x22, 0x24, 0xff,
    0xc0, 0x0, 0x0, 0x0, 0x1f, 0xff, 0xff, 0xff,
    0xff, 0xff, 0xff, 0x30, 0x0, 0x0, 0x7, 0xff,
    0xff, 0xff, 0xff, 0xff, 0xff, 0xf9, 0x0, 0x0,
    0x0, 0xdf, 0xf0, 0x0, 0x0, 0x0, 0x0, 0xef,
    0xf1, 0x0, 0x0, 0x3f, 0xf9, 0x0, 0x0, 0x0,
    0x0, 0x9, 0xff, 0x70, 0x0, 0xa, 0xff, 0x30,
    0x0, 0x0, 0x0, 0x0, 0x2f, 0xfe, 0x0, 0x1,
    0xff, 0xd0, 0x0, 0x0, 0x0, 0x0, 0x0, 0xcf,
    0xf5, 0x0, 0x7f, 0xf7, 0x0, 0x0, 0x0, 0x0,
    0x0, 0x5, 0xff, 0xb0, 0xd, 0xff, 0x10, 0x0,
    0x0, 0x0, 0x0, 0x0, 0xe, 0xff, 0x20,

    /* U+0201 "ȁ" */
    0x2, 0xff, 0xf1, 0x5f, 0xfd, 0x0, 0x0, 0x0,
    0x4f, 0xf8, 0x8, 0xff, 0x50, 0x0, 0x0, 0x7,
    0xff, 0x10, 0xbf, 0xd0, 0x0, 0x0, 0x0, 0xae,
    0x70, 0xc, 0xe4, 0x0, 0x0, 0x0, 0x0, 0x0,
    0x0, 0x0, 0x0, 0x0, 0x4, 0xad, 0xff, 0xfd,
    0x81, 0x0, 0x1, 0xbf, 0xff, 0xff, 0xff, 0xfe,
    0x20, 0xb, 0xff, 0x93, 0x11, 0x39, 0xff, 0xb0,
    0x2f, 0xf9, 0x0, 0x0, 0x0, 0xbf, 0xf0, 0x28,
    0xa2, 0x0, 0x0, 0x0, 0x7f, 0xf1, 0x0, 0x0,
    0x0, 0x0, 0x2, 0x9f, 0xf2, 0x0, 0x1, 0x58,
    0xac, 0xff, 0xff, 0xf2, 0x2, 0xbf, 0xff, 0xff,
    0xfc, 0xbf, 0xf2, 0x2e, 0xff, 0xc8, 0x52, 0x0,
    0x6f, 0xf2, 0xaf, 0xf5, 0x0, 0x0, 0x0, 0x8f,
    0xf2, 0xdf, 0xe0, 0x0, 0x0, 0x0, 0xcf, 0xf2,
    0xdf, 0xf0, 0x0, 0x0, 0x6, 0xff, 0xf2, 0x8f,
    0xfb, 0x20, 0x3, 0xaf, 0xff, 0xf3, 0xc, 0xff,
    0xff, 0xff, 0xfb, 0x3f, 0xf6, 0x0, 0x7c, 0xff,
    0xea, 0x40, 0xd, 0xfb,

    /* U+0202 "Ȃ" */
    0x0, 0x0, 0x0, 0x1, 0x8d, 0xfd, 0x80, 0x0,
    0x0, 0x0, 0x0, 0x0, 0x0, 0x0, 0xdf, 0xec,
    0xef, 0xb0, 0x0, 0x0, 0x0, 0x0, 0x0, 0x0,
    0x7f, 0x90, 0x0, 0xaf, 0x50, 0x0, 0x0, 0x0,
    0x0, 0x0, 0x6, 0xa1, 0x0, 0x2, 0xa6, 0x0,
    0x0, 0x0, 0x0, 0x0, 0x0, 0x0, 0x0, 0x0,
    0x0, 0x0, 0x0, 0x0, 0x0, 0x0, 0x0, 0x0,
    0x4, 0xff, 0xf2, 0x0, 0x0, 0x0, 0x0, 0x0,
    0x0, 0x0, 0x0, 0xaf, 0xff, 0x80, 0x0, 0x0,
    0x0, 0x0, 0x0, 0x0, 0x0, 0x1f, 0xfb, 0xfe,
    0x0, 0x0, 0x0, 0x0, 0x0, 0x0, 0x0, 0x7,
    0xff, 0x3f, 0xf6, 0x0, 0x0, 0x0, 0x0, 0x0,
    0x0, 0x0, 0xdf, 0xb0, 0xdf, 0xc0, 0x0, 0x0,
    0x0, 0x0, 0x0, 0x0, 0x4f, 0xf6, 0x7, 0xff,
    0x30, 0x0, 0x0, 0x0, 0x0, 0x0, 0xa, 0xff,
    0x0, 0x1f, 0xfa, 0x0, 0x0, 0x0, 0x0, 0x0,
    0x1, 0xff, 0xa0, 0x0, 0xbf, 0xf1, 0x0, 0x0,
    0x0, 0x0, 0x0, 0x7f, 0xf3, 0x0, 0x5, 0xff,
    0x80, 0x0, 0x0, 0x0, 0x0, 0xd, 0xfd, 0x0,
    0x0, 0xe, 0xfe, 0x0, 0x0, 0x0, 0x0, 0x4,
    0xff, 0x70, 0x0, 0x0, 0x8f, 0xf5, 0x0, 0x0,
    0x0, 0x0, 0xaf, 0xf3, 0x22, 0x22, 0x24, 0xff,
    0xc0, 0x0, 0x0, 0x0, 0x1f, 0xff, 0xff, 0xff,
    0xff, 0xff, 0xff, 0x30, 0x0, 0x0, 0x7, 0xff,
    0xff, 0xff, 0xff, 0xff, 0xff, 0xf9, 0x0, 0x0,
    0x0, 0xdf, 0xf0, 0x0, 0x0, 0x0, 0x0, 0xef,
    0xf1, 0x0, 0x0, 0x3f, 0xf9, 0x0, 0x0, 0x0,
    0x0, 0x9, 0xff, 0x70, 0x0, 0xa, 0xff, 0x30,
    0x0, 0x0, 0x0, 0x0, 0x2f, 0xfe, 0x0, 0x1,
    0xff, 0xd0, 0x0, 0x0, 0x0, 0x0, 0x0, 0xcf,
    0xf5, 0x0, 0x7f, 0xf7, 0x0, 0x0, 0x0, 0x0,
    0x0, 0x5, 0xff, 0xb0, 0xd, 0xff, 0x10, 0x0,
    0x0, 0x0, 0x0, 0x0, 0xe, 0xff, 0x20,

    /* U+0203 "ȃ" */
    0x0, 0x0, 0x29, 0xef, 0xd7, 0x0, 0x0, 0x0,
    0x2, 0xef, 0xdc, 0xef, 0xb0, 0x0, 0x0, 0x9,
    0xf5, 0x0, 0xb, 0xf4, 0x0, 0x0, 0x4, 0x50,
    0x0, 0x1, 0x52, 0x0, 0x0, 0x0, 0x0, 0x0,
    0x0, 0x0, 0x0, 0x0, 0x4, 0xad, 0xff, 0xfd,
    0x81, 0x0, 0x1, 0xbf, 0xff, 0xff, 0xff, 0xfe,
    0x20, 0xb, 0xff, 0x93, 0x11, 0x39, 0xff, 0xb0,
    0x2f, 0xf9, 0x0, 0x0, 0x0, 0xbf, 0xf0, 0x28,
    0xa2, 0x0, 0x0, 0x0, 0x7f, 0xf1, 0x0, 0x0,
    0x0, 0x0, 0x2, 0x9f, 0xf2, 0x0, 0x1, 0x58,
    0xac, 0xff, 0xff, 0xf2, 0x2, 0xbf, 0xff, 0xff,
    0xfc, 0xbf, 0xf2, 0x2e, 0xff, 0xc8, 0x52, 0x0,
    0x6f, 0xf2, 0xaf, 0xf5, 0x0, 0x0, 0x0, 0x8f,
    0xf2, 0xdf, 0xe0, 0x0, 0x0, 0x0, 0xcf, 0xf2,
    0xdf, 0xf0, 0x0, 0x0, 0x6, 0xff, 0xf2, 0x8f,
    0xfb, 0x20, 0x3, 0xaf, 0xff, 0xf3, 0xc, 0xff,
    0xff, 0xff, 0xfb, 0x3f, 0xf6, 0x0, 0x7c, 0xff,
    0xea, 0x40, 0xd, 0xfb,

    /* U+0204 "Ȅ" */
    0x0, 0x8f, 0xfa, 0xb, 0xff, 0x70, 0x0, 0x0,
    0x0, 0xb, 0xff, 0x21, 0xdf, 0xe0, 0x0, 0x0,
    0x0, 0x0, 0xdf, 0xa0, 0x2f, 0xf6, 0x0, 0x0,
    0x0, 0x0, 0x2d, 0xd1, 0x5, 0xec, 0x0, 0x0,
    0x0, 0x0, 0x0, 0x0, 0x0, 0x0, 0x0, 0x0,
    0xbf, 0xff, 0xff, 0xff, 0xff, 0xff, 0xff, 0xf5,
    0xbf, 0xff, 0xff, 0xff, 0xff, 0xff, 0xff, 0xf5,
    0xbf, 0xf6, 0x66, 0x66, 0x66, 0x66, 0x66, 0x62,
    0xbf, 0xf0, 0x0, 0x0, 0x0, 0x0, 0x0, 0x0,
    0xbf, 0xf0, 0x0, 0x0, 0x0, 0x0, 0x0, 0x0,
    0xbf, 0xf0, 0x0, 0x0, 0x0, 0x0, 0x0, 0x0,
    0xbf, 0xf0, 0x0, 0x0, 0x0, 0x0, 0x0, 0x0,
    0xbf, 0xf0, 0x0, 0x0, 0x0, 0x0, 0x0, 0x0,
    0xbf, 0xf6, 0x66, 0x66, 0x66, 0x66, 0x66, 0x30,
    0xbf, 0xff, 0xff, 0xff, 0xff, 0xff, 0xff, 0x80,
    0xbf, 0xff, 0xff, 0xff, 0xff, 0xff, 0xff, 0x80,
    0xbf, 0xf0, 0x0, 0x0, 0x0, 0x0, 0x0, 0x0,
    0xbf, 0xf0, 0x0, 0x0, 0x0, 0x0, 0x0, 0x0,
    0xbf, 0xf0, 0x0, 0x0, 0x0, 0x0, 0x0, 0x0,
    0xbf, 0xf0, 0x0, 0x0, 0x0, 0x0, 0x0, 0x0,
    0xbf, 0xf0, 0x0, 0x0, 0x0, 0x0, 0x0, 0x0,
    0xbf, 0xf0, 0x0, 0x0, 0x0, 0x0, 0x0, 0x0,
    0xbf, 0xf6, 0x66, 0x66, 0x66, 0x66, 0x66, 0x65,
    0xbf, 0xff, 0xff, 0xff, 0xff, 0xff, 0xff, 0xfc,
    0xbf, 0xff, 0xff, 0xff, 0xff, 0xff, 0xff, 0xfc,

    /* U+0205 "ȅ" */
    0x2, 0xff, 0xf1, 0x5f, 0xfd, 0x0, 0x0, 0x0,
    0x4f, 0xf8, 0x8, 0xff, 0x50, 0x0, 0x0, 0x7,
    0xff, 0x10, 0xbf, 0xd0, 0x0, 0x0, 0x0, 0xae,
    0x70, 0xc, 0xe4, 0x0, 0x0, 0x0, 0x0, 0x0,
    0x0, 0x0, 0x0, 0x0, 0x1, 0x8d, 0xff, 0xd9,
    0x30, 0x0, 0x0, 0x5f, 0xff, 0xff, 0xff, 0xf8,
    0x0, 0x4, 0xff, 0xd5, 0x11, 0x4b, 0xff, 0x80,
    0xe, 0xfe, 0x10, 0x0, 0x0, 0x8f, 0xf3, 0x5f,
    0xf4, 0x0, 0x0, 0x0, 0xe, 0xf9, 0xaf, 0xf1,
    0x0, 0x0, 0x0, 0xb, 0xfc, 0xcf, 0xff, 0xff,
    0xff, 0xff, 0xff, 0xfe, 0xdf, 0xff, 0xff, 0xff,
    0xff, 0xff, 0xff, 0xcf, 0xc0, 0x0, 0x0, 0x0,
    0x0, 0x0, 0xaf, 0xf0, 0x0, 0x0, 0x0, 0x0,
    0x0, 0x6f, 0xf5, 0x0, 0x0, 0x0, 0xe, 0xe9,
    0xf, 0xfe, 0x10, 0x0, 0x0, 0x9f, 0xf6, 0x6,
    0xff, 0xe6, 0x21, 0x3a, 0xff, 0xc0, 0x0, 0x6f,
    0xff, 0xff, 0xff, 0xfc, 0x10, 0x0, 0x2, 0x8d,
    0xff, 0xeb, 0x50, 0x0,

    /* U+0206 "Ȇ" */
    0x0, 0x0, 0x2, 0xae, 0xfc, 0x50, 0x0, 0x0,
    0x0, 0x0, 0x3f, 0xfd, 0xcf, 0xf8, 0x0, 0x0,
    0x0, 0x0, 0xbf, 0x50, 0x1, 0xdf, 0x10, 0x0,
    0x0, 0x0, 0x99, 0x0, 0x0, 0x4a, 0x30, 0x0,
    0x0, 0x0, 0x0, 0x0, 0x0, 0x0, 0x0, 0x0,
    0xbf, 0xff, 0xff, 0xff, 0xff, 0xff, 0xff, 0xf5,
    0xbf, 0xff, 0xff, 0xff, 0xff, 0xff, 0xff, 0xf5,
    0xbf, 0xf6, 0x66, 0x66, 0x66, 0x66, 0x66, 0x62,
    0xbf, 0xf0, 0x0, 0x0, 0x0, 0x0, 0x0, 0x0,
    0xbf, 0xf0, 0x0, 0x0, 0x0, 0x0, 0x0, 0x0,
    0xbf, 0xf0, 0x0, 0x0, 0x0, 0x0, 0x0, 0x0,
    0xbf, 0xf0, 0x0, 0x0, 0x0, 0x0, 0x0, 0x0,
    0xbf, 0xf0, 0x0, 0x0, 0x0, 0x0, 0x0, 0x0,
    0xbf, 0xf6, 0x66, 0x66, 0x66, 0x66, 0x66, 0x30,
    0xbf, 0xff, 0xff, 0xff, 0xff, 0xff, 0xff, 0x80,
    0xbf, 0xff, 0xff, 0xff, 0xff, 0xff, 0xff, 0x80,
    0xbf, 0xf0, 0x0, 0x0, 0x0, 0x0, 0x0, 0x0,
    0xbf, 0xf0, 0x0, 0x0, 0x0, 0x0, 0x0, 0x0,
    0xbf, 0xf0, 0x0, 0x0, 0x0, 0x0, 0x0, 0x0,
    0xbf, 0xf0, 0x0, 0x0, 0x0, 0x0, 0x0, 0x0,
    0xbf, 0xf0, 0x0, 0x0, 0x0, 0x0, 0x0, 0x0,
    0xbf, 0xf0, 0x0, 0x0, 0x0, 0x0, 0x0, 0x0,
    0xbf, 0xf6, 0x66, 0x66, 0x66, 0x66, 0x66, 0x65,
    0xbf, 0xff, 0xff, 0xff, 0xff, 0xff, 0xff, 0xfc,
    0xbf, 0xff, 0xff, 0xff, 0xff, 0xff, 0xff, 0xfc,

    /* U+0207 "ȇ" */
    0x0, 0x0, 0x4b, 0xef, 0xc5, 0x0, 0x0, 0x0,
    0x5, 0xff, 0xcc, 0xff, 0x70, 0x0, 0x0, 0xd,
    0xe2, 0x0, 0x1e, 0xf0, 0x0, 0x0, 0x5, 0x30,
    0x0, 0x3, 0x51, 0x0, 0x0, 0x0, 0x0, 0x0,
    0x0, 0x0, 0x0, 0x0, 0x1, 0x8d, 0xff, 0xd9,
    0x30, 0x0, 0x0, 0x5f, 0xff, 0xff, 0xff, 0xf8,
    0x0, 0x4, 0xff, 0xd5, 0x11, 0x4b, 0xff, 0x80,
    0xe, 0xfe, 0x10, 0x0, 0x0, 0x8f, 0xf3, 0x5f,
    0xf4, 0x0, 0x0, 0x0, 0xe, 0xf9, 0xaf, 0xf1,
    0x0, 0x0, 0x0, 0xb, 0xfc, 0xcf, 0xff, 0xff,
    0xff, 0xff, 0xff, 0xfe, 0xdf, 0xff, 0xff, 0xff,
    0xff, 0xff, 0xff, 0xcf, 0xc0, 0x0, 0x0, 0x0,
    0x0, 0x0, 0xaf, 0xf0, 0x0, 0x0, 0x0, 0x0,
    0x0, 0x6f, 0xf5, 0x0, 0x0, 0x0, 0xe, 0xe9,
    0xf, 0xfe, 0x10, 0x0, 0x0, 0x9f, 0xf6, 0x6,
    0xff, 0xe6, 0x21, 0x3a, 0xff, 0xc0, 0x0, 0x6f,
    0xff, 0xff, 0xff, 0xfc, 0x10, 0x0, 0x2, 0x8d,
    0xff, 0xeb, 0x50, 0x0,

    /* U+0208 "Ȉ" */
    0x3f, 0xfe, 0x6, 0xff, 0xc0, 0x0, 0x6f, 0xf7,
    0x9, 0xff, 0x40, 0x0, 0x9f, 0xe0, 0xc, 0xfc,
    0x0, 0x0, 0xbe, 0x60, 0x1d, 0xe2, 0x0, 0x0,
    0x0, 0x0, 0x0, 0x0, 0x0, 0x5, 0xff, 0x60,
    0x0, 0x0, 0x0, 0x5f, 0xf6, 0x0, 0x0, 0x0,
    0x5, 0xff, 0x60, 0x0, 0x0, 0x0, 0x5f, 0xf6,
    0x0, 0x0, 0x0, 0x5, 0xff, 0x60, 0x0, 0x0,
    0x0, 0x5f, 0xf6, 0x0, 0x0, 0x0, 0x5, 0xff,
    0x60, 0x0, 0x0, 0x0, 0x5f, 0xf6, 0x0, 0x0,
    0x0, 0x5, 0xff, 0x60, 0x0, 0x0, 0x0, 0x5f,
    0xf6, 0x0, 0x0, 0x0, 0x5, 0xff, 0x60, 0x0,
    0x0, 0x0, 0x5f, 0xf6, 0x0, 0x0, 0x0, 0x5,
    0xff, 0x60, 0x0, 0x0, 0x0, 0x5f, 0xf6, 0x0,
    0x0, 0x0, 0x5, 0xff, 0x60, 0x0, 0x0, 0x0,
    0x5f, 0xf6, 0x0, 0x0, 0x0, 0x5, 0xff, 0x60,
    0x0, 0x0, 0x0, 0x5f, 0xf6, 0x0, 0x0, 0x0,
    0x5, 0xff, 0x60, 0x0, 0x0, 0x0, 0x5f, 0xf6,
    0x0, 0x0,

    /* U+0209 "ȉ" */
    0x2f, 0xff, 0x15, 0xff, 0xd0, 0x0, 0x5f, 0xf8,
    0x8, 0xff, 0x50, 0x0, 0x8f, 0xf1, 0xb, 0xfc,
    0x0, 0x0, 0xae, 0x60, 0x1c, 0xe3, 0x0, 0x0,
    0x0, 0x0, 0x0, 0x0, 0x0, 0x4, 0xff, 0x40,
    0x0, 0x0, 0x0, 0x4f, 0xf4, 0x0, 0x0, 0x0,
    0x4, 0xff, 0x40, 0x0, 0x0, 0x0, 0x4f, 0xf4,
    0x0, 0x0, 0x0, 0x4, 0xff, 0x40, 0x0, 0x0,
    0x0, 0x4f, 0xf4, 0x0, 0x0, 0x0, 0x4, 0xff,
    0x40, 0x0, 0x0, 0x0, 0x4f, 0xf4, 0x0, 0x0,
    0x0, 0x4, 0xff, 0x40, 0x0, 0x0, 0x0, 0x4f,
    0xf4, 0x0, 0x0, 0x0, 0x4, 0xff, 0x40, 0x0,
    0x0, 0x0, 0x4f, 0xf4, 0x0, 0x0, 0x0, 0x4,
    0xff, 0x40, 0x0, 0x0, 0x0, 0x4f, 0xf4, 0x0,
    0x0, 0x0, 0x4, 0xff, 0x40, 0x0,

    /* U+020A "Ȋ" */
    0x0, 0x3b, 0xef, 0xc4, 0x0, 0x4, 0xff, 0xcc,
    0xff, 0x60, 0xd, 0xf3, 0x0, 0x2e, 0xf0, 0xa,
    0x70, 0x0, 0x6, 0xa1, 0x0, 0x0, 0x0, 0x0,
    0x0, 0x0, 0x5, 0xff, 0x60, 0x0, 0x0, 0x5,
    0xff, 0x60, 0x0, 0x0, 0x5, 0xff, 0x60, 0x0,
    0x0, 0x5, 0xff, 0x60, 0x0, 0x0, 0x5, 0xff,
    0x60, 0x0, 0x0, 0x5, 0xff, 0x60, 0x0, 0x0,
    0x5, 0xff, 0x60, 0x0, 0x0, 0x5, 0xff, 0x60,
    0x0, 0x0, 0x5, 0xff, 0x60, 0x0, 0x0, 0x5,
    0xff, 0x60, 0x0, 0x0, 0x5, 0xff, 0x60, 0x0,
    0x0, 0x5, 0xff, 0x60, 0x0, 0x0, 0x5, 0xff,
    0x60, 0x0, 0x0, 0x5, 0xff, 0x60, 0x0, 0x0,
    0x5, 0xff, 0x60, 0x0, 0x0, 0x5, 0xff, 0x60,
    0x0, 0x0, 0x5, 0xff, 0x60, 0x0, 0x0, 0x5,
    0xff, 0x60, 0x0, 0x0, 0x5, 0xff, 0x60, 0x0,
    0x0, 0x5, 0xff, 0x60, 0x0,

    /* U+020B "ȋ" */
    0x0, 0x4b, 0xef, 0xc5, 0x0, 0x6, 0xff, 0xcc,
    0xff, 0x70, 0xe, 0xe1, 0x0, 0x1d, 0xf0, 0x3,
    0x20, 0x0, 0x2, 0x30, 0x0, 0x0, 0x0, 0x0,
    0x0, 0x0, 0x4, 0xff, 0x40, 0x0, 0x0, 0x4,
    0xff, 0x40, 0x0, 0x0, 0x4, 0xff, 0x40, 0x0,
    0x0, 0x4, 0xff, 0x40, 0x0, 0x0, 0x4, 0xff,
    0x40, 0x0, 0x0, 0x4, 0xff, 0x40, 0x0, 0x0,
    0x4, 0xff, 0x40, 0x0, 0x0, 0x4, 0xff, 0x40,
    0x0, 0x0, 0x4, 0xff, 0x40, 0x0, 0x0, 0x4,
    0xff, 0x40, 0x0, 0x0, 0x4, 0xff, 0x40, 0x0,
    0x0, 0x4, 0xff, 0x40, 0x0, 0x0, 0x4, 0xff,
    0x40, 0x0, 0x0, 0x4, 0xff, 0x40, 0x0, 0x0,
    0x4, 0xff, 0x40, 0x0,

    /* U+020C "Ȍ" */
    0x0, 0x0, 0x7e, 0xe9, 0xa, 0xee, 0x60, 0x0,
    0x0, 0x0, 0x0, 0x0, 0x0, 0xcf, 0xf2, 0x1e,
    0xfd, 0x0, 0x0, 0x0, 0x0, 0x0, 0x0, 0x1,
    0xef, 0x90, 0x3f, 0xf6, 0x0, 0x0, 0x0, 0x0,
    0x0, 0x0, 0x3, 0xff, 0x10, 0x6f, 0xd0, 0x0,
    0x0, 0x0, 0x0, 0x0, 0x0, 0x0, 0x0, 0x0,
    0x0, 0x0, 0x0, 0x0, 0x0, 0x0, 0x0, 0x0,
    0x0, 0x0, 0x0, 0x0, 0x0, 0x0, 0x0, 0x0,
    0x0, 0x0, 0x5a, 0xde, 0xfe, 0xc8, 0x20, 0x0,
    0x0, 0x0, 0x0, 0x5, 0xef, 0xff, 0xff, 0xff,
    0xff, 0xa1, 0x0, 0x0, 0x0, 0x8, 0xff, 0xfd,
    0x85, 0x56, 0xae, 0xff, 0xe3, 0x0, 0x0, 0x7,
    0xff, 0xe5, 0x0, 0x0, 0x0, 0x19, 0xff, 0xe1,
    0x0, 0x3, 0xff, 0xe2, 0x0, 0x0, 0x0, 0x0,
    0x7, 0xff, 0xc0, 0x0, 0xbf, 0xf4, 0x0, 0x0,
    0x0, 0x0, 0x0, 0xb, 0xff, 0x40, 0x1f, 0xfd,
    0x0, 0x0, 0x0, 0x0, 0x0, 0x0, 0x3f, 0xfa,
    0x5, 0xff, 0x80, 0x0, 0x0, 0x0, 0x0, 0x0,
    0x0, 0xef, 0xe0, 0x8f, 0xf5, 0x0, 0x0, 0x0,
    0x0, 0x0, 0x0, 0xb, 0xff, 0x19, 0xff, 0x40,
    0x0, 0x0, 0x0, 0x0, 0x0, 0x0, 0xaf, 0xf2,
    0x9f, 0xf3, 0x0, 0x0, 0x0, 0x0, 0x0, 0x0,
    0xa, 0xff, 0x28, 0xff, 0x40, 0x0, 0x0, 0x0,
    0x0, 0x0, 0x0, 0xbf, 0xf1, 0x6f, 0xf7, 0x0,
    0x0, 0x0, 0x0, 0x0, 0x0, 0xe, 0xff, 0x1,
    0xff, 0xc0, 0x0, 0x0, 0x0, 0x0, 0x0, 0x4,
    0xff, 0xa0, 0xb, 0xff, 0x40, 0x0, 0x0, 0x0,
    0x0, 0x0, 0xbf, 0xf4, 0x0, 0x3f, 0xfe, 0x20,
    0x0, 0x0, 0x0, 0x0, 0x8f, 0xfc, 0x0, 0x0,
    0x7f, 0xfe, 0x40, 0x0, 0x0, 0x1, 0x9f, 0xfe,
    0x20, 0x0, 0x0, 0x8f, 0xff, 0xc8, 0x55, 0x69,
    0xef, 0xfe, 0x30, 0x0, 0x0, 0x0, 0x5d, 0xff,
    0xff, 0xff, 0xff, 0xfa, 0x10, 0x0, 0x0, 0x0,
    0x0, 0x5, 0xad, 0xef, 0xec, 0x83, 0x0, 0x0,
    0x0,

    /* U+020D "ȍ" */
    0x7, 0xff, 0xb0, 0xaf, 0xf8, 0x0, 0x0, 0x0,
    0xa, 0xff, 0x30, 0xdf, 0xf0, 0x0, 0x0, 0x0,
    0xc, 0xfb, 0x2, 0xef, 0x70, 0x0, 0x0, 0x0,
    0x1d, 0xe2, 0x4, 0xed, 0x0, 0x0, 0x0, 0x0,
    0x0, 0x0, 0x0, 0x0, 0x0, 0x0, 0x0, 0x29,
    0xdf, 0xfd, 0x93, 0x0, 0x0, 0x0, 0x7f, 0xff,
    0xff, 0xff, 0xf9, 0x0, 0x0, 0x8f, 0xfd, 0x51,
    0x14, 0xcf, 0xf9, 0x0, 0x2f, 0xfc, 0x0, 0x0,
    0x0, 0xbf, 0xf4, 0x8, 0xff, 0x30, 0x0, 0x0,
    0x1, 0xff, 0xa0, 0xcf, 0xd0, 0x0, 0x0, 0x0,
    0xb, 0xfe, 0xe, 0xfb, 0x0, 0x0, 0x0, 0x0,
    0x8f, 0xf0, 0xff, 0xa0, 0x0, 0x0, 0x0, 0x8,
    0xff, 0x1e, 0xfb, 0x0, 0x0, 0x0, 0x0, 0x9f,
    0xf0, 0xcf, 0xd0, 0x0, 0x0, 0x0, 0xc, 0xfe,
    0x8, 0xff, 0x30, 0x0, 0x0, 0x2, 0xff, 0xa0,
    0x2f, 0xfc, 0x0, 0x0, 0x0, 0xbf, 0xf4, 0x0,
    0x8f, 0xfd, 0x51, 0x14, 0xcf, 0xf9, 0x0, 0x0,
    0x7f, 0xff, 0xff, 0xff, 0xf8, 0x0, 0x0, 0x0,
    0x28, 0xdf, 0xfd, 0x92, 0x0, 0x0,

    /* U+020E "Ȏ" */
    0x0, 0x0, 0x0, 0x0, 0x5a, 0xb8, 0x10, 0x0,
    0x0, 0x0, 0x0, 0x0, 0x0, 0x0, 0xaf, 0xff,
    0xff, 0x30, 0x0, 0x0, 0x0, 0x0, 0x0, 0x0,
    0x5f, 0xc2, 0x6, 0xfe, 0x0, 0x0, 0x0, 0x0,
    0x0, 0x0, 0xb, 0xf2, 0x0, 0x9, 0xf4, 0x0,
    0x0, 0x0, 0x0, 0x0, 0x0, 0x89, 0x0, 0x0,
    0x3a, 0x40, 0x0, 0x0, 0x0, 0x0, 0x0, 0x0,
    0x0, 0x0, 0x0, 0x0, 0x0, 0x0, 0x0, 0x0,
    0x0, 0x0, 0x5a, 0xde, 0xfe, 0xc8, 0x20, 0x0,
    0x0, 0x0, 0x0, 0x5, 0xef, 0xff, 0xff, 0xff,
    0xff, 0xa1, 0x0, 0x0, 0x0, 0x8, 0xff, 0xfd,
    0x85, 0x56, 0xae, 0xff, 0xe3, 0x0, 0x0, 0x7,
    0xff, 0xe5, 0x0, 0x0, 0x0, 0x19, 0xff, 0xe1,
    0x0, 0x3, 0xff, 0xe2, 0x0, 0x0, 0x0, 0x0,
    0x7, 0xff, 0xc0, 0x0, 0xbf, 0xf4, 0x0, 0x0,
    0x0, 0x0, 0x0, 0xb, 0xff, 0x40, 0x1f, 0xfd,
    0x0, 0x0, 0x0, 0x0, 0x0, 0x0, 0x3f, 0xfa,
    0x5, 0xff, 0x80, 0x0, 0x0, 0x0, 0x0, 0x0,
    0x0, 0xef, 0xe0, 0x8f, 0xf5, 0x0, 0x0, 0x0,
    0x0, 0x0, 0x0, 0xb, 0xff, 0x19, 0xff, 0x40,
    0x0, 0x0, 0x0, 0x0, 0x0, 0x0, 0xaf, 0xf2,
    0x9f, 0xf3, 0x0, 0x0, 0x0, 0x0, 0x0, 0x0,
    0xa, 0xff, 0x28, 0xff, 0x40, 0x0, 0x0, 0x0,
    0x0, 0x0, 0x0, 0xbf, 0xf1, 0x6f, 0xf7, 0x0,
    0x0, 0x0, 0x0, 0x0, 0x0, 0xe, 0xff, 0x1,
    0xff, 0xc0, 0x0, 0x0, 0x0, 0x0, 0x0, 0x4,
    0xff, 0xa0, 0xb, 0xff, 0x40, 0x0, 0x0, 0x0,
    0x0, 0x0, 0xbf, 0xf4, 0x0, 0x3f, 0xfe, 0x20,
    0x0, 0x0, 0x0, 0x0, 0x8f, 0xfc, 0x0, 0x0,
    0x7f, 0xfe, 0x40, 0x0, 0x0, 0x1, 0x9f, 0xfe,
    0x20, 0x0, 0x0, 0x8f, 0xff, 0xc8, 0x55, 0x69,
    0xef, 0xfe, 0x30, 0x0, 0x0, 0x0, 0x5d, 0xff,
    0xff, 0xff, 0xff, 0xfa, 0x10, 0x0, 0x0, 0x0,
    0x0, 0x5, 0xad, 0xef, 0xec, 0x83, 0x0, 0x0,
    0x0,

    /* U+020F "ȏ" */
    0x0, 0x0, 0x3b, 0xef, 0xc5, 0x0, 0x0, 0x0,
    0x0, 0x4f, 0xfc, 0xcf, 0xf8, 0x0, 0x0, 0x0,
    0xd, 0xf2, 0x0, 0x1d, 0xf1, 0x0, 0x0, 0x0,
    0x54, 0x0, 0x0, 0x25, 0x10, 0x0, 0x0, 0x0,
    0x0, 0x0, 0x0, 0x0, 0x0, 0x0, 0x0, 0x29,
    0xdf, 0xfd, 0x93, 0x0, 0x0, 0x0, 0x7f, 0xff,
    0xff, 0xff, 0xf9, 0x0, 0x0, 0x8f, 0xfd, 0x51,
    0x14, 0xcf, 0xf9, 0x0, 0x2f, 0xfc, 0x0, 0x0,
    0x0, 0xbf, 0xf4, 0x8, 0xff, 0x30, 0x0, 0x0,
    0x1, 0xff, 0xa0, 0xcf, 0xd0, 0x0, 0x0, 0x0,
    0xb, 0xfe, 0xe, 0xfb, 0x0, 0x0, 0x0, 0x0,
    0x8f, 0xf0, 0xff, 0xa0, 0x0, 0x0, 0x0, 0x8,
    0xff, 0x1e, 0xfb, 0x0, 0x0, 0x0, 0x0, 0x9f,
    0xf0, 0xcf, 0xd0, 0x0, 0x0, 0x0, 0xc, 0xfe,
    0x8, 0xff, 0x30, 0x0, 0x0, 0x2, 0xff, 0xa0,
    0x2f, 0xfc, 0x0, 0x0, 0x0, 0xbf, 0xf4, 0x0,
    0x8f, 0xfd, 0x51, 0x14, 0xcf, 0xf9, 0x0, 0x0,
    0x7f, 0xff, 0xff, 0xff, 0xf8, 0x0, 0x0, 0x0,
    0x28, 0xdf, 0xfd, 0x92, 0x0, 0x0,

    /* U+0210 "Ȑ" */
    0x0, 0xbf, 0xf7, 0xd, 0xff, 0x40, 0x0, 0x0,
    0x0, 0x0, 0x0, 0xdf, 0xe0, 0x2f, 0xfc, 0x0,
    0x0, 0x0, 0x0, 0x0, 0x2, 0xff, 0x70, 0x4f,
    0xf3, 0x0, 0x0, 0x0, 0x0, 0x0, 0x4, 0xec,
    0x0, 0x7e, 0xa0, 0x0, 0x0, 0x0, 0x0, 0x0,
    0x0, 0x0, 0x0, 0x0, 0x0, 0x0, 0x0, 0xa,
    0xff, 0xff, 0xff, 0xff, 0xff, 0xec, 0x81, 0x0,
    0x0, 0xaf, 0xff, 0xff, 0xff, 0xff, 0xff, 0xff,
    0xf4, 0x0, 0xa, 0xff, 0x43, 0x33, 0x33, 0x34,
    0x6c, 0xff, 0xf1, 0x0, 0xaf, 0xf1, 0x0, 0x0,
    0x0, 0x0, 0xa, 0xff, 0x80, 0xa, 0xff, 0x10,
    0x0, 0x0, 0x0, 0x0, 0x1f, 0xfc, 0x0, 0xaf,
    0xf1, 0x0, 0x0, 0x0, 0x0, 0x0, 0xff, 0xe0,
    0xa, 0xff, 0x10, 0x0, 0x0, 0x0, 0x0, 0x2f,
    0xfc, 0x0, 0xaf, 0xf1, 0x0, 0x0, 0x0, 0x0,
    0x1c, 0xff, 0x70, 0xa, 0xff, 0x76, 0x66, 0x66,
    0x67, 0xaf, 0xff, 0xc0, 0x0, 0xaf, 0xff, 0xff,
    0xff, 0xff, 0xff, 0xff, 0x90, 0x0, 0xa, 0xff,
    0xff, 0xff, 0xff, 0xff, 0xb6, 0x10, 0x0, 0x0,
    0xaf, 0xf1, 0x0, 0x1, 0x6e, 0xff, 0x50, 0x0,
    0x0, 0xa, 0xff, 0x10, 0x0, 0x0, 0x2e, 0xff,
    0x70, 0x0, 0x0, 0xaf, 0xf1, 0x0, 0x0, 0x0,
    0x2f, 0xff, 0x40, 0x0, 0xa, 0xff, 0x10, 0x0,
    0x0, 0x0, 0x6f, 0xfe, 0x10, 0x0, 0xaf, 0xf1,
    0x0, 0x0, 0x0, 0x0, 0xcf, 0xfa, 0x0, 0xa,
    0xff, 0x10, 0x0, 0x0, 0x0, 0x2, 0xff, 0xf5,
    0x0, 0xaf, 0xf1, 0x0, 0x0, 0x0, 0x0, 0x7,
    0xff, 0xe1, 0xa, 0xff, 0x10, 0x0, 0x0, 0x0,
    0x0, 0xc, 0xff, 0xa0, 0xaf, 0xf1, 0x0, 0x0,
    0x0, 0x0, 0x0, 0x2f, 0xff, 0x40,

    /* U+0211 "ȑ" */
    0x3f, 0xfe, 0x6, 0xff, 0xc0, 0x0, 0x6f, 0xf7,
    0x9, 0xff, 0x40, 0x0, 0x9f, 0xe0, 0xc, 0xfb,
    0x0, 0x0, 0xbe, 0x50, 0x1d, 0xe2, 0x0, 0x0,
    0x0, 0x0, 0x0, 0x0, 0x2f, 0xf2, 0x3c, 0xfd,
    0x70, 0x2, 0xff, 0x5f, 0xff, 0xfc, 0x0, 0x2f,
    0xfe, 0xfb, 0x9c, 0x60, 0x2, 0xff, 0xf6, 0x0,
    0x0, 0x0, 0x2f, 0xfe, 0x0, 0x0, 0x0, 0x2,
    0xff, 0x90, 0x0, 0x0, 0x0, 0x2f, 0xf7, 0x0,
    0x0, 0x0, 0x2, 0xff, 0x60, 0x0, 0x0, 0x0,
    0x2f, 0xf6, 0x0, 0x0, 0x0, 0x2, 0xff, 0x60,
    0x0, 0x0, 0x0, 0x2f, 0xf6, 0x0, 0x0, 0x0,
    0x2, 0xff, 0x60, 0x0, 0x0, 0x0, 0x2f, 0xf6,
    0x0, 0x0, 0x0, 0x2, 0xff, 0x60, 0x0, 0x0,
    0x0, 0x2f, 0xf6, 0x0, 0x0, 0x0,

    /* U+0212 "Ȓ" */
    0x0, 0x0, 0x6, 0xcf, 0xea, 0x20, 0x0, 0x0,
    0x0, 0x0, 0x0, 0x9, 0xff, 0xcd, 0xfe, 0x20,
    0x0, 0x0, 0x0, 0x0, 0x2, 0xfd, 0x10, 0x6,
    0xfa, 0x0, 0x0, 0x0, 0x0, 0x0, 0x3a, 0x40,
    0x0, 0x9, 0x90, 0x0, 0x0, 0x0, 0x0, 0x0,
    0x0, 0x0, 0x0, 0x0, 0x0, 0x0, 0x0, 0xa,
    0xff, 0xff, 0xff, 0xff, 0xff, 0xec, 0x81, 0x0,
    0x0, 0xaf, 0xff, 0xff, 0xff, 0xff, 0xff, 0xff,
    0xf4, 0x0, 0xa, 0xff, 0x43, 0x33, 0x33, 0x34,
    0x6c, 0xff, 0xf1, 0x0, 0xaf, 0xf1, 0x0, 0x0,
    0x0, 0x0, 0xa, 0xff, 0x80, 0xa, 0xff, 0x10,
    0x0, 0x0, 0x0, 0x0, 0x1f, 0xfc, 0x0, 0xaf,
    0xf1, 0x0, 0x0, 0x0, 0x0, 0x0, 0xff, 0xe0,
    0xa, 0xff, 0x10, 0x0, 0x0, 0x0, 0x0, 0x2f,
    0xfc, 0x0, 0xaf, 0xf1, 0x0, 0x0, 0x0, 0x0,
    0x1c, 0xff, 0x70, 0xa, 0xff, 0x76, 0x66, 0x66,
    0x67, 0xaf, 0xff, 0xc0, 0x0, 0xaf, 0xff, 0xff,
    0xff, 0xff, 0xff, 0xff, 0x90, 0x0, 0xa, 0xff,
    0xff, 0xff, 0xff, 0xff, 0xb6, 0x10, 0x0, 0x0,
    0xaf, 0xf1, 0x0, 0x1, 0x6e, 0xff, 0x50, 0x0,
    0x0, 0xa, 0xff, 0x10, 0x0, 0x0, 0x2e, 0xff,
    0x70, 0x0, 0x0, 0xaf, 0xf1, 0x0, 0x0, 0x0,
    0x2f, 0xff, 0x40, 0x0, 0xa, 0xff, 0x10, 0x0,
    0x0, 0x0, 0x6f, 0xfe, 0x10, 0x0, 0xaf, 0xf1,
    0x0, 0x0, 0x0, 0x0, 0xcf, 0xfa, 0x0, 0xa,
    0xff, 0x10, 0x0, 0x0, 0x0, 0x2, 0xff, 0xf5,
    0x0, 0xaf, 0xf1, 0x0, 0x0, 0x0, 0x0, 0x7,
    0xff, 0xe1, 0xa, 0xff, 0x10, 0x0, 0x0, 0x0,
    0x0, 0xc, 0xff, 0xa0, 0xaf, 0xf1, 0x0, 0x0,
    0x0, 0x0, 0x0, 0x2f, 0xff, 0x40,

    /* U+0213 "ȓ" */
    0x2, 0xae, 0xfd, 0x70, 0x0, 0x2f, 0xfd, 0xcf,
    0xfb, 0x0, 0xaf, 0x40, 0x0, 0xbf, 0x40, 0x45,
    0x0, 0x0, 0x15, 0x20, 0x0, 0x0, 0x0, 0x0,
    0x0, 0x2f, 0xf2, 0x3c, 0xfd, 0x70, 0x2f, 0xf5,
    0xff, 0xff, 0xc0, 0x2f, 0xfe, 0xfb, 0x9c, 0x60,
    0x2f, 0xff, 0x60, 0x0, 0x0, 0x2f, 0xfe, 0x0,
    0x0, 0x0, 0x2f, 0xf9, 0x0, 0x0, 0x0, 0x2f,
    0xf7, 0x0, 0x0, 0x0, 0x2f, 0xf6, 0x0, 0x0,
    0x0, 0x2f, 0xf6, 0x0, 0x0, 0x0, 0x2f, 0xf6,
    0x0, 0x0, 0x0, 0x2f, 0xf6, 0x0, 0x0, 0x0,
    0x2f, 0xf6, 0x0, 0x0, 0x0, 0x2f, 0xf6, 0x0,
    0x0, 0x0, 0x2f, 0xf6, 0x0, 0x0, 0x0, 0x2f,
    0xf6, 0x0, 0x0, 0x0,

    /* U+0214 "Ȕ" */
    0x0, 0xb, 0xee, 0x42, 0xde, 0xe1, 0x0, 0x0,
    0x0, 0x0, 0x2f, 0xfc, 0x5, 0xff, 0x80, 0x0,
    0x0, 0x0, 0x0, 0x5f, 0xf4, 0x8, 0xff, 0x10,
    0x0, 0x0, 0x0, 0x0, 0x8f, 0xb0, 0xb, 0xf8,
    0x0, 0x0, 0x0, 0x0, 0x0, 0x0, 0x0, 0x0,
    0x0, 0x0, 0x0, 0x0, 0x0, 0x0, 0x0, 0x0,
    0x0, 0x0, 0x0, 0xbf, 0xf0, 0x0, 0x0, 0x0,
    0x0, 0x2, 0xff, 0xab, 0xff, 0x0, 0x0, 0x0,
    0x0, 0x0, 0x2f, 0xfa, 0xbf, 0xf0, 0x0, 0x0,
    0x0, 0x0, 0x2, 0xff, 0xab, 0xff, 0x0, 0x0,
    0x0, 0x0, 0x0, 0x2f, 0xfa, 0xbf, 0xf0, 0x0,
    0x0, 0x0, 0x0, 0x2, 0xff, 0xab, 0xff, 0x0,
    0x0, 0x0, 0x0, 0x0, 0x2f, 0xfa, 0xbf, 0xf0,
    0x0, 0x0, 0x0, 0x0, 0x2, 0xff, 0xab, 0xff,
    0x0, 0x0, 0x0, 0x0, 0x0, 0x2f, 0xfa, 0xbf,
    0xf0, 0x0, 0x0, 0x0, 0x0, 0x2, 0xff, 0xab,
    0xff, 0x0, 0x0, 0x0, 0x0, 0x0, 0x2f, 0xfa,
    0xbf, 0xf0, 0x0, 0x0, 0x0, 0x0, 0x2, 0xff,
    0xab, 0xff, 0x0, 0x0, 0x0, 0x0, 0x0, 0x2f,
    0xf9, 0xaf, 0xf1, 0x0, 0x0, 0x0, 0x0, 0x3,
    0xff, 0x89, 0xff, 0x30, 0x0, 0x0, 0x0, 0x0,
    0x4f, 0xf7, 0x7f, 0xf6, 0x0, 0x0, 0x0, 0x0,
    0x7, 0xff, 0x53, 0xff, 0xc0, 0x0, 0x0, 0x0,
    0x0, 0xef, 0xf1, 0xc, 0xff, 0xa0, 0x0, 0x0,
    0x1, 0xbf, 0xfa, 0x0, 0x3f, 0xff, 0xe9, 0x76,
    0x7a, 0xff, 0xfe, 0x10, 0x0, 0x3d, 0xff, 0xff,
    0xff, 0xff, 0xfc, 0x20, 0x0, 0x0, 0x6, 0xad,
    0xff, 0xfd, 0xa5, 0x0, 0x0,

    /* U+0215 "ȕ" */
    0x2, 0xff, 0xf1, 0x5f, 0xfd, 0x0, 0x0, 0x0,
    0x4f, 0xf8, 0x8, 0xff, 0x50, 0x0, 0x0, 0x7,
    0xff, 0x10, 0xbf, 0xd0, 0x0, 0x0, 0x0, 0xae,
    0x70, 0xc, 0xe4, 0x0, 0x0, 0x0, 0x0, 0x0,
    0x0, 0x0, 0x0, 0x1f, 0xf7, 0x0, 0x0, 0x0,
    0x7f, 0xf2, 0x1f, 0xf7, 0x0, 0x0, 0x0, 0x7f,
    0xf2, 0x1f, 0xf7, 0x0, 0x0, 0x0, 0x7f, 0xf2,
    0x1f, 0xf7, 0x0, 0x0, 0x0, 0x7f, 0xf2, 0x1f,
    0xf7, 0x0, 0x0, 0x0, 0x7f, 0xf2, 0x1f, 0xf7,
    0x0, 0x0, 0x0, 0x7f, 0xf2, 0x1f, 0xf7, 0x0,
    0x0, 0x0, 0x7f, 0xf2, 0x1f, 0xf7, 0x0, 0x0,
    0x0, 0x7f, 0xf2, 0x1f, 0xf7, 0x0, 0x0, 0x0,
    0x7f, 0xf2, 0x1f, 0xf7, 0x0, 0x0, 0x0, 0x9f,
    0xf2, 0xf, 0xf9, 0x0, 0x0, 0x0, 0xdf, 0xf2,
    0xd, 0xfe, 0x0, 0x0, 0x6, 0xff, 0xf2, 0x8,
    0xff, 0xd5, 0x35, 0xbf, 0xdf, 0xf2, 0x0, 0xcf,
    0xff, 0xff, 0xfc, 0x3f, 0xf2, 0x0, 0x6, 0xcf,
    0xfc, 0x70, 0x2f, 0xf2,

    /* U+0216 "Ȗ" */
    0x0, 0x0, 0x0, 0x39, 0xb9, 0x30, 0x0, 0x0,
    0x0, 0x0, 0x0, 0x8f, 0xff, 0xff, 0x60, 0x0,
    0x0, 0x0, 0x0, 0x3f, 0xd3, 0x4, 0xef, 0x20,
    0x0, 0x0, 0x0, 0x8, 0xf4, 0x0, 0x5, 0xf7,
    0x0, 0x0, 0x0, 0x0, 0x35, 0x0, 0x0, 0x5,
    0x30, 0x0, 0x0, 0x0, 0x0, 0x0, 0x0, 0x0,
    0x0, 0x0, 0x0, 0xbf, 0xf0, 0x0, 0x0, 0x0,
    0x0, 0x2, 0xff, 0xab, 0xff, 0x0, 0x0, 0x0,
    0x0, 0x0, 0x2f, 0xfa, 0xbf, 0xf0, 0x0, 0x0,
    0x0, 0x0, 0x2, 0xff, 0xab, 0xff, 0x0, 0x0,
    0x0, 0x0, 0x0, 0x2f, 0xfa, 0xbf, 0xf0, 0x0,
    0x0, 0x0, 0x0, 0x2, 0xff, 0xab, 0xff, 0x0,
    0x0, 0x0, 0x0, 0x0, 0x2f, 0xfa, 0xbf, 0xf0,
    0x0, 0x0, 0x0, 0x0, 0x2, 0xff, 0xab, 0xff,
    0x0, 0x0, 0x0, 0x0, 0x0, 0x2f, 0xfa, 0xbf,
    0xf0, 0x0, 0x0, 0x0, 0x0, 0x2, 0xff, 0xab,
    0xff, 0x0, 0x0, 0x0, 0x0, 0x0, 0x2f, 0xfa,
    0xbf, 0xf0, 0x0, 0x0, 0x0, 0x0, 0x2, 0xff,
    0xab, 0xff, 0x0, 0x0, 0x0, 0x0, 0x0, 0x2f,
    0xf9, 0xaf, 0xf1, 0x0, 0x0, 0x0, 0x0, 0x3,
    0xff, 0x89, 0xff, 0x30, 0x0, 0x0, 0x0, 0x0,
    0x4f, 0xf7, 0x7f, 0xf6, 0x0, 0x0, 0x0, 0x0,
    0x7, 0xff, 0x53, 0xff, 0xc0, 0x0, 0x0, 0x0,
    0x0, 0xef, 0xf1, 0xc, 0xff, 0xa0, 0x0, 0x0,
    0x1, 0xbf, 0xfa, 0x0, 0x3f, 0xff, 0xe9, 0x76,
    0x7a, 0xff, 0xfe, 0x10, 0x0, 0x3d, 0xff, 0xff,
    0xff, 0xff, 0xfc, 0x20, 0x0, 0x0, 0x6, 0xad,
    0xff, 0xfd, 0xa5, 0x0, 0x0,

    /* U+0217 "ȗ" */
    0x0, 0x0, 0x5c, 0xee, 0xc5, 0x0, 0x0, 0x0,
    0x7, 0xff, 0xcc, 0xff, 0x70, 0x0, 0x0, 0xe,
    0xe1, 0x0, 0x2e, 0xf0, 0x0, 0x0, 0x3, 0x20,
    0x0, 0x2, 0x30, 0x0, 0x0, 0x0, 0x0, 0x0,
    0x0, 0x0, 0x0, 0x1f, 0xf7, 0x0, 0x0, 0x0,
    0x7f, 0xf2, 0x1f, 0xf7, 0x0, 0x0, 0x0, 0x7f,
    0xf2, 0x1f, 0xf7, 0x0, 0x0, 0x0, 0x7f, 0xf2,
    0x1f, 0xf7, 0x0, 0x0, 0x0, 0x7f, 0xf2, 0x1f,
    0xf7, 0x0, 0x0, 0x0, 0x7f, 0xf2, 0x1f, 0xf7,
    0x0, 0x0, 0x0, 0x7f, 0xf2, 0x1f, 0xf7, 0x0,
    0x0, 0x0, 0x7f, 0xf2, 0x1f, 0xf7, 0x0, 0x0,
    0x0, 0x7f, 0xf2, 0x1f, 0xf7, 0x0, 0x0, 0x0,
    0x7f, 0xf2, 0x1f, 0xf7, 0x0, 0x0, 0x0, 0x9f,
    0xf2, 0xf, 0xf9, 0x0, 0x0, 0x0, 0xdf, 0xf2,
    0xd, 0xfe, 0x0, 0x0, 0x6, 0xff, 0xf2, 0x8,
    0xff, 0xd5, 0x35, 0xbf, 0xdf, 0xf2, 0x0, 0xcf,
    0xff, 0xff, 0xfc, 0x3f, 0xf2, 0x0, 0x6, 0xcf,
    0xfc, 0x70, 0x2f, 0xf2,

    /* U+0218 "Ș" */
    0x0, 0x0, 0x4a, 0xdf, 0xfd, 0xb5, 0x0, 0x0,
    0x0, 0x1, 0xcf, 0xff, 0xff, 0xff, 0xfd, 0x30,
    0x0, 0x0, 0xdf, 0xff, 0xff, 0xef, 0xff, 0xff,
    0x30, 0x0, 0x7f, 0xff, 0x91, 0x0, 0x6, 0xef,
    0xfe, 0x0, 0xd, 0xff, 0x90, 0x0, 0x0, 0x2,
    0xff, 0xf6, 0x0, 0xff, 0xf4, 0x0, 0x0, 0x0,
    0x9, 0xff, 0xb0, 0xe, 0xff, 0x50, 0x0, 0x0,
    0x0, 0x3a, 0xa9, 0x0, 0xbf, 0xfd, 0x20, 0x0,
    0x0, 0x0, 0x0, 0x0, 0x3, 0xff, 0xff, 0xa5,
    0x10, 0x0, 0x0, 0x0, 0x0, 0x5, 0xef, 0xff,
    0xff, 0xc8, 0x30, 0x0, 0x0, 0x0, 0x1, 0x7d,
    0xff, 0xff, 0xff, 0xd6, 0x0, 0x0, 0x0, 0x0,
    0x1, 0x6a, 0xef, 0xff, 0xfb, 0x0, 0x0, 0x0,
    0x0, 0x0, 0x0, 0x4b, 0xff, 0xf9, 0x0, 0x11,
    0x0, 0x0, 0x0, 0x0, 0x7, 0xff, 0xf1, 0x5f,
    0xfe, 0x0, 0x0, 0x0, 0x0, 0xe, 0xff, 0x52,
    0xff, 0xf4, 0x0, 0x0, 0x0, 0x0, 0xdf, 0xf5,
    0xc, 0xff, 0xd0, 0x0, 0x0, 0x0, 0x2f, 0xff,
    0x30, 0x4f, 0xff, 0xd5, 0x0, 0x0, 0x5e, 0xff,
    0xd0, 0x0, 0x7f, 0xff, 0xff, 0xee, 0xff, 0xff,
    0xf4, 0x0, 0x0, 0x5e, 0xff, 0xff, 0xff, 0xff,
    0xe4, 0x0, 0x0, 0x0, 0x16, 0xbd, 0xff, 0xda,
    0x60, 0x0, 0x0, 0x0, 0x0, 0x0, 0x0, 0x0,
    0x0, 0x0, 0x0, 0x0, 0x0, 0x0, 0xc, 0xee,
    0x30, 0x0, 0x0, 0x0, 0x0, 0x0, 0x0, 0xef,
    0xf4, 0x0, 0x0, 0x0, 0x0, 0x0, 0x0, 0xe,
    0xff, 0x40, 0x0, 0x0, 0x0, 0x0, 0x0, 0x0,
    0x2f, 0xd0, 0x0, 0x0, 0x0, 0x0, 0x0, 0x0,
    0xa, 0xf5, 0x0, 0x0, 0x0, 0x0, 0x0, 0x0,
    0x2, 0xfc, 0x0, 0x0, 0x0, 0x0,

    /* U+0219 "ș" */
    0x0, 0x5, 0xbe, 0xff, 0xd9, 0x30, 0x0, 0x0,
    0xbf, 0xff, 0xff, 0xff, 0xf7, 0x0, 0xa, 0xff,
    0xfd, 0xaa, 0xef, 0xff, 0x50, 0x1f, 0xff, 0x70,
    0x0, 0x9, 0xff, 0xe0, 0x3f, 0xff, 0x0, 0x0,
    0x0, 0xef, 0xf3, 0x2f, 0xff, 0x20, 0x0, 0x0,
    0x22, 0x20, 0xd, 0xff, 0xd6, 0x20, 0x0, 0x0,
    0x0, 0x3, 0xef, 0xff, 0xff, 0xc8, 0x30, 0x0,
    0x0, 0x17, 0xdf, 0xff, 0xff, 0xfb, 0x10, 0x0,
    0x0, 0x1, 0x58, 0xcf, 0xff, 0xc0, 0x34, 0x41,
    0x0, 0x0, 0x4, 0xff, 0xf2, 0xaf, 0xfa, 0x0,
    0x0, 0x0, 0xef, 0xf4, 0x5f, 0xff, 0x60, 0x0,
    0x4, 0xff, 0xf2, 0xc, 0xff, 0xfd, 0xba, 0xcf,
    0xff, 0xc0, 0x1, 0xcf, 0xff, 0xff, 0xff, 0xfd,
    0x10, 0x0, 0x5, 0xad, 0xff, 0xeb, 0x60, 0x0,
    0x0, 0x0, 0x0, 0x0, 0x0, 0x0, 0x0, 0x0,
    0x0, 0x9, 0xee, 0x70, 0x0, 0x0, 0x0, 0x0,
    0xa, 0xff, 0x80, 0x0, 0x0, 0x0, 0x0, 0xa,
    0xff, 0x80, 0x0, 0x0, 0x0, 0x0, 0x0, 0xdf,
    0x20, 0x0, 0x0, 0x0, 0x0, 0x6, 0xf9, 0x0,
    0x0, 0x0, 0x0, 0x0, 0xe, 0xf1, 0x0, 0x0,
    0x0,

    /* U+021A "Ț" */
    0xaf, 0xff, 0xff, 0xff, 0xff, 0xff, 0xff, 0xff,
    0x2a, 0xff, 0xff, 0xff, 0xff, 0xff, 0xff, 0xff,
    0xf2, 0x9e, 0xee, 0xee, 0xef, 0xff, 0xee, 0xee,
    0xee, 0x10, 0x0, 0x0, 0x5, 0xff, 0xc0, 0x0,
    0x0, 0x0, 0x0, 0x0, 0x0, 0x5f, 0xfc, 0x0,
    0x0, 0x0, 0x0, 0x0, 0x0, 0x5, 0xff, 0xc0,
    0x0, 0x0, 0x0, 0x0, 0x0, 0x0, 0x5f, 0xfc,
    0x0, 0x0, 0x0, 0x0, 0x0, 0x0, 0x5, 0xff,
    0xc0, 0x0, 0x0, 0x0, 0x0, 0x0, 0x0, 0x5f,
    0xfc, 0x0, 0x0, 0x0, 0x0, 0x0, 0x0, 0x5,
    0xff, 0xc0, 0x0, 0x0, 0x0, 0x0, 0x0, 0x0,
    0x5f, 0xfc, 0x0, 0x0, 0x0, 0x0, 0x0, 0x0,
    0x5, 0xff, 0xc0, 0x0, 0x0, 0x0, 0x0, 0x0,
    0x0, 0x5f, 0xfc, 0x0, 0x0, 0x0, 0x0, 0x0,
    0x0, 0x5, 0xff, 0xc0, 0x0, 0x0, 0x0, 0x0,
    0x0, 0x0, 0x5f, 0xfc, 0x0, 0x0, 0x0, 0x0,
    0x0, 0x0, 0x5, 0xff, 0xc0, 0x0, 0x0, 0x0,
    0x0, 0x0, 0x0, 0x5f, 0xfc, 0x0, 0x0, 0x0,
    0x0, 0x0, 0x0, 0x5, 0xff, 0xc0, 0x0, 0x0,
    0x0, 0x0, 0x0, 0x0, 0x5f, 0xfc, 0x0, 0x0,
    0x0, 0x0, 0x0, 0x0, 0x5, 0xff, 0xc0, 0x0,
    0x0, 0x0, 0x0, 0x0, 0x0, 0x5f, 0xfc, 0x0,
    0x0, 0x0, 0x0, 0x0, 0x0, 0x0, 0x0, 0x0,
    0x0, 0x0, 0x0, 0x0, 0x0, 0x0, 0x5e, 0xeb,
    0x0, 0x0, 0x0, 0x0, 0x0, 0x0, 0x5, 0xff,
    0xd0, 0x0, 0x0, 0x0, 0x0, 0x0, 0x0, 0x5f,
    0xfc, 0x0, 0x0, 0x0, 0x0, 0x0, 0x0, 0x0,
    0x9f, 0x60, 0x0, 0x0, 0x0, 0x0, 0x0, 0x0,
    0x1f, 0xd0, 0x0, 0x0, 0x0, 0x0, 0x0, 0x0,
    0x9, 0xf5, 0x0, 0x0, 0x0, 0x0,

    /* U+021B "ț" */
    0x0, 0x18, 0x87, 0x0, 0x0, 0x0, 0x3f, 0xfe,
    0x0, 0x0, 0x0, 0x3f, 0xfe, 0x0, 0x0, 0x0,
    0x3f, 0xfe, 0x0, 0x0, 0x8f, 0xff, 0xff, 0xff,
    0xff, 0x8f, 0xff, 0xff, 0xff, 0xff, 0x49, 0xcf,
    0xff, 0x99, 0x98, 0x0, 0x3f, 0xfe, 0x0, 0x0,
    0x0, 0x3f, 0xfe, 0x0, 0x0, 0x0, 0x3f, 0xfe,
    0x0, 0x0, 0x0, 0x3f, 0xfe, 0x0, 0x0, 0x0,
    0x3f, 0xfe, 0x0, 0x0, 0x0, 0x3f, 0xfe, 0x0,
    0x0, 0x0, 0x3f, 0xfe, 0x0, 0x0, 0x0, 0x3f,
    0xfe, 0x0, 0x0, 0x0, 0x3f, 0xfe, 0x0, 0x0,
    0x0, 0x2f, 0xff, 0x10, 0x0, 0x0, 0xf, 0xff,
    0xd9, 0x98, 0x0, 0x7, 0xff, 0xff, 0xff, 0x0,
    0x0, 0x6c, 0xff, 0xff, 0x0, 0x0, 0x0, 0x0,
    0x0, 0x0, 0x0, 0x7e, 0xe8, 0x0, 0x0, 0x0,
    0x8f, 0xfa, 0x0, 0x0, 0x0, 0x8f, 0xf9, 0x0,
    0x0, 0x0, 0xc, 0xf3, 0x0, 0x0, 0x0, 0x4f,
    0xb0, 0x0, 0x0, 0x0, 0xcf, 0x20, 0x0,

    /* U+0237 "ȷ" */
    0x0, 0x0, 0xff, 0xf1, 0x0, 0x0, 0xff, 0xf1,
    0x0, 0x0, 0xff, 0xf1, 0x0, 0x0, 0xff, 0xf1,
    0x0, 0x0, 0xff, 0xf1, 0x0, 0x0, 0xff, 0xf1,
    0x0, 0x0, 0xff, 0xf1, 0x0, 0x0, 0xff, 0xf1,
    0x0, 0x0, 0xff, 0xf1, 0x0, 0x0, 0xff, 0xf1,
    0x0, 0x0, 0xff, 0xf1, 0x0, 0x0, 0xff, 0xf1,
    0x0, 0x0, 0xff, 0xf1, 0x0, 0x0, 0xff, 0xf1,
    0x0, 0x0, 0xff, 0xf1, 0x0, 0x0, 0xff, 0xf0,
    0x0, 0x2, 0xff, 0xf0, 0x8, 0x9e, 0xff, 0xd0,
    0x1f, 0xff, 0xff, 0x70, 0x1f, 0xff, 0xc6, 0x0,

    /* U+1E00 "Ḁ" */
    0x0, 0x0, 0x0, 0x0, 0x4f, 0xff, 0x20, 0x0,
    0x0, 0x0, 0x0, 0x0, 0x0, 0x0, 0xa, 0xff,
    0xf8, 0x0, 0x0, 0x0, 0x0, 0x0, 0x0, 0x0,
    0x1, 0xff, 0xbf, 0xe0, 0x0, 0x0, 0x0, 0x0,
    0x0, 0x0, 0x0, 0x7f, 0xf3, 0xff, 0x60, 0x0,
    0x0, 0x0, 0x0, 0x0, 0x0, 0xd, 0xfb, 0xd,
    0xfc, 0x0, 0x0, 0x0, 0x0, 0x0, 0x0, 0x4,
    0xff, 0x60, 0x7f, 0xf3, 0x0, 0x0, 0x0, 0x0,
    0x0, 0x0, 0xaf, 0xf0, 0x1, 0xff, 0xa0, 0x0,
    0x0, 0x0, 0x0, 0x0, 0x1f, 0xfa, 0x0, 0xb,
    0xff, 0x10, 0x0, 0x0, 0x0, 0x0, 0x7, 0xff,
    0x30, 0x0, 0x5f, 0xf8, 0x0, 0x0, 0x0, 0x0,
    0x0, 0xdf, 0xd0, 0x0, 0x0, 0xef, 0xe0, 0x0,
    0x0, 0x0, 0x0, 0x4f, 0xf7, 0x0, 0x0, 0x8,
    0xff, 0x50, 0x0, 0x0, 0x0, 0xa, 0xff, 0x32,
    0x22, 0x22, 0x4f, 0xfc, 0x0, 0x0, 0x0, 0x1,
    0xff, 0xff, 0xff, 0xff, 0xff, 0xff, 0xf3, 0x0,
    0x0, 0x0, 0x7f, 0xff, 0xff, 0xff, 0xff, 0xff,
    0xff, 0x90, 0x0, 0x0, 0xd, 0xff, 0x0, 0x0,
    0x0, 0x0, 0xe, 0xff, 0x10, 0x0, 0x3, 0xff,
    0x90, 0x0, 0x0, 0x0, 0x0, 0x9f, 0xf7, 0x0,
    0x0, 0xaf, 0xf3, 0x0, 0x0, 0x0, 0x0, 0x2,
    0xff, 0xe0, 0x0, 0x1f, 0xfd, 0x0, 0x0, 0x0,
    0x0, 0x0, 0xc, 0xff, 0x50, 0x7, 0xff, 0x70,
    0x0, 0x0, 0x0, 0x0, 0x0, 0x5f, 0xfb, 0x0,
    0xdf, 0xf1, 0x0, 0x0, 0x0, 0x0, 0x0, 0x0,
    0xef, 0xf2, 0x0, 0x0, 0x0, 0x0, 0x0, 0x0,
    0x0, 0x0, 0x0, 0x0, 0x0, 0x0, 0x0, 0x0,
    0x2, 0xbd, 0x91, 0x0, 0x0, 0x0, 0x0, 0x0,
    0x0, 0x0, 0x0, 0xd8, 0x29, 0xa0, 0x0, 0x0,
    0x0, 0x0, 0x0, 0x0, 0x0, 0x1f, 0x0, 0x1e,
    0x0, 0x0, 0x0, 0x0, 0x0, 0x0, 0x0, 0x0,
    0xd6, 0x18, 0xb0, 0x0, 0x0, 0x0, 0x0, 0x0,
    0x0, 0x0, 0x3, 0xcf, 0xb1, 0x0, 0x0, 0x0,
    0x0,

    /* U+1E01 "ḁ" */
    0x0, 0x4, 0xad, 0xff, 0xfd, 0x81, 0x0, 0x1,
    0xbf, 0xff, 0xff, 0xff, 0xfe, 0x20, 0xb, 0xff,
    0x93, 0x11, 0x39, 0xff, 0xb0, 0x2f, 0xf9, 0x0,
    0x0, 0x0, 0xbf, 0xf0, 0x28, 0xa2, 0x0, 0x0,
    0x0, 0x7f, 0xf1, 0x0, 0x0, 0x0, 0x0, 0x2,
    0x9f, 0xf2, 0x0, 0x1, 0x58, 0xac, 0xff, 0xff,
    0xf2, 0x2, 0xbf, 0xff, 0xff, 0xfc, 0xbf, 0xf2,
    0x2e, 0xff, 0xc8, 0x52, 0x0, 0x6f, 0xf2, 0xaf,
    0xf5, 0x0, 0x0, 0x0, 0x8f, 0xf2, 0xdf, 0xe0,
    0x0, 0x0, 0x0, 0xcf, 0xf2, 0xdf, 0xf0, 0x0,
    0x0, 0x6, 0xff, 0xf2, 0x8f, 0xfb, 0x20, 0x3,
    0xaf, 0xff, 0xf3, 0xc, 0xff, 0xff, 0xff, 0xfb,
    0x3f, 0xf6, 0x0, 0x7c, 0xff, 0xea, 0x40, 0xd,
    0xfb, 0x0, 0x0, 0x0, 0x0, 0x0, 0x0, 0x0,
    0x0, 0x0, 0x2b, 0xda, 0x10, 0x0, 0x0, 0x0,
    0x0, 0xc8, 0x29, 0xb0, 0x0, 0x0, 0x0, 0x0,
    0xf0, 0x1, 0xf0, 0x0, 0x0, 0x0, 0x0, 0xd6,
    0x18, 0xb0, 0x0, 0x0, 0x0, 0x0, 0x2c, 0xfb,
    0x10, 0x0, 0x0,

    /* U+1E02 "Ḃ" */
    0x0, 0x0, 0x1, 0xff, 0x80, 0x0, 0x0, 0x0,
    0x0, 0x0, 0x1, 0xff, 0x80, 0x0, 0x0, 0x0,
    0x0, 0x0, 0x0, 0xdd, 0x70, 0x0, 0x0, 0x0,
    0x0, 0x0, 0x0, 0x0, 0x0, 0x0, 0x0, 0x0,
    0x0, 0x0, 0x0, 0x0, 0x0, 0x0, 0x0, 0x0,
    0xdf, 0xff, 0xff, 0xff, 0xfe, 0xb7, 0x10, 0x0,
    0xdf, 0xff, 0xff, 0xff, 0xff, 0xff, 0xe3, 0x0,
    0xdf, 0xf6, 0x66, 0x66, 0x78, 0xcf, 0xfe, 0x10,
    0xdf, 0xe0, 0x0, 0x0, 0x0, 0x8, 0xff, 0x80,
    0xdf, 0xe0, 0x0, 0x0, 0x0, 0x0, 0xff, 0xc0,
    0xdf, 0xe0, 0x0, 0x0, 0x0, 0x0, 0xef, 0xc0,
    0xdf, 0xe0, 0x0, 0x0, 0x0, 0x3, 0xff, 0x90,
    0xdf, 0xe0, 0x0, 0x0, 0x1, 0x6e, 0xff, 0x20,
    0xdf, 0xff, 0xff, 0xff, 0xff, 0xff, 0xe4, 0x0,
    0xdf, 0xff, 0xff, 0xff, 0xff, 0xff, 0x70, 0x0,
    0xdf, 0xf6, 0x66, 0x66, 0x78, 0xbf, 0xfe, 0x20,
    0xdf, 0xe0, 0x0, 0x0, 0x0, 0x2, 0xef, 0xe1,
    0xdf, 0xe0, 0x0, 0x0, 0x0, 0x0, 0x5f, 0xf8,
    0xdf, 0xe0, 0x0, 0x0, 0x0, 0x0, 0xf, 0xfb,
    0xdf, 0xe0, 0x0, 0x0, 0x0, 0x0, 0xf, 0xfc,
    0xdf, 0xe0, 0x0, 0x0, 0x0, 0x0, 0x4f, 0xfa,
    0xdf, 0xe0, 0x0, 0x0, 0x0, 0x2, 0xdf, 0xf5,
    0xdf, 0xf6, 0x66, 0x66, 0x67, 0xbf, 0xff, 0xb0,
    0xdf, 0xff, 0xff, 0xff, 0xff, 0xff, 0xfb, 0x10,
    0xdf, 0xff, 0xff, 0xff, 0xff, 0xda, 0x40, 0x0,

    /* U+1E03 "ḃ" */
    0x0, 0x0, 0x0, 0xdf, 0xc0, 0x0, 0x0, 0x0,
    0x0, 0x0, 0xdf, 0xc0, 0x0, 0x0, 0x0, 0x0,
    0x0, 0xad, 0xa0, 0x0, 0x0, 0x0, 0x0, 0x0,
    0x0, 0x0, 0x0, 0x0, 0x0, 0x0, 0x0, 0x0,
    0x0, 0x0, 0x0, 0x1f, 0xf7, 0x0, 0x0, 0x0,
    0x0, 0x0, 0x1f, 0xf7, 0x0, 0x0, 0x0, 0x0,
    0x0, 0x1f, 0xf7, 0x0, 0x0, 0x0, 0x0, 0x0,
    0x1f, 0xf7, 0x0, 0x0, 0x0, 0x0, 0x0, 0x1f,
    0xf7, 0x0, 0x0, 0x0, 0x0, 0x0, 0x1f, 0xf7,
    0x19, 0xdf, 0xeb, 0x50, 0x0, 0x1f, 0xf9, 0xef,
    0xff, 0xff, 0xfa, 0x0, 0x1f, 0xff, 0xf9, 0x20,
    0x3b, 0xff, 0x90, 0x1f, 0xff, 0x70, 0x0, 0x0,
    0xbf, 0xf3, 0x1f, 0xfd, 0x0, 0x0, 0x0, 0x2f,
    0xf9, 0x1f, 0xf8, 0x0, 0x0, 0x0, 0xd, 0xfd,
    0x1f, 0xf5, 0x0, 0x0, 0x0, 0xa, 0xff, 0x1f,
    0xf4, 0x0, 0x0, 0x0, 0xa, 0xff, 0x1f, 0xf5,
    0x0, 0x0, 0x0, 0xb, 0xfe, 0x1f, 0xf7, 0x0,
    0x0, 0x0, 0xd, 0xfc, 0x1f, 0xfb, 0x0, 0x0,
    0x0, 0x3f, 0xf8, 0x1f, 0xff, 0x60, 0x0, 0x0,
    0xcf, 0xf1, 0x1f, 0xff, 0xf9, 0x21, 0x4c, 0xff,
    0x70, 0x1f, 0xf7, 0xef, 0xff, 0xff, 0xf7, 0x0,
    0x1f, 0xf5, 0x19, 0xef, 0xea, 0x30, 0x0,

    /* U+1E04 "Ḅ" */
    0xdf, 0xff, 0xff, 0xff, 0xfe, 0xb7, 0x10, 0x0,
    0xdf, 0xff, 0xff, 0xff, 0xff, 0xff, 0xe3, 0x0,
    0xdf, 0xf6, 0x66, 0x66, 0x78, 0xcf, 0xfe, 0x10,
    0xdf, 0xe0, 0x0, 0x0, 0x0, 0x8, 0xff, 0x80,
    0xdf, 0xe0, 0x0, 0x0, 0x0, 0x0, 0xff, 0xc0,
    0xdf, 0xe0, 0x0, 0x0, 0x0, 0x0, 0xef, 0xc0,
    0xdf, 0xe0, 0x0, 0x0, 0x0, 0x3, 0xff, 0x90,
    0xdf, 0xe0, 0x0, 0x0, 0x1, 0x6e, 0xff, 0x20,
    0xdf, 0xff, 0xff, 0xff, 0xff, 0xff, 0xe4, 0x0,
    0xdf, 0xff, 0xff, 0xff, 0xff, 0xff, 0x70, 0x0,
    0xdf, 0xf6, 0x66, 0x66, 0x78, 0xbf, 0xfe, 0x20,
    0xdf, 0xe0, 0x0, 0x0, 0x0, 0x2, 0xef, 0xe1,
    0xdf, 0xe0, 0x0, 0x0, 0x0, 0x0, 0x5f, 0xf8,
    0xdf, 0xe0, 0x0, 0x0, 0x0, 0x0, 0xf, 0xfb,
    0xdf, 0xe0, 0x0, 0x0, 0x0, 0x0, 0xf, 0xfc,
    0xdf, 0xe0, 0x0, 0x0, 0x0, 0x0, 0x4f, 0xfa,
    0xdf, 0xe0, 0x0, 0x0, 0x0, 0x2, 0xdf, 0xf5,
    0xdf, 0xf6, 0x66, 0x66, 0x67, 0xbf, 0xff, 0xb0,
    0xdf, 0xff, 0xff, 0xff, 0xff, 0xff, 0xfb, 0x10,
    0xdf, 0xff, 0xff, 0xff, 0xff, 0xda, 0x40, 0x0,
    0x0, 0x0, 0x0, 0x0, 0x0, 0x0, 0x0, 0x0,
    0x0, 0x0, 0x0, 0x0, 0x0, 0x0, 0x0, 0x0,
    0x0, 0x0, 0x0, 0x0, 0x0, 0x0, 0x0, 0x0,
    0x0, 0x0, 0x2, 0xdd, 0x50, 0x0, 0x0, 0x0,
    0x0, 0x0, 0x3, 0xff, 0x60, 0x0, 0x0, 0x0,
    0x0, 0x0, 0x3, 0xff, 0x60, 0x0, 0x0, 0x0,

    /* U+1E05 "ḅ" */
    0x1f, 0xf7, 0x0, 0x0, 0x0, 0x0, 0x0, 0x1f,
    0xf7, 0x0, 0x0, 0x0, 0x0, 0x0, 0x1f, 0xf7,
    0x0, 0x0, 0x0, 0x0, 0x0, 0x1f, 0xf7, 0x0,
    0x0, 0x0, 0x0, 0x0, 0x1f, 0xf7, 0x0, 0x0,
    0x0, 0x0, 0x0, 0x1f, 0xf7, 0x19, 0xdf, 0xeb,
    0x50, 0x0, 0x1f, 0xf9, 0xef, 0xff, 0xff, 0xfa,
    0x0, 0x1f, 0xff, 0xf9, 0x20, 0x3b, 0xff, 0x90,
    0x1f, 0xff, 0x70, 0x0, 0x0, 0xbf, 0xf3, 0x1f,
    0xfd, 0x0, 0x0, 0x0, 0x2f, 0xf9, 0x1f, 0xf8,
    0x0, 0x0, 0x0, 0xd, 0xfd, 0x1f, 0xf5, 0x0,
    0x0, 0x0, 0xa, 0xff, 0x1f, 0xf4, 0x0, 0x0,
    0x0, 0xa, 0xff, 0x1f, 0xf5, 0x0, 0x0, 0x0,
    0xb, 0xfe, 0x1f, 0xf7, 0x0, 0x0, 0x0, 0xd,
    0xfc, 0x1f, 0xfb, 0x0, 0x0, 0x0, 0x3f, 0xf8,
    0x1f, 0xff, 0x60, 0x0, 0x0, 0xcf, 0xf1, 0x1f,
    0xff, 0xf9, 0x21, 0x4c, 0xff, 0x70, 0x1f, 0xf7,
    0xef, 0xff, 0xff, 0xf7, 0x0, 0x1f, 0xf5, 0x19,
    0xef, 0xea, 0x30, 0x0, 0x0, 0x0, 0x0, 0x0,
    0x0, 0x0, 0x0, 0x0, 0x0, 0x0, 0x0, 0x0,
    0x0, 0x0, 0x0, 0x0, 0x0, 0x0, 0x0, 0x0,
    0x0, 0x0, 0x0, 0x2, 0xdd, 0x50, 0x0, 0x0,
    0x0, 0x0, 0x3, 0xff, 0x60, 0x0, 0x0, 0x0,
    0x0, 0x3, 0xff, 0x60, 0x0, 0x0,

    /* U+1E06 "Ḇ" */
    0xdf, 0xff, 0xff, 0xff, 0xfe, 0xb7, 0x10, 0x0,
    0xdf, 0xff, 0xff, 0xff, 0xff, 0xff, 0xe3, 0x0,
    0xdf, 0xf6, 0x66, 0x66, 0x78, 0xcf, 0xfe, 0x10,
    0xdf, 0xe0, 0x0, 0x0, 0x0, 0x8, 0xff, 0x80,
    0xdf, 0xe0, 0x0, 0x0, 0x0, 0x0, 0xff, 0xc0,
    0xdf, 0xe0, 0x0, 0x0, 0x0, 0x0, 0xef, 0xc0,
    0xdf, 0xe0, 0x0, 0x0, 0x0, 0x3, 0xff, 0x90,
    0xdf, 0xe0, 0x0, 0x0, 0x1, 0x6e, 0xff, 0x20,
    0xdf, 0xff, 0xff, 0xff, 0xff, 0xff, 0xe4, 0x0,
    0xdf, 0xff, 0xff, 0xff, 0xff, 0xff, 0x70, 0x0,
    0xdf, 0xf6, 0x66, 0x66, 0x78, 0xbf, 0xfe, 0x20,
    0xdf, 0xe0, 0x0, 0x0, 0x0, 0x2, 0xef, 0xe1,
    0xdf, 0xe0, 0x0, 0x0, 0x0, 0x0, 0x5f, 0xf8,
    0xdf, 0xe0, 0x0, 0x0, 0x0, 0x0, 0xf, 0xfb,
    0xdf, 0xe0, 0x0, 0x0, 0x0, 0x0, 0xf, 0xfc,
    0xdf, 0xe0, 0x0, 0x0, 0x0, 0x0, 0x4f, 0xfa,
    0xdf, 0xe0, 0x0, 0x0, 0x0, 0x2, 0xdf, 0xf5,
    0xdf, 0xf6, 0x66, 0x66, 0x67, 0xbf, 0xff, 0xb0,
    0xdf, 0xff, 0xff, 0xff, 0xff, 0xff, 0xfb, 0x10,
    0xdf, 0xff, 0xff, 0xff, 0xff, 0xda, 0x40, 0x0,
    0x0, 0x0, 0x0, 0x0, 0x0, 0x0, 0x0, 0x0,
    0x0, 0x0, 0x0, 0x0, 0x0, 0x0, 0x0, 0x0,
    0x0, 0x0, 0x0, 0x0, 0x0, 0x0, 0x0, 0x0,
    0x0, 0xbf, 0xff, 0xff, 0xff, 0xf2, 0x0, 0x0,
    0x0, 0xbf, 0xff, 0xff, 0xff, 0xf2, 0x0, 0x0,
    0x0, 0x1, 0x11, 0x11, 0x11, 0x10, 0x0, 0x0,

    /* U+1E07 "ḇ" */
    0x1f, 0xf7, 0x0, 0x0, 0x0, 0x0, 0x0, 0x1f,
    0xf7, 0x0, 0x0, 0x0, 0x0, 0x0, 0x1f, 0xf7,
    0x0, 0x0, 0x0, 0x0, 0x0, 0x1f, 0xf7, 0x0,
    0x0, 0x0, 0x0, 0x0, 0x1f, 0xf7, 0x0, 0x0,
    0x0, 0x0, 0x0, 0x1f, 0xf7, 0x19, 0xdf, 0xeb,
    0x50, 0x0, 0x1f, 0xf9, 0xef, 0xff, 0xff, 0xfa,
    0x0, 0x1f, 0xff, 0xf9, 0x20, 0x3b, 0xff, 0x90,
    0x1f, 0xff, 0x70, 0x0, 0x0, 0xbf, 0xf3, 0x1f,
    0xfd, 0x0, 0x0, 0x0, 0x2f, 0xf9, 0x1f, 0xf8,
    0x0, 0x0, 0x0, 0xd, 0xfd, 0x1f, 0xf5, 0x0,
    0x0, 0x0, 0xa, 0xff, 0x1f, 0xf4, 0x0, 0x0,
    0x0, 0xa, 0xff, 0x1f, 0xf5, 0x0, 0x0, 0x0,
    0xb, 0xfe, 0x1f, 0xf7, 0x0, 0x0, 0x0, 0xd,
    0xfc, 0x1f, 0xfb, 0x0, 0x0, 0x0, 0x3f, 0xf8,
    0x1f, 0xff, 0x60, 0x0, 0x0, 0xcf, 0xf1, 0x1f,
    0xff, 0xf9, 0x21, 0x4c, 0xff, 0x70, 0x1f, 0xf7,
    0xef, 0xff, 0xff, 0xf7, 0x0, 0x1f, 0xf5, 0x19,
    0xef, 0xea, 0x30, 0x0, 0x0, 0x0, 0x0, 0x0,
    0x0, 0x0, 0x0, 0x0, 0x0, 0x0, 0x0, 0x0,
    0x0, 0x0, 0x0, 0x1, 0x11, 0x11, 0x11, 0x10,
    0x0, 0x0, 0xbf, 0xff, 0xff, 0xff, 0xf2, 0x0,
    0x0, 0xbf, 0xff, 0xff, 0xff, 0xf2, 0x0,

    /* U+1E08 "Ḉ" */
    0x0, 0x0, 0x0, 0x0, 0x0, 0xaf, 0xf7, 0x0,
    0x0, 0x0, 0x0, 0x0, 0x0, 0x0, 0x2f, 0xfa,
    0x0, 0x0, 0x0, 0x0, 0x0, 0x0, 0x0, 0xa,
    0xfd, 0x0, 0x0, 0x0, 0x0, 0x0, 0x0, 0x0,
    0x1, 0xdd, 0x20, 0x0, 0x0, 0x0, 0x0, 0x0,
    0x0, 0x0, 0x0, 0x0, 0x0, 0x0, 0x0, 0x0,
    0x0, 0x0, 0x5, 0xad, 0xff, 0xeb, 0x71, 0x0,
    0x0, 0x0, 0x0, 0x5e, 0xff, 0xff, 0xff, 0xff,
    0xf7, 0x0, 0x0, 0x0, 0x9f, 0xff, 0xb7, 0x55,
    0x6a, 0xff, 0xf9, 0x0, 0x0, 0x8f, 0xfd, 0x30,
    0x0, 0x0, 0x3, 0xef, 0xf6, 0x0, 0x3f, 0xfe,
    0x10, 0x0, 0x0, 0x0, 0x3, 0xff, 0xe0, 0xb,
    0xff, 0x50, 0x0, 0x0, 0x0, 0x0, 0xa, 0xfe,
    0x30, 0xff, 0xd0, 0x0, 0x0, 0x0, 0x0, 0x0,
    0x12, 0x0, 0x4f, 0xf9, 0x0, 0x0, 0x0, 0x0,
    0x0, 0x0, 0x0, 0x6, 0xff, 0x60, 0x0, 0x0,
    0x0, 0x0, 0x0, 0x0, 0x0, 0x7f, 0xf5, 0x0,
    0x0, 0x0, 0x0, 0x0, 0x0, 0x0, 0x7, 0xff,
    0x50, 0x0, 0x0, 0x0, 0x0, 0x0, 0x0, 0x0,
    0x6f, 0xf6, 0x0, 0x0, 0x0, 0x0, 0x0, 0x0,
    0x0, 0x4, 0xff, 0x90, 0x0, 0x0, 0x0, 0x0,
    0x0, 0x0, 0x0, 0x1f, 0xfc, 0x0, 0x0, 0x0,
    0x0, 0x0, 0x1, 0xfc, 0x60, 0xbf, 0xf3, 0x0,
    0x0, 0x0, 0x0, 0x0, 0x7f, 0xf8, 0x4, 0xff,
    0xd0, 0x0, 0x0, 0x0, 0x0, 0x2f, 0xff, 0x10,
    0xa, 0xff, 0xc2, 0x0, 0x0, 0x0, 0x3e, 0xff,
    0x80, 0x0, 0xc, 0xff, 0xfa, 0x64, 0x46, 0xaf,
    0xff, 0xb0, 0x0, 0x0, 0x8, 0xff, 0xff, 0xff,
    0xff, 0xff, 0x90, 0x0, 0x0, 0x0, 0x2, 0x8c,
    0xff, 0xff, 0xc9, 0x20, 0x0, 0x0, 0x0, 0x0,
    0x0, 0x9, 0xf7, 0x0, 0x0, 0x0, 0x0, 0x0,
    0x0, 0x0, 0x0, 0xef, 0xfc, 0x10, 0x0, 0x0,
    0x0, 0x0, 0x0, 0x0, 0x2, 0x5f, 0xf9, 0x0,
    0x0, 0x0, 0x0, 0x0, 0x0, 0x0, 0x0, 0xdf,
    0xa0, 0x0, 0x0, 0x0, 0x0, 0x0, 0x7, 0xbb,
    0xef, 0xf5, 0x0, 0x0, 0x0, 0x0, 0x0, 0x0,
    0xaf, 0xfe, 0xa4, 0x0, 0x0, 0x0, 0x0,

    /* U+1E09 "ḉ" */
    0x0, 0x0, 0x0, 0xd, 0xff, 0x40, 0x0, 0x0,
    0x0, 0x0, 0x5f, 0xf7, 0x0, 0x0, 0x0, 0x0,
    0x0, 0xdf, 0xa0, 0x0, 0x0, 0x0, 0x0, 0x4,
    0xec, 0x0, 0x0, 0x0, 0x0, 0x0, 0x0, 0x0,
    0x0, 0x0, 0x0, 0x0, 0x2, 0x9d, 0xff, 0xd8,
    0x10, 0x0, 0x0, 0x6f, 0xff, 0xff, 0xff, 0xf4,
    0x0, 0x4, 0xff, 0xd5, 0x11, 0x5e, 0xff, 0x20,
    0xe, 0xfe, 0x10, 0x0, 0x3, 0xff, 0x90, 0x5f,
    0xf5, 0x0, 0x0, 0x0, 0xbf, 0xc0, 0x9f, 0xf0,
    0x0, 0x0, 0x0, 0x10, 0x0, 0xcf, 0xd0, 0x0,
    0x0, 0x0, 0x0, 0x0, 0xdf, 0xc0, 0x0, 0x0,
    0x0, 0x0, 0x0, 0xdf, 0xc0, 0x0, 0x0, 0x0,
    0x0, 0x0, 0xcf, 0xd0, 0x0, 0x0, 0x0, 0x0,
    0x0, 0x9f, 0xf0, 0x0, 0x0, 0x0, 0x5c, 0xa1,
    0x5f, 0xf5, 0x0, 0x0, 0x0, 0xaf, 0xf0, 0xe,
    0xfd, 0x0, 0x0, 0x2, 0xff, 0xa0, 0x5, 0xff,
    0xc4, 0x1, 0x5e, 0xff, 0x20, 0x0, 0x7f, 0xff,
    0xff, 0xff, 0xe4, 0x0, 0x0, 0x3, 0xae, 0xff,
    0xd8, 0x10, 0x0, 0x0, 0x0, 0xa, 0xf5, 0x0,
    0x0, 0x0, 0x0, 0x0, 0xb, 0xef, 0xd1, 0x0,
    0x0, 0x0, 0x0, 0x0, 0xf, 0xf6, 0x0, 0x0,
    0x0, 0x1, 0xba, 0xdf, 0xf3, 0x0, 0x0, 0x0,
    0x2, 0xff, 0xeb, 0x40, 0x0, 0x0,

    /* U+1E0A "Ḋ" */
    0x0, 0x0, 0x0, 0x5f, 0xf4, 0x0, 0x0, 0x0,
    0x0, 0x0, 0x0, 0x0, 0x5f, 0xf4, 0x0, 0x0,
    0x0, 0x0, 0x0, 0x0, 0x0, 0x4d, 0xd3, 0x0,
    0x0, 0x0, 0x0, 0x0, 0x0, 0x0, 0x0, 0x0,
    0x0, 0x0, 0x0, 0x0, 0x0, 0x0, 0x0, 0x0,
    0x0, 0x0, 0x0, 0x0, 0x0, 0xaf, 0xff, 0xff,
    0xff, 0xfe, 0xda, 0x40, 0x0, 0x0, 0xaf, 0xff,
    0xff, 0xff, 0xff, 0xff, 0xfc, 0x20, 0x0, 0xaf,
    0xf7, 0x66, 0x66, 0x67, 0xbf, 0xff, 0xe1, 0x0,
    0xaf, 0xf1, 0x0, 0x0, 0x0, 0x1, 0xbf, 0xfc,
    0x0, 0xaf, 0xf1, 0x0, 0x0, 0x0, 0x0, 0xc,
    0xff, 0x50, 0xaf, 0xf1, 0x0, 0x0, 0x0, 0x0,
    0x3, 0xff, 0xc0, 0xaf, 0xf1, 0x0, 0x0, 0x0,
    0x0, 0x0, 0xcf, 0xf1, 0xaf, 0xf1, 0x0, 0x0,
    0x0, 0x0, 0x0, 0x8f, 0xf4, 0xaf, 0xf1, 0x0,
    0x0, 0x0, 0x0, 0x0, 0x6f, 0xf6, 0xaf, 0xf1,
    0x0, 0x0, 0x0, 0x0, 0x0, 0x5f, 0xf7, 0xaf,
    0xf1, 0x0, 0x0, 0x0, 0x0, 0x0, 0x5f, 0xf7,
    0xaf, 0xf1, 0x0, 0x0, 0x0, 0x0, 0x0, 0x6f,
    0xf6, 0xaf, 0xf1, 0x0, 0x0, 0x0, 0x0, 0x0,
    0x9f, 0xf3, 0xaf, 0xf1, 0x0, 0x0, 0x0, 0x0,
    0x0, 0xdf, 0xf0, 0xaf, 0xf1, 0x0, 0x0, 0x0,
    0x0, 0x4, 0xff, 0xb0, 0xaf, 0xf1, 0x0, 0x0,
    0x0, 0x0, 0xd, 0xff, 0x40, 0xaf, 0xf1, 0x0,
    0x0, 0x0, 0x2, 0xcf, 0xfb, 0x0, 0xaf, 0xf7,
    0x66, 0x66, 0x68, 0xbf, 0xff, 0xd1, 0x0, 0xaf,
    0xff, 0xff, 0xff, 0xff, 0xff, 0xfa, 0x10, 0x0,
    0xaf, 0xff, 0xff, 0xff, 0xfe, 0xc8, 0x30, 0x0,
    0x0,

    /* U+1E0B "ḋ" */
    0x0, 0x0, 0x7, 0xff, 0x20, 0x0, 0x0, 0x0,
    0x0, 0x7, 0xff, 0x20, 0x0, 0x0, 0x0, 0x0,
    0x6, 0xdd, 0x10, 0x0, 0x0, 0x0, 0x0, 0x0,
    0x0, 0x0, 0x0, 0x0, 0x0, 0x0, 0x0, 0x0,
    0x0, 0x0, 0x0, 0x0, 0x0, 0x0, 0x0, 0x0,
    0x7f, 0xf1, 0x0, 0x0, 0x0, 0x0, 0x0, 0x7f,
    0xf1, 0x0, 0x0, 0x0, 0x0, 0x0, 0x7f, 0xf1,
    0x0, 0x0, 0x0, 0x0, 0x0, 0x7f, 0xf1, 0x0,
    0x0, 0x0, 0x0, 0x0, 0x7f, 0xf1, 0x0, 0x4,
    0xbe, 0xfd, 0x91, 0x7f, 0xf1, 0x0, 0xaf, 0xff,
    0xff, 0xfe, 0x9f, 0xf1, 0x8, 0xff, 0xb3, 0x2,
    0x8f, 0xff, 0xf1, 0x2f, 0xfb, 0x0, 0x0, 0x6,
    0xff, 0xf1, 0x8f, 0xf3, 0x0, 0x0, 0x0, 0xdf,
    0xf1, 0xcf, 0xe0, 0x0, 0x0, 0x0, 0x7f, 0xf1,
    0xef, 0xc0, 0x0, 0x0, 0x0, 0x5f, 0xf1, 0xef,
    0xa0, 0x0, 0x0, 0x0, 0x4f, 0xf1, 0xef, 0xb0,
    0x0, 0x0, 0x0, 0x4f, 0xf1, 0xbf, 0xe0, 0x0,
    0x0, 0x0, 0x6f, 0xf1, 0x7f, 0xf3, 0x0, 0x0,
    0x0, 0xbf, 0xf1, 0x1f, 0xfc, 0x0, 0x0, 0x5,
    0xff, 0xf1, 0x6, 0xff, 0xd5, 0x12, 0x7f, 0xff,
    0xf1, 0x0, 0x7f, 0xff, 0xff, 0xfe, 0x7f, 0xf1,
    0x0, 0x3, 0xae, 0xfe, 0x91, 0x4f, 0xf1,

    /* U+1E0C "Ḍ" */
    0xaf, 0xff, 0xff, 0xff, 0xfe, 0xda, 0x40, 0x0,
    0x0, 0xaf, 0xff, 0xff, 0xff, 0xff, 0xff, 0xfc,
    0x20, 0x0, 0xaf, 0xf7, 0x66, 0x66, 0x67, 0xbf,
    0xff, 0xe1, 0x0, 0xaf, 0xf1, 0x0, 0x0, 0x0,
    0x1, 0xbf, 0xfc, 0x0, 0xaf, 0xf1, 0x0, 0x0,
    0x0, 0x0, 0xc, 0xff, 0x50, 0xaf, 0xf1, 0x0,
    0x0, 0x0, 0x0, 0x3, 0xff, 0xc0, 0xaf, 0xf1,
    0x0, 0x0, 0x0, 0x0, 0x0, 0xcf, 0xf1, 0xaf,
    0xf1, 0x0, 0x0, 0x0, 0x0, 0x0, 0x8f, 0xf4,
    0xaf, 0xf1, 0x0, 0x0, 0x0, 0x0, 0x0, 0x6f,
    0xf6, 0xaf, 0xf1, 0x0, 0x0, 0x0, 0x0, 0x0,
    0x5f, 0xf7, 0xaf, 0xf1, 0x0, 0x0, 0x0, 0x0,
    0x0, 0x5f, 0xf7, 0xaf, 0xf1, 0x0, 0x0, 0x0,
    0x0, 0x0, 0x6f, 0xf6, 0xaf, 0xf1, 0x0, 0x0,
    0x0, 0x0, 0x0, 0x9f, 0xf3, 0xaf, 0xf1, 0x0,
    0x0, 0x0, 0x0, 0x0, 0xdf, 0xf0, 0xaf, 0xf1,
    0x0, 0x0, 0x0, 0x0, 0x4, 0xff, 0xb0, 0xaf,
    0xf1, 0x0, 0x0, 0x0, 0x0, 0xd, 0xff, 0x40,
    0xaf, 0xf1, 0x0, 0x0, 0x0, 0x2, 0xcf, 0xfb,
    0x0, 0xaf, 0xf7, 0x66, 0x66, 0x68, 0xbf, 0xff,
    0xd1, 0x0, 0xaf, 0xff, 0xff, 0xff, 0xff, 0xff,
    0xfa, 0x10, 0x0, 0xaf, 0xff, 0xff, 0xff, 0xfe,
    0xc8, 0x30, 0x0, 0x0, 0x0, 0x0, 0x0, 0x0,
    0x0, 0x0, 0x0, 0x0, 0x0, 0x0, 0x0, 0x0,
    0x0, 0x0, 0x0, 0x0, 0x0, 0x0, 0x0, 0x0,
    0x0, 0x0, 0x0, 0x0, 0x0, 0x0, 0x0, 0x0,
    0x0, 0x0, 0x8d, 0xd0, 0x0, 0x0, 0x0, 0x0,
    0x0, 0x0, 0x0, 0x9f, 0xf0, 0x0, 0x0, 0x0,
    0x0, 0x0, 0x0, 0x0, 0x9f, 0xf0, 0x0, 0x0,
    0x0, 0x0,

    /* U+1E0D "ḍ" */
    0x0, 0x0, 0x0, 0x0, 0x0, 0x7f, 0xf1, 0x0,
    0x0, 0x0, 0x0, 0x0, 0x7f, 0xf1, 0x0, 0x0,
    0x0, 0x0, 0x0, 0x7f, 0xf1, 0x0, 0x0, 0x0,
    0x0, 0x0, 0x7f, 0xf1, 0x0, 0x0, 0x0, 0x0,
    0x0, 0x7f, 0xf1, 0x0, 0x4, 0xbe, 0xfd, 0x91,
    0x7f, 0xf1, 0x0, 0xaf, 0xff, 0xff, 0xfe, 0x9f,
    0xf1, 0x8, 0xff, 0xb3, 0x2, 0x8f, 0xff, 0xf1,
    0x2f, 0xfb, 0x0, 0x0, 0x6, 0xff, 0xf1, 0x8f,
    0xf3, 0x0, 0x0, 0x0, 0xdf, 0xf1, 0xcf, 0xe0,
    0x0, 0x0, 0x0, 0x7f, 0xf1, 0xef, 0xc0, 0x0,
    0x0, 0x0, 0x5f, 0xf1, 0xef, 0xa0, 0x0, 0x0,
    0x0, 0x4f, 0xf1, 0xef, 0xb0, 0x0, 0x0, 0x0,
    0x4f, 0xf1, 0xbf, 0xe0, 0x0, 0x0, 0x0, 0x6f,
    0xf1, 0x7f, 0xf3, 0x0, 0x0, 0x0, 0xbf, 0xf1,
    0x1f, 0xfc, 0x0, 0x0, 0x5, 0xff, 0xf1, 0x6,
    0xff, 0xd5, 0x12, 0x7f, 0xff, 0xf1, 0x0, 0x7f,
    0xff, 0xff, 0xfe, 0x7f, 0xf1, 0x0, 0x3, 0xae,
    0xfe, 0x91, 0x4f, 0xf1, 0x0, 0x0, 0x0, 0x0,
    0x0, 0x0, 0x0, 0x0, 0x0, 0x0, 0x0, 0x0,
    0x0, 0x0, 0x0, 0x0, 0x0, 0x0, 0x0, 0x0,
    0x0, 0x0, 0x0, 0x5, 0xdd, 0x30, 0x0, 0x0,
    0x0, 0x0, 0x6, 0xff, 0x30, 0x0, 0x0, 0x0,
    0x0, 0x6, 0xff, 0x30, 0x0, 0x0,

    /* U+1E0E "Ḏ" */
    0xaf, 0xff, 0xff, 0xff, 0xfe, 0xda, 0x40, 0x0,
    0x0, 0xaf, 0xff, 0xff, 0xff, 0xff, 0xff, 0xfc,
    0x20, 0x0, 0xaf, 0xf7, 0x66, 0x66, 0x67, 0xbf,
    0xff, 0xe1, 0x0, 0xaf, 0xf1, 0x0, 0x0, 0x0,
    0x1, 0xbf, 0xfc, 0x0, 0xaf, 0xf1, 0x0, 0x0,
    0x0, 0x0, 0xc, 0xff, 0x50, 0xaf, 0xf1, 0x0,
    0x0, 0x0, 0x0, 0x3, 0xff, 0xc0, 0xaf, 0xf1,
    0x0, 0x0, 0x0, 0x0, 0x0, 0xcf, 0xf1, 0xaf,
    0xf1, 0x0, 0x0, 0x0, 0x0, 0x0, 0x8f, 0xf4,
    0xaf, 0xf1, 0x0, 0x0, 0x0, 0x0, 0x0, 0x6f,
    0xf6, 0xaf, 0xf1, 0x0, 0x0, 0x0, 0x0, 0x0,
    0x5f, 0xf7, 0xaf, 0xf1, 0x0, 0x0, 0x0, 0x0,
    0x0, 0x5f, 0xf7, 0xaf, 0xf1, 0x0, 0x0, 0x0,
    0x0, 0x0, 0x6f, 0xf6, 0xaf, 0xf1, 0x0, 0x0,
    0x0, 0x0, 0x0, 0x9f, 0xf3, 0xaf, 0xf1, 0x0,
    0x0, 0x0, 0x0, 0x0, 0xdf, 0xf0, 0xaf, 0xf1,
    0x0, 0x0, 0x0, 0x0, 0x4, 0xff, 0xb0, 0xaf,
    0xf1, 0x0, 0x0, 0x0, 0x0, 0xd, 0xff, 0x40,
    0xaf, 0xf1, 0x0, 0x0, 0x0, 0x2, 0xcf, 0xfb,
    0x0, 0xaf, 0xf7, 0x66, 0x66, 0x68, 0xbf, 0xff,
    0xd1, 0x0, 0xaf, 0xff, 0xff, 0xff, 0xff, 0xff,
    0xfa, 0x10, 0x0, 0xaf, 0xff, 0xff, 0xff, 0xfe,
    0xc8, 0x30, 0x0, 0x0, 0x0, 0x0, 0x0, 0x0,
    0x0, 0x0, 0x0, 0x0, 0x0, 0x0, 0x0, 0x0,
    0x0, 0x0, 0x0, 0x0, 0x0, 0x0, 0x0, 0x0,
    0x0, 0x0, 0x0, 0x0, 0x0, 0x0, 0x0, 0x0,
    0xd, 0xff, 0xff, 0xff, 0xff, 0x0, 0x0, 0x0,
    0x0, 0xd, 0xff, 0xff, 0xff, 0xff, 0x0, 0x0,
    0x0, 0x0, 0x1, 0x11, 0x11, 0x11, 0x11, 0x0,
    0x0, 0x0,

    /* U+1E0F "ḏ" */
    0x0, 0x0, 0x0, 0x0, 0x0, 0x7f, 0xf1, 0x0,
    0x0, 0x0, 0x0, 0x0, 0x7f, 0xf1, 0x0, 0x0,
    0x0, 0x0, 0x0, 0x7f, 0xf1, 0x0, 0x0, 0x0,
    0x0, 0x0, 0x7f, 0xf1, 0x0, 0x0, 0x0, 0x0,
    0x0, 0x7f, 0xf1, 0x0, 0x4, 0xbe, 0xfd, 0x91,
    0x7f, 0xf1, 0x0, 0xaf, 0xff, 0xff, 0xfe, 0x9f,
    0xf1, 0x8, 0xff, 0xb3, 0x2, 0x8f, 0xff, 0xf1,
    0x2f, 0xfb, 0x0, 0x0, 0x6, 0xff, 0xf1, 0x8f,
    0xf3, 0x0, 0x0, 0x0, 0xdf, 0xf1, 0xcf, 0xe0,
    0x0, 0x0, 0x0, 0x7f, 0xf1, 0xef, 0xc0, 0x0,
    0x0, 0x0, 0x5f, 0xf1, 0xef, 0xa0, 0x0, 0x0,
    0x0, 0x4f, 0xf1, 0xef, 0xb0, 0x0, 0x0, 0x0,
    0x4f, 0xf1, 0xbf, 0xe0, 0x0, 0x0, 0x0, 0x6f,
    0xf1, 0x7f, 0xf3, 0x0, 0x0, 0x0, 0xbf, 0xf1,
    0x1f, 0xfc, 0x0, 0x0, 0x5, 0xff, 0xf1, 0x6,
    0xff, 0xd5, 0x12, 0x7f, 0xff, 0xf1, 0x0, 0x7f,
    0xff, 0xff, 0xfe, 0x7f, 0xf1, 0x0, 0x3, 0xae,
    0xfe, 0x91, 0x4f, 0xf1, 0x0, 0x0, 0x0, 0x0,
    0x0, 0x0, 0x0, 0x0, 0x0, 0x0, 0x0, 0x0,
    0x0, 0x0, 0x0, 0x1, 0x11, 0x11, 0x11, 0x10,
    0x0, 0x0, 0xbf, 0xff, 0xff, 0xff, 0xf1, 0x0,
    0x0, 0xbf, 0xff, 0xff, 0xff, 0xf1, 0x0,

    /* U+1E10 "Ḑ" */
    0xaf, 0xff, 0xff, 0xff, 0xfe, 0xda, 0x40, 0x0,
    0x0, 0xaf, 0xff, 0xff, 0xff, 0xff, 0xff, 0xfc,
    0x10, 0x0, 0xaf, 0xf7, 0x66, 0x66, 0x67, 0xbf,
    0xff, 0xe1, 0x0, 0xaf, 0xf1, 0x0, 0x0, 0x0,
    0x1, 0xbf, 0xfb, 0x0, 0xaf, 0xf1, 0x0, 0x0,
    0x0, 0x0, 0xc, 0xff, 0x50, 0xaf, 0xf1, 0x0,
    0x0, 0x0, 0x0, 0x3, 0xff, 0xc0, 0xaf, 0xf1,
    0x0, 0x0, 0x0, 0x0, 0x0, 0xcf, 0xf1, 0xaf,
    0xf1, 0x0, 0x0, 0x0, 0x0, 0x0, 0x8f, 0xf4,
    0xaf, 0xf1, 0x0, 0x0, 0x0, 0x0, 0x0, 0x6f,
    0xf6, 0xaf, 0xf1, 0x0, 0x0, 0x0, 0x0, 0x0,
    0x5f, 0xf7, 0xaf, 0xf1, 0x0, 0x0, 0x0, 0x0,
    0x0, 0x5f, 0xf7, 0xaf, 0xf1, 0x0, 0x0, 0x0,
    0x0, 0x0, 0x6f, 0xf6, 0xaf, 0xf1, 0x0, 0x0,
    0x0, 0x0, 0x0, 0x9f, 0xf4, 0xaf, 0xf1, 0x0,
    0x0, 0x0, 0x0, 0x0, 0xdf, 0xf0, 0xaf, 0xf1,
    0x0, 0x0, 0x0, 0x0, 0x3, 0xff, 0xb0, 0xaf,
    0xf1, 0x0, 0x0, 0x0, 0x0, 0xc, 0xff, 0x50,
    0xaf, 0xf1, 0x0, 0x0, 0x0, 0x1, 0xbf, 0xfc,
    0x0, 0xaf, 0xf6, 0x55, 0x55, 0x57, 0xaf, 0xff,
    0xe2, 0x0, 0xaf, 0xff, 0xff, 0xff, 0xff, 0xff,
    0xfc, 0x20, 0x0, 0xaf, 0xff, 0xff, 0xff, 0xfe,
    0xd9, 0x40, 0x0, 0x0, 0x0, 0x0, 0x0, 0x8f,
    0x50, 0x0, 0x0, 0x0, 0x0, 0x0, 0x0, 0x0,
    0xcf, 0xb4, 0x0, 0x0, 0x0, 0x0, 0x0, 0x0,
    0x0, 0x47, 0xff, 0x40, 0x0, 0x0, 0x0, 0x0,
    0x0, 0x0, 0x0, 0xef, 0x80, 0x0, 0x0, 0x0,
    0x0, 0x0, 0x5b, 0xbe, 0xff, 0x30, 0x0, 0x0,
    0x0, 0x0, 0x0, 0x7f, 0xfe, 0xa3, 0x0, 0x0,
    0x0, 0x0,

    /* U+1E11 "ḑ" */
    0x0, 0x0, 0x0, 0x0, 0x0, 0x7f, 0xf1, 0x0,
    0x0, 0x0, 0x0, 0x0, 0x7f, 0xf1, 0x0, 0x0,
    0x0, 0x0, 0x0, 0x7f, 0xf1, 0x0, 0x0, 0x0,
    0x0, 0x0, 0x7f, 0xf1, 0x0, 0x0, 0x0, 0x0,
    0x0, 0x7f, 0xf1, 0x0, 0x4, 0xbe, 0xfd, 0x91,
    0x7f, 0xf1, 0x0, 0x9f, 0xff, 0xff, 0xfe, 0x9f,
    0xf1, 0x8, 0xff, 0xb3, 0x2, 0x8f, 0xff, 0xf1,
    0x1f, 0xfb, 0x0, 0x0, 0x6, 0xff, 0xf1, 0x8f,
    0xf4, 0x0, 0x0, 0x0, 0xdf, 0xf1, 0xbf, 0xe0,
    0x0, 0x0, 0x0, 0x8f, 0xf1, 0xef, 0xc0, 0x0,
    0x0, 0x0, 0x5f, 0xf1, 0xef, 0xa0, 0x0, 0x0,
    0x0, 0x4f, 0xf1, 0xef, 0xb0, 0x0, 0x0, 0x0,
    0x4f, 0xf1, 0xcf, 0xd0, 0x0, 0x0, 0x0, 0x6f,
    0xf1, 0x8f, 0xf2, 0x0, 0x0, 0x0, 0xaf, 0xf1,
    0x2f, 0xfb, 0x0, 0x0, 0x3, 0xff, 0xf1, 0x9,
    0xff, 0xa1, 0x0, 0x4e, 0xff, 0xf1, 0x0, 0xcf,
    0xff, 0xde, 0xff, 0x9f, 0xf1, 0x0, 0x8, 0xff,
    0xff, 0xd4, 0x4f, 0xf1, 0x0, 0x0, 0x8, 0xf7,
    0x0, 0x0, 0x0, 0x0, 0x0, 0xb, 0xfd, 0x70,
    0x0, 0x0, 0x0, 0x0, 0x0, 0x3e, 0xf7, 0x0,
    0x0, 0x0, 0x0, 0x0, 0xd, 0xfa, 0x0, 0x0,
    0x0, 0x4, 0xbb, 0xef, 0xf4, 0x0, 0x0, 0x0,
    0x5, 0xff, 0xeb, 0x30, 0x0, 0x0,

    /* U+1E12 "Ḓ" */
    0xaf, 0xff, 0xff, 0xff, 0xfe, 0xda, 0x40, 0x0,
    0x0, 0xaf, 0xff, 0xff, 0xff, 0xff, 0xff, 0xfc,
    0x20, 0x0, 0xaf, 0xf7, 0x66, 0x66, 0x67, 0xbf,
    0xff, 0xe1, 0x0, 0xaf, 0xf1, 0x0, 0x0, 0x0,
    0x1, 0xbf, 0xfc, 0x0, 0xaf, 0xf1, 0x0, 0x0,
    0x0, 0x0, 0xc, 0xff, 0x50, 0xaf, 0xf1, 0x0,
    0x0, 0x0, 0x0, 0x3, 0xff, 0xc0, 0xaf, 0xf1,
    0x0, 0x0, 0x0, 0x0, 0x0, 0xcf, 0xf1, 0xaf,
    0xf1, 0x0, 0x0, 0x0, 0x0, 0x0, 0x8f, 0xf4,
    0xaf, 0xf1, 0x0, 0x0, 0x0, 0x0, 0x0, 0x6f,
    0xf6, 0xaf, 0xf1, 0x0, 0x0, 0x0, 0x0, 0x0,
    0x5f, 0xf7, 0xaf, 0xf1, 0x0, 0x0, 0x0, 0x0,
    0x0, 0x5f, 0xf7, 0xaf, 0xf1, 0x0, 0x0, 0x0,
    0x0, 0x0, 0x6f, 0xf6, 0xaf, 0xf1, 0x0, 0x0,
    0x0, 0x0, 0x0, 0x9f, 0xf3, 0xaf, 0xf1, 0x0,
    0x0, 0x0, 0x0, 0x0, 0xdf, 0xf0, 0xaf, 0xf1,
    0x0, 0x0, 0x0, 0x0, 0x4, 0xff, 0xb0, 0xaf,
    0xf1, 0x0, 0x0, 0x0, 0x0, 0xd, 0xff, 0x40,
    0xaf, 0xf1, 0x0, 0x0, 0x0, 0x2, 0xcf, 0xfb,
    0x0, 0xaf, 0xf7, 0x66, 0x66, 0x68, 0xbf, 0xff,
    0xd1, 0x0, 0xaf, 0xff, 0xff, 0xff, 0xff, 0xff,
    0xfa, 0x10, 0x0, 0xaf, 0xff, 0xff, 0xff, 0xfe,
    0xc8, 0x30, 0x0, 0x0, 0x0, 0x0, 0x0, 0x0,
    0x0, 0x0, 0x0, 0x0, 0x0, 0x0, 0x0, 0x0,
    0x0, 0x0, 0x0, 0x0, 0x0, 0x0, 0x0, 0x0,
    0x4, 0xee, 0xd2, 0x0, 0x0, 0x0, 0x0, 0x0,
    0x0, 0x1e, 0xfe, 0xfd, 0x10, 0x0, 0x0, 0x0,
    0x0, 0x0, 0xcf, 0xd1, 0xdf, 0xb0, 0x0, 0x0,
    0x0, 0x0, 0x9, 0xff, 0x30, 0x4f, 0xf8, 0x0,
    0x0, 0x0,

    /* U+1E13 "ḓ" */
    0x0, 0x0, 0x0, 0x0, 0x0, 0x7f, 0xf1, 0x0,
    0x0, 0x0, 0x0, 0x0, 0x7f, 0xf1, 0x0, 0x0,
    0x0, 0x0, 0x0, 0x7f, 0xf1, 0x0, 0x0, 0x0,
    0x0, 0x0, 0x7f, 0xf1, 0x0, 0x0, 0x0, 0x0,
    0x0, 0x7f, 0xf1, 0x0, 0x4, 0xbe, 0xfd, 0x91,
    0x7f, 0xf1, 0x0, 0xaf, 0xff, 0xff, 0xfe, 0x9f,
    0xf1, 0x8, 0xff, 0xb3, 0x2, 0x8f, 0xff, 0xf1,
    0x2f, 0xfb, 0x0, 0x0, 0x6, 0xff, 0xf1, 0x8f,
    0xf3, 0x0, 0x0, 0x0, 0xdf, 0xf1, 0xcf, 0xe0,
    0x0, 0x0, 0x0, 0x7f, 0xf1, 0xef, 0xc0, 0x0,
    0x0, 0x0, 0x5f, 0xf1, 0xef, 0xa0, 0x0, 0x0,
    0x0, 0x4f, 0xf1, 0xef, 0xb0, 0x0, 0x0, 0x0,
    0x4f, 0xf1, 0xbf, 0xe0, 0x0, 0x0, 0x0, 0x6f,
    0xf1, 0x7f, 0xf3, 0x0, 0x0, 0x0, 0xbf, 0xf1,
    0x1f, 0xfc, 0x0, 0x0, 0x5, 0xff, 0xf1, 0x6,
    0xff, 0xd5, 0x12, 0x7f, 0xff, 0xf1, 0x0, 0x7f,
    0xff, 0xff, 0xfe, 0x7f, 0xf1, 0x0, 0x3, 0xae,
    0xfe, 0x91, 0x4f, 0xf1, 0x0, 0x0, 0x0, 0x0,
    0x0, 0x0, 0x0, 0x0, 0x0, 0x0, 0x22, 0x0,
    0x0, 0x0, 0x0, 0x0, 0xc, 0xff, 0xc0, 0x0,
    0x0, 0x0, 0x0, 0x9f, 0xfe, 0xf9, 0x0, 0x0,
    0x0, 0x4, 0xff, 0x64, 0xff, 0x50, 0x0, 0x0,
    0x1e, 0xfc, 0x0, 0xaf, 0xf2, 0x0,

    /* U+1E14 "Ḕ" */
    0x0, 0x0, 0x3e, 0xec, 0x0, 0x0, 0x0, 0x0,
    0x0, 0x0, 0x8, 0xff, 0x60, 0x0, 0x0, 0x0,
    0x0, 0x0, 0x0, 0xbf, 0xd0, 0x0, 0x0, 0x0,
    0x0, 0x0, 0x0, 0xd, 0xf5, 0x0, 0x0, 0x0,
    0x0, 0x0, 0x0, 0x0, 0x0, 0x0, 0x0, 0x0,
    0x0, 0x0, 0x0, 0x0, 0x0, 0x0, 0x0, 0x0,
    0x0, 0xb, 0xff, 0xff, 0xff, 0xff, 0x20, 0x0,
    0x0, 0xb, 0xff, 0xff, 0xff, 0xff, 0x20, 0x0,
    0x0, 0x0, 0x0, 0x0, 0x0, 0x0, 0x0, 0x0,
    0x0, 0x0, 0x0, 0x0, 0x0, 0x0, 0x0, 0x0,
    0xbf, 0xff, 0xff, 0xff, 0xff, 0xff, 0xff, 0xf5,
    0xbf, 0xff, 0xff, 0xff, 0xff, 0xff, 0xff, 0xf5,
    0xbf, 0xf6, 0x66, 0x66, 0x66, 0x66, 0x66, 0x62,
    0xbf, 0xf0, 0x0, 0x0, 0x0, 0x0, 0x0, 0x0,
    0xbf, 0xf0, 0x0, 0x0, 0x0, 0x0, 0x0, 0x0,
    0xbf, 0xf0, 0x0, 0x0, 0x0, 0x0, 0x0, 0x0,
    0xbf, 0xf0, 0x0, 0x0, 0x0, 0x0, 0x0, 0x0,
    0xbf, 0xf0, 0x0, 0x0, 0x0, 0x0, 0x0, 0x0,
    0xbf, 0xf6, 0x66, 0x66, 0x66, 0x66, 0x66, 0x30,
    0xbf, 0xff, 0xff, 0xff, 0xff, 0xff, 0xff, 0x80,
    0xbf, 0xff, 0xff, 0xff, 0xff, 0xff, 0xff, 0x80,
    0xbf, 0xf0, 0x0, 0x0, 0x0, 0x0, 0x0, 0x0,
    0xbf, 0xf0, 0x0, 0x0, 0x0, 0x0, 0x0, 0x0,
    0xbf, 0xf0, 0x0, 0x0, 0x0, 0x0, 0x0, 0x0,
    0xbf, 0xf0, 0x0, 0x0, 0x0, 0x0, 0x0, 0x0,
    0xbf, 0xf0, 0x0, 0x0, 0x0, 0x0, 0x0, 0x0,
    0xbf, 0xf0, 0x0, 0x0, 0x0, 0x0, 0x0, 0x0,
    0xbf, 0xf6, 0x66, 0x66, 0x66, 0x66, 0x66, 0x65,
    0xbf, 0xff, 0xff, 0xff, 0xff, 0xff, 0xff, 0xfc,
    0xbf, 0xff, 0xff, 0xff, 0xff, 0xff, 0xff, 0xfc,

    /* U+1E15 "ḕ" */
    0x0, 0x2, 0xff, 0xf1, 0x0, 0x0, 0x0, 0x0,
    0x0, 0x5f, 0xf8, 0x0, 0x0, 0x0, 0x0, 0x0,
    0x8, 0xff, 0x0, 0x0, 0x0, 0x0, 0x0, 0x0,
    0xae, 0x60, 0x0, 0x0, 0x0, 0x1, 0x11, 0x11,
    0x11, 0x10, 0x0, 0x0, 0x2f, 0xff, 0xff, 0xff,
    0xfb, 0x0, 0x0, 0x2f, 0xff, 0xff, 0xff, 0xfb,
    0x0, 0x0, 0x0, 0x0, 0x0, 0x0, 0x0, 0x0,
    0x0, 0x0, 0x0, 0x0, 0x0, 0x0, 0x0, 0x0,
    0x0, 0x0, 0x0, 0x0, 0x0, 0x0, 0x0, 0x1,
    0x8d, 0xff, 0xd9, 0x30, 0x0, 0x0, 0x5f, 0xff,
    0xff, 0xff, 0xf8, 0x0, 0x4, 0xff, 0xd5, 0x11,
    0x4b, 0xff, 0x80, 0xe, 0xfe, 0x10, 0x0, 0x0,
    0x8f, 0xf3, 0x5f, 0xf4, 0x0, 0x0, 0x0, 0xe,
    0xf9, 0xaf, 0xf1, 0x0, 0x0, 0x0, 0xb, 0xfc,
    0xcf, 0xff, 0xff, 0xff, 0xff, 0xff, 0xfe, 0xdf,
    0xff, 0xff, 0xff, 0xff, 0xff, 0xff, 0xcf, 0xc0,
    0x0, 0x0, 0x0, 0x0, 0x0, 0xaf, 0xf0, 0x0,
    0x0, 0x0, 0x0, 0x0, 0x6f, 0xf5, 0x0, 0x0,
    0x0, 0xe, 0xe9, 0xf, 0xfe, 0x10, 0x0, 0x0,
    0x9f, 0xf6, 0x6, 0xff, 0xe6, 0x21, 0x3a, 0xff,
    0xc0, 0x0, 0x6f, 0xff, 0xff, 0xff, 0xfc, 0x10,
    0x0, 0x2, 0x8d, 0xff, 0xeb, 0x50, 0x0,

    /* U+1E16 "Ḗ" */
    0x0, 0x0, 0x0, 0x3, 0xee, 0xc0, 0x0, 0x0,
    0x0, 0x0, 0x0, 0xb, 0xff, 0x30, 0x0, 0x0,
    0x0, 0x0, 0x0, 0x3f, 0xf6, 0x0, 0x0, 0x0,
    0x0, 0x0, 0x0, 0xaf, 0x90, 0x0, 0x0, 0x0,
    0x0, 0x0, 0x0, 0x0, 0x0, 0x0, 0x0, 0x0,
    0x0, 0x0, 0x0, 0x0, 0x0, 0x0, 0x0, 0x0,
    0x0, 0xa, 0xff, 0xff, 0xff, 0xff, 0x20, 0x0,
    0x0, 0xa, 0xff, 0xff, 0xff, 0xff, 0x20, 0x0,
    0x0, 0x0, 0x0, 0x0, 0x0, 0x0, 0x0, 0x0,
    0x0, 0x0, 0x0, 0x0, 0x0, 0x0, 0x0, 0x0,
    0xbf, 0xff, 0xff, 0xff, 0xff, 0xff, 0xff, 0xf5,
    0xbf, 0xff, 0xff, 0xff, 0xff, 0xff, 0xff, 0xf5,
    0xbf, 0xf6, 0x66, 0x66, 0x66, 0x66, 0x66, 0x62,
    0xbf, 0xf0, 0x0, 0x0, 0x0, 0x0, 0x0, 0x0,
    0xbf, 0xf0, 0x0, 0x0, 0x0, 0x0, 0x0, 0x0,
    0xbf, 0xf0, 0x0, 0x0, 0x0, 0x0, 0x0, 0x0,
    0xbf, 0xf0, 0x0, 0x0, 0x0, 0x0, 0x0, 0x0,
    0xbf, 0xf0, 0x0, 0x0, 0x0, 0x0, 0x0, 0x0,
    0xbf, 0xf6, 0x66, 0x66, 0x66, 0x66, 0x66, 0x30,
    0xbf, 0xff, 0xff, 0xff, 0xff, 0xff, 0xff, 0x80,
    0xbf, 0xff, 0xff, 0xff, 0xff, 0xff, 0xff, 0x80,
    0xbf, 0xf0, 0x0, 0x0, 0x0, 0x0, 0x0, 0x0,
    0xbf, 0xf0, 0x0, 0x0, 0x0, 0x0, 0x0, 0x0,
    0xbf, 0xf0, 0x0, 0x0, 0x0, 0x0, 0x0, 0x0,
    0xbf, 0xf0, 0x0, 0x0, 0x0, 0x0, 0x0, 0x0,
    0xbf, 0xf0, 0x0, 0x0, 0x0, 0x0, 0x0, 0x0,
    0xbf, 0xf0, 0x0, 0x0, 0x0, 0x0, 0x0, 0x0,
    0xbf, 0xf6, 0x66, 0x66, 0x66, 0x66, 0x66, 0x65,
    0xbf, 0xff, 0xff, 0xff, 0xff, 0xff, 0xff, 0xfc,
    0xbf, 0xff, 0xff, 0xff, 0xff, 0xff, 0xff, 0xfc,

    /* U+1E17 "ḗ" */
    0x0, 0x0, 0x0, 0xd, 0xff, 0x50, 0x0, 0x0,
    0x0, 0x0, 0x5f, 0xf8, 0x0, 0x0, 0x0, 0x0,
    0x0, 0xdf, 0xb0, 0x0, 0x0, 0x0, 0x0, 0x4,
    0xec, 0x0, 0x0, 0x0, 0x0, 0x1, 0x11, 0x11,
    0x11, 0x10, 0x0, 0x0, 0x2f, 0xff, 0xff, 0xff,
    0xfb, 0x0, 0x0, 0x2f, 0xff, 0xff, 0xff, 0xfb,
    0x0, 0x0, 0x0, 0x0, 0x0, 0x0, 0x0, 0x0,
    0x0, 0x0, 0x0, 0x0, 0x0, 0x0, 0x0, 0x0,
    0x0, 0x0, 0x0, 0x0, 0x0, 0x0, 0x0, 0x1,
    0x8d, 0xff, 0xd9, 0x30, 0x0, 0x0, 0x5f, 0xff,
    0xff, 0xff, 0xf8, 0x0, 0x4, 0xff, 0xd5, 0x11,
    0x4b, 0xff, 0x80, 0xe, 0xfe, 0x10, 0x0, 0x0,
    0x8f, 0xf3, 0x5f, 0xf4, 0x0, 0x0, 0x0, 0xe,
    0xf9, 0xaf, 0xf1, 0x0, 0x0, 0x0, 0xb, 0xfc,
    0xcf, 0xff, 0xff, 0xff, 0xff, 0xff, 0xfe, 0xdf,
    0xff, 0xff, 0xff, 0xff, 0xff, 0xff, 0xcf, 0xc0,
    0x0, 0x0, 0x0, 0x0, 0x0, 0xaf, 0xf0, 0x0,
    0x0, 0x0, 0x0, 0x0, 0x6f, 0xf5, 0x0, 0x0,
    0x0, 0xe, 0xe9, 0xf, 0xfe, 0x10, 0x0, 0x0,
    0x9f, 0xf6, 0x6, 0xff, 0xe6, 0x21, 0x3a, 0xff,
    0xc0, 0x0, 0x6f, 0xff, 0xff, 0xff, 0xfc, 0x10,
    0x0, 0x2, 0x8d, 0xff, 0xeb, 0x50, 0x0,

    /* U+1E18 "Ḙ" */
    0xbf, 0xff, 0xff, 0xff, 0xff, 0xff, 0xff, 0xf5,
    0xbf, 0xff, 0xff, 0xff, 0xff, 0xff, 0xff, 0xf5,
    0xbf, 0xf6, 0x66, 0x66, 0x66, 0x66, 0x66, 0x62,
    0xbf, 0xf0, 0x0, 0x0, 0x0, 0x0, 0x0, 0x0,
    0xbf, 0xf0, 0x0, 0x0, 0x0, 0x0, 0x0, 0x0,
    0xbf, 0xf0, 0x0, 0x0, 0x0, 0x0, 0x0, 0x0,
    0xbf, 0xf0, 0x0, 0x0, 0x0, 0x0, 0x0, 0x0,
    0xbf, 0xf0, 0x0, 0x0, 0x0, 0x0, 0x0, 0x0,
    0xbf, 0xf6, 0x66, 0x66, 0x66, 0x66, 0x66, 0x30,
    0xbf, 0xff, 0xff, 0xff, 0xff, 0xff, 0xff, 0x80,
    0xbf, 0xff, 0xff, 0xff, 0xff, 0xff, 0xff, 0x80,
    0xbf, 0xf0, 0x0, 0x0, 0x0, 0x0, 0x0, 0x0,
    0xbf, 0xf0, 0x0, 0x0, 0x0, 0x0, 0x0, 0x0,
    0xbf, 0xf0, 0x0, 0x0, 0x0, 0x0, 0x0, 0x0,
    0xbf, 0xf0, 0x0, 0x0, 0x0, 0x0, 0x0, 0x0,
    0xbf, 0xf0, 0x0, 0x0, 0x0, 0x0, 0x0, 0x0,
    0xbf, 0xf0, 0x0, 0x0, 0x0, 0x0, 0x0, 0x0,
    0xbf, 0xf6, 0x66, 0x66, 0x66, 0x66, 0x66, 0x65,
    0xbf, 0xff, 0xff, 0xff, 0xff, 0xff, 0xff, 0xfc,
    0xbf, 0xff, 0xff, 0xff, 0xff, 0xff, 0xff, 0xfc,
    0x0, 0x0, 0x0, 0x0, 0x0, 0x0, 0x0, 0x0,
    0x0, 0x0, 0x0, 0x0, 0x0, 0x0, 0x0, 0x0,
    0x0, 0x0, 0x0, 0xce, 0xe7, 0x0, 0x0, 0x0,
    0x0, 0x0, 0xa, 0xfe, 0xff, 0x40, 0x0, 0x0,
    0x0, 0x0, 0x6f, 0xf4, 0x8f, 0xf2, 0x0, 0x0,
    0x0, 0x3, 0xff, 0x90, 0xd, 0xfd, 0x10, 0x0,

    /* U+1E19 "ḙ" */
    0x0, 0x1, 0x8d, 0xff, 0xd9, 0x30, 0x0, 0x0,
    0x5f, 0xff, 0xff, 0xff, 0xf8, 0x0, 0x4, 0xff,
    0xd5, 0x11, 0x4b, 0xff, 0x80, 0xe, 0xfe, 0x10,
    0x0, 0x0, 0x8f, 0xf2, 0x5f, 0xf5, 0x0, 0x0,
    0x0, 0xe, 0xf9, 0xaf, 0xf0, 0x0, 0x0, 0x0,
    0xb, 0xfc, 0xcf, 0xff, 0xff, 0xff, 0xff, 0xff,
    0xfe, 0xdf, 0xff, 0xff, 0xff, 0xff, 0xff, 0xff,
    0xcf, 0xc0, 0x0, 0x0, 0x0, 0x0, 0x0, 0xaf,
    0xf0, 0x0, 0x0, 0x0, 0x0, 0x0, 0x6f, 0xf5,
    0x0, 0x0, 0x0, 0xe, 0xd9, 0xf, 0xfe, 0x10,
    0x0, 0x0, 0x9f, 0xf7, 0x6, 0xff, 0xe6, 0x21,
    0x3a, 0xff, 0xd0, 0x0, 0x6f, 0xff, 0xff, 0xff,
    0xfc, 0x10, 0x0, 0x2, 0x8d, 0xff, 0xeb, 0x60,
    0x0, 0x0, 0x0, 0x0, 0x0, 0x0, 0x0, 0x0,
    0x0, 0x0, 0x0, 0x22, 0x10, 0x0, 0x0, 0x0,
    0x0, 0x6, 0xff, 0xf4, 0x0, 0x0, 0x0, 0x0,
    0x3f, 0xfd, 0xfe, 0x10, 0x0, 0x0, 0x0, 0xdf,
    0xd0, 0xdf, 0xc0, 0x0, 0x0, 0xa, 0xff, 0x30,
    0x4f, 0xf8, 0x0,

    /* U+1E1A "Ḛ" */
    0xbf, 0xff, 0xff, 0xff, 0xff, 0xff, 0xff, 0xf5,
    0xbf, 0xff, 0xff, 0xff, 0xff, 0xff, 0xff, 0xf5,
    0xbf, 0xf6, 0x66, 0x66, 0x66, 0x66, 0x66, 0x62,
    0xbf, 0xf0, 0x0, 0x0, 0x0, 0x0, 0x0, 0x0,
    0xbf, 0xf0, 0x0, 0x0, 0x0, 0x0, 0x0, 0x0,
    0xbf, 0xf0, 0x0, 0x0, 0x0, 0x0, 0x0, 0x0,
    0xbf, 0xf0, 0x0, 0x0, 0x0, 0x0, 0x0, 0x0,
    0xbf, 0xf0, 0x0, 0x0, 0x0, 0x0, 0x0, 0x0,
    0xbf, 0xf0, 0x0, 0x0, 0x0, 0x0, 0x0, 0x0,
    0xbf, 0xff, 0xff, 0xff, 0xff, 0xff, 0xff, 0x80,
    0xbf, 0xff, 0xff, 0xff, 0xff, 0xff, 0xff, 0x80,
    0xbf, 0xf6, 0x66, 0x66, 0x66, 0x66, 0x66, 0x30,
    0xbf, 0xf0, 0x0, 0x0, 0x0, 0x0, 0x0, 0x0,
    0xbf, 0xf0, 0x0, 0x0, 0x0, 0x0, 0x0, 0x0,
    0xbf, 0xf0, 0x0, 0x0, 0x0, 0x0, 0x0, 0x0,
    0xbf, 0xf0, 0x0, 0x0, 0x0, 0x0, 0x0, 0x0,
    0xbf, 0xf0, 0x0, 0x0, 0x0, 0x0, 0x0, 0x0,
    0xbf, 0xf6, 0x66, 0x66, 0x66, 0x66, 0x66, 0x65,
    0xbf, 0xff, 0xff, 0xff, 0xff, 0xff, 0xff, 0xfc,
    0xbf, 0xff, 0xff, 0xff, 0xff, 0xff, 0xff, 0xfc,
    0x0, 0x0, 0x0, 0x0, 0x0, 0x0, 0x0, 0x0,
    0x0, 0x0, 0x0, 0x0, 0x0, 0x0, 0x0, 0x0,
    0x0, 0x0, 0x0, 0x0, 0x0, 0x0, 0x0, 0x0,
    0x0, 0x0, 0x7e, 0xfb, 0x61, 0x4f, 0xb0, 0x0,
    0x0, 0x5, 0xff, 0xef, 0xff, 0xff, 0x60, 0x0,
    0x0, 0x9, 0xf4, 0x3, 0x9e, 0xe8, 0x0, 0x0,

    /* U+1E1B "ḛ" */
    0x0, 0x1, 0x8d, 0xff, 0xd8, 0x20, 0x0, 0x0,
    0x5f, 0xff, 0xff, 0xff, 0xf6, 0x0, 0x4, 0xff,
    0xf7, 0x11, 0x4d, 0xff, 0x50, 0xe, 0xff, 0x30,
    0x0, 0x0, 0xcf, 0xe0, 0x5f, 0xf9, 0x0, 0x0,
    0x0, 0x2f, 0xf6, 0xaf, 0xf3, 0x0, 0x0, 0x0,
    0xd, 0xfa, 0xcf, 0xf0, 0x0, 0x0, 0x0, 0xa,
    0xfd, 0xdf, 0xff, 0xff, 0xff, 0xff, 0xff, 0xff,
    0xcf, 0xff, 0xff, 0xff, 0xff, 0xff, 0xff, 0xaf,
    0xd0, 0x0, 0x0, 0x0, 0x0, 0x0, 0x6f, 0xf1,
    0x0, 0x0, 0x0, 0x5, 0x42, 0xf, 0xfb, 0x0,
    0x0, 0x0, 0x4f, 0xfa, 0x6, 0xff, 0xd5, 0x21,
    0x38, 0xff, 0xf2, 0x0, 0x6f, 0xff, 0xff, 0xff,
    0xfe, 0x30, 0x0, 0x2, 0x8d, 0xff, 0xec, 0x70,
    0x0, 0x0, 0x0, 0x0, 0x0, 0x0, 0x0, 0x0,
    0x0, 0x0, 0x0, 0x0, 0x0, 0x0, 0x0, 0x0,
    0x0, 0x0, 0x0, 0x0, 0x0, 0x0, 0x0, 0x3,
    0xcf, 0xd7, 0x21, 0xef, 0x0, 0x0, 0x1f, 0xfd,
    0xff, 0xff, 0xfb, 0x0, 0x0, 0x5f, 0x90, 0x17,
    0xdf, 0xb1, 0x0,

    /* U+1E1C "Ḝ" */
    0x0, 0x0, 0x76, 0x0, 0x0, 0x38, 0x20, 0x0,
    0x0, 0x0, 0xcf, 0x40, 0x1, 0xdf, 0x20, 0x0,
    0x0, 0x0, 0x4f, 0xfc, 0xcf, 0xf9, 0x0, 0x0,
    0x0, 0x0, 0x3, 0xae, 0xfc, 0x60, 0x0, 0x0,
    0x0, 0x0, 0x0, 0x0, 0x0, 0x0, 0x0, 0x0,
    0x0, 0x0, 0x0, 0x0, 0x0, 0x0, 0x0, 0x0,
    0xbf, 0xff, 0xff, 0xff, 0xff, 0xff, 0xff, 0xf5,
    0xbf, 0xff, 0xff, 0xff, 0xff, 0xff, 0xff, 0xf5,
    0xbf, 0xf6, 0x66, 0x66, 0x66, 0x66, 0x66, 0x62,
    0xbf, 0xf0, 0x0, 0x0, 0x0, 0x0, 0x0, 0x0,
    0xbf, 0xf0, 0x0, 0x0, 0x0, 0x0, 0x0, 0x0,
    0xbf, 0xf0, 0x0, 0x0, 0x0, 0x0, 0x0, 0x0,
    0xbf, 0xf0, 0x0, 0x0, 0x0, 0x0, 0x0, 0x0,
    0xbf, 0xf0, 0x0, 0x0, 0x0, 0x0, 0x0, 0x0,
    0xbf, 0xf6, 0x66, 0x66, 0x66, 0x66, 0x66, 0x30,
    0xbf, 0xff, 0xff, 0xff, 0xff, 0xff, 0xff, 0x80,
    0xbf, 0xff, 0xff, 0xff, 0xff, 0xff, 0xff, 0x80,
    0xbf, 0xf0, 0x0, 0x0, 0x0, 0x0, 0x0, 0x0,
    0xbf, 0xf0, 0x0, 0x0, 0x0, 0x0, 0x0, 0x0,
    0xbf, 0xf0, 0x0, 0x0, 0x0, 0x0, 0x0, 0x0,
    0xbf, 0xf0, 0x0, 0x0, 0x0, 0x0, 0x0, 0x0,
    0xbf, 0xf0, 0x0, 0x0, 0x0, 0x0, 0x0, 0x0,
    0xbf, 0xf0, 0x0, 0x0, 0x0, 0x0, 0x0, 0x0,
    0xbf, 0xf6, 0x66, 0x66, 0x66, 0x66, 0x66, 0x65,
    0xbf, 0xff, 0xff, 0xff, 0xff, 0xff, 0xff, 0xfc,
    0xbf, 0xff, 0xff, 0xff, 0xff, 0xff, 0xff, 0xfc,
    0x0, 0x0, 0x0, 0xe, 0xe0, 0x0, 0x0, 0x0,
    0x0, 0x0, 0x0, 0x3f, 0xf9, 0x10, 0x0, 0x0,
    0x0, 0x0, 0x0, 0x14, 0xbf, 0xd0, 0x0, 0x0,
    0x0, 0x0, 0x0, 0x0, 0x5f, 0xf1, 0x0, 0x0,
    0x0, 0x0, 0xa, 0xbc, 0xff, 0xb0, 0x0, 0x0,
    0x0, 0x0, 0xd, 0xff, 0xd7, 0x0, 0x0, 0x0,

    /* U+1E1D "ḝ" */
    0x0, 0xb, 0xf3, 0x0, 0x9, 0xf5, 0x0, 0x0,
    0x4, 0xff, 0xcb, 0xef, 0xc0, 0x0, 0x0, 0x0,
    0x3b, 0xef, 0xd8, 0x10, 0x0, 0x0, 0x0, 0x0,
    0x0, 0x0, 0x0, 0x0, 0x0, 0x0, 0x0, 0x0,
    0x0, 0x0, 0x0, 0x0, 0x1, 0x8d, 0xff, 0xd9,
    0x30, 0x0, 0x0, 0x5f, 0xff, 0xff, 0xff, 0xf8,
    0x0, 0x4, 0xff, 0xd5, 0x11, 0x4b, 0xff, 0x80,
    0xe, 0xfe, 0x10, 0x0, 0x0, 0x8f, 0xf2, 0x5f,
    0xf5, 0x0, 0x0, 0x0, 0xe, 0xf9, 0x9f, 0xf0,
    0x0, 0x0, 0x0, 0xb, 0xfc, 0xcf, 0xff, 0xff,
    0xff, 0xff, 0xff, 0xfe, 0xdf, 0xff, 0xff, 0xff,
    0xff, 0xff, 0xff, 0xdf, 0xc0, 0x0, 0x0, 0x0,
    0x0, 0x0, 0xbf, 0xf0, 0x0, 0x0, 0x0, 0x0,
    0x0, 0x7f, 0xf4, 0x0, 0x0, 0x0, 0xc, 0xc8,
    0x1f, 0xfd, 0x0, 0x0, 0x0, 0x7f, 0xf7, 0x8,
    0xff, 0xc3, 0x0, 0x7, 0xff, 0xe0, 0x0, 0x9f,
    0xff, 0xed, 0xff, 0xfe, 0x30, 0x0, 0x4, 0xbf,
    0xff, 0xfe, 0x91, 0x0, 0x0, 0x0, 0x1, 0xfd,
    0x10, 0x0, 0x0, 0x0, 0x0, 0x5, 0xff, 0xb3,
    0x0, 0x0, 0x0, 0x0, 0x0, 0x19, 0xfe, 0x0,
    0x0, 0x0, 0x0, 0x0, 0x6, 0xff, 0x10, 0x0,
    0x0, 0x0, 0xab, 0xdf, 0xfa, 0x0, 0x0, 0x0,
    0x0, 0xef, 0xfd, 0x70, 0x0, 0x0,

    /* U+1E1E "Ḟ" */
    0x0, 0x0, 0x1, 0xff, 0x80, 0x0, 0x0, 0x0,
    0x0, 0x0, 0x1f, 0xf8, 0x0, 0x0, 0x0, 0x0,
    0x0, 0x0, 0xdd, 0x70, 0x0, 0x0, 0x0, 0x0,
    0x0, 0x0, 0x0, 0x0, 0x0, 0x0, 0x0, 0x0,
    0x0, 0x0, 0x0, 0x0, 0x0, 0xa, 0xff, 0xff,
    0xff, 0xff, 0xff, 0xff, 0xf5, 0xaf, 0xff, 0xff,
    0xff, 0xff, 0xff, 0xff, 0x5a, 0xff, 0x76, 0x66,
    0x66, 0x66, 0x66, 0x62, 0xaf, 0xf1, 0x0, 0x0,
    0x0, 0x0, 0x0, 0xa, 0xff, 0x10, 0x0, 0x0,
    0x0, 0x0, 0x0, 0xaf, 0xf1, 0x0, 0x0, 0x0,
    0x0, 0x0, 0xa, 0xff, 0x10, 0x0, 0x0, 0x0,
    0x0, 0x0, 0xaf, 0xf1, 0x0, 0x0, 0x0, 0x0,
    0x0, 0xa, 0xff, 0x76, 0x66, 0x66, 0x66, 0x65,
    0x0, 0xaf, 0xff, 0xff, 0xff, 0xff, 0xff, 0xd0,
    0xa, 0xff, 0xff, 0xff, 0xff, 0xff, 0xfd, 0x0,
    0xaf, 0xf1, 0x0, 0x0, 0x0, 0x0, 0x0, 0xa,
    0xff, 0x10, 0x0, 0x0, 0x0, 0x0, 0x0, 0xaf,
    0xf1, 0x0, 0x0, 0x0, 0x0, 0x0, 0xa, 0xff,
    0x10, 0x0, 0x0, 0x0, 0x0, 0x0, 0xaf, 0xf1,
    0x0, 0x0, 0x0, 0x0, 0x0, 0xa, 0xff, 0x10,
    0x0, 0x0, 0x0, 0x0, 0x0, 0xaf, 0xf1, 0x0,
    0x0, 0x0, 0x0, 0x0, 0xa, 0xff, 0x10, 0x0,
    0x0, 0x0, 0x0, 0x0, 0xaf, 0xf1, 0x0, 0x0,
    0x0, 0x0, 0x0, 0x0,

    /* U+1E1F "ḟ" */
    0x0, 0x0, 0xdf, 0xc0, 0x0, 0x0, 0x0, 0xdf,
    0xc0, 0x0, 0x0, 0x0, 0xad, 0xa0, 0x0, 0x0,
    0x0, 0x0, 0x0, 0x0, 0x0, 0x0, 0x0, 0x0,
    0x0, 0x0, 0x2, 0xae, 0xfe, 0xc0, 0x0, 0x1e,
    0xff, 0xff, 0xc0, 0x0, 0x5f, 0xfb, 0x55, 0x40,
    0x0, 0x7f, 0xf1, 0x0, 0x0, 0x0, 0x8f, 0xf0,
    0x0, 0x0, 0xcf, 0xff, 0xff, 0xff, 0x0, 0xbe,
    0xff, 0xfe, 0xed, 0x0, 0x0, 0x8f, 0xf0, 0x0,
    0x0, 0x0, 0x8f, 0xf0, 0x0, 0x0, 0x0, 0x8f,
    0xf0, 0x0, 0x0, 0x0, 0x8f, 0xf0, 0x0, 0x0,
    0x0, 0x8f, 0xf0, 0x0, 0x0, 0x0, 0x8f, 0xf0,
    0x0, 0x0, 0x0, 0x8f, 0xf0, 0x0, 0x0, 0x0,
    0x8f, 0xf0, 0x0, 0x0, 0x0, 0x8f, 0xf0, 0x0,
    0x0, 0x0, 0x8f, 0xf0, 0x0, 0x0, 0x0, 0x8f,
    0xf0, 0x0, 0x0, 0x0, 0x8f, 0xf0, 0x0, 0x0,
    0x0, 0x8f, 0xf0, 0x0, 0x0,

    /* U+1E20 "Ḡ" */
    0x0, 0x0, 0x2, 0x88, 0x88, 0x88, 0x86, 0x0,
    0x0, 0x0, 0x0, 0x0, 0x4f, 0xff, 0xff, 0xff,
    0xc0, 0x0, 0x0, 0x0, 0x0, 0x4, 0xff, 0xff,
    0xff, 0xfc, 0x0, 0x0, 0x0, 0x0, 0x0, 0x0,
    0x0, 0x0, 0x0, 0x0, 0x0, 0x0, 0x0, 0x0,
    0x0, 0x0, 0x0, 0x0, 0x0, 0x0, 0x0, 0x0,
    0x0, 0x0, 0x0, 0x0, 0x0, 0x0, 0x0, 0x0,
    0x0, 0x0, 0x0, 0x1, 0x7c, 0xef, 0xed, 0x94,
    0x0, 0x0, 0x0, 0x0, 0x8, 0xff, 0xff, 0xff,
    0xff, 0xfc, 0x20, 0x0, 0x0, 0xb, 0xff, 0xff,
    0xfe, 0xff, 0xff, 0xfe, 0x20, 0x0, 0x9, 0xff,
    0xfb, 0x40, 0x0, 0x17, 0xff, 0xfd, 0x0, 0x4,
    0xff, 0xfa, 0x0, 0x0, 0x0, 0x3, 0xff, 0xf6,
    0x0, 0xcf, 0xfc, 0x0, 0x0, 0x0, 0x0, 0x8,
    0xff, 0xd0, 0x2f, 0xff, 0x40, 0x0, 0x0, 0x0,
    0x0, 0x2b, 0xbb, 0x16, 0xff, 0xf0, 0x0, 0x0,
    0x0, 0x0, 0x0, 0x0, 0x0, 0x9f, 0xfb, 0x0,
    0x0, 0x0, 0x0, 0x0, 0x0, 0x0, 0xa, 0xff,
    0x90, 0x0, 0x0, 0x0, 0x0, 0x0, 0x0, 0x0,
    0xbf, 0xf8, 0x0, 0x0, 0x3, 0xff, 0xff, 0xff,
    0xff, 0x4a, 0xff, 0x90, 0x0, 0x0, 0x3f, 0xff,
    0xff, 0xff, 0xf4, 0x9f, 0xfb, 0x0, 0x0, 0x2,
    0xaa, 0xaa, 0xae, 0xff, 0x46, 0xff, 0xe0, 0x0,
    0x0, 0x0, 0x0, 0x0, 0xdf, 0xf4, 0x2f, 0xff,
    0x30, 0x0, 0x0, 0x0, 0x0, 0x1f, 0xff, 0x40,
    0xcf, 0xfc, 0x0, 0x0, 0x0, 0x0, 0x8, 0xff,
    0xf4, 0x5, 0xff, 0xf9, 0x0, 0x0, 0x0, 0x5,
    0xff, 0xff, 0x40, 0xb, 0xff, 0xfc, 0x40, 0x0,
    0x29, 0xff, 0xdf, 0xf4, 0x0, 0xc, 0xff, 0xff,
    0xff, 0xff, 0xff, 0xf2, 0xff, 0x40, 0x0, 0x9,
    0xff, 0xff, 0xff, 0xff, 0xd3, 0xf, 0xf4, 0x0,
    0x0, 0x2, 0x8c, 0xef, 0xeb, 0x60, 0x0, 0xef,
    0x40,

    /* U+1E21 "ḡ" */
    0x0, 0x9, 0xff, 0xff, 0xff, 0xf8, 0x0, 0x0,
    0x0, 0x9f, 0xff, 0xff, 0xff, 0x80, 0x0, 0x0,
    0x4, 0x88, 0x88, 0x88, 0x84, 0x0, 0x0, 0x0,
    0x0, 0x0, 0x0, 0x0, 0x0, 0x0, 0x0, 0x0,
    0x0, 0x0, 0x0, 0x0, 0x0, 0x0, 0x0, 0x29,
    0xdf, 0xeb, 0x40, 0x8f, 0xf6, 0x0, 0x5f, 0xff,
    0xff, 0xff, 0x88, 0xff, 0x60, 0x4f, 0xff, 0xfc,
    0xbd, 0xff, 0xcf, 0xf6, 0xe, 0xff, 0xc1, 0x0,
    0x4, 0xff, 0xff, 0x64, 0xff, 0xf1, 0x0, 0x0,
    0x5, 0xff, 0xf6, 0x9f, 0xfa, 0x0, 0x0, 0x0,
    0xe, 0xff, 0x6b, 0xff, 0x70, 0x0, 0x0, 0x0,
    0xbf, 0xf6, 0xcf, 0xf6, 0x0, 0x0, 0x0, 0xa,
    0xff, 0x6a, 0xff, 0x80, 0x0, 0x0, 0x0, 0xcf,
    0xf6, 0x8f, 0xfc, 0x0, 0x0, 0x0, 0x1f, 0xff,
    0x62, 0xff, 0xf4, 0x0, 0x0, 0x9, 0xff, 0xf6,
    0xb, 0xff, 0xf7, 0x10, 0x2a, 0xff, 0xff, 0x60,
    0x1e, 0xff, 0xff, 0xff, 0xfe, 0xbf, 0xf6, 0x0,
    0x1b, 0xff, 0xff, 0xfe, 0x3a, 0xff, 0x60, 0x0,
    0x3, 0x79, 0x95, 0x0, 0xaf, 0xf5, 0x17, 0x76,
    0x0, 0x0, 0x0, 0xd, 0xff, 0x30, 0xff, 0xf8,
    0x0, 0x0, 0x9, 0xff, 0xe0, 0x6, 0xff, 0xfe,
    0xa9, 0xbe, 0xff, 0xf6, 0x0, 0x7, 0xff, 0xff,
    0xff, 0xff, 0xf7, 0x0, 0x0, 0x2, 0x8c, 0xef,
    0xec, 0x82, 0x0, 0x0,

    /* U+1E22 "Ḣ" */
    0x0, 0x0, 0x0, 0x9, 0xff, 0x0, 0x0, 0x0,
    0x0, 0x0, 0x0, 0x0, 0x9f, 0xf0, 0x0, 0x0,
    0x0, 0x0, 0x0, 0x0, 0x8, 0xdd, 0x0, 0x0,
    0x0, 0x0, 0x0, 0x0, 0x0, 0x0, 0x0, 0x0,
    0x0, 0x0, 0x0, 0x0, 0x0, 0x0, 0x0, 0x0,
    0x0, 0x0, 0xa, 0xff, 0x10, 0x0, 0x0, 0x0,
    0x0, 0x2f, 0xfa, 0xaf, 0xf1, 0x0, 0x0, 0x0,
    0x0, 0x2, 0xff, 0xaa, 0xff, 0x10, 0x0, 0x0,
    0x0, 0x0, 0x2f, 0xfa, 0xaf, 0xf1, 0x0, 0x0,
    0x0, 0x0, 0x2, 0xff, 0xaa, 0xff, 0x10, 0x0,
    0x0, 0x0, 0x0, 0x2f, 0xfa, 0xaf, 0xf1, 0x0,
    0x0, 0x0, 0x0, 0x2, 0xff, 0xaa, 0xff, 0x10,
    0x0, 0x0, 0x0, 0x0, 0x2f, 0xfa, 0xaf, 0xf1,
    0x0, 0x0, 0x0, 0x0, 0x2, 0xff, 0xaa, 0xff,
    0xff, 0xff, 0xff, 0xff, 0xff, 0xff, 0xfa, 0xaf,
    0xff, 0xff, 0xff, 0xff, 0xff, 0xff, 0xff, 0xaa,
    0xff, 0x76, 0x66, 0x66, 0x66, 0x66, 0x7f, 0xfa,
    0xaf, 0xf1, 0x0, 0x0, 0x0, 0x0, 0x2, 0xff,
    0xaa, 0xff, 0x10, 0x0, 0x0, 0x0, 0x0, 0x2f,
    0xfa, 0xaf, 0xf1, 0x0, 0x0, 0x0, 0x0, 0x2,
    0xff, 0xaa, 0xff, 0x10, 0x0, 0x0, 0x0, 0x0,
    0x2f, 0xfa, 0xaf, 0xf1, 0x0, 0x0, 0x0, 0x0,
    0x2, 0xff, 0xaa, 0xff, 0x10, 0x0, 0x0, 0x0,
    0x0, 0x2f, 0xfa, 0xaf, 0xf1, 0x0, 0x0, 0x0,
    0x0, 0x2, 0xff, 0xaa, 0xff, 0x10, 0x0, 0x0,
    0x0, 0x0, 0x2f, 0xfa, 0xaf, 0xf1, 0x0, 0x0,
    0x0, 0x0, 0x2, 0xff, 0xa0,

    /* U+1E23 "ḣ" */
    0xf, 0xf9, 0x0, 0x0, 0x0, 0x0, 0x0, 0xf,
    0xf9, 0x0, 0x0, 0x0, 0x0, 0x0, 0xd, 0xd8,
    0x0, 0x0, 0x0, 0x0, 0x0, 0x0, 0x0, 0x0,
    0x0, 0x0, 0x0, 0x0, 0x0, 0x0, 0x0, 0x0,
    0x0, 0x0, 0x0, 0x1f, 0xf7, 0x0, 0x0, 0x0,
    0x0, 0x0, 0x1f, 0xf7, 0x0, 0x0, 0x0, 0x0,
    0x0, 0x1f, 0xf7, 0x0, 0x0, 0x0, 0x0, 0x0,
    0x1f, 0xf7, 0x0, 0x0, 0x0, 0x0, 0x0, 0x1f,
    0xf7, 0x0, 0x0, 0x0, 0x0, 0x0, 0x1f, 0xf7,
    0x7, 0xcf, 0xfd, 0x81, 0x0, 0x1f, 0xf9, 0xdf,
    0xff, 0xff, 0xfe, 0x20, 0x1f, 0xff, 0xfa, 0x42,
    0x4c, 0xff, 0xa0, 0x1f, 0xff, 0x70, 0x0, 0x0,
    0xdf, 0xf0, 0x1f, 0xfd, 0x0, 0x0, 0x0, 0x8f,
    0xf2, 0x1f, 0xf9, 0x0, 0x0, 0x0, 0x6f, 0xf3,
    0x1f, 0xf8, 0x0, 0x0, 0x0, 0x5f, 0xf3, 0x1f,
    0xf7, 0x0, 0x0, 0x0, 0x5f, 0xf3, 0x1f, 0xf7,
    0x0, 0x0, 0x0, 0x5f, 0xf3, 0x1f, 0xf7, 0x0,
    0x0, 0x0, 0x5f, 0xf3, 0x1f, 0xf7, 0x0, 0x0,
    0x0, 0x5f, 0xf3, 0x1f, 0xf7, 0x0, 0x0, 0x0,
    0x5f, 0xf3, 0x1f, 0xf7, 0x0, 0x0, 0x0, 0x5f,
    0xf3, 0x1f, 0xf7, 0x0, 0x0, 0x0, 0x5f, 0xf3,
    0x1f, 0xf7, 0x0, 0x0, 0x0, 0x5f, 0xf3,

    /* U+1E24 "Ḥ" */
    0xaf, 0xf1, 0x0, 0x0, 0x0, 0x0, 0x2, 0xff,
    0xaa, 0xff, 0x10, 0x0, 0x0, 0x0, 0x0, 0x2f,
    0xfa, 0xaf, 0xf1, 0x0, 0x0, 0x0, 0x0, 0x2,
    0xff, 0xaa, 0xff, 0x10, 0x0, 0x0, 0x0, 0x0,
    0x2f, 0xfa, 0xaf, 0xf1, 0x0, 0x0, 0x0, 0x0,
    0x2, 0xff, 0xaa, 0xff, 0x10, 0x0, 0x0, 0x0,
    0x0, 0x2f, 0xfa, 0xaf, 0xf1, 0x0, 0x0, 0x0,
    0x0, 0x2, 0xff, 0xaa, 0xff, 0x10, 0x0, 0x0,
    0x0, 0x0, 0x2f, 0xfa, 0xaf, 0xff, 0xff, 0xff,
    0xff, 0xff, 0xff, 0xff, 0xaa, 0xff, 0xff, 0xff,
    0xff, 0xff, 0xff, 0xff, 0xfa, 0xaf, 0xf7, 0x66,
    0x66, 0x66, 0x66, 0x67, 0xff, 0xaa, 0xff, 0x10,
    0x0, 0x0, 0x0, 0x0, 0x2f, 0xfa, 0xaf, 0xf1,
    0x0, 0x0, 0x0, 0x0, 0x2, 0xff, 0xaa, 0xff,
    0x10, 0x0, 0x0, 0x0, 0x0, 0x2f, 0xfa, 0xaf,
    0xf1, 0x0, 0x0, 0x0, 0x0, 0x2, 0xff, 0xaa,
    0xff, 0x10, 0x0, 0x0, 0x0, 0x0, 0x2f, 0xfa,
    0xaf, 0xf1, 0x0, 0x0, 0x0, 0x0, 0x2, 0xff,
    0xaa, 0xff, 0x10, 0x0, 0x0, 0x0, 0x0, 0x2f,
    0xfa, 0xaf, 0xf1, 0x0, 0x0, 0x0, 0x0, 0x2,
    0xff, 0xaa, 0xff, 0x10, 0x0, 0x0, 0x0, 0x0,
    0x2f, 0xfa, 0x0, 0x0, 0x0, 0x0, 0x0, 0x0,
    0x0, 0x0, 0x0, 0x0, 0x0, 0x0, 0x0, 0x0,
    0x0, 0x0, 0x0, 0x0, 0x0, 0x0, 0x0, 0x0,
    0x0, 0x0, 0x0, 0x0, 0x0, 0x0, 0x0, 0x8d,
    0xd0, 0x0, 0x0, 0x0, 0x0, 0x0, 0x0, 0x9,
    0xff, 0x0, 0x0, 0x0, 0x0, 0x0, 0x0, 0x0,
    0x9f, 0xf0, 0x0, 0x0, 0x0,

    /* U+1E25 "ḥ" */
    0x1f, 0xf7, 0x0, 0x0, 0x0, 0x0, 0x0, 0x1f,
    0xf7, 0x0, 0x0, 0x0, 0x0, 0x0, 0x1f, 0xf7,
    0x0, 0x0, 0x0, 0x0, 0x0, 0x1f, 0xf7, 0x0,
    0x0, 0x0, 0x0, 0x0, 0x1f, 0xf7, 0x0, 0x0,
    0x0, 0x0, 0x0, 0x1f, 0xf7, 0x7, 0xcf, 0xfd,
    0x81, 0x0, 0x1f, 0xf9, 0xdf, 0xff, 0xff, 0xfe,
    0x20, 0x1f, 0xff, 0xfa, 0x42, 0x4c, 0xff, 0xa0,
    0x1f, 0xff, 0x70, 0x0, 0x0, 0xdf, 0xf0, 0x1f,
    0xfd, 0x0, 0x0, 0x0, 0x8f, 0xf2, 0x1f, 0xf9,
    0x0, 0x0, 0x0, 0x6f, 0xf3, 0x1f, 0xf8, 0x0,
    0x0, 0x0, 0x5f, 0xf3, 0x1f, 0xf7, 0x0, 0x0,
    0x0, 0x5f, 0xf3, 0x1f, 0xf7, 0x0, 0x0, 0x0,
    0x5f, 0xf3, 0x1f, 0xf7, 0x0, 0x0, 0x0, 0x5f,
    0xf3, 0x1f, 0xf7, 0x0, 0x0, 0x0, 0x5f, 0xf3,
    0x1f, 0xf7, 0x0, 0x0, 0x0, 0x5f, 0xf3, 0x1f,
    0xf7, 0x0, 0x0, 0x0, 0x5f, 0xf3, 0x1f, 0xf7,
    0x0, 0x0, 0x0, 0x5f, 0xf3, 0x1f, 0xf7, 0x0,
    0x0, 0x0, 0x5f, 0xf3, 0x0, 0x0, 0x0, 0x0,
    0x0, 0x0, 0x0, 0x0, 0x0, 0x0, 0x0, 0x0,
    0x0, 0x0, 0x0, 0x0, 0x0, 0x0, 0x0, 0x0,
    0x0, 0x0, 0x0, 0x1, 0xdd, 0x60, 0x0, 0x0,
    0x0, 0x0, 0x1, 0xff, 0x80, 0x0, 0x0, 0x0,
    0x0, 0x1, 0xff, 0x80, 0x0, 0x0,

    /* U+1E26 "Ḧ" */
    0x0, 0x0, 0x7f, 0xf2, 0x3, 0xff, 0x60, 0x0,
    0x0, 0x0, 0x7, 0xff, 0x20, 0x3f, 0xf6, 0x0,
    0x0, 0x0, 0x0, 0x5d, 0xd2, 0x2, 0xdd, 0x50,
    0x0, 0x0, 0x0, 0x0, 0x0, 0x0, 0x0, 0x0,
    0x0, 0x0, 0x0, 0x0, 0x0, 0x0, 0x0, 0x0,
    0x0, 0x0, 0xa, 0xff, 0x10, 0x0, 0x0, 0x0,
    0x0, 0x2f, 0xfa, 0xaf, 0xf1, 0x0, 0x0, 0x0,
    0x0, 0x2, 0xff, 0xaa, 0xff, 0x10, 0x0, 0x0,
    0x0, 0x0, 0x2f, 0xfa, 0xaf, 0xf1, 0x0, 0x0,
    0x0, 0x0, 0x2, 0xff, 0xaa, 0xff, 0x10, 0x0,
    0x0, 0x0, 0x0, 0x2f, 0xfa, 0xaf, 0xf1, 0x0,
    0x0, 0x0, 0x0, 0x2, 0xff, 0xaa, 0xff, 0x10,
    0x0, 0x0, 0x0, 0x0, 0x2f, 0xfa, 0xaf, 0xf1,
    0x0, 0x0, 0x0, 0x0, 0x2, 0xff, 0xaa, 0xff,
    0xff, 0xff, 0xff, 0xff, 0xff, 0xff, 0xfa, 0xaf,
    0xff, 0xff, 0xff, 0xff, 0xff, 0xff, 0xff, 0xaa,
    0xff, 0x76, 0x66, 0x66, 0x66, 0x66, 0x7f, 0xfa,
    0xaf, 0xf1, 0x0, 0x0, 0x0, 0x0, 0x2, 0xff,
    0xaa, 0xff, 0x10, 0x0, 0x0, 0x0, 0x0, 0x2f,
    0xfa, 0xaf, 0xf1, 0x0, 0x0, 0x0, 0x0, 0x2,
    0xff, 0xaa, 0xff, 0x10, 0x0, 0x0, 0x0, 0x0,
    0x2f, 0xfa, 0xaf, 0xf1, 0x0, 0x0, 0x0, 0x0,
    0x2, 0xff, 0xaa, 0xff, 0x10, 0x0, 0x0, 0x0,
    0x0, 0x2f, 0xfa, 0xaf, 0xf1, 0x0, 0x0, 0x0,
    0x0, 0x2, 0xff, 0xaa, 0xff, 0x10, 0x0, 0x0,
    0x0, 0x0, 0x2f, 0xfa, 0xaf, 0xf1, 0x0, 0x0,
    0x0, 0x0, 0x2, 0xff, 0xa0,

    /* U+1E27 "ḧ" */
    0x0, 0xc, 0xfd, 0x0, 0x8f, 0xf1, 0x0, 0x0,
    0xc, 0xfd, 0x0, 0x8f, 0xf1, 0x0, 0x0, 0xa,
    0xdb, 0x0, 0x6d, 0xd1, 0x0, 0x0, 0x0, 0x0,
    0x0, 0x0, 0x0, 0x0, 0x0, 0x0, 0x0, 0x0,
    0x0, 0x0, 0x0, 0x1f, 0xf7, 0x0, 0x0, 0x0,
    0x0, 0x0, 0x1f, 0xf7, 0x0, 0x0, 0x0, 0x0,
    0x0, 0x1f, 0xf7, 0x0, 0x0, 0x0, 0x0, 0x0,
    0x1f, 0xf7, 0x0, 0x0, 0x0, 0x0, 0x0, 0x1f,
    0xf7, 0x0, 0x0, 0x0, 0x0, 0x0, 0x1f, 0xf7,
    0x7, 0xcf, 0xfd, 0x81, 0x0, 0x1f, 0xf9, 0xdf,
    0xff, 0xff, 0xfe, 0x20, 0x1f, 0xff, 0xfa, 0x42,
    0x4c, 0xff, 0xa0, 0x1f, 0xff, 0x70, 0x0, 0x0,
    0xdf, 0xf0, 0x1f, 0xfd, 0x0, 0x0, 0x0, 0x8f,
    0xf2, 0x1f, 0xf9, 0x0, 0x0, 0x0, 0x6f, 0xf3,
    0x1f, 0xf8, 0x0, 0x0, 0x0, 0x5f, 0xf3, 0x1f,
    0xf7, 0x0, 0x0, 0x0, 0x5f, 0xf3, 0x1f, 0xf7,
    0x0, 0x0, 0x0, 0x5f, 0xf3, 0x1f, 0xf7, 0x0,
    0x0, 0x0, 0x5f, 0xf3, 0x1f, 0xf7, 0x0, 0x0,
    0x0, 0x5f, 0xf3, 0x1f, 0xf7, 0x0, 0x0, 0x0,
    0x5f, 0xf3, 0x1f, 0xf7, 0x0, 0x0, 0x0, 0x5f,
    0xf3, 0x1f, 0xf7, 0x0, 0x0, 0x0, 0x5f, 0xf3,
    0x1f, 0xf7, 0x0, 0x0, 0x0, 0x5f, 0xf3,

    /* U+1E28 "Ḩ" */
    0x0, 0xaf, 0xf1, 0x0, 0x0, 0x0, 0x0, 0x2,
    0xff, 0xa0, 0xa, 0xff, 0x10, 0x0, 0x0, 0x0,
    0x0, 0x2f, 0xfa, 0x0, 0xaf, 0xf1, 0x0, 0x0,
    0x0, 0x0, 0x2, 0xff, 0xa0, 0xa, 0xff, 0x10,
    0x0, 0x0, 0x0, 0x0, 0x2f, 0xfa, 0x0, 0xaf,
    0xf1, 0x0, 0x0, 0x0, 0x0, 0x2, 0xff, 0xa0,
    0xa, 0xff, 0x10, 0x0, 0x0, 0x0, 0x0, 0x2f,
    0xfa, 0x0, 0xaf, 0xf1, 0x0, 0x0, 0x0, 0x0,
    0x2, 0xff, 0xa0, 0xa, 0xff, 0x10, 0x0, 0x0,
    0x0, 0x0, 0x2f, 0xfa, 0x0, 0xaf, 0xff, 0xff,
    0xff, 0xff, 0xff, 0xff, 0xff, 0xa0, 0xa, 0xff,
    0xff, 0xff, 0xff, 0xff, 0xff, 0xff, 0xfa, 0x0,
    0xaf, 0xf7, 0x66, 0x66, 0x66, 0x66, 0x67, 0xff,
    0xa0, 0xa, 0xff, 0x10, 0x0, 0x0, 0x0, 0x0,
    0x2f, 0xfa, 0x0, 0xaf, 0xf1, 0x0, 0x0, 0x0,
    0x0, 0x2, 0xff, 0xa0, 0xa, 0xff, 0x10, 0x0,
    0x0, 0x0, 0x0, 0x2f, 0xfa, 0x0, 0xaf, 0xf1,
    0x0, 0x0, 0x0, 0x0, 0x2, 0xff, 0xa0, 0xa,
    0xff, 0x10, 0x0, 0x0, 0x0, 0x0, 0x2f, 0xfa,
    0x0, 0xaf, 0xf1, 0x0, 0x0, 0x0, 0x0, 0x2,
    0xff, 0xa0, 0xa, 0xff, 0x10, 0x0, 0x0, 0x0,
    0x0, 0x2f, 0xfa, 0x0, 0xaf, 0xf1, 0x0, 0x0,
    0x0, 0x0, 0x2, 0xff, 0xa0, 0xa, 0xff, 0x10,
    0x0, 0x0, 0x0, 0x0, 0x2f, 0xfa, 0x0, 0x2f,
    0xb0, 0x0, 0x0, 0x0, 0x0, 0x0, 0x0, 0x0,
    0x7, 0xfd, 0x80, 0x0, 0x0, 0x0, 0x0, 0x0,
    0x0, 0x0, 0x25, 0xdf, 0xa0, 0x0, 0x0, 0x0,
    0x0, 0x0, 0x0, 0x0, 0x9, 0xfd, 0x0, 0x0,
    0x0, 0x0, 0x0, 0x0, 0x1b, 0xbd, 0xff, 0x70,
    0x0, 0x0, 0x0, 0x0, 0x0, 0x2, 0xff, 0xec,
    0x50, 0x0, 0x0, 0x0, 0x0, 0x0, 0x0,

    /* U+1E29 "ḩ" */
    0x1, 0xff, 0x70, 0x0, 0x0, 0x0, 0x0, 0x0,
    0x1f, 0xf7, 0x0, 0x0, 0x0, 0x0, 0x0, 0x1,
    0xff, 0x70, 0x0, 0x0, 0x0, 0x0, 0x0, 0x1f,
    0xf7, 0x0, 0x0, 0x0, 0x0, 0x0, 0x1, 0xff,
    0x70, 0x0, 0x0, 0x0, 0x0, 0x0, 0x1f, 0xf7,
    0x7, 0xcf, 0xfd, 0x81, 0x0, 0x1, 0xff, 0x9d,
    0xff, 0xff, 0xff, 0xe2, 0x0, 0x1f, 0xff, 0xfa,
    0x42, 0x4c, 0xff, 0xa0, 0x1, 0xff, 0xf7, 0x0,
    0x0, 0xd, 0xff, 0x0, 0x1f, 0xfd, 0x0, 0x0,
    0x0, 0x8f, 0xf2, 0x1, 0xff, 0x90, 0x0, 0x0,
    0x6, 0xff, 0x30, 0x1f, 0xf8, 0x0, 0x0, 0x0,
    0x5f, 0xf3, 0x1, 0xff, 0x70, 0x0, 0x0, 0x5,
    0xff, 0x30, 0x1f, 0xf7, 0x0, 0x0, 0x0, 0x5f,
    0xf3, 0x1, 0xff, 0x70, 0x0, 0x0, 0x5, 0xff,
    0x30, 0x1f, 0xf7, 0x0, 0x0, 0x0, 0x5f, 0xf3,
    0x1, 0xff, 0x70, 0x0, 0x0, 0x5, 0xff, 0x30,
    0x1f, 0xf7, 0x0, 0x0, 0x0, 0x5f, 0xf3, 0x1,
    0xff, 0x70, 0x0, 0x0, 0x5, 0xff, 0x30, 0x1f,
    0xf7, 0x0, 0x0, 0x0, 0x5f, 0xf3, 0x0, 0xef,
    0x0, 0x0, 0x0, 0x0, 0x0, 0x0, 0x3f, 0xf9,
    0x20, 0x0, 0x0, 0x0, 0x0, 0x1, 0x4a, 0xfe,
    0x0, 0x0, 0x0, 0x0, 0x0, 0x0, 0x5f, 0xf2,
    0x0, 0x0, 0x0, 0x0, 0x9b, 0xcf, 0xfc, 0x0,
    0x0, 0x0, 0x0, 0xd, 0xff, 0xd8, 0x0, 0x0,
    0x0, 0x0, 0x0,

    /* U+1E2A "Ḫ" */
    0xaf, 0xf1, 0x0, 0x0, 0x0, 0x0, 0x2, 0xff,
    0xaa, 0xff, 0x10, 0x0, 0x0, 0x0, 0x0, 0x2f,
    0xfa, 0xaf, 0xf1, 0x0, 0x0, 0x0, 0x0, 0x2,
    0xff, 0xaa, 0xff, 0x10, 0x0, 0x0, 0x0, 0x0,
    0x2f, 0xfa, 0xaf, 0xf1, 0x0, 0x0, 0x0, 0x0,
    0x2, 0xff, 0xaa, 0xff, 0x10, 0x0, 0x0, 0x0,
    0x0, 0x2f, 0xfa, 0xaf, 0xf1, 0x0, 0x0, 0x0,
    0x0, 0x2, 0xff, 0xaa, 0xff, 0x10, 0x0, 0x0,
    0x0, 0x0, 0x2f, 0xfa, 0xaf, 0xf7, 0x66, 0x66,
    0x66, 0x66, 0x67, 0xff, 0xaa, 0xff, 0xff, 0xff,
    0xff, 0xff, 0xff, 0xff, 0xfa, 0xaf, 0xff, 0xff,
    0xff, 0xff, 0xff, 0xff, 0xff, 0xaa, 0xff, 0x10,
    0x0, 0x0, 0x0, 0x0, 0x2f, 0xfa, 0xaf, 0xf1,
    0x0, 0x0, 0x0, 0x0, 0x2, 0xff, 0xaa, 0xff,
    0x10, 0x0, 0x0, 0x0, 0x0, 0x2f, 0xfa, 0xaf,
    0xf1, 0x0, 0x0, 0x0, 0x0, 0x2, 0xff, 0xaa,
    0xff, 0x10, 0x0, 0x0, 0x0, 0x0, 0x2f, 0xfa,
    0xaf, 0xf1, 0x0, 0x0, 0x0, 0x0, 0x2, 0xff,
    0xaa, 0xff, 0x10, 0x0, 0x0, 0x0, 0x0, 0x2f,
    0xfa, 0xaf, 0xf1, 0x0, 0x0, 0x0, 0x0, 0x2,
    0xff, 0xaa, 0xff, 0x10, 0x0, 0x0, 0x0, 0x0,
    0x2f, 0xfa, 0x0, 0x0, 0x0, 0x0, 0x0, 0x0,
    0x0, 0x0, 0x0, 0x0, 0x0, 0x0, 0x0, 0x0,
    0x0, 0x0, 0x0, 0x0, 0x0, 0x7c, 0x20, 0x0,
    0x2c, 0x70, 0x0, 0x0, 0x0, 0x6, 0xfa, 0x0,
    0xa, 0xf5, 0x0, 0x0, 0x0, 0x0, 0xd, 0xfe,
    0xce, 0xfb, 0x0, 0x0, 0x0, 0x0, 0x0, 0x8,
    0xdf, 0xd8, 0x0, 0x0, 0x0,

    /* U+1E2B "ḫ" */
    0x1f, 0xf7, 0x0, 0x0, 0x0, 0x0, 0x0, 0x1f,
    0xf7, 0x0, 0x0, 0x0, 0x0, 0x0, 0x1f, 0xf7,
    0x0, 0x0, 0x0, 0x0, 0x0, 0x1f, 0xf7, 0x0,
    0x0, 0x0, 0x0, 0x0, 0x1f, 0xf7, 0x0, 0x0,
    0x0, 0x0, 0x0, 0x1f, 0xf7, 0x7, 0xcf, 0xfd,
    0x81, 0x0, 0x1f, 0xf9, 0xdf, 0xff, 0xff, 0xfe,
    0x20, 0x1f, 0xff, 0xfa, 0x42, 0x4c, 0xff, 0xa0,
    0x1f, 0xff, 0x70, 0x0, 0x0, 0xdf, 0xf0, 0x1f,
    0xfd, 0x0, 0x0, 0x0, 0x8f, 0xf2, 0x1f, 0xf9,
    0x0, 0x0, 0x0, 0x6f, 0xf3, 0x1f, 0xf8, 0x0,
    0x0, 0x0, 0x5f, 0xf3, 0x1f, 0xf7, 0x0, 0x0,
    0x0, 0x5f, 0xf3, 0x1f, 0xf7, 0x0, 0x0, 0x0,
    0x5f, 0xf3, 0x1f, 0xf7, 0x0, 0x0, 0x0, 0x5f,
    0xf3, 0x1f, 0xf7, 0x0, 0x0, 0x0, 0x5f, 0xf3,
    0x1f, 0xf7, 0x0, 0x0, 0x0, 0x5f, 0xf3, 0x1f,
    0xf7, 0x0, 0x0, 0x0, 0x5f, 0xf3, 0x1f, 0xf7,
    0x0, 0x0, 0x0, 0x5f, 0xf3, 0x1f, 0xf7, 0x0,
    0x0, 0x0, 0x5f, 0xf3, 0x0, 0x0, 0x0, 0x0,
    0x0, 0x0, 0x0, 0x0, 0x0, 0x0, 0x0, 0x0,
    0x0, 0x0, 0x0, 0x1c, 0x80, 0x0, 0x8, 0xc1,
    0x0, 0x0, 0xe, 0xf3, 0x0, 0x3f, 0xe0, 0x0,
    0x0, 0x5, 0xff, 0xcc, 0xff, 0x50, 0x0, 0x0,
    0x0, 0x4b, 0xee, 0xb3, 0x0, 0x0,

    /* U+1E2C "Ḭ" */
    0x0, 0x5, 0xff, 0x60, 0x0, 0x0, 0x5, 0xff,
    0x60, 0x0, 0x0, 0x5, 0xff, 0x60, 0x0, 0x0,
    0x5, 0xff, 0x60, 0x0, 0x0, 0x5, 0xff, 0x60,
    0x0, 0x0, 0x5, 0xff, 0x60, 0x0, 0x0, 0x5,
    0xff, 0x60, 0x0, 0x0, 0x5, 0xff, 0x60, 0x0,
    0x0, 0x5, 0xff, 0x60, 0x0, 0x0, 0x5, 0xff,
    0x60, 0x0, 0x0, 0x5, 0xff, 0x60, 0x0, 0x0,
    0x5, 0xff, 0x60, 0x0, 0x0, 0x5, 0xff, 0x60,
    0x0, 0x0, 0x5, 0xff, 0x60, 0x0, 0x0, 0x5,
    0xff, 0x60, 0x0, 0x0, 0x5, 0xff, 0x60, 0x0,
    0x0, 0x5, 0xff, 0x60, 0x0, 0x0, 0x5, 0xff,
    0x60, 0x0, 0x0, 0x5, 0xff, 0x60, 0x0, 0x0,
    0x5, 0xff, 0x60, 0x0, 0x0, 0x0, 0x0, 0x0,
    0x0, 0x0, 0x0, 0x0, 0x0, 0x0, 0x0, 0x0,
    0x0, 0x0, 0x0, 0x8, 0xee, 0xb5, 0x16, 0xf9,
    0x7f, 0xfe, 0xff, 0xff, 0xf4, 0xbf, 0x20, 0x4a,
    0xee, 0x70,

    /* U+1E2D "ḭ" */
    0x0, 0x1, 0xff, 0x70, 0x0, 0x0, 0x1, 0xff,
    0x70, 0x0, 0x0, 0x0, 0xdd, 0x60, 0x0, 0x0,
    0x0, 0x0, 0x0, 0x0, 0x0, 0x0, 0x0, 0x0,
    0x0, 0x0, 0x1, 0xff, 0x70, 0x0, 0x0, 0x1,
    0xff, 0x70, 0x0, 0x0, 0x1, 0xff, 0x70, 0x0,
    0x0, 0x1, 0xff, 0x70, 0x0, 0x0, 0x1, 0xff,
    0x70, 0x0, 0x0, 0x1, 0xff, 0x70, 0x0, 0x0,
    0x1, 0xff, 0x70, 0x0, 0x0, 0x1, 0xff, 0x70,
    0x0, 0x0, 0x1, 0xff, 0x70, 0x0, 0x0, 0x1,
    0xff, 0x70, 0x0, 0x0, 0x1, 0xff, 0x70, 0x0,
    0x0, 0x1, 0xff, 0x70, 0x0, 0x0, 0x1, 0xff,
    0x70, 0x0, 0x0, 0x1, 0xff, 0x70, 0x0, 0x0,
    0x1, 0xff, 0x70, 0x0, 0x0, 0x0, 0x0, 0x0,
    0x0, 0x0, 0x0, 0x0, 0x0, 0x0, 0x0, 0x0,
    0x0, 0x0, 0x0, 0x6, 0xdf, 0xb6, 0x14, 0xfb,
    0x4f, 0xfe, 0xff, 0xff, 0xf7, 0x9f, 0x50, 0x39,
    0xee, 0x90,

    /* U+1E2E "Ḯ" */
    0x0, 0x0, 0xef, 0xf4, 0x0, 0x6, 0xff, 0x60,
    0x0, 0xe, 0xfa, 0x0, 0x0, 0x5e, 0xb0, 0x0,
    0x0, 0x0, 0x0, 0x0, 0xef, 0xb0, 0xa, 0xff,
    0xef, 0xb0, 0xa, 0xff, 0xcd, 0x90, 0x8, 0xdc,
    0x0, 0x0, 0x0, 0x0, 0x0, 0x0, 0x0, 0x0,
    0x0, 0x5f, 0xf6, 0x0, 0x0, 0x5f, 0xf6, 0x0,
    0x0, 0x5f, 0xf6, 0x0, 0x0, 0x5f, 0xf6, 0x0,
    0x0, 0x5f, 0xf6, 0x0, 0x0, 0x5f, 0xf6, 0x0,
    0x0, 0x5f, 0xf6, 0x0, 0x0, 0x5f, 0xf6, 0x0,
    0x0, 0x5f, 0xf6, 0x0, 0x0, 0x5f, 0xf6, 0x0,
    0x0, 0x5f, 0xf6, 0x0, 0x0, 0x5f, 0xf6, 0x0,
    0x0, 0x5f, 0xf6, 0x0, 0x0, 0x5f, 0xf6, 0x0,
    0x0, 0x5f, 0xf6, 0x0, 0x0, 0x5f, 0xf6, 0x0,
    0x0, 0x5f, 0xf6, 0x0, 0x0, 0x5f, 0xf6, 0x0,
    0x0, 0x5f, 0xf6, 0x0, 0x0, 0x5f, 0xf6, 0x0,

    /* U+1E2F "ḯ" */
    0x0, 0x0, 0xef, 0xf4, 0x0, 0x0, 0x6f, 0xf6,
    0x0, 0x0, 0xe, 0xfa, 0x0, 0x0, 0x5, 0xeb,
    0x0, 0x0, 0x0, 0x0, 0x0, 0x0, 0xd, 0xfc,
    0x0, 0x9f, 0xf0, 0xdf, 0xc0, 0x9, 0xff, 0xb,
    0xda, 0x0, 0x8d, 0xd0, 0x0, 0x0, 0x0, 0x0,
    0x0, 0x0, 0x0, 0x0, 0x0, 0x0, 0x4f, 0xf4,
    0x0, 0x0, 0x4, 0xff, 0x40, 0x0, 0x0, 0x4f,
    0xf4, 0x0, 0x0, 0x4, 0xff, 0x40, 0x0, 0x0,
    0x4f, 0xf4, 0x0, 0x0, 0x4, 0xff, 0x40, 0x0,
    0x0, 0x4f, 0xf4, 0x0, 0x0, 0x4, 0xff, 0x40,
    0x0, 0x0, 0x4f, 0xf4, 0x0, 0x0, 0x4, 0xff,
    0x40, 0x0, 0x0, 0x4f, 0xf4, 0x0, 0x0, 0x4,
    0xff, 0x40, 0x0, 0x0, 0x4f, 0xf4, 0x0, 0x0,
    0x4, 0xff, 0x40, 0x0, 0x0, 0x4f, 0xf4, 0x0,
    0x0,

    /* U+1E30 "Ḱ" */
    0x0, 0x0, 0x0, 0xe, 0xff, 0x40, 0x0, 0x0,
    0x0, 0x0, 0x0, 0x0, 0x6f, 0xf7, 0x0, 0x0,
    0x0, 0x0, 0x0, 0x0, 0x0, 0xdf, 0xa0, 0x0,
    0x0, 0x0, 0x0, 0x0, 0x0, 0x4, 0xec, 0x0,
    0x0, 0x0, 0x0, 0x0, 0x0, 0x0, 0x0, 0x0,
    0x0, 0x0, 0x0, 0x0, 0x0, 0xef, 0xe0, 0x0,
    0x0, 0x0, 0x0, 0x5f, 0xff, 0x60, 0xef, 0xe0,
    0x0, 0x0, 0x0, 0x6, 0xff, 0xf5, 0x0, 0xef,
    0xe0, 0x0, 0x0, 0x0, 0x6f, 0xff, 0x40, 0x0,
    0xef, 0xe0, 0x0, 0x0, 0x7, 0xff, 0xe3, 0x0,
    0x0, 0xef, 0xe0, 0x0, 0x0, 0x7f, 0xfe, 0x20,
    0x0, 0x0, 0xef, 0xe0, 0x0, 0x8, 0xff, 0xd2,
    0x0, 0x0, 0x0, 0xef, 0xe0, 0x0, 0x9f, 0xfd,
    0x10, 0x0, 0x0, 0x0, 0xef, 0xe0, 0x9, 0xff,
    0xc1, 0x0, 0x0, 0x0, 0x0, 0xef, 0xe0, 0xaf,
    0xff, 0x80, 0x0, 0x0, 0x0, 0x0, 0xef, 0xea,
    0xff, 0xff, 0xf4, 0x0, 0x0, 0x0, 0x0, 0xef,
    0xff, 0xf9, 0x4f, 0xfe, 0x10, 0x0, 0x0, 0x0,
    0xef, 0xff, 0x80, 0x8, 0xff, 0xc0, 0x0, 0x0,
    0x0, 0xef, 0xf7, 0x0, 0x0, 0xcf, 0xf8, 0x0,
    0x0, 0x0, 0xef, 0xe0, 0x0, 0x0, 0x2f, 0xff,
    0x50, 0x0, 0x0, 0xef, 0xe0, 0x0, 0x0, 0x5,
    0xff, 0xf2, 0x0, 0x0, 0xef, 0xe0, 0x0, 0x0,
    0x0, 0x9f, 0xfc, 0x0, 0x0, 0xef, 0xe0, 0x0,
    0x0, 0x0, 0xd, 0xff, 0x90, 0x0, 0xef, 0xe0,
    0x0, 0x0, 0x0, 0x3, 0xff, 0xf5, 0x0, 0xef,
    0xe0, 0x0, 0x0, 0x0, 0x0, 0x7f, 0xff, 0x20,
    0xef, 0xe0, 0x0, 0x0, 0x0, 0x0, 0xb, 0xff,
    0xd0,

    /* U+1E31 "ḱ" */
    0x0, 0x0, 0xaf, 0xf8, 0x0, 0x0, 0x0, 0x0,
    0x2, 0xff, 0xb0, 0x0, 0x0, 0x0, 0x0, 0x9,
    0xfd, 0x10, 0x0, 0x0, 0x0, 0x0, 0x1d, 0xd2,
    0x0, 0x0, 0x0, 0x0, 0x0, 0x0, 0x0, 0x0,
    0x0, 0x0, 0x0, 0x1f, 0xf7, 0x0, 0x0, 0x0,
    0x0, 0x0, 0x1f, 0xf7, 0x0, 0x0, 0x0, 0x0,
    0x0, 0x1f, 0xf7, 0x0, 0x0, 0x0, 0x0, 0x0,
    0x1f, 0xf7, 0x0, 0x0, 0x0, 0x0, 0x0, 0x1f,
    0xf7, 0x0, 0x0, 0x0, 0x0, 0x0, 0x1f, 0xf7,
    0x0, 0x0, 0x1e, 0xff, 0x50, 0x1f, 0xf7, 0x0,
    0x1, 0xdf, 0xf4, 0x0, 0x1f, 0xf7, 0x0, 0x1d,
    0xff, 0x40, 0x0, 0x1f, 0xf7, 0x1, 0xdf, 0xf3,
    0x0, 0x0, 0x1f, 0xf7, 0x1d, 0xff, 0x30, 0x0,
    0x0, 0x1f, 0xf9, 0xdf, 0xf4, 0x0, 0x0, 0x0,
    0x1f, 0xff, 0xff, 0xfb, 0x0, 0x0, 0x0, 0x1f,
    0xff, 0xeb, 0xff, 0x50, 0x0, 0x0, 0x1f, 0xfe,
    0x21, 0xef, 0xe1, 0x0, 0x0, 0x1f, 0xf7, 0x0,
    0x5f, 0xfb, 0x0, 0x0, 0x1f, 0xf7, 0x0, 0xa,
    0xff, 0x50, 0x0, 0x1f, 0xf7, 0x0, 0x1, 0xef,
    0xe1, 0x0, 0x1f, 0xf7, 0x0, 0x0, 0x6f, 0xfb,
    0x0, 0x1f, 0xf7, 0x0, 0x0, 0xb, 0xff, 0x60,
    0x1f, 0xf7, 0x0, 0x0, 0x1, 0xff, 0xf1,

    /* U+1E32 "Ḳ" */
    0xef, 0xe0, 0x0, 0x0, 0x0, 0x0, 0x5f, 0xff,
    0x60, 0xef, 0xe0, 0x0, 0x0, 0x0, 0x6, 0xff,
    0xf5, 0x0, 0xef, 0xe0, 0x0, 0x0, 0x0, 0x6f,
    0xff, 0x40, 0x0, 0xef, 0xe0, 0x0, 0x0, 0x7,
    0xff, 0xe3, 0x0, 0x0, 0xef, 0xe0, 0x0, 0x0,
    0x7f, 0xfe, 0x20, 0x0, 0x0, 0xef, 0xe0, 0x0,
    0x8, 0xff, 0xd2, 0x0, 0x0, 0x0, 0xef, 0xe0,
    0x0, 0x9f, 0xfd, 0x10, 0x0, 0x0, 0x0, 0xef,
    0xe0, 0x9, 0xff, 0xc1, 0x0, 0x0, 0x0, 0x0,
    0xef, 0xe0, 0xaf, 0xff, 0x80, 0x0, 0x0, 0x0,
    0x0, 0xef, 0xea, 0xff, 0xff, 0xf4, 0x0, 0x0,
    0x0, 0x0, 0xef, 0xff, 0xf9, 0x4f, 0xfe, 0x10,
    0x0, 0x0, 0x0, 0xef, 0xff, 0x80, 0x8, 0xff,
    0xc0, 0x0, 0x0, 0x0, 0xef, 0xf7, 0x0, 0x0,
    0xcf, 0xf8, 0x0, 0x0, 0x0, 0xef, 0xe0, 0x0,
    0x0, 0x2f, 0xff, 0x50, 0x0, 0x0, 0xef, 0xe0,
    0x0, 0x0, 0x5, 0xff, 0xf2, 0x0, 0x0, 0xef,
    0xe0, 0x0, 0x0, 0x0, 0x9f, 0xfc, 0x0, 0x0,
    0xef, 0xe0, 0x0, 0x0, 0x0, 0xd, 0xff, 0x90,
    0x0, 0xef, 0xe0, 0x0, 0x0, 0x0, 0x3, 0xff,
    0xf5, 0x0, 0xef, 0xe0, 0x0, 0x0, 0x0, 0x0,
    0x7f, 0xff, 0x20, 0xef, 0xe0, 0x0, 0x0, 0x0,
    0x0, 0xb, 0xff, 0xd0, 0x0, 0x0, 0x0, 0x0,
    0x0, 0x0, 0x0, 0x0, 0x0, 0x0, 0x0, 0x0,
    0x0, 0x0, 0x0, 0x0, 0x0, 0x0, 0x0, 0x0,
    0x0, 0x0, 0x0, 0x0, 0x0, 0x0, 0x0, 0x0,
    0x0, 0x0, 0xcd, 0x90, 0x0, 0x0, 0x0, 0x0,
    0x0, 0x0, 0x0, 0xef, 0xb0, 0x0, 0x0, 0x0,
    0x0, 0x0, 0x0, 0x0, 0xef, 0xb0, 0x0, 0x0,
    0x0, 0x0,

    /* U+1E33 "ḳ" */
    0x1f, 0xf7, 0x0, 0x0, 0x0, 0x0, 0x0, 0x1f,
    0xf7, 0x0, 0x0, 0x0, 0x0, 0x0, 0x1f, 0xf7,
    0x0, 0x0, 0x0, 0x0, 0x0, 0x1f, 0xf7, 0x0,
    0x0, 0x0, 0x0, 0x0, 0x1f, 0xf7, 0x0, 0x0,
    0x0, 0x0, 0x0, 0x1f, 0xf7, 0x0, 0x0, 0x1e,
    0xff, 0x50, 0x1f, 0xf7, 0x0, 0x1, 0xdf, 0xf4,
    0x0, 0x1f, 0xf7, 0x0, 0x1d, 0xff, 0x40, 0x0,
    0x1f, 0xf7, 0x1, 0xdf, 0xf3, 0x0, 0x0, 0x1f,
    0xf7, 0x1d, 0xff, 0x30, 0x0, 0x0, 0x1f, 0xf9,
    0xdf, 0xf4, 0x0, 0x0, 0x0, 0x1f, 0xff, 0xff,
    0xfb, 0x0, 0x0, 0x0, 0x1f, 0xff, 0xeb, 0xff,
    0x50, 0x0, 0x0, 0x1f, 0xfe, 0x21, 0xef, 0xe1,
    0x0, 0x0, 0x1f, 0xf7, 0x0, 0x5f, 0xfb, 0x0,
    0x0, 0x1f, 0xf7, 0x0, 0xa, 0xff, 0x50, 0x0,
    0x1f, 0xf7, 0x0, 0x1, 0xef, 0xe1, 0x0, 0x1f,
    0xf7, 0x0, 0x0, 0x6f, 0xfb, 0x0, 0x1f, 0xf7,
    0x0, 0x0, 0xb, 0xff, 0x60, 0x1f, 0xf7, 0x0,
    0x0, 0x1, 0xff, 0xf1, 0x0, 0x0, 0x0, 0x0,
    0x0, 0x0, 0x0, 0x0, 0x0, 0x0, 0x0, 0x0,
    0x0, 0x0, 0x0, 0x0, 0x0, 0x0, 0x0, 0x0,
    0x0, 0x0, 0x0, 0xc, 0xd9, 0x0, 0x0, 0x0,
    0x0, 0x0, 0xf, 0xfa, 0x0, 0x0, 0x0, 0x0,
    0x0, 0xf, 0xfa, 0x0, 0x0, 0x0,

    /* U+1E34 "Ḵ" */
    0xef, 0xe0, 0x0, 0x0, 0x0, 0x0, 0x5f, 0xff,
    0x60, 0xef, 0xe0, 0x0, 0x0, 0x0, 0x6, 0xff,
    0xf5, 0x0, 0xef, 0xe0, 0x0, 0x0, 0x0, 0x6f,
    0xff, 0x40, 0x0, 0xef, 0xe0, 0x0, 0x0, 0x7,
    0xff, 0xe3, 0x0, 0x0, 0xef, 0xe0, 0x0, 0x0,
    0x7f, 0xfe, 0x20, 0x0, 0x0, 0xef, 0xe0, 0x0,
    0x8, 0xff, 0xd2, 0x0, 0x0, 0x0, 0xef, 0xe0,
    0x0, 0x9f, 0xfd, 0x10, 0x0, 0x0, 0x0, 0xef,
    0xe0, 0x9, 0xff, 0xc1, 0x0, 0x0, 0x0, 0x0,
    0xef, 0xe0, 0xaf, 0xff, 0x80, 0x0, 0x0, 0x0,
    0x0, 0xef, 0xea, 0xff, 0xff, 0xf4, 0x0, 0x0,
    0x0, 0x0, 0xef, 0xff, 0xf9, 0x4f, 0xfe, 0x10,
    0x0, 0x0, 0x0, 0xef, 0xff, 0x80, 0x8, 0xff,
    0xc0, 0x0, 0x0, 0x0, 0xef, 0xf7, 0x0, 0x0,
    0xcf, 0xf8, 0x0, 0x0, 0x0, 0xef, 0xe0, 0x0,
    0x0, 0x2f, 0xff, 0x50, 0x0, 0x0, 0xef, 0xe0,
    0x0, 0x0, 0x5, 0xff, 0xf2, 0x0, 0x0, 0xef,
    0xe0, 0x0, 0x0, 0x0, 0x9f, 0xfc, 0x0, 0x0,
    0xef, 0xe0, 0x0, 0x0, 0x0, 0xd, 0xff, 0x90,
    0x0, 0xef, 0xe0, 0x0, 0x0, 0x0, 0x3, 0xff,
    0xf5, 0x0, 0xef, 0xe0, 0x0, 0x0, 0x0, 0x0,
    0x7f, 0xff, 0x20, 0xef, 0xe0, 0x0, 0x0, 0x0,
    0x0, 0xb, 0xff, 0xd0, 0x0, 0x0, 0x0, 0x0,
    0x0, 0x0, 0x0, 0x0, 0x0, 0x0, 0x0, 0x0,
    0x0, 0x0, 0x0, 0x0, 0x0, 0x0, 0x0, 0x0,
    0x0, 0x0, 0x0, 0x0, 0x0, 0x0, 0x0, 0x0,
    0x8, 0xff, 0xff, 0xff, 0xff, 0x40, 0x0, 0x0,
    0x0, 0x8, 0xff, 0xff, 0xff, 0xff, 0x40, 0x0,
    0x0, 0x0, 0x0, 0x11, 0x11, 0x11, 0x11, 0x0,
    0x0, 0x0,

    /* U+1E35 "ḵ" */
    0x1f, 0xf7, 0x0, 0x0, 0x0, 0x0, 0x0, 0x1f,
    0xf7, 0x0, 0x0, 0x0, 0x0, 0x0, 0x1f, 0xf7,
    0x0, 0x0, 0x0, 0x0, 0x0, 0x1f, 0xf7, 0x0,
    0x0, 0x0, 0x0, 0x0, 0x1f, 0xf7, 0x0, 0x0,
    0x0, 0x0, 0x0, 0x1f, 0xf7, 0x0, 0x0, 0x1e,
    0xff, 0x50, 0x1f, 0xf7, 0x0, 0x1, 0xdf, 0xf4,
    0x0, 0x1f, 0xf7, 0x0, 0x1d, 0xff, 0x40, 0x0,
    0x1f, 0xf7, 0x1, 0xdf, 0xf3, 0x0, 0x0, 0x1f,
    0xf7, 0x1d, 0xff, 0x30, 0x0, 0x0, 0x1f, 0xf9,
    0xdf, 0xf4, 0x0, 0x0, 0x0, 0x1f, 0xff, 0xff,
    0xfb, 0x0, 0x0, 0x0, 0x1f, 0xff, 0xeb, 0xff,
    0x50, 0x0, 0x0, 0x1f, 0xfe, 0x21, 0xef, 0xe1,
    0x0, 0x0, 0x1f, 0xf7, 0x0, 0x5f, 0xfb, 0x0,
    0x0, 0x1f, 0xf7, 0x0, 0xa, 0xff, 0x50, 0x0,
    0x1f, 0xf7, 0x0, 0x1, 0xef, 0xe1, 0x0, 0x1f,
    0xf7, 0x0, 0x0, 0x6f, 0xfb, 0x0, 0x1f, 0xf7,
    0x0, 0x0, 0xb, 0xff, 0x60, 0x1f, 0xf7, 0x0,
    0x0, 0x1, 0xff, 0xf1, 0x0, 0x0, 0x0, 0x0,
    0x0, 0x0, 0x0, 0x0, 0x0, 0x0, 0x0, 0x0,
    0x0, 0x0, 0x0, 0x0, 0x0, 0x0, 0x0, 0x0,
    0x0, 0x0, 0x9f, 0xff, 0xff, 0xff, 0xf4, 0x0,
    0x0, 0x9f, 0xff, 0xff, 0xff, 0xf4, 0x0, 0x0,
    0x1, 0x11, 0x11, 0x11, 0x10, 0x0,

    /* U+1E36 "Ḷ" */
    0xdf, 0xe0, 0x0, 0x0, 0x0, 0x0, 0x0, 0xdf,
    0xe0, 0x0, 0x0, 0x0, 0x0, 0x0, 0xdf, 0xe0,
    0x0, 0x0, 0x0, 0x0, 0x0, 0xdf, 0xe0, 0x0,
    0x0, 0x0, 0x0, 0x0, 0xdf, 0xe0, 0x0, 0x0,
    0x0, 0x0, 0x0, 0xdf, 0xe0, 0x0, 0x0, 0x0,
    0x0, 0x0, 0xdf, 0xe0, 0x0, 0x0, 0x0, 0x0,
    0x0, 0xdf, 0xe0, 0x0, 0x0, 0x0, 0x0, 0x0,
    0xdf, 0xe0, 0x0, 0x0, 0x0, 0x0, 0x0, 0xdf,
    0xe0, 0x0, 0x0, 0x0, 0x0, 0x0, 0xdf, 0xe0,
    0x0, 0x0, 0x0, 0x0, 0x0, 0xdf, 0xe0, 0x0,
    0x0, 0x0, 0x0, 0x0, 0xdf, 0xe0, 0x0, 0x0,
    0x0, 0x0, 0x0, 0xdf, 0xe0, 0x0, 0x0, 0x0,
    0x0, 0x0, 0xdf, 0xe0, 0x0, 0x0, 0x0, 0x0,
    0x0, 0xdf, 0xe0, 0x0, 0x0, 0x0, 0x0, 0x0,
    0xdf, 0xe0, 0x0, 0x0, 0x0, 0x0, 0x0, 0xdf,
    0xf6, 0x66, 0x66, 0x66, 0x66, 0x61, 0xdf, 0xff,
    0xff, 0xff, 0xff, 0xff, 0xf2, 0xdf, 0xff, 0xff,
    0xff, 0xff, 0xff, 0xf2, 0x0, 0x0, 0x0, 0x0,
    0x0, 0x0, 0x0, 0x0, 0x0, 0x0, 0x0, 0x0,
    0x0, 0x0, 0x0, 0x0, 0x0, 0x0, 0x0, 0x0,
    0x0, 0x0, 0x0, 0xa, 0xda, 0x0, 0x0, 0x0,
    0x0, 0x0, 0xd, 0xfc, 0x0, 0x0, 0x0, 0x0,
    0x0, 0xd, 0xfc, 0x0, 0x0, 0x0,

    /* U+1E37 "ḷ" */
    0x1f, 0xf7, 0x1f, 0xf7, 0x1f, 0xf7, 0x1f, 0xf7,
    0x1f, 0xf7, 0x1f, 0xf7, 0x1f, 0xf7, 0x1f, 0xf7,
    0x1f, 0xf7, 0x1f, 0xf7, 0x1f, 0xf7, 0x1f, 0xf7,
    0x1f, 0xf7, 0x1f, 0xf7, 0x1f, 0xf7, 0x1f, 0xf7,
    0x1f, 0xf7, 0x1f, 0xf7, 0x1f, 0xf7, 0x1f, 0xf7,
    0x0, 0x0, 0x0, 0x0, 0x0, 0x0, 0xd, 0xd8,
    0xf, 0xf9, 0xf, 0xf9,

    /* U+1E38 "Ḹ" */
    0x0, 0x0, 0x0, 0x0, 0x0, 0x0, 0x0, 0x0,
    0xff, 0xff, 0xff, 0xff, 0xd0, 0x0, 0x0, 0xff,
    0xff, 0xff, 0xff, 0xd0, 0x0, 0x0, 0x0, 0x0,
    0x0, 0x0, 0x0, 0x0, 0x0, 0x0, 0x0, 0x0,
    0x0, 0x0, 0x0, 0xdf, 0xe0, 0x0, 0x0, 0x0,
    0x0, 0x0, 0xdf, 0xe0, 0x0, 0x0, 0x0, 0x0,
    0x0, 0xdf, 0xe0, 0x0, 0x0, 0x0, 0x0, 0x0,
    0xdf, 0xe0, 0x0, 0x0, 0x0, 0x0, 0x0, 0xdf,
    0xe0, 0x0, 0x0, 0x0, 0x0, 0x0, 0xdf, 0xe0,
    0x0, 0x0, 0x0, 0x0, 0x0, 0xdf, 0xe0, 0x0,
    0x0, 0x0, 0x0, 0x0, 0xdf, 0xe0, 0x0, 0x0,
    0x0, 0x0, 0x0, 0xdf, 0xe0, 0x0, 0x0, 0x0,
    0x0, 0x0, 0xdf, 0xe0, 0x0, 0x0, 0x0, 0x0,
    0x0, 0xdf, 0xe0, 0x0, 0x0, 0x0, 0x0, 0x0,
    0xdf, 0xe0, 0x0, 0x0, 0x0, 0x0, 0x0, 0xdf,
    0xe0, 0x0, 0x0, 0x0, 0x0, 0x0, 0xdf, 0xe0,
    0x0, 0x0, 0x0, 0x0, 0x0, 0xdf, 0xe0, 0x0,
    0x0, 0x0, 0x0, 0x0, 0xdf, 0xe0, 0x0, 0x0,
    0x0, 0x0, 0x0, 0xdf, 0xe0, 0x0, 0x0, 0x0,
    0x0, 0x0, 0xdf, 0xf6, 0x66, 0x66, 0x66, 0x66,
    0x61, 0xdf, 0xff, 0xff, 0xff, 0xff, 0xff, 0xf2,
    0xdf, 0xff, 0xff, 0xff, 0xff, 0xff, 0xf2, 0x0,
    0x0, 0x0, 0x0, 0x0, 0x0, 0x0, 0x0, 0x0,
    0x0, 0x0, 0x0, 0x0, 0x0, 0x0, 0x0, 0x0,
    0x0, 0x0, 0x0, 0x0, 0x0, 0x0, 0xa, 0xda,
    0x0, 0x0, 0x0, 0x0, 0x0, 0xd, 0xfc, 0x0,
    0x0, 0x0, 0x0, 0x0, 0xd, 0xfc, 0x0, 0x0,
    0x0,

    /* U+1E39 "ḹ" */
    0x0, 0x0, 0x0, 0x0, 0x0, 0x2f, 0xff, 0xff,
    0xff, 0xfa, 0x2f, 0xff, 0xff, 0xff, 0xfa, 0x0,
    0x0, 0x0, 0x0, 0x0, 0x0, 0x0, 0x0, 0x0,
    0x0, 0x0, 0x1, 0xff, 0x70, 0x0, 0x0, 0x1,
    0xff, 0x70, 0x0, 0x0, 0x1, 0xff, 0x70, 0x0,
    0x0, 0x1, 0xff, 0x70, 0x0, 0x0, 0x1, 0xff,
    0x70, 0x0, 0x0, 0x1, 0xff, 0x70, 0x0, 0x0,
    0x1, 0xff, 0x70, 0x0, 0x0, 0x1, 0xff, 0x70,
    0x0, 0x0, 0x1, 0xff, 0x70, 0x0, 0x0, 0x1,
    0xff, 0x70, 0x0, 0x0, 0x1, 0xff, 0x70, 0x0,
    0x0, 0x1, 0xff, 0x70, 0x0, 0x0, 0x1, 0xff,
    0x70, 0x0, 0x0, 0x1, 0xff, 0x70, 0x0, 0x0,
    0x1, 0xff, 0x70, 0x0, 0x0, 0x1, 0xff, 0x70,
    0x0, 0x0, 0x1, 0xff, 0x70, 0x0, 0x0, 0x1,
    0xff, 0x70, 0x0, 0x0, 0x1, 0xff, 0x70, 0x0,
    0x0, 0x1, 0xff, 0x70, 0x0, 0x0, 0x0, 0x0,
    0x0, 0x0, 0x0, 0x0, 0x0, 0x0, 0x0, 0x0,
    0x0, 0x0, 0x0, 0x0, 0x0, 0x0, 0xdd, 0x80,
    0x0, 0x0, 0x0, 0xff, 0x90, 0x0, 0x0, 0x0,
    0xff, 0x90, 0x0,

    /* U+1E3A "Ḻ" */
    0xdf, 0xe0, 0x0, 0x0, 0x0, 0x0, 0x0, 0xdf,
    0xe0, 0x0, 0x0, 0x0, 0x0, 0x0, 0xdf, 0xe0,
    0x0, 0x0, 0x0, 0x0, 0x0, 0xdf, 0xe0, 0x0,
    0x0, 0x0, 0x0, 0x0, 0xdf, 0xe0, 0x0, 0x0,
    0x0, 0x0, 0x0, 0xdf, 0xe0, 0x0, 0x0, 0x0,
    0x0, 0x0, 0xdf, 0xe0, 0x0, 0x0, 0x0, 0x0,
    0x0, 0xdf, 0xe0, 0x0, 0x0, 0x0, 0x0, 0x0,
    0xdf, 0xe0, 0x0, 0x0, 0x0, 0x0, 0x0, 0xdf,
    0xe0, 0x0, 0x0, 0x0, 0x0, 0x0, 0xdf, 0xe0,
    0x0, 0x0, 0x0, 0x0, 0x0, 0xdf, 0xe0, 0x0,
    0x0, 0x0, 0x0, 0x0, 0xdf, 0xe0, 0x0, 0x0,
    0x0, 0x0, 0x0, 0xdf, 0xe0, 0x0, 0x0, 0x0,
    0x0, 0x0, 0xdf, 0xe0, 0x0, 0x0, 0x0, 0x0,
    0x0, 0xdf, 0xe0, 0x0, 0x0, 0x0, 0x0, 0x0,
    0xdf, 0xe0, 0x0, 0x0, 0x0, 0x0, 0x0, 0xdf,
    0xf6, 0x66, 0x66, 0x66, 0x66, 0x61, 0xdf, 0xff,
    0xff, 0xff, 0xff, 0xff, 0xf2, 0xdf, 0xff, 0xff,
    0xff, 0xff, 0xff, 0xf2, 0x0, 0x0, 0x0, 0x0,
    0x0, 0x0, 0x0, 0x0, 0x0, 0x0, 0x0, 0x0,
    0x0, 0x0, 0x0, 0x0, 0x0, 0x0, 0x0, 0x0,
    0x0, 0x0, 0xdf, 0xff, 0xff, 0xff, 0xf0, 0x0,
    0x0, 0xdf, 0xff, 0xff, 0xff, 0xf0, 0x0, 0x0,
    0x11, 0x11, 0x11, 0x11, 0x10, 0x0,

    /* U+1E3B "ḻ" */
    0x0, 0x1, 0xff, 0x70, 0x0, 0x0, 0x1, 0xff,
    0x70, 0x0, 0x0, 0x1, 0xff, 0x70, 0x0, 0x0,
    0x1, 0xff, 0x70, 0x0, 0x0, 0x1, 0xff, 0x70,
    0x0, 0x0, 0x1, 0xff, 0x70, 0x0, 0x0, 0x1,
    0xff, 0x70, 0x0, 0x0, 0x1, 0xff, 0x70, 0x0,
    0x0, 0x1, 0xff, 0x70, 0x0, 0x0, 0x1, 0xff,
    0x70, 0x0, 0x0, 0x1, 0xff, 0x70, 0x0, 0x0,
    0x1, 0xff, 0x70, 0x0, 0x0, 0x1, 0xff, 0x70,
    0x0, 0x0, 0x1, 0xff, 0x70, 0x0, 0x0, 0x1,
    0xff, 0x70, 0x0, 0x0, 0x1, 0xff, 0x70, 0x0,
    0x0, 0x1, 0xff, 0x70, 0x0, 0x0, 0x1, 0xff,
    0x70, 0x0, 0x0, 0x1, 0xff, 0x70, 0x0, 0x0,
    0x1, 0xff, 0x70, 0x0, 0x0, 0x0, 0x0, 0x0,
    0x0, 0x0, 0x0, 0x0, 0x0, 0x0, 0x0, 0x0,
    0x0, 0x0, 0x0, 0x3f, 0xff, 0xff, 0xff, 0xf9,
    0x3f, 0xff, 0xff, 0xff, 0xf9, 0x1, 0x11, 0x11,
    0x11, 0x10,

    /* U+1E3C "Ḽ" */
    0xdf, 0xe0, 0x0, 0x0, 0x0, 0x0, 0x0, 0xdf,
    0xe0, 0x0, 0x0, 0x0, 0x0, 0x0, 0xdf, 0xe0,
    0x0, 0x0, 0x0, 0x0, 0x0, 0xdf, 0xe0, 0x0,
    0x0, 0x0, 0x0, 0x0, 0xdf, 0xe0, 0x0, 0x0,
    0x0, 0x0, 0x0, 0xdf, 0xe0, 0x0, 0x0, 0x0,
    0x0, 0x0, 0xdf, 0xe0, 0x0, 0x0, 0x0, 0x0,
    0x0, 0xdf, 0xe0, 0x0, 0x0, 0x0, 0x0, 0x0,
    0xdf, 0xe0, 0x0, 0x0, 0x0, 0x0, 0x0, 0xdf,
    0xe0, 0x0, 0x0, 0x0, 0x0, 0x0, 0xdf, 0xe0,
    0x0, 0x0, 0x0, 0x0, 0x0, 0xdf, 0xe0, 0x0,
    0x0, 0x0, 0x0, 0x0, 0xdf, 0xe0, 0x0, 0x0,
    0x0, 0x0, 0x0, 0xdf, 0xe0, 0x0, 0x0, 0x0,
    0x0, 0x0, 0xdf, 0xe0, 0x0, 0x0, 0x0, 0x0,
    0x0, 0xdf, 0xe0, 0x0, 0x0, 0x0, 0x0, 0x0,
    0xdf, 0xe0, 0x0, 0x0, 0x0, 0x0, 0x0, 0xdf,
    0xf6, 0x66, 0x66, 0x66, 0x66, 0x61, 0xdf, 0xff,
    0xff, 0xff, 0xff, 0xff, 0xf2, 0xdf, 0xff, 0xff,
    0xff, 0xff, 0xff, 0xf2, 0x0, 0x0, 0x0, 0x0,
    0x0, 0x0, 0x0, 0x0, 0x0, 0x0, 0x0, 0x0,
    0x0, 0x0, 0x0, 0x0, 0x1d, 0xee, 0x50, 0x0,
    0x0, 0x0, 0x0, 0xcf, 0xef, 0xf3, 0x0, 0x0,
    0x0, 0x8, 0xff, 0x3a, 0xfe, 0x10, 0x0, 0x0,
    0x5f, 0xf7, 0x1, 0xef, 0xc0, 0x0,

    /* U+1E3D "ḽ" */
    0x0, 0x1, 0xff, 0x70, 0x0, 0x0, 0x1, 0xff,
    0x70, 0x0, 0x0, 0x1, 0xff, 0x70, 0x0, 0x0,
    0x1, 0xff, 0x70, 0x0, 0x0, 0x1, 0xff, 0x70,
    0x0, 0x0, 0x1, 0xff, 0x70, 0x0, 0x0, 0x1,
    0xff, 0x70, 0x0, 0x0, 0x1, 0xff, 0x70, 0x0,
    0x0, 0x1, 0xff, 0x70, 0x0, 0x0, 0x1, 0xff,
    0x70, 0x0, 0x0, 0x1, 0xff, 0x70, 0x0, 0x0,
    0x1, 0xff, 0x70, 0x0, 0x0, 0x1, 0xff, 0x70,
    0x0, 0x0, 0x1, 0xff, 0x70, 0x0, 0x0, 0x1,
    0xff, 0x70, 0x0, 0x0, 0x1, 0xff, 0x70, 0x0,
    0x0, 0x1, 0xff, 0x70, 0x0, 0x0, 0x1, 0xff,
    0x70, 0x0, 0x0, 0x1, 0xff, 0x70, 0x0, 0x0,
    0x1, 0xff, 0x70, 0x0, 0x0, 0x0, 0x0, 0x0,
    0x0, 0x0, 0x0, 0x0, 0x0, 0x0, 0x0, 0x5,
    0xee, 0xd1, 0x0, 0x0, 0x3f, 0xfe, 0xfc, 0x0,
    0x1, 0xdf, 0xc1, 0xef, 0x90, 0xb, 0xff, 0x20,
    0x6f, 0xf6,

    /* U+1E3E "Ḿ" */
    0x0, 0x0, 0x0, 0x0, 0x0, 0xaf, 0xf8, 0x0,
    0x0, 0x0, 0x0, 0x0, 0x0, 0x0, 0x2, 0xff,
    0xb0, 0x0, 0x0, 0x0, 0x0, 0x0, 0x0, 0x0,
    0xa, 0xfd, 0x0, 0x0, 0x0, 0x0, 0x0, 0x0,
    0x0, 0x0, 0x1e, 0xd2, 0x0, 0x0, 0x0, 0x0,
    0x0, 0x0, 0x0, 0x0, 0x0, 0x0, 0x0, 0x0,
    0x0, 0x0, 0xcf, 0xff, 0x70, 0x0, 0x0, 0x0,
    0x0, 0x0, 0xef, 0xff, 0xcf, 0xff, 0xd0, 0x0,
    0x0, 0x0, 0x0, 0x3, 0xff, 0xff, 0xcf, 0xff,
    0xf2, 0x0, 0x0, 0x0, 0x0, 0x9, 0xff, 0xff,
    0xcf, 0xde, 0xf8, 0x0, 0x0, 0x0, 0x0, 0xe,
    0xfd, 0xff, 0xcf, 0xd9, 0xfd, 0x0, 0x0, 0x0,
    0x0, 0x4f, 0xda, 0xff, 0xcf, 0xd3, 0xff, 0x30,
    0x0, 0x0, 0x0, 0xaf, 0x7a, 0xff, 0xcf, 0xd0,
    0xdf, 0x90, 0x0, 0x0, 0x0, 0xff, 0x2a, 0xff,
    0xcf, 0xd0, 0x8f, 0xe0, 0x0, 0x0, 0x5, 0xfc,
    0xa, 0xff, 0xcf, 0xd0, 0x2f, 0xf4, 0x0, 0x0,
    0xb, 0xf6, 0xa, 0xff, 0xcf, 0xd0, 0xd, 0xf9,
    0x0, 0x0, 0x1f, 0xf1, 0xa, 0xff, 0xcf, 0xd0,
    0x7, 0xfe, 0x0, 0x0, 0x7f, 0xb0, 0xa, 0xff,
    0xcf, 0xd0, 0x2, 0xff, 0x40, 0x0, 0xcf, 0x50,
    0xa, 0xff, 0xcf, 0xd0, 0x0, 0xcf, 0xa0, 0x2,
    0xff, 0x0, 0xa, 0xff, 0xcf, 0xd0, 0x0, 0x6f,
    0xf0, 0x8, 0xfa, 0x0, 0xa, 0xff, 0xcf, 0xd0,
    0x0, 0x1f, 0xf5, 0xd, 0xf4, 0x0, 0xa, 0xff,
    0xcf, 0xd0, 0x0, 0xb, 0xfa, 0x3f, 0xe0, 0x0,
    0xa, 0xff, 0xcf, 0xd0, 0x0, 0x6, 0xff, 0x9f,
    0x80, 0x0, 0xa, 0xff, 0xcf, 0xd0, 0x0, 0x0,
    0xff, 0xff, 0x30, 0x0, 0xa, 0xff, 0xcf, 0xd0,
    0x0, 0x0, 0xaf, 0xfd, 0x0, 0x0, 0xa, 0xff,
    0xcf, 0xd0, 0x0, 0x0, 0x5f, 0xf7, 0x0, 0x0,
    0xa, 0xff,

    /* U+1E3F "ḿ" */
    0x0, 0x0, 0x0, 0x0, 0x0, 0x3, 0xff, 0xe1,
    0x0, 0x0, 0x0, 0x0, 0x0, 0x0, 0x0, 0x0,
    0xb, 0xff, 0x30, 0x0, 0x0, 0x0, 0x0, 0x0,
    0x0, 0x0, 0x0, 0x3f, 0xf5, 0x0, 0x0, 0x0,
    0x0, 0x0, 0x0, 0x0, 0x0, 0x0, 0x9e, 0x80,
    0x0, 0x0, 0x0, 0x0, 0x0, 0x0, 0x0, 0x0,
    0x0, 0x0, 0x0, 0x0, 0x0, 0x0, 0x0, 0x1f,
    0xf2, 0x18, 0xdf, 0xeb, 0x40, 0x1, 0x8d, 0xfe,
    0xb4, 0x0, 0x1f, 0xf4, 0xef, 0xff, 0xff, 0xf5,
    0x2e, 0xff, 0xff, 0xff, 0x50, 0x1f, 0xfe, 0xf8,
    0x33, 0x7f, 0xfe, 0xdf, 0x73, 0x38, 0xff, 0xd0,
    0x1f, 0xff, 0x50, 0x0, 0x8, 0xff, 0xf3, 0x0,
    0x0, 0x9f, 0xf2, 0x1f, 0xfd, 0x0, 0x0, 0x4,
    0xff, 0xa0, 0x0, 0x0, 0x5f, 0xf4, 0x1f, 0xf9,
    0x0, 0x0, 0x3, 0xff, 0x70, 0x0, 0x0, 0x4f,
    0xf4, 0x1f, 0xf7, 0x0, 0x0, 0x3, 0xff, 0x60,
    0x0, 0x0, 0x4f, 0xf4, 0x1f, 0xf7, 0x0, 0x0,
    0x3, 0xff, 0x60, 0x0, 0x0, 0x4f, 0xf4, 0x1f,
    0xf7, 0x0, 0x0, 0x3, 0xff, 0x60, 0x0, 0x0,
    0x4f, 0xf4, 0x1f, 0xf7, 0x0, 0x0, 0x3, 0xff,
    0x60, 0x0, 0x0, 0x4f, 0xf4, 0x1f, 0xf7, 0x0,
    0x0, 0x3, 0xff, 0x60, 0x0, 0x0, 0x4f, 0xf4,
    0x1f, 0xf7, 0x0, 0x0, 0x3, 0xff, 0x60, 0x0,
    0x0, 0x4f, 0xf4, 0x1f, 0xf7, 0x0, 0x0, 0x3,
    0xff, 0x60, 0x0, 0x0, 0x4f, 0xf4, 0x1f, 0xf7,
    0x0, 0x0, 0x3, 0xff, 0x60, 0x0, 0x0, 0x4f,
    0xf4, 0x1f, 0xf7, 0x0, 0x0, 0x3, 0xff, 0x60,
    0x0, 0x0, 0x4f, 0xf4,

    /* U+1E40 "Ṁ" */
    0x0, 0x0, 0x0, 0x0, 0x3f, 0xf6, 0x0, 0x0,
    0x0, 0x0, 0x0, 0x0, 0x0, 0x0, 0x3f, 0xf6,
    0x0, 0x0, 0x0, 0x0, 0x0, 0x0, 0x0, 0x0,
    0x2d, 0xd5, 0x0, 0x0, 0x0, 0x0, 0x0, 0x0,
    0x0, 0x0, 0x0, 0x0, 0x0, 0x0, 0x0, 0x0,
    0x0, 0x0, 0x0, 0x0, 0x0, 0x0, 0x0, 0x0,
    0x0, 0x0, 0xcf, 0xff, 0x70, 0x0, 0x0, 0x0,
    0x0, 0x0, 0xef, 0xff, 0xcf, 0xff, 0xd0, 0x0,
    0x0, 0x0, 0x0, 0x3, 0xff, 0xff, 0xcf, 0xff,
    0xf2, 0x0, 0x0, 0x0, 0x0, 0x9, 0xff, 0xff,
    0xcf, 0xde, 0xf8, 0x0, 0x0, 0x0, 0x0, 0xe,
    0xfd, 0xff, 0xcf, 0xd9, 0xfd, 0x0, 0x0, 0x0,
    0x0, 0x4f, 0xda, 0xff, 0xcf, 0xd3, 0xff, 0x30,
    0x0, 0x0, 0x0, 0xaf, 0x7a, 0xff, 0xcf, 0xd0,
    0xdf, 0x90, 0x0, 0x0, 0x0, 0xff, 0x2a, 0xff,
    0xcf, 0xd0, 0x8f, 0xe0, 0x0, 0x0, 0x5, 0xfc,
    0xa, 0xff, 0xcf, 0xd0, 0x2f, 0xf4, 0x0, 0x0,
    0xb, 0xf6, 0xa, 0xff, 0xcf, 0xd0, 0xd, 0xf9,
    0x0, 0x0, 0x1f, 0xf1, 0xa, 0xff, 0xcf, 0xd0,
    0x7, 0xfe, 0x0, 0x0, 0x7f, 0xb0, 0xa, 0xff,
    0xcf, 0xd0, 0x2, 0xff, 0x40, 0x0, 0xcf, 0x50,
    0xa, 0xff, 0xcf, 0xd0, 0x0, 0xcf, 0xa0, 0x2,
    0xff, 0x0, 0xa, 0xff, 0xcf, 0xd0, 0x0, 0x6f,
    0xf0, 0x8, 0xfa, 0x0, 0xa, 0xff, 0xcf, 0xd0,
    0x0, 0x1f, 0xf5, 0xd, 0xf4, 0x0, 0xa, 0xff,
    0xcf, 0xd0, 0x0, 0xb, 0xfa, 0x3f, 0xe0, 0x0,
    0xa, 0xff, 0xcf, 0xd0, 0x0, 0x6, 0xff, 0x9f,
    0x80, 0x0, 0xa, 0xff, 0xcf, 0xd0, 0x0, 0x0,
    0xff, 0xff, 0x30, 0x0, 0xa, 0xff, 0xcf, 0xd0,
    0x0, 0x0, 0xaf, 0xfd, 0x0, 0x0, 0xa, 0xff,
    0xcf, 0xd0, 0x0, 0x0, 0x5f, 0xf7, 0x0, 0x0,
    0xa, 0xff,

    /* U+1E41 "ṁ" */
    0x0, 0x0, 0x0, 0x0, 0x0, 0xff, 0xa0, 0x0,
    0x0, 0x0, 0x0, 0x0, 0x0, 0x0, 0x0, 0x0,
    0xff, 0xa0, 0x0, 0x0, 0x0, 0x0, 0x0, 0x0,
    0x0, 0x0, 0x0, 0xcd, 0x80, 0x0, 0x0, 0x0,
    0x0, 0x0, 0x0, 0x0, 0x0, 0x0, 0x0, 0x0,
    0x0, 0x0, 0x0, 0x0, 0x0, 0x0, 0x0, 0x0,
    0x0, 0x0, 0x0, 0x0, 0x0, 0x0, 0x0, 0x1f,
    0xf2, 0x18, 0xdf, 0xeb, 0x40, 0x1, 0x8d, 0xfe,
    0xb4, 0x0, 0x1f, 0xf4, 0xef, 0xff, 0xff, 0xf5,
    0x2e, 0xff, 0xff, 0xff, 0x50, 0x1f, 0xfe, 0xf8,
    0x33, 0x7f, 0xfe, 0xdf, 0x73, 0x38, 0xff, 0xd0,
    0x1f, 0xff, 0x50, 0x0, 0x8, 0xff, 0xf3, 0x0,
    0x0, 0x9f, 0xf2, 0x1f, 0xfd, 0x0, 0x0, 0x4,
    0xff, 0xa0, 0x0, 0x0, 0x5f, 0xf4, 0x1f, 0xf9,
    0x0, 0x0, 0x3, 0xff, 0x70, 0x0, 0x0, 0x4f,
    0xf4, 0x1f, 0xf7, 0x0, 0x0, 0x3, 0xff, 0x60,
    0x0, 0x0, 0x4f, 0xf4, 0x1f, 0xf7, 0x0, 0x0,
    0x3, 0xff, 0x60, 0x0, 0x0, 0x4f, 0xf4, 0x1f,
    0xf7, 0x0, 0x0, 0x3, 0xff, 0x60, 0x0, 0x0,
    0x4f, 0xf4, 0x1f, 0xf7, 0x0, 0x0, 0x3, 0xff,
    0x60, 0x0, 0x0, 0x4f, 0xf4, 0x1f, 0xf7, 0x0,
    0x0, 0x3, 0xff, 0x60, 0x0, 0x0, 0x4f, 0xf4,
    0x1f, 0xf7, 0x0, 0x0, 0x3, 0xff, 0x60, 0x0,
    0x0, 0x4f, 0xf4, 0x1f, 0xf7, 0x0, 0x0, 0x3,
    0xff, 0x60, 0x0, 0x0, 0x4f, 0xf4, 0x1f, 0xf7,
    0x0, 0x0, 0x3, 0xff, 0x60, 0x0, 0x0, 0x4f,
    0xf4, 0x1f, 0xf7, 0x0, 0x0, 0x3, 0xff, 0x60,
    0x0, 0x0, 0x4f, 0xf4,

    /* U+1E42 "Ṃ" */
    0xcf, 0xff, 0x70, 0x0, 0x0, 0x0, 0x0, 0x0,
    0xef, 0xff, 0xcf, 0xff, 0xd0, 0x0, 0x0, 0x0,
    0x0, 0x3, 0xff, 0xff, 0xcf, 0xff, 0xf2, 0x0,
    0x0, 0x0, 0x0, 0x9, 0xff, 0xff, 0xcf, 0xde,
    0xf8, 0x0, 0x0, 0x0, 0x0, 0xe, 0xfd, 0xff,
    0xcf, 0xd9, 0xfd, 0x0, 0x0, 0x0, 0x0, 0x4f,
    0xda, 0xff, 0xcf, 0xd3, 0xff, 0x30, 0x0, 0x0,
    0x0, 0xaf, 0x7a, 0xff, 0xcf, 0xd0, 0xdf, 0x90,
    0x0, 0x0, 0x0, 0xff, 0x2a, 0xff, 0xcf, 0xd0,
    0x8f, 0xe0, 0x0, 0x0, 0x5, 0xfc, 0xa, 0xff,
    0xcf, 0xd0, 0x2f, 0xf4, 0x0, 0x0, 0xb, 0xf6,
    0xa, 0xff, 0xcf, 0xd0, 0xd, 0xf9, 0x0, 0x0,
    0x1f, 0xf1, 0xa, 0xff, 0xcf, 0xd0, 0x7, 0xfe,
    0x0, 0x0, 0x7f, 0xb0, 0xa, 0xff, 0xcf, 0xd0,
    0x2, 0xff, 0x40, 0x0, 0xcf, 0x50, 0xa, 0xff,
    0xcf, 0xd0, 0x0, 0xcf, 0xa0, 0x2, 0xff, 0x0,
    0xa, 0xff, 0xcf, 0xd0, 0x0, 0x6f, 0xf0, 0x8,
    0xfa, 0x0, 0xa, 0xff, 0xcf, 0xd0, 0x0, 0x1f,
    0xf5, 0xd, 0xf4, 0x0, 0xa, 0xff, 0xcf, 0xd0,
    0x0, 0xb, 0xfa, 0x3f, 0xe0, 0x0, 0xa, 0xff,
    0xcf, 0xd0, 0x0, 0x6, 0xff, 0x9f, 0x80, 0x0,
    0xa, 0xff, 0xcf, 0xd0, 0x0, 0x0, 0xff, 0xff,
    0x30, 0x0, 0xa, 0xff, 0xcf, 0xd0, 0x0, 0x0,
    0xaf, 0xfd, 0x0, 0x0, 0xa, 0xff, 0xcf, 0xd0,
    0x0, 0x0, 0x5f, 0xf7, 0x0, 0x0, 0xa, 0xff,
    0x0, 0x0, 0x0, 0x0, 0x0, 0x0, 0x0, 0x0,
    0x0, 0x0, 0x0, 0x0, 0x0, 0x0, 0x0, 0x0,
    0x0, 0x0, 0x0, 0x0, 0x0, 0x0, 0x0, 0x0,
    0x0, 0x0, 0x0, 0x0, 0x0, 0x0, 0x0, 0x0,
    0x0, 0x0, 0xd, 0xd8, 0x0, 0x0, 0x0, 0x0,
    0x0, 0x0, 0x0, 0x0, 0xf, 0xf9, 0x0, 0x0,
    0x0, 0x0, 0x0, 0x0, 0x0, 0x0, 0xf, 0xf9,
    0x0, 0x0, 0x0, 0x0,

    /* U+1E43 "ṃ" */
    0x1f, 0xf2, 0x18, 0xdf, 0xeb, 0x40, 0x1, 0x8d,
    0xfe, 0xb4, 0x0, 0x1f, 0xf4, 0xef, 0xff, 0xff,
    0xf5, 0x2e, 0xff, 0xff, 0xff, 0x50, 0x1f, 0xfe,
    0xf8, 0x33, 0x7f, 0xfe, 0xdf, 0x73, 0x38, 0xff,
    0xd0, 0x1f, 0xff, 0x50, 0x0, 0x8, 0xff, 0xf3,
    0x0, 0x0, 0x9f, 0xf2, 0x1f, 0xfd, 0x0, 0x0,
    0x4, 0xff, 0xa0, 0x0, 0x0, 0x5f, 0xf4, 0x1f,
    0xf9, 0x0, 0x0, 0x3, 0xff, 0x70, 0x0, 0x0,
    0x4f, 0xf4, 0x1f, 0xf7, 0x0, 0x0, 0x3, 0xff,
    0x60, 0x0, 0x0, 0x4f, 0xf4, 0x1f, 0xf7, 0x0,
    0x0, 0x3, 0xff, 0x60, 0x0, 0x0, 0x4f, 0xf4,
    0x1f, 0xf7, 0x0, 0x0, 0x3, 0xff, 0x60, 0x0,
    0x0, 0x4f, 0xf4, 0x1f, 0xf7, 0x0, 0x0, 0x3,
    0xff, 0x60, 0x0, 0x0, 0x4f, 0xf4, 0x1f, 0xf7,
    0x0, 0x0, 0x3, 0xff, 0x60, 0x0, 0x0, 0x4f,
    0xf4, 0x1f, 0xf7, 0x0, 0x0, 0x3, 0xff, 0x60,
    0x0, 0x0, 0x4f, 0xf4, 0x1f, 0xf7, 0x0, 0x0,
    0x3, 0xff, 0x60, 0x0, 0x0, 0x4f, 0xf4, 0x1f,
    0xf7, 0x0, 0x0, 0x3, 0xff, 0x60, 0x0, 0x0,
    0x4f, 0xf4, 0x1f, 0xf7, 0x0, 0x0, 0x3, 0xff,
    0x60, 0x0, 0x0, 0x4f, 0xf4, 0x0, 0x0, 0x0,
    0x0, 0x0, 0x0, 0x0, 0x0, 0x0, 0x0, 0x0,
    0x0, 0x0, 0x0, 0x0, 0x0, 0x0, 0x0, 0x0,
    0x0, 0x0, 0x0, 0x0, 0x0, 0x0, 0x0, 0x0,
    0x0, 0x0, 0x0, 0x0, 0x0, 0x0, 0x0, 0x0,
    0x0, 0x0, 0x0, 0xdd, 0x80, 0x0, 0x0, 0x0,
    0x0, 0x0, 0x0, 0x0, 0x0, 0x0, 0xff, 0x90,
    0x0, 0x0, 0x0, 0x0, 0x0, 0x0, 0x0, 0x0,
    0x0, 0xff, 0x90, 0x0, 0x0, 0x0, 0x0,

    /* U+1E44 "Ṅ" */
    0x0, 0x0, 0x0, 0x9, 0xff, 0x0, 0x0, 0x0,
    0x0, 0x0, 0x0, 0x0, 0x9f, 0xf0, 0x0, 0x0,
    0x0, 0x0, 0x0, 0x0, 0x8, 0xdd, 0x0, 0x0,
    0x0, 0x0, 0x0, 0x0, 0x0, 0x0, 0x0, 0x0,
    0x0, 0x0, 0x0, 0x0, 0x0, 0x0, 0x0, 0x0,
    0x0, 0x0, 0xb, 0xff, 0x60, 0x0, 0x0, 0x0,
    0x0, 0xf, 0xfa, 0xbf, 0xff, 0x20, 0x0, 0x0,
    0x0, 0x0, 0xff, 0xab, 0xff, 0xfc, 0x0, 0x0,
    0x0, 0x0, 0xf, 0xfa, 0xbf, 0xff, 0xf8, 0x0,
    0x0, 0x0, 0x0, 0xff, 0xab, 0xfe, 0xdf, 0xf3,
    0x0, 0x0, 0x0, 0xf, 0xfa, 0xbf, 0xe3, 0xff,
    0xd0, 0x0, 0x0, 0x0, 0xff, 0xab, 0xfe, 0x8,
    0xff, 0x90, 0x0, 0x0, 0xf, 0xfa, 0xbf, 0xe0,
    0xd, 0xff, 0x40, 0x0, 0x0, 0xff, 0xab, 0xfe,
    0x0, 0x2f, 0xfe, 0x10, 0x0, 0xf, 0xfa, 0xbf,
    0xe0, 0x0, 0x7f, 0xfa, 0x0, 0x0, 0xff, 0xab,
    0xfe, 0x0, 0x0, 0xcf, 0xf5, 0x0, 0xf, 0xfa,
    0xbf, 0xe0, 0x0, 0x2, 0xff, 0xe1, 0x0, 0xff,
    0xab, 0xfe, 0x0, 0x0, 0x6, 0xff, 0xb0, 0xf,
    0xfa, 0xbf, 0xe0, 0x0, 0x0, 0xb, 0xff, 0x60,
    0xff, 0xab, 0xfe, 0x0, 0x0, 0x0, 0x1e, 0xff,
    0x2f, 0xfa, 0xbf, 0xe0, 0x0, 0x0, 0x0, 0x5f,
    0xfc, 0xff, 0xab, 0xfe, 0x0, 0x0, 0x0, 0x0,
    0x9f, 0xff, 0xfa, 0xbf, 0xe0, 0x0, 0x0, 0x0,
    0x0, 0xef, 0xff, 0xab, 0xfe, 0x0, 0x0, 0x0,
    0x0, 0x3, 0xff, 0xfa, 0xbf, 0xe0, 0x0, 0x0,
    0x0, 0x0, 0x8, 0xff, 0xa0,

    /* U+1E45 "ṅ" */
    0x0, 0x0, 0x0, 0x8f, 0xf1, 0x0, 0x0, 0x0,
    0x0, 0x0, 0x8f, 0xf1, 0x0, 0x0, 0x0, 0x0,
    0x0, 0x6d, 0xd1, 0x0, 0x0, 0x0, 0x0, 0x0,
    0x0, 0x0, 0x0, 0x0, 0x0, 0x0, 0x0, 0x0,
    0x0, 0x0, 0x0, 0xf, 0xf4, 0x7, 0xcf, 0xfd,
    0x81, 0x0, 0xf, 0xf5, 0xcf, 0xff, 0xff, 0xfe,
    0x20, 0xf, 0xfe, 0xfa, 0x42, 0x4c, 0xff, 0xb0,
    0xf, 0xff, 0x60, 0x0, 0x0, 0xdf, 0xf0, 0xf,
    0xfd, 0x0, 0x0, 0x0, 0x7f, 0xf2, 0xf, 0xfa,
    0x0, 0x0, 0x0, 0x6f, 0xf3, 0xf, 0xf8, 0x0,
    0x0, 0x0, 0x5f, 0xf3, 0xf, 0xf8, 0x0, 0x0,
    0x0, 0x5f, 0xf3, 0xf, 0xf8, 0x0, 0x0, 0x0,
    0x5f, 0xf3, 0xf, 0xf8, 0x0, 0x0, 0x0, 0x5f,
    0xf3, 0xf, 0xf8, 0x0, 0x0, 0x0, 0x5f, 0xf3,
    0xf, 0xf8, 0x0, 0x0, 0x0, 0x5f, 0xf3, 0xf,
    0xf8, 0x0, 0x0, 0x0, 0x5f, 0xf3, 0xf, 0xf8,
    0x0, 0x0, 0x0, 0x5f, 0xf3, 0xf, 0xf8, 0x0,
    0x0, 0x0, 0x5f, 0xf3,

    /* U+1E46 "Ṇ" */
    0xbf, 0xf6, 0x0, 0x0, 0x0, 0x0, 0x0, 0xff,
    0xab, 0xff, 0xf2, 0x0, 0x0, 0x0, 0x0, 0xf,
    0xfa, 0xbf, 0xff, 0xc0, 0x0, 0x0, 0x0, 0x0,
    0xff, 0xab, 0xff, 0xff, 0x80, 0x0, 0x0, 0x0,
    0xf, 0xfa, 0xbf, 0xed, 0xff, 0x30, 0x0, 0x0,
    0x0, 0xff, 0xab, 0xfe, 0x3f, 0xfd, 0x0, 0x0,
    0x0, 0xf, 0xfa, 0xbf, 0xe0, 0x8f, 0xf9, 0x0,
    0x0, 0x0, 0xff, 0xab, 0xfe, 0x0, 0xdf, 0xf4,
    0x0, 0x0, 0xf, 0xfa, 0xbf, 0xe0, 0x2, 0xff,
    0xe1, 0x0, 0x0, 0xff, 0xab, 0xfe, 0x0, 0x7,
    0xff, 0xa0, 0x0, 0xf, 0xfa, 0xbf, 0xe0, 0x0,
    0xc, 0xff, 0x50, 0x0, 0xff, 0xab, 0xfe, 0x0,
    0x0, 0x2f, 0xfe, 0x10, 0xf, 0xfa, 0xbf, 0xe0,
    0x0, 0x0, 0x6f, 0xfb, 0x0, 0xff, 0xab, 0xfe,
    0x0, 0x0, 0x0, 0xbf, 0xf6, 0xf, 0xfa, 0xbf,
    0xe0, 0x0, 0x0, 0x1, 0xef, 0xf2, 0xff, 0xab,
    0xfe, 0x0, 0x0, 0x0, 0x5, 0xff, 0xcf, 0xfa,
    0xbf, 0xe0, 0x0, 0x0, 0x0, 0x9, 0xff, 0xff,
    0xab, 0xfe, 0x0, 0x0, 0x0, 0x0, 0xe, 0xff,
    0xfa, 0xbf, 0xe0, 0x0, 0x0, 0x0, 0x0, 0x3f,
    0xff, 0xab, 0xfe, 0x0, 0x0, 0x0, 0x0, 0x0,
    0x8f, 0xfa, 0x0, 0x0, 0x0, 0x0, 0x0, 0x0,
    0x0, 0x0, 0x0, 0x0, 0x0, 0x0, 0x0, 0x0,
    0x0, 0x0, 0x0, 0x0, 0x0, 0x0, 0x0, 0x0,
    0x0, 0x0, 0x0, 0x0, 0x0, 0x0, 0x0, 0x8d,
    0xd0, 0x0, 0x0, 0x0, 0x0, 0x0, 0x0, 0x9,
    0xff, 0x0, 0x0, 0x0, 0x0, 0x0, 0x0, 0x0,
    0x9f, 0xf0, 0x0, 0x0, 0x0,

    /* U+1E47 "ṇ" */
    0xf, 0xf4, 0x7, 0xcf, 0xfd, 0x81, 0x0, 0xf,
    0xf5, 0xcf, 0xff, 0xff, 0xfe, 0x20, 0xf, 0xfe,
    0xfa, 0x42, 0x4c, 0xff, 0xb0, 0xf, 0xff, 0x60,
    0x0, 0x0, 0xdf, 0xf0, 0xf, 0xfd, 0x0, 0x0,
    0x0, 0x7f, 0xf2, 0xf, 0xfa, 0x0, 0x0, 0x0,
    0x6f, 0xf3, 0xf, 0xf8, 0x0, 0x0, 0x0, 0x5f,
    0xf3, 0xf, 0xf8, 0x0, 0x0, 0x0, 0x5f, 0xf3,
    0xf, 0xf8, 0x0, 0x0, 0x0, 0x5f, 0xf3, 0xf,
    0xf8, 0x0, 0x0, 0x0, 0x5f, 0xf3, 0xf, 0xf8,
    0x0, 0x0, 0x0, 0x5f, 0xf3, 0xf, 0xf8, 0x0,
    0x0, 0x0, 0x5f, 0xf3, 0xf, 0xf8, 0x0, 0x0,
    0x0, 0x5f, 0xf3, 0xf, 0xf8, 0x0, 0x0, 0x0,
    0x5f, 0xf3, 0xf, 0xf8, 0x0, 0x0, 0x0, 0x5f,
    0xf3, 0x0, 0x0, 0x0, 0x0, 0x0, 0x0, 0x0,
    0x0, 0x0, 0x0, 0x0, 0x0, 0x0, 0x0, 0x0,
    0x0, 0x0, 0x0, 0x0, 0x0, 0x0, 0x0, 0x0,
    0x0, 0xcd, 0x90, 0x0, 0x0, 0x0, 0x0, 0x0,
    0xef, 0xb0, 0x0, 0x0, 0x0, 0x0, 0x0, 0xef,
    0xb0, 0x0, 0x0,

    /* U+1E48 "Ṉ" */
    0xbf, 0xf6, 0x0, 0x0, 0x0, 0x0, 0x0, 0xff,
    0xab, 0xff, 0xf2, 0x0, 0x0, 0x0, 0x0, 0xf,
    0xfa, 0xbf, 0xff, 0xc0, 0x0, 0x0, 0x0, 0x0,
    0xff, 0xab, 0xff, 0xff, 0x80, 0x0, 0x0, 0x0,
    0xf, 0xfa, 0xbf, 0xed, 0xff, 0x30, 0x0, 0x0,
    0x0, 0xff, 0xab, 0xfe, 0x3f, 0xfd, 0x0, 0x0,
    0x0, 0xf, 0xfa, 0xbf, 0xe0, 0x8f, 0xf9, 0x0,
    0x0, 0x0, 0xff, 0xab, 0xfe, 0x0, 0xdf, 0xf4,
    0x0, 0x0, 0xf, 0xfa, 0xbf, 0xe0, 0x2, 0xff,
    0xe1, 0x0, 0x0, 0xff, 0xab, 0xfe, 0x0, 0x7,
    0xff, 0xa0, 0x0, 0xf, 0xfa, 0xbf, 0xe0, 0x0,
    0xc, 0xff, 0x50, 0x0, 0xff, 0xab, 0xfe, 0x0,
    0x0, 0x2f, 0xfe, 0x10, 0xf, 0xfa, 0xbf, 0xe0,
    0x0, 0x0, 0x6f, 0xfb, 0x0, 0xff, 0xab, 0xfe,
    0x0, 0x0, 0x0, 0xbf, 0xf6, 0xf, 0xfa, 0xbf,
    0xe0, 0x0, 0x0, 0x1, 0xef, 0xf2, 0xff, 0xab,
    0xfe, 0x0, 0x0, 0x0, 0x5, 0xff, 0xcf, 0xfa,
    0xbf, 0xe0, 0x0, 0x0, 0x0, 0x9, 0xff, 0xff,
    0xab, 0xfe, 0x0, 0x0, 0x0, 0x0, 0xe, 0xff,
    0xfa, 0xbf, 0xe0, 0x0, 0x0, 0x0, 0x0, 0x3f,
    0xff, 0xab, 0xfe, 0x0, 0x0, 0x0, 0x0, 0x0,
    0x8f, 0xfa, 0x0, 0x0, 0x0, 0x0, 0x0, 0x0,
    0x0, 0x0, 0x0, 0x0, 0x0, 0x0, 0x0, 0x0,
    0x0, 0x0, 0x0, 0x0, 0x0, 0x0, 0x0, 0x0,
    0x0, 0x0, 0x0, 0x0, 0x0, 0xe, 0xff, 0xff,
    0xff, 0xfe, 0x0, 0x0, 0x0, 0x0, 0xef, 0xff,
    0xff, 0xff, 0xe0, 0x0, 0x0, 0x0, 0x1, 0x11,
    0x11, 0x11, 0x11, 0x0, 0x0,

    /* U+1E49 "ṉ" */
    0xf, 0xf4, 0x7, 0xcf, 0xfd, 0x81, 0x0, 0xf,
    0xf5, 0xcf, 0xff, 0xff, 0xfe, 0x20, 0xf, 0xfe,
    0xfa, 0x42, 0x4c, 0xff, 0xb0, 0xf, 0xff, 0x60,
    0x0, 0x0, 0xdf, 0xf0, 0xf, 0xfd, 0x0, 0x0,
    0x0, 0x7f, 0xf2, 0xf, 0xfa, 0x0, 0x0, 0x0,
    0x6f, 0xf3, 0xf, 0xf8, 0x0, 0x0, 0x0, 0x5f,
    0xf3, 0xf, 0xf8, 0x0, 0x0, 0x0, 0x5f, 0xf3,
    0xf, 0xf8, 0x0, 0x0, 0x0, 0x5f, 0xf3, 0xf,
    0xf8, 0x0, 0x0, 0x0, 0x5f, 0xf3, 0xf, 0xf8,
    0x0, 0x0, 0x0, 0x5f, 0xf3, 0xf, 0xf8, 0x0,
    0x0, 0x0, 0x5f, 0xf3, 0xf, 0xf8, 0x0, 0x0,
    0x0, 0x5f, 0xf3, 0xf, 0xf8, 0x0, 0x0, 0x0,
    0x5f, 0xf3, 0xf, 0xf8, 0x0, 0x0, 0x0, 0x5f,
    0xf3, 0x0, 0x0, 0x0, 0x0, 0x0, 0x0, 0x0,
    0x0, 0x0, 0x0, 0x0, 0x0, 0x0, 0x0, 0x0,
    0x0, 0x0, 0x0, 0x0, 0x0, 0x0, 0x0, 0x4f,
    0xff, 0xff, 0xff, 0xf9, 0x0, 0x0, 0x4f, 0xff,
    0xff, 0xff, 0xf9, 0x0, 0x0, 0x1, 0x11, 0x11,
    0x11, 0x10, 0x0,

    /* U+1E4A "Ṋ" */
    0xbf, 0xf6, 0x0, 0x0, 0x0, 0x0, 0x0, 0xff,
    0xab, 0xff, 0xf2, 0x0, 0x0, 0x0, 0x0, 0xf,
    0xfa, 0xbf, 0xff, 0xc0, 0x0, 0x0, 0x0, 0x0,
    0xff, 0xab, 0xff, 0xff, 0x80, 0x0, 0x0, 0x0,
    0xf, 0xfa, 0xbf, 0xed, 0xff, 0x30, 0x0, 0x0,
    0x0, 0xff, 0xab, 0xfe, 0x3f, 0xfd, 0x0, 0x0,
    0x0, 0xf, 0xfa, 0xbf, 0xe0, 0x8f, 0xf9, 0x0,
    0x0, 0x0, 0xff, 0xab, 0xfe, 0x0, 0xdf, 0xf4,
    0x0, 0x0, 0xf, 0xfa, 0xbf, 0xe0, 0x2, 0xff,
    0xe1, 0x0, 0x0, 0xff, 0xab, 0xfe, 0x0, 0x7,
    0xff, 0xa0, 0x0, 0xf, 0xfa, 0xbf, 0xe0, 0x0,
    0xc, 0xff, 0x50, 0x0, 0xff, 0xab, 0xfe, 0x0,
    0x0, 0x2f, 0xfe, 0x10, 0xf, 0xfa, 0xbf, 0xe0,
    0x0, 0x0, 0x6f, 0xfb, 0x0, 0xff, 0xab, 0xfe,
    0x0, 0x0, 0x0, 0xbf, 0xf6, 0xf, 0xfa, 0xbf,
    0xe0, 0x0, 0x0, 0x1, 0xef, 0xf2, 0xff, 0xab,
    0xfe, 0x0, 0x0, 0x0, 0x5, 0xff, 0xcf, 0xfa,
    0xbf, 0xe0, 0x0, 0x0, 0x0, 0x9, 0xff, 0xff,
    0xab, 0xfe, 0x0, 0x0, 0x0, 0x0, 0xe, 0xff,
    0xfa, 0xbf, 0xe0, 0x0, 0x0, 0x0, 0x0, 0x3f,
    0xff, 0xab, 0xfe, 0x0, 0x0, 0x0, 0x0, 0x0,
    0x8f, 0xfa, 0x0, 0x0, 0x0, 0x0, 0x0, 0x0,
    0x0, 0x0, 0x0, 0x0, 0x0, 0x0, 0x0, 0x0,
    0x0, 0x0, 0x0, 0x0, 0x0, 0x0, 0xc, 0xee,
    0x70, 0x0, 0x0, 0x0, 0x0, 0x0, 0x9, 0xfe,
    0xff, 0x50, 0x0, 0x0, 0x0, 0x0, 0x6, 0xff,
    0x58, 0xff, 0x20, 0x0, 0x0, 0x0, 0x3, 0xff,
    0xa0, 0xd, 0xfd, 0x10, 0x0,

    /* U+1E4B "ṋ" */
    0xf, 0xf4, 0x7, 0xcf, 0xfd, 0x81, 0x0, 0xf,
    0xf5, 0xcf, 0xff, 0xff, 0xfe, 0x20, 0xf, 0xfe,
    0xfa, 0x42, 0x4c, 0xff, 0xb0, 0xf, 0xff, 0x60,
    0x0, 0x0, 0xdf, 0xf0, 0xf, 0xfd, 0x0, 0x0,
    0x0, 0x7f, 0xf2, 0xf, 0xfa, 0x0, 0x0, 0x0,
    0x6f, 0xf3, 0xf, 0xf8, 0x0, 0x0, 0x0, 0x5f,
    0xf3, 0xf, 0xf8, 0x0, 0x0, 0x0, 0x5f, 0xf3,
    0xf, 0xf8, 0x0, 0x0, 0x0, 0x5f, 0xf3, 0xf,
    0xf8, 0x0, 0x0, 0x0, 0x5f, 0xf3, 0xf, 0xf8,
    0x0, 0x0, 0x0, 0x5f, 0xf3, 0xf, 0xf8, 0x0,
    0x0, 0x0, 0x5f, 0xf3, 0xf, 0xf8, 0x0, 0x0,
    0x0, 0x5f, 0xf3, 0xf, 0xf8, 0x0, 0x0, 0x0,
    0x5f, 0xf3, 0xf, 0xf8, 0x0, 0x0, 0x0, 0x5f,
    0xf3, 0x0, 0x0, 0x0, 0x0, 0x0, 0x0, 0x0,
    0x0, 0x0, 0x0, 0x0, 0x0, 0x0, 0x0, 0x0,
    0x0, 0x9, 0xee, 0xa0, 0x0, 0x0, 0x0, 0x0,
    0x7f, 0xfe, 0xf8, 0x0, 0x0, 0x0, 0x3, 0xff,
    0x85, 0xff, 0x50, 0x0, 0x0, 0x1e, 0xfc, 0x0,
    0xaf, 0xf2, 0x0,

    /* U+1E4C "Ṍ" */
    0x0, 0x0, 0x0, 0x0, 0x0, 0x9e, 0xe7, 0x0,
    0x0, 0x0, 0x0, 0x0, 0x0, 0x0, 0x0, 0x2f,
    0xfc, 0x0, 0x0, 0x0, 0x0, 0x0, 0x0, 0x0,
    0x0, 0x9, 0xfe, 0x10, 0x0, 0x0, 0x0, 0x0,
    0x0, 0x0, 0x0, 0x1, 0xff, 0x30, 0x0, 0x0,
    0x0, 0x0, 0x0, 0x0, 0x0, 0x0, 0x0, 0x0,
    0x0, 0x0, 0x0, 0x0, 0x0, 0x0, 0x0, 0x1,
    0x9c, 0x80, 0x0, 0x9d, 0x0, 0x0, 0x0, 0x0,
    0x0, 0x0, 0xcf, 0xff, 0xd3, 0x2f, 0xe0, 0x0,
    0x0, 0x0, 0x0, 0x0, 0x3f, 0xb1, 0x6f, 0xff,
    0xf7, 0x0, 0x0, 0x0, 0x0, 0x0, 0x4, 0xd5,
    0x0, 0x3a, 0xc7, 0x0, 0x0, 0x0, 0x0, 0x0,
    0x0, 0x0, 0x0, 0x0, 0x0, 0x0, 0x0, 0x0,
    0x0, 0x0, 0x0, 0x0, 0x0, 0x0, 0x0, 0x0,
    0x0, 0x0, 0x0, 0x0, 0x0, 0x0, 0x5, 0xad,
    0xef, 0xec, 0x82, 0x0, 0x0, 0x0, 0x0, 0x0,
    0x5e, 0xff, 0xff, 0xff, 0xff, 0xfa, 0x10, 0x0,
    0x0, 0x0, 0x8f, 0xff, 0xd8, 0x55, 0x6a, 0xef,
    0xfe, 0x30, 0x0, 0x0, 0x7f, 0xfe, 0x50, 0x0,
    0x0, 0x1, 0x9f, 0xfe, 0x10, 0x0, 0x3f, 0xfe,
    0x20, 0x0, 0x0, 0x0, 0x0, 0x7f, 0xfc, 0x0,
    0xb, 0xff, 0x40, 0x0, 0x0, 0x0, 0x0, 0x0,
    0xbf, 0xf4, 0x1, 0xff, 0xd0, 0x0, 0x0, 0x0,
    0x0, 0x0, 0x3, 0xff, 0xa0, 0x5f, 0xf8, 0x0,
    0x0, 0x0, 0x0, 0x0, 0x0, 0xe, 0xfe, 0x8,
    0xff, 0x50, 0x0, 0x0, 0x0, 0x0, 0x0, 0x0,
    0xbf, 0xf1, 0x9f, 0xf4, 0x0, 0x0, 0x0, 0x0,
    0x0, 0x0, 0xa, 0xff, 0x29, 0xff, 0x30, 0x0,
    0x0, 0x0, 0x0, 0x0, 0x0, 0xaf, 0xf2, 0x8f,
    0xf4, 0x0, 0x0, 0x0, 0x0, 0x0, 0x0, 0xb,
    0xff, 0x16, 0xff, 0x70, 0x0, 0x0, 0x0, 0x0,
    0x0, 0x0, 0xef, 0xf0, 0x1f, 0xfc, 0x0, 0x0,
    0x0, 0x0, 0x0, 0x0, 0x4f, 0xfa, 0x0, 0xbf,
    0xf4, 0x0, 0x0, 0x0, 0x0, 0x0, 0xb, 0xff,
    0x40, 0x3, 0xff, 0xe2, 0x0, 0x0, 0x0, 0x0,
    0x8, 0xff, 0xc0, 0x0, 0x7, 0xff, 0xe4, 0x0,
    0x0, 0x0, 0x19, 0xff, 0xe2, 0x0, 0x0, 0x8,
    0xff, 0xfc, 0x85, 0x56, 0x9e, 0xff, 0xe3, 0x0,
    0x0, 0x0, 0x5, 0xdf, 0xff, 0xff, 0xff, 0xff,
    0xa1, 0x0, 0x0, 0x0, 0x0, 0x0, 0x5a, 0xde,
    0xfe, 0xc8, 0x30, 0x0, 0x0, 0x0,

    /* U+1E4D "ṍ" */
    0x0, 0x0, 0x0, 0xb, 0xee, 0x50, 0x0, 0x0,
    0x0, 0x0, 0x4, 0xff, 0x90, 0x0, 0x0, 0x0,
    0x0, 0x0, 0xcf, 0xc0, 0x0, 0x0, 0x0, 0x0,
    0x0, 0x4f, 0xe1, 0x0, 0x0, 0x0, 0x0, 0x0,
    0x0, 0x0, 0x0, 0x0, 0x0, 0x0, 0x0, 0x0,
    0x0, 0x0, 0x0, 0x0, 0x0, 0x0, 0x7, 0xef,
    0xb5, 0x14, 0xfb, 0x0, 0x0, 0x5, 0xff, 0xef,
    0xff, 0xff, 0x60, 0x0, 0x0, 0x8d, 0x20, 0x28,
    0xcb, 0x60, 0x0, 0x0, 0x0, 0x0, 0x0, 0x0,
    0x0, 0x0, 0x0, 0x0, 0x0, 0x0, 0x0, 0x0,
    0x0, 0x0, 0x0, 0x0, 0x29, 0xdf, 0xfd, 0x93,
    0x0, 0x0, 0x0, 0x7f, 0xff, 0xff, 0xff, 0xf9,
    0x0, 0x0, 0x8f, 0xfd, 0x51, 0x14, 0xcf, 0xf9,
    0x0, 0x2f, 0xfc, 0x0, 0x0, 0x0, 0xbf, 0xf4,
    0x8, 0xff, 0x30, 0x0, 0x0, 0x1, 0xff, 0xa0,
    0xcf, 0xd0, 0x0, 0x0, 0x0, 0xb, 0xfe, 0xe,
    0xfb, 0x0, 0x0, 0x0, 0x0, 0x8f, 0xf0, 0xff,
    0xa0, 0x0, 0x0, 0x0, 0x8, 0xff, 0x1e, 0xfb,
    0x0, 0x0, 0x0, 0x0, 0x9f, 0xf0, 0xcf, 0xd0,
    0x0, 0x0, 0x0, 0xc, 0xfe, 0x8, 0xff, 0x30,
    0x0, 0x0, 0x2, 0xff, 0xa0, 0x2f, 0xfc, 0x0,
    0x0, 0x0, 0xbf, 0xf4, 0x0, 0x8f, 0xfd, 0x51,
    0x14, 0xcf, 0xf9, 0x0, 0x0, 0x7f, 0xff, 0xff,
    0xff, 0xf8, 0x0, 0x0, 0x0, 0x28, 0xdf, 0xfd,
    0x92, 0x0, 0x0,

    /* U+1E4E "Ṏ" */
    0x0, 0x0, 0x0, 0x8d, 0xc0, 0x5, 0xdd, 0x20,
    0x0, 0x0, 0x0, 0x0, 0x0, 0xa, 0xff, 0x0,
    0x6f, 0xf3, 0x0, 0x0, 0x0, 0x0, 0x0, 0x0,
    0xaf, 0xf0, 0x6, 0xff, 0x30, 0x0, 0x0, 0x0,
    0x0, 0x0, 0x0, 0x0, 0x0, 0x0, 0x0, 0x0,
    0x0, 0x0, 0x0, 0x0, 0x0, 0x19, 0xc8, 0x0,
    0x9, 0xd0, 0x0, 0x0, 0x0, 0x0, 0x0, 0xc,
    0xff, 0xfd, 0x32, 0xfe, 0x0, 0x0, 0x0, 0x0,
    0x0, 0x3, 0xfb, 0x16, 0xff, 0xff, 0x70, 0x0,
    0x0, 0x0, 0x0, 0x0, 0x4d, 0x50, 0x3, 0xac,
    0x70, 0x0, 0x0, 0x0, 0x0, 0x0, 0x0, 0x0,
    0x0, 0x0, 0x0, 0x0, 0x0, 0x0, 0x0, 0x0,
    0x0, 0x0, 0x0, 0x0, 0x0, 0x0, 0x0, 0x0,
    0x0, 0x0, 0x0, 0x0, 0x5a, 0xde, 0xfe, 0xc8,
    0x20, 0x0, 0x0, 0x0, 0x0, 0x5, 0xef, 0xff,
    0xff, 0xff, 0xff, 0xa1, 0x0, 0x0, 0x0, 0x8,
    0xff, 0xfd, 0x85, 0x56, 0xae, 0xff, 0xe3, 0x0,
    0x0, 0x7, 0xff, 0xe5, 0x0, 0x0, 0x0, 0x19,
    0xff, 0xe1, 0x0, 0x3, 0xff, 0xe2, 0x0, 0x0,
    0x0, 0x0, 0x7, 0xff, 0xc0, 0x0, 0xbf, 0xf4,
    0x0, 0x0, 0x0, 0x0, 0x0, 0xb, 0xff, 0x40,
    0x1f, 0xfd, 0x0, 0x0, 0x0, 0x0, 0x0, 0x0,
    0x3f, 0xfa, 0x5, 0xff, 0x80, 0x0, 0x0, 0x0,
    0x0, 0x0, 0x0, 0xef, 0xe0, 0x8f, 0xf5, 0x0,
    0x0, 0x0, 0x0, 0x0, 0x0, 0xb, 0xff, 0x19,
    0xff, 0x40, 0x0, 0x0, 0x0, 0x0, 0x0, 0x0,
    0xaf, 0xf2, 0x9f, 0xf3, 0x0, 0x0, 0x0, 0x0,
    0x0, 0x0, 0xa, 0xff, 0x28, 0xff, 0x40, 0x0,
    0x0, 0x0, 0x0, 0x0, 0x0, 0xbf, 0xf1, 0x6f,
    0xf7, 0x0, 0x0, 0x0, 0x0, 0x0, 0x0, 0xe,
    0xff, 0x1, 0xff, 0xc0, 0x0, 0x0, 0x0, 0x0,
    0x0, 0x4, 0xff, 0xa0, 0xb, 0xff, 0x40, 0x0,
    0x0, 0x0, 0x0, 0x0, 0xbf, 0xf4, 0x0, 0x3f,
    0xfe, 0x20, 0x0, 0x0, 0x0, 0x0, 0x8f, 0xfc,
    0x0, 0x0, 0x7f, 0xfe, 0x40, 0x0, 0x0, 0x1,
    0x9f, 0xfe, 0x20, 0x0, 0x0, 0x8f, 0xff, 0xc8,
    0x55, 0x69, 0xef, 0xfe, 0x30, 0x0, 0x0, 0x0,
    0x5d, 0xff, 0xff, 0xff, 0xff, 0xfa, 0x10, 0x0,
    0x0, 0x0, 0x0, 0x5, 0xad, 0xef, 0xec, 0x83,
    0x0, 0x0, 0x0,

    /* U+1E4F "ṏ" */
    0x0, 0xa, 0xda, 0x0, 0x7d, 0xd0, 0x0, 0x0,
    0x0, 0xdf, 0xc0, 0x9, 0xff, 0x0, 0x0, 0x0,
    0xd, 0xfc, 0x0, 0x9f, 0xf0, 0x0, 0x0, 0x0,
    0x0, 0x0, 0x0, 0x0, 0x0, 0x0, 0x0, 0x0,
    0x0, 0x0, 0x0, 0x0, 0x0, 0x0, 0x0, 0x7e,
    0xfb, 0x51, 0x4f, 0xb0, 0x0, 0x0, 0x5f, 0xfe,
    0xff, 0xff, 0xf6, 0x0, 0x0, 0x8, 0xd2, 0x2,
    0x8c, 0xb6, 0x0, 0x0, 0x0, 0x0, 0x0, 0x0,
    0x0, 0x0, 0x0, 0x0, 0x0, 0x0, 0x0, 0x0,
    0x0, 0x0, 0x0, 0x0, 0x2, 0x9d, 0xff, 0xd9,
    0x30, 0x0, 0x0, 0x7, 0xff, 0xff, 0xff, 0xff,
    0x90, 0x0, 0x8, 0xff, 0xd5, 0x11, 0x4c, 0xff,
    0x90, 0x2, 0xff, 0xc0, 0x0, 0x0, 0xb, 0xff,
    0x40, 0x8f, 0xf3, 0x0, 0x0, 0x0, 0x1f, 0xfa,
    0xc, 0xfd, 0x0, 0x0, 0x0, 0x0, 0xbf, 0xe0,
    0xef, 0xb0, 0x0, 0x0, 0x0, 0x8, 0xff, 0xf,
    0xfa, 0x0, 0x0, 0x0, 0x0, 0x8f, 0xf1, 0xef,
    0xb0, 0x0, 0x0, 0x0, 0x9, 0xff, 0xc, 0xfd,
    0x0, 0x0, 0x0, 0x0, 0xcf, 0xe0, 0x8f, 0xf3,
    0x0, 0x0, 0x0, 0x2f, 0xfa, 0x2, 0xff, 0xc0,
    0x0, 0x0, 0xb, 0xff, 0x40, 0x8, 0xff, 0xd5,
    0x11, 0x4c, 0xff, 0x90, 0x0, 0x7, 0xff, 0xff,
    0xff, 0xff, 0x80, 0x0, 0x0, 0x2, 0x8d, 0xff,
    0xd9, 0x20, 0x0, 0x0,

    /* U+1E50 "Ṑ" */
    0x0, 0x0, 0x0, 0x8, 0xff, 0xa0, 0x0, 0x0,
    0x0, 0x0, 0x0, 0x0, 0x0, 0x0, 0xb, 0xff,
    0x20, 0x0, 0x0, 0x0, 0x0, 0x0, 0x0, 0x0,
    0x0, 0xd, 0xf9, 0x0, 0x0, 0x0, 0x0, 0x0,
    0x0, 0x0, 0x0, 0x0, 0x2d, 0xd1, 0x0, 0x0,
    0x0, 0x0, 0x0, 0x0, 0x0, 0x0, 0x0, 0x0,
    0x0, 0x0, 0x0, 0x0, 0x0, 0x0, 0x0, 0xf,
    0xff, 0xff, 0xff, 0xfe, 0x0, 0x0, 0x0, 0x0,
    0x0, 0x0, 0xff, 0xff, 0xff, 0xff, 0xe0, 0x0,
    0x0, 0x0, 0x0, 0x0, 0x0, 0x0, 0x0, 0x0,
    0x0, 0x0, 0x0, 0x0, 0x0, 0x0, 0x0, 0x0,
    0x0, 0x0, 0x0, 0x0, 0x0, 0x0, 0x0, 0x0,
    0x0, 0x0, 0x0, 0x0, 0x0, 0x0, 0x0, 0x0,
    0x0, 0x0, 0x0, 0x0, 0x5a, 0xde, 0xfe, 0xc8,
    0x20, 0x0, 0x0, 0x0, 0x0, 0x5, 0xef, 0xff,
    0xff, 0xff, 0xff, 0xa1, 0x0, 0x0, 0x0, 0x8,
    0xff, 0xfd, 0x85, 0x56, 0xae, 0xff, 0xe3, 0x0,
    0x0, 0x7, 0xff, 0xe5, 0x0, 0x0, 0x0, 0x19,
    0xff, 0xe1, 0x0, 0x3, 0xff, 0xe2, 0x0, 0x0,
    0x0, 0x0, 0x7, 0xff, 0xc0, 0x0, 0xbf, 0xf4,
    0x0, 0x0, 0x0, 0x0, 0x0, 0xb, 0xff, 0x40,
    0x1f, 0xfd, 0x0, 0x0, 0x0, 0x0, 0x0, 0x0,
    0x3f, 0xfa, 0x5, 0xff, 0x80, 0x0, 0x0, 0x0,
    0x0, 0x0, 0x0, 0xef, 0xe0, 0x8f, 0xf5, 0x0,
    0x0, 0x0, 0x0, 0x0, 0x0, 0xb, 0xff, 0x19,
    0xff, 0x40, 0x0, 0x0, 0x0, 0x0, 0x0, 0x0,
    0xaf, 0xf2, 0x9f, 0xf3, 0x0, 0x0, 0x0, 0x0,
    0x0, 0x0, 0xa, 0xff, 0x28, 0xff, 0x40, 0x0,
    0x0, 0x0, 0x0, 0x0, 0x0, 0xbf, 0xf1, 0x6f,
    0xf7, 0x0, 0x0, 0x0, 0x0, 0x0, 0x0, 0xe,
    0xff, 0x1, 0xff, 0xc0, 0x0, 0x0, 0x0, 0x0,
    0x0, 0x4, 0xff, 0xa0, 0xb, 0xff, 0x40, 0x0,
    0x0, 0x0, 0x0, 0x0, 0xbf, 0xf4, 0x0, 0x3f,
    0xfe, 0x20, 0x0, 0x0, 0x0, 0x0, 0x8f, 0xfc,
    0x0, 0x0, 0x7f, 0xfe, 0x40, 0x0, 0x0, 0x1,
    0x9f, 0xfe, 0x20, 0x0, 0x0, 0x8f, 0xff, 0xc8,
    0x55, 0x69, 0xef, 0xfe, 0x30, 0x0, 0x0, 0x0,
    0x5d, 0xff, 0xff, 0xff, 0xff, 0xfa, 0x10, 0x0,
    0x0, 0x0, 0x0, 0x5, 0xad, 0xef, 0xec, 0x83,
    0x0, 0x0, 0x0,

    /* U+1E51 "ṑ" */
    0x0, 0x2, 0xff, 0xf1, 0x0, 0x0, 0x0, 0x0,
    0x0, 0x5, 0xff, 0x80, 0x0, 0x0, 0x0, 0x0,
    0x0, 0x8, 0xff, 0x0, 0x0, 0x0, 0x0, 0x0,
    0x0, 0xa, 0xe6, 0x0, 0x0, 0x0, 0x0, 0x1,
    0x11, 0x11, 0x11, 0x10, 0x0, 0x0, 0x7, 0xff,
    0xff, 0xff, 0xff, 0x50, 0x0, 0x0, 0x7f, 0xff,
    0xff, 0xff, 0xf5, 0x0, 0x0, 0x0, 0x0, 0x0,
    0x0, 0x0, 0x0, 0x0, 0x0, 0x0, 0x0, 0x0,
    0x0, 0x0, 0x0, 0x0, 0x0, 0x0, 0x0, 0x0,
    0x0, 0x0, 0x0, 0x0, 0x2, 0x9d, 0xff, 0xd9,
    0x30, 0x0, 0x0, 0x7, 0xff, 0xff, 0xff, 0xff,
    0x90, 0x0, 0x8, 0xff, 0xd5, 0x11, 0x4c, 0xff,
    0x90, 0x2, 0xff, 0xc0, 0x0, 0x0, 0xb, 0xff,
    0x40, 0x8f, 0xf3, 0x0, 0x0, 0x0, 0x1f, 0xfa,
    0xc, 0xfd, 0x0, 0x0, 0x0, 0x0, 0xbf, 0xe0,
    0xef, 0xb0, 0x0, 0x0, 0x0, 0x8, 0xff, 0xf,
    0xfa, 0x0, 0x0, 0x0, 0x0, 0x8f, 0xf1, 0xef,
    0xb0, 0x0, 0x0, 0x0, 0x9, 0xff, 0xc, 0xfd,
    0x0, 0x0, 0x0, 0x0, 0xcf, 0xe0, 0x8f, 0xf3,
    0x0, 0x0, 0x0, 0x2f, 0xfa, 0x2, 0xff, 0xc0,
    0x0, 0x0, 0xb, 0xff, 0x40, 0x8, 0xff, 0xd5,
    0x11, 0x4c, 0xff, 0x90, 0x0, 0x7, 0xff, 0xff,
    0xff, 0xff, 0x80, 0x0, 0x0, 0x2, 0x8d, 0xff,
    0xd9, 0x20, 0x0, 0x0,

    /* U+1E52 "Ṓ" */
    0x0, 0x0, 0x0, 0x0, 0x0, 0xaf, 0xf7, 0x0,
    0x0, 0x0, 0x0, 0x0, 0x0, 0x0, 0x0, 0x2f,
    0xfa, 0x0, 0x0, 0x0, 0x0, 0x0, 0x0, 0x0,
    0x0, 0xa, 0xfd, 0x0, 0x0, 0x0, 0x0, 0x0,
    0x0, 0x0, 0x0, 0x1, 0xed, 0x20, 0x0, 0x0,
    0x0, 0x0, 0x0, 0x0, 0x0, 0x0, 0x0, 0x0,
    0x0, 0x0, 0x0, 0x0, 0x0, 0x0, 0x0, 0xf,
    0xff, 0xff, 0xff, 0xfe, 0x0, 0x0, 0x0, 0x0,
    0x0, 0x0, 0xff, 0xff, 0xff, 0xff, 0xe0, 0x0,
    0x0, 0x0, 0x0, 0x0, 0x0, 0x0, 0x0, 0x0,
    0x0, 0x0, 0x0, 0x0, 0x0, 0x0, 0x0, 0x0,
    0x0, 0x0, 0x0, 0x0, 0x0, 0x0, 0x0, 0x0,
    0x0, 0x0, 0x0, 0x0, 0x0, 0x0, 0x0, 0x0,
    0x0, 0x0, 0x0, 0x0, 0x5a, 0xde, 0xfe, 0xc8,
    0x20, 0x0, 0x0, 0x0, 0x0, 0x5, 0xef, 0xff,
    0xff, 0xff, 0xff, 0xa1, 0x0, 0x0, 0x0, 0x8,
    0xff, 0xfd, 0x85, 0x56, 0xae, 0xff, 0xe3, 0x0,
    0x0, 0x7, 0xff, 0xe5, 0x0, 0x0, 0x0, 0x19,
    0xff, 0xe1, 0x0, 0x3, 0xff, 0xe2, 0x0, 0x0,
    0x0, 0x0, 0x7, 0xff, 0xc0, 0x0, 0xbf, 0xf4,
    0x0, 0x0, 0x0, 0x0, 0x0, 0xb, 0xff, 0x40,
    0x1f, 0xfd, 0x0, 0x0, 0x0, 0x0, 0x0, 0x0,
    0x3f, 0xfa, 0x5, 0xff, 0x80, 0x0, 0x0, 0x0,
    0x0, 0x0, 0x0, 0xef, 0xe0, 0x8f, 0xf5, 0x0,
    0x0, 0x0, 0x0, 0x0, 0x0, 0xb, 0xff, 0x19,
    0xff, 0x40, 0x0, 0x0, 0x0, 0x0, 0x0, 0x0,
    0xaf, 0xf2, 0x9f, 0xf3, 0x0, 0x0, 0x0, 0x0,
    0x0, 0x0, 0xa, 0xff, 0x28, 0xff, 0x40, 0x0,
    0x0, 0x0, 0x0, 0x0, 0x0, 0xbf, 0xf1, 0x6f,
    0xf7, 0x0, 0x0, 0x0, 0x0, 0x0, 0x0, 0xe,
    0xff, 0x1, 0xff, 0xc0, 0x0, 0x0, 0x0, 0x0,
    0x0, 0x4, 0xff, 0xa0, 0xb, 0xff, 0x40, 0x0,
    0x0, 0x0, 0x0, 0x0, 0xbf, 0xf4, 0x0, 0x3f,
    0xfe, 0x20, 0x0, 0x0, 0x0, 0x0, 0x8f, 0xfc,
    0x0, 0x0, 0x7f, 0xfe, 0x40, 0x0, 0x0, 0x1,
    0x9f, 0xfe, 0x20, 0x0, 0x0, 0x8f, 0xff, 0xc8,
    0x55, 0x69, 0xef, 0xfe, 0x30, 0x0, 0x0, 0x0,
    0x5d, 0xff, 0xff, 0xff, 0xff, 0xfa, 0x10, 0x0,
    0x0, 0x0, 0x0, 0x5, 0xad, 0xef, 0xec, 0x83,
    0x0, 0x0, 0x0,

    /* U+1E53 "ṓ" */
    0x0, 0x0, 0x0, 0xd, 0xff, 0x50, 0x0, 0x0,
    0x0, 0x0, 0x5, 0xff, 0x80, 0x0, 0x0, 0x0,
    0x0, 0x0, 0xdf, 0xb0, 0x0, 0x0, 0x0, 0x0,
    0x0, 0x4e, 0xc0, 0x0, 0x0, 0x0, 0x0, 0x1,
    0x11, 0x11, 0x11, 0x10, 0x0, 0x0, 0x7, 0xff,
    0xff, 0xff, 0xff, 0x50, 0x0, 0x0, 0x7f, 0xff,
    0xff, 0xff, 0xf5, 0x0, 0x0, 0x0, 0x0, 0x0,
    0x0, 0x0, 0x0, 0x0, 0x0, 0x0, 0x0, 0x0,
    0x0, 0x0, 0x0, 0x0, 0x0, 0x0, 0x0, 0x0,
    0x0, 0x0, 0x0, 0x0, 0x2, 0x9d, 0xff, 0xd9,
    0x30, 0x0, 0x0, 0x7, 0xff, 0xff, 0xff, 0xff,
    0x90, 0x0, 0x8, 0xff, 0xd5, 0x11, 0x4c, 0xff,
    0x90, 0x2, 0xff, 0xc0, 0x0, 0x0, 0xb, 0xff,
    0x40, 0x8f, 0xf3, 0x0, 0x0, 0x0, 0x1f, 0xfa,
    0xc, 0xfd, 0x0, 0x0, 0x0, 0x0, 0xbf, 0xe0,
    0xef, 0xb0, 0x0, 0x0, 0x0, 0x8, 0xff, 0xf,
    0xfa, 0x0, 0x0, 0x0, 0x0, 0x8f, 0xf1, 0xef,
    0xb0, 0x0, 0x0, 0x0, 0x9, 0xff, 0xc, 0xfd,
    0x0, 0x0, 0x0, 0x0, 0xcf, 0xe0, 0x8f, 0xf3,
    0x0, 0x0, 0x0, 0x2f, 0xfa, 0x2, 0xff, 0xc0,
    0x0, 0x0, 0xb, 0xff, 0x40, 0x8, 0xff, 0xd5,
    0x11, 0x4c, 0xff, 0x90, 0x0, 0x7, 0xff, 0xff,
    0xff, 0xff, 0x80, 0x0, 0x0, 0x2, 0x8d, 0xff,
    0xd9, 0x20, 0x0, 0x0,

    /* U+1E54 "Ṕ" */
    0x0, 0x0, 0x0, 0x9, 0xff, 0x90, 0x0, 0x0,
    0x0, 0x0, 0x0, 0x1, 0xff, 0xb0, 0x0, 0x0,
    0x0, 0x0, 0x0, 0x0, 0x9f, 0xe1, 0x0, 0x0,
    0x0, 0x0, 0x0, 0x0, 0x1d, 0xe3, 0x0, 0x0,
    0x0, 0x0, 0x0, 0x0, 0x0, 0x0, 0x0, 0x0,
    0x0, 0x0, 0xc, 0xff, 0xff, 0xff, 0xff, 0xfe,
    0xb7, 0x10, 0x0, 0xcf, 0xff, 0xff, 0xff, 0xff,
    0xff, 0xfe, 0x30, 0xc, 0xff, 0x66, 0x66, 0x66,
    0x79, 0xdf, 0xff, 0x10, 0xcf, 0xf0, 0x0, 0x0,
    0x0, 0x0, 0xaf, 0xf9, 0xc, 0xff, 0x0, 0x0,
    0x0, 0x0, 0x1, 0xff, 0xe0, 0xcf, 0xf0, 0x0,
    0x0, 0x0, 0x0, 0xd, 0xff, 0xc, 0xff, 0x0,
    0x0, 0x0, 0x0, 0x0, 0xdf, 0xf0, 0xcf, 0xf0,
    0x0, 0x0, 0x0, 0x0, 0x1f, 0xfd, 0xc, 0xff,
    0x0, 0x0, 0x0, 0x0, 0x1c, 0xff, 0x80, 0xcf,
    0xf6, 0x66, 0x66, 0x67, 0xaf, 0xff, 0xd0, 0xc,
    0xff, 0xff, 0xff, 0xff, 0xff, 0xff, 0xc2, 0x0,
    0xcf, 0xff, 0xff, 0xff, 0xfe, 0xda, 0x40, 0x0,
    0xc, 0xff, 0x0, 0x0, 0x0, 0x0, 0x0, 0x0,
    0x0, 0xcf, 0xf0, 0x0, 0x0, 0x0, 0x0, 0x0,
    0x0, 0xc, 0xff, 0x0, 0x0, 0x0, 0x0, 0x0,
    0x0, 0x0, 0xcf, 0xf0, 0x0, 0x0, 0x0, 0x0,
    0x0, 0x0, 0xc, 0xff, 0x0, 0x0, 0x0, 0x0,
    0x0, 0x0, 0x0, 0xcf, 0xf0, 0x0, 0x0, 0x0,
    0x0, 0x0, 0x0, 0xc, 0xff, 0x0, 0x0, 0x0,
    0x0, 0x0, 0x0, 0x0, 0xcf, 0xf0, 0x0, 0x0,
    0x0, 0x0, 0x0, 0x0, 0x0,

    /* U+1E55 "ṕ" */
    0x0, 0x0, 0x0, 0xd, 0xff, 0x50, 0x0, 0x0,
    0x0, 0x0, 0x5, 0xff, 0x80, 0x0, 0x0, 0x0,
    0x0, 0x0, 0xdf, 0xb0, 0x0, 0x0, 0x0, 0x0,
    0x0, 0x4e, 0xc0, 0x0, 0x0, 0x0, 0x0, 0x0,
    0x0, 0x0, 0x0, 0x0, 0x0, 0x0, 0xff, 0x41,
    0x9d, 0xfe, 0xb5, 0x0, 0x0, 0xf, 0xf6, 0xef,
    0xff, 0xff, 0xfb, 0x0, 0x0, 0xff, 0xff, 0x81,
    0x2, 0xaf, 0xf9, 0x0, 0xf, 0xff, 0x70, 0x0,
    0x0, 0xaf, 0xf3, 0x0, 0xff, 0xd0, 0x0, 0x0,
    0x1, 0xff, 0x90, 0xf, 0xf8, 0x0, 0x0, 0x0,
    0xc, 0xfd, 0x0, 0xff, 0x50, 0x0, 0x0, 0x0,
    0xaf, 0xf0, 0xf, 0xf4, 0x0, 0x0, 0x0, 0x9,
    0xff, 0x0, 0xff, 0x50, 0x0, 0x0, 0x0, 0xaf,
    0xf0, 0xf, 0xf7, 0x0, 0x0, 0x0, 0xd, 0xfc,
    0x0, 0xff, 0xc0, 0x0, 0x0, 0x2, 0xff, 0x80,
    0xf, 0xff, 0x50, 0x0, 0x0, 0xbf, 0xf1, 0x0,
    0xff, 0xff, 0x82, 0x14, 0xcf, 0xf7, 0x0, 0xf,
    0xfa, 0xef, 0xff, 0xff, 0xf7, 0x0, 0x0, 0xff,
    0x81, 0x9e, 0xfe, 0xa3, 0x0, 0x0, 0xf, 0xf8,
    0x0, 0x0, 0x0, 0x0, 0x0, 0x0, 0xff, 0x80,
    0x0, 0x0, 0x0, 0x0, 0x0, 0xf, 0xf8, 0x0,
    0x0, 0x0, 0x0, 0x0, 0x0, 0xff, 0x80, 0x0,
    0x0, 0x0, 0x0, 0x0, 0xf, 0xf8, 0x0, 0x0,
    0x0, 0x0, 0x0, 0x0, 0xff, 0x80, 0x0, 0x0,
    0x0, 0x0, 0x0,

    /* U+1E56 "Ṗ" */
    0x0, 0x0, 0x1, 0xff, 0x80, 0x0, 0x0, 0x0,
    0x0, 0x0, 0x0, 0x1f, 0xf8, 0x0, 0x0, 0x0,
    0x0, 0x0, 0x0, 0x0, 0xdd, 0x70, 0x0, 0x0,
    0x0, 0x0, 0x0, 0x0, 0x0, 0x0, 0x0, 0x0,
    0x0, 0x0, 0x0, 0x0, 0x0, 0x0, 0x0, 0x0,
    0x0, 0x0, 0xc, 0xff, 0xff, 0xff, 0xff, 0xfe,
    0xb7, 0x10, 0x0, 0xcf, 0xff, 0xff, 0xff, 0xff,
    0xff, 0xfe, 0x30, 0xc, 0xff, 0x66, 0x66, 0x66,
    0x79, 0xdf, 0xff, 0x10, 0xcf, 0xf0, 0x0, 0x0,
    0x0, 0x0, 0xaf, 0xf9, 0xc, 0xff, 0x0, 0x0,
    0x0, 0x0, 0x1, 0xff, 0xe0, 0xcf, 0xf0, 0x0,
    0x0, 0x0, 0x0, 0xd, 0xff, 0xc, 0xff, 0x0,
    0x0, 0x0, 0x0, 0x0, 0xdf, 0xf0, 0xcf, 0xf0,
    0x0, 0x0, 0x0, 0x0, 0x1f, 0xfd, 0xc, 0xff,
    0x0, 0x0, 0x0, 0x0, 0x1c, 0xff, 0x80, 0xcf,
    0xf6, 0x66, 0x66, 0x67, 0xaf, 0xff, 0xd0, 0xc,
    0xff, 0xff, 0xff, 0xff, 0xff, 0xff, 0xc2, 0x0,
    0xcf, 0xff, 0xff, 0xff, 0xfe, 0xda, 0x40, 0x0,
    0xc, 0xff, 0x0, 0x0, 0x0, 0x0, 0x0, 0x0,
    0x0, 0xcf, 0xf0, 0x0, 0x0, 0x0, 0x0, 0x0,
    0x0, 0xc, 0xff, 0x0, 0x0, 0x0, 0x0, 0x0,
    0x0, 0x0, 0xcf, 0xf0, 0x0, 0x0, 0x0, 0x0,
    0x0, 0x0, 0xc, 0xff, 0x0, 0x0, 0x0, 0x0,
    0x0, 0x0, 0x0, 0xcf, 0xf0, 0x0, 0x0, 0x0,
    0x0, 0x0, 0x0, 0xc, 0xff, 0x0, 0x0, 0x0,
    0x0, 0x0, 0x0, 0x0, 0xcf, 0xf0, 0x0, 0x0,
    0x0, 0x0, 0x0, 0x0, 0x0,

    /* U+1E57 "ṗ" */
    0x0, 0x0, 0x0, 0xff, 0xa0, 0x0, 0x0, 0x0,
    0x0, 0x0, 0xf, 0xfa, 0x0, 0x0, 0x0, 0x0,
    0x0, 0x0, 0xdd, 0x80, 0x0, 0x0, 0x0, 0x0,
    0x0, 0x0, 0x0, 0x0, 0x0, 0x0, 0x0, 0x0,
    0x0, 0x0, 0x0, 0x0, 0x0, 0x0, 0xff, 0x41,
    0x9d, 0xfe, 0xb5, 0x0, 0x0, 0xf, 0xf6, 0xef,
    0xff, 0xff, 0xfb, 0x0, 0x0, 0xff, 0xff, 0x81,
    0x2, 0xaf, 0xf9, 0x0, 0xf, 0xff, 0x70, 0x0,
    0x0, 0xaf, 0xf3, 0x0, 0xff, 0xd0, 0x0, 0x0,
    0x1, 0xff, 0x90, 0xf, 0xf8, 0x0, 0x0, 0x0,
    0xc, 0xfd, 0x0, 0xff, 0x50, 0x0, 0x0, 0x0,
    0xaf, 0xf0, 0xf, 0xf4, 0x0, 0x0, 0x0, 0x9,
    0xff, 0x0, 0xff, 0x50, 0x0, 0x0, 0x0, 0xaf,
    0xf0, 0xf, 0xf7, 0x0, 0x0, 0x0, 0xd, 0xfc,
    0x0, 0xff, 0xc0, 0x0, 0x0, 0x2, 0xff, 0x80,
    0xf, 0xff, 0x50, 0x0, 0x0, 0xbf, 0xf1, 0x0,
    0xff, 0xff, 0x82, 0x14, 0xcf, 0xf7, 0x0, 0xf,
    0xfa, 0xef, 0xff, 0xff, 0xf7, 0x0, 0x0, 0xff,
    0x81, 0x9e, 0xfe, 0xa3, 0x0, 0x0, 0xf, 0xf8,
    0x0, 0x0, 0x0, 0x0, 0x0, 0x0, 0xff, 0x80,
    0x0, 0x0, 0x0, 0x0, 0x0, 0xf, 0xf8, 0x0,
    0x0, 0x0, 0x0, 0x0, 0x0, 0xff, 0x80, 0x0,
    0x0, 0x0, 0x0, 0x0, 0xf, 0xf8, 0x0, 0x0,
    0x0, 0x0, 0x0, 0x0, 0xff, 0x80, 0x0, 0x0,
    0x0, 0x0, 0x0,

    /* U+1E58 "Ṙ" */
    0x0, 0x0, 0x0, 0x2f, 0xf7, 0x0, 0x0, 0x0,
    0x0, 0x0, 0x0, 0x0, 0x2, 0xff, 0x70, 0x0,
    0x0, 0x0, 0x0, 0x0, 0x0, 0x0, 0x2d, 0xd5,
    0x0, 0x0, 0x0, 0x0, 0x0, 0x0, 0x0, 0x0,
    0x0, 0x0, 0x0, 0x0, 0x0, 0x0, 0x0, 0x0,
    0x0, 0x0, 0x0, 0x0, 0x0, 0x0, 0x0, 0xa,
    0xff, 0xff, 0xff, 0xff, 0xff, 0xec, 0x81, 0x0,
    0x0, 0xaf, 0xff, 0xff, 0xff, 0xff, 0xff, 0xff,
    0xf4, 0x0, 0xa, 0xff, 0x43, 0x33, 0x33, 0x34,
    0x6c, 0xff, 0xf1, 0x0, 0xaf, 0xf1, 0x0, 0x0,
    0x0, 0x0, 0xa, 0xff, 0x80, 0xa, 0xff, 0x10,
    0x0, 0x0, 0x0, 0x0, 0x1f, 0xfc, 0x0, 0xaf,
    0xf1, 0x0, 0x0, 0x0, 0x0, 0x0, 0xff, 0xe0,
    0xa, 0xff, 0x10, 0x0, 0x0, 0x0, 0x0, 0x2f,
    0xfc, 0x0, 0xaf, 0xf1, 0x0, 0x0, 0x0, 0x0,
    0x1c, 0xff, 0x70, 0xa, 0xff, 0x76, 0x66, 0x66,
    0x67, 0xaf, 0xff, 0xc0, 0x0, 0xaf, 0xff, 0xff,
    0xff, 0xff, 0xff, 0xff, 0x90, 0x0, 0xa, 0xff,
    0xff, 0xff, 0xff, 0xff, 0xb6, 0x10, 0x0, 0x0,
    0xaf, 0xf1, 0x0, 0x1, 0x6e, 0xff, 0x50, 0x0,
    0x0, 0xa, 0xff, 0x10, 0x0, 0x0, 0x2e, 0xff,
    0x70, 0x0, 0x0, 0xaf, 0xf1, 0x0, 0x0, 0x0,
    0x2f, 0xff, 0x40, 0x0, 0xa, 0xff, 0x10, 0x0,
    0x0, 0x0, 0x6f, 0xfe, 0x10, 0x0, 0xaf, 0xf1,
    0x0, 0x0, 0x0, 0x0, 0xcf, 0xfa, 0x0, 0xa,
    0xff, 0x10, 0x0, 0x0, 0x0, 0x2, 0xff, 0xf5,
    0x0, 0xaf, 0xf1, 0x0, 0x0, 0x0, 0x0, 0x7,
    0xff, 0xe1, 0xa, 0xff, 0x10, 0x0, 0x0, 0x0,
    0x0, 0xc, 0xff, 0xa0, 0xaf, 0xf1, 0x0, 0x0,
    0x0, 0x0, 0x0, 0x2f, 0xff, 0x40,

    /* U+1E59 "ṙ" */
    0x0, 0x7f, 0xf2, 0x0, 0x0, 0x0, 0x7f, 0xf2,
    0x0, 0x0, 0x0, 0x6d, 0xd1, 0x0, 0x0, 0x0,
    0x0, 0x0, 0x0, 0x0, 0x0, 0x0, 0x0, 0x0,
    0x0, 0x2f, 0xf2, 0x3c, 0xfd, 0x70, 0x2f, 0xf5,
    0xff, 0xff, 0xc0, 0x2f, 0xfe, 0xfb, 0x9c, 0x60,
    0x2f, 0xff, 0x60, 0x0, 0x0, 0x2f, 0xfe, 0x0,
    0x0, 0x0, 0x2f, 0xf9, 0x0, 0x0, 0x0, 0x2f,
    0xf7, 0x0, 0x0, 0x0, 0x2f, 0xf6, 0x0, 0x0,
    0x0, 0x2f, 0xf6, 0x0, 0x0, 0x0, 0x2f, 0xf6,
    0x0, 0x0, 0x0, 0x2f, 0xf6, 0x0, 0x0, 0x0,
    0x2f, 0xf6, 0x0, 0x0, 0x0, 0x2f, 0xf6, 0x0,
    0x0, 0x0, 0x2f, 0xf6, 0x0, 0x0, 0x0, 0x2f,
    0xf6, 0x0, 0x0, 0x0,

    /* U+1E5A "Ṛ" */
    0xaf, 0xff, 0xff, 0xff, 0xff, 0xfe, 0xc8, 0x10,
    0x0, 0xa, 0xff, 0xff, 0xff, 0xff, 0xff, 0xff,
    0xff, 0x40, 0x0, 0xaf, 0xf4, 0x33, 0x33, 0x33,
    0x46, 0xcf, 0xff, 0x10, 0xa, 0xff, 0x10, 0x0,
    0x0, 0x0, 0x0, 0xaf, 0xf8, 0x0, 0xaf, 0xf1,
    0x0, 0x0, 0x0, 0x0, 0x1, 0xff, 0xc0, 0xa,
    0xff, 0x10, 0x0, 0x0, 0x0, 0x0, 0xf, 0xfe,
    0x0, 0xaf, 0xf1, 0x0, 0x0, 0x0, 0x0, 0x2,
    0xff, 0xc0, 0xa, 0xff, 0x10, 0x0, 0x0, 0x0,
    0x1, 0xcf, 0xf7, 0x0, 0xaf, 0xf7, 0x66, 0x66,
    0x66, 0x7a, 0xff, 0xfc, 0x0, 0xa, 0xff, 0xff,
    0xff, 0xff, 0xff, 0xff, 0xf9, 0x0, 0x0, 0xaf,
    0xff, 0xff, 0xff, 0xff, 0xfb, 0x61, 0x0, 0x0,
    0xa, 0xff, 0x10, 0x0, 0x16, 0xef, 0xf5, 0x0,
    0x0, 0x0, 0xaf, 0xf1, 0x0, 0x0, 0x2, 0xef,
    0xf7, 0x0, 0x0, 0xa, 0xff, 0x10, 0x0, 0x0,
    0x2, 0xff, 0xf4, 0x0, 0x0, 0xaf, 0xf1, 0x0,
    0x0, 0x0, 0x6, 0xff, 0xe1, 0x0, 0xa, 0xff,
    0x10, 0x0, 0x0, 0x0, 0xc, 0xff, 0xa0, 0x0,
    0xaf, 0xf1, 0x0, 0x0, 0x0, 0x0, 0x2f, 0xff,
    0x50, 0xa, 0xff, 0x10, 0x0, 0x0, 0x0, 0x0,
    0x7f, 0xfe, 0x10, 0xaf, 0xf1, 0x0, 0x0, 0x0,
    0x0, 0x0, 0xcf, 0xfa, 0xa, 0xff, 0x10, 0x0,
    0x0, 0x0, 0x0, 0x2, 0xff, 0xf4, 0x0, 0x0,
    0x0, 0x0, 0x0, 0x0, 0x0, 0x0, 0x0, 0x0,
    0x0, 0x0, 0x0, 0x0, 0x0, 0x0, 0x0, 0x0,
    0x0, 0x0, 0x0, 0x0, 0x0, 0x0, 0x0, 0x0,
    0x0, 0x0, 0x0, 0x0, 0x0, 0x0, 0xdd, 0x70,
    0x0, 0x0, 0x0, 0x0, 0x0, 0x0, 0x0, 0xf,
    0xf9, 0x0, 0x0, 0x0, 0x0, 0x0, 0x0, 0x0,
    0x0, 0xff, 0x90, 0x0, 0x0, 0x0, 0x0,

    /* U+1E5B "ṛ" */
    0x2f, 0xf2, 0x3c, 0xfd, 0x70, 0x2f, 0xf5, 0xff,
    0xff, 0xc0, 0x2f, 0xfe, 0xfb, 0x9c, 0x60, 0x2f,
    0xff, 0x60, 0x0, 0x0, 0x2f, 0xfe, 0x0, 0x0,
    0x0, 0x2f, 0xf9, 0x0, 0x0, 0x0, 0x2f, 0xf7,
    0x0, 0x0, 0x0, 0x2f, 0xf6, 0x0, 0x0, 0x0,
    0x2f, 0xf6, 0x0, 0x0, 0x0, 0x2f, 0xf6, 0x0,
    0x0, 0x0, 0x2f, 0xf6, 0x0, 0x0, 0x0, 0x2f,
    0xf6, 0x0, 0x0, 0x0, 0x2f, 0xf6, 0x0, 0x0,
    0x0, 0x2f, 0xf6, 0x0, 0x0, 0x0, 0x2f, 0xf6,
    0x0, 0x0, 0x0, 0x0, 0x0, 0x0, 0x0, 0x0,
    0x0, 0x0, 0x0, 0x0, 0x0, 0x0, 0x0, 0x0,
    0x0, 0x0, 0x0, 0x5d, 0xd2, 0x0, 0x0, 0x0,
    0x7f, 0xf2, 0x0, 0x0, 0x0, 0x7f, 0xf2, 0x0,
    0x0,

    /* U+1E5C "Ṝ" */
    0x0, 0x0, 0x0, 0x0, 0x0, 0x0, 0x0, 0x0,
    0x0, 0x0, 0x0, 0x7f, 0xff, 0xff, 0xff, 0xf6,
    0x0, 0x0, 0x0, 0x0, 0x7, 0xff, 0xff, 0xff,
    0xff, 0x60, 0x0, 0x0, 0x0, 0x0, 0x0, 0x0,
    0x0, 0x0, 0x0, 0x0, 0x0, 0x0, 0x0, 0x0,
    0x0, 0x0, 0x0, 0x0, 0x0, 0x0, 0x0, 0xa,
    0xff, 0xff, 0xff, 0xff, 0xff, 0xec, 0x81, 0x0,
    0x0, 0xaf, 0xff, 0xff, 0xff, 0xff, 0xff, 0xff,
    0xf4, 0x0, 0xa, 0xff, 0x43, 0x33, 0x33, 0x34,
    0x6c, 0xff, 0xf1, 0x0, 0xaf, 0xf1, 0x0, 0x0,
    0x0, 0x0, 0xa, 0xff, 0x80, 0xa, 0xff, 0x10,
    0x0, 0x0, 0x0, 0x0, 0x1f, 0xfc, 0x0, 0xaf,
    0xf1, 0x0, 0x0, 0x0, 0x0, 0x0, 0xff, 0xe0,
    0xa, 0xff, 0x10, 0x0, 0x0, 0x0, 0x0, 0x2f,
    0xfc, 0x0, 0xaf, 0xf1, 0x0, 0x0, 0x0, 0x0,
    0x1c, 0xff, 0x70, 0xa, 0xff, 0x76, 0x66, 0x66,
    0x67, 0xaf, 0xff, 0xc0, 0x0, 0xaf, 0xff, 0xff,
    0xff, 0xff, 0xff, 0xff, 0x90, 0x0, 0xa, 0xff,
    0xff, 0xff, 0xff, 0xff, 0xb6, 0x10, 0x0, 0x0,
    0xaf, 0xf1, 0x0, 0x1, 0x6e, 0xff, 0x50, 0x0,
    0x0, 0xa, 0xff, 0x10, 0x0, 0x0, 0x2e, 0xff,
    0x70, 0x0, 0x0, 0xaf, 0xf1, 0x0, 0x0, 0x0,
    0x2f, 0xff, 0x40, 0x0, 0xa, 0xff, 0x10, 0x0,
    0x0, 0x0, 0x6f, 0xfe, 0x10, 0x0, 0xaf, 0xf1,
    0x0, 0x0, 0x0, 0x0, 0xcf, 0xfa, 0x0, 0xa,
    0xff, 0x10, 0x0, 0x0, 0x0, 0x2, 0xff, 0xf5,
    0x0, 0xaf, 0xf1, 0x0, 0x0, 0x0, 0x0, 0x7,
    0xff, 0xe1, 0xa, 0xff, 0x10, 0x0, 0x0, 0x0,
    0x0, 0xc, 0xff, 0xa0, 0xaf, 0xf1, 0x0, 0x0,
    0x0, 0x0, 0x0, 0x2f, 0xff, 0x40, 0x0, 0x0,
    0x0, 0x0, 0x0, 0x0, 0x0, 0x0, 0x0, 0x0,
    0x0, 0x0, 0x0, 0x0, 0x0, 0x0, 0x0, 0x0,
    0x0, 0x0, 0x0, 0x0, 0x0, 0x0, 0x0, 0x0,
    0x0, 0x0, 0x0, 0x0, 0x0, 0xd, 0xd7, 0x0,
    0x0, 0x0, 0x0, 0x0, 0x0, 0x0, 0x0, 0xff,
    0x90, 0x0, 0x0, 0x0, 0x0, 0x0, 0x0, 0x0,
    0xf, 0xf9, 0x0, 0x0, 0x0, 0x0, 0x0,

    /* U+1E5D "ṝ" */
    0x9f, 0xff, 0xff, 0xff, 0xf4, 0x9, 0xff, 0xff,
    0xff, 0xff, 0x40, 0x1, 0x11, 0x11, 0x11, 0x10,
    0x0, 0x0, 0x0, 0x0, 0x0, 0x0, 0x0, 0x0,
    0x0, 0x0, 0x0, 0x0, 0x2f, 0xf2, 0x3c, 0xfd,
    0x70, 0x2, 0xff, 0x5f, 0xff, 0xfc, 0x0, 0x2f,
    0xfe, 0xfb, 0x9c, 0x60, 0x2, 0xff, 0xf6, 0x0,
    0x0, 0x0, 0x2f, 0xfe, 0x0, 0x0, 0x0, 0x2,
    0xff, 0x90, 0x0, 0x0, 0x0, 0x2f, 0xf7, 0x0,
    0x0, 0x0, 0x2, 0xff, 0x60, 0x0, 0x0, 0x0,
    0x2f, 0xf6, 0x0, 0x0, 0x0, 0x2, 0xff, 0x60,
    0x0, 0x0, 0x0, 0x2f, 0xf6, 0x0, 0x0, 0x0,
    0x2, 0xff, 0x60, 0x0, 0x0, 0x0, 0x2f, 0xf6,
    0x0, 0x0, 0x0, 0x2, 0xff, 0x60, 0x0, 0x0,
    0x0, 0x2f, 0xf6, 0x0, 0x0, 0x0, 0x0, 0x0,
    0x0, 0x0, 0x0, 0x0, 0x0, 0x0, 0x0, 0x0,
    0x0, 0x0, 0x0, 0x0, 0x0, 0x0, 0x0, 0x0,
    0x5d, 0xd2, 0x0, 0x0, 0x0, 0x7, 0xff, 0x20,
    0x0, 0x0, 0x0, 0x7f, 0xf2, 0x0, 0x0,

    /* U+1E5E "Ṟ" */
    0xaf, 0xff, 0xff, 0xff, 0xff, 0xfe, 0xc8, 0x10,
    0x0, 0xa, 0xff, 0xff, 0xff, 0xff, 0xff, 0xff,
    0xff, 0x40, 0x0, 0xaf, 0xf4, 0x33, 0x33, 0x33,
    0x46, 0xcf, 0xff, 0x10, 0xa, 0xff, 0x10, 0x0,
    0x0, 0x0, 0x0, 0xaf, 0xf8, 0x0, 0xaf, 0xf1,
    0x0, 0x0, 0x0, 0x0, 0x1, 0xff, 0xc0, 0xa,
    0xff, 0x10, 0x0, 0x0, 0x0, 0x0, 0xf, 0xfe,
    0x0, 0xaf, 0xf1, 0x0, 0x0, 0x0, 0x0, 0x2,
    0xff, 0xc0, 0xa, 0xff, 0x10, 0x0, 0x0, 0x0,
    0x1, 0xcf, 0xf7, 0x0, 0xaf, 0xf7, 0x66, 0x66,
    0x66, 0x7a, 0xff, 0xfc, 0x0, 0xa, 0xff, 0xff,
    0xff, 0xff, 0xff, 0xff, 0xf9, 0x0, 0x0, 0xaf,
    0xff, 0xff, 0xff, 0xff, 0xfb, 0x61, 0x0, 0x0,
    0xa, 0xff, 0x10, 0x0, 0x16, 0xef, 0xf5, 0x0,
    0x0, 0x0, 0xaf, 0xf1, 0x0, 0x0, 0x2, 0xef,
    0xf7, 0x0, 0x0, 0xa, 0xff, 0x10, 0x0, 0x0,
    0x2, 0xff, 0xf4, 0x0, 0x0, 0xaf, 0xf1, 0x0,
    0x0, 0x0, 0x6, 0xff, 0xe1, 0x0, 0xa, 0xff,
    0x10, 0x0, 0x0, 0x0, 0xc, 0xff, 0xa0, 0x0,
    0xaf, 0xf1, 0x0, 0x0, 0x0, 0x0, 0x2f, 0xff,
    0x50, 0xa, 0xff, 0x10, 0x0, 0x0, 0x0, 0x0,
    0x7f, 0xfe, 0x10, 0xaf, 0xf1, 0x0, 0x0, 0x0,
    0x0, 0x0, 0xcf, 0xfa, 0xa, 0xff, 0x10, 0x0,
    0x0, 0x0, 0x0, 0x2, 0xff, 0xf4, 0x0, 0x0,
    0x0, 0x0, 0x0, 0x0, 0x0, 0x0, 0x0, 0x0,
    0x0, 0x0, 0x0, 0x0, 0x0, 0x0, 0x0, 0x0,
    0x0, 0x0, 0x0, 0x0, 0x0, 0x0, 0x0, 0x0,
    0x0, 0x0, 0x0, 0x0, 0xa, 0xff, 0xff, 0xff,
    0xff, 0x30, 0x0, 0x0, 0x0, 0x0, 0xaf, 0xff,
    0xff, 0xff, 0xf3, 0x0, 0x0, 0x0, 0x0, 0x0,
    0x11, 0x11, 0x11, 0x11, 0x0, 0x0, 0x0,

    /* U+1E5F "ṟ" */
    0x2, 0xff, 0x23, 0xcf, 0xd7, 0x0, 0x2f, 0xf5,
    0xff, 0xff, 0xc0, 0x2, 0xff, 0xef, 0xb9, 0xc6,
    0x0, 0x2f, 0xff, 0x60, 0x0, 0x0, 0x2, 0xff,
    0xe0, 0x0, 0x0, 0x0, 0x2f, 0xf9, 0x0, 0x0,
    0x0, 0x2, 0xff, 0x70, 0x0, 0x0, 0x0, 0x2f,
    0xf6, 0x0, 0x0, 0x0, 0x2, 0xff, 0x60, 0x0,
    0x0, 0x0, 0x2f, 0xf6, 0x0, 0x0, 0x0, 0x2,
    0xff, 0x60, 0x0, 0x0, 0x0, 0x2f, 0xf6, 0x0,
    0x0, 0x0, 0x2, 0xff, 0x60, 0x0, 0x0, 0x0,
    0x2f, 0xf6, 0x0, 0x0, 0x0, 0x2, 0xff, 0x60,
    0x0, 0x0, 0x0, 0x0, 0x0, 0x0, 0x0, 0x0,
    0x0, 0x0, 0x0, 0x0, 0x0, 0x0, 0x0, 0x0,
    0x0, 0x0, 0x0, 0xcf, 0xff, 0xff, 0xff, 0xf1,
    0xc, 0xff, 0xff, 0xff, 0xff, 0x10, 0x1, 0x11,
    0x11, 0x11, 0x10, 0x0,

    /* U+1E60 "Ṡ" */
    0x0, 0x0, 0x0, 0x1f, 0xf8, 0x0, 0x0, 0x0,
    0x0, 0x0, 0x0, 0x1, 0xff, 0x80, 0x0, 0x0,
    0x0, 0x0, 0x0, 0x0, 0xd, 0xd7, 0x0, 0x0,
    0x0, 0x0, 0x0, 0x0, 0x0, 0x0, 0x0, 0x0,
    0x0, 0x0, 0x0, 0x0, 0x0, 0x0, 0x0, 0x0,
    0x0, 0x0, 0x0, 0x0, 0x4, 0xad, 0xff, 0xed,
    0x94, 0x0, 0x0, 0x0, 0x1b, 0xff, 0xff, 0xff,
    0xff, 0xfb, 0x10, 0x0, 0xd, 0xff, 0xfa, 0x86,
    0x7a, 0xef, 0xfd, 0x10, 0x7, 0xff, 0x90, 0x0,
    0x0, 0x0, 0xaf, 0xf9, 0x0, 0xcf, 0xe0, 0x0,
    0x0, 0x0, 0x0, 0xdf, 0xf0, 0xd, 0xfc, 0x0,
    0x0, 0x0, 0x0, 0x8, 0xfe, 0x10, 0xbf, 0xf2,
    0x0, 0x0, 0x0, 0x0, 0x0, 0x0, 0x4, 0xff,
    0xe8, 0x20, 0x0, 0x0, 0x0, 0x0, 0x0, 0x7,
    0xff, 0xff, 0xeb, 0x73, 0x0, 0x0, 0x0, 0x0,
    0x3, 0xaf, 0xff, 0xff, 0xff, 0xb4, 0x0, 0x0,
    0x0, 0x0, 0x5, 0x8c, 0xff, 0xff, 0xfc, 0x10,
    0x0, 0x0, 0x0, 0x0, 0x0, 0x49, 0xef, 0xfd,
    0x10, 0x0, 0x0, 0x0, 0x0, 0x0, 0x0, 0xaf,
    0xf8, 0x6a, 0xb0, 0x0, 0x0, 0x0, 0x0, 0x0,
    0xff, 0xc8, 0xff, 0x30, 0x0, 0x0, 0x0, 0x0,
    0xd, 0xfc, 0x4f, 0xfb, 0x0, 0x0, 0x0, 0x0,
    0x2, 0xff, 0xa0, 0xcf, 0xfb, 0x20, 0x0, 0x0,
    0x3, 0xdf, 0xf4, 0x2, 0xef, 0xff, 0xc8, 0x77,
    0x9c, 0xff, 0xf9, 0x0, 0x2, 0xcf, 0xff, 0xff,
    0xff, 0xff, 0xf7, 0x0, 0x0, 0x0, 0x39, 0xce,
    0xff, 0xec, 0x71, 0x0, 0x0,

    /* U+1E61 "ṡ" */
    0x0, 0x0, 0x0, 0xff, 0x90, 0x0, 0x0, 0x0,
    0x0, 0x0, 0xff, 0x90, 0x0, 0x0, 0x0, 0x0,
    0x0, 0xdd, 0x80, 0x0, 0x0, 0x0, 0x0, 0x0,
    0x0, 0x0, 0x0, 0x0, 0x0, 0x0, 0x0, 0x0,
    0x0, 0x0, 0x0, 0x0, 0x4, 0xae, 0xff, 0xda,
    0x40, 0x0, 0x0, 0x8f, 0xff, 0xff, 0xff, 0xf8,
    0x0, 0x4, 0xff, 0xa3, 0x11, 0x4c, 0xff, 0x40,
    0xa, 0xfd, 0x0, 0x0, 0x0, 0xef, 0xa0, 0xa,
    0xfe, 0x10, 0x0, 0x0, 0x33, 0x10, 0x6, 0xff,
    0xe8, 0x30, 0x0, 0x0, 0x0, 0x0, 0xbf, 0xff,
    0xff, 0xb7, 0x20, 0x0, 0x0, 0x5, 0xcf, 0xff,
    0xff, 0xfa, 0x10, 0x0, 0x0, 0x1, 0x59, 0xdf,
    0xff, 0xc0, 0x0, 0x0, 0x0, 0x0, 0x2, 0xcf,
    0xf3, 0xb, 0xe9, 0x0, 0x0, 0x0, 0x4f, 0xf5,
    0xc, 0xfe, 0x10, 0x0, 0x0, 0x8f, 0xf3, 0x5,
    0xff, 0xd5, 0x21, 0x28, 0xff, 0xc0, 0x0, 0x8f,
    0xff, 0xff, 0xff, 0xfc, 0x10, 0x0, 0x3, 0x9d,
    0xff, 0xeb, 0x60, 0x0,

    /* U+1E62 "Ṣ" */
    0x0, 0x0, 0x4a, 0xdf, 0xfe, 0xd9, 0x40, 0x0,
    0x0, 0x1, 0xbf, 0xff, 0xff, 0xff, 0xff, 0xb1,
    0x0, 0x0, 0xdf, 0xff, 0xa8, 0x67, 0xae, 0xff,
    0xd1, 0x0, 0x7f, 0xf9, 0x0, 0x0, 0x0, 0xa,
    0xff, 0x90, 0xc, 0xfe, 0x0, 0x0, 0x0, 0x0,
    0xd, 0xff, 0x0, 0xdf, 0xc0, 0x0, 0x0, 0x0,
    0x0, 0x8f, 0xe1, 0xb, 0xff, 0x20, 0x0, 0x0,
    0x0, 0x0, 0x0, 0x0, 0x4f, 0xfe, 0x82, 0x0,
    0x0, 0x0, 0x0, 0x0, 0x0, 0x7f, 0xff, 0xfe,
    0xb7, 0x30, 0x0, 0x0, 0x0, 0x0, 0x3a, 0xff,
    0xff, 0xff, 0xfb, 0x40, 0x0, 0x0, 0x0, 0x0,
    0x58, 0xcf, 0xff, 0xff, 0xc1, 0x0, 0x0, 0x0,
    0x0, 0x0, 0x4, 0x9e, 0xff, 0xd1, 0x0, 0x0,
    0x0, 0x0, 0x0, 0x0, 0xa, 0xff, 0x86, 0xab,
    0x0, 0x0, 0x0, 0x0, 0x0, 0xf, 0xfc, 0x8f,
    0xf3, 0x0, 0x0, 0x0, 0x0, 0x0, 0xdf, 0xc4,
    0xff, 0xb0, 0x0, 0x0, 0x0, 0x0, 0x2f, 0xfa,
    0xc, 0xff, 0xb2, 0x0, 0x0, 0x0, 0x3d, 0xff,
    0x40, 0x2e, 0xff, 0xfc, 0x87, 0x79, 0xcf, 0xff,
    0x90, 0x0, 0x2c, 0xff, 0xff, 0xff, 0xff, 0xff,
    0x70, 0x0, 0x0, 0x3, 0x9c, 0xef, 0xfe, 0xc7,
    0x10, 0x0, 0x0, 0x0, 0x0, 0x0, 0x0, 0x0,
    0x0, 0x0, 0x0, 0x0, 0x0, 0x0, 0x0, 0x0,
    0x0, 0x0, 0x0, 0x0, 0x0, 0x0, 0x0, 0x0,
    0x0, 0x0, 0x0, 0x0, 0x0, 0x0, 0x0, 0x8d,
    0xd0, 0x0, 0x0, 0x0, 0x0, 0x0, 0x0, 0x9,
    0xff, 0x0, 0x0, 0x0, 0x0, 0x0, 0x0, 0x0,
    0x9f, 0xf0, 0x0, 0x0, 0x0,

    /* U+1E63 "ṣ" */
    0x0, 0x4, 0xae, 0xff, 0xda, 0x40, 0x0, 0x0,
    0x8f, 0xff, 0xff, 0xff, 0xf8, 0x0, 0x4, 0xff,
    0xa3, 0x11, 0x4c, 0xff, 0x40, 0xa, 0xfd, 0x0,
    0x0, 0x0, 0xef, 0xa0, 0xa, 0xfe, 0x10, 0x0,
    0x0, 0x33, 0x10, 0x6, 0xff, 0xe8, 0x30, 0x0,
    0x0, 0x0, 0x0, 0xbf, 0xff, 0xff, 0xb7, 0x20,
    0x0, 0x0, 0x5, 0xcf, 0xff, 0xff, 0xfa, 0x10,
    0x0, 0x0, 0x1, 0x59, 0xdf, 0xff, 0xc0, 0x0,
    0x0, 0x0, 0x0, 0x2, 0xcf, 0xf3, 0xb, 0xe9,
    0x0, 0x0, 0x0, 0x4f, 0xf5, 0xc, 0xfe, 0x10,
    0x0, 0x0, 0x8f, 0xf3, 0x5, 0xff, 0xd5, 0x21,
    0x28, 0xff, 0xc0, 0x0, 0x8f, 0xff, 0xff, 0xff,
    0xfc, 0x10, 0x0, 0x3, 0x9d, 0xff, 0xeb, 0x60,
    0x0, 0x0, 0x0, 0x0, 0x0, 0x0, 0x0, 0x0,
    0x0, 0x0, 0x0, 0x0, 0x0, 0x0, 0x0, 0x0,
    0x0, 0x0, 0x0, 0x0, 0x0, 0x0, 0x0, 0x0,
    0x1, 0xdd, 0x60, 0x0, 0x0, 0x0, 0x0, 0x1,
    0xff, 0x80, 0x0, 0x0, 0x0, 0x0, 0x1, 0xff,
    0x80, 0x0, 0x0,

    /* U+1E64 "Ṥ" */
    0x0, 0x0, 0xf, 0xfa, 0x0, 0x0, 0x0, 0x0,
    0x0, 0x0, 0x0, 0xff, 0xa0, 0xc, 0xee, 0x40,
    0x0, 0x0, 0x0, 0xc, 0xd9, 0x5, 0xff, 0x80,
    0x0, 0x0, 0x0, 0x0, 0x0, 0x0, 0xdf, 0xb0,
    0x0, 0x0, 0x0, 0x0, 0x0, 0x0, 0x5f, 0xd1,
    0x0, 0x0, 0x0, 0x0, 0x0, 0x0, 0x0, 0x0,
    0x0, 0x0, 0x0, 0x0, 0x0, 0x0, 0x0, 0x0,
    0x0, 0x0, 0x0, 0x0, 0x0, 0x4, 0xad, 0xff,
    0xed, 0x94, 0x0, 0x0, 0x0, 0x1b, 0xff, 0xff,
    0xff, 0xff, 0xfb, 0x10, 0x0, 0xd, 0xff, 0xfa,
    0x86, 0x7a, 0xef, 0xfd, 0x10, 0x7, 0xff, 0x90,
    0x0, 0x0, 0x0, 0xaf, 0xf9, 0x0, 0xcf, 0xe0,
    0x0, 0x0, 0x0, 0x0, 0xdf, 0xf0, 0xd, 0xfc,
    0x0, 0x0, 0x0, 0x0, 0x8, 0xfe, 0x10, 0xbf,
    0xf2, 0x0, 0x0, 0x0, 0x0, 0x0, 0x0, 0x4,
    0xff, 0xe8, 0x20, 0x0, 0x0, 0x0, 0x0, 0x0,
    0x7, 0xff, 0xff, 0xeb, 0x73, 0x0, 0x0, 0x0,
    0x0, 0x3, 0xaf, 0xff, 0xff, 0xff, 0xb4, 0x0,
    0x0, 0x0, 0x0, 0x5, 0x8c, 0xff, 0xff, 0xfc,
    0x10, 0x0, 0x0, 0x0, 0x0, 0x0, 0x49, 0xef,
    0xfd, 0x10, 0x0, 0x0, 0x0, 0x0, 0x0, 0x0,
    0xaf, 0xf8, 0x6a, 0xb0, 0x0, 0x0, 0x0, 0x0,
    0x0, 0xff, 0xc8, 0xff, 0x30, 0x0, 0x0, 0x0,
    0x0, 0xd, 0xfc, 0x4f, 0xfb, 0x0, 0x0, 0x0,
    0x0, 0x2, 0xff, 0xa0, 0xcf, 0xfb, 0x20, 0x0,
    0x0, 0x3, 0xdf, 0xf4, 0x2, 0xef, 0xff, 0xc8,
    0x77, 0x9c, 0xff, 0xf9, 0x0, 0x2, 0xcf, 0xff,
    0xff, 0xff, 0xff, 0xf7, 0x0, 0x0, 0x0, 0x39,
    0xce, 0xff, 0xec, 0x71, 0x0, 0x0,

    /* U+1E65 "ṥ" */
    0x0, 0xc, 0xfd, 0x0, 0x0, 0x0, 0x0, 0x0,
    0xc, 0xfd, 0x0, 0x0, 0x0, 0x0, 0x0, 0xa,
    0xda, 0x0, 0xdf, 0xf5, 0x0, 0x0, 0x0, 0x0,
    0x5, 0xff, 0x80, 0x0, 0x0, 0x0, 0x0, 0xd,
    0xfb, 0x0, 0x0, 0x0, 0x0, 0x0, 0x4e, 0xc0,
    0x0, 0x0, 0x0, 0x0, 0x0, 0x0, 0x0, 0x0,
    0x0, 0x0, 0x4, 0xae, 0xff, 0xda, 0x40, 0x0,
    0x0, 0x8f, 0xff, 0xff, 0xff, 0xf8, 0x0, 0x4,
    0xff, 0xa3, 0x11, 0x4c, 0xff, 0x40, 0xa, 0xfd,
    0x0, 0x0, 0x0, 0xef, 0xa0, 0xa, 0xfe, 0x10,
    0x0, 0x0, 0x33, 0x10, 0x6, 0xff, 0xe8, 0x30,
    0x0, 0x0, 0x0, 0x0, 0xbf, 0xff, 0xff, 0xb7,
    0x20, 0x0, 0x0, 0x5, 0xcf, 0xff, 0xff, 0xfa,
    0x10, 0x0, 0x0, 0x1, 0x59, 0xdf, 0xff, 0xc0,
    0x0, 0x0, 0x0, 0x0, 0x2, 0xcf, 0xf3, 0xb,
    0xe9, 0x0, 0x0, 0x0, 0x4f, 0xf5, 0xc, 0xfe,
    0x10, 0x0, 0x0, 0x8f, 0xf3, 0x5, 0xff, 0xd5,
    0x21, 0x28, 0xff, 0xc0, 0x0, 0x8f, 0xff, 0xff,
    0xff, 0xfc, 0x10, 0x0, 0x3, 0x9d, 0xff, 0xeb,
    0x60, 0x0,

    /* U+1E66 "Ṧ" */
    0x0, 0x0, 0x0, 0xb, 0xfe, 0x0, 0x0, 0x0,
    0x0, 0x0, 0x0, 0x0, 0xbf, 0xe0, 0x0, 0x0,
    0x0, 0x0, 0x0, 0x0, 0x9, 0xdb, 0x0, 0x0,
    0x0, 0x0, 0x0, 0x0, 0x0, 0x0, 0x0, 0x0,
    0x0, 0x0, 0x0, 0x0, 0x59, 0x91, 0x0, 0x89,
    0x80, 0x0, 0x0, 0x0, 0x2, 0xff, 0xa0, 0x6f,
    0xf6, 0x0, 0x0, 0x0, 0x0, 0x5, 0xff, 0x4e,
    0xfb, 0x0, 0x0, 0x0, 0x0, 0x0, 0xa, 0xff,
    0xfe, 0x10, 0x0, 0x0, 0x0, 0x0, 0x0, 0x1d,
    0xff, 0x50, 0x0, 0x0, 0x0, 0x0, 0x0, 0x0,
    0x0, 0x0, 0x0, 0x0, 0x0, 0x0, 0x0, 0x4a,
    0xdf, 0xfe, 0xd9, 0x40, 0x0, 0x0, 0x1, 0xbf,
    0xff, 0xff, 0xff, 0xff, 0xb1, 0x0, 0x0, 0xdf,
    0xff, 0xa8, 0x67, 0xae, 0xff, 0xd1, 0x0, 0x7f,
    0xf9, 0x0, 0x0, 0x0, 0xa, 0xff, 0x90, 0xc,
    0xfe, 0x0, 0x0, 0x0, 0x0, 0xd, 0xff, 0x0,
    0xdf, 0xc0, 0x0, 0x0, 0x0, 0x0, 0x8f, 0xe1,
    0xb, 0xff, 0x20, 0x0, 0x0, 0x0, 0x0, 0x0,
    0x0, 0x4f, 0xfe, 0x82, 0x0, 0x0, 0x0, 0x0,
    0x0, 0x0, 0x7f, 0xff, 0xfe, 0xb7, 0x30, 0x0,
    0x0, 0x0, 0x0, 0x3a, 0xff, 0xff, 0xff, 0xfb,
    0x40, 0x0, 0x0, 0x0, 0x0, 0x58, 0xcf, 0xff,
    0xff, 0xc1, 0x0, 0x0, 0x0, 0x0, 0x0, 0x4,
    0x9e, 0xff, 0xd1, 0x0, 0x0, 0x0, 0x0, 0x0,
    0x0, 0xa, 0xff, 0x86, 0xab, 0x0, 0x0, 0x0,
    0x0, 0x0, 0xf, 0xfc, 0x8f, 0xf3, 0x0, 0x0,
    0x0, 0x0, 0x0, 0xdf, 0xc4, 0xff, 0xb0, 0x0,
    0x0, 0x0, 0x0, 0x2f, 0xfa, 0xc, 0xff, 0xb2,
    0x0, 0x0, 0x0, 0x3d, 0xff, 0x40, 0x2e, 0xff,
    0xfc, 0x87, 0x79, 0xcf, 0xff, 0x90, 0x0, 0x2c,
    0xff, 0xff, 0xff, 0xff, 0xff, 0x70, 0x0, 0x0,
    0x3, 0x9c, 0xef, 0xfe, 0xc7, 0x10, 0x0,

    /* U+1E67 "ṧ" */
    0x0, 0x0, 0x0, 0xff, 0x90, 0x0, 0x0, 0x0,
    0x0, 0x0, 0xff, 0x90, 0x0, 0x0, 0x0, 0x0,
    0x0, 0xdd, 0x80, 0x0, 0x0, 0x0, 0x0, 0x0,
    0x0, 0x0, 0x0, 0x0, 0x0, 0x0, 0x0, 0x0,
    0x0, 0x0, 0x0, 0x0, 0xb, 0xfe, 0x10, 0x8f,
    0xf4, 0x0, 0x0, 0x0, 0xcf, 0xc5, 0xff, 0x60,
    0x0, 0x0, 0x0, 0x1d, 0xff, 0xf8, 0x0, 0x0,
    0x0, 0x0, 0x1, 0x77, 0x60, 0x0, 0x0, 0x0,
    0x0, 0x0, 0x0, 0x0, 0x0, 0x0, 0x0, 0x4,
    0xae, 0xff, 0xda, 0x40, 0x0, 0x0, 0x8f, 0xff,
    0xff, 0xff, 0xf8, 0x0, 0x4, 0xff, 0xa3, 0x11,
    0x4c, 0xff, 0x40, 0xa, 0xfd, 0x0, 0x0, 0x0,
    0xef, 0xa0, 0xa, 0xfe, 0x10, 0x0, 0x0, 0x33,
    0x10, 0x6, 0xff, 0xe8, 0x30, 0x0, 0x0, 0x0,
    0x0, 0xbf, 0xff, 0xff, 0xb7, 0x20, 0x0, 0x0,
    0x5, 0xcf, 0xff, 0xff, 0xfa, 0x10, 0x0, 0x0,
    0x1, 0x59, 0xdf, 0xff, 0xc0, 0x0, 0x0, 0x0,
    0x0, 0x2, 0xcf, 0xf3, 0xb, 0xe9, 0x0, 0x0,
    0x0, 0x4f, 0xf5, 0xc, 0xfe, 0x10, 0x0, 0x0,
    0x8f, 0xf3, 0x5, 0xff, 0xd5, 0x21, 0x28, 0xff,
    0xc0, 0x0, 0x8f, 0xff, 0xff, 0xff, 0xfc, 0x10,
    0x0, 0x3, 0x9d, 0xff, 0xeb, 0x60, 0x0,

    /* U+1E68 "Ṩ" */
    0x0, 0x0, 0x0, 0x8, 0xdd, 0x0, 0x0, 0x0,
    0x0, 0x0, 0x0, 0x0, 0x9f, 0xf0, 0x0, 0x0,
    0x0, 0x0, 0x0, 0x0, 0x9, 0xff, 0x0, 0x0,
    0x0, 0x0, 0x0, 0x0, 0x0, 0x0, 0x0, 0x0,
    0x0, 0x0, 0x0, 0x0, 0x0, 0x0, 0x0, 0x0,
    0x0, 0x0, 0x0, 0x0, 0x4, 0xad, 0xff, 0xed,
    0x94, 0x0, 0x0, 0x0, 0x1b, 0xff, 0xff, 0xff,
    0xff, 0xfb, 0x10, 0x0, 0xd, 0xff, 0xfa, 0x86,
    0x7a, 0xef, 0xfd, 0x10, 0x7, 0xff, 0x90, 0x0,
    0x0, 0x0, 0xaf, 0xf9, 0x0, 0xcf, 0xe0, 0x0,
    0x0, 0x0, 0x0, 0xdf, 0xf0, 0xd, 0xfc, 0x0,
    0x0, 0x0, 0x0, 0x8, 0xfe, 0x10, 0xbf, 0xf2,
    0x0, 0x0, 0x0, 0x0, 0x0, 0x0, 0x4, 0xff,
    0xe8, 0x20, 0x0, 0x0, 0x0, 0x0, 0x0, 0x7,
    0xff, 0xff, 0xeb, 0x73, 0x0, 0x0, 0x0, 0x0,
    0x3, 0xaf, 0xff, 0xff, 0xff, 0xb4, 0x0, 0x0,
    0x0, 0x0, 0x5, 0x8c, 0xff, 0xff, 0xfc, 0x10,
    0x0, 0x0, 0x0, 0x0, 0x0, 0x49, 0xef, 0xfd,
    0x10, 0x0, 0x0, 0x0, 0x0, 0x0, 0x0, 0xaf,
    0xf8, 0x6a, 0xb0, 0x0, 0x0, 0x0, 0x0, 0x0,
    0xff, 0xc8, 0xff, 0x30, 0x0, 0x0, 0x0, 0x0,
    0xd, 0xfc, 0x4f, 0xfb, 0x0, 0x0, 0x0, 0x0,
    0x2, 0xff, 0xa0, 0xcf, 0xfb, 0x20, 0x0, 0x0,
    0x3, 0xdf, 0xf4, 0x2, 0xef, 0xff, 0xc8, 0x77,
    0x9c, 0xff, 0xf9, 0x0, 0x2, 0xcf, 0xff, 0xff,
    0xff, 0xff, 0xf7, 0x0, 0x0, 0x0, 0x39, 0xce,
    0xff, 0xec, 0x71, 0x0, 0x0, 0x0, 0x0, 0x0,
    0x0, 0x0, 0x0, 0x0, 0x0, 0x0, 0x0, 0x0,
    0x0, 0x0, 0x0, 0x0, 0x0, 0x0, 0x0, 0x0,
    0x0, 0x0, 0x0, 0x0, 0x0, 0x0, 0x0, 0x0,
    0x0, 0x8, 0xdd, 0x0, 0x0, 0x0, 0x0, 0x0,
    0x0, 0x0, 0x9f, 0xf0, 0x0, 0x0, 0x0, 0x0,
    0x0, 0x0, 0x9, 0xff, 0x0, 0x0, 0x0, 0x0,

    /* U+1E69 "ṩ" */
    0x0, 0x0, 0x0, 0xff, 0x90, 0x0, 0x0, 0x0,
    0x0, 0x0, 0xff, 0x90, 0x0, 0x0, 0x0, 0x0,
    0x0, 0xdd, 0x80, 0x0, 0x0, 0x0, 0x0, 0x0,
    0x0, 0x0, 0x0, 0x0, 0x0, 0x0, 0x0, 0x0,
    0x0, 0x0, 0x0, 0x0, 0x4, 0xae, 0xff, 0xda,
    0x40, 0x0, 0x0, 0x8f, 0xff, 0xff, 0xff, 0xf8,
    0x0, 0x4, 0xff, 0xa3, 0x11, 0x4c, 0xff, 0x40,
    0xa, 0xfd, 0x0, 0x0, 0x0, 0xef, 0xa0, 0xa,
    0xfe, 0x10, 0x0, 0x0, 0x33, 0x10, 0x6, 0xff,
    0xe8, 0x30, 0x0, 0x0, 0x0, 0x0, 0xbf, 0xff,
    0xff, 0xb7, 0x20, 0x0, 0x0, 0x5, 0xcf, 0xff,
    0xff, 0xfa, 0x10, 0x0, 0x0, 0x1, 0x59, 0xdf,
    0xff, 0xc0, 0x0, 0x0, 0x0, 0x0, 0x2, 0xcf,
    0xf3, 0xb, 0xe9, 0x0, 0x0, 0x0, 0x4f, 0xf5,
    0xc, 0xfe, 0x10, 0x0, 0x0, 0x8f, 0xf3, 0x5,
    0xff, 0xd5, 0x21, 0x28, 0xff, 0xc0, 0x0, 0x8f,
    0xff, 0xff, 0xff, 0xfc, 0x10, 0x0, 0x3, 0x9d,
    0xff, 0xeb, 0x60, 0x0, 0x0, 0x0, 0x0, 0x0,
    0x0, 0x0, 0x0, 0x0, 0x0, 0x0, 0x0, 0x0,
    0x0, 0x0, 0x0, 0x0, 0x0, 0x0, 0x0, 0x0,
    0x0, 0x0, 0x0, 0x0, 0xdd, 0x80, 0x0, 0x0,
    0x0, 0x0, 0x0, 0xff, 0x90, 0x0, 0x0, 0x0,
    0x0, 0x0, 0xff, 0x90, 0x0, 0x0,

    /* U+1E6A "Ṫ" */
    0x0, 0x0, 0x0, 0x5, 0xff, 0x40, 0x0, 0x0,
    0x0, 0x0, 0x0, 0x0, 0x5, 0xff, 0x40, 0x0,
    0x0, 0x0, 0x0, 0x0, 0x0, 0x4, 0xdd, 0x30,
    0x0, 0x0, 0x0, 0x0, 0x0, 0x0, 0x0, 0x0,
    0x0, 0x0, 0x0, 0x0, 0x0, 0x0, 0x0, 0x0,
    0x0, 0x0, 0x0, 0x0, 0x0, 0x5f, 0xff, 0xff,
    0xff, 0xff, 0xff, 0xff, 0xff, 0xf1, 0x5f, 0xff,
    0xff, 0xff, 0xff, 0xff, 0xff, 0xff, 0xf1, 0x26,
    0x66, 0x66, 0x6b, 0xff, 0x86, 0x66, 0x66, 0x60,
    0x0, 0x0, 0x0, 0x8, 0xff, 0x30, 0x0, 0x0,
    0x0, 0x0, 0x0, 0x0, 0x8, 0xff, 0x30, 0x0,
    0x0, 0x0, 0x0, 0x0, 0x0, 0x8, 0xff, 0x30,
    0x0, 0x0, 0x0, 0x0, 0x0, 0x0, 0x8, 0xff,
    0x30, 0x0, 0x0, 0x0, 0x0, 0x0, 0x0, 0x8,
    0xff, 0x30, 0x0, 0x0, 0x0, 0x0, 0x0, 0x0,
    0x8, 0xff, 0x30, 0x0, 0x0, 0x0, 0x0, 0x0,
    0x0, 0x8, 0xff, 0x30, 0x0, 0x0, 0x0, 0x0,
    0x0, 0x0, 0x8, 0xff, 0x30, 0x0, 0x0, 0x0,
    0x0, 0x0, 0x0, 0x8, 0xff, 0x30, 0x0, 0x0,
    0x0, 0x0, 0x0, 0x0, 0x8, 0xff, 0x30, 0x0,
    0x0, 0x0, 0x0, 0x0, 0x0, 0x8, 0xff, 0x30,
    0x0, 0x0, 0x0, 0x0, 0x0, 0x0, 0x8, 0xff,
    0x30, 0x0, 0x0, 0x0, 0x0, 0x0, 0x0, 0x8,
    0xff, 0x30, 0x0, 0x0, 0x0, 0x0, 0x0, 0x0,
    0x8, 0xff, 0x30, 0x0, 0x0, 0x0, 0x0, 0x0,
    0x0, 0x8, 0xff, 0x30, 0x0, 0x0, 0x0, 0x0,
    0x0, 0x0, 0x8, 0xff, 0x30, 0x0, 0x0, 0x0,
    0x0, 0x0, 0x0, 0x8, 0xff, 0x30, 0x0, 0x0,
    0x0,

    /* U+1E6B "ṫ" */
    0x0, 0xaf, 0xf0, 0x0, 0x0, 0xaf, 0xf0, 0x0,
    0x0, 0x8d, 0xd0, 0x0, 0x0, 0x0, 0x0, 0x0,
    0x0, 0x0, 0x0, 0x0, 0x0, 0x2, 0xa0, 0x0,
    0x0, 0x7f, 0xe0, 0x0, 0x0, 0xaf, 0xe0, 0x0,
    0x0, 0xaf, 0xe0, 0x0, 0x0, 0xaf, 0xe0, 0x0,
    0x8f, 0xff, 0xff, 0xf7, 0x7e, 0xff, 0xfe, 0xe6,
    0x0, 0xaf, 0xe0, 0x0, 0x0, 0xaf, 0xe0, 0x0,
    0x0, 0xaf, 0xe0, 0x0, 0x0, 0xaf, 0xe0, 0x0,
    0x0, 0xaf, 0xe0, 0x0, 0x0, 0xaf, 0xe0, 0x0,
    0x0, 0xaf, 0xe0, 0x0, 0x0, 0xaf, 0xe0, 0x0,
    0x0, 0xaf, 0xe0, 0x0, 0x0, 0x9f, 0xf0, 0x0,
    0x0, 0x8f, 0xf8, 0x53, 0x0, 0x4f, 0xff, 0xf9,
    0x0, 0x6, 0xdf, 0xfa,

    /* U+1E6C "Ṭ" */
    0x5f, 0xff, 0xff, 0xff, 0xff, 0xff, 0xff, 0xff,
    0xf1, 0x5f, 0xff, 0xff, 0xff, 0xff, 0xff, 0xff,
    0xff, 0xf1, 0x26, 0x66, 0x66, 0x6b, 0xff, 0x86,
    0x66, 0x66, 0x60, 0x0, 0x0, 0x0, 0x8, 0xff,
    0x30, 0x0, 0x0, 0x0, 0x0, 0x0, 0x0, 0x8,
    0xff, 0x30, 0x0, 0x0, 0x0, 0x0, 0x0, 0x0,
    0x8, 0xff, 0x30, 0x0, 0x0, 0x0, 0x0, 0x0,
    0x0, 0x8, 0xff, 0x30, 0x0, 0x0, 0x0, 0x0,
    0x0, 0x0, 0x8, 0xff, 0x30, 0x0, 0x0, 0x0,
    0x0, 0x0, 0x0, 0x8, 0xff, 0x30, 0x0, 0x0,
    0x0, 0x0, 0x0, 0x0, 0x8, 0xff, 0x30, 0x0,
    0x0, 0x0, 0x0, 0x0, 0x0, 0x8, 0xff, 0x30,
    0x0, 0x0, 0x0, 0x0, 0x0, 0x0, 0x8, 0xff,
    0x30, 0x0, 0x0, 0x0, 0x0, 0x0, 0x0, 0x8,
    0xff, 0x30, 0x0, 0x0, 0x0, 0x0, 0x0, 0x0,
    0x8, 0xff, 0x30, 0x0, 0x0, 0x0, 0x0, 0x0,
    0x0, 0x8, 0xff, 0x30, 0x0, 0x0, 0x0, 0x0,
    0x0, 0x0, 0x8, 0xff, 0x30, 0x0, 0x0, 0x0,
    0x0, 0x0, 0x0, 0x8, 0xff, 0x30, 0x0, 0x0,
    0x0, 0x0, 0x0, 0x0, 0x8, 0xff, 0x30, 0x0,
    0x0, 0x0, 0x0, 0x0, 0x0, 0x8, 0xff, 0x30,
    0x0, 0x0, 0x0, 0x0, 0x0, 0x0, 0x8, 0xff,
    0x30, 0x0, 0x0, 0x0, 0x0, 0x0, 0x0, 0x0,
    0x0, 0x0, 0x0, 0x0, 0x0, 0x0, 0x0, 0x0,
    0x0, 0x0, 0x0, 0x0, 0x0, 0x0, 0x0, 0x0,
    0x0, 0x0, 0x0, 0x0, 0x0, 0x0, 0x0, 0x0,
    0x0, 0x0, 0x6, 0xdd, 0x10, 0x0, 0x0, 0x0,
    0x0, 0x0, 0x0, 0x8, 0xff, 0x10, 0x0, 0x0,
    0x0, 0x0, 0x0, 0x0, 0x8, 0xff, 0x10, 0x0,
    0x0, 0x0,

    /* U+1E6D "ṭ" */
    0x0, 0x0, 0x0, 0x0, 0x0, 0x5, 0xc0, 0x0,
    0x0, 0x8f, 0xe0, 0x0, 0x0, 0xaf, 0xe0, 0x0,
    0x0, 0xaf, 0xe0, 0x0, 0x0, 0xaf, 0xe0, 0x0,
    0x8f, 0xff, 0xff, 0xf7, 0x7e, 0xff, 0xfe, 0xe6,
    0x0, 0xaf, 0xe0, 0x0, 0x0, 0xaf, 0xe0, 0x0,
    0x0, 0xaf, 0xe0, 0x0, 0x0, 0xaf, 0xe0, 0x0,
    0x0, 0xaf, 0xe0, 0x0, 0x0, 0xaf, 0xe0, 0x0,
    0x0, 0xaf, 0xe0, 0x0, 0x0, 0xaf, 0xe0, 0x0,
    0x0, 0xaf, 0xe0, 0x0, 0x0, 0x9f, 0xf0, 0x0,
    0x0, 0x8f, 0xf8, 0x53, 0x0, 0x4f, 0xff, 0xf9,
    0x0, 0x6, 0xdf, 0xfa, 0x0, 0x0, 0x0, 0x0,
    0x0, 0x0, 0x0, 0x0, 0x0, 0x0, 0x0, 0x0,
    0x0, 0x6, 0xdd, 0x10, 0x0, 0x7, 0xff, 0x20,
    0x0, 0x7, 0xff, 0x20,

    /* U+1E6E "Ṯ" */
    0x5f, 0xff, 0xff, 0xff, 0xff, 0xff, 0xff, 0xff,
    0xf1, 0x5f, 0xff, 0xff, 0xff, 0xff, 0xff, 0xff,
    0xff, 0xf1, 0x26, 0x66, 0x66, 0x6b, 0xff, 0x86,
    0x66, 0x66, 0x60, 0x0, 0x0, 0x0, 0x8, 0xff,
    0x30, 0x0, 0x0, 0x0, 0x0, 0x0, 0x0, 0x8,
    0xff, 0x30, 0x0, 0x0, 0x0, 0x0, 0x0, 0x0,
    0x8, 0xff, 0x30, 0x0, 0x0, 0x0, 0x0, 0x0,
    0x0, 0x8, 0xff, 0x30, 0x0, 0x0, 0x0, 0x0,
    0x0, 0x0, 0x8, 0xff, 0x30, 0x0, 0x0, 0x0,
    0x0, 0x0, 0x0, 0x8, 0xff, 0x30, 0x0, 0x0,
    0x0, 0x0, 0x0, 0x0, 0x8, 0xff, 0x30, 0x0,
    0x0, 0x0, 0x0, 0x0, 0x0, 0x8, 0xff, 0x30,
    0x0, 0x0, 0x0, 0x0, 0x0, 0x0, 0x8, 0xff,
    0x30, 0x0, 0x0, 0x0, 0x0, 0x0, 0x0, 0x8,
    0xff, 0x30, 0x0, 0x0, 0x0, 0x0, 0x0, 0x0,
    0x8, 0xff, 0x30, 0x0, 0x0, 0x0, 0x0, 0x0,
    0x0, 0x8, 0xff, 0x30, 0x0, 0x0, 0x0, 0x0,
    0x0, 0x0, 0x8, 0xff, 0x30, 0x0, 0x0, 0x0,
    0x0, 0x0, 0x0, 0x8, 0xff, 0x30, 0x0, 0x0,
    0x0, 0x0, 0x0, 0x0, 0x8, 0xff, 0x30, 0x0,
    0x0, 0x0, 0x0, 0x0, 0x0, 0x8, 0xff, 0x30,
    0x0, 0x0, 0x0, 0x0, 0x0, 0x0, 0x8, 0xff,
    0x30, 0x0, 0x0, 0x0, 0x0, 0x0, 0x0, 0x0,
    0x0, 0x0, 0x0, 0x0, 0x0, 0x0, 0x0, 0x0,
    0x0, 0x0, 0x0, 0x0, 0x0, 0x0, 0x0, 0x0,
    0x0, 0x0, 0x0, 0x0, 0x0, 0x0, 0x0, 0x0,
    0x0, 0xbf, 0xff, 0xff, 0xff, 0xf2, 0x0, 0x0,
    0x0, 0x0, 0xbf, 0xff, 0xff, 0xff, 0xf2, 0x0,
    0x0, 0x0, 0x0, 0x1, 0x11, 0x11, 0x11, 0x10,
    0x0, 0x0,

    /* U+1E6F "ṯ" */
    0x0, 0x0, 0x0, 0x0, 0x0, 0x0, 0x0, 0x5c,
    0x0, 0x0, 0x0, 0x8, 0xfe, 0x0, 0x0, 0x0,
    0xa, 0xfe, 0x0, 0x0, 0x0, 0xa, 0xfe, 0x0,
    0x0, 0x0, 0xa, 0xfe, 0x0, 0x0, 0x8, 0xff,
    0xff, 0xff, 0x70, 0x7, 0xef, 0xff, 0xee, 0x60,
    0x0, 0xa, 0xfe, 0x0, 0x0, 0x0, 0xa, 0xfe,
    0x0, 0x0, 0x0, 0xa, 0xfe, 0x0, 0x0, 0x0,
    0xa, 0xfe, 0x0, 0x0, 0x0, 0xa, 0xfe, 0x0,
    0x0, 0x0, 0xa, 0xfe, 0x0, 0x0, 0x0, 0xa,
    0xfe, 0x0, 0x0, 0x0, 0xa, 0xfe, 0x0, 0x0,
    0x0, 0xa, 0xfe, 0x0, 0x0, 0x0, 0x9, 0xff,
    0x0, 0x0, 0x0, 0x8, 0xff, 0x85, 0x30, 0x0,
    0x4, 0xff, 0xff, 0x90, 0x0, 0x0, 0x6d, 0xff,
    0xa0, 0x0, 0x0, 0x0, 0x0, 0x0, 0x0, 0x0,
    0x0, 0x0, 0x0, 0x1, 0x11, 0x11, 0x11, 0x10,
    0x5f, 0xff, 0xff, 0xff, 0xf8, 0x5f, 0xff, 0xff,
    0xff, 0xf8,

    /* U+1E70 "Ṱ" */
    0x5f, 0xff, 0xff, 0xff, 0xff, 0xff, 0xff, 0xff,
    0xf1, 0x5f, 0xff, 0xff, 0xff, 0xff, 0xff, 0xff,
    0xff, 0xf1, 0x26, 0x66, 0x66, 0x6b, 0xff, 0x86,
    0x66, 0x66, 0x60, 0x0, 0x0, 0x0, 0x8, 0xff,
    0x30, 0x0, 0x0, 0x0, 0x0, 0x0, 0x0, 0x8,
    0xff, 0x30, 0x0, 0x0, 0x0, 0x0, 0x0, 0x0,
    0x8, 0xff, 0x30, 0x0, 0x0, 0x0, 0x0, 0x0,
    0x0, 0x8, 0xff, 0x30, 0x0, 0x0, 0x0, 0x0,
    0x0, 0x0, 0x8, 0xff, 0x30, 0x0, 0x0, 0x0,
    0x0, 0x0, 0x0, 0x8, 0xff, 0x30, 0x0, 0x0,
    0x0, 0x0, 0x0, 0x0, 0x8, 0xff, 0x30, 0x0,
    0x0, 0x0, 0x0, 0x0, 0x0, 0x8, 0xff, 0x30,
    0x0, 0x0, 0x0, 0x0, 0x0, 0x0, 0x8, 0xff,
    0x30, 0x0, 0x0, 0x0, 0x0, 0x0, 0x0, 0x8,
    0xff, 0x30, 0x0, 0x0, 0x0, 0x0, 0x0, 0x0,
    0x8, 0xff, 0x30, 0x0, 0x0, 0x0, 0x0, 0x0,
    0x0, 0x8, 0xff, 0x30, 0x0, 0x0, 0x0, 0x0,
    0x0, 0x0, 0x8, 0xff, 0x30, 0x0, 0x0, 0x0,
    0x0, 0x0, 0x0, 0x8, 0xff, 0x30, 0x0, 0x0,
    0x0, 0x0, 0x0, 0x0, 0x8, 0xff, 0x30, 0x0,
    0x0, 0x0, 0x0, 0x0, 0x0, 0x8, 0xff, 0x30,
    0x0, 0x0, 0x0, 0x0, 0x0, 0x0, 0x8, 0xff,
    0x30, 0x0, 0x0, 0x0, 0x0, 0x0, 0x0, 0x0,
    0x0, 0x0, 0x0, 0x0, 0x0, 0x0, 0x0, 0x0,
    0x0, 0x0, 0x0, 0x0, 0x0, 0x0, 0x0, 0x0,
    0x0, 0xc, 0xee, 0x70, 0x0, 0x0, 0x0, 0x0,
    0x0, 0x0, 0xaf, 0xef, 0xf4, 0x0, 0x0, 0x0,
    0x0, 0x0, 0x7, 0xff, 0x48, 0xff, 0x20, 0x0,
    0x0, 0x0, 0x0, 0x3f, 0xf9, 0x0, 0xdf, 0xd1,
    0x0, 0x0,

    /* U+1E71 "ṱ" */
    0x0, 0x0, 0x0, 0x0, 0x0, 0x0, 0x5, 0xc0,
    0x0, 0x0, 0x0, 0x8f, 0xe0, 0x0, 0x0, 0x0,
    0xaf, 0xe0, 0x0, 0x0, 0x0, 0xaf, 0xe0, 0x0,
    0x0, 0x0, 0xaf, 0xe0, 0x0, 0x0, 0x8f, 0xff,
    0xff, 0xf7, 0x0, 0x7e, 0xff, 0xfe, 0xe6, 0x0,
    0x0, 0xaf, 0xe0, 0x0, 0x0, 0x0, 0xaf, 0xe0,
    0x0, 0x0, 0x0, 0xaf, 0xe0, 0x0, 0x0, 0x0,
    0xaf, 0xe0, 0x0, 0x0, 0x0, 0xaf, 0xe0, 0x0,
    0x0, 0x0, 0xaf, 0xe0, 0x0, 0x0, 0x0, 0xaf,
    0xe0, 0x0, 0x0, 0x0, 0xaf, 0xe0, 0x0, 0x0,
    0x0, 0xaf, 0xe0, 0x0, 0x0, 0x0, 0x9f, 0xf0,
    0x0, 0x0, 0x0, 0x8f, 0xf8, 0x53, 0x0, 0x0,
    0x4f, 0xff, 0xf9, 0x0, 0x0, 0x6, 0xdf, 0xfa,
    0x0, 0x0, 0x0, 0x0, 0x0, 0x0, 0x0, 0x0,
    0x0, 0x0, 0x0, 0x0, 0x2f, 0xff, 0x50, 0x0,
    0x0, 0xdf, 0xdf, 0xf3, 0x0, 0xa, 0xff, 0x1b,
    0xfe, 0x10, 0x6f, 0xf6, 0x1, 0xff, 0xb0,

    /* U+1E72 "Ṳ" */
    0xbf, 0xf0, 0x0, 0x0, 0x0, 0x0, 0x2, 0xff,
    0xab, 0xff, 0x0, 0x0, 0x0, 0x0, 0x0, 0x2f,
    0xfa, 0xbf, 0xf0, 0x0, 0x0, 0x0, 0x0, 0x2,
    0xff, 0xab, 0xff, 0x0, 0x0, 0x0, 0x0, 0x0,
    0x2f, 0xfa, 0xbf, 0xf0, 0x0, 0x0, 0x0, 0x0,
    0x2, 0xff, 0xab, 0xff, 0x0, 0x0, 0x0, 0x0,
    0x0, 0x2f, 0xfa, 0xbf, 0xf0, 0x0, 0x0, 0x0,
    0x0, 0x2, 0xff, 0xab, 0xff, 0x0, 0x0, 0x0,
    0x0, 0x0, 0x2f, 0xfa, 0xbf, 0xf0, 0x0, 0x0,
    0x0, 0x0, 0x2, 0xff, 0xab, 0xff, 0x0, 0x0,
    0x0, 0x0, 0x0, 0x2f, 0xfa, 0xbf, 0xf0, 0x0,
    0x0, 0x0, 0x0, 0x2, 0xff, 0xab, 0xff, 0x0,
    0x0, 0x0, 0x0, 0x0, 0x2f, 0xf9, 0xaf, 0xf1,
    0x0, 0x0, 0x0, 0x0, 0x3, 0xff, 0x89, 0xff,
    0x30, 0x0, 0x0, 0x0, 0x0, 0x4f, 0xf7, 0x7f,
    0xf6, 0x0, 0x0, 0x0, 0x0, 0x7, 0xff, 0x53,
    0xff, 0xc0, 0x0, 0x0, 0x0, 0x0, 0xef, 0xf1,
    0xc, 0xff, 0xa0, 0x0, 0x0, 0x1, 0xbf, 0xfa,
    0x0, 0x3f, 0xff, 0xe9, 0x76, 0x7a, 0xff, 0xfe,
    0x10, 0x0, 0x3d, 0xff, 0xff, 0xff, 0xff, 0xfc,
    0x20, 0x0, 0x0, 0x6, 0xad, 0xff, 0xfd, 0xa5,
    0x0, 0x0, 0x0, 0x0, 0x0, 0x0, 0x0, 0x0,
    0x0, 0x0, 0x0, 0x0, 0x0, 0x0, 0x0, 0x0,
    0x0, 0x0, 0x0, 0x0, 0x0, 0x0, 0x0, 0x0,
    0x0, 0x0, 0x0, 0x0, 0x0, 0x8, 0xdd, 0x0,
    0x4d, 0xd3, 0x0, 0x0, 0x0, 0x0, 0x9f, 0xf0,
    0x5, 0xff, 0x40, 0x0, 0x0, 0x0, 0x9, 0xff,
    0x0, 0x5f, 0xf4, 0x0, 0x0,

    /* U+1E73 "ṳ" */
    0x1f, 0xf7, 0x0, 0x0, 0x0, 0x7f, 0xf2, 0x1f,
    0xf7, 0x0, 0x0, 0x0, 0x7f, 0xf2, 0x1f, 0xf7,
    0x0, 0x0, 0x0, 0x7f, 0xf2, 0x1f, 0xf7, 0x0,
    0x0, 0x0, 0x7f, 0xf2, 0x1f, 0xf7, 0x0, 0x0,
    0x0, 0x7f, 0xf2, 0x1f, 0xf7, 0x0, 0x0, 0x0,
    0x7f, 0xf2, 0x1f, 0xf7, 0x0, 0x0, 0x0, 0x7f,
    0xf2, 0x1f, 0xf7, 0x0, 0x0, 0x0, 0x7f, 0xf2,
    0x1f, 0xf7, 0x0, 0x0, 0x0, 0x7f, 0xf2, 0x1f,
    0xf7, 0x0, 0x0, 0x0, 0x9f, 0xf2, 0xf, 0xf9,
    0x0, 0x0, 0x0, 0xdf, 0xf2, 0xd, 0xfe, 0x0,
    0x0, 0x6, 0xff, 0xf2, 0x8, 0xff, 0xd5, 0x35,
    0xbf, 0xdf, 0xf2, 0x0, 0xcf, 0xff, 0xff, 0xfc,
    0x3f, 0xf2, 0x0, 0x6, 0xcf, 0xfc, 0x70, 0x2f,
    0xf2, 0x0, 0x0, 0x0, 0x0, 0x0, 0x0, 0x0,
    0x0, 0x0, 0x0, 0x0, 0x0, 0x0, 0x0, 0x0,
    0x0, 0x0, 0x0, 0x0, 0x0, 0x0, 0x0, 0xd,
    0xd7, 0x0, 0xad, 0xa0, 0x0, 0x0, 0xf, 0xf9,
    0x0, 0xcf, 0xd0, 0x0, 0x0, 0xf, 0xf9, 0x0,
    0xcf, 0xd0, 0x0,

    /* U+1E74 "Ṵ" */
    0xbf, 0xf0, 0x0, 0x0, 0x0, 0x0, 0x2, 0xff,
    0xab, 0xff, 0x0, 0x0, 0x0, 0x0, 0x0, 0x2f,
    0xfa, 0xbf, 0xf0, 0x0, 0x0, 0x0, 0x0, 0x2,
    0xff, 0xab, 0xff, 0x0, 0x0, 0x0, 0x0, 0x0,
    0x2f, 0xfa, 0xbf, 0xf0, 0x0, 0x0, 0x0, 0x0,
    0x2, 0xff, 0xab, 0xff, 0x0, 0x0, 0x0, 0x0,
    0x0, 0x2f, 0xfa, 0xbf, 0xf0, 0x0, 0x0, 0x0,
    0x0, 0x2, 0xff, 0xab, 0xff, 0x0, 0x0, 0x0,
    0x0, 0x0, 0x2f, 0xfa, 0xbf, 0xf0, 0x0, 0x0,
    0x0, 0x0, 0x2, 0xff, 0xab, 0xff, 0x0, 0x0,
    0x0, 0x0, 0x0, 0x2f, 0xfa, 0xbf, 0xf0, 0x0,
    0x0, 0x0, 0x0, 0x2, 0xff, 0xab, 0xff, 0x0,
    0x0, 0x0, 0x0, 0x0, 0x2f, 0xf9, 0xaf, 0xf1,
    0x0, 0x0, 0x0, 0x0, 0x3, 0xff, 0x89, 0xff,
    0x30, 0x0, 0x0, 0x0, 0x0, 0x4f, 0xf7, 0x7f,
    0xf6, 0x0, 0x0, 0x0, 0x0, 0x7, 0xff, 0x53,
    0xff, 0xc0, 0x0, 0x0, 0x0, 0x0, 0xef, 0xf1,
    0xc, 0xff, 0xa0, 0x0, 0x0, 0x1, 0xbf, 0xfa,
    0x0, 0x3f, 0xff, 0xe9, 0x76, 0x7a, 0xff, 0xfe,
    0x10, 0x0, 0x3d, 0xff, 0xff, 0xff, 0xff, 0xfc,
    0x20, 0x0, 0x0, 0x6, 0xad, 0xff, 0xfd, 0xa5,
    0x0, 0x0, 0x0, 0x0, 0x0, 0x0, 0x0, 0x0,
    0x0, 0x0, 0x0, 0x0, 0x0, 0x0, 0x0, 0x0,
    0x0, 0x0, 0x0, 0x0, 0x0, 0x0, 0x0, 0x0,
    0x0, 0x0, 0x0, 0x0, 0x0, 0x1, 0xbf, 0xe9,
    0x30, 0xbf, 0x40, 0x0, 0x0, 0x0, 0xcf, 0xef,
    0xff, 0xff, 0xe0, 0x0, 0x0, 0x0, 0xf, 0xd0,
    0x6, 0xcf, 0xc3, 0x0, 0x0,

    /* U+1E75 "ṵ" */
    0x1f, 0xf7, 0x0, 0x0, 0x0, 0x7f, 0xf2, 0x1f,
    0xf7, 0x0, 0x0, 0x0, 0x7f, 0xf2, 0x1f, 0xf7,
    0x0, 0x0, 0x0, 0x7f, 0xf2, 0x1f, 0xf7, 0x0,
    0x0, 0x0, 0x7f, 0xf2, 0x1f, 0xf7, 0x0, 0x0,
    0x0, 0x7f, 0xf2, 0x1f, 0xf7, 0x0, 0x0, 0x0,
    0x7f, 0xf2, 0x1f, 0xf7, 0x0, 0x0, 0x0, 0x7f,
    0xf2, 0x1f, 0xf7, 0x0, 0x0, 0x0, 0x7f, 0xf2,
    0x1f, 0xf7, 0x0, 0x0, 0x0, 0x7f, 0xf2, 0x1f,
    0xf7, 0x0, 0x0, 0x0, 0x9f, 0xf2, 0xf, 0xf9,
    0x0, 0x0, 0x0, 0xdf, 0xf2, 0xd, 0xfe, 0x0,
    0x0, 0x6, 0xff, 0xf2, 0x8, 0xff, 0xd5, 0x35,
    0xbf, 0xdf, 0xf2, 0x0, 0xcf, 0xff, 0xff, 0xfc,
    0x3f, 0xf2, 0x0, 0x6, 0xcf, 0xfc, 0x70, 0x2f,
    0xf2, 0x0, 0x0, 0x0, 0x0, 0x0, 0x0, 0x0,
    0x0, 0x0, 0x0, 0x0, 0x0, 0x0, 0x0, 0x0,
    0x0, 0x0, 0x0, 0x0, 0x0, 0x0, 0x0, 0x7,
    0xef, 0xb6, 0x15, 0xfa, 0x0, 0x0, 0x6f, 0xfe,
    0xff, 0xff, 0xf5, 0x0, 0x0, 0xaf, 0x40, 0x3a,
    0xee, 0x80, 0x0,

    /* U+1E76 "Ṷ" */
    0xbf, 0xf0, 0x0, 0x0, 0x0, 0x0, 0x2, 0xff,
    0xab, 0xff, 0x0, 0x0, 0x0, 0x0, 0x0, 0x2f,
    0xfa, 0xbf, 0xf0, 0x0, 0x0, 0x0, 0x0, 0x2,
    0xff, 0xab, 0xff, 0x0, 0x0, 0x0, 0x0, 0x0,
    0x2f, 0xfa, 0xbf, 0xf0, 0x0, 0x0, 0x0, 0x0,
    0x2, 0xff, 0xab, 0xff, 0x0, 0x0, 0x0, 0x0,
    0x0, 0x2f, 0xfa, 0xbf, 0xf0, 0x0, 0x0, 0x0,
    0x0, 0x2, 0xff, 0xab, 0xff, 0x0, 0x0, 0x0,
    0x0, 0x0, 0x2f, 0xfa, 0xbf, 0xf0, 0x0, 0x0,
    0x0, 0x0, 0x2, 0xff, 0xab, 0xff, 0x0, 0x0,
    0x0, 0x0, 0x0, 0x2f, 0xfa, 0xbf, 0xf0, 0x0,
    0x0, 0x0, 0x0, 0x2, 0xff, 0xab, 0xff, 0x0,
    0x0, 0x0, 0x0, 0x0, 0x2f, 0xf9, 0xaf, 0xf1,
    0x0, 0x0, 0x0, 0x0, 0x3, 0xff, 0x89, 0xff,
    0x30, 0x0, 0x0, 0x0, 0x0, 0x4f, 0xf7, 0x7f,
    0xf6, 0x0, 0x0, 0x0, 0x0, 0x7, 0xff, 0x53,
    0xff, 0xc0, 0x0, 0x0, 0x0, 0x0, 0xef, 0xf1,
    0xc, 0xff, 0xa0, 0x0, 0x0, 0x1, 0xbf, 0xfa,
    0x0, 0x3f, 0xff, 0xe9, 0x76, 0x7a, 0xff, 0xfe,
    0x10, 0x0, 0x3d, 0xff, 0xff, 0xff, 0xff, 0xfc,
    0x20, 0x0, 0x0, 0x6, 0xad, 0xff, 0xfd, 0xa5,
    0x0, 0x0, 0x0, 0x0, 0x0, 0x0, 0x0, 0x0,
    0x0, 0x0, 0x0, 0x0, 0x0, 0x0, 0x22, 0x20,
    0x0, 0x0, 0x0, 0x0, 0x0, 0x0, 0x5f, 0xff,
    0x50, 0x0, 0x0, 0x0, 0x0, 0x0, 0x2f, 0xfd,
    0xff, 0x20, 0x0, 0x0, 0x0, 0x0, 0xc, 0xfe,
    0xc, 0xfd, 0x0, 0x0, 0x0, 0x0, 0x8, 0xff,
    0x40, 0x2f, 0xfa, 0x0, 0x0,

    /* U+1E77 "ṷ" */
    0x1f, 0xf7, 0x0, 0x0, 0x0, 0x7f, 0xf2, 0x1f,
    0xf7, 0x0, 0x0, 0x0, 0x7f, 0xf2, 0x1f, 0xf7,
    0x0, 0x0, 0x0, 0x7f, 0xf2, 0x1f, 0xf7, 0x0,
    0x0, 0x0, 0x7f, 0xf2, 0x1f, 0xf7, 0x0, 0x0,
    0x0, 0x7f, 0xf2, 0x1f, 0xf7, 0x0, 0x0, 0x0,
    0x7f, 0xf2, 0x1f, 0xf7, 0x0, 0x0, 0x0, 0x7f,
    0xf2, 0x1f, 0xf7, 0x0, 0x0, 0x0, 0x7f, 0xf2,
    0x1f, 0xf7, 0x0, 0x0, 0x0, 0x7f, 0xf2, 0x1f,
    0xf7, 0x0, 0x0, 0x0, 0x9f, 0xf2, 0xf, 0xf9,
    0x0, 0x0, 0x0, 0xdf, 0xf2, 0xd, 0xfe, 0x0,
    0x0, 0x6, 0xff, 0xf2, 0x8, 0xff, 0xd5, 0x35,
    0xbf, 0xdf, 0xf2, 0x0, 0xcf, 0xff, 0xff, 0xfc,
    0x3f, 0xf2, 0x0, 0x6, 0xcf, 0xfc, 0x70, 0x2f,
    0xf2, 0x0, 0x0, 0x0, 0x0, 0x0, 0x0, 0x0,
    0x0, 0x0, 0x1, 0x22, 0x0, 0x0, 0x0, 0x0,
    0x0, 0xd, 0xff, 0xc0, 0x0, 0x0, 0x0, 0x0,
    0x9f, 0xee, 0xf8, 0x0, 0x0, 0x0, 0x5, 0xff,
    0x65, 0xff, 0x50, 0x0, 0x0, 0x2f, 0xfb, 0x0,
    0xbf, 0xf2, 0x0,

    /* U+1E78 "Ṹ" */
    0x0, 0x0, 0x0, 0x0, 0x6e, 0xea, 0x0, 0x0,
    0x0, 0x0, 0x0, 0x0, 0xe, 0xfe, 0x10, 0x0,
    0x0, 0x0, 0x0, 0x0, 0x6, 0xff, 0x30, 0x0,
    0x0, 0x0, 0x0, 0x0, 0x0, 0xdf, 0x50, 0x0,
    0x0, 0x0, 0x0, 0x0, 0x0, 0x0, 0x0, 0x0,
    0x0, 0x0, 0x0, 0x0, 0x0, 0x5b, 0xa3, 0x0,
    0x3d, 0x60, 0x0, 0x0, 0x0, 0x5f, 0xff, 0xf7,
    0x1a, 0xf5, 0x0, 0x0, 0x0, 0xc, 0xf3, 0x2c,
    0xff, 0xfe, 0x0, 0x0, 0x0, 0x0, 0xca, 0x0,
    0x8, 0xca, 0x20, 0x0, 0x0, 0x0, 0x0, 0x0,
    0x0, 0x0, 0x0, 0x0, 0x0, 0x0, 0x0, 0x0,
    0x0, 0x0, 0x0, 0x0, 0x0, 0xb, 0xff, 0x0,
    0x0, 0x0, 0x0, 0x0, 0x2f, 0xfa, 0xbf, 0xf0,
    0x0, 0x0, 0x0, 0x0, 0x2, 0xff, 0xab, 0xff,
    0x0, 0x0, 0x0, 0x0, 0x0, 0x2f, 0xfa, 0xbf,
    0xf0, 0x0, 0x0, 0x0, 0x0, 0x2, 0xff, 0xab,
    0xff, 0x0, 0x0, 0x0, 0x0, 0x0, 0x2f, 0xfa,
    0xbf, 0xf0, 0x0, 0x0, 0x0, 0x0, 0x2, 0xff,
    0xab, 0xff, 0x0, 0x0, 0x0, 0x0, 0x0, 0x2f,
    0xfa, 0xbf, 0xf0, 0x0, 0x0, 0x0, 0x0, 0x2,
    0xff, 0xab, 0xff, 0x0, 0x0, 0x0, 0x0, 0x0,
    0x2f, 0xfa, 0xbf, 0xf0, 0x0, 0x0, 0x0, 0x0,
    0x2, 0xff, 0xab, 0xff, 0x0, 0x0, 0x0, 0x0,
    0x0, 0x2f, 0xfa, 0xbf, 0xf0, 0x0, 0x0, 0x0,
    0x0, 0x2, 0xff, 0x9a, 0xff, 0x10, 0x0, 0x0,
    0x0, 0x0, 0x3f, 0xf8, 0x9f, 0xf3, 0x0, 0x0,
    0x0, 0x0, 0x4, 0xff, 0x77, 0xff, 0x60, 0x0,
    0x0, 0x0, 0x0, 0x7f, 0xf5, 0x3f, 0xfc, 0x0,
    0x0, 0x0, 0x0, 0xe, 0xff, 0x10, 0xcf, 0xfa,
    0x0, 0x0, 0x0, 0x1b, 0xff, 0xa0, 0x3, 0xff,
    0xfe, 0x97, 0x67, 0xaf, 0xff, 0xe1, 0x0, 0x3,
    0xdf, 0xff, 0xff, 0xff, 0xff, 0xc2, 0x0, 0x0,
    0x0, 0x6a, 0xdf, 0xff, 0xda, 0x50, 0x0, 0x0,

    /* U+1E79 "ṹ" */
    0x0, 0x0, 0x0, 0xb, 0xee, 0x50, 0x0, 0x0,
    0x0, 0x0, 0x4f, 0xf9, 0x0, 0x0, 0x0, 0x0,
    0x0, 0xcf, 0xc0, 0x0, 0x0, 0x0, 0x0, 0x4,
    0xfe, 0x10, 0x0, 0x0, 0x0, 0x0, 0x0, 0x0,
    0x0, 0x0, 0x0, 0x0, 0x0, 0x0, 0x0, 0x0,
    0x0, 0x0, 0x0, 0x7, 0xef, 0xb5, 0x14, 0xfb,
    0x0, 0x0, 0x5f, 0xfe, 0xff, 0xff, 0xf6, 0x0,
    0x0, 0x8d, 0x20, 0x28, 0xcb, 0x60, 0x0, 0x0,
    0x0, 0x0, 0x0, 0x0, 0x0, 0x0, 0x0, 0x0,
    0x0, 0x0, 0x0, 0x0, 0x0, 0x1f, 0xf7, 0x0,
    0x0, 0x0, 0x7f, 0xf2, 0x1f, 0xf7, 0x0, 0x0,
    0x0, 0x7f, 0xf2, 0x1f, 0xf7, 0x0, 0x0, 0x0,
    0x7f, 0xf2, 0x1f, 0xf7, 0x0, 0x0, 0x0, 0x7f,
    0xf2, 0x1f, 0xf7, 0x0, 0x0, 0x0, 0x7f, 0xf2,
    0x1f, 0xf7, 0x0, 0x0, 0x0, 0x7f, 0xf2, 0x1f,
    0xf7, 0x0, 0x0, 0x0, 0x7f, 0xf2, 0x1f, 0xf7,
    0x0, 0x0, 0x0, 0x7f, 0xf2, 0x1f, 0xf7, 0x0,
    0x0, 0x0, 0x7f, 0xf2, 0x1f, 0xf7, 0x0, 0x0,
    0x0, 0x9f, 0xf2, 0xf, 0xf9, 0x0, 0x0, 0x0,
    0xdf, 0xf2, 0xd, 0xfe, 0x0, 0x0, 0x6, 0xff,
    0xf2, 0x8, 0xff, 0xd5, 0x35, 0xbf, 0xdf, 0xf2,
    0x0, 0xcf, 0xff, 0xff, 0xfc, 0x3f, 0xf2, 0x0,
    0x6, 0xcf, 0xfc, 0x70, 0x2f, 0xf2,

    /* U+1E7A "Ṻ" */
    0x0, 0x0, 0x5d, 0xd2, 0x2, 0xdd, 0x50, 0x0,
    0x0, 0x0, 0x7, 0xff, 0x20, 0x3f, 0xf6, 0x0,
    0x0, 0x0, 0x0, 0x7f, 0xf2, 0x3, 0xff, 0x60,
    0x0, 0x0, 0x0, 0x0, 0x0, 0x0, 0x0, 0x0,
    0x0, 0x0, 0x0, 0x0, 0x1, 0x11, 0x11, 0x11,
    0x0, 0x0, 0x0, 0x0, 0xe, 0xff, 0xff, 0xff,
    0xfe, 0x0, 0x0, 0x0, 0x0, 0xef, 0xff, 0xff,
    0xff, 0xe0, 0x0, 0x0, 0x0, 0x0, 0x0, 0x0,
    0x0, 0x0, 0x0, 0x0, 0x0, 0x0, 0x0, 0x0,
    0x0, 0x0, 0x0, 0x0, 0xb, 0xff, 0x0, 0x0,
    0x0, 0x0, 0x0, 0x2f, 0xfa, 0xbf, 0xf0, 0x0,
    0x0, 0x0, 0x0, 0x2, 0xff, 0xab, 0xff, 0x0,
    0x0, 0x0, 0x0, 0x0, 0x2f, 0xfa, 0xbf, 0xf0,
    0x0, 0x0, 0x0, 0x0, 0x2, 0xff, 0xab, 0xff,
    0x0, 0x0, 0x0, 0x0, 0x0, 0x2f, 0xfa, 0xbf,
    0xf0, 0x0, 0x0, 0x0, 0x0, 0x2, 0xff, 0xab,
    0xff, 0x0, 0x0, 0x0, 0x0, 0x0, 0x2f, 0xfa,
    0xbf, 0xf0, 0x0, 0x0, 0x0, 0x0, 0x2, 0xff,
    0xab, 0xff, 0x0, 0x0, 0x0, 0x0, 0x0, 0x2f,
    0xfa, 0xbf, 0xf0, 0x0, 0x0, 0x0, 0x0, 0x2,
    0xff, 0xab, 0xff, 0x0, 0x0, 0x0, 0x0, 0x0,
    0x2f, 0xfa, 0xbf, 0xf0, 0x0, 0x0, 0x0, 0x0,
    0x2, 0xff, 0x9a, 0xff, 0x10, 0x0, 0x0, 0x0,
    0x0, 0x3f, 0xf8, 0x9f, 0xf3, 0x0, 0x0, 0x0,
    0x0, 0x4, 0xff, 0x77, 0xff, 0x60, 0x0, 0x0,
    0x0, 0x0, 0x7f, 0xf5, 0x3f, 0xfc, 0x0, 0x0,
    0x0, 0x0, 0xe, 0xff, 0x10, 0xcf, 0xfa, 0x0,
    0x0, 0x0, 0x1b, 0xff, 0xa0, 0x3, 0xff, 0xfe,
    0x97, 0x67, 0xaf, 0xff, 0xe1, 0x0, 0x3, 0xdf,
    0xff, 0xff, 0xff, 0xff, 0xc2, 0x0, 0x0, 0x0,
    0x6a, 0xdf, 0xff, 0xda, 0x50, 0x0, 0x0,

    /* U+1E7B "ṻ" */
    0x0, 0xd, 0xfc, 0x0, 0x9f, 0xf0, 0x0, 0x0,
    0xd, 0xfc, 0x0, 0x9f, 0xf0, 0x0, 0x0, 0xb,
    0xda, 0x0, 0x7d, 0xd0, 0x0, 0x0, 0x1, 0x11,
    0x11, 0x11, 0x10, 0x0, 0x0, 0x5f, 0xff, 0xff,
    0xff, 0xf7, 0x0, 0x0, 0x5f, 0xff, 0xff, 0xff,
    0xf7, 0x0, 0x0, 0x0, 0x0, 0x0, 0x0, 0x0,
    0x0, 0x0, 0x0, 0x0, 0x0, 0x0, 0x0, 0x0,
    0x0, 0x0, 0x0, 0x0, 0x0, 0x0, 0x0, 0x1f,
    0xf7, 0x0, 0x0, 0x0, 0x7f, 0xf2, 0x1f, 0xf7,
    0x0, 0x0, 0x0, 0x7f, 0xf2, 0x1f, 0xf7, 0x0,
    0x0, 0x0, 0x7f, 0xf2, 0x1f, 0xf7, 0x0, 0x0,
    0x0, 0x7f, 0xf2, 0x1f, 0xf7, 0x0, 0x0, 0x0,
    0x7f, 0xf2, 0x1f, 0xf7, 0x0, 0x0, 0x0, 0x7f,
    0xf2, 0x1f, 0xf7, 0x0, 0x0, 0x0, 0x7f, 0xf2,
    0x1f, 0xf7, 0x0, 0x0, 0x0, 0x7f, 0xf2, 0x1f,
    0xf7, 0x0, 0x0, 0x0, 0x7f, 0xf2, 0x1f, 0xf7,
    0x0, 0x0, 0x0, 0x9f, 0xf2, 0xf, 0xf9, 0x0,
    0x0, 0x0, 0xdf, 0xf2, 0xd, 0xfe, 0x0, 0x0,
    0x6, 0xff, 0xf2, 0x8, 0xff, 0xd5, 0x35, 0xbf,
    0xdf, 0xf2, 0x0, 0xcf, 0xff, 0xff, 0xfc, 0x3f,
    0xf2, 0x0, 0x6, 0xcf, 0xfc, 0x70, 0x2f, 0xf2,

    /* U+1E7C "Ṽ" */
    0x0, 0x0, 0x1, 0xbf, 0xd7, 0x10, 0x9f, 0x30,
    0x0, 0x0, 0x0, 0x0, 0xc, 0xfe, 0xff, 0xfd,
    0xfe, 0x0, 0x0, 0x0, 0x0, 0x0, 0x1f, 0xb0,
    0x6, 0xdf, 0xc3, 0x0, 0x0, 0x0, 0x0, 0x0,
    0x0, 0x0, 0x0, 0x0, 0x0, 0x0, 0x0, 0x0,
    0x0, 0x0, 0x0, 0x0, 0x0, 0x0, 0x0, 0x0,
    0x0, 0x0, 0xaf, 0xf4, 0x0, 0x0, 0x0, 0x0,
    0x0, 0x0, 0xdf, 0xe0, 0x3f, 0xfa, 0x0, 0x0,
    0x0, 0x0, 0x0, 0x3, 0xff, 0x80, 0xd, 0xff,
    0x10, 0x0, 0x0, 0x0, 0x0, 0x9, 0xff, 0x20,
    0x6, 0xff, 0x60, 0x0, 0x0, 0x0, 0x0, 0xf,
    0xfb, 0x0, 0x0, 0xff, 0xc0, 0x0, 0x0, 0x0,
    0x0, 0x6f, 0xf4, 0x0, 0x0, 0x9f, 0xf2, 0x0,
    0x0, 0x0, 0x0, 0xcf, 0xe0, 0x0, 0x0, 0x3f,
    0xf8, 0x0, 0x0, 0x0, 0x2, 0xff, 0x70, 0x0,
    0x0, 0xd, 0xfe, 0x0, 0x0, 0x0, 0x8, 0xff,
    0x10, 0x0, 0x0, 0x6, 0xff, 0x40, 0x0, 0x0,
    0xe, 0xfa, 0x0, 0x0, 0x0, 0x0, 0xff, 0xa0,
    0x0, 0x0, 0x5f, 0xf4, 0x0, 0x0, 0x0, 0x0,
    0x9f, 0xf1, 0x0, 0x0, 0xbf, 0xd0, 0x0, 0x0,
    0x0, 0x0, 0x3f, 0xf6, 0x0, 0x1, 0xff, 0x70,
    0x0, 0x0, 0x0, 0x0, 0xc, 0xfc, 0x0, 0x7,
    0xff, 0x10, 0x0, 0x0, 0x0, 0x0, 0x6, 0xff,
    0x20, 0xd, 0xfa, 0x0, 0x0, 0x0, 0x0, 0x0,
    0x0, 0xff, 0x80, 0x3f, 0xf3, 0x0, 0x0, 0x0,
    0x0, 0x0, 0x0, 0x9f, 0xe0, 0x9f, 0xd0, 0x0,
    0x0, 0x0, 0x0, 0x0, 0x0, 0x3f, 0xf3, 0xef,
    0x60, 0x0, 0x0, 0x0, 0x0, 0x0, 0x0, 0xc,
    0xfc, 0xff, 0x10, 0x0, 0x0, 0x0, 0x0, 0x0,
    0x0, 0x6, 0xff, 0xf9, 0x0, 0x0, 0x0, 0x0,
    0x0, 0x0, 0x0, 0x0, 0xff, 0xf3, 0x0, 0x0,
    0x0, 0x0,

    /* U+1E7D "ṽ" */
    0x0, 0x3, 0xcf, 0xd8, 0x21, 0xcf, 0x20, 0x0,
    0x0, 0xef, 0xdf, 0xff, 0xff, 0xd0, 0x0, 0x0,
    0x2d, 0x80, 0x6, 0xbc, 0x91, 0x0, 0x0, 0x0,
    0x0, 0x0, 0x0, 0x0, 0x0, 0x0, 0x0, 0x0,
    0x0, 0x0, 0x0, 0x0, 0x0, 0x7, 0xff, 0x40,
    0x0, 0x0, 0x0, 0xaf, 0xe0, 0x1f, 0xf9, 0x0,
    0x0, 0x0, 0xf, 0xf9, 0x0, 0xaf, 0xf0, 0x0,
    0x0, 0x5, 0xff, 0x30, 0x4, 0xff, 0x50, 0x0,
    0x0, 0xbf, 0xd0, 0x0, 0xe, 0xfa, 0x0, 0x0,
    0x1f, 0xf6, 0x0, 0x0, 0x8f, 0xf1, 0x0, 0x7,
    0xff, 0x10, 0x0, 0x2, 0xff, 0x60, 0x0, 0xdf,
    0xa0, 0x0, 0x0, 0xc, 0xfc, 0x0, 0x2f, 0xf4,
    0x0, 0x0, 0x0, 0x6f, 0xf1, 0x8, 0xfe, 0x0,
    0x0, 0x0, 0x0, 0xff, 0x70, 0xef, 0x80, 0x0,
    0x0, 0x0, 0xa, 0xfc, 0x4f, 0xf2, 0x0, 0x0,
    0x0, 0x0, 0x3f, 0xfa, 0xfc, 0x0, 0x0, 0x0,
    0x0, 0x0, 0xdf, 0xff, 0x60, 0x0, 0x0, 0x0,
    0x0, 0x7, 0xff, 0xf1, 0x0, 0x0, 0x0, 0x0,
    0x0, 0x1f, 0xfa, 0x0, 0x0, 0x0,

    /* U+1E7E "Ṿ" */
    0xaf, 0xf4, 0x0, 0x0, 0x0, 0x0, 0x0, 0x0,
    0xdf, 0xe0, 0x3f, 0xfa, 0x0, 0x0, 0x0, 0x0,
    0x0, 0x3, 0xff, 0x80, 0xd, 0xff, 0x10, 0x0,
    0x0, 0x0, 0x0, 0x9, 0xff, 0x20, 0x6, 0xff,
    0x60, 0x0, 0x0, 0x0, 0x0, 0xf, 0xfb, 0x0,
    0x0, 0xff, 0xc0, 0x0, 0x0, 0x0, 0x0, 0x6f,
    0xf4, 0x0, 0x0, 0x9f, 0xf2, 0x0, 0x0, 0x0,
    0x0, 0xcf, 0xe0, 0x0, 0x0, 0x3f, 0xf8, 0x0,
    0x0, 0x0, 0x2, 0xff, 0x70, 0x0, 0x0, 0xd,
    0xfe, 0x0, 0x0, 0x0, 0x8, 0xff, 0x10, 0x0,
    0x0, 0x6, 0xff, 0x40, 0x0, 0x0, 0xe, 0xfa,
    0x0, 0x0, 0x0, 0x0, 0xff, 0xa0, 0x0, 0x0,
    0x5f, 0xf4, 0x0, 0x0, 0x0, 0x0, 0x9f, 0xf1,
    0x0, 0x0, 0xbf, 0xd0, 0x0, 0x0, 0x0, 0x0,
    0x3f, 0xf6, 0x0, 0x1, 0xff, 0x70, 0x0, 0x0,
    0x0, 0x0, 0xc, 0xfc, 0x0, 0x7, 0xff, 0x10,
    0x0, 0x0, 0x0, 0x0, 0x6, 0xff, 0x20, 0xd,
    0xfa, 0x0, 0x0, 0x0, 0x0, 0x0, 0x0, 0xff,
    0x80, 0x3f, 0xf3, 0x0, 0x0, 0x0, 0x0, 0x0,
    0x0, 0x9f, 0xe0, 0x9f, 0xd0, 0x0, 0x0, 0x0,
    0x0, 0x0, 0x0, 0x3f, 0xf3, 0xef, 0x60, 0x0,
    0x0, 0x0, 0x0, 0x0, 0x0, 0xc, 0xfc, 0xff,
    0x10, 0x0, 0x0, 0x0, 0x0, 0x0, 0x0, 0x6,
    0xff, 0xf9, 0x0, 0x0, 0x0, 0x0, 0x0, 0x0,
    0x0, 0x0, 0xff, 0xf3, 0x0, 0x0, 0x0, 0x0,
    0x0, 0x0, 0x0, 0x0, 0x0, 0x0, 0x0, 0x0,
    0x0, 0x0, 0x0, 0x0, 0x0, 0x0, 0x0, 0x0,
    0x0, 0x0, 0x0, 0x0, 0x0, 0x0, 0x0, 0x0,
    0x0, 0x0, 0x0, 0x0, 0x0, 0x0, 0x0, 0x0,
    0x0, 0x0, 0x8d, 0xd0, 0x0, 0x0, 0x0, 0x0,
    0x0, 0x0, 0x0, 0x0, 0x9f, 0xf0, 0x0, 0x0,
    0x0, 0x0, 0x0, 0x0, 0x0, 0x0, 0x9f, 0xf0,
    0x0, 0x0, 0x0, 0x0,

    /* U+1E7F "ṿ" */
    0x7f, 0xf4, 0x0, 0x0, 0x0, 0xa, 0xfe, 0x1,
    0xff, 0x90, 0x0, 0x0, 0x0, 0xff, 0x90, 0xa,
    0xff, 0x0, 0x0, 0x0, 0x5f, 0xf3, 0x0, 0x4f,
    0xf5, 0x0, 0x0, 0xb, 0xfd, 0x0, 0x0, 0xef,
    0xa0, 0x0, 0x1, 0xff, 0x60, 0x0, 0x8, 0xff,
    0x10, 0x0, 0x7f, 0xf1, 0x0, 0x0, 0x2f, 0xf6,
    0x0, 0xd, 0xfa, 0x0, 0x0, 0x0, 0xcf, 0xc0,
    0x2, 0xff, 0x40, 0x0, 0x0, 0x6, 0xff, 0x10,
    0x8f, 0xe0, 0x0, 0x0, 0x0, 0xf, 0xf7, 0xe,
    0xf8, 0x0, 0x0, 0x0, 0x0, 0xaf, 0xc4, 0xff,
    0x20, 0x0, 0x0, 0x0, 0x3, 0xff, 0xaf, 0xc0,
    0x0, 0x0, 0x0, 0x0, 0xd, 0xff, 0xf6, 0x0,
    0x0, 0x0, 0x0, 0x0, 0x7f, 0xff, 0x10, 0x0,
    0x0, 0x0, 0x0, 0x1, 0xff, 0xa0, 0x0, 0x0,
    0x0, 0x0, 0x0, 0x0, 0x0, 0x0, 0x0, 0x0,
    0x0, 0x0, 0x0, 0x0, 0x0, 0x0, 0x0, 0x0,
    0x0, 0x0, 0x0, 0x0, 0x0, 0x0, 0x0, 0x0,
    0x0, 0x0, 0xbd, 0x90, 0x0, 0x0, 0x0, 0x0,
    0x0, 0xe, 0xfb, 0x0, 0x0, 0x0, 0x0, 0x0,
    0x0, 0xef, 0xb0, 0x0, 0x0, 0x0,

    /* U+1E80 "Ẁ" */
    0x0, 0x0, 0x0, 0x0, 0x4, 0xff, 0xc0, 0x0,
    0x0, 0x0, 0x0, 0x0, 0x0, 0x0, 0x0, 0x0,
    0x0, 0x0, 0xaf, 0xf4, 0x0, 0x0, 0x0, 0x0,
    0x0, 0x0, 0x0, 0x0, 0x0, 0x0, 0x0, 0x1e,
    0xfb, 0x0, 0x0, 0x0, 0x0, 0x0, 0x0, 0x0,
    0x0, 0x0, 0x0, 0x0, 0x5, 0xff, 0x30, 0x0,
    0x0, 0x0, 0x0, 0x0, 0x0, 0x0, 0x0, 0x0,
    0x0, 0x0, 0x0, 0x0, 0x0, 0x0, 0x0, 0x0,
    0x0, 0x0, 0x0, 0x0, 0x0, 0x0, 0x0, 0x0,
    0x0, 0x0, 0x0, 0x0, 0x0, 0x0, 0xcf, 0xf8,
    0x0, 0x0, 0x0, 0xa, 0xff, 0xb0, 0x0, 0x0,
    0x0, 0x8f, 0xfd, 0x8f, 0xfc, 0x0, 0x0, 0x0,
    0xe, 0xff, 0xf0, 0x0, 0x0, 0x0, 0xcf, 0xf9,
    0x3f, 0xff, 0x0, 0x0, 0x0, 0x2f, 0xff, 0xf3,
    0x0, 0x0, 0x0, 0xff, 0xf5, 0xf, 0xff, 0x40,
    0x0, 0x0, 0x6f, 0xff, 0xf7, 0x0, 0x0, 0x3,
    0xff, 0xf1, 0xb, 0xff, 0x80, 0x0, 0x0, 0xaf,
    0xff, 0xfb, 0x0, 0x0, 0x7, 0xff, 0xd0, 0x7,
    0xff, 0xc0, 0x0, 0x0, 0xef, 0xff, 0xff, 0x0,
    0x0, 0xb, 0xff, 0x80, 0x3, 0xff, 0xf0, 0x0,
    0x2, 0xff, 0xdc, 0xff, 0x30, 0x0, 0xe, 0xff,
    0x40, 0x0, 0xff, 0xf3, 0x0, 0x5, 0xff, 0x98,
    0xff, 0x70, 0x0, 0x2f, 0xff, 0x0, 0x0, 0xbf,
    0xf7, 0x0, 0x9, 0xff, 0x54, 0xff, 0xa0, 0x0,
    0x6f, 0xfc, 0x0, 0x0, 0x6f, 0xfb, 0x0, 0xd,
    0xff, 0x10, 0xff, 0xe0, 0x0, 0xaf, 0xf8, 0x0,
    0x0, 0x2f, 0xff, 0x0, 0x1f, 0xfd, 0x0, 0xcf,
    0xf2, 0x0, 0xef, 0xf4, 0x0, 0x0, 0xe, 0xff,
    0x30, 0x5f, 0xf9, 0x0, 0x8f, 0xf6, 0x2, 0xff,
    0xf0, 0x0, 0x0, 0xa, 0xff, 0x70, 0x9f, 0xf5,
    0x0, 0x4f, 0xfa, 0x6, 0xff, 0xb0, 0x0, 0x0,
    0x6, 0xff, 0xb0, 0xdf, 0xf1, 0x0, 0xf, 0xfe,
    0x9, 0xff, 0x70, 0x0, 0x0, 0x2, 0xff, 0xe1,
    0xff, 0xd0, 0x0, 0xc, 0xff, 0x2d, 0xff, 0x30,
    0x0, 0x0, 0x0, 0xef, 0xf7, 0xff, 0x90, 0x0,
    0x8, 0xff, 0x7f, 0xff, 0x0, 0x0, 0x0, 0x0,
    0x9f, 0xfe, 0xff, 0x50, 0x0, 0x4, 0xff, 0xef,
    0xfb, 0x0, 0x0, 0x0, 0x0, 0x5f, 0xff, 0xff,
    0x10, 0x0, 0x0, 0xff, 0xff, 0xf6, 0x0, 0x0,
    0x0, 0x0, 0x1f, 0xff, 0xfd, 0x0, 0x0, 0x0,
    0xcf, 0xff, 0xf2, 0x0, 0x0, 0x0, 0x0, 0xd,
    0xff, 0xf9, 0x0, 0x0, 0x0, 0x8f, 0xff, 0xe0,
    0x0, 0x0, 0x0, 0x0, 0x9, 0xff, 0xf5, 0x0,
    0x0, 0x0, 0x4f, 0xff, 0xa0, 0x0, 0x0,

    /* U+1E81 "ẁ" */
    0x0, 0x0, 0x0, 0x0, 0x4f, 0xfd, 0x0, 0x0,
    0x0, 0x0, 0x0, 0x0, 0x0, 0x0, 0x0, 0x0,
    0xa, 0xff, 0x40, 0x0, 0x0, 0x0, 0x0, 0x0,
    0x0, 0x0, 0x0, 0x0, 0x1, 0xef, 0xc0, 0x0,
    0x0, 0x0, 0x0, 0x0, 0x0, 0x0, 0x0, 0x0,
    0x0, 0x4f, 0xe3, 0x0, 0x0, 0x0, 0x0, 0x0,
    0x0, 0x0, 0x0, 0x0, 0x0, 0x0, 0x0, 0x0,
    0x0, 0x0, 0x0, 0x0, 0x3f, 0xff, 0x0, 0x0,
    0x0, 0x9f, 0xf9, 0x0, 0x0, 0x0, 0xef, 0xf4,
    0xe, 0xff, 0x40, 0x0, 0x0, 0xdf, 0xfd, 0x0,
    0x0, 0x3, 0xff, 0xf0, 0xa, 0xff, 0x80, 0x0,
    0x1, 0xff, 0xff, 0x20, 0x0, 0x7, 0xff, 0xa0,
    0x5, 0xff, 0xc0, 0x0, 0x6, 0xff, 0xff, 0x60,
    0x0, 0xc, 0xff, 0x60, 0x0, 0xff, 0xf0, 0x0,
    0xa, 0xff, 0xff, 0xa0, 0x0, 0xf, 0xff, 0x10,
    0x0, 0xbf, 0xf4, 0x0, 0xe, 0xfb, 0xbf, 0xe0,
    0x0, 0x4f, 0xfc, 0x0, 0x0, 0x7f, 0xf9, 0x0,
    0x3f, 0xf7, 0x7f, 0xf3, 0x0, 0x8f, 0xf7, 0x0,
    0x0, 0x2f, 0xfd, 0x0, 0x7f, 0xf2, 0x2f, 0xf7,
    0x0, 0xdf, 0xf3, 0x0, 0x0, 0xd, 0xff, 0x10,
    0xcf, 0xe0, 0xe, 0xfc, 0x1, 0xff, 0xe0, 0x0,
    0x0, 0x9, 0xff, 0x50, 0xff, 0x90, 0x9, 0xff,
    0x5, 0xff, 0x90, 0x0, 0x0, 0x4, 0xff, 0x94,
    0xff, 0x50, 0x5, 0xff, 0x49, 0xff, 0x50, 0x0,
    0x0, 0x0, 0xff, 0xe9, 0xff, 0x0, 0x0, 0xff,
    0x9e, 0xff, 0x0, 0x0, 0x0, 0x0, 0xbf, 0xfe,
    0xfc, 0x0, 0x0, 0xbf, 0xef, 0xfb, 0x0, 0x0,
    0x0, 0x0, 0x6f, 0xff, 0xf7, 0x0, 0x0, 0x7f,
    0xff, 0xf6, 0x0, 0x0, 0x0, 0x0, 0x1f, 0xff,
    0xf3, 0x0, 0x0, 0x2f, 0xff, 0xf2, 0x0, 0x0,
    0x0, 0x0, 0xc, 0xff, 0xe0, 0x0, 0x0, 0xe,
    0xff, 0xd0, 0x0, 0x0,

    /* U+1E82 "Ẃ" */
    0x0, 0x0, 0x0, 0x0, 0x0, 0x0, 0xa, 0xff,
    0x60, 0x0, 0x0, 0x0, 0x0, 0x0, 0x0, 0x0,
    0x0, 0x0, 0x0, 0x2f, 0xfc, 0x0, 0x0, 0x0,
    0x0, 0x0, 0x0, 0x0, 0x0, 0x0, 0x0, 0x0,
    0xaf, 0xf2, 0x0, 0x0, 0x0, 0x0, 0x0, 0x0,
    0x0, 0x0, 0x0, 0x0, 0x1, 0xff, 0x70, 0x0,
    0x0, 0x0, 0x0, 0x0, 0x0, 0x0, 0x0, 0x0,
    0x0, 0x0, 0x0, 0x0, 0x0, 0x0, 0x0, 0x0,
    0x0, 0x0, 0x0, 0x0, 0x0, 0x0, 0x0, 0x0,
    0x0, 0x0, 0x0, 0x0, 0x0, 0x0, 0xcf, 0xf8,
    0x0, 0x0, 0x0, 0xa, 0xff, 0xb0, 0x0, 0x0,
    0x0, 0x8f, 0xfd, 0x8f, 0xfc, 0x0, 0x0, 0x0,
    0xe, 0xff, 0xf0, 0x0, 0x0, 0x0, 0xcf, 0xf9,
    0x3f, 0xff, 0x0, 0x0, 0x0, 0x2f, 0xff, 0xf3,
    0x0, 0x0, 0x0, 0xff, 0xf5, 0xf, 0xff, 0x40,
    0x0, 0x0, 0x6f, 0xff, 0xf7, 0x0, 0x0, 0x3,
    0xff, 0xf1, 0xb, 0xff, 0x80, 0x0, 0x0, 0xaf,
    0xff, 0xfb, 0x0, 0x0, 0x7, 0xff, 0xd0, 0x7,
    0xff, 0xc0, 0x0, 0x0, 0xef, 0xff, 0xff, 0x0,
    0x0, 0xb, 0xff, 0x80, 0x3, 0xff, 0xf0, 0x0,
    0x2, 0xff, 0xdc, 0xff, 0x30, 0x0, 0xe, 0xff,
    0x40, 0x0, 0xff, 0xf3, 0x0, 0x5, 0xff, 0x98,
    0xff, 0x70, 0x0, 0x2f, 0xff, 0x0, 0x0, 0xbf,
    0xf7, 0x0, 0x9, 0xff, 0x54, 0xff, 0xa0, 0x0,
    0x6f, 0xfc, 0x0, 0x0, 0x6f, 0xfb, 0x0, 0xd,
    0xff, 0x10, 0xff, 0xe0, 0x0, 0xaf, 0xf8, 0x0,
    0x0, 0x2f, 0xff, 0x0, 0x1f, 0xfd, 0x0, 0xcf,
    0xf2, 0x0, 0xef, 0xf4, 0x0, 0x0, 0xe, 0xff,
    0x30, 0x5f, 0xf9, 0x0, 0x8f, 0xf6, 0x2, 0xff,
    0xf0, 0x0, 0x0, 0xa, 0xff, 0x70, 0x9f, 0xf5,
    0x0, 0x4f, 0xfa, 0x6, 0xff, 0xb0, 0x0, 0x0,
    0x6, 0xff, 0xb0, 0xdf, 0xf1, 0x0, 0xf, 0xfe,
    0x9, 0xff, 0x70, 0x0, 0x0, 0x2, 0xff, 0xe1,
    0xff, 0xd0, 0x0, 0xc, 0xff, 0x2d, 0xff, 0x30,
    0x0, 0x0, 0x0, 0xef, 0xf7, 0xff, 0x90, 0x0,
    0x8, 0xff, 0x7f, 0xff, 0x0, 0x0, 0x0, 0x0,
    0x9f, 0xfe, 0xff, 0x50, 0x0, 0x4, 0xff, 0xef,
    0xfb, 0x0, 0x0, 0x0, 0x0, 0x5f, 0xff, 0xff,
    0x10, 0x0, 0x0, 0xff, 0xff, 0xf6, 0x0, 0x0,
    0x0, 0x0, 0x1f, 0xff, 0xfd, 0x0, 0x0, 0x0,
    0xcf, 0xff, 0xf2, 0x0, 0x0, 0x0, 0x0, 0xd,
    0xff, 0xf9, 0x0, 0x0, 0x0, 0x8f, 0xff, 0xe0,
    0x0, 0x0, 0x0, 0x0, 0x9, 0xff, 0xf5, 0x0,
    0x0, 0x0, 0x4f, 0xff, 0xa0, 0x0, 0x0,

    /* U+1E83 "ẃ" */
    0x0, 0x0, 0x0, 0x0, 0x0, 0x0, 0xbf, 0xf6,
    0x0, 0x0, 0x0, 0x0, 0x0, 0x0, 0x0, 0x0,
    0x0, 0x3, 0xff, 0xb0, 0x0, 0x0, 0x0, 0x0,
    0x0, 0x0, 0x0, 0x0, 0x0, 0xa, 0xff, 0x10,
    0x0, 0x0, 0x0, 0x0, 0x0, 0x0, 0x0, 0x0,
    0x0, 0x1e, 0xf6, 0x0, 0x0, 0x0, 0x0, 0x0,
    0x0, 0x0, 0x0, 0x0, 0x0, 0x0, 0x0, 0x0,
    0x0, 0x0, 0x0, 0x0, 0x3f, 0xff, 0x0, 0x0,
    0x0, 0x9f, 0xf9, 0x0, 0x0, 0x0, 0xef, 0xf4,
    0xe, 0xff, 0x40, 0x0, 0x0, 0xdf, 0xfd, 0x0,
    0x0, 0x3, 0xff, 0xf0, 0xa, 0xff, 0x80, 0x0,
    0x1, 0xff, 0xff, 0x20, 0x0, 0x7, 0xff, 0xa0,
    0x5, 0xff, 0xc0, 0x0, 0x6, 0xff, 0xff, 0x60,
    0x0, 0xc, 0xff, 0x60, 0x0, 0xff, 0xf0, 0x0,
    0xa, 0xff, 0xff, 0xa0, 0x0, 0xf, 0xff, 0x10,
    0x0, 0xbf, 0xf4, 0x0, 0xe, 0xfb, 0xbf, 0xe0,
    0x0, 0x4f, 0xfc, 0x0, 0x0, 0x7f, 0xf9, 0x0,
    0x3f, 0xf7, 0x7f, 0xf3, 0x0, 0x8f, 0xf7, 0x0,
    0x0, 0x2f, 0xfd, 0x0, 0x7f, 0xf2, 0x2f, 0xf7,
    0x0, 0xdf, 0xf3, 0x0, 0x0, 0xd, 0xff, 0x10,
    0xcf, 0xe0, 0xe, 0xfc, 0x1, 0xff, 0xe0, 0x0,
    0x0, 0x9, 0xff, 0x50, 0xff, 0x90, 0x9, 0xff,
    0x5, 0xff, 0x90, 0x0, 0x0, 0x4, 0xff, 0x94,
    0xff, 0x50, 0x5, 0xff, 0x49, 0xff, 0x50, 0x0,
    0x0, 0x0, 0xff, 0xe9, 0xff, 0x0, 0x0, 0xff,
    0x9e, 0xff, 0x0, 0x0, 0x0, 0x0, 0xbf, 0xfe,
    0xfc, 0x0, 0x0, 0xbf, 0xef, 0xfb, 0x0, 0x0,
    0x0, 0x0, 0x6f, 0xff, 0xf7, 0x0, 0x0, 0x7f,
    0xff, 0xf6, 0x0, 0x0, 0x0, 0x0, 0x1f, 0xff,
    0xf3, 0x0, 0x0, 0x2f, 0xff, 0xf2, 0x0, 0x0,
    0x0, 0x0, 0xc, 0xff, 0xe0, 0x0, 0x0, 0xe,
    0xff, 0xd0, 0x0, 0x0,

    /* U+1E84 "Ẅ" */
    0x0, 0x0, 0x0, 0x0, 0x1, 0x11, 0x0, 0x11,
    0x10, 0x0, 0x0, 0x0, 0x0, 0x0, 0x0, 0x0,
    0x0, 0x3f, 0xfd, 0x0, 0xcf, 0xf4, 0x0, 0x0,
    0x0, 0x0, 0x0, 0x0, 0x0, 0x0, 0x3f, 0xfd,
    0x0, 0xcf, 0xf4, 0x0, 0x0, 0x0, 0x0, 0x0,
    0x0, 0x0, 0x0, 0x3f, 0xfd, 0x0, 0xcf, 0xf4,
    0x0, 0x0, 0x0, 0x0, 0x0, 0x0, 0x0, 0x0,
    0x0, 0x0, 0x0, 0x0, 0x0, 0x0, 0x0, 0x0,
    0x0, 0x0, 0x0, 0x0, 0x0, 0x0, 0x0, 0x0,
    0x0, 0x0, 0x0, 0x0, 0x0, 0x0, 0xcf, 0xf8,
    0x0, 0x0, 0x0, 0xa, 0xff, 0xb0, 0x0, 0x0,
    0x0, 0x8f, 0xfd, 0x8f, 0xfc, 0x0, 0x0, 0x0,
    0xe, 0xff, 0xf0, 0x0, 0x0, 0x0, 0xcf, 0xf9,
    0x3f, 0xff, 0x0, 0x0, 0x0, 0x2f, 0xff, 0xf3,
    0x0, 0x0, 0x0, 0xff, 0xf5, 0xf, 0xff, 0x40,
    0x0, 0x0, 0x6f, 0xff, 0xf7, 0x0, 0x0, 0x3,
    0xff, 0xf1, 0xb, 0xff, 0x80, 0x0, 0x0, 0xaf,
    0xff, 0xfb, 0x0, 0x0, 0x7, 0xff, 0xd0, 0x7,
    0xff, 0xc0, 0x0, 0x0, 0xef, 0xff, 0xff, 0x0,
    0x0, 0xb, 0xff, 0x80, 0x3, 0xff, 0xf0, 0x0,
    0x2, 0xff, 0xdc, 0xff, 0x30, 0x0, 0xe, 0xff,
    0x40, 0x0, 0xff, 0xf3, 0x0, 0x5, 0xff, 0x98,
    0xff, 0x70, 0x0, 0x2f, 0xff, 0x0, 0x0, 0xbf,
    0xf7, 0x0, 0x9, 0xff, 0x54, 0xff, 0xa0, 0x0,
    0x6f, 0xfc, 0x0, 0x0, 0x6f, 0xfb, 0x0, 0xd,
    0xff, 0x10, 0xff, 0xe0, 0x0, 0xaf, 0xf8, 0x0,
    0x0, 0x2f, 0xff, 0x0, 0x1f, 0xfd, 0x0, 0xcf,
    0xf2, 0x0, 0xef, 0xf4, 0x0, 0x0, 0xe, 0xff,
    0x30, 0x5f, 0xf9, 0x0, 0x8f, 0xf6, 0x2, 0xff,
    0xf0, 0x0, 0x0, 0xa, 0xff, 0x70, 0x9f, 0xf5,
    0x0, 0x4f, 0xfa, 0x6, 0xff, 0xb0, 0x0, 0x0,
    0x6, 0xff, 0xb0, 0xdf, 0xf1, 0x0, 0xf, 0xfe,
    0x9, 0xff, 0x70, 0x0, 0x0, 0x2, 0xff, 0xe1,
    0xff, 0xd0, 0x0, 0xc, 0xff, 0x2d, 0xff, 0x30,
    0x0, 0x0, 0x0, 0xef, 0xf7, 0xff, 0x90, 0x0,
    0x8, 0xff, 0x7f, 0xff, 0x0, 0x0, 0x0, 0x0,
    0x9f, 0xfe, 0xff, 0x50, 0x0, 0x4, 0xff, 0xef,
    0xfb, 0x0, 0x0, 0x0, 0x0, 0x5f, 0xff, 0xff,
    0x10, 0x0, 0x0, 0xff, 0xff, 0xf6, 0x0, 0x0,
    0x0, 0x0, 0x1f, 0xff, 0xfd, 0x0, 0x0, 0x0,
    0xcf, 0xff, 0xf2, 0x0, 0x0, 0x0, 0x0, 0xd,
    0xff, 0xf9, 0x0, 0x0, 0x0, 0x8f, 0xff, 0xe0,
    0x0, 0x0, 0x0, 0x0, 0x9, 0xff, 0xf5, 0x0,
    0x0, 0x0, 0x4f, 0xff, 0xa0, 0x0, 0x0,

    /* U+1E85 "ẅ" */
    0x0, 0x0, 0x0, 0x3, 0xff, 0xd0, 0xd, 0xff,
    0x40, 0x0, 0x0, 0x0, 0x0, 0x0, 0x0, 0x3,
    0xff, 0xd0, 0xd, 0xff, 0x40, 0x0, 0x0, 0x0,
    0x0, 0x0, 0x0, 0x3, 0xff, 0xd0, 0xd, 0xff,
    0x40, 0x0, 0x0, 0x0, 0x0, 0x0, 0x0, 0x0,
    0x11, 0x10, 0x1, 0x11, 0x0, 0x0, 0x0, 0x0,
    0x0, 0x0, 0x0, 0x0, 0x0, 0x0, 0x0, 0x0,
    0x0, 0x0, 0x0, 0x0, 0x3f, 0xff, 0x0, 0x0,
    0x0, 0x9f, 0xf9, 0x0, 0x0, 0x0, 0xef, 0xf4,
    0xe, 0xff, 0x40, 0x0, 0x0, 0xdf, 0xfd, 0x0,
    0x0, 0x3, 0xff, 0xf0, 0xa, 0xff, 0x80, 0x0,
    0x1, 0xff, 0xff, 0x20, 0x0, 0x7, 0xff, 0xa0,
    0x5, 0xff, 0xc0, 0x0, 0x6, 0xff, 0xff, 0x60,
    0x0, 0xc, 0xff, 0x60, 0x0, 0xff, 0xf0, 0x0,
    0xa, 0xff, 0xff, 0xa0, 0x0, 0xf, 0xff, 0x10,
    0x0, 0xbf, 0xf4, 0x0, 0xe, 0xfb, 0xbf, 0xe0,
    0x0, 0x4f, 0xfc, 0x0, 0x0, 0x7f, 0xf9, 0x0,
    0x3f, 0xf7, 0x7f, 0xf3, 0x0, 0x8f, 0xf7, 0x0,
    0x0, 0x2f, 0xfd, 0x0, 0x7f, 0xf2, 0x2f, 0xf7,
    0x0, 0xdf, 0xf3, 0x0, 0x0, 0xd, 0xff, 0x10,
    0xcf, 0xe0, 0xe, 0xfc, 0x1, 0xff, 0xe0, 0x0,
    0x0, 0x9, 0xff, 0x50, 0xff, 0x90, 0x9, 0xff,
    0x5, 0xff, 0x90, 0x0, 0x0, 0x4, 0xff, 0x94,
    0xff, 0x50, 0x5, 0xff, 0x49, 0xff, 0x50, 0x0,
    0x0, 0x0, 0xff, 0xe9, 0xff, 0x0, 0x0, 0xff,
    0x9e, 0xff, 0x0, 0x0, 0x0, 0x0, 0xbf, 0xfe,
    0xfc, 0x0, 0x0, 0xbf, 0xef, 0xfb, 0x0, 0x0,
    0x0, 0x0, 0x6f, 0xff, 0xf7, 0x0, 0x0, 0x7f,
    0xff, 0xf6, 0x0, 0x0, 0x0, 0x0, 0x1f, 0xff,
    0xf3, 0x0, 0x0, 0x2f, 0xff, 0xf2, 0x0, 0x0,
    0x0, 0x0, 0xc, 0xff, 0xe0, 0x0, 0x0, 0xe,
    0xff, 0xd0, 0x0, 0x0,

    /* U+1E86 "Ẇ" */
    0x0, 0x0, 0x0, 0x0, 0x0, 0x0, 0x8f, 0xf1,
    0x0, 0x0, 0x0, 0x0, 0x0, 0x0, 0x0, 0x0,
    0x0, 0x0, 0x0, 0x0, 0x8f, 0xf1, 0x0, 0x0,
    0x0, 0x0, 0x0, 0x0, 0x0, 0x0, 0x0, 0x0,
    0x0, 0x0, 0x7d, 0xd0, 0x0, 0x0, 0x0, 0x0,
    0x0, 0x0, 0x0, 0x0, 0x0, 0x0, 0x0, 0x0,
    0x0, 0x0, 0x0, 0x0, 0x0, 0x0, 0x0, 0x0,
    0x0, 0x0, 0x0, 0x0, 0x0, 0x0, 0x0, 0x0,
    0x0, 0x0, 0x0, 0x0, 0x0, 0x0, 0x8f, 0xf4,
    0x0, 0x0, 0x0, 0x1, 0xff, 0xf9, 0x0, 0x0,
    0x0, 0x0, 0xdf, 0xe0, 0x3f, 0xf8, 0x0, 0x0,
    0x0, 0x5, 0xff, 0xfd, 0x0, 0x0, 0x0, 0x1,
    0xff, 0xa0, 0xe, 0xfc, 0x0, 0x0, 0x0, 0xa,
    0xfe, 0xff, 0x20, 0x0, 0x0, 0x5, 0xff, 0x50,
    0xa, 0xff, 0x0, 0x0, 0x0, 0xe, 0xf7, 0xff,
    0x70, 0x0, 0x0, 0x9, 0xff, 0x10, 0x6, 0xff,
    0x30, 0x0, 0x0, 0x3f, 0xf2, 0xcf, 0xb0, 0x0,
    0x0, 0xd, 0xfc, 0x0, 0x1, 0xff, 0x70, 0x0,
    0x0, 0x8f, 0xd0, 0x7f, 0xf0, 0x0, 0x0, 0x1f,
    0xf7, 0x0, 0x0, 0xdf, 0xb0, 0x0, 0x0, 0xcf,
    0x90, 0x2f, 0xf5, 0x0, 0x0, 0x5f, 0xf3, 0x0,
    0x0, 0x9f, 0xf0, 0x0, 0x1, 0xff, 0x40, 0xe,
    0xf9, 0x0, 0x0, 0x9f, 0xe0, 0x0, 0x0, 0x4f,
    0xf3, 0x0, 0x5, 0xff, 0x0, 0x9, 0xfe, 0x0,
    0x0, 0xdf, 0xa0, 0x0, 0x0, 0xf, 0xf7, 0x0,
    0xa, 0xfb, 0x0, 0x5, 0xff, 0x30, 0x1, 0xff,
    0x50, 0x0, 0x0, 0xb, 0xfa, 0x0, 0xe, 0xf6,
    0x0, 0x0, 0xff, 0x70, 0x5, 0xff, 0x10, 0x0,
    0x0, 0x7, 0xfe, 0x0, 0x3f, 0xf2, 0x0, 0x0,
    0xbf, 0xb0, 0xa, 0xfc, 0x0, 0x0, 0x0, 0x2,
    0xff, 0x20, 0x8f, 0xd0, 0x0, 0x0, 0x7f, 0xf0,
    0xe, 0xf7, 0x0, 0x0, 0x0, 0x0, 0xef, 0x60,
    0xcf, 0x80, 0x0, 0x0, 0x2f, 0xf4, 0x2f, 0xf3,
    0x0, 0x0, 0x0, 0x0, 0xaf, 0xa1, 0xff, 0x40,
    0x0, 0x0, 0xe, 0xf7, 0x6f, 0xe0, 0x0, 0x0,
    0x0, 0x0, 0x5f, 0xd5, 0xff, 0x0, 0x0, 0x0,
    0x9, 0xfa, 0x9f, 0xa0, 0x0, 0x0, 0x0, 0x0,
    0x1f, 0xf9, 0xfa, 0x0, 0x0, 0x0, 0x4, 0xfd,
    0xdf, 0x50, 0x0, 0x0, 0x0, 0x0, 0xc, 0xff,
    0xf6, 0x0, 0x0, 0x0, 0x0, 0xff, 0xff, 0x10,
    0x0, 0x0, 0x0, 0x0, 0x8, 0xff, 0xf1, 0x0,
    0x0, 0x0, 0x0, 0xbf, 0xfc, 0x0, 0x0, 0x0,
    0x0, 0x0, 0x3, 0xff, 0xd0, 0x0, 0x0, 0x0,
    0x0, 0x7f, 0xf7, 0x0, 0x0, 0x0,

    /* U+1E87 "ẇ" */
    0x0, 0x0, 0x0, 0x0, 0xa, 0xff, 0x0, 0x0,
    0x0, 0x0, 0x0, 0x0, 0x0, 0x0, 0x0, 0xaf,
    0xf0, 0x0, 0x0, 0x0, 0x0, 0x0, 0x0, 0x0,
    0x0, 0x8, 0xdc, 0x0, 0x0, 0x0, 0x0, 0x0,
    0x0, 0x0, 0x0, 0x0, 0x0, 0x0, 0x0, 0x0,
    0x0, 0x0, 0x0, 0x0, 0x0, 0x0, 0x0, 0x0,
    0x0, 0x0, 0x0, 0x0, 0xb, 0xfe, 0x0, 0x0,
    0x0, 0xef, 0xf0, 0x0, 0x0, 0xd, 0xf9, 0x6f,
    0xf3, 0x0, 0x0, 0x2f, 0xff, 0x30, 0x0, 0x2,
    0xff, 0x41, 0xff, 0x70, 0x0, 0x6, 0xff, 0xf8,
    0x0, 0x0, 0x7f, 0xf0, 0xc, 0xfc, 0x0, 0x0,
    0xbf, 0xff, 0xc0, 0x0, 0xb, 0xfa, 0x0, 0x7f,
    0xf0, 0x0, 0xf, 0xf8, 0xff, 0x0, 0x0, 0xff,
    0x50, 0x2, 0xff, 0x40, 0x3, 0xfe, 0x2f, 0xf4,
    0x0, 0x5f, 0xf1, 0x0, 0xd, 0xf9, 0x0, 0x8f,
    0xa0, 0xdf, 0x80, 0xa, 0xfb, 0x0, 0x0, 0x8f,
    0xd0, 0xc, 0xf6, 0x9, 0xfc, 0x0, 0xef, 0x60,
    0x0, 0x3, 0xff, 0x21, 0xff, 0x20, 0x5f, 0xf1,
    0x3f, 0xf1, 0x0, 0x0, 0xe, 0xf6, 0x5f, 0xd0,
    0x1, 0xff, 0x58, 0xfc, 0x0, 0x0, 0x0, 0x9f,
    0xa9, 0xf9, 0x0, 0xc, 0xf9, 0xdf, 0x70, 0x0,
    0x0, 0x5, 0xff, 0xdf, 0x50, 0x0, 0x8f, 0xef,
    0xf2, 0x0, 0x0, 0x0, 0xf, 0xff, 0xf1, 0x0,
    0x4, 0xff, 0xfd, 0x0, 0x0, 0x0, 0x0, 0xbf,
    0xfd, 0x0, 0x0, 0xf, 0xff, 0x80, 0x0, 0x0,
    0x0, 0x6, 0xff, 0x80, 0x0, 0x0, 0xbf, 0xf3,
    0x0, 0x0,

    /* U+1E88 "Ẉ" */
    0x8f, 0xf4, 0x0, 0x0, 0x0, 0x1, 0xff, 0xf9,
    0x0, 0x0, 0x0, 0x0, 0xdf, 0xe0, 0x3f, 0xf8,
    0x0, 0x0, 0x0, 0x5, 0xff, 0xfd, 0x0, 0x0,
    0x0, 0x1, 0xff, 0xa0, 0xe, 0xfc, 0x0, 0x0,
    0x0, 0xa, 0xfe, 0xff, 0x20, 0x0, 0x0, 0x5,
    0xff, 0x50, 0xa, 0xff, 0x0, 0x0, 0x0, 0xe,
    0xf7, 0xff, 0x70, 0x0, 0x0, 0x9, 0xff, 0x10,
    0x6, 0xff, 0x30, 0x0, 0x0, 0x3f, 0xf2, 0xcf,
    0xb0, 0x0, 0x0, 0xd, 0xfc, 0x0, 0x1, 0xff,
    0x70, 0x0, 0x0, 0x8f, 0xd0, 0x7f, 0xf0, 0x0,
    0x0, 0x1f, 0xf7, 0x0, 0x0, 0xdf, 0xb0, 0x0,
    0x0, 0xcf, 0x90, 0x2f, 0xf5, 0x0, 0x0, 0x5f,
    0xf3, 0x0, 0x0, 0x9f, 0xf0, 0x0, 0x1, 0xff,
    0x40, 0xe, 0xf9, 0x0, 0x0, 0x9f, 0xe0, 0x0,
    0x0, 0x4f, 0xf3, 0x0, 0x5, 0xff, 0x0, 0x9,
    0xfe, 0x0, 0x0, 0xdf, 0xa0, 0x0, 0x0, 0xf,
    0xf7, 0x0, 0xa, 0xfb, 0x0, 0x5, 0xff, 0x30,
    0x1, 0xff, 0x50, 0x0, 0x0, 0xb, 0xfa, 0x0,
    0xe, 0xf6, 0x0, 0x0, 0xff, 0x70, 0x5, 0xff,
    0x10, 0x0, 0x0, 0x7, 0xfe, 0x0, 0x3f, 0xf2,
    0x0, 0x0, 0xbf, 0xb0, 0xa, 0xfc, 0x0, 0x0,
    0x0, 0x2, 0xff, 0x20, 0x8f, 0xd0, 0x0, 0x0,
    0x7f, 0xf0, 0xe, 0xf7, 0x0, 0x0, 0x0, 0x0,
    0xef, 0x60, 0xcf, 0x80, 0x0, 0x0, 0x2f, 0xf4,
    0x2f, 0xf3, 0x0, 0x0, 0x0, 0x0, 0xaf, 0xa1,
    0xff, 0x40, 0x0, 0x0, 0xe, 0xf7, 0x6f, 0xe0,
    0x0, 0x0, 0x0, 0x0, 0x5f, 0xd5, 0xff, 0x0,
    0x0, 0x0, 0x9, 0xfa, 0x9f, 0xa0, 0x0, 0x0,
    0x0, 0x0, 0x1f, 0xf9, 0xfa, 0x0, 0x0, 0x0,
    0x4, 0xfd, 0xdf, 0x50, 0x0, 0x0, 0x0, 0x0,
    0xc, 0xff, 0xf6, 0x0, 0x0, 0x0, 0x0, 0xff,
    0xff, 0x10, 0x0, 0x0, 0x0, 0x0, 0x8, 0xff,
    0xf1, 0x0, 0x0, 0x0, 0x0, 0xbf, 0xfc, 0x0,
    0x0, 0x0, 0x0, 0x0, 0x3, 0xff, 0xd0, 0x0,
    0x0, 0x0, 0x0, 0x7f, 0xf7, 0x0, 0x0, 0x0,
    0x0, 0x0, 0x0, 0x0, 0x0, 0x0, 0x0, 0x0,
    0x0, 0x0, 0x0, 0x0, 0x0, 0x0, 0x0, 0x0,
    0x0, 0x0, 0x0, 0x0, 0x0, 0x0, 0x0, 0x0,
    0x0, 0x0, 0x0, 0x0, 0x0, 0x0, 0x0, 0x0,
    0x0, 0x0, 0x0, 0x0, 0x0, 0x0, 0x0, 0x0,
    0x0, 0x0, 0x0, 0x0, 0x0, 0x0, 0x0, 0x0,
    0x7d, 0xd0, 0x0, 0x0, 0x0, 0x0, 0x0, 0x0,
    0x0, 0x0, 0x0, 0x0, 0x0, 0x0, 0x8f, 0xf1,
    0x0, 0x0, 0x0, 0x0, 0x0, 0x0, 0x0, 0x0,
    0x0, 0x0, 0x0, 0x0, 0x8f, 0xf1, 0x0, 0x0,
    0x0, 0x0, 0x0, 0x0,

    /* U+1E89 "ẉ" */
    0xbf, 0xe0, 0x0, 0x0, 0xe, 0xff, 0x0, 0x0,
    0x0, 0xdf, 0x96, 0xff, 0x30, 0x0, 0x2, 0xff,
    0xf3, 0x0, 0x0, 0x2f, 0xf4, 0x1f, 0xf7, 0x0,
    0x0, 0x6f, 0xff, 0x80, 0x0, 0x7, 0xff, 0x0,
    0xcf, 0xc0, 0x0, 0xb, 0xff, 0xfc, 0x0, 0x0,
    0xbf, 0xa0, 0x7, 0xff, 0x0, 0x0, 0xff, 0x8f,
    0xf0, 0x0, 0xf, 0xf5, 0x0, 0x2f, 0xf4, 0x0,
    0x3f, 0xe2, 0xff, 0x40, 0x5, 0xff, 0x10, 0x0,
    0xdf, 0x90, 0x8, 0xfa, 0xd, 0xf8, 0x0, 0xaf,
    0xb0, 0x0, 0x8, 0xfd, 0x0, 0xcf, 0x60, 0x9f,
    0xc0, 0xe, 0xf6, 0x0, 0x0, 0x3f, 0xf2, 0x1f,
    0xf2, 0x5, 0xff, 0x13, 0xff, 0x10, 0x0, 0x0,
    0xef, 0x65, 0xfd, 0x0, 0x1f, 0xf5, 0x8f, 0xc0,
    0x0, 0x0, 0x9, 0xfa, 0x9f, 0x90, 0x0, 0xcf,
    0x9d, 0xf7, 0x0, 0x0, 0x0, 0x5f, 0xfd, 0xf5,
    0x0, 0x8, 0xfe, 0xff, 0x20, 0x0, 0x0, 0x0,
    0xff, 0xff, 0x10, 0x0, 0x4f, 0xff, 0xd0, 0x0,
    0x0, 0x0, 0xb, 0xff, 0xd0, 0x0, 0x0, 0xff,
    0xf8, 0x0, 0x0, 0x0, 0x0, 0x6f, 0xf8, 0x0,
    0x0, 0xb, 0xff, 0x30, 0x0, 0x0, 0x0, 0x0,
    0x0, 0x0, 0x0, 0x0, 0x0, 0x0, 0x0, 0x0,
    0x0, 0x0, 0x0, 0x0, 0x0, 0x0, 0x0, 0x0,
    0x0, 0x0, 0x0, 0x0, 0x0, 0x0, 0x0, 0x0,
    0x0, 0x0, 0x0, 0x0, 0x0, 0x0, 0x0, 0x0,
    0x0, 0x8, 0xdc, 0x0, 0x0, 0x0, 0x0, 0x0,
    0x0, 0x0, 0x0, 0x0, 0xaf, 0xf0, 0x0, 0x0,
    0x0, 0x0, 0x0, 0x0, 0x0, 0x0, 0xa, 0xff,
    0x0, 0x0, 0x0, 0x0, 0x0,

    /* U+1E8A "Ẋ" */
    0x0, 0x0, 0x0, 0x0, 0x2f, 0xf7, 0x0, 0x0,
    0x0, 0x0, 0x0, 0x0, 0x0, 0x0, 0x2f, 0xf7,
    0x0, 0x0, 0x0, 0x0, 0x0, 0x0, 0x0, 0x0,
    0x2d, 0xd5, 0x0, 0x0, 0x0, 0x0, 0x0, 0x0,
    0x0, 0x0, 0x0, 0x0, 0x0, 0x0, 0x0, 0x0,
    0x0, 0x0, 0x0, 0x0, 0x0, 0x0, 0x0, 0x0,
    0x0, 0x0, 0x8, 0xff, 0xb0, 0x0, 0x0, 0x0,
    0x0, 0xc, 0xff, 0x30, 0x0, 0xcf, 0xf7, 0x0,
    0x0, 0x0, 0x0, 0x9f, 0xf6, 0x0, 0x0, 0x2f,
    0xff, 0x30, 0x0, 0x0, 0x5, 0xff, 0xa0, 0x0,
    0x0, 0x5, 0xff, 0xd0, 0x0, 0x0, 0x2f, 0xfd,
    0x0, 0x0, 0x0, 0x0, 0x9f, 0xfa, 0x0, 0x0,
    0xdf, 0xf2, 0x0, 0x0, 0x0, 0x0, 0xc, 0xff,
    0x50, 0xa, 0xff, 0x50, 0x0, 0x0, 0x0, 0x0,
    0x2, 0xff, 0xf2, 0x7f, 0xf8, 0x0, 0x0, 0x0,
    0x0, 0x0, 0x0, 0x5f, 0xfc, 0xff, 0xc0, 0x0,
    0x0, 0x0, 0x0, 0x0, 0x0, 0x9, 0xff, 0xfe,
    0x10, 0x0, 0x0, 0x0, 0x0, 0x0, 0x0, 0x0,
    0xff, 0xf8, 0x0, 0x0, 0x0, 0x0, 0x0, 0x0,
    0x0, 0x8, 0xff, 0xff, 0x20, 0x0, 0x0, 0x0,
    0x0, 0x0, 0x0, 0x4f, 0xfd, 0xff, 0xd0, 0x0,
    0x0, 0x0, 0x0, 0x0, 0x2, 0xef, 0xe1, 0xbf,
    0xf9, 0x0, 0x0, 0x0, 0x0, 0x0, 0xc, 0xff,
    0x40, 0x1e, 0xff, 0x50, 0x0, 0x0, 0x0, 0x0,
    0x9f, 0xf8, 0x0, 0x4, 0xff, 0xf2, 0x0, 0x0,
    0x0, 0x6, 0xff, 0xc0, 0x0, 0x0, 0x8f, 0xfc,
    0x0, 0x0, 0x0, 0x3f, 0xff, 0x20, 0x0, 0x0,
    0xc, 0xff, 0x90, 0x0, 0x1, 0xdf, 0xf5, 0x0,
    0x0, 0x0, 0x1, 0xef, 0xf5, 0x0, 0xb, 0xff,
    0x90, 0x0, 0x0, 0x0, 0x0, 0x5f, 0xfe, 0x10,
    0x7f, 0xfc, 0x0, 0x0, 0x0, 0x0, 0x0, 0x9,
    0xff, 0xc0,

    /* U+1E8B "ẋ" */
    0x0, 0x0, 0x0, 0xff, 0xa0, 0x0, 0x0, 0x0,
    0x0, 0x0, 0xf, 0xfa, 0x0, 0x0, 0x0, 0x0,
    0x0, 0x0, 0xcd, 0x90, 0x0, 0x0, 0x0, 0x0,
    0x0, 0x0, 0x0, 0x0, 0x0, 0x0, 0x0, 0x0,
    0x0, 0x0, 0x0, 0x0, 0x0, 0x1, 0xef, 0xf2,
    0x0, 0x0, 0x8, 0xff, 0x80, 0x4, 0xff, 0xc0,
    0x0, 0x3, 0xff, 0xc0, 0x0, 0x9, 0xff, 0x70,
    0x0, 0xdf, 0xe1, 0x0, 0x0, 0xd, 0xff, 0x20,
    0xaf, 0xf4, 0x0, 0x0, 0x0, 0x3f, 0xfb, 0x5f,
    0xf9, 0x0, 0x0, 0x0, 0x0, 0x7f, 0xff, 0xfc,
    0x0, 0x0, 0x0, 0x0, 0x0, 0xcf, 0xff, 0x20,
    0x0, 0x0, 0x0, 0x0, 0x8, 0xff, 0xe1, 0x0,
    0x0, 0x0, 0x0, 0x3, 0xff, 0xff, 0xb0, 0x0,
    0x0, 0x0, 0x0, 0xdf, 0xe8, 0xff, 0x60, 0x0,
    0x0, 0x0, 0xaf, 0xf4, 0xc, 0xff, 0x20, 0x0,
    0x0, 0x5f, 0xfa, 0x0, 0x2f, 0xfc, 0x0, 0x0,
    0x1e, 0xfe, 0x10, 0x0, 0x7f, 0xf8, 0x0, 0xb,
    0xff, 0x40, 0x0, 0x0, 0xdf, 0xf3, 0x7, 0xff,
    0xa0, 0x0, 0x0, 0x3, 0xff, 0xe0,

    /* U+1E8C "Ẍ" */
    0x0, 0x0, 0x5, 0xff, 0x40, 0x1f, 0xf8, 0x0,
    0x0, 0x0, 0x0, 0x0, 0x5, 0xff, 0x40, 0x1f,
    0xf8, 0x0, 0x0, 0x0, 0x0, 0x0, 0x4, 0xdd,
    0x30, 0x1d, 0xd6, 0x0, 0x0, 0x0, 0x0, 0x0,
    0x0, 0x0, 0x0, 0x0, 0x0, 0x0, 0x0, 0x0,
    0x0, 0x0, 0x0, 0x0, 0x0, 0x0, 0x0, 0x0,
    0x0, 0x0, 0x8, 0xff, 0xb0, 0x0, 0x0, 0x0,
    0x0, 0xc, 0xff, 0x30, 0x0, 0xcf, 0xf7, 0x0,
    0x0, 0x0, 0x0, 0x9f, 0xf6, 0x0, 0x0, 0x2f,
    0xff, 0x30, 0x0, 0x0, 0x5, 0xff, 0xa0, 0x0,
    0x0, 0x5, 0xff, 0xd0, 0x0, 0x0, 0x2f, 0xfd,
    0x0, 0x0, 0x0, 0x0, 0x9f, 0xfa, 0x0, 0x0,
    0xdf, 0xf2, 0x0, 0x0, 0x0, 0x0, 0xc, 0xff,
    0x50, 0xa, 0xff, 0x50, 0x0, 0x0, 0x0, 0x0,
    0x2, 0xff, 0xf2, 0x7f, 0xf8, 0x0, 0x0, 0x0,
    0x0, 0x0, 0x0, 0x5f, 0xfc, 0xff, 0xc0, 0x0,
    0x0, 0x0, 0x0, 0x0, 0x0, 0x9, 0xff, 0xfe,
    0x10, 0x0, 0x0, 0x0, 0x0, 0x0, 0x0, 0x0,
    0xff, 0xf8, 0x0, 0x0, 0x0, 0x0, 0x0, 0x0,
    0x0, 0x8, 0xff, 0xff, 0x20, 0x0, 0x0, 0x0,
    0x0, 0x0, 0x0, 0x4f, 0xfd, 0xff, 0xd0, 0x0,
    0x0, 0x0, 0x0, 0x0, 0x2, 0xef, 0xe1, 0xbf,
    0xf9, 0x0, 0x0, 0x0, 0x0, 0x0, 0xc, 0xff,
    0x40, 0x1e, 0xff, 0x50, 0x0, 0x0, 0x0, 0x0,
    0x9f, 0xf8, 0x0, 0x4, 0xff, 0xf2, 0x0, 0x0,
    0x0, 0x6, 0xff, 0xc0, 0x0, 0x0, 0x8f, 0xfc,
    0x0, 0x0, 0x0, 0x3f, 0xff, 0x20, 0x0, 0x0,
    0xc, 0xff, 0x90, 0x0, 0x1, 0xdf, 0xf5, 0x0,
    0x0, 0x0, 0x1, 0xef, 0xf5, 0x0, 0xb, 0xff,
    0x90, 0x0, 0x0, 0x0, 0x0, 0x5f, 0xfe, 0x10,
    0x7f, 0xfc, 0x0, 0x0, 0x0, 0x0, 0x0, 0x9,
    0xff, 0xc0,

    /* U+1E8D "ẍ" */
    0x0, 0xd, 0xfc, 0x0, 0x9f, 0xf0, 0x0, 0x0,
    0x0, 0xdf, 0xc0, 0x9, 0xff, 0x0, 0x0, 0x0,
    0xb, 0xda, 0x0, 0x8d, 0xd0, 0x0, 0x0, 0x0,
    0x0, 0x0, 0x0, 0x0, 0x0, 0x0, 0x0, 0x0,
    0x0, 0x0, 0x0, 0x0, 0x0, 0x1, 0xef, 0xf2,
    0x0, 0x0, 0x8, 0xff, 0x80, 0x4, 0xff, 0xc0,
    0x0, 0x3, 0xff, 0xc0, 0x0, 0x9, 0xff, 0x70,
    0x0, 0xdf, 0xe1, 0x0, 0x0, 0xd, 0xff, 0x20,
    0xaf, 0xf4, 0x0, 0x0, 0x0, 0x3f, 0xfb, 0x5f,
    0xf9, 0x0, 0x0, 0x0, 0x0, 0x7f, 0xff, 0xfc,
    0x0, 0x0, 0x0, 0x0, 0x0, 0xcf, 0xff, 0x20,
    0x0, 0x0, 0x0, 0x0, 0x8, 0xff, 0xe1, 0x0,
    0x0, 0x0, 0x0, 0x3, 0xff, 0xff, 0xb0, 0x0,
    0x0, 0x0, 0x0, 0xdf, 0xe8, 0xff, 0x60, 0x0,
    0x0, 0x0, 0xaf, 0xf4, 0xc, 0xff, 0x20, 0x0,
    0x0, 0x5f, 0xfa, 0x0, 0x2f, 0xfc, 0x0, 0x0,
    0x1e, 0xfe, 0x10, 0x0, 0x7f, 0xf8, 0x0, 0xb,
    0xff, 0x40, 0x0, 0x0, 0xdf, 0xf3, 0x7, 0xff,
    0xa0, 0x0, 0x0, 0x3, 0xff, 0xe0,

    /* U+1E8E "Ẏ" */
    0x0, 0x0, 0x0, 0x0, 0x9f, 0xf0, 0x0, 0x0,
    0x0, 0x0, 0x0, 0x0, 0x0, 0x0, 0x9f, 0xf0,
    0x0, 0x0, 0x0, 0x0, 0x0, 0x0, 0x0, 0x0,
    0x7d, 0xd0, 0x0, 0x0, 0x0, 0x0, 0x0, 0x0,
    0x0, 0x0, 0x0, 0x0, 0x0, 0x0, 0x0, 0x0,
    0x0, 0x0, 0x0, 0x0, 0x0, 0x0, 0x0, 0x0,
    0x0, 0x0, 0x8f, 0xfc, 0x0, 0x0, 0x0, 0x0,
    0x0, 0x6, 0xff, 0xc0, 0xc, 0xff, 0x80, 0x0,
    0x0, 0x0, 0x0, 0x1f, 0xff, 0x20, 0x2, 0xff,
    0xf3, 0x0, 0x0, 0x0, 0x0, 0xbf, 0xf6, 0x0,
    0x0, 0x6f, 0xfd, 0x0, 0x0, 0x0, 0x6, 0xff,
    0xa0, 0x0, 0x0, 0xb, 0xff, 0x80, 0x0, 0x0,
    0x2f, 0xfe, 0x10, 0x0, 0x0, 0x1, 0xef, 0xf3,
    0x0, 0x0, 0xcf, 0xf3, 0x0, 0x0, 0x0, 0x0,
    0x5f, 0xfd, 0x0, 0x7, 0xff, 0x80, 0x0, 0x0,
    0x0, 0x0, 0xa, 0xff, 0x80, 0x2f, 0xfc, 0x0,
    0x0, 0x0, 0x0, 0x0, 0x1, 0xef, 0xf2, 0xcf,
    0xf2, 0x0, 0x0, 0x0, 0x0, 0x0, 0x0, 0x4f,
    0xfe, 0xff, 0x50, 0x0, 0x0, 0x0, 0x0, 0x0,
    0x0, 0x9, 0xff, 0xfa, 0x0, 0x0, 0x0, 0x0,
    0x0, 0x0, 0x0, 0x0, 0xef, 0xf0, 0x0, 0x0,
    0x0, 0x0, 0x0, 0x0, 0x0, 0x0, 0xdf, 0xe0,
    0x0, 0x0, 0x0, 0x0, 0x0, 0x0, 0x0, 0x0,
    0xdf, 0xe0, 0x0, 0x0, 0x0, 0x0, 0x0, 0x0,
    0x0, 0x0, 0xdf, 0xe0, 0x0, 0x0, 0x0, 0x0,
    0x0, 0x0, 0x0, 0x0, 0xdf, 0xe0, 0x0, 0x0,
    0x0, 0x0, 0x0, 0x0, 0x0, 0x0, 0xdf, 0xe0,
    0x0, 0x0, 0x0, 0x0, 0x0, 0x0, 0x0, 0x0,
    0xdf, 0xe0, 0x0, 0x0, 0x0, 0x0, 0x0, 0x0,
    0x0, 0x0, 0xdf, 0xe0, 0x0, 0x0, 0x0, 0x0,
    0x0, 0x0, 0x0, 0x0, 0xdf, 0xe0, 0x0, 0x0,
    0x0, 0x0,

    /* U+1E8F "ẏ" */
    0x0, 0x0, 0x0, 0xcf, 0xd0, 0x0, 0x0, 0x0,
    0x0, 0x0, 0xc, 0xfd, 0x0, 0x0, 0x0, 0x0,
    0x0, 0x0, 0xad, 0xb0, 0x0, 0x0, 0x0, 0x0,
    0x0, 0x0, 0x0, 0x0, 0x0, 0x0, 0x0, 0x0,
    0x0, 0x0, 0x0, 0x0, 0x0, 0x5, 0xff, 0x60,
    0x0, 0x0, 0x0, 0x7f, 0xf1, 0xe, 0xfc, 0x0,
    0x0, 0x0, 0xd, 0xfb, 0x0, 0x9f, 0xf1, 0x0,
    0x0, 0x3, 0xff, 0x50, 0x3, 0xff, 0x70, 0x0,
    0x0, 0x9f, 0xe0, 0x0, 0xd, 0xfd, 0x0, 0x0,
    0xe, 0xf9, 0x0, 0x0, 0x7f, 0xf3, 0x0, 0x5,
    0xff, 0x30, 0x0, 0x1, 0xff, 0x80, 0x0, 0xbf,
    0xd0, 0x0, 0x0, 0xa, 0xfe, 0x0, 0x1f, 0xf7,
    0x0, 0x0, 0x0, 0x4f, 0xf4, 0x6, 0xff, 0x10,
    0x0, 0x0, 0x0, 0xef, 0xa0, 0xbf, 0xa0, 0x0,
    0x0, 0x0, 0x8, 0xff, 0x1f, 0xf4, 0x0, 0x0,
    0x0, 0x0, 0x2f, 0xf9, 0xfe, 0x0, 0x0, 0x0,
    0x0, 0x0, 0xcf, 0xff, 0x80, 0x0, 0x0, 0x0,
    0x0, 0x6, 0xff, 0xf2, 0x0, 0x0, 0x0, 0x0,
    0x0, 0xf, 0xfc, 0x0, 0x0, 0x0, 0x0, 0x0,
    0x0, 0xff, 0x60, 0x0, 0x0, 0x0, 0x0, 0x0,
    0x6f, 0xf0, 0x0, 0x0, 0x0, 0x0, 0x0, 0xd,
    0xf9, 0x0, 0x0, 0x0, 0x0, 0x37, 0x7d, 0xff,
    0x10, 0x0, 0x0, 0x0, 0x5, 0xff, 0xff, 0x70,
    0x0, 0x0, 0x0, 0x0, 0x2e, 0xfd, 0x60, 0x0,
    0x0, 0x0, 0x0,

    /* U+1E90 "Ẑ" */
    0x0, 0x0, 0x0, 0x3, 0x88, 0x40, 0x0, 0x0,
    0x0, 0x0, 0x0, 0x1, 0xef, 0xff, 0x30, 0x0,
    0x0, 0x0, 0x0, 0x0, 0xcf, 0xd9, 0xfe, 0x10,
    0x0, 0x0, 0x0, 0x0, 0x9f, 0xf3, 0xe, 0xfc,
    0x0, 0x0, 0x0, 0x0, 0x17, 0x85, 0x0, 0x38,
    0x83, 0x0, 0x0, 0x0, 0x0, 0x0, 0x0, 0x0,
    0x0, 0x0, 0x0, 0x4, 0xff, 0xff, 0xff, 0xff,
    0xff, 0xff, 0xff, 0x90, 0x4f, 0xff, 0xff, 0xff,
    0xff, 0xff, 0xff, 0xf9, 0x1, 0x66, 0x66, 0x66,
    0x66, 0x66, 0x7f, 0xff, 0x60, 0x0, 0x0, 0x0,
    0x0, 0x0, 0xb, 0xff, 0xa0, 0x0, 0x0, 0x0,
    0x0, 0x0, 0xa, 0xff, 0xc0, 0x0, 0x0, 0x0,
    0x0, 0x0, 0x7, 0xff, 0xd1, 0x0, 0x0, 0x0,
    0x0, 0x0, 0x4, 0xff, 0xf2, 0x0, 0x0, 0x0,
    0x0, 0x0, 0x2, 0xff, 0xf4, 0x0, 0x0, 0x0,
    0x0, 0x0, 0x1, 0xef, 0xf6, 0x0, 0x0, 0x0,
    0x0, 0x0, 0x0, 0xcf, 0xf9, 0x0, 0x0, 0x0,
    0x0, 0x0, 0x0, 0xaf, 0xfb, 0x0, 0x0, 0x0,
    0x0, 0x0, 0x0, 0x7f, 0xfd, 0x0, 0x0, 0x0,
    0x0, 0x0, 0x0, 0x4f, 0xfe, 0x10, 0x0, 0x0,
    0x0, 0x0, 0x0, 0x2f, 0xff, 0x30, 0x0, 0x0,
    0x0, 0x0, 0x0, 0x1e, 0xff, 0x50, 0x0, 0x0,
    0x0, 0x0, 0x0, 0xc, 0xff, 0x70, 0x0, 0x0,
    0x0, 0x0, 0x0, 0xa, 0xff, 0xa0, 0x0, 0x0,
    0x0, 0x0, 0x0, 0x5, 0xff, 0xf6, 0x66, 0x66,
    0x66, 0x66, 0x66, 0x66, 0x7f, 0xff, 0xff, 0xff,
    0xff, 0xff, 0xff, 0xff, 0xf7, 0xff, 0xff, 0xff,
    0xff, 0xff, 0xff, 0xff, 0xff,

    /* U+1E91 "ẑ" */
    0x0, 0x0, 0x6, 0xff, 0xf4, 0x0, 0x0, 0x0,
    0x0, 0x5f, 0xf9, 0xff, 0x40, 0x0, 0x0, 0x4,
    0xff, 0x80, 0x8f, 0xf4, 0x0, 0x0, 0x3, 0x44,
    0x0, 0x4, 0x43, 0x0, 0x0, 0x0, 0x0, 0x0,
    0x0, 0x0, 0x0, 0xd, 0xff, 0xff, 0xff, 0xff,
    0xff, 0xf6, 0xd, 0xff, 0xff, 0xff, 0xff, 0xff,
    0xf5, 0x0, 0x0, 0x0, 0x0, 0x4, 0xff, 0xa0,
    0x0, 0x0, 0x0, 0x0, 0x3f, 0xfc, 0x0, 0x0,
    0x0, 0x0, 0x1, 0xef, 0xe1, 0x0, 0x0, 0x0,
    0x0, 0x1d, 0xff, 0x20, 0x0, 0x0, 0x0, 0x0,
    0xbf, 0xf4, 0x0, 0x0, 0x0, 0x0, 0xa, 0xff,
    0x70, 0x0, 0x0, 0x0, 0x0, 0x8f, 0xf9, 0x0,
    0x0, 0x0, 0x0, 0x6, 0xff, 0xb0, 0x0, 0x0,
    0x0, 0x0, 0x4f, 0xfd, 0x10, 0x0, 0x0, 0x0,
    0x2, 0xff, 0xe2, 0x0, 0x0, 0x0, 0x0, 0x1e,
    0xff, 0x51, 0x11, 0x11, 0x11, 0x11, 0x6f, 0xff,
    0xff, 0xff, 0xff, 0xff, 0xfe, 0x6f, 0xff, 0xff,
    0xff, 0xff, 0xff, 0xfe,

    /* U+1E92 "Ẓ" */
    0x4, 0xff, 0xff, 0xff, 0xff, 0xff, 0xff, 0xff,
    0x90, 0x4f, 0xff, 0xff, 0xff, 0xff, 0xff, 0xff,
    0xf9, 0x1, 0x66, 0x66, 0x66, 0x66, 0x66, 0x7f,
    0xff, 0x60, 0x0, 0x0, 0x0, 0x0, 0x0, 0xb,
    0xff, 0xa0, 0x0, 0x0, 0x0, 0x0, 0x0, 0xa,
    0xff, 0xc0, 0x0, 0x0, 0x0, 0x0, 0x0, 0x7,
    0xff, 0xd1, 0x0, 0x0, 0x0, 0x0, 0x0, 0x4,
    0xff, 0xf2, 0x0, 0x0, 0x0, 0x0, 0x0, 0x2,
    0xff, 0xf4, 0x0, 0x0, 0x0, 0x0, 0x0, 0x1,
    0xef, 0xf6, 0x0, 0x0, 0x0, 0x0, 0x0, 0x0,
    0xcf, 0xf9, 0x0, 0x0, 0x0, 0x0, 0x0, 0x0,
    0xaf, 0xfb, 0x0, 0x0, 0x0, 0x0, 0x0, 0x0,
    0x7f, 0xfd, 0x0, 0x0, 0x0, 0x0, 0x0, 0x0,
    0x4f, 0xfe, 0x10, 0x0, 0x0, 0x0, 0x0, 0x0,
    0x2f, 0xff, 0x30, 0x0, 0x0, 0x0, 0x0, 0x0,
    0x1e, 0xff, 0x50, 0x0, 0x0, 0x0, 0x0, 0x0,
    0xc, 0xff, 0x70, 0x0, 0x0, 0x0, 0x0, 0x0,
    0xa, 0xff, 0xa0, 0x0, 0x0, 0x0, 0x0, 0x0,
    0x5, 0xff, 0xf6, 0x66, 0x66, 0x66, 0x66, 0x66,
    0x66, 0x7f, 0xff, 0xff, 0xff, 0xff, 0xff, 0xff,
    0xff, 0xf7, 0xff, 0xff, 0xff, 0xff, 0xff, 0xff,
    0xff, 0xff, 0x0, 0x0, 0x0, 0x0, 0x0, 0x0,
    0x0, 0x0, 0x0, 0x0, 0x0, 0x0, 0x0, 0x0,
    0x0, 0x0, 0x0, 0x0, 0x0, 0x0, 0x0, 0x0,
    0x0, 0x0, 0x0, 0x0, 0x0, 0x0, 0x0, 0xad,
    0xa0, 0x0, 0x0, 0x0, 0x0, 0x0, 0x0, 0xd,
    0xfc, 0x0, 0x0, 0x0, 0x0, 0x0, 0x0, 0x0,
    0xdf, 0xc0, 0x0, 0x0, 0x0,

    /* U+1E93 "ẓ" */
    0xd, 0xff, 0xff, 0xff, 0xff, 0xff, 0xf6, 0xd,
    0xff, 0xff, 0xff, 0xff, 0xff, 0xf5, 0x0, 0x0,
    0x0, 0x0, 0x4, 0xff, 0xa0, 0x0, 0x0, 0x0,
    0x0, 0x3f, 0xfc, 0x0, 0x0, 0x0, 0x0, 0x1,
    0xef, 0xe1, 0x0, 0x0, 0x0, 0x0, 0x1d, 0xff,
    0x20, 0x0, 0x0, 0x0, 0x0, 0xbf, 0xf4, 0x0,
    0x0, 0x0, 0x0, 0xa, 0xff, 0x70, 0x0, 0x0,
    0x0, 0x0, 0x8f, 0xf9, 0x0, 0x0, 0x0, 0x0,
    0x6, 0xff, 0xb0, 0x0, 0x0, 0x0, 0x0, 0x4f,
    0xfd, 0x10, 0x0, 0x0, 0x0, 0x2, 0xff, 0xe2,
    0x0, 0x0, 0x0, 0x0, 0x1e, 0xff, 0x51, 0x11,
    0x11, 0x11, 0x11, 0x6f, 0xff, 0xff, 0xff, 0xff,
    0xff, 0xfe, 0x6f, 0xff, 0xff, 0xff, 0xff, 0xff,
    0xfe, 0x0, 0x0, 0x0, 0x0, 0x0, 0x0, 0x0,
    0x0, 0x0, 0x0, 0x0, 0x0, 0x0, 0x0, 0x0,
    0x0, 0x0, 0x0, 0x0, 0x0, 0x0, 0x0, 0x0,
    0x1, 0xdd, 0x60, 0x0, 0x0, 0x0, 0x0, 0x1,
    0xff, 0x80, 0x0, 0x0, 0x0, 0x0, 0x1, 0xff,
    0x80, 0x0, 0x0,

    /* U+1E94 "Ẕ" */
    0x4, 0xff, 0xff, 0xff, 0xff, 0xff, 0xff, 0xff,
    0x90, 0x4f, 0xff, 0xff, 0xff, 0xff, 0xff, 0xff,
    0xf9, 0x1, 0x66, 0x66, 0x66, 0x66, 0x66, 0x7f,
    0xff, 0x60, 0x0, 0x0, 0x0, 0x0, 0x0, 0xb,
    0xff, 0xa0, 0x0, 0x0, 0x0, 0x0, 0x0, 0xa,
    0xff, 0xc0, 0x0, 0x0, 0x0, 0x0, 0x0, 0x7,
    0xff, 0xd1, 0x0, 0x0, 0x0, 0x0, 0x0, 0x4,
    0xff, 0xf2, 0x0, 0x0, 0x0, 0x0, 0x0, 0x2,
    0xff, 0xf4, 0x0, 0x0, 0x0, 0x0, 0x0, 0x1,
    0xef, 0xf6, 0x0, 0x0, 0x0, 0x0, 0x0, 0x0,
    0xcf, 0xf9, 0x0, 0x0, 0x0, 0x0, 0x0, 0x0,
    0xaf, 0xfb, 0x0, 0x0, 0x0, 0x0, 0x0, 0x0,
    0x7f, 0xfd, 0x0, 0x0, 0x0, 0x0, 0x0, 0x0,
    0x4f, 0xfe, 0x10, 0x0, 0x0, 0x0, 0x0, 0x0,
    0x2f, 0xff, 0x30, 0x0, 0x0, 0x0, 0x0, 0x0,
    0x1e, 0xff, 0x50, 0x0, 0x0, 0x0, 0x0, 0x0,
    0xc, 0xff, 0x70, 0x0, 0x0, 0x0, 0x0, 0x0,
    0xa, 0xff, 0xa0, 0x0, 0x0, 0x0, 0x0, 0x0,
    0x5, 0xff, 0xf6, 0x66, 0x66, 0x66, 0x66, 0x66,
    0x66, 0x7f, 0xff, 0xff, 0xff, 0xff, 0xff, 0xff,
    0xff, 0xf7, 0xff, 0xff, 0xff, 0xff, 0xff, 0xff,
    0xff, 0xff, 0x0, 0x0, 0x0, 0x0, 0x0, 0x0,
    0x0, 0x0, 0x0, 0x0, 0x0, 0x0, 0x0, 0x0,
    0x0, 0x0, 0x0, 0x0, 0x0, 0x0, 0x0, 0x0,
    0x0, 0x0, 0x0, 0x0, 0x0, 0xb, 0xff, 0xff,
    0xff, 0xff, 0x20, 0x0, 0x0, 0x0, 0xbf, 0xff,
    0xff, 0xff, 0xf2, 0x0, 0x0, 0x0, 0x0, 0x11,
    0x11, 0x11, 0x11, 0x0, 0x0,

    /* U+1E95 "ẕ" */
    0xd, 0xff, 0xff, 0xff, 0xff, 0xff, 0xf6, 0xd,
    0xff, 0xff, 0xff, 0xff, 0xff, 0xf5, 0x0, 0x0,
    0x0, 0x0, 0x4, 0xff, 0xa0, 0x0, 0x0, 0x0,
    0x0, 0x3f, 0xfc, 0x0, 0x0, 0x0, 0x0, 0x1,
    0xef, 0xe1, 0x0, 0x0, 0x0, 0x0, 0x1d, 0xff,
    0x20, 0x0, 0x0, 0x0, 0x0, 0xbf, 0xf4, 0x0,
    0x0, 0x0, 0x0, 0xa, 0xff, 0x70, 0x0, 0x0,
    0x0, 0x0, 0x8f, 0xf9, 0x0, 0x0, 0x0, 0x0,
    0x6, 0xff, 0xb0, 0x0, 0x0, 0x0, 0x0, 0x4f,
    0xfd, 0x10, 0x0, 0x0, 0x0, 0x2, 0xff, 0xe2,
    0x0, 0x0, 0x0, 0x0, 0x1e, 0xff, 0x51, 0x11,
    0x11, 0x11, 0x11, 0x6f, 0xff, 0xff, 0xff, 0xff,
    0xff, 0xfe, 0x6f, 0xff, 0xff, 0xff, 0xff, 0xff,
    0xfe, 0x0, 0x0, 0x0, 0x0, 0x0, 0x0, 0x0,
    0x0, 0x0, 0x0, 0x0, 0x0, 0x0, 0x0, 0x0,
    0x0, 0x0, 0x0, 0x0, 0x0, 0x0, 0x0, 0x1f,
    0xff, 0xff, 0xff, 0xfb, 0x0, 0x0, 0x1f, 0xff,
    0xff, 0xff, 0xfb, 0x0, 0x0, 0x1, 0x11, 0x11,
    0x11, 0x10, 0x0,

    /* U+1E96 "ẖ" */
    0x1f, 0xf7, 0x0, 0x0, 0x0, 0x0, 0x0, 0x1f,
    0xf7, 0x0, 0x0, 0x0, 0x0, 0x0, 0x1f, 0xf7,
    0x0, 0x0, 0x0, 0x0, 0x0, 0x1f, 0xf7, 0x0,
    0x0, 0x0, 0x0, 0x0, 0x1f, 0xf7, 0x0, 0x0,
    0x0, 0x0, 0x0, 0x1f, 0xf7, 0x7, 0xcf, 0xfd,
    0x81, 0x0, 0x1f, 0xf9, 0xdf, 0xff, 0xff, 0xfe,
    0x20, 0x1f, 0xff, 0xfa, 0x42, 0x4c, 0xff, 0xa0,
    0x1f, 0xff, 0x70, 0x0, 0x0, 0xdf, 0xf0, 0x1f,
    0xfd, 0x0, 0x0, 0x0, 0x8f, 0xf2, 0x1f, 0xf9,
    0x0, 0x0, 0x0, 0x6f, 0xf3, 0x1f, 0xf8, 0x0,
    0x0, 0x0, 0x5f, 0xf3, 0x1f, 0xf7, 0x0, 0x0,
    0x0, 0x5f, 0xf3, 0x1f, 0xf7, 0x0, 0x0, 0x0,
    0x5f, 0xf3, 0x1f, 0xf7, 0x0, 0x0, 0x0, 0x5f,
    0xf3, 0x1f, 0xf7, 0x0, 0x0, 0x0, 0x5f, 0xf3,
    0x1f, 0xf7, 0x0, 0x0, 0x0, 0x5f, 0xf3, 0x1f,
    0xf7, 0x0, 0x0, 0x0, 0x5f, 0xf3, 0x1f, 0xf7,
    0x0, 0x0, 0x0, 0x5f, 0xf3, 0x1f, 0xf7, 0x0,
    0x0, 0x0, 0x5f, 0xf3, 0x0, 0x0, 0x0, 0x0,
    0x0, 0x0, 0x0, 0x0, 0x0, 0x0, 0x0, 0x0,
    0x0, 0x0, 0x0, 0x0, 0x0, 0x0, 0x0, 0x0,
    0x0, 0x0, 0x4f, 0xff, 0xff, 0xff, 0xf9, 0x0,
    0x0, 0x4f, 0xff, 0xff, 0xff, 0xf9, 0x0, 0x0,
    0x1, 0x11, 0x11, 0x11, 0x10, 0x0,

    /* U+1E97 "ẗ" */
    0xff, 0xa0, 0xb, 0xfe, 0xff, 0xa0, 0xb, 0xfe,
    0xcd, 0x80, 0x9, 0xdc, 0x0, 0x0, 0x0, 0x0,
    0x0, 0x0, 0x0, 0x0, 0x0, 0x2, 0xa0, 0x0,
    0x0, 0x7f, 0xe0, 0x0, 0x0, 0xaf, 0xe0, 0x0,
    0x0, 0xaf, 0xe0, 0x0, 0x0, 0xaf, 0xe0, 0x0,
    0x8f, 0xff, 0xff, 0xf7, 0x7e, 0xff, 0xfe, 0xe6,
    0x0, 0xaf, 0xe0, 0x0, 0x0, 0xaf, 0xe0, 0x0,
    0x0, 0xaf, 0xe0, 0x0, 0x0, 0xaf, 0xe0, 0x0,
    0x0, 0xaf, 0xe0, 0x0, 0x0, 0xaf, 0xe0, 0x0,
    0x0, 0xaf, 0xe0, 0x0, 0x0, 0xaf, 0xe0, 0x0,
    0x0, 0xaf, 0xe0, 0x0, 0x0, 0x9f, 0xf0, 0x0,
    0x0, 0x8f, 0xf8, 0x53, 0x0, 0x4f, 0xff, 0xf9,
    0x0, 0x6, 0xdf, 0xfa,

    /* U+1E98 "ẘ" */
    0x0, 0x0, 0x0, 0x0, 0x9, 0xdb, 0x20, 0x0,
    0x0, 0x0, 0x0, 0x0, 0x0, 0x0, 0x9, 0xa2,
    0x6e, 0x0, 0x0, 0x0, 0x0, 0x0, 0x0, 0x0,
    0x0, 0xd3, 0x0, 0xd2, 0x0, 0x0, 0x0, 0x0,
    0x0, 0x0, 0x0, 0xa, 0x80, 0x3e, 0x0, 0x0,
    0x0, 0x0, 0x0, 0x0, 0x0, 0x0, 0x1c, 0xfe,
    0x40, 0x0, 0x0, 0x0, 0x0, 0x0, 0x0, 0x0,
    0x0, 0x0, 0x0, 0x0, 0x0, 0x0, 0x0, 0xbf,
    0xe0, 0x0, 0x0, 0xe, 0xff, 0x0, 0x0, 0x0,
    0xdf, 0x96, 0xff, 0x30, 0x0, 0x2, 0xff, 0xf3,
    0x0, 0x0, 0x2f, 0xf4, 0x1f, 0xf7, 0x0, 0x0,
    0x6f, 0xff, 0x80, 0x0, 0x7, 0xff, 0x0, 0xcf,
    0xc0, 0x0, 0xb, 0xff, 0xfc, 0x0, 0x0, 0xbf,
    0xa0, 0x7, 0xff, 0x0, 0x0, 0xff, 0x8f, 0xf0,
    0x0, 0xf, 0xf5, 0x0, 0x2f, 0xf4, 0x0, 0x3f,
    0xe2, 0xff, 0x40, 0x5, 0xff, 0x10, 0x0, 0xdf,
    0x90, 0x8, 0xfa, 0xd, 0xf8, 0x0, 0xaf, 0xb0,
    0x0, 0x8, 0xfd, 0x0, 0xcf, 0x60, 0x9f, 0xc0,
    0xe, 0xf6, 0x0, 0x0, 0x3f, 0xf2, 0x1f, 0xf2,
    0x5, 0xff, 0x13, 0xff, 0x10, 0x0, 0x0, 0xef,
    0x65, 0xfd, 0x0, 0x1f, 0xf5, 0x8f, 0xc0, 0x0,
    0x0, 0x9, 0xfa, 0x9f, 0x90, 0x0, 0xcf, 0x9d,
    0xf7, 0x0, 0x0, 0x0, 0x5f, 0xfd, 0xf5, 0x0,
    0x8, 0xfe, 0xff, 0x20, 0x0, 0x0, 0x0, 0xff,
    0xff, 0x10, 0x0, 0x4f, 0xff, 0xd0, 0x0, 0x0,
    0x0, 0xb, 0xff, 0xd0, 0x0, 0x0, 0xff, 0xf8,
    0x0, 0x0, 0x0, 0x0, 0x6f, 0xf8, 0x0, 0x0,
    0xb, 0xff, 0x30, 0x0, 0x0,

    /* U+1E99 "ẙ" */
    0x0, 0x0, 0x1, 0xad, 0xa1, 0x0, 0x0, 0x0,
    0x0, 0x0, 0xc8, 0x29, 0xb0, 0x0, 0x0, 0x0,
    0x0, 0xf, 0x0, 0x1f, 0x0, 0x0, 0x0, 0x0,
    0x0, 0xd5, 0x6, 0xc0, 0x0, 0x0, 0x0, 0x0,
    0x3, 0xdf, 0xd2, 0x0, 0x0, 0x0, 0x0, 0x0,
    0x0, 0x0, 0x0, 0x0, 0x0, 0x5f, 0xf6, 0x0,
    0x0, 0x0, 0x7, 0xff, 0x10, 0xef, 0xc0, 0x0,
    0x0, 0x0, 0xdf, 0xb0, 0x9, 0xff, 0x10, 0x0,
    0x0, 0x3f, 0xf5, 0x0, 0x3f, 0xf7, 0x0, 0x0,
    0x9, 0xfe, 0x0, 0x0, 0xdf, 0xd0, 0x0, 0x0,
    0xef, 0x90, 0x0, 0x7, 0xff, 0x30, 0x0, 0x5f,
    0xf3, 0x0, 0x0, 0x1f, 0xf8, 0x0, 0xb, 0xfd,
    0x0, 0x0, 0x0, 0xaf, 0xe0, 0x1, 0xff, 0x70,
    0x0, 0x0, 0x4, 0xff, 0x40, 0x6f, 0xf1, 0x0,
    0x0, 0x0, 0xe, 0xfa, 0xb, 0xfa, 0x0, 0x0,
    0x0, 0x0, 0x8f, 0xf1, 0xff, 0x40, 0x0, 0x0,
    0x0, 0x2, 0xff, 0x9f, 0xe0, 0x0, 0x0, 0x0,
    0x0, 0xc, 0xff, 0xf8, 0x0, 0x0, 0x0, 0x0,
    0x0, 0x6f, 0xff, 0x20, 0x0, 0x0, 0x0, 0x0,
    0x0, 0xff, 0xc0, 0x0, 0x0, 0x0, 0x0, 0x0,
    0xf, 0xf6, 0x0, 0x0, 0x0, 0x0, 0x0, 0x6,
    0xff, 0x0, 0x0, 0x0, 0x0, 0x0, 0x0, 0xdf,
    0x90, 0x0, 0x0, 0x0, 0x3, 0x77, 0xdf, 0xf1,
    0x0, 0x0, 0x0, 0x0, 0x5f, 0xff, 0xf7, 0x0,
    0x0, 0x0, 0x0, 0x2, 0xef, 0xd6, 0x0, 0x0,
    0x0, 0x0, 0x0,

    /* U+1E9A "ẚ" */
    0x0, 0x0, 0x0, 0x0, 0x0, 0x0, 0x0, 0x0,
    0x0, 0x0, 0x0, 0x0, 0x0, 0xb, 0xe8, 0x0,
    0x0, 0x0, 0x0, 0x0, 0x0, 0x3, 0x7e, 0xb0,
    0x0, 0x0, 0x0, 0x0, 0x0, 0x0, 0x5, 0xf1,
    0x0, 0x0, 0x0, 0x0, 0x0, 0x0, 0x4, 0xf1,
    0x0, 0x0, 0x0, 0x0, 0x0, 0x0, 0x3c, 0xc0,
    0x0, 0x0, 0x0, 0x0, 0x0, 0xb, 0xfb, 0x20,
    0x0, 0x0, 0x0, 0x0, 0x0, 0x2, 0x10, 0x0,
    0x0, 0x4, 0xad, 0xff, 0xfd, 0x81, 0x0, 0x0,
    0x1, 0xbf, 0xff, 0xff, 0xff, 0xfe, 0x20, 0x0,
    0xb, 0xff, 0x93, 0x11, 0x39, 0xff, 0xb0, 0x0,
    0x2f, 0xf9, 0x0, 0x0, 0x0, 0xbf, 0xf0, 0x0,
    0x28, 0xa2, 0x0, 0x0, 0x0, 0x7f, 0xf1, 0x0,
    0x0, 0x0, 0x0, 0x0, 0x2, 0x9f, 0xf2, 0x0,
    0x0, 0x1, 0x58, 0xac, 0xff, 0xff, 0xf2, 0x0,
    0x2, 0xbf, 0xff, 0xff, 0xfc, 0xbf, 0xf2, 0x0,
    0x2e, 0xff, 0xc8, 0x52, 0x0, 0x6f, 0xf2, 0x0,
    0xaf, 0xf5, 0x0, 0x0, 0x0, 0x8f, 0xf2, 0x0,
    0xdf, 0xe0, 0x0, 0x0, 0x0, 0xcf, 0xf2, 0x0,
    0xdf, 0xf0, 0x0, 0x0, 0x6, 0xff, 0xf2, 0x0,
    0x8f, 0xfb, 0x20, 0x3, 0xaf, 0xff, 0xf3, 0x0,
    0xc, 0xff, 0xff, 0xff, 0xfb, 0x3f, 0xf6, 0x0,
    0x0, 0x7c, 0xff, 0xea, 0x40, 0xd, 0xfb, 0x0,

    /* U+1E9B "ẛ" */
    0x0, 0x0, 0xdf, 0xc0, 0x0, 0x0, 0x0, 0xdf,
    0xc0, 0x0, 0x0, 0x0, 0xbd, 0xa0, 0x0, 0x0,
    0x0, 0x0, 0x0, 0x0, 0x0, 0x0, 0x0, 0x0,
    0x0, 0x0, 0x2, 0xae, 0xfe, 0xc0, 0x0, 0x1e,
    0xff, 0xff, 0xc0, 0x0, 0x5f, 0xfc, 0x65, 0x40,
    0x0, 0x7f, 0xf2, 0x0, 0x0, 0x0, 0x8f, 0xf0,
    0x0, 0x0, 0xcf, 0xff, 0xf0, 0x0, 0x0, 0xbe,
    0xff, 0xf0, 0x0, 0x0, 0x0, 0x8f, 0xf0, 0x0,
    0x0, 0x0, 0x8f, 0xf0, 0x0, 0x0, 0x0, 0x8f,
    0xf0, 0x0, 0x0, 0x0, 0x8f, 0xf0, 0x0, 0x0,
    0x0, 0x8f, 0xf0, 0x0, 0x0, 0x0, 0x8f, 0xf0,
    0x0, 0x0, 0x0, 0x8f, 0xf0, 0x0, 0x0, 0x0,
    0x8f, 0xf0, 0x0, 0x0, 0x0, 0x8f, 0xf0, 0x0,
    0x0, 0x0, 0x8f, 0xf0, 0x0, 0x0, 0x0, 0x8f,
    0xf0, 0x0, 0x0, 0x0, 0x8f, 0xf0, 0x0, 0x0,
    0x0, 0x8f, 0xf0, 0x0, 0x0,

    /* U+1E9E "ẞ" */
    0x0, 0x3, 0xae, 0xff, 0xff, 0xff, 0xff, 0xf9,
    0x0, 0x8, 0xff, 0xff, 0xff, 0xff, 0xff, 0xff,
    0x90, 0x6, 0xff, 0xff, 0xfe, 0xee, 0xef, 0xff,
    0xf9, 0x0, 0xef, 0xfc, 0x20, 0x0, 0x0, 0xcf,
    0xff, 0x30, 0x4f, 0xff, 0x10, 0x0, 0x0, 0xcf,
    0xfe, 0x30, 0x6, 0xff, 0xc0, 0x0, 0x1, 0xcf,
    0xfe, 0x20, 0x0, 0x7f, 0xfa, 0x0, 0x1, 0xdf,
    0xfd, 0x10, 0x0, 0x8, 0xff, 0xa0, 0x1, 0xdf,
    0xfd, 0x10, 0x0, 0x0, 0x8f, 0xfa, 0x0, 0xcf,
    0xff, 0x74, 0x10, 0x0, 0x8, 0xff, 0xa0, 0xe,
    0xff, 0xff, 0xff, 0xa2, 0x0, 0x8f, 0xfa, 0x0,
    0xef, 0xff, 0xff, 0xff, 0xf4, 0x8, 0xff, 0xa0,
    0x0, 0x0, 0x2, 0x8e, 0xff, 0xf1, 0x8f, 0xfa,
    0x0, 0x0, 0x0, 0x0, 0x2f, 0xff, 0x88, 0xff,
    0xa0, 0x0, 0x0, 0x0, 0x0, 0x8f, 0xfb, 0x8f,
    0xfa, 0x0, 0x0, 0x0, 0x0, 0x6, 0xff, 0xd8,
    0xff, 0xa0, 0x0, 0x0, 0x0, 0x0, 0x8f, 0xfb,
    0x8f, 0xfa, 0x0, 0x0, 0x0, 0x0, 0x1e, 0xff,
    0x88, 0xff, 0xa0, 0x0, 0x0, 0x0, 0x5d, 0xff,
    0xf2, 0x8f, 0xfa, 0x6, 0xee, 0xee, 0xff, 0xff,
    0xf7, 0x8, 0xff, 0xa0, 0x7f, 0xff, 0xff, 0xff,
    0xf7, 0x0, 0x8f, 0xfa, 0x7, 0xff, 0xff, 0xec,
    0x71, 0x0, 0x0,

    /* U+1EA0 "Ạ" */
    0x0, 0x0, 0x0, 0x2, 0xff, 0xff, 0x20, 0x0,
    0x0, 0x0, 0x0, 0x0, 0x0, 0x8, 0xff, 0xff,
    0x80, 0x0, 0x0, 0x0, 0x0, 0x0, 0x0, 0xe,
    0xff, 0xff, 0xd0, 0x0, 0x0, 0x0, 0x0, 0x0,
    0x0, 0x3f, 0xfc, 0xdf, 0xf3, 0x0, 0x0, 0x0,
    0x0, 0x0, 0x0, 0x9f, 0xf6, 0x7f, 0xf9, 0x0,
    0x0, 0x0, 0x0, 0x0, 0x0, 0xef, 0xf1, 0x1f,
    0xfe, 0x0, 0x0, 0x0, 0x0, 0x0, 0x4, 0xff,
    0xb0, 0xc, 0xff, 0x40, 0x0, 0x0, 0x0, 0x0,
    0xa, 0xff, 0x50, 0x6, 0xff, 0xa0, 0x0, 0x0,
    0x0, 0x0, 0xf, 0xff, 0x0, 0x1, 0xff, 0xf0,
    0x0, 0x0, 0x0, 0x0, 0x5f, 0xfa, 0x0, 0x0,
    0xbf, 0xf5, 0x0, 0x0, 0x0, 0x0, 0xbf, 0xf5,
    0x0, 0x0, 0x5f, 0xfb, 0x0, 0x0, 0x0, 0x1,
    0xff, 0xe0, 0x0, 0x0, 0xf, 0xff, 0x10, 0x0,
    0x0, 0x6, 0xff, 0xfe, 0xee, 0xee, 0xef, 0xff,
    0x60, 0x0, 0x0, 0xc, 0xff, 0xff, 0xff, 0xff,
    0xff, 0xff, 0xc0, 0x0, 0x0, 0x2f, 0xff, 0xff,
    0xff, 0xff, 0xff, 0xff, 0xf1, 0x0, 0x0, 0x7f,
    0xf9, 0x0, 0x0, 0x0, 0x0, 0xaf, 0xf7, 0x0,
    0x0, 0xdf, 0xf4, 0x0, 0x0, 0x0, 0x0, 0x5f,
    0xfd, 0x0, 0x3, 0xff, 0xf0, 0x0, 0x0, 0x0,
    0x0, 0xf, 0xff, 0x20, 0x8, 0xff, 0xb0, 0x0,
    0x0, 0x0, 0x0, 0xb, 0xff, 0x80, 0xe, 0xff,
    0x60, 0x0, 0x0, 0x0, 0x0, 0x6, 0xff, 0xd0,
    0x3f, 0xff, 0x10, 0x0, 0x0, 0x0, 0x0, 0x1,
    0xff, 0xf3, 0x0, 0x0, 0x0, 0x0, 0x0, 0x0,
    0x0, 0x0, 0x0, 0x0, 0x0, 0x0, 0x0, 0x0,
    0x6d, 0xd6, 0x0, 0x0, 0x0, 0x0, 0x0, 0x0,
    0x0, 0x0, 0x7f, 0xf7, 0x0, 0x0, 0x0, 0x0,
    0x0, 0x0, 0x0, 0x0, 0x7f, 0xf7, 0x0, 0x0,
    0x0, 0x0,

    /* U+1EA1 "ạ" */
    0x0, 0x2, 0x9d, 0xff, 0xea, 0x40, 0x0, 0x0,
    0x7, 0xff, 0xff, 0xff, 0xff, 0x90, 0x0, 0x6,
    0xff, 0xfe, 0xbb, 0xef, 0xff, 0x70, 0x0, 0xef,
    0xf9, 0x0, 0x0, 0x8f, 0xff, 0x0, 0x5f, 0xfe,
    0x0, 0x0, 0x0, 0xdf, 0xf5, 0x1, 0x22, 0x10,
    0x0, 0x0, 0xa, 0xff, 0x70, 0x0, 0x0, 0x0,
    0x3, 0x69, 0xdf, 0xf8, 0x0, 0x0, 0x49, 0xdf,
    0xff, 0xff, 0xff, 0x80, 0x3, 0xdf, 0xff, 0xff,
    0xec, 0xdf, 0xf8, 0x2, 0xff, 0xfd, 0x84, 0x10,
    0x8, 0xff, 0x80, 0x9f, 0xfc, 0x0, 0x0, 0x0,
    0xbf, 0xf8, 0xb, 0xff, 0x70, 0x0, 0x0, 0x1f,
    0xff, 0x80, 0xbf, 0xfb, 0x0, 0x0, 0x2d, 0xff,
    0xf8, 0x7, 0xff, 0xfc, 0x88, 0xaf, 0xfe, 0xff,
    0xe8, 0xb, 0xff, 0xff, 0xff, 0xfc, 0x1f, 0xff,
    0xe0, 0x6, 0xce, 0xfe, 0xb5, 0x0, 0x4c, 0xfd,
    0x0, 0x0, 0x0, 0x0, 0x0, 0x0, 0x0, 0x0,
    0x0, 0x0, 0x6d, 0xd6, 0x0, 0x0, 0x0, 0x0,
    0x0, 0x7, 0xff, 0x70, 0x0, 0x0, 0x0, 0x0,
    0x0, 0x7f, 0xf7, 0x0, 0x0, 0x0,

    /* U+1EA2 "Ả" */
    0x0, 0x0, 0x0, 0x3, 0xcd, 0xb5, 0x0, 0x0,
    0x0, 0x0, 0x0, 0x0, 0x0, 0x5, 0xff, 0xff,
    0x20, 0x0, 0x0, 0x0, 0x0, 0x0, 0x0, 0x1,
    0x11, 0xef, 0x50, 0x0, 0x0, 0x0, 0x0, 0x0,
    0x0, 0x0, 0x0, 0xef, 0x30, 0x0, 0x0, 0x0,
    0x0, 0x0, 0x0, 0x0, 0x7, 0xf9, 0x0, 0x0,
    0x0, 0x0, 0x0, 0x0, 0x0, 0x0, 0x4, 0x40,
    0x0, 0x0, 0x0, 0x0, 0x0, 0x0, 0x0, 0x0,
    0x0, 0x0, 0x0, 0x0, 0x0, 0x0, 0x0, 0x0,
    0x0, 0x2, 0xff, 0xff, 0x20, 0x0, 0x0, 0x0,
    0x0, 0x0, 0x0, 0x8, 0xff, 0xff, 0x80, 0x0,
    0x0, 0x0, 0x0, 0x0, 0x0, 0xe, 0xff, 0xff,
    0xd0, 0x0, 0x0, 0x0, 0x0, 0x0, 0x0, 0x3f,
    0xfd, 0xef, 0xf3, 0x0, 0x0, 0x0, 0x0, 0x0,
    0x0, 0x9f, 0xf8, 0x9f, 0xf9, 0x0, 0x0, 0x0,
    0x0, 0x0, 0x0, 0xef, 0xf3, 0x4f, 0xfe, 0x0,
    0x0, 0x0, 0x0, 0x0, 0x4, 0xff, 0xd0, 0xe,
    0xff, 0x40, 0x0, 0x0, 0x0, 0x0, 0xa, 0xff,
    0x80, 0x9, 0xff, 0xa0, 0x0, 0x0, 0x0, 0x0,
    0xf, 0xff, 0x30, 0x4, 0xff, 0xf0, 0x0, 0x0,
    0x0, 0x0, 0x5f, 0xfe, 0x0, 0x0, 0xef, 0xf5,
    0x0, 0x0, 0x0, 0x0, 0xbf, 0xf9, 0x0, 0x0,
    0x9f, 0xfb, 0x0, 0x0, 0x0, 0x1, 0xff, 0xf3,
    0x0, 0x0, 0x4f, 0xff, 0x10, 0x0, 0x0, 0x6,
    0xff, 0xe0, 0x0, 0x0, 0xe, 0xff, 0x60, 0x0,
    0x0, 0xc, 0xff, 0xff, 0xff, 0xff, 0xff, 0xff,
    0xc0, 0x0, 0x0, 0x2f, 0xff, 0xff, 0xff, 0xff,
    0xff, 0xff, 0xf1, 0x0, 0x0, 0x7f, 0xff, 0xee,
    0xee, 0xee, 0xee, 0xff, 0xf7, 0x0, 0x0, 0xdf,
    0xf8, 0x0, 0x0, 0x0, 0x0, 0x9f, 0xfd, 0x0,
    0x3, 0xff, 0xf2, 0x0, 0x0, 0x0, 0x0, 0x3f,
    0xff, 0x20, 0x8, 0xff, 0xd0, 0x0, 0x0, 0x0,
    0x0, 0xd, 0xff, 0x80, 0xe, 0xff, 0x70, 0x0,
    0x0, 0x0, 0x0, 0x7, 0xff, 0xd0, 0x3f, 0xff,
    0x10, 0x0, 0x0, 0x0, 0x0, 0x2, 0xff, 0xf3,

    /* U+1EA3 "ả" */
    0x0, 0x0, 0xb, 0xdc, 0x70, 0x0, 0x0, 0x0,
    0x0, 0x1, 0xff, 0xff, 0x60, 0x0, 0x0, 0x0,
    0x0, 0x2, 0xb, 0xf9, 0x0, 0x0, 0x0, 0x0,
    0x0, 0x0, 0x9f, 0x80, 0x0, 0x0, 0x0, 0x0,
    0x0, 0x2f, 0xe1, 0x0, 0x0, 0x0, 0x0, 0x0,
    0x5, 0x83, 0x0, 0x0, 0x0, 0x0, 0x0, 0x0,
    0x0, 0x0, 0x0, 0x0, 0x0, 0x0, 0x29, 0xdf,
    0xfe, 0xa4, 0x0, 0x0, 0x0, 0x7f, 0xff, 0xff,
    0xff, 0xf9, 0x0, 0x0, 0x6f, 0xff, 0xeb, 0xbe,
    0xff, 0xf7, 0x0, 0xe, 0xff, 0x90, 0x0, 0x8,
    0xff, 0xf0, 0x5, 0xff, 0xe0, 0x0, 0x0, 0xd,
    0xff, 0x50, 0x12, 0x21, 0x0, 0x0, 0x0, 0xaf,
    0xf7, 0x0, 0x0, 0x0, 0x0, 0x36, 0x9d, 0xff,
    0x80, 0x0, 0x4, 0x9d, 0xff, 0xff, 0xff, 0xf8,
    0x0, 0x3d, 0xff, 0xff, 0xfe, 0xcd, 0xff, 0x80,
    0x2f, 0xff, 0xd8, 0x41, 0x0, 0x8f, 0xf8, 0x9,
    0xff, 0xc0, 0x0, 0x0, 0xb, 0xff, 0x80, 0xbf,
    0xf7, 0x0, 0x0, 0x1, 0xff, 0xf8, 0xb, 0xff,
    0xb0, 0x0, 0x2, 0xdf, 0xff, 0x80, 0x7f, 0xff,
    0xc8, 0x8a, 0xff, 0xef, 0xfe, 0x80, 0xbf, 0xff,
    0xff, 0xff, 0xc1, 0xff, 0xfe, 0x0, 0x6c, 0xef,
    0xeb, 0x50, 0x4, 0xcf, 0xd0,

    /* U+1EA4 "Ấ" */
    0x0, 0x0, 0x0, 0x0, 0x0, 0x0, 0x0, 0xff,
    0xe1, 0x0, 0x0, 0x0, 0x0, 0x0, 0x0, 0x0,
    0x6, 0xff, 0x60, 0x0, 0x0, 0x0, 0x0, 0x0,
    0x0, 0x0, 0xc, 0xfc, 0x0, 0x0, 0x0, 0x0,
    0x0, 0x0, 0xce, 0xec, 0x2d, 0xd3, 0x0, 0x0,
    0x0, 0x0, 0x0, 0xa, 0xff, 0xff, 0xa0, 0x0,
    0x0, 0x0, 0x0, 0x0, 0x0, 0x7f, 0xe2, 0x2f,
    0xf6, 0x0, 0x0, 0x0, 0x0, 0x0, 0x0, 0x89,
    0x30, 0x3, 0x98, 0x0, 0x0, 0x0, 0x0, 0x0,
    0x0, 0x0, 0x0, 0x0, 0x0, 0x0, 0x0, 0x0,
    0x0, 0x0, 0x0, 0x2, 0xff, 0xff, 0x20, 0x0,
    0x0, 0x0, 0x0, 0x0, 0x0, 0x8, 0xff, 0xff,
    0x80, 0x0, 0x0, 0x0, 0x0, 0x0, 0x0, 0xe,
    0xff, 0xff, 0xd0, 0x0, 0x0, 0x0, 0x0, 0x0,
    0x0, 0x3f, 0xfd, 0xef, 0xf3, 0x0, 0x0, 0x0,
    0x0, 0x0, 0x0, 0x9f, 0xf8, 0x9f, 0xf9, 0x0,
    0x0, 0x0, 0x0, 0x0, 0x0, 0xef, 0xf3, 0x4f,
    0xfe, 0x0, 0x0, 0x0, 0x0, 0x0, 0x4, 0xff,
    0xd0, 0xe, 0xff, 0x40, 0x0, 0x0, 0x0, 0x0,
    0xa, 0xff, 0x80, 0x9, 0xff, 0xa0, 0x0, 0x0,
    0x0, 0x0, 0xf, 0xff, 0x30, 0x4, 0xff, 0xf0,
    0x0, 0x0, 0x0, 0x0, 0x5f, 0xfe, 0x0, 0x0,
    0xef, 0xf5, 0x0, 0x0, 0x0, 0x0, 0xbf, 0xf9,
    0x0, 0x0, 0x9f, 0xfb, 0x0, 0x0, 0x0, 0x1,
    0xff, 0xf3, 0x0, 0x0, 0x4f, 0xff, 0x10, 0x0,
    0x0, 0x6, 0xff, 0xe0, 0x0, 0x0, 0xe, 0xff,
    0x60, 0x0, 0x0, 0xc, 0xff, 0xff, 0xff, 0xff,
    0xff, 0xff, 0xc0, 0x0, 0x0, 0x2f, 0xff, 0xff,
    0xff, 0xff, 0xff, 0xff, 0xf1, 0x0, 0x0, 0x7f,
    0xff, 0xee, 0xee, 0xee, 0xee, 0xff, 0xf7, 0x0,
    0x0, 0xdf, 0xf8, 0x0, 0x0, 0x0, 0x0, 0x9f,
    0xfd, 0x0, 0x3, 0xff, 0xf2, 0x0, 0x0, 0x0,
    0x0, 0x3f, 0xff, 0x20, 0x8, 0xff, 0xd0, 0x0,
    0x0, 0x0, 0x0, 0xd, 0xff, 0x80, 0xe, 0xff,
    0x70, 0x0, 0x0, 0x0, 0x0, 0x7, 0xff, 0xd0,
    0x3f, 0xff, 0x10, 0x0, 0x0, 0x0, 0x0, 0x2,
    0xff, 0xf3,

    /* U+1EA5 "ấ" */
    0x0, 0x0, 0x0, 0x0, 0x0, 0xb, 0xff, 0x40,
    0x0, 0x0, 0x0, 0x0, 0x1, 0xff, 0xb0, 0x0,
    0x0, 0x0, 0x0, 0x0, 0x7f, 0xf2, 0x0, 0x0,
    0x0, 0x0, 0x0, 0xd, 0xf9, 0x0, 0x0, 0x0,
    0xb, 0xff, 0xf3, 0x0, 0x0, 0x0, 0x0, 0x7,
    0xfc, 0x5f, 0xe1, 0x0, 0x0, 0x0, 0x3, 0xff,
    0x20, 0xaf, 0xb0, 0x0, 0x0, 0x0, 0x68, 0x40,
    0x0, 0x88, 0x20, 0x0, 0x0, 0x0, 0x0, 0x0,
    0x0, 0x0, 0x0, 0x0, 0x0, 0x29, 0xdf, 0xfe,
    0xa4, 0x0, 0x0, 0x0, 0x7f, 0xff, 0xff, 0xff,
    0xf9, 0x0, 0x0, 0x6f, 0xff, 0xeb, 0xbe, 0xff,
    0xf7, 0x0, 0xe, 0xff, 0x90, 0x0, 0x8, 0xff,
    0xf0, 0x5, 0xff, 0xe0, 0x0, 0x0, 0xd, 0xff,
    0x50, 0x12, 0x21, 0x0, 0x0, 0x0, 0xaf, 0xf7,
    0x0, 0x0, 0x0, 0x0, 0x36, 0x9d, 0xff, 0x80,
    0x0, 0x4, 0x9d, 0xff, 0xff, 0xff, 0xf8, 0x0,
    0x3d, 0xff, 0xff, 0xfe, 0xcd, 0xff, 0x80, 0x2f,
    0xff, 0xd8, 0x41, 0x0, 0x8f, 0xf8, 0x9, 0xff,
    0xc0, 0x0, 0x0, 0xb, 0xff, 0x80, 0xbf, 0xf7,
    0x0, 0x0, 0x1, 0xff, 0xf8, 0xb, 0xff, 0xb0,
    0x0, 0x2, 0xdf, 0xff, 0x80, 0x7f, 0xff, 0xc8,
    0x8a, 0xff, 0xef, 0xfe, 0x80, 0xbf, 0xff, 0xff,
    0xff, 0xc1, 0xff, 0xfe, 0x0, 0x6c, 0xef, 0xeb,
    0x50, 0x4, 0xcf, 0xd0,

    /* U+1EA6 "Ầ" */
    0x0, 0x0, 0x0, 0x0, 0x0, 0x0, 0xdf, 0xf1,
    0x0, 0x0, 0x0, 0x0, 0x0, 0x0, 0x0, 0x0,
    0x4f, 0xf7, 0x0, 0x0, 0x0, 0x0, 0x0, 0x0,
    0x0, 0x0, 0xb, 0xfe, 0x0, 0x0, 0x0, 0x0,
    0x0, 0x0, 0xce, 0xec, 0x2, 0xdd, 0x30, 0x0,
    0x0, 0x0, 0x0, 0xa, 0xff, 0xff, 0xa0, 0x0,
    0x0, 0x0, 0x0, 0x0, 0x0, 0x7f, 0xe2, 0x2f,
    0xf6, 0x0, 0x0, 0x0, 0x0, 0x0, 0x0, 0x89,
    0x30, 0x3, 0x98, 0x0, 0x0, 0x0, 0x0, 0x0,
    0x0, 0x0, 0x0, 0x0, 0x0, 0x0, 0x0, 0x0,
    0x0, 0x0, 0x0, 0x2, 0xff, 0xff, 0x20, 0x0,
    0x0, 0x0, 0x0, 0x0, 0x0, 0x8, 0xff, 0xff,
    0x80, 0x0, 0x0, 0x0, 0x0, 0x0, 0x0, 0xe,
    0xff, 0xff, 0xd0, 0x0, 0x0, 0x0, 0x0, 0x0,
    0x0, 0x3f, 0xfd, 0xef, 0xf3, 0x0, 0x0, 0x0,
    0x0, 0x0, 0x0, 0x9f, 0xf8, 0x9f, 0xf9, 0x0,
    0x0, 0x0, 0x0, 0x0, 0x0, 0xef, 0xf3, 0x4f,
    0xfe, 0x0, 0x0, 0x0, 0x0, 0x0, 0x4, 0xff,
    0xd0, 0xe, 0xff, 0x40, 0x0, 0x0, 0x0, 0x0,
    0xa, 0xff, 0x80, 0x9, 0xff, 0xa0, 0x0, 0x0,
    0x0, 0x0, 0xf, 0xff, 0x30, 0x4, 0xff, 0xf0,
    0x0, 0x0, 0x0, 0x0, 0x5f, 0xfe, 0x0, 0x0,
    0xef, 0xf5, 0x0, 0x0, 0x0, 0x0, 0xbf, 0xf9,
    0x0, 0x0, 0x9f, 0xfb, 0x0, 0x0, 0x0, 0x1,
    0xff, 0xf3, 0x0, 0x0, 0x4f, 0xff, 0x10, 0x0,
    0x0, 0x6, 0xff, 0xe0, 0x0, 0x0, 0xe, 0xff,
    0x60, 0x0, 0x0, 0xc, 0xff, 0xff, 0xff, 0xff,
    0xff, 0xff, 0xc0, 0x0, 0x0, 0x2f, 0xff, 0xff,
    0xff, 0xff, 0xff, 0xff, 0xf1, 0x0, 0x0, 0x7f,
    0xff, 0xee, 0xee, 0xee, 0xee, 0xff, 0xf7, 0x0,
    0x0, 0xdf, 0xf8, 0x0, 0x0, 0x0, 0x0, 0x9f,
    0xfd, 0x0, 0x3, 0xff, 0xf2, 0x0, 0x0, 0x0,
    0x0, 0x3f, 0xff, 0x20, 0x8, 0xff, 0xd0, 0x0,
    0x0, 0x0, 0x0, 0xd, 0xff, 0x80, 0xe, 0xff,
    0x70, 0x0, 0x0, 0x0, 0x0, 0x7, 0xff, 0xd0,
    0x3f, 0xff, 0x10, 0x0, 0x0, 0x0, 0x0, 0x2,
    0xff, 0xf3,

    /* U+1EA7 "ầ" */
    0x0, 0x0, 0x0, 0x0, 0x9, 0xff, 0x50, 0x0,
    0x0, 0x0, 0x0, 0x0, 0x1f, 0xfb, 0x0, 0x0,
    0x0, 0x0, 0x0, 0x0, 0x8f, 0xf1, 0x0, 0x0,
    0x0, 0x0, 0x0, 0x0, 0xef, 0x70, 0x0, 0x0,
    0xb, 0xff, 0xf3, 0x0, 0x0, 0x0, 0x0, 0x7,
    0xfc, 0x5f, 0xe1, 0x0, 0x0, 0x0, 0x3, 0xff,
    0x20, 0xaf, 0xb0, 0x0, 0x0, 0x0, 0x68, 0x40,
    0x0, 0x88, 0x20, 0x0, 0x0, 0x0, 0x0, 0x0,
    0x0, 0x0, 0x0, 0x0, 0x0, 0x29, 0xdf, 0xfe,
    0xa4, 0x0, 0x0, 0x0, 0x7f, 0xff, 0xff, 0xff,
    0xf9, 0x0, 0x0, 0x6f, 0xff, 0xeb, 0xbe, 0xff,
    0xf7, 0x0, 0xe, 0xff, 0x90, 0x0, 0x8, 0xff,
    0xf0, 0x5, 0xff, 0xe0, 0x0, 0x0, 0xd, 0xff,
    0x50, 0x12, 0x21, 0x0, 0x0, 0x0, 0xaf, 0xf7,
    0x0, 0x0, 0x0, 0x0, 0x36, 0x9d, 0xff, 0x80,
    0x0, 0x4, 0x9d, 0xff, 0xff, 0xff, 0xf8, 0x0,
    0x3d, 0xff, 0xff, 0xfe, 0xcd, 0xff, 0x80, 0x2f,
    0xff, 0xd8, 0x41, 0x0, 0x8f, 0xf8, 0x9, 0xff,
    0xc0, 0x0, 0x0, 0xb, 0xff, 0x80, 0xbf, 0xf7,
    0x0, 0x0, 0x1, 0xff, 0xf8, 0xb, 0xff, 0xb0,
    0x0, 0x2, 0xdf, 0xff, 0x80, 0x7f, 0xff, 0xc8,
    0x8a, 0xff, 0xef, 0xfe, 0x80, 0xbf, 0xff, 0xff,
    0xff, 0xc1, 0xff, 0xfe, 0x0, 0x6c, 0xef, 0xeb,
    0x50, 0x4, 0xcf, 0xd0,

    /* U+1EA8 "Ẩ" */
    0x0, 0x0, 0x0, 0x0, 0x0, 0x7, 0xff, 0xc2,
    0x0, 0x0, 0x0, 0x0, 0x0, 0x0, 0x0, 0x7,
    0xbe, 0xf9, 0x0, 0x0, 0x0, 0x0, 0x0, 0x0,
    0x0, 0x0, 0x4, 0xfa, 0x0, 0x0, 0x0, 0x0,
    0x0, 0x0, 0x45, 0x54, 0x9, 0xf4, 0x0, 0x0,
    0x0, 0x0, 0x0, 0x3, 0xff, 0xff, 0x48, 0x50,
    0x0, 0x0, 0x0, 0x0, 0x0, 0xd, 0xfb, 0xbf,
    0xd0, 0x0, 0x0, 0x0, 0x0, 0x0, 0x0, 0xaf,
    0xc0, 0x1d, 0xf9, 0x0, 0x0, 0x0, 0x0, 0x0,
    0x0, 0x66, 0x10, 0x2, 0x66, 0x0, 0x0, 0x0,
    0x0, 0x0, 0x0, 0x0, 0x0, 0x0, 0x0, 0x0,
    0x0, 0x0, 0x0, 0x0, 0x0, 0x2, 0xff, 0xff,
    0x20, 0x0, 0x0, 0x0, 0x0, 0x0, 0x0, 0x8,
    0xff, 0xff, 0x80, 0x0, 0x0, 0x0, 0x0, 0x0,
    0x0, 0xe, 0xff, 0xff, 0xd0, 0x0, 0x0, 0x0,
    0x0, 0x0, 0x0, 0x3f, 0xfd, 0xef, 0xf3, 0x0,
    0x0, 0x0, 0x0, 0x0, 0x0, 0x9f, 0xf8, 0x9f,
    0xf9, 0x0, 0x0, 0x0, 0x0, 0x0, 0x0, 0xef,
    0xf3, 0x4f, 0xfe, 0x0, 0x0, 0x0, 0x0, 0x0,
    0x4, 0xff, 0xd0, 0xe, 0xff, 0x40, 0x0, 0x0,
    0x0, 0x0, 0xa, 0xff, 0x80, 0x9, 0xff, 0xa0,
    0x0, 0x0, 0x0, 0x0, 0xf, 0xff, 0x30, 0x4,
    0xff, 0xf0, 0x0, 0x0, 0x0, 0x0, 0x5f, 0xfe,
    0x0, 0x0, 0xef, 0xf5, 0x0, 0x0, 0x0, 0x0,
    0xbf, 0xf9, 0x0, 0x0, 0x9f, 0xfb, 0x0, 0x0,
    0x0, 0x1, 0xff, 0xf3, 0x0, 0x0, 0x4f, 0xff,
    0x10, 0x0, 0x0, 0x6, 0xff, 0xe0, 0x0, 0x0,
    0xe, 0xff, 0x60, 0x0, 0x0, 0xc, 0xff, 0xff,
    0xff, 0xff, 0xff, 0xff, 0xc0, 0x0, 0x0, 0x2f,
    0xff, 0xff, 0xff, 0xff, 0xff, 0xff, 0xf1, 0x0,
    0x0, 0x7f, 0xff, 0xee, 0xee, 0xee, 0xee, 0xff,
    0xf7, 0x0, 0x0, 0xdf, 0xf8, 0x0, 0x0, 0x0,
    0x0, 0x9f, 0xfd, 0x0, 0x3, 0xff, 0xf2, 0x0,
    0x0, 0x0, 0x0, 0x3f, 0xff, 0x20, 0x8, 0xff,
    0xd0, 0x0, 0x0, 0x0, 0x0, 0xd, 0xff, 0x80,
    0xe, 0xff, 0x70, 0x0, 0x0, 0x0, 0x0, 0x7,
    0xff, 0xd0, 0x3f, 0xff, 0x10, 0x0, 0x0, 0x0,
    0x0, 0x2, 0xff, 0xf3,

    /* U+1EA9 "ẩ" */
    0x0, 0x0, 0x0, 0x0, 0x3e, 0xfd, 0x40, 0x0,
    0x0, 0x0, 0x0, 0x4, 0xcd, 0xfd, 0x0, 0x0,
    0x0, 0x0, 0x0, 0x0, 0xf, 0xf0, 0x0, 0x0,
    0x0, 0x0, 0x0, 0x3, 0xfb, 0x0, 0x0, 0x0,
    0xa, 0xff, 0xf3, 0xbd, 0x20, 0x0, 0x0, 0x6,
    0xff, 0xff, 0xd0, 0x0, 0x0, 0x0, 0x2, 0xff,
    0x61, 0xdf, 0x90, 0x0, 0x0, 0x0, 0x8c, 0x80,
    0x2, 0xcc, 0x20, 0x0, 0x0, 0x0, 0x0, 0x0,
    0x0, 0x0, 0x0, 0x0, 0x0, 0x29, 0xdf, 0xfe,
    0xa4, 0x0, 0x0, 0x0, 0x7f, 0xff, 0xff, 0xff,
    0xf9, 0x0, 0x0, 0x6f, 0xff, 0xeb, 0xbe, 0xff,
    0xf7, 0x0, 0xe, 0xff, 0x90, 0x0, 0x8, 0xff,
    0xf0, 0x5, 0xff, 0xe0, 0x0, 0x0, 0xd, 0xff,
    0x50, 0x12, 0x21, 0x0, 0x0, 0x0, 0xaf, 0xf7,
    0x0, 0x0, 0x0, 0x0, 0x36, 0x9d, 0xff, 0x80,
    0x0, 0x4, 0x9d, 0xff, 0xff, 0xff, 0xf8, 0x0,
    0x3d, 0xff, 0xff, 0xfe, 0xcd, 0xff, 0x80, 0x2f,
    0xff, 0xd8, 0x41, 0x0, 0x8f, 0xf8, 0x9, 0xff,
    0xc0, 0x0, 0x0, 0xb, 0xff, 0x80, 0xbf, 0xf7,
    0x0, 0x0, 0x1, 0xff, 0xf8, 0xb, 0xff, 0xb0,
    0x0, 0x2, 0xdf, 0xff, 0x80, 0x7f, 0xff, 0xc8,
    0x8a, 0xff, 0xef, 0xfe, 0x80, 0xbf, 0xff, 0xff,
    0xff, 0xc1, 0xff, 0xfe, 0x0, 0x6c, 0xef, 0xeb,
    0x50, 0x4, 0xcf, 0xd0,

    /* U+1EAA "Ẫ" */
    0x0, 0x0, 0x0, 0x1a, 0xd9, 0x0, 0x4e, 0x50,
    0x0, 0x0, 0x0, 0x0, 0x0, 0xdf, 0xff, 0xc1,
    0x9f, 0x30, 0x0, 0x0, 0x0, 0x0, 0x3, 0xfa,
    0x1a, 0xff, 0xfd, 0x0, 0x0, 0x0, 0x0, 0x0,
    0x5, 0xe4, 0x0, 0x8d, 0xa1, 0x0, 0x0, 0x0,
    0x0, 0x0, 0x0, 0x0, 0x12, 0x21, 0x0, 0x0,
    0x0, 0x0, 0x0, 0x0, 0x0, 0x2, 0xff, 0xfe,
    0x20, 0x0, 0x0, 0x0, 0x0, 0x0, 0x0, 0xc,
    0xfd, 0xdf, 0xc0, 0x0, 0x0, 0x0, 0x0, 0x0,
    0x0, 0x8f, 0xe1, 0x1d, 0xf8, 0x0, 0x0, 0x0,
    0x0, 0x0, 0x0, 0x78, 0x20, 0x2, 0x87, 0x0,
    0x0, 0x0, 0x0, 0x0, 0x0, 0x0, 0x0, 0x0,
    0x0, 0x0, 0x0, 0x0, 0x0, 0x0, 0x0, 0x2,
    0xff, 0xff, 0x20, 0x0, 0x0, 0x0, 0x0, 0x0,
    0x0, 0x8, 0xff, 0xff, 0x80, 0x0, 0x0, 0x0,
    0x0, 0x0, 0x0, 0xe, 0xff, 0xff, 0xd0, 0x0,
    0x0, 0x0, 0x0, 0x0, 0x0, 0x3f, 0xfd, 0xef,
    0xf3, 0x0, 0x0, 0x0, 0x0, 0x0, 0x0, 0x9f,
    0xf8, 0x9f, 0xf9, 0x0, 0x0, 0x0, 0x0, 0x0,
    0x0, 0xef, 0xf3, 0x4f, 0xfe, 0x0, 0x0, 0x0,
    0x0, 0x0, 0x4, 0xff, 0xd0, 0xe, 0xff, 0x40,
    0x0, 0x0, 0x0, 0x0, 0xa, 0xff, 0x80, 0x9,
    0xff, 0xa0, 0x0, 0x0, 0x0, 0x0, 0xf, 0xff,
    0x30, 0x4, 0xff, 0xf0, 0x0, 0x0, 0x0, 0x0,
    0x5f, 0xfe, 0x0, 0x0, 0xef, 0xf5, 0x0, 0x0,
    0x0, 0x0, 0xbf, 0xf9, 0x0, 0x0, 0x9f, 0xfb,
    0x0, 0x0, 0x0, 0x1, 0xff, 0xf3, 0x0, 0x0,
    0x4f, 0xff, 0x10, 0x0, 0x0, 0x6, 0xff, 0xe0,
    0x0, 0x0, 0xe, 0xff, 0x60, 0x0, 0x0, 0xc,
    0xff, 0xff, 0xff, 0xff, 0xff, 0xff, 0xc0, 0x0,
    0x0, 0x2f, 0xff, 0xff, 0xff, 0xff, 0xff, 0xff,
    0xf1, 0x0, 0x0, 0x7f, 0xff, 0xee, 0xee, 0xee,
    0xee, 0xff, 0xf7, 0x0, 0x0, 0xdf, 0xf8, 0x0,
    0x0, 0x0, 0x0, 0x9f, 0xfd, 0x0, 0x3, 0xff,
    0xf2, 0x0, 0x0, 0x0, 0x0, 0x3f, 0xff, 0x20,
    0x8, 0xff, 0xd0, 0x0, 0x0, 0x0, 0x0, 0xd,
    0xff, 0x80, 0xe, 0xff, 0x70, 0x0, 0x0, 0x0,
    0x0, 0x7, 0xff, 0xd0, 0x3f, 0xff, 0x10, 0x0,
    0x0, 0x0, 0x0, 0x2, 0xff, 0xf3,

    /* U+1EAB "ẫ" */
    0x0, 0x0, 0x8d, 0xb2, 0x0, 0xe8, 0x0, 0x0,
    0x0, 0x9f, 0xff, 0xe3, 0x5f, 0x80, 0x0, 0x0,
    0xf, 0xd1, 0x6f, 0xff, 0xf2, 0x0, 0x0, 0x1,
    0xe8, 0x0, 0x5c, 0xc4, 0x0, 0x0, 0x0, 0x0,
    0x0, 0x0, 0x0, 0x0, 0x0, 0x0, 0x0, 0x0,
    0xaf, 0xff, 0x30, 0x0, 0x0, 0x0, 0x0, 0x6f,
    0xff, 0xfd, 0x0, 0x0, 0x0, 0x0, 0x2f, 0xf7,
    0x1d, 0xf9, 0x0, 0x0, 0x0, 0x9, 0xc8, 0x0,
    0x2c, 0xc3, 0x0, 0x0, 0x0, 0x0, 0x0, 0x0,
    0x0, 0x0, 0x0, 0x0, 0x2, 0x9d, 0xff, 0xea,
    0x40, 0x0, 0x0, 0x7, 0xff, 0xff, 0xff, 0xff,
    0x90, 0x0, 0x6, 0xff, 0xfe, 0xbb, 0xef, 0xff,
    0x70, 0x0, 0xef, 0xf9, 0x0, 0x0, 0x8f, 0xff,
    0x0, 0x5f, 0xfe, 0x0, 0x0, 0x0, 0xdf, 0xf5,
    0x1, 0x22, 0x10, 0x0, 0x0, 0xa, 0xff, 0x70,
    0x0, 0x0, 0x0, 0x3, 0x69, 0xdf, 0xf8, 0x0,
    0x0, 0x49, 0xdf, 0xff, 0xff, 0xff, 0x80, 0x3,
    0xdf, 0xff, 0xff, 0xec, 0xdf, 0xf8, 0x2, 0xff,
    0xfd, 0x84, 0x10, 0x8, 0xff, 0x80, 0x9f, 0xfc,
    0x0, 0x0, 0x0, 0xbf, 0xf8, 0xb, 0xff, 0x70,
    0x0, 0x0, 0x1f, 0xff, 0x80, 0xbf, 0xfb, 0x0,
    0x0, 0x2d, 0xff, 0xf8, 0x7, 0xff, 0xfc, 0x88,
    0xaf, 0xfe, 0xff, 0xe8, 0xb, 0xff, 0xff, 0xff,
    0xfc, 0x1f, 0xff, 0xe0, 0x6, 0xce, 0xfe, 0xb5,
    0x0, 0x4c, 0xfd,

    /* U+1EAC "Ậ" */
    0x0, 0x0, 0x0, 0x0, 0x68, 0x85, 0x0, 0x0,
    0x0, 0x0, 0x0, 0x0, 0x0, 0x3, 0xff, 0xff,
    0x20, 0x0, 0x0, 0x0, 0x0, 0x0, 0x0, 0xc,
    0xfa, 0xaf, 0xc0, 0x0, 0x0, 0x0, 0x0, 0x0,
    0x0, 0x6f, 0xe1, 0x1f, 0xf5, 0x0, 0x0, 0x0,
    0x0, 0x0, 0x1, 0xef, 0x60, 0x6, 0xfe, 0x0,
    0x0, 0x0, 0x0, 0x0, 0x0, 0x0, 0x0, 0x0,
    0x0, 0x0, 0x0, 0x0, 0x0, 0x0, 0x0, 0x0,
    0x0, 0x0, 0x0, 0x0, 0x0, 0x0, 0x0, 0x0,
    0x0, 0x2, 0xff, 0xff, 0x20, 0x0, 0x0, 0x0,
    0x0, 0x0, 0x0, 0x8, 0xff, 0xff, 0x80, 0x0,
    0x0, 0x0, 0x0, 0x0, 0x0, 0xe, 0xff, 0xff,
    0xd0, 0x0, 0x0, 0x0, 0x0, 0x0, 0x0, 0x3f,
    0xfc, 0xdf, 0xf3, 0x0, 0x0, 0x0, 0x0, 0x0,
    0x0, 0x9f, 0xf6, 0x7f, 0xf9, 0x0, 0x0, 0x0,
    0x0, 0x0, 0x0, 0xef, 0xf1, 0x1f, 0xfe, 0x0,
    0x0, 0x0, 0x0, 0x0, 0x4, 0xff, 0xb0, 0xc,
    0xff, 0x40, 0x0, 0x0, 0x0, 0x0, 0xa, 0xff,
    0x50, 0x6, 0xff, 0xa0, 0x0, 0x0, 0x0, 0x0,
    0xf, 0xff, 0x0, 0x1, 0xff, 0xf0, 0x0, 0x0,
    0x0, 0x0, 0x5f, 0xfa, 0x0, 0x0, 0xbf, 0xf5,
    0x0, 0x0, 0x0, 0x0, 0xbf, 0xf5, 0x0, 0x0,
    0x5f, 0xfb, 0x0, 0x0, 0x0, 0x1, 0xff, 0xe0,
    0x0, 0x0, 0xf, 0xff, 0x10, 0x0, 0x0, 0x6,
    0xff, 0xfe, 0xee, 0xee, 0xef, 0xff, 0x60, 0x0,
    0x0, 0xc, 0xff, 0xff, 0xff, 0xff, 0xff, 0xff,
    0xc0, 0x0, 0x0, 0x2f, 0xff, 0xff, 0xff, 0xff,
    0xff, 0xff, 0xf1, 0x0, 0x0, 0x7f, 0xf9, 0x0,
    0x0, 0x0, 0x0, 0xaf, 0xf7, 0x0, 0x0, 0xdf,
    0xf4, 0x0, 0x0, 0x0, 0x0, 0x5f, 0xfd, 0x0,
    0x3, 0xff, 0xf0, 0x0, 0x0, 0x0, 0x0, 0xf,
    0xff, 0x20, 0x8, 0xff, 0xb0, 0x0, 0x0, 0x0,
    0x0, 0xb, 0xff, 0x80, 0xe, 0xff, 0x60, 0x0,
    0x0, 0x0, 0x0, 0x6, 0xff, 0xd0, 0x3f, 0xff,
    0x10, 0x0, 0x0, 0x0, 0x0, 0x1, 0xff, 0xf3,
    0x0, 0x0, 0x0, 0x0, 0x0, 0x0, 0x0, 0x0,
    0x0, 0x0, 0x0, 0x0, 0x0, 0x0, 0x6d, 0xd6,
    0x0, 0x0, 0x0, 0x0, 0x0, 0x0, 0x0, 0x0,
    0x7f, 0xf7, 0x0, 0x0, 0x0, 0x0, 0x0, 0x0,
    0x0, 0x0, 0x7f, 0xf7, 0x0, 0x0, 0x0, 0x0,

    /* U+1EAD "ậ" */
    0x0, 0x0, 0xa, 0xff, 0xf2, 0x0, 0x0, 0x0,
    0x0, 0x4, 0xff, 0xef, 0xc0, 0x0, 0x0, 0x0,
    0x0, 0xdf, 0x81, 0xff, 0x60, 0x0, 0x0, 0x0,
    0x8f, 0xd0, 0x6, 0xfe, 0x10, 0x0, 0x0, 0x4,
    0x52, 0x0, 0x4, 0x52, 0x0, 0x0, 0x0, 0x0,
    0x0, 0x0, 0x0, 0x0, 0x0, 0x0, 0x2, 0x9d,
    0xff, 0xea, 0x40, 0x0, 0x0, 0x7, 0xff, 0xff,
    0xff, 0xff, 0x90, 0x0, 0x6, 0xff, 0xfe, 0xbb,
    0xef, 0xff, 0x70, 0x0, 0xef, 0xf9, 0x0, 0x0,
    0x8f, 0xff, 0x0, 0x5f, 0xfe, 0x0, 0x0, 0x0,
    0xdf, 0xf5, 0x1, 0x22, 0x10, 0x0, 0x0, 0xa,
    0xff, 0x70, 0x0, 0x0, 0x0, 0x3, 0x69, 0xdf,
    0xf8, 0x0, 0x0, 0x49, 0xdf, 0xff, 0xff, 0xff,
    0x80, 0x3, 0xdf, 0xff, 0xff, 0xec, 0xdf, 0xf8,
    0x2, 0xff, 0xfd, 0x84, 0x10, 0x8, 0xff, 0x80,
    0x9f, 0xfc, 0x0, 0x0, 0x0, 0xbf, 0xf8, 0xb,
    0xff, 0x70, 0x0, 0x0, 0x1f, 0xff, 0x80, 0xbf,
    0xfb, 0x0, 0x0, 0x2d, 0xff, 0xf8, 0x7, 0xff,
    0xfc, 0x88, 0xaf, 0xfe, 0xff, 0xe8, 0xb, 0xff,
    0xff, 0xff, 0xfc, 0x1f, 0xff, 0xe0, 0x6, 0xce,
    0xfe, 0xb5, 0x0, 0x4c, 0xfd, 0x0, 0x0, 0x0,
    0x0, 0x0, 0x0, 0x0, 0x0, 0x0, 0x0, 0x6d,
    0xd6, 0x0, 0x0, 0x0, 0x0, 0x0, 0x7, 0xff,
    0x70, 0x0, 0x0, 0x0, 0x0, 0x0, 0x7f, 0xf7,
    0x0, 0x0, 0x0,

    /* U+1EAE "Ắ" */
    0x0, 0x0, 0x0, 0x0, 0x0, 0x46, 0x50, 0x0,
    0x0, 0x0, 0x0, 0x0, 0x0, 0x0, 0x1, 0xff,
    0xb0, 0x0, 0x0, 0x0, 0x0, 0x0, 0x0, 0x0,
    0x7, 0xff, 0x20, 0x0, 0x0, 0x0, 0x0, 0x0,
    0x0, 0x0, 0xe, 0xf7, 0x0, 0x0, 0x0, 0x0,
    0x0, 0x0, 0x2, 0xb9, 0x0, 0x0, 0x9b, 0x10,
    0x0, 0x0, 0x0, 0x0, 0x0, 0xff, 0x70, 0x7,
    0xfe, 0x0, 0x0, 0x0, 0x0, 0x0, 0x0, 0x7f,
    0xff, 0xff, 0xf6, 0x0, 0x0, 0x0, 0x0, 0x0,
    0x0, 0x5, 0xcf, 0xfc, 0x40, 0x0, 0x0, 0x0,
    0x0, 0x0, 0x0, 0x0, 0x0, 0x0, 0x0, 0x0,
    0x0, 0x0, 0x0, 0x0, 0x0, 0x0, 0x0, 0x0,
    0x0, 0x0, 0x0, 0x0, 0x0, 0x0, 0x0, 0x2,
    0xff, 0xff, 0x20, 0x0, 0x0, 0x0, 0x0, 0x0,
    0x0, 0x8, 0xff, 0xff, 0x80, 0x0, 0x0, 0x0,
    0x0, 0x0, 0x0, 0xe, 0xff, 0xff, 0xd0, 0x0,
    0x0, 0x0, 0x0, 0x0, 0x0, 0x3f, 0xfd, 0xef,
    0xf3, 0x0, 0x0, 0x0, 0x0, 0x0, 0x0, 0x9f,
    0xf8, 0x9f, 0xf9, 0x0, 0x0, 0x0, 0x0, 0x0,
    0x0, 0xef, 0xf3, 0x4f, 0xfe, 0x0, 0x0, 0x0,
    0x0, 0x0, 0x4, 0xff, 0xd0, 0xe, 0xff, 0x40,
    0x0, 0x0, 0x0, 0x0, 0xa, 0xff, 0x80, 0x9,
    0xff, 0xa0, 0x0, 0x0, 0x0, 0x0, 0xf, 0xff,
    0x30, 0x4, 0xff, 0xf0, 0x0, 0x0, 0x0, 0x0,
    0x5f, 0xfe, 0x0, 0x0, 0xef, 0xf5, 0x0, 0x0,
    0x0, 0x0, 0xbf, 0xf9, 0x0, 0x0, 0x9f, 0xfb,
    0x0, 0x0, 0x0, 0x1, 0xff, 0xf3, 0x0, 0x0,
    0x4f, 0xff, 0x10, 0x0, 0x0, 0x6, 0xff, 0xe0,
    0x0, 0x0, 0xe, 0xff, 0x60, 0x0, 0x0, 0xc,
    0xff, 0xff, 0xff, 0xff, 0xff, 0xff, 0xc0, 0x0,
    0x0, 0x2f, 0xff, 0xff, 0xff, 0xff, 0xff, 0xff,
    0xf1, 0x0, 0x0, 0x7f, 0xff, 0xee, 0xee, 0xee,
    0xee, 0xff, 0xf7, 0x0, 0x0, 0xdf, 0xf8, 0x0,
    0x0, 0x0, 0x0, 0x9f, 0xfd, 0x0, 0x3, 0xff,
    0xf2, 0x0, 0x0, 0x0, 0x0, 0x3f, 0xff, 0x20,
    0x8, 0xff, 0xd0, 0x0, 0x0, 0x0, 0x0, 0xd,
    0xff, 0x80, 0xe, 0xff, 0x70, 0x0, 0x0, 0x0,
    0x0, 0x7, 0xff, 0xd0, 0x3f, 0xff, 0x10, 0x0,
    0x0, 0x0, 0x0, 0x2, 0xff, 0xf3,

    /* U+1EAF "ắ" */
    0x0, 0x0, 0x0, 0x3, 0x66, 0x20, 0x0, 0x0,
    0x0, 0x0, 0x0, 0xcf, 0xe0, 0x0, 0x0, 0x0,
    0x0, 0x0, 0x3f, 0xf5, 0x0, 0x0, 0x0, 0x0,
    0x0, 0xa, 0xfc, 0x0, 0x0, 0x0, 0x0, 0x0,
    0x0, 0x0, 0x0, 0x0, 0x0, 0x0, 0x0, 0xdf,
    0x61, 0x2, 0xdf, 0x50, 0x0, 0x0, 0x6, 0xff,
    0xff, 0xff, 0xd0, 0x0, 0x0, 0x0, 0x5, 0xcf,
    0xfe, 0x91, 0x0, 0x0, 0x0, 0x0, 0x0, 0x0,
    0x0, 0x0, 0x0, 0x0, 0x0, 0x0, 0x0, 0x0,
    0x0, 0x0, 0x0, 0x0, 0x2, 0x9d, 0xff, 0xea,
    0x40, 0x0, 0x0, 0x6, 0xff, 0xff, 0xff, 0xff,
    0x90, 0x0, 0x4, 0xff, 0xff, 0xbb, 0xef, 0xff,
    0x70, 0x0, 0xef, 0xfb, 0x10, 0x0, 0x9f, 0xff,
    0x0, 0x4f, 0xff, 0x0, 0x0, 0x0, 0xef, 0xf5,
    0x3, 0x77, 0x50, 0x0, 0x0, 0xa, 0xff, 0x70,
    0x0, 0x0, 0x0, 0x0, 0x25, 0xcf, 0xf8, 0x0,
    0x0, 0x16, 0x9c, 0xff, 0xff, 0xff, 0x80, 0x1,
    0xaf, 0xff, 0xff, 0xfe, 0xef, 0xf8, 0x1, 0xef,
    0xfe, 0xa7, 0x41, 0x8, 0xff, 0x80, 0x8f, 0xfc,
    0x10, 0x0, 0x0, 0xaf, 0xf8, 0xb, 0xff, 0x70,
    0x0, 0x0, 0x1f, 0xff, 0x80, 0xbf, 0xfb, 0x0,
    0x0, 0x1c, 0xff, 0xf8, 0x7, 0xff, 0xfc, 0x88,
    0xaf, 0xfe, 0xff, 0xe8, 0xc, 0xff, 0xff, 0xff,
    0xfc, 0x1f, 0xff, 0xe0, 0x6, 0xcf, 0xfe, 0xb5,
    0x0, 0x4d, 0xfd,

    /* U+1EB0 "Ằ" */
    0x0, 0x0, 0x0, 0x5, 0x64, 0x0, 0x0, 0x0,
    0x0, 0x0, 0x0, 0x0, 0x0, 0xa, 0xff, 0x20,
    0x0, 0x0, 0x0, 0x0, 0x0, 0x0, 0x0, 0x1,
    0xff, 0x80, 0x0, 0x0, 0x0, 0x0, 0x0, 0x0,
    0x0, 0x0, 0x6f, 0xe0, 0x0, 0x0, 0x0, 0x0,
    0x0, 0x0, 0x2, 0xb9, 0x0, 0x0, 0x9b, 0x10,
    0x0, 0x0, 0x0, 0x0, 0x0, 0xff, 0x70, 0x7,
    0xfe, 0x0, 0x0, 0x0, 0x0, 0x0, 0x0, 0x7f,
    0xff, 0xff, 0xf6, 0x0, 0x0, 0x0, 0x0, 0x0,
    0x0, 0x5, 0xcf, 0xfc, 0x40, 0x0, 0x0, 0x0,
    0x0, 0x0, 0x0, 0x0, 0x0, 0x0, 0x0, 0x0,
    0x0, 0x0, 0x0, 0x0, 0x0, 0x0, 0x0, 0x0,
    0x0, 0x0, 0x0, 0x0, 0x0, 0x0, 0x0, 0x2,
    0xff, 0xff, 0x20, 0x0, 0x0, 0x0, 0x0, 0x0,
    0x0, 0x8, 0xff, 0xff, 0x80, 0x0, 0x0, 0x0,
    0x0, 0x0, 0x0, 0xe, 0xff, 0xff, 0xd0, 0x0,
    0x0, 0x0, 0x0, 0x0, 0x0, 0x3f, 0xfd, 0xef,
    0xf3, 0x0, 0x0, 0x0, 0x0, 0x0, 0x0, 0x9f,
    0xf8, 0x9f, 0xf9, 0x0, 0x0, 0x0, 0x0, 0x0,
    0x0, 0xef, 0xf3, 0x4f, 0xfe, 0x0, 0x0, 0x0,
    0x0, 0x0, 0x4, 0xff, 0xd0, 0xe, 0xff, 0x40,
    0x0, 0x0, 0x0, 0x0, 0xa, 0xff, 0x80, 0x9,
    0xff, 0xa0, 0x0, 0x0, 0x0, 0x0, 0xf, 0xff,
    0x30, 0x4, 0xff, 0xf0, 0x0, 0x0, 0x0, 0x0,
    0x5f, 0xfe, 0x0, 0x0, 0xef, 0xf5, 0x0, 0x0,
    0x0, 0x0, 0xbf, 0xf9, 0x0, 0x0, 0x9f, 0xfb,
    0x0, 0x0, 0x0, 0x1, 0xff, 0xf3, 0x0, 0x0,
    0x4f, 0xff, 0x10, 0x0, 0x0, 0x6, 0xff, 0xe0,
    0x0, 0x0, 0xe, 0xff, 0x60, 0x0, 0x0, 0xc,
    0xff, 0xff, 0xff, 0xff, 0xff, 0xff, 0xc0, 0x0,
    0x0, 0x2f, 0xff, 0xff, 0xff, 0xff, 0xff, 0xff,
    0xf1, 0x0, 0x0, 0x7f, 0xff, 0xee, 0xee, 0xee,
    0xee, 0xff, 0xf7, 0x0, 0x0, 0xdf, 0xf8, 0x0,
    0x0, 0x0, 0x0, 0x9f, 0xfd, 0x0, 0x3, 0xff,
    0xf2, 0x0, 0x0, 0x0, 0x0, 0x3f, 0xff, 0x20,
    0x8, 0xff, 0xd0, 0x0, 0x0, 0x0, 0x0, 0xd,
    0xff, 0x80, 0xe, 0xff, 0x70, 0x0, 0x0, 0x0,
    0x0, 0x7, 0xff, 0xd0, 0x3f, 0xff, 0x10, 0x0,
    0x0, 0x0, 0x0, 0x2, 0xff, 0xf3,

    /* U+1EB1 "ằ" */
    0x0, 0x0, 0x46, 0x60, 0x0, 0x0, 0x0, 0x0,
    0x0, 0x5, 0xff, 0x60, 0x0, 0x0, 0x0, 0x0,
    0x0, 0xc, 0xfc, 0x0, 0x0, 0x0, 0x0, 0x0,
    0x0, 0x2f, 0xf3, 0x0, 0x0, 0x0, 0x0, 0x0,
    0x0, 0x0, 0x0, 0x0, 0x0, 0x0, 0x0, 0xdf,
    0x61, 0x2, 0xdf, 0x50, 0x0, 0x0, 0x6, 0xff,
    0xff, 0xff, 0xd0, 0x0, 0x0, 0x0, 0x5, 0xcf,
    0xfe, 0x91, 0x0, 0x0, 0x0, 0x0, 0x0, 0x0,
    0x0, 0x0, 0x0, 0x0, 0x0, 0x0, 0x0, 0x0,
    0x0, 0x0, 0x0, 0x0, 0x2, 0x9d, 0xff, 0xea,
    0x40, 0x0, 0x0, 0x6, 0xff, 0xff, 0xff, 0xff,
    0x90, 0x0, 0x4, 0xff, 0xff, 0xbb, 0xef, 0xff,
    0x70, 0x0, 0xef, 0xfb, 0x10, 0x0, 0x9f, 0xff,
    0x0, 0x4f, 0xff, 0x0, 0x0, 0x0, 0xef, 0xf5,
    0x3, 0x77, 0x50, 0x0, 0x0, 0xa, 0xff, 0x70,
    0x0, 0x0, 0x0, 0x0, 0x25, 0xcf, 0xf8, 0x0,
    0x0, 0x16, 0x9c, 0xff, 0xff, 0xff, 0x80, 0x1,
    0xaf, 0xff, 0xff, 0xfe, 0xef, 0xf8, 0x1, 0xef,
    0xfe, 0xa7, 0x41, 0x8, 0xff, 0x80, 0x8f, 0xfc,
    0x10, 0x0, 0x0, 0xaf, 0xf8, 0xb, 0xff, 0x70,
    0x0, 0x0, 0x1f, 0xff, 0x80, 0xbf, 0xfb, 0x0,
    0x0, 0x1c, 0xff, 0xf8, 0x7, 0xff, 0xfc, 0x88,
    0xaf, 0xfe, 0xff, 0xe8, 0xc, 0xff, 0xff, 0xff,
    0xfc, 0x1f, 0xff, 0xe0, 0x6, 0xcf, 0xfe, 0xb5,
    0x0, 0x4d, 0xfd,

    /* U+1EB2 "Ẳ" */
    0x0, 0x0, 0x0, 0x0, 0xef, 0xe7, 0x0, 0x0,
    0x0, 0x0, 0x0, 0x0, 0x0, 0x0, 0xcc, 0xff,
    0x10, 0x0, 0x0, 0x0, 0x0, 0x0, 0x0, 0x0,
    0x0, 0xdf, 0x10, 0x0, 0x0, 0x0, 0x0, 0x0,
    0x0, 0x0, 0x3, 0xfa, 0x0, 0x0, 0x0, 0x0,
    0x0, 0x0, 0x2, 0xca, 0x4, 0x50, 0xbc, 0x10,
    0x0, 0x0, 0x0, 0x0, 0x0, 0xff, 0x70, 0x17,
    0xfe, 0x0, 0x0, 0x0, 0x0, 0x0, 0x0, 0x6f,
    0xff, 0xff, 0xf6, 0x0, 0x0, 0x0, 0x0, 0x0,
    0x0, 0x5, 0xdf, 0xfc, 0x50, 0x0, 0x0, 0x0,
    0x0, 0x0, 0x0, 0x0, 0x0, 0x0, 0x0, 0x0,
    0x0, 0x0, 0x0, 0x0, 0x0, 0x0, 0x0, 0x0,
    0x0, 0x0, 0x0, 0x0, 0x0, 0x0, 0x0, 0x2,
    0xff, 0xff, 0x20, 0x0, 0x0, 0x0, 0x0, 0x0,
    0x0, 0x8, 0xff, 0xff, 0x80, 0x0, 0x0, 0x0,
    0x0, 0x0, 0x0, 0xe, 0xff, 0xff, 0xd0, 0x0,
    0x0, 0x0, 0x0, 0x0, 0x0, 0x3f, 0xfd, 0xef,
    0xf3, 0x0, 0x0, 0x0, 0x0, 0x0, 0x0, 0x9f,
    0xf8, 0x9f, 0xf9, 0x0, 0x0, 0x0, 0x0, 0x0,
    0x0, 0xef, 0xf3, 0x4f, 0xfe, 0x0, 0x0, 0x0,
    0x0, 0x0, 0x4, 0xff, 0xd0, 0xe, 0xff, 0x40,
    0x0, 0x0, 0x0, 0x0, 0xa, 0xff, 0x80, 0x9,
    0xff, 0xa0, 0x0, 0x0, 0x0, 0x0, 0xf, 0xff,
    0x30, 0x4, 0xff, 0xf0, 0x0, 0x0, 0x0, 0x0,
    0x5f, 0xfe, 0x0, 0x0, 0xef, 0xf5, 0x0, 0x0,
    0x0, 0x0, 0xbf, 0xf9, 0x0, 0x0, 0x9f, 0xfb,
    0x0, 0x0, 0x0, 0x1, 0xff, 0xf3, 0x0, 0x0,
    0x4f, 0xff, 0x10, 0x0, 0x0, 0x6, 0xff, 0xe0,
    0x0, 0x0, 0xe, 0xff, 0x60, 0x0, 0x0, 0xc,
    0xff, 0xff, 0xff, 0xff, 0xff, 0xff, 0xc0, 0x0,
    0x0, 0x2f, 0xff, 0xff, 0xff, 0xff, 0xff, 0xff,
    0xf1, 0x0, 0x0, 0x7f, 0xff, 0xee, 0xee, 0xee,
    0xee, 0xff, 0xf7, 0x0, 0x0, 0xdf, 0xf8, 0x0,
    0x0, 0x0, 0x0, 0x9f, 0xfd, 0x0, 0x3, 0xff,
    0xf2, 0x0, 0x0, 0x0, 0x0, 0x3f, 0xff, 0x20,
    0x8, 0xff, 0xd0, 0x0, 0x0, 0x0, 0x0, 0xd,
    0xff, 0x80, 0xe, 0xff, 0x70, 0x0, 0x0, 0x0,
    0x0, 0x7, 0xff, 0xd0, 0x3f, 0xff, 0x10, 0x0,
    0x0, 0x0, 0x0, 0x2, 0xff, 0xf3,

    /* U+1EB3 "ẳ" */
    0x0, 0x0, 0xb, 0xff, 0xa0, 0x0, 0x0, 0x0,
    0x0, 0x0, 0xab, 0xff, 0x50, 0x0, 0x0, 0x0,
    0x0, 0x0, 0x9, 0xf5, 0x0, 0x0, 0x0, 0x0,
    0x0, 0x2, 0xec, 0x0, 0x0, 0x0, 0x0, 0xe,
    0xf1, 0x13, 0xa, 0xf5, 0x0, 0x0, 0x0, 0xaf,
    0xb2, 0x5, 0xff, 0x20, 0x0, 0x0, 0x2, 0xff,
    0xff, 0xff, 0x90, 0x0, 0x0, 0x0, 0x2, 0xbf,
    0xfd, 0x70, 0x0, 0x0, 0x0, 0x0, 0x0, 0x0,
    0x0, 0x0, 0x0, 0x0, 0x0, 0x0, 0x0, 0x0,
    0x0, 0x0, 0x0, 0x0, 0x3, 0xad, 0xff, 0xea,
    0x40, 0x0, 0x0, 0x9, 0xff, 0xff, 0xff, 0xff,
    0x90, 0x0, 0x8, 0xff, 0xfe, 0xbb, 0xef, 0xff,
    0x70, 0x2, 0xff, 0xf7, 0x0, 0x0, 0x7f, 0xff,
    0x0, 0x4b, 0xb9, 0x0, 0x0, 0x0, 0xcf, 0xf5,
    0x0, 0x0, 0x0, 0x0, 0x0, 0xa, 0xff, 0x70,
    0x0, 0x0, 0x2, 0x58, 0xbe, 0xff, 0xf8, 0x0,
    0x3, 0xae, 0xff, 0xff, 0xff, 0xff, 0x80, 0x7,
    0xff, 0xff, 0xfe, 0xa7, 0xbf, 0xf8, 0x4, 0xff,
    0xfa, 0x41, 0x0, 0x9, 0xff, 0x80, 0xaf, 0xfa,
    0x0, 0x0, 0x0, 0xbf, 0xf8, 0xc, 0xff, 0x70,
    0x0, 0x0, 0x2f, 0xff, 0x80, 0xbf, 0xfb, 0x0,
    0x0, 0x2d, 0xff, 0xf8, 0x6, 0xff, 0xfc, 0x88,
    0xbf, 0xfe, 0xff, 0xe8, 0xb, 0xff, 0xff, 0xff,
    0xfb, 0x1f, 0xff, 0xe0, 0x6, 0xbe, 0xfe, 0xb5,
    0x0, 0x4c, 0xfd,

    /* U+1EB4 "Ẵ" */
    0x0, 0x0, 0x0, 0x4d, 0xfc, 0x50, 0x7f, 0x50,
    0x0, 0x0, 0x0, 0x0, 0x2, 0xff, 0xef, 0xff,
    0xff, 0x10, 0x0, 0x0, 0x0, 0x0, 0x6, 0xf6,
    0x5, 0xcf, 0xd4, 0x0, 0x0, 0x0, 0x0, 0x0,
    0x0, 0x0, 0x0, 0x0, 0x0, 0x0, 0x0, 0x0,
    0x0, 0x0, 0x2, 0xcb, 0x0, 0x0, 0xbc, 0x10,
    0x0, 0x0, 0x0, 0x0, 0x0, 0xff, 0x71, 0x17,
    0xfe, 0x0, 0x0, 0x0, 0x0, 0x0, 0x0, 0x6f,
    0xff, 0xff, 0xf6, 0x0, 0x0, 0x0, 0x0, 0x0,
    0x0, 0x5, 0xcf, 0xfc, 0x50, 0x0, 0x0, 0x0,
    0x0, 0x0, 0x0, 0x0, 0x0, 0x0, 0x0, 0x0,
    0x0, 0x0, 0x0, 0x0, 0x0, 0x0, 0x0, 0x0,
    0x0, 0x0, 0x0, 0x0, 0x0, 0x0, 0x0, 0x2,
    0xff, 0xff, 0x20, 0x0, 0x0, 0x0, 0x0, 0x0,
    0x0, 0x8, 0xff, 0xff, 0x80, 0x0, 0x0, 0x0,
    0x0, 0x0, 0x0, 0xe, 0xff, 0xff, 0xd0, 0x0,
    0x0, 0x0, 0x0, 0x0, 0x0, 0x3f, 0xfd, 0xef,
    0xf3, 0x0, 0x0, 0x0, 0x0, 0x0, 0x0, 0x9f,
    0xf8, 0x9f, 0xf9, 0x0, 0x0, 0x0, 0x0, 0x0,
    0x0, 0xef, 0xf3, 0x4f, 0xfe, 0x0, 0x0, 0x0,
    0x0, 0x0, 0x4, 0xff, 0xd0, 0xe, 0xff, 0x40,
    0x0, 0x0, 0x0, 0x0, 0xa, 0xff, 0x80, 0x9,
    0xff, 0xa0, 0x0, 0x0, 0x0, 0x0, 0xf, 0xff,
    0x30, 0x4, 0xff, 0xf0, 0x0, 0x0, 0x0, 0x0,
    0x5f, 0xfe, 0x0, 0x0, 0xef, 0xf5, 0x0, 0x0,
    0x0, 0x0, 0xbf, 0xf9, 0x0, 0x0, 0x9f, 0xfb,
    0x0, 0x0, 0x0, 0x1, 0xff, 0xf3, 0x0, 0x0,
    0x4f, 0xff, 0x10, 0x0, 0x0, 0x6, 0xff, 0xe0,
    0x0, 0x0, 0xe, 0xff, 0x60, 0x0, 0x0, 0xc,
    0xff, 0xff, 0xff, 0xff, 0xff, 0xff, 0xc0, 0x0,
    0x0, 0x2f, 0xff, 0xff, 0xff, 0xff, 0xff, 0xff,
    0xf1, 0x0, 0x0, 0x7f, 0xff, 0xee, 0xee, 0xee,
    0xee, 0xff, 0xf7, 0x0, 0x0, 0xdf, 0xf8, 0x0,
    0x0, 0x0, 0x0, 0x9f, 0xfd, 0x0, 0x3, 0xff,
    0xf2, 0x0, 0x0, 0x0, 0x0, 0x3f, 0xff, 0x20,
    0x8, 0xff, 0xd0, 0x0, 0x0, 0x0, 0x0, 0xd,
    0xff, 0x80, 0xe, 0xff, 0x70, 0x0, 0x0, 0x0,
    0x0, 0x7, 0xff, 0xd0, 0x3f, 0xff, 0x10, 0x0,
    0x0, 0x0, 0x0, 0x2, 0xff, 0xf3,

    /* U+1EB5 "ẵ" */
    0x0, 0x2, 0xcf, 0xd7, 0x2, 0xf9, 0x0, 0x0,
    0x0, 0xdf, 0xff, 0xff, 0xff, 0x40, 0x0, 0x0,
    0x1f, 0xa0, 0x2b, 0xfe, 0x70, 0x0, 0x0, 0x0,
    0x0, 0x0, 0x0, 0x0, 0x0, 0x0, 0x0, 0x0,
    0x0, 0x0, 0x0, 0x0, 0x0, 0x0, 0x0, 0xdf,
    0x61, 0x2, 0xcf, 0x50, 0x0, 0x0, 0x6, 0xff,
    0xff, 0xff, 0xe0, 0x0, 0x0, 0x0, 0x5, 0xcf,
    0xfe, 0x91, 0x0, 0x0, 0x0, 0x0, 0x0, 0x0,
    0x0, 0x0, 0x0, 0x0, 0x0, 0x0, 0x0, 0x0,
    0x0, 0x0, 0x0, 0x0, 0x2, 0x9d, 0xff, 0xea,
    0x40, 0x0, 0x0, 0x6, 0xff, 0xff, 0xff, 0xff,
    0x90, 0x0, 0x4, 0xff, 0xff, 0xbb, 0xef, 0xff,
    0x70, 0x0, 0xef, 0xfb, 0x10, 0x0, 0x9f, 0xff,
    0x0, 0x4f, 0xff, 0x0, 0x0, 0x0, 0xef, 0xf5,
    0x3, 0x77, 0x50, 0x0, 0x0, 0xa, 0xff, 0x70,
    0x0, 0x0, 0x0, 0x0, 0x25, 0xcf, 0xf8, 0x0,
    0x0, 0x16, 0x9c, 0xff, 0xff, 0xff, 0x80, 0x1,
    0xaf, 0xff, 0xff, 0xfe, 0xef, 0xf8, 0x1, 0xef,
    0xfe, 0xa7, 0x41, 0x8, 0xff, 0x80, 0x8f, 0xfc,
    0x10, 0x0, 0x0, 0xaf, 0xf8, 0xb, 0xff, 0x70,
    0x0, 0x0, 0x1f, 0xff, 0x80, 0xbf, 0xfb, 0x0,
    0x0, 0x1c, 0xff, 0xf8, 0x7, 0xff, 0xfc, 0x88,
    0xaf, 0xfe, 0xff, 0xe8, 0xc, 0xff, 0xff, 0xff,
    0xfc, 0x1f, 0xff, 0xe0, 0x6, 0xcf, 0xfe, 0xb5,
    0x0, 0x4d, 0xfd,

    /* U+1EB6 "Ặ" */
    0x0, 0x0, 0x1, 0x86, 0x0, 0x0, 0x68, 0x10,
    0x0, 0x0, 0x0, 0x0, 0x1, 0xff, 0x0, 0x0,
    0xff, 0x0, 0x0, 0x0, 0x0, 0x0, 0x0, 0xcf,
    0xa1, 0x1a, 0xfc, 0x0, 0x0, 0x0, 0x0, 0x0,
    0x0, 0x4f, 0xff, 0xff, 0xf3, 0x0, 0x0, 0x0,
    0x0, 0x0, 0x0, 0x3, 0xbf, 0xfb, 0x30, 0x0,
    0x0, 0x0, 0x0, 0x0, 0x0, 0x0, 0x0, 0x0,
    0x0, 0x0, 0x0, 0x0, 0x0, 0x0, 0x0, 0x0,
    0x0, 0x0, 0x0, 0x0, 0x0, 0x0, 0x0, 0x0,
    0x0, 0x2, 0xff, 0xff, 0x20, 0x0, 0x0, 0x0,
    0x0, 0x0, 0x0, 0x8, 0xff, 0xff, 0x80, 0x0,
    0x0, 0x0, 0x0, 0x0, 0x0, 0xe, 0xff, 0xff,
    0xd0, 0x0, 0x0, 0x0, 0x0, 0x0, 0x0, 0x3f,
    0xfc, 0xdf, 0xf3, 0x0, 0x0, 0x0, 0x0, 0x0,
    0x0, 0x9f, 0xf6, 0x7f, 0xf9, 0x0, 0x0, 0x0,
    0x0, 0x0, 0x0, 0xef, 0xf1, 0x1f, 0xfe, 0x0,
    0x0, 0x0, 0x0, 0x0, 0x4, 0xff, 0xb0, 0xc,
    0xff, 0x40, 0x0, 0x0, 0x0, 0x0, 0xa, 0xff,
    0x50, 0x6, 0xff, 0xa0, 0x0, 0x0, 0x0, 0x0,
    0xf, 0xff, 0x0, 0x1, 0xff, 0xf0, 0x0, 0x0,
    0x0, 0x0, 0x5f, 0xfa, 0x0, 0x0, 0xbf, 0xf5,
    0x0, 0x0, 0x0, 0x0, 0xbf, 0xf5, 0x0, 0x0,
    0x5f, 0xfb, 0x0, 0x0, 0x0, 0x1, 0xff, 0xe0,
    0x0, 0x0, 0xf, 0xff, 0x10, 0x0, 0x0, 0x6,
    0xff, 0xfe, 0xee, 0xee, 0xef, 0xff, 0x60, 0x0,
    0x0, 0xc, 0xff, 0xff, 0xff, 0xff, 0xff, 0xff,
    0xc0, 0x0, 0x0, 0x2f, 0xff, 0xff, 0xff, 0xff,
    0xff, 0xff, 0xf1, 0x0, 0x0, 0x7f, 0xf9, 0x0,
    0x0, 0x0, 0x0, 0xaf, 0xf7, 0x0, 0x0, 0xdf,
    0xf4, 0x0, 0x0, 0x0, 0x0, 0x5f, 0xfd, 0x0,
    0x3, 0xff, 0xf0, 0x0, 0x0, 0x0, 0x0, 0xf,
    0xff, 0x20, 0x8, 0xff, 0xb0, 0x0, 0x0, 0x0,
    0x0, 0xb, 0xff, 0x80, 0xe, 0xff, 0x60, 0x0,
    0x0, 0x0, 0x0, 0x6, 0xff, 0xd0, 0x3f, 0xff,
    0x10, 0x0, 0x0, 0x0, 0x0, 0x1, 0xff, 0xf3,
    0x0, 0x0, 0x0, 0x0, 0x0, 0x0, 0x0, 0x0,
    0x0, 0x0, 0x0, 0x0, 0x0, 0x0, 0x6d, 0xd6,
    0x0, 0x0, 0x0, 0x0, 0x0, 0x0, 0x0, 0x0,
    0x7f, 0xf7, 0x0, 0x0, 0x0, 0x0, 0x0, 0x0,
    0x0, 0x0, 0x7f, 0xf7, 0x0, 0x0, 0x0, 0x0,

    /* U+1EB7 "ặ" */
    0x0, 0xe, 0xf1, 0x0, 0xa, 0xf5, 0x0, 0x0,
    0x0, 0xaf, 0xb2, 0x15, 0xff, 0x20, 0x0, 0x0,
    0x2, 0xff, 0xff, 0xff, 0x90, 0x0, 0x0, 0x0,
    0x2, 0xae, 0xfd, 0x60, 0x0, 0x0, 0x0, 0x0,
    0x0, 0x0, 0x0, 0x0, 0x0, 0x0, 0x0, 0x0,
    0x0, 0x0, 0x0, 0x0, 0x0, 0x0, 0x3, 0x9d,
    0xff, 0xea, 0x40, 0x0, 0x0, 0x9, 0xff, 0xff,
    0xff, 0xff, 0x90, 0x0, 0x8, 0xff, 0xfe, 0xbb,
    0xef, 0xff, 0x70, 0x2, 0xff, 0xf7, 0x0, 0x0,
    0x7f, 0xff, 0x0, 0x5c, 0xca, 0x0, 0x0, 0x0,
    0xcf, 0xf5, 0x0, 0x0, 0x0, 0x0, 0x0, 0xa,
    0xff, 0x70, 0x0, 0x0, 0x2, 0x58, 0xbe, 0xff,
    0xf8, 0x0, 0x2, 0x9e, 0xff, 0xff, 0xff, 0xff,
    0x80, 0x7, 0xff, 0xff, 0xfe, 0xb8, 0xbf, 0xf8,
    0x4, 0xff, 0xfb, 0x51, 0x0, 0x9, 0xff, 0x80,
    0xaf, 0xfa, 0x0, 0x0, 0x0, 0xbf, 0xf8, 0xc,
    0xff, 0x70, 0x0, 0x0, 0x2f, 0xff, 0x80, 0xbf,
    0xfb, 0x0, 0x0, 0x2d, 0xff, 0xf8, 0x6, 0xff,
    0xfc, 0x88, 0xbf, 0xfe, 0xff, 0xe8, 0xb, 0xff,
    0xff, 0xff, 0xfb, 0x1f, 0xff, 0xe0, 0x6, 0xbe,
    0xfe, 0xb5, 0x0, 0x4c, 0xfd, 0x0, 0x0, 0x0,
    0x0, 0x0, 0x0, 0x0, 0x0, 0x0, 0x0, 0x6d,
    0xd6, 0x0, 0x0, 0x0, 0x0, 0x0, 0x7, 0xff,
    0x70, 0x0, 0x0, 0x0, 0x0, 0x0, 0x7f, 0xf7,
    0x0, 0x0, 0x0,

    /* U+1EB8 "Ẹ" */
    0x8f, 0xff, 0xff, 0xff, 0xff, 0xff, 0xfe, 0x8,
    0xff, 0xff, 0xff, 0xff, 0xff, 0xff, 0xe0, 0x8f,
    0xff, 0xee, 0xee, 0xee, 0xee, 0xec, 0x8, 0xff,
    0xa0, 0x0, 0x0, 0x0, 0x0, 0x0, 0x8f, 0xfa,
    0x0, 0x0, 0x0, 0x0, 0x0, 0x8, 0xff, 0xa0,
    0x0, 0x0, 0x0, 0x0, 0x0, 0x8f, 0xfa, 0x0,
    0x0, 0x0, 0x0, 0x0, 0x8, 0xff, 0xa0, 0x0,
    0x0, 0x0, 0x0, 0x0, 0x8f, 0xfa, 0x0, 0x0,
    0x0, 0x0, 0x0, 0x8, 0xff, 0xff, 0xff, 0xff,
    0xff, 0xff, 0x80, 0x8f, 0xff, 0xff, 0xff, 0xff,
    0xff, 0xf8, 0x8, 0xff, 0xed, 0xdd, 0xdd, 0xdd,
    0xdd, 0x70, 0x8f, 0xfa, 0x0, 0x0, 0x0, 0x0,
    0x0, 0x8, 0xff, 0xa0, 0x0, 0x0, 0x0, 0x0,
    0x0, 0x8f, 0xfa, 0x0, 0x0, 0x0, 0x0, 0x0,
    0x8, 0xff, 0xa0, 0x0, 0x0, 0x0, 0x0, 0x0,
    0x8f, 0xfa, 0x0, 0x0, 0x0, 0x0, 0x0, 0x8,
    0xff, 0xa0, 0x0, 0x0, 0x0, 0x0, 0x0, 0x8f,
    0xff, 0xee, 0xee, 0xee, 0xee, 0xee, 0x18, 0xff,
    0xff, 0xff, 0xff, 0xff, 0xff, 0xf2, 0x8f, 0xff,
    0xff, 0xff, 0xff, 0xff, 0xff, 0x20, 0x0, 0x0,
    0x0, 0x0, 0x0, 0x0, 0x0, 0x0, 0x0, 0x2,
    0xdd, 0xa0, 0x0, 0x0, 0x0, 0x0, 0x0, 0x2f,
    0xfc, 0x0, 0x0, 0x0, 0x0, 0x0, 0x2, 0xff,
    0xc0, 0x0, 0x0, 0x0,

    /* U+1EB9 "ẹ" */
    0x0, 0x0, 0x6b, 0xef, 0xeb, 0x50, 0x0, 0x0,
    0x2, 0xdf, 0xff, 0xff, 0xff, 0xc1, 0x0, 0x1,
    0xef, 0xff, 0xcb, 0xcf, 0xff, 0xd0, 0x0, 0xbf,
    0xfb, 0x20, 0x0, 0x3d, 0xff, 0x80, 0x2f, 0xfe,
    0x10, 0x0, 0x0, 0x3f, 0xfe, 0x7, 0xff, 0x90,
    0x0, 0x0, 0x0, 0xef, 0xf3, 0xaf, 0xff, 0xff,
    0xff, 0xff, 0xff, 0xff, 0x5b, 0xff, 0xff, 0xff,
    0xff, 0xff, 0xff, 0xf7, 0xbf, 0xfa, 0x55, 0x55,
    0x55, 0x55, 0x55, 0x2a, 0xff, 0x80, 0x0, 0x0,
    0x0, 0x0, 0x0, 0x7f, 0xfc, 0x0, 0x0, 0x0,
    0x2, 0x22, 0x2, 0xff, 0xf3, 0x0, 0x0, 0x3,
    0xff, 0xf0, 0xb, 0xff, 0xe3, 0x0, 0x3, 0xef,
    0xf9, 0x0, 0x1e, 0xff, 0xfd, 0xbd, 0xff, 0xfd,
    0x0, 0x0, 0x2d, 0xff, 0xff, 0xff, 0xfc, 0x10,
    0x0, 0x0, 0x6, 0xbe, 0xfe, 0xb6, 0x0, 0x0,
    0x0, 0x0, 0x0, 0x0, 0x0, 0x0, 0x0, 0x0,
    0x0, 0x0, 0xc, 0xdd, 0x0, 0x0, 0x0, 0x0,
    0x0, 0x0, 0xef, 0xf0, 0x0, 0x0, 0x0, 0x0,
    0x0, 0xe, 0xff, 0x0, 0x0, 0x0,

    /* U+1EBA "Ẻ" */
    0x0, 0x0, 0xc, 0xdc, 0x70, 0x0, 0x0, 0x0,
    0x0, 0x1, 0xff, 0xff, 0x60, 0x0, 0x0, 0x0,
    0x0, 0x2, 0xb, 0xf9, 0x0, 0x0, 0x0, 0x0,
    0x0, 0x0, 0xaf, 0x60, 0x0, 0x0, 0x0, 0x0,
    0x0, 0x3f, 0xc0, 0x0, 0x0, 0x0, 0x0, 0x0,
    0x3, 0x41, 0x0, 0x0, 0x0, 0x0, 0x0, 0x0,
    0x0, 0x0, 0x0, 0x0, 0x8, 0xff, 0xff, 0xff,
    0xff, 0xff, 0xff, 0xe0, 0x8f, 0xff, 0xff, 0xff,
    0xff, 0xff, 0xfe, 0x8, 0xff, 0xfe, 0xee, 0xee,
    0xee, 0xee, 0xc0, 0x8f, 0xfa, 0x0, 0x0, 0x0,
    0x0, 0x0, 0x8, 0xff, 0xa0, 0x0, 0x0, 0x0,
    0x0, 0x0, 0x8f, 0xfa, 0x0, 0x0, 0x0, 0x0,
    0x0, 0x8, 0xff, 0xa0, 0x0, 0x0, 0x0, 0x0,
    0x0, 0x8f, 0xfa, 0x0, 0x0, 0x0, 0x0, 0x0,
    0x8, 0xff, 0xa0, 0x0, 0x0, 0x0, 0x0, 0x0,
    0x8f, 0xfe, 0xdd, 0xdd, 0xdd, 0xdd, 0xd7, 0x8,
    0xff, 0xff, 0xff, 0xff, 0xff, 0xff, 0x80, 0x8f,
    0xff, 0xff, 0xff, 0xff, 0xff, 0xf8, 0x8, 0xff,
    0xa0, 0x0, 0x0, 0x0, 0x0, 0x0, 0x8f, 0xfa,
    0x0, 0x0, 0x0, 0x0, 0x0, 0x8, 0xff, 0xa0,
    0x0, 0x0, 0x0, 0x0, 0x0, 0x8f, 0xfa, 0x0,
    0x0, 0x0, 0x0, 0x0, 0x8, 0xff, 0xa0, 0x0,
    0x0, 0x0, 0x0, 0x0, 0x8f, 0xfa, 0x0, 0x0,
    0x0, 0x0, 0x0, 0x8, 0xff, 0xfe, 0xee, 0xee,
    0xee, 0xee, 0xe1, 0x8f, 0xff, 0xff, 0xff, 0xff,
    0xff, 0xff, 0x28, 0xff, 0xff, 0xff, 0xff, 0xff,
    0xff, 0xf2,

    /* U+1EBB "ẻ" */
    0x0, 0x0, 0x8, 0xcc, 0x91, 0x0, 0x0, 0x0,
    0x0, 0x0, 0xcf, 0xff, 0xb0, 0x0, 0x0, 0x0,
    0x0, 0x1, 0x7, 0xfe, 0x0, 0x0, 0x0, 0x0,
    0x0, 0x0, 0x4f, 0xc0, 0x0, 0x0, 0x0, 0x0,
    0x0, 0xc, 0xf5, 0x0, 0x0, 0x0, 0x0, 0x0,
    0x3, 0x96, 0x0, 0x0, 0x0, 0x0, 0x0, 0x0,
    0x0, 0x0, 0x0, 0x0, 0x0, 0x0, 0x6, 0xbe,
    0xfd, 0xa4, 0x0, 0x0, 0x0, 0x2d, 0xff, 0xff,
    0xff, 0xfb, 0x0, 0x0, 0x1e, 0xff, 0xfc, 0xbd,
    0xff, 0xfb, 0x0, 0xb, 0xff, 0xd2, 0x0, 0x4,
    0xef, 0xf6, 0x2, 0xff, 0xf2, 0x0, 0x0, 0x5,
    0xff, 0xd0, 0x7f, 0xfb, 0x0, 0x0, 0x0, 0xf,
    0xff, 0x2a, 0xff, 0xa5, 0x55, 0x55, 0x55, 0xef,
    0xf5, 0xbf, 0xff, 0xff, 0xff, 0xff, 0xff, 0xff,
    0x6b, 0xff, 0xff, 0xff, 0xff, 0xff, 0xff, 0xf7,
    0xaf, 0xf7, 0x0, 0x0, 0x0, 0x0, 0x0, 0x7,
    0xff, 0xa0, 0x0, 0x0, 0x0, 0x0, 0x0, 0x2f,
    0xff, 0x10, 0x0, 0x0, 0x2d, 0xdd, 0x10, 0xbf,
    0xfd, 0x20, 0x0, 0x2d, 0xff, 0xb0, 0x1, 0xef,
    0xff, 0xcb, 0xcf, 0xff, 0xe1, 0x0, 0x2, 0xdf,
    0xff, 0xff, 0xff, 0xd2, 0x0, 0x0, 0x0, 0x6b,
    0xef, 0xec, 0x60, 0x0, 0x0,

    /* U+1EBC "Ẽ" */
    0x0, 0x2, 0xcf, 0xb1, 0x0, 0xed, 0x0, 0x0,
    0x0, 0xdf, 0xff, 0xe3, 0x3f, 0xa0, 0x0, 0x0,
    0x4f, 0xa1, 0x9f, 0xff, 0xf3, 0x0, 0x0, 0x6,
    0xf4, 0x0, 0x7e, 0xe6, 0x0, 0x0, 0x0, 0x0,
    0x0, 0x0, 0x0, 0x0, 0x0, 0x0, 0x0, 0x0,
    0x0, 0x0, 0x0, 0x0, 0x0, 0x8f, 0xff, 0xff,
    0xff, 0xff, 0xff, 0xfe, 0x8, 0xff, 0xff, 0xff,
    0xff, 0xff, 0xff, 0xe0, 0x8f, 0xff, 0xee, 0xee,
    0xee, 0xee, 0xec, 0x8, 0xff, 0xa0, 0x0, 0x0,
    0x0, 0x0, 0x0, 0x8f, 0xfa, 0x0, 0x0, 0x0,
    0x0, 0x0, 0x8, 0xff, 0xa0, 0x0, 0x0, 0x0,
    0x0, 0x0, 0x8f, 0xfa, 0x0, 0x0, 0x0, 0x0,
    0x0, 0x8, 0xff, 0xa0, 0x0, 0x0, 0x0, 0x0,
    0x0, 0x8f, 0xfa, 0x0, 0x0, 0x0, 0x0, 0x0,
    0x8, 0xff, 0xed, 0xdd, 0xdd, 0xdd, 0xdd, 0x70,
    0x8f, 0xff, 0xff, 0xff, 0xff, 0xff, 0xf8, 0x8,
    0xff, 0xff, 0xff, 0xff, 0xff, 0xff, 0x80, 0x8f,
    0xfa, 0x0, 0x0, 0x0, 0x0, 0x0, 0x8, 0xff,
    0xa0, 0x0, 0x0, 0x0, 0x0, 0x0, 0x8f, 0xfa,
    0x0, 0x0, 0x0, 0x0, 0x0, 0x8, 0xff, 0xa0,
    0x0, 0x0, 0x0, 0x0, 0x0, 0x8f, 0xfa, 0x0,
    0x0, 0x0, 0x0, 0x0, 0x8, 0xff, 0xa0, 0x0,
    0x0, 0x0, 0x0, 0x0, 0x8f, 0xff, 0xee, 0xee,
    0xee, 0xee, 0xee, 0x18, 0xff, 0xff, 0xff, 0xff,
    0xff, 0xff, 0xf2, 0x8f, 0xff, 0xff, 0xff, 0xff,
    0xff, 0xff, 0x20,

    /* U+1EBD "ẽ" */
    0x0, 0x0, 0x0, 0x0, 0x0, 0x9f, 0x20, 0x0,
    0x0, 0x2b, 0xfe, 0x93, 0x1d, 0xf0, 0x0, 0x0,
    0xc, 0xff, 0xff, 0xff, 0xf9, 0x0, 0x0, 0x1,
    0xfb, 0x2, 0x9e, 0xfa, 0x0, 0x0, 0x0, 0x0,
    0x0, 0x0, 0x0, 0x0, 0x0, 0x0, 0x0, 0x0,
    0x0, 0x0, 0x0, 0x0, 0x0, 0x0, 0x0, 0x6b,
    0xef, 0xda, 0x40, 0x0, 0x0, 0x2, 0xdf, 0xff,
    0xff, 0xff, 0xb0, 0x0, 0x1, 0xef, 0xff, 0xcb,
    0xdf, 0xff, 0xb0, 0x0, 0xbf, 0xfd, 0x20, 0x0,
    0x4e, 0xff, 0x60, 0x2f, 0xff, 0x20, 0x0, 0x0,
    0x5f, 0xfd, 0x7, 0xff, 0xb0, 0x0, 0x0, 0x0,
    0xff, 0xf2, 0xaf, 0xfa, 0x55, 0x55, 0x55, 0x5e,
    0xff, 0x5b, 0xff, 0xff, 0xff, 0xff, 0xff, 0xff,
    0xf6, 0xbf, 0xff, 0xff, 0xff, 0xff, 0xff, 0xff,
    0x7a, 0xff, 0x70, 0x0, 0x0, 0x0, 0x0, 0x0,
    0x7f, 0xfa, 0x0, 0x0, 0x0, 0x0, 0x0, 0x2,
    0xff, 0xf1, 0x0, 0x0, 0x2, 0xdd, 0xd1, 0xb,
    0xff, 0xd2, 0x0, 0x2, 0xdf, 0xfb, 0x0, 0x1e,
    0xff, 0xfc, 0xbc, 0xff, 0xfe, 0x10, 0x0, 0x2d,
    0xff, 0xff, 0xff, 0xfd, 0x20, 0x0, 0x0, 0x6,
    0xbe, 0xfe, 0xc6, 0x0, 0x0,

    /* U+1EBE "Ế" */
    0x0, 0x0, 0x0, 0x0, 0x0, 0xb, 0xff, 0x30,
    0x0, 0x0, 0x0, 0x0, 0x2, 0xff, 0xa0, 0x0,
    0x0, 0x0, 0x0, 0x0, 0x8f, 0xf1, 0x0, 0x0,
    0x0, 0xae, 0xee, 0x2b, 0xd7, 0x0, 0x0, 0x0,
    0x6f, 0xff, 0xfd, 0x0, 0x0, 0x0, 0x0, 0x3f,
    0xf5, 0xc, 0xfa, 0x0, 0x0, 0x0, 0x7, 0x95,
    0x0, 0x18, 0x92, 0x0, 0x0, 0x0, 0x0, 0x0,
    0x0, 0x0, 0x0, 0x0, 0x8f, 0xff, 0xff, 0xff,
    0xff, 0xff, 0xfe, 0x8, 0xff, 0xff, 0xff, 0xff,
    0xff, 0xff, 0xe0, 0x8f, 0xff, 0xee, 0xee, 0xee,
    0xee, 0xec, 0x8, 0xff, 0xa0, 0x0, 0x0, 0x0,
    0x0, 0x0, 0x8f, 0xfa, 0x0, 0x0, 0x0, 0x0,
    0x0, 0x8, 0xff, 0xa0, 0x0, 0x0, 0x0, 0x0,
    0x0, 0x8f, 0xfa, 0x0, 0x0, 0x0, 0x0, 0x0,
    0x8, 0xff, 0xa0, 0x0, 0x0, 0x0, 0x0, 0x0,
    0x8f, 0xfa, 0x0, 0x0, 0x0, 0x0, 0x0, 0x8,
    0xff, 0xed, 0xdd, 0xdd, 0xdd, 0xdd, 0x70, 0x8f,
    0xff, 0xff, 0xff, 0xff, 0xff, 0xf8, 0x8, 0xff,
    0xff, 0xff, 0xff, 0xff, 0xff, 0x80, 0x8f, 0xfa,
    0x0, 0x0, 0x0, 0x0, 0x0, 0x8, 0xff, 0xa0,
    0x0, 0x0, 0x0, 0x0, 0x0, 0x8f, 0xfa, 0x0,
    0x0, 0x0, 0x0, 0x0, 0x8, 0xff, 0xa0, 0x0,
    0x0, 0x0, 0x0, 0x0, 0x8f, 0xfa, 0x0, 0x0,
    0x0, 0x0, 0x0, 0x8, 0xff, 0xa0, 0x0, 0x0,
    0x0, 0x0, 0x0, 0x8f, 0xff, 0xee, 0xee, 0xee,
    0xee, 0xee, 0x18, 0xff, 0xff, 0xff, 0xff, 0xff,
    0xff, 0xf2, 0x8f, 0xff, 0xff, 0xff, 0xff, 0xff,
    0xff, 0x20,

    /* U+1EBF "ế" */
    0x0, 0x0, 0x0, 0x0, 0x0, 0x6, 0xff, 0x80,
    0x0, 0x0, 0x0, 0x0, 0x0, 0xcf, 0xe1, 0x0,
    0x0, 0x0, 0x0, 0x0, 0x2f, 0xf7, 0x0, 0x0,
    0x0, 0x0, 0x0, 0x8, 0xfd, 0x0, 0x0, 0x0,
    0x6, 0xff, 0xf7, 0x0, 0x0, 0x0, 0x0, 0x2,
    0xff, 0x4f, 0xf3, 0x0, 0x0, 0x0, 0x0, 0xdf,
    0x60, 0x5f, 0xe1, 0x0, 0x0, 0x0, 0x49, 0x80,
    0x0, 0x79, 0x50, 0x0, 0x0, 0x0, 0x0, 0x0,
    0x0, 0x0, 0x0, 0x0, 0x0, 0x6, 0xbe, 0xfd,
    0xa4, 0x0, 0x0, 0x0, 0x2d, 0xff, 0xff, 0xff,
    0xfb, 0x0, 0x0, 0x1e, 0xff, 0xfc, 0xbd, 0xff,
    0xfb, 0x0, 0xb, 0xff, 0xd2, 0x0, 0x4, 0xef,
    0xf6, 0x2, 0xff, 0xf2, 0x0, 0x0, 0x5, 0xff,
    0xd0, 0x7f, 0xfb, 0x0, 0x0, 0x0, 0xf, 0xff,
    0x2a, 0xff, 0xa5, 0x55, 0x55, 0x55, 0xef, 0xf5,
    0xbf, 0xff, 0xff, 0xff, 0xff, 0xff, 0xff, 0x6b,
    0xff, 0xff, 0xff, 0xff, 0xff, 0xff, 0xf7, 0xaf,
    0xf7, 0x0, 0x0, 0x0, 0x0, 0x0, 0x7, 0xff,
    0xa0, 0x0, 0x0, 0x0, 0x0, 0x0, 0x2f, 0xff,
    0x10, 0x0, 0x0, 0x2d, 0xdd, 0x10, 0xbf, 0xfd,
    0x20, 0x0, 0x2d, 0xff, 0xb0, 0x1, 0xef, 0xff,
    0xcb, 0xcf, 0xff, 0xe1, 0x0, 0x2, 0xdf, 0xff,
    0xff, 0xff, 0xd2, 0x0, 0x0, 0x0, 0x6b, 0xef,
    0xec, 0x60, 0x0, 0x0,

    /* U+1EC0 "Ề" */
    0x0, 0x0, 0x0, 0x0, 0xa, 0xff, 0x50, 0x0,
    0x0, 0x0, 0x0, 0x0, 0x1f, 0xfb, 0x0, 0x0,
    0x0, 0x0, 0x0, 0x0, 0x7f, 0xf2, 0x0, 0x0,
    0x0, 0xae, 0xee, 0x20, 0xbd, 0x60, 0x0, 0x0,
    0x6f, 0xff, 0xfd, 0x0, 0x0, 0x0, 0x0, 0x3f,
    0xf5, 0xc, 0xfa, 0x0, 0x0, 0x0, 0x7, 0x95,
    0x0, 0x18, 0x92, 0x0, 0x0, 0x0, 0x0, 0x0,
    0x0, 0x0, 0x0, 0x0, 0x8f, 0xff, 0xff, 0xff,
    0xff, 0xff, 0xfe, 0x8, 0xff, 0xff, 0xff, 0xff,
    0xff, 0xff, 0xe0, 0x8f, 0xff, 0xee, 0xee, 0xee,
    0xee, 0xec, 0x8, 0xff, 0xa0, 0x0, 0x0, 0x0,
    0x0, 0x0, 0x8f, 0xfa, 0x0, 0x0, 0x0, 0x0,
    0x0, 0x8, 0xff, 0xa0, 0x0, 0x0, 0x0, 0x0,
    0x0, 0x8f, 0xfa, 0x0, 0x0, 0x0, 0x0, 0x0,
    0x8, 0xff, 0xa0, 0x0, 0x0, 0x0, 0x0, 0x0,
    0x8f, 0xfa, 0x0, 0x0, 0x0, 0x0, 0x0, 0x8,
    0xff, 0xed, 0xdd, 0xdd, 0xdd, 0xdd, 0x70, 0x8f,
    0xff, 0xff, 0xff, 0xff, 0xff, 0xf8, 0x8, 0xff,
    0xff, 0xff, 0xff, 0xff, 0xff, 0x80, 0x8f, 0xfa,
    0x0, 0x0, 0x0, 0x0, 0x0, 0x8, 0xff, 0xa0,
    0x0, 0x0, 0x0, 0x0, 0x0, 0x8f, 0xfa, 0x0,
    0x0, 0x0, 0x0, 0x0, 0x8, 0xff, 0xa0, 0x0,
    0x0, 0x0, 0x0, 0x0, 0x8f, 0xfa, 0x0, 0x0,
    0x0, 0x0, 0x0, 0x8, 0xff, 0xa0, 0x0, 0x0,
    0x0, 0x0, 0x0, 0x8f, 0xff, 0xee, 0xee, 0xee,
    0xee, 0xee, 0x18, 0xff, 0xff, 0xff, 0xff, 0xff,
    0xff, 0xf2, 0x8f, 0xff, 0xff, 0xff, 0xff, 0xff,
    0xff, 0x20,

    /* U+1EC1 "ề" */
    0x0, 0x0, 0x0, 0x0, 0x5, 0xff, 0x90, 0x0,
    0x0, 0x0, 0x0, 0x0, 0xc, 0xff, 0x0, 0x0,
    0x0, 0x0, 0x0, 0x0, 0x3f, 0xf6, 0x0, 0x0,
    0x0, 0x0, 0x0, 0x0, 0xaf, 0xc0, 0x0, 0x0,
    0x6, 0xff, 0xf7, 0x0, 0x0, 0x0, 0x0, 0x2,
    0xff, 0x4f, 0xf3, 0x0, 0x0, 0x0, 0x0, 0xdf,
    0x60, 0x5f, 0xe1, 0x0, 0x0, 0x0, 0x49, 0x80,
    0x0, 0x79, 0x50, 0x0, 0x0, 0x0, 0x0, 0x0,
    0x0, 0x0, 0x0, 0x0, 0x0, 0x6, 0xbe, 0xfd,
    0xa4, 0x0, 0x0, 0x0, 0x2d, 0xff, 0xff, 0xff,
    0xfb, 0x0, 0x0, 0x1e, 0xff, 0xfc, 0xbd, 0xff,
    0xfb, 0x0, 0xb, 0xff, 0xd2, 0x0, 0x4, 0xef,
    0xf6, 0x2, 0xff, 0xf2, 0x0, 0x0, 0x5, 0xff,
    0xd0, 0x7f, 0xfb, 0x0, 0x0, 0x0, 0xf, 0xff,
    0x2a, 0xff, 0xa5, 0x55, 0x55, 0x55, 0xef, 0xf5,
    0xbf, 0xff, 0xff, 0xff, 0xff, 0xff, 0xff, 0x6b,
    0xff, 0xff, 0xff, 0xff, 0xff, 0xff, 0xf7, 0xaf,
    0xf7, 0x0, 0x0, 0x0, 0x0, 0x0, 0x7, 0xff,
    0xa0, 0x0, 0x0, 0x0, 0x0, 0x0, 0x2f, 0xff,
    0x10, 0x0, 0x0, 0x2d, 0xdd, 0x10, 0xbf, 0xfd,
    0x20, 0x0, 0x2d, 0xff, 0xb0, 0x1, 0xef, 0xff,
    0xcb, 0xcf, 0xff, 0xe1, 0x0, 0x2, 0xdf, 0xff,
    0xff, 0xff, 0xd2, 0x0, 0x0, 0x0, 0x6b, 0xef,
    0xec, 0x60, 0x0, 0x0,

    /* U+1EC2 "Ể" */
    0x0, 0x0, 0x0, 0x0, 0x4e, 0xfd, 0x40, 0x0,
    0x0, 0x0, 0x0, 0x4, 0xcd, 0xfd, 0x0, 0x0,
    0x0, 0x0, 0x0, 0x0, 0xf, 0xe0, 0x0, 0x0,
    0x0, 0x25, 0x55, 0x5, 0xf8, 0x0, 0x0, 0x0,
    0x1e, 0xff, 0xf6, 0x77, 0x0, 0x0, 0x0, 0xa,
    0xfd, 0x9f, 0xf2, 0x0, 0x0, 0x0, 0x6, 0xff,
    0x20, 0xaf, 0xd0, 0x0, 0x0, 0x0, 0x56, 0x30,
    0x0, 0x66, 0x20, 0x0, 0x0, 0x0, 0x0, 0x0,
    0x0, 0x0, 0x0, 0x8, 0xff, 0xff, 0xff, 0xff,
    0xff, 0xff, 0xe0, 0x8f, 0xff, 0xff, 0xff, 0xff,
    0xff, 0xfe, 0x8, 0xff, 0xfe, 0xee, 0xee, 0xee,
    0xee, 0xc0, 0x8f, 0xfa, 0x0, 0x0, 0x0, 0x0,
    0x0, 0x8, 0xff, 0xa0, 0x0, 0x0, 0x0, 0x0,
    0x0, 0x8f, 0xfa, 0x0, 0x0, 0x0, 0x0, 0x0,
    0x8, 0xff, 0xa0, 0x0, 0x0, 0x0, 0x0, 0x0,
    0x8f, 0xfa, 0x0, 0x0, 0x0, 0x0, 0x0, 0x8,
    0xff, 0xa0, 0x0, 0x0, 0x0, 0x0, 0x0, 0x8f,
    0xfe, 0xdd, 0xdd, 0xdd, 0xdd, 0xd7, 0x8, 0xff,
    0xff, 0xff, 0xff, 0xff, 0xff, 0x80, 0x8f, 0xff,
    0xff, 0xff, 0xff, 0xff, 0xf8, 0x8, 0xff, 0xa0,
    0x0, 0x0, 0x0, 0x0, 0x0, 0x8f, 0xfa, 0x0,
    0x0, 0x0, 0x0, 0x0, 0x8, 0xff, 0xa0, 0x0,
    0x0, 0x0, 0x0, 0x0, 0x8f, 0xfa, 0x0, 0x0,
    0x0, 0x0, 0x0, 0x8, 0xff, 0xa0, 0x0, 0x0,
    0x0, 0x0, 0x0, 0x8f, 0xfa, 0x0, 0x0, 0x0,
    0x0, 0x0, 0x8, 0xff, 0xfe, 0xee, 0xee, 0xee,
    0xee, 0xe1, 0x8f, 0xff, 0xff, 0xff, 0xff, 0xff,
    0xff, 0x28, 0xff, 0xff, 0xff, 0xff, 0xff, 0xff,
    0xf2,

    /* U+1EC3 "ể" */
    0x0, 0x0, 0x0, 0x0, 0xe, 0xfe, 0x70, 0x0,
    0x0, 0x0, 0x0, 0x0, 0xdb, 0xff, 0x20, 0x0,
    0x0, 0x0, 0x0, 0x0, 0xb, 0xf3, 0x0, 0x0,
    0x0, 0x0, 0x0, 0x0, 0xef, 0x0, 0x0, 0x0,
    0x6, 0xff, 0xf7, 0x7e, 0x50, 0x0, 0x0, 0x2,
    0xff, 0xff, 0xf3, 0x0, 0x0, 0x0, 0x0, 0xcf,
    0xb0, 0xbf, 0xd0, 0x0, 0x0, 0x0, 0x5d, 0xc1,
    0x0, 0xbd, 0x60, 0x0, 0x0, 0x0, 0x0, 0x0,
    0x0, 0x0, 0x0, 0x0, 0x0, 0x6, 0xbe, 0xfd,
    0xa4, 0x0, 0x0, 0x0, 0x2d, 0xff, 0xff, 0xff,
    0xfb, 0x0, 0x0, 0x1e, 0xff, 0xfc, 0xbd, 0xff,
    0xfb, 0x0, 0xb, 0xff, 0xd2, 0x0, 0x4, 0xef,
    0xf6, 0x2, 0xff, 0xf2, 0x0, 0x0, 0x5, 0xff,
    0xd0, 0x7f, 0xfb, 0x0, 0x0, 0x0, 0xf, 0xff,
    0x2a, 0xff, 0xa5, 0x55, 0x55, 0x55, 0xef, 0xf5,
    0xbf, 0xff, 0xff, 0xff, 0xff, 0xff, 0xff, 0x6b,
    0xff, 0xff, 0xff, 0xff, 0xff, 0xff, 0xf7, 0xaf,
    0xf7, 0x0, 0x0, 0x0, 0x0, 0x0, 0x7, 0xff,
    0xa0, 0x0, 0x0, 0x0, 0x0, 0x0, 0x2f, 0xff,
    0x10, 0x0, 0x0, 0x2d, 0xdd, 0x10, 0xbf, 0xfd,
    0x20, 0x0, 0x2d, 0xff, 0xb0, 0x1, 0xef, 0xff,
    0xcb, 0xcf, 0xff, 0xe1, 0x0, 0x2, 0xdf, 0xff,
    0xff, 0xff, 0xd2, 0x0, 0x0, 0x0, 0x6b, 0xef,
    0xec, 0x60, 0x0, 0x0,

    /* U+1EC4 "Ễ" */
    0x0, 0x0, 0x9d, 0xa2, 0x1, 0xe8, 0x0, 0x0,
    0x0, 0x9f, 0xff, 0xe3, 0x5f, 0x70, 0x0, 0x0,
    0xf, 0xd1, 0x7f, 0xff, 0xf1, 0x0, 0x0, 0x1,
    0xe8, 0x0, 0x6c, 0xc4, 0x0, 0x0, 0x0, 0x0,
    0x0, 0x22, 0x20, 0x0, 0x0, 0x0, 0x0, 0x0,
    0xcf, 0xff, 0x50, 0x0, 0x0, 0x0, 0x0, 0x8f,
    0xec, 0xfe, 0x10, 0x0, 0x0, 0x0, 0x4f, 0xf3,
    0xb, 0xfc, 0x0, 0x0, 0x0, 0x6, 0x84, 0x0,
    0x7, 0x82, 0x0, 0x0, 0x0, 0x0, 0x0, 0x0,
    0x0, 0x0, 0x0, 0x8f, 0xff, 0xff, 0xff, 0xff,
    0xff, 0xfe, 0x8, 0xff, 0xff, 0xff, 0xff, 0xff,
    0xff, 0xe0, 0x8f, 0xff, 0xee, 0xee, 0xee, 0xee,
    0xec, 0x8, 0xff, 0xa0, 0x0, 0x0, 0x0, 0x0,
    0x0, 0x8f, 0xfa, 0x0, 0x0, 0x0, 0x0, 0x0,
    0x8, 0xff, 0xa0, 0x0, 0x0, 0x0, 0x0, 0x0,
    0x8f, 0xfa, 0x0, 0x0, 0x0, 0x0, 0x0, 0x8,
    0xff, 0xa0, 0x0, 0x0, 0x0, 0x0, 0x0, 0x8f,
    0xfa, 0x0, 0x0, 0x0, 0x0, 0x0, 0x8, 0xff,
    0xed, 0xdd, 0xdd, 0xdd, 0xdd, 0x70, 0x8f, 0xff,
    0xff, 0xff, 0xff, 0xff, 0xf8, 0x8, 0xff, 0xff,
    0xff, 0xff, 0xff, 0xff, 0x80, 0x8f, 0xfa, 0x0,
    0x0, 0x0, 0x0, 0x0, 0x8, 0xff, 0xa0, 0x0,
    0x0, 0x0, 0x0, 0x0, 0x8f, 0xfa, 0x0, 0x0,
    0x0, 0x0, 0x0, 0x8, 0xff, 0xa0, 0x0, 0x0,
    0x0, 0x0, 0x0, 0x8f, 0xfa, 0x0, 0x0, 0x0,
    0x0, 0x0, 0x8, 0xff, 0xa0, 0x0, 0x0, 0x0,
    0x0, 0x0, 0x8f, 0xff, 0xee, 0xee, 0xee, 0xee,
    0xee, 0x18, 0xff, 0xff, 0xff, 0xff, 0xff, 0xff,
    0xf2, 0x8f, 0xff, 0xff, 0xff, 0xff, 0xff, 0xff,
    0x20,

    /* U+1EC5 "ễ" */
    0x0, 0x0, 0x6c, 0xc4, 0x0, 0xbd, 0x0, 0x0,
    0x0, 0x4f, 0xff, 0xf6, 0x1f, 0xc0, 0x0, 0x0,
    0xa, 0xf3, 0x3e, 0xff, 0xf6, 0x0, 0x0, 0x0,
    0xbc, 0x0, 0x2b, 0xc7, 0x0, 0x0, 0x0, 0x0,
    0x0, 0x0, 0x0, 0x0, 0x0, 0x0, 0x0, 0x0,
    0x6f, 0xff, 0x70, 0x0, 0x0, 0x0, 0x0, 0x2f,
    0xff, 0xff, 0x30, 0x0, 0x0, 0x0, 0xc, 0xfb,
    0xa, 0xfd, 0x0, 0x0, 0x0, 0x5, 0xdc, 0x10,
    0xb, 0xd7, 0x0, 0x0, 0x0, 0x0, 0x0, 0x0,
    0x0, 0x0, 0x0, 0x0, 0x0, 0x6b, 0xef, 0xda,
    0x40, 0x0, 0x0, 0x2, 0xdf, 0xff, 0xff, 0xff,
    0xb0, 0x0, 0x1, 0xef, 0xff, 0xcb, 0xdf, 0xff,
    0xb0, 0x0, 0xbf, 0xfd, 0x20, 0x0, 0x4e, 0xff,
    0x60, 0x2f, 0xff, 0x20, 0x0, 0x0, 0x5f, 0xfd,
    0x7, 0xff, 0xb0, 0x0, 0x0, 0x0, 0xff, 0xf2,
    0xaf, 0xfa, 0x55, 0x55, 0x55, 0x5e, 0xff, 0x5b,
    0xff, 0xff, 0xff, 0xff, 0xff, 0xff, 0xf6, 0xbf,
    0xff, 0xff, 0xff, 0xff, 0xff, 0xff, 0x7a, 0xff,
    0x70, 0x0, 0x0, 0x0, 0x0, 0x0, 0x7f, 0xfa,
    0x0, 0x0, 0x0, 0x0, 0x0, 0x2, 0xff, 0xf1,
    0x0, 0x0, 0x2, 0xdd, 0xd1, 0xb, 0xff, 0xd2,
    0x0, 0x2, 0xdf, 0xfb, 0x0, 0x1e, 0xff, 0xfc,
    0xbc, 0xff, 0xfe, 0x10, 0x0, 0x2d, 0xff, 0xff,
    0xff, 0xfd, 0x20, 0x0, 0x0, 0x6, 0xbe, 0xfe,
    0xc6, 0x0, 0x0,

    /* U+1EC6 "Ệ" */
    0x0, 0x0, 0x3, 0x88, 0x70, 0x0, 0x0, 0x0,
    0x0, 0x0, 0xef, 0xff, 0x60, 0x0, 0x0, 0x0,
    0x0, 0x8f, 0xd7, 0xff, 0x10, 0x0, 0x0, 0x0,
    0x2f, 0xf4, 0xc, 0xf9, 0x0, 0x0, 0x0, 0xb,
    0xfa, 0x0, 0x2f, 0xf3, 0x0, 0x0, 0x0, 0x0,
    0x0, 0x0, 0x0, 0x0, 0x0, 0x0, 0x0, 0x0,
    0x0, 0x0, 0x0, 0x0, 0x8, 0xff, 0xff, 0xff,
    0xff, 0xff, 0xff, 0xe0, 0x8f, 0xff, 0xff, 0xff,
    0xff, 0xff, 0xfe, 0x8, 0xff, 0xfe, 0xee, 0xee,
    0xee, 0xee, 0xc0, 0x8f, 0xfa, 0x0, 0x0, 0x0,
    0x0, 0x0, 0x8, 0xff, 0xa0, 0x0, 0x0, 0x0,
    0x0, 0x0, 0x8f, 0xfa, 0x0, 0x0, 0x0, 0x0,
    0x0, 0x8, 0xff, 0xa0, 0x0, 0x0, 0x0, 0x0,
    0x0, 0x8f, 0xfa, 0x0, 0x0, 0x0, 0x0, 0x0,
    0x8, 0xff, 0xa0, 0x0, 0x0, 0x0, 0x0, 0x0,
    0x8f, 0xff, 0xff, 0xff, 0xff, 0xff, 0xf8, 0x8,
    0xff, 0xff, 0xff, 0xff, 0xff, 0xff, 0x80, 0x8f,
    0xfe, 0xdd, 0xdd, 0xdd, 0xdd, 0xd7, 0x8, 0xff,
    0xa0, 0x0, 0x0, 0x0, 0x0, 0x0, 0x8f, 0xfa,
    0x0, 0x0, 0x0, 0x0, 0x0, 0x8, 0xff, 0xa0,
    0x0, 0x0, 0x0, 0x0, 0x0, 0x8f, 0xfa, 0x0,
    0x0, 0x0, 0x0, 0x0, 0x8, 0xff, 0xa0, 0x0,
    0x0, 0x0, 0x0, 0x0, 0x8f, 0xfa, 0x0, 0x0,
    0x0, 0x0, 0x0, 0x8, 0xff, 0xfe, 0xee, 0xee,
    0xee, 0xee, 0xe1, 0x8f, 0xff, 0xff, 0xff, 0xff,
    0xff, 0xff, 0x28, 0xff, 0xff, 0xff, 0xff, 0xff,
    0xff, 0xf2, 0x0, 0x0, 0x0, 0x0, 0x0, 0x0,
    0x0, 0x0, 0x0, 0x0, 0x2d, 0xda, 0x0, 0x0,
    0x0, 0x0, 0x0, 0x2, 0xff, 0xc0, 0x0, 0x0,
    0x0, 0x0, 0x0, 0x2f, 0xfc, 0x0, 0x0, 0x0,

    /* U+1EC7 "ệ" */
    0x0, 0x0, 0x5, 0xff, 0xf6, 0x0, 0x0, 0x0,
    0x0, 0x1, 0xef, 0xef, 0xf1, 0x0, 0x0, 0x0,
    0x0, 0x9f, 0xd0, 0xcf, 0xa0, 0x0, 0x0, 0x0,
    0x3f, 0xf3, 0x2, 0xff, 0x40, 0x0, 0x0, 0x3,
    0x64, 0x0, 0x4, 0x63, 0x0, 0x0, 0x0, 0x0,
    0x0, 0x0, 0x0, 0x0, 0x0, 0x0, 0x0, 0x6b,
    0xef, 0xeb, 0x50, 0x0, 0x0, 0x2, 0xdf, 0xff,
    0xff, 0xff, 0xc1, 0x0, 0x1, 0xef, 0xff, 0xcb,
    0xcf, 0xff, 0xd0, 0x0, 0xbf, 0xfb, 0x20, 0x0,
    0x3d, 0xff, 0x80, 0x2f, 0xfe, 0x10, 0x0, 0x0,
    0x3f, 0xfe, 0x7, 0xff, 0x90, 0x0, 0x0, 0x0,
    0xef, 0xf3, 0xaf, 0xff, 0xff, 0xff, 0xff, 0xff,
    0xff, 0x5b, 0xff, 0xff, 0xff, 0xff, 0xff, 0xff,
    0xf7, 0xbf, 0xfa, 0x55, 0x55, 0x55, 0x55, 0x55,
    0x2a, 0xff, 0x80, 0x0, 0x0, 0x0, 0x0, 0x0,
    0x7f, 0xfc, 0x0, 0x0, 0x0, 0x2, 0x22, 0x2,
    0xff, 0xf3, 0x0, 0x0, 0x3, 0xff, 0xf0, 0xb,
    0xff, 0xe3, 0x0, 0x3, 0xef, 0xf9, 0x0, 0x1e,
    0xff, 0xfd, 0xbd, 0xff, 0xfd, 0x0, 0x0, 0x2d,
    0xff, 0xff, 0xff, 0xfc, 0x10, 0x0, 0x0, 0x6,
    0xbe, 0xfe, 0xb6, 0x0, 0x0, 0x0, 0x0, 0x0,
    0x0, 0x0, 0x0, 0x0, 0x0, 0x0, 0x0, 0xc,
    0xdd, 0x0, 0x0, 0x0, 0x0, 0x0, 0x0, 0xef,
    0xf0, 0x0, 0x0, 0x0, 0x0, 0x0, 0xe, 0xff,
    0x0, 0x0, 0x0,

    /* U+1EC8 "Ỉ" */
    0x2c, 0xdb, 0x60, 0x3f, 0xff, 0xf3, 0x1, 0xd,
    0xf6, 0x0, 0xc, 0xf4, 0x0, 0x6f, 0xa0, 0x0,
    0x34, 0x0, 0x0, 0x0, 0x0, 0x8, 0xff, 0xa0,
    0x8, 0xff, 0xa0, 0x8, 0xff, 0xa0, 0x8, 0xff,
    0xa0, 0x8, 0xff, 0xa0, 0x8, 0xff, 0xa0, 0x8,
    0xff, 0xa0, 0x8, 0xff, 0xa0, 0x8, 0xff, 0xa0,
    0x8, 0xff, 0xa0, 0x8, 0xff, 0xa0, 0x8, 0xff,
    0xa0, 0x8, 0xff, 0xa0, 0x8, 0xff, 0xa0, 0x8,
    0xff, 0xa0, 0x8, 0xff, 0xa0, 0x8, 0xff, 0xa0,
    0x8, 0xff, 0xa0, 0x8, 0xff, 0xa0, 0x8, 0xff,
    0xa0, 0x8, 0xff, 0xa0,

    /* U+1EC9 "ỉ" */
    0x8f, 0xfd, 0x50, 0x9e, 0xff, 0xf0, 0x0, 0x2f,
    0xf1, 0x0, 0x6f, 0xa0, 0x1, 0x88, 0x0, 0x0,
    0x0, 0x0, 0xd, 0xff, 0x40, 0xd, 0xff, 0x40,
    0xd, 0xff, 0x40, 0xd, 0xff, 0x40, 0xd, 0xff,
    0x40, 0xd, 0xff, 0x40, 0xd, 0xff, 0x40, 0xd,
    0xff, 0x40, 0xd, 0xff, 0x40, 0xd, 0xff, 0x40,
    0xd, 0xff, 0x40, 0xd, 0xff, 0x40, 0xd, 0xff,
    0x40, 0xd, 0xff, 0x40, 0xd, 0xff, 0x40, 0xd,
    0xff, 0x40,

    /* U+1ECA "Ị" */
    0x8f, 0xfa, 0x8f, 0xfa, 0x8f, 0xfa, 0x8f, 0xfa,
    0x8f, 0xfa, 0x8f, 0xfa, 0x8f, 0xfa, 0x8f, 0xfa,
    0x8f, 0xfa, 0x8f, 0xfa, 0x8f, 0xfa, 0x8f, 0xfa,
    0x8f, 0xfa, 0x8f, 0xfa, 0x8f, 0xfa, 0x8f, 0xfa,
    0x8f, 0xfa, 0x8f, 0xfa, 0x8f, 0xfa, 0x8f, 0xfa,
    0x8f, 0xfa, 0x0, 0x0, 0x5d, 0xd7, 0x6f, 0xf8,
    0x6f, 0xf8,

    /* U+1ECB "ị" */
    0xef, 0xf5, 0xef, 0xf5, 0xef, 0xf5, 0x11, 0x10,
    0x0, 0x0, 0xdf, 0xf4, 0xdf, 0xf4, 0xdf, 0xf4,
    0xdf, 0xf4, 0xdf, 0xf4, 0xdf, 0xf4, 0xdf, 0xf4,
    0xdf, 0xf4, 0xdf, 0xf4, 0xdf, 0xf4, 0xdf, 0xf4,
    0xdf, 0xf4, 0xdf, 0xf4, 0xdf, 0xf4, 0xdf, 0xf4,
    0xdf, 0xf4, 0x0, 0x0, 0x9d, 0xd2, 0xbf, 0xf3,
    0xbf, 0xf3,

    /* U+1ECC "Ọ" */
    0x0, 0x0, 0x1, 0x7c, 0xef, 0xfe, 0xb6, 0x0,
    0x0, 0x0, 0x0, 0x0, 0x8f, 0xff, 0xff, 0xff,
    0xff, 0xe6, 0x0, 0x0, 0x0, 0xc, 0xff, 0xff,
    0xff, 0xff, 0xff, 0xff, 0x90, 0x0, 0x0, 0xbf,
    0xff, 0xd5, 0x10, 0x1, 0x7e, 0xff, 0xf7, 0x0,
    0x5, 0xff, 0xfa, 0x0, 0x0, 0x0, 0x1, 0xcf,
    0xff, 0x20, 0xc, 0xff, 0xd0, 0x0, 0x0, 0x0,
    0x0, 0x1f, 0xff, 0x90, 0x2f, 0xff, 0x40, 0x0,
    0x0, 0x0, 0x0, 0x8, 0xff, 0xe0, 0x6f, 0xff,
    0x0, 0x0, 0x0, 0x0, 0x0, 0x2, 0xff, 0xf3,
    0x9f, 0xfb, 0x0, 0x0, 0x0, 0x0, 0x0, 0x0,
    0xef, 0xf5, 0xaf, 0xf9, 0x0, 0x0, 0x0, 0x0,
    0x0, 0x0, 0xdf, 0xf7, 0xbf, 0xf8, 0x0, 0x0,
    0x0, 0x0, 0x0, 0x0, 0xcf, 0xf7, 0xaf, 0xf9,
    0x0, 0x0, 0x0, 0x0, 0x0, 0x0, 0xdf, 0xf7,
    0x9f, 0xfb, 0x0, 0x0, 0x0, 0x0, 0x0, 0x0,
    0xef, 0xf5, 0x6f, 0xfe, 0x0, 0x0, 0x0, 0x0,
    0x0, 0x2, 0xff, 0xf3, 0x2f, 0xff, 0x40, 0x0,
    0x0, 0x0, 0x0, 0x7, 0xff, 0xf0, 0xd, 0xff,
    0xd0, 0x0, 0x0, 0x0, 0x0, 0x1f, 0xff, 0x90,
    0x5, 0xff, 0xfa, 0x0, 0x0, 0x0, 0x1, 0xcf,
    0xff, 0x20, 0x0, 0xbf, 0xff, 0xd5, 0x10, 0x1,
    0x7e, 0xff, 0xf8, 0x0, 0x0, 0x1c, 0xff, 0xff,
    0xff, 0xff, 0xff, 0xff, 0xa0, 0x0, 0x0, 0x0,
    0x9f, 0xff, 0xff, 0xff, 0xff, 0xf7, 0x0, 0x0,
    0x0, 0x0, 0x2, 0x8c, 0xef, 0xfe, 0xb6, 0x10,
    0x0, 0x0, 0x0, 0x0, 0x0, 0x0, 0x0, 0x0,
    0x0, 0x0, 0x0, 0x0, 0x0, 0x0, 0x0, 0x0,
    0x7d, 0xd4, 0x0, 0x0, 0x0, 0x0, 0x0, 0x0,
    0x0, 0x0, 0x9f, 0xf5, 0x0, 0x0, 0x0, 0x0,
    0x0, 0x0, 0x0, 0x0, 0x9f, 0xf5, 0x0, 0x0,
    0x0, 0x0,

    /* U+1ECD "ọ" */
    0x0, 0x0, 0x5b, 0xdf, 0xeb, 0x50, 0x0, 0x0,
    0x2, 0xdf, 0xff, 0xff, 0xff, 0xd2, 0x0, 0x1,
    0xef, 0xff, 0xdb, 0xdf, 0xff, 0xe1, 0x0, 0xbf,
    0xfe, 0x30, 0x0, 0x3e, 0xff, 0xb0, 0x2f, 0xff,
    0x40, 0x0, 0x0, 0x3f, 0xff, 0x27, 0xff, 0xc0,
    0x0, 0x0, 0x0, 0xbf, 0xf8, 0xaf, 0xf8, 0x0,
    0x0, 0x0, 0x7, 0xff, 0xab, 0xff, 0x60, 0x0,
    0x0, 0x0, 0x6f, 0xfc, 0xbf, 0xf6, 0x0, 0x0,
    0x0, 0x6, 0xff, 0xca, 0xff, 0x80, 0x0, 0x0,
    0x0, 0x7f, 0xfa, 0x7f, 0xfc, 0x0, 0x0, 0x0,
    0xb, 0xff, 0x82, 0xff, 0xf4, 0x0, 0x0, 0x3,
    0xff, 0xf2, 0xb, 0xff, 0xe4, 0x0, 0x3, 0xef,
    0xfb, 0x0, 0x1e, 0xff, 0xfd, 0xbd, 0xff, 0xff,
    0x10, 0x0, 0x2d, 0xff, 0xff, 0xff, 0xfd, 0x20,
    0x0, 0x0, 0x5, 0xbe, 0xfe, 0xb6, 0x0, 0x0,
    0x0, 0x0, 0x0, 0x0, 0x0, 0x0, 0x0, 0x0,
    0x0, 0x0, 0xc, 0xdd, 0x0, 0x0, 0x0, 0x0,
    0x0, 0x0, 0xef, 0xf0, 0x0, 0x0, 0x0, 0x0,
    0x0, 0xe, 0xff, 0x0, 0x0, 0x0,

    /* U+1ECE "Ỏ" */
    0x0, 0x0, 0x0, 0x5, 0xff, 0xd5, 0x0, 0x0,
    0x0, 0x0, 0x0, 0x0, 0x0, 0x6, 0xee, 0xff,
    0x10, 0x0, 0x0, 0x0, 0x0, 0x0, 0x0, 0x0,
    0x0, 0xff, 0x30, 0x0, 0x0, 0x0, 0x0, 0x0,
    0x0, 0x0, 0x0, 0xff, 0x20, 0x0, 0x0, 0x0,
    0x0, 0x0, 0x0, 0x0, 0x7, 0xfa, 0x0, 0x0,
    0x0, 0x0, 0x0, 0x0, 0x0, 0x0, 0x8, 0x81,
    0x0, 0x0, 0x0, 0x0, 0x0, 0x0, 0x0, 0x0,
    0x0, 0x0, 0x0, 0x0, 0x0, 0x0, 0x0, 0x0,
    0x1, 0x7c, 0xef, 0xfe, 0xb6, 0x0, 0x0, 0x0,
    0x0, 0x0, 0x8f, 0xff, 0xff, 0xff, 0xff, 0xe6,
    0x0, 0x0, 0x0, 0xc, 0xff, 0xff, 0xff, 0xff,
    0xff, 0xff, 0x90, 0x0, 0x0, 0xbf, 0xff, 0xd5,
    0x10, 0x1, 0x7e, 0xff, 0xf7, 0x0, 0x5, 0xff,
    0xfa, 0x0, 0x0, 0x0, 0x1, 0xcf, 0xff, 0x20,
    0xc, 0xff, 0xd0, 0x0, 0x0, 0x0, 0x0, 0x1f,
    0xff, 0x90, 0x2f, 0xff, 0x40, 0x0, 0x0, 0x0,
    0x0, 0x8, 0xff, 0xe0, 0x6f, 0xff, 0x0, 0x0,
    0x0, 0x0, 0x0, 0x2, 0xff, 0xf3, 0x9f, 0xfb,
    0x0, 0x0, 0x0, 0x0, 0x0, 0x0, 0xef, 0xf5,
    0xaf, 0xf9, 0x0, 0x0, 0x0, 0x0, 0x0, 0x0,
    0xdf, 0xf7, 0xbf, 0xf8, 0x0, 0x0, 0x0, 0x0,
    0x0, 0x0, 0xcf, 0xf7, 0xaf, 0xf9, 0x0, 0x0,
    0x0, 0x0, 0x0, 0x0, 0xdf, 0xf7, 0x9f, 0xfb,
    0x0, 0x0, 0x0, 0x0, 0x0, 0x0, 0xef, 0xf5,
    0x6f, 0xfe, 0x0, 0x0, 0x0, 0x0, 0x0, 0x2,
    0xff, 0xf3, 0x2f, 0xff, 0x40, 0x0, 0x0, 0x0,
    0x0, 0x7, 0xff, 0xf0, 0xd, 0xff, 0xd0, 0x0,
    0x0, 0x0, 0x0, 0x1f, 0xff, 0x90, 0x5, 0xff,
    0xfa, 0x0, 0x0, 0x0, 0x1, 0xcf, 0xff, 0x20,
    0x0, 0xbf, 0xff, 0xd5, 0x10, 0x1, 0x7e, 0xff,
    0xf8, 0x0, 0x0, 0x1c, 0xff, 0xff, 0xff, 0xff,
    0xff, 0xff, 0xa0, 0x0, 0x0, 0x0, 0x9f, 0xff,
    0xff, 0xff, 0xff, 0xf7, 0x0, 0x0, 0x0, 0x0,
    0x2, 0x8c, 0xef, 0xfe, 0xb6, 0x10, 0x0, 0x0,

    /* U+1ECF "ỏ" */
    0x0, 0x0, 0x8, 0xcc, 0x91, 0x0, 0x0, 0x0,
    0x0, 0x0, 0xcf, 0xff, 0xb0, 0x0, 0x0, 0x0,
    0x0, 0x2, 0x7, 0xfe, 0x0, 0x0, 0x0, 0x0,
    0x0, 0x0, 0x4f, 0xc0, 0x0, 0x0, 0x0, 0x0,
    0x0, 0xc, 0xf5, 0x0, 0x0, 0x0, 0x0, 0x0,
    0x3, 0x85, 0x0, 0x0, 0x0, 0x0, 0x0, 0x0,
    0x0, 0x0, 0x0, 0x0, 0x0, 0x0, 0x5, 0xbd,
    0xfe, 0xb5, 0x0, 0x0, 0x0, 0x2d, 0xff, 0xff,
    0xff, 0xfd, 0x20, 0x0, 0x1e, 0xff, 0xfd, 0xbd,
    0xff, 0xfe, 0x10, 0xb, 0xff, 0xe3, 0x0, 0x3,
    0xef, 0xfb, 0x2, 0xff, 0xf4, 0x0, 0x0, 0x3,
    0xff, 0xf2, 0x7f, 0xfc, 0x0, 0x0, 0x0, 0xb,
    0xff, 0x8a, 0xff, 0x80, 0x0, 0x0, 0x0, 0x7f,
    0xfa, 0xbf, 0xf6, 0x0, 0x0, 0x0, 0x6, 0xff,
    0xcb, 0xff, 0x60, 0x0, 0x0, 0x0, 0x6f, 0xfc,
    0xaf, 0xf8, 0x0, 0x0, 0x0, 0x7, 0xff, 0xa7,
    0xff, 0xc0, 0x0, 0x0, 0x0, 0xbf, 0xf8, 0x2f,
    0xff, 0x40, 0x0, 0x0, 0x3f, 0xff, 0x20, 0xbf,
    0xfe, 0x40, 0x0, 0x3e, 0xff, 0xb0, 0x1, 0xef,
    0xff, 0xdb, 0xdf, 0xff, 0xf1, 0x0, 0x2, 0xdf,
    0xff, 0xff, 0xff, 0xd2, 0x0, 0x0, 0x0, 0x5b,
    0xef, 0xeb, 0x60, 0x0, 0x0,

    /* U+1ED0 "Ố" */
    0x0, 0x0, 0x0, 0x0, 0x0, 0x0, 0x1, 0xff,
    0xd0, 0x0, 0x0, 0x0, 0x0, 0x0, 0x0, 0x0,
    0x7, 0xff, 0x50, 0x0, 0x0, 0x0, 0x0, 0x0,
    0x0, 0x0, 0xd, 0xfc, 0x0, 0x0, 0x0, 0x0,
    0x0, 0x0, 0xac, 0xc8, 0x3f, 0xf3, 0x0, 0x0,
    0x0, 0x0, 0x0, 0x7, 0xff, 0xff, 0x30, 0x0,
    0x0, 0x0, 0x0, 0x0, 0x0, 0x1f, 0xf7, 0xbf,
    0xd0, 0x0, 0x0, 0x0, 0x0, 0x0, 0x0, 0xaf,
    0xc0, 0x1e, 0xf7, 0x0, 0x0, 0x0, 0x0, 0x0,
    0x1, 0xaa, 0x20, 0x4, 0xa9, 0x0, 0x0, 0x0,
    0x0, 0x0, 0x0, 0x0, 0x0, 0x0, 0x0, 0x0,
    0x0, 0x0, 0x0, 0x0, 0x1, 0x7c, 0xef, 0xfe,
    0xb6, 0x0, 0x0, 0x0, 0x0, 0x0, 0x8f, 0xff,
    0xff, 0xff, 0xff, 0xe6, 0x0, 0x0, 0x0, 0xc,
    0xff, 0xff, 0xff, 0xff, 0xff, 0xff, 0x90, 0x0,
    0x0, 0xbf, 0xff, 0xd5, 0x10, 0x1, 0x7e, 0xff,
    0xf7, 0x0, 0x5, 0xff, 0xfa, 0x0, 0x0, 0x0,
    0x1, 0xcf, 0xff, 0x20, 0xc, 0xff, 0xd0, 0x0,
    0x0, 0x0, 0x0, 0x1f, 0xff, 0x90, 0x2f, 0xff,
    0x40, 0x0, 0x0, 0x0, 0x0, 0x8, 0xff, 0xe0,
    0x6f, 0xff, 0x0, 0x0, 0x0, 0x0, 0x0, 0x2,
    0xff, 0xf3, 0x9f, 0xfb, 0x0, 0x0, 0x0, 0x0,
    0x0, 0x0, 0xef, 0xf5, 0xaf, 0xf9, 0x0, 0x0,
    0x0, 0x0, 0x0, 0x0, 0xdf, 0xf7, 0xbf, 0xf8,
    0x0, 0x0, 0x0, 0x0, 0x0, 0x0, 0xcf, 0xf7,
    0xaf, 0xf9, 0x0, 0x0, 0x0, 0x0, 0x0, 0x0,
    0xdf, 0xf7, 0x9f, 0xfb, 0x0, 0x0, 0x0, 0x0,
    0x0, 0x0, 0xef, 0xf5, 0x6f, 0xfe, 0x0, 0x0,
    0x0, 0x0, 0x0, 0x2, 0xff, 0xf3, 0x2f, 0xff,
    0x40, 0x0, 0x0, 0x0, 0x0, 0x7, 0xff, 0xf0,
    0xd, 0xff, 0xd0, 0x0, 0x0, 0x0, 0x0, 0x1f,
    0xff, 0x90, 0x5, 0xff, 0xfa, 0x0, 0x0, 0x0,
    0x1, 0xcf, 0xff, 0x20, 0x0, 0xbf, 0xff, 0xd5,
    0x10, 0x1, 0x7e, 0xff, 0xf8, 0x0, 0x0, 0x1c,
    0xff, 0xff, 0xff, 0xff, 0xff, 0xff, 0xa0, 0x0,
    0x0, 0x0, 0x9f, 0xff, 0xff, 0xff, 0xff, 0xf7,
    0x0, 0x0, 0x0, 0x0, 0x2, 0x8c, 0xef, 0xfe,
    0xb6, 0x10, 0x0, 0x0,

    /* U+1ED1 "ố" */
    0x0, 0x0, 0x0, 0x0, 0x0, 0x6, 0xff, 0x80,
    0x0, 0x0, 0x0, 0x0, 0x0, 0xcf, 0xe1, 0x0,
    0x0, 0x0, 0x0, 0x0, 0x2f, 0xf7, 0x0, 0x0,
    0x0, 0x0, 0x0, 0x8, 0xfd, 0x0, 0x0, 0x0,
    0x6, 0xff, 0xf7, 0x0, 0x0, 0x0, 0x0, 0x3,
    0xff, 0x4e, 0xf4, 0x0, 0x0, 0x0, 0x0, 0xdf,
    0x60, 0x5f, 0xe1, 0x0, 0x0, 0x0, 0x48, 0x70,
    0x0, 0x68, 0x50, 0x0, 0x0, 0x0, 0x0, 0x0,
    0x0, 0x0, 0x0, 0x0, 0x0, 0x5, 0xbd, 0xfe,
    0xb5, 0x0, 0x0, 0x0, 0x2d, 0xff, 0xff, 0xff,
    0xfd, 0x20, 0x0, 0x1e, 0xff, 0xfd, 0xbd, 0xff,
    0xfe, 0x10, 0xb, 0xff, 0xe3, 0x0, 0x3, 0xef,
    0xfb, 0x2, 0xff, 0xf4, 0x0, 0x0, 0x3, 0xff,
    0xf2, 0x7f, 0xfc, 0x0, 0x0, 0x0, 0xb, 0xff,
    0x8a, 0xff, 0x80, 0x0, 0x0, 0x0, 0x7f, 0xfa,
    0xbf, 0xf6, 0x0, 0x0, 0x0, 0x6, 0xff, 0xcb,
    0xff, 0x60, 0x0, 0x0, 0x0, 0x6f, 0xfc, 0xaf,
    0xf8, 0x0, 0x0, 0x0, 0x7, 0xff, 0xa7, 0xff,
    0xc0, 0x0, 0x0, 0x0, 0xbf, 0xf8, 0x2f, 0xff,
    0x40, 0x0, 0x0, 0x3f, 0xff, 0x20, 0xbf, 0xfe,
    0x40, 0x0, 0x3e, 0xff, 0xb0, 0x1, 0xef, 0xff,
    0xdb, 0xdf, 0xff, 0xf1, 0x0, 0x2, 0xdf, 0xff,
    0xff, 0xff, 0xd2, 0x0, 0x0, 0x0, 0x5b, 0xef,
    0xeb, 0x60, 0x0, 0x0,

    /* U+1ED2 "Ồ" */
    0x0, 0x0, 0x0, 0x0, 0x0, 0x1, 0xef, 0xe0,
    0x0, 0x0, 0x0, 0x0, 0x0, 0x0, 0x0, 0x0,
    0x7f, 0xf5, 0x0, 0x0, 0x0, 0x0, 0x0, 0x0,
    0x0, 0x0, 0xd, 0xfb, 0x0, 0x0, 0x0, 0x0,
    0x0, 0x0, 0xac, 0xc8, 0x5, 0xff, 0x20, 0x0,
    0x0, 0x0, 0x0, 0x7, 0xff, 0xff, 0x30, 0x0,
    0x0, 0x0, 0x0, 0x0, 0x0, 0x1f, 0xf7, 0xbf,
    0xd0, 0x0, 0x0, 0x0, 0x0, 0x0, 0x0, 0xaf,
    0xc0, 0x1e, 0xf7, 0x0, 0x0, 0x0, 0x0, 0x0,
    0x1, 0xaa, 0x20, 0x4, 0xa9, 0x0, 0x0, 0x0,
    0x0, 0x0, 0x0, 0x0, 0x0, 0x0, 0x0, 0x0,
    0x0, 0x0, 0x0, 0x0, 0x1, 0x7c, 0xef, 0xfe,
    0xb6, 0x0, 0x0, 0x0, 0x0, 0x0, 0x8f, 0xff,
    0xff, 0xff, 0xff, 0xe6, 0x0, 0x0, 0x0, 0xc,
    0xff, 0xff, 0xff, 0xff, 0xff, 0xff, 0x90, 0x0,
    0x0, 0xbf, 0xff, 0xd5, 0x10, 0x1, 0x7e, 0xff,
    0xf7, 0x0, 0x5, 0xff, 0xfa, 0x0, 0x0, 0x0,
    0x1, 0xcf, 0xff, 0x20, 0xc, 0xff, 0xd0, 0x0,
    0x0, 0x0, 0x0, 0x1f, 0xff, 0x90, 0x2f, 0xff,
    0x40, 0x0, 0x0, 0x0, 0x0, 0x8, 0xff, 0xe0,
    0x6f, 0xff, 0x0, 0x0, 0x0, 0x0, 0x0, 0x2,
    0xff, 0xf3, 0x9f, 0xfb, 0x0, 0x0, 0x0, 0x0,
    0x0, 0x0, 0xef, 0xf5, 0xaf, 0xf9, 0x0, 0x0,
    0x0, 0x0, 0x0, 0x0, 0xdf, 0xf7, 0xbf, 0xf8,
    0x0, 0x0, 0x0, 0x0, 0x0, 0x0, 0xcf, 0xf7,
    0xaf, 0xf9, 0x0, 0x0, 0x0, 0x0, 0x0, 0x0,
    0xdf, 0xf7, 0x9f, 0xfb, 0x0, 0x0, 0x0, 0x0,
    0x0, 0x0, 0xef, 0xf5, 0x6f, 0xfe, 0x0, 0x0,
    0x0, 0x0, 0x0, 0x2, 0xff, 0xf3, 0x2f, 0xff,
    0x40, 0x0, 0x0, 0x0, 0x0, 0x7, 0xff, 0xf0,
    0xd, 0xff, 0xd0, 0x0, 0x0, 0x0, 0x0, 0x1f,
    0xff, 0x90, 0x5, 0xff, 0xfa, 0x0, 0x0, 0x0,
    0x1, 0xcf, 0xff, 0x20, 0x0, 0xbf, 0xff, 0xd5,
    0x10, 0x1, 0x7e, 0xff, 0xf8, 0x0, 0x0, 0x1c,
    0xff, 0xff, 0xff, 0xff, 0xff, 0xff, 0xa0, 0x0,
    0x0, 0x0, 0x9f, 0xff, 0xff, 0xff, 0xff, 0xf7,
    0x0, 0x0, 0x0, 0x0, 0x2, 0x8c, 0xef, 0xfe,
    0xb6, 0x10, 0x0, 0x0,

    /* U+1ED3 "ồ" */
    0x0, 0x0, 0x0, 0x0, 0x5, 0xff, 0x90, 0x0,
    0x0, 0x0, 0x0, 0x0, 0xc, 0xff, 0x0, 0x0,
    0x0, 0x0, 0x0, 0x0, 0x3f, 0xf6, 0x0, 0x0,
    0x0, 0x0, 0x0, 0x0, 0xaf, 0xc0, 0x0, 0x0,
    0x6, 0xff, 0xf7, 0x0, 0x0, 0x0, 0x0, 0x3,
    0xff, 0x4e, 0xf4, 0x0, 0x0, 0x0, 0x0, 0xdf,
    0x60, 0x5f, 0xe1, 0x0, 0x0, 0x0, 0x48, 0x70,
    0x0, 0x68, 0x50, 0x0, 0x0, 0x0, 0x0, 0x0,
    0x0, 0x0, 0x0, 0x0, 0x0, 0x5, 0xbd, 0xfe,
    0xb5, 0x0, 0x0, 0x0, 0x2d, 0xff, 0xff, 0xff,
    0xfd, 0x20, 0x0, 0x1e, 0xff, 0xfd, 0xbd, 0xff,
    0xfe, 0x10, 0xb, 0xff, 0xe3, 0x0, 0x3, 0xef,
    0xfb, 0x2, 0xff, 0xf4, 0x0, 0x0, 0x3, 0xff,
    0xf2, 0x7f, 0xfc, 0x0, 0x0, 0x0, 0xb, 0xff,
    0x8a, 0xff, 0x80, 0x0, 0x0, 0x0, 0x7f, 0xfa,
    0xbf, 0xf6, 0x0, 0x0, 0x0, 0x6, 0xff, 0xcb,
    0xff, 0x60, 0x0, 0x0, 0x0, 0x6f, 0xfc, 0xaf,
    0xf8, 0x0, 0x0, 0x0, 0x7, 0xff, 0xa7, 0xff,
    0xc0, 0x0, 0x0, 0x0, 0xbf, 0xf8, 0x2f, 0xff,
    0x40, 0x0, 0x0, 0x3f, 0xff, 0x20, 0xbf, 0xfe,
    0x40, 0x0, 0x3e, 0xff, 0xb0, 0x1, 0xef, 0xff,
    0xdb, 0xdf, 0xff, 0xf1, 0x0, 0x2, 0xdf, 0xff,
    0xff, 0xff, 0xd2, 0x0, 0x0, 0x0, 0x5b, 0xef,
    0xeb, 0x60, 0x0, 0x0,

    /* U+1ED4 "Ổ" */
    0x0, 0x0, 0x0, 0x0, 0x0, 0x5, 0xaa, 0x60,
    0x0, 0x0, 0x0, 0x0, 0x0, 0x0, 0x0, 0xa,
    0xff, 0xf5, 0x0, 0x0, 0x0, 0x0, 0x0, 0x0,
    0x0, 0x1, 0x8, 0xf9, 0x0, 0x0, 0x0, 0x0,
    0x0, 0x0, 0x0, 0x0, 0x7, 0xf7, 0x0, 0x0,
    0x0, 0x0, 0x0, 0x0, 0xab, 0xb8, 0xe, 0xe1,
    0x0, 0x0, 0x0, 0x0, 0x0, 0x6, 0xff, 0xff,
    0x55, 0x20, 0x0, 0x0, 0x0, 0x0, 0x0, 0x1f,
    0xf9, 0xcf, 0xc0, 0x0, 0x0, 0x0, 0x0, 0x0,
    0x0, 0xaf, 0xc0, 0x2f, 0xf6, 0x0, 0x0, 0x0,
    0x0, 0x0, 0x1, 0xaa, 0x20, 0x5, 0xb9, 0x0,
    0x0, 0x0, 0x0, 0x0, 0x0, 0x0, 0x0, 0x0,
    0x0, 0x0, 0x0, 0x0, 0x0, 0x0, 0x1, 0x7c,
    0xef, 0xfe, 0xb6, 0x0, 0x0, 0x0, 0x0, 0x0,
    0x8f, 0xff, 0xff, 0xff, 0xff, 0xe6, 0x0, 0x0,
    0x0, 0xc, 0xff, 0xff, 0xff, 0xff, 0xff, 0xff,
    0x90, 0x0, 0x0, 0xbf, 0xff, 0xd5, 0x10, 0x1,
    0x7e, 0xff, 0xf7, 0x0, 0x5, 0xff, 0xfa, 0x0,
    0x0, 0x0, 0x1, 0xcf, 0xff, 0x20, 0xc, 0xff,
    0xd0, 0x0, 0x0, 0x0, 0x0, 0x1f, 0xff, 0x90,
    0x2f, 0xff, 0x40, 0x0, 0x0, 0x0, 0x0, 0x8,
    0xff, 0xe0, 0x6f, 0xff, 0x0, 0x0, 0x0, 0x0,
    0x0, 0x2, 0xff, 0xf3, 0x9f, 0xfb, 0x0, 0x0,
    0x0, 0x0, 0x0, 0x0, 0xef, 0xf5, 0xaf, 0xf9,
    0x0, 0x0, 0x0, 0x0, 0x0, 0x0, 0xdf, 0xf7,
    0xbf, 0xf8, 0x0, 0x0, 0x0, 0x0, 0x0, 0x0,
    0xcf, 0xf7, 0xaf, 0xf9, 0x0, 0x0, 0x0, 0x0,
    0x0, 0x0, 0xdf, 0xf7, 0x9f, 0xfb, 0x0, 0x0,
    0x0, 0x0, 0x0, 0x0, 0xef, 0xf5, 0x6f, 0xfe,
    0x0, 0x0, 0x0, 0x0, 0x0, 0x2, 0xff, 0xf3,
    0x2f, 0xff, 0x40, 0x0, 0x0, 0x0, 0x0, 0x7,
    0xff, 0xf0, 0xd, 0xff, 0xd0, 0x0, 0x0, 0x0,
    0x0, 0x1f, 0xff, 0x90, 0x5, 0xff, 0xfa, 0x0,
    0x0, 0x0, 0x1, 0xcf, 0xff, 0x20, 0x0, 0xbf,
    0xff, 0xd5, 0x10, 0x1, 0x7e, 0xff, 0xf8, 0x0,
    0x0, 0x1c, 0xff, 0xff, 0xff, 0xff, 0xff, 0xff,
    0xa0, 0x0, 0x0, 0x0, 0x9f, 0xff, 0xff, 0xff,
    0xff, 0xf7, 0x0, 0x0, 0x0, 0x0, 0x2, 0x8c,
    0xef, 0xfe, 0xb6, 0x10, 0x0, 0x0,

    /* U+1ED5 "ổ" */
    0x0, 0x0, 0x0, 0x0, 0xe, 0xfe, 0x70, 0x0,
    0x0, 0x0, 0x0, 0x0, 0xdb, 0xff, 0x20, 0x0,
    0x0, 0x0, 0x0, 0x0, 0xb, 0xf3, 0x0, 0x0,
    0x0, 0x0, 0x0, 0x0, 0xef, 0x0, 0x0, 0x0,
    0x6, 0xff, 0xf7, 0x7e, 0x50, 0x0, 0x0, 0x2,
    0xff, 0xff, 0xf3, 0x0, 0x0, 0x0, 0x0, 0xcf,
    0xb0, 0xaf, 0xd0, 0x0, 0x0, 0x0, 0x5c, 0xb0,
    0x0, 0xac, 0x60, 0x0, 0x0, 0x0, 0x0, 0x0,
    0x0, 0x0, 0x0, 0x0, 0x0, 0x5, 0xbd, 0xfe,
    0xb5, 0x0, 0x0, 0x0, 0x2d, 0xff, 0xff, 0xff,
    0xfd, 0x20, 0x0, 0x1e, 0xff, 0xfd, 0xbd, 0xff,
    0xfe, 0x10, 0xb, 0xff, 0xe3, 0x0, 0x3, 0xef,
    0xfb, 0x2, 0xff, 0xf4, 0x0, 0x0, 0x3, 0xff,
    0xf2, 0x7f, 0xfc, 0x0, 0x0, 0x0, 0xb, 0xff,
    0x8a, 0xff, 0x80, 0x0, 0x0, 0x0, 0x7f, 0xfa,
    0xbf, 0xf6, 0x0, 0x0, 0x0, 0x6, 0xff, 0xcb,
    0xff, 0x60, 0x0, 0x0, 0x0, 0x6f, 0xfc, 0xaf,
    0xf8, 0x0, 0x0, 0x0, 0x7, 0xff, 0xa7, 0xff,
    0xc0, 0x0, 0x0, 0x0, 0xbf, 0xf8, 0x2f, 0xff,
    0x40, 0x0, 0x0, 0x3f, 0xff, 0x20, 0xbf, 0xfe,
    0x40, 0x0, 0x3e, 0xff, 0xb0, 0x1, 0xef, 0xff,
    0xdb, 0xdf, 0xff, 0xf1, 0x0, 0x2, 0xdf, 0xff,
    0xff, 0xff, 0xd2, 0x0, 0x0, 0x0, 0x5b, 0xef,
    0xeb, 0x60, 0x0, 0x0,

    /* U+1ED6 "Ỗ" */
    0x0, 0x0, 0x0, 0x5d, 0xfc, 0x40, 0x8f, 0x40,
    0x0, 0x0, 0x0, 0x0, 0x2, 0xff, 0xef, 0xfe,
    0xfe, 0x0, 0x0, 0x0, 0x0, 0x0, 0x7, 0xf5,
    0x5, 0xdf, 0xc3, 0x0, 0x0, 0x0, 0x0, 0x0,
    0x0, 0x0, 0x0, 0x0, 0x0, 0x0, 0x0, 0x0,
    0x0, 0x0, 0x0, 0x0, 0xbc, 0xc9, 0x0, 0x0,
    0x0, 0x0, 0x0, 0x0, 0x0, 0x7, 0xff, 0xff,
    0x40, 0x0, 0x0, 0x0, 0x0, 0x0, 0x0, 0x1f,
    0xf9, 0xbf, 0xd0, 0x0, 0x0, 0x0, 0x0, 0x0,
    0x0, 0xaf, 0xd0, 0x1e, 0xf7, 0x0, 0x0, 0x0,
    0x0, 0x0, 0x1, 0xbb, 0x20, 0x4, 0xba, 0x0,
    0x0, 0x0, 0x0, 0x0, 0x0, 0x0, 0x0, 0x0,
    0x0, 0x0, 0x0, 0x0, 0x0, 0x0, 0x1, 0x7c,
    0xef, 0xfe, 0xb6, 0x0, 0x0, 0x0, 0x0, 0x0,
    0x8f, 0xff, 0xff, 0xff, 0xff, 0xe6, 0x0, 0x0,
    0x0, 0xc, 0xff, 0xff, 0xff, 0xff, 0xff, 0xff,
    0x90, 0x0, 0x0, 0xbf, 0xff, 0xd5, 0x10, 0x1,
    0x7e, 0xff, 0xf7, 0x0, 0x5, 0xff, 0xfa, 0x0,
    0x0, 0x0, 0x1, 0xcf, 0xff, 0x20, 0xc, 0xff,
    0xd0, 0x0, 0x0, 0x0, 0x0, 0x1f, 0xff, 0x90,
    0x2f, 0xff, 0x40, 0x0, 0x0, 0x0, 0x0, 0x8,
    0xff, 0xe0, 0x6f, 0xff, 0x0, 0x0, 0x0, 0x0,
    0x0, 0x2, 0xff, 0xf3, 0x9f, 0xfb, 0x0, 0x0,
    0x0, 0x0, 0x0, 0x0, 0xef, 0xf5, 0xaf, 0xf9,
    0x0, 0x0, 0x0, 0x0, 0x0, 0x0, 0xdf, 0xf7,
    0xbf, 0xf8, 0x0, 0x0, 0x0, 0x0, 0x0, 0x0,
    0xcf, 0xf7, 0xaf, 0xf9, 0x0, 0x0, 0x0, 0x0,
    0x0, 0x0, 0xdf, 0xf7, 0x9f, 0xfb, 0x0, 0x0,
    0x0, 0x0, 0x0, 0x0, 0xef, 0xf5, 0x6f, 0xfe,
    0x0, 0x0, 0x0, 0x0, 0x0, 0x2, 0xff, 0xf3,
    0x2f, 0xff, 0x40, 0x0, 0x0, 0x0, 0x0, 0x7,
    0xff, 0xf0, 0xd, 0xff, 0xd0, 0x0, 0x0, 0x0,
    0x0, 0x1f, 0xff, 0x90, 0x5, 0xff, 0xfa, 0x0,
    0x0, 0x0, 0x1, 0xcf, 0xff, 0x20, 0x0, 0xbf,
    0xff, 0xd5, 0x10, 0x1, 0x7e, 0xff, 0xf8, 0x0,
    0x0, 0x1c, 0xff, 0xff, 0xff, 0xff, 0xff, 0xff,
    0xa0, 0x0, 0x0, 0x0, 0x9f, 0xff, 0xff, 0xff,
    0xff, 0xf7, 0x0, 0x0, 0x0, 0x0, 0x2, 0x8c,
    0xef, 0xfe, 0xb6, 0x10, 0x0, 0x0,

    /* U+1ED7 "ỗ" */
    0x0, 0x0, 0x6c, 0xc4, 0x0, 0xac, 0x0, 0x0,
    0x0, 0x4f, 0xff, 0xf6, 0x1f, 0xc0, 0x0, 0x0,
    0xa, 0xf3, 0x3e, 0xff, 0xf6, 0x0, 0x0, 0x0,
    0xbc, 0x0, 0x3b, 0xd7, 0x0, 0x0, 0x0, 0x0,
    0x0, 0x0, 0x0, 0x0, 0x0, 0x0, 0x0, 0x0,
    0x6f, 0xff, 0x80, 0x0, 0x0, 0x0, 0x0, 0x2f,
    0xff, 0xff, 0x30, 0x0, 0x0, 0x0, 0xc, 0xfb,
    0xa, 0xfd, 0x0, 0x0, 0x0, 0x5, 0xcb, 0x0,
    0xa, 0xc6, 0x0, 0x0, 0x0, 0x0, 0x0, 0x0,
    0x0, 0x0, 0x0, 0x0, 0x0, 0x5b, 0xdf, 0xeb,
    0x50, 0x0, 0x0, 0x2, 0xdf, 0xff, 0xff, 0xff,
    0xd2, 0x0, 0x1, 0xef, 0xff, 0xdb, 0xdf, 0xff,
    0xe1, 0x0, 0xbf, 0xfe, 0x30, 0x0, 0x3e, 0xff,
    0xb0, 0x2f, 0xff, 0x40, 0x0, 0x0, 0x3f, 0xff,
    0x27, 0xff, 0xc0, 0x0, 0x0, 0x0, 0xbf, 0xf8,
    0xaf, 0xf8, 0x0, 0x0, 0x0, 0x7, 0xff, 0xab,
    0xff, 0x60, 0x0, 0x0, 0x0, 0x6f, 0xfc, 0xbf,
    0xf6, 0x0, 0x0, 0x0, 0x6, 0xff, 0xca, 0xff,
    0x80, 0x0, 0x0, 0x0, 0x7f, 0xfa, 0x7f, 0xfc,
    0x0, 0x0, 0x0, 0xb, 0xff, 0x82, 0xff, 0xf4,
    0x0, 0x0, 0x3, 0xff, 0xf2, 0xb, 0xff, 0xe4,
    0x0, 0x3, 0xef, 0xfb, 0x0, 0x1e, 0xff, 0xfd,
    0xbd, 0xff, 0xff, 0x10, 0x0, 0x2d, 0xff, 0xff,
    0xff, 0xfd, 0x20, 0x0, 0x0, 0x5, 0xbe, 0xfe,
    0xb6, 0x0, 0x0,

    /* U+1ED8 "Ộ" */
    0x0, 0x0, 0x0, 0x0, 0x68, 0x84, 0x0, 0x0,
    0x0, 0x0, 0x0, 0x0, 0x0, 0x5, 0xff, 0xff,
    0x10, 0x0, 0x0, 0x0, 0x0, 0x0, 0x0, 0xd,
    0xf8, 0xcf, 0xa0, 0x0, 0x0, 0x0, 0x0, 0x0,
    0x0, 0x8f, 0xd0, 0x2f, 0xf3, 0x0, 0x0, 0x0,
    0x0, 0x0, 0x2, 0xff, 0x40, 0x8, 0xfd, 0x0,
    0x0, 0x0, 0x0, 0x0, 0x0, 0x0, 0x0, 0x0,
    0x0, 0x0, 0x0, 0x0, 0x0, 0x0, 0x0, 0x0,
    0x0, 0x0, 0x0, 0x0, 0x0, 0x0, 0x0, 0x0,
    0x1, 0x7c, 0xef, 0xfe, 0xb6, 0x0, 0x0, 0x0,
    0x0, 0x0, 0x8f, 0xff, 0xff, 0xff, 0xff, 0xe6,
    0x0, 0x0, 0x0, 0xc, 0xff, 0xff, 0xff, 0xff,
    0xff, 0xff, 0x90, 0x0, 0x0, 0xbf, 0xff, 0xd5,
    0x10, 0x1, 0x7e, 0xff, 0xf7, 0x0, 0x5, 0xff,
    0xfa, 0x0, 0x0, 0x0, 0x1, 0xcf, 0xff, 0x20,
    0xc, 0xff, 0xd0, 0x0, 0x0, 0x0, 0x0, 0x1f,
    0xff, 0x90, 0x2f, 0xff, 0x40, 0x0, 0x0, 0x0,
    0x0, 0x8, 0xff, 0xe0, 0x6f, 0xff, 0x0, 0x0,
    0x0, 0x0, 0x0, 0x2, 0xff, 0xf3, 0x9f, 0xfb,
    0x0, 0x0, 0x0, 0x0, 0x0, 0x0, 0xef, 0xf5,
    0xaf, 0xf9, 0x0, 0x0, 0x0, 0x0, 0x0, 0x0,
    0xdf, 0xf7, 0xbf, 0xf8, 0x0, 0x0, 0x0, 0x0,
    0x0, 0x0, 0xcf, 0xf7, 0xaf, 0xf9, 0x0, 0x0,
    0x0, 0x0, 0x0, 0x0, 0xdf, 0xf7, 0x9f, 0xfb,
    0x0, 0x0, 0x0, 0x0, 0x0, 0x0, 0xef, 0xf5,
    0x6f, 0xfe, 0x0, 0x0, 0x0, 0x0, 0x0, 0x2,
    0xff, 0xf3, 0x2f, 0xff, 0x40, 0x0, 0x0, 0x0,
    0x0, 0x7, 0xff, 0xf0, 0xd, 0xff, 0xd0, 0x0,
    0x0, 0x0, 0x0, 0x1f, 0xff, 0x90, 0x5, 0xff,
    0xfa, 0x0, 0x0, 0x0, 0x1, 0xcf, 0xff, 0x20,
    0x0, 0xbf, 0xff, 0xd5, 0x10, 0x1, 0x7e, 0xff,
    0xf8, 0x0, 0x0, 0x1c, 0xff, 0xff, 0xff, 0xff,
    0xff, 0xff, 0xa0, 0x0, 0x0, 0x0, 0x9f, 0xff,
    0xff, 0xff, 0xff, 0xf7, 0x0, 0x0, 0x0, 0x0,
    0x2, 0x8c, 0xef, 0xfe, 0xb6, 0x10, 0x0, 0x0,
    0x0, 0x0, 0x0, 0x0, 0x0, 0x0, 0x0, 0x0,
    0x0, 0x0, 0x0, 0x0, 0x0, 0x0, 0x7d, 0xd4,
    0x0, 0x0, 0x0, 0x0, 0x0, 0x0, 0x0, 0x0,
    0x9f, 0xf5, 0x0, 0x0, 0x0, 0x0, 0x0, 0x0,
    0x0, 0x0, 0x9f, 0xf5, 0x0, 0x0, 0x0, 0x0,

    /* U+1ED9 "ộ" */
    0x0, 0x0, 0x6, 0xff, 0xf6, 0x0, 0x0, 0x0,
    0x0, 0x1, 0xef, 0xef, 0xf1, 0x0, 0x0, 0x0,
    0x0, 0x9f, 0xc0, 0xcf, 0xa0, 0x0, 0x0, 0x0,
    0x3f, 0xf2, 0x2, 0xff, 0x40, 0x0, 0x0, 0x3,
    0x53, 0x0, 0x3, 0x53, 0x0, 0x0, 0x0, 0x0,
    0x0, 0x0, 0x0, 0x0, 0x0, 0x0, 0x0, 0x5b,
    0xdf, 0xeb, 0x50, 0x0, 0x0, 0x2, 0xdf, 0xff,
    0xff, 0xff, 0xd2, 0x0, 0x1, 0xef, 0xff, 0xdb,
    0xdf, 0xff, 0xe1, 0x0, 0xbf, 0xfe, 0x30, 0x0,
    0x3e, 0xff, 0xb0, 0x2f, 0xff, 0x40, 0x0, 0x0,
    0x3f, 0xff, 0x27, 0xff, 0xc0, 0x0, 0x0, 0x0,
    0xbf, 0xf8, 0xaf, 0xf8, 0x0, 0x0, 0x0, 0x7,
    0xff, 0xab, 0xff, 0x60, 0x0, 0x0, 0x0, 0x6f,
    0xfc, 0xbf, 0xf6, 0x0, 0x0, 0x0, 0x6, 0xff,
    0xca, 0xff, 0x80, 0x0, 0x0, 0x0, 0x7f, 0xfa,
    0x7f, 0xfc, 0x0, 0x0, 0x0, 0xb, 0xff, 0x82,
    0xff, 0xf4, 0x0, 0x0, 0x3, 0xff, 0xf2, 0xb,
    0xff, 0xe4, 0x0, 0x3, 0xef, 0xfb, 0x0, 0x1e,
    0xff, 0xfd, 0xbd, 0xff, 0xff, 0x10, 0x0, 0x2d,
    0xff, 0xff, 0xff, 0xfd, 0x20, 0x0, 0x0, 0x5,
    0xbe, 0xfe, 0xb6, 0x0, 0x0, 0x0, 0x0, 0x0,
    0x0, 0x0, 0x0, 0x0, 0x0, 0x0, 0x0, 0xc,
    0xdd, 0x0, 0x0, 0x0, 0x0, 0x0, 0x0, 0xef,
    0xf0, 0x0, 0x0, 0x0, 0x0, 0x0, 0xe, 0xff,
    0x0, 0x0, 0x0,

    /* U+1EDA "Ớ" */
    0x0, 0x0, 0x0, 0x0, 0x0, 0xdf, 0xf3, 0x0,
    0x0, 0x0, 0x0, 0x0, 0x0, 0x0, 0x5, 0xff,
    0x90, 0x3, 0x66, 0x0, 0x0, 0x0, 0x0, 0x0,
    0xc, 0xfd, 0x0, 0x6, 0xff, 0x20, 0x0, 0x0,
    0x0, 0x0, 0x4f, 0xf4, 0x0, 0x4, 0xff, 0x40,
    0x0, 0x0, 0x0, 0x0, 0x0, 0x0, 0x0, 0x3,
    0xff, 0x40, 0x0, 0x0, 0x0, 0x0, 0x0, 0x0,
    0x0, 0x8, 0xff, 0x20, 0x0, 0x0, 0x1, 0x7c,
    0xef, 0xfe, 0xef, 0xff, 0xf9, 0x0, 0x0, 0x0,
    0x8f, 0xff, 0xff, 0xff, 0xff, 0xfe, 0x30, 0x0,
    0x0, 0xc, 0xff, 0xff, 0xff, 0xff, 0xff, 0xff,
    0x90, 0x0, 0x0, 0xbf, 0xff, 0xd5, 0x10, 0x1,
    0x7e, 0xff, 0xf7, 0x0, 0x5, 0xff, 0xfa, 0x0,
    0x0, 0x0, 0x1, 0xcf, 0xff, 0x20, 0xc, 0xff,
    0xd0, 0x0, 0x0, 0x0, 0x0, 0x1f, 0xff, 0x90,
    0x2f, 0xff, 0x40, 0x0, 0x0, 0x0, 0x0, 0x8,
    0xff, 0xe0, 0x6f, 0xff, 0x0, 0x0, 0x0, 0x0,
    0x0, 0x2, 0xff, 0xf3, 0x9f, 0xfb, 0x0, 0x0,
    0x0, 0x0, 0x0, 0x0, 0xef, 0xf5, 0xaf, 0xf9,
    0x0, 0x0, 0x0, 0x0, 0x0, 0x0, 0xdf, 0xf7,
    0xbf, 0xf8, 0x0, 0x0, 0x0, 0x0, 0x0, 0x0,
    0xcf, 0xf7, 0xaf, 0xf9, 0x0, 0x0, 0x0, 0x0,
    0x0, 0x0, 0xdf, 0xf7, 0x9f, 0xfb, 0x0, 0x0,
    0x0, 0x0, 0x0, 0x0, 0xef, 0xf5, 0x6f, 0xfe,
    0x0, 0x0, 0x0, 0x0, 0x0, 0x2, 0xff, 0xf3,
    0x2f, 0xff, 0x40, 0x0, 0x0, 0x0, 0x0, 0x7,
    0xff, 0xf0, 0xd, 0xff, 0xd0, 0x0, 0x0, 0x0,
    0x0, 0x1f, 0xff, 0x90, 0x5, 0xff, 0xfa, 0x0,
    0x0, 0x0, 0x1, 0xcf, 0xff, 0x20, 0x0, 0xbf,
    0xff, 0xd5, 0x10, 0x1, 0x7e, 0xff, 0xf8, 0x0,
    0x0, 0x1c, 0xff, 0xff, 0xff, 0xff, 0xff, 0xff,
    0xa0, 0x0, 0x0, 0x0, 0x9f, 0xff, 0xff, 0xff,
    0xff, 0xf7, 0x0, 0x0, 0x0, 0x0, 0x2, 0x8c,
    0xef, 0xfe, 0xb6, 0x10, 0x0, 0x0,

    /* U+1EDB "ớ" */
    0x0, 0x0, 0x0, 0x8, 0xff, 0x80, 0x0, 0x0,
    0x0, 0x0, 0x1, 0xff, 0xd0, 0x5, 0x53, 0x0,
    0x0, 0x0, 0x7f, 0xf4, 0x0, 0xcf, 0xc0, 0x0,
    0x0, 0xe, 0xf9, 0x0, 0xa, 0xfe, 0x0, 0x0,
    0x0, 0x0, 0x0, 0x0, 0x9f, 0xf0, 0x0, 0x0,
    0x0, 0x0, 0x0, 0x1d, 0xfc, 0x0, 0x0, 0x5b,
    0xdf, 0xef, 0xff, 0xff, 0x40, 0x2, 0xdf, 0xff,
    0xff, 0xff, 0xf9, 0x10, 0x1, 0xef, 0xff, 0xdb,
    0xdf, 0xff, 0xe1, 0x0, 0xbf, 0xfe, 0x30, 0x0,
    0x3e, 0xff, 0xb0, 0x2f, 0xff, 0x40, 0x0, 0x0,
    0x3f, 0xff, 0x27, 0xff, 0xc0, 0x0, 0x0, 0x0,
    0xbf, 0xf8, 0xaf, 0xf8, 0x0, 0x0, 0x0, 0x7,
    0xff, 0xab, 0xff, 0x60, 0x0, 0x0, 0x0, 0x6f,
    0xfc, 0xbf, 0xf6, 0x0, 0x0, 0x0, 0x6, 0xff,
    0xca, 0xff, 0x80, 0x0, 0x0, 0x0, 0x7f, 0xfa,
    0x7f, 0xfc, 0x0, 0x0, 0x0, 0xb, 0xff, 0x82,
    0xff, 0xf4, 0x0, 0x0, 0x3, 0xff, 0xf2, 0xb,
    0xff, 0xe4, 0x0, 0x3, 0xef, 0xfb, 0x0, 0x1e,
    0xff, 0xfd, 0xbd, 0xff, 0xff, 0x10, 0x0, 0x2d,
    0xff, 0xff, 0xff, 0xfd, 0x20, 0x0, 0x0, 0x5,
    0xbe, 0xfe, 0xb6, 0x0, 0x0,

    /* U+1EDC "Ờ" */
    0x0, 0x0, 0x0, 0x7f, 0xfa, 0x0, 0x0, 0x0,
    0x0, 0x0, 0x0, 0x0, 0x0, 0xc, 0xff, 0x20,
    0x0, 0x3, 0x66, 0x0, 0x0, 0x0, 0x0, 0x2,
    0xff, 0x90, 0x0, 0x6, 0xff, 0x20, 0x0, 0x0,
    0x0, 0x0, 0x7f, 0xe1, 0x0, 0x4, 0xff, 0x40,
    0x0, 0x0, 0x0, 0x0, 0x0, 0x0, 0x0, 0x3,
    0xff, 0x40, 0x0, 0x0, 0x0, 0x0, 0x0, 0x0,
    0x0, 0x8, 0xff, 0x20, 0x0, 0x0, 0x1, 0x7c,
    0xef, 0xfe, 0xef, 0xff, 0xf9, 0x0, 0x0, 0x0,
    0x8f, 0xff, 0xff, 0xff, 0xff, 0xfe, 0x30, 0x0,
    0x0, 0xc, 0xff, 0xff, 0xff, 0xff, 0xff, 0xff,
    0x90, 0x0, 0x0, 0xbf, 0xff, 0xd5, 0x10, 0x1,
    0x7e, 0xff, 0xf7, 0x0, 0x5, 0xff, 0xfa, 0x0,
    0x0, 0x0, 0x1, 0xcf, 0xff, 0x20, 0xc, 0xff,
    0xd0, 0x0, 0x0, 0x0, 0x0, 0x1f, 0xff, 0x90,
    0x2f, 0xff, 0x40, 0x0, 0x0, 0x0, 0x0, 0x8,
    0xff, 0xe0, 0x6f, 0xff, 0x0, 0x0, 0x0, 0x0,
    0x0, 0x2, 0xff, 0xf3, 0x9f, 0xfb, 0x0, 0x0,
    0x0, 0x0, 0x0, 0x0, 0xef, 0xf5, 0xaf, 0xf9,
    0x0, 0x0, 0x0, 0x0, 0x0, 0x0, 0xdf, 0xf7,
    0xbf, 0xf8, 0x0, 0x0, 0x0, 0x0, 0x0, 0x0,
    0xcf, 0xf7, 0xaf, 0xf9, 0x0, 0x0, 0x0, 0x0,
    0x0, 0x0, 0xdf, 0xf7, 0x9f, 0xfb, 0x0, 0x0,
    0x0, 0x0, 0x0, 0x0, 0xef, 0xf5, 0x6f, 0xfe,
    0x0, 0x0, 0x0, 0x0, 0x0, 0x2, 0xff, 0xf3,
    0x2f, 0xff, 0x40, 0x0, 0x0, 0x0, 0x0, 0x7,
    0xff, 0xf0, 0xd, 0xff, 0xd0, 0x0, 0x0, 0x0,
    0x0, 0x1f, 0xff, 0x90, 0x5, 0xff, 0xfa, 0x0,
    0x0, 0x0, 0x1, 0xcf, 0xff, 0x20, 0x0, 0xbf,
    0xff, 0xd5, 0x10, 0x1, 0x7e, 0xff, 0xf8, 0x0,
    0x0, 0x1c, 0xff, 0xff, 0xff, 0xff, 0xff, 0xff,
    0xa0, 0x0, 0x0, 0x0, 0x9f, 0xff, 0xff, 0xff,
    0xff, 0xf7, 0x0, 0x0, 0x0, 0x0, 0x2, 0x8c,
    0xef, 0xfe, 0xb6, 0x10, 0x0, 0x0,

    /* U+1EDD "ờ" */
    0x0, 0x2, 0xef, 0xd0, 0x0, 0x0, 0x0, 0x0,
    0x0, 0x8, 0xff, 0x60, 0x0, 0x5, 0x53, 0x0,
    0x0, 0xd, 0xfd, 0x0, 0x0, 0xcf, 0xc0, 0x0,
    0x0, 0x3f, 0xf5, 0x0, 0xa, 0xfe, 0x0, 0x0,
    0x0, 0x0, 0x0, 0x0, 0x9f, 0xf0, 0x0, 0x0,
    0x0, 0x0, 0x0, 0x1d, 0xfc, 0x0, 0x0, 0x5b,
    0xdf, 0xef, 0xff, 0xff, 0x40, 0x2, 0xdf, 0xff,
    0xff, 0xff, 0xf9, 0x10, 0x1, 0xef, 0xff, 0xdb,
    0xdf, 0xff, 0xe1, 0x0, 0xbf, 0xfe, 0x30, 0x0,
    0x3e, 0xff, 0xb0, 0x2f, 0xff, 0x40, 0x0, 0x0,
    0x3f, 0xff, 0x27, 0xff, 0xc0, 0x0, 0x0, 0x0,
    0xbf, 0xf8, 0xaf, 0xf8, 0x0, 0x0, 0x0, 0x7,
    0xff, 0xab, 0xff, 0x60, 0x0, 0x0, 0x0, 0x6f,
    0xfc, 0xbf, 0xf6, 0x0, 0x0, 0x0, 0x6, 0xff,
    0xca, 0xff, 0x80, 0x0, 0x0, 0x0, 0x7f, 0xfa,
    0x7f, 0xfc, 0x0, 0x0, 0x0, 0xb, 0xff, 0x82,
    0xff, 0xf4, 0x0, 0x0, 0x3, 0xff, 0xf2, 0xb,
    0xff, 0xe4, 0x0, 0x3, 0xef, 0xfb, 0x0, 0x1e,
    0xff, 0xfd, 0xbd, 0xff, 0xff, 0x10, 0x0, 0x2d,
    0xff, 0xff, 0xff, 0xfd, 0x20, 0x0, 0x0, 0x5,
    0xbe, 0xfe, 0xb6, 0x0, 0x0,

    /* U+1EDE "Ở" */
    0x0, 0x0, 0x0, 0x5, 0xff, 0xd5, 0x0, 0x0,
    0x0, 0x0, 0x0, 0x0, 0x0, 0x6, 0xee, 0xff,
    0x10, 0x0, 0x0, 0x0, 0x0, 0x0, 0x0, 0x0,
    0x0, 0xff, 0x30, 0x4, 0x77, 0x0, 0x0, 0x0,
    0x0, 0x0, 0x0, 0xff, 0x20, 0x6, 0xff, 0x20,
    0x0, 0x0, 0x0, 0x0, 0x7, 0xfa, 0x0, 0x4,
    0xff, 0x40, 0x0, 0x0, 0x0, 0x0, 0x8, 0x81,
    0x0, 0x3, 0xff, 0x40, 0x0, 0x0, 0x0, 0x0,
    0x0, 0x0, 0x0, 0x9, 0xff, 0x20, 0x0, 0x0,
    0x1, 0x7c, 0xef, 0xfe, 0xef, 0xff, 0xf9, 0x0,
    0x0, 0x0, 0x8f, 0xff, 0xff, 0xff, 0xff, 0xfe,
    0x30, 0x0, 0x0, 0xc, 0xff, 0xff, 0xff, 0xff,
    0xff, 0xff, 0x90, 0x0, 0x0, 0xbf, 0xff, 0xd5,
    0x10, 0x1, 0x7e, 0xff, 0xf7, 0x0, 0x5, 0xff,
    0xfa, 0x0, 0x0, 0x0, 0x1, 0xcf, 0xff, 0x20,
    0xc, 0xff, 0xd0, 0x0, 0x0, 0x0, 0x0, 0x1f,
    0xff, 0x90, 0x2f, 0xff, 0x40, 0x0, 0x0, 0x0,
    0x0, 0x8, 0xff, 0xe0, 0x6f, 0xff, 0x0, 0x0,
    0x0, 0x0, 0x0, 0x2, 0xff, 0xf3, 0x9f, 0xfb,
    0x0, 0x0, 0x0, 0x0, 0x0, 0x0, 0xef, 0xf5,
    0xaf, 0xf9, 0x0, 0x0, 0x0, 0x0, 0x0, 0x0,
    0xdf, 0xf7, 0xbf, 0xf8, 0x0, 0x0, 0x0, 0x0,
    0x0, 0x0, 0xcf, 0xf7, 0xaf, 0xf9, 0x0, 0x0,
    0x0, 0x0, 0x0, 0x0, 0xdf, 0xf7, 0x9f, 0xfb,
    0x0, 0x0, 0x0, 0x0, 0x0, 0x0, 0xef, 0xf5,
    0x6f, 0xfe, 0x0, 0x0, 0x0, 0x0, 0x0, 0x2,
    0xff, 0xf3, 0x2f, 0xff, 0x40, 0x0, 0x0, 0x0,
    0x0, 0x7, 0xff, 0xf0, 0xd, 0xff, 0xd0, 0x0,
    0x0, 0x0, 0x0, 0x1f, 0xff, 0x90, 0x5, 0xff,
    0xfa, 0x0, 0x0, 0x0, 0x1, 0xcf, 0xff, 0x20,
    0x0, 0xbf, 0xff, 0xd5, 0x10, 0x1, 0x7e, 0xff,
    0xf8, 0x0, 0x0, 0x1c, 0xff, 0xff, 0xff, 0xff,
    0xff, 0xff, 0xa0, 0x0, 0x0, 0x0, 0x9f, 0xff,
    0xff, 0xff, 0xff, 0xf7, 0x0, 0x0, 0x0, 0x0,
    0x2, 0x8c, 0xef, 0xfe, 0xb6, 0x10, 0x0, 0x0,

    /* U+1EDF "ở" */
    0x0, 0x0, 0x1c, 0xdc, 0x70, 0x0, 0x0, 0x0,
    0x0, 0x1, 0xff, 0xff, 0x50, 0x0, 0x0, 0x0,
    0x0, 0x1, 0xc, 0xf8, 0x0, 0x45, 0x30, 0x0,
    0x0, 0x0, 0xaf, 0x70, 0xc, 0xfc, 0x0, 0x0,
    0x0, 0x2f, 0xe1, 0x0, 0xaf, 0xe0, 0x0, 0x0,
    0x5, 0x83, 0x0, 0x9, 0xff, 0x0, 0x0, 0x0,
    0x0, 0x0, 0x1, 0xdf, 0xc0, 0x0, 0x5, 0xbd,
    0xfe, 0xff, 0xff, 0xf4, 0x0, 0x2d, 0xff, 0xff,
    0xff, 0xff, 0x91, 0x0, 0x1e, 0xff, 0xfd, 0xbd,
    0xff, 0xfe, 0x10, 0xb, 0xff, 0xe3, 0x0, 0x3,
    0xef, 0xfb, 0x2, 0xff, 0xf4, 0x0, 0x0, 0x3,
    0xff, 0xf2, 0x7f, 0xfc, 0x0, 0x0, 0x0, 0xb,
    0xff, 0x8a, 0xff, 0x80, 0x0, 0x0, 0x0, 0x7f,
    0xfa, 0xbf, 0xf6, 0x0, 0x0, 0x0, 0x6, 0xff,
    0xcb, 0xff, 0x60, 0x0, 0x0, 0x0, 0x6f, 0xfc,
    0xaf, 0xf8, 0x0, 0x0, 0x0, 0x7, 0xff, 0xa7,
    0xff, 0xc0, 0x0, 0x0, 0x0, 0xbf, 0xf8, 0x2f,
    0xff, 0x40, 0x0, 0x0, 0x3f, 0xff, 0x20, 0xbf,
    0xfe, 0x40, 0x0, 0x3e, 0xff, 0xb0, 0x1, 0xef,
    0xff, 0xdb, 0xdf, 0xff, 0xf1, 0x0, 0x2, 0xdf,
    0xff, 0xff, 0xff, 0xd2, 0x0, 0x0, 0x0, 0x5b,
    0xef, 0xeb, 0x60, 0x0, 0x0,

    /* U+1EE0 "Ỡ" */
    0x0, 0x0, 0x0, 0x0, 0x0, 0x0, 0x18, 0x40,
    0x0, 0x0, 0x0, 0x0, 0x0, 0x8e, 0xfb, 0x50,
    0x7f, 0x60, 0x0, 0x0, 0x0, 0x0, 0x7, 0xff,
    0xff, 0xff, 0xff, 0x18, 0xff, 0x0, 0x0, 0x0,
    0xb, 0xf2, 0x7, 0xdf, 0xd4, 0x5, 0xff, 0x30,
    0x0, 0x0, 0x0, 0x0, 0x0, 0x0, 0x0, 0x4,
    0xff, 0x40, 0x0, 0x0, 0x0, 0x0, 0x0, 0x0,
    0x0, 0x3, 0xff, 0x40, 0x0, 0x0, 0x0, 0x0,
    0x0, 0x0, 0x0, 0x9, 0xff, 0x10, 0x0, 0x0,
    0x1, 0x7c, 0xef, 0xfe, 0xef, 0xff, 0xf8, 0x0,
    0x0, 0x0, 0x8f, 0xff, 0xff, 0xff, 0xff, 0xfe,
    0x30, 0x0, 0x0, 0xc, 0xff, 0xff, 0xff, 0xff,
    0xff, 0xff, 0x90, 0x0, 0x0, 0xbf, 0xff, 0xd5,
    0x10, 0x1, 0x7e, 0xff, 0xf7, 0x0, 0x5, 0xff,
    0xfa, 0x0, 0x0, 0x0, 0x1, 0xcf, 0xff, 0x20,
    0xc, 0xff, 0xd0, 0x0, 0x0, 0x0, 0x0, 0x1f,
    0xff, 0x90, 0x2f, 0xff, 0x40, 0x0, 0x0, 0x0,
    0x0, 0x8, 0xff, 0xe0, 0x6f, 0xff, 0x0, 0x0,
    0x0, 0x0, 0x0, 0x2, 0xff, 0xf3, 0x9f, 0xfb,
    0x0, 0x0, 0x0, 0x0, 0x0, 0x0, 0xef, 0xf5,
    0xaf, 0xf9, 0x0, 0x0, 0x0, 0x0, 0x0, 0x0,
    0xdf, 0xf7, 0xbf, 0xf8, 0x0, 0x0, 0x0, 0x0,
    0x0, 0x0, 0xcf, 0xf7, 0xaf, 0xf9, 0x0, 0x0,
    0x0, 0x0, 0x0, 0x0, 0xdf, 0xf7, 0x9f, 0xfb,
    0x0, 0x0, 0x0, 0x0, 0x0, 0x0, 0xef, 0xf5,
    0x6f, 0xfe, 0x0, 0x0, 0x0, 0x0, 0x0, 0x2,
    0xff, 0xf3, 0x2f, 0xff, 0x40, 0x0, 0x0, 0x0,
    0x0, 0x7, 0xff, 0xf0, 0xd, 0xff, 0xd0, 0x0,
    0x0, 0x0, 0x0, 0x1f, 0xff, 0x90, 0x5, 0xff,
    0xfa, 0x0, 0x0, 0x0, 0x1, 0xcf, 0xff, 0x20,
    0x0, 0xbf, 0xff, 0xd5, 0x10, 0x1, 0x7e, 0xff,
    0xf8, 0x0, 0x0, 0x1c, 0xff, 0xff, 0xff, 0xff,
    0xff, 0xff, 0xa0, 0x0, 0x0, 0x0, 0x9f, 0xff,
    0xff, 0xff, 0xff, 0xf7, 0x0, 0x0, 0x0, 0x0,
    0x2, 0x8c, 0xef, 0xfe, 0xb6, 0x10, 0x0, 0x0,

    /* U+1EE1 "ỡ" */
    0x0, 0x0, 0x0, 0x0, 0x0, 0xec, 0x0, 0x0,
    0x0, 0x5d, 0xfd, 0x71, 0x4f, 0x90, 0x0, 0x0,
    0x2f, 0xff, 0xff, 0xff, 0xf3, 0xdf, 0xb0, 0x6,
    0xf6, 0x4, 0xbf, 0xe6, 0xa, 0xfe, 0x0, 0x0,
    0x0, 0x0, 0x0, 0x0, 0x9f, 0xf0, 0x0, 0x0,
    0x0, 0x0, 0x0, 0x1d, 0xfc, 0x0, 0x0, 0x5b,
    0xdf, 0xef, 0xff, 0xff, 0x40, 0x2, 0xdf, 0xff,
    0xff, 0xff, 0xf9, 0x10, 0x1, 0xef, 0xff, 0xdb,
    0xdf, 0xff, 0xe1, 0x0, 0xbf, 0xfe, 0x30, 0x0,
    0x3e, 0xff, 0xb0, 0x2f, 0xff, 0x40, 0x0, 0x0,
    0x3f, 0xff, 0x27, 0xff, 0xc0, 0x0, 0x0, 0x0,
    0xbf, 0xf8, 0xaf, 0xf8, 0x0, 0x0, 0x0, 0x7,
    0xff, 0xab, 0xff, 0x60, 0x0, 0x0, 0x0, 0x6f,
    0xfc, 0xbf, 0xf6, 0x0, 0x0, 0x0, 0x6, 0xff,
    0xca, 0xff, 0x80, 0x0, 0x0, 0x0, 0x7f, 0xfa,
    0x7f, 0xfc, 0x0, 0x0, 0x0, 0xb, 0xff, 0x82,
    0xff, 0xf4, 0x0, 0x0, 0x3, 0xff, 0xf2, 0xb,
    0xff, 0xe4, 0x0, 0x3, 0xef, 0xfb, 0x0, 0x1e,
    0xff, 0xfd, 0xbd, 0xff, 0xff, 0x10, 0x0, 0x2d,
    0xff, 0xff, 0xff, 0xfd, 0x20, 0x0, 0x0, 0x5,
    0xbe, 0xfe, 0xb6, 0x0, 0x0,

    /* U+1EE2 "Ợ" */
    0x0, 0x0, 0x0, 0x0, 0x0, 0x0, 0x0, 0x4,
    0x87, 0x0, 0x0, 0x0, 0x0, 0x0, 0x0, 0x0,
    0x0, 0x6, 0xff, 0x20, 0x0, 0x0, 0x0, 0x0,
    0x0, 0x0, 0x0, 0x4, 0xff, 0x40, 0x0, 0x0,
    0x0, 0x0, 0x0, 0x0, 0x0, 0x3, 0xff, 0x40,
    0x0, 0x0, 0x0, 0x0, 0x0, 0x0, 0x0, 0x9,
    0xff, 0x20, 0x0, 0x0, 0x1, 0x7c, 0xef, 0xfe,
    0xef, 0xff, 0xf9, 0x0, 0x0, 0x0, 0x8f, 0xff,
    0xff, 0xff, 0xff, 0xfe, 0x30, 0x0, 0x0, 0xc,
    0xff, 0xff, 0xff, 0xff, 0xff, 0xff, 0x90, 0x0,
    0x0, 0xbf, 0xff, 0xd5, 0x10, 0x1, 0x7e, 0xff,
    0xf7, 0x0, 0x5, 0xff, 0xfa, 0x0, 0x0, 0x0,
    0x1, 0xcf, 0xff, 0x20, 0xc, 0xff, 0xd0, 0x0,
    0x0, 0x0, 0x0, 0x1f, 0xff, 0x90, 0x2f, 0xff,
    0x40, 0x0, 0x0, 0x0, 0x0, 0x8, 0xff, 0xe0,
    0x6f, 0xff, 0x0, 0x0, 0x0, 0x0, 0x0, 0x2,
    0xff, 0xf3, 0x9f, 0xfb, 0x0, 0x0, 0x0, 0x0,
    0x0, 0x0, 0xef, 0xf5, 0xaf, 0xf9, 0x0, 0x0,
    0x0, 0x0, 0x0, 0x0, 0xdf, 0xf7, 0xbf, 0xf8,
    0x0, 0x0, 0x0, 0x0, 0x0, 0x0, 0xcf, 0xf7,
    0xaf, 0xf9, 0x0, 0x0, 0x0, 0x0, 0x0, 0x0,
    0xdf, 0xf7, 0x9f, 0xfb, 0x0, 0x0, 0x0, 0x0,
    0x0, 0x0, 0xef, 0xf5, 0x6f, 0xfe, 0x0, 0x0,
    0x0, 0x0, 0x0, 0x2, 0xff, 0xf3, 0x2f, 0xff,
    0x40, 0x0, 0x0, 0x0, 0x0, 0x7, 0xff, 0xf0,
    0xd, 0xff, 0xd0, 0x0, 0x0, 0x0, 0x0, 0x1f,
    0xff, 0x90, 0x5, 0xff, 0xfa, 0x0, 0x0, 0x0,
    0x1, 0xcf, 0xff, 0x20, 0x0, 0xbf, 0xff, 0xd5,
    0x10, 0x1, 0x7e, 0xff, 0xf8, 0x0, 0x0, 0x1c,
    0xff, 0xff, 0xff, 0xff, 0xff, 0xff, 0xa0, 0x0,
    0x0, 0x0, 0x9f, 0xff, 0xff, 0xff, 0xff, 0xf7,
    0x0, 0x0, 0x0, 0x0, 0x2, 0x8c, 0xef, 0xfe,
    0xb6, 0x10, 0x0, 0x0, 0x0, 0x0, 0x0, 0x0,
    0x0, 0x0, 0x0, 0x0, 0x0, 0x0, 0x0, 0x0,
    0x0, 0x0, 0x7d, 0xd4, 0x0, 0x0, 0x0, 0x0,
    0x0, 0x0, 0x0, 0x0, 0x9f, 0xf5, 0x0, 0x0,
    0x0, 0x0, 0x0, 0x0, 0x0, 0x0, 0x9f, 0xf5,
    0x0, 0x0, 0x0, 0x0,

    /* U+1EE3 "ợ" */
    0x0, 0x0, 0x0, 0x0, 0x0, 0x0, 0x78, 0x50,
    0x0, 0x0, 0x0, 0x0, 0x0, 0xc, 0xfc, 0x0,
    0x0, 0x0, 0x0, 0x0, 0x0, 0xaf, 0xe0, 0x0,
    0x0, 0x0, 0x0, 0x0, 0x9, 0xff, 0x0, 0x0,
    0x0, 0x0, 0x0, 0x1, 0xdf, 0xc0, 0x0, 0x5,
    0xbd, 0xfe, 0xff, 0xff, 0xf3, 0x0, 0x2d, 0xff,
    0xff, 0xff, 0xff, 0x91, 0x0, 0x1e, 0xff, 0xfd,
    0xbd, 0xff, 0xfe, 0x10, 0xb, 0xff, 0xe3, 0x0,
    0x3, 0xef, 0xfb, 0x2, 0xff, 0xf4, 0x0, 0x0,
    0x3, 0xff, 0xf2, 0x7f, 0xfc, 0x0, 0x0, 0x0,
    0xb, 0xff, 0x8a, 0xff, 0x80, 0x0, 0x0, 0x0,
    0x7f, 0xfa, 0xbf, 0xf6, 0x0, 0x0, 0x0, 0x6,
    0xff, 0xcb, 0xff, 0x60, 0x0, 0x0, 0x0, 0x6f,
    0xfc, 0xaf, 0xf8, 0x0, 0x0, 0x0, 0x7, 0xff,
    0xa7, 0xff, 0xc0, 0x0, 0x0, 0x0, 0xbf, 0xf8,
    0x2f, 0xff, 0x40, 0x0, 0x0, 0x3f, 0xff, 0x20,
    0xbf, 0xfe, 0x40, 0x0, 0x3e, 0xff, 0xb0, 0x1,
    0xef, 0xff, 0xdb, 0xdf, 0xff, 0xf1, 0x0, 0x2,
    0xdf, 0xff, 0xff, 0xff, 0xd2, 0x0, 0x0, 0x0,
    0x5b, 0xef, 0xeb, 0x60, 0x0, 0x0, 0x0, 0x0,
    0x0, 0x0, 0x0, 0x0, 0x0, 0x0, 0x0, 0x0,
    0xcd, 0xd0, 0x0, 0x0, 0x0, 0x0, 0x0, 0xe,
    0xff, 0x0, 0x0, 0x0, 0x0, 0x0, 0x0, 0xef,
    0xf0, 0x0, 0x0, 0x0,

    /* U+1EE4 "Ụ" */
    0xff, 0xf3, 0x0, 0x0, 0x0, 0x0, 0x1f, 0xff,
    0x1f, 0xff, 0x30, 0x0, 0x0, 0x0, 0x1, 0xff,
    0xf1, 0xff, 0xf3, 0x0, 0x0, 0x0, 0x0, 0x1f,
    0xff, 0x1f, 0xff, 0x30, 0x0, 0x0, 0x0, 0x1,
    0xff, 0xf1, 0xff, 0xf3, 0x0, 0x0, 0x0, 0x0,
    0x1f, 0xff, 0x1f, 0xff, 0x30, 0x0, 0x0, 0x0,
    0x1, 0xff, 0xf1, 0xff, 0xf3, 0x0, 0x0, 0x0,
    0x0, 0x1f, 0xff, 0x1f, 0xff, 0x30, 0x0, 0x0,
    0x0, 0x1, 0xff, 0xf1, 0xff, 0xf3, 0x0, 0x0,
    0x0, 0x0, 0x1f, 0xff, 0x1f, 0xff, 0x30, 0x0,
    0x0, 0x0, 0x1, 0xff, 0xf1, 0xff, 0xf3, 0x0,
    0x0, 0x0, 0x0, 0x1f, 0xff, 0x1f, 0xff, 0x30,
    0x0, 0x0, 0x0, 0x1, 0xff, 0xf1, 0xff, 0xf3,
    0x0, 0x0, 0x0, 0x0, 0x1f, 0xff, 0x1e, 0xff,
    0x30, 0x0, 0x0, 0x0, 0x1, 0xff, 0xf0, 0xcf,
    0xf5, 0x0, 0x0, 0x0, 0x0, 0x3f, 0xfe, 0xa,
    0xff, 0x90, 0x0, 0x0, 0x0, 0x7, 0xff, 0xc0,
    0x5f, 0xff, 0x30, 0x0, 0x0, 0x2, 0xef, 0xf6,
    0x0, 0xdf, 0xff, 0x71, 0x0, 0x16, 0xef, 0xfe,
    0x10, 0x2, 0xff, 0xff, 0xff, 0xff, 0xff, 0xff,
    0x40, 0x0, 0x2, 0xdf, 0xff, 0xff, 0xff, 0xfe,
    0x30, 0x0, 0x0, 0x0, 0x4a, 0xdf, 0xfd, 0xb5,
    0x0, 0x0, 0x0, 0x0, 0x0, 0x0, 0x0, 0x0,
    0x0, 0x0, 0x0, 0x0, 0x0, 0x0, 0x5d, 0xd7,
    0x0, 0x0, 0x0, 0x0, 0x0, 0x0, 0x6, 0xff,
    0x80, 0x0, 0x0, 0x0, 0x0, 0x0, 0x0, 0x6f,
    0xf8, 0x0, 0x0, 0x0, 0x0,

    /* U+1EE5 "ụ" */
    0xdf, 0xf4, 0x0, 0x0, 0x4, 0xff, 0xdd, 0xff,
    0x40, 0x0, 0x0, 0x4f, 0xfd, 0xdf, 0xf4, 0x0,
    0x0, 0x4, 0xff, 0xdd, 0xff, 0x40, 0x0, 0x0,
    0x4f, 0xfd, 0xdf, 0xf4, 0x0, 0x0, 0x4, 0xff,
    0xdd, 0xff, 0x40, 0x0, 0x0, 0x4f, 0xfd, 0xdf,
    0xf4, 0x0, 0x0, 0x4, 0xff, 0xdd, 0xff, 0x40,
    0x0, 0x0, 0x4f, 0xfd, 0xdf, 0xf4, 0x0, 0x0,
    0x4, 0xff, 0xdd, 0xff, 0x40, 0x0, 0x0, 0x4f,
    0xfd, 0xcf, 0xf5, 0x0, 0x0, 0x6, 0xff, 0xdb,
    0xff, 0x80, 0x0, 0x0, 0xdf, 0xfd, 0x7f, 0xff,
    0x30, 0x0, 0x7f, 0xff, 0xd1, 0xff, 0xff, 0xca,
    0xdf, 0xbf, 0xfd, 0x5, 0xff, 0xff, 0xff, 0xd2,
    0xff, 0xd0, 0x3, 0xbe, 0xfd, 0x81, 0xf, 0xfd,
    0x0, 0x0, 0x0, 0x0, 0x0, 0x0, 0x0, 0x0,
    0x0, 0xdd, 0xb0, 0x0, 0x0, 0x0, 0x0, 0x1f,
    0xfd, 0x0, 0x0, 0x0, 0x0, 0x1, 0xff, 0xd0,
    0x0, 0x0,

    /* U+1EE6 "Ủ" */
    0x0, 0x0, 0x3, 0xef, 0xe8, 0x0, 0x0, 0x0,
    0x0, 0x0, 0x0, 0x3e, 0xef, 0xf4, 0x0, 0x0,
    0x0, 0x0, 0x0, 0x0, 0x0, 0xcf, 0x60, 0x0,
    0x0, 0x0, 0x0, 0x0, 0x0, 0xd, 0xf3, 0x0,
    0x0, 0x0, 0x0, 0x0, 0x0, 0x7, 0xfa, 0x0,
    0x0, 0x0, 0x0, 0x0, 0x0, 0x0, 0x33, 0x0,
    0x0, 0x0, 0x0, 0x0, 0x0, 0x0, 0x0, 0x0,
    0x0, 0x0, 0x0, 0xf, 0xff, 0x30, 0x0, 0x0,
    0x0, 0x1, 0xff, 0xf1, 0xff, 0xf3, 0x0, 0x0,
    0x0, 0x0, 0x1f, 0xff, 0x1f, 0xff, 0x30, 0x0,
    0x0, 0x0, 0x1, 0xff, 0xf1, 0xff, 0xf3, 0x0,
    0x0, 0x0, 0x0, 0x1f, 0xff, 0x1f, 0xff, 0x30,
    0x0, 0x0, 0x0, 0x1, 0xff, 0xf1, 0xff, 0xf3,
    0x0, 0x0, 0x0, 0x0, 0x1f, 0xff, 0x1f, 0xff,
    0x30, 0x0, 0x0, 0x0, 0x1, 0xff, 0xf1, 0xff,
    0xf3, 0x0, 0x0, 0x0, 0x0, 0x1f, 0xff, 0x1f,
    0xff, 0x30, 0x0, 0x0, 0x0, 0x1, 0xff, 0xf1,
    0xff, 0xf3, 0x0, 0x0, 0x0, 0x0, 0x1f, 0xff,
    0x1f, 0xff, 0x30, 0x0, 0x0, 0x0, 0x1, 0xff,
    0xf1, 0xff, 0xf3, 0x0, 0x0, 0x0, 0x0, 0x1f,
    0xff, 0x1f, 0xff, 0x30, 0x0, 0x0, 0x0, 0x1,
    0xff, 0xf1, 0xef, 0xf3, 0x0, 0x0, 0x0, 0x0,
    0x1f, 0xff, 0xc, 0xff, 0x50, 0x0, 0x0, 0x0,
    0x3, 0xff, 0xe0, 0xaf, 0xf9, 0x0, 0x0, 0x0,
    0x0, 0x7f, 0xfc, 0x5, 0xff, 0xf3, 0x0, 0x0,
    0x0, 0x2e, 0xff, 0x60, 0xd, 0xff, 0xf7, 0x10,
    0x1, 0x6e, 0xff, 0xe1, 0x0, 0x2f, 0xff, 0xff,
    0xff, 0xff, 0xff, 0xf4, 0x0, 0x0, 0x2d, 0xff,
    0xff, 0xff, 0xff, 0xe3, 0x0, 0x0, 0x0, 0x4,
    0xad, 0xff, 0xdb, 0x50, 0x0, 0x0,

    /* U+1EE7 "ủ" */
    0x0, 0x0, 0xad, 0xc9, 0x10, 0x0, 0x0, 0x0,
    0xe, 0xff, 0xf9, 0x0, 0x0, 0x0, 0x0, 0x20,
    0x8f, 0xc0, 0x0, 0x0, 0x0, 0x0, 0x7, 0xf9,
    0x0, 0x0, 0x0, 0x0, 0x1, 0xee, 0x10, 0x0,
    0x0, 0x0, 0x0, 0x24, 0x20, 0x0, 0x0, 0x0,
    0x0, 0x0, 0x0, 0x0, 0x0, 0xd, 0xff, 0x40,
    0x0, 0x0, 0x4f, 0xfd, 0xdf, 0xf4, 0x0, 0x0,
    0x4, 0xff, 0xdd, 0xff, 0x40, 0x0, 0x0, 0x4f,
    0xfd, 0xdf, 0xf4, 0x0, 0x0, 0x4, 0xff, 0xdd,
    0xff, 0x40, 0x0, 0x0, 0x4f, 0xfd, 0xdf, 0xf4,
    0x0, 0x0, 0x4, 0xff, 0xdd, 0xff, 0x40, 0x0,
    0x0, 0x4f, 0xfd, 0xdf, 0xf4, 0x0, 0x0, 0x4,
    0xff, 0xdd, 0xff, 0x40, 0x0, 0x0, 0x4f, 0xfd,
    0xdf, 0xf4, 0x0, 0x0, 0x4, 0xff, 0xdc, 0xff,
    0x50, 0x0, 0x0, 0x6f, 0xfd, 0xbf, 0xf8, 0x0,
    0x0, 0xd, 0xff, 0xd7, 0xff, 0xf3, 0x0, 0x7,
    0xff, 0xfd, 0x1f, 0xff, 0xfc, 0xad, 0xfb, 0xff,
    0xd0, 0x5f, 0xff, 0xff, 0xfd, 0x2f, 0xfd, 0x0,
    0x3b, 0xef, 0xd8, 0x10, 0xff, 0xd0,

    /* U+1EE8 "Ứ" */
    0x0, 0x0, 0x0, 0x0, 0xbf, 0xf6, 0x0, 0x0,
    0x0, 0x0, 0x0, 0x0, 0x0, 0x2f, 0xfc, 0x0,
    0x0, 0x16, 0x62, 0x0, 0x0, 0x0, 0xa, 0xff,
    0x20, 0x0, 0x0, 0xff, 0x80, 0x0, 0x0, 0x1,
    0xef, 0x60, 0x0, 0x0, 0xe, 0xfa, 0x0, 0x0,
    0x0, 0x0, 0x0, 0x0, 0x0, 0x0, 0xdf, 0xb0,
    0x0, 0x0, 0x0, 0x0, 0x0, 0x0, 0x0, 0x3f,
    0xf8, 0xff, 0xf3, 0x0, 0x0, 0x0, 0x0, 0x1f,
    0xff, 0xfe, 0x1f, 0xff, 0x30, 0x0, 0x0, 0x0,
    0x1, 0xff, 0xf6, 0x0, 0xff, 0xf3, 0x0, 0x0,
    0x0, 0x0, 0x1f, 0xff, 0x10, 0xf, 0xff, 0x30,
    0x0, 0x0, 0x0, 0x1, 0xff, 0xf1, 0x0, 0xff,
    0xf3, 0x0, 0x0, 0x0, 0x0, 0x1f, 0xff, 0x10,
    0xf, 0xff, 0x30, 0x0, 0x0, 0x0, 0x1, 0xff,
    0xf1, 0x0, 0xff, 0xf3, 0x0, 0x0, 0x0, 0x0,
    0x1f, 0xff, 0x10, 0xf, 0xff, 0x30, 0x0, 0x0,
    0x0, 0x1, 0xff, 0xf1, 0x0, 0xff, 0xf3, 0x0,
    0x0, 0x0, 0x0, 0x1f, 0xff, 0x10, 0xf, 0xff,
    0x30, 0x0, 0x0, 0x0, 0x1, 0xff, 0xf1, 0x0,
    0xff, 0xf3, 0x0, 0x0, 0x0, 0x0, 0x1f, 0xff,
    0x10, 0xf, 0xff, 0x30, 0x0, 0x0, 0x0, 0x1,
    0xff, 0xf1, 0x0, 0xff, 0xf3, 0x0, 0x0, 0x0,
    0x0, 0x1f, 0xff, 0x10, 0xe, 0xff, 0x30, 0x0,
    0x0, 0x0, 0x1, 0xff, 0xf0, 0x0, 0xcf, 0xf5,
    0x0, 0x0, 0x0, 0x0, 0x3f, 0xfe, 0x0, 0xa,
    0xff, 0x90, 0x0, 0x0, 0x0, 0x7, 0xff, 0xc0,
    0x0, 0x5f, 0xff, 0x30, 0x0, 0x0, 0x2, 0xef,
    0xf6, 0x0, 0x0, 0xdf, 0xff, 0x71, 0x0, 0x16,
    0xef, 0xfe, 0x10, 0x0, 0x2, 0xff, 0xff, 0xff,
    0xff, 0xff, 0xff, 0x40, 0x0, 0x0, 0x2, 0xdf,
    0xff, 0xff, 0xff, 0xfe, 0x30, 0x0, 0x0, 0x0,
    0x0, 0x4a, 0xdf, 0xfd, 0xb5, 0x0, 0x0, 0x0,
    0x0,

    /* U+1EE9 "ứ" */
    0x0, 0x0, 0x0, 0x6f, 0xfa, 0x0, 0x0, 0x0,
    0x0, 0x0, 0x0, 0xdf, 0xf2, 0x0, 0x25, 0x50,
    0x0, 0x0, 0x5, 0xff, 0x60, 0x0, 0x5f, 0xf4,
    0x0, 0x0, 0xc, 0xfb, 0x0, 0x0, 0x3f, 0xf6,
    0x0, 0x0, 0x0, 0x0, 0x0, 0x0, 0x1f, 0xf6,
    0x0, 0x0, 0x0, 0x0, 0x0, 0x0, 0x7f, 0xf4,
    0xdf, 0xf4, 0x0, 0x0, 0x5, 0xff, 0xff, 0xb0,
    0xdf, 0xf4, 0x0, 0x0, 0x4, 0xff, 0xf4, 0x0,
    0xdf, 0xf4, 0x0, 0x0, 0x4, 0xff, 0xd0, 0x0,
    0xdf, 0xf4, 0x0, 0x0, 0x4, 0xff, 0xd0, 0x0,
    0xdf, 0xf4, 0x0, 0x0, 0x4, 0xff, 0xd0, 0x0,
    0xdf, 0xf4, 0x0, 0x0, 0x4, 0xff, 0xd0, 0x0,
    0xdf, 0xf4, 0x0, 0x0, 0x4, 0xff, 0xd0, 0x0,
    0xdf, 0xf4, 0x0, 0x0, 0x4, 0xff, 0xd0, 0x0,
    0xdf, 0xf4, 0x0, 0x0, 0x4, 0xff, 0xd0, 0x0,
    0xdf, 0xf4, 0x0, 0x0, 0x4, 0xff, 0xd0, 0x0,
    0xcf, 0xf5, 0x0, 0x0, 0x6, 0xff, 0xd0, 0x0,
    0xbf, 0xf8, 0x0, 0x0, 0xd, 0xff, 0xd0, 0x0,
    0x7f, 0xff, 0x30, 0x0, 0x7f, 0xff, 0xd0, 0x0,
    0x1f, 0xff, 0xfc, 0xad, 0xfb, 0xff, 0xd0, 0x0,
    0x5, 0xff, 0xff, 0xff, 0xd2, 0xff, 0xd0, 0x0,
    0x0, 0x3b, 0xef, 0xd8, 0x10, 0xff, 0xd0, 0x0,

    /* U+1EEA "Ừ" */
    0x0, 0x0, 0x4f, 0xfd, 0x0, 0x0, 0x0, 0x0,
    0x0, 0x0, 0x0, 0x0, 0x9f, 0xf5, 0x0, 0x0,
    0x0, 0x16, 0x62, 0x0, 0x0, 0x0, 0xef, 0xc0,
    0x0, 0x0, 0x0, 0xff, 0x80, 0x0, 0x0, 0x4,
    0xff, 0x30, 0x0, 0x0, 0xe, 0xfa, 0x0, 0x0,
    0x0, 0x0, 0x0, 0x0, 0x0, 0x0, 0xdf, 0xb0,
    0x0, 0x0, 0x0, 0x0, 0x0, 0x0, 0x0, 0x3f,
    0xf8, 0xff, 0xf3, 0x0, 0x0, 0x0, 0x0, 0x1f,
    0xff, 0xfe, 0x1f, 0xff, 0x30, 0x0, 0x0, 0x0,
    0x1, 0xff, 0xf6, 0x0, 0xff, 0xf3, 0x0, 0x0,
    0x0, 0x0, 0x1f, 0xff, 0x10, 0xf, 0xff, 0x30,
    0x0, 0x0, 0x0, 0x1, 0xff, 0xf1, 0x0, 0xff,
    0xf3, 0x0, 0x0, 0x0, 0x0, 0x1f, 0xff, 0x10,
    0xf, 0xff, 0x30, 0x0, 0x0, 0x0, 0x1, 0xff,
    0xf1, 0x0, 0xff, 0xf3, 0x0, 0x0, 0x0, 0x0,
    0x1f, 0xff, 0x10, 0xf, 0xff, 0x30, 0x0, 0x0,
    0x0, 0x1, 0xff, 0xf1, 0x0, 0xff, 0xf3, 0x0,
    0x0, 0x0, 0x0, 0x1f, 0xff, 0x10, 0xf, 0xff,
    0x30, 0x0, 0x0, 0x0, 0x1, 0xff, 0xf1, 0x0,
    0xff, 0xf3, 0x0, 0x0, 0x0, 0x0, 0x1f, 0xff,
    0x10, 0xf, 0xff, 0x30, 0x0, 0x0, 0x0, 0x1,
    0xff, 0xf1, 0x0, 0xff, 0xf3, 0x0, 0x0, 0x0,
    0x0, 0x1f, 0xff, 0x10, 0xe, 0xff, 0x30, 0x0,
    0x0, 0x0, 0x1, 0xff, 0xf0, 0x0, 0xcf, 0xf5,
    0x0, 0x0, 0x0, 0x0, 0x3f, 0xfe, 0x0, 0xa,
    0xff, 0x90, 0x0, 0x0, 0x0, 0x7, 0xff, 0xc0,
    0x0, 0x5f, 0xff, 0x30, 0x0, 0x0, 0x2, 0xef,
    0xf6, 0x0, 0x0, 0xdf, 0xff, 0x71, 0x0, 0x16,
    0xef, 0xfe, 0x10, 0x0, 0x2, 0xff, 0xff, 0xff,
    0xff, 0xff, 0xff, 0x40, 0x0, 0x0, 0x2, 0xdf,
    0xff, 0xff, 0xff, 0xfe, 0x30, 0x0, 0x0, 0x0,
    0x0, 0x4a, 0xdf, 0xfd, 0xb5, 0x0, 0x0, 0x0,
    0x0,

    /* U+1EEB "ừ" */
    0x0, 0x1d, 0xfe, 0x20, 0x0, 0x0, 0x0, 0x0,
    0x0, 0x5, 0xff, 0x90, 0x0, 0x0, 0x25, 0x50,
    0x0, 0x0, 0xaf, 0xf1, 0x0, 0x0, 0x5f, 0xf4,
    0x0, 0x0, 0x1e, 0xf8, 0x0, 0x0, 0x3f, 0xf6,
    0x0, 0x0, 0x0, 0x0, 0x0, 0x0, 0x1f, 0xf6,
    0x0, 0x0, 0x0, 0x0, 0x0, 0x0, 0x7f, 0xf4,
    0xdf, 0xf4, 0x0, 0x0, 0x5, 0xff, 0xff, 0xb0,
    0xdf, 0xf4, 0x0, 0x0, 0x4, 0xff, 0xf4, 0x0,
    0xdf, 0xf4, 0x0, 0x0, 0x4, 0xff, 0xd0, 0x0,
    0xdf, 0xf4, 0x0, 0x0, 0x4, 0xff, 0xd0, 0x0,
    0xdf, 0xf4, 0x0, 0x0, 0x4, 0xff, 0xd0, 0x0,
    0xdf, 0xf4, 0x0, 0x0, 0x4, 0xff, 0xd0, 0x0,
    0xdf, 0xf4, 0x0, 0x0, 0x4, 0xff, 0xd0, 0x0,
    0xdf, 0xf4, 0x0, 0x0, 0x4, 0xff, 0xd0, 0x0,
    0xdf, 0xf4, 0x0, 0x0, 0x4, 0xff, 0xd0, 0x0,
    0xdf, 0xf4, 0x0, 0x0, 0x4, 0xff, 0xd0, 0x0,
    0xcf, 0xf5, 0x0, 0x0, 0x6, 0xff, 0xd0, 0x0,
    0xbf, 0xf8, 0x0, 0x0, 0xd, 0xff, 0xd0, 0x0,
    0x7f, 0xff, 0x30, 0x0, 0x7f, 0xff, 0xd0, 0x0,
    0x1f, 0xff, 0xfc, 0xad, 0xfb, 0xff, 0xd0, 0x0,
    0x5, 0xff, 0xff, 0xff, 0xd2, 0xff, 0xd0, 0x0,
    0x0, 0x3b, 0xef, 0xd8, 0x10, 0xff, 0xd0, 0x0,

    /* U+1EEC "Ử" */
    0x0, 0x0, 0x3, 0xef, 0xe8, 0x0, 0x0, 0x0,
    0x0, 0x0, 0x0, 0x0, 0x3e, 0xef, 0xf4, 0x0,
    0x0, 0x0, 0x0, 0x0, 0x0, 0x0, 0x0, 0xcf,
    0x60, 0x0, 0x1, 0x88, 0x30, 0x0, 0x0, 0x0,
    0xd, 0xf3, 0x0, 0x0, 0xf, 0xf8, 0x0, 0x0,
    0x0, 0x7, 0xfa, 0x0, 0x0, 0x0, 0xef, 0xa0,
    0x0, 0x0, 0x0, 0x33, 0x0, 0x0, 0x0, 0xd,
    0xfa, 0x0, 0x0, 0x0, 0x0, 0x0, 0x0, 0x0,
    0x3, 0xff, 0x8f, 0xff, 0x30, 0x0, 0x0, 0x0,
    0x1, 0xff, 0xff, 0xd1, 0xff, 0xf3, 0x0, 0x0,
    0x0, 0x0, 0x1f, 0xff, 0x60, 0xf, 0xff, 0x30,
    0x0, 0x0, 0x0, 0x1, 0xff, 0xf1, 0x0, 0xff,
    0xf3, 0x0, 0x0, 0x0, 0x0, 0x1f, 0xff, 0x10,
    0xf, 0xff, 0x30, 0x0, 0x0, 0x0, 0x1, 0xff,
    0xf1, 0x0, 0xff, 0xf3, 0x0, 0x0, 0x0, 0x0,
    0x1f, 0xff, 0x10, 0xf, 0xff, 0x30, 0x0, 0x0,
    0x0, 0x1, 0xff, 0xf1, 0x0, 0xff, 0xf3, 0x0,
    0x0, 0x0, 0x0, 0x1f, 0xff, 0x10, 0xf, 0xff,
    0x30, 0x0, 0x0, 0x0, 0x1, 0xff, 0xf1, 0x0,
    0xff, 0xf3, 0x0, 0x0, 0x0, 0x0, 0x1f, 0xff,
    0x10, 0xf, 0xff, 0x30, 0x0, 0x0, 0x0, 0x1,
    0xff, 0xf1, 0x0, 0xff, 0xf3, 0x0, 0x0, 0x0,
    0x0, 0x1f, 0xff, 0x10, 0xf, 0xff, 0x30, 0x0,
    0x0, 0x0, 0x1, 0xff, 0xf1, 0x0, 0xef, 0xf3,
    0x0, 0x0, 0x0, 0x0, 0x1f, 0xff, 0x0, 0xc,
    0xff, 0x50, 0x0, 0x0, 0x0, 0x3, 0xff, 0xe0,
    0x0, 0xaf, 0xf9, 0x0, 0x0, 0x0, 0x0, 0x7f,
    0xfc, 0x0, 0x5, 0xff, 0xf3, 0x0, 0x0, 0x0,
    0x2e, 0xff, 0x60, 0x0, 0xd, 0xff, 0xf7, 0x10,
    0x1, 0x6e, 0xff, 0xe1, 0x0, 0x0, 0x2f, 0xff,
    0xff, 0xff, 0xff, 0xff, 0xf4, 0x0, 0x0, 0x0,
    0x2d, 0xff, 0xff, 0xff, 0xff, 0xe3, 0x0, 0x0,
    0x0, 0x0, 0x4, 0xad, 0xff, 0xdb, 0x50, 0x0,
    0x0, 0x0,

    /* U+1EED "ử" */
    0x0, 0x0, 0xbd, 0xc8, 0x0, 0x0, 0x0, 0x0,
    0x0, 0x0, 0xff, 0xff, 0x80, 0x0, 0x0, 0x0,
    0x0, 0x0, 0x20, 0x9f, 0xb0, 0x0, 0x26, 0x60,
    0x0, 0x0, 0x0, 0x8f, 0x90, 0x0, 0x5f, 0xf4,
    0x0, 0x0, 0x2, 0xfe, 0x10, 0x0, 0x2f, 0xf6,
    0x0, 0x0, 0x2, 0x41, 0x0, 0x0, 0x1f, 0xf6,
    0x0, 0x0, 0x0, 0x0, 0x0, 0x0, 0x7f, 0xf3,
    0xdf, 0xf4, 0x0, 0x0, 0x5, 0xff, 0xff, 0xa0,
    0xdf, 0xf4, 0x0, 0x0, 0x4, 0xff, 0xf4, 0x0,
    0xdf, 0xf4, 0x0, 0x0, 0x4, 0xff, 0xd0, 0x0,
    0xdf, 0xf4, 0x0, 0x0, 0x4, 0xff, 0xd0, 0x0,
    0xdf, 0xf4, 0x0, 0x0, 0x4, 0xff, 0xd0, 0x0,
    0xdf, 0xf4, 0x0, 0x0, 0x4, 0xff, 0xd0, 0x0,
    0xdf, 0xf4, 0x0, 0x0, 0x4, 0xff, 0xd0, 0x0,
    0xdf, 0xf4, 0x0, 0x0, 0x4, 0xff, 0xd0, 0x0,
    0xdf, 0xf4, 0x0, 0x0, 0x4, 0xff, 0xd0, 0x0,
    0xdf, 0xf4, 0x0, 0x0, 0x4, 0xff, 0xd0, 0x0,
    0xcf, 0xf5, 0x0, 0x0, 0x6, 0xff, 0xd0, 0x0,
    0xbf, 0xf8, 0x0, 0x0, 0xd, 0xff, 0xd0, 0x0,
    0x7f, 0xff, 0x30, 0x0, 0x7f, 0xff, 0xd0, 0x0,
    0x1f, 0xff, 0xfc, 0xad, 0xfb, 0xff, 0xd0, 0x0,
    0x5, 0xff, 0xff, 0xff, 0xd2, 0xff, 0xd0, 0x0,
    0x0, 0x3b, 0xef, 0xd8, 0x10, 0xff, 0xd0, 0x0,

    /* U+1EEE "Ữ" */
    0x0, 0x0, 0x0, 0x0, 0x0, 0x7, 0x50, 0x0,
    0x0, 0x0, 0x0, 0x6, 0xdf, 0xc6, 0x14, 0xf9,
    0x0, 0x0, 0x0, 0x0, 0x4, 0xff, 0xff, 0xff,
    0xff, 0x30, 0x1, 0xff, 0x70, 0x0, 0x8f, 0x50,
    0x5c, 0xfe, 0x60, 0x0, 0xf, 0xf9, 0x0, 0x0,
    0x0, 0x0, 0x0, 0x0, 0x0, 0x0, 0xef, 0xb0,
    0x0, 0x0, 0x0, 0x0, 0x0, 0x0, 0x0, 0xd,
    0xfb, 0x0, 0x0, 0x0, 0x0, 0x0, 0x0, 0x0,
    0x4, 0xff, 0x8f, 0xff, 0x30, 0x0, 0x0, 0x0,
    0x1, 0xff, 0xff, 0xd1, 0xff, 0xf3, 0x0, 0x0,
    0x0, 0x0, 0x1f, 0xff, 0x60, 0xf, 0xff, 0x30,
    0x0, 0x0, 0x0, 0x1, 0xff, 0xf1, 0x0, 0xff,
    0xf3, 0x0, 0x0, 0x0, 0x0, 0x1f, 0xff, 0x10,
    0xf, 0xff, 0x30, 0x0, 0x0, 0x0, 0x1, 0xff,
    0xf1, 0x0, 0xff, 0xf3, 0x0, 0x0, 0x0, 0x0,
    0x1f, 0xff, 0x10, 0xf, 0xff, 0x30, 0x0, 0x0,
    0x0, 0x1, 0xff, 0xf1, 0x0, 0xff, 0xf3, 0x0,
    0x0, 0x0, 0x0, 0x1f, 0xff, 0x10, 0xf, 0xff,
    0x30, 0x0, 0x0, 0x0, 0x1, 0xff, 0xf1, 0x0,
    0xff, 0xf3, 0x0, 0x0, 0x0, 0x0, 0x1f, 0xff,
    0x10, 0xf, 0xff, 0x30, 0x0, 0x0, 0x0, 0x1,
    0xff, 0xf1, 0x0, 0xff, 0xf3, 0x0, 0x0, 0x0,
    0x0, 0x1f, 0xff, 0x10, 0xf, 0xff, 0x30, 0x0,
    0x0, 0x0, 0x1, 0xff, 0xf1, 0x0, 0xef, 0xf3,
    0x0, 0x0, 0x0, 0x0, 0x1f, 0xff, 0x0, 0xc,
    0xff, 0x50, 0x0, 0x0, 0x0, 0x3, 0xff, 0xe0,
    0x0, 0xaf, 0xf9, 0x0, 0x0, 0x0, 0x0, 0x7f,
    0xfc, 0x0, 0x5, 0xff, 0xf3, 0x0, 0x0, 0x0,
    0x2e, 0xff, 0x60, 0x0, 0xd, 0xff, 0xf7, 0x10,
    0x1, 0x6e, 0xff, 0xe1, 0x0, 0x0, 0x2f, 0xff,
    0xff, 0xff, 0xff, 0xff, 0xf4, 0x0, 0x0, 0x0,
    0x2d, 0xff, 0xff, 0xff, 0xff, 0xe3, 0x0, 0x0,
    0x0, 0x0, 0x4, 0xad, 0xff, 0xdb, 0x50, 0x0,
    0x0, 0x0,

    /* U+1EEF "ữ" */
    0x0, 0x0, 0x0, 0x0, 0xc, 0xf0, 0x0, 0x0,
    0x0, 0x3c, 0xfd, 0x92, 0x2f, 0xc0, 0x0, 0x0,
    0x0, 0xef, 0xff, 0xff, 0xff, 0x60, 0x6f, 0xf3,
    0x4, 0xf9, 0x3, 0xae, 0xf8, 0x0, 0x3f, 0xf5,
    0x0, 0x0, 0x0, 0x0, 0x0, 0x0, 0x2f, 0xf6,
    0x0, 0x0, 0x0, 0x0, 0x0, 0x0, 0x6f, 0xf4,
    0xdf, 0xf4, 0x0, 0x0, 0x5, 0xff, 0xff, 0xb0,
    0xdf, 0xf4, 0x0, 0x0, 0x4, 0xff, 0xf4, 0x0,
    0xdf, 0xf4, 0x0, 0x0, 0x4, 0xff, 0xd0, 0x0,
    0xdf, 0xf4, 0x0, 0x0, 0x4, 0xff, 0xd0, 0x0,
    0xdf, 0xf4, 0x0, 0x0, 0x4, 0xff, 0xd0, 0x0,
    0xdf, 0xf4, 0x0, 0x0, 0x4, 0xff, 0xd0, 0x0,
    0xdf, 0xf4, 0x0, 0x0, 0x4, 0xff, 0xd0, 0x0,
    0xdf, 0xf4, 0x0, 0x0, 0x4, 0xff, 0xd0, 0x0,
    0xdf, 0xf4, 0x0, 0x0, 0x4, 0xff, 0xd0, 0x0,
    0xdf, 0xf4, 0x0, 0x0, 0x4, 0xff, 0xd0, 0x0,
    0xcf, 0xf5, 0x0, 0x0, 0x6, 0xff, 0xd0, 0x0,
    0xbf, 0xf8, 0x0, 0x0, 0xd, 0xff, 0xd0, 0x0,
    0x7f, 0xff, 0x30, 0x0, 0x7f, 0xff, 0xd0, 0x0,
    0x1f, 0xff, 0xfc, 0xad, 0xfb, 0xff, 0xd0, 0x0,
    0x5, 0xff, 0xff, 0xff, 0xd2, 0xff, 0xd0, 0x0,
    0x0, 0x3b, 0xef, 0xd8, 0x10, 0xff, 0xd0, 0x0,

    /* U+1EF0 "Ự" */
    0x0, 0x0, 0x0, 0x0, 0x0, 0x0, 0x0, 0x1,
    0x88, 0x30, 0x0, 0x0, 0x0, 0x0, 0x0, 0x0,
    0x0, 0xf, 0xf8, 0x0, 0x0, 0x0, 0x0, 0x0,
    0x0, 0x0, 0x0, 0xef, 0xa0, 0x0, 0x0, 0x0,
    0x0, 0x0, 0x0, 0x0, 0xd, 0xfb, 0x0, 0x0,
    0x0, 0x0, 0x0, 0x0, 0x0, 0x3, 0xff, 0x8f,
    0xff, 0x30, 0x0, 0x0, 0x0, 0x1, 0xff, 0xff,
    0xe1, 0xff, 0xf3, 0x0, 0x0, 0x0, 0x0, 0x1f,
    0xff, 0x60, 0xf, 0xff, 0x30, 0x0, 0x0, 0x0,
    0x1, 0xff, 0xf1, 0x0, 0xff, 0xf3, 0x0, 0x0,
    0x0, 0x0, 0x1f, 0xff, 0x10, 0xf, 0xff, 0x30,
    0x0, 0x0, 0x0, 0x1, 0xff, 0xf1, 0x0, 0xff,
    0xf3, 0x0, 0x0, 0x0, 0x0, 0x1f, 0xff, 0x10,
    0xf, 0xff, 0x30, 0x0, 0x0, 0x0, 0x1, 0xff,
    0xf1, 0x0, 0xff, 0xf3, 0x0, 0x0, 0x0, 0x0,
    0x1f, 0xff, 0x10, 0xf, 0xff, 0x30, 0x0, 0x0,
    0x0, 0x1, 0xff, 0xf1, 0x0, 0xff, 0xf3, 0x0,
    0x0, 0x0, 0x0, 0x1f, 0xff, 0x10, 0xf, 0xff,
    0x30, 0x0, 0x0, 0x0, 0x1, 0xff, 0xf1, 0x0,
    0xff, 0xf3, 0x0, 0x0, 0x0, 0x0, 0x1f, 0xff,
    0x10, 0xf, 0xff, 0x30, 0x0, 0x0, 0x0, 0x1,
    0xff, 0xf1, 0x0, 0xef, 0xf3, 0x0, 0x0, 0x0,
    0x0, 0x1f, 0xff, 0x0, 0xc, 0xff, 0x50, 0x0,
    0x0, 0x0, 0x3, 0xff, 0xe0, 0x0, 0xaf, 0xf9,
    0x0, 0x0, 0x0, 0x0, 0x7f, 0xfc, 0x0, 0x5,
    0xff, 0xf3, 0x0, 0x0, 0x0, 0x2e, 0xff, 0x60,
    0x0, 0xd, 0xff, 0xf7, 0x10, 0x1, 0x6e, 0xff,
    0xe1, 0x0, 0x0, 0x2f, 0xff, 0xff, 0xff, 0xff,
    0xff, 0xf4, 0x0, 0x0, 0x0, 0x2d, 0xff, 0xff,
    0xff, 0xff, 0xe3, 0x0, 0x0, 0x0, 0x0, 0x4,
    0xad, 0xff, 0xdb, 0x50, 0x0, 0x0, 0x0, 0x0,
    0x0, 0x0, 0x0, 0x0, 0x0, 0x0, 0x0, 0x0,
    0x0, 0x0, 0x0, 0x5, 0xdd, 0x70, 0x0, 0x0,
    0x0, 0x0, 0x0, 0x0, 0x0, 0x6f, 0xf8, 0x0,
    0x0, 0x0, 0x0, 0x0, 0x0, 0x0, 0x6, 0xff,
    0x80, 0x0, 0x0, 0x0, 0x0,

    /* U+1EF1 "ự" */
    0x0, 0x0, 0x0, 0x0, 0x0, 0x0, 0x38, 0x80,
    0x0, 0x0, 0x0, 0x0, 0x0, 0x0, 0x4f, 0xf4,
    0x0, 0x0, 0x0, 0x0, 0x0, 0x0, 0x2f, 0xf6,
    0x0, 0x0, 0x0, 0x0, 0x0, 0x0, 0x2f, 0xf6,
    0x0, 0x0, 0x0, 0x0, 0x0, 0x0, 0x7f, 0xf3,
    0xdf, 0xf4, 0x0, 0x0, 0x5, 0xff, 0xff, 0xa0,
    0xdf, 0xf4, 0x0, 0x0, 0x4, 0xff, 0xf4, 0x0,
    0xdf, 0xf4, 0x0, 0x0, 0x4, 0xff, 0xd0, 0x0,
    0xdf, 0xf4, 0x0, 0x0, 0x4, 0xff, 0xd0, 0x0,
    0xdf, 0xf4, 0x0, 0x0, 0x4, 0xff, 0xd0, 0x0,
    0xdf, 0xf4, 0x0, 0x0, 0x4, 0xff, 0xd0, 0x0,
    0xdf, 0xf4, 0x0, 0x0, 0x4, 0xff, 0xd0, 0x0,
    0xdf, 0xf4, 0x0, 0x0, 0x4, 0xff, 0xd0, 0x0,
    0xdf, 0xf4, 0x0, 0x0, 0x4, 0xff, 0xd0, 0x0,
    0xdf, 0xf4, 0x0, 0x0, 0x4, 0xff, 0xd0, 0x0,
    0xcf, 0xf5, 0x0, 0x0, 0x6, 0xff, 0xd0, 0x0,
    0xbf, 0xf8, 0x0, 0x0, 0xd, 0xff, 0xd0, 0x0,
    0x7f, 0xff, 0x30, 0x0, 0x7f, 0xff, 0xd0, 0x0,
    0x1f, 0xff, 0xfc, 0xad, 0xfb, 0xff, 0xd0, 0x0,
    0x5, 0xff, 0xff, 0xff, 0xd2, 0xff, 0xd0, 0x0,
    0x0, 0x3b, 0xef, 0xd8, 0x10, 0xff, 0xd0, 0x0,
    0x0, 0x0, 0x0, 0x0, 0x0, 0x0, 0x0, 0x0,
    0x0, 0x0, 0xd, 0xdb, 0x0, 0x0, 0x0, 0x0,
    0x0, 0x0, 0x1f, 0xfd, 0x0, 0x0, 0x0, 0x0,
    0x0, 0x0, 0x1f, 0xfd, 0x0, 0x0, 0x0, 0x0,

    /* U+1EF2 "Ỳ" */
    0x0, 0x0, 0x0, 0xbf, 0xf5, 0x0, 0x0, 0x0,
    0x0, 0x0, 0x0, 0x0, 0x2, 0xff, 0xd0, 0x0,
    0x0, 0x0, 0x0, 0x0, 0x0, 0x0, 0x6, 0xff,
    0x40, 0x0, 0x0, 0x0, 0x0, 0x0, 0x0, 0x0,
    0xc, 0xfc, 0x0, 0x0, 0x0, 0x0, 0x0, 0x0,
    0x0, 0x0, 0x0, 0x0, 0x0, 0x0, 0x0, 0x0,
    0x0, 0x0, 0x0, 0x0, 0x0, 0x0, 0x0, 0x0,
    0x0, 0xd, 0xff, 0xb0, 0x0, 0x0, 0x0, 0x0,
    0x7f, 0xff, 0x20, 0x5f, 0xff, 0x40, 0x0, 0x0,
    0x0, 0x1e, 0xff, 0x80, 0x0, 0xbf, 0xfc, 0x0,
    0x0, 0x0, 0x9, 0xff, 0xe0, 0x0, 0x2, 0xff,
    0xf5, 0x0, 0x0, 0x2, 0xff, 0xf6, 0x0, 0x0,
    0x9, 0xff, 0xe0, 0x0, 0x0, 0xaf, 0xfd, 0x0,
    0x0, 0x0, 0x1e, 0xff, 0x70, 0x0, 0x3f, 0xff,
    0x40, 0x0, 0x0, 0x0, 0x7f, 0xff, 0x10, 0xc,
    0xff, 0xa0, 0x0, 0x0, 0x0, 0x0, 0xdf, 0xf9,
    0x5, 0xff, 0xf2, 0x0, 0x0, 0x0, 0x0, 0x4,
    0xff, 0xf2, 0xdf, 0xf8, 0x0, 0x0, 0x0, 0x0,
    0x0, 0xb, 0xff, 0xef, 0xfe, 0x0, 0x0, 0x0,
    0x0, 0x0, 0x0, 0x2f, 0xff, 0xff, 0x50, 0x0,
    0x0, 0x0, 0x0, 0x0, 0x0, 0x9f, 0xff, 0xc0,
    0x0, 0x0, 0x0, 0x0, 0x0, 0x0, 0x1, 0xff,
    0xf4, 0x0, 0x0, 0x0, 0x0, 0x0, 0x0, 0x0,
    0xf, 0xff, 0x20, 0x0, 0x0, 0x0, 0x0, 0x0,
    0x0, 0x0, 0xff, 0xf2, 0x0, 0x0, 0x0, 0x0,
    0x0, 0x0, 0x0, 0xf, 0xff, 0x20, 0x0, 0x0,
    0x0, 0x0, 0x0, 0x0, 0x0, 0xff, 0xf2, 0x0,
    0x0, 0x0, 0x0, 0x0, 0x0, 0x0, 0xf, 0xff,
    0x20, 0x0, 0x0, 0x0, 0x0, 0x0, 0x0, 0x0,
    0xff, 0xf2, 0x0, 0x0, 0x0, 0x0, 0x0, 0x0,
    0x0, 0xf, 0xff, 0x20, 0x0, 0x0, 0x0, 0x0,
    0x0, 0x0, 0x0, 0xff, 0xf2, 0x0, 0x0, 0x0,
    0x0,

    /* U+1EF3 "ỳ" */
    0x0, 0x0, 0x4f, 0xfc, 0x0, 0x0, 0x0, 0x0,
    0x0, 0x0, 0xa, 0xff, 0x40, 0x0, 0x0, 0x0,
    0x0, 0x0, 0x1, 0xef, 0xb0, 0x0, 0x0, 0x0,
    0x0, 0x0, 0x0, 0x5f, 0xf3, 0x0, 0x0, 0x0,
    0x0, 0x0, 0x0, 0x0, 0x0, 0x0, 0x0, 0x0,
    0x0, 0x0, 0x0, 0x0, 0x0, 0x0, 0x0, 0x0,
    0x3f, 0xff, 0x10, 0x0, 0x0, 0x0, 0xff, 0xf3,
    0xd, 0xff, 0x60, 0x0, 0x0, 0x5, 0xff, 0xe0,
    0x7, 0xff, 0xb0, 0x0, 0x0, 0x9, 0xff, 0x80,
    0x2, 0xff, 0xf0, 0x0, 0x0, 0xe, 0xff, 0x30,
    0x0, 0xcf, 0xf5, 0x0, 0x0, 0x3f, 0xfd, 0x0,
    0x0, 0x7f, 0xfa, 0x0, 0x0, 0x8f, 0xf7, 0x0,
    0x0, 0x1f, 0xff, 0x0, 0x0, 0xdf, 0xf2, 0x0,
    0x0, 0xc, 0xff, 0x50, 0x2, 0xff, 0xc0, 0x0,
    0x0, 0x6, 0xff, 0xa0, 0x7, 0xff, 0x60, 0x0,
    0x0, 0x1, 0xff, 0xf0, 0xc, 0xff, 0x10, 0x0,
    0x0, 0x0, 0xbf, 0xf5, 0x1f, 0xfb, 0x0, 0x0,
    0x0, 0x0, 0x5f, 0xfa, 0x6f, 0xf5, 0x0, 0x0,
    0x0, 0x0, 0xf, 0xff, 0xcf, 0xf0, 0x0, 0x0,
    0x0, 0x0, 0xa, 0xff, 0xff, 0xa0, 0x0, 0x0,
    0x0, 0x0, 0x5, 0xff, 0xff, 0x40, 0x0, 0x0,
    0x0, 0x0, 0x0, 0xff, 0xfe, 0x0, 0x0, 0x0,
    0x0, 0x0, 0x0, 0x2f, 0xf9, 0x0, 0x0, 0x0,
    0x0, 0x8, 0x89, 0xef, 0xf3, 0x0, 0x0, 0x0,
    0x0, 0xf, 0xff, 0xff, 0xb0, 0x0, 0x0, 0x0,
    0x0, 0xf, 0xff, 0xd8, 0x0, 0x0, 0x0, 0x0,

    /* U+1EF4 "Ỵ" */
    0xd, 0xff, 0xb0, 0x0, 0x0, 0x0, 0x0, 0x7f,
    0xff, 0x20, 0x5f, 0xff, 0x40, 0x0, 0x0, 0x0,
    0x1e, 0xff, 0x80, 0x0, 0xbf, 0xfc, 0x0, 0x0,
    0x0, 0x9, 0xff, 0xe0, 0x0, 0x2, 0xff, 0xf5,
    0x0, 0x0, 0x2, 0xff, 0xf6, 0x0, 0x0, 0x9,
    0xff, 0xe0, 0x0, 0x0, 0xaf, 0xfd, 0x0, 0x0,
    0x0, 0x1e, 0xff, 0x70, 0x0, 0x3f, 0xff, 0x40,
    0x0, 0x0, 0x0, 0x7f, 0xff, 0x10, 0xc, 0xff,
    0xa0, 0x0, 0x0, 0x0, 0x0, 0xdf, 0xf9, 0x5,
    0xff, 0xf2, 0x0, 0x0, 0x0, 0x0, 0x4, 0xff,
    0xf2, 0xdf, 0xf8, 0x0, 0x0, 0x0, 0x0, 0x0,
    0xb, 0xff, 0xef, 0xfe, 0x0, 0x0, 0x0, 0x0,
    0x0, 0x0, 0x2f, 0xff, 0xff, 0x50, 0x0, 0x0,
    0x0, 0x0, 0x0, 0x0, 0x9f, 0xff, 0xc0, 0x0,
    0x0, 0x0, 0x0, 0x0, 0x0, 0x1, 0xff, 0xf4,
    0x0, 0x0, 0x0, 0x0, 0x0, 0x0, 0x0, 0xf,
    0xff, 0x20, 0x0, 0x0, 0x0, 0x0, 0x0, 0x0,
    0x0, 0xff, 0xf2, 0x0, 0x0, 0x0, 0x0, 0x0,
    0x0, 0x0, 0xf, 0xff, 0x20, 0x0, 0x0, 0x0,
    0x0, 0x0, 0x0, 0x0, 0xff, 0xf2, 0x0, 0x0,
    0x0, 0x0, 0x0, 0x0, 0x0, 0xf, 0xff, 0x20,
    0x0, 0x0, 0x0, 0x0, 0x0, 0x0, 0x0, 0xff,
    0xf2, 0x0, 0x0, 0x0, 0x0, 0x0, 0x0, 0x0,
    0xf, 0xff, 0x20, 0x0, 0x0, 0x0, 0x0, 0x0,
    0x0, 0x0, 0xff, 0xf2, 0x0, 0x0, 0x0, 0x0,
    0x0, 0x0, 0x0, 0x0, 0x0, 0x0, 0x0, 0x0,
    0x0, 0x0, 0x0, 0x0, 0x0, 0xbd, 0xd1, 0x0,
    0x0, 0x0, 0x0, 0x0, 0x0, 0x0, 0xd, 0xff,
    0x10, 0x0, 0x0, 0x0, 0x0, 0x0, 0x0, 0x0,
    0xdf, 0xf1, 0x0, 0x0, 0x0, 0x0,

    /* U+1EF5 "ỵ" */
    0x3f, 0xff, 0x10, 0x0, 0x0, 0x0, 0xff, 0xf3,
    0xd, 0xff, 0x60, 0x0, 0x0, 0x5, 0xff, 0xe0,
    0x7, 0xff, 0xb0, 0x0, 0x0, 0x9, 0xff, 0x80,
    0x2, 0xff, 0xf0, 0x0, 0x0, 0xe, 0xff, 0x30,
    0x0, 0xcf, 0xf5, 0x0, 0x0, 0x3f, 0xfd, 0x0,
    0x0, 0x7f, 0xfa, 0x0, 0x0, 0x8f, 0xf7, 0x0,
    0x0, 0x1f, 0xff, 0x0, 0x0, 0xdf, 0xf2, 0x0,
    0x0, 0xc, 0xff, 0x50, 0x2, 0xff, 0xc0, 0x0,
    0x0, 0x6, 0xff, 0xa0, 0x7, 0xff, 0x60, 0x0,
    0x0, 0x1, 0xff, 0xf0, 0xc, 0xff, 0x10, 0x0,
    0x0, 0x0, 0xbf, 0xf5, 0x1f, 0xfb, 0x0, 0x0,
    0x0, 0x0, 0x5f, 0xfa, 0x6f, 0xf5, 0x0, 0x0,
    0x0, 0x0, 0xf, 0xff, 0xcf, 0xf0, 0x0, 0x0,
    0x0, 0x0, 0xa, 0xff, 0xff, 0xa0, 0x0, 0x0,
    0x0, 0x0, 0x5, 0xff, 0xff, 0x40, 0x0, 0x0,
    0x0, 0x0, 0x0, 0xff, 0xfe, 0x0, 0x0, 0x0,
    0x0, 0x0, 0x0, 0x2f, 0xf9, 0x0, 0x0, 0x0,
    0x0, 0x8, 0x89, 0xef, 0xf3, 0x5d, 0xd6, 0x0,
    0x0, 0xf, 0xff, 0xff, 0xb0, 0x6f, 0xf8, 0x0,
    0x0, 0xf, 0xff, 0xd8, 0x0, 0x6f, 0xf8, 0x0,

    /* U+1EF6 "Ỷ" */
    0x0, 0x0, 0x0, 0x7, 0xcc, 0xa2, 0x0, 0x0,
    0x0, 0x0, 0x0, 0x0, 0x0, 0xaf, 0xff, 0xc0,
    0x0, 0x0, 0x0, 0x0, 0x0, 0x0, 0x1, 0x5,
    0xff, 0x0, 0x0, 0x0, 0x0, 0x0, 0x0, 0x0,
    0x0, 0x4f, 0xd0, 0x0, 0x0, 0x0, 0x0, 0x0,
    0x0, 0x0, 0xc, 0xf4, 0x0, 0x0, 0x0, 0x0,
    0x0, 0x0, 0x0, 0x1, 0x42, 0x0, 0x0, 0x0,
    0x0, 0x0, 0x0, 0x0, 0x0, 0x0, 0x0, 0x0,
    0x0, 0x0, 0x0, 0xdf, 0xfb, 0x0, 0x0, 0x0,
    0x0, 0x7, 0xff, 0xf2, 0x5, 0xff, 0xf4, 0x0,
    0x0, 0x0, 0x1, 0xef, 0xf8, 0x0, 0xb, 0xff,
    0xc0, 0x0, 0x0, 0x0, 0x9f, 0xfe, 0x0, 0x0,
    0x2f, 0xff, 0x50, 0x0, 0x0, 0x2f, 0xff, 0x60,
    0x0, 0x0, 0x9f, 0xfe, 0x0, 0x0, 0xa, 0xff,
    0xd0, 0x0, 0x0, 0x1, 0xef, 0xf7, 0x0, 0x3,
    0xff, 0xf4, 0x0, 0x0, 0x0, 0x7, 0xff, 0xf1,
    0x0, 0xcf, 0xfa, 0x0, 0x0, 0x0, 0x0, 0xd,
    0xff, 0x90, 0x5f, 0xff, 0x20, 0x0, 0x0, 0x0,
    0x0, 0x4f, 0xff, 0x2d, 0xff, 0x80, 0x0, 0x0,
    0x0, 0x0, 0x0, 0xbf, 0xfe, 0xff, 0xe0, 0x0,
    0x0, 0x0, 0x0, 0x0, 0x2, 0xff, 0xff, 0xf5,
    0x0, 0x0, 0x0, 0x0, 0x0, 0x0, 0x9, 0xff,
    0xfc, 0x0, 0x0, 0x0, 0x0, 0x0, 0x0, 0x0,
    0x1f, 0xff, 0x40, 0x0, 0x0, 0x0, 0x0, 0x0,
    0x0, 0x0, 0xff, 0xf2, 0x0, 0x0, 0x0, 0x0,
    0x0, 0x0, 0x0, 0xf, 0xff, 0x20, 0x0, 0x0,
    0x0, 0x0, 0x0, 0x0, 0x0, 0xff, 0xf2, 0x0,
    0x0, 0x0, 0x0, 0x0, 0x0, 0x0, 0xf, 0xff,
    0x20, 0x0, 0x0, 0x0, 0x0, 0x0, 0x0, 0x0,
    0xff, 0xf2, 0x0, 0x0, 0x0, 0x0, 0x0, 0x0,
    0x0, 0xf, 0xff, 0x20, 0x0, 0x0, 0x0, 0x0,
    0x0, 0x0, 0x0, 0xff, 0xf2, 0x0, 0x0, 0x0,
    0x0, 0x0, 0x0, 0x0, 0xf, 0xff, 0x20, 0x0,
    0x0, 0x0,

    /* U+1EF7 "ỷ" */
    0x0, 0x0, 0x2, 0xcd, 0xb6, 0x0, 0x0, 0x0,
    0x0, 0x0, 0x4, 0xff, 0xff, 0x30, 0x0, 0x0,
    0x0, 0x0, 0x0, 0x11, 0xdf, 0x60, 0x0, 0x0,
    0x0, 0x0, 0x0, 0x0, 0xdf, 0x30, 0x0, 0x0,
    0x0, 0x0, 0x0, 0x6, 0xfa, 0x0, 0x0, 0x0,
    0x0, 0x0, 0x0, 0x3, 0x40, 0x0, 0x0, 0x0,
    0x0, 0x0, 0x0, 0x0, 0x0, 0x0, 0x0, 0x0,
    0x3f, 0xff, 0x10, 0x0, 0x0, 0x0, 0xff, 0xf3,
    0xd, 0xff, 0x60, 0x0, 0x0, 0x5, 0xff, 0xe0,
    0x7, 0xff, 0xb0, 0x0, 0x0, 0x9, 0xff, 0x80,
    0x2, 0xff, 0xf0, 0x0, 0x0, 0xe, 0xff, 0x30,
    0x0, 0xcf, 0xf5, 0x0, 0x0, 0x3f, 0xfd, 0x0,
    0x0, 0x7f, 0xfa, 0x0, 0x0, 0x8f, 0xf7, 0x0,
    0x0, 0x1f, 0xff, 0x0, 0x0, 0xdf, 0xf2, 0x0,
    0x0, 0xc, 0xff, 0x50, 0x2, 0xff, 0xc0, 0x0,
    0x0, 0x6, 0xff, 0xa0, 0x7, 0xff, 0x60, 0x0,
    0x0, 0x1, 0xff, 0xf0, 0xc, 0xff, 0x10, 0x0,
    0x0, 0x0, 0xbf, 0xf5, 0x1f, 0xfb, 0x0, 0x0,
    0x0, 0x0, 0x5f, 0xfa, 0x6f, 0xf5, 0x0, 0x0,
    0x0, 0x0, 0xf, 0xff, 0xcf, 0xf0, 0x0, 0x0,
    0x0, 0x0, 0xa, 0xff, 0xff, 0xa0, 0x0, 0x0,
    0x0, 0x0, 0x5, 0xff, 0xff, 0x40, 0x0, 0x0,
    0x0, 0x0, 0x0, 0xff, 0xfe, 0x0, 0x0, 0x0,
    0x0, 0x0, 0x0, 0x2f, 0xf9, 0x0, 0x0, 0x0,
    0x0, 0x8, 0x89, 0xef, 0xf3, 0x0, 0x0, 0x0,
    0x0, 0xf, 0xff, 0xff, 0xb0, 0x0, 0x0, 0x0,
    0x0, 0xf, 0xff, 0xd8, 0x0, 0x0, 0x0, 0x0,

    /* U+1EF8 "Ỹ" */
    0x0, 0x0, 0x0, 0x9e, 0xd4, 0x0, 0x7f, 0x30,
    0x0, 0x0, 0x0, 0x0, 0x7f, 0xff, 0xf7, 0x1c,
    0xf1, 0x0, 0x0, 0x0, 0x0, 0xe, 0xe2, 0x4f,
    0xff, 0xfa, 0x0, 0x0, 0x0, 0x0, 0x0, 0xfa,
    0x0, 0x2c, 0xfa, 0x10, 0x0, 0x0, 0x0, 0x0,
    0x0, 0x0, 0x0, 0x0, 0x0, 0x0, 0x0, 0x0,
    0x0, 0x0, 0x0, 0x0, 0x0, 0x0, 0x0, 0x0,
    0x0, 0xd, 0xff, 0xb0, 0x0, 0x0, 0x0, 0x0,
    0x7f, 0xff, 0x20, 0x5f, 0xff, 0x40, 0x0, 0x0,
    0x0, 0x1e, 0xff, 0x80, 0x0, 0xbf, 0xfc, 0x0,
    0x0, 0x0, 0x9, 0xff, 0xe0, 0x0, 0x2, 0xff,
    0xf5, 0x0, 0x0, 0x2, 0xff, 0xf6, 0x0, 0x0,
    0x9, 0xff, 0xe0, 0x0, 0x0, 0xaf, 0xfd, 0x0,
    0x0, 0x0, 0x1e, 0xff, 0x70, 0x0, 0x3f, 0xff,
    0x40, 0x0, 0x0, 0x0, 0x7f, 0xff, 0x10, 0xc,
    0xff, 0xa0, 0x0, 0x0, 0x0, 0x0, 0xdf, 0xf9,
    0x5, 0xff, 0xf2, 0x0, 0x0, 0x0, 0x0, 0x4,
    0xff, 0xf2, 0xdf, 0xf8, 0x0, 0x0, 0x0, 0x0,
    0x0, 0xb, 0xff, 0xef, 0xfe, 0x0, 0x0, 0x0,
    0x0, 0x0, 0x0, 0x2f, 0xff, 0xff, 0x50, 0x0,
    0x0, 0x0, 0x0, 0x0, 0x0, 0x9f, 0xff, 0xc0,
    0x0, 0x0, 0x0, 0x0, 0x0, 0x0, 0x1, 0xff,
    0xf4, 0x0, 0x0, 0x0, 0x0, 0x0, 0x0, 0x0,
    0xf, 0xff, 0x20, 0x0, 0x0, 0x0, 0x0, 0x0,
    0x0, 0x0, 0xff, 0xf2, 0x0, 0x0, 0x0, 0x0,
    0x0, 0x0, 0x0, 0xf, 0xff, 0x20, 0x0, 0x0,
    0x0, 0x0, 0x0, 0x0, 0x0, 0xff, 0xf2, 0x0,
    0x0, 0x0, 0x0, 0x0, 0x0, 0x0, 0xf, 0xff,
    0x20, 0x0, 0x0, 0x0, 0x0, 0x0, 0x0, 0x0,
    0xff, 0xf2, 0x0, 0x0, 0x0, 0x0, 0x0, 0x0,
    0x0, 0xf, 0xff, 0x20, 0x0, 0x0, 0x0, 0x0,
    0x0, 0x0, 0x0, 0xff, 0xf2, 0x0, 0x0, 0x0,
    0x0,

    /* U+1EF9 "ỹ" */
    0x0, 0x0, 0x0, 0x0, 0x0, 0x1f, 0xa0, 0x0,
    0x0, 0x0, 0x7e, 0xfc, 0x60, 0x6f, 0x70, 0x0,
    0x0, 0x4, 0xff, 0xff, 0xff, 0xff, 0x10, 0x0,
    0x0, 0x9, 0xf4, 0x5, 0xce, 0xd4, 0x0, 0x0,
    0x0, 0x0, 0x0, 0x0, 0x0, 0x0, 0x0, 0x0,
    0x0, 0x0, 0x0, 0x0, 0x0, 0x0, 0x0, 0x0,
    0x3f, 0xff, 0x10, 0x0, 0x0, 0x0, 0xff, 0xf3,
    0xd, 0xff, 0x60, 0x0, 0x0, 0x5, 0xff, 0xe0,
    0x7, 0xff, 0xb0, 0x0, 0x0, 0x9, 0xff, 0x80,
    0x2, 0xff, 0xf0, 0x0, 0x0, 0xe, 0xff, 0x30,
    0x0, 0xcf, 0xf5, 0x0, 0x0, 0x3f, 0xfd, 0x0,
    0x0, 0x7f, 0xfa, 0x0, 0x0, 0x8f, 0xf7, 0x0,
    0x0, 0x1f, 0xff, 0x0, 0x0, 0xdf, 0xf2, 0x0,
    0x0, 0xc, 0xff, 0x50, 0x2, 0xff, 0xc0, 0x0,
    0x0, 0x6, 0xff, 0xa0, 0x7, 0xff, 0x60, 0x0,
    0x0, 0x1, 0xff, 0xf0, 0xc, 0xff, 0x10, 0x0,
    0x0, 0x0, 0xbf, 0xf5, 0x1f, 0xfb, 0x0, 0x0,
    0x0, 0x0, 0x5f, 0xfa, 0x6f, 0xf5, 0x0, 0x0,
    0x0, 0x0, 0xf, 0xff, 0xcf, 0xf0, 0x0, 0x0,
    0x0, 0x0, 0xa, 0xff, 0xff, 0xa0, 0x0, 0x0,
    0x0, 0x0, 0x5, 0xff, 0xff, 0x40, 0x0, 0x0,
    0x0, 0x0, 0x0, 0xff, 0xfe, 0x0, 0x0, 0x0,
    0x0, 0x0, 0x0, 0x2f, 0xf9, 0x0, 0x0, 0x0,
    0x0, 0x8, 0x89, 0xef, 0xf3, 0x0, 0x0, 0x0,
    0x0, 0xf, 0xff, 0xff, 0xb0, 0x0, 0x0, 0x0,
    0x0, 0xf, 0xff, 0xd8, 0x0, 0x0, 0x0, 0x0,

    /* U+2013 "–" */
    0x8b, 0xbb, 0xbb, 0xbb, 0xbb, 0xbb, 0xbb, 0xbc,
    0xff, 0xff, 0xff, 0xff, 0xff, 0xff, 0xff, 0xcf,
    0xff, 0xff, 0xff, 0xff, 0xff, 0xff, 0xf0,

    /* U+2014 "—" */
    0x8b, 0xbb, 0xbb, 0xbb, 0xbb, 0xbb, 0xbb, 0xbb,
    0xbb, 0xbb, 0xbb, 0xbb, 0x1c, 0xff, 0xff, 0xff,
    0xff, 0xff, 0xff, 0xff, 0xff, 0xff, 0xff, 0xff,
    0xf2, 0xcf, 0xff, 0xff, 0xff, 0xff, 0xff, 0xff,
    0xff, 0xff, 0xff, 0xff, 0xff, 0x20,

    /* U+2015 "―" */
    0x0, 0x0, 0x0, 0x0, 0x0, 0x0, 0x0, 0x0,
    0x4f, 0xff, 0xff, 0xff, 0xff, 0xff, 0xff, 0xf9,
    0x4f, 0xff, 0xff, 0xff, 0xff, 0xff, 0xff, 0xf9,

    /* U+2016 "‖" */
    0x5f, 0xe0, 0x7, 0xfc, 0x5f, 0xe0, 0x7, 0xfc,
    0x5f, 0xe0, 0x7, 0xfc, 0x5f, 0xe0, 0x7, 0xfc,
    0x5f, 0xe0, 0x7, 0xfc, 0x5f, 0xe0, 0x7, 0xfc,
    0x5f, 0xe0, 0x7, 0xfc, 0x5f, 0xe0, 0x7, 0xfc,
    0x5f, 0xe0, 0x7, 0xfc, 0x5f, 0xe0, 0x7, 0xfc,
    0x5f, 0xe0, 0x7, 0xfc, 0x5f, 0xe0, 0x7, 0xfc,
    0x5f, 0xe0, 0x7, 0xfc, 0x5f, 0xe0, 0x7, 0xfc,
    0x5f, 0xe0, 0x7, 0xfc, 0x5f, 0xe0, 0x7, 0xfc,
    0x5f, 0xe0, 0x7, 0xfc, 0x5f, 0xe0, 0x7, 0xfc,
    0x5f, 0xe0, 0x7, 0xfc, 0x5f, 0xe0, 0x7, 0xfc,
    0x5f, 0xe0, 0x7, 0xfc, 0x5f, 0xe0, 0x7, 0xfc,
    0x28, 0x70, 0x3, 0x86,

    /* U+2017 "‗" */
    0x1, 0x11, 0x11, 0x11, 0x11, 0x11, 0x11, 0x11,
    0x2f, 0xff, 0xff, 0xff, 0xff, 0xff, 0xff, 0xfa,
    0x16, 0x66, 0x66, 0x66, 0x66, 0x66, 0x66, 0x64,
    0x2f, 0xff, 0xff, 0xff, 0xff, 0xff, 0xff, 0xfa,
    0x4, 0x44, 0x44, 0x44, 0x44, 0x44, 0x44, 0x43,

    /* U+2018 "‘" */
    0x1, 0xfb, 0x0, 0x7f, 0x50, 0xd, 0xf0, 0x3,
    0xfb, 0x0, 0x9f, 0xdb, 0xb, 0xff, 0xf0, 0xbf,
    0xff, 0xb, 0xff, 0xf0,

    /* U+2019 "’" */
    0xbf, 0xff, 0xb, 0xff, 0xf0, 0xbf, 0xff, 0x8,
    0xcf, 0xe0, 0x6, 0xf8, 0x0, 0xbf, 0x20, 0xf,
    0xd0, 0x5, 0xf7, 0x0, 0x13, 0x0, 0x0,

    /* U+201A "‚" */
    0x8b, 0xba, 0xcf, 0xff, 0xcf, 0xff, 0xcf, 0xfe,
    0x5, 0xf9, 0xb, 0xf2, 0x1f, 0xb0, 0x7f, 0x50,

    /* U+201B "‛" */
    0x2f, 0xf9, 0x2f, 0xf9, 0x2f, 0xe8, 0x1f, 0x50,
    0xd, 0x90, 0x4, 0xf7, 0x0, 0x33,

    /* U+201C "“" */
    0x1, 0xfb, 0x0, 0xd, 0xf0, 0x7, 0xf5, 0x0,
    0x3f, 0xa0, 0xd, 0xf0, 0x0, 0x9f, 0x40, 0x3f,
    0xb0, 0x0, 0xff, 0x0, 0x9f, 0xdb, 0x5, 0xfe,
    0xb3, 0xbf, 0xff, 0x7, 0xff, 0xf4, 0xbf, 0xff,
    0x7, 0xff, 0xf4, 0xbf, 0xff, 0x7, 0xff, 0xf4,

    /* U+201D "”" */
    0xbf, 0xff, 0x7, 0xff, 0xf4, 0xbf, 0xff, 0x7,
    0xff, 0xf4, 0xbf, 0xff, 0x7, 0xff, 0xf4, 0x8c,
    0xfe, 0x5, 0xbf, 0xf3, 0x6, 0xf8, 0x0, 0x1f,
    0xd0, 0xb, 0xf2, 0x0, 0x6f, 0x70, 0xf, 0xd0,
    0x0, 0xbf, 0x10, 0x5f, 0x70, 0x1, 0xfb, 0x0,
    0x13, 0x0, 0x0, 0x31, 0x0,

    /* U+201E "„" */
    0x8b, 0xba, 0x5, 0xbb, 0xb2, 0xcf, 0xff, 0x8,
    0xff, 0xf3, 0xcf, 0xff, 0x8, 0xff, 0xf3, 0xcf,
    0xfe, 0x8, 0xff, 0xf3, 0x5, 0xf9, 0x0, 0x1f,
    0xd0, 0xb, 0xf2, 0x0, 0x7f, 0x60, 0x1f, 0xb0,
    0x0, 0xdf, 0x10, 0x7f, 0x50, 0x2, 0xf9, 0x0,

    /* U+201F "‟" */
    0xbf, 0xf0, 0x5f, 0xf6, 0xbf, 0xf0, 0x5f, 0xf6,
    0xbf, 0xe0, 0x5f, 0xe5, 0xab, 0x0, 0x4f, 0x20,
    0x7f, 0x10, 0x1f, 0x70, 0xd, 0xc0, 0x7, 0xf4,
    0x1, 0x60, 0x0, 0x51,

    /* U+2020 "†" */
    0x0, 0x0, 0xf, 0xfe, 0x0, 0x0, 0x0, 0x0,
    0x0, 0xff, 0xe0, 0x0, 0x0, 0x0, 0x0, 0xf,
    0xfe, 0x0, 0x0, 0x0, 0x0, 0x0, 0xff, 0xe0,
    0x0, 0x0, 0x0, 0x0, 0xf, 0xfe, 0x0, 0x0,
    0x8, 0xff, 0xff, 0xff, 0xff, 0xff, 0xf7, 0x8f,
    0xff, 0xff, 0xff, 0xff, 0xff, 0x74, 0x99, 0x99,
    0xff, 0xf9, 0x99, 0x94, 0x0, 0x0, 0xf, 0xfe,
    0x0, 0x0, 0x0, 0x0, 0x0, 0xff, 0xe0, 0x0,
    0x0, 0x0, 0x0, 0xf, 0xfe, 0x0, 0x0, 0x0,
    0x0, 0x0, 0xff, 0xe0, 0x0, 0x0, 0x0, 0x0,
    0xf, 0xfe, 0x0, 0x0, 0x0, 0x0, 0x0, 0xff,
    0xe0, 0x0, 0x0, 0x0, 0x0, 0xf, 0xfe, 0x0,
    0x0, 0x0, 0x0, 0x0, 0xff, 0xe0, 0x0, 0x0,
    0x0, 0x0, 0xf, 0xfe, 0x0, 0x0, 0x0, 0x0,
    0x0, 0xff, 0xe0, 0x0, 0x0, 0x0, 0x0, 0xf,
    0xfe, 0x0, 0x0, 0x0, 0x0, 0x0, 0xff, 0xe0,
    0x0, 0x0, 0x0, 0x0, 0xf, 0xfe, 0x0, 0x0,
    0x0,

    /* U+2021 "‡" */
    0x0, 0x0, 0xf, 0xfe, 0x0, 0x0, 0x0, 0x0,
    0x0, 0xff, 0xe0, 0x0, 0x0, 0x0, 0x0, 0xf,
    0xfe, 0x0, 0x0, 0x0, 0x0, 0x0, 0xff, 0xe0,
    0x0, 0x0, 0x0, 0x0, 0xf, 0xfe, 0x0, 0x0,
    0x8, 0xff, 0xff, 0xff, 0xff, 0xff, 0xf7, 0x8f,
    0xff, 0xff, 0xff, 0xff, 0xff, 0x74, 0x99, 0x99,
    0xff, 0xf9, 0x99, 0x94, 0x0, 0x0, 0xf, 0xfe,
    0x0, 0x0, 0x0, 0x0, 0x0, 0xff, 0xe0, 0x0,
    0x0, 0x0, 0x0, 0xf, 0xfe, 0x0, 0x0, 0x0,
    0x0, 0x0, 0xff, 0xe0, 0x0, 0x0, 0x0, 0x0,
    0xf, 0xfe, 0x0, 0x0, 0x4, 0x99, 0x99, 0xff,
    0xf9, 0x99, 0x94, 0x8f, 0xff, 0xff, 0xff, 0xff,
    0xff, 0x78, 0xff, 0xff, 0xff, 0xff, 0xff, 0xf7,
    0x0, 0x0, 0xf, 0xfe, 0x0, 0x0, 0x0, 0x0,
    0x0, 0xff, 0xe0, 0x0, 0x0, 0x0, 0x0, 0xf,
    0xfe, 0x0, 0x0, 0x0, 0x0, 0x0, 0xff, 0xe0,
    0x0, 0x0, 0x0, 0x0, 0xf, 0xfe, 0x0, 0x0,
    0x0,

    /* U+2022 "•" */
    0x0, 0x0, 0x0, 0x0, 0x4, 0xcf, 0xe9, 0x0,
    0x3f, 0xff, 0xff, 0xb0, 0xaf, 0xff, 0xff, 0xf2,
    0xcf, 0xff, 0xff, 0xf4, 0xaf, 0xff, 0xff, 0xf2,
    0x3f, 0xff, 0xff, 0xb0, 0x4, 0xcf, 0xe9, 0x0,

    /* U+2023 "‣" */
    0x10, 0x0, 0x0, 0x0, 0x7, 0xb2, 0x0, 0x0,
    0x0, 0x8f, 0xf9, 0x10, 0x0, 0x8, 0xff, 0xff,
    0x70, 0x0, 0x8f, 0xff, 0xff, 0xe5, 0x8, 0xff,
    0xff, 0xff, 0x80, 0x8f, 0xff, 0xfa, 0x10, 0x8,
    0xff, 0xb3, 0x0, 0x0, 0x8d, 0x40, 0x0, 0x0,
    0x2, 0x0, 0x0, 0x0, 0x0,

    /* U+2024 "․" */
    0x5d, 0xd6, 0x6f, 0xf7, 0x6f, 0xf7,

    /* U+2025 "‥" */
    0x5d, 0xd6, 0x0, 0x0, 0x4d, 0xd7, 0x6f, 0xf7,
    0x0, 0x0, 0x5f, 0xf8, 0x6f, 0xf7, 0x0, 0x0,
    0x5f, 0xf8,

    /* U+2026 "…" */
    0x8b, 0xba, 0x0, 0xbb, 0xb8, 0x2, 0xbb, 0xb6,
    0xcf, 0xff, 0x0, 0xff, 0xfc, 0x3, 0xff, 0xf9,
    0xcf, 0xff, 0x0, 0xff, 0xfc, 0x3, 0xff, 0xf9,
    0xcf, 0xff, 0x0, 0xff, 0xfc, 0x3, 0xff, 0xf9,

    /* U+203A "›" */
    0x5c, 0xcb, 0x10, 0x0, 0xb, 0xff, 0xd0, 0x0,
    0x0, 0xdf, 0xfb, 0x0, 0x0, 0x1e, 0xff, 0x90,
    0x0, 0x3, 0xff, 0xf6, 0x0, 0x0, 0x5f, 0xfd,
    0x0, 0x0, 0x3f, 0xfe, 0x0, 0x1, 0xef, 0xf9,
    0x0, 0xc, 0xff, 0xc0, 0x0, 0xaf, 0xfd, 0x10,
    0x8, 0xff, 0xe2, 0x0, 0x5f, 0xff, 0x40, 0x0,

    /* U+2713 "✓" */
    0x0, 0x0, 0x0, 0x0, 0x0, 0x0, 0x0, 0x0,
    0x0, 0x35, 0x60, 0x0, 0x0, 0x0, 0x0, 0x0,
    0x0, 0x0, 0x5, 0xff, 0xf6, 0x0, 0x0, 0x0,
    0x0, 0x0, 0x0, 0x0, 0x5, 0xff, 0xf5, 0x0,
    0x0, 0x0, 0x0, 0x0, 0x0, 0x0, 0x3, 0xff,
    0xf7, 0x0, 0x0, 0x0, 0x0, 0x0, 0x0, 0x0,
    0x1, 0xef, 0xf9, 0x0, 0x0, 0x0, 0x0, 0x0,
    0x0, 0x0, 0x0, 0xbf, 0xfc, 0x0, 0x0, 0x0,
    0x0, 0x0, 0x0, 0x0, 0x0, 0x6f, 0xfe, 0x10,
    0x0, 0x0, 0x0, 0x0, 0x0, 0x0, 0x0, 0x1f,
    0xff, 0x50, 0x0, 0x0, 0x0, 0x0, 0x0, 0x0,
    0x0, 0xb, 0xff, 0xa0, 0x0, 0x0, 0x0, 0x0,
    0x0, 0x0, 0x0, 0x4, 0xff, 0xf1, 0x0, 0x0,
    0x0, 0x0, 0x0, 0x0, 0x0, 0x0, 0xdf, 0xf7,
    0x0, 0x0, 0x0, 0x0, 0x0, 0x0, 0x0, 0x0,
    0x7f, 0xfd, 0x0, 0x0, 0x0, 0x0, 0x0, 0x0,
    0x0, 0x0, 0xe, 0xff, 0x40, 0x0, 0x0, 0x0,
    0x0, 0x28, 0x60, 0x0, 0x8, 0xff, 0xb0, 0x0,
    0x0, 0x0, 0x0, 0x3f, 0xff, 0xc0, 0x0, 0xff,
    0xf4, 0x0, 0x0, 0x0, 0x0, 0x4, 0xff, 0xff,
    0xb0, 0x7f, 0xfc, 0x0, 0x0, 0x0, 0x0, 0x0,
    0x9, 0xff, 0xff, 0x6e, 0xff, 0x50, 0x0, 0x0,
    0x0, 0x0, 0x0, 0xb, 0xff, 0xff, 0xff, 0xd0,
    0x0, 0x0, 0x0, 0x0, 0x0, 0x0, 0xd, 0xff,
    0xff, 0xf6, 0x0, 0x0, 0x0, 0x0, 0x0, 0x0,
    0x0, 0x3f, 0xff, 0xfe, 0x0, 0x0, 0x0, 0x0,
    0x0, 0x0, 0x0, 0x0, 0x8f, 0xff, 0x70, 0x0,
    0x0, 0x0, 0x0, 0x0, 0x0, 0x0, 0x0, 0x34,
    0x20, 0x0, 0x0, 0x0, 0x0, 0x0, 0x0,

    /* U+2717 "✗" */
    0x0, 0x0, 0x16, 0x0, 0x0, 0x0, 0x0, 0x0,
    0x0, 0x0, 0x9, 0xfc, 0x0, 0x0, 0x0, 0xa,
    0xa0, 0x0, 0x0, 0x9f, 0xf8, 0x0, 0x0, 0xb,
    0xff, 0x50, 0x0, 0x5, 0xff, 0xf2, 0x0, 0xa,
    0xff, 0x60, 0x0, 0x0, 0x1f, 0xff, 0xa0, 0xa,
    0xff, 0xa0, 0x0, 0x0, 0x0, 0xdf, 0xff, 0x1a,
    0xff, 0xe0, 0x0, 0x0, 0x0, 0x9, 0xff, 0xfe,
    0xff, 0xf4, 0x0, 0x0, 0x0, 0x0, 0x5f, 0xff,
    0xff, 0xfa, 0x0, 0x0, 0x0, 0x0, 0x1, 0xff,
    0xff, 0xff, 0x10, 0x0, 0x0, 0x0, 0x0, 0xd,
    0xff, 0xff, 0x60, 0x0, 0x0, 0x0, 0x0, 0x1,
    0xef, 0xff, 0xd0, 0x0, 0x0, 0x0, 0x0, 0x0,
    0xcf, 0xff, 0xfc, 0x0, 0x0, 0x0, 0x0, 0x0,
    0xaf, 0xff, 0xff, 0xf0, 0x0, 0x0, 0x0, 0x0,
    0x8f, 0xff, 0xff, 0xff, 0x40, 0x0, 0x0, 0x0,
    0x6f, 0xff, 0xfc, 0xff, 0xfa, 0x0, 0x0, 0x0,
    0x4f, 0xff, 0xf7, 0xd, 0xff, 0xf2, 0x0, 0x0,
    0x2f, 0xff, 0xf7, 0x0, 0x4f, 0xff, 0xb0, 0x0,
    0xd, 0xff, 0xf8, 0x0, 0x0, 0x8f, 0xff, 0x40,
    0x0, 0xbf, 0xf9, 0x0, 0x0, 0x0, 0x5f, 0xf4,
    0x0, 0x0, 0xea, 0x0, 0x0, 0x0, 0x0, 0x35,
    0x0, 0x0, 0x3, 0x0, 0x0, 0x0, 0x0, 0x0,
    0x0, 0x0, 0x0
};


/*---------------------
 *  GLYPH DESCRIPTION
 *--------------------*/

static const lv_font_fmt_txt_glyph_dsc_t glyph_dsc[] = {
    {.bitmap_index = 0, .adv_w = 0, .box_w = 0, .box_h = 0, .ofs_x = 0, .ofs_y = 0} /* id = 0 reserved */,
    {.bitmap_index = 0, .adv_w = 113, .box_w = 0, .box_h = 0, .ofs_x = 0, .ofs_y = 0},
    {.bitmap_index = 0, .adv_w = 106, .box_w = 5, .box_h = 21, .ofs_x = 1, .ofs_y = 0},
    {.bitmap_index = 53, .adv_w = 168, .box_w = 9, .box_h = 8, .ofs_x = 1, .ofs_y = 13},
    {.bitmap_index = 89, .adv_w = 239, .box_w = 16, .box_h = 21, .ofs_x = -1, .ofs_y = 0},
    {.bitmap_index = 257, .adv_w = 298, .box_w = 17, .box_h = 26, .ofs_x = 1, .ofs_y = -2},
    {.bitmap_index = 478, .adv_w = 376, .box_w = 22, .box_h = 21, .ofs_x = 1, .ofs_y = 0},
    {.bitmap_index = 709, .adv_w = 301, .box_w = 18, .box_h = 21, .ofs_x = 1, .ofs_y = 0},
    {.bitmap_index = 898, .adv_w = 86, .box_w = 4, .box_h = 8, .ofs_x = 1, .ofs_y = 13},
    {.bitmap_index = 914, .adv_w = 135, .box_w = 7, .box_h = 26, .ofs_x = 1, .ofs_y = -3},
    {.bitmap_index = 1005, .adv_w = 135, .box_w = 8, .box_h = 26, .ofs_x = 0, .ofs_y = -3},
    {.bitmap_index = 1109, .adv_w = 198, .box_w = 11, .box_h = 11, .ofs_x = 1, .ofs_y = 11},
    {.bitmap_index = 1170, .adv_w = 261, .box_w = 15, .box_h = 14, .ofs_x = 1, .ofs_y = 2},
    {.bitmap_index = 1275, .adv_w = 99, .box_w = 4, .box_h = 8, .ofs_x = 1, .ofs_y = -4},
    {.bitmap_index = 1291, .adv_w = 194, .box_w = 10, .box_h = 3, .ofs_x = 1, .ofs_y = 7},
    {.bitmap_index = 1306, .adv_w = 99, .box_w = 4, .box_h = 4, .ofs_x = 1, .ofs_y = 0},
    {.bitmap_index = 1314, .adv_w = 229, .box_w = 12, .box_h = 26, .ofs_x = 1, .ofs_y = -3},
    {.bitmap_index = 1470, .adv_w = 312, .box_w = 18, .box_h = 21, .ofs_x = 1, .ofs_y = 0},
    {.bitmap_index = 1659, .adv_w = 188, .box_w = 8, .box_h = 21, .ofs_x = 1, .ofs_y = 0},
    {.bitmap_index = 1743, .adv_w = 292, .box_w = 16, .box_h = 21, .ofs_x = 1, .ofs_y = 0},
    {.bitmap_index = 1911, .adv_w = 290, .box_w = 16, .box_h = 21, .ofs_x = 1, .ofs_y = 0},
    {.bitmap_index = 2079, .adv_w = 292, .box_w = 17, .box_h = 21, .ofs_x = 0, .ofs_y = 0},
    {.bitmap_index = 2258, .adv_w = 297, .box_w = 16, .box_h = 21, .ofs_x = 1, .ofs_y = 0},
    {.bitmap_index = 2426, .adv_w = 280, .box_w = 16, .box_h = 21, .ofs_x = 1, .ofs_y = 0},
    {.bitmap_index = 2594, .adv_w = 246, .box_w = 16, .box_h = 21, .ofs_x = 0, .ofs_y = 0},
    {.bitmap_index = 2762, .adv_w = 290, .box_w = 16, .box_h = 21, .ofs_x = 1, .ofs_y = 0},
    {.bitmap_index = 2930, .adv_w = 281, .box_w = 16, .box_h = 21, .ofs_x = 1, .ofs_y = 0},
    {.bitmap_index = 3098, .adv_w = 140, .box_w = 5, .box_h = 15, .ofs_x = 2, .ofs_y = 0},
    {.bitmap_index = 3136, .adv_w = 140, .box_w = 5, .box_h = 20, .ofs_x = 2, .ofs_y = -4},
    {.bitmap_index = 3186, .adv_w = 253, .box_w = 14, .box_h = 17, .ofs_x = 1, .ofs_y = 0},
    {.bitmap_index = 3305, .adv_w = 252, .box_w = 14, .box_h = 9, .ofs_x = 1, .ofs_y = 4},
    {.bitmap_index = 3368, .adv_w = 253, .box_w = 14, .box_h = 17, .ofs_x = 1, .ofs_y = 0},
    {.bitmap_index = 3487, .adv_w = 264, .box_w = 15, .box_h = 21, .ofs_x = 1, .ofs_y = 0},
    {.bitmap_index = 3645, .adv_w = 429, .box_w = 25, .box_h = 25, .ofs_x = 1, .ofs_y = -4},
    {.bitmap_index = 3958, .adv_w = 320, .box_w = 20, .box_h = 21, .ofs_x = 0, .ofs_y = 0},
    {.bitmap_index = 4168, .adv_w = 319, .box_w = 17, .box_h = 21, .ofs_x = 2, .ofs_y = 0},
    {.bitmap_index = 4347, .adv_w = 331, .box_w = 19, .box_h = 21, .ofs_x = 1, .ofs_y = 0},
    {.bitmap_index = 4547, .adv_w = 325, .box_w = 18, .box_h = 21, .ofs_x = 2, .ofs_y = 0},
    {.bitmap_index = 4736, .adv_w = 283, .box_w = 15, .box_h = 21, .ofs_x = 2, .ofs_y = 0},
    {.bitmap_index = 4894, .adv_w = 276, .box_w = 14, .box_h = 21, .ofs_x = 2, .ofs_y = 0},
    {.bitmap_index = 5041, .adv_w = 331, .box_w = 19, .box_h = 21, .ofs_x = 1, .ofs_y = 0},
    {.bitmap_index = 5241, .adv_w = 332, .box_w = 17, .box_h = 21, .ofs_x = 2, .ofs_y = 0},
    {.bitmap_index = 5420, .adv_w = 130, .box_w = 4, .box_h = 21, .ofs_x = 2, .ofs_y = 0},
    {.bitmap_index = 5462, .adv_w = 282, .box_w = 15, .box_h = 21, .ofs_x = 1, .ofs_y = 0},
    {.bitmap_index = 5620, .adv_w = 304, .box_w = 17, .box_h = 21, .ofs_x = 2, .ofs_y = 0},
    {.bitmap_index = 5799, .adv_w = 271, .box_w = 14, .box_h = 21, .ofs_x = 2, .ofs_y = 0},
    {.bitmap_index = 5946, .adv_w = 413, .box_w = 22, .box_h = 21, .ofs_x = 2, .ofs_y = 0},
    {.bitmap_index = 6177, .adv_w = 346, .box_w = 18, .box_h = 21, .ofs_x = 2, .ofs_y = 0},
    {.bitmap_index = 6366, .adv_w = 348, .box_w = 20, .box_h = 21, .ofs_x = 1, .ofs_y = 0},
    {.bitmap_index = 6576, .adv_w = 305, .box_w = 16, .box_h = 21, .ofs_x = 2, .ofs_y = 0},
    {.bitmap_index = 6744, .adv_w = 346, .box_w = 20, .box_h = 23, .ofs_x = 1, .ofs_y = -2},
    {.bitmap_index = 6974, .adv_w = 316, .box_w = 17, .box_h = 21, .ofs_x = 2, .ofs_y = 0},
    {.bitmap_index = 7153, .adv_w = 303, .box_w = 17, .box_h = 21, .ofs_x = 1, .ofs_y = 0},
    {.bitmap_index = 7332, .adv_w = 264, .box_w = 17, .box_h = 21, .ofs_x = 0, .ofs_y = 0},
    {.bitmap_index = 7511, .adv_w = 322, .box_w = 17, .box_h = 21, .ofs_x = 2, .ofs_y = 0},
    {.bitmap_index = 7690, .adv_w = 319, .box_w = 20, .box_h = 21, .ofs_x = 0, .ofs_y = 0},
    {.bitmap_index = 7900, .adv_w = 449, .box_w = 26, .box_h = 21, .ofs_x = 1, .ofs_y = 0},
    {.bitmap_index = 8173, .adv_w = 294, .box_w = 18, .box_h = 21, .ofs_x = 0, .ofs_y = 0},
    {.bitmap_index = 8362, .adv_w = 276, .box_w = 19, .box_h = 21, .ofs_x = -1, .ofs_y = 0},
    {.bitmap_index = 8562, .adv_w = 260, .box_w = 16, .box_h = 21, .ofs_x = 0, .ofs_y = 0},
    {.bitmap_index = 8730, .adv_w = 168, .box_w = 9, .box_h = 26, .ofs_x = 2, .ofs_y = -3},
    {.bitmap_index = 8847, .adv_w = 218, .box_w = 12, .box_h = 26, .ofs_x = 1, .ofs_y = -3},
    {.bitmap_index = 9003, .adv_w = 168, .box_w = 8, .box_h = 26, .ofs_x = 0, .ofs_y = -3},
    {.bitmap_index = 9107, .adv_w = 203, .box_w = 11, .box_h = 9, .ofs_x = 1, .ofs_y = 11},
    {.bitmap_index = 9157, .adv_w = 259, .box_w = 14, .box_h = 3, .ofs_x = 1, .ofs_y = -3},
    {.bitmap_index = 9178, .adv_w = 120, .box_w = 6, .box_h = 4, .ofs_x = 1, .ofs_y = 18},
    {.bitmap_index = 9190, .adv_w = 262, .box_w = 15, .box_h = 16, .ofs_x = 1, .ofs_y = 0},
    {.bitmap_index = 9310, .adv_w = 282, .box_w = 15, .box_h = 21, .ofs_x = 2, .ofs_y = 0},
    {.bitmap_index = 9468, .adv_w = 261, .box_w = 15, .box_h = 16, .ofs_x = 1, .ofs_y = 0},
    {.bitmap_index = 9588, .adv_w = 282, .box_w = 15, .box_h = 21, .ofs_x = 1, .ofs_y = 0},
    {.bitmap_index = 9746, .adv_w = 267, .box_w = 15, .box_h = 16, .ofs_x = 1, .ofs_y = 0},
    {.bitmap_index = 9866, .adv_w = 191, .box_w = 10, .box_h = 21, .ofs_x = 1, .ofs_y = 0},
    {.bitmap_index = 9971, .adv_w = 282, .box_w = 15, .box_h = 20, .ofs_x = 1, .ofs_y = -4},
    {.bitmap_index = 10121, .adv_w = 274, .box_w = 13, .box_h = 21, .ofs_x = 2, .ofs_y = 0},
    {.bitmap_index = 10258, .adv_w = 119, .box_w = 4, .box_h = 21, .ofs_x = 2, .ofs_y = 0},
    {.bitmap_index = 10300, .adv_w = 132, .box_w = 8, .box_h = 25, .ofs_x = -1, .ofs_y = -4},
    {.bitmap_index = 10400, .adv_w = 283, .box_w = 15, .box_h = 21, .ofs_x = 2, .ofs_y = 0},
    {.bitmap_index = 10558, .adv_w = 131, .box_w = 6, .box_h = 21, .ofs_x = 2, .ofs_y = 0},
    {.bitmap_index = 10621, .adv_w = 411, .box_w = 22, .box_h = 16, .ofs_x = 2, .ofs_y = 0},
    {.bitmap_index = 10797, .adv_w = 274, .box_w = 13, .box_h = 16, .ofs_x = 2, .ofs_y = 0},
    {.bitmap_index = 10901, .adv_w = 273, .box_w = 15, .box_h = 16, .ofs_x = 1, .ofs_y = 0},
    {.bitmap_index = 11021, .adv_w = 282, .box_w = 15, .box_h = 20, .ofs_x = 2, .ofs_y = -4},
    {.bitmap_index = 11171, .adv_w = 282, .box_w = 15, .box_h = 20, .ofs_x = 1, .ofs_y = -4},
    {.bitmap_index = 11321, .adv_w = 183, .box_w = 9, .box_h = 16, .ofs_x = 2, .ofs_y = 0},
    {.bitmap_index = 11393, .adv_w = 249, .box_w = 14, .box_h = 16, .ofs_x = 1, .ofs_y = 0},
    {.bitmap_index = 11505, .adv_w = 190, .box_w = 10, .box_h = 20, .ofs_x = 1, .ofs_y = 0},
    {.bitmap_index = 11605, .adv_w = 272, .box_w = 13, .box_h = 16, .ofs_x = 2, .ofs_y = 0},
    {.bitmap_index = 11709, .adv_w = 260, .box_w = 16, .box_h = 16, .ofs_x = 0, .ofs_y = 0},
    {.bitmap_index = 11837, .adv_w = 385, .box_w = 24, .box_h = 16, .ofs_x = 0, .ofs_y = 0},
    {.bitmap_index = 12029, .adv_w = 282, .box_w = 16, .box_h = 16, .ofs_x = 1, .ofs_y = 0},
    {.bitmap_index = 12157, .adv_w = 257, .box_w = 16, .box_h = 20, .ofs_x = 0, .ofs_y = -4},
    {.bitmap_index = 12317, .adv_w = 256, .box_w = 14, .box_h = 16, .ofs_x = 1, .ofs_y = 0},
    {.bitmap_index = 12429, .adv_w = 183, .box_w = 11, .box_h = 26, .ofs_x = 1, .ofs_y = -3},
    {.bitmap_index = 12572, .adv_w = 127, .box_w = 4, .box_h = 26, .ofs_x = 2, .ofs_y = -3},
    {.bitmap_index = 12624, .adv_w = 183, .box_w = 11, .box_h = 26, .ofs_x = 0, .ofs_y = -3},
    {.bitmap_index = 12767, .adv_w = 243, .box_w = 13, .box_h = 6, .ofs_x = 1, .ofs_y = 7},
    {.bitmap_index = 12806, .adv_w = 113, .box_w = 0, .box_h = 0, .ofs_x = 0, .ofs_y = 0},
    {.bitmap_index = 12806, .adv_w = 106, .box_w = 5, .box_h = 20, .ofs_x = 1, .ofs_y = -4},
    {.bitmap_index = 12856, .adv_w = 261, .box_w = 15, .box_h = 21, .ofs_x = 1, .ofs_y = 0},
    {.bitmap_index = 13014, .adv_w = 289, .box_w = 16, .box_h = 21, .ofs_x = 1, .ofs_y = 0},
    {.bitmap_index = 13182, .adv_w = 291, .box_w = 16, .box_h = 17, .ofs_x = 1, .ofs_y = 2},
    {.bitmap_index = 13318, .adv_w = 276, .box_w = 19, .box_h = 21, .ofs_x = -1, .ofs_y = 0},
    {.bitmap_index = 13518, .adv_w = 127, .box_w = 4, .box_h = 26, .ofs_x = 2, .ofs_y = -3},
    {.bitmap_index = 13570, .adv_w = 264, .box_w = 14, .box_h = 23, .ofs_x = 1, .ofs_y = -2},
    {.bitmap_index = 13731, .adv_w = 175, .box_w = 9, .box_h = 4, .ofs_x = 1, .ofs_y = 18},
    {.bitmap_index = 13749, .adv_w = 383, .box_w = 22, .box_h = 22, .ofs_x = 1, .ofs_y = 0},
    {.bitmap_index = 13991, .adv_w = 191, .box_w = 11, .box_h = 10, .ofs_x = 1, .ofs_y = 11},
    {.bitmap_index = 14046, .adv_w = 264, .box_w = 15, .box_h = 12, .ofs_x = 1, .ofs_y = 2},
    {.bitmap_index = 14136, .adv_w = 234, .box_w = 13, .box_h = 8, .ofs_x = 1, .ofs_y = 2},
    {.bitmap_index = 14188, .adv_w = 155, .box_w = 9, .box_h = 3, .ofs_x = 0, .ofs_y = 6},
    {.bitmap_index = 14202, .adv_w = 297, .box_w = 17, .box_h = 16, .ofs_x = 1, .ofs_y = 5},
    {.bitmap_index = 14338, .adv_w = 168, .box_w = 9, .box_h = 3, .ofs_x = 1, .ofs_y = 18},
    {.bitmap_index = 14352, .adv_w = 191, .box_w = 10, .box_h = 10, .ofs_x = 1, .ofs_y = 12},
    {.bitmap_index = 14402, .adv_w = 251, .box_w = 14, .box_h = 17, .ofs_x = 1, .ofs_y = 0},
    {.bitmap_index = 14521, .adv_w = 165, .box_w = 9, .box_h = 12, .ofs_x = 1, .ofs_y = 9},
    {.bitmap_index = 14575, .adv_w = 160, .box_w = 10, .box_h = 12, .ofs_x = 0, .ofs_y = 9},
    {.bitmap_index = 14635, .adv_w = 120, .box_w = 6, .box_h = 4, .ofs_x = 1, .ofs_y = 18},
    {.bitmap_index = 14647, .adv_w = 272, .box_w = 13, .box_h = 20, .ofs_x = 2, .ofs_y = -4},
    {.bitmap_index = 14777, .adv_w = 287, .box_w = 15, .box_h = 21, .ofs_x = 1, .ofs_y = 0},
    {.bitmap_index = 14935, .adv_w = 99, .box_w = 4, .box_h = 4, .ofs_x = 1, .ofs_y = 7},
    {.bitmap_index = 14943, .adv_w = 149, .box_w = 8, .box_h = 7, .ofs_x = 1, .ofs_y = -7},
    {.bitmap_index = 14971, .adv_w = 118, .box_w = 6, .box_h = 12, .ofs_x = 0, .ofs_y = 9},
    {.bitmap_index = 15007, .adv_w = 199, .box_w = 11, .box_h = 11, .ofs_x = 1, .ofs_y = 10},
    {.bitmap_index = 15068, .adv_w = 267, .box_w = 15, .box_h = 12, .ofs_x = 1, .ofs_y = 2},
    {.bitmap_index = 15158, .adv_w = 348, .box_w = 22, .box_h = 21, .ofs_x = 0, .ofs_y = 0},
    {.bitmap_index = 15389, .adv_w = 378, .box_w = 23, .box_h = 22, .ofs_x = 0, .ofs_y = 0},
    {.bitmap_index = 15642, .adv_w = 373, .box_w = 23, .box_h = 21, .ofs_x = 0, .ofs_y = 0},
    {.bitmap_index = 15884, .adv_w = 264, .box_w = 15, .box_h = 21, .ofs_x = 1, .ofs_y = -4},
    {.bitmap_index = 16042, .adv_w = 320, .box_w = 20, .box_h = 27, .ofs_x = 0, .ofs_y = 0},
    {.bitmap_index = 16312, .adv_w = 320, .box_w = 20, .box_h = 27, .ofs_x = 0, .ofs_y = 0},
    {.bitmap_index = 16582, .adv_w = 320, .box_w = 20, .box_h = 27, .ofs_x = 0, .ofs_y = 0},
    {.bitmap_index = 16852, .adv_w = 320, .box_w = 20, .box_h = 27, .ofs_x = 0, .ofs_y = 0},
    {.bitmap_index = 17122, .adv_w = 320, .box_w = 20, .box_h = 27, .ofs_x = 0, .ofs_y = 0},
    {.bitmap_index = 17392, .adv_w = 321, .box_w = 20, .box_h = 28, .ofs_x = 0, .ofs_y = 0},
    {.bitmap_index = 17672, .adv_w = 462, .box_w = 28, .box_h = 21, .ofs_x = 0, .ofs_y = 0},
    {.bitmap_index = 17966, .adv_w = 331, .box_w = 19, .box_h = 27, .ofs_x = 1, .ofs_y = -6},
    {.bitmap_index = 18223, .adv_w = 283, .box_w = 15, .box_h = 27, .ofs_x = 2, .ofs_y = 0},
    {.bitmap_index = 18426, .adv_w = 283, .box_w = 15, .box_h = 27, .ofs_x = 2, .ofs_y = 0},
    {.bitmap_index = 18629, .adv_w = 283, .box_w = 15, .box_h = 27, .ofs_x = 2, .ofs_y = 0},
    {.bitmap_index = 18832, .adv_w = 283, .box_w = 15, .box_h = 27, .ofs_x = 2, .ofs_y = 0},
    {.bitmap_index = 19035, .adv_w = 130, .box_w = 6, .box_h = 27, .ofs_x = 0, .ofs_y = 0},
    {.bitmap_index = 19116, .adv_w = 130, .box_w = 6, .box_h = 27, .ofs_x = 2, .ofs_y = 0},
    {.bitmap_index = 19197, .adv_w = 130, .box_w = 10, .box_h = 27, .ofs_x = -1, .ofs_y = 0},
    {.bitmap_index = 19332, .adv_w = 130, .box_w = 10, .box_h = 27, .ofs_x = -1, .ofs_y = 0},
    {.bitmap_index = 19467, .adv_w = 325, .box_w = 20, .box_h = 21, .ofs_x = 0, .ofs_y = 0},
    {.bitmap_index = 19677, .adv_w = 346, .box_w = 18, .box_h = 27, .ofs_x = 2, .ofs_y = 0},
    {.bitmap_index = 19920, .adv_w = 348, .box_w = 20, .box_h = 27, .ofs_x = 1, .ofs_y = 0},
    {.bitmap_index = 20190, .adv_w = 348, .box_w = 20, .box_h = 27, .ofs_x = 1, .ofs_y = 0},
    {.bitmap_index = 20460, .adv_w = 348, .box_w = 20, .box_h = 28, .ofs_x = 1, .ofs_y = 0},
    {.bitmap_index = 20740, .adv_w = 348, .box_w = 20, .box_h = 28, .ofs_x = 1, .ofs_y = 0},
    {.bitmap_index = 21020, .adv_w = 348, .box_w = 20, .box_h = 27, .ofs_x = 1, .ofs_y = 0},
    {.bitmap_index = 21290, .adv_w = 239, .box_w = 13, .box_h = 13, .ofs_x = 1, .ofs_y = 2},
    {.bitmap_index = 21375, .adv_w = 348, .box_w = 20, .box_h = 21, .ofs_x = 1, .ofs_y = 0},
    {.bitmap_index = 21585, .adv_w = 322, .box_w = 17, .box_h = 27, .ofs_x = 2, .ofs_y = 0},
    {.bitmap_index = 21815, .adv_w = 322, .box_w = 17, .box_h = 27, .ofs_x = 2, .ofs_y = 0},
    {.bitmap_index = 22045, .adv_w = 322, .box_w = 17, .box_h = 28, .ofs_x = 2, .ofs_y = 0},
    {.bitmap_index = 22283, .adv_w = 322, .box_w = 17, .box_h = 27, .ofs_x = 2, .ofs_y = 0},
    {.bitmap_index = 22513, .adv_w = 276, .box_w = 19, .box_h = 27, .ofs_x = -1, .ofs_y = 0},
    {.bitmap_index = 22770, .adv_w = 291, .box_w = 15, .box_h = 21, .ofs_x = 2, .ofs_y = 0},
    {.bitmap_index = 22928, .adv_w = 283, .box_w = 15, .box_h = 21, .ofs_x = 2, .ofs_y = 0},
    {.bitmap_index = 23086, .adv_w = 262, .box_w = 15, .box_h = 22, .ofs_x = 1, .ofs_y = 0},
    {.bitmap_index = 23251, .adv_w = 262, .box_w = 15, .box_h = 22, .ofs_x = 1, .ofs_y = 0},
    {.bitmap_index = 23416, .adv_w = 262, .box_w = 15, .box_h = 22, .ofs_x = 1, .ofs_y = 0},
    {.bitmap_index = 23581, .adv_w = 262, .box_w = 15, .box_h = 22, .ofs_x = 1, .ofs_y = 0},
    {.bitmap_index = 23746, .adv_w = 262, .box_w = 15, .box_h = 21, .ofs_x = 1, .ofs_y = 0},
    {.bitmap_index = 23904, .adv_w = 262, .box_w = 15, .box_h = 23, .ofs_x = 1, .ofs_y = 0},
    {.bitmap_index = 24077, .adv_w = 432, .box_w = 25, .box_h = 16, .ofs_x = 1, .ofs_y = 0},
    {.bitmap_index = 24277, .adv_w = 261, .box_w = 15, .box_h = 22, .ofs_x = 1, .ofs_y = -6},
    {.bitmap_index = 24442, .adv_w = 267, .box_w = 15, .box_h = 22, .ofs_x = 1, .ofs_y = 0},
    {.bitmap_index = 24607, .adv_w = 267, .box_w = 15, .box_h = 22, .ofs_x = 1, .ofs_y = 0},
    {.bitmap_index = 24772, .adv_w = 267, .box_w = 15, .box_h = 22, .ofs_x = 1, .ofs_y = 0},
    {.bitmap_index = 24937, .adv_w = 267, .box_w = 15, .box_h = 21, .ofs_x = 1, .ofs_y = 0},
    {.bitmap_index = 25095, .adv_w = 119, .box_w = 6, .box_h = 21, .ofs_x = 0, .ofs_y = 0},
    {.bitmap_index = 25158, .adv_w = 119, .box_w = 6, .box_h = 21, .ofs_x = 2, .ofs_y = 0},
    {.bitmap_index = 25221, .adv_w = 119, .box_w = 9, .box_h = 22, .ofs_x = -1, .ofs_y = 0},
    {.bitmap_index = 25320, .adv_w = 119, .box_w = 8, .box_h = 21, .ofs_x = 0, .ofs_y = 0},
    {.bitmap_index = 25404, .adv_w = 273, .box_w = 16, .box_h = 22, .ofs_x = 1, .ofs_y = 0},
    {.bitmap_index = 25580, .adv_w = 274, .box_w = 13, .box_h = 22, .ofs_x = 2, .ofs_y = 0},
    {.bitmap_index = 25723, .adv_w = 273, .box_w = 15, .box_h = 22, .ofs_x = 1, .ofs_y = 0},
    {.bitmap_index = 25888, .adv_w = 273, .box_w = 15, .box_h = 22, .ofs_x = 1, .ofs_y = 0},
    {.bitmap_index = 26053, .adv_w = 273, .box_w = 15, .box_h = 22, .ofs_x = 1, .ofs_y = 0},
    {.bitmap_index = 26218, .adv_w = 273, .box_w = 15, .box_h = 22, .ofs_x = 1, .ofs_y = 0},
    {.bitmap_index = 26383, .adv_w = 273, .box_w = 15, .box_h = 21, .ofs_x = 1, .ofs_y = 0},
    {.bitmap_index = 26541, .adv_w = 254, .box_w = 14, .box_h = 15, .ofs_x = 1, .ofs_y = 1},
    {.bitmap_index = 26646, .adv_w = 273, .box_w = 15, .box_h = 16, .ofs_x = 1, .ofs_y = 0},
    {.bitmap_index = 26766, .adv_w = 272, .box_w = 13, .box_h = 22, .ofs_x = 2, .ofs_y = 0},
    {.bitmap_index = 26909, .adv_w = 272, .box_w = 13, .box_h = 22, .ofs_x = 2, .ofs_y = 0},
    {.bitmap_index = 27052, .adv_w = 272, .box_w = 13, .box_h = 22, .ofs_x = 2, .ofs_y = 0},
    {.bitmap_index = 27195, .adv_w = 272, .box_w = 13, .box_h = 21, .ofs_x = 2, .ofs_y = 0},
    {.bitmap_index = 27332, .adv_w = 257, .box_w = 16, .box_h = 26, .ofs_x = 0, .ofs_y = -4},
    {.bitmap_index = 27540, .adv_w = 281, .box_w = 15, .box_h = 25, .ofs_x = 2, .ofs_y = -4},
    {.bitmap_index = 27728, .adv_w = 257, .box_w = 16, .box_h = 25, .ofs_x = 0, .ofs_y = -4},
    {.bitmap_index = 27928, .adv_w = 320, .box_w = 20, .box_h = 26, .ofs_x = 0, .ofs_y = 0},
    {.bitmap_index = 28188, .adv_w = 262, .box_w = 15, .box_h = 21, .ofs_x = 1, .ofs_y = 0},
    {.bitmap_index = 28346, .adv_w = 320, .box_w = 20, .box_h = 27, .ofs_x = 0, .ofs_y = 0},
    {.bitmap_index = 28616, .adv_w = 262, .box_w = 15, .box_h = 22, .ofs_x = 1, .ofs_y = 0},
    {.bitmap_index = 28781, .adv_w = 320, .box_w = 21, .box_h = 28, .ofs_x = 0, .ofs_y = -7},
    {.bitmap_index = 29075, .adv_w = 262, .box_w = 16, .box_h = 22, .ofs_x = 1, .ofs_y = -6},
    {.bitmap_index = 29251, .adv_w = 331, .box_w = 19, .box_h = 27, .ofs_x = 1, .ofs_y = 0},
    {.bitmap_index = 29508, .adv_w = 261, .box_w = 15, .box_h = 22, .ofs_x = 1, .ofs_y = 0},
    {.bitmap_index = 29673, .adv_w = 331, .box_w = 19, .box_h = 28, .ofs_x = 1, .ofs_y = 0},
    {.bitmap_index = 29939, .adv_w = 261, .box_w = 15, .box_h = 22, .ofs_x = 1, .ofs_y = 0},
    {.bitmap_index = 30104, .adv_w = 331, .box_w = 19, .box_h = 27, .ofs_x = 1, .ofs_y = 0},
    {.bitmap_index = 30361, .adv_w = 261, .box_w = 15, .box_h = 21, .ofs_x = 1, .ofs_y = 0},
    {.bitmap_index = 30519, .adv_w = 331, .box_w = 19, .box_h = 28, .ofs_x = 1, .ofs_y = 0},
    {.bitmap_index = 30785, .adv_w = 261, .box_w = 15, .box_h = 22, .ofs_x = 1, .ofs_y = 0},
    {.bitmap_index = 30950, .adv_w = 325, .box_w = 18, .box_h = 27, .ofs_x = 2, .ofs_y = 0},
    {.bitmap_index = 31193, .adv_w = 319, .box_w = 20, .box_h = 21, .ofs_x = 1, .ofs_y = 0},
    {.bitmap_index = 31403, .adv_w = 325, .box_w = 20, .box_h = 21, .ofs_x = 0, .ofs_y = 0},
    {.bitmap_index = 31613, .adv_w = 282, .box_w = 17, .box_h = 21, .ofs_x = 1, .ofs_y = 0},
    {.bitmap_index = 31792, .adv_w = 283, .box_w = 15, .box_h = 26, .ofs_x = 2, .ofs_y = 0},
    {.bitmap_index = 31987, .adv_w = 267, .box_w = 15, .box_h = 21, .ofs_x = 1, .ofs_y = 0},
    {.bitmap_index = 32145, .adv_w = 309, .box_w = 16, .box_h = 26, .ofs_x = 2, .ofs_y = 0},
    {.bitmap_index = 32353, .adv_w = 258, .box_w = 14, .box_h = 20, .ofs_x = 1, .ofs_y = 0},
    {.bitmap_index = 32493, .adv_w = 283, .box_w = 15, .box_h = 27, .ofs_x = 2, .ofs_y = 0},
    {.bitmap_index = 32696, .adv_w = 267, .box_w = 15, .box_h = 21, .ofs_x = 1, .ofs_y = 0},
    {.bitmap_index = 32854, .adv_w = 283, .box_w = 16, .box_h = 28, .ofs_x = 2, .ofs_y = -7},
    {.bitmap_index = 33078, .adv_w = 267, .box_w = 15, .box_h = 22, .ofs_x = 1, .ofs_y = -6},
    {.bitmap_index = 33243, .adv_w = 283, .box_w = 15, .box_h = 27, .ofs_x = 2, .ofs_y = 0},
    {.bitmap_index = 33446, .adv_w = 267, .box_w = 15, .box_h = 22, .ofs_x = 1, .ofs_y = 0},
    {.bitmap_index = 33611, .adv_w = 331, .box_w = 19, .box_h = 28, .ofs_x = 1, .ofs_y = 0},
    {.bitmap_index = 33877, .adv_w = 282, .box_w = 15, .box_h = 27, .ofs_x = 1, .ofs_y = -4},
    {.bitmap_index = 34080, .adv_w = 331, .box_w = 19, .box_h = 28, .ofs_x = 1, .ofs_y = 0},
    {.bitmap_index = 34346, .adv_w = 282, .box_w = 15, .box_h = 27, .ofs_x = 1, .ofs_y = -4},
    {.bitmap_index = 34549, .adv_w = 331, .box_w = 19, .box_h = 27, .ofs_x = 1, .ofs_y = 0},
    {.bitmap_index = 34806, .adv_w = 282, .box_w = 15, .box_h = 25, .ofs_x = 1, .ofs_y = -4},
    {.bitmap_index = 34994, .adv_w = 331, .box_w = 19, .box_h = 28, .ofs_x = 1, .ofs_y = -7},
    {.bitmap_index = 35260, .adv_w = 282, .box_w = 15, .box_h = 28, .ofs_x = 1, .ofs_y = -4},
    {.bitmap_index = 35470, .adv_w = 332, .box_w = 17, .box_h = 27, .ofs_x = 2, .ofs_y = 0},
    {.bitmap_index = 35700, .adv_w = 274, .box_w = 16, .box_h = 27, .ofs_x = -1, .ofs_y = 0},
    {.bitmap_index = 35916, .adv_w = 332, .box_w = 21, .box_h = 21, .ofs_x = 0, .ofs_y = 0},
    {.bitmap_index = 36137, .adv_w = 274, .box_w = 15, .box_h = 21, .ofs_x = 0, .ofs_y = 0},
    {.bitmap_index = 36295, .adv_w = 130, .box_w = 10, .box_h = 27, .ofs_x = -1, .ofs_y = 0},
    {.bitmap_index = 36430, .adv_w = 119, .box_w = 10, .box_h = 22, .ofs_x = -1, .ofs_y = 0},
    {.bitmap_index = 36540, .adv_w = 130, .box_w = 9, .box_h = 26, .ofs_x = 0, .ofs_y = 0},
    {.bitmap_index = 36657, .adv_w = 119, .box_w = 9, .box_h = 21, .ofs_x = -1, .ofs_y = 0},
    {.bitmap_index = 36752, .adv_w = 129, .box_w = 10, .box_h = 26, .ofs_x = -1, .ofs_y = 0},
    {.bitmap_index = 36882, .adv_w = 103, .box_w = 9, .box_h = 20, .ofs_x = -1, .ofs_y = 0},
    {.bitmap_index = 36972, .adv_w = 130, .box_w = 6, .box_h = 28, .ofs_x = 1, .ofs_y = -7},
    {.bitmap_index = 37056, .adv_w = 119, .box_w = 7, .box_h = 28, .ofs_x = 0, .ofs_y = -7},
    {.bitmap_index = 37154, .adv_w = 130, .box_w = 4, .box_h = 27, .ofs_x = 2, .ofs_y = 0},
    {.bitmap_index = 37208, .adv_w = 119, .box_w = 4, .box_h = 16, .ofs_x = 2, .ofs_y = 0},
    {.bitmap_index = 37240, .adv_w = 403, .box_w = 22, .box_h = 21, .ofs_x = 2, .ofs_y = 0},
    {.bitmap_index = 37471, .adv_w = 243, .box_w = 12, .box_h = 25, .ofs_x = 2, .ofs_y = -4},
    {.bitmap_index = 37621, .adv_w = 282, .box_w = 18, .box_h = 28, .ofs_x = 1, .ofs_y = 0},
    {.bitmap_index = 37873, .adv_w = 132, .box_w = 10, .box_h = 26, .ofs_x = -1, .ofs_y = -4},
    {.bitmap_index = 38003, .adv_w = 304, .box_w = 17, .box_h = 28, .ofs_x = 2, .ofs_y = -7},
    {.bitmap_index = 38241, .adv_w = 283, .box_w = 15, .box_h = 28, .ofs_x = 2, .ofs_y = -7},
    {.bitmap_index = 38451, .adv_w = 203, .box_w = 12, .box_h = 15, .ofs_x = 1, .ofs_y = 0},
    {.bitmap_index = 38541, .adv_w = 271, .box_w = 14, .box_h = 27, .ofs_x = 2, .ofs_y = 0},
    {.bitmap_index = 38730, .adv_w = 131, .box_w = 6, .box_h = 26, .ofs_x = 2, .ofs_y = 0},
    {.bitmap_index = 38808, .adv_w = 271, .box_w = 14, .box_h = 28, .ofs_x = 2, .ofs_y = -7},
    {.bitmap_index = 39004, .adv_w = 131, .box_w = 6, .box_h = 28, .ofs_x = 2, .ofs_y = -7},
    {.bitmap_index = 39088, .adv_w = 271, .box_w = 14, .box_h = 21, .ofs_x = 2, .ofs_y = 0},
    {.bitmap_index = 39235, .adv_w = 159, .box_w = 9, .box_h = 21, .ofs_x = 2, .ofs_y = 0},
    {.bitmap_index = 39330, .adv_w = 258, .box_w = 14, .box_h = 20, .ofs_x = 2, .ofs_y = 0},
    {.bitmap_index = 39470, .adv_w = 147, .box_w = 9, .box_h = 20, .ofs_x = 1, .ofs_y = 0},
    {.bitmap_index = 39560, .adv_w = 271, .box_w = 16, .box_h = 21, .ofs_x = 0, .ofs_y = 0},
    {.bitmap_index = 39728, .adv_w = 131, .box_w = 8, .box_h = 21, .ofs_x = 0, .ofs_y = 0},
    {.bitmap_index = 39812, .adv_w = 346, .box_w = 18, .box_h = 27, .ofs_x = 2, .ofs_y = 0},
    {.bitmap_index = 40055, .adv_w = 274, .box_w = 13, .box_h = 21, .ofs_x = 2, .ofs_y = 0},
    {.bitmap_index = 40192, .adv_w = 346, .box_w = 18, .box_h = 28, .ofs_x = 2, .ofs_y = -7},
    {.bitmap_index = 40444, .adv_w = 274, .box_w = 13, .box_h = 23, .ofs_x = 2, .ofs_y = -7},
    {.bitmap_index = 40594, .adv_w = 346, .box_w = 18, .box_h = 27, .ofs_x = 2, .ofs_y = 0},
    {.bitmap_index = 40837, .adv_w = 274, .box_w = 13, .box_h = 22, .ofs_x = 2, .ofs_y = 0},
    {.bitmap_index = 40980, .adv_w = 290, .box_w = 18, .box_h = 20, .ofs_x = -1, .ofs_y = 0},
    {.bitmap_index = 41160, .adv_w = 346, .box_w = 18, .box_h = 25, .ofs_x = 2, .ofs_y = -4},
    {.bitmap_index = 41385, .adv_w = 274, .box_w = 13, .box_h = 20, .ofs_x = 2, .ofs_y = -4},
    {.bitmap_index = 41515, .adv_w = 348, .box_w = 20, .box_h = 27, .ofs_x = 1, .ofs_y = 0},
    {.bitmap_index = 41785, .adv_w = 273, .box_w = 15, .box_h = 21, .ofs_x = 1, .ofs_y = 0},
    {.bitmap_index = 41943, .adv_w = 361, .box_w = 21, .box_h = 26, .ofs_x = 1, .ofs_y = 0},
    {.bitmap_index = 42216, .adv_w = 258, .box_w = 15, .box_h = 20, .ofs_x = 1, .ofs_y = 0},
    {.bitmap_index = 42366, .adv_w = 348, .box_w = 20, .box_h = 27, .ofs_x = 1, .ofs_y = 0},
    {.bitmap_index = 42636, .adv_w = 273, .box_w = 15, .box_h = 22, .ofs_x = 1, .ofs_y = 0},
    {.bitmap_index = 42801, .adv_w = 510, .box_w = 30, .box_h = 21, .ofs_x = 1, .ofs_y = 0},
    {.bitmap_index = 43116, .adv_w = 451, .box_w = 26, .box_h = 16, .ofs_x = 1, .ofs_y = 0},
    {.bitmap_index = 43324, .adv_w = 316, .box_w = 17, .box_h = 27, .ofs_x = 2, .ofs_y = 0},
    {.bitmap_index = 43554, .adv_w = 183, .box_w = 9, .box_h = 21, .ofs_x = 2, .ofs_y = 0},
    {.bitmap_index = 43649, .adv_w = 316, .box_w = 17, .box_h = 28, .ofs_x = 2, .ofs_y = -7},
    {.bitmap_index = 43887, .adv_w = 183, .box_w = 10, .box_h = 23, .ofs_x = 1, .ofs_y = -7},
    {.bitmap_index = 44002, .adv_w = 316, .box_w = 17, .box_h = 27, .ofs_x = 2, .ofs_y = 0},
    {.bitmap_index = 44232, .adv_w = 183, .box_w = 10, .box_h = 22, .ofs_x = 1, .ofs_y = 0},
    {.bitmap_index = 44342, .adv_w = 303, .box_w = 17, .box_h = 27, .ofs_x = 1, .ofs_y = 0},
    {.bitmap_index = 44572, .adv_w = 249, .box_w = 14, .box_h = 22, .ofs_x = 1, .ofs_y = 0},
    {.bitmap_index = 44726, .adv_w = 303, .box_w = 17, .box_h = 28, .ofs_x = 1, .ofs_y = 0},
    {.bitmap_index = 44964, .adv_w = 249, .box_w = 14, .box_h = 22, .ofs_x = 1, .ofs_y = 0},
    {.bitmap_index = 45118, .adv_w = 303, .box_w = 17, .box_h = 27, .ofs_x = 1, .ofs_y = -6},
    {.bitmap_index = 45348, .adv_w = 249, .box_w = 14, .box_h = 22, .ofs_x = 1, .ofs_y = -6},
    {.bitmap_index = 45502, .adv_w = 303, .box_w = 17, .box_h = 28, .ofs_x = 1, .ofs_y = 0},
    {.bitmap_index = 45740, .adv_w = 249, .box_w = 14, .box_h = 22, .ofs_x = 1, .ofs_y = 0},
    {.bitmap_index = 45894, .adv_w = 264, .box_w = 17, .box_h = 28, .ofs_x = 0, .ofs_y = -7},
    {.bitmap_index = 46132, .adv_w = 190, .box_w = 10, .box_h = 27, .ofs_x = 1, .ofs_y = -7},
    {.bitmap_index = 46267, .adv_w = 264, .box_w = 17, .box_h = 27, .ofs_x = 0, .ofs_y = 0},
    {.bitmap_index = 46497, .adv_w = 193, .box_w = 12, .box_h = 23, .ofs_x = 1, .ofs_y = 0},
    {.bitmap_index = 46635, .adv_w = 264, .box_w = 17, .box_h = 21, .ofs_x = 0, .ofs_y = 0},
    {.bitmap_index = 46814, .adv_w = 190, .box_w = 10, .box_h = 20, .ofs_x = 1, .ofs_y = 0},
    {.bitmap_index = 46914, .adv_w = 322, .box_w = 17, .box_h = 28, .ofs_x = 2, .ofs_y = 0},
    {.bitmap_index = 47152, .adv_w = 272, .box_w = 13, .box_h = 22, .ofs_x = 2, .ofs_y = 0},
    {.bitmap_index = 47295, .adv_w = 322, .box_w = 17, .box_h = 27, .ofs_x = 2, .ofs_y = 0},
    {.bitmap_index = 47525, .adv_w = 272, .box_w = 13, .box_h = 21, .ofs_x = 2, .ofs_y = 0},
    {.bitmap_index = 47662, .adv_w = 322, .box_w = 17, .box_h = 28, .ofs_x = 2, .ofs_y = 0},
    {.bitmap_index = 47900, .adv_w = 272, .box_w = 13, .box_h = 22, .ofs_x = 2, .ofs_y = 0},
    {.bitmap_index = 48043, .adv_w = 322, .box_w = 17, .box_h = 28, .ofs_x = 2, .ofs_y = 0},
    {.bitmap_index = 48281, .adv_w = 272, .box_w = 13, .box_h = 23, .ofs_x = 2, .ofs_y = 0},
    {.bitmap_index = 48431, .adv_w = 322, .box_w = 17, .box_h = 27, .ofs_x = 2, .ofs_y = 0},
    {.bitmap_index = 48661, .adv_w = 272, .box_w = 13, .box_h = 22, .ofs_x = 2, .ofs_y = 0},
    {.bitmap_index = 48804, .adv_w = 322, .box_w = 17, .box_h = 27, .ofs_x = 2, .ofs_y = -6},
    {.bitmap_index = 49034, .adv_w = 272, .box_w = 14, .box_h = 22, .ofs_x = 2, .ofs_y = -6},
    {.bitmap_index = 49188, .adv_w = 449, .box_w = 26, .box_h = 27, .ofs_x = 1, .ofs_y = 0},
    {.bitmap_index = 49539, .adv_w = 385, .box_w = 24, .box_h = 22, .ofs_x = 0, .ofs_y = 0},
    {.bitmap_index = 49803, .adv_w = 276, .box_w = 19, .box_h = 27, .ofs_x = -1, .ofs_y = 0},
    {.bitmap_index = 50060, .adv_w = 257, .box_w = 16, .box_h = 26, .ofs_x = 0, .ofs_y = -4},
    {.bitmap_index = 50268, .adv_w = 276, .box_w = 19, .box_h = 27, .ofs_x = -1, .ofs_y = 0},
    {.bitmap_index = 50525, .adv_w = 260, .box_w = 16, .box_h = 27, .ofs_x = 0, .ofs_y = 0},
    {.bitmap_index = 50741, .adv_w = 256, .box_w = 14, .box_h = 21, .ofs_x = 1, .ofs_y = 0},
    {.bitmap_index = 50888, .adv_w = 260, .box_w = 16, .box_h = 27, .ofs_x = 0, .ofs_y = 0},
    {.bitmap_index = 51104, .adv_w = 256, .box_w = 14, .box_h = 21, .ofs_x = 1, .ofs_y = 0},
    {.bitmap_index = 51251, .adv_w = 260, .box_w = 16, .box_h = 27, .ofs_x = 0, .ofs_y = 0},
    {.bitmap_index = 51467, .adv_w = 256, .box_w = 14, .box_h = 22, .ofs_x = 1, .ofs_y = 0},
    {.bitmap_index = 51621, .adv_w = 103, .box_w = 8, .box_h = 20, .ofs_x = 1, .ofs_y = 0},
    {.bitmap_index = 51701, .adv_w = 258, .box_w = 16, .box_h = 20, .ofs_x = -1, .ofs_y = 0},
    {.bitmap_index = 51861, .adv_w = 343, .box_w = 20, .box_h = 20, .ofs_x = 0, .ofs_y = 0},
    {.bitmap_index = 52061, .adv_w = 304, .box_w = 16, .box_h = 20, .ofs_x = 2, .ofs_y = 0},
    {.bitmap_index = 52221, .adv_w = 258, .box_w = 14, .box_h = 20, .ofs_x = 1, .ofs_y = 0},
    {.bitmap_index = 52361, .adv_w = 258, .box_w = 14, .box_h = 20, .ofs_x = 1, .ofs_y = 0},
    {.bitmap_index = 52501, .adv_w = 258, .box_w = 14, .box_h = 20, .ofs_x = 1, .ofs_y = 0},
    {.bitmap_index = 52641, .adv_w = 335, .box_w = 19, .box_h = 20, .ofs_x = 1, .ofs_y = 0},
    {.bitmap_index = 52831, .adv_w = 355, .box_w = 22, .box_h = 22, .ofs_x = 1, .ofs_y = 0},
    {.bitmap_index = 53073, .adv_w = 269, .box_w = 16, .box_h = 17, .ofs_x = 1, .ofs_y = 0},
    {.bitmap_index = 53209, .adv_w = 335, .box_w = 20, .box_h = 20, .ofs_x = 0, .ofs_y = 0},
    {.bitmap_index = 53409, .adv_w = 366, .box_w = 22, .box_h = 20, .ofs_x = 0, .ofs_y = 0},
    {.bitmap_index = 53629, .adv_w = 304, .box_w = 16, .box_h = 20, .ofs_x = 1, .ofs_y = 0},
    {.bitmap_index = 53789, .adv_w = 258, .box_w = 14, .box_h = 20, .ofs_x = 1, .ofs_y = 0},
    {.bitmap_index = 53929, .adv_w = 259, .box_w = 15, .box_h = 21, .ofs_x = 1, .ofs_y = -6},
    {.bitmap_index = 54087, .adv_w = 309, .box_w = 17, .box_h = 20, .ofs_x = 1, .ofs_y = 0},
    {.bitmap_index = 54257, .adv_w = 338, .box_w = 19, .box_h = 21, .ofs_x = 1, .ofs_y = 0},
    {.bitmap_index = 54457, .adv_w = 280, .box_w = 16, .box_h = 20, .ofs_x = 1, .ofs_y = 0},
    {.bitmap_index = 54617, .adv_w = 283, .box_w = 18, .box_h = 25, .ofs_x = -1, .ofs_y = -5},
    {.bitmap_index = 54842, .adv_w = 240, .box_w = 13, .box_h = 21, .ofs_x = 1, .ofs_y = 0},
    {.bitmap_index = 54979, .adv_w = 367, .box_w = 22, .box_h = 22, .ofs_x = 1, .ofs_y = 0},
    {.bitmap_index = 55221, .adv_w = 301, .box_w = 19, .box_h = 26, .ofs_x = 0, .ofs_y = -6},
    {.bitmap_index = 55468, .adv_w = 374, .box_w = 22, .box_h = 20, .ofs_x = 1, .ofs_y = 0},
    {.bitmap_index = 55688, .adv_w = 114, .box_w = 7, .box_h = 20, .ofs_x = 1, .ofs_y = 0},
    {.bitmap_index = 55758, .adv_w = 149, .box_w = 10, .box_h = 20, .ofs_x = 0, .ofs_y = 0},
    {.bitmap_index = 55858, .adv_w = 309, .box_w = 19, .box_h = 20, .ofs_x = 2, .ofs_y = 0},
    {.bitmap_index = 56048, .adv_w = 232, .box_w = 14, .box_h = 20, .ofs_x = 1, .ofs_y = 0},
    {.bitmap_index = 56188, .adv_w = 149, .box_w = 10, .box_h = 20, .ofs_x = 0, .ofs_y = 0},
    {.bitmap_index = 56288, .adv_w = 232, .box_w = 15, .box_h = 20, .ofs_x = 0, .ofs_y = 0},
    {.bitmap_index = 56438, .adv_w = 387, .box_w = 22, .box_h = 20, .ofs_x = 1, .ofs_y = 0},
    {.bitmap_index = 56658, .adv_w = 335, .box_w = 20, .box_h = 25, .ofs_x = -1, .ofs_y = -5},
    {.bitmap_index = 56908, .adv_w = 258, .box_w = 14, .box_h = 21, .ofs_x = 1, .ofs_y = -6},
    {.bitmap_index = 57055, .adv_w = 361, .box_w = 21, .box_h = 20, .ofs_x = 1, .ofs_y = 0},
    {.bitmap_index = 57265, .adv_w = 348, .box_w = 20, .box_h = 26, .ofs_x = 1, .ofs_y = 0},
    {.bitmap_index = 57525, .adv_w = 273, .box_w = 15, .box_h = 20, .ofs_x = 1, .ofs_y = 0},
    {.bitmap_index = 57675, .adv_w = 473, .box_w = 27, .box_h = 20, .ofs_x = 1, .ofs_y = 0},
    {.bitmap_index = 57945, .adv_w = 363, .box_w = 20, .box_h = 21, .ofs_x = 1, .ofs_y = -6},
    {.bitmap_index = 58155, .adv_w = 341, .box_w = 21, .box_h = 20, .ofs_x = 0, .ofs_y = 0},
    {.bitmap_index = 58365, .adv_w = 258, .box_w = 15, .box_h = 24, .ofs_x = 1, .ofs_y = -6},
    {.bitmap_index = 58545, .adv_w = 335, .box_w = 20, .box_h = 24, .ofs_x = 2, .ofs_y = -4},
    {.bitmap_index = 58785, .adv_w = 309, .box_w = 18, .box_h = 20, .ofs_x = 1, .ofs_y = 0},
    {.bitmap_index = 58965, .adv_w = 232, .box_w = 13, .box_h = 15, .ofs_x = 1, .ofs_y = 0},
    {.bitmap_index = 59063, .adv_w = 279, .box_w = 16, .box_h = 20, .ofs_x = 1, .ofs_y = 0},
    {.bitmap_index = 59223, .adv_w = 170, .box_w = 12, .box_h = 25, .ofs_x = 0, .ofs_y = -5},
    {.bitmap_index = 59373, .adv_w = 129, .box_w = 8, .box_h = 26, .ofs_x = 0, .ofs_y = -5},
    {.bitmap_index = 59477, .adv_w = 265, .box_w = 16, .box_h = 20, .ofs_x = 0, .ofs_y = 0},
    {.bitmap_index = 59637, .adv_w = 129, .box_w = 8, .box_h = 20, .ofs_x = 0, .ofs_y = 0},
    {.bitmap_index = 59717, .adv_w = 283, .box_w = 18, .box_h = 26, .ofs_x = 0, .ofs_y = -6},
    {.bitmap_index = 59951, .adv_w = 322, .box_w = 19, .box_h = 26, .ofs_x = 2, .ofs_y = 0},
    {.bitmap_index = 60198, .adv_w = 275, .box_w = 16, .box_h = 20, .ofs_x = 2, .ofs_y = 0},
    {.bitmap_index = 60358, .adv_w = 347, .box_w = 19, .box_h = 20, .ofs_x = 1, .ofs_y = 0},
    {.bitmap_index = 60548, .adv_w = 309, .box_w = 18, .box_h = 20, .ofs_x = 0, .ofs_y = 0},
    {.bitmap_index = 60728, .adv_w = 349, .box_w = 22, .box_h = 20, .ofs_x = 0, .ofs_y = 0},
    {.bitmap_index = 60948, .adv_w = 285, .box_w = 18, .box_h = 21, .ofs_x = 0, .ofs_y = -6},
    {.bitmap_index = 61137, .adv_w = 283, .box_w = 17, .box_h = 20, .ofs_x = 0, .ofs_y = 0},
    {.bitmap_index = 61307, .adv_w = 232, .box_w = 14, .box_h = 15, .ofs_x = 0, .ofs_y = 0},
    {.bitmap_index = 61412, .adv_w = 291, .box_w = 16, .box_h = 20, .ofs_x = 1, .ofs_y = 0},
    {.bitmap_index = 61572, .adv_w = 291, .box_w = 17, .box_h = 20, .ofs_x = 1, .ofs_y = 0},
    {.bitmap_index = 61742, .adv_w = 244, .box_w = 14, .box_h = 21, .ofs_x = 1, .ofs_y = -6},
    {.bitmap_index = 61889, .adv_w = 223, .box_w = 12, .box_h = 21, .ofs_x = 1, .ofs_y = -6},
    {.bitmap_index = 62015, .adv_w = 258, .box_w = 15, .box_h = 20, .ofs_x = 0, .ofs_y = 0},
    {.bitmap_index = 62165, .adv_w = 258, .box_w = 15, .box_h = 20, .ofs_x = 0, .ofs_y = 0},
    {.bitmap_index = 62315, .adv_w = 244, .box_w = 14, .box_h = 15, .ofs_x = 1, .ofs_y = 0},
    {.bitmap_index = 62420, .adv_w = 258, .box_w = 14, .box_h = 20, .ofs_x = 1, .ofs_y = 0},
    {.bitmap_index = 62560, .adv_w = 258, .box_w = 14, .box_h = 21, .ofs_x = 1, .ofs_y = -6},
    {.bitmap_index = 62707, .adv_w = 129, .box_w = 3, .box_h = 20, .ofs_x = 2, .ofs_y = 0},
    {.bitmap_index = 62737, .adv_w = 215, .box_w = 9, .box_h = 20, .ofs_x = 2, .ofs_y = 0},
    {.bitmap_index = 62827, .adv_w = 220, .box_w = 14, .box_h = 20, .ofs_x = 0, .ofs_y = 0},
    {.bitmap_index = 62967, .adv_w = 129, .box_w = 4, .box_h = 20, .ofs_x = 2, .ofs_y = 0},
    {.bitmap_index = 63007, .adv_w = 619, .box_w = 36, .box_h = 26, .ofs_x = 2, .ofs_y = 0},
    {.bitmap_index = 63475, .adv_w = 567, .box_w = 33, .box_h = 20, .ofs_x = 2, .ofs_y = 0},
    {.bitmap_index = 63805, .adv_w = 490, .box_w = 30, .box_h = 20, .ofs_x = 1, .ofs_y = 0},
    {.bitmap_index = 64105, .adv_w = 478, .box_w = 26, .box_h = 20, .ofs_x = 2, .ofs_y = 0},
    {.bitmap_index = 64365, .adv_w = 361, .box_w = 19, .box_h = 26, .ofs_x = 2, .ofs_y = -6},
    {.bitmap_index = 64612, .adv_w = 206, .box_w = 10, .box_h = 26, .ofs_x = 1, .ofs_y = -6},
    {.bitmap_index = 64742, .adv_w = 567, .box_w = 32, .box_h = 20, .ofs_x = 2, .ofs_y = 0},
    {.bitmap_index = 65062, .adv_w = 438, .box_w = 24, .box_h = 26, .ofs_x = 2, .ofs_y = -6},
    {.bitmap_index = 65374, .adv_w = 361, .box_w = 20, .box_h = 26, .ofs_x = 1, .ofs_y = -6},
    {.bitmap_index = 65634, .adv_w = 320, .box_w = 20, .box_h = 27, .ofs_x = 0, .ofs_y = 0},
    {.bitmap_index = 65904, .adv_w = 262, .box_w = 15, .box_h = 22, .ofs_x = 1, .ofs_y = 0},
    {.bitmap_index = 66069, .adv_w = 129, .box_w = 10, .box_h = 26, .ofs_x = -1, .ofs_y = 0},
    {.bitmap_index = 66199, .adv_w = 129, .box_w = 10, .box_h = 20, .ofs_x = -1, .ofs_y = 0},
    {.bitmap_index = 66299, .adv_w = 361, .box_w = 21, .box_h = 26, .ofs_x = 1, .ofs_y = 0},
    {.bitmap_index = 66572, .adv_w = 258, .box_w = 15, .box_h = 20, .ofs_x = 1, .ofs_y = 0},
    {.bitmap_index = 66722, .adv_w = 335, .box_w = 17, .box_h = 26, .ofs_x = 2, .ofs_y = 0},
    {.bitmap_index = 66943, .adv_w = 258, .box_w = 14, .box_h = 20, .ofs_x = 1, .ofs_y = 0},
    {.bitmap_index = 67083, .adv_w = 335, .box_w = 17, .box_h = 29, .ofs_x = 2, .ofs_y = 0},
    {.bitmap_index = 67330, .adv_w = 258, .box_w = 14, .box_h = 24, .ofs_x = 1, .ofs_y = 0},
    {.bitmap_index = 67498, .adv_w = 335, .box_w = 17, .box_h = 31, .ofs_x = 2, .ofs_y = 0},
    {.bitmap_index = 67762, .adv_w = 258, .box_w = 14, .box_h = 26, .ofs_x = 1, .ofs_y = 0},
    {.bitmap_index = 67944, .adv_w = 335, .box_w = 17, .box_h = 31, .ofs_x = 2, .ofs_y = 0},
    {.bitmap_index = 68208, .adv_w = 258, .box_w = 14, .box_h = 26, .ofs_x = 1, .ofs_y = 0},
    {.bitmap_index = 68390, .adv_w = 335, .box_w = 17, .box_h = 31, .ofs_x = 2, .ofs_y = 0},
    {.bitmap_index = 68654, .adv_w = 258, .box_w = 14, .box_h = 26, .ofs_x = 1, .ofs_y = 0},
    {.bitmap_index = 68836, .adv_w = 258, .box_w = 14, .box_h = 15, .ofs_x = 1, .ofs_y = 0},
    {.bitmap_index = 68941, .adv_w = 309, .box_w = 21, .box_h = 29, .ofs_x = -1, .ofs_y = 0},
    {.bitmap_index = 69246, .adv_w = 258, .box_w = 14, .box_h = 24, .ofs_x = 1, .ofs_y = 0},
    {.bitmap_index = 69414, .adv_w = 309, .box_w = 21, .box_h = 29, .ofs_x = -1, .ofs_y = 0},
    {.bitmap_index = 69719, .adv_w = 258, .box_w = 14, .box_h = 24, .ofs_x = 1, .ofs_y = 0},
    {.bitmap_index = 69887, .adv_w = 464, .box_w = 28, .box_h = 25, .ofs_x = 0, .ofs_y = 0},
    {.bitmap_index = 70237, .adv_w = 413, .box_w = 25, .box_h = 21, .ofs_x = 0, .ofs_y = 0},
    {.bitmap_index = 70500, .adv_w = 351, .box_w = 20, .box_h = 21, .ofs_x = 1, .ofs_y = 0},
    {.bitmap_index = 70710, .adv_w = 295, .box_w = 17, .box_h = 20, .ofs_x = 1, .ofs_y = -4},
    {.bitmap_index = 70880, .adv_w = 331, .box_w = 19, .box_h = 28, .ofs_x = 1, .ofs_y = 0},
    {.bitmap_index = 71146, .adv_w = 282, .box_w = 15, .box_h = 27, .ofs_x = 1, .ofs_y = -4},
    {.bitmap_index = 71349, .adv_w = 304, .box_w = 17, .box_h = 27, .ofs_x = 2, .ofs_y = 0},
    {.bitmap_index = 71579, .adv_w = 283, .box_w = 18, .box_h = 26, .ofs_x = -1, .ofs_y = 0},
    {.bitmap_index = 71813, .adv_w = 361, .box_w = 21, .box_h = 26, .ofs_x = 1, .ofs_y = -6},
    {.bitmap_index = 72086, .adv_w = 258, .box_w = 16, .box_h = 21, .ofs_x = 0, .ofs_y = -6},
    {.bitmap_index = 72254, .adv_w = 361, .box_w = 21, .box_h = 31, .ofs_x = 1, .ofs_y = -6},
    {.bitmap_index = 72580, .adv_w = 258, .box_w = 16, .box_h = 26, .ofs_x = 0, .ofs_y = -6},
    {.bitmap_index = 72788, .adv_w = 248, .box_w = 14, .box_h = 26, .ofs_x = 1, .ofs_y = 0},
    {.bitmap_index = 72970, .adv_w = 248, .box_w = 14, .box_h = 26, .ofs_x = 1, .ofs_y = -6},
    {.bitmap_index = 73152, .adv_w = 103, .box_w = 10, .box_h = 26, .ofs_x = -2, .ofs_y = -6},
    {.bitmap_index = 73282, .adv_w = 619, .box_w = 36, .box_h = 20, .ofs_x = 2, .ofs_y = 0},
    {.bitmap_index = 73642, .adv_w = 567, .box_w = 33, .box_h = 20, .ofs_x = 2, .ofs_y = 0},
    {.bitmap_index = 73972, .adv_w = 490, .box_w = 29, .box_h = 20, .ofs_x = 1, .ofs_y = 0},
    {.bitmap_index = 74262, .adv_w = 361, .box_w = 20, .box_h = 26, .ofs_x = 1, .ofs_y = 0},
    {.bitmap_index = 74522, .adv_w = 258, .box_w = 15, .box_h = 26, .ofs_x = 0, .ofs_y = -6},
    {.bitmap_index = 74717, .adv_w = 309, .box_w = 21, .box_h = 30, .ofs_x = -1, .ofs_y = 0},
    {.bitmap_index = 75032, .adv_w = 258, .box_w = 14, .box_h = 27, .ofs_x = 1, .ofs_y = 0},
    {.bitmap_index = 75221, .adv_w = 464, .box_w = 28, .box_h = 25, .ofs_x = 0, .ofs_y = 0},
    {.bitmap_index = 75571, .adv_w = 413, .box_w = 25, .box_h = 20, .ofs_x = 0, .ofs_y = 0},
    {.bitmap_index = 75821, .adv_w = 361, .box_w = 21, .box_h = 27, .ofs_x = 1, .ofs_y = -1},
    {.bitmap_index = 76105, .adv_w = 283, .box_w = 15, .box_h = 21, .ofs_x = 1, .ofs_y = -1},
    {.bitmap_index = 76263, .adv_w = 309, .box_w = 21, .box_h = 25, .ofs_x = -1, .ofs_y = 0},
    {.bitmap_index = 76526, .adv_w = 258, .box_w = 14, .box_h = 20, .ofs_x = 1, .ofs_y = 0},
    {.bitmap_index = 76666, .adv_w = 309, .box_w = 21, .box_h = 25, .ofs_x = -1, .ofs_y = 0},
    {.bitmap_index = 76929, .adv_w = 258, .box_w = 14, .box_h = 20, .ofs_x = 1, .ofs_y = 0},
    {.bitmap_index = 77069, .adv_w = 309, .box_w = 16, .box_h = 25, .ofs_x = 2, .ofs_y = 0},
    {.bitmap_index = 77269, .adv_w = 258, .box_w = 14, .box_h = 20, .ofs_x = 1, .ofs_y = 0},
    {.bitmap_index = 77409, .adv_w = 309, .box_w = 16, .box_h = 25, .ofs_x = 2, .ofs_y = 0},
    {.bitmap_index = 77609, .adv_w = 258, .box_w = 14, .box_h = 20, .ofs_x = 1, .ofs_y = 0},
    {.bitmap_index = 77749, .adv_w = 129, .box_w = 11, .box_h = 25, .ofs_x = -2, .ofs_y = 0},
    {.bitmap_index = 77887, .adv_w = 129, .box_w = 11, .box_h = 20, .ofs_x = -2, .ofs_y = 0},
    {.bitmap_index = 77997, .adv_w = 129, .box_w = 10, .box_h = 25, .ofs_x = -1, .ofs_y = 0},
    {.bitmap_index = 78122, .adv_w = 129, .box_w = 10, .box_h = 20, .ofs_x = -1, .ofs_y = 0},
    {.bitmap_index = 78222, .adv_w = 361, .box_w = 21, .box_h = 26, .ofs_x = 1, .ofs_y = 0},
    {.bitmap_index = 78495, .adv_w = 258, .box_w = 15, .box_h = 20, .ofs_x = 1, .ofs_y = 0},
    {.bitmap_index = 78645, .adv_w = 361, .box_w = 21, .box_h = 26, .ofs_x = 1, .ofs_y = 0},
    {.bitmap_index = 78918, .adv_w = 258, .box_w = 15, .box_h = 20, .ofs_x = 1, .ofs_y = 0},
    {.bitmap_index = 79068, .adv_w = 335, .box_w = 19, .box_h = 25, .ofs_x = 2, .ofs_y = 0},
    {.bitmap_index = 79306, .adv_w = 155, .box_w = 11, .box_h = 20, .ofs_x = 0, .ofs_y = 0},
    {.bitmap_index = 79416, .adv_w = 335, .box_w = 19, .box_h = 25, .ofs_x = 2, .ofs_y = 0},
    {.bitmap_index = 79654, .adv_w = 155, .box_w = 10, .box_h = 20, .ofs_x = 1, .ofs_y = 0},
    {.bitmap_index = 79754, .adv_w = 335, .box_w = 17, .box_h = 26, .ofs_x = 2, .ofs_y = 0},
    {.bitmap_index = 79975, .adv_w = 258, .box_w = 14, .box_h = 20, .ofs_x = 1, .ofs_y = 0},
    {.bitmap_index = 80115, .adv_w = 335, .box_w = 17, .box_h = 26, .ofs_x = 2, .ofs_y = 0},
    {.bitmap_index = 80336, .adv_w = 258, .box_w = 14, .box_h = 20, .ofs_x = 1, .ofs_y = 0},
    {.bitmap_index = 80476, .adv_w = 303, .box_w = 17, .box_h = 28, .ofs_x = 1, .ofs_y = -7},
    {.bitmap_index = 80714, .adv_w = 249, .box_w = 14, .box_h = 23, .ofs_x = 1, .ofs_y = -7},
    {.bitmap_index = 80875, .adv_w = 264, .box_w = 17, .box_h = 28, .ofs_x = 0, .ofs_y = -7},
    {.bitmap_index = 81113, .adv_w = 190, .box_w = 10, .box_h = 27, .ofs_x = 1, .ofs_y = -7},
    {.bitmap_index = 81248, .adv_w = 132, .box_w = 8, .box_h = 20, .ofs_x = -1, .ofs_y = -4},
    {.bitmap_index = 81328, .adv_w = 309, .box_w = 21, .box_h = 26, .ofs_x = -1, .ofs_y = -6},
    {.bitmap_index = 81601, .adv_w = 258, .box_w = 14, .box_h = 21, .ofs_x = 1, .ofs_y = -6},
    {.bitmap_index = 81748, .adv_w = 309, .box_w = 16, .box_h = 25, .ofs_x = 2, .ofs_y = 0},
    {.bitmap_index = 81948, .adv_w = 258, .box_w = 14, .box_h = 25, .ofs_x = 1, .ofs_y = 0},
    {.bitmap_index = 82123, .adv_w = 309, .box_w = 16, .box_h = 26, .ofs_x = 2, .ofs_y = -6},
    {.bitmap_index = 82331, .adv_w = 258, .box_w = 14, .box_h = 26, .ofs_x = 1, .ofs_y = -6},
    {.bitmap_index = 82513, .adv_w = 309, .box_w = 16, .box_h = 26, .ofs_x = 2, .ofs_y = -6},
    {.bitmap_index = 82721, .adv_w = 258, .box_w = 14, .box_h = 25, .ofs_x = 1, .ofs_y = -5},
    {.bitmap_index = 82896, .adv_w = 335, .box_w = 19, .box_h = 31, .ofs_x = 1, .ofs_y = -6},
    {.bitmap_index = 83191, .adv_w = 232, .box_w = 14, .box_h = 26, .ofs_x = 1, .ofs_y = -6},
    {.bitmap_index = 83373, .adv_w = 335, .box_w = 18, .box_h = 25, .ofs_x = 2, .ofs_y = 0},
    {.bitmap_index = 83598, .adv_w = 258, .box_w = 14, .box_h = 25, .ofs_x = 1, .ofs_y = 0},
    {.bitmap_index = 83773, .adv_w = 335, .box_w = 18, .box_h = 26, .ofs_x = 2, .ofs_y = -6},
    {.bitmap_index = 84007, .adv_w = 258, .box_w = 14, .box_h = 26, .ofs_x = 1, .ofs_y = -6},
    {.bitmap_index = 84189, .adv_w = 335, .box_w = 18, .box_h = 26, .ofs_x = 2, .ofs_y = -6},
    {.bitmap_index = 84423, .adv_w = 258, .box_w = 14, .box_h = 25, .ofs_x = 1, .ofs_y = -5},
    {.bitmap_index = 84598, .adv_w = 335, .box_w = 18, .box_h = 26, .ofs_x = 2, .ofs_y = -6},
    {.bitmap_index = 84832, .adv_w = 258, .box_w = 14, .box_h = 26, .ofs_x = 1, .ofs_y = -6},
    {.bitmap_index = 85014, .adv_w = 335, .box_w = 18, .box_h = 26, .ofs_x = 2, .ofs_y = -6},
    {.bitmap_index = 85248, .adv_w = 258, .box_w = 14, .box_h = 26, .ofs_x = 1, .ofs_y = -6},
    {.bitmap_index = 85430, .adv_w = 309, .box_w = 16, .box_h = 30, .ofs_x = 2, .ofs_y = 0},
    {.bitmap_index = 85670, .adv_w = 258, .box_w = 14, .box_h = 25, .ofs_x = 1, .ofs_y = 0},
    {.bitmap_index = 85845, .adv_w = 309, .box_w = 16, .box_h = 30, .ofs_x = 2, .ofs_y = 0},
    {.bitmap_index = 86085, .adv_w = 258, .box_w = 14, .box_h = 25, .ofs_x = 1, .ofs_y = 0},
    {.bitmap_index = 86260, .adv_w = 309, .box_w = 16, .box_h = 26, .ofs_x = 2, .ofs_y = -6},
    {.bitmap_index = 86468, .adv_w = 258, .box_w = 14, .box_h = 21, .ofs_x = 1, .ofs_y = -6},
    {.bitmap_index = 86615, .adv_w = 309, .box_w = 16, .box_h = 26, .ofs_x = 2, .ofs_y = -6},
    {.bitmap_index = 86823, .adv_w = 258, .box_w = 14, .box_h = 21, .ofs_x = 1, .ofs_y = -6},
    {.bitmap_index = 86970, .adv_w = 309, .box_w = 16, .box_h = 32, .ofs_x = 2, .ofs_y = -6},
    {.bitmap_index = 87226, .adv_w = 258, .box_w = 14, .box_h = 26, .ofs_x = 1, .ofs_y = -6},
    {.bitmap_index = 87408, .adv_w = 283, .box_w = 15, .box_h = 25, .ofs_x = 2, .ofs_y = 0},
    {.bitmap_index = 87596, .adv_w = 129, .box_w = 10, .box_h = 25, .ofs_x = 0, .ofs_y = 0},
    {.bitmap_index = 87721, .adv_w = 331, .box_w = 19, .box_h = 27, .ofs_x = 1, .ofs_y = 0},
    {.bitmap_index = 87978, .adv_w = 282, .box_w = 15, .box_h = 25, .ofs_x = 1, .ofs_y = -4},
    {.bitmap_index = 88166, .adv_w = 335, .box_w = 17, .box_h = 25, .ofs_x = 2, .ofs_y = 0},
    {.bitmap_index = 88379, .adv_w = 258, .box_w = 14, .box_h = 25, .ofs_x = 1, .ofs_y = 0},
    {.bitmap_index = 88554, .adv_w = 335, .box_w = 17, .box_h = 26, .ofs_x = 2, .ofs_y = -6},
    {.bitmap_index = 88775, .adv_w = 258, .box_w = 14, .box_h = 26, .ofs_x = 1, .ofs_y = -6},
    {.bitmap_index = 88957, .adv_w = 335, .box_w = 17, .box_h = 25, .ofs_x = 2, .ofs_y = 0},
    {.bitmap_index = 89170, .adv_w = 258, .box_w = 14, .box_h = 25, .ofs_x = 1, .ofs_y = 0},
    {.bitmap_index = 89345, .adv_w = 335, .box_w = 19, .box_h = 26, .ofs_x = 0, .ofs_y = -6},
    {.bitmap_index = 89592, .adv_w = 258, .box_w = 15, .box_h = 26, .ofs_x = 0, .ofs_y = -6},
    {.bitmap_index = 89787, .adv_w = 335, .box_w = 17, .box_h = 26, .ofs_x = 2, .ofs_y = -6},
    {.bitmap_index = 90008, .adv_w = 258, .box_w = 14, .box_h = 26, .ofs_x = 1, .ofs_y = -6},
    {.bitmap_index = 90190, .adv_w = 129, .box_w = 10, .box_h = 26, .ofs_x = -1, .ofs_y = -6},
    {.bitmap_index = 90320, .adv_w = 103, .box_w = 10, .box_h = 26, .ofs_x = -2, .ofs_y = -6},
    {.bitmap_index = 90450, .adv_w = 129, .box_w = 8, .box_h = 30, .ofs_x = 0, .ofs_y = 0},
    {.bitmap_index = 90570, .adv_w = 129, .box_w = 9, .box_h = 25, .ofs_x = 0, .ofs_y = 0},
    {.bitmap_index = 90683, .adv_w = 309, .box_w = 18, .box_h = 25, .ofs_x = 2, .ofs_y = 0},
    {.bitmap_index = 90908, .adv_w = 232, .box_w = 14, .box_h = 25, .ofs_x = 1, .ofs_y = 0},
    {.bitmap_index = 91083, .adv_w = 309, .box_w = 18, .box_h = 26, .ofs_x = 2, .ofs_y = -6},
    {.bitmap_index = 91317, .adv_w = 232, .box_w = 14, .box_h = 26, .ofs_x = 1, .ofs_y = -6},
    {.bitmap_index = 91499, .adv_w = 309, .box_w = 18, .box_h = 26, .ofs_x = 2, .ofs_y = -6},
    {.bitmap_index = 91733, .adv_w = 232, .box_w = 14, .box_h = 26, .ofs_x = 1, .ofs_y = -6},
    {.bitmap_index = 91915, .adv_w = 258, .box_w = 14, .box_h = 26, .ofs_x = 2, .ofs_y = -6},
    {.bitmap_index = 92097, .adv_w = 103, .box_w = 4, .box_h = 26, .ofs_x = 1, .ofs_y = -6},
    {.bitmap_index = 92149, .adv_w = 258, .box_w = 14, .box_h = 31, .ofs_x = 2, .ofs_y = -6},
    {.bitmap_index = 92366, .adv_w = 103, .box_w = 10, .box_h = 31, .ofs_x = -2, .ofs_y = -6},
    {.bitmap_index = 92521, .adv_w = 258, .box_w = 14, .box_h = 26, .ofs_x = 2, .ofs_y = -6},
    {.bitmap_index = 92703, .adv_w = 103, .box_w = 10, .box_h = 26, .ofs_x = -2, .ofs_y = -6},
    {.bitmap_index = 92833, .adv_w = 258, .box_w = 14, .box_h = 26, .ofs_x = 2, .ofs_y = -6},
    {.bitmap_index = 93015, .adv_w = 103, .box_w = 10, .box_h = 26, .ofs_x = -2, .ofs_y = -6},
    {.bitmap_index = 93145, .adv_w = 387, .box_w = 20, .box_h = 25, .ofs_x = 2, .ofs_y = 0},
    {.bitmap_index = 93395, .adv_w = 387, .box_w = 22, .box_h = 20, .ofs_x = 1, .ofs_y = 0},
    {.bitmap_index = 93615, .adv_w = 387, .box_w = 20, .box_h = 25, .ofs_x = 2, .ofs_y = 0},
    {.bitmap_index = 93865, .adv_w = 387, .box_w = 22, .box_h = 20, .ofs_x = 1, .ofs_y = 0},
    {.bitmap_index = 94085, .adv_w = 387, .box_w = 20, .box_h = 26, .ofs_x = 2, .ofs_y = -6},
    {.bitmap_index = 94345, .adv_w = 387, .box_w = 22, .box_h = 21, .ofs_x = 1, .ofs_y = -6},
    {.bitmap_index = 94576, .adv_w = 335, .box_w = 17, .box_h = 25, .ofs_x = 2, .ofs_y = 0},
    {.bitmap_index = 94789, .adv_w = 258, .box_w = 14, .box_h = 20, .ofs_x = 1, .ofs_y = 0},
    {.bitmap_index = 94929, .adv_w = 335, .box_w = 17, .box_h = 26, .ofs_x = 2, .ofs_y = -6},
    {.bitmap_index = 95150, .adv_w = 258, .box_w = 14, .box_h = 21, .ofs_x = 1, .ofs_y = -6},
    {.bitmap_index = 95297, .adv_w = 335, .box_w = 17, .box_h = 26, .ofs_x = 2, .ofs_y = -6},
    {.bitmap_index = 95518, .adv_w = 258, .box_w = 14, .box_h = 21, .ofs_x = 1, .ofs_y = -6},
    {.bitmap_index = 95665, .adv_w = 335, .box_w = 17, .box_h = 26, .ofs_x = 2, .ofs_y = -6},
    {.bitmap_index = 95886, .adv_w = 258, .box_w = 14, .box_h = 21, .ofs_x = 1, .ofs_y = -6},
    {.bitmap_index = 96033, .adv_w = 361, .box_w = 21, .box_h = 31, .ofs_x = 1, .ofs_y = 0},
    {.bitmap_index = 96359, .adv_w = 258, .box_w = 15, .box_h = 26, .ofs_x = 1, .ofs_y = 0},
    {.bitmap_index = 96554, .adv_w = 361, .box_w = 21, .box_h = 30, .ofs_x = 1, .ofs_y = 0},
    {.bitmap_index = 96869, .adv_w = 258, .box_w = 15, .box_h = 25, .ofs_x = 1, .ofs_y = 0},
    {.bitmap_index = 97057, .adv_w = 361, .box_w = 21, .box_h = 30, .ofs_x = 1, .ofs_y = 0},
    {.bitmap_index = 97372, .adv_w = 258, .box_w = 15, .box_h = 25, .ofs_x = 1, .ofs_y = 0},
    {.bitmap_index = 97560, .adv_w = 361, .box_w = 21, .box_h = 30, .ofs_x = 1, .ofs_y = 0},
    {.bitmap_index = 97875, .adv_w = 258, .box_w = 15, .box_h = 25, .ofs_x = 1, .ofs_y = 0},
    {.bitmap_index = 98063, .adv_w = 309, .box_w = 17, .box_h = 25, .ofs_x = 2, .ofs_y = 0},
    {.bitmap_index = 98276, .adv_w = 258, .box_w = 15, .box_h = 26, .ofs_x = 1, .ofs_y = -6},
    {.bitmap_index = 98471, .adv_w = 309, .box_w = 17, .box_h = 25, .ofs_x = 2, .ofs_y = 0},
    {.bitmap_index = 98684, .adv_w = 258, .box_w = 15, .box_h = 26, .ofs_x = 1, .ofs_y = -6},
    {.bitmap_index = 98879, .adv_w = 335, .box_w = 19, .box_h = 25, .ofs_x = 2, .ofs_y = 0},
    {.bitmap_index = 99117, .adv_w = 155, .box_w = 10, .box_h = 20, .ofs_x = 1, .ofs_y = 0},
    {.bitmap_index = 99217, .adv_w = 335, .box_w = 19, .box_h = 26, .ofs_x = 2, .ofs_y = -6},
    {.bitmap_index = 99464, .adv_w = 155, .box_w = 10, .box_h = 21, .ofs_x = 1, .ofs_y = -6},
    {.bitmap_index = 99569, .adv_w = 335, .box_w = 19, .box_h = 31, .ofs_x = 2, .ofs_y = -6},
    {.bitmap_index = 99864, .adv_w = 155, .box_w = 11, .box_h = 26, .ofs_x = 0, .ofs_y = -6},
    {.bitmap_index = 100007, .adv_w = 335, .box_w = 19, .box_h = 26, .ofs_x = 2, .ofs_y = -6},
    {.bitmap_index = 100254, .adv_w = 155, .box_w = 11, .box_h = 21, .ofs_x = 0, .ofs_y = -6},
    {.bitmap_index = 100370, .adv_w = 309, .box_w = 17, .box_h = 25, .ofs_x = 1, .ofs_y = 0},
    {.bitmap_index = 100583, .adv_w = 232, .box_w = 14, .box_h = 20, .ofs_x = 0, .ofs_y = 0},
    {.bitmap_index = 100723, .adv_w = 309, .box_w = 17, .box_h = 26, .ofs_x = 1, .ofs_y = -6},
    {.bitmap_index = 100944, .adv_w = 232, .box_w = 14, .box_h = 21, .ofs_x = 0, .ofs_y = -6},
    {.bitmap_index = 101091, .adv_w = 309, .box_w = 17, .box_h = 27, .ofs_x = 1, .ofs_y = 0},
    {.bitmap_index = 101321, .adv_w = 232, .box_w = 14, .box_h = 22, .ofs_x = 0, .ofs_y = 0},
    {.bitmap_index = 101475, .adv_w = 309, .box_w = 17, .box_h = 30, .ofs_x = 1, .ofs_y = 0},
    {.bitmap_index = 101730, .adv_w = 232, .box_w = 14, .box_h = 25, .ofs_x = 0, .ofs_y = 0},
    {.bitmap_index = 101905, .adv_w = 309, .box_w = 17, .box_h = 31, .ofs_x = 1, .ofs_y = -6},
    {.bitmap_index = 102169, .adv_w = 232, .box_w = 14, .box_h = 26, .ofs_x = 0, .ofs_y = -6},
    {.bitmap_index = 102351, .adv_w = 283, .box_w = 18, .box_h = 25, .ofs_x = 0, .ofs_y = 0},
    {.bitmap_index = 102576, .adv_w = 129, .box_w = 8, .box_h = 25, .ofs_x = 0, .ofs_y = 0},
    {.bitmap_index = 102676, .adv_w = 283, .box_w = 18, .box_h = 26, .ofs_x = 0, .ofs_y = -6},
    {.bitmap_index = 102910, .adv_w = 129, .box_w = 8, .box_h = 27, .ofs_x = 0, .ofs_y = -6},
    {.bitmap_index = 103018, .adv_w = 283, .box_w = 18, .box_h = 26, .ofs_x = 0, .ofs_y = -6},
    {.bitmap_index = 103252, .adv_w = 129, .box_w = 10, .box_h = 26, .ofs_x = -1, .ofs_y = -5},
    {.bitmap_index = 103382, .adv_w = 283, .box_w = 18, .box_h = 26, .ofs_x = 0, .ofs_y = -6},
    {.bitmap_index = 103616, .adv_w = 129, .box_w = 10, .box_h = 27, .ofs_x = 0, .ofs_y = -6},
    {.bitmap_index = 103751, .adv_w = 335, .box_w = 17, .box_h = 26, .ofs_x = 2, .ofs_y = -6},
    {.bitmap_index = 103972, .adv_w = 258, .box_w = 14, .box_h = 21, .ofs_x = 1, .ofs_y = -6},
    {.bitmap_index = 104119, .adv_w = 335, .box_w = 17, .box_h = 26, .ofs_x = 2, .ofs_y = -6},
    {.bitmap_index = 104340, .adv_w = 258, .box_w = 14, .box_h = 21, .ofs_x = 1, .ofs_y = -6},
    {.bitmap_index = 104487, .adv_w = 335, .box_w = 17, .box_h = 26, .ofs_x = 2, .ofs_y = -6},
    {.bitmap_index = 104708, .adv_w = 258, .box_w = 14, .box_h = 21, .ofs_x = 1, .ofs_y = -6},
    {.bitmap_index = 104855, .adv_w = 335, .box_w = 17, .box_h = 31, .ofs_x = 2, .ofs_y = 0},
    {.bitmap_index = 105119, .adv_w = 258, .box_w = 14, .box_h = 26, .ofs_x = 1, .ofs_y = 0},
    {.bitmap_index = 105301, .adv_w = 335, .box_w = 17, .box_h = 29, .ofs_x = 2, .ofs_y = 0},
    {.bitmap_index = 105548, .adv_w = 258, .box_w = 14, .box_h = 24, .ofs_x = 1, .ofs_y = 0},
    {.bitmap_index = 105716, .adv_w = 309, .box_w = 20, .box_h = 25, .ofs_x = 0, .ofs_y = 0},
    {.bitmap_index = 105966, .adv_w = 232, .box_w = 15, .box_h = 20, .ofs_x = 0, .ofs_y = 0},
    {.bitmap_index = 106116, .adv_w = 309, .box_w = 20, .box_h = 26, .ofs_x = 0, .ofs_y = -6},
    {.bitmap_index = 106376, .adv_w = 232, .box_w = 15, .box_h = 21, .ofs_x = 0, .ofs_y = -6},
    {.bitmap_index = 106534, .adv_w = 449, .box_w = 26, .box_h = 27, .ofs_x = 1, .ofs_y = 0},
    {.bitmap_index = 106885, .adv_w = 385, .box_w = 24, .box_h = 21, .ofs_x = 0, .ofs_y = 0},
    {.bitmap_index = 107137, .adv_w = 449, .box_w = 26, .box_h = 27, .ofs_x = 1, .ofs_y = 0},
    {.bitmap_index = 107488, .adv_w = 385, .box_w = 24, .box_h = 21, .ofs_x = 0, .ofs_y = 0},
    {.bitmap_index = 107740, .adv_w = 449, .box_w = 26, .box_h = 27, .ofs_x = 1, .ofs_y = 0},
    {.bitmap_index = 108091, .adv_w = 385, .box_w = 24, .box_h = 21, .ofs_x = 0, .ofs_y = 0},
    {.bitmap_index = 108343, .adv_w = 438, .box_w = 28, .box_h = 25, .ofs_x = 0, .ofs_y = 0},
    {.bitmap_index = 108693, .adv_w = 335, .box_w = 21, .box_h = 20, .ofs_x = 0, .ofs_y = 0},
    {.bitmap_index = 108903, .adv_w = 438, .box_w = 28, .box_h = 26, .ofs_x = 0, .ofs_y = -6},
    {.bitmap_index = 109267, .adv_w = 335, .box_w = 21, .box_h = 21, .ofs_x = 0, .ofs_y = -6},
    {.bitmap_index = 109488, .adv_w = 309, .box_w = 20, .box_h = 25, .ofs_x = 0, .ofs_y = 0},
    {.bitmap_index = 109738, .adv_w = 232, .box_w = 15, .box_h = 20, .ofs_x = 0, .ofs_y = 0},
    {.bitmap_index = 109888, .adv_w = 309, .box_w = 20, .box_h = 25, .ofs_x = 0, .ofs_y = 0},
    {.bitmap_index = 110138, .adv_w = 232, .box_w = 15, .box_h = 20, .ofs_x = 0, .ofs_y = 0},
    {.bitmap_index = 110288, .adv_w = 309, .box_w = 20, .box_h = 25, .ofs_x = 0, .ofs_y = 0},
    {.bitmap_index = 110538, .adv_w = 232, .box_w = 15, .box_h = 26, .ofs_x = 0, .ofs_y = -6},
    {.bitmap_index = 110733, .adv_w = 283, .box_w = 17, .box_h = 26, .ofs_x = 0, .ofs_y = 0},
    {.bitmap_index = 110954, .adv_w = 232, .box_w = 14, .box_h = 20, .ofs_x = 0, .ofs_y = 0},
    {.bitmap_index = 111094, .adv_w = 283, .box_w = 17, .box_h = 26, .ofs_x = 0, .ofs_y = -6},
    {.bitmap_index = 111315, .adv_w = 232, .box_w = 14, .box_h = 21, .ofs_x = 0, .ofs_y = -6},
    {.bitmap_index = 111462, .adv_w = 283, .box_w = 17, .box_h = 26, .ofs_x = 0, .ofs_y = -6},
    {.bitmap_index = 111683, .adv_w = 232, .box_w = 14, .box_h = 21, .ofs_x = 0, .ofs_y = -6},
    {.bitmap_index = 111830, .adv_w = 258, .box_w = 14, .box_h = 26, .ofs_x = 1, .ofs_y = -6},
    {.bitmap_index = 112012, .adv_w = 129, .box_w = 8, .box_h = 25, .ofs_x = 0, .ofs_y = 0},
    {.bitmap_index = 112112, .adv_w = 335, .box_w = 21, .box_h = 21, .ofs_x = 0, .ofs_y = 0},
    {.bitmap_index = 112333, .adv_w = 232, .box_w = 15, .box_h = 27, .ofs_x = 0, .ofs_y = -6},
    {.bitmap_index = 112536, .adv_w = 258, .box_w = 16, .box_h = 23, .ofs_x = 1, .ofs_y = 0},
    {.bitmap_index = 112720, .adv_w = 129, .box_w = 10, .box_h = 25, .ofs_x = 0, .ofs_y = 0},
    {.bitmap_index = 112845, .adv_w = 329, .box_w = 17, .box_h = 21, .ofs_x = 2, .ofs_y = 0},
    {.bitmap_index = 113024, .adv_w = 320, .box_w = 20, .box_h = 25, .ofs_x = 0, .ofs_y = -4},
    {.bitmap_index = 113274, .adv_w = 262, .box_w = 15, .box_h = 20, .ofs_x = 1, .ofs_y = -4},
    {.bitmap_index = 113424, .adv_w = 320, .box_w = 20, .box_h = 28, .ofs_x = 0, .ofs_y = 0},
    {.bitmap_index = 113704, .adv_w = 262, .box_w = 15, .box_h = 23, .ofs_x = 1, .ofs_y = 0},
    {.bitmap_index = 113877, .adv_w = 320, .box_w = 20, .box_h = 29, .ofs_x = 0, .ofs_y = 0},
    {.bitmap_index = 114167, .adv_w = 262, .box_w = 15, .box_h = 25, .ofs_x = 1, .ofs_y = 0},
    {.bitmap_index = 114355, .adv_w = 320, .box_w = 20, .box_h = 29, .ofs_x = 0, .ofs_y = 0},
    {.bitmap_index = 114645, .adv_w = 262, .box_w = 15, .box_h = 25, .ofs_x = 1, .ofs_y = 0},
    {.bitmap_index = 114833, .adv_w = 320, .box_w = 20, .box_h = 30, .ofs_x = 0, .ofs_y = 0},
    {.bitmap_index = 115133, .adv_w = 262, .box_w = 15, .box_h = 25, .ofs_x = 1, .ofs_y = 0},
    {.bitmap_index = 115321, .adv_w = 320, .box_w = 20, .box_h = 31, .ofs_x = 0, .ofs_y = 0},
    {.bitmap_index = 115631, .adv_w = 262, .box_w = 15, .box_h = 26, .ofs_x = 1, .ofs_y = 0},
    {.bitmap_index = 115826, .adv_w = 320, .box_w = 20, .box_h = 32, .ofs_x = 0, .ofs_y = -4},
    {.bitmap_index = 116146, .adv_w = 262, .box_w = 15, .box_h = 26, .ofs_x = 1, .ofs_y = -4},
    {.bitmap_index = 116341, .adv_w = 320, .box_w = 20, .box_h = 31, .ofs_x = 0, .ofs_y = 0},
    {.bitmap_index = 116651, .adv_w = 262, .box_w = 15, .box_h = 26, .ofs_x = 1, .ofs_y = 0},
    {.bitmap_index = 116846, .adv_w = 320, .box_w = 20, .box_h = 31, .ofs_x = 0, .ofs_y = 0},
    {.bitmap_index = 117156, .adv_w = 262, .box_w = 15, .box_h = 26, .ofs_x = 1, .ofs_y = 0},
    {.bitmap_index = 117351, .adv_w = 320, .box_w = 20, .box_h = 31, .ofs_x = 0, .ofs_y = 0},
    {.bitmap_index = 117661, .adv_w = 262, .box_w = 15, .box_h = 26, .ofs_x = 1, .ofs_y = 0},
    {.bitmap_index = 117856, .adv_w = 320, .box_w = 20, .box_h = 31, .ofs_x = 0, .ofs_y = 0},
    {.bitmap_index = 118166, .adv_w = 262, .box_w = 15, .box_h = 26, .ofs_x = 1, .ofs_y = 0},
    {.bitmap_index = 118361, .adv_w = 320, .box_w = 20, .box_h = 32, .ofs_x = 0, .ofs_y = -4},
    {.bitmap_index = 118681, .adv_w = 262, .box_w = 15, .box_h = 26, .ofs_x = 1, .ofs_y = -4},
    {.bitmap_index = 118876, .adv_w = 283, .box_w = 15, .box_h = 25, .ofs_x = 2, .ofs_y = -4},
    {.bitmap_index = 119064, .adv_w = 267, .box_w = 15, .box_h = 20, .ofs_x = 1, .ofs_y = -4},
    {.bitmap_index = 119214, .adv_w = 283, .box_w = 15, .box_h = 28, .ofs_x = 2, .ofs_y = 0},
    {.bitmap_index = 119424, .adv_w = 267, .box_w = 15, .box_h = 23, .ofs_x = 1, .ofs_y = 0},
    {.bitmap_index = 119597, .adv_w = 283, .box_w = 15, .box_h = 27, .ofs_x = 2, .ofs_y = 0},
    {.bitmap_index = 119800, .adv_w = 267, .box_w = 15, .box_h = 22, .ofs_x = 1, .ofs_y = 0},
    {.bitmap_index = 119965, .adv_w = 283, .box_w = 15, .box_h = 29, .ofs_x = 2, .ofs_y = 0},
    {.bitmap_index = 120183, .adv_w = 267, .box_w = 15, .box_h = 25, .ofs_x = 1, .ofs_y = 0},
    {.bitmap_index = 120371, .adv_w = 283, .box_w = 15, .box_h = 29, .ofs_x = 2, .ofs_y = 0},
    {.bitmap_index = 120589, .adv_w = 267, .box_w = 15, .box_h = 25, .ofs_x = 1, .ofs_y = 0},
    {.bitmap_index = 120777, .adv_w = 283, .box_w = 15, .box_h = 30, .ofs_x = 2, .ofs_y = 0},
    {.bitmap_index = 121002, .adv_w = 267, .box_w = 15, .box_h = 25, .ofs_x = 1, .ofs_y = 0},
    {.bitmap_index = 121190, .adv_w = 283, .box_w = 15, .box_h = 31, .ofs_x = 2, .ofs_y = 0},
    {.bitmap_index = 121423, .adv_w = 267, .box_w = 15, .box_h = 26, .ofs_x = 1, .ofs_y = 0},
    {.bitmap_index = 121618, .adv_w = 283, .box_w = 15, .box_h = 32, .ofs_x = 2, .ofs_y = -4},
    {.bitmap_index = 121858, .adv_w = 267, .box_w = 15, .box_h = 26, .ofs_x = 1, .ofs_y = -4},
    {.bitmap_index = 122053, .adv_w = 130, .box_w = 6, .box_h = 28, .ofs_x = 1, .ofs_y = 0},
    {.bitmap_index = 122137, .adv_w = 119, .box_w = 6, .box_h = 22, .ofs_x = 1, .ofs_y = 0},
    {.bitmap_index = 122203, .adv_w = 130, .box_w = 4, .box_h = 25, .ofs_x = 2, .ofs_y = -4},
    {.bitmap_index = 122253, .adv_w = 119, .box_w = 4, .box_h = 25, .ofs_x = 2, .ofs_y = -4},
    {.bitmap_index = 122303, .adv_w = 348, .box_w = 20, .box_h = 25, .ofs_x = 1, .ofs_y = -4},
    {.bitmap_index = 122553, .adv_w = 273, .box_w = 15, .box_h = 20, .ofs_x = 1, .ofs_y = -4},
    {.bitmap_index = 122703, .adv_w = 348, .box_w = 20, .box_h = 28, .ofs_x = 1, .ofs_y = 0},
    {.bitmap_index = 122983, .adv_w = 273, .box_w = 15, .box_h = 23, .ofs_x = 1, .ofs_y = 0},
    {.bitmap_index = 123156, .adv_w = 348, .box_w = 20, .box_h = 30, .ofs_x = 1, .ofs_y = 0},
    {.bitmap_index = 123456, .adv_w = 273, .box_w = 15, .box_h = 25, .ofs_x = 1, .ofs_y = 0},
    {.bitmap_index = 123644, .adv_w = 348, .box_w = 20, .box_h = 30, .ofs_x = 1, .ofs_y = 0},
    {.bitmap_index = 123944, .adv_w = 273, .box_w = 15, .box_h = 25, .ofs_x = 1, .ofs_y = 0},
    {.bitmap_index = 124132, .adv_w = 348, .box_w = 20, .box_h = 31, .ofs_x = 1, .ofs_y = 0},
    {.bitmap_index = 124442, .adv_w = 273, .box_w = 15, .box_h = 25, .ofs_x = 1, .ofs_y = 0},
    {.bitmap_index = 124630, .adv_w = 348, .box_w = 20, .box_h = 31, .ofs_x = 1, .ofs_y = 0},
    {.bitmap_index = 124940, .adv_w = 273, .box_w = 15, .box_h = 26, .ofs_x = 1, .ofs_y = 0},
    {.bitmap_index = 125135, .adv_w = 348, .box_w = 20, .box_h = 32, .ofs_x = 1, .ofs_y = -4},
    {.bitmap_index = 125455, .adv_w = 273, .box_w = 15, .box_h = 26, .ofs_x = 1, .ofs_y = -4},
    {.bitmap_index = 125650, .adv_w = 348, .box_w = 20, .box_h = 27, .ofs_x = 1, .ofs_y = 0},
    {.bitmap_index = 125920, .adv_w = 273, .box_w = 15, .box_h = 22, .ofs_x = 1, .ofs_y = 0},
    {.bitmap_index = 126085, .adv_w = 348, .box_w = 20, .box_h = 27, .ofs_x = 1, .ofs_y = 0},
    {.bitmap_index = 126355, .adv_w = 273, .box_w = 15, .box_h = 22, .ofs_x = 1, .ofs_y = 0},
    {.bitmap_index = 126520, .adv_w = 348, .box_w = 20, .box_h = 28, .ofs_x = 1, .ofs_y = 0},
    {.bitmap_index = 126800, .adv_w = 273, .box_w = 15, .box_h = 23, .ofs_x = 1, .ofs_y = 0},
    {.bitmap_index = 126973, .adv_w = 348, .box_w = 20, .box_h = 28, .ofs_x = 1, .ofs_y = 0},
    {.bitmap_index = 127253, .adv_w = 273, .box_w = 15, .box_h = 22, .ofs_x = 1, .ofs_y = 0},
    {.bitmap_index = 127418, .adv_w = 348, .box_w = 20, .box_h = 30, .ofs_x = 1, .ofs_y = -4},
    {.bitmap_index = 127718, .adv_w = 273, .box_w = 15, .box_h = 25, .ofs_x = 1, .ofs_y = -4},
    {.bitmap_index = 127906, .adv_w = 322, .box_w = 17, .box_h = 25, .ofs_x = 2, .ofs_y = -4},
    {.bitmap_index = 128119, .adv_w = 272, .box_w = 13, .box_h = 20, .ofs_x = 2, .ofs_y = -4},
    {.bitmap_index = 128249, .adv_w = 322, .box_w = 17, .box_h = 28, .ofs_x = 2, .ofs_y = 0},
    {.bitmap_index = 128487, .adv_w = 272, .box_w = 13, .box_h = 23, .ofs_x = 2, .ofs_y = 0},
    {.bitmap_index = 128637, .adv_w = 322, .box_w = 19, .box_h = 27, .ofs_x = 2, .ofs_y = 0},
    {.bitmap_index = 128894, .adv_w = 275, .box_w = 16, .box_h = 22, .ofs_x = 2, .ofs_y = 0},
    {.bitmap_index = 129070, .adv_w = 322, .box_w = 19, .box_h = 27, .ofs_x = 2, .ofs_y = 0},
    {.bitmap_index = 129327, .adv_w = 275, .box_w = 16, .box_h = 22, .ofs_x = 2, .ofs_y = 0},
    {.bitmap_index = 129503, .adv_w = 322, .box_w = 19, .box_h = 28, .ofs_x = 2, .ofs_y = 0},
    {.bitmap_index = 129769, .adv_w = 275, .box_w = 16, .box_h = 23, .ofs_x = 2, .ofs_y = 0},
    {.bitmap_index = 129953, .adv_w = 322, .box_w = 19, .box_h = 28, .ofs_x = 2, .ofs_y = 0},
    {.bitmap_index = 130219, .adv_w = 275, .box_w = 16, .box_h = 22, .ofs_x = 2, .ofs_y = 0},
    {.bitmap_index = 130395, .adv_w = 322, .box_w = 19, .box_h = 30, .ofs_x = 2, .ofs_y = -4},
    {.bitmap_index = 130680, .adv_w = 275, .box_w = 16, .box_h = 25, .ofs_x = 2, .ofs_y = -4},
    {.bitmap_index = 130880, .adv_w = 276, .box_w = 19, .box_h = 27, .ofs_x = -1, .ofs_y = 0},
    {.bitmap_index = 131137, .adv_w = 257, .box_w = 16, .box_h = 26, .ofs_x = 0, .ofs_y = -4},
    {.bitmap_index = 131345, .adv_w = 276, .box_w = 19, .box_h = 25, .ofs_x = -1, .ofs_y = -4},
    {.bitmap_index = 131583, .adv_w = 257, .box_w = 16, .box_h = 20, .ofs_x = 0, .ofs_y = -4},
    {.bitmap_index = 131743, .adv_w = 276, .box_w = 19, .box_h = 28, .ofs_x = -1, .ofs_y = 0},
    {.bitmap_index = 132009, .adv_w = 257, .box_w = 16, .box_h = 27, .ofs_x = 0, .ofs_y = -4},
    {.bitmap_index = 132225, .adv_w = 276, .box_w = 19, .box_h = 27, .ofs_x = -1, .ofs_y = 0},
    {.bitmap_index = 132482, .adv_w = 257, .box_w = 16, .box_h = 26, .ofs_x = 0, .ofs_y = -4},
    {.bitmap_index = 132690, .adv_w = 275, .box_w = 15, .box_h = 3, .ofs_x = 1, .ofs_y = 7},
    {.bitmap_index = 132713, .adv_w = 421, .box_w = 25, .box_h = 3, .ofs_x = 1, .ofs_y = 7},
    {.bitmap_index = 132751, .adv_w = 262, .box_w = 16, .box_h = 3, .ofs_x = 0, .ofs_y = 6},
    {.bitmap_index = 132775, .adv_w = 199, .box_w = 8, .box_h = 23, .ofs_x = 2, .ofs_y = -3},
    {.bitmap_index = 132867, .adv_w = 232, .box_w = 16, .box_h = 5, .ofs_x = -1, .ofs_y = -5},
    {.bitmap_index = 132907, .adv_w = 101, .box_w = 5, .box_h = 8, .ofs_x = 1, .ofs_y = 13},
    {.bitmap_index = 132927, .adv_w = 101, .box_w = 5, .box_h = 9, .ofs_x = 1, .ofs_y = 12},
    {.bitmap_index = 132950, .adv_w = 99, .box_w = 4, .box_h = 8, .ofs_x = 1, .ofs_y = -4},
    {.bitmap_index = 132966, .adv_w = 103, .box_w = 4, .box_h = 7, .ofs_x = 1, .ofs_y = 13},
    {.bitmap_index = 132980, .adv_w = 185, .box_w = 10, .box_h = 8, .ofs_x = 1, .ofs_y = 13},
    {.bitmap_index = 133020, .adv_w = 185, .box_w = 10, .box_h = 9, .ofs_x = 1, .ofs_y = 12},
    {.bitmap_index = 133065, .adv_w = 183, .box_w = 10, .box_h = 8, .ofs_x = 1, .ofs_y = -4},
    {.bitmap_index = 133105, .adv_w = 155, .box_w = 8, .box_h = 7, .ofs_x = 1, .ofs_y = 13},
    {.bitmap_index = 133133, .adv_w = 271, .box_w = 13, .box_h = 21, .ofs_x = 2, .ofs_y = 0},
    {.bitmap_index = 133270, .adv_w = 271, .box_w = 13, .box_h = 21, .ofs_x = 2, .ofs_y = 0},
    {.bitmap_index = 133407, .adv_w = 153, .box_w = 8, .box_h = 8, .ofs_x = 1, .ofs_y = 6},
    {.bitmap_index = 133439, .adv_w = 162, .box_w = 9, .box_h = 10, .ofs_x = 1, .ofs_y = 5},
    {.bitmap_index = 133484, .adv_w = 129, .box_w = 4, .box_h = 3, .ofs_x = 2, .ofs_y = 0},
    {.bitmap_index = 133490, .adv_w = 258, .box_w = 12, .box_h = 3, .ofs_x = 2, .ofs_y = 0},
    {.bitmap_index = 133508, .adv_w = 284, .box_w = 16, .box_h = 4, .ofs_x = 1, .ofs_y = 0},
    {.bitmap_index = 133540, .adv_w = 161, .box_w = 8, .box_h = 12, .ofs_x = 1, .ofs_y = 2},
    {.bitmap_index = 133588, .adv_w = 350, .box_w = 21, .box_h = 22, .ofs_x = 0, .ofs_y = -1},
    {.bitmap_index = 133819, .adv_w = 265, .box_w = 17, .box_h = 21, .ofs_x = 0, .ofs_y = -2}
};

/*---------------------
 *  CHARACTER MAPPING
 *--------------------*/

static const uint16_t unicode_list_9[] = {
    0x0, 0x6d9, 0x6dd
};

/*Collect the unicode lists and glyph_id offsets*/
static const lv_font_fmt_txt_cmap_t cmaps[] =
{
    {
        .range_start = 32, .range_length = 95, .glyph_id_start = 1,
        .unicode_list = NULL, .glyph_id_ofs_list = NULL, .list_length = 0, .type = LV_FONT_FMT_TXT_CMAP_FORMAT0_TINY
    },
    {
        .range_start = 160, .range_length = 86, .glyph_id_start = 96,
        .unicode_list = NULL, .glyph_id_ofs_list = NULL, .list_length = 0, .type = LV_FONT_FMT_TXT_CMAP_FORMAT0_TINY
    },
    {
        .range_start = 246, .range_length = 256, .glyph_id_start = 182,
        .unicode_list = NULL, .glyph_id_ofs_list = NULL, .list_length = 0, .type = LV_FONT_FMT_TXT_CMAP_FORMAT0_TINY
    },
    {
        .range_start = 506, .range_length = 34, .glyph_id_start = 438,
        .unicode_list = NULL, .glyph_id_ofs_list = NULL, .list_length = 0, .type = LV_FONT_FMT_TXT_CMAP_FORMAT0_TINY
    },
    {
        .range_start = 567, .range_length = 1, .glyph_id_start = 472,
        .unicode_list = NULL, .glyph_id_ofs_list = NULL, .list_length = 0, .type = LV_FONT_FMT_TXT_CMAP_FORMAT0_TINY
    },
    {
        .range_start = 7680, .range_length = 156, .glyph_id_start = 473,
        .unicode_list = NULL, .glyph_id_ofs_list = NULL, .list_length = 0, .type = LV_FONT_FMT_TXT_CMAP_FORMAT0_TINY
    },
    {
        .range_start = 7838, .range_length = 1, .glyph_id_start = 629,
        .unicode_list = NULL, .glyph_id_ofs_list = NULL, .list_length = 0, .type = LV_FONT_FMT_TXT_CMAP_FORMAT0_TINY
    },
    {
        .range_start = 7840, .range_length = 90, .glyph_id_start = 630,
        .unicode_list = NULL, .glyph_id_ofs_list = NULL, .list_length = 0, .type = LV_FONT_FMT_TXT_CMAP_FORMAT0_TINY
    },
    {
        .range_start = 8211, .range_length = 20, .glyph_id_start = 720,
        .unicode_list = NULL, .glyph_id_ofs_list = NULL, .list_length = 0, .type = LV_FONT_FMT_TXT_CMAP_FORMAT0_TINY
    },
    {
        .range_start = 8250, .range_length = 1758, .glyph_id_start = 740,
        .unicode_list = unicode_list_9, .glyph_id_ofs_list = NULL, .list_length = 3, .type = LV_FONT_FMT_TXT_CMAP_SPARSE_TINY
    }
};

/*-----------------
 *    KERNING
 *----------------*/


/*Map glyph_ids to kern left classes*/
static const uint8_t kern_left_class_mapping[] =
{
    0, 0, 0, 1, 0, 0, 0, 2,
    1, 3, 0, 4, 5, 6, 7, 6,
    8, 9, 10, 11, 12, 13, 14, 15,
    16, 17, 9, 18, 18, 5, 5, 5,
    0, 0, 19, 20, 21, 22, 23, 24,
    25, 26, 26, 27, 28, 29, 26, 26,
    22, 30, 22, 31, 22, 32, 27, 33,
    33, 28, 34, 35, 36, 37, 0, 5,
    0, 0, 38, 39, 39, 26, 39, 40,
    41, 42, 26, 26, 43, 38, 42, 42,
    39, 39, 41, 44, 39, 45, 41, 46,
    46, 47, 46, 48, 49, 0, 0, 5,
    0, 50, 51, 0, 0, 10, 0, 0,
    0, 52, 53, 54, 5, 0, 0, 0,
    0, 5, 0, 0, 0, 0, 0, 0,
    0, 0, 53, 55, 0, 0, 0, 56,
    19, 19, 19, 19, 19, 19, 23, 21,
    23, 23, 23, 23, 26, 26, 26, 26,
    51, 26, 22, 22, 22, 22, 22, 5,
    22, 27, 27, 27, 27, 34, 22, 0,
    38, 38, 38, 38, 38, 38, 39, 39,
    39, 39, 39, 39, 26, 26, 26, 26,
    39, 42, 39, 39, 39, 39, 39, 5,
    39, 41, 41, 41, 41, 46, 39, 46,
    19, 38, 19, 38, 19, 38, 21, 39,
    21, 39, 21, 39, 21, 39, 51, 57,
    22, 0, 23, 39, 0, 0, 23, 39,
    23, 39, 23, 39, 25, 41, 25, 41,
    25, 41, 25, 41, 26, 42, 26, 42,
    26, 26, 26, 26, 0, 0, 26, 26,
    26, 26, 27, 26, 27, 26, 28, 47,
    0, 29, 38, 29, 38, 58, 57, 0,
    0, 29, 38, 26, 42, 26, 42, 26,
    42, 0, 26, 42, 22, 39, 0, 0,
    22, 39, 23, 39, 31, 44, 31, 44,
    31, 44, 22, 39, 22, 39, 22, 39,
    22, 39, 32, 45, 32, 57, 32, 45,
    27, 41, 27, 41, 27, 41, 27, 41,
    27, 41, 27, 41, 33, 46, 34, 46,
    34, 35, 48, 35, 48, 35, 48, 0,
    0, 0, 0, 0, 0, 0, 0, 0,
    0, 0, 0, 0, 0, 0, 0, 22,
    0, 0, 40, 0, 0, 0, 0, 0,
    0, 0, 0, 0, 0, 0, 0, 0,
    22, 39, 0, 0, 0, 0, 0, 0,
    0, 0, 0, 0, 0, 0, 0, 59,
    41, 0, 0, 0, 0, 0, 0, 0,
    0, 0, 0, 0, 0, 0, 0, 0,
    0, 0, 0, 0, 0, 0, 0, 0,
    0, 0, 0, 0, 0, 19, 38, 0,
    0, 0, 0, 0, 0, 0, 0, 0,
    0, 0, 0, 0, 0, 0, 0, 0,
    0, 0, 0, 0, 25, 41, 25, 41,
    28, 47, 0, 0, 0, 0, 0, 0,
    0, 0, 0, 0, 0, 0, 0, 0,
    0, 0, 0, 0, 0, 0, 0, 0,
    0, 0, 0, 0, 0, 0, 0, 0,
    0, 0, 0, 0, 0, 0, 0, 0,
    0, 0, 0, 0, 22, 39, 32, 45,
    26, 0, 0, 0, 0, 0, 0, 0,
    0, 0, 0, 0, 0, 0, 0, 0,
    0, 0, 0, 0, 0, 0, 0, 0,
    0, 0, 0, 0, 0, 0, 0, 0,
    0, 25, 41, 0, 0, 0, 0, 0,
    0, 0, 0, 0, 0, 0, 0, 0,
    0, 0, 0, 0, 0, 0, 0, 0,
    0, 0, 0, 0, 0, 0, 0, 0,
    0, 0, 0, 0, 0, 0, 0, 0,
    0, 0, 0, 0, 0, 0, 0, 0,
    0, 0, 0, 0, 0, 0, 0, 0,
    0, 0, 0, 0, 0, 0, 0, 0,
    0, 0, 0, 0, 0, 0, 0, 0,
    0, 0, 0, 0, 0, 0, 0, 0,
    0, 0, 0, 0, 0, 0, 0, 0,
    0, 0, 0, 0, 0, 0, 0, 0,
    0, 33, 46, 33, 46, 33, 46, 0,
    0, 0, 0, 0, 0, 0, 0, 0,
    0, 0, 0, 0, 0, 0, 0, 0,
    0, 0, 0, 0, 0, 20, 19, 38,
    19, 38, 19, 38, 19, 38, 19, 38,
    19, 38, 19, 38, 19, 38, 19, 38,
    19, 38, 19, 38, 19, 38, 23, 39,
    23, 39, 23, 39, 23, 39, 23, 39,
    23, 39, 23, 39, 23, 39, 23, 26,
    26, 26, 22, 39, 22, 39, 22, 39,
    22, 39, 22, 39, 22, 39, 22, 39,
    22, 39, 22, 39, 22, 39, 22, 39,
    22, 39, 27, 41, 27, 41, 59, 41,
    59, 41, 59, 41, 59, 41, 59, 41,
    34, 46, 34, 46, 34, 46, 34, 46,
    0, 0, 0, 0, 0, 60, 61, 6,
    0, 60, 61, 6, 0, 0, 0, 0,
    0, 0, 0, 6, 62, 0, 0
};

/*Map glyph_ids to kern right classes*/
static const uint8_t kern_right_class_mapping[] =
{
    0, 0, 1, 2, 0, 0, 3, 4,
    2, 0, 5, 6, 7, 8, 9, 8,
    10, 11, 12, 13, 14, 15, 16, 11,
    17, 18, 19, 20, 20, 7, 7, 7,
    21, 0, 22, 23, 24, 23, 25, 23,
    24, 23, 23, 26, 27, 27, 23, 28,
    24, 23, 24, 23, 24, 29, 30, 31,
    31, 32, 33, 34, 0, 35, 36, 7,
    0, 0, 37, 23, 38, 38, 38, 39,
    38, 23, 23, 40, 23, 41, 42, 42,
    38, 42, 38, 42, 38, 43, 44, 45,
    45, 46, 45, 47, 0, 0, 48, 7,
    0, 0, 0, 0, 0, 49, 0, 0,
    0, 50, 51, 52, 7, 0, 0, 0,
    0, 7, 0, 0, 0, 0, 0, 0,
    0, 0, 51, 53, 0, 0, 0, 54,
    22, 22, 22, 22, 22, 22, 22, 24,
    23, 23, 23, 23, 23, 23, 23, 23,
    24, 23, 24, 24, 24, 24, 24, 7,
    24, 30, 30, 30, 30, 33, 23, 23,
    37, 37, 37, 37, 37, 37, 37, 38,
    38, 38, 38, 38, 23, 23, 23, 23,
    38, 42, 38, 38, 38, 38, 38, 7,
    38, 44, 44, 44, 44, 45, 23, 45,
    22, 37, 22, 37, 22, 37, 24, 38,
    24, 38, 24, 38, 24, 38, 23, 38,
    23, 38, 23, 38, 0, 0, 23, 38,
    23, 38, 23, 38, 24, 38, 24, 38,
    24, 38, 24, 38, 23, 23, 23, 23,
    23, 23, 23, 23, 0, 0, 23, 23,
    23, 23, 23, 23, 26, 40, 27, 23,
    0, 27, 41, 23, 41, 27, 41, 0,
    0, 55, 41, 23, 42, 23, 42, 23,
    42, 0, 23, 42, 24, 38, 0, 0,
    24, 38, 24, 38, 23, 42, 23, 42,
    23, 42, 24, 38, 24, 38, 24, 38,
    24, 38, 29, 56, 29, 56, 29, 56,
    30, 44, 30, 44, 30, 44, 30, 44,
    30, 44, 30, 44, 31, 45, 33, 45,
    33, 34, 47, 34, 47, 34, 47, 0,
    0, 0, 0, 0, 0, 0, 0, 0,
    0, 0, 0, 0, 0, 0, 0, 24,
    0, 0, 39, 0, 0, 0, 0, 0,
    0, 0, 0, 0, 0, 0, 0, 0,
    24, 38, 0, 0, 0, 0, 0, 0,
    0, 0, 0, 0, 0, 0, 0, 30,
    44, 0, 0, 0, 0, 0, 0, 0,
    0, 0, 0, 0, 0, 0, 0, 0,
    0, 0, 0, 0, 0, 0, 0, 0,
    0, 0, 0, 0, 0, 22, 37, 0,
    0, 0, 0, 0, 0, 0, 0, 0,
    0, 0, 0, 0, 0, 0, 0, 0,
    0, 0, 0, 0, 24, 38, 24, 38,
    27, 23, 0, 0, 0, 0, 0, 0,
    0, 0, 0, 0, 0, 0, 0, 0,
    0, 0, 0, 0, 0, 0, 0, 0,
    0, 0, 0, 0, 0, 0, 0, 0,
    0, 0, 0, 0, 0, 0, 0, 0,
    0, 0, 0, 0, 24, 38, 29, 56,
    40, 0, 0, 0, 0, 0, 0, 0,
    0, 0, 0, 0, 0, 0, 0, 0,
    0, 0, 0, 0, 0, 0, 0, 0,
    0, 0, 0, 0, 0, 0, 0, 0,
    0, 24, 38, 0, 0, 0, 0, 0,
    0, 0, 0, 0, 0, 0, 0, 0,
    0, 0, 0, 0, 0, 0, 0, 0,
    0, 0, 0, 0, 0, 0, 0, 0,
    0, 0, 0, 0, 0, 0, 0, 0,
    0, 0, 0, 0, 0, 0, 0, 0,
    0, 0, 0, 0, 0, 0, 0, 0,
    0, 0, 0, 0, 0, 0, 0, 0,
    0, 0, 0, 0, 0, 0, 0, 0,
    0, 0, 0, 0, 0, 0, 0, 0,
    0, 0, 0, 0, 0, 0, 0, 0,
    0, 0, 0, 0, 0, 0, 0, 0,
    0, 31, 45, 31, 45, 31, 45, 0,
    0, 0, 0, 0, 0, 0, 0, 0,
    0, 0, 0, 0, 0, 0, 0, 0,
    0, 0, 0, 0, 0, 23, 22, 37,
    22, 37, 22, 37, 22, 37, 22, 37,
    22, 37, 22, 37, 22, 37, 22, 37,
    22, 37, 22, 37, 22, 37, 23, 38,
    23, 38, 23, 38, 23, 38, 23, 38,
    23, 38, 23, 38, 23, 38, 23, 23,
    23, 23, 24, 38, 24, 38, 24, 38,
    24, 38, 24, 38, 24, 38, 24, 38,
    24, 38, 24, 38, 24, 38, 24, 38,
    24, 38, 30, 44, 30, 44, 30, 44,
    30, 44, 30, 44, 30, 44, 30, 44,
    33, 45, 33, 45, 33, 45, 33, 45,
    0, 0, 0, 0, 0, 57, 58, 8,
    0, 57, 59, 8, 0, 0, 0, 0,
    0, 0, 0, 8, 53, 0, 0
};

/*Kern values between classes*/
static const int8_t kern_class_values[] =
{
    0, 0, 0, 0, 0, 0, 0, 0,
    0, -23, 0, 0, 0, 0, -14, 0,
    5, 0, 0, 0, 0, 0, 0, 0,
    0, 0, 0, 0, 0, 0, 0, 0,
    0, 0, 0, 0, 0, 0, 0, 0,
    0, 0, 0, 0, 0, 0, 0, 0,
    0, 0, 0, 0, 0, -19, 0, 0,
    0, 0, 0, 0, 0, 0, 0, 0,
    0, 0, 0, 0, 0, 0, 0, 0,
    0, 0, 0, -27, 0, 0, 0, 0,
    0, 0, 0, 0, 0, 0, 0, 0,
    0, 0, 0, 0, 0, -19, 0, 0,
    0, 0, 0, 0, 0, 0, 0, 0,
    0, 0, 0, 0, 0, 0, 0, 0,
    0, 0, 0, 0, 0, 0, 0, 0,
    0, 0, 0, 0, 0, 0, 0, 0,
    0, 0, -4, -3, -16, 0, 0, -4,
    0, 0, 0, 0, 0, 0, 0, 0,
    0, 0, 0, 0, 0, 0, 0, 0,
    0, 0, 0, 0, 0, 0, 0, 0,
    0, 0, 0, 0, 0, 0, 0, -7,
    0, 0, 0, 0, 0, 0, 0, 0,
    0, 0, 0, 0, 0, 0, 0, 0,
    -19, 0, -33, 0, 0, 0, 0, 0,
    0, 6, 0, 0, 0, 0, 0, 0,
    0, 0, 0, 0, 0, 0, 0, 0,
    0, 0, 0, 0, 0, 0, 0, 0,
    0, 0, 0, 0, 0, 0, 0, 0,
    0, 0, 0, 0, 0, 0, 0, 0,
    0, 0, 0, 0, 0, 0, 0, 0,
    0, 0, 0, 0, 0, 0, 0, 0,
    0, 0, 0, 0, -9, 0, 0, 0,
    0, 0, 0, 0, 0, 0, 0, 0,
    0, 0, 0, 0, 0, 0, 0, 0,
    0, 0, 0, 0, 0, 0, 0, 0,
    0, 0, 0, 0, 0, 0, 0, 0,
    0, 0, 0, 0, 0, 0, 0, 0,
    0, 0, 0, 0, -19, 0, 0, 0,
    0, 0, -35, 0, 0, 0, 0, -28,
    0, 0, 0, 0, 0, 0, 0, 0,
    0, 0, 0, 0, 0, 0, 0, 0,
    0, -36, 0, 0, 0, 0, 0, 0,
    0, 0, 0, 0, 0, 0, 0, 0,
    -9, 0, 0, 0, 0, 0, 0, 0,
    0, 0, 0, 0, 0, 0, 0, 0,
    0, 0, 0, 0, 0, -9, 0, 0,
    5, 0, -19, 0, 0, 0, 0, 0,
    0, 0, 0, 0, 0, 0, 0, 0,
    0, 0, 0, 0, 0, 0, 0, 0,
    0, 0, 0, 0, 0, 0, 0, 0,
    0, 0, 0, 0, 0, 0, 0, 0,
    0, 0, 0, 0, 0, -15, 0, 0,
    -10, 0, 0, 0, -36, 0, -51, -9,
    -9, -19, -19, -35, -5, 1, -9, -9,
    -15, -15, 0, 0, 0, 0, 0, 0,
    0, 0, 0, 0, 0, 0, 0, -5,
    0, 0, 0, 0, 0, 0, 0, 0,
    0, 0, 0, 0, 0, -7, -17, 0,
    -24, -11, 0, 0, 0, 0, 0, 0,
    0, 0, 0, 0, 0, 0, 0, 0,
    0, 0, 5, -5, 0, 0, -3, 0,
    -19, 0, 0, 0, 0, 0, 0, 0,
    0, 0, 0, 0, 0, 0, 0, 0,
    0, 0, 0, 0, 0, 0, 0, 0,
    0, 0, 0, 0, 0, 0, 0, 0,
    0, 0, 0, 0, 0, 0, 0, 0,
    0, 0, 0, 0, 0, 0, 0, 0,
    0, 0, 0, -5, -9, -6, -19, -5,
    0, -9, 0, -10, -9, 0, 0, 0,
    0, 0, 0, 0, 0, 0, 0, 0,
    0, 0, 0, 0, 0, 0, 0, 0,
    0, 0, 0, 0, 0, 0, 0, 0,
    0, 0, 0, -6, -6, 0, 0, 0,
    0, 0, 0, -9, -9, -9, 0, 0,
    0, 0, 0, 0, 0, 0, -14, -5,
    0, -5, 0, -10, -17, 0, -13, 0,
    0, 0, 0, 0, 0, 0, 0, 0,
    0, 0, 0, 0, 0, 0, 0, 0,
    0, 0, 0, 0, 0, 0, 0, 0,
    0, 0, 0, 0, 0, 0, 0, -5,
    0, 0, 0, 0, 0, 0, 0, 0,
    0, 0, 0, 0, 0, -3, 0, 0,
    0, 0, -15, 0, 0, 0, 0, 0,
    0, -9, 0, 0, 0, 0, 0, 0,
    0, 0, 0, 0, 0, 0, 0, 0,
    0, 0, 0, 0, 0, 0, 0, 0,
    0, 0, 0, 0, 0, 0, 0, 0,
    0, 0, 0, 0, 0, 0, 0, 0,
    0, 0, 0, 0, 0, -5, -9, 0,
    0, 0, 0, 0, -5, 0, -5, -9,
    0, -9, 0, 0, -14, 0, 0, -9,
    0, 0, 0, 0, 0, 0, 0, 0,
    0, 0, 0, 0, 0, 0, 0, 0,
    0, 0, 0, 0, 0, 0, 0, 0,
    0, 0, 0, 0, 0, 0, 0, 0,
    0, 0, 0, 0, 0, 0, 0, 0,
    0, 0, 0, -5, 0, 0, 0, 0,
    -9, -9, 0, -5, 0, 0, 0, -23,
    0, 0, 0, 0, 0, 0, 0, 0,
    0, 0, 0, 0, 0, 0, 0, 0,
    0, 0, 0, 0, 0, 0, 0, 0,
    0, 0, 0, 0, 0, 0, 0, 0,
    0, 0, 0, 0, 0, 0, 0, 0,
    0, 0, 0, 0, 0, 0, 0, 0,
    0, 0, 0, -10, 0, -9, -5, 0,
    0, 0, -18, 0, 0, 0, 0, 0,
    0, 0, 0, 0, 0, 0, 0, 0,
    0, 0, 0, 0, 0, 0, 0, 0,
    0, 0, 0, 0, 0, 0, 0, 0,
    0, 0, 0, 0, 0, 0, 0, 0,
    0, 0, 0, 0, 0, 0, 0, 6,
    0, 0, 0, 0, -45, -17, -26, 0,
    5, -5, 0, -25, 0, 9, -4, 0,
    -9, 0, 0, 0, 0, 0, 0, 0,
    0, 0, 0, 0, 0, 0, 0, 0,
    14, 0, 0, 0, 0, 0, 0, 0,
    0, 0, 0, 0, 14, 0, -5, 0,
    0, 0, 0, 0, 0, 0, 0, 0,
    0, 0, 0, 0, -4, 0, 0, 0,
    0, 0, 0, -8, 0, 0, 0, 0,
    -9, 0, 0, 0, 0, 0, 0, 0,
    0, 0, 0, 0, 0, 0, 0, 0,
    0, 0, 0, 0, 0, 0, 0, 0,
    0, 0, 0, 0, 0, 0, 0, 0,
    0, 0, 0, 0, 0, 0, 0, 0,
    0, 0, 0, 0, 0, 0, 0, 0,
    0, 0, 0, 0, -9, 0, 0, 0,
    0, -9, 0, -27, 0, 0, 0, 0,
    0, 0, 0, 0, 0, 0, 0, 0,
    0, 0, 0, 0, 0, -15, 0, 0,
    0, 0, 0, 0, 0, 0, 0, 0,
    0, 0, 0, 0, -5, 0, 0, 0,
    0, 0, 0, 0, 0, 0, -5, -23,
    0, 0, 0, -33, 0, 0, 0, 0,
    0, 0, 0, -16, 0, 0, -43, 0,
    0, -9, -24, 0, -10, -16, -10, -14,
    -7, -10, -43, -9, -51, 0, -34, -5,
    -51, 0, 0, -9, -19, 0, -10, -9,
    -30, -10, -29, -14, -6, 0, -7, -16,
    -33, 0, 0, 0, 0, -30, 0, 0,
    0, 0, 0, 0, 0, 0, 0, 0,
    0, 0, -10, 0, 0, 0, 0, 0,
    0, -18, 0, 0, -9, -13, -10, -4,
    -5, -7, 0, 0, -4, -18, 0, -16,
    0, -20, 0, -16, 0, -4, -2, -9,
    -6, -6, -5, -9, -6, -16, -20, -10,
    0, 0, -5, 0, 0, 0, 0, 0,
    0, 0, 0, 0, 0, 0, 0, 0,
    0, 0, 0, 0, 0, -12, 0, 0,
    0, 0, 0, 0, -7, 0, 0, 0,
    0, -12, -1, 0, -1, 0, -4, -1,
    -7, 0, -10, -9, -10, 0, -10, 0,
    -3, -4, -9, 0, -5, -4, -5, -6,
    -6, -15, -5, 0, -4, 0, 0, 0,
    0, 0, 0, -5, 0, 0, 0, 0,
    0, 0, 0, -9, -5, 0, -9, 0,
    -17, 0, 0, -5, 0, 0, 0, -19,
    0, 0, -5, -9, -17, 5, 0, 5,
    -5, -5, 5, -19, 0, -17, -15, -19,
    -5, -17, 0, 4, 6, -5, -9, 0,
    0, -11, 0, -8, -11, 0, 0, -5,
    0, -5, 0, 0, 0, -4, -11, 0,
    0, 0, 0, 0, 0, 0, 0, 0,
    0, 0, 0, 0, 0, 0, 0, 0,
    0, 0, 0, 0, 0, -5, -9, 0,
    -4, 0, -4, 0, 0, -4, 0, 0,
    6, 0, -9, 0, 6, 0, -5, -8,
    -15, -6, 0, 0, -18, 0, -10, -14,
    -2, 0, 0, 0, 0, 0, 0, 0,
    0, -18, 0, 0, 0, 0, 0, 0,
    0, 0, 0, 0, -37, 0, -38, 0,
    0, 0, 0, 0, 0, 0, 0, 0,
    -14, -8, -38, -8, 0, -8, -28, -13,
    -8, 0, 0, 0, -9, -8, -8, 0,
    0, -10, -13, -5, -15, -9, -13, -17,
    -14, -19, -22, -14, 0, -13, 0, 0,
    0, 0, 0, 0, -17, 0, 0, 0,
    0, 0, 0, 0, 0, 0, 0, 0,
    0, 0, 0, 0, 0, 0, 0, 0,
    -9, 0, 0, 0, 0, 0, 0, 0,
    0, 0, 0, 0, -9, 0, -15, -6,
    -9, 0, -15, 0, 5, 5, -6, 0,
    0, 0, -6, 0, -3, -7, 1, 0,
    0, 0, 0, 0, 0, 0, 0, -6,
    0, 0, 0, 0, 0, 0, 0, 0,
    0, 0, 0, 0, -5, 0, 0, 0,
    0, 0, 0, -17, 0, 0, 0, -5,
    -5, -8, -7, -8, -8, 0, -8, -17,
    7, -10, -5, -9, -2, -10, 0, -5,
    -5, -20, -7, -4, 3, -17, -9, -5,
    -23, -5, 0, 0, -7, 0, 0, 0,
    0, 0, -17, 0, 0, 0, 0, 0,
    0, 0, 0, 0, 0, 0, 0, -9,
    0, 0, 0, 0, 0, 0, 0, 0,
    0, 0, 0, -9, 7, 0, 7, -12,
    0, 7, 0, 1, 0, -9, -8, 0,
    0, 0, 0, -3, -9, -3, 0, 0,
    -8, 0, -9, -14, -9, 0, 0, 0,
    0, 0, 0, 0, 0, -8, 0, 0,
    0, 0, 0, 0, 0, 0, -6, 0,
    0, 0, 0, 0, 0, 0, 0, 0,
    0, -2, 0, 0, -9, -10, 0, -5,
    -19, -5, -14, -9, -5, -2, -9, -5,
    0, 0, -5, -5, 0, -7, -23, -24,
    -5, 0, -9, -23, -14, -15, -15, 0,
    0, -9, -19, -6, 0, 0, 0, 0,
    -23, 0, 0, 0, -8, -45, 0, 0,
    0, -56, 0, -4, 0, -9, 0, 0,
    0, 0, 0, 0, -63, 0, 0, -8,
    -37, -9, -20, -22, -20, -24, -13, -20,
    -63, -21, -71, 0, -74, -8, -71, 0,
    0, -17, -26, -8, -17, 0, -35, -17,
    -37, -22, -9, 0, -13, -22, -56, 0,
    0, 0, 0, -35, 0, 0, 0, -5,
    0, 0, 0, 0, 0, 0, -50, -13,
    -34, 0, 0, 0, 0, 0, 0, 0,
    0, 0, -9, -8, -34, -9, -6, -9,
    -37, 0, -9, 0, 0, -19, -19, -19,
    -10, -19, 0, -10, -13, 0, 0, 0,
    -4, 0, -13, -9, -19, -14, 0, 0,
    -6, 0, 0, 0, 0, 0, 0, 0,
    0, 0, 0, 0, 0, 0, 0, 0,
    0, 0, 0, -5, 0, 0, 0, 0,
    0, 0, -9, 0, 0, -4, -9, -5,
    0, -7, 0, 0, -6, 0, -9, 0,
    -23, 0, -10, 0, -23, 0, -2, -6,
    -13, -5, 0, 0, -14, -5, -10, -11,
    0, 0, -6, -7, 0, 0, 0, 0,
    0, -14, 0, 0, 0, 0, 5, 0,
    -12, 0, 6, 0, -45, -18, -43, 0,
    0, 0, 0, -13, 0, 5, 0, 0,
    -27, -9, -43, -12, -19, -12, -56, -17,
    -12, 5, 0, -5, -1, 4, 0, -5,
    9, -32, -37, -18, -20, -8, -22, -17,
    -30, -20, -26, -22, 0, -17, -19, 6,
    -26, -28, 0, 0, -17, 0, 3, 3,
    -15, 0, 0, -10, 0, 0, 0, -36,
    0, -51, -9, -9, -19, -19, -35, -5,
    1, -9, -9, -15, -15, -51, -11, -17,
    -11, -37, -7, -11, 1, 0, -5, -5,
    0, -6, -5, 0, -23, -20, -23, -22,
    -13, -16, -19, -24, -19, -30, -18, 0,
    -7, -17, 0, -24, -11, 0, 0, -19,
    0, 0, 0, 0, 0, 0, 0, 0,
    0, -9, 0, 0, -34, 0, 0, 0,
    0, 0, 0, 4, 0, 0, 0, 0,
    -34, -9, -19, -9, -58, 0, -9, 4,
    -8, 0, 0, 9, -5, 0, 0, -30,
    -32, -25, -20, -8, -28, -28, -28, -19,
    -28, -33, 0, 0, -19, 0, 0, 0,
    0, -9, -28, 0, 0, 0, 0, 0,
    0, 0, 0, 0, 0, 0, -8, -9,
    0, 0, 0, 0, 0, 0, 0, 0,
    0, 0, -9, -9, -2, -9, -2, -13,
    0, -2, 0, 0, -6, -5, -5, 0,
    -6, 0, -5, -15, -19, -7, -3, -5,
    -14, -8, -15, -19, -9, 0, 0, -9,
    0, 0, 0, 0, 0, -14, 0, 0,
    0, 0, 0, 0, 0, 0, 0, 0,
    0, 0, 0, 0, 0, 0, 0, 0,
    0, 9, 0, 0, 0, 0, 0, 0,
    0, 0, 0, 0, 0, 9, 0, 0,
    0, 0, 0, 0, 0, 0, 0, 0,
    14, 0, 0, 0, 0, 0, 0, 0,
    0, 0, 0, 0, 0, 0, 0, 0,
    0, 0, 0, 0, -5, -23, 0, 0,
    0, -33, 0, 0, 0, 0, 0, 0,
    0, -16, 0, 0, -43, 0, 0, -9,
    -24, 0, 0, 0, 0, 0, 0, 0,
    0, 0, 0, 0, 0, 0, -51, 0,
    0, 0, 0, 0, 0, 0, 0, 0,
    0, 0, 0, 0, -7, -16, 0, 0,
    0, 0, 0, 0, 0, 0, 0, 0,
    0, 0, 0, 0, -10, 0, 9, 0,
    0, 0, 0, 0, 0, 0, 0, 0,
    0, 0, 0, -10, 0, -4, 0, -4,
    0, 0, -4, 0, 0, 0, 0, 0,
    0, 0, 0, 0, -3, -6, 1, -5,
    -1, -22, -4, -13, -13, -4, 0, 0,
    0, -10, 0, 0, 0, 0, -22, 0,
    0, 0, 0, -5, 0, 0, 0, -10,
    0, 0, 0, -5, 0, 0, 0, 0,
    0, 0, -32, 0, 0, 0, -19, -5,
    -5, 0, -5, 0, 0, -5, -32, 0,
    -23, -9, -23, 0, -23, 0, 0, -5,
    -14, -8, -2, -5, -13, -5, -12, -25,
    -11, 0, 0, 0, -10, 0, 0, 0,
    0, -13, 0, 0, 0, 0, 0, 0,
    0, 0, 6, 0, -28, -13, -19, 0,
    0, 0, 0, 0, 0, 0, 0, 0,
    -12, 0, -19, -16, 0, -16, 0, 0,
    -16, 0, 0, 0, 0, 0, 0, 0,
    6, -14, -19, -24, -21, -8, -13, -17,
    0, -18, -19, -6, 0, 0, 0, 6,
    0, 0, 0, 0, -17, 5, 0, 0,
    0, 0, 0, 0, 0, 0, 0, 0,
    0, 0, 0, 0, 0, 0, 0, 0,
    -24, 0, 0, 0, -9, 0, -6, 0,
    -6, 0, 0, -6, -24, 0, -10, 0,
    -9, 0, -10, 0, 0, -5, -9, -1,
    0, 0, -12, 0, -9, -8, -5, 0,
    0, 0, 0, 0, 0, 0, 0, -12,
    0, 0, 0, 0, 0, 0, 0, 0,
    -8, 0, 0, 0, 0, 0, 0, 0,
    0, 0, 0, -19, 0, 0, 0, -9,
    0, -3, 0, -3, 0, 0, -3, -19,
    0, -9, -5, -19, 0, -9, 0, -5,
    -6, -14, -15, -6, -8, -18, -6, -15,
    -23, -9, 0, 0, 0, -8, 0, 0,
    0, 0, -18, 0, 0, 0, -9, 0,
    0, 0, 0, -8, 0, -9, -31, 0,
    0, 0, 0, 0, 0, 0, -9, 0,
    0, -19, -14, 0, -23, -5, -23, 0,
    0, -23, -9, 0, 0, 0, 0, 0,
    0, 0, -22, -26, -27, -13, -19, -19,
    -24, -9, -32, -19, -15, 0, 0, -5,
    -8, 0, 0, 0, 0, -24, 0, 0,
    0, 0, 0, 0, 0, 0, 0, 0,
    -27, -17, -14, 0, 0, 0, 0, 0,
    0, -17, 0, 0, -21, 0, -14, -13,
    0, -13, 0, 0, -13, -17, 0, 0,
    0, 0, 0, 0, 0, -18, -19, -25,
    -22, -13, -17, -20, -8, -11, -32, -14,
    0, 0, 0, 0, -17, 0, 0, 0,
    -20, 0, 0, 0, 0, 0, 0, 0,
    0, 0, 0, 13, -13, 5, 0, 0,
    0, 0, 0, 0, 0, 0, 0, 0,
    0, 5, -6, 0, -6, 0, 0, -6,
    0, 0, -6, 0, 0, 13, -6, 0,
    -4, -7, -13, -5, 0, 2, -16, -2,
    -5, -15, 1, 0, 0, 0, 0, 0,
    0, 0, 0, -16, 0, 0, 0, 0,
    0, 0, 0, 0, 0, 0, -26, -5,
    -23, 0, 0, 0, 0, 0, 0, -17,
    0, 0, -9, 0, -23, -5, -7, -5,
    -18, 0, -5, -17, 0, 0, -2, 0,
    0, 0, 0, -11, -13, -5, -12, -5,
    -11, -11, -9, 0, -21, -12, 0, 0,
    -7, 0, 0, 0, 0, 0, -11, 0,
    0, 0, -9, 0, 0, 0, 0, -8,
    0, -9, -31, 0, 0, 0, 0, 0,
    0, 0, -9, 0, 0, -19, -14, 0,
    -23, -5, -23, 0, 0, -23, -9, 0,
    0, 0, 0, 0, 0, 0, -22, -25,
    -27, -13, -19, -19, -24, -9, -32, -19,
    -15, 0, 0, -5, -8, 0, 0, 0,
    0, -24, 0, 0, 0, 0, 0, 0,
    0, 0, 0, 0, 0, 0, 0, 0,
    0, 0, 0, 0, 0, 0, 0, 0,
    -9, -5, 0, -5, 0, -5, 0, 0,
    -5, 0, 0, -14, -5, 0, 0, -14,
    0, -7, -14, -9, -10, -12, -9, -13,
    -9, -14, -23, -8, 0, 0, 0, 0,
    0, 0, 0, 0, -13, 0, 0, 0,
    0, 0, 0, 0, 0, 0, 0, 0,
    0, 0, 0, 0, 0, 0, 0, 0,
    6, 0, 0, 0, 0, 0, 0, 0,
    0, 0, 0, 0, 6, 0, 0, 0,
    0, 0, 0, 0, 0, 0, 0, 0,
    0, 0, 0, 0, 0, 0, 0, 0,
    0, 0, 0, 0, 0, 0, 0, 0,
    0, 0, 0, 0, 0, 0, 0, 0,
    0, 0, 0, 0, 0, 0, 0, 0,
    0, 0, 0, 0, 0, 0, 0, 0,
    0, 0, 0, 0, 0, 0, 0, 0,
    0, -19, 0, 0, 0, -19, 0, 0,
    0, -5, 0, 0, 0, -6, 0, 0,
    0, 0, 0, 0, 0, 0, 0, 0,
    0, 0, -6, 0, 0, 0, 0, 0,
    0, 0, 0, 0, 0, 0, 0, 0,
    0, 0, 0, 0, 0, 0, -9, 0,
    0, 0, 0, 0, 0, 0, 0, 0,
    0, 0, -9, 0, 0, 0, 0, 0,
    0, 0, 0, 0, 0, 0, 0, 0,
    0, 0, 0, 0, 0, 0, 0, 0,
    0, 0, 0, 0, 0, 0, 0, 0,
    0, 0, 0, 0, 0, -9, -5, 0,
    -9, 0, -17, 0, 0, -5, 0, 0,
    0, -19, 0, 0, -5, -9, 0, 0,
    0, 0, 0, 0, 0, 0, 0, 0,
    0, 0, 0, -17, 0, 0, 0, 0,
    0, 0, 0, 0, 0, 0, 0, 0,
    0, -5, 0, 0, 0, 0, 0, 0,
    0, 0, 0, 0, 0, 0, 0, 0,
    0, 0, 0, -19, 0, -33, 0, 0,
    0, 0, 0, 0, 6, 0, 0, 0,
    0, -33, 0, 0, 0, 0, 0, 0,
    6, 0, 0, 0, 0, 0, 0, 0,
    0, 0, 0, 0, 0, 0, 0, 0,
    0, 0, 0, 0, 0, 0, 0, 0,
    0, 0, 0, 0, 0, 0, 0, 0,
    0, 0, 0, 0, 0, 0, 0, 0,
    0, 0, 0, 0, 0, 0, 0, -26,
    0, 0, 0, 0, 0, 0, 0, 0,
    0, 0, 0, 0, 0, 0, 0, 0,
    0, -19, 0, 0, 0, 0, 0, 0,
    0, 0, 0, 0, 0, 0, 0, 0,
    0, 0, 0, 0, 0, 0, 0, 0,
    0, 0, 0, 0, 0, 0, 0, 0,
    0, 0, 0, 0, 0, 0, 0, 0,
    0, 0, -28, 0, 0, 0, 0, 0,
    0, 0, 0, -2, 0, 0, -28, 0,
    -24, 0, 0, 0, -24, 0, 0, 0,
    0, 0, 0, 0, 0, 0, 0, 0,
    0, 0, 0, 0, 0, 0, 0, 0,
    0, 0, 0, 0, 0, 0, -19, 0,
    0, 0, 0, 0, 0, 0, 0, 0,
    -28, 0, 0, 0, 0, -39, 0, 0,
    0, 0, 0, 0, 0, 0, 0, 0,
    0, 0, 0, 0, 0, 0, 0, -48,
    0, 0, 0, 0, 0, 0, 0, 0,
    0, 0, 0, 0, 0, 0, -24, 0,
    0, 0, 0, 0, 0, 0, 0, 0,
    0, 0, 0, 0, 0, 11, 0, 0,
    0, 0, 0, 0, 0, 0, 0, 0,
    0, 0, 0, 0, 0, 0, 2, 0,
    2, 0, 0, 2, 0, 0, 0, 0,
    0, 0, 0, 0, -5, -9, -5, -6,
    0, 0, -3, 0, -1, -5, 0, 0,
    0, 0, 11, 0, 0, 0, 0, -3,
    0, 0, 17, 0, 0, 0, 0, 0,
    0, 0, 0, 0, 0, 0, 0, 0,
    0, 0, 0, -12, 0, 0, 0, 0,
    0, 0, 0, 0, 0, 0, 0, -12,
    0, -17, 0, -12, 0, -17, 0, 0,
    0, 0, 0, 0, 0, 0, 0, 0,
    0, 0, 0, 0, 0, 0, 0, 0,
    0, 0, 0, 0, 0, 0, 0, 0,
    0, 0, 23, 0, 0, 0, 0, -9,
    0, 0, 0, 0, 0, 0, 13, 0,
    0, 0, 0, -9, 7, 0, 7, -13,
    0, 7, 13, 2, 5, 6, 16, 5,
    5, 24, 0, -5, -9, -3, 0, -4,
    -6, 0, -5, -14, -6, 19, 0, 0,
    0, 0, 0, 0, 0, -6, 0, 0,
    0, 0, 0, 0, 0, 0, 0, 0,
    0, 0, 0, 0, 0, 0, 0, 0,
    0, 0, 0, 0, 0, 0, 0, 0,
    0, 0, -54, 0, 0, 0, 0, 0,
    0, 0, 0, 0, 0, 0, 0, 0,
    0, 0, 0, 0, 0, 0, 0, 0,
    0, 0, 0, 0, 0, 0, 0, 0,
    0, 0, 0, 0, 0, 0, 0, 0,
    0, 0, 0, 0, 0, 0, 0, 4,
    0, 0, 0, 0, 0, 0, 0, 0,
    0, 0, 0, 0, 0, 0, 0, 0,
    0, 0, 0, 0, 0, 0, 0, 0,
    0, 0, 0, 0, 0, 0, 0, 0,
    0, 0, 0, 0, 0, 0, 0, 0,
    0, 0, 0, 0, 0, 0, 0, 0,
    0, 0, 0, 0, 0, 0, 0, 0,
    0, 0, 0, 0, 0, 0, 0, 0,
    0, 0, 0, 0, 0, 0, 0, 0,
    -2, 0, 0, 0, 0, 0, 0, 0,
    0, 0, 0, 0, 0, 0, 0, 0,
    0, 0, 0, 0, 0, 0, 0, 0,
    0, 0, 0, 0, 0, 0, 0, 0,
    0, 0
};


/*Collect the kern class' data in one place*/
static const lv_font_fmt_txt_kern_classes_t kern_classes =
{
    .class_pair_values   = kern_class_values,
    .left_class_mapping  = kern_left_class_mapping,
    .right_class_mapping = kern_right_class_mapping,
    .left_class_cnt      = 62,
    .right_class_cnt     = 59,
};

/*--------------------
 *  ALL CUSTOM DATA
 *--------------------*/

#if LVGL_VERSION_MAJOR == 8
/*Store all the custom data of the font*/
static  lv_font_fmt_txt_glyph_cache_t cache;
#endif

#if LVGL_VERSION_MAJOR >= 8
static const lv_font_fmt_txt_dsc_t font_dsc = {
#else
static lv_font_fmt_txt_dsc_t font_dsc = {
#endif
    .glyph_bitmap = glyph_bitmap,
    .glyph_dsc = glyph_dsc,
    .cmaps = cmaps,
    .kern_dsc = &kern_classes,
    .kern_scale = 16,
    .cmap_num = 10,
    .bpp = 4,
    .kern_classes = 1,
    .bitmap_format = 0,
#if LVGL_VERSION_MAJOR == 8
    .cache = &cache
#endif
};



/*-----------------
 *  PUBLIC FONT
 *----------------*/

/*Initialize a public general font descriptor*/
#if LVGL_VERSION_MAJOR >= 8
const lv_font_t geist_c3_med_29 = {
#else
lv_font_t geist_c3_med_29 = {
#endif
    .get_glyph_dsc = lv_font_get_glyph_dsc_fmt_txt,    /*Function pointer to get glyph's data*/
    .get_glyph_bitmap = lv_font_get_bitmap_fmt_txt,    /*Function pointer to get glyph's bitmap*/
    .line_height = 38,          /*The maximum line height required by the font*/
    .base_line = 7,             /*Baseline measured from the bottom of the line*/
#if !(LVGL_VERSION_MAJOR == 6 && LVGL_VERSION_MINOR == 0)
    .subpx = LV_FONT_SUBPX_NONE,
#endif
#if LV_VERSION_CHECK(7, 4, 0) || LVGL_VERSION_MAJOR >= 8
    .underline_position = -3,
    .underline_thickness = 1,
#endif
    .dsc = &font_dsc,          /*The custom font data. Will be accessed by `get_glyph_bitmap/dsc` */
#if LV_VERSION_CHECK(8, 2, 0) || LVGL_VERSION_MAJOR >= 9
    .fallback = NULL,
#endif
    .user_data = NULL,
};



#endif /*#if GEIST_C3_MED_29*/

