/*******************************************************************************
 * Size: 15 px
 * Bpp: 4
 * Opts: --bpp 4 --size 15 --format lvgl --no-compress --no-prefilter --font fonts/Geist-Regular.ttf --range 0x20-0x7F,0xA0-0x24F,0x1E00-0x1EFF,0x2013-0x2026,0x203A --font /System/Library/Fonts/Supplemental/Arial Unicode.ttf --range 0x00AD,0x0114-0x0115,0x012C-0x012D,0x0138,0x013F-0x0140,0x0149,0x014E-0x014F,0x017F-0x018E,0x0190-0x0191,0x0193-0x019F,0x01A2-0x01AE,0x01B1-0x01CC,0x01CF-0x01E3,0x01EA-0x01F5,0x01FA-0x0217,0x1E00-0x1E1F,0x1E22-0x1E7F,0x1E86-0x1E9B,0x2015-0x2017,0x201B,0x201F,0x2023-0x2025,0x2713,0x2717 -o main/ui/geist_c3_reg_15.c --lv-include lvgl.h
 ******************************************************************************/

#ifdef LV_LVGL_H_INCLUDE_SIMPLE
#include "lvgl.h"
#else
#include "lvgl.h"
#endif

#ifndef GEIST_C3_REG_15
#define GEIST_C3_REG_15 1
#endif

#if GEIST_C3_REG_15

/*-----------------
 *    BITMAPS
 *----------------*/

/*Store the image of the glyphs*/
static LV_ATTRIBUTE_LARGE_CONST const uint8_t glyph_bitmap[] = {
    /* U+0020 " " */

    /* U+0021 "!" */
    0xf, 0x40, 0xf4, 0xf, 0x40, 0xf4, 0xf, 0x40,
    0xe3, 0xd, 0x20, 0x50, 0x2a, 0x44, 0xf7,

    /* U+0022 "\"" */
    0x5f, 0xc, 0x84, 0xf0, 0xc7, 0x3f, 0xc, 0x51,
    0xd0, 0xa3,

    /* U+0023 "#" */
    0x0, 0x9, 0x70, 0x97, 0x0, 0x0, 0xc4, 0xd,
    0x40, 0x7, 0xff, 0xff, 0xff, 0x20, 0x3, 0xe0,
    0x3e, 0x0, 0x0, 0x5b, 0x6, 0xa0, 0x0, 0x9,
    0x80, 0x97, 0x0, 0xe, 0xff, 0xef, 0xf8, 0x0,
    0x1f, 0x32, 0xf3, 0x0, 0x2, 0xe0, 0x3e, 0x0,
    0x0, 0x5b, 0x6, 0xb0, 0x0,

    /* U+0024 "$" */
    0x0, 0x0, 0xb6, 0x0, 0x0, 0x0, 0xb, 0x60,
    0x0, 0x0, 0x8e, 0xff, 0x80, 0x0, 0x9e, 0x6f,
    0xce, 0xb0, 0xe, 0x70, 0xb6, 0x3f, 0x30, 0xcb,
    0xb, 0x60, 0x10, 0x2, 0xbf, 0xfd, 0x20, 0x0,
    0x0, 0x1f, 0xff, 0xa0, 0x5, 0x10, 0xb6, 0x1e,
    0x70, 0xf7, 0xb, 0x60, 0xc9, 0x6, 0xf8, 0xfa,
    0x9f, 0x40, 0x5, 0xcf, 0xfc, 0x40, 0x0, 0x0,
    0xb6, 0x0, 0x0, 0x0, 0x1, 0x0, 0x0,

    /* U+0025 "%" */
    0x7, 0xee, 0x60, 0x0, 0x4d, 0x0, 0x2e, 0x11,
    0xf1, 0x1, 0xe3, 0x0, 0x4c, 0x0, 0xd3, 0xb,
    0x70, 0x0, 0x2e, 0x12, 0xf1, 0x7b, 0x0, 0x0,
    0x6, 0xdd, 0x53, 0xe1, 0x0, 0x0, 0x0, 0x0,
    0x1d, 0x45, 0xdd, 0x60, 0x0, 0x0, 0xb8, 0x1f,
    0x21, 0xe2, 0x0, 0x6, 0xc0, 0x3d, 0x0, 0xb5,
    0x0, 0x3e, 0x10, 0x1f, 0x21, 0xe2, 0x0, 0xd4,
    0x0, 0x5, 0xee, 0x70,

    /* U+0026 "&" */
    0x0, 0x7e, 0xfb, 0x10, 0x0, 0x3f, 0x74, 0xe9,
    0x0, 0x5, 0xf0, 0xa, 0xa0, 0x0, 0x1e, 0x43,
    0xe2, 0x0, 0x0, 0x9e, 0xc2, 0x0, 0x0, 0x8e,
    0x9f, 0x30, 0x45, 0x3f, 0x30, 0x8e, 0x2a, 0x95,
    0xf0, 0x0, 0x9d, 0xf4, 0x2f, 0x93, 0x37, 0xfe,
    0x0, 0x4c, 0xff, 0xd7, 0xd9,

    /* U+0027 "'" */
    0x5f, 0x4f, 0x3e, 0x1b,

    /* U+0028 "(" */
    0x0, 0x36, 0x0, 0xd5, 0x5, 0xe0, 0xc, 0x80,
    0xf, 0x40, 0x3f, 0x10, 0x4f, 0x0, 0x4f, 0x0,
    0x2f, 0x20, 0xe, 0x50, 0x8, 0xb0, 0x2, 0xf1,
    0x0, 0x89,

    /* U+0029 ")" */
    0x53, 0x0, 0x4e, 0x0, 0xc, 0x70, 0x6, 0xd0,
    0x2, 0xf2, 0x0, 0xf5, 0x0, 0xe6, 0x0, 0xe5,
    0x0, 0xf4, 0x4, 0xf0, 0x9, 0xa0, 0xe, 0x30,
    0x8a, 0x0,

    /* U+002A "*" */
    0x4, 0x81, 0xa0, 0x0, 0xdc, 0x50, 0x5f, 0xff,
    0xfb, 0x0, 0xdc, 0x50, 0x4, 0x82, 0xa0,

    /* U+002B "+" */
    0x0, 0x6, 0xc0, 0x0, 0x0, 0x6, 0xc0, 0x0,
    0x0, 0x6, 0xc0, 0x0, 0x6f, 0xff, 0xff, 0xfc,
    0x12, 0x29, 0xf2, 0x22, 0x0, 0x6, 0xc0, 0x0,
    0x0, 0x6, 0xc0, 0x0,

    /* U+002C "," */
    0x3a, 0x35, 0xf5, 0xb, 0x11, 0xa0,

    /* U+002D "-" */
    0x5f, 0xff, 0xfa, 0x2, 0x22, 0x21,

    /* U+002E "." */
    0x3a, 0x35, 0xf5,

    /* U+002F "/" */
    0x0, 0x0, 0x7, 0x10, 0x0, 0x5, 0xd0, 0x0,
    0x0, 0xa8, 0x0, 0x0, 0x1f, 0x20, 0x0, 0x6,
    0xc0, 0x0, 0x0, 0xb7, 0x0, 0x0, 0x1f, 0x10,
    0x0, 0x7, 0xb0, 0x0, 0x0, 0xc6, 0x0, 0x0,
    0x2f, 0x10, 0x0, 0x8, 0xa0, 0x0, 0x0, 0xd5,
    0x0, 0x0, 0x3f, 0x0, 0x0, 0x0,

    /* U+0030 "0" */
    0x0, 0x3b, 0xfe, 0xb2, 0x0, 0x3, 0xfa, 0x44,
    0xbf, 0x20, 0xc, 0xb0, 0x0, 0xc, 0xb0, 0x1f,
    0x40, 0x0, 0x5, 0xf0, 0x3f, 0x20, 0x0, 0x3,
    0xf2, 0x3f, 0x20, 0x0, 0x3, 0xf2, 0x1f, 0x40,
    0x0, 0x5, 0xf0, 0xc, 0xb0, 0x0, 0xc, 0xb0,
    0x3, 0xfb, 0x55, 0xbf, 0x20, 0x0, 0x3b, 0xfe,
    0xb2, 0x0,

    /* U+0031 "1" */
    0x0, 0x2f, 0x16, 0xff, 0xf1, 0x2, 0x4f, 0x10,
    0x3, 0xf1, 0x0, 0x3f, 0x10, 0x3, 0xf1, 0x0,
    0x3f, 0x10, 0x3, 0xf1, 0x0, 0x3f, 0x10, 0x3,
    0xf1,

    /* U+0032 "2" */
    0x0, 0x4c, 0xff, 0xb3, 0x0, 0x5f, 0x94, 0x5c,
    0xe1, 0xd, 0x90, 0x0, 0x1f, 0x50, 0x31, 0x0,
    0x2, 0xf4, 0x0, 0x0, 0x3, 0xdc, 0x0, 0x0,
    0x2a, 0xf8, 0x0, 0x0, 0x6f, 0x91, 0x0, 0x0,
    0x5f, 0x50, 0x0, 0x0, 0xd, 0xb3, 0x33, 0x33,
    0x10, 0xff, 0xff, 0xff, 0xf6,

    /* U+0033 "3" */
    0x0, 0x8d, 0xfe, 0xa1, 0x0, 0x9e, 0x64, 0x5d,
    0xc0, 0x6, 0x30, 0x0, 0x5f, 0x0, 0x0, 0x0,
    0x2b, 0xb0, 0x0, 0x5, 0xff, 0xc0, 0x0, 0x0,
    0x13, 0x5c, 0xc0, 0x0, 0x0, 0x0, 0xf, 0x51,
    0xd2, 0x0, 0x0, 0xf5, 0xc, 0xd6, 0x46, 0xce,
    0x10, 0x19, 0xef, 0xea, 0x20,

    /* U+0034 "4" */
    0x0, 0x0, 0x9, 0xf2, 0x0, 0x0, 0x5, 0xff,
    0x20, 0x0, 0x2, 0xf9, 0xf2, 0x0, 0x0, 0xda,
    0x2f, 0x20, 0x0, 0x9d, 0x2, 0xf2, 0x0, 0x5f,
    0x20, 0x2f, 0x20, 0x2f, 0x60, 0x2, 0xf2, 0x8,
    0xff, 0xff, 0xff, 0xf7, 0x13, 0x33, 0x35, 0xf5,
    0x10, 0x0, 0x0, 0x2f, 0x20,

    /* U+0035 "5" */
    0x4, 0xff, 0xff, 0xfc, 0x0, 0x6e, 0x33, 0x33,
    0x20, 0x8, 0xc0, 0x0, 0x0, 0x0, 0xac, 0xbf,
    0xea, 0x10, 0xd, 0xf6, 0x35, 0xdd, 0x0, 0x42,
    0x0, 0x1, 0xf4, 0x0, 0x0, 0x0, 0xe, 0x70,
    0xe6, 0x0, 0x2, 0xf4, 0x9, 0xf7, 0x46, 0xdc,
    0x0, 0x7, 0xdf, 0xe9, 0x10,

    /* U+0036 "6" */
    0x0, 0x3b, 0xfe, 0xb2, 0x0, 0x2f, 0xb5, 0x4b,
    0xe0, 0xb, 0xb0, 0x0, 0x2, 0x0, 0xf7, 0xcf,
    0xe9, 0x0, 0x2f, 0xf7, 0x35, 0xeb, 0x3, 0xf6,
    0x0, 0x4, 0xf2, 0x3f, 0x20, 0x0, 0x1f, 0x40,
    0xf6, 0x0, 0x5, 0xf2, 0x8, 0xf7, 0x46, 0xea,
    0x0, 0x7, 0xdf, 0xe8, 0x0,

    /* U+0037 "7" */
    0xbf, 0xff, 0xff, 0xfd, 0x23, 0x33, 0x34, 0xe8,
    0x0, 0x0, 0x9, 0xb0, 0x0, 0x0, 0x4e, 0x10,
    0x0, 0x0, 0xd5, 0x0, 0x0, 0x5, 0xd0, 0x0,
    0x0, 0xb, 0x80, 0x0, 0x0, 0xf, 0x40, 0x0,
    0x0, 0x3f, 0x10, 0x0, 0x0, 0x4f, 0x0, 0x0,

    /* U+0038 "8" */
    0x0, 0x8d, 0xfe, 0x80, 0x0, 0x9e, 0x64, 0x6e,
    0xa0, 0xd, 0x80, 0x0, 0x7e, 0x0, 0x9c, 0x20,
    0x2c, 0xa0, 0x0, 0xdf, 0xff, 0xe1, 0x0, 0xcc,
    0x43, 0x4b, 0xc0, 0x4f, 0x10, 0x0, 0xf, 0x55,
    0xf1, 0x0, 0x0, 0xf6, 0x1e, 0xc5, 0x45, 0xce,
    0x10, 0x2a, 0xef, 0xea, 0x20,

    /* U+0039 "9" */
    0x1, 0xae, 0xfd, 0x60, 0x0, 0xdd, 0x64, 0x8f,
    0x60, 0x5f, 0x10, 0x0, 0x7d, 0x5, 0xf0, 0x0,
    0x5, 0xf1, 0x1f, 0xa2, 0x14, 0xff, 0x10, 0x4e,
    0xff, 0xe8, 0xf0, 0x0, 0x2, 0x20, 0x7e, 0x1,
    0x61, 0x0, 0xd, 0xa0, 0xd, 0xc4, 0x4b, 0xf2,
    0x0, 0x1a, 0xef, 0xc3, 0x0,

    /* U+003A ":" */
    0xaf, 0x16, 0xa0, 0x0, 0x0, 0x0, 0x0, 0x0,
    0x0, 0x6a, 0xa, 0xf1,

    /* U+003B ";" */
    0xaf, 0x16, 0xa0, 0x0, 0x0, 0x0, 0x0, 0x0,
    0x0, 0x6a, 0xa, 0xf1, 0x1c, 0x6, 0x60,

    /* U+003C "<" */
    0x0, 0x0, 0x0, 0x0, 0x0, 0x0, 0x3, 0xa6,
    0x0, 0x5, 0xcf, 0x91, 0x7, 0xee, 0x71, 0x0,
    0x6f, 0x50, 0x0, 0x0, 0x3e, 0xd6, 0x0, 0x0,
    0x0, 0x5c, 0xf8, 0x20, 0x0, 0x0, 0x3b, 0xf5,
    0x0, 0x0, 0x0, 0x22,

    /* U+003D "=" */
    0x6f, 0xff, 0xff, 0xf7, 0x12, 0x22, 0x22, 0x21,
    0x0, 0x0, 0x0, 0x0, 0x6f, 0xff, 0xff, 0xf7,
    0x12, 0x22, 0x22, 0x21,

    /* U+003E ">" */
    0x0, 0x0, 0x0, 0x0, 0x3b, 0x40, 0x0, 0x0,
    0x8, 0xed, 0x60, 0x0, 0x0, 0x6, 0xde, 0x81,
    0x0, 0x0, 0x4, 0xe9, 0x0, 0x0, 0x5c, 0xe5,
    0x1, 0x7e, 0xd6, 0x0, 0x3f, 0xc5, 0x0, 0x0,
    0x13, 0x0, 0x0, 0x0,

    /* U+003F "?" */
    0x0, 0x8e, 0xfd, 0x60, 0xb, 0xe6, 0x48, 0xf5,
    0x2f, 0x30, 0x0, 0xba, 0x3, 0x0, 0x0, 0xc8,
    0x0, 0x0, 0x1b, 0xc1, 0x0, 0x1, 0xe8, 0x0,
    0x0, 0x6, 0xe0, 0x0, 0x0, 0x1, 0x20, 0x0,
    0x0, 0x7, 0xa0, 0x0, 0x0, 0xb, 0xf0, 0x0,

    /* U+0040 "@" */
    0x0, 0x0, 0x6c, 0xef, 0xea, 0x30, 0x0, 0x2,
    0xdb, 0x51, 0x2, 0x7e, 0x70, 0x1, 0xe7, 0x0,
    0x0, 0x0, 0x1e, 0x30, 0x9a, 0x2, 0xbf, 0xd9,
    0xc0, 0x7a, 0xf, 0x20, 0xe8, 0x2, 0xeb, 0x3,
    0xd3, 0xe0, 0x5e, 0x0, 0x8, 0x90, 0x3e, 0x4c,
    0x7, 0xc0, 0x0, 0xa8, 0x5, 0xb4, 0xd0, 0x4f,
    0x30, 0x5f, 0x91, 0xc5, 0x1f, 0x10, 0x7e, 0xea,
    0x3d, 0xe7, 0x0, 0xb9, 0x0, 0x0, 0x0, 0x0,
    0x0, 0x1, 0xea, 0x20, 0x1, 0x52, 0x0, 0x0,
    0x1, 0x9e, 0xff, 0xfc, 0x30, 0x0, 0x0, 0x0,
    0x0, 0x10, 0x0, 0x0, 0x0,

    /* U+0041 "A" */
    0x0, 0x1, 0xff, 0x10, 0x0, 0x0, 0x7, 0xdd,
    0x70, 0x0, 0x0, 0xd, 0x77, 0xd0, 0x0, 0x0,
    0x3f, 0x11, 0xf3, 0x0, 0x0, 0x9b, 0x0, 0xb9,
    0x0, 0x0, 0xf6, 0x0, 0x6f, 0x0, 0x5, 0xff,
    0xff, 0xff, 0x50, 0xb, 0xb3, 0x33, 0x3a, 0xc0,
    0x2f, 0x40, 0x0, 0x4, 0xf2, 0x8e, 0x0, 0x0,
    0x0, 0xd8,

    /* U+0042 "B" */
    0xaf, 0xff, 0xfd, 0x80, 0xa, 0xb3, 0x34, 0x7f,
    0x80, 0xaa, 0x0, 0x0, 0x9c, 0xa, 0xa0, 0x0,
    0x4e, 0x70, 0xaf, 0xff, 0xfe, 0x80, 0xa, 0xb3,
    0x33, 0x5d, 0xa0, 0xaa, 0x0, 0x0, 0x3f, 0x2a,
    0xa0, 0x0, 0x3, 0xf3, 0xab, 0x33, 0x35, 0xdd,
    0xa, 0xff, 0xff, 0xea, 0x20,

    /* U+0043 "C" */
    0x0, 0x19, 0xef, 0xd9, 0x10, 0x2, 0xec, 0x64,
    0x6c, 0xd1, 0xc, 0xc0, 0x0, 0x0, 0xd8, 0x2f,
    0x40, 0x0, 0x0, 0x34, 0x4f, 0x10, 0x0, 0x0,
    0x0, 0x4f, 0x10, 0x0, 0x0, 0x0, 0x2f, 0x40,
    0x0, 0x0, 0x47, 0xc, 0xc0, 0x0, 0x0, 0xd9,
    0x2, 0xec, 0x64, 0x6c, 0xe1, 0x0, 0x29, 0xef,
    0xe9, 0x10,

    /* U+0044 "D" */
    0xaf, 0xff, 0xfc, 0x50, 0xa, 0xb3, 0x35, 0x9f,
    0x90, 0xaa, 0x0, 0x0, 0x5f, 0x4a, 0xa0, 0x0,
    0x0, 0xc9, 0xaa, 0x0, 0x0, 0xa, 0xca, 0xa0,
    0x0, 0x0, 0xac, 0xaa, 0x0, 0x0, 0xc, 0x9a,
    0xa0, 0x0, 0x5, 0xf4, 0xab, 0x33, 0x59, 0xfa,
    0xa, 0xff, 0xff, 0xc6, 0x0,

    /* U+0045 "E" */
    0xaf, 0xff, 0xff, 0xf1, 0xab, 0x33, 0x33, 0x30,
    0xaa, 0x0, 0x0, 0x0, 0xaa, 0x0, 0x0, 0x0,
    0xaf, 0xff, 0xff, 0xe0, 0xab, 0x33, 0x33, 0x20,
    0xaa, 0x0, 0x0, 0x0, 0xaa, 0x0, 0x0, 0x0,
    0xab, 0x33, 0x33, 0x30, 0xaf, 0xff, 0xff, 0xf3,

    /* U+0046 "F" */
    0xaf, 0xff, 0xff, 0xf1, 0xad, 0x33, 0x33, 0x30,
    0xaa, 0x0, 0x0, 0x0, 0xaa, 0x0, 0x0, 0x0,
    0xaf, 0xff, 0xff, 0xc0, 0xad, 0x33, 0x33, 0x20,
    0xaa, 0x0, 0x0, 0x0, 0xaa, 0x0, 0x0, 0x0,
    0xaa, 0x0, 0x0, 0x0, 0xaa, 0x0, 0x0, 0x0,

    /* U+0047 "G" */
    0x0, 0x19, 0xef, 0xea, 0x20, 0x2, 0xec, 0x54,
    0x5b, 0xe2, 0xc, 0xc0, 0x0, 0x0, 0x96, 0x1f,
    0x40, 0x0, 0x0, 0x0, 0x4f, 0x10, 0x8, 0xff,
    0xfc, 0x4f, 0x10, 0x1, 0x33, 0x9c, 0x2f, 0x40,
    0x0, 0x0, 0xbc, 0xc, 0xb0, 0x0, 0x3, 0xfc,
    0x2, 0xec, 0x54, 0x7e, 0x9c, 0x0, 0x29, 0xef,
    0xd4, 0x3c,

    /* U+0048 "H" */
    0xaa, 0x0, 0x0, 0xf, 0x5a, 0xa0, 0x0, 0x0,
    0xf5, 0xaa, 0x0, 0x0, 0xf, 0x5a, 0xa0, 0x0,
    0x0, 0xf5, 0xaf, 0xff, 0xff, 0xff, 0x5a, 0xd3,
    0x33, 0x33, 0xf5, 0xaa, 0x0, 0x0, 0xf, 0x5a,
    0xa0, 0x0, 0x0, 0xf5, 0xaa, 0x0, 0x0, 0xf,
    0x5a, 0xa0, 0x0, 0x0, 0xf5,

    /* U+0049 "I" */
    0xaa, 0xaa, 0xaa, 0xaa, 0xaa, 0xaa, 0xaa, 0xaa,
    0xaa, 0xaa,

    /* U+004A "J" */
    0x0, 0x0, 0x7, 0xc0, 0x0, 0x0, 0x7c, 0x0,
    0x0, 0x7, 0xc0, 0x0, 0x0, 0x7c, 0x0, 0x0,
    0x7, 0xc0, 0x0, 0x0, 0x7c, 0x83, 0x0, 0x8,
    0xcd, 0x80, 0x0, 0xba, 0x6f, 0x74, 0x9f, 0x30,
    0x6d, 0xfd, 0x50,

    /* U+004B "K" */
    0xaa, 0x0, 0x2, 0xe9, 0xa, 0xa0, 0x1, 0xea,
    0x0, 0xaa, 0x1, 0xda, 0x0, 0xa, 0xa1, 0xdb,
    0x0, 0x0, 0xab, 0xcf, 0x20, 0x0, 0xa, 0xfc,
    0xbc, 0x0, 0x0, 0xad, 0x1, 0xe9, 0x0, 0xa,
    0xa0, 0x3, 0xf6, 0x0, 0xaa, 0x0, 0x6, 0xf3,
    0xa, 0xa0, 0x0, 0x9, 0xe1,

    /* U+004C "L" */
    0xaa, 0x0, 0x0, 0xa, 0xa0, 0x0, 0x0, 0xaa,
    0x0, 0x0, 0xa, 0xa0, 0x0, 0x0, 0xaa, 0x0,
    0x0, 0xa, 0xa0, 0x0, 0x0, 0xaa, 0x0, 0x0,
    0xa, 0xa0, 0x0, 0x0, 0xad, 0x33, 0x33, 0x3a,
    0xff, 0xff, 0xff,

    /* U+004D "M" */
    0xaf, 0x60, 0x0, 0x0, 0x3f, 0xca, 0xfc, 0x0,
    0x0, 0x9, 0xfc, 0xae, 0xf2, 0x0, 0x0, 0xfe,
    0xca, 0xad, 0x80, 0x0, 0x6f, 0x8c, 0xaa, 0x7e,
    0x0, 0xc, 0x98, 0xca, 0xa1, 0xf5, 0x2, 0xf3,
    0x8c, 0xaa, 0xa, 0xb0, 0x9c, 0x8, 0xca, 0xa0,
    0x4f, 0x2e, 0x60, 0x8c, 0xaa, 0x0, 0xdd, 0xf1,
    0x8, 0xca, 0xa0, 0x7, 0xfa, 0x0, 0x8c,

    /* U+004E "N" */
    0xaf, 0x80, 0x0, 0x8, 0xca, 0xef, 0x20, 0x0,
    0x8c, 0xaa, 0xab, 0x0, 0x8, 0xca, 0xa1, 0xf4,
    0x0, 0x8c, 0xaa, 0x7, 0xd0, 0x8, 0xca, 0xa0,
    0xd, 0x80, 0x8c, 0xaa, 0x0, 0x4f, 0x28, 0xca,
    0xa0, 0x0, 0xab, 0x8c, 0xaa, 0x0, 0x1, 0xfd,
    0xca, 0xa0, 0x0, 0x7, 0xfc,

    /* U+004F "O" */
    0x0, 0x29, 0xef, 0xea, 0x20, 0x0, 0x2e, 0xc6,
    0x45, 0xcf, 0x30, 0xc, 0xc0, 0x0, 0x0, 0xbd,
    0x2, 0xf4, 0x0, 0x0, 0x2, 0xf3, 0x4f, 0x10,
    0x0, 0x0, 0xf, 0x54, 0xf1, 0x0, 0x0, 0x0,
    0xf5, 0x2f, 0x40, 0x0, 0x0, 0x2f, 0x30, 0xcc,
    0x0, 0x0, 0xb, 0xd0, 0x3, 0xfc, 0x64, 0x5c,
    0xf3, 0x0, 0x2, 0x9e, 0xfe, 0xa2, 0x0,

    /* U+0050 "P" */
    0xaf, 0xff, 0xfd, 0x60, 0xab, 0x33, 0x47, 0xf7,
    0xaa, 0x0, 0x0, 0x8d, 0xaa, 0x0, 0x0, 0x7e,
    0xaa, 0x0, 0x4, 0xe9, 0xaf, 0xff, 0xff, 0xa0,
    0xab, 0x33, 0x20, 0x0, 0xaa, 0x0, 0x0, 0x0,
    0xaa, 0x0, 0x0, 0x0, 0xaa, 0x0, 0x0, 0x0,

    /* U+0051 "Q" */
    0x0, 0x19, 0xef, 0xe9, 0x10, 0x0, 0x2e, 0xd6,
    0x46, 0xde, 0x20, 0xb, 0xc0, 0x0, 0x0, 0xcb,
    0x1, 0xf4, 0x0, 0x0, 0x4, 0xf1, 0x4f, 0x10,
    0x0, 0x0, 0x1f, 0x44, 0xf1, 0x0, 0x0, 0x1,
    0xf4, 0x1f, 0x40, 0x1, 0x0, 0x4f, 0x10, 0xbc,
    0x0, 0x7c, 0x1c, 0xa0, 0x2, 0xec, 0x64, 0xdf,
    0xd1, 0x0, 0x1, 0x9e, 0xfe, 0xd8, 0x0, 0x0,
    0x0, 0x0, 0x2, 0xf3, 0x0,

    /* U+0052 "R" */
    0xaf, 0xff, 0xfd, 0x80, 0xa, 0xb3, 0x34, 0x7f,
    0x90, 0xaa, 0x0, 0x0, 0x7f, 0xa, 0xa0, 0x0,
    0x6, 0xf0, 0xaa, 0x0, 0x3, 0xd8, 0xa, 0xff,
    0xff, 0xfc, 0x0, 0xab, 0x33, 0x35, 0xda, 0xa,
    0xa0, 0x0, 0x6, 0xe0, 0xaa, 0x0, 0x0, 0x4f,
    0xa, 0xa0, 0x0, 0x3, 0xf1,

    /* U+0053 "S" */
    0x0, 0x8d, 0xfe, 0x91, 0x0, 0x9f, 0x74, 0x6d,
    0xd0, 0xe, 0x70, 0x0, 0x1f, 0x60, 0xcb, 0x0,
    0x0, 0x11, 0x2, 0xbf, 0xb7, 0x20, 0x0, 0x0,
    0x15, 0x9e, 0xb1, 0x5, 0x10, 0x0, 0xd, 0x90,
    0xf8, 0x0, 0x0, 0xab, 0x6, 0xf9, 0x54, 0x8f,
    0x60, 0x5, 0xcf, 0xfc, 0x60,

    /* U+0054 "T" */
    0xdf, 0xff, 0xff, 0xff, 0x13, 0x33, 0x9d, 0x33,
    0x30, 0x0, 0x8, 0xc0, 0x0, 0x0, 0x0, 0x8c,
    0x0, 0x0, 0x0, 0x8, 0xc0, 0x0, 0x0, 0x0,
    0x8c, 0x0, 0x0, 0x0, 0x8, 0xc0, 0x0, 0x0,
    0x0, 0x8c, 0x0, 0x0, 0x0, 0x8, 0xc0, 0x0,
    0x0, 0x0, 0x8c, 0x0, 0x0,

    /* U+0055 "U" */
    0xd7, 0x0, 0x0, 0x1f, 0x3d, 0x70, 0x0, 0x1,
    0xf3, 0xd7, 0x0, 0x0, 0x1f, 0x3d, 0x70, 0x0,
    0x1, 0xf3, 0xd7, 0x0, 0x0, 0x1f, 0x3d, 0x70,
    0x0, 0x1, 0xf3, 0xd7, 0x0, 0x0, 0x2f, 0x2a,
    0xb0, 0x0, 0x6, 0xf0, 0x3f, 0xb5, 0x48, 0xf8,
    0x0, 0x3b, 0xef, 0xd6, 0x0,

    /* U+0056 "V" */
    0x8e, 0x0, 0x0, 0x0, 0xe8, 0x2f, 0x40, 0x0,
    0x4, 0xf2, 0xb, 0xa0, 0x0, 0xa, 0xb0, 0x5,
    0xf1, 0x0, 0xf, 0x50, 0x0, 0xe6, 0x0, 0x6e,
    0x0, 0x0, 0x9c, 0x0, 0xc9, 0x0, 0x0, 0x3f,
    0x22, 0xf3, 0x0, 0x0, 0xc, 0x98, 0xc0, 0x0,
    0x0, 0x6, 0xee, 0x60, 0x0, 0x0, 0x1, 0xff,
    0x10, 0x0,

    /* U+0057 "W" */
    0x4f, 0x10, 0x0, 0xce, 0x0, 0x0, 0xe7, 0xf,
    0x60, 0x0, 0xff, 0x30, 0x3, 0xf2, 0xb, 0xa0,
    0x4, 0xfe, 0x70, 0x7, 0xe0, 0x7, 0xe0, 0x9,
    0xb9, 0xb0, 0xb, 0x90, 0x2, 0xf2, 0xd, 0x75,
    0xf0, 0xf, 0x50, 0x0, 0xe6, 0x1f, 0x30, 0xf4,
    0x4f, 0x10, 0x0, 0x9a, 0x5e, 0x0, 0xc8, 0x8c,
    0x0, 0x0, 0x5e, 0x9a, 0x0, 0x7c, 0xc7, 0x0,
    0x0, 0x1f, 0xf6, 0x0, 0x3f, 0xf3, 0x0, 0x0,
    0xc, 0xf1, 0x0, 0xe, 0xe0, 0x0,

    /* U+0058 "X" */
    0x6f, 0x20, 0x0, 0x1e, 0x70, 0xbc, 0x0, 0xb,
    0xc0, 0x1, 0xe8, 0x6, 0xf1, 0x0, 0x5, 0xf5,
    0xf5, 0x0, 0x0, 0x9, 0xfa, 0x0, 0x0, 0x0,
    0xaf, 0xb0, 0x0, 0x0, 0x5f, 0x4f, 0x60, 0x0,
    0x1e, 0x70, 0x6f, 0x20, 0xb, 0xb0, 0x0, 0xbc,
    0x6, 0xf1, 0x0, 0x1, 0xe8,

    /* U+0059 "Y" */
    0xc, 0xb0, 0x0, 0x2, 0xf6, 0x2, 0xf5, 0x0,
    0xb, 0xc0, 0x0, 0x8e, 0x10, 0x5f, 0x20, 0x0,
    0xd, 0x90, 0xe8, 0x0, 0x0, 0x3, 0xfb, 0xd0,
    0x0, 0x0, 0x0, 0x9f, 0x30, 0x0, 0x0, 0x0,
    0x5f, 0x0, 0x0, 0x0, 0x0, 0x5f, 0x0, 0x0,
    0x0, 0x0, 0x5f, 0x0, 0x0, 0x0, 0x0, 0x5f,
    0x0, 0x0,

    /* U+005A "Z" */
    0x6f, 0xff, 0xff, 0xf9, 0x13, 0x33, 0x35, 0xf6,
    0x0, 0x0, 0xc, 0xa0, 0x0, 0x0, 0x9d, 0x0,
    0x0, 0x5, 0xf2, 0x0, 0x0, 0x2f, 0x60, 0x0,
    0x0, 0xd9, 0x0, 0x0, 0xa, 0xd0, 0x0, 0x0,
    0x6f, 0x63, 0x33, 0x32, 0x9f, 0xff, 0xff, 0xfb,

    /* U+005B "[" */
    0x9e, 0xee, 0xa9, 0x11, 0xa9, 0x0, 0xa9, 0x0,
    0xa9, 0x0, 0xa9, 0x0, 0xa9, 0x0, 0xa9, 0x0,
    0xa9, 0x0, 0xa9, 0x0, 0xa9, 0x0, 0xa9, 0x0,
    0xaf, 0xee, 0x11, 0x11,

    /* U+005C "\\" */
    0x27, 0x0, 0x0, 0x1, 0xf2, 0x0, 0x0, 0xb,
    0x80, 0x0, 0x0, 0x5d, 0x0, 0x0, 0x0, 0xf3,
    0x0, 0x0, 0xa, 0x90, 0x0, 0x0, 0x4e, 0x0,
    0x0, 0x0, 0xe4, 0x0, 0x0, 0x9, 0xa0, 0x0,
    0x0, 0x3f, 0x0, 0x0, 0x0, 0xd5, 0x0, 0x0,
    0x8, 0xa0, 0x0, 0x0, 0x2f, 0x10,

    /* U+005D "]" */
    0xbe, 0xec, 0x11, 0x7d, 0x0, 0x6d, 0x0, 0x6d,
    0x0, 0x6d, 0x0, 0x6d, 0x0, 0x6d, 0x0, 0x6d,
    0x0, 0x6d, 0x0, 0x6d, 0x0, 0x6d, 0x0, 0x6d,
    0xbe, 0xfd, 0x11, 0x11,

    /* U+005E "^" */
    0x0, 0x57, 0x0, 0x0, 0xff, 0x60, 0x6, 0xd7,
    0xc0, 0xc, 0x71, 0xf3, 0x3f, 0x10, 0xa9,

    /* U+005F "_" */
    0x5f, 0xff, 0xff, 0xfa, 0x2, 0x22, 0x22, 0x21,

    /* U+0060 "`" */
    0x1d, 0x40, 0x5, 0xc0,

    /* U+0061 "a" */
    0x1, 0xae, 0xeb, 0x20, 0xc, 0xc4, 0x3b, 0xd0,
    0x7, 0x20, 0x1, 0xf2, 0x0, 0x37, 0xad, 0xf3,
    0xb, 0xd8, 0x53, 0xf4, 0x4f, 0x0, 0x3, 0xf4,
    0x3f, 0x84, 0x6d, 0xf7, 0x7, 0xef, 0xc3, 0x9e,

    /* U+0062 "b" */
    0xc7, 0x0, 0x0, 0x0, 0xc7, 0x0, 0x0, 0x0,
    0xc8, 0xaf, 0xe8, 0x0, 0xcf, 0x93, 0x5e, 0x90,
    0xcc, 0x0, 0x5, 0xf1, 0xc7, 0x0, 0x2, 0xf3,
    0xc7, 0x0, 0x2, 0xf3, 0xcc, 0x0, 0x5, 0xf1,
    0xcf, 0x93, 0x5e, 0x90, 0xc6, 0xaf, 0xe8, 0x0,

    /* U+0063 "c" */
    0x0, 0x8e, 0xfd, 0x50, 0x9, 0xe5, 0x38, 0xf3,
    0x1f, 0x40, 0x0, 0x86, 0x4f, 0x0, 0x0, 0x0,
    0x4f, 0x0, 0x0, 0x0, 0x1f, 0x40, 0x0, 0xa7,
    0xa, 0xe5, 0x38, 0xf2, 0x0, 0x8e, 0xfc, 0x40,

    /* U+0064 "d" */
    0x0, 0x0, 0x0, 0x8b, 0x0, 0x0, 0x0, 0x8b,
    0x0, 0x9e, 0xf9, 0x9b, 0xb, 0xe5, 0x39, 0xfb,
    0x2f, 0x40, 0x0, 0xdb, 0x4f, 0x0, 0x0, 0x9b,
    0x4f, 0x0, 0x0, 0x9b, 0x2f, 0x40, 0x0, 0xdb,
    0xb, 0xe5, 0x39, 0xfb, 0x0, 0xae, 0xfa, 0x7b,

    /* U+0065 "e" */
    0x0, 0x8e, 0xfc, 0x30, 0xa, 0xd4, 0x38, 0xf2,
    0x1f, 0x20, 0x0, 0xc9, 0x4f, 0xff, 0xff, 0xfb,
    0x4f, 0x32, 0x22, 0x21, 0x1f, 0x50, 0x0, 0x74,
    0xa, 0xe5, 0x38, 0xf2, 0x0, 0x8e, 0xfc, 0x30,

    /* U+0066 "f" */
    0x0, 0x6e, 0xf5, 0x0, 0xf8, 0x10, 0x1f, 0xff,
    0xf3, 0x1, 0xf5, 0x10, 0x0, 0xf3, 0x0, 0x0,
    0xf3, 0x0, 0x0, 0xf3, 0x0, 0x0, 0xf3, 0x0,
    0x0, 0xf3, 0x0, 0x0, 0xf3, 0x0,

    /* U+0067 "g" */
    0x0, 0x9e, 0xf9, 0x8b, 0xb, 0xd4, 0x3a, 0xfb,
    0x2f, 0x30, 0x0, 0xcb, 0x5f, 0x0, 0x0, 0x9b,
    0x3f, 0x20, 0x0, 0xbb, 0xd, 0xb2, 0x7, 0xfb,
    0x2, 0xcf, 0xfc, 0xab, 0x5, 0x11, 0x20, 0xaa,
    0xb, 0xc4, 0x36, 0xf5, 0x0, 0x9e, 0xfd, 0x60,

    /* U+0068 "h" */
    0xc7, 0x0, 0x0, 0xc, 0x70, 0x0, 0x0, 0xc8,
    0xae, 0xe6, 0xc, 0xe6, 0x26, 0xf3, 0xc9, 0x0,
    0xd, 0x7c, 0x70, 0x0, 0xc8, 0xc7, 0x0, 0xc,
    0x8c, 0x70, 0x0, 0xc8, 0xc7, 0x0, 0xc, 0x8c,
    0x70, 0x0, 0xc8,

    /* U+0069 "i" */
    0xd7, 0x63, 0xc7, 0xc7, 0xc7, 0xc7, 0xc7, 0xc7,
    0xc7, 0xc7,

    /* U+006A "j" */
    0x0, 0x9b, 0x0, 0x45, 0x0, 0x9b, 0x0, 0x9b,
    0x0, 0x9b, 0x0, 0x9b, 0x0, 0x9b, 0x0, 0x9b,
    0x0, 0x9b, 0x0, 0x9b, 0x1, 0xba, 0x1f, 0xe4,

    /* U+006B "k" */
    0xc7, 0x0, 0x0, 0x0, 0xc7, 0x0, 0x0, 0x0,
    0xc7, 0x0, 0x2f, 0x80, 0xc7, 0x1, 0xe9, 0x0,
    0xc7, 0x1d, 0xa0, 0x0, 0xc7, 0xcf, 0x10, 0x0,
    0xcf, 0xbc, 0xa0, 0x0, 0xcc, 0x2, 0xf5, 0x0,
    0xc7, 0x0, 0x6f, 0x20, 0xc7, 0x0, 0xb, 0xc0,

    /* U+006C "l" */
    0xc7, 0xc, 0x70, 0xc7, 0xc, 0x70, 0xc7, 0xc,
    0x70, 0xc7, 0xc, 0x70, 0xc8, 0x6, 0xfa,

    /* U+006D "m" */
    0xc6, 0xae, 0xd4, 0x3c, 0xfb, 0x1c, 0xe2, 0x8,
    0xfb, 0x0, 0xca, 0xc9, 0x0, 0x2f, 0x50, 0x6,
    0xec, 0x70, 0x1, 0xf3, 0x0, 0x5f, 0xc7, 0x0,
    0x1f, 0x30, 0x5, 0xfc, 0x70, 0x1, 0xf3, 0x0,
    0x5f, 0xc7, 0x0, 0x1f, 0x30, 0x5, 0xfc, 0x70,
    0x1, 0xf3, 0x0, 0x5f,

    /* U+006E "n" */
    0xc6, 0xae, 0xe6, 0xc, 0xe3, 0x4, 0xf3, 0xc9,
    0x0, 0xd, 0x7c, 0x70, 0x0, 0xc8, 0xc7, 0x0,
    0xc, 0x8c, 0x70, 0x0, 0xc8, 0xc7, 0x0, 0xc,
    0x8c, 0x70, 0x0, 0xc8,

    /* U+006F "o" */
    0x0, 0x8e, 0xfc, 0x40, 0xa, 0xe5, 0x39, 0xf3,
    0x1f, 0x40, 0x0, 0xbb, 0x4f, 0x0, 0x0, 0x7e,
    0x4f, 0x0, 0x0, 0x7e, 0x1f, 0x40, 0x0, 0xbb,
    0xa, 0xe5, 0x38, 0xf3, 0x0, 0x8e, 0xfc, 0x40,

    /* U+0070 "p" */
    0xc7, 0xbf, 0xe8, 0x0, 0xcf, 0x60, 0x3d, 0x90,
    0xcb, 0x0, 0x5, 0xf0, 0xc7, 0x0, 0x1, 0xf3,
    0xc7, 0x0, 0x2, 0xf3, 0xcb, 0x0, 0x6, 0xf0,
    0xcf, 0x83, 0x5e, 0x90, 0xc8, 0xaf, 0xe9, 0x0,
    0xc7, 0x0, 0x0, 0x0, 0xc7, 0x0, 0x0, 0x0,

    /* U+0071 "q" */
    0x0, 0x9e, 0xfa, 0x7b, 0xa, 0xe5, 0x39, 0xfb,
    0x1f, 0x40, 0x0, 0xdb, 0x4f, 0x0, 0x0, 0x9b,
    0x4f, 0x0, 0x0, 0x9b, 0x1f, 0x40, 0x0, 0xdb,
    0xa, 0xe5, 0x39, 0xfb, 0x0, 0x9e, 0xe9, 0x9b,
    0x0, 0x0, 0x0, 0x8b, 0x0, 0x0, 0x0, 0x8b,

    /* U+0072 "r" */
    0xc7, 0xdf, 0xc, 0xe6, 0x30, 0xc9, 0x0, 0xc,
    0x70, 0x0, 0xc7, 0x0, 0xc, 0x70, 0x0, 0xc7,
    0x0, 0xc, 0x70, 0x0,

    /* U+0073 "s" */
    0x2, 0xbe, 0xfb, 0x10, 0xc, 0xb3, 0x3c, 0xc0,
    0xf, 0x50, 0x2, 0x80, 0x9, 0xe8, 0x51, 0x0,
    0x0, 0x38, 0xcf, 0x80, 0x2a, 0x0, 0x5, 0xf0,
    0xe, 0xa3, 0x3a, 0xe0, 0x3, 0xbf, 0xfc, 0x30,

    /* U+0074 "t" */
    0x0, 0x82, 0x0, 0x0, 0xf4, 0x0, 0x2f, 0xff,
    0xf6, 0x1, 0xf5, 0x10, 0x0, 0xf4, 0x0, 0x0,
    0xf4, 0x0, 0x0, 0xf4, 0x0, 0x0, 0xf4, 0x0,
    0x0, 0xe7, 0x10, 0x0, 0x6e, 0xf6,

    /* U+0075 "u" */
    0xc7, 0x0, 0xd, 0x6c, 0x70, 0x0, 0xd6, 0xc7,
    0x0, 0xd, 0x6c, 0x70, 0x0, 0xd6, 0xc7, 0x0,
    0xd, 0x6b, 0x80, 0x0, 0xf6, 0x7e, 0x32, 0xaf,
    0x60, 0x9f, 0xe6, 0xc6,

    /* U+0076 "v" */
    0x7d, 0x0, 0x0, 0xd8, 0x2f, 0x30, 0x3, 0xf2,
    0xc, 0x90, 0x8, 0xc0, 0x6, 0xe0, 0xe, 0x60,
    0x1, 0xf4, 0x3f, 0x10, 0x0, 0xb9, 0x9b, 0x0,
    0x0, 0x5e, 0xe5, 0x0, 0x0, 0xe, 0xf0, 0x0,

    /* U+0077 "w" */
    0x8d, 0x0, 0xb, 0xe0, 0x0, 0x9c, 0x3f, 0x10,
    0xf, 0xf3, 0x0, 0xd7, 0xe, 0x60, 0x4f, 0xb8,
    0x2, 0xf2, 0x9, 0xa0, 0x8a, 0x6c, 0x6, 0xe0,
    0x4, 0xf0, 0xd6, 0x1f, 0x1b, 0x90, 0x0, 0xf5,
    0xf1, 0xd, 0x6f, 0x40, 0x0, 0xad, 0xc0, 0x8,
    0xdf, 0x0, 0x0, 0x5f, 0x80, 0x3, 0xfa, 0x0,

    /* U+0078 "x" */
    0xc, 0xa0, 0x0, 0xd9, 0x0, 0x2f, 0x50, 0x9d,
    0x0, 0x0, 0x5e, 0x5f, 0x30, 0x0, 0x0, 0xaf,
    0x70, 0x0, 0x0, 0xc, 0xf9, 0x0, 0x0, 0x8,
    0xd2, 0xf4, 0x0, 0x3, 0xf3, 0x6, 0xe1, 0x0,
    0xe8, 0x0, 0xb, 0xb0,

    /* U+0079 "y" */
    0x7d, 0x0, 0x0, 0xd8, 0x2f, 0x30, 0x2, 0xf2,
    0xc, 0x90, 0x7, 0xc0, 0x6, 0xe0, 0xd, 0x60,
    0x1, 0xf4, 0x2f, 0x10, 0x0, 0xa9, 0x7b, 0x0,
    0x0, 0x5f, 0xd5, 0x0, 0x0, 0xe, 0xe0, 0x0,
    0x0, 0x1a, 0x90, 0x0, 0x7, 0xfd, 0x10, 0x0,

    /* U+007A "z" */
    0x1f, 0xff, 0xff, 0xf2, 0x1, 0x11, 0x1a, 0xd0,
    0x0, 0x0, 0x7e, 0x20, 0x0, 0x5, 0xf3, 0x0,
    0x0, 0x4f, 0x40, 0x0, 0x2, 0xf6, 0x0, 0x0,
    0x1e, 0x91, 0x11, 0x10, 0x3f, 0xff, 0xff, 0xf4,

    /* U+007B "{" */
    0x0, 0x9, 0xe9, 0x0, 0x8d, 0x41, 0x0, 0xb7,
    0x0, 0x0, 0xc6, 0x0, 0x0, 0xe5, 0x0, 0x6,
    0xf1, 0x0, 0x5f, 0x40, 0x0, 0x19, 0xe0, 0x0,
    0x0, 0xe5, 0x0, 0x0, 0xc6, 0x0, 0x0, 0xc6,
    0x0, 0x0, 0x9c, 0x10, 0x0, 0x1c, 0xf9, 0x0,
    0x0, 0x11,

    /* U+007C "|" */
    0x54, 0xa9, 0xa9, 0xa9, 0xa9, 0xa9, 0xa9, 0xa9,
    0xa9, 0xa9, 0xa9, 0xa9, 0xa9,

    /* U+007D "}" */
    0xce, 0x80, 0x0, 0x25, 0xe5, 0x0, 0x0, 0x99,
    0x0, 0x0, 0x99, 0x0, 0x0, 0x8b, 0x0, 0x0,
    0x3f, 0x40, 0x0, 0x6, 0xf2, 0x0, 0x2f, 0x70,
    0x0, 0x7b, 0x0, 0x0, 0x99, 0x0, 0x0, 0x99,
    0x0, 0x2, 0xd6, 0x0, 0xcf, 0xb0, 0x0, 0x11,
    0x0, 0x0,

    /* U+007E "~" */
    0x7, 0xe9, 0x0, 0xe3, 0x1f, 0x4c, 0x73, 0xf0,
    0x5d, 0x1, 0xdf, 0x70, 0x1, 0x0, 0x1, 0x0,

    /* U+00A0 " " */

    /* U+00A1 "¡" */
    0x4f, 0x72, 0xa4, 0x5, 0x0, 0xd2, 0xe, 0x30,
    0xf4, 0xf, 0x40, 0xf4, 0xf, 0x40, 0xf4,

    /* U+00A2 "¢" */
    0x0, 0x8e, 0xfe, 0x40, 0x9, 0xe6, 0xf9, 0xf3,
    0x1f, 0x51, 0xe0, 0x97, 0x4f, 0x3, 0xd0, 0x0,
    0x4f, 0x4, 0xb0, 0x0, 0x2f, 0x36, 0xa0, 0x86,
    0xb, 0xda, 0x95, 0xf4, 0x1, 0xbf, 0xff, 0x60,
    0x0, 0xb, 0x80, 0x0, 0x0, 0xc, 0x40, 0x0,

    /* U+00A3 "£" */
    0x0, 0x2b, 0xff, 0xc4, 0x0, 0xe, 0xd5, 0x4b,
    0xf2, 0x1, 0xf4, 0x0, 0x5, 0x20, 0xe, 0x50,
    0x0, 0x0, 0x2f, 0xff, 0xff, 0x30, 0x0, 0x28,
    0xc2, 0x20, 0x0, 0x0, 0x89, 0x0, 0x0, 0x0,
    0xd, 0x40, 0x0, 0x0, 0xb, 0xb4, 0x44, 0x44,
    0x12, 0xff, 0xff, 0xff, 0xf4,

    /* U+00A4 "¤" */
    0x9, 0x10, 0x0, 0x7, 0x30, 0xcf, 0xdf, 0xde,
    0xf3, 0x1, 0xfa, 0x14, 0xf8, 0x0, 0x6a, 0x0,
    0x5, 0xc0, 0x6, 0xa0, 0x0, 0x4c, 0x0, 0x2f,
    0x70, 0x2f, 0x90, 0xa, 0xff, 0xff, 0xfe, 0x21,
    0xa1, 0x1, 0x0, 0x94,

    /* U+00A5 "¥" */
    0xc, 0xb0, 0x0, 0x2, 0xf6, 0x3, 0xf5, 0x0,
    0xa, 0xc0, 0x0, 0x9d, 0x0, 0x4f, 0x30, 0x0,
    0xe, 0x70, 0xd9, 0x0, 0x0, 0x5, 0xf9, 0xe1,
    0x0, 0x0, 0xaf, 0xff, 0xff, 0xf1, 0x0, 0x12,
    0x8f, 0x22, 0x20, 0x0, 0xaf, 0xff, 0xff, 0xf1,
    0x0, 0x12, 0x8f, 0x22, 0x20, 0x0, 0x0, 0x5f,
    0x0, 0x0,

    /* U+00A6 "¦" */
    0xa9, 0xa9, 0xa9, 0xa9, 0xa9, 0x22, 0x0, 0x22,
    0xa9, 0xa9, 0xa9, 0xa9, 0xa9,

    /* U+00A7 "§" */
    0x1, 0xae, 0xfc, 0x30, 0xb, 0xd4, 0x39, 0xf1,
    0xc, 0x90, 0x0, 0x72, 0x2, 0xee, 0x94, 0x0,
    0x7, 0xd6, 0x7c, 0xd1, 0xe, 0x50, 0x0, 0xd5,
    0x9, 0xd6, 0x46, 0xf2, 0x0, 0x49, 0xdf, 0x90,
    0x6, 0x10, 0x3, 0xf4, 0xd, 0xa1, 0x3, 0xf4,
    0x2, 0xcf, 0xff, 0x80, 0x0, 0x1, 0x20, 0x0,

    /* U+00A8 "¨" */
    0x2, 0x1, 0x15, 0xf0, 0xb9, 0x14, 0x3, 0x20,

    /* U+00A9 "©" */
    0x0, 0x3, 0xae, 0xfc, 0x70, 0x0, 0x0, 0x7f,
    0x94, 0x36, 0xdd, 0x10, 0x5, 0xf3, 0x0, 0x0,
    0xb, 0xc0, 0xe, 0x70, 0x6d, 0xea, 0x1, 0xf4,
    0x3f, 0x15, 0xf5, 0x2a, 0xb0, 0xa9, 0x4e, 0xb,
    0x80, 0x1, 0x50, 0x8b, 0x3f, 0xb, 0x70, 0x0,
    0x40, 0x9a, 0xf, 0x67, 0xe2, 0x8, 0xd0, 0xe6,
    0x7, 0xe2, 0x9f, 0xfd, 0x29, 0xd0, 0x0, 0xbf,
    0x61, 0x23, 0xce, 0x30, 0x0, 0x7, 0xef, 0xff,
    0xa2, 0x0, 0x0, 0x0, 0x1, 0x20, 0x0, 0x0,

    /* U+00AA "ª" */
    0x8, 0xee, 0x70, 0x19, 0x25, 0xf1, 0x8, 0xcc,
    0xf2, 0x5f, 0x15, 0xf2, 0x1c, 0xe9, 0xb8,

    /* U+00AB "«" */
    0x0, 0x9c, 0x8, 0xc0, 0x7, 0xe2, 0x6e, 0x20,
    0x3f, 0x33, 0xf4, 0x0, 0x4f, 0x23, 0xf3, 0x0,
    0x8, 0xe1, 0x8e, 0x10, 0x0, 0xad, 0xa, 0xd0,

    /* U+00AC "¬" */
    0x6f, 0xff, 0xff, 0xd0, 0x22, 0x22, 0x5e, 0x0,
    0x0, 0x3, 0xe0, 0x0, 0x0, 0x29,

    /* U+00AD "­" */
    0x1, 0x11, 0x8, 0xff, 0xf8, 0x24, 0x44, 0x20,

    /* U+00AE "®" */
    0x0, 0x3b, 0xdd, 0x80, 0x0, 0x5b, 0x20, 0x6,
    0xc0, 0xd, 0xb, 0xba, 0x16, 0x74, 0x90, 0xd0,
    0x76, 0x1c, 0x49, 0xd, 0xbc, 0x11, 0xc0, 0xd0,
    0xd0, 0xc2, 0x77, 0x4, 0xc6, 0x2, 0x8c, 0x0,
    0x3, 0xbd, 0xd7, 0x0,

    /* U+00AF "¯" */
    0x5f, 0xff, 0xa0, 0x22, 0x21,

    /* U+00B0 "°" */
    0x4, 0xdd, 0x40, 0x1f, 0x54, 0xf2, 0x5c, 0x0,
    0xb5, 0x2f, 0x21, 0xe3, 0x6, 0xff, 0x70, 0x0,
    0x0, 0x0,

    /* U+00B1 "±" */
    0x0, 0x4, 0x50, 0x0, 0x0, 0x8, 0xa0, 0x0,
    0x0, 0x8, 0xa0, 0x0, 0x6f, 0xff, 0xff, 0xf7,
    0x12, 0x2b, 0xc2, 0x21, 0x0, 0x8, 0xa0, 0x0,
    0x0, 0x8, 0xa0, 0x0, 0x1, 0x14, 0x51, 0x10,
    0x6f, 0xff, 0xff, 0xf7,

    /* U+00B2 "²" */
    0x9, 0xdd, 0x23, 0xb0, 0x79, 0x0, 0x1b, 0x60,
    0x5d, 0x60, 0x2e, 0x10, 0x5, 0xfe, 0xe8,

    /* U+00B3 "³" */
    0x2d, 0xeb, 0x3, 0x30, 0xd3, 0x0, 0xeb, 0x0,
    0x0, 0xa6, 0x75, 0x9, 0x72, 0xde, 0xb0,

    /* U+00B4 "´" */
    0x8, 0xa0, 0x1e, 0x10,

    /* U+00B5 "µ" */
    0x21, 0x0, 0x2, 0x1c, 0x70, 0x0, 0xd6, 0xc7,
    0x0, 0xd, 0x6c, 0x70, 0x0, 0xd6, 0xc7, 0x0,
    0xd, 0x6e, 0x70, 0x0, 0xd6, 0xf9, 0x0, 0xf,
    0x6f, 0xf4, 0x3a, 0xf6, 0xdf, 0xee, 0x6c, 0x6c,
    0x70, 0x0, 0x0, 0xc7, 0x0, 0x0, 0x0,

    /* U+00B6 "¶" */
    0x2, 0xbf, 0xff, 0xf9, 0xe, 0xff, 0xf6, 0xa9,
    0x4f, 0xff, 0xf5, 0xa9, 0x3f, 0xff, 0xf5, 0xa9,
    0xb, 0xff, 0xf5, 0xa9, 0x0, 0x6a, 0xf5, 0xa9,
    0x0, 0x0, 0xd5, 0xa9, 0x0, 0x0, 0xd5, 0xa9,
    0x0, 0x0, 0xd5, 0xa9, 0x0, 0x0, 0xd5, 0xa9,

    /* U+00B7 "·" */
    0x3a, 0x35, 0xf5,

    /* U+00B8 "¸" */
    0x0, 0x0, 0x0, 0x2e, 0x20, 0x3, 0x4e, 0x0,
    0xad, 0x90,

    /* U+00B9 "¹" */
    0x2, 0xb8, 0xeb, 0x4, 0xb0, 0x4b, 0x4, 0xb0,
    0x4b,

    /* U+00BA "º" */
    0x6, 0xee, 0x90, 0x3f, 0x31, 0xd7, 0x5e, 0x0,
    0x9a, 0x3f, 0x31, 0xd7, 0x6, 0xee, 0x90,

    /* U+00BB "»" */
    0x1d, 0x71, 0xd8, 0x0, 0x3, 0xf5, 0x3f, 0x60,
    0x0, 0x5f, 0x24, 0xf2, 0x0, 0x4f, 0x23, 0xf3,
    0x2, 0xe7, 0x2e, 0x70, 0x1e, 0x91, 0xd9, 0x0,

    /* U+00BC "¼" */
    0x0, 0x80, 0x0, 0x0, 0x76, 0x0, 0x5b, 0x0,
    0x0, 0x4e, 0x0, 0x8e, 0xb0, 0x0, 0xe, 0x40,
    0x0, 0x4b, 0x0, 0xa, 0x90, 0x0, 0x4, 0xb0,
    0x5, 0xd0, 0x0, 0x0, 0x4b, 0x1, 0xe3, 0x3,
    0xa0, 0x0, 0x0, 0xa8, 0x0, 0xce, 0x0, 0x0,
    0x5c, 0x0, 0x96, 0xe0, 0x0, 0x1e, 0x20, 0x59,
    0x2e, 0x0, 0xb, 0x70, 0xb, 0xdd, 0xf9, 0x6,
    0xc0, 0x0, 0x0, 0x2e, 0x0,

    /* U+00BD "½" */
    0x0, 0x70, 0x0, 0x0, 0x65, 0x0, 0x4, 0xb0,
    0x0, 0x3, 0xe1, 0x0, 0x8e, 0xb0, 0x0, 0xd,
    0x40, 0x0, 0x4, 0xb0, 0x0, 0x99, 0x0, 0x0,
    0x4, 0xb0, 0x4, 0xd0, 0x0, 0x0, 0x4, 0xb0,
    0x1e, 0x30, 0xae, 0xa0, 0x0, 0x10, 0xa8, 0x7,
    0xa2, 0xc5, 0x0, 0x6, 0xc0, 0x0, 0x1, 0xc3,
    0x0, 0x2e, 0x20, 0x0, 0x6c, 0x40, 0x0, 0xc6,
    0x0, 0x5, 0xb0, 0x0, 0x6, 0xb0, 0x0, 0x8,
    0xed, 0xd5,

    /* U+00BE "¾" */
    0x1b, 0xd8, 0x0, 0x0, 0x1d, 0x30, 0x78, 0xe,
    0x20, 0x0, 0xa9, 0x0, 0x0, 0xe, 0x20, 0x4,
    0xd0, 0x0, 0x0, 0xeb, 0x0, 0x1e, 0x30, 0x0,
    0x42, 0x9, 0x70, 0xa8, 0x0, 0x0, 0x3c, 0xdb,
    0x15, 0xd0, 0x9, 0x90, 0x0, 0x0, 0x1e, 0x30,
    0x4e, 0xa0, 0x0, 0x0, 0xa8, 0x0, 0xc6, 0xa0,
    0x0, 0x5, 0xd0, 0x9, 0x56, 0xa0, 0x0, 0x1e,
    0x30, 0xe, 0xde, 0xf5, 0x0, 0xa8, 0x0, 0x0,
    0x6, 0xa0,

    /* U+00BF "¿" */
    0x0, 0x6, 0xa1, 0x0, 0x0, 0x9, 0xf1, 0x0,
    0x0, 0x0, 0x0, 0x0, 0x0, 0x5, 0x90, 0x0,
    0x0, 0xa, 0xb0, 0x0, 0x0, 0xae, 0x20, 0x0,
    0xc, 0xb1, 0x0, 0x0, 0x4f, 0x10, 0x0, 0x33,
    0x4f, 0x20, 0x0, 0xd8, 0xe, 0xc4, 0x4b, 0xe1,
    0x2, 0xbf, 0xfb, 0x20,

    /* U+00C0 "À" */
    0x0, 0x7, 0xd0, 0x0, 0x0, 0x0, 0x0, 0xa5,
    0x0, 0x0, 0x0, 0x0, 0x0, 0x0, 0x0, 0x0,
    0x1, 0xff, 0x10, 0x0, 0x0, 0x7, 0xdd, 0x70,
    0x0, 0x0, 0xd, 0x77, 0xd0, 0x0, 0x0, 0x3f,
    0x11, 0xf3, 0x0, 0x0, 0x9b, 0x0, 0xb9, 0x0,
    0x0, 0xf6, 0x0, 0x6f, 0x0, 0x5, 0xff, 0xff,
    0xff, 0x50, 0xb, 0xb3, 0x33, 0x3a, 0xc0, 0x2f,
    0x40, 0x0, 0x4, 0xf2, 0x8e, 0x0, 0x0, 0x0,
    0xd8,

    /* U+00C1 "Á" */
    0x0, 0x0, 0xd, 0x70, 0x0, 0x0, 0x0, 0x4b,
    0x0, 0x0, 0x0, 0x0, 0x0, 0x0, 0x0, 0x0,
    0x1, 0xff, 0x10, 0x0, 0x0, 0x7, 0xdd, 0x70,
    0x0, 0x0, 0xd, 0x77, 0xd0, 0x0, 0x0, 0x3f,
    0x11, 0xf3, 0x0, 0x0, 0x9b, 0x0, 0xb9, 0x0,
    0x0, 0xf6, 0x0, 0x6f, 0x0, 0x5, 0xff, 0xff,
    0xff, 0x50, 0xb, 0xb3, 0x33, 0x3a, 0xc0, 0x2f,
    0x40, 0x0, 0x4, 0xf2, 0x8e, 0x0, 0x0, 0x0,
    0xd8,

    /* U+00C2 "Â" */
    0x0, 0x0, 0x67, 0x0, 0x0, 0x0, 0x5, 0xbb,
    0x60, 0x0, 0x0, 0x6, 0x11, 0x70, 0x0, 0x0,
    0x0, 0x0, 0x0, 0x0, 0x0, 0x1, 0xff, 0x10,
    0x0, 0x0, 0x7, 0xdd, 0x70, 0x0, 0x0, 0xd,
    0x77, 0xd0, 0x0, 0x0, 0x3f, 0x11, 0xf3, 0x0,
    0x0, 0x9b, 0x0, 0xb9, 0x0, 0x0, 0xf6, 0x0,
    0x6f, 0x0, 0x5, 0xff, 0xff, 0xff, 0x50, 0xb,
    0xb3, 0x33, 0x3a, 0xc0, 0x2f, 0x40, 0x0, 0x4,
    0xf2, 0x8e, 0x0, 0x0, 0x0, 0xd8,

    /* U+00C3 "Ã" */
    0x0, 0x2b, 0xcc, 0xb1, 0x0, 0x0, 0x0, 0x0,
    0x0, 0x0, 0x0, 0x0, 0x0, 0x0, 0x0, 0x0,
    0x1, 0xff, 0x10, 0x0, 0x0, 0x7, 0xdd, 0x70,
    0x0, 0x0, 0xd, 0x77, 0xd0, 0x0, 0x0, 0x3f,
    0x11, 0xf3, 0x0, 0x0, 0x9b, 0x0, 0xb9, 0x0,
    0x0, 0xf6, 0x0, 0x6f, 0x0, 0x5, 0xff, 0xff,
    0xff, 0x50, 0xb, 0xb3, 0x33, 0x3a, 0xc0, 0x2f,
    0x40, 0x0, 0x4, 0xf2, 0x8e, 0x0, 0x0, 0x0,
    0xd8,

    /* U+00C4 "Ä" */
    0x0, 0x1, 0x0, 0x10, 0x0, 0x0, 0xf, 0x55,
    0xf0, 0x0, 0x0, 0x4, 0x11, 0x40, 0x0, 0x0,
    0x0, 0x0, 0x0, 0x0, 0x0, 0x1, 0xff, 0x10,
    0x0, 0x0, 0x7, 0xdd, 0x70, 0x0, 0x0, 0xd,
    0x77, 0xd0, 0x0, 0x0, 0x3f, 0x11, 0xf3, 0x0,
    0x0, 0x9b, 0x0, 0xb9, 0x0, 0x0, 0xf6, 0x0,
    0x6f, 0x0, 0x5, 0xff, 0xff, 0xff, 0x50, 0xb,
    0xb3, 0x33, 0x3a, 0xc0, 0x2f, 0x40, 0x0, 0x4,
    0xf2, 0x8e, 0x0, 0x0, 0x0, 0xd8,

    /* U+00C5 "Å" */
    0x0, 0x1, 0xbb, 0x0, 0x0, 0x0, 0x6, 0x68,
    0x40, 0x0, 0x0, 0x1, 0xba, 0x0, 0x0, 0x0,
    0x0, 0x0, 0x0, 0x0, 0x0, 0x1, 0xff, 0x10,
    0x0, 0x0, 0x7, 0xdd, 0x60, 0x0, 0x0, 0xd,
    0x77, 0xd0, 0x0, 0x0, 0x3f, 0x11, 0xf3, 0x0,
    0x0, 0x9b, 0x0, 0xb9, 0x0, 0x0, 0xf6, 0x0,
    0x6e, 0x0, 0x6, 0xff, 0xff, 0xff, 0x50, 0xc,
    0xb3, 0x33, 0x3b, 0xb0, 0x2f, 0x40, 0x0, 0x4,
    0xf2, 0x8d, 0x0, 0x0, 0x0, 0xe8,

    /* U+00C6 "Æ" */
    0x0, 0x0, 0x4, 0xff, 0xff, 0xff, 0xf9, 0x0,
    0x0, 0xd, 0x8b, 0xc3, 0x33, 0x32, 0x0, 0x0,
    0x6e, 0x9, 0xb0, 0x0, 0x0, 0x0, 0x1, 0xe5,
    0x9, 0xb0, 0x0, 0x0, 0x0, 0x9, 0xc0, 0x9,
    0xff, 0xff, 0xf6, 0x0, 0x2f, 0x40, 0x9, 0xb3,
    0x33, 0x31, 0x0, 0xbf, 0xff, 0xff, 0xb0, 0x0,
    0x0, 0x4, 0xf5, 0x33, 0x3b, 0xb0, 0x0, 0x0,
    0xd, 0x90, 0x0, 0x9, 0xc3, 0x33, 0x32, 0x6f,
    0x10, 0x0, 0x9, 0xff, 0xff, 0xfb,

    /* U+00C7 "Ç" */
    0x0, 0x19, 0xef, 0xd9, 0x10, 0x2, 0xec, 0x64,
    0x6c, 0xd1, 0xc, 0xc0, 0x0, 0x0, 0xd8, 0x2f,
    0x40, 0x0, 0x0, 0x34, 0x4f, 0x10, 0x0, 0x0,
    0x0, 0x4f, 0x10, 0x0, 0x0, 0x0, 0x2f, 0x40,
    0x0, 0x0, 0x47, 0xc, 0xc0, 0x0, 0x0, 0xd9,
    0x2, 0xec, 0x64, 0x6c, 0xe1, 0x0, 0x29, 0xef,
    0xe9, 0x10, 0x0, 0x0, 0x3e, 0x60, 0x0, 0x0,
    0x1, 0x30, 0xe0, 0x0, 0x0, 0x1, 0xbd, 0x70,
    0x0,

    /* U+00C8 "È" */
    0x0, 0xb9, 0x0, 0x0, 0x0, 0x1d, 0x10, 0x0,
    0x0, 0x0, 0x0, 0x0, 0xaf, 0xff, 0xff, 0xf1,
    0xab, 0x33, 0x33, 0x30, 0xaa, 0x0, 0x0, 0x0,
    0xaa, 0x0, 0x0, 0x0, 0xaf, 0xff, 0xff, 0xe0,
    0xab, 0x33, 0x33, 0x20, 0xaa, 0x0, 0x0, 0x0,
    0xaa, 0x0, 0x0, 0x0, 0xab, 0x33, 0x33, 0x30,
    0xaf, 0xff, 0xff, 0xf3,

    /* U+00C9 "É" */
    0x0, 0x1, 0xf3, 0x0, 0x0, 0x8, 0x80, 0x0,
    0x0, 0x0, 0x0, 0x0, 0xaf, 0xff, 0xff, 0xf1,
    0xab, 0x33, 0x33, 0x30, 0xaa, 0x0, 0x0, 0x0,
    0xaa, 0x0, 0x0, 0x0, 0xaf, 0xff, 0xff, 0xe0,
    0xab, 0x33, 0x33, 0x20, 0xaa, 0x0, 0x0, 0x0,
    0xaa, 0x0, 0x0, 0x0, 0xab, 0x33, 0x33, 0x30,
    0xaf, 0xff, 0xff, 0xf3,

    /* U+00CA "Ê" */
    0x0, 0x17, 0x40, 0x0, 0x0, 0xa9, 0xd2, 0x0,
    0x1, 0x70, 0x35, 0x0, 0x0, 0x0, 0x0, 0x0,
    0xaf, 0xff, 0xff, 0xf1, 0xab, 0x33, 0x33, 0x30,
    0xaa, 0x0, 0x0, 0x0, 0xaa, 0x0, 0x0, 0x0,
    0xaf, 0xff, 0xff, 0xe0, 0xab, 0x33, 0x33, 0x20,
    0xaa, 0x0, 0x0, 0x0, 0xaa, 0x0, 0x0, 0x0,
    0xab, 0x33, 0x33, 0x30, 0xaf, 0xff, 0xff, 0xf3,

    /* U+00CB "Ë" */
    0x0, 0x20, 0x11, 0x0, 0x3, 0xf1, 0x9b, 0x0,
    0x1, 0x50, 0x23, 0x0, 0x0, 0x0, 0x0, 0x0,
    0xaf, 0xff, 0xff, 0xf1, 0xab, 0x33, 0x33, 0x30,
    0xaa, 0x0, 0x0, 0x0, 0xaa, 0x0, 0x0, 0x0,
    0xaf, 0xff, 0xff, 0xe0, 0xab, 0x33, 0x33, 0x20,
    0xaa, 0x0, 0x0, 0x0, 0xaa, 0x0, 0x0, 0x0,
    0xab, 0x33, 0x33, 0x30, 0xaf, 0xff, 0xff, 0xf3,

    /* U+00CC "Ì" */
    0x7d, 0x0, 0xa5, 0x0, 0x0, 0xaa, 0xa, 0xa0,
    0xaa, 0xa, 0xa0, 0xaa, 0xa, 0xa0, 0xaa, 0xa,
    0xa0, 0xaa, 0xa, 0xa0,

    /* U+00CD "Í" */
    0xc, 0x84, 0xb0, 0x0, 0xa, 0xa0, 0xaa, 0xa,
    0xa0, 0xaa, 0xa, 0xa0, 0xaa, 0xa, 0xa0, 0xaa,
    0xa, 0xa0, 0xaa, 0x0,

    /* U+00CE "Î" */
    0x0, 0x67, 0x0, 0x5, 0xcb, 0x60, 0x6, 0x11,
    0x70, 0x0, 0x0, 0x0, 0x0, 0xaa, 0x0, 0x0,
    0xaa, 0x0, 0x0, 0xaa, 0x0, 0x0, 0xaa, 0x0,
    0x0, 0xaa, 0x0, 0x0, 0xaa, 0x0, 0x0, 0xaa,
    0x0, 0x0, 0xaa, 0x0, 0x0, 0xaa, 0x0, 0x0,
    0xaa, 0x0,

    /* U+00CF "Ï" */
    0x10, 0x1, 0xf6, 0x5f, 0x41, 0x14, 0x0, 0x0,
    0xa, 0xa0, 0xa, 0xa0, 0xa, 0xa0, 0xa, 0xa0,
    0xa, 0xa0, 0xa, 0xa0, 0xa, 0xa0, 0xa, 0xa0,
    0xa, 0xa0, 0xa, 0xa0,

    /* U+00D0 "Ð" */
    0xa, 0xff, 0xff, 0xc5, 0x0, 0xa, 0xb3, 0x35,
    0x9f, 0x90, 0xa, 0xa0, 0x0, 0x5, 0xf4, 0xa,
    0xa0, 0x0, 0x0, 0xc9, 0xaf, 0xff, 0xfa, 0x0,
    0xac, 0x1c, 0xd2, 0x21, 0x0, 0xac, 0xa, 0xa0,
    0x0, 0x0, 0xc9, 0xa, 0xa0, 0x0, 0x5, 0xf4,
    0xa, 0xb3, 0x35, 0x9f, 0xa0, 0xa, 0xff, 0xff,
    0xc6, 0x0,

    /* U+00D1 "Ñ" */
    0x0, 0x4b, 0xdc, 0x90, 0x0, 0x0, 0x0, 0x0,
    0x0, 0x0, 0x0, 0x0, 0x0, 0xa, 0xf8, 0x0,
    0x0, 0x8c, 0xae, 0xf2, 0x0, 0x8, 0xca, 0xaa,
    0xb0, 0x0, 0x8c, 0xaa, 0x1f, 0x40, 0x8, 0xca,
    0xa0, 0x7d, 0x0, 0x8c, 0xaa, 0x0, 0xd8, 0x8,
    0xca, 0xa0, 0x4, 0xf2, 0x8c, 0xaa, 0x0, 0xa,
    0xb8, 0xca, 0xa0, 0x0, 0x1f, 0xdc, 0xaa, 0x0,
    0x0, 0x7f, 0xc0,

    /* U+00D2 "Ò" */
    0x0, 0x0, 0xc5, 0x0, 0x0, 0x0, 0x0, 0x4,
    0xd0, 0x0, 0x0, 0x0, 0x0, 0x0, 0x0, 0x0,
    0x0, 0x0, 0x0, 0x0, 0x0, 0x0, 0x0, 0x29,
    0xef, 0xea, 0x20, 0x0, 0x2e, 0xc6, 0x45, 0xcf,
    0x30, 0xc, 0xc0, 0x0, 0x0, 0xbd, 0x2, 0xf4,
    0x0, 0x0, 0x2, 0xf3, 0x4f, 0x10, 0x0, 0x0,
    0xf, 0x54, 0xf1, 0x0, 0x0, 0x0, 0xf5, 0x2f,
    0x40, 0x0, 0x0, 0x2f, 0x30, 0xcc, 0x0, 0x0,
    0xb, 0xd0, 0x3, 0xfc, 0x64, 0x5c, 0xf3, 0x0,
    0x2, 0x9e, 0xfe, 0xa2, 0x0,

    /* U+00D3 "Ó" */
    0x0, 0x0, 0x3, 0xd1, 0x0, 0x0, 0x0, 0x0,
    0xc6, 0x0, 0x0, 0x0, 0x0, 0x0, 0x0, 0x0,
    0x0, 0x0, 0x0, 0x0, 0x0, 0x0, 0x0, 0x29,
    0xef, 0xea, 0x20, 0x0, 0x2e, 0xc6, 0x45, 0xcf,
    0x30, 0xc, 0xc0, 0x0, 0x0, 0xbd, 0x2, 0xf4,
    0x0, 0x0, 0x2, 0xf3, 0x4f, 0x10, 0x0, 0x0,
    0xf, 0x54, 0xf1, 0x0, 0x0, 0x0, 0xf5, 0x2f,
    0x40, 0x0, 0x0, 0x2f, 0x30, 0xcc, 0x0, 0x0,
    0xb, 0xd0, 0x3, 0xfc, 0x64, 0x5c, 0xf3, 0x0,
    0x2, 0x9e, 0xfe, 0xa2, 0x0,

    /* U+00D4 "Ô" */
    0x0, 0x0, 0x28, 0x30, 0x0, 0x0, 0x0, 0xd,
    0x8d, 0x0, 0x0, 0x0, 0x2, 0x50, 0x53, 0x0,
    0x0, 0x0, 0x0, 0x0, 0x0, 0x0, 0x0, 0x29,
    0xef, 0xea, 0x20, 0x0, 0x2e, 0xc6, 0x45, 0xcf,
    0x30, 0xc, 0xc0, 0x0, 0x0, 0xbd, 0x2, 0xf4,
    0x0, 0x0, 0x2, 0xf3, 0x4f, 0x10, 0x0, 0x0,
    0xf, 0x54, 0xf1, 0x0, 0x0, 0x0, 0xf5, 0x2f,
    0x40, 0x0, 0x0, 0x2f, 0x30, 0xcc, 0x0, 0x0,
    0xb, 0xd0, 0x3, 0xfc, 0x64, 0x5c, 0xf3, 0x0,
    0x2, 0x9e, 0xfe, 0xa2, 0x0,

    /* U+00D5 "Õ" */
    0x0, 0x4, 0xd8, 0xb, 0x0, 0x0, 0x0, 0xa0,
    0x7d, 0x50, 0x0, 0x0, 0x0, 0x0, 0x0, 0x0,
    0x0, 0x0, 0x0, 0x0, 0x0, 0x0, 0x0, 0x29,
    0xef, 0xea, 0x20, 0x0, 0x2e, 0xc6, 0x45, 0xcf,
    0x30, 0xc, 0xc0, 0x0, 0x0, 0xbd, 0x2, 0xf4,
    0x0, 0x0, 0x2, 0xf3, 0x4f, 0x10, 0x0, 0x0,
    0xf, 0x54, 0xf1, 0x0, 0x0, 0x0, 0xf5, 0x2f,
    0x40, 0x0, 0x0, 0x2f, 0x30, 0xcc, 0x0, 0x0,
    0xb, 0xd0, 0x3, 0xfc, 0x64, 0x5c, 0xf3, 0x0,
    0x2, 0x9e, 0xfe, 0xa2, 0x0,

    /* U+00D6 "Ö" */
    0x0, 0x0, 0x10, 0x11, 0x0, 0x0, 0x0, 0x7e,
    0xd, 0x80, 0x0, 0x0, 0x2, 0x40, 0x42, 0x0,
    0x0, 0x0, 0x0, 0x0, 0x0, 0x0, 0x0, 0x29,
    0xef, 0xea, 0x20, 0x0, 0x2e, 0xc6, 0x45, 0xcf,
    0x30, 0xc, 0xc0, 0x0, 0x0, 0xbd, 0x2, 0xf4,
    0x0, 0x0, 0x2, 0xf3, 0x4f, 0x10, 0x0, 0x0,
    0xf, 0x54, 0xf1, 0x0, 0x0, 0x0, 0xf5, 0x2f,
    0x40, 0x0, 0x0, 0x2f, 0x30, 0xcc, 0x0, 0x0,
    0xb, 0xd0, 0x3, 0xfc, 0x64, 0x5c, 0xf3, 0x0,
    0x2, 0x9e, 0xfe, 0xa2, 0x0,

    /* U+00D7 "×" */
    0x3, 0x0, 0x1, 0x22, 0xf6, 0x1, 0xca, 0x4,
    0xf8, 0xdb, 0x0, 0x5, 0xff, 0x0, 0x1, 0xdf,
    0xf7, 0x1, 0xda, 0x3, 0xf7, 0x18, 0x0, 0x3,
    0x60,

    /* U+00D8 "Ø" */
    0x0, 0x29, 0xef, 0xea, 0xd9, 0x0, 0x2e, 0xc6,
    0x45, 0xff, 0x30, 0xc, 0xc0, 0x0, 0x3e, 0xdd,
    0x2, 0xf4, 0x0, 0x1e, 0x42, 0xf3, 0x4f, 0x10,
    0xb, 0x80, 0xf, 0x54, 0xf1, 0x7, 0xc0, 0x0,
    0xf5, 0x2f, 0x43, 0xe1, 0x0, 0x2f, 0x30, 0xcd,
    0xe4, 0x0, 0xb, 0xd0, 0x3, 0xff, 0x64, 0x5c,
    0xf3, 0x0, 0x7e, 0xae, 0xfe, 0xa2, 0x0,

    /* U+00D9 "Ù" */
    0x0, 0x4d, 0x0, 0x0, 0x0, 0x0, 0xa8, 0x0,
    0x0, 0x0, 0x0, 0x0, 0x0, 0x0, 0x0, 0x0,
    0x0, 0x0, 0xd7, 0x0, 0x0, 0x1f, 0x3d, 0x70,
    0x0, 0x1, 0xf3, 0xd7, 0x0, 0x0, 0x1f, 0x3d,
    0x70, 0x0, 0x1, 0xf3, 0xd7, 0x0, 0x0, 0x1f,
    0x3d, 0x70, 0x0, 0x1, 0xf3, 0xd7, 0x0, 0x0,
    0x2f, 0x2a, 0xb0, 0x0, 0x6, 0xf0, 0x3f, 0xb5,
    0x48, 0xf8, 0x0, 0x3b, 0xef, 0xd6, 0x0,

    /* U+00DA "Ú" */
    0x0, 0x0, 0x89, 0x0, 0x0, 0x0, 0x2e, 0x10,
    0x0, 0x0, 0x0, 0x0, 0x0, 0x0, 0x0, 0x0,
    0x0, 0x0, 0xd7, 0x0, 0x0, 0x1f, 0x3d, 0x70,
    0x0, 0x1, 0xf3, 0xd7, 0x0, 0x0, 0x1f, 0x3d,
    0x70, 0x0, 0x1, 0xf3, 0xd7, 0x0, 0x0, 0x1f,
    0x3d, 0x70, 0x0, 0x1, 0xf3, 0xd7, 0x0, 0x0,
    0x2f, 0x2a, 0xb0, 0x0, 0x6, 0xf0, 0x3f, 0xb5,
    0x48, 0xf8, 0x0, 0x3b, 0xef, 0xd6, 0x0,

    /* U+00DB "Û" */
    0x0, 0x5, 0x70, 0x0, 0x0, 0x3, 0xd9, 0x80,
    0x0, 0x0, 0x52, 0x7, 0x0, 0x0, 0x0, 0x0,
    0x0, 0x0, 0xd7, 0x0, 0x0, 0x1f, 0x3d, 0x70,
    0x0, 0x1, 0xf3, 0xd7, 0x0, 0x0, 0x1f, 0x3d,
    0x70, 0x0, 0x1, 0xf3, 0xd7, 0x0, 0x0, 0x1f,
    0x3d, 0x70, 0x0, 0x1, 0xf3, 0xd7, 0x0, 0x0,
    0x2f, 0x2a, 0xb0, 0x0, 0x6, 0xf0, 0x3f, 0xb5,
    0x48, 0xf8, 0x0, 0x3b, 0xef, 0xd6, 0x0,

    /* U+00DC "Ü" */
    0x0, 0x11, 0x2, 0x0, 0x0, 0xc, 0x83, 0xf2,
    0x0, 0x0, 0x32, 0x5, 0x0, 0x0, 0x0, 0x0,
    0x0, 0x0, 0xd7, 0x0, 0x0, 0x1f, 0x3d, 0x70,
    0x0, 0x1, 0xf3, 0xd7, 0x0, 0x0, 0x1f, 0x3d,
    0x70, 0x0, 0x1, 0xf3, 0xd7, 0x0, 0x0, 0x1f,
    0x3d, 0x70, 0x0, 0x1, 0xf3, 0xd7, 0x0, 0x0,
    0x2f, 0x2a, 0xb0, 0x0, 0x6, 0xf0, 0x3f, 0xb5,
    0x48, 0xf8, 0x0, 0x3b, 0xef, 0xd6, 0x0,

    /* U+00DD "Ý" */
    0x0, 0x0, 0x8, 0xc0, 0x0, 0x0, 0x0, 0xd,
    0x20, 0x0, 0x0, 0x0, 0x0, 0x0, 0x0, 0xc,
    0xb0, 0x0, 0x2, 0xf6, 0x2, 0xf5, 0x0, 0xb,
    0xc0, 0x0, 0x8e, 0x10, 0x5f, 0x20, 0x0, 0xd,
    0x90, 0xe8, 0x0, 0x0, 0x3, 0xfb, 0xd0, 0x0,
    0x0, 0x0, 0x9f, 0x30, 0x0, 0x0, 0x0, 0x5f,
    0x0, 0x0, 0x0, 0x0, 0x5f, 0x0, 0x0, 0x0,
    0x0, 0x5f, 0x0, 0x0, 0x0, 0x0, 0x5f, 0x0,
    0x0,

    /* U+00DE "Þ" */
    0xab, 0x0, 0x0, 0x0, 0xef, 0xff, 0xea, 0x10,
    0xae, 0x33, 0x5c, 0xd0, 0xaa, 0x0, 0x1, 0xf5,
    0xaa, 0x0, 0x0, 0xd7, 0xaa, 0x0, 0x0, 0xf5,
    0xab, 0x0, 0x2a, 0xe1, 0xef, 0xff, 0xfd, 0x30,
    0xae, 0x33, 0x10, 0x0, 0xaa, 0x0, 0x0, 0x0,

    /* U+00DF "ß" */
    0x7, 0xdf, 0xd6, 0x0, 0x6f, 0x63, 0x6f, 0x40,
    0xb9, 0x0, 0xc, 0x80, 0xc7, 0x0, 0x4f, 0x40,
    0xc7, 0x5f, 0xf8, 0x0, 0xc7, 0x13, 0x5d, 0x90,
    0xc7, 0x0, 0x3, 0xf1, 0xc7, 0x0, 0x3, 0xf2,
    0xc7, 0x13, 0x5d, 0xc0, 0xc7, 0x8f, 0xd9, 0x10,

    /* U+00E0 "à" */
    0x0, 0x4f, 0x10, 0x0, 0x0, 0x8, 0x70, 0x0,
    0x1, 0xae, 0xeb, 0x20, 0xc, 0xc4, 0x3b, 0xd0,
    0x7, 0x20, 0x1, 0xf2, 0x0, 0x37, 0xad, 0xf3,
    0xb, 0xd8, 0x53, 0xf4, 0x4f, 0x0, 0x3, 0xf4,
    0x3f, 0x84, 0x6d, 0xf7, 0x7, 0xef, 0xc3, 0x9e,

    /* U+00E1 "á" */
    0x0, 0x0, 0xaa, 0x0, 0x0, 0x2, 0xc1, 0x0,
    0x1, 0xae, 0xeb, 0x20, 0xc, 0xc4, 0x3b, 0xd0,
    0x7, 0x20, 0x1, 0xf2, 0x0, 0x37, 0xad, 0xf3,
    0xb, 0xd8, 0x53, 0xf4, 0x4f, 0x0, 0x3, 0xf4,
    0x3f, 0x84, 0x6d, 0xf7, 0x7, 0xef, 0xc3, 0x9e,

    /* U+00E2 "â" */
    0x0, 0x2b, 0x86, 0x0, 0x0, 0x31, 0x4, 0x0,
    0x1, 0xae, 0xeb, 0x20, 0xc, 0xc4, 0x3b, 0xd0,
    0x7, 0x20, 0x1, 0xf2, 0x0, 0x37, 0xad, 0xf3,
    0xb, 0xd8, 0x53, 0xf4, 0x4f, 0x0, 0x3, 0xf4,
    0x3f, 0x84, 0x6d, 0xf7, 0x7, 0xef, 0xc3, 0x9e,

    /* U+00E3 "ã" */
    0x0, 0xbd, 0xdc, 0x40, 0x0, 0x0, 0x0, 0x0,
    0x1, 0xae, 0xeb, 0x20, 0xc, 0xc4, 0x3b, 0xd0,
    0x7, 0x20, 0x1, 0xf2, 0x0, 0x37, 0xad, 0xf3,
    0xb, 0xd8, 0x53, 0xf4, 0x4f, 0x0, 0x3, 0xf4,
    0x3f, 0x84, 0x6d, 0xf7, 0x7, 0xef, 0xc3, 0x9e,

    /* U+00E4 "ä" */
    0x0, 0xc8, 0x3f, 0x20, 0x0, 0x53, 0x17, 0x10,
    0x1, 0xae, 0xeb, 0x20, 0xc, 0xc4, 0x3b, 0xd0,
    0x7, 0x20, 0x1, 0xf2, 0x0, 0x37, 0xad, 0xf3,
    0xb, 0xd8, 0x53, 0xf4, 0x4f, 0x0, 0x3, 0xf4,
    0x3f, 0x84, 0x6d, 0xf7, 0x7, 0xef, 0xc3, 0x9e,

    /* U+00E5 "å" */
    0x0, 0x9, 0xb2, 0x0, 0x0, 0x2a, 0x47, 0x0,
    0x0, 0xa, 0xc2, 0x0, 0x0, 0x0, 0x0, 0x0,
    0x1, 0xae, 0xeb, 0x20, 0xc, 0xc4, 0x3b, 0xd0,
    0x7, 0x20, 0x1, 0xf2, 0x0, 0x37, 0xad, 0xf3,
    0xb, 0xd8, 0x53, 0xf4, 0x4f, 0x0, 0x3, 0xf4,
    0x3f, 0x84, 0x6d, 0xf7, 0x7, 0xef, 0xc3, 0x9e,

    /* U+00E6 "æ" */
    0x1, 0xae, 0xeb, 0x24, 0xcf, 0xd7, 0x0, 0xd,
    0xb4, 0x3a, 0xff, 0x73, 0x5e, 0x70, 0x5, 0x10,
    0x1, 0xfb, 0x0, 0x6, 0xe0, 0x1, 0x7a, 0xdf,
    0xff, 0xff, 0xff, 0xf1, 0xd, 0xb5, 0x32, 0xf8,
    0x22, 0x22, 0x20, 0x4f, 0x10, 0x3, 0xfa, 0x0,
    0x4, 0x70, 0x3f, 0x61, 0x3e, 0x9f, 0x72, 0x4e,
    0x70, 0x6, 0xef, 0xd5, 0x5, 0xcf, 0xd7, 0x0,

    /* U+00E7 "ç" */
    0x0, 0x8e, 0xfd, 0x50, 0x9, 0xe5, 0x38, 0xf3,
    0x1f, 0x40, 0x0, 0x86, 0x4f, 0x0, 0x0, 0x0,
    0x4f, 0x0, 0x0, 0x0, 0x1f, 0x40, 0x0, 0xa7,
    0xa, 0xe5, 0x38, 0xf2, 0x0, 0x8f, 0xfc, 0x40,
    0x0, 0x6, 0xc3, 0x0, 0x0, 0x22, 0x4c, 0x0,
    0x0, 0x2c, 0xc5, 0x0,

    /* U+00E8 "è" */
    0x0, 0x2f, 0x20, 0x0, 0x0, 0x6, 0x90, 0x0,
    0x0, 0x8e, 0xfc, 0x30, 0xa, 0xd4, 0x38, 0xf2,
    0x1f, 0x20, 0x0, 0xc9, 0x4f, 0xff, 0xff, 0xfb,
    0x4f, 0x32, 0x22, 0x21, 0x1f, 0x50, 0x0, 0x74,
    0xa, 0xe5, 0x38, 0xf2, 0x0, 0x8e, 0xfc, 0x30,

    /* U+00E9 "é" */
    0x0, 0x0, 0x8c, 0x0, 0x0, 0x0, 0xd2, 0x0,
    0x0, 0x8e, 0xfc, 0x30, 0xa, 0xd4, 0x38, 0xf2,
    0x1f, 0x20, 0x0, 0xc9, 0x4f, 0xff, 0xff, 0xfb,
    0x4f, 0x32, 0x22, 0x21, 0x1f, 0x50, 0x0, 0x74,
    0xa, 0xe5, 0x38, 0xf2, 0x0, 0x8e, 0xfc, 0x30,

    /* U+00EA "ê" */
    0x0, 0x1b, 0x78, 0x0, 0x0, 0x22, 0x3, 0x0,
    0x0, 0x8e, 0xfc, 0x30, 0xa, 0xd4, 0x38, 0xf2,
    0x1f, 0x20, 0x0, 0xc9, 0x4f, 0xff, 0xff, 0xfb,
    0x4f, 0x32, 0x22, 0x21, 0x1f, 0x50, 0x0, 0x74,
    0xa, 0xe5, 0x38, 0xf2, 0x0, 0x8e, 0xfc, 0x30,

    /* U+00EB "ë" */
    0x0, 0xaa, 0xf, 0x40, 0x0, 0x44, 0x7, 0x10,
    0x0, 0x8e, 0xfc, 0x30, 0xa, 0xd4, 0x38, 0xf2,
    0x1f, 0x20, 0x0, 0xc9, 0x4f, 0xff, 0xff, 0xfb,
    0x4f, 0x32, 0x22, 0x21, 0x1f, 0x50, 0x0, 0x74,
    0xa, 0xe5, 0x38, 0xf2, 0x0, 0x8e, 0xfc, 0x30,

    /* U+00EC "ì" */
    0xaa, 0x0, 0xc2, 0xc, 0x70, 0xc7, 0xc, 0x70,
    0xc7, 0xc, 0x70, 0xc7, 0xc, 0x70, 0xc7,

    /* U+00ED "í" */
    0x1e, 0x56, 0x90, 0xc7, 0xc, 0x70, 0xc7, 0xc,
    0x70, 0xc7, 0xc, 0x70, 0xc7, 0xc, 0x70,

    /* U+00EE "î" */
    0x7, 0x8a, 0x30, 0x20, 0x2, 0x0, 0xc7, 0x0,
    0xc, 0x70, 0x0, 0xc7, 0x0, 0xc, 0x70, 0x0,
    0xc7, 0x0, 0xc, 0x70, 0x0, 0xc7, 0x0, 0xc,
    0x70,

    /* U+00EF "ï" */
    0xc8, 0xe7, 0x53, 0x63, 0xc, 0x70, 0xc, 0x70,
    0xc, 0x70, 0xc, 0x70, 0xc, 0x70, 0xc, 0x70,
    0xc, 0x70, 0xc, 0x70,

    /* U+00F0 "ð" */
    0x0, 0x1, 0x0, 0x0, 0x0, 0x5, 0xfc, 0x56,
    0xb0, 0x0, 0x6, 0xff, 0xf4, 0x0, 0x0, 0x55,
    0x5f, 0x10, 0x0, 0x8e, 0xfb, 0xe7, 0x0, 0xae,
    0x53, 0x8f, 0xc0, 0x1f, 0x40, 0x0, 0xff, 0x4,
    0xf0, 0x0, 0xa, 0xf0, 0x4f, 0x0, 0x0, 0x7d,
    0x1, 0xf4, 0x0, 0xb, 0xa0, 0xa, 0xe5, 0x38,
    0xf3, 0x0, 0x8, 0xef, 0xc4, 0x0,

    /* U+00F1 "ñ" */
    0x9, 0xdd, 0xc6, 0x0, 0x0, 0x0, 0x0, 0xc6,
    0xae, 0xe6, 0xc, 0xe3, 0x4, 0xf3, 0xc9, 0x0,
    0xd, 0x7c, 0x70, 0x0, 0xc8, 0xc7, 0x0, 0xc,
    0x8c, 0x70, 0x0, 0xc8, 0xc7, 0x0, 0xc, 0x8c,
    0x70, 0x0, 0xc8,

    /* U+00F2 "ò" */
    0x0, 0x2f, 0x20, 0x0, 0x0, 0x6, 0x90, 0x0,
    0x0, 0x8e, 0xfc, 0x40, 0xa, 0xe5, 0x39, 0xf3,
    0x1f, 0x40, 0x0, 0xbb, 0x4f, 0x0, 0x0, 0x7e,
    0x4f, 0x0, 0x0, 0x7e, 0x1f, 0x40, 0x0, 0xbb,
    0xa, 0xe5, 0x38, 0xf3, 0x0, 0x8e, 0xfc, 0x40,

    /* U+00F3 "ó" */
    0x0, 0x0, 0x8c, 0x0, 0x0, 0x0, 0xd2, 0x0,
    0x0, 0x8e, 0xfc, 0x40, 0xa, 0xe5, 0x39, 0xf3,
    0x1f, 0x40, 0x0, 0xbb, 0x4f, 0x0, 0x0, 0x7e,
    0x4f, 0x0, 0x0, 0x7e, 0x1f, 0x40, 0x0, 0xbb,
    0xa, 0xe5, 0x38, 0xf3, 0x0, 0x8e, 0xfc, 0x40,

    /* U+00F4 "ô" */
    0x0, 0x1b, 0x78, 0x0, 0x0, 0x21, 0x3, 0x0,
    0x0, 0x8e, 0xfc, 0x40, 0xa, 0xe5, 0x39, 0xf3,
    0x1f, 0x40, 0x0, 0xbb, 0x4f, 0x0, 0x0, 0x7e,
    0x4f, 0x0, 0x0, 0x7e, 0x1f, 0x40, 0x0, 0xbb,
    0xa, 0xe5, 0x38, 0xf3, 0x0, 0x8e, 0xfc, 0x40,

    /* U+00F5 "õ" */
    0x0, 0xad, 0xdc, 0x50, 0x0, 0x0, 0x0, 0x0,
    0x0, 0x8e, 0xfc, 0x40, 0xa, 0xe5, 0x39, 0xf3,
    0x1f, 0x40, 0x0, 0xbb, 0x4f, 0x0, 0x0, 0x7e,
    0x4f, 0x0, 0x0, 0x7e, 0x1f, 0x40, 0x0, 0xbb,
    0xa, 0xe5, 0x38, 0xf3, 0x0, 0x8e, 0xfc, 0x40,

    /* U+00F6 "ö" */
    0x0, 0xaa, 0xf, 0x40, 0x0, 0x44, 0x7, 0x10,
    0x0, 0x8e, 0xfc, 0x40, 0xa, 0xe5, 0x39, 0xf3,
    0x1f, 0x40, 0x0, 0xbb, 0x4f, 0x0, 0x0, 0x7e,
    0x4f, 0x0, 0x0, 0x7e, 0x1f, 0x40, 0x0, 0xbb,
    0xa, 0xe5, 0x38, 0xf3, 0x0, 0x8e, 0xfc, 0x40,

    /* U+00F7 "÷" */
    0x0, 0xb, 0xd0, 0x0, 0x0, 0x8, 0xa0, 0x0,
    0x0, 0x0, 0x0, 0x0, 0x6f, 0xff, 0xff, 0xf7,
    0x12, 0x22, 0x22, 0x21, 0x0, 0x8, 0xa0, 0x0,
    0x0, 0xa, 0xc0, 0x0,

    /* U+00F8 "ø" */
    0x0, 0x8e, 0xfc, 0xf5, 0xa, 0xe5, 0x3f, 0xf3,
    0x1f, 0x40, 0x3d, 0xcb, 0x4f, 0x0, 0xd3, 0x7e,
    0x4f, 0x9, 0x70, 0x7e, 0x1f, 0x9c, 0x0, 0xbb,
    0xb, 0xf7, 0x38, 0xf3, 0xb, 0xee, 0xfc, 0x40,

    /* U+00F9 "ù" */
    0x3, 0xf2, 0x0, 0x0, 0x7, 0x80, 0x0, 0xc7,
    0x0, 0xd, 0x6c, 0x70, 0x0, 0xd6, 0xc7, 0x0,
    0xd, 0x6c, 0x70, 0x0, 0xd6, 0xc7, 0x0, 0xd,
    0x6b, 0x80, 0x0, 0xf6, 0x7e, 0x32, 0xaf, 0x60,
    0x9f, 0xe6, 0xc6,

    /* U+00FA "ú" */
    0x0, 0x9, 0xb0, 0x0, 0x1, 0xd1, 0x0, 0xc7,
    0x0, 0xd, 0x6c, 0x70, 0x0, 0xd6, 0xc7, 0x0,
    0xd, 0x6c, 0x70, 0x0, 0xd6, 0xc7, 0x0, 0xd,
    0x6b, 0x80, 0x0, 0xf6, 0x7e, 0x32, 0xaf, 0x60,
    0x9f, 0xe6, 0xc6,

    /* U+00FB "û" */
    0x2, 0xb7, 0x80, 0x0, 0x21, 0x2, 0x0, 0xc7,
    0x0, 0xd, 0x6c, 0x70, 0x0, 0xd6, 0xc7, 0x0,
    0xd, 0x6c, 0x70, 0x0, 0xd6, 0xc7, 0x0, 0xd,
    0x6b, 0x80, 0x0, 0xf6, 0x7e, 0x32, 0xaf, 0x60,
    0x9f, 0xe6, 0xc6,

    /* U+00FC "ü" */
    0xb, 0x91, 0xf3, 0x0, 0x54, 0x7, 0x10, 0xc7,
    0x0, 0xd, 0x6c, 0x70, 0x0, 0xd6, 0xc7, 0x0,
    0xd, 0x6c, 0x70, 0x0, 0xd6, 0xc7, 0x0, 0xd,
    0x6b, 0x80, 0x0, 0xf6, 0x7e, 0x32, 0xaf, 0x60,
    0x9f, 0xe6, 0xc6,

    /* U+00FD "ý" */
    0x0, 0x0, 0xc8, 0x0, 0x0, 0x4, 0xb0, 0x0,
    0x7d, 0x0, 0x0, 0xd8, 0x2f, 0x30, 0x2, 0xf2,
    0xc, 0x90, 0x7, 0xc0, 0x6, 0xe0, 0xd, 0x60,
    0x1, 0xf4, 0x2f, 0x10, 0x0, 0xa9, 0x7b, 0x0,
    0x0, 0x5f, 0xd5, 0x0, 0x0, 0xe, 0xe0, 0x0,
    0x0, 0x1a, 0x90, 0x0, 0x7, 0xfd, 0x10, 0x0,

    /* U+00FE "þ" */
    0xc7, 0x0, 0x0, 0x0, 0xc7, 0x0, 0x0, 0x0,
    0xc9, 0xaf, 0xe9, 0x0, 0xcf, 0x72, 0x5e, 0x90,
    0xca, 0x0, 0x5, 0xf0, 0xc6, 0x0, 0x2, 0xf3,
    0xc7, 0x0, 0x2, 0xf3, 0xca, 0x0, 0x6, 0xf0,
    0xcf, 0x83, 0x5e, 0x90, 0xc8, 0xaf, 0xe9, 0x0,
    0xc7, 0x0, 0x0, 0x0, 0xc7, 0x0, 0x0, 0x0,

    /* U+00FF "ÿ" */
    0x0, 0xf6, 0x5f, 0x0, 0x0, 0x62, 0x27, 0x0,
    0x7d, 0x0, 0x0, 0xd8, 0x2f, 0x30, 0x2, 0xf2,
    0xc, 0x90, 0x7, 0xc0, 0x6, 0xe0, 0xd, 0x60,
    0x1, 0xf4, 0x2f, 0x10, 0x0, 0xa9, 0x7b, 0x0,
    0x0, 0x5f, 0xd5, 0x0, 0x0, 0xe, 0xe0, 0x0,
    0x0, 0x1a, 0x90, 0x0, 0x7, 0xfd, 0x10, 0x0,

    /* U+0100 "Ā" */
    0x0, 0xf, 0xff, 0xf0, 0x0, 0x0, 0x2, 0x22,
    0x20, 0x0, 0x0, 0x0, 0x0, 0x0, 0x0, 0x0,
    0x1, 0xff, 0x10, 0x0, 0x0, 0x7, 0xdd, 0x70,
    0x0, 0x0, 0xd, 0x77, 0xd0, 0x0, 0x0, 0x3f,
    0x11, 0xf3, 0x0, 0x0, 0x9b, 0x0, 0xb9, 0x0,
    0x0, 0xf6, 0x0, 0x6f, 0x0, 0x5, 0xff, 0xff,
    0xff, 0x50, 0xb, 0xb3, 0x33, 0x3a, 0xc0, 0x2f,
    0x40, 0x0, 0x4, 0xf2, 0x8e, 0x0, 0x0, 0x0,
    0xd8,

    /* U+0101 "ā" */
    0x0, 0xdf, 0xff, 0x30, 0x0, 0x1, 0x11, 0x0,
    0x1, 0xae, 0xeb, 0x20, 0xc, 0xc4, 0x3b, 0xd0,
    0x7, 0x20, 0x1, 0xf2, 0x0, 0x37, 0xad, 0xf3,
    0xb, 0xd8, 0x53, 0xf4, 0x4f, 0x0, 0x3, 0xf4,
    0x3f, 0x84, 0x6d, 0xf7, 0x7, 0xef, 0xc3, 0x9e,

    /* U+0102 "Ă" */
    0x0, 0x7, 0x0, 0x70, 0x0, 0x0, 0x7, 0xee,
    0x70, 0x0, 0x0, 0x0, 0x0, 0x0, 0x0, 0x0,
    0x0, 0x0, 0x0, 0x0, 0x0, 0x1, 0xff, 0x10,
    0x0, 0x0, 0x7, 0xdd, 0x70, 0x0, 0x0, 0xd,
    0x77, 0xd0, 0x0, 0x0, 0x3f, 0x11, 0xf3, 0x0,
    0x0, 0x9b, 0x0, 0xb9, 0x0, 0x0, 0xf6, 0x0,
    0x6f, 0x0, 0x5, 0xff, 0xff, 0xff, 0x50, 0xb,
    0xb3, 0x33, 0x3a, 0xc0, 0x2f, 0x40, 0x0, 0x4,
    0xf2, 0x8e, 0x0, 0x0, 0x0, 0xd8,

    /* U+0103 "ă" */
    0x0, 0x8d, 0xeb, 0x10, 0x0, 0x0, 0x0, 0x0,
    0x1, 0xae, 0xeb, 0x20, 0xc, 0xc4, 0x3b, 0xd0,
    0x7, 0x20, 0x1, 0xf2, 0x0, 0x37, 0xad, 0xf3,
    0xb, 0xd8, 0x53, 0xf4, 0x4f, 0x0, 0x3, 0xf4,
    0x3f, 0x84, 0x6d, 0xf7, 0x7, 0xef, 0xc3, 0x9e,

    /* U+0104 "Ą" */
    0x0, 0x1, 0xff, 0x10, 0x0, 0x0, 0x0, 0x7d,
    0xd7, 0x0, 0x0, 0x0, 0xd, 0x77, 0xd0, 0x0,
    0x0, 0x3, 0xf1, 0x1f, 0x30, 0x0, 0x0, 0x9b,
    0x0, 0xb9, 0x0, 0x0, 0xf, 0x60, 0x6, 0xf0,
    0x0, 0x5, 0xff, 0xff, 0xff, 0x50, 0x0, 0xbb,
    0x33, 0x33, 0xac, 0x0, 0x2f, 0x40, 0x0, 0x4,
    0xf2, 0x8, 0xe0, 0x0, 0x0, 0xe, 0x90, 0x0,
    0x0, 0x0, 0x0, 0xb5, 0x0, 0x0, 0x0, 0x0,
    0x4d, 0x10, 0x0, 0x0, 0x0, 0x3, 0xee, 0x10,

    /* U+0105 "ą" */
    0x1, 0xae, 0xeb, 0x20, 0x0, 0xcc, 0x43, 0xbd,
    0x0, 0x7, 0x20, 0x1, 0xf2, 0x0, 0x3, 0x7a,
    0xdf, 0x30, 0xb, 0xd8, 0x53, 0xf4, 0x4, 0xf0,
    0x0, 0x3f, 0x40, 0x3f, 0x84, 0x6d, 0xf7, 0x0,
    0x7e, 0xfc, 0x39, 0xf0, 0x0, 0x0, 0x0, 0x88,
    0x0, 0x0, 0x0, 0x1f, 0x10, 0x0, 0x0, 0x0,
    0xdf, 0x40,

    /* U+0106 "Ć" */
    0x0, 0x0, 0x5, 0xc0, 0x0, 0x0, 0x0, 0xd,
    0x40, 0x0, 0x0, 0x0, 0x0, 0x0, 0x0, 0x0,
    0x0, 0x0, 0x0, 0x0, 0x0, 0x19, 0xef, 0xd9,
    0x10, 0x2, 0xec, 0x64, 0x6c, 0xd1, 0xc, 0xc0,
    0x0, 0x0, 0xd8, 0x2f, 0x40, 0x0, 0x0, 0x34,
    0x4f, 0x10, 0x0, 0x0, 0x0, 0x4f, 0x10, 0x0,
    0x0, 0x0, 0x2f, 0x40, 0x0, 0x0, 0x47, 0xc,
    0xc0, 0x0, 0x0, 0xd9, 0x2, 0xec, 0x64, 0x6c,
    0xe1, 0x0, 0x29, 0xef, 0xe9, 0x10,

    /* U+0107 "ć" */
    0x0, 0x0, 0x8c, 0x0, 0x0, 0x0, 0xd2, 0x0,
    0x0, 0x8e, 0xfd, 0x50, 0x9, 0xe5, 0x38, 0xf3,
    0x1f, 0x40, 0x0, 0x86, 0x4f, 0x0, 0x0, 0x0,
    0x4f, 0x0, 0x0, 0x0, 0x1f, 0x40, 0x0, 0xa7,
    0xa, 0xe5, 0x38, 0xf2, 0x0, 0x8e, 0xfc, 0x40,

    /* U+0108 "Ĉ" */
    0x0, 0x0, 0x38, 0x20, 0x0, 0x0, 0x1, 0xd8,
    0xc0, 0x0, 0x0, 0x3, 0x40, 0x62, 0x0, 0x0,
    0x0, 0x0, 0x0, 0x0, 0x0, 0x19, 0xef, 0xd9,
    0x10, 0x2, 0xec, 0x64, 0x6c, 0xd1, 0xc, 0xc0,
    0x0, 0x0, 0xd8, 0x2f, 0x40, 0x0, 0x0, 0x34,
    0x4f, 0x10, 0x0, 0x0, 0x0, 0x4f, 0x10, 0x0,
    0x0, 0x0, 0x2f, 0x40, 0x0, 0x0, 0x47, 0xc,
    0xc0, 0x0, 0x0, 0xd9, 0x2, 0xec, 0x64, 0x6c,
    0xe1, 0x0, 0x29, 0xef, 0xe9, 0x10,

    /* U+0109 "ĉ" */
    0x0, 0x1b, 0x78, 0x0, 0x0, 0x21, 0x3, 0x0,
    0x0, 0x8e, 0xfd, 0x50, 0x9, 0xe5, 0x38, 0xf3,
    0x1f, 0x40, 0x0, 0x86, 0x4f, 0x0, 0x0, 0x0,
    0x4f, 0x0, 0x0, 0x0, 0x1f, 0x40, 0x0, 0xa7,
    0xa, 0xe5, 0x38, 0xf2, 0x0, 0x8e, 0xfc, 0x40,

    /* U+010A "Ċ" */
    0x0, 0x0, 0x2, 0x0, 0x0, 0x0, 0x0, 0x3f,
    0x10, 0x0, 0x0, 0x0, 0x15, 0x0, 0x0, 0x0,
    0x0, 0x0, 0x0, 0x0, 0x0, 0x19, 0xef, 0xd9,
    0x10, 0x2, 0xec, 0x64, 0x6c, 0xd1, 0xc, 0xc0,
    0x0, 0x0, 0xd8, 0x2f, 0x40, 0x0, 0x0, 0x34,
    0x4f, 0x10, 0x0, 0x0, 0x0, 0x4f, 0x10, 0x0,
    0x0, 0x0, 0x2f, 0x40, 0x0, 0x0, 0x47, 0xc,
    0xc0, 0x0, 0x0, 0xd9, 0x2, 0xec, 0x64, 0x6c,
    0xe1, 0x0, 0x29, 0xef, 0xe9, 0x10,

    /* U+010B "ċ" */
    0x0, 0x5, 0xf0, 0x0, 0x0, 0x2, 0x70, 0x0,
    0x0, 0x8e, 0xfd, 0x50, 0x9, 0xe5, 0x38, 0xf3,
    0x1f, 0x40, 0x0, 0x86, 0x4f, 0x0, 0x0, 0x0,
    0x4f, 0x0, 0x0, 0x0, 0x1f, 0x40, 0x0, 0xa7,
    0xa, 0xe5, 0x38, 0xf2, 0x0, 0x8e, 0xfc, 0x40,

    /* U+010C "Č" */
    0x0, 0x3, 0x40, 0x62, 0x0, 0x0, 0x1, 0xd8,
    0xc0, 0x0, 0x0, 0x0, 0x38, 0x20, 0x0, 0x0,
    0x0, 0x0, 0x0, 0x0, 0x0, 0x19, 0xef, 0xd9,
    0x10, 0x2, 0xec, 0x64, 0x6c, 0xd1, 0xc, 0xc0,
    0x0, 0x0, 0xd8, 0x2f, 0x40, 0x0, 0x0, 0x34,
    0x4f, 0x10, 0x0, 0x0, 0x0, 0x4f, 0x10, 0x0,
    0x0, 0x0, 0x2f, 0x40, 0x0, 0x0, 0x47, 0xc,
    0xc0, 0x0, 0x0, 0xd9, 0x2, 0xec, 0x64, 0x6c,
    0xe1, 0x0, 0x29, 0xef, 0xe9, 0x10,

    /* U+010D "č" */
    0x0, 0x4b, 0x5c, 0x10, 0x0, 0x3, 0x61, 0x0,
    0x0, 0x8e, 0xfd, 0x50, 0x9, 0xe5, 0x38, 0xf3,
    0x1f, 0x40, 0x0, 0x86, 0x4f, 0x0, 0x0, 0x0,
    0x4f, 0x0, 0x0, 0x0, 0x1f, 0x40, 0x0, 0xa7,
    0xa, 0xe5, 0x38, 0xf2, 0x0, 0x8e, 0xfc, 0x40,

    /* U+010E "Ď" */
    0x0, 0x70, 0x25, 0x0, 0x0, 0x8, 0xad, 0x30,
    0x0, 0x0, 0x7, 0x50, 0x0, 0x0, 0x0, 0x0,
    0x0, 0x0, 0xaf, 0xff, 0xfc, 0x50, 0xa, 0xb3,
    0x35, 0x9f, 0x90, 0xaa, 0x0, 0x0, 0x5f, 0x4a,
    0xa0, 0x0, 0x0, 0xc9, 0xaa, 0x0, 0x0, 0xa,
    0xca, 0xa0, 0x0, 0x0, 0xac, 0xaa, 0x0, 0x0,
    0xc, 0x9a, 0xa0, 0x0, 0x5, 0xf4, 0xab, 0x33,
    0x59, 0xfa, 0xa, 0xff, 0xff, 0xc6, 0x0,

    /* U+010F "ď" */
    0x0, 0x0, 0x0, 0x8b, 0x1f, 0x20, 0x0, 0x0,
    0x8, 0xb3, 0xe0, 0x0, 0x9e, 0xe7, 0x8b, 0x5b,
    0x0, 0xbf, 0xdb, 0xed, 0xb4, 0x50, 0x2f, 0x90,
    0x1, 0xeb, 0x0, 0x4, 0xf1, 0x0, 0xa, 0xb0,
    0x0, 0x4f, 0x0, 0x0, 0x8b, 0x0, 0x2, 0xf4,
    0x0, 0xc, 0xb0, 0x0, 0xb, 0xe5, 0x39, 0xfb,
    0x0, 0x0, 0xa, 0xef, 0xa7, 0xb0, 0x0,

    /* U+0110 "Đ" */
    0xa, 0xff, 0xff, 0xc5, 0x0, 0xa, 0xb3, 0x35,
    0x9f, 0x90, 0xa, 0xa0, 0x0, 0x5, 0xf4, 0xa,
    0xa0, 0x0, 0x0, 0xc9, 0xaf, 0xff, 0xfa, 0x0,
    0xac, 0x1c, 0xd2, 0x21, 0x0, 0xac, 0xa, 0xa0,
    0x0, 0x0, 0xc9, 0xa, 0xa0, 0x0, 0x5, 0xf4,
    0xa, 0xb3, 0x35, 0x9f, 0xa0, 0xa, 0xff, 0xff,
    0xc6, 0x0,

    /* U+0111 "đ" */
    0x0, 0x0, 0xcf, 0xff, 0xb0, 0x0, 0x0, 0x8,
    0xb0, 0x0, 0x9e, 0xf9, 0x9b, 0x0, 0xbe, 0x53,
    0x9f, 0xb0, 0x2f, 0x40, 0x0, 0xdb, 0x4, 0xf0,
    0x0, 0x9, 0xb0, 0x4f, 0x0, 0x0, 0x9b, 0x2,
    0xf4, 0x0, 0xd, 0xb0, 0xb, 0xe5, 0x39, 0xfb,
    0x0, 0xa, 0xef, 0xa7, 0xb0,

    /* U+0112 "Ē" */
    0x3, 0xff, 0xfb, 0x0, 0x0, 0x22, 0x21, 0x0,
    0x0, 0x0, 0x0, 0x0, 0xaf, 0xff, 0xff, 0xf1,
    0xab, 0x33, 0x33, 0x30, 0xaa, 0x0, 0x0, 0x0,
    0xaa, 0x0, 0x0, 0x0, 0xaf, 0xff, 0xff, 0xe0,
    0xab, 0x33, 0x33, 0x20, 0xaa, 0x0, 0x0, 0x0,
    0xaa, 0x0, 0x0, 0x0, 0xab, 0x33, 0x33, 0x30,
    0xaf, 0xff, 0xff, 0xf3,

    /* U+0113 "ē" */
    0x0, 0xbf, 0xff, 0x50, 0x0, 0x1, 0x11, 0x0,
    0x0, 0x8e, 0xfc, 0x30, 0xa, 0xd4, 0x38, 0xf2,
    0x1f, 0x20, 0x0, 0xc9, 0x4f, 0xff, 0xff, 0xfb,
    0x4f, 0x32, 0x22, 0x21, 0x1f, 0x50, 0x0, 0x74,
    0xa, 0xe5, 0x38, 0xf2, 0x0, 0x8e, 0xfc, 0x30,

    /* U+0114 "Ĕ" */
    0x0, 0x71, 0x6, 0x10, 0x0, 0x6, 0xde, 0x90,
    0x0, 0x0, 0x0, 0x0, 0x0, 0xd, 0xff, 0xff,
    0xff, 0xf0, 0xdb, 0x44, 0x44, 0x44, 0xd, 0x90,
    0x0, 0x0, 0x0, 0xd9, 0x0, 0x0, 0x0, 0xd,
    0xa0, 0x0, 0x0, 0x0, 0xdf, 0xff, 0xff, 0xf8,
    0xd, 0xb3, 0x33, 0x33, 0x20, 0xd9, 0x0, 0x0,
    0x0, 0xd, 0x90, 0x0, 0x0, 0x0, 0xdb, 0x44,
    0x44, 0x44, 0xd, 0xff, 0xff, 0xff, 0xf3,

    /* U+0115 "ĕ" */
    0x0, 0xc4, 0xb, 0x50, 0x0, 0x2c, 0xe9, 0x0,
    0x0, 0x0, 0x0, 0x0, 0x0, 0x9e, 0xfc, 0x30,
    0xa, 0xd3, 0x28, 0xf2, 0x2f, 0x20, 0x0, 0xb8,
    0x5f, 0xff, 0xff, 0xfb, 0x5f, 0x22, 0x22, 0x21,
    0x2f, 0x40, 0x0, 0x96, 0xb, 0xe4, 0x28, 0xf3,
    0x0, 0x9e, 0xfc, 0x40,

    /* U+0116 "Ė" */
    0x0, 0x1, 0x0, 0x0, 0x0, 0xe, 0x60, 0x0,
    0x0, 0x4, 0x20, 0x0, 0x0, 0x0, 0x0, 0x0,
    0xaf, 0xff, 0xff, 0xf1, 0xab, 0x33, 0x33, 0x30,
    0xaa, 0x0, 0x0, 0x0, 0xaa, 0x0, 0x0, 0x0,
    0xaf, 0xff, 0xff, 0xe0, 0xab, 0x33, 0x33, 0x20,
    0xaa, 0x0, 0x0, 0x0, 0xaa, 0x0, 0x0, 0x0,
    0xab, 0x33, 0x33, 0x30, 0xaf, 0xff, 0xff, 0xf3,

    /* U+0117 "ė" */
    0x0, 0x5, 0xf0, 0x0, 0x0, 0x2, 0x60, 0x0,
    0x0, 0x8e, 0xfc, 0x30, 0xa, 0xd4, 0x38, 0xf2,
    0x1f, 0x20, 0x0, 0xc9, 0x4f, 0xff, 0xff, 0xfb,
    0x4f, 0x32, 0x22, 0x21, 0x1f, 0x50, 0x0, 0x74,
    0xa, 0xe5, 0x38, 0xf2, 0x0, 0x8e, 0xfc, 0x30,

    /* U+0118 "Ę" */
    0xaf, 0xff, 0xff, 0xf1, 0xab, 0x33, 0x33, 0x30,
    0xaa, 0x0, 0x0, 0x0, 0xaa, 0x0, 0x0, 0x0,
    0xaf, 0xff, 0xff, 0xe0, 0xab, 0x33, 0x33, 0x20,
    0xaa, 0x0, 0x0, 0x0, 0xaa, 0x0, 0x0, 0x0,
    0xab, 0x33, 0x33, 0x30, 0xaf, 0xff, 0xff, 0xf3,
    0x0, 0x0, 0x3, 0xc0, 0x0, 0x0, 0xd, 0x40,
    0x0, 0x0, 0xb, 0xf7,

    /* U+0119 "ę" */
    0x0, 0x8e, 0xfc, 0x30, 0xa, 0xd4, 0x38, 0xf2,
    0x1f, 0x20, 0x0, 0xc9, 0x4f, 0xff, 0xff, 0xfb,
    0x4f, 0x32, 0x22, 0x21, 0x1f, 0x50, 0x0, 0x74,
    0xa, 0xe5, 0x39, 0xf2, 0x0, 0x8e, 0xff, 0xb0,
    0x0, 0x0, 0x7b, 0x0, 0x0, 0x0, 0xd5, 0x0,
    0x0, 0x0, 0x9f, 0x80,

    /* U+011A "Ě" */
    0x1, 0x70, 0x35, 0x0, 0x0, 0xa9, 0xd2, 0x0,
    0x0, 0x17, 0x40, 0x0, 0x0, 0x0, 0x0, 0x0,
    0xaf, 0xff, 0xff, 0xf1, 0xab, 0x33, 0x33, 0x30,
    0xaa, 0x0, 0x0, 0x0, 0xaa, 0x0, 0x0, 0x0,
    0xaf, 0xff, 0xff, 0xe0, 0xab, 0x33, 0x33, 0x20,
    0xaa, 0x0, 0x0, 0x0, 0xaa, 0x0, 0x0, 0x0,
    0xab, 0x33, 0x33, 0x30, 0xaf, 0xff, 0xff, 0xf3,

    /* U+011B "ě" */
    0x0, 0x4b, 0x5c, 0x10, 0x0, 0x4, 0x61, 0x0,
    0x0, 0x8e, 0xfc, 0x30, 0xa, 0xd4, 0x38, 0xf2,
    0x1f, 0x20, 0x0, 0xc9, 0x4f, 0xff, 0xff, 0xfb,
    0x4f, 0x32, 0x22, 0x21, 0x1f, 0x50, 0x0, 0x74,
    0xa, 0xe5, 0x38, 0xf2, 0x0, 0x8e, 0xfc, 0x30,

    /* U+011C "Ĝ" */
    0x0, 0x0, 0x38, 0x20, 0x0, 0x0, 0x0, 0xd8,
    0xc0, 0x0, 0x0, 0x3, 0x50, 0x52, 0x0, 0x0,
    0x0, 0x0, 0x0, 0x0, 0x0, 0x19, 0xef, 0xea,
    0x20, 0x2, 0xec, 0x54, 0x5b, 0xe2, 0xc, 0xc0,
    0x0, 0x0, 0x96, 0x1f, 0x40, 0x0, 0x0, 0x0,
    0x4f, 0x10, 0x8, 0xff, 0xfc, 0x4f, 0x10, 0x1,
    0x33, 0x9c, 0x2f, 0x40, 0x0, 0x0, 0xbc, 0xc,
    0xb0, 0x0, 0x3, 0xfc, 0x2, 0xec, 0x54, 0x7e,
    0x9c, 0x0, 0x29, 0xef, 0xd4, 0x3c,

    /* U+011D "ĝ" */
    0x0, 0x1b, 0x87, 0x0, 0x0, 0x21, 0x3, 0x0,
    0x0, 0x9e, 0xf9, 0x8b, 0xb, 0xd4, 0x3a, 0xfb,
    0x2f, 0x30, 0x0, 0xcb, 0x5f, 0x0, 0x0, 0x9b,
    0x3f, 0x20, 0x0, 0xbb, 0xd, 0xb2, 0x7, 0xfb,
    0x2, 0xcf, 0xfc, 0xab, 0x5, 0x11, 0x20, 0xaa,
    0xb, 0xc4, 0x36, 0xf5, 0x0, 0x9e, 0xfd, 0x60,

    /* U+011E "Ğ" */
    0x0, 0x4, 0x30, 0x43, 0x0, 0x0, 0x2, 0xce,
    0xb1, 0x0, 0x0, 0x0, 0x0, 0x0, 0x0, 0x0,
    0x0, 0x0, 0x0, 0x0, 0x0, 0x19, 0xef, 0xea,
    0x20, 0x2, 0xec, 0x54, 0x5b, 0xe2, 0xc, 0xc0,
    0x0, 0x0, 0x96, 0x1f, 0x40, 0x0, 0x0, 0x0,
    0x4f, 0x10, 0x8, 0xff, 0xfc, 0x4f, 0x10, 0x1,
    0x33, 0x9c, 0x2f, 0x40, 0x0, 0x0, 0xbc, 0xc,
    0xb0, 0x0, 0x3, 0xfc, 0x2, 0xec, 0x54, 0x7e,
    0x9c, 0x0, 0x29, 0xef, 0xd4, 0x3c,

    /* U+011F "ğ" */
    0x0, 0x7d, 0xeb, 0x10, 0x0, 0x0, 0x0, 0x0,
    0x0, 0x9e, 0xf9, 0x8b, 0xb, 0xd4, 0x3a, 0xfb,
    0x2f, 0x30, 0x0, 0xcb, 0x5f, 0x0, 0x0, 0x9b,
    0x3f, 0x20, 0x0, 0xbb, 0xd, 0xb2, 0x7, 0xfb,
    0x2, 0xcf, 0xfc, 0xab, 0x5, 0x11, 0x20, 0xaa,
    0xb, 0xc4, 0x36, 0xf5, 0x0, 0x9e, 0xfd, 0x60,

    /* U+0120 "Ġ" */
    0x0, 0x0, 0x2, 0x0, 0x0, 0x0, 0x0, 0x3f,
    0x20, 0x0, 0x0, 0x0, 0x15, 0x0, 0x0, 0x0,
    0x0, 0x0, 0x0, 0x0, 0x0, 0x19, 0xef, 0xea,
    0x20, 0x2, 0xec, 0x54, 0x5b, 0xe2, 0xc, 0xc0,
    0x0, 0x0, 0x96, 0x1f, 0x40, 0x0, 0x0, 0x0,
    0x4f, 0x10, 0x8, 0xff, 0xfc, 0x4f, 0x10, 0x1,
    0x33, 0x9c, 0x2f, 0x40, 0x0, 0x0, 0xbc, 0xc,
    0xb0, 0x0, 0x3, 0xfc, 0x2, 0xec, 0x54, 0x7e,
    0x9c, 0x0, 0x29, 0xef, 0xd4, 0x3c,

    /* U+0121 "ġ" */
    0x0, 0x6, 0xe0, 0x0, 0x0, 0x3, 0x60, 0x0,
    0x0, 0x9e, 0xf9, 0x8b, 0xb, 0xd4, 0x3a, 0xfb,
    0x2f, 0x30, 0x0, 0xcb, 0x5f, 0x0, 0x0, 0x9b,
    0x3f, 0x20, 0x0, 0xbb, 0xd, 0xb2, 0x7, 0xfb,
    0x2, 0xcf, 0xfc, 0xab, 0x5, 0x11, 0x20, 0xaa,
    0xb, 0xc4, 0x36, 0xf5, 0x0, 0x9e, 0xfd, 0x60,

    /* U+0122 "Ģ" */
    0x0, 0x19, 0xef, 0xe9, 0x10, 0x2, 0xec, 0x54,
    0x6d, 0xd0, 0xc, 0xc0, 0x0, 0x1, 0xe7, 0x1f,
    0x40, 0x0, 0x0, 0x22, 0x4f, 0x10, 0x0, 0x0,
    0x0, 0x4f, 0x10, 0x8, 0xff, 0xfc, 0x2f, 0x40,
    0x1, 0x33, 0x9c, 0xc, 0xb0, 0x0, 0x0, 0xec,
    0x2, 0xec, 0x54, 0x6d, 0xcc, 0x0, 0x29, 0xef,
    0xd5, 0x3c, 0x0, 0x0, 0x15, 0x10, 0x0, 0x0,
    0x0, 0x4f, 0x30, 0x0, 0x0, 0x0, 0x1c, 0x0,
    0x0, 0x0, 0x0, 0x33, 0x0, 0x0,

    /* U+0123 "ģ" */
    0x0, 0x0, 0xc1, 0x0, 0x0, 0x4, 0xa0, 0x0,
    0x0, 0x8, 0xf0, 0x0, 0x0, 0x2, 0x50, 0x0,
    0x0, 0x9e, 0xf9, 0x8b, 0xb, 0xd4, 0x3a, 0xfb,
    0x2f, 0x30, 0x0, 0xcb, 0x5f, 0x0, 0x0, 0x9b,
    0x3f, 0x20, 0x0, 0xbb, 0xd, 0xb2, 0x7, 0xfb,
    0x2, 0xcf, 0xfc, 0xab, 0x5, 0x11, 0x20, 0xaa,
    0xb, 0xc4, 0x36, 0xf5, 0x0, 0x9e, 0xfd, 0x60,

    /* U+0124 "Ĥ" */
    0x0, 0x4, 0x81, 0x0, 0x0, 0x1, 0xd8, 0xb0,
    0x0, 0x0, 0x44, 0x6, 0x10, 0x0, 0x0, 0x0,
    0x0, 0x0, 0xaa, 0x0, 0x0, 0xf, 0x5a, 0xa0,
    0x0, 0x0, 0xf5, 0xaa, 0x0, 0x0, 0xf, 0x5a,
    0xa0, 0x0, 0x0, 0xf5, 0xaf, 0xff, 0xff, 0xff,
    0x5a, 0xd3, 0x33, 0x33, 0xf5, 0xaa, 0x0, 0x0,
    0xf, 0x5a, 0xa0, 0x0, 0x0, 0xf5, 0xaa, 0x0,
    0x0, 0xf, 0x5a, 0xa0, 0x0, 0x0, 0xf5,

    /* U+0125 "ĥ" */
    0x3, 0xed, 0x0, 0x0, 0x0, 0xd3, 0x88, 0x0,
    0x0, 0x0, 0x0, 0x0, 0x0, 0x0, 0xc, 0x70,
    0x0, 0x0, 0x0, 0xc7, 0x0, 0x0, 0x0, 0xc,
    0x8a, 0xee, 0x60, 0x0, 0xce, 0x62, 0x6f, 0x30,
    0xc, 0x90, 0x0, 0xd7, 0x0, 0xc7, 0x0, 0xc,
    0x80, 0xc, 0x70, 0x0, 0xc8, 0x0, 0xc7, 0x0,
    0xc, 0x80, 0xc, 0x70, 0x0, 0xc8, 0x0, 0xc7,
    0x0, 0xc, 0x80,

    /* U+0126 "Ħ" */
    0xa, 0xa0, 0x0, 0x0, 0xf5, 0xc, 0xff, 0xff,
    0xff, 0xff, 0xf7, 0x2d, 0xd3, 0x33, 0x33, 0xf8,
    0x10, 0xaa, 0x0, 0x0, 0xf, 0x50, 0xa, 0xff,
    0xff, 0xff, 0xf5, 0x0, 0xad, 0x33, 0x33, 0x3f,
    0x50, 0xa, 0xa0, 0x0, 0x0, 0xf5, 0x0, 0xaa,
    0x0, 0x0, 0xf, 0x50, 0xa, 0xa0, 0x0, 0x0,
    0xf5, 0x0, 0xaa, 0x0, 0x0, 0xf, 0x50,

    /* U+0127 "ħ" */
    0xdf, 0xff, 0xa0, 0x0, 0xc, 0x70, 0x0, 0x0,
    0xc, 0x8a, 0xee, 0x60, 0xc, 0xe6, 0x26, 0xf3,
    0xc, 0x90, 0x0, 0xd7, 0xc, 0x70, 0x0, 0xc8,
    0xc, 0x70, 0x0, 0xc8, 0xc, 0x70, 0x0, 0xc8,
    0xc, 0x70, 0x0, 0xc8, 0xc, 0x70, 0x0, 0xc8,

    /* U+0128 "Ĩ" */
    0x1b, 0xcc, 0xb2, 0x0, 0x0, 0x0, 0x0, 0x0,
    0x0, 0x0, 0xaa, 0x0, 0x0, 0xaa, 0x0, 0x0,
    0xaa, 0x0, 0x0, 0xaa, 0x0, 0x0, 0xaa, 0x0,
    0x0, 0xaa, 0x0, 0x0, 0xaa, 0x0, 0x0, 0xaa,
    0x0, 0x0, 0xaa, 0x0, 0x0, 0xaa, 0x0,

    /* U+0129 "ĩ" */
    0x4c, 0xdd, 0xa0, 0x0, 0x0, 0x0, 0x0, 0xc7,
    0x0, 0x0, 0xc7, 0x0, 0x0, 0xc7, 0x0, 0x0,
    0xc7, 0x0, 0x0, 0xc7, 0x0, 0x0, 0xc7, 0x0,
    0x0, 0xc7, 0x0, 0x0, 0xc7, 0x0,

    /* U+012A "Ī" */
    0xef, 0xff, 0x1, 0x22, 0x20, 0x0, 0x0, 0x0,
    0xaa, 0x0, 0xa, 0xa0, 0x0, 0xaa, 0x0, 0xa,
    0xa0, 0x0, 0xaa, 0x0, 0xa, 0xa0, 0x0, 0xaa,
    0x0, 0xa, 0xa0, 0x0, 0xaa, 0x0, 0xa, 0xa0,
    0x0,

    /* U+012B "ī" */
    0x3f, 0xff, 0xd0, 0x11, 0x10, 0x0, 0xc7, 0x0,
    0xc, 0x70, 0x0, 0xc7, 0x0, 0xc, 0x70, 0x0,
    0xc7, 0x0, 0xc, 0x70, 0x0, 0xc7, 0x0, 0xc,
    0x70,

    /* U+012C "Ĭ" */
    0x7, 0x10, 0x61, 0x6, 0xde, 0x90, 0x0, 0x0,
    0x0, 0x0, 0xad, 0x0, 0x0, 0xad, 0x0, 0x0,
    0xad, 0x0, 0x0, 0xad, 0x0, 0x0, 0xad, 0x0,
    0x0, 0xad, 0x0, 0x0, 0xad, 0x0, 0x0, 0xad,
    0x0, 0x0, 0xad, 0x0, 0x0, 0xad, 0x0, 0x0,
    0xad, 0x0,

    /* U+012D "ĭ" */
    0x6a, 0x5, 0xa0, 0x9e, 0xc2, 0x0, 0x0, 0x0,
    0xf, 0x50, 0x0, 0xf5, 0x0, 0xf, 0x50, 0x0,
    0xf5, 0x0, 0xf, 0x50, 0x0, 0xf5, 0x0, 0xf,
    0x50, 0x0, 0xf5, 0x0,

    /* U+012E "Į" */
    0xa, 0xa0, 0xa, 0xa0, 0xa, 0xa0, 0xa, 0xa0,
    0xa, 0xa0, 0xa, 0xa0, 0xa, 0xa0, 0xa, 0xa0,
    0xa, 0xa0, 0xb, 0xb0, 0xb, 0x40, 0x5c, 0x0,
    0x4e, 0xe0,

    /* U+012F "į" */
    0xd, 0x70, 0x63, 0xc, 0x70, 0xc7, 0xc, 0x70,
    0xc7, 0xc, 0x70, 0xc7, 0xc, 0x70, 0xe7, 0x1d,
    0x28, 0x90, 0x7f, 0xb0,

    /* U+0130 "İ" */
    0x11, 0xab, 0x33, 0x0, 0xaa, 0xaa, 0xaa, 0xaa,
    0xaa, 0xaa, 0xaa, 0xaa, 0xaa, 0xaa,

    /* U+0131 "ı" */
    0xc7, 0xc7, 0xc7, 0xc7, 0xc7, 0xc7, 0xc7, 0xc7,

    /* U+0132 "Ĳ" */
    0xaa, 0x0, 0x0, 0x0, 0xb, 0x8a, 0xa0, 0x0,
    0x0, 0x0, 0xb8, 0xaa, 0x0, 0x0, 0x0, 0xb,
    0x8a, 0xa0, 0x0, 0x0, 0x0, 0xb8, 0xaa, 0x0,
    0x0, 0x0, 0xb, 0x8a, 0xa0, 0x0, 0x0, 0x0,
    0xb8, 0xaa, 0x1, 0x80, 0x0, 0xc, 0x8a, 0xa0,
    0x1f, 0x40, 0x0, 0xe6, 0xaa, 0x0, 0xad, 0x54,
    0xbe, 0x1a, 0xa0, 0x0, 0x9e, 0xfb, 0x20,

    /* U+0133 "ĳ" */
    0xd7, 0x1, 0xf3, 0x63, 0x0, 0x71, 0xc7, 0x0,
    0xf3, 0xc7, 0x0, 0xf3, 0xc7, 0x0, 0xf3, 0xc7,
    0x0, 0xf3, 0xc7, 0x0, 0xf3, 0xc7, 0x0, 0xf3,
    0xc7, 0x0, 0xf3, 0xc7, 0x0, 0xf3, 0x0, 0x4,
    0xf2, 0x0, 0x9f, 0xa0,

    /* U+0134 "Ĵ" */
    0x0, 0x0, 0x5, 0x70, 0x0, 0x0, 0x3, 0xda,
    0x80, 0x0, 0x0, 0x52, 0x7, 0x0, 0x0, 0x0,
    0x0, 0x0, 0x0, 0x0, 0x7, 0xc0, 0x0, 0x0,
    0x0, 0x7c, 0x0, 0x0, 0x0, 0x7, 0xc0, 0x0,
    0x0, 0x0, 0x7c, 0x0, 0x0, 0x0, 0x7, 0xc0,
    0x0, 0x0, 0x0, 0x7c, 0x0, 0x83, 0x0, 0x8,
    0xc0, 0xd, 0x80, 0x0, 0xba, 0x0, 0x6f, 0x74,
    0x9f, 0x30, 0x0, 0x6d, 0xfd, 0x50, 0x0,

    /* U+0135 "ĵ" */
    0x4, 0xa9, 0x50, 0x2, 0x0, 0x20, 0x0, 0x9b,
    0x0, 0x0, 0x9b, 0x0, 0x0, 0x9b, 0x0, 0x0,
    0x9b, 0x0, 0x0, 0x9b, 0x0, 0x0, 0x9b, 0x0,
    0x0, 0x9b, 0x0, 0x0, 0x9b, 0x0, 0x1, 0xba,
    0x0, 0x1f, 0xe4, 0x0,

    /* U+0136 "Ķ" */
    0xaa, 0x0, 0x2, 0xe9, 0xa, 0xa0, 0x1, 0xea,
    0x0, 0xaa, 0x1, 0xda, 0x0, 0xa, 0xa1, 0xdb,
    0x0, 0x0, 0xab, 0xcf, 0x20, 0x0, 0xa, 0xfc,
    0xbc, 0x0, 0x0, 0xad, 0x1, 0xe9, 0x0, 0xa,
    0xa0, 0x3, 0xf6, 0x0, 0xaa, 0x0, 0x6, 0xf3,
    0xa, 0xa0, 0x0, 0x9, 0xe1, 0x0, 0x2, 0x50,
    0x0, 0x0, 0x0, 0x8f, 0x0, 0x0, 0x0, 0x4,
    0x90, 0x0, 0x0, 0x0, 0x51, 0x0, 0x0,

    /* U+0137 "ķ" */
    0xc7, 0x0, 0x0, 0x0, 0xc7, 0x0, 0x0, 0x0,
    0xc7, 0x0, 0x2f, 0x80, 0xc7, 0x1, 0xe9, 0x0,
    0xc7, 0x1d, 0xa0, 0x0, 0xc7, 0xcf, 0x10, 0x0,
    0xcf, 0xbc, 0xa0, 0x0, 0xcc, 0x2, 0xf5, 0x0,
    0xc7, 0x0, 0x6f, 0x20, 0xc7, 0x0, 0xb, 0xc0,
    0x0, 0x15, 0x0, 0x0, 0x0, 0x5f, 0x20, 0x0,
    0x0, 0x1c, 0x0, 0x0, 0x0, 0x33, 0x0, 0x0,

    /* U+0138 "ĸ" */
    0xf, 0x50, 0x6f, 0x60, 0xf5, 0x1f, 0x40, 0xf,
    0x59, 0xa0, 0x0, 0xfe, 0xe1, 0x0, 0xf, 0x5a,
    0xb0, 0x0, 0xf5, 0x1f, 0x50, 0xf, 0x50, 0x8d,
    0x0, 0xf5, 0x1, 0xf6,

    /* U+0139 "Ĺ" */
    0xc, 0x80, 0x0, 0x4, 0xb0, 0x0, 0x0, 0x0,
    0x0, 0x0, 0xa, 0xa0, 0x0, 0x0, 0xaa, 0x0,
    0x0, 0xa, 0xa0, 0x0, 0x0, 0xaa, 0x0, 0x0,
    0xa, 0xa0, 0x0, 0x0, 0xaa, 0x0, 0x0, 0xa,
    0xa0, 0x0, 0x0, 0xaa, 0x0, 0x0, 0xa, 0xd3,
    0x33, 0x33, 0xaf, 0xff, 0xff, 0xf0,

    /* U+013A "ĺ" */
    0xd, 0x57, 0xa0, 0x0, 0xc, 0x70, 0xc7, 0xc,
    0x70, 0xc7, 0xc, 0x70, 0xc7, 0xc, 0x70, 0xc7,
    0xc, 0x80, 0x6f, 0xa0,

    /* U+013B "Ļ" */
    0xaa, 0x0, 0x0, 0xa, 0xa0, 0x0, 0x0, 0xaa,
    0x0, 0x0, 0xa, 0xa0, 0x0, 0x0, 0xaa, 0x0,
    0x0, 0xa, 0xa0, 0x0, 0x0, 0xaa, 0x0, 0x0,
    0xa, 0xa0, 0x0, 0x0, 0xad, 0x33, 0x33, 0x3a,
    0xff, 0xff, 0xff, 0x0, 0x5, 0x20, 0x0, 0x1,
    0xf6, 0x0, 0x0, 0xc, 0x10, 0x0, 0x1, 0x50,
    0x0,

    /* U+013C "ļ" */
    0xc7, 0xc, 0x70, 0xc7, 0xc, 0x70, 0xc7, 0xc,
    0x70, 0xc7, 0xc, 0x70, 0xc8, 0x6, 0xfa, 0x15,
    0x14, 0xf3, 0x1c, 0x3, 0x30,

    /* U+013D "Ľ" */
    0xaa, 0x0, 0x9, 0x9a, 0xa0, 0x0, 0xb6, 0xaa,
    0x0, 0xd, 0x3a, 0xa0, 0x0, 0xb0, 0xaa, 0x0,
    0x0, 0xa, 0xa0, 0x0, 0x0, 0xaa, 0x0, 0x0,
    0xa, 0xa0, 0x0, 0x0, 0xad, 0x33, 0x33, 0x3a,
    0xff, 0xff, 0xff,

    /* U+013E "ľ" */
    0xc7, 0x4f, 0xc, 0x75, 0xc0, 0xc7, 0x78, 0xc,
    0x77, 0x40, 0xc7, 0x0, 0xc, 0x70, 0x0, 0xc7,
    0x0, 0xc, 0x70, 0x0, 0xc8, 0x0, 0x6, 0xfa,
    0x0,

    /* U+013F "Ŀ" */
    0xe8, 0x0, 0x0, 0xe, 0x80, 0x0, 0x0, 0xe8,
    0x0, 0x0, 0xe, 0x80, 0x0, 0x0, 0xe8, 0x0,
    0x0, 0xe, 0x80, 0x7e, 0x0, 0xe8, 0x3, 0x70,
    0xe, 0x80, 0x0, 0x0, 0xe8, 0x0, 0x0, 0xe,
    0xa4, 0x44, 0x43, 0xef, 0xff, 0xff, 0xd0,

    /* U+0140 "ŀ" */
    0xf5, 0x0, 0xf5, 0x0, 0xf5, 0x0, 0xf5, 0x0,
    0xf5, 0x0, 0xf5, 0xab, 0xf5, 0x55, 0xf5, 0x0,
    0xf5, 0x0, 0xf5, 0x0, 0xf5, 0x0,

    /* U+0141 "Ł" */
    0xa, 0xa0, 0x0, 0x0, 0xa, 0xa0, 0x0, 0x0,
    0xa, 0xa0, 0x0, 0x0, 0xa, 0xa5, 0xb0, 0x0,
    0xf, 0xfb, 0x30, 0x0, 0xaf, 0xe0, 0x0, 0x0,
    0x1a, 0xa0, 0x0, 0x0, 0xa, 0xa0, 0x0, 0x0,
    0xa, 0xd3, 0x33, 0x33, 0xa, 0xff, 0xff, 0xff,

    /* U+0142 "ł" */
    0xc, 0x70, 0xc, 0x70, 0xc, 0x70, 0xd, 0xf7,
    0x8f, 0xd0, 0x5d, 0x70, 0xc, 0x70, 0xc, 0x70,
    0xc, 0x80, 0x6, 0xfa,

    /* U+0143 "Ń" */
    0x0, 0x0, 0x1f, 0x40, 0x0, 0x0, 0x7, 0x80,
    0x0, 0x0, 0x0, 0x0, 0x0, 0xa, 0xf8, 0x0,
    0x0, 0x8c, 0xae, 0xf2, 0x0, 0x8, 0xca, 0xaa,
    0xb0, 0x0, 0x8c, 0xaa, 0x1f, 0x40, 0x8, 0xca,
    0xa0, 0x7d, 0x0, 0x8c, 0xaa, 0x0, 0xd8, 0x8,
    0xca, 0xa0, 0x4, 0xf2, 0x8c, 0xaa, 0x0, 0xa,
    0xb8, 0xca, 0xa0, 0x0, 0x1f, 0xdc, 0xaa, 0x0,
    0x0, 0x7f, 0xc0,

    /* U+0144 "ń" */
    0x0, 0x7, 0xd0, 0x0, 0x0, 0xc2, 0x0, 0xc6,
    0xae, 0xe6, 0xc, 0xe3, 0x4, 0xf3, 0xc9, 0x0,
    0xd, 0x7c, 0x70, 0x0, 0xc8, 0xc7, 0x0, 0xc,
    0x8c, 0x70, 0x0, 0xc8, 0xc7, 0x0, 0xc, 0x8c,
    0x70, 0x0, 0xc8,

    /* U+0145 "Ņ" */
    0xaf, 0x80, 0x0, 0x8, 0xca, 0xef, 0x20, 0x0,
    0x8c, 0xaa, 0xab, 0x0, 0x8, 0xca, 0xa1, 0xf4,
    0x0, 0x8c, 0xaa, 0x7, 0xd0, 0x8, 0xca, 0xa0,
    0xd, 0x80, 0x8c, 0xaa, 0x0, 0x4f, 0x28, 0xca,
    0xa0, 0x0, 0xab, 0x8c, 0xaa, 0x0, 0x1, 0xfd,
    0xca, 0xa0, 0x0, 0x7, 0xfc, 0x0, 0x0, 0x51,
    0x0, 0x0, 0x0, 0x2f, 0x50, 0x0, 0x0, 0x0,
    0xc1, 0x0, 0x0, 0x0, 0x24, 0x0, 0x0,

    /* U+0146 "ņ" */
    0xc6, 0xae, 0xe6, 0xc, 0xe3, 0x4, 0xf3, 0xc9,
    0x0, 0xd, 0x7c, 0x70, 0x0, 0xc8, 0xc7, 0x0,
    0xc, 0x8c, 0x70, 0x0, 0xc8, 0xc7, 0x0, 0xc,
    0x8c, 0x70, 0x0, 0xc8, 0x0, 0x25, 0x0, 0x0,
    0x6, 0xf1, 0x0, 0x0, 0x2b, 0x0, 0x0, 0x4,
    0x20, 0x0,

    /* U+0147 "Ň" */
    0x0, 0x7, 0x3, 0x50, 0x0, 0x0, 0x99, 0xd3,
    0x0, 0x0, 0x0, 0x75, 0x0, 0x0, 0x0, 0x0,
    0x0, 0x0, 0xaf, 0x80, 0x0, 0x8, 0xca, 0xef,
    0x20, 0x0, 0x8c, 0xaa, 0xab, 0x0, 0x8, 0xca,
    0xa1, 0xf4, 0x0, 0x8c, 0xaa, 0x7, 0xd0, 0x8,
    0xca, 0xa0, 0xd, 0x80, 0x8c, 0xaa, 0x0, 0x4f,
    0x28, 0xca, 0xa0, 0x0, 0xab, 0x8c, 0xaa, 0x0,
    0x1, 0xfd, 0xca, 0xa0, 0x0, 0x7, 0xfc,

    /* U+0148 "ň" */
    0x3, 0xc5, 0xc1, 0x0, 0x2, 0x51, 0x0, 0xc6,
    0xae, 0xe6, 0xc, 0xe3, 0x4, 0xf3, 0xc9, 0x0,
    0xd, 0x7c, 0x70, 0x0, 0xc8, 0xc7, 0x0, 0xc,
    0x8c, 0x70, 0x0, 0xc8, 0xc7, 0x0, 0xc, 0x8c,
    0x70, 0x0, 0xc8,

    /* U+0149 "ŉ" */
    0xe, 0x80, 0x0, 0x0, 0x0, 0xa, 0x70, 0x0,
    0x0, 0x0, 0x9, 0x30, 0x0, 0x0, 0x0, 0x3,
    0xf, 0x6c, 0xfd, 0x50, 0x0, 0xf, 0xe3, 0x6,
    0xf2, 0x0, 0xf, 0x70, 0x0, 0xf5, 0x0, 0xf,
    0x50, 0x0, 0xf5, 0x0, 0xf, 0x50, 0x0, 0xf6,
    0x0, 0xf, 0x50, 0x0, 0xf6, 0x0, 0xf, 0x50,
    0x0, 0xf6, 0x0, 0xf, 0x50, 0x0, 0xf6,

    /* U+014A "Ŋ" */
    0xaf, 0x80, 0x0, 0x8, 0xca, 0xef, 0x20, 0x0,
    0x8c, 0xaa, 0xab, 0x0, 0x8, 0xca, 0xa1, 0xf5,
    0x0, 0x8c, 0xaa, 0x7, 0xe0, 0x8, 0xca, 0xa0,
    0xd, 0x80, 0x8c, 0xaa, 0x0, 0x4f, 0x28, 0xca,
    0xa0, 0x0, 0xab, 0x8c, 0xaa, 0x0, 0x1, 0xff,
    0xea, 0xa0, 0x0, 0x7, 0xff, 0x0, 0x0, 0x3,
    0x3c, 0xa0, 0x0, 0x0, 0xff, 0xc2,

    /* U+014B "ŋ" */
    0xc6, 0xae, 0xe6, 0xc, 0xe3, 0x4, 0xf3, 0xc9,
    0x0, 0xd, 0x7c, 0x70, 0x0, 0xc8, 0xc7, 0x0,
    0xc, 0x8c, 0x70, 0x0, 0xc8, 0xc7, 0x0, 0xf,
    0xbc, 0x70, 0x0, 0xff, 0x0, 0x1, 0x2e, 0x60,
    0x0, 0xff, 0xa0,

    /* U+014C "Ō" */
    0x0, 0x7, 0xff, 0xf8, 0x0, 0x0, 0x0, 0x2,
    0x22, 0x10, 0x0, 0x0, 0x0, 0x0, 0x0, 0x0,
    0x0, 0x2, 0x9e, 0xfe, 0xa2, 0x0, 0x2, 0xec,
    0x64, 0x5c, 0xf3, 0x0, 0xcc, 0x0, 0x0, 0xb,
    0xd0, 0x2f, 0x40, 0x0, 0x0, 0x2f, 0x34, 0xf1,
    0x0, 0x0, 0x0, 0xf5, 0x4f, 0x10, 0x0, 0x0,
    0xf, 0x52, 0xf4, 0x0, 0x0, 0x2, 0xf3, 0xc,
    0xc0, 0x0, 0x0, 0xbd, 0x0, 0x3f, 0xc6, 0x45,
    0xcf, 0x30, 0x0, 0x29, 0xef, 0xea, 0x20, 0x0,

    /* U+014D "ō" */
    0x0, 0xbf, 0xff, 0x50, 0x0, 0x1, 0x11, 0x0,
    0x0, 0x8e, 0xfc, 0x40, 0xa, 0xe5, 0x39, 0xf3,
    0x1f, 0x40, 0x0, 0xbb, 0x4f, 0x0, 0x0, 0x7e,
    0x4f, 0x0, 0x0, 0x7e, 0x1f, 0x40, 0x0, 0xbb,
    0xa, 0xe5, 0x38, 0xf3, 0x0, 0x8e, 0xfc, 0x40,

    /* U+014E "Ŏ" */
    0x0, 0x3, 0xd0, 0x3d, 0x0, 0x0, 0x0, 0x7,
    0xed, 0x40, 0x0, 0x0, 0x0, 0x0, 0x0, 0x0,
    0x0, 0x0, 0x7d, 0xff, 0xb4, 0x0, 0x0, 0xce,
    0x74, 0x49, 0xf7, 0x0, 0x8f, 0x20, 0x0, 0x6,
    0xf3, 0xf, 0x80, 0x0, 0x0, 0xd, 0xa3, 0xf4,
    0x0, 0x0, 0x0, 0x9e, 0x4f, 0x20, 0x0, 0x0,
    0x8, 0xf3, 0xf3, 0x0, 0x0, 0x0, 0x9e, 0xf,
    0x80, 0x0, 0x0, 0xd, 0xa0, 0x8f, 0x20, 0x0,
    0x6, 0xf3, 0x0, 0xce, 0x74, 0x49, 0xf7, 0x0,
    0x0, 0x7d, 0xff, 0xb4, 0x0,

    /* U+014F "ŏ" */
    0x0, 0xd3, 0xd, 0x30, 0x0, 0x3d, 0xe7, 0x0,
    0x0, 0x0, 0x0, 0x0, 0x0, 0x9e, 0xfc, 0x30,
    0xc, 0xd3, 0x29, 0xf2, 0x4f, 0x20, 0x0, 0xd9,
    0x6f, 0x0, 0x0, 0x9c, 0x6f, 0x0, 0x0, 0x9c,
    0x4f, 0x20, 0x0, 0xd9, 0xc, 0xd3, 0x29, 0xf2,
    0x1, 0x9e, 0xfb, 0x30,

    /* U+0150 "Ő" */
    0x0, 0x0, 0x3d, 0x5d, 0x10, 0x0, 0x0, 0xc,
    0x6c, 0x50, 0x0, 0x0, 0x0, 0x0, 0x0, 0x0,
    0x0, 0x0, 0x0, 0x0, 0x0, 0x0, 0x0, 0x29,
    0xef, 0xea, 0x20, 0x0, 0x2e, 0xc6, 0x45, 0xcf,
    0x30, 0xc, 0xc0, 0x0, 0x0, 0xbd, 0x2, 0xf4,
    0x0, 0x0, 0x2, 0xf3, 0x4f, 0x10, 0x0, 0x0,
    0xf, 0x54, 0xf1, 0x0, 0x0, 0x0, 0xf5, 0x2f,
    0x40, 0x0, 0x0, 0x2f, 0x30, 0xcc, 0x0, 0x0,
    0xb, 0xd0, 0x3, 0xfc, 0x64, 0x5c, 0xf3, 0x0,
    0x2, 0x9e, 0xfe, 0xa2, 0x0,

    /* U+0151 "ő" */
    0x0, 0x8, 0xc9, 0xb0, 0x0, 0xd, 0x3d, 0x10,
    0x0, 0x8e, 0xfc, 0x40, 0xa, 0xe5, 0x39, 0xf3,
    0x1f, 0x40, 0x0, 0xbb, 0x4f, 0x0, 0x0, 0x7e,
    0x4f, 0x0, 0x0, 0x7e, 0x1f, 0x40, 0x0, 0xbb,
    0xa, 0xe5, 0x38, 0xf3, 0x0, 0x8e, 0xfc, 0x40,

    /* U+0152 "Œ" */
    0x0, 0x29, 0xef, 0xea, 0x2e, 0xff, 0xff, 0xf5,
    0x2, 0xec, 0x64, 0x5c, 0xef, 0x83, 0x33, 0x31,
    0xc, 0xc0, 0x0, 0x0, 0xbf, 0x60, 0x0, 0x0,
    0x2f, 0x40, 0x0, 0x0, 0x3f, 0x60, 0x0, 0x0,
    0x4f, 0x10, 0x0, 0x0, 0xf, 0xff, 0xff, 0xf2,
    0x4f, 0x10, 0x0, 0x0, 0xf, 0x83, 0x33, 0x30,
    0x2f, 0x40, 0x0, 0x0, 0x3f, 0x60, 0x0, 0x0,
    0xc, 0xc0, 0x0, 0x0, 0xbf, 0x60, 0x0, 0x0,
    0x2, 0xec, 0x54, 0x5c, 0xef, 0x83, 0x33, 0x31,
    0x0, 0x29, 0xef, 0xe9, 0x2e, 0xff, 0xff, 0xf7,

    /* U+0153 "œ" */
    0x0, 0x8e, 0xfc, 0x40, 0x9e, 0xfc, 0x30, 0xa,
    0xe5, 0x39, 0xfe, 0xc4, 0x39, 0xf2, 0x1f, 0x40,
    0x0, 0xdf, 0x20, 0x0, 0xd8, 0x4f, 0x0, 0x0,
    0xcf, 0xff, 0xff, 0xfa, 0x4f, 0x0, 0x0, 0xcf,
    0x22, 0x22, 0x21, 0x1f, 0x40, 0x0, 0xdf, 0x40,
    0x0, 0x73, 0xa, 0xe5, 0x38, 0xfe, 0xe5, 0x39,
    0xf2, 0x0, 0x8e, 0xfc, 0x40, 0x9e, 0xfc, 0x30,

    /* U+0154 "Ŕ" */
    0x0, 0x0, 0xc8, 0x0, 0x0, 0x0, 0x3b, 0x0,
    0x0, 0x0, 0x0, 0x0, 0x0, 0xa, 0xff, 0xff,
    0xd8, 0x0, 0xab, 0x33, 0x47, 0xf9, 0xa, 0xa0,
    0x0, 0x7, 0xf0, 0xaa, 0x0, 0x0, 0x6f, 0xa,
    0xa0, 0x0, 0x3d, 0x80, 0xaf, 0xff, 0xff, 0xc0,
    0xa, 0xb3, 0x33, 0x5d, 0xa0, 0xaa, 0x0, 0x0,
    0x6e, 0xa, 0xa0, 0x0, 0x4, 0xf0, 0xaa, 0x0,
    0x0, 0x3f, 0x10,

    /* U+0155 "ŕ" */
    0x0, 0xd6, 0x0, 0x5a, 0x0, 0xc7, 0xdf, 0xc,
    0xe6, 0x30, 0xc9, 0x0, 0xc, 0x70, 0x0, 0xc7,
    0x0, 0xc, 0x70, 0x0, 0xc7, 0x0, 0xc, 0x70,
    0x0,

    /* U+0156 "Ŗ" */
    0xaf, 0xff, 0xfe, 0x91, 0xa, 0xb3, 0x34, 0x6d,
    0xb0, 0xaa, 0x0, 0x0, 0x6f, 0xa, 0xa0, 0x0,
    0x2b, 0xb0, 0xaf, 0xff, 0xff, 0xc0, 0xa, 0xb3,
    0x33, 0x5e, 0x80, 0xaa, 0x0, 0x0, 0x7d, 0xa,
    0xa0, 0x0, 0x5, 0xe0, 0xaa, 0x0, 0x0, 0x4f,
    0xa, 0xa0, 0x0, 0x3, 0xf1, 0x0, 0x2, 0x50,
    0x0, 0x0, 0x0, 0x8f, 0x0, 0x0, 0x0, 0x3,
    0xa0, 0x0, 0x0, 0x0, 0x51, 0x0, 0x0,

    /* U+0157 "ŗ" */
    0xc, 0x7d, 0xf0, 0xc, 0xe6, 0x30, 0xc, 0x90,
    0x0, 0xc, 0x70, 0x0, 0xc, 0x70, 0x0, 0xc,
    0x70, 0x0, 0xc, 0x70, 0x0, 0xc, 0x70, 0x0,
    0x4, 0x30, 0x0, 0xe, 0x90, 0x0, 0xa, 0x30,
    0x0, 0x6, 0x0, 0x0,

    /* U+0158 "Ř" */
    0x0, 0x61, 0x17, 0x0, 0x0, 0x5, 0xcb, 0x60,
    0x0, 0x0, 0x6, 0x70, 0x0, 0x0, 0x0, 0x0,
    0x0, 0x0, 0xaf, 0xff, 0xfd, 0x80, 0xa, 0xb3,
    0x34, 0x7f, 0x90, 0xaa, 0x0, 0x0, 0x7f, 0xa,
    0xa0, 0x0, 0x6, 0xf0, 0xaa, 0x0, 0x3, 0xd8,
    0xa, 0xff, 0xff, 0xfc, 0x0, 0xab, 0x33, 0x35,
    0xda, 0xa, 0xa0, 0x0, 0x6, 0xe0, 0xaa, 0x0,
    0x0, 0x4f, 0xa, 0xa0, 0x0, 0x3, 0xf1,

    /* U+0159 "ř" */
    0x9, 0x89, 0x70, 0x0, 0x44, 0x0, 0xc, 0x7d,
    0xf0, 0xc, 0xe6, 0x30, 0xc, 0x90, 0x0, 0xc,
    0x70, 0x0, 0xc, 0x70, 0x0, 0xc, 0x70, 0x0,
    0xc, 0x70, 0x0, 0xc, 0x70, 0x0,

    /* U+015A "Ś" */
    0x0, 0x0, 0x2d, 0x20, 0x0, 0x0, 0xb, 0x70,
    0x0, 0x0, 0x0, 0x0, 0x0, 0x0, 0x0, 0x0,
    0x0, 0x0, 0x0, 0x8d, 0xfe, 0x91, 0x0, 0x9f,
    0x74, 0x6d, 0xd0, 0xe, 0x70, 0x0, 0x1f, 0x60,
    0xcb, 0x0, 0x0, 0x11, 0x2, 0xbf, 0xb7, 0x20,
    0x0, 0x0, 0x15, 0x9e, 0xb1, 0x5, 0x10, 0x0,
    0xd, 0x90, 0xf8, 0x0, 0x0, 0xab, 0x6, 0xf9,
    0x54, 0x8f, 0x60, 0x5, 0xcf, 0xfc, 0x60,

    /* U+015B "ś" */
    0x0, 0x0, 0xe5, 0x0, 0x0, 0x6, 0x90, 0x0,
    0x2, 0xbe, 0xfb, 0x10, 0xc, 0xb3, 0x3c, 0xc0,
    0xf, 0x50, 0x2, 0x80, 0x9, 0xe8, 0x51, 0x0,
    0x0, 0x38, 0xcf, 0x80, 0x2a, 0x0, 0x5, 0xf0,
    0xe, 0xa3, 0x3a, 0xe0, 0x3, 0xbf, 0xfc, 0x30,

    /* U+015C "Ŝ" */
    0x0, 0x2, 0x83, 0x0, 0x0, 0x0, 0xc8, 0xd1,
    0x0, 0x0, 0x26, 0x4, 0x30, 0x0, 0x0, 0x0,
    0x0, 0x0, 0x0, 0x8d, 0xfe, 0x91, 0x0, 0x9f,
    0x74, 0x6d, 0xd0, 0xe, 0x70, 0x0, 0x1f, 0x60,
    0xcb, 0x0, 0x0, 0x11, 0x2, 0xbf, 0xb7, 0x20,
    0x0, 0x0, 0x15, 0x9e, 0xb1, 0x5, 0x10, 0x0,
    0xd, 0x90, 0xf8, 0x0, 0x0, 0xab, 0x6, 0xf9,
    0x54, 0x8f, 0x60, 0x5, 0xcf, 0xfc, 0x60,

    /* U+015D "ŝ" */
    0x0, 0x68, 0xb2, 0x0, 0x0, 0x40, 0x13, 0x0,
    0x2, 0xbe, 0xfb, 0x10, 0xc, 0xb3, 0x3c, 0xc0,
    0xf, 0x50, 0x2, 0x80, 0x9, 0xe8, 0x51, 0x0,
    0x0, 0x38, 0xcf, 0x80, 0x2a, 0x0, 0x5, 0xf0,
    0xe, 0xa3, 0x3a, 0xe0, 0x3, 0xbf, 0xfc, 0x30,

    /* U+015E "Ş" */
    0x0, 0x8d, 0xfe, 0x91, 0x0, 0x9f, 0x74, 0x6d,
    0xd0, 0xe, 0x70, 0x0, 0x1f, 0x60, 0xcb, 0x0,
    0x0, 0x11, 0x2, 0xbf, 0xb7, 0x20, 0x0, 0x0,
    0x15, 0x9e, 0xb1, 0x5, 0x10, 0x0, 0xd, 0x90,
    0xf8, 0x0, 0x0, 0xab, 0x6, 0xf9, 0x54, 0x8f,
    0x60, 0x5, 0xcf, 0xfc, 0x60, 0x0, 0x0, 0xda,
    0x10, 0x0, 0x0, 0x50, 0x96, 0x0, 0x0, 0x6,
    0xdb, 0x10, 0x0,

    /* U+015F "ş" */
    0x2, 0xbe, 0xfb, 0x10, 0xc, 0xb3, 0x3c, 0xc0,
    0xf, 0x50, 0x2, 0x80, 0x9, 0xe8, 0x51, 0x0,
    0x0, 0x38, 0xcf, 0x80, 0x2a, 0x0, 0x5, 0xf0,
    0xe, 0xa3, 0x3a, 0xe0, 0x3, 0xbf, 0xfc, 0x30,
    0x0, 0xc, 0x91, 0x0, 0x0, 0x40, 0x97, 0x0,
    0x0, 0x6d, 0xb1, 0x0,

    /* U+0160 "Š" */
    0x0, 0x26, 0x4, 0x30, 0x0, 0x0, 0xc8, 0xd1,
    0x0, 0x0, 0x2, 0x83, 0x0, 0x0, 0x0, 0x0,
    0x0, 0x0, 0x0, 0x8d, 0xfe, 0x91, 0x0, 0x9f,
    0x74, 0x6d, 0xd0, 0xe, 0x70, 0x0, 0x1f, 0x60,
    0xcb, 0x0, 0x0, 0x11, 0x2, 0xbf, 0xb7, 0x20,
    0x0, 0x0, 0x15, 0x9e, 0xb1, 0x5, 0x10, 0x0,
    0xd, 0x90, 0xf8, 0x0, 0x0, 0xab, 0x6, 0xf9,
    0x54, 0x8f, 0x60, 0x5, 0xcf, 0xfc, 0x60,

    /* U+0161 "š" */
    0x0, 0xb6, 0xa6, 0x0, 0x0, 0x6, 0x40, 0x0,
    0x2, 0xbe, 0xe9, 0x0, 0xc, 0xb3, 0x4e, 0x80,
    0xf, 0x50, 0x6, 0xf0, 0x9, 0xe8, 0x52, 0x50,
    0x0, 0x38, 0xcf, 0x80, 0x15, 0x0, 0x5, 0xf0,
    0x1f, 0x93, 0x3a, 0xe0, 0x3, 0xcf, 0xfc, 0x30,

    /* U+0162 "Ţ" */
    0xdf, 0xff, 0xff, 0xff, 0x13, 0x33, 0x9d, 0x33,
    0x30, 0x0, 0x8, 0xc0, 0x0, 0x0, 0x0, 0x8c,
    0x0, 0x0, 0x0, 0x8, 0xc0, 0x0, 0x0, 0x0,
    0x8c, 0x0, 0x0, 0x0, 0x8, 0xc0, 0x0, 0x0,
    0x0, 0x8c, 0x0, 0x0, 0x0, 0x8, 0xc0, 0x0,
    0x0, 0x0, 0x8e, 0x0, 0x0, 0x0, 0x9, 0xa1,
    0x0, 0x0, 0x2, 0x28, 0x90, 0x0, 0x0, 0x4c,
    0xc3, 0x0, 0x0,

    /* U+0163 "ţ" */
    0x0, 0x82, 0x0, 0x0, 0xf4, 0x0, 0x2f, 0xff,
    0xf6, 0x1, 0xf5, 0x10, 0x0, 0xf4, 0x0, 0x0,
    0xf4, 0x0, 0x0, 0xf4, 0x0, 0x0, 0xf4, 0x0,
    0x0, 0xe7, 0x10, 0x0, 0x6f, 0xf6, 0x0, 0x3e,
    0x30, 0x1, 0x33, 0xe0, 0x1, 0xbd, 0x80,

    /* U+0164 "Ť" */
    0x0, 0x62, 0x7, 0x0, 0x0, 0x4, 0xda, 0x80,
    0x0, 0x0, 0x5, 0x70, 0x0, 0x0, 0x0, 0x0,
    0x0, 0x0, 0xdf, 0xff, 0xff, 0xff, 0x13, 0x33,
    0x9d, 0x33, 0x30, 0x0, 0x8, 0xc0, 0x0, 0x0,
    0x0, 0x8c, 0x0, 0x0, 0x0, 0x8, 0xc0, 0x0,
    0x0, 0x0, 0x8c, 0x0, 0x0, 0x0, 0x8, 0xc0,
    0x0, 0x0, 0x0, 0x8c, 0x0, 0x0, 0x0, 0x8,
    0xc0, 0x0, 0x0, 0x0, 0x8c, 0x0, 0x0,

    /* U+0165 "ť" */
    0x0, 0x0, 0x0, 0x0, 0x0, 0x3, 0xf0, 0x0,
    0x82, 0x5b, 0x0, 0xf, 0x48, 0x70, 0x2f, 0xff,
    0xf6, 0x0, 0x1f, 0x51, 0x0, 0x0, 0xf4, 0x0,
    0x0, 0xf, 0x40, 0x0, 0x0, 0xf4, 0x0, 0x0,
    0xf, 0x40, 0x0, 0x0, 0xe7, 0x10, 0x0, 0x6,
    0xef, 0x60,

    /* U+0166 "Ŧ" */
    0xdf, 0xff, 0xff, 0xff, 0x13, 0x33, 0x9d, 0x33,
    0x30, 0x0, 0x8, 0xc0, 0x0, 0x0, 0x0, 0x8c,
    0x0, 0x0, 0x8, 0xff, 0xff, 0xd0, 0x0, 0x12,
    0xaf, 0x22, 0x0, 0x0, 0x8, 0xc0, 0x0, 0x0,
    0x0, 0x8c, 0x0, 0x0, 0x0, 0x8, 0xc0, 0x0,
    0x0, 0x0, 0x8c, 0x0, 0x0,

    /* U+0167 "ŧ" */
    0x0, 0x82, 0x0, 0x0, 0xf4, 0x0, 0x2f, 0xff,
    0xf6, 0x1, 0xf5, 0x10, 0x0, 0xf4, 0x0, 0x3f,
    0xff, 0xf4, 0x0, 0xf4, 0x0, 0x0, 0xf4, 0x0,
    0x0, 0xe7, 0x10, 0x0, 0x6e, 0xf6,

    /* U+0168 "Ũ" */
    0x0, 0x9c, 0x35, 0x60, 0x0, 0x19, 0x1b, 0xc1,
    0x0, 0x0, 0x0, 0x0, 0x0, 0x0, 0x0, 0x0,
    0x0, 0x0, 0xd7, 0x0, 0x0, 0x1f, 0x3d, 0x70,
    0x0, 0x1, 0xf3, 0xd7, 0x0, 0x0, 0x1f, 0x3d,
    0x70, 0x0, 0x1, 0xf3, 0xd7, 0x0, 0x0, 0x1f,
    0x3d, 0x70, 0x0, 0x1, 0xf3, 0xd7, 0x0, 0x0,
    0x2f, 0x2a, 0xb0, 0x0, 0x6, 0xf0, 0x3f, 0xb5,
    0x48, 0xf8, 0x0, 0x3b, 0xef, 0xd6, 0x0,

    /* U+0169 "ũ" */
    0x1b, 0xdd, 0xb2, 0x0, 0x0, 0x0, 0x0, 0xc7,
    0x0, 0xd, 0x6c, 0x70, 0x0, 0xd6, 0xc7, 0x0,
    0xd, 0x6c, 0x70, 0x0, 0xd6, 0xc7, 0x0, 0xd,
    0x6b, 0x80, 0x0, 0xf6, 0x7e, 0x32, 0xaf, 0x60,
    0x9f, 0xe6, 0xc6,

    /* U+016A "Ū" */
    0x0, 0xcf, 0xff, 0x20, 0x0, 0x1, 0x22, 0x20,
    0x0, 0x0, 0x0, 0x0, 0x0, 0xd, 0x70, 0x0,
    0x1, 0xf3, 0xd7, 0x0, 0x0, 0x1f, 0x3d, 0x70,
    0x0, 0x1, 0xf3, 0xd7, 0x0, 0x0, 0x1f, 0x3d,
    0x70, 0x0, 0x1, 0xf3, 0xd7, 0x0, 0x0, 0x1f,
    0x3d, 0x70, 0x0, 0x2, 0xf2, 0xab, 0x0, 0x0,
    0x6f, 0x3, 0xfb, 0x54, 0x8f, 0x80, 0x3, 0xbe,
    0xfd, 0x60, 0x0,

    /* U+016B "ū" */
    0xc, 0xff, 0xf4, 0x0, 0x1, 0x11, 0x0, 0xc7,
    0x0, 0xd, 0x6c, 0x70, 0x0, 0xd6, 0xc7, 0x0,
    0xd, 0x6c, 0x70, 0x0, 0xd6, 0xc7, 0x0, 0xd,
    0x6b, 0x80, 0x0, 0xf6, 0x7e, 0x32, 0xaf, 0x60,
    0x9f, 0xe6, 0xc6,

    /* U+016C "Ŭ" */
    0x0, 0x61, 0x6, 0x10, 0x0, 0x5, 0xde, 0x90,
    0x0, 0x0, 0x0, 0x0, 0x0, 0x0, 0x0, 0x0,
    0x0, 0x0, 0xd7, 0x0, 0x0, 0x1f, 0x3d, 0x70,
    0x0, 0x1, 0xf3, 0xd7, 0x0, 0x0, 0x1f, 0x3d,
    0x70, 0x0, 0x1, 0xf3, 0xd7, 0x0, 0x0, 0x1f,
    0x3d, 0x70, 0x0, 0x1, 0xf3, 0xd7, 0x0, 0x0,
    0x2f, 0x2a, 0xb0, 0x0, 0x6, 0xf0, 0x3f, 0xb5,
    0x48, 0xf8, 0x0, 0x3b, 0xef, 0xd6, 0x0,

    /* U+016D "ŭ" */
    0x7, 0xde, 0xb1, 0x0, 0x0, 0x0, 0x0, 0xc7,
    0x0, 0xd, 0x6c, 0x70, 0x0, 0xd6, 0xc7, 0x0,
    0xd, 0x6c, 0x70, 0x0, 0xd6, 0xc7, 0x0, 0xd,
    0x6b, 0x80, 0x0, 0xf6, 0x7e, 0x32, 0xaf, 0x60,
    0x9f, 0xe6, 0xc6,

    /* U+016E "Ů" */
    0x0, 0xa, 0xc2, 0x0, 0x0, 0x2, 0xa4, 0x80,
    0x0, 0x0, 0x9, 0xb2, 0x0, 0x0, 0x0, 0x0,
    0x0, 0x0, 0xd7, 0x0, 0x0, 0x1f, 0x3d, 0x70,
    0x0, 0x1, 0xf3, 0xd7, 0x0, 0x0, 0x1f, 0x3d,
    0x70, 0x0, 0x1, 0xf3, 0xd7, 0x0, 0x0, 0x1f,
    0x3d, 0x70, 0x0, 0x1, 0xf3, 0xd7, 0x0, 0x0,
    0x2f, 0x2a, 0xb0, 0x0, 0x6, 0xf0, 0x3f, 0xb5,
    0x48, 0xf8, 0x0, 0x3b, 0xef, 0xd6, 0x0,

    /* U+016F "ů" */
    0x0, 0x9b, 0x30, 0x0, 0x1b, 0x39, 0x0, 0x0,
    0x9c, 0x30, 0x0, 0x0, 0x0, 0x0, 0xc7, 0x0,
    0xd, 0x6c, 0x70, 0x0, 0xd6, 0xc7, 0x0, 0xd,
    0x6c, 0x70, 0x0, 0xd6, 0xc7, 0x0, 0xd, 0x6b,
    0x80, 0x0, 0xf6, 0x7e, 0x32, 0xaf, 0x60, 0x9f,
    0xe6, 0xc6,

    /* U+0170 "Ű" */
    0x0, 0x8, 0x99, 0x90, 0x0, 0x2, 0xe4, 0xe1,
    0x0, 0x0, 0x0, 0x0, 0x0, 0x0, 0x0, 0x0,
    0x0, 0x0, 0xd7, 0x0, 0x0, 0x1f, 0x3d, 0x70,
    0x0, 0x1, 0xf3, 0xd7, 0x0, 0x0, 0x1f, 0x3d,
    0x70, 0x0, 0x1, 0xf3, 0xd7, 0x0, 0x0, 0x1f,
    0x3d, 0x70, 0x0, 0x1, 0xf3, 0xd7, 0x0, 0x0,
    0x2f, 0x2a, 0xb0, 0x0, 0x6, 0xf0, 0x3f, 0xb5,
    0x48, 0xf8, 0x0, 0x3b, 0xef, 0xd6, 0x0,

    /* U+0171 "ű" */
    0x0, 0x9b, 0x9b, 0x0, 0x1d, 0x3d, 0x10, 0xc7,
    0x0, 0xd, 0x6c, 0x70, 0x0, 0xd6, 0xc7, 0x0,
    0xd, 0x6c, 0x70, 0x0, 0xd6, 0xc7, 0x0, 0xd,
    0x6b, 0x80, 0x0, 0xf6, 0x7e, 0x32, 0xaf, 0x60,
    0x9f, 0xe6, 0xc6,

    /* U+0172 "Ų" */
    0xd7, 0x0, 0x0, 0x1f, 0x3d, 0x70, 0x0, 0x1,
    0xf3, 0xd7, 0x0, 0x0, 0x1f, 0x3d, 0x70, 0x0,
    0x1, 0xf3, 0xd7, 0x0, 0x0, 0x1f, 0x3d, 0x70,
    0x0, 0x1, 0xf3, 0xd7, 0x0, 0x0, 0x2f, 0x2a,
    0xb0, 0x0, 0x6, 0xf0, 0x3f, 0xb5, 0x48, 0xf8,
    0x0, 0x3b, 0xef, 0xf6, 0x0, 0x0, 0x0, 0xb5,
    0x0, 0x0, 0x0, 0x3e, 0x0, 0x0, 0x0, 0x2,
    0xff, 0x30, 0x0, 0x0, 0x0, 0x0, 0x0,

    /* U+0173 "ų" */
    0xc7, 0x0, 0xd, 0x6c, 0x70, 0x0, 0xd6, 0xc7,
    0x0, 0xd, 0x6c, 0x70, 0x0, 0xd6, 0xc7, 0x0,
    0xd, 0x6b, 0x80, 0x0, 0xf6, 0x7e, 0x32, 0xaf,
    0x60, 0x9f, 0xe6, 0xf8, 0x0, 0x0, 0x2d, 0x10,
    0x0, 0xa, 0x81, 0x0, 0x0, 0x7f, 0xb0,

    /* U+0174 "Ŵ" */
    0x0, 0x0, 0x0, 0x67, 0x0, 0x0, 0x0, 0x0,
    0x0, 0x4, 0xcb, 0x70, 0x0, 0x0, 0x0, 0x0,
    0x6, 0x20, 0x70, 0x0, 0x0, 0x0, 0x0, 0x0,
    0x0, 0x0, 0x0, 0x0, 0x4f, 0x10, 0x0, 0xce,
    0x0, 0x0, 0xe7, 0xf, 0x60, 0x0, 0xff, 0x30,
    0x3, 0xf2, 0xb, 0xa0, 0x4, 0xfe, 0x70, 0x7,
    0xe0, 0x7, 0xe0, 0x9, 0xb9, 0xb0, 0xb, 0x90,
    0x2, 0xf2, 0xd, 0x75, 0xf0, 0xf, 0x50, 0x0,
    0xe6, 0x1f, 0x30, 0xf4, 0x4f, 0x10, 0x0, 0x9a,
    0x5e, 0x0, 0xc8, 0x8c, 0x0, 0x0, 0x5e, 0x9a,
    0x0, 0x7c, 0xc7, 0x0, 0x0, 0x1f, 0xf6, 0x0,
    0x3f, 0xf3, 0x0, 0x0, 0xc, 0xf1, 0x0, 0xe,
    0xe0, 0x0,

    /* U+0175 "ŵ" */
    0x0, 0x0, 0x3a, 0x86, 0x0, 0x0, 0x0, 0x0,
    0x20, 0x2, 0x0, 0x0, 0x8d, 0x0, 0xb, 0xe0,
    0x0, 0x9c, 0x3f, 0x10, 0xf, 0xf3, 0x0, 0xd7,
    0xe, 0x60, 0x4f, 0xb8, 0x2, 0xf2, 0x9, 0xa0,
    0x8a, 0x6c, 0x6, 0xe0, 0x4, 0xf0, 0xd6, 0x1f,
    0x1b, 0x90, 0x0, 0xf5, 0xf1, 0xd, 0x6f, 0x40,
    0x0, 0xad, 0xc0, 0x8, 0xdf, 0x0, 0x0, 0x5f,
    0x80, 0x3, 0xfa, 0x0,

    /* U+0176 "Ŷ" */
    0x0, 0x0, 0x48, 0x10, 0x0, 0x0, 0x1, 0xe8,
    0xb0, 0x0, 0x0, 0x4, 0x30, 0x61, 0x0, 0x0,
    0x0, 0x0, 0x0, 0x0, 0xc, 0xb0, 0x0, 0x2,
    0xf6, 0x2, 0xf5, 0x0, 0xb, 0xc0, 0x0, 0x8e,
    0x10, 0x5f, 0x20, 0x0, 0xd, 0x90, 0xe8, 0x0,
    0x0, 0x3, 0xfb, 0xd0, 0x0, 0x0, 0x0, 0x9f,
    0x30, 0x0, 0x0, 0x0, 0x5f, 0x0, 0x0, 0x0,
    0x0, 0x5f, 0x0, 0x0, 0x0, 0x0, 0x5f, 0x0,
    0x0, 0x0, 0x0, 0x5f, 0x0, 0x0,

    /* U+0177 "ŷ" */
    0x0, 0x4a, 0x95, 0x0, 0x0, 0x20, 0x2, 0x0,
    0x7d, 0x0, 0x0, 0xd8, 0x2f, 0x30, 0x2, 0xf2,
    0xc, 0x90, 0x7, 0xc0, 0x6, 0xe0, 0xd, 0x60,
    0x1, 0xf4, 0x2f, 0x10, 0x0, 0xa9, 0x7b, 0x0,
    0x0, 0x5f, 0xd5, 0x0, 0x0, 0xe, 0xe0, 0x0,
    0x0, 0x1a, 0x90, 0x0, 0x7, 0xfd, 0x10, 0x0,

    /* U+0178 "Ÿ" */
    0x0, 0x1, 0x10, 0x20, 0x0, 0x0, 0xa, 0xa0,
    0xf4, 0x0, 0x0, 0x3, 0x30, 0x51, 0x0, 0x0,
    0x0, 0x0, 0x0, 0x0, 0xc, 0xb0, 0x0, 0x2,
    0xf6, 0x2, 0xf5, 0x0, 0xb, 0xc0, 0x0, 0x8e,
    0x10, 0x5f, 0x20, 0x0, 0xd, 0x90, 0xe8, 0x0,
    0x0, 0x3, 0xfb, 0xd0, 0x0, 0x0, 0x0, 0x9f,
    0x30, 0x0, 0x0, 0x0, 0x5f, 0x0, 0x0, 0x0,
    0x0, 0x5f, 0x0, 0x0, 0x0, 0x0, 0x5f, 0x0,
    0x0, 0x0, 0x0, 0x5f, 0x0, 0x0,

    /* U+0179 "Ź" */
    0x0, 0x0, 0xaa, 0x0, 0x0, 0x1, 0xc1, 0x0,
    0x0, 0x0, 0x0, 0x0, 0x6f, 0xff, 0xff, 0xf9,
    0x13, 0x33, 0x35, 0xf6, 0x0, 0x0, 0xc, 0xa0,
    0x0, 0x0, 0x9d, 0x0, 0x0, 0x5, 0xf2, 0x0,
    0x0, 0x2f, 0x60, 0x0, 0x0, 0xd9, 0x0, 0x0,
    0xa, 0xd0, 0x0, 0x0, 0x6f, 0x63, 0x33, 0x32,
    0x9f, 0xff, 0xff, 0xfb,

    /* U+017A "ź" */
    0x0, 0x0, 0xc8, 0x0, 0x0, 0x3, 0xb0, 0x0,
    0x1f, 0xff, 0xff, 0xf2, 0x1, 0x11, 0x1a, 0xd0,
    0x0, 0x0, 0x7e, 0x20, 0x0, 0x5, 0xf3, 0x0,
    0x0, 0x4f, 0x40, 0x0, 0x2, 0xf6, 0x0, 0x0,
    0x1e, 0x91, 0x11, 0x10, 0x3f, 0xff, 0xff, 0xf4,

    /* U+017B "Ż" */
    0x0, 0x0, 0x10, 0x0, 0x0, 0x7, 0xd0, 0x0,
    0x0, 0x2, 0x40, 0x0, 0x0, 0x0, 0x0, 0x0,
    0x6f, 0xff, 0xff, 0xf9, 0x13, 0x33, 0x35, 0xf6,
    0x0, 0x0, 0xc, 0xa0, 0x0, 0x0, 0x9d, 0x0,
    0x0, 0x5, 0xf2, 0x0, 0x0, 0x2f, 0x60, 0x0,
    0x0, 0xd9, 0x0, 0x0, 0xa, 0xd0, 0x0, 0x0,
    0x6f, 0x63, 0x33, 0x32, 0x9f, 0xff, 0xff, 0xfb,

    /* U+017C "ż" */
    0x0, 0x9, 0xb0, 0x0, 0x0, 0x4, 0x50, 0x0,
    0x1f, 0xff, 0xff, 0xf2, 0x1, 0x11, 0x1a, 0xd0,
    0x0, 0x0, 0x7e, 0x20, 0x0, 0x5, 0xf3, 0x0,
    0x0, 0x4f, 0x40, 0x0, 0x2, 0xf6, 0x0, 0x0,
    0x1e, 0x91, 0x11, 0x10, 0x3f, 0xff, 0xff, 0xf4,

    /* U+017D "Ž" */
    0x0, 0x52, 0x7, 0x0, 0x0, 0x3d, 0x99, 0x0,
    0x0, 0x5, 0x70, 0x0, 0x0, 0x0, 0x0, 0x0,
    0x6f, 0xff, 0xff, 0xf9, 0x13, 0x33, 0x35, 0xf6,
    0x0, 0x0, 0xc, 0xa0, 0x0, 0x0, 0x9d, 0x0,
    0x0, 0x5, 0xf2, 0x0, 0x0, 0x2f, 0x60, 0x0,
    0x0, 0xd9, 0x0, 0x0, 0xa, 0xd0, 0x0, 0x0,
    0x6f, 0x63, 0x33, 0x32, 0x9f, 0xff, 0xff, 0xfb,

    /* U+017E "ž" */
    0x0, 0x79, 0x89, 0x0, 0x0, 0x4, 0x40, 0x0,
    0x1f, 0xff, 0xff, 0xf2, 0x1, 0x11, 0x1a, 0xd0,
    0x0, 0x0, 0x7e, 0x20, 0x0, 0x5, 0xf3, 0x0,
    0x0, 0x4f, 0x40, 0x0, 0x2, 0xf6, 0x0, 0x0,
    0x1e, 0x91, 0x11, 0x10, 0x3f, 0xff, 0xff, 0xf4,

    /* U+017F "ſ" */
    0x5e, 0xf4, 0xea, 0x30, 0xf5, 0x0, 0xf5, 0x0,
    0xf5, 0x0, 0xf5, 0x0, 0xf5, 0x0, 0xf5, 0x0,
    0xf5, 0x0, 0xf5, 0x0, 0xf5, 0x0,

    /* U+0180 "ƀ" */
    0x0, 0xf4, 0x0, 0x0, 0x3, 0xff, 0xff, 0x50,
    0x0, 0x2, 0xf6, 0x20, 0x0, 0x0, 0xf, 0x8c,
    0xfc, 0x30, 0x0, 0xff, 0x52, 0x9f, 0x10, 0xf,
    0x70, 0x0, 0xe8, 0x0, 0xf3, 0x0, 0xa, 0xa0,
    0xf, 0x30, 0x0, 0xba, 0x0, 0xf6, 0x0, 0xe,
    0x70, 0xf, 0xe4, 0x2a, 0xe1, 0x0, 0xf6, 0xdf,
    0xc2, 0x0,

    /* U+0181 "Ɓ" */
    0x7e, 0xff, 0xff, 0xfd, 0x70, 0xf, 0x8d, 0xb4,
    0x45, 0x8f, 0x60, 0xf3, 0xca, 0x0, 0x0, 0xbb,
    0x0, 0xc, 0xa0, 0x0, 0xa, 0xa0, 0x0, 0xca,
    0x0, 0x14, 0xd2, 0x0, 0xc, 0xff, 0xff, 0xfc,
    0x30, 0x0, 0xcb, 0x33, 0x46, 0xee, 0x0, 0xc,
    0xa0, 0x0, 0x4, 0xf4, 0x0, 0xca, 0x0, 0x0,
    0x4f, 0x30, 0xc, 0xb4, 0x44, 0x6e, 0xc0, 0x0,
    0xcf, 0xff, 0xfe, 0xa1, 0x0,

    /* U+0182 "Ƃ" */
    0xcf, 0xff, 0xff, 0xf2, 0xc, 0xb4, 0x44, 0x44,
    0x0, 0xca, 0x0, 0x0, 0x0, 0xc, 0xa0, 0x0,
    0x0, 0x0, 0xca, 0x0, 0x0, 0x0, 0xc, 0xff,
    0xff, 0xfb, 0x20, 0xcb, 0x33, 0x46, 0xed, 0xc,
    0xa0, 0x0, 0x5, 0xf3, 0xca, 0x0, 0x0, 0x5f,
    0x3c, 0xb3, 0x33, 0x5e, 0xd0, 0xcf, 0xff, 0xfe,
    0xa2, 0x0,

    /* U+0183 "ƃ" */
    0xf, 0xff, 0xff, 0xfa, 0xf, 0x51, 0x11, 0x10,
    0xf, 0x40, 0x0, 0x0, 0xf, 0x8c, 0xfc, 0x30,
    0xf, 0xf5, 0x29, 0xf1, 0xf, 0x70, 0x0, 0xe8,
    0xf, 0x30, 0x0, 0xaa, 0xf, 0x30, 0x0, 0xba,
    0xf, 0x60, 0x0, 0xe7, 0xf, 0xe4, 0x2a, 0xe1,
    0xf, 0x6d, 0xfc, 0x20,

    /* U+0184 "Ƅ" */
    0xf5, 0x0, 0x0, 0xf, 0x50, 0x0, 0x0, 0xf5,
    0x0, 0x0, 0xf, 0x50, 0x0, 0x0, 0xff, 0xff,
    0xd5, 0xf, 0x72, 0x37, 0xf4, 0xf5, 0x0, 0xb,
    0x9f, 0x60, 0x0, 0x9b, 0xd9, 0x0, 0xb, 0x96,
    0xf6, 0x25, 0xf4, 0x6, 0xdf, 0xe7, 0x0,

    /* U+0185 "ƅ" */
    0xf5, 0x0, 0x0, 0xf, 0x50, 0x0, 0x0, 0xf5,
    0x0, 0x0, 0xf, 0x8c, 0xfd, 0x40, 0xff, 0x52,
    0x9f, 0x1f, 0x80, 0x0, 0xd8, 0xf4, 0x0, 0xa,
    0xbf, 0x40, 0x0, 0xaa, 0xc7, 0x0, 0xd, 0x75,
    0xe5, 0x29, 0xe1, 0x7, 0xef, 0xc3, 0x0,

    /* U+0186 "Ɔ" */
    0x0, 0x4b, 0xef, 0xc6, 0x0, 0x0, 0x5f, 0xa4,
    0x48, 0xfa, 0x0, 0xe, 0xa0, 0x0, 0x4, 0xf6,
    0x0, 0x41, 0x0, 0x0, 0xc, 0xc0, 0x0, 0x0,
    0x0, 0x0, 0x8f, 0x0, 0x0, 0x0, 0x0, 0x6,
    0xf0, 0x0, 0x0, 0x0, 0x0, 0x7f, 0x2, 0xc2,
    0x0, 0x0, 0xb, 0xc0, 0xe, 0xa0, 0x0, 0x3,
    0xf5, 0x0, 0x5f, 0xa5, 0x48, 0xfb, 0x0, 0x0,
    0x3b, 0xef, 0xd7, 0x0, 0x0,

    /* U+0187 "Ƈ" */
    0x0, 0x7, 0xdf, 0xea, 0x2c, 0xf6, 0x0, 0xce,
    0x74, 0x5b, 0xff, 0x61, 0x9, 0xf2, 0x0, 0x0,
    0xcf, 0x10, 0xf, 0x90, 0x0, 0x0, 0x23, 0x0,
    0x2f, 0x50, 0x0, 0x0, 0x0, 0x0, 0x3f, 0x40,
    0x0, 0x0, 0x0, 0x0, 0x2f, 0x50, 0x0, 0x0,
    0x0, 0x0, 0xe, 0x80, 0x0, 0x0, 0x4c, 0x10,
    0x8, 0xe2, 0x0, 0x0, 0xcc, 0x0, 0x0, 0xde,
    0x63, 0x5c, 0xf3, 0x0, 0x0, 0x18, 0xdf, 0xea,
    0x20, 0x0,

    /* U+0188 "ƈ" */
    0x0, 0x0, 0x0, 0x7e, 0x80, 0x19, 0xef, 0xef,
    0x71, 0xc, 0xd3, 0x2b, 0xf3, 0x3, 0xf3, 0x0,
    0x18, 0x10, 0x5f, 0x0, 0x0, 0x0, 0x5, 0xf0,
    0x0, 0x0, 0x0, 0x2f, 0x30, 0x1, 0xe3, 0x0,
    0xbc, 0x32, 0xad, 0x0, 0x1, 0xaf, 0xfa, 0x10,
    0x0,

    /* U+0189 "Ɖ" */
    0xc, 0xff, 0xff, 0xe9, 0x10, 0x0, 0xcb, 0x44,
    0x47, 0xed, 0x0, 0xc, 0xa0, 0x0, 0x2, 0xf6,
    0x0, 0xca, 0x0, 0x0, 0xa, 0xd0, 0xc, 0xa0,
    0x0, 0x0, 0x7f, 0xf, 0xff, 0xff, 0x80, 0x6,
    0xf0, 0x3d, 0xb3, 0x32, 0x0, 0x7f, 0x0, 0xca,
    0x0, 0x0, 0xa, 0xc0, 0xc, 0xa0, 0x0, 0x2,
    0xf6, 0x0, 0xcb, 0x44, 0x57, 0xed, 0x0, 0xc,
    0xff, 0xff, 0xd9, 0x10, 0x0,

    /* U+018A "Ɗ" */
    0x8e, 0xff, 0xff, 0xfe, 0x91, 0x0, 0xf8, 0xdb,
    0x44, 0x47, 0xed, 0x0, 0xd3, 0xca, 0x0, 0x0,
    0x2f, 0x70, 0x0, 0xca, 0x0, 0x0, 0xa, 0xd0,
    0x0, 0xca, 0x0, 0x0, 0x7, 0xf0, 0x0, 0xca,
    0x0, 0x0, 0x6, 0xf0, 0x0, 0xca, 0x0, 0x0,
    0x7, 0xf0, 0x0, 0xca, 0x0, 0x0, 0xa, 0xd0,
    0x0, 0xca, 0x0, 0x0, 0x2f, 0x70, 0x0, 0xcb,
    0x44, 0x57, 0xed, 0x0, 0x0, 0xcf, 0xff, 0xfd,
    0x81, 0x0,

    /* U+018B "Ƌ" */
    0x5, 0xff, 0xff, 0xff, 0xa0, 0x14, 0x44, 0x44,
    0xda, 0x0, 0x0, 0x0, 0xc, 0xa0, 0x0, 0x0,
    0x0, 0xca, 0x0, 0x0, 0x0, 0xc, 0xa0, 0x3c,
    0xff, 0xff, 0xfa, 0x1f, 0xc5, 0x33, 0x3d, 0xa6,
    0xf2, 0x0, 0x0, 0xca, 0x5f, 0x20, 0x0, 0xc,
    0xa1, 0xec, 0x53, 0x33, 0xda, 0x3, 0xbf, 0xff,
    0xff, 0xa0,

    /* U+018C "ƌ" */
    0x5f, 0xff, 0xff, 0xf6, 0x1, 0x11, 0x11, 0xf6,
    0x0, 0x0, 0x0, 0xf6, 0x1, 0xaf, 0xe7, 0xf6,
    0xb, 0xd3, 0x3c, 0xf6, 0x2f, 0x30, 0x2, 0xf6,
    0x5f, 0x0, 0x0, 0xe6, 0x4f, 0x0, 0x0, 0xd6,
    0x2f, 0x30, 0x0, 0xf6, 0xa, 0xc1, 0x9, 0xf6,
    0x0, 0x9e, 0xe8, 0xd6,

    /* U+018D "ƍ" */
    0x1, 0x9e, 0xfc, 0x30, 0xb, 0xd3, 0x29, 0xf1,
    0x3f, 0x20, 0x0, 0xd9, 0x6e, 0x0, 0x0, 0x9b,
    0x6e, 0x0, 0x0, 0x9c, 0x3f, 0x20, 0x0, 0xd9,
    0xc, 0xc3, 0x29, 0xf2, 0x1, 0xcf, 0xfd, 0x40,
    0x0, 0x8, 0xe4, 0x0, 0x0, 0x11, 0x5e, 0x90,
    0x9, 0xff, 0xff, 0xf6,

    /* U+018E "Ǝ" */
    0xf, 0xff, 0xff, 0xff, 0xd0, 0x44, 0x44, 0x44,
    0xbd, 0x0, 0x0, 0x0, 0x9, 0xd0, 0x0, 0x0,
    0x0, 0x9d, 0x0, 0x0, 0x0, 0xa, 0xd0, 0x8f,
    0xff, 0xff, 0xfd, 0x2, 0x33, 0x33, 0x3b, 0xd0,
    0x0, 0x0, 0x0, 0x9d, 0x0, 0x0, 0x0, 0x9,
    0xd0, 0x44, 0x44, 0x44, 0xbd, 0x3f, 0xff, 0xff,
    0xff, 0xd0,

    /* U+018F "Ə" */
    0x0, 0x3b, 0xef, 0xd7, 0x0, 0x0, 0x4f, 0xb5,
    0x47, 0xfc, 0x0, 0x9, 0x80, 0x0, 0x2, 0xf7,
    0x0, 0x0, 0x0, 0x0, 0x9, 0xd0, 0x5f, 0xff,
    0xff, 0xff, 0xff, 0x4, 0xf5, 0x33, 0x33, 0x38,
    0xf0, 0x1f, 0x50, 0x0, 0x0, 0x8d, 0x0, 0xbd,
    0x0, 0x0, 0x2e, 0x70, 0x2, 0xec, 0x54, 0x7e,
    0xc0, 0x0, 0x1, 0xae, 0xfd, 0x70, 0x0,

    /* U+0190 "Ɛ" */
    0x0, 0x6d, 0xfd, 0x60, 0x0, 0x6f, 0x85, 0x8f,
    0x70, 0xd, 0xa0, 0x0, 0x7f, 0x0, 0xe9, 0x0,
    0x1, 0x81, 0x7, 0xf5, 0x0, 0x0, 0x0, 0xc,
    0xff, 0x50, 0x0, 0xd, 0xd6, 0x31, 0x0, 0x4,
    0xf3, 0x0, 0x0, 0x30, 0x4f, 0x40, 0x0, 0x5f,
    0x30, 0xde, 0x64, 0x7f, 0xa0, 0x1, 0x9d, 0xfd,
    0x80, 0x0,

    /* U+0191 "Ƒ" */
    0x0, 0xcf, 0xff, 0xff, 0xf7, 0x0, 0xcb, 0x44,
    0x44, 0x41, 0x0, 0xca, 0x0, 0x0, 0x0, 0x0,
    0xca, 0x0, 0x0, 0x0, 0x0, 0xca, 0x0, 0x0,
    0x0, 0x0, 0xcf, 0xff, 0xff, 0xa0, 0x0, 0xcb,
    0x33, 0x33, 0x20, 0x0, 0xca, 0x0, 0x0, 0x0,
    0x0, 0xca, 0x0, 0x0, 0x0, 0x0, 0xca, 0x0,
    0x0, 0x0, 0x0, 0xca, 0x0, 0x0, 0x0, 0x1,
    0xd9, 0x0, 0x0, 0x0, 0x3f, 0xf4, 0x0, 0x0,
    0x0, 0x2, 0x10, 0x0, 0x0, 0x0,

    /* U+0192 "ƒ" */
    0x0, 0x0, 0xaf, 0xf1, 0x0, 0x5, 0xe2, 0x10,
    0x0, 0xdf, 0xff, 0xf1, 0x0, 0x1c, 0xa1, 0x10,
    0x0, 0xc, 0x60, 0x0, 0x0, 0xe, 0x40, 0x0,
    0x0, 0xf, 0x30, 0x0, 0x0, 0x2f, 0x10, 0x0,
    0x1, 0x7e, 0x0, 0x0, 0x1f, 0xe4, 0x0, 0x0,

    /* U+0193 "Ɠ" */
    0x0, 0x6, 0xce, 0xfc, 0x47, 0xfc, 0x0, 0xaf,
    0x84, 0x48, 0xff, 0xa2, 0x7, 0xf3, 0x0, 0x0,
    0x5f, 0x60, 0xd, 0xa0, 0x0, 0x0, 0x1, 0x0,
    0x1f, 0x60, 0x0, 0x0, 0x0, 0x0, 0x3f, 0x40,
    0x0, 0xdf, 0xff, 0xb0, 0x2f, 0x50, 0x0, 0x33,
    0x3b, 0xb0, 0xe, 0x90, 0x0, 0x0, 0xa, 0xb0,
    0x7, 0xf4, 0x0, 0x0, 0xc, 0xb0, 0x0, 0xaf,
    0xa5, 0x58, 0xef, 0x50, 0x0, 0x5, 0xcf, 0xfd,
    0x91, 0x0,

    /* U+0194 "Ɣ" */
    0xcb, 0x0, 0x0, 0x0, 0xe8, 0x5f, 0x20, 0x0,
    0x6, 0xf1, 0xe, 0x90, 0x0, 0xd, 0xa0, 0x7,
    0xf1, 0x0, 0x3f, 0x30, 0x1, 0xf7, 0x0, 0xac,
    0x0, 0x0, 0xad, 0x1, 0xf6, 0x0, 0x0, 0x3f,
    0x48, 0xe0, 0x0, 0x0, 0xc, 0xbe, 0x80, 0x0,
    0x0, 0x5, 0xff, 0x10, 0x0, 0x0, 0x0, 0xeb,
    0x0, 0x0, 0x0, 0x3, 0xfe, 0x0, 0x0, 0x0,
    0x9, 0xdf, 0x50, 0x0, 0x0, 0xb, 0x9c, 0x70,
    0x0, 0x0, 0x5, 0xed, 0x20, 0x0,

    /* U+0195 "ƕ" */
    0xf5, 0x0, 0x0, 0x0, 0x0, 0xf, 0x50, 0x0,
    0x0, 0x0, 0x0, 0xf5, 0x0, 0x0, 0x0, 0x0,
    0xf, 0x7c, 0xfc, 0x30, 0xa, 0xb0, 0xff, 0x53,
    0xcd, 0x0, 0x3f, 0x2f, 0x80, 0x5, 0xf0, 0x0,
    0xe6, 0xf5, 0x0, 0x4f, 0x0, 0xc, 0x9f, 0x50,
    0x4, 0xf0, 0x0, 0xb9, 0xf5, 0x0, 0x3f, 0x20,
    0xe, 0x6f, 0x50, 0x0, 0xe9, 0x18, 0xf1, 0xf5,
    0x0, 0x3, 0xcf, 0xd4, 0x0,

    /* U+0196 "Ɩ" */
    0xf5, 0xf, 0x50, 0xf5, 0xf, 0x50, 0xf5, 0xf,
    0x50, 0xf5, 0xf, 0x50, 0xf5, 0xf, 0x92, 0x8f,
    0x90,

    /* U+0197 "Ɨ" */
    0x4, 0xf2, 0x0, 0x4f, 0x20, 0x4, 0xf2, 0x0,
    0x4f, 0x20, 0x4, 0xf2, 0xe, 0xef, 0xec, 0x15,
    0xf3, 0x10, 0x4f, 0x20, 0x4, 0xf2, 0x0, 0x4f,
    0x20, 0x4, 0xf2, 0x0,

    /* U+0198 "Ƙ" */
    0xe8, 0x0, 0x1, 0xbf, 0xa0, 0xe8, 0x0, 0x1d,
    0xc6, 0xf4, 0xe8, 0x0, 0xcc, 0x0, 0x0, 0xe8,
    0xb, 0xd0, 0x0, 0x0, 0xe8, 0xaf, 0x60, 0x0,
    0x0, 0xee, 0xeb, 0xf1, 0x0, 0x0, 0xef, 0x31,
    0xec, 0x0, 0x0, 0xe8, 0x0, 0x4f, 0x70, 0x0,
    0xe8, 0x0, 0x9, 0xf3, 0x0, 0xe8, 0x0, 0x0,
    0xed, 0x0, 0xe8, 0x0, 0x0, 0x4f, 0x90,

    /* U+0199 "ƙ" */
    0x7, 0xfa, 0x0, 0x0, 0xe, 0x71, 0x0, 0x0,
    0xf, 0x50, 0x0, 0x0, 0xf, 0x50, 0x2e, 0xa0,
    0xf, 0x52, 0xea, 0x0, 0xf, 0x6d, 0xa0, 0x0,
    0xf, 0xff, 0x80, 0x0, 0xf, 0xa6, 0xf2, 0x0,
    0xf, 0x50, 0xcc, 0x0, 0xf, 0x50, 0x2f, 0x70,
    0xf, 0x50, 0x7, 0xf2,

    /* U+019A "ƚ" */
    0x3, 0xf1, 0x0, 0x3f, 0x10, 0x3, 0xf1, 0x0,
    0x3f, 0x10, 0xee, 0xfe, 0xc1, 0x4f, 0x21, 0x3,
    0xf1, 0x0, 0x3f, 0x10, 0x3, 0xf1, 0x0, 0x2f,
    0x61, 0x0, 0xbf, 0x50,

    /* U+019B "ƛ" */
    0x0, 0xe9, 0x72, 0x0, 0x5, 0xdf, 0xa2, 0x0,
    0x9, 0x7f, 0x30, 0x0, 0x0, 0x1f, 0x90, 0x0,
    0x0, 0x6f, 0xe0, 0x0, 0x0, 0xca, 0xf5, 0x0,
    0x2, 0xf3, 0xba, 0x0, 0x8, 0xd0, 0x5f, 0x10,
    0xd, 0x80, 0xf, 0x60, 0x3f, 0x20, 0x9, 0xc0,
    0x9c, 0x0, 0x4, 0xf2,

    /* U+019C "Ɯ" */
    0xf, 0x40, 0x6, 0xe0, 0x0, 0xc8, 0xf, 0x40,
    0x6, 0xe0, 0x0, 0xc8, 0xf, 0x40, 0x6, 0xe0,
    0x0, 0xc8, 0xf, 0x40, 0x6, 0xe0, 0x0, 0xc8,
    0xf, 0x40, 0x6, 0xe0, 0x0, 0xc8, 0xf, 0x40,
    0x6, 0xe0, 0x0, 0xc8, 0xf, 0x40, 0x6, 0xe0,
    0x0, 0xc8, 0xf, 0x40, 0x6, 0xe0, 0x0, 0xc8,
    0xf, 0x50, 0x8, 0xf0, 0x0, 0xe8, 0xd, 0xa0,
    0x3e, 0xf4, 0x7, 0xf8, 0x3, 0xdf, 0xc3, 0x9f,
    0xf9, 0xa8,

    /* U+019D "Ɲ" */
    0x0, 0xde, 0x10, 0x0, 0xb, 0xa0, 0xd, 0xf9,
    0x0, 0x0, 0xba, 0x0, 0xdd, 0xf4, 0x0, 0xb,
    0xa0, 0xd, 0x8b, 0xd0, 0x0, 0xba, 0x0, 0xd8,
    0x1f, 0x80, 0xb, 0xa0, 0xd, 0x80, 0x6f, 0x30,
    0xba, 0x0, 0xd8, 0x0, 0xbd, 0xb, 0xa0, 0xd,
    0x80, 0x2, 0xf8, 0xba, 0x0, 0xd8, 0x0, 0x7,
    0xfd, 0xa0, 0xd, 0x80, 0x0, 0xc, 0xfa, 0x0,
    0xd8, 0x0, 0x0, 0x2f, 0xa0, 0x1e, 0x70, 0x0,
    0x0, 0x0, 0x3f, 0xf3, 0x0, 0x0, 0x0, 0x0,
    0x21, 0x0, 0x0, 0x0, 0x0,

    /* U+019E "ƞ" */
    0xf6, 0xcf, 0xd6, 0xf, 0xe3, 0x7, 0xf1, 0xf7,
    0x0, 0xf, 0x5f, 0x50, 0x0, 0xf5, 0xf5, 0x0,
    0xf, 0x5f, 0x50, 0x0, 0xf5, 0xf5, 0x0, 0xf,
    0x5f, 0x50, 0x0, 0xf5, 0x0, 0x0, 0xf, 0x50,
    0x0, 0x0, 0xf5, 0x0, 0x0, 0xf, 0x50,

    /* U+019F "Ɵ" */
    0x0, 0x7, 0xdf, 0xfb, 0x40, 0x0, 0xc, 0xf8,
    0x45, 0xaf, 0x70, 0x8, 0xf2, 0x0, 0x0, 0x7f,
    0x30, 0xf8, 0x0, 0x0, 0x0, 0xda, 0x3f, 0x40,
    0x0, 0x0, 0xa, 0xe4, 0xff, 0xff, 0xff, 0xff,
    0xff, 0x3f, 0x62, 0x22, 0x22, 0x2a, 0xe0, 0xf8,
    0x0, 0x0, 0x0, 0xda, 0x8, 0xf2, 0x0, 0x0,
    0x7f, 0x30, 0xc, 0xf8, 0x45, 0xaf, 0x70, 0x0,
    0x7, 0xdf, 0xfb, 0x40, 0x0,

    /* U+01A0 "Ơ" */
    0x0, 0x0, 0x0, 0x0, 0x89, 0x0, 0x0, 0x0,
    0x0, 0x7, 0xa0, 0x0, 0x0, 0x0, 0x0, 0x89,
    0x0, 0x2, 0x9e, 0xfe, 0xfb, 0x10, 0x2, 0xec,
    0x64, 0x5c, 0xf3, 0x0, 0xcc, 0x0, 0x0, 0xb,
    0xd0, 0x2f, 0x40, 0x0, 0x0, 0x2f, 0x34, 0xf1,
    0x0, 0x0, 0x0, 0xf5, 0x4f, 0x10, 0x0, 0x0,
    0xf, 0x52, 0xf4, 0x0, 0x0, 0x2, 0xf3, 0xc,
    0xc0, 0x0, 0x0, 0xbd, 0x0, 0x3f, 0xc6, 0x45,
    0xcf, 0x30, 0x0, 0x29, 0xef, 0xea, 0x20, 0x0,

    /* U+01A1 "ơ" */
    0x0, 0x0, 0x0, 0x4c, 0x0, 0x0, 0x0, 0x5e,
    0x0, 0x8e, 0xff, 0xf6, 0xa, 0xe5, 0x39, 0xf3,
    0x1f, 0x40, 0x0, 0xbb, 0x4f, 0x0, 0x0, 0x7e,
    0x4f, 0x0, 0x0, 0x7e, 0x1f, 0x40, 0x0, 0xbb,
    0xa, 0xe5, 0x38, 0xf3, 0x0, 0x8e, 0xfc, 0x40,

    /* U+01A2 "Ƣ" */
    0x0, 0x7, 0xdf, 0xeb, 0x37, 0xdf, 0xb2, 0x0,
    0xc, 0xf8, 0x55, 0xbf, 0xf8, 0x5c, 0xd0, 0x8,
    0xf3, 0x0, 0x0, 0x8f, 0x30, 0x4f, 0x20, 0xf8,
    0x0, 0x0, 0x0, 0xea, 0x2, 0xf3, 0x3f, 0x40,
    0x0, 0x0, 0x9, 0xe0, 0x2f, 0x44, 0xf3, 0x0,
    0x0, 0x0, 0x8f, 0x2, 0xf4, 0x3f, 0x30, 0x0,
    0x0, 0x9, 0xe0, 0x2f, 0x40, 0xf7, 0x0, 0x0,
    0x0, 0xca, 0x2, 0xf4, 0x8, 0xe1, 0x0, 0x0,
    0x4f, 0x30, 0x2f, 0x40, 0xc, 0xd4, 0x11, 0x6f,
    0x70, 0x2, 0xf4, 0x0, 0x7, 0xdf, 0xfb, 0x40,
    0x0, 0x2f, 0x40,

    /* U+01A3 "ƣ" */
    0x0, 0x9e, 0xfb, 0x8e, 0xfa, 0x0, 0xcd, 0x43,
    0xaf, 0x83, 0xe7, 0x4f, 0x20, 0x0, 0xd9, 0xa,
    0xa6, 0xf0, 0x0, 0x9, 0xc0, 0x9b, 0x6f, 0x0,
    0x0, 0x9c, 0x9, 0xb4, 0xf2, 0x0, 0xd, 0x90,
    0x9b, 0xc, 0xd3, 0x29, 0xf2, 0x9, 0xb0, 0x19,
    0xef, 0xb3, 0x0, 0x9b, 0x0, 0x0, 0x0, 0x0,
    0x9, 0xb0, 0x0, 0x0, 0x0, 0x0, 0x9b, 0x0,
    0x0, 0x0, 0x0, 0x9, 0xb0,

    /* U+01A4 "Ƥ" */
    0x8f, 0xff, 0xff, 0xff, 0xb2, 0xf, 0x8e, 0xb4,
    0x44, 0x5d, 0xe0, 0xb2, 0xd9, 0x0, 0x0, 0x3f,
    0x40, 0xd, 0x90, 0x0, 0x3, 0xf4, 0x0, 0xda,
    0x0, 0x13, 0xce, 0x0, 0xd, 0xff, 0xff, 0xfd,
    0x30, 0x0, 0xdb, 0x33, 0x32, 0x0, 0x0, 0xd,
    0x90, 0x0, 0x0, 0x0, 0x0, 0xd9, 0x0, 0x0,
    0x0, 0x0, 0xd, 0x90, 0x0, 0x0, 0x0, 0x0,
    0xd9, 0x0, 0x0, 0x0, 0x0,

    /* U+01A5 "ƥ" */
    0x0, 0x0, 0x5e, 0x90, 0x0, 0xd, 0x71, 0xf7,
    0xce, 0xf7, 0xf, 0xe2, 0x5, 0xf3, 0xf7, 0x0,
    0xc, 0x9f, 0x40, 0x0, 0x9b, 0xf4, 0x0, 0xa,
    0xaf, 0x70, 0x0, 0xd7, 0xff, 0x52, 0x9e, 0x1f,
    0x8c, 0xfc, 0x30, 0xf5, 0x0, 0x0, 0xf, 0x50,
    0x0, 0x0, 0xf5, 0x0, 0x0, 0x0,

    /* U+01A6 "Ʀ" */
    0xca, 0x0, 0x0, 0x0, 0x0, 0xc, 0xff, 0xff,
    0xfd, 0x70, 0x0, 0xcb, 0x33, 0x34, 0x9f, 0x50,
    0xc, 0xa0, 0x0, 0x0, 0xdb, 0x0, 0xca, 0x0,
    0x0, 0xc, 0xb0, 0xc, 0xa0, 0x0, 0x17, 0xf6,
    0x0, 0xcf, 0xff, 0xff, 0xd6, 0x0, 0xc, 0xb3,
    0x48, 0xf6, 0x0, 0x0, 0xca, 0x0, 0x8, 0xf5,
    0x0, 0xc, 0xa0, 0x0, 0xc, 0xe1, 0x0, 0xca,
    0x0, 0x0, 0x3f, 0x90, 0x0, 0x0, 0x0, 0x0,
    0x9f, 0x20, 0x0, 0x0, 0x0, 0x1, 0xec, 0x0,

    /* U+01A7 "Ƨ" */
    0x0, 0x4b, 0xef, 0xc5, 0x0, 0x5, 0xfa, 0x55,
    0x8f, 0x70, 0xc, 0xb0, 0x0, 0x8, 0xd0, 0x3,
    0x20, 0x0, 0xa, 0xc0, 0x0, 0x1, 0x59, 0xdf,
    0x40, 0x1, 0xaf, 0xfd, 0x92, 0x0, 0xd, 0xe6,
    0x10, 0x0, 0x0, 0x2f, 0x30, 0x0, 0x1, 0xa2,
    0x1f, 0x50, 0x0, 0x7, 0xf1, 0xa, 0xf8, 0x56,
    0xaf, 0x90, 0x0, 0x6d, 0xff, 0xc6, 0x0,

    /* U+01A8 "ƨ" */
    0x3, 0xcf, 0xea, 0x10, 0xe, 0xa2, 0x2c, 0xa0,
    0x3, 0x10, 0xa, 0xc0, 0x1, 0x7c, 0xff, 0x40,
    0x2f, 0xe9, 0x50, 0x0, 0x5f, 0x10, 0x3, 0x80,
    0x2f, 0x72, 0x3d, 0xa0, 0x4, 0xcf, 0xe9, 0x10,

    /* U+01A9 "Ʃ" */
    0x4f, 0xff, 0xff, 0xff, 0x2, 0xfb, 0x44, 0x44,
    0x40, 0x5, 0xf5, 0x0, 0x0, 0x0, 0x6, 0xf4,
    0x0, 0x0, 0x0, 0x8, 0xf3, 0x0, 0x0, 0x0,
    0x1f, 0xa0, 0x0, 0x0, 0xc, 0xd0, 0x0, 0x0,
    0x9, 0xe2, 0x0, 0x0, 0x7, 0xf4, 0x0, 0x0,
    0x3, 0xfa, 0x44, 0x44, 0x41, 0x4f, 0xff, 0xff,
    0xff, 0x50,

    /* U+01AA "ƪ" */
    0xb, 0xc9, 0x0, 0x6, 0x50, 0xd5, 0x0, 0x57,
    0x1e, 0x90, 0x0, 0x7a, 0xd9, 0x0, 0x0, 0xc,
    0x90, 0x0, 0x0, 0xc9, 0x0, 0x0, 0xc, 0x90,
    0x0, 0x0, 0xc9, 0x0, 0x0, 0xc, 0x90, 0x0,
    0x0, 0xc9, 0x0, 0x0, 0xc, 0x90, 0x0, 0x0,
    0xba, 0x0, 0x0, 0x7, 0xff, 0x0, 0x0, 0x2,
    0x20,

    /* U+01AB "ƫ" */
    0x2, 0x40, 0x0, 0xc8, 0x0, 0xc, 0x80, 0xc,
    0xff, 0xd0, 0xc, 0x80, 0x0, 0xc8, 0x0, 0xc,
    0x80, 0x0, 0xc8, 0x0, 0xc, 0x80, 0x0, 0xbb,
    0x40, 0x5, 0xff, 0x0, 0x3, 0xf0, 0x8, 0xfb,
    0x0, 0x1, 0x0,

    /* U+01AC "Ƭ" */
    0x3e, 0xff, 0xff, 0xff, 0x39, 0xc4, 0x6f, 0x74,
    0x41, 0x87, 0x2, 0xf4, 0x0, 0x0, 0x0, 0x2f,
    0x40, 0x0, 0x0, 0x2, 0xf4, 0x0, 0x0, 0x0,
    0x2f, 0x40, 0x0, 0x0, 0x2, 0xf4, 0x0, 0x0,
    0x0, 0x2f, 0x40, 0x0, 0x0, 0x2, 0xf4, 0x0,
    0x0, 0x0, 0x2f, 0x40, 0x0, 0x0, 0x2, 0xf4,
    0x0, 0x0,

    /* U+01AD "ƭ" */
    0x5, 0xee, 0x0, 0xbb, 0x30, 0xc, 0x80, 0xc,
    0xff, 0xd0, 0xc, 0x80, 0x0, 0xc8, 0x0, 0xc,
    0x80, 0x0, 0xc8, 0x0, 0xc, 0x80, 0x0, 0xbb,
    0x30, 0x5, 0xee, 0x0,

    /* U+01AE "Ʈ" */
    0xaf, 0xff, 0xff, 0xff, 0xd3, 0x44, 0x6f, 0x74,
    0x43, 0x0, 0x2, 0xf4, 0x0, 0x0, 0x0, 0x2f,
    0x40, 0x0, 0x0, 0x2, 0xf4, 0x0, 0x0, 0x0,
    0x2f, 0x40, 0x0, 0x0, 0x2, 0xf4, 0x0, 0x0,
    0x0, 0x2f, 0x40, 0x0, 0x0, 0x2, 0xf4, 0x0,
    0x0, 0x0, 0x2f, 0x40, 0x0, 0x0, 0x2, 0xf4,
    0x0, 0x0, 0x0, 0x2f, 0x40, 0x0, 0x0, 0x1,
    0xf9, 0x30, 0x0, 0x0, 0x9, 0xfa, 0x0,

    /* U+01AF "Ư" */
    0x0, 0x0, 0x0, 0x0, 0x98, 0x0, 0x0, 0x0,
    0x0, 0x7a, 0x0, 0x0, 0x0, 0x0, 0x98, 0xd7,
    0x0, 0x0, 0x1f, 0xc1, 0xd7, 0x0, 0x0, 0x1f,
    0x30, 0xd7, 0x0, 0x0, 0x1f, 0x30, 0xd7, 0x0,
    0x0, 0x1f, 0x30, 0xd7, 0x0, 0x0, 0x1f, 0x30,
    0xd7, 0x0, 0x0, 0x1f, 0x30, 0xd7, 0x0, 0x0,
    0x2f, 0x20, 0xab, 0x0, 0x0, 0x6f, 0x0, 0x3f,
    0xb5, 0x48, 0xf8, 0x0, 0x3, 0xbe, 0xfd, 0x60,
    0x0,

    /* U+01B0 "ư" */
    0x0, 0x0, 0x0, 0x6b, 0x0, 0x0, 0x0, 0x6c,
    0xc7, 0x0, 0xf, 0xf3, 0xc7, 0x0, 0xd, 0x60,
    0xc7, 0x0, 0xd, 0x60, 0xc7, 0x0, 0xd, 0x60,
    0xc7, 0x0, 0xd, 0x60, 0xb8, 0x0, 0xf, 0x60,
    0x7e, 0x32, 0xaf, 0x60, 0x9, 0xfe, 0x6c, 0x60,

    /* U+01B1 "Ʊ" */
    0xff, 0xc1, 0x0, 0xaf, 0xf3, 0x48, 0xf2, 0x0,
    0xfb, 0x40, 0x7, 0xe0, 0x0, 0xba, 0x0, 0xe,
    0x70, 0x0, 0x4f, 0x20, 0x6f, 0x10, 0x0, 0xd,
    0x90, 0xbb, 0x0, 0x0, 0x8, 0xe0, 0xd9, 0x0,
    0x0, 0x6, 0xf0, 0xcc, 0x0, 0x0, 0x8, 0xf0,
    0x7f, 0x40, 0x0, 0x1f, 0xa0, 0xb, 0xf7, 0x46,
    0xed, 0x10, 0x0, 0x7d, 0xfe, 0x91, 0x0,

    /* U+01B2 "Ʋ" */
    0xbc, 0x0, 0x0, 0x1e, 0xe2, 0x5f, 0x20, 0x0,
    0x3, 0xf3, 0xe, 0x70, 0x0, 0x2, 0xf1, 0x9,
    0xd0, 0x0, 0x5, 0xe0, 0x3, 0xf2, 0x0, 0xa,
    0x90, 0x0, 0xd8, 0x0, 0x1f, 0x30, 0x0, 0x7d,
    0x0, 0x6d, 0x0, 0x0, 0x1f, 0x30, 0xe6, 0x0,
    0x0, 0xb, 0x95, 0xe0, 0x0, 0x0, 0x5, 0xed,
    0x70, 0x0, 0x0, 0x0, 0xee, 0x0, 0x0,

    /* U+01B3 "Ƴ" */
    0x4e, 0xe5, 0x0, 0x0, 0xc, 0xd0, 0x4, 0x7f,
    0x50, 0x0, 0x6f, 0x30, 0x0, 0x8, 0xe1, 0x1,
    0xf8, 0x0, 0x0, 0x0, 0xd8, 0xa, 0xd0, 0x0,
    0x0, 0x0, 0x6e, 0x5f, 0x30, 0x0, 0x0, 0x0,
    0xe, 0xf8, 0x0, 0x0, 0x0, 0x0, 0x9, 0xf0,
    0x0, 0x0, 0x0, 0x0, 0x8, 0xe0, 0x0, 0x0,
    0x0, 0x0, 0x8, 0xe0, 0x0, 0x0, 0x0, 0x0,
    0x8, 0xe0, 0x0, 0x0, 0x0, 0x0, 0x8, 0xe0,
    0x0, 0x0,

    /* U+01B4 "ƴ" */
    0x9d, 0x0, 0x0, 0x9e, 0x80, 0x3f, 0x30, 0x5,
    0xe3, 0xf2, 0xd, 0x80, 0xc, 0x70, 0x30, 0x7,
    0xe0, 0x2f, 0x10, 0x0, 0x1, 0xf4, 0x8b, 0x0,
    0x0, 0x0, 0xb9, 0xe5, 0x0, 0x0, 0x0, 0x5f,
    0xe0, 0x0, 0x0, 0x0, 0xe, 0x90, 0x0, 0x0,
    0x0, 0x1f, 0x30, 0x0, 0x0, 0x15, 0xbb, 0x0,
    0x0, 0x0, 0x1f, 0xd1, 0x0, 0x0, 0x0,

    /* U+01B5 "Ƶ" */
    0x1f, 0xff, 0xff, 0xff, 0x90, 0x44, 0x44, 0x49,
    0xf6, 0x0, 0x0, 0x2, 0xfb, 0x0, 0x0, 0x0,
    0xce, 0x10, 0x0, 0x0, 0x8f, 0x40, 0x0, 0x9e,
    0xef, 0xfe, 0x70, 0x1, 0x4f, 0xa1, 0x10, 0x0,
    0x1d, 0xc0, 0x0, 0x0, 0xb, 0xd1, 0x0, 0x0,
    0x8, 0xf7, 0x44, 0x44, 0x43, 0xbf, 0xff, 0xff,
    0xff, 0xc0,

    /* U+01B6 "ƶ" */
    0x6f, 0xff, 0xff, 0xe0, 0x1, 0x11, 0x3f, 0x70,
    0x0, 0x1, 0xda, 0x0, 0x4e, 0xef, 0xff, 0xc0,
    0x1, 0xbe, 0x21, 0x10, 0x7, 0xf2, 0x0, 0x0,
    0x5f, 0x62, 0x22, 0x20, 0xbf, 0xff, 0xff, 0xf3,

    /* U+01B7 "Ʒ" */
    0xd, 0xff, 0xff, 0xff, 0x10, 0x34, 0x44, 0x7f,
    0x80, 0x0, 0x0, 0x4f, 0x60, 0x0, 0x0, 0x6f,
    0x50, 0x0, 0x0, 0xe, 0xfd, 0x81, 0x0, 0x0,
    0x32, 0x4c, 0xe1, 0x0, 0x0, 0x0, 0xd, 0x81,
    0x60, 0x0, 0x0, 0xab, 0x3f, 0x50, 0x0, 0x1e,
    0x80, 0xaf, 0x74, 0x6d, 0xe1, 0x0, 0x7d, 0xfe,
    0xa1, 0x0,

    /* U+01B8 "Ƹ" */
    0xa, 0xff, 0xff, 0xff, 0x40, 0x3e, 0xc4, 0x44,
    0x41, 0x0, 0x2d, 0xa0, 0x0, 0x0, 0x0, 0x1c,
    0xb0, 0x0, 0x0, 0x5c, 0xef, 0x50, 0x0, 0x9e,
    0x73, 0x31, 0x0, 0x2f, 0x50, 0x0, 0x0, 0x4,
    0xf1, 0x0, 0x0, 0x43, 0x2f, 0x60, 0x0, 0xd,
    0x90, 0x8f, 0x84, 0x5c, 0xe2, 0x0, 0x6d, 0xfe,
    0xa2, 0x0,

    /* U+01B9 "ƹ" */
    0x1f, 0xff, 0xff, 0xf0, 0x8, 0xd2, 0x11, 0x10,
    0x0, 0xaa, 0x0, 0x0, 0x0, 0xc, 0x70, 0x0,
    0x0, 0x9e, 0xf0, 0x0, 0xb, 0xd4, 0x20, 0x0,
    0x3f, 0x30, 0x0, 0x0, 0x5f, 0x0, 0x0, 0x0,
    0x3f, 0x30, 0x2, 0xf2, 0xb, 0xd3, 0x2b, 0xc0,
    0x0, 0x9e, 0xea, 0x10,

    /* U+01BA "ƺ" */
    0x7f, 0xff, 0xff, 0x20, 0x11, 0x3d, 0x60, 0x0,
    0x2c, 0x40, 0x0, 0xc, 0xfd, 0x70, 0x0, 0x22,
    0x6f, 0x50, 0x0, 0x0, 0xd8, 0x0, 0x4, 0xbf,
    0x30, 0x3d, 0xfa, 0x20, 0xf, 0x60, 0x0, 0x1,
    0xf4, 0x23, 0x0, 0x7, 0xef, 0xb0, 0x0,

    /* U+01BB "ƻ" */
    0x0, 0x8e, 0xfc, 0x30, 0x9, 0xd5, 0x4b, 0xf1,
    0x1f, 0x40, 0x1, 0xf7, 0x15, 0x0, 0x0, 0xf7,
    0x0, 0x0, 0x6, 0xf3, 0x0, 0x0, 0x2f, 0xa0,
    0x6, 0xff, 0xff, 0xf8, 0x0, 0x7f, 0xa2, 0x21,
    0x5, 0xf8, 0x0, 0x0, 0x1f, 0xc4, 0x44, 0x42,
    0x7f, 0xff, 0xff, 0xf9,

    /* U+01BC "Ƽ" */
    0xcf, 0xff, 0xff, 0xf3, 0x39, 0xe4, 0x44, 0x41,
    0x8, 0xb0, 0x0, 0x0, 0xb, 0x90, 0x0, 0x0,
    0xe, 0xbd, 0xfc, 0x40, 0xf, 0xc5, 0x4b, 0xf3,
    0x1, 0x0, 0x0, 0xe9, 0x0, 0x0, 0x0, 0xcb,
    0x3f, 0x20, 0x0, 0xe8, 0xd, 0xc3, 0x2a, 0xe1,
    0x1, 0xae, 0xfb, 0x20,

    /* U+01BD "ƽ" */
    0x7f, 0xff, 0xff, 0xc0, 0x9, 0x91, 0x11, 0x10,
    0xb, 0x50, 0x0, 0x0, 0xe, 0xbe, 0xda, 0x20,
    0x9, 0x52, 0x29, 0xe1, 0x2, 0x0, 0x1, 0xf3,
    0x2f, 0x62, 0x2a, 0xe0, 0x5, 0xcf, 0xeb, 0x20,

    /* U+01BE "ƾ" */
    0x0, 0x8, 0xc0, 0x0, 0x0, 0xdf, 0xff, 0x30,
    0x0, 0x28, 0xd2, 0x0, 0x0, 0x5, 0xf1, 0x0,
    0x0, 0x0, 0xdb, 0x0, 0x0, 0x0, 0x2e, 0xa0,
    0x0, 0x0, 0x3, 0xf4, 0x15, 0x0, 0x0, 0xc9,
    0x1f, 0x40, 0x0, 0xe8, 0xa, 0xd3, 0x29, 0xf2,
    0x0, 0x9e, 0xfb, 0x30,

    /* U+01BF "ƿ" */
    0xf5, 0xbf, 0xd5, 0xf, 0xe5, 0x17, 0xf2, 0xf5,
    0x0, 0xe, 0x6f, 0x50, 0x0, 0xf6, 0xf5, 0x0,
    0x5f, 0x2f, 0x50, 0x3e, 0x70, 0xf7, 0x9e, 0x60,
    0xf, 0xe8, 0x10, 0x0, 0xf5, 0x0, 0x0, 0xf,
    0x50, 0x0, 0x0, 0xf5, 0x0, 0x0, 0x0,

    /* U+01C0 "ǀ" */
    0xa8, 0xa8, 0xa8, 0xa8, 0xa8, 0xa8, 0xa8, 0xa8,
    0xa8, 0xa8, 0xa8,

    /* U+01C1 "ǁ" */
    0xa8, 0x8, 0x9a, 0x80, 0x89, 0xa8, 0x8, 0x9a,
    0x80, 0x89, 0xa8, 0x8, 0x9a, 0x80, 0x89, 0xa8,
    0x8, 0x9a, 0x80, 0x89, 0xa8, 0x8, 0x9a, 0x80,
    0x89, 0xa8, 0x8, 0x90,

    /* U+01C2 "ǂ" */
    0x0, 0xf, 0x20, 0x0, 0x0, 0xf2, 0x0, 0x0,
    0xf, 0x20, 0xa, 0xff, 0xff, 0xfb, 0x0, 0xf,
    0x20, 0x0, 0x0, 0xf2, 0x0, 0x9e, 0xef, 0xee,
    0xa0, 0x11, 0xf3, 0x11, 0x0, 0xf, 0x20, 0x0,
    0x0, 0xf2, 0x0, 0x0, 0xf, 0x20, 0x0,

    /* U+01C3 "ǃ" */
    0xbe, 0xbe, 0xbe, 0xad, 0x9c, 0x8b, 0x7a, 0x59,
    0x0, 0x56, 0xad,

    /* U+01C4 "Ǆ" */
    0x0, 0x0, 0x0, 0x0, 0x0, 0x0, 0x65, 0x7,
    0x30, 0x0, 0x0, 0x0, 0x0, 0x0, 0x0, 0x3,
    0xfa, 0xc0, 0x0, 0x0, 0x0, 0x0, 0x0, 0x0,
    0x0, 0x4, 0x82, 0x0, 0xc, 0xff, 0xff, 0xe9,
    0x10, 0x5, 0xff, 0xff, 0xff, 0xf5, 0xcb, 0x44,
    0x47, 0xed, 0x0, 0x14, 0x44, 0x44, 0xcf, 0x2c,
    0xa0, 0x0, 0x2, 0xf6, 0x0, 0x0, 0x0, 0x6f,
    0x60, 0xca, 0x0, 0x0, 0xa, 0xd0, 0x0, 0x0,
    0x3f, 0x90, 0xc, 0xa0, 0x0, 0x0, 0x7f, 0x0,
    0x0, 0x1d, 0xc0, 0x0, 0xca, 0x0, 0x0, 0x6,
    0xf0, 0x0, 0xb, 0xe1, 0x0, 0xc, 0xa0, 0x0,
    0x0, 0x7f, 0x0, 0x7, 0xf4, 0x0, 0x0, 0xca,
    0x0, 0x0, 0xa, 0xd0, 0x4, 0xf7, 0x0, 0x0,
    0xc, 0xa0, 0x0, 0x2, 0xf7, 0x2, 0xea, 0x0,
    0x0, 0x0, 0xcb, 0x44, 0x57, 0xed, 0x0, 0xcf,
    0x54, 0x44, 0x44, 0x2c, 0xff, 0xff, 0xd8, 0x10,
    0xf, 0xff, 0xff, 0xff, 0xf8,

    /* U+01C5 "ǅ" */
    0xcf, 0xff, 0xfe, 0x91, 0x0, 0x5, 0xf4, 0xe7,
    0x0, 0xcb, 0x44, 0x47, 0xed, 0x0, 0x0, 0x6d,
    0x90, 0x0, 0xca, 0x0, 0x0, 0x2f, 0x60, 0x0,
    0x0, 0x0, 0x0, 0xca, 0x0, 0x0, 0xa, 0xd0,
    0x9f, 0xff, 0xff, 0xc0, 0xca, 0x0, 0x0, 0x7,
    0xf0, 0x1, 0x11, 0x5f, 0x40, 0xca, 0x0, 0x0,
    0x6, 0xf0, 0x0, 0x2, 0xf6, 0x0, 0xca, 0x0,
    0x0, 0x7, 0xf0, 0x0, 0x1e, 0x80, 0x0, 0xca,
    0x0, 0x0, 0xa, 0xd0, 0x0, 0xcb, 0x0, 0x0,
    0xca, 0x0, 0x0, 0x2f, 0x70, 0xa, 0xd0, 0x0,
    0x0, 0xcb, 0x44, 0x57, 0xed, 0x0, 0x7f, 0x64,
    0x44, 0x40, 0xcf, 0xff, 0xfd, 0x81, 0x0, 0xdf,
    0xff, 0xff, 0xf0,

    /* U+01C6 "ǆ" */
    0x0, 0x0, 0x0, 0xf4, 0x0, 0xca, 0x7e, 0x10,
    0x0, 0x0, 0x0, 0xf4, 0x0, 0x1e, 0xf4, 0x0,
    0x0, 0x0, 0x0, 0xf4, 0x0, 0x0, 0x0, 0x0,
    0x1, 0xbf, 0xe6, 0xf4, 0x1f, 0xff, 0xff, 0xf4,
    0xc, 0xc3, 0x3d, 0xf4, 0x1, 0x11, 0x1c, 0xd1,
    0x3f, 0x20, 0x3, 0xf4, 0x0, 0x0, 0x9f, 0x20,
    0x6f, 0x0, 0x0, 0xf4, 0x0, 0x7, 0xf4, 0x0,
    0x6e, 0x0, 0x0, 0xf4, 0x0, 0x4f, 0x70, 0x0,
    0x3f, 0x10, 0x1, 0xf4, 0x2, 0xfa, 0x0, 0x0,
    0xb, 0xa0, 0xa, 0xf4, 0x1e, 0xc0, 0x0, 0x0,
    0x1, 0xae, 0xd7, 0xf4, 0x5f, 0xee, 0xee, 0xe7,

    /* U+01C7 "Ǉ" */
    0xe8, 0x0, 0x0, 0x0, 0x0, 0x3, 0xf3, 0xe8,
    0x0, 0x0, 0x0, 0x0, 0x3, 0xf3, 0xe8, 0x0,
    0x0, 0x0, 0x0, 0x3, 0xf3, 0xe8, 0x0, 0x0,
    0x0, 0x0, 0x3, 0xf3, 0xe8, 0x0, 0x0, 0x0,
    0x0, 0x3, 0xf3, 0xe8, 0x0, 0x0, 0x0, 0x0,
    0x3, 0xf3, 0xe8, 0x0, 0x0, 0x0, 0x0, 0x3,
    0xf3, 0xe8, 0x0, 0x0, 0x1, 0x20, 0x3, 0xf3,
    0xe8, 0x0, 0x0, 0x9, 0xb0, 0x4, 0xf2, 0xea,
    0x44, 0x44, 0x35, 0xf7, 0x5c, 0xd0, 0xef, 0xff,
    0xff, 0xd0, 0x8e, 0xfb, 0x20,

    /* U+01C8 "ǈ" */
    0xe8, 0x0, 0x0, 0x0, 0xaa, 0xe8, 0x0, 0x0,
    0x0, 0x55, 0xe8, 0x0, 0x0, 0x0, 0x0, 0xe8,
    0x0, 0x0, 0x0, 0xaa, 0xe8, 0x0, 0x0, 0x0,
    0xaa, 0xe8, 0x0, 0x0, 0x0, 0xaa, 0xe8, 0x0,
    0x0, 0x0, 0xaa, 0xe8, 0x0, 0x0, 0x0, 0xaa,
    0xe8, 0x0, 0x0, 0x0, 0xaa, 0xea, 0x44, 0x44,
    0x30, 0xaa, 0xef, 0xff, 0xff, 0xd0, 0xaa, 0x0,
    0x0, 0x0, 0x0, 0xb9, 0x0, 0x0, 0x0, 0x3,
    0xd8, 0x0, 0x0, 0x0, 0x3f, 0xd2,

    /* U+01C9 "ǉ" */
    0xf5, 0xb, 0xaf, 0x50, 0x55, 0xf5, 0x0, 0xf,
    0x50, 0xba, 0xf5, 0xb, 0xaf, 0x50, 0xba, 0xf5,
    0xb, 0xaf, 0x50, 0xba, 0xf5, 0xb, 0xaf, 0x50,
    0xba, 0xf5, 0xb, 0xa0, 0x0, 0xb9, 0x0, 0x3e,
    0x80, 0x3f, 0xd1,

    /* U+01CA "Ǌ" */
    0xde, 0x10, 0x0, 0xb, 0xa0, 0x0, 0x0, 0x5f,
    0x1d, 0xf9, 0x0, 0x0, 0xba, 0x0, 0x0, 0x5,
    0xf1, 0xdd, 0xf4, 0x0, 0xb, 0xa0, 0x0, 0x0,
    0x5f, 0x1d, 0x8b, 0xd0, 0x0, 0xba, 0x0, 0x0,
    0x5, 0xf1, 0xd8, 0x1f, 0x80, 0xb, 0xa0, 0x0,
    0x0, 0x5f, 0x1d, 0x80, 0x6f, 0x30, 0xba, 0x0,
    0x0, 0x5, 0xf1, 0xd8, 0x0, 0xcd, 0xb, 0xa0,
    0x0, 0x0, 0x5f, 0x1d, 0x80, 0x2, 0xf8, 0xba,
    0x2, 0x20, 0x5, 0xf1, 0xd8, 0x0, 0x7, 0xfd,
    0xa0, 0xb9, 0x0, 0x6f, 0xd, 0x80, 0x0, 0xc,
    0xfa, 0x7, 0xe4, 0x2c, 0xb0, 0xd8, 0x0, 0x0,
    0x2f, 0xa0, 0x9, 0xee, 0xa1, 0x0,

    /* U+01CB "ǋ" */
    0xde, 0x10, 0x0, 0xb, 0xa0, 0x3f, 0x2d, 0xf9,
    0x0, 0x0, 0xba, 0x1, 0x81, 0xdd, 0xf4, 0x0,
    0xb, 0xa0, 0x0, 0xd, 0x8a, 0xd0, 0x0, 0xba,
    0x3, 0xf2, 0xd8, 0x1e, 0x90, 0xb, 0xa0, 0x3f,
    0x2d, 0x80, 0x6f, 0x30, 0xba, 0x3, 0xf2, 0xd8,
    0x0, 0xbd, 0xb, 0xa0, 0x3f, 0x2d, 0x80, 0x2,
    0xf8, 0xba, 0x3, 0xf2, 0xd8, 0x0, 0x7, 0xfd,
    0xa0, 0x3f, 0x2d, 0x80, 0x0, 0xc, 0xfa, 0x3,
    0xf2, 0xd8, 0x0, 0x0, 0x2f, 0xa0, 0x3f, 0x20,
    0x0, 0x0, 0x0, 0x0, 0x3, 0xf1, 0x0, 0x0,
    0x0, 0x0, 0x2, 0x7f, 0x0, 0x0, 0x0, 0x0,
    0x0, 0xbf, 0x70,

    /* U+01CC "ǌ" */
    0x0, 0x0, 0x0, 0x0, 0xaa, 0x0, 0x0, 0x0,
    0x0, 0x55, 0x0, 0x0, 0x0, 0x0, 0x0, 0xf6,
    0xcf, 0xd6, 0x0, 0xaa, 0xfe, 0x30, 0x7f, 0x10,
    0xaa, 0xf7, 0x0, 0xf, 0x50, 0xaa, 0xf5, 0x0,
    0xf, 0x50, 0xaa, 0xf5, 0x0, 0xf, 0x50, 0xaa,
    0xf5, 0x0, 0xf, 0x50, 0xaa, 0xf5, 0x0, 0xf,
    0x50, 0xaa, 0xf5, 0x0, 0xf, 0x50, 0xaa, 0x0,
    0x0, 0x0, 0x0, 0xb9, 0x0, 0x0, 0x0, 0x3,
    0xd8, 0x0, 0x0, 0x0, 0x3f, 0xd2,

    /* U+01CD "Ǎ" */
    0x0, 0x7, 0x11, 0x70, 0x0, 0x0, 0x5, 0xbb,
    0x60, 0x0, 0x0, 0x0, 0x67, 0x0, 0x0, 0x0,
    0x0, 0x0, 0x0, 0x0, 0x0, 0x1, 0xff, 0x10,
    0x0, 0x0, 0x7, 0xdd, 0x70, 0x0, 0x0, 0xd,
    0x77, 0xd0, 0x0, 0x0, 0x3f, 0x11, 0xf3, 0x0,
    0x0, 0x9b, 0x0, 0xb9, 0x0, 0x0, 0xf6, 0x0,
    0x6f, 0x0, 0x5, 0xff, 0xff, 0xff, 0x50, 0xb,
    0xb3, 0x33, 0x3a, 0xc0, 0x2f, 0x40, 0x0, 0x4,
    0xf2, 0x8e, 0x0, 0x0, 0x0, 0xd8,

    /* U+01CE "ǎ" */
    0x0, 0x6a, 0x6b, 0x0, 0x0, 0x4, 0x60, 0x0,
    0x1, 0xae, 0xeb, 0x20, 0xc, 0xc4, 0x3b, 0xd0,
    0x7, 0x20, 0x1, 0xf2, 0x0, 0x37, 0xad, 0xf3,
    0xb, 0xd8, 0x53, 0xf4, 0x4f, 0x0, 0x3, 0xf4,
    0x3f, 0x84, 0x6d, 0xf7, 0x7, 0xef, 0xc3, 0x9e,

    /* U+01CF "Ǐ" */
    0x7, 0x32, 0x71, 0x6, 0xdc, 0x90, 0x0, 0x67,
    0x0, 0x0, 0xad, 0x0, 0x0, 0xad, 0x0, 0x0,
    0xad, 0x0, 0x0, 0xad, 0x0, 0x0, 0xad, 0x0,
    0x0, 0xad, 0x0, 0x0, 0xad, 0x0, 0x0, 0xad,
    0x0, 0x0, 0xad, 0x0, 0x0, 0xad, 0x0, 0x0,
    0xad, 0x0,

    /* U+01D0 "ǐ" */
    0xc, 0x97, 0xe1, 0x1, 0xde, 0x30, 0x0, 0x0,
    0x0, 0x0, 0x9b, 0x0, 0x0, 0x9b, 0x0, 0x0,
    0x9b, 0x0, 0x0, 0x9b, 0x0, 0x0, 0x9b, 0x0,
    0x0, 0x9b, 0x0, 0x0, 0x9b, 0x0, 0x0, 0x9b,
    0x0,

    /* U+01D1 "Ǒ" */
    0x0, 0x3, 0xf3, 0xbc, 0x0, 0x0, 0x0, 0x8,
    0xdf, 0x20, 0x0, 0x0, 0x0, 0x7, 0x50, 0x0,
    0x0, 0x0, 0x7d, 0xff, 0xb4, 0x0, 0x0, 0xce,
    0x74, 0x49, 0xf7, 0x0, 0x8f, 0x20, 0x0, 0x6,
    0xf3, 0xf, 0x80, 0x0, 0x0, 0xd, 0xa3, 0xf4,
    0x0, 0x0, 0x0, 0x9e, 0x4f, 0x20, 0x0, 0x0,
    0x8, 0xf3, 0xf3, 0x0, 0x0, 0x0, 0x9e, 0xf,
    0x80, 0x0, 0x0, 0xd, 0xa0, 0x8f, 0x20, 0x0,
    0x6, 0xf3, 0x0, 0xce, 0x74, 0x49, 0xf7, 0x0,
    0x0, 0x7d, 0xff, 0xb4, 0x0,

    /* U+01D2 "ǒ" */
    0x0, 0xca, 0x6e, 0x20, 0x0, 0x1e, 0xf4, 0x0,
    0x0, 0x0, 0x10, 0x0, 0x0, 0x9e, 0xfc, 0x30,
    0xc, 0xd3, 0x29, 0xf2, 0x4f, 0x20, 0x0, 0xd9,
    0x6f, 0x0, 0x0, 0x9c, 0x6f, 0x0, 0x0, 0x9c,
    0x4f, 0x20, 0x0, 0xd9, 0xc, 0xd3, 0x29, 0xf2,
    0x1, 0x9e, 0xfb, 0x30,

    /* U+01D3 "Ǔ" */
    0x0, 0x9d, 0x1f, 0x60, 0x0, 0x0, 0xed, 0xc0,
    0x0, 0x0, 0x3, 0x82, 0x0, 0xd, 0x90, 0x0,
    0x0, 0xca, 0xd9, 0x0, 0x0, 0xc, 0xad, 0x90,
    0x0, 0x0, 0xca, 0xd9, 0x0, 0x0, 0xc, 0xad,
    0x90, 0x0, 0x0, 0xca, 0xd9, 0x0, 0x0, 0xc,
    0xac, 0x90, 0x0, 0x0, 0xc9, 0xbb, 0x0, 0x0,
    0xe, 0x88, 0xf1, 0x0, 0x2, 0xf5, 0x2f, 0xd6,
    0x57, 0xed, 0x0, 0x2a, 0xef, 0xe9, 0x10,

    /* U+01D4 "ǔ" */
    0x0, 0xba, 0x5e, 0x20, 0x0, 0xc, 0xe4, 0x0,
    0x0, 0x0, 0x0, 0x0, 0xf, 0x50, 0x0, 0xf4,
    0xf, 0x50, 0x0, 0xf4, 0xf, 0x50, 0x0, 0xf4,
    0xf, 0x50, 0x0, 0xf4, 0xf, 0x50, 0x0, 0xf4,
    0xf, 0x50, 0x2, 0xf4, 0xc, 0xb0, 0x1b, 0xf4,
    0x2, 0xcf, 0xd6, 0xe4,

    /* U+01D5 "Ǖ" */
    0x0, 0xef, 0xff, 0x90, 0x0, 0x7, 0x82, 0x95,
    0x0, 0x0, 0x9c, 0xe, 0x70, 0x0, 0x0, 0x0,
    0x0, 0x0, 0xd9, 0x0, 0x0, 0xc, 0xad, 0x90,
    0x0, 0x0, 0xca, 0xd9, 0x0, 0x0, 0xc, 0xad,
    0x90, 0x0, 0x0, 0xca, 0xd9, 0x0, 0x0, 0xc,
    0xad, 0x90, 0x0, 0x0, 0xca, 0xc9, 0x0, 0x0,
    0xc, 0x9b, 0xb0, 0x0, 0x0, 0xe8, 0x8f, 0x10,
    0x0, 0x2f, 0x52, 0xfd, 0x65, 0x7e, 0xd0, 0x2,
    0xae, 0xfe, 0x91, 0x0,

    /* U+01D6 "ǖ" */
    0x2, 0xff, 0xff, 0x60, 0x0, 0x22, 0x22, 0x0,
    0x0, 0xd8, 0x2f, 0x30, 0x0, 0x64, 0x18, 0x10,
    0x0, 0x0, 0x0, 0x0, 0xf, 0x50, 0x0, 0xf4,
    0xf, 0x50, 0x0, 0xf4, 0xf, 0x50, 0x0, 0xf4,
    0xf, 0x50, 0x0, 0xf4, 0xf, 0x50, 0x0, 0xf4,
    0xf, 0x50, 0x2, 0xf4, 0xc, 0xb0, 0x1b, 0xf4,
    0x2, 0xcf, 0xd6, 0xe4,

    /* U+01D7 "Ǘ" */
    0x0, 0x0, 0x1, 0x0, 0x0, 0x0, 0xb, 0xd0,
    0x0, 0x0, 0x2, 0xe2, 0x0, 0x0, 0x5, 0x60,
    0x73, 0x0, 0x0, 0x9c, 0xe, 0x70, 0x0, 0x0,
    0x0, 0x0, 0x0, 0xd9, 0x0, 0x0, 0xc, 0xad,
    0x90, 0x0, 0x0, 0xca, 0xd9, 0x0, 0x0, 0xc,
    0xad, 0x90, 0x0, 0x0, 0xca, 0xd9, 0x0, 0x0,
    0xc, 0xad, 0x90, 0x0, 0x0, 0xca, 0xc9, 0x0,
    0x0, 0xc, 0x9b, 0xb0, 0x0, 0x0, 0xe8, 0x8f,
    0x10, 0x0, 0x2f, 0x52, 0xfd, 0x65, 0x7e, 0xd0,
    0x2, 0xae, 0xfe, 0x91, 0x0,

    /* U+01D8 "ǘ" */
    0x0, 0x0, 0x1, 0x0, 0x0, 0x0, 0xe9, 0x0,
    0x0, 0x6, 0xc0, 0x0, 0x0, 0xd8, 0x2f, 0x30,
    0x0, 0x64, 0x18, 0x10, 0x0, 0x0, 0x0, 0x0,
    0xf, 0x50, 0x0, 0xf4, 0xf, 0x50, 0x0, 0xf4,
    0xf, 0x50, 0x0, 0xf4, 0xf, 0x50, 0x0, 0xf4,
    0xf, 0x50, 0x0, 0xf4, 0xf, 0x50, 0x2, 0xf4,
    0xc, 0xb0, 0x1b, 0xf4, 0x2, 0xcf, 0xd6, 0xe4,

    /* U+01D9 "Ǚ" */
    0x0, 0x55, 0x7, 0x40, 0x0, 0x3, 0xf7, 0xf2,
    0x0, 0x0, 0x9, 0xf7, 0x0, 0x0, 0x5, 0x60,
    0x73, 0x0, 0x0, 0x9c, 0xe, 0x70, 0x0, 0x0,
    0x0, 0x0, 0x0, 0xd9, 0x0, 0x0, 0xc, 0xad,
    0x90, 0x0, 0x0, 0xca, 0xd9, 0x0, 0x0, 0xc,
    0xad, 0x90, 0x0, 0x0, 0xca, 0xd9, 0x0, 0x0,
    0xc, 0xad, 0x90, 0x0, 0x0, 0xca, 0xc9, 0x0,
    0x0, 0xc, 0x9b, 0xb0, 0x0, 0x0, 0xe8, 0x8f,
    0x10, 0x0, 0x2f, 0x52, 0xfd, 0x65, 0x7e, 0xd0,
    0x2, 0xae, 0xfe, 0x91, 0x0,

    /* U+01DA "ǚ" */
    0x0, 0x73, 0x28, 0x10, 0x0, 0x6e, 0xc9, 0x0,
    0x0, 0x6, 0x70, 0x0, 0x0, 0xe7, 0x2f, 0x30,
    0x0, 0x73, 0x18, 0x10, 0x0, 0x0, 0x0, 0x0,
    0xf, 0x50, 0x0, 0xf4, 0xf, 0x50, 0x0, 0xf4,
    0xf, 0x50, 0x0, 0xf4, 0xf, 0x50, 0x0, 0xf4,
    0xf, 0x50, 0x0, 0xf4, 0xf, 0x50, 0x2, 0xf4,
    0xc, 0xb0, 0x1b, 0xf4, 0x2, 0xcf, 0xd6, 0xe4,

    /* U+01DB "Ǜ" */
    0x0, 0x1, 0x0, 0x0, 0x0, 0x1, 0xe8, 0x0,
    0x0, 0x0, 0x3, 0xe1, 0x0, 0x0, 0x5, 0x60,
    0x73, 0x0, 0x0, 0x9c, 0xe, 0x70, 0x0, 0x0,
    0x0, 0x0, 0x0, 0xd9, 0x0, 0x0, 0xc, 0xad,
    0x90, 0x0, 0x0, 0xca, 0xd9, 0x0, 0x0, 0xc,
    0xad, 0x90, 0x0, 0x0, 0xca, 0xd9, 0x0, 0x0,
    0xc, 0xad, 0x90, 0x0, 0x0, 0xca, 0xc9, 0x0,
    0x0, 0xc, 0x9b, 0xb0, 0x0, 0x0, 0xe8, 0x8f,
    0x10, 0x0, 0x2f, 0x52, 0xfd, 0x65, 0x7e, 0xd0,
    0x2, 0xae, 0xfe, 0x91, 0x0,

    /* U+01DC "ǜ" */
    0x0, 0x1, 0x0, 0x0, 0x0, 0x4f, 0x40, 0x0,
    0x0, 0x7, 0xc0, 0x0, 0x0, 0xe7, 0x2f, 0x30,
    0x0, 0x73, 0x18, 0x10, 0x0, 0x0, 0x0, 0x0,
    0xf, 0x50, 0x0, 0xf4, 0xf, 0x50, 0x0, 0xf4,
    0xf, 0x50, 0x0, 0xf4, 0xf, 0x50, 0x0, 0xf4,
    0xf, 0x50, 0x0, 0xf4, 0xf, 0x50, 0x2, 0xf4,
    0xc, 0xb0, 0x1b, 0xf4, 0x2, 0xcf, 0xd6, 0xe4,

    /* U+01DD "ǝ" */
    0x1, 0xae, 0xfb, 0x30, 0xc, 0xc3, 0x3b, 0xf1,
    0x2d, 0x20, 0x0, 0xe8, 0x0, 0x0, 0x0, 0xba,
    0x5f, 0xff, 0xff, 0xfa, 0x3f, 0x32, 0x22, 0xd7,
    0xc, 0xb3, 0x28, 0xe1, 0x1, 0x9e, 0xfb, 0x20,

    /* U+01DE "Ǟ" */
    0x0, 0x5, 0xff, 0xff, 0x30, 0x0, 0x0, 0x0,
    0xa5, 0x4a, 0x0, 0x0, 0x0, 0x0, 0xf5, 0x4f,
    0x0, 0x0, 0x0, 0x0, 0x0, 0x0, 0x0, 0x0,
    0x0, 0x0, 0x1f, 0xd0, 0x0, 0x0, 0x0, 0x0,
    0x7d, 0xf3, 0x0, 0x0, 0x0, 0x0, 0xd8, 0xca,
    0x0, 0x0, 0x0, 0x3, 0xf4, 0x7f, 0x10, 0x0,
    0x0, 0x9, 0xe0, 0x2f, 0x60, 0x0, 0x0, 0xe,
    0x90, 0xc, 0xd0, 0x0, 0x0, 0x5f, 0x40, 0x7,
    0xf3, 0x0, 0x0, 0xbf, 0xff, 0xff, 0xf9, 0x0,
    0x1, 0xf9, 0x22, 0x22, 0xbf, 0x0, 0x7, 0xf1,
    0x0, 0x0, 0x3f, 0x60, 0xd, 0xb0, 0x0, 0x0,
    0xc, 0xd0,

    /* U+01DF "ǟ" */
    0x2, 0xff, 0xff, 0x60, 0x0, 0x22, 0x22, 0x0,
    0x0, 0xe7, 0x2f, 0x30, 0x0, 0x73, 0x18, 0x10,
    0x0, 0x0, 0x0, 0x0, 0x1, 0xae, 0xfd, 0x60,
    0xd, 0xb2, 0x28, 0xf2, 0x8, 0x10, 0x0, 0xf4,
    0x0, 0x48, 0xad, 0xf5, 0xd, 0xea, 0x73, 0xf5,
    0x5f, 0x10, 0x2, 0xf5, 0x4f, 0x30, 0x1b, 0xf5,
    0x7, 0xed, 0xc5, 0xc9,

    /* U+01E0 "Ǡ" */
    0x0, 0x6, 0xff, 0xff, 0x20, 0x0, 0x0, 0x0,
    0x28, 0x62, 0x0, 0x0, 0x0, 0x0, 0xc, 0x90,
    0x0, 0x0, 0x0, 0x0, 0x0, 0x0, 0x0, 0x0,
    0x0, 0x0, 0x1f, 0xd0, 0x0, 0x0, 0x0, 0x0,
    0x7d, 0xf3, 0x0, 0x0, 0x0, 0x0, 0xd8, 0xca,
    0x0, 0x0, 0x0, 0x3, 0xf4, 0x7f, 0x10, 0x0,
    0x0, 0x9, 0xe0, 0x2f, 0x60, 0x0, 0x0, 0xe,
    0x90, 0xc, 0xd0, 0x0, 0x0, 0x5f, 0x40, 0x7,
    0xf3, 0x0, 0x0, 0xbf, 0xff, 0xff, 0xf9, 0x0,
    0x1, 0xf9, 0x22, 0x22, 0xbf, 0x0, 0x7, 0xf1,
    0x0, 0x0, 0x3f, 0x60, 0xd, 0xb0, 0x0, 0x0,
    0xc, 0xd0,

    /* U+01E1 "ǡ" */
    0x1, 0xff, 0xff, 0x70, 0x0, 0x22, 0x22, 0x10,
    0x0, 0x6, 0xf0, 0x0, 0x0, 0x3, 0x70, 0x0,
    0x0, 0x0, 0x0, 0x0, 0x1, 0xae, 0xfd, 0x60,
    0xd, 0xb2, 0x28, 0xf2, 0x8, 0x10, 0x0, 0xf4,
    0x0, 0x48, 0xad, 0xf5, 0xd, 0xea, 0x73, 0xf5,
    0x5f, 0x10, 0x2, 0xf5, 0x4f, 0x30, 0x1b, 0xf5,
    0x7, 0xed, 0xc5, 0xc9,

    /* U+01E2 "Ǣ" */
    0x0, 0x0, 0x5, 0xff, 0xff, 0x20, 0x0, 0x0,
    0x0, 0x0, 0x2, 0x22, 0x20, 0x0, 0x0, 0x0,
    0x0, 0x1f, 0xff, 0xff, 0xff, 0xff, 0x0, 0x0,
    0x8, 0xf4, 0xeb, 0x44, 0x44, 0x40, 0x0, 0x0,
    0xf9, 0xd, 0x90, 0x0, 0x0, 0x0, 0x0, 0x7f,
    0x20, 0xd9, 0x0, 0x0, 0x0, 0x0, 0xe, 0xb0,
    0xd, 0x90, 0x0, 0x0, 0x0, 0x6, 0xf4, 0x0,
    0xdf, 0xff, 0xff, 0x90, 0x0, 0xdd, 0x0, 0xd,
    0xa3, 0x33, 0x32, 0x0, 0x5f, 0xff, 0xff, 0xf9,
    0x0, 0x0, 0x0, 0xd, 0xd3, 0x33, 0x3e, 0x90,
    0x0, 0x0, 0x4, 0xf5, 0x0, 0x0, 0xdb, 0x44,
    0x44, 0x40, 0xcc, 0x0, 0x0, 0xd, 0xff, 0xff,
    0xff, 0x20,

    /* U+01E3 "ǣ" */
    0x0, 0x0, 0x9f, 0xff, 0xf0, 0x0, 0x0, 0x0,
    0x0, 0x11, 0x11, 0x0, 0x0, 0x0, 0x0, 0x0,
    0x0, 0x0, 0x0, 0x0, 0x2b, 0xef, 0xd4, 0x7e,
    0xfc, 0x30, 0xe, 0x92, 0x29, 0xfd, 0x42, 0x7f,
    0x21, 0x50, 0x0, 0x4f, 0x40, 0x0, 0xc8, 0x1,
    0x8b, 0xee, 0xff, 0xff, 0xff, 0xb1, 0xea, 0x52,
    0x3f, 0x42, 0x22, 0x21, 0x6f, 0x0, 0x6, 0xf5,
    0x0, 0xa, 0x64, 0xf6, 0x25, 0xec, 0xe4, 0x28,
    0xf3, 0x7, 0xef, 0xc4, 0x8, 0xef, 0xc4, 0x0,

    /* U+01E4 "Ǥ" */
    0x0, 0x19, 0xef, 0xea, 0x20, 0x0, 0x2e, 0xc6,
    0x45, 0xbe, 0x20, 0xb, 0xc0, 0x0, 0x0, 0x96,
    0x1, 0xf4, 0x0, 0x0, 0x0, 0x0, 0x4f, 0x10,
    0x8, 0xff, 0xfb, 0x4, 0xf1, 0x0, 0x13, 0x39,
    0xa0, 0x2f, 0x40, 0x7, 0xee, 0xff, 0x80, 0xcb,
    0x0, 0x1, 0x4f, 0x50, 0x2, 0xec, 0x54, 0x7e,
    0xa0, 0x0, 0x2, 0xae, 0xfd, 0x70, 0x0,

    /* U+01E5 "ǥ" */
    0x0, 0x9e, 0xf9, 0x8b, 0x0, 0xbd, 0x43, 0xaf,
    0xb0, 0x2f, 0x30, 0x0, 0xcb, 0x5, 0xf0, 0x7e,
    0xef, 0xfb, 0x3f, 0x20, 0x11, 0xdd, 0x10, 0xdb,
    0x20, 0x7f, 0xb0, 0x2, 0xcf, 0xfc, 0xab, 0x0,
    0x51, 0x12, 0xa, 0xa0, 0xb, 0xc4, 0x36, 0xf5,
    0x0, 0x9, 0xef, 0xd6, 0x0,

    /* U+01E6 "Ǧ" */
    0x0, 0x3, 0x50, 0x52, 0x0, 0x0, 0x0, 0xd8,
    0xd0, 0x0, 0x0, 0x0, 0x38, 0x20, 0x0, 0x0,
    0x0, 0x0, 0x0, 0x0, 0x0, 0x19, 0xef, 0xea,
    0x20, 0x2, 0xec, 0x54, 0x5b, 0xe2, 0xc, 0xc0,
    0x0, 0x0, 0x96, 0x1f, 0x40, 0x0, 0x0, 0x0,
    0x4f, 0x10, 0x8, 0xff, 0xfc, 0x4f, 0x10, 0x1,
    0x33, 0x9c, 0x2f, 0x40, 0x0, 0x0, 0xbc, 0xc,
    0xb0, 0x0, 0x3, 0xfc, 0x2, 0xec, 0x54, 0x7e,
    0x9c, 0x0, 0x29, 0xef, 0xd4, 0x3c,

    /* U+01E7 "ǧ" */
    0x0, 0x5b, 0x5b, 0x0, 0x0, 0x4, 0x60, 0x0,
    0x0, 0x9e, 0xf9, 0x8b, 0xb, 0xd4, 0x3a, 0xfb,
    0x2f, 0x30, 0x0, 0xcb, 0x5f, 0x0, 0x0, 0x9b,
    0x3f, 0x20, 0x0, 0xbb, 0xd, 0xb2, 0x7, 0xfb,
    0x2, 0xcf, 0xfc, 0xab, 0x5, 0x11, 0x20, 0xaa,
    0xb, 0xc4, 0x36, 0xf5, 0x0, 0x9e, 0xfd, 0x60,

    /* U+01E8 "Ǩ" */
    0x0, 0x70, 0x26, 0x0, 0x0, 0x7, 0xbc, 0x40,
    0x0, 0x0, 0x7, 0x60, 0x0, 0x0, 0x0, 0x0,
    0x0, 0x0, 0xaa, 0x0, 0x2, 0xe9, 0xa, 0xa0,
    0x1, 0xea, 0x0, 0xaa, 0x1, 0xda, 0x0, 0xa,
    0xa1, 0xdb, 0x0, 0x0, 0xab, 0xcf, 0x20, 0x0,
    0xa, 0xfc, 0xbc, 0x0, 0x0, 0xad, 0x1, 0xe9,
    0x0, 0xa, 0xa0, 0x3, 0xf6, 0x0, 0xaa, 0x0,
    0x6, 0xf3, 0xa, 0xa0, 0x0, 0x9, 0xe1,

    /* U+01E9 "ǩ" */
    0xd, 0x38, 0x80, 0x0, 0x0, 0x3, 0xed, 0x0,
    0x0, 0x0, 0x0, 0x0, 0x0, 0x0, 0x0, 0x0,
    0xc7, 0x0, 0x0, 0x0, 0x0, 0xc7, 0x0, 0x0,
    0x0, 0x0, 0xc7, 0x0, 0x2f, 0x80, 0x0, 0xc7,
    0x1, 0xe9, 0x0, 0x0, 0xc7, 0x1d, 0xa0, 0x0,
    0x0, 0xc7, 0xcf, 0x10, 0x0, 0x0, 0xcf, 0xbc,
    0xa0, 0x0, 0x0, 0xcc, 0x2, 0xf5, 0x0, 0x0,
    0xc7, 0x0, 0x6f, 0x20, 0x0, 0xc7, 0x0, 0xb,
    0xc0,

    /* U+01EA "Ǫ" */
    0x0, 0x7, 0xdf, 0xfb, 0x40, 0x0, 0xc, 0xe7,
    0x44, 0xaf, 0x70, 0x8, 0xf2, 0x0, 0x0, 0x7f,
    0x30, 0xf8, 0x0, 0x0, 0x0, 0xda, 0x3f, 0x40,
    0x0, 0x0, 0x9, 0xe4, 0xf3, 0x0, 0x0, 0x0,
    0x8f, 0x3f, 0x30, 0x0, 0x0, 0x9, 0xe0, 0xf7,
    0x0, 0x0, 0x0, 0xdb, 0x9, 0xe1, 0x0, 0x0,
    0x6f, 0x40, 0xc, 0xe6, 0x23, 0x8f, 0x90, 0x0,
    0x8, 0xef, 0xfd, 0x60, 0x0, 0x0, 0x0, 0xc1,
    0x0, 0x0, 0x0, 0x0, 0xe, 0x41, 0x10, 0x0,
    0x0, 0x0, 0x7f, 0xd2, 0x0,

    /* U+01EB "ǫ" */
    0x1, 0xae, 0xfc, 0x30, 0xc, 0xd3, 0x2a, 0xf1,
    0x4f, 0x20, 0x0, 0xd8, 0x6e, 0x0, 0x0, 0xab,
    0x7e, 0x0, 0x0, 0xab, 0x4f, 0x20, 0x0, 0xd8,
    0xd, 0xc2, 0x18, 0xf2, 0x1, 0xbf, 0xfc, 0x30,
    0x0, 0x6, 0x70, 0x0, 0x0, 0x7, 0x90, 0x20,
    0x0, 0x2, 0xde, 0x70,

    /* U+01EC "Ǭ" */
    0x0, 0x7, 0xff, 0xff, 0x0, 0x0, 0x0, 0x12,
    0x22, 0x20, 0x0, 0x0, 0x7, 0xdf, 0xfb, 0x40,
    0x0, 0xc, 0xe7, 0x44, 0xaf, 0x70, 0x8, 0xf2,
    0x0, 0x0, 0x7f, 0x30, 0xf8, 0x0, 0x0, 0x0,
    0xda, 0x3f, 0x40, 0x0, 0x0, 0x9, 0xe4, 0xf3,
    0x0, 0x0, 0x0, 0x8f, 0x3f, 0x30, 0x0, 0x0,
    0x9, 0xe0, 0xf7, 0x0, 0x0, 0x0, 0xdb, 0x9,
    0xe1, 0x0, 0x0, 0x6f, 0x40, 0xc, 0xe6, 0x23,
    0x8f, 0x90, 0x0, 0x8, 0xef, 0xfd, 0x60, 0x0,
    0x0, 0x0, 0xc1, 0x0, 0x0, 0x0, 0x0, 0xe,
    0x41, 0x10, 0x0, 0x0, 0x0, 0x7f, 0xd2, 0x0,

    /* U+01ED "ǭ" */
    0x4, 0xff, 0xff, 0x40, 0x0, 0x11, 0x11, 0x0,
    0x0, 0x0, 0x0, 0x0, 0x1, 0xae, 0xfc, 0x30,
    0xc, 0xd3, 0x2a, 0xf1, 0x4f, 0x20, 0x0, 0xd8,
    0x6e, 0x0, 0x0, 0xab, 0x7e, 0x0, 0x0, 0xab,
    0x4f, 0x20, 0x0, 0xd8, 0xd, 0xc2, 0x18, 0xf2,
    0x1, 0xbf, 0xfc, 0x30, 0x0, 0x6, 0x70, 0x0,
    0x0, 0x7, 0x90, 0x20, 0x0, 0x2, 0xde, 0x70,

    /* U+01EE "Ǯ" */
    0x1, 0x72, 0x37, 0x0, 0x0, 0x8c, 0xd7, 0x0,
    0x0, 0x7, 0x70, 0x0, 0xf, 0xff, 0xff, 0xf1,
    0x4, 0x44, 0x4d, 0xb0, 0x0, 0x0, 0x8d, 0x0,
    0x0, 0x5, 0xe2, 0x0, 0x0, 0xe, 0xc5, 0x0,
    0x0, 0x6, 0x8f, 0x80, 0x0, 0x0, 0x5, 0xf2,
    0x0, 0x0, 0x0, 0xf5, 0x2e, 0x20, 0x2, 0xf3,
    0xc, 0xb2, 0x3d, 0xc0, 0x1, 0xae, 0xe9, 0x0,

    /* U+01EF "ǯ" */
    0x0, 0xd8, 0x8d, 0x10, 0x0, 0x1d, 0xe2, 0x0,
    0x0, 0x0, 0x0, 0x0, 0xf, 0xff, 0xff, 0xf1,
    0x4, 0x44, 0x4d, 0xb0, 0x0, 0x0, 0x8d, 0x0,
    0x0, 0x5, 0xe2, 0x0, 0x0, 0xe, 0xc5, 0x0,
    0x0, 0x6, 0x8f, 0x80, 0x0, 0x0, 0x5, 0xf2,
    0x0, 0x0, 0x0, 0xf5, 0x2e, 0x10, 0x2, 0xf3,
    0xc, 0xb2, 0x3d, 0xc0, 0x1, 0xae, 0xe9, 0x0,

    /* U+01F0 "ǰ" */
    0x4f, 0x3e, 0x80, 0x7e, 0xa0, 0x0, 0x0, 0x0,
    0xf, 0x50, 0x0, 0xf5, 0x0, 0xf, 0x50, 0x0,
    0xf5, 0x0, 0xf, 0x50, 0x0, 0xf5, 0x0, 0xf,
    0x50, 0x0, 0xf5, 0x0, 0xf, 0x40, 0x15, 0xf3,
    0x8, 0xfa, 0x0,

    /* U+01F1 "Ǳ" */
    0xcf, 0xff, 0xfe, 0x91, 0x0, 0x5f, 0xff, 0xff,
    0xff, 0x5c, 0xb4, 0x44, 0x7e, 0xd0, 0x1, 0x44,
    0x44, 0x4c, 0xf2, 0xca, 0x0, 0x0, 0x2f, 0x60,
    0x0, 0x0, 0x6, 0xf5, 0xc, 0xa0, 0x0, 0x0,
    0xad, 0x0, 0x0, 0x3, 0xf9, 0x0, 0xca, 0x0,
    0x0, 0x7, 0xf0, 0x0, 0x1, 0xec, 0x0, 0xc,
    0xa0, 0x0, 0x0, 0x6f, 0x0, 0x0, 0xbe, 0x10,
    0x0, 0xca, 0x0, 0x0, 0x7, 0xf0, 0x0, 0x8f,
    0x30, 0x0, 0xc, 0xa0, 0x0, 0x0, 0xad, 0x0,
    0x4f, 0x60, 0x0, 0x0, 0xca, 0x0, 0x0, 0x2f,
    0x70, 0x2f, 0xa0, 0x0, 0x0, 0xc, 0xb4, 0x45,
    0x7e, 0xd0, 0xd, 0xe5, 0x44, 0x44, 0x42, 0xcf,
    0xff, 0xfd, 0x81, 0x0, 0xff, 0xff, 0xff, 0xff,
    0x80,

    /* U+01F2 "ǲ" */
    0xcf, 0xff, 0xfe, 0x91, 0x0, 0x0, 0x0, 0x0,
    0xc, 0xb4, 0x44, 0x7e, 0xd0, 0x0, 0x0, 0x0,
    0x0, 0xca, 0x0, 0x0, 0x2f, 0x60, 0x0, 0x0,
    0x0, 0xc, 0xa0, 0x0, 0x0, 0xad, 0x9, 0xff,
    0xff, 0xfb, 0xca, 0x0, 0x0, 0x7, 0xf0, 0x1,
    0x11, 0x6f, 0x3c, 0xa0, 0x0, 0x0, 0x6f, 0x0,
    0x0, 0x3f, 0x50, 0xca, 0x0, 0x0, 0x7, 0xf0,
    0x0, 0x1e, 0x80, 0xc, 0xa0, 0x0, 0x0, 0xad,
    0x0, 0xc, 0xa0, 0x0, 0xca, 0x0, 0x0, 0x2f,
    0x70, 0xa, 0xc0, 0x0, 0xc, 0xb4, 0x45, 0x7e,
    0xd0, 0x8, 0xf6, 0x44, 0x44, 0xcf, 0xff, 0xfd,
    0x81, 0x0, 0xef, 0xff, 0xff, 0xf0,

    /* U+01F3 "ǳ" */
    0x0, 0x0, 0x0, 0xf4, 0x0, 0x0, 0x0, 0x0,
    0x0, 0x0, 0x0, 0xf4, 0x0, 0x0, 0x0, 0x0,
    0x0, 0x0, 0x0, 0xf4, 0x0, 0x0, 0x0, 0x0,
    0x1, 0xbf, 0xe6, 0xf4, 0x1f, 0xff, 0xff, 0xf4,
    0xc, 0xc3, 0x3d, 0xf4, 0x1, 0x11, 0x1c, 0xd0,
    0x3f, 0x20, 0x3, 0xf4, 0x0, 0x0, 0x9e, 0x20,
    0x6f, 0x0, 0x0, 0xf4, 0x0, 0x7, 0xf4, 0x0,
    0x6e, 0x0, 0x0, 0xf4, 0x0, 0x5f, 0x70, 0x0,
    0x3f, 0x10, 0x1, 0xf4, 0x3, 0xfa, 0x0, 0x0,
    0xb, 0xa0, 0xa, 0xf4, 0x1e, 0xc0, 0x0, 0x0,
    0x1, 0xae, 0xd7, 0xf4, 0x6f, 0xee, 0xee, 0xe7,

    /* U+01F4 "Ǵ" */
    0x0, 0x0, 0x4, 0xf5, 0x0, 0x0, 0x0, 0x0,
    0xb8, 0x0, 0x0, 0x0, 0x0, 0x0, 0x0, 0x0,
    0x0, 0x0, 0x6c, 0xef, 0xd8, 0x0, 0x0, 0xaf,
    0x84, 0x47, 0xec, 0x0, 0x7f, 0x30, 0x0, 0x2,
    0xf5, 0xd, 0xa0, 0x0, 0x0, 0x2, 0x1, 0xf6,
    0x0, 0x0, 0x0, 0x0, 0x3f, 0x40, 0x0, 0xdf,
    0xff, 0xb2, 0xf5, 0x0, 0x3, 0x33, 0xbb, 0xe,
    0x90, 0x0, 0x0, 0xa, 0xb0, 0x7f, 0x40, 0x0,
    0x0, 0xcb, 0x0, 0xaf, 0xa5, 0x58, 0xef, 0x50,
    0x0, 0x5c, 0xff, 0xd9, 0x10,

    /* U+01F5 "ǵ" */
    0x0, 0x3, 0xf5, 0x0, 0x0, 0xb, 0x90, 0x0,
    0x0, 0x0, 0x0, 0x0, 0x1, 0xaf, 0xe7, 0xd6,
    0xc, 0xc3, 0x3c, 0xf6, 0x3f, 0x20, 0x2, 0xf6,
    0x6e, 0x0, 0x0, 0xe6, 0x6e, 0x0, 0x0, 0xe6,
    0x3f, 0x20, 0x2, 0xf6, 0xc, 0xc3, 0x3c, 0xf5,
    0x1, 0xaf, 0xe7, 0xf5, 0x14, 0x0, 0x1, 0xf3,
    0xf, 0x82, 0x2a, 0xd0, 0x4, 0xcf, 0xea, 0x10,

    /* U+01FA "Ǻ" */
    0x0, 0x0, 0x4, 0xf5, 0x0, 0x0, 0x0, 0x0,
    0xb, 0x80, 0x0, 0x0, 0x0, 0x0, 0x0, 0x0,
    0x0, 0x0, 0x0, 0x0, 0x18, 0x70, 0x0, 0x0,
    0x0, 0x0, 0x64, 0x82, 0x0, 0x0, 0x0, 0x0,
    0x2f, 0xe0, 0x0, 0x0, 0x0, 0x0, 0x5d, 0xf2,
    0x0, 0x0, 0x0, 0x0, 0xb8, 0xc8, 0x0, 0x0,
    0x0, 0x2, 0xf4, 0x7e, 0x0, 0x0, 0x0, 0x8,
    0xe0, 0x2f, 0x50, 0x0, 0x0, 0xe, 0x90, 0xc,
    0xc0, 0x0, 0x0, 0x4f, 0x40, 0x7, 0xf2, 0x0,
    0x0, 0xaf, 0xff, 0xff, 0xf9, 0x0, 0x1, 0xf9,
    0x22, 0x22, 0xbf, 0x0, 0x7, 0xf1, 0x0, 0x0,
    0x3f, 0x60, 0xd, 0xb0, 0x0, 0x0, 0xc, 0xc0,

    /* U+01FB "ǻ" */
    0x0, 0x0, 0x1, 0x0, 0x0, 0x0, 0xe9, 0x0,
    0x0, 0x6, 0xc0, 0x0, 0x0, 0x0, 0x0, 0x0,
    0x0, 0x9, 0xa2, 0x0, 0x0, 0x17, 0x27, 0x0,
    0x0, 0x7, 0x91, 0x0, 0x1, 0xae, 0xfd, 0x60,
    0xd, 0xb2, 0x28, 0xf2, 0x8, 0x10, 0x0, 0xf4,
    0x0, 0x48, 0xad, 0xf5, 0xd, 0xea, 0x73, 0xf5,
    0x5f, 0x10, 0x2, 0xf5, 0x4f, 0x30, 0x1b, 0xf5,
    0x7, 0xed, 0xc5, 0xc9,

    /* U+01FC "Ǽ" */
    0x0, 0x0, 0x0, 0x0, 0xe, 0x90, 0x0, 0x0,
    0x0, 0x0, 0x0, 0x6, 0xc0, 0x0, 0x0, 0x0,
    0x0, 0x0, 0x0, 0x0, 0x0, 0x0, 0x0, 0x0,
    0x1, 0xff, 0xff, 0xff, 0xff, 0xf0, 0x0, 0x0,
    0x8f, 0x4e, 0xb4, 0x44, 0x44, 0x0, 0x0, 0xf,
    0x90, 0xd9, 0x0, 0x0, 0x0, 0x0, 0x7, 0xf2,
    0xd, 0x90, 0x0, 0x0, 0x0, 0x0, 0xeb, 0x0,
    0xd9, 0x0, 0x0, 0x0, 0x0, 0x6f, 0x40, 0xd,
    0xff, 0xff, 0xf9, 0x0, 0xd, 0xd0, 0x0, 0xda,
    0x33, 0x33, 0x20, 0x5, 0xff, 0xff, 0xff, 0x90,
    0x0, 0x0, 0x0, 0xdd, 0x33, 0x33, 0xe9, 0x0,
    0x0, 0x0, 0x4f, 0x50, 0x0, 0xd, 0xb4, 0x44,
    0x44, 0xc, 0xc0, 0x0, 0x0, 0xdf, 0xff, 0xff,
    0xf2,

    /* U+01FD "ǽ" */
    0x0, 0x0, 0x0, 0xad, 0x0, 0x0, 0x0, 0x0,
    0x0, 0x2f, 0x20, 0x0, 0x0, 0x0, 0x0, 0x0,
    0x0, 0x0, 0x0, 0x0, 0x2b, 0xef, 0xd4, 0x7e,
    0xfc, 0x30, 0xe, 0x92, 0x29, 0xfd, 0x42, 0x7f,
    0x21, 0x50, 0x0, 0x4f, 0x40, 0x0, 0xc8, 0x1,
    0x8b, 0xee, 0xff, 0xff, 0xff, 0xb1, 0xea, 0x52,
    0x3f, 0x42, 0x22, 0x21, 0x6f, 0x0, 0x6, 0xf5,
    0x0, 0xa, 0x64, 0xf6, 0x25, 0xec, 0xe4, 0x28,
    0xf3, 0x7, 0xef, 0xc4, 0x8, 0xef, 0xc4, 0x0,

    /* U+01FE "Ǿ" */
    0x0, 0x0, 0x4, 0xf5, 0x0, 0x0, 0x0, 0x0,
    0xb, 0x80, 0x0, 0x0, 0x0, 0x0, 0x0, 0x0,
    0x0, 0x20, 0x0, 0x7, 0xdf, 0xfb, 0x45, 0xd0,
    0x0, 0xce, 0x74, 0x5a, 0xff, 0x20, 0x8, 0xe2,
    0x0, 0x2, 0xef, 0x30, 0xf, 0x80, 0x0, 0x1d,
    0x5e, 0xa0, 0x3f, 0x40, 0x0, 0xc6, 0x9, 0xd0,
    0x4f, 0x30, 0xb, 0x80, 0x8, 0xf0, 0x2f, 0x40,
    0xa9, 0x0, 0x9, 0xe0, 0xf, 0x88, 0xb0, 0x0,
    0xd, 0xa0, 0x8, 0xfc, 0x0, 0x0, 0x7f, 0x30,
    0x6, 0xff, 0x84, 0x49, 0xf7, 0x0, 0x2e, 0x27,
    0xdf, 0xfb, 0x40, 0x0, 0x1, 0x0, 0x0, 0x0,
    0x0, 0x0,

    /* U+01FF "ǿ" */
    0x0, 0x0, 0x8e, 0x20, 0x0, 0x0, 0xe, 0x40,
    0x0, 0x0, 0x0, 0x0, 0x1, 0x0, 0x6, 0xdf,
    0xd8, 0xd0, 0x6, 0xf7, 0x26, 0xf9, 0x0, 0xd9,
    0x0, 0xbb, 0xf0, 0xf, 0x50, 0x89, 0x2f, 0x20,
    0xf5, 0x4c, 0x2, 0xf3, 0xd, 0xbd, 0x10, 0x6f,
    0x0, 0x5f, 0x92, 0x5e, 0x90, 0xa, 0x9d, 0xfd,
    0x70, 0x0, 0x20, 0x0, 0x0, 0x0,

    /* U+0200 "Ȁ" */
    0x0, 0x1, 0x0, 0x10, 0x0, 0x0, 0x0, 0xa,
    0xd3, 0xf5, 0x0, 0x0, 0x0, 0x0, 0xd5, 0x6c,
    0x0, 0x0, 0x0, 0x0, 0x1f, 0xd0, 0x0, 0x0,
    0x0, 0x0, 0x7d, 0xf3, 0x0, 0x0, 0x0, 0x0,
    0xd8, 0xca, 0x0, 0x0, 0x0, 0x3, 0xf4, 0x7f,
    0x10, 0x0, 0x0, 0x9, 0xe0, 0x2f, 0x60, 0x0,
    0x0, 0xe, 0x90, 0xc, 0xd0, 0x0, 0x0, 0x5f,
    0x40, 0x7, 0xf3, 0x0, 0x0, 0xbf, 0xff, 0xff,
    0xf9, 0x0, 0x1, 0xf9, 0x22, 0x22, 0xbf, 0x0,
    0x7, 0xf1, 0x0, 0x0, 0x3f, 0x60, 0xd, 0xb0,
    0x0, 0x0, 0xc, 0xd0,

    /* U+0201 "ȁ" */
    0x5, 0xf4, 0xcb, 0x0, 0x0, 0x8b, 0x2e, 0x30,
    0x0, 0x0, 0x0, 0x0, 0x1, 0xae, 0xfd, 0x60,
    0xd, 0xb2, 0x28, 0xf2, 0x8, 0x10, 0x0, 0xf4,
    0x0, 0x48, 0xad, 0xf5, 0xd, 0xea, 0x73, 0xf5,
    0x5f, 0x10, 0x2, 0xf5, 0x4f, 0x30, 0x1b, 0xf5,
    0x7, 0xed, 0xc5, 0xc9,

    /* U+0202 "Ȃ" */
    0x0, 0x0, 0x8e, 0xd6, 0x0, 0x0, 0x0, 0x1,
    0x80, 0x18, 0x0, 0x0, 0x0, 0x0, 0x1f, 0xd0,
    0x0, 0x0, 0x0, 0x0, 0x7d, 0xf3, 0x0, 0x0,
    0x0, 0x0, 0xd8, 0xca, 0x0, 0x0, 0x0, 0x3,
    0xf4, 0x7f, 0x10, 0x0, 0x0, 0x9, 0xe0, 0x2f,
    0x60, 0x0, 0x0, 0xe, 0x90, 0xc, 0xd0, 0x0,
    0x0, 0x5f, 0x40, 0x7, 0xf3, 0x0, 0x0, 0xbf,
    0xff, 0xff, 0xf9, 0x0, 0x1, 0xf9, 0x22, 0x22,
    0xbf, 0x0, 0x7, 0xf1, 0x0, 0x0, 0x3f, 0x60,
    0xd, 0xb0, 0x0, 0x0, 0xc, 0xd0,

    /* U+0203 "ȃ" */
    0x0, 0x3d, 0xea, 0x0, 0x0, 0xb4, 0xa, 0x50,
    0x0, 0x0, 0x0, 0x0, 0x1, 0xae, 0xfd, 0x60,
    0xd, 0xb2, 0x28, 0xf2, 0x8, 0x10, 0x0, 0xf4,
    0x0, 0x48, 0xad, 0xf5, 0xd, 0xea, 0x73, 0xf5,
    0x5f, 0x10, 0x2, 0xf5, 0x4f, 0x30, 0x1b, 0xf5,
    0x7, 0xed, 0xc5, 0xc9,

    /* U+0204 "Ȅ" */
    0x0, 0x0, 0x10, 0x0, 0x0, 0x7f, 0x3e, 0x90,
    0x0, 0x0, 0xa9, 0x3e, 0x10, 0xd, 0xff, 0xff,
    0xff, 0xf0, 0xdb, 0x44, 0x44, 0x44, 0xd, 0x90,
    0x0, 0x0, 0x0, 0xd9, 0x0, 0x0, 0x0, 0xd,
    0xa0, 0x0, 0x0, 0x0, 0xdf, 0xff, 0xff, 0xf8,
    0xd, 0xb3, 0x33, 0x33, 0x20, 0xd9, 0x0, 0x0,
    0x0, 0xd, 0x90, 0x0, 0x0, 0x0, 0xdb, 0x44,
    0x44, 0x44, 0xd, 0xff, 0xff, 0xff, 0xf3,

    /* U+0205 "ȅ" */
    0x5, 0xf4, 0xcb, 0x0, 0x0, 0x8b, 0x2e, 0x30,
    0x0, 0x0, 0x0, 0x0, 0x0, 0x9e, 0xfc, 0x30,
    0xa, 0xd3, 0x28, 0xf2, 0x2f, 0x20, 0x0, 0xb8,
    0x5f, 0xff, 0xff, 0xfb, 0x5f, 0x22, 0x22, 0x21,
    0x2f, 0x40, 0x0, 0x96, 0xb, 0xe4, 0x28, 0xf3,
    0x0, 0x9e, 0xfc, 0x40,

    /* U+0206 "Ȇ" */
    0x0, 0x4d, 0xea, 0x0, 0x0, 0x7, 0x20, 0x63,
    0x0, 0xdf, 0xff, 0xff, 0xff, 0xd, 0xb4, 0x44,
    0x44, 0x40, 0xd9, 0x0, 0x0, 0x0, 0xd, 0x90,
    0x0, 0x0, 0x0, 0xda, 0x0, 0x0, 0x0, 0xd,
    0xff, 0xff, 0xff, 0x80, 0xdb, 0x33, 0x33, 0x32,
    0xd, 0x90, 0x0, 0x0, 0x0, 0xd9, 0x0, 0x0,
    0x0, 0xd, 0xb4, 0x44, 0x44, 0x40, 0xdf, 0xff,
    0xff, 0xff, 0x30,

    /* U+0207 "ȇ" */
    0x0, 0x4d, 0xe8, 0x0, 0x0, 0xd2, 0xc, 0x30,
    0x0, 0x0, 0x0, 0x0, 0x0, 0x9e, 0xfc, 0x30,
    0xa, 0xd3, 0x28, 0xf2, 0x2f, 0x20, 0x0, 0xb8,
    0x5f, 0xff, 0xff, 0xfb, 0x5f, 0x22, 0x22, 0x21,
    0x2f, 0x40, 0x0, 0x96, 0xb, 0xe4, 0x28, 0xf3,
    0x0, 0x9e, 0xfc, 0x40,

    /* U+0208 "Ȉ" */
    0x0, 0x1, 0x0, 0x6f, 0x3d, 0xa0, 0x9, 0xa2,
    0xe2, 0x0, 0xad, 0x0, 0x0, 0xad, 0x0, 0x0,
    0xad, 0x0, 0x0, 0xad, 0x0, 0x0, 0xad, 0x0,
    0x0, 0xad, 0x0, 0x0, 0xad, 0x0, 0x0, 0xad,
    0x0, 0x0, 0xad, 0x0, 0x0, 0xad, 0x0, 0x0,
    0xad, 0x0,

    /* U+0209 "ȉ" */
    0x6f, 0x3d, 0xa0, 0x9, 0xa2, 0xf2, 0x0, 0x0,
    0x0, 0x0, 0x9b, 0x0, 0x0, 0x9b, 0x0, 0x0,
    0x9b, 0x0, 0x0, 0x9b, 0x0, 0x0, 0x9b, 0x0,
    0x0, 0x9b, 0x0, 0x0, 0x9b, 0x0, 0x0, 0x9b,
    0x0,

    /* U+020A "Ȋ" */
    0x6, 0xde, 0x80, 0x8, 0x10, 0x71, 0x0, 0xad,
    0x0, 0x0, 0xad, 0x0, 0x0, 0xad, 0x0, 0x0,
    0xad, 0x0, 0x0, 0xad, 0x0, 0x0, 0xad, 0x0,
    0x0, 0xad, 0x0, 0x0, 0xad, 0x0, 0x0, 0xad,
    0x0, 0x0, 0xad, 0x0, 0x0, 0xad, 0x0,

    /* U+020B "ȋ" */
    0x5, 0xee, 0x70, 0xc, 0x21, 0xc1, 0x0, 0x0,
    0x0, 0x0, 0x9b, 0x0, 0x0, 0x9b, 0x0, 0x0,
    0x9b, 0x0, 0x0, 0x9b, 0x0, 0x0, 0x9b, 0x0,
    0x0, 0x9b, 0x0, 0x0, 0x9b, 0x0, 0x0, 0x9b,
    0x0,

    /* U+020C "Ȍ" */
    0x0, 0x1e, 0x98, 0xf1, 0x0, 0x0, 0x0, 0x3f,
    0x1b, 0x80, 0x0, 0x0, 0x0, 0x0, 0x0, 0x0,
    0x0, 0x0, 0x7d, 0xff, 0xb4, 0x0, 0x0, 0xce,
    0x74, 0x49, 0xf7, 0x0, 0x8f, 0x20, 0x0, 0x6,
    0xf3, 0xf, 0x80, 0x0, 0x0, 0xd, 0xa3, 0xf4,
    0x0, 0x0, 0x0, 0x9e, 0x4f, 0x20, 0x0, 0x0,
    0x8, 0xf3, 0xf3, 0x0, 0x0, 0x0, 0x9e, 0xf,
    0x80, 0x0, 0x0, 0xd, 0xa0, 0x8f, 0x20, 0x0,
    0x6, 0xf3, 0x0, 0xce, 0x74, 0x49, 0xf7, 0x0,
    0x0, 0x7d, 0xff, 0xb4, 0x0,

    /* U+020D "ȍ" */
    0x8, 0xf3, 0xe8, 0x0, 0x0, 0xb8, 0x4f, 0x10,
    0x0, 0x0, 0x0, 0x0, 0x0, 0x9e, 0xfc, 0x30,
    0xc, 0xd3, 0x29, 0xf2, 0x4f, 0x20, 0x0, 0xd9,
    0x6f, 0x0, 0x0, 0x9c, 0x6f, 0x0, 0x0, 0x9c,
    0x4f, 0x20, 0x0, 0xd9, 0xc, 0xd3, 0x29, 0xf2,
    0x1, 0x9e, 0xfb, 0x30,

    /* U+020E "Ȏ" */
    0x0, 0x0, 0x6e, 0xc2, 0x0, 0x0, 0x0, 0x2d,
    0x4, 0xc0, 0x0, 0x0, 0x1, 0x30, 0x4, 0x0,
    0x0, 0x0, 0x7d, 0xff, 0xb4, 0x0, 0x0, 0xce,
    0x74, 0x49, 0xf7, 0x0, 0x8f, 0x20, 0x0, 0x6,
    0xf3, 0xf, 0x80, 0x0, 0x0, 0xd, 0xa3, 0xf4,
    0x0, 0x0, 0x0, 0x9e, 0x4f, 0x20, 0x0, 0x0,
    0x8, 0xf3, 0xf3, 0x0, 0x0, 0x0, 0x9e, 0xf,
    0x80, 0x0, 0x0, 0xd, 0xa0, 0x8f, 0x20, 0x0,
    0x6, 0xf3, 0x0, 0xce, 0x74, 0x49, 0xf7, 0x0,
    0x0, 0x7d, 0xff, 0xb4, 0x0,

    /* U+020F "ȏ" */
    0x0, 0x4d, 0xe8, 0x0, 0x0, 0xc3, 0xc, 0x30,
    0x0, 0x0, 0x0, 0x0, 0x0, 0x9e, 0xfc, 0x30,
    0xc, 0xd3, 0x29, 0xf2, 0x4f, 0x20, 0x0, 0xd9,
    0x6f, 0x0, 0x0, 0x9c, 0x6f, 0x0, 0x0, 0x9c,
    0x4f, 0x20, 0x0, 0xd9, 0xc, 0xd3, 0x29, 0xf2,
    0x1, 0x9e, 0xfb, 0x30,

    /* U+0210 "Ȑ" */
    0x0, 0x0, 0x10, 0x0, 0x0, 0x8, 0xf3, 0xe7,
    0x0, 0x0, 0x0, 0xb7, 0x4e, 0x0, 0x0, 0xcf,
    0xff, 0xff, 0xd7, 0x0, 0xcb, 0x33, 0x34, 0x9f,
    0x50, 0xca, 0x0, 0x0, 0xd, 0xb0, 0xca, 0x0,
    0x0, 0xc, 0xb0, 0xca, 0x0, 0x1, 0x7f, 0x60,
    0xcf, 0xff, 0xff, 0xd6, 0x0, 0xcb, 0x34, 0x7f,
    0x60, 0x0, 0xca, 0x0, 0x6, 0xf5, 0x0, 0xca,
    0x0, 0x0, 0xbf, 0x10, 0xca, 0x0, 0x0, 0x1f,
    0xb0, 0xca, 0x0, 0x0, 0x7, 0xf5,

    /* U+0211 "ȑ" */
    0x6f, 0x3d, 0xa0, 0x9, 0xa2, 0xf2, 0x0, 0x0,
    0x0, 0xf, 0x7e, 0xd0, 0xf, 0xd4, 0x40, 0xf,
    0x70, 0x0, 0xf, 0x40, 0x0, 0xf, 0x40, 0x0,
    0xf, 0x40, 0x0, 0xf, 0x40, 0x0, 0xf, 0x40,
    0x0,

    /* U+0212 "Ȓ" */
    0x0, 0x7d, 0xe7, 0x0, 0x0, 0x0, 0x81, 0x8,
    0x10, 0x0, 0xcf, 0xff, 0xff, 0xd7, 0x0, 0xcb,
    0x33, 0x34, 0x9f, 0x50, 0xca, 0x0, 0x0, 0xd,
    0xb0, 0xca, 0x0, 0x0, 0xc, 0xb0, 0xca, 0x0,
    0x1, 0x7f, 0x60, 0xcf, 0xff, 0xff, 0xd6, 0x0,
    0xcb, 0x34, 0x7f, 0x60, 0x0, 0xca, 0x0, 0x6,
    0xf5, 0x0, 0xca, 0x0, 0x0, 0xbf, 0x10, 0xca,
    0x0, 0x0, 0x1f, 0xb0, 0xca, 0x0, 0x0, 0x7,
    0xf5,

    /* U+0213 "ȓ" */
    0xa, 0xed, 0x30, 0x4a, 0x4, 0xa0, 0x0, 0x0,
    0x0, 0xf, 0x7e, 0xd0, 0xf, 0xd4, 0x40, 0xf,
    0x70, 0x0, 0xf, 0x40, 0x0, 0xf, 0x40, 0x0,
    0xf, 0x40, 0x0, 0xf, 0x40, 0x0, 0xf, 0x40,
    0x0,

    /* U+0214 "Ȕ" */
    0x2, 0xf6, 0xae, 0x0, 0x0, 0x5, 0xd1, 0xd6,
    0x0, 0x0, 0x0, 0x0, 0x0, 0xd, 0x90, 0x0,
    0x0, 0xca, 0xd9, 0x0, 0x0, 0xc, 0xad, 0x90,
    0x0, 0x0, 0xca, 0xd9, 0x0, 0x0, 0xc, 0xad,
    0x90, 0x0, 0x0, 0xca, 0xd9, 0x0, 0x0, 0xc,
    0xac, 0x90, 0x0, 0x0, 0xc9, 0xbb, 0x0, 0x0,
    0xe, 0x88, 0xf1, 0x0, 0x2, 0xf5, 0x2f, 0xd6,
    0x57, 0xed, 0x0, 0x2a, 0xef, 0xe9, 0x10,

    /* U+0215 "ȕ" */
    0x5, 0xf4, 0xcb, 0x0, 0x0, 0x8b, 0x2e, 0x30,
    0x0, 0x0, 0x0, 0x0, 0xf, 0x50, 0x0, 0xf4,
    0xf, 0x50, 0x0, 0xf4, 0xf, 0x50, 0x0, 0xf4,
    0xf, 0x50, 0x0, 0xf4, 0xf, 0x50, 0x0, 0xf4,
    0xf, 0x50, 0x2, 0xf4, 0xc, 0xb0, 0x1b, 0xf4,
    0x2, 0xcf, 0xd6, 0xe4,

    /* U+0216 "Ȗ" */
    0x0, 0x1b, 0xe9, 0x0, 0x0, 0x8, 0x70, 0x96,
    0x0, 0x0, 0x10, 0x0, 0x10, 0xd, 0x90, 0x0,
    0x0, 0xca, 0xd9, 0x0, 0x0, 0xc, 0xad, 0x90,
    0x0, 0x0, 0xca, 0xd9, 0x0, 0x0, 0xc, 0xad,
    0x90, 0x0, 0x0, 0xca, 0xd9, 0x0, 0x0, 0xc,
    0xac, 0x90, 0x0, 0x0, 0xc9, 0xbb, 0x0, 0x0,
    0xe, 0x88, 0xf1, 0x0, 0x2, 0xf5, 0x2f, 0xd6,
    0x57, 0xed, 0x0, 0x2a, 0xef, 0xe9, 0x10,

    /* U+0217 "ȗ" */
    0x0, 0x5e, 0xe8, 0x0, 0x0, 0xc2, 0xb, 0x20,
    0x0, 0x0, 0x0, 0x0, 0xf, 0x50, 0x0, 0xf4,
    0xf, 0x50, 0x0, 0xf4, 0xf, 0x50, 0x0, 0xf4,
    0xf, 0x50, 0x0, 0xf4, 0xf, 0x50, 0x0, 0xf4,
    0xf, 0x50, 0x2, 0xf4, 0xc, 0xb0, 0x1b, 0xf4,
    0x2, 0xcf, 0xd6, 0xe4,

    /* U+0218 "Ș" */
    0x0, 0x8d, 0xfe, 0x91, 0x0, 0x9f, 0x74, 0x6d,
    0xd0, 0xe, 0x70, 0x0, 0x1f, 0x60, 0xcb, 0x0,
    0x0, 0x11, 0x2, 0xbf, 0xb7, 0x20, 0x0, 0x0,
    0x15, 0x9e, 0xb1, 0x5, 0x10, 0x0, 0xd, 0x90,
    0xf8, 0x0, 0x0, 0xab, 0x6, 0xf9, 0x54, 0x8f,
    0x60, 0x5, 0xcf, 0xfc, 0x60, 0x0, 0x0, 0x43,
    0x0, 0x0, 0x0, 0xd, 0xa0, 0x0, 0x0, 0x0,
    0x94, 0x0, 0x0, 0x0, 0x6, 0x0, 0x0,

    /* U+0219 "ș" */
    0x2, 0xbe, 0xfb, 0x10, 0xc, 0xb3, 0x3c, 0xc0,
    0xf, 0x50, 0x2, 0x80, 0x9, 0xe8, 0x51, 0x0,
    0x0, 0x38, 0xcf, 0x80, 0x2a, 0x0, 0x5, 0xf0,
    0xe, 0xa3, 0x3a, 0xe0, 0x3, 0xbf, 0xfc, 0x30,
    0x0, 0x4, 0x30, 0x0, 0x0, 0xc, 0xb0, 0x0,
    0x0, 0x8, 0x50, 0x0, 0x0, 0x6, 0x0, 0x0,

    /* U+021A "Ț" */
    0xdf, 0xff, 0xff, 0xff, 0x13, 0x33, 0x9d, 0x33,
    0x30, 0x0, 0x8, 0xc0, 0x0, 0x0, 0x0, 0x8c,
    0x0, 0x0, 0x0, 0x8, 0xc0, 0x0, 0x0, 0x0,
    0x8c, 0x0, 0x0, 0x0, 0x8, 0xc0, 0x0, 0x0,
    0x0, 0x8c, 0x0, 0x0, 0x0, 0x8, 0xc0, 0x0,
    0x0, 0x0, 0x8c, 0x0, 0x0, 0x0, 0x3, 0x40,
    0x0, 0x0, 0x0, 0x9e, 0x0, 0x0, 0x0, 0x5,
    0x80, 0x0, 0x0, 0x0, 0x60, 0x0, 0x0,

    /* U+021B "ț" */
    0x0, 0xf4, 0x0, 0x0, 0xf4, 0x0, 0x2f, 0xff,
    0xf6, 0x1, 0xf5, 0x10, 0x0, 0xf4, 0x0, 0x0,
    0xf4, 0x0, 0x0, 0xf4, 0x0, 0x0, 0xf4, 0x0,
    0x0, 0xe7, 0x10, 0x0, 0x6e, 0xf6, 0x0, 0x15,
    0x10, 0x0, 0x3f, 0x40, 0x0, 0xc, 0x0, 0x0,
    0x33, 0x0,

    /* U+0237 "ȷ" */
    0x0, 0x9b, 0x0, 0x9b, 0x0, 0x9b, 0x0, 0x9b,
    0x0, 0x9b, 0x0, 0x9b, 0x0, 0x9b, 0x0, 0x9b,
    0x1, 0xba, 0x1f, 0xe4,

    /* U+1E00 "Ḁ" */
    0x0, 0x0, 0x1f, 0xd0, 0x0, 0x0, 0x0, 0x0,
    0x7b, 0xf3, 0x0, 0x0, 0x0, 0x0, 0xd6, 0xaa,
    0x0, 0x0, 0x0, 0x3, 0xf1, 0x4f, 0x10, 0x0,
    0x0, 0x9, 0xa0, 0xe, 0x60, 0x0, 0x0, 0xe,
    0x40, 0x7, 0xd0, 0x0, 0x0, 0x5f, 0xff, 0xff,
    0xf3, 0x0, 0x0, 0xb9, 0x22, 0x22, 0xc9, 0x0,
    0x1, 0xf4, 0x0, 0x0, 0x6f, 0x0, 0x7, 0xe0,
    0x0, 0x0, 0x1f, 0x60, 0xd, 0xa0, 0x0, 0x0,
    0xb, 0xd0, 0x0, 0x0, 0x19, 0x70, 0x0, 0x0,
    0x0, 0x0, 0x63, 0x72, 0x0, 0x0, 0x0, 0x0,
    0x2a, 0x90, 0x0, 0x0,

    /* U+1E01 "ḁ" */
    0x1, 0xae, 0xfd, 0x60, 0xd, 0xb2, 0x28, 0xf2,
    0x8, 0x10, 0x0, 0xf4, 0x0, 0x48, 0xad, 0xf5,
    0xd, 0xea, 0x73, 0xf5, 0x5f, 0x10, 0x2, 0xf5,
    0x4f, 0x30, 0x1b, 0xf5, 0x7, 0xed, 0xc5, 0xc9,
    0x0, 0x19, 0x70, 0x0, 0x0, 0x62, 0x71, 0x0,
    0x0, 0x2a, 0x90, 0x0,

    /* U+1E02 "Ḃ" */
    0x0, 0x7, 0x30, 0x0, 0x0, 0x0, 0xe7, 0x0,
    0x0, 0x0, 0x0, 0x0, 0x0, 0xe, 0xff, 0xff,
    0xd6, 0x0, 0xea, 0x44, 0x59, 0xf4, 0xe, 0x80,
    0x0, 0xd, 0xa0, 0xe8, 0x0, 0x0, 0xc9, 0xe,
    0x80, 0x1, 0x5d, 0x10, 0xef, 0xff, 0xff, 0xc2,
    0xe, 0xa3, 0x34, 0x7e, 0xd0, 0xe8, 0x0, 0x0,
    0x5f, 0x2e, 0x80, 0x0, 0x6, 0xf2, 0xea, 0x44,
    0x47, 0xeb, 0xe, 0xff, 0xff, 0xe9, 0x10,

    /* U+1E03 "ḃ" */
    0x0, 0x28, 0x0, 0x0, 0x4, 0xf1, 0x0, 0x0,
    0x0, 0x0, 0xf, 0x50, 0x0, 0x0, 0xf5, 0x0,
    0x0, 0xf, 0x50, 0x0, 0x0, 0xf8, 0xcf, 0xd4,
    0xf, 0xf5, 0x29, 0xf1, 0xf8, 0x0, 0xd, 0x8f,
    0x40, 0x0, 0xab, 0xf3, 0x0, 0xa, 0xaf, 0x70,
    0x0, 0xe7, 0xff, 0x52, 0x9e, 0x1f, 0x6d, 0xfc,
    0x30,

    /* U+1E04 "Ḅ" */
    0xef, 0xff, 0xfd, 0x60, 0xe, 0xa4, 0x45, 0x9f,
    0x40, 0xe8, 0x0, 0x0, 0xda, 0xe, 0x80, 0x0,
    0xc, 0x90, 0xe8, 0x0, 0x15, 0xd1, 0xe, 0xff,
    0xff, 0xfc, 0x20, 0xea, 0x33, 0x47, 0xed, 0xe,
    0x80, 0x0, 0x5, 0xf2, 0xe8, 0x0, 0x0, 0x6f,
    0x2e, 0xa4, 0x44, 0x7e, 0xb0, 0xef, 0xff, 0xfe,
    0x91, 0x0, 0x0, 0x0, 0x0, 0x0, 0x0, 0x7,
    0x30, 0x0, 0x0, 0x0, 0xf6, 0x0, 0x0,

    /* U+1E05 "ḅ" */
    0xf5, 0x0, 0x0, 0xf, 0x50, 0x0, 0x0, 0xf5,
    0x0, 0x0, 0xf, 0x8c, 0xfd, 0x40, 0xff, 0x52,
    0x9f, 0x1f, 0x80, 0x0, 0xd8, 0xf4, 0x0, 0xa,
    0xbf, 0x30, 0x0, 0xaa, 0xf7, 0x0, 0xe, 0x7f,
    0xf5, 0x29, 0xe1, 0xf6, 0xdf, 0xc3, 0x0, 0x0,
    0x0, 0x0, 0x0, 0x37, 0x0, 0x0, 0x7, 0xd0,
    0x0,

    /* U+1E06 "Ḇ" */
    0xef, 0xff, 0xfd, 0x60, 0xe, 0xa4, 0x45, 0x9f,
    0x40, 0xe8, 0x0, 0x0, 0xda, 0xe, 0x80, 0x0,
    0xc, 0x90, 0xe8, 0x0, 0x15, 0xd1, 0xe, 0xff,
    0xff, 0xfc, 0x20, 0xea, 0x33, 0x47, 0xed, 0xe,
    0x80, 0x0, 0x5, 0xf2, 0xe8, 0x0, 0x0, 0x6f,
    0x2e, 0xa4, 0x44, 0x7e, 0xb0, 0xef, 0xff, 0xfe,
    0x91, 0x0, 0x0, 0x0, 0x0, 0x0, 0x1, 0x11,
    0x11, 0x0, 0x0, 0xcf, 0xff, 0xc0, 0x0,

    /* U+1E07 "ḇ" */
    0xf5, 0x0, 0x0, 0xf, 0x50, 0x0, 0x0, 0xf5,
    0x0, 0x0, 0xf, 0x8c, 0xfd, 0x40, 0xff, 0x52,
    0x9f, 0x1f, 0x80, 0x0, 0xd8, 0xf4, 0x0, 0xa,
    0xbf, 0x30, 0x0, 0xaa, 0xf7, 0x0, 0xe, 0x7f,
    0xf5, 0x29, 0xe1, 0xf6, 0xdf, 0xc3, 0x0, 0x0,
    0x0, 0x0, 0x1, 0x11, 0x10, 0x4, 0xff, 0xff,
    0x40,

    /* U+1E08 "Ḉ" */
    0x0, 0x0, 0x4, 0xf5, 0x0, 0x0, 0x0, 0x0,
    0xb8, 0x0, 0x0, 0x0, 0x0, 0x0, 0x0, 0x0,
    0x0, 0x0, 0x7d, 0xfe, 0xa2, 0x0, 0x0, 0xce,
    0x74, 0x5b, 0xf3, 0x0, 0x8f, 0x20, 0x0, 0xc,
    0xc0, 0xf, 0x90, 0x0, 0x0, 0x24, 0x2, 0xf5,
    0x0, 0x0, 0x0, 0x0, 0x3f, 0x40, 0x0, 0x0,
    0x0, 0x2, 0xf4, 0x0, 0x0, 0x0, 0x0, 0xf,
    0x80, 0x0, 0x0, 0x4b, 0x10, 0x9e, 0x10, 0x0,
    0xc, 0xd0, 0x1, 0xde, 0x63, 0x4c, 0xf3, 0x0,
    0x1, 0x9e, 0xfe, 0xb3, 0x0, 0x0, 0x0, 0x3f,
    0x50, 0x0, 0x0, 0x0, 0x0, 0x5f, 0x0, 0x0,
    0x0, 0x2, 0xee, 0x90, 0x0, 0x0,

    /* U+1E09 "ḉ" */
    0x0, 0x0, 0xea, 0x0, 0x0, 0x6, 0xd0, 0x0,
    0x0, 0x0, 0x0, 0x0, 0x1, 0x9e, 0xfb, 0x20,
    0xc, 0xd3, 0x2b, 0xd0, 0x3f, 0x30, 0x1, 0x91,
    0x5f, 0x0, 0x0, 0x0, 0x5f, 0x0, 0x0, 0x0,
    0x3f, 0x20, 0x0, 0xd3, 0xc, 0xb1, 0x9, 0xe0,
    0x1, 0xbf, 0xfc, 0x20, 0x0, 0xc, 0x90, 0x0,
    0x0, 0x0, 0xe5, 0x0, 0x0, 0x6e, 0xc1, 0x0,

    /* U+1E0A "Ḋ" */
    0x0, 0x4, 0x60, 0x0, 0x0, 0x0, 0x8, 0xd0,
    0x0, 0x0, 0x0, 0x0, 0x0, 0x0, 0x0, 0xcf,
    0xff, 0xfe, 0x91, 0x0, 0xcb, 0x44, 0x47, 0xed,
    0x0, 0xca, 0x0, 0x0, 0x2f, 0x60, 0xca, 0x0,
    0x0, 0xa, 0xd0, 0xca, 0x0, 0x0, 0x7, 0xf0,
    0xca, 0x0, 0x0, 0x6, 0xf0, 0xca, 0x0, 0x0,
    0x7, 0xf0, 0xca, 0x0, 0x0, 0xa, 0xd0, 0xca,
    0x0, 0x0, 0x2f, 0x70, 0xcb, 0x44, 0x57, 0xed,
    0x0, 0xcf, 0xff, 0xfd, 0x81, 0x0,

    /* U+1E0B "ḋ" */
    0x0, 0x5, 0x50, 0x0, 0x0, 0xa, 0xb0, 0x0,
    0x0, 0x0, 0x0, 0x0, 0x0, 0x0, 0x0, 0xf4,
    0x0, 0x0, 0x0, 0xf4, 0x0, 0x0, 0x0, 0xf4,
    0x1, 0xbf, 0xe6, 0xf4, 0xc, 0xc3, 0x3d, 0xf4,
    0x3f, 0x20, 0x3, 0xf4, 0x6f, 0x0, 0x0, 0xf4,
    0x6e, 0x0, 0x0, 0xf4, 0x3f, 0x10, 0x1, 0xf4,
    0xb, 0xa0, 0xa, 0xf4, 0x1, 0xae, 0xd7, 0xf4,

    /* U+1E0C "Ḍ" */
    0xcf, 0xff, 0xfe, 0x91, 0x0, 0xcb, 0x44, 0x47,
    0xed, 0x0, 0xca, 0x0, 0x0, 0x2f, 0x60, 0xca,
    0x0, 0x0, 0xa, 0xd0, 0xca, 0x0, 0x0, 0x7,
    0xf0, 0xca, 0x0, 0x0, 0x6, 0xf0, 0xca, 0x0,
    0x0, 0x7, 0xf0, 0xca, 0x0, 0x0, 0xa, 0xd0,
    0xca, 0x0, 0x0, 0x2f, 0x70, 0xcb, 0x44, 0x57,
    0xed, 0x0, 0xcf, 0xff, 0xfd, 0x81, 0x0, 0x0,
    0x0, 0x0, 0x0, 0x0, 0x0, 0x5, 0x50, 0x0,
    0x0, 0x0, 0xa, 0xb0, 0x0, 0x0,

    /* U+1E0D "ḍ" */
    0x0, 0x0, 0x0, 0xf4, 0x0, 0x0, 0x0, 0xf4,
    0x0, 0x0, 0x0, 0xf4, 0x1, 0xbf, 0xe6, 0xf4,
    0xc, 0xc3, 0x3d, 0xf4, 0x3f, 0x20, 0x3, 0xf4,
    0x6f, 0x0, 0x0, 0xf4, 0x6e, 0x0, 0x0, 0xf4,
    0x3f, 0x10, 0x1, 0xf4, 0xb, 0xa0, 0xa, 0xf4,
    0x1, 0xae, 0xd7, 0xf4, 0x0, 0x0, 0x0, 0x0,
    0x0, 0x4, 0x60, 0x0, 0x0, 0x9, 0xc0, 0x0,

    /* U+1E0E "Ḏ" */
    0xcf, 0xff, 0xfe, 0x91, 0x0, 0xcb, 0x44, 0x47,
    0xed, 0x0, 0xca, 0x0, 0x0, 0x2f, 0x60, 0xca,
    0x0, 0x0, 0xa, 0xd0, 0xca, 0x0, 0x0, 0x7,
    0xf0, 0xca, 0x0, 0x0, 0x6, 0xf0, 0xca, 0x0,
    0x0, 0x7, 0xf0, 0xca, 0x0, 0x0, 0xa, 0xd0,
    0xca, 0x0, 0x0, 0x2f, 0x70, 0xcb, 0x44, 0x57,
    0xed, 0x0, 0xcf, 0xff, 0xfd, 0x81, 0x0, 0x0,
    0x0, 0x0, 0x0, 0x0, 0x0, 0x11, 0x11, 0x0,
    0x0, 0x5, 0xff, 0xff, 0x40, 0x0,

    /* U+1E0F "ḏ" */
    0x0, 0x0, 0x0, 0xf4, 0x0, 0x0, 0x0, 0xf4,
    0x0, 0x0, 0x0, 0xf4, 0x1, 0xbf, 0xe6, 0xf4,
    0xc, 0xc3, 0x3d, 0xf4, 0x3f, 0x20, 0x3, 0xf4,
    0x6f, 0x0, 0x0, 0xf4, 0x6e, 0x0, 0x0, 0xf4,
    0x3f, 0x10, 0x1, 0xf4, 0xb, 0xa0, 0xa, 0xf4,
    0x1, 0xae, 0xd7, 0xf4, 0x0, 0x0, 0x0, 0x0,
    0x0, 0x11, 0x11, 0x0, 0x5, 0xff, 0xff, 0x40,

    /* U+1E10 "Ḑ" */
    0xcf, 0xff, 0xfe, 0x91, 0x0, 0xcb, 0x44, 0x47,
    0xed, 0x0, 0xca, 0x0, 0x0, 0x2f, 0x60, 0xca,
    0x0, 0x0, 0xa, 0xd0, 0xca, 0x0, 0x0, 0x7,
    0xf0, 0xca, 0x0, 0x0, 0x6, 0xf0, 0xca, 0x0,
    0x0, 0x7, 0xf0, 0xca, 0x0, 0x0, 0xa, 0xd0,
    0xca, 0x0, 0x0, 0x2f, 0x70, 0xcb, 0x44, 0x47,
    0xed, 0x0, 0xcf, 0xff, 0xfe, 0x91, 0x0, 0x0,
    0xa, 0x70, 0x0, 0x0, 0x0, 0x2, 0xd6, 0x0,
    0x0, 0x0, 0x8e, 0xc2, 0x0, 0x0,

    /* U+1E11 "ḑ" */
    0x0, 0x0, 0x0, 0xf4, 0x0, 0x0, 0x0, 0xf4,
    0x0, 0x0, 0x0, 0xf4, 0x1, 0xbf, 0xe6, 0xf4,
    0xc, 0xc3, 0x3d, 0xf4, 0x3f, 0x20, 0x3, 0xf4,
    0x6f, 0x0, 0x0, 0xf4, 0x6e, 0x0, 0x0, 0xf4,
    0x3f, 0x20, 0x2, 0xf4, 0xd, 0xb1, 0x1b, 0xf4,
    0x1, 0xcf, 0xf7, 0xf4, 0x0, 0xb, 0x80, 0x0,
    0x0, 0x1, 0xd6, 0x0, 0x0, 0x8e, 0xc2, 0x0,

    /* U+1E12 "Ḓ" */
    0xcf, 0xff, 0xfe, 0x91, 0x0, 0xcb, 0x44, 0x47,
    0xed, 0x0, 0xca, 0x0, 0x0, 0x2f, 0x60, 0xca,
    0x0, 0x0, 0xa, 0xd0, 0xca, 0x0, 0x0, 0x7,
    0xf0, 0xca, 0x0, 0x0, 0x6, 0xf0, 0xca, 0x0,
    0x0, 0x7, 0xf0, 0xca, 0x0, 0x0, 0xa, 0xd0,
    0xca, 0x0, 0x0, 0x2f, 0x70, 0xcb, 0x44, 0x57,
    0xed, 0x0, 0xcf, 0xff, 0xfd, 0x81, 0x0, 0x0,
    0x0, 0x0, 0x0, 0x0, 0x0, 0x3e, 0xd1, 0x0,
    0x0, 0x1, 0xe6, 0x9c, 0x0, 0x0,

    /* U+1E13 "ḓ" */
    0x0, 0x0, 0x0, 0xf4, 0x0, 0x0, 0x0, 0xf4,
    0x0, 0x0, 0x0, 0xf4, 0x1, 0xbf, 0xe6, 0xf4,
    0xc, 0xc3, 0x3d, 0xf4, 0x3f, 0x20, 0x3, 0xf4,
    0x6f, 0x0, 0x0, 0xf4, 0x6e, 0x0, 0x0, 0xf4,
    0x3f, 0x10, 0x1, 0xf4, 0xb, 0xa0, 0xa, 0xf4,
    0x1, 0xae, 0xd7, 0xf4, 0x0, 0x0, 0x0, 0x0,
    0x0, 0x1d, 0xe3, 0x0, 0x0, 0xbb, 0x5e, 0x20,

    /* U+1E14 "Ḕ" */
    0x0, 0x5f, 0x40, 0x0, 0x0, 0x0, 0x8b, 0x0,
    0x0, 0x0, 0x0, 0x0, 0x0, 0x0, 0x4f, 0xff,
    0xf4, 0x0, 0x0, 0x22, 0x22, 0x0, 0xd, 0xff,
    0xff, 0xff, 0xf0, 0xdb, 0x44, 0x44, 0x44, 0xd,
    0x90, 0x0, 0x0, 0x0, 0xd9, 0x0, 0x0, 0x0,
    0xd, 0xa0, 0x0, 0x0, 0x0, 0xdf, 0xff, 0xff,
    0xf8, 0xd, 0xb3, 0x33, 0x33, 0x20, 0xd9, 0x0,
    0x0, 0x0, 0xd, 0x90, 0x0, 0x0, 0x0, 0xdb,
    0x44, 0x44, 0x44, 0xd, 0xff, 0xff, 0xff, 0xf3,

    /* U+1E15 "ḕ" */
    0x0, 0x1, 0x0, 0x0, 0x0, 0x4f, 0x40, 0x0,
    0x0, 0x7, 0xc0, 0x0, 0x0, 0xff, 0xff, 0x90,
    0x0, 0x11, 0x11, 0x0, 0x0, 0x0, 0x0, 0x0,
    0x0, 0x9e, 0xfc, 0x30, 0xa, 0xd3, 0x28, 0xf2,
    0x2f, 0x20, 0x0, 0xb8, 0x5f, 0xff, 0xff, 0xfb,
    0x5f, 0x22, 0x22, 0x21, 0x2f, 0x40, 0x0, 0x96,
    0xb, 0xe4, 0x28, 0xf3, 0x0, 0x9e, 0xfc, 0x40,

    /* U+1E16 "Ḗ" */
    0x0, 0x1, 0xf7, 0x0, 0x0, 0x0, 0x8b, 0x0,
    0x0, 0x0, 0x0, 0x0, 0x0, 0x0, 0x3f, 0xff,
    0xf5, 0x0, 0x0, 0x22, 0x22, 0x0, 0xd, 0xff,
    0xff, 0xff, 0xf0, 0xdb, 0x44, 0x44, 0x44, 0xd,
    0x90, 0x0, 0x0, 0x0, 0xd9, 0x0, 0x0, 0x0,
    0xd, 0xa0, 0x0, 0x0, 0x0, 0xdf, 0xff, 0xff,
    0xf8, 0xd, 0xb3, 0x33, 0x33, 0x20, 0xd9, 0x0,
    0x0, 0x0, 0xd, 0x90, 0x0, 0x0, 0x0, 0xdb,
    0x44, 0x44, 0x44, 0xd, 0xff, 0xff, 0xff, 0xf3,

    /* U+1E17 "ḗ" */
    0x0, 0x0, 0x1, 0x0, 0x0, 0x0, 0xe9, 0x0,
    0x0, 0x6, 0xc0, 0x0, 0x0, 0xff, 0xff, 0x90,
    0x0, 0x11, 0x11, 0x0, 0x0, 0x0, 0x0, 0x0,
    0x0, 0x9e, 0xfc, 0x30, 0xa, 0xd3, 0x28, 0xf2,
    0x2f, 0x20, 0x0, 0xb8, 0x5f, 0xff, 0xff, 0xfb,
    0x5f, 0x22, 0x22, 0x21, 0x2f, 0x40, 0x0, 0x96,
    0xb, 0xe4, 0x28, 0xf3, 0x0, 0x9e, 0xfc, 0x40,

    /* U+1E18 "Ḙ" */
    0xdf, 0xff, 0xff, 0xff, 0xd, 0xb4, 0x44, 0x44,
    0x40, 0xd9, 0x0, 0x0, 0x0, 0xd, 0x90, 0x0,
    0x0, 0x0, 0xda, 0x0, 0x0, 0x0, 0xd, 0xff,
    0xff, 0xff, 0x80, 0xdb, 0x33, 0x33, 0x32, 0xd,
    0x90, 0x0, 0x0, 0x0, 0xd9, 0x0, 0x0, 0x0,
    0xd, 0xb4, 0x44, 0x44, 0x40, 0xdf, 0xff, 0xff,
    0xff, 0x30, 0x0, 0x0, 0x0, 0x0, 0x0, 0x1d,
    0xe3, 0x0, 0x0, 0xc, 0xa6, 0xe1, 0x0,

    /* U+1E19 "ḙ" */
    0x0, 0x9e, 0xfc, 0x30, 0xa, 0xd3, 0x28, 0xf2,
    0x2f, 0x20, 0x0, 0xb8, 0x5f, 0xff, 0xff, 0xfb,
    0x5f, 0x22, 0x22, 0x21, 0x2f, 0x40, 0x0, 0x96,
    0xb, 0xe4, 0x28, 0xf3, 0x0, 0x9e, 0xfc, 0x40,
    0x0, 0x0, 0x10, 0x0, 0x0, 0xc, 0xf8, 0x0,
    0x0, 0x8d, 0x3f, 0x40,

    /* U+1E1A "Ḛ" */
    0xdf, 0xff, 0xff, 0xff, 0xd, 0xb4, 0x44, 0x44,
    0x40, 0xd9, 0x0, 0x0, 0x0, 0xd, 0x90, 0x0,
    0x0, 0x0, 0xda, 0x0, 0x0, 0x0, 0xd, 0xff,
    0xff, 0xff, 0x80, 0xdb, 0x33, 0x33, 0x32, 0xd,
    0x90, 0x0, 0x0, 0x0, 0xd9, 0x0, 0x0, 0x0,
    0xd, 0xb4, 0x44, 0x44, 0x40, 0xdf, 0xff, 0xff,
    0xff, 0x30, 0x0, 0x0, 0x0, 0x0, 0x0, 0xae,
    0x67, 0x80, 0x0, 0x3d, 0x1b, 0xe2, 0x0,

    /* U+1E1B "ḛ" */
    0x0, 0x9e, 0xfb, 0x10, 0xa, 0xe5, 0x2a, 0xd0,
    0x2f, 0x60, 0x0, 0xe6, 0x5f, 0x10, 0x0, 0xba,
    0x5f, 0xff, 0xff, 0xfb, 0x2f, 0x32, 0x22, 0x32,
    0xb, 0xb3, 0x15, 0xf6, 0x0, 0x9e, 0xfd, 0x60,
    0x0, 0x0, 0x0, 0x0, 0x0, 0x9e, 0x76, 0xa0,
    0x1, 0xe1, 0xae, 0x40,

    /* U+1E1C "Ḝ" */
    0x0, 0x62, 0x5, 0x20, 0x0, 0x4, 0xde, 0xa0,
    0x0, 0x0, 0x0, 0x0, 0x0, 0xd, 0xff, 0xff,
    0xff, 0xf0, 0xdb, 0x44, 0x44, 0x44, 0xd, 0x90,
    0x0, 0x0, 0x0, 0xd9, 0x0, 0x0, 0x0, 0xd,
    0xa0, 0x0, 0x0, 0x0, 0xdf, 0xff, 0xff, 0xf8,
    0xd, 0xb3, 0x33, 0x33, 0x20, 0xd9, 0x0, 0x0,
    0x0, 0xd, 0x90, 0x0, 0x0, 0x0, 0xdb, 0x44,
    0x44, 0x44, 0xd, 0xff, 0xff, 0xff, 0xf3, 0x0,
    0x6, 0xb0, 0x0, 0x0, 0x0, 0x1a, 0xb0, 0x0,
    0x0, 0x4e, 0xe5, 0x0, 0x0,

    /* U+1E1D "ḝ" */
    0x0, 0xb4, 0xa, 0x50, 0x0, 0x2c, 0xe9, 0x0,
    0x0, 0x0, 0x0, 0x0, 0x0, 0x9e, 0xfc, 0x30,
    0xa, 0xd3, 0x28, 0xf2, 0x2f, 0x20, 0x0, 0xb8,
    0x5f, 0xff, 0xff, 0xfb, 0x5f, 0x22, 0x22, 0x21,
    0x3f, 0x40, 0x0, 0x95, 0xc, 0xd3, 0x7, 0xf3,
    0x1, 0xaf, 0xfd, 0x50, 0x0, 0x7, 0xb1, 0x0,
    0x0, 0x0, 0xaa, 0x0, 0x0, 0x5e, 0xd4, 0x0,

    /* U+1E1E "Ḟ" */
    0x0, 0x7, 0x30, 0x0, 0x0, 0xe, 0x70, 0x0,
    0x0, 0x0, 0x0, 0x0, 0xcf, 0xff, 0xff, 0xf7,
    0xcb, 0x44, 0x44, 0x41, 0xca, 0x0, 0x0, 0x0,
    0xca, 0x0, 0x0, 0x0, 0xca, 0x0, 0x0, 0x0,
    0xcf, 0xff, 0xff, 0xa0, 0xcb, 0x33, 0x33, 0x20,
    0xca, 0x0, 0x0, 0x0, 0xca, 0x0, 0x0, 0x0,
    0xca, 0x0, 0x0, 0x0, 0xca, 0x0, 0x0, 0x0,

    /* U+1E1F "ḟ" */
    0x0, 0x64, 0x0, 0xd, 0x80, 0x0, 0x0, 0x0,
    0x3d, 0xf8, 0x9, 0xd4, 0x20, 0xb9, 0x0, 0xef,
    0xff, 0x10, 0xb9, 0x0, 0xb, 0x90, 0x0, 0xb9,
    0x0, 0xb, 0x90, 0x0, 0xb9, 0x0, 0xb, 0x90,
    0x0, 0xb9, 0x0,

    /* U+1E20 "Ḡ" */
    0x0, 0x8, 0xff, 0xf7, 0x0, 0x0, 0x1, 0x22,
    0x20, 0x0, 0x0, 0x0, 0x0, 0x0, 0x0, 0x0,
    0x19, 0xef, 0xea, 0x20, 0x2, 0xec, 0x54, 0x5b,
    0xe2, 0xc, 0xc0, 0x0, 0x0, 0x96, 0x1f, 0x40,
    0x0, 0x0, 0x0, 0x4f, 0x10, 0x8, 0xff, 0xfc,
    0x4f, 0x10, 0x1, 0x33, 0x9c, 0x2f, 0x40, 0x0,
    0x0, 0xbc, 0xc, 0xb0, 0x0, 0x3, 0xfc, 0x2,
    0xec, 0x54, 0x7e, 0x9c, 0x0, 0x29, 0xef, 0xd4,
    0x3c,

    /* U+1E21 "ḡ" */
    0x0, 0xcf, 0xff, 0x40, 0x0, 0x1, 0x11, 0x0,
    0x0, 0x9e, 0xf9, 0x8b, 0xb, 0xd4, 0x3a, 0xfb,
    0x2f, 0x30, 0x0, 0xcb, 0x5f, 0x0, 0x0, 0x9b,
    0x3f, 0x20, 0x0, 0xbb, 0xd, 0xb2, 0x7, 0xfb,
    0x2, 0xcf, 0xfc, 0xab, 0x5, 0x11, 0x20, 0xaa,
    0xb, 0xc4, 0x36, 0xf5, 0x0, 0x9e, 0xfd, 0x60,

    /* U+1E22 "Ḣ" */
    0x0, 0x1, 0x81, 0x0, 0x0, 0x0, 0x2f, 0x30,
    0x0, 0x0, 0x0, 0x0, 0x0, 0xc, 0xa0, 0x0,
    0x0, 0xca, 0xca, 0x0, 0x0, 0xc, 0xac, 0xa0,
    0x0, 0x0, 0xca, 0xca, 0x0, 0x0, 0xc, 0xac,
    0xa0, 0x0, 0x0, 0xca, 0xcf, 0xff, 0xff, 0xff,
    0xac, 0xb3, 0x33, 0x33, 0xda, 0xca, 0x0, 0x0,
    0xc, 0xac, 0xa0, 0x0, 0x0, 0xca, 0xca, 0x0,
    0x0, 0xc, 0xac, 0xa0, 0x0, 0x0, 0xca,

    /* U+1E23 "ḣ" */
    0x73, 0x0, 0x0, 0xf, 0x60, 0x0, 0x0, 0x0,
    0x0, 0x0, 0xf, 0x50, 0x0, 0x0, 0xf5, 0x0,
    0x0, 0xf, 0x50, 0x0, 0x0, 0xf7, 0xcf, 0xd6,
    0xf, 0xf6, 0x39, 0xf2, 0xf8, 0x0, 0xf, 0x5f,
    0x50, 0x0, 0xf5, 0xf5, 0x0, 0xf, 0x5f, 0x50,
    0x0, 0xf5, 0xf5, 0x0, 0xf, 0x5f, 0x50, 0x0,
    0xf5,

    /* U+1E24 "Ḥ" */
    0xca, 0x0, 0x0, 0xc, 0xac, 0xa0, 0x0, 0x0,
    0xca, 0xca, 0x0, 0x0, 0xc, 0xac, 0xa0, 0x0,
    0x0, 0xca, 0xca, 0x0, 0x0, 0xc, 0xac, 0xff,
    0xff, 0xff, 0xfa, 0xcb, 0x33, 0x33, 0x3d, 0xac,
    0xa0, 0x0, 0x0, 0xca, 0xca, 0x0, 0x0, 0xc,
    0xac, 0xa0, 0x0, 0x0, 0xca, 0xca, 0x0, 0x0,
    0xc, 0xa0, 0x0, 0x0, 0x0, 0x0, 0x0, 0x1,
    0x81, 0x0, 0x0, 0x0, 0x2f, 0x30, 0x0,

    /* U+1E25 "ḥ" */
    0xf5, 0x0, 0x0, 0xf, 0x50, 0x0, 0x0, 0xf5,
    0x0, 0x0, 0xf, 0x7c, 0xfd, 0x60, 0xff, 0x63,
    0x9f, 0x2f, 0x80, 0x0, 0xf5, 0xf5, 0x0, 0xf,
    0x5f, 0x50, 0x0, 0xf5, 0xf5, 0x0, 0xf, 0x5f,
    0x50, 0x0, 0xf5, 0xf5, 0x0, 0xf, 0x50, 0x0,
    0x0, 0x0, 0x0, 0x37, 0x0, 0x0, 0x6, 0xe0,
    0x0,

    /* U+1E26 "Ḧ" */
    0x0, 0x56, 0x7, 0x30, 0x0, 0x9, 0xc0, 0xe7,
    0x0, 0x0, 0x0, 0x0, 0x0, 0xc, 0xa0, 0x0,
    0x0, 0xca, 0xca, 0x0, 0x0, 0xc, 0xac, 0xa0,
    0x0, 0x0, 0xca, 0xca, 0x0, 0x0, 0xc, 0xac,
    0xa0, 0x0, 0x0, 0xca, 0xcf, 0xff, 0xff, 0xff,
    0xac, 0xb3, 0x33, 0x33, 0xda, 0xca, 0x0, 0x0,
    0xc, 0xac, 0xa0, 0x0, 0x0, 0xca, 0xca, 0x0,
    0x0, 0xc, 0xac, 0xa0, 0x0, 0x0, 0xca,

    /* U+1E27 "ḧ" */
    0x6, 0x40, 0x82, 0x0, 0xd8, 0x1f, 0x40, 0x0,
    0x0, 0x0, 0xf, 0x50, 0x0, 0x0, 0xf5, 0x0,
    0x0, 0xf, 0x50, 0x0, 0x0, 0xf7, 0xcf, 0xd6,
    0xf, 0xf6, 0x39, 0xf2, 0xf8, 0x0, 0xf, 0x5f,
    0x50, 0x0, 0xf5, 0xf5, 0x0, 0xf, 0x5f, 0x50,
    0x0, 0xf5, 0xf5, 0x0, 0xf, 0x5f, 0x50, 0x0,
    0xf5,

    /* U+1E28 "Ḩ" */
    0xc, 0xa0, 0x0, 0x0, 0xca, 0xc, 0xa0, 0x0,
    0x0, 0xca, 0xc, 0xa0, 0x0, 0x0, 0xca, 0xc,
    0xa0, 0x0, 0x0, 0xca, 0xc, 0xa0, 0x0, 0x0,
    0xca, 0xc, 0xff, 0xff, 0xff, 0xfa, 0xc, 0xb3,
    0x33, 0x33, 0xda, 0xc, 0xa0, 0x0, 0x0, 0xca,
    0xc, 0xa0, 0x0, 0x0, 0xca, 0xc, 0xa0, 0x0,
    0x0, 0xca, 0xc, 0xa0, 0x0, 0x0, 0xca, 0x9,
    0x90, 0x0, 0x0, 0x0, 0x1, 0xc7, 0x0, 0x0,
    0x0, 0x7e, 0xd2, 0x0, 0x0, 0x0,

    /* U+1E29 "ḩ" */
    0xf, 0x50, 0x0, 0x0, 0xf, 0x50, 0x0, 0x0,
    0xf, 0x50, 0x0, 0x0, 0xf, 0x7c, 0xfd, 0x60,
    0xf, 0xf6, 0x39, 0xf2, 0xf, 0x80, 0x0, 0xf5,
    0xf, 0x50, 0x0, 0xf5, 0xf, 0x50, 0x0, 0xf5,
    0xf, 0x50, 0x0, 0xf5, 0xf, 0x50, 0x0, 0xf5,
    0xf, 0x50, 0x0, 0xf5, 0xf, 0x30, 0x0, 0x0,
    0x4, 0xf1, 0x0, 0x0, 0xde, 0xa0, 0x0, 0x0,

    /* U+1E2A "Ḫ" */
    0xca, 0x0, 0x0, 0xc, 0xac, 0xa0, 0x0, 0x0,
    0xca, 0xca, 0x0, 0x0, 0xc, 0xac, 0xa0, 0x0,
    0x0, 0xca, 0xca, 0x0, 0x0, 0xc, 0xac, 0xff,
    0xff, 0xff, 0xfa, 0xcb, 0x33, 0x33, 0x3d, 0xac,
    0xa0, 0x0, 0x0, 0xca, 0xca, 0x0, 0x0, 0xc,
    0xac, 0xa0, 0x0, 0x0, 0xca, 0xca, 0x0, 0x0,
    0xc, 0xa0, 0x0, 0x0, 0x0, 0x0, 0x0, 0x86,
    0x8, 0x60, 0x0, 0x2, 0xcf, 0xb0, 0x0,

    /* U+1E2B "ḫ" */
    0xf5, 0x0, 0x0, 0xf, 0x50, 0x0, 0x0, 0xf5,
    0x0, 0x0, 0xf, 0x7c, 0xfd, 0x60, 0xff, 0x63,
    0x9f, 0x2f, 0x80, 0x0, 0xf5, 0xf5, 0x0, 0xf,
    0x5f, 0x50, 0x0, 0xf5, 0xf5, 0x0, 0xf, 0x5f,
    0x50, 0x0, 0xf5, 0xf5, 0x0, 0xf, 0x50, 0x0,
    0x0, 0x0, 0xc, 0x20, 0xc2, 0x0, 0x5e, 0xe8,
    0x0,

    /* U+1E2C "Ḭ" */
    0x0, 0xad, 0x0, 0x0, 0xad, 0x0, 0x0, 0xad,
    0x0, 0x0, 0xad, 0x0, 0x0, 0xad, 0x0, 0x0,
    0xad, 0x0, 0x0, 0xad, 0x0, 0x0, 0xad, 0x0,
    0x0, 0xad, 0x0, 0x0, 0xad, 0x0, 0x0, 0xad,
    0x0, 0x0, 0x0, 0x0, 0xc, 0xd4, 0xa6, 0x5a,
    0x2c, 0xd1,

    /* U+1E2D "ḭ" */
    0x0, 0xf5, 0x0, 0x0, 0x82, 0x0, 0x0, 0x0,
    0x0, 0x0, 0xf5, 0x0, 0x0, 0xf5, 0x0, 0x0,
    0xf5, 0x0, 0x0, 0xf5, 0x0, 0x0, 0xf5, 0x0,
    0x0, 0xf5, 0x0, 0x0, 0xf5, 0x0, 0x0, 0xf5,
    0x0, 0x0, 0x0, 0x0, 0x5e, 0x93, 0xe0, 0xc3,
    0x7e, 0x80,

    /* U+1E2E "Ḯ" */
    0x0, 0x0, 0x0, 0x1f, 0x80, 0x8, 0xb0, 0x7,
    0x31, 0x80, 0xf6, 0x3f, 0x10, 0x0, 0x0, 0xa,
    0xd0, 0x0, 0xad, 0x0, 0xa, 0xd0, 0x0, 0xad,
    0x0, 0xa, 0xd0, 0x0, 0xad, 0x0, 0xa, 0xd0,
    0x0, 0xad, 0x0, 0xa, 0xd0, 0x0, 0xad, 0x0,
    0xa, 0xd0, 0x0,

    /* U+1E2F "ḯ" */
    0x0, 0x0, 0x0, 0x1f, 0x80, 0x8, 0xb0, 0xe,
    0x73, 0xf2, 0x73, 0x18, 0x10, 0x0, 0x0, 0x9,
    0xb0, 0x0, 0x9b, 0x0, 0x9, 0xb0, 0x0, 0x9b,
    0x0, 0x9, 0xb0, 0x0, 0x9b, 0x0, 0x9, 0xb0,
    0x0, 0x9b, 0x0,

    /* U+1E30 "Ḱ" */
    0x0, 0x6, 0xf3, 0x0, 0x0, 0x0, 0xd6, 0x0,
    0x0, 0x0, 0x0, 0x0, 0x0, 0xe, 0x80, 0x0,
    0x9, 0xf4, 0xe8, 0x0, 0x9, 0xf4, 0xe, 0x80,
    0x9, 0xf4, 0x0, 0xe8, 0x9, 0xf4, 0x0, 0xe,
    0x88, 0xf7, 0x0, 0x0, 0xee, 0xfc, 0xe1, 0x0,
    0xe, 0xf4, 0x1e, 0xb0, 0x0, 0xe8, 0x0, 0x4f,
    0x70, 0xe, 0x80, 0x0, 0x9f, 0x30, 0xe8, 0x0,
    0x0, 0xed, 0xe, 0x80, 0x0, 0x4, 0xf9,

    /* U+1E31 "ḱ" */
    0x0, 0x5f, 0x30, 0x0, 0x0, 0xc7, 0x0, 0x0,
    0x0, 0x10, 0x0, 0x0, 0xf, 0x50, 0x0, 0x0,
    0xf, 0x50, 0x0, 0x0, 0xf, 0x50, 0x0, 0x0,
    0xf, 0x50, 0x2e, 0xa0, 0xf, 0x52, 0xea, 0x0,
    0xf, 0x6d, 0xa0, 0x0, 0xf, 0xff, 0x80, 0x0,
    0xf, 0xa6, 0xf2, 0x0, 0xf, 0x50, 0xcc, 0x0,
    0xf, 0x50, 0x2f, 0x70, 0xf, 0x50, 0x7, 0xf2,

    /* U+1E32 "Ḳ" */
    0xe8, 0x0, 0x0, 0x9f, 0x4e, 0x80, 0x0, 0x9f,
    0x40, 0xe8, 0x0, 0x9f, 0x40, 0xe, 0x80, 0x9f,
    0x40, 0x0, 0xe8, 0x8f, 0x70, 0x0, 0xe, 0xef,
    0xce, 0x10, 0x0, 0xef, 0x41, 0xeb, 0x0, 0xe,
    0x80, 0x4, 0xf7, 0x0, 0xe8, 0x0, 0x9, 0xf3,
    0xe, 0x80, 0x0, 0xe, 0xd0, 0xe8, 0x0, 0x0,
    0x4f, 0x90, 0x0, 0x0, 0x0, 0x0, 0x0, 0x6,
    0x40, 0x0, 0x0, 0x0, 0xd8, 0x0, 0x0,

    /* U+1E33 "ḳ" */
    0xf, 0x50, 0x0, 0x0, 0xf, 0x50, 0x0, 0x0,
    0xf, 0x50, 0x0, 0x0, 0xf, 0x50, 0x2e, 0xa0,
    0xf, 0x52, 0xea, 0x0, 0xf, 0x6d, 0xa0, 0x0,
    0xf, 0xff, 0x80, 0x0, 0xf, 0xa6, 0xf2, 0x0,
    0xf, 0x50, 0xcc, 0x0, 0xf, 0x50, 0x2f, 0x70,
    0xf, 0x50, 0x7, 0xf2, 0x0, 0x0, 0x0, 0x0,
    0x0, 0x7, 0x30, 0x0, 0x0, 0xd, 0x70, 0x0,

    /* U+1E34 "Ḵ" */
    0xe8, 0x0, 0x0, 0x9f, 0x4e, 0x80, 0x0, 0x9f,
    0x40, 0xe8, 0x0, 0x9f, 0x40, 0xe, 0x80, 0x9f,
    0x40, 0x0, 0xe8, 0x8f, 0x70, 0x0, 0xe, 0xef,
    0xce, 0x10, 0x0, 0xef, 0x41, 0xeb, 0x0, 0xe,
    0x80, 0x4, 0xf7, 0x0, 0xe8, 0x0, 0x9, 0xf3,
    0xe, 0x80, 0x0, 0xe, 0xd0, 0xe8, 0x0, 0x0,
    0x4f, 0x90, 0x0, 0x0, 0x0, 0x0, 0x0, 0x11,
    0x11, 0x0, 0x0, 0x3f, 0xff, 0xf6, 0x0,

    /* U+1E35 "ḵ" */
    0xf, 0x50, 0x0, 0x0, 0xf, 0x50, 0x0, 0x0,
    0xf, 0x50, 0x0, 0x0, 0xf, 0x50, 0x2e, 0xa0,
    0xf, 0x52, 0xea, 0x0, 0xf, 0x6d, 0xa0, 0x0,
    0xf, 0xff, 0x80, 0x0, 0xf, 0xa6, 0xf2, 0x0,
    0xf, 0x50, 0xcc, 0x0, 0xf, 0x50, 0x2f, 0x70,
    0xf, 0x50, 0x7, 0xf2, 0x0, 0x0, 0x0, 0x0,
    0x0, 0x11, 0x11, 0x0, 0x3, 0xff, 0xff, 0x50,

    /* U+1E36 "Ḷ" */
    0xe8, 0x0, 0x0, 0xe, 0x80, 0x0, 0x0, 0xe8,
    0x0, 0x0, 0xe, 0x80, 0x0, 0x0, 0xe8, 0x0,
    0x0, 0xe, 0x80, 0x0, 0x0, 0xe8, 0x0, 0x0,
    0xe, 0x80, 0x0, 0x0, 0xe8, 0x0, 0x0, 0xe,
    0xa4, 0x44, 0x43, 0xef, 0xff, 0xff, 0xd0, 0x0,
    0x0, 0x0, 0x0, 0x28, 0x0, 0x0, 0x4, 0xf1,
    0x0,

    /* U+1E37 "ḷ" */
    0xf5, 0xf5, 0xf5, 0xf5, 0xf5, 0xf5, 0xf5, 0xf5,
    0xf5, 0xf5, 0xf5, 0x0, 0x73, 0xf6,

    /* U+1E38 "Ḹ" */
    0xe, 0xff, 0xf9, 0x0, 0x22, 0x22, 0x10, 0xe8,
    0x0, 0x0, 0xe, 0x80, 0x0, 0x0, 0xe8, 0x0,
    0x0, 0xe, 0x80, 0x0, 0x0, 0xe8, 0x0, 0x0,
    0xe, 0x80, 0x0, 0x0, 0xe8, 0x0, 0x0, 0xe,
    0x80, 0x0, 0x0, 0xe8, 0x0, 0x0, 0xe, 0xa4,
    0x44, 0x43, 0xef, 0xff, 0xff, 0xd0, 0x0, 0x0,
    0x0, 0x0, 0x28, 0x0, 0x0, 0x4, 0xf1, 0x0,

    /* U+1E39 "ḹ" */
    0x9f, 0xff, 0xe1, 0x22, 0x22, 0x0, 0xf5, 0x0,
    0xf, 0x50, 0x0, 0xf5, 0x0, 0xf, 0x50, 0x0,
    0xf5, 0x0, 0xf, 0x50, 0x0, 0xf5, 0x0, 0xf,
    0x50, 0x0, 0xf5, 0x0, 0xf, 0x50, 0x0, 0xf5,
    0x0, 0x0, 0x0, 0x0, 0x73, 0x0, 0xf, 0x60,

    /* U+1E3A "Ḻ" */
    0xe8, 0x0, 0x0, 0xe, 0x80, 0x0, 0x0, 0xe8,
    0x0, 0x0, 0xe, 0x80, 0x0, 0x0, 0xe8, 0x0,
    0x0, 0xe, 0x80, 0x0, 0x0, 0xe8, 0x0, 0x0,
    0xe, 0x80, 0x0, 0x0, 0xe8, 0x0, 0x0, 0xe,
    0xa4, 0x44, 0x43, 0xef, 0xff, 0xff, 0xd0, 0x0,
    0x0, 0x0, 0x1, 0x11, 0x11, 0x0, 0xdf, 0xff,
    0xb0,

    /* U+1E3B "ḻ" */
    0x0, 0xf5, 0x0, 0xf, 0x50, 0x0, 0xf5, 0x0,
    0xf, 0x50, 0x0, 0xf5, 0x0, 0xf, 0x50, 0x0,
    0xf5, 0x0, 0xf, 0x50, 0x0, 0xf5, 0x0, 0xf,
    0x50, 0x0, 0xf5, 0x0, 0x0, 0x0, 0x11, 0x11,
    0x1a, 0xff, 0xff,

    /* U+1E3C "Ḽ" */
    0xe8, 0x0, 0x0, 0xe, 0x80, 0x0, 0x0, 0xe8,
    0x0, 0x0, 0xe, 0x80, 0x0, 0x0, 0xe8, 0x0,
    0x0, 0xe, 0x80, 0x0, 0x0, 0xe8, 0x0, 0x0,
    0xe, 0x80, 0x0, 0x0, 0xe8, 0x0, 0x0, 0xe,
    0xa4, 0x44, 0x43, 0xef, 0xff, 0xff, 0xd0, 0x0,
    0x0, 0x0, 0x0, 0x9e, 0x80, 0x0, 0x6f, 0x3e,
    0x60,

    /* U+1E3D "ḽ" */
    0x0, 0xf5, 0x0, 0x0, 0xf5, 0x0, 0x0, 0xf5,
    0x0, 0x0, 0xf5, 0x0, 0x0, 0xf5, 0x0, 0x0,
    0xf5, 0x0, 0x0, 0xf5, 0x0, 0x0, 0xf5, 0x0,
    0x0, 0xf5, 0x0, 0x0, 0xf5, 0x0, 0x0, 0xf5,
    0x0, 0x0, 0x0, 0x0, 0x5, 0xeb, 0x0, 0x3f,
    0x4c, 0x90,

    /* U+1E3E "Ḿ" */
    0x0, 0x0, 0xb, 0xc0, 0x0, 0x0, 0x0, 0x3,
    0xe2, 0x0, 0x0, 0x0, 0x0, 0x0, 0x0, 0x0,
    0xd, 0xf6, 0x0, 0x0, 0xb, 0xf5, 0xdf, 0xc0,
    0x0, 0x0, 0xff, 0x5d, 0xaf, 0x10, 0x0, 0x5b,
    0xf5, 0xd7, 0xd6, 0x0, 0xb, 0x6f, 0x5d, 0x78,
    0xb0, 0x1, 0xf1, 0xf5, 0xd7, 0x3f, 0x10, 0x6b,
    0xf, 0x5d, 0x70, 0xd6, 0xb, 0x60, 0xf5, 0xd7,
    0x8, 0xb1, 0xf1, 0xf, 0x5d, 0x70, 0x3f, 0x6b,
    0x0, 0xf5, 0xd7, 0x0, 0xee, 0x60, 0xf, 0x5d,
    0x70, 0x8, 0xf1, 0x0, 0xf5,

    /* U+1E3F "ḿ" */
    0x0, 0x0, 0x0, 0x8e, 0x20, 0x0, 0x0, 0x0,
    0x0, 0xe4, 0x0, 0x0, 0x0, 0x0, 0x0, 0x0,
    0x0, 0x0, 0xf, 0x6d, 0xfd, 0x38, 0xef, 0x90,
    0xf, 0xd2, 0xb, 0xf9, 0x2, 0xf5, 0xf, 0x60,
    0x7, 0xf0, 0x0, 0xd8, 0xf, 0x40, 0x6, 0xe0,
    0x0, 0xc8, 0xf, 0x40, 0x6, 0xe0, 0x0, 0xc8,
    0xf, 0x40, 0x6, 0xe0, 0x0, 0xc8, 0xf, 0x40,
    0x6, 0xe0, 0x0, 0xc8, 0xf, 0x40, 0x6, 0xe0,
    0x0, 0xc8,

    /* U+1E40 "Ṁ" */
    0x0, 0x0, 0x37, 0x0, 0x0, 0x0, 0x0, 0x6,
    0xf0, 0x0, 0x0, 0x0, 0x0, 0x0, 0x0, 0x0,
    0xd, 0xf6, 0x0, 0x0, 0xb, 0xf5, 0xdf, 0xc0,
    0x0, 0x0, 0xff, 0x5d, 0xaf, 0x10, 0x0, 0x5b,
    0xf5, 0xd7, 0xd6, 0x0, 0xb, 0x6f, 0x5d, 0x78,
    0xb0, 0x1, 0xf1, 0xf5, 0xd7, 0x3f, 0x10, 0x6b,
    0xf, 0x5d, 0x70, 0xd6, 0xb, 0x60, 0xf5, 0xd7,
    0x8, 0xb1, 0xf1, 0xf, 0x5d, 0x70, 0x3f, 0x6b,
    0x0, 0xf5, 0xd7, 0x0, 0xee, 0x60, 0xf, 0x5d,
    0x70, 0x8, 0xf1, 0x0, 0xf5,

    /* U+1E41 "ṁ" */
    0x0, 0x0, 0x4, 0xf1, 0x0, 0x0, 0x0, 0x0,
    0x2, 0x80, 0x0, 0x0, 0x0, 0x0, 0x0, 0x0,
    0x0, 0x0, 0xf, 0x6d, 0xfd, 0x38, 0xef, 0x90,
    0xf, 0xd2, 0xb, 0xf9, 0x2, 0xf5, 0xf, 0x60,
    0x7, 0xf0, 0x0, 0xd8, 0xf, 0x40, 0x6, 0xe0,
    0x0, 0xc8, 0xf, 0x40, 0x6, 0xe0, 0x0, 0xc8,
    0xf, 0x40, 0x6, 0xe0, 0x0, 0xc8, 0xf, 0x40,
    0x6, 0xe0, 0x0, 0xc8, 0xf, 0x40, 0x6, 0xe0,
    0x0, 0xc8,

    /* U+1E42 "Ṃ" */
    0xdf, 0x60, 0x0, 0x0, 0xbf, 0x5d, 0xfc, 0x0,
    0x0, 0xf, 0xf5, 0xda, 0xf1, 0x0, 0x5, 0xbf,
    0x5d, 0x7d, 0x60, 0x0, 0xb6, 0xf5, 0xd7, 0x8b,
    0x0, 0x1f, 0x1f, 0x5d, 0x73, 0xf1, 0x6, 0xb0,
    0xf5, 0xd7, 0xd, 0x60, 0xb6, 0xf, 0x5d, 0x70,
    0x8b, 0x1f, 0x10, 0xf5, 0xd7, 0x3, 0xf6, 0xb0,
    0xf, 0x5d, 0x70, 0xe, 0xe6, 0x0, 0xf5, 0xd7,
    0x0, 0x8f, 0x10, 0xf, 0x50, 0x0, 0x0, 0x0,
    0x0, 0x0, 0x0, 0x0, 0x28, 0x0, 0x0, 0x0,
    0x0, 0x5, 0xf0, 0x0, 0x0,

    /* U+1E43 "ṃ" */
    0xf, 0x6d, 0xfd, 0x38, 0xef, 0x90, 0xf, 0xd2,
    0xb, 0xf9, 0x2, 0xf5, 0xf, 0x60, 0x7, 0xf0,
    0x0, 0xd8, 0xf, 0x40, 0x6, 0xe0, 0x0, 0xc8,
    0xf, 0x40, 0x6, 0xe0, 0x0, 0xc8, 0xf, 0x40,
    0x6, 0xe0, 0x0, 0xc8, 0xf, 0x40, 0x6, 0xe0,
    0x0, 0xc8, 0xf, 0x40, 0x6, 0xe0, 0x0, 0xc8,
    0x0, 0x0, 0x0, 0x0, 0x0, 0x0, 0x0, 0x0,
    0x2, 0x80, 0x0, 0x0, 0x0, 0x0, 0x5, 0xf0,
    0x0, 0x0,

    /* U+1E44 "Ṅ" */
    0x0, 0x1, 0x81, 0x0, 0x0, 0x0, 0x2f, 0x30,
    0x0, 0x0, 0x0, 0x0, 0x0, 0xd, 0xe1, 0x0,
    0x0, 0xba, 0xdf, 0x90, 0x0, 0xb, 0xad, 0xdf,
    0x40, 0x0, 0xba, 0xd8, 0xbd, 0x0, 0xb, 0xad,
    0x81, 0xf8, 0x0, 0xba, 0xd8, 0x6, 0xf3, 0xb,
    0xad, 0x80, 0xb, 0xd0, 0xba, 0xd8, 0x0, 0x2f,
    0x8b, 0xad, 0x80, 0x0, 0x7f, 0xda, 0xd8, 0x0,
    0x0, 0xcf, 0xad, 0x80, 0x0, 0x2, 0xfa,

    /* U+1E45 "ṅ" */
    0x0, 0x2f, 0x30, 0x0, 0x1, 0x81, 0x0, 0x0,
    0x0, 0x0, 0xf, 0x6c, 0xfd, 0x60, 0xfe, 0x30,
    0x7f, 0x1f, 0x70, 0x0, 0xf5, 0xf5, 0x0, 0xf,
    0x5f, 0x50, 0x0, 0xf5, 0xf5, 0x0, 0xf, 0x5f,
    0x50, 0x0, 0xf5, 0xf5, 0x0, 0xf, 0x50,

    /* U+1E46 "Ṇ" */
    0xde, 0x10, 0x0, 0xb, 0xad, 0xf9, 0x0, 0x0,
    0xba, 0xdd, 0xf4, 0x0, 0xb, 0xad, 0x8b, 0xd0,
    0x0, 0xba, 0xd8, 0x1f, 0x80, 0xb, 0xad, 0x80,
    0x6f, 0x30, 0xba, 0xd8, 0x0, 0xbd, 0xb, 0xad,
    0x80, 0x2, 0xf8, 0xba, 0xd8, 0x0, 0x7, 0xfd,
    0xad, 0x80, 0x0, 0xc, 0xfa, 0xd8, 0x0, 0x0,
    0x2f, 0xa0, 0x0, 0x0, 0x0, 0x0, 0x0, 0x1,
    0x81, 0x0, 0x0, 0x0, 0x2f, 0x30, 0x0,

    /* U+1E47 "ṇ" */
    0xf6, 0xcf, 0xd6, 0xf, 0xe3, 0x7, 0xf1, 0xf7,
    0x0, 0xf, 0x5f, 0x50, 0x0, 0xf5, 0xf5, 0x0,
    0xf, 0x5f, 0x50, 0x0, 0xf5, 0xf5, 0x0, 0xf,
    0x5f, 0x50, 0x0, 0xf5, 0x0, 0x0, 0x0, 0x0,
    0x2, 0x80, 0x0, 0x0, 0x5f, 0x0, 0x0,

    /* U+1E48 "Ṉ" */
    0xde, 0x10, 0x0, 0xb, 0xad, 0xf9, 0x0, 0x0,
    0xba, 0xdd, 0xf4, 0x0, 0xb, 0xad, 0x8b, 0xd0,
    0x0, 0xba, 0xd8, 0x1f, 0x80, 0xb, 0xad, 0x80,
    0x6f, 0x30, 0xba, 0xd8, 0x0, 0xbd, 0xb, 0xad,
    0x80, 0x2, 0xf8, 0xba, 0xd8, 0x0, 0x7, 0xfd,
    0xad, 0x80, 0x0, 0xc, 0xfa, 0xd8, 0x0, 0x0,
    0x2f, 0xa0, 0x0, 0x0, 0x0, 0x0, 0x0, 0x11,
    0x11, 0x10, 0x0, 0xd, 0xff, 0xfb, 0x0,

    /* U+1E49 "ṉ" */
    0xf6, 0xcf, 0xd6, 0xf, 0xe3, 0x7, 0xf1, 0xf7,
    0x0, 0xf, 0x5f, 0x50, 0x0, 0xf5, 0xf5, 0x0,
    0xf, 0x5f, 0x50, 0x0, 0xf5, 0xf5, 0x0, 0xf,
    0x5f, 0x50, 0x0, 0xf5, 0x0, 0x0, 0x0, 0x0,
    0x11, 0x11, 0x0, 0x1f, 0xff, 0xf8, 0x0,

    /* U+1E4A "Ṋ" */
    0xde, 0x10, 0x0, 0xb, 0xad, 0xf9, 0x0, 0x0,
    0xba, 0xdd, 0xf4, 0x0, 0xb, 0xad, 0x8b, 0xd0,
    0x0, 0xba, 0xd8, 0x1f, 0x80, 0xb, 0xad, 0x80,
    0x6f, 0x30, 0xba, 0xd8, 0x0, 0xbd, 0xb, 0xad,
    0x80, 0x2, 0xf8, 0xba, 0xd8, 0x0, 0x7, 0xfd,
    0xad, 0x80, 0x0, 0xc, 0xfa, 0xd8, 0x0, 0x0,
    0x2f, 0xa0, 0x0, 0x0, 0x0, 0x0, 0x0, 0x7,
    0xea, 0x0, 0x0, 0x4, 0xf3, 0xd8, 0x0,

    /* U+1E4B "ṋ" */
    0xf6, 0xcf, 0xd6, 0xf, 0xe3, 0x7, 0xf1, 0xf7,
    0x0, 0xf, 0x5f, 0x50, 0x0, 0xf5, 0xf5, 0x0,
    0xf, 0x5f, 0x50, 0x0, 0xf5, 0xf5, 0x0, 0xf,
    0x5f, 0x50, 0x0, 0xf5, 0x0, 0x0, 0x0, 0x0,
    0x1d, 0xe3, 0x0, 0xb, 0xb5, 0xe2, 0x0,

    /* U+1E4C "Ṍ" */
    0x0, 0x0, 0x0, 0x10, 0x0, 0x0, 0x0, 0x0,
    0x4f, 0x40, 0x0, 0x0, 0x0, 0xc, 0x70, 0x0,
    0x0, 0x0, 0x2d, 0xb2, 0xb4, 0x0, 0x0, 0x8,
    0x74, 0xeb, 0x0, 0x0, 0x0, 0x0, 0x0, 0x0,
    0x0, 0x0, 0x7, 0xdf, 0xfb, 0x40, 0x0, 0xc,
    0xe7, 0x44, 0x9f, 0x70, 0x8, 0xf2, 0x0, 0x0,
    0x6f, 0x30, 0xf8, 0x0, 0x0, 0x0, 0xda, 0x3f,
    0x40, 0x0, 0x0, 0x9, 0xe4, 0xf2, 0x0, 0x0,
    0x0, 0x8f, 0x3f, 0x30, 0x0, 0x0, 0x9, 0xe0,
    0xf8, 0x0, 0x0, 0x0, 0xda, 0x8, 0xf2, 0x0,
    0x0, 0x6f, 0x30, 0xc, 0xe7, 0x44, 0x9f, 0x70,
    0x0, 0x7, 0xdf, 0xfb, 0x40, 0x0,

    /* U+1E4D "ṍ" */
    0x0, 0x0, 0xea, 0x0, 0x0, 0x5, 0xd0, 0x0,
    0x0, 0x0, 0x0, 0x0, 0x0, 0xbe, 0x46, 0x80,
    0x3, 0xb1, 0xbe, 0x20, 0x0, 0x0, 0x0, 0x0,
    0x0, 0x9e, 0xfc, 0x30, 0xc, 0xd3, 0x29, 0xf2,
    0x4f, 0x20, 0x0, 0xd9, 0x6f, 0x0, 0x0, 0x9c,
    0x6f, 0x0, 0x0, 0x9c, 0x4f, 0x20, 0x0, 0xd9,
    0xc, 0xd3, 0x29, 0xf2, 0x1, 0x9e, 0xfb, 0x30,

    /* U+1E4E "Ṏ" */
    0x0, 0x3, 0xf2, 0x7d, 0x0, 0x0, 0x0, 0x18,
    0x13, 0x70, 0x0, 0x0, 0x2, 0xdb, 0x2b, 0x40,
    0x0, 0x0, 0x87, 0x4e, 0xb0, 0x0, 0x0, 0x0,
    0x0, 0x0, 0x0, 0x0, 0x0, 0x7d, 0xff, 0xb4,
    0x0, 0x0, 0xce, 0x74, 0x49, 0xf7, 0x0, 0x8f,
    0x20, 0x0, 0x6, 0xf3, 0xf, 0x80, 0x0, 0x0,
    0xd, 0xa3, 0xf4, 0x0, 0x0, 0x0, 0x9e, 0x4f,
    0x20, 0x0, 0x0, 0x8, 0xf3, 0xf3, 0x0, 0x0,
    0x0, 0x9e, 0xf, 0x80, 0x0, 0x0, 0xd, 0xa0,
    0x8f, 0x20, 0x0, 0x6, 0xf3, 0x0, 0xce, 0x74,
    0x49, 0xf7, 0x0, 0x0, 0x7d, 0xff, 0xb4, 0x0,

    /* U+1E4F "ṏ" */
    0x0, 0xd8, 0x2f, 0x30, 0x0, 0x64, 0x18, 0x10,
    0x0, 0xbe, 0x46, 0x80, 0x3, 0xb1, 0xbe, 0x20,
    0x0, 0x0, 0x0, 0x0, 0x0, 0x9e, 0xfc, 0x30,
    0xc, 0xd3, 0x29, 0xf2, 0x4f, 0x20, 0x0, 0xd9,
    0x6f, 0x0, 0x0, 0x9c, 0x6f, 0x0, 0x0, 0x9c,
    0x4f, 0x20, 0x0, 0xd9, 0xc, 0xd3, 0x29, 0xf2,
    0x1, 0x9e, 0xfb, 0x30,

    /* U+1E50 "Ṑ" */
    0x0, 0x0, 0x7f, 0x20, 0x0, 0x0, 0x0, 0x0,
    0xa9, 0x0, 0x0, 0x0, 0x0, 0x0, 0x0, 0x0,
    0x0, 0x0, 0x5f, 0xff, 0xf3, 0x0, 0x0, 0x0,
    0x22, 0x22, 0x0, 0x0, 0x0, 0x7d, 0xff, 0xb4,
    0x0, 0x0, 0xce, 0x74, 0x49, 0xf7, 0x0, 0x8f,
    0x20, 0x0, 0x6, 0xf3, 0xf, 0x80, 0x0, 0x0,
    0xd, 0xa3, 0xf4, 0x0, 0x0, 0x0, 0x9e, 0x4f,
    0x20, 0x0, 0x0, 0x8, 0xf3, 0xf3, 0x0, 0x0,
    0x0, 0x9e, 0xf, 0x80, 0x0, 0x0, 0xd, 0xa0,
    0x8f, 0x20, 0x0, 0x6, 0xf3, 0x0, 0xce, 0x74,
    0x49, 0xf7, 0x0, 0x0, 0x7d, 0xff, 0xb4, 0x0,

    /* U+1E51 "ṑ" */
    0x0, 0x1, 0x0, 0x0, 0x0, 0x4f, 0x40, 0x0,
    0x0, 0x7, 0xc0, 0x0, 0x2, 0xff, 0xff, 0x60,
    0x0, 0x11, 0x11, 0x0, 0x0, 0x0, 0x0, 0x0,
    0x0, 0x9e, 0xfc, 0x30, 0xc, 0xd3, 0x29, 0xf2,
    0x4f, 0x20, 0x0, 0xd9, 0x6f, 0x0, 0x0, 0x9c,
    0x6f, 0x0, 0x0, 0x9c, 0x4f, 0x20, 0x0, 0xd9,
    0xc, 0xd3, 0x29, 0xf2, 0x1, 0x9e, 0xfb, 0x30,

    /* U+1E52 "Ṓ" */
    0x0, 0x0, 0x4, 0xf5, 0x0, 0x0, 0x0, 0x0,
    0xb8, 0x0, 0x0, 0x0, 0x0, 0x0, 0x0, 0x0,
    0x0, 0x0, 0x5f, 0xff, 0xf3, 0x0, 0x0, 0x0,
    0x22, 0x22, 0x0, 0x0, 0x0, 0x7d, 0xff, 0xb4,
    0x0, 0x0, 0xce, 0x74, 0x49, 0xf7, 0x0, 0x8f,
    0x20, 0x0, 0x6, 0xf3, 0xf, 0x80, 0x0, 0x0,
    0xd, 0xa3, 0xf4, 0x0, 0x0, 0x0, 0x9e, 0x4f,
    0x20, 0x0, 0x0, 0x8, 0xf3, 0xf3, 0x0, 0x0,
    0x0, 0x9e, 0xf, 0x80, 0x0, 0x0, 0xd, 0xa0,
    0x8f, 0x20, 0x0, 0x6, 0xf3, 0x0, 0xce, 0x74,
    0x49, 0xf7, 0x0, 0x0, 0x7d, 0xff, 0xb4, 0x0,

    /* U+1E53 "ṓ" */
    0x0, 0x0, 0x1, 0x0, 0x0, 0x0, 0xe9, 0x0,
    0x0, 0x6, 0xc0, 0x0, 0x2, 0xff, 0xff, 0x60,
    0x0, 0x11, 0x11, 0x0, 0x0, 0x0, 0x0, 0x0,
    0x0, 0x9e, 0xfc, 0x30, 0xc, 0xd3, 0x29, 0xf2,
    0x4f, 0x20, 0x0, 0xd9, 0x6f, 0x0, 0x0, 0x9c,
    0x6f, 0x0, 0x0, 0x9c, 0x4f, 0x20, 0x0, 0xd9,
    0xc, 0xd3, 0x29, 0xf2, 0x1, 0x9e, 0xfb, 0x30,

    /* U+1E54 "Ṕ" */
    0x0, 0x4, 0xf5, 0x0, 0x0, 0x0, 0xb8, 0x0,
    0x0, 0x0, 0x0, 0x0, 0x0, 0xd, 0xff, 0xff,
    0xeb, 0x20, 0xdb, 0x44, 0x45, 0xde, 0xd, 0x90,
    0x0, 0x3, 0xf4, 0xd9, 0x0, 0x0, 0x3f, 0x4d,
    0x90, 0x1, 0x3c, 0xe0, 0xdf, 0xff, 0xff, 0xd3,
    0xd, 0xa3, 0x33, 0x20, 0x0, 0xd9, 0x0, 0x0,
    0x0, 0xd, 0x90, 0x0, 0x0, 0x0, 0xd9, 0x0,
    0x0, 0x0, 0xd, 0x90, 0x0, 0x0, 0x0,

    /* U+1E55 "ṕ" */
    0x0, 0xe, 0xa0, 0x0, 0x6, 0xd0, 0x0, 0x0,
    0x0, 0x0, 0xf, 0x6c, 0xfd, 0x40, 0xfe, 0x51,
    0x8f, 0x1f, 0x80, 0x0, 0xd8, 0xf4, 0x0, 0xa,
    0xbf, 0x40, 0x0, 0xaa, 0xf7, 0x0, 0xd, 0x8f,
    0xe5, 0x29, 0xe1, 0xf8, 0xcf, 0xc3, 0xf, 0x50,
    0x0, 0x0, 0xf5, 0x0, 0x0, 0xf, 0x50, 0x0,
    0x0,

    /* U+1E56 "Ṗ" */
    0x0, 0x7, 0x30, 0x0, 0x0, 0x0, 0xe7, 0x0,
    0x0, 0x0, 0x0, 0x0, 0x0, 0xd, 0xff, 0xff,
    0xeb, 0x20, 0xdb, 0x44, 0x45, 0xde, 0xd, 0x90,
    0x0, 0x3, 0xf4, 0xd9, 0x0, 0x0, 0x3f, 0x4d,
    0x90, 0x1, 0x3c, 0xe0, 0xdf, 0xff, 0xff, 0xd3,
    0xd, 0xa3, 0x33, 0x20, 0x0, 0xd9, 0x0, 0x0,
    0x0, 0xd, 0x90, 0x0, 0x0, 0x0, 0xd9, 0x0,
    0x0, 0x0, 0xd, 0x90, 0x0, 0x0, 0x0,

    /* U+1E57 "ṗ" */
    0x0, 0x5f, 0x0, 0x0, 0x2, 0x80, 0x0, 0x0,
    0x0, 0x0, 0xf, 0x6c, 0xfd, 0x40, 0xfe, 0x51,
    0x8f, 0x1f, 0x80, 0x0, 0xd8, 0xf4, 0x0, 0xa,
    0xbf, 0x40, 0x0, 0xaa, 0xf7, 0x0, 0xd, 0x8f,
    0xe5, 0x29, 0xe1, 0xf8, 0xcf, 0xc3, 0xf, 0x50,
    0x0, 0x0, 0xf5, 0x0, 0x0, 0xf, 0x50, 0x0,
    0x0,

    /* U+1E58 "Ṙ" */
    0x0, 0x3, 0x70, 0x0, 0x0, 0x0, 0x6, 0xe0,
    0x0, 0x0, 0x0, 0x0, 0x0, 0x0, 0x0, 0xcf,
    0xff, 0xff, 0xd7, 0x0, 0xcb, 0x33, 0x34, 0x9f,
    0x50, 0xca, 0x0, 0x0, 0xd, 0xb0, 0xca, 0x0,
    0x0, 0xc, 0xb0, 0xca, 0x0, 0x1, 0x7f, 0x60,
    0xcf, 0xff, 0xff, 0xd6, 0x0, 0xcb, 0x34, 0x7f,
    0x60, 0x0, 0xca, 0x0, 0x6, 0xf5, 0x0, 0xca,
    0x0, 0x0, 0xbf, 0x10, 0xca, 0x0, 0x0, 0x1f,
    0xb0, 0xca, 0x0, 0x0, 0x7, 0xf5,

    /* U+1E59 "ṙ" */
    0x3, 0xf2, 0x0, 0x1, 0x81, 0x0, 0x0, 0x0,
    0x0, 0xf, 0x7e, 0xd0, 0xf, 0xd4, 0x40, 0xf,
    0x70, 0x0, 0xf, 0x40, 0x0, 0xf, 0x40, 0x0,
    0xf, 0x40, 0x0, 0xf, 0x40, 0x0, 0xf, 0x40,
    0x0,

    /* U+1E5A "Ṛ" */
    0xcf, 0xff, 0xff, 0xd7, 0x0, 0xcb, 0x33, 0x34,
    0x9f, 0x50, 0xca, 0x0, 0x0, 0xd, 0xb0, 0xca,
    0x0, 0x0, 0xc, 0xb0, 0xca, 0x0, 0x1, 0x7f,
    0x60, 0xcf, 0xff, 0xff, 0xd6, 0x0, 0xcb, 0x34,
    0x7f, 0x60, 0x0, 0xca, 0x0, 0x6, 0xf5, 0x0,
    0xca, 0x0, 0x0, 0xbf, 0x10, 0xca, 0x0, 0x0,
    0x1f, 0xb0, 0xca, 0x0, 0x0, 0x7, 0xf5, 0x0,
    0x0, 0x0, 0x0, 0x0, 0x0, 0x3, 0x80, 0x0,
    0x0, 0x0, 0x6, 0xf0, 0x0, 0x0,

    /* U+1E5B "ṛ" */
    0xf, 0x7e, 0xd0, 0xf, 0xd4, 0x40, 0xf, 0x70,
    0x0, 0xf, 0x40, 0x0, 0xf, 0x40, 0x0, 0xf,
    0x40, 0x0, 0xf, 0x40, 0x0, 0xf, 0x40, 0x0,
    0x0, 0x0, 0x0, 0x1, 0x81, 0x0, 0x2, 0xf3,
    0x0,

    /* U+1E5C "Ṝ" */
    0x1, 0xff, 0xff, 0x60, 0x0, 0x0, 0x22, 0x22,
    0x10, 0x0, 0xcf, 0xff, 0xff, 0xd7, 0x0, 0xcb,
    0x33, 0x34, 0x9f, 0x50, 0xca, 0x0, 0x0, 0xd,
    0xb0, 0xca, 0x0, 0x0, 0xc, 0xb0, 0xca, 0x0,
    0x1, 0x7f, 0x60, 0xcf, 0xff, 0xff, 0xd6, 0x0,
    0xcb, 0x34, 0x7f, 0x60, 0x0, 0xca, 0x0, 0x6,
    0xf5, 0x0, 0xca, 0x0, 0x0, 0xbf, 0x10, 0xca,
    0x0, 0x0, 0x1f, 0xb0, 0xca, 0x0, 0x0, 0x7,
    0xf5, 0x0, 0x0, 0x0, 0x0, 0x0, 0x0, 0x3,
    0x80, 0x0, 0x0, 0x0, 0x6, 0xf0, 0x0, 0x0,

    /* U+1E5D "ṝ" */
    0xcf, 0xff, 0xc0, 0x11, 0x11, 0x10, 0x0, 0x0,
    0x0, 0xf, 0x7e, 0xd0, 0xf, 0xd4, 0x40, 0xf,
    0x70, 0x0, 0xf, 0x40, 0x0, 0xf, 0x40, 0x0,
    0xf, 0x40, 0x0, 0xf, 0x40, 0x0, 0xf, 0x40,
    0x0, 0x0, 0x0, 0x0, 0x1, 0x81, 0x0, 0x2,
    0xf3, 0x0,

    /* U+1E5E "Ṟ" */
    0xcf, 0xff, 0xff, 0xd7, 0x0, 0xcb, 0x33, 0x34,
    0x9f, 0x50, 0xca, 0x0, 0x0, 0xd, 0xb0, 0xca,
    0x0, 0x0, 0xc, 0xb0, 0xca, 0x0, 0x1, 0x7f,
    0x60, 0xcf, 0xff, 0xff, 0xd6, 0x0, 0xcb, 0x34,
    0x7f, 0x60, 0x0, 0xca, 0x0, 0x6, 0xf5, 0x0,
    0xca, 0x0, 0x0, 0xbf, 0x10, 0xca, 0x0, 0x0,
    0x1f, 0xb0, 0xca, 0x0, 0x0, 0x7, 0xf5, 0x0,
    0x0, 0x0, 0x0, 0x0, 0x0, 0x11, 0x11, 0x10,
    0x0, 0x0, 0xbf, 0xff, 0xd0, 0x0,

    /* U+1E5F "ṟ" */
    0xf, 0x7e, 0xd0, 0xf, 0xd4, 0x40, 0xf, 0x70,
    0x0, 0xf, 0x40, 0x0, 0xf, 0x40, 0x0, 0xf,
    0x40, 0x0, 0xf, 0x40, 0x0, 0xf, 0x40, 0x0,
    0x0, 0x0, 0x0, 0x11, 0x11, 0x10, 0xef, 0xff,
    0xb0,

    /* U+1E60 "Ṡ" */
    0x0, 0x0, 0x73, 0x0, 0x0, 0x0, 0x0, 0xe7,
    0x0, 0x0, 0x0, 0x0, 0x0, 0x0, 0x0, 0x0,
    0x5c, 0xfe, 0xb4, 0x0, 0x7, 0xf8, 0x55, 0xaf,
    0x50, 0xd, 0x80, 0x0, 0xb, 0xc0, 0xc, 0xb0,
    0x0, 0x2, 0x30, 0x4, 0xfe, 0x95, 0x10, 0x0,
    0x0, 0x28, 0xdf, 0xfa, 0x10, 0x0, 0x0, 0x1,
    0x6e, 0xd0, 0x2a, 0x10, 0x0, 0x4, 0xf2, 0x1f,
    0x70, 0x0, 0x5, 0xf2, 0x9, 0xfa, 0x65, 0x8f,
    0xa0, 0x0, 0x6c, 0xff, 0xd6, 0x0,

    /* U+1E61 "ṡ" */
    0x0, 0xe, 0x70, 0x0, 0x0, 0x73, 0x0, 0x0,
    0x0, 0x0, 0x0, 0x5d, 0xfe, 0x80, 0x2f, 0x51,
    0x4f, 0x64, 0xf3, 0x0, 0x31, 0xb, 0xfe, 0x94,
    0x0, 0x3, 0x7b, 0xf9, 0x38, 0x0, 0x8, 0xe3,
    0xf7, 0x23, 0xda, 0x5, 0xcf, 0xe9, 0x0,

    /* U+1E62 "Ṣ" */
    0x0, 0x5c, 0xfe, 0xb4, 0x0, 0x7, 0xf8, 0x55,
    0xaf, 0x50, 0xd, 0x80, 0x0, 0xb, 0xc0, 0xc,
    0xb0, 0x0, 0x2, 0x30, 0x4, 0xfe, 0x95, 0x10,
    0x0, 0x0, 0x28, 0xdf, 0xfa, 0x10, 0x0, 0x0,
    0x1, 0x6e, 0xd0, 0x2a, 0x10, 0x0, 0x4, 0xf2,
    0x1f, 0x70, 0x0, 0x5, 0xf2, 0x9, 0xfa, 0x65,
    0x8f, 0xa0, 0x0, 0x6c, 0xff, 0xd6, 0x0, 0x0,
    0x0, 0x0, 0x0, 0x0, 0x0, 0x0, 0x55, 0x0,
    0x0, 0x0, 0x0, 0xab, 0x0, 0x0,

    /* U+1E63 "ṣ" */
    0x5, 0xdf, 0xe8, 0x2, 0xf5, 0x14, 0xf6, 0x4f,
    0x30, 0x3, 0x10, 0xbf, 0xe9, 0x40, 0x0, 0x37,
    0xbf, 0x93, 0x80, 0x0, 0x8e, 0x3f, 0x72, 0x3d,
    0xa0, 0x5c, 0xfe, 0x90, 0x0, 0x0, 0x0, 0x0,
    0x0, 0x73, 0x0, 0x0, 0xf, 0x60, 0x0,

    /* U+1E64 "Ṥ" */
    0x0, 0x6, 0x30, 0x0, 0x0, 0x0, 0xd, 0x76,
    0xf3, 0x0, 0x0, 0x0, 0xd, 0x60, 0x0, 0x0,
    0x0, 0x0, 0x0, 0x0, 0x0, 0x5c, 0xfe, 0xb4,
    0x0, 0x7, 0xf8, 0x55, 0xaf, 0x50, 0xd, 0x80,
    0x0, 0xb, 0xc0, 0xc, 0xb0, 0x0, 0x2, 0x30,
    0x4, 0xfe, 0x95, 0x10, 0x0, 0x0, 0x28, 0xdf,
    0xfa, 0x10, 0x0, 0x0, 0x1, 0x6e, 0xd0, 0x2a,
    0x10, 0x0, 0x4, 0xf2, 0x1f, 0x70, 0x0, 0x5,
    0xf2, 0x9, 0xfa, 0x65, 0x8f, 0xa0, 0x0, 0x6c,
    0xff, 0xd6, 0x0,

    /* U+1E65 "ṥ" */
    0x5, 0xf0, 0x0, 0x0, 0x28, 0xe, 0xa0, 0x0,
    0x6, 0xd0, 0x0, 0x0, 0x0, 0x0, 0x5, 0xdf,
    0xe8, 0x2, 0xf5, 0x14, 0xf6, 0x4f, 0x30, 0x3,
    0x10, 0xbf, 0xe9, 0x40, 0x0, 0x37, 0xbf, 0x93,
    0x80, 0x0, 0x8e, 0x3f, 0x72, 0x3d, 0xa0, 0x5c,
    0xfe, 0x90,

    /* U+1E66 "Ṧ" */
    0x0, 0x0, 0xba, 0x0, 0x0, 0x0, 0x0, 0x55,
    0x0, 0x0, 0x0, 0x1a, 0x44, 0xa0, 0x0, 0x0,
    0x6, 0xde, 0x60, 0x0, 0x0, 0x0, 0x66, 0x0,
    0x0, 0x0, 0x5c, 0xfe, 0xb4, 0x0, 0x7, 0xf8,
    0x55, 0xaf, 0x50, 0xd, 0x80, 0x0, 0xb, 0xc0,
    0xc, 0xb0, 0x0, 0x2, 0x30, 0x4, 0xfe, 0x95,
    0x10, 0x0, 0x0, 0x28, 0xdf, 0xfa, 0x10, 0x0,
    0x0, 0x1, 0x6e, 0xd0, 0x2a, 0x10, 0x0, 0x4,
    0xf2, 0x1f, 0x70, 0x0, 0x5, 0xf2, 0x9, 0xfa,
    0x65, 0x8f, 0xa0, 0x0, 0x6c, 0xff, 0xd6, 0x0,

    /* U+1E67 "ṧ" */
    0x0, 0x7, 0x30, 0x0, 0x0, 0xe7, 0x0, 0x0,
    0x0, 0x0, 0x0, 0x3f, 0x4c, 0xb0, 0x0, 0x5f,
    0xd1, 0x0, 0x0, 0x10, 0x0, 0x5, 0xdf, 0xe8,
    0x2, 0xf5, 0x14, 0xf6, 0x4f, 0x30, 0x3, 0x10,
    0xbf, 0xe9, 0x40, 0x0, 0x37, 0xbf, 0x93, 0x80,
    0x0, 0x8e, 0x3f, 0x72, 0x3d, 0xa0, 0x5c, 0xfe,
    0x90,

    /* U+1E68 "Ṩ" */
    0x0, 0x0, 0x55, 0x0, 0x0, 0x0, 0x0, 0xab,
    0x0, 0x0, 0x0, 0x0, 0x0, 0x0, 0x0, 0x0,
    0x5c, 0xfe, 0xb4, 0x0, 0x7, 0xf8, 0x55, 0xaf,
    0x50, 0xd, 0x80, 0x0, 0xb, 0xc0, 0xc, 0xb0,
    0x0, 0x2, 0x30, 0x4, 0xfe, 0x95, 0x10, 0x0,
    0x0, 0x28, 0xdf, 0xfa, 0x10, 0x0, 0x0, 0x1,
    0x6e, 0xd0, 0x2a, 0x10, 0x0, 0x4, 0xf2, 0x1f,
    0x70, 0x0, 0x5, 0xf2, 0x9, 0xfa, 0x65, 0x8f,
    0xa0, 0x0, 0x6c, 0xff, 0xd6, 0x0, 0x0, 0x0,
    0x0, 0x0, 0x0, 0x0, 0x0, 0x55, 0x0, 0x0,
    0x0, 0x0, 0xab, 0x0, 0x0,

    /* U+1E69 "ṩ" */
    0x0, 0xe, 0x70, 0x0, 0x0, 0x73, 0x0, 0x0,
    0x0, 0x0, 0x0, 0x5d, 0xfe, 0x80, 0x2f, 0x51,
    0x4f, 0x64, 0xf3, 0x0, 0x31, 0xb, 0xfe, 0x94,
    0x0, 0x3, 0x7b, 0xf9, 0x38, 0x0, 0x8, 0xe3,
    0xf7, 0x23, 0xda, 0x5, 0xcf, 0xe9, 0x0, 0x0,
    0x0, 0x0, 0x0, 0x7, 0x30, 0x0, 0x0, 0xe7,
    0x0,

    /* U+1E6A "Ṫ" */
    0x0, 0x0, 0x82, 0x0, 0x0, 0x0, 0xf, 0x40,
    0x0, 0x0, 0x0, 0x0, 0x0, 0xa, 0xff, 0xff,
    0xff, 0xfd, 0x34, 0x46, 0xf7, 0x44, 0x30, 0x0,
    0x2f, 0x40, 0x0, 0x0, 0x2, 0xf4, 0x0, 0x0,
    0x0, 0x2f, 0x40, 0x0, 0x0, 0x2, 0xf4, 0x0,
    0x0, 0x0, 0x2f, 0x40, 0x0, 0x0, 0x2, 0xf4,
    0x0, 0x0, 0x0, 0x2f, 0x40, 0x0, 0x0, 0x2,
    0xf4, 0x0, 0x0, 0x0, 0x2f, 0x40, 0x0,

    /* U+1E6B "ṫ" */
    0x6, 0x40, 0x0, 0xc9, 0x0, 0x0, 0x0, 0x0,
    0x25, 0x0, 0xc, 0x80, 0x0, 0xc8, 0x0, 0xcf,
    0xfd, 0x0, 0xc8, 0x0, 0xc, 0x80, 0x0, 0xc8,
    0x0, 0xc, 0x80, 0x0, 0xc8, 0x0, 0xb, 0xb3,
    0x0, 0x5e, 0xe0,

    /* U+1E6C "Ṭ" */
    0xaf, 0xff, 0xff, 0xff, 0xd3, 0x44, 0x6f, 0x74,
    0x43, 0x0, 0x2, 0xf4, 0x0, 0x0, 0x0, 0x2f,
    0x40, 0x0, 0x0, 0x2, 0xf4, 0x0, 0x0, 0x0,
    0x2f, 0x40, 0x0, 0x0, 0x2, 0xf4, 0x0, 0x0,
    0x0, 0x2f, 0x40, 0x0, 0x0, 0x2, 0xf4, 0x0,
    0x0, 0x0, 0x2f, 0x40, 0x0, 0x0, 0x2, 0xf4,
    0x0, 0x0, 0x0, 0x0, 0x0, 0x0, 0x0, 0x1,
    0x81, 0x0, 0x0, 0x0, 0x2f, 0x30, 0x0,

    /* U+1E6D "ṭ" */
    0x2, 0x40, 0x0, 0xc8, 0x0, 0xc, 0x80, 0xc,
    0xff, 0xd0, 0xc, 0x80, 0x0, 0xc8, 0x0, 0xc,
    0x80, 0x0, 0xc8, 0x0, 0xc, 0x80, 0x0, 0xbb,
    0x30, 0x5, 0xee, 0x0, 0x0, 0x0, 0x1, 0x81,
    0x0, 0x3f, 0x20,

    /* U+1E6E "Ṯ" */
    0xaf, 0xff, 0xff, 0xff, 0xd3, 0x44, 0x6f, 0x74,
    0x43, 0x0, 0x2, 0xf4, 0x0, 0x0, 0x0, 0x2f,
    0x40, 0x0, 0x0, 0x2, 0xf4, 0x0, 0x0, 0x0,
    0x2f, 0x40, 0x0, 0x0, 0x2, 0xf4, 0x0, 0x0,
    0x0, 0x2f, 0x40, 0x0, 0x0, 0x2, 0xf4, 0x0,
    0x0, 0x0, 0x2f, 0x40, 0x0, 0x0, 0x2, 0xf4,
    0x0, 0x0, 0x0, 0x0, 0x0, 0x0, 0x0, 0x11,
    0x11, 0x10, 0x0, 0xc, 0xff, 0xfc, 0x0,

    /* U+1E6F "ṯ" */
    0x0, 0x24, 0x0, 0x0, 0xc8, 0x0, 0x0, 0xc8,
    0x0, 0xc, 0xff, 0xd0, 0x0, 0xc8, 0x0, 0x0,
    0xc8, 0x0, 0x0, 0xc8, 0x0, 0x0, 0xc8, 0x0,
    0x0, 0xc8, 0x0, 0x0, 0xbb, 0x30, 0x0, 0x5e,
    0xe0, 0x0, 0x0, 0x0, 0x1, 0x11, 0x10, 0x2f,
    0xff, 0xf6,

    /* U+1E70 "Ṱ" */
    0xaf, 0xff, 0xff, 0xff, 0xd3, 0x44, 0x6f, 0x74,
    0x43, 0x0, 0x2, 0xf4, 0x0, 0x0, 0x0, 0x2f,
    0x40, 0x0, 0x0, 0x2, 0xf4, 0x0, 0x0, 0x0,
    0x2f, 0x40, 0x0, 0x0, 0x2, 0xf4, 0x0, 0x0,
    0x0, 0x2f, 0x40, 0x0, 0x0, 0x2, 0xf4, 0x0,
    0x0, 0x0, 0x2f, 0x40, 0x0, 0x0, 0x2, 0xf4,
    0x0, 0x0, 0x0, 0x0, 0x0, 0x0, 0x0, 0x8,
    0xe9, 0x0, 0x0, 0x5, 0xf3, 0xe7, 0x0,

    /* U+1E71 "ṱ" */
    0x2, 0x40, 0x0, 0xc8, 0x0, 0xc, 0x80, 0xc,
    0xff, 0xd0, 0xc, 0x80, 0x0, 0xc8, 0x0, 0xc,
    0x80, 0x0, 0xc8, 0x0, 0xc, 0x80, 0x0, 0xbb,
    0x30, 0x5, 0xee, 0x0, 0x0, 0x0, 0xb, 0xf7,
    0x8, 0xe3, 0xf5,

    /* U+1E72 "Ṳ" */
    0xd9, 0x0, 0x0, 0xc, 0xad, 0x90, 0x0, 0x0,
    0xca, 0xd9, 0x0, 0x0, 0xc, 0xad, 0x90, 0x0,
    0x0, 0xca, 0xd9, 0x0, 0x0, 0xc, 0xad, 0x90,
    0x0, 0x0, 0xca, 0xc9, 0x0, 0x0, 0xc, 0x9b,
    0xb0, 0x0, 0x0, 0xe8, 0x8f, 0x10, 0x0, 0x2f,
    0x52, 0xfd, 0x65, 0x7e, 0xd0, 0x2, 0xae, 0xfe,
    0x91, 0x0, 0x0, 0x0, 0x0, 0x0, 0x0, 0x55,
    0x8, 0x30, 0x0, 0xb, 0xa0, 0xf6, 0x0,

    /* U+1E73 "ṳ" */
    0xf, 0x50, 0x0, 0xf4, 0xf, 0x50, 0x0, 0xf4,
    0xf, 0x50, 0x0, 0xf4, 0xf, 0x50, 0x0, 0xf4,
    0xf, 0x50, 0x0, 0xf4, 0xf, 0x50, 0x2, 0xf4,
    0xc, 0xb0, 0x1b, 0xf4, 0x2, 0xcf, 0xd6, 0xe4,
    0x0, 0x0, 0x0, 0x0, 0x0, 0x73, 0x18, 0x0,
    0x0, 0xf6, 0x3f, 0x10,

    /* U+1E74 "Ṵ" */
    0xd9, 0x0, 0x0, 0xc, 0xad, 0x90, 0x0, 0x0,
    0xca, 0xd9, 0x0, 0x0, 0xc, 0xad, 0x90, 0x0,
    0x0, 0xca, 0xd9, 0x0, 0x0, 0xc, 0xad, 0x90,
    0x0, 0x0, 0xca, 0xc9, 0x0, 0x0, 0xc, 0x9b,
    0xb0, 0x0, 0x0, 0xe8, 0x8f, 0x10, 0x0, 0x2f,
    0x52, 0xfd, 0x65, 0x7e, 0xd0, 0x2, 0xae, 0xfe,
    0x91, 0x0, 0x0, 0x0, 0x0, 0x0, 0x0, 0x6e,
    0x83, 0xd0, 0x0, 0xe, 0x28, 0xe6, 0x0,

    /* U+1E75 "ṵ" */
    0xf, 0x50, 0x0, 0xf4, 0xf, 0x50, 0x0, 0xf4,
    0xf, 0x50, 0x0, 0xf4, 0xf, 0x50, 0x0, 0xf4,
    0xf, 0x50, 0x0, 0xf4, 0xf, 0x50, 0x2, 0xf4,
    0xc, 0xb0, 0x1b, 0xf4, 0x2, 0xcf, 0xd6, 0xe4,
    0x0, 0x0, 0x0, 0x0, 0x0, 0xbd, 0x58, 0x80,
    0x3, 0xc2, 0xbe, 0x20,

    /* U+1E76 "Ṷ" */
    0xd9, 0x0, 0x0, 0xc, 0xad, 0x90, 0x0, 0x0,
    0xca, 0xd9, 0x0, 0x0, 0xc, 0xad, 0x90, 0x0,
    0x0, 0xca, 0xd9, 0x0, 0x0, 0xc, 0xad, 0x90,
    0x0, 0x0, 0xca, 0xc9, 0x0, 0x0, 0xc, 0x9b,
    0xb0, 0x0, 0x0, 0xe8, 0x8f, 0x10, 0x0, 0x2f,
    0x52, 0xfd, 0x65, 0x7e, 0xd0, 0x2, 0xae, 0xfe,
    0x91, 0x0, 0x0, 0x1, 0x0, 0x0, 0x0, 0xb,
    0xf9, 0x0, 0x0, 0x7, 0xe2, 0xe5, 0x0,

    /* U+1E77 "ṷ" */
    0xf, 0x50, 0x0, 0xf4, 0xf, 0x50, 0x0, 0xf4,
    0xf, 0x50, 0x0, 0xf4, 0xf, 0x50, 0x0, 0xf4,
    0xf, 0x50, 0x0, 0xf4, 0xf, 0x50, 0x2, 0xf4,
    0xc, 0xb0, 0x1b, 0xf4, 0x2, 0xcf, 0xd6, 0xe4,
    0x0, 0x0, 0x0, 0x0, 0x0, 0x1d, 0xe3, 0x0,
    0x0, 0xca, 0x6e, 0x10,

    /* U+1E78 "Ṹ" */
    0x0, 0x0, 0x1, 0x0, 0x0, 0x0, 0xb, 0xc0,
    0x0, 0x0, 0x2, 0xe2, 0x0, 0x0, 0x5, 0xe9,
    0x1e, 0x0, 0x0, 0xc3, 0x7e, 0x70, 0x0, 0x0,
    0x0, 0x0, 0x0, 0xd9, 0x0, 0x0, 0xc, 0xad,
    0x90, 0x0, 0x0, 0xca, 0xd9, 0x0, 0x0, 0xc,
    0xad, 0x90, 0x0, 0x0, 0xca, 0xd9, 0x0, 0x0,
    0xc, 0xad, 0x90, 0x0, 0x0, 0xca, 0xc9, 0x0,
    0x0, 0xc, 0x9b, 0xb0, 0x0, 0x0, 0xe8, 0x8f,
    0x10, 0x0, 0x2f, 0x52, 0xfd, 0x65, 0x7e, 0xd0,
    0x2, 0xae, 0xfe, 0x91, 0x0,

    /* U+1E79 "ṹ" */
    0x0, 0x0, 0xea, 0x0, 0x0, 0x5, 0xd0, 0x0,
    0x0, 0x0, 0x0, 0x0, 0x0, 0xbe, 0x46, 0x80,
    0x3, 0xb1, 0xbe, 0x20, 0x0, 0x0, 0x0, 0x0,
    0xf, 0x50, 0x0, 0xf4, 0xf, 0x50, 0x0, 0xf4,
    0xf, 0x50, 0x0, 0xf4, 0xf, 0x50, 0x0, 0xf4,
    0xf, 0x50, 0x0, 0xf4, 0xf, 0x50, 0x2, 0xf4,
    0xc, 0xb0, 0x1b, 0xf4, 0x2, 0xcf, 0xd6, 0xe4,

    /* U+1E7A "Ṻ" */
    0x0, 0x56, 0x7, 0x30, 0x0, 0x9, 0xc0, 0xe7,
    0x0, 0x0, 0x0, 0x0, 0x0, 0x0, 0xd, 0xff,
    0xfa, 0x0, 0x0, 0x12, 0x22, 0x10, 0xd, 0x90,
    0x0, 0x0, 0xca, 0xd9, 0x0, 0x0, 0xc, 0xad,
    0x90, 0x0, 0x0, 0xca, 0xd9, 0x0, 0x0, 0xc,
    0xad, 0x90, 0x0, 0x0, 0xca, 0xd9, 0x0, 0x0,
    0xc, 0xac, 0x90, 0x0, 0x0, 0xc9, 0xbb, 0x0,
    0x0, 0xe, 0x88, 0xf1, 0x0, 0x2, 0xf5, 0x2f,
    0xd6, 0x57, 0xed, 0x0, 0x2a, 0xef, 0xe9, 0x10,

    /* U+1E7B "ṻ" */
    0x0, 0xd8, 0x2f, 0x30, 0x0, 0x64, 0x18, 0x10,
    0x2, 0xff, 0xff, 0x70, 0x0, 0x11, 0x11, 0x0,
    0x0, 0x0, 0x0, 0x0, 0xf, 0x50, 0x0, 0xf4,
    0xf, 0x50, 0x0, 0xf4, 0xf, 0x50, 0x0, 0xf4,
    0xf, 0x50, 0x0, 0xf4, 0xf, 0x50, 0x0, 0xf4,
    0xf, 0x50, 0x2, 0xf4, 0xc, 0xb0, 0x1b, 0xf4,
    0x2, 0xcf, 0xd6, 0xe4,

    /* U+1E7C "Ṽ" */
    0x0, 0x4d, 0xff, 0xd3, 0x0, 0x0, 0x0, 0x0,
    0x0, 0x0, 0xbc, 0x0, 0x0, 0x0, 0xbb, 0x5f,
    0x20, 0x0, 0x1, 0xf5, 0xe, 0x70, 0x0, 0x7,
    0xe0, 0x9, 0xd0, 0x0, 0xd, 0x90, 0x3, 0xf3,
    0x0, 0x2f, 0x20, 0x0, 0xd8, 0x0, 0x8c, 0x0,
    0x0, 0x7e, 0x0, 0xe6, 0x0, 0x0, 0x1f, 0x34,
    0xf1, 0x0, 0x0, 0xb, 0x99, 0xa0, 0x0, 0x0,
    0x5, 0xee, 0x40, 0x0, 0x0, 0x0, 0xee, 0x0,
    0x0,

    /* U+1E7D "ṽ" */
    0x2, 0xdc, 0x2b, 0x40, 0x8, 0x64, 0xec, 0x0,
    0x0, 0x0, 0x0, 0x0, 0x9c, 0x0, 0x3, 0xf2,
    0x3f, 0x10, 0x9, 0xc0, 0xd, 0x70, 0xe, 0x60,
    0x8, 0xc0, 0x4f, 0x0, 0x2, 0xf2, 0x9a, 0x0,
    0x0, 0xc8, 0xf4, 0x0, 0x0, 0x6f, 0xe0, 0x0,
    0x0, 0xf, 0x80, 0x0,

    /* U+1E7E "Ṿ" */
    0xbc, 0x0, 0x0, 0x0, 0xbb, 0x5f, 0x20, 0x0,
    0x1, 0xf5, 0xe, 0x70, 0x0, 0x7, 0xe0, 0x9,
    0xd0, 0x0, 0xd, 0x90, 0x3, 0xf3, 0x0, 0x2f,
    0x20, 0x0, 0xd8, 0x0, 0x8c, 0x0, 0x0, 0x7e,
    0x0, 0xe6, 0x0, 0x0, 0x1f, 0x34, 0xf1, 0x0,
    0x0, 0xb, 0x99, 0xa0, 0x0, 0x0, 0x5, 0xee,
    0x40, 0x0, 0x0, 0x0, 0xee, 0x0, 0x0, 0x0,
    0x0, 0x0, 0x0, 0x0, 0x0, 0x0, 0x55, 0x0,
    0x0, 0x0, 0x0, 0xab, 0x0, 0x0,

    /* U+1E7F "ṿ" */
    0x9c, 0x0, 0x3, 0xf2, 0x3f, 0x10, 0x9, 0xc0,
    0xd, 0x70, 0xe, 0x60, 0x8, 0xc0, 0x4f, 0x0,
    0x2, 0xf2, 0x9a, 0x0, 0x0, 0xc8, 0xf4, 0x0,
    0x0, 0x6f, 0xe0, 0x0, 0x0, 0xf, 0x80, 0x0,
    0x0, 0x0, 0x0, 0x0, 0x0, 0x6, 0x40, 0x0,
    0x0, 0xd, 0x80, 0x0,

    /* U+1E80 "Ẁ" */
    0x0, 0x0, 0x6, 0xe0, 0x0, 0x0, 0x0, 0x0,
    0x0, 0x0, 0xa6, 0x0, 0x0, 0x0, 0x0, 0x0,
    0x0, 0x0, 0x0, 0x0, 0x0, 0x4f, 0x10, 0x0,
    0xce, 0x0, 0x0, 0xe7, 0xf, 0x60, 0x0, 0xff,
    0x30, 0x3, 0xf2, 0xb, 0xa0, 0x4, 0xfe, 0x70,
    0x7, 0xe0, 0x7, 0xe0, 0x9, 0xb9, 0xb0, 0xb,
    0x90, 0x2, 0xf2, 0xd, 0x75, 0xf0, 0xf, 0x50,
    0x0, 0xe6, 0x1f, 0x30, 0xf4, 0x4f, 0x10, 0x0,
    0x9a, 0x5e, 0x0, 0xc8, 0x8c, 0x0, 0x0, 0x5e,
    0x9a, 0x0, 0x7c, 0xc7, 0x0, 0x0, 0x1f, 0xf6,
    0x0, 0x3f, 0xf3, 0x0, 0x0, 0xc, 0xf1, 0x0,
    0xe, 0xe0, 0x0,

    /* U+1E81 "ẁ" */
    0x0, 0x0, 0x5f, 0x10, 0x0, 0x0, 0x0, 0x0,
    0x9, 0x70, 0x0, 0x0, 0x8d, 0x0, 0xb, 0xe0,
    0x0, 0x9c, 0x3f, 0x10, 0xf, 0xf3, 0x0, 0xd7,
    0xe, 0x60, 0x4f, 0xb8, 0x2, 0xf2, 0x9, 0xa0,
    0x8a, 0x6c, 0x6, 0xe0, 0x4, 0xf0, 0xd6, 0x1f,
    0x1b, 0x90, 0x0, 0xf5, 0xf1, 0xd, 0x6f, 0x40,
    0x0, 0xad, 0xc0, 0x8, 0xdf, 0x0, 0x0, 0x5f,
    0x80, 0x3, 0xfa, 0x0,

    /* U+1E82 "Ẃ" */
    0x0, 0x0, 0x0, 0xb, 0x90, 0x0, 0x0, 0x0,
    0x0, 0x0, 0x3c, 0x0, 0x0, 0x0, 0x0, 0x0,
    0x0, 0x0, 0x0, 0x0, 0x0, 0x4f, 0x10, 0x0,
    0xce, 0x0, 0x0, 0xe7, 0xf, 0x60, 0x0, 0xff,
    0x30, 0x3, 0xf2, 0xb, 0xa0, 0x4, 0xfe, 0x70,
    0x7, 0xe0, 0x7, 0xe0, 0x9, 0xb9, 0xb0, 0xb,
    0x90, 0x2, 0xf2, 0xd, 0x75, 0xf0, 0xf, 0x50,
    0x0, 0xe6, 0x1f, 0x30, 0xf4, 0x4f, 0x10, 0x0,
    0x9a, 0x5e, 0x0, 0xc8, 0x8c, 0x0, 0x0, 0x5e,
    0x9a, 0x0, 0x7c, 0xc7, 0x0, 0x0, 0x1f, 0xf6,
    0x0, 0x3f, 0xf3, 0x0, 0x0, 0xc, 0xf1, 0x0,
    0xe, 0xe0, 0x0,

    /* U+1E83 "ẃ" */
    0x0, 0x0, 0x0, 0xaa, 0x0, 0x0, 0x0, 0x0,
    0x2, 0xc0, 0x0, 0x0, 0x8d, 0x0, 0xb, 0xe0,
    0x0, 0x9c, 0x3f, 0x10, 0xf, 0xf3, 0x0, 0xd7,
    0xe, 0x60, 0x4f, 0xb8, 0x2, 0xf2, 0x9, 0xa0,
    0x8a, 0x6c, 0x6, 0xe0, 0x4, 0xf0, 0xd6, 0x1f,
    0x1b, 0x90, 0x0, 0xf5, 0xf1, 0xd, 0x6f, 0x40,
    0x0, 0xad, 0xc0, 0x8, 0xdf, 0x0, 0x0, 0x5f,
    0x80, 0x3, 0xfa, 0x0,

    /* U+1E84 "Ẅ" */
    0x0, 0x0, 0x1, 0x0, 0x20, 0x0, 0x0, 0x0,
    0x0, 0xe, 0x74, 0xf0, 0x0, 0x0, 0x0, 0x0,
    0x4, 0x21, 0x50, 0x0, 0x0, 0x0, 0x0, 0x0,
    0x0, 0x0, 0x0, 0x0, 0x4f, 0x10, 0x0, 0xce,
    0x0, 0x0, 0xe7, 0xf, 0x60, 0x0, 0xff, 0x30,
    0x3, 0xf2, 0xb, 0xa0, 0x4, 0xfe, 0x70, 0x7,
    0xe0, 0x7, 0xe0, 0x9, 0xb9, 0xb0, 0xb, 0x90,
    0x2, 0xf2, 0xd, 0x75, 0xf0, 0xf, 0x50, 0x0,
    0xe6, 0x1f, 0x30, 0xf4, 0x4f, 0x10, 0x0, 0x9a,
    0x5e, 0x0, 0xc8, 0x8c, 0x0, 0x0, 0x5e, 0x9a,
    0x0, 0x7c, 0xc7, 0x0, 0x0, 0x1f, 0xf6, 0x0,
    0x3f, 0xf3, 0x0, 0x0, 0xc, 0xf1, 0x0, 0xe,
    0xe0, 0x0,

    /* U+1E85 "ẅ" */
    0x0, 0x0, 0xd8, 0x3f, 0x10, 0x0, 0x0, 0x0,
    0x53, 0x17, 0x0, 0x0, 0x8d, 0x0, 0xb, 0xe0,
    0x0, 0x9c, 0x3f, 0x10, 0xf, 0xf3, 0x0, 0xd7,
    0xe, 0x60, 0x4f, 0xb8, 0x2, 0xf2, 0x9, 0xa0,
    0x8a, 0x6c, 0x6, 0xe0, 0x4, 0xf0, 0xd6, 0x1f,
    0x1b, 0x90, 0x0, 0xf5, 0xf1, 0xd, 0x6f, 0x40,
    0x0, 0xad, 0xc0, 0x8, 0xdf, 0x0, 0x0, 0x5f,
    0x80, 0x3, 0xfa, 0x0,

    /* U+1E86 "Ẇ" */
    0x0, 0x0, 0x0, 0x46, 0x0, 0x0, 0x0, 0x0,
    0x0, 0x0, 0x8c, 0x0, 0x0, 0x0, 0x0, 0x0,
    0x0, 0x0, 0x0, 0x0, 0x0, 0xac, 0x0, 0x0,
    0xef, 0x10, 0x0, 0x8d, 0x6f, 0x0, 0x2, 0xfe,
    0x60, 0x0, 0xc9, 0x2f, 0x30, 0x7, 0xc9, 0xa0,
    0x0, 0xf5, 0xe, 0x70, 0xb, 0x85, 0xe0, 0x4,
    0xf1, 0xa, 0xa0, 0xf, 0x41, 0xf3, 0x8, 0xc0,
    0x6, 0xe0, 0x4f, 0x0, 0xd7, 0xc, 0x80, 0x1,
    0xf2, 0x9b, 0x0, 0x8b, 0xf, 0x30, 0x0, 0xd6,
    0xd6, 0x0, 0x4f, 0x3f, 0x0, 0x0, 0x9a, 0xf2,
    0x0, 0xf, 0x9b, 0x0, 0x0, 0x5f, 0xe0, 0x0,
    0xb, 0xf6, 0x0, 0x0, 0x1f, 0x90, 0x0, 0x7,
    0xf2, 0x0,

    /* U+1E87 "ẇ" */
    0x0, 0x0, 0x2f, 0x30, 0x0, 0x0, 0x0, 0x1,
    0x81, 0x0, 0x0, 0x0, 0x0, 0x0, 0x0, 0x0,
    0xc, 0x90, 0x5, 0xf4, 0x0, 0xa9, 0x7d, 0x0,
    0x9f, 0x80, 0xf, 0x42, 0xf1, 0xe, 0xbc, 0x4,
    0xf0, 0xe, 0x62, 0xf4, 0xf0, 0x8a, 0x0, 0x9a,
    0x6b, 0xf, 0x4d, 0x60, 0x4, 0xea, 0x70, 0xb9,
    0xf1, 0x0, 0xf, 0xf3, 0x7, 0xfc, 0x0, 0x0,
    0xaf, 0x0, 0x3f, 0x70, 0x0,

    /* U+1E88 "Ẉ" */
    0xac, 0x0, 0x0, 0xef, 0x10, 0x0, 0x8d, 0x6f,
    0x0, 0x2, 0xfe, 0x60, 0x0, 0xc9, 0x2f, 0x30,
    0x7, 0xc9, 0xa0, 0x0, 0xf5, 0xe, 0x70, 0xb,
    0x85, 0xe0, 0x4, 0xf1, 0xa, 0xa0, 0xf, 0x41,
    0xf3, 0x8, 0xc0, 0x6, 0xe0, 0x4f, 0x0, 0xd7,
    0xc, 0x80, 0x1, 0xf2, 0x9b, 0x0, 0x8b, 0xf,
    0x30, 0x0, 0xd6, 0xd6, 0x0, 0x4f, 0x3f, 0x0,
    0x0, 0x9a, 0xf2, 0x0, 0xf, 0x9b, 0x0, 0x0,
    0x5f, 0xe0, 0x0, 0xb, 0xf6, 0x0, 0x0, 0x1f,
    0x90, 0x0, 0x7, 0xf2, 0x0, 0x0, 0x0, 0x0,
    0x0, 0x0, 0x0, 0x0, 0x0, 0x0, 0x0, 0x46,
    0x0, 0x0, 0x0, 0x0, 0x0, 0x0, 0x8c, 0x0,
    0x0, 0x0,

    /* U+1E89 "ẉ" */
    0xc9, 0x0, 0x5f, 0x40, 0xa, 0x97, 0xd0, 0x9,
    0xf8, 0x0, 0xf4, 0x2f, 0x10, 0xeb, 0xc0, 0x4f,
    0x0, 0xe6, 0x2f, 0x4f, 0x8, 0xa0, 0x9, 0xa6,
    0xb0, 0xf4, 0xd6, 0x0, 0x4e, 0xa7, 0xb, 0x9f,
    0x10, 0x0, 0xff, 0x30, 0x7f, 0xc0, 0x0, 0xa,
    0xf0, 0x3, 0xf7, 0x0, 0x0, 0x0, 0x0, 0x0,
    0x0, 0x0, 0x0, 0x1, 0x81, 0x0, 0x0, 0x0,
    0x0, 0x2f, 0x30, 0x0, 0x0,

    /* U+1E8A "Ẋ" */
    0x0, 0x0, 0x37, 0x0, 0x0, 0x0, 0x0, 0x6e,
    0x0, 0x0, 0x0, 0x0, 0x0, 0x0, 0x0, 0x2f,
    0x90, 0x0, 0x4, 0xf4, 0x6, 0xf4, 0x0, 0x1e,
    0x80, 0x0, 0xbe, 0x10, 0xcc, 0x0, 0x0, 0x1e,
    0xa7, 0xf2, 0x0, 0x0, 0x4, 0xff, 0x50, 0x0,
    0x0, 0x0, 0xef, 0x20, 0x0, 0x0, 0xa, 0xdd,
    0xc0, 0x0, 0x0, 0x6f, 0x34, 0xf7, 0x0, 0x2,
    0xf8, 0x0, 0x9f, 0x30, 0xc, 0xd0, 0x0, 0xd,
    0xd0, 0x8f, 0x20, 0x0, 0x3, 0xf9,

    /* U+1E8B "ẋ" */
    0x0, 0xd, 0x70, 0x0, 0x0, 0x7, 0x30, 0x0,
    0x0, 0x0, 0x0, 0x0, 0x5f, 0x40, 0xb, 0xc0,
    0xa, 0xe0, 0x6f, 0x20, 0x1, 0xea, 0xf6, 0x0,
    0x0, 0x4f, 0xb0, 0x0, 0x0, 0x8f, 0xe1, 0x0,
    0x3, 0xf5, 0xcb, 0x0, 0xd, 0xa0, 0x3f, 0x50,
    0x8e, 0x10, 0x8, 0xf1,

    /* U+1E8C "Ẍ" */
    0x0, 0x8, 0x22, 0x80, 0x0, 0x0, 0x1f, 0x45,
    0xf0, 0x0, 0x0, 0x0, 0x0, 0x0, 0x0, 0x2f,
    0x90, 0x0, 0x4, 0xf4, 0x6, 0xf4, 0x0, 0x1e,
    0x80, 0x0, 0xbe, 0x10, 0xcc, 0x0, 0x0, 0x1e,
    0xa7, 0xf2, 0x0, 0x0, 0x4, 0xff, 0x50, 0x0,
    0x0, 0x0, 0xef, 0x20, 0x0, 0x0, 0xa, 0xdd,
    0xc0, 0x0, 0x0, 0x6f, 0x34, 0xf7, 0x0, 0x2,
    0xf8, 0x0, 0x9f, 0x30, 0xc, 0xd0, 0x0, 0xd,
    0xd0, 0x8f, 0x20, 0x0, 0x3, 0xf9,

    /* U+1E8D "ẍ" */
    0x5, 0xf0, 0xab, 0x0, 0x2, 0x80, 0x55, 0x0,
    0x0, 0x0, 0x0, 0x0, 0x5f, 0x40, 0xb, 0xc0,
    0xa, 0xe0, 0x6f, 0x20, 0x1, 0xea, 0xf6, 0x0,
    0x0, 0x4f, 0xb0, 0x0, 0x0, 0x8f, 0xe1, 0x0,
    0x3, 0xf5, 0xcb, 0x0, 0xd, 0xa0, 0x3f, 0x50,
    0x8e, 0x10, 0x8, 0xf1,

    /* U+1E8E "Ẏ" */
    0x0, 0x0, 0x55, 0x0, 0x0, 0x0, 0x0, 0xab,
    0x0, 0x0, 0x0, 0x0, 0x0, 0x0, 0x0, 0x9f,
    0x20, 0x0, 0x1, 0xf9, 0xe, 0xb0, 0x0, 0xb,
    0xd0, 0x4, 0xf6, 0x0, 0x5f, 0x30, 0x0, 0xae,
    0x11, 0xe8, 0x0, 0x0, 0x1e, 0xa9, 0xd0, 0x0,
    0x0, 0x5, 0xff, 0x30, 0x0, 0x0, 0x0, 0xda,
    0x0, 0x0, 0x0, 0x0, 0xca, 0x0, 0x0, 0x0,
    0x0, 0xca, 0x0, 0x0, 0x0, 0x0, 0xca, 0x0,
    0x0, 0x0, 0x0, 0xca, 0x0, 0x0,

    /* U+1E8F "ẏ" */
    0x0, 0xc, 0x90, 0x0, 0x0, 0x6, 0x40, 0x0,
    0x0, 0x0, 0x0, 0x0, 0x9d, 0x0, 0x2, 0xf3,
    0x3f, 0x30, 0x7, 0xd0, 0xd, 0x80, 0xd, 0x70,
    0x7, 0xe0, 0x3f, 0x10, 0x1, 0xf4, 0x9b, 0x0,
    0x0, 0xb9, 0xe5, 0x0, 0x0, 0x5f, 0xe0, 0x0,
    0x0, 0xe, 0x90, 0x0, 0x0, 0x1f, 0x30, 0x0,
    0x15, 0xac, 0x0, 0x0, 0x1f, 0xc2, 0x0, 0x0,

    /* U+1E90 "Ẑ" */
    0x0, 0x1, 0x84, 0x0, 0x0, 0x0, 0xcb, 0xf3,
    0x0, 0x0, 0x37, 0x4, 0x60, 0x1, 0xff, 0xff,
    0xff, 0xf9, 0x4, 0x44, 0x44, 0x9f, 0x50, 0x0,
    0x0, 0x3f, 0x90, 0x0, 0x0, 0x1d, 0xc0, 0x0,
    0x0, 0xb, 0xe1, 0x0, 0x0, 0x8, 0xf4, 0x0,
    0x0, 0x4, 0xf7, 0x0, 0x0, 0x2, 0xea, 0x0,
    0x0, 0x0, 0xcd, 0x0, 0x0, 0x0, 0x9f, 0x64,
    0x44, 0x44, 0x3b, 0xff, 0xff, 0xff, 0xfc,

    /* U+1E91 "ẑ" */
    0x0, 0x4f, 0xd1, 0x0, 0x1, 0xe5, 0x9b, 0x0,
    0x0, 0x0, 0x0, 0x0, 0x6f, 0xff, 0xff, 0xe0,
    0x1, 0x11, 0x3f, 0x60, 0x0, 0x1, 0xe9, 0x0,
    0x0, 0xc, 0xc0, 0x0, 0x0, 0xae, 0x10, 0x0,
    0x8, 0xf2, 0x0, 0x0, 0x5f, 0x72, 0x22, 0x20,
    0xbf, 0xff, 0xff, 0xf3,

    /* U+1E92 "Ẓ" */
    0x1f, 0xff, 0xff, 0xff, 0x90, 0x44, 0x44, 0x49,
    0xf5, 0x0, 0x0, 0x3, 0xf9, 0x0, 0x0, 0x1,
    0xdc, 0x0, 0x0, 0x0, 0xbe, 0x10, 0x0, 0x0,
    0x8f, 0x40, 0x0, 0x0, 0x4f, 0x70, 0x0, 0x0,
    0x2e, 0xa0, 0x0, 0x0, 0xc, 0xd0, 0x0, 0x0,
    0x9, 0xf6, 0x44, 0x44, 0x43, 0xbf, 0xff, 0xff,
    0xff, 0xc0, 0x0, 0x0, 0x0, 0x0, 0x0, 0x2,
    0x80, 0x0, 0x0, 0x0, 0x4f, 0x10, 0x0,

    /* U+1E93 "ẓ" */
    0x6f, 0xff, 0xff, 0xe0, 0x1, 0x11, 0x3f, 0x60,
    0x0, 0x1, 0xe9, 0x0, 0x0, 0xc, 0xc0, 0x0,
    0x0, 0xae, 0x10, 0x0, 0x8, 0xf2, 0x0, 0x0,
    0x5f, 0x72, 0x22, 0x20, 0xbf, 0xff, 0xff, 0xf3,
    0x0, 0x0, 0x0, 0x0, 0x0, 0x7, 0x30, 0x0,
    0x0, 0xf, 0x60, 0x0,

    /* U+1E94 "Ẕ" */
    0x1f, 0xff, 0xff, 0xff, 0x90, 0x44, 0x44, 0x49,
    0xf5, 0x0, 0x0, 0x3, 0xf9, 0x0, 0x0, 0x1,
    0xdc, 0x0, 0x0, 0x0, 0xbe, 0x10, 0x0, 0x0,
    0x8f, 0x40, 0x0, 0x0, 0x4f, 0x70, 0x0, 0x0,
    0x2e, 0xa0, 0x0, 0x0, 0xc, 0xd0, 0x0, 0x0,
    0x9, 0xf6, 0x44, 0x44, 0x43, 0xbf, 0xff, 0xff,
    0xff, 0xc0, 0x0, 0x0, 0x0, 0x0, 0x0, 0x11,
    0x11, 0x10, 0x0, 0xc, 0xff, 0xfc, 0x0,

    /* U+1E95 "ẕ" */
    0x6f, 0xff, 0xff, 0xe0, 0x1, 0x11, 0x3f, 0x60,
    0x0, 0x1, 0xe9, 0x0, 0x0, 0xc, 0xc0, 0x0,
    0x0, 0xae, 0x10, 0x0, 0x8, 0xf2, 0x0, 0x0,
    0x5f, 0x72, 0x22, 0x20, 0xbf, 0xff, 0xff, 0xf3,
    0x0, 0x0, 0x0, 0x0, 0x0, 0x11, 0x11, 0x0,
    0x8, 0xff, 0xff, 0x10,

    /* U+1E96 "ẖ" */
    0xf5, 0x0, 0x0, 0xf, 0x50, 0x0, 0x0, 0xf5,
    0x0, 0x0, 0xf, 0x7c, 0xfd, 0x60, 0xff, 0x63,
    0x9f, 0x2f, 0x80, 0x0, 0xf5, 0xf5, 0x0, 0xf,
    0x5f, 0x50, 0x0, 0xf5, 0xf5, 0x0, 0xf, 0x5f,
    0x50, 0x0, 0xf5, 0xf5, 0x0, 0xf, 0x50, 0x0,
    0x0, 0x0, 0x1, 0x11, 0x10, 0x1, 0xff, 0xff,
    0x80,

    /* U+1E97 "ẗ" */
    0x83, 0x28, 0xf, 0x64, 0xf1, 0x0, 0x0, 0x0,
    0x25, 0x0, 0xc, 0x80, 0x0, 0xc8, 0x0, 0xcf,
    0xfd, 0x0, 0xc8, 0x0, 0xc, 0x80, 0x0, 0xc8,
    0x0, 0xc, 0x80, 0x0, 0xc8, 0x0, 0xb, 0xb3,
    0x0, 0x5e, 0xe0,

    /* U+1E98 "ẘ" */
    0x0, 0x0, 0x69, 0x60, 0x0, 0x0, 0x0, 0x9,
    0x9, 0x0, 0x0, 0x0, 0x0, 0x49, 0x40, 0x0,
    0xc, 0x90, 0x5, 0xf4, 0x0, 0xa9, 0x7d, 0x0,
    0x9f, 0x80, 0xf, 0x42, 0xf1, 0xe, 0xbc, 0x4,
    0xf0, 0xe, 0x62, 0xf4, 0xf0, 0x8a, 0x0, 0x9a,
    0x6b, 0xf, 0x4d, 0x60, 0x4, 0xea, 0x70, 0xb9,
    0xf1, 0x0, 0xf, 0xf3, 0x7, 0xfc, 0x0, 0x0,
    0xaf, 0x0, 0x3f, 0x70, 0x0,

    /* U+1E99 "ẙ" */
    0x0, 0x49, 0x90, 0x0, 0x0, 0x28, 0x70, 0x0,
    0x0, 0x0, 0x0, 0x0, 0x9d, 0x0, 0x2, 0xf3,
    0x3f, 0x30, 0x7, 0xd0, 0xd, 0x80, 0xd, 0x70,
    0x7, 0xe0, 0x3f, 0x10, 0x1, 0xf4, 0x9b, 0x0,
    0x0, 0xb9, 0xe5, 0x0, 0x0, 0x5f, 0xe0, 0x0,
    0x0, 0xe, 0x90, 0x0, 0x0, 0x1f, 0x30, 0x0,
    0x15, 0xac, 0x0, 0x0, 0x1f, 0xc2, 0x0, 0x0,

    /* U+1E9A "ẚ" */
    0x0, 0x0, 0x0, 0x78, 0x0, 0x0, 0x0, 0x0,
    0x84, 0x0, 0x0, 0x0, 0x7, 0x40, 0x0, 0x0,
    0x7, 0x80, 0x1, 0xae, 0xfd, 0x60, 0x0, 0xdb,
    0x22, 0x8f, 0x20, 0x8, 0x10, 0x0, 0xf4, 0x0,
    0x4, 0x8a, 0xdf, 0x50, 0xd, 0xea, 0x73, 0xf5,
    0x5, 0xf1, 0x0, 0x2f, 0x50, 0x4f, 0x30, 0x1b,
    0xf5, 0x0, 0x7e, 0xdc, 0x5c, 0x90,

    /* U+1E9B "ẛ" */
    0x0, 0x74, 0x0, 0xd, 0x80, 0x0, 0x0, 0x0,
    0x3d, 0xf8, 0x9, 0xd4, 0x20, 0xb9, 0x0, 0xef,
    0x90, 0x0, 0xb9, 0x0, 0xb, 0x90, 0x0, 0xb9,
    0x0, 0xb, 0x90, 0x0, 0xb9, 0x0, 0xb, 0x90,
    0x0, 0xb9, 0x0,

    /* U+1E9E "ẞ" */
    0x6, 0xdf, 0xff, 0xfc, 0x4, 0xf7, 0x33, 0x8f,
    0x80, 0x8c, 0x0, 0x5f, 0x60, 0xa, 0xa0, 0x7f,
    0x40, 0x0, 0xaa, 0xf, 0xfd, 0xa2, 0xa, 0xa0,
    0x22, 0x4b, 0xe1, 0xaa, 0x0, 0x0, 0xf, 0x6a,
    0xa0, 0x0, 0x1, 0xf5, 0xaa, 0x13, 0x35, 0xce,
    0xa, 0xa5, 0xff, 0xea, 0x20,

    /* U+1EA0 "Ạ" */
    0x0, 0x1, 0xff, 0x10, 0x0, 0x0, 0x7, 0xdd,
    0x70, 0x0, 0x0, 0xd, 0x77, 0xd0, 0x0, 0x0,
    0x3f, 0x11, 0xf3, 0x0, 0x0, 0x9b, 0x0, 0xb9,
    0x0, 0x0, 0xf6, 0x0, 0x6f, 0x0, 0x5, 0xff,
    0xff, 0xff, 0x50, 0xb, 0xb3, 0x33, 0x3a, 0xc0,
    0x2f, 0x40, 0x0, 0x4, 0xf2, 0x8e, 0x0, 0x0,
    0x0, 0xd8, 0x0, 0x0, 0x33, 0x0, 0x0, 0x0,
    0x0, 0xaa, 0x0, 0x0,

    /* U+1EA1 "ạ" */
    0x1, 0xae, 0xeb, 0x20, 0xc, 0xc4, 0x3b, 0xd0,
    0x7, 0x20, 0x1, 0xf2, 0x0, 0x37, 0xad, 0xf3,
    0xb, 0xd8, 0x53, 0xf4, 0x4f, 0x0, 0x3, 0xf4,
    0x3f, 0x84, 0x6d, 0xf7, 0x7, 0xef, 0xc3, 0x9e,
    0x0, 0x3, 0x30, 0x0, 0x0, 0xa, 0xa0, 0x0,

    /* U+1EA2 "Ả" */
    0x0, 0x1, 0xdc, 0x0, 0x0, 0x0, 0x0, 0xd,
    0x20, 0x0, 0x0, 0x0, 0x2b, 0x0, 0x0, 0x0,
    0x0, 0x0, 0x0, 0x0, 0x0, 0x1, 0xff, 0x10,
    0x0, 0x0, 0x7, 0xdd, 0x70, 0x0, 0x0, 0xd,
    0x77, 0xd0, 0x0, 0x0, 0x3f, 0x11, 0xf3, 0x0,
    0x0, 0x9b, 0x0, 0xb9, 0x0, 0x0, 0xf6, 0x0,
    0x6f, 0x0, 0x5, 0xff, 0xff, 0xff, 0x50, 0xb,
    0xb3, 0x33, 0x3a, 0xc0, 0x2f, 0x40, 0x0, 0x4,
    0xf2, 0x8e, 0x0, 0x0, 0x0, 0xd8,

    /* U+1EA3 "ả" */
    0x0, 0xd, 0xd2, 0x0, 0x0, 0x0, 0xb4, 0x0,
    0x0, 0x0, 0x40, 0x0, 0x1, 0xae, 0xeb, 0x20,
    0xc, 0xc4, 0x3b, 0xd0, 0x7, 0x20, 0x1, 0xf2,
    0x0, 0x37, 0xad, 0xf3, 0xb, 0xd8, 0x53, 0xf4,
    0x4f, 0x0, 0x3, 0xf4, 0x3f, 0x84, 0x6d, 0xf7,
    0x7, 0xef, 0xc3, 0x9e,

    /* U+1EA4 "Ấ" */
    0x0, 0x0, 0x0, 0x1e, 0x20, 0x0, 0x0, 0x33,
    0x8a, 0x0, 0x0, 0x3, 0xee, 0x30, 0x0, 0x0,
    0xb, 0x44, 0xb0, 0x0, 0x0, 0x0, 0x0, 0x0,
    0x0, 0x0, 0x1, 0xff, 0x10, 0x0, 0x0, 0x7,
    0xdd, 0x70, 0x0, 0x0, 0xd, 0x77, 0xd0, 0x0,
    0x0, 0x3f, 0x11, 0xf3, 0x0, 0x0, 0x9b, 0x0,
    0xb9, 0x0, 0x0, 0xf6, 0x0, 0x6f, 0x0, 0x5,
    0xff, 0xff, 0xff, 0x50, 0xb, 0xb3, 0x33, 0x3a,
    0xc0, 0x2f, 0x40, 0x0, 0x4, 0xf2, 0x8e, 0x0,
    0x0, 0x0, 0xd8,

    /* U+1EA5 "ấ" */
    0x0, 0x0, 0x0, 0xf5, 0x0, 0x0, 0x5, 0xa0,
    0x0, 0x2c, 0xa6, 0x0, 0x0, 0x31, 0x5, 0x0,
    0x1, 0xae, 0xeb, 0x20, 0xc, 0xc4, 0x3b, 0xd0,
    0x7, 0x20, 0x1, 0xf2, 0x0, 0x37, 0xad, 0xf3,
    0xb, 0xd8, 0x53, 0xf4, 0x4f, 0x0, 0x3, 0xf4,
    0x3f, 0x84, 0x6d, 0xf7, 0x7, 0xef, 0xc3, 0x9e,

    /* U+1EA6 "Ầ" */
    0x0, 0x0, 0x0, 0xc6, 0x0, 0x0, 0x0, 0x33,
    0x5d, 0x0, 0x0, 0x3, 0xee, 0x30, 0x0, 0x0,
    0xb, 0x44, 0xb0, 0x0, 0x0, 0x0, 0x0, 0x0,
    0x0, 0x0, 0x1, 0xff, 0x10, 0x0, 0x0, 0x7,
    0xdd, 0x70, 0x0, 0x0, 0xd, 0x77, 0xd0, 0x0,
    0x0, 0x3f, 0x11, 0xf3, 0x0, 0x0, 0x9b, 0x0,
    0xb9, 0x0, 0x0, 0xf6, 0x0, 0x6f, 0x0, 0x5,
    0xff, 0xff, 0xff, 0x50, 0xb, 0xb3, 0x33, 0x3a,
    0xc0, 0x2f, 0x40, 0x0, 0x4, 0xf2, 0x8e, 0x0,
    0x0, 0x0, 0xd8,

    /* U+1EA7 "ầ" */
    0x0, 0x0, 0xb, 0x90, 0x0, 0x0, 0x2, 0xd0,
    0x0, 0x2c, 0xa6, 0x0, 0x0, 0x31, 0x5, 0x0,
    0x1, 0xae, 0xeb, 0x20, 0xc, 0xc4, 0x3b, 0xd0,
    0x7, 0x20, 0x1, 0xf2, 0x0, 0x37, 0xad, 0xf3,
    0xb, 0xd8, 0x53, 0xf4, 0x4f, 0x0, 0x3, 0xf4,
    0x3f, 0x84, 0x6d, 0xf7, 0x7, 0xef, 0xc3, 0x9e,

    /* U+1EA8 "Ẩ" */
    0x0, 0x0, 0x4, 0xc6, 0x0, 0x0, 0x0, 0x0,
    0x3a, 0x0, 0x0, 0x1, 0xee, 0x61, 0x0, 0x0,
    0xa, 0x76, 0xb0, 0x0, 0x0, 0x0, 0x0, 0x0,
    0x0, 0x0, 0x1, 0xff, 0x10, 0x0, 0x0, 0x7,
    0xdd, 0x70, 0x0, 0x0, 0xd, 0x77, 0xd0, 0x0,
    0x0, 0x3f, 0x11, 0xf3, 0x0, 0x0, 0x9b, 0x0,
    0xb9, 0x0, 0x0, 0xf6, 0x0, 0x6f, 0x0, 0x5,
    0xff, 0xff, 0xff, 0x50, 0xb, 0xb3, 0x33, 0x3a,
    0xc0, 0x2f, 0x40, 0x0, 0x4, 0xf2, 0x8e, 0x0,
    0x0, 0x0, 0xd8,

    /* U+1EA9 "ẩ" */
    0x0, 0x0, 0x2c, 0x70, 0x0, 0x0, 0x0, 0xd0,
    0x0, 0x0, 0x3, 0xa0, 0x0, 0x1d, 0xd8, 0x10,
    0x0, 0x43, 0x6, 0x0, 0x1, 0xae, 0xeb, 0x20,
    0xc, 0xc4, 0x3b, 0xd0, 0x7, 0x20, 0x1, 0xf2,
    0x0, 0x37, 0xad, 0xf3, 0xb, 0xd8, 0x53, 0xf4,
    0x4f, 0x0, 0x3, 0xf4, 0x3f, 0x84, 0x6d, 0xf7,
    0x7, 0xef, 0xc3, 0x9e,

    /* U+1EAA "Ẫ" */
    0x0, 0xa, 0xcc, 0xa1, 0x0, 0x0, 0x0, 0x55,
    0x0, 0x0, 0x0, 0x3, 0xee, 0x40, 0x0, 0x0,
    0xb, 0x44, 0xb0, 0x0, 0x0, 0x0, 0x0, 0x0,
    0x0, 0x0, 0x1, 0xff, 0x10, 0x0, 0x0, 0x7,
    0xdd, 0x70, 0x0, 0x0, 0xd, 0x77, 0xd0, 0x0,
    0x0, 0x3f, 0x11, 0xf3, 0x0, 0x0, 0x9b, 0x0,
    0xb9, 0x0, 0x0, 0xf6, 0x0, 0x6f, 0x0, 0x5,
    0xff, 0xff, 0xff, 0x50, 0xb, 0xb3, 0x33, 0x3a,
    0xc0, 0x2f, 0x40, 0x0, 0x4, 0xf2, 0x8e, 0x0,
    0x0, 0x0, 0xd8,

    /* U+1EAB "ẫ" */
    0x0, 0x7d, 0x46, 0x50, 0x0, 0xb0, 0xab, 0x0,
    0x0, 0x0, 0x0, 0x0, 0x0, 0x1d, 0xd5, 0x0,
    0x0, 0x43, 0x6, 0x0, 0x1, 0xae, 0xeb, 0x20,
    0xc, 0xc4, 0x3b, 0xd0, 0x7, 0x20, 0x1, 0xf2,
    0x0, 0x37, 0xad, 0xf3, 0xb, 0xd8, 0x53, 0xf4,
    0x4f, 0x0, 0x3, 0xf4, 0x3f, 0x84, 0x6d, 0xf7,
    0x7, 0xef, 0xc3, 0x9e,

    /* U+1EAC "Ậ" */
    0x0, 0x0, 0x67, 0x0, 0x0, 0x0, 0x5, 0xbb,
    0x60, 0x0, 0x0, 0x6, 0x11, 0x70, 0x0, 0x0,
    0x0, 0x0, 0x0, 0x0, 0x0, 0x1, 0xff, 0x10,
    0x0, 0x0, 0x7, 0xdd, 0x70, 0x0, 0x0, 0xd,
    0x77, 0xd0, 0x0, 0x0, 0x3f, 0x11, 0xf3, 0x0,
    0x0, 0x9b, 0x0, 0xb9, 0x0, 0x0, 0xf6, 0x0,
    0x6f, 0x0, 0x5, 0xff, 0xff, 0xff, 0x50, 0xb,
    0xb3, 0x33, 0x3a, 0xc0, 0x2f, 0x40, 0x0, 0x4,
    0xf2, 0x8e, 0x0, 0x0, 0x0, 0xd8, 0x0, 0x0,
    0x33, 0x0, 0x0, 0x0, 0x0, 0xaa, 0x0, 0x0,

    /* U+1EAD "ậ" */
    0x0, 0x2b, 0x86, 0x0, 0x0, 0x31, 0x4, 0x0,
    0x1, 0xae, 0xeb, 0x20, 0xc, 0xc4, 0x3b, 0xd0,
    0x7, 0x20, 0x1, 0xf2, 0x0, 0x37, 0xad, 0xf3,
    0xb, 0xd8, 0x53, 0xf4, 0x4f, 0x0, 0x3, 0xf4,
    0x3f, 0x84, 0x6d, 0xf7, 0x7, 0xef, 0xc3, 0x9e,
    0x0, 0x3, 0x30, 0x0, 0x0, 0xa, 0xa0, 0x0,

    /* U+1EAE "Ắ" */
    0x0, 0x0, 0xe, 0x30, 0x0, 0x0, 0x2, 0x36,
    0x20, 0x0, 0x0, 0xd, 0x21, 0xd0, 0x0, 0x0,
    0x4, 0xdd, 0x40, 0x0, 0x0, 0x0, 0x0, 0x0,
    0x0, 0x0, 0x1, 0xff, 0x10, 0x0, 0x0, 0x7,
    0xdd, 0x70, 0x0, 0x0, 0xd, 0x77, 0xd0, 0x0,
    0x0, 0x3f, 0x11, 0xf3, 0x0, 0x0, 0x9b, 0x0,
    0xb9, 0x0, 0x0, 0xf6, 0x0, 0x6f, 0x0, 0x5,
    0xff, 0xff, 0xff, 0x50, 0xb, 0xb3, 0x33, 0x3a,
    0xc0, 0x2f, 0x40, 0x0, 0x4, 0xf2, 0x8e, 0x0,
    0x0, 0x0, 0xd8,

    /* U+1EAF "ắ" */
    0x0, 0x0, 0x64, 0x0, 0x0, 0x1, 0xe1, 0x0,
    0x0, 0x0, 0x0, 0x0, 0x0, 0x8d, 0xeb, 0x10,
    0x0, 0x0, 0x0, 0x0, 0x1, 0xae, 0xeb, 0x20,
    0xc, 0xc4, 0x3b, 0xd0, 0x7, 0x20, 0x1, 0xf2,
    0x0, 0x37, 0xad, 0xf3, 0xb, 0xd8, 0x53, 0xf4,
    0x4f, 0x0, 0x3, 0xf4, 0x3f, 0x84, 0x6d, 0xf7,
    0x7, 0xef, 0xc3, 0x9e,

    /* U+1EB0 "Ằ" */
    0x0, 0x2, 0xf1, 0x0, 0x0, 0x0, 0x2, 0x63,
    0x20, 0x0, 0x0, 0xd, 0x21, 0xd0, 0x0, 0x0,
    0x4, 0xdd, 0x40, 0x0, 0x0, 0x0, 0x0, 0x0,
    0x0, 0x0, 0x1, 0xff, 0x10, 0x0, 0x0, 0x7,
    0xdd, 0x70, 0x0, 0x0, 0xd, 0x77, 0xd0, 0x0,
    0x0, 0x3f, 0x11, 0xf3, 0x0, 0x0, 0x9b, 0x0,
    0xb9, 0x0, 0x0, 0xf6, 0x0, 0x6f, 0x0, 0x5,
    0xff, 0xff, 0xff, 0x50, 0xb, 0xb3, 0x33, 0x3a,
    0xc0, 0x2f, 0x40, 0x0, 0x4, 0xf2, 0x8e, 0x0,
    0x0, 0x0, 0xd8,

    /* U+1EB1 "ằ" */
    0x0, 0x19, 0x10, 0x0, 0x0, 0x9, 0x70, 0x0,
    0x0, 0x0, 0x0, 0x0, 0x0, 0x8d, 0xeb, 0x10,
    0x0, 0x0, 0x0, 0x0, 0x1, 0xae, 0xeb, 0x20,
    0xc, 0xc4, 0x3b, 0xd0, 0x7, 0x20, 0x1, 0xf2,
    0x0, 0x37, 0xad, 0xf3, 0xb, 0xd8, 0x53, 0xf4,
    0x4f, 0x0, 0x3, 0xf4, 0x3f, 0x84, 0x6d, 0xf7,
    0x7, 0xef, 0xc3, 0x9e,

    /* U+1EB2 "Ẳ" */
    0x0, 0x0, 0xbb, 0x0, 0x0, 0x0, 0x0, 0xc,
    0x0, 0x0, 0x0, 0xc, 0x23, 0xc0, 0x0, 0x0,
    0x5, 0xdd, 0x50, 0x0, 0x0, 0x0, 0x0, 0x0,
    0x0, 0x0, 0x0, 0x0, 0x0, 0x0, 0x0, 0x1,
    0xff, 0x10, 0x0, 0x0, 0x7, 0xdd, 0x70, 0x0,
    0x0, 0xd, 0x77, 0xd0, 0x0, 0x0, 0x3f, 0x11,
    0xf3, 0x0, 0x0, 0x9b, 0x0, 0xb9, 0x0, 0x0,
    0xf6, 0x0, 0x6f, 0x0, 0x5, 0xff, 0xff, 0xff,
    0x50, 0xb, 0xb3, 0x33, 0x3a, 0xc0, 0x2f, 0x40,
    0x0, 0x4, 0xf2, 0x8e, 0x0, 0x0, 0x0, 0xd8,

    /* U+1EB3 "ẳ" */
    0x0, 0x9, 0xc1, 0x0, 0x0, 0x0, 0xa3, 0x0,
    0x0, 0x0, 0xc0, 0x0, 0x0, 0x8d, 0xeb, 0x10,
    0x0, 0x0, 0x0, 0x0, 0x1, 0xae, 0xeb, 0x20,
    0xc, 0xc4, 0x3b, 0xd0, 0x7, 0x20, 0x1, 0xf2,
    0x0, 0x37, 0xad, 0xf3, 0xb, 0xd8, 0x53, 0xf4,
    0x4f, 0x0, 0x3, 0xf4, 0x3f, 0x84, 0x6d, 0xf7,
    0x7, 0xef, 0xc3, 0x9e,

    /* U+1EB4 "Ẵ" */
    0x0, 0xa, 0xc2, 0x92, 0x0, 0x0, 0x29, 0x2c,
    0xa0, 0x0, 0x0, 0x3, 0x0, 0x30, 0x0, 0x0,
    0xd, 0x21, 0xd0, 0x0, 0x0, 0x4, 0xdd, 0x40,
    0x0, 0x0, 0x0, 0x0, 0x0, 0x0, 0x0, 0x1,
    0xff, 0x10, 0x0, 0x0, 0x7, 0xdd, 0x70, 0x0,
    0x0, 0xd, 0x77, 0xd0, 0x0, 0x0, 0x3f, 0x11,
    0xf3, 0x0, 0x0, 0x9b, 0x0, 0xb9, 0x0, 0x0,
    0xf6, 0x0, 0x6f, 0x0, 0x5, 0xff, 0xff, 0xff,
    0x50, 0xb, 0xb3, 0x33, 0x3a, 0xc0, 0x2f, 0x40,
    0x0, 0x4, 0xf2, 0x8e, 0x0, 0x0, 0x0, 0xd8,

    /* U+1EB5 "ẵ" */
    0x0, 0x7c, 0x46, 0x40, 0x0, 0xb1, 0xbb, 0x0,
    0x0, 0x0, 0x0, 0x0, 0x0, 0x8d, 0xeb, 0x10,
    0x0, 0x0, 0x0, 0x0, 0x1, 0xae, 0xeb, 0x20,
    0xc, 0xc4, 0x3b, 0xd0, 0x7, 0x20, 0x1, 0xf2,
    0x0, 0x37, 0xad, 0xf3, 0xb, 0xd8, 0x53, 0xf4,
    0x4f, 0x0, 0x3, 0xf4, 0x3f, 0x84, 0x6d, 0xf7,
    0x7, 0xef, 0xc3, 0x9e,

    /* U+1EB6 "Ặ" */
    0x0, 0x7, 0x0, 0x70, 0x0, 0x0, 0x7, 0xee,
    0x70, 0x0, 0x0, 0x0, 0x0, 0x0, 0x0, 0x0,
    0x0, 0x0, 0x0, 0x0, 0x0, 0x1, 0xff, 0x10,
    0x0, 0x0, 0x7, 0xdd, 0x70, 0x0, 0x0, 0xd,
    0x77, 0xd0, 0x0, 0x0, 0x3f, 0x11, 0xf3, 0x0,
    0x0, 0x9b, 0x0, 0xb9, 0x0, 0x0, 0xf6, 0x0,
    0x6f, 0x0, 0x5, 0xff, 0xff, 0xff, 0x50, 0xb,
    0xb3, 0x33, 0x3a, 0xc0, 0x2f, 0x40, 0x0, 0x4,
    0xf2, 0x8e, 0x0, 0x0, 0x0, 0xd8, 0x0, 0x0,
    0x33, 0x0, 0x0, 0x0, 0x0, 0xaa, 0x0, 0x0,

    /* U+1EB7 "ặ" */
    0x0, 0x8d, 0xeb, 0x10, 0x0, 0x0, 0x0, 0x0,
    0x1, 0xae, 0xeb, 0x20, 0xc, 0xc4, 0x3b, 0xd0,
    0x7, 0x20, 0x1, 0xf2, 0x0, 0x37, 0xad, 0xf3,
    0xb, 0xd8, 0x53, 0xf4, 0x4f, 0x0, 0x3, 0xf4,
    0x3f, 0x84, 0x6d, 0xf7, 0x7, 0xef, 0xc3, 0x9e,
    0x0, 0x3, 0x30, 0x0, 0x0, 0xa, 0xa0, 0x0,

    /* U+1EB8 "Ẹ" */
    0xaf, 0xff, 0xff, 0xf1, 0xab, 0x33, 0x33, 0x30,
    0xaa, 0x0, 0x0, 0x0, 0xaa, 0x0, 0x0, 0x0,
    0xaf, 0xff, 0xff, 0xe0, 0xab, 0x33, 0x33, 0x20,
    0xaa, 0x0, 0x0, 0x0, 0xaa, 0x0, 0x0, 0x0,
    0xab, 0x33, 0x33, 0x30, 0xaf, 0xff, 0xff, 0xf3,
    0x0, 0x4, 0x20, 0x0, 0x0, 0xe, 0x70, 0x0,

    /* U+1EB9 "ẹ" */
    0x0, 0x8e, 0xfc, 0x30, 0xa, 0xd4, 0x38, 0xf2,
    0x1f, 0x20, 0x0, 0xc9, 0x4f, 0xff, 0xff, 0xfb,
    0x4f, 0x32, 0x22, 0x21, 0x1f, 0x50, 0x0, 0x74,
    0xa, 0xe5, 0x38, 0xf2, 0x0, 0x8e, 0xfc, 0x30,
    0x0, 0x1, 0x50, 0x0, 0x0, 0x5, 0xf0, 0x0,

    /* U+1EBA "Ẻ" */
    0x0, 0x5d, 0x90, 0x0, 0x0, 0x1, 0xe0, 0x0,
    0x0, 0x5, 0x70, 0x0, 0x0, 0x0, 0x0, 0x0,
    0xaf, 0xff, 0xff, 0xf1, 0xab, 0x33, 0x33, 0x30,
    0xaa, 0x0, 0x0, 0x0, 0xaa, 0x0, 0x0, 0x0,
    0xaf, 0xff, 0xff, 0xe0, 0xab, 0x33, 0x33, 0x20,
    0xaa, 0x0, 0x0, 0x0, 0xaa, 0x0, 0x0, 0x0,
    0xab, 0x33, 0x33, 0x30, 0xaf, 0xff, 0xff, 0xf3,

    /* U+1EBB "ẻ" */
    0x0, 0xb, 0xd4, 0x0, 0x0, 0x0, 0x95, 0x0,
    0x0, 0x0, 0x50, 0x0, 0x0, 0x8e, 0xfc, 0x30,
    0xa, 0xd4, 0x38, 0xf2, 0x1f, 0x20, 0x0, 0xc9,
    0x4f, 0xff, 0xff, 0xfb, 0x4f, 0x32, 0x22, 0x21,
    0x1f, 0x50, 0x0, 0x74, 0xa, 0xe5, 0x38, 0xf2,
    0x0, 0x8e, 0xfc, 0x30,

    /* U+1EBC "Ẽ" */
    0x4, 0xbd, 0xc9, 0x0, 0x0, 0x0, 0x0, 0x0,
    0x0, 0x0, 0x0, 0x0, 0xaf, 0xff, 0xff, 0xf1,
    0xab, 0x33, 0x33, 0x30, 0xaa, 0x0, 0x0, 0x0,
    0xaa, 0x0, 0x0, 0x0, 0xaf, 0xff, 0xff, 0xe0,
    0xab, 0x33, 0x33, 0x20, 0xaa, 0x0, 0x0, 0x0,
    0xaa, 0x0, 0x0, 0x0, 0xab, 0x33, 0x33, 0x30,
    0xaf, 0xff, 0xff, 0xf3,

    /* U+1EBD "ẽ" */
    0x0, 0xad, 0xdc, 0x50, 0x0, 0x0, 0x0, 0x0,
    0x0, 0x8e, 0xfc, 0x30, 0xa, 0xd4, 0x38, 0xf2,
    0x1f, 0x20, 0x0, 0xc9, 0x4f, 0xff, 0xff, 0xfb,
    0x4f, 0x32, 0x22, 0x21, 0x1f, 0x50, 0x0, 0x74,
    0xa, 0xe5, 0x38, 0xf2, 0x0, 0x8e, 0xfc, 0x30,

    /* U+1EBE "Ế" */
    0x0, 0x0, 0x5, 0xc0, 0x0, 0x4, 0x2c, 0x60,
    0x0, 0x7d, 0xe0, 0x0, 0x1, 0xc1, 0x87, 0x0,
    0x0, 0x0, 0x0, 0x0, 0xaf, 0xff, 0xff, 0xf1,
    0xab, 0x33, 0x33, 0x30, 0xaa, 0x0, 0x0, 0x0,
    0xaa, 0x0, 0x0, 0x0, 0xaf, 0xff, 0xff, 0xe0,
    0xab, 0x33, 0x33, 0x20, 0xaa, 0x0, 0x0, 0x0,
    0xaa, 0x0, 0x0, 0x0, 0xab, 0x33, 0x33, 0x30,
    0xaf, 0xff, 0xff, 0xf3,

    /* U+1EBF "ế" */
    0x0, 0x0, 0x0, 0xd7, 0x0, 0x0, 0x3, 0xc0,
    0x0, 0x1b, 0x98, 0x0, 0x0, 0x32, 0x4, 0x10,
    0x0, 0x8e, 0xfc, 0x30, 0xa, 0xd4, 0x38, 0xf2,
    0x1f, 0x20, 0x0, 0xc9, 0x4f, 0xff, 0xff, 0xfb,
    0x4f, 0x32, 0x22, 0x21, 0x1f, 0x50, 0x0, 0x74,
    0xa, 0xe5, 0x38, 0xf2, 0x0, 0x8e, 0xfc, 0x30,

    /* U+1EC0 "Ề" */
    0x0, 0x0, 0x2e, 0x20, 0x0, 0x4, 0x29, 0x80,
    0x0, 0x7d, 0xe0, 0x0, 0x1, 0xc1, 0x87, 0x0,
    0x0, 0x0, 0x0, 0x0, 0xaf, 0xff, 0xff, 0xf1,
    0xab, 0x33, 0x33, 0x30, 0xaa, 0x0, 0x0, 0x0,
    0xaa, 0x0, 0x0, 0x0, 0xaf, 0xff, 0xff, 0xe0,
    0xab, 0x33, 0x33, 0x20, 0xaa, 0x0, 0x0, 0x0,
    0xaa, 0x0, 0x0, 0x0, 0xab, 0x33, 0x33, 0x30,
    0xaf, 0xff, 0xff, 0xf3,

    /* U+1EC1 "ề" */
    0x0, 0x0, 0x9, 0xb0, 0x0, 0x0, 0x0, 0xd1,
    0x0, 0x1b, 0x98, 0x0, 0x0, 0x32, 0x4, 0x10,
    0x0, 0x8e, 0xfc, 0x30, 0xa, 0xd4, 0x38, 0xf2,
    0x1f, 0x20, 0x0, 0xc9, 0x4f, 0xff, 0xff, 0xfb,
    0x4f, 0x32, 0x22, 0x21, 0x1f, 0x50, 0x0, 0x74,
    0xa, 0xe5, 0x38, 0xf2, 0x0, 0x8e, 0xfc, 0x30,

    /* U+1EC2 "Ể" */
    0x0, 0x0, 0x7c, 0x30, 0x0, 0x0, 0x8, 0x50,
    0x0, 0x4f, 0xb6, 0x0, 0x0, 0xd3, 0xa7, 0x0,
    0x0, 0x0, 0x0, 0x0, 0xaf, 0xff, 0xff, 0xf1,
    0xab, 0x33, 0x33, 0x30, 0xaa, 0x0, 0x0, 0x0,
    0xaa, 0x0, 0x0, 0x0, 0xaf, 0xff, 0xff, 0xe0,
    0xab, 0x33, 0x33, 0x20, 0xaa, 0x0, 0x0, 0x0,
    0xaa, 0x0, 0x0, 0x0, 0xab, 0x33, 0x33, 0x30,
    0xaf, 0xff, 0xff, 0xf3,

    /* U+1EC3 "ể" */
    0x0, 0x0, 0xc, 0x90, 0x0, 0x0, 0x0, 0xe0,
    0x0, 0x0, 0x1, 0xc0, 0x0, 0xc, 0xd9, 0x20,
    0x0, 0x44, 0x6, 0x10, 0x0, 0x8e, 0xfc, 0x30,
    0xa, 0xd4, 0x38, 0xf2, 0x1f, 0x20, 0x0, 0xc9,
    0x4f, 0xff, 0xff, 0xfb, 0x4f, 0x32, 0x22, 0x21,
    0x1f, 0x50, 0x0, 0x74, 0xa, 0xe5, 0x38, 0xf2,
    0x0, 0x8e, 0xfc, 0x30,

    /* U+1EC4 "Ễ" */
    0x3, 0xbd, 0xc9, 0x0, 0x0, 0x6, 0x30, 0x0,
    0x0, 0x7d, 0xe1, 0x0, 0x1, 0xd1, 0x78, 0x0,
    0x0, 0x0, 0x0, 0x0, 0xaf, 0xff, 0xff, 0xf1,
    0xab, 0x33, 0x33, 0x30, 0xaa, 0x0, 0x0, 0x0,
    0xaa, 0x0, 0x0, 0x0, 0xaf, 0xff, 0xff, 0xe0,
    0xab, 0x33, 0x33, 0x20, 0xaa, 0x0, 0x0, 0x0,
    0xaa, 0x0, 0x0, 0x0, 0xab, 0x33, 0x33, 0x30,
    0xaf, 0xff, 0xff, 0xf3,

    /* U+1EC5 "ễ" */
    0x0, 0x6d, 0x64, 0x70, 0x0, 0xb0, 0x9c, 0x20,
    0x0, 0x0, 0x0, 0x0, 0x0, 0xc, 0xd7, 0x0,
    0x0, 0x34, 0x6, 0x10, 0x0, 0x8e, 0xfc, 0x30,
    0xa, 0xd4, 0x38, 0xf2, 0x1f, 0x20, 0x0, 0xc9,
    0x4f, 0xff, 0xff, 0xfb, 0x4f, 0x32, 0x22, 0x21,
    0x1f, 0x50, 0x0, 0x74, 0xa, 0xe5, 0x38, 0xf2,
    0x0, 0x8e, 0xfc, 0x30,

    /* U+1EC6 "Ệ" */
    0x0, 0x17, 0x40, 0x0, 0x0, 0xa9, 0xd2, 0x0,
    0x1, 0x70, 0x35, 0x0, 0x0, 0x0, 0x0, 0x0,
    0xaf, 0xff, 0xff, 0xf1, 0xab, 0x33, 0x33, 0x30,
    0xaa, 0x0, 0x0, 0x0, 0xaa, 0x0, 0x0, 0x0,
    0xaf, 0xff, 0xff, 0xe0, 0xab, 0x33, 0x33, 0x20,
    0xaa, 0x0, 0x0, 0x0, 0xaa, 0x0, 0x0, 0x0,
    0xab, 0x33, 0x33, 0x30, 0xaf, 0xff, 0xff, 0xf3,
    0x0, 0x4, 0x20, 0x0, 0x0, 0xe, 0x70, 0x0,

    /* U+1EC7 "ệ" */
    0x0, 0x1b, 0x78, 0x0, 0x0, 0x22, 0x3, 0x0,
    0x0, 0x8e, 0xfc, 0x30, 0xa, 0xd4, 0x38, 0xf2,
    0x1f, 0x20, 0x0, 0xc9, 0x4f, 0xff, 0xff, 0xfb,
    0x4f, 0x32, 0x22, 0x21, 0x1f, 0x50, 0x0, 0x74,
    0xa, 0xe5, 0x38, 0xf2, 0x0, 0x8e, 0xfc, 0x30,
    0x0, 0x1, 0x50, 0x0, 0x0, 0x5, 0xf0, 0x0,

    /* U+1EC8 "Ỉ" */
    0x1d, 0xc0, 0x0, 0xd2, 0x2, 0xb0, 0x0, 0x0,
    0xa, 0xa0, 0xa, 0xa0, 0xa, 0xa0, 0xa, 0xa0,
    0xa, 0xa0, 0xa, 0xa0, 0xa, 0xa0, 0xa, 0xa0,
    0xa, 0xa0, 0xa, 0xa0,

    /* U+1EC9 "ỉ" */
    0x4d, 0xb0, 0x1, 0xd0, 0x2, 0x10, 0xc, 0x70,
    0xc, 0x70, 0xc, 0x70, 0xc, 0x70, 0xc, 0x70,
    0xc, 0x70, 0xc, 0x70, 0xc, 0x70,

    /* U+1ECA "Ị" */
    0xaa, 0xaa, 0xaa, 0xaa, 0xaa, 0xaa, 0xaa, 0xaa,
    0xaa, 0xaa, 0x33, 0xab,

    /* U+1ECB "ị" */
    0xd7, 0x63, 0xc7, 0xc7, 0xc7, 0xc7, 0xc7, 0xc7,
    0xc7, 0xc7, 0x42, 0xd7,

    /* U+1ECC "Ọ" */
    0x0, 0x29, 0xef, 0xea, 0x20, 0x0, 0x2e, 0xc6,
    0x45, 0xcf, 0x30, 0xc, 0xc0, 0x0, 0x0, 0xbd,
    0x2, 0xf4, 0x0, 0x0, 0x2, 0xf3, 0x4f, 0x10,
    0x0, 0x0, 0xf, 0x54, 0xf1, 0x0, 0x0, 0x0,
    0xf5, 0x2f, 0x40, 0x0, 0x0, 0x2f, 0x30, 0xcc,
    0x0, 0x0, 0xb, 0xd0, 0x3, 0xfc, 0x64, 0x5c,
    0xf3, 0x0, 0x2, 0x9e, 0xfe, 0xa2, 0x0, 0x0,
    0x0, 0x5, 0x0, 0x0, 0x0, 0x0, 0x2, 0xf3,
    0x0, 0x0,

    /* U+1ECD "ọ" */
    0x0, 0x8e, 0xfc, 0x40, 0xa, 0xe5, 0x39, 0xf3,
    0x1f, 0x40, 0x0, 0xbb, 0x4f, 0x0, 0x0, 0x7e,
    0x4f, 0x0, 0x0, 0x7e, 0x1f, 0x40, 0x0, 0xbb,
    0xa, 0xe5, 0x38, 0xf3, 0x0, 0x8e, 0xfc, 0x40,
    0x0, 0x1, 0x50, 0x0, 0x0, 0x5, 0xf0, 0x0,

    /* U+1ECE "Ỏ" */
    0x0, 0x0, 0x8d, 0x50, 0x0, 0x0, 0x0, 0x0,
    0x4b, 0x0, 0x0, 0x0, 0x0, 0x9, 0x60, 0x0,
    0x0, 0x0, 0x0, 0x10, 0x0, 0x0, 0x0, 0x29,
    0xef, 0xea, 0x20, 0x0, 0x2e, 0xc6, 0x45, 0xcf,
    0x30, 0xc, 0xc0, 0x0, 0x0, 0xbd, 0x2, 0xf4,
    0x0, 0x0, 0x2, 0xf3, 0x4f, 0x10, 0x0, 0x0,
    0xf, 0x54, 0xf1, 0x0, 0x0, 0x0, 0xf5, 0x2f,
    0x40, 0x0, 0x0, 0x2f, 0x30, 0xcc, 0x0, 0x0,
    0xb, 0xd0, 0x3, 0xfc, 0x64, 0x5c, 0xf3, 0x0,
    0x2, 0x9e, 0xfe, 0xa2, 0x0,

    /* U+1ECF "ỏ" */
    0x0, 0xb, 0xd4, 0x0, 0x0, 0x0, 0x95, 0x0,
    0x0, 0x0, 0x40, 0x0, 0x0, 0x8e, 0xfc, 0x40,
    0xa, 0xe5, 0x39, 0xf3, 0x1f, 0x40, 0x0, 0xbb,
    0x4f, 0x0, 0x0, 0x7e, 0x4f, 0x0, 0x0, 0x7e,
    0x1f, 0x40, 0x0, 0xbb, 0xa, 0xe5, 0x38, 0xf3,
    0x0, 0x8e, 0xfc, 0x40,

    /* U+1ED0 "Ố" */
    0x0, 0x0, 0x0, 0x9, 0xb0, 0x0, 0x0, 0x1,
    0x62, 0xd2, 0x0, 0x0, 0x0, 0xad, 0xb0, 0x0,
    0x0, 0x0, 0x3d, 0xc, 0x40, 0x0, 0x0, 0x0,
    0x0, 0x0, 0x0, 0x0, 0x2, 0x9e, 0xfe, 0xa2,
    0x0, 0x2, 0xec, 0x64, 0x5c, 0xf3, 0x0, 0xcc,
    0x0, 0x0, 0xb, 0xd0, 0x2f, 0x40, 0x0, 0x0,
    0x2f, 0x34, 0xf1, 0x0, 0x0, 0x0, 0xf5, 0x4f,
    0x10, 0x0, 0x0, 0xf, 0x52, 0xf4, 0x0, 0x0,
    0x2, 0xf3, 0xc, 0xc0, 0x0, 0x0, 0xbd, 0x0,
    0x3f, 0xc6, 0x45, 0xcf, 0x30, 0x0, 0x29, 0xef,
    0xea, 0x20, 0x0,

    /* U+1ED1 "ố" */
    0x0, 0x0, 0x0, 0xd7, 0x0, 0x0, 0x3, 0xc0,
    0x0, 0x1b, 0x98, 0x0, 0x0, 0x32, 0x4, 0x10,
    0x0, 0x8e, 0xfc, 0x40, 0xa, 0xe5, 0x39, 0xf3,
    0x1f, 0x40, 0x0, 0xbb, 0x4f, 0x0, 0x0, 0x7e,
    0x4f, 0x0, 0x0, 0x7e, 0x1f, 0x40, 0x0, 0xbb,
    0xa, 0xe5, 0x38, 0xf3, 0x0, 0x8e, 0xfc, 0x40,

    /* U+1ED2 "Ồ" */
    0x0, 0x0, 0x0, 0x5e, 0x0, 0x0, 0x0, 0x1,
    0x62, 0xa5, 0x0, 0x0, 0x0, 0xad, 0xb0, 0x0,
    0x0, 0x0, 0x3d, 0xc, 0x40, 0x0, 0x0, 0x0,
    0x0, 0x0, 0x0, 0x0, 0x2, 0x9e, 0xfe, 0xa2,
    0x0, 0x2, 0xec, 0x64, 0x5c, 0xf3, 0x0, 0xcc,
    0x0, 0x0, 0xb, 0xd0, 0x2f, 0x40, 0x0, 0x0,
    0x2f, 0x34, 0xf1, 0x0, 0x0, 0x0, 0xf5, 0x4f,
    0x10, 0x0, 0x0, 0xf, 0x52, 0xf4, 0x0, 0x0,
    0x2, 0xf3, 0xc, 0xc0, 0x0, 0x0, 0xbd, 0x0,
    0x3f, 0xc6, 0x45, 0xcf, 0x30, 0x0, 0x29, 0xef,
    0xea, 0x20, 0x0,

    /* U+1ED3 "ồ" */
    0x0, 0x0, 0x9, 0xb0, 0x0, 0x0, 0x0, 0xd1,
    0x0, 0x1b, 0x98, 0x0, 0x0, 0x32, 0x4, 0x10,
    0x0, 0x8e, 0xfc, 0x40, 0xa, 0xe5, 0x39, 0xf3,
    0x1f, 0x40, 0x0, 0xbb, 0x4f, 0x0, 0x0, 0x7e,
    0x4f, 0x0, 0x0, 0x7e, 0x1f, 0x40, 0x0, 0xbb,
    0xa, 0xe5, 0x38, 0xf3, 0x0, 0x8e, 0xfc, 0x40,

    /* U+1ED4 "Ổ" */
    0x0, 0x0, 0x0, 0xac, 0x10, 0x0, 0x0, 0x0,
    0x0, 0xb2, 0x0, 0x0, 0x0, 0x6e, 0x77, 0x0,
    0x0, 0x0, 0x1e, 0x4e, 0x20, 0x0, 0x0, 0x1,
    0x20, 0x22, 0x0, 0x0, 0x2, 0x9e, 0xfe, 0xa2,
    0x0, 0x2, 0xec, 0x64, 0x5c, 0xf3, 0x0, 0xcc,
    0x0, 0x0, 0xb, 0xd0, 0x2f, 0x40, 0x0, 0x0,
    0x2f, 0x34, 0xf1, 0x0, 0x0, 0x0, 0xf5, 0x4f,
    0x10, 0x0, 0x0, 0xf, 0x52, 0xf4, 0x0, 0x0,
    0x2, 0xf3, 0xc, 0xc0, 0x0, 0x0, 0xbd, 0x0,
    0x3f, 0xc6, 0x45, 0xcf, 0x30, 0x0, 0x29, 0xef,
    0xea, 0x20, 0x0,

    /* U+1ED5 "ổ" */
    0x0, 0x0, 0xc, 0x90, 0x0, 0x0, 0x0, 0xe0,
    0x0, 0x0, 0x1, 0xc0, 0x0, 0xc, 0xd9, 0x20,
    0x0, 0x33, 0x6, 0x10, 0x0, 0x8e, 0xfc, 0x40,
    0xa, 0xe5, 0x39, 0xf3, 0x1f, 0x40, 0x0, 0xbb,
    0x4f, 0x0, 0x0, 0x7e, 0x4f, 0x0, 0x0, 0x7e,
    0x1f, 0x40, 0x0, 0xbb, 0xa, 0xe5, 0x38, 0xf3,
    0x0, 0x8e, 0xfc, 0x40,

    /* U+1ED6 "Ỗ" */
    0x0, 0x3, 0xd8, 0x1a, 0x0, 0x0, 0x0, 0x82,
    0x6d, 0x40, 0x0, 0x0, 0x0, 0x16, 0x20, 0x0,
    0x0, 0x0, 0x9, 0xeb, 0x0, 0x0, 0x0, 0x2,
    0xe1, 0xd4, 0x0, 0x0, 0x0, 0x11, 0x1, 0x10,
    0x0, 0x0, 0x29, 0xef, 0xea, 0x20, 0x0, 0x2e,
    0xc6, 0x45, 0xcf, 0x30, 0xc, 0xc0, 0x0, 0x0,
    0xbd, 0x2, 0xf4, 0x0, 0x0, 0x2, 0xf3, 0x4f,
    0x10, 0x0, 0x0, 0xf, 0x54, 0xf1, 0x0, 0x0,
    0x0, 0xf5, 0x2f, 0x40, 0x0, 0x0, 0x2f, 0x30,
    0xcc, 0x0, 0x0, 0xb, 0xd0, 0x3, 0xfc, 0x64,
    0x5c, 0xf3, 0x0, 0x2, 0x9e, 0xfe, 0xa2, 0x0,

    /* U+1ED7 "ỗ" */
    0x0, 0x6d, 0x64, 0x70, 0x0, 0xb0, 0x9c, 0x20,
    0x0, 0x0, 0x0, 0x0, 0x0, 0xc, 0xd7, 0x0,
    0x0, 0x34, 0x6, 0x10, 0x0, 0x8e, 0xfc, 0x40,
    0xa, 0xe5, 0x39, 0xf3, 0x1f, 0x40, 0x0, 0xbb,
    0x4f, 0x0, 0x0, 0x7e, 0x4f, 0x0, 0x0, 0x7e,
    0x1f, 0x40, 0x0, 0xbb, 0xa, 0xe5, 0x38, 0xf3,
    0x0, 0x8e, 0xfc, 0x40,

    /* U+1ED8 "Ộ" */
    0x0, 0x0, 0x28, 0x30, 0x0, 0x0, 0x0, 0xd,
    0x8d, 0x0, 0x0, 0x0, 0x2, 0x50, 0x53, 0x0,
    0x0, 0x0, 0x0, 0x0, 0x0, 0x0, 0x0, 0x29,
    0xef, 0xea, 0x20, 0x0, 0x2e, 0xc6, 0x45, 0xcf,
    0x30, 0xc, 0xc0, 0x0, 0x0, 0xbd, 0x2, 0xf4,
    0x0, 0x0, 0x2, 0xf3, 0x4f, 0x10, 0x0, 0x0,
    0xf, 0x54, 0xf1, 0x0, 0x0, 0x0, 0xf5, 0x2f,
    0x40, 0x0, 0x0, 0x2f, 0x30, 0xcc, 0x0, 0x0,
    0xb, 0xd0, 0x3, 0xfc, 0x64, 0x5c, 0xf3, 0x0,
    0x2, 0x9e, 0xfe, 0xa2, 0x0, 0x0, 0x0, 0x5,
    0x0, 0x0, 0x0, 0x0, 0x2, 0xf3, 0x0, 0x0,

    /* U+1ED9 "ộ" */
    0x0, 0x1b, 0x78, 0x0, 0x0, 0x21, 0x3, 0x0,
    0x0, 0x8e, 0xfc, 0x40, 0xa, 0xe5, 0x39, 0xf3,
    0x1f, 0x40, 0x0, 0xbb, 0x4f, 0x0, 0x0, 0x7e,
    0x4f, 0x0, 0x0, 0x7e, 0x1f, 0x40, 0x0, 0xbb,
    0xa, 0xe5, 0x38, 0xf3, 0x0, 0x8e, 0xfc, 0x40,
    0x0, 0x1, 0x50, 0x0, 0x0, 0x5, 0xf0, 0x0,

    /* U+1EDA "Ớ" */
    0x0, 0x0, 0x3, 0xd1, 0x0, 0x0, 0x0, 0x0,
    0xc6, 0x8, 0x90, 0x0, 0x0, 0x0, 0x0, 0x7a,
    0x0, 0x0, 0x0, 0x0, 0x9, 0x90, 0x0, 0x29,
    0xef, 0xef, 0xb1, 0x0, 0x2e, 0xc6, 0x45, 0xcf,
    0x30, 0xc, 0xc0, 0x0, 0x0, 0xbd, 0x2, 0xf4,
    0x0, 0x0, 0x2, 0xf3, 0x4f, 0x10, 0x0, 0x0,
    0xf, 0x54, 0xf1, 0x0, 0x0, 0x0, 0xf5, 0x2f,
    0x40, 0x0, 0x0, 0x2f, 0x30, 0xcc, 0x0, 0x0,
    0xb, 0xd0, 0x3, 0xfc, 0x64, 0x5c, 0xf3, 0x0,
    0x2, 0x9e, 0xfe, 0xa2, 0x0,

    /* U+1EDB "ớ" */
    0x0, 0x0, 0xaa, 0x12, 0x0, 0x2, 0xc0, 0x4d,
    0x0, 0x8e, 0xff, 0xf7, 0xa, 0xe5, 0x39, 0xf3,
    0x1f, 0x40, 0x0, 0xbb, 0x4f, 0x0, 0x0, 0x7e,
    0x4f, 0x0, 0x0, 0x7e, 0x1f, 0x40, 0x0, 0xbb,
    0xa, 0xe5, 0x38, 0xf3, 0x0, 0x8e, 0xfc, 0x40,

    /* U+1EDC "Ờ" */
    0x0, 0x0, 0xc5, 0x0, 0x0, 0x0, 0x0, 0x4,
    0xd0, 0x8, 0x90, 0x0, 0x0, 0x0, 0x0, 0x7a,
    0x0, 0x0, 0x0, 0x0, 0x9, 0x90, 0x0, 0x29,
    0xef, 0xef, 0xb1, 0x0, 0x2e, 0xc6, 0x45, 0xcf,
    0x30, 0xc, 0xc0, 0x0, 0x0, 0xbd, 0x2, 0xf4,
    0x0, 0x0, 0x2, 0xf3, 0x4f, 0x10, 0x0, 0x0,
    0xf, 0x54, 0xf1, 0x0, 0x0, 0x0, 0xf5, 0x2f,
    0x40, 0x0, 0x0, 0x2f, 0x30, 0xcc, 0x0, 0x0,
    0xb, 0xd0, 0x3, 0xfc, 0x64, 0x5c, 0xf3, 0x0,
    0x2, 0x9e, 0xfe, 0xa2, 0x0,

    /* U+1EDD "ờ" */
    0x0, 0x4e, 0x10, 0x12, 0x0, 0x8, 0x70, 0x4d,
    0x0, 0x8e, 0xff, 0xf7, 0xa, 0xe5, 0x39, 0xf3,
    0x1f, 0x40, 0x0, 0xbb, 0x4f, 0x0, 0x0, 0x7e,
    0x4f, 0x0, 0x0, 0x7e, 0x1f, 0x40, 0x0, 0xbb,
    0xa, 0xe5, 0x38, 0xf3, 0x0, 0x8e, 0xfc, 0x40,

    /* U+1EDE "Ở" */
    0x0, 0x0, 0x8d, 0x50, 0x0, 0x0, 0x0, 0x0,
    0x4b, 0x4, 0x40, 0x0, 0x0, 0x9, 0x60, 0x7a,
    0x0, 0x0, 0x0, 0x10, 0x8, 0x90, 0x0, 0x29,
    0xef, 0xef, 0xc1, 0x0, 0x2e, 0xc6, 0x45, 0xcf,
    0x30, 0xc, 0xc0, 0x0, 0x0, 0xbd, 0x2, 0xf4,
    0x0, 0x0, 0x2, 0xf3, 0x4f, 0x10, 0x0, 0x0,
    0xf, 0x54, 0xf1, 0x0, 0x0, 0x0, 0xf5, 0x2f,
    0x40, 0x0, 0x0, 0x2f, 0x30, 0xcc, 0x0, 0x0,
    0xb, 0xd0, 0x3, 0xfc, 0x64, 0x5c, 0xf3, 0x0,
    0x2, 0x9e, 0xfe, 0xa2, 0x0,

    /* U+1EDF "ở" */
    0x0, 0xd, 0xd2, 0x0, 0x0, 0x0, 0xb3, 0x38,
    0x0, 0x0, 0x40, 0x4e, 0x0, 0x8e, 0xff, 0xf6,
    0xa, 0xe5, 0x39, 0xf3, 0x1f, 0x40, 0x0, 0xbb,
    0x4f, 0x0, 0x0, 0x7e, 0x4f, 0x0, 0x0, 0x7e,
    0x1f, 0x40, 0x0, 0xbb, 0xa, 0xe5, 0x38, 0xf3,
    0x0, 0x8e, 0xfc, 0x40,

    /* U+1EE0 "Ỡ" */
    0x0, 0x4, 0xd8, 0xb, 0x0, 0x0, 0x0, 0xb0,
    0x7d, 0x58, 0x80, 0x0, 0x0, 0x0, 0x0, 0x7a,
    0x0, 0x0, 0x0, 0x0, 0x8, 0x90, 0x0, 0x29,
    0xef, 0xef, 0xc1, 0x0, 0x2e, 0xc6, 0x45, 0xcf,
    0x30, 0xc, 0xc0, 0x0, 0x0, 0xbd, 0x2, 0xf4,
    0x0, 0x0, 0x2, 0xf3, 0x4f, 0x10, 0x0, 0x0,
    0xf, 0x54, 0xf1, 0x0, 0x0, 0x0, 0xf5, 0x2f,
    0x40, 0x0, 0x0, 0x2f, 0x30, 0xcc, 0x0, 0x0,
    0xb, 0xd0, 0x3, 0xfc, 0x64, 0x5c, 0xf3, 0x0,
    0x2, 0x9e, 0xfe, 0xa2, 0x0,

    /* U+1EE1 "ỡ" */
    0x1, 0xbd, 0xdc, 0x8c, 0x0, 0x0, 0x0, 0x5e,
    0x0, 0x8e, 0xff, 0xf6, 0xa, 0xe5, 0x39, 0xf3,
    0x1f, 0x40, 0x0, 0xbb, 0x4f, 0x0, 0x0, 0x7e,
    0x4f, 0x0, 0x0, 0x7e, 0x1f, 0x40, 0x0, 0xbb,
    0xa, 0xe5, 0x38, 0xf3, 0x0, 0x8e, 0xfc, 0x40,

    /* U+1EE2 "Ợ" */
    0x0, 0x0, 0x0, 0x0, 0x89, 0x0, 0x0, 0x0,
    0x0, 0x7, 0xa0, 0x0, 0x0, 0x0, 0x0, 0x89,
    0x0, 0x2, 0x9e, 0xfe, 0xfb, 0x10, 0x2, 0xec,
    0x64, 0x5c, 0xf3, 0x0, 0xcc, 0x0, 0x0, 0xb,
    0xd0, 0x2f, 0x40, 0x0, 0x0, 0x2f, 0x34, 0xf1,
    0x0, 0x0, 0x0, 0xf5, 0x4f, 0x10, 0x0, 0x0,
    0xf, 0x52, 0xf4, 0x0, 0x0, 0x2, 0xf3, 0xc,
    0xc0, 0x0, 0x0, 0xbd, 0x0, 0x3f, 0xc6, 0x45,
    0xcf, 0x30, 0x0, 0x29, 0xef, 0xea, 0x20, 0x0,
    0x0, 0x0, 0x50, 0x0, 0x0, 0x0, 0x0, 0x2f,
    0x30, 0x0, 0x0,

    /* U+1EE3 "ợ" */
    0x0, 0x0, 0x0, 0x4c, 0x0, 0x0, 0x0, 0x5e,
    0x0, 0x8e, 0xff, 0xf6, 0xa, 0xe5, 0x39, 0xf3,
    0x1f, 0x40, 0x0, 0xbb, 0x4f, 0x0, 0x0, 0x7e,
    0x4f, 0x0, 0x0, 0x7e, 0x1f, 0x40, 0x0, 0xbb,
    0xa, 0xe5, 0x38, 0xf3, 0x0, 0x8e, 0xfc, 0x40,
    0x0, 0x1, 0x50, 0x0, 0x0, 0x5, 0xf0, 0x0,

    /* U+1EE4 "Ụ" */
    0xd7, 0x0, 0x0, 0x1f, 0x3d, 0x70, 0x0, 0x1,
    0xf3, 0xd7, 0x0, 0x0, 0x1f, 0x3d, 0x70, 0x0,
    0x1, 0xf3, 0xd7, 0x0, 0x0, 0x1f, 0x3d, 0x70,
    0x0, 0x1, 0xf3, 0xd7, 0x0, 0x0, 0x2f, 0x2a,
    0xb0, 0x0, 0x6, 0xf0, 0x3f, 0xb5, 0x48, 0xf8,
    0x0, 0x3b, 0xef, 0xd6, 0x0, 0x0, 0x2, 0x40,
    0x0, 0x0, 0x0, 0x7d, 0x0, 0x0,

    /* U+1EE5 "ụ" */
    0xc7, 0x0, 0xd, 0x6c, 0x70, 0x0, 0xd6, 0xc7,
    0x0, 0xd, 0x6c, 0x70, 0x0, 0xd6, 0xc7, 0x0,
    0xd, 0x6b, 0x80, 0x0, 0xf6, 0x7e, 0x32, 0xaf,
    0x60, 0x9f, 0xe6, 0xc6, 0x0, 0x24, 0x0, 0x0,
    0x6, 0xe0, 0x0,

    /* U+1EE6 "Ủ" */
    0x0, 0xd, 0xd2, 0x0, 0x0, 0x0, 0xa, 0x50,
    0x0, 0x0, 0x1, 0xb0, 0x0, 0x0, 0x0, 0x0,
    0x0, 0x0, 0xd7, 0x0, 0x0, 0x1f, 0x3d, 0x70,
    0x0, 0x1, 0xf3, 0xd7, 0x0, 0x0, 0x1f, 0x3d,
    0x70, 0x0, 0x1, 0xf3, 0xd7, 0x0, 0x0, 0x1f,
    0x3d, 0x70, 0x0, 0x1, 0xf3, 0xd7, 0x0, 0x0,
    0x2f, 0x2a, 0xb0, 0x0, 0x6, 0xf0, 0x3f, 0xb5,
    0x48, 0xf8, 0x0, 0x3b, 0xef, 0xd6, 0x0,

    /* U+1EE7 "ủ" */
    0x0, 0xbd, 0x30, 0x0, 0x0, 0xa4, 0x0, 0x0,
    0x3, 0x0, 0xc, 0x70, 0x0, 0xd6, 0xc7, 0x0,
    0xd, 0x6c, 0x70, 0x0, 0xd6, 0xc7, 0x0, 0xd,
    0x6c, 0x70, 0x0, 0xd6, 0xb8, 0x0, 0xf, 0x67,
    0xe3, 0x2a, 0xf6, 0x9, 0xfe, 0x6c, 0x60,

    /* U+1EE8 "Ứ" */
    0x0, 0x0, 0x89, 0x0, 0x0, 0x0, 0x2, 0xe1,
    0x0, 0x98, 0x0, 0x0, 0x0, 0x0, 0x7a, 0x0,
    0x0, 0x0, 0x0, 0x98, 0xd7, 0x0, 0x0, 0x1f,
    0xc1, 0xd7, 0x0, 0x0, 0x1f, 0x30, 0xd7, 0x0,
    0x0, 0x1f, 0x30, 0xd7, 0x0, 0x0, 0x1f, 0x30,
    0xd7, 0x0, 0x0, 0x1f, 0x30, 0xd7, 0x0, 0x0,
    0x1f, 0x30, 0xd7, 0x0, 0x0, 0x2f, 0x20, 0xab,
    0x0, 0x0, 0x6f, 0x0, 0x3f, 0xb5, 0x48, 0xf8,
    0x0, 0x3, 0xbe, 0xfd, 0x60, 0x0,

    /* U+1EE9 "ứ" */
    0x0, 0x9, 0xb0, 0x11, 0x0, 0x1d, 0x10, 0x6c,
    0xc7, 0x0, 0xf, 0xf4, 0xc7, 0x0, 0xd, 0x60,
    0xc7, 0x0, 0xd, 0x60, 0xc7, 0x0, 0xd, 0x60,
    0xc7, 0x0, 0xd, 0x60, 0xb8, 0x0, 0xf, 0x60,
    0x7e, 0x32, 0xaf, 0x60, 0x9, 0xfe, 0x6c, 0x60,

    /* U+1EEA "Ừ" */
    0x0, 0x4d, 0x0, 0x0, 0x0, 0x0, 0xa, 0x80,
    0x0, 0x98, 0x0, 0x0, 0x0, 0x0, 0x7a, 0x0,
    0x0, 0x0, 0x0, 0x98, 0xd7, 0x0, 0x0, 0x1f,
    0xc1, 0xd7, 0x0, 0x0, 0x1f, 0x30, 0xd7, 0x0,
    0x0, 0x1f, 0x30, 0xd7, 0x0, 0x0, 0x1f, 0x30,
    0xd7, 0x0, 0x0, 0x1f, 0x30, 0xd7, 0x0, 0x0,
    0x1f, 0x30, 0xd7, 0x0, 0x0, 0x2f, 0x20, 0xab,
    0x0, 0x0, 0x6f, 0x0, 0x3f, 0xb5, 0x48, 0xf8,
    0x0, 0x3, 0xbe, 0xfd, 0x60, 0x0,

    /* U+1EEB "ừ" */
    0x3, 0xf2, 0x0, 0x11, 0x0, 0x78, 0x0, 0x6c,
    0xc7, 0x0, 0xf, 0xf4, 0xc7, 0x0, 0xd, 0x60,
    0xc7, 0x0, 0xd, 0x60, 0xc7, 0x0, 0xd, 0x60,
    0xc7, 0x0, 0xd, 0x60, 0xb8, 0x0, 0xf, 0x60,
    0x7e, 0x32, 0xaf, 0x60, 0x9, 0xfe, 0x6c, 0x60,

    /* U+1EEC "Ử" */
    0x0, 0xd, 0xd2, 0x0, 0x0, 0x0, 0x0, 0xa5,
    0x0, 0x54, 0x0, 0x1, 0xb0, 0x0, 0x89, 0x0,
    0x0, 0x0, 0x0, 0x98, 0xd7, 0x0, 0x0, 0x1f,
    0xc1, 0xd7, 0x0, 0x0, 0x1f, 0x30, 0xd7, 0x0,
    0x0, 0x1f, 0x30, 0xd7, 0x0, 0x0, 0x1f, 0x30,
    0xd7, 0x0, 0x0, 0x1f, 0x30, 0xd7, 0x0, 0x0,
    0x1f, 0x30, 0xd7, 0x0, 0x0, 0x2f, 0x20, 0xab,
    0x0, 0x0, 0x6f, 0x0, 0x3f, 0xb5, 0x48, 0xf8,
    0x0, 0x3, 0xbe, 0xfd, 0x60, 0x0,

    /* U+1EED "ử" */
    0x0, 0xbd, 0x30, 0x0, 0x0, 0xa, 0x40, 0x48,
    0x0, 0x3, 0x0, 0x6c, 0xc7, 0x0, 0xf, 0xf3,
    0xc7, 0x0, 0xd, 0x60, 0xc7, 0x0, 0xd, 0x60,
    0xc7, 0x0, 0xd, 0x60, 0xc7, 0x0, 0xd, 0x60,
    0xb8, 0x0, 0xf, 0x60, 0x7e, 0x32, 0xaf, 0x60,
    0x9, 0xfe, 0x6c, 0x60,

    /* U+1EEE "Ữ" */
    0x0, 0x9c, 0x45, 0x60, 0x0, 0x1, 0xa1, 0xbc,
    0x10, 0x97, 0x0, 0x0, 0x0, 0x0, 0x7a, 0x0,
    0x0, 0x0, 0x0, 0x98, 0xd7, 0x0, 0x0, 0x1f,
    0xc1, 0xd7, 0x0, 0x0, 0x1f, 0x30, 0xd7, 0x0,
    0x0, 0x1f, 0x30, 0xd7, 0x0, 0x0, 0x1f, 0x30,
    0xd7, 0x0, 0x0, 0x1f, 0x30, 0xd7, 0x0, 0x0,
    0x1f, 0x30, 0xd7, 0x0, 0x0, 0x2f, 0x20, 0xab,
    0x0, 0x0, 0x6f, 0x0, 0x3f, 0xb5, 0x48, 0xf8,
    0x0, 0x3, 0xbe, 0xfd, 0x60, 0x0,

    /* U+1EEF "ữ" */
    0xb, 0xdd, 0xd5, 0x5b, 0x0, 0x0, 0x0, 0x6c,
    0xc7, 0x0, 0xf, 0xf3, 0xc7, 0x0, 0xd, 0x60,
    0xc7, 0x0, 0xd, 0x60, 0xc7, 0x0, 0xd, 0x60,
    0xc7, 0x0, 0xd, 0x60, 0xb8, 0x0, 0xf, 0x60,
    0x7e, 0x32, 0xaf, 0x60, 0x9, 0xfe, 0x6c, 0x60,

    /* U+1EF0 "Ự" */
    0x0, 0x0, 0x0, 0x0, 0x98, 0x0, 0x0, 0x0,
    0x0, 0x7a, 0x0, 0x0, 0x0, 0x0, 0x98, 0xd7,
    0x0, 0x0, 0x1f, 0xc1, 0xd7, 0x0, 0x0, 0x1f,
    0x30, 0xd7, 0x0, 0x0, 0x1f, 0x30, 0xd7, 0x0,
    0x0, 0x1f, 0x30, 0xd7, 0x0, 0x0, 0x1f, 0x30,
    0xd7, 0x0, 0x0, 0x1f, 0x30, 0xd7, 0x0, 0x0,
    0x2f, 0x20, 0xab, 0x0, 0x0, 0x6f, 0x0, 0x3f,
    0xb5, 0x48, 0xf8, 0x0, 0x3, 0xbe, 0xfd, 0x60,
    0x0, 0x0, 0x2, 0x40, 0x0, 0x0, 0x0, 0x7,
    0xd0, 0x0, 0x0,

    /* U+1EF1 "ự" */
    0x0, 0x0, 0x0, 0x6b, 0x0, 0x0, 0x0, 0x6c,
    0xc7, 0x0, 0xf, 0xf3, 0xc7, 0x0, 0xd, 0x60,
    0xc7, 0x0, 0xd, 0x60, 0xc7, 0x0, 0xd, 0x60,
    0xc7, 0x0, 0xd, 0x60, 0xb8, 0x0, 0xf, 0x60,
    0x7e, 0x32, 0xaf, 0x60, 0x9, 0xfe, 0x6c, 0x60,
    0x0, 0x24, 0x0, 0x0, 0x0, 0x6e, 0x0, 0x0,

    /* U+1EF2 "Ỳ" */
    0x0, 0x2, 0xf2, 0x0, 0x0, 0x0, 0x0, 0x69,
    0x0, 0x0, 0x0, 0x0, 0x0, 0x0, 0x0, 0xc,
    0xb0, 0x0, 0x2, 0xf6, 0x2, 0xf5, 0x0, 0xb,
    0xc0, 0x0, 0x8e, 0x10, 0x5f, 0x20, 0x0, 0xd,
    0x90, 0xe8, 0x0, 0x0, 0x3, 0xfb, 0xd0, 0x0,
    0x0, 0x0, 0x9f, 0x30, 0x0, 0x0, 0x0, 0x5f,
    0x0, 0x0, 0x0, 0x0, 0x5f, 0x0, 0x0, 0x0,
    0x0, 0x5f, 0x0, 0x0, 0x0, 0x0, 0x5f, 0x0,
    0x0,

    /* U+1EF3 "ỳ" */
    0x0, 0x6d, 0x0, 0x0, 0x0, 0xa, 0x50, 0x0,
    0x7d, 0x0, 0x0, 0xd8, 0x2f, 0x30, 0x2, 0xf2,
    0xc, 0x90, 0x7, 0xc0, 0x6, 0xe0, 0xd, 0x60,
    0x1, 0xf4, 0x2f, 0x10, 0x0, 0xa9, 0x7b, 0x0,
    0x0, 0x5f, 0xd5, 0x0, 0x0, 0xe, 0xe0, 0x0,
    0x0, 0x1a, 0x90, 0x0, 0x7, 0xfd, 0x10, 0x0,

    /* U+1EF4 "Ỵ" */
    0xc, 0xb0, 0x0, 0x2, 0xf6, 0x2, 0xf5, 0x0,
    0xb, 0xc0, 0x0, 0x8e, 0x10, 0x5f, 0x20, 0x0,
    0xd, 0x90, 0xe8, 0x0, 0x0, 0x3, 0xfb, 0xd0,
    0x0, 0x0, 0x0, 0x9f, 0x30, 0x0, 0x0, 0x0,
    0x5f, 0x0, 0x0, 0x0, 0x0, 0x5f, 0x0, 0x0,
    0x0, 0x0, 0x5f, 0x0, 0x0, 0x0, 0x0, 0x5f,
    0x0, 0x0, 0x0, 0x0, 0x15, 0x0, 0x0, 0x0,
    0x0, 0x5f, 0x0, 0x0,

    /* U+1EF5 "ỵ" */
    0x7d, 0x0, 0x0, 0xd8, 0x2f, 0x30, 0x2, 0xf2,
    0xc, 0x90, 0x7, 0xc0, 0x6, 0xe0, 0xd, 0x60,
    0x1, 0xf4, 0x2f, 0x10, 0x0, 0xa9, 0x7b, 0x0,
    0x0, 0x5f, 0xd5, 0x0, 0x0, 0xe, 0xe0, 0x0,
    0x0, 0x1a, 0x94, 0x20, 0x7, 0xfd, 0x1c, 0x90,

    /* U+1EF6 "Ỷ" */
    0x0, 0x0, 0xad, 0x30, 0x0, 0x0, 0x0, 0x8,
    0x70, 0x0, 0x0, 0x0, 0xb, 0x20, 0x0, 0x0,
    0x0, 0x0, 0x0, 0x0, 0xc, 0xb0, 0x0, 0x2,
    0xf6, 0x2, 0xf5, 0x0, 0xb, 0xc0, 0x0, 0x8e,
    0x10, 0x5f, 0x20, 0x0, 0xd, 0x90, 0xe8, 0x0,
    0x0, 0x3, 0xfb, 0xd0, 0x0, 0x0, 0x0, 0x9f,
    0x30, 0x0, 0x0, 0x0, 0x5f, 0x0, 0x0, 0x0,
    0x0, 0x5f, 0x0, 0x0, 0x0, 0x0, 0x5f, 0x0,
    0x0, 0x0, 0x0, 0x5f, 0x0, 0x0,

    /* U+1EF7 "ỷ" */
    0x0, 0x1d, 0xc1, 0x0, 0x0, 0x0, 0xd1, 0x0,
    0x0, 0x1, 0x20, 0x0, 0x7d, 0x0, 0x0, 0xd8,
    0x2f, 0x30, 0x2, 0xf2, 0xc, 0x90, 0x7, 0xc0,
    0x6, 0xe0, 0xd, 0x60, 0x1, 0xf4, 0x2f, 0x10,
    0x0, 0xa9, 0x7b, 0x0, 0x0, 0x5f, 0xd5, 0x0,
    0x0, 0xe, 0xe0, 0x0, 0x0, 0x1a, 0x90, 0x0,
    0x7, 0xfd, 0x10, 0x0,

    /* U+1EF8 "Ỹ" */
    0x0, 0x9, 0xcd, 0xc5, 0x0, 0x0, 0x0, 0x0,
    0x0, 0x0, 0x0, 0x0, 0x0, 0x0, 0x0, 0xc,
    0xb0, 0x0, 0x2, 0xf6, 0x2, 0xf5, 0x0, 0xb,
    0xc0, 0x0, 0x8e, 0x10, 0x5f, 0x20, 0x0, 0xd,
    0x90, 0xe8, 0x0, 0x0, 0x3, 0xfb, 0xd0, 0x0,
    0x0, 0x0, 0x9f, 0x30, 0x0, 0x0, 0x0, 0x5f,
    0x0, 0x0, 0x0, 0x0, 0x5f, 0x0, 0x0, 0x0,
    0x0, 0x5f, 0x0, 0x0, 0x0, 0x0, 0x5f, 0x0,
    0x0,

    /* U+1EF9 "ỹ" */
    0x2, 0xbd, 0xdb, 0x20, 0x0, 0x0, 0x0, 0x0,
    0x7d, 0x0, 0x0, 0xd8, 0x2f, 0x30, 0x2, 0xf2,
    0xc, 0x90, 0x7, 0xc0, 0x6, 0xe0, 0xd, 0x60,
    0x1, 0xf4, 0x2f, 0x10, 0x0, 0xa9, 0x7b, 0x0,
    0x0, 0x5f, 0xd5, 0x0, 0x0, 0xe, 0xe0, 0x0,
    0x0, 0x1a, 0x90, 0x0, 0x7, 0xfd, 0x10, 0x0,

    /* U+2013 "–" */
    0x5f, 0xff, 0xff, 0xff, 0x30, 0x22, 0x22, 0x22,
    0x20,

    /* U+2014 "—" */
    0x5f, 0xff, 0xff, 0xff, 0xff, 0xff, 0xe0, 0x22,
    0x22, 0x22, 0x22, 0x22, 0x22,

    /* U+2015 "―" */
    0x9f, 0xff, 0xff, 0xff, 0x11, 0x22, 0x22, 0x22,
    0x20,

    /* U+2016 "‖" */
    0xa8, 0x1f, 0xa, 0x81, 0xf0, 0xa8, 0x1f, 0xa,
    0x81, 0xf0, 0xa8, 0x1f, 0xa, 0x81, 0xf0, 0xa8,
    0x1f, 0xa, 0x81, 0xf0, 0xa8, 0x1f, 0xa, 0x81,
    0xf0, 0xa8, 0x1f, 0xa, 0x81, 0xf0,

    /* U+2017 "‗" */
    0x1c, 0xcc, 0xcc, 0xcc, 0x71, 0xcc, 0xcc, 0xcc,
    0xc7,

    /* U+2018 "‘" */
    0x9, 0x20, 0xc0, 0x4e, 0x45, 0xf6,

    /* U+2019 "’" */
    0x5f, 0x63, 0xd5, 0xc, 0x1, 0xa0, 0x1, 0x0,

    /* U+201A "‚" */
    0x3a, 0x35, 0xf5, 0xb, 0x11, 0xa0,

    /* U+201B "‛" */
    0xf, 0x60, 0xd3, 0xb, 0x10, 0x22,

    /* U+201C "“" */
    0x9, 0x22, 0xa0, 0xc0, 0x75, 0x4e, 0x4c, 0x95,
    0xf6, 0xdd,

    /* U+201D "”" */
    0x5f, 0x6d, 0xd3, 0xd5, 0x9c, 0xc, 0x5, 0x71,
    0xa0, 0x92, 0x1, 0x2, 0x0,

    /* U+201E "„" */
    0x3a, 0x39, 0x85, 0xf5, 0xdd, 0xb, 0x14, 0x81,
    0xa0, 0xa2,

    /* U+201F "‟" */
    0x5f, 0x2f, 0x55, 0xb1, 0xd2, 0x2b, 0xb, 0x10,
    0x40, 0x22,

    /* U+2020 "†" */
    0x0, 0x3f, 0x0, 0x0, 0x3, 0xf0, 0x0, 0xaf,
    0xff, 0xff, 0x61, 0x25, 0xf2, 0x20, 0x0, 0x3f,
    0x0, 0x0, 0x3, 0xf0, 0x0, 0x0, 0x3f, 0x0,
    0x0, 0x3, 0xf0, 0x0, 0x0, 0x3f, 0x0, 0x0,
    0x3, 0xf0, 0x0,

    /* U+2021 "‡" */
    0x0, 0x3f, 0x0, 0x0, 0x3, 0xf0, 0x0, 0xaf,
    0xff, 0xff, 0x61, 0x25, 0xf2, 0x20, 0x0, 0x3f,
    0x0, 0x0, 0x3, 0xf0, 0x0, 0x9f, 0xff, 0xff,
    0x51, 0x25, 0xf2, 0x20, 0x0, 0x3f, 0x0, 0x0,
    0x3, 0xf0, 0x0,

    /* U+2022 "•" */
    0x0, 0x20, 0x1, 0xef, 0xa0, 0x4f, 0xff, 0x0,
    0xbf, 0x70,

    /* U+2023 "‣" */
    0x13, 0x0, 0x3, 0xf9, 0x10, 0x3f, 0xff, 0x53,
    0xff, 0x70, 0x39, 0x10, 0x0, 0x0, 0x0,

    /* U+2024 "․" */
    0x56, 0xad,

    /* U+2025 "‥" */
    0x56, 0x0, 0x38, 0xad, 0x0, 0x7f,

    /* U+2026 "…" */
    0x3a, 0x36, 0xa1, 0x89, 0x5f, 0x59, 0xf2, 0xce,

    /* U+203A "›" */
    0x1c, 0x80, 0x0, 0x2f, 0x60, 0x0, 0x4f, 0x30,
    0x3, 0xf3, 0x2, 0xe8, 0x1, 0xda, 0x0,

    /* U+2713 "✓" */
    0x0, 0x0, 0x0, 0x0, 0x16, 0x60, 0x0, 0x0,
    0x0, 0x1d, 0xd1, 0x0, 0x0, 0x0, 0xb, 0xe2,
    0x0, 0x0, 0x0, 0x7, 0xf4, 0x0, 0x0, 0x0,
    0x2, 0xf9, 0x0, 0x0, 0x0, 0x0, 0xbe, 0x10,
    0x0, 0x0, 0x0, 0x4f, 0x60, 0x0, 0x6, 0xe5,
    0xc, 0xd0, 0x0, 0x0, 0x6f, 0xf7, 0xf6, 0x0,
    0x0, 0x0, 0x9f, 0xfe, 0x0, 0x0, 0x0, 0x0,
    0xdf, 0x70, 0x0, 0x0, 0x0, 0x0, 0x10, 0x0,
    0x0, 0x0,

    /* U+2717 "✗" */
    0x0, 0x52, 0x0, 0x1, 0x0, 0xb, 0xd0, 0x3,
    0xf4, 0x0, 0x7f, 0x73, 0xf9, 0x0, 0x3, 0xfe,
    0xfd, 0x0, 0x0, 0xf, 0xff, 0x40, 0x0, 0x0,
    0xef, 0xa0, 0x0, 0x0, 0xaf, 0xfa, 0x0, 0x0,
    0x8f, 0xef, 0xe0, 0x0, 0x5f, 0xe2, 0xaf, 0x70,
    0xe, 0xe2, 0x0, 0xbd, 0x0, 0x43, 0x0, 0x0,
    0x20, 0x0
};


/*---------------------
 *  GLYPH DESCRIPTION
 *--------------------*/

static const lv_font_fmt_txt_glyph_dsc_t glyph_dsc[] = {
    {.bitmap_index = 0, .adv_w = 0, .box_w = 0, .box_h = 0, .ofs_x = 0, .ofs_y = 0} /* id = 0 reserved */,
    {.bitmap_index = 0, .adv_w = 60, .box_w = 0, .box_h = 0, .ofs_x = 0, .ofs_y = 0},
    {.bitmap_index = 0, .adv_w = 51, .box_w = 3, .box_h = 10, .ofs_x = 0, .ofs_y = 0},
    {.bitmap_index = 15, .adv_w = 83, .box_w = 5, .box_h = 4, .ofs_x = 0, .ofs_y = 6},
    {.bitmap_index = 25, .adv_w = 115, .box_w = 9, .box_h = 10, .ofs_x = -1, .ofs_y = 0},
    {.bitmap_index = 70, .adv_w = 151, .box_w = 9, .box_h = 14, .ofs_x = 0, .ofs_y = -2},
    {.bitmap_index = 133, .adv_w = 192, .box_w = 12, .box_h = 10, .ofs_x = 0, .ofs_y = 0},
    {.bitmap_index = 193, .adv_w = 149, .box_w = 9, .box_h = 10, .ofs_x = 0, .ofs_y = 0},
    {.bitmap_index = 238, .adv_w = 43, .box_w = 2, .box_h = 4, .ofs_x = 0, .ofs_y = 6},
    {.bitmap_index = 242, .adv_w = 66, .box_w = 4, .box_h = 13, .ofs_x = 0, .ofs_y = -2},
    {.bitmap_index = 268, .adv_w = 66, .box_w = 4, .box_h = 13, .ofs_x = 0, .ofs_y = -2},
    {.bitmap_index = 294, .adv_w = 103, .box_w = 6, .box_h = 5, .ofs_x = 0, .ofs_y = 6},
    {.bitmap_index = 309, .adv_w = 134, .box_w = 8, .box_h = 7, .ofs_x = 0, .ofs_y = 1},
    {.bitmap_index = 337, .adv_w = 48, .box_w = 3, .box_h = 4, .ofs_x = 0, .ofs_y = -2},
    {.bitmap_index = 343, .adv_w = 101, .box_w = 6, .box_h = 2, .ofs_x = 0, .ofs_y = 3},
    {.bitmap_index = 349, .adv_w = 48, .box_w = 3, .box_h = 2, .ofs_x = 0, .ofs_y = 0},
    {.bitmap_index = 352, .adv_w = 115, .box_w = 7, .box_h = 13, .ofs_x = 0, .ofs_y = -2},
    {.bitmap_index = 398, .adv_w = 159, .box_w = 10, .box_h = 10, .ofs_x = 0, .ofs_y = 0},
    {.bitmap_index = 448, .adv_w = 92, .box_w = 5, .box_h = 10, .ofs_x = 0, .ofs_y = 0},
    {.bitmap_index = 473, .adv_w = 149, .box_w = 9, .box_h = 10, .ofs_x = 0, .ofs_y = 0},
    {.bitmap_index = 518, .adv_w = 147, .box_w = 9, .box_h = 10, .ofs_x = 0, .ofs_y = 0},
    {.bitmap_index = 563, .adv_w = 148, .box_w = 9, .box_h = 10, .ofs_x = 0, .ofs_y = 0},
    {.bitmap_index = 608, .adv_w = 150, .box_w = 9, .box_h = 10, .ofs_x = 0, .ofs_y = 0},
    {.bitmap_index = 653, .adv_w = 142, .box_w = 9, .box_h = 10, .ofs_x = 0, .ofs_y = 0},
    {.bitmap_index = 698, .adv_w = 126, .box_w = 8, .box_h = 10, .ofs_x = 0, .ofs_y = 0},
    {.bitmap_index = 738, .adv_w = 145, .box_w = 9, .box_h = 10, .ofs_x = 0, .ofs_y = 0},
    {.bitmap_index = 783, .adv_w = 142, .box_w = 9, .box_h = 10, .ofs_x = 0, .ofs_y = 0},
    {.bitmap_index = 828, .adv_w = 71, .box_w = 3, .box_h = 8, .ofs_x = 1, .ofs_y = 0},
    {.bitmap_index = 840, .adv_w = 71, .box_w = 3, .box_h = 10, .ofs_x = 1, .ofs_y = -2},
    {.bitmap_index = 855, .adv_w = 131, .box_w = 8, .box_h = 9, .ofs_x = 0, .ofs_y = 0},
    {.bitmap_index = 891, .adv_w = 130, .box_w = 8, .box_h = 5, .ofs_x = 0, .ofs_y = 1},
    {.bitmap_index = 911, .adv_w = 131, .box_w = 8, .box_h = 9, .ofs_x = 0, .ofs_y = 0},
    {.bitmap_index = 947, .adv_w = 134, .box_w = 8, .box_h = 10, .ofs_x = 0, .ofs_y = 0},
    {.bitmap_index = 987, .adv_w = 217, .box_w = 13, .box_h = 13, .ofs_x = 0, .ofs_y = -3},
    {.bitmap_index = 1072, .adv_w = 160, .box_w = 10, .box_h = 10, .ofs_x = 0, .ofs_y = 0},
    {.bitmap_index = 1122, .adv_w = 163, .box_w = 9, .box_h = 10, .ofs_x = 1, .ofs_y = 0},
    {.bitmap_index = 1167, .adv_w = 169, .box_w = 10, .box_h = 10, .ofs_x = 0, .ofs_y = 0},
    {.bitmap_index = 1217, .adv_w = 167, .box_w = 9, .box_h = 10, .ofs_x = 1, .ofs_y = 0},
    {.bitmap_index = 1262, .adv_w = 145, .box_w = 8, .box_h = 10, .ofs_x = 1, .ofs_y = 0},
    {.bitmap_index = 1302, .adv_w = 142, .box_w = 8, .box_h = 10, .ofs_x = 1, .ofs_y = 0},
    {.bitmap_index = 1342, .adv_w = 168, .box_w = 10, .box_h = 10, .ofs_x = 0, .ofs_y = 0},
    {.bitmap_index = 1392, .adv_w = 171, .box_w = 9, .box_h = 10, .ofs_x = 1, .ofs_y = 0},
    {.bitmap_index = 1437, .adv_w = 65, .box_w = 2, .box_h = 10, .ofs_x = 1, .ofs_y = 0},
    {.bitmap_index = 1447, .adv_w = 143, .box_w = 7, .box_h = 10, .ofs_x = 1, .ofs_y = 0},
    {.bitmap_index = 1482, .adv_w = 154, .box_w = 9, .box_h = 10, .ofs_x = 1, .ofs_y = 0},
    {.bitmap_index = 1527, .adv_w = 139, .box_w = 7, .box_h = 10, .ofs_x = 1, .ofs_y = 0},
    {.bitmap_index = 1562, .adv_w = 210, .box_w = 11, .box_h = 10, .ofs_x = 1, .ofs_y = 0},
    {.bitmap_index = 1617, .adv_w = 178, .box_w = 9, .box_h = 10, .ofs_x = 1, .ofs_y = 0},
    {.bitmap_index = 1662, .adv_w = 177, .box_w = 11, .box_h = 10, .ofs_x = 0, .ofs_y = 0},
    {.bitmap_index = 1717, .adv_w = 156, .box_w = 8, .box_h = 10, .ofs_x = 1, .ofs_y = 0},
    {.bitmap_index = 1757, .adv_w = 176, .box_w = 11, .box_h = 11, .ofs_x = 0, .ofs_y = -1},
    {.bitmap_index = 1818, .adv_w = 161, .box_w = 9, .box_h = 10, .ofs_x = 1, .ofs_y = 0},
    {.bitmap_index = 1863, .adv_w = 154, .box_w = 9, .box_h = 10, .ofs_x = 0, .ofs_y = 0},
    {.bitmap_index = 1908, .adv_w = 132, .box_w = 9, .box_h = 10, .ofs_x = 0, .ofs_y = 0},
    {.bitmap_index = 1953, .adv_w = 165, .box_w = 9, .box_h = 10, .ofs_x = 1, .ofs_y = 0},
    {.bitmap_index = 1998, .adv_w = 160, .box_w = 10, .box_h = 10, .ofs_x = 0, .ofs_y = 0},
    {.bitmap_index = 2048, .adv_w = 227, .box_w = 14, .box_h = 10, .ofs_x = 0, .ofs_y = 0},
    {.bitmap_index = 2118, .adv_w = 145, .box_w = 9, .box_h = 10, .ofs_x = 0, .ofs_y = 0},
    {.bitmap_index = 2163, .adv_w = 138, .box_w = 10, .box_h = 10, .ofs_x = -1, .ofs_y = 0},
    {.bitmap_index = 2213, .adv_w = 131, .box_w = 8, .box_h = 10, .ofs_x = 0, .ofs_y = 0},
    {.bitmap_index = 2253, .adv_w = 83, .box_w = 4, .box_h = 14, .ofs_x = 1, .ofs_y = -3},
    {.bitmap_index = 2281, .adv_w = 109, .box_w = 7, .box_h = 13, .ofs_x = 0, .ofs_y = -2},
    {.bitmap_index = 2327, .adv_w = 83, .box_w = 4, .box_h = 14, .ofs_x = 0, .ofs_y = -3},
    {.bitmap_index = 2355, .adv_w = 102, .box_w = 6, .box_h = 5, .ofs_x = 0, .ofs_y = 6},
    {.bitmap_index = 2370, .adv_w = 134, .box_w = 8, .box_h = 2, .ofs_x = 0, .ofs_y = -2},
    {.bitmap_index = 2378, .adv_w = 60, .box_w = 4, .box_h = 2, .ofs_x = 0, .ofs_y = 9},
    {.bitmap_index = 2382, .adv_w = 132, .box_w = 8, .box_h = 8, .ofs_x = 0, .ofs_y = 0},
    {.bitmap_index = 2414, .adv_w = 143, .box_w = 8, .box_h = 10, .ofs_x = 1, .ofs_y = 0},
    {.bitmap_index = 2454, .adv_w = 131, .box_w = 8, .box_h = 8, .ofs_x = 0, .ofs_y = 0},
    {.bitmap_index = 2486, .adv_w = 143, .box_w = 8, .box_h = 10, .ofs_x = 0, .ofs_y = 0},
    {.bitmap_index = 2526, .adv_w = 135, .box_w = 8, .box_h = 8, .ofs_x = 0, .ofs_y = 0},
    {.bitmap_index = 2558, .adv_w = 95, .box_w = 6, .box_h = 10, .ofs_x = 0, .ofs_y = 0},
    {.bitmap_index = 2588, .adv_w = 143, .box_w = 8, .box_h = 10, .ofs_x = 0, .ofs_y = -2},
    {.bitmap_index = 2628, .adv_w = 139, .box_w = 7, .box_h = 10, .ofs_x = 1, .ofs_y = 0},
    {.bitmap_index = 2663, .adv_w = 59, .box_w = 2, .box_h = 10, .ofs_x = 1, .ofs_y = 0},
    {.bitmap_index = 2673, .adv_w = 62, .box_w = 4, .box_h = 12, .ofs_x = -1, .ofs_y = -2},
    {.bitmap_index = 2697, .adv_w = 142, .box_w = 8, .box_h = 10, .ofs_x = 1, .ofs_y = 0},
    {.bitmap_index = 2737, .adv_w = 64, .box_w = 3, .box_h = 10, .ofs_x = 1, .ofs_y = 0},
    {.bitmap_index = 2752, .adv_w = 210, .box_w = 11, .box_h = 8, .ofs_x = 1, .ofs_y = 0},
    {.bitmap_index = 2796, .adv_w = 139, .box_w = 7, .box_h = 8, .ofs_x = 1, .ofs_y = 0},
    {.bitmap_index = 2824, .adv_w = 138, .box_w = 8, .box_h = 8, .ofs_x = 0, .ofs_y = 0},
    {.bitmap_index = 2856, .adv_w = 143, .box_w = 8, .box_h = 10, .ofs_x = 1, .ofs_y = -2},
    {.bitmap_index = 2896, .adv_w = 143, .box_w = 8, .box_h = 10, .ofs_x = 0, .ofs_y = -2},
    {.bitmap_index = 2936, .adv_w = 91, .box_w = 5, .box_h = 8, .ofs_x = 1, .ofs_y = 0},
    {.bitmap_index = 2956, .adv_w = 125, .box_w = 8, .box_h = 8, .ofs_x = 0, .ofs_y = 0},
    {.bitmap_index = 2988, .adv_w = 94, .box_w = 6, .box_h = 10, .ofs_x = 0, .ofs_y = 0},
    {.bitmap_index = 3018, .adv_w = 138, .box_w = 7, .box_h = 8, .ofs_x = 1, .ofs_y = 0},
    {.bitmap_index = 3046, .adv_w = 129, .box_w = 8, .box_h = 8, .ofs_x = 0, .ofs_y = 0},
    {.bitmap_index = 3078, .adv_w = 197, .box_w = 12, .box_h = 8, .ofs_x = 0, .ofs_y = 0},
    {.bitmap_index = 3126, .adv_w = 140, .box_w = 9, .box_h = 8, .ofs_x = 0, .ofs_y = 0},
    {.bitmap_index = 3162, .adv_w = 129, .box_w = 8, .box_h = 10, .ofs_x = 0, .ofs_y = -2},
    {.bitmap_index = 3202, .adv_w = 129, .box_w = 8, .box_h = 8, .ofs_x = 0, .ofs_y = 0},
    {.bitmap_index = 3234, .adv_w = 93, .box_w = 6, .box_h = 14, .ofs_x = 0, .ofs_y = -3},
    {.bitmap_index = 3276, .adv_w = 63, .box_w = 2, .box_h = 13, .ofs_x = 1, .ofs_y = -2},
    {.bitmap_index = 3289, .adv_w = 93, .box_w = 6, .box_h = 14, .ofs_x = 0, .ofs_y = -3},
    {.bitmap_index = 3331, .adv_w = 126, .box_w = 8, .box_h = 4, .ofs_x = 0, .ofs_y = 3},
    {.bitmap_index = 3347, .adv_w = 60, .box_w = 0, .box_h = 0, .ofs_x = 0, .ofs_y = 0},
    {.bitmap_index = 3347, .adv_w = 51, .box_w = 3, .box_h = 10, .ofs_x = 0, .ofs_y = -2},
    {.bitmap_index = 3362, .adv_w = 131, .box_w = 8, .box_h = 10, .ofs_x = 0, .ofs_y = 0},
    {.bitmap_index = 3402, .adv_w = 147, .box_w = 9, .box_h = 10, .ofs_x = 0, .ofs_y = 0},
    {.bitmap_index = 3447, .adv_w = 150, .box_w = 9, .box_h = 8, .ofs_x = 0, .ofs_y = 1},
    {.bitmap_index = 3483, .adv_w = 138, .box_w = 10, .box_h = 10, .ofs_x = -1, .ofs_y = 0},
    {.bitmap_index = 3533, .adv_w = 63, .box_w = 2, .box_h = 13, .ofs_x = 1, .ofs_y = -2},
    {.bitmap_index = 3546, .adv_w = 132, .box_w = 8, .box_h = 12, .ofs_x = 0, .ofs_y = -2},
    {.bitmap_index = 3594, .adv_w = 84, .box_w = 5, .box_h = 3, .ofs_x = 0, .ofs_y = 8},
    {.bitmap_index = 3602, .adv_w = 199, .box_w = 12, .box_h = 12, .ofs_x = 0, .ofs_y = -1},
    {.bitmap_index = 3674, .adv_w = 96, .box_w = 6, .box_h = 5, .ofs_x = 0, .ofs_y = 6},
    {.bitmap_index = 3689, .adv_w = 128, .box_w = 8, .box_h = 6, .ofs_x = 0, .ofs_y = 1},
    {.bitmap_index = 3713, .adv_w = 120, .box_w = 7, .box_h = 4, .ofs_x = 0, .ofs_y = 1},
    {.bitmap_index = 3727, .adv_w = 80, .box_w = 5, .box_h = 3, .ofs_x = 0, .ofs_y = 3},
    {.bitmap_index = 3735, .adv_w = 152, .box_w = 9, .box_h = 8, .ofs_x = 0, .ofs_y = 3},
    {.bitmap_index = 3771, .adv_w = 85, .box_w = 5, .box_h = 2, .ofs_x = 0, .ofs_y = 8},
    {.bitmap_index = 3776, .adv_w = 97, .box_w = 6, .box_h = 6, .ofs_x = 0, .ofs_y = 5},
    {.bitmap_index = 3794, .adv_w = 129, .box_w = 8, .box_h = 9, .ofs_x = 0, .ofs_y = 0},
    {.bitmap_index = 3830, .adv_w = 84, .box_w = 5, .box_h = 6, .ofs_x = 0, .ofs_y = 5},
    {.bitmap_index = 3845, .adv_w = 80, .box_w = 5, .box_h = 6, .ofs_x = 0, .ofs_y = 5},
    {.bitmap_index = 3860, .adv_w = 60, .box_w = 4, .box_h = 2, .ofs_x = 0, .ofs_y = 9},
    {.bitmap_index = 3864, .adv_w = 138, .box_w = 7, .box_h = 11, .ofs_x = 1, .ofs_y = -2},
    {.bitmap_index = 3903, .adv_w = 143, .box_w = 8, .box_h = 10, .ofs_x = 0, .ofs_y = 0},
    {.bitmap_index = 3943, .adv_w = 48, .box_w = 3, .box_h = 2, .ofs_x = 0, .ofs_y = 4},
    {.bitmap_index = 3946, .adv_w = 76, .box_w = 5, .box_h = 4, .ofs_x = 0, .ofs_y = -3},
    {.bitmap_index = 3956, .adv_w = 58, .box_w = 3, .box_h = 6, .ofs_x = 0, .ofs_y = 5},
    {.bitmap_index = 3965, .adv_w = 101, .box_w = 6, .box_h = 5, .ofs_x = 0, .ofs_y = 6},
    {.bitmap_index = 3980, .adv_w = 129, .box_w = 8, .box_h = 6, .ofs_x = 0, .ofs_y = 1},
    {.bitmap_index = 4004, .adv_w = 176, .box_w = 11, .box_h = 11, .ofs_x = 0, .ofs_y = 0},
    {.bitmap_index = 4065, .adv_w = 192, .box_w = 12, .box_h = 11, .ofs_x = 0, .ofs_y = 0},
    {.bitmap_index = 4131, .adv_w = 188, .box_w = 12, .box_h = 11, .ofs_x = 0, .ofs_y = 0},
    {.bitmap_index = 4197, .adv_w = 134, .box_w = 8, .box_h = 11, .ofs_x = 0, .ofs_y = -2},
    {.bitmap_index = 4241, .adv_w = 160, .box_w = 10, .box_h = 13, .ofs_x = 0, .ofs_y = 0},
    {.bitmap_index = 4306, .adv_w = 160, .box_w = 10, .box_h = 13, .ofs_x = 0, .ofs_y = 0},
    {.bitmap_index = 4371, .adv_w = 160, .box_w = 10, .box_h = 14, .ofs_x = 0, .ofs_y = 0},
    {.bitmap_index = 4441, .adv_w = 160, .box_w = 10, .box_h = 13, .ofs_x = 0, .ofs_y = 0},
    {.bitmap_index = 4506, .adv_w = 160, .box_w = 10, .box_h = 14, .ofs_x = 0, .ofs_y = 0},
    {.bitmap_index = 4576, .adv_w = 161, .box_w = 10, .box_h = 14, .ofs_x = 0, .ofs_y = 0},
    {.bitmap_index = 4646, .adv_w = 233, .box_w = 14, .box_h = 10, .ofs_x = 0, .ofs_y = 0},
    {.bitmap_index = 4716, .adv_w = 169, .box_w = 10, .box_h = 13, .ofs_x = 0, .ofs_y = -3},
    {.bitmap_index = 4781, .adv_w = 145, .box_w = 8, .box_h = 13, .ofs_x = 1, .ofs_y = 0},
    {.bitmap_index = 4833, .adv_w = 145, .box_w = 8, .box_h = 13, .ofs_x = 1, .ofs_y = 0},
    {.bitmap_index = 4885, .adv_w = 145, .box_w = 8, .box_h = 14, .ofs_x = 1, .ofs_y = 0},
    {.bitmap_index = 4941, .adv_w = 145, .box_w = 8, .box_h = 14, .ofs_x = 1, .ofs_y = 0},
    {.bitmap_index = 4997, .adv_w = 65, .box_w = 3, .box_h = 13, .ofs_x = 0, .ofs_y = 0},
    {.bitmap_index = 5017, .adv_w = 65, .box_w = 3, .box_h = 13, .ofs_x = 1, .ofs_y = 0},
    {.bitmap_index = 5037, .adv_w = 65, .box_w = 6, .box_h = 14, .ofs_x = -1, .ofs_y = 0},
    {.bitmap_index = 5079, .adv_w = 65, .box_w = 4, .box_h = 14, .ofs_x = 0, .ofs_y = 0},
    {.bitmap_index = 5107, .adv_w = 167, .box_w = 10, .box_h = 10, .ofs_x = 0, .ofs_y = 0},
    {.bitmap_index = 5157, .adv_w = 178, .box_w = 9, .box_h = 13, .ofs_x = 1, .ofs_y = 0},
    {.bitmap_index = 5216, .adv_w = 177, .box_w = 11, .box_h = 14, .ofs_x = 0, .ofs_y = 0},
    {.bitmap_index = 5293, .adv_w = 177, .box_w = 11, .box_h = 14, .ofs_x = 0, .ofs_y = 0},
    {.bitmap_index = 5370, .adv_w = 177, .box_w = 11, .box_h = 14, .ofs_x = 0, .ofs_y = 0},
    {.bitmap_index = 5447, .adv_w = 177, .box_w = 11, .box_h = 14, .ofs_x = 0, .ofs_y = 0},
    {.bitmap_index = 5524, .adv_w = 177, .box_w = 11, .box_h = 14, .ofs_x = 0, .ofs_y = 0},
    {.bitmap_index = 5601, .adv_w = 120, .box_w = 7, .box_h = 7, .ofs_x = 0, .ofs_y = 1},
    {.bitmap_index = 5626, .adv_w = 177, .box_w = 11, .box_h = 10, .ofs_x = 0, .ofs_y = 0},
    {.bitmap_index = 5681, .adv_w = 165, .box_w = 9, .box_h = 14, .ofs_x = 1, .ofs_y = 0},
    {.bitmap_index = 5744, .adv_w = 165, .box_w = 9, .box_h = 14, .ofs_x = 1, .ofs_y = 0},
    {.bitmap_index = 5807, .adv_w = 165, .box_w = 9, .box_h = 14, .ofs_x = 1, .ofs_y = 0},
    {.bitmap_index = 5870, .adv_w = 165, .box_w = 9, .box_h = 14, .ofs_x = 1, .ofs_y = 0},
    {.bitmap_index = 5933, .adv_w = 138, .box_w = 10, .box_h = 13, .ofs_x = -1, .ofs_y = 0},
    {.bitmap_index = 5998, .adv_w = 149, .box_w = 8, .box_h = 10, .ofs_x = 1, .ofs_y = 0},
    {.bitmap_index = 6038, .adv_w = 141, .box_w = 8, .box_h = 10, .ofs_x = 1, .ofs_y = 0},
    {.bitmap_index = 6078, .adv_w = 132, .box_w = 8, .box_h = 10, .ofs_x = 0, .ofs_y = 0},
    {.bitmap_index = 6118, .adv_w = 132, .box_w = 8, .box_h = 10, .ofs_x = 0, .ofs_y = 0},
    {.bitmap_index = 6158, .adv_w = 132, .box_w = 8, .box_h = 10, .ofs_x = 0, .ofs_y = 0},
    {.bitmap_index = 6198, .adv_w = 132, .box_w = 8, .box_h = 10, .ofs_x = 0, .ofs_y = 0},
    {.bitmap_index = 6238, .adv_w = 132, .box_w = 8, .box_h = 10, .ofs_x = 0, .ofs_y = 0},
    {.bitmap_index = 6278, .adv_w = 132, .box_w = 8, .box_h = 12, .ofs_x = 0, .ofs_y = 0},
    {.bitmap_index = 6326, .adv_w = 221, .box_w = 14, .box_h = 8, .ofs_x = 0, .ofs_y = 0},
    {.bitmap_index = 6382, .adv_w = 131, .box_w = 8, .box_h = 11, .ofs_x = 0, .ofs_y = -3},
    {.bitmap_index = 6426, .adv_w = 135, .box_w = 8, .box_h = 10, .ofs_x = 0, .ofs_y = 0},
    {.bitmap_index = 6466, .adv_w = 135, .box_w = 8, .box_h = 10, .ofs_x = 0, .ofs_y = 0},
    {.bitmap_index = 6506, .adv_w = 135, .box_w = 8, .box_h = 10, .ofs_x = 0, .ofs_y = 0},
    {.bitmap_index = 6546, .adv_w = 135, .box_w = 8, .box_h = 10, .ofs_x = 0, .ofs_y = 0},
    {.bitmap_index = 6586, .adv_w = 59, .box_w = 3, .box_h = 10, .ofs_x = 0, .ofs_y = 0},
    {.bitmap_index = 6601, .adv_w = 59, .box_w = 3, .box_h = 10, .ofs_x = 1, .ofs_y = 0},
    {.bitmap_index = 6616, .adv_w = 59, .box_w = 5, .box_h = 10, .ofs_x = -1, .ofs_y = 0},
    {.bitmap_index = 6641, .adv_w = 59, .box_w = 4, .box_h = 10, .ofs_x = 0, .ofs_y = 0},
    {.bitmap_index = 6661, .adv_w = 138, .box_w = 9, .box_h = 12, .ofs_x = 0, .ofs_y = 0},
    {.bitmap_index = 6715, .adv_w = 139, .box_w = 7, .box_h = 10, .ofs_x = 1, .ofs_y = 0},
    {.bitmap_index = 6750, .adv_w = 138, .box_w = 8, .box_h = 10, .ofs_x = 0, .ofs_y = 0},
    {.bitmap_index = 6790, .adv_w = 138, .box_w = 8, .box_h = 10, .ofs_x = 0, .ofs_y = 0},
    {.bitmap_index = 6830, .adv_w = 138, .box_w = 8, .box_h = 10, .ofs_x = 0, .ofs_y = 0},
    {.bitmap_index = 6870, .adv_w = 138, .box_w = 8, .box_h = 10, .ofs_x = 0, .ofs_y = 0},
    {.bitmap_index = 6910, .adv_w = 138, .box_w = 8, .box_h = 10, .ofs_x = 0, .ofs_y = 0},
    {.bitmap_index = 6950, .adv_w = 130, .box_w = 8, .box_h = 7, .ofs_x = 0, .ofs_y = 1},
    {.bitmap_index = 6978, .adv_w = 138, .box_w = 8, .box_h = 8, .ofs_x = 0, .ofs_y = 0},
    {.bitmap_index = 7010, .adv_w = 138, .box_w = 7, .box_h = 10, .ofs_x = 1, .ofs_y = 0},
    {.bitmap_index = 7045, .adv_w = 138, .box_w = 7, .box_h = 10, .ofs_x = 1, .ofs_y = 0},
    {.bitmap_index = 7080, .adv_w = 138, .box_w = 7, .box_h = 10, .ofs_x = 1, .ofs_y = 0},
    {.bitmap_index = 7115, .adv_w = 138, .box_w = 7, .box_h = 10, .ofs_x = 1, .ofs_y = 0},
    {.bitmap_index = 7150, .adv_w = 129, .box_w = 8, .box_h = 12, .ofs_x = 0, .ofs_y = -2},
    {.bitmap_index = 7198, .adv_w = 143, .box_w = 8, .box_h = 12, .ofs_x = 1, .ofs_y = -2},
    {.bitmap_index = 7246, .adv_w = 129, .box_w = 8, .box_h = 12, .ofs_x = 0, .ofs_y = -2},
    {.bitmap_index = 7294, .adv_w = 160, .box_w = 10, .box_h = 13, .ofs_x = 0, .ofs_y = 0},
    {.bitmap_index = 7359, .adv_w = 132, .box_w = 8, .box_h = 10, .ofs_x = 0, .ofs_y = 0},
    {.bitmap_index = 7399, .adv_w = 160, .box_w = 10, .box_h = 14, .ofs_x = 0, .ofs_y = 0},
    {.bitmap_index = 7469, .adv_w = 132, .box_w = 8, .box_h = 10, .ofs_x = 0, .ofs_y = 0},
    {.bitmap_index = 7509, .adv_w = 160, .box_w = 11, .box_h = 13, .ofs_x = 0, .ofs_y = -3},
    {.bitmap_index = 7581, .adv_w = 132, .box_w = 9, .box_h = 11, .ofs_x = 0, .ofs_y = -3},
    {.bitmap_index = 7631, .adv_w = 169, .box_w = 10, .box_h = 14, .ofs_x = 0, .ofs_y = 0},
    {.bitmap_index = 7701, .adv_w = 131, .box_w = 8, .box_h = 10, .ofs_x = 0, .ofs_y = 0},
    {.bitmap_index = 7741, .adv_w = 169, .box_w = 10, .box_h = 14, .ofs_x = 0, .ofs_y = 0},
    {.bitmap_index = 7811, .adv_w = 131, .box_w = 8, .box_h = 10, .ofs_x = 0, .ofs_y = 0},
    {.bitmap_index = 7851, .adv_w = 169, .box_w = 10, .box_h = 14, .ofs_x = 0, .ofs_y = 0},
    {.bitmap_index = 7921, .adv_w = 131, .box_w = 8, .box_h = 10, .ofs_x = 0, .ofs_y = 0},
    {.bitmap_index = 7961, .adv_w = 169, .box_w = 10, .box_h = 14, .ofs_x = 0, .ofs_y = 0},
    {.bitmap_index = 8031, .adv_w = 131, .box_w = 8, .box_h = 10, .ofs_x = 0, .ofs_y = 0},
    {.bitmap_index = 8071, .adv_w = 167, .box_w = 9, .box_h = 14, .ofs_x = 1, .ofs_y = 0},
    {.bitmap_index = 8134, .adv_w = 159, .box_w = 11, .box_h = 10, .ofs_x = 0, .ofs_y = 0},
    {.bitmap_index = 8189, .adv_w = 167, .box_w = 10, .box_h = 10, .ofs_x = 0, .ofs_y = 0},
    {.bitmap_index = 8239, .adv_w = 143, .box_w = 9, .box_h = 10, .ofs_x = 0, .ofs_y = 0},
    {.bitmap_index = 8284, .adv_w = 145, .box_w = 8, .box_h = 13, .ofs_x = 1, .ofs_y = 0},
    {.bitmap_index = 8336, .adv_w = 135, .box_w = 8, .box_h = 10, .ofs_x = 0, .ofs_y = 0},
    {.bitmap_index = 8376, .adv_w = 160, .box_w = 9, .box_h = 14, .ofs_x = 1, .ofs_y = 0},
    {.bitmap_index = 8439, .adv_w = 133, .box_w = 8, .box_h = 11, .ofs_x = 0, .ofs_y = 0},
    {.bitmap_index = 8483, .adv_w = 145, .box_w = 8, .box_h = 14, .ofs_x = 1, .ofs_y = 0},
    {.bitmap_index = 8539, .adv_w = 135, .box_w = 8, .box_h = 10, .ofs_x = 0, .ofs_y = 0},
    {.bitmap_index = 8579, .adv_w = 145, .box_w = 8, .box_h = 13, .ofs_x = 1, .ofs_y = -3},
    {.bitmap_index = 8631, .adv_w = 135, .box_w = 8, .box_h = 11, .ofs_x = 0, .ofs_y = -3},
    {.bitmap_index = 8675, .adv_w = 145, .box_w = 8, .box_h = 14, .ofs_x = 1, .ofs_y = 0},
    {.bitmap_index = 8731, .adv_w = 135, .box_w = 8, .box_h = 10, .ofs_x = 0, .ofs_y = 0},
    {.bitmap_index = 8771, .adv_w = 168, .box_w = 10, .box_h = 14, .ofs_x = 0, .ofs_y = 0},
    {.bitmap_index = 8841, .adv_w = 143, .box_w = 8, .box_h = 12, .ofs_x = 0, .ofs_y = -2},
    {.bitmap_index = 8889, .adv_w = 168, .box_w = 10, .box_h = 14, .ofs_x = 0, .ofs_y = 0},
    {.bitmap_index = 8959, .adv_w = 143, .box_w = 8, .box_h = 12, .ofs_x = 0, .ofs_y = -2},
    {.bitmap_index = 9007, .adv_w = 168, .box_w = 10, .box_h = 14, .ofs_x = 0, .ofs_y = 0},
    {.bitmap_index = 9077, .adv_w = 143, .box_w = 8, .box_h = 12, .ofs_x = 0, .ofs_y = -2},
    {.bitmap_index = 9125, .adv_w = 168, .box_w = 10, .box_h = 14, .ofs_x = 0, .ofs_y = -4},
    {.bitmap_index = 9195, .adv_w = 143, .box_w = 8, .box_h = 14, .ofs_x = 0, .ofs_y = -2},
    {.bitmap_index = 9251, .adv_w = 171, .box_w = 9, .box_h = 14, .ofs_x = 1, .ofs_y = 0},
    {.bitmap_index = 9314, .adv_w = 139, .box_w = 9, .box_h = 13, .ofs_x = -1, .ofs_y = 0},
    {.bitmap_index = 9373, .adv_w = 171, .box_w = 11, .box_h = 10, .ofs_x = 0, .ofs_y = 0},
    {.bitmap_index = 9428, .adv_w = 139, .box_w = 8, .box_h = 10, .ofs_x = 0, .ofs_y = 0},
    {.bitmap_index = 9468, .adv_w = 65, .box_w = 6, .box_h = 13, .ofs_x = -1, .ofs_y = 0},
    {.bitmap_index = 9507, .adv_w = 59, .box_w = 6, .box_h = 10, .ofs_x = -1, .ofs_y = 0},
    {.bitmap_index = 9537, .adv_w = 65, .box_w = 5, .box_h = 13, .ofs_x = 0, .ofs_y = 0},
    {.bitmap_index = 9570, .adv_w = 59, .box_w = 5, .box_h = 10, .ofs_x = -1, .ofs_y = 0},
    {.bitmap_index = 9595, .adv_w = 67, .box_w = 6, .box_h = 14, .ofs_x = -1, .ofs_y = 0},
    {.bitmap_index = 9637, .adv_w = 53, .box_w = 5, .box_h = 11, .ofs_x = -1, .ofs_y = 0},
    {.bitmap_index = 9665, .adv_w = 65, .box_w = 4, .box_h = 13, .ofs_x = 0, .ofs_y = -3},
    {.bitmap_index = 9691, .adv_w = 59, .box_w = 3, .box_h = 13, .ofs_x = 0, .ofs_y = -3},
    {.bitmap_index = 9711, .adv_w = 65, .box_w = 2, .box_h = 14, .ofs_x = 1, .ofs_y = 0},
    {.bitmap_index = 9725, .adv_w = 59, .box_w = 2, .box_h = 8, .ofs_x = 1, .ofs_y = 0},
    {.bitmap_index = 9733, .adv_w = 203, .box_w = 11, .box_h = 10, .ofs_x = 1, .ofs_y = 0},
    {.bitmap_index = 9788, .adv_w = 119, .box_w = 6, .box_h = 12, .ofs_x = 1, .ofs_y = -2},
    {.bitmap_index = 9824, .adv_w = 143, .box_w = 9, .box_h = 14, .ofs_x = 1, .ofs_y = 0},
    {.bitmap_index = 9887, .adv_w = 62, .box_w = 6, .box_h = 12, .ofs_x = -1, .ofs_y = -2},
    {.bitmap_index = 9923, .adv_w = 154, .box_w = 9, .box_h = 14, .ofs_x = 1, .ofs_y = -4},
    {.bitmap_index = 9986, .adv_w = 142, .box_w = 8, .box_h = 14, .ofs_x = 1, .ofs_y = -4},
    {.bitmap_index = 10042, .adv_w = 105, .box_w = 7, .box_h = 8, .ofs_x = 0, .ofs_y = 0},
    {.bitmap_index = 10070, .adv_w = 139, .box_w = 7, .box_h = 13, .ofs_x = 1, .ofs_y = 0},
    {.bitmap_index = 10116, .adv_w = 64, .box_w = 3, .box_h = 13, .ofs_x = 1, .ofs_y = 0},
    {.bitmap_index = 10136, .adv_w = 139, .box_w = 7, .box_h = 14, .ofs_x = 1, .ofs_y = -4},
    {.bitmap_index = 10185, .adv_w = 64, .box_w = 3, .box_h = 14, .ofs_x = 1, .ofs_y = -4},
    {.bitmap_index = 10206, .adv_w = 139, .box_w = 7, .box_h = 10, .ofs_x = 1, .ofs_y = 0},
    {.bitmap_index = 10241, .adv_w = 76, .box_w = 5, .box_h = 10, .ofs_x = 1, .ofs_y = 0},
    {.bitmap_index = 10266, .adv_w = 133, .box_w = 7, .box_h = 11, .ofs_x = 1, .ofs_y = 0},
    {.bitmap_index = 10305, .adv_w = 76, .box_w = 4, .box_h = 11, .ofs_x = 1, .ofs_y = 0},
    {.bitmap_index = 10327, .adv_w = 139, .box_w = 8, .box_h = 10, .ofs_x = 0, .ofs_y = 0},
    {.bitmap_index = 10367, .adv_w = 64, .box_w = 4, .box_h = 10, .ofs_x = 0, .ofs_y = 0},
    {.bitmap_index = 10387, .adv_w = 178, .box_w = 9, .box_h = 13, .ofs_x = 1, .ofs_y = 0},
    {.bitmap_index = 10446, .adv_w = 139, .box_w = 7, .box_h = 10, .ofs_x = 1, .ofs_y = 0},
    {.bitmap_index = 10481, .adv_w = 178, .box_w = 9, .box_h = 14, .ofs_x = 1, .ofs_y = -4},
    {.bitmap_index = 10544, .adv_w = 139, .box_w = 7, .box_h = 12, .ofs_x = 1, .ofs_y = -4},
    {.bitmap_index = 10586, .adv_w = 178, .box_w = 9, .box_h = 14, .ofs_x = 1, .ofs_y = 0},
    {.bitmap_index = 10649, .adv_w = 139, .box_w = 7, .box_h = 10, .ofs_x = 1, .ofs_y = 0},
    {.bitmap_index = 10684, .adv_w = 150, .box_w = 10, .box_h = 11, .ofs_x = -1, .ofs_y = 0},
    {.bitmap_index = 10739, .adv_w = 178, .box_w = 9, .box_h = 12, .ofs_x = 1, .ofs_y = -2},
    {.bitmap_index = 10793, .adv_w = 139, .box_w = 7, .box_h = 10, .ofs_x = 1, .ofs_y = -2},
    {.bitmap_index = 10828, .adv_w = 177, .box_w = 11, .box_h = 13, .ofs_x = 0, .ofs_y = 0},
    {.bitmap_index = 10900, .adv_w = 138, .box_w = 8, .box_h = 10, .ofs_x = 0, .ofs_y = 0},
    {.bitmap_index = 10940, .adv_w = 187, .box_w = 11, .box_h = 14, .ofs_x = 0, .ofs_y = 0},
    {.bitmap_index = 11017, .adv_w = 133, .box_w = 8, .box_h = 11, .ofs_x = 0, .ofs_y = 0},
    {.bitmap_index = 11061, .adv_w = 177, .box_w = 11, .box_h = 14, .ofs_x = 0, .ofs_y = 0},
    {.bitmap_index = 11138, .adv_w = 138, .box_w = 8, .box_h = 10, .ofs_x = 0, .ofs_y = 0},
    {.bitmap_index = 11178, .adv_w = 261, .box_w = 16, .box_h = 10, .ofs_x = 0, .ofs_y = 0},
    {.bitmap_index = 11258, .adv_w = 230, .box_w = 14, .box_h = 8, .ofs_x = 0, .ofs_y = 0},
    {.bitmap_index = 11314, .adv_w = 161, .box_w = 9, .box_h = 13, .ofs_x = 1, .ofs_y = 0},
    {.bitmap_index = 11373, .adv_w = 91, .box_w = 5, .box_h = 10, .ofs_x = 1, .ofs_y = 0},
    {.bitmap_index = 11398, .adv_w = 161, .box_w = 9, .box_h = 14, .ofs_x = 1, .ofs_y = -4},
    {.bitmap_index = 11461, .adv_w = 91, .box_w = 6, .box_h = 12, .ofs_x = 0, .ofs_y = -4},
    {.bitmap_index = 11497, .adv_w = 161, .box_w = 9, .box_h = 14, .ofs_x = 1, .ofs_y = 0},
    {.bitmap_index = 11560, .adv_w = 91, .box_w = 6, .box_h = 10, .ofs_x = 0, .ofs_y = 0},
    {.bitmap_index = 11590, .adv_w = 154, .box_w = 9, .box_h = 14, .ofs_x = 0, .ofs_y = 0},
    {.bitmap_index = 11653, .adv_w = 125, .box_w = 8, .box_h = 10, .ofs_x = 0, .ofs_y = 0},
    {.bitmap_index = 11693, .adv_w = 154, .box_w = 9, .box_h = 14, .ofs_x = 0, .ofs_y = 0},
    {.bitmap_index = 11756, .adv_w = 125, .box_w = 8, .box_h = 10, .ofs_x = 0, .ofs_y = 0},
    {.bitmap_index = 11796, .adv_w = 154, .box_w = 9, .box_h = 13, .ofs_x = 0, .ofs_y = -3},
    {.bitmap_index = 11855, .adv_w = 125, .box_w = 8, .box_h = 11, .ofs_x = 0, .ofs_y = -3},
    {.bitmap_index = 11899, .adv_w = 154, .box_w = 9, .box_h = 14, .ofs_x = 0, .ofs_y = 0},
    {.bitmap_index = 11962, .adv_w = 125, .box_w = 8, .box_h = 10, .ofs_x = 0, .ofs_y = 0},
    {.bitmap_index = 12002, .adv_w = 132, .box_w = 9, .box_h = 13, .ofs_x = 0, .ofs_y = -3},
    {.bitmap_index = 12061, .adv_w = 94, .box_w = 6, .box_h = 13, .ofs_x = 0, .ofs_y = -3},
    {.bitmap_index = 12100, .adv_w = 132, .box_w = 9, .box_h = 14, .ofs_x = 0, .ofs_y = 0},
    {.bitmap_index = 12163, .adv_w = 96, .box_w = 7, .box_h = 12, .ofs_x = 0, .ofs_y = 0},
    {.bitmap_index = 12205, .adv_w = 132, .box_w = 9, .box_h = 10, .ofs_x = 0, .ofs_y = 0},
    {.bitmap_index = 12250, .adv_w = 94, .box_w = 6, .box_h = 10, .ofs_x = 0, .ofs_y = 0},
    {.bitmap_index = 12280, .adv_w = 165, .box_w = 9, .box_h = 14, .ofs_x = 1, .ofs_y = 0},
    {.bitmap_index = 12343, .adv_w = 138, .box_w = 7, .box_h = 10, .ofs_x = 1, .ofs_y = 0},
    {.bitmap_index = 12378, .adv_w = 165, .box_w = 9, .box_h = 13, .ofs_x = 1, .ofs_y = 0},
    {.bitmap_index = 12437, .adv_w = 138, .box_w = 7, .box_h = 10, .ofs_x = 1, .ofs_y = 0},
    {.bitmap_index = 12472, .adv_w = 165, .box_w = 9, .box_h = 14, .ofs_x = 1, .ofs_y = 0},
    {.bitmap_index = 12535, .adv_w = 138, .box_w = 7, .box_h = 10, .ofs_x = 1, .ofs_y = 0},
    {.bitmap_index = 12570, .adv_w = 165, .box_w = 9, .box_h = 14, .ofs_x = 1, .ofs_y = 0},
    {.bitmap_index = 12633, .adv_w = 138, .box_w = 7, .box_h = 12, .ofs_x = 1, .ofs_y = 0},
    {.bitmap_index = 12675, .adv_w = 165, .box_w = 9, .box_h = 14, .ofs_x = 1, .ofs_y = 0},
    {.bitmap_index = 12738, .adv_w = 138, .box_w = 7, .box_h = 10, .ofs_x = 1, .ofs_y = 0},
    {.bitmap_index = 12773, .adv_w = 165, .box_w = 9, .box_h = 14, .ofs_x = 1, .ofs_y = -4},
    {.bitmap_index = 12836, .adv_w = 138, .box_w = 7, .box_h = 11, .ofs_x = 1, .ofs_y = -3},
    {.bitmap_index = 12875, .adv_w = 227, .box_w = 14, .box_h = 14, .ofs_x = 0, .ofs_y = 0},
    {.bitmap_index = 12973, .adv_w = 197, .box_w = 12, .box_h = 10, .ofs_x = 0, .ofs_y = 0},
    {.bitmap_index = 13033, .adv_w = 138, .box_w = 10, .box_h = 14, .ofs_x = -1, .ofs_y = 0},
    {.bitmap_index = 13103, .adv_w = 129, .box_w = 8, .box_h = 12, .ofs_x = 0, .ofs_y = -2},
    {.bitmap_index = 13151, .adv_w = 138, .box_w = 10, .box_h = 14, .ofs_x = -1, .ofs_y = 0},
    {.bitmap_index = 13221, .adv_w = 131, .box_w = 8, .box_h = 13, .ofs_x = 0, .ofs_y = 0},
    {.bitmap_index = 13273, .adv_w = 129, .box_w = 8, .box_h = 10, .ofs_x = 0, .ofs_y = 0},
    {.bitmap_index = 13313, .adv_w = 131, .box_w = 8, .box_h = 14, .ofs_x = 0, .ofs_y = 0},
    {.bitmap_index = 13369, .adv_w = 129, .box_w = 8, .box_h = 10, .ofs_x = 0, .ofs_y = 0},
    {.bitmap_index = 13409, .adv_w = 131, .box_w = 8, .box_h = 14, .ofs_x = 0, .ofs_y = 0},
    {.bitmap_index = 13465, .adv_w = 129, .box_w = 8, .box_h = 10, .ofs_x = 0, .ofs_y = 0},
    {.bitmap_index = 13505, .adv_w = 53, .box_w = 4, .box_h = 11, .ofs_x = 1, .ofs_y = 0},
    {.bitmap_index = 13527, .adv_w = 133, .box_w = 9, .box_h = 11, .ofs_x = -1, .ofs_y = 0},
    {.bitmap_index = 13577, .adv_w = 178, .box_w = 11, .box_h = 11, .ofs_x = 0, .ofs_y = 0},
    {.bitmap_index = 13638, .adv_w = 157, .box_w = 9, .box_h = 11, .ofs_x = 1, .ofs_y = 0},
    {.bitmap_index = 13688, .adv_w = 133, .box_w = 8, .box_h = 11, .ofs_x = 0, .ofs_y = 0},
    {.bitmap_index = 13732, .adv_w = 133, .box_w = 7, .box_h = 11, .ofs_x = 1, .ofs_y = 0},
    {.bitmap_index = 13771, .adv_w = 133, .box_w = 7, .box_h = 11, .ofs_x = 1, .ofs_y = 0},
    {.bitmap_index = 13810, .adv_w = 173, .box_w = 11, .box_h = 11, .ofs_x = 0, .ofs_y = 0},
    {.bitmap_index = 13871, .adv_w = 184, .box_w = 12, .box_h = 11, .ofs_x = 0, .ofs_y = 0},
    {.bitmap_index = 13937, .adv_w = 139, .box_w = 9, .box_h = 9, .ofs_x = 0, .ofs_y = 0},
    {.bitmap_index = 13978, .adv_w = 173, .box_w = 11, .box_h = 11, .ofs_x = 0, .ofs_y = 0},
    {.bitmap_index = 14039, .adv_w = 189, .box_w = 12, .box_h = 11, .ofs_x = 0, .ofs_y = 0},
    {.bitmap_index = 14105, .adv_w = 157, .box_w = 9, .box_h = 11, .ofs_x = 0, .ofs_y = 0},
    {.bitmap_index = 14155, .adv_w = 133, .box_w = 8, .box_h = 11, .ofs_x = 0, .ofs_y = 0},
    {.bitmap_index = 14199, .adv_w = 134, .box_w = 8, .box_h = 11, .ofs_x = 0, .ofs_y = -3},
    {.bitmap_index = 14243, .adv_w = 160, .box_w = 9, .box_h = 11, .ofs_x = 0, .ofs_y = 0},
    {.bitmap_index = 14293, .adv_w = 171, .box_w = 11, .box_h = 10, .ofs_x = 0, .ofs_y = 0},
    {.bitmap_index = 14348, .adv_w = 145, .box_w = 9, .box_h = 11, .ofs_x = 0, .ofs_y = 0},
    {.bitmap_index = 14398, .adv_w = 147, .box_w = 10, .box_h = 14, .ofs_x = -1, .ofs_y = -3},
    {.bitmap_index = 14468, .adv_w = 123, .box_w = 8, .box_h = 10, .ofs_x = 0, .ofs_y = 0},
    {.bitmap_index = 14508, .adv_w = 190, .box_w = 12, .box_h = 11, .ofs_x = 0, .ofs_y = 0},
    {.bitmap_index = 14574, .adv_w = 156, .box_w = 10, .box_h = 14, .ofs_x = 0, .ofs_y = -3},
    {.bitmap_index = 14644, .adv_w = 193, .box_w = 11, .box_h = 11, .ofs_x = 1, .ofs_y = 0},
    {.bitmap_index = 14705, .adv_w = 59, .box_w = 3, .box_h = 11, .ofs_x = 1, .ofs_y = 0},
    {.bitmap_index = 14722, .adv_w = 77, .box_w = 5, .box_h = 11, .ofs_x = 0, .ofs_y = 0},
    {.bitmap_index = 14750, .adv_w = 160, .box_w = 10, .box_h = 11, .ofs_x = 1, .ofs_y = 0},
    {.bitmap_index = 14805, .adv_w = 120, .box_w = 8, .box_h = 11, .ofs_x = 0, .ofs_y = 0},
    {.bitmap_index = 14849, .adv_w = 77, .box_w = 5, .box_h = 11, .ofs_x = 0, .ofs_y = 0},
    {.bitmap_index = 14877, .adv_w = 120, .box_w = 8, .box_h = 11, .ofs_x = 0, .ofs_y = 0},
    {.bitmap_index = 14921, .adv_w = 200, .box_w = 12, .box_h = 11, .ofs_x = 0, .ofs_y = 0},
    {.bitmap_index = 14987, .adv_w = 173, .box_w = 11, .box_h = 14, .ofs_x = -1, .ofs_y = -3},
    {.bitmap_index = 15064, .adv_w = 133, .box_w = 7, .box_h = 11, .ofs_x = 1, .ofs_y = -3},
    {.bitmap_index = 15103, .adv_w = 187, .box_w = 11, .box_h = 11, .ofs_x = 0, .ofs_y = 0},
    {.bitmap_index = 15164, .adv_w = 177, .box_w = 11, .box_h = 13, .ofs_x = 0, .ofs_y = 0},
    {.bitmap_index = 15236, .adv_w = 138, .box_w = 8, .box_h = 10, .ofs_x = 0, .ofs_y = 0},
    {.bitmap_index = 15276, .adv_w = 245, .box_w = 15, .box_h = 11, .ofs_x = 0, .ofs_y = 0},
    {.bitmap_index = 15359, .adv_w = 188, .box_w = 11, .box_h = 11, .ofs_x = 0, .ofs_y = -3},
    {.bitmap_index = 15420, .adv_w = 176, .box_w = 11, .box_h = 11, .ofs_x = 0, .ofs_y = 0},
    {.bitmap_index = 15481, .adv_w = 133, .box_w = 7, .box_h = 13, .ofs_x = 1, .ofs_y = -3},
    {.bitmap_index = 15527, .adv_w = 173, .box_w = 11, .box_h = 13, .ofs_x = 1, .ofs_y = -2},
    {.bitmap_index = 15599, .adv_w = 160, .box_w = 10, .box_h = 11, .ofs_x = 0, .ofs_y = 0},
    {.bitmap_index = 15654, .adv_w = 120, .box_w = 8, .box_h = 8, .ofs_x = 0, .ofs_y = 0},
    {.bitmap_index = 15686, .adv_w = 144, .box_w = 9, .box_h = 11, .ofs_x = 0, .ofs_y = 0},
    {.bitmap_index = 15736, .adv_w = 88, .box_w = 7, .box_h = 14, .ofs_x = 0, .ofs_y = -3},
    {.bitmap_index = 15785, .adv_w = 67, .box_w = 5, .box_h = 14, .ofs_x = 0, .ofs_y = -3},
    {.bitmap_index = 15820, .adv_w = 137, .box_w = 9, .box_h = 11, .ofs_x = 0, .ofs_y = 0},
    {.bitmap_index = 15870, .adv_w = 67, .box_w = 5, .box_h = 11, .ofs_x = 0, .ofs_y = 0},
    {.bitmap_index = 15898, .adv_w = 147, .box_w = 9, .box_h = 14, .ofs_x = 0, .ofs_y = -3},
    {.bitmap_index = 15961, .adv_w = 165, .box_w = 10, .box_h = 13, .ofs_x = 1, .ofs_y = 0},
    {.bitmap_index = 16026, .adv_w = 139, .box_w = 8, .box_h = 10, .ofs_x = 1, .ofs_y = 0},
    {.bitmap_index = 16066, .adv_w = 180, .box_w = 10, .box_h = 11, .ofs_x = 1, .ofs_y = 0},
    {.bitmap_index = 16121, .adv_w = 160, .box_w = 10, .box_h = 11, .ofs_x = 0, .ofs_y = 0},
    {.bitmap_index = 16176, .adv_w = 180, .box_w = 12, .box_h = 11, .ofs_x = 0, .ofs_y = 0},
    {.bitmap_index = 16242, .adv_w = 148, .box_w = 10, .box_h = 11, .ofs_x = 0, .ofs_y = -3},
    {.bitmap_index = 16297, .adv_w = 147, .box_w = 9, .box_h = 11, .ofs_x = 0, .ofs_y = 0},
    {.bitmap_index = 16347, .adv_w = 120, .box_w = 8, .box_h = 8, .ofs_x = 0, .ofs_y = 0},
    {.bitmap_index = 16379, .adv_w = 151, .box_w = 9, .box_h = 11, .ofs_x = 0, .ofs_y = 0},
    {.bitmap_index = 16429, .adv_w = 151, .box_w = 9, .box_h = 11, .ofs_x = 0, .ofs_y = 0},
    {.bitmap_index = 16479, .adv_w = 126, .box_w = 8, .box_h = 11, .ofs_x = 0, .ofs_y = -3},
    {.bitmap_index = 16523, .adv_w = 115, .box_w = 7, .box_h = 11, .ofs_x = 0, .ofs_y = -3},
    {.bitmap_index = 16562, .adv_w = 133, .box_w = 8, .box_h = 11, .ofs_x = 0, .ofs_y = 0},
    {.bitmap_index = 16606, .adv_w = 133, .box_w = 8, .box_h = 11, .ofs_x = 0, .ofs_y = 0},
    {.bitmap_index = 16650, .adv_w = 126, .box_w = 8, .box_h = 8, .ofs_x = 0, .ofs_y = 0},
    {.bitmap_index = 16682, .adv_w = 133, .box_w = 8, .box_h = 11, .ofs_x = 0, .ofs_y = 0},
    {.bitmap_index = 16726, .adv_w = 133, .box_w = 7, .box_h = 11, .ofs_x = 1, .ofs_y = -3},
    {.bitmap_index = 16765, .adv_w = 67, .box_w = 2, .box_h = 11, .ofs_x = 1, .ofs_y = 0},
    {.bitmap_index = 16776, .adv_w = 111, .box_w = 5, .box_h = 11, .ofs_x = 1, .ofs_y = 0},
    {.bitmap_index = 16804, .adv_w = 114, .box_w = 7, .box_h = 11, .ofs_x = 0, .ofs_y = 0},
    {.bitmap_index = 16843, .adv_w = 67, .box_w = 2, .box_h = 11, .ofs_x = 1, .ofs_y = 0},
    {.bitmap_index = 16854, .adv_w = 320, .box_w = 19, .box_h = 14, .ofs_x = 1, .ofs_y = 0},
    {.bitmap_index = 16987, .adv_w = 293, .box_w = 18, .box_h = 11, .ofs_x = 1, .ofs_y = 0},
    {.bitmap_index = 17086, .adv_w = 253, .box_w = 16, .box_h = 11, .ofs_x = 0, .ofs_y = 0},
    {.bitmap_index = 17174, .adv_w = 247, .box_w = 14, .box_h = 11, .ofs_x = 1, .ofs_y = 0},
    {.bitmap_index = 17251, .adv_w = 187, .box_w = 10, .box_h = 14, .ofs_x = 1, .ofs_y = -3},
    {.bitmap_index = 17321, .adv_w = 107, .box_w = 5, .box_h = 14, .ofs_x = 1, .ofs_y = -3},
    {.bitmap_index = 17356, .adv_w = 293, .box_w = 17, .box_h = 11, .ofs_x = 1, .ofs_y = 0},
    {.bitmap_index = 17450, .adv_w = 227, .box_w = 13, .box_h = 14, .ofs_x = 1, .ofs_y = -3},
    {.bitmap_index = 17541, .adv_w = 187, .box_w = 10, .box_h = 14, .ofs_x = 1, .ofs_y = -3},
    {.bitmap_index = 17611, .adv_w = 160, .box_w = 10, .box_h = 14, .ofs_x = 0, .ofs_y = 0},
    {.bitmap_index = 17681, .adv_w = 132, .box_w = 8, .box_h = 10, .ofs_x = 0, .ofs_y = 0},
    {.bitmap_index = 17721, .adv_w = 67, .box_w = 6, .box_h = 14, .ofs_x = -1, .ofs_y = 0},
    {.bitmap_index = 17763, .adv_w = 67, .box_w = 6, .box_h = 11, .ofs_x = -1, .ofs_y = 0},
    {.bitmap_index = 17796, .adv_w = 187, .box_w = 11, .box_h = 14, .ofs_x = 0, .ofs_y = 0},
    {.bitmap_index = 17873, .adv_w = 133, .box_w = 8, .box_h = 11, .ofs_x = 0, .ofs_y = 0},
    {.bitmap_index = 17917, .adv_w = 173, .box_w = 9, .box_h = 14, .ofs_x = 1, .ofs_y = 0},
    {.bitmap_index = 17980, .adv_w = 133, .box_w = 8, .box_h = 11, .ofs_x = 0, .ofs_y = 0},
    {.bitmap_index = 18024, .adv_w = 173, .box_w = 9, .box_h = 15, .ofs_x = 1, .ofs_y = 0},
    {.bitmap_index = 18092, .adv_w = 133, .box_w = 8, .box_h = 13, .ofs_x = 0, .ofs_y = 0},
    {.bitmap_index = 18144, .adv_w = 173, .box_w = 9, .box_h = 17, .ofs_x = 1, .ofs_y = 0},
    {.bitmap_index = 18221, .adv_w = 133, .box_w = 8, .box_h = 14, .ofs_x = 0, .ofs_y = 0},
    {.bitmap_index = 18277, .adv_w = 173, .box_w = 9, .box_h = 17, .ofs_x = 1, .ofs_y = 0},
    {.bitmap_index = 18354, .adv_w = 133, .box_w = 8, .box_h = 14, .ofs_x = 0, .ofs_y = 0},
    {.bitmap_index = 18410, .adv_w = 173, .box_w = 9, .box_h = 17, .ofs_x = 1, .ofs_y = 0},
    {.bitmap_index = 18487, .adv_w = 133, .box_w = 8, .box_h = 14, .ofs_x = 0, .ofs_y = 0},
    {.bitmap_index = 18543, .adv_w = 133, .box_w = 8, .box_h = 8, .ofs_x = 0, .ofs_y = 0},
    {.bitmap_index = 18575, .adv_w = 160, .box_w = 12, .box_h = 15, .ofs_x = -1, .ofs_y = 0},
    {.bitmap_index = 18665, .adv_w = 133, .box_w = 8, .box_h = 13, .ofs_x = 0, .ofs_y = 0},
    {.bitmap_index = 18717, .adv_w = 160, .box_w = 12, .box_h = 15, .ofs_x = -1, .ofs_y = 0},
    {.bitmap_index = 18807, .adv_w = 133, .box_w = 8, .box_h = 13, .ofs_x = 0, .ofs_y = 0},
    {.bitmap_index = 18859, .adv_w = 240, .box_w = 15, .box_h = 13, .ofs_x = 0, .ofs_y = 0},
    {.bitmap_index = 18957, .adv_w = 213, .box_w = 13, .box_h = 11, .ofs_x = 0, .ofs_y = 0},
    {.bitmap_index = 19029, .adv_w = 179, .box_w = 11, .box_h = 10, .ofs_x = 0, .ofs_y = 0},
    {.bitmap_index = 19084, .adv_w = 150, .box_w = 9, .box_h = 10, .ofs_x = 0, .ofs_y = -2},
    {.bitmap_index = 19129, .adv_w = 168, .box_w = 10, .box_h = 14, .ofs_x = 0, .ofs_y = 0},
    {.bitmap_index = 19199, .adv_w = 143, .box_w = 8, .box_h = 12, .ofs_x = 0, .ofs_y = -2},
    {.bitmap_index = 19247, .adv_w = 154, .box_w = 9, .box_h = 14, .ofs_x = 1, .ofs_y = 0},
    {.bitmap_index = 19310, .adv_w = 142, .box_w = 10, .box_h = 13, .ofs_x = -1, .ofs_y = 0},
    {.bitmap_index = 19375, .adv_w = 187, .box_w = 11, .box_h = 14, .ofs_x = 0, .ofs_y = -3},
    {.bitmap_index = 19452, .adv_w = 133, .box_w = 8, .box_h = 11, .ofs_x = 0, .ofs_y = -3},
    {.bitmap_index = 19496, .adv_w = 187, .box_w = 11, .box_h = 16, .ofs_x = 0, .ofs_y = -3},
    {.bitmap_index = 19584, .adv_w = 133, .box_w = 8, .box_h = 14, .ofs_x = 0, .ofs_y = -3},
    {.bitmap_index = 19640, .adv_w = 128, .box_w = 8, .box_h = 14, .ofs_x = 0, .ofs_y = 0},
    {.bitmap_index = 19696, .adv_w = 128, .box_w = 8, .box_h = 14, .ofs_x = 0, .ofs_y = -3},
    {.bitmap_index = 19752, .adv_w = 53, .box_w = 5, .box_h = 14, .ofs_x = -1, .ofs_y = -3},
    {.bitmap_index = 19787, .adv_w = 320, .box_w = 19, .box_h = 11, .ofs_x = 1, .ofs_y = 0},
    {.bitmap_index = 19892, .adv_w = 293, .box_w = 17, .box_h = 11, .ofs_x = 1, .ofs_y = 0},
    {.bitmap_index = 19986, .adv_w = 253, .box_w = 16, .box_h = 11, .ofs_x = 0, .ofs_y = 0},
    {.bitmap_index = 20074, .adv_w = 187, .box_w = 11, .box_h = 14, .ofs_x = 0, .ofs_y = 0},
    {.bitmap_index = 20151, .adv_w = 133, .box_w = 8, .box_h = 14, .ofs_x = 0, .ofs_y = -3},
    {.bitmap_index = 20207, .adv_w = 160, .box_w = 12, .box_h = 16, .ofs_x = -1, .ofs_y = 0},
    {.bitmap_index = 20303, .adv_w = 133, .box_w = 8, .box_h = 15, .ofs_x = 0, .ofs_y = 0},
    {.bitmap_index = 20363, .adv_w = 240, .box_w = 15, .box_h = 14, .ofs_x = 0, .ofs_y = 0},
    {.bitmap_index = 20468, .adv_w = 213, .box_w = 13, .box_h = 11, .ofs_x = 0, .ofs_y = 0},
    {.bitmap_index = 20540, .adv_w = 187, .box_w = 12, .box_h = 15, .ofs_x = 0, .ofs_y = -1},
    {.bitmap_index = 20630, .adv_w = 147, .box_w = 9, .box_h = 12, .ofs_x = 0, .ofs_y = -1},
    {.bitmap_index = 20684, .adv_w = 160, .box_w = 12, .box_h = 14, .ofs_x = -1, .ofs_y = 0},
    {.bitmap_index = 20768, .adv_w = 133, .box_w = 8, .box_h = 11, .ofs_x = 0, .ofs_y = 0},
    {.bitmap_index = 20812, .adv_w = 160, .box_w = 12, .box_h = 13, .ofs_x = -1, .ofs_y = 0},
    {.bitmap_index = 20890, .adv_w = 133, .box_w = 8, .box_h = 11, .ofs_x = 0, .ofs_y = 0},
    {.bitmap_index = 20934, .adv_w = 160, .box_w = 9, .box_h = 14, .ofs_x = 1, .ofs_y = 0},
    {.bitmap_index = 20997, .adv_w = 133, .box_w = 8, .box_h = 11, .ofs_x = 0, .ofs_y = 0},
    {.bitmap_index = 21041, .adv_w = 160, .box_w = 9, .box_h = 13, .ofs_x = 1, .ofs_y = 0},
    {.bitmap_index = 21100, .adv_w = 133, .box_w = 8, .box_h = 11, .ofs_x = 0, .ofs_y = 0},
    {.bitmap_index = 21144, .adv_w = 67, .box_w = 6, .box_h = 14, .ofs_x = -1, .ofs_y = 0},
    {.bitmap_index = 21186, .adv_w = 67, .box_w = 6, .box_h = 11, .ofs_x = -1, .ofs_y = 0},
    {.bitmap_index = 21219, .adv_w = 67, .box_w = 6, .box_h = 13, .ofs_x = -1, .ofs_y = 0},
    {.bitmap_index = 21258, .adv_w = 67, .box_w = 6, .box_h = 11, .ofs_x = -1, .ofs_y = 0},
    {.bitmap_index = 21291, .adv_w = 187, .box_w = 11, .box_h = 14, .ofs_x = 0, .ofs_y = 0},
    {.bitmap_index = 21368, .adv_w = 133, .box_w = 8, .box_h = 11, .ofs_x = 0, .ofs_y = 0},
    {.bitmap_index = 21412, .adv_w = 187, .box_w = 11, .box_h = 14, .ofs_x = 0, .ofs_y = 0},
    {.bitmap_index = 21489, .adv_w = 133, .box_w = 8, .box_h = 11, .ofs_x = 0, .ofs_y = 0},
    {.bitmap_index = 21533, .adv_w = 173, .box_w = 10, .box_h = 14, .ofs_x = 1, .ofs_y = 0},
    {.bitmap_index = 21603, .adv_w = 80, .box_w = 6, .box_h = 11, .ofs_x = 0, .ofs_y = 0},
    {.bitmap_index = 21636, .adv_w = 173, .box_w = 10, .box_h = 13, .ofs_x = 1, .ofs_y = 0},
    {.bitmap_index = 21701, .adv_w = 80, .box_w = 6, .box_h = 11, .ofs_x = 0, .ofs_y = 0},
    {.bitmap_index = 21734, .adv_w = 173, .box_w = 9, .box_h = 14, .ofs_x = 1, .ofs_y = 0},
    {.bitmap_index = 21797, .adv_w = 133, .box_w = 8, .box_h = 11, .ofs_x = 0, .ofs_y = 0},
    {.bitmap_index = 21841, .adv_w = 173, .box_w = 9, .box_h = 14, .ofs_x = 1, .ofs_y = 0},
    {.bitmap_index = 21904, .adv_w = 133, .box_w = 8, .box_h = 11, .ofs_x = 0, .ofs_y = 0},
    {.bitmap_index = 21948, .adv_w = 154, .box_w = 9, .box_h = 14, .ofs_x = 0, .ofs_y = -4},
    {.bitmap_index = 22011, .adv_w = 125, .box_w = 8, .box_h = 12, .ofs_x = 0, .ofs_y = -4},
    {.bitmap_index = 22059, .adv_w = 132, .box_w = 9, .box_h = 14, .ofs_x = 0, .ofs_y = -4},
    {.bitmap_index = 22122, .adv_w = 94, .box_w = 6, .box_h = 14, .ofs_x = 0, .ofs_y = -4},
    {.bitmap_index = 22164, .adv_w = 62, .box_w = 4, .box_h = 10, .ofs_x = -1, .ofs_y = -2},
    {.bitmap_index = 22184, .adv_w = 160, .box_w = 12, .box_h = 14, .ofs_x = -1, .ofs_y = -3},
    {.bitmap_index = 22268, .adv_w = 133, .box_w = 8, .box_h = 11, .ofs_x = 0, .ofs_y = -3},
    {.bitmap_index = 22312, .adv_w = 160, .box_w = 9, .box_h = 14, .ofs_x = 1, .ofs_y = 0},
    {.bitmap_index = 22375, .adv_w = 133, .box_w = 7, .box_h = 14, .ofs_x = 1, .ofs_y = 0},
    {.bitmap_index = 22424, .adv_w = 160, .box_w = 9, .box_h = 14, .ofs_x = 1, .ofs_y = -3},
    {.bitmap_index = 22487, .adv_w = 133, .box_w = 7, .box_h = 14, .ofs_x = 1, .ofs_y = -3},
    {.bitmap_index = 22536, .adv_w = 160, .box_w = 9, .box_h = 14, .ofs_x = 1, .ofs_y = -3},
    {.bitmap_index = 22599, .adv_w = 133, .box_w = 7, .box_h = 14, .ofs_x = 1, .ofs_y = -3},
    {.bitmap_index = 22648, .adv_w = 173, .box_w = 11, .box_h = 17, .ofs_x = 0, .ofs_y = -3},
    {.bitmap_index = 22742, .adv_w = 120, .box_w = 8, .box_h = 14, .ofs_x = 0, .ofs_y = -3},
    {.bitmap_index = 22798, .adv_w = 173, .box_w = 10, .box_h = 14, .ofs_x = 1, .ofs_y = 0},
    {.bitmap_index = 22868, .adv_w = 133, .box_w = 8, .box_h = 14, .ofs_x = 0, .ofs_y = 0},
    {.bitmap_index = 22924, .adv_w = 173, .box_w = 10, .box_h = 14, .ofs_x = 1, .ofs_y = -3},
    {.bitmap_index = 22994, .adv_w = 133, .box_w = 8, .box_h = 14, .ofs_x = 0, .ofs_y = -3},
    {.bitmap_index = 23050, .adv_w = 173, .box_w = 10, .box_h = 14, .ofs_x = 1, .ofs_y = -3},
    {.bitmap_index = 23120, .adv_w = 133, .box_w = 8, .box_h = 14, .ofs_x = 0, .ofs_y = -3},
    {.bitmap_index = 23176, .adv_w = 173, .box_w = 10, .box_h = 14, .ofs_x = 1, .ofs_y = -3},
    {.bitmap_index = 23246, .adv_w = 133, .box_w = 8, .box_h = 14, .ofs_x = 0, .ofs_y = -3},
    {.bitmap_index = 23302, .adv_w = 173, .box_w = 10, .box_h = 14, .ofs_x = 1, .ofs_y = -3},
    {.bitmap_index = 23372, .adv_w = 133, .box_w = 8, .box_h = 14, .ofs_x = 0, .ofs_y = -3},
    {.bitmap_index = 23428, .adv_w = 160, .box_w = 9, .box_h = 16, .ofs_x = 1, .ofs_y = 0},
    {.bitmap_index = 23500, .adv_w = 133, .box_w = 8, .box_h = 14, .ofs_x = 0, .ofs_y = 0},
    {.bitmap_index = 23556, .adv_w = 160, .box_w = 9, .box_h = 16, .ofs_x = 1, .ofs_y = 0},
    {.bitmap_index = 23628, .adv_w = 133, .box_w = 8, .box_h = 14, .ofs_x = 0, .ofs_y = 0},
    {.bitmap_index = 23684, .adv_w = 160, .box_w = 9, .box_h = 14, .ofs_x = 1, .ofs_y = -3},
    {.bitmap_index = 23747, .adv_w = 133, .box_w = 8, .box_h = 11, .ofs_x = 0, .ofs_y = -3},
    {.bitmap_index = 23791, .adv_w = 160, .box_w = 9, .box_h = 14, .ofs_x = 1, .ofs_y = -3},
    {.bitmap_index = 23854, .adv_w = 133, .box_w = 8, .box_h = 11, .ofs_x = 0, .ofs_y = -3},
    {.bitmap_index = 23898, .adv_w = 160, .box_w = 9, .box_h = 17, .ofs_x = 1, .ofs_y = -3},
    {.bitmap_index = 23975, .adv_w = 133, .box_w = 8, .box_h = 14, .ofs_x = 0, .ofs_y = -3},
    {.bitmap_index = 24031, .adv_w = 147, .box_w = 8, .box_h = 14, .ofs_x = 1, .ofs_y = 0},
    {.bitmap_index = 24087, .adv_w = 67, .box_w = 5, .box_h = 14, .ofs_x = 0, .ofs_y = 0},
    {.bitmap_index = 24122, .adv_w = 168, .box_w = 10, .box_h = 13, .ofs_x = 0, .ofs_y = 0},
    {.bitmap_index = 24187, .adv_w = 143, .box_w = 8, .box_h = 12, .ofs_x = 0, .ofs_y = -2},
    {.bitmap_index = 24235, .adv_w = 173, .box_w = 9, .box_h = 14, .ofs_x = 1, .ofs_y = 0},
    {.bitmap_index = 24298, .adv_w = 133, .box_w = 7, .box_h = 14, .ofs_x = 1, .ofs_y = 0},
    {.bitmap_index = 24347, .adv_w = 173, .box_w = 9, .box_h = 14, .ofs_x = 1, .ofs_y = -3},
    {.bitmap_index = 24410, .adv_w = 133, .box_w = 7, .box_h = 14, .ofs_x = 1, .ofs_y = -3},
    {.bitmap_index = 24459, .adv_w = 173, .box_w = 9, .box_h = 14, .ofs_x = 1, .ofs_y = 0},
    {.bitmap_index = 24522, .adv_w = 133, .box_w = 7, .box_h = 14, .ofs_x = 1, .ofs_y = 0},
    {.bitmap_index = 24571, .adv_w = 173, .box_w = 10, .box_h = 14, .ofs_x = 0, .ofs_y = -3},
    {.bitmap_index = 24641, .adv_w = 133, .box_w = 8, .box_h = 14, .ofs_x = 0, .ofs_y = -3},
    {.bitmap_index = 24697, .adv_w = 173, .box_w = 9, .box_h = 14, .ofs_x = 1, .ofs_y = -3},
    {.bitmap_index = 24760, .adv_w = 133, .box_w = 7, .box_h = 14, .ofs_x = 1, .ofs_y = -3},
    {.bitmap_index = 24809, .adv_w = 67, .box_w = 6, .box_h = 14, .ofs_x = -1, .ofs_y = -3},
    {.bitmap_index = 24851, .adv_w = 53, .box_w = 6, .box_h = 14, .ofs_x = -1, .ofs_y = -3},
    {.bitmap_index = 24893, .adv_w = 67, .box_w = 5, .box_h = 17, .ofs_x = 0, .ofs_y = 0},
    {.bitmap_index = 24936, .adv_w = 67, .box_w = 5, .box_h = 14, .ofs_x = 0, .ofs_y = 0},
    {.bitmap_index = 24971, .adv_w = 160, .box_w = 9, .box_h = 14, .ofs_x = 1, .ofs_y = 0},
    {.bitmap_index = 25034, .adv_w = 120, .box_w = 8, .box_h = 14, .ofs_x = 0, .ofs_y = 0},
    {.bitmap_index = 25090, .adv_w = 160, .box_w = 9, .box_h = 14, .ofs_x = 1, .ofs_y = -3},
    {.bitmap_index = 25153, .adv_w = 120, .box_w = 8, .box_h = 14, .ofs_x = 0, .ofs_y = -3},
    {.bitmap_index = 25209, .adv_w = 160, .box_w = 9, .box_h = 14, .ofs_x = 1, .ofs_y = -3},
    {.bitmap_index = 25272, .adv_w = 120, .box_w = 8, .box_h = 14, .ofs_x = 0, .ofs_y = -3},
    {.bitmap_index = 25328, .adv_w = 133, .box_w = 7, .box_h = 14, .ofs_x = 1, .ofs_y = -3},
    {.bitmap_index = 25377, .adv_w = 53, .box_w = 2, .box_h = 14, .ofs_x = 1, .ofs_y = -3},
    {.bitmap_index = 25391, .adv_w = 133, .box_w = 7, .box_h = 16, .ofs_x = 1, .ofs_y = -3},
    {.bitmap_index = 25447, .adv_w = 53, .box_w = 5, .box_h = 16, .ofs_x = -1, .ofs_y = -3},
    {.bitmap_index = 25487, .adv_w = 133, .box_w = 7, .box_h = 14, .ofs_x = 1, .ofs_y = -3},
    {.bitmap_index = 25536, .adv_w = 53, .box_w = 5, .box_h = 14, .ofs_x = -1, .ofs_y = -3},
    {.bitmap_index = 25571, .adv_w = 133, .box_w = 7, .box_h = 14, .ofs_x = 1, .ofs_y = -3},
    {.bitmap_index = 25620, .adv_w = 53, .box_w = 6, .box_h = 14, .ofs_x = -1, .ofs_y = -3},
    {.bitmap_index = 25662, .adv_w = 200, .box_w = 11, .box_h = 14, .ofs_x = 1, .ofs_y = 0},
    {.bitmap_index = 25739, .adv_w = 200, .box_w = 12, .box_h = 11, .ofs_x = 0, .ofs_y = 0},
    {.bitmap_index = 25805, .adv_w = 200, .box_w = 11, .box_h = 14, .ofs_x = 1, .ofs_y = 0},
    {.bitmap_index = 25882, .adv_w = 200, .box_w = 12, .box_h = 11, .ofs_x = 0, .ofs_y = 0},
    {.bitmap_index = 25948, .adv_w = 200, .box_w = 11, .box_h = 14, .ofs_x = 1, .ofs_y = -3},
    {.bitmap_index = 26025, .adv_w = 200, .box_w = 12, .box_h = 11, .ofs_x = 0, .ofs_y = -3},
    {.bitmap_index = 26091, .adv_w = 173, .box_w = 9, .box_h = 14, .ofs_x = 1, .ofs_y = 0},
    {.bitmap_index = 26154, .adv_w = 133, .box_w = 7, .box_h = 11, .ofs_x = 1, .ofs_y = 0},
    {.bitmap_index = 26193, .adv_w = 173, .box_w = 9, .box_h = 14, .ofs_x = 1, .ofs_y = -3},
    {.bitmap_index = 26256, .adv_w = 133, .box_w = 7, .box_h = 11, .ofs_x = 1, .ofs_y = -3},
    {.bitmap_index = 26295, .adv_w = 173, .box_w = 9, .box_h = 14, .ofs_x = 1, .ofs_y = -3},
    {.bitmap_index = 26358, .adv_w = 133, .box_w = 7, .box_h = 11, .ofs_x = 1, .ofs_y = -3},
    {.bitmap_index = 26397, .adv_w = 173, .box_w = 9, .box_h = 14, .ofs_x = 1, .ofs_y = -3},
    {.bitmap_index = 26460, .adv_w = 133, .box_w = 7, .box_h = 11, .ofs_x = 1, .ofs_y = -3},
    {.bitmap_index = 26499, .adv_w = 187, .box_w = 11, .box_h = 17, .ofs_x = 0, .ofs_y = 0},
    {.bitmap_index = 26593, .adv_w = 133, .box_w = 8, .box_h = 14, .ofs_x = 0, .ofs_y = 0},
    {.bitmap_index = 26649, .adv_w = 187, .box_w = 11, .box_h = 16, .ofs_x = 0, .ofs_y = 0},
    {.bitmap_index = 26737, .adv_w = 133, .box_w = 8, .box_h = 13, .ofs_x = 0, .ofs_y = 0},
    {.bitmap_index = 26789, .adv_w = 187, .box_w = 11, .box_h = 16, .ofs_x = 0, .ofs_y = 0},
    {.bitmap_index = 26877, .adv_w = 133, .box_w = 8, .box_h = 14, .ofs_x = 0, .ofs_y = 0},
    {.bitmap_index = 26933, .adv_w = 187, .box_w = 11, .box_h = 16, .ofs_x = 0, .ofs_y = 0},
    {.bitmap_index = 27021, .adv_w = 133, .box_w = 8, .box_h = 14, .ofs_x = 0, .ofs_y = 0},
    {.bitmap_index = 27077, .adv_w = 160, .box_w = 9, .box_h = 14, .ofs_x = 1, .ofs_y = 0},
    {.bitmap_index = 27140, .adv_w = 133, .box_w = 7, .box_h = 14, .ofs_x = 1, .ofs_y = -3},
    {.bitmap_index = 27189, .adv_w = 160, .box_w = 9, .box_h = 14, .ofs_x = 1, .ofs_y = 0},
    {.bitmap_index = 27252, .adv_w = 133, .box_w = 7, .box_h = 14, .ofs_x = 1, .ofs_y = -3},
    {.bitmap_index = 27301, .adv_w = 173, .box_w = 10, .box_h = 14, .ofs_x = 1, .ofs_y = 0},
    {.bitmap_index = 27371, .adv_w = 80, .box_w = 6, .box_h = 11, .ofs_x = 0, .ofs_y = 0},
    {.bitmap_index = 27404, .adv_w = 173, .box_w = 10, .box_h = 14, .ofs_x = 1, .ofs_y = -3},
    {.bitmap_index = 27474, .adv_w = 80, .box_w = 6, .box_h = 11, .ofs_x = 0, .ofs_y = -3},
    {.bitmap_index = 27507, .adv_w = 173, .box_w = 10, .box_h = 16, .ofs_x = 1, .ofs_y = -3},
    {.bitmap_index = 27587, .adv_w = 80, .box_w = 6, .box_h = 14, .ofs_x = 0, .ofs_y = -3},
    {.bitmap_index = 27629, .adv_w = 173, .box_w = 10, .box_h = 14, .ofs_x = 1, .ofs_y = -3},
    {.bitmap_index = 27699, .adv_w = 80, .box_w = 6, .box_h = 11, .ofs_x = 0, .ofs_y = -3},
    {.bitmap_index = 27732, .adv_w = 160, .box_w = 10, .box_h = 14, .ofs_x = 0, .ofs_y = 0},
    {.bitmap_index = 27802, .adv_w = 120, .box_w = 7, .box_h = 11, .ofs_x = 0, .ofs_y = 0},
    {.bitmap_index = 27841, .adv_w = 160, .box_w = 10, .box_h = 14, .ofs_x = 0, .ofs_y = -3},
    {.bitmap_index = 27911, .adv_w = 120, .box_w = 7, .box_h = 11, .ofs_x = 0, .ofs_y = -3},
    {.bitmap_index = 27950, .adv_w = 160, .box_w = 10, .box_h = 15, .ofs_x = 0, .ofs_y = 0},
    {.bitmap_index = 28025, .adv_w = 120, .box_w = 7, .box_h = 12, .ofs_x = 0, .ofs_y = 0},
    {.bitmap_index = 28067, .adv_w = 160, .box_w = 10, .box_h = 16, .ofs_x = 0, .ofs_y = 0},
    {.bitmap_index = 28147, .adv_w = 120, .box_w = 7, .box_h = 14, .ofs_x = 0, .ofs_y = 0},
    {.bitmap_index = 28196, .adv_w = 160, .box_w = 10, .box_h = 17, .ofs_x = 0, .ofs_y = -3},
    {.bitmap_index = 28281, .adv_w = 120, .box_w = 7, .box_h = 14, .ofs_x = 0, .ofs_y = -3},
    {.bitmap_index = 28330, .adv_w = 147, .box_w = 9, .box_h = 14, .ofs_x = 0, .ofs_y = 0},
    {.bitmap_index = 28393, .adv_w = 67, .box_w = 5, .box_h = 14, .ofs_x = 0, .ofs_y = 0},
    {.bitmap_index = 28428, .adv_w = 147, .box_w = 9, .box_h = 14, .ofs_x = 0, .ofs_y = -3},
    {.bitmap_index = 28491, .adv_w = 67, .box_w = 5, .box_h = 14, .ofs_x = 0, .ofs_y = -3},
    {.bitmap_index = 28526, .adv_w = 147, .box_w = 9, .box_h = 14, .ofs_x = 0, .ofs_y = -3},
    {.bitmap_index = 28589, .adv_w = 67, .box_w = 6, .box_h = 14, .ofs_x = -1, .ofs_y = -3},
    {.bitmap_index = 28631, .adv_w = 147, .box_w = 9, .box_h = 14, .ofs_x = 0, .ofs_y = -3},
    {.bitmap_index = 28694, .adv_w = 67, .box_w = 5, .box_h = 14, .ofs_x = 0, .ofs_y = -3},
    {.bitmap_index = 28729, .adv_w = 173, .box_w = 9, .box_h = 14, .ofs_x = 1, .ofs_y = -3},
    {.bitmap_index = 28792, .adv_w = 133, .box_w = 8, .box_h = 11, .ofs_x = 0, .ofs_y = -3},
    {.bitmap_index = 28836, .adv_w = 173, .box_w = 9, .box_h = 14, .ofs_x = 1, .ofs_y = -3},
    {.bitmap_index = 28899, .adv_w = 133, .box_w = 8, .box_h = 11, .ofs_x = 0, .ofs_y = -3},
    {.bitmap_index = 28943, .adv_w = 173, .box_w = 9, .box_h = 14, .ofs_x = 1, .ofs_y = -3},
    {.bitmap_index = 29006, .adv_w = 133, .box_w = 8, .box_h = 11, .ofs_x = 0, .ofs_y = -3},
    {.bitmap_index = 29050, .adv_w = 173, .box_w = 9, .box_h = 17, .ofs_x = 1, .ofs_y = 0},
    {.bitmap_index = 29127, .adv_w = 133, .box_w = 8, .box_h = 14, .ofs_x = 0, .ofs_y = 0},
    {.bitmap_index = 29183, .adv_w = 173, .box_w = 9, .box_h = 16, .ofs_x = 1, .ofs_y = 0},
    {.bitmap_index = 29255, .adv_w = 133, .box_w = 8, .box_h = 13, .ofs_x = 0, .ofs_y = 0},
    {.bitmap_index = 29307, .adv_w = 160, .box_w = 10, .box_h = 13, .ofs_x = 0, .ofs_y = 0},
    {.bitmap_index = 29372, .adv_w = 120, .box_w = 8, .box_h = 11, .ofs_x = 0, .ofs_y = 0},
    {.bitmap_index = 29416, .adv_w = 160, .box_w = 10, .box_h = 14, .ofs_x = 0, .ofs_y = -3},
    {.bitmap_index = 29486, .adv_w = 120, .box_w = 8, .box_h = 11, .ofs_x = 0, .ofs_y = -3},
    {.bitmap_index = 29530, .adv_w = 227, .box_w = 14, .box_h = 13, .ofs_x = 0, .ofs_y = 0},
    {.bitmap_index = 29621, .adv_w = 197, .box_w = 12, .box_h = 10, .ofs_x = 0, .ofs_y = 0},
    {.bitmap_index = 29681, .adv_w = 227, .box_w = 14, .box_h = 13, .ofs_x = 0, .ofs_y = 0},
    {.bitmap_index = 29772, .adv_w = 197, .box_w = 12, .box_h = 10, .ofs_x = 0, .ofs_y = 0},
    {.bitmap_index = 29832, .adv_w = 227, .box_w = 14, .box_h = 14, .ofs_x = 0, .ofs_y = 0},
    {.bitmap_index = 29930, .adv_w = 197, .box_w = 12, .box_h = 10, .ofs_x = 0, .ofs_y = 0},
    {.bitmap_index = 29990, .adv_w = 227, .box_w = 14, .box_h = 14, .ofs_x = 0, .ofs_y = 0},
    {.bitmap_index = 30088, .adv_w = 173, .box_w = 11, .box_h = 11, .ofs_x = 0, .ofs_y = 0},
    {.bitmap_index = 30149, .adv_w = 227, .box_w = 14, .box_h = 14, .ofs_x = 0, .ofs_y = -3},
    {.bitmap_index = 30247, .adv_w = 173, .box_w = 11, .box_h = 11, .ofs_x = 0, .ofs_y = -3},
    {.bitmap_index = 30308, .adv_w = 160, .box_w = 10, .box_h = 14, .ofs_x = 0, .ofs_y = 0},
    {.bitmap_index = 30378, .adv_w = 120, .box_w = 8, .box_h = 11, .ofs_x = 0, .ofs_y = 0},
    {.bitmap_index = 30422, .adv_w = 160, .box_w = 10, .box_h = 14, .ofs_x = 0, .ofs_y = 0},
    {.bitmap_index = 30492, .adv_w = 120, .box_w = 8, .box_h = 11, .ofs_x = 0, .ofs_y = 0},
    {.bitmap_index = 30536, .adv_w = 160, .box_w = 10, .box_h = 14, .ofs_x = 0, .ofs_y = 0},
    {.bitmap_index = 30606, .adv_w = 120, .box_w = 8, .box_h = 14, .ofs_x = 0, .ofs_y = -3},
    {.bitmap_index = 30662, .adv_w = 147, .box_w = 9, .box_h = 14, .ofs_x = 0, .ofs_y = 0},
    {.bitmap_index = 30725, .adv_w = 120, .box_w = 8, .box_h = 11, .ofs_x = 0, .ofs_y = 0},
    {.bitmap_index = 30769, .adv_w = 147, .box_w = 9, .box_h = 14, .ofs_x = 0, .ofs_y = -3},
    {.bitmap_index = 30832, .adv_w = 120, .box_w = 8, .box_h = 11, .ofs_x = 0, .ofs_y = -3},
    {.bitmap_index = 30876, .adv_w = 147, .box_w = 9, .box_h = 14, .ofs_x = 0, .ofs_y = -3},
    {.bitmap_index = 30939, .adv_w = 120, .box_w = 8, .box_h = 11, .ofs_x = 0, .ofs_y = -3},
    {.bitmap_index = 30983, .adv_w = 133, .box_w = 7, .box_h = 14, .ofs_x = 1, .ofs_y = -3},
    {.bitmap_index = 31032, .adv_w = 67, .box_w = 5, .box_h = 14, .ofs_x = 0, .ofs_y = 0},
    {.bitmap_index = 31067, .adv_w = 173, .box_w = 11, .box_h = 11, .ofs_x = 0, .ofs_y = 0},
    {.bitmap_index = 31128, .adv_w = 120, .box_w = 8, .box_h = 14, .ofs_x = 0, .ofs_y = -3},
    {.bitmap_index = 31184, .adv_w = 133, .box_w = 9, .box_h = 12, .ofs_x = 0, .ofs_y = 0},
    {.bitmap_index = 31238, .adv_w = 67, .box_w = 5, .box_h = 14, .ofs_x = 0, .ofs_y = 0},
    {.bitmap_index = 31273, .adv_w = 166, .box_w = 9, .box_h = 10, .ofs_x = 1, .ofs_y = 0},
    {.bitmap_index = 31318, .adv_w = 160, .box_w = 10, .box_h = 12, .ofs_x = 0, .ofs_y = -2},
    {.bitmap_index = 31378, .adv_w = 132, .box_w = 8, .box_h = 10, .ofs_x = 0, .ofs_y = -2},
    {.bitmap_index = 31418, .adv_w = 160, .box_w = 10, .box_h = 14, .ofs_x = 0, .ofs_y = 0},
    {.bitmap_index = 31488, .adv_w = 132, .box_w = 8, .box_h = 11, .ofs_x = 0, .ofs_y = 0},
    {.bitmap_index = 31532, .adv_w = 160, .box_w = 10, .box_h = 15, .ofs_x = 0, .ofs_y = 0},
    {.bitmap_index = 31607, .adv_w = 132, .box_w = 8, .box_h = 12, .ofs_x = 0, .ofs_y = 0},
    {.bitmap_index = 31655, .adv_w = 160, .box_w = 10, .box_h = 15, .ofs_x = 0, .ofs_y = 0},
    {.bitmap_index = 31730, .adv_w = 132, .box_w = 8, .box_h = 12, .ofs_x = 0, .ofs_y = 0},
    {.bitmap_index = 31778, .adv_w = 160, .box_w = 10, .box_h = 15, .ofs_x = 0, .ofs_y = 0},
    {.bitmap_index = 31853, .adv_w = 132, .box_w = 8, .box_h = 13, .ofs_x = 0, .ofs_y = 0},
    {.bitmap_index = 31905, .adv_w = 160, .box_w = 10, .box_h = 15, .ofs_x = 0, .ofs_y = 0},
    {.bitmap_index = 31980, .adv_w = 132, .box_w = 8, .box_h = 13, .ofs_x = 0, .ofs_y = 0},
    {.bitmap_index = 32032, .adv_w = 160, .box_w = 10, .box_h = 16, .ofs_x = 0, .ofs_y = -2},
    {.bitmap_index = 32112, .adv_w = 132, .box_w = 8, .box_h = 12, .ofs_x = 0, .ofs_y = -2},
    {.bitmap_index = 32160, .adv_w = 160, .box_w = 10, .box_h = 15, .ofs_x = 0, .ofs_y = 0},
    {.bitmap_index = 32235, .adv_w = 132, .box_w = 8, .box_h = 13, .ofs_x = 0, .ofs_y = 0},
    {.bitmap_index = 32287, .adv_w = 160, .box_w = 10, .box_h = 15, .ofs_x = 0, .ofs_y = 0},
    {.bitmap_index = 32362, .adv_w = 132, .box_w = 8, .box_h = 13, .ofs_x = 0, .ofs_y = 0},
    {.bitmap_index = 32414, .adv_w = 160, .box_w = 10, .box_h = 16, .ofs_x = 0, .ofs_y = 0},
    {.bitmap_index = 32494, .adv_w = 132, .box_w = 8, .box_h = 13, .ofs_x = 0, .ofs_y = 0},
    {.bitmap_index = 32546, .adv_w = 160, .box_w = 10, .box_h = 16, .ofs_x = 0, .ofs_y = 0},
    {.bitmap_index = 32626, .adv_w = 132, .box_w = 8, .box_h = 13, .ofs_x = 0, .ofs_y = 0},
    {.bitmap_index = 32678, .adv_w = 160, .box_w = 10, .box_h = 16, .ofs_x = 0, .ofs_y = -2},
    {.bitmap_index = 32758, .adv_w = 132, .box_w = 8, .box_h = 12, .ofs_x = 0, .ofs_y = -2},
    {.bitmap_index = 32806, .adv_w = 145, .box_w = 8, .box_h = 12, .ofs_x = 1, .ofs_y = -2},
    {.bitmap_index = 32854, .adv_w = 135, .box_w = 8, .box_h = 10, .ofs_x = 0, .ofs_y = -2},
    {.bitmap_index = 32894, .adv_w = 145, .box_w = 8, .box_h = 14, .ofs_x = 1, .ofs_y = 0},
    {.bitmap_index = 32950, .adv_w = 135, .box_w = 8, .box_h = 11, .ofs_x = 0, .ofs_y = 0},
    {.bitmap_index = 32994, .adv_w = 145, .box_w = 8, .box_h = 13, .ofs_x = 1, .ofs_y = 0},
    {.bitmap_index = 33046, .adv_w = 135, .box_w = 8, .box_h = 10, .ofs_x = 0, .ofs_y = 0},
    {.bitmap_index = 33086, .adv_w = 145, .box_w = 8, .box_h = 15, .ofs_x = 1, .ofs_y = 0},
    {.bitmap_index = 33146, .adv_w = 135, .box_w = 8, .box_h = 12, .ofs_x = 0, .ofs_y = 0},
    {.bitmap_index = 33194, .adv_w = 145, .box_w = 8, .box_h = 15, .ofs_x = 1, .ofs_y = 0},
    {.bitmap_index = 33254, .adv_w = 135, .box_w = 8, .box_h = 12, .ofs_x = 0, .ofs_y = 0},
    {.bitmap_index = 33302, .adv_w = 145, .box_w = 8, .box_h = 15, .ofs_x = 1, .ofs_y = 0},
    {.bitmap_index = 33362, .adv_w = 135, .box_w = 8, .box_h = 13, .ofs_x = 0, .ofs_y = 0},
    {.bitmap_index = 33414, .adv_w = 145, .box_w = 8, .box_h = 15, .ofs_x = 1, .ofs_y = 0},
    {.bitmap_index = 33474, .adv_w = 135, .box_w = 8, .box_h = 13, .ofs_x = 0, .ofs_y = 0},
    {.bitmap_index = 33526, .adv_w = 145, .box_w = 8, .box_h = 16, .ofs_x = 1, .ofs_y = -2},
    {.bitmap_index = 33590, .adv_w = 135, .box_w = 8, .box_h = 12, .ofs_x = 0, .ofs_y = -2},
    {.bitmap_index = 33638, .adv_w = 65, .box_w = 4, .box_h = 14, .ofs_x = 0, .ofs_y = 0},
    {.bitmap_index = 33666, .adv_w = 59, .box_w = 4, .box_h = 11, .ofs_x = 0, .ofs_y = 0},
    {.bitmap_index = 33688, .adv_w = 65, .box_w = 2, .box_h = 12, .ofs_x = 1, .ofs_y = -2},
    {.bitmap_index = 33700, .adv_w = 59, .box_w = 2, .box_h = 12, .ofs_x = 1, .ofs_y = -2},
    {.bitmap_index = 33712, .adv_w = 177, .box_w = 11, .box_h = 12, .ofs_x = 0, .ofs_y = -2},
    {.bitmap_index = 33778, .adv_w = 138, .box_w = 8, .box_h = 10, .ofs_x = 0, .ofs_y = -2},
    {.bitmap_index = 33818, .adv_w = 177, .box_w = 11, .box_h = 14, .ofs_x = 0, .ofs_y = 0},
    {.bitmap_index = 33895, .adv_w = 138, .box_w = 8, .box_h = 11, .ofs_x = 0, .ofs_y = 0},
    {.bitmap_index = 33939, .adv_w = 177, .box_w = 11, .box_h = 15, .ofs_x = 0, .ofs_y = 0},
    {.bitmap_index = 34022, .adv_w = 138, .box_w = 8, .box_h = 12, .ofs_x = 0, .ofs_y = 0},
    {.bitmap_index = 34070, .adv_w = 177, .box_w = 11, .box_h = 15, .ofs_x = 0, .ofs_y = 0},
    {.bitmap_index = 34153, .adv_w = 138, .box_w = 8, .box_h = 12, .ofs_x = 0, .ofs_y = 0},
    {.bitmap_index = 34201, .adv_w = 177, .box_w = 11, .box_h = 15, .ofs_x = 0, .ofs_y = 0},
    {.bitmap_index = 34284, .adv_w = 138, .box_w = 8, .box_h = 13, .ofs_x = 0, .ofs_y = 0},
    {.bitmap_index = 34336, .adv_w = 177, .box_w = 11, .box_h = 16, .ofs_x = 0, .ofs_y = 0},
    {.bitmap_index = 34424, .adv_w = 138, .box_w = 8, .box_h = 13, .ofs_x = 0, .ofs_y = 0},
    {.bitmap_index = 34476, .adv_w = 177, .box_w = 11, .box_h = 16, .ofs_x = 0, .ofs_y = -2},
    {.bitmap_index = 34564, .adv_w = 138, .box_w = 8, .box_h = 12, .ofs_x = 0, .ofs_y = -2},
    {.bitmap_index = 34612, .adv_w = 177, .box_w = 11, .box_h = 14, .ofs_x = 0, .ofs_y = 0},
    {.bitmap_index = 34689, .adv_w = 138, .box_w = 8, .box_h = 10, .ofs_x = 0, .ofs_y = 0},
    {.bitmap_index = 34729, .adv_w = 177, .box_w = 11, .box_h = 14, .ofs_x = 0, .ofs_y = 0},
    {.bitmap_index = 34806, .adv_w = 138, .box_w = 8, .box_h = 10, .ofs_x = 0, .ofs_y = 0},
    {.bitmap_index = 34846, .adv_w = 177, .box_w = 11, .box_h = 14, .ofs_x = 0, .ofs_y = 0},
    {.bitmap_index = 34923, .adv_w = 138, .box_w = 8, .box_h = 11, .ofs_x = 0, .ofs_y = 0},
    {.bitmap_index = 34967, .adv_w = 177, .box_w = 11, .box_h = 14, .ofs_x = 0, .ofs_y = 0},
    {.bitmap_index = 35044, .adv_w = 138, .box_w = 8, .box_h = 10, .ofs_x = 0, .ofs_y = 0},
    {.bitmap_index = 35084, .adv_w = 177, .box_w = 11, .box_h = 15, .ofs_x = 0, .ofs_y = -2},
    {.bitmap_index = 35167, .adv_w = 138, .box_w = 8, .box_h = 12, .ofs_x = 0, .ofs_y = -2},
    {.bitmap_index = 35215, .adv_w = 165, .box_w = 9, .box_h = 12, .ofs_x = 1, .ofs_y = -2},
    {.bitmap_index = 35269, .adv_w = 138, .box_w = 7, .box_h = 10, .ofs_x = 1, .ofs_y = -2},
    {.bitmap_index = 35304, .adv_w = 165, .box_w = 9, .box_h = 14, .ofs_x = 1, .ofs_y = 0},
    {.bitmap_index = 35367, .adv_w = 138, .box_w = 7, .box_h = 11, .ofs_x = 1, .ofs_y = 0},
    {.bitmap_index = 35406, .adv_w = 165, .box_w = 10, .box_h = 14, .ofs_x = 1, .ofs_y = 0},
    {.bitmap_index = 35476, .adv_w = 139, .box_w = 8, .box_h = 10, .ofs_x = 1, .ofs_y = 0},
    {.bitmap_index = 35516, .adv_w = 165, .box_w = 10, .box_h = 14, .ofs_x = 1, .ofs_y = 0},
    {.bitmap_index = 35586, .adv_w = 139, .box_w = 8, .box_h = 10, .ofs_x = 1, .ofs_y = 0},
    {.bitmap_index = 35626, .adv_w = 165, .box_w = 10, .box_h = 14, .ofs_x = 1, .ofs_y = 0},
    {.bitmap_index = 35696, .adv_w = 139, .box_w = 8, .box_h = 11, .ofs_x = 1, .ofs_y = 0},
    {.bitmap_index = 35740, .adv_w = 165, .box_w = 10, .box_h = 14, .ofs_x = 1, .ofs_y = 0},
    {.bitmap_index = 35810, .adv_w = 139, .box_w = 8, .box_h = 10, .ofs_x = 1, .ofs_y = 0},
    {.bitmap_index = 35850, .adv_w = 165, .box_w = 10, .box_h = 15, .ofs_x = 1, .ofs_y = -2},
    {.bitmap_index = 35925, .adv_w = 139, .box_w = 8, .box_h = 12, .ofs_x = 1, .ofs_y = -2},
    {.bitmap_index = 35973, .adv_w = 138, .box_w = 10, .box_h = 13, .ofs_x = -1, .ofs_y = 0},
    {.bitmap_index = 36038, .adv_w = 129, .box_w = 8, .box_h = 12, .ofs_x = 0, .ofs_y = -2},
    {.bitmap_index = 36086, .adv_w = 138, .box_w = 10, .box_h = 12, .ofs_x = -1, .ofs_y = -2},
    {.bitmap_index = 36146, .adv_w = 129, .box_w = 8, .box_h = 10, .ofs_x = 0, .ofs_y = -2},
    {.bitmap_index = 36186, .adv_w = 138, .box_w = 10, .box_h = 14, .ofs_x = -1, .ofs_y = 0},
    {.bitmap_index = 36256, .adv_w = 129, .box_w = 8, .box_h = 13, .ofs_x = 0, .ofs_y = -2},
    {.bitmap_index = 36308, .adv_w = 138, .box_w = 10, .box_h = 13, .ofs_x = -1, .ofs_y = 0},
    {.bitmap_index = 36373, .adv_w = 129, .box_w = 8, .box_h = 12, .ofs_x = 0, .ofs_y = -2},
    {.bitmap_index = 36421, .adv_w = 142, .box_w = 9, .box_h = 2, .ofs_x = 0, .ofs_y = 3},
    {.bitmap_index = 36430, .adv_w = 218, .box_w = 13, .box_h = 2, .ofs_x = 0, .ofs_y = 3},
    {.bitmap_index = 36443, .adv_w = 135, .box_w = 9, .box_h = 2, .ofs_x = 0, .ofs_y = 3},
    {.bitmap_index = 36452, .adv_w = 103, .box_w = 5, .box_h = 12, .ofs_x = 1, .ofs_y = -1},
    {.bitmap_index = 36482, .adv_w = 120, .box_w = 9, .box_h = 2, .ofs_x = -1, .ofs_y = -3},
    {.bitmap_index = 36491, .adv_w = 49, .box_w = 3, .box_h = 4, .ofs_x = 0, .ofs_y = 6},
    {.bitmap_index = 36497, .adv_w = 49, .box_w = 3, .box_h = 5, .ofs_x = 0, .ofs_y = 5},
    {.bitmap_index = 36505, .adv_w = 48, .box_w = 3, .box_h = 4, .ofs_x = 0, .ofs_y = -2},
    {.bitmap_index = 36511, .adv_w = 53, .box_w = 3, .box_h = 4, .ofs_x = 0, .ofs_y = 7},
    {.bitmap_index = 36517, .adv_w = 88, .box_w = 5, .box_h = 4, .ofs_x = 0, .ofs_y = 6},
    {.bitmap_index = 36527, .adv_w = 88, .box_w = 5, .box_h = 5, .ofs_x = 0, .ofs_y = 5},
    {.bitmap_index = 36540, .adv_w = 88, .box_w = 5, .box_h = 4, .ofs_x = 0, .ofs_y = -2},
    {.bitmap_index = 36550, .adv_w = 80, .box_w = 5, .box_h = 4, .ofs_x = 0, .ofs_y = 7},
    {.bitmap_index = 36560, .adv_w = 140, .box_w = 7, .box_h = 10, .ofs_x = 1, .ofs_y = 0},
    {.bitmap_index = 36595, .adv_w = 140, .box_w = 7, .box_h = 10, .ofs_x = 1, .ofs_y = 0},
    {.bitmap_index = 36630, .adv_w = 75, .box_w = 5, .box_h = 4, .ofs_x = 0, .ofs_y = 3},
    {.bitmap_index = 36640, .adv_w = 84, .box_w = 5, .box_h = 6, .ofs_x = 0, .ofs_y = 2},
    {.bitmap_index = 36655, .adv_w = 67, .box_w = 2, .box_h = 2, .ofs_x = 1, .ofs_y = 0},
    {.bitmap_index = 36657, .adv_w = 133, .box_w = 6, .box_h = 2, .ofs_x = 1, .ofs_y = 0},
    {.bitmap_index = 36663, .adv_w = 137, .box_w = 8, .box_h = 2, .ofs_x = 0, .ofs_y = 0},
    {.bitmap_index = 36671, .adv_w = 79, .box_w = 5, .box_h = 6, .ofs_x = 0, .ofs_y = 1},
    {.bitmap_index = 36686, .adv_w = 181, .box_w = 11, .box_h = 12, .ofs_x = 0, .ofs_y = -1},
    {.bitmap_index = 36752, .adv_w = 137, .box_w = 9, .box_h = 11, .ofs_x = 0, .ofs_y = -1}
};

/*---------------------
 *  CHARACTER MAPPING
 *--------------------*/

static const uint16_t unicode_list_9[] = {
    0x0, 0x6d9, 0x6dd
};

/*Collect the unicode lists and glyph_id offsets*/
static const lv_font_fmt_txt_cmap_t cmaps[] =
{
    {
        .range_start = 32, .range_length = 95, .glyph_id_start = 1,
        .unicode_list = NULL, .glyph_id_ofs_list = NULL, .list_length = 0, .type = LV_FONT_FMT_TXT_CMAP_FORMAT0_TINY
    },
    {
        .range_start = 160, .range_length = 86, .glyph_id_start = 96,
        .unicode_list = NULL, .glyph_id_ofs_list = NULL, .list_length = 0, .type = LV_FONT_FMT_TXT_CMAP_FORMAT0_TINY
    },
    {
        .range_start = 246, .range_length = 256, .glyph_id_start = 182,
        .unicode_list = NULL, .glyph_id_ofs_list = NULL, .list_length = 0, .type = LV_FONT_FMT_TXT_CMAP_FORMAT0_TINY
    },
    {
        .range_start = 506, .range_length = 34, .glyph_id_start = 438,
        .unicode_list = NULL, .glyph_id_ofs_list = NULL, .list_length = 0, .type = LV_FONT_FMT_TXT_CMAP_FORMAT0_TINY
    },
    {
        .range_start = 567, .range_length = 1, .glyph_id_start = 472,
        .unicode_list = NULL, .glyph_id_ofs_list = NULL, .list_length = 0, .type = LV_FONT_FMT_TXT_CMAP_FORMAT0_TINY
    },
    {
        .range_start = 7680, .range_length = 156, .glyph_id_start = 473,
        .unicode_list = NULL, .glyph_id_ofs_list = NULL, .list_length = 0, .type = LV_FONT_FMT_TXT_CMAP_FORMAT0_TINY
    },
    {
        .range_start = 7838, .range_length = 1, .glyph_id_start = 629,
        .unicode_list = NULL, .glyph_id_ofs_list = NULL, .list_length = 0, .type = LV_FONT_FMT_TXT_CMAP_FORMAT0_TINY
    },
    {
        .range_start = 7840, .range_length = 90, .glyph_id_start = 630,
        .unicode_list = NULL, .glyph_id_ofs_list = NULL, .list_length = 0, .type = LV_FONT_FMT_TXT_CMAP_FORMAT0_TINY
    },
    {
        .range_start = 8211, .range_length = 20, .glyph_id_start = 720,
        .unicode_list = NULL, .glyph_id_ofs_list = NULL, .list_length = 0, .type = LV_FONT_FMT_TXT_CMAP_FORMAT0_TINY
    },
    {
        .range_start = 8250, .range_length = 1758, .glyph_id_start = 740,
        .unicode_list = unicode_list_9, .glyph_id_ofs_list = NULL, .list_length = 3, .type = LV_FONT_FMT_TXT_CMAP_SPARSE_TINY
    }
};

/*-----------------
 *    KERNING
 *----------------*/


/*Map glyph_ids to kern left classes*/
static const uint8_t kern_left_class_mapping[] =
{
    0, 0, 0, 1, 0, 0, 0, 2,
    1, 3, 0, 4, 5, 6, 7, 6,
    8, 9, 10, 11, 12, 13, 14, 15,
    16, 17, 9, 18, 18, 5, 5, 5,
    0, 0, 19, 20, 21, 22, 23, 24,
    25, 26, 26, 27, 28, 29, 26, 26,
    22, 30, 22, 31, 22, 32, 27, 33,
    33, 28, 34, 35, 36, 37, 0, 5,
    0, 0, 38, 39, 39, 26, 39, 40,
    41, 42, 26, 26, 43, 38, 42, 42,
    39, 39, 41, 44, 39, 45, 41, 46,
    46, 43, 46, 47, 48, 0, 0, 5,
    0, 49, 50, 0, 0, 10, 0, 0,
    0, 51, 52, 53, 5, 0, 0, 0,
    0, 5, 0, 0, 0, 0, 0, 0,
    0, 0, 52, 54, 0, 0, 0, 55,
    19, 19, 19, 19, 19, 19, 23, 21,
    23, 23, 23, 23, 26, 26, 26, 26,
    50, 26, 22, 22, 22, 22, 22, 5,
    22, 27, 27, 27, 27, 34, 22, 0,
    38, 38, 38, 38, 38, 38, 39, 39,
    39, 39, 39, 39, 26, 26, 26, 26,
    39, 42, 39, 39, 39, 39, 39, 5,
    39, 41, 41, 41, 41, 46, 39, 46,
    19, 38, 19, 38, 19, 38, 21, 39,
    21, 39, 21, 39, 21, 39, 50, 56,
    22, 0, 23, 39, 0, 0, 23, 39,
    23, 39, 23, 39, 25, 41, 25, 41,
    25, 41, 25, 41, 26, 42, 26, 42,
    26, 26, 26, 26, 0, 0, 26, 26,
    26, 26, 27, 26, 27, 26, 28, 43,
    0, 29, 38, 29, 38, 57, 56, 0,
    0, 29, 38, 26, 42, 26, 42, 26,
    42, 0, 26, 42, 22, 39, 0, 0,
    22, 39, 23, 39, 31, 44, 31, 44,
    31, 44, 22, 39, 22, 39, 22, 39,
    22, 39, 32, 45, 32, 56, 32, 45,
    27, 41, 27, 41, 27, 41, 27, 41,
    27, 41, 27, 41, 33, 46, 34, 46,
    34, 35, 47, 35, 47, 35, 47, 0,
    0, 0, 0, 0, 0, 0, 0, 0,
    0, 0, 0, 0, 0, 0, 0, 22,
    0, 0, 40, 0, 0, 0, 0, 0,
    0, 0, 0, 0, 0, 0, 0, 0,
    22, 39, 0, 0, 0, 0, 0, 0,
    0, 0, 0, 0, 0, 0, 0, 58,
    41, 0, 0, 0, 0, 0, 0, 0,
    0, 0, 0, 0, 0, 0, 0, 0,
    0, 0, 0, 0, 0, 0, 0, 0,
    0, 0, 0, 0, 0, 19, 38, 0,
    0, 0, 0, 0, 0, 0, 0, 0,
    0, 0, 0, 0, 0, 0, 0, 0,
    0, 0, 0, 0, 25, 41, 25, 41,
    28, 43, 0, 0, 0, 0, 0, 0,
    0, 0, 0, 0, 0, 0, 0, 0,
    0, 0, 0, 0, 0, 0, 0, 0,
    0, 0, 0, 0, 0, 0, 0, 0,
    0, 0, 0, 0, 0, 0, 0, 0,
    0, 0, 0, 0, 22, 39, 32, 45,
    26, 0, 0, 0, 0, 0, 0, 0,
    0, 0, 0, 0, 0, 0, 0, 0,
    0, 0, 0, 0, 0, 0, 0, 0,
    0, 0, 0, 0, 0, 0, 0, 0,
    0, 25, 41, 0, 0, 0, 0, 0,
    0, 0, 0, 0, 0, 0, 0, 0,
    0, 0, 0, 0, 0, 0, 0, 0,
    0, 0, 0, 0, 0, 0, 0, 0,
    0, 0, 0, 0, 0, 0, 0, 0,
    0, 0, 0, 0, 0, 0, 0, 0,
    0, 0, 0, 0, 0, 0, 0, 0,
    0, 0, 0, 0, 0, 0, 0, 0,
    0, 0, 0, 0, 0, 0, 0, 0,
    0, 0, 0, 0, 0, 0, 0, 0,
    0, 0, 0, 0, 0, 0, 0, 0,
    0, 0, 0, 0, 0, 0, 0, 0,
    0, 33, 46, 33, 46, 33, 46, 0,
    0, 0, 0, 0, 0, 0, 0, 0,
    0, 0, 0, 0, 0, 0, 0, 0,
    0, 0, 0, 0, 0, 20, 19, 38,
    19, 38, 19, 38, 19, 38, 19, 38,
    19, 38, 19, 38, 19, 38, 19, 38,
    19, 38, 19, 38, 19, 38, 23, 39,
    23, 39, 23, 39, 23, 39, 23, 39,
    23, 39, 23, 39, 23, 39, 23, 26,
    26, 26, 22, 39, 22, 39, 22, 39,
    22, 39, 22, 39, 22, 39, 22, 39,
    22, 39, 22, 39, 22, 39, 22, 39,
    22, 39, 27, 41, 27, 41, 58, 41,
    58, 41, 58, 41, 58, 41, 58, 41,
    34, 46, 34, 46, 34, 46, 34, 46,
    0, 0, 0, 0, 0, 59, 60, 6,
    0, 59, 60, 6, 0, 0, 0, 0,
    0, 0, 0, 6, 61, 0, 0
};

/*Map glyph_ids to kern right classes*/
static const uint8_t kern_right_class_mapping[] =
{
    0, 0, 1, 2, 0, 0, 3, 4,
    2, 0, 5, 6, 7, 8, 9, 8,
    10, 11, 12, 13, 14, 15, 16, 11,
    17, 18, 19, 20, 20, 7, 7, 7,
    21, 0, 22, 23, 24, 23, 25, 23,
    24, 23, 23, 26, 27, 27, 23, 23,
    24, 23, 24, 23, 24, 28, 29, 30,
    30, 31, 32, 33, 0, 34, 35, 7,
    0, 0, 36, 23, 37, 37, 37, 38,
    37, 23, 23, 39, 23, 40, 41, 41,
    37, 41, 37, 41, 37, 42, 43, 44,
    44, 45, 44, 46, 0, 0, 47, 7,
    0, 0, 0, 0, 0, 48, 0, 0,
    0, 49, 50, 51, 7, 0, 0, 0,
    0, 7, 0, 0, 0, 0, 0, 0,
    0, 0, 50, 52, 0, 0, 0, 53,
    22, 22, 22, 22, 22, 22, 22, 24,
    23, 23, 23, 23, 23, 23, 23, 23,
    24, 23, 24, 24, 24, 24, 24, 7,
    24, 29, 29, 29, 29, 32, 23, 23,
    36, 36, 36, 36, 36, 36, 36, 37,
    37, 37, 37, 37, 23, 23, 23, 23,
    37, 41, 37, 37, 37, 37, 37, 7,
    37, 43, 43, 43, 43, 44, 23, 44,
    22, 36, 22, 36, 22, 36, 24, 37,
    24, 37, 24, 37, 24, 37, 23, 37,
    23, 37, 23, 37, 0, 0, 23, 37,
    23, 37, 23, 37, 24, 37, 24, 37,
    24, 37, 24, 37, 23, 23, 23, 23,
    23, 23, 23, 23, 0, 0, 23, 23,
    23, 23, 23, 23, 26, 39, 27, 23,
    0, 27, 40, 23, 40, 27, 40, 0,
    0, 54, 40, 23, 41, 23, 41, 23,
    41, 0, 23, 41, 24, 37, 0, 0,
    24, 37, 24, 37, 23, 41, 23, 41,
    23, 41, 24, 37, 24, 37, 24, 37,
    24, 37, 28, 55, 28, 55, 28, 55,
    29, 43, 29, 43, 29, 43, 29, 43,
    29, 43, 29, 43, 30, 44, 32, 44,
    32, 33, 46, 33, 46, 33, 46, 0,
    0, 0, 0, 0, 0, 0, 0, 0,
    0, 0, 0, 0, 0, 0, 0, 24,
    0, 0, 38, 0, 0, 0, 0, 0,
    0, 0, 0, 0, 0, 0, 0, 0,
    24, 37, 0, 0, 0, 0, 0, 0,
    0, 0, 0, 0, 0, 0, 0, 29,
    43, 0, 0, 0, 0, 0, 0, 0,
    0, 0, 0, 0, 0, 0, 0, 0,
    0, 0, 0, 0, 0, 0, 0, 0,
    0, 0, 0, 0, 0, 22, 36, 0,
    0, 0, 0, 0, 0, 0, 0, 0,
    0, 0, 0, 0, 0, 0, 0, 0,
    0, 0, 0, 0, 24, 37, 24, 37,
    27, 23, 0, 0, 0, 0, 0, 0,
    0, 0, 0, 0, 0, 0, 0, 0,
    0, 0, 0, 0, 0, 0, 0, 0,
    0, 0, 0, 0, 0, 0, 0, 0,
    0, 0, 0, 0, 0, 0, 0, 0,
    0, 0, 0, 0, 24, 37, 28, 55,
    39, 0, 0, 0, 0, 0, 0, 0,
    0, 0, 0, 0, 0, 0, 0, 0,
    0, 0, 0, 0, 0, 0, 0, 0,
    0, 0, 0, 0, 0, 0, 0, 0,
    0, 24, 37, 0, 0, 0, 0, 0,
    0, 0, 0, 0, 0, 0, 0, 0,
    0, 0, 0, 0, 0, 0, 0, 0,
    0, 0, 0, 0, 0, 0, 0, 0,
    0, 0, 0, 0, 0, 0, 0, 0,
    0, 0, 0, 0, 0, 0, 0, 0,
    0, 0, 0, 0, 0, 0, 0, 0,
    0, 0, 0, 0, 0, 0, 0, 0,
    0, 0, 0, 0, 0, 0, 0, 0,
    0, 0, 0, 0, 0, 0, 0, 0,
    0, 0, 0, 0, 0, 0, 0, 0,
    0, 0, 0, 0, 0, 0, 0, 0,
    0, 30, 44, 30, 44, 30, 44, 0,
    0, 0, 0, 0, 0, 0, 0, 0,
    0, 0, 0, 0, 0, 0, 0, 0,
    0, 0, 0, 0, 0, 23, 22, 36,
    22, 36, 22, 36, 22, 36, 22, 36,
    22, 36, 22, 36, 22, 36, 22, 36,
    22, 36, 22, 36, 22, 36, 23, 37,
    23, 37, 23, 37, 23, 37, 23, 37,
    23, 37, 23, 37, 23, 37, 23, 23,
    23, 23, 24, 37, 24, 37, 24, 37,
    24, 37, 24, 37, 24, 37, 24, 37,
    24, 37, 24, 37, 24, 37, 24, 37,
    24, 37, 29, 43, 29, 43, 29, 43,
    29, 43, 29, 43, 29, 43, 29, 43,
    32, 44, 32, 44, 32, 44, 32, 44,
    0, 0, 0, 0, 0, 56, 57, 8,
    0, 56, 58, 8, 0, 0, 0, 0,
    0, 0, 0, 8, 52, 0, 0
};

/*Kern values between classes*/
static const int8_t kern_class_values[] =
{
    0, 0, 0, 0, 0, 0, 0, 0,
    0, -12, 0, 0, 0, 0, -7, 0,
    2, 0, 0, 0, 0, 0, 0, 0,
    0, 0, 0, 0, 0, 0, 0, 0,
    0, 0, 0, 0, 0, 0, 0, 0,
    0, 0, 0, 0, 0, 0, 0, 0,
    0, 0, 0, 0, -10, 0, 0, 0,
    0, 0, 0, 0, 0, 0, 0, 0,
    0, 0, 0, 0, 0, 0, 0, 0,
    0, 0, -16, 0, 0, 0, 0, 0,
    0, 0, 0, 0, 0, 0, 0, 0,
    0, 0, 0, -12, 0, 0, 0, 0,
    0, 0, 0, 0, 0, 0, 0, 0,
    0, 0, 0, 0, 0, 0, 0, 0,
    0, 0, 0, 0, 0, 0, 0, 0,
    0, 0, 0, 0, 0, 0, 0, 0,
    -2, -1, -10, 0, 0, -2, 0, 0,
    0, 0, 0, 0, 0, 0, 0, 0,
    0, 0, 0, 0, 0, 0, 0, 0,
    0, 0, 0, 0, 0, 0, 0, 0,
    0, 0, 0, 0, -4, 0, 0, 0,
    0, 0, 0, 0, 0, 0, 0, 0,
    0, 0, 0, 0, 0, -10, 0, -17,
    0, 0, 0, 0, 0, 0, 2, 0,
    0, 0, 0, 0, 0, 0, 0, 0,
    0, 0, 0, 0, 0, 0, 0, 0,
    0, 0, 0, 0, 0, 0, 0, 0,
    0, 0, 0, 0, 0, 0, 0, 0,
    0, 0, 0, 0, 0, 0, 0, 0,
    0, 0, 0, 0, 0, 0, 0, 0,
    0, 0, 0, 0, 0, 0, 0, 0,
    -5, 0, 0, 0, 0, 0, 0, 0,
    0, 0, 0, 0, 0, 0, 0, 0,
    0, 0, 0, 0, 0, 0, 0, 0,
    0, 0, 0, 0, 0, 0, 0, 0,
    0, 0, 0, 0, 0, 0, 0, 0,
    0, 0, 0, 0, 0, 0, 0, -10,
    0, 0, 0, 0, 0, -19, 0, 0,
    0, 0, -14, 0, 0, 0, 0, 0,
    0, 0, 0, 0, 0, 0, 0, 0,
    0, 0, 0, -19, 0, 0, 0, 0,
    0, 0, 0, 0, 0, 0, 0, 0,
    0, 0, -5, 0, 0, 0, 0, 0,
    0, 0, 0, 0, 0, 0, 0, 0,
    0, 0, 0, 0, 0, 0, 0, -5,
    0, 0, 2, 0, -10, 0, 0, 0,
    0, 0, 0, 0, 0, 0, 0, 0,
    0, 0, 0, 0, 0, 0, 0, 0,
    0, 0, 0, 0, 0, 0, 0, 0,
    0, 0, 0, 0, 0, 0, 0, 0,
    0, 0, 0, 0, 0, 0, -7, 0,
    0, -6, 0, 0, 0, -19, 0, -25,
    -5, -5, -10, -10, -19, -2, 0, -5,
    -5, -7, -7, 0, 0, 0, 0, 0,
    0, 0, 0, 0, 0, 0, 0, -2,
    0, 0, 0, 0, 0, 0, 0, 0,
    0, 0, 0, 0, 0, -4, -7, 0,
    -12, -5, 0, 0, 0, 0, 0, 0,
    0, 0, 0, 0, 0, 0, 0, 0,
    0, 0, 2, -2, 0, 0, -2, 0,
    -10, 0, 0, 0, 0, 0, 0, 0,
    0, 0, 0, 0, 0, 0, 0, 0,
    0, 0, 0, 0, 0, 0, 0, 0,
    0, 0, 0, 0, 0, 0, 0, 0,
    0, 0, 0, 0, 0, 0, 0, 0,
    0, 0, 0, 0, 0, 0, 0, 0,
    0, 0, -2, -5, -2, -10, -2, 0,
    -5, 0, -5, -5, 0, 0, 0, 0,
    0, 0, 0, 0, 0, 0, 0, 0,
    0, 0, 0, 0, 0, 0, 0, 0,
    0, 0, 0, 0, 0, 0, 0, 0,
    0, -4, -2, 0, 0, 0, 0, 0,
    0, -5, -5, -5, 0, 0, 0, 0,
    0, 0, 0, 0, -7, -2, 0, -2,
    0, -5, -10, 0, -7, 0, 0, 0,
    0, 0, 0, 0, 0, 0, 0, 0,
    0, 0, 0, 0, 0, 0, 0, 0,
    0, 0, 0, 0, 0, 0, 0, 0,
    0, 0, 0, 0, -2, 0, 0, 0,
    0, 0, 0, 0, 0, 0, 0, 0,
    0, 0, -1, 0, 0, 0, 0, -7,
    0, 0, 0, 0, 0, 0, -5, 0,
    0, 0, 0, 0, 0, 0, 0, 0,
    0, 0, 0, 0, 0, 0, 0, 0,
    0, 0, 0, 0, 0, 0, 0, 0,
    0, 0, 0, 0, 0, 0, 0, 0,
    0, 0, 0, 0, 0, 0, 0, 0,
    0, -2, -5, 0, 0, 0, 0, 0,
    -2, 0, -2, -5, 0, -5, 0, 0,
    -7, 0, 0, -5, 0, 0, 0, 0,
    0, 0, 0, 0, 0, 0, 0, 0,
    0, 0, 0, 0, 0, 0, 0, 0,
    0, 0, 0, 0, 0, 0, 0, 0,
    0, 0, 0, 0, 0, 0, 0, 0,
    0, 0, 0, 0, 0, 0, -2, 0,
    0, 0, 0, -5, -5, 0, -2, 0,
    0, 0, -12, 0, 0, 0, 0, 0,
    0, 0, 0, 0, 0, 0, 0, 0,
    0, 0, 0, 0, 0, 0, 0, 0,
    0, 0, 0, 0, 0, 0, 0, 0,
    0, 0, 0, 0, 0, 0, 0, 0,
    0, 0, 0, 0, 0, 0, 0, 0,
    0, 0, 0, 0, 0, -5, 0, -5,
    -2, 0, 0, 0, -10, 0, 0, 0,
    0, 0, 0, 0, 0, 0, 0, 0,
    0, 0, 0, 0, 0, 0, 0, 0,
    0, 0, 0, 0, 0, 0, 0, 0,
    0, 0, 0, 0, 0, 0, 0, 0,
    0, 0, 0, 0, 0, 0, 0, 0,
    2, 0, 0, 0, 0, -24, -10, -14,
    0, 2, -2, 0, -14, 0, 5, -2,
    0, -5, 0, 0, 0, 0, 0, 0,
    0, 0, 0, 0, 0, 0, 0, 0,
    7, 0, 0, 0, 0, 0, 0, 0,
    0, 0, 0, 0, 7, 0, -2, 0,
    0, 0, 0, 0, 0, 0, 0, 0,
    0, 0, 0, 0, -2, 0, 0, 0,
    0, 0, 0, -5, 0, 0, 0, 0,
    -5, 0, 0, 0, 0, 0, 0, 0,
    0, 0, 0, 0, 0, 0, 0, 0,
    0, 0, 0, 0, 0, 0, 0, 0,
    0, 0, 0, 0, 0, 0, 0, 0,
    0, 0, 0, 0, 0, 0, 0, 0,
    0, 0, 0, 0, 0, 0, 0, 0,
    0, 0, 0, -5, 0, 0, 0, 0,
    -5, 0, -14, 0, 0, 0, 0, 0,
    0, 0, 0, 0, 0, 0, 0, 0,
    0, 0, 0, -7, 0, 0, 0, 0,
    0, 0, 0, 0, 0, 0, 0, 0,
    0, 0, -2, 0, 0, 0, 0, 0,
    0, 0, 0, 0, -2, -12, 0, 0,
    0, -17, 0, 0, 0, 0, 0, 0,
    0, -7, 0, 0, -22, 0, 0, -5,
    -12, 0, -5, -7, -5, -8, -4, -22,
    -4, -25, 0, -17, -2, -25, 0, 0,
    -4, -10, 0, -5, -5, -14, -5, -14,
    -7, -2, 0, -4, -7, -17, 0, 0,
    0, 0, -14, 0, 0, 0, 0, 0,
    0, 0, 0, 0, 0, 0, 0, -4,
    0, 0, 0, 0, 0, 0, -10, 0,
    0, -5, -7, -4, -2, -2, -5, 0,
    0, -10, 0, -7, 0, -10, 0, -7,
    0, -2, 0, -5, -2, -2, -2, -5,
    -3, -7, -10, -5, 0, 0, -2, 0,
    0, 0, 0, 0, 0, 0, 0, 0,
    0, 0, 0, 0, 0, 0, 0, 0,
    0, -6, 0, 0, 0, 0, 0, 0,
    -4, 0, 0, 0, 0, -6, 0, 0,
    0, 0, -2, -4, 0, -5, -5, -5,
    0, -5, 0, -1, -2, -5, 0, -2,
    -2, -2, -2, -2, -7, -2, 0, -2,
    0, 0, 0, 0, 0, 0, -2, 0,
    0, 0, 0, 0, 0, 0, -5, -2,
    0, -5, 0, -7, 0, 0, -2, 0,
    0, 0, -10, 0, 0, -2, -5, -7,
    3, 0, 3, -3, -2, -10, 0, -7,
    -7, -10, -2, -7, 0, 2, 3, -2,
    -5, 0, 0, -6, 0, -4, -5, 0,
    0, -2, 0, -2, 0, 0, 0, -2,
    -6, 0, 0, 0, 0, 0, 0, 0,
    0, 0, 0, 0, 0, 0, 0, 0,
    0, 0, 0, 0, 0, 0, 0, -2,
    -5, 0, -2, 0, -2, 0, 0, 0,
    0, 4, 0, -5, 0, 4, 0, -2,
    -5, -7, -2, 0, 0, -10, 0, -5,
    -7, 0, 0, 0, 0, 0, 0, 0,
    0, 0, -10, 0, 0, 0, 0, 0,
    0, 0, 0, 0, 0, -19, 0, -19,
    0, 0, 0, 0, 0, 0, 0, 0,
    0, -7, -5, -19, -5, 0, -5, -14,
    -7, 0, 0, 0, -5, -5, -5, 0,
    0, -5, -7, -2, -7, -5, -7, -10,
    -7, -10, -12, -7, 0, -7, 0, 0,
    0, 0, 0, 0, -10, 0, 0, 0,
    0, 0, 0, 0, 0, 0, 0, 0,
    0, 0, 0, 0, 0, 0, 0, 0,
    -5, 0, 0, 0, 0, 0, 0, 0,
    0, 0, 0, -5, 0, -7, -2, -5,
    0, -7, 0, 3, 2, -2, 0, 0,
    0, -2, 0, -1, -2, 1, 0, 0,
    0, 0, 0, 0, 0, 0, -2, 0,
    0, 0, 0, 0, 0, 0, 0, 0,
    0, 0, 0, -2, 0, 0, 0, 0,
    0, 0, -10, 0, 0, 0, -2, -2,
    -5, -3, -5, -5, 0, -10, 4, -5,
    -2, -5, 0, -5, 0, -2, -2, -11,
    -2, -2, 1, -10, -5, -2, -12, -2,
    0, 0, -3, 0, 0, 0, 0, 0,
    -10, 0, 0, 0, 0, 0, 0, 0,
    0, 0, 0, 0, 0, -4, 0, 0,
    0, 0, 0, 0, 0, 0, 0, 0,
    0, -4, 4, 0, 4, -7, 0, 0,
    0, 0, -5, -5, 0, 0, 0, 0,
    -1, -5, -1, 0, 0, -5, 0, -5,
    -7, -5, 0, 0, 0, 0, 0, 0,
    0, 0, -5, 0, 0, 0, 0, 0,
    0, 0, 0, -2, 0, 0, 0, 0,
    0, 0, 0, 0, 0, 0, -1, 0,
    0, -5, -5, 0, -2, -10, -2, -7,
    -5, -1, -5, -2, 0, 0, -2, -2,
    0, -2, -11, -12, -2, 0, -5, -12,
    -7, -7, -7, 0, 0, -5, -10, -2,
    0, 0, 0, 0, -12, 0, 0, 0,
    -5, -24, 0, 0, 0, -29, 0, -2,
    0, -5, 0, 0, 0, 0, 0, 0,
    -34, 0, 0, -5, -19, -5, -12, -12,
    -12, -14, -7, -34, -12, -38, 0, -38,
    -5, -38, 0, 0, -9, -14, -5, -10,
    0, -19, -10, -19, -12, -5, 0, -7,
    -12, -29, 0, 0, 0, 0, -19, 0,
    0, 0, -2, 0, 0, 0, 0, 0,
    0, -26, -7, -17, 0, 0, 0, 0,
    0, 0, 0, 0, 0, -5, -5, -17,
    -5, -2, -5, -19, 0, 0, 0, -10,
    -10, -10, -5, -10, 0, -5, -7, 0,
    0, 0, -2, 0, -7, -5, -10, -7,
    0, 0, -2, 0, 0, 0, 0, 0,
    0, 0, 0, 0, 0, 0, 0, 0,
    0, 0, 0, 0, 0, -2, 0, 0,
    0, 0, 0, 0, -5, 0, 0, -2,
    -5, -2, 0, -4, 0, 0, -4, -5,
    0, -12, 0, -5, 0, -12, 0, -1,
    -3, -7, -1, 0, 0, -7, -2, -5,
    -5, 0, 0, -4, -4, 0, 0, 0,
    0, 0, -7, 0, 0, 0, 0, 2,
    0, -7, 0, 2, 0, -24, -10, -22,
    0, 0, 0, 0, -7, 0, 2, 0,
    0, -14, -5, -22, -7, -10, -7, -29,
    -10, 2, 0, -2, -1, 2, 0, -2,
    5, -17, -19, -10, -10, -5, -12, -10,
    -17, -12, -14, -12, 0, -10, -10, 2,
    -14, -14, 0, 0, -10, 0, 1, 1,
    -7, 0, 0, -6, 0, 0, 0, -19,
    0, -25, -5, -5, -10, -10, -19, -2,
    0, -5, -5, -7, -7, -25, -5, -7,
    -5, -19, -4, 0, 0, -2, -2, 0,
    -2, -2, 0, -11, -10, -12, -10, -7,
    -7, -10, -12, -10, -14, -8, 0, -4,
    -7, 0, -12, -5, 0, 0, -10, 0,
    0, 0, 0, 0, 0, 0, 0, 0,
    -5, 0, 0, -17, 0, 0, 0, 0,
    0, 0, 2, 0, 0, 0, 0, -17,
    -5, -10, -5, -29, 0, 2, -5, 0,
    0, 5, -2, 0, 0, -14, -17, -12,
    -10, -5, -14, -14, -14, -10, -14, -17,
    0, 0, -10, 0, 0, 0, 0, -5,
    -14, 0, 0, 0, 0, 0, 0, 0,
    0, 0, 0, 0, -5, -5, 0, 0,
    0, 0, 0, 0, 0, 0, 0, 0,
    -5, -5, 0, -5, 0, -7, 0, 0,
    0, -2, -2, -2, 0, -2, 0, -2,
    -8, -10, -4, -1, -2, -7, -5, -7,
    -10, -5, 0, 0, -5, 0, 0, 0,
    0, 0, -7, 0, 0, 0, 0, 0,
    0, 0, 0, 0, 0, 0, 0, 0,
    0, 0, 0, 0, 0, 0, 5, 0,
    0, 0, 0, 0, 0, 0, 0, 0,
    0, 5, 0, 0, 0, 0, 0, 0,
    0, 0, 0, 0, 7, 0, 0, 0,
    0, 0, 0, 0, 0, 0, 0, 0,
    0, 0, 0, 0, 0, 0, 0, 0,
    -2, -12, 0, 0, 0, -17, 0, 0,
    0, 0, 0, 0, 0, -7, 0, 0,
    -22, 0, 0, -5, -12, 0, 0, 0,
    0, 0, 0, 0, 0, 0, 0, 0,
    0, -25, 0, 0, 0, 0, 0, 0,
    0, 0, 0, 0, 0, 0, 0, -4,
    -7, 0, 0, 0, 0, 0, 0, 0,
    0, 0, 0, 0, 0, 0, 0, -5,
    0, 5, 0, 0, 0, 0, 0, 0,
    0, 0, 0, 0, 0, 0, -5, 0,
    -2, 0, -2, 0, 0, 0, 0, 0,
    0, 0, 0, 0, 0, 0, -1, -3,
    1, -2, -1, -12, -2, -6, -6, -2,
    0, 0, 0, -5, 0, 0, 0, 0,
    -12, 0, 0, 0, 0, -2, 0, 0,
    0, -5, 0, 0, 0, -2, 0, 0,
    0, 0, 0, 0, -17, 0, 0, 0,
    -10, -2, -2, 0, -2, 0, 0, -17,
    0, -12, -5, -12, 0, -12, 0, 1,
    -2, -7, -2, -1, -2, -7, -2, -6,
    -12, -6, 0, 0, 0, -5, 0, 0,
    0, 0, -7, 0, 0, 0, 0, 0,
    0, 0, 0, 2, 0, -14, -7, -9,
    0, 0, 0, 0, 0, 0, 0, 0,
    0, -7, 0, -9, -10, 0, -10, 0,
    0, 0, 0, 0, 0, 0, 0, 0,
    2, -7, -11, -13, -10, -5, -7, -10,
    0, -10, -10, -2, 0, 0, 0, 2,
    0, 0, 0, 0, -10, 2, 0, 0,
    0, 0, 0, 0, 0, 0, 0, 0,
    0, 0, 0, 0, 0, 0, 0, 0,
    -14, 0, 0, 0, -5, 0, -4, 0,
    -4, 0, 0, -14, 0, -5, 0, -5,
    0, -5, 0, 0, -2, -6, 0, 0,
    0, -7, 0, -5, -4, -2, 0, 0,
    0, 0, 0, 0, 0, 0, -7, 0,
    0, 0, 0, 0, 0, 0, 0, -5,
    0, 0, 0, 0, 0, 0, 0, 0,
    0, 0, -10, 0, 0, 0, -5, 0,
    -1, 0, -1, 0, 0, -10, 0, -5,
    -2, -10, 0, -5, 0, -2, -3, -8,
    -7, -4, -5, -10, -4, -8, -12, -5,
    0, 0, 0, -5, 0, 0, 0, 0,
    -10, 0, 0, 0, -5, 0, 0, 0,
    0, -5, 0, -5, -17, 0, 0, 0,
    0, 0, 0, 0, -5, 0, 0, -10,
    -7, 0, -12, -2, -12, 0, 0, -5,
    0, 0, 0, 0, 0, 0, 0, -11,
    -12, -14, -6, -8, -10, -13, -5, -17,
    -10, -7, 0, 0, -2, -5, 0, 0,
    0, 0, -13, 0, 0, 0, 0, 0,
    0, 0, 0, 0, 0, -14, -10, -7,
    0, 0, 0, 0, 0, 0, -10, 0,
    0, -12, 0, -7, -7, 0, -7, 0,
    0, -10, 0, 0, 0, 0, 0, 0,
    0, -10, -10, -14, -10, -7, -10, -12,
    -5, -6, -17, -7, 0, 0, 0, 0,
    -10, 0, 0, 0, -12, 0, 0, 0,
    0, 0, 0, 0, 0, 0, 0, 6,
    -7, 2, 0, 0, 0, 0, 0, 0,
    0, 0, 0, 0, 0, 2, -4, 0,
    -4, 0, 0, 0, 0, -2, 0, 0,
    7, -2, 0, -2, -4, -8, -2, 0,
    1, -10, -1, -2, -7, 0, 0, 0,
    0, 0, 0, 0, 0, 0, -10, 0,
    0, 0, 0, 0, 0, 0, 0, 0,
    0, -14, -2, -12, 0, 0, 0, 0,
    0, 0, -10, 0, 0, -5, 0, -12,
    -2, -4, -2, -10, 0, -10, 0, 0,
    0, 0, 0, 0, 0, -5, -6, -2,
    -4, -2, -6, -6, -5, 0, -12, -5,
    0, 0, -4, 0, 0, 0, 0, 0,
    -6, 0, 0, 0, 0, 0, 0, 0,
    0, 0, 0, 0, 0, 0, 0, 0,
    0, 0, 0, 0, 0, 0, 0, -5,
    -2, 0, -2, 0, -2, 0, 0, 0,
    0, -7, -2, 0, 0, -7, 0, -4,
    -7, -5, -5, -6, -5, -7, -5, -6,
    -12, -4, 0, 0, 0, 0, 0, 0,
    0, 0, -7, 0, 0, 0, 0, 0,
    0, 0, 0, 0, 0, 0, 0, 0,
    0, 0, 0, 0, 0, 0, 2, 0,
    0, 0, 0, 0, 0, 0, 0, 0,
    0, 2, 0, 0, 0, 0, 0, 0,
    0, 0, 0, 0, 0, 0, 0, 0,
    0, 0, 0, 0, 0, 0, 0, 0,
    0, 0, 0, 0, 0, 0, 0, 0,
    0, 0, 0, 0, 0, 0, 0, 0,
    0, 0, 0, 0, 0, 0, 0, 0,
    0, 0, 0, 0, 0, 0, 0, 0,
    0, 0, 0, 0, 0, -10, 0, 0,
    0, -10, 0, 0, 0, -2, 0, 0,
    0, -4, 0, 0, 0, 0, 0, 0,
    0, 0, 0, 0, 0, 0, -4, 0,
    0, 0, 0, 0, 0, 0, 0, 0,
    0, 0, 0, 0, 0, 0, 0, 0,
    0, 0, -5, 0, 0, 0, 0, 0,
    0, 0, 0, 0, 0, -5, 0, 0,
    0, 0, 0, 0, 0, 0, 0, 0,
    0, 0, 0, 0, 0, 0, 0, 0,
    0, 0, 0, 0, 0, 0, 0, 0,
    0, 0, 0, 0, 0, 0, 0, 0,
    -5, -2, 0, -5, 0, -7, 0, 0,
    -2, 0, 0, 0, -10, 0, 0, -2,
    -5, 0, 0, 0, 0, 0, 0, 0,
    0, 0, 0, 0, 0, -7, 0, 0,
    0, 0, 0, 0, 0, 0, 0, 0,
    0, 0, 0, -2, 0, 0, 0, 0,
    0, 0, 0, 0, 0, 0, 0, 0,
    0, 0, 0, 0, 0, -10, 0, -17,
    0, 0, 0, 0, 0, 0, 2, 0,
    0, 0, 0, -17, 0, 0, 0, 0,
    0, 2, 0, 0, 0, 0, 0, 0,
    0, 0, 0, 0, 0, 0, 0, 0,
    0, 0, 0, 0, 0, 0, 0, 0,
    0, 0, 0, 0, 0, 0, 0, 0,
    0, 0, 0, 0, 0, 0, 0, 0,
    0, 0, 0, 0, 0, 0, 0, 0,
    -14, 0, 0, 0, 0, 0, 0, 0,
    0, 0, 0, 0, 0, 0, 0, 0,
    0, -10, 0, 0, 0, 0, 0, 0,
    0, 0, 0, 0, 0, 0, 0, 0,
    0, 0, 0, 0, 0, 0, 0, 0,
    0, 0, 0, 0, 0, 0, 0, 0,
    0, 0, 0, 0, 0, 0, 0, 0,
    0, 0, -14, 0, 0, 0, 0, 0,
    0, 0, 0, -2, 0, -14, 0, -12,
    0, 0, 0, -12, 0, 0, 0, 0,
    0, 0, 0, 0, 0, 0, 0, 0,
    0, 0, 0, 0, 0, 0, 0, 0,
    0, 0, 0, 0, 0, -10, 0, 0,
    0, 0, 0, 0, 0, 0, 0, -14,
    0, 0, 0, 0, -19, 0, 0, 0,
    0, 0, 0, 0, 0, 0, 0, 0,
    0, 0, 0, 0, 0, -24, 0, 0,
    0, 0, 0, 0, 0, 0, 0, 0,
    0, 0, 0, 0, -12, 0, 0, 0,
    0, 0, 0, 0, 0, 0, 0, 0,
    0, 0, 0, 5, 0, 0, 0, 0,
    0, 0, 0, 0, 0, 0, 0, 0,
    0, 0, 0, 0, 0, 0, 0, 0,
    0, 0, 0, 0, 0, 0, 0, 0,
    0, -2, -5, -3, -2, -1, 0, -2,
    0, -1, -3, 0, 0, 0, 0, 5,
    0, 0, 0, 0, -2, 0, 0, 7,
    0, 0, 0, 0, 0, 0, 0, 0,
    0, 0, 0, 0, 0, 0, 0, 0,
    -7, 0, 0, 0, 0, 0, 0, 0,
    0, 0, 0, -7, 0, -10, 0, -7,
    0, -10, 0, 0, 0, 0, 0, 0,
    0, 0, 0, 0, 0, 0, 0, 0,
    0, 0, 0, 0, 0, 0, 0, 0,
    0, 0, 0, 0, 0, 0, 12, 0,
    0, 0, 0, -4, 0, 0, 0, 0,
    0, 0, 6, 0, 0, 0, 0, -4,
    4, 0, 4, -7, 0, 6, 0, 2,
    3, 8, 2, 2, 12, 0, -2, -5,
    -1, 0, -2, -4, 0, -2, -7, -3,
    10, 0, 0, 0, 0, 0, 0, 0,
    -4, 0, 0, 0, 0, 0, 0, 0,
    0, 0, 0, 0, 0, 0, 0, 0,
    0, 0, 0, 0, 0, 0, 0, 0,
    0, 0, 0, 0, 0, -29, 0, 0,
    0, 0, 0, 0, 0, 0, 0, 0,
    0, 0, 0, 0, 0, 0, 0, 0,
    0, 0, 0, 0, 0, 0, 0, 0,
    0, 0, 0, 0, 0, 0, 0, 0,
    0, 0, 0, 0, 0, 0, 0, 0,
    0, 2, 0, 0, 0, 0, 0, 0,
    0, 0, 0, 0, 0, 0, 0, 0,
    0, 0, 0, 0, 0, 0, 0, 0,
    0, 0, 0, 0, 0, 0, 0, 0,
    0, 0, 0, 0, 0, 0, 0, 0,
    0, 0, 0, 0, 0, 0, 0, 0,
    0, 0, 0, 0, 0, 0, 0, 0,
    0, 0, 0, 0, 0, 0, 0, 0,
    0, 0, 0, 0, 0, 0, 0, 0,
    0, -2, 0, 0, 0, 0, 0, 0,
    0, 0, 0, 0, 0, 0, 0, 0,
    0, 0, 0, 0, 0, 0, 0, 0,
    0, 0, 0, 0, 0, 0, 0, 0,
    0, 0
};


/*Collect the kern class' data in one place*/
static const lv_font_fmt_txt_kern_classes_t kern_classes =
{
    .class_pair_values   = kern_class_values,
    .left_class_mapping  = kern_left_class_mapping,
    .right_class_mapping = kern_right_class_mapping,
    .left_class_cnt      = 61,
    .right_class_cnt     = 58,
};

/*--------------------
 *  ALL CUSTOM DATA
 *--------------------*/

#if LVGL_VERSION_MAJOR == 8
/*Store all the custom data of the font*/
static  lv_font_fmt_txt_glyph_cache_t cache;
#endif

#if LVGL_VERSION_MAJOR >= 8
static const lv_font_fmt_txt_dsc_t font_dsc = {
#else
static lv_font_fmt_txt_dsc_t font_dsc = {
#endif
    .glyph_bitmap = glyph_bitmap,
    .glyph_dsc = glyph_dsc,
    .cmaps = cmaps,
    .kern_dsc = &kern_classes,
    .kern_scale = 16,
    .cmap_num = 10,
    .bpp = 4,
    .kern_classes = 1,
    .bitmap_format = 0,
#if LVGL_VERSION_MAJOR == 8
    .cache = &cache
#endif
};



/*-----------------
 *  PUBLIC FONT
 *----------------*/

/*Initialize a public general font descriptor*/
#if LVGL_VERSION_MAJOR >= 8
const lv_font_t geist_c3_reg_15 = {
#else
lv_font_t geist_c3_reg_15 = {
#endif
    .get_glyph_dsc = lv_font_get_glyph_dsc_fmt_txt,    /*Function pointer to get glyph's data*/
    .get_glyph_bitmap = lv_font_get_bitmap_fmt_txt,    /*Function pointer to get glyph's bitmap*/
    .line_height = 21,          /*The maximum line height required by the font*/
    .base_line = 4,             /*Baseline measured from the bottom of the line*/
#if !(LVGL_VERSION_MAJOR == 6 && LVGL_VERSION_MINOR == 0)
    .subpx = LV_FONT_SUBPX_NONE,
#endif
#if LV_VERSION_CHECK(7, 4, 0) || LVGL_VERSION_MAJOR >= 8
    .underline_position = -1,
    .underline_thickness = 1,
#endif
    .dsc = &font_dsc,          /*The custom font data. Will be accessed by `get_glyph_bitmap/dsc` */
#if LV_VERSION_CHECK(8, 2, 0) || LVGL_VERSION_MAJOR >= 9
    .fallback = NULL,
#endif
    .user_data = NULL,
};



#endif /*#if GEIST_C3_REG_15*/

